timestamp,participant_id,condition,event_type,modality,step_id,step_title,step_state,step_attempt,step_event_index,tool_id,tool_name,part_elapsed_s,step_elapsed_s,head_translation_m,head_rotation_deg,left_hand_translation_m,right_hand_translation_m,total_hand_translation_m,left_hover_time_s,right_hover_time_s,any_hover_time_s,hover_time_percent,left_hover_episodes,right_hover_episodes,left_hover_translation_m,right_hover_translation_m,total_hover_translation_m,correct,transcript,vlm_prediction,vlm_raw,graph_decision,spoken_response,state_json
2026-09-02T21:41:28.340-04:00,austin,gesture,step_started,keyboard,r1_bearing_right,Row 1.1: bearing into right stand,ready,1,1,,,,,,,,,,,,,,,,,,,,,,,,,"{""acquired_tool_ids"": [], ""acquisition_complete"": false, ""completed_steps"": [], ""head_rotation_deg"": null, ""head_translation_m"": null, ""left_hand_translation_m"": null, ""removed_tool_ids"": [], ""right_hand_translation_m"": null, ""selected_step"": ""r1_bearing_right"", ""step_attempt"": 1, ""step_elapsed_s"": 4.9012014642357826e-05, ""step_event_index"": 1, ""total_hand_translation_m"": null, ""trial_finished_elapsed_s"": null, ""trial_recording"": true, ""trial_required_tool_ids"": [19, 34]}"
2026-09-02T21:41:28.724-04:00,austin,gesture,hover,hover,r1_bearing_right,Row 1.1: bearing into right stand,ready,1,2,24,GEAR_STAND_ROW4_LEFT,,,,,,,,,,,,,,,,,,,,,,,"{""acquired_tool_ids"": [], ""acquisition_complete"": false, ""completed_steps"": [], ""head_rotation_deg"": null, ""head_translation_m"": null, ""left_hand_translation_m"": null, ""removed_tool_ids"": [], ""right_hand_translation_m"": null, ""selected_step"": ""r1_bearing_right"", ""step_attempt"": 1, ""step_elapsed_s"": 0.3842608960112557, ""step_event_index"": 2, ""total_hand_translation_m"": null, ""trial_finished_elapsed_s"": null, ""trial_recording"": true, ""trial_required_tool_ids"": [19, 34]}"
2026-09-02T21:41:28.792-04:00,austin,gesture,hover,hover,r1_bearing_right,Row 1.1: bearing into right stand,ready,1,3,25,GEAR_STAND_ROW4_RIGHT,,,,,,,,,,,,,,,,,,,,,,,"{""acquired_tool_ids"": [], ""acquisition_complete"": false, ""completed_steps"": [], ""head_rotation_deg"": null, ""head_translation_m"": null, ""left_hand_translation_m"": null, ""removed_tool_ids"": [], ""right_hand_translation_m"": null, ""selected_step"": ""r1_bearing_right"", ""step_attempt"": 1, ""step_elapsed_s"": 0.4521858170046471, ""step_event_index"": 3, ""total_hand_translation_m"": null, ""trial_finished_elapsed_s"": null, ""trial_recording"": true, ""trial_required_tool_ids"": [19, 34]}"
2026-09-02T21:41:28.870-04:00,austin,gesture,hover,hover,r1_bearing_right,Row 1.1: bearing into right stand,ready,1,4,23,GEAR_STAND_ROW3_RIGHT,,,,,,,,,,,,,,,,,,,,,,,"{""acquired_tool_ids"": [], ""acquisition_complete"": false, ""completed_steps"": [], ""head_rotation_deg"": null, ""head_translation_m"": null, ""left_hand_translation_m"": null, ""removed_tool_ids"": [], ""right_hand_translation_m"": null, ""selected_step"": ""r1_bearing_right"", ""step_attempt"": 1, ""step_elapsed_s"": 0.5299149259808473, ""step_event_index"": 4, ""total_hand_translation_m"": null, ""trial_finished_elapsed_s"": null, ""trial_recording"": true, ""trial_required_tool_ids"": [19, 34]}"
2026-09-02T21:41:28.936-04:00,austin,gesture,hover,hover,r1_bearing_right,Row 1.1: bearing into right stand,ready,1,5,20,GEAR_STAND_ROW2_LEFT,,,,,,,,,,,,,,,,,,,,,,,"{""acquired_tool_ids"": [], ""acquisition_complete"": false, ""completed_steps"": [], ""head_rotation_deg"": null, ""head_translation_m"": null, ""left_hand_translation_m"": null, ""removed_tool_ids"": [], ""right_hand_translation_m"": null, ""selected_step"": ""r1_bearing_right"", ""step_attempt"": 1, ""step_elapsed_s"": 0.5959555599838495, ""step_event_index"": 5, ""total_hand_translation_m"": null, ""trial_finished_elapsed_s"": null, ""trial_recording"": true, ""trial_required_tool_ids"": [19, 34]}"
2026-09-02T21:41:28.969-04:00,austin,gesture,hover,hover,r1_bearing_right,Row 1.1: bearing into right stand,ready,1,6,18,GEAR_STAND_ROW1_LEFT,,,,,,,,,,,,,,,,,,,,,,,"{""acquired_tool_ids"": [], ""acquisition_complete"": false, ""completed_steps"": [], ""head_rotation_deg"": null, ""head_translation_m"": null, ""left_hand_translation_m"": null, ""removed_tool_ids"": [], ""right_hand_translation_m"": null, ""selected_step"": ""r1_bearing_right"", ""step_attempt"": 1, ""step_elapsed_s"": 0.6296507919905707, ""step_event_index"": 6, ""total_hand_translation_m"": null, ""trial_finished_elapsed_s"": null, ""trial_recording"": true, ""trial_required_tool_ids"": [19, 34]}"
2026-09-02T21:41:29.068-04:00,austin,gesture,hover,hover,r1_bearing_right,Row 1.1: bearing into right stand,ready,1,7,19,GEAR_STAND_ROW1_RIGHT,,,,,,,,,,,,,,,,,,,,,,,"{""acquired_tool_ids"": [], ""acquisition_complete"": false, ""completed_steps"": [], ""head_rotation_deg"": null, ""head_translation_m"": null, ""left_hand_translation_m"": null, ""removed_tool_ids"": [], ""right_hand_translation_m"": null, ""selected_step"": ""r1_bearing_right"", ""step_attempt"": 1, ""step_elapsed_s"": 0.7280131200095639, ""step_event_index"": 7, ""total_hand_translation_m"": null, ""trial_finished_elapsed_s"": null, ""trial_recording"": true, ""trial_required_tool_ids"": [19, 34]}"
2026-09-02T21:41:30.038-04:00,austin,gesture,hover,hover,r1_bearing_right,Row 1.1: bearing into right stand,ready,1,8,21,GEAR_STAND_ROW2_RIGHT,,,,,,,,,,,,,,,,,,,,,,,"{""acquired_tool_ids"": [], ""acquisition_complete"": false, ""completed_steps"": [], ""head_rotation_deg"": null, ""head_translation_m"": null, ""left_hand_translation_m"": null, ""removed_tool_ids"": [], ""right_hand_translation_m"": null, ""selected_step"": ""r1_bearing_right"", ""step_attempt"": 1, ""step_elapsed_s"": 1.6983647560118698, ""step_event_index"": 8, ""total_hand_translation_m"": null, ""trial_finished_elapsed_s"": null, ""trial_recording"": true, ""trial_required_tool_ids"": [19, 34]}"
2026-09-02T21:41:31.806-04:00,austin,gesture,hover,hover,r1_bearing_right,Row 1.1: bearing into right stand,ready,1,9,19,GEAR_STAND_ROW1_RIGHT,,,,,,,,,,,,,,,,,,,,,,,"{""acquired_tool_ids"": [], ""acquisition_complete"": false, ""completed_steps"": [], ""head_rotation_deg"": null, ""head_translation_m"": null, ""left_hand_translation_m"": null, ""removed_tool_ids"": [], ""right_hand_translation_m"": null, ""selected_step"": ""r1_bearing_right"", ""step_attempt"": 1, ""step_elapsed_s"": 3.4659074189839885, ""step_event_index"": 9, ""total_hand_translation_m"": null, ""trial_finished_elapsed_s"": null, ""trial_recording"": true, ""trial_required_tool_ids"": [19, 34]}"
2026-09-02T21:41:34.539-04:00,austin,gesture,hover,hover,r1_bearing_right,Row 1.1: bearing into right stand,ready,1,10,19,GEAR_STAND_ROW1_RIGHT,,,,,,,,,,,,,,,,,,,,,,,"{""acquired_tool_ids"": [], ""acquisition_complete"": false, ""completed_steps"": [], ""head_rotation_deg"": null, ""head_translation_m"": null, ""left_hand_translation_m"": null, ""removed_tool_ids"": [], ""right_hand_translation_m"": null, ""selected_step"": ""r1_bearing_right"", ""step_attempt"": 1, ""step_elapsed_s"": 6.1993049290031195, ""step_event_index"": 10, ""total_hand_translation_m"": null, ""trial_finished_elapsed_s"": null, ""trial_recording"": true, ""trial_required_tool_ids"": [19, 34]}"
2026-09-02T21:41:35.690-04:00,austin,gesture,part_selection,click,r1_bearing_right,Row 1.1: bearing into right stand,ready,1,11,19,GEAR_STAND_ROW1_RIGHT,7.350619,7.350619,,,,,,,,,,,,,,,1,,,,,,"{""acquired_tool_ids"": [19], ""acquisition_complete"": false, ""completed_steps"": [], ""head_rotation_deg"": null, ""head_translation_m"": null, ""left_hand_translation_m"": null, ""removed_tool_ids"": [], ""right_hand_translation_m"": null, ""selected_step"": ""r1_bearing_right"", ""step_attempt"": 1, ""step_elapsed_s"": 7.350658733979799, ""step_event_index"": 11, ""total_hand_translation_m"": null, ""trial_finished_elapsed_s"": null, ""trial_recording"": true, ""trial_required_tool_ids"": [19, 34]}"
2026-09-02T21:41:35.848-04:00,austin,gesture,object_acquired,click,r1_bearing_right,Row 1.1: bearing into right stand,ready,1,12,19,GEAR_STAND_ROW1_RIGHT,7.350619,7.350619,,,,,,,,,,,,,,,1,,,,,,"{""acquired_tool_ids"": [19], ""acquisition_complete"": false, ""completed_steps"": [], ""head_rotation_deg"": null, ""head_translation_m"": null, ""left_hand_translation_m"": null, ""removed_tool_ids"": [], ""right_hand_translation_m"": null, ""selected_step"": ""r1_bearing_right"", ""step_attempt"": 1, ""step_elapsed_s"": 7.507836606004275, ""step_event_index"": 12, ""total_hand_translation_m"": null, ""trial_finished_elapsed_s"": null, ""trial_recording"": true, ""trial_required_tool_ids"": [19, 34]}"
2026-09-02T21:41:39.408-04:00,austin,gesture,hover,hover,r1_bearing_right,Row 1.1: bearing into right stand,ready,1,13,6,THREAD_CHECKER,,,,,,,,,,,,,,,,,,,,,,,"{""acquired_tool_ids"": [19], ""acquisition_complete"": false, ""completed_steps"": [], ""head_rotation_deg"": null, ""head_translation_m"": null, ""left_hand_translation_m"": null, ""removed_tool_ids"": [], ""right_hand_translation_m"": null, ""selected_step"": ""r1_bearing_right"", ""step_attempt"": 1, ""step_elapsed_s"": 11.068328341993038, ""step_event_index"": 13, ""total_hand_translation_m"": null, ""trial_finished_elapsed_s"": null, ""trial_recording"": true, ""trial_required_tool_ids"": [19, 34]}"
2026-09-02T21:41:41.129-04:00,austin,gesture,hover,hover,r1_bearing_right,Row 1.1: bearing into right stand,ready,1,14,18,GEAR_STAND_ROW1_LEFT,,,,,,,,,,,,,,,,,,,,,,,"{""acquired_tool_ids"": [19], ""acquisition_complete"": false, ""completed_steps"": [], ""head_rotation_deg"": null, ""head_translation_m"": null, ""left_hand_translation_m"": null, ""removed_tool_ids"": [], ""right_hand_translation_m"": null, ""selected_step"": ""r1_bearing_right"", ""step_attempt"": 1, ""step_elapsed_s"": 12.78923123300774, ""step_event_index"": 14, ""total_hand_translation_m"": null, ""trial_finished_elapsed_s"": null, ""trial_recording"": true, ""trial_required_tool_ids"": [19, 34]}"
2026-09-02T21:41:41.178-04:00,austin,gesture,hover,hover,r1_bearing_right,Row 1.1: bearing into right stand,ready,1,15,21,GEAR_STAND_ROW2_RIGHT,,,,,,,,,,,,,,,,,,,,,,,"{""acquired_tool_ids"": [19], ""acquisition_complete"": false, ""completed_steps"": [], ""head_rotation_deg"": null, ""head_translation_m"": null, ""left_hand_translation_m"": null, ""removed_tool_ids"": [], ""right_hand_translation_m"": null, ""selected_step"": ""r1_bearing_right"", ""step_attempt"": 1, ""step_elapsed_s"": 12.83830995898461, ""step_event_index"": 15, ""total_hand_translation_m"": null, ""trial_finished_elapsed_s"": null, ""trial_recording"": true, ""trial_required_tool_ids"": [19, 34]}"
2026-09-02T21:41:41.793-04:00,austin,gesture,hover,hover,r1_bearing_right,Row 1.1: bearing into right stand,ready,1,16,18,GEAR_STAND_ROW1_LEFT,,,,,,,,,,,,,,,,,,,,,,,"{""acquired_tool_ids"": [19], ""acquisition_complete"": false, ""completed_steps"": [], ""head_rotation_deg"": null, ""head_translation_m"": null, ""left_hand_translation_m"": null, ""removed_tool_ids"": [], ""right_hand_translation_m"": null, ""selected_step"": ""r1_bearing_right"", ""step_attempt"": 1, ""step_elapsed_s"": 13.453631249023601, ""step_event_index"": 16, ""total_hand_translation_m"": null, ""trial_finished_elapsed_s"": null, ""trial_recording"": true, ""trial_required_tool_ids"": [19, 34]}"
2026-09-02T21:41:42.894-04:00,austin,gesture,hover,hover,r1_bearing_right,Row 1.1: bearing into right stand,ready,1,17,6,THREAD_CHECKER,,,,,,,,,,,,,,,,,,,,,,,"{""acquired_tool_ids"": [19], ""acquisition_complete"": false, ""completed_steps"": [], ""head_rotation_deg"": null, ""head_translation_m"": null, ""left_hand_translation_m"": null, ""removed_tool_ids"": [], ""right_hand_translation_m"": null, ""selected_step"": ""r1_bearing_right"", ""step_attempt"": 1, ""step_elapsed_s"": 14.553795718995389, ""step_event_index"": 17, ""total_hand_translation_m"": null, ""trial_finished_elapsed_s"": null, ""trial_recording"": true, ""trial_required_tool_ids"": [19, 34]}"
2026-09-02T21:41:44.294-04:00,austin,gesture,hover,hover,r1_bearing_right,Row 1.1: bearing into right stand,ready,1,18,6,THREAD_CHECKER,,,,,,,,,,,,,,,,,,,,,,,"{""acquired_tool_ids"": [19], ""acquisition_complete"": false, ""completed_steps"": [], ""head_rotation_deg"": null, ""head_translation_m"": null, ""left_hand_translation_m"": null, ""removed_tool_ids"": [], ""right_hand_translation_m"": null, ""selected_step"": ""r1_bearing_right"", ""step_attempt"": 1, ""step_elapsed_s"": 15.953932782984339, ""step_event_index"": 18, ""total_hand_translation_m"": null, ""trial_finished_elapsed_s"": null, ""trial_recording"": true, ""trial_required_tool_ids"": [19, 34]}"
2026-09-02T21:41:46.529-04:00,austin,gesture,hover,hover,r1_bearing_right,Row 1.1: bearing into right stand,ready,1,19,6,THREAD_CHECKER,,,,,,,,,,,,,,,,,,,,,,,"{""acquired_tool_ids"": [19], ""acquisition_complete"": false, ""completed_steps"": [], ""head_rotation_deg"": null, ""head_translation_m"": null, ""left_hand_translation_m"": null, ""removed_tool_ids"": [], ""right_hand_translation_m"": null, ""selected_step"": ""r1_bearing_right"", ""step_attempt"": 1, ""step_elapsed_s"": 18.188981109007727, ""step_event_index"": 19, ""total_hand_translation_m"": null, ""trial_finished_elapsed_s"": null, ""trial_recording"": true, ""trial_required_tool_ids"": [19, 34]}"
2026-09-02T21:41:47.179-04:00,austin,gesture,hover,hover,r1_bearing_right,Row 1.1: bearing into right stand,ready,1,20,18,GEAR_STAND_ROW1_LEFT,,,,,,,,,,,,,,,,,,,,,,,"{""acquired_tool_ids"": [19], ""acquisition_complete"": false, ""completed_steps"": [], ""head_rotation_deg"": null, ""head_translation_m"": null, ""left_hand_translation_m"": null, ""removed_tool_ids"": [], ""right_hand_translation_m"": null, ""selected_step"": ""r1_bearing_right"", ""step_attempt"": 1, ""step_elapsed_s"": 18.839632585993968, ""step_event_index"": 20, ""total_hand_translation_m"": null, ""trial_finished_elapsed_s"": null, ""trial_recording"": true, ""trial_required_tool_ids"": [19, 34]}"
2026-09-02T21:41:47.230-04:00,austin,gesture,hover,hover,r1_bearing_right,Row 1.1: bearing into right stand,ready,1,21,19,GEAR_STAND_ROW1_RIGHT,,,,,,,,,,,,,,,,,,,,,,,"{""acquired_tool_ids"": [19], ""acquisition_complete"": false, ""completed_steps"": [], ""head_rotation_deg"": null, ""head_translation_m"": null, ""left_hand_translation_m"": null, ""removed_tool_ids"": [], ""right_hand_translation_m"": null, ""selected_step"": ""r1_bearing_right"", ""step_attempt"": 1, ""step_elapsed_s"": 18.889805270999204, ""step_event_index"": 21, ""total_hand_translation_m"": null, ""trial_finished_elapsed_s"": null, ""trial_recording"": true, ""trial_required_tool_ids"": [19, 34]}"
2026-09-02T21:41:47.398-04:00,austin,gesture,hover,hover,r1_bearing_right,Row 1.1: bearing into right stand,ready,1,22,21,GEAR_STAND_ROW2_RIGHT,,,,,,,,,,,,,,,,,,,,,,,"{""acquired_tool_ids"": [19], ""acquisition_complete"": false, ""completed_steps"": [], ""head_rotation_deg"": null, ""head_translation_m"": null, ""left_hand_translation_m"": null, ""removed_tool_ids"": [], ""right_hand_translation_m"": null, ""selected_step"": ""r1_bearing_right"", ""step_attempt"": 1, ""step_elapsed_s"": 19.058225396031048, ""step_event_index"": 22, ""total_hand_translation_m"": null, ""trial_finished_elapsed_s"": null, ""trial_recording"": true, ""trial_required_tool_ids"": [19, 34]}"
2026-09-02T21:41:47.424-04:00,austin,gesture,hover,hover,r1_bearing_right,Row 1.1: bearing into right stand,ready,1,23,19,GEAR_STAND_ROW1_RIGHT,,,,,,,,,,,,,,,,,,,,,,,"{""acquired_tool_ids"": [19], ""acquisition_complete"": false, ""completed_steps"": [], ""head_rotation_deg"": null, ""head_translation_m"": null, ""left_hand_translation_m"": null, ""removed_tool_ids"": [], ""right_hand_translation_m"": null, ""selected_step"": ""r1_bearing_right"", ""step_attempt"": 1, ""step_elapsed_s"": 19.08405321702594, ""step_event_index"": 23, ""total_hand_translation_m"": null, ""trial_finished_elapsed_s"": null, ""trial_recording"": true, ""trial_required_tool_ids"": [19, 34]}"
2026-09-02T21:41:49.667-04:00,austin,gesture,hover,hover,r1_bearing_right,Row 1.1: bearing into right stand,ready,1,24,21,GEAR_STAND_ROW2_RIGHT,,,,,,,,,,,,,,,,,,,,,,,"{""acquired_tool_ids"": [19], ""acquisition_complete"": false, ""completed_steps"": [], ""head_rotation_deg"": null, ""head_translation_m"": null, ""left_hand_translation_m"": null, ""removed_tool_ids"": [], ""right_hand_translation_m"": null, ""selected_step"": ""r1_bearing_right"", ""step_attempt"": 1, ""step_elapsed_s"": 21.32687186700059, ""step_event_index"": 24, ""total_hand_translation_m"": null, ""trial_finished_elapsed_s"": null, ""trial_recording"": true, ""trial_required_tool_ids"": [19, 34]}"
2026-09-02T21:41:50.814-04:00,austin,gesture,hover,hover,r1_bearing_right,Row 1.1: bearing into right stand,ready,1,25,18,GEAR_STAND_ROW1_LEFT,,,,,,,,,,,,,,,,,,,,,,,"{""acquired_tool_ids"": [19], ""acquisition_complete"": false, ""completed_steps"": [], ""head_rotation_deg"": null, ""head_translation_m"": null, ""left_hand_translation_m"": null, ""removed_tool_ids"": [], ""right_hand_translation_m"": null, ""selected_step"": ""r1_bearing_right"", ""step_attempt"": 1, ""step_elapsed_s"": 22.474543110991362, ""step_event_index"": 25, ""total_hand_translation_m"": null, ""trial_finished_elapsed_s"": null, ""trial_recording"": true, ""trial_required_tool_ids"": [19, 34]}"
2026-09-02T21:41:52.431-04:00,austin,gesture,hover,hover,r1_bearing_right,Row 1.1: bearing into right stand,ready,1,26,9,BIT_WRENCH,,,,,,,,,,,,,,,,,,,,,,,"{""acquired_tool_ids"": [19], ""acquisition_complete"": false, ""completed_steps"": [], ""head_rotation_deg"": null, ""head_translation_m"": null, ""left_hand_translation_m"": null, ""removed_tool_ids"": [], ""right_hand_translation_m"": null, ""selected_step"": ""r1_bearing_right"", ""step_attempt"": 1, ""step_elapsed_s"": 24.091375191987026, ""step_event_index"": 26, ""total_hand_translation_m"": null, ""trial_finished_elapsed_s"": null, ""trial_recording"": true, ""trial_required_tool_ids"": [19, 34]}"
2026-09-02T21:41:52.470-04:00,austin,gesture,hover,hover,r1_bearing_right,Row 1.1: bearing into right stand,ready,1,27,8,BOX_CUTTER,,,,,,,,,,,,,,,,,,,,,,,"{""acquired_tool_ids"": [19], ""acquisition_complete"": false, ""completed_steps"": [], ""head_rotation_deg"": null, ""head_translation_m"": null, ""left_hand_translation_m"": null, ""removed_tool_ids"": [], ""right_hand_translation_m"": null, ""selected_step"": ""r1_bearing_right"", ""step_attempt"": 1, ""step_elapsed_s"": 24.129795197979547, ""step_event_index"": 27, ""total_hand_translation_m"": null, ""trial_finished_elapsed_s"": null, ""trial_recording"": true, ""trial_required_tool_ids"": [19, 34]}"
2026-09-02T21:41:52.518-04:00,austin,gesture,hover,hover,r1_bearing_right,Row 1.1: bearing into right stand,ready,1,28,7,BIT_SCREWDRIVER,,,,,,,,,,,,,,,,,,,,,,,"{""acquired_tool_ids"": [19], ""acquisition_complete"": false, ""completed_steps"": [], ""head_rotation_deg"": null, ""head_translation_m"": null, ""left_hand_translation_m"": null, ""removed_tool_ids"": [], ""right_hand_translation_m"": null, ""selected_step"": ""r1_bearing_right"", ""step_attempt"": 1, ""step_elapsed_s"": 24.1778537480277, ""step_event_index"": 28, ""total_hand_translation_m"": null, ""trial_finished_elapsed_s"": null, ""trial_recording"": true, ""trial_required_tool_ids"": [19, 34]}"
2026-09-02T21:41:53.548-04:00,austin,gesture,hover,hover,r1_bearing_right,Row 1.1: bearing into right stand,ready,1,29,6,THREAD_CHECKER,,,,,,,,,,,,,,,,,,,,,,,"{""acquired_tool_ids"": [19], ""acquisition_complete"": false, ""completed_steps"": [], ""head_rotation_deg"": null, ""head_translation_m"": null, ""left_hand_translation_m"": null, ""removed_tool_ids"": [], ""right_hand_translation_m"": null, ""selected_step"": ""r1_bearing_right"", ""step_attempt"": 1, ""step_elapsed_s"": 25.208485768001992, ""step_event_index"": 29, ""total_hand_translation_m"": null, ""trial_finished_elapsed_s"": null, ""trial_recording"": true, ""trial_required_tool_ids"": [19, 34]}"
2026-09-02T21:41:54.016-04:00,austin,gesture,hover,hover,r1_bearing_right,Row 1.1: bearing into right stand,ready,1,30,25,GEAR_STAND_ROW4_RIGHT,,,,,,,,,,,,,,,,,,,,,,,"{""acquired_tool_ids"": [19], ""acquisition_complete"": false, ""completed_steps"": [], ""head_rotation_deg"": null, ""head_translation_m"": null, ""left_hand_translation_m"": null, ""removed_tool_ids"": [], ""right_hand_translation_m"": null, ""selected_step"": ""r1_bearing_right"", ""step_attempt"": 1, ""step_elapsed_s"": 25.675784446008038, ""step_event_index"": 30, ""total_hand_translation_m"": null, ""trial_finished_elapsed_s"": null, ""trial_recording"": true, ""trial_required_tool_ids"": [19, 34]}"
2026-09-02T21:41:54.121-04:00,austin,gesture,hover,hover,r1_bearing_right,Row 1.1: bearing into right stand,ready,1,31,24,GEAR_STAND_ROW4_LEFT,,,,,,,,,,,,,,,,,,,,,,,"{""acquired_tool_ids"": [19], ""acquisition_complete"": false, ""completed_steps"": [], ""head_rotation_deg"": null, ""head_translation_m"": null, ""left_hand_translation_m"": null, ""removed_tool_ids"": [], ""right_hand_translation_m"": null, ""selected_step"": ""r1_bearing_right"", ""step_attempt"": 1, ""step_elapsed_s"": 25.780775875027757, ""step_event_index"": 31, ""total_hand_translation_m"": null, ""trial_finished_elapsed_s"": null, ""trial_recording"": true, ""trial_required_tool_ids"": [19, 34]}"
2026-09-02T21:41:57.500-04:00,austin,gesture,hover,hover,r1_bearing_right,Row 1.1: bearing into right stand,ready,1,32,26,GEAR_ROW1_LEFT,,,,,,,,,,,,,,,,,,,,,,,"{""acquired_tool_ids"": [19], ""acquisition_complete"": false, ""completed_steps"": [], ""head_rotation_deg"": null, ""head_translation_m"": null, ""left_hand_translation_m"": null, ""removed_tool_ids"": [], ""right_hand_translation_m"": null, ""selected_step"": ""r1_bearing_right"", ""step_attempt"": 1, ""step_elapsed_s"": 29.160393628990278, ""step_event_index"": 32, ""total_hand_translation_m"": null, ""trial_finished_elapsed_s"": null, ""trial_recording"": true, ""trial_required_tool_ids"": [19, 34]}"
2026-09-02T21:41:57.581-04:00,austin,gesture,hover,hover,r1_bearing_right,Row 1.1: bearing into right stand,ready,1,33,31,GEAR_ROW4_LEFT,,,,,,,,,,,,,,,,,,,,,,,"{""acquired_tool_ids"": [19], ""acquisition_complete"": false, ""completed_steps"": [], ""head_rotation_deg"": null, ""head_translation_m"": null, ""left_hand_translation_m"": null, ""removed_tool_ids"": [], ""right_hand_translation_m"": null, ""selected_step"": ""r1_bearing_right"", ""step_attempt"": 1, ""step_elapsed_s"": 29.24131411599228, ""step_event_index"": 33, ""total_hand_translation_m"": null, ""trial_finished_elapsed_s"": null, ""trial_recording"": true, ""trial_required_tool_ids"": [19, 34]}"
2026-09-02T21:41:57.823-04:00,austin,gesture,hover,hover,r1_bearing_right,Row 1.1: bearing into right stand,ready,1,34,25,GEAR_STAND_ROW4_RIGHT,,,,,,,,,,,,,,,,,,,,,,,"{""acquired_tool_ids"": [19], ""acquisition_complete"": false, ""completed_steps"": [], ""head_rotation_deg"": null, ""head_translation_m"": null, ""left_hand_translation_m"": null, ""removed_tool_ids"": [], ""right_hand_translation_m"": null, ""selected_step"": ""r1_bearing_right"", ""step_attempt"": 1, ""step_elapsed_s"": 29.483769627986476, ""step_event_index"": 34, ""total_hand_translation_m"": null, ""trial_finished_elapsed_s"": null, ""trial_recording"": true, ""trial_required_tool_ids"": [19, 34]}"
2026-09-02T21:41:57.962-04:00,austin,gesture,hover,hover,r1_bearing_right,Row 1.1: bearing into right stand,ready,1,35,24,GEAR_STAND_ROW4_LEFT,,,,,,,,,,,,,,,,,,,,,,,"{""acquired_tool_ids"": [19], ""acquisition_complete"": false, ""completed_steps"": [], ""head_rotation_deg"": null, ""head_translation_m"": null, ""left_hand_translation_m"": null, ""removed_tool_ids"": [], ""right_hand_translation_m"": null, ""selected_step"": ""r1_bearing_right"", ""step_attempt"": 1, ""step_elapsed_s"": 29.62244078499498, ""step_event_index"": 35, ""total_hand_translation_m"": null, ""trial_finished_elapsed_s"": null, ""trial_recording"": true, ""trial_required_tool_ids"": [19, 34]}"
2026-09-02T21:41:58.667-04:00,austin,gesture,hover,hover,r1_bearing_right,Row 1.1: bearing into right stand,ready,1,36,37,BITHOLDER2,,,,,,,,,,,,,,,,,,,,,,,"{""acquired_tool_ids"": [19], ""acquisition_complete"": false, ""completed_steps"": [], ""head_rotation_deg"": null, ""head_translation_m"": null, ""left_hand_translation_m"": null, ""removed_tool_ids"": [], ""right_hand_translation_m"": null, ""selected_step"": ""r1_bearing_right"", ""step_attempt"": 1, ""step_elapsed_s"": 30.32758909801487, ""step_event_index"": 36, ""total_hand_translation_m"": null, ""trial_finished_elapsed_s"": null, ""trial_recording"": true, ""trial_required_tool_ids"": [19, 34]}"
2026-09-02T21:41:58.746-04:00,austin,gesture,hover,hover,r1_bearing_right,Row 1.1: bearing into right stand,ready,1,37,13,MAGNET_POLE_CHECKER,,,,,,,,,,,,,,,,,,,,,,,"{""acquired_tool_ids"": [19], ""acquisition_complete"": false, ""completed_steps"": [], ""head_rotation_deg"": null, ""head_translation_m"": null, ""left_hand_translation_m"": null, ""removed_tool_ids"": [], ""right_hand_translation_m"": null, ""selected_step"": ""r1_bearing_right"", ""step_attempt"": 1, ""step_elapsed_s"": 30.406089666998014, ""step_event_index"": 37, ""total_hand_translation_m"": null, ""trial_finished_elapsed_s"": null, ""trial_recording"": true, ""trial_required_tool_ids"": [19, 34]}"
2026-09-02T21:41:58.796-04:00,austin,gesture,hover,hover,r1_bearing_right,Row 1.1: bearing into right stand,ready,1,38,12,SANDER,,,,,,,,,,,,,,,,,,,,,,,"{""acquired_tool_ids"": [19], ""acquisition_complete"": false, ""completed_steps"": [], ""head_rotation_deg"": null, ""head_translation_m"": null, ""left_hand_translation_m"": null, ""removed_tool_ids"": [], ""right_hand_translation_m"": null, ""selected_step"": ""r1_bearing_right"", ""step_attempt"": 1, ""step_elapsed_s"": 30.45664776902413, ""step_event_index"": 38, ""total_hand_translation_m"": null, ""trial_finished_elapsed_s"": null, ""trial_recording"": true, ""trial_required_tool_ids"": [19, 34]}"
2026-09-02T21:41:58.857-04:00,austin,gesture,hover,hover,r1_bearing_right,Row 1.1: bearing into right stand,ready,1,39,11,FLATHEAD_SCREWDRIVER,,,,,,,,,,,,,,,,,,,,,,,"{""acquired_tool_ids"": [19], ""acquisition_complete"": false, ""completed_steps"": [], ""head_rotation_deg"": null, ""head_translation_m"": null, ""left_hand_translation_m"": null, ""removed_tool_ids"": [], ""right_hand_translation_m"": null, ""selected_step"": ""r1_bearing_right"", ""step_attempt"": 1, ""step_elapsed_s"": 30.517658815020695, ""step_event_index"": 39, ""total_hand_translation_m"": null, ""trial_finished_elapsed_s"": null, ""trial_recording"": true, ""trial_required_tool_ids"": [19, 34]}"
2026-09-02T21:41:58.899-04:00,austin,gesture,hover,hover,r1_bearing_right,Row 1.1: bearing into right stand,ready,1,40,5,CALIPER,,,,,,,,,,,,,,,,,,,,,,,"{""acquired_tool_ids"": [19], ""acquisition_complete"": false, ""completed_steps"": [], ""head_rotation_deg"": null, ""head_translation_m"": null, ""left_hand_translation_m"": null, ""removed_tool_ids"": [], ""right_hand_translation_m"": null, ""selected_step"": ""r1_bearing_right"", ""step_attempt"": 1, ""step_elapsed_s"": 30.559307702991646, ""step_event_index"": 40, ""total_hand_translation_m"": null, ""trial_finished_elapsed_s"": null, ""trial_recording"": true, ""trial_required_tool_ids"": [19, 34]}"
2026-09-02T21:42:01.785-04:00,austin,gesture,hover,hover,r1_bearing_right,Row 1.1: bearing into right stand,ready,1,41,36,BITHOLDER1,,,,,,,,,,,,,,,,,,,,,,,"{""acquired_tool_ids"": [19], ""acquisition_complete"": false, ""completed_steps"": [], ""head_rotation_deg"": null, ""head_translation_m"": null, ""left_hand_translation_m"": null, ""removed_tool_ids"": [], ""right_hand_translation_m"": null, ""selected_step"": ""r1_bearing_right"", ""step_attempt"": 1, ""step_elapsed_s"": 33.44555933697848, ""step_event_index"": 41, ""total_hand_translation_m"": null, ""trial_finished_elapsed_s"": null, ""trial_recording"": true, ""trial_required_tool_ids"": [19, 34]}"
2026-09-02T21:42:01.847-04:00,austin,gesture,hover,hover,r1_bearing_right,Row 1.1: bearing into right stand,ready,1,42,37,BITHOLDER2,,,,,,,,,,,,,,,,,,,,,,,"{""acquired_tool_ids"": [19], ""acquisition_complete"": false, ""completed_steps"": [], ""head_rotation_deg"": null, ""head_translation_m"": null, ""left_hand_translation_m"": null, ""removed_tool_ids"": [], ""right_hand_translation_m"": null, ""selected_step"": ""r1_bearing_right"", ""step_attempt"": 1, ""step_elapsed_s"": 33.50685211701784, ""step_event_index"": 42, ""total_hand_translation_m"": null, ""trial_finished_elapsed_s"": null, ""trial_recording"": true, ""trial_required_tool_ids"": [19, 34]}"
2026-09-02T21:42:02.821-04:00,austin,gesture,hover,hover,r1_bearing_right,Row 1.1: bearing into right stand,ready,1,43,24,GEAR_STAND_ROW4_LEFT,,,,,,,,,,,,,,,,,,,,,,,"{""acquired_tool_ids"": [19], ""acquisition_complete"": false, ""completed_steps"": [], ""head_rotation_deg"": null, ""head_translation_m"": null, ""left_hand_translation_m"": null, ""removed_tool_ids"": [], ""right_hand_translation_m"": null, ""selected_step"": ""r1_bearing_right"", ""step_attempt"": 1, ""step_elapsed_s"": 34.48116156901233, ""step_event_index"": 43, ""total_hand_translation_m"": null, ""trial_finished_elapsed_s"": null, ""trial_recording"": true, ""trial_required_tool_ids"": [19, 34]}"
2026-09-02T21:42:02.868-04:00,austin,gesture,hover,hover,r1_bearing_right,Row 1.1: bearing into right stand,ready,1,44,25,GEAR_STAND_ROW4_RIGHT,,,,,,,,,,,,,,,,,,,,,,,"{""acquired_tool_ids"": [19], ""acquisition_complete"": false, ""completed_steps"": [], ""head_rotation_deg"": null, ""head_translation_m"": null, ""left_hand_translation_m"": null, ""removed_tool_ids"": [], ""right_hand_translation_m"": null, ""selected_step"": ""r1_bearing_right"", ""step_attempt"": 1, ""step_elapsed_s"": 34.52792302198941, ""step_event_index"": 44, ""total_hand_translation_m"": null, ""trial_finished_elapsed_s"": null, ""trial_recording"": true, ""trial_required_tool_ids"": [19, 34]}"
2026-09-02T21:42:02.999-04:00,austin,gesture,hover,hover,r1_bearing_right,Row 1.1: bearing into right stand,ready,1,45,27,GEAR_ROW2_LEFT,,,,,,,,,,,,,,,,,,,,,,,"{""acquired_tool_ids"": [19], ""acquisition_complete"": false, ""completed_steps"": [], ""head_rotation_deg"": null, ""head_translation_m"": null, ""left_hand_translation_m"": null, ""removed_tool_ids"": [], ""right_hand_translation_m"": null, ""selected_step"": ""r1_bearing_right"", ""step_attempt"": 1, ""step_elapsed_s"": 34.65954161598347, ""step_event_index"": 45, ""total_hand_translation_m"": null, ""trial_finished_elapsed_s"": null, ""trial_recording"": true, ""trial_required_tool_ids"": [19, 34]}"
2026-09-02T21:42:03.044-04:00,austin,gesture,hover,hover,r1_bearing_right,Row 1.1: bearing into right stand,ready,1,46,30,GEAR_ROW3_RIGHT,,,,,,,,,,,,,,,,,,,,,,,"{""acquired_tool_ids"": [19], ""acquisition_complete"": false, ""completed_steps"": [], ""head_rotation_deg"": null, ""head_translation_m"": null, ""left_hand_translation_m"": null, ""removed_tool_ids"": [], ""right_hand_translation_m"": null, ""selected_step"": ""r1_bearing_right"", ""step_attempt"": 1, ""step_elapsed_s"": 34.70471429999452, ""step_event_index"": 46, ""total_hand_translation_m"": null, ""trial_finished_elapsed_s"": null, ""trial_recording"": true, ""trial_required_tool_ids"": [19, 34]}"
2026-09-02T21:42:03.086-04:00,austin,gesture,hover,hover,r1_bearing_right,Row 1.1: bearing into right stand,ready,1,47,34,BEARINGS,,,,,,,,,,,,,,,,,,,,,,,"{""acquired_tool_ids"": [19], ""acquisition_complete"": false, ""completed_steps"": [], ""head_rotation_deg"": null, ""head_translation_m"": null, ""left_hand_translation_m"": null, ""removed_tool_ids"": [], ""right_hand_translation_m"": null, ""selected_step"": ""r1_bearing_right"", ""step_attempt"": 1, ""step_elapsed_s"": 34.74631054402562, ""step_event_index"": 47, ""total_hand_translation_m"": null, ""trial_finished_elapsed_s"": null, ""trial_recording"": true, ""trial_required_tool_ids"": [19, 34]}"
2026-09-02T21:42:03.134-04:00,austin,gesture,hover,hover,r1_bearing_right,Row 1.1: bearing into right stand,ready,1,48,35,SCREWS,,,,,,,,,,,,,,,,,,,,,,,"{""acquired_tool_ids"": [19], ""acquisition_complete"": false, ""completed_steps"": [], ""head_rotation_deg"": null, ""head_translation_m"": null, ""left_hand_translation_m"": null, ""removed_tool_ids"": [], ""right_hand_translation_m"": null, ""selected_step"": ""r1_bearing_right"", ""step_attempt"": 1, ""step_elapsed_s"": 34.794091553019825, ""step_event_index"": 48, ""total_hand_translation_m"": null, ""trial_finished_elapsed_s"": null, ""trial_recording"": true, ""trial_required_tool_ids"": [19, 34]}"
2026-09-02T21:42:04.720-04:00,austin,gesture,hover,hover,r1_bearing_right,Row 1.1: bearing into right stand,ready,1,49,35,SCREWS,,,,,,,,,,,,,,,,,,,,,,,"{""acquired_tool_ids"": [19], ""acquisition_complete"": false, ""completed_steps"": [], ""head_rotation_deg"": null, ""head_translation_m"": null, ""left_hand_translation_m"": null, ""removed_tool_ids"": [], ""right_hand_translation_m"": null, ""selected_step"": ""r1_bearing_right"", ""step_attempt"": 1, ""step_elapsed_s"": 36.38051953603281, ""step_event_index"": 49, ""total_hand_translation_m"": null, ""trial_finished_elapsed_s"": null, ""trial_recording"": true, ""trial_required_tool_ids"": [19, 34]}"
2026-09-02T21:42:04.938-04:00,austin,gesture,hover,hover,r1_bearing_right,Row 1.1: bearing into right stand,ready,1,50,19,GEAR_STAND_ROW1_RIGHT,,,,,,,,,,,,,,,,,,,,,,,"{""acquired_tool_ids"": [19], ""acquisition_complete"": false, ""completed_steps"": [], ""head_rotation_deg"": null, ""head_translation_m"": null, ""left_hand_translation_m"": null, ""removed_tool_ids"": [], ""right_hand_translation_m"": null, ""selected_step"": ""r1_bearing_right"", ""step_attempt"": 1, ""step_elapsed_s"": 36.59791876300005, ""step_event_index"": 50, ""total_hand_translation_m"": null, ""trial_finished_elapsed_s"": null, ""trial_recording"": true, ""trial_required_tool_ids"": [19, 34]}"
2026-09-02T21:42:05.382-04:00,austin,gesture,hover,hover,r1_bearing_right,Row 1.1: bearing into right stand,ready,1,51,21,GEAR_STAND_ROW2_RIGHT,,,,,,,,,,,,,,,,,,,,,,,"{""acquired_tool_ids"": [19], ""acquisition_complete"": false, ""completed_steps"": [], ""head_rotation_deg"": null, ""head_translation_m"": null, ""left_hand_translation_m"": null, ""removed_tool_ids"": [], ""right_hand_translation_m"": null, ""selected_step"": ""r1_bearing_right"", ""step_attempt"": 1, ""step_elapsed_s"": 37.0423170630238, ""step_event_index"": 51, ""total_hand_translation_m"": null, ""trial_finished_elapsed_s"": null, ""trial_recording"": true, ""trial_required_tool_ids"": [19, 34]}"
2026-09-02T21:42:05.470-04:00,austin,gesture,hover,hover,r1_bearing_right,Row 1.1: bearing into right stand,ready,1,52,19,GEAR_STAND_ROW1_RIGHT,,,,,,,,,,,,,,,,,,,,,,,"{""acquired_tool_ids"": [19], ""acquisition_complete"": false, ""completed_steps"": [], ""head_rotation_deg"": null, ""head_translation_m"": null, ""left_hand_translation_m"": null, ""removed_tool_ids"": [], ""right_hand_translation_m"": null, ""selected_step"": ""r1_bearing_right"", ""step_attempt"": 1, ""step_elapsed_s"": 37.1300671150093, ""step_event_index"": 52, ""total_hand_translation_m"": null, ""trial_finished_elapsed_s"": null, ""trial_recording"": true, ""trial_required_tool_ids"": [19, 34]}"
2026-09-02T21:42:06.054-04:00,austin,gesture,hover,hover,r1_bearing_right,Row 1.1: bearing into right stand,ready,1,53,35,SCREWS,,,,,,,,,,,,,,,,,,,,,,,"{""acquired_tool_ids"": [19], ""acquisition_complete"": false, ""completed_steps"": [], ""head_rotation_deg"": null, ""head_translation_m"": null, ""left_hand_translation_m"": null, ""removed_tool_ids"": [], ""right_hand_translation_m"": null, ""selected_step"": ""r1_bearing_right"", ""step_attempt"": 1, ""step_elapsed_s"": 37.71405234001577, ""step_event_index"": 53, ""total_hand_translation_m"": null, ""trial_finished_elapsed_s"": null, ""trial_recording"": true, ""trial_required_tool_ids"": [19, 34]}"
2026-09-02T21:42:08.005-04:00,austin,gesture,hover,hover,r1_bearing_right,Row 1.1: bearing into right stand,ready,1,54,35,SCREWS,,,,,,,,,,,,,,,,,,,,,,,"{""acquired_tool_ids"": [19], ""acquisition_complete"": false, ""completed_steps"": [], ""head_rotation_deg"": null, ""head_translation_m"": null, ""left_hand_translation_m"": null, ""removed_tool_ids"": [], ""right_hand_translation_m"": null, ""selected_step"": ""r1_bearing_right"", ""step_attempt"": 1, ""step_elapsed_s"": 39.66574947501067, ""step_event_index"": 54, ""total_hand_translation_m"": null, ""trial_finished_elapsed_s"": null, ""trial_recording"": true, ""trial_required_tool_ids"": [19, 34]}"
2026-09-02T21:42:09.105-04:00,austin,gesture,hover,hover,r1_bearing_right,Row 1.1: bearing into right stand,ready,1,55,35,SCREWS,,,,,,,,,,,,,,,,,,,,,,,"{""acquired_tool_ids"": [19], ""acquisition_complete"": false, ""completed_steps"": [], ""head_rotation_deg"": null, ""head_translation_m"": null, ""left_hand_translation_m"": null, ""removed_tool_ids"": [], ""right_hand_translation_m"": null, ""selected_step"": ""r1_bearing_right"", ""step_attempt"": 1, ""step_elapsed_s"": 40.76555509399623, ""step_event_index"": 55, ""total_hand_translation_m"": null, ""trial_finished_elapsed_s"": null, ""trial_recording"": true, ""trial_required_tool_ids"": [19, 34]}"
2026-09-02T21:42:09.442-04:00,austin,gesture,hover,hover,r1_bearing_right,Row 1.1: bearing into right stand,ready,1,56,34,BEARINGS,,,,,,,,,,,,,,,,,,,,,,,"{""acquired_tool_ids"": [19], ""acquisition_complete"": false, ""completed_steps"": [], ""head_rotation_deg"": null, ""head_translation_m"": null, ""left_hand_translation_m"": null, ""removed_tool_ids"": [], ""right_hand_translation_m"": null, ""selected_step"": ""r1_bearing_right"", ""step_attempt"": 1, ""step_elapsed_s"": 41.102218185027596, ""step_event_index"": 56, ""total_hand_translation_m"": null, ""trial_finished_elapsed_s"": null, ""trial_recording"": true, ""trial_required_tool_ids"": [19, 34]}"
2026-09-02T21:42:10.408-04:00,austin,gesture,hover,hover,r1_bearing_right,Row 1.1: bearing into right stand,ready,1,57,32,CRANK_HANDLE,,,,,,,,,,,,,,,,,,,,,,,"{""acquired_tool_ids"": [19], ""acquisition_complete"": false, ""completed_steps"": [], ""head_rotation_deg"": null, ""head_translation_m"": null, ""left_hand_translation_m"": null, ""removed_tool_ids"": [], ""right_hand_translation_m"": null, ""selected_step"": ""r1_bearing_right"", ""step_attempt"": 1, ""step_elapsed_s"": 42.06809922098182, ""step_event_index"": 57, ""total_hand_translation_m"": null, ""trial_finished_elapsed_s"": null, ""trial_recording"": true, ""trial_required_tool_ids"": [19, 34]}"
2026-09-02T21:42:11.073-04:00,austin,gesture,hover,hover,r1_bearing_right,Row 1.1: bearing into right stand,ready,1,58,33,PINS,,,,,,,,,,,,,,,,,,,,,,,"{""acquired_tool_ids"": [19], ""acquisition_complete"": false, ""completed_steps"": [], ""head_rotation_deg"": null, ""head_translation_m"": null, ""left_hand_translation_m"": null, ""removed_tool_ids"": [], ""right_hand_translation_m"": null, ""selected_step"": ""r1_bearing_right"", ""step_attempt"": 1, ""step_elapsed_s"": 42.73340718302643, ""step_event_index"": 58, ""total_hand_translation_m"": null, ""trial_finished_elapsed_s"": null, ""trial_recording"": true, ""trial_required_tool_ids"": [19, 34]}"
2026-09-02T21:42:11.906-04:00,austin,gesture,hover,hover,r1_bearing_right,Row 1.1: bearing into right stand,ready,1,59,32,CRANK_HANDLE,,,,,,,,,,,,,,,,,,,,,,,"{""acquired_tool_ids"": [19], ""acquisition_complete"": false, ""completed_steps"": [], ""head_rotation_deg"": null, ""head_translation_m"": null, ""left_hand_translation_m"": null, ""removed_tool_ids"": [], ""right_hand_translation_m"": null, ""selected_step"": ""r1_bearing_right"", ""step_attempt"": 1, ""step_elapsed_s"": 43.56676466600038, ""step_event_index"": 59, ""total_hand_translation_m"": null, ""trial_finished_elapsed_s"": null, ""trial_recording"": true, ""trial_required_tool_ids"": [19, 34]}"
2026-09-02T21:42:11.990-04:00,austin,gesture,hover,hover,r1_bearing_right,Row 1.1: bearing into right stand,ready,1,60,34,BEARINGS,,,,,,,,,,,,,,,,,,,,,,,"{""acquired_tool_ids"": [19], ""acquisition_complete"": false, ""completed_steps"": [], ""head_rotation_deg"": null, ""head_translation_m"": null, ""left_hand_translation_m"": null, ""removed_tool_ids"": [], ""right_hand_translation_m"": null, ""selected_step"": ""r1_bearing_right"", ""step_attempt"": 1, ""step_elapsed_s"": 43.650220833020285, ""step_event_index"": 60, ""total_hand_translation_m"": null, ""trial_finished_elapsed_s"": null, ""trial_recording"": true, ""trial_required_tool_ids"": [19, 34]}"
2026-09-02T21:42:12.313-04:00,austin,gesture,hover,hover,r1_bearing_right,Row 1.1: bearing into right stand,ready,1,61,35,SCREWS,,,,,,,,,,,,,,,,,,,,,,,"{""acquired_tool_ids"": [19], ""acquisition_complete"": false, ""completed_steps"": [], ""head_rotation_deg"": null, ""head_translation_m"": null, ""left_hand_translation_m"": null, ""removed_tool_ids"": [], ""right_hand_translation_m"": null, ""selected_step"": ""r1_bearing_right"", ""step_attempt"": 1, ""step_elapsed_s"": 43.97366195300128, ""step_event_index"": 61, ""total_hand_translation_m"": null, ""trial_finished_elapsed_s"": null, ""trial_recording"": true, ""trial_required_tool_ids"": [19, 34]}"
2026-09-02T21:42:13.207-04:00,austin,gesture,part_selection,click,r1_bearing_right,Row 1.1: bearing into right stand,ready,1,62,35,SCREWS,37.516875,44.867494,,,,,,,,,,,,,,,0,,,,,,"{""acquired_tool_ids"": [19], ""acquisition_complete"": false, ""completed_steps"": [], ""head_rotation_deg"": null, ""head_translation_m"": null, ""left_hand_translation_m"": null, ""removed_tool_ids"": [], ""right_hand_translation_m"": null, ""selected_step"": ""r1_bearing_right"", ""step_attempt"": 1, ""step_elapsed_s"": 44.86756739602424, ""step_event_index"": 62, ""total_hand_translation_m"": null, ""trial_finished_elapsed_s"": null, ""trial_recording"": true, ""trial_required_tool_ids"": [19, 34]}"
2026-09-02T21:42:17.842-04:00,austin,gesture,hover,hover,r1_bearing_right,Row 1.1: bearing into right stand,ready,1,63,35,SCREWS,,,,,,,,,,,,,,,,,,,,,,,"{""acquired_tool_ids"": [19], ""acquisition_complete"": false, ""completed_steps"": [], ""head_rotation_deg"": null, ""head_translation_m"": null, ""left_hand_translation_m"": null, ""removed_tool_ids"": [], ""right_hand_translation_m"": null, ""selected_step"": ""r1_bearing_right"", ""step_attempt"": 1, ""step_elapsed_s"": 49.502721728989854, ""step_event_index"": 63, ""total_hand_translation_m"": null, ""trial_finished_elapsed_s"": null, ""trial_recording"": true, ""trial_required_tool_ids"": [19, 34]}"
2026-09-02T21:42:19.677-04:00,austin,gesture,hover,hover,r1_bearing_right,Row 1.1: bearing into right stand,ready,1,64,35,SCREWS,,,,,,,,,,,,,,,,,,,,,,,"{""acquired_tool_ids"": [19], ""acquisition_complete"": false, ""completed_steps"": [], ""head_rotation_deg"": null, ""head_translation_m"": null, ""left_hand_translation_m"": null, ""removed_tool_ids"": [], ""right_hand_translation_m"": null, ""selected_step"": ""r1_bearing_right"", ""step_attempt"": 1, ""step_elapsed_s"": 51.33708750200458, ""step_event_index"": 64, ""total_hand_translation_m"": null, ""trial_finished_elapsed_s"": null, ""trial_recording"": true, ""trial_required_tool_ids"": [19, 34]}"
2026-09-02T21:42:20.363-04:00,austin,gesture,hover,hover,r1_bearing_right,Row 1.1: bearing into right stand,ready,1,65,34,BEARINGS,,,,,,,,,,,,,,,,,,,,,,,"{""acquired_tool_ids"": [19], ""acquisition_complete"": false, ""completed_steps"": [], ""head_rotation_deg"": null, ""head_translation_m"": null, ""left_hand_translation_m"": null, ""removed_tool_ids"": [], ""right_hand_translation_m"": null, ""selected_step"": ""r1_bearing_right"", ""step_attempt"": 1, ""step_elapsed_s"": 52.02354358503362, ""step_event_index"": 65, ""total_hand_translation_m"": null, ""trial_finished_elapsed_s"": null, ""trial_recording"": true, ""trial_required_tool_ids"": [19, 34]}"
2026-09-02T21:42:22.063-04:00,austin,gesture,hover,hover,r1_bearing_right,Row 1.1: bearing into right stand,ready,1,66,35,SCREWS,,,,,,,,,,,,,,,,,,,,,,,"{""acquired_tool_ids"": [19], ""acquisition_complete"": false, ""completed_steps"": [], ""head_rotation_deg"": null, ""head_translation_m"": null, ""left_hand_translation_m"": null, ""removed_tool_ids"": [], ""right_hand_translation_m"": null, ""selected_step"": ""r1_bearing_right"", ""step_attempt"": 1, ""step_elapsed_s"": 53.72293129301397, ""step_event_index"": 66, ""total_hand_translation_m"": null, ""trial_finished_elapsed_s"": null, ""trial_recording"": true, ""trial_required_tool_ids"": [19, 34]}"
2026-09-02T21:42:22.895-04:00,austin,gesture,hover,hover,r1_bearing_right,Row 1.1: bearing into right stand,ready,1,67,35,SCREWS,,,,,,,,,,,,,,,,,,,,,,,"{""acquired_tool_ids"": [19], ""acquisition_complete"": false, ""completed_steps"": [], ""head_rotation_deg"": null, ""head_translation_m"": null, ""left_hand_translation_m"": null, ""removed_tool_ids"": [], ""right_hand_translation_m"": null, ""selected_step"": ""r1_bearing_right"", ""step_attempt"": 1, ""step_elapsed_s"": 54.555379542987794, ""step_event_index"": 67, ""total_hand_translation_m"": null, ""trial_finished_elapsed_s"": null, ""trial_recording"": true, ""trial_required_tool_ids"": [19, 34]}"
2026-09-02T21:42:23.712-04:00,austin,gesture,hover,hover,r1_bearing_right,Row 1.1: bearing into right stand,ready,1,68,35,SCREWS,,,,,,,,,,,,,,,,,,,,,,,"{""acquired_tool_ids"": [19], ""acquisition_complete"": false, ""completed_steps"": [], ""head_rotation_deg"": null, ""head_translation_m"": null, ""left_hand_translation_m"": null, ""removed_tool_ids"": [], ""right_hand_translation_m"": null, ""selected_step"": ""r1_bearing_right"", ""step_attempt"": 1, ""step_elapsed_s"": 55.37263764999807, ""step_event_index"": 68, ""total_hand_translation_m"": null, ""trial_finished_elapsed_s"": null, ""trial_recording"": true, ""trial_required_tool_ids"": [19, 34]}"
2026-09-02T21:42:25.613-04:00,austin,gesture,hover,hover,r1_bearing_right,Row 1.1: bearing into right stand,ready,1,69,32,CRANK_HANDLE,,,,,,,,,,,,,,,,,,,,,,,"{""acquired_tool_ids"": [19], ""acquisition_complete"": false, ""completed_steps"": [], ""head_rotation_deg"": null, ""head_translation_m"": null, ""left_hand_translation_m"": null, ""removed_tool_ids"": [], ""right_hand_translation_m"": null, ""selected_step"": ""r1_bearing_right"", ""step_attempt"": 1, ""step_elapsed_s"": 57.2729653440183, ""step_event_index"": 69, ""total_hand_translation_m"": null, ""trial_finished_elapsed_s"": null, ""trial_recording"": true, ""trial_required_tool_ids"": [19, 34]}"
2026-09-02T21:42:25.703-04:00,austin,gesture,hover,hover,r1_bearing_right,Row 1.1: bearing into right stand,ready,1,70,34,BEARINGS,,,,,,,,,,,,,,,,,,,,,,,"{""acquired_tool_ids"": [19], ""acquisition_complete"": false, ""completed_steps"": [], ""head_rotation_deg"": null, ""head_translation_m"": null, ""left_hand_translation_m"": null, ""removed_tool_ids"": [], ""right_hand_translation_m"": null, ""selected_step"": ""r1_bearing_right"", ""step_attempt"": 1, ""step_elapsed_s"": 57.36366991099203, ""step_event_index"": 70, ""total_hand_translation_m"": null, ""trial_finished_elapsed_s"": null, ""trial_recording"": true, ""trial_required_tool_ids"": [19, 34]}"
2026-09-02T21:42:25.731-04:00,austin,gesture,hover,hover,r1_bearing_right,Row 1.1: bearing into right stand,ready,1,71,29,GEAR_ROW3_LEFT,,,,,,,,,,,,,,,,,,,,,,,"{""acquired_tool_ids"": [19], ""acquisition_complete"": false, ""completed_steps"": [], ""head_rotation_deg"": null, ""head_translation_m"": null, ""left_hand_translation_m"": null, ""removed_tool_ids"": [], ""right_hand_translation_m"": null, ""selected_step"": ""r1_bearing_right"", ""step_attempt"": 1, ""step_elapsed_s"": 57.391176265024114, ""step_event_index"": 71, ""total_hand_translation_m"": null, ""trial_finished_elapsed_s"": null, ""trial_recording"": true, ""trial_required_tool_ids"": [19, 34]}"
2026-09-02T21:42:26.580-04:00,austin,gesture,hover,hover,r1_bearing_right,Row 1.1: bearing into right stand,ready,1,72,35,SCREWS,,,,,,,,,,,,,,,,,,,,,,,"{""acquired_tool_ids"": [19], ""acquisition_complete"": false, ""completed_steps"": [], ""head_rotation_deg"": null, ""head_translation_m"": null, ""left_hand_translation_m"": null, ""removed_tool_ids"": [], ""right_hand_translation_m"": null, ""selected_step"": ""r1_bearing_right"", ""step_attempt"": 1, ""step_elapsed_s"": 58.24073140200926, ""step_event_index"": 72, ""total_hand_translation_m"": null, ""trial_finished_elapsed_s"": null, ""trial_recording"": true, ""trial_required_tool_ids"": [19, 34]}"
2026-09-02T21:42:26.763-04:00,austin,gesture,hover,hover,r1_bearing_right,Row 1.1: bearing into right stand,ready,1,73,34,BEARINGS,,,,,,,,,,,,,,,,,,,,,,,"{""acquired_tool_ids"": [19], ""acquisition_complete"": false, ""completed_steps"": [], ""head_rotation_deg"": null, ""head_translation_m"": null, ""left_hand_translation_m"": null, ""removed_tool_ids"": [], ""right_hand_translation_m"": null, ""selected_step"": ""r1_bearing_right"", ""step_attempt"": 1, ""step_elapsed_s"": 58.42363631998887, ""step_event_index"": 73, ""total_hand_translation_m"": null, ""trial_finished_elapsed_s"": null, ""trial_recording"": true, ""trial_required_tool_ids"": [19, 34]}"
2026-09-02T21:42:27.649-04:00,austin,gesture,hover,hover,r1_bearing_right,Row 1.1: bearing into right stand,ready,1,74,34,BEARINGS,,,,,,,,,,,,,,,,,,,,,,,"{""acquired_tool_ids"": [19], ""acquisition_complete"": false, ""completed_steps"": [], ""head_rotation_deg"": null, ""head_translation_m"": null, ""left_hand_translation_m"": null, ""removed_tool_ids"": [], ""right_hand_translation_m"": null, ""selected_step"": ""r1_bearing_right"", ""step_attempt"": 1, ""step_elapsed_s"": 59.309354834025726, ""step_event_index"": 74, ""total_hand_translation_m"": null, ""trial_finished_elapsed_s"": null, ""trial_recording"": true, ""trial_required_tool_ids"": [19, 34]}"
2026-09-02T21:42:28.331-04:00,austin,gesture,part_selection,click,r1_bearing_right,Row 1.1: bearing into right stand,ready,1,75,34,BEARINGS,52.640478,59.991097,,,,,,,,,,,,,,,1,,,,,,"{""acquired_tool_ids"": [19, 34], ""acquisition_complete"": false, ""completed_steps"": [], ""head_rotation_deg"": null, ""head_translation_m"": null, ""left_hand_translation_m"": null, ""removed_tool_ids"": [], ""right_hand_translation_m"": null, ""selected_step"": ""r1_bearing_right"", ""step_attempt"": 1, ""step_elapsed_s"": 59.99114681099309, ""step_event_index"": 75, ""total_hand_translation_m"": null, ""trial_finished_elapsed_s"": null, ""trial_recording"": true, ""trial_required_tool_ids"": [19, 34]}"
2026-09-02T21:42:28.400-04:00,austin,gesture,object_acquired,click,r1_bearing_right,Row 1.1: bearing into right stand,ready,1,76,34,BEARINGS,52.640478,59.991097,,,,,,,,,,,,,,,1,,,,,,"{""acquired_tool_ids"": [19, 34], ""acquisition_complete"": false, ""completed_steps"": [], ""head_rotation_deg"": null, ""head_translation_m"": null, ""left_hand_translation_m"": null, ""removed_tool_ids"": [], ""right_hand_translation_m"": null, ""selected_step"": ""r1_bearing_right"", ""step_attempt"": 1, ""step_elapsed_s"": 60.059906247013714, ""step_event_index"": 76, ""total_hand_translation_m"": null, ""trial_finished_elapsed_s"": null, ""trial_recording"": true, ""trial_required_tool_ids"": [19, 34]}"
2026-09-02T21:42:28.453-04:00,austin,gesture,step_acquisition_complete,click,r1_bearing_right,Row 1.1: bearing into right stand,ready,1,77,,,,60.109629,3.118701,1095.177042,3.295556,4.439546,7.735102,0.000000,23.397568,23.397568,39.061094,0,71,0.000000,0.954478,0.954478,,,,,,,"{""acquired_tool_ids"": [19, 34], ""acquisition_complete"": true, ""any_hover_time_s"": 23.397567645064555, ""completed_steps"": [], ""head_rotation_deg"": 1095.1770415642018, ""head_translation_m"": 3.1187011933751076, ""hover_time_percent"": 39.06109375965293, ""left_hand_translation_m"": 3.2955557106569673, ""left_hover_episodes"": 0, ""left_hover_time_s"": 0.0, ""left_hover_translation_m"": 0.0, ""removed_tool_ids"": [19], ""right_hand_translation_m"": 4.4395461358903265, ""right_hover_episodes"": 71, ""right_hover_time_s"": 23.397567645064555, ""right_hover_translation_m"": 0.9544779209067858, ""selected_step"": ""r1_bearing_right"", ""step_attempt"": 1, ""step_elapsed_s"": 60.10962857899722, ""step_event_index"": 77, ""total_hand_translation_m"": 7.735101846547294, ""total_hover_translation_m"": 0.9544779209067858, ""trial_finished_elapsed_s"": 60.10962857899722, ""trial_recording"": false, ""trial_required_tool_ids"": [19, 34]}"
2026-09-02T21:42:28.469-04:00,austin,gesture,graph_complete,,r1_bearing_right,Row 1.1: bearing into right stand,complete,1,78,,,,,,,,,,,,,,,,,,,,,,,,,"{""acquired_tool_ids"": [19, 34], ""acquisition_complete"": true, ""any_hover_time_s"": 23.397567645064555, ""completed_steps"": [""r1_bearing_right""], ""head_rotation_deg"": 1095.1770415642018, ""head_translation_m"": 3.1187011933751076, ""hover_time_percent"": 39.06109375965293, ""left_hand_translation_m"": 3.2955557106569673, ""left_hover_episodes"": 0, ""left_hover_time_s"": 0.0, ""left_hover_translation_m"": 0.0, ""removed_tool_ids"": [19], ""right_hand_translation_m"": 4.4395461358903265, ""right_hover_episodes"": 71, ""right_hover_time_s"": 23.397567645064555, ""right_hover_translation_m"": 0.9544779209067858, ""selected_step"": ""r1_bearing_right"", ""step_attempt"": 1, ""step_elapsed_s"": 60.10962857899722, ""step_event_index"": 78, ""total_hand_translation_m"": 7.735101846547294, ""total_hover_translation_m"": 0.9544779209067858, ""trial_finished_elapsed_s"": 60.10962857899722, ""trial_recording"": false, ""trial_required_tool_ids"": [19, 34]}"
2026-09-02T21:42:54.043-04:00,austin,gesture,step_started,keyboard,r1_gear_rod,Row 1.2: assemble gear rod,ready,2,1,,,,,,,,,,,,,,,,,,,,,,,,,"{""acquired_tool_ids"": [], ""acquisition_complete"": false, ""completed_steps"": [""r1_bearing_right""], ""head_rotation_deg"": null, ""head_translation_m"": null, ""left_hand_translation_m"": null, ""removed_tool_ids"": [19], ""right_hand_translation_m"": null, ""selected_step"": ""r1_gear_rod"", ""step_attempt"": 2, ""step_elapsed_s"": 8.135195821523666e-05, ""step_event_index"": 1, ""total_hand_translation_m"": null, ""trial_finished_elapsed_s"": null, ""trial_recording"": true, ""trial_required_tool_ids"": [14, 26, 33]}"
2026-09-02T21:42:54.070-04:00,austin,gesture,hover,hover,r1_gear_rod,Row 1.2: assemble gear rod,ready,2,2,30,GEAR_ROW3_RIGHT,,,,,,,,,,,,,,,,,,,,,,,"{""acquired_tool_ids"": [], ""acquisition_complete"": false, ""completed_steps"": [""r1_bearing_right""], ""head_rotation_deg"": null, ""head_translation_m"": null, ""left_hand_translation_m"": null, ""removed_tool_ids"": [19], ""right_hand_translation_m"": null, ""selected_step"": ""r1_gear_rod"", ""step_attempt"": 2, ""step_elapsed_s"": 0.027144001971464604, ""step_event_index"": 2, ""total_hand_translation_m"": null, ""trial_finished_elapsed_s"": null, ""trial_recording"": true, ""trial_required_tool_ids"": [14, 26, 33]}"
2026-09-02T21:42:54.343-04:00,austin,gesture,hover,hover,r1_gear_rod,Row 1.2: assemble gear rod,ready,2,3,29,GEAR_ROW3_LEFT,,,,,,,,,,,,,,,,,,,,,,,"{""acquired_tool_ids"": [], ""acquisition_complete"": false, ""completed_steps"": [""r1_bearing_right""], ""head_rotation_deg"": null, ""head_translation_m"": null, ""left_hand_translation_m"": null, ""removed_tool_ids"": [19], ""right_hand_translation_m"": null, ""selected_step"": ""r1_gear_rod"", ""step_attempt"": 2, ""step_elapsed_s"": 0.29994385596364737, ""step_event_index"": 3, ""total_hand_translation_m"": null, ""trial_finished_elapsed_s"": null, ""trial_recording"": true, ""trial_required_tool_ids"": [14, 26, 33]}"
2026-09-02T21:42:54.460-04:00,austin,gesture,hover,hover,r1_gear_rod,Row 1.2: assemble gear rod,ready,2,4,34,BEARINGS,,,,,,,,,,,,,,,,,,,,,,,"{""acquired_tool_ids"": [], ""acquisition_complete"": false, ""completed_steps"": [""r1_bearing_right""], ""head_rotation_deg"": null, ""head_translation_m"": null, ""left_hand_translation_m"": null, ""removed_tool_ids"": [19], ""right_hand_translation_m"": null, ""selected_step"": ""r1_gear_rod"", ""step_attempt"": 2, ""step_elapsed_s"": 0.41688964096829295, ""step_event_index"": 4, ""total_hand_translation_m"": null, ""trial_finished_elapsed_s"": null, ""trial_recording"": true, ""trial_required_tool_ids"": [14, 26, 33]}"
2026-09-02T21:42:54.520-04:00,austin,gesture,hover,hover,r1_gear_rod,Row 1.2: assemble gear rod,ready,2,5,30,GEAR_ROW3_RIGHT,,,,,,,,,,,,,,,,,,,,,,,"{""acquired_tool_ids"": [], ""acquisition_complete"": false, ""completed_steps"": [""r1_bearing_right""], ""head_rotation_deg"": null, ""head_translation_m"": null, ""left_hand_translation_m"": null, ""removed_tool_ids"": [19], ""right_hand_translation_m"": null, ""selected_step"": ""r1_gear_rod"", ""step_attempt"": 2, ""step_elapsed_s"": 0.4773932619718835, ""step_event_index"": 5, ""total_hand_translation_m"": null, ""trial_finished_elapsed_s"": null, ""trial_recording"": true, ""trial_required_tool_ids"": [14, 26, 33]}"
2026-09-02T21:42:54.627-04:00,austin,gesture,hover,hover,r1_gear_rod,Row 1.2: assemble gear rod,ready,2,6,27,GEAR_ROW2_LEFT,,,,,,,,,,,,,,,,,,,,,,,"{""acquired_tool_ids"": [], ""acquisition_complete"": false, ""completed_steps"": [""r1_bearing_right""], ""head_rotation_deg"": null, ""head_translation_m"": null, ""left_hand_translation_m"": null, ""removed_tool_ids"": [19], ""right_hand_translation_m"": null, ""selected_step"": ""r1_gear_rod"", ""step_attempt"": 2, ""step_elapsed_s"": 0.5842183099593967, ""step_event_index"": 6, ""total_hand_translation_m"": null, ""trial_finished_elapsed_s"": null, ""trial_recording"": true, ""trial_required_tool_ids"": [14, 26, 33]}"
2026-09-02T21:42:54.654-04:00,austin,gesture,hover,hover,r1_gear_rod,Row 1.2: assemble gear rod,ready,2,7,28,GEAR_ROW2_RIGHT,,,,,,,,,,,,,,,,,,,,,,,"{""acquired_tool_ids"": [], ""acquisition_complete"": false, ""completed_steps"": [""r1_bearing_right""], ""head_rotation_deg"": null, ""head_translation_m"": null, ""left_hand_translation_m"": null, ""removed_tool_ids"": [19], ""right_hand_translation_m"": null, ""selected_step"": ""r1_gear_rod"", ""step_attempt"": 2, ""step_elapsed_s"": 0.6110875679878518, ""step_event_index"": 7, ""total_hand_translation_m"": null, ""trial_finished_elapsed_s"": null, ""trial_recording"": true, ""trial_required_tool_ids"": [14, 26, 33]}"
2026-09-02T21:42:54.727-04:00,austin,gesture,hover,hover,r1_gear_rod,Row 1.2: assemble gear rod,ready,2,8,31,GEAR_ROW4_LEFT,,,,,,,,,,,,,,,,,,,,,,,"{""acquired_tool_ids"": [], ""acquisition_complete"": false, ""completed_steps"": [""r1_bearing_right""], ""head_rotation_deg"": null, ""head_translation_m"": null, ""left_hand_translation_m"": null, ""removed_tool_ids"": [19], ""right_hand_translation_m"": null, ""selected_step"": ""r1_gear_rod"", ""step_attempt"": 2, ""step_elapsed_s"": 0.684281793946866, ""step_event_index"": 8, ""total_hand_translation_m"": null, ""trial_finished_elapsed_s"": null, ""trial_recording"": true, ""trial_required_tool_ids"": [14, 26, 33]}"
2026-09-02T21:42:54.886-04:00,austin,gesture,hover,hover,r1_gear_rod,Row 1.2: assemble gear rod,ready,2,9,26,GEAR_ROW1_LEFT,,,,,,,,,,,,,,,,,,,,,,,"{""acquired_tool_ids"": [], ""acquisition_complete"": false, ""completed_steps"": [""r1_bearing_right""], ""head_rotation_deg"": null, ""head_translation_m"": null, ""left_hand_translation_m"": null, ""removed_tool_ids"": [19], ""right_hand_translation_m"": null, ""selected_step"": ""r1_gear_rod"", ""step_attempt"": 2, ""step_elapsed_s"": 0.842671601974871, ""step_event_index"": 9, ""total_hand_translation_m"": null, ""trial_finished_elapsed_s"": null, ""trial_recording"": true, ""trial_required_tool_ids"": [14, 26, 33]}"
2026-09-02T21:42:57.812-04:00,austin,gesture,hover,hover,r1_gear_rod,Row 1.2: assemble gear rod,ready,2,10,31,GEAR_ROW4_LEFT,,,,,,,,,,,,,,,,,,,,,,,"{""acquired_tool_ids"": [], ""acquisition_complete"": false, ""completed_steps"": [""r1_bearing_right""], ""head_rotation_deg"": null, ""head_translation_m"": null, ""left_hand_translation_m"": null, ""removed_tool_ids"": [19], ""right_hand_translation_m"": null, ""selected_step"": ""r1_gear_rod"", ""step_attempt"": 2, ""step_elapsed_s"": 3.7693271299940534, ""step_event_index"": 10, ""total_hand_translation_m"": null, ""trial_finished_elapsed_s"": null, ""trial_recording"": true, ""trial_required_tool_ids"": [14, 26, 33]}"
2026-09-02T21:42:58.032-04:00,austin,gesture,hover,hover,r1_gear_rod,Row 1.2: assemble gear rod,ready,2,11,28,GEAR_ROW2_RIGHT,,,,,,,,,,,,,,,,,,,,,,,"{""acquired_tool_ids"": [], ""acquisition_complete"": false, ""completed_steps"": [""r1_bearing_right""], ""head_rotation_deg"": null, ""head_translation_m"": null, ""left_hand_translation_m"": null, ""removed_tool_ids"": [19], ""right_hand_translation_m"": null, ""selected_step"": ""r1_gear_rod"", ""step_attempt"": 2, ""step_elapsed_s"": 3.988642012991477, ""step_event_index"": 11, ""total_hand_translation_m"": null, ""trial_finished_elapsed_s"": null, ""trial_recording"": true, ""trial_required_tool_ids"": [14, 26, 33]}"
2026-09-02T21:42:58.252-04:00,austin,gesture,hover,hover,r1_gear_rod,Row 1.2: assemble gear rod,ready,2,12,31,GEAR_ROW4_LEFT,,,,,,,,,,,,,,,,,,,,,,,"{""acquired_tool_ids"": [], ""acquisition_complete"": false, ""completed_steps"": [""r1_bearing_right""], ""head_rotation_deg"": null, ""head_translation_m"": null, ""left_hand_translation_m"": null, ""removed_tool_ids"": [19], ""right_hand_translation_m"": null, ""selected_step"": ""r1_gear_rod"", ""step_attempt"": 2, ""step_elapsed_s"": 4.208744325966109, ""step_event_index"": 12, ""total_hand_translation_m"": null, ""trial_finished_elapsed_s"": null, ""trial_recording"": true, ""trial_required_tool_ids"": [14, 26, 33]}"
2026-09-02T21:42:58.626-04:00,austin,gesture,hover,hover,r1_gear_rod,Row 1.2: assemble gear rod,ready,2,13,26,GEAR_ROW1_LEFT,,,,,,,,,,,,,,,,,,,,,,,"{""acquired_tool_ids"": [], ""acquisition_complete"": false, ""completed_steps"": [""r1_bearing_right""], ""head_rotation_deg"": null, ""head_translation_m"": null, ""left_hand_translation_m"": null, ""removed_tool_ids"": [19], ""right_hand_translation_m"": null, ""selected_step"": ""r1_gear_rod"", ""step_attempt"": 2, ""step_elapsed_s"": 4.582749430963304, ""step_event_index"": 13, ""total_hand_translation_m"": null, ""trial_finished_elapsed_s"": null, ""trial_recording"": true, ""trial_required_tool_ids"": [14, 26, 33]}"
2026-09-02T21:42:59.379-04:00,austin,gesture,part_selection,click,r1_gear_rod,Row 1.2: assemble gear rod,ready,2,14,26,GEAR_ROW1_LEFT,5.335363,5.335363,,,,,,,,,,,,,,,1,,,,,,"{""acquired_tool_ids"": [26], ""acquisition_complete"": false, ""completed_steps"": [""r1_bearing_right""], ""head_rotation_deg"": null, ""head_translation_m"": null, ""left_hand_translation_m"": null, ""removed_tool_ids"": [19], ""right_hand_translation_m"": null, ""selected_step"": ""r1_gear_rod"", ""step_attempt"": 2, ""step_elapsed_s"": 5.335426607984118, ""step_event_index"": 14, ""total_hand_translation_m"": null, ""trial_finished_elapsed_s"": null, ""trial_recording"": true, ""trial_required_tool_ids"": [14, 26, 33]}"
2026-09-02T21:42:59.428-04:00,austin,gesture,object_acquired,click,r1_gear_rod,Row 1.2: assemble gear rod,ready,2,15,26,GEAR_ROW1_LEFT,5.335363,5.335363,,,,,,,,,,,,,,,1,,,,,,"{""acquired_tool_ids"": [26], ""acquisition_complete"": false, ""completed_steps"": [""r1_bearing_right""], ""head_rotation_deg"": null, ""head_translation_m"": null, ""left_hand_translation_m"": null, ""removed_tool_ids"": [19], ""right_hand_translation_m"": null, ""selected_step"": ""r1_gear_rod"", ""step_attempt"": 2, ""step_elapsed_s"": 5.384958407958038, ""step_event_index"": 15, ""total_hand_translation_m"": null, ""trial_finished_elapsed_s"": null, ""trial_recording"": true, ""trial_required_tool_ids"": [14, 26, 33]}"
2026-09-02T21:43:00.163-04:00,austin,gesture,hover,hover,r1_gear_rod,Row 1.2: assemble gear rod,ready,2,16,31,GEAR_ROW4_LEFT,,,,,,,,,,,,,,,,,,,,,,,"{""acquired_tool_ids"": [26], ""acquisition_complete"": false, ""completed_steps"": [""r1_bearing_right""], ""head_rotation_deg"": null, ""head_translation_m"": null, ""left_hand_translation_m"": null, ""removed_tool_ids"": [19], ""right_hand_translation_m"": null, ""selected_step"": ""r1_gear_rod"", ""step_attempt"": 2, ""step_elapsed_s"": 6.119492425990757, ""step_event_index"": 16, ""total_hand_translation_m"": null, ""trial_finished_elapsed_s"": null, ""trial_recording"": true, ""trial_required_tool_ids"": [14, 26, 33]}"
2026-09-02T21:43:00.896-04:00,austin,gesture,hover,hover,r1_gear_rod,Row 1.2: assemble gear rod,ready,2,17,26,GEAR_ROW1_LEFT,,,,,,,,,,,,,,,,,,,,,,,"{""acquired_tool_ids"": [26], ""acquisition_complete"": false, ""completed_steps"": [""r1_bearing_right""], ""head_rotation_deg"": null, ""head_translation_m"": null, ""left_hand_translation_m"": null, ""removed_tool_ids"": [19], ""right_hand_translation_m"": null, ""selected_step"": ""r1_gear_rod"", ""step_attempt"": 2, ""step_elapsed_s"": 6.852844806970097, ""step_event_index"": 17, ""total_hand_translation_m"": null, ""trial_finished_elapsed_s"": null, ""trial_recording"": true, ""trial_required_tool_ids"": [14, 26, 33]}"
2026-09-02T21:43:02.180-04:00,austin,gesture,hover,hover,r1_gear_rod,Row 1.2: assemble gear rod,ready,2,18,31,GEAR_ROW4_LEFT,,,,,,,,,,,,,,,,,,,,,,,"{""acquired_tool_ids"": [26], ""acquisition_complete"": false, ""completed_steps"": [""r1_bearing_right""], ""head_rotation_deg"": null, ""head_translation_m"": null, ""left_hand_translation_m"": null, ""removed_tool_ids"": [19], ""right_hand_translation_m"": null, ""selected_step"": ""r1_gear_rod"", ""step_attempt"": 2, ""step_elapsed_s"": 8.137198482989334, ""step_event_index"": 18, ""total_hand_translation_m"": null, ""trial_finished_elapsed_s"": null, ""trial_recording"": true, ""trial_required_tool_ids"": [14, 26, 33]}"
2026-09-02T21:43:02.336-04:00,austin,gesture,hover,hover,r1_gear_rod,Row 1.2: assemble gear rod,ready,2,19,25,GEAR_STAND_ROW4_RIGHT,,,,,,,,,,,,,,,,,,,,,,,"{""acquired_tool_ids"": [26], ""acquisition_complete"": false, ""completed_steps"": [""r1_bearing_right""], ""head_rotation_deg"": null, ""head_translation_m"": null, ""left_hand_translation_m"": null, ""removed_tool_ids"": [19], ""right_hand_translation_m"": null, ""selected_step"": ""r1_gear_rod"", ""step_attempt"": 2, ""step_elapsed_s"": 8.293266690976452, ""step_event_index"": 19, ""total_hand_translation_m"": null, ""trial_finished_elapsed_s"": null, ""trial_recording"": true, ""trial_required_tool_ids"": [14, 26, 33]}"
2026-09-02T21:43:02.651-04:00,austin,gesture,hover,hover,r1_gear_rod,Row 1.2: assemble gear rod,ready,2,20,6,THREAD_CHECKER,,,,,,,,,,,,,,,,,,,,,,,"{""acquired_tool_ids"": [26], ""acquisition_complete"": false, ""completed_steps"": [""r1_bearing_right""], ""head_rotation_deg"": null, ""head_translation_m"": null, ""left_hand_translation_m"": null, ""removed_tool_ids"": [19], ""right_hand_translation_m"": null, ""selected_step"": ""r1_gear_rod"", ""step_attempt"": 2, ""step_elapsed_s"": 8.607821439974941, ""step_event_index"": 20, ""total_hand_translation_m"": null, ""trial_finished_elapsed_s"": null, ""trial_recording"": true, ""trial_required_tool_ids"": [14, 26, 33]}"
2026-09-02T21:43:03.247-04:00,austin,gesture,hover,hover,r1_gear_rod,Row 1.2: assemble gear rod,ready,2,21,14,GEAR_ROD_ROW1,,,,,,,,,,,,,,,,,,,,,,,"{""acquired_tool_ids"": [26], ""acquisition_complete"": false, ""completed_steps"": [""r1_bearing_right""], ""head_rotation_deg"": null, ""head_translation_m"": null, ""left_hand_translation_m"": null, ""removed_tool_ids"": [19], ""right_hand_translation_m"": null, ""selected_step"": ""r1_gear_rod"", ""step_attempt"": 2, ""step_elapsed_s"": 9.204030636989046, ""step_event_index"": 21, ""total_hand_translation_m"": null, ""trial_finished_elapsed_s"": null, ""trial_recording"": true, ""trial_required_tool_ids"": [14, 26, 33]}"
2026-09-02T21:43:04.815-04:00,austin,gesture,part_selection,click,r1_gear_rod,Row 1.2: assemble gear rod,ready,2,22,14,GEAR_ROD_ROW1,5.436339,10.771703,,,,,,,,,,,,,,,1,,,,,,"{""acquired_tool_ids"": [14, 26], ""acquisition_complete"": false, ""completed_steps"": [""r1_bearing_right""], ""head_rotation_deg"": null, ""head_translation_m"": null, ""left_hand_translation_m"": null, ""removed_tool_ids"": [19], ""right_hand_translation_m"": null, ""selected_step"": ""r1_gear_rod"", ""step_attempt"": 2, ""step_elapsed_s"": 10.771780647977721, ""step_event_index"": 22, ""total_hand_translation_m"": null, ""trial_finished_elapsed_s"": null, ""trial_recording"": true, ""trial_required_tool_ids"": [14, 26, 33]}"
2026-09-02T21:43:04.875-04:00,austin,gesture,object_acquired,click,r1_gear_rod,Row 1.2: assemble gear rod,ready,2,23,14,GEAR_ROD_ROW1,5.436339,10.771703,,,,,,,,,,,,,,,1,,,,,,"{""acquired_tool_ids"": [14, 26], ""acquisition_complete"": false, ""completed_steps"": [""r1_bearing_right""], ""head_rotation_deg"": null, ""head_translation_m"": null, ""left_hand_translation_m"": null, ""removed_tool_ids"": [19], ""right_hand_translation_m"": null, ""selected_step"": ""r1_gear_rod"", ""step_attempt"": 2, ""step_elapsed_s"": 10.831846178974956, ""step_event_index"": 23, ""total_hand_translation_m"": null, ""trial_finished_elapsed_s"": null, ""trial_recording"": true, ""trial_required_tool_ids"": [14, 26, 33]}"
2026-09-02T21:43:06.117-04:00,austin,gesture,hover,hover,r1_gear_rod,Row 1.2: assemble gear rod,ready,2,24,15,GEAR_ROD_ROW2,,,,,,,,,,,,,,,,,,,,,,,"{""acquired_tool_ids"": [14, 26], ""acquisition_complete"": false, ""completed_steps"": [""r1_bearing_right""], ""head_rotation_deg"": null, ""head_translation_m"": null, ""left_hand_translation_m"": null, ""removed_tool_ids"": [19], ""right_hand_translation_m"": null, ""selected_step"": ""r1_gear_rod"", ""step_attempt"": 2, ""step_elapsed_s"": 12.073507535969839, ""step_event_index"": 24, ""total_hand_translation_m"": null, ""trial_finished_elapsed_s"": null, ""trial_recording"": true, ""trial_required_tool_ids"": [14, 26, 33]}"
2026-09-02T21:43:06.375-04:00,austin,gesture,hover,hover,r1_gear_rod,Row 1.2: assemble gear rod,ready,2,25,16,GEAR_ROD_ROW3,,,,,,,,,,,,,,,,,,,,,,,"{""acquired_tool_ids"": [14, 26], ""acquisition_complete"": false, ""completed_steps"": [""r1_bearing_right""], ""head_rotation_deg"": null, ""head_translation_m"": null, ""left_hand_translation_m"": null, ""removed_tool_ids"": [19], ""right_hand_translation_m"": null, ""selected_step"": ""r1_gear_rod"", ""step_attempt"": 2, ""step_elapsed_s"": 12.332177777949255, ""step_event_index"": 25, ""total_hand_translation_m"": null, ""trial_finished_elapsed_s"": null, ""trial_recording"": true, ""trial_required_tool_ids"": [14, 26, 33]}"
2026-09-02T21:43:06.622-04:00,austin,gesture,hover,hover,r1_gear_rod,Row 1.2: assemble gear rod,ready,2,26,17,GEAR_ROD_ROW4,,,,,,,,,,,,,,,,,,,,,,,"{""acquired_tool_ids"": [14, 26], ""acquisition_complete"": false, ""completed_steps"": [""r1_bearing_right""], ""head_rotation_deg"": null, ""head_translation_m"": null, ""left_hand_translation_m"": null, ""removed_tool_ids"": [19], ""right_hand_translation_m"": null, ""selected_step"": ""r1_gear_rod"", ""step_attempt"": 2, ""step_elapsed_s"": 12.578928039991297, ""step_event_index"": 26, ""total_hand_translation_m"": null, ""trial_finished_elapsed_s"": null, ""trial_recording"": true, ""trial_required_tool_ids"": [14, 26, 33]}"
2026-09-02T21:43:08.417-04:00,austin,gesture,hover,hover,r1_gear_rod,Row 1.2: assemble gear rod,ready,2,27,29,GEAR_ROW3_LEFT,,,,,,,,,,,,,,,,,,,,,,,"{""acquired_tool_ids"": [14, 26], ""acquisition_complete"": false, ""completed_steps"": [""r1_bearing_right""], ""head_rotation_deg"": null, ""head_translation_m"": null, ""left_hand_translation_m"": null, ""removed_tool_ids"": [19], ""right_hand_translation_m"": null, ""selected_step"": ""r1_gear_rod"", ""step_attempt"": 2, ""step_elapsed_s"": 14.373537721985485, ""step_event_index"": 27, ""total_hand_translation_m"": null, ""trial_finished_elapsed_s"": null, ""trial_recording"": true, ""trial_required_tool_ids"": [14, 26, 33]}"
2026-09-02T21:43:08.699-04:00,austin,gesture,hover,hover,r1_gear_rod,Row 1.2: assemble gear rod,ready,2,28,21,GEAR_STAND_ROW2_RIGHT,,,,,,,,,,,,,,,,,,,,,,,"{""acquired_tool_ids"": [14, 26], ""acquisition_complete"": false, ""completed_steps"": [""r1_bearing_right""], ""head_rotation_deg"": null, ""head_translation_m"": null, ""left_hand_translation_m"": null, ""removed_tool_ids"": [19], ""right_hand_translation_m"": null, ""selected_step"": ""r1_gear_rod"", ""step_attempt"": 2, ""step_elapsed_s"": 14.656347038981039, ""step_event_index"": 28, ""total_hand_translation_m"": null, ""trial_finished_elapsed_s"": null, ""trial_recording"": true, ""trial_required_tool_ids"": [14, 26, 33]}"
2026-09-02T21:43:08.744-04:00,austin,gesture,hover,hover,r1_gear_rod,Row 1.2: assemble gear rod,ready,2,29,23,GEAR_STAND_ROW3_RIGHT,,,,,,,,,,,,,,,,,,,,,,,"{""acquired_tool_ids"": [14, 26], ""acquisition_complete"": false, ""completed_steps"": [""r1_bearing_right""], ""head_rotation_deg"": null, ""head_translation_m"": null, ""left_hand_translation_m"": null, ""removed_tool_ids"": [19], ""right_hand_translation_m"": null, ""selected_step"": ""r1_gear_rod"", ""step_attempt"": 2, ""step_elapsed_s"": 14.701071950956248, ""step_event_index"": 29, ""total_hand_translation_m"": null, ""trial_finished_elapsed_s"": null, ""trial_recording"": true, ""trial_required_tool_ids"": [14, 26, 33]}"
2026-09-02T21:43:09.167-04:00,austin,gesture,hover,hover,r1_gear_rod,Row 1.2: assemble gear rod,ready,2,30,20,GEAR_STAND_ROW2_LEFT,,,,,,,,,,,,,,,,,,,,,,,"{""acquired_tool_ids"": [14, 26], ""acquisition_complete"": false, ""completed_steps"": [""r1_bearing_right""], ""head_rotation_deg"": null, ""head_translation_m"": null, ""left_hand_translation_m"": null, ""removed_tool_ids"": [19], ""right_hand_translation_m"": null, ""selected_step"": ""r1_gear_rod"", ""step_attempt"": 2, ""step_elapsed_s"": 15.123687958985101, ""step_event_index"": 30, ""total_hand_translation_m"": null, ""trial_finished_elapsed_s"": null, ""trial_recording"": true, ""trial_required_tool_ids"": [14, 26, 33]}"
2026-09-02T21:43:09.484-04:00,austin,gesture,hover,hover,r1_gear_rod,Row 1.2: assemble gear rod,ready,2,31,21,GEAR_STAND_ROW2_RIGHT,,,,,,,,,,,,,,,,,,,,,,,"{""acquired_tool_ids"": [14, 26], ""acquisition_complete"": false, ""completed_steps"": [""r1_bearing_right""], ""head_rotation_deg"": null, ""head_translation_m"": null, ""left_hand_translation_m"": null, ""removed_tool_ids"": [19], ""right_hand_translation_m"": null, ""selected_step"": ""r1_gear_rod"", ""step_attempt"": 2, ""step_elapsed_s"": 15.441246396978386, ""step_event_index"": 31, ""total_hand_translation_m"": null, ""trial_finished_elapsed_s"": null, ""trial_recording"": true, ""trial_required_tool_ids"": [14, 26, 33]}"
2026-09-02T21:43:09.515-04:00,austin,gesture,hover,hover,r1_gear_rod,Row 1.2: assemble gear rod,ready,2,32,23,GEAR_STAND_ROW3_RIGHT,,,,,,,,,,,,,,,,,,,,,,,"{""acquired_tool_ids"": [14, 26], ""acquisition_complete"": false, ""completed_steps"": [""r1_bearing_right""], ""head_rotation_deg"": null, ""head_translation_m"": null, ""left_hand_translation_m"": null, ""removed_tool_ids"": [19], ""right_hand_translation_m"": null, ""selected_step"": ""r1_gear_rod"", ""step_attempt"": 2, ""step_elapsed_s"": 15.47217498900136, ""step_event_index"": 32, ""total_hand_translation_m"": null, ""trial_finished_elapsed_s"": null, ""trial_recording"": true, ""trial_required_tool_ids"": [14, 26, 33]}"
2026-09-02T21:43:09.531-04:00,austin,gesture,hover,hover,r1_gear_rod,Row 1.2: assemble gear rod,ready,2,33,21,GEAR_STAND_ROW2_RIGHT,,,,,,,,,,,,,,,,,,,,,,,"{""acquired_tool_ids"": [14, 26], ""acquisition_complete"": false, ""completed_steps"": [""r1_bearing_right""], ""head_rotation_deg"": null, ""head_translation_m"": null, ""left_hand_translation_m"": null, ""removed_tool_ids"": [19], ""right_hand_translation_m"": null, ""selected_step"": ""r1_gear_rod"", ""step_attempt"": 2, ""step_elapsed_s"": 15.48755458695814, ""step_event_index"": 33, ""total_hand_translation_m"": null, ""trial_finished_elapsed_s"": null, ""trial_recording"": true, ""trial_required_tool_ids"": [14, 26, 33]}"
2026-09-02T21:43:10.201-04:00,austin,gesture,hover,hover,r1_gear_rod,Row 1.2: assemble gear rod,ready,2,34,23,GEAR_STAND_ROW3_RIGHT,,,,,,,,,,,,,,,,,,,,,,,"{""acquired_tool_ids"": [14, 26], ""acquisition_complete"": false, ""completed_steps"": [""r1_bearing_right""], ""head_rotation_deg"": null, ""head_translation_m"": null, ""left_hand_translation_m"": null, ""removed_tool_ids"": [19], ""right_hand_translation_m"": null, ""selected_step"": ""r1_gear_rod"", ""step_attempt"": 2, ""step_elapsed_s"": 16.157756289001554, ""step_event_index"": 34, ""total_hand_translation_m"": null, ""trial_finished_elapsed_s"": null, ""trial_recording"": true, ""trial_required_tool_ids"": [14, 26, 33]}"
2026-09-02T21:43:10.238-04:00,austin,gesture,hover,hover,r1_gear_rod,Row 1.2: assemble gear rod,ready,2,35,21,GEAR_STAND_ROW2_RIGHT,,,,,,,,,,,,,,,,,,,,,,,"{""acquired_tool_ids"": [14, 26], ""acquisition_complete"": false, ""completed_steps"": [""r1_bearing_right""], ""head_rotation_deg"": null, ""head_translation_m"": null, ""left_hand_translation_m"": null, ""removed_tool_ids"": [19], ""right_hand_translation_m"": null, ""selected_step"": ""r1_gear_rod"", ""step_attempt"": 2, ""step_elapsed_s"": 16.194437551952433, ""step_event_index"": 35, ""total_hand_translation_m"": null, ""trial_finished_elapsed_s"": null, ""trial_recording"": true, ""trial_required_tool_ids"": [14, 26, 33]}"
2026-09-02T21:43:10.280-04:00,austin,gesture,hover,hover,r1_gear_rod,Row 1.2: assemble gear rod,ready,2,36,20,GEAR_STAND_ROW2_LEFT,,,,,,,,,,,,,,,,,,,,,,,"{""acquired_tool_ids"": [14, 26], ""acquisition_complete"": false, ""completed_steps"": [""r1_bearing_right""], ""head_rotation_deg"": null, ""head_translation_m"": null, ""left_hand_translation_m"": null, ""removed_tool_ids"": [19], ""right_hand_translation_m"": null, ""selected_step"": ""r1_gear_rod"", ""step_attempt"": 2, ""step_elapsed_s"": 16.237399915000424, ""step_event_index"": 36, ""total_hand_translation_m"": null, ""trial_finished_elapsed_s"": null, ""trial_recording"": true, ""trial_required_tool_ids"": [14, 26, 33]}"
2026-09-02T21:43:10.326-04:00,austin,gesture,hover,hover,r1_gear_rod,Row 1.2: assemble gear rod,ready,2,37,18,GEAR_STAND_ROW1_LEFT,,,,,,,,,,,,,,,,,,,,,,,"{""acquired_tool_ids"": [14, 26], ""acquisition_complete"": false, ""completed_steps"": [""r1_bearing_right""], ""head_rotation_deg"": null, ""head_translation_m"": null, ""left_hand_translation_m"": null, ""removed_tool_ids"": [19], ""right_hand_translation_m"": null, ""selected_step"": ""r1_gear_rod"", ""step_attempt"": 2, ""step_elapsed_s"": 16.282440113951452, ""step_event_index"": 37, ""total_hand_translation_m"": null, ""trial_finished_elapsed_s"": null, ""trial_recording"": true, ""trial_required_tool_ids"": [14, 26, 33]}"
2026-09-02T21:43:10.834-04:00,austin,gesture,hover,hover,r1_gear_rod,Row 1.2: assemble gear rod,ready,2,38,21,GEAR_STAND_ROW2_RIGHT,,,,,,,,,,,,,,,,,,,,,,,"{""acquired_tool_ids"": [14, 26], ""acquisition_complete"": false, ""completed_steps"": [""r1_bearing_right""], ""head_rotation_deg"": null, ""head_translation_m"": null, ""left_hand_translation_m"": null, ""removed_tool_ids"": [19], ""right_hand_translation_m"": null, ""selected_step"": ""r1_gear_rod"", ""step_attempt"": 2, ""step_elapsed_s"": 16.790724847000092, ""step_event_index"": 38, ""total_hand_translation_m"": null, ""trial_finished_elapsed_s"": null, ""trial_recording"": true, ""trial_required_tool_ids"": [14, 26, 33]}"
2026-09-02T21:43:11.001-04:00,austin,gesture,hover,hover,r1_gear_rod,Row 1.2: assemble gear rod,ready,2,39,18,GEAR_STAND_ROW1_LEFT,,,,,,,,,,,,,,,,,,,,,,,"{""acquired_tool_ids"": [14, 26], ""acquisition_complete"": false, ""completed_steps"": [""r1_bearing_right""], ""head_rotation_deg"": null, ""head_translation_m"": null, ""left_hand_translation_m"": null, ""removed_tool_ids"": [19], ""right_hand_translation_m"": null, ""selected_step"": ""r1_gear_rod"", ""step_attempt"": 2, ""step_elapsed_s"": 16.957932836958207, ""step_event_index"": 39, ""total_hand_translation_m"": null, ""trial_finished_elapsed_s"": null, ""trial_recording"": true, ""trial_required_tool_ids"": [14, 26, 33]}"
2026-09-02T21:43:12.069-04:00,austin,gesture,hover,hover,r1_gear_rod,Row 1.2: assemble gear rod,ready,2,40,18,GEAR_STAND_ROW1_LEFT,,,,,,,,,,,,,,,,,,,,,,,"{""acquired_tool_ids"": [14, 26], ""acquisition_complete"": false, ""completed_steps"": [""r1_bearing_right""], ""head_rotation_deg"": null, ""head_translation_m"": null, ""left_hand_translation_m"": null, ""removed_tool_ids"": [19], ""right_hand_translation_m"": null, ""selected_step"": ""r1_gear_rod"", ""step_attempt"": 2, ""step_elapsed_s"": 18.025507468963042, ""step_event_index"": 40, ""total_hand_translation_m"": null, ""trial_finished_elapsed_s"": null, ""trial_recording"": true, ""trial_required_tool_ids"": [14, 26, 33]}"
2026-09-02T21:43:12.131-04:00,austin,gesture,part_selection,click,r1_gear_rod,Row 1.2: assemble gear rod,ready,2,41,18,GEAR_STAND_ROW1_LEFT,7.316045,18.087748,,,,,,,,,,,,,,,0,,,,,,"{""acquired_tool_ids"": [14, 26], ""acquisition_complete"": false, ""completed_steps"": [""r1_bearing_right""], ""head_rotation_deg"": null, ""head_translation_m"": null, ""left_hand_translation_m"": null, ""removed_tool_ids"": [19], ""right_hand_translation_m"": null, ""selected_step"": ""r1_gear_rod"", ""step_attempt"": 2, ""step_elapsed_s"": 18.087765975971706, ""step_event_index"": 41, ""total_hand_translation_m"": null, ""trial_finished_elapsed_s"": null, ""trial_recording"": true, ""trial_required_tool_ids"": [14, 26, 33]}"
2026-09-02T21:43:14.769-04:00,austin,gesture,hover,hover,r1_gear_rod,Row 1.2: assemble gear rod,ready,2,42,34,BEARINGS,,,,,,,,,,,,,,,,,,,,,,,"{""acquired_tool_ids"": [14, 26], ""acquisition_complete"": false, ""completed_steps"": [""r1_bearing_right""], ""head_rotation_deg"": null, ""head_translation_m"": null, ""left_hand_translation_m"": null, ""removed_tool_ids"": [19], ""right_hand_translation_m"": null, ""selected_step"": ""r1_gear_rod"", ""step_attempt"": 2, ""step_elapsed_s"": 20.72638670995366, ""step_event_index"": 42, ""total_hand_translation_m"": null, ""trial_finished_elapsed_s"": null, ""trial_recording"": true, ""trial_required_tool_ids"": [14, 26, 33]}"
2026-09-02T21:43:15.970-04:00,austin,gesture,hover,hover,r1_gear_rod,Row 1.2: assemble gear rod,ready,2,43,33,PINS,,,,,,,,,,,,,,,,,,,,,,,"{""acquired_tool_ids"": [14, 26], ""acquisition_complete"": false, ""completed_steps"": [""r1_bearing_right""], ""head_rotation_deg"": null, ""head_translation_m"": null, ""left_hand_translation_m"": null, ""removed_tool_ids"": [19], ""right_hand_translation_m"": null, ""selected_step"": ""r1_gear_rod"", ""step_attempt"": 2, ""step_elapsed_s"": 21.926676150003914, ""step_event_index"": 43, ""total_hand_translation_m"": null, ""trial_finished_elapsed_s"": null, ""trial_recording"": true, ""trial_required_tool_ids"": [14, 26, 33]}"
2026-09-02T21:43:16.092-04:00,austin,gesture,hover,hover,r1_gear_rod,Row 1.2: assemble gear rod,ready,2,44,32,CRANK_HANDLE,,,,,,,,,,,,,,,,,,,,,,,"{""acquired_tool_ids"": [14, 26], ""acquisition_complete"": false, ""completed_steps"": [""r1_bearing_right""], ""head_rotation_deg"": null, ""head_translation_m"": null, ""left_hand_translation_m"": null, ""removed_tool_ids"": [19], ""right_hand_translation_m"": null, ""selected_step"": ""r1_gear_rod"", ""step_attempt"": 2, ""step_elapsed_s"": 22.049368807987776, ""step_event_index"": 44, ""total_hand_translation_m"": null, ""trial_finished_elapsed_s"": null, ""trial_recording"": true, ""trial_required_tool_ids"": [14, 26, 33]}"
2026-09-02T21:43:16.278-04:00,austin,gesture,hover,hover,r1_gear_rod,Row 1.2: assemble gear rod,ready,2,45,27,GEAR_ROW2_LEFT,,,,,,,,,,,,,,,,,,,,,,,"{""acquired_tool_ids"": [14, 26], ""acquisition_complete"": false, ""completed_steps"": [""r1_bearing_right""], ""head_rotation_deg"": null, ""head_translation_m"": null, ""left_hand_translation_m"": null, ""removed_tool_ids"": [19], ""right_hand_translation_m"": null, ""selected_step"": ""r1_gear_rod"", ""step_attempt"": 2, ""step_elapsed_s"": 22.235055040975567, ""step_event_index"": 45, ""total_hand_translation_m"": null, ""trial_finished_elapsed_s"": null, ""trial_recording"": true, ""trial_required_tool_ids"": [14, 26, 33]}"
2026-09-02T21:43:16.317-04:00,austin,gesture,hover,hover,r1_gear_rod,Row 1.2: assemble gear rod,ready,2,46,30,GEAR_ROW3_RIGHT,,,,,,,,,,,,,,,,,,,,,,,"{""acquired_tool_ids"": [14, 26], ""acquisition_complete"": false, ""completed_steps"": [""r1_bearing_right""], ""head_rotation_deg"": null, ""head_translation_m"": null, ""left_hand_translation_m"": null, ""removed_tool_ids"": [19], ""right_hand_translation_m"": null, ""selected_step"": ""r1_gear_rod"", ""step_attempt"": 2, ""step_elapsed_s"": 22.27347309695324, ""step_event_index"": 46, ""total_hand_translation_m"": null, ""trial_finished_elapsed_s"": null, ""trial_recording"": true, ""trial_required_tool_ids"": [14, 26, 33]}"
2026-09-02T21:43:16.771-04:00,austin,gesture,hover,hover,r1_gear_rod,Row 1.2: assemble gear rod,ready,2,47,32,CRANK_HANDLE,,,,,,,,,,,,,,,,,,,,,,,"{""acquired_tool_ids"": [14, 26], ""acquisition_complete"": false, ""completed_steps"": [""r1_bearing_right""], ""head_rotation_deg"": null, ""head_translation_m"": null, ""left_hand_translation_m"": null, ""removed_tool_ids"": [19], ""right_hand_translation_m"": null, ""selected_step"": ""r1_gear_rod"", ""step_attempt"": 2, ""step_elapsed_s"": 22.72781234094873, ""step_event_index"": 47, ""total_hand_translation_m"": null, ""trial_finished_elapsed_s"": null, ""trial_recording"": true, ""trial_required_tool_ids"": [14, 26, 33]}"
2026-09-02T21:43:18.139-04:00,austin,gesture,hover,hover,r1_gear_rod,Row 1.2: assemble gear rod,ready,2,48,34,BEARINGS,,,,,,,,,,,,,,,,,,,,,,,"{""acquired_tool_ids"": [14, 26], ""acquisition_complete"": false, ""completed_steps"": [""r1_bearing_right""], ""head_rotation_deg"": null, ""head_translation_m"": null, ""left_hand_translation_m"": null, ""removed_tool_ids"": [19], ""right_hand_translation_m"": null, ""selected_step"": ""r1_gear_rod"", ""step_attempt"": 2, ""step_elapsed_s"": 24.095637655002065, ""step_event_index"": 48, ""total_hand_translation_m"": null, ""trial_finished_elapsed_s"": null, ""trial_recording"": true, ""trial_required_tool_ids"": [14, 26, 33]}"
2026-09-02T21:43:18.209-04:00,austin,gesture,hover,hover,r1_gear_rod,Row 1.2: assemble gear rod,ready,2,49,27,GEAR_ROW2_LEFT,,,,,,,,,,,,,,,,,,,,,,,"{""acquired_tool_ids"": [14, 26], ""acquisition_complete"": false, ""completed_steps"": [""r1_bearing_right""], ""head_rotation_deg"": null, ""head_translation_m"": null, ""left_hand_translation_m"": null, ""removed_tool_ids"": [19], ""right_hand_translation_m"": null, ""selected_step"": ""r1_gear_rod"", ""step_attempt"": 2, ""step_elapsed_s"": 24.165813237952534, ""step_event_index"": 49, ""total_hand_translation_m"": null, ""trial_finished_elapsed_s"": null, ""trial_recording"": true, ""trial_required_tool_ids"": [14, 26, 33]}"
2026-09-02T21:43:18.755-04:00,austin,gesture,hover,hover,r1_gear_rod,Row 1.2: assemble gear rod,ready,2,50,32,CRANK_HANDLE,,,,,,,,,,,,,,,,,,,,,,,"{""acquired_tool_ids"": [14, 26], ""acquisition_complete"": false, ""completed_steps"": [""r1_bearing_right""], ""head_rotation_deg"": null, ""head_translation_m"": null, ""left_hand_translation_m"": null, ""removed_tool_ids"": [19], ""right_hand_translation_m"": null, ""selected_step"": ""r1_gear_rod"", ""step_attempt"": 2, ""step_elapsed_s"": 24.71167746296851, ""step_event_index"": 50, ""total_hand_translation_m"": null, ""trial_finished_elapsed_s"": null, ""trial_recording"": true, ""trial_required_tool_ids"": [14, 26, 33]}"
2026-09-02T21:43:18.957-04:00,austin,gesture,hover,hover,r1_gear_rod,Row 1.2: assemble gear rod,ready,2,51,33,PINS,,,,,,,,,,,,,,,,,,,,,,,"{""acquired_tool_ids"": [14, 26], ""acquisition_complete"": false, ""completed_steps"": [""r1_bearing_right""], ""head_rotation_deg"": null, ""head_translation_m"": null, ""left_hand_translation_m"": null, ""removed_tool_ids"": [19], ""right_hand_translation_m"": null, ""selected_step"": ""r1_gear_rod"", ""step_attempt"": 2, ""step_elapsed_s"": 24.91428474796703, ""step_event_index"": 51, ""total_hand_translation_m"": null, ""trial_finished_elapsed_s"": null, ""trial_recording"": true, ""trial_required_tool_ids"": [14, 26, 33]}"
2026-09-02T21:43:19.839-04:00,austin,gesture,part_selection,click,r1_gear_rod,Row 1.2: assemble gear rod,ready,2,52,33,PINS,15.023712,25.795415,,,,,,,,,,,,,,,1,,,,,,"{""acquired_tool_ids"": [14, 26, 33], ""acquisition_complete"": false, ""completed_steps"": [""r1_bearing_right""], ""head_rotation_deg"": null, ""head_translation_m"": null, ""left_hand_translation_m"": null, ""removed_tool_ids"": [19], ""right_hand_translation_m"": null, ""selected_step"": ""r1_gear_rod"", ""step_attempt"": 2, ""step_elapsed_s"": 25.795454531966243, ""step_event_index"": 52, ""total_hand_translation_m"": null, ""trial_finished_elapsed_s"": null, ""trial_recording"": true, ""trial_required_tool_ids"": [14, 26, 33]}"
2026-09-02T21:43:19.914-04:00,austin,gesture,object_acquired,click,r1_gear_rod,Row 1.2: assemble gear rod,ready,2,53,33,PINS,15.023712,25.795415,,,,,,,,,,,,,,,1,,,,,,"{""acquired_tool_ids"": [14, 26, 33], ""acquisition_complete"": false, ""completed_steps"": [""r1_bearing_right""], ""head_rotation_deg"": null, ""head_translation_m"": null, ""left_hand_translation_m"": null, ""removed_tool_ids"": [19], ""right_hand_translation_m"": null, ""selected_step"": ""r1_gear_rod"", ""step_attempt"": 2, ""step_elapsed_s"": 25.87137787399115, ""step_event_index"": 53, ""total_hand_translation_m"": null, ""trial_finished_elapsed_s"": null, ""trial_recording"": true, ""trial_required_tool_ids"": [14, 26, 33]}"
2026-09-02T21:43:19.968-04:00,austin,gesture,step_acquisition_complete,click,r1_gear_rod,Row 1.2: assemble gear rod,ready,2,54,,,,25.923327,1.167156,557.958740,3.032135,1.401121,4.433256,0.000000,16.385959,16.385959,63.625487,0,48,0.000000,0.649510,0.649510,,,,,,,"{""acquired_tool_ids"": [14, 26, 33], ""acquisition_complete"": true, ""any_hover_time_s"": 16.385958779021166, ""completed_steps"": [""r1_bearing_right""], ""head_rotation_deg"": 557.9587396913147, ""head_translation_m"": 1.1671559973236594, ""hover_time_percent"": 63.62548679354433, ""left_hand_translation_m"": 3.032135254535759, ""left_hover_episodes"": 0, ""left_hover_time_s"": 0.0, ""left_hover_translation_m"": 0.0, ""removed_tool_ids"": [14, 19, 26], ""right_hand_translation_m"": 1.4011206673437544, ""right_hover_episodes"": 48, ""right_hover_time_s"": 16.385958779021166, ""right_hover_translation_m"": 0.6495102782114378, ""selected_step"": ""r1_gear_rod"", ""step_attempt"": 2, ""step_elapsed_s"": 25.923327195981983, ""step_event_index"": 54, ""total_hand_translation_m"": 4.433255921879513, ""total_hover_translation_m"": 0.6495102782114378, ""trial_finished_elapsed_s"": 25.923327195981983, ""trial_recording"": false, ""trial_required_tool_ids"": [14, 26, 33]}"
2026-09-02T21:43:19.997-04:00,austin,gesture,graph_complete,,r1_gear_rod,Row 1.2: assemble gear rod,complete,2,55,,,,,,,,,,,,,,,,,,,,,,,,,"{""acquired_tool_ids"": [14, 26, 33], ""acquisition_complete"": true, ""any_hover_time_s"": 16.385958779021166, ""completed_steps"": [""r1_bearing_right"", ""r1_gear_rod""], ""head_rotation_deg"": 557.9587396913147, ""head_translation_m"": 1.1671559973236594, ""hover_time_percent"": 63.62548679354433, ""left_hand_translation_m"": 3.032135254535759, ""left_hover_episodes"": 0, ""left_hover_time_s"": 0.0, ""left_hover_translation_m"": 0.0, ""removed_tool_ids"": [14, 19, 26], ""right_hand_translation_m"": 1.4011206673437544, ""right_hover_episodes"": 48, ""right_hover_time_s"": 16.385958779021166, ""right_hover_translation_m"": 0.6495102782114378, ""selected_step"": ""r1_gear_rod"", ""step_attempt"": 2, ""step_elapsed_s"": 25.923327195981983, ""step_event_index"": 55, ""total_hand_translation_m"": 4.433255921879513, ""total_hover_translation_m"": 0.6495102782114378, ""trial_finished_elapsed_s"": 25.923327195981983, ""trial_recording"": false, ""trial_required_tool_ids"": [14, 26, 33]}"
2026-09-02T21:43:36.247-04:00,austin,gesture,step_started,keyboard,r2_gear_rod,Row 2.2: assemble gear rod,ready,3,1,,,,,,,,,,,,,,,,,,,,,,,,,"{""acquired_tool_ids"": [], ""acquisition_complete"": false, ""completed_steps"": [""r1_bearing_right"", ""r1_gear_rod""], ""head_rotation_deg"": null, ""head_translation_m"": null, ""left_hand_translation_m"": null, ""removed_tool_ids"": [14, 19, 26], ""right_hand_translation_m"": null, ""selected_step"": ""r2_gear_rod"", ""step_attempt"": 3, ""step_elapsed_s"": 6.899097934365273e-05, ""step_event_index"": 1, ""total_hand_translation_m"": null, ""trial_finished_elapsed_s"": null, ""trial_recording"": true, ""trial_required_tool_ids"": [15, 27, 28]}"
2026-09-02T21:43:36.813-04:00,austin,gesture,hover,hover,r2_gear_rod,Row 2.2: assemble gear rod,ready,3,2,15,GEAR_ROD_ROW2,,,,,,,,,,,,,,,,,,,,,,,"{""acquired_tool_ids"": [], ""acquisition_complete"": false, ""completed_steps"": [""r1_bearing_right"", ""r1_gear_rod""], ""head_rotation_deg"": null, ""head_translation_m"": null, ""left_hand_translation_m"": null, ""removed_tool_ids"": [14, 19, 26], ""right_hand_translation_m"": null, ""selected_step"": ""r2_gear_rod"", ""step_attempt"": 3, ""step_elapsed_s"": 0.5662502819905058, ""step_event_index"": 2, ""total_hand_translation_m"": null, ""trial_finished_elapsed_s"": null, ""trial_recording"": true, ""trial_required_tool_ids"": [15, 27, 28]}"
2026-09-02T21:43:37.232-04:00,austin,gesture,hover,hover,r2_gear_rod,Row 2.2: assemble gear rod,ready,3,3,16,GEAR_ROD_ROW3,,,,,,,,,,,,,,,,,,,,,,,"{""acquired_tool_ids"": [], ""acquisition_complete"": false, ""completed_steps"": [""r1_bearing_right"", ""r1_gear_rod""], ""head_rotation_deg"": null, ""head_translation_m"": null, ""left_hand_translation_m"": null, ""removed_tool_ids"": [14, 19, 26], ""right_hand_translation_m"": null, ""selected_step"": ""r2_gear_rod"", ""step_attempt"": 3, ""step_elapsed_s"": 0.9854208990000188, ""step_event_index"": 3, ""total_hand_translation_m"": null, ""trial_finished_elapsed_s"": null, ""trial_recording"": true, ""trial_required_tool_ids"": [15, 27, 28]}"
2026-09-02T21:43:37.605-04:00,austin,gesture,hover,hover,r2_gear_rod,Row 2.2: assemble gear rod,ready,3,4,15,GEAR_ROD_ROW2,,,,,,,,,,,,,,,,,,,,,,,"{""acquired_tool_ids"": [], ""acquisition_complete"": false, ""completed_steps"": [""r1_bearing_right"", ""r1_gear_rod""], ""head_rotation_deg"": null, ""head_translation_m"": null, ""left_hand_translation_m"": null, ""removed_tool_ids"": [14, 19, 26], ""right_hand_translation_m"": null, ""selected_step"": ""r2_gear_rod"", ""step_attempt"": 3, ""step_elapsed_s"": 1.3584004869917408, ""step_event_index"": 4, ""total_hand_translation_m"": null, ""trial_finished_elapsed_s"": null, ""trial_recording"": true, ""trial_required_tool_ids"": [15, 27, 28]}"
2026-09-02T21:43:38.033-04:00,austin,gesture,hover,hover,r2_gear_rod,Row 2.2: assemble gear rod,ready,3,5,16,GEAR_ROD_ROW3,,,,,,,,,,,,,,,,,,,,,,,"{""acquired_tool_ids"": [], ""acquisition_complete"": false, ""completed_steps"": [""r1_bearing_right"", ""r1_gear_rod""], ""head_rotation_deg"": null, ""head_translation_m"": null, ""left_hand_translation_m"": null, ""removed_tool_ids"": [14, 19, 26], ""right_hand_translation_m"": null, ""selected_step"": ""r2_gear_rod"", ""step_attempt"": 3, ""step_elapsed_s"": 1.786408545973245, ""step_event_index"": 5, ""total_hand_translation_m"": null, ""trial_finished_elapsed_s"": null, ""trial_recording"": true, ""trial_required_tool_ids"": [15, 27, 28]}"
2026-09-02T21:43:38.320-04:00,austin,gesture,hover,hover,r2_gear_rod,Row 2.2: assemble gear rod,ready,3,6,15,GEAR_ROD_ROW2,,,,,,,,,,,,,,,,,,,,,,,"{""acquired_tool_ids"": [], ""acquisition_complete"": false, ""completed_steps"": [""r1_bearing_right"", ""r1_gear_rod""], ""head_rotation_deg"": null, ""head_translation_m"": null, ""left_hand_translation_m"": null, ""removed_tool_ids"": [14, 19, 26], ""right_hand_translation_m"": null, ""selected_step"": ""r2_gear_rod"", ""step_attempt"": 3, ""step_elapsed_s"": 2.0734862859826535, ""step_event_index"": 6, ""total_hand_translation_m"": null, ""trial_finished_elapsed_s"": null, ""trial_recording"": true, ""trial_required_tool_ids"": [15, 27, 28]}"
2026-09-02T21:43:39.714-04:00,austin,gesture,part_selection,click,r2_gear_rod,Row 2.2: assemble gear rod,ready,3,7,15,GEAR_ROD_ROW2,3.467742,3.467742,,,,,,,,,,,,,,,1,,,,,,"{""acquired_tool_ids"": [15], ""acquisition_complete"": false, ""completed_steps"": [""r1_bearing_right"", ""r1_gear_rod""], ""head_rotation_deg"": null, ""head_translation_m"": null, ""left_hand_translation_m"": null, ""removed_tool_ids"": [14, 19, 26], ""right_hand_translation_m"": null, ""selected_step"": ""r2_gear_rod"", ""step_attempt"": 3, ""step_elapsed_s"": 3.467789031972643, ""step_event_index"": 7, ""total_hand_translation_m"": null, ""trial_finished_elapsed_s"": null, ""trial_recording"": true, ""trial_required_tool_ids"": [15, 27, 28]}"
2026-09-02T21:43:39.750-04:00,austin,gesture,object_acquired,click,r2_gear_rod,Row 2.2: assemble gear rod,ready,3,8,15,GEAR_ROD_ROW2,3.467742,3.467742,,,,,,,,,,,,,,,1,,,,,,"{""acquired_tool_ids"": [15], ""acquisition_complete"": false, ""completed_steps"": [""r1_bearing_right"", ""r1_gear_rod""], ""head_rotation_deg"": null, ""head_translation_m"": null, ""left_hand_translation_m"": null, ""removed_tool_ids"": [14, 19, 26], ""right_hand_translation_m"": null, ""selected_step"": ""r2_gear_rod"", ""step_attempt"": 3, ""step_elapsed_s"": 3.503669604950119, ""step_event_index"": 8, ""total_hand_translation_m"": null, ""trial_finished_elapsed_s"": null, ""trial_recording"": true, ""trial_required_tool_ids"": [15, 27, 28]}"
2026-09-02T21:43:40.915-04:00,austin,gesture,hover,hover,r2_gear_rod,Row 2.2: assemble gear rod,ready,3,9,15,GEAR_ROD_ROW2,,,,,,,,,,,,,,,,,,,,,,,"{""acquired_tool_ids"": [15], ""acquisition_complete"": false, ""completed_steps"": [""r1_bearing_right"", ""r1_gear_rod""], ""head_rotation_deg"": null, ""head_translation_m"": null, ""left_hand_translation_m"": null, ""removed_tool_ids"": [14, 19, 26], ""right_hand_translation_m"": null, ""selected_step"": ""r2_gear_rod"", ""step_attempt"": 3, ""step_elapsed_s"": 4.668195334961638, ""step_event_index"": 9, ""total_hand_translation_m"": null, ""trial_finished_elapsed_s"": null, ""trial_recording"": true, ""trial_required_tool_ids"": [15, 27, 28]}"
2026-09-02T21:43:42.099-04:00,austin,gesture,hover,hover,r2_gear_rod,Row 2.2: assemble gear rod,ready,3,10,6,THREAD_CHECKER,,,,,,,,,,,,,,,,,,,,,,,"{""acquired_tool_ids"": [15], ""acquisition_complete"": false, ""completed_steps"": [""r1_bearing_right"", ""r1_gear_rod""], ""head_rotation_deg"": null, ""head_translation_m"": null, ""left_hand_translation_m"": null, ""removed_tool_ids"": [14, 19, 26], ""right_hand_translation_m"": null, ""selected_step"": ""r2_gear_rod"", ""step_attempt"": 3, ""step_elapsed_s"": 5.852445486991201, ""step_event_index"": 10, ""total_hand_translation_m"": null, ""trial_finished_elapsed_s"": null, ""trial_recording"": true, ""trial_required_tool_ids"": [15, 27, 28]}"
2026-09-02T21:43:42.384-04:00,austin,gesture,hover,hover,r2_gear_rod,Row 2.2: assemble gear rod,ready,3,11,9,BIT_WRENCH,,,,,,,,,,,,,,,,,,,,,,,"{""acquired_tool_ids"": [15], ""acquisition_complete"": false, ""completed_steps"": [""r1_bearing_right"", ""r1_gear_rod""], ""head_rotation_deg"": null, ""head_translation_m"": null, ""left_hand_translation_m"": null, ""removed_tool_ids"": [14, 19, 26], ""right_hand_translation_m"": null, ""selected_step"": ""r2_gear_rod"", ""step_attempt"": 3, ""step_elapsed_s"": 6.137409896997269, ""step_event_index"": 11, ""total_hand_translation_m"": null, ""trial_finished_elapsed_s"": null, ""trial_recording"": true, ""trial_required_tool_ids"": [15, 27, 28]}"
2026-09-02T21:43:42.784-04:00,austin,gesture,hover,hover,r2_gear_rod,Row 2.2: assemble gear rod,ready,3,12,8,BOX_CUTTER,,,,,,,,,,,,,,,,,,,,,,,"{""acquired_tool_ids"": [15], ""acquisition_complete"": false, ""completed_steps"": [""r1_bearing_right"", ""r1_gear_rod""], ""head_rotation_deg"": null, ""head_translation_m"": null, ""left_hand_translation_m"": null, ""removed_tool_ids"": [14, 19, 26], ""right_hand_translation_m"": null, ""selected_step"": ""r2_gear_rod"", ""step_attempt"": 3, ""step_elapsed_s"": 6.537487194989808, ""step_event_index"": 12, ""total_hand_translation_m"": null, ""trial_finished_elapsed_s"": null, ""trial_recording"": true, ""trial_required_tool_ids"": [15, 27, 28]}"
2026-09-02T21:43:43.216-04:00,austin,gesture,hover,hover,r2_gear_rod,Row 2.2: assemble gear rod,ready,3,13,23,GEAR_STAND_ROW3_RIGHT,,,,,,,,,,,,,,,,,,,,,,,"{""acquired_tool_ids"": [15], ""acquisition_complete"": false, ""completed_steps"": [""r1_bearing_right"", ""r1_gear_rod""], ""head_rotation_deg"": null, ""head_translation_m"": null, ""left_hand_translation_m"": null, ""removed_tool_ids"": [14, 19, 26], ""right_hand_translation_m"": null, ""selected_step"": ""r2_gear_rod"", ""step_attempt"": 3, ""step_elapsed_s"": 6.969145596958697, ""step_event_index"": 13, ""total_hand_translation_m"": null, ""trial_finished_elapsed_s"": null, ""trial_recording"": true, ""trial_required_tool_ids"": [15, 27, 28]}"
2026-09-02T21:43:43.820-04:00,austin,gesture,hover,hover,r2_gear_rod,Row 2.2: assemble gear rod,ready,3,14,25,GEAR_STAND_ROW4_RIGHT,,,,,,,,,,,,,,,,,,,,,,,"{""acquired_tool_ids"": [15], ""acquisition_complete"": false, ""completed_steps"": [""r1_bearing_right"", ""r1_gear_rod""], ""head_rotation_deg"": null, ""head_translation_m"": null, ""left_hand_translation_m"": null, ""removed_tool_ids"": [14, 19, 26], ""right_hand_translation_m"": null, ""selected_step"": ""r2_gear_rod"", ""step_attempt"": 3, ""step_elapsed_s"": 7.572975849965587, ""step_event_index"": 14, ""total_hand_translation_m"": null, ""trial_finished_elapsed_s"": null, ""trial_recording"": true, ""trial_required_tool_ids"": [15, 27, 28]}"
2026-09-02T21:43:44.203-04:00,austin,gesture,hover,hover,r2_gear_rod,Row 2.2: assemble gear rod,ready,3,15,23,GEAR_STAND_ROW3_RIGHT,,,,,,,,,,,,,,,,,,,,,,,"{""acquired_tool_ids"": [15], ""acquisition_complete"": false, ""completed_steps"": [""r1_bearing_right"", ""r1_gear_rod""], ""head_rotation_deg"": null, ""head_translation_m"": null, ""left_hand_translation_m"": null, ""removed_tool_ids"": [14, 19, 26], ""right_hand_translation_m"": null, ""selected_step"": ""r2_gear_rod"", ""step_attempt"": 3, ""step_elapsed_s"": 7.956243975961115, ""step_event_index"": 15, ""total_hand_translation_m"": null, ""trial_finished_elapsed_s"": null, ""trial_recording"": true, ""trial_required_tool_ids"": [15, 27, 28]}"
2026-09-02T21:43:44.265-04:00,austin,gesture,hover,hover,r2_gear_rod,Row 2.2: assemble gear rod,ready,3,16,21,GEAR_STAND_ROW2_RIGHT,,,,,,,,,,,,,,,,,,,,,,,"{""acquired_tool_ids"": [15], ""acquisition_complete"": false, ""completed_steps"": [""r1_bearing_right"", ""r1_gear_rod""], ""head_rotation_deg"": null, ""head_translation_m"": null, ""left_hand_translation_m"": null, ""removed_tool_ids"": [14, 19, 26], ""right_hand_translation_m"": null, ""selected_step"": ""r2_gear_rod"", ""step_attempt"": 3, ""step_elapsed_s"": 8.018252596957609, ""step_event_index"": 16, ""total_hand_translation_m"": null, ""trial_finished_elapsed_s"": null, ""trial_recording"": true, ""trial_required_tool_ids"": [15, 27, 28]}"
2026-09-02T21:43:44.884-04:00,austin,gesture,hover,hover,r2_gear_rod,Row 2.2: assemble gear rod,ready,3,17,35,SCREWS,,,,,,,,,,,,,,,,,,,,,,,"{""acquired_tool_ids"": [15], ""acquisition_complete"": false, ""completed_steps"": [""r1_bearing_right"", ""r1_gear_rod""], ""head_rotation_deg"": null, ""head_translation_m"": null, ""left_hand_translation_m"": null, ""removed_tool_ids"": [14, 19, 26], ""right_hand_translation_m"": null, ""selected_step"": ""r2_gear_rod"", ""step_attempt"": 3, ""step_elapsed_s"": 8.636984786950052, ""step_event_index"": 17, ""total_hand_translation_m"": null, ""trial_finished_elapsed_s"": null, ""trial_recording"": true, ""trial_required_tool_ids"": [15, 27, 28]}"
2026-09-02T21:43:44.982-04:00,austin,gesture,hover,hover,r2_gear_rod,Row 2.2: assemble gear rod,ready,3,18,34,BEARINGS,,,,,,,,,,,,,,,,,,,,,,,"{""acquired_tool_ids"": [15], ""acquisition_complete"": false, ""completed_steps"": [""r1_bearing_right"", ""r1_gear_rod""], ""head_rotation_deg"": null, ""head_translation_m"": null, ""left_hand_translation_m"": null, ""removed_tool_ids"": [14, 19, 26], ""right_hand_translation_m"": null, ""selected_step"": ""r2_gear_rod"", ""step_attempt"": 3, ""step_elapsed_s"": 8.735829335986637, ""step_event_index"": 18, ""total_hand_translation_m"": null, ""trial_finished_elapsed_s"": null, ""trial_recording"": true, ""trial_required_tool_ids"": [15, 27, 28]}"
2026-09-02T21:43:45.143-04:00,austin,gesture,hover,hover,r2_gear_rod,Row 2.2: assemble gear rod,ready,3,19,32,CRANK_HANDLE,,,,,,,,,,,,,,,,,,,,,,,"{""acquired_tool_ids"": [15], ""acquisition_complete"": false, ""completed_steps"": [""r1_bearing_right"", ""r1_gear_rod""], ""head_rotation_deg"": null, ""head_translation_m"": null, ""left_hand_translation_m"": null, ""removed_tool_ids"": [14, 19, 26], ""right_hand_translation_m"": null, ""selected_step"": ""r2_gear_rod"", ""step_attempt"": 3, ""step_elapsed_s"": 8.896546219999436, ""step_event_index"": 19, ""total_hand_translation_m"": null, ""trial_finished_elapsed_s"": null, ""trial_recording"": true, ""trial_required_tool_ids"": [15, 27, 28]}"
2026-09-02T21:43:45.617-04:00,austin,gesture,hover,hover,r2_gear_rod,Row 2.2: assemble gear rod,ready,3,20,27,GEAR_ROW2_LEFT,,,,,,,,,,,,,,,,,,,,,,,"{""acquired_tool_ids"": [15], ""acquisition_complete"": false, ""completed_steps"": [""r1_bearing_right"", ""r1_gear_rod""], ""head_rotation_deg"": null, ""head_translation_m"": null, ""left_hand_translation_m"": null, ""removed_tool_ids"": [14, 19, 26], ""right_hand_translation_m"": null, ""selected_step"": ""r2_gear_rod"", ""step_attempt"": 3, ""step_elapsed_s"": 9.370643622998614, ""step_event_index"": 20, ""total_hand_translation_m"": null, ""trial_finished_elapsed_s"": null, ""trial_recording"": true, ""trial_required_tool_ids"": [15, 27, 28]}"
2026-09-02T21:43:46.002-04:00,austin,gesture,hover,hover,r2_gear_rod,Row 2.2: assemble gear rod,ready,3,21,28,GEAR_ROW2_RIGHT,,,,,,,,,,,,,,,,,,,,,,,"{""acquired_tool_ids"": [15], ""acquisition_complete"": false, ""completed_steps"": [""r1_bearing_right"", ""r1_gear_rod""], ""head_rotation_deg"": null, ""head_translation_m"": null, ""left_hand_translation_m"": null, ""removed_tool_ids"": [14, 19, 26], ""right_hand_translation_m"": null, ""selected_step"": ""r2_gear_rod"", ""step_attempt"": 3, ""step_elapsed_s"": 9.755369542981498, ""step_event_index"": 21, ""total_hand_translation_m"": null, ""trial_finished_elapsed_s"": null, ""trial_recording"": true, ""trial_required_tool_ids"": [15, 27, 28]}"
2026-09-02T21:43:46.602-04:00,austin,gesture,hover,hover,r2_gear_rod,Row 2.2: assemble gear rod,ready,3,22,27,GEAR_ROW2_LEFT,,,,,,,,,,,,,,,,,,,,,,,"{""acquired_tool_ids"": [15], ""acquisition_complete"": false, ""completed_steps"": [""r1_bearing_right"", ""r1_gear_rod""], ""head_rotation_deg"": null, ""head_translation_m"": null, ""left_hand_translation_m"": null, ""removed_tool_ids"": [14, 19, 26], ""right_hand_translation_m"": null, ""selected_step"": ""r2_gear_rod"", ""step_attempt"": 3, ""step_elapsed_s"": 10.355630439007655, ""step_event_index"": 22, ""total_hand_translation_m"": null, ""trial_finished_elapsed_s"": null, ""trial_recording"": true, ""trial_required_tool_ids"": [15, 27, 28]}"
2026-09-02T21:43:48.554-04:00,austin,gesture,part_selection,click,r2_gear_rod,Row 2.2: assemble gear rod,ready,3,23,27,GEAR_ROW2_LEFT,8.839250,12.306991,,,,,,,,,,,,,,,1,,,,,,"{""acquired_tool_ids"": [15, 27], ""acquisition_complete"": false, ""completed_steps"": [""r1_bearing_right"", ""r1_gear_rod""], ""head_rotation_deg"": null, ""head_translation_m"": null, ""left_hand_translation_m"": null, ""removed_tool_ids"": [14, 19, 26], ""right_hand_translation_m"": null, ""selected_step"": ""r2_gear_rod"", ""step_attempt"": 3, ""step_elapsed_s"": 12.307039848004933, ""step_event_index"": 23, ""total_hand_translation_m"": null, ""trial_finished_elapsed_s"": null, ""trial_recording"": true, ""trial_required_tool_ids"": [15, 27, 28]}"
2026-09-02T21:43:48.616-04:00,austin,gesture,object_acquired,click,r2_gear_rod,Row 2.2: assemble gear rod,ready,3,24,27,GEAR_ROW2_LEFT,8.839250,12.306991,,,,,,,,,,,,,,,1,,,,,,"{""acquired_tool_ids"": [15, 27], ""acquisition_complete"": false, ""completed_steps"": [""r1_bearing_right"", ""r1_gear_rod""], ""head_rotation_deg"": null, ""head_translation_m"": null, ""left_hand_translation_m"": null, ""removed_tool_ids"": [14, 19, 26], ""right_hand_translation_m"": null, ""selected_step"": ""r2_gear_rod"", ""step_attempt"": 3, ""step_elapsed_s"": 12.369436373992357, ""step_event_index"": 24, ""total_hand_translation_m"": null, ""trial_finished_elapsed_s"": null, ""trial_recording"": true, ""trial_required_tool_ids"": [15, 27, 28]}"
2026-09-02T21:43:49.253-04:00,austin,gesture,hover,hover,r2_gear_rod,Row 2.2: assemble gear rod,ready,3,25,30,GEAR_ROW3_RIGHT,,,,,,,,,,,,,,,,,,,,,,,"{""acquired_tool_ids"": [15, 27], ""acquisition_complete"": false, ""completed_steps"": [""r1_bearing_right"", ""r1_gear_rod""], ""head_rotation_deg"": null, ""head_translation_m"": null, ""left_hand_translation_m"": null, ""removed_tool_ids"": [14, 19, 26], ""right_hand_translation_m"": null, ""selected_step"": ""r2_gear_rod"", ""step_attempt"": 3, ""step_elapsed_s"": 13.006849308963865, ""step_event_index"": 25, ""total_hand_translation_m"": null, ""trial_finished_elapsed_s"": null, ""trial_recording"": true, ""trial_required_tool_ids"": [15, 27, 28]}"
2026-09-02T21:43:50.619-04:00,austin,gesture,hover,hover,r2_gear_rod,Row 2.2: assemble gear rod,ready,3,26,29,GEAR_ROW3_LEFT,,,,,,,,,,,,,,,,,,,,,,,"{""acquired_tool_ids"": [15, 27], ""acquisition_complete"": false, ""completed_steps"": [""r1_bearing_right"", ""r1_gear_rod""], ""head_rotation_deg"": null, ""head_translation_m"": null, ""left_hand_translation_m"": null, ""removed_tool_ids"": [14, 19, 26], ""right_hand_translation_m"": null, ""selected_step"": ""r2_gear_rod"", ""step_attempt"": 3, ""step_elapsed_s"": 14.37256448995322, ""step_event_index"": 26, ""total_hand_translation_m"": null, ""trial_finished_elapsed_s"": null, ""trial_recording"": true, ""trial_required_tool_ids"": [15, 27, 28]}"
2026-09-02T21:43:50.919-04:00,austin,gesture,hover,hover,r2_gear_rod,Row 2.2: assemble gear rod,ready,3,27,30,GEAR_ROW3_RIGHT,,,,,,,,,,,,,,,,,,,,,,,"{""acquired_tool_ids"": [15, 27], ""acquisition_complete"": false, ""completed_steps"": [""r1_bearing_right"", ""r1_gear_rod""], ""head_rotation_deg"": null, ""head_translation_m"": null, ""left_hand_translation_m"": null, ""removed_tool_ids"": [14, 19, 26], ""right_hand_translation_m"": null, ""selected_step"": ""r2_gear_rod"", ""step_attempt"": 3, ""step_elapsed_s"": 14.672086371982004, ""step_event_index"": 27, ""total_hand_translation_m"": null, ""trial_finished_elapsed_s"": null, ""trial_recording"": true, ""trial_required_tool_ids"": [15, 27, 28]}"
2026-09-02T21:43:51.305-04:00,austin,gesture,hover,hover,r2_gear_rod,Row 2.2: assemble gear rod,ready,3,28,27,GEAR_ROW2_LEFT,,,,,,,,,,,,,,,,,,,,,,,"{""acquired_tool_ids"": [15, 27], ""acquisition_complete"": false, ""completed_steps"": [""r1_bearing_right"", ""r1_gear_rod""], ""head_rotation_deg"": null, ""head_translation_m"": null, ""left_hand_translation_m"": null, ""removed_tool_ids"": [14, 19, 26], ""right_hand_translation_m"": null, ""selected_step"": ""r2_gear_rod"", ""step_attempt"": 3, ""step_elapsed_s"": 15.058449526957702, ""step_event_index"": 28, ""total_hand_translation_m"": null, ""trial_finished_elapsed_s"": null, ""trial_recording"": true, ""trial_required_tool_ids"": [15, 27, 28]}"
2026-09-02T21:43:51.489-04:00,austin,gesture,hover,hover,r2_gear_rod,Row 2.2: assemble gear rod,ready,3,29,28,GEAR_ROW2_RIGHT,,,,,,,,,,,,,,,,,,,,,,,"{""acquired_tool_ids"": [15, 27], ""acquisition_complete"": false, ""completed_steps"": [""r1_bearing_right"", ""r1_gear_rod""], ""head_rotation_deg"": null, ""head_translation_m"": null, ""left_hand_translation_m"": null, ""removed_tool_ids"": [14, 19, 26], ""right_hand_translation_m"": null, ""selected_step"": ""r2_gear_rod"", ""step_attempt"": 3, ""step_elapsed_s"": 15.242576399003156, ""step_event_index"": 29, ""total_hand_translation_m"": null, ""trial_finished_elapsed_s"": null, ""trial_recording"": true, ""trial_required_tool_ids"": [15, 27, 28]}"
2026-09-02T21:43:51.936-04:00,austin,gesture,hover,hover,r2_gear_rod,Row 2.2: assemble gear rod,ready,3,30,31,GEAR_ROW4_LEFT,,,,,,,,,,,,,,,,,,,,,,,"{""acquired_tool_ids"": [15, 27], ""acquisition_complete"": false, ""completed_steps"": [""r1_bearing_right"", ""r1_gear_rod""], ""head_rotation_deg"": null, ""head_translation_m"": null, ""left_hand_translation_m"": null, ""removed_tool_ids"": [14, 19, 26], ""right_hand_translation_m"": null, ""selected_step"": ""r2_gear_rod"", ""step_attempt"": 3, ""step_elapsed_s"": 15.689411372004542, ""step_event_index"": 30, ""total_hand_translation_m"": null, ""trial_finished_elapsed_s"": null, ""trial_recording"": true, ""trial_required_tool_ids"": [15, 27, 28]}"
2026-09-02T21:43:52.470-04:00,austin,gesture,hover,hover,r2_gear_rod,Row 2.2: assemble gear rod,ready,3,31,28,GEAR_ROW2_RIGHT,,,,,,,,,,,,,,,,,,,,,,,"{""acquired_tool_ids"": [15, 27], ""acquisition_complete"": false, ""completed_steps"": [""r1_bearing_right"", ""r1_gear_rod""], ""head_rotation_deg"": null, ""head_translation_m"": null, ""left_hand_translation_m"": null, ""removed_tool_ids"": [14, 19, 26], ""right_hand_translation_m"": null, ""selected_step"": ""r2_gear_rod"", ""step_attempt"": 3, ""step_elapsed_s"": 16.223758009960875, ""step_event_index"": 31, ""total_hand_translation_m"": null, ""trial_finished_elapsed_s"": null, ""trial_recording"": true, ""trial_required_tool_ids"": [15, 27, 28]}"
2026-09-02T21:43:53.320-04:00,austin,gesture,part_selection,click,r2_gear_rod,Row 2.2: assemble gear rod,ready,3,32,28,GEAR_ROW2_RIGHT,4.766763,17.073754,,,,,,,,,,,,,,,1,,,,,,"{""acquired_tool_ids"": [15, 27, 28], ""acquisition_complete"": false, ""completed_steps"": [""r1_bearing_right"", ""r1_gear_rod""], ""head_rotation_deg"": null, ""head_translation_m"": null, ""left_hand_translation_m"": null, ""removed_tool_ids"": [14, 19, 26], ""right_hand_translation_m"": null, ""selected_step"": ""r2_gear_rod"", ""step_attempt"": 3, ""step_elapsed_s"": 17.073821111000143, ""step_event_index"": 32, ""total_hand_translation_m"": null, ""trial_finished_elapsed_s"": null, ""trial_recording"": true, ""trial_required_tool_ids"": [15, 27, 28]}"
2026-09-02T21:43:53.375-04:00,austin,gesture,object_acquired,click,r2_gear_rod,Row 2.2: assemble gear rod,ready,3,33,28,GEAR_ROW2_RIGHT,4.766763,17.073754,,,,,,,,,,,,,,,1,,,,,,"{""acquired_tool_ids"": [15, 27, 28], ""acquisition_complete"": false, ""completed_steps"": [""r1_bearing_right"", ""r1_gear_rod""], ""head_rotation_deg"": null, ""head_translation_m"": null, ""left_hand_translation_m"": null, ""removed_tool_ids"": [14, 19, 26], ""right_hand_translation_m"": null, ""selected_step"": ""r2_gear_rod"", ""step_attempt"": 3, ""step_elapsed_s"": 17.128757514001336, ""step_event_index"": 33, ""total_hand_translation_m"": null, ""trial_finished_elapsed_s"": null, ""trial_recording"": true, ""trial_required_tool_ids"": [15, 27, 28]}"
2026-09-02T21:43:53.426-04:00,austin,gesture,step_acquisition_complete,click,r2_gear_rod,Row 2.2: assemble gear rod,ready,3,34,,,,17.178497,0.450222,204.981800,0.840432,0.517920,1.358352,0.000000,5.737426,5.737426,61.475726,0,16,0.000000,0.216288,0.216288,,,,,,,"{""acquired_tool_ids"": [15, 27, 28], ""acquisition_complete"": true, ""any_hover_time_s"": 5.737426329927985, ""completed_steps"": [""r1_bearing_right"", ""r1_gear_rod""], ""head_rotation_deg"": 204.98179987143084, ""head_translation_m"": 0.4502215446926788, ""hover_time_percent"": 61.47572560609224, ""left_hand_translation_m"": 0.8404319770645116, ""left_hover_episodes"": 0, ""left_hover_time_s"": 0.0, ""left_hover_translation_m"": 0.0, ""removed_tool_ids"": [14, 15, 19, 26, 27, 28], ""right_hand_translation_m"": 0.5179201719949503, ""right_hover_episodes"": 16, ""right_hover_time_s"": 5.737426329927985, ""right_hover_translation_m"": 0.2162876546277709, ""selected_step"": ""r2_gear_rod"", ""step_attempt"": 3, ""step_elapsed_s"": 17.178497247979976, ""step_event_index"": 34, ""total_hand_translation_m"": 1.3583521490594619, ""total_hover_translation_m"": 0.2162876546277709, ""trial_finished_elapsed_s"": 17.178497247979976, ""trial_recording"": false, ""trial_required_tool_ids"": [15, 27, 28]}"
2026-09-02T21:43:53.474-04:00,austin,gesture,graph_complete,,r2_gear_rod,Row 2.2: assemble gear rod,complete,3,35,,,,,,,,,,,,,,,,,,,,,,,,,"{""acquired_tool_ids"": [15, 27, 28], ""acquisition_complete"": true, ""any_hover_time_s"": 5.737426329927985, ""completed_steps"": [""r1_bearing_right"", ""r1_gear_rod"", ""r2_gear_rod""], ""head_rotation_deg"": 204.98179987143084, ""head_translation_m"": 0.4502215446926788, ""hover_time_percent"": 61.47572560609224, ""left_hand_translation_m"": 0.8404319770645116, ""left_hover_episodes"": 0, ""left_hover_time_s"": 0.0, ""left_hover_translation_m"": 0.0, ""removed_tool_ids"": [14, 15, 19, 26, 27, 28], ""right_hand_translation_m"": 0.5179201719949503, ""right_hover_episodes"": 16, ""right_hover_time_s"": 5.737426329927985, ""right_hover_translation_m"": 0.2162876546277709, ""selected_step"": ""r2_gear_rod"", ""step_attempt"": 3, ""step_elapsed_s"": 17.178497247979976, ""step_event_index"": 35, ""total_hand_translation_m"": 1.3583521490594619, ""total_hover_translation_m"": 0.2162876546277709, ""trial_finished_elapsed_s"": 17.178497247979976, ""trial_recording"": false, ""trial_required_tool_ids"": [15, 27, 28]}"
2026-09-02T21:44:08.630-04:00,austin,gesture,step_started,keyboard,r1_fasten_first_stand,Row 1.4: fasten right stand,ready,4,1,,,,,,,,,,,,,,,,,,,,,,,,,"{""acquired_tool_ids"": [], ""acquisition_complete"": false, ""completed_steps"": [""r1_bearing_right"", ""r1_gear_rod"", ""r2_gear_rod""], ""head_rotation_deg"": null, ""head_translation_m"": null, ""left_hand_translation_m"": null, ""removed_tool_ids"": [14, 15, 19, 26, 27, 28], ""right_hand_translation_m"": null, ""selected_step"": ""r1_fasten_first_stand"", ""step_attempt"": 4, ""step_elapsed_s"": 0.0004446269595064223, ""step_event_index"": 1, ""total_hand_translation_m"": null, ""trial_finished_elapsed_s"": null, ""trial_recording"": true, ""trial_required_tool_ids"": [7, 35, 36]}"
2026-09-02T21:44:10.312-04:00,austin,gesture,hover,hover,r1_fasten_first_stand,Row 1.4: fasten right stand,ready,4,2,34,BEARINGS,,,,,,,,,,,,,,,,,,,,,,,"{""acquired_tool_ids"": [], ""acquisition_complete"": false, ""completed_steps"": [""r1_bearing_right"", ""r1_gear_rod"", ""r2_gear_rod""], ""head_rotation_deg"": null, ""head_translation_m"": null, ""left_hand_translation_m"": null, ""removed_tool_ids"": [14, 15, 19, 26, 27, 28], ""right_hand_translation_m"": null, ""selected_step"": ""r1_fasten_first_stand"", ""step_attempt"": 4, ""step_elapsed_s"": 1.6818518469808623, ""step_event_index"": 2, ""total_hand_translation_m"": null, ""trial_finished_elapsed_s"": null, ""trial_recording"": true, ""trial_required_tool_ids"": [7, 35, 36]}"
2026-09-02T21:44:10.513-04:00,austin,gesture,hover,hover,r1_fasten_first_stand,Row 1.4: fasten right stand,ready,4,3,35,SCREWS,,,,,,,,,,,,,,,,,,,,,,,"{""acquired_tool_ids"": [], ""acquisition_complete"": false, ""completed_steps"": [""r1_bearing_right"", ""r1_gear_rod"", ""r2_gear_rod""], ""head_rotation_deg"": null, ""head_translation_m"": null, ""left_hand_translation_m"": null, ""removed_tool_ids"": [14, 15, 19, 26, 27, 28], ""right_hand_translation_m"": null, ""selected_step"": ""r1_fasten_first_stand"", ""step_attempt"": 4, ""step_elapsed_s"": 1.882845626969356, ""step_event_index"": 3, ""total_hand_translation_m"": null, ""trial_finished_elapsed_s"": null, ""trial_recording"": true, ""trial_required_tool_ids"": [7, 35, 36]}"
2026-09-02T21:44:10.544-04:00,austin,gesture,hover,hover,r1_fasten_first_stand,Row 1.4: fasten right stand,ready,4,4,29,GEAR_ROW3_LEFT,,,,,,,,,,,,,,,,,,,,,,,"{""acquired_tool_ids"": [], ""acquisition_complete"": false, ""completed_steps"": [""r1_bearing_right"", ""r1_gear_rod"", ""r2_gear_rod""], ""head_rotation_deg"": null, ""head_translation_m"": null, ""left_hand_translation_m"": null, ""removed_tool_ids"": [14, 15, 19, 26, 27, 28], ""right_hand_translation_m"": null, ""selected_step"": ""r1_fasten_first_stand"", ""step_attempt"": 4, ""step_elapsed_s"": 1.9142441119765863, ""step_event_index"": 4, ""total_hand_translation_m"": null, ""trial_finished_elapsed_s"": null, ""trial_recording"": true, ""trial_required_tool_ids"": [7, 35, 36]}"
2026-09-02T21:44:11.329-04:00,austin,gesture,hover,hover,r1_fasten_first_stand,Row 1.4: fasten right stand,ready,4,5,35,SCREWS,,,,,,,,,,,,,,,,,,,,,,,"{""acquired_tool_ids"": [], ""acquisition_complete"": false, ""completed_steps"": [""r1_bearing_right"", ""r1_gear_rod"", ""r2_gear_rod""], ""head_rotation_deg"": null, ""head_translation_m"": null, ""left_hand_translation_m"": null, ""removed_tool_ids"": [14, 15, 19, 26, 27, 28], ""right_hand_translation_m"": null, ""selected_step"": ""r1_fasten_first_stand"", ""step_attempt"": 4, ""step_elapsed_s"": 2.6990373299922794, ""step_event_index"": 5, ""total_hand_translation_m"": null, ""trial_finished_elapsed_s"": null, ""trial_recording"": true, ""trial_required_tool_ids"": [7, 35, 36]}"
2026-09-02T21:44:13.196-04:00,austin,gesture,part_selection,click,r1_fasten_first_stand,Row 1.4: fasten right stand,ready,4,6,35,SCREWS,4.566655,4.566655,,,,,,,,,,,,,,,1,,,,,,"{""acquired_tool_ids"": [35], ""acquisition_complete"": false, ""completed_steps"": [""r1_bearing_right"", ""r1_gear_rod"", ""r2_gear_rod""], ""head_rotation_deg"": null, ""head_translation_m"": null, ""left_hand_translation_m"": null, ""removed_tool_ids"": [14, 15, 19, 26, 27, 28], ""right_hand_translation_m"": null, ""selected_step"": ""r1_fasten_first_stand"", ""step_attempt"": 4, ""step_elapsed_s"": 4.566705569974147, ""step_event_index"": 6, ""total_hand_translation_m"": null, ""trial_finished_elapsed_s"": null, ""trial_recording"": true, ""trial_required_tool_ids"": [7, 35, 36]}"
2026-09-02T21:44:13.228-04:00,austin,gesture,object_acquired,click,r1_fasten_first_stand,Row 1.4: fasten right stand,ready,4,7,35,SCREWS,4.566655,4.566655,,,,,,,,,,,,,,,1,,,,,,"{""acquired_tool_ids"": [35], ""acquisition_complete"": false, ""completed_steps"": [""r1_bearing_right"", ""r1_gear_rod"", ""r2_gear_rod""], ""head_rotation_deg"": null, ""head_translation_m"": null, ""left_hand_translation_m"": null, ""removed_tool_ids"": [14, 15, 19, 26, 27, 28], ""right_hand_translation_m"": null, ""selected_step"": ""r1_fasten_first_stand"", ""step_attempt"": 4, ""step_elapsed_s"": 4.5984971189755015, ""step_event_index"": 7, ""total_hand_translation_m"": null, ""trial_finished_elapsed_s"": null, ""trial_recording"": true, ""trial_required_tool_ids"": [7, 35, 36]}"
2026-09-02T21:44:14.947-04:00,austin,gesture,hover,hover,r1_fasten_first_stand,Row 1.4: fasten right stand,ready,4,8,35,SCREWS,,,,,,,,,,,,,,,,,,,,,,,"{""acquired_tool_ids"": [35], ""acquisition_complete"": false, ""completed_steps"": [""r1_bearing_right"", ""r1_gear_rod"", ""r2_gear_rod""], ""head_rotation_deg"": null, ""head_translation_m"": null, ""left_hand_translation_m"": null, ""removed_tool_ids"": [14, 15, 19, 26, 27, 28], ""right_hand_translation_m"": null, ""selected_step"": ""r1_fasten_first_stand"", ""step_attempt"": 4, ""step_elapsed_s"": 6.3169159579556435, ""step_event_index"": 8, ""total_hand_translation_m"": null, ""trial_finished_elapsed_s"": null, ""trial_recording"": true, ""trial_required_tool_ids"": [7, 35, 36]}"
2026-09-02T21:44:15.130-04:00,austin,gesture,hover,hover,r1_fasten_first_stand,Row 1.4: fasten right stand,ready,4,9,18,GEAR_STAND_ROW1_LEFT,,,,,,,,,,,,,,,,,,,,,,,"{""acquired_tool_ids"": [35], ""acquisition_complete"": false, ""completed_steps"": [""r1_bearing_right"", ""r1_gear_rod"", ""r2_gear_rod""], ""head_rotation_deg"": null, ""head_translation_m"": null, ""left_hand_translation_m"": null, ""removed_tool_ids"": [14, 15, 19, 26, 27, 28], ""right_hand_translation_m"": null, ""selected_step"": ""r1_fasten_first_stand"", ""step_attempt"": 4, ""step_elapsed_s"": 6.50013180996757, ""step_event_index"": 9, ""total_hand_translation_m"": null, ""trial_finished_elapsed_s"": null, ""trial_recording"": true, ""trial_required_tool_ids"": [7, 35, 36]}"
2026-09-02T21:44:15.189-04:00,austin,gesture,hover,hover,r1_fasten_first_stand,Row 1.4: fasten right stand,ready,4,10,21,GEAR_STAND_ROW2_RIGHT,,,,,,,,,,,,,,,,,,,,,,,"{""acquired_tool_ids"": [35], ""acquisition_complete"": false, ""completed_steps"": [""r1_bearing_right"", ""r1_gear_rod"", ""r2_gear_rod""], ""head_rotation_deg"": null, ""head_translation_m"": null, ""left_hand_translation_m"": null, ""removed_tool_ids"": [14, 15, 19, 26, 27, 28], ""right_hand_translation_m"": null, ""selected_step"": ""r1_fasten_first_stand"", ""step_attempt"": 4, ""step_elapsed_s"": 6.559392380993813, ""step_event_index"": 10, ""total_hand_translation_m"": null, ""trial_finished_elapsed_s"": null, ""trial_recording"": true, ""trial_required_tool_ids"": [7, 35, 36]}"
2026-09-02T21:44:15.230-04:00,austin,gesture,hover,hover,r1_fasten_first_stand,Row 1.4: fasten right stand,ready,4,11,18,GEAR_STAND_ROW1_LEFT,,,,,,,,,,,,,,,,,,,,,,,"{""acquired_tool_ids"": [35], ""acquisition_complete"": false, ""completed_steps"": [""r1_bearing_right"", ""r1_gear_rod"", ""r2_gear_rod""], ""head_rotation_deg"": null, ""head_translation_m"": null, ""left_hand_translation_m"": null, ""removed_tool_ids"": [14, 15, 19, 26, 27, 28], ""right_hand_translation_m"": null, ""selected_step"": ""r1_fasten_first_stand"", ""step_attempt"": 4, ""step_elapsed_s"": 6.600623176957015, ""step_event_index"": 11, ""total_hand_translation_m"": null, ""trial_finished_elapsed_s"": null, ""trial_recording"": true, ""trial_required_tool_ids"": [7, 35, 36]}"
2026-09-02T21:44:15.417-04:00,austin,gesture,hover,hover,r1_fasten_first_stand,Row 1.4: fasten right stand,ready,4,12,9,BIT_WRENCH,,,,,,,,,,,,,,,,,,,,,,,"{""acquired_tool_ids"": [35], ""acquisition_complete"": false, ""completed_steps"": [""r1_bearing_right"", ""r1_gear_rod"", ""r2_gear_rod""], ""head_rotation_deg"": null, ""head_translation_m"": null, ""left_hand_translation_m"": null, ""removed_tool_ids"": [14, 15, 19, 26, 27, 28], ""right_hand_translation_m"": null, ""selected_step"": ""r1_fasten_first_stand"", ""step_attempt"": 4, ""step_elapsed_s"": 6.787005501973908, ""step_event_index"": 12, ""total_hand_translation_m"": null, ""trial_finished_elapsed_s"": null, ""trial_recording"": true, ""trial_required_tool_ids"": [7, 35, 36]}"
2026-09-02T21:44:15.482-04:00,austin,gesture,hover,hover,r1_fasten_first_stand,Row 1.4: fasten right stand,ready,4,13,8,BOX_CUTTER,,,,,,,,,,,,,,,,,,,,,,,"{""acquired_tool_ids"": [35], ""acquisition_complete"": false, ""completed_steps"": [""r1_bearing_right"", ""r1_gear_rod"", ""r2_gear_rod""], ""head_rotation_deg"": null, ""head_translation_m"": null, ""left_hand_translation_m"": null, ""removed_tool_ids"": [14, 15, 19, 26, 27, 28], ""right_hand_translation_m"": null, ""selected_step"": ""r1_fasten_first_stand"", ""step_attempt"": 4, ""step_elapsed_s"": 6.852054007991683, ""step_event_index"": 13, ""total_hand_translation_m"": null, ""trial_finished_elapsed_s"": null, ""trial_recording"": true, ""trial_required_tool_ids"": [7, 35, 36]}"
2026-09-02T21:44:15.866-04:00,austin,gesture,hover,hover,r1_fasten_first_stand,Row 1.4: fasten right stand,ready,4,14,9,BIT_WRENCH,,,,,,,,,,,,,,,,,,,,,,,"{""acquired_tool_ids"": [35], ""acquisition_complete"": false, ""completed_steps"": [""r1_bearing_right"", ""r1_gear_rod"", ""r2_gear_rod""], ""head_rotation_deg"": null, ""head_translation_m"": null, ""left_hand_translation_m"": null, ""removed_tool_ids"": [14, 15, 19, 26, 27, 28], ""right_hand_translation_m"": null, ""selected_step"": ""r1_fasten_first_stand"", ""step_attempt"": 4, ""step_elapsed_s"": 7.236434422957245, ""step_event_index"": 14, ""total_hand_translation_m"": null, ""trial_finished_elapsed_s"": null, ""trial_recording"": true, ""trial_required_tool_ids"": [7, 35, 36]}"
2026-09-02T21:44:17.366-04:00,austin,gesture,hover,hover,r1_fasten_first_stand,Row 1.4: fasten right stand,ready,4,15,8,BOX_CUTTER,,,,,,,,,,,,,,,,,,,,,,,"{""acquired_tool_ids"": [35], ""acquisition_complete"": false, ""completed_steps"": [""r1_bearing_right"", ""r1_gear_rod"", ""r2_gear_rod""], ""head_rotation_deg"": null, ""head_translation_m"": null, ""left_hand_translation_m"": null, ""removed_tool_ids"": [14, 15, 19, 26, 27, 28], ""right_hand_translation_m"": null, ""selected_step"": ""r1_fasten_first_stand"", ""step_attempt"": 4, ""step_elapsed_s"": 8.736450324999169, ""step_event_index"": 15, ""total_hand_translation_m"": null, ""trial_finished_elapsed_s"": null, ""trial_recording"": true, ""trial_required_tool_ids"": [7, 35, 36]}"
2026-09-02T21:44:18.165-04:00,austin,gesture,hover,hover,r1_fasten_first_stand,Row 1.4: fasten right stand,ready,4,16,7,BIT_SCREWDRIVER,,,,,,,,,,,,,,,,,,,,,,,"{""acquired_tool_ids"": [35], ""acquisition_complete"": false, ""completed_steps"": [""r1_bearing_right"", ""r1_gear_rod"", ""r2_gear_rod""], ""head_rotation_deg"": null, ""head_translation_m"": null, ""left_hand_translation_m"": null, ""removed_tool_ids"": [14, 15, 19, 26, 27, 28], ""right_hand_translation_m"": null, ""selected_step"": ""r1_fasten_first_stand"", ""step_attempt"": 4, ""step_elapsed_s"": 9.535144611960277, ""step_event_index"": 16, ""total_hand_translation_m"": null, ""trial_finished_elapsed_s"": null, ""trial_recording"": true, ""trial_required_tool_ids"": [7, 35, 36]}"
2026-09-02T21:44:18.886-04:00,austin,gesture,hover,hover,r1_fasten_first_stand,Row 1.4: fasten right stand,ready,4,17,8,BOX_CUTTER,,,,,,,,,,,,,,,,,,,,,,,"{""acquired_tool_ids"": [35], ""acquisition_complete"": false, ""completed_steps"": [""r1_bearing_right"", ""r1_gear_rod"", ""r2_gear_rod""], ""head_rotation_deg"": null, ""head_translation_m"": null, ""left_hand_translation_m"": null, ""removed_tool_ids"": [14, 15, 19, 26, 27, 28], ""right_hand_translation_m"": null, ""selected_step"": ""r1_fasten_first_stand"", ""step_attempt"": 4, ""step_elapsed_s"": 10.255950442980975, ""step_event_index"": 17, ""total_hand_translation_m"": null, ""trial_finished_elapsed_s"": null, ""trial_recording"": true, ""trial_required_tool_ids"": [7, 35, 36]}"
2026-09-02T21:44:20.116-04:00,austin,gesture,hover,hover,r1_fasten_first_stand,Row 1.4: fasten right stand,ready,4,18,7,BIT_SCREWDRIVER,,,,,,,,,,,,,,,,,,,,,,,"{""acquired_tool_ids"": [35], ""acquisition_complete"": false, ""completed_steps"": [""r1_bearing_right"", ""r1_gear_rod"", ""r2_gear_rod""], ""head_rotation_deg"": null, ""head_translation_m"": null, ""left_hand_translation_m"": null, ""removed_tool_ids"": [14, 15, 19, 26, 27, 28], ""right_hand_translation_m"": null, ""selected_step"": ""r1_fasten_first_stand"", ""step_attempt"": 4, ""step_elapsed_s"": 11.486150498967618, ""step_event_index"": 18, ""total_hand_translation_m"": null, ""trial_finished_elapsed_s"": null, ""trial_recording"": true, ""trial_required_tool_ids"": [7, 35, 36]}"
2026-09-02T21:44:20.800-04:00,austin,gesture,part_selection,click,r1_fasten_first_stand,Row 1.4: fasten right stand,ready,4,19,7,BIT_SCREWDRIVER,7.603681,12.170337,,,,,,,,,,,,,,,1,,,,,,"{""acquired_tool_ids"": [7, 35], ""acquisition_complete"": false, ""completed_steps"": [""r1_bearing_right"", ""r1_gear_rod"", ""r2_gear_rod""], ""head_rotation_deg"": null, ""head_translation_m"": null, ""left_hand_translation_m"": null, ""removed_tool_ids"": [14, 15, 19, 26, 27, 28], ""right_hand_translation_m"": null, ""selected_step"": ""r1_fasten_first_stand"", ""step_attempt"": 4, ""step_elapsed_s"": 12.170383188989945, ""step_event_index"": 19, ""total_hand_translation_m"": null, ""trial_finished_elapsed_s"": null, ""trial_recording"": true, ""trial_required_tool_ids"": [7, 35, 36]}"
2026-09-02T21:44:20.844-04:00,austin,gesture,object_acquired,click,r1_fasten_first_stand,Row 1.4: fasten right stand,ready,4,20,7,BIT_SCREWDRIVER,7.603681,12.170337,,,,,,,,,,,,,,,1,,,,,,"{""acquired_tool_ids"": [7, 35], ""acquisition_complete"": false, ""completed_steps"": [""r1_bearing_right"", ""r1_gear_rod"", ""r2_gear_rod""], ""head_rotation_deg"": null, ""head_translation_m"": null, ""left_hand_translation_m"": null, ""removed_tool_ids"": [14, 15, 19, 26, 27, 28], ""right_hand_translation_m"": null, ""selected_step"": ""r1_fasten_first_stand"", ""step_attempt"": 4, ""step_elapsed_s"": 12.214438227994833, ""step_event_index"": 20, ""total_hand_translation_m"": null, ""trial_finished_elapsed_s"": null, ""trial_recording"": true, ""trial_required_tool_ids"": [7, 35, 36]}"
2026-09-02T21:44:21.601-04:00,austin,gesture,hover,hover,r1_fasten_first_stand,Row 1.4: fasten right stand,ready,4,21,11,FLATHEAD_SCREWDRIVER,,,,,,,,,,,,,,,,,,,,,,,"{""acquired_tool_ids"": [7, 35], ""acquisition_complete"": false, ""completed_steps"": [""r1_bearing_right"", ""r1_gear_rod"", ""r2_gear_rod""], ""head_rotation_deg"": null, ""head_translation_m"": null, ""left_hand_translation_m"": null, ""removed_tool_ids"": [14, 15, 19, 26, 27, 28], ""right_hand_translation_m"": null, ""selected_step"": ""r1_fasten_first_stand"", ""step_attempt"": 4, ""step_elapsed_s"": 12.970749995962251, ""step_event_index"": 21, ""total_hand_translation_m"": null, ""trial_finished_elapsed_s"": null, ""trial_recording"": true, ""trial_required_tool_ids"": [7, 35, 36]}"
2026-09-02T21:44:21.725-04:00,austin,gesture,hover,hover,r1_fasten_first_stand,Row 1.4: fasten right stand,ready,4,22,13,MAGNET_POLE_CHECKER,,,,,,,,,,,,,,,,,,,,,,,"{""acquired_tool_ids"": [7, 35], ""acquisition_complete"": false, ""completed_steps"": [""r1_bearing_right"", ""r1_gear_rod"", ""r2_gear_rod""], ""head_rotation_deg"": null, ""head_translation_m"": null, ""left_hand_translation_m"": null, ""removed_tool_ids"": [14, 15, 19, 26, 27, 28], ""right_hand_translation_m"": null, ""selected_step"": ""r1_fasten_first_stand"", ""step_attempt"": 4, ""step_elapsed_s"": 13.095100590959191, ""step_event_index"": 22, ""total_hand_translation_m"": null, ""trial_finished_elapsed_s"": null, ""trial_recording"": true, ""trial_required_tool_ids"": [7, 35, 36]}"
2026-09-02T21:44:21.806-04:00,austin,gesture,hover,hover,r1_fasten_first_stand,Row 1.4: fasten right stand,ready,4,23,37,BITHOLDER2,,,,,,,,,,,,,,,,,,,,,,,"{""acquired_tool_ids"": [7, 35], ""acquisition_complete"": false, ""completed_steps"": [""r1_bearing_right"", ""r1_gear_rod"", ""r2_gear_rod""], ""head_rotation_deg"": null, ""head_translation_m"": null, ""left_hand_translation_m"": null, ""removed_tool_ids"": [14, 15, 19, 26, 27, 28], ""right_hand_translation_m"": null, ""selected_step"": ""r1_fasten_first_stand"", ""step_attempt"": 4, ""step_elapsed_s"": 13.176349323010072, ""step_event_index"": 23, ""total_hand_translation_m"": null, ""trial_finished_elapsed_s"": null, ""trial_recording"": true, ""trial_required_tool_ids"": [7, 35, 36]}"
2026-09-02T21:44:22.058-04:00,austin,gesture,hover,hover,r1_fasten_first_stand,Row 1.4: fasten right stand,ready,4,24,36,BITHOLDER1,,,,,,,,,,,,,,,,,,,,,,,"{""acquired_tool_ids"": [7, 35], ""acquisition_complete"": false, ""completed_steps"": [""r1_bearing_right"", ""r1_gear_rod"", ""r2_gear_rod""], ""head_rotation_deg"": null, ""head_translation_m"": null, ""left_hand_translation_m"": null, ""removed_tool_ids"": [14, 15, 19, 26, 27, 28], ""right_hand_translation_m"": null, ""selected_step"": ""r1_fasten_first_stand"", ""step_attempt"": 4, ""step_elapsed_s"": 13.428070961963385, ""step_event_index"": 24, ""total_hand_translation_m"": null, ""trial_finished_elapsed_s"": null, ""trial_recording"": true, ""trial_required_tool_ids"": [7, 35, 36]}"
2026-09-02T21:44:23.352-04:00,austin,gesture,part_selection,click,r1_fasten_first_stand,Row 1.4: fasten right stand,ready,4,25,36,BITHOLDER1,2.552248,14.722585,,,,,,,,,,,,,,,1,,,,,,"{""acquired_tool_ids"": [7, 35, 36], ""acquisition_complete"": false, ""completed_steps"": [""r1_bearing_right"", ""r1_gear_rod"", ""r2_gear_rod""], ""head_rotation_deg"": null, ""head_translation_m"": null, ""left_hand_translation_m"": null, ""removed_tool_ids"": [14, 15, 19, 26, 27, 28], ""right_hand_translation_m"": null, ""selected_step"": ""r1_fasten_first_stand"", ""step_attempt"": 4, ""step_elapsed_s"": 14.722629821975715, ""step_event_index"": 25, ""total_hand_translation_m"": null, ""trial_finished_elapsed_s"": null, ""trial_recording"": true, ""trial_required_tool_ids"": [7, 35, 36]}"
2026-09-02T21:44:23.404-04:00,austin,gesture,object_acquired,click,r1_fasten_first_stand,Row 1.4: fasten right stand,ready,4,26,36,BITHOLDER1,2.552248,14.722585,,,,,,,,,,,,,,,1,,,,,,"{""acquired_tool_ids"": [7, 35, 36], ""acquisition_complete"": false, ""completed_steps"": [""r1_bearing_right"", ""r1_gear_rod"", ""r2_gear_rod""], ""head_rotation_deg"": null, ""head_translation_m"": null, ""left_hand_translation_m"": null, ""removed_tool_ids"": [14, 15, 19, 26, 27, 28], ""right_hand_translation_m"": null, ""selected_step"": ""r1_fasten_first_stand"", ""step_attempt"": 4, ""step_elapsed_s"": 14.774419602996204, ""step_event_index"": 26, ""total_hand_translation_m"": null, ""trial_finished_elapsed_s"": null, ""trial_recording"": true, ""trial_required_tool_ids"": [7, 35, 36]}"
2026-09-02T21:44:23.435-04:00,austin,gesture,step_acquisition_complete,click,r1_fasten_first_stand,Row 1.4: fasten right stand,ready,4,27,,,,14.803919,0.248927,103.045089,0.360754,0.476131,0.836885,0.000000,8.011214,8.011214,63.937885,0,16,0.000000,0.137807,0.137807,,,,,,,"{""acquired_tool_ids"": [7, 35, 36], ""acquisition_complete"": true, ""any_hover_time_s"": 8.011214341851883, ""completed_steps"": [""r1_bearing_right"", ""r1_gear_rod"", ""r2_gear_rod""], ""head_rotation_deg"": 103.0450886637455, ""head_translation_m"": 0.24892654013847068, ""hover_time_percent"": 63.93788491759699, ""left_hand_translation_m"": 0.36075388738417913, ""left_hover_episodes"": 0, ""left_hover_time_s"": 0.0, ""left_hover_translation_m"": 0.0, ""removed_tool_ids"": [14, 15, 19, 26, 27, 28], ""right_hand_translation_m"": 0.4761313533751605, ""right_hover_episodes"": 16, ""right_hover_time_s"": 8.011214341851883, ""right_hover_translation_m"": 0.13780653756918532, ""selected_step"": ""r1_fasten_first_stand"", ""step_attempt"": 4, ""step_elapsed_s"": 14.803919325000606, ""step_event_index"": 27, ""total_hand_translation_m"": 0.8368852407593397, ""total_hover_translation_m"": 0.13780653756918532, ""trial_finished_elapsed_s"": 14.803919325000606, ""trial_recording"": false, ""trial_required_tool_ids"": [7, 35, 36]}"
2026-09-02T21:44:23.474-04:00,austin,gesture,graph_complete,,r1_fasten_first_stand,Row 1.4: fasten right stand,complete,4,28,,,,,,,,,,,,,,,,,,,,,,,,,"{""acquired_tool_ids"": [7, 35, 36], ""acquisition_complete"": true, ""any_hover_time_s"": 8.011214341851883, ""completed_steps"": [""r1_bearing_right"", ""r1_gear_rod"", ""r2_gear_rod"", ""r1_fasten_first_stand""], ""head_rotation_deg"": 103.0450886637455, ""head_translation_m"": 0.24892654013847068, ""hover_time_percent"": 63.93788491759699, ""left_hand_translation_m"": 0.36075388738417913, ""left_hover_episodes"": 0, ""left_hover_time_s"": 0.0, ""left_hover_translation_m"": 0.0, ""removed_tool_ids"": [14, 15, 19, 26, 27, 28], ""right_hand_translation_m"": 0.4761313533751605, ""right_hover_episodes"": 16, ""right_hover_time_s"": 8.011214341851883, ""right_hover_translation_m"": 0.13780653756918532, ""selected_step"": ""r1_fasten_first_stand"", ""step_attempt"": 4, ""step_elapsed_s"": 14.803919325000606, ""step_event_index"": 28, ""total_hand_translation_m"": 0.8368852407593397, ""total_hover_translation_m"": 0.13780653756918532, ""trial_finished_elapsed_s"": 14.803919325000606, ""trial_recording"": false, ""trial_required_tool_ids"": [7, 35, 36]}"
2026-09-02T21:44:37.424-04:00,austin,gesture,step_started,keyboard,r1_bearing_left,Row 1.3: bearing into left stand,ready,5,1,,,,,,,,,,,,,,,,,,,,,,,,,"{""acquired_tool_ids"": [], ""acquisition_complete"": false, ""completed_steps"": [""r1_bearing_right"", ""r1_gear_rod"", ""r2_gear_rod"", ""r1_fasten_first_stand""], ""head_rotation_deg"": null, ""head_translation_m"": null, ""left_hand_translation_m"": null, ""removed_tool_ids"": [14, 15, 19, 26, 27, 28], ""right_hand_translation_m"": null, ""selected_step"": ""r1_bearing_left"", ""step_attempt"": 5, ""step_elapsed_s"": 0.00021063099848106503, ""step_event_index"": 1, ""total_hand_translation_m"": null, ""trial_finished_elapsed_s"": null, ""trial_recording"": true, ""trial_required_tool_ids"": [18, 34]}"
2026-09-02T21:44:38.241-04:00,austin,gesture,hover,hover,r1_bearing_left,Row 1.3: bearing into left stand,ready,5,2,35,SCREWS,,,,,,,,,,,,,,,,,,,,,,,"{""acquired_tool_ids"": [], ""acquisition_complete"": false, ""completed_steps"": [""r1_bearing_right"", ""r1_gear_rod"", ""r2_gear_rod"", ""r1_fasten_first_stand""], ""head_rotation_deg"": null, ""head_translation_m"": null, ""left_hand_translation_m"": null, ""removed_tool_ids"": [14, 15, 19, 26, 27, 28], ""right_hand_translation_m"": null, ""selected_step"": ""r1_bearing_left"", ""step_attempt"": 5, ""step_elapsed_s"": 0.8168711609905586, ""step_event_index"": 2, ""total_hand_translation_m"": null, ""trial_finished_elapsed_s"": null, ""trial_recording"": true, ""trial_required_tool_ids"": [18, 34]}"
2026-09-02T21:44:39.491-04:00,austin,gesture,hover,hover,r1_bearing_left,Row 1.3: bearing into left stand,ready,5,3,29,GEAR_ROW3_LEFT,,,,,,,,,,,,,,,,,,,,,,,"{""acquired_tool_ids"": [], ""acquisition_complete"": false, ""completed_steps"": [""r1_bearing_right"", ""r1_gear_rod"", ""r2_gear_rod"", ""r1_fasten_first_stand""], ""head_rotation_deg"": null, ""head_translation_m"": null, ""left_hand_translation_m"": null, ""removed_tool_ids"": [14, 15, 19, 26, 27, 28], ""right_hand_translation_m"": null, ""selected_step"": ""r1_bearing_left"", ""step_attempt"": 5, ""step_elapsed_s"": 2.0673106100293808, ""step_event_index"": 3, ""total_hand_translation_m"": null, ""trial_finished_elapsed_s"": null, ""trial_recording"": true, ""trial_required_tool_ids"": [18, 34]}"
2026-09-02T21:44:39.767-04:00,austin,gesture,hover,hover,r1_bearing_left,Row 1.3: bearing into left stand,ready,5,4,34,BEARINGS,,,,,,,,,,,,,,,,,,,,,,,"{""acquired_tool_ids"": [], ""acquisition_complete"": false, ""completed_steps"": [""r1_bearing_right"", ""r1_gear_rod"", ""r2_gear_rod"", ""r1_fasten_first_stand""], ""head_rotation_deg"": null, ""head_translation_m"": null, ""left_hand_translation_m"": null, ""removed_tool_ids"": [14, 15, 19, 26, 27, 28], ""right_hand_translation_m"": null, ""selected_step"": ""r1_bearing_left"", ""step_attempt"": 5, ""step_elapsed_s"": 2.3426479269983247, ""step_event_index"": 4, ""total_hand_translation_m"": null, ""trial_finished_elapsed_s"": null, ""trial_recording"": true, ""trial_required_tool_ids"": [18, 34]}"
2026-09-02T21:44:39.802-04:00,austin,gesture,hover,hover,r1_bearing_left,Row 1.3: bearing into left stand,ready,5,5,32,CRANK_HANDLE,,,,,,,,,,,,,,,,,,,,,,,"{""acquired_tool_ids"": [], ""acquisition_complete"": false, ""completed_steps"": [""r1_bearing_right"", ""r1_gear_rod"", ""r2_gear_rod"", ""r1_fasten_first_stand""], ""head_rotation_deg"": null, ""head_translation_m"": null, ""left_hand_translation_m"": null, ""removed_tool_ids"": [14, 15, 19, 26, 27, 28], ""right_hand_translation_m"": null, ""selected_step"": ""r1_bearing_left"", ""step_attempt"": 5, ""step_elapsed_s"": 2.3778170680161566, ""step_event_index"": 5, ""total_hand_translation_m"": null, ""trial_finished_elapsed_s"": null, ""trial_recording"": true, ""trial_required_tool_ids"": [18, 34]}"
2026-09-02T21:44:40.809-04:00,austin,gesture,hover,hover,r1_bearing_left,Row 1.3: bearing into left stand,ready,5,6,34,BEARINGS,,,,,,,,,,,,,,,,,,,,,,,"{""acquired_tool_ids"": [], ""acquisition_complete"": false, ""completed_steps"": [""r1_bearing_right"", ""r1_gear_rod"", ""r2_gear_rod"", ""r1_fasten_first_stand""], ""head_rotation_deg"": null, ""head_translation_m"": null, ""left_hand_translation_m"": null, ""removed_tool_ids"": [14, 15, 19, 26, 27, 28], ""right_hand_translation_m"": null, ""selected_step"": ""r1_bearing_left"", ""step_attempt"": 5, ""step_elapsed_s"": 3.3849047120311297, ""step_event_index"": 6, ""total_hand_translation_m"": null, ""trial_finished_elapsed_s"": null, ""trial_recording"": true, ""trial_required_tool_ids"": [18, 34]}"
2026-09-02T21:44:41.760-04:00,austin,gesture,part_selection,click,r1_bearing_left,Row 1.3: bearing into left stand,ready,5,7,34,BEARINGS,4.335746,4.335746,,,,,,,,,,,,,,,1,,,,,,"{""acquired_tool_ids"": [34], ""acquisition_complete"": false, ""completed_steps"": [""r1_bearing_right"", ""r1_gear_rod"", ""r2_gear_rod"", ""r1_fasten_first_stand""], ""head_rotation_deg"": null, ""head_translation_m"": null, ""left_hand_translation_m"": null, ""removed_tool_ids"": [14, 15, 19, 26, 27, 28], ""right_hand_translation_m"": null, ""selected_step"": ""r1_bearing_left"", ""step_attempt"": 5, ""step_elapsed_s"": 4.335794528014958, ""step_event_index"": 7, ""total_hand_translation_m"": null, ""trial_finished_elapsed_s"": null, ""trial_recording"": true, ""trial_required_tool_ids"": [18, 34]}"
2026-09-02T21:44:41.803-04:00,austin,gesture,object_acquired,click,r1_bearing_left,Row 1.3: bearing into left stand,ready,5,8,34,BEARINGS,4.335746,4.335746,,,,,,,,,,,,,,,1,,,,,,"{""acquired_tool_ids"": [34], ""acquisition_complete"": false, ""completed_steps"": [""r1_bearing_right"", ""r1_gear_rod"", ""r2_gear_rod"", ""r1_fasten_first_stand""], ""head_rotation_deg"": null, ""head_translation_m"": null, ""left_hand_translation_m"": null, ""removed_tool_ids"": [14, 15, 19, 26, 27, 28], ""right_hand_translation_m"": null, ""selected_step"": ""r1_bearing_left"", ""step_attempt"": 5, ""step_elapsed_s"": 4.3785225480096415, ""step_event_index"": 8, ""total_hand_translation_m"": null, ""trial_finished_elapsed_s"": null, ""trial_recording"": true, ""trial_required_tool_ids"": [18, 34]}"
2026-09-02T21:44:43.911-04:00,austin,gesture,hover,hover,r1_bearing_left,Row 1.3: bearing into left stand,ready,5,9,35,SCREWS,,,,,,,,,,,,,,,,,,,,,,,"{""acquired_tool_ids"": [34], ""acquisition_complete"": false, ""completed_steps"": [""r1_bearing_right"", ""r1_gear_rod"", ""r2_gear_rod"", ""r1_fasten_first_stand""], ""head_rotation_deg"": null, ""head_translation_m"": null, ""left_hand_translation_m"": null, ""removed_tool_ids"": [14, 15, 19, 26, 27, 28], ""right_hand_translation_m"": null, ""selected_step"": ""r1_bearing_left"", ""step_attempt"": 5, ""step_elapsed_s"": 6.486589326988906, ""step_event_index"": 9, ""total_hand_translation_m"": null, ""trial_finished_elapsed_s"": null, ""trial_recording"": true, ""trial_required_tool_ids"": [18, 34]}"
2026-09-02T21:44:44.046-04:00,austin,gesture,hover,hover,r1_bearing_left,Row 1.3: bearing into left stand,ready,5,10,29,GEAR_ROW3_LEFT,,,,,,,,,,,,,,,,,,,,,,,"{""acquired_tool_ids"": [34], ""acquisition_complete"": false, ""completed_steps"": [""r1_bearing_right"", ""r1_gear_rod"", ""r2_gear_rod"", ""r1_fasten_first_stand""], ""head_rotation_deg"": null, ""head_translation_m"": null, ""left_hand_translation_m"": null, ""removed_tool_ids"": [14, 15, 19, 26, 27, 28], ""right_hand_translation_m"": null, ""selected_step"": ""r1_bearing_left"", ""step_attempt"": 5, ""step_elapsed_s"": 6.62165513302898, ""step_event_index"": 10, ""total_hand_translation_m"": null, ""trial_finished_elapsed_s"": null, ""trial_recording"": true, ""trial_required_tool_ids"": [18, 34]}"
2026-09-02T21:44:44.334-04:00,austin,gesture,hover,hover,r1_bearing_left,Row 1.3: bearing into left stand,ready,5,11,21,GEAR_STAND_ROW2_RIGHT,,,,,,,,,,,,,,,,,,,,,,,"{""acquired_tool_ids"": [34], ""acquisition_complete"": false, ""completed_steps"": [""r1_bearing_right"", ""r1_gear_rod"", ""r2_gear_rod"", ""r1_fasten_first_stand""], ""head_rotation_deg"": null, ""head_translation_m"": null, ""left_hand_translation_m"": null, ""removed_tool_ids"": [14, 15, 19, 26, 27, 28], ""right_hand_translation_m"": null, ""selected_step"": ""r1_bearing_left"", ""step_attempt"": 5, ""step_elapsed_s"": 6.910173640004359, ""step_event_index"": 11, ""total_hand_translation_m"": null, ""trial_finished_elapsed_s"": null, ""trial_recording"": true, ""trial_required_tool_ids"": [18, 34]}"
2026-09-02T21:44:44.703-04:00,austin,gesture,hover,hover,r1_bearing_left,Row 1.3: bearing into left stand,ready,5,12,18,GEAR_STAND_ROW1_LEFT,,,,,,,,,,,,,,,,,,,,,,,"{""acquired_tool_ids"": [34], ""acquisition_complete"": false, ""completed_steps"": [""r1_bearing_right"", ""r1_gear_rod"", ""r2_gear_rod"", ""r1_fasten_first_stand""], ""head_rotation_deg"": null, ""head_translation_m"": null, ""left_hand_translation_m"": null, ""removed_tool_ids"": [14, 15, 19, 26, 27, 28], ""right_hand_translation_m"": null, ""selected_step"": ""r1_bearing_left"", ""step_attempt"": 5, ""step_elapsed_s"": 7.278732074017171, ""step_event_index"": 12, ""total_hand_translation_m"": null, ""trial_finished_elapsed_s"": null, ""trial_recording"": true, ""trial_required_tool_ids"": [18, 34]}"
2026-09-02T21:44:45.878-04:00,austin,gesture,hover,hover,r1_bearing_left,Row 1.3: bearing into left stand,ready,5,13,18,GEAR_STAND_ROW1_LEFT,,,,,,,,,,,,,,,,,,,,,,,"{""acquired_tool_ids"": [34], ""acquisition_complete"": false, ""completed_steps"": [""r1_bearing_right"", ""r1_gear_rod"", ""r2_gear_rod"", ""r1_fasten_first_stand""], ""head_rotation_deg"": null, ""head_translation_m"": null, ""left_hand_translation_m"": null, ""removed_tool_ids"": [14, 15, 19, 26, 27, 28], ""right_hand_translation_m"": null, ""selected_step"": ""r1_bearing_left"", ""step_attempt"": 5, ""step_elapsed_s"": 8.453981238999404, ""step_event_index"": 13, ""total_hand_translation_m"": null, ""trial_finished_elapsed_s"": null, ""trial_recording"": true, ""trial_required_tool_ids"": [18, 34]}"
2026-09-02T21:44:45.925-04:00,austin,gesture,hover,hover,r1_bearing_left,Row 1.3: bearing into left stand,ready,5,14,21,GEAR_STAND_ROW2_RIGHT,,,,,,,,,,,,,,,,,,,,,,,"{""acquired_tool_ids"": [34], ""acquisition_complete"": false, ""completed_steps"": [""r1_bearing_right"", ""r1_gear_rod"", ""r2_gear_rod"", ""r1_fasten_first_stand""], ""head_rotation_deg"": null, ""head_translation_m"": null, ""left_hand_translation_m"": null, ""removed_tool_ids"": [14, 15, 19, 26, 27, 28], ""right_hand_translation_m"": null, ""selected_step"": ""r1_bearing_left"", ""step_attempt"": 5, ""step_elapsed_s"": 8.500713752990123, ""step_event_index"": 14, ""total_hand_translation_m"": null, ""trial_finished_elapsed_s"": null, ""trial_recording"": true, ""trial_required_tool_ids"": [18, 34]}"
2026-09-02T21:44:46.678-04:00,austin,gesture,hover,hover,r1_bearing_left,Row 1.3: bearing into left stand,ready,5,15,18,GEAR_STAND_ROW1_LEFT,,,,,,,,,,,,,,,,,,,,,,,"{""acquired_tool_ids"": [34], ""acquisition_complete"": false, ""completed_steps"": [""r1_bearing_right"", ""r1_gear_rod"", ""r2_gear_rod"", ""r1_fasten_first_stand""], ""head_rotation_deg"": null, ""head_translation_m"": null, ""left_hand_translation_m"": null, ""removed_tool_ids"": [14, 15, 19, 26, 27, 28], ""right_hand_translation_m"": null, ""selected_step"": ""r1_bearing_left"", ""step_attempt"": 5, ""step_elapsed_s"": 9.253937586036045, ""step_event_index"": 15, ""total_hand_translation_m"": null, ""trial_finished_elapsed_s"": null, ""trial_recording"": true, ""trial_required_tool_ids"": [18, 34]}"
2026-09-02T21:44:48.330-04:00,austin,gesture,hover,hover,r1_bearing_left,Row 1.3: bearing into left stand,ready,5,16,18,GEAR_STAND_ROW1_LEFT,,,,,,,,,,,,,,,,,,,,,,,"{""acquired_tool_ids"": [34], ""acquisition_complete"": false, ""completed_steps"": [""r1_bearing_right"", ""r1_gear_rod"", ""r2_gear_rod"", ""r1_fasten_first_stand""], ""head_rotation_deg"": null, ""head_translation_m"": null, ""left_hand_translation_m"": null, ""removed_tool_ids"": [14, 15, 19, 26, 27, 28], ""right_hand_translation_m"": null, ""selected_step"": ""r1_bearing_left"", ""step_attempt"": 5, ""step_elapsed_s"": 10.90603703603847, ""step_event_index"": 16, ""total_hand_translation_m"": null, ""trial_finished_elapsed_s"": null, ""trial_recording"": true, ""trial_required_tool_ids"": [18, 34]}"
2026-09-02T21:44:48.748-04:00,austin,gesture,hover,hover,r1_bearing_left,Row 1.3: bearing into left stand,ready,5,17,21,GEAR_STAND_ROW2_RIGHT,,,,,,,,,,,,,,,,,,,,,,,"{""acquired_tool_ids"": [34], ""acquisition_complete"": false, ""completed_steps"": [""r1_bearing_right"", ""r1_gear_rod"", ""r2_gear_rod"", ""r1_fasten_first_stand""], ""head_rotation_deg"": null, ""head_translation_m"": null, ""left_hand_translation_m"": null, ""removed_tool_ids"": [14, 15, 19, 26, 27, 28], ""right_hand_translation_m"": null, ""selected_step"": ""r1_bearing_left"", ""step_attempt"": 5, ""step_elapsed_s"": 11.3236300330027, ""step_event_index"": 17, ""total_hand_translation_m"": null, ""trial_finished_elapsed_s"": null, ""trial_recording"": true, ""trial_required_tool_ids"": [18, 34]}"
2026-09-02T21:44:48.931-04:00,austin,gesture,part_selection,click,r1_bearing_left,Row 1.3: bearing into left stand,ready,5,18,21,GEAR_STAND_ROW2_RIGHT,7.171101,11.506847,,,,,,,,,,,,,,,0,,,,,,"{""acquired_tool_ids"": [34], ""acquisition_complete"": false, ""completed_steps"": [""r1_bearing_right"", ""r1_gear_rod"", ""r2_gear_rod"", ""r1_fasten_first_stand""], ""head_rotation_deg"": null, ""head_translation_m"": null, ""left_hand_translation_m"": null, ""removed_tool_ids"": [14, 15, 19, 26, 27, 28], ""right_hand_translation_m"": null, ""selected_step"": ""r1_bearing_left"", ""step_attempt"": 5, ""step_elapsed_s"": 11.50686849601334, ""step_event_index"": 18, ""total_hand_translation_m"": null, ""trial_finished_elapsed_s"": null, ""trial_recording"": true, ""trial_required_tool_ids"": [18, 34]}"
2026-09-02T21:44:49.234-04:00,austin,gesture,hover,hover,r1_bearing_left,Row 1.3: bearing into left stand,ready,5,19,18,GEAR_STAND_ROW1_LEFT,,,,,,,,,,,,,,,,,,,,,,,"{""acquired_tool_ids"": [34], ""acquisition_complete"": false, ""completed_steps"": [""r1_bearing_right"", ""r1_gear_rod"", ""r2_gear_rod"", ""r1_fasten_first_stand""], ""head_rotation_deg"": null, ""head_translation_m"": null, ""left_hand_translation_m"": null, ""removed_tool_ids"": [14, 15, 19, 26, 27, 28], ""right_hand_translation_m"": null, ""selected_step"": ""r1_bearing_left"", ""step_attempt"": 5, ""step_elapsed_s"": 11.810150550038088, ""step_event_index"": 19, ""total_hand_translation_m"": null, ""trial_finished_elapsed_s"": null, ""trial_recording"": true, ""trial_required_tool_ids"": [18, 34]}"
2026-09-02T21:44:49.730-04:00,austin,gesture,hover,hover,r1_bearing_left,Row 1.3: bearing into left stand,ready,5,20,21,GEAR_STAND_ROW2_RIGHT,,,,,,,,,,,,,,,,,,,,,,,"{""acquired_tool_ids"": [34], ""acquisition_complete"": false, ""completed_steps"": [""r1_bearing_right"", ""r1_gear_rod"", ""r2_gear_rod"", ""r1_fasten_first_stand""], ""head_rotation_deg"": null, ""head_translation_m"": null, ""left_hand_translation_m"": null, ""removed_tool_ids"": [14, 15, 19, 26, 27, 28], ""right_hand_translation_m"": null, ""selected_step"": ""r1_bearing_left"", ""step_attempt"": 5, ""step_elapsed_s"": 12.305624790024012, ""step_event_index"": 20, ""total_hand_translation_m"": null, ""trial_finished_elapsed_s"": null, ""trial_recording"": true, ""trial_required_tool_ids"": [18, 34]}"
2026-09-02T21:44:49.777-04:00,austin,gesture,part_selection,click,r1_bearing_left,Row 1.3: bearing into left stand,ready,5,21,21,GEAR_STAND_ROW2_RIGHT,8.017170,12.352916,,,,,,,,,,,,,,,0,,,,,,"{""acquired_tool_ids"": [34], ""acquisition_complete"": false, ""completed_steps"": [""r1_bearing_right"", ""r1_gear_rod"", ""r2_gear_rod"", ""r1_fasten_first_stand""], ""head_rotation_deg"": null, ""head_translation_m"": null, ""left_hand_translation_m"": null, ""removed_tool_ids"": [14, 15, 19, 26, 27, 28], ""right_hand_translation_m"": null, ""selected_step"": ""r1_bearing_left"", ""step_attempt"": 5, ""step_elapsed_s"": 12.352953171008267, ""step_event_index"": 21, ""total_hand_translation_m"": null, ""trial_finished_elapsed_s"": null, ""trial_recording"": true, ""trial_required_tool_ids"": [18, 34]}"
2026-09-02T21:44:49.885-04:00,austin,gesture,hover,hover,r1_bearing_left,Row 1.3: bearing into left stand,ready,5,22,18,GEAR_STAND_ROW1_LEFT,,,,,,,,,,,,,,,,,,,,,,,"{""acquired_tool_ids"": [34], ""acquisition_complete"": false, ""completed_steps"": [""r1_bearing_right"", ""r1_gear_rod"", ""r2_gear_rod"", ""r1_fasten_first_stand""], ""head_rotation_deg"": null, ""head_translation_m"": null, ""left_hand_translation_m"": null, ""removed_tool_ids"": [14, 15, 19, 26, 27, 28], ""right_hand_translation_m"": null, ""selected_step"": ""r1_bearing_left"", ""step_attempt"": 5, ""step_elapsed_s"": 12.460959441028535, ""step_event_index"": 22, ""total_hand_translation_m"": null, ""trial_finished_elapsed_s"": null, ""trial_recording"": true, ""trial_required_tool_ids"": [18, 34]}"
2026-09-02T21:44:51.331-04:00,austin,gesture,hover,hover,r1_bearing_left,Row 1.3: bearing into left stand,ready,5,23,18,GEAR_STAND_ROW1_LEFT,,,,,,,,,,,,,,,,,,,,,,,"{""acquired_tool_ids"": [34], ""acquisition_complete"": false, ""completed_steps"": [""r1_bearing_right"", ""r1_gear_rod"", ""r2_gear_rod"", ""r1_fasten_first_stand""], ""head_rotation_deg"": null, ""head_translation_m"": null, ""left_hand_translation_m"": null, ""removed_tool_ids"": [14, 15, 19, 26, 27, 28], ""right_hand_translation_m"": null, ""selected_step"": ""r1_bearing_left"", ""step_attempt"": 5, ""step_elapsed_s"": 13.906532788008917, ""step_event_index"": 23, ""total_hand_translation_m"": null, ""trial_finished_elapsed_s"": null, ""trial_recording"": true, ""trial_required_tool_ids"": [18, 34]}"
2026-09-02T21:44:51.831-04:00,austin,gesture,part_selection,click,r1_bearing_left,Row 1.3: bearing into left stand,ready,5,24,18,GEAR_STAND_ROW1_LEFT,10.070509,14.406255,,,,,,,,,,,,,,,1,,,,,,"{""acquired_tool_ids"": [18, 34], ""acquisition_complete"": false, ""completed_steps"": [""r1_bearing_right"", ""r1_gear_rod"", ""r2_gear_rod"", ""r1_fasten_first_stand""], ""head_rotation_deg"": null, ""head_translation_m"": null, ""left_hand_translation_m"": null, ""removed_tool_ids"": [14, 15, 19, 26, 27, 28], ""right_hand_translation_m"": null, ""selected_step"": ""r1_bearing_left"", ""step_attempt"": 5, ""step_elapsed_s"": 14.406433021998964, ""step_event_index"": 24, ""total_hand_translation_m"": null, ""trial_finished_elapsed_s"": null, ""trial_recording"": true, ""trial_required_tool_ids"": [18, 34]}"
2026-09-02T21:44:51.884-04:00,austin,gesture,object_acquired,click,r1_bearing_left,Row 1.3: bearing into left stand,ready,5,25,18,GEAR_STAND_ROW1_LEFT,10.070509,14.406255,,,,,,,,,,,,,,,1,,,,,,"{""acquired_tool_ids"": [18, 34], ""acquisition_complete"": false, ""completed_steps"": [""r1_bearing_right"", ""r1_gear_rod"", ""r2_gear_rod"", ""r1_fasten_first_stand""], ""head_rotation_deg"": null, ""head_translation_m"": null, ""left_hand_translation_m"": null, ""removed_tool_ids"": [14, 15, 19, 26, 27, 28], ""right_hand_translation_m"": null, ""selected_step"": ""r1_bearing_left"", ""step_attempt"": 5, ""step_elapsed_s"": 14.46011881402228, ""step_event_index"": 25, ""total_hand_translation_m"": null, ""trial_finished_elapsed_s"": null, ""trial_recording"": true, ""trial_required_tool_ids"": [18, 34]}"
2026-09-02T21:44:51.919-04:00,austin,gesture,step_acquisition_complete,click,r1_bearing_left,Row 1.3: bearing into left stand,ready,5,26,,,,14.492961,0.249117,94.736069,0.554035,0.743564,1.297599,0.000000,5.937217,5.937217,41.260638,0,19,0.000000,0.144823,0.144823,,,,,,,"{""acquired_tool_ids"": [18, 34], ""acquisition_complete"": true, ""any_hover_time_s"": 5.937216838996392, ""completed_steps"": [""r1_bearing_right"", ""r1_gear_rod"", ""r2_gear_rod"", ""r1_fasten_first_stand""], ""head_rotation_deg"": 94.73606929775045, ""head_translation_m"": 0.2491173656193362, ""hover_time_percent"": 41.26063777331136, ""left_hand_translation_m"": 0.5540349407944158, ""left_hover_episodes"": 0, ""left_hover_time_s"": 0.0, ""left_hover_translation_m"": 0.0, ""removed_tool_ids"": [14, 15, 18, 19, 26, 27, 28], ""right_hand_translation_m"": 0.7435641650224187, ""right_hover_episodes"": 19, ""right_hover_time_s"": 5.937216838996392, ""right_hover_translation_m"": 0.14482323356390403, ""selected_step"": ""r1_bearing_left"", ""step_attempt"": 5, ""step_elapsed_s"": 14.492961004027165, ""step_event_index"": 26, ""total_hand_translation_m"": 1.2975991058168346, ""total_hover_translation_m"": 0.14482323356390403, ""trial_finished_elapsed_s"": 14.492961004027165, ""trial_recording"": false, ""trial_required_tool_ids"": [18, 34]}"
2026-09-02T21:44:51.951-04:00,austin,gesture,graph_complete,,r1_bearing_left,Row 1.3: bearing into left stand,complete,5,27,,,,,,,,,,,,,,,,,,,,,,,,,"{""acquired_tool_ids"": [18, 34], ""acquisition_complete"": true, ""any_hover_time_s"": 5.937216838996392, ""completed_steps"": [""r1_bearing_right"", ""r1_gear_rod"", ""r2_gear_rod"", ""r1_fasten_first_stand"", ""r1_bearing_left"", ""r1_insert_rod_and_fit_second"", ""r1_fasten_second_stand""], ""head_rotation_deg"": 94.73606929775045, ""head_translation_m"": 0.2491173656193362, ""hover_time_percent"": 41.26063777331136, ""left_hand_translation_m"": 0.5540349407944158, ""left_hover_episodes"": 0, ""left_hover_time_s"": 0.0, ""left_hover_translation_m"": 0.0, ""removed_tool_ids"": [14, 15, 18, 19, 26, 27, 28], ""right_hand_translation_m"": 0.7435641650224187, ""right_hover_episodes"": 19, ""right_hover_time_s"": 5.937216838996392, ""right_hover_translation_m"": 0.14482323356390403, ""selected_step"": ""r1_bearing_left"", ""step_attempt"": 5, ""step_elapsed_s"": 14.492961004027165, ""step_event_index"": 27, ""total_hand_translation_m"": 1.2975991058168346, ""total_hover_translation_m"": 0.14482323356390403, ""trial_finished_elapsed_s"": 14.492961004027165, ""trial_recording"": false, ""trial_required_tool_ids"": [18, 34]}"
2026-09-02T21:45:15.608-04:00,austin,gesture,step_started,keyboard,r2_bearing_right,Row 2.1: bearing into right stand,ready,6,1,,,,,,,,,,,,,,,,,,,,,,,,,"{""acquired_tool_ids"": [], ""acquisition_complete"": false, ""completed_steps"": [""r1_bearing_right"", ""r1_gear_rod"", ""r2_gear_rod"", ""r1_fasten_first_stand"", ""r1_bearing_left"", ""r1_insert_rod_and_fit_second"", ""r1_fasten_second_stand""], ""head_rotation_deg"": null, ""head_translation_m"": null, ""left_hand_translation_m"": null, ""removed_tool_ids"": [14, 15, 18, 19, 26, 27, 28], ""right_hand_translation_m"": null, ""selected_step"": ""r2_bearing_right"", ""step_attempt"": 6, ""step_elapsed_s"": 6.0520018450915813e-05, ""step_event_index"": 1, ""total_hand_translation_m"": null, ""trial_finished_elapsed_s"": null, ""trial_recording"": true, ""trial_required_tool_ids"": [21, 34]}"
2026-09-02T21:45:16.392-04:00,austin,gesture,hover,hover,r2_bearing_right,Row 2.1: bearing into right stand,ready,6,2,33,PINS,,,,,,,,,,,,,,,,,,,,,,,"{""acquired_tool_ids"": [], ""acquisition_complete"": false, ""completed_steps"": [""r1_bearing_right"", ""r1_gear_rod"", ""r2_gear_rod"", ""r1_fasten_first_stand"", ""r1_bearing_left"", ""r1_insert_rod_and_fit_second"", ""r1_fasten_second_stand""], ""head_rotation_deg"": null, ""head_translation_m"": null, ""left_hand_translation_m"": null, ""removed_tool_ids"": [14, 15, 18, 19, 26, 27, 28], ""right_hand_translation_m"": null, ""selected_step"": ""r2_bearing_right"", ""step_attempt"": 6, ""step_elapsed_s"": 0.7843292130273767, ""step_event_index"": 2, ""total_hand_translation_m"": null, ""trial_finished_elapsed_s"": null, ""trial_recording"": true, ""trial_required_tool_ids"": [21, 34]}"
2026-09-02T21:45:16.810-04:00,austin,gesture,hover,hover,r2_bearing_right,Row 2.1: bearing into right stand,ready,6,3,23,GEAR_STAND_ROW3_RIGHT,,,,,,,,,,,,,,,,,,,,,,,"{""acquired_tool_ids"": [], ""acquisition_complete"": false, ""completed_steps"": [""r1_bearing_right"", ""r1_gear_rod"", ""r2_gear_rod"", ""r1_fasten_first_stand"", ""r1_bearing_left"", ""r1_insert_rod_and_fit_second"", ""r1_fasten_second_stand""], ""head_rotation_deg"": null, ""head_translation_m"": null, ""left_hand_translation_m"": null, ""removed_tool_ids"": [14, 15, 18, 19, 26, 27, 28], ""right_hand_translation_m"": null, ""selected_step"": ""r2_bearing_right"", ""step_attempt"": 6, ""step_elapsed_s"": 1.2013983450015076, ""step_event_index"": 3, ""total_hand_translation_m"": null, ""trial_finished_elapsed_s"": null, ""trial_recording"": true, ""trial_required_tool_ids"": [21, 34]}"
2026-09-02T21:45:16.993-04:00,austin,gesture,hover,hover,r2_bearing_right,Row 2.1: bearing into right stand,ready,6,4,21,GEAR_STAND_ROW2_RIGHT,,,,,,,,,,,,,,,,,,,,,,,"{""acquired_tool_ids"": [], ""acquisition_complete"": false, ""completed_steps"": [""r1_bearing_right"", ""r1_gear_rod"", ""r2_gear_rod"", ""r1_fasten_first_stand"", ""r1_bearing_left"", ""r1_insert_rod_and_fit_second"", ""r1_fasten_second_stand""], ""head_rotation_deg"": null, ""head_translation_m"": null, ""left_hand_translation_m"": null, ""removed_tool_ids"": [14, 15, 18, 19, 26, 27, 28], ""right_hand_translation_m"": null, ""selected_step"": ""r2_bearing_right"", ""step_attempt"": 6, ""step_elapsed_s"": 1.3843830980476923, ""step_event_index"": 4, ""total_hand_translation_m"": null, ""trial_finished_elapsed_s"": null, ""trial_recording"": true, ""trial_required_tool_ids"": [21, 34]}"
2026-09-02T21:45:18.131-04:00,austin,gesture,hover,hover,r2_bearing_right,Row 2.1: bearing into right stand,ready,6,5,21,GEAR_STAND_ROW2_RIGHT,,,,,,,,,,,,,,,,,,,,,,,"{""acquired_tool_ids"": [], ""acquisition_complete"": false, ""completed_steps"": [""r1_bearing_right"", ""r1_gear_rod"", ""r2_gear_rod"", ""r1_fasten_first_stand"", ""r1_bearing_left"", ""r1_insert_rod_and_fit_second"", ""r1_fasten_second_stand""], ""head_rotation_deg"": null, ""head_translation_m"": null, ""left_hand_translation_m"": null, ""removed_tool_ids"": [14, 15, 18, 19, 26, 27, 28], ""right_hand_translation_m"": null, ""selected_step"": ""r2_bearing_right"", ""step_attempt"": 6, ""step_elapsed_s"": 2.5230785860330798, ""step_event_index"": 5, ""total_hand_translation_m"": null, ""trial_finished_elapsed_s"": null, ""trial_recording"": true, ""trial_required_tool_ids"": [21, 34]}"
2026-09-02T21:45:19.661-04:00,austin,gesture,part_selection,click,r2_bearing_right,Row 2.1: bearing into right stand,ready,6,6,21,GEAR_STAND_ROW2_RIGHT,4.052370,4.052370,,,,,,,,,,,,,,,1,,,,,,"{""acquired_tool_ids"": [21], ""acquisition_complete"": false, ""completed_steps"": [""r1_bearing_right"", ""r1_gear_rod"", ""r2_gear_rod"", ""r1_fasten_first_stand"", ""r1_bearing_left"", ""r1_insert_rod_and_fit_second"", ""r1_fasten_second_stand""], ""head_rotation_deg"": null, ""head_translation_m"": null, ""left_hand_translation_m"": null, ""removed_tool_ids"": [14, 15, 18, 19, 26, 27, 28], ""right_hand_translation_m"": null, ""selected_step"": ""r2_bearing_right"", ""step_attempt"": 6, ""step_elapsed_s"": 4.052413575001992, ""step_event_index"": 6, ""total_hand_translation_m"": null, ""trial_finished_elapsed_s"": null, ""trial_recording"": true, ""trial_required_tool_ids"": [21, 34]}"
2026-09-02T21:45:19.686-04:00,austin,gesture,object_acquired,click,r2_bearing_right,Row 2.1: bearing into right stand,ready,6,7,21,GEAR_STAND_ROW2_RIGHT,4.052370,4.052370,,,,,,,,,,,,,,,1,,,,,,"{""acquired_tool_ids"": [21], ""acquisition_complete"": false, ""completed_steps"": [""r1_bearing_right"", ""r1_gear_rod"", ""r2_gear_rod"", ""r1_fasten_first_stand"", ""r1_bearing_left"", ""r1_insert_rod_and_fit_second"", ""r1_fasten_second_stand""], ""head_rotation_deg"": null, ""head_translation_m"": null, ""left_hand_translation_m"": null, ""removed_tool_ids"": [14, 15, 18, 19, 26, 27, 28], ""right_hand_translation_m"": null, ""selected_step"": ""r2_bearing_right"", ""step_attempt"": 6, ""step_elapsed_s"": 4.077562307007611, ""step_event_index"": 7, ""total_hand_translation_m"": null, ""trial_finished_elapsed_s"": null, ""trial_recording"": true, ""trial_required_tool_ids"": [21, 34]}"
2026-09-02T21:45:21.583-04:00,austin,gesture,hover,hover,r2_bearing_right,Row 2.1: bearing into right stand,ready,6,8,35,SCREWS,,,,,,,,,,,,,,,,,,,,,,,"{""acquired_tool_ids"": [21], ""acquisition_complete"": false, ""completed_steps"": [""r1_bearing_right"", ""r1_gear_rod"", ""r2_gear_rod"", ""r1_fasten_first_stand"", ""r1_bearing_left"", ""r1_insert_rod_and_fit_second"", ""r1_fasten_second_stand""], ""head_rotation_deg"": null, ""head_translation_m"": null, ""left_hand_translation_m"": null, ""removed_tool_ids"": [14, 15, 18, 19, 26, 27, 28], ""right_hand_translation_m"": null, ""selected_step"": ""r2_bearing_right"", ""step_attempt"": 6, ""step_elapsed_s"": 5.974930130993016, ""step_event_index"": 8, ""total_hand_translation_m"": null, ""trial_finished_elapsed_s"": null, ""trial_recording"": true, ""trial_required_tool_ids"": [21, 34]}"
2026-09-02T21:45:21.818-04:00,austin,gesture,hover,hover,r2_bearing_right,Row 2.1: bearing into right stand,ready,6,9,34,BEARINGS,,,,,,,,,,,,,,,,,,,,,,,"{""acquired_tool_ids"": [21], ""acquisition_complete"": false, ""completed_steps"": [""r1_bearing_right"", ""r1_gear_rod"", ""r2_gear_rod"", ""r1_fasten_first_stand"", ""r1_bearing_left"", ""r1_insert_rod_and_fit_second"", ""r1_fasten_second_stand""], ""head_rotation_deg"": null, ""head_translation_m"": null, ""left_hand_translation_m"": null, ""removed_tool_ids"": [14, 15, 18, 19, 26, 27, 28], ""right_hand_translation_m"": null, ""selected_step"": ""r2_bearing_right"", ""step_attempt"": 6, ""step_elapsed_s"": 6.209993841999676, ""step_event_index"": 9, ""total_hand_translation_m"": null, ""trial_finished_elapsed_s"": null, ""trial_recording"": true, ""trial_required_tool_ids"": [21, 34]}"
2026-09-02T21:45:22.662-04:00,austin,gesture,hover,hover,r2_bearing_right,Row 2.1: bearing into right stand,ready,6,10,34,BEARINGS,,,,,,,,,,,,,,,,,,,,,,,"{""acquired_tool_ids"": [21], ""acquisition_complete"": false, ""completed_steps"": [""r1_bearing_right"", ""r1_gear_rod"", ""r2_gear_rod"", ""r1_fasten_first_stand"", ""r1_bearing_left"", ""r1_insert_rod_and_fit_second"", ""r1_fasten_second_stand""], ""head_rotation_deg"": null, ""head_translation_m"": null, ""left_hand_translation_m"": null, ""removed_tool_ids"": [14, 15, 18, 19, 26, 27, 28], ""right_hand_translation_m"": null, ""selected_step"": ""r2_bearing_right"", ""step_attempt"": 6, ""step_elapsed_s"": 7.053790536010638, ""step_event_index"": 10, ""total_hand_translation_m"": null, ""trial_finished_elapsed_s"": null, ""trial_recording"": true, ""trial_required_tool_ids"": [21, 34]}"
2026-09-02T21:45:23.212-04:00,austin,gesture,part_selection,click,r2_bearing_right,Row 2.1: bearing into right stand,ready,6,11,34,BEARINGS,3.551494,7.603864,,,,,,,,,,,,,,,1,,,,,,"{""acquired_tool_ids"": [21, 34], ""acquisition_complete"": false, ""completed_steps"": [""r1_bearing_right"", ""r1_gear_rod"", ""r2_gear_rod"", ""r1_fasten_first_stand"", ""r1_bearing_left"", ""r1_insert_rod_and_fit_second"", ""r1_fasten_second_stand""], ""head_rotation_deg"": null, ""head_translation_m"": null, ""left_hand_translation_m"": null, ""removed_tool_ids"": [14, 15, 18, 19, 26, 27, 28], ""right_hand_translation_m"": null, ""selected_step"": ""r2_bearing_right"", ""step_attempt"": 6, ""step_elapsed_s"": 7.603933581034653, ""step_event_index"": 11, ""total_hand_translation_m"": null, ""trial_finished_elapsed_s"": null, ""trial_recording"": true, ""trial_required_tool_ids"": [21, 34]}"
2026-09-02T21:45:23.256-04:00,austin,gesture,object_acquired,click,r2_bearing_right,Row 2.1: bearing into right stand,ready,6,12,34,BEARINGS,3.551494,7.603864,,,,,,,,,,,,,,,1,,,,,,"{""acquired_tool_ids"": [21, 34], ""acquisition_complete"": false, ""completed_steps"": [""r1_bearing_right"", ""r1_gear_rod"", ""r2_gear_rod"", ""r1_fasten_first_stand"", ""r1_bearing_left"", ""r1_insert_rod_and_fit_second"", ""r1_fasten_second_stand""], ""head_rotation_deg"": null, ""head_translation_m"": null, ""left_hand_translation_m"": null, ""removed_tool_ids"": [14, 15, 18, 19, 26, 27, 28], ""right_hand_translation_m"": null, ""selected_step"": ""r2_bearing_right"", ""step_attempt"": 6, ""step_elapsed_s"": 7.647545781044755, ""step_event_index"": 12, ""total_hand_translation_m"": null, ""trial_finished_elapsed_s"": null, ""trial_recording"": true, ""trial_required_tool_ids"": [21, 34]}"
2026-09-02T21:45:23.288-04:00,austin,gesture,step_acquisition_complete,click,r2_bearing_right,Row 2.1: bearing into right stand,ready,6,13,,,,7.677772,0.132240,50.805129,0.260664,0.445946,0.706611,0.000000,3.104647,3.104647,41.109612,0,7,0.000000,0.089373,0.089373,,,,,,,"{""acquired_tool_ids"": [21, 34], ""acquisition_complete"": true, ""any_hover_time_s"": 3.1046468230779283, ""completed_steps"": [""r1_bearing_right"", ""r1_gear_rod"", ""r2_gear_rod"", ""r1_fasten_first_stand"", ""r1_bearing_left"", ""r1_insert_rod_and_fit_second"", ""r1_fasten_second_stand""], ""head_rotation_deg"": 50.80512887734415, ""head_translation_m"": 0.1322400206652654, ""hover_time_percent"": 41.109612199572844, ""left_hand_translation_m"": 0.2606643801194782, ""left_hover_episodes"": 0, ""left_hover_time_s"": 0.0, ""left_hover_translation_m"": 0.0, ""removed_tool_ids"": [14, 15, 18, 19, 21, 26, 27, 28], ""right_hand_translation_m"": 0.4459464648419416, ""right_hover_episodes"": 7, ""right_hover_time_s"": 3.1046468230779283, ""right_hover_translation_m"": 0.08937267670239941, ""selected_step"": ""r2_bearing_right"", ""step_attempt"": 6, ""step_elapsed_s"": 7.677772319992073, ""step_event_index"": 13, ""total_hand_translation_m"": 0.7066108449614198, ""total_hover_translation_m"": 0.08937267670239941, ""trial_finished_elapsed_s"": 7.677772319992073, ""trial_recording"": false, ""trial_required_tool_ids"": [21, 34]}"
2026-09-02T21:45:23.315-04:00,austin,gesture,graph_complete,,r2_bearing_right,Row 2.1: bearing into right stand,complete,6,14,,,,,,,,,,,,,,,,,,,,,,,,,"{""acquired_tool_ids"": [21, 34], ""acquisition_complete"": true, ""any_hover_time_s"": 3.1046468230779283, ""completed_steps"": [""r1_bearing_right"", ""r1_gear_rod"", ""r2_gear_rod"", ""r1_fasten_first_stand"", ""r1_bearing_left"", ""r1_insert_rod_and_fit_second"", ""r1_fasten_second_stand"", ""r2_bearing_right""], ""head_rotation_deg"": 50.80512887734415, ""head_translation_m"": 0.1322400206652654, ""hover_time_percent"": 41.109612199572844, ""left_hand_translation_m"": 0.2606643801194782, ""left_hover_episodes"": 0, ""left_hover_time_s"": 0.0, ""left_hover_translation_m"": 0.0, ""removed_tool_ids"": [14, 15, 18, 19, 21, 26, 27, 28], ""right_hand_translation_m"": 0.4459464648419416, ""right_hover_episodes"": 7, ""right_hover_time_s"": 3.1046468230779283, ""right_hover_translation_m"": 0.08937267670239941, ""selected_step"": ""r2_bearing_right"", ""step_attempt"": 6, ""step_elapsed_s"": 7.677772319992073, ""step_event_index"": 14, ""total_hand_translation_m"": 0.7066108449614198, ""total_hover_translation_m"": 0.08937267670239941, ""trial_finished_elapsed_s"": 7.677772319992073, ""trial_recording"": false, ""trial_required_tool_ids"": [21, 34]}"
2026-09-02T21:45:31.349-04:00,austin,gesture,step_started,keyboard,r2_bearing_left,Row 2.3: bearing into left stand,ready,7,1,,,,,,,,,,,,,,,,,,,,,,,,,"{""acquired_tool_ids"": [], ""acquisition_complete"": false, ""completed_steps"": [""r1_bearing_right"", ""r1_gear_rod"", ""r2_gear_rod"", ""r1_fasten_first_stand"", ""r1_bearing_left"", ""r1_insert_rod_and_fit_second"", ""r1_fasten_second_stand"", ""r2_bearing_right""], ""head_rotation_deg"": null, ""head_translation_m"": null, ""left_hand_translation_m"": null, ""removed_tool_ids"": [14, 15, 18, 19, 21, 26, 27, 28], ""right_hand_translation_m"": null, ""selected_step"": ""r2_bearing_left"", ""step_attempt"": 7, ""step_elapsed_s"": 7.85630545578897e-05, ""step_event_index"": 1, ""total_hand_translation_m"": null, ""trial_finished_elapsed_s"": null, ""trial_recording"": true, ""trial_required_tool_ids"": [20]}"
2026-09-02T21:45:31.417-04:00,austin,gesture,hover,hover,r2_bearing_left,Row 2.3: bearing into left stand,ready,7,2,20,GEAR_STAND_ROW2_LEFT,,,,,,,,,,,,,,,,,,,,,,,"{""acquired_tool_ids"": [], ""acquisition_complete"": false, ""completed_steps"": [""r1_bearing_right"", ""r1_gear_rod"", ""r2_gear_rod"", ""r1_fasten_first_stand"", ""r1_bearing_left"", ""r1_insert_rod_and_fit_second"", ""r1_fasten_second_stand"", ""r2_bearing_right""], ""head_rotation_deg"": null, ""head_translation_m"": null, ""left_hand_translation_m"": null, ""removed_tool_ids"": [14, 15, 18, 19, 21, 26, 27, 28], ""right_hand_translation_m"": null, ""selected_step"": ""r2_bearing_left"", ""step_attempt"": 7, ""step_elapsed_s"": 0.06834400800289586, ""step_event_index"": 2, ""total_hand_translation_m"": null, ""trial_finished_elapsed_s"": null, ""trial_recording"": true, ""trial_required_tool_ids"": [20]}"
2026-09-02T21:45:31.459-04:00,austin,gesture,hover,hover,r2_bearing_left,Row 2.3: bearing into left stand,ready,7,3,23,GEAR_STAND_ROW3_RIGHT,,,,,,,,,,,,,,,,,,,,,,,"{""acquired_tool_ids"": [], ""acquisition_complete"": false, ""completed_steps"": [""r1_bearing_right"", ""r1_gear_rod"", ""r2_gear_rod"", ""r1_fasten_first_stand"", ""r1_bearing_left"", ""r1_insert_rod_and_fit_second"", ""r1_fasten_second_stand"", ""r2_bearing_right""], ""head_rotation_deg"": null, ""head_translation_m"": null, ""left_hand_translation_m"": null, ""removed_tool_ids"": [14, 15, 18, 19, 21, 26, 27, 28], ""right_hand_translation_m"": null, ""selected_step"": ""r2_bearing_left"", ""step_attempt"": 7, ""step_elapsed_s"": 0.10958618903532624, ""step_event_index"": 3, ""total_hand_translation_m"": null, ""trial_finished_elapsed_s"": null, ""trial_recording"": true, ""trial_required_tool_ids"": [20]}"
2026-09-02T21:45:32.067-04:00,austin,gesture,hover,hover,r2_bearing_left,Row 2.3: bearing into left stand,ready,7,4,20,GEAR_STAND_ROW2_LEFT,,,,,,,,,,,,,,,,,,,,,,,"{""acquired_tool_ids"": [], ""acquisition_complete"": false, ""completed_steps"": [""r1_bearing_right"", ""r1_gear_rod"", ""r2_gear_rod"", ""r1_fasten_first_stand"", ""r1_bearing_left"", ""r1_insert_rod_and_fit_second"", ""r1_fasten_second_stand"", ""r2_bearing_right""], ""head_rotation_deg"": null, ""head_translation_m"": null, ""left_hand_translation_m"": null, ""removed_tool_ids"": [14, 15, 18, 19, 21, 26, 27, 28], ""right_hand_translation_m"": null, ""selected_step"": ""r2_bearing_left"", ""step_attempt"": 7, ""step_elapsed_s"": 0.7183393240557052, ""step_event_index"": 4, ""total_hand_translation_m"": null, ""trial_finished_elapsed_s"": null, ""trial_recording"": true, ""trial_required_tool_ids"": [20]}"
2026-09-02T21:45:32.916-04:00,austin,gesture,hover,hover,r2_bearing_left,Row 2.3: bearing into left stand,ready,7,5,23,GEAR_STAND_ROW3_RIGHT,,,,,,,,,,,,,,,,,,,,,,,"{""acquired_tool_ids"": [], ""acquisition_complete"": false, ""completed_steps"": [""r1_bearing_right"", ""r1_gear_rod"", ""r2_gear_rod"", ""r1_fasten_first_stand"", ""r1_bearing_left"", ""r1_insert_rod_and_fit_second"", ""r1_fasten_second_stand"", ""r2_bearing_right""], ""head_rotation_deg"": null, ""head_translation_m"": null, ""left_hand_translation_m"": null, ""removed_tool_ids"": [14, 15, 18, 19, 21, 26, 27, 28], ""right_hand_translation_m"": null, ""selected_step"": ""r2_bearing_left"", ""step_attempt"": 7, ""step_elapsed_s"": 1.5674205720424652, ""step_event_index"": 5, ""total_hand_translation_m"": null, ""trial_finished_elapsed_s"": null, ""trial_recording"": true, ""trial_required_tool_ids"": [20]}"
2026-09-02T21:45:34.500-04:00,austin,gesture,hover,hover,r2_bearing_left,Row 2.3: bearing into left stand,ready,7,6,20,GEAR_STAND_ROW2_LEFT,,,,,,,,,,,,,,,,,,,,,,,"{""acquired_tool_ids"": [], ""acquisition_complete"": false, ""completed_steps"": [""r1_bearing_right"", ""r1_gear_rod"", ""r2_gear_rod"", ""r1_fasten_first_stand"", ""r1_bearing_left"", ""r1_insert_rod_and_fit_second"", ""r1_fasten_second_stand"", ""r2_bearing_right""], ""head_rotation_deg"": null, ""head_translation_m"": null, ""left_hand_translation_m"": null, ""removed_tool_ids"": [14, 15, 18, 19, 21, 26, 27, 28], ""right_hand_translation_m"": null, ""selected_step"": ""r2_bearing_left"", ""step_attempt"": 7, ""step_elapsed_s"": 3.151436882035341, ""step_event_index"": 6, ""total_hand_translation_m"": null, ""trial_finished_elapsed_s"": null, ""trial_recording"": true, ""trial_required_tool_ids"": [20]}"
2026-09-02T21:45:34.923-04:00,austin,gesture,part_selection,click,r2_bearing_left,Row 2.3: bearing into left stand,ready,7,7,20,GEAR_STAND_ROW2_LEFT,3.573652,3.573652,,,,,,,,,,,,,,,1,,,,,,"{""acquired_tool_ids"": [20], ""acquisition_complete"": false, ""completed_steps"": [""r1_bearing_right"", ""r1_gear_rod"", ""r2_gear_rod"", ""r1_fasten_first_stand"", ""r1_bearing_left"", ""r1_insert_rod_and_fit_second"", ""r1_fasten_second_stand"", ""r2_bearing_right""], ""head_rotation_deg"": null, ""head_translation_m"": null, ""left_hand_translation_m"": null, ""removed_tool_ids"": [14, 15, 18, 19, 21, 26, 27, 28], ""right_hand_translation_m"": null, ""selected_step"": ""r2_bearing_left"", ""step_attempt"": 7, ""step_elapsed_s"": 3.5736955130123533, ""step_event_index"": 7, ""total_hand_translation_m"": null, ""trial_finished_elapsed_s"": null, ""trial_recording"": true, ""trial_required_tool_ids"": [20]}"
2026-09-02T21:45:34.948-04:00,austin,gesture,object_acquired,click,r2_bearing_left,Row 2.3: bearing into left stand,ready,7,8,20,GEAR_STAND_ROW2_LEFT,3.573652,3.573652,,,,,,,,,,,,,,,1,,,,,,"{""acquired_tool_ids"": [20], ""acquisition_complete"": false, ""completed_steps"": [""r1_bearing_right"", ""r1_gear_rod"", ""r2_gear_rod"", ""r1_fasten_first_stand"", ""r1_bearing_left"", ""r1_insert_rod_and_fit_second"", ""r1_fasten_second_stand"", ""r2_bearing_right""], ""head_rotation_deg"": null, ""head_translation_m"": null, ""left_hand_translation_m"": null, ""removed_tool_ids"": [14, 15, 18, 19, 21, 26, 27, 28], ""right_hand_translation_m"": null, ""selected_step"": ""r2_bearing_left"", ""step_attempt"": 7, ""step_elapsed_s"": 3.5991490480373614, ""step_event_index"": 8, ""total_hand_translation_m"": null, ""trial_finished_elapsed_s"": null, ""trial_recording"": true, ""trial_required_tool_ids"": [20]}"
2026-09-02T21:45:34.975-04:00,austin,gesture,step_acquisition_complete,click,r2_bearing_left,Row 2.3: bearing into left stand,ready,7,9,,,,3.625620,0.057291,13.771863,0.086824,0.098301,0.185125,0.000000,2.956631,2.956631,83.177842,0,6,0.000000,0.070767,0.070767,,,,,,,"{""acquired_tool_ids"": [20], ""acquisition_complete"": true, ""any_hover_time_s"": 2.956631344044581, ""completed_steps"": [""r1_bearing_right"", ""r1_gear_rod"", ""r2_gear_rod"", ""r1_fasten_first_stand"", ""r1_bearing_left"", ""r1_insert_rod_and_fit_second"", ""r1_fasten_second_stand"", ""r2_bearing_right""], ""head_rotation_deg"": 13.771863364667492, ""head_translation_m"": 0.057290955636251584, ""hover_time_percent"": 83.17784228827847, ""left_hand_translation_m"": 0.08682411832009232, ""left_hover_episodes"": 0, ""left_hover_time_s"": 0.0, ""left_hover_translation_m"": 0.0, ""removed_tool_ids"": [14, 15, 18, 19, 20, 21, 26, 27, 28], ""right_hand_translation_m"": 0.09830087606608583, ""right_hover_episodes"": 6, ""right_hover_time_s"": 2.956631344044581, ""right_hover_translation_m"": 0.07076687086949308, ""selected_step"": ""r2_bearing_left"", ""step_attempt"": 7, ""step_elapsed_s"": 3.625619620026555, ""step_event_index"": 9, ""total_hand_translation_m"": 0.18512499438617813, ""total_hover_translation_m"": 0.07076687086949308, ""trial_finished_elapsed_s"": 3.625619620026555, ""trial_recording"": false, ""trial_required_tool_ids"": [20]}"
2026-09-02T21:45:34.991-04:00,austin,gesture,graph_complete,,r2_bearing_left,Row 2.3: bearing into left stand,complete,7,10,,,,,,,,,,,,,,,,,,,,,,,,,"{""acquired_tool_ids"": [20], ""acquisition_complete"": true, ""any_hover_time_s"": 2.956631344044581, ""completed_steps"": [""r1_bearing_right"", ""r1_gear_rod"", ""r2_gear_rod"", ""r1_fasten_first_stand"", ""r1_bearing_left"", ""r1_insert_rod_and_fit_second"", ""r1_fasten_second_stand"", ""r2_bearing_right"", ""r2_bearing_left""], ""head_rotation_deg"": 13.771863364667492, ""head_translation_m"": 0.057290955636251584, ""hover_time_percent"": 83.17784228827847, ""left_hand_translation_m"": 0.08682411832009232, ""left_hover_episodes"": 0, ""left_hover_time_s"": 0.0, ""left_hover_translation_m"": 0.0, ""removed_tool_ids"": [14, 15, 18, 19, 20, 21, 26, 27, 28], ""right_hand_translation_m"": 0.09830087606608583, ""right_hover_episodes"": 6, ""right_hover_time_s"": 2.956631344044581, ""right_hover_translation_m"": 0.07076687086949308, ""selected_step"": ""r2_bearing_left"", ""step_attempt"": 7, ""step_elapsed_s"": 3.625619620026555, ""step_event_index"": 10, ""total_hand_translation_m"": 0.18512499438617813, ""total_hover_translation_m"": 0.07076687086949308, ""trial_finished_elapsed_s"": 3.625619620026555, ""trial_recording"": false, ""trial_required_tool_ids"": [20]}"
2026-09-02T21:45:44.822-04:00,austin,gesture,step_started,keyboard,r2_fasten_first_stand,Row 2.4: fasten right stand,ready,8,1,,,,,,,,,,,,,,,,,,,,,,,,,"{""acquired_tool_ids"": [], ""acquisition_complete"": false, ""completed_steps"": [""r1_bearing_right"", ""r1_gear_rod"", ""r2_gear_rod"", ""r1_fasten_first_stand"", ""r1_bearing_left"", ""r1_insert_rod_and_fit_second"", ""r1_fasten_second_stand"", ""r2_bearing_right"", ""r2_bearing_left""], ""head_rotation_deg"": null, ""head_translation_m"": null, ""left_hand_translation_m"": null, ""removed_tool_ids"": [14, 15, 18, 19, 20, 21, 26, 27, 28], ""right_hand_translation_m"": null, ""selected_step"": ""r2_fasten_first_stand"", ""step_attempt"": 8, ""step_elapsed_s"": 6.57829805277288e-05, ""step_event_index"": 1, ""total_hand_translation_m"": null, ""trial_finished_elapsed_s"": null, ""trial_recording"": true, ""trial_required_tool_ids"": [7, 35, 37]}"
2026-09-02T21:45:45.189-04:00,austin,gesture,hover,hover,r2_fasten_first_stand,Row 2.4: fasten right stand,ready,8,2,32,CRANK_HANDLE,,,,,,,,,,,,,,,,,,,,,,,"{""acquired_tool_ids"": [], ""acquisition_complete"": false, ""completed_steps"": [""r1_bearing_right"", ""r1_gear_rod"", ""r2_gear_rod"", ""r1_fasten_first_stand"", ""r1_bearing_left"", ""r1_insert_rod_and_fit_second"", ""r1_fasten_second_stand"", ""r2_bearing_right"", ""r2_bearing_left""], ""head_rotation_deg"": null, ""head_translation_m"": null, ""left_hand_translation_m"": null, ""removed_tool_ids"": [14, 15, 18, 19, 20, 21, 26, 27, 28], ""right_hand_translation_m"": null, ""selected_step"": ""r2_fasten_first_stand"", ""step_attempt"": 8, ""step_elapsed_s"": 0.3667165100341663, ""step_event_index"": 2, ""total_hand_translation_m"": null, ""trial_finished_elapsed_s"": null, ""trial_recording"": true, ""trial_required_tool_ids"": [7, 35, 37]}"
2026-09-02T21:45:45.309-04:00,austin,gesture,hover,hover,r2_fasten_first_stand,Row 2.4: fasten right stand,ready,8,3,30,GEAR_ROW3_RIGHT,,,,,,,,,,,,,,,,,,,,,,,"{""acquired_tool_ids"": [], ""acquisition_complete"": false, ""completed_steps"": [""r1_bearing_right"", ""r1_gear_rod"", ""r2_gear_rod"", ""r1_fasten_first_stand"", ""r1_bearing_left"", ""r1_insert_rod_and_fit_second"", ""r1_fasten_second_stand"", ""r2_bearing_right"", ""r2_bearing_left""], ""head_rotation_deg"": null, ""head_translation_m"": null, ""left_hand_translation_m"": null, ""removed_tool_ids"": [14, 15, 18, 19, 20, 21, 26, 27, 28], ""right_hand_translation_m"": null, ""selected_step"": ""r2_fasten_first_stand"", ""step_attempt"": 8, ""step_elapsed_s"": 0.4870311180129647, ""step_event_index"": 3, ""total_hand_translation_m"": null, ""trial_finished_elapsed_s"": null, ""trial_recording"": true, ""trial_required_tool_ids"": [7, 35, 37]}"
2026-09-02T21:45:45.376-04:00,austin,gesture,hover,hover,r2_fasten_first_stand,Row 2.4: fasten right stand,ready,8,4,29,GEAR_ROW3_LEFT,,,,,,,,,,,,,,,,,,,,,,,"{""acquired_tool_ids"": [], ""acquisition_complete"": false, ""completed_steps"": [""r1_bearing_right"", ""r1_gear_rod"", ""r2_gear_rod"", ""r1_fasten_first_stand"", ""r1_bearing_left"", ""r1_insert_rod_and_fit_second"", ""r1_fasten_second_stand"", ""r2_bearing_right"", ""r2_bearing_left""], ""head_rotation_deg"": null, ""head_translation_m"": null, ""left_hand_translation_m"": null, ""removed_tool_ids"": [14, 15, 18, 19, 20, 21, 26, 27, 28], ""right_hand_translation_m"": null, ""selected_step"": ""r2_fasten_first_stand"", ""step_attempt"": 8, ""step_elapsed_s"": 0.5538730440312065, ""step_event_index"": 4, ""total_hand_translation_m"": null, ""trial_finished_elapsed_s"": null, ""trial_recording"": true, ""trial_required_tool_ids"": [7, 35, 37]}"
2026-09-02T21:45:45.856-04:00,austin,gesture,hover,hover,r2_fasten_first_stand,Row 2.4: fasten right stand,ready,8,5,6,THREAD_CHECKER,,,,,,,,,,,,,,,,,,,,,,,"{""acquired_tool_ids"": [], ""acquisition_complete"": false, ""completed_steps"": [""r1_bearing_right"", ""r1_gear_rod"", ""r2_gear_rod"", ""r1_fasten_first_stand"", ""r1_bearing_left"", ""r1_insert_rod_and_fit_second"", ""r1_fasten_second_stand"", ""r2_bearing_right"", ""r2_bearing_left""], ""head_rotation_deg"": null, ""head_translation_m"": null, ""left_hand_translation_m"": null, ""removed_tool_ids"": [14, 15, 18, 19, 20, 21, 26, 27, 28], ""right_hand_translation_m"": null, ""selected_step"": ""r2_fasten_first_stand"", ""step_attempt"": 8, ""step_elapsed_s"": 1.0338129309820943, ""step_event_index"": 5, ""total_hand_translation_m"": null, ""trial_finished_elapsed_s"": null, ""trial_recording"": true, ""trial_required_tool_ids"": [7, 35, 37]}"
2026-09-02T21:45:46.773-04:00,austin,gesture,hover,hover,r2_fasten_first_stand,Row 2.4: fasten right stand,ready,8,6,0,WRENCH_10,,,,,,,,,,,,,,,,,,,,,,,"{""acquired_tool_ids"": [], ""acquisition_complete"": false, ""completed_steps"": [""r1_bearing_right"", ""r1_gear_rod"", ""r2_gear_rod"", ""r1_fasten_first_stand"", ""r1_bearing_left"", ""r1_insert_rod_and_fit_second"", ""r1_fasten_second_stand"", ""r2_bearing_right"", ""r2_bearing_left""], ""head_rotation_deg"": null, ""head_translation_m"": null, ""left_hand_translation_m"": null, ""removed_tool_ids"": [14, 15, 18, 19, 20, 21, 26, 27, 28], ""right_hand_translation_m"": null, ""selected_step"": ""r2_fasten_first_stand"", ""step_attempt"": 8, ""step_elapsed_s"": 1.9510447779903188, ""step_event_index"": 6, ""total_hand_translation_m"": null, ""trial_finished_elapsed_s"": null, ""trial_recording"": true, ""trial_required_tool_ids"": [7, 35, 37]}"
2026-09-02T21:45:46.830-04:00,austin,gesture,hover,hover,r2_fasten_first_stand,Row 2.4: fasten right stand,ready,8,7,1,WRENCH_12,,,,,,,,,,,,,,,,,,,,,,,"{""acquired_tool_ids"": [], ""acquisition_complete"": false, ""completed_steps"": [""r1_bearing_right"", ""r1_gear_rod"", ""r2_gear_rod"", ""r1_fasten_first_stand"", ""r1_bearing_left"", ""r1_insert_rod_and_fit_second"", ""r1_fasten_second_stand"", ""r2_bearing_right"", ""r2_bearing_left""], ""head_rotation_deg"": null, ""head_translation_m"": null, ""left_hand_translation_m"": null, ""removed_tool_ids"": [14, 15, 18, 19, 20, 21, 26, 27, 28], ""right_hand_translation_m"": null, ""selected_step"": ""r2_fasten_first_stand"", ""step_attempt"": 8, ""step_elapsed_s"": 2.008507949009072, ""step_event_index"": 7, ""total_hand_translation_m"": null, ""trial_finished_elapsed_s"": null, ""trial_recording"": true, ""trial_required_tool_ids"": [7, 35, 37]}"
2026-09-02T21:45:46.975-04:00,austin,gesture,hover,hover,r2_fasten_first_stand,Row 2.4: fasten right stand,ready,8,8,2,WRENCH_13,,,,,,,,,,,,,,,,,,,,,,,"{""acquired_tool_ids"": [], ""acquisition_complete"": false, ""completed_steps"": [""r1_bearing_right"", ""r1_gear_rod"", ""r2_gear_rod"", ""r1_fasten_first_stand"", ""r1_bearing_left"", ""r1_insert_rod_and_fit_second"", ""r1_fasten_second_stand"", ""r2_bearing_right"", ""r2_bearing_left""], ""head_rotation_deg"": null, ""head_translation_m"": null, ""left_hand_translation_m"": null, ""removed_tool_ids"": [14, 15, 18, 19, 20, 21, 26, 27, 28], ""right_hand_translation_m"": null, ""selected_step"": ""r2_fasten_first_stand"", ""step_attempt"": 8, ""step_elapsed_s"": 2.153355182032101, ""step_event_index"": 8, ""total_hand_translation_m"": null, ""trial_finished_elapsed_s"": null, ""trial_recording"": true, ""trial_required_tool_ids"": [7, 35, 37]}"
2026-09-02T21:45:47.157-04:00,austin,gesture,hover,hover,r2_fasten_first_stand,Row 2.4: fasten right stand,ready,8,9,3,WRENCH_14,,,,,,,,,,,,,,,,,,,,,,,"{""acquired_tool_ids"": [], ""acquisition_complete"": false, ""completed_steps"": [""r1_bearing_right"", ""r1_gear_rod"", ""r2_gear_rod"", ""r1_fasten_first_stand"", ""r1_bearing_left"", ""r1_insert_rod_and_fit_second"", ""r1_fasten_second_stand"", ""r2_bearing_right"", ""r2_bearing_left""], ""head_rotation_deg"": null, ""head_translation_m"": null, ""left_hand_translation_m"": null, ""removed_tool_ids"": [14, 15, 18, 19, 20, 21, 26, 27, 28], ""right_hand_translation_m"": null, ""selected_step"": ""r2_fasten_first_stand"", ""step_attempt"": 8, ""step_elapsed_s"": 2.3346513449796475, ""step_event_index"": 9, ""total_hand_translation_m"": null, ""trial_finished_elapsed_s"": null, ""trial_recording"": true, ""trial_required_tool_ids"": [7, 35, 37]}"
2026-09-02T21:45:47.858-04:00,austin,gesture,hover,hover,r2_fasten_first_stand,Row 2.4: fasten right stand,ready,8,10,7,BIT_SCREWDRIVER,,,,,,,,,,,,,,,,,,,,,,,"{""acquired_tool_ids"": [], ""acquisition_complete"": false, ""completed_steps"": [""r1_bearing_right"", ""r1_gear_rod"", ""r2_gear_rod"", ""r1_fasten_first_stand"", ""r1_bearing_left"", ""r1_insert_rod_and_fit_second"", ""r1_fasten_second_stand"", ""r2_bearing_right"", ""r2_bearing_left""], ""head_rotation_deg"": null, ""head_translation_m"": null, ""left_hand_translation_m"": null, ""removed_tool_ids"": [14, 15, 18, 19, 20, 21, 26, 27, 28], ""right_hand_translation_m"": null, ""selected_step"": ""r2_fasten_first_stand"", ""step_attempt"": 8, ""step_elapsed_s"": 3.035581193980761, ""step_event_index"": 10, ""total_hand_translation_m"": null, ""trial_finished_elapsed_s"": null, ""trial_recording"": true, ""trial_required_tool_ids"": [7, 35, 37]}"
2026-09-02T21:45:49.074-04:00,austin,gesture,part_selection,click,r2_fasten_first_stand,Row 2.4: fasten right stand,ready,8,11,7,BIT_SCREWDRIVER,4.251834,4.251834,,,,,,,,,,,,,,,1,,,,,,"{""acquired_tool_ids"": [7], ""acquisition_complete"": false, ""completed_steps"": [""r1_bearing_right"", ""r1_gear_rod"", ""r2_gear_rod"", ""r1_fasten_first_stand"", ""r1_bearing_left"", ""r1_insert_rod_and_fit_second"", ""r1_fasten_second_stand"", ""r2_bearing_right"", ""r2_bearing_left""], ""head_rotation_deg"": null, ""head_translation_m"": null, ""left_hand_translation_m"": null, ""removed_tool_ids"": [14, 15, 18, 19, 20, 21, 26, 27, 28], ""right_hand_translation_m"": null, ""selected_step"": ""r2_fasten_first_stand"", ""step_attempt"": 8, ""step_elapsed_s"": 4.251873639004771, ""step_event_index"": 11, ""total_hand_translation_m"": null, ""trial_finished_elapsed_s"": null, ""trial_recording"": true, ""trial_required_tool_ids"": [7, 35, 37]}"
2026-09-02T21:45:49.095-04:00,austin,gesture,object_acquired,click,r2_fasten_first_stand,Row 2.4: fasten right stand,ready,8,12,7,BIT_SCREWDRIVER,4.251834,4.251834,,,,,,,,,,,,,,,1,,,,,,"{""acquired_tool_ids"": [7], ""acquisition_complete"": false, ""completed_steps"": [""r1_bearing_right"", ""r1_gear_rod"", ""r2_gear_rod"", ""r1_fasten_first_stand"", ""r1_bearing_left"", ""r1_insert_rod_and_fit_second"", ""r1_fasten_second_stand"", ""r2_bearing_right"", ""r2_bearing_left""], ""head_rotation_deg"": null, ""head_translation_m"": null, ""left_hand_translation_m"": null, ""removed_tool_ids"": [14, 15, 18, 19, 20, 21, 26, 27, 28], ""right_hand_translation_m"": null, ""selected_step"": ""r2_fasten_first_stand"", ""step_attempt"": 8, ""step_elapsed_s"": 4.273102444014512, ""step_event_index"": 12, ""total_hand_translation_m"": null, ""trial_finished_elapsed_s"": null, ""trial_recording"": true, ""trial_required_tool_ids"": [7, 35, 37]}"
2026-09-02T21:45:49.725-04:00,austin,gesture,hover,hover,r2_fasten_first_stand,Row 2.4: fasten right stand,ready,8,13,10,PHILIPS_SCREWDRIVER,,,,,,,,,,,,,,,,,,,,,,,"{""acquired_tool_ids"": [7], ""acquisition_complete"": false, ""completed_steps"": [""r1_bearing_right"", ""r1_gear_rod"", ""r2_gear_rod"", ""r1_fasten_first_stand"", ""r1_bearing_left"", ""r1_insert_rod_and_fit_second"", ""r1_fasten_second_stand"", ""r2_bearing_right"", ""r2_bearing_left""], ""head_rotation_deg"": null, ""head_translation_m"": null, ""left_hand_translation_m"": null, ""removed_tool_ids"": [14, 15, 18, 19, 20, 21, 26, 27, 28], ""right_hand_translation_m"": null, ""selected_step"": ""r2_fasten_first_stand"", ""step_attempt"": 8, ""step_elapsed_s"": 4.9026370189967565, ""step_event_index"": 13, ""total_hand_translation_m"": null, ""trial_finished_elapsed_s"": null, ""trial_recording"": true, ""trial_required_tool_ids"": [7, 35, 37]}"
2026-09-02T21:45:49.804-04:00,austin,gesture,hover,hover,r2_fasten_first_stand,Row 2.4: fasten right stand,ready,8,14,11,FLATHEAD_SCREWDRIVER,,,,,,,,,,,,,,,,,,,,,,,"{""acquired_tool_ids"": [7], ""acquisition_complete"": false, ""completed_steps"": [""r1_bearing_right"", ""r1_gear_rod"", ""r2_gear_rod"", ""r1_fasten_first_stand"", ""r1_bearing_left"", ""r1_insert_rod_and_fit_second"", ""r1_fasten_second_stand"", ""r2_bearing_right"", ""r2_bearing_left""], ""head_rotation_deg"": null, ""head_translation_m"": null, ""left_hand_translation_m"": null, ""removed_tool_ids"": [14, 15, 18, 19, 20, 21, 26, 27, 28], ""right_hand_translation_m"": null, ""selected_step"": ""r2_fasten_first_stand"", ""step_attempt"": 8, ""step_elapsed_s"": 4.982178982987534, ""step_event_index"": 14, ""total_hand_translation_m"": null, ""trial_finished_elapsed_s"": null, ""trial_recording"": true, ""trial_required_tool_ids"": [7, 35, 37]}"
2026-09-02T21:45:49.879-04:00,austin,gesture,hover,hover,r2_fasten_first_stand,Row 2.4: fasten right stand,ready,8,15,13,MAGNET_POLE_CHECKER,,,,,,,,,,,,,,,,,,,,,,,"{""acquired_tool_ids"": [7], ""acquisition_complete"": false, ""completed_steps"": [""r1_bearing_right"", ""r1_gear_rod"", ""r2_gear_rod"", ""r1_fasten_first_stand"", ""r1_bearing_left"", ""r1_insert_rod_and_fit_second"", ""r1_fasten_second_stand"", ""r2_bearing_right"", ""r2_bearing_left""], ""head_rotation_deg"": null, ""head_translation_m"": null, ""left_hand_translation_m"": null, ""removed_tool_ids"": [14, 15, 18, 19, 20, 21, 26, 27, 28], ""right_hand_translation_m"": null, ""selected_step"": ""r2_fasten_first_stand"", ""step_attempt"": 8, ""step_elapsed_s"": 5.056837221025489, ""step_event_index"": 15, ""total_hand_translation_m"": null, ""trial_finished_elapsed_s"": null, ""trial_recording"": true, ""trial_required_tool_ids"": [7, 35, 37]}"
2026-09-02T21:45:49.959-04:00,austin,gesture,hover,hover,r2_fasten_first_stand,Row 2.4: fasten right stand,ready,8,16,37,BITHOLDER2,,,,,,,,,,,,,,,,,,,,,,,"{""acquired_tool_ids"": [7], ""acquisition_complete"": false, ""completed_steps"": [""r1_bearing_right"", ""r1_gear_rod"", ""r2_gear_rod"", ""r1_fasten_first_stand"", ""r1_bearing_left"", ""r1_insert_rod_and_fit_second"", ""r1_fasten_second_stand"", ""r2_bearing_right"", ""r2_bearing_left""], ""head_rotation_deg"": null, ""head_translation_m"": null, ""left_hand_translation_m"": null, ""removed_tool_ids"": [14, 15, 18, 19, 20, 21, 26, 27, 28], ""right_hand_translation_m"": null, ""selected_step"": ""r2_fasten_first_stand"", ""step_attempt"": 8, ""step_elapsed_s"": 5.137062284979038, ""step_event_index"": 16, ""total_hand_translation_m"": null, ""trial_finished_elapsed_s"": null, ""trial_recording"": true, ""trial_required_tool_ids"": [7, 35, 37]}"
2026-09-02T21:45:50.291-04:00,austin,gesture,hover,hover,r2_fasten_first_stand,Row 2.4: fasten right stand,ready,8,17,36,BITHOLDER1,,,,,,,,,,,,,,,,,,,,,,,"{""acquired_tool_ids"": [7], ""acquisition_complete"": false, ""completed_steps"": [""r1_bearing_right"", ""r1_gear_rod"", ""r2_gear_rod"", ""r1_fasten_first_stand"", ""r1_bearing_left"", ""r1_insert_rod_and_fit_second"", ""r1_fasten_second_stand"", ""r2_bearing_right"", ""r2_bearing_left""], ""head_rotation_deg"": null, ""head_translation_m"": null, ""left_hand_translation_m"": null, ""removed_tool_ids"": [14, 15, 18, 19, 20, 21, 26, 27, 28], ""right_hand_translation_m"": null, ""selected_step"": ""r2_fasten_first_stand"", ""step_attempt"": 8, ""step_elapsed_s"": 5.46868007897865, ""step_event_index"": 17, ""total_hand_translation_m"": null, ""trial_finished_elapsed_s"": null, ""trial_recording"": true, ""trial_required_tool_ids"": [7, 35, 37]}"
2026-09-02T21:45:51.862-04:00,austin,gesture,part_selection,click,r2_fasten_first_stand,Row 2.4: fasten right stand,ready,8,18,36,BITHOLDER1,2.784649,7.036482,,,,,,,,,,,,,,,0,,,,,,"{""acquired_tool_ids"": [7], ""acquisition_complete"": false, ""completed_steps"": [""r1_bearing_right"", ""r1_gear_rod"", ""r2_gear_rod"", ""r1_fasten_first_stand"", ""r1_bearing_left"", ""r1_insert_rod_and_fit_second"", ""r1_fasten_second_stand"", ""r2_bearing_right"", ""r2_bearing_left""], ""head_rotation_deg"": null, ""head_translation_m"": null, ""left_hand_translation_m"": null, ""removed_tool_ids"": [14, 15, 18, 19, 20, 21, 26, 27, 28], ""right_hand_translation_m"": null, ""selected_step"": ""r2_fasten_first_stand"", ""step_attempt"": 8, ""step_elapsed_s"": 7.039635228982661, ""step_event_index"": 18, ""total_hand_translation_m"": null, ""trial_finished_elapsed_s"": null, ""trial_recording"": true, ""trial_required_tool_ids"": [7, 35, 37]}"
2026-09-02T21:45:52.426-04:00,austin,gesture,hover,hover,r2_fasten_first_stand,Row 2.4: fasten right stand,ready,8,19,37,BITHOLDER2,,,,,,,,,,,,,,,,,,,,,,,"{""acquired_tool_ids"": [7], ""acquisition_complete"": false, ""completed_steps"": [""r1_bearing_right"", ""r1_gear_rod"", ""r2_gear_rod"", ""r1_fasten_first_stand"", ""r1_bearing_left"", ""r1_insert_rod_and_fit_second"", ""r1_fasten_second_stand"", ""r2_bearing_right"", ""r2_bearing_left""], ""head_rotation_deg"": null, ""head_translation_m"": null, ""left_hand_translation_m"": null, ""removed_tool_ids"": [14, 15, 18, 19, 20, 21, 26, 27, 28], ""right_hand_translation_m"": null, ""selected_step"": ""r2_fasten_first_stand"", ""step_attempt"": 8, ""step_elapsed_s"": 7.603541499993298, ""step_event_index"": 19, ""total_hand_translation_m"": null, ""trial_finished_elapsed_s"": null, ""trial_recording"": true, ""trial_required_tool_ids"": [7, 35, 37]}"
2026-09-02T21:45:52.485-04:00,austin,gesture,hover,hover,r2_fasten_first_stand,Row 2.4: fasten right stand,ready,8,20,13,MAGNET_POLE_CHECKER,,,,,,,,,,,,,,,,,,,,,,,"{""acquired_tool_ids"": [7], ""acquisition_complete"": false, ""completed_steps"": [""r1_bearing_right"", ""r1_gear_rod"", ""r2_gear_rod"", ""r1_fasten_first_stand"", ""r1_bearing_left"", ""r1_insert_rod_and_fit_second"", ""r1_fasten_second_stand"", ""r2_bearing_right"", ""r2_bearing_left""], ""head_rotation_deg"": null, ""head_translation_m"": null, ""left_hand_translation_m"": null, ""removed_tool_ids"": [14, 15, 18, 19, 20, 21, 26, 27, 28], ""right_hand_translation_m"": null, ""selected_step"": ""r2_fasten_first_stand"", ""step_attempt"": 8, ""step_elapsed_s"": 7.662893960019574, ""step_event_index"": 20, ""total_hand_translation_m"": null, ""trial_finished_elapsed_s"": null, ""trial_recording"": true, ""trial_required_tool_ids"": [7, 35, 37]}"
2026-09-02T21:45:52.909-04:00,austin,gesture,hover,hover,r2_fasten_first_stand,Row 2.4: fasten right stand,ready,8,21,23,GEAR_STAND_ROW3_RIGHT,,,,,,,,,,,,,,,,,,,,,,,"{""acquired_tool_ids"": [7], ""acquisition_complete"": false, ""completed_steps"": [""r1_bearing_right"", ""r1_gear_rod"", ""r2_gear_rod"", ""r1_fasten_first_stand"", ""r1_bearing_left"", ""r1_insert_rod_and_fit_second"", ""r1_fasten_second_stand"", ""r2_bearing_right"", ""r2_bearing_left""], ""head_rotation_deg"": null, ""head_translation_m"": null, ""left_hand_translation_m"": null, ""removed_tool_ids"": [14, 15, 18, 19, 20, 21, 26, 27, 28], ""right_hand_translation_m"": null, ""selected_step"": ""r2_fasten_first_stand"", ""step_attempt"": 8, ""step_elapsed_s"": 8.086821340024471, ""step_event_index"": 21, ""total_hand_translation_m"": null, ""trial_finished_elapsed_s"": null, ""trial_recording"": true, ""trial_required_tool_ids"": [7, 35, 37]}"
2026-09-02T21:45:53.833-04:00,austin,gesture,hover,hover,r2_fasten_first_stand,Row 2.4: fasten right stand,ready,8,22,23,GEAR_STAND_ROW3_RIGHT,,,,,,,,,,,,,,,,,,,,,,,"{""acquired_tool_ids"": [7], ""acquisition_complete"": false, ""completed_steps"": [""r1_bearing_right"", ""r1_gear_rod"", ""r2_gear_rod"", ""r1_fasten_first_stand"", ""r1_bearing_left"", ""r1_insert_rod_and_fit_second"", ""r1_fasten_second_stand"", ""r2_bearing_right"", ""r2_bearing_left""], ""head_rotation_deg"": null, ""head_translation_m"": null, ""left_hand_translation_m"": null, ""removed_tool_ids"": [14, 15, 18, 19, 20, 21, 26, 27, 28], ""right_hand_translation_m"": null, ""selected_step"": ""r2_fasten_first_stand"", ""step_attempt"": 8, ""step_elapsed_s"": 9.01083273102995, ""step_event_index"": 22, ""total_hand_translation_m"": null, ""trial_finished_elapsed_s"": null, ""trial_recording"": true, ""trial_required_tool_ids"": [7, 35, 37]}"
2026-09-02T21:45:53.881-04:00,austin,gesture,hover,hover,r2_fasten_first_stand,Row 2.4: fasten right stand,ready,8,23,25,GEAR_STAND_ROW4_RIGHT,,,,,,,,,,,,,,,,,,,,,,,"{""acquired_tool_ids"": [7], ""acquisition_complete"": false, ""completed_steps"": [""r1_bearing_right"", ""r1_gear_rod"", ""r2_gear_rod"", ""r1_fasten_first_stand"", ""r1_bearing_left"", ""r1_insert_rod_and_fit_second"", ""r1_fasten_second_stand"", ""r2_bearing_right"", ""r2_bearing_left""], ""head_rotation_deg"": null, ""head_translation_m"": null, ""left_hand_translation_m"": null, ""removed_tool_ids"": [14, 15, 18, 19, 20, 21, 26, 27, 28], ""right_hand_translation_m"": null, ""selected_step"": ""r2_fasten_first_stand"", ""step_attempt"": 8, ""step_elapsed_s"": 9.058740267006215, ""step_event_index"": 23, ""total_hand_translation_m"": null, ""trial_finished_elapsed_s"": null, ""trial_recording"": true, ""trial_required_tool_ids"": [7, 35, 37]}"
2026-09-02T21:45:54.045-04:00,austin,gesture,hover,hover,r2_fasten_first_stand,Row 2.4: fasten right stand,ready,8,24,11,FLATHEAD_SCREWDRIVER,,,,,,,,,,,,,,,,,,,,,,,"{""acquired_tool_ids"": [7], ""acquisition_complete"": false, ""completed_steps"": [""r1_bearing_right"", ""r1_gear_rod"", ""r2_gear_rod"", ""r1_fasten_first_stand"", ""r1_bearing_left"", ""r1_insert_rod_and_fit_second"", ""r1_fasten_second_stand"", ""r2_bearing_right"", ""r2_bearing_left""], ""head_rotation_deg"": null, ""head_translation_m"": null, ""left_hand_translation_m"": null, ""removed_tool_ids"": [14, 15, 18, 19, 20, 21, 26, 27, 28], ""right_hand_translation_m"": null, ""selected_step"": ""r2_fasten_first_stand"", ""step_attempt"": 8, ""step_elapsed_s"": 9.22276542900363, ""step_event_index"": 24, ""total_hand_translation_m"": null, ""trial_finished_elapsed_s"": null, ""trial_recording"": true, ""trial_required_tool_ids"": [7, 35, 37]}"
2026-09-02T21:45:54.495-04:00,austin,gesture,hover,hover,r2_fasten_first_stand,Row 2.4: fasten right stand,ready,8,25,13,MAGNET_POLE_CHECKER,,,,,,,,,,,,,,,,,,,,,,,"{""acquired_tool_ids"": [7], ""acquisition_complete"": false, ""completed_steps"": [""r1_bearing_right"", ""r1_gear_rod"", ""r2_gear_rod"", ""r1_fasten_first_stand"", ""r1_bearing_left"", ""r1_insert_rod_and_fit_second"", ""r1_fasten_second_stand"", ""r2_bearing_right"", ""r2_bearing_left""], ""head_rotation_deg"": null, ""head_translation_m"": null, ""left_hand_translation_m"": null, ""removed_tool_ids"": [14, 15, 18, 19, 20, 21, 26, 27, 28], ""right_hand_translation_m"": null, ""selected_step"": ""r2_fasten_first_stand"", ""step_attempt"": 8, ""step_elapsed_s"": 9.672678161005024, ""step_event_index"": 25, ""total_hand_translation_m"": null, ""trial_finished_elapsed_s"": null, ""trial_recording"": true, ""trial_required_tool_ids"": [7, 35, 37]}"
2026-09-02T21:45:54.944-04:00,austin,gesture,hover,hover,r2_fasten_first_stand,Row 2.4: fasten right stand,ready,8,26,37,BITHOLDER2,,,,,,,,,,,,,,,,,,,,,,,"{""acquired_tool_ids"": [7], ""acquisition_complete"": false, ""completed_steps"": [""r1_bearing_right"", ""r1_gear_rod"", ""r2_gear_rod"", ""r1_fasten_first_stand"", ""r1_bearing_left"", ""r1_insert_rod_and_fit_second"", ""r1_fasten_second_stand"", ""r2_bearing_right"", ""r2_bearing_left""], ""head_rotation_deg"": null, ""head_translation_m"": null, ""left_hand_translation_m"": null, ""removed_tool_ids"": [14, 15, 18, 19, 20, 21, 26, 27, 28], ""right_hand_translation_m"": null, ""selected_step"": ""r2_fasten_first_stand"", ""step_attempt"": 8, ""step_elapsed_s"": 10.122047053999268, ""step_event_index"": 26, ""total_hand_translation_m"": null, ""trial_finished_elapsed_s"": null, ""trial_recording"": true, ""trial_required_tool_ids"": [7, 35, 37]}"
2026-09-02T21:45:54.986-04:00,austin,gesture,hover,hover,r2_fasten_first_stand,Row 2.4: fasten right stand,ready,8,27,13,MAGNET_POLE_CHECKER,,,,,,,,,,,,,,,,,,,,,,,"{""acquired_tool_ids"": [7], ""acquisition_complete"": false, ""completed_steps"": [""r1_bearing_right"", ""r1_gear_rod"", ""r2_gear_rod"", ""r1_fasten_first_stand"", ""r1_bearing_left"", ""r1_insert_rod_and_fit_second"", ""r1_fasten_second_stand"", ""r2_bearing_right"", ""r2_bearing_left""], ""head_rotation_deg"": null, ""head_translation_m"": null, ""left_hand_translation_m"": null, ""removed_tool_ids"": [14, 15, 18, 19, 20, 21, 26, 27, 28], ""right_hand_translation_m"": null, ""selected_step"": ""r2_fasten_first_stand"", ""step_attempt"": 8, ""step_elapsed_s"": 10.164289560983889, ""step_event_index"": 27, ""total_hand_translation_m"": null, ""trial_finished_elapsed_s"": null, ""trial_recording"": true, ""trial_required_tool_ids"": [7, 35, 37]}"
2026-09-02T21:45:55.227-04:00,austin,gesture,hover,hover,r2_fasten_first_stand,Row 2.4: fasten right stand,ready,8,28,37,BITHOLDER2,,,,,,,,,,,,,,,,,,,,,,,"{""acquired_tool_ids"": [7], ""acquisition_complete"": false, ""completed_steps"": [""r1_bearing_right"", ""r1_gear_rod"", ""r2_gear_rod"", ""r1_fasten_first_stand"", ""r1_bearing_left"", ""r1_insert_rod_and_fit_second"", ""r1_fasten_second_stand"", ""r2_bearing_right"", ""r2_bearing_left""], ""head_rotation_deg"": null, ""head_translation_m"": null, ""left_hand_translation_m"": null, ""removed_tool_ids"": [14, 15, 18, 19, 20, 21, 26, 27, 28], ""right_hand_translation_m"": null, ""selected_step"": ""r2_fasten_first_stand"", ""step_attempt"": 8, ""step_elapsed_s"": 10.405075977032539, ""step_event_index"": 28, ""total_hand_translation_m"": null, ""trial_finished_elapsed_s"": null, ""trial_recording"": true, ""trial_required_tool_ids"": [7, 35, 37]}"
2026-09-02T21:45:55.880-04:00,austin,gesture,part_selection,click,r2_fasten_first_stand,Row 2.4: fasten right stand,ready,8,29,37,BITHOLDER2,6.806269,11.058103,,,,,,,,,,,,,,,1,,,,,,"{""acquired_tool_ids"": [7, 37], ""acquisition_complete"": false, ""completed_steps"": [""r1_bearing_right"", ""r1_gear_rod"", ""r2_gear_rod"", ""r1_fasten_first_stand"", ""r1_bearing_left"", ""r1_insert_rod_and_fit_second"", ""r1_fasten_second_stand"", ""r2_bearing_right"", ""r2_bearing_left""], ""head_rotation_deg"": null, ""head_translation_m"": null, ""left_hand_translation_m"": null, ""removed_tool_ids"": [14, 15, 18, 19, 20, 21, 26, 27, 28], ""right_hand_translation_m"": null, ""selected_step"": ""r2_fasten_first_stand"", ""step_attempt"": 8, ""step_elapsed_s"": 11.058156980026979, ""step_event_index"": 29, ""total_hand_translation_m"": null, ""trial_finished_elapsed_s"": null, ""trial_recording"": true, ""trial_required_tool_ids"": [7, 35, 37]}"
2026-09-02T21:45:55.941-04:00,austin,gesture,object_acquired,click,r2_fasten_first_stand,Row 2.4: fasten right stand,ready,8,30,37,BITHOLDER2,6.806269,11.058103,,,,,,,,,,,,,,,1,,,,,,"{""acquired_tool_ids"": [7, 37], ""acquisition_complete"": false, ""completed_steps"": [""r1_bearing_right"", ""r1_gear_rod"", ""r2_gear_rod"", ""r1_fasten_first_stand"", ""r1_bearing_left"", ""r1_insert_rod_and_fit_second"", ""r1_fasten_second_stand"", ""r2_bearing_right"", ""r2_bearing_left""], ""head_rotation_deg"": null, ""head_translation_m"": null, ""left_hand_translation_m"": null, ""removed_tool_ids"": [14, 15, 18, 19, 20, 21, 26, 27, 28], ""right_hand_translation_m"": null, ""selected_step"": ""r2_fasten_first_stand"", ""step_attempt"": 8, ""step_elapsed_s"": 11.118841251998674, ""step_event_index"": 30, ""total_hand_translation_m"": null, ""trial_finished_elapsed_s"": null, ""trial_recording"": true, ""trial_required_tool_ids"": [7, 35, 37]}"
2026-09-02T21:45:56.566-04:00,austin,gesture,hover,hover,r2_fasten_first_stand,Row 2.4: fasten right stand,ready,8,31,11,FLATHEAD_SCREWDRIVER,,,,,,,,,,,,,,,,,,,,,,,"{""acquired_tool_ids"": [7, 37], ""acquisition_complete"": false, ""completed_steps"": [""r1_bearing_right"", ""r1_gear_rod"", ""r2_gear_rod"", ""r1_fasten_first_stand"", ""r1_bearing_left"", ""r1_insert_rod_and_fit_second"", ""r1_fasten_second_stand"", ""r2_bearing_right"", ""r2_bearing_left""], ""head_rotation_deg"": null, ""head_translation_m"": null, ""left_hand_translation_m"": null, ""removed_tool_ids"": [14, 15, 18, 19, 20, 21, 26, 27, 28], ""right_hand_translation_m"": null, ""selected_step"": ""r2_fasten_first_stand"", ""step_attempt"": 8, ""step_elapsed_s"": 11.744169816025533, ""step_event_index"": 31, ""total_hand_translation_m"": null, ""trial_finished_elapsed_s"": null, ""trial_recording"": true, ""trial_required_tool_ids"": [7, 35, 37]}"
2026-09-02T21:45:58.445-04:00,austin,gesture,hover,hover,r2_fasten_first_stand,Row 2.4: fasten right stand,ready,8,32,35,SCREWS,,,,,,,,,,,,,,,,,,,,,,,"{""acquired_tool_ids"": [7, 37], ""acquisition_complete"": false, ""completed_steps"": [""r1_bearing_right"", ""r1_gear_rod"", ""r2_gear_rod"", ""r1_fasten_first_stand"", ""r1_bearing_left"", ""r1_insert_rod_and_fit_second"", ""r1_fasten_second_stand"", ""r2_bearing_right"", ""r2_bearing_left""], ""head_rotation_deg"": null, ""head_translation_m"": null, ""left_hand_translation_m"": null, ""removed_tool_ids"": [14, 15, 18, 19, 20, 21, 26, 27, 28], ""right_hand_translation_m"": null, ""selected_step"": ""r2_fasten_first_stand"", ""step_attempt"": 8, ""step_elapsed_s"": 13.622891137027182, ""step_event_index"": 32, ""total_hand_translation_m"": null, ""trial_finished_elapsed_s"": null, ""trial_recording"": true, ""trial_required_tool_ids"": [7, 35, 37]}"
2026-09-02T21:45:59.496-04:00,austin,gesture,hover,hover,r2_fasten_first_stand,Row 2.4: fasten right stand,ready,8,33,35,SCREWS,,,,,,,,,,,,,,,,,,,,,,,"{""acquired_tool_ids"": [7, 37], ""acquisition_complete"": false, ""completed_steps"": [""r1_bearing_right"", ""r1_gear_rod"", ""r2_gear_rod"", ""r1_fasten_first_stand"", ""r1_bearing_left"", ""r1_insert_rod_and_fit_second"", ""r1_fasten_second_stand"", ""r2_bearing_right"", ""r2_bearing_left""], ""head_rotation_deg"": null, ""head_translation_m"": null, ""left_hand_translation_m"": null, ""removed_tool_ids"": [14, 15, 18, 19, 20, 21, 26, 27, 28], ""right_hand_translation_m"": null, ""selected_step"": ""r2_fasten_first_stand"", ""step_attempt"": 8, ""step_elapsed_s"": 14.67385917599313, ""step_event_index"": 33, ""total_hand_translation_m"": null, ""trial_finished_elapsed_s"": null, ""trial_recording"": true, ""trial_required_tool_ids"": [7, 35, 37]}"
2026-09-02T21:46:00.863-04:00,austin,gesture,hover,hover,r2_fasten_first_stand,Row 2.4: fasten right stand,ready,8,34,35,SCREWS,,,,,,,,,,,,,,,,,,,,,,,"{""acquired_tool_ids"": [7, 37], ""acquisition_complete"": false, ""completed_steps"": [""r1_bearing_right"", ""r1_gear_rod"", ""r2_gear_rod"", ""r1_fasten_first_stand"", ""r1_bearing_left"", ""r1_insert_rod_and_fit_second"", ""r1_fasten_second_stand"", ""r2_bearing_right"", ""r2_bearing_left""], ""head_rotation_deg"": null, ""head_translation_m"": null, ""left_hand_translation_m"": null, ""removed_tool_ids"": [14, 15, 18, 19, 20, 21, 26, 27, 28], ""right_hand_translation_m"": null, ""selected_step"": ""r2_fasten_first_stand"", ""step_attempt"": 8, ""step_elapsed_s"": 16.040685457992367, ""step_event_index"": 34, ""total_hand_translation_m"": null, ""trial_finished_elapsed_s"": null, ""trial_recording"": true, ""trial_required_tool_ids"": [7, 35, 37]}"
2026-09-02T21:46:01.847-04:00,austin,gesture,part_selection,click,r2_fasten_first_stand,Row 2.4: fasten right stand,ready,8,35,35,SCREWS,5.966419,17.024522,,,,,,,,,,,,,,,1,,,,,,"{""acquired_tool_ids"": [7, 35, 37], ""acquisition_complete"": false, ""completed_steps"": [""r1_bearing_right"", ""r1_gear_rod"", ""r2_gear_rod"", ""r1_fasten_first_stand"", ""r1_bearing_left"", ""r1_insert_rod_and_fit_second"", ""r1_fasten_second_stand"", ""r2_bearing_right"", ""r2_bearing_left""], ""head_rotation_deg"": null, ""head_translation_m"": null, ""left_hand_translation_m"": null, ""removed_tool_ids"": [14, 15, 18, 19, 20, 21, 26, 27, 28], ""right_hand_translation_m"": null, ""selected_step"": ""r2_fasten_first_stand"", ""step_attempt"": 8, ""step_elapsed_s"": 17.02456681098556, ""step_event_index"": 35, ""total_hand_translation_m"": null, ""trial_finished_elapsed_s"": null, ""trial_recording"": true, ""trial_required_tool_ids"": [7, 35, 37]}"
2026-09-02T21:46:01.908-04:00,austin,gesture,object_acquired,click,r2_fasten_first_stand,Row 2.4: fasten right stand,ready,8,36,35,SCREWS,5.966419,17.024522,,,,,,,,,,,,,,,1,,,,,,"{""acquired_tool_ids"": [7, 35, 37], ""acquisition_complete"": false, ""completed_steps"": [""r1_bearing_right"", ""r1_gear_rod"", ""r2_gear_rod"", ""r1_fasten_first_stand"", ""r1_bearing_left"", ""r1_insert_rod_and_fit_second"", ""r1_fasten_second_stand"", ""r2_bearing_right"", ""r2_bearing_left""], ""head_rotation_deg"": null, ""head_translation_m"": null, ""left_hand_translation_m"": null, ""removed_tool_ids"": [14, 15, 18, 19, 20, 21, 26, 27, 28], ""right_hand_translation_m"": null, ""selected_step"": ""r2_fasten_first_stand"", ""step_attempt"": 8, ""step_elapsed_s"": 17.08628734498052, ""step_event_index"": 36, ""total_hand_translation_m"": null, ""trial_finished_elapsed_s"": null, ""trial_recording"": true, ""trial_required_tool_ids"": [7, 35, 37]}"
2026-09-02T21:46:01.952-04:00,austin,gesture,step_acquisition_complete,click,r2_fasten_first_stand,Row 2.4: fasten right stand,ready,8,37,,,,17.125617,0.205797,76.748979,0.417026,1.204614,1.621640,0.000000,9.000611,9.000611,53.078873,0,28,0.000000,0.371143,0.371143,,,,,,,"{""acquired_tool_ids"": [7, 35, 37], ""acquisition_complete"": true, ""any_hover_time_s"": 9.000610578979831, ""completed_steps"": [""r1_bearing_right"", ""r1_gear_rod"", ""r2_gear_rod"", ""r1_fasten_first_stand"", ""r1_bearing_left"", ""r1_insert_rod_and_fit_second"", ""r1_fasten_second_stand"", ""r2_bearing_right"", ""r2_bearing_left""], ""head_rotation_deg"": 76.74897873988868, ""head_translation_m"": 0.20579677922952436, ""hover_time_percent"": 53.07887307717134, ""left_hand_translation_m"": 0.41702617085153254, ""left_hover_episodes"": 0, ""left_hover_time_s"": 0.0, ""left_hover_translation_m"": 0.0, ""removed_tool_ids"": [14, 15, 18, 19, 20, 21, 26, 27, 28], ""right_hand_translation_m"": 1.2046142899417034, ""right_hover_episodes"": 28, ""right_hover_time_s"": 9.000610578979831, ""right_hover_translation_m"": 0.371143163905312, ""selected_step"": ""r2_fasten_first_stand"", ""step_attempt"": 8, ""step_elapsed_s"": 17.12561673700111, ""step_event_index"": 37, ""total_hand_translation_m"": 1.621640460793236, ""total_hover_translation_m"": 0.371143163905312, ""trial_finished_elapsed_s"": 17.12561673700111, ""trial_recording"": false, ""trial_required_tool_ids"": [7, 35, 37]}"
2026-09-02T21:46:01.976-04:00,austin,gesture,graph_complete,,r2_fasten_first_stand,Row 2.4: fasten right stand,complete,8,38,,,,,,,,,,,,,,,,,,,,,,,,,"{""acquired_tool_ids"": [7, 35, 37], ""acquisition_complete"": true, ""any_hover_time_s"": 9.000610578979831, ""completed_steps"": [""r1_bearing_right"", ""r1_gear_rod"", ""r2_gear_rod"", ""r1_fasten_first_stand"", ""r1_bearing_left"", ""r1_insert_rod_and_fit_second"", ""r1_fasten_second_stand"", ""r2_bearing_right"", ""r2_bearing_left"", ""r2_fasten_first_stand"", ""r2_insert_rod_and_fit_second"", ""r2_fasten_second_stand""], ""head_rotation_deg"": 76.74897873988868, ""head_translation_m"": 0.20579677922952436, ""hover_time_percent"": 53.07887307717134, ""left_hand_translation_m"": 0.41702617085153254, ""left_hover_episodes"": 0, ""left_hover_time_s"": 0.0, ""left_hover_translation_m"": 0.0, ""removed_tool_ids"": [14, 15, 18, 19, 20, 21, 26, 27, 28], ""right_hand_translation_m"": 1.2046142899417034, ""right_hover_episodes"": 28, ""right_hover_time_s"": 9.000610578979831, ""right_hover_translation_m"": 0.371143163905312, ""selected_step"": ""r2_fasten_first_stand"", ""step_attempt"": 8, ""step_elapsed_s"": 17.12561673700111, ""step_event_index"": 38, ""total_hand_translation_m"": 1.621640460793236, ""total_hover_translation_m"": 0.371143163905312, ""trial_finished_elapsed_s"": 17.12561673700111, ""trial_recording"": false, ""trial_required_tool_ids"": [7, 35, 37]}"
