timestamp,participant_id,condition,event_type,modality,step_id,step_title,step_state,step_attempt,step_event_index,tool_id,tool_name,part_elapsed_s,step_elapsed_s,head_translation_m,head_rotation_deg,left_hand_translation_m,right_hand_translation_m,total_hand_translation_m,left_hover_time_s,right_hover_time_s,any_hover_time_s,hover_time_percent,left_hover_episodes,right_hover_episodes,left_hover_translation_m,right_hover_translation_m,total_hover_translation_m,correct,transcript,vlm_prediction,vlm_raw,graph_decision,spoken_response,state_json
2026-09-04T11:25:07.368-04:00,mann,language,step_started,keyboard,r1_gear_rod,Row 1.2: assemble gear rod,ready,1,1,,,,,,,,,,,,,,,,,,,,,,,,,"{""acquired_tool_ids"": [], ""acquisition_complete"": false, ""completed_steps"": [], ""head_rotation_deg"": null, ""head_translation_m"": null, ""left_hand_translation_m"": null, ""removed_tool_ids"": [], ""right_hand_translation_m"": null, ""selected_step"": ""r1_gear_rod"", ""step_attempt"": 1, ""step_elapsed_s"": 6.512098480015993e-05, ""step_event_index"": 1, ""total_hand_translation_m"": null, ""trial_finished_elapsed_s"": null, ""trial_recording"": true, ""trial_required_tool_ids"": [14, 26, 33]}"
2026-09-04T11:25:17.275-04:00,mann,language,participant_speech_submitted,speech,r1_gear_rod,Row 1.2: assemble gear rod,ready,1,2,,,,9.906145,,,,,,,,,,,,,,,,row1 gear shaft,,,speech_proxy,,"{""acquired_tool_ids"": [], ""acquisition_complete"": false, ""completed_steps"": [], ""head_rotation_deg"": null, ""head_translation_m"": null, ""left_hand_translation_m"": null, ""removed_tool_ids"": [], ""right_hand_translation_m"": null, ""selected_step"": ""r1_gear_rod"", ""step_attempt"": 1, ""step_elapsed_s"": 9.90616835502442, ""step_event_index"": 2, ""total_hand_translation_m"": null, ""trial_finished_elapsed_s"": null, ""trial_recording"": true, ""trial_required_tool_ids"": [14, 26, 33]}"
2026-09-04T11:25:17.415-04:00,mann,language,vlm_request_submitted,speech,r1_gear_rod,Row 1.2: assemble gear rod,ready,1,3,,,,10.046331,,,,,,,,,,,,,,,,row1 gear shaft,,,speech_proxy,,"{""acquired_tool_ids"": [], ""acquisition_complete"": false, ""completed_steps"": [], ""head_rotation_deg"": null, ""head_translation_m"": null, ""left_hand_translation_m"": null, ""removed_tool_ids"": [], ""right_hand_translation_m"": null, ""selected_step"": ""r1_gear_rod"", ""step_attempt"": 1, ""step_elapsed_s"": 10.04634228895884, ""step_event_index"": 3, ""total_hand_translation_m"": null, ""trial_finished_elapsed_s"": null, ""trial_recording"": true, ""trial_required_tool_ids"": [14, 26, 33]}"
2026-09-04T11:25:21.247-04:00,mann,language,vlm_inference_completed,lifecycle,r1_gear_rod,Row 1.2: assemble gear rod,ready,1,4,,,,13.878810,,,,,,,,,,,,,,,,row1 gear shaft,,,GEAR_ROD_ROW1,,"{""acquired_tool_ids"": [], ""acquisition_complete"": false, ""completed_steps"": [], ""head_rotation_deg"": null, ""head_translation_m"": null, ""left_hand_translation_m"": null, ""removed_tool_ids"": [], ""right_hand_translation_m"": null, ""selected_step"": ""r1_gear_rod"", ""step_attempt"": 1, ""step_elapsed_s"": 13.878821264021099, ""step_event_index"": 4, ""total_hand_translation_m"": null, ""trial_finished_elapsed_s"": null, ""trial_recording"": true, ""trial_required_tool_ids"": [14, 26, 33]}"
2026-09-04T11:25:21.297-04:00,mann,language,vlm_interaction,language,r1_gear_rod,Row 1.2: assemble gear rod,ready,1,5,,,,,,,,,,,,,,,,,,,,row1 gear shaft,GEAR_ROD_ROW1,"{""intent"":""part_reference"",""part_action"":""reference"",""reference_relation"":""direct"",""step_scope"":"""",""target"":""GEAR_ROD_ROW1"",""candidates"":[],""exclude_labels"":[]}",language_grounded,I identified and highlighted the Row 1 gear rod.,"{""acquired_tool_ids"": [], ""acquisition_complete"": false, ""completed_steps"": [], ""head_rotation_deg"": null, ""head_translation_m"": null, ""left_hand_translation_m"": null, ""removed_tool_ids"": [], ""right_hand_translation_m"": null, ""selected_step"": ""r1_gear_rod"", ""step_attempt"": 1, ""step_elapsed_s"": 13.928685848019086, ""step_event_index"": 5, ""total_hand_translation_m"": null, ""trial_finished_elapsed_s"": null, ""trial_recording"": true, ""trial_required_tool_ids"": [14, 26, 33]}"
2026-09-04T11:25:21.336-04:00,mann,language,part_selection,language,r1_gear_rod,Row 1.2: assemble gear rod,ready,1,6,14,GEAR_ROD_ROW1,13.968022,13.968022,,,,,,,,,,,,,,,1,,,,,,"{""acquired_tool_ids"": [14], ""acquisition_complete"": false, ""completed_steps"": [], ""head_rotation_deg"": null, ""head_translation_m"": null, ""left_hand_translation_m"": null, ""removed_tool_ids"": [], ""right_hand_translation_m"": null, ""selected_step"": ""r1_gear_rod"", ""step_attempt"": 1, ""step_elapsed_s"": 13.968090598005801, ""step_event_index"": 6, ""total_hand_translation_m"": null, ""trial_finished_elapsed_s"": null, ""trial_recording"": true, ""trial_required_tool_ids"": [14, 26, 33]}"
2026-09-04T11:25:21.365-04:00,mann,language,object_acquired,language,r1_gear_rod,Row 1.2: assemble gear rod,ready,1,7,14,GEAR_ROD_ROW1,13.968022,13.968022,,,,,,,,,,,,,,,1,,,,,,"{""acquired_tool_ids"": [14], ""acquisition_complete"": false, ""completed_steps"": [], ""head_rotation_deg"": null, ""head_translation_m"": null, ""left_hand_translation_m"": null, ""removed_tool_ids"": [], ""right_hand_translation_m"": null, ""selected_step"": ""r1_gear_rod"", ""step_attempt"": 1, ""step_elapsed_s"": 13.996189602999948, ""step_event_index"": 7, ""total_hand_translation_m"": null, ""trial_finished_elapsed_s"": null, ""trial_recording"": true, ""trial_required_tool_ids"": [14, 26, 33]}"
2026-09-04T11:25:21.378-04:00,mann,language,tts_queued,lifecycle,r1_gear_rod,Row 1.2: assemble gear rod,ready,1,8,,,,14.009572,,,,,,,,,,,,,,,,2 parts left.,,,replace,,"{""acquired_tool_ids"": [14], ""acquisition_complete"": false, ""completed_steps"": [], ""head_rotation_deg"": null, ""head_translation_m"": null, ""left_hand_translation_m"": null, ""removed_tool_ids"": [], ""right_hand_translation_m"": null, ""selected_step"": ""r1_gear_rod"", ""step_attempt"": 1, ""step_elapsed_s"": 14.009580702055246, ""step_event_index"": 8, ""total_hand_translation_m"": null, ""trial_finished_elapsed_s"": null, ""trial_recording"": true, ""trial_required_tool_ids"": [14, 26, 33]}"
2026-09-04T11:25:21.408-04:00,mann,language,tts_started,lifecycle,r1_gear_rod,Row 1.2: assemble gear rod,ready,1,9,,,,14.039715,,,,,,,,,,,,,,,,2 parts left.,,,,,"{""acquired_tool_ids"": [14], ""acquisition_complete"": false, ""completed_steps"": [], ""head_rotation_deg"": null, ""head_translation_m"": null, ""left_hand_translation_m"": null, ""removed_tool_ids"": [], ""right_hand_translation_m"": null, ""selected_step"": ""r1_gear_rod"", ""step_attempt"": 1, ""step_elapsed_s"": 14.039723649970256, ""step_event_index"": 9, ""total_hand_translation_m"": null, ""trial_finished_elapsed_s"": null, ""trial_recording"": true, ""trial_required_tool_ids"": [14, 26, 33]}"
2026-09-04T11:25:22.609-04:00,mann,language,tts_finished,lifecycle,r1_gear_rod,Row 1.2: assemble gear rod,ready,1,10,,,,15.240857,,,,,,,,,,,,,,,,2 parts left.,,,,,"{""acquired_tool_ids"": [14], ""acquisition_complete"": false, ""completed_steps"": [], ""head_rotation_deg"": null, ""head_translation_m"": null, ""left_hand_translation_m"": null, ""removed_tool_ids"": [], ""right_hand_translation_m"": null, ""selected_step"": ""r1_gear_rod"", ""step_attempt"": 1, ""step_elapsed_s"": 15.240878634038381, ""step_event_index"": 10, ""total_hand_translation_m"": null, ""trial_finished_elapsed_s"": null, ""trial_recording"": true, ""trial_required_tool_ids"": [14, 26, 33]}"
2026-09-04T11:25:38.984-04:00,mann,language,participant_speech_submitted,speech,r1_gear_rod,Row 1.2: assemble gear rod,ready,1,11,,,,31.615371,,,,,,,,,,,,,,,,row1 bearing,,,speech_proxy,,"{""acquired_tool_ids"": [14], ""acquisition_complete"": false, ""completed_steps"": [], ""head_rotation_deg"": null, ""head_translation_m"": null, ""left_hand_translation_m"": null, ""removed_tool_ids"": [], ""right_hand_translation_m"": null, ""selected_step"": ""r1_gear_rod"", ""step_attempt"": 1, ""step_elapsed_s"": 31.615389953018166, ""step_event_index"": 11, ""total_hand_translation_m"": null, ""trial_finished_elapsed_s"": null, ""trial_recording"": true, ""trial_required_tool_ids"": [14, 26, 33]}"
2026-09-04T11:25:39.033-04:00,mann,language,vlm_request_submitted,speech,r1_gear_rod,Row 1.2: assemble gear rod,ready,1,12,,,,31.664753,,,,,,,,,,,,,,,,row1 bearing,,,speech_proxy,,"{""acquired_tool_ids"": [14], ""acquisition_complete"": false, ""completed_steps"": [], ""head_rotation_deg"": null, ""head_translation_m"": null, ""left_hand_translation_m"": null, ""removed_tool_ids"": [], ""right_hand_translation_m"": null, ""selected_step"": ""r1_gear_rod"", ""step_attempt"": 1, ""step_elapsed_s"": 31.664771549985744, ""step_event_index"": 12, ""total_hand_translation_m"": null, ""trial_finished_elapsed_s"": null, ""trial_recording"": true, ""trial_required_tool_ids"": [14, 26, 33]}"
2026-09-04T11:25:42.385-04:00,mann,language,vlm_inference_completed,lifecycle,r1_gear_rod,Row 1.2: assemble gear rod,ready,1,13,,,,35.016982,,,,,,,,,,,,,,,,row1 bearing,,,BEARING_ROW1,,"{""acquired_tool_ids"": [14], ""acquisition_complete"": false, ""completed_steps"": [], ""head_rotation_deg"": null, ""head_translation_m"": null, ""left_hand_translation_m"": null, ""removed_tool_ids"": [], ""right_hand_translation_m"": null, ""selected_step"": ""r1_gear_rod"", ""step_attempt"": 1, ""step_elapsed_s"": 35.016990836011246, ""step_event_index"": 13, ""total_hand_translation_m"": null, ""trial_finished_elapsed_s"": null, ""trial_recording"": true, ""trial_required_tool_ids"": [14, 26, 33]}"
2026-09-04T11:25:42.423-04:00,mann,language,vlm_interaction,language,r1_gear_rod,Row 1.2: assemble gear rod,ready,1,14,,,,,,,,,,,,,,,,,,,,row1 bearing,BEARING_ROW1,"{""intent"":""part_reference"",""part_action"":""reference"",""reference_relation"":""direct"",""step_scope"":"""",""target"":""BEARING_ROW1_RIGHT"",""candidates"":[],""exclude_labels"":[]}",language_grounded,I identified and highlighted the Row 1 bearings.,"{""acquired_tool_ids"": [14], ""acquisition_complete"": false, ""completed_steps"": [], ""head_rotation_deg"": null, ""head_translation_m"": null, ""left_hand_translation_m"": null, ""removed_tool_ids"": [], ""right_hand_translation_m"": null, ""selected_step"": ""r1_gear_rod"", ""step_attempt"": 1, ""step_elapsed_s"": 35.054360582027584, ""step_event_index"": 14, ""total_hand_translation_m"": null, ""trial_finished_elapsed_s"": null, ""trial_recording"": true, ""trial_required_tool_ids"": [14, 26, 33]}"
2026-09-04T11:25:57.092-04:00,mann,language,participant_speech_submitted,speech,r1_gear_rod,Row 1.2: assemble gear rod,ready,1,15,,,,49.723596,,,,,,,,,,,,,,,,row1 left gear,,,speech_proxy,,"{""acquired_tool_ids"": [14], ""acquisition_complete"": false, ""completed_steps"": [], ""head_rotation_deg"": null, ""head_translation_m"": null, ""left_hand_translation_m"": null, ""removed_tool_ids"": [], ""right_hand_translation_m"": null, ""selected_step"": ""r1_gear_rod"", ""step_attempt"": 1, ""step_elapsed_s"": 49.72361450304743, ""step_event_index"": 15, ""total_hand_translation_m"": null, ""trial_finished_elapsed_s"": null, ""trial_recording"": true, ""trial_required_tool_ids"": [14, 26, 33]}"
2026-09-04T11:25:57.139-04:00,mann,language,vlm_request_submitted,speech,r1_gear_rod,Row 1.2: assemble gear rod,ready,1,16,,,,49.770242,,,,,,,,,,,,,,,,row1 left gear,,,speech_proxy,,"{""acquired_tool_ids"": [14], ""acquisition_complete"": false, ""completed_steps"": [], ""head_rotation_deg"": null, ""head_translation_m"": null, ""left_hand_translation_m"": null, ""removed_tool_ids"": [], ""right_hand_translation_m"": null, ""selected_step"": ""r1_gear_rod"", ""step_attempt"": 1, ""step_elapsed_s"": 49.770254345959984, ""step_event_index"": 16, ""total_hand_translation_m"": null, ""trial_finished_elapsed_s"": null, ""trial_recording"": true, ""trial_required_tool_ids"": [14, 26, 33]}"
2026-09-04T11:26:00.498-04:00,mann,language,vlm_inference_completed,lifecycle,r1_gear_rod,Row 1.2: assemble gear rod,ready,1,17,,,,53.129396,,,,,,,,,,,,,,,,row1 left gear,,,GEAR_ROW1_LEFT,,"{""acquired_tool_ids"": [14], ""acquisition_complete"": false, ""completed_steps"": [], ""head_rotation_deg"": null, ""head_translation_m"": null, ""left_hand_translation_m"": null, ""removed_tool_ids"": [], ""right_hand_translation_m"": null, ""selected_step"": ""r1_gear_rod"", ""step_attempt"": 1, ""step_elapsed_s"": 53.129404962062836, ""step_event_index"": 17, ""total_hand_translation_m"": null, ""trial_finished_elapsed_s"": null, ""trial_recording"": true, ""trial_required_tool_ids"": [14, 26, 33]}"
2026-09-04T11:26:00.539-04:00,mann,language,vlm_interaction,language,r1_gear_rod,Row 1.2: assemble gear rod,ready,1,18,,,,,,,,,,,,,,,,,,,,row1 left gear,GEAR_ROW1_LEFT,"{""intent"":""part_reference"",""part_action"":""reference"",""reference_relation"":""direct"",""step_scope"":"""",""target"":""GEAR_ROW1_LEFT"",""candidates"":[],""exclude_labels"":[]}",language_grounded,I identified and highlighted the Row 1 left gear.,"{""acquired_tool_ids"": [14], ""acquisition_complete"": false, ""completed_steps"": [], ""head_rotation_deg"": null, ""head_translation_m"": null, ""left_hand_translation_m"": null, ""removed_tool_ids"": [], ""right_hand_translation_m"": null, ""selected_step"": ""r1_gear_rod"", ""step_attempt"": 1, ""step_elapsed_s"": 53.1710364499595, ""step_event_index"": 18, ""total_hand_translation_m"": null, ""trial_finished_elapsed_s"": null, ""trial_recording"": true, ""trial_required_tool_ids"": [14, 26, 33]}"
2026-09-04T11:26:00.600-04:00,mann,language,part_selection,language,r1_gear_rod,Row 1.2: assemble gear rod,ready,1,19,26,GEAR_ROW1_LEFT,39.263129,53.231151,,,,,,,,,,,,,,,1,,,,,,"{""acquired_tool_ids"": [14, 26], ""acquisition_complete"": false, ""completed_steps"": [], ""head_rotation_deg"": null, ""head_translation_m"": null, ""left_hand_translation_m"": null, ""removed_tool_ids"": [], ""right_hand_translation_m"": null, ""selected_step"": ""r1_gear_rod"", ""step_attempt"": 1, ""step_elapsed_s"": 53.23134243802633, ""step_event_index"": 19, ""total_hand_translation_m"": null, ""trial_finished_elapsed_s"": null, ""trial_recording"": true, ""trial_required_tool_ids"": [14, 26, 33]}"
2026-09-04T11:26:00.626-04:00,mann,language,object_acquired,language,r1_gear_rod,Row 1.2: assemble gear rod,ready,1,20,26,GEAR_ROW1_LEFT,39.263129,53.231151,,,,,,,,,,,,,,,1,,,,,,"{""acquired_tool_ids"": [14, 26], ""acquisition_complete"": false, ""completed_steps"": [], ""head_rotation_deg"": null, ""head_translation_m"": null, ""left_hand_translation_m"": null, ""removed_tool_ids"": [], ""right_hand_translation_m"": null, ""selected_step"": ""r1_gear_rod"", ""step_attempt"": 1, ""step_elapsed_s"": 53.258120025042444, ""step_event_index"": 20, ""total_hand_translation_m"": null, ""trial_finished_elapsed_s"": null, ""trial_recording"": true, ""trial_required_tool_ids"": [14, 26, 33]}"
2026-09-04T11:26:00.638-04:00,mann,language,tts_queued,lifecycle,r1_gear_rod,Row 1.2: assemble gear rod,ready,1,21,,,,53.269321,,,,,,,,,,,,,,,,1 part left.,,,replace,,"{""acquired_tool_ids"": [14, 26], ""acquisition_complete"": false, ""completed_steps"": [], ""head_rotation_deg"": null, ""head_translation_m"": null, ""left_hand_translation_m"": null, ""removed_tool_ids"": [], ""right_hand_translation_m"": null, ""selected_step"": ""r1_gear_rod"", ""step_attempt"": 1, ""step_elapsed_s"": 53.269326849025674, ""step_event_index"": 21, ""total_hand_translation_m"": null, ""trial_finished_elapsed_s"": null, ""trial_recording"": true, ""trial_required_tool_ids"": [14, 26, 33]}"
2026-09-04T11:26:00.677-04:00,mann,language,tts_started,lifecycle,r1_gear_rod,Row 1.2: assemble gear rod,ready,1,22,,,,53.308690,,,,,,,,,,,,,,,,1 part left.,,,,,"{""acquired_tool_ids"": [14, 26], ""acquisition_complete"": false, ""completed_steps"": [], ""head_rotation_deg"": null, ""head_translation_m"": null, ""left_hand_translation_m"": null, ""removed_tool_ids"": [], ""right_hand_translation_m"": null, ""selected_step"": ""r1_gear_rod"", ""step_attempt"": 1, ""step_elapsed_s"": 53.30870115698781, ""step_event_index"": 22, ""total_hand_translation_m"": null, ""trial_finished_elapsed_s"": null, ""trial_recording"": true, ""trial_required_tool_ids"": [14, 26, 33]}"
2026-09-04T11:26:02.294-04:00,mann,language,tts_finished,lifecycle,r1_gear_rod,Row 1.2: assemble gear rod,ready,1,23,,,,54.925357,,,,,,,,,,,,,,,,1 part left.,,,,,"{""acquired_tool_ids"": [14, 26], ""acquisition_complete"": false, ""completed_steps"": [], ""head_rotation_deg"": null, ""head_translation_m"": null, ""left_hand_translation_m"": null, ""removed_tool_ids"": [], ""right_hand_translation_m"": null, ""selected_step"": ""r1_gear_rod"", ""step_attempt"": 1, ""step_elapsed_s"": 54.92536727001425, ""step_event_index"": 23, ""total_hand_translation_m"": null, ""trial_finished_elapsed_s"": null, ""trial_recording"": true, ""trial_required_tool_ids"": [14, 26, 33]}"
2026-09-04T11:26:17.564-04:00,mann,language,participant_speech_submitted,speech,r1_gear_rod,Row 1.2: assemble gear rod,ready,1,24,,,,70.195281,,,,,,,,,,,,,,,,woodne pin,,,speech_proxy,,"{""acquired_tool_ids"": [14, 26], ""acquisition_complete"": false, ""completed_steps"": [], ""head_rotation_deg"": null, ""head_translation_m"": null, ""left_hand_translation_m"": null, ""removed_tool_ids"": [], ""right_hand_translation_m"": null, ""selected_step"": ""r1_gear_rod"", ""step_attempt"": 1, ""step_elapsed_s"": 70.19529909803532, ""step_event_index"": 24, ""total_hand_translation_m"": null, ""trial_finished_elapsed_s"": null, ""trial_recording"": true, ""trial_required_tool_ids"": [14, 26, 33]}"
2026-09-04T11:26:17.621-04:00,mann,language,vlm_request_submitted,speech,r1_gear_rod,Row 1.2: assemble gear rod,ready,1,25,,,,70.252350,,,,,,,,,,,,,,,,woodne pin,,,speech_proxy,,"{""acquired_tool_ids"": [14, 26], ""acquisition_complete"": false, ""completed_steps"": [], ""head_rotation_deg"": null, ""head_translation_m"": null, ""left_hand_translation_m"": null, ""removed_tool_ids"": [], ""right_hand_translation_m"": null, ""selected_step"": ""r1_gear_rod"", ""step_attempt"": 1, ""step_elapsed_s"": 70.25236646202393, ""step_event_index"": 25, ""total_hand_translation_m"": null, ""trial_finished_elapsed_s"": null, ""trial_recording"": true, ""trial_required_tool_ids"": [14, 26, 33]}"
2026-09-04T11:26:20.853-04:00,mann,language,vlm_inference_completed,lifecycle,r1_gear_rod,Row 1.2: assemble gear rod,ready,1,26,,,,73.484432,,,,,,,,,,,,,,,,woodne pin,,,PIN,,"{""acquired_tool_ids"": [14, 26], ""acquisition_complete"": false, ""completed_steps"": [], ""head_rotation_deg"": null, ""head_translation_m"": null, ""left_hand_translation_m"": null, ""removed_tool_ids"": [], ""right_hand_translation_m"": null, ""selected_step"": ""r1_gear_rod"", ""step_attempt"": 1, ""step_elapsed_s"": 73.48444340506103, ""step_event_index"": 26, ""total_hand_translation_m"": null, ""trial_finished_elapsed_s"": null, ""trial_recording"": true, ""trial_required_tool_ids"": [14, 26, 33]}"
2026-09-04T11:26:20.957-04:00,mann,language,vlm_interaction,language,r1_gear_rod,Row 1.2: assemble gear rod,ready,1,27,,,,,,,,,,,,,,,,,,,,woodne pin,PIN,"{""intent"":""part_reference"",""part_action"":""reference"",""reference_relation"":""direct"",""step_scope"":"""",""target"":""PIN"",""candidates"":[],""exclude_labels"":[]}",language_grounded,I identified and highlighted the wooden retaining pin.,"{""acquired_tool_ids"": [14, 26], ""acquisition_complete"": false, ""completed_steps"": [], ""head_rotation_deg"": null, ""head_translation_m"": null, ""left_hand_translation_m"": null, ""removed_tool_ids"": [], ""right_hand_translation_m"": null, ""selected_step"": ""r1_gear_rod"", ""step_attempt"": 1, ""step_elapsed_s"": 73.58868099900428, ""step_event_index"": 27, ""total_hand_translation_m"": null, ""trial_finished_elapsed_s"": null, ""trial_recording"": true, ""trial_required_tool_ids"": [14, 26, 33]}"
2026-09-04T11:26:21.088-04:00,mann,language,part_selection,language,r1_gear_rod,Row 1.2: assemble gear rod,ready,1,28,33,PINS,20.488110,73.719261,,,,,,,,,,,,,,,1,,,,,,"{""acquired_tool_ids"": [14, 26, 33], ""acquisition_complete"": false, ""completed_steps"": [], ""head_rotation_deg"": null, ""head_translation_m"": null, ""left_hand_translation_m"": null, ""removed_tool_ids"": [], ""right_hand_translation_m"": null, ""selected_step"": ""r1_gear_rod"", ""step_attempt"": 1, ""step_elapsed_s"": 73.71930741297547, ""step_event_index"": 28, ""total_hand_translation_m"": null, ""trial_finished_elapsed_s"": null, ""trial_recording"": true, ""trial_required_tool_ids"": [14, 26, 33]}"
2026-09-04T11:26:21.106-04:00,mann,language,object_acquired,language,r1_gear_rod,Row 1.2: assemble gear rod,ready,1,29,33,PINS,20.488110,73.719261,,,,,,,,,,,,,,,1,,,,,,"{""acquired_tool_ids"": [14, 26, 33], ""acquisition_complete"": false, ""completed_steps"": [], ""head_rotation_deg"": null, ""head_translation_m"": null, ""left_hand_translation_m"": null, ""removed_tool_ids"": [], ""right_hand_translation_m"": null, ""selected_step"": ""r1_gear_rod"", ""step_attempt"": 1, ""step_elapsed_s"": 73.73786055401433, ""step_event_index"": 29, ""total_hand_translation_m"": null, ""trial_finished_elapsed_s"": null, ""trial_recording"": true, ""trial_required_tool_ids"": [14, 26, 33]}"
2026-09-04T11:26:21.118-04:00,mann,language,step_acquisition_complete,language,r1_gear_rod,Row 1.2: assemble gear rod,ready,1,30,,,,73.748635,0.334576,115.493244,0.682505,0.689224,1.371729,0.000000,0.000000,0.000000,0.000000,0,0,0.000000,0.000000,0.000000,,,,,,,"{""acquired_tool_ids"": [14, 26, 33], ""acquisition_complete"": true, ""any_hover_time_s"": 0.0, ""completed_steps"": [], ""head_rotation_deg"": 115.49324378899767, ""head_translation_m"": 0.33457638408068024, ""hover_time_percent"": 0.0, ""left_hand_translation_m"": 0.682505232079336, ""left_hover_episodes"": 0, ""left_hover_time_s"": 0.0, ""left_hover_translation_m"": 0.0, ""removed_tool_ids"": [14, 26], ""right_hand_translation_m"": 0.6892236944412354, ""right_hover_episodes"": 0, ""right_hover_time_s"": 0.0, ""right_hover_translation_m"": 0.0, ""selected_step"": ""r1_gear_rod"", ""step_attempt"": 1, ""step_elapsed_s"": 73.74863490404096, ""step_event_index"": 30, ""total_hand_translation_m"": 1.3717289265205714, ""total_hover_translation_m"": 0.0, ""trial_finished_elapsed_s"": 73.74863490404096, ""trial_recording"": false, ""trial_required_tool_ids"": [14, 26, 33]}"
2026-09-04T11:26:21.200-04:00,mann,language,graph_complete,,r1_gear_rod,Row 1.2: assemble gear rod,complete,1,31,,,,,,,,,,,,,,,,,,,,,,,,,"{""acquired_tool_ids"": [14, 26, 33], ""acquisition_complete"": true, ""any_hover_time_s"": 0.0, ""completed_steps"": [""r1_gear_rod""], ""head_rotation_deg"": 115.49324378899767, ""head_translation_m"": 0.33457638408068024, ""hover_time_percent"": 0.0, ""left_hand_translation_m"": 0.682505232079336, ""left_hover_episodes"": 0, ""left_hover_time_s"": 0.0, ""left_hover_translation_m"": 0.0, ""removed_tool_ids"": [14, 26], ""right_hand_translation_m"": 0.6892236944412354, ""right_hover_episodes"": 0, ""right_hover_time_s"": 0.0, ""right_hover_translation_m"": 0.0, ""selected_step"": ""r1_gear_rod"", ""step_attempt"": 1, ""step_elapsed_s"": 73.74863490404096, ""step_event_index"": 31, ""total_hand_translation_m"": 1.3717289265205714, ""total_hover_translation_m"": 0.0, ""trial_finished_elapsed_s"": 73.74863490404096, ""trial_recording"": false, ""trial_required_tool_ids"": [14, 26, 33]}"
2026-09-04T11:26:32.826-04:00,mann,language,step_started,keyboard,r2_gear_rod,Row 2.2: assemble gear rod,ready,2,1,,,,,,,,,,,,,,,,,,,,,,,,,"{""acquired_tool_ids"": [], ""acquisition_complete"": false, ""completed_steps"": [""r1_gear_rod""], ""head_rotation_deg"": null, ""head_translation_m"": null, ""left_hand_translation_m"": null, ""removed_tool_ids"": [14, 26], ""right_hand_translation_m"": null, ""selected_step"": ""r2_gear_rod"", ""step_attempt"": 2, ""step_elapsed_s"": 0.0005810570437461138, ""step_event_index"": 1, ""total_hand_translation_m"": null, ""trial_finished_elapsed_s"": null, ""trial_recording"": true, ""trial_required_tool_ids"": [15, 27, 28]}"
2026-09-04T11:26:39.358-04:00,mann,language,participant_speech_submitted,speech,r2_gear_rod,Row 2.2: assemble gear rod,ready,2,2,,,,6.532525,,,,,,,,,,,,,,,,row2 lef gear,,,speech_proxy,,"{""acquired_tool_ids"": [], ""acquisition_complete"": false, ""completed_steps"": [""r1_gear_rod""], ""head_rotation_deg"": null, ""head_translation_m"": null, ""left_hand_translation_m"": null, ""removed_tool_ids"": [14, 26], ""right_hand_translation_m"": null, ""selected_step"": ""r2_gear_rod"", ""step_attempt"": 2, ""step_elapsed_s"": 6.5325443680631, ""step_event_index"": 2, ""total_hand_translation_m"": null, ""trial_finished_elapsed_s"": null, ""trial_recording"": true, ""trial_required_tool_ids"": [15, 27, 28]}"
2026-09-04T11:26:39.382-04:00,mann,language,vlm_request_submitted,speech,r2_gear_rod,Row 2.2: assemble gear rod,ready,2,3,,,,6.556574,,,,,,,,,,,,,,,,row2 lef gear,,,speech_proxy,,"{""acquired_tool_ids"": [], ""acquisition_complete"": false, ""completed_steps"": [""r1_gear_rod""], ""head_rotation_deg"": null, ""head_translation_m"": null, ""left_hand_translation_m"": null, ""removed_tool_ids"": [14, 26], ""right_hand_translation_m"": null, ""selected_step"": ""r2_gear_rod"", ""step_attempt"": 2, ""step_elapsed_s"": 6.5565857460023835, ""step_event_index"": 3, ""total_hand_translation_m"": null, ""trial_finished_elapsed_s"": null, ""trial_recording"": true, ""trial_required_tool_ids"": [15, 27, 28]}"
2026-09-04T11:26:42.713-04:00,mann,language,vlm_inference_completed,lifecycle,r2_gear_rod,Row 2.2: assemble gear rod,ready,2,4,,,,9.887208,,,,,,,,,,,,,,,,row2 lef gear,,,GEAR_ROW2_LEFT,,"{""acquired_tool_ids"": [], ""acquisition_complete"": false, ""completed_steps"": [""r1_gear_rod""], ""head_rotation_deg"": null, ""head_translation_m"": null, ""left_hand_translation_m"": null, ""removed_tool_ids"": [14, 26], ""right_hand_translation_m"": null, ""selected_step"": ""r2_gear_rod"", ""step_attempt"": 2, ""step_elapsed_s"": 9.887216956005432, ""step_event_index"": 4, ""total_hand_translation_m"": null, ""trial_finished_elapsed_s"": null, ""trial_recording"": true, ""trial_required_tool_ids"": [15, 27, 28]}"
2026-09-04T11:26:42.750-04:00,mann,language,vlm_interaction,language,r2_gear_rod,Row 2.2: assemble gear rod,ready,2,5,,,,,,,,,,,,,,,,,,,,row2 lef gear,GEAR_ROW2_LEFT,"{""intent"":""part_reference"",""part_action"":""reference"",""reference_relation"":""direct"",""step_scope"":"""",""target"":""GEAR_ROW2_LEFT"",""candidates"":[],""exclude_labels"":[]}",language_grounded,I identified and highlighted the Row 2 left gear.,"{""acquired_tool_ids"": [], ""acquisition_complete"": false, ""completed_steps"": [""r1_gear_rod""], ""head_rotation_deg"": null, ""head_translation_m"": null, ""left_hand_translation_m"": null, ""removed_tool_ids"": [14, 26], ""right_hand_translation_m"": null, ""selected_step"": ""r2_gear_rod"", ""step_attempt"": 2, ""step_elapsed_s"": 9.924059140030295, ""step_event_index"": 5, ""total_hand_translation_m"": null, ""trial_finished_elapsed_s"": null, ""trial_recording"": true, ""trial_required_tool_ids"": [15, 27, 28]}"
2026-09-04T11:26:42.784-04:00,mann,language,part_selection,language,r2_gear_rod,Row 2.2: assemble gear rod,ready,2,6,27,GEAR_ROW2_LEFT,9.958049,9.958049,,,,,,,,,,,,,,,1,,,,,,"{""acquired_tool_ids"": [27], ""acquisition_complete"": false, ""completed_steps"": [""r1_gear_rod""], ""head_rotation_deg"": null, ""head_translation_m"": null, ""left_hand_translation_m"": null, ""removed_tool_ids"": [14, 26], ""right_hand_translation_m"": null, ""selected_step"": ""r2_gear_rod"", ""step_attempt"": 2, ""step_elapsed_s"": 9.958100035088137, ""step_event_index"": 6, ""total_hand_translation_m"": null, ""trial_finished_elapsed_s"": null, ""trial_recording"": true, ""trial_required_tool_ids"": [15, 27, 28]}"
2026-09-04T11:26:42.795-04:00,mann,language,object_acquired,language,r2_gear_rod,Row 2.2: assemble gear rod,ready,2,7,27,GEAR_ROW2_LEFT,9.958049,9.958049,,,,,,,,,,,,,,,1,,,,,,"{""acquired_tool_ids"": [27], ""acquisition_complete"": false, ""completed_steps"": [""r1_gear_rod""], ""head_rotation_deg"": null, ""head_translation_m"": null, ""left_hand_translation_m"": null, ""removed_tool_ids"": [14, 26], ""right_hand_translation_m"": null, ""selected_step"": ""r2_gear_rod"", ""step_attempt"": 2, ""step_elapsed_s"": 9.969810066046193, ""step_event_index"": 7, ""total_hand_translation_m"": null, ""trial_finished_elapsed_s"": null, ""trial_recording"": true, ""trial_required_tool_ids"": [15, 27, 28]}"
2026-09-04T11:26:42.815-04:00,mann,language,tts_queued,lifecycle,r2_gear_rod,Row 2.2: assemble gear rod,ready,2,8,,,,9.989257,,,,,,,,,,,,,,,,2 parts left.,,,replace,,"{""acquired_tool_ids"": [27], ""acquisition_complete"": false, ""completed_steps"": [""r1_gear_rod""], ""head_rotation_deg"": null, ""head_translation_m"": null, ""left_hand_translation_m"": null, ""removed_tool_ids"": [14, 26], ""right_hand_translation_m"": null, ""selected_step"": ""r2_gear_rod"", ""step_attempt"": 2, ""step_elapsed_s"": 9.989270453108475, ""step_event_index"": 8, ""total_hand_translation_m"": null, ""trial_finished_elapsed_s"": null, ""trial_recording"": true, ""trial_required_tool_ids"": [15, 27, 28]}"
2026-09-04T11:26:42.857-04:00,mann,language,tts_started,lifecycle,r2_gear_rod,Row 2.2: assemble gear rod,ready,2,9,,,,10.031379,,,,,,,,,,,,,,,,2 parts left.,,,,,"{""acquired_tool_ids"": [27], ""acquisition_complete"": false, ""completed_steps"": [""r1_gear_rod""], ""head_rotation_deg"": null, ""head_translation_m"": null, ""left_hand_translation_m"": null, ""removed_tool_ids"": [14, 26], ""right_hand_translation_m"": null, ""selected_step"": ""r2_gear_rod"", ""step_attempt"": 2, ""step_elapsed_s"": 10.031390409101732, ""step_event_index"": 9, ""total_hand_translation_m"": null, ""trial_finished_elapsed_s"": null, ""trial_recording"": true, ""trial_required_tool_ids"": [15, 27, 28]}"
2026-09-04T11:26:44.250-04:00,mann,language,tts_finished,lifecycle,r2_gear_rod,Row 2.2: assemble gear rod,ready,2,10,,,,11.424486,,,,,,,,,,,,,,,,2 parts left.,,,,,"{""acquired_tool_ids"": [27], ""acquisition_complete"": false, ""completed_steps"": [""r1_gear_rod""], ""head_rotation_deg"": null, ""head_translation_m"": null, ""left_hand_translation_m"": null, ""removed_tool_ids"": [14, 26], ""right_hand_translation_m"": null, ""selected_step"": ""r2_gear_rod"", ""step_attempt"": 2, ""step_elapsed_s"": 11.424508780008182, ""step_event_index"": 10, ""total_hand_translation_m"": null, ""trial_finished_elapsed_s"": null, ""trial_recording"": true, ""trial_required_tool_ids"": [15, 27, 28]}"
2026-09-04T11:26:50.068-04:00,mann,language,participant_speech_submitted,speech,r2_gear_rod,Row 2.2: assemble gear rod,ready,2,11,,,,17.242918,,,,,,,,,,,,,,,,row2 right gear,,,speech_proxy,,"{""acquired_tool_ids"": [27], ""acquisition_complete"": false, ""completed_steps"": [""r1_gear_rod""], ""head_rotation_deg"": null, ""head_translation_m"": null, ""left_hand_translation_m"": null, ""removed_tool_ids"": [14, 26], ""right_hand_translation_m"": null, ""selected_step"": ""r2_gear_rod"", ""step_attempt"": 2, ""step_elapsed_s"": 17.242930207052268, ""step_event_index"": 11, ""total_hand_translation_m"": null, ""trial_finished_elapsed_s"": null, ""trial_recording"": true, ""trial_required_tool_ids"": [15, 27, 28]}"
2026-09-04T11:26:50.104-04:00,mann,language,vlm_request_submitted,speech,r2_gear_rod,Row 2.2: assemble gear rod,ready,2,12,,,,17.278591,,,,,,,,,,,,,,,,row2 right gear,,,speech_proxy,,"{""acquired_tool_ids"": [27], ""acquisition_complete"": false, ""completed_steps"": [""r1_gear_rod""], ""head_rotation_deg"": null, ""head_translation_m"": null, ""left_hand_translation_m"": null, ""removed_tool_ids"": [14, 26], ""right_hand_translation_m"": null, ""selected_step"": ""r2_gear_rod"", ""step_attempt"": 2, ""step_elapsed_s"": 17.27860166307073, ""step_event_index"": 12, ""total_hand_translation_m"": null, ""trial_finished_elapsed_s"": null, ""trial_recording"": true, ""trial_required_tool_ids"": [15, 27, 28]}"
2026-09-04T11:26:53.452-04:00,mann,language,vlm_inference_completed,lifecycle,r2_gear_rod,Row 2.2: assemble gear rod,ready,2,13,,,,20.626367,,,,,,,,,,,,,,,,row2 right gear,,,GEAR_ROW2_RIGHT,,"{""acquired_tool_ids"": [27], ""acquisition_complete"": false, ""completed_steps"": [""r1_gear_rod""], ""head_rotation_deg"": null, ""head_translation_m"": null, ""left_hand_translation_m"": null, ""removed_tool_ids"": [14, 26], ""right_hand_translation_m"": null, ""selected_step"": ""r2_gear_rod"", ""step_attempt"": 2, ""step_elapsed_s"": 20.626379061024636, ""step_event_index"": 13, ""total_hand_translation_m"": null, ""trial_finished_elapsed_s"": null, ""trial_recording"": true, ""trial_required_tool_ids"": [15, 27, 28]}"
2026-09-04T11:26:53.483-04:00,mann,language,vlm_interaction,language,r2_gear_rod,Row 2.2: assemble gear rod,ready,2,14,,,,,,,,,,,,,,,,,,,,row2 right gear,GEAR_ROW2_RIGHT,"{""intent"":""part_reference"",""part_action"":""reference"",""reference_relation"":""direct"",""step_scope"":"""",""target"":""GEAR_ROW2_RIGHT"",""candidates"":[],""exclude_labels"":[]}",language_grounded,I identified and highlighted the Row 2 right gear.,"{""acquired_tool_ids"": [27], ""acquisition_complete"": false, ""completed_steps"": [""r1_gear_rod""], ""head_rotation_deg"": null, ""head_translation_m"": null, ""left_hand_translation_m"": null, ""removed_tool_ids"": [14, 26], ""right_hand_translation_m"": null, ""selected_step"": ""r2_gear_rod"", ""step_attempt"": 2, ""step_elapsed_s"": 20.657544494024478, ""step_event_index"": 14, ""total_hand_translation_m"": null, ""trial_finished_elapsed_s"": null, ""trial_recording"": true, ""trial_required_tool_ids"": [15, 27, 28]}"
2026-09-04T11:26:53.510-04:00,mann,language,part_selection,language,r2_gear_rod,Row 2.2: assemble gear rod,ready,2,15,28,GEAR_ROW2_RIGHT,10.726080,20.684129,,,,,,,,,,,,,,,1,,,,,,"{""acquired_tool_ids"": [27, 28], ""acquisition_complete"": false, ""completed_steps"": [""r1_gear_rod""], ""head_rotation_deg"": null, ""head_translation_m"": null, ""left_hand_translation_m"": null, ""removed_tool_ids"": [14, 26], ""right_hand_translation_m"": null, ""selected_step"": ""r2_gear_rod"", ""step_attempt"": 2, ""step_elapsed_s"": 20.684254829073325, ""step_event_index"": 15, ""total_hand_translation_m"": null, ""trial_finished_elapsed_s"": null, ""trial_recording"": true, ""trial_required_tool_ids"": [15, 27, 28]}"
2026-09-04T11:26:53.522-04:00,mann,language,object_acquired,language,r2_gear_rod,Row 2.2: assemble gear rod,ready,2,16,28,GEAR_ROW2_RIGHT,10.726080,20.684129,,,,,,,,,,,,,,,1,,,,,,"{""acquired_tool_ids"": [27, 28], ""acquisition_complete"": false, ""completed_steps"": [""r1_gear_rod""], ""head_rotation_deg"": null, ""head_translation_m"": null, ""left_hand_translation_m"": null, ""removed_tool_ids"": [14, 26], ""right_hand_translation_m"": null, ""selected_step"": ""r2_gear_rod"", ""step_attempt"": 2, ""step_elapsed_s"": 20.696867526043206, ""step_event_index"": 16, ""total_hand_translation_m"": null, ""trial_finished_elapsed_s"": null, ""trial_recording"": true, ""trial_required_tool_ids"": [15, 27, 28]}"
2026-09-04T11:26:53.532-04:00,mann,language,tts_queued,lifecycle,r2_gear_rod,Row 2.2: assemble gear rod,ready,2,17,,,,20.706193,,,,,,,,,,,,,,,,1 part left.,,,replace,,"{""acquired_tool_ids"": [27, 28], ""acquisition_complete"": false, ""completed_steps"": [""r1_gear_rod""], ""head_rotation_deg"": null, ""head_translation_m"": null, ""left_hand_translation_m"": null, ""removed_tool_ids"": [14, 26], ""right_hand_translation_m"": null, ""selected_step"": ""r2_gear_rod"", ""step_attempt"": 2, ""step_elapsed_s"": 20.706201626104303, ""step_event_index"": 17, ""total_hand_translation_m"": null, ""trial_finished_elapsed_s"": null, ""trial_recording"": true, ""trial_required_tool_ids"": [15, 27, 28]}"
2026-09-04T11:26:53.548-04:00,mann,language,tts_started,lifecycle,r2_gear_rod,Row 2.2: assemble gear rod,ready,2,18,,,,20.722651,,,,,,,,,,,,,,,,1 part left.,,,,,"{""acquired_tool_ids"": [27, 28], ""acquisition_complete"": false, ""completed_steps"": [""r1_gear_rod""], ""head_rotation_deg"": null, ""head_translation_m"": null, ""left_hand_translation_m"": null, ""removed_tool_ids"": [14, 26], ""right_hand_translation_m"": null, ""selected_step"": ""r2_gear_rod"", ""step_attempt"": 2, ""step_elapsed_s"": 20.72266159602441, ""step_event_index"": 18, ""total_hand_translation_m"": null, ""trial_finished_elapsed_s"": null, ""trial_recording"": true, ""trial_required_tool_ids"": [15, 27, 28]}"
2026-09-04T11:26:54.836-04:00,mann,language,tts_finished,lifecycle,r2_gear_rod,Row 2.2: assemble gear rod,ready,2,19,,,,22.010517,,,,,,,,,,,,,,,,1 part left.,,,,,"{""acquired_tool_ids"": [27, 28], ""acquisition_complete"": false, ""completed_steps"": [""r1_gear_rod""], ""head_rotation_deg"": null, ""head_translation_m"": null, ""left_hand_translation_m"": null, ""removed_tool_ids"": [14, 26], ""right_hand_translation_m"": null, ""selected_step"": ""r2_gear_rod"", ""step_attempt"": 2, ""step_elapsed_s"": 22.010526941041462, ""step_event_index"": 19, ""total_hand_translation_m"": null, ""trial_finished_elapsed_s"": null, ""trial_recording"": true, ""trial_required_tool_ids"": [15, 27, 28]}"
2026-09-04T11:27:00.210-04:00,mann,language,participant_speech_submitted,speech,r2_gear_rod,Row 2.2: assemble gear rod,ready,2,20,,,,27.384609,,,,,,,,,,,,,,,,row2 shaft,,,speech_proxy,,"{""acquired_tool_ids"": [27, 28], ""acquisition_complete"": false, ""completed_steps"": [""r1_gear_rod""], ""head_rotation_deg"": null, ""head_translation_m"": null, ""left_hand_translation_m"": null, ""removed_tool_ids"": [14, 26], ""right_hand_translation_m"": null, ""selected_step"": ""r2_gear_rod"", ""step_attempt"": 2, ""step_elapsed_s"": 27.384620445081964, ""step_event_index"": 20, ""total_hand_translation_m"": null, ""trial_finished_elapsed_s"": null, ""trial_recording"": true, ""trial_required_tool_ids"": [15, 27, 28]}"
2026-09-04T11:27:00.245-04:00,mann,language,vlm_request_submitted,speech,r2_gear_rod,Row 2.2: assemble gear rod,ready,2,21,,,,27.419637,,,,,,,,,,,,,,,,row2 shaft,,,speech_proxy,,"{""acquired_tool_ids"": [27, 28], ""acquisition_complete"": false, ""completed_steps"": [""r1_gear_rod""], ""head_rotation_deg"": null, ""head_translation_m"": null, ""left_hand_translation_m"": null, ""removed_tool_ids"": [14, 26], ""right_hand_translation_m"": null, ""selected_step"": ""r2_gear_rod"", ""step_attempt"": 2, ""step_elapsed_s"": 27.419647836009972, ""step_event_index"": 21, ""total_hand_translation_m"": null, ""trial_finished_elapsed_s"": null, ""trial_recording"": true, ""trial_required_tool_ids"": [15, 27, 28]}"
2026-09-04T11:27:03.656-04:00,mann,language,vlm_inference_completed,lifecycle,r2_gear_rod,Row 2.2: assemble gear rod,ready,2,22,,,,30.830354,,,,,,,,,,,,,,,,row2 shaft,,,GEAR_ROD_ROW2,,"{""acquired_tool_ids"": [27, 28], ""acquisition_complete"": false, ""completed_steps"": [""r1_gear_rod""], ""head_rotation_deg"": null, ""head_translation_m"": null, ""left_hand_translation_m"": null, ""removed_tool_ids"": [14, 26], ""right_hand_translation_m"": null, ""selected_step"": ""r2_gear_rod"", ""step_attempt"": 2, ""step_elapsed_s"": 30.830363061046228, ""step_event_index"": 22, ""total_hand_translation_m"": null, ""trial_finished_elapsed_s"": null, ""trial_recording"": true, ""trial_required_tool_ids"": [15, 27, 28]}"
2026-09-04T11:27:03.688-04:00,mann,language,vlm_interaction,language,r2_gear_rod,Row 2.2: assemble gear rod,ready,2,23,,,,,,,,,,,,,,,,,,,,row2 shaft,GEAR_ROD_ROW2,"{""intent"":""part_reference"",""part_action"":""reference"",""reference_relation"":""direct"",""step_scope"":"""",""target"":""GEAR_ROD_ROW2"",""candidates"":[],""exclude_labels"":[]}",language_grounded,I identified and highlighted the Row 2 gear rod.,"{""acquired_tool_ids"": [27, 28], ""acquisition_complete"": false, ""completed_steps"": [""r1_gear_rod""], ""head_rotation_deg"": null, ""head_translation_m"": null, ""left_hand_translation_m"": null, ""removed_tool_ids"": [14, 26], ""right_hand_translation_m"": null, ""selected_step"": ""r2_gear_rod"", ""step_attempt"": 2, ""step_elapsed_s"": 30.862888883100823, ""step_event_index"": 23, ""total_hand_translation_m"": null, ""trial_finished_elapsed_s"": null, ""trial_recording"": true, ""trial_required_tool_ids"": [15, 27, 28]}"
2026-09-04T11:27:03.714-04:00,mann,language,part_selection,language,r2_gear_rod,Row 2.2: assemble gear rod,ready,2,24,15,GEAR_ROD_ROW2,10.204648,30.888776,,,,,,,,,,,,,,,1,,,,,,"{""acquired_tool_ids"": [15, 27, 28], ""acquisition_complete"": false, ""completed_steps"": [""r1_gear_rod""], ""head_rotation_deg"": null, ""head_translation_m"": null, ""left_hand_translation_m"": null, ""removed_tool_ids"": [14, 26], ""right_hand_translation_m"": null, ""selected_step"": ""r2_gear_rod"", ""step_attempt"": 2, ""step_elapsed_s"": 30.888843536027707, ""step_event_index"": 24, ""total_hand_translation_m"": null, ""trial_finished_elapsed_s"": null, ""trial_recording"": true, ""trial_required_tool_ids"": [15, 27, 28]}"
2026-09-04T11:27:03.735-04:00,mann,language,object_acquired,language,r2_gear_rod,Row 2.2: assemble gear rod,ready,2,25,15,GEAR_ROD_ROW2,10.204648,30.888776,,,,,,,,,,,,,,,1,,,,,,"{""acquired_tool_ids"": [15, 27, 28], ""acquisition_complete"": false, ""completed_steps"": [""r1_gear_rod""], ""head_rotation_deg"": null, ""head_translation_m"": null, ""left_hand_translation_m"": null, ""removed_tool_ids"": [14, 26], ""right_hand_translation_m"": null, ""selected_step"": ""r2_gear_rod"", ""step_attempt"": 2, ""step_elapsed_s"": 30.909610419999808, ""step_event_index"": 25, ""total_hand_translation_m"": null, ""trial_finished_elapsed_s"": null, ""trial_recording"": true, ""trial_required_tool_ids"": [15, 27, 28]}"
2026-09-04T11:27:03.745-04:00,mann,language,step_acquisition_complete,language,r2_gear_rod,Row 2.2: assemble gear rod,ready,2,26,,,,30.918984,1.121230,421.918181,0.782594,0.853869,1.636463,0.000000,0.000000,0.000000,0.000000,0,0,0.000000,0.000000,0.000000,,,,,,,"{""acquired_tool_ids"": [15, 27, 28], ""acquisition_complete"": true, ""any_hover_time_s"": 0.0, ""completed_steps"": [""r1_gear_rod""], ""head_rotation_deg"": 421.91818052970655, ""head_translation_m"": 1.1212295366610616, ""hover_time_percent"": 0.0, ""left_hand_translation_m"": 0.7825941700722631, ""left_hover_episodes"": 0, ""left_hover_time_s"": 0.0, ""left_hover_translation_m"": 0.0, ""removed_tool_ids"": [14, 15, 26, 27, 28], ""right_hand_translation_m"": 0.8538688553988191, ""right_hover_episodes"": 0, ""right_hover_time_s"": 0.0, ""right_hover_translation_m"": 0.0, ""selected_step"": ""r2_gear_rod"", ""step_attempt"": 2, ""step_elapsed_s"": 30.9189839650644, ""step_event_index"": 26, ""total_hand_translation_m"": 1.6364630254710821, ""total_hover_translation_m"": 0.0, ""trial_finished_elapsed_s"": 30.9189839650644, ""trial_recording"": false, ""trial_required_tool_ids"": [15, 27, 28]}"
2026-09-04T11:27:03.785-04:00,mann,language,graph_complete,,r2_gear_rod,Row 2.2: assemble gear rod,complete,2,27,,,,,,,,,,,,,,,,,,,,,,,,,"{""acquired_tool_ids"": [15, 27, 28], ""acquisition_complete"": true, ""any_hover_time_s"": 0.0, ""completed_steps"": [""r1_gear_rod"", ""r2_gear_rod""], ""head_rotation_deg"": 421.91818052970655, ""head_translation_m"": 1.1212295366610616, ""hover_time_percent"": 0.0, ""left_hand_translation_m"": 0.7825941700722631, ""left_hover_episodes"": 0, ""left_hover_time_s"": 0.0, ""left_hover_translation_m"": 0.0, ""removed_tool_ids"": [14, 15, 26, 27, 28], ""right_hand_translation_m"": 0.8538688553988191, ""right_hover_episodes"": 0, ""right_hover_time_s"": 0.0, ""right_hover_translation_m"": 0.0, ""selected_step"": ""r2_gear_rod"", ""step_attempt"": 2, ""step_elapsed_s"": 30.9189839650644, ""step_event_index"": 27, ""total_hand_translation_m"": 1.6364630254710821, ""total_hover_translation_m"": 0.0, ""trial_finished_elapsed_s"": 30.9189839650644, ""trial_recording"": false, ""trial_required_tool_ids"": [15, 27, 28]}"
2026-09-04T11:27:15.130-04:00,mann,language,step_started,keyboard,r1_bearing_right,Row 1.1: bearing into right stand,ready,3,1,,,,,,,,,,,,,,,,,,,,,,,,,"{""acquired_tool_ids"": [], ""acquisition_complete"": false, ""completed_steps"": [""r1_gear_rod"", ""r2_gear_rod""], ""head_rotation_deg"": null, ""head_translation_m"": null, ""left_hand_translation_m"": null, ""removed_tool_ids"": [14, 15, 26, 27, 28], ""right_hand_translation_m"": null, ""selected_step"": ""r1_bearing_right"", ""step_attempt"": 3, ""step_elapsed_s"": 0.0006234049797058105, ""step_event_index"": 1, ""total_hand_translation_m"": null, ""trial_finished_elapsed_s"": null, ""trial_recording"": true, ""trial_required_tool_ids"": [19, 34]}"
2026-09-04T11:27:21.199-04:00,mann,language,participant_speech_submitted,speech,r1_bearing_right,Row 1.1: bearing into right stand,ready,3,2,,,,6.069695,,,,,,,,,,,,,,,,row1 right gearstand,,,speech_proxy,,"{""acquired_tool_ids"": [], ""acquisition_complete"": false, ""completed_steps"": [""r1_gear_rod"", ""r2_gear_rod""], ""head_rotation_deg"": null, ""head_translation_m"": null, ""left_hand_translation_m"": null, ""removed_tool_ids"": [14, 15, 26, 27, 28], ""right_hand_translation_m"": null, ""selected_step"": ""r1_bearing_right"", ""step_attempt"": 3, ""step_elapsed_s"": 6.0697051520692185, ""step_event_index"": 2, ""total_hand_translation_m"": null, ""trial_finished_elapsed_s"": null, ""trial_recording"": true, ""trial_required_tool_ids"": [19, 34]}"
2026-09-04T11:27:21.281-04:00,mann,language,vlm_request_submitted,speech,r1_bearing_right,Row 1.1: bearing into right stand,ready,3,3,,,,6.151546,,,,,,,,,,,,,,,,row1 right gearstand,,,speech_proxy,,"{""acquired_tool_ids"": [], ""acquisition_complete"": false, ""completed_steps"": [""r1_gear_rod"", ""r2_gear_rod""], ""head_rotation_deg"": null, ""head_translation_m"": null, ""left_hand_translation_m"": null, ""removed_tool_ids"": [14, 15, 26, 27, 28], ""right_hand_translation_m"": null, ""selected_step"": ""r1_bearing_right"", ""step_attempt"": 3, ""step_elapsed_s"": 6.151560471975245, ""step_event_index"": 3, ""total_hand_translation_m"": null, ""trial_finished_elapsed_s"": null, ""trial_recording"": true, ""trial_required_tool_ids"": [19, 34]}"
2026-09-04T11:27:24.685-04:00,mann,language,vlm_inference_completed,lifecycle,r1_bearing_right,Row 1.1: bearing into right stand,ready,3,4,,,,9.556282,,,,,,,,,,,,,,,,row1 right gearstand,,,STAND_ROW1_RIGHT,,"{""acquired_tool_ids"": [], ""acquisition_complete"": false, ""completed_steps"": [""r1_gear_rod"", ""r2_gear_rod""], ""head_rotation_deg"": null, ""head_translation_m"": null, ""left_hand_translation_m"": null, ""removed_tool_ids"": [14, 15, 26, 27, 28], ""right_hand_translation_m"": null, ""selected_step"": ""r1_bearing_right"", ""step_attempt"": 3, ""step_elapsed_s"": 9.556298710987903, ""step_event_index"": 4, ""total_hand_translation_m"": null, ""trial_finished_elapsed_s"": null, ""trial_recording"": true, ""trial_required_tool_ids"": [19, 34]}"
2026-09-04T11:27:24.709-04:00,mann,language,vlm_interaction,language,r1_bearing_right,Row 1.1: bearing into right stand,ready,3,5,,,,,,,,,,,,,,,,,,,,row1 right gearstand,STAND_ROW1_RIGHT,"{""intent"":""part_reference"",""part_action"":""reference"",""reference_relation"":""direct"",""step_scope"":"""",""target"":""STAND_ROW1_RIGHT"",""candidates"":[],""exclude_labels"":[]}",language_grounded,I identified and highlighted the Row 1 right stand.,"{""acquired_tool_ids"": [], ""acquisition_complete"": false, ""completed_steps"": [""r1_gear_rod"", ""r2_gear_rod""], ""head_rotation_deg"": null, ""head_translation_m"": null, ""left_hand_translation_m"": null, ""removed_tool_ids"": [14, 15, 26, 27, 28], ""right_hand_translation_m"": null, ""selected_step"": ""r1_bearing_right"", ""step_attempt"": 3, ""step_elapsed_s"": 9.580060775973834, ""step_event_index"": 5, ""total_hand_translation_m"": null, ""trial_finished_elapsed_s"": null, ""trial_recording"": true, ""trial_required_tool_ids"": [19, 34]}"
2026-09-04T11:27:24.763-04:00,mann,language,part_selection,language,r1_bearing_right,Row 1.1: bearing into right stand,ready,3,6,19,GEAR_STAND_ROW1_RIGHT,9.634067,9.634067,,,,,,,,,,,,,,,1,,,,,,"{""acquired_tool_ids"": [19], ""acquisition_complete"": false, ""completed_steps"": [""r1_gear_rod"", ""r2_gear_rod""], ""head_rotation_deg"": null, ""head_translation_m"": null, ""left_hand_translation_m"": null, ""removed_tool_ids"": [14, 15, 26, 27, 28], ""right_hand_translation_m"": null, ""selected_step"": ""r1_bearing_right"", ""step_attempt"": 3, ""step_elapsed_s"": 9.634132998995483, ""step_event_index"": 6, ""total_hand_translation_m"": null, ""trial_finished_elapsed_s"": null, ""trial_recording"": true, ""trial_required_tool_ids"": [19, 34]}"
2026-09-04T11:27:24.820-04:00,mann,language,object_acquired,language,r1_bearing_right,Row 1.1: bearing into right stand,ready,3,7,19,GEAR_STAND_ROW1_RIGHT,9.634067,9.634067,,,,,,,,,,,,,,,1,,,,,,"{""acquired_tool_ids"": [19], ""acquisition_complete"": false, ""completed_steps"": [""r1_gear_rod"", ""r2_gear_rod""], ""head_rotation_deg"": null, ""head_translation_m"": null, ""left_hand_translation_m"": null, ""removed_tool_ids"": [14, 15, 26, 27, 28], ""right_hand_translation_m"": null, ""selected_step"": ""r1_bearing_right"", ""step_attempt"": 3, ""step_elapsed_s"": 9.690606215037405, ""step_event_index"": 7, ""total_hand_translation_m"": null, ""trial_finished_elapsed_s"": null, ""trial_recording"": true, ""trial_required_tool_ids"": [19, 34]}"
2026-09-04T11:27:24.867-04:00,mann,language,tts_queued,lifecycle,r1_bearing_right,Row 1.1: bearing into right stand,ready,3,8,,,,9.738365,,,,,,,,,,,,,,,,1 part left.,,,replace,,"{""acquired_tool_ids"": [19], ""acquisition_complete"": false, ""completed_steps"": [""r1_gear_rod"", ""r2_gear_rod""], ""head_rotation_deg"": null, ""head_translation_m"": null, ""left_hand_translation_m"": null, ""removed_tool_ids"": [14, 15, 26, 27, 28], ""right_hand_translation_m"": null, ""selected_step"": ""r1_bearing_right"", ""step_attempt"": 3, ""step_elapsed_s"": 9.738373651984148, ""step_event_index"": 8, ""total_hand_translation_m"": null, ""trial_finished_elapsed_s"": null, ""trial_recording"": true, ""trial_required_tool_ids"": [19, 34]}"
2026-09-04T11:27:25.077-04:00,mann,language,tts_started,lifecycle,r1_bearing_right,Row 1.1: bearing into right stand,ready,3,9,,,,9.947578,,,,,,,,,,,,,,,,1 part left.,,,,,"{""acquired_tool_ids"": [19], ""acquisition_complete"": false, ""completed_steps"": [""r1_gear_rod"", ""r2_gear_rod""], ""head_rotation_deg"": null, ""head_translation_m"": null, ""left_hand_translation_m"": null, ""removed_tool_ids"": [14, 15, 26, 27, 28], ""right_hand_translation_m"": null, ""selected_step"": ""r1_bearing_right"", ""step_attempt"": 3, ""step_elapsed_s"": 9.947590415016748, ""step_event_index"": 9, ""total_hand_translation_m"": null, ""trial_finished_elapsed_s"": null, ""trial_recording"": true, ""trial_required_tool_ids"": [19, 34]}"
2026-09-04T11:27:26.850-04:00,mann,language,tts_finished,lifecycle,r1_bearing_right,Row 1.1: bearing into right stand,ready,3,10,,,,11.721146,,,,,,,,,,,,,,,,1 part left.,,,,,"{""acquired_tool_ids"": [19], ""acquisition_complete"": false, ""completed_steps"": [""r1_gear_rod"", ""r2_gear_rod""], ""head_rotation_deg"": null, ""head_translation_m"": null, ""left_hand_translation_m"": null, ""removed_tool_ids"": [14, 15, 26, 27, 28], ""right_hand_translation_m"": null, ""selected_step"": ""r1_bearing_right"", ""step_attempt"": 3, ""step_elapsed_s"": 11.72115640505217, ""step_event_index"": 10, ""total_hand_translation_m"": null, ""trial_finished_elapsed_s"": null, ""trial_recording"": true, ""trial_required_tool_ids"": [19, 34]}"
2026-09-04T11:27:31.641-04:00,mann,language,participant_speech_submitted,speech,r1_bearing_right,Row 1.1: bearing into right stand,ready,3,11,,,,16.511784,,,,,,,,,,,,,,,,bearing,,,speech_proxy,,"{""acquired_tool_ids"": [19], ""acquisition_complete"": false, ""completed_steps"": [""r1_gear_rod"", ""r2_gear_rod""], ""head_rotation_deg"": null, ""head_translation_m"": null, ""left_hand_translation_m"": null, ""removed_tool_ids"": [14, 15, 26, 27, 28], ""right_hand_translation_m"": null, ""selected_step"": ""r1_bearing_right"", ""step_attempt"": 3, ""step_elapsed_s"": 16.511804662062787, ""step_event_index"": 11, ""total_hand_translation_m"": null, ""trial_finished_elapsed_s"": null, ""trial_recording"": true, ""trial_required_tool_ids"": [19, 34]}"
2026-09-04T11:27:31.684-04:00,mann,language,vlm_request_submitted,speech,r1_bearing_right,Row 1.1: bearing into right stand,ready,3,12,,,,16.555210,,,,,,,,,,,,,,,,bearing,,,speech_proxy,,"{""acquired_tool_ids"": [19], ""acquisition_complete"": false, ""completed_steps"": [""r1_gear_rod"", ""r2_gear_rod""], ""head_rotation_deg"": null, ""head_translation_m"": null, ""left_hand_translation_m"": null, ""removed_tool_ids"": [14, 15, 26, 27, 28], ""right_hand_translation_m"": null, ""selected_step"": ""r1_bearing_right"", ""step_attempt"": 3, ""step_elapsed_s"": 16.555221270071343, ""step_event_index"": 12, ""total_hand_translation_m"": null, ""trial_finished_elapsed_s"": null, ""trial_recording"": true, ""trial_required_tool_ids"": [19, 34]}"
2026-09-04T11:27:34.887-04:00,mann,language,vlm_inference_completed,lifecycle,r1_bearing_right,Row 1.1: bearing into right stand,ready,3,13,,,,19.757867,,,,,,,,,,,,,,,,bearing,,,BEARING,,"{""acquired_tool_ids"": [19], ""acquisition_complete"": false, ""completed_steps"": [""r1_gear_rod"", ""r2_gear_rod""], ""head_rotation_deg"": null, ""head_translation_m"": null, ""left_hand_translation_m"": null, ""removed_tool_ids"": [14, 15, 26, 27, 28], ""right_hand_translation_m"": null, ""selected_step"": ""r1_bearing_right"", ""step_attempt"": 3, ""step_elapsed_s"": 19.757876032032073, ""step_event_index"": 13, ""total_hand_translation_m"": null, ""trial_finished_elapsed_s"": null, ""trial_recording"": true, ""trial_required_tool_ids"": [19, 34]}"
2026-09-04T11:27:34.911-04:00,mann,language,vlm_interaction,language,r1_bearing_right,Row 1.1: bearing into right stand,ready,3,14,,,,,,,,,,,,,,,,,,,,bearing,BEARING,"{""intent"":""part_reference"",""part_action"":""reference"",""reference_relation"":""direct"",""step_scope"":"""",""target"":""BEARING"",""candidates"":[],""exclude_labels"":[]}",language_grounded,I identified and highlighted the bearing.,"{""acquired_tool_ids"": [19], ""acquisition_complete"": false, ""completed_steps"": [""r1_gear_rod"", ""r2_gear_rod""], ""head_rotation_deg"": null, ""head_translation_m"": null, ""left_hand_translation_m"": null, ""removed_tool_ids"": [14, 15, 26, 27, 28], ""right_hand_translation_m"": null, ""selected_step"": ""r1_bearing_right"", ""step_attempt"": 3, ""step_elapsed_s"": 19.78147365699988, ""step_event_index"": 14, ""total_hand_translation_m"": null, ""trial_finished_elapsed_s"": null, ""trial_recording"": true, ""trial_required_tool_ids"": [19, 34]}"
2026-09-04T11:27:34.933-04:00,mann,language,part_selection,language,r1_bearing_right,Row 1.1: bearing into right stand,ready,3,15,34,BEARINGS,10.169809,19.803876,,,,,,,,,,,,,,,1,,,,,,"{""acquired_tool_ids"": [19, 34], ""acquisition_complete"": false, ""completed_steps"": [""r1_gear_rod"", ""r2_gear_rod""], ""head_rotation_deg"": null, ""head_translation_m"": null, ""left_hand_translation_m"": null, ""removed_tool_ids"": [14, 15, 26, 27, 28], ""right_hand_translation_m"": null, ""selected_step"": ""r1_bearing_right"", ""step_attempt"": 3, ""step_elapsed_s"": 19.803917124983855, ""step_event_index"": 15, ""total_hand_translation_m"": null, ""trial_finished_elapsed_s"": null, ""trial_recording"": true, ""trial_required_tool_ids"": [19, 34]}"
2026-09-04T11:27:34.942-04:00,mann,language,object_acquired,language,r1_bearing_right,Row 1.1: bearing into right stand,ready,3,16,34,BEARINGS,10.169809,19.803876,,,,,,,,,,,,,,,1,,,,,,"{""acquired_tool_ids"": [19, 34], ""acquisition_complete"": false, ""completed_steps"": [""r1_gear_rod"", ""r2_gear_rod""], ""head_rotation_deg"": null, ""head_translation_m"": null, ""left_hand_translation_m"": null, ""removed_tool_ids"": [14, 15, 26, 27, 28], ""right_hand_translation_m"": null, ""selected_step"": ""r1_bearing_right"", ""step_attempt"": 3, ""step_elapsed_s"": 19.813113864976913, ""step_event_index"": 16, ""total_hand_translation_m"": null, ""trial_finished_elapsed_s"": null, ""trial_recording"": true, ""trial_required_tool_ids"": [19, 34]}"
2026-09-04T11:27:34.953-04:00,mann,language,step_acquisition_complete,language,r1_bearing_right,Row 1.1: bearing into right stand,ready,3,17,,,,19.822711,1.979136,766.998941,1.352952,3.208540,4.561492,0.000000,0.000000,0.000000,0.000000,0,0,0.000000,0.000000,0.000000,,,,,,,"{""acquired_tool_ids"": [19, 34], ""acquisition_complete"": true, ""any_hover_time_s"": 0.0, ""completed_steps"": [""r1_gear_rod"", ""r2_gear_rod""], ""head_rotation_deg"": 766.9989414345887, ""head_translation_m"": 1.9791356981521566, ""hover_time_percent"": 0.0, ""left_hand_translation_m"": 1.35295170474142, ""left_hover_episodes"": 0, ""left_hover_time_s"": 0.0, ""left_hover_translation_m"": 0.0, ""removed_tool_ids"": [14, 15, 19, 26, 27, 28], ""right_hand_translation_m"": 3.2085400288976467, ""right_hover_episodes"": 0, ""right_hover_time_s"": 0.0, ""right_hover_translation_m"": 0.0, ""selected_step"": ""r1_bearing_right"", ""step_attempt"": 3, ""step_elapsed_s"": 19.82271097705234, ""step_event_index"": 17, ""total_hand_translation_m"": 4.561491733639066, ""total_hover_translation_m"": 0.0, ""trial_finished_elapsed_s"": 19.82271097705234, ""trial_recording"": false, ""trial_required_tool_ids"": [19, 34]}"
2026-09-04T11:27:34.963-04:00,mann,language,graph_complete,,r1_bearing_right,Row 1.1: bearing into right stand,complete,3,18,,,,,,,,,,,,,,,,,,,,,,,,,"{""acquired_tool_ids"": [19, 34], ""acquisition_complete"": true, ""any_hover_time_s"": 0.0, ""completed_steps"": [""r1_gear_rod"", ""r2_gear_rod"", ""r1_bearing_right""], ""head_rotation_deg"": 766.9989414345887, ""head_translation_m"": 1.9791356981521566, ""hover_time_percent"": 0.0, ""left_hand_translation_m"": 1.35295170474142, ""left_hover_episodes"": 0, ""left_hover_time_s"": 0.0, ""left_hover_translation_m"": 0.0, ""removed_tool_ids"": [14, 15, 19, 26, 27, 28], ""right_hand_translation_m"": 3.2085400288976467, ""right_hover_episodes"": 0, ""right_hover_time_s"": 0.0, ""right_hover_translation_m"": 0.0, ""selected_step"": ""r1_bearing_right"", ""step_attempt"": 3, ""step_elapsed_s"": 19.82271097705234, ""step_event_index"": 18, ""total_hand_translation_m"": 4.561491733639066, ""total_hover_translation_m"": 0.0, ""trial_finished_elapsed_s"": 19.82271097705234, ""trial_recording"": false, ""trial_required_tool_ids"": [19, 34]}"
2026-09-04T11:27:51.865-04:00,mann,language,step_started,keyboard,r1_bearing_left,Row 1.3: bearing into left stand,ready,4,1,,,,,,,,,,,,,,,,,,,,,,,,,"{""acquired_tool_ids"": [], ""acquisition_complete"": false, ""completed_steps"": [""r1_gear_rod"", ""r2_gear_rod"", ""r1_bearing_right""], ""head_rotation_deg"": null, ""head_translation_m"": null, ""left_hand_translation_m"": null, ""removed_tool_ids"": [14, 15, 19, 26, 27, 28], ""right_hand_translation_m"": null, ""selected_step"": ""r1_bearing_left"", ""step_attempt"": 4, ""step_elapsed_s"": 0.0008250960381701589, ""step_event_index"": 1, ""total_hand_translation_m"": null, ""trial_finished_elapsed_s"": null, ""trial_recording"": true, ""trial_required_tool_ids"": [18]}"
2026-09-04T11:28:00.264-04:00,mann,language,participant_speech_submitted,speech,r1_bearing_left,Row 1.3: bearing into left stand,ready,4,2,,,,8.399659,,,,,,,,,,,,,,,,row1 left gearstand,,,speech_proxy,,"{""acquired_tool_ids"": [], ""acquisition_complete"": false, ""completed_steps"": [""r1_gear_rod"", ""r2_gear_rod"", ""r1_bearing_right""], ""head_rotation_deg"": null, ""head_translation_m"": null, ""left_hand_translation_m"": null, ""removed_tool_ids"": [14, 15, 19, 26, 27, 28], ""right_hand_translation_m"": null, ""selected_step"": ""r1_bearing_left"", ""step_attempt"": 4, ""step_elapsed_s"": 8.399681159062311, ""step_event_index"": 2, ""total_hand_translation_m"": null, ""trial_finished_elapsed_s"": null, ""trial_recording"": true, ""trial_required_tool_ids"": [18]}"
2026-09-04T11:28:00.292-04:00,mann,language,vlm_request_submitted,speech,r1_bearing_left,Row 1.3: bearing into left stand,ready,4,3,,,,8.428110,,,,,,,,,,,,,,,,row1 left gearstand,,,speech_proxy,,"{""acquired_tool_ids"": [], ""acquisition_complete"": false, ""completed_steps"": [""r1_gear_rod"", ""r2_gear_rod"", ""r1_bearing_right""], ""head_rotation_deg"": null, ""head_translation_m"": null, ""left_hand_translation_m"": null, ""removed_tool_ids"": [14, 15, 19, 26, 27, 28], ""right_hand_translation_m"": null, ""selected_step"": ""r1_bearing_left"", ""step_attempt"": 4, ""step_elapsed_s"": 8.428119678981602, ""step_event_index"": 3, ""total_hand_translation_m"": null, ""trial_finished_elapsed_s"": null, ""trial_recording"": true, ""trial_required_tool_ids"": [18]}"
2026-09-04T11:28:03.625-04:00,mann,language,vlm_inference_completed,lifecycle,r1_bearing_left,Row 1.3: bearing into left stand,ready,4,4,,,,11.760598,,,,,,,,,,,,,,,,row1 left gearstand,,,STAND_ROW1_LEFT,,"{""acquired_tool_ids"": [], ""acquisition_complete"": false, ""completed_steps"": [""r1_gear_rod"", ""r2_gear_rod"", ""r1_bearing_right""], ""head_rotation_deg"": null, ""head_translation_m"": null, ""left_hand_translation_m"": null, ""removed_tool_ids"": [14, 15, 19, 26, 27, 28], ""right_hand_translation_m"": null, ""selected_step"": ""r1_bearing_left"", ""step_attempt"": 4, ""step_elapsed_s"": 11.760608674958348, ""step_event_index"": 4, ""total_hand_translation_m"": null, ""trial_finished_elapsed_s"": null, ""trial_recording"": true, ""trial_required_tool_ids"": [18]}"
2026-09-04T11:28:03.684-04:00,mann,language,vlm_interaction,language,r1_bearing_left,Row 1.3: bearing into left stand,ready,4,5,,,,,,,,,,,,,,,,,,,,row1 left gearstand,STAND_ROW1_LEFT,"{""intent"":""part_reference"",""part_action"":""reference"",""reference_relation"":""direct"",""step_scope"":"""",""target"":""STAND_ROW1_LEFT"",""candidates"":[],""exclude_labels"":[]}",language_grounded,I identified and highlighted the Row 1 left stand.,"{""acquired_tool_ids"": [], ""acquisition_complete"": false, ""completed_steps"": [""r1_gear_rod"", ""r2_gear_rod"", ""r1_bearing_right""], ""head_rotation_deg"": null, ""head_translation_m"": null, ""left_hand_translation_m"": null, ""removed_tool_ids"": [14, 15, 19, 26, 27, 28], ""right_hand_translation_m"": null, ""selected_step"": ""r1_bearing_left"", ""step_attempt"": 4, ""step_elapsed_s"": 11.819701544009149, ""step_event_index"": 5, ""total_hand_translation_m"": null, ""trial_finished_elapsed_s"": null, ""trial_recording"": true, ""trial_required_tool_ids"": [18]}"
2026-09-04T11:28:03.751-04:00,mann,language,part_selection,language,r1_bearing_left,Row 1.3: bearing into left stand,ready,4,6,18,GEAR_STAND_ROW1_LEFT,11.886304,11.886304,,,,,,,,,,,,,,,1,,,,,,"{""acquired_tool_ids"": [18], ""acquisition_complete"": false, ""completed_steps"": [""r1_gear_rod"", ""r2_gear_rod"", ""r1_bearing_right""], ""head_rotation_deg"": null, ""head_translation_m"": null, ""left_hand_translation_m"": null, ""removed_tool_ids"": [14, 15, 19, 26, 27, 28], ""right_hand_translation_m"": null, ""selected_step"": ""r1_bearing_left"", ""step_attempt"": 4, ""step_elapsed_s"": 11.886368772014976, ""step_event_index"": 6, ""total_hand_translation_m"": null, ""trial_finished_elapsed_s"": null, ""trial_recording"": true, ""trial_required_tool_ids"": [18]}"
2026-09-04T11:28:03.781-04:00,mann,language,object_acquired,language,r1_bearing_left,Row 1.3: bearing into left stand,ready,4,7,18,GEAR_STAND_ROW1_LEFT,11.886304,11.886304,,,,,,,,,,,,,,,1,,,,,,"{""acquired_tool_ids"": [18], ""acquisition_complete"": false, ""completed_steps"": [""r1_gear_rod"", ""r2_gear_rod"", ""r1_bearing_right""], ""head_rotation_deg"": null, ""head_translation_m"": null, ""left_hand_translation_m"": null, ""removed_tool_ids"": [14, 15, 19, 26, 27, 28], ""right_hand_translation_m"": null, ""selected_step"": ""r1_bearing_left"", ""step_attempt"": 4, ""step_elapsed_s"": 11.916243080981076, ""step_event_index"": 7, ""total_hand_translation_m"": null, ""trial_finished_elapsed_s"": null, ""trial_recording"": true, ""trial_required_tool_ids"": [18]}"
2026-09-04T11:28:03.796-04:00,mann,language,step_acquisition_complete,language,r1_bearing_left,Row 1.3: bearing into left stand,ready,4,8,,,,11.930762,3.859391,1210.667866,2.357378,3.672193,6.029571,0.000000,0.000000,0.000000,0.000000,0,0,0.000000,0.000000,0.000000,,,,,,,"{""acquired_tool_ids"": [18], ""acquisition_complete"": true, ""any_hover_time_s"": 0.0, ""completed_steps"": [""r1_gear_rod"", ""r2_gear_rod"", ""r1_bearing_right""], ""head_rotation_deg"": 1210.6678664208969, ""head_translation_m"": 3.8593914972193515, ""hover_time_percent"": 0.0, ""left_hand_translation_m"": 2.357378385364858, ""left_hover_episodes"": 0, ""left_hover_time_s"": 0.0, ""left_hover_translation_m"": 0.0, ""removed_tool_ids"": [14, 15, 18, 19, 26, 27, 28], ""right_hand_translation_m"": 3.672192556233547, ""right_hover_episodes"": 0, ""right_hover_time_s"": 0.0, ""right_hover_translation_m"": 0.0, ""selected_step"": ""r1_bearing_left"", ""step_attempt"": 4, ""step_elapsed_s"": 11.930762025993317, ""step_event_index"": 8, ""total_hand_translation_m"": 6.029570941598405, ""total_hover_translation_m"": 0.0, ""trial_finished_elapsed_s"": 11.930762025993317, ""trial_recording"": false, ""trial_required_tool_ids"": [18]}"
2026-09-04T11:28:03.817-04:00,mann,language,graph_complete,,r1_bearing_left,Row 1.3: bearing into left stand,complete,4,9,,,,,,,,,,,,,,,,,,,,,,,,,"{""acquired_tool_ids"": [18], ""acquisition_complete"": true, ""any_hover_time_s"": 0.0, ""completed_steps"": [""r1_gear_rod"", ""r2_gear_rod"", ""r1_bearing_right"", ""r1_bearing_left""], ""head_rotation_deg"": 1210.6678664208969, ""head_translation_m"": 3.8593914972193515, ""hover_time_percent"": 0.0, ""left_hand_translation_m"": 2.357378385364858, ""left_hover_episodes"": 0, ""left_hover_time_s"": 0.0, ""left_hover_translation_m"": 0.0, ""removed_tool_ids"": [14, 15, 18, 19, 26, 27, 28], ""right_hand_translation_m"": 3.672192556233547, ""right_hover_episodes"": 0, ""right_hover_time_s"": 0.0, ""right_hover_translation_m"": 0.0, ""selected_step"": ""r1_bearing_left"", ""step_attempt"": 4, ""step_elapsed_s"": 11.930762025993317, ""step_event_index"": 9, ""total_hand_translation_m"": 6.029570941598405, ""total_hover_translation_m"": 0.0, ""trial_finished_elapsed_s"": 11.930762025993317, ""trial_recording"": false, ""trial_required_tool_ids"": [18]}"
2026-09-04T11:28:15.512-04:00,mann,language,step_started,keyboard,r2_bearing_right,Row 2.1: bearing into right stand,ready,5,1,,,,,,,,,,,,,,,,,,,,,,,,,"{""acquired_tool_ids"": [], ""acquisition_complete"": false, ""completed_steps"": [""r1_gear_rod"", ""r2_gear_rod"", ""r1_bearing_right"", ""r1_bearing_left""], ""head_rotation_deg"": null, ""head_translation_m"": null, ""left_hand_translation_m"": null, ""removed_tool_ids"": [14, 15, 18, 19, 26, 27, 28], ""right_hand_translation_m"": null, ""selected_step"": ""r2_bearing_right"", ""step_attempt"": 5, ""step_elapsed_s"": 0.004180997028015554, ""step_event_index"": 1, ""total_hand_translation_m"": null, ""trial_finished_elapsed_s"": null, ""trial_recording"": true, ""trial_required_tool_ids"": [21, 34]}"
2026-09-04T11:28:22.660-04:00,mann,language,participant_speech_submitted,speech,r2_bearing_right,Row 2.1: bearing into right stand,ready,5,2,,,,7.152545,,,,,,,,,,,,,,,,row2 right gearstand,,,speech_proxy,,"{""acquired_tool_ids"": [], ""acquisition_complete"": false, ""completed_steps"": [""r1_gear_rod"", ""r2_gear_rod"", ""r1_bearing_right"", ""r1_bearing_left""], ""head_rotation_deg"": null, ""head_translation_m"": null, ""left_hand_translation_m"": null, ""removed_tool_ids"": [14, 15, 18, 19, 26, 27, 28], ""right_hand_translation_m"": null, ""selected_step"": ""r2_bearing_right"", ""step_attempt"": 5, ""step_elapsed_s"": 7.152557122055441, ""step_event_index"": 2, ""total_hand_translation_m"": null, ""trial_finished_elapsed_s"": null, ""trial_recording"": true, ""trial_required_tool_ids"": [21, 34]}"
2026-09-04T11:28:22.789-04:00,mann,language,vlm_request_submitted,speech,r2_bearing_right,Row 2.1: bearing into right stand,ready,5,3,,,,7.281655,,,,,,,,,,,,,,,,row2 right gearstand,,,speech_proxy,,"{""acquired_tool_ids"": [], ""acquisition_complete"": false, ""completed_steps"": [""r1_gear_rod"", ""r2_gear_rod"", ""r1_bearing_right"", ""r1_bearing_left""], ""head_rotation_deg"": null, ""head_translation_m"": null, ""left_hand_translation_m"": null, ""removed_tool_ids"": [14, 15, 18, 19, 26, 27, 28], ""right_hand_translation_m"": null, ""selected_step"": ""r2_bearing_right"", ""step_attempt"": 5, ""step_elapsed_s"": 7.281667968956754, ""step_event_index"": 3, ""total_hand_translation_m"": null, ""trial_finished_elapsed_s"": null, ""trial_recording"": true, ""trial_required_tool_ids"": [21, 34]}"
2026-09-04T11:28:26.161-04:00,mann,language,vlm_inference_completed,lifecycle,r2_bearing_right,Row 2.1: bearing into right stand,ready,5,4,,,,10.653084,,,,,,,,,,,,,,,,row2 right gearstand,,,STAND_ROW2_RIGHT,,"{""acquired_tool_ids"": [], ""acquisition_complete"": false, ""completed_steps"": [""r1_gear_rod"", ""r2_gear_rod"", ""r1_bearing_right"", ""r1_bearing_left""], ""head_rotation_deg"": null, ""head_translation_m"": null, ""left_hand_translation_m"": null, ""removed_tool_ids"": [14, 15, 18, 19, 26, 27, 28], ""right_hand_translation_m"": null, ""selected_step"": ""r2_bearing_right"", ""step_attempt"": 5, ""step_elapsed_s"": 10.653093012049794, ""step_event_index"": 4, ""total_hand_translation_m"": null, ""trial_finished_elapsed_s"": null, ""trial_recording"": true, ""trial_required_tool_ids"": [21, 34]}"
2026-09-04T11:28:26.216-04:00,mann,language,vlm_interaction,language,r2_bearing_right,Row 2.1: bearing into right stand,ready,5,5,,,,,,,,,,,,,,,,,,,,row2 right gearstand,STAND_ROW2_RIGHT,"{""intent"":""part_reference"",""part_action"":""reference"",""reference_relation"":""direct"",""step_scope"":"""",""target"":""STAND_ROW2_RIGHT"",""candidates"":[],""exclude_labels"":[]}",language_grounded,I identified and highlighted the Row 2 right stand.,"{""acquired_tool_ids"": [], ""acquisition_complete"": false, ""completed_steps"": [""r1_gear_rod"", ""r2_gear_rod"", ""r1_bearing_right"", ""r1_bearing_left""], ""head_rotation_deg"": null, ""head_translation_m"": null, ""left_hand_translation_m"": null, ""removed_tool_ids"": [14, 15, 18, 19, 26, 27, 28], ""right_hand_translation_m"": null, ""selected_step"": ""r2_bearing_right"", ""step_attempt"": 5, ""step_elapsed_s"": 10.707971496973187, ""step_event_index"": 5, ""total_hand_translation_m"": null, ""trial_finished_elapsed_s"": null, ""trial_recording"": true, ""trial_required_tool_ids"": [21, 34]}"
2026-09-04T11:28:26.326-04:00,mann,language,part_selection,language,r2_bearing_right,Row 2.1: bearing into right stand,ready,5,6,21,GEAR_STAND_ROW2_RIGHT,10.818310,10.818310,,,,,,,,,,,,,,,1,,,,,,"{""acquired_tool_ids"": [21], ""acquisition_complete"": false, ""completed_steps"": [""r1_gear_rod"", ""r2_gear_rod"", ""r1_bearing_right"", ""r1_bearing_left""], ""head_rotation_deg"": null, ""head_translation_m"": null, ""left_hand_translation_m"": null, ""removed_tool_ids"": [14, 15, 18, 19, 26, 27, 28], ""right_hand_translation_m"": null, ""selected_step"": ""r2_bearing_right"", ""step_attempt"": 5, ""step_elapsed_s"": 10.818379397969693, ""step_event_index"": 6, ""total_hand_translation_m"": null, ""trial_finished_elapsed_s"": null, ""trial_recording"": true, ""trial_required_tool_ids"": [21, 34]}"
2026-09-04T11:28:26.437-04:00,mann,language,object_acquired,language,r2_bearing_right,Row 2.1: bearing into right stand,ready,5,7,21,GEAR_STAND_ROW2_RIGHT,10.818310,10.818310,,,,,,,,,,,,,,,1,,,,,,"{""acquired_tool_ids"": [21], ""acquisition_complete"": false, ""completed_steps"": [""r1_gear_rod"", ""r2_gear_rod"", ""r1_bearing_right"", ""r1_bearing_left""], ""head_rotation_deg"": null, ""head_translation_m"": null, ""left_hand_translation_m"": null, ""removed_tool_ids"": [14, 15, 18, 19, 26, 27, 28], ""right_hand_translation_m"": null, ""selected_step"": ""r2_bearing_right"", ""step_attempt"": 5, ""step_elapsed_s"": 10.929584400961176, ""step_event_index"": 7, ""total_hand_translation_m"": null, ""trial_finished_elapsed_s"": null, ""trial_recording"": true, ""trial_required_tool_ids"": [21, 34]}"
2026-09-04T11:28:26.504-04:00,mann,language,tts_queued,lifecycle,r2_bearing_right,Row 2.1: bearing into right stand,ready,5,8,,,,10.995967,,,,,,,,,,,,,,,,1 part left.,,,replace,,"{""acquired_tool_ids"": [21], ""acquisition_complete"": false, ""completed_steps"": [""r1_gear_rod"", ""r2_gear_rod"", ""r1_bearing_right"", ""r1_bearing_left""], ""head_rotation_deg"": null, ""head_translation_m"": null, ""left_hand_translation_m"": null, ""removed_tool_ids"": [14, 15, 18, 19, 26, 27, 28], ""right_hand_translation_m"": null, ""selected_step"": ""r2_bearing_right"", ""step_attempt"": 5, ""step_elapsed_s"": 10.995979359024204, ""step_event_index"": 8, ""total_hand_translation_m"": null, ""trial_finished_elapsed_s"": null, ""trial_recording"": true, ""trial_required_tool_ids"": [21, 34]}"
2026-09-04T11:28:26.549-04:00,mann,language,tts_started,lifecycle,r2_bearing_right,Row 2.1: bearing into right stand,ready,5,9,,,,11.040878,,,,,,,,,,,,,,,,1 part left.,,,,,"{""acquired_tool_ids"": [21], ""acquisition_complete"": false, ""completed_steps"": [""r1_gear_rod"", ""r2_gear_rod"", ""r1_bearing_right"", ""r1_bearing_left""], ""head_rotation_deg"": null, ""head_translation_m"": null, ""left_hand_translation_m"": null, ""removed_tool_ids"": [14, 15, 18, 19, 26, 27, 28], ""right_hand_translation_m"": null, ""selected_step"": ""r2_bearing_right"", ""step_attempt"": 5, ""step_elapsed_s"": 11.040891199023463, ""step_event_index"": 9, ""total_hand_translation_m"": null, ""trial_finished_elapsed_s"": null, ""trial_recording"": true, ""trial_required_tool_ids"": [21, 34]}"
2026-09-04T11:28:28.295-04:00,mann,language,tts_finished,lifecycle,r2_bearing_right,Row 2.1: bearing into right stand,ready,5,10,,,,12.787132,,,,,,,,,,,,,,,,1 part left.,,,,,"{""acquired_tool_ids"": [21], ""acquisition_complete"": false, ""completed_steps"": [""r1_gear_rod"", ""r2_gear_rod"", ""r1_bearing_right"", ""r1_bearing_left""], ""head_rotation_deg"": null, ""head_translation_m"": null, ""left_hand_translation_m"": null, ""removed_tool_ids"": [14, 15, 18, 19, 26, 27, 28], ""right_hand_translation_m"": null, ""selected_step"": ""r2_bearing_right"", ""step_attempt"": 5, ""step_elapsed_s"": 12.787142661982216, ""step_event_index"": 10, ""total_hand_translation_m"": null, ""trial_finished_elapsed_s"": null, ""trial_recording"": true, ""trial_required_tool_ids"": [21, 34]}"
2026-09-04T11:28:34.169-04:00,mann,language,participant_speech_submitted,speech,r2_bearing_right,Row 2.1: bearing into right stand,ready,5,11,,,,18.661019,,,,,,,,,,,,,,,,row2 bearing,,,speech_proxy,,"{""acquired_tool_ids"": [21], ""acquisition_complete"": false, ""completed_steps"": [""r1_gear_rod"", ""r2_gear_rod"", ""r1_bearing_right"", ""r1_bearing_left""], ""head_rotation_deg"": null, ""head_translation_m"": null, ""left_hand_translation_m"": null, ""removed_tool_ids"": [14, 15, 18, 19, 26, 27, 28], ""right_hand_translation_m"": null, ""selected_step"": ""r2_bearing_right"", ""step_attempt"": 5, ""step_elapsed_s"": 18.66103114199359, ""step_event_index"": 11, ""total_hand_translation_m"": null, ""trial_finished_elapsed_s"": null, ""trial_recording"": true, ""trial_required_tool_ids"": [21, 34]}"
2026-09-04T11:28:34.213-04:00,mann,language,vlm_request_submitted,speech,r2_bearing_right,Row 2.1: bearing into right stand,ready,5,12,,,,18.705648,,,,,,,,,,,,,,,,row2 bearing,,,speech_proxy,,"{""acquired_tool_ids"": [21], ""acquisition_complete"": false, ""completed_steps"": [""r1_gear_rod"", ""r2_gear_rod"", ""r1_bearing_right"", ""r1_bearing_left""], ""head_rotation_deg"": null, ""head_translation_m"": null, ""left_hand_translation_m"": null, ""removed_tool_ids"": [14, 15, 18, 19, 26, 27, 28], ""right_hand_translation_m"": null, ""selected_step"": ""r2_bearing_right"", ""step_attempt"": 5, ""step_elapsed_s"": 18.705658869002946, ""step_event_index"": 12, ""total_hand_translation_m"": null, ""trial_finished_elapsed_s"": null, ""trial_recording"": true, ""trial_required_tool_ids"": [21, 34]}"
2026-09-04T11:28:37.584-04:00,mann,language,vlm_inference_completed,lifecycle,r2_bearing_right,Row 2.1: bearing into right stand,ready,5,13,,,,22.076624,,,,,,,,,,,,,,,,row2 bearing,,,BEARING_ROW2,,"{""acquired_tool_ids"": [21], ""acquisition_complete"": false, ""completed_steps"": [""r1_gear_rod"", ""r2_gear_rod"", ""r1_bearing_right"", ""r1_bearing_left""], ""head_rotation_deg"": null, ""head_translation_m"": null, ""left_hand_translation_m"": null, ""removed_tool_ids"": [14, 15, 18, 19, 26, 27, 28], ""right_hand_translation_m"": null, ""selected_step"": ""r2_bearing_right"", ""step_attempt"": 5, ""step_elapsed_s"": 22.076634936966002, ""step_event_index"": 13, ""total_hand_translation_m"": null, ""trial_finished_elapsed_s"": null, ""trial_recording"": true, ""trial_required_tool_ids"": [21, 34]}"
2026-09-04T11:28:37.610-04:00,mann,language,vlm_interaction,language,r2_bearing_right,Row 2.1: bearing into right stand,ready,5,14,,,,,,,,,,,,,,,,,,,,row2 bearing,BEARING_ROW2,"{""intent"":""part_reference"",""part_action"":""reference"",""reference_relation"":""direct"",""step_scope"":"""",""target"":""BEARING_ROW2_RIGHT"",""candidates"":[],""exclude_labels"":[]}",language_grounded,I identified and highlighted the Row 2 bearings.,"{""acquired_tool_ids"": [21], ""acquisition_complete"": false, ""completed_steps"": [""r1_gear_rod"", ""r2_gear_rod"", ""r1_bearing_right"", ""r1_bearing_left""], ""head_rotation_deg"": null, ""head_translation_m"": null, ""left_hand_translation_m"": null, ""removed_tool_ids"": [14, 15, 18, 19, 26, 27, 28], ""right_hand_translation_m"": null, ""selected_step"": ""r2_bearing_right"", ""step_attempt"": 5, ""step_elapsed_s"": 22.10260510595981, ""step_event_index"": 14, ""total_hand_translation_m"": null, ""trial_finished_elapsed_s"": null, ""trial_recording"": true, ""trial_required_tool_ids"": [21, 34]}"
2026-09-04T11:28:37.640-04:00,mann,language,part_selection,language,r2_bearing_right,Row 2.1: bearing into right stand,ready,5,15,34,BEARINGS,11.313503,22.131813,,,,,,,,,,,,,,,1,,,,,,"{""acquired_tool_ids"": [21, 34], ""acquisition_complete"": false, ""completed_steps"": [""r1_gear_rod"", ""r2_gear_rod"", ""r1_bearing_right"", ""r1_bearing_left""], ""head_rotation_deg"": null, ""head_translation_m"": null, ""left_hand_translation_m"": null, ""removed_tool_ids"": [14, 15, 18, 19, 26, 27, 28], ""right_hand_translation_m"": null, ""selected_step"": ""r2_bearing_right"", ""step_attempt"": 5, ""step_elapsed_s"": 22.131863433052786, ""step_event_index"": 15, ""total_hand_translation_m"": null, ""trial_finished_elapsed_s"": null, ""trial_recording"": true, ""trial_required_tool_ids"": [21, 34]}"
2026-09-04T11:28:37.650-04:00,mann,language,object_acquired,language,r2_bearing_right,Row 2.1: bearing into right stand,ready,5,16,34,BEARINGS,11.313503,22.131813,,,,,,,,,,,,,,,1,,,,,,"{""acquired_tool_ids"": [21, 34], ""acquisition_complete"": false, ""completed_steps"": [""r1_gear_rod"", ""r2_gear_rod"", ""r1_bearing_right"", ""r1_bearing_left""], ""head_rotation_deg"": null, ""head_translation_m"": null, ""left_hand_translation_m"": null, ""removed_tool_ids"": [14, 15, 18, 19, 26, 27, 28], ""right_hand_translation_m"": null, ""selected_step"": ""r2_bearing_right"", ""step_attempt"": 5, ""step_elapsed_s"": 22.14204675296787, ""step_event_index"": 16, ""total_hand_translation_m"": null, ""trial_finished_elapsed_s"": null, ""trial_recording"": true, ""trial_required_tool_ids"": [21, 34]}"
2026-09-04T11:28:37.662-04:00,mann,language,step_acquisition_complete,language,r2_bearing_right,Row 2.1: bearing into right stand,ready,5,17,,,,22.153332,0.300151,142.507859,0.092030,0.092030,0.184060,0.000000,0.000000,0.000000,0.000000,0,0,0.000000,0.000000,0.000000,,,,,,,"{""acquired_tool_ids"": [21, 34], ""acquisition_complete"": true, ""any_hover_time_s"": 0.0, ""completed_steps"": [""r1_gear_rod"", ""r2_gear_rod"", ""r1_bearing_right"", ""r1_bearing_left""], ""head_rotation_deg"": 142.50785892092662, ""head_translation_m"": 0.3001505205228102, ""hover_time_percent"": 0.0, ""left_hand_translation_m"": 0.09203011103825347, ""left_hover_episodes"": 0, ""left_hover_time_s"": 0.0, ""left_hover_translation_m"": 0.0, ""removed_tool_ids"": [14, 15, 18, 19, 21, 26, 27, 28], ""right_hand_translation_m"": 0.09202996101740113, ""right_hover_episodes"": 0, ""right_hover_time_s"": 0.0, ""right_hover_translation_m"": 0.0, ""selected_step"": ""r2_bearing_right"", ""step_attempt"": 5, ""step_elapsed_s"": 22.15333240199834, ""step_event_index"": 17, ""total_hand_translation_m"": 0.1840600720556546, ""total_hover_translation_m"": 0.0, ""trial_finished_elapsed_s"": 22.15333240199834, ""trial_recording"": false, ""trial_required_tool_ids"": [21, 34]}"
2026-09-04T11:28:37.684-04:00,mann,language,graph_complete,,r2_bearing_right,Row 2.1: bearing into right stand,complete,5,18,,,,,,,,,,,,,,,,,,,,,,,,,"{""acquired_tool_ids"": [21, 34], ""acquisition_complete"": true, ""any_hover_time_s"": 0.0, ""completed_steps"": [""r1_gear_rod"", ""r2_gear_rod"", ""r1_bearing_right"", ""r1_bearing_left"", ""r2_bearing_right""], ""head_rotation_deg"": 142.50785892092662, ""head_translation_m"": 0.3001505205228102, ""hover_time_percent"": 0.0, ""left_hand_translation_m"": 0.09203011103825347, ""left_hover_episodes"": 0, ""left_hover_time_s"": 0.0, ""left_hover_translation_m"": 0.0, ""removed_tool_ids"": [14, 15, 18, 19, 21, 26, 27, 28], ""right_hand_translation_m"": 0.09202996101740113, ""right_hover_episodes"": 0, ""right_hover_time_s"": 0.0, ""right_hover_translation_m"": 0.0, ""selected_step"": ""r2_bearing_right"", ""step_attempt"": 5, ""step_elapsed_s"": 22.15333240199834, ""step_event_index"": 18, ""total_hand_translation_m"": 0.1840600720556546, ""total_hover_translation_m"": 0.0, ""trial_finished_elapsed_s"": 22.15333240199834, ""trial_recording"": false, ""trial_required_tool_ids"": [21, 34]}"
2026-09-04T11:29:07.749-04:00,mann,language,step_started,keyboard,r1_fasten_first_stand,Row 1.4: fasten right stand,ready,6,1,,,,,,,,,,,,,,,,,,,,,,,,,"{""acquired_tool_ids"": [], ""acquisition_complete"": false, ""completed_steps"": [""r1_gear_rod"", ""r2_gear_rod"", ""r1_bearing_right"", ""r1_bearing_left"", ""r2_bearing_right""], ""head_rotation_deg"": null, ""head_translation_m"": null, ""left_hand_translation_m"": null, ""removed_tool_ids"": [14, 15, 18, 19, 21, 26, 27, 28], ""right_hand_translation_m"": null, ""selected_step"": ""r1_fasten_first_stand"", ""step_attempt"": 6, ""step_elapsed_s"": 0.0007374929264187813, ""step_event_index"": 1, ""total_hand_translation_m"": null, ""trial_finished_elapsed_s"": null, ""trial_recording"": true, ""trial_required_tool_ids"": [7, 35, 36]}"
2026-09-04T11:29:12.852-04:00,mann,language,participant_speech_submitted,speech,r1_fasten_first_stand,Row 1.4: fasten right stand,ready,6,2,,,,5.103088,,,,,,,,,,,,,,,,row1 screw,,,speech_proxy,,"{""acquired_tool_ids"": [], ""acquisition_complete"": false, ""completed_steps"": [""r1_gear_rod"", ""r2_gear_rod"", ""r1_bearing_right"", ""r1_bearing_left"", ""r2_bearing_right""], ""head_rotation_deg"": null, ""head_translation_m"": null, ""left_hand_translation_m"": null, ""removed_tool_ids"": [14, 15, 18, 19, 21, 26, 27, 28], ""right_hand_translation_m"": null, ""selected_step"": ""r1_fasten_first_stand"", ""step_attempt"": 6, ""step_elapsed_s"": 5.103109832969494, ""step_event_index"": 2, ""total_hand_translation_m"": null, ""trial_finished_elapsed_s"": null, ""trial_recording"": true, ""trial_required_tool_ids"": [7, 35, 36]}"
2026-09-04T11:29:12.890-04:00,mann,language,vlm_request_submitted,speech,r1_fasten_first_stand,Row 1.4: fasten right stand,ready,6,3,,,,5.141711,,,,,,,,,,,,,,,,row1 screw,,,speech_proxy,,"{""acquired_tool_ids"": [], ""acquisition_complete"": false, ""completed_steps"": [""r1_gear_rod"", ""r2_gear_rod"", ""r1_bearing_right"", ""r1_bearing_left"", ""r2_bearing_right""], ""head_rotation_deg"": null, ""head_translation_m"": null, ""left_hand_translation_m"": null, ""removed_tool_ids"": [14, 15, 18, 19, 21, 26, 27, 28], ""right_hand_translation_m"": null, ""selected_step"": ""r1_fasten_first_stand"", ""step_attempt"": 6, ""step_elapsed_s"": 5.1417238540016115, ""step_event_index"": 3, ""total_hand_translation_m"": null, ""trial_finished_elapsed_s"": null, ""trial_recording"": true, ""trial_required_tool_ids"": [7, 35, 36]}"
2026-09-04T11:29:16.219-04:00,mann,language,vlm_inference_completed,lifecycle,r1_fasten_first_stand,Row 1.4: fasten right stand,ready,6,4,,,,8.469905,,,,,,,,,,,,,,,,row1 screw,,,SCREW_ROW1,,"{""acquired_tool_ids"": [], ""acquisition_complete"": false, ""completed_steps"": [""r1_gear_rod"", ""r2_gear_rod"", ""r1_bearing_right"", ""r1_bearing_left"", ""r2_bearing_right""], ""head_rotation_deg"": null, ""head_translation_m"": null, ""left_hand_translation_m"": null, ""removed_tool_ids"": [14, 15, 18, 19, 21, 26, 27, 28], ""right_hand_translation_m"": null, ""selected_step"": ""r1_fasten_first_stand"", ""step_attempt"": 6, ""step_elapsed_s"": 8.469915241003036, ""step_event_index"": 4, ""total_hand_translation_m"": null, ""trial_finished_elapsed_s"": null, ""trial_recording"": true, ""trial_required_tool_ids"": [7, 35, 36]}"
2026-09-04T11:29:16.269-04:00,mann,language,vlm_interaction,language,r1_fasten_first_stand,Row 1.4: fasten right stand,ready,6,5,,,,,,,,,,,,,,,,,,,,row1 screw,SCREW_ROW1,"{""intent"":""part_reference"",""part_action"":""reference"",""reference_relation"":""direct"",""step_scope"":"""",""target"":""SCREW_ROW1_LEFT"",""candidates"":[],""exclude_labels"":[]}",language_grounded,I identified and highlighted the Row 1 mounting screw.,"{""acquired_tool_ids"": [], ""acquisition_complete"": false, ""completed_steps"": [""r1_gear_rod"", ""r2_gear_rod"", ""r1_bearing_right"", ""r1_bearing_left"", ""r2_bearing_right""], ""head_rotation_deg"": null, ""head_translation_m"": null, ""left_hand_translation_m"": null, ""removed_tool_ids"": [14, 15, 18, 19, 21, 26, 27, 28], ""right_hand_translation_m"": null, ""selected_step"": ""r1_fasten_first_stand"", ""step_attempt"": 6, ""step_elapsed_s"": 8.519993562949821, ""step_event_index"": 5, ""total_hand_translation_m"": null, ""trial_finished_elapsed_s"": null, ""trial_recording"": true, ""trial_required_tool_ids"": [7, 35, 36]}"
2026-09-04T11:29:16.304-04:00,mann,language,part_selection,language,r1_fasten_first_stand,Row 1.4: fasten right stand,ready,6,6,35,SCREWS,8.555709,8.555709,,,,,,,,,,,,,,,1,,,,,,"{""acquired_tool_ids"": [35], ""acquisition_complete"": false, ""completed_steps"": [""r1_gear_rod"", ""r2_gear_rod"", ""r1_bearing_right"", ""r1_bearing_left"", ""r2_bearing_right""], ""head_rotation_deg"": null, ""head_translation_m"": null, ""left_hand_translation_m"": null, ""removed_tool_ids"": [14, 15, 18, 19, 21, 26, 27, 28], ""right_hand_translation_m"": null, ""selected_step"": ""r1_fasten_first_stand"", ""step_attempt"": 6, ""step_elapsed_s"": 8.555751906009391, ""step_event_index"": 6, ""total_hand_translation_m"": null, ""trial_finished_elapsed_s"": null, ""trial_recording"": true, ""trial_required_tool_ids"": [7, 35, 36]}"
2026-09-04T11:29:16.321-04:00,mann,language,object_acquired,language,r1_fasten_first_stand,Row 1.4: fasten right stand,ready,6,7,35,SCREWS,8.555709,8.555709,,,,,,,,,,,,,,,1,,,,,,"{""acquired_tool_ids"": [35], ""acquisition_complete"": false, ""completed_steps"": [""r1_gear_rod"", ""r2_gear_rod"", ""r1_bearing_right"", ""r1_bearing_left"", ""r2_bearing_right""], ""head_rotation_deg"": null, ""head_translation_m"": null, ""left_hand_translation_m"": null, ""removed_tool_ids"": [14, 15, 18, 19, 21, 26, 27, 28], ""right_hand_translation_m"": null, ""selected_step"": ""r1_fasten_first_stand"", ""step_attempt"": 6, ""step_elapsed_s"": 8.572855962906033, ""step_event_index"": 7, ""total_hand_translation_m"": null, ""trial_finished_elapsed_s"": null, ""trial_recording"": true, ""trial_required_tool_ids"": [7, 35, 36]}"
2026-09-04T11:29:16.359-04:00,mann,language,tts_queued,lifecycle,r1_fasten_first_stand,Row 1.4: fasten right stand,ready,6,8,,,,8.609917,,,,,,,,,,,,,,,,2 parts left.,,,replace,,"{""acquired_tool_ids"": [35], ""acquisition_complete"": false, ""completed_steps"": [""r1_gear_rod"", ""r2_gear_rod"", ""r1_bearing_right"", ""r1_bearing_left"", ""r2_bearing_right""], ""head_rotation_deg"": null, ""head_translation_m"": null, ""left_hand_translation_m"": null, ""removed_tool_ids"": [14, 15, 18, 19, 21, 26, 27, 28], ""right_hand_translation_m"": null, ""selected_step"": ""r1_fasten_first_stand"", ""step_attempt"": 6, ""step_elapsed_s"": 8.609928796999156, ""step_event_index"": 8, ""total_hand_translation_m"": null, ""trial_finished_elapsed_s"": null, ""trial_recording"": true, ""trial_required_tool_ids"": [7, 35, 36]}"
2026-09-04T11:29:16.391-04:00,mann,language,tts_started,lifecycle,r1_fasten_first_stand,Row 1.4: fasten right stand,ready,6,9,,,,8.642511,,,,,,,,,,,,,,,,2 parts left.,,,,,"{""acquired_tool_ids"": [35], ""acquisition_complete"": false, ""completed_steps"": [""r1_gear_rod"", ""r2_gear_rod"", ""r1_bearing_right"", ""r1_bearing_left"", ""r2_bearing_right""], ""head_rotation_deg"": null, ""head_translation_m"": null, ""left_hand_translation_m"": null, ""removed_tool_ids"": [14, 15, 18, 19, 21, 26, 27, 28], ""right_hand_translation_m"": null, ""selected_step"": ""r1_fasten_first_stand"", ""step_attempt"": 6, ""step_elapsed_s"": 8.642526119947433, ""step_event_index"": 9, ""total_hand_translation_m"": null, ""trial_finished_elapsed_s"": null, ""trial_recording"": true, ""trial_required_tool_ids"": [7, 35, 36]}"
2026-09-04T11:29:17.719-04:00,mann,language,tts_finished,lifecycle,r1_fasten_first_stand,Row 1.4: fasten right stand,ready,6,10,,,,9.970683,,,,,,,,,,,,,,,,2 parts left.,,,,,"{""acquired_tool_ids"": [35], ""acquisition_complete"": false, ""completed_steps"": [""r1_gear_rod"", ""r2_gear_rod"", ""r1_bearing_right"", ""r1_bearing_left"", ""r2_bearing_right""], ""head_rotation_deg"": null, ""head_translation_m"": null, ""left_hand_translation_m"": null, ""removed_tool_ids"": [14, 15, 18, 19, 21, 26, 27, 28], ""right_hand_translation_m"": null, ""selected_step"": ""r1_fasten_first_stand"", ""step_attempt"": 6, ""step_elapsed_s"": 9.97069529700093, ""step_event_index"": 10, ""total_hand_translation_m"": null, ""trial_finished_elapsed_s"": null, ""trial_recording"": true, ""trial_required_tool_ids"": [7, 35, 36]}"
2026-09-04T11:29:24.591-04:00,mann,language,participant_speech_submitted,speech,r1_fasten_first_stand,Row 1.4: fasten right stand,ready,6,11,,,,16.842198,,,,,,,,,,,,,,,,adjustable bit driver,,,speech_proxy,,"{""acquired_tool_ids"": [35], ""acquisition_complete"": false, ""completed_steps"": [""r1_gear_rod"", ""r2_gear_rod"", ""r1_bearing_right"", ""r1_bearing_left"", ""r2_bearing_right""], ""head_rotation_deg"": null, ""head_translation_m"": null, ""left_hand_translation_m"": null, ""removed_tool_ids"": [14, 15, 18, 19, 21, 26, 27, 28], ""right_hand_translation_m"": null, ""selected_step"": ""r1_fasten_first_stand"", ""step_attempt"": 6, ""step_elapsed_s"": 16.842219795915298, ""step_event_index"": 11, ""total_hand_translation_m"": null, ""trial_finished_elapsed_s"": null, ""trial_recording"": true, ""trial_required_tool_ids"": [7, 35, 36]}"
2026-09-04T11:29:24.638-04:00,mann,language,vlm_request_submitted,speech,r1_fasten_first_stand,Row 1.4: fasten right stand,ready,6,12,,,,16.889458,,,,,,,,,,,,,,,,adjustable bit driver,,,speech_proxy,,"{""acquired_tool_ids"": [35], ""acquisition_complete"": false, ""completed_steps"": [""r1_gear_rod"", ""r2_gear_rod"", ""r1_bearing_right"", ""r1_bearing_left"", ""r2_bearing_right""], ""head_rotation_deg"": null, ""head_translation_m"": null, ""left_hand_translation_m"": null, ""removed_tool_ids"": [14, 15, 18, 19, 21, 26, 27, 28], ""right_hand_translation_m"": null, ""selected_step"": ""r1_fasten_first_stand"", ""step_attempt"": 6, ""step_elapsed_s"": 16.889467966975644, ""step_event_index"": 12, ""total_hand_translation_m"": null, ""trial_finished_elapsed_s"": null, ""trial_recording"": true, ""trial_required_tool_ids"": [7, 35, 36]}"
2026-09-04T11:29:28.023-04:00,mann,language,vlm_inference_completed,lifecycle,r1_fasten_first_stand,Row 1.4: fasten right stand,ready,6,13,,,,20.274307,,,,,,,,,,,,,,,,adjustable bit driver,,,BIT_SCREWDRIVER,,"{""acquired_tool_ids"": [35], ""acquisition_complete"": false, ""completed_steps"": [""r1_gear_rod"", ""r2_gear_rod"", ""r1_bearing_right"", ""r1_bearing_left"", ""r2_bearing_right""], ""head_rotation_deg"": null, ""head_translation_m"": null, ""left_hand_translation_m"": null, ""removed_tool_ids"": [14, 15, 18, 19, 21, 26, 27, 28], ""right_hand_translation_m"": null, ""selected_step"": ""r1_fasten_first_stand"", ""step_attempt"": 6, ""step_elapsed_s"": 20.274318962940015, ""step_event_index"": 13, ""total_hand_translation_m"": null, ""trial_finished_elapsed_s"": null, ""trial_recording"": true, ""trial_required_tool_ids"": [7, 35, 36]}"
2026-09-04T11:29:28.131-04:00,mann,language,vlm_interaction,language,r1_fasten_first_stand,Row 1.4: fasten right stand,ready,6,14,,,,,,,,,,,,,,,,,,,,adjustable bit driver,BIT_SCREWDRIVER,"{""intent"":""part_reference"",""part_action"":""reference"",""reference_relation"":""direct"",""step_scope"":"""",""target"":""BIT_SCREWDRIVER"",""candidates"":[],""exclude_labels"":[]}",language_grounded,I identified and highlighted the interchangeable-bit screwdriver.,"{""acquired_tool_ids"": [35], ""acquisition_complete"": false, ""completed_steps"": [""r1_gear_rod"", ""r2_gear_rod"", ""r1_bearing_right"", ""r1_bearing_left"", ""r2_bearing_right""], ""head_rotation_deg"": null, ""head_translation_m"": null, ""left_hand_translation_m"": null, ""removed_tool_ids"": [14, 15, 18, 19, 21, 26, 27, 28], ""right_hand_translation_m"": null, ""selected_step"": ""r1_fasten_first_stand"", ""step_attempt"": 6, ""step_elapsed_s"": 20.38205776095856, ""step_event_index"": 14, ""total_hand_translation_m"": null, ""trial_finished_elapsed_s"": null, ""trial_recording"": true, ""trial_required_tool_ids"": [7, 35, 36]}"
2026-09-04T11:29:28.211-04:00,mann,language,part_selection,language,r1_fasten_first_stand,Row 1.4: fasten right stand,ready,6,15,7,BIT_SCREWDRIVER,11.906179,20.461888,,,,,,,,,,,,,,,1,,,,,,"{""acquired_tool_ids"": [7, 35], ""acquisition_complete"": false, ""completed_steps"": [""r1_gear_rod"", ""r2_gear_rod"", ""r1_bearing_right"", ""r1_bearing_left"", ""r2_bearing_right""], ""head_rotation_deg"": null, ""head_translation_m"": null, ""left_hand_translation_m"": null, ""removed_tool_ids"": [14, 15, 18, 19, 21, 26, 27, 28], ""right_hand_translation_m"": null, ""selected_step"": ""r1_fasten_first_stand"", ""step_attempt"": 6, ""step_elapsed_s"": 20.461971065960824, ""step_event_index"": 15, ""total_hand_translation_m"": null, ""trial_finished_elapsed_s"": null, ""trial_recording"": true, ""trial_required_tool_ids"": [7, 35, 36]}"
2026-09-04T11:29:28.243-04:00,mann,language,object_acquired,language,r1_fasten_first_stand,Row 1.4: fasten right stand,ready,6,16,7,BIT_SCREWDRIVER,11.906179,20.461888,,,,,,,,,,,,,,,1,,,,,,"{""acquired_tool_ids"": [7, 35], ""acquisition_complete"": false, ""completed_steps"": [""r1_gear_rod"", ""r2_gear_rod"", ""r1_bearing_right"", ""r1_bearing_left"", ""r2_bearing_right""], ""head_rotation_deg"": null, ""head_translation_m"": null, ""left_hand_translation_m"": null, ""removed_tool_ids"": [14, 15, 18, 19, 21, 26, 27, 28], ""right_hand_translation_m"": null, ""selected_step"": ""r1_fasten_first_stand"", ""step_attempt"": 6, ""step_elapsed_s"": 20.493924636975862, ""step_event_index"": 16, ""total_hand_translation_m"": null, ""trial_finished_elapsed_s"": null, ""trial_recording"": true, ""trial_required_tool_ids"": [7, 35, 36]}"
2026-09-04T11:29:28.259-04:00,mann,language,tts_queued,lifecycle,r1_fasten_first_stand,Row 1.4: fasten right stand,ready,6,17,,,,20.510040,,,,,,,,,,,,,,,,1 part left.,,,replace,,"{""acquired_tool_ids"": [7, 35], ""acquisition_complete"": false, ""completed_steps"": [""r1_gear_rod"", ""r2_gear_rod"", ""r1_bearing_right"", ""r1_bearing_left"", ""r2_bearing_right""], ""head_rotation_deg"": null, ""head_translation_m"": null, ""left_hand_translation_m"": null, ""removed_tool_ids"": [14, 15, 18, 19, 21, 26, 27, 28], ""right_hand_translation_m"": null, ""selected_step"": ""r1_fasten_first_stand"", ""step_attempt"": 6, ""step_elapsed_s"": 20.510048924945295, ""step_event_index"": 17, ""total_hand_translation_m"": null, ""trial_finished_elapsed_s"": null, ""trial_recording"": true, ""trial_required_tool_ids"": [7, 35, 36]}"
2026-09-04T11:29:28.293-04:00,mann,language,tts_started,lifecycle,r1_fasten_first_stand,Row 1.4: fasten right stand,ready,6,18,,,,20.544045,,,,,,,,,,,,,,,,1 part left.,,,,,"{""acquired_tool_ids"": [7, 35], ""acquisition_complete"": false, ""completed_steps"": [""r1_gear_rod"", ""r2_gear_rod"", ""r1_bearing_right"", ""r1_bearing_left"", ""r2_bearing_right""], ""head_rotation_deg"": null, ""head_translation_m"": null, ""left_hand_translation_m"": null, ""removed_tool_ids"": [14, 15, 18, 19, 21, 26, 27, 28], ""right_hand_translation_m"": null, ""selected_step"": ""r1_fasten_first_stand"", ""step_attempt"": 6, ""step_elapsed_s"": 20.544058557017706, ""step_event_index"": 18, ""total_hand_translation_m"": null, ""trial_finished_elapsed_s"": null, ""trial_recording"": true, ""trial_required_tool_ids"": [7, 35, 36]}"
2026-09-04T11:29:29.888-04:00,mann,language,tts_finished,lifecycle,r1_fasten_first_stand,Row 1.4: fasten right stand,ready,6,19,,,,22.139649,,,,,,,,,,,,,,,,1 part left.,,,,,"{""acquired_tool_ids"": [7, 35], ""acquisition_complete"": false, ""completed_steps"": [""r1_gear_rod"", ""r2_gear_rod"", ""r1_bearing_right"", ""r1_bearing_left"", ""r2_bearing_right""], ""head_rotation_deg"": null, ""head_translation_m"": null, ""left_hand_translation_m"": null, ""removed_tool_ids"": [14, 15, 18, 19, 21, 26, 27, 28], ""right_hand_translation_m"": null, ""selected_step"": ""r1_fasten_first_stand"", ""step_attempt"": 6, ""step_elapsed_s"": 22.13965952093713, ""step_event_index"": 19, ""total_hand_translation_m"": null, ""trial_finished_elapsed_s"": null, ""trial_recording"": true, ""trial_required_tool_ids"": [7, 35, 36]}"
2026-09-04T11:29:32.892-04:00,mann,language,participant_speech_submitted,speech,r1_fasten_first_stand,Row 1.4: fasten right stand,ready,6,20,,,,25.143768,,,,,,,,,,,,,,,,bit holder1,,,speech_proxy,,"{""acquired_tool_ids"": [7, 35], ""acquisition_complete"": false, ""completed_steps"": [""r1_gear_rod"", ""r2_gear_rod"", ""r1_bearing_right"", ""r1_bearing_left"", ""r2_bearing_right""], ""head_rotation_deg"": null, ""head_translation_m"": null, ""left_hand_translation_m"": null, ""removed_tool_ids"": [14, 15, 18, 19, 21, 26, 27, 28], ""right_hand_translation_m"": null, ""selected_step"": ""r1_fasten_first_stand"", ""step_attempt"": 6, ""step_elapsed_s"": 25.143780151964165, ""step_event_index"": 20, ""total_hand_translation_m"": null, ""trial_finished_elapsed_s"": null, ""trial_recording"": true, ""trial_required_tool_ids"": [7, 35, 36]}"
2026-09-04T11:29:32.998-04:00,mann,language,vlm_request_submitted,speech,r1_fasten_first_stand,Row 1.4: fasten right stand,ready,6,21,,,,25.249728,,,,,,,,,,,,,,,,bit holder1,,,speech_proxy,,"{""acquired_tool_ids"": [7, 35], ""acquisition_complete"": false, ""completed_steps"": [""r1_gear_rod"", ""r2_gear_rod"", ""r1_bearing_right"", ""r1_bearing_left"", ""r2_bearing_right""], ""head_rotation_deg"": null, ""head_translation_m"": null, ""left_hand_translation_m"": null, ""removed_tool_ids"": [14, 15, 18, 19, 21, 26, 27, 28], ""right_hand_translation_m"": null, ""selected_step"": ""r1_fasten_first_stand"", ""step_attempt"": 6, ""step_elapsed_s"": 25.249737786944024, ""step_event_index"": 21, ""total_hand_translation_m"": null, ""trial_finished_elapsed_s"": null, ""trial_recording"": true, ""trial_required_tool_ids"": [7, 35, 36]}"
2026-09-04T11:29:36.311-04:00,mann,language,vlm_inference_completed,lifecycle,r1_fasten_first_stand,Row 1.4: fasten right stand,ready,6,22,,,,28.561997,,,,,,,,,,,,,,,,bit holder1,,,BIT_HOLDER1,,"{""acquired_tool_ids"": [7, 35], ""acquisition_complete"": false, ""completed_steps"": [""r1_gear_rod"", ""r2_gear_rod"", ""r1_bearing_right"", ""r1_bearing_left"", ""r2_bearing_right""], ""head_rotation_deg"": null, ""head_translation_m"": null, ""left_hand_translation_m"": null, ""removed_tool_ids"": [14, 15, 18, 19, 21, 26, 27, 28], ""right_hand_translation_m"": null, ""selected_step"": ""r1_fasten_first_stand"", ""step_attempt"": 6, ""step_elapsed_s"": 28.562009261921048, ""step_event_index"": 22, ""total_hand_translation_m"": null, ""trial_finished_elapsed_s"": null, ""trial_recording"": true, ""trial_required_tool_ids"": [7, 35, 36]}"
2026-09-04T11:29:36.437-04:00,mann,language,vlm_interaction,language,r1_fasten_first_stand,Row 1.4: fasten right stand,ready,6,23,,,,,,,,,,,,,,,,,,,,bit holder1,BIT_HOLDER1,"{""intent"":""part_reference"",""part_action"":""reference"",""reference_relation"":""direct"",""step_scope"":"""",""target"":""BIT_HOLDER1"",""candidates"":[],""exclude_labels"":[]}",language_grounded,"I identified and highlighted the Bit Holder 1, containing the H5 and H3 hex bits.","{""acquired_tool_ids"": [7, 35], ""acquisition_complete"": false, ""completed_steps"": [""r1_gear_rod"", ""r2_gear_rod"", ""r1_bearing_right"", ""r1_bearing_left"", ""r2_bearing_right""], ""head_rotation_deg"": null, ""head_translation_m"": null, ""left_hand_translation_m"": null, ""removed_tool_ids"": [14, 15, 18, 19, 21, 26, 27, 28], ""right_hand_translation_m"": null, ""selected_step"": ""r1_fasten_first_stand"", ""step_attempt"": 6, ""step_elapsed_s"": 28.688631820958108, ""step_event_index"": 23, ""total_hand_translation_m"": null, ""trial_finished_elapsed_s"": null, ""trial_recording"": true, ""trial_required_tool_ids"": [7, 35, 36]}"
2026-09-04T11:29:36.522-04:00,mann,language,part_selection,language,r1_fasten_first_stand,Row 1.4: fasten right stand,ready,6,24,36,BITHOLDER1,8.311923,28.773811,,,,,,,,,,,,,,,1,,,,,,"{""acquired_tool_ids"": [7, 35, 36], ""acquisition_complete"": false, ""completed_steps"": [""r1_gear_rod"", ""r2_gear_rod"", ""r1_bearing_right"", ""r1_bearing_left"", ""r2_bearing_right""], ""head_rotation_deg"": null, ""head_translation_m"": null, ""left_hand_translation_m"": null, ""removed_tool_ids"": [14, 15, 18, 19, 21, 26, 27, 28], ""right_hand_translation_m"": null, ""selected_step"": ""r1_fasten_first_stand"", ""step_attempt"": 6, ""step_elapsed_s"": 28.773849884979427, ""step_event_index"": 24, ""total_hand_translation_m"": null, ""trial_finished_elapsed_s"": null, ""trial_recording"": true, ""trial_required_tool_ids"": [7, 35, 36]}"
2026-09-04T11:29:36.577-04:00,mann,language,object_acquired,language,r1_fasten_first_stand,Row 1.4: fasten right stand,ready,6,25,36,BITHOLDER1,8.311923,28.773811,,,,,,,,,,,,,,,1,,,,,,"{""acquired_tool_ids"": [7, 35, 36], ""acquisition_complete"": false, ""completed_steps"": [""r1_gear_rod"", ""r2_gear_rod"", ""r1_bearing_right"", ""r1_bearing_left"", ""r2_bearing_right""], ""head_rotation_deg"": null, ""head_translation_m"": null, ""left_hand_translation_m"": null, ""removed_tool_ids"": [14, 15, 18, 19, 21, 26, 27, 28], ""right_hand_translation_m"": null, ""selected_step"": ""r1_fasten_first_stand"", ""step_attempt"": 6, ""step_elapsed_s"": 28.82841938000638, ""step_event_index"": 25, ""total_hand_translation_m"": null, ""trial_finished_elapsed_s"": null, ""trial_recording"": true, ""trial_required_tool_ids"": [7, 35, 36]}"
2026-09-04T11:29:36.651-04:00,mann,language,step_acquisition_complete,language,r1_fasten_first_stand,Row 1.4: fasten right stand,ready,6,26,,,,28.901611,0.095816,65.801324,0.031921,0.543659,0.575579,0.000000,0.000000,0.000000,0.000000,0,0,0.000000,0.000000,0.000000,,,,,,,"{""acquired_tool_ids"": [7, 35, 36], ""acquisition_complete"": true, ""any_hover_time_s"": 0.0, ""completed_steps"": [""r1_gear_rod"", ""r2_gear_rod"", ""r1_bearing_right"", ""r1_bearing_left"", ""r2_bearing_right""], ""head_rotation_deg"": 65.80132435814748, ""head_translation_m"": 0.0958155317734087, ""hover_time_percent"": 0.0, ""left_hand_translation_m"": 0.03192072567328715, ""left_hover_episodes"": 0, ""left_hover_time_s"": 0.0, ""left_hover_translation_m"": 0.0, ""removed_tool_ids"": [14, 15, 18, 19, 21, 26, 27, 28], ""right_hand_translation_m"": 0.543658624378681, ""right_hover_episodes"": 0, ""right_hover_time_s"": 0.0, ""right_hover_translation_m"": 0.0, ""selected_step"": ""r1_fasten_first_stand"", ""step_attempt"": 6, ""step_elapsed_s"": 28.901610563974828, ""step_event_index"": 26, ""total_hand_translation_m"": 0.5755793500519681, ""total_hover_translation_m"": 0.0, ""trial_finished_elapsed_s"": 28.901610563974828, ""trial_recording"": false, ""trial_required_tool_ids"": [7, 35, 36]}"
2026-09-04T11:29:36.723-04:00,mann,language,graph_complete,,r1_fasten_first_stand,Row 1.4: fasten right stand,complete,6,27,,,,,,,,,,,,,,,,,,,,,,,,,"{""acquired_tool_ids"": [7, 35, 36], ""acquisition_complete"": true, ""any_hover_time_s"": 0.0, ""completed_steps"": [""r1_gear_rod"", ""r2_gear_rod"", ""r1_bearing_right"", ""r1_bearing_left"", ""r2_bearing_right"", ""r1_fasten_first_stand"", ""r1_insert_rod_and_fit_second"", ""r1_fasten_second_stand""], ""head_rotation_deg"": 65.80132435814748, ""head_translation_m"": 0.0958155317734087, ""hover_time_percent"": 0.0, ""left_hand_translation_m"": 0.03192072567328715, ""left_hover_episodes"": 0, ""left_hover_time_s"": 0.0, ""left_hover_translation_m"": 0.0, ""removed_tool_ids"": [14, 15, 18, 19, 21, 26, 27, 28], ""right_hand_translation_m"": 0.543658624378681, ""right_hover_episodes"": 0, ""right_hover_time_s"": 0.0, ""right_hover_translation_m"": 0.0, ""selected_step"": ""r1_fasten_first_stand"", ""step_attempt"": 6, ""step_elapsed_s"": 28.901610563974828, ""step_event_index"": 27, ""total_hand_translation_m"": 0.5755793500519681, ""total_hover_translation_m"": 0.0, ""trial_finished_elapsed_s"": 28.901610563974828, ""trial_recording"": false, ""trial_required_tool_ids"": [7, 35, 36]}"
2026-09-04T11:29:51.218-04:00,mann,language,step_started,keyboard,r2_bearing_left,Row 2.3: bearing into left stand,ready,7,1,,,,,,,,,,,,,,,,,,,,,,,,,"{""acquired_tool_ids"": [], ""acquisition_complete"": false, ""completed_steps"": [""r1_gear_rod"", ""r2_gear_rod"", ""r1_bearing_right"", ""r1_bearing_left"", ""r2_bearing_right"", ""r1_fasten_first_stand"", ""r1_insert_rod_and_fit_second"", ""r1_fasten_second_stand""], ""head_rotation_deg"": null, ""head_translation_m"": null, ""left_hand_translation_m"": null, ""removed_tool_ids"": [14, 15, 18, 19, 21, 26, 27, 28], ""right_hand_translation_m"": null, ""selected_step"": ""r2_bearing_left"", ""step_attempt"": 7, ""step_elapsed_s"": 0.0005452641053125262, ""step_event_index"": 1, ""total_hand_translation_m"": null, ""trial_finished_elapsed_s"": null, ""trial_recording"": true, ""trial_required_tool_ids"": [20, 34]}"
2026-09-04T11:30:01.956-04:00,mann,language,participant_speech_submitted,speech,r2_bearing_left,Row 2.3: bearing into left stand,ready,7,2,,,,10.738077,,,,,,,,,,,,,,,,bearing,,,speech_proxy,,"{""acquired_tool_ids"": [], ""acquisition_complete"": false, ""completed_steps"": [""r1_gear_rod"", ""r2_gear_rod"", ""r1_bearing_right"", ""r1_bearing_left"", ""r2_bearing_right"", ""r1_fasten_first_stand"", ""r1_insert_rod_and_fit_second"", ""r1_fasten_second_stand""], ""head_rotation_deg"": null, ""head_translation_m"": null, ""left_hand_translation_m"": null, ""removed_tool_ids"": [14, 15, 18, 19, 21, 26, 27, 28], ""right_hand_translation_m"": null, ""selected_step"": ""r2_bearing_left"", ""step_attempt"": 7, ""step_elapsed_s"": 10.738088585087098, ""step_event_index"": 2, ""total_hand_translation_m"": null, ""trial_finished_elapsed_s"": null, ""trial_recording"": true, ""trial_required_tool_ids"": [20, 34]}"
2026-09-04T11:30:02.004-04:00,mann,language,vlm_request_submitted,speech,r2_bearing_left,Row 2.3: bearing into left stand,ready,7,3,,,,10.786183,,,,,,,,,,,,,,,,bearing,,,speech_proxy,,"{""acquired_tool_ids"": [], ""acquisition_complete"": false, ""completed_steps"": [""r1_gear_rod"", ""r2_gear_rod"", ""r1_bearing_right"", ""r1_bearing_left"", ""r2_bearing_right"", ""r1_fasten_first_stand"", ""r1_insert_rod_and_fit_second"", ""r1_fasten_second_stand""], ""head_rotation_deg"": null, ""head_translation_m"": null, ""left_hand_translation_m"": null, ""removed_tool_ids"": [14, 15, 18, 19, 21, 26, 27, 28], ""right_hand_translation_m"": null, ""selected_step"": ""r2_bearing_left"", ""step_attempt"": 7, ""step_elapsed_s"": 10.78619289607741, ""step_event_index"": 3, ""total_hand_translation_m"": null, ""trial_finished_elapsed_s"": null, ""trial_recording"": true, ""trial_required_tool_ids"": [20, 34]}"
2026-09-04T11:30:05.208-04:00,mann,language,vlm_inference_completed,lifecycle,r2_bearing_left,Row 2.3: bearing into left stand,ready,7,4,,,,13.989755,,,,,,,,,,,,,,,,bearing,,,BEARING,,"{""acquired_tool_ids"": [], ""acquisition_complete"": false, ""completed_steps"": [""r1_gear_rod"", ""r2_gear_rod"", ""r1_bearing_right"", ""r1_bearing_left"", ""r2_bearing_right"", ""r1_fasten_first_stand"", ""r1_insert_rod_and_fit_second"", ""r1_fasten_second_stand""], ""head_rotation_deg"": null, ""head_translation_m"": null, ""left_hand_translation_m"": null, ""removed_tool_ids"": [14, 15, 18, 19, 21, 26, 27, 28], ""right_hand_translation_m"": null, ""selected_step"": ""r2_bearing_left"", ""step_attempt"": 7, ""step_elapsed_s"": 13.989765878999606, ""step_event_index"": 4, ""total_hand_translation_m"": null, ""trial_finished_elapsed_s"": null, ""trial_recording"": true, ""trial_required_tool_ids"": [20, 34]}"
2026-09-04T11:30:05.278-04:00,mann,language,vlm_interaction,language,r2_bearing_left,Row 2.3: bearing into left stand,ready,7,5,,,,,,,,,,,,,,,,,,,,bearing,BEARING,"{""intent"":""part_reference"",""part_action"":""reference"",""reference_relation"":""direct"",""step_scope"":"""",""target"":""BEARING"",""candidates"":[],""exclude_labels"":[]}",language_grounded,I identified and highlighted the bearing.,"{""acquired_tool_ids"": [], ""acquisition_complete"": false, ""completed_steps"": [""r1_gear_rod"", ""r2_gear_rod"", ""r1_bearing_right"", ""r1_bearing_left"", ""r2_bearing_right"", ""r1_fasten_first_stand"", ""r1_insert_rod_and_fit_second"", ""r1_fasten_second_stand""], ""head_rotation_deg"": null, ""head_translation_m"": null, ""left_hand_translation_m"": null, ""removed_tool_ids"": [14, 15, 18, 19, 21, 26, 27, 28], ""right_hand_translation_m"": null, ""selected_step"": ""r2_bearing_left"", ""step_attempt"": 7, ""step_elapsed_s"": 14.060311306035146, ""step_event_index"": 5, ""total_hand_translation_m"": null, ""trial_finished_elapsed_s"": null, ""trial_recording"": true, ""trial_required_tool_ids"": [20, 34]}"
2026-09-04T11:30:05.308-04:00,mann,language,part_selection,language,r2_bearing_left,Row 2.3: bearing into left stand,ready,7,6,34,BEARINGS,14.090273,14.090273,,,,,,,,,,,,,,,1,,,,,,"{""acquired_tool_ids"": [34], ""acquisition_complete"": false, ""completed_steps"": [""r1_gear_rod"", ""r2_gear_rod"", ""r1_bearing_right"", ""r1_bearing_left"", ""r2_bearing_right"", ""r1_fasten_first_stand"", ""r1_insert_rod_and_fit_second"", ""r1_fasten_second_stand""], ""head_rotation_deg"": null, ""head_translation_m"": null, ""left_hand_translation_m"": null, ""removed_tool_ids"": [14, 15, 18, 19, 21, 26, 27, 28], ""right_hand_translation_m"": null, ""selected_step"": ""r2_bearing_left"", ""step_attempt"": 7, ""step_elapsed_s"": 14.090312642045319, ""step_event_index"": 6, ""total_hand_translation_m"": null, ""trial_finished_elapsed_s"": null, ""trial_recording"": true, ""trial_required_tool_ids"": [20, 34]}"
2026-09-04T11:30:05.320-04:00,mann,language,object_acquired,language,r2_bearing_left,Row 2.3: bearing into left stand,ready,7,7,34,BEARINGS,14.090273,14.090273,,,,,,,,,,,,,,,1,,,,,,"{""acquired_tool_ids"": [34], ""acquisition_complete"": false, ""completed_steps"": [""r1_gear_rod"", ""r2_gear_rod"", ""r1_bearing_right"", ""r1_bearing_left"", ""r2_bearing_right"", ""r1_fasten_first_stand"", ""r1_insert_rod_and_fit_second"", ""r1_fasten_second_stand""], ""head_rotation_deg"": null, ""head_translation_m"": null, ""left_hand_translation_m"": null, ""removed_tool_ids"": [14, 15, 18, 19, 21, 26, 27, 28], ""right_hand_translation_m"": null, ""selected_step"": ""r2_bearing_left"", ""step_attempt"": 7, ""step_elapsed_s"": 14.102602915023454, ""step_event_index"": 7, ""total_hand_translation_m"": null, ""trial_finished_elapsed_s"": null, ""trial_recording"": true, ""trial_required_tool_ids"": [20, 34]}"
2026-09-04T11:30:05.330-04:00,mann,language,tts_queued,lifecycle,r2_bearing_left,Row 2.3: bearing into left stand,ready,7,8,,,,14.112012,,,,,,,,,,,,,,,,1 part left.,,,replace,,"{""acquired_tool_ids"": [34], ""acquisition_complete"": false, ""completed_steps"": [""r1_gear_rod"", ""r2_gear_rod"", ""r1_bearing_right"", ""r1_bearing_left"", ""r2_bearing_right"", ""r1_fasten_first_stand"", ""r1_insert_rod_and_fit_second"", ""r1_fasten_second_stand""], ""head_rotation_deg"": null, ""head_translation_m"": null, ""left_hand_translation_m"": null, ""removed_tool_ids"": [14, 15, 18, 19, 21, 26, 27, 28], ""right_hand_translation_m"": null, ""selected_step"": ""r2_bearing_left"", ""step_attempt"": 7, ""step_elapsed_s"": 14.112020843080245, ""step_event_index"": 8, ""total_hand_translation_m"": null, ""trial_finished_elapsed_s"": null, ""trial_recording"": true, ""trial_required_tool_ids"": [20, 34]}"
2026-09-04T11:30:05.363-04:00,mann,language,tts_started,lifecycle,r2_bearing_left,Row 2.3: bearing into left stand,ready,7,9,,,,14.145579,,,,,,,,,,,,,,,,1 part left.,,,,,"{""acquired_tool_ids"": [34], ""acquisition_complete"": false, ""completed_steps"": [""r1_gear_rod"", ""r2_gear_rod"", ""r1_bearing_right"", ""r1_bearing_left"", ""r2_bearing_right"", ""r1_fasten_first_stand"", ""r1_insert_rod_and_fit_second"", ""r1_fasten_second_stand""], ""head_rotation_deg"": null, ""head_translation_m"": null, ""left_hand_translation_m"": null, ""removed_tool_ids"": [14, 15, 18, 19, 21, 26, 27, 28], ""right_hand_translation_m"": null, ""selected_step"": ""r2_bearing_left"", ""step_attempt"": 7, ""step_elapsed_s"": 14.145592706045136, ""step_event_index"": 9, ""total_hand_translation_m"": null, ""trial_finished_elapsed_s"": null, ""trial_recording"": true, ""trial_required_tool_ids"": [20, 34]}"
2026-09-04T11:30:07.075-04:00,mann,language,tts_finished,lifecycle,r2_bearing_left,Row 2.3: bearing into left stand,ready,7,10,,,,15.856797,,,,,,,,,,,,,,,,1 part left.,,,,,"{""acquired_tool_ids"": [34], ""acquisition_complete"": false, ""completed_steps"": [""r1_gear_rod"", ""r2_gear_rod"", ""r1_bearing_right"", ""r1_bearing_left"", ""r2_bearing_right"", ""r1_fasten_first_stand"", ""r1_insert_rod_and_fit_second"", ""r1_fasten_second_stand""], ""head_rotation_deg"": null, ""head_translation_m"": null, ""left_hand_translation_m"": null, ""removed_tool_ids"": [14, 15, 18, 19, 21, 26, 27, 28], ""right_hand_translation_m"": null, ""selected_step"": ""r2_bearing_left"", ""step_attempt"": 7, ""step_elapsed_s"": 15.85681003110949, ""step_event_index"": 10, ""total_hand_translation_m"": null, ""trial_finished_elapsed_s"": null, ""trial_recording"": true, ""trial_required_tool_ids"": [20, 34]}"
2026-09-04T11:30:36.389-04:00,mann,language,participant_speech_submitted,speech,r2_bearing_left,Row 2.3: bearing into left stand,ready,7,11,,,,45.171017,,,,,,,,,,,,,,,,row2 left gearstand,,,speech_proxy,,"{""acquired_tool_ids"": [34], ""acquisition_complete"": false, ""completed_steps"": [""r1_gear_rod"", ""r2_gear_rod"", ""r1_bearing_right"", ""r1_bearing_left"", ""r2_bearing_right"", ""r1_fasten_first_stand"", ""r1_insert_rod_and_fit_second"", ""r1_fasten_second_stand""], ""head_rotation_deg"": null, ""head_translation_m"": null, ""left_hand_translation_m"": null, ""removed_tool_ids"": [14, 15, 18, 19, 21, 26, 27, 28], ""right_hand_translation_m"": null, ""selected_step"": ""r2_bearing_left"", ""step_attempt"": 7, ""step_elapsed_s"": 45.17102891008835, ""step_event_index"": 11, ""total_hand_translation_m"": null, ""trial_finished_elapsed_s"": null, ""trial_recording"": true, ""trial_required_tool_ids"": [20, 34]}"
2026-09-04T11:30:36.432-04:00,mann,language,vlm_request_submitted,speech,r2_bearing_left,Row 2.3: bearing into left stand,ready,7,12,,,,45.214214,,,,,,,,,,,,,,,,row2 left gearstand,,,speech_proxy,,"{""acquired_tool_ids"": [34], ""acquisition_complete"": false, ""completed_steps"": [""r1_gear_rod"", ""r2_gear_rod"", ""r1_bearing_right"", ""r1_bearing_left"", ""r2_bearing_right"", ""r1_fasten_first_stand"", ""r1_insert_rod_and_fit_second"", ""r1_fasten_second_stand""], ""head_rotation_deg"": null, ""head_translation_m"": null, ""left_hand_translation_m"": null, ""removed_tool_ids"": [14, 15, 18, 19, 21, 26, 27, 28], ""right_hand_translation_m"": null, ""selected_step"": ""r2_bearing_left"", ""step_attempt"": 7, ""step_elapsed_s"": 45.2142325140303, ""step_event_index"": 12, ""total_hand_translation_m"": null, ""trial_finished_elapsed_s"": null, ""trial_recording"": true, ""trial_required_tool_ids"": [20, 34]}"
2026-09-04T11:30:39.869-04:00,mann,language,vlm_inference_completed,lifecycle,r2_bearing_left,Row 2.3: bearing into left stand,ready,7,13,,,,48.651286,,,,,,,,,,,,,,,,row2 left gearstand,,,STAND_ROW2_LEFT,,"{""acquired_tool_ids"": [34], ""acquisition_complete"": false, ""completed_steps"": [""r1_gear_rod"", ""r2_gear_rod"", ""r1_bearing_right"", ""r1_bearing_left"", ""r2_bearing_right"", ""r1_fasten_first_stand"", ""r1_insert_rod_and_fit_second"", ""r1_fasten_second_stand""], ""head_rotation_deg"": null, ""head_translation_m"": null, ""left_hand_translation_m"": null, ""removed_tool_ids"": [14, 15, 18, 19, 21, 26, 27, 28], ""right_hand_translation_m"": null, ""selected_step"": ""r2_bearing_left"", ""step_attempt"": 7, ""step_elapsed_s"": 48.651294935029, ""step_event_index"": 13, ""total_hand_translation_m"": null, ""trial_finished_elapsed_s"": null, ""trial_recording"": true, ""trial_required_tool_ids"": [20, 34]}"
2026-09-04T11:30:39.928-04:00,mann,language,vlm_interaction,language,r2_bearing_left,Row 2.3: bearing into left stand,ready,7,14,,,,,,,,,,,,,,,,,,,,row2 left gearstand,STAND_ROW2_LEFT,"{""intent"":""part_reference"",""part_action"":""reference"",""reference_relation"":""direct"",""step_scope"":"""",""target"":""STAND_ROW2_LEFT"",""candidates"":[],""exclude_labels"":[]}",language_grounded,I identified and highlighted the Row 2 left stand.,"{""acquired_tool_ids"": [34], ""acquisition_complete"": false, ""completed_steps"": [""r1_gear_rod"", ""r2_gear_rod"", ""r1_bearing_right"", ""r1_bearing_left"", ""r2_bearing_right"", ""r1_fasten_first_stand"", ""r1_insert_rod_and_fit_second"", ""r1_fasten_second_stand""], ""head_rotation_deg"": null, ""head_translation_m"": null, ""left_hand_translation_m"": null, ""removed_tool_ids"": [14, 15, 18, 19, 21, 26, 27, 28], ""right_hand_translation_m"": null, ""selected_step"": ""r2_bearing_left"", ""step_attempt"": 7, ""step_elapsed_s"": 48.71014972100966, ""step_event_index"": 14, ""total_hand_translation_m"": null, ""trial_finished_elapsed_s"": null, ""trial_recording"": true, ""trial_required_tool_ids"": [20, 34]}"
2026-09-04T11:30:39.955-04:00,mann,language,part_selection,language,r2_bearing_left,Row 2.3: bearing into left stand,ready,7,15,20,GEAR_STAND_ROW2_LEFT,34.646439,48.736713,,,,,,,,,,,,,,,1,,,,,,"{""acquired_tool_ids"": [20, 34], ""acquisition_complete"": false, ""completed_steps"": [""r1_gear_rod"", ""r2_gear_rod"", ""r1_bearing_right"", ""r1_bearing_left"", ""r2_bearing_right"", ""r1_fasten_first_stand"", ""r1_insert_rod_and_fit_second"", ""r1_fasten_second_stand""], ""head_rotation_deg"": null, ""head_translation_m"": null, ""left_hand_translation_m"": null, ""removed_tool_ids"": [14, 15, 18, 19, 21, 26, 27, 28], ""right_hand_translation_m"": null, ""selected_step"": ""r2_bearing_left"", ""step_attempt"": 7, ""step_elapsed_s"": 48.73678160109557, ""step_event_index"": 15, ""total_hand_translation_m"": null, ""trial_finished_elapsed_s"": null, ""trial_recording"": true, ""trial_required_tool_ids"": [20, 34]}"
2026-09-04T11:30:39.975-04:00,mann,language,object_acquired,language,r2_bearing_left,Row 2.3: bearing into left stand,ready,7,16,20,GEAR_STAND_ROW2_LEFT,34.646439,48.736713,,,,,,,,,,,,,,,1,,,,,,"{""acquired_tool_ids"": [20, 34], ""acquisition_complete"": false, ""completed_steps"": [""r1_gear_rod"", ""r2_gear_rod"", ""r1_bearing_right"", ""r1_bearing_left"", ""r2_bearing_right"", ""r1_fasten_first_stand"", ""r1_insert_rod_and_fit_second"", ""r1_fasten_second_stand""], ""head_rotation_deg"": null, ""head_translation_m"": null, ""left_hand_translation_m"": null, ""removed_tool_ids"": [14, 15, 18, 19, 21, 26, 27, 28], ""right_hand_translation_m"": null, ""selected_step"": ""r2_bearing_left"", ""step_attempt"": 7, ""step_elapsed_s"": 48.757002528058365, ""step_event_index"": 16, ""total_hand_translation_m"": null, ""trial_finished_elapsed_s"": null, ""trial_recording"": true, ""trial_required_tool_ids"": [20, 34]}"
2026-09-04T11:30:39.995-04:00,mann,language,step_acquisition_complete,language,r2_bearing_left,Row 2.3: bearing into left stand,ready,7,17,,,,48.776672,0.679304,327.796106,0.159520,1.039412,1.198932,0.000000,0.000000,0.000000,0.000000,0,0,0.000000,0.000000,0.000000,,,,,,,"{""acquired_tool_ids"": [20, 34], ""acquisition_complete"": true, ""any_hover_time_s"": 0.0, ""completed_steps"": [""r1_gear_rod"", ""r2_gear_rod"", ""r1_bearing_right"", ""r1_bearing_left"", ""r2_bearing_right"", ""r1_fasten_first_stand"", ""r1_insert_rod_and_fit_second"", ""r1_fasten_second_stand""], ""head_rotation_deg"": 327.79610597872977, ""head_translation_m"": 0.6793042111246972, ""hover_time_percent"": 0.0, ""left_hand_translation_m"": 0.15952044147474767, ""left_hover_episodes"": 0, ""left_hover_time_s"": 0.0, ""left_hover_translation_m"": 0.0, ""removed_tool_ids"": [14, 15, 18, 19, 20, 21, 26, 27, 28], ""right_hand_translation_m"": 1.0394118567474744, ""right_hover_episodes"": 0, ""right_hover_time_s"": 0.0, ""right_hover_translation_m"": 0.0, ""selected_step"": ""r2_bearing_left"", ""step_attempt"": 7, ""step_elapsed_s"": 48.776671737083234, ""step_event_index"": 17, ""total_hand_translation_m"": 1.1989322982222221, ""total_hover_translation_m"": 0.0, ""trial_finished_elapsed_s"": 48.776671737083234, ""trial_recording"": false, ""trial_required_tool_ids"": [20, 34]}"
2026-09-04T11:30:40.022-04:00,mann,language,graph_complete,,r2_bearing_left,Row 2.3: bearing into left stand,complete,7,18,,,,,,,,,,,,,,,,,,,,,,,,,"{""acquired_tool_ids"": [20, 34], ""acquisition_complete"": true, ""any_hover_time_s"": 0.0, ""completed_steps"": [""r1_gear_rod"", ""r2_gear_rod"", ""r1_bearing_right"", ""r1_bearing_left"", ""r2_bearing_right"", ""r1_fasten_first_stand"", ""r1_insert_rod_and_fit_second"", ""r1_fasten_second_stand"", ""r2_bearing_left""], ""head_rotation_deg"": 327.79610597872977, ""head_translation_m"": 0.6793042111246972, ""hover_time_percent"": 0.0, ""left_hand_translation_m"": 0.15952044147474767, ""left_hover_episodes"": 0, ""left_hover_time_s"": 0.0, ""left_hover_translation_m"": 0.0, ""removed_tool_ids"": [14, 15, 18, 19, 20, 21, 26, 27, 28], ""right_hand_translation_m"": 1.0394118567474744, ""right_hover_episodes"": 0, ""right_hover_time_s"": 0.0, ""right_hover_translation_m"": 0.0, ""selected_step"": ""r2_bearing_left"", ""step_attempt"": 7, ""step_elapsed_s"": 48.776671737083234, ""step_event_index"": 18, ""total_hand_translation_m"": 1.1989322982222221, ""total_hover_translation_m"": 0.0, ""trial_finished_elapsed_s"": 48.776671737083234, ""trial_recording"": false, ""trial_required_tool_ids"": [20, 34]}"
2026-09-04T11:30:50.816-04:00,mann,language,step_started,keyboard,r2_fasten_first_stand,Row 2.4: fasten right stand,ready,8,1,,,,,,,,,,,,,,,,,,,,,,,,,"{""acquired_tool_ids"": [], ""acquisition_complete"": false, ""completed_steps"": [""r1_gear_rod"", ""r2_gear_rod"", ""r1_bearing_right"", ""r1_bearing_left"", ""r2_bearing_right"", ""r1_fasten_first_stand"", ""r1_insert_rod_and_fit_second"", ""r1_fasten_second_stand"", ""r2_bearing_left""], ""head_rotation_deg"": null, ""head_translation_m"": null, ""left_hand_translation_m"": null, ""removed_tool_ids"": [14, 15, 18, 19, 20, 21, 26, 27, 28], ""right_hand_translation_m"": null, ""selected_step"": ""r2_fasten_first_stand"", ""step_attempt"": 8, ""step_elapsed_s"": 0.0031633140752092004, ""step_event_index"": 1, ""total_hand_translation_m"": null, ""trial_finished_elapsed_s"": null, ""trial_recording"": true, ""trial_required_tool_ids"": [7, 35, 37]}"
2026-09-04T11:30:56.095-04:00,mann,language,participant_speech_submitted,speech,r2_fasten_first_stand,Row 2.4: fasten right stand,ready,8,2,,,,5.282708,,,,,,,,,,,,,,,,adjustable bit driver,,,speech_proxy,,"{""acquired_tool_ids"": [], ""acquisition_complete"": false, ""completed_steps"": [""r1_gear_rod"", ""r2_gear_rod"", ""r1_bearing_right"", ""r1_bearing_left"", ""r2_bearing_right"", ""r1_fasten_first_stand"", ""r1_insert_rod_and_fit_second"", ""r1_fasten_second_stand"", ""r2_bearing_left""], ""head_rotation_deg"": null, ""head_translation_m"": null, ""left_hand_translation_m"": null, ""removed_tool_ids"": [14, 15, 18, 19, 20, 21, 26, 27, 28], ""right_hand_translation_m"": null, ""selected_step"": ""r2_fasten_first_stand"", ""step_attempt"": 8, ""step_elapsed_s"": 5.282720693037845, ""step_event_index"": 2, ""total_hand_translation_m"": null, ""trial_finished_elapsed_s"": null, ""trial_recording"": true, ""trial_required_tool_ids"": [7, 35, 37]}"
2026-09-04T11:30:56.148-04:00,mann,language,vlm_request_submitted,speech,r2_fasten_first_stand,Row 2.4: fasten right stand,ready,8,3,,,,5.335046,,,,,,,,,,,,,,,,adjustable bit driver,,,speech_proxy,,"{""acquired_tool_ids"": [], ""acquisition_complete"": false, ""completed_steps"": [""r1_gear_rod"", ""r2_gear_rod"", ""r1_bearing_right"", ""r1_bearing_left"", ""r2_bearing_right"", ""r1_fasten_first_stand"", ""r1_insert_rod_and_fit_second"", ""r1_fasten_second_stand"", ""r2_bearing_left""], ""head_rotation_deg"": null, ""head_translation_m"": null, ""left_hand_translation_m"": null, ""removed_tool_ids"": [14, 15, 18, 19, 20, 21, 26, 27, 28], ""right_hand_translation_m"": null, ""selected_step"": ""r2_fasten_first_stand"", ""step_attempt"": 8, ""step_elapsed_s"": 5.335057722055353, ""step_event_index"": 3, ""total_hand_translation_m"": null, ""trial_finished_elapsed_s"": null, ""trial_recording"": true, ""trial_required_tool_ids"": [7, 35, 37]}"
2026-09-04T11:30:59.566-04:00,mann,language,vlm_inference_completed,lifecycle,r2_fasten_first_stand,Row 2.4: fasten right stand,ready,8,4,,,,8.753688,,,,,,,,,,,,,,,,adjustable bit driver,,,BIT_SCREWDRIVER,,"{""acquired_tool_ids"": [], ""acquisition_complete"": false, ""completed_steps"": [""r1_gear_rod"", ""r2_gear_rod"", ""r1_bearing_right"", ""r1_bearing_left"", ""r2_bearing_right"", ""r1_fasten_first_stand"", ""r1_insert_rod_and_fit_second"", ""r1_fasten_second_stand"", ""r2_bearing_left""], ""head_rotation_deg"": null, ""head_translation_m"": null, ""left_hand_translation_m"": null, ""removed_tool_ids"": [14, 15, 18, 19, 20, 21, 26, 27, 28], ""right_hand_translation_m"": null, ""selected_step"": ""r2_fasten_first_stand"", ""step_attempt"": 8, ""step_elapsed_s"": 8.753697960986756, ""step_event_index"": 4, ""total_hand_translation_m"": null, ""trial_finished_elapsed_s"": null, ""trial_recording"": true, ""trial_required_tool_ids"": [7, 35, 37]}"
2026-09-04T11:30:59.598-04:00,mann,language,vlm_interaction,language,r2_fasten_first_stand,Row 2.4: fasten right stand,ready,8,5,,,,,,,,,,,,,,,,,,,,adjustable bit driver,BIT_SCREWDRIVER,"{""intent"":""part_reference"",""part_action"":""reference"",""reference_relation"":""direct"",""step_scope"":"""",""target"":""BIT_SCREWDRIVER"",""candidates"":[],""exclude_labels"":[]}",language_grounded,I identified and highlighted the interchangeable-bit screwdriver.,"{""acquired_tool_ids"": [], ""acquisition_complete"": false, ""completed_steps"": [""r1_gear_rod"", ""r2_gear_rod"", ""r1_bearing_right"", ""r1_bearing_left"", ""r2_bearing_right"", ""r1_fasten_first_stand"", ""r1_insert_rod_and_fit_second"", ""r1_fasten_second_stand"", ""r2_bearing_left""], ""head_rotation_deg"": null, ""head_translation_m"": null, ""left_hand_translation_m"": null, ""removed_tool_ids"": [14, 15, 18, 19, 20, 21, 26, 27, 28], ""right_hand_translation_m"": null, ""selected_step"": ""r2_fasten_first_stand"", ""step_attempt"": 8, ""step_elapsed_s"": 8.785449571092613, ""step_event_index"": 5, ""total_hand_translation_m"": null, ""trial_finished_elapsed_s"": null, ""trial_recording"": true, ""trial_required_tool_ids"": [7, 35, 37]}"
2026-09-04T11:30:59.614-04:00,mann,language,part_selection,language,r2_fasten_first_stand,Row 2.4: fasten right stand,ready,8,6,7,BIT_SCREWDRIVER,8.801602,8.801602,,,,,,,,,,,,,,,1,,,,,,"{""acquired_tool_ids"": [7], ""acquisition_complete"": false, ""completed_steps"": [""r1_gear_rod"", ""r2_gear_rod"", ""r1_bearing_right"", ""r1_bearing_left"", ""r2_bearing_right"", ""r1_fasten_first_stand"", ""r1_insert_rod_and_fit_second"", ""r1_fasten_second_stand"", ""r2_bearing_left""], ""head_rotation_deg"": null, ""head_translation_m"": null, ""left_hand_translation_m"": null, ""removed_tool_ids"": [14, 15, 18, 19, 20, 21, 26, 27, 28], ""right_hand_translation_m"": null, ""selected_step"": ""r2_fasten_first_stand"", ""step_attempt"": 8, ""step_elapsed_s"": 8.801640252000652, ""step_event_index"": 6, ""total_hand_translation_m"": null, ""trial_finished_elapsed_s"": null, ""trial_recording"": true, ""trial_required_tool_ids"": [7, 35, 37]}"
2026-09-04T11:30:59.625-04:00,mann,language,object_acquired,language,r2_fasten_first_stand,Row 2.4: fasten right stand,ready,8,7,7,BIT_SCREWDRIVER,8.801602,8.801602,,,,,,,,,,,,,,,1,,,,,,"{""acquired_tool_ids"": [7], ""acquisition_complete"": false, ""completed_steps"": [""r1_gear_rod"", ""r2_gear_rod"", ""r1_bearing_right"", ""r1_bearing_left"", ""r2_bearing_right"", ""r1_fasten_first_stand"", ""r1_insert_rod_and_fit_second"", ""r1_fasten_second_stand"", ""r2_bearing_left""], ""head_rotation_deg"": null, ""head_translation_m"": null, ""left_hand_translation_m"": null, ""removed_tool_ids"": [14, 15, 18, 19, 20, 21, 26, 27, 28], ""right_hand_translation_m"": null, ""selected_step"": ""r2_fasten_first_stand"", ""step_attempt"": 8, ""step_elapsed_s"": 8.812357473070733, ""step_event_index"": 7, ""total_hand_translation_m"": null, ""trial_finished_elapsed_s"": null, ""trial_recording"": true, ""trial_required_tool_ids"": [7, 35, 37]}"
2026-09-04T11:30:59.656-04:00,mann,language,tts_queued,lifecycle,r2_fasten_first_stand,Row 2.4: fasten right stand,ready,8,8,,,,8.843712,,,,,,,,,,,,,,,,2 parts left.,,,replace,,"{""acquired_tool_ids"": [7], ""acquisition_complete"": false, ""completed_steps"": [""r1_gear_rod"", ""r2_gear_rod"", ""r1_bearing_right"", ""r1_bearing_left"", ""r2_bearing_right"", ""r1_fasten_first_stand"", ""r1_insert_rod_and_fit_second"", ""r1_fasten_second_stand"", ""r2_bearing_left""], ""head_rotation_deg"": null, ""head_translation_m"": null, ""left_hand_translation_m"": null, ""removed_tool_ids"": [14, 15, 18, 19, 20, 21, 26, 27, 28], ""right_hand_translation_m"": null, ""selected_step"": ""r2_fasten_first_stand"", ""step_attempt"": 8, ""step_elapsed_s"": 8.843723750091158, ""step_event_index"": 8, ""total_hand_translation_m"": null, ""trial_finished_elapsed_s"": null, ""trial_recording"": true, ""trial_required_tool_ids"": [7, 35, 37]}"
2026-09-04T11:30:59.683-04:00,mann,language,tts_started,lifecycle,r2_fasten_first_stand,Row 2.4: fasten right stand,ready,8,9,,,,8.869967,,,,,,,,,,,,,,,,2 parts left.,,,,,"{""acquired_tool_ids"": [7], ""acquisition_complete"": false, ""completed_steps"": [""r1_gear_rod"", ""r2_gear_rod"", ""r1_bearing_right"", ""r1_bearing_left"", ""r2_bearing_right"", ""r1_fasten_first_stand"", ""r1_insert_rod_and_fit_second"", ""r1_fasten_second_stand"", ""r2_bearing_left""], ""head_rotation_deg"": null, ""head_translation_m"": null, ""left_hand_translation_m"": null, ""removed_tool_ids"": [14, 15, 18, 19, 20, 21, 26, 27, 28], ""right_hand_translation_m"": null, ""selected_step"": ""r2_fasten_first_stand"", ""step_attempt"": 8, ""step_elapsed_s"": 8.869978803093545, ""step_event_index"": 9, ""total_hand_translation_m"": null, ""trial_finished_elapsed_s"": null, ""trial_recording"": true, ""trial_required_tool_ids"": [7, 35, 37]}"
2026-09-04T11:31:00.950-04:00,mann,language,tts_finished,lifecycle,r2_fasten_first_stand,Row 2.4: fasten right stand,ready,8,10,,,,10.137415,,,,,,,,,,,,,,,,2 parts left.,,,,,"{""acquired_tool_ids"": [7], ""acquisition_complete"": false, ""completed_steps"": [""r1_gear_rod"", ""r2_gear_rod"", ""r1_bearing_right"", ""r1_bearing_left"", ""r2_bearing_right"", ""r1_fasten_first_stand"", ""r1_insert_rod_and_fit_second"", ""r1_fasten_second_stand"", ""r2_bearing_left""], ""head_rotation_deg"": null, ""head_translation_m"": null, ""left_hand_translation_m"": null, ""removed_tool_ids"": [14, 15, 18, 19, 20, 21, 26, 27, 28], ""right_hand_translation_m"": null, ""selected_step"": ""r2_fasten_first_stand"", ""step_attempt"": 8, ""step_elapsed_s"": 10.137428926071152, ""step_event_index"": 10, ""total_hand_translation_m"": null, ""trial_finished_elapsed_s"": null, ""trial_recording"": true, ""trial_required_tool_ids"": [7, 35, 37]}"
2026-09-04T11:31:10.655-04:00,mann,language,participant_speech_submitted,speech,r2_fasten_first_stand,Row 2.4: fasten right stand,ready,8,11,,,,19.842688,,,,,,,,,,,,,,,,row2 right screw,,,speech_proxy,,"{""acquired_tool_ids"": [7], ""acquisition_complete"": false, ""completed_steps"": [""r1_gear_rod"", ""r2_gear_rod"", ""r1_bearing_right"", ""r1_bearing_left"", ""r2_bearing_right"", ""r1_fasten_first_stand"", ""r1_insert_rod_and_fit_second"", ""r1_fasten_second_stand"", ""r2_bearing_left""], ""head_rotation_deg"": null, ""head_translation_m"": null, ""left_hand_translation_m"": null, ""removed_tool_ids"": [14, 15, 18, 19, 20, 21, 26, 27, 28], ""right_hand_translation_m"": null, ""selected_step"": ""r2_fasten_first_stand"", ""step_attempt"": 8, ""step_elapsed_s"": 19.84270824305713, ""step_event_index"": 11, ""total_hand_translation_m"": null, ""trial_finished_elapsed_s"": null, ""trial_recording"": true, ""trial_required_tool_ids"": [7, 35, 37]}"
2026-09-04T11:31:10.690-04:00,mann,language,vlm_request_submitted,speech,r2_fasten_first_stand,Row 2.4: fasten right stand,ready,8,12,,,,19.877667,,,,,,,,,,,,,,,,row2 right screw,,,speech_proxy,,"{""acquired_tool_ids"": [7], ""acquisition_complete"": false, ""completed_steps"": [""r1_gear_rod"", ""r2_gear_rod"", ""r1_bearing_right"", ""r1_bearing_left"", ""r2_bearing_right"", ""r1_fasten_first_stand"", ""r1_insert_rod_and_fit_second"", ""r1_fasten_second_stand"", ""r2_bearing_left""], ""head_rotation_deg"": null, ""head_translation_m"": null, ""left_hand_translation_m"": null, ""removed_tool_ids"": [14, 15, 18, 19, 20, 21, 26, 27, 28], ""right_hand_translation_m"": null, ""selected_step"": ""r2_fasten_first_stand"", ""step_attempt"": 8, ""step_elapsed_s"": 19.877685680054128, ""step_event_index"": 12, ""total_hand_translation_m"": null, ""trial_finished_elapsed_s"": null, ""trial_recording"": true, ""trial_required_tool_ids"": [7, 35, 37]}"
2026-09-04T11:31:14.056-04:00,mann,language,vlm_inference_completed,lifecycle,r2_fasten_first_stand,Row 2.4: fasten right stand,ready,8,13,,,,23.242905,,,,,,,,,,,,,,,,row2 right screw,,,SCREW_ROW2,,"{""acquired_tool_ids"": [7], ""acquisition_complete"": false, ""completed_steps"": [""r1_gear_rod"", ""r2_gear_rod"", ""r1_bearing_right"", ""r1_bearing_left"", ""r2_bearing_right"", ""r1_fasten_first_stand"", ""r1_insert_rod_and_fit_second"", ""r1_fasten_second_stand"", ""r2_bearing_left""], ""head_rotation_deg"": null, ""head_translation_m"": null, ""left_hand_translation_m"": null, ""removed_tool_ids"": [14, 15, 18, 19, 20, 21, 26, 27, 28], ""right_hand_translation_m"": null, ""selected_step"": ""r2_fasten_first_stand"", ""step_attempt"": 8, ""step_elapsed_s"": 23.2429149140371, ""step_event_index"": 13, ""total_hand_translation_m"": null, ""trial_finished_elapsed_s"": null, ""trial_recording"": true, ""trial_required_tool_ids"": [7, 35, 37]}"
2026-09-04T11:31:14.089-04:00,mann,language,vlm_interaction,language,r2_fasten_first_stand,Row 2.4: fasten right stand,ready,8,14,,,,,,,,,,,,,,,,,,,,row2 right screw,SCREW_ROW2,"{""intent"":""part_reference"",""part_action"":""reference"",""reference_relation"":""direct"",""step_scope"":"""",""target"":""SCREW_ROW2_RIGHT"",""candidates"":[],""exclude_labels"":[]}",language_grounded,I identified and highlighted the Row 2 mounting screw.,"{""acquired_tool_ids"": [7], ""acquisition_complete"": false, ""completed_steps"": [""r1_gear_rod"", ""r2_gear_rod"", ""r1_bearing_right"", ""r1_bearing_left"", ""r2_bearing_right"", ""r1_fasten_first_stand"", ""r1_insert_rod_and_fit_second"", ""r1_fasten_second_stand"", ""r2_bearing_left""], ""head_rotation_deg"": null, ""head_translation_m"": null, ""left_hand_translation_m"": null, ""removed_tool_ids"": [14, 15, 18, 19, 20, 21, 26, 27, 28], ""right_hand_translation_m"": null, ""selected_step"": ""r2_fasten_first_stand"", ""step_attempt"": 8, ""step_elapsed_s"": 23.276884730090387, ""step_event_index"": 14, ""total_hand_translation_m"": null, ""trial_finished_elapsed_s"": null, ""trial_recording"": true, ""trial_required_tool_ids"": [7, 35, 37]}"
2026-09-04T11:31:14.146-04:00,mann,language,part_selection,language,r2_fasten_first_stand,Row 2.4: fasten right stand,ready,8,15,35,SCREWS,14.531347,23.332949,,,,,,,,,,,,,,,1,,,,,,"{""acquired_tool_ids"": [7, 35], ""acquisition_complete"": false, ""completed_steps"": [""r1_gear_rod"", ""r2_gear_rod"", ""r1_bearing_right"", ""r1_bearing_left"", ""r2_bearing_right"", ""r1_fasten_first_stand"", ""r1_insert_rod_and_fit_second"", ""r1_fasten_second_stand"", ""r2_bearing_left""], ""head_rotation_deg"": null, ""head_translation_m"": null, ""left_hand_translation_m"": null, ""removed_tool_ids"": [14, 15, 18, 19, 20, 21, 26, 27, 28], ""right_hand_translation_m"": null, ""selected_step"": ""r2_fasten_first_stand"", ""step_attempt"": 8, ""step_elapsed_s"": 23.33301412698347, ""step_event_index"": 15, ""total_hand_translation_m"": null, ""trial_finished_elapsed_s"": null, ""trial_recording"": true, ""trial_required_tool_ids"": [7, 35, 37]}"
2026-09-04T11:31:14.162-04:00,mann,language,object_acquired,language,r2_fasten_first_stand,Row 2.4: fasten right stand,ready,8,16,35,SCREWS,14.531347,23.332949,,,,,,,,,,,,,,,1,,,,,,"{""acquired_tool_ids"": [7, 35], ""acquisition_complete"": false, ""completed_steps"": [""r1_gear_rod"", ""r2_gear_rod"", ""r1_bearing_right"", ""r1_bearing_left"", ""r2_bearing_right"", ""r1_fasten_first_stand"", ""r1_insert_rod_and_fit_second"", ""r1_fasten_second_stand"", ""r2_bearing_left""], ""head_rotation_deg"": null, ""head_translation_m"": null, ""left_hand_translation_m"": null, ""removed_tool_ids"": [14, 15, 18, 19, 20, 21, 26, 27, 28], ""right_hand_translation_m"": null, ""selected_step"": ""r2_fasten_first_stand"", ""step_attempt"": 8, ""step_elapsed_s"": 23.349087021080777, ""step_event_index"": 16, ""total_hand_translation_m"": null, ""trial_finished_elapsed_s"": null, ""trial_recording"": true, ""trial_required_tool_ids"": [7, 35, 37]}"
2026-09-04T11:31:14.183-04:00,mann,language,tts_queued,lifecycle,r2_fasten_first_stand,Row 2.4: fasten right stand,ready,8,17,,,,23.369911,,,,,,,,,,,,,,,,1 part left.,,,replace,,"{""acquired_tool_ids"": [7, 35], ""acquisition_complete"": false, ""completed_steps"": [""r1_gear_rod"", ""r2_gear_rod"", ""r1_bearing_right"", ""r1_bearing_left"", ""r2_bearing_right"", ""r1_fasten_first_stand"", ""r1_insert_rod_and_fit_second"", ""r1_fasten_second_stand"", ""r2_bearing_left""], ""head_rotation_deg"": null, ""head_translation_m"": null, ""left_hand_translation_m"": null, ""removed_tool_ids"": [14, 15, 18, 19, 20, 21, 26, 27, 28], ""right_hand_translation_m"": null, ""selected_step"": ""r2_fasten_first_stand"", ""step_attempt"": 8, ""step_elapsed_s"": 23.36991984001361, ""step_event_index"": 17, ""total_hand_translation_m"": null, ""trial_finished_elapsed_s"": null, ""trial_recording"": true, ""trial_required_tool_ids"": [7, 35, 37]}"
2026-09-04T11:31:14.205-04:00,mann,language,tts_started,lifecycle,r2_fasten_first_stand,Row 2.4: fasten right stand,ready,8,18,,,,23.391917,,,,,,,,,,,,,,,,1 part left.,,,,,"{""acquired_tool_ids"": [7, 35], ""acquisition_complete"": false, ""completed_steps"": [""r1_gear_rod"", ""r2_gear_rod"", ""r1_bearing_right"", ""r1_bearing_left"", ""r2_bearing_right"", ""r1_fasten_first_stand"", ""r1_insert_rod_and_fit_second"", ""r1_fasten_second_stand"", ""r2_bearing_left""], ""head_rotation_deg"": null, ""head_translation_m"": null, ""left_hand_translation_m"": null, ""removed_tool_ids"": [14, 15, 18, 19, 20, 21, 26, 27, 28], ""right_hand_translation_m"": null, ""selected_step"": ""r2_fasten_first_stand"", ""step_attempt"": 8, ""step_elapsed_s"": 23.391930200043134, ""step_event_index"": 18, ""total_hand_translation_m"": null, ""trial_finished_elapsed_s"": null, ""trial_recording"": true, ""trial_required_tool_ids"": [7, 35, 37]}"
2026-09-04T11:31:15.756-04:00,mann,language,tts_finished,lifecycle,r2_fasten_first_stand,Row 2.4: fasten right stand,ready,8,19,,,,24.943635,,,,,,,,,,,,,,,,1 part left.,,,,,"{""acquired_tool_ids"": [7, 35], ""acquisition_complete"": false, ""completed_steps"": [""r1_gear_rod"", ""r2_gear_rod"", ""r1_bearing_right"", ""r1_bearing_left"", ""r2_bearing_right"", ""r1_fasten_first_stand"", ""r1_insert_rod_and_fit_second"", ""r1_fasten_second_stand"", ""r2_bearing_left""], ""head_rotation_deg"": null, ""head_translation_m"": null, ""left_hand_translation_m"": null, ""removed_tool_ids"": [14, 15, 18, 19, 20, 21, 26, 27, 28], ""right_hand_translation_m"": null, ""selected_step"": ""r2_fasten_first_stand"", ""step_attempt"": 8, ""step_elapsed_s"": 24.943646431085654, ""step_event_index"": 19, ""total_hand_translation_m"": null, ""trial_finished_elapsed_s"": null, ""trial_recording"": true, ""trial_required_tool_ids"": [7, 35, 37]}"
2026-09-04T11:31:23.044-04:00,mann,language,participant_speech_submitted,speech,r2_fasten_first_stand,Row 2.4: fasten right stand,ready,8,20,,,,32.231381,,,,,,,,,,,,,,,,bit holder2,,,speech_proxy,,"{""acquired_tool_ids"": [7, 35], ""acquisition_complete"": false, ""completed_steps"": [""r1_gear_rod"", ""r2_gear_rod"", ""r1_bearing_right"", ""r1_bearing_left"", ""r2_bearing_right"", ""r1_fasten_first_stand"", ""r1_insert_rod_and_fit_second"", ""r1_fasten_second_stand"", ""r2_bearing_left""], ""head_rotation_deg"": null, ""head_translation_m"": null, ""left_hand_translation_m"": null, ""removed_tool_ids"": [14, 15, 18, 19, 20, 21, 26, 27, 28], ""right_hand_translation_m"": null, ""selected_step"": ""r2_fasten_first_stand"", ""step_attempt"": 8, ""step_elapsed_s"": 32.23139351606369, ""step_event_index"": 20, ""total_hand_translation_m"": null, ""trial_finished_elapsed_s"": null, ""trial_recording"": true, ""trial_required_tool_ids"": [7, 35, 37]}"
2026-09-04T11:31:23.104-04:00,mann,language,vlm_request_submitted,speech,r2_fasten_first_stand,Row 2.4: fasten right stand,ready,8,21,,,,32.291236,,,,,,,,,,,,,,,,bit holder2,,,speech_proxy,,"{""acquired_tool_ids"": [7, 35], ""acquisition_complete"": false, ""completed_steps"": [""r1_gear_rod"", ""r2_gear_rod"", ""r1_bearing_right"", ""r1_bearing_left"", ""r2_bearing_right"", ""r1_fasten_first_stand"", ""r1_insert_rod_and_fit_second"", ""r1_fasten_second_stand"", ""r2_bearing_left""], ""head_rotation_deg"": null, ""head_translation_m"": null, ""left_hand_translation_m"": null, ""removed_tool_ids"": [14, 15, 18, 19, 20, 21, 26, 27, 28], ""right_hand_translation_m"": null, ""selected_step"": ""r2_fasten_first_stand"", ""step_attempt"": 8, ""step_elapsed_s"": 32.29124769708142, ""step_event_index"": 21, ""total_hand_translation_m"": null, ""trial_finished_elapsed_s"": null, ""trial_recording"": true, ""trial_required_tool_ids"": [7, 35, 37]}"
2026-09-04T11:31:26.525-04:00,mann,language,vlm_inference_completed,lifecycle,r2_fasten_first_stand,Row 2.4: fasten right stand,ready,8,22,,,,35.712569,,,,,,,,,,,,,,,,bit holder2,,,BIT_HOLDER2,,"{""acquired_tool_ids"": [7, 35], ""acquisition_complete"": false, ""completed_steps"": [""r1_gear_rod"", ""r2_gear_rod"", ""r1_bearing_right"", ""r1_bearing_left"", ""r2_bearing_right"", ""r1_fasten_first_stand"", ""r1_insert_rod_and_fit_second"", ""r1_fasten_second_stand"", ""r2_bearing_left""], ""head_rotation_deg"": null, ""head_translation_m"": null, ""left_hand_translation_m"": null, ""removed_tool_ids"": [14, 15, 18, 19, 20, 21, 26, 27, 28], ""right_hand_translation_m"": null, ""selected_step"": ""r2_fasten_first_stand"", ""step_attempt"": 8, ""step_elapsed_s"": 35.71257965906989, ""step_event_index"": 22, ""total_hand_translation_m"": null, ""trial_finished_elapsed_s"": null, ""trial_recording"": true, ""trial_required_tool_ids"": [7, 35, 37]}"
2026-09-04T11:31:26.660-04:00,mann,language,vlm_interaction,language,r2_fasten_first_stand,Row 2.4: fasten right stand,ready,8,23,,,,,,,,,,,,,,,,,,,,bit holder2,BIT_HOLDER2,"{""intent"":""part_reference"",""part_action"":""reference"",""reference_relation"":""direct"",""step_scope"":"""",""target"":""BIT_HOLDER2"",""candidates"":[],""exclude_labels"":[]}",language_grounded,"I identified and highlighted the Bit Holder 2, containing the T25 Torx bit.","{""acquired_tool_ids"": [7, 35], ""acquisition_complete"": false, ""completed_steps"": [""r1_gear_rod"", ""r2_gear_rod"", ""r1_bearing_right"", ""r1_bearing_left"", ""r2_bearing_right"", ""r1_fasten_first_stand"", ""r1_insert_rod_and_fit_second"", ""r1_fasten_second_stand"", ""r2_bearing_left""], ""head_rotation_deg"": null, ""head_translation_m"": null, ""left_hand_translation_m"": null, ""removed_tool_ids"": [14, 15, 18, 19, 20, 21, 26, 27, 28], ""right_hand_translation_m"": null, ""selected_step"": ""r2_fasten_first_stand"", ""step_attempt"": 8, ""step_elapsed_s"": 35.84722303308081, ""step_event_index"": 23, ""total_hand_translation_m"": null, ""trial_finished_elapsed_s"": null, ""trial_recording"": true, ""trial_required_tool_ids"": [7, 35, 37]}"
2026-09-04T11:31:26.732-04:00,mann,language,part_selection,language,r2_fasten_first_stand,Row 2.4: fasten right stand,ready,8,24,37,BITHOLDER2,12.586355,35.919304,,,,,,,,,,,,,,,1,,,,,,"{""acquired_tool_ids"": [7, 35, 37], ""acquisition_complete"": false, ""completed_steps"": [""r1_gear_rod"", ""r2_gear_rod"", ""r1_bearing_right"", ""r1_bearing_left"", ""r2_bearing_right"", ""r1_fasten_first_stand"", ""r1_insert_rod_and_fit_second"", ""r1_fasten_second_stand"", ""r2_bearing_left""], ""head_rotation_deg"": null, ""head_translation_m"": null, ""left_hand_translation_m"": null, ""removed_tool_ids"": [14, 15, 18, 19, 20, 21, 26, 27, 28], ""right_hand_translation_m"": null, ""selected_step"": ""r2_fasten_first_stand"", ""step_attempt"": 8, ""step_elapsed_s"": 35.91935480409302, ""step_event_index"": 24, ""total_hand_translation_m"": null, ""trial_finished_elapsed_s"": null, ""trial_recording"": true, ""trial_required_tool_ids"": [7, 35, 37]}"
2026-09-04T11:31:26.749-04:00,mann,language,object_acquired,language,r2_fasten_first_stand,Row 2.4: fasten right stand,ready,8,25,37,BITHOLDER2,12.586355,35.919304,,,,,,,,,,,,,,,1,,,,,,"{""acquired_tool_ids"": [7, 35, 37], ""acquisition_complete"": false, ""completed_steps"": [""r1_gear_rod"", ""r2_gear_rod"", ""r1_bearing_right"", ""r1_bearing_left"", ""r2_bearing_right"", ""r1_fasten_first_stand"", ""r1_insert_rod_and_fit_second"", ""r1_fasten_second_stand"", ""r2_bearing_left""], ""head_rotation_deg"": null, ""head_translation_m"": null, ""left_hand_translation_m"": null, ""removed_tool_ids"": [14, 15, 18, 19, 20, 21, 26, 27, 28], ""right_hand_translation_m"": null, ""selected_step"": ""r2_fasten_first_stand"", ""step_attempt"": 8, ""step_elapsed_s"": 35.93595789698884, ""step_event_index"": 25, ""total_hand_translation_m"": null, ""trial_finished_elapsed_s"": null, ""trial_recording"": true, ""trial_required_tool_ids"": [7, 35, 37]}"
2026-09-04T11:31:26.762-04:00,mann,language,step_acquisition_complete,language,r2_fasten_first_stand,Row 2.4: fasten right stand,ready,8,26,,,,35.948989,0.010110,2.333936,0.011631,0.011631,0.023262,0.000000,0.000000,0.000000,0.000000,0,0,0.000000,0.000000,0.000000,,,,,,,"{""acquired_tool_ids"": [7, 35, 37], ""acquisition_complete"": true, ""any_hover_time_s"": 0.0, ""completed_steps"": [""r1_gear_rod"", ""r2_gear_rod"", ""r1_bearing_right"", ""r1_bearing_left"", ""r2_bearing_right"", ""r1_fasten_first_stand"", ""r1_insert_rod_and_fit_second"", ""r1_fasten_second_stand"", ""r2_bearing_left""], ""head_rotation_deg"": 2.3339359262715718, ""head_translation_m"": 0.010109941093907877, ""hover_time_percent"": 0.0, ""left_hand_translation_m"": 0.011630781360551583, ""left_hover_episodes"": 0, ""left_hover_time_s"": 0.0, ""left_hover_translation_m"": 0.0, ""removed_tool_ids"": [14, 15, 18, 19, 20, 21, 26, 27, 28], ""right_hand_translation_m"": 0.011630778695151087, ""right_hover_episodes"": 0, ""right_hover_time_s"": 0.0, ""right_hover_translation_m"": 0.0, ""selected_step"": ""r2_fasten_first_stand"", ""step_attempt"": 8, ""step_elapsed_s"": 35.948988866992295, ""step_event_index"": 26, ""total_hand_translation_m"": 0.023261560055702672, ""total_hover_translation_m"": 0.0, ""trial_finished_elapsed_s"": 35.948988866992295, ""trial_recording"": false, ""trial_required_tool_ids"": [7, 35, 37]}"
2026-09-04T11:31:26.781-04:00,mann,language,graph_complete,,r2_fasten_first_stand,Row 2.4: fasten right stand,complete,8,27,,,,,,,,,,,,,,,,,,,,,,,,,"{""acquired_tool_ids"": [7, 35, 37], ""acquisition_complete"": true, ""any_hover_time_s"": 0.0, ""completed_steps"": [""r1_gear_rod"", ""r2_gear_rod"", ""r1_bearing_right"", ""r1_bearing_left"", ""r2_bearing_right"", ""r1_fasten_first_stand"", ""r1_insert_rod_and_fit_second"", ""r1_fasten_second_stand"", ""r2_bearing_left"", ""r2_fasten_first_stand"", ""r2_insert_rod_and_fit_second"", ""r2_fasten_second_stand""], ""head_rotation_deg"": 2.3339359262715718, ""head_translation_m"": 0.010109941093907877, ""hover_time_percent"": 0.0, ""left_hand_translation_m"": 0.011630781360551583, ""left_hover_episodes"": 0, ""left_hover_time_s"": 0.0, ""left_hover_translation_m"": 0.0, ""removed_tool_ids"": [14, 15, 18, 19, 20, 21, 26, 27, 28], ""right_hand_translation_m"": 0.011630778695151087, ""right_hover_episodes"": 0, ""right_hover_time_s"": 0.0, ""right_hover_translation_m"": 0.0, ""selected_step"": ""r2_fasten_first_stand"", ""step_attempt"": 8, ""step_elapsed_s"": 35.948988866992295, ""step_event_index"": 27, ""total_hand_translation_m"": 0.023261560055702672, ""total_hover_translation_m"": 0.0, ""trial_finished_elapsed_s"": 35.948988866992295, ""trial_recording"": false, ""trial_required_tool_ids"": [7, 35, 37]}"
