timestamp,participant_id,condition,event_type,modality,step_id,step_title,step_state,step_attempt,step_event_index,tool_id,tool_name,part_elapsed_s,step_elapsed_s,head_translation_m,head_rotation_deg,left_hand_translation_m,right_hand_translation_m,total_hand_translation_m,left_hover_time_s,right_hover_time_s,any_hover_time_s,hover_time_percent,left_hover_episodes,right_hover_episodes,left_hover_translation_m,right_hover_translation_m,total_hover_translation_m,correct,transcript,vlm_prediction,vlm_raw,graph_decision,spoken_response,state_json
2026-09-05T10:45:55.285-04:00,arunn,gesture,step_started,keyboard,r1_bearing_right,Row 1.1: bearing into right stand,ready,1,1,,,,,,,,,,,,,,,,,,,,,,,,,"{""acquired_tool_ids"": [], ""acquisition_complete"": false, ""completed_steps"": [], ""head_rotation_deg"": null, ""head_translation_m"": null, ""left_hand_translation_m"": null, ""removed_tool_ids"": [], ""right_hand_translation_m"": null, ""selected_step"": ""r1_bearing_right"", ""step_attempt"": 1, ""step_elapsed_s"": 4.0412996895611286e-05, ""step_event_index"": 1, ""total_hand_translation_m"": null, ""trial_finished_elapsed_s"": null, ""trial_recording"": true, ""trial_required_tool_ids"": [19, 34]}"
2026-09-05T10:45:55.348-04:00,arunn,gesture,tts_finished,lifecycle,r1_bearing_right,Row 1.1: bearing into right stand,ready,1,2,,,,0.063634,,,,,,,,,,,,,,,,Selected step: Row 1.1: bearing into right stand. Press Enter when you are ready.,,,,,"{""acquired_tool_ids"": [], ""acquisition_complete"": false, ""completed_steps"": [], ""head_rotation_deg"": null, ""head_translation_m"": null, ""left_hand_translation_m"": null, ""removed_tool_ids"": [], ""right_hand_translation_m"": null, ""selected_step"": ""r1_bearing_right"", ""step_attempt"": 1, ""step_elapsed_s"": 0.0636435670312494, ""step_event_index"": 2, ""total_hand_translation_m"": null, ""trial_finished_elapsed_s"": null, ""trial_recording"": true, ""trial_required_tool_ids"": [19, 34]}"
2026-09-05T10:45:55.947-04:00,arunn,gesture,hover,hover,r1_bearing_right,Row 1.1: bearing into right stand,ready,1,3,24,GEAR_STAND_ROW4_LEFT,,,,,,,,,,,,,,,,,,,,,,,"{""acquired_tool_ids"": [], ""acquisition_complete"": false, ""completed_steps"": [], ""head_rotation_deg"": null, ""head_translation_m"": null, ""left_hand_translation_m"": null, ""removed_tool_ids"": [], ""right_hand_translation_m"": null, ""selected_step"": ""r1_bearing_right"", ""step_attempt"": 1, ""step_elapsed_s"": 0.6621680919779465, ""step_event_index"": 3, ""total_hand_translation_m"": null, ""trial_finished_elapsed_s"": null, ""trial_recording"": true, ""trial_required_tool_ids"": [19, 34]}"
2026-09-05T10:45:55.971-04:00,arunn,gesture,tts_queued,lifecycle,r1_bearing_right,Row 1.1: bearing into right stand,ready,1,4,,,,0.686884,,,,,,,,,,,,,,,,Row 4 left stand,,,replace_hover,,"{""acquired_tool_ids"": [], ""acquisition_complete"": false, ""completed_steps"": [], ""head_rotation_deg"": null, ""head_translation_m"": null, ""left_hand_translation_m"": null, ""removed_tool_ids"": [], ""right_hand_translation_m"": null, ""selected_step"": ""r1_bearing_right"", ""step_attempt"": 1, ""step_elapsed_s"": 0.6868947420734912, ""step_event_index"": 4, ""total_hand_translation_m"": null, ""trial_finished_elapsed_s"": null, ""trial_recording"": true, ""trial_required_tool_ids"": [19, 34]}"
2026-09-05T10:45:56.106-04:00,arunn,gesture,tts_started,lifecycle,r1_bearing_right,Row 1.1: bearing into right stand,ready,1,5,,,,0.821815,,,,,,,,,,,,,,,,Row 4 left stand,,,,,"{""acquired_tool_ids"": [], ""acquisition_complete"": false, ""completed_steps"": [], ""head_rotation_deg"": null, ""head_translation_m"": null, ""left_hand_translation_m"": null, ""removed_tool_ids"": [], ""right_hand_translation_m"": null, ""selected_step"": ""r1_bearing_right"", ""step_attempt"": 1, ""step_elapsed_s"": 0.8218248559860513, ""step_event_index"": 5, ""total_hand_translation_m"": null, ""trial_finished_elapsed_s"": null, ""trial_recording"": true, ""trial_required_tool_ids"": [19, 34]}"
2026-09-05T10:45:58.037-04:00,arunn,gesture,tts_finished,lifecycle,r1_bearing_right,Row 1.1: bearing into right stand,ready,1,6,,,,2.752086,,,,,,,,,,,,,,,,Row 4 left stand,,,,,"{""acquired_tool_ids"": [], ""acquisition_complete"": false, ""completed_steps"": [], ""head_rotation_deg"": null, ""head_translation_m"": null, ""left_hand_translation_m"": null, ""removed_tool_ids"": [], ""right_hand_translation_m"": null, ""selected_step"": ""r1_bearing_right"", ""step_attempt"": 1, ""step_elapsed_s"": 2.7521007420727983, ""step_event_index"": 6, ""total_hand_translation_m"": null, ""trial_finished_elapsed_s"": null, ""trial_recording"": true, ""trial_required_tool_ids"": [19, 34]}"
2026-09-05T10:45:58.209-04:00,arunn,gesture,hover,hover,r1_bearing_right,Row 1.1: bearing into right stand,ready,1,7,25,GEAR_STAND_ROW4_RIGHT,,,,,,,,,,,,,,,,,,,,,,,"{""acquired_tool_ids"": [], ""acquisition_complete"": false, ""completed_steps"": [], ""head_rotation_deg"": null, ""head_translation_m"": null, ""left_hand_translation_m"": null, ""removed_tool_ids"": [], ""right_hand_translation_m"": null, ""selected_step"": ""r1_bearing_right"", ""step_attempt"": 1, ""step_elapsed_s"": 2.9247932750731707, ""step_event_index"": 7, ""total_hand_translation_m"": null, ""trial_finished_elapsed_s"": null, ""trial_recording"": true, ""trial_required_tool_ids"": [19, 34]}"
2026-09-05T10:45:58.255-04:00,arunn,gesture,tts_queued,lifecycle,r1_bearing_right,Row 1.1: bearing into right stand,ready,1,8,,,,2.970181,,,,,,,,,,,,,,,,Row 4 right stand,,,replace_hover,,"{""acquired_tool_ids"": [], ""acquisition_complete"": false, ""completed_steps"": [], ""head_rotation_deg"": null, ""head_translation_m"": null, ""left_hand_translation_m"": null, ""removed_tool_ids"": [], ""right_hand_translation_m"": null, ""selected_step"": ""r1_bearing_right"", ""step_attempt"": 1, ""step_elapsed_s"": 2.970191854983568, ""step_event_index"": 8, ""total_hand_translation_m"": null, ""trial_finished_elapsed_s"": null, ""trial_recording"": true, ""trial_required_tool_ids"": [19, 34]}"
2026-09-05T10:45:58.343-04:00,arunn,gesture,tts_started,lifecycle,r1_bearing_right,Row 1.1: bearing into right stand,ready,1,9,,,,3.058571,,,,,,,,,,,,,,,,Row 4 right stand,,,,,"{""acquired_tool_ids"": [], ""acquisition_complete"": false, ""completed_steps"": [], ""head_rotation_deg"": null, ""head_translation_m"": null, ""left_hand_translation_m"": null, ""removed_tool_ids"": [], ""right_hand_translation_m"": null, ""selected_step"": ""r1_bearing_right"", ""step_attempt"": 1, ""step_elapsed_s"": 3.058588868007064, ""step_event_index"": 9, ""total_hand_translation_m"": null, ""trial_finished_elapsed_s"": null, ""trial_recording"": true, ""trial_required_tool_ids"": [19, 34]}"
2026-09-05T10:45:58.790-04:00,arunn,gesture,hover,hover,r1_bearing_right,Row 1.1: bearing into right stand,ready,1,10,23,GEAR_STAND_ROW3_RIGHT,,,,,,,,,,,,,,,,,,,,,,,"{""acquired_tool_ids"": [], ""acquisition_complete"": false, ""completed_steps"": [], ""head_rotation_deg"": null, ""head_translation_m"": null, ""left_hand_translation_m"": null, ""removed_tool_ids"": [], ""right_hand_translation_m"": null, ""selected_step"": ""r1_bearing_right"", ""step_attempt"": 1, ""step_elapsed_s"": 3.5050517710624263, ""step_event_index"": 10, ""total_hand_translation_m"": null, ""trial_finished_elapsed_s"": null, ""trial_recording"": true, ""trial_required_tool_ids"": [19, 34]}"
2026-09-05T10:45:58.820-04:00,arunn,gesture,tts_queued,lifecycle,r1_bearing_right,Row 1.1: bearing into right stand,ready,1,11,,,,3.535301,,,,,,,,,,,,,,,,Row 3 right stand,,,replace_hover,,"{""acquired_tool_ids"": [], ""acquisition_complete"": false, ""completed_steps"": [], ""head_rotation_deg"": null, ""head_translation_m"": null, ""left_hand_translation_m"": null, ""removed_tool_ids"": [], ""right_hand_translation_m"": null, ""selected_step"": ""r1_bearing_right"", ""step_attempt"": 1, ""step_elapsed_s"": 3.535831048968248, ""step_event_index"": 11, ""total_hand_translation_m"": null, ""trial_finished_elapsed_s"": null, ""trial_recording"": true, ""trial_required_tool_ids"": [19, 34]}"
2026-09-05T10:45:58.921-04:00,arunn,gesture,tts_finished,lifecycle,r1_bearing_right,Row 1.1: bearing into right stand,ready,1,12,,,,3.636158,,,,,,,,,,,,,,,,Row 4 right stand,,,,,"{""acquired_tool_ids"": [], ""acquisition_complete"": false, ""completed_steps"": [], ""head_rotation_deg"": null, ""head_translation_m"": null, ""left_hand_translation_m"": null, ""removed_tool_ids"": [], ""right_hand_translation_m"": null, ""selected_step"": ""r1_bearing_right"", ""step_attempt"": 1, ""step_elapsed_s"": 3.6361728630727157, ""step_event_index"": 12, ""total_hand_translation_m"": null, ""trial_finished_elapsed_s"": null, ""trial_recording"": true, ""trial_required_tool_ids"": [19, 34]}"
2026-09-05T10:45:58.986-04:00,arunn,gesture,tts_started,lifecycle,r1_bearing_right,Row 1.1: bearing into right stand,ready,1,13,,,,3.701403,,,,,,,,,,,,,,,,Row 3 right stand,,,,,"{""acquired_tool_ids"": [], ""acquisition_complete"": false, ""completed_steps"": [], ""head_rotation_deg"": null, ""head_translation_m"": null, ""left_hand_translation_m"": null, ""removed_tool_ids"": [], ""right_hand_translation_m"": null, ""selected_step"": ""r1_bearing_right"", ""step_attempt"": 1, ""step_elapsed_s"": 3.70141521806363, ""step_event_index"": 13, ""total_hand_translation_m"": null, ""trial_finished_elapsed_s"": null, ""trial_recording"": true, ""trial_required_tool_ids"": [19, 34]}"
2026-09-05T10:45:59.114-04:00,arunn,gesture,hover,hover,r1_bearing_right,Row 1.1: bearing into right stand,ready,1,14,21,GEAR_STAND_ROW2_RIGHT,,,,,,,,,,,,,,,,,,,,,,,"{""acquired_tool_ids"": [], ""acquisition_complete"": false, ""completed_steps"": [], ""head_rotation_deg"": null, ""head_translation_m"": null, ""left_hand_translation_m"": null, ""removed_tool_ids"": [], ""right_hand_translation_m"": null, ""selected_step"": ""r1_bearing_right"", ""step_attempt"": 1, ""step_elapsed_s"": 3.8298196310643107, ""step_event_index"": 14, ""total_hand_translation_m"": null, ""trial_finished_elapsed_s"": null, ""trial_recording"": true, ""trial_required_tool_ids"": [19, 34]}"
2026-09-05T10:45:59.166-04:00,arunn,gesture,tts_queued,lifecycle,r1_bearing_right,Row 1.1: bearing into right stand,ready,1,15,,,,3.881900,,,,,,,,,,,,,,,,Row 2 right stand,,,replace_hover,,"{""acquired_tool_ids"": [], ""acquisition_complete"": false, ""completed_steps"": [], ""head_rotation_deg"": null, ""head_translation_m"": null, ""left_hand_translation_m"": null, ""removed_tool_ids"": [], ""right_hand_translation_m"": null, ""selected_step"": ""r1_bearing_right"", ""step_attempt"": 1, ""step_elapsed_s"": 3.8819100770633668, ""step_event_index"": 15, ""total_hand_translation_m"": null, ""trial_finished_elapsed_s"": null, ""trial_recording"": true, ""trial_required_tool_ids"": [19, 34]}"
2026-09-05T10:45:59.246-04:00,arunn,gesture,hover,hover,r1_bearing_right,Row 1.1: bearing into right stand,ready,1,16,18,GEAR_STAND_ROW1_LEFT,,,,,,,,,,,,,,,,,,,,,,,"{""acquired_tool_ids"": [], ""acquisition_complete"": false, ""completed_steps"": [], ""head_rotation_deg"": null, ""head_translation_m"": null, ""left_hand_translation_m"": null, ""removed_tool_ids"": [], ""right_hand_translation_m"": null, ""selected_step"": ""r1_bearing_right"", ""step_attempt"": 1, ""step_elapsed_s"": 3.961757124052383, ""step_event_index"": 16, ""total_hand_translation_m"": null, ""trial_finished_elapsed_s"": null, ""trial_recording"": true, ""trial_required_tool_ids"": [19, 34]}"
2026-09-05T10:45:59.307-04:00,arunn,gesture,tts_queued,lifecycle,r1_bearing_right,Row 1.1: bearing into right stand,ready,1,17,,,,4.022940,,,,,,,,,,,,,,,,Row 1 left stand,,,replace_hover,,"{""acquired_tool_ids"": [], ""acquisition_complete"": false, ""completed_steps"": [], ""head_rotation_deg"": null, ""head_translation_m"": null, ""left_hand_translation_m"": null, ""removed_tool_ids"": [], ""right_hand_translation_m"": null, ""selected_step"": ""r1_bearing_right"", ""step_attempt"": 1, ""step_elapsed_s"": 4.022951515042223, ""step_event_index"": 17, ""total_hand_translation_m"": null, ""trial_finished_elapsed_s"": null, ""trial_recording"": true, ""trial_required_tool_ids"": [19, 34]}"
2026-09-05T10:45:59.462-04:00,arunn,gesture,tts_finished,lifecycle,r1_bearing_right,Row 1.1: bearing into right stand,ready,1,18,,,,4.177240,,,,,,,,,,,,,,,,Row 3 right stand,,,,,"{""acquired_tool_ids"": [], ""acquisition_complete"": false, ""completed_steps"": [], ""head_rotation_deg"": null, ""head_translation_m"": null, ""left_hand_translation_m"": null, ""removed_tool_ids"": [], ""right_hand_translation_m"": null, ""selected_step"": ""r1_bearing_right"", ""step_attempt"": 1, ""step_elapsed_s"": 4.1772502440726385, ""step_event_index"": 18, ""total_hand_translation_m"": null, ""trial_finished_elapsed_s"": null, ""trial_recording"": true, ""trial_required_tool_ids"": [19, 34]}"
2026-09-05T10:45:59.538-04:00,arunn,gesture,tts_started,lifecycle,r1_bearing_right,Row 1.1: bearing into right stand,ready,1,19,,,,4.253652,,,,,,,,,,,,,,,,Row 2 right stand,,,,,"{""acquired_tool_ids"": [], ""acquisition_complete"": false, ""completed_steps"": [], ""head_rotation_deg"": null, ""head_translation_m"": null, ""left_hand_translation_m"": null, ""removed_tool_ids"": [], ""right_hand_translation_m"": null, ""selected_step"": ""r1_bearing_right"", ""step_attempt"": 1, ""step_elapsed_s"": 4.253667348064482, ""step_event_index"": 19, ""total_hand_translation_m"": null, ""trial_finished_elapsed_s"": null, ""trial_recording"": true, ""trial_required_tool_ids"": [19, 34]}"
2026-09-05T10:45:59.570-04:00,arunn,gesture,tts_finished,lifecycle,r1_bearing_right,Row 1.1: bearing into right stand,ready,1,20,,,,4.285383,,,,,,,,,,,,,,,,Row 2 right stand,,,,,"{""acquired_tool_ids"": [], ""acquisition_complete"": false, ""completed_steps"": [], ""head_rotation_deg"": null, ""head_translation_m"": null, ""left_hand_translation_m"": null, ""removed_tool_ids"": [], ""right_hand_translation_m"": null, ""selected_step"": ""r1_bearing_right"", ""step_attempt"": 1, ""step_elapsed_s"": 4.285392659017816, ""step_event_index"": 20, ""total_hand_translation_m"": null, ""trial_finished_elapsed_s"": null, ""trial_recording"": true, ""trial_required_tool_ids"": [19, 34]}"
2026-09-05T10:45:59.594-04:00,arunn,gesture,tts_started,lifecycle,r1_bearing_right,Row 1.1: bearing into right stand,ready,1,21,,,,4.309292,,,,,,,,,,,,,,,,Row 1 left stand,,,,,"{""acquired_tool_ids"": [], ""acquisition_complete"": false, ""completed_steps"": [], ""head_rotation_deg"": null, ""head_translation_m"": null, ""left_hand_translation_m"": null, ""removed_tool_ids"": [], ""right_hand_translation_m"": null, ""selected_step"": ""r1_bearing_right"", ""step_attempt"": 1, ""step_elapsed_s"": 4.3093026709975675, ""step_event_index"": 21, ""total_hand_translation_m"": null, ""trial_finished_elapsed_s"": null, ""trial_recording"": true, ""trial_required_tool_ids"": [19, 34]}"
2026-09-05T10:46:00.226-04:00,arunn,gesture,hover,hover,r1_bearing_right,Row 1.1: bearing into right stand,ready,1,22,6,THREAD_CHECKER,,,,,,,,,,,,,,,,,,,,,,,"{""acquired_tool_ids"": [], ""acquisition_complete"": false, ""completed_steps"": [], ""head_rotation_deg"": null, ""head_translation_m"": null, ""left_hand_translation_m"": null, ""removed_tool_ids"": [], ""right_hand_translation_m"": null, ""selected_step"": ""r1_bearing_right"", ""step_attempt"": 1, ""step_elapsed_s"": 4.941828766022809, ""step_event_index"": 22, ""total_hand_translation_m"": null, ""trial_finished_elapsed_s"": null, ""trial_recording"": true, ""trial_required_tool_ids"": [19, 34]}"
2026-09-05T10:46:00.331-04:00,arunn,gesture,tts_queued,lifecycle,r1_bearing_right,Row 1.1: bearing into right stand,ready,1,23,,,,5.046734,,,,,,,,,,,,,,,,part,,,replace_hover,,"{""acquired_tool_ids"": [], ""acquisition_complete"": false, ""completed_steps"": [], ""head_rotation_deg"": null, ""head_translation_m"": null, ""left_hand_translation_m"": null, ""removed_tool_ids"": [], ""right_hand_translation_m"": null, ""selected_step"": ""r1_bearing_right"", ""step_attempt"": 1, ""step_elapsed_s"": 5.046745719038881, ""step_event_index"": 23, ""total_hand_translation_m"": null, ""trial_finished_elapsed_s"": null, ""trial_recording"": true, ""trial_required_tool_ids"": [19, 34]}"
2026-09-05T10:46:00.424-04:00,arunn,gesture,tts_finished,lifecycle,r1_bearing_right,Row 1.1: bearing into right stand,ready,1,24,,,,5.139300,,,,,,,,,,,,,,,,Row 1 left stand,,,,,"{""acquired_tool_ids"": [], ""acquisition_complete"": false, ""completed_steps"": [], ""head_rotation_deg"": null, ""head_translation_m"": null, ""left_hand_translation_m"": null, ""removed_tool_ids"": [], ""right_hand_translation_m"": null, ""selected_step"": ""r1_bearing_right"", ""step_attempt"": 1, ""step_elapsed_s"": 5.139311920967884, ""step_event_index"": 24, ""total_hand_translation_m"": null, ""trial_finished_elapsed_s"": null, ""trial_recording"": true, ""trial_required_tool_ids"": [19, 34]}"
2026-09-05T10:46:00.458-04:00,arunn,gesture,tts_started,lifecycle,r1_bearing_right,Row 1.1: bearing into right stand,ready,1,25,,,,5.173831,,,,,,,,,,,,,,,,part,,,,,"{""acquired_tool_ids"": [], ""acquisition_complete"": false, ""completed_steps"": [], ""head_rotation_deg"": null, ""head_translation_m"": null, ""left_hand_translation_m"": null, ""removed_tool_ids"": [], ""right_hand_translation_m"": null, ""selected_step"": ""r1_bearing_right"", ""step_attempt"": 1, ""step_elapsed_s"": 5.1738403210183606, ""step_event_index"": 25, ""total_hand_translation_m"": null, ""trial_finished_elapsed_s"": null, ""trial_recording"": true, ""trial_required_tool_ids"": [19, 34]}"
2026-09-05T10:46:00.967-04:00,arunn,gesture,tts_finished,lifecycle,r1_bearing_right,Row 1.1: bearing into right stand,ready,1,26,,,,5.682332,,,,,,,,,,,,,,,,part,,,,,"{""acquired_tool_ids"": [], ""acquisition_complete"": false, ""completed_steps"": [], ""head_rotation_deg"": null, ""head_translation_m"": null, ""left_hand_translation_m"": null, ""removed_tool_ids"": [], ""right_hand_translation_m"": null, ""selected_step"": ""r1_bearing_right"", ""step_attempt"": 1, ""step_elapsed_s"": 5.682340844068676, ""step_event_index"": 26, ""total_hand_translation_m"": null, ""trial_finished_elapsed_s"": null, ""trial_recording"": true, ""trial_required_tool_ids"": [19, 34]}"
2026-09-05T10:46:01.074-04:00,arunn,gesture,hover,hover,r1_bearing_right,Row 1.1: bearing into right stand,ready,1,27,18,GEAR_STAND_ROW1_LEFT,,,,,,,,,,,,,,,,,,,,,,,"{""acquired_tool_ids"": [], ""acquisition_complete"": false, ""completed_steps"": [], ""head_rotation_deg"": null, ""head_translation_m"": null, ""left_hand_translation_m"": null, ""removed_tool_ids"": [], ""right_hand_translation_m"": null, ""selected_step"": ""r1_bearing_right"", ""step_attempt"": 1, ""step_elapsed_s"": 5.789622477022931, ""step_event_index"": 27, ""total_hand_translation_m"": null, ""trial_finished_elapsed_s"": null, ""trial_recording"": true, ""trial_required_tool_ids"": [19, 34]}"
2026-09-05T10:46:01.117-04:00,arunn,gesture,tts_queued,lifecycle,r1_bearing_right,Row 1.1: bearing into right stand,ready,1,28,,,,5.832790,,,,,,,,,,,,,,,,Row 1 left stand,,,replace_hover,,"{""acquired_tool_ids"": [], ""acquisition_complete"": false, ""completed_steps"": [], ""head_rotation_deg"": null, ""head_translation_m"": null, ""left_hand_translation_m"": null, ""removed_tool_ids"": [], ""right_hand_translation_m"": null, ""selected_step"": ""r1_bearing_right"", ""step_attempt"": 1, ""step_elapsed_s"": 5.832799389027059, ""step_event_index"": 28, ""total_hand_translation_m"": null, ""trial_finished_elapsed_s"": null, ""trial_recording"": true, ""trial_required_tool_ids"": [19, 34]}"
2026-09-05T10:46:01.182-04:00,arunn,gesture,hover,hover,r1_bearing_right,Row 1.1: bearing into right stand,ready,1,29,21,GEAR_STAND_ROW2_RIGHT,,,,,,,,,,,,,,,,,,,,,,,"{""acquired_tool_ids"": [], ""acquisition_complete"": false, ""completed_steps"": [], ""head_rotation_deg"": null, ""head_translation_m"": null, ""left_hand_translation_m"": null, ""removed_tool_ids"": [], ""right_hand_translation_m"": null, ""selected_step"": ""r1_bearing_right"", ""step_attempt"": 1, ""step_elapsed_s"": 5.897604380035773, ""step_event_index"": 29, ""total_hand_translation_m"": null, ""trial_finished_elapsed_s"": null, ""trial_recording"": true, ""trial_required_tool_ids"": [19, 34]}"
2026-09-05T10:46:01.198-04:00,arunn,gesture,tts_queued,lifecycle,r1_bearing_right,Row 1.1: bearing into right stand,ready,1,30,,,,5.913819,,,,,,,,,,,,,,,,Row 2 right stand,,,replace_hover,,"{""acquired_tool_ids"": [], ""acquisition_complete"": false, ""completed_steps"": [], ""head_rotation_deg"": null, ""head_translation_m"": null, ""left_hand_translation_m"": null, ""removed_tool_ids"": [], ""right_hand_translation_m"": null, ""selected_step"": ""r1_bearing_right"", ""step_attempt"": 1, ""step_elapsed_s"": 5.9138326740358025, ""step_event_index"": 30, ""total_hand_translation_m"": null, ""trial_finished_elapsed_s"": null, ""trial_recording"": true, ""trial_required_tool_ids"": [19, 34]}"
2026-09-05T10:46:01.261-04:00,arunn,gesture,hover,hover,r1_bearing_right,Row 1.1: bearing into right stand,ready,1,31,23,GEAR_STAND_ROW3_RIGHT,,,,,,,,,,,,,,,,,,,,,,,"{""acquired_tool_ids"": [], ""acquisition_complete"": false, ""completed_steps"": [], ""head_rotation_deg"": null, ""head_translation_m"": null, ""left_hand_translation_m"": null, ""removed_tool_ids"": [], ""right_hand_translation_m"": null, ""selected_step"": ""r1_bearing_right"", ""step_attempt"": 1, ""step_elapsed_s"": 5.9761038650758564, ""step_event_index"": 31, ""total_hand_translation_m"": null, ""trial_finished_elapsed_s"": null, ""trial_recording"": true, ""trial_required_tool_ids"": [19, 34]}"
2026-09-05T10:46:01.300-04:00,arunn,gesture,tts_queued,lifecycle,r1_bearing_right,Row 1.1: bearing into right stand,ready,1,32,,,,6.015305,,,,,,,,,,,,,,,,Row 3 right stand,,,replace_hover,,"{""acquired_tool_ids"": [], ""acquisition_complete"": false, ""completed_steps"": [], ""head_rotation_deg"": null, ""head_translation_m"": null, ""left_hand_translation_m"": null, ""removed_tool_ids"": [], ""right_hand_translation_m"": null, ""selected_step"": ""r1_bearing_right"", ""step_attempt"": 1, ""step_elapsed_s"": 6.015320310019888, ""step_event_index"": 32, ""total_hand_translation_m"": null, ""trial_finished_elapsed_s"": null, ""trial_recording"": true, ""trial_required_tool_ids"": [19, 34]}"
2026-09-05T10:46:01.354-04:00,arunn,gesture,tts_started,lifecycle,r1_bearing_right,Row 1.1: bearing into right stand,ready,1,33,,,,6.069190,,,,,,,,,,,,,,,,Row 1 left stand,,,,,"{""acquired_tool_ids"": [], ""acquisition_complete"": false, ""completed_steps"": [], ""head_rotation_deg"": null, ""head_translation_m"": null, ""left_hand_translation_m"": null, ""removed_tool_ids"": [], ""right_hand_translation_m"": null, ""selected_step"": ""r1_bearing_right"", ""step_attempt"": 1, ""step_elapsed_s"": 6.069202534970827, ""step_event_index"": 33, ""total_hand_translation_m"": null, ""trial_finished_elapsed_s"": null, ""trial_recording"": true, ""trial_required_tool_ids"": [19, 34]}"
2026-09-05T10:46:01.393-04:00,arunn,gesture,tts_finished,lifecycle,r1_bearing_right,Row 1.1: bearing into right stand,ready,1,34,,,,6.108832,,,,,,,,,,,,,,,,Row 1 left stand,,,,,"{""acquired_tool_ids"": [], ""acquisition_complete"": false, ""completed_steps"": [], ""head_rotation_deg"": null, ""head_translation_m"": null, ""left_hand_translation_m"": null, ""removed_tool_ids"": [], ""right_hand_translation_m"": null, ""selected_step"": ""r1_bearing_right"", ""step_attempt"": 1, ""step_elapsed_s"": 6.108841811073944, ""step_event_index"": 34, ""total_hand_translation_m"": null, ""trial_finished_elapsed_s"": null, ""trial_recording"": true, ""trial_required_tool_ids"": [19, 34]}"
2026-09-05T10:46:01.412-04:00,arunn,gesture,tts_started,lifecycle,r1_bearing_right,Row 1.1: bearing into right stand,ready,1,35,,,,6.127883,,,,,,,,,,,,,,,,Row 2 right stand,,,,,"{""acquired_tool_ids"": [], ""acquisition_complete"": false, ""completed_steps"": [], ""head_rotation_deg"": null, ""head_translation_m"": null, ""left_hand_translation_m"": null, ""removed_tool_ids"": [], ""right_hand_translation_m"": null, ""selected_step"": ""r1_bearing_right"", ""step_attempt"": 1, ""step_elapsed_s"": 6.127903470071033, ""step_event_index"": 35, ""total_hand_translation_m"": null, ""trial_finished_elapsed_s"": null, ""trial_recording"": true, ""trial_required_tool_ids"": [19, 34]}"
2026-09-05T10:46:01.430-04:00,arunn,gesture,tts_finished,lifecycle,r1_bearing_right,Row 1.1: bearing into right stand,ready,1,36,,,,6.143992,,,,,,,,,,,,,,,,Row 2 right stand,,,,,"{""acquired_tool_ids"": [], ""acquisition_complete"": false, ""completed_steps"": [], ""head_rotation_deg"": null, ""head_translation_m"": null, ""left_hand_translation_m"": null, ""removed_tool_ids"": [], ""right_hand_translation_m"": null, ""selected_step"": ""r1_bearing_right"", ""step_attempt"": 1, ""step_elapsed_s"": 6.143996844999492, ""step_event_index"": 36, ""total_hand_translation_m"": null, ""trial_finished_elapsed_s"": null, ""trial_recording"": true, ""trial_required_tool_ids"": [19, 34]}"
2026-09-05T10:46:01.451-04:00,arunn,gesture,tts_started,lifecycle,r1_bearing_right,Row 1.1: bearing into right stand,ready,1,37,,,,6.166476,,,,,,,,,,,,,,,,Row 3 right stand,,,,,"{""acquired_tool_ids"": [], ""acquisition_complete"": false, ""completed_steps"": [], ""head_rotation_deg"": null, ""head_translation_m"": null, ""left_hand_translation_m"": null, ""removed_tool_ids"": [], ""right_hand_translation_m"": null, ""selected_step"": ""r1_bearing_right"", ""step_attempt"": 1, ""step_elapsed_s"": 6.166488121030852, ""step_event_index"": 37, ""total_hand_translation_m"": null, ""trial_finished_elapsed_s"": null, ""trial_recording"": true, ""trial_required_tool_ids"": [19, 34]}"
2026-09-05T10:46:02.179-04:00,arunn,gesture,hover,hover,r1_bearing_right,Row 1.1: bearing into right stand,ready,1,38,21,GEAR_STAND_ROW2_RIGHT,,,,,,,,,,,,,,,,,,,,,,,"{""acquired_tool_ids"": [], ""acquisition_complete"": false, ""completed_steps"": [], ""head_rotation_deg"": null, ""head_translation_m"": null, ""left_hand_translation_m"": null, ""removed_tool_ids"": [], ""right_hand_translation_m"": null, ""selected_step"": ""r1_bearing_right"", ""step_attempt"": 1, ""step_elapsed_s"": 6.894702452002093, ""step_event_index"": 38, ""total_hand_translation_m"": null, ""trial_finished_elapsed_s"": null, ""trial_recording"": true, ""trial_required_tool_ids"": [19, 34]}"
2026-09-05T10:46:02.227-04:00,arunn,gesture,tts_queued,lifecycle,r1_bearing_right,Row 1.1: bearing into right stand,ready,1,39,,,,6.942862,,,,,,,,,,,,,,,,Row 2 right stand,,,replace_hover,,"{""acquired_tool_ids"": [], ""acquisition_complete"": false, ""completed_steps"": [], ""head_rotation_deg"": null, ""head_translation_m"": null, ""left_hand_translation_m"": null, ""removed_tool_ids"": [], ""right_hand_translation_m"": null, ""selected_step"": ""r1_bearing_right"", ""step_attempt"": 1, ""step_elapsed_s"": 6.9428733279928565, ""step_event_index"": 39, ""total_hand_translation_m"": null, ""trial_finished_elapsed_s"": null, ""trial_recording"": true, ""trial_required_tool_ids"": [19, 34]}"
2026-09-05T10:46:02.416-04:00,arunn,gesture,tts_finished,lifecycle,r1_bearing_right,Row 1.1: bearing into right stand,ready,1,40,,,,7.131419,,,,,,,,,,,,,,,,Row 3 right stand,,,,,"{""acquired_tool_ids"": [], ""acquisition_complete"": false, ""completed_steps"": [], ""head_rotation_deg"": null, ""head_translation_m"": null, ""left_hand_translation_m"": null, ""removed_tool_ids"": [], ""right_hand_translation_m"": null, ""selected_step"": ""r1_bearing_right"", ""step_attempt"": 1, ""step_elapsed_s"": 7.131428710068576, ""step_event_index"": 40, ""total_hand_translation_m"": null, ""trial_finished_elapsed_s"": null, ""trial_recording"": true, ""trial_required_tool_ids"": [19, 34]}"
2026-09-05T10:46:02.465-04:00,arunn,gesture,tts_started,lifecycle,r1_bearing_right,Row 1.1: bearing into right stand,ready,1,41,,,,7.180577,,,,,,,,,,,,,,,,Row 2 right stand,,,,,"{""acquired_tool_ids"": [], ""acquisition_complete"": false, ""completed_steps"": [], ""head_rotation_deg"": null, ""head_translation_m"": null, ""left_hand_translation_m"": null, ""removed_tool_ids"": [], ""right_hand_translation_m"": null, ""selected_step"": ""r1_bearing_right"", ""step_attempt"": 1, ""step_elapsed_s"": 7.180590022006072, ""step_event_index"": 41, ""total_hand_translation_m"": null, ""trial_finished_elapsed_s"": null, ""trial_recording"": true, ""trial_required_tool_ids"": [19, 34]}"
2026-09-05T10:46:03.186-04:00,arunn,gesture,hover,hover,r1_bearing_right,Row 1.1: bearing into right stand,ready,1,42,19,GEAR_STAND_ROW1_RIGHT,,,,,,,,,,,,,,,,,,,,,,,"{""acquired_tool_ids"": [], ""acquisition_complete"": false, ""completed_steps"": [], ""head_rotation_deg"": null, ""head_translation_m"": null, ""left_hand_translation_m"": null, ""removed_tool_ids"": [], ""right_hand_translation_m"": null, ""selected_step"": ""r1_bearing_right"", ""step_attempt"": 1, ""step_elapsed_s"": 7.901935840025544, ""step_event_index"": 42, ""total_hand_translation_m"": null, ""trial_finished_elapsed_s"": null, ""trial_recording"": true, ""trial_required_tool_ids"": [19, 34]}"
2026-09-05T10:46:03.325-04:00,arunn,gesture,tts_queued,lifecycle,r1_bearing_right,Row 1.1: bearing into right stand,ready,1,43,,,,8.040661,,,,,,,,,,,,,,,,Row 1 right stand,,,replace_hover,,"{""acquired_tool_ids"": [], ""acquisition_complete"": false, ""completed_steps"": [], ""head_rotation_deg"": null, ""head_translation_m"": null, ""left_hand_translation_m"": null, ""removed_tool_ids"": [], ""right_hand_translation_m"": null, ""selected_step"": ""r1_bearing_right"", ""step_attempt"": 1, ""step_elapsed_s"": 8.040671537979506, ""step_event_index"": 43, ""total_hand_translation_m"": null, ""trial_finished_elapsed_s"": null, ""trial_recording"": true, ""trial_required_tool_ids"": [19, 34]}"
2026-09-05T10:46:03.453-04:00,arunn,gesture,tts_finished,lifecycle,r1_bearing_right,Row 1.1: bearing into right stand,ready,1,44,,,,8.168221,,,,,,,,,,,,,,,,Row 2 right stand,,,,,"{""acquired_tool_ids"": [], ""acquisition_complete"": false, ""completed_steps"": [], ""head_rotation_deg"": null, ""head_translation_m"": null, ""left_hand_translation_m"": null, ""removed_tool_ids"": [], ""right_hand_translation_m"": null, ""selected_step"": ""r1_bearing_right"", ""step_attempt"": 1, ""step_elapsed_s"": 8.168229736969806, ""step_event_index"": 44, ""total_hand_translation_m"": null, ""trial_finished_elapsed_s"": null, ""trial_recording"": true, ""trial_required_tool_ids"": [19, 34]}"
2026-09-05T10:46:03.539-04:00,arunn,gesture,tts_started,lifecycle,r1_bearing_right,Row 1.1: bearing into right stand,ready,1,45,,,,8.254843,,,,,,,,,,,,,,,,Row 1 right stand,,,,,"{""acquired_tool_ids"": [], ""acquisition_complete"": false, ""completed_steps"": [], ""head_rotation_deg"": null, ""head_translation_m"": null, ""left_hand_translation_m"": null, ""removed_tool_ids"": [], ""right_hand_translation_m"": null, ""selected_step"": ""r1_bearing_right"", ""step_attempt"": 1, ""step_elapsed_s"": 8.254858574015088, ""step_event_index"": 45, ""total_hand_translation_m"": null, ""trial_finished_elapsed_s"": null, ""trial_recording"": true, ""trial_required_tool_ids"": [19, 34]}"
2026-09-05T10:46:04.757-04:00,arunn,gesture,tts_finished,lifecycle,r1_bearing_right,Row 1.1: bearing into right stand,ready,1,46,,,,9.472236,,,,,,,,,,,,,,,,Row 1 right stand,,,,,"{""acquired_tool_ids"": [], ""acquisition_complete"": false, ""completed_steps"": [], ""head_rotation_deg"": null, ""head_translation_m"": null, ""left_hand_translation_m"": null, ""removed_tool_ids"": [], ""right_hand_translation_m"": null, ""selected_step"": ""r1_bearing_right"", ""step_attempt"": 1, ""step_elapsed_s"": 9.472247786005028, ""step_event_index"": 46, ""total_hand_translation_m"": null, ""trial_finished_elapsed_s"": null, ""trial_recording"": true, ""trial_required_tool_ids"": [19, 34]}"
2026-09-05T10:46:05.435-04:00,arunn,gesture,hover,hover,r1_bearing_right,Row 1.1: bearing into right stand,ready,1,47,21,GEAR_STAND_ROW2_RIGHT,,,,,,,,,,,,,,,,,,,,,,,"{""acquired_tool_ids"": [], ""acquisition_complete"": false, ""completed_steps"": [], ""head_rotation_deg"": null, ""head_translation_m"": null, ""left_hand_translation_m"": null, ""removed_tool_ids"": [], ""right_hand_translation_m"": null, ""selected_step"": ""r1_bearing_right"", ""step_attempt"": 1, ""step_elapsed_s"": 10.15074716298841, ""step_event_index"": 47, ""total_hand_translation_m"": null, ""trial_finished_elapsed_s"": null, ""trial_recording"": true, ""trial_required_tool_ids"": [19, 34]}"
2026-09-05T10:46:05.509-04:00,arunn,gesture,tts_queued,lifecycle,r1_bearing_right,Row 1.1: bearing into right stand,ready,1,48,,,,10.224245,,,,,,,,,,,,,,,,Row 2 right stand,,,replace_hover,,"{""acquired_tool_ids"": [], ""acquisition_complete"": false, ""completed_steps"": [], ""head_rotation_deg"": null, ""head_translation_m"": null, ""left_hand_translation_m"": null, ""removed_tool_ids"": [], ""right_hand_translation_m"": null, ""selected_step"": ""r1_bearing_right"", ""step_attempt"": 1, ""step_elapsed_s"": 10.22426572907716, ""step_event_index"": 48, ""total_hand_translation_m"": null, ""trial_finished_elapsed_s"": null, ""trial_recording"": true, ""trial_required_tool_ids"": [19, 34]}"
2026-09-05T10:46:05.720-04:00,arunn,gesture,tts_started,lifecycle,r1_bearing_right,Row 1.1: bearing into right stand,ready,1,49,,,,10.435331,,,,,,,,,,,,,,,,Row 2 right stand,,,,,"{""acquired_tool_ids"": [], ""acquisition_complete"": false, ""completed_steps"": [], ""head_rotation_deg"": null, ""head_translation_m"": null, ""left_hand_translation_m"": null, ""removed_tool_ids"": [], ""right_hand_translation_m"": null, ""selected_step"": ""r1_bearing_right"", ""step_attempt"": 1, ""step_elapsed_s"": 10.435345611069351, ""step_event_index"": 49, ""total_hand_translation_m"": null, ""trial_finished_elapsed_s"": null, ""trial_recording"": true, ""trial_required_tool_ids"": [19, 34]}"
2026-09-05T10:46:06.077-04:00,arunn,gesture,hover,hover,r1_bearing_right,Row 1.1: bearing into right stand,ready,1,50,18,GEAR_STAND_ROW1_LEFT,,,,,,,,,,,,,,,,,,,,,,,"{""acquired_tool_ids"": [], ""acquisition_complete"": false, ""completed_steps"": [], ""head_rotation_deg"": null, ""head_translation_m"": null, ""left_hand_translation_m"": null, ""removed_tool_ids"": [], ""right_hand_translation_m"": null, ""selected_step"": ""r1_bearing_right"", ""step_attempt"": 1, ""step_elapsed_s"": 10.792767730075866, ""step_event_index"": 50, ""total_hand_translation_m"": null, ""trial_finished_elapsed_s"": null, ""trial_recording"": true, ""trial_required_tool_ids"": [19, 34]}"
2026-09-05T10:46:06.165-04:00,arunn,gesture,tts_queued,lifecycle,r1_bearing_right,Row 1.1: bearing into right stand,ready,1,51,,,,10.879989,,,,,,,,,,,,,,,,Row 1 left stand,,,replace_hover,,"{""acquired_tool_ids"": [], ""acquisition_complete"": false, ""completed_steps"": [], ""head_rotation_deg"": null, ""head_translation_m"": null, ""left_hand_translation_m"": null, ""removed_tool_ids"": [], ""right_hand_translation_m"": null, ""selected_step"": ""r1_bearing_right"", ""step_attempt"": 1, ""step_elapsed_s"": 10.880004498059861, ""step_event_index"": 51, ""total_hand_translation_m"": null, ""trial_finished_elapsed_s"": null, ""trial_recording"": true, ""trial_required_tool_ids"": [19, 34]}"
2026-09-05T10:46:06.209-04:00,arunn,gesture,tts_finished,lifecycle,r1_bearing_right,Row 1.1: bearing into right stand,ready,1,52,,,,10.924129,,,,,,,,,,,,,,,,Row 2 right stand,,,,,"{""acquired_tool_ids"": [], ""acquisition_complete"": false, ""completed_steps"": [], ""head_rotation_deg"": null, ""head_translation_m"": null, ""left_hand_translation_m"": null, ""removed_tool_ids"": [], ""right_hand_translation_m"": null, ""selected_step"": ""r1_bearing_right"", ""step_attempt"": 1, ""step_elapsed_s"": 10.924143834039569, ""step_event_index"": 52, ""total_hand_translation_m"": null, ""trial_finished_elapsed_s"": null, ""trial_recording"": true, ""trial_required_tool_ids"": [19, 34]}"
2026-09-05T10:46:06.409-04:00,arunn,gesture,tts_started,lifecycle,r1_bearing_right,Row 1.1: bearing into right stand,ready,1,53,,,,11.124821,,,,,,,,,,,,,,,,Row 1 left stand,,,,,"{""acquired_tool_ids"": [], ""acquisition_complete"": false, ""completed_steps"": [], ""head_rotation_deg"": null, ""head_translation_m"": null, ""left_hand_translation_m"": null, ""removed_tool_ids"": [], ""right_hand_translation_m"": null, ""selected_step"": ""r1_bearing_right"", ""step_attempt"": 1, ""step_elapsed_s"": 11.124830120010301, ""step_event_index"": 53, ""total_hand_translation_m"": null, ""trial_finished_elapsed_s"": null, ""trial_recording"": true, ""trial_required_tool_ids"": [19, 34]}"
2026-09-05T10:46:07.178-04:00,arunn,gesture,hover,hover,r1_bearing_right,Row 1.1: bearing into right stand,ready,1,54,18,GEAR_STAND_ROW1_LEFT,,,,,,,,,,,,,,,,,,,,,,,"{""acquired_tool_ids"": [], ""acquisition_complete"": false, ""completed_steps"": [], ""head_rotation_deg"": null, ""head_translation_m"": null, ""left_hand_translation_m"": null, ""removed_tool_ids"": [], ""right_hand_translation_m"": null, ""selected_step"": ""r1_bearing_right"", ""step_attempt"": 1, ""step_elapsed_s"": 11.893452154006809, ""step_event_index"": 54, ""total_hand_translation_m"": null, ""trial_finished_elapsed_s"": null, ""trial_recording"": true, ""trial_required_tool_ids"": [19, 34]}"
2026-09-05T10:46:07.258-04:00,arunn,gesture,tts_queued,lifecycle,r1_bearing_right,Row 1.1: bearing into right stand,ready,1,55,,,,11.973033,,,,,,,,,,,,,,,,Row 1 left stand,,,replace_hover,,"{""acquired_tool_ids"": [], ""acquisition_complete"": false, ""completed_steps"": [], ""head_rotation_deg"": null, ""head_translation_m"": null, ""left_hand_translation_m"": null, ""removed_tool_ids"": [], ""right_hand_translation_m"": null, ""selected_step"": ""r1_bearing_right"", ""step_attempt"": 1, ""step_elapsed_s"": 11.973043109988794, ""step_event_index"": 55, ""total_hand_translation_m"": null, ""trial_finished_elapsed_s"": null, ""trial_recording"": true, ""trial_required_tool_ids"": [19, 34]}"
2026-09-05T10:46:07.585-04:00,arunn,gesture,hover,hover,r1_bearing_right,Row 1.1: bearing into right stand,ready,1,56,20,GEAR_STAND_ROW2_LEFT,,,,,,,,,,,,,,,,,,,,,,,"{""acquired_tool_ids"": [], ""acquisition_complete"": false, ""completed_steps"": [], ""head_rotation_deg"": null, ""head_translation_m"": null, ""left_hand_translation_m"": null, ""removed_tool_ids"": [], ""right_hand_translation_m"": null, ""selected_step"": ""r1_bearing_right"", ""step_attempt"": 1, ""step_elapsed_s"": 12.300541031989269, ""step_event_index"": 56, ""total_hand_translation_m"": null, ""trial_finished_elapsed_s"": null, ""trial_recording"": true, ""trial_required_tool_ids"": [19, 34]}"
2026-09-05T10:46:07.726-04:00,arunn,gesture,tts_queued,lifecycle,r1_bearing_right,Row 1.1: bearing into right stand,ready,1,57,,,,12.441178,,,,,,,,,,,,,,,,Row 2 left stand,,,replace_hover,,"{""acquired_tool_ids"": [], ""acquisition_complete"": false, ""completed_steps"": [], ""head_rotation_deg"": null, ""head_translation_m"": null, ""left_hand_translation_m"": null, ""removed_tool_ids"": [], ""right_hand_translation_m"": null, ""selected_step"": ""r1_bearing_right"", ""step_attempt"": 1, ""step_elapsed_s"": 12.441187627031468, ""step_event_index"": 57, ""total_hand_translation_m"": null, ""trial_finished_elapsed_s"": null, ""trial_recording"": true, ""trial_required_tool_ids"": [19, 34]}"
2026-09-05T10:46:07.833-04:00,arunn,gesture,hover,hover,r1_bearing_right,Row 1.1: bearing into right stand,ready,1,58,21,GEAR_STAND_ROW2_RIGHT,,,,,,,,,,,,,,,,,,,,,,,"{""acquired_tool_ids"": [], ""acquisition_complete"": false, ""completed_steps"": [], ""head_rotation_deg"": null, ""head_translation_m"": null, ""left_hand_translation_m"": null, ""removed_tool_ids"": [], ""right_hand_translation_m"": null, ""selected_step"": ""r1_bearing_right"", ""step_attempt"": 1, ""step_elapsed_s"": 12.54838405107148, ""step_event_index"": 58, ""total_hand_translation_m"": null, ""trial_finished_elapsed_s"": null, ""trial_recording"": true, ""trial_required_tool_ids"": [19, 34]}"
2026-09-05T10:46:07.879-04:00,arunn,gesture,tts_queued,lifecycle,r1_bearing_right,Row 1.1: bearing into right stand,ready,1,59,,,,12.594180,,,,,,,,,,,,,,,,Row 2 right stand,,,replace_hover,,"{""acquired_tool_ids"": [], ""acquisition_complete"": false, ""completed_steps"": [], ""head_rotation_deg"": null, ""head_translation_m"": null, ""left_hand_translation_m"": null, ""removed_tool_ids"": [], ""right_hand_translation_m"": null, ""selected_step"": ""r1_bearing_right"", ""step_attempt"": 1, ""step_elapsed_s"": 12.594193462049589, ""step_event_index"": 59, ""total_hand_translation_m"": null, ""trial_finished_elapsed_s"": null, ""trial_recording"": true, ""trial_required_tool_ids"": [19, 34]}"
2026-09-05T10:46:08.021-04:00,arunn,gesture,tts_finished,lifecycle,r1_bearing_right,Row 1.1: bearing into right stand,ready,1,60,,,,12.736176,,,,,,,,,,,,,,,,Row 1 left stand,,,,,"{""acquired_tool_ids"": [], ""acquisition_complete"": false, ""completed_steps"": [], ""head_rotation_deg"": null, ""head_translation_m"": null, ""left_hand_translation_m"": null, ""removed_tool_ids"": [], ""right_hand_translation_m"": null, ""selected_step"": ""r1_bearing_right"", ""step_attempt"": 1, ""step_elapsed_s"": 12.736187165020965, ""step_event_index"": 60, ""total_hand_translation_m"": null, ""trial_finished_elapsed_s"": null, ""trial_recording"": true, ""trial_required_tool_ids"": [19, 34]}"
2026-09-05T10:46:08.065-04:00,arunn,gesture,tts_started,lifecycle,r1_bearing_right,Row 1.1: bearing into right stand,ready,1,61,,,,12.780327,,,,,,,,,,,,,,,,Row 1 left stand,,,,,"{""acquired_tool_ids"": [], ""acquisition_complete"": false, ""completed_steps"": [], ""head_rotation_deg"": null, ""head_translation_m"": null, ""left_hand_translation_m"": null, ""removed_tool_ids"": [], ""right_hand_translation_m"": null, ""selected_step"": ""r1_bearing_right"", ""step_attempt"": 1, ""step_elapsed_s"": 12.780338932061568, ""step_event_index"": 61, ""total_hand_translation_m"": null, ""trial_finished_elapsed_s"": null, ""trial_recording"": true, ""trial_required_tool_ids"": [19, 34]}"
2026-09-05T10:46:08.125-04:00,arunn,gesture,tts_finished,lifecycle,r1_bearing_right,Row 1.1: bearing into right stand,ready,1,62,,,,12.840563,,,,,,,,,,,,,,,,Row 1 left stand,,,,,"{""acquired_tool_ids"": [], ""acquisition_complete"": false, ""completed_steps"": [], ""head_rotation_deg"": null, ""head_translation_m"": null, ""left_hand_translation_m"": null, ""removed_tool_ids"": [], ""right_hand_translation_m"": null, ""selected_step"": ""r1_bearing_right"", ""step_attempt"": 1, ""step_elapsed_s"": 12.840571923996322, ""step_event_index"": 62, ""total_hand_translation_m"": null, ""trial_finished_elapsed_s"": null, ""trial_recording"": true, ""trial_required_tool_ids"": [19, 34]}"
2026-09-05T10:46:08.271-04:00,arunn,gesture,tts_started,lifecycle,r1_bearing_right,Row 1.1: bearing into right stand,ready,1,63,,,,12.986396,,,,,,,,,,,,,,,,Row 2 left stand,,,,,"{""acquired_tool_ids"": [], ""acquisition_complete"": false, ""completed_steps"": [], ""head_rotation_deg"": null, ""head_translation_m"": null, ""left_hand_translation_m"": null, ""removed_tool_ids"": [], ""right_hand_translation_m"": null, ""selected_step"": ""r1_bearing_right"", ""step_attempt"": 1, ""step_elapsed_s"": 12.986408760072663, ""step_event_index"": 63, ""total_hand_translation_m"": null, ""trial_finished_elapsed_s"": null, ""trial_recording"": true, ""trial_required_tool_ids"": [19, 34]}"
2026-09-05T10:46:08.356-04:00,arunn,gesture,tts_finished,lifecycle,r1_bearing_right,Row 1.1: bearing into right stand,ready,1,64,,,,13.071472,,,,,,,,,,,,,,,,Row 2 left stand,,,,,"{""acquired_tool_ids"": [], ""acquisition_complete"": false, ""completed_steps"": [], ""head_rotation_deg"": null, ""head_translation_m"": null, ""left_hand_translation_m"": null, ""removed_tool_ids"": [], ""right_hand_translation_m"": null, ""selected_step"": ""r1_bearing_right"", ""step_attempt"": 1, ""step_elapsed_s"": 13.071482149069197, ""step_event_index"": 64, ""total_hand_translation_m"": null, ""trial_finished_elapsed_s"": null, ""trial_recording"": true, ""trial_required_tool_ids"": [19, 34]}"
2026-09-05T10:46:08.460-04:00,arunn,gesture,tts_started,lifecycle,r1_bearing_right,Row 1.1: bearing into right stand,ready,1,65,,,,13.175419,,,,,,,,,,,,,,,,Row 2 right stand,,,,,"{""acquired_tool_ids"": [], ""acquisition_complete"": false, ""completed_steps"": [], ""head_rotation_deg"": null, ""head_translation_m"": null, ""left_hand_translation_m"": null, ""removed_tool_ids"": [], ""right_hand_translation_m"": null, ""selected_step"": ""r1_bearing_right"", ""step_attempt"": 1, ""step_elapsed_s"": 13.175441005965695, ""step_event_index"": 65, ""total_hand_translation_m"": null, ""trial_finished_elapsed_s"": null, ""trial_recording"": true, ""trial_required_tool_ids"": [19, 34]}"
2026-09-05T10:46:08.604-04:00,arunn,gesture,hover,hover,r1_bearing_right,Row 1.1: bearing into right stand,ready,1,66,18,GEAR_STAND_ROW1_LEFT,,,,,,,,,,,,,,,,,,,,,,,"{""acquired_tool_ids"": [], ""acquisition_complete"": false, ""completed_steps"": [], ""head_rotation_deg"": null, ""head_translation_m"": null, ""left_hand_translation_m"": null, ""removed_tool_ids"": [], ""right_hand_translation_m"": null, ""selected_step"": ""r1_bearing_right"", ""step_attempt"": 1, ""step_elapsed_s"": 13.319499136065133, ""step_event_index"": 66, ""total_hand_translation_m"": null, ""trial_finished_elapsed_s"": null, ""trial_recording"": true, ""trial_required_tool_ids"": [19, 34]}"
2026-09-05T10:46:08.667-04:00,arunn,gesture,tts_queued,lifecycle,r1_bearing_right,Row 1.1: bearing into right stand,ready,1,67,,,,13.382116,,,,,,,,,,,,,,,,Row 1 left stand,,,replace_hover,,"{""acquired_tool_ids"": [], ""acquisition_complete"": false, ""completed_steps"": [], ""head_rotation_deg"": null, ""head_translation_m"": null, ""left_hand_translation_m"": null, ""removed_tool_ids"": [], ""right_hand_translation_m"": null, ""selected_step"": ""r1_bearing_right"", ""step_attempt"": 1, ""step_elapsed_s"": 13.382126639015041, ""step_event_index"": 67, ""total_hand_translation_m"": null, ""trial_finished_elapsed_s"": null, ""trial_recording"": true, ""trial_required_tool_ids"": [19, 34]}"
2026-09-05T10:46:08.775-04:00,arunn,gesture,tts_finished,lifecycle,r1_bearing_right,Row 1.1: bearing into right stand,ready,1,68,,,,13.490764,,,,,,,,,,,,,,,,Row 2 right stand,,,,,"{""acquired_tool_ids"": [], ""acquisition_complete"": false, ""completed_steps"": [], ""head_rotation_deg"": null, ""head_translation_m"": null, ""left_hand_translation_m"": null, ""removed_tool_ids"": [], ""right_hand_translation_m"": null, ""selected_step"": ""r1_bearing_right"", ""step_attempt"": 1, ""step_elapsed_s"": 13.49077328806743, ""step_event_index"": 68, ""total_hand_translation_m"": null, ""trial_finished_elapsed_s"": null, ""trial_recording"": true, ""trial_required_tool_ids"": [19, 34]}"
2026-09-05T10:46:08.924-04:00,arunn,gesture,tts_started,lifecycle,r1_bearing_right,Row 1.1: bearing into right stand,ready,1,69,,,,13.639880,,,,,,,,,,,,,,,,Row 1 left stand,,,,,"{""acquired_tool_ids"": [], ""acquisition_complete"": false, ""completed_steps"": [], ""head_rotation_deg"": null, ""head_translation_m"": null, ""left_hand_translation_m"": null, ""removed_tool_ids"": [], ""right_hand_translation_m"": null, ""selected_step"": ""r1_bearing_right"", ""step_attempt"": 1, ""step_elapsed_s"": 13.63989417499397, ""step_event_index"": 69, ""total_hand_translation_m"": null, ""trial_finished_elapsed_s"": null, ""trial_recording"": true, ""trial_required_tool_ids"": [19, 34]}"
2026-09-05T10:46:09.533-04:00,arunn,gesture,hover,hover,r1_bearing_right,Row 1.1: bearing into right stand,ready,1,70,18,GEAR_STAND_ROW1_LEFT,,,,,,,,,,,,,,,,,,,,,,,"{""acquired_tool_ids"": [], ""acquisition_complete"": false, ""completed_steps"": [], ""head_rotation_deg"": null, ""head_translation_m"": null, ""left_hand_translation_m"": null, ""removed_tool_ids"": [], ""right_hand_translation_m"": null, ""selected_step"": ""r1_bearing_right"", ""step_attempt"": 1, ""step_elapsed_s"": 14.247998937033117, ""step_event_index"": 70, ""total_hand_translation_m"": null, ""trial_finished_elapsed_s"": null, ""trial_recording"": true, ""trial_required_tool_ids"": [19, 34]}"
2026-09-05T10:46:09.714-04:00,arunn,gesture,tts_queued,lifecycle,r1_bearing_right,Row 1.1: bearing into right stand,ready,1,71,,,,14.429832,,,,,,,,,,,,,,,,Row 1 left stand,,,replace_hover,,"{""acquired_tool_ids"": [], ""acquisition_complete"": false, ""completed_steps"": [], ""head_rotation_deg"": null, ""head_translation_m"": null, ""left_hand_translation_m"": null, ""removed_tool_ids"": [], ""right_hand_translation_m"": null, ""selected_step"": ""r1_bearing_right"", ""step_attempt"": 1, ""step_elapsed_s"": 14.429841950070113, ""step_event_index"": 71, ""total_hand_translation_m"": null, ""trial_finished_elapsed_s"": null, ""trial_recording"": true, ""trial_required_tool_ids"": [19, 34]}"
2026-09-05T10:46:09.924-04:00,arunn,gesture,hover,hover,r1_bearing_right,Row 1.1: bearing into right stand,ready,1,72,21,GEAR_STAND_ROW2_RIGHT,,,,,,,,,,,,,,,,,,,,,,,"{""acquired_tool_ids"": [], ""acquisition_complete"": false, ""completed_steps"": [], ""head_rotation_deg"": null, ""head_translation_m"": null, ""left_hand_translation_m"": null, ""removed_tool_ids"": [], ""right_hand_translation_m"": null, ""selected_step"": ""r1_bearing_right"", ""step_attempt"": 1, ""step_elapsed_s"": 14.63914590596687, ""step_event_index"": 72, ""total_hand_translation_m"": null, ""trial_finished_elapsed_s"": null, ""trial_recording"": true, ""trial_required_tool_ids"": [19, 34]}"
2026-09-05T10:46:09.967-04:00,arunn,gesture,tts_queued,lifecycle,r1_bearing_right,Row 1.1: bearing into right stand,ready,1,73,,,,14.682932,,,,,,,,,,,,,,,,Row 2 right stand,,,replace_hover,,"{""acquired_tool_ids"": [], ""acquisition_complete"": false, ""completed_steps"": [], ""head_rotation_deg"": null, ""head_translation_m"": null, ""left_hand_translation_m"": null, ""removed_tool_ids"": [], ""right_hand_translation_m"": null, ""selected_step"": ""r1_bearing_right"", ""step_attempt"": 1, ""step_elapsed_s"": 14.682943431078456, ""step_event_index"": 73, ""total_hand_translation_m"": null, ""trial_finished_elapsed_s"": null, ""trial_recording"": true, ""trial_required_tool_ids"": [19, 34]}"
2026-09-05T10:46:10.033-04:00,arunn,gesture,tts_finished,lifecycle,r1_bearing_right,Row 1.1: bearing into right stand,ready,1,74,,,,14.748622,,,,,,,,,,,,,,,,Row 1 left stand,,,,,"{""acquired_tool_ids"": [], ""acquisition_complete"": false, ""completed_steps"": [], ""head_rotation_deg"": null, ""head_translation_m"": null, ""left_hand_translation_m"": null, ""removed_tool_ids"": [], ""right_hand_translation_m"": null, ""selected_step"": ""r1_bearing_right"", ""step_attempt"": 1, ""step_elapsed_s"": 14.748632060014643, ""step_event_index"": 74, ""total_hand_translation_m"": null, ""trial_finished_elapsed_s"": null, ""trial_recording"": true, ""trial_required_tool_ids"": [19, 34]}"
2026-09-05T10:46:10.241-04:00,arunn,gesture,tts_started,lifecycle,r1_bearing_right,Row 1.1: bearing into right stand,ready,1,75,,,,14.956813,,,,,,,,,,,,,,,,Row 1 left stand,,,,,"{""acquired_tool_ids"": [], ""acquisition_complete"": false, ""completed_steps"": [], ""head_rotation_deg"": null, ""head_translation_m"": null, ""left_hand_translation_m"": null, ""removed_tool_ids"": [], ""right_hand_translation_m"": null, ""selected_step"": ""r1_bearing_right"", ""step_attempt"": 1, ""step_elapsed_s"": 14.956824084976688, ""step_event_index"": 75, ""total_hand_translation_m"": null, ""trial_finished_elapsed_s"": null, ""trial_recording"": true, ""trial_required_tool_ids"": [19, 34]}"
2026-09-05T10:46:10.385-04:00,arunn,gesture,tts_finished,lifecycle,r1_bearing_right,Row 1.1: bearing into right stand,ready,1,76,,,,15.100352,,,,,,,,,,,,,,,,Row 1 left stand,,,,,"{""acquired_tool_ids"": [], ""acquisition_complete"": false, ""completed_steps"": [], ""head_rotation_deg"": null, ""head_translation_m"": null, ""left_hand_translation_m"": null, ""removed_tool_ids"": [], ""right_hand_translation_m"": null, ""selected_step"": ""r1_bearing_right"", ""step_attempt"": 1, ""step_elapsed_s"": 15.100361229968257, ""step_event_index"": 76, ""total_hand_translation_m"": null, ""trial_finished_elapsed_s"": null, ""trial_recording"": true, ""trial_required_tool_ids"": [19, 34]}"
2026-09-05T10:46:10.469-04:00,arunn,gesture,tts_started,lifecycle,r1_bearing_right,Row 1.1: bearing into right stand,ready,1,77,,,,15.184950,,,,,,,,,,,,,,,,Row 2 right stand,,,,,"{""acquired_tool_ids"": [], ""acquisition_complete"": false, ""completed_steps"": [], ""head_rotation_deg"": null, ""head_translation_m"": null, ""left_hand_translation_m"": null, ""removed_tool_ids"": [], ""right_hand_translation_m"": null, ""selected_step"": ""r1_bearing_right"", ""step_attempt"": 1, ""step_elapsed_s"": 15.184959906968288, ""step_event_index"": 77, ""total_hand_translation_m"": null, ""trial_finished_elapsed_s"": null, ""trial_recording"": true, ""trial_required_tool_ids"": [19, 34]}"
2026-09-05T10:46:10.830-04:00,arunn,gesture,hover,hover,r1_bearing_right,Row 1.1: bearing into right stand,ready,1,78,18,GEAR_STAND_ROW1_LEFT,,,,,,,,,,,,,,,,,,,,,,,"{""acquired_tool_ids"": [], ""acquisition_complete"": false, ""completed_steps"": [], ""head_rotation_deg"": null, ""head_translation_m"": null, ""left_hand_translation_m"": null, ""removed_tool_ids"": [], ""right_hand_translation_m"": null, ""selected_step"": ""r1_bearing_right"", ""step_attempt"": 1, ""step_elapsed_s"": 15.544997179065831, ""step_event_index"": 78, ""total_hand_translation_m"": null, ""trial_finished_elapsed_s"": null, ""trial_recording"": true, ""trial_required_tool_ids"": [19, 34]}"
2026-09-05T10:46:10.944-04:00,arunn,gesture,tts_queued,lifecycle,r1_bearing_right,Row 1.1: bearing into right stand,ready,1,79,,,,15.659545,,,,,,,,,,,,,,,,Row 1 left stand,,,replace_hover,,"{""acquired_tool_ids"": [], ""acquisition_complete"": false, ""completed_steps"": [], ""head_rotation_deg"": null, ""head_translation_m"": null, ""left_hand_translation_m"": null, ""removed_tool_ids"": [], ""right_hand_translation_m"": null, ""selected_step"": ""r1_bearing_right"", ""step_attempt"": 1, ""step_elapsed_s"": 15.659558700979687, ""step_event_index"": 79, ""total_hand_translation_m"": null, ""trial_finished_elapsed_s"": null, ""trial_recording"": true, ""trial_required_tool_ids"": [19, 34]}"
2026-09-05T10:46:11.269-04:00,arunn,gesture,tts_finished,lifecycle,r1_bearing_right,Row 1.1: bearing into right stand,ready,1,80,,,,15.984328,,,,,,,,,,,,,,,,Row 2 right stand,,,,,"{""acquired_tool_ids"": [], ""acquisition_complete"": false, ""completed_steps"": [], ""head_rotation_deg"": null, ""head_translation_m"": null, ""left_hand_translation_m"": null, ""removed_tool_ids"": [], ""right_hand_translation_m"": null, ""selected_step"": ""r1_bearing_right"", ""step_attempt"": 1, ""step_elapsed_s"": 15.984342309995554, ""step_event_index"": 80, ""total_hand_translation_m"": null, ""trial_finished_elapsed_s"": null, ""trial_recording"": true, ""trial_required_tool_ids"": [19, 34]}"
2026-09-05T10:46:11.348-04:00,arunn,gesture,tts_started,lifecycle,r1_bearing_right,Row 1.1: bearing into right stand,ready,1,81,,,,16.063932,,,,,,,,,,,,,,,,Row 1 left stand,,,,,"{""acquired_tool_ids"": [], ""acquisition_complete"": false, ""completed_steps"": [], ""head_rotation_deg"": null, ""head_translation_m"": null, ""left_hand_translation_m"": null, ""removed_tool_ids"": [], ""right_hand_translation_m"": null, ""selected_step"": ""r1_bearing_right"", ""step_attempt"": 1, ""step_elapsed_s"": 16.063942364999093, ""step_event_index"": 81, ""total_hand_translation_m"": null, ""trial_finished_elapsed_s"": null, ""trial_recording"": true, ""trial_required_tool_ids"": [19, 34]}"
2026-09-05T10:46:11.462-04:00,arunn,gesture,tts_queued,lifecycle,r1_bearing_right,Row 1.1: bearing into right stand,ready,1,82,,,,16.177541,,,,,,,,,,,,,,,,Wrong part.,,,replace,,"{""acquired_tool_ids"": [], ""acquisition_complete"": false, ""completed_steps"": [], ""head_rotation_deg"": null, ""head_translation_m"": null, ""left_hand_translation_m"": null, ""removed_tool_ids"": [], ""right_hand_translation_m"": null, ""selected_step"": ""r1_bearing_right"", ""step_attempt"": 1, ""step_elapsed_s"": 16.177549598971382, ""step_event_index"": 82, ""total_hand_translation_m"": null, ""trial_finished_elapsed_s"": null, ""trial_recording"": true, ""trial_required_tool_ids"": [19, 34]}"
2026-09-05T10:46:11.537-04:00,arunn,gesture,part_selection,click,r1_bearing_right,Row 1.1: bearing into right stand,ready,1,83,18,GEAR_STAND_ROW1_LEFT,16.252061,16.252061,,,,,,,,,,,,,,,0,,,,,,"{""acquired_tool_ids"": [], ""acquisition_complete"": false, ""completed_steps"": [], ""head_rotation_deg"": null, ""head_translation_m"": null, ""left_hand_translation_m"": null, ""removed_tool_ids"": [], ""right_hand_translation_m"": null, ""selected_step"": ""r1_bearing_right"", ""step_attempt"": 1, ""step_elapsed_s"": 16.25211396801751, ""step_event_index"": 83, ""total_hand_translation_m"": null, ""trial_finished_elapsed_s"": null, ""trial_recording"": true, ""trial_required_tool_ids"": [19, 34]}"
2026-09-05T10:46:11.915-04:00,arunn,gesture,tts_finished,lifecycle,r1_bearing_right,Row 1.1: bearing into right stand,ready,1,84,,,,16.630328,,,,,,,,,,,,,,,,Row 1 left stand,,,,,"{""acquired_tool_ids"": [], ""acquisition_complete"": false, ""completed_steps"": [], ""head_rotation_deg"": null, ""head_translation_m"": null, ""left_hand_translation_m"": null, ""removed_tool_ids"": [], ""right_hand_translation_m"": null, ""selected_step"": ""r1_bearing_right"", ""step_attempt"": 1, ""step_elapsed_s"": 16.630342500982806, ""step_event_index"": 84, ""total_hand_translation_m"": null, ""trial_finished_elapsed_s"": null, ""trial_recording"": true, ""trial_required_tool_ids"": [19, 34]}"
2026-09-05T10:46:12.067-04:00,arunn,gesture,tts_started,lifecycle,r1_bearing_right,Row 1.1: bearing into right stand,ready,1,85,,,,16.782197,,,,,,,,,,,,,,,,Wrong part.,,,,,"{""acquired_tool_ids"": [], ""acquisition_complete"": false, ""completed_steps"": [], ""head_rotation_deg"": null, ""head_translation_m"": null, ""left_hand_translation_m"": null, ""removed_tool_ids"": [], ""right_hand_translation_m"": null, ""selected_step"": ""r1_bearing_right"", ""step_attempt"": 1, ""step_elapsed_s"": 16.782207339070737, ""step_event_index"": 85, ""total_hand_translation_m"": null, ""trial_finished_elapsed_s"": null, ""trial_recording"": true, ""trial_required_tool_ids"": [19, 34]}"
2026-09-05T10:46:12.562-04:00,arunn,gesture,tts_finished,lifecycle,r1_bearing_right,Row 1.1: bearing into right stand,ready,1,86,,,,17.277525,,,,,,,,,,,,,,,,Wrong part.,,,,,"{""acquired_tool_ids"": [], ""acquisition_complete"": false, ""completed_steps"": [], ""head_rotation_deg"": null, ""head_translation_m"": null, ""left_hand_translation_m"": null, ""removed_tool_ids"": [], ""right_hand_translation_m"": null, ""selected_step"": ""r1_bearing_right"", ""step_attempt"": 1, ""step_elapsed_s"": 17.2775355509948, ""step_event_index"": 86, ""total_hand_translation_m"": null, ""trial_finished_elapsed_s"": null, ""trial_recording"": true, ""trial_required_tool_ids"": [19, 34]}"
2026-09-05T10:46:13.166-04:00,arunn,gesture,hover,hover,r1_bearing_right,Row 1.1: bearing into right stand,ready,1,87,18,GEAR_STAND_ROW1_LEFT,,,,,,,,,,,,,,,,,,,,,,,"{""acquired_tool_ids"": [], ""acquisition_complete"": false, ""completed_steps"": [], ""head_rotation_deg"": null, ""head_translation_m"": null, ""left_hand_translation_m"": null, ""removed_tool_ids"": [], ""right_hand_translation_m"": null, ""selected_step"": ""r1_bearing_right"", ""step_attempt"": 1, ""step_elapsed_s"": 17.881467164028436, ""step_event_index"": 87, ""total_hand_translation_m"": null, ""trial_finished_elapsed_s"": null, ""trial_recording"": true, ""trial_required_tool_ids"": [19, 34]}"
2026-09-05T10:46:13.293-04:00,arunn,gesture,tts_queued,lifecycle,r1_bearing_right,Row 1.1: bearing into right stand,ready,1,88,,,,18.008538,,,,,,,,,,,,,,,,Row 1 left stand,,,replace_hover,,"{""acquired_tool_ids"": [], ""acquisition_complete"": false, ""completed_steps"": [], ""head_rotation_deg"": null, ""head_translation_m"": null, ""left_hand_translation_m"": null, ""removed_tool_ids"": [], ""right_hand_translation_m"": null, ""selected_step"": ""r1_bearing_right"", ""step_attempt"": 1, ""step_elapsed_s"": 18.008549647056498, ""step_event_index"": 88, ""total_hand_translation_m"": null, ""trial_finished_elapsed_s"": null, ""trial_recording"": true, ""trial_required_tool_ids"": [19, 34]}"
2026-09-05T10:46:13.440-04:00,arunn,gesture,hover,hover,r1_bearing_right,Row 1.1: bearing into right stand,ready,1,89,21,GEAR_STAND_ROW2_RIGHT,,,,,,,,,,,,,,,,,,,,,,,"{""acquired_tool_ids"": [], ""acquisition_complete"": false, ""completed_steps"": [], ""head_rotation_deg"": null, ""head_translation_m"": null, ""left_hand_translation_m"": null, ""removed_tool_ids"": [], ""right_hand_translation_m"": null, ""selected_step"": ""r1_bearing_right"", ""step_attempt"": 1, ""step_elapsed_s"": 18.15499487600755, ""step_event_index"": 89, ""total_hand_translation_m"": null, ""trial_finished_elapsed_s"": null, ""trial_recording"": true, ""trial_required_tool_ids"": [19, 34]}"
2026-09-05T10:46:13.556-04:00,arunn,gesture,tts_queued,lifecycle,r1_bearing_right,Row 1.1: bearing into right stand,ready,1,90,,,,18.271848,,,,,,,,,,,,,,,,Row 2 right stand,,,replace_hover,,"{""acquired_tool_ids"": [], ""acquisition_complete"": false, ""completed_steps"": [], ""head_rotation_deg"": null, ""head_translation_m"": null, ""left_hand_translation_m"": null, ""removed_tool_ids"": [], ""right_hand_translation_m"": null, ""selected_step"": ""r1_bearing_right"", ""step_attempt"": 1, ""step_elapsed_s"": 18.271859501022846, ""step_event_index"": 90, ""total_hand_translation_m"": null, ""trial_finished_elapsed_s"": null, ""trial_recording"": true, ""trial_required_tool_ids"": [19, 34]}"
2026-09-05T10:46:13.641-04:00,arunn,gesture,tts_started,lifecycle,r1_bearing_right,Row 1.1: bearing into right stand,ready,1,91,,,,18.356389,,,,,,,,,,,,,,,,Row 1 left stand,,,,,"{""acquired_tool_ids"": [], ""acquisition_complete"": false, ""completed_steps"": [], ""head_rotation_deg"": null, ""head_translation_m"": null, ""left_hand_translation_m"": null, ""removed_tool_ids"": [], ""right_hand_translation_m"": null, ""selected_step"": ""r1_bearing_right"", ""step_attempt"": 1, ""step_elapsed_s"": 18.356404530000873, ""step_event_index"": 91, ""total_hand_translation_m"": null, ""trial_finished_elapsed_s"": null, ""trial_recording"": true, ""trial_required_tool_ids"": [19, 34]}"
2026-09-05T10:46:13.776-04:00,arunn,gesture,tts_finished,lifecycle,r1_bearing_right,Row 1.1: bearing into right stand,ready,1,92,,,,18.491098,,,,,,,,,,,,,,,,Row 1 left stand,,,,,"{""acquired_tool_ids"": [], ""acquisition_complete"": false, ""completed_steps"": [], ""head_rotation_deg"": null, ""head_translation_m"": null, ""left_hand_translation_m"": null, ""removed_tool_ids"": [], ""right_hand_translation_m"": null, ""selected_step"": ""r1_bearing_right"", ""step_attempt"": 1, ""step_elapsed_s"": 18.491108420072123, ""step_event_index"": 92, ""total_hand_translation_m"": null, ""trial_finished_elapsed_s"": null, ""trial_recording"": true, ""trial_required_tool_ids"": [19, 34]}"
2026-09-05T10:46:13.937-04:00,arunn,gesture,tts_started,lifecycle,r1_bearing_right,Row 1.1: bearing into right stand,ready,1,93,,,,18.652956,,,,,,,,,,,,,,,,Row 2 right stand,,,,,"{""acquired_tool_ids"": [], ""acquisition_complete"": false, ""completed_steps"": [], ""head_rotation_deg"": null, ""head_translation_m"": null, ""left_hand_translation_m"": null, ""removed_tool_ids"": [], ""right_hand_translation_m"": null, ""selected_step"": ""r1_bearing_right"", ""step_attempt"": 1, ""step_elapsed_s"": 18.65296556102112, ""step_event_index"": 93, ""total_hand_translation_m"": null, ""trial_finished_elapsed_s"": null, ""trial_recording"": true, ""trial_required_tool_ids"": [19, 34]}"
2026-09-05T10:46:15.112-04:00,arunn,gesture,tts_finished,lifecycle,r1_bearing_right,Row 1.1: bearing into right stand,ready,1,94,,,,19.827141,,,,,,,,,,,,,,,,Row 2 right stand,,,,,"{""acquired_tool_ids"": [], ""acquisition_complete"": false, ""completed_steps"": [], ""head_rotation_deg"": null, ""head_translation_m"": null, ""left_hand_translation_m"": null, ""removed_tool_ids"": [], ""right_hand_translation_m"": null, ""selected_step"": ""r1_bearing_right"", ""step_attempt"": 1, ""step_elapsed_s"": 19.827151856035925, ""step_event_index"": 94, ""total_hand_translation_m"": null, ""trial_finished_elapsed_s"": null, ""trial_recording"": true, ""trial_required_tool_ids"": [19, 34]}"
2026-09-05T10:46:15.678-04:00,arunn,gesture,hover,hover,r1_bearing_right,Row 1.1: bearing into right stand,ready,1,95,19,GEAR_STAND_ROW1_RIGHT,,,,,,,,,,,,,,,,,,,,,,,"{""acquired_tool_ids"": [], ""acquisition_complete"": false, ""completed_steps"": [], ""head_rotation_deg"": null, ""head_translation_m"": null, ""left_hand_translation_m"": null, ""removed_tool_ids"": [], ""right_hand_translation_m"": null, ""selected_step"": ""r1_bearing_right"", ""step_attempt"": 1, ""step_elapsed_s"": 20.393831272027455, ""step_event_index"": 95, ""total_hand_translation_m"": null, ""trial_finished_elapsed_s"": null, ""trial_recording"": true, ""trial_required_tool_ids"": [19, 34]}"
2026-09-05T10:46:15.758-04:00,arunn,gesture,tts_queued,lifecycle,r1_bearing_right,Row 1.1: bearing into right stand,ready,1,96,,,,20.473839,,,,,,,,,,,,,,,,Row 1 right stand,,,replace_hover,,"{""acquired_tool_ids"": [], ""acquisition_complete"": false, ""completed_steps"": [], ""head_rotation_deg"": null, ""head_translation_m"": null, ""left_hand_translation_m"": null, ""removed_tool_ids"": [], ""right_hand_translation_m"": null, ""selected_step"": ""r1_bearing_right"", ""step_attempt"": 1, ""step_elapsed_s"": 20.473853258998133, ""step_event_index"": 96, ""total_hand_translation_m"": null, ""trial_finished_elapsed_s"": null, ""trial_recording"": true, ""trial_required_tool_ids"": [19, 34]}"
2026-09-05T10:46:15.875-04:00,arunn,gesture,tts_started,lifecycle,r1_bearing_right,Row 1.1: bearing into right stand,ready,1,97,,,,20.590282,,,,,,,,,,,,,,,,Row 1 right stand,,,,,"{""acquired_tool_ids"": [], ""acquisition_complete"": false, ""completed_steps"": [], ""head_rotation_deg"": null, ""head_translation_m"": null, ""left_hand_translation_m"": null, ""removed_tool_ids"": [], ""right_hand_translation_m"": null, ""selected_step"": ""r1_bearing_right"", ""step_attempt"": 1, ""step_elapsed_s"": 20.59029519301839, ""step_event_index"": 97, ""total_hand_translation_m"": null, ""trial_finished_elapsed_s"": null, ""trial_recording"": true, ""trial_required_tool_ids"": [19, 34]}"
2026-09-05T10:46:15.990-04:00,arunn,gesture,hover,hover,r1_bearing_right,Row 1.1: bearing into right stand,ready,1,98,18,GEAR_STAND_ROW1_LEFT,,,,,,,,,,,,,,,,,,,,,,,"{""acquired_tool_ids"": [], ""acquisition_complete"": false, ""completed_steps"": [], ""head_rotation_deg"": null, ""head_translation_m"": null, ""left_hand_translation_m"": null, ""removed_tool_ids"": [], ""right_hand_translation_m"": null, ""selected_step"": ""r1_bearing_right"", ""step_attempt"": 1, ""step_elapsed_s"": 20.705553031992167, ""step_event_index"": 98, ""total_hand_translation_m"": null, ""trial_finished_elapsed_s"": null, ""trial_recording"": true, ""trial_required_tool_ids"": [19, 34]}"
2026-09-05T10:46:16.023-04:00,arunn,gesture,tts_queued,lifecycle,r1_bearing_right,Row 1.1: bearing into right stand,ready,1,99,,,,20.738502,,,,,,,,,,,,,,,,Row 1 left stand,,,replace_hover,,"{""acquired_tool_ids"": [], ""acquisition_complete"": false, ""completed_steps"": [], ""head_rotation_deg"": null, ""head_translation_m"": null, ""left_hand_translation_m"": null, ""removed_tool_ids"": [], ""right_hand_translation_m"": null, ""selected_step"": ""r1_bearing_right"", ""step_attempt"": 1, ""step_elapsed_s"": 20.738512092037126, ""step_event_index"": 99, ""total_hand_translation_m"": null, ""trial_finished_elapsed_s"": null, ""trial_recording"": true, ""trial_required_tool_ids"": [19, 34]}"
2026-09-05T10:46:16.158-04:00,arunn,gesture,tts_finished,lifecycle,r1_bearing_right,Row 1.1: bearing into right stand,ready,1,100,,,,20.873367,,,,,,,,,,,,,,,,Row 1 right stand,,,,,"{""acquired_tool_ids"": [], ""acquisition_complete"": false, ""completed_steps"": [], ""head_rotation_deg"": null, ""head_translation_m"": null, ""left_hand_translation_m"": null, ""removed_tool_ids"": [], ""right_hand_translation_m"": null, ""selected_step"": ""r1_bearing_right"", ""step_attempt"": 1, ""step_elapsed_s"": 20.873379679978825, ""step_event_index"": 100, ""total_hand_translation_m"": null, ""trial_finished_elapsed_s"": null, ""trial_recording"": true, ""trial_required_tool_ids"": [19, 34]}"
2026-09-05T10:46:16.248-04:00,arunn,gesture,tts_started,lifecycle,r1_bearing_right,Row 1.1: bearing into right stand,ready,1,101,,,,20.963970,,,,,,,,,,,,,,,,Row 1 left stand,,,,,"{""acquired_tool_ids"": [], ""acquisition_complete"": false, ""completed_steps"": [], ""head_rotation_deg"": null, ""head_translation_m"": null, ""left_hand_translation_m"": null, ""removed_tool_ids"": [], ""right_hand_translation_m"": null, ""selected_step"": ""r1_bearing_right"", ""step_attempt"": 1, ""step_elapsed_s"": 20.963981296983548, ""step_event_index"": 101, ""total_hand_translation_m"": null, ""trial_finished_elapsed_s"": null, ""trial_recording"": true, ""trial_required_tool_ids"": [19, 34]}"
2026-09-05T10:46:16.814-04:00,arunn,gesture,hover,hover,r1_bearing_right,Row 1.1: bearing into right stand,ready,1,102,19,GEAR_STAND_ROW1_RIGHT,,,,,,,,,,,,,,,,,,,,,,,"{""acquired_tool_ids"": [], ""acquisition_complete"": false, ""completed_steps"": [], ""head_rotation_deg"": null, ""head_translation_m"": null, ""left_hand_translation_m"": null, ""removed_tool_ids"": [], ""right_hand_translation_m"": null, ""selected_step"": ""r1_bearing_right"", ""step_attempt"": 1, ""step_elapsed_s"": 21.52918962703552, ""step_event_index"": 102, ""total_hand_translation_m"": null, ""trial_finished_elapsed_s"": null, ""trial_recording"": true, ""trial_required_tool_ids"": [19, 34]}"
2026-09-05T10:46:17.295-04:00,arunn,gesture,tts_queued,lifecycle,r1_bearing_right,Row 1.1: bearing into right stand,ready,1,103,,,,22.010966,,,,,,,,,,,,,,,,Row 1 right stand,,,replace_hover,,"{""acquired_tool_ids"": [], ""acquisition_complete"": false, ""completed_steps"": [], ""head_rotation_deg"": null, ""head_translation_m"": null, ""left_hand_translation_m"": null, ""removed_tool_ids"": [], ""right_hand_translation_m"": null, ""selected_step"": ""r1_bearing_right"", ""step_attempt"": 1, ""step_elapsed_s"": 22.010977669036947, ""step_event_index"": 103, ""total_hand_translation_m"": null, ""trial_finished_elapsed_s"": null, ""trial_recording"": true, ""trial_required_tool_ids"": [19, 34]}"
2026-09-05T10:46:17.423-04:00,arunn,gesture,hover,hover,r1_bearing_right,Row 1.1: bearing into right stand,ready,1,104,21,GEAR_STAND_ROW2_RIGHT,,,,,,,,,,,,,,,,,,,,,,,"{""acquired_tool_ids"": [], ""acquisition_complete"": false, ""completed_steps"": [], ""head_rotation_deg"": null, ""head_translation_m"": null, ""left_hand_translation_m"": null, ""removed_tool_ids"": [], ""right_hand_translation_m"": null, ""selected_step"": ""r1_bearing_right"", ""step_attempt"": 1, ""step_elapsed_s"": 22.138064795988612, ""step_event_index"": 104, ""total_hand_translation_m"": null, ""trial_finished_elapsed_s"": null, ""trial_recording"": true, ""trial_required_tool_ids"": [19, 34]}"
2026-09-05T10:46:17.446-04:00,arunn,gesture,tts_queued,lifecycle,r1_bearing_right,Row 1.1: bearing into right stand,ready,1,105,,,,22.161771,,,,,,,,,,,,,,,,Row 2 right stand,,,replace_hover,,"{""acquired_tool_ids"": [], ""acquisition_complete"": false, ""completed_steps"": [], ""head_rotation_deg"": null, ""head_translation_m"": null, ""left_hand_translation_m"": null, ""removed_tool_ids"": [], ""right_hand_translation_m"": null, ""selected_step"": ""r1_bearing_right"", ""step_attempt"": 1, ""step_elapsed_s"": 22.161783255054615, ""step_event_index"": 105, ""total_hand_translation_m"": null, ""trial_finished_elapsed_s"": null, ""trial_recording"": true, ""trial_required_tool_ids"": [19, 34]}"
2026-09-05T10:46:17.570-04:00,arunn,gesture,hover,hover,r1_bearing_right,Row 1.1: bearing into right stand,ready,1,106,19,GEAR_STAND_ROW1_RIGHT,,,,,,,,,,,,,,,,,,,,,,,"{""acquired_tool_ids"": [], ""acquisition_complete"": false, ""completed_steps"": [], ""head_rotation_deg"": null, ""head_translation_m"": null, ""left_hand_translation_m"": null, ""removed_tool_ids"": [], ""right_hand_translation_m"": null, ""selected_step"": ""r1_bearing_right"", ""step_attempt"": 1, ""step_elapsed_s"": 22.28574051707983, ""step_event_index"": 106, ""total_hand_translation_m"": null, ""trial_finished_elapsed_s"": null, ""trial_recording"": true, ""trial_required_tool_ids"": [19, 34]}"
2026-09-05T10:46:17.654-04:00,arunn,gesture,tts_queued,lifecycle,r1_bearing_right,Row 1.1: bearing into right stand,ready,1,107,,,,22.369118,,,,,,,,,,,,,,,,Row 1 right stand,,,replace_hover,,"{""acquired_tool_ids"": [], ""acquisition_complete"": false, ""completed_steps"": [], ""head_rotation_deg"": null, ""head_translation_m"": null, ""left_hand_translation_m"": null, ""removed_tool_ids"": [], ""right_hand_translation_m"": null, ""selected_step"": ""r1_bearing_right"", ""step_attempt"": 1, ""step_elapsed_s"": 22.36913153307978, ""step_event_index"": 107, ""total_hand_translation_m"": null, ""trial_finished_elapsed_s"": null, ""trial_recording"": true, ""trial_required_tool_ids"": [19, 34]}"
2026-09-05T10:46:17.879-04:00,arunn,gesture,tts_finished,lifecycle,r1_bearing_right,Row 1.1: bearing into right stand,ready,1,108,,,,22.594267,,,,,,,,,,,,,,,,Row 1 left stand,,,,,"{""acquired_tool_ids"": [], ""acquisition_complete"": false, ""completed_steps"": [], ""head_rotation_deg"": null, ""head_translation_m"": null, ""left_hand_translation_m"": null, ""removed_tool_ids"": [], ""right_hand_translation_m"": null, ""selected_step"": ""r1_bearing_right"", ""step_attempt"": 1, ""step_elapsed_s"": 22.59427947900258, ""step_event_index"": 108, ""total_hand_translation_m"": null, ""trial_finished_elapsed_s"": null, ""trial_recording"": true, ""trial_required_tool_ids"": [19, 34]}"
2026-09-05T10:46:17.942-04:00,arunn,gesture,tts_started,lifecycle,r1_bearing_right,Row 1.1: bearing into right stand,ready,1,109,,,,22.657141,,,,,,,,,,,,,,,,Row 1 right stand,,,,,"{""acquired_tool_ids"": [], ""acquisition_complete"": false, ""completed_steps"": [], ""head_rotation_deg"": null, ""head_translation_m"": null, ""left_hand_translation_m"": null, ""removed_tool_ids"": [], ""right_hand_translation_m"": null, ""selected_step"": ""r1_bearing_right"", ""step_attempt"": 1, ""step_elapsed_s"": 22.657152133993804, ""step_event_index"": 109, ""total_hand_translation_m"": null, ""trial_finished_elapsed_s"": null, ""trial_recording"": true, ""trial_required_tool_ids"": [19, 34]}"
2026-09-05T10:46:18.045-04:00,arunn,gesture,tts_finished,lifecycle,r1_bearing_right,Row 1.1: bearing into right stand,ready,1,110,,,,22.760371,,,,,,,,,,,,,,,,Row 1 right stand,,,,,"{""acquired_tool_ids"": [], ""acquisition_complete"": false, ""completed_steps"": [], ""head_rotation_deg"": null, ""head_translation_m"": null, ""left_hand_translation_m"": null, ""removed_tool_ids"": [], ""right_hand_translation_m"": null, ""selected_step"": ""r1_bearing_right"", ""step_attempt"": 1, ""step_elapsed_s"": 22.760379516053945, ""step_event_index"": 110, ""total_hand_translation_m"": null, ""trial_finished_elapsed_s"": null, ""trial_recording"": true, ""trial_required_tool_ids"": [19, 34]}"
2026-09-05T10:46:18.069-04:00,arunn,gesture,tts_started,lifecycle,r1_bearing_right,Row 1.1: bearing into right stand,ready,1,111,,,,22.784603,,,,,,,,,,,,,,,,Row 2 right stand,,,,,"{""acquired_tool_ids"": [], ""acquisition_complete"": false, ""completed_steps"": [], ""head_rotation_deg"": null, ""head_translation_m"": null, ""left_hand_translation_m"": null, ""removed_tool_ids"": [], ""right_hand_translation_m"": null, ""selected_step"": ""r1_bearing_right"", ""step_attempt"": 1, ""step_elapsed_s"": 22.78461203700863, ""step_event_index"": 111, ""total_hand_translation_m"": null, ""trial_finished_elapsed_s"": null, ""trial_recording"": true, ""trial_required_tool_ids"": [19, 34]}"
2026-09-05T10:46:18.260-04:00,arunn,gesture,tts_finished,lifecycle,r1_bearing_right,Row 1.1: bearing into right stand,ready,1,112,,,,22.975719,,,,,,,,,,,,,,,,Row 2 right stand,,,,,"{""acquired_tool_ids"": [], ""acquisition_complete"": false, ""completed_steps"": [], ""head_rotation_deg"": null, ""head_translation_m"": null, ""left_hand_translation_m"": null, ""removed_tool_ids"": [], ""right_hand_translation_m"": null, ""selected_step"": ""r1_bearing_right"", ""step_attempt"": 1, ""step_elapsed_s"": 22.975784398033284, ""step_event_index"": 112, ""total_hand_translation_m"": null, ""trial_finished_elapsed_s"": null, ""trial_recording"": true, ""trial_required_tool_ids"": [19, 34]}"
2026-09-05T10:46:18.332-04:00,arunn,gesture,tts_started,lifecycle,r1_bearing_right,Row 1.1: bearing into right stand,ready,1,113,,,,23.047095,,,,,,,,,,,,,,,,Row 1 right stand,,,,,"{""acquired_tool_ids"": [], ""acquisition_complete"": false, ""completed_steps"": [], ""head_rotation_deg"": null, ""head_translation_m"": null, ""left_hand_translation_m"": null, ""removed_tool_ids"": [], ""right_hand_translation_m"": null, ""selected_step"": ""r1_bearing_right"", ""step_attempt"": 1, ""step_elapsed_s"": 23.047105589066632, ""step_event_index"": 113, ""total_hand_translation_m"": null, ""trial_finished_elapsed_s"": null, ""trial_recording"": true, ""trial_required_tool_ids"": [19, 34]}"
2026-09-05T10:46:18.500-04:00,arunn,gesture,part_selection,click,r1_bearing_right,Row 1.1: bearing into right stand,ready,1,114,19,GEAR_STAND_ROW1_RIGHT,23.215064,23.215064,,,,,,,,,,,,,,,1,,,,,,"{""acquired_tool_ids"": [19], ""acquisition_complete"": false, ""completed_steps"": [], ""head_rotation_deg"": null, ""head_translation_m"": null, ""left_hand_translation_m"": null, ""removed_tool_ids"": [], ""right_hand_translation_m"": null, ""selected_step"": ""r1_bearing_right"", ""step_attempt"": 1, ""step_elapsed_s"": 23.21511238696985, ""step_event_index"": 114, ""total_hand_translation_m"": null, ""trial_finished_elapsed_s"": null, ""trial_recording"": true, ""trial_required_tool_ids"": [19, 34]}"
2026-09-05T10:46:18.532-04:00,arunn,gesture,object_acquired,click,r1_bearing_right,Row 1.1: bearing into right stand,ready,1,115,19,GEAR_STAND_ROW1_RIGHT,23.215064,23.215064,,,,,,,,,,,,,,,1,,,,,,"{""acquired_tool_ids"": [19], ""acquisition_complete"": false, ""completed_steps"": [], ""head_rotation_deg"": null, ""head_translation_m"": null, ""left_hand_translation_m"": null, ""removed_tool_ids"": [], ""right_hand_translation_m"": null, ""selected_step"": ""r1_bearing_right"", ""step_attempt"": 1, ""step_elapsed_s"": 23.247313905972987, ""step_event_index"": 115, ""total_hand_translation_m"": null, ""trial_finished_elapsed_s"": null, ""trial_recording"": true, ""trial_required_tool_ids"": [19, 34]}"
2026-09-05T10:46:18.622-04:00,arunn,gesture,tts_queued,lifecycle,r1_bearing_right,Row 1.1: bearing into right stand,ready,1,116,,,,23.337832,,,,,,,,,,,,,,,,1 part left.,,,replace,,"{""acquired_tool_ids"": [19], ""acquisition_complete"": false, ""completed_steps"": [], ""head_rotation_deg"": null, ""head_translation_m"": null, ""left_hand_translation_m"": null, ""removed_tool_ids"": [], ""right_hand_translation_m"": null, ""selected_step"": ""r1_bearing_right"", ""step_attempt"": 1, ""step_elapsed_s"": 23.3378413800383, ""step_event_index"": 116, ""total_hand_translation_m"": null, ""trial_finished_elapsed_s"": null, ""trial_recording"": true, ""trial_required_tool_ids"": [19, 34]}"
2026-09-05T10:46:18.846-04:00,arunn,gesture,tts_finished,lifecycle,r1_bearing_right,Row 1.1: bearing into right stand,ready,1,117,,,,23.561918,,,,,,,,,,,,,,,,Row 1 right stand,,,,,"{""acquired_tool_ids"": [19], ""acquisition_complete"": false, ""completed_steps"": [], ""head_rotation_deg"": null, ""head_translation_m"": null, ""left_hand_translation_m"": null, ""removed_tool_ids"": [], ""right_hand_translation_m"": null, ""selected_step"": ""r1_bearing_right"", ""step_attempt"": 1, ""step_elapsed_s"": 23.561926156049594, ""step_event_index"": 117, ""total_hand_translation_m"": null, ""trial_finished_elapsed_s"": null, ""trial_recording"": true, ""trial_required_tool_ids"": [19, 34]}"
2026-09-05T10:46:19.005-04:00,arunn,gesture,tts_started,lifecycle,r1_bearing_right,Row 1.1: bearing into right stand,ready,1,118,,,,23.720190,,,,,,,,,,,,,,,,1 part left.,,,,,"{""acquired_tool_ids"": [19], ""acquisition_complete"": false, ""completed_steps"": [], ""head_rotation_deg"": null, ""head_translation_m"": null, ""left_hand_translation_m"": null, ""removed_tool_ids"": [], ""right_hand_translation_m"": null, ""selected_step"": ""r1_bearing_right"", ""step_attempt"": 1, ""step_elapsed_s"": 23.72020355600398, ""step_event_index"": 118, ""total_hand_translation_m"": null, ""trial_finished_elapsed_s"": null, ""trial_recording"": true, ""trial_required_tool_ids"": [19, 34]}"
2026-09-05T10:46:20.020-04:00,arunn,gesture,tts_finished,lifecycle,r1_bearing_right,Row 1.1: bearing into right stand,ready,1,119,,,,24.735303,,,,,,,,,,,,,,,,1 part left.,,,,,"{""acquired_tool_ids"": [19], ""acquisition_complete"": false, ""completed_steps"": [], ""head_rotation_deg"": null, ""head_translation_m"": null, ""left_hand_translation_m"": null, ""removed_tool_ids"": [], ""right_hand_translation_m"": null, ""selected_step"": ""r1_bearing_right"", ""step_attempt"": 1, ""step_elapsed_s"": 24.735316345002502, ""step_event_index"": 119, ""total_hand_translation_m"": null, ""trial_finished_elapsed_s"": null, ""trial_recording"": true, ""trial_required_tool_ids"": [19, 34]}"
2026-09-05T10:46:21.021-04:00,arunn,gesture,hover,hover,r1_bearing_right,Row 1.1: bearing into right stand,ready,1,120,21,GEAR_STAND_ROW2_RIGHT,,,,,,,,,,,,,,,,,,,,,,,"{""acquired_tool_ids"": [19], ""acquisition_complete"": false, ""completed_steps"": [], ""head_rotation_deg"": null, ""head_translation_m"": null, ""left_hand_translation_m"": null, ""removed_tool_ids"": [], ""right_hand_translation_m"": null, ""selected_step"": ""r1_bearing_right"", ""step_attempt"": 1, ""step_elapsed_s"": 25.73604684707243, ""step_event_index"": 120, ""total_hand_translation_m"": null, ""trial_finished_elapsed_s"": null, ""trial_recording"": true, ""trial_required_tool_ids"": [19, 34]}"
2026-09-05T10:46:21.066-04:00,arunn,gesture,tts_queued,lifecycle,r1_bearing_right,Row 1.1: bearing into right stand,ready,1,121,,,,25.781268,,,,,,,,,,,,,,,,Row 2 right stand,,,replace_hover,,"{""acquired_tool_ids"": [19], ""acquisition_complete"": false, ""completed_steps"": [], ""head_rotation_deg"": null, ""head_translation_m"": null, ""left_hand_translation_m"": null, ""removed_tool_ids"": [], ""right_hand_translation_m"": null, ""selected_step"": ""r1_bearing_right"", ""step_attempt"": 1, ""step_elapsed_s"": 25.781281694071367, ""step_event_index"": 121, ""total_hand_translation_m"": null, ""trial_finished_elapsed_s"": null, ""trial_recording"": true, ""trial_required_tool_ids"": [19, 34]}"
2026-09-05T10:46:21.372-04:00,arunn,gesture,tts_started,lifecycle,r1_bearing_right,Row 1.1: bearing into right stand,ready,1,122,,,,26.087305,,,,,,,,,,,,,,,,Row 2 right stand,,,,,"{""acquired_tool_ids"": [19], ""acquisition_complete"": false, ""completed_steps"": [], ""head_rotation_deg"": null, ""head_translation_m"": null, ""left_hand_translation_m"": null, ""removed_tool_ids"": [], ""right_hand_translation_m"": null, ""selected_step"": ""r1_bearing_right"", ""step_attempt"": 1, ""step_elapsed_s"": 26.087314850999974, ""step_event_index"": 122, ""total_hand_translation_m"": null, ""trial_finished_elapsed_s"": null, ""trial_recording"": true, ""trial_required_tool_ids"": [19, 34]}"
2026-09-05T10:46:21.728-04:00,arunn,gesture,hover,hover,r1_bearing_right,Row 1.1: bearing into right stand,ready,1,123,29,GEAR_ROW3_LEFT,,,,,,,,,,,,,,,,,,,,,,,"{""acquired_tool_ids"": [19], ""acquisition_complete"": false, ""completed_steps"": [], ""head_rotation_deg"": null, ""head_translation_m"": null, ""left_hand_translation_m"": null, ""removed_tool_ids"": [], ""right_hand_translation_m"": null, ""selected_step"": ""r1_bearing_right"", ""step_attempt"": 1, ""step_elapsed_s"": 26.443660579039715, ""step_event_index"": 123, ""total_hand_translation_m"": null, ""trial_finished_elapsed_s"": null, ""trial_recording"": true, ""trial_required_tool_ids"": [19, 34]}"
2026-09-05T10:46:21.830-04:00,arunn,gesture,tts_queued,lifecycle,r1_bearing_right,Row 1.1: bearing into right stand,ready,1,124,,,,26.545877,,,,,,,,,,,,,,,,Row 3 left gear,,,replace_hover,,"{""acquired_tool_ids"": [19], ""acquisition_complete"": false, ""completed_steps"": [], ""head_rotation_deg"": null, ""head_translation_m"": null, ""left_hand_translation_m"": null, ""removed_tool_ids"": [], ""right_hand_translation_m"": null, ""selected_step"": ""r1_bearing_right"", ""step_attempt"": 1, ""step_elapsed_s"": 26.545888139982708, ""step_event_index"": 124, ""total_hand_translation_m"": null, ""trial_finished_elapsed_s"": null, ""trial_recording"": true, ""trial_required_tool_ids"": [19, 34]}"
2026-09-05T10:46:22.048-04:00,arunn,gesture,tts_finished,lifecycle,r1_bearing_right,Row 1.1: bearing into right stand,ready,1,125,,,,26.763373,,,,,,,,,,,,,,,,Row 2 right stand,,,,,"{""acquired_tool_ids"": [19], ""acquisition_complete"": false, ""completed_steps"": [], ""head_rotation_deg"": null, ""head_translation_m"": null, ""left_hand_translation_m"": null, ""removed_tool_ids"": [], ""right_hand_translation_m"": null, ""selected_step"": ""r1_bearing_right"", ""step_attempt"": 1, ""step_elapsed_s"": 26.763383922050707, ""step_event_index"": 125, ""total_hand_translation_m"": null, ""trial_finished_elapsed_s"": null, ""trial_recording"": true, ""trial_required_tool_ids"": [19, 34]}"
2026-09-05T10:46:22.319-04:00,arunn,gesture,tts_started,lifecycle,r1_bearing_right,Row 1.1: bearing into right stand,ready,1,126,,,,27.034844,,,,,,,,,,,,,,,,Row 3 left gear,,,,,"{""acquired_tool_ids"": [19], ""acquisition_complete"": false, ""completed_steps"": [], ""head_rotation_deg"": null, ""head_translation_m"": null, ""left_hand_translation_m"": null, ""removed_tool_ids"": [], ""right_hand_translation_m"": null, ""selected_step"": ""r1_bearing_right"", ""step_attempt"": 1, ""step_elapsed_s"": 27.034854165045545, ""step_event_index"": 126, ""total_hand_translation_m"": null, ""trial_finished_elapsed_s"": null, ""trial_recording"": true, ""trial_required_tool_ids"": [19, 34]}"
2026-09-05T10:46:22.453-04:00,arunn,gesture,hover,hover,r1_bearing_right,Row 1.1: bearing into right stand,ready,1,127,35,SCREWS,,,,,,,,,,,,,,,,,,,,,,,"{""acquired_tool_ids"": [19], ""acquisition_complete"": false, ""completed_steps"": [], ""head_rotation_deg"": null, ""head_translation_m"": null, ""left_hand_translation_m"": null, ""removed_tool_ids"": [], ""right_hand_translation_m"": null, ""selected_step"": ""r1_bearing_right"", ""step_attempt"": 1, ""step_elapsed_s"": 27.1689307250781, ""step_event_index"": 127, ""total_hand_translation_m"": null, ""trial_finished_elapsed_s"": null, ""trial_recording"": true, ""trial_required_tool_ids"": [19, 34]}"
2026-09-05T10:46:22.693-04:00,arunn,gesture,tts_queued,lifecycle,r1_bearing_right,Row 1.1: bearing into right stand,ready,1,128,,,,27.408612,,,,,,,,,,,,,,,,screw,,,replace_hover,,"{""acquired_tool_ids"": [19], ""acquisition_complete"": false, ""completed_steps"": [], ""head_rotation_deg"": null, ""head_translation_m"": null, ""left_hand_translation_m"": null, ""removed_tool_ids"": [], ""right_hand_translation_m"": null, ""selected_step"": ""r1_bearing_right"", ""step_attempt"": 1, ""step_elapsed_s"": 27.408623818075284, ""step_event_index"": 128, ""total_hand_translation_m"": null, ""trial_finished_elapsed_s"": null, ""trial_recording"": true, ""trial_required_tool_ids"": [19, 34]}"
2026-09-05T10:46:22.767-04:00,arunn,gesture,hover,hover,r1_bearing_right,Row 1.1: bearing into right stand,ready,1,129,34,BEARINGS,,,,,,,,,,,,,,,,,,,,,,,"{""acquired_tool_ids"": [19], ""acquisition_complete"": false, ""completed_steps"": [], ""head_rotation_deg"": null, ""head_translation_m"": null, ""left_hand_translation_m"": null, ""removed_tool_ids"": [], ""right_hand_translation_m"": null, ""selected_step"": ""r1_bearing_right"", ""step_attempt"": 1, ""step_elapsed_s"": 27.48277408198919, ""step_event_index"": 129, ""total_hand_translation_m"": null, ""trial_finished_elapsed_s"": null, ""trial_recording"": true, ""trial_required_tool_ids"": [19, 34]}"
2026-09-05T10:46:22.948-04:00,arunn,gesture,tts_queued,lifecycle,r1_bearing_right,Row 1.1: bearing into right stand,ready,1,130,,,,27.663568,,,,,,,,,,,,,,,,bearing,,,replace_hover,,"{""acquired_tool_ids"": [19], ""acquisition_complete"": false, ""completed_steps"": [], ""head_rotation_deg"": null, ""head_translation_m"": null, ""left_hand_translation_m"": null, ""removed_tool_ids"": [], ""right_hand_translation_m"": null, ""selected_step"": ""r1_bearing_right"", ""step_attempt"": 1, ""step_elapsed_s"": 27.66358274896629, ""step_event_index"": 130, ""total_hand_translation_m"": null, ""trial_finished_elapsed_s"": null, ""trial_recording"": true, ""trial_required_tool_ids"": [19, 34]}"
2026-09-05T10:46:23.105-04:00,arunn,gesture,tts_finished,lifecycle,r1_bearing_right,Row 1.1: bearing into right stand,ready,1,131,,,,27.820457,,,,,,,,,,,,,,,,Row 3 left gear,,,,,"{""acquired_tool_ids"": [19], ""acquisition_complete"": false, ""completed_steps"": [], ""head_rotation_deg"": null, ""head_translation_m"": null, ""left_hand_translation_m"": null, ""removed_tool_ids"": [], ""right_hand_translation_m"": null, ""selected_step"": ""r1_bearing_right"", ""step_attempt"": 1, ""step_elapsed_s"": 27.82046618696768, ""step_event_index"": 131, ""total_hand_translation_m"": null, ""trial_finished_elapsed_s"": null, ""trial_recording"": true, ""trial_required_tool_ids"": [19, 34]}"
2026-09-05T10:46:23.147-04:00,arunn,gesture,tts_started,lifecycle,r1_bearing_right,Row 1.1: bearing into right stand,ready,1,132,,,,27.862976,,,,,,,,,,,,,,,,screw,,,,,"{""acquired_tool_ids"": [19], ""acquisition_complete"": false, ""completed_steps"": [], ""head_rotation_deg"": null, ""head_translation_m"": null, ""left_hand_translation_m"": null, ""removed_tool_ids"": [], ""right_hand_translation_m"": null, ""selected_step"": ""r1_bearing_right"", ""step_attempt"": 1, ""step_elapsed_s"": 27.862986132036895, ""step_event_index"": 132, ""total_hand_translation_m"": null, ""trial_finished_elapsed_s"": null, ""trial_recording"": true, ""trial_required_tool_ids"": [19, 34]}"
2026-09-05T10:46:23.282-04:00,arunn,gesture,tts_finished,lifecycle,r1_bearing_right,Row 1.1: bearing into right stand,ready,1,133,,,,27.997371,,,,,,,,,,,,,,,,screw,,,,,"{""acquired_tool_ids"": [19], ""acquisition_complete"": false, ""completed_steps"": [], ""head_rotation_deg"": null, ""head_translation_m"": null, ""left_hand_translation_m"": null, ""removed_tool_ids"": [], ""right_hand_translation_m"": null, ""selected_step"": ""r1_bearing_right"", ""step_attempt"": 1, ""step_elapsed_s"": 27.997384689049795, ""step_event_index"": 133, ""total_hand_translation_m"": null, ""trial_finished_elapsed_s"": null, ""trial_recording"": true, ""trial_required_tool_ids"": [19, 34]}"
2026-09-05T10:46:23.893-04:00,arunn,gesture,tts_started,lifecycle,r1_bearing_right,Row 1.1: bearing into right stand,ready,1,134,,,,28.607958,,,,,,,,,,,,,,,,bearing,,,,,"{""acquired_tool_ids"": [19], ""acquisition_complete"": false, ""completed_steps"": [], ""head_rotation_deg"": null, ""head_translation_m"": null, ""left_hand_translation_m"": null, ""removed_tool_ids"": [], ""right_hand_translation_m"": null, ""selected_step"": ""r1_bearing_right"", ""step_attempt"": 1, ""step_elapsed_s"": 28.6079894710565, ""step_event_index"": 134, ""total_hand_translation_m"": null, ""trial_finished_elapsed_s"": null, ""trial_recording"": true, ""trial_required_tool_ids"": [19, 34]}"
2026-09-05T10:46:24.166-04:00,arunn,gesture,part_selection,click,r1_bearing_right,Row 1.1: bearing into right stand,ready,1,135,34,BEARINGS,5.666094,28.881158,,,,,,,,,,,,,,,1,,,,,,"{""acquired_tool_ids"": [19, 34], ""acquisition_complete"": false, ""completed_steps"": [], ""head_rotation_deg"": null, ""head_translation_m"": null, ""left_hand_translation_m"": null, ""removed_tool_ids"": [], ""right_hand_translation_m"": null, ""selected_step"": ""r1_bearing_right"", ""step_attempt"": 1, ""step_elapsed_s"": 28.881194391986355, ""step_event_index"": 135, ""total_hand_translation_m"": null, ""trial_finished_elapsed_s"": null, ""trial_recording"": true, ""trial_required_tool_ids"": [19, 34]}"
2026-09-05T10:46:24.391-04:00,arunn,gesture,object_acquired,click,r1_bearing_right,Row 1.1: bearing into right stand,ready,1,136,34,BEARINGS,5.666094,28.881158,,,,,,,,,,,,,,,1,,,,,,"{""acquired_tool_ids"": [19, 34], ""acquisition_complete"": false, ""completed_steps"": [], ""head_rotation_deg"": null, ""head_translation_m"": null, ""left_hand_translation_m"": null, ""removed_tool_ids"": [], ""right_hand_translation_m"": null, ""selected_step"": ""r1_bearing_right"", ""step_attempt"": 1, ""step_elapsed_s"": 29.10632090899162, ""step_event_index"": 136, ""total_hand_translation_m"": null, ""trial_finished_elapsed_s"": null, ""trial_recording"": true, ""trial_required_tool_ids"": [19, 34]}"
2026-09-05T10:46:24.437-04:00,arunn,gesture,step_acquisition_complete,click,r1_bearing_right,Row 1.1: bearing into right stand,ready,1,137,,,,29.151246,0.105134,17.770931,0.221001,0.269952,0.490953,0.000000,8.148681,8.148681,76.659450,0,12,0.000000,0.162528,0.162528,,,,,,,"{""acquired_tool_ids"": [19, 34], ""acquisition_complete"": true, ""any_hover_time_s"": 8.14868092094548, ""completed_steps"": [], ""head_rotation_deg"": 17.770931188349227, ""head_translation_m"": 0.10513449740947073, ""hover_time_percent"": 76.65944997407327, ""left_hand_translation_m"": 0.22100127011717224, ""left_hover_episodes"": 0, ""left_hover_time_s"": 0.0, ""left_hover_translation_m"": 0.0, ""removed_tool_ids"": [19], ""right_hand_translation_m"": 0.2699519813421231, ""right_hover_episodes"": 12, ""right_hover_time_s"": 8.14868092094548, ""right_hover_translation_m"": 0.16252844212968565, ""selected_step"": ""r1_bearing_right"", ""step_attempt"": 1, ""step_elapsed_s"": 29.151246375055052, ""step_event_index"": 137, ""total_hand_translation_m"": 0.49095325145929536, ""total_hover_translation_m"": 0.16252844212968565, ""trial_finished_elapsed_s"": 29.151246375055052, ""trial_recording"": false, ""trial_required_tool_ids"": [19, 34]}"
2026-09-05T10:46:24.671-04:00,arunn,gesture,graph_complete,,r1_bearing_right,Row 1.1: bearing into right stand,complete,1,138,,,,,,,,,,,,,,,,,,,,,,,,,"{""acquired_tool_ids"": [19, 34], ""acquisition_complete"": true, ""any_hover_time_s"": 8.14868092094548, ""completed_steps"": [""r1_bearing_right""], ""head_rotation_deg"": 17.770931188349227, ""head_translation_m"": 0.10513449740947073, ""hover_time_percent"": 76.65944997407327, ""left_hand_translation_m"": 0.22100127011717224, ""left_hover_episodes"": 0, ""left_hover_time_s"": 0.0, ""left_hover_translation_m"": 0.0, ""removed_tool_ids"": [19], ""right_hand_translation_m"": 0.2699519813421231, ""right_hover_episodes"": 12, ""right_hover_time_s"": 8.14868092094548, ""right_hover_translation_m"": 0.16252844212968565, ""selected_step"": ""r1_bearing_right"", ""step_attempt"": 1, ""step_elapsed_s"": 29.151246375055052, ""step_event_index"": 138, ""total_hand_translation_m"": 0.49095325145929536, ""total_hover_translation_m"": 0.16252844212968565, ""trial_finished_elapsed_s"": 29.151246375055052, ""trial_recording"": false, ""trial_required_tool_ids"": [19, 34]}"
2026-09-05T10:46:36.272-04:00,arunn,gesture,step_started,keyboard,r1_bearing_left,Row 1.3: bearing into left stand,ready,2,1,,,,,,,,,,,,,,,,,,,,,,,,,"{""acquired_tool_ids"": [], ""acquisition_complete"": false, ""completed_steps"": [""r1_bearing_right""], ""head_rotation_deg"": null, ""head_translation_m"": null, ""left_hand_translation_m"": null, ""removed_tool_ids"": [19], ""right_hand_translation_m"": null, ""selected_step"": ""r1_bearing_left"", ""step_attempt"": 2, ""step_elapsed_s"": 0.0009591870475560427, ""step_event_index"": 1, ""total_hand_translation_m"": null, ""trial_finished_elapsed_s"": null, ""trial_recording"": true, ""trial_required_tool_ids"": [18]}"
2026-09-05T10:46:38.052-04:00,arunn,gesture,hover,hover,r1_bearing_left,Row 1.3: bearing into left stand,ready,2,2,18,GEAR_STAND_ROW1_LEFT,,,,,,,,,,,,,,,,,,,,,,,"{""acquired_tool_ids"": [], ""acquisition_complete"": false, ""completed_steps"": [""r1_bearing_right""], ""head_rotation_deg"": null, ""head_translation_m"": null, ""left_hand_translation_m"": null, ""removed_tool_ids"": [19], ""right_hand_translation_m"": null, ""selected_step"": ""r1_bearing_left"", ""step_attempt"": 2, ""step_elapsed_s"": 1.7809410219779238, ""step_event_index"": 2, ""total_hand_translation_m"": null, ""trial_finished_elapsed_s"": null, ""trial_recording"": true, ""trial_required_tool_ids"": [18]}"
2026-09-05T10:46:38.089-04:00,arunn,gesture,tts_queued,lifecycle,r1_bearing_left,Row 1.3: bearing into left stand,ready,2,3,,,,1.817251,,,,,,,,,,,,,,,,Row 1 left stand,,,replace_hover,,"{""acquired_tool_ids"": [], ""acquisition_complete"": false, ""completed_steps"": [""r1_bearing_right""], ""head_rotation_deg"": null, ""head_translation_m"": null, ""left_hand_translation_m"": null, ""removed_tool_ids"": [19], ""right_hand_translation_m"": null, ""selected_step"": ""r1_bearing_left"", ""step_attempt"": 2, ""step_elapsed_s"": 1.8172632839996368, ""step_event_index"": 3, ""total_hand_translation_m"": null, ""trial_finished_elapsed_s"": null, ""trial_recording"": true, ""trial_required_tool_ids"": [18]}"
2026-09-05T10:46:38.154-04:00,arunn,gesture,tts_started,lifecycle,r1_bearing_left,Row 1.3: bearing into left stand,ready,2,4,,,,1.882343,,,,,,,,,,,,,,,,Row 1 left stand,,,,,"{""acquired_tool_ids"": [], ""acquisition_complete"": false, ""completed_steps"": [""r1_bearing_right""], ""head_rotation_deg"": null, ""head_translation_m"": null, ""left_hand_translation_m"": null, ""removed_tool_ids"": [19], ""right_hand_translation_m"": null, ""selected_step"": ""r1_bearing_left"", ""step_attempt"": 2, ""step_elapsed_s"": 1.8823568939696997, ""step_event_index"": 4, ""total_hand_translation_m"": null, ""trial_finished_elapsed_s"": null, ""trial_recording"": true, ""trial_required_tool_ids"": [18]}"
2026-09-05T10:46:39.300-04:00,arunn,gesture,hover,hover,r1_bearing_left,Row 1.3: bearing into left stand,ready,2,5,18,GEAR_STAND_ROW1_LEFT,,,,,,,,,,,,,,,,,,,,,,,"{""acquired_tool_ids"": [], ""acquisition_complete"": false, ""completed_steps"": [""r1_bearing_right""], ""head_rotation_deg"": null, ""head_translation_m"": null, ""left_hand_translation_m"": null, ""removed_tool_ids"": [19], ""right_hand_translation_m"": null, ""selected_step"": ""r1_bearing_left"", ""step_attempt"": 2, ""step_elapsed_s"": 3.0282855050172657, ""step_event_index"": 5, ""total_hand_translation_m"": null, ""trial_finished_elapsed_s"": null, ""trial_recording"": true, ""trial_required_tool_ids"": [18]}"
2026-09-05T10:46:39.323-04:00,arunn,gesture,tts_queued,lifecycle,r1_bearing_left,Row 1.3: bearing into left stand,ready,2,6,,,,3.051372,,,,,,,,,,,,,,,,Row 1 left stand,,,replace_hover,,"{""acquired_tool_ids"": [], ""acquisition_complete"": false, ""completed_steps"": [""r1_bearing_right""], ""head_rotation_deg"": null, ""head_translation_m"": null, ""left_hand_translation_m"": null, ""removed_tool_ids"": [19], ""right_hand_translation_m"": null, ""selected_step"": ""r1_bearing_left"", ""step_attempt"": 2, ""step_elapsed_s"": 3.051386215025559, ""step_event_index"": 6, ""total_hand_translation_m"": null, ""trial_finished_elapsed_s"": null, ""trial_recording"": true, ""trial_required_tool_ids"": [18]}"
2026-09-05T10:46:39.348-04:00,arunn,gesture,tts_finished,lifecycle,r1_bearing_left,Row 1.3: bearing into left stand,ready,2,7,,,,3.076982,,,,,,,,,,,,,,,,Row 1 left stand,,,,,"{""acquired_tool_ids"": [], ""acquisition_complete"": false, ""completed_steps"": [""r1_bearing_right""], ""head_rotation_deg"": null, ""head_translation_m"": null, ""left_hand_translation_m"": null, ""removed_tool_ids"": [19], ""right_hand_translation_m"": null, ""selected_step"": ""r1_bearing_left"", ""step_attempt"": 2, ""step_elapsed_s"": 3.0769963760394603, ""step_event_index"": 7, ""total_hand_translation_m"": null, ""trial_finished_elapsed_s"": null, ""trial_recording"": true, ""trial_required_tool_ids"": [18]}"
2026-09-05T10:46:39.398-04:00,arunn,gesture,tts_started,lifecycle,r1_bearing_left,Row 1.3: bearing into left stand,ready,2,8,,,,3.126234,,,,,,,,,,,,,,,,Row 1 left stand,,,,,"{""acquired_tool_ids"": [], ""acquisition_complete"": false, ""completed_steps"": [""r1_bearing_right""], ""head_rotation_deg"": null, ""head_translation_m"": null, ""left_hand_translation_m"": null, ""removed_tool_ids"": [19], ""right_hand_translation_m"": null, ""selected_step"": ""r1_bearing_left"", ""step_attempt"": 2, ""step_elapsed_s"": 3.126248389016837, ""step_event_index"": 8, ""total_hand_translation_m"": null, ""trial_finished_elapsed_s"": null, ""trial_recording"": true, ""trial_required_tool_ids"": [18]}"
2026-09-05T10:46:40.666-04:00,arunn,gesture,hover,hover,r1_bearing_left,Row 1.3: bearing into left stand,ready,2,9,21,GEAR_STAND_ROW2_RIGHT,,,,,,,,,,,,,,,,,,,,,,,"{""acquired_tool_ids"": [], ""acquisition_complete"": false, ""completed_steps"": [""r1_bearing_right""], ""head_rotation_deg"": null, ""head_translation_m"": null, ""left_hand_translation_m"": null, ""removed_tool_ids"": [19], ""right_hand_translation_m"": null, ""selected_step"": ""r1_bearing_left"", ""step_attempt"": 2, ""step_elapsed_s"": 4.39417184703052, ""step_event_index"": 9, ""total_hand_translation_m"": null, ""trial_finished_elapsed_s"": null, ""trial_recording"": true, ""trial_required_tool_ids"": [18]}"
2026-09-05T10:46:40.685-04:00,arunn,gesture,tts_queued,lifecycle,r1_bearing_left,Row 1.3: bearing into left stand,ready,2,10,,,,4.413402,,,,,,,,,,,,,,,,Row 2 right stand,,,replace_hover,,"{""acquired_tool_ids"": [], ""acquisition_complete"": false, ""completed_steps"": [""r1_bearing_right""], ""head_rotation_deg"": null, ""head_translation_m"": null, ""left_hand_translation_m"": null, ""removed_tool_ids"": [19], ""right_hand_translation_m"": null, ""selected_step"": ""r1_bearing_left"", ""step_attempt"": 2, ""step_elapsed_s"": 4.413422161946073, ""step_event_index"": 10, ""total_hand_translation_m"": null, ""trial_finished_elapsed_s"": null, ""trial_recording"": true, ""trial_required_tool_ids"": [18]}"
2026-09-05T10:46:40.719-04:00,arunn,gesture,tts_finished,lifecycle,r1_bearing_left,Row 1.3: bearing into left stand,ready,2,11,,,,4.447211,,,,,,,,,,,,,,,,Row 1 left stand,,,,,"{""acquired_tool_ids"": [], ""acquisition_complete"": false, ""completed_steps"": [""r1_bearing_right""], ""head_rotation_deg"": null, ""head_translation_m"": null, ""left_hand_translation_m"": null, ""removed_tool_ids"": [19], ""right_hand_translation_m"": null, ""selected_step"": ""r1_bearing_left"", ""step_attempt"": 2, ""step_elapsed_s"": 4.4472234540153295, ""step_event_index"": 11, ""total_hand_translation_m"": null, ""trial_finished_elapsed_s"": null, ""trial_recording"": true, ""trial_required_tool_ids"": [18]}"
2026-09-05T10:46:40.733-04:00,arunn,gesture,tts_started,lifecycle,r1_bearing_left,Row 1.3: bearing into left stand,ready,2,12,,,,4.461879,,,,,,,,,,,,,,,,Row 2 right stand,,,,,"{""acquired_tool_ids"": [], ""acquisition_complete"": false, ""completed_steps"": [""r1_bearing_right""], ""head_rotation_deg"": null, ""head_translation_m"": null, ""left_hand_translation_m"": null, ""removed_tool_ids"": [19], ""right_hand_translation_m"": null, ""selected_step"": ""r1_bearing_left"", ""step_attempt"": 2, ""step_elapsed_s"": 4.461892749997787, ""step_event_index"": 12, ""total_hand_translation_m"": null, ""trial_finished_elapsed_s"": null, ""trial_recording"": true, ""trial_required_tool_ids"": [18]}"
2026-09-05T10:46:41.445-04:00,arunn,gesture,hover,hover,r1_bearing_left,Row 1.3: bearing into left stand,ready,2,13,18,GEAR_STAND_ROW1_LEFT,,,,,,,,,,,,,,,,,,,,,,,"{""acquired_tool_ids"": [], ""acquisition_complete"": false, ""completed_steps"": [""r1_bearing_right""], ""head_rotation_deg"": null, ""head_translation_m"": null, ""left_hand_translation_m"": null, ""removed_tool_ids"": [19], ""right_hand_translation_m"": null, ""selected_step"": ""r1_bearing_left"", ""step_attempt"": 2, ""step_elapsed_s"": 5.173499793978408, ""step_event_index"": 13, ""total_hand_translation_m"": null, ""trial_finished_elapsed_s"": null, ""trial_recording"": true, ""trial_required_tool_ids"": [18]}"
2026-09-05T10:46:41.499-04:00,arunn,gesture,tts_queued,lifecycle,r1_bearing_left,Row 1.3: bearing into left stand,ready,2,14,,,,5.227370,,,,,,,,,,,,,,,,Row 1 left stand,,,replace_hover,,"{""acquired_tool_ids"": [], ""acquisition_complete"": false, ""completed_steps"": [""r1_bearing_right""], ""head_rotation_deg"": null, ""head_translation_m"": null, ""left_hand_translation_m"": null, ""removed_tool_ids"": [19], ""right_hand_translation_m"": null, ""selected_step"": ""r1_bearing_left"", ""step_attempt"": 2, ""step_elapsed_s"": 5.22738356795162, ""step_event_index"": 14, ""total_hand_translation_m"": null, ""trial_finished_elapsed_s"": null, ""trial_recording"": true, ""trial_required_tool_ids"": [18]}"
2026-09-05T10:46:41.549-04:00,arunn,gesture,hover,hover,r1_bearing_left,Row 1.3: bearing into left stand,ready,2,15,21,GEAR_STAND_ROW2_RIGHT,,,,,,,,,,,,,,,,,,,,,,,"{""acquired_tool_ids"": [], ""acquisition_complete"": false, ""completed_steps"": [""r1_bearing_right""], ""head_rotation_deg"": null, ""head_translation_m"": null, ""left_hand_translation_m"": null, ""removed_tool_ids"": [19], ""right_hand_translation_m"": null, ""selected_step"": ""r1_bearing_left"", ""step_attempt"": 2, ""step_elapsed_s"": 5.278096065041609, ""step_event_index"": 15, ""total_hand_translation_m"": null, ""trial_finished_elapsed_s"": null, ""trial_recording"": true, ""trial_required_tool_ids"": [18]}"
2026-09-05T10:46:41.558-04:00,arunn,gesture,tts_queued,lifecycle,r1_bearing_left,Row 1.3: bearing into left stand,ready,2,16,,,,5.286865,,,,,,,,,,,,,,,,Row 2 right stand,,,replace_hover,,"{""acquired_tool_ids"": [], ""acquisition_complete"": false, ""completed_steps"": [""r1_bearing_right""], ""head_rotation_deg"": null, ""head_translation_m"": null, ""left_hand_translation_m"": null, ""removed_tool_ids"": [19], ""right_hand_translation_m"": null, ""selected_step"": ""r1_bearing_left"", ""step_attempt"": 2, ""step_elapsed_s"": 5.28687348193489, ""step_event_index"": 16, ""total_hand_translation_m"": null, ""trial_finished_elapsed_s"": null, ""trial_recording"": true, ""trial_required_tool_ids"": [18]}"
2026-09-05T10:46:41.597-04:00,arunn,gesture,tts_finished,lifecycle,r1_bearing_left,Row 1.3: bearing into left stand,ready,2,17,,,,5.325446,,,,,,,,,,,,,,,,Row 2 right stand,,,,,"{""acquired_tool_ids"": [], ""acquisition_complete"": false, ""completed_steps"": [""r1_bearing_right""], ""head_rotation_deg"": null, ""head_translation_m"": null, ""left_hand_translation_m"": null, ""removed_tool_ids"": [19], ""right_hand_translation_m"": null, ""selected_step"": ""r1_bearing_left"", ""step_attempt"": 2, ""step_elapsed_s"": 5.325459421030246, ""step_event_index"": 17, ""total_hand_translation_m"": null, ""trial_finished_elapsed_s"": null, ""trial_recording"": true, ""trial_required_tool_ids"": [18]}"
2026-09-05T10:46:41.613-04:00,arunn,gesture,tts_started,lifecycle,r1_bearing_left,Row 1.3: bearing into left stand,ready,2,18,,,,5.342037,,,,,,,,,,,,,,,,Row 1 left stand,,,,,"{""acquired_tool_ids"": [], ""acquisition_complete"": false, ""completed_steps"": [""r1_bearing_right""], ""head_rotation_deg"": null, ""head_translation_m"": null, ""left_hand_translation_m"": null, ""removed_tool_ids"": [19], ""right_hand_translation_m"": null, ""selected_step"": ""r1_bearing_left"", ""step_attempt"": 2, ""step_elapsed_s"": 5.342047173995525, ""step_event_index"": 18, ""total_hand_translation_m"": null, ""trial_finished_elapsed_s"": null, ""trial_recording"": true, ""trial_required_tool_ids"": [18]}"
2026-09-05T10:46:41.627-04:00,arunn,gesture,tts_finished,lifecycle,r1_bearing_left,Row 1.3: bearing into left stand,ready,2,19,,,,5.355484,,,,,,,,,,,,,,,,Row 1 left stand,,,,,"{""acquired_tool_ids"": [], ""acquisition_complete"": false, ""completed_steps"": [""r1_bearing_right""], ""head_rotation_deg"": null, ""head_translation_m"": null, ""left_hand_translation_m"": null, ""removed_tool_ids"": [19], ""right_hand_translation_m"": null, ""selected_step"": ""r1_bearing_left"", ""step_attempt"": 2, ""step_elapsed_s"": 5.355495142983273, ""step_event_index"": 19, ""total_hand_translation_m"": null, ""trial_finished_elapsed_s"": null, ""trial_recording"": true, ""trial_required_tool_ids"": [18]}"
2026-09-05T10:46:41.641-04:00,arunn,gesture,tts_started,lifecycle,r1_bearing_left,Row 1.3: bearing into left stand,ready,2,20,,,,5.369500,,,,,,,,,,,,,,,,Row 2 right stand,,,,,"{""acquired_tool_ids"": [], ""acquisition_complete"": false, ""completed_steps"": [""r1_bearing_right""], ""head_rotation_deg"": null, ""head_translation_m"": null, ""left_hand_translation_m"": null, ""removed_tool_ids"": [19], ""right_hand_translation_m"": null, ""selected_step"": ""r1_bearing_left"", ""step_attempt"": 2, ""step_elapsed_s"": 5.369506279937923, ""step_event_index"": 20, ""total_hand_translation_m"": null, ""trial_finished_elapsed_s"": null, ""trial_recording"": true, ""trial_required_tool_ids"": [18]}"
2026-09-05T10:46:43.107-04:00,arunn,gesture,tts_finished,lifecycle,r1_bearing_left,Row 1.3: bearing into left stand,ready,2,21,,,,6.835914,,,,,,,,,,,,,,,,Row 2 right stand,,,,,"{""acquired_tool_ids"": [], ""acquisition_complete"": false, ""completed_steps"": [""r1_bearing_right""], ""head_rotation_deg"": null, ""head_translation_m"": null, ""left_hand_translation_m"": null, ""removed_tool_ids"": [19], ""right_hand_translation_m"": null, ""selected_step"": ""r1_bearing_left"", ""step_attempt"": 2, ""step_elapsed_s"": 6.835924322949722, ""step_event_index"": 21, ""total_hand_translation_m"": null, ""trial_finished_elapsed_s"": null, ""trial_recording"": true, ""trial_required_tool_ids"": [18]}"
2026-09-05T10:46:44.225-04:00,arunn,gesture,hover,hover,r1_bearing_left,Row 1.3: bearing into left stand,ready,2,22,18,GEAR_STAND_ROW1_LEFT,,,,,,,,,,,,,,,,,,,,,,,"{""acquired_tool_ids"": [], ""acquisition_complete"": false, ""completed_steps"": [""r1_bearing_right""], ""head_rotation_deg"": null, ""head_translation_m"": null, ""left_hand_translation_m"": null, ""removed_tool_ids"": [19], ""right_hand_translation_m"": null, ""selected_step"": ""r1_bearing_left"", ""step_attempt"": 2, ""step_elapsed_s"": 7.954078475013375, ""step_event_index"": 22, ""total_hand_translation_m"": null, ""trial_finished_elapsed_s"": null, ""trial_recording"": true, ""trial_required_tool_ids"": [18]}"
2026-09-05T10:46:44.257-04:00,arunn,gesture,tts_queued,lifecycle,r1_bearing_left,Row 1.3: bearing into left stand,ready,2,23,,,,7.985134,,,,,,,,,,,,,,,,Row 1 left stand,,,replace_hover,,"{""acquired_tool_ids"": [], ""acquisition_complete"": false, ""completed_steps"": [""r1_bearing_right""], ""head_rotation_deg"": null, ""head_translation_m"": null, ""left_hand_translation_m"": null, ""removed_tool_ids"": [19], ""right_hand_translation_m"": null, ""selected_step"": ""r1_bearing_left"", ""step_attempt"": 2, ""step_elapsed_s"": 7.985145736020058, ""step_event_index"": 23, ""total_hand_translation_m"": null, ""trial_finished_elapsed_s"": null, ""trial_recording"": true, ""trial_required_tool_ids"": [18]}"
2026-09-05T10:46:44.296-04:00,arunn,gesture,tts_started,lifecycle,r1_bearing_left,Row 1.3: bearing into left stand,ready,2,24,,,,8.024967,,,,,,,,,,,,,,,,Row 1 left stand,,,,,"{""acquired_tool_ids"": [], ""acquisition_complete"": false, ""completed_steps"": [""r1_bearing_right""], ""head_rotation_deg"": null, ""head_translation_m"": null, ""left_hand_translation_m"": null, ""removed_tool_ids"": [19], ""right_hand_translation_m"": null, ""selected_step"": ""r1_bearing_left"", ""step_attempt"": 2, ""step_elapsed_s"": 8.024979347945191, ""step_event_index"": 24, ""total_hand_translation_m"": null, ""trial_finished_elapsed_s"": null, ""trial_recording"": true, ""trial_required_tool_ids"": [18]}"
2026-09-05T10:46:44.366-04:00,arunn,gesture,hover,hover,r1_bearing_left,Row 1.3: bearing into left stand,ready,2,25,21,GEAR_STAND_ROW2_RIGHT,,,,,,,,,,,,,,,,,,,,,,,"{""acquired_tool_ids"": [], ""acquisition_complete"": false, ""completed_steps"": [""r1_bearing_right""], ""head_rotation_deg"": null, ""head_translation_m"": null, ""left_hand_translation_m"": null, ""removed_tool_ids"": [19], ""right_hand_translation_m"": null, ""selected_step"": ""r1_bearing_left"", ""step_attempt"": 2, ""step_elapsed_s"": 8.094287696992978, ""step_event_index"": 25, ""total_hand_translation_m"": null, ""trial_finished_elapsed_s"": null, ""trial_recording"": true, ""trial_required_tool_ids"": [18]}"
2026-09-05T10:46:44.377-04:00,arunn,gesture,tts_queued,lifecycle,r1_bearing_left,Row 1.3: bearing into left stand,ready,2,26,,,,8.105810,,,,,,,,,,,,,,,,Row 2 right stand,,,replace_hover,,"{""acquired_tool_ids"": [], ""acquisition_complete"": false, ""completed_steps"": [""r1_bearing_right""], ""head_rotation_deg"": null, ""head_translation_m"": null, ""left_hand_translation_m"": null, ""removed_tool_ids"": [19], ""right_hand_translation_m"": null, ""selected_step"": ""r1_bearing_left"", ""step_attempt"": 2, ""step_elapsed_s"": 8.10581795196049, ""step_event_index"": 26, ""total_hand_translation_m"": null, ""trial_finished_elapsed_s"": null, ""trial_recording"": true, ""trial_required_tool_ids"": [18]}"
2026-09-05T10:46:44.441-04:00,arunn,gesture,tts_finished,lifecycle,r1_bearing_left,Row 1.3: bearing into left stand,ready,2,27,,,,8.169994,,,,,,,,,,,,,,,,Row 1 left stand,,,,,"{""acquired_tool_ids"": [], ""acquisition_complete"": false, ""completed_steps"": [""r1_bearing_right""], ""head_rotation_deg"": null, ""head_translation_m"": null, ""left_hand_translation_m"": null, ""removed_tool_ids"": [19], ""right_hand_translation_m"": null, ""selected_step"": ""r1_bearing_left"", ""step_attempt"": 2, ""step_elapsed_s"": 8.170008840970695, ""step_event_index"": 27, ""total_hand_translation_m"": null, ""trial_finished_elapsed_s"": null, ""trial_recording"": true, ""trial_required_tool_ids"": [18]}"
2026-09-05T10:46:44.492-04:00,arunn,gesture,tts_started,lifecycle,r1_bearing_left,Row 1.3: bearing into left stand,ready,2,28,,,,8.220907,,,,,,,,,,,,,,,,Row 2 right stand,,,,,"{""acquired_tool_ids"": [], ""acquisition_complete"": false, ""completed_steps"": [""r1_bearing_right""], ""head_rotation_deg"": null, ""head_translation_m"": null, ""left_hand_translation_m"": null, ""removed_tool_ids"": [19], ""right_hand_translation_m"": null, ""selected_step"": ""r1_bearing_left"", ""step_attempt"": 2, ""step_elapsed_s"": 8.220919145038351, ""step_event_index"": 28, ""total_hand_translation_m"": null, ""trial_finished_elapsed_s"": null, ""trial_recording"": true, ""trial_required_tool_ids"": [18]}"
2026-09-05T10:46:45.809-04:00,arunn,gesture,tts_finished,lifecycle,r1_bearing_left,Row 1.3: bearing into left stand,ready,2,29,,,,9.537113,,,,,,,,,,,,,,,,Row 2 right stand,,,,,"{""acquired_tool_ids"": [], ""acquisition_complete"": false, ""completed_steps"": [""r1_bearing_right""], ""head_rotation_deg"": null, ""head_translation_m"": null, ""left_hand_translation_m"": null, ""removed_tool_ids"": [19], ""right_hand_translation_m"": null, ""selected_step"": ""r1_bearing_left"", ""step_attempt"": 2, ""step_elapsed_s"": 9.53712455695495, ""step_event_index"": 29, ""total_hand_translation_m"": null, ""trial_finished_elapsed_s"": null, ""trial_recording"": true, ""trial_required_tool_ids"": [18]}"
2026-09-05T10:46:48.669-04:00,arunn,gesture,hover,hover,r1_bearing_left,Row 1.3: bearing into left stand,ready,2,30,31,GEAR_ROW4_LEFT,,,,,,,,,,,,,,,,,,,,,,,"{""acquired_tool_ids"": [], ""acquisition_complete"": false, ""completed_steps"": [""r1_bearing_right""], ""head_rotation_deg"": null, ""head_translation_m"": null, ""left_hand_translation_m"": null, ""removed_tool_ids"": [19], ""right_hand_translation_m"": null, ""selected_step"": ""r1_bearing_left"", ""step_attempt"": 2, ""step_elapsed_s"": 12.39722714596428, ""step_event_index"": 30, ""total_hand_translation_m"": null, ""trial_finished_elapsed_s"": null, ""trial_recording"": true, ""trial_required_tool_ids"": [18]}"
2026-09-05T10:46:48.724-04:00,arunn,gesture,tts_queued,lifecycle,r1_bearing_left,Row 1.3: bearing into left stand,ready,2,31,,,,12.452426,,,,,,,,,,,,,,,,Row 4 left gear,,,replace_hover,,"{""acquired_tool_ids"": [], ""acquisition_complete"": false, ""completed_steps"": [""r1_bearing_right""], ""head_rotation_deg"": null, ""head_translation_m"": null, ""left_hand_translation_m"": null, ""removed_tool_ids"": [19], ""right_hand_translation_m"": null, ""selected_step"": ""r1_bearing_left"", ""step_attempt"": 2, ""step_elapsed_s"": 12.452445422997698, ""step_event_index"": 31, ""total_hand_translation_m"": null, ""trial_finished_elapsed_s"": null, ""trial_recording"": true, ""trial_required_tool_ids"": [18]}"
2026-09-05T10:46:48.792-04:00,arunn,gesture,tts_started,lifecycle,r1_bearing_left,Row 1.3: bearing into left stand,ready,2,32,,,,12.520512,,,,,,,,,,,,,,,,Row 4 left gear,,,,,"{""acquired_tool_ids"": [], ""acquisition_complete"": false, ""completed_steps"": [""r1_bearing_right""], ""head_rotation_deg"": null, ""head_translation_m"": null, ""left_hand_translation_m"": null, ""removed_tool_ids"": [19], ""right_hand_translation_m"": null, ""selected_step"": ""r1_bearing_left"", ""step_attempt"": 2, ""step_elapsed_s"": 12.52053075004369, ""step_event_index"": 32, ""total_hand_translation_m"": null, ""trial_finished_elapsed_s"": null, ""trial_recording"": true, ""trial_required_tool_ids"": [18]}"
2026-09-05T10:46:49.266-04:00,arunn,gesture,hover,hover,r1_bearing_left,Row 1.3: bearing into left stand,ready,2,33,23,GEAR_STAND_ROW3_RIGHT,,,,,,,,,,,,,,,,,,,,,,,"{""acquired_tool_ids"": [], ""acquisition_complete"": false, ""completed_steps"": [""r1_bearing_right""], ""head_rotation_deg"": null, ""head_translation_m"": null, ""left_hand_translation_m"": null, ""removed_tool_ids"": [19], ""right_hand_translation_m"": null, ""selected_step"": ""r1_bearing_left"", ""step_attempt"": 2, ""step_elapsed_s"": 12.994213811005466, ""step_event_index"": 33, ""total_hand_translation_m"": null, ""trial_finished_elapsed_s"": null, ""trial_recording"": true, ""trial_required_tool_ids"": [18]}"
2026-09-05T10:46:49.314-04:00,arunn,gesture,tts_queued,lifecycle,r1_bearing_left,Row 1.3: bearing into left stand,ready,2,34,,,,13.042282,,,,,,,,,,,,,,,,Row 3 right stand,,,replace_hover,,"{""acquired_tool_ids"": [], ""acquisition_complete"": false, ""completed_steps"": [""r1_bearing_right""], ""head_rotation_deg"": null, ""head_translation_m"": null, ""left_hand_translation_m"": null, ""removed_tool_ids"": [19], ""right_hand_translation_m"": null, ""selected_step"": ""r1_bearing_left"", ""step_attempt"": 2, ""step_elapsed_s"": 13.04230839794036, ""step_event_index"": 34, ""total_hand_translation_m"": null, ""trial_finished_elapsed_s"": null, ""trial_recording"": true, ""trial_required_tool_ids"": [18]}"
2026-09-05T10:46:49.351-04:00,arunn,gesture,tts_finished,lifecycle,r1_bearing_left,Row 1.3: bearing into left stand,ready,2,35,,,,13.079711,,,,,,,,,,,,,,,,Row 4 left gear,,,,,"{""acquired_tool_ids"": [], ""acquisition_complete"": false, ""completed_steps"": [""r1_bearing_right""], ""head_rotation_deg"": null, ""head_translation_m"": null, ""left_hand_translation_m"": null, ""removed_tool_ids"": [19], ""right_hand_translation_m"": null, ""selected_step"": ""r1_bearing_left"", ""step_attempt"": 2, ""step_elapsed_s"": 13.07972294895444, ""step_event_index"": 35, ""total_hand_translation_m"": null, ""trial_finished_elapsed_s"": null, ""trial_recording"": true, ""trial_required_tool_ids"": [18]}"
2026-09-05T10:46:49.415-04:00,arunn,gesture,tts_started,lifecycle,r1_bearing_left,Row 1.3: bearing into left stand,ready,2,36,,,,13.143940,,,,,,,,,,,,,,,,Row 3 right stand,,,,,"{""acquired_tool_ids"": [], ""acquisition_complete"": false, ""completed_steps"": [""r1_bearing_right""], ""head_rotation_deg"": null, ""head_translation_m"": null, ""left_hand_translation_m"": null, ""removed_tool_ids"": [19], ""right_hand_translation_m"": null, ""selected_step"": ""r1_bearing_left"", ""step_attempt"": 2, ""step_elapsed_s"": 13.14395354303997, ""step_event_index"": 36, ""total_hand_translation_m"": null, ""trial_finished_elapsed_s"": null, ""trial_recording"": true, ""trial_required_tool_ids"": [18]}"
2026-09-05T10:46:49.520-04:00,arunn,gesture,hover,hover,r1_bearing_left,Row 1.3: bearing into left stand,ready,2,37,21,GEAR_STAND_ROW2_RIGHT,,,,,,,,,,,,,,,,,,,,,,,"{""acquired_tool_ids"": [], ""acquisition_complete"": false, ""completed_steps"": [""r1_bearing_right""], ""head_rotation_deg"": null, ""head_translation_m"": null, ""left_hand_translation_m"": null, ""removed_tool_ids"": [19], ""right_hand_translation_m"": null, ""selected_step"": ""r1_bearing_left"", ""step_attempt"": 2, ""step_elapsed_s"": 13.24830195098184, ""step_event_index"": 37, ""total_hand_translation_m"": null, ""trial_finished_elapsed_s"": null, ""trial_recording"": true, ""trial_required_tool_ids"": [18]}"
2026-09-05T10:46:49.559-04:00,arunn,gesture,tts_queued,lifecycle,r1_bearing_left,Row 1.3: bearing into left stand,ready,2,38,,,,13.287621,,,,,,,,,,,,,,,,Row 2 right stand,,,replace_hover,,"{""acquired_tool_ids"": [], ""acquisition_complete"": false, ""completed_steps"": [""r1_bearing_right""], ""head_rotation_deg"": null, ""head_translation_m"": null, ""left_hand_translation_m"": null, ""removed_tool_ids"": [19], ""right_hand_translation_m"": null, ""selected_step"": ""r1_bearing_left"", ""step_attempt"": 2, ""step_elapsed_s"": 13.287633877014741, ""step_event_index"": 38, ""total_hand_translation_m"": null, ""trial_finished_elapsed_s"": null, ""trial_recording"": true, ""trial_required_tool_ids"": [18]}"
2026-09-05T10:46:49.590-04:00,arunn,gesture,tts_finished,lifecycle,r1_bearing_left,Row 1.3: bearing into left stand,ready,2,39,,,,13.318438,,,,,,,,,,,,,,,,Row 3 right stand,,,,,"{""acquired_tool_ids"": [], ""acquisition_complete"": false, ""completed_steps"": [""r1_bearing_right""], ""head_rotation_deg"": null, ""head_translation_m"": null, ""left_hand_translation_m"": null, ""removed_tool_ids"": [19], ""right_hand_translation_m"": null, ""selected_step"": ""r1_bearing_left"", ""step_attempt"": 2, ""step_elapsed_s"": 13.318449640995823, ""step_event_index"": 39, ""total_hand_translation_m"": null, ""trial_finished_elapsed_s"": null, ""trial_recording"": true, ""trial_required_tool_ids"": [18]}"
2026-09-05T10:46:49.622-04:00,arunn,gesture,tts_started,lifecycle,r1_bearing_left,Row 1.3: bearing into left stand,ready,2,40,,,,13.350130,,,,,,,,,,,,,,,,Row 2 right stand,,,,,"{""acquired_tool_ids"": [], ""acquisition_complete"": false, ""completed_steps"": [""r1_bearing_right""], ""head_rotation_deg"": null, ""head_translation_m"": null, ""left_hand_translation_m"": null, ""removed_tool_ids"": [19], ""right_hand_translation_m"": null, ""selected_step"": ""r1_bearing_left"", ""step_attempt"": 2, ""step_elapsed_s"": 13.350142300943844, ""step_event_index"": 40, ""total_hand_translation_m"": null, ""trial_finished_elapsed_s"": null, ""trial_recording"": true, ""trial_required_tool_ids"": [18]}"
2026-09-05T10:46:49.694-04:00,arunn,gesture,hover,hover,r1_bearing_left,Row 1.3: bearing into left stand,ready,2,41,23,GEAR_STAND_ROW3_RIGHT,,,,,,,,,,,,,,,,,,,,,,,"{""acquired_tool_ids"": [], ""acquisition_complete"": false, ""completed_steps"": [""r1_bearing_right""], ""head_rotation_deg"": null, ""head_translation_m"": null, ""left_hand_translation_m"": null, ""removed_tool_ids"": [19], ""right_hand_translation_m"": null, ""selected_step"": ""r1_bearing_left"", ""step_attempt"": 2, ""step_elapsed_s"": 13.422344260034151, ""step_event_index"": 41, ""total_hand_translation_m"": null, ""trial_finished_elapsed_s"": null, ""trial_recording"": true, ""trial_required_tool_ids"": [18]}"
2026-09-05T10:46:49.706-04:00,arunn,gesture,tts_queued,lifecycle,r1_bearing_left,Row 1.3: bearing into left stand,ready,2,42,,,,13.435086,,,,,,,,,,,,,,,,Row 3 right stand,,,replace_hover,,"{""acquired_tool_ids"": [], ""acquisition_complete"": false, ""completed_steps"": [""r1_bearing_right""], ""head_rotation_deg"": null, ""head_translation_m"": null, ""left_hand_translation_m"": null, ""removed_tool_ids"": [19], ""right_hand_translation_m"": null, ""selected_step"": ""r1_bearing_left"", ""step_attempt"": 2, ""step_elapsed_s"": 13.435095543973148, ""step_event_index"": 42, ""total_hand_translation_m"": null, ""trial_finished_elapsed_s"": null, ""trial_recording"": true, ""trial_required_tool_ids"": [18]}"
2026-09-05T10:46:49.727-04:00,arunn,gesture,tts_finished,lifecycle,r1_bearing_left,Row 1.3: bearing into left stand,ready,2,43,,,,13.455915,,,,,,,,,,,,,,,,Row 2 right stand,,,,,"{""acquired_tool_ids"": [], ""acquisition_complete"": false, ""completed_steps"": [""r1_bearing_right""], ""head_rotation_deg"": null, ""head_translation_m"": null, ""left_hand_translation_m"": null, ""removed_tool_ids"": [19], ""right_hand_translation_m"": null, ""selected_step"": ""r1_bearing_left"", ""step_attempt"": 2, ""step_elapsed_s"": 13.455926461028866, ""step_event_index"": 43, ""total_hand_translation_m"": null, ""trial_finished_elapsed_s"": null, ""trial_recording"": true, ""trial_required_tool_ids"": [18]}"
2026-09-05T10:46:49.743-04:00,arunn,gesture,tts_started,lifecycle,r1_bearing_left,Row 1.3: bearing into left stand,ready,2,44,,,,13.471521,,,,,,,,,,,,,,,,Row 3 right stand,,,,,"{""acquired_tool_ids"": [], ""acquisition_complete"": false, ""completed_steps"": [""r1_bearing_right""], ""head_rotation_deg"": null, ""head_translation_m"": null, ""left_hand_translation_m"": null, ""removed_tool_ids"": [19], ""right_hand_translation_m"": null, ""selected_step"": ""r1_bearing_left"", ""step_attempt"": 2, ""step_elapsed_s"": 13.471535061951727, ""step_event_index"": 44, ""total_hand_translation_m"": null, ""trial_finished_elapsed_s"": null, ""trial_recording"": true, ""trial_required_tool_ids"": [18]}"
2026-09-05T10:46:50.324-04:00,arunn,gesture,hover,hover,r1_bearing_left,Row 1.3: bearing into left stand,ready,2,45,21,GEAR_STAND_ROW2_RIGHT,,,,,,,,,,,,,,,,,,,,,,,"{""acquired_tool_ids"": [], ""acquisition_complete"": false, ""completed_steps"": [""r1_bearing_right""], ""head_rotation_deg"": null, ""head_translation_m"": null, ""left_hand_translation_m"": null, ""removed_tool_ids"": [19], ""right_hand_translation_m"": null, ""selected_step"": ""r1_bearing_left"", ""step_attempt"": 2, ""step_elapsed_s"": 14.052316677989438, ""step_event_index"": 45, ""total_hand_translation_m"": null, ""trial_finished_elapsed_s"": null, ""trial_recording"": true, ""trial_required_tool_ids"": [18]}"
2026-09-05T10:46:50.363-04:00,arunn,gesture,tts_queued,lifecycle,r1_bearing_left,Row 1.3: bearing into left stand,ready,2,46,,,,14.091962,,,,,,,,,,,,,,,,Row 2 right stand,,,replace_hover,,"{""acquired_tool_ids"": [], ""acquisition_complete"": false, ""completed_steps"": [""r1_bearing_right""], ""head_rotation_deg"": null, ""head_translation_m"": null, ""left_hand_translation_m"": null, ""removed_tool_ids"": [19], ""right_hand_translation_m"": null, ""selected_step"": ""r1_bearing_left"", ""step_attempt"": 2, ""step_elapsed_s"": 14.091973187983967, ""step_event_index"": 46, ""total_hand_translation_m"": null, ""trial_finished_elapsed_s"": null, ""trial_recording"": true, ""trial_required_tool_ids"": [18]}"
2026-09-05T10:46:50.464-04:00,arunn,gesture,tts_finished,lifecycle,r1_bearing_left,Row 1.3: bearing into left stand,ready,2,47,,,,14.192472,,,,,,,,,,,,,,,,Row 3 right stand,,,,,"{""acquired_tool_ids"": [], ""acquisition_complete"": false, ""completed_steps"": [""r1_bearing_right""], ""head_rotation_deg"": null, ""head_translation_m"": null, ""left_hand_translation_m"": null, ""removed_tool_ids"": [19], ""right_hand_translation_m"": null, ""selected_step"": ""r1_bearing_left"", ""step_attempt"": 2, ""step_elapsed_s"": 14.192484652041458, ""step_event_index"": 47, ""total_hand_translation_m"": null, ""trial_finished_elapsed_s"": null, ""trial_recording"": true, ""trial_required_tool_ids"": [18]}"
2026-09-05T10:46:50.527-04:00,arunn,gesture,tts_started,lifecycle,r1_bearing_left,Row 1.3: bearing into left stand,ready,2,48,,,,14.255401,,,,,,,,,,,,,,,,Row 2 right stand,,,,,"{""acquired_tool_ids"": [], ""acquisition_complete"": false, ""completed_steps"": [""r1_bearing_right""], ""head_rotation_deg"": null, ""head_translation_m"": null, ""left_hand_translation_m"": null, ""removed_tool_ids"": [19], ""right_hand_translation_m"": null, ""selected_step"": ""r1_bearing_left"", ""step_attempt"": 2, ""step_elapsed_s"": 14.25541311095003, ""step_event_index"": 48, ""total_hand_translation_m"": null, ""trial_finished_elapsed_s"": null, ""trial_recording"": true, ""trial_required_tool_ids"": [18]}"
2026-09-05T10:46:50.711-04:00,arunn,gesture,hover,hover,r1_bearing_left,Row 1.3: bearing into left stand,ready,2,49,18,GEAR_STAND_ROW1_LEFT,,,,,,,,,,,,,,,,,,,,,,,"{""acquired_tool_ids"": [], ""acquisition_complete"": false, ""completed_steps"": [""r1_bearing_right""], ""head_rotation_deg"": null, ""head_translation_m"": null, ""left_hand_translation_m"": null, ""removed_tool_ids"": [19], ""right_hand_translation_m"": null, ""selected_step"": ""r1_bearing_left"", ""step_attempt"": 2, ""step_elapsed_s"": 14.440113845048472, ""step_event_index"": 49, ""total_hand_translation_m"": null, ""trial_finished_elapsed_s"": null, ""trial_recording"": true, ""trial_required_tool_ids"": [18]}"
2026-09-05T10:46:50.729-04:00,arunn,gesture,tts_queued,lifecycle,r1_bearing_left,Row 1.3: bearing into left stand,ready,2,50,,,,14.457233,,,,,,,,,,,,,,,,Row 1 left stand,,,replace_hover,,"{""acquired_tool_ids"": [], ""acquisition_complete"": false, ""completed_steps"": [""r1_bearing_right""], ""head_rotation_deg"": null, ""head_translation_m"": null, ""left_hand_translation_m"": null, ""removed_tool_ids"": [19], ""right_hand_translation_m"": null, ""selected_step"": ""r1_bearing_left"", ""step_attempt"": 2, ""step_elapsed_s"": 14.457242286996916, ""step_event_index"": 50, ""total_hand_translation_m"": null, ""trial_finished_elapsed_s"": null, ""trial_recording"": true, ""trial_required_tool_ids"": [18]}"
2026-09-05T10:46:50.774-04:00,arunn,gesture,tts_finished,lifecycle,r1_bearing_left,Row 1.3: bearing into left stand,ready,2,51,,,,14.502143,,,,,,,,,,,,,,,,Row 2 right stand,,,,,"{""acquired_tool_ids"": [], ""acquisition_complete"": false, ""completed_steps"": [""r1_bearing_right""], ""head_rotation_deg"": null, ""head_translation_m"": null, ""left_hand_translation_m"": null, ""removed_tool_ids"": [19], ""right_hand_translation_m"": null, ""selected_step"": ""r1_bearing_left"", ""step_attempt"": 2, ""step_elapsed_s"": 14.502157079987228, ""step_event_index"": 51, ""total_hand_translation_m"": null, ""trial_finished_elapsed_s"": null, ""trial_recording"": true, ""trial_required_tool_ids"": [18]}"
2026-09-05T10:46:50.804-04:00,arunn,gesture,tts_started,lifecycle,r1_bearing_left,Row 1.3: bearing into left stand,ready,2,52,,,,14.532386,,,,,,,,,,,,,,,,Row 1 left stand,,,,,"{""acquired_tool_ids"": [], ""acquisition_complete"": false, ""completed_steps"": [""r1_bearing_right""], ""head_rotation_deg"": null, ""head_translation_m"": null, ""left_hand_translation_m"": null, ""removed_tool_ids"": [19], ""right_hand_translation_m"": null, ""selected_step"": ""r1_bearing_left"", ""step_attempt"": 2, ""step_elapsed_s"": 14.532398440991528, ""step_event_index"": 52, ""total_hand_translation_m"": null, ""trial_finished_elapsed_s"": null, ""trial_recording"": true, ""trial_required_tool_ids"": [18]}"
2026-09-05T10:46:51.966-04:00,arunn,gesture,hover,hover,r1_bearing_left,Row 1.3: bearing into left stand,ready,2,53,18,GEAR_STAND_ROW1_LEFT,,,,,,,,,,,,,,,,,,,,,,,"{""acquired_tool_ids"": [], ""acquisition_complete"": false, ""completed_steps"": [""r1_bearing_right""], ""head_rotation_deg"": null, ""head_translation_m"": null, ""left_hand_translation_m"": null, ""removed_tool_ids"": [19], ""right_hand_translation_m"": null, ""selected_step"": ""r1_bearing_left"", ""step_attempt"": 2, ""step_elapsed_s"": 15.694858422968537, ""step_event_index"": 53, ""total_hand_translation_m"": null, ""trial_finished_elapsed_s"": null, ""trial_recording"": true, ""trial_required_tool_ids"": [18]}"
2026-09-05T10:46:52.015-04:00,arunn,gesture,tts_queued,lifecycle,r1_bearing_left,Row 1.3: bearing into left stand,ready,2,54,,,,15.743975,,,,,,,,,,,,,,,,Row 1 left stand,,,replace_hover,,"{""acquired_tool_ids"": [], ""acquisition_complete"": false, ""completed_steps"": [""r1_bearing_right""], ""head_rotation_deg"": null, ""head_translation_m"": null, ""left_hand_translation_m"": null, ""removed_tool_ids"": [19], ""right_hand_translation_m"": null, ""selected_step"": ""r1_bearing_left"", ""step_attempt"": 2, ""step_elapsed_s"": 15.743982795975171, ""step_event_index"": 54, ""total_hand_translation_m"": null, ""trial_finished_elapsed_s"": null, ""trial_recording"": true, ""trial_required_tool_ids"": [18]}"
2026-09-05T10:46:52.069-04:00,arunn,gesture,tts_finished,lifecycle,r1_bearing_left,Row 1.3: bearing into left stand,ready,2,55,,,,15.798074,,,,,,,,,,,,,,,,Row 1 left stand,,,,,"{""acquired_tool_ids"": [], ""acquisition_complete"": false, ""completed_steps"": [""r1_bearing_right""], ""head_rotation_deg"": null, ""head_translation_m"": null, ""left_hand_translation_m"": null, ""removed_tool_ids"": [19], ""right_hand_translation_m"": null, ""selected_step"": ""r1_bearing_left"", ""step_attempt"": 2, ""step_elapsed_s"": 15.798090604017489, ""step_event_index"": 55, ""total_hand_translation_m"": null, ""trial_finished_elapsed_s"": null, ""trial_recording"": true, ""trial_required_tool_ids"": [18]}"
2026-09-05T10:46:52.135-04:00,arunn,gesture,tts_started,lifecycle,r1_bearing_left,Row 1.3: bearing into left stand,ready,2,56,,,,15.863237,,,,,,,,,,,,,,,,Row 1 left stand,,,,,"{""acquired_tool_ids"": [], ""acquisition_complete"": false, ""completed_steps"": [""r1_bearing_right""], ""head_rotation_deg"": null, ""head_translation_m"": null, ""left_hand_translation_m"": null, ""removed_tool_ids"": [19], ""right_hand_translation_m"": null, ""selected_step"": ""r1_bearing_left"", ""step_attempt"": 2, ""step_elapsed_s"": 15.863251570961438, ""step_event_index"": 56, ""total_hand_translation_m"": null, ""trial_finished_elapsed_s"": null, ""trial_recording"": true, ""trial_required_tool_ids"": [18]}"
2026-09-05T10:46:52.278-04:00,arunn,gesture,hover,hover,r1_bearing_left,Row 1.3: bearing into left stand,ready,2,57,21,GEAR_STAND_ROW2_RIGHT,,,,,,,,,,,,,,,,,,,,,,,"{""acquired_tool_ids"": [], ""acquisition_complete"": false, ""completed_steps"": [""r1_bearing_right""], ""head_rotation_deg"": null, ""head_translation_m"": null, ""left_hand_translation_m"": null, ""removed_tool_ids"": [19], ""right_hand_translation_m"": null, ""selected_step"": ""r1_bearing_left"", ""step_attempt"": 2, ""step_elapsed_s"": 16.006426132982597, ""step_event_index"": 57, ""total_hand_translation_m"": null, ""trial_finished_elapsed_s"": null, ""trial_recording"": true, ""trial_required_tool_ids"": [18]}"
2026-09-05T10:46:52.332-04:00,arunn,gesture,tts_queued,lifecycle,r1_bearing_left,Row 1.3: bearing into left stand,ready,2,58,,,,16.060396,,,,,,,,,,,,,,,,Row 2 right stand,,,replace_hover,,"{""acquired_tool_ids"": [], ""acquisition_complete"": false, ""completed_steps"": [""r1_bearing_right""], ""head_rotation_deg"": null, ""head_translation_m"": null, ""left_hand_translation_m"": null, ""removed_tool_ids"": [19], ""right_hand_translation_m"": null, ""selected_step"": ""r1_bearing_left"", ""step_attempt"": 2, ""step_elapsed_s"": 16.060408346005715, ""step_event_index"": 58, ""total_hand_translation_m"": null, ""trial_finished_elapsed_s"": null, ""trial_recording"": true, ""trial_required_tool_ids"": [18]}"
2026-09-05T10:46:52.382-04:00,arunn,gesture,tts_finished,lifecycle,r1_bearing_left,Row 1.3: bearing into left stand,ready,2,59,,,,16.110225,,,,,,,,,,,,,,,,Row 1 left stand,,,,,"{""acquired_tool_ids"": [], ""acquisition_complete"": false, ""completed_steps"": [""r1_bearing_right""], ""head_rotation_deg"": null, ""head_translation_m"": null, ""left_hand_translation_m"": null, ""removed_tool_ids"": [19], ""right_hand_translation_m"": null, ""selected_step"": ""r1_bearing_left"", ""step_attempt"": 2, ""step_elapsed_s"": 16.11024422198534, ""step_event_index"": 59, ""total_hand_translation_m"": null, ""trial_finished_elapsed_s"": null, ""trial_recording"": true, ""trial_required_tool_ids"": [18]}"
2026-09-05T10:46:52.430-04:00,arunn,gesture,tts_started,lifecycle,r1_bearing_left,Row 1.3: bearing into left stand,ready,2,60,,,,16.158850,,,,,,,,,,,,,,,,Row 2 right stand,,,,,"{""acquired_tool_ids"": [], ""acquisition_complete"": false, ""completed_steps"": [""r1_bearing_right""], ""head_rotation_deg"": null, ""head_translation_m"": null, ""left_hand_translation_m"": null, ""removed_tool_ids"": [19], ""right_hand_translation_m"": null, ""selected_step"": ""r1_bearing_left"", ""step_attempt"": 2, ""step_elapsed_s"": 16.15885845304001, ""step_event_index"": 60, ""total_hand_translation_m"": null, ""trial_finished_elapsed_s"": null, ""trial_recording"": true, ""trial_required_tool_ids"": [18]}"
2026-09-05T10:46:52.597-04:00,arunn,gesture,tts_queued,lifecycle,r1_bearing_left,Row 1.3: bearing into left stand,ready,2,61,,,,16.325298,,,,,,,,,,,,,,,,Wrong part.,,,replace,,"{""acquired_tool_ids"": [], ""acquisition_complete"": false, ""completed_steps"": [""r1_bearing_right""], ""head_rotation_deg"": null, ""head_translation_m"": null, ""left_hand_translation_m"": null, ""removed_tool_ids"": [19], ""right_hand_translation_m"": null, ""selected_step"": ""r1_bearing_left"", ""step_attempt"": 2, ""step_elapsed_s"": 16.32530572998803, ""step_event_index"": 61, ""total_hand_translation_m"": null, ""trial_finished_elapsed_s"": null, ""trial_recording"": true, ""trial_required_tool_ids"": [18]}"
2026-09-05T10:46:52.646-04:00,arunn,gesture,part_selection,click,r1_bearing_left,Row 1.3: bearing into left stand,ready,2,62,21,GEAR_STAND_ROW2_RIGHT,16.374694,16.374694,,,,,,,,,,,,,,,0,,,,,,"{""acquired_tool_ids"": [], ""acquisition_complete"": false, ""completed_steps"": [""r1_bearing_right""], ""head_rotation_deg"": null, ""head_translation_m"": null, ""left_hand_translation_m"": null, ""removed_tool_ids"": [19], ""right_hand_translation_m"": null, ""selected_step"": ""r1_bearing_left"", ""step_attempt"": 2, ""step_elapsed_s"": 16.374746724963188, ""step_event_index"": 62, ""total_hand_translation_m"": null, ""trial_finished_elapsed_s"": null, ""trial_recording"": true, ""trial_required_tool_ids"": [18]}"
2026-09-05T10:46:52.669-04:00,arunn,gesture,tts_finished,lifecycle,r1_bearing_left,Row 1.3: bearing into left stand,ready,2,63,,,,16.397790,,,,,,,,,,,,,,,,Row 2 right stand,,,,,"{""acquired_tool_ids"": [], ""acquisition_complete"": false, ""completed_steps"": [""r1_bearing_right""], ""head_rotation_deg"": null, ""head_translation_m"": null, ""left_hand_translation_m"": null, ""removed_tool_ids"": [19], ""right_hand_translation_m"": null, ""selected_step"": ""r1_bearing_left"", ""step_attempt"": 2, ""step_elapsed_s"": 16.397798439022154, ""step_event_index"": 63, ""total_hand_translation_m"": null, ""trial_finished_elapsed_s"": null, ""trial_recording"": true, ""trial_required_tool_ids"": [18]}"
2026-09-05T10:46:52.743-04:00,arunn,gesture,tts_started,lifecycle,r1_bearing_left,Row 1.3: bearing into left stand,ready,2,64,,,,16.471156,,,,,,,,,,,,,,,,Wrong part.,,,,,"{""acquired_tool_ids"": [], ""acquisition_complete"": false, ""completed_steps"": [""r1_bearing_right""], ""head_rotation_deg"": null, ""head_translation_m"": null, ""left_hand_translation_m"": null, ""removed_tool_ids"": [19], ""right_hand_translation_m"": null, ""selected_step"": ""r1_bearing_left"", ""step_attempt"": 2, ""step_elapsed_s"": 16.4711650069803, ""step_event_index"": 64, ""total_hand_translation_m"": null, ""trial_finished_elapsed_s"": null, ""trial_recording"": true, ""trial_required_tool_ids"": [18]}"
2026-09-05T10:46:53.291-04:00,arunn,gesture,hover,hover,r1_bearing_left,Row 1.3: bearing into left stand,ready,2,65,18,GEAR_STAND_ROW1_LEFT,,,,,,,,,,,,,,,,,,,,,,,"{""acquired_tool_ids"": [], ""acquisition_complete"": false, ""completed_steps"": [""r1_bearing_right""], ""head_rotation_deg"": null, ""head_translation_m"": null, ""left_hand_translation_m"": null, ""removed_tool_ids"": [19], ""right_hand_translation_m"": null, ""selected_step"": ""r1_bearing_left"", ""step_attempt"": 2, ""step_elapsed_s"": 17.01966841495596, ""step_event_index"": 65, ""total_hand_translation_m"": null, ""trial_finished_elapsed_s"": null, ""trial_recording"": true, ""trial_required_tool_ids"": [18]}"
2026-09-05T10:46:53.332-04:00,arunn,gesture,tts_queued,lifecycle,r1_bearing_left,Row 1.3: bearing into left stand,ready,2,66,,,,17.060790,,,,,,,,,,,,,,,,Row 1 left stand,,,replace_hover,,"{""acquired_tool_ids"": [], ""acquisition_complete"": false, ""completed_steps"": [""r1_bearing_right""], ""head_rotation_deg"": null, ""head_translation_m"": null, ""left_hand_translation_m"": null, ""removed_tool_ids"": [19], ""right_hand_translation_m"": null, ""selected_step"": ""r1_bearing_left"", ""step_attempt"": 2, ""step_elapsed_s"": 17.060825482942164, ""step_event_index"": 66, ""total_hand_translation_m"": null, ""trial_finished_elapsed_s"": null, ""trial_recording"": true, ""trial_required_tool_ids"": [18]}"
2026-09-05T10:46:53.381-04:00,arunn,gesture,tts_finished,lifecycle,r1_bearing_left,Row 1.3: bearing into left stand,ready,2,67,,,,17.109396,,,,,,,,,,,,,,,,Wrong part.,,,,,"{""acquired_tool_ids"": [], ""acquisition_complete"": false, ""completed_steps"": [""r1_bearing_right""], ""head_rotation_deg"": null, ""head_translation_m"": null, ""left_hand_translation_m"": null, ""removed_tool_ids"": [19], ""right_hand_translation_m"": null, ""selected_step"": ""r1_bearing_left"", ""step_attempt"": 2, ""step_elapsed_s"": 17.109417306957766, ""step_event_index"": 67, ""total_hand_translation_m"": null, ""trial_finished_elapsed_s"": null, ""trial_recording"": true, ""trial_required_tool_ids"": [18]}"
2026-09-05T10:46:53.401-04:00,arunn,gesture,tts_started,lifecycle,r1_bearing_left,Row 1.3: bearing into left stand,ready,2,68,,,,17.129386,,,,,,,,,,,,,,,,Row 1 left stand,,,,,"{""acquired_tool_ids"": [], ""acquisition_complete"": false, ""completed_steps"": [""r1_bearing_right""], ""head_rotation_deg"": null, ""head_translation_m"": null, ""left_hand_translation_m"": null, ""removed_tool_ids"": [19], ""right_hand_translation_m"": null, ""selected_step"": ""r1_bearing_left"", ""step_attempt"": 2, ""step_elapsed_s"": 17.129396500997245, ""step_event_index"": 68, ""total_hand_translation_m"": null, ""trial_finished_elapsed_s"": null, ""trial_recording"": true, ""trial_required_tool_ids"": [18]}"
2026-09-05T10:46:53.904-04:00,arunn,gesture,part_selection,click,r1_bearing_left,Row 1.3: bearing into left stand,ready,2,69,18,GEAR_STAND_ROW1_LEFT,17.632743,17.632743,,,,,,,,,,,,,,,1,,,,,,"{""acquired_tool_ids"": [18], ""acquisition_complete"": false, ""completed_steps"": [""r1_bearing_right""], ""head_rotation_deg"": null, ""head_translation_m"": null, ""left_hand_translation_m"": null, ""removed_tool_ids"": [19], ""right_hand_translation_m"": null, ""selected_step"": ""r1_bearing_left"", ""step_attempt"": 2, ""step_elapsed_s"": 17.632796757039614, ""step_event_index"": 69, ""total_hand_translation_m"": null, ""trial_finished_elapsed_s"": null, ""trial_recording"": true, ""trial_required_tool_ids"": [18]}"
2026-09-05T10:46:53.935-04:00,arunn,gesture,object_acquired,click,r1_bearing_left,Row 1.3: bearing into left stand,ready,2,70,18,GEAR_STAND_ROW1_LEFT,17.632743,17.632743,,,,,,,,,,,,,,,1,,,,,,"{""acquired_tool_ids"": [18], ""acquisition_complete"": false, ""completed_steps"": [""r1_bearing_right""], ""head_rotation_deg"": null, ""head_translation_m"": null, ""left_hand_translation_m"": null, ""removed_tool_ids"": [19], ""right_hand_translation_m"": null, ""selected_step"": ""r1_bearing_left"", ""step_attempt"": 2, ""step_elapsed_s"": 17.66312492999714, ""step_event_index"": 70, ""total_hand_translation_m"": null, ""trial_finished_elapsed_s"": null, ""trial_recording"": true, ""trial_required_tool_ids"": [18]}"
2026-09-05T10:46:54.003-04:00,arunn,gesture,step_acquisition_complete,click,r1_bearing_left,Row 1.3: bearing into left stand,ready,2,71,,,,17.727801,1.060778,129.190068,1.280751,2.467217,3.747968,0.000000,4.318037,4.318037,24.658381,0,16,0.000000,0.326982,0.326982,,,,,,,"{""acquired_tool_ids"": [18], ""acquisition_complete"": true, ""any_hover_time_s"": 4.3180368727771565, ""completed_steps"": [""r1_bearing_right""], ""head_rotation_deg"": 129.19006776021737, ""head_translation_m"": 1.0607783328903295, ""hover_time_percent"": 24.658380859157567, ""left_hand_translation_m"": 1.2807506052007063, ""left_hover_episodes"": 0, ""left_hover_time_s"": 0.0, ""left_hover_translation_m"": 0.0, ""removed_tool_ids"": [18, 19], ""right_hand_translation_m"": 2.4672173164326674, ""right_hover_episodes"": 16, ""right_hover_time_s"": 4.3180368727771565, ""right_hover_translation_m"": 0.32698158311152453, ""selected_step"": ""r1_bearing_left"", ""step_attempt"": 2, ""step_elapsed_s"": 17.72780115995556, ""step_event_index"": 71, ""total_hand_translation_m"": 3.7479679216333737, ""total_hover_translation_m"": 0.32698158311152453, ""trial_finished_elapsed_s"": 17.72780115995556, ""trial_recording"": false, ""trial_required_tool_ids"": [18]}"
2026-09-05T10:46:54.041-04:00,arunn,gesture,graph_complete,,r1_bearing_left,Row 1.3: bearing into left stand,complete,2,72,,,,,,,,,,,,,,,,,,,,,,,,,"{""acquired_tool_ids"": [18], ""acquisition_complete"": true, ""any_hover_time_s"": 4.3180368727771565, ""completed_steps"": [""r1_bearing_right"", ""r1_bearing_left""], ""head_rotation_deg"": 129.19006776021737, ""head_translation_m"": 1.0607783328903295, ""hover_time_percent"": 24.658380859157567, ""left_hand_translation_m"": 1.2807506052007063, ""left_hover_episodes"": 0, ""left_hover_time_s"": 0.0, ""left_hover_translation_m"": 0.0, ""removed_tool_ids"": [18, 19], ""right_hand_translation_m"": 2.4672173164326674, ""right_hover_episodes"": 16, ""right_hover_time_s"": 4.3180368727771565, ""right_hover_translation_m"": 0.32698158311152453, ""selected_step"": ""r1_bearing_left"", ""step_attempt"": 2, ""step_elapsed_s"": 17.72780115995556, ""step_event_index"": 72, ""total_hand_translation_m"": 3.7479679216333737, ""total_hover_translation_m"": 0.32698158311152453, ""trial_finished_elapsed_s"": 17.72780115995556, ""trial_recording"": false, ""trial_required_tool_ids"": [18]}"
2026-09-05T10:47:05.752-04:00,arunn,gesture,step_started,keyboard,r2_gear_rod,Row 2.2: assemble gear rod,ready,3,1,,,,,,,,,,,,,,,,,,,,,,,,,"{""acquired_tool_ids"": [], ""acquisition_complete"": false, ""completed_steps"": [""r1_bearing_right"", ""r1_bearing_left""], ""head_rotation_deg"": null, ""head_translation_m"": null, ""left_hand_translation_m"": null, ""removed_tool_ids"": [18, 19], ""right_hand_translation_m"": null, ""selected_step"": ""r2_gear_rod"", ""step_attempt"": 3, ""step_elapsed_s"": 7.685599848628044e-05, ""step_event_index"": 1, ""total_hand_translation_m"": null, ""trial_finished_elapsed_s"": null, ""trial_recording"": true, ""trial_required_tool_ids"": [15, 27, 28, 33]}"
2026-09-05T10:47:07.203-04:00,arunn,gesture,hover,hover,r2_gear_rod,Row 2.2: assemble gear rod,ready,3,2,32,CRANK_HANDLE,,,,,,,,,,,,,,,,,,,,,,,"{""acquired_tool_ids"": [], ""acquisition_complete"": false, ""completed_steps"": [""r1_bearing_right"", ""r1_bearing_left""], ""head_rotation_deg"": null, ""head_translation_m"": null, ""left_hand_translation_m"": null, ""removed_tool_ids"": [18, 19], ""right_hand_translation_m"": null, ""selected_step"": ""r2_gear_rod"", ""step_attempt"": 3, ""step_elapsed_s"": 1.4508976869983599, ""step_event_index"": 2, ""total_hand_translation_m"": null, ""trial_finished_elapsed_s"": null, ""trial_recording"": true, ""trial_required_tool_ids"": [15, 27, 28, 33]}"
2026-09-05T10:47:07.222-04:00,arunn,gesture,tts_queued,lifecycle,r2_gear_rod,Row 2.2: assemble gear rod,ready,3,3,,,,1.470754,,,,,,,,,,,,,,,,handle,,,replace_hover,,"{""acquired_tool_ids"": [], ""acquisition_complete"": false, ""completed_steps"": [""r1_bearing_right"", ""r1_bearing_left""], ""head_rotation_deg"": null, ""head_translation_m"": null, ""left_hand_translation_m"": null, ""removed_tool_ids"": [18, 19], ""right_hand_translation_m"": null, ""selected_step"": ""r2_gear_rod"", ""step_attempt"": 3, ""step_elapsed_s"": 1.4707687069894746, ""step_event_index"": 3, ""total_hand_translation_m"": null, ""trial_finished_elapsed_s"": null, ""trial_recording"": true, ""trial_required_tool_ids"": [15, 27, 28, 33]}"
2026-09-05T10:47:07.257-04:00,arunn,gesture,tts_started,lifecycle,r2_gear_rod,Row 2.2: assemble gear rod,ready,3,4,,,,1.505217,,,,,,,,,,,,,,,,handle,,,,,"{""acquired_tool_ids"": [], ""acquisition_complete"": false, ""completed_steps"": [""r1_bearing_right"", ""r1_bearing_left""], ""head_rotation_deg"": null, ""head_translation_m"": null, ""left_hand_translation_m"": null, ""removed_tool_ids"": [18, 19], ""right_hand_translation_m"": null, ""selected_step"": ""r2_gear_rod"", ""step_attempt"": 3, ""step_elapsed_s"": 1.5052309449529275, ""step_event_index"": 4, ""total_hand_translation_m"": null, ""trial_finished_elapsed_s"": null, ""trial_recording"": true, ""trial_required_tool_ids"": [15, 27, 28, 33]}"
2026-09-05T10:47:07.324-04:00,arunn,gesture,hover,hover,r2_gear_rod,Row 2.2: assemble gear rod,ready,3,5,34,BEARINGS,,,,,,,,,,,,,,,,,,,,,,,"{""acquired_tool_ids"": [], ""acquisition_complete"": false, ""completed_steps"": [""r1_bearing_right"", ""r1_bearing_left""], ""head_rotation_deg"": null, ""head_translation_m"": null, ""left_hand_translation_m"": null, ""removed_tool_ids"": [18, 19], ""right_hand_translation_m"": null, ""selected_step"": ""r2_gear_rod"", ""step_attempt"": 3, ""step_elapsed_s"": 1.572744837962091, ""step_event_index"": 5, ""total_hand_translation_m"": null, ""trial_finished_elapsed_s"": null, ""trial_recording"": true, ""trial_required_tool_ids"": [15, 27, 28, 33]}"
2026-09-05T10:47:07.352-04:00,arunn,gesture,tts_queued,lifecycle,r2_gear_rod,Row 2.2: assemble gear rod,ready,3,6,,,,1.600829,,,,,,,,,,,,,,,,bearing,,,replace_hover,,"{""acquired_tool_ids"": [], ""acquisition_complete"": false, ""completed_steps"": [""r1_bearing_right"", ""r1_bearing_left""], ""head_rotation_deg"": null, ""head_translation_m"": null, ""left_hand_translation_m"": null, ""removed_tool_ids"": [18, 19], ""right_hand_translation_m"": null, ""selected_step"": ""r2_gear_rod"", ""step_attempt"": 3, ""step_elapsed_s"": 1.6008369530318305, ""step_event_index"": 6, ""total_hand_translation_m"": null, ""trial_finished_elapsed_s"": null, ""trial_recording"": true, ""trial_required_tool_ids"": [15, 27, 28, 33]}"
2026-09-05T10:47:07.393-04:00,arunn,gesture,hover,hover,r2_gear_rod,Row 2.2: assemble gear rod,ready,3,7,32,CRANK_HANDLE,,,,,,,,,,,,,,,,,,,,,,,"{""acquired_tool_ids"": [], ""acquisition_complete"": false, ""completed_steps"": [""r1_bearing_right"", ""r1_bearing_left""], ""head_rotation_deg"": null, ""head_translation_m"": null, ""left_hand_translation_m"": null, ""removed_tool_ids"": [18, 19], ""right_hand_translation_m"": null, ""selected_step"": ""r2_gear_rod"", ""step_attempt"": 3, ""step_elapsed_s"": 1.6411826889961958, ""step_event_index"": 7, ""total_hand_translation_m"": null, ""trial_finished_elapsed_s"": null, ""trial_recording"": true, ""trial_required_tool_ids"": [15, 27, 28, 33]}"
2026-09-05T10:47:07.444-04:00,arunn,gesture,tts_queued,lifecycle,r2_gear_rod,Row 2.2: assemble gear rod,ready,3,8,,,,1.692077,,,,,,,,,,,,,,,,handle,,,replace_hover,,"{""acquired_tool_ids"": [], ""acquisition_complete"": false, ""completed_steps"": [""r1_bearing_right"", ""r1_bearing_left""], ""head_rotation_deg"": null, ""head_translation_m"": null, ""left_hand_translation_m"": null, ""removed_tool_ids"": [18, 19], ""right_hand_translation_m"": null, ""selected_step"": ""r2_gear_rod"", ""step_attempt"": 3, ""step_elapsed_s"": 1.69209160504397, ""step_event_index"": 8, ""total_hand_translation_m"": null, ""trial_finished_elapsed_s"": null, ""trial_recording"": true, ""trial_required_tool_ids"": [15, 27, 28, 33]}"
2026-09-05T10:47:07.468-04:00,arunn,gesture,tts_finished,lifecycle,r2_gear_rod,Row 2.2: assemble gear rod,ready,3,9,,,,1.716496,,,,,,,,,,,,,,,,handle,,,,,"{""acquired_tool_ids"": [], ""acquisition_complete"": false, ""completed_steps"": [""r1_bearing_right"", ""r1_bearing_left""], ""head_rotation_deg"": null, ""head_translation_m"": null, ""left_hand_translation_m"": null, ""removed_tool_ids"": [18, 19], ""right_hand_translation_m"": null, ""selected_step"": ""r2_gear_rod"", ""step_attempt"": 3, ""step_elapsed_s"": 1.716506680008024, ""step_event_index"": 9, ""total_hand_translation_m"": null, ""trial_finished_elapsed_s"": null, ""trial_recording"": true, ""trial_required_tool_ids"": [15, 27, 28, 33]}"
2026-09-05T10:47:07.484-04:00,arunn,gesture,tts_started,lifecycle,r2_gear_rod,Row 2.2: assemble gear rod,ready,3,10,,,,1.732420,,,,,,,,,,,,,,,,bearing,,,,,"{""acquired_tool_ids"": [], ""acquisition_complete"": false, ""completed_steps"": [""r1_bearing_right"", ""r1_bearing_left""], ""head_rotation_deg"": null, ""head_translation_m"": null, ""left_hand_translation_m"": null, ""removed_tool_ids"": [18, 19], ""right_hand_translation_m"": null, ""selected_step"": ""r2_gear_rod"", ""step_attempt"": 3, ""step_elapsed_s"": 1.7324293639976531, ""step_event_index"": 10, ""total_hand_translation_m"": null, ""trial_finished_elapsed_s"": null, ""trial_recording"": true, ""trial_required_tool_ids"": [15, 27, 28, 33]}"
2026-09-05T10:47:07.496-04:00,arunn,gesture,tts_finished,lifecycle,r2_gear_rod,Row 2.2: assemble gear rod,ready,3,11,,,,1.744367,,,,,,,,,,,,,,,,bearing,,,,,"{""acquired_tool_ids"": [], ""acquisition_complete"": false, ""completed_steps"": [""r1_bearing_right"", ""r1_bearing_left""], ""head_rotation_deg"": null, ""head_translation_m"": null, ""left_hand_translation_m"": null, ""removed_tool_ids"": [18, 19], ""right_hand_translation_m"": null, ""selected_step"": ""r2_gear_rod"", ""step_attempt"": 3, ""step_elapsed_s"": 1.7443720620358363, ""step_event_index"": 11, ""total_hand_translation_m"": null, ""trial_finished_elapsed_s"": null, ""trial_recording"": true, ""trial_required_tool_ids"": [15, 27, 28, 33]}"
2026-09-05T10:47:07.508-04:00,arunn,gesture,tts_started,lifecycle,r2_gear_rod,Row 2.2: assemble gear rod,ready,3,12,,,,1.756585,,,,,,,,,,,,,,,,handle,,,,,"{""acquired_tool_ids"": [], ""acquisition_complete"": false, ""completed_steps"": [""r1_bearing_right"", ""r1_bearing_left""], ""head_rotation_deg"": null, ""head_translation_m"": null, ""left_hand_translation_m"": null, ""removed_tool_ids"": [18, 19], ""right_hand_translation_m"": null, ""selected_step"": ""r2_gear_rod"", ""step_attempt"": 3, ""step_elapsed_s"": 1.7565893840510398, ""step_event_index"": 12, ""total_hand_translation_m"": null, ""trial_finished_elapsed_s"": null, ""trial_recording"": true, ""trial_required_tool_ids"": [15, 27, 28, 33]}"
2026-09-05T10:47:08.127-04:00,arunn,gesture,hover,hover,r2_gear_rod,Row 2.2: assemble gear rod,ready,3,13,27,GEAR_ROW2_LEFT,,,,,,,,,,,,,,,,,,,,,,,"{""acquired_tool_ids"": [], ""acquisition_complete"": false, ""completed_steps"": [""r1_bearing_right"", ""r1_bearing_left""], ""head_rotation_deg"": null, ""head_translation_m"": null, ""left_hand_translation_m"": null, ""removed_tool_ids"": [18, 19], ""right_hand_translation_m"": null, ""selected_step"": ""r2_gear_rod"", ""step_attempt"": 3, ""step_elapsed_s"": 2.3758005920099095, ""step_event_index"": 13, ""total_hand_translation_m"": null, ""trial_finished_elapsed_s"": null, ""trial_recording"": true, ""trial_required_tool_ids"": [15, 27, 28, 33]}"
2026-09-05T10:47:08.163-04:00,arunn,gesture,tts_queued,lifecycle,r2_gear_rod,Row 2.2: assemble gear rod,ready,3,14,,,,2.411015,,,,,,,,,,,,,,,,Row 2 left gear,,,replace_hover,,"{""acquired_tool_ids"": [], ""acquisition_complete"": false, ""completed_steps"": [""r1_bearing_right"", ""r1_bearing_left""], ""head_rotation_deg"": null, ""head_translation_m"": null, ""left_hand_translation_m"": null, ""removed_tool_ids"": [18, 19], ""right_hand_translation_m"": null, ""selected_step"": ""r2_gear_rod"", ""step_attempt"": 3, ""step_elapsed_s"": 2.411025202018209, ""step_event_index"": 14, ""total_hand_translation_m"": null, ""trial_finished_elapsed_s"": null, ""trial_recording"": true, ""trial_required_tool_ids"": [15, 27, 28, 33]}"
2026-09-05T10:47:08.231-04:00,arunn,gesture,tts_finished,lifecycle,r2_gear_rod,Row 2.2: assemble gear rod,ready,3,15,,,,2.479178,,,,,,,,,,,,,,,,handle,,,,,"{""acquired_tool_ids"": [], ""acquisition_complete"": false, ""completed_steps"": [""r1_bearing_right"", ""r1_bearing_left""], ""head_rotation_deg"": null, ""head_translation_m"": null, ""left_hand_translation_m"": null, ""removed_tool_ids"": [18, 19], ""right_hand_translation_m"": null, ""selected_step"": ""r2_gear_rod"", ""step_attempt"": 3, ""step_elapsed_s"": 2.4791926860343665, ""step_event_index"": 15, ""total_hand_translation_m"": null, ""trial_finished_elapsed_s"": null, ""trial_recording"": true, ""trial_required_tool_ids"": [15, 27, 28, 33]}"
2026-09-05T10:47:08.279-04:00,arunn,gesture,tts_started,lifecycle,r2_gear_rod,Row 2.2: assemble gear rod,ready,3,16,,,,2.527763,,,,,,,,,,,,,,,,Row 2 left gear,,,,,"{""acquired_tool_ids"": [], ""acquisition_complete"": false, ""completed_steps"": [""r1_bearing_right"", ""r1_bearing_left""], ""head_rotation_deg"": null, ""head_translation_m"": null, ""left_hand_translation_m"": null, ""removed_tool_ids"": [18, 19], ""right_hand_translation_m"": null, ""selected_step"": ""r2_gear_rod"", ""step_attempt"": 3, ""step_elapsed_s"": 2.5277728310320526, ""step_event_index"": 16, ""total_hand_translation_m"": null, ""trial_finished_elapsed_s"": null, ""trial_recording"": true, ""trial_required_tool_ids"": [15, 27, 28, 33]}"
2026-09-05T10:47:08.512-04:00,arunn,gesture,hover,hover,r2_gear_rod,Row 2.2: assemble gear rod,ready,3,17,28,GEAR_ROW2_RIGHT,,,,,,,,,,,,,,,,,,,,,,,"{""acquired_tool_ids"": [], ""acquisition_complete"": false, ""completed_steps"": [""r1_bearing_right"", ""r1_bearing_left""], ""head_rotation_deg"": null, ""head_translation_m"": null, ""left_hand_translation_m"": null, ""removed_tool_ids"": [18, 19], ""right_hand_translation_m"": null, ""selected_step"": ""r2_gear_rod"", ""step_attempt"": 3, ""step_elapsed_s"": 2.7605493180453777, ""step_event_index"": 17, ""total_hand_translation_m"": null, ""trial_finished_elapsed_s"": null, ""trial_recording"": true, ""trial_required_tool_ids"": [15, 27, 28, 33]}"
2026-09-05T10:47:08.538-04:00,arunn,gesture,tts_queued,lifecycle,r2_gear_rod,Row 2.2: assemble gear rod,ready,3,18,,,,2.786574,,,,,,,,,,,,,,,,Row 2 right gear,,,replace_hover,,"{""acquired_tool_ids"": [], ""acquisition_complete"": false, ""completed_steps"": [""r1_bearing_right"", ""r1_bearing_left""], ""head_rotation_deg"": null, ""head_translation_m"": null, ""left_hand_translation_m"": null, ""removed_tool_ids"": [18, 19], ""right_hand_translation_m"": null, ""selected_step"": ""r2_gear_rod"", ""step_attempt"": 3, ""step_elapsed_s"": 2.7865837699500844, ""step_event_index"": 18, ""total_hand_translation_m"": null, ""trial_finished_elapsed_s"": null, ""trial_recording"": true, ""trial_required_tool_ids"": [15, 27, 28, 33]}"
2026-09-05T10:47:08.575-04:00,arunn,gesture,tts_finished,lifecycle,r2_gear_rod,Row 2.2: assemble gear rod,ready,3,19,,,,2.823166,,,,,,,,,,,,,,,,Row 2 left gear,,,,,"{""acquired_tool_ids"": [], ""acquisition_complete"": false, ""completed_steps"": [""r1_bearing_right"", ""r1_bearing_left""], ""head_rotation_deg"": null, ""head_translation_m"": null, ""left_hand_translation_m"": null, ""removed_tool_ids"": [18, 19], ""right_hand_translation_m"": null, ""selected_step"": ""r2_gear_rod"", ""step_attempt"": 3, ""step_elapsed_s"": 2.823179416009225, ""step_event_index"": 19, ""total_hand_translation_m"": null, ""trial_finished_elapsed_s"": null, ""trial_recording"": true, ""trial_required_tool_ids"": [15, 27, 28, 33]}"
2026-09-05T10:47:08.609-04:00,arunn,gesture,tts_started,lifecycle,r2_gear_rod,Row 2.2: assemble gear rod,ready,3,20,,,,2.857523,,,,,,,,,,,,,,,,Row 2 right gear,,,,,"{""acquired_tool_ids"": [], ""acquisition_complete"": false, ""completed_steps"": [""r1_bearing_right"", ""r1_bearing_left""], ""head_rotation_deg"": null, ""head_translation_m"": null, ""left_hand_translation_m"": null, ""removed_tool_ids"": [18, 19], ""right_hand_translation_m"": null, ""selected_step"": ""r2_gear_rod"", ""step_attempt"": 3, ""step_elapsed_s"": 2.857532939990051, ""step_event_index"": 20, ""total_hand_translation_m"": null, ""trial_finished_elapsed_s"": null, ""trial_recording"": true, ""trial_required_tool_ids"": [15, 27, 28, 33]}"
2026-09-05T10:47:08.697-04:00,arunn,gesture,hover,hover,r2_gear_rod,Row 2.2: assemble gear rod,ready,3,21,27,GEAR_ROW2_LEFT,,,,,,,,,,,,,,,,,,,,,,,"{""acquired_tool_ids"": [], ""acquisition_complete"": false, ""completed_steps"": [""r1_bearing_right"", ""r1_bearing_left""], ""head_rotation_deg"": null, ""head_translation_m"": null, ""left_hand_translation_m"": null, ""removed_tool_ids"": [18, 19], ""right_hand_translation_m"": null, ""selected_step"": ""r2_gear_rod"", ""step_attempt"": 3, ""step_elapsed_s"": 2.945869295974262, ""step_event_index"": 21, ""total_hand_translation_m"": null, ""trial_finished_elapsed_s"": null, ""trial_recording"": true, ""trial_required_tool_ids"": [15, 27, 28, 33]}"
2026-09-05T10:47:08.717-04:00,arunn,gesture,tts_queued,lifecycle,r2_gear_rod,Row 2.2: assemble gear rod,ready,3,22,,,,2.965789,,,,,,,,,,,,,,,,Row 2 left gear,,,replace_hover,,"{""acquired_tool_ids"": [], ""acquisition_complete"": false, ""completed_steps"": [""r1_bearing_right"", ""r1_bearing_left""], ""head_rotation_deg"": null, ""head_translation_m"": null, ""left_hand_translation_m"": null, ""removed_tool_ids"": [18, 19], ""right_hand_translation_m"": null, ""selected_step"": ""r2_gear_rod"", ""step_attempt"": 3, ""step_elapsed_s"": 2.9657991459826007, ""step_event_index"": 22, ""total_hand_translation_m"": null, ""trial_finished_elapsed_s"": null, ""trial_recording"": true, ""trial_required_tool_ids"": [15, 27, 28, 33]}"
2026-09-05T10:47:08.749-04:00,arunn,gesture,tts_finished,lifecycle,r2_gear_rod,Row 2.2: assemble gear rod,ready,3,23,,,,2.997496,,,,,,,,,,,,,,,,Row 2 right gear,,,,,"{""acquired_tool_ids"": [], ""acquisition_complete"": false, ""completed_steps"": [""r1_bearing_right"", ""r1_bearing_left""], ""head_rotation_deg"": null, ""head_translation_m"": null, ""left_hand_translation_m"": null, ""removed_tool_ids"": [18, 19], ""right_hand_translation_m"": null, ""selected_step"": ""r2_gear_rod"", ""step_attempt"": 3, ""step_elapsed_s"": 2.9975058030104265, ""step_event_index"": 23, ""total_hand_translation_m"": null, ""trial_finished_elapsed_s"": null, ""trial_recording"": true, ""trial_required_tool_ids"": [15, 27, 28, 33]}"
2026-09-05T10:47:08.763-04:00,arunn,gesture,tts_started,lifecycle,r2_gear_rod,Row 2.2: assemble gear rod,ready,3,24,,,,3.011765,,,,,,,,,,,,,,,,Row 2 left gear,,,,,"{""acquired_tool_ids"": [], ""acquisition_complete"": false, ""completed_steps"": [""r1_bearing_right"", ""r1_bearing_left""], ""head_rotation_deg"": null, ""head_translation_m"": null, ""left_hand_translation_m"": null, ""removed_tool_ids"": [18, 19], ""right_hand_translation_m"": null, ""selected_step"": ""r2_gear_rod"", ""step_attempt"": 3, ""step_elapsed_s"": 3.0117782310117036, ""step_event_index"": 24, ""total_hand_translation_m"": null, ""trial_finished_elapsed_s"": null, ""trial_recording"": true, ""trial_required_tool_ids"": [15, 27, 28, 33]}"
2026-09-05T10:47:09.415-04:00,arunn,gesture,hover,hover,r2_gear_rod,Row 2.2: assemble gear rod,ready,3,25,28,GEAR_ROW2_RIGHT,,,,,,,,,,,,,,,,,,,,,,,"{""acquired_tool_ids"": [], ""acquisition_complete"": false, ""completed_steps"": [""r1_bearing_right"", ""r1_bearing_left""], ""head_rotation_deg"": null, ""head_translation_m"": null, ""left_hand_translation_m"": null, ""removed_tool_ids"": [18, 19], ""right_hand_translation_m"": null, ""selected_step"": ""r2_gear_rod"", ""step_attempt"": 3, ""step_elapsed_s"": 3.6634773450205103, ""step_event_index"": 25, ""total_hand_translation_m"": null, ""trial_finished_elapsed_s"": null, ""trial_recording"": true, ""trial_required_tool_ids"": [15, 27, 28, 33]}"
2026-09-05T10:47:09.454-04:00,arunn,gesture,tts_queued,lifecycle,r2_gear_rod,Row 2.2: assemble gear rod,ready,3,26,,,,3.702255,,,,,,,,,,,,,,,,Row 2 right gear,,,replace_hover,,"{""acquired_tool_ids"": [], ""acquisition_complete"": false, ""completed_steps"": [""r1_bearing_right"", ""r1_bearing_left""], ""head_rotation_deg"": null, ""head_translation_m"": null, ""left_hand_translation_m"": null, ""removed_tool_ids"": [18, 19], ""right_hand_translation_m"": null, ""selected_step"": ""r2_gear_rod"", ""step_attempt"": 3, ""step_elapsed_s"": 3.702268961002119, ""step_event_index"": 26, ""total_hand_translation_m"": null, ""trial_finished_elapsed_s"": null, ""trial_recording"": true, ""trial_required_tool_ids"": [15, 27, 28, 33]}"
2026-09-05T10:47:09.547-04:00,arunn,gesture,tts_finished,lifecycle,r2_gear_rod,Row 2.2: assemble gear rod,ready,3,27,,,,3.794905,,,,,,,,,,,,,,,,Row 2 left gear,,,,,"{""acquired_tool_ids"": [], ""acquisition_complete"": false, ""completed_steps"": [""r1_bearing_right"", ""r1_bearing_left""], ""head_rotation_deg"": null, ""head_translation_m"": null, ""left_hand_translation_m"": null, ""removed_tool_ids"": [18, 19], ""right_hand_translation_m"": null, ""selected_step"": ""r2_gear_rod"", ""step_attempt"": 3, ""step_elapsed_s"": 3.7949201910523698, ""step_event_index"": 27, ""total_hand_translation_m"": null, ""trial_finished_elapsed_s"": null, ""trial_recording"": true, ""trial_required_tool_ids"": [15, 27, 28, 33]}"
2026-09-05T10:47:09.580-04:00,arunn,gesture,tts_started,lifecycle,r2_gear_rod,Row 2.2: assemble gear rod,ready,3,28,,,,3.828541,,,,,,,,,,,,,,,,Row 2 right gear,,,,,"{""acquired_tool_ids"": [], ""acquisition_complete"": false, ""completed_steps"": [""r1_bearing_right"", ""r1_bearing_left""], ""head_rotation_deg"": null, ""head_translation_m"": null, ""left_hand_translation_m"": null, ""removed_tool_ids"": [18, 19], ""right_hand_translation_m"": null, ""selected_step"": ""r2_gear_rod"", ""step_attempt"": 3, ""step_elapsed_s"": 3.828552591963671, ""step_event_index"": 28, ""total_hand_translation_m"": null, ""trial_finished_elapsed_s"": null, ""trial_recording"": true, ""trial_required_tool_ids"": [15, 27, 28, 33]}"
2026-09-05T10:47:11.037-04:00,arunn,gesture,tts_finished,lifecycle,r2_gear_rod,Row 2.2: assemble gear rod,ready,3,29,,,,5.285602,,,,,,,,,,,,,,,,Row 2 right gear,,,,,"{""acquired_tool_ids"": [], ""acquisition_complete"": false, ""completed_steps"": [""r1_bearing_right"", ""r1_bearing_left""], ""head_rotation_deg"": null, ""head_translation_m"": null, ""left_hand_translation_m"": null, ""removed_tool_ids"": [18, 19], ""right_hand_translation_m"": null, ""selected_step"": ""r2_gear_rod"", ""step_attempt"": 3, ""step_elapsed_s"": 5.285613061976619, ""step_event_index"": 29, ""total_hand_translation_m"": null, ""trial_finished_elapsed_s"": null, ""trial_recording"": true, ""trial_required_tool_ids"": [15, 27, 28, 33]}"
2026-09-05T10:47:11.940-04:00,arunn,gesture,part_selection,click,r2_gear_rod,Row 2.2: assemble gear rod,ready,3,30,28,GEAR_ROW2_RIGHT,6.188349,6.188349,,,,,,,,,,,,,,,1,,,,,,"{""acquired_tool_ids"": [28], ""acquisition_complete"": false, ""completed_steps"": [""r1_bearing_right"", ""r1_bearing_left""], ""head_rotation_deg"": null, ""head_translation_m"": null, ""left_hand_translation_m"": null, ""removed_tool_ids"": [18, 19], ""right_hand_translation_m"": null, ""selected_step"": ""r2_gear_rod"", ""step_attempt"": 3, ""step_elapsed_s"": 6.188419864047319, ""step_event_index"": 30, ""total_hand_translation_m"": null, ""trial_finished_elapsed_s"": null, ""trial_recording"": true, ""trial_required_tool_ids"": [15, 27, 28, 33]}"
2026-09-05T10:47:11.989-04:00,arunn,gesture,object_acquired,click,r2_gear_rod,Row 2.2: assemble gear rod,ready,3,31,28,GEAR_ROW2_RIGHT,6.188349,6.188349,,,,,,,,,,,,,,,1,,,,,,"{""acquired_tool_ids"": [28], ""acquisition_complete"": false, ""completed_steps"": [""r1_bearing_right"", ""r1_bearing_left""], ""head_rotation_deg"": null, ""head_translation_m"": null, ""left_hand_translation_m"": null, ""removed_tool_ids"": [18, 19], ""right_hand_translation_m"": null, ""selected_step"": ""r2_gear_rod"", ""step_attempt"": 3, ""step_elapsed_s"": 6.237815589061938, ""step_event_index"": 31, ""total_hand_translation_m"": null, ""trial_finished_elapsed_s"": null, ""trial_recording"": true, ""trial_required_tool_ids"": [15, 27, 28, 33]}"
2026-09-05T10:47:12.019-04:00,arunn,gesture,tts_queued,lifecycle,r2_gear_rod,Row 2.2: assemble gear rod,ready,3,32,,,,6.266979,,,,,,,,,,,,,,,,3 parts left.,,,replace,,"{""acquired_tool_ids"": [28], ""acquisition_complete"": false, ""completed_steps"": [""r1_bearing_right"", ""r1_bearing_left""], ""head_rotation_deg"": null, ""head_translation_m"": null, ""left_hand_translation_m"": null, ""removed_tool_ids"": [18, 19], ""right_hand_translation_m"": null, ""selected_step"": ""r2_gear_rod"", ""step_attempt"": 3, ""step_elapsed_s"": 6.266992682009004, ""step_event_index"": 32, ""total_hand_translation_m"": null, ""trial_finished_elapsed_s"": null, ""trial_recording"": true, ""trial_required_tool_ids"": [15, 27, 28, 33]}"
2026-09-05T10:47:12.066-04:00,arunn,gesture,tts_started,lifecycle,r2_gear_rod,Row 2.2: assemble gear rod,ready,3,33,,,,6.314103,,,,,,,,,,,,,,,,3 parts left.,,,,,"{""acquired_tool_ids"": [28], ""acquisition_complete"": false, ""completed_steps"": [""r1_bearing_right"", ""r1_bearing_left""], ""head_rotation_deg"": null, ""head_translation_m"": null, ""left_hand_translation_m"": null, ""removed_tool_ids"": [18, 19], ""right_hand_translation_m"": null, ""selected_step"": ""r2_gear_rod"", ""step_attempt"": 3, ""step_elapsed_s"": 6.314115472952835, ""step_event_index"": 33, ""total_hand_translation_m"": null, ""trial_finished_elapsed_s"": null, ""trial_recording"": true, ""trial_required_tool_ids"": [15, 27, 28, 33]}"
2026-09-05T10:47:13.288-04:00,arunn,gesture,tts_finished,lifecycle,r2_gear_rod,Row 2.2: assemble gear rod,ready,3,34,,,,7.536842,,,,,,,,,,,,,,,,3 parts left.,,,,,"{""acquired_tool_ids"": [28], ""acquisition_complete"": false, ""completed_steps"": [""r1_bearing_right"", ""r1_bearing_left""], ""head_rotation_deg"": null, ""head_translation_m"": null, ""left_hand_translation_m"": null, ""removed_tool_ids"": [18, 19], ""right_hand_translation_m"": null, ""selected_step"": ""r2_gear_rod"", ""step_attempt"": 3, ""step_elapsed_s"": 7.536852468037978, ""step_event_index"": 34, ""total_hand_translation_m"": null, ""trial_finished_elapsed_s"": null, ""trial_recording"": true, ""trial_required_tool_ids"": [15, 27, 28, 33]}"
2026-09-05T10:47:13.917-04:00,arunn,gesture,hover,hover,r2_gear_rod,Row 2.2: assemble gear rod,ready,3,35,27,GEAR_ROW2_LEFT,,,,,,,,,,,,,,,,,,,,,,,"{""acquired_tool_ids"": [28], ""acquisition_complete"": false, ""completed_steps"": [""r1_bearing_right"", ""r1_bearing_left""], ""head_rotation_deg"": null, ""head_translation_m"": null, ""left_hand_translation_m"": null, ""removed_tool_ids"": [18, 19], ""right_hand_translation_m"": null, ""selected_step"": ""r2_gear_rod"", ""step_attempt"": 3, ""step_elapsed_s"": 8.165779039030895, ""step_event_index"": 35, ""total_hand_translation_m"": null, ""trial_finished_elapsed_s"": null, ""trial_recording"": true, ""trial_required_tool_ids"": [15, 27, 28, 33]}"
2026-09-05T10:47:13.975-04:00,arunn,gesture,tts_queued,lifecycle,r2_gear_rod,Row 2.2: assemble gear rod,ready,3,36,,,,8.223748,,,,,,,,,,,,,,,,Row 2 left gear,,,replace_hover,,"{""acquired_tool_ids"": [28], ""acquisition_complete"": false, ""completed_steps"": [""r1_bearing_right"", ""r1_bearing_left""], ""head_rotation_deg"": null, ""head_translation_m"": null, ""left_hand_translation_m"": null, ""removed_tool_ids"": [18, 19], ""right_hand_translation_m"": null, ""selected_step"": ""r2_gear_rod"", ""step_attempt"": 3, ""step_elapsed_s"": 8.22377015906386, ""step_event_index"": 36, ""total_hand_translation_m"": null, ""trial_finished_elapsed_s"": null, ""trial_recording"": true, ""trial_required_tool_ids"": [15, 27, 28, 33]}"
2026-09-05T10:47:14.050-04:00,arunn,gesture,tts_started,lifecycle,r2_gear_rod,Row 2.2: assemble gear rod,ready,3,37,,,,8.298128,,,,,,,,,,,,,,,,Row 2 left gear,,,,,"{""acquired_tool_ids"": [28], ""acquisition_complete"": false, ""completed_steps"": [""r1_bearing_right"", ""r1_bearing_left""], ""head_rotation_deg"": null, ""head_translation_m"": null, ""left_hand_translation_m"": null, ""removed_tool_ids"": [18, 19], ""right_hand_translation_m"": null, ""selected_step"": ""r2_gear_rod"", ""step_attempt"": 3, ""step_elapsed_s"": 8.29814529500436, ""step_event_index"": 37, ""total_hand_translation_m"": null, ""trial_finished_elapsed_s"": null, ""trial_recording"": true, ""trial_required_tool_ids"": [15, 27, 28, 33]}"
2026-09-05T10:47:14.123-04:00,arunn,gesture,hover,hover,r2_gear_rod,Row 2.2: assemble gear rod,ready,3,38,30,GEAR_ROW3_RIGHT,,,,,,,,,,,,,,,,,,,,,,,"{""acquired_tool_ids"": [28], ""acquisition_complete"": false, ""completed_steps"": [""r1_bearing_right"", ""r1_bearing_left""], ""head_rotation_deg"": null, ""head_translation_m"": null, ""left_hand_translation_m"": null, ""removed_tool_ids"": [18, 19], ""right_hand_translation_m"": null, ""selected_step"": ""r2_gear_rod"", ""step_attempt"": 3, ""step_elapsed_s"": 8.371354207978584, ""step_event_index"": 38, ""total_hand_translation_m"": null, ""trial_finished_elapsed_s"": null, ""trial_recording"": true, ""trial_required_tool_ids"": [15, 27, 28, 33]}"
2026-09-05T10:47:14.143-04:00,arunn,gesture,tts_queued,lifecycle,r2_gear_rod,Row 2.2: assemble gear rod,ready,3,39,,,,8.391141,,,,,,,,,,,,,,,,Row 3 right gear,,,replace_hover,,"{""acquired_tool_ids"": [28], ""acquisition_complete"": false, ""completed_steps"": [""r1_bearing_right"", ""r1_bearing_left""], ""head_rotation_deg"": null, ""head_translation_m"": null, ""left_hand_translation_m"": null, ""removed_tool_ids"": [18, 19], ""right_hand_translation_m"": null, ""selected_step"": ""r2_gear_rod"", ""step_attempt"": 3, ""step_elapsed_s"": 8.39115378796123, ""step_event_index"": 39, ""total_hand_translation_m"": null, ""trial_finished_elapsed_s"": null, ""trial_recording"": true, ""trial_required_tool_ids"": [15, 27, 28, 33]}"
2026-09-05T10:47:14.164-04:00,arunn,gesture,tts_finished,lifecycle,r2_gear_rod,Row 2.2: assemble gear rod,ready,3,40,,,,8.412243,,,,,,,,,,,,,,,,Row 2 left gear,,,,,"{""acquired_tool_ids"": [28], ""acquisition_complete"": false, ""completed_steps"": [""r1_bearing_right"", ""r1_bearing_left""], ""head_rotation_deg"": null, ""head_translation_m"": null, ""left_hand_translation_m"": null, ""removed_tool_ids"": [18, 19], ""right_hand_translation_m"": null, ""selected_step"": ""r2_gear_rod"", ""step_attempt"": 3, ""step_elapsed_s"": 8.412254441995174, ""step_event_index"": 40, ""total_hand_translation_m"": null, ""trial_finished_elapsed_s"": null, ""trial_recording"": true, ""trial_required_tool_ids"": [15, 27, 28, 33]}"
2026-09-05T10:47:14.179-04:00,arunn,gesture,tts_started,lifecycle,r2_gear_rod,Row 2.2: assemble gear rod,ready,3,41,,,,8.427230,,,,,,,,,,,,,,,,Row 3 right gear,,,,,"{""acquired_tool_ids"": [28], ""acquisition_complete"": false, ""completed_steps"": [""r1_bearing_right"", ""r1_bearing_left""], ""head_rotation_deg"": null, ""head_translation_m"": null, ""left_hand_translation_m"": null, ""removed_tool_ids"": [18, 19], ""right_hand_translation_m"": null, ""selected_step"": ""r2_gear_rod"", ""step_attempt"": 3, ""step_elapsed_s"": 8.427241606055759, ""step_event_index"": 41, ""total_hand_translation_m"": null, ""trial_finished_elapsed_s"": null, ""trial_recording"": true, ""trial_required_tool_ids"": [15, 27, 28, 33]}"
2026-09-05T10:47:14.453-04:00,arunn,gesture,hover,hover,r2_gear_rod,Row 2.2: assemble gear rod,ready,3,42,29,GEAR_ROW3_LEFT,,,,,,,,,,,,,,,,,,,,,,,"{""acquired_tool_ids"": [28], ""acquisition_complete"": false, ""completed_steps"": [""r1_bearing_right"", ""r1_bearing_left""], ""head_rotation_deg"": null, ""head_translation_m"": null, ""left_hand_translation_m"": null, ""removed_tool_ids"": [18, 19], ""right_hand_translation_m"": null, ""selected_step"": ""r2_gear_rod"", ""step_attempt"": 3, ""step_elapsed_s"": 8.701381569029763, ""step_event_index"": 42, ""total_hand_translation_m"": null, ""trial_finished_elapsed_s"": null, ""trial_recording"": true, ""trial_required_tool_ids"": [15, 27, 28, 33]}"
2026-09-05T10:47:14.495-04:00,arunn,gesture,tts_queued,lifecycle,r2_gear_rod,Row 2.2: assemble gear rod,ready,3,43,,,,8.743388,,,,,,,,,,,,,,,,Row 3 left gear,,,replace_hover,,"{""acquired_tool_ids"": [28], ""acquisition_complete"": false, ""completed_steps"": [""r1_bearing_right"", ""r1_bearing_left""], ""head_rotation_deg"": null, ""head_translation_m"": null, ""left_hand_translation_m"": null, ""removed_tool_ids"": [18, 19], ""right_hand_translation_m"": null, ""selected_step"": ""r2_gear_rod"", ""step_attempt"": 3, ""step_elapsed_s"": 8.743399181053974, ""step_event_index"": 43, ""total_hand_translation_m"": null, ""trial_finished_elapsed_s"": null, ""trial_recording"": true, ""trial_required_tool_ids"": [15, 27, 28, 33]}"
2026-09-05T10:47:14.528-04:00,arunn,gesture,tts_finished,lifecycle,r2_gear_rod,Row 2.2: assemble gear rod,ready,3,44,,,,8.776289,,,,,,,,,,,,,,,,Row 3 right gear,,,,,"{""acquired_tool_ids"": [28], ""acquisition_complete"": false, ""completed_steps"": [""r1_bearing_right"", ""r1_bearing_left""], ""head_rotation_deg"": null, ""head_translation_m"": null, ""left_hand_translation_m"": null, ""removed_tool_ids"": [18, 19], ""right_hand_translation_m"": null, ""selected_step"": ""r2_gear_rod"", ""step_attempt"": 3, ""step_elapsed_s"": 8.776303875958547, ""step_event_index"": 44, ""total_hand_translation_m"": null, ""trial_finished_elapsed_s"": null, ""trial_recording"": true, ""trial_required_tool_ids"": [15, 27, 28, 33]}"
2026-09-05T10:47:14.549-04:00,arunn,gesture,tts_started,lifecycle,r2_gear_rod,Row 2.2: assemble gear rod,ready,3,45,,,,8.797507,,,,,,,,,,,,,,,,Row 3 left gear,,,,,"{""acquired_tool_ids"": [28], ""acquisition_complete"": false, ""completed_steps"": [""r1_bearing_right"", ""r1_bearing_left""], ""head_rotation_deg"": null, ""head_translation_m"": null, ""left_hand_translation_m"": null, ""removed_tool_ids"": [18, 19], ""right_hand_translation_m"": null, ""selected_step"": ""r2_gear_rod"", ""step_attempt"": 3, ""step_elapsed_s"": 8.79751899605617, ""step_event_index"": 45, ""total_hand_translation_m"": null, ""trial_finished_elapsed_s"": null, ""trial_recording"": true, ""trial_required_tool_ids"": [15, 27, 28, 33]}"
2026-09-05T10:47:15.002-04:00,arunn,gesture,hover,hover,r2_gear_rod,Row 2.2: assemble gear rod,ready,3,46,35,SCREWS,,,,,,,,,,,,,,,,,,,,,,,"{""acquired_tool_ids"": [28], ""acquisition_complete"": false, ""completed_steps"": [""r1_bearing_right"", ""r1_bearing_left""], ""head_rotation_deg"": null, ""head_translation_m"": null, ""left_hand_translation_m"": null, ""removed_tool_ids"": [18, 19], ""right_hand_translation_m"": null, ""selected_step"": ""r2_gear_rod"", ""step_attempt"": 3, ""step_elapsed_s"": 9.250846563023515, ""step_event_index"": 46, ""total_hand_translation_m"": null, ""trial_finished_elapsed_s"": null, ""trial_recording"": true, ""trial_required_tool_ids"": [15, 27, 28, 33]}"
2026-09-05T10:47:15.059-04:00,arunn,gesture,tts_queued,lifecycle,r2_gear_rod,Row 2.2: assemble gear rod,ready,3,47,,,,9.307288,,,,,,,,,,,,,,,,screw,,,replace_hover,,"{""acquired_tool_ids"": [28], ""acquisition_complete"": false, ""completed_steps"": [""r1_bearing_right"", ""r1_bearing_left""], ""head_rotation_deg"": null, ""head_translation_m"": null, ""left_hand_translation_m"": null, ""removed_tool_ids"": [18, 19], ""right_hand_translation_m"": null, ""selected_step"": ""r2_gear_rod"", ""step_attempt"": 3, ""step_elapsed_s"": 9.307300170999952, ""step_event_index"": 47, ""total_hand_translation_m"": null, ""trial_finished_elapsed_s"": null, ""trial_recording"": true, ""trial_required_tool_ids"": [15, 27, 28, 33]}"
2026-09-05T10:47:15.104-04:00,arunn,gesture,tts_finished,lifecycle,r2_gear_rod,Row 2.2: assemble gear rod,ready,3,48,,,,9.352734,,,,,,,,,,,,,,,,Row 3 left gear,,,,,"{""acquired_tool_ids"": [28], ""acquisition_complete"": false, ""completed_steps"": [""r1_bearing_right"", ""r1_bearing_left""], ""head_rotation_deg"": null, ""head_translation_m"": null, ""left_hand_translation_m"": null, ""removed_tool_ids"": [18, 19], ""right_hand_translation_m"": null, ""selected_step"": ""r2_gear_rod"", ""step_attempt"": 3, ""step_elapsed_s"": 9.352743400959298, ""step_event_index"": 48, ""total_hand_translation_m"": null, ""trial_finished_elapsed_s"": null, ""trial_recording"": true, ""trial_required_tool_ids"": [15, 27, 28, 33]}"
2026-09-05T10:47:15.125-04:00,arunn,gesture,tts_started,lifecycle,r2_gear_rod,Row 2.2: assemble gear rod,ready,3,49,,,,9.373545,,,,,,,,,,,,,,,,screw,,,,,"{""acquired_tool_ids"": [28], ""acquisition_complete"": false, ""completed_steps"": [""r1_bearing_right"", ""r1_bearing_left""], ""head_rotation_deg"": null, ""head_translation_m"": null, ""left_hand_translation_m"": null, ""removed_tool_ids"": [18, 19], ""right_hand_translation_m"": null, ""selected_step"": ""r2_gear_rod"", ""step_attempt"": 3, ""step_elapsed_s"": 9.373553163954057, ""step_event_index"": 49, ""total_hand_translation_m"": null, ""trial_finished_elapsed_s"": null, ""trial_recording"": true, ""trial_required_tool_ids"": [15, 27, 28, 33]}"
2026-09-05T10:47:15.723-04:00,arunn,gesture,tts_finished,lifecycle,r2_gear_rod,Row 2.2: assemble gear rod,ready,3,50,,,,9.971307,,,,,,,,,,,,,,,,screw,,,,,"{""acquired_tool_ids"": [28], ""acquisition_complete"": false, ""completed_steps"": [""r1_bearing_right"", ""r1_bearing_left""], ""head_rotation_deg"": null, ""head_translation_m"": null, ""left_hand_translation_m"": null, ""removed_tool_ids"": [18, 19], ""right_hand_translation_m"": null, ""selected_step"": ""r2_gear_rod"", ""step_attempt"": 3, ""step_elapsed_s"": 9.971319606062025, ""step_event_index"": 50, ""total_hand_translation_m"": null, ""trial_finished_elapsed_s"": null, ""trial_recording"": true, ""trial_required_tool_ids"": [15, 27, 28, 33]}"
2026-09-05T10:47:17.688-04:00,arunn,gesture,hover,hover,r2_gear_rod,Row 2.2: assemble gear rod,ready,3,51,34,BEARINGS,,,,,,,,,,,,,,,,,,,,,,,"{""acquired_tool_ids"": [28], ""acquisition_complete"": false, ""completed_steps"": [""r1_bearing_right"", ""r1_bearing_left""], ""head_rotation_deg"": null, ""head_translation_m"": null, ""left_hand_translation_m"": null, ""removed_tool_ids"": [18, 19], ""right_hand_translation_m"": null, ""selected_step"": ""r2_gear_rod"", ""step_attempt"": 3, ""step_elapsed_s"": 11.936856069019996, ""step_event_index"": 51, ""total_hand_translation_m"": null, ""trial_finished_elapsed_s"": null, ""trial_recording"": true, ""trial_required_tool_ids"": [15, 27, 28, 33]}"
2026-09-05T10:47:17.722-04:00,arunn,gesture,tts_queued,lifecycle,r2_gear_rod,Row 2.2: assemble gear rod,ready,3,52,,,,11.970554,,,,,,,,,,,,,,,,bearing,,,replace_hover,,"{""acquired_tool_ids"": [28], ""acquisition_complete"": false, ""completed_steps"": [""r1_bearing_right"", ""r1_bearing_left""], ""head_rotation_deg"": null, ""head_translation_m"": null, ""left_hand_translation_m"": null, ""removed_tool_ids"": [18, 19], ""right_hand_translation_m"": null, ""selected_step"": ""r2_gear_rod"", ""step_attempt"": 3, ""step_elapsed_s"": 11.970572066027671, ""step_event_index"": 52, ""total_hand_translation_m"": null, ""trial_finished_elapsed_s"": null, ""trial_recording"": true, ""trial_required_tool_ids"": [15, 27, 28, 33]}"
2026-09-05T10:47:17.764-04:00,arunn,gesture,tts_started,lifecycle,r2_gear_rod,Row 2.2: assemble gear rod,ready,3,53,,,,12.012210,,,,,,,,,,,,,,,,bearing,,,,,"{""acquired_tool_ids"": [28], ""acquisition_complete"": false, ""completed_steps"": [""r1_bearing_right"", ""r1_bearing_left""], ""head_rotation_deg"": null, ""head_translation_m"": null, ""left_hand_translation_m"": null, ""removed_tool_ids"": [18, 19], ""right_hand_translation_m"": null, ""selected_step"": ""r2_gear_rod"", ""step_attempt"": 3, ""step_elapsed_s"": 12.012223107973114, ""step_event_index"": 53, ""total_hand_translation_m"": null, ""trial_finished_elapsed_s"": null, ""trial_recording"": true, ""trial_required_tool_ids"": [15, 27, 28, 33]}"
2026-09-05T10:47:17.947-04:00,arunn,gesture,hover,hover,r2_gear_rod,Row 2.2: assemble gear rod,ready,3,54,32,CRANK_HANDLE,,,,,,,,,,,,,,,,,,,,,,,"{""acquired_tool_ids"": [28], ""acquisition_complete"": false, ""completed_steps"": [""r1_bearing_right"", ""r1_bearing_left""], ""head_rotation_deg"": null, ""head_translation_m"": null, ""left_hand_translation_m"": null, ""removed_tool_ids"": [18, 19], ""right_hand_translation_m"": null, ""selected_step"": ""r2_gear_rod"", ""step_attempt"": 3, ""step_elapsed_s"": 12.195202404051088, ""step_event_index"": 54, ""total_hand_translation_m"": null, ""trial_finished_elapsed_s"": null, ""trial_recording"": true, ""trial_required_tool_ids"": [15, 27, 28, 33]}"
2026-09-05T10:47:18.012-04:00,arunn,gesture,tts_queued,lifecycle,r2_gear_rod,Row 2.2: assemble gear rod,ready,3,55,,,,12.260873,,,,,,,,,,,,,,,,handle,,,replace_hover,,"{""acquired_tool_ids"": [28], ""acquisition_complete"": false, ""completed_steps"": [""r1_bearing_right"", ""r1_bearing_left""], ""head_rotation_deg"": null, ""head_translation_m"": null, ""left_hand_translation_m"": null, ""removed_tool_ids"": [18, 19], ""right_hand_translation_m"": null, ""selected_step"": ""r2_gear_rod"", ""step_attempt"": 3, ""step_elapsed_s"": 12.26088456704747, ""step_event_index"": 55, ""total_hand_translation_m"": null, ""trial_finished_elapsed_s"": null, ""trial_recording"": true, ""trial_required_tool_ids"": [15, 27, 28, 33]}"
2026-09-05T10:47:18.050-04:00,arunn,gesture,tts_finished,lifecycle,r2_gear_rod,Row 2.2: assemble gear rod,ready,3,56,,,,12.298831,,,,,,,,,,,,,,,,bearing,,,,,"{""acquired_tool_ids"": [28], ""acquisition_complete"": false, ""completed_steps"": [""r1_bearing_right"", ""r1_bearing_left""], ""head_rotation_deg"": null, ""head_translation_m"": null, ""left_hand_translation_m"": null, ""removed_tool_ids"": [18, 19], ""right_hand_translation_m"": null, ""selected_step"": ""r2_gear_rod"", ""step_attempt"": 3, ""step_elapsed_s"": 12.298842062009498, ""step_event_index"": 56, ""total_hand_translation_m"": null, ""trial_finished_elapsed_s"": null, ""trial_recording"": true, ""trial_required_tool_ids"": [15, 27, 28, 33]}"
2026-09-05T10:47:18.075-04:00,arunn,gesture,tts_started,lifecycle,r2_gear_rod,Row 2.2: assemble gear rod,ready,3,57,,,,12.323570,,,,,,,,,,,,,,,,handle,,,,,"{""acquired_tool_ids"": [28], ""acquisition_complete"": false, ""completed_steps"": [""r1_bearing_right"", ""r1_bearing_left""], ""head_rotation_deg"": null, ""head_translation_m"": null, ""left_hand_translation_m"": null, ""removed_tool_ids"": [18, 19], ""right_hand_translation_m"": null, ""selected_step"": ""r2_gear_rod"", ""step_attempt"": 3, ""step_elapsed_s"": 12.323579841060564, ""step_event_index"": 57, ""total_hand_translation_m"": null, ""trial_finished_elapsed_s"": null, ""trial_recording"": true, ""trial_required_tool_ids"": [15, 27, 28, 33]}"
2026-09-05T10:47:18.421-04:00,arunn,gesture,hover,hover,r2_gear_rod,Row 2.2: assemble gear rod,ready,3,58,33,PINS,,,,,,,,,,,,,,,,,,,,,,,"{""acquired_tool_ids"": [28], ""acquisition_complete"": false, ""completed_steps"": [""r1_bearing_right"", ""r1_bearing_left""], ""head_rotation_deg"": null, ""head_translation_m"": null, ""left_hand_translation_m"": null, ""removed_tool_ids"": [18, 19], ""right_hand_translation_m"": null, ""selected_step"": ""r2_gear_rod"", ""step_attempt"": 3, ""step_elapsed_s"": 12.669545460958034, ""step_event_index"": 58, ""total_hand_translation_m"": null, ""trial_finished_elapsed_s"": null, ""trial_recording"": true, ""trial_required_tool_ids"": [15, 27, 28, 33]}"
2026-09-05T10:47:18.469-04:00,arunn,gesture,tts_queued,lifecycle,r2_gear_rod,Row 2.2: assemble gear rod,ready,3,59,,,,12.717487,,,,,,,,,,,,,,,,pin,,,replace_hover,,"{""acquired_tool_ids"": [28], ""acquisition_complete"": false, ""completed_steps"": [""r1_bearing_right"", ""r1_bearing_left""], ""head_rotation_deg"": null, ""head_translation_m"": null, ""left_hand_translation_m"": null, ""removed_tool_ids"": [18, 19], ""right_hand_translation_m"": null, ""selected_step"": ""r2_gear_rod"", ""step_attempt"": 3, ""step_elapsed_s"": 12.717497450998053, ""step_event_index"": 59, ""total_hand_translation_m"": null, ""trial_finished_elapsed_s"": null, ""trial_recording"": true, ""trial_required_tool_ids"": [15, 27, 28, 33]}"
2026-09-05T10:47:18.531-04:00,arunn,gesture,tts_finished,lifecycle,r2_gear_rod,Row 2.2: assemble gear rod,ready,3,60,,,,12.779105,,,,,,,,,,,,,,,,handle,,,,,"{""acquired_tool_ids"": [28], ""acquisition_complete"": false, ""completed_steps"": [""r1_bearing_right"", ""r1_bearing_left""], ""head_rotation_deg"": null, ""head_translation_m"": null, ""left_hand_translation_m"": null, ""removed_tool_ids"": [18, 19], ""right_hand_translation_m"": null, ""selected_step"": ""r2_gear_rod"", ""step_attempt"": 3, ""step_elapsed_s"": 12.77911540295463, ""step_event_index"": 60, ""total_hand_translation_m"": null, ""trial_finished_elapsed_s"": null, ""trial_recording"": true, ""trial_required_tool_ids"": [15, 27, 28, 33]}"
2026-09-05T10:47:18.589-04:00,arunn,gesture,tts_started,lifecycle,r2_gear_rod,Row 2.2: assemble gear rod,ready,3,61,,,,12.837551,,,,,,,,,,,,,,,,pin,,,,,"{""acquired_tool_ids"": [28], ""acquisition_complete"": false, ""completed_steps"": [""r1_bearing_right"", ""r1_bearing_left""], ""head_rotation_deg"": null, ""head_translation_m"": null, ""left_hand_translation_m"": null, ""removed_tool_ids"": [18, 19], ""right_hand_translation_m"": null, ""selected_step"": ""r2_gear_rod"", ""step_attempt"": 3, ""step_elapsed_s"": 12.837563393986784, ""step_event_index"": 61, ""total_hand_translation_m"": null, ""trial_finished_elapsed_s"": null, ""trial_recording"": true, ""trial_required_tool_ids"": [15, 27, 28, 33]}"
2026-09-05T10:47:19.091-04:00,arunn,gesture,tts_finished,lifecycle,r2_gear_rod,Row 2.2: assemble gear rod,ready,3,62,,,,13.338927,,,,,,,,,,,,,,,,pin,,,,,"{""acquired_tool_ids"": [28], ""acquisition_complete"": false, ""completed_steps"": [""r1_bearing_right"", ""r1_bearing_left""], ""head_rotation_deg"": null, ""head_translation_m"": null, ""left_hand_translation_m"": null, ""removed_tool_ids"": [18, 19], ""right_hand_translation_m"": null, ""selected_step"": ""r2_gear_rod"", ""step_attempt"": 3, ""step_elapsed_s"": 13.338939417037182, ""step_event_index"": 62, ""total_hand_translation_m"": null, ""trial_finished_elapsed_s"": null, ""trial_recording"": true, ""trial_required_tool_ids"": [15, 27, 28, 33]}"
2026-09-05T10:47:19.370-04:00,arunn,gesture,part_selection,click,r2_gear_rod,Row 2.2: assemble gear rod,ready,3,63,33,PINS,7.429545,13.617894,,,,,,,,,,,,,,,1,,,,,,"{""acquired_tool_ids"": [28, 33], ""acquisition_complete"": false, ""completed_steps"": [""r1_bearing_right"", ""r1_bearing_left""], ""head_rotation_deg"": null, ""head_translation_m"": null, ""left_hand_translation_m"": null, ""removed_tool_ids"": [18, 19], ""right_hand_translation_m"": null, ""selected_step"": ""r2_gear_rod"", ""step_attempt"": 3, ""step_elapsed_s"": 13.617936525959522, ""step_event_index"": 63, ""total_hand_translation_m"": null, ""trial_finished_elapsed_s"": null, ""trial_recording"": true, ""trial_required_tool_ids"": [15, 27, 28, 33]}"
2026-09-05T10:47:19.459-04:00,arunn,gesture,object_acquired,click,r2_gear_rod,Row 2.2: assemble gear rod,ready,3,64,33,PINS,7.429545,13.617894,,,,,,,,,,,,,,,1,,,,,,"{""acquired_tool_ids"": [28, 33], ""acquisition_complete"": false, ""completed_steps"": [""r1_bearing_right"", ""r1_bearing_left""], ""head_rotation_deg"": null, ""head_translation_m"": null, ""left_hand_translation_m"": null, ""removed_tool_ids"": [18, 19], ""right_hand_translation_m"": null, ""selected_step"": ""r2_gear_rod"", ""step_attempt"": 3, ""step_elapsed_s"": 13.70748561504297, ""step_event_index"": 64, ""total_hand_translation_m"": null, ""trial_finished_elapsed_s"": null, ""trial_recording"": true, ""trial_required_tool_ids"": [15, 27, 28, 33]}"
2026-09-05T10:47:19.516-04:00,arunn,gesture,tts_queued,lifecycle,r2_gear_rod,Row 2.2: assemble gear rod,ready,3,65,,,,13.764658,,,,,,,,,,,,,,,,2 parts left.,,,replace,,"{""acquired_tool_ids"": [28, 33], ""acquisition_complete"": false, ""completed_steps"": [""r1_bearing_right"", ""r1_bearing_left""], ""head_rotation_deg"": null, ""head_translation_m"": null, ""left_hand_translation_m"": null, ""removed_tool_ids"": [18, 19], ""right_hand_translation_m"": null, ""selected_step"": ""r2_gear_rod"", ""step_attempt"": 3, ""step_elapsed_s"": 13.764681437052786, ""step_event_index"": 65, ""total_hand_translation_m"": null, ""trial_finished_elapsed_s"": null, ""trial_recording"": true, ""trial_required_tool_ids"": [15, 27, 28, 33]}"
2026-09-05T10:47:19.641-04:00,arunn,gesture,tts_started,lifecycle,r2_gear_rod,Row 2.2: assemble gear rod,ready,3,66,,,,13.889125,,,,,,,,,,,,,,,,2 parts left.,,,,,"{""acquired_tool_ids"": [28, 33], ""acquisition_complete"": false, ""completed_steps"": [""r1_bearing_right"", ""r1_bearing_left""], ""head_rotation_deg"": null, ""head_translation_m"": null, ""left_hand_translation_m"": null, ""removed_tool_ids"": [18, 19], ""right_hand_translation_m"": null, ""selected_step"": ""r2_gear_rod"", ""step_attempt"": 3, ""step_elapsed_s"": 13.889137331978418, ""step_event_index"": 66, ""total_hand_translation_m"": null, ""trial_finished_elapsed_s"": null, ""trial_recording"": true, ""trial_required_tool_ids"": [15, 27, 28, 33]}"
2026-09-05T10:47:20.642-04:00,arunn,gesture,tts_finished,lifecycle,r2_gear_rod,Row 2.2: assemble gear rod,ready,3,67,,,,14.890480,,,,,,,,,,,,,,,,2 parts left.,,,,,"{""acquired_tool_ids"": [28, 33], ""acquisition_complete"": false, ""completed_steps"": [""r1_bearing_right"", ""r1_bearing_left""], ""head_rotation_deg"": null, ""head_translation_m"": null, ""left_hand_translation_m"": null, ""removed_tool_ids"": [18, 19], ""right_hand_translation_m"": null, ""selected_step"": ""r2_gear_rod"", ""step_attempt"": 3, ""step_elapsed_s"": 14.890506166033447, ""step_event_index"": 67, ""total_hand_translation_m"": null, ""trial_finished_elapsed_s"": null, ""trial_recording"": true, ""trial_required_tool_ids"": [15, 27, 28, 33]}"
2026-09-05T10:47:21.407-04:00,arunn,gesture,hover,hover,r2_gear_rod,Row 2.2: assemble gear rod,ready,3,68,32,CRANK_HANDLE,,,,,,,,,,,,,,,,,,,,,,,"{""acquired_tool_ids"": [28, 33], ""acquisition_complete"": false, ""completed_steps"": [""r1_bearing_right"", ""r1_bearing_left""], ""head_rotation_deg"": null, ""head_translation_m"": null, ""left_hand_translation_m"": null, ""removed_tool_ids"": [18, 19], ""right_hand_translation_m"": null, ""selected_step"": ""r2_gear_rod"", ""step_attempt"": 3, ""step_elapsed_s"": 15.655313167953864, ""step_event_index"": 68, ""total_hand_translation_m"": null, ""trial_finished_elapsed_s"": null, ""trial_recording"": true, ""trial_required_tool_ids"": [15, 27, 28, 33]}"
2026-09-05T10:47:21.614-04:00,arunn,gesture,tts_queued,lifecycle,r2_gear_rod,Row 2.2: assemble gear rod,ready,3,69,,,,15.862067,,,,,,,,,,,,,,,,handle,,,replace_hover,,"{""acquired_tool_ids"": [28, 33], ""acquisition_complete"": false, ""completed_steps"": [""r1_bearing_right"", ""r1_bearing_left""], ""head_rotation_deg"": null, ""head_translation_m"": null, ""left_hand_translation_m"": null, ""removed_tool_ids"": [18, 19], ""right_hand_translation_m"": null, ""selected_step"": ""r2_gear_rod"", ""step_attempt"": 3, ""step_elapsed_s"": 15.862078557955101, ""step_event_index"": 69, ""total_hand_translation_m"": null, ""trial_finished_elapsed_s"": null, ""trial_recording"": true, ""trial_required_tool_ids"": [15, 27, 28, 33]}"
2026-09-05T10:47:21.850-04:00,arunn,gesture,tts_started,lifecycle,r2_gear_rod,Row 2.2: assemble gear rod,ready,3,70,,,,16.098800,,,,,,,,,,,,,,,,handle,,,,,"{""acquired_tool_ids"": [28, 33], ""acquisition_complete"": false, ""completed_steps"": [""r1_bearing_right"", ""r1_bearing_left""], ""head_rotation_deg"": null, ""head_translation_m"": null, ""left_hand_translation_m"": null, ""removed_tool_ids"": [18, 19], ""right_hand_translation_m"": null, ""selected_step"": ""r2_gear_rod"", ""step_attempt"": 3, ""step_elapsed_s"": 16.098810052033514, ""step_event_index"": 70, ""total_hand_translation_m"": null, ""trial_finished_elapsed_s"": null, ""trial_recording"": true, ""trial_required_tool_ids"": [15, 27, 28, 33]}"
2026-09-05T10:47:21.971-04:00,arunn,gesture,hover,hover,r2_gear_rod,Row 2.2: assemble gear rod,ready,3,71,28,GEAR_ROW2_RIGHT,,,,,,,,,,,,,,,,,,,,,,,"{""acquired_tool_ids"": [28, 33], ""acquisition_complete"": false, ""completed_steps"": [""r1_bearing_right"", ""r1_bearing_left""], ""head_rotation_deg"": null, ""head_translation_m"": null, ""left_hand_translation_m"": null, ""removed_tool_ids"": [18, 19], ""right_hand_translation_m"": null, ""selected_step"": ""r2_gear_rod"", ""step_attempt"": 3, ""step_elapsed_s"": 16.219471781048924, ""step_event_index"": 71, ""total_hand_translation_m"": null, ""trial_finished_elapsed_s"": null, ""trial_recording"": true, ""trial_required_tool_ids"": [15, 27, 28, 33]}"
2026-09-05T10:47:22.144-04:00,arunn,gesture,tts_queued,lifecycle,r2_gear_rod,Row 2.2: assemble gear rod,ready,3,72,,,,16.392190,,,,,,,,,,,,,,,,Row 2 right gear,,,replace_hover,,"{""acquired_tool_ids"": [28, 33], ""acquisition_complete"": false, ""completed_steps"": [""r1_bearing_right"", ""r1_bearing_left""], ""head_rotation_deg"": null, ""head_translation_m"": null, ""left_hand_translation_m"": null, ""removed_tool_ids"": [18, 19], ""right_hand_translation_m"": null, ""selected_step"": ""r2_gear_rod"", ""step_attempt"": 3, ""step_elapsed_s"": 16.3922051100526, ""step_event_index"": 72, ""total_hand_translation_m"": null, ""trial_finished_elapsed_s"": null, ""trial_recording"": true, ""trial_required_tool_ids"": [15, 27, 28, 33]}"
2026-09-05T10:47:22.224-04:00,arunn,gesture,hover,hover,r2_gear_rod,Row 2.2: assemble gear rod,ready,3,73,27,GEAR_ROW2_LEFT,,,,,,,,,,,,,,,,,,,,,,,"{""acquired_tool_ids"": [28, 33], ""acquisition_complete"": false, ""completed_steps"": [""r1_bearing_right"", ""r1_bearing_left""], ""head_rotation_deg"": null, ""head_translation_m"": null, ""left_hand_translation_m"": null, ""removed_tool_ids"": [18, 19], ""right_hand_translation_m"": null, ""selected_step"": ""r2_gear_rod"", ""step_attempt"": 3, ""step_elapsed_s"": 16.47272256098222, ""step_event_index"": 73, ""total_hand_translation_m"": null, ""trial_finished_elapsed_s"": null, ""trial_recording"": true, ""trial_required_tool_ids"": [15, 27, 28, 33]}"
2026-09-05T10:47:22.495-04:00,arunn,gesture,tts_queued,lifecycle,r2_gear_rod,Row 2.2: assemble gear rod,ready,3,74,,,,16.743073,,,,,,,,,,,,,,,,Row 2 left gear,,,replace_hover,,"{""acquired_tool_ids"": [28, 33], ""acquisition_complete"": false, ""completed_steps"": [""r1_bearing_right"", ""r1_bearing_left""], ""head_rotation_deg"": null, ""head_translation_m"": null, ""left_hand_translation_m"": null, ""removed_tool_ids"": [18, 19], ""right_hand_translation_m"": null, ""selected_step"": ""r2_gear_rod"", ""step_attempt"": 3, ""step_elapsed_s"": 16.74308893305715, ""step_event_index"": 74, ""total_hand_translation_m"": null, ""trial_finished_elapsed_s"": null, ""trial_recording"": true, ""trial_required_tool_ids"": [15, 27, 28, 33]}"
2026-09-05T10:47:22.596-04:00,arunn,gesture,hover,hover,r2_gear_rod,Row 2.2: assemble gear rod,ready,3,75,34,BEARINGS,,,,,,,,,,,,,,,,,,,,,,,"{""acquired_tool_ids"": [28, 33], ""acquisition_complete"": false, ""completed_steps"": [""r1_bearing_right"", ""r1_bearing_left""], ""head_rotation_deg"": null, ""head_translation_m"": null, ""left_hand_translation_m"": null, ""removed_tool_ids"": [18, 19], ""right_hand_translation_m"": null, ""selected_step"": ""r2_gear_rod"", ""step_attempt"": 3, ""step_elapsed_s"": 16.84455971303396, ""step_event_index"": 75, ""total_hand_translation_m"": null, ""trial_finished_elapsed_s"": null, ""trial_recording"": true, ""trial_required_tool_ids"": [15, 27, 28, 33]}"
2026-09-05T10:47:22.609-04:00,arunn,gesture,tts_queued,lifecycle,r2_gear_rod,Row 2.2: assemble gear rod,ready,3,76,,,,16.857041,,,,,,,,,,,,,,,,bearing,,,replace_hover,,"{""acquired_tool_ids"": [28, 33], ""acquisition_complete"": false, ""completed_steps"": [""r1_bearing_right"", ""r1_bearing_left""], ""head_rotation_deg"": null, ""head_translation_m"": null, ""left_hand_translation_m"": null, ""removed_tool_ids"": [18, 19], ""right_hand_translation_m"": null, ""selected_step"": ""r2_gear_rod"", ""step_attempt"": 3, ""step_elapsed_s"": 16.85704763396643, ""step_event_index"": 76, ""total_hand_translation_m"": null, ""trial_finished_elapsed_s"": null, ""trial_recording"": true, ""trial_required_tool_ids"": [15, 27, 28, 33]}"
2026-09-05T10:47:22.645-04:00,arunn,gesture,hover,hover,r2_gear_rod,Row 2.2: assemble gear rod,ready,3,77,35,SCREWS,,,,,,,,,,,,,,,,,,,,,,,"{""acquired_tool_ids"": [28, 33], ""acquisition_complete"": false, ""completed_steps"": [""r1_bearing_right"", ""r1_bearing_left""], ""head_rotation_deg"": null, ""head_translation_m"": null, ""left_hand_translation_m"": null, ""removed_tool_ids"": [18, 19], ""right_hand_translation_m"": null, ""selected_step"": ""r2_gear_rod"", ""step_attempt"": 3, ""step_elapsed_s"": 16.893582619028166, ""step_event_index"": 77, ""total_hand_translation_m"": null, ""trial_finished_elapsed_s"": null, ""trial_recording"": true, ""trial_required_tool_ids"": [15, 27, 28, 33]}"
2026-09-05T10:47:22.664-04:00,arunn,gesture,tts_queued,lifecycle,r2_gear_rod,Row 2.2: assemble gear rod,ready,3,78,,,,16.912115,,,,,,,,,,,,,,,,screw,,,replace_hover,,"{""acquired_tool_ids"": [28, 33], ""acquisition_complete"": false, ""completed_steps"": [""r1_bearing_right"", ""r1_bearing_left""], ""head_rotation_deg"": null, ""head_translation_m"": null, ""left_hand_translation_m"": null, ""removed_tool_ids"": [18, 19], ""right_hand_translation_m"": null, ""selected_step"": ""r2_gear_rod"", ""step_attempt"": 3, ""step_elapsed_s"": 16.912123827030882, ""step_event_index"": 78, ""total_hand_translation_m"": null, ""trial_finished_elapsed_s"": null, ""trial_recording"": true, ""trial_required_tool_ids"": [15, 27, 28, 33]}"
2026-09-05T10:47:23.073-04:00,arunn,gesture,hover,hover,r2_gear_rod,Row 2.2: assemble gear rod,ready,3,79,17,GEAR_ROD_ROW4,,,,,,,,,,,,,,,,,,,,,,,"{""acquired_tool_ids"": [28, 33], ""acquisition_complete"": false, ""completed_steps"": [""r1_bearing_right"", ""r1_bearing_left""], ""head_rotation_deg"": null, ""head_translation_m"": null, ""left_hand_translation_m"": null, ""removed_tool_ids"": [18, 19], ""right_hand_translation_m"": null, ""selected_step"": ""r2_gear_rod"", ""step_attempt"": 3, ""step_elapsed_s"": 17.321694490034133, ""step_event_index"": 79, ""total_hand_translation_m"": null, ""trial_finished_elapsed_s"": null, ""trial_recording"": true, ""trial_required_tool_ids"": [15, 27, 28, 33]}"
2026-09-05T10:47:23.104-04:00,arunn,gesture,tts_queued,lifecycle,r2_gear_rod,Row 2.2: assemble gear rod,ready,3,80,,,,17.351962,,,,,,,,,,,,,,,,Row 4 gear rod,,,replace_hover,,"{""acquired_tool_ids"": [28, 33], ""acquisition_complete"": false, ""completed_steps"": [""r1_bearing_right"", ""r1_bearing_left""], ""head_rotation_deg"": null, ""head_translation_m"": null, ""left_hand_translation_m"": null, ""removed_tool_ids"": [18, 19], ""right_hand_translation_m"": null, ""selected_step"": ""r2_gear_rod"", ""step_attempt"": 3, ""step_elapsed_s"": 17.351974340039305, ""step_event_index"": 80, ""total_hand_translation_m"": null, ""trial_finished_elapsed_s"": null, ""trial_recording"": true, ""trial_required_tool_ids"": [15, 27, 28, 33]}"
2026-09-05T10:47:23.187-04:00,arunn,gesture,tts_finished,lifecycle,r2_gear_rod,Row 2.2: assemble gear rod,ready,3,81,,,,17.435720,,,,,,,,,,,,,,,,handle,,,,,"{""acquired_tool_ids"": [28, 33], ""acquisition_complete"": false, ""completed_steps"": [""r1_bearing_right"", ""r1_bearing_left""], ""head_rotation_deg"": null, ""head_translation_m"": null, ""left_hand_translation_m"": null, ""removed_tool_ids"": [18, 19], ""right_hand_translation_m"": null, ""selected_step"": ""r2_gear_rod"", ""step_attempt"": 3, ""step_elapsed_s"": 17.435731112025678, ""step_event_index"": 81, ""total_hand_translation_m"": null, ""trial_finished_elapsed_s"": null, ""trial_recording"": true, ""trial_required_tool_ids"": [15, 27, 28, 33]}"
2026-09-05T10:47:23.477-04:00,arunn,gesture,tts_started,lifecycle,r2_gear_rod,Row 2.2: assemble gear rod,ready,3,82,,,,17.725335,,,,,,,,,,,,,,,,Row 2 right gear,,,,,"{""acquired_tool_ids"": [28, 33], ""acquisition_complete"": false, ""completed_steps"": [""r1_bearing_right"", ""r1_bearing_left""], ""head_rotation_deg"": null, ""head_translation_m"": null, ""left_hand_translation_m"": null, ""removed_tool_ids"": [18, 19], ""right_hand_translation_m"": null, ""selected_step"": ""r2_gear_rod"", ""step_attempt"": 3, ""step_elapsed_s"": 17.725347144994885, ""step_event_index"": 82, ""total_hand_translation_m"": null, ""trial_finished_elapsed_s"": null, ""trial_recording"": true, ""trial_required_tool_ids"": [15, 27, 28, 33]}"
2026-09-05T10:47:23.911-04:00,arunn,gesture,tts_finished,lifecycle,r2_gear_rod,Row 2.2: assemble gear rod,ready,3,83,,,,18.159766,,,,,,,,,,,,,,,,Row 2 right gear,,,,,"{""acquired_tool_ids"": [28, 33], ""acquisition_complete"": false, ""completed_steps"": [""r1_bearing_right"", ""r1_bearing_left""], ""head_rotation_deg"": null, ""head_translation_m"": null, ""left_hand_translation_m"": null, ""removed_tool_ids"": [18, 19], ""right_hand_translation_m"": null, ""selected_step"": ""r2_gear_rod"", ""step_attempt"": 3, ""step_elapsed_s"": 18.159793799975887, ""step_event_index"": 83, ""total_hand_translation_m"": null, ""trial_finished_elapsed_s"": null, ""trial_recording"": true, ""trial_required_tool_ids"": [15, 27, 28, 33]}"
2026-09-05T10:47:24.067-04:00,arunn,gesture,tts_started,lifecycle,r2_gear_rod,Row 2.2: assemble gear rod,ready,3,84,,,,18.315303,,,,,,,,,,,,,,,,Row 2 left gear,,,,,"{""acquired_tool_ids"": [28, 33], ""acquisition_complete"": false, ""completed_steps"": [""r1_bearing_right"", ""r1_bearing_left""], ""head_rotation_deg"": null, ""head_translation_m"": null, ""left_hand_translation_m"": null, ""removed_tool_ids"": [18, 19], ""right_hand_translation_m"": null, ""selected_step"": ""r2_gear_rod"", ""step_attempt"": 3, ""step_elapsed_s"": 18.315315237967297, ""step_event_index"": 84, ""total_hand_translation_m"": null, ""trial_finished_elapsed_s"": null, ""trial_recording"": true, ""trial_required_tool_ids"": [15, 27, 28, 33]}"
2026-09-05T10:47:24.134-04:00,arunn,gesture,tts_finished,lifecycle,r2_gear_rod,Row 2.2: assemble gear rod,ready,3,85,,,,18.382386,,,,,,,,,,,,,,,,Row 2 left gear,,,,,"{""acquired_tool_ids"": [28, 33], ""acquisition_complete"": false, ""completed_steps"": [""r1_bearing_right"", ""r1_bearing_left""], ""head_rotation_deg"": null, ""head_translation_m"": null, ""left_hand_translation_m"": null, ""removed_tool_ids"": [18, 19], ""right_hand_translation_m"": null, ""selected_step"": ""r2_gear_rod"", ""step_attempt"": 3, ""step_elapsed_s"": 18.382399037014693, ""step_event_index"": 85, ""total_hand_translation_m"": null, ""trial_finished_elapsed_s"": null, ""trial_recording"": true, ""trial_required_tool_ids"": [15, 27, 28, 33]}"
2026-09-05T10:47:24.163-04:00,arunn,gesture,tts_started,lifecycle,r2_gear_rod,Row 2.2: assemble gear rod,ready,3,86,,,,18.411523,,,,,,,,,,,,,,,,bearing,,,,,"{""acquired_tool_ids"": [28, 33], ""acquisition_complete"": false, ""completed_steps"": [""r1_bearing_right"", ""r1_bearing_left""], ""head_rotation_deg"": null, ""head_translation_m"": null, ""left_hand_translation_m"": null, ""removed_tool_ids"": [18, 19], ""right_hand_translation_m"": null, ""selected_step"": ""r2_gear_rod"", ""step_attempt"": 3, ""step_elapsed_s"": 18.4115318430122, ""step_event_index"": 86, ""total_hand_translation_m"": null, ""trial_finished_elapsed_s"": null, ""trial_recording"": true, ""trial_required_tool_ids"": [15, 27, 28, 33]}"
2026-09-05T10:47:24.207-04:00,arunn,gesture,tts_finished,lifecycle,r2_gear_rod,Row 2.2: assemble gear rod,ready,3,87,,,,18.455060,,,,,,,,,,,,,,,,bearing,,,,,"{""acquired_tool_ids"": [28, 33], ""acquisition_complete"": false, ""completed_steps"": [""r1_bearing_right"", ""r1_bearing_left""], ""head_rotation_deg"": null, ""head_translation_m"": null, ""left_hand_translation_m"": null, ""removed_tool_ids"": [18, 19], ""right_hand_translation_m"": null, ""selected_step"": ""r2_gear_rod"", ""step_attempt"": 3, ""step_elapsed_s"": 18.455074816010892, ""step_event_index"": 87, ""total_hand_translation_m"": null, ""trial_finished_elapsed_s"": null, ""trial_recording"": true, ""trial_required_tool_ids"": [15, 27, 28, 33]}"
2026-09-05T10:47:24.237-04:00,arunn,gesture,tts_started,lifecycle,r2_gear_rod,Row 2.2: assemble gear rod,ready,3,88,,,,18.485722,,,,,,,,,,,,,,,,screw,,,,,"{""acquired_tool_ids"": [28, 33], ""acquisition_complete"": false, ""completed_steps"": [""r1_bearing_right"", ""r1_bearing_left""], ""head_rotation_deg"": null, ""head_translation_m"": null, ""left_hand_translation_m"": null, ""removed_tool_ids"": [18, 19], ""right_hand_translation_m"": null, ""selected_step"": ""r2_gear_rod"", ""step_attempt"": 3, ""step_elapsed_s"": 18.485731219989248, ""step_event_index"": 88, ""total_hand_translation_m"": null, ""trial_finished_elapsed_s"": null, ""trial_recording"": true, ""trial_required_tool_ids"": [15, 27, 28, 33]}"
2026-09-05T10:47:24.324-04:00,arunn,gesture,tts_finished,lifecycle,r2_gear_rod,Row 2.2: assemble gear rod,ready,3,89,,,,18.572118,,,,,,,,,,,,,,,,screw,,,,,"{""acquired_tool_ids"": [28, 33], ""acquisition_complete"": false, ""completed_steps"": [""r1_bearing_right"", ""r1_bearing_left""], ""head_rotation_deg"": null, ""head_translation_m"": null, ""left_hand_translation_m"": null, ""removed_tool_ids"": [18, 19], ""right_hand_translation_m"": null, ""selected_step"": ""r2_gear_rod"", ""step_attempt"": 3, ""step_elapsed_s"": 18.572130272048526, ""step_event_index"": 89, ""total_hand_translation_m"": null, ""trial_finished_elapsed_s"": null, ""trial_recording"": true, ""trial_required_tool_ids"": [15, 27, 28, 33]}"
2026-09-05T10:47:24.566-04:00,arunn,gesture,tts_started,lifecycle,r2_gear_rod,Row 2.2: assemble gear rod,ready,3,90,,,,18.814499,,,,,,,,,,,,,,,,Row 4 gear rod,,,,,"{""acquired_tool_ids"": [28, 33], ""acquisition_complete"": false, ""completed_steps"": [""r1_bearing_right"", ""r1_bearing_left""], ""head_rotation_deg"": null, ""head_translation_m"": null, ""left_hand_translation_m"": null, ""removed_tool_ids"": [18, 19], ""right_hand_translation_m"": null, ""selected_step"": ""r2_gear_rod"", ""step_attempt"": 3, ""step_elapsed_s"": 18.814523951965384, ""step_event_index"": 90, ""total_hand_translation_m"": null, ""trial_finished_elapsed_s"": null, ""trial_recording"": true, ""trial_required_tool_ids"": [15, 27, 28, 33]}"
2026-09-05T10:47:24.829-04:00,arunn,gesture,hover,hover,r2_gear_rod,Row 2.2: assemble gear rod,ready,3,91,16,GEAR_ROD_ROW3,,,,,,,,,,,,,,,,,,,,,,,"{""acquired_tool_ids"": [28, 33], ""acquisition_complete"": false, ""completed_steps"": [""r1_bearing_right"", ""r1_bearing_left""], ""head_rotation_deg"": null, ""head_translation_m"": null, ""left_hand_translation_m"": null, ""removed_tool_ids"": [18, 19], ""right_hand_translation_m"": null, ""selected_step"": ""r2_gear_rod"", ""step_attempt"": 3, ""step_elapsed_s"": 19.0777011270402, ""step_event_index"": 91, ""total_hand_translation_m"": null, ""trial_finished_elapsed_s"": null, ""trial_recording"": true, ""trial_required_tool_ids"": [15, 27, 28, 33]}"
2026-09-05T10:47:24.937-04:00,arunn,gesture,tts_queued,lifecycle,r2_gear_rod,Row 2.2: assemble gear rod,ready,3,92,,,,19.185558,,,,,,,,,,,,,,,,Row 3 gear rod,,,replace_hover,,"{""acquired_tool_ids"": [28, 33], ""acquisition_complete"": false, ""completed_steps"": [""r1_bearing_right"", ""r1_bearing_left""], ""head_rotation_deg"": null, ""head_translation_m"": null, ""left_hand_translation_m"": null, ""removed_tool_ids"": [18, 19], ""right_hand_translation_m"": null, ""selected_step"": ""r2_gear_rod"", ""step_attempt"": 3, ""step_elapsed_s"": 19.185571935027838, ""step_event_index"": 92, ""total_hand_translation_m"": null, ""trial_finished_elapsed_s"": null, ""trial_recording"": true, ""trial_required_tool_ids"": [15, 27, 28, 33]}"
2026-09-05T10:47:25.165-04:00,arunn,gesture,hover,hover,r2_gear_rod,Row 2.2: assemble gear rod,ready,3,93,15,GEAR_ROD_ROW2,,,,,,,,,,,,,,,,,,,,,,,"{""acquired_tool_ids"": [28, 33], ""acquisition_complete"": false, ""completed_steps"": [""r1_bearing_right"", ""r1_bearing_left""], ""head_rotation_deg"": null, ""head_translation_m"": null, ""left_hand_translation_m"": null, ""removed_tool_ids"": [18, 19], ""right_hand_translation_m"": null, ""selected_step"": ""r2_gear_rod"", ""step_attempt"": 3, ""step_elapsed_s"": 19.413346668006852, ""step_event_index"": 93, ""total_hand_translation_m"": null, ""trial_finished_elapsed_s"": null, ""trial_recording"": true, ""trial_required_tool_ids"": [15, 27, 28, 33]}"
2026-09-05T10:47:25.313-04:00,arunn,gesture,tts_queued,lifecycle,r2_gear_rod,Row 2.2: assemble gear rod,ready,3,94,,,,19.561589,,,,,,,,,,,,,,,,Row 2 gear rod,,,replace_hover,,"{""acquired_tool_ids"": [28, 33], ""acquisition_complete"": false, ""completed_steps"": [""r1_bearing_right"", ""r1_bearing_left""], ""head_rotation_deg"": null, ""head_translation_m"": null, ""left_hand_translation_m"": null, ""removed_tool_ids"": [18, 19], ""right_hand_translation_m"": null, ""selected_step"": ""r2_gear_rod"", ""step_attempt"": 3, ""step_elapsed_s"": 19.5615992579842, ""step_event_index"": 94, ""total_hand_translation_m"": null, ""trial_finished_elapsed_s"": null, ""trial_recording"": true, ""trial_required_tool_ids"": [15, 27, 28, 33]}"
2026-09-05T10:47:25.531-04:00,arunn,gesture,tts_finished,lifecycle,r2_gear_rod,Row 2.2: assemble gear rod,ready,3,95,,,,19.779099,,,,,,,,,,,,,,,,Row 4 gear rod,,,,,"{""acquired_tool_ids"": [28, 33], ""acquisition_complete"": false, ""completed_steps"": [""r1_bearing_right"", ""r1_bearing_left""], ""head_rotation_deg"": null, ""head_translation_m"": null, ""left_hand_translation_m"": null, ""removed_tool_ids"": [18, 19], ""right_hand_translation_m"": null, ""selected_step"": ""r2_gear_rod"", ""step_attempt"": 3, ""step_elapsed_s"": 19.779110069968738, ""step_event_index"": 95, ""total_hand_translation_m"": null, ""trial_finished_elapsed_s"": null, ""trial_recording"": true, ""trial_required_tool_ids"": [15, 27, 28, 33]}"
2026-09-05T10:47:25.767-04:00,arunn,gesture,tts_started,lifecycle,r2_gear_rod,Row 2.2: assemble gear rod,ready,3,96,,,,20.015281,,,,,,,,,,,,,,,,Row 3 gear rod,,,,,"{""acquired_tool_ids"": [28, 33], ""acquisition_complete"": false, ""completed_steps"": [""r1_bearing_right"", ""r1_bearing_left""], ""head_rotation_deg"": null, ""head_translation_m"": null, ""left_hand_translation_m"": null, ""removed_tool_ids"": [18, 19], ""right_hand_translation_m"": null, ""selected_step"": ""r2_gear_rod"", ""step_attempt"": 3, ""step_elapsed_s"": 20.015296719036996, ""step_event_index"": 96, ""total_hand_translation_m"": null, ""trial_finished_elapsed_s"": null, ""trial_recording"": true, ""trial_required_tool_ids"": [15, 27, 28, 33]}"
2026-09-05T10:47:25.879-04:00,arunn,gesture,tts_finished,lifecycle,r2_gear_rod,Row 2.2: assemble gear rod,ready,3,97,,,,20.127177,,,,,,,,,,,,,,,,Row 3 gear rod,,,,,"{""acquired_tool_ids"": [28, 33], ""acquisition_complete"": false, ""completed_steps"": [""r1_bearing_right"", ""r1_bearing_left""], ""head_rotation_deg"": null, ""head_translation_m"": null, ""left_hand_translation_m"": null, ""removed_tool_ids"": [18, 19], ""right_hand_translation_m"": null, ""selected_step"": ""r2_gear_rod"", ""step_attempt"": 3, ""step_elapsed_s"": 20.127187747042626, ""step_event_index"": 97, ""total_hand_translation_m"": null, ""trial_finished_elapsed_s"": null, ""trial_recording"": true, ""trial_required_tool_ids"": [15, 27, 28, 33]}"
2026-09-05T10:47:25.972-04:00,arunn,gesture,tts_started,lifecycle,r2_gear_rod,Row 2.2: assemble gear rod,ready,3,98,,,,20.220619,,,,,,,,,,,,,,,,Row 2 gear rod,,,,,"{""acquired_tool_ids"": [28, 33], ""acquisition_complete"": false, ""completed_steps"": [""r1_bearing_right"", ""r1_bearing_left""], ""head_rotation_deg"": null, ""head_translation_m"": null, ""left_hand_translation_m"": null, ""removed_tool_ids"": [18, 19], ""right_hand_translation_m"": null, ""selected_step"": ""r2_gear_rod"", ""step_attempt"": 3, ""step_elapsed_s"": 20.22063033399172, ""step_event_index"": 98, ""total_hand_translation_m"": null, ""trial_finished_elapsed_s"": null, ""trial_recording"": true, ""trial_required_tool_ids"": [15, 27, 28, 33]}"
2026-09-05T10:47:26.309-04:00,arunn,gesture,part_selection,click,r2_gear_rod,Row 2.2: assemble gear rod,ready,3,99,15,GEAR_ROD_ROW2,6.939200,20.557094,,,,,,,,,,,,,,,1,,,,,,"{""acquired_tool_ids"": [15, 28, 33], ""acquisition_complete"": false, ""completed_steps"": [""r1_bearing_right"", ""r1_bearing_left""], ""head_rotation_deg"": null, ""head_translation_m"": null, ""left_hand_translation_m"": null, ""removed_tool_ids"": [18, 19], ""right_hand_translation_m"": null, ""selected_step"": ""r2_gear_rod"", ""step_attempt"": 3, ""step_elapsed_s"": 20.557143684010953, ""step_event_index"": 99, ""total_hand_translation_m"": null, ""trial_finished_elapsed_s"": null, ""trial_recording"": true, ""trial_required_tool_ids"": [15, 27, 28, 33]}"
2026-09-05T10:47:26.455-04:00,arunn,gesture,object_acquired,click,r2_gear_rod,Row 2.2: assemble gear rod,ready,3,100,15,GEAR_ROD_ROW2,6.939200,20.557094,,,,,,,,,,,,,,,1,,,,,,"{""acquired_tool_ids"": [15, 28, 33], ""acquisition_complete"": false, ""completed_steps"": [""r1_bearing_right"", ""r1_bearing_left""], ""head_rotation_deg"": null, ""head_translation_m"": null, ""left_hand_translation_m"": null, ""removed_tool_ids"": [18, 19], ""right_hand_translation_m"": null, ""selected_step"": ""r2_gear_rod"", ""step_attempt"": 3, ""step_elapsed_s"": 20.702933278051205, ""step_event_index"": 100, ""total_hand_translation_m"": null, ""trial_finished_elapsed_s"": null, ""trial_recording"": true, ""trial_required_tool_ids"": [15, 27, 28, 33]}"
2026-09-05T10:47:26.474-04:00,arunn,gesture,tts_queued,lifecycle,r2_gear_rod,Row 2.2: assemble gear rod,ready,3,101,,,,20.722493,,,,,,,,,,,,,,,,1 part left.,,,replace,,"{""acquired_tool_ids"": [15, 28, 33], ""acquisition_complete"": false, ""completed_steps"": [""r1_bearing_right"", ""r1_bearing_left""], ""head_rotation_deg"": null, ""head_translation_m"": null, ""left_hand_translation_m"": null, ""removed_tool_ids"": [18, 19], ""right_hand_translation_m"": null, ""selected_step"": ""r2_gear_rod"", ""step_attempt"": 3, ""step_elapsed_s"": 20.72250015696045, ""step_event_index"": 101, ""total_hand_translation_m"": null, ""trial_finished_elapsed_s"": null, ""trial_recording"": true, ""trial_required_tool_ids"": [15, 27, 28, 33]}"
2026-09-05T10:47:26.502-04:00,arunn,gesture,tts_finished,lifecycle,r2_gear_rod,Row 2.2: assemble gear rod,ready,3,102,,,,20.750514,,,,,,,,,,,,,,,,Row 2 gear rod,,,,,"{""acquired_tool_ids"": [15, 28, 33], ""acquisition_complete"": false, ""completed_steps"": [""r1_bearing_right"", ""r1_bearing_left""], ""head_rotation_deg"": null, ""head_translation_m"": null, ""left_hand_translation_m"": null, ""removed_tool_ids"": [18, 19], ""right_hand_translation_m"": null, ""selected_step"": ""r2_gear_rod"", ""step_attempt"": 3, ""step_elapsed_s"": 20.750524234957993, ""step_event_index"": 102, ""total_hand_translation_m"": null, ""trial_finished_elapsed_s"": null, ""trial_recording"": true, ""trial_required_tool_ids"": [15, 27, 28, 33]}"
2026-09-05T10:47:26.531-04:00,arunn,gesture,tts_started,lifecycle,r2_gear_rod,Row 2.2: assemble gear rod,ready,3,103,,,,20.779090,,,,,,,,,,,,,,,,1 part left.,,,,,"{""acquired_tool_ids"": [15, 28, 33], ""acquisition_complete"": false, ""completed_steps"": [""r1_bearing_right"", ""r1_bearing_left""], ""head_rotation_deg"": null, ""head_translation_m"": null, ""left_hand_translation_m"": null, ""removed_tool_ids"": [18, 19], ""right_hand_translation_m"": null, ""selected_step"": ""r2_gear_rod"", ""step_attempt"": 3, ""step_elapsed_s"": 20.779102034051903, ""step_event_index"": 103, ""total_hand_translation_m"": null, ""trial_finished_elapsed_s"": null, ""trial_recording"": true, ""trial_required_tool_ids"": [15, 27, 28, 33]}"
2026-09-05T10:47:27.545-04:00,arunn,gesture,tts_finished,lifecycle,r2_gear_rod,Row 2.2: assemble gear rod,ready,3,104,,,,21.793050,,,,,,,,,,,,,,,,1 part left.,,,,,"{""acquired_tool_ids"": [15, 28, 33], ""acquisition_complete"": false, ""completed_steps"": [""r1_bearing_right"", ""r1_bearing_left""], ""head_rotation_deg"": null, ""head_translation_m"": null, ""left_hand_translation_m"": null, ""removed_tool_ids"": [18, 19], ""right_hand_translation_m"": null, ""selected_step"": ""r2_gear_rod"", ""step_attempt"": 3, ""step_elapsed_s"": 21.793061862001196, ""step_event_index"": 104, ""total_hand_translation_m"": null, ""trial_finished_elapsed_s"": null, ""trial_recording"": true, ""trial_required_tool_ids"": [15, 27, 28, 33]}"
2026-09-05T10:47:27.802-04:00,arunn,gesture,hover,hover,r2_gear_rod,Row 2.2: assemble gear rod,ready,3,105,16,GEAR_ROD_ROW3,,,,,,,,,,,,,,,,,,,,,,,"{""acquired_tool_ids"": [15, 28, 33], ""acquisition_complete"": false, ""completed_steps"": [""r1_bearing_right"", ""r1_bearing_left""], ""head_rotation_deg"": null, ""head_translation_m"": null, ""left_hand_translation_m"": null, ""removed_tool_ids"": [18, 19], ""right_hand_translation_m"": null, ""selected_step"": ""r2_gear_rod"", ""step_attempt"": 3, ""step_elapsed_s"": 22.05017369997222, ""step_event_index"": 105, ""total_hand_translation_m"": null, ""trial_finished_elapsed_s"": null, ""trial_recording"": true, ""trial_required_tool_ids"": [15, 27, 28, 33]}"
2026-09-05T10:47:27.871-04:00,arunn,gesture,tts_queued,lifecycle,r2_gear_rod,Row 2.2: assemble gear rod,ready,3,106,,,,22.119526,,,,,,,,,,,,,,,,Row 3 gear rod,,,replace_hover,,"{""acquired_tool_ids"": [15, 28, 33], ""acquisition_complete"": false, ""completed_steps"": [""r1_bearing_right"", ""r1_bearing_left""], ""head_rotation_deg"": null, ""head_translation_m"": null, ""left_hand_translation_m"": null, ""removed_tool_ids"": [18, 19], ""right_hand_translation_m"": null, ""selected_step"": ""r2_gear_rod"", ""step_attempt"": 3, ""step_elapsed_s"": 22.119548058952205, ""step_event_index"": 106, ""total_hand_translation_m"": null, ""trial_finished_elapsed_s"": null, ""trial_recording"": true, ""trial_required_tool_ids"": [15, 27, 28, 33]}"
2026-09-05T10:47:28.092-04:00,arunn,gesture,tts_started,lifecycle,r2_gear_rod,Row 2.2: assemble gear rod,ready,3,107,,,,22.340302,,,,,,,,,,,,,,,,Row 3 gear rod,,,,,"{""acquired_tool_ids"": [15, 28, 33], ""acquisition_complete"": false, ""completed_steps"": [""r1_bearing_right"", ""r1_bearing_left""], ""head_rotation_deg"": null, ""head_translation_m"": null, ""left_hand_translation_m"": null, ""removed_tool_ids"": [18, 19], ""right_hand_translation_m"": null, ""selected_step"": ""r2_gear_rod"", ""step_attempt"": 3, ""step_elapsed_s"": 22.340313942055218, ""step_event_index"": 107, ""total_hand_translation_m"": null, ""trial_finished_elapsed_s"": null, ""trial_recording"": true, ""trial_required_tool_ids"": [15, 27, 28, 33]}"
2026-09-05T10:47:28.719-04:00,arunn,gesture,hover,hover,r2_gear_rod,Row 2.2: assemble gear rod,ready,3,108,17,GEAR_ROD_ROW4,,,,,,,,,,,,,,,,,,,,,,,"{""acquired_tool_ids"": [15, 28, 33], ""acquisition_complete"": false, ""completed_steps"": [""r1_bearing_right"", ""r1_bearing_left""], ""head_rotation_deg"": null, ""head_translation_m"": null, ""left_hand_translation_m"": null, ""removed_tool_ids"": [18, 19], ""right_hand_translation_m"": null, ""selected_step"": ""r2_gear_rod"", ""step_attempt"": 3, ""step_elapsed_s"": 22.967718063038774, ""step_event_index"": 108, ""total_hand_translation_m"": null, ""trial_finished_elapsed_s"": null, ""trial_recording"": true, ""trial_required_tool_ids"": [15, 27, 28, 33]}"
2026-09-05T10:47:28.763-04:00,arunn,gesture,tts_queued,lifecycle,r2_gear_rod,Row 2.2: assemble gear rod,ready,3,109,,,,23.011460,,,,,,,,,,,,,,,,Row 4 gear rod,,,replace_hover,,"{""acquired_tool_ids"": [15, 28, 33], ""acquisition_complete"": false, ""completed_steps"": [""r1_bearing_right"", ""r1_bearing_left""], ""head_rotation_deg"": null, ""head_translation_m"": null, ""left_hand_translation_m"": null, ""removed_tool_ids"": [18, 19], ""right_hand_translation_m"": null, ""selected_step"": ""r2_gear_rod"", ""step_attempt"": 3, ""step_elapsed_s"": 23.01147247501649, ""step_event_index"": 109, ""total_hand_translation_m"": null, ""trial_finished_elapsed_s"": null, ""trial_recording"": true, ""trial_required_tool_ids"": [15, 27, 28, 33]}"
2026-09-05T10:47:28.926-04:00,arunn,gesture,tts_finished,lifecycle,r2_gear_rod,Row 2.2: assemble gear rod,ready,3,110,,,,23.174209,,,,,,,,,,,,,,,,Row 3 gear rod,,,,,"{""acquired_tool_ids"": [15, 28, 33], ""acquisition_complete"": false, ""completed_steps"": [""r1_bearing_right"", ""r1_bearing_left""], ""head_rotation_deg"": null, ""head_translation_m"": null, ""left_hand_translation_m"": null, ""removed_tool_ids"": [18, 19], ""right_hand_translation_m"": null, ""selected_step"": ""r2_gear_rod"", ""step_attempt"": 3, ""step_elapsed_s"": 23.174217576975934, ""step_event_index"": 110, ""total_hand_translation_m"": null, ""trial_finished_elapsed_s"": null, ""trial_recording"": true, ""trial_required_tool_ids"": [15, 27, 28, 33]}"
2026-09-05T10:47:28.991-04:00,arunn,gesture,tts_started,lifecycle,r2_gear_rod,Row 2.2: assemble gear rod,ready,3,111,,,,23.239187,,,,,,,,,,,,,,,,Row 4 gear rod,,,,,"{""acquired_tool_ids"": [15, 28, 33], ""acquisition_complete"": false, ""completed_steps"": [""r1_bearing_right"", ""r1_bearing_left""], ""head_rotation_deg"": null, ""head_translation_m"": null, ""left_hand_translation_m"": null, ""removed_tool_ids"": [18, 19], ""right_hand_translation_m"": null, ""selected_step"": ""r2_gear_rod"", ""step_attempt"": 3, ""step_elapsed_s"": 23.23919889703393, ""step_event_index"": 111, ""total_hand_translation_m"": null, ""trial_finished_elapsed_s"": null, ""trial_recording"": true, ""trial_required_tool_ids"": [15, 27, 28, 33]}"
2026-09-05T10:47:29.186-04:00,arunn,gesture,hover,hover,r2_gear_rod,Row 2.2: assemble gear rod,ready,3,112,35,SCREWS,,,,,,,,,,,,,,,,,,,,,,,"{""acquired_tool_ids"": [15, 28, 33], ""acquisition_complete"": false, ""completed_steps"": [""r1_bearing_right"", ""r1_bearing_left""], ""head_rotation_deg"": null, ""head_translation_m"": null, ""left_hand_translation_m"": null, ""removed_tool_ids"": [18, 19], ""right_hand_translation_m"": null, ""selected_step"": ""r2_gear_rod"", ""step_attempt"": 3, ""step_elapsed_s"": 23.433971944032237, ""step_event_index"": 112, ""total_hand_translation_m"": null, ""trial_finished_elapsed_s"": null, ""trial_recording"": true, ""trial_required_tool_ids"": [15, 27, 28, 33]}"
2026-09-05T10:47:29.430-04:00,arunn,gesture,tts_queued,lifecycle,r2_gear_rod,Row 2.2: assemble gear rod,ready,3,113,,,,23.678653,,,,,,,,,,,,,,,,screw,,,replace_hover,,"{""acquired_tool_ids"": [15, 28, 33], ""acquisition_complete"": false, ""completed_steps"": [""r1_bearing_right"", ""r1_bearing_left""], ""head_rotation_deg"": null, ""head_translation_m"": null, ""left_hand_translation_m"": null, ""removed_tool_ids"": [18, 19], ""right_hand_translation_m"": null, ""selected_step"": ""r2_gear_rod"", ""step_attempt"": 3, ""step_elapsed_s"": 23.678665237035602, ""step_event_index"": 113, ""total_hand_translation_m"": null, ""trial_finished_elapsed_s"": null, ""trial_recording"": true, ""trial_required_tool_ids"": [15, 27, 28, 33]}"
2026-09-05T10:47:29.524-04:00,arunn,gesture,tts_finished,lifecycle,r2_gear_rod,Row 2.2: assemble gear rod,ready,3,114,,,,23.772608,,,,,,,,,,,,,,,,Row 4 gear rod,,,,,"{""acquired_tool_ids"": [15, 28, 33], ""acquisition_complete"": false, ""completed_steps"": [""r1_bearing_right"", ""r1_bearing_left""], ""head_rotation_deg"": null, ""head_translation_m"": null, ""left_hand_translation_m"": null, ""removed_tool_ids"": [18, 19], ""right_hand_translation_m"": null, ""selected_step"": ""r2_gear_rod"", ""step_attempt"": 3, ""step_elapsed_s"": 23.772618546965532, ""step_event_index"": 114, ""total_hand_translation_m"": null, ""trial_finished_elapsed_s"": null, ""trial_recording"": true, ""trial_required_tool_ids"": [15, 27, 28, 33]}"
2026-09-05T10:47:29.594-04:00,arunn,gesture,tts_started,lifecycle,r2_gear_rod,Row 2.2: assemble gear rod,ready,3,115,,,,23.842002,,,,,,,,,,,,,,,,screw,,,,,"{""acquired_tool_ids"": [15, 28, 33], ""acquisition_complete"": false, ""completed_steps"": [""r1_bearing_right"", ""r1_bearing_left""], ""head_rotation_deg"": null, ""head_translation_m"": null, ""left_hand_translation_m"": null, ""removed_tool_ids"": [18, 19], ""right_hand_translation_m"": null, ""selected_step"": ""r2_gear_rod"", ""step_attempt"": 3, ""step_elapsed_s"": 23.842015792964958, ""step_event_index"": 115, ""total_hand_translation_m"": null, ""trial_finished_elapsed_s"": null, ""trial_recording"": true, ""trial_required_tool_ids"": [15, 27, 28, 33]}"
2026-09-05T10:47:29.728-04:00,arunn,gesture,hover,hover,r2_gear_rod,Row 2.2: assemble gear rod,ready,3,116,29,GEAR_ROW3_LEFT,,,,,,,,,,,,,,,,,,,,,,,"{""acquired_tool_ids"": [15, 28, 33], ""acquisition_complete"": false, ""completed_steps"": [""r1_bearing_right"", ""r1_bearing_left""], ""head_rotation_deg"": null, ""head_translation_m"": null, ""left_hand_translation_m"": null, ""removed_tool_ids"": [18, 19], ""right_hand_translation_m"": null, ""selected_step"": ""r2_gear_rod"", ""step_attempt"": 3, ""step_elapsed_s"": 23.976385890040547, ""step_event_index"": 116, ""total_hand_translation_m"": null, ""trial_finished_elapsed_s"": null, ""trial_recording"": true, ""trial_required_tool_ids"": [15, 27, 28, 33]}"
2026-09-05T10:47:29.825-04:00,arunn,gesture,tts_queued,lifecycle,r2_gear_rod,Row 2.2: assemble gear rod,ready,3,117,,,,24.073340,,,,,,,,,,,,,,,,Row 3 left gear,,,replace_hover,,"{""acquired_tool_ids"": [15, 28, 33], ""acquisition_complete"": false, ""completed_steps"": [""r1_bearing_right"", ""r1_bearing_left""], ""head_rotation_deg"": null, ""head_translation_m"": null, ""left_hand_translation_m"": null, ""removed_tool_ids"": [18, 19], ""right_hand_translation_m"": null, ""selected_step"": ""r2_gear_rod"", ""step_attempt"": 3, ""step_elapsed_s"": 24.07337203004863, ""step_event_index"": 117, ""total_hand_translation_m"": null, ""trial_finished_elapsed_s"": null, ""trial_recording"": true, ""trial_required_tool_ids"": [15, 27, 28, 33]}"
2026-09-05T10:47:30.090-04:00,arunn,gesture,hover,hover,r2_gear_rod,Row 2.2: assemble gear rod,ready,3,118,30,GEAR_ROW3_RIGHT,,,,,,,,,,,,,,,,,,,,,,,"{""acquired_tool_ids"": [15, 28, 33], ""acquisition_complete"": false, ""completed_steps"": [""r1_bearing_right"", ""r1_bearing_left""], ""head_rotation_deg"": null, ""head_translation_m"": null, ""left_hand_translation_m"": null, ""removed_tool_ids"": [18, 19], ""right_hand_translation_m"": null, ""selected_step"": ""r2_gear_rod"", ""step_attempt"": 3, ""step_elapsed_s"": 24.33815763401799, ""step_event_index"": 118, ""total_hand_translation_m"": null, ""trial_finished_elapsed_s"": null, ""trial_recording"": true, ""trial_required_tool_ids"": [15, 27, 28, 33]}"
2026-09-05T10:47:30.135-04:00,arunn,gesture,tts_queued,lifecycle,r2_gear_rod,Row 2.2: assemble gear rod,ready,3,119,,,,24.383002,,,,,,,,,,,,,,,,Row 3 right gear,,,replace_hover,,"{""acquired_tool_ids"": [15, 28, 33], ""acquisition_complete"": false, ""completed_steps"": [""r1_bearing_right"", ""r1_bearing_left""], ""head_rotation_deg"": null, ""head_translation_m"": null, ""left_hand_translation_m"": null, ""removed_tool_ids"": [18, 19], ""right_hand_translation_m"": null, ""selected_step"": ""r2_gear_rod"", ""step_attempt"": 3, ""step_elapsed_s"": 24.383013493032195, ""step_event_index"": 119, ""total_hand_translation_m"": null, ""trial_finished_elapsed_s"": null, ""trial_recording"": true, ""trial_required_tool_ids"": [15, 27, 28, 33]}"
2026-09-05T10:47:30.278-04:00,arunn,gesture,hover,hover,r2_gear_rod,Row 2.2: assemble gear rod,ready,3,120,27,GEAR_ROW2_LEFT,,,,,,,,,,,,,,,,,,,,,,,"{""acquired_tool_ids"": [15, 28, 33], ""acquisition_complete"": false, ""completed_steps"": [""r1_bearing_right"", ""r1_bearing_left""], ""head_rotation_deg"": null, ""head_translation_m"": null, ""left_hand_translation_m"": null, ""removed_tool_ids"": [18, 19], ""right_hand_translation_m"": null, ""selected_step"": ""r2_gear_rod"", ""step_attempt"": 3, ""step_elapsed_s"": 24.526133475010283, ""step_event_index"": 120, ""total_hand_translation_m"": null, ""trial_finished_elapsed_s"": null, ""trial_recording"": true, ""trial_required_tool_ids"": [15, 27, 28, 33]}"
2026-09-05T10:47:30.299-04:00,arunn,gesture,tts_queued,lifecycle,r2_gear_rod,Row 2.2: assemble gear rod,ready,3,121,,,,24.547120,,,,,,,,,,,,,,,,Row 2 left gear,,,replace_hover,,"{""acquired_tool_ids"": [15, 28, 33], ""acquisition_complete"": false, ""completed_steps"": [""r1_bearing_right"", ""r1_bearing_left""], ""head_rotation_deg"": null, ""head_translation_m"": null, ""left_hand_translation_m"": null, ""removed_tool_ids"": [18, 19], ""right_hand_translation_m"": null, ""selected_step"": ""r2_gear_rod"", ""step_attempt"": 3, ""step_elapsed_s"": 24.54713557101786, ""step_event_index"": 121, ""total_hand_translation_m"": null, ""trial_finished_elapsed_s"": null, ""trial_recording"": true, ""trial_required_tool_ids"": [15, 27, 28, 33]}"
2026-09-05T10:47:30.518-04:00,arunn,gesture,hover,hover,r2_gear_rod,Row 2.2: assemble gear rod,ready,3,122,28,GEAR_ROW2_RIGHT,,,,,,,,,,,,,,,,,,,,,,,"{""acquired_tool_ids"": [15, 28, 33], ""acquisition_complete"": false, ""completed_steps"": [""r1_bearing_right"", ""r1_bearing_left""], ""head_rotation_deg"": null, ""head_translation_m"": null, ""left_hand_translation_m"": null, ""removed_tool_ids"": [18, 19], ""right_hand_translation_m"": null, ""selected_step"": ""r2_gear_rod"", ""step_attempt"": 3, ""step_elapsed_s"": 24.766150302020833, ""step_event_index"": 122, ""total_hand_translation_m"": null, ""trial_finished_elapsed_s"": null, ""trial_recording"": true, ""trial_required_tool_ids"": [15, 27, 28, 33]}"
2026-09-05T10:47:30.709-04:00,arunn,gesture,tts_queued,lifecycle,r2_gear_rod,Row 2.2: assemble gear rod,ready,3,123,,,,24.957714,,,,,,,,,,,,,,,,Row 2 right gear,,,replace_hover,,"{""acquired_tool_ids"": [15, 28, 33], ""acquisition_complete"": false, ""completed_steps"": [""r1_bearing_right"", ""r1_bearing_left""], ""head_rotation_deg"": null, ""head_translation_m"": null, ""left_hand_translation_m"": null, ""removed_tool_ids"": [18, 19], ""right_hand_translation_m"": null, ""selected_step"": ""r2_gear_rod"", ""step_attempt"": 3, ""step_elapsed_s"": 24.957725538057275, ""step_event_index"": 123, ""total_hand_translation_m"": null, ""trial_finished_elapsed_s"": null, ""trial_recording"": true, ""trial_required_tool_ids"": [15, 27, 28, 33]}"
2026-09-05T10:47:30.862-04:00,arunn,gesture,hover,hover,r2_gear_rod,Row 2.2: assemble gear rod,ready,3,124,27,GEAR_ROW2_LEFT,,,,,,,,,,,,,,,,,,,,,,,"{""acquired_tool_ids"": [15, 28, 33], ""acquisition_complete"": false, ""completed_steps"": [""r1_bearing_right"", ""r1_bearing_left""], ""head_rotation_deg"": null, ""head_translation_m"": null, ""left_hand_translation_m"": null, ""removed_tool_ids"": [18, 19], ""right_hand_translation_m"": null, ""selected_step"": ""r2_gear_rod"", ""step_attempt"": 3, ""step_elapsed_s"": 25.11089260003064, ""step_event_index"": 124, ""total_hand_translation_m"": null, ""trial_finished_elapsed_s"": null, ""trial_recording"": true, ""trial_required_tool_ids"": [15, 27, 28, 33]}"
2026-09-05T10:47:30.943-04:00,arunn,gesture,tts_queued,lifecycle,r2_gear_rod,Row 2.2: assemble gear rod,ready,3,125,,,,25.191282,,,,,,,,,,,,,,,,Row 2 left gear,,,replace_hover,,"{""acquired_tool_ids"": [15, 28, 33], ""acquisition_complete"": false, ""completed_steps"": [""r1_bearing_right"", ""r1_bearing_left""], ""head_rotation_deg"": null, ""head_translation_m"": null, ""left_hand_translation_m"": null, ""removed_tool_ids"": [18, 19], ""right_hand_translation_m"": null, ""selected_step"": ""r2_gear_rod"", ""step_attempt"": 3, ""step_elapsed_s"": 25.19129303097725, ""step_event_index"": 125, ""total_hand_translation_m"": null, ""trial_finished_elapsed_s"": null, ""trial_recording"": true, ""trial_required_tool_ids"": [15, 27, 28, 33]}"
2026-09-05T10:47:31.160-04:00,arunn,gesture,tts_finished,lifecycle,r2_gear_rod,Row 2.2: assemble gear rod,ready,3,126,,,,25.407892,,,,,,,,,,,,,,,,screw,,,,,"{""acquired_tool_ids"": [15, 28, 33], ""acquisition_complete"": false, ""completed_steps"": [""r1_bearing_right"", ""r1_bearing_left""], ""head_rotation_deg"": null, ""head_translation_m"": null, ""left_hand_translation_m"": null, ""removed_tool_ids"": [18, 19], ""right_hand_translation_m"": null, ""selected_step"": ""r2_gear_rod"", ""step_attempt"": 3, ""step_elapsed_s"": 25.4079064700054, ""step_event_index"": 126, ""total_hand_translation_m"": null, ""trial_finished_elapsed_s"": null, ""trial_recording"": true, ""trial_required_tool_ids"": [15, 27, 28, 33]}"
2026-09-05T10:47:31.339-04:00,arunn,gesture,tts_started,lifecycle,r2_gear_rod,Row 2.2: assemble gear rod,ready,3,127,,,,25.587029,,,,,,,,,,,,,,,,Row 3 left gear,,,,,"{""acquired_tool_ids"": [15, 28, 33], ""acquisition_complete"": false, ""completed_steps"": [""r1_bearing_right"", ""r1_bearing_left""], ""head_rotation_deg"": null, ""head_translation_m"": null, ""left_hand_translation_m"": null, ""removed_tool_ids"": [18, 19], ""right_hand_translation_m"": null, ""selected_step"": ""r2_gear_rod"", ""step_attempt"": 3, ""step_elapsed_s"": 25.587044763029553, ""step_event_index"": 127, ""total_hand_translation_m"": null, ""trial_finished_elapsed_s"": null, ""trial_recording"": true, ""trial_required_tool_ids"": [15, 27, 28, 33]}"
2026-09-05T10:47:31.424-04:00,arunn,gesture,tts_finished,lifecycle,r2_gear_rod,Row 2.2: assemble gear rod,ready,3,128,,,,25.672753,,,,,,,,,,,,,,,,Row 3 left gear,,,,,"{""acquired_tool_ids"": [15, 28, 33], ""acquisition_complete"": false, ""completed_steps"": [""r1_bearing_right"", ""r1_bearing_left""], ""head_rotation_deg"": null, ""head_translation_m"": null, ""left_hand_translation_m"": null, ""removed_tool_ids"": [18, 19], ""right_hand_translation_m"": null, ""selected_step"": ""r2_gear_rod"", ""step_attempt"": 3, ""step_elapsed_s"": 25.672765095019713, ""step_event_index"": 128, ""total_hand_translation_m"": null, ""trial_finished_elapsed_s"": null, ""trial_recording"": true, ""trial_required_tool_ids"": [15, 27, 28, 33]}"
2026-09-05T10:47:31.587-04:00,arunn,gesture,tts_started,lifecycle,r2_gear_rod,Row 2.2: assemble gear rod,ready,3,129,,,,25.835605,,,,,,,,,,,,,,,,Row 3 right gear,,,,,"{""acquired_tool_ids"": [15, 28, 33], ""acquisition_complete"": false, ""completed_steps"": [""r1_bearing_right"", ""r1_bearing_left""], ""head_rotation_deg"": null, ""head_translation_m"": null, ""left_hand_translation_m"": null, ""removed_tool_ids"": [18, 19], ""right_hand_translation_m"": null, ""selected_step"": ""r2_gear_rod"", ""step_attempt"": 3, ""step_elapsed_s"": 25.83561568299774, ""step_event_index"": 129, ""total_hand_translation_m"": null, ""trial_finished_elapsed_s"": null, ""trial_recording"": true, ""trial_required_tool_ids"": [15, 27, 28, 33]}"
2026-09-05T10:47:31.646-04:00,arunn,gesture,tts_finished,lifecycle,r2_gear_rod,Row 2.2: assemble gear rod,ready,3,130,,,,25.893905,,,,,,,,,,,,,,,,Row 3 right gear,,,,,"{""acquired_tool_ids"": [15, 28, 33], ""acquisition_complete"": false, ""completed_steps"": [""r1_bearing_right"", ""r1_bearing_left""], ""head_rotation_deg"": null, ""head_translation_m"": null, ""left_hand_translation_m"": null, ""removed_tool_ids"": [18, 19], ""right_hand_translation_m"": null, ""selected_step"": ""r2_gear_rod"", ""step_attempt"": 3, ""step_elapsed_s"": 25.893915524007753, ""step_event_index"": 130, ""total_hand_translation_m"": null, ""trial_finished_elapsed_s"": null, ""trial_recording"": true, ""trial_required_tool_ids"": [15, 27, 28, 33]}"
2026-09-05T10:47:31.691-04:00,arunn,gesture,tts_started,lifecycle,r2_gear_rod,Row 2.2: assemble gear rod,ready,3,131,,,,25.939237,,,,,,,,,,,,,,,,Row 2 left gear,,,,,"{""acquired_tool_ids"": [15, 28, 33], ""acquisition_complete"": false, ""completed_steps"": [""r1_bearing_right"", ""r1_bearing_left""], ""head_rotation_deg"": null, ""head_translation_m"": null, ""left_hand_translation_m"": null, ""removed_tool_ids"": [18, 19], ""right_hand_translation_m"": null, ""selected_step"": ""r2_gear_rod"", ""step_attempt"": 3, ""step_elapsed_s"": 25.939245818997733, ""step_event_index"": 131, ""total_hand_translation_m"": null, ""trial_finished_elapsed_s"": null, ""trial_recording"": true, ""trial_required_tool_ids"": [15, 27, 28, 33]}"
2026-09-05T10:47:31.753-04:00,arunn,gesture,tts_finished,lifecycle,r2_gear_rod,Row 2.2: assemble gear rod,ready,3,132,,,,26.001014,,,,,,,,,,,,,,,,Row 2 left gear,,,,,"{""acquired_tool_ids"": [15, 28, 33], ""acquisition_complete"": false, ""completed_steps"": [""r1_bearing_right"", ""r1_bearing_left""], ""head_rotation_deg"": null, ""head_translation_m"": null, ""left_hand_translation_m"": null, ""removed_tool_ids"": [18, 19], ""right_hand_translation_m"": null, ""selected_step"": ""r2_gear_rod"", ""step_attempt"": 3, ""step_elapsed_s"": 26.00102655403316, ""step_event_index"": 132, ""total_hand_translation_m"": null, ""trial_finished_elapsed_s"": null, ""trial_recording"": true, ""trial_required_tool_ids"": [15, 27, 28, 33]}"
2026-09-05T10:47:31.838-04:00,arunn,gesture,tts_started,lifecycle,r2_gear_rod,Row 2.2: assemble gear rod,ready,3,133,,,,26.086544,,,,,,,,,,,,,,,,Row 2 right gear,,,,,"{""acquired_tool_ids"": [15, 28, 33], ""acquisition_complete"": false, ""completed_steps"": [""r1_bearing_right"", ""r1_bearing_left""], ""head_rotation_deg"": null, ""head_translation_m"": null, ""left_hand_translation_m"": null, ""removed_tool_ids"": [18, 19], ""right_hand_translation_m"": null, ""selected_step"": ""r2_gear_rod"", ""step_attempt"": 3, ""step_elapsed_s"": 26.08655483298935, ""step_event_index"": 133, ""total_hand_translation_m"": null, ""trial_finished_elapsed_s"": null, ""trial_recording"": true, ""trial_required_tool_ids"": [15, 27, 28, 33]}"
2026-09-05T10:47:31.861-04:00,arunn,gesture,tts_finished,lifecycle,r2_gear_rod,Row 2.2: assemble gear rod,ready,3,134,,,,26.109470,,,,,,,,,,,,,,,,Row 2 right gear,,,,,"{""acquired_tool_ids"": [15, 28, 33], ""acquisition_complete"": false, ""completed_steps"": [""r1_bearing_right"", ""r1_bearing_left""], ""head_rotation_deg"": null, ""head_translation_m"": null, ""left_hand_translation_m"": null, ""removed_tool_ids"": [18, 19], ""right_hand_translation_m"": null, ""selected_step"": ""r2_gear_rod"", ""step_attempt"": 3, ""step_elapsed_s"": 26.109479196951725, ""step_event_index"": 134, ""total_hand_translation_m"": null, ""trial_finished_elapsed_s"": null, ""trial_recording"": true, ""trial_required_tool_ids"": [15, 27, 28, 33]}"
2026-09-05T10:47:31.916-04:00,arunn,gesture,tts_started,lifecycle,r2_gear_rod,Row 2.2: assemble gear rod,ready,3,135,,,,26.164623,,,,,,,,,,,,,,,,Row 2 left gear,,,,,"{""acquired_tool_ids"": [15, 28, 33], ""acquisition_complete"": false, ""completed_steps"": [""r1_bearing_right"", ""r1_bearing_left""], ""head_rotation_deg"": null, ""head_translation_m"": null, ""left_hand_translation_m"": null, ""removed_tool_ids"": [18, 19], ""right_hand_translation_m"": null, ""selected_step"": ""r2_gear_rod"", ""step_attempt"": 3, ""step_elapsed_s"": 26.16463122004643, ""step_event_index"": 135, ""total_hand_translation_m"": null, ""trial_finished_elapsed_s"": null, ""trial_recording"": true, ""trial_required_tool_ids"": [15, 27, 28, 33]}"
2026-09-05T10:47:32.147-04:00,arunn,gesture,part_selection,click,r2_gear_rod,Row 2.2: assemble gear rod,ready,3,136,27,GEAR_ROW2_LEFT,5.837844,26.394938,,,,,,,,,,,,,,,1,,,,,,"{""acquired_tool_ids"": [15, 27, 28, 33], ""acquisition_complete"": false, ""completed_steps"": [""r1_bearing_right"", ""r1_bearing_left""], ""head_rotation_deg"": null, ""head_translation_m"": null, ""left_hand_translation_m"": null, ""removed_tool_ids"": [18, 19], ""right_hand_translation_m"": null, ""selected_step"": ""r2_gear_rod"", ""step_attempt"": 3, ""step_elapsed_s"": 26.394978263997473, ""step_event_index"": 136, ""total_hand_translation_m"": null, ""trial_finished_elapsed_s"": null, ""trial_recording"": true, ""trial_required_tool_ids"": [15, 27, 28, 33]}"
2026-09-05T10:47:32.239-04:00,arunn,gesture,object_acquired,click,r2_gear_rod,Row 2.2: assemble gear rod,ready,3,137,27,GEAR_ROW2_LEFT,5.837844,26.394938,,,,,,,,,,,,,,,1,,,,,,"{""acquired_tool_ids"": [15, 27, 28, 33], ""acquisition_complete"": false, ""completed_steps"": [""r1_bearing_right"", ""r1_bearing_left""], ""head_rotation_deg"": null, ""head_translation_m"": null, ""left_hand_translation_m"": null, ""removed_tool_ids"": [18, 19], ""right_hand_translation_m"": null, ""selected_step"": ""r2_gear_rod"", ""step_attempt"": 3, ""step_elapsed_s"": 26.48746117099654, ""step_event_index"": 137, ""total_hand_translation_m"": null, ""trial_finished_elapsed_s"": null, ""trial_recording"": true, ""trial_required_tool_ids"": [15, 27, 28, 33]}"
2026-09-05T10:47:32.351-04:00,arunn,gesture,step_acquisition_complete,click,r2_gear_rod,Row 2.2: assemble gear rod,ready,3,138,,,,26.598835,0.410282,159.208000,0.784862,1.424157,2.209019,0.000000,9.393428,9.393428,61.036430,0,15,0.000000,0.259200,0.259200,,,,,,,"{""acquired_tool_ids"": [15, 27, 28, 33], ""acquisition_complete"": true, ""any_hover_time_s"": 9.393428036826663, ""completed_steps"": [""r1_bearing_right"", ""r1_bearing_left""], ""head_rotation_deg"": 159.20799982845193, ""head_translation_m"": 0.4102818045642594, ""hover_time_percent"": 61.03642960490742, ""left_hand_translation_m"": 0.7848620249896959, ""left_hover_episodes"": 0, ""left_hover_time_s"": 0.0, ""left_hover_translation_m"": 0.0, ""removed_tool_ids"": [15, 18, 19, 27, 28], ""right_hand_translation_m"": 1.4241567867007179, ""right_hover_episodes"": 15, ""right_hover_time_s"": 9.393428036826663, ""right_hover_translation_m"": 0.25920014965781085, ""selected_step"": ""r2_gear_rod"", ""step_attempt"": 3, ""step_elapsed_s"": 26.59883544303011, ""step_event_index"": 138, ""total_hand_translation_m"": 2.209018811690414, ""total_hover_translation_m"": 0.25920014965781085, ""trial_finished_elapsed_s"": 26.59883544303011, ""trial_recording"": false, ""trial_required_tool_ids"": [15, 27, 28, 33]}"
2026-09-05T10:47:32.468-04:00,arunn,gesture,graph_complete,,r2_gear_rod,Row 2.2: assemble gear rod,complete,3,139,,,,,,,,,,,,,,,,,,,,,,,,,"{""acquired_tool_ids"": [15, 27, 28, 33], ""acquisition_complete"": true, ""any_hover_time_s"": 9.393428036826663, ""completed_steps"": [""r1_bearing_right"", ""r1_bearing_left"", ""r2_gear_rod""], ""head_rotation_deg"": 159.20799982845193, ""head_translation_m"": 0.4102818045642594, ""hover_time_percent"": 61.03642960490742, ""left_hand_translation_m"": 0.7848620249896959, ""left_hover_episodes"": 0, ""left_hover_time_s"": 0.0, ""left_hover_translation_m"": 0.0, ""removed_tool_ids"": [15, 18, 19, 27, 28], ""right_hand_translation_m"": 1.4241567867007179, ""right_hover_episodes"": 15, ""right_hover_time_s"": 9.393428036826663, ""right_hover_translation_m"": 0.25920014965781085, ""selected_step"": ""r2_gear_rod"", ""step_attempt"": 3, ""step_elapsed_s"": 26.59883544303011, ""step_event_index"": 139, ""total_hand_translation_m"": 2.209018811690414, ""total_hover_translation_m"": 0.25920014965781085, ""trial_finished_elapsed_s"": 26.59883544303011, ""trial_recording"": false, ""trial_required_tool_ids"": [15, 27, 28, 33]}"
2026-09-05T10:47:42.469-04:00,arunn,gesture,step_started,keyboard,r2_bearing_right,Row 2.1: bearing into right stand,ready,4,1,,,,,,,,,,,,,,,,,,,,,,,,,"{""acquired_tool_ids"": [], ""acquisition_complete"": false, ""completed_steps"": [""r1_bearing_right"", ""r1_bearing_left"", ""r2_gear_rod""], ""head_rotation_deg"": null, ""head_translation_m"": null, ""left_hand_translation_m"": null, ""removed_tool_ids"": [15, 18, 19, 27, 28], ""right_hand_translation_m"": null, ""selected_step"": ""r2_bearing_right"", ""step_attempt"": 4, ""step_elapsed_s"": 0.0005126780597493052, ""step_event_index"": 1, ""total_hand_translation_m"": null, ""trial_finished_elapsed_s"": null, ""trial_recording"": true, ""trial_required_tool_ids"": [21, 34]}"
2026-09-05T10:47:44.071-04:00,arunn,gesture,hover,hover,r2_bearing_right,Row 2.1: bearing into right stand,ready,4,2,32,CRANK_HANDLE,,,,,,,,,,,,,,,,,,,,,,,"{""acquired_tool_ids"": [], ""acquisition_complete"": false, ""completed_steps"": [""r1_bearing_right"", ""r1_bearing_left"", ""r2_gear_rod""], ""head_rotation_deg"": null, ""head_translation_m"": null, ""left_hand_translation_m"": null, ""removed_tool_ids"": [15, 18, 19, 27, 28], ""right_hand_translation_m"": null, ""selected_step"": ""r2_bearing_right"", ""step_attempt"": 4, ""step_elapsed_s"": 1.6020598310278729, ""step_event_index"": 2, ""total_hand_translation_m"": null, ""trial_finished_elapsed_s"": null, ""trial_recording"": true, ""trial_required_tool_ids"": [21, 34]}"
2026-09-05T10:47:44.096-04:00,arunn,gesture,tts_queued,lifecycle,r2_bearing_right,Row 2.1: bearing into right stand,ready,4,3,,,,1.627615,,,,,,,,,,,,,,,,handle,,,replace_hover,,"{""acquired_tool_ids"": [], ""acquisition_complete"": false, ""completed_steps"": [""r1_bearing_right"", ""r1_bearing_left"", ""r2_gear_rod""], ""head_rotation_deg"": null, ""head_translation_m"": null, ""left_hand_translation_m"": null, ""removed_tool_ids"": [15, 18, 19, 27, 28], ""right_hand_translation_m"": null, ""selected_step"": ""r2_bearing_right"", ""step_attempt"": 4, ""step_elapsed_s"": 1.627625480061397, ""step_event_index"": 3, ""total_hand_translation_m"": null, ""trial_finished_elapsed_s"": null, ""trial_recording"": true, ""trial_required_tool_ids"": [21, 34]}"
2026-09-05T10:47:44.128-04:00,arunn,gesture,tts_started,lifecycle,r2_bearing_right,Row 2.1: bearing into right stand,ready,4,4,,,,1.658996,,,,,,,,,,,,,,,,handle,,,,,"{""acquired_tool_ids"": [], ""acquisition_complete"": false, ""completed_steps"": [""r1_bearing_right"", ""r1_bearing_left"", ""r2_gear_rod""], ""head_rotation_deg"": null, ""head_translation_m"": null, ""left_hand_translation_m"": null, ""removed_tool_ids"": [15, 18, 19, 27, 28], ""right_hand_translation_m"": null, ""selected_step"": ""r2_bearing_right"", ""step_attempt"": 4, ""step_elapsed_s"": 1.659008719958365, ""step_event_index"": 4, ""total_hand_translation_m"": null, ""trial_finished_elapsed_s"": null, ""trial_recording"": true, ""trial_required_tool_ids"": [21, 34]}"
2026-09-05T10:47:44.920-04:00,arunn,gesture,hover,hover,r2_bearing_right,Row 2.1: bearing into right stand,ready,4,5,30,GEAR_ROW3_RIGHT,,,,,,,,,,,,,,,,,,,,,,,"{""acquired_tool_ids"": [], ""acquisition_complete"": false, ""completed_steps"": [""r1_bearing_right"", ""r1_bearing_left"", ""r2_gear_rod""], ""head_rotation_deg"": null, ""head_translation_m"": null, ""left_hand_translation_m"": null, ""removed_tool_ids"": [15, 18, 19, 27, 28], ""right_hand_translation_m"": null, ""selected_step"": ""r2_bearing_right"", ""step_attempt"": 4, ""step_elapsed_s"": 2.4513250309973955, ""step_event_index"": 5, ""total_hand_translation_m"": null, ""trial_finished_elapsed_s"": null, ""trial_recording"": true, ""trial_required_tool_ids"": [21, 34]}"
2026-09-05T10:47:44.974-04:00,arunn,gesture,tts_queued,lifecycle,r2_bearing_right,Row 2.1: bearing into right stand,ready,4,6,,,,2.504889,,,,,,,,,,,,,,,,Row 3 right gear,,,replace_hover,,"{""acquired_tool_ids"": [], ""acquisition_complete"": false, ""completed_steps"": [""r1_bearing_right"", ""r1_bearing_left"", ""r2_gear_rod""], ""head_rotation_deg"": null, ""head_translation_m"": null, ""left_hand_translation_m"": null, ""removed_tool_ids"": [15, 18, 19, 27, 28], ""right_hand_translation_m"": null, ""selected_step"": ""r2_bearing_right"", ""step_attempt"": 4, ""step_elapsed_s"": 2.504900260013528, ""step_event_index"": 6, ""total_hand_translation_m"": null, ""trial_finished_elapsed_s"": null, ""trial_recording"": true, ""trial_required_tool_ids"": [21, 34]}"
2026-09-05T10:47:45.022-04:00,arunn,gesture,tts_finished,lifecycle,r2_bearing_right,Row 2.1: bearing into right stand,ready,4,7,,,,2.553032,,,,,,,,,,,,,,,,handle,,,,,"{""acquired_tool_ids"": [], ""acquisition_complete"": false, ""completed_steps"": [""r1_bearing_right"", ""r1_bearing_left"", ""r2_gear_rod""], ""head_rotation_deg"": null, ""head_translation_m"": null, ""left_hand_translation_m"": null, ""removed_tool_ids"": [15, 18, 19, 27, 28], ""right_hand_translation_m"": null, ""selected_step"": ""r2_bearing_right"", ""step_attempt"": 4, ""step_elapsed_s"": 2.55304564605467, ""step_event_index"": 7, ""total_hand_translation_m"": null, ""trial_finished_elapsed_s"": null, ""trial_recording"": true, ""trial_required_tool_ids"": [21, 34]}"
2026-09-05T10:47:45.043-04:00,arunn,gesture,tts_started,lifecycle,r2_bearing_right,Row 2.1: bearing into right stand,ready,4,8,,,,2.574501,,,,,,,,,,,,,,,,Row 3 right gear,,,,,"{""acquired_tool_ids"": [], ""acquisition_complete"": false, ""completed_steps"": [""r1_bearing_right"", ""r1_bearing_left"", ""r2_gear_rod""], ""head_rotation_deg"": null, ""head_translation_m"": null, ""left_hand_translation_m"": null, ""removed_tool_ids"": [15, 18, 19, 27, 28], ""right_hand_translation_m"": null, ""selected_step"": ""r2_bearing_right"", ""step_attempt"": 4, ""step_elapsed_s"": 2.5745168440043926, ""step_event_index"": 8, ""total_hand_translation_m"": null, ""trial_finished_elapsed_s"": null, ""trial_recording"": true, ""trial_required_tool_ids"": [21, 34]}"
2026-09-05T10:47:45.468-04:00,arunn,gesture,hover,hover,r2_bearing_right,Row 2.1: bearing into right stand,ready,4,9,34,BEARINGS,,,,,,,,,,,,,,,,,,,,,,,"{""acquired_tool_ids"": [], ""acquisition_complete"": false, ""completed_steps"": [""r1_bearing_right"", ""r1_bearing_left"", ""r2_gear_rod""], ""head_rotation_deg"": null, ""head_translation_m"": null, ""left_hand_translation_m"": null, ""removed_tool_ids"": [15, 18, 19, 27, 28], ""right_hand_translation_m"": null, ""selected_step"": ""r2_bearing_right"", ""step_attempt"": 4, ""step_elapsed_s"": 2.9995807219529524, ""step_event_index"": 9, ""total_hand_translation_m"": null, ""trial_finished_elapsed_s"": null, ""trial_recording"": true, ""trial_required_tool_ids"": [21, 34]}"
2026-09-05T10:47:45.506-04:00,arunn,gesture,tts_queued,lifecycle,r2_bearing_right,Row 2.1: bearing into right stand,ready,4,10,,,,3.037440,,,,,,,,,,,,,,,,bearing,,,replace_hover,,"{""acquired_tool_ids"": [], ""acquisition_complete"": false, ""completed_steps"": [""r1_bearing_right"", ""r1_bearing_left"", ""r2_gear_rod""], ""head_rotation_deg"": null, ""head_translation_m"": null, ""left_hand_translation_m"": null, ""removed_tool_ids"": [15, 18, 19, 27, 28], ""right_hand_translation_m"": null, ""selected_step"": ""r2_bearing_right"", ""step_attempt"": 4, ""step_elapsed_s"": 3.0374643029645085, ""step_event_index"": 10, ""total_hand_translation_m"": null, ""trial_finished_elapsed_s"": null, ""trial_recording"": true, ""trial_required_tool_ids"": [21, 34]}"
2026-09-05T10:47:45.535-04:00,arunn,gesture,tts_finished,lifecycle,r2_bearing_right,Row 2.1: bearing into right stand,ready,4,11,,,,3.066336,,,,,,,,,,,,,,,,Row 3 right gear,,,,,"{""acquired_tool_ids"": [], ""acquisition_complete"": false, ""completed_steps"": [""r1_bearing_right"", ""r1_bearing_left"", ""r2_gear_rod""], ""head_rotation_deg"": null, ""head_translation_m"": null, ""left_hand_translation_m"": null, ""removed_tool_ids"": [15, 18, 19, 27, 28], ""right_hand_translation_m"": null, ""selected_step"": ""r2_bearing_right"", ""step_attempt"": 4, ""step_elapsed_s"": 3.0663518640212715, ""step_event_index"": 11, ""total_hand_translation_m"": null, ""trial_finished_elapsed_s"": null, ""trial_recording"": true, ""trial_required_tool_ids"": [21, 34]}"
2026-09-05T10:47:45.548-04:00,arunn,gesture,tts_started,lifecycle,r2_bearing_right,Row 2.1: bearing into right stand,ready,4,12,,,,3.079314,,,,,,,,,,,,,,,,bearing,,,,,"{""acquired_tool_ids"": [], ""acquisition_complete"": false, ""completed_steps"": [""r1_bearing_right"", ""r1_bearing_left"", ""r2_gear_rod""], ""head_rotation_deg"": null, ""head_translation_m"": null, ""left_hand_translation_m"": null, ""removed_tool_ids"": [15, 18, 19, 27, 28], ""right_hand_translation_m"": null, ""selected_step"": ""r2_bearing_right"", ""step_attempt"": 4, ""step_elapsed_s"": 3.0793234519660473, ""step_event_index"": 12, ""total_hand_translation_m"": null, ""trial_finished_elapsed_s"": null, ""trial_recording"": true, ""trial_required_tool_ids"": [21, 34]}"
2026-09-05T10:47:46.203-04:00,arunn,gesture,tts_finished,lifecycle,r2_bearing_right,Row 2.1: bearing into right stand,ready,4,13,,,,3.733933,,,,,,,,,,,,,,,,bearing,,,,,"{""acquired_tool_ids"": [], ""acquisition_complete"": false, ""completed_steps"": [""r1_bearing_right"", ""r1_bearing_left"", ""r2_gear_rod""], ""head_rotation_deg"": null, ""head_translation_m"": null, ""left_hand_translation_m"": null, ""removed_tool_ids"": [15, 18, 19, 27, 28], ""right_hand_translation_m"": null, ""selected_step"": ""r2_bearing_right"", ""step_attempt"": 4, ""step_elapsed_s"": 3.733945382060483, ""step_event_index"": 13, ""total_hand_translation_m"": null, ""trial_finished_elapsed_s"": null, ""trial_recording"": true, ""trial_required_tool_ids"": [21, 34]}"
2026-09-05T10:47:46.298-04:00,arunn,gesture,part_selection,click,r2_bearing_right,Row 2.1: bearing into right stand,ready,4,14,34,BEARINGS,3.829362,3.829362,,,,,,,,,,,,,,,1,,,,,,"{""acquired_tool_ids"": [34], ""acquisition_complete"": false, ""completed_steps"": [""r1_bearing_right"", ""r1_bearing_left"", ""r2_gear_rod""], ""head_rotation_deg"": null, ""head_translation_m"": null, ""left_hand_translation_m"": null, ""removed_tool_ids"": [15, 18, 19, 27, 28], ""right_hand_translation_m"": null, ""selected_step"": ""r2_bearing_right"", ""step_attempt"": 4, ""step_elapsed_s"": 3.82940349902492, ""step_event_index"": 14, ""total_hand_translation_m"": null, ""trial_finished_elapsed_s"": null, ""trial_recording"": true, ""trial_required_tool_ids"": [21, 34]}"
2026-09-05T10:47:46.327-04:00,arunn,gesture,object_acquired,click,r2_bearing_right,Row 2.1: bearing into right stand,ready,4,15,34,BEARINGS,3.829362,3.829362,,,,,,,,,,,,,,,1,,,,,,"{""acquired_tool_ids"": [34], ""acquisition_complete"": false, ""completed_steps"": [""r1_bearing_right"", ""r1_bearing_left"", ""r2_gear_rod""], ""head_rotation_deg"": null, ""head_translation_m"": null, ""left_hand_translation_m"": null, ""removed_tool_ids"": [15, 18, 19, 27, 28], ""right_hand_translation_m"": null, ""selected_step"": ""r2_bearing_right"", ""step_attempt"": 4, ""step_elapsed_s"": 3.8580474159680307, ""step_event_index"": 15, ""total_hand_translation_m"": null, ""trial_finished_elapsed_s"": null, ""trial_recording"": true, ""trial_required_tool_ids"": [21, 34]}"
2026-09-05T10:47:46.340-04:00,arunn,gesture,tts_queued,lifecycle,r2_bearing_right,Row 2.1: bearing into right stand,ready,4,16,,,,3.871211,,,,,,,,,,,,,,,,1 part left.,,,replace,,"{""acquired_tool_ids"": [34], ""acquisition_complete"": false, ""completed_steps"": [""r1_bearing_right"", ""r1_bearing_left"", ""r2_gear_rod""], ""head_rotation_deg"": null, ""head_translation_m"": null, ""left_hand_translation_m"": null, ""removed_tool_ids"": [15, 18, 19, 27, 28], ""right_hand_translation_m"": null, ""selected_step"": ""r2_bearing_right"", ""step_attempt"": 4, ""step_elapsed_s"": 3.871219682972878, ""step_event_index"": 16, ""total_hand_translation_m"": null, ""trial_finished_elapsed_s"": null, ""trial_recording"": true, ""trial_required_tool_ids"": [21, 34]}"
2026-09-05T10:47:46.387-04:00,arunn,gesture,tts_started,lifecycle,r2_bearing_right,Row 2.1: bearing into right stand,ready,4,17,,,,3.918393,,,,,,,,,,,,,,,,1 part left.,,,,,"{""acquired_tool_ids"": [34], ""acquisition_complete"": false, ""completed_steps"": [""r1_bearing_right"", ""r1_bearing_left"", ""r2_gear_rod""], ""head_rotation_deg"": null, ""head_translation_m"": null, ""left_hand_translation_m"": null, ""removed_tool_ids"": [15, 18, 19, 27, 28], ""right_hand_translation_m"": null, ""selected_step"": ""r2_bearing_right"", ""step_attempt"": 4, ""step_elapsed_s"": 3.9184066120069474, ""step_event_index"": 17, ""total_hand_translation_m"": null, ""trial_finished_elapsed_s"": null, ""trial_recording"": true, ""trial_required_tool_ids"": [21, 34]}"
2026-09-05T10:47:46.977-04:00,arunn,gesture,hover,hover,r2_bearing_right,Row 2.1: bearing into right stand,ready,4,18,29,GEAR_ROW3_LEFT,,,,,,,,,,,,,,,,,,,,,,,"{""acquired_tool_ids"": [34], ""acquisition_complete"": false, ""completed_steps"": [""r1_bearing_right"", ""r1_bearing_left"", ""r2_gear_rod""], ""head_rotation_deg"": null, ""head_translation_m"": null, ""left_hand_translation_m"": null, ""removed_tool_ids"": [15, 18, 19, 27, 28], ""right_hand_translation_m"": null, ""selected_step"": ""r2_bearing_right"", ""step_attempt"": 4, ""step_elapsed_s"": 4.50779948302079, ""step_event_index"": 18, ""total_hand_translation_m"": null, ""trial_finished_elapsed_s"": null, ""trial_recording"": true, ""trial_required_tool_ids"": [21, 34]}"
2026-09-05T10:47:46.996-04:00,arunn,gesture,tts_queued,lifecycle,r2_bearing_right,Row 2.1: bearing into right stand,ready,4,19,,,,4.527105,,,,,,,,,,,,,,,,Row 3 left gear,,,replace_hover,,"{""acquired_tool_ids"": [34], ""acquisition_complete"": false, ""completed_steps"": [""r1_bearing_right"", ""r1_bearing_left"", ""r2_gear_rod""], ""head_rotation_deg"": null, ""head_translation_m"": null, ""left_hand_translation_m"": null, ""removed_tool_ids"": [15, 18, 19, 27, 28], ""right_hand_translation_m"": null, ""selected_step"": ""r2_bearing_right"", ""step_attempt"": 4, ""step_elapsed_s"": 4.527115507982671, ""step_event_index"": 19, ""total_hand_translation_m"": null, ""trial_finished_elapsed_s"": null, ""trial_recording"": true, ""trial_required_tool_ids"": [21, 34]}"
2026-09-05T10:47:47.034-04:00,arunn,gesture,tts_finished,lifecycle,r2_bearing_right,Row 2.1: bearing into right stand,ready,4,20,,,,4.565022,,,,,,,,,,,,,,,,1 part left.,,,,,"{""acquired_tool_ids"": [34], ""acquisition_complete"": false, ""completed_steps"": [""r1_bearing_right"", ""r1_bearing_left"", ""r2_gear_rod""], ""head_rotation_deg"": null, ""head_translation_m"": null, ""left_hand_translation_m"": null, ""removed_tool_ids"": [15, 18, 19, 27, 28], ""right_hand_translation_m"": null, ""selected_step"": ""r2_bearing_right"", ""step_attempt"": 4, ""step_elapsed_s"": 4.565034857019782, ""step_event_index"": 20, ""total_hand_translation_m"": null, ""trial_finished_elapsed_s"": null, ""trial_recording"": true, ""trial_required_tool_ids"": [21, 34]}"
2026-09-05T10:47:47.076-04:00,arunn,gesture,tts_started,lifecycle,r2_bearing_right,Row 2.1: bearing into right stand,ready,4,21,,,,4.607168,,,,,,,,,,,,,,,,Row 3 left gear,,,,,"{""acquired_tool_ids"": [34], ""acquisition_complete"": false, ""completed_steps"": [""r1_bearing_right"", ""r1_bearing_left"", ""r2_gear_rod""], ""head_rotation_deg"": null, ""head_translation_m"": null, ""left_hand_translation_m"": null, ""removed_tool_ids"": [15, 18, 19, 27, 28], ""right_hand_translation_m"": null, ""selected_step"": ""r2_bearing_right"", ""step_attempt"": 4, ""step_elapsed_s"": 4.607182565028779, ""step_event_index"": 21, ""total_hand_translation_m"": null, ""trial_finished_elapsed_s"": null, ""trial_recording"": true, ""trial_required_tool_ids"": [21, 34]}"
2026-09-05T10:47:47.215-04:00,arunn,gesture,hover,hover,r2_bearing_right,Row 2.1: bearing into right stand,ready,4,22,23,GEAR_STAND_ROW3_RIGHT,,,,,,,,,,,,,,,,,,,,,,,"{""acquired_tool_ids"": [34], ""acquisition_complete"": false, ""completed_steps"": [""r1_bearing_right"", ""r1_bearing_left"", ""r2_gear_rod""], ""head_rotation_deg"": null, ""head_translation_m"": null, ""left_hand_translation_m"": null, ""removed_tool_ids"": [15, 18, 19, 27, 28], ""right_hand_translation_m"": null, ""selected_step"": ""r2_bearing_right"", ""step_attempt"": 4, ""step_elapsed_s"": 4.745661869063042, ""step_event_index"": 22, ""total_hand_translation_m"": null, ""trial_finished_elapsed_s"": null, ""trial_recording"": true, ""trial_required_tool_ids"": [21, 34]}"
2026-09-05T10:47:47.251-04:00,arunn,gesture,tts_queued,lifecycle,r2_bearing_right,Row 2.1: bearing into right stand,ready,4,23,,,,4.782435,,,,,,,,,,,,,,,,Row 3 right stand,,,replace_hover,,"{""acquired_tool_ids"": [34], ""acquisition_complete"": false, ""completed_steps"": [""r1_bearing_right"", ""r1_bearing_left"", ""r2_gear_rod""], ""head_rotation_deg"": null, ""head_translation_m"": null, ""left_hand_translation_m"": null, ""removed_tool_ids"": [15, 18, 19, 27, 28], ""right_hand_translation_m"": null, ""selected_step"": ""r2_bearing_right"", ""step_attempt"": 4, ""step_elapsed_s"": 4.7824456070084125, ""step_event_index"": 23, ""total_hand_translation_m"": null, ""trial_finished_elapsed_s"": null, ""trial_recording"": true, ""trial_required_tool_ids"": [21, 34]}"
2026-09-05T10:47:47.309-04:00,arunn,gesture,tts_finished,lifecycle,r2_bearing_right,Row 2.1: bearing into right stand,ready,4,24,,,,4.839972,,,,,,,,,,,,,,,,Row 3 left gear,,,,,"{""acquired_tool_ids"": [34], ""acquisition_complete"": false, ""completed_steps"": [""r1_bearing_right"", ""r1_bearing_left"", ""r2_gear_rod""], ""head_rotation_deg"": null, ""head_translation_m"": null, ""left_hand_translation_m"": null, ""removed_tool_ids"": [15, 18, 19, 27, 28], ""right_hand_translation_m"": null, ""selected_step"": ""r2_bearing_right"", ""step_attempt"": 4, ""step_elapsed_s"": 4.839982311008498, ""step_event_index"": 24, ""total_hand_translation_m"": null, ""trial_finished_elapsed_s"": null, ""trial_recording"": true, ""trial_required_tool_ids"": [21, 34]}"
2026-09-05T10:47:47.331-04:00,arunn,gesture,tts_started,lifecycle,r2_bearing_right,Row 2.1: bearing into right stand,ready,4,25,,,,4.862122,,,,,,,,,,,,,,,,Row 3 right stand,,,,,"{""acquired_tool_ids"": [34], ""acquisition_complete"": false, ""completed_steps"": [""r1_bearing_right"", ""r1_bearing_left"", ""r2_gear_rod""], ""head_rotation_deg"": null, ""head_translation_m"": null, ""left_hand_translation_m"": null, ""removed_tool_ids"": [15, 18, 19, 27, 28], ""right_hand_translation_m"": null, ""selected_step"": ""r2_bearing_right"", ""step_attempt"": 4, ""step_elapsed_s"": 4.86213509098161, ""step_event_index"": 25, ""total_hand_translation_m"": null, ""trial_finished_elapsed_s"": null, ""trial_recording"": true, ""trial_required_tool_ids"": [21, 34]}"
2026-09-05T10:47:47.781-04:00,arunn,gesture,hover,hover,r2_bearing_right,Row 2.1: bearing into right stand,ready,4,26,21,GEAR_STAND_ROW2_RIGHT,,,,,,,,,,,,,,,,,,,,,,,"{""acquired_tool_ids"": [34], ""acquisition_complete"": false, ""completed_steps"": [""r1_bearing_right"", ""r1_bearing_left"", ""r2_gear_rod""], ""head_rotation_deg"": null, ""head_translation_m"": null, ""left_hand_translation_m"": null, ""removed_tool_ids"": [15, 18, 19, 27, 28], ""right_hand_translation_m"": null, ""selected_step"": ""r2_bearing_right"", ""step_attempt"": 4, ""step_elapsed_s"": 5.312295958981849, ""step_event_index"": 26, ""total_hand_translation_m"": null, ""trial_finished_elapsed_s"": null, ""trial_recording"": true, ""trial_required_tool_ids"": [21, 34]}"
2026-09-05T10:47:47.838-04:00,arunn,gesture,tts_queued,lifecycle,r2_bearing_right,Row 2.1: bearing into right stand,ready,4,27,,,,5.369417,,,,,,,,,,,,,,,,Row 2 right stand,,,replace_hover,,"{""acquired_tool_ids"": [34], ""acquisition_complete"": false, ""completed_steps"": [""r1_bearing_right"", ""r1_bearing_left"", ""r2_gear_rod""], ""head_rotation_deg"": null, ""head_translation_m"": null, ""left_hand_translation_m"": null, ""removed_tool_ids"": [15, 18, 19, 27, 28], ""right_hand_translation_m"": null, ""selected_step"": ""r2_bearing_right"", ""step_attempt"": 4, ""step_elapsed_s"": 5.36942722206004, ""step_event_index"": 27, ""total_hand_translation_m"": null, ""trial_finished_elapsed_s"": null, ""trial_recording"": true, ""trial_required_tool_ids"": [21, 34]}"
2026-09-05T10:47:48.002-04:00,arunn,gesture,tts_finished,lifecycle,r2_bearing_right,Row 2.1: bearing into right stand,ready,4,28,,,,5.532828,,,,,,,,,,,,,,,,Row 3 right stand,,,,,"{""acquired_tool_ids"": [34], ""acquisition_complete"": false, ""completed_steps"": [""r1_bearing_right"", ""r1_bearing_left"", ""r2_gear_rod""], ""head_rotation_deg"": null, ""head_translation_m"": null, ""left_hand_translation_m"": null, ""removed_tool_ids"": [15, 18, 19, 27, 28], ""right_hand_translation_m"": null, ""selected_step"": ""r2_bearing_right"", ""step_attempt"": 4, ""step_elapsed_s"": 5.532843686058186, ""step_event_index"": 28, ""total_hand_translation_m"": null, ""trial_finished_elapsed_s"": null, ""trial_recording"": true, ""trial_required_tool_ids"": [21, 34]}"
2026-09-05T10:47:48.020-04:00,arunn,gesture,tts_started,lifecycle,r2_bearing_right,Row 2.1: bearing into right stand,ready,4,29,,,,5.550708,,,,,,,,,,,,,,,,Row 2 right stand,,,,,"{""acquired_tool_ids"": [34], ""acquisition_complete"": false, ""completed_steps"": [""r1_bearing_right"", ""r1_bearing_left"", ""r2_gear_rod""], ""head_rotation_deg"": null, ""head_translation_m"": null, ""left_hand_translation_m"": null, ""removed_tool_ids"": [15, 18, 19, 27, 28], ""right_hand_translation_m"": null, ""selected_step"": ""r2_bearing_right"", ""step_attempt"": 4, ""step_elapsed_s"": 5.55071629199665, ""step_event_index"": 29, ""total_hand_translation_m"": null, ""trial_finished_elapsed_s"": null, ""trial_recording"": true, ""trial_required_tool_ids"": [21, 34]}"
2026-09-05T10:47:48.244-04:00,arunn,gesture,hover,hover,r2_bearing_right,Row 2.1: bearing into right stand,ready,4,30,20,GEAR_STAND_ROW2_LEFT,,,,,,,,,,,,,,,,,,,,,,,"{""acquired_tool_ids"": [34], ""acquisition_complete"": false, ""completed_steps"": [""r1_bearing_right"", ""r1_bearing_left"", ""r2_gear_rod""], ""head_rotation_deg"": null, ""head_translation_m"": null, ""left_hand_translation_m"": null, ""removed_tool_ids"": [15, 18, 19, 27, 28], ""right_hand_translation_m"": null, ""selected_step"": ""r2_bearing_right"", ""step_attempt"": 4, ""step_elapsed_s"": 5.775157656054944, ""step_event_index"": 30, ""total_hand_translation_m"": null, ""trial_finished_elapsed_s"": null, ""trial_recording"": true, ""trial_required_tool_ids"": [21, 34]}"
2026-09-05T10:47:48.359-04:00,arunn,gesture,tts_queued,lifecycle,r2_bearing_right,Row 2.1: bearing into right stand,ready,4,31,,,,5.890038,,,,,,,,,,,,,,,,Row 2 left stand,,,replace_hover,,"{""acquired_tool_ids"": [34], ""acquisition_complete"": false, ""completed_steps"": [""r1_bearing_right"", ""r1_bearing_left"", ""r2_gear_rod""], ""head_rotation_deg"": null, ""head_translation_m"": null, ""left_hand_translation_m"": null, ""removed_tool_ids"": [15, 18, 19, 27, 28], ""right_hand_translation_m"": null, ""selected_step"": ""r2_bearing_right"", ""step_attempt"": 4, ""step_elapsed_s"": 5.890049220062792, ""step_event_index"": 31, ""total_hand_translation_m"": null, ""trial_finished_elapsed_s"": null, ""trial_recording"": true, ""trial_required_tool_ids"": [21, 34]}"
2026-09-05T10:47:48.402-04:00,arunn,gesture,tts_finished,lifecycle,r2_bearing_right,Row 2.1: bearing into right stand,ready,4,32,,,,5.932920,,,,,,,,,,,,,,,,Row 2 right stand,,,,,"{""acquired_tool_ids"": [34], ""acquisition_complete"": false, ""completed_steps"": [""r1_bearing_right"", ""r1_bearing_left"", ""r2_gear_rod""], ""head_rotation_deg"": null, ""head_translation_m"": null, ""left_hand_translation_m"": null, ""removed_tool_ids"": [15, 18, 19, 27, 28], ""right_hand_translation_m"": null, ""selected_step"": ""r2_bearing_right"", ""step_attempt"": 4, ""step_elapsed_s"": 5.932930813985877, ""step_event_index"": 32, ""total_hand_translation_m"": null, ""trial_finished_elapsed_s"": null, ""trial_recording"": true, ""trial_required_tool_ids"": [21, 34]}"
2026-09-05T10:47:48.516-04:00,arunn,gesture,tts_started,lifecycle,r2_bearing_right,Row 2.1: bearing into right stand,ready,4,33,,,,6.047444,,,,,,,,,,,,,,,,Row 2 left stand,,,,,"{""acquired_tool_ids"": [34], ""acquisition_complete"": false, ""completed_steps"": [""r1_bearing_right"", ""r1_bearing_left"", ""r2_gear_rod""], ""head_rotation_deg"": null, ""head_translation_m"": null, ""left_hand_translation_m"": null, ""removed_tool_ids"": [15, 18, 19, 27, 28], ""right_hand_translation_m"": null, ""selected_step"": ""r2_bearing_right"", ""step_attempt"": 4, ""step_elapsed_s"": 6.047453723964281, ""step_event_index"": 33, ""total_hand_translation_m"": null, ""trial_finished_elapsed_s"": null, ""trial_recording"": true, ""trial_required_tool_ids"": [21, 34]}"
2026-09-05T10:47:48.623-04:00,arunn,gesture,hover,hover,r2_bearing_right,Row 2.1: bearing into right stand,ready,4,34,21,GEAR_STAND_ROW2_RIGHT,,,,,,,,,,,,,,,,,,,,,,,"{""acquired_tool_ids"": [34], ""acquisition_complete"": false, ""completed_steps"": [""r1_bearing_right"", ""r1_bearing_left"", ""r2_gear_rod""], ""head_rotation_deg"": null, ""head_translation_m"": null, ""left_hand_translation_m"": null, ""removed_tool_ids"": [15, 18, 19, 27, 28], ""right_hand_translation_m"": null, ""selected_step"": ""r2_bearing_right"", ""step_attempt"": 4, ""step_elapsed_s"": 6.153896986972541, ""step_event_index"": 34, ""total_hand_translation_m"": null, ""trial_finished_elapsed_s"": null, ""trial_recording"": true, ""trial_required_tool_ids"": [21, 34]}"
2026-09-05T10:47:48.653-04:00,arunn,gesture,tts_queued,lifecycle,r2_bearing_right,Row 2.1: bearing into right stand,ready,4,35,,,,6.183881,,,,,,,,,,,,,,,,Row 2 right stand,,,replace_hover,,"{""acquired_tool_ids"": [34], ""acquisition_complete"": false, ""completed_steps"": [""r1_bearing_right"", ""r1_bearing_left"", ""r2_gear_rod""], ""head_rotation_deg"": null, ""head_translation_m"": null, ""left_hand_translation_m"": null, ""removed_tool_ids"": [15, 18, 19, 27, 28], ""right_hand_translation_m"": null, ""selected_step"": ""r2_bearing_right"", ""step_attempt"": 4, ""step_elapsed_s"": 6.183893864043057, ""step_event_index"": 35, ""total_hand_translation_m"": null, ""trial_finished_elapsed_s"": null, ""trial_recording"": true, ""trial_required_tool_ids"": [21, 34]}"
2026-09-05T10:47:48.868-04:00,arunn,gesture,tts_finished,lifecycle,r2_bearing_right,Row 2.1: bearing into right stand,ready,4,36,,,,6.399128,,,,,,,,,,,,,,,,Row 2 left stand,,,,,"{""acquired_tool_ids"": [34], ""acquisition_complete"": false, ""completed_steps"": [""r1_bearing_right"", ""r1_bearing_left"", ""r2_gear_rod""], ""head_rotation_deg"": null, ""head_translation_m"": null, ""left_hand_translation_m"": null, ""removed_tool_ids"": [15, 18, 19, 27, 28], ""right_hand_translation_m"": null, ""selected_step"": ""r2_bearing_right"", ""step_attempt"": 4, ""step_elapsed_s"": 6.3991395169869065, ""step_event_index"": 36, ""total_hand_translation_m"": null, ""trial_finished_elapsed_s"": null, ""trial_recording"": true, ""trial_required_tool_ids"": [21, 34]}"
2026-09-05T10:47:48.971-04:00,arunn,gesture,tts_started,lifecycle,r2_bearing_right,Row 2.1: bearing into right stand,ready,4,37,,,,6.501819,,,,,,,,,,,,,,,,Row 2 right stand,,,,,"{""acquired_tool_ids"": [34], ""acquisition_complete"": false, ""completed_steps"": [""r1_bearing_right"", ""r1_bearing_left"", ""r2_gear_rod""], ""head_rotation_deg"": null, ""head_translation_m"": null, ""left_hand_translation_m"": null, ""removed_tool_ids"": [15, 18, 19, 27, 28], ""right_hand_translation_m"": null, ""selected_step"": ""r2_bearing_right"", ""step_attempt"": 4, ""step_elapsed_s"": 6.501828899956308, ""step_event_index"": 37, ""total_hand_translation_m"": null, ""trial_finished_elapsed_s"": null, ""trial_recording"": true, ""trial_required_tool_ids"": [21, 34]}"
2026-09-05T10:47:50.193-04:00,arunn,gesture,part_selection,click,r2_bearing_right,Row 2.1: bearing into right stand,ready,4,38,21,GEAR_STAND_ROW2_RIGHT,3.895037,7.724399,,,,,,,,,,,,,,,1,,,,,,"{""acquired_tool_ids"": [21, 34], ""acquisition_complete"": false, ""completed_steps"": [""r1_bearing_right"", ""r1_bearing_left"", ""r2_gear_rod""], ""head_rotation_deg"": null, ""head_translation_m"": null, ""left_hand_translation_m"": null, ""removed_tool_ids"": [15, 18, 19, 27, 28], ""right_hand_translation_m"": null, ""selected_step"": ""r2_bearing_right"", ""step_attempt"": 4, ""step_elapsed_s"": 7.724441402009688, ""step_event_index"": 38, ""total_hand_translation_m"": null, ""trial_finished_elapsed_s"": null, ""trial_recording"": true, ""trial_required_tool_ids"": [21, 34]}"
2026-09-05T10:47:50.241-04:00,arunn,gesture,object_acquired,click,r2_bearing_right,Row 2.1: bearing into right stand,ready,4,39,21,GEAR_STAND_ROW2_RIGHT,3.895037,7.724399,,,,,,,,,,,,,,,1,,,,,,"{""acquired_tool_ids"": [21, 34], ""acquisition_complete"": false, ""completed_steps"": [""r1_bearing_right"", ""r1_bearing_left"", ""r2_gear_rod""], ""head_rotation_deg"": null, ""head_translation_m"": null, ""left_hand_translation_m"": null, ""removed_tool_ids"": [15, 18, 19, 27, 28], ""right_hand_translation_m"": null, ""selected_step"": ""r2_bearing_right"", ""step_attempt"": 4, ""step_elapsed_s"": 7.772505589993671, ""step_event_index"": 39, ""total_hand_translation_m"": null, ""trial_finished_elapsed_s"": null, ""trial_recording"": true, ""trial_required_tool_ids"": [21, 34]}"
2026-09-05T10:47:50.286-04:00,arunn,gesture,step_acquisition_complete,click,r2_bearing_right,Row 2.1: bearing into right stand,ready,4,40,,,,7.816091,0.276268,150.565382,0.395032,0.931986,1.327019,0.000000,4.350087,4.350087,56.844482,0,9,0.000000,0.116790,0.116790,,,,,,,"{""acquired_tool_ids"": [21, 34], ""acquisition_complete"": true, ""any_hover_time_s"": 4.350087111117318, ""completed_steps"": [""r1_bearing_right"", ""r1_bearing_left"", ""r2_gear_rod""], ""head_rotation_deg"": 150.5653820086349, ""head_translation_m"": 0.2762675449487094, ""hover_time_percent"": 56.84448187772256, ""left_hand_translation_m"": 0.395032044875907, ""left_hover_episodes"": 0, ""left_hover_time_s"": 0.0, ""left_hover_translation_m"": 0.0, ""removed_tool_ids"": [15, 18, 19, 21, 27, 28], ""right_hand_translation_m"": 0.9319864794037986, ""right_hover_episodes"": 9, ""right_hover_time_s"": 4.350087111117318, ""right_hover_translation_m"": 0.11678995853025859, ""selected_step"": ""r2_bearing_right"", ""step_attempt"": 4, ""step_elapsed_s"": 7.8160914570325986, ""step_event_index"": 40, ""total_hand_translation_m"": 1.3270185242797057, ""total_hover_translation_m"": 0.11678995853025859, ""trial_finished_elapsed_s"": 7.8160914570325986, ""trial_recording"": false, ""trial_required_tool_ids"": [21, 34]}"
2026-09-05T10:47:50.446-04:00,arunn,gesture,graph_complete,,r2_bearing_right,Row 2.1: bearing into right stand,complete,4,41,,,,,,,,,,,,,,,,,,,,,,,,,"{""acquired_tool_ids"": [21, 34], ""acquisition_complete"": true, ""any_hover_time_s"": 4.350087111117318, ""completed_steps"": [""r1_bearing_right"", ""r1_bearing_left"", ""r2_gear_rod"", ""r2_bearing_right""], ""head_rotation_deg"": 150.5653820086349, ""head_translation_m"": 0.2762675449487094, ""hover_time_percent"": 56.84448187772256, ""left_hand_translation_m"": 0.395032044875907, ""left_hover_episodes"": 0, ""left_hover_time_s"": 0.0, ""left_hover_translation_m"": 0.0, ""removed_tool_ids"": [15, 18, 19, 21, 27, 28], ""right_hand_translation_m"": 0.9319864794037986, ""right_hover_episodes"": 9, ""right_hover_time_s"": 4.350087111117318, ""right_hover_translation_m"": 0.11678995853025859, ""selected_step"": ""r2_bearing_right"", ""step_attempt"": 4, ""step_elapsed_s"": 7.8160914570325986, ""step_event_index"": 41, ""total_hand_translation_m"": 1.3270185242797057, ""total_hover_translation_m"": 0.11678995853025859, ""trial_finished_elapsed_s"": 7.8160914570325986, ""trial_recording"": false, ""trial_required_tool_ids"": [21, 34]}"
2026-09-05T10:48:02.477-04:00,arunn,gesture,step_started,keyboard,r2_fasten_first_stand,Row 2.4: fasten right stand,ready,5,1,,,,,,,,,,,,,,,,,,,,,,,,,"{""acquired_tool_ids"": [], ""acquisition_complete"": false, ""completed_steps"": [""r1_bearing_right"", ""r1_bearing_left"", ""r2_gear_rod"", ""r2_bearing_right""], ""head_rotation_deg"": null, ""head_translation_m"": null, ""left_hand_translation_m"": null, ""removed_tool_ids"": [15, 18, 19, 21, 27, 28], ""right_hand_translation_m"": null, ""selected_step"": ""r2_fasten_first_stand"", ""step_attempt"": 5, ""step_elapsed_s"": 8.324300870299339e-05, ""step_event_index"": 1, ""total_hand_translation_m"": null, ""trial_finished_elapsed_s"": null, ""trial_recording"": true, ""trial_required_tool_ids"": [7, 35, 37]}"
2026-09-05T10:48:03.428-04:00,arunn,gesture,hover,hover,r2_fasten_first_stand,Row 2.4: fasten right stand,ready,5,2,34,BEARINGS,,,,,,,,,,,,,,,,,,,,,,,"{""acquired_tool_ids"": [], ""acquisition_complete"": false, ""completed_steps"": [""r1_bearing_right"", ""r1_bearing_left"", ""r2_gear_rod"", ""r2_bearing_right""], ""head_rotation_deg"": null, ""head_translation_m"": null, ""left_hand_translation_m"": null, ""removed_tool_ids"": [15, 18, 19, 21, 27, 28], ""right_hand_translation_m"": null, ""selected_step"": ""r2_fasten_first_stand"", ""step_attempt"": 5, ""step_elapsed_s"": 0.9509166380157694, ""step_event_index"": 2, ""total_hand_translation_m"": null, ""trial_finished_elapsed_s"": null, ""trial_recording"": true, ""trial_required_tool_ids"": [7, 35, 37]}"
2026-09-05T10:48:03.522-04:00,arunn,gesture,tts_queued,lifecycle,r2_fasten_first_stand,Row 2.4: fasten right stand,ready,5,3,,,,1.044677,,,,,,,,,,,,,,,,bearing,,,replace_hover,,"{""acquired_tool_ids"": [], ""acquisition_complete"": false, ""completed_steps"": [""r1_bearing_right"", ""r1_bearing_left"", ""r2_gear_rod"", ""r2_bearing_right""], ""head_rotation_deg"": null, ""head_translation_m"": null, ""left_hand_translation_m"": null, ""removed_tool_ids"": [15, 18, 19, 21, 27, 28], ""right_hand_translation_m"": null, ""selected_step"": ""r2_fasten_first_stand"", ""step_attempt"": 5, ""step_elapsed_s"": 1.0446964020375162, ""step_event_index"": 3, ""total_hand_translation_m"": null, ""trial_finished_elapsed_s"": null, ""trial_recording"": true, ""trial_required_tool_ids"": [7, 35, 37]}"
2026-09-05T10:48:03.634-04:00,arunn,gesture,tts_started,lifecycle,r2_fasten_first_stand,Row 2.4: fasten right stand,ready,5,4,,,,1.156611,,,,,,,,,,,,,,,,bearing,,,,,"{""acquired_tool_ids"": [], ""acquisition_complete"": false, ""completed_steps"": [""r1_bearing_right"", ""r1_bearing_left"", ""r2_gear_rod"", ""r2_bearing_right""], ""head_rotation_deg"": null, ""head_translation_m"": null, ""left_hand_translation_m"": null, ""removed_tool_ids"": [15, 18, 19, 21, 27, 28], ""right_hand_translation_m"": null, ""selected_step"": ""r2_fasten_first_stand"", ""step_attempt"": 5, ""step_elapsed_s"": 1.1566228891024366, ""step_event_index"": 4, ""total_hand_translation_m"": null, ""trial_finished_elapsed_s"": null, ""trial_recording"": true, ""trial_required_tool_ids"": [7, 35, 37]}"
2026-09-05T10:48:04.329-04:00,arunn,gesture,tts_finished,lifecycle,r2_fasten_first_stand,Row 2.4: fasten right stand,ready,5,5,,,,1.851601,,,,,,,,,,,,,,,,bearing,,,,,"{""acquired_tool_ids"": [], ""acquisition_complete"": false, ""completed_steps"": [""r1_bearing_right"", ""r1_bearing_left"", ""r2_gear_rod"", ""r2_bearing_right""], ""head_rotation_deg"": null, ""head_translation_m"": null, ""left_hand_translation_m"": null, ""removed_tool_ids"": [15, 18, 19, 21, 27, 28], ""right_hand_translation_m"": null, ""selected_step"": ""r2_fasten_first_stand"", ""step_attempt"": 5, ""step_elapsed_s"": 1.8516131259966642, ""step_event_index"": 5, ""total_hand_translation_m"": null, ""trial_finished_elapsed_s"": null, ""trial_recording"": true, ""trial_required_tool_ids"": [7, 35, 37]}"
2026-09-05T10:48:04.676-04:00,arunn,gesture,hover,hover,r2_fasten_first_stand,Row 2.4: fasten right stand,ready,5,6,33,PINS,,,,,,,,,,,,,,,,,,,,,,,"{""acquired_tool_ids"": [], ""acquisition_complete"": false, ""completed_steps"": [""r1_bearing_right"", ""r1_bearing_left"", ""r2_gear_rod"", ""r2_bearing_right""], ""head_rotation_deg"": null, ""head_translation_m"": null, ""left_hand_translation_m"": null, ""removed_tool_ids"": [15, 18, 19, 21, 27, 28], ""right_hand_translation_m"": null, ""selected_step"": ""r2_fasten_first_stand"", ""step_attempt"": 5, ""step_elapsed_s"": 2.198354619089514, ""step_event_index"": 6, ""total_hand_translation_m"": null, ""trial_finished_elapsed_s"": null, ""trial_recording"": true, ""trial_required_tool_ids"": [7, 35, 37]}"
2026-09-05T10:48:04.733-04:00,arunn,gesture,tts_queued,lifecycle,r2_fasten_first_stand,Row 2.4: fasten right stand,ready,5,7,,,,2.255333,,,,,,,,,,,,,,,,pin,,,replace_hover,,"{""acquired_tool_ids"": [], ""acquisition_complete"": false, ""completed_steps"": [""r1_bearing_right"", ""r1_bearing_left"", ""r2_gear_rod"", ""r2_bearing_right""], ""head_rotation_deg"": null, ""head_translation_m"": null, ""left_hand_translation_m"": null, ""removed_tool_ids"": [15, 18, 19, 21, 27, 28], ""right_hand_translation_m"": null, ""selected_step"": ""r2_fasten_first_stand"", ""step_attempt"": 5, ""step_elapsed_s"": 2.255343666067347, ""step_event_index"": 7, ""total_hand_translation_m"": null, ""trial_finished_elapsed_s"": null, ""trial_recording"": true, ""trial_required_tool_ids"": [7, 35, 37]}"
2026-09-05T10:48:04.815-04:00,arunn,gesture,tts_started,lifecycle,r2_fasten_first_stand,Row 2.4: fasten right stand,ready,5,8,,,,2.337454,,,,,,,,,,,,,,,,pin,,,,,"{""acquired_tool_ids"": [], ""acquisition_complete"": false, ""completed_steps"": [""r1_bearing_right"", ""r1_bearing_left"", ""r2_gear_rod"", ""r2_bearing_right""], ""head_rotation_deg"": null, ""head_translation_m"": null, ""left_hand_translation_m"": null, ""removed_tool_ids"": [15, 18, 19, 21, 27, 28], ""right_hand_translation_m"": null, ""selected_step"": ""r2_fasten_first_stand"", ""step_attempt"": 5, ""step_elapsed_s"": 2.337465036078356, ""step_event_index"": 8, ""total_hand_translation_m"": null, ""trial_finished_elapsed_s"": null, ""trial_recording"": true, ""trial_required_tool_ids"": [7, 35, 37]}"
2026-09-05T10:48:04.892-04:00,arunn,gesture,hover,hover,r2_fasten_first_stand,Row 2.4: fasten right stand,ready,5,9,32,CRANK_HANDLE,,,,,,,,,,,,,,,,,,,,,,,"{""acquired_tool_ids"": [], ""acquisition_complete"": false, ""completed_steps"": [""r1_bearing_right"", ""r1_bearing_left"", ""r2_gear_rod"", ""r2_bearing_right""], ""head_rotation_deg"": null, ""head_translation_m"": null, ""left_hand_translation_m"": null, ""removed_tool_ids"": [15, 18, 19, 21, 27, 28], ""right_hand_translation_m"": null, ""selected_step"": ""r2_fasten_first_stand"", ""step_attempt"": 5, ""step_elapsed_s"": 2.415297153056599, ""step_event_index"": 9, ""total_hand_translation_m"": null, ""trial_finished_elapsed_s"": null, ""trial_recording"": true, ""trial_required_tool_ids"": [7, 35, 37]}"
2026-09-05T10:48:04.913-04:00,arunn,gesture,tts_queued,lifecycle,r2_fasten_first_stand,Row 2.4: fasten right stand,ready,5,10,,,,2.435539,,,,,,,,,,,,,,,,handle,,,replace_hover,,"{""acquired_tool_ids"": [], ""acquisition_complete"": false, ""completed_steps"": [""r1_bearing_right"", ""r1_bearing_left"", ""r2_gear_rod"", ""r2_bearing_right""], ""head_rotation_deg"": null, ""head_translation_m"": null, ""left_hand_translation_m"": null, ""removed_tool_ids"": [15, 18, 19, 21, 27, 28], ""right_hand_translation_m"": null, ""selected_step"": ""r2_fasten_first_stand"", ""step_attempt"": 5, ""step_elapsed_s"": 2.4355520020471886, ""step_event_index"": 10, ""total_hand_translation_m"": null, ""trial_finished_elapsed_s"": null, ""trial_recording"": true, ""trial_required_tool_ids"": [7, 35, 37]}"
2026-09-05T10:48:05.000-04:00,arunn,gesture,tts_finished,lifecycle,r2_fasten_first_stand,Row 2.4: fasten right stand,ready,5,11,,,,2.522799,,,,,,,,,,,,,,,,pin,,,,,"{""acquired_tool_ids"": [], ""acquisition_complete"": false, ""completed_steps"": [""r1_bearing_right"", ""r1_bearing_left"", ""r2_gear_rod"", ""r2_bearing_right""], ""head_rotation_deg"": null, ""head_translation_m"": null, ""left_hand_translation_m"": null, ""removed_tool_ids"": [15, 18, 19, 21, 27, 28], ""right_hand_translation_m"": null, ""selected_step"": ""r2_fasten_first_stand"", ""step_attempt"": 5, ""step_elapsed_s"": 2.5228090550517663, ""step_event_index"": 11, ""total_hand_translation_m"": null, ""trial_finished_elapsed_s"": null, ""trial_recording"": true, ""trial_required_tool_ids"": [7, 35, 37]}"
2026-09-05T10:48:05.042-04:00,arunn,gesture,tts_started,lifecycle,r2_fasten_first_stand,Row 2.4: fasten right stand,ready,5,12,,,,2.564920,,,,,,,,,,,,,,,,handle,,,,,"{""acquired_tool_ids"": [], ""acquisition_complete"": false, ""completed_steps"": [""r1_bearing_right"", ""r1_bearing_left"", ""r2_gear_rod"", ""r2_bearing_right""], ""head_rotation_deg"": null, ""head_translation_m"": null, ""left_hand_translation_m"": null, ""removed_tool_ids"": [15, 18, 19, 21, 27, 28], ""right_hand_translation_m"": null, ""selected_step"": ""r2_fasten_first_stand"", ""step_attempt"": 5, ""step_elapsed_s"": 2.564940402051434, ""step_event_index"": 12, ""total_hand_translation_m"": null, ""trial_finished_elapsed_s"": null, ""trial_recording"": true, ""trial_required_tool_ids"": [7, 35, 37]}"
2026-09-05T10:48:05.797-04:00,arunn,gesture,tts_finished,lifecycle,r2_fasten_first_stand,Row 2.4: fasten right stand,ready,5,13,,,,3.319398,,,,,,,,,,,,,,,,handle,,,,,"{""acquired_tool_ids"": [], ""acquisition_complete"": false, ""completed_steps"": [""r1_bearing_right"", ""r1_bearing_left"", ""r2_gear_rod"", ""r2_bearing_right""], ""head_rotation_deg"": null, ""head_translation_m"": null, ""left_hand_translation_m"": null, ""removed_tool_ids"": [15, 18, 19, 21, 27, 28], ""right_hand_translation_m"": null, ""selected_step"": ""r2_fasten_first_stand"", ""step_attempt"": 5, ""step_elapsed_s"": 3.3194094150094315, ""step_event_index"": 13, ""total_hand_translation_m"": null, ""trial_finished_elapsed_s"": null, ""trial_recording"": true, ""trial_required_tool_ids"": [7, 35, 37]}"
2026-09-05T10:48:06.182-04:00,arunn,gesture,hover,hover,r2_fasten_first_stand,Row 2.4: fasten right stand,ready,5,14,30,GEAR_ROW3_RIGHT,,,,,,,,,,,,,,,,,,,,,,,"{""acquired_tool_ids"": [], ""acquisition_complete"": false, ""completed_steps"": [""r1_bearing_right"", ""r1_bearing_left"", ""r2_gear_rod"", ""r2_bearing_right""], ""head_rotation_deg"": null, ""head_translation_m"": null, ""left_hand_translation_m"": null, ""removed_tool_ids"": [15, 18, 19, 21, 27, 28], ""right_hand_translation_m"": null, ""selected_step"": ""r2_fasten_first_stand"", ""step_attempt"": 5, ""step_elapsed_s"": 3.7053130010608584, ""step_event_index"": 14, ""total_hand_translation_m"": null, ""trial_finished_elapsed_s"": null, ""trial_recording"": true, ""trial_required_tool_ids"": [7, 35, 37]}"
2026-09-05T10:48:06.257-04:00,arunn,gesture,tts_queued,lifecycle,r2_fasten_first_stand,Row 2.4: fasten right stand,ready,5,15,,,,3.779795,,,,,,,,,,,,,,,,Row 3 right gear,,,replace_hover,,"{""acquired_tool_ids"": [], ""acquisition_complete"": false, ""completed_steps"": [""r1_bearing_right"", ""r1_bearing_left"", ""r2_gear_rod"", ""r2_bearing_right""], ""head_rotation_deg"": null, ""head_translation_m"": null, ""left_hand_translation_m"": null, ""removed_tool_ids"": [15, 18, 19, 21, 27, 28], ""right_hand_translation_m"": null, ""selected_step"": ""r2_fasten_first_stand"", ""step_attempt"": 5, ""step_elapsed_s"": 3.779807356069796, ""step_event_index"": 15, ""total_hand_translation_m"": null, ""trial_finished_elapsed_s"": null, ""trial_recording"": true, ""trial_required_tool_ids"": [7, 35, 37]}"
2026-09-05T10:48:06.414-04:00,arunn,gesture,hover,hover,r2_fasten_first_stand,Row 2.4: fasten right stand,ready,5,16,29,GEAR_ROW3_LEFT,,,,,,,,,,,,,,,,,,,,,,,"{""acquired_tool_ids"": [], ""acquisition_complete"": false, ""completed_steps"": [""r1_bearing_right"", ""r1_bearing_left"", ""r2_gear_rod"", ""r2_bearing_right""], ""head_rotation_deg"": null, ""head_translation_m"": null, ""left_hand_translation_m"": null, ""removed_tool_ids"": [15, 18, 19, 21, 27, 28], ""right_hand_translation_m"": null, ""selected_step"": ""r2_fasten_first_stand"", ""step_attempt"": 5, ""step_elapsed_s"": 3.93643708107993, ""step_event_index"": 16, ""total_hand_translation_m"": null, ""trial_finished_elapsed_s"": null, ""trial_recording"": true, ""trial_required_tool_ids"": [7, 35, 37]}"
2026-09-05T10:48:06.430-04:00,arunn,gesture,tts_queued,lifecycle,r2_fasten_first_stand,Row 2.4: fasten right stand,ready,5,17,,,,3.952420,,,,,,,,,,,,,,,,Row 3 left gear,,,replace_hover,,"{""acquired_tool_ids"": [], ""acquisition_complete"": false, ""completed_steps"": [""r1_bearing_right"", ""r1_bearing_left"", ""r2_gear_rod"", ""r2_bearing_right""], ""head_rotation_deg"": null, ""head_translation_m"": null, ""left_hand_translation_m"": null, ""removed_tool_ids"": [15, 18, 19, 21, 27, 28], ""right_hand_translation_m"": null, ""selected_step"": ""r2_fasten_first_stand"", ""step_attempt"": 5, ""step_elapsed_s"": 3.9524313650326803, ""step_event_index"": 17, ""total_hand_translation_m"": null, ""trial_finished_elapsed_s"": null, ""trial_recording"": true, ""trial_required_tool_ids"": [7, 35, 37]}"
2026-09-05T10:48:06.501-04:00,arunn,gesture,tts_started,lifecycle,r2_fasten_first_stand,Row 2.4: fasten right stand,ready,5,18,,,,4.023351,,,,,,,,,,,,,,,,Row 3 right gear,,,,,"{""acquired_tool_ids"": [], ""acquisition_complete"": false, ""completed_steps"": [""r1_bearing_right"", ""r1_bearing_left"", ""r2_gear_rod"", ""r2_bearing_right""], ""head_rotation_deg"": null, ""head_translation_m"": null, ""left_hand_translation_m"": null, ""removed_tool_ids"": [15, 18, 19, 21, 27, 28], ""right_hand_translation_m"": null, ""selected_step"": ""r2_fasten_first_stand"", ""step_attempt"": 5, ""step_elapsed_s"": 4.023363048094325, ""step_event_index"": 18, ""total_hand_translation_m"": null, ""trial_finished_elapsed_s"": null, ""trial_recording"": true, ""trial_required_tool_ids"": [7, 35, 37]}"
2026-09-05T10:48:06.578-04:00,arunn,gesture,tts_finished,lifecycle,r2_fasten_first_stand,Row 2.4: fasten right stand,ready,5,19,,,,4.100464,,,,,,,,,,,,,,,,Row 3 right gear,,,,,"{""acquired_tool_ids"": [], ""acquisition_complete"": false, ""completed_steps"": [""r1_bearing_right"", ""r1_bearing_left"", ""r2_gear_rod"", ""r2_bearing_right""], ""head_rotation_deg"": null, ""head_translation_m"": null, ""left_hand_translation_m"": null, ""removed_tool_ids"": [15, 18, 19, 21, 27, 28], ""right_hand_translation_m"": null, ""selected_step"": ""r2_fasten_first_stand"", ""step_attempt"": 5, ""step_elapsed_s"": 4.100480873021297, ""step_event_index"": 19, ""total_hand_translation_m"": null, ""trial_finished_elapsed_s"": null, ""trial_recording"": true, ""trial_required_tool_ids"": [7, 35, 37]}"
2026-09-05T10:48:06.646-04:00,arunn,gesture,tts_started,lifecycle,r2_fasten_first_stand,Row 2.4: fasten right stand,ready,5,20,,,,4.168815,,,,,,,,,,,,,,,,Row 3 left gear,,,,,"{""acquired_tool_ids"": [], ""acquisition_complete"": false, ""completed_steps"": [""r1_bearing_right"", ""r1_bearing_left"", ""r2_gear_rod"", ""r2_bearing_right""], ""head_rotation_deg"": null, ""head_translation_m"": null, ""left_hand_translation_m"": null, ""removed_tool_ids"": [15, 18, 19, 21, 27, 28], ""right_hand_translation_m"": null, ""selected_step"": ""r2_fasten_first_stand"", ""step_attempt"": 5, ""step_elapsed_s"": 4.168829767033458, ""step_event_index"": 20, ""total_hand_translation_m"": null, ""trial_finished_elapsed_s"": null, ""trial_recording"": true, ""trial_required_tool_ids"": [7, 35, 37]}"
2026-09-05T10:48:08.047-04:00,arunn,gesture,tts_finished,lifecycle,r2_fasten_first_stand,Row 2.4: fasten right stand,ready,5,21,,,,5.570024,,,,,,,,,,,,,,,,Row 3 left gear,,,,,"{""acquired_tool_ids"": [], ""acquisition_complete"": false, ""completed_steps"": [""r1_bearing_right"", ""r1_bearing_left"", ""r2_gear_rod"", ""r2_bearing_right""], ""head_rotation_deg"": null, ""head_translation_m"": null, ""left_hand_translation_m"": null, ""removed_tool_ids"": [15, 18, 19, 21, 27, 28], ""right_hand_translation_m"": null, ""selected_step"": ""r2_fasten_first_stand"", ""step_attempt"": 5, ""step_elapsed_s"": 5.570035225013271, ""step_event_index"": 21, ""total_hand_translation_m"": null, ""trial_finished_elapsed_s"": null, ""trial_recording"": true, ""trial_required_tool_ids"": [7, 35, 37]}"
2026-09-05T10:48:10.176-04:00,arunn,gesture,hover,hover,r2_fasten_first_stand,Row 2.4: fasten right stand,ready,5,22,20,GEAR_STAND_ROW2_LEFT,,,,,,,,,,,,,,,,,,,,,,,"{""acquired_tool_ids"": [], ""acquisition_complete"": false, ""completed_steps"": [""r1_bearing_right"", ""r1_bearing_left"", ""r2_gear_rod"", ""r2_bearing_right""], ""head_rotation_deg"": null, ""head_translation_m"": null, ""left_hand_translation_m"": null, ""removed_tool_ids"": [15, 18, 19, 21, 27, 28], ""right_hand_translation_m"": null, ""selected_step"": ""r2_fasten_first_stand"", ""step_attempt"": 5, ""step_elapsed_s"": 7.698409022996202, ""step_event_index"": 22, ""total_hand_translation_m"": null, ""trial_finished_elapsed_s"": null, ""trial_recording"": true, ""trial_required_tool_ids"": [7, 35, 37]}"
2026-09-05T10:48:10.235-04:00,arunn,gesture,tts_queued,lifecycle,r2_fasten_first_stand,Row 2.4: fasten right stand,ready,5,23,,,,7.757567,,,,,,,,,,,,,,,,Row 2 left stand,,,replace_hover,,"{""acquired_tool_ids"": [], ""acquisition_complete"": false, ""completed_steps"": [""r1_bearing_right"", ""r1_bearing_left"", ""r2_gear_rod"", ""r2_bearing_right""], ""head_rotation_deg"": null, ""head_translation_m"": null, ""left_hand_translation_m"": null, ""removed_tool_ids"": [15, 18, 19, 21, 27, 28], ""right_hand_translation_m"": null, ""selected_step"": ""r2_fasten_first_stand"", ""step_attempt"": 5, ""step_elapsed_s"": 7.757578119053505, ""step_event_index"": 23, ""total_hand_translation_m"": null, ""trial_finished_elapsed_s"": null, ""trial_recording"": true, ""trial_required_tool_ids"": [7, 35, 37]}"
2026-09-05T10:48:10.389-04:00,arunn,gesture,hover,hover,r2_fasten_first_stand,Row 2.4: fasten right stand,ready,5,24,23,GEAR_STAND_ROW3_RIGHT,,,,,,,,,,,,,,,,,,,,,,,"{""acquired_tool_ids"": [], ""acquisition_complete"": false, ""completed_steps"": [""r1_bearing_right"", ""r1_bearing_left"", ""r2_gear_rod"", ""r2_bearing_right""], ""head_rotation_deg"": null, ""head_translation_m"": null, ""left_hand_translation_m"": null, ""removed_tool_ids"": [15, 18, 19, 21, 27, 28], ""right_hand_translation_m"": null, ""selected_step"": ""r2_fasten_first_stand"", ""step_attempt"": 5, ""step_elapsed_s"": 7.911770750069991, ""step_event_index"": 24, ""total_hand_translation_m"": null, ""trial_finished_elapsed_s"": null, ""trial_recording"": true, ""trial_required_tool_ids"": [7, 35, 37]}"
2026-09-05T10:48:10.546-04:00,arunn,gesture,tts_queued,lifecycle,r2_fasten_first_stand,Row 2.4: fasten right stand,ready,5,25,,,,8.068866,,,,,,,,,,,,,,,,Row 3 right stand,,,replace_hover,,"{""acquired_tool_ids"": [], ""acquisition_complete"": false, ""completed_steps"": [""r1_bearing_right"", ""r1_bearing_left"", ""r2_gear_rod"", ""r2_bearing_right""], ""head_rotation_deg"": null, ""head_translation_m"": null, ""left_hand_translation_m"": null, ""removed_tool_ids"": [15, 18, 19, 21, 27, 28], ""right_hand_translation_m"": null, ""selected_step"": ""r2_fasten_first_stand"", ""step_attempt"": 5, ""step_elapsed_s"": 8.068877786048688, ""step_event_index"": 25, ""total_hand_translation_m"": null, ""trial_finished_elapsed_s"": null, ""trial_recording"": true, ""trial_required_tool_ids"": [7, 35, 37]}"
2026-09-05T10:48:10.720-04:00,arunn,gesture,hover,hover,r2_fasten_first_stand,Row 2.4: fasten right stand,ready,5,26,30,GEAR_ROW3_RIGHT,,,,,,,,,,,,,,,,,,,,,,,"{""acquired_tool_ids"": [], ""acquisition_complete"": false, ""completed_steps"": [""r1_bearing_right"", ""r1_bearing_left"", ""r2_gear_rod"", ""r2_bearing_right""], ""head_rotation_deg"": null, ""head_translation_m"": null, ""left_hand_translation_m"": null, ""removed_tool_ids"": [15, 18, 19, 21, 27, 28], ""right_hand_translation_m"": null, ""selected_step"": ""r2_fasten_first_stand"", ""step_attempt"": 5, ""step_elapsed_s"": 8.242832506075501, ""step_event_index"": 26, ""total_hand_translation_m"": null, ""trial_finished_elapsed_s"": null, ""trial_recording"": true, ""trial_required_tool_ids"": [7, 35, 37]}"
2026-09-05T10:48:10.818-04:00,arunn,gesture,tts_queued,lifecycle,r2_fasten_first_stand,Row 2.4: fasten right stand,ready,5,27,,,,8.340844,,,,,,,,,,,,,,,,Row 3 right gear,,,replace_hover,,"{""acquired_tool_ids"": [], ""acquisition_complete"": false, ""completed_steps"": [""r1_bearing_right"", ""r1_bearing_left"", ""r2_gear_rod"", ""r2_bearing_right""], ""head_rotation_deg"": null, ""head_translation_m"": null, ""left_hand_translation_m"": null, ""removed_tool_ids"": [15, 18, 19, 21, 27, 28], ""right_hand_translation_m"": null, ""selected_step"": ""r2_fasten_first_stand"", ""step_attempt"": 5, ""step_elapsed_s"": 8.340860389987938, ""step_event_index"": 27, ""total_hand_translation_m"": null, ""trial_finished_elapsed_s"": null, ""trial_recording"": true, ""trial_required_tool_ids"": [7, 35, 37]}"
2026-09-05T10:48:10.926-04:00,arunn,gesture,tts_started,lifecycle,r2_fasten_first_stand,Row 2.4: fasten right stand,ready,5,28,,,,8.449144,,,,,,,,,,,,,,,,Row 2 left stand,,,,,"{""acquired_tool_ids"": [], ""acquisition_complete"": false, ""completed_steps"": [""r1_bearing_right"", ""r1_bearing_left"", ""r2_gear_rod"", ""r2_bearing_right""], ""head_rotation_deg"": null, ""head_translation_m"": null, ""left_hand_translation_m"": null, ""removed_tool_ids"": [15, 18, 19, 21, 27, 28], ""right_hand_translation_m"": null, ""selected_step"": ""r2_fasten_first_stand"", ""step_attempt"": 5, ""step_elapsed_s"": 8.449152979068458, ""step_event_index"": 28, ""total_hand_translation_m"": null, ""trial_finished_elapsed_s"": null, ""trial_recording"": true, ""trial_required_tool_ids"": [7, 35, 37]}"
2026-09-05T10:48:11.019-04:00,arunn,gesture,tts_finished,lifecycle,r2_fasten_first_stand,Row 2.4: fasten right stand,ready,5,29,,,,8.542131,,,,,,,,,,,,,,,,Row 2 left stand,,,,,"{""acquired_tool_ids"": [], ""acquisition_complete"": false, ""completed_steps"": [""r1_bearing_right"", ""r1_bearing_left"", ""r2_gear_rod"", ""r2_bearing_right""], ""head_rotation_deg"": null, ""head_translation_m"": null, ""left_hand_translation_m"": null, ""removed_tool_ids"": [15, 18, 19, 21, 27, 28], ""right_hand_translation_m"": null, ""selected_step"": ""r2_fasten_first_stand"", ""step_attempt"": 5, ""step_elapsed_s"": 8.54214229399804, ""step_event_index"": 29, ""total_hand_translation_m"": null, ""trial_finished_elapsed_s"": null, ""trial_recording"": true, ""trial_required_tool_ids"": [7, 35, 37]}"
2026-09-05T10:48:11.060-04:00,arunn,gesture,tts_started,lifecycle,r2_fasten_first_stand,Row 2.4: fasten right stand,ready,5,30,,,,8.583310,,,,,,,,,,,,,,,,Row 3 right stand,,,,,"{""acquired_tool_ids"": [], ""acquisition_complete"": false, ""completed_steps"": [""r1_bearing_right"", ""r1_bearing_left"", ""r2_gear_rod"", ""r2_bearing_right""], ""head_rotation_deg"": null, ""head_translation_m"": null, ""left_hand_translation_m"": null, ""removed_tool_ids"": [15, 18, 19, 21, 27, 28], ""right_hand_translation_m"": null, ""selected_step"": ""r2_fasten_first_stand"", ""step_attempt"": 5, ""step_elapsed_s"": 8.58332163700834, ""step_event_index"": 30, ""total_hand_translation_m"": null, ""trial_finished_elapsed_s"": null, ""trial_recording"": true, ""trial_required_tool_ids"": [7, 35, 37]}"
2026-09-05T10:48:11.126-04:00,arunn,gesture,tts_finished,lifecycle,r2_fasten_first_stand,Row 2.4: fasten right stand,ready,5,31,,,,8.648424,,,,,,,,,,,,,,,,Row 3 right stand,,,,,"{""acquired_tool_ids"": [], ""acquisition_complete"": false, ""completed_steps"": [""r1_bearing_right"", ""r1_bearing_left"", ""r2_gear_rod"", ""r2_bearing_right""], ""head_rotation_deg"": null, ""head_translation_m"": null, ""left_hand_translation_m"": null, ""removed_tool_ids"": [15, 18, 19, 21, 27, 28], ""right_hand_translation_m"": null, ""selected_step"": ""r2_fasten_first_stand"", ""step_attempt"": 5, ""step_elapsed_s"": 8.64843866508454, ""step_event_index"": 31, ""total_hand_translation_m"": null, ""trial_finished_elapsed_s"": null, ""trial_recording"": true, ""trial_required_tool_ids"": [7, 35, 37]}"
2026-09-05T10:48:11.161-04:00,arunn,gesture,tts_started,lifecycle,r2_fasten_first_stand,Row 2.4: fasten right stand,ready,5,32,,,,8.683440,,,,,,,,,,,,,,,,Row 3 right gear,,,,,"{""acquired_tool_ids"": [], ""acquisition_complete"": false, ""completed_steps"": [""r1_bearing_right"", ""r1_bearing_left"", ""r2_gear_rod"", ""r2_bearing_right""], ""head_rotation_deg"": null, ""head_translation_m"": null, ""left_hand_translation_m"": null, ""removed_tool_ids"": [15, 18, 19, 21, 27, 28], ""right_hand_translation_m"": null, ""selected_step"": ""r2_fasten_first_stand"", ""step_attempt"": 5, ""step_elapsed_s"": 8.68344952003099, ""step_event_index"": 32, ""total_hand_translation_m"": null, ""trial_finished_elapsed_s"": null, ""trial_recording"": true, ""trial_required_tool_ids"": [7, 35, 37]}"
2026-09-05T10:48:11.271-04:00,arunn,gesture,hover,hover,r2_fasten_first_stand,Row 2.4: fasten right stand,ready,5,33,35,SCREWS,,,,,,,,,,,,,,,,,,,,,,,"{""acquired_tool_ids"": [], ""acquisition_complete"": false, ""completed_steps"": [""r1_bearing_right"", ""r1_bearing_left"", ""r2_gear_rod"", ""r2_bearing_right""], ""head_rotation_deg"": null, ""head_translation_m"": null, ""left_hand_translation_m"": null, ""removed_tool_ids"": [15, 18, 19, 21, 27, 28], ""right_hand_translation_m"": null, ""selected_step"": ""r2_fasten_first_stand"", ""step_attempt"": 5, ""step_elapsed_s"": 8.793983378098346, ""step_event_index"": 33, ""total_hand_translation_m"": null, ""trial_finished_elapsed_s"": null, ""trial_recording"": true, ""trial_required_tool_ids"": [7, 35, 37]}"
2026-09-05T10:48:11.311-04:00,arunn,gesture,tts_queued,lifecycle,r2_fasten_first_stand,Row 2.4: fasten right stand,ready,5,34,,,,8.833386,,,,,,,,,,,,,,,,screw,,,replace_hover,,"{""acquired_tool_ids"": [], ""acquisition_complete"": false, ""completed_steps"": [""r1_bearing_right"", ""r1_bearing_left"", ""r2_gear_rod"", ""r2_bearing_right""], ""head_rotation_deg"": null, ""head_translation_m"": null, ""left_hand_translation_m"": null, ""removed_tool_ids"": [15, 18, 19, 21, 27, 28], ""right_hand_translation_m"": null, ""selected_step"": ""r2_fasten_first_stand"", ""step_attempt"": 5, ""step_elapsed_s"": 8.83339817810338, ""step_event_index"": 34, ""total_hand_translation_m"": null, ""trial_finished_elapsed_s"": null, ""trial_recording"": true, ""trial_required_tool_ids"": [7, 35, 37]}"
2026-09-05T10:48:11.372-04:00,arunn,gesture,hover,hover,r2_fasten_first_stand,Row 2.4: fasten right stand,ready,5,35,34,BEARINGS,,,,,,,,,,,,,,,,,,,,,,,"{""acquired_tool_ids"": [], ""acquisition_complete"": false, ""completed_steps"": [""r1_bearing_right"", ""r1_bearing_left"", ""r2_gear_rod"", ""r2_bearing_right""], ""head_rotation_deg"": null, ""head_translation_m"": null, ""left_hand_translation_m"": null, ""removed_tool_ids"": [15, 18, 19, 21, 27, 28], ""right_hand_translation_m"": null, ""selected_step"": ""r2_fasten_first_stand"", ""step_attempt"": 5, ""step_elapsed_s"": 8.894379828008823, ""step_event_index"": 35, ""total_hand_translation_m"": null, ""trial_finished_elapsed_s"": null, ""trial_recording"": true, ""trial_required_tool_ids"": [7, 35, 37]}"
2026-09-05T10:48:11.499-04:00,arunn,gesture,tts_queued,lifecycle,r2_fasten_first_stand,Row 2.4: fasten right stand,ready,5,36,,,,9.021522,,,,,,,,,,,,,,,,bearing,,,replace_hover,,"{""acquired_tool_ids"": [], ""acquisition_complete"": false, ""completed_steps"": [""r1_bearing_right"", ""r1_bearing_left"", ""r2_gear_rod"", ""r2_bearing_right""], ""head_rotation_deg"": null, ""head_translation_m"": null, ""left_hand_translation_m"": null, ""removed_tool_ids"": [15, 18, 19, 21, 27, 28], ""right_hand_translation_m"": null, ""selected_step"": ""r2_fasten_first_stand"", ""step_attempt"": 5, ""step_elapsed_s"": 9.02153632498812, ""step_event_index"": 36, ""total_hand_translation_m"": null, ""trial_finished_elapsed_s"": null, ""trial_recording"": true, ""trial_required_tool_ids"": [7, 35, 37]}"
2026-09-05T10:48:11.863-04:00,arunn,gesture,hover,hover,r2_fasten_first_stand,Row 2.4: fasten right stand,ready,5,37,35,SCREWS,,,,,,,,,,,,,,,,,,,,,,,"{""acquired_tool_ids"": [], ""acquisition_complete"": false, ""completed_steps"": [""r1_bearing_right"", ""r1_bearing_left"", ""r2_gear_rod"", ""r2_bearing_right""], ""head_rotation_deg"": null, ""head_translation_m"": null, ""left_hand_translation_m"": null, ""removed_tool_ids"": [15, 18, 19, 21, 27, 28], ""right_hand_translation_m"": null, ""selected_step"": ""r2_fasten_first_stand"", ""step_attempt"": 5, ""step_elapsed_s"": 9.38608823704999, ""step_event_index"": 37, ""total_hand_translation_m"": null, ""trial_finished_elapsed_s"": null, ""trial_recording"": true, ""trial_required_tool_ids"": [7, 35, 37]}"
2026-09-05T10:48:11.888-04:00,arunn,gesture,tts_queued,lifecycle,r2_fasten_first_stand,Row 2.4: fasten right stand,ready,5,38,,,,9.410993,,,,,,,,,,,,,,,,screw,,,replace_hover,,"{""acquired_tool_ids"": [], ""acquisition_complete"": false, ""completed_steps"": [""r1_bearing_right"", ""r1_bearing_left"", ""r2_gear_rod"", ""r2_bearing_right""], ""head_rotation_deg"": null, ""head_translation_m"": null, ""left_hand_translation_m"": null, ""removed_tool_ids"": [15, 18, 19, 21, 27, 28], ""right_hand_translation_m"": null, ""selected_step"": ""r2_fasten_first_stand"", ""step_attempt"": 5, ""step_elapsed_s"": 9.411002568085678, ""step_event_index"": 38, ""total_hand_translation_m"": null, ""trial_finished_elapsed_s"": null, ""trial_recording"": true, ""trial_required_tool_ids"": [7, 35, 37]}"
2026-09-05T10:48:11.940-04:00,arunn,gesture,tts_finished,lifecycle,r2_fasten_first_stand,Row 2.4: fasten right stand,ready,5,39,,,,9.462653,,,,,,,,,,,,,,,,Row 3 right gear,,,,,"{""acquired_tool_ids"": [], ""acquisition_complete"": false, ""completed_steps"": [""r1_bearing_right"", ""r1_bearing_left"", ""r2_gear_rod"", ""r2_bearing_right""], ""head_rotation_deg"": null, ""head_translation_m"": null, ""left_hand_translation_m"": null, ""removed_tool_ids"": [15, 18, 19, 21, 27, 28], ""right_hand_translation_m"": null, ""selected_step"": ""r2_fasten_first_stand"", ""step_attempt"": 5, ""step_elapsed_s"": 9.462662836071104, ""step_event_index"": 39, ""total_hand_translation_m"": null, ""trial_finished_elapsed_s"": null, ""trial_recording"": true, ""trial_required_tool_ids"": [7, 35, 37]}"
2026-09-05T10:48:12.002-04:00,arunn,gesture,tts_started,lifecycle,r2_fasten_first_stand,Row 2.4: fasten right stand,ready,5,40,,,,9.524766,,,,,,,,,,,,,,,,screw,,,,,"{""acquired_tool_ids"": [], ""acquisition_complete"": false, ""completed_steps"": [""r1_bearing_right"", ""r1_bearing_left"", ""r2_gear_rod"", ""r2_bearing_right""], ""head_rotation_deg"": null, ""head_translation_m"": null, ""left_hand_translation_m"": null, ""removed_tool_ids"": [15, 18, 19, 21, 27, 28], ""right_hand_translation_m"": null, ""selected_step"": ""r2_fasten_first_stand"", ""step_attempt"": 5, ""step_elapsed_s"": 9.524775427998975, ""step_event_index"": 40, ""total_hand_translation_m"": null, ""trial_finished_elapsed_s"": null, ""trial_recording"": true, ""trial_required_tool_ids"": [7, 35, 37]}"
2026-09-05T10:48:12.091-04:00,arunn,gesture,tts_finished,lifecycle,r2_fasten_first_stand,Row 2.4: fasten right stand,ready,5,41,,,,9.613576,,,,,,,,,,,,,,,,screw,,,,,"{""acquired_tool_ids"": [], ""acquisition_complete"": false, ""completed_steps"": [""r1_bearing_right"", ""r1_bearing_left"", ""r2_gear_rod"", ""r2_bearing_right""], ""head_rotation_deg"": null, ""head_translation_m"": null, ""left_hand_translation_m"": null, ""removed_tool_ids"": [15, 18, 19, 21, 27, 28], ""right_hand_translation_m"": null, ""selected_step"": ""r2_fasten_first_stand"", ""step_attempt"": 5, ""step_elapsed_s"": 9.613587570027448, ""step_event_index"": 41, ""total_hand_translation_m"": null, ""trial_finished_elapsed_s"": null, ""trial_recording"": true, ""trial_required_tool_ids"": [7, 35, 37]}"
2026-09-05T10:48:12.220-04:00,arunn,gesture,tts_started,lifecycle,r2_fasten_first_stand,Row 2.4: fasten right stand,ready,5,42,,,,9.742717,,,,,,,,,,,,,,,,bearing,,,,,"{""acquired_tool_ids"": [], ""acquisition_complete"": false, ""completed_steps"": [""r1_bearing_right"", ""r1_bearing_left"", ""r2_gear_rod"", ""r2_bearing_right""], ""head_rotation_deg"": null, ""head_translation_m"": null, ""left_hand_translation_m"": null, ""removed_tool_ids"": [15, 18, 19, 21, 27, 28], ""right_hand_translation_m"": null, ""selected_step"": ""r2_fasten_first_stand"", ""step_attempt"": 5, ""step_elapsed_s"": 9.742727976059541, ""step_event_index"": 42, ""total_hand_translation_m"": null, ""trial_finished_elapsed_s"": null, ""trial_recording"": true, ""trial_required_tool_ids"": [7, 35, 37]}"
2026-09-05T10:48:12.387-04:00,arunn,gesture,tts_finished,lifecycle,r2_fasten_first_stand,Row 2.4: fasten right stand,ready,5,43,,,,9.909897,,,,,,,,,,,,,,,,bearing,,,,,"{""acquired_tool_ids"": [], ""acquisition_complete"": false, ""completed_steps"": [""r1_bearing_right"", ""r1_bearing_left"", ""r2_gear_rod"", ""r2_bearing_right""], ""head_rotation_deg"": null, ""head_translation_m"": null, ""left_hand_translation_m"": null, ""removed_tool_ids"": [15, 18, 19, 21, 27, 28], ""right_hand_translation_m"": null, ""selected_step"": ""r2_fasten_first_stand"", ""step_attempt"": 5, ""step_elapsed_s"": 9.909908922039904, ""step_event_index"": 43, ""total_hand_translation_m"": null, ""trial_finished_elapsed_s"": null, ""trial_recording"": true, ""trial_required_tool_ids"": [7, 35, 37]}"
2026-09-05T10:48:12.473-04:00,arunn,gesture,tts_started,lifecycle,r2_fasten_first_stand,Row 2.4: fasten right stand,ready,5,44,,,,9.995564,,,,,,,,,,,,,,,,screw,,,,,"{""acquired_tool_ids"": [], ""acquisition_complete"": false, ""completed_steps"": [""r1_bearing_right"", ""r1_bearing_left"", ""r2_gear_rod"", ""r2_bearing_right""], ""head_rotation_deg"": null, ""head_translation_m"": null, ""left_hand_translation_m"": null, ""removed_tool_ids"": [15, 18, 19, 21, 27, 28], ""right_hand_translation_m"": null, ""selected_step"": ""r2_fasten_first_stand"", ""step_attempt"": 5, ""step_elapsed_s"": 9.99557765899226, ""step_event_index"": 44, ""total_hand_translation_m"": null, ""trial_finished_elapsed_s"": null, ""trial_recording"": true, ""trial_required_tool_ids"": [7, 35, 37]}"
2026-09-05T10:48:12.722-04:00,arunn,gesture,hover,hover,r2_fasten_first_stand,Row 2.4: fasten right stand,ready,5,45,35,SCREWS,,,,,,,,,,,,,,,,,,,,,,,"{""acquired_tool_ids"": [], ""acquisition_complete"": false, ""completed_steps"": [""r1_bearing_right"", ""r1_bearing_left"", ""r2_gear_rod"", ""r2_bearing_right""], ""head_rotation_deg"": null, ""head_translation_m"": null, ""left_hand_translation_m"": null, ""removed_tool_ids"": [15, 18, 19, 21, 27, 28], ""right_hand_translation_m"": null, ""selected_step"": ""r2_fasten_first_stand"", ""step_attempt"": 5, ""step_elapsed_s"": 10.24506673309952, ""step_event_index"": 45, ""total_hand_translation_m"": null, ""trial_finished_elapsed_s"": null, ""trial_recording"": true, ""trial_required_tool_ids"": [7, 35, 37]}"
2026-09-05T10:48:12.770-04:00,arunn,gesture,tts_queued,lifecycle,r2_fasten_first_stand,Row 2.4: fasten right stand,ready,5,46,,,,10.293008,,,,,,,,,,,,,,,,screw,,,replace_hover,,"{""acquired_tool_ids"": [], ""acquisition_complete"": false, ""completed_steps"": [""r1_bearing_right"", ""r1_bearing_left"", ""r2_gear_rod"", ""r2_bearing_right""], ""head_rotation_deg"": null, ""head_translation_m"": null, ""left_hand_translation_m"": null, ""removed_tool_ids"": [15, 18, 19, 21, 27, 28], ""right_hand_translation_m"": null, ""selected_step"": ""r2_fasten_first_stand"", ""step_attempt"": 5, ""step_elapsed_s"": 10.293019317090511, ""step_event_index"": 46, ""total_hand_translation_m"": null, ""trial_finished_elapsed_s"": null, ""trial_recording"": true, ""trial_required_tool_ids"": [7, 35, 37]}"
2026-09-05T10:48:12.807-04:00,arunn,gesture,tts_finished,lifecycle,r2_fasten_first_stand,Row 2.4: fasten right stand,ready,5,47,,,,10.329893,,,,,,,,,,,,,,,,screw,,,,,"{""acquired_tool_ids"": [], ""acquisition_complete"": false, ""completed_steps"": [""r1_bearing_right"", ""r1_bearing_left"", ""r2_gear_rod"", ""r2_bearing_right""], ""head_rotation_deg"": null, ""head_translation_m"": null, ""left_hand_translation_m"": null, ""removed_tool_ids"": [15, 18, 19, 21, 27, 28], ""right_hand_translation_m"": null, ""selected_step"": ""r2_fasten_first_stand"", ""step_attempt"": 5, ""step_elapsed_s"": 10.329902651021257, ""step_event_index"": 47, ""total_hand_translation_m"": null, ""trial_finished_elapsed_s"": null, ""trial_recording"": true, ""trial_required_tool_ids"": [7, 35, 37]}"
2026-09-05T10:48:12.829-04:00,arunn,gesture,tts_started,lifecycle,r2_fasten_first_stand,Row 2.4: fasten right stand,ready,5,48,,,,10.351863,,,,,,,,,,,,,,,,screw,,,,,"{""acquired_tool_ids"": [], ""acquisition_complete"": false, ""completed_steps"": [""r1_bearing_right"", ""r1_bearing_left"", ""r2_gear_rod"", ""r2_bearing_right""], ""head_rotation_deg"": null, ""head_translation_m"": null, ""left_hand_translation_m"": null, ""removed_tool_ids"": [15, 18, 19, 21, 27, 28], ""right_hand_translation_m"": null, ""selected_step"": ""r2_fasten_first_stand"", ""step_attempt"": 5, ""step_elapsed_s"": 10.351872496074066, ""step_event_index"": 48, ""total_hand_translation_m"": null, ""trial_finished_elapsed_s"": null, ""trial_recording"": true, ""trial_required_tool_ids"": [7, 35, 37]}"
2026-09-05T10:48:13.452-04:00,arunn,gesture,tts_finished,lifecycle,r2_fasten_first_stand,Row 2.4: fasten right stand,ready,5,49,,,,10.975098,,,,,,,,,,,,,,,,screw,,,,,"{""acquired_tool_ids"": [], ""acquisition_complete"": false, ""completed_steps"": [""r1_bearing_right"", ""r1_bearing_left"", ""r2_gear_rod"", ""r2_bearing_right""], ""head_rotation_deg"": null, ""head_translation_m"": null, ""left_hand_translation_m"": null, ""removed_tool_ids"": [15, 18, 19, 21, 27, 28], ""right_hand_translation_m"": null, ""selected_step"": ""r2_fasten_first_stand"", ""step_attempt"": 5, ""step_elapsed_s"": 10.975110596045852, ""step_event_index"": 49, ""total_hand_translation_m"": null, ""trial_finished_elapsed_s"": null, ""trial_recording"": true, ""trial_required_tool_ids"": [7, 35, 37]}"
2026-09-05T10:48:13.491-04:00,arunn,gesture,part_selection,click,r2_fasten_first_stand,Row 2.4: fasten right stand,ready,5,50,35,SCREWS,11.013323,11.013323,,,,,,,,,,,,,,,1,,,,,,"{""acquired_tool_ids"": [35], ""acquisition_complete"": false, ""completed_steps"": [""r1_bearing_right"", ""r1_bearing_left"", ""r2_gear_rod"", ""r2_bearing_right""], ""head_rotation_deg"": null, ""head_translation_m"": null, ""left_hand_translation_m"": null, ""removed_tool_ids"": [15, 18, 19, 21, 27, 28], ""right_hand_translation_m"": null, ""selected_step"": ""r2_fasten_first_stand"", ""step_attempt"": 5, ""step_elapsed_s"": 11.013361981022172, ""step_event_index"": 50, ""total_hand_translation_m"": null, ""trial_finished_elapsed_s"": null, ""trial_recording"": true, ""trial_required_tool_ids"": [7, 35, 37]}"
2026-09-05T10:48:13.507-04:00,arunn,gesture,object_acquired,click,r2_fasten_first_stand,Row 2.4: fasten right stand,ready,5,51,35,SCREWS,11.013323,11.013323,,,,,,,,,,,,,,,1,,,,,,"{""acquired_tool_ids"": [35], ""acquisition_complete"": false, ""completed_steps"": [""r1_bearing_right"", ""r1_bearing_left"", ""r2_gear_rod"", ""r2_bearing_right""], ""head_rotation_deg"": null, ""head_translation_m"": null, ""left_hand_translation_m"": null, ""removed_tool_ids"": [15, 18, 19, 21, 27, 28], ""right_hand_translation_m"": null, ""selected_step"": ""r2_fasten_first_stand"", ""step_attempt"": 5, ""step_elapsed_s"": 11.02999917208217, ""step_event_index"": 51, ""total_hand_translation_m"": null, ""trial_finished_elapsed_s"": null, ""trial_recording"": true, ""trial_required_tool_ids"": [7, 35, 37]}"
2026-09-05T10:48:13.529-04:00,arunn,gesture,tts_queued,lifecycle,r2_fasten_first_stand,Row 2.4: fasten right stand,ready,5,52,,,,11.051538,,,,,,,,,,,,,,,,2 parts left.,,,replace,,"{""acquired_tool_ids"": [35], ""acquisition_complete"": false, ""completed_steps"": [""r1_bearing_right"", ""r1_bearing_left"", ""r2_gear_rod"", ""r2_bearing_right""], ""head_rotation_deg"": null, ""head_translation_m"": null, ""left_hand_translation_m"": null, ""removed_tool_ids"": [15, 18, 19, 21, 27, 28], ""right_hand_translation_m"": null, ""selected_step"": ""r2_fasten_first_stand"", ""step_attempt"": 5, ""step_elapsed_s"": 11.051546542090364, ""step_event_index"": 52, ""total_hand_translation_m"": null, ""trial_finished_elapsed_s"": null, ""trial_recording"": true, ""trial_required_tool_ids"": [7, 35, 37]}"
2026-09-05T10:48:13.547-04:00,arunn,gesture,tts_started,lifecycle,r2_fasten_first_stand,Row 2.4: fasten right stand,ready,5,53,,,,11.070171,,,,,,,,,,,,,,,,2 parts left.,,,,,"{""acquired_tool_ids"": [35], ""acquisition_complete"": false, ""completed_steps"": [""r1_bearing_right"", ""r1_bearing_left"", ""r2_gear_rod"", ""r2_bearing_right""], ""head_rotation_deg"": null, ""head_translation_m"": null, ""left_hand_translation_m"": null, ""removed_tool_ids"": [15, 18, 19, 21, 27, 28], ""right_hand_translation_m"": null, ""selected_step"": ""r2_fasten_first_stand"", ""step_attempt"": 5, ""step_elapsed_s"": 11.070181687013246, ""step_event_index"": 53, ""total_hand_translation_m"": null, ""trial_finished_elapsed_s"": null, ""trial_recording"": true, ""trial_required_tool_ids"": [7, 35, 37]}"
2026-09-05T10:48:14.617-04:00,arunn,gesture,tts_finished,lifecycle,r2_fasten_first_stand,Row 2.4: fasten right stand,ready,5,54,,,,12.140044,,,,,,,,,,,,,,,,2 parts left.,,,,,"{""acquired_tool_ids"": [35], ""acquisition_complete"": false, ""completed_steps"": [""r1_bearing_right"", ""r1_bearing_left"", ""r2_gear_rod"", ""r2_bearing_right""], ""head_rotation_deg"": null, ""head_translation_m"": null, ""left_hand_translation_m"": null, ""removed_tool_ids"": [15, 18, 19, 21, 27, 28], ""right_hand_translation_m"": null, ""selected_step"": ""r2_fasten_first_stand"", ""step_attempt"": 5, ""step_elapsed_s"": 12.140057159005664, ""step_event_index"": 54, ""total_hand_translation_m"": null, ""trial_finished_elapsed_s"": null, ""trial_recording"": true, ""trial_required_tool_ids"": [7, 35, 37]}"
2026-09-05T10:48:15.124-04:00,arunn,gesture,hover,hover,r2_fasten_first_stand,Row 2.4: fasten right stand,ready,5,55,20,GEAR_STAND_ROW2_LEFT,,,,,,,,,,,,,,,,,,,,,,,"{""acquired_tool_ids"": [35], ""acquisition_complete"": false, ""completed_steps"": [""r1_bearing_right"", ""r1_bearing_left"", ""r2_gear_rod"", ""r2_bearing_right""], ""head_rotation_deg"": null, ""head_translation_m"": null, ""left_hand_translation_m"": null, ""removed_tool_ids"": [15, 18, 19, 21, 27, 28], ""right_hand_translation_m"": null, ""selected_step"": ""r2_fasten_first_stand"", ""step_attempt"": 5, ""step_elapsed_s"": 12.64702566107735, ""step_event_index"": 55, ""total_hand_translation_m"": null, ""trial_finished_elapsed_s"": null, ""trial_recording"": true, ""trial_required_tool_ids"": [7, 35, 37]}"
2026-09-05T10:48:15.197-04:00,arunn,gesture,tts_queued,lifecycle,r2_fasten_first_stand,Row 2.4: fasten right stand,ready,5,56,,,,12.719381,,,,,,,,,,,,,,,,Row 2 left stand,,,replace_hover,,"{""acquired_tool_ids"": [35], ""acquisition_complete"": false, ""completed_steps"": [""r1_bearing_right"", ""r1_bearing_left"", ""r2_gear_rod"", ""r2_bearing_right""], ""head_rotation_deg"": null, ""head_translation_m"": null, ""left_hand_translation_m"": null, ""removed_tool_ids"": [15, 18, 19, 21, 27, 28], ""right_hand_translation_m"": null, ""selected_step"": ""r2_fasten_first_stand"", ""step_attempt"": 5, ""step_elapsed_s"": 12.719399038003758, ""step_event_index"": 56, ""total_hand_translation_m"": null, ""trial_finished_elapsed_s"": null, ""trial_recording"": true, ""trial_required_tool_ids"": [7, 35, 37]}"
2026-09-05T10:48:15.250-04:00,arunn,gesture,hover,hover,r2_fasten_first_stand,Row 2.4: fasten right stand,ready,5,57,23,GEAR_STAND_ROW3_RIGHT,,,,,,,,,,,,,,,,,,,,,,,"{""acquired_tool_ids"": [35], ""acquisition_complete"": false, ""completed_steps"": [""r1_bearing_right"", ""r1_bearing_left"", ""r2_gear_rod"", ""r2_bearing_right""], ""head_rotation_deg"": null, ""head_translation_m"": null, ""left_hand_translation_m"": null, ""removed_tool_ids"": [15, 18, 19, 21, 27, 28], ""right_hand_translation_m"": null, ""selected_step"": ""r2_fasten_first_stand"", ""step_attempt"": 5, ""step_elapsed_s"": 12.773249771096744, ""step_event_index"": 57, ""total_hand_translation_m"": null, ""trial_finished_elapsed_s"": null, ""trial_recording"": true, ""trial_required_tool_ids"": [7, 35, 37]}"
2026-09-05T10:48:15.272-04:00,arunn,gesture,tts_queued,lifecycle,r2_fasten_first_stand,Row 2.4: fasten right stand,ready,5,58,,,,12.794550,,,,,,,,,,,,,,,,Row 3 right stand,,,replace_hover,,"{""acquired_tool_ids"": [35], ""acquisition_complete"": false, ""completed_steps"": [""r1_bearing_right"", ""r1_bearing_left"", ""r2_gear_rod"", ""r2_bearing_right""], ""head_rotation_deg"": null, ""head_translation_m"": null, ""left_hand_translation_m"": null, ""removed_tool_ids"": [15, 18, 19, 21, 27, 28], ""right_hand_translation_m"": null, ""selected_step"": ""r2_fasten_first_stand"", ""step_attempt"": 5, ""step_elapsed_s"": 12.794564222102053, ""step_event_index"": 58, ""total_hand_translation_m"": null, ""trial_finished_elapsed_s"": null, ""trial_recording"": true, ""trial_required_tool_ids"": [7, 35, 37]}"
2026-09-05T10:48:15.310-04:00,arunn,gesture,tts_started,lifecycle,r2_fasten_first_stand,Row 2.4: fasten right stand,ready,5,59,,,,12.832728,,,,,,,,,,,,,,,,Row 2 left stand,,,,,"{""acquired_tool_ids"": [35], ""acquisition_complete"": false, ""completed_steps"": [""r1_bearing_right"", ""r1_bearing_left"", ""r2_gear_rod"", ""r2_bearing_right""], ""head_rotation_deg"": null, ""head_translation_m"": null, ""left_hand_translation_m"": null, ""removed_tool_ids"": [15, 18, 19, 21, 27, 28], ""right_hand_translation_m"": null, ""selected_step"": ""r2_fasten_first_stand"", ""step_attempt"": 5, ""step_elapsed_s"": 12.832741414080374, ""step_event_index"": 59, ""total_hand_translation_m"": null, ""trial_finished_elapsed_s"": null, ""trial_recording"": true, ""trial_required_tool_ids"": [7, 35, 37]}"
2026-09-05T10:48:15.346-04:00,arunn,gesture,tts_interrupted,lifecycle,r2_fasten_first_stand,Row 2.4: fasten right stand,ready,5,60,,,,12.868604,,,,,,,,,,,,,,,,Row 2 left stand,,,,,"{""acquired_tool_ids"": [35], ""acquisition_complete"": false, ""completed_steps"": [""r1_bearing_right"", ""r1_bearing_left"", ""r2_gear_rod"", ""r2_bearing_right""], ""head_rotation_deg"": null, ""head_translation_m"": null, ""left_hand_translation_m"": null, ""removed_tool_ids"": [15, 18, 19, 21, 27, 28], ""right_hand_translation_m"": null, ""selected_step"": ""r2_fasten_first_stand"", ""step_attempt"": 5, ""step_elapsed_s"": 12.86861496209167, ""step_event_index"": 60, ""total_hand_translation_m"": null, ""trial_finished_elapsed_s"": null, ""trial_recording"": true, ""trial_required_tool_ids"": [7, 35, 37]}"
2026-09-05T10:48:15.382-04:00,arunn,gesture,tts_started,lifecycle,r2_fasten_first_stand,Row 2.4: fasten right stand,ready,5,61,,,,12.904806,,,,,,,,,,,,,,,,Row 3 right stand,,,,,"{""acquired_tool_ids"": [35], ""acquisition_complete"": false, ""completed_steps"": [""r1_bearing_right"", ""r1_bearing_left"", ""r2_gear_rod"", ""r2_bearing_right""], ""head_rotation_deg"": null, ""head_translation_m"": null, ""left_hand_translation_m"": null, ""removed_tool_ids"": [15, 18, 19, 21, 27, 28], ""right_hand_translation_m"": null, ""selected_step"": ""r2_fasten_first_stand"", ""step_attempt"": 5, ""step_elapsed_s"": 12.90481452504173, ""step_event_index"": 61, ""total_hand_translation_m"": null, ""trial_finished_elapsed_s"": null, ""trial_recording"": true, ""trial_required_tool_ids"": [7, 35, 37]}"
2026-09-05T10:48:15.914-04:00,arunn,gesture,hover,hover,r2_fasten_first_stand,Row 2.4: fasten right stand,ready,5,62,7,BIT_SCREWDRIVER,,,,,,,,,,,,,,,,,,,,,,,"{""acquired_tool_ids"": [35], ""acquisition_complete"": false, ""completed_steps"": [""r1_bearing_right"", ""r1_bearing_left"", ""r2_gear_rod"", ""r2_bearing_right""], ""head_rotation_deg"": null, ""head_translation_m"": null, ""left_hand_translation_m"": null, ""removed_tool_ids"": [15, 18, 19, 21, 27, 28], ""right_hand_translation_m"": null, ""selected_step"": ""r2_fasten_first_stand"", ""step_attempt"": 5, ""step_elapsed_s"": 13.437197298044339, ""step_event_index"": 62, ""total_hand_translation_m"": null, ""trial_finished_elapsed_s"": null, ""trial_recording"": true, ""trial_required_tool_ids"": [7, 35, 37]}"
2026-09-05T10:48:15.936-04:00,arunn,gesture,tts_queued,lifecycle,r2_fasten_first_stand,Row 2.4: fasten right stand,ready,5,63,,,,13.458688,,,,,,,,,,,,,,,,interchangeable-bit screwdriver,,,replace_hover,,"{""acquired_tool_ids"": [35], ""acquisition_complete"": false, ""completed_steps"": [""r1_bearing_right"", ""r1_bearing_left"", ""r2_gear_rod"", ""r2_bearing_right""], ""head_rotation_deg"": null, ""head_translation_m"": null, ""left_hand_translation_m"": null, ""removed_tool_ids"": [15, 18, 19, 21, 27, 28], ""right_hand_translation_m"": null, ""selected_step"": ""r2_fasten_first_stand"", ""step_attempt"": 5, ""step_elapsed_s"": 13.458710214006715, ""step_event_index"": 63, ""total_hand_translation_m"": null, ""trial_finished_elapsed_s"": null, ""trial_recording"": true, ""trial_required_tool_ids"": [7, 35, 37]}"
2026-09-05T10:48:15.986-04:00,arunn,gesture,tts_finished,lifecycle,r2_fasten_first_stand,Row 2.4: fasten right stand,ready,5,64,,,,13.508685,,,,,,,,,,,,,,,,Row 3 right stand,,,,,"{""acquired_tool_ids"": [35], ""acquisition_complete"": false, ""completed_steps"": [""r1_bearing_right"", ""r1_bearing_left"", ""r2_gear_rod"", ""r2_bearing_right""], ""head_rotation_deg"": null, ""head_translation_m"": null, ""left_hand_translation_m"": null, ""removed_tool_ids"": [15, 18, 19, 21, 27, 28], ""right_hand_translation_m"": null, ""selected_step"": ""r2_fasten_first_stand"", ""step_attempt"": 5, ""step_elapsed_s"": 13.508695418015122, ""step_event_index"": 64, ""total_hand_translation_m"": null, ""trial_finished_elapsed_s"": null, ""trial_recording"": true, ""trial_required_tool_ids"": [7, 35, 37]}"
2026-09-05T10:48:16.033-04:00,arunn,gesture,tts_started,lifecycle,r2_fasten_first_stand,Row 2.4: fasten right stand,ready,5,65,,,,13.555875,,,,,,,,,,,,,,,,interchangeable-bit screwdriver,,,,,"{""acquired_tool_ids"": [35], ""acquisition_complete"": false, ""completed_steps"": [""r1_bearing_right"", ""r1_bearing_left"", ""r2_gear_rod"", ""r2_bearing_right""], ""head_rotation_deg"": null, ""head_translation_m"": null, ""left_hand_translation_m"": null, ""removed_tool_ids"": [15, 18, 19, 21, 27, 28], ""right_hand_translation_m"": null, ""selected_step"": ""r2_fasten_first_stand"", ""step_attempt"": 5, ""step_elapsed_s"": 13.555886599002406, ""step_event_index"": 65, ""total_hand_translation_m"": null, ""trial_finished_elapsed_s"": null, ""trial_recording"": true, ""trial_required_tool_ids"": [7, 35, 37]}"
2026-09-05T10:48:17.770-04:00,arunn,gesture,part_selection,click,r2_fasten_first_stand,Row 2.4: fasten right stand,ready,5,66,7,BIT_SCREWDRIVER,4.279496,15.292819,,,,,,,,,,,,,,,1,,,,,,"{""acquired_tool_ids"": [7, 35], ""acquisition_complete"": false, ""completed_steps"": [""r1_bearing_right"", ""r1_bearing_left"", ""r2_gear_rod"", ""r2_bearing_right""], ""head_rotation_deg"": null, ""head_translation_m"": null, ""left_hand_translation_m"": null, ""removed_tool_ids"": [15, 18, 19, 21, 27, 28], ""right_hand_translation_m"": null, ""selected_step"": ""r2_fasten_first_stand"", ""step_attempt"": 5, ""step_elapsed_s"": 15.292861634050496, ""step_event_index"": 66, ""total_hand_translation_m"": null, ""trial_finished_elapsed_s"": null, ""trial_recording"": true, ""trial_required_tool_ids"": [7, 35, 37]}"
2026-09-05T10:48:17.825-04:00,arunn,gesture,object_acquired,click,r2_fasten_first_stand,Row 2.4: fasten right stand,ready,5,67,7,BIT_SCREWDRIVER,4.279496,15.292819,,,,,,,,,,,,,,,1,,,,,,"{""acquired_tool_ids"": [7, 35], ""acquisition_complete"": false, ""completed_steps"": [""r1_bearing_right"", ""r1_bearing_left"", ""r2_gear_rod"", ""r2_bearing_right""], ""head_rotation_deg"": null, ""head_translation_m"": null, ""left_hand_translation_m"": null, ""removed_tool_ids"": [15, 18, 19, 21, 27, 28], ""right_hand_translation_m"": null, ""selected_step"": ""r2_fasten_first_stand"", ""step_attempt"": 5, ""step_elapsed_s"": 15.347547539044172, ""step_event_index"": 67, ""total_hand_translation_m"": null, ""trial_finished_elapsed_s"": null, ""trial_recording"": true, ""trial_required_tool_ids"": [7, 35, 37]}"
2026-09-05T10:48:17.854-04:00,arunn,gesture,tts_queued,lifecycle,r2_fasten_first_stand,Row 2.4: fasten right stand,ready,5,68,,,,15.377264,,,,,,,,,,,,,,,,1 part left.,,,replace,,"{""acquired_tool_ids"": [7, 35], ""acquisition_complete"": false, ""completed_steps"": [""r1_bearing_right"", ""r1_bearing_left"", ""r2_gear_rod"", ""r2_bearing_right""], ""head_rotation_deg"": null, ""head_translation_m"": null, ""left_hand_translation_m"": null, ""removed_tool_ids"": [15, 18, 19, 21, 27, 28], ""right_hand_translation_m"": null, ""selected_step"": ""r2_fasten_first_stand"", ""step_attempt"": 5, ""step_elapsed_s"": 15.377298255101778, ""step_event_index"": 68, ""total_hand_translation_m"": null, ""trial_finished_elapsed_s"": null, ""trial_recording"": true, ""trial_required_tool_ids"": [7, 35, 37]}"
2026-09-05T10:48:17.890-04:00,arunn,gesture,tts_finished,lifecycle,r2_fasten_first_stand,Row 2.4: fasten right stand,ready,5,69,,,,15.412654,,,,,,,,,,,,,,,,interchangeable-bit screwdriver,,,,,"{""acquired_tool_ids"": [7, 35], ""acquisition_complete"": false, ""completed_steps"": [""r1_bearing_right"", ""r1_bearing_left"", ""r2_gear_rod"", ""r2_bearing_right""], ""head_rotation_deg"": null, ""head_translation_m"": null, ""left_hand_translation_m"": null, ""removed_tool_ids"": [15, 18, 19, 21, 27, 28], ""right_hand_translation_m"": null, ""selected_step"": ""r2_fasten_first_stand"", ""step_attempt"": 5, ""step_elapsed_s"": 15.412669547018595, ""step_event_index"": 69, ""total_hand_translation_m"": null, ""trial_finished_elapsed_s"": null, ""trial_recording"": true, ""trial_required_tool_ids"": [7, 35, 37]}"
2026-09-05T10:48:17.923-04:00,arunn,gesture,tts_started,lifecycle,r2_fasten_first_stand,Row 2.4: fasten right stand,ready,5,70,,,,15.445778,,,,,,,,,,,,,,,,1 part left.,,,,,"{""acquired_tool_ids"": [7, 35], ""acquisition_complete"": false, ""completed_steps"": [""r1_bearing_right"", ""r1_bearing_left"", ""r2_gear_rod"", ""r2_bearing_right""], ""head_rotation_deg"": null, ""head_translation_m"": null, ""left_hand_translation_m"": null, ""removed_tool_ids"": [15, 18, 19, 21, 27, 28], ""right_hand_translation_m"": null, ""selected_step"": ""r2_fasten_first_stand"", ""step_attempt"": 5, ""step_elapsed_s"": 15.445802950067446, ""step_event_index"": 70, ""total_hand_translation_m"": null, ""trial_finished_elapsed_s"": null, ""trial_recording"": true, ""trial_required_tool_ids"": [7, 35, 37]}"
2026-09-05T10:48:18.633-04:00,arunn,gesture,hover,hover,r2_fasten_first_stand,Row 2.4: fasten right stand,ready,5,71,10,PHILIPS_SCREWDRIVER,,,,,,,,,,,,,,,,,,,,,,,"{""acquired_tool_ids"": [7, 35], ""acquisition_complete"": false, ""completed_steps"": [""r1_bearing_right"", ""r1_bearing_left"", ""r2_gear_rod"", ""r2_bearing_right""], ""head_rotation_deg"": null, ""head_translation_m"": null, ""left_hand_translation_m"": null, ""removed_tool_ids"": [15, 18, 19, 21, 27, 28], ""right_hand_translation_m"": null, ""selected_step"": ""r2_fasten_first_stand"", ""step_attempt"": 5, ""step_elapsed_s"": 16.156010331003927, ""step_event_index"": 71, ""total_hand_translation_m"": null, ""trial_finished_elapsed_s"": null, ""trial_recording"": true, ""trial_required_tool_ids"": [7, 35, 37]}"
2026-09-05T10:48:18.686-04:00,arunn,gesture,tts_queued,lifecycle,r2_fasten_first_stand,Row 2.4: fasten right stand,ready,5,72,,,,16.209223,,,,,,,,,,,,,,,,phillips screwdriver,,,replace_hover,,"{""acquired_tool_ids"": [7, 35], ""acquisition_complete"": false, ""completed_steps"": [""r1_bearing_right"", ""r1_bearing_left"", ""r2_gear_rod"", ""r2_bearing_right""], ""head_rotation_deg"": null, ""head_translation_m"": null, ""left_hand_translation_m"": null, ""removed_tool_ids"": [15, 18, 19, 21, 27, 28], ""right_hand_translation_m"": null, ""selected_step"": ""r2_fasten_first_stand"", ""step_attempt"": 5, ""step_elapsed_s"": 16.209232975030318, ""step_event_index"": 72, ""total_hand_translation_m"": null, ""trial_finished_elapsed_s"": null, ""trial_recording"": true, ""trial_required_tool_ids"": [7, 35, 37]}"
2026-09-05T10:48:18.726-04:00,arunn,gesture,tts_finished,lifecycle,r2_fasten_first_stand,Row 2.4: fasten right stand,ready,5,73,,,,16.248469,,,,,,,,,,,,,,,,1 part left.,,,,,"{""acquired_tool_ids"": [7, 35], ""acquisition_complete"": false, ""completed_steps"": [""r1_bearing_right"", ""r1_bearing_left"", ""r2_gear_rod"", ""r2_bearing_right""], ""head_rotation_deg"": null, ""head_translation_m"": null, ""left_hand_translation_m"": null, ""removed_tool_ids"": [15, 18, 19, 21, 27, 28], ""right_hand_translation_m"": null, ""selected_step"": ""r2_fasten_first_stand"", ""step_attempt"": 5, ""step_elapsed_s"": 16.24848158203531, ""step_event_index"": 73, ""total_hand_translation_m"": null, ""trial_finished_elapsed_s"": null, ""trial_recording"": true, ""trial_required_tool_ids"": [7, 35, 37]}"
2026-09-05T10:48:18.742-04:00,arunn,gesture,tts_started,lifecycle,r2_fasten_first_stand,Row 2.4: fasten right stand,ready,5,74,,,,16.265039,,,,,,,,,,,,,,,,phillips screwdriver,,,,,"{""acquired_tool_ids"": [7, 35], ""acquisition_complete"": false, ""completed_steps"": [""r1_bearing_right"", ""r1_bearing_left"", ""r2_gear_rod"", ""r2_bearing_right""], ""head_rotation_deg"": null, ""head_translation_m"": null, ""left_hand_translation_m"": null, ""removed_tool_ids"": [15, 18, 19, 21, 27, 28], ""right_hand_translation_m"": null, ""selected_step"": ""r2_fasten_first_stand"", ""step_attempt"": 5, ""step_elapsed_s"": 16.265047971042804, ""step_event_index"": 74, ""total_hand_translation_m"": null, ""trial_finished_elapsed_s"": null, ""trial_recording"": true, ""trial_required_tool_ids"": [7, 35, 37]}"
2026-09-05T10:48:18.767-04:00,arunn,gesture,hover,hover,r2_fasten_first_stand,Row 2.4: fasten right stand,ready,5,75,11,FLATHEAD_SCREWDRIVER,,,,,,,,,,,,,,,,,,,,,,,"{""acquired_tool_ids"": [7, 35], ""acquisition_complete"": false, ""completed_steps"": [""r1_bearing_right"", ""r1_bearing_left"", ""r2_gear_rod"", ""r2_bearing_right""], ""head_rotation_deg"": null, ""head_translation_m"": null, ""left_hand_translation_m"": null, ""removed_tool_ids"": [15, 18, 19, 21, 27, 28], ""right_hand_translation_m"": null, ""selected_step"": ""r2_fasten_first_stand"", ""step_attempt"": 5, ""step_elapsed_s"": 16.290111167007126, ""step_event_index"": 75, ""total_hand_translation_m"": null, ""trial_finished_elapsed_s"": null, ""trial_recording"": true, ""trial_required_tool_ids"": [7, 35, 37]}"
2026-09-05T10:48:18.779-04:00,arunn,gesture,tts_queued,lifecycle,r2_fasten_first_stand,Row 2.4: fasten right stand,ready,5,76,,,,16.301682,,,,,,,,,,,,,,,,part,,,replace_hover,,"{""acquired_tool_ids"": [7, 35], ""acquisition_complete"": false, ""completed_steps"": [""r1_bearing_right"", ""r1_bearing_left"", ""r2_gear_rod"", ""r2_bearing_right""], ""head_rotation_deg"": null, ""head_translation_m"": null, ""left_hand_translation_m"": null, ""removed_tool_ids"": [15, 18, 19, 21, 27, 28], ""right_hand_translation_m"": null, ""selected_step"": ""r2_fasten_first_stand"", ""step_attempt"": 5, ""step_elapsed_s"": 16.301693196059205, ""step_event_index"": 76, ""total_hand_translation_m"": null, ""trial_finished_elapsed_s"": null, ""trial_recording"": true, ""trial_required_tool_ids"": [7, 35, 37]}"
2026-09-05T10:48:18.818-04:00,arunn,gesture,tts_finished,lifecycle,r2_fasten_first_stand,Row 2.4: fasten right stand,ready,5,77,,,,16.341225,,,,,,,,,,,,,,,,phillips screwdriver,,,,,"{""acquired_tool_ids"": [7, 35], ""acquisition_complete"": false, ""completed_steps"": [""r1_bearing_right"", ""r1_bearing_left"", ""r2_gear_rod"", ""r2_bearing_right""], ""head_rotation_deg"": null, ""head_translation_m"": null, ""left_hand_translation_m"": null, ""removed_tool_ids"": [15, 18, 19, 21, 27, 28], ""right_hand_translation_m"": null, ""selected_step"": ""r2_fasten_first_stand"", ""step_attempt"": 5, ""step_elapsed_s"": 16.34123715001624, ""step_event_index"": 77, ""total_hand_translation_m"": null, ""trial_finished_elapsed_s"": null, ""trial_recording"": true, ""trial_required_tool_ids"": [7, 35, 37]}"
2026-09-05T10:48:18.840-04:00,arunn,gesture,tts_started,lifecycle,r2_fasten_first_stand,Row 2.4: fasten right stand,ready,5,78,,,,16.362532,,,,,,,,,,,,,,,,part,,,,,"{""acquired_tool_ids"": [7, 35], ""acquisition_complete"": false, ""completed_steps"": [""r1_bearing_right"", ""r1_bearing_left"", ""r2_gear_rod"", ""r2_bearing_right""], ""head_rotation_deg"": null, ""head_translation_m"": null, ""left_hand_translation_m"": null, ""removed_tool_ids"": [15, 18, 19, 21, 27, 28], ""right_hand_translation_m"": null, ""selected_step"": ""r2_fasten_first_stand"", ""step_attempt"": 5, ""step_elapsed_s"": 16.36254240910057, ""step_event_index"": 78, ""total_hand_translation_m"": null, ""trial_finished_elapsed_s"": null, ""trial_recording"": true, ""trial_required_tool_ids"": [7, 35, 37]}"
2026-09-05T10:48:18.906-04:00,arunn,gesture,hover,hover,r2_fasten_first_stand,Row 2.4: fasten right stand,ready,5,79,13,MAGNET_POLE_CHECKER,,,,,,,,,,,,,,,,,,,,,,,"{""acquired_tool_ids"": [7, 35], ""acquisition_complete"": false, ""completed_steps"": [""r1_bearing_right"", ""r1_bearing_left"", ""r2_gear_rod"", ""r2_bearing_right""], ""head_rotation_deg"": null, ""head_translation_m"": null, ""left_hand_translation_m"": null, ""removed_tool_ids"": [15, 18, 19, 21, 27, 28], ""right_hand_translation_m"": null, ""selected_step"": ""r2_fasten_first_stand"", ""step_attempt"": 5, ""step_elapsed_s"": 16.42884822608903, ""step_event_index"": 79, ""total_hand_translation_m"": null, ""trial_finished_elapsed_s"": null, ""trial_recording"": true, ""trial_required_tool_ids"": [7, 35, 37]}"
2026-09-05T10:48:18.944-04:00,arunn,gesture,tts_queued,lifecycle,r2_fasten_first_stand,Row 2.4: fasten right stand,ready,5,80,,,,16.466390,,,,,,,,,,,,,,,,part,,,replace_hover,,"{""acquired_tool_ids"": [7, 35], ""acquisition_complete"": false, ""completed_steps"": [""r1_bearing_right"", ""r1_bearing_left"", ""r2_gear_rod"", ""r2_bearing_right""], ""head_rotation_deg"": null, ""head_translation_m"": null, ""left_hand_translation_m"": null, ""removed_tool_ids"": [15, 18, 19, 21, 27, 28], ""right_hand_translation_m"": null, ""selected_step"": ""r2_fasten_first_stand"", ""step_attempt"": 5, ""step_elapsed_s"": 16.4664019230986, ""step_event_index"": 80, ""total_hand_translation_m"": null, ""trial_finished_elapsed_s"": null, ""trial_recording"": true, ""trial_required_tool_ids"": [7, 35, 37]}"
2026-09-05T10:48:18.992-04:00,arunn,gesture,tts_finished,lifecycle,r2_fasten_first_stand,Row 2.4: fasten right stand,ready,5,81,,,,16.515308,,,,,,,,,,,,,,,,part,,,,,"{""acquired_tool_ids"": [7, 35], ""acquisition_complete"": false, ""completed_steps"": [""r1_bearing_right"", ""r1_bearing_left"", ""r2_gear_rod"", ""r2_bearing_right""], ""head_rotation_deg"": null, ""head_translation_m"": null, ""left_hand_translation_m"": null, ""removed_tool_ids"": [15, 18, 19, 21, 27, 28], ""right_hand_translation_m"": null, ""selected_step"": ""r2_fasten_first_stand"", ""step_attempt"": 5, ""step_elapsed_s"": 16.515322198043577, ""step_event_index"": 81, ""total_hand_translation_m"": null, ""trial_finished_elapsed_s"": null, ""trial_recording"": true, ""trial_required_tool_ids"": [7, 35, 37]}"
2026-09-05T10:48:19.064-04:00,arunn,gesture,tts_started,lifecycle,r2_fasten_first_stand,Row 2.4: fasten right stand,ready,5,82,,,,16.587244,,,,,,,,,,,,,,,,part,,,,,"{""acquired_tool_ids"": [7, 35], ""acquisition_complete"": false, ""completed_steps"": [""r1_bearing_right"", ""r1_bearing_left"", ""r2_gear_rod"", ""r2_bearing_right""], ""head_rotation_deg"": null, ""head_translation_m"": null, ""left_hand_translation_m"": null, ""removed_tool_ids"": [15, 18, 19, 21, 27, 28], ""right_hand_translation_m"": null, ""selected_step"": ""r2_fasten_first_stand"", ""step_attempt"": 5, ""step_elapsed_s"": 16.587260253028944, ""step_event_index"": 82, ""total_hand_translation_m"": null, ""trial_finished_elapsed_s"": null, ""trial_recording"": true, ""trial_required_tool_ids"": [7, 35, 37]}"
2026-09-05T10:48:19.470-04:00,arunn,gesture,tts_finished,lifecycle,r2_fasten_first_stand,Row 2.4: fasten right stand,ready,5,83,,,,16.992784,,,,,,,,,,,,,,,,part,,,,,"{""acquired_tool_ids"": [7, 35], ""acquisition_complete"": false, ""completed_steps"": [""r1_bearing_right"", ""r1_bearing_left"", ""r2_gear_rod"", ""r2_bearing_right""], ""head_rotation_deg"": null, ""head_translation_m"": null, ""left_hand_translation_m"": null, ""removed_tool_ids"": [15, 18, 19, 21, 27, 28], ""right_hand_translation_m"": null, ""selected_step"": ""r2_fasten_first_stand"", ""step_attempt"": 5, ""step_elapsed_s"": 16.992796652019024, ""step_event_index"": 83, ""total_hand_translation_m"": null, ""trial_finished_elapsed_s"": null, ""trial_recording"": true, ""trial_required_tool_ids"": [7, 35, 37]}"
2026-09-05T10:48:19.832-04:00,arunn,gesture,hover,hover,r2_fasten_first_stand,Row 2.4: fasten right stand,ready,5,84,37,BITHOLDER2,,,,,,,,,,,,,,,,,,,,,,,"{""acquired_tool_ids"": [7, 35], ""acquisition_complete"": false, ""completed_steps"": [""r1_bearing_right"", ""r1_bearing_left"", ""r2_gear_rod"", ""r2_bearing_right""], ""head_rotation_deg"": null, ""head_translation_m"": null, ""left_hand_translation_m"": null, ""removed_tool_ids"": [15, 18, 19, 21, 27, 28], ""right_hand_translation_m"": null, ""selected_step"": ""r2_fasten_first_stand"", ""step_attempt"": 5, ""step_elapsed_s"": 17.35454806801863, ""step_event_index"": 84, ""total_hand_translation_m"": null, ""trial_finished_elapsed_s"": null, ""trial_recording"": true, ""trial_required_tool_ids"": [7, 35, 37]}"
2026-09-05T10:48:19.886-04:00,arunn,gesture,tts_queued,lifecycle,r2_fasten_first_stand,Row 2.4: fasten right stand,ready,5,85,,,,17.409282,,,,,,,,,,,,,,,,bit holder2,,,replace_hover,,"{""acquired_tool_ids"": [7, 35], ""acquisition_complete"": false, ""completed_steps"": [""r1_bearing_right"", ""r1_bearing_left"", ""r2_gear_rod"", ""r2_bearing_right""], ""head_rotation_deg"": null, ""head_translation_m"": null, ""left_hand_translation_m"": null, ""removed_tool_ids"": [15, 18, 19, 21, 27, 28], ""right_hand_translation_m"": null, ""selected_step"": ""r2_fasten_first_stand"", ""step_attempt"": 5, ""step_elapsed_s"": 17.409294011071324, ""step_event_index"": 85, ""total_hand_translation_m"": null, ""trial_finished_elapsed_s"": null, ""trial_recording"": true, ""trial_required_tool_ids"": [7, 35, 37]}"
2026-09-05T10:48:19.958-04:00,arunn,gesture,tts_started,lifecycle,r2_fasten_first_stand,Row 2.4: fasten right stand,ready,5,86,,,,17.480829,,,,,,,,,,,,,,,,bit holder2,,,,,"{""acquired_tool_ids"": [7, 35], ""acquisition_complete"": false, ""completed_steps"": [""r1_bearing_right"", ""r1_bearing_left"", ""r2_gear_rod"", ""r2_bearing_right""], ""head_rotation_deg"": null, ""head_translation_m"": null, ""left_hand_translation_m"": null, ""removed_tool_ids"": [15, 18, 19, 21, 27, 28], ""right_hand_translation_m"": null, ""selected_step"": ""r2_fasten_first_stand"", ""step_attempt"": 5, ""step_elapsed_s"": 17.480848436011, ""step_event_index"": 86, ""total_hand_translation_m"": null, ""trial_finished_elapsed_s"": null, ""trial_recording"": true, ""trial_required_tool_ids"": [7, 35, 37]}"
2026-09-05T10:48:21.236-04:00,arunn,gesture,tts_finished,lifecycle,r2_fasten_first_stand,Row 2.4: fasten right stand,ready,5,87,,,,18.758600,,,,,,,,,,,,,,,,bit holder2,,,,,"{""acquired_tool_ids"": [7, 35], ""acquisition_complete"": false, ""completed_steps"": [""r1_bearing_right"", ""r1_bearing_left"", ""r2_gear_rod"", ""r2_bearing_right""], ""head_rotation_deg"": null, ""head_translation_m"": null, ""left_hand_translation_m"": null, ""removed_tool_ids"": [15, 18, 19, 21, 27, 28], ""right_hand_translation_m"": null, ""selected_step"": ""r2_fasten_first_stand"", ""step_attempt"": 5, ""step_elapsed_s"": 18.758614299003966, ""step_event_index"": 87, ""total_hand_translation_m"": null, ""trial_finished_elapsed_s"": null, ""trial_recording"": true, ""trial_required_tool_ids"": [7, 35, 37]}"
2026-09-05T10:48:22.618-04:00,arunn,gesture,hover,hover,r2_fasten_first_stand,Row 2.4: fasten right stand,ready,5,88,13,MAGNET_POLE_CHECKER,,,,,,,,,,,,,,,,,,,,,,,"{""acquired_tool_ids"": [7, 35], ""acquisition_complete"": false, ""completed_steps"": [""r1_bearing_right"", ""r1_bearing_left"", ""r2_gear_rod"", ""r2_bearing_right""], ""head_rotation_deg"": null, ""head_translation_m"": null, ""left_hand_translation_m"": null, ""removed_tool_ids"": [15, 18, 19, 21, 27, 28], ""right_hand_translation_m"": null, ""selected_step"": ""r2_fasten_first_stand"", ""step_attempt"": 5, ""step_elapsed_s"": 20.140978047042154, ""step_event_index"": 88, ""total_hand_translation_m"": null, ""trial_finished_elapsed_s"": null, ""trial_recording"": true, ""trial_required_tool_ids"": [7, 35, 37]}"
2026-09-05T10:48:22.673-04:00,arunn,gesture,tts_queued,lifecycle,r2_fasten_first_stand,Row 2.4: fasten right stand,ready,5,89,,,,20.196066,,,,,,,,,,,,,,,,part,,,replace_hover,,"{""acquired_tool_ids"": [7, 35], ""acquisition_complete"": false, ""completed_steps"": [""r1_bearing_right"", ""r1_bearing_left"", ""r2_gear_rod"", ""r2_bearing_right""], ""head_rotation_deg"": null, ""head_translation_m"": null, ""left_hand_translation_m"": null, ""removed_tool_ids"": [15, 18, 19, 21, 27, 28], ""right_hand_translation_m"": null, ""selected_step"": ""r2_fasten_first_stand"", ""step_attempt"": 5, ""step_elapsed_s"": 20.19608385907486, ""step_event_index"": 89, ""total_hand_translation_m"": null, ""trial_finished_elapsed_s"": null, ""trial_recording"": true, ""trial_required_tool_ids"": [7, 35, 37]}"
2026-09-05T10:48:22.719-04:00,arunn,gesture,tts_started,lifecycle,r2_fasten_first_stand,Row 2.4: fasten right stand,ready,5,90,,,,20.241364,,,,,,,,,,,,,,,,part,,,,,"{""acquired_tool_ids"": [7, 35], ""acquisition_complete"": false, ""completed_steps"": [""r1_bearing_right"", ""r1_bearing_left"", ""r2_gear_rod"", ""r2_bearing_right""], ""head_rotation_deg"": null, ""head_translation_m"": null, ""left_hand_translation_m"": null, ""removed_tool_ids"": [15, 18, 19, 21, 27, 28], ""right_hand_translation_m"": null, ""selected_step"": ""r2_fasten_first_stand"", ""step_attempt"": 5, ""step_elapsed_s"": 20.24138019804377, ""step_event_index"": 90, ""total_hand_translation_m"": null, ""trial_finished_elapsed_s"": null, ""trial_recording"": true, ""trial_required_tool_ids"": [7, 35, 37]}"
2026-09-05T10:48:23.137-04:00,arunn,gesture,tts_finished,lifecycle,r2_fasten_first_stand,Row 2.4: fasten right stand,ready,5,91,,,,20.659949,,,,,,,,,,,,,,,,part,,,,,"{""acquired_tool_ids"": [7, 35], ""acquisition_complete"": false, ""completed_steps"": [""r1_bearing_right"", ""r1_bearing_left"", ""r2_gear_rod"", ""r2_bearing_right""], ""head_rotation_deg"": null, ""head_translation_m"": null, ""left_hand_translation_m"": null, ""removed_tool_ids"": [15, 18, 19, 21, 27, 28], ""right_hand_translation_m"": null, ""selected_step"": ""r2_fasten_first_stand"", ""step_attempt"": 5, ""step_elapsed_s"": 20.659960617078468, ""step_event_index"": 91, ""total_hand_translation_m"": null, ""trial_finished_elapsed_s"": null, ""trial_recording"": true, ""trial_required_tool_ids"": [7, 35, 37]}"
2026-09-05T10:48:24.525-04:00,arunn,gesture,hover,hover,r2_fasten_first_stand,Row 2.4: fasten right stand,ready,5,92,37,BITHOLDER2,,,,,,,,,,,,,,,,,,,,,,,"{""acquired_tool_ids"": [7, 35], ""acquisition_complete"": false, ""completed_steps"": [""r1_bearing_right"", ""r1_bearing_left"", ""r2_gear_rod"", ""r2_bearing_right""], ""head_rotation_deg"": null, ""head_translation_m"": null, ""left_hand_translation_m"": null, ""removed_tool_ids"": [15, 18, 19, 21, 27, 28], ""right_hand_translation_m"": null, ""selected_step"": ""r2_fasten_first_stand"", ""step_attempt"": 5, ""step_elapsed_s"": 22.047891807043925, ""step_event_index"": 92, ""total_hand_translation_m"": null, ""trial_finished_elapsed_s"": null, ""trial_recording"": true, ""trial_required_tool_ids"": [7, 35, 37]}"
2026-09-05T10:48:24.560-04:00,arunn,gesture,tts_queued,lifecycle,r2_fasten_first_stand,Row 2.4: fasten right stand,ready,5,93,,,,22.082609,,,,,,,,,,,,,,,,bit holder2,,,replace_hover,,"{""acquired_tool_ids"": [7, 35], ""acquisition_complete"": false, ""completed_steps"": [""r1_bearing_right"", ""r1_bearing_left"", ""r2_gear_rod"", ""r2_bearing_right""], ""head_rotation_deg"": null, ""head_translation_m"": null, ""left_hand_translation_m"": null, ""removed_tool_ids"": [15, 18, 19, 21, 27, 28], ""right_hand_translation_m"": null, ""selected_step"": ""r2_fasten_first_stand"", ""step_attempt"": 5, ""step_elapsed_s"": 22.08262696210295, ""step_event_index"": 93, ""total_hand_translation_m"": null, ""trial_finished_elapsed_s"": null, ""trial_recording"": true, ""trial_required_tool_ids"": [7, 35, 37]}"
2026-09-05T10:48:24.644-04:00,arunn,gesture,tts_started,lifecycle,r2_fasten_first_stand,Row 2.4: fasten right stand,ready,5,94,,,,22.166629,,,,,,,,,,,,,,,,bit holder2,,,,,"{""acquired_tool_ids"": [7, 35], ""acquisition_complete"": false, ""completed_steps"": [""r1_bearing_right"", ""r1_bearing_left"", ""r2_gear_rod"", ""r2_bearing_right""], ""head_rotation_deg"": null, ""head_translation_m"": null, ""left_hand_translation_m"": null, ""removed_tool_ids"": [15, 18, 19, 21, 27, 28], ""right_hand_translation_m"": null, ""selected_step"": ""r2_fasten_first_stand"", ""step_attempt"": 5, ""step_elapsed_s"": 22.16664589708671, ""step_event_index"": 94, ""total_hand_translation_m"": null, ""trial_finished_elapsed_s"": null, ""trial_recording"": true, ""trial_required_tool_ids"": [7, 35, 37]}"
2026-09-05T10:48:24.714-04:00,arunn,gesture,hover,hover,r2_fasten_first_stand,Row 2.4: fasten right stand,ready,5,95,13,MAGNET_POLE_CHECKER,,,,,,,,,,,,,,,,,,,,,,,"{""acquired_tool_ids"": [7, 35], ""acquisition_complete"": false, ""completed_steps"": [""r1_bearing_right"", ""r1_bearing_left"", ""r2_gear_rod"", ""r2_bearing_right""], ""head_rotation_deg"": null, ""head_translation_m"": null, ""left_hand_translation_m"": null, ""removed_tool_ids"": [15, 18, 19, 21, 27, 28], ""right_hand_translation_m"": null, ""selected_step"": ""r2_fasten_first_stand"", ""step_attempt"": 5, ""step_elapsed_s"": 22.236953457002528, ""step_event_index"": 95, ""total_hand_translation_m"": null, ""trial_finished_elapsed_s"": null, ""trial_recording"": true, ""trial_required_tool_ids"": [7, 35, 37]}"
2026-09-05T10:48:24.730-04:00,arunn,gesture,tts_queued,lifecycle,r2_fasten_first_stand,Row 2.4: fasten right stand,ready,5,96,,,,22.253241,,,,,,,,,,,,,,,,part,,,replace_hover,,"{""acquired_tool_ids"": [7, 35], ""acquisition_complete"": false, ""completed_steps"": [""r1_bearing_right"", ""r1_bearing_left"", ""r2_gear_rod"", ""r2_bearing_right""], ""head_rotation_deg"": null, ""head_translation_m"": null, ""left_hand_translation_m"": null, ""removed_tool_ids"": [15, 18, 19, 21, 27, 28], ""right_hand_translation_m"": null, ""selected_step"": ""r2_fasten_first_stand"", ""step_attempt"": 5, ""step_elapsed_s"": 22.253249595989473, ""step_event_index"": 96, ""total_hand_translation_m"": null, ""trial_finished_elapsed_s"": null, ""trial_recording"": true, ""trial_required_tool_ids"": [7, 35, 37]}"
2026-09-05T10:48:24.771-04:00,arunn,gesture,tts_finished,lifecycle,r2_fasten_first_stand,Row 2.4: fasten right stand,ready,5,97,,,,22.293560,,,,,,,,,,,,,,,,bit holder2,,,,,"{""acquired_tool_ids"": [7, 35], ""acquisition_complete"": false, ""completed_steps"": [""r1_bearing_right"", ""r1_bearing_left"", ""r2_gear_rod"", ""r2_bearing_right""], ""head_rotation_deg"": null, ""head_translation_m"": null, ""left_hand_translation_m"": null, ""removed_tool_ids"": [15, 18, 19, 21, 27, 28], ""right_hand_translation_m"": null, ""selected_step"": ""r2_fasten_first_stand"", ""step_attempt"": 5, ""step_elapsed_s"": 22.2935721980175, ""step_event_index"": 97, ""total_hand_translation_m"": null, ""trial_finished_elapsed_s"": null, ""trial_recording"": true, ""trial_required_tool_ids"": [7, 35, 37]}"
2026-09-05T10:48:24.791-04:00,arunn,gesture,tts_started,lifecycle,r2_fasten_first_stand,Row 2.4: fasten right stand,ready,5,98,,,,22.314142,,,,,,,,,,,,,,,,part,,,,,"{""acquired_tool_ids"": [7, 35], ""acquisition_complete"": false, ""completed_steps"": [""r1_bearing_right"", ""r1_bearing_left"", ""r2_gear_rod"", ""r2_bearing_right""], ""head_rotation_deg"": null, ""head_translation_m"": null, ""left_hand_translation_m"": null, ""removed_tool_ids"": [15, 18, 19, 21, 27, 28], ""right_hand_translation_m"": null, ""selected_step"": ""r2_fasten_first_stand"", ""step_attempt"": 5, ""step_elapsed_s"": 22.31415285402909, ""step_event_index"": 98, ""total_hand_translation_m"": null, ""trial_finished_elapsed_s"": null, ""trial_recording"": true, ""trial_required_tool_ids"": [7, 35, 37]}"
2026-09-05T10:48:24.877-04:00,arunn,gesture,hover,hover,r2_fasten_first_stand,Row 2.4: fasten right stand,ready,5,99,11,FLATHEAD_SCREWDRIVER,,,,,,,,,,,,,,,,,,,,,,,"{""acquired_tool_ids"": [7, 35], ""acquisition_complete"": false, ""completed_steps"": [""r1_bearing_right"", ""r1_bearing_left"", ""r2_gear_rod"", ""r2_bearing_right""], ""head_rotation_deg"": null, ""head_translation_m"": null, ""left_hand_translation_m"": null, ""removed_tool_ids"": [15, 18, 19, 21, 27, 28], ""right_hand_translation_m"": null, ""selected_step"": ""r2_fasten_first_stand"", ""step_attempt"": 5, ""step_elapsed_s"": 22.40008721209597, ""step_event_index"": 99, ""total_hand_translation_m"": null, ""trial_finished_elapsed_s"": null, ""trial_recording"": true, ""trial_required_tool_ids"": [7, 35, 37]}"
2026-09-05T10:48:24.987-04:00,arunn,gesture,tts_queued,lifecycle,r2_fasten_first_stand,Row 2.4: fasten right stand,ready,5,100,,,,22.509507,,,,,,,,,,,,,,,,part,,,replace_hover,,"{""acquired_tool_ids"": [7, 35], ""acquisition_complete"": false, ""completed_steps"": [""r1_bearing_right"", ""r1_bearing_left"", ""r2_gear_rod"", ""r2_bearing_right""], ""head_rotation_deg"": null, ""head_translation_m"": null, ""left_hand_translation_m"": null, ""removed_tool_ids"": [15, 18, 19, 21, 27, 28], ""right_hand_translation_m"": null, ""selected_step"": ""r2_fasten_first_stand"", ""step_attempt"": 5, ""step_elapsed_s"": 22.509518236038275, ""step_event_index"": 100, ""total_hand_translation_m"": null, ""trial_finished_elapsed_s"": null, ""trial_recording"": true, ""trial_required_tool_ids"": [7, 35, 37]}"
2026-09-05T10:48:25.054-04:00,arunn,gesture,tts_finished,lifecycle,r2_fasten_first_stand,Row 2.4: fasten right stand,ready,5,101,,,,22.577035,,,,,,,,,,,,,,,,part,,,,,"{""acquired_tool_ids"": [7, 35], ""acquisition_complete"": false, ""completed_steps"": [""r1_bearing_right"", ""r1_bearing_left"", ""r2_gear_rod"", ""r2_bearing_right""], ""head_rotation_deg"": null, ""head_translation_m"": null, ""left_hand_translation_m"": null, ""removed_tool_ids"": [15, 18, 19, 21, 27, 28], ""right_hand_translation_m"": null, ""selected_step"": ""r2_fasten_first_stand"", ""step_attempt"": 5, ""step_elapsed_s"": 22.577044298057444, ""step_event_index"": 101, ""total_hand_translation_m"": null, ""trial_finished_elapsed_s"": null, ""trial_recording"": true, ""trial_required_tool_ids"": [7, 35, 37]}"
2026-09-05T10:48:25.205-04:00,arunn,gesture,tts_started,lifecycle,r2_fasten_first_stand,Row 2.4: fasten right stand,ready,5,102,,,,22.728325,,,,,,,,,,,,,,,,part,,,,,"{""acquired_tool_ids"": [7, 35], ""acquisition_complete"": false, ""completed_steps"": [""r1_bearing_right"", ""r1_bearing_left"", ""r2_gear_rod"", ""r2_bearing_right""], ""head_rotation_deg"": null, ""head_translation_m"": null, ""left_hand_translation_m"": null, ""removed_tool_ids"": [15, 18, 19, 21, 27, 28], ""right_hand_translation_m"": null, ""selected_step"": ""r2_fasten_first_stand"", ""step_attempt"": 5, ""step_elapsed_s"": 22.728334888000973, ""step_event_index"": 102, ""total_hand_translation_m"": null, ""trial_finished_elapsed_s"": null, ""trial_recording"": true, ""trial_required_tool_ids"": [7, 35, 37]}"
2026-09-05T10:48:25.317-04:00,arunn,gesture,hover,hover,r2_fasten_first_stand,Row 2.4: fasten right stand,ready,5,103,13,MAGNET_POLE_CHECKER,,,,,,,,,,,,,,,,,,,,,,,"{""acquired_tool_ids"": [7, 35], ""acquisition_complete"": false, ""completed_steps"": [""r1_bearing_right"", ""r1_bearing_left"", ""r2_gear_rod"", ""r2_bearing_right""], ""head_rotation_deg"": null, ""head_translation_m"": null, ""left_hand_translation_m"": null, ""removed_tool_ids"": [15, 18, 19, 21, 27, 28], ""right_hand_translation_m"": null, ""selected_step"": ""r2_fasten_first_stand"", ""step_attempt"": 5, ""step_elapsed_s"": 22.839886858011596, ""step_event_index"": 103, ""total_hand_translation_m"": null, ""trial_finished_elapsed_s"": null, ""trial_recording"": true, ""trial_required_tool_ids"": [7, 35, 37]}"
2026-09-05T10:48:25.364-04:00,arunn,gesture,tts_queued,lifecycle,r2_fasten_first_stand,Row 2.4: fasten right stand,ready,5,104,,,,22.887080,,,,,,,,,,,,,,,,part,,,replace_hover,,"{""acquired_tool_ids"": [7, 35], ""acquisition_complete"": false, ""completed_steps"": [""r1_bearing_right"", ""r1_bearing_left"", ""r2_gear_rod"", ""r2_bearing_right""], ""head_rotation_deg"": null, ""head_translation_m"": null, ""left_hand_translation_m"": null, ""removed_tool_ids"": [15, 18, 19, 21, 27, 28], ""right_hand_translation_m"": null, ""selected_step"": ""r2_fasten_first_stand"", ""step_attempt"": 5, ""step_elapsed_s"": 22.887094087083824, ""step_event_index"": 104, ""total_hand_translation_m"": null, ""trial_finished_elapsed_s"": null, ""trial_recording"": true, ""trial_required_tool_ids"": [7, 35, 37]}"
2026-09-05T10:48:25.463-04:00,arunn,gesture,tts_finished,lifecycle,r2_fasten_first_stand,Row 2.4: fasten right stand,ready,5,105,,,,22.985777,,,,,,,,,,,,,,,,part,,,,,"{""acquired_tool_ids"": [7, 35], ""acquisition_complete"": false, ""completed_steps"": [""r1_bearing_right"", ""r1_bearing_left"", ""r2_gear_rod"", ""r2_bearing_right""], ""head_rotation_deg"": null, ""head_translation_m"": null, ""left_hand_translation_m"": null, ""removed_tool_ids"": [15, 18, 19, 21, 27, 28], ""right_hand_translation_m"": null, ""selected_step"": ""r2_fasten_first_stand"", ""step_attempt"": 5, ""step_elapsed_s"": 22.98578653507866, ""step_event_index"": 105, ""total_hand_translation_m"": null, ""trial_finished_elapsed_s"": null, ""trial_recording"": true, ""trial_required_tool_ids"": [7, 35, 37]}"
2026-09-05T10:48:25.502-04:00,arunn,gesture,tts_started,lifecycle,r2_fasten_first_stand,Row 2.4: fasten right stand,ready,5,106,,,,23.024806,,,,,,,,,,,,,,,,part,,,,,"{""acquired_tool_ids"": [7, 35], ""acquisition_complete"": false, ""completed_steps"": [""r1_bearing_right"", ""r1_bearing_left"", ""r2_gear_rod"", ""r2_bearing_right""], ""head_rotation_deg"": null, ""head_translation_m"": null, ""left_hand_translation_m"": null, ""removed_tool_ids"": [15, 18, 19, 21, 27, 28], ""right_hand_translation_m"": null, ""selected_step"": ""r2_fasten_first_stand"", ""step_attempt"": 5, ""step_elapsed_s"": 23.02481755602639, ""step_event_index"": 106, ""total_hand_translation_m"": null, ""trial_finished_elapsed_s"": null, ""trial_recording"": true, ""trial_required_tool_ids"": [7, 35, 37]}"
2026-09-05T10:48:25.805-04:00,arunn,gesture,tts_finished,lifecycle,r2_fasten_first_stand,Row 2.4: fasten right stand,ready,5,107,,,,23.327555,,,,,,,,,,,,,,,,part,,,,,"{""acquired_tool_ids"": [7, 35], ""acquisition_complete"": false, ""completed_steps"": [""r1_bearing_right"", ""r1_bearing_left"", ""r2_gear_rod"", ""r2_bearing_right""], ""head_rotation_deg"": null, ""head_translation_m"": null, ""left_hand_translation_m"": null, ""removed_tool_ids"": [15, 18, 19, 21, 27, 28], ""right_hand_translation_m"": null, ""selected_step"": ""r2_fasten_first_stand"", ""step_attempt"": 5, ""step_elapsed_s"": 23.327568798093125, ""step_event_index"": 107, ""total_hand_translation_m"": null, ""trial_finished_elapsed_s"": null, ""trial_recording"": true, ""trial_required_tool_ids"": [7, 35, 37]}"
2026-09-05T10:48:26.357-04:00,arunn,gesture,hover,hover,r2_fasten_first_stand,Row 2.4: fasten right stand,ready,5,108,37,BITHOLDER2,,,,,,,,,,,,,,,,,,,,,,,"{""acquired_tool_ids"": [7, 35], ""acquisition_complete"": false, ""completed_steps"": [""r1_bearing_right"", ""r1_bearing_left"", ""r2_gear_rod"", ""r2_bearing_right""], ""head_rotation_deg"": null, ""head_translation_m"": null, ""left_hand_translation_m"": null, ""removed_tool_ids"": [15, 18, 19, 21, 27, 28], ""right_hand_translation_m"": null, ""selected_step"": ""r2_fasten_first_stand"", ""step_attempt"": 5, ""step_elapsed_s"": 23.879757011076435, ""step_event_index"": 108, ""total_hand_translation_m"": null, ""trial_finished_elapsed_s"": null, ""trial_recording"": true, ""trial_required_tool_ids"": [7, 35, 37]}"
2026-09-05T10:48:26.399-04:00,arunn,gesture,tts_queued,lifecycle,r2_fasten_first_stand,Row 2.4: fasten right stand,ready,5,109,,,,23.922133,,,,,,,,,,,,,,,,bit holder2,,,replace_hover,,"{""acquired_tool_ids"": [7, 35], ""acquisition_complete"": false, ""completed_steps"": [""r1_bearing_right"", ""r1_bearing_left"", ""r2_gear_rod"", ""r2_bearing_right""], ""head_rotation_deg"": null, ""head_translation_m"": null, ""left_hand_translation_m"": null, ""removed_tool_ids"": [15, 18, 19, 21, 27, 28], ""right_hand_translation_m"": null, ""selected_step"": ""r2_fasten_first_stand"", ""step_attempt"": 5, ""step_elapsed_s"": 23.922143122996204, ""step_event_index"": 109, ""total_hand_translation_m"": null, ""trial_finished_elapsed_s"": null, ""trial_recording"": true, ""trial_required_tool_ids"": [7, 35, 37]}"
2026-09-05T10:48:26.485-04:00,arunn,gesture,tts_started,lifecycle,r2_fasten_first_stand,Row 2.4: fasten right stand,ready,5,110,,,,24.007325,,,,,,,,,,,,,,,,bit holder2,,,,,"{""acquired_tool_ids"": [7, 35], ""acquisition_complete"": false, ""completed_steps"": [""r1_bearing_right"", ""r1_bearing_left"", ""r2_gear_rod"", ""r2_bearing_right""], ""head_rotation_deg"": null, ""head_translation_m"": null, ""left_hand_translation_m"": null, ""removed_tool_ids"": [15, 18, 19, 21, 27, 28], ""right_hand_translation_m"": null, ""selected_step"": ""r2_fasten_first_stand"", ""step_attempt"": 5, ""step_elapsed_s"": 24.007342564989813, ""step_event_index"": 110, ""total_hand_translation_m"": null, ""trial_finished_elapsed_s"": null, ""trial_recording"": true, ""trial_required_tool_ids"": [7, 35, 37]}"
2026-09-05T10:48:27.223-04:00,arunn,gesture,hover,hover,r2_fasten_first_stand,Row 2.4: fasten right stand,ready,5,111,36,BITHOLDER1,,,,,,,,,,,,,,,,,,,,,,,"{""acquired_tool_ids"": [7, 35], ""acquisition_complete"": false, ""completed_steps"": [""r1_bearing_right"", ""r1_bearing_left"", ""r2_gear_rod"", ""r2_bearing_right""], ""head_rotation_deg"": null, ""head_translation_m"": null, ""left_hand_translation_m"": null, ""removed_tool_ids"": [15, 18, 19, 21, 27, 28], ""right_hand_translation_m"": null, ""selected_step"": ""r2_fasten_first_stand"", ""step_attempt"": 5, ""step_elapsed_s"": 24.74553547403775, ""step_event_index"": 111, ""total_hand_translation_m"": null, ""trial_finished_elapsed_s"": null, ""trial_recording"": true, ""trial_required_tool_ids"": [7, 35, 37]}"
2026-09-05T10:48:27.325-04:00,arunn,gesture,tts_queued,lifecycle,r2_fasten_first_stand,Row 2.4: fasten right stand,ready,5,112,,,,24.847638,,,,,,,,,,,,,,,,bit holder1,,,replace_hover,,"{""acquired_tool_ids"": [7, 35], ""acquisition_complete"": false, ""completed_steps"": [""r1_bearing_right"", ""r1_bearing_left"", ""r2_gear_rod"", ""r2_bearing_right""], ""head_rotation_deg"": null, ""head_translation_m"": null, ""left_hand_translation_m"": null, ""removed_tool_ids"": [15, 18, 19, 21, 27, 28], ""right_hand_translation_m"": null, ""selected_step"": ""r2_fasten_first_stand"", ""step_attempt"": 5, ""step_elapsed_s"": 24.847648330032825, ""step_event_index"": 112, ""total_hand_translation_m"": null, ""trial_finished_elapsed_s"": null, ""trial_recording"": true, ""trial_required_tool_ids"": [7, 35, 37]}"
2026-09-05T10:48:27.379-04:00,arunn,gesture,tts_finished,lifecycle,r2_fasten_first_stand,Row 2.4: fasten right stand,ready,5,113,,,,24.901615,,,,,,,,,,,,,,,,bit holder2,,,,,"{""acquired_tool_ids"": [7, 35], ""acquisition_complete"": false, ""completed_steps"": [""r1_bearing_right"", ""r1_bearing_left"", ""r2_gear_rod"", ""r2_bearing_right""], ""head_rotation_deg"": null, ""head_translation_m"": null, ""left_hand_translation_m"": null, ""removed_tool_ids"": [15, 18, 19, 21, 27, 28], ""right_hand_translation_m"": null, ""selected_step"": ""r2_fasten_first_stand"", ""step_attempt"": 5, ""step_elapsed_s"": 24.90162965701893, ""step_event_index"": 113, ""total_hand_translation_m"": null, ""trial_finished_elapsed_s"": null, ""trial_recording"": true, ""trial_required_tool_ids"": [7, 35, 37]}"
2026-09-05T10:48:27.432-04:00,arunn,gesture,tts_started,lifecycle,r2_fasten_first_stand,Row 2.4: fasten right stand,ready,5,114,,,,24.954729,,,,,,,,,,,,,,,,bit holder1,,,,,"{""acquired_tool_ids"": [7, 35], ""acquisition_complete"": false, ""completed_steps"": [""r1_bearing_right"", ""r1_bearing_left"", ""r2_gear_rod"", ""r2_bearing_right""], ""head_rotation_deg"": null, ""head_translation_m"": null, ""left_hand_translation_m"": null, ""removed_tool_ids"": [15, 18, 19, 21, 27, 28], ""right_hand_translation_m"": null, ""selected_step"": ""r2_fasten_first_stand"", ""step_attempt"": 5, ""step_elapsed_s"": 24.954740814049728, ""step_event_index"": 114, ""total_hand_translation_m"": null, ""trial_finished_elapsed_s"": null, ""trial_recording"": true, ""trial_required_tool_ids"": [7, 35, 37]}"
2026-09-05T10:48:27.554-04:00,arunn,gesture,hover,hover,r2_fasten_first_stand,Row 2.4: fasten right stand,ready,5,115,37,BITHOLDER2,,,,,,,,,,,,,,,,,,,,,,,"{""acquired_tool_ids"": [7, 35], ""acquisition_complete"": false, ""completed_steps"": [""r1_bearing_right"", ""r1_bearing_left"", ""r2_gear_rod"", ""r2_bearing_right""], ""head_rotation_deg"": null, ""head_translation_m"": null, ""left_hand_translation_m"": null, ""removed_tool_ids"": [15, 18, 19, 21, 27, 28], ""right_hand_translation_m"": null, ""selected_step"": ""r2_fasten_first_stand"", ""step_attempt"": 5, ""step_elapsed_s"": 25.07651775504928, ""step_event_index"": 115, ""total_hand_translation_m"": null, ""trial_finished_elapsed_s"": null, ""trial_recording"": true, ""trial_required_tool_ids"": [7, 35, 37]}"
2026-09-05T10:48:27.607-04:00,arunn,gesture,tts_queued,lifecycle,r2_fasten_first_stand,Row 2.4: fasten right stand,ready,5,116,,,,25.129338,,,,,,,,,,,,,,,,bit holder2,,,replace_hover,,"{""acquired_tool_ids"": [7, 35], ""acquisition_complete"": false, ""completed_steps"": [""r1_bearing_right"", ""r1_bearing_left"", ""r2_gear_rod"", ""r2_bearing_right""], ""head_rotation_deg"": null, ""head_translation_m"": null, ""left_hand_translation_m"": null, ""removed_tool_ids"": [15, 18, 19, 21, 27, 28], ""right_hand_translation_m"": null, ""selected_step"": ""r2_fasten_first_stand"", ""step_attempt"": 5, ""step_elapsed_s"": 25.129348621005192, ""step_event_index"": 116, ""total_hand_translation_m"": null, ""trial_finished_elapsed_s"": null, ""trial_recording"": true, ""trial_required_tool_ids"": [7, 35, 37]}"
2026-09-05T10:48:27.674-04:00,arunn,gesture,tts_finished,lifecycle,r2_fasten_first_stand,Row 2.4: fasten right stand,ready,5,117,,,,25.197199,,,,,,,,,,,,,,,,bit holder1,,,,,"{""acquired_tool_ids"": [7, 35], ""acquisition_complete"": false, ""completed_steps"": [""r1_bearing_right"", ""r1_bearing_left"", ""r2_gear_rod"", ""r2_bearing_right""], ""head_rotation_deg"": null, ""head_translation_m"": null, ""left_hand_translation_m"": null, ""removed_tool_ids"": [15, 18, 19, 21, 27, 28], ""right_hand_translation_m"": null, ""selected_step"": ""r2_fasten_first_stand"", ""step_attempt"": 5, ""step_elapsed_s"": 25.19721330003813, ""step_event_index"": 117, ""total_hand_translation_m"": null, ""trial_finished_elapsed_s"": null, ""trial_recording"": true, ""trial_required_tool_ids"": [7, 35, 37]}"
2026-09-05T10:48:27.697-04:00,arunn,gesture,tts_started,lifecycle,r2_fasten_first_stand,Row 2.4: fasten right stand,ready,5,118,,,,25.220277,,,,,,,,,,,,,,,,bit holder2,,,,,"{""acquired_tool_ids"": [7, 35], ""acquisition_complete"": false, ""completed_steps"": [""r1_bearing_right"", ""r1_bearing_left"", ""r2_gear_rod"", ""r2_bearing_right""], ""head_rotation_deg"": null, ""head_translation_m"": null, ""left_hand_translation_m"": null, ""removed_tool_ids"": [15, 18, 19, 21, 27, 28], ""right_hand_translation_m"": null, ""selected_step"": ""r2_fasten_first_stand"", ""step_attempt"": 5, ""step_elapsed_s"": 25.220287656993605, ""step_event_index"": 118, ""total_hand_translation_m"": null, ""trial_finished_elapsed_s"": null, ""trial_recording"": true, ""trial_required_tool_ids"": [7, 35, 37]}"
2026-09-05T10:48:28.874-04:00,arunn,gesture,tts_finished,lifecycle,r2_fasten_first_stand,Row 2.4: fasten right stand,ready,5,119,,,,26.396448,,,,,,,,,,,,,,,,bit holder2,,,,,"{""acquired_tool_ids"": [7, 35], ""acquisition_complete"": false, ""completed_steps"": [""r1_bearing_right"", ""r1_bearing_left"", ""r2_gear_rod"", ""r2_bearing_right""], ""head_rotation_deg"": null, ""head_translation_m"": null, ""left_hand_translation_m"": null, ""removed_tool_ids"": [15, 18, 19, 21, 27, 28], ""right_hand_translation_m"": null, ""selected_step"": ""r2_fasten_first_stand"", ""step_attempt"": 5, ""step_elapsed_s"": 26.3964608249953, ""step_event_index"": 119, ""total_hand_translation_m"": null, ""trial_finished_elapsed_s"": null, ""trial_recording"": true, ""trial_required_tool_ids"": [7, 35, 37]}"
2026-09-05T10:48:29.513-04:00,arunn,gesture,hover,hover,r2_fasten_first_stand,Row 2.4: fasten right stand,ready,5,120,37,BITHOLDER2,,,,,,,,,,,,,,,,,,,,,,,"{""acquired_tool_ids"": [7, 35], ""acquisition_complete"": false, ""completed_steps"": [""r1_bearing_right"", ""r1_bearing_left"", ""r2_gear_rod"", ""r2_bearing_right""], ""head_rotation_deg"": null, ""head_translation_m"": null, ""left_hand_translation_m"": null, ""removed_tool_ids"": [15, 18, 19, 21, 27, 28], ""right_hand_translation_m"": null, ""selected_step"": ""r2_fasten_first_stand"", ""step_attempt"": 5, ""step_elapsed_s"": 27.03558058803901, ""step_event_index"": 120, ""total_hand_translation_m"": null, ""trial_finished_elapsed_s"": null, ""trial_recording"": true, ""trial_required_tool_ids"": [7, 35, 37]}"
2026-09-05T10:48:29.591-04:00,arunn,gesture,tts_queued,lifecycle,r2_fasten_first_stand,Row 2.4: fasten right stand,ready,5,121,,,,27.113367,,,,,,,,,,,,,,,,bit holder2,,,replace_hover,,"{""acquired_tool_ids"": [7, 35], ""acquisition_complete"": false, ""completed_steps"": [""r1_bearing_right"", ""r1_bearing_left"", ""r2_gear_rod"", ""r2_bearing_right""], ""head_rotation_deg"": null, ""head_translation_m"": null, ""left_hand_translation_m"": null, ""removed_tool_ids"": [15, 18, 19, 21, 27, 28], ""right_hand_translation_m"": null, ""selected_step"": ""r2_fasten_first_stand"", ""step_attempt"": 5, ""step_elapsed_s"": 27.11337886203546, ""step_event_index"": 121, ""total_hand_translation_m"": null, ""trial_finished_elapsed_s"": null, ""trial_recording"": true, ""trial_required_tool_ids"": [7, 35, 37]}"
2026-09-05T10:48:29.650-04:00,arunn,gesture,tts_started,lifecycle,r2_fasten_first_stand,Row 2.4: fasten right stand,ready,5,122,,,,27.172622,,,,,,,,,,,,,,,,bit holder2,,,,,"{""acquired_tool_ids"": [7, 35], ""acquisition_complete"": false, ""completed_steps"": [""r1_bearing_right"", ""r1_bearing_left"", ""r2_gear_rod"", ""r2_bearing_right""], ""head_rotation_deg"": null, ""head_translation_m"": null, ""left_hand_translation_m"": null, ""removed_tool_ids"": [15, 18, 19, 21, 27, 28], ""right_hand_translation_m"": null, ""selected_step"": ""r2_fasten_first_stand"", ""step_attempt"": 5, ""step_elapsed_s"": 27.172636126051657, ""step_event_index"": 122, ""total_hand_translation_m"": null, ""trial_finished_elapsed_s"": null, ""trial_recording"": true, ""trial_required_tool_ids"": [7, 35, 37]}"
2026-09-05T10:48:30.424-04:00,arunn,gesture,hover,hover,r2_fasten_first_stand,Row 2.4: fasten right stand,ready,5,123,36,BITHOLDER1,,,,,,,,,,,,,,,,,,,,,,,"{""acquired_tool_ids"": [7, 35], ""acquisition_complete"": false, ""completed_steps"": [""r1_bearing_right"", ""r1_bearing_left"", ""r2_gear_rod"", ""r2_bearing_right""], ""head_rotation_deg"": null, ""head_translation_m"": null, ""left_hand_translation_m"": null, ""removed_tool_ids"": [15, 18, 19, 21, 27, 28], ""right_hand_translation_m"": null, ""selected_step"": ""r2_fasten_first_stand"", ""step_attempt"": 5, ""step_elapsed_s"": 27.946667529991828, ""step_event_index"": 123, ""total_hand_translation_m"": null, ""trial_finished_elapsed_s"": null, ""trial_recording"": true, ""trial_required_tool_ids"": [7, 35, 37]}"
2026-09-05T10:48:30.518-04:00,arunn,gesture,tts_queued,lifecycle,r2_fasten_first_stand,Row 2.4: fasten right stand,ready,5,124,,,,28.040996,,,,,,,,,,,,,,,,bit holder1,,,replace_hover,,"{""acquired_tool_ids"": [7, 35], ""acquisition_complete"": false, ""completed_steps"": [""r1_bearing_right"", ""r1_bearing_left"", ""r2_gear_rod"", ""r2_bearing_right""], ""head_rotation_deg"": null, ""head_translation_m"": null, ""left_hand_translation_m"": null, ""removed_tool_ids"": [15, 18, 19, 21, 27, 28], ""right_hand_translation_m"": null, ""selected_step"": ""r2_fasten_first_stand"", ""step_attempt"": 5, ""step_elapsed_s"": 28.041005784994923, ""step_event_index"": 124, ""total_hand_translation_m"": null, ""trial_finished_elapsed_s"": null, ""trial_recording"": true, ""trial_required_tool_ids"": [7, 35, 37]}"
2026-09-05T10:48:30.612-04:00,arunn,gesture,tts_finished,lifecycle,r2_fasten_first_stand,Row 2.4: fasten right stand,ready,5,125,,,,28.134777,,,,,,,,,,,,,,,,bit holder2,,,,,"{""acquired_tool_ids"": [7, 35], ""acquisition_complete"": false, ""completed_steps"": [""r1_bearing_right"", ""r1_bearing_left"", ""r2_gear_rod"", ""r2_bearing_right""], ""head_rotation_deg"": null, ""head_translation_m"": null, ""left_hand_translation_m"": null, ""removed_tool_ids"": [15, 18, 19, 21, 27, 28], ""right_hand_translation_m"": null, ""selected_step"": ""r2_fasten_first_stand"", ""step_attempt"": 5, ""step_elapsed_s"": 28.13479019002989, ""step_event_index"": 125, ""total_hand_translation_m"": null, ""trial_finished_elapsed_s"": null, ""trial_recording"": true, ""trial_required_tool_ids"": [7, 35, 37]}"
2026-09-05T10:48:30.634-04:00,arunn,gesture,tts_started,lifecycle,r2_fasten_first_stand,Row 2.4: fasten right stand,ready,5,126,,,,28.157210,,,,,,,,,,,,,,,,bit holder1,,,,,"{""acquired_tool_ids"": [7, 35], ""acquisition_complete"": false, ""completed_steps"": [""r1_bearing_right"", ""r1_bearing_left"", ""r2_gear_rod"", ""r2_bearing_right""], ""head_rotation_deg"": null, ""head_translation_m"": null, ""left_hand_translation_m"": null, ""removed_tool_ids"": [15, 18, 19, 21, 27, 28], ""right_hand_translation_m"": null, ""selected_step"": ""r2_fasten_first_stand"", ""step_attempt"": 5, ""step_elapsed_s"": 28.15722103510052, ""step_event_index"": 126, ""total_hand_translation_m"": null, ""trial_finished_elapsed_s"": null, ""trial_recording"": true, ""trial_required_tool_ids"": [7, 35, 37]}"
2026-09-05T10:48:30.747-04:00,arunn,gesture,hover,hover,r2_fasten_first_stand,Row 2.4: fasten right stand,ready,5,127,37,BITHOLDER2,,,,,,,,,,,,,,,,,,,,,,,"{""acquired_tool_ids"": [7, 35], ""acquisition_complete"": false, ""completed_steps"": [""r1_bearing_right"", ""r1_bearing_left"", ""r2_gear_rod"", ""r2_bearing_right""], ""head_rotation_deg"": null, ""head_translation_m"": null, ""left_hand_translation_m"": null, ""removed_tool_ids"": [15, 18, 19, 21, 27, 28], ""right_hand_translation_m"": null, ""selected_step"": ""r2_fasten_first_stand"", ""step_attempt"": 5, ""step_elapsed_s"": 28.26999981002882, ""step_event_index"": 127, ""total_hand_translation_m"": null, ""trial_finished_elapsed_s"": null, ""trial_recording"": true, ""trial_required_tool_ids"": [7, 35, 37]}"
2026-09-05T10:48:30.791-04:00,arunn,gesture,tts_queued,lifecycle,r2_fasten_first_stand,Row 2.4: fasten right stand,ready,5,128,,,,28.313372,,,,,,,,,,,,,,,,bit holder2,,,replace_hover,,"{""acquired_tool_ids"": [7, 35], ""acquisition_complete"": false, ""completed_steps"": [""r1_bearing_right"", ""r1_bearing_left"", ""r2_gear_rod"", ""r2_bearing_right""], ""head_rotation_deg"": null, ""head_translation_m"": null, ""left_hand_translation_m"": null, ""removed_tool_ids"": [15, 18, 19, 21, 27, 28], ""right_hand_translation_m"": null, ""selected_step"": ""r2_fasten_first_stand"", ""step_attempt"": 5, ""step_elapsed_s"": 28.31338449602481, ""step_event_index"": 128, ""total_hand_translation_m"": null, ""trial_finished_elapsed_s"": null, ""trial_recording"": true, ""trial_required_tool_ids"": [7, 35, 37]}"
2026-09-05T10:48:30.900-04:00,arunn,gesture,tts_finished,lifecycle,r2_fasten_first_stand,Row 2.4: fasten right stand,ready,5,129,,,,28.422513,,,,,,,,,,,,,,,,bit holder1,,,,,"{""acquired_tool_ids"": [7, 35], ""acquisition_complete"": false, ""completed_steps"": [""r1_bearing_right"", ""r1_bearing_left"", ""r2_gear_rod"", ""r2_bearing_right""], ""head_rotation_deg"": null, ""head_translation_m"": null, ""left_hand_translation_m"": null, ""removed_tool_ids"": [15, 18, 19, 21, 27, 28], ""right_hand_translation_m"": null, ""selected_step"": ""r2_fasten_first_stand"", ""step_attempt"": 5, ""step_elapsed_s"": 28.422522629029118, ""step_event_index"": 129, ""total_hand_translation_m"": null, ""trial_finished_elapsed_s"": null, ""trial_recording"": true, ""trial_required_tool_ids"": [7, 35, 37]}"
2026-09-05T10:48:30.967-04:00,arunn,gesture,tts_started,lifecycle,r2_fasten_first_stand,Row 2.4: fasten right stand,ready,5,130,,,,28.489509,,,,,,,,,,,,,,,,bit holder2,,,,,"{""acquired_tool_ids"": [7, 35], ""acquisition_complete"": false, ""completed_steps"": [""r1_bearing_right"", ""r1_bearing_left"", ""r2_gear_rod"", ""r2_bearing_right""], ""head_rotation_deg"": null, ""head_translation_m"": null, ""left_hand_translation_m"": null, ""removed_tool_ids"": [15, 18, 19, 21, 27, 28], ""right_hand_translation_m"": null, ""selected_step"": ""r2_fasten_first_stand"", ""step_attempt"": 5, ""step_elapsed_s"": 28.489521966082975, ""step_event_index"": 130, ""total_hand_translation_m"": null, ""trial_finished_elapsed_s"": null, ""trial_recording"": true, ""trial_required_tool_ids"": [7, 35, 37]}"
2026-09-05T10:48:31.204-04:00,arunn,gesture,part_selection,click,r2_fasten_first_stand,Row 2.4: fasten right stand,ready,5,131,37,BITHOLDER2,13.434110,28.726929,,,,,,,,,,,,,,,1,,,,,,"{""acquired_tool_ids"": [7, 35, 37], ""acquisition_complete"": false, ""completed_steps"": [""r1_bearing_right"", ""r1_bearing_left"", ""r2_gear_rod"", ""r2_bearing_right""], ""head_rotation_deg"": null, ""head_translation_m"": null, ""left_hand_translation_m"": null, ""removed_tool_ids"": [15, 18, 19, 21, 27, 28], ""right_hand_translation_m"": null, ""selected_step"": ""r2_fasten_first_stand"", ""step_attempt"": 5, ""step_elapsed_s"": 28.726974360994063, ""step_event_index"": 131, ""total_hand_translation_m"": null, ""trial_finished_elapsed_s"": null, ""trial_recording"": true, ""trial_required_tool_ids"": [7, 35, 37]}"
2026-09-05T10:48:31.263-04:00,arunn,gesture,object_acquired,click,r2_fasten_first_stand,Row 2.4: fasten right stand,ready,5,132,37,BITHOLDER2,13.434110,28.726929,,,,,,,,,,,,,,,1,,,,,,"{""acquired_tool_ids"": [7, 35, 37], ""acquisition_complete"": false, ""completed_steps"": [""r1_bearing_right"", ""r1_bearing_left"", ""r2_gear_rod"", ""r2_bearing_right""], ""head_rotation_deg"": null, ""head_translation_m"": null, ""left_hand_translation_m"": null, ""removed_tool_ids"": [15, 18, 19, 21, 27, 28], ""right_hand_translation_m"": null, ""selected_step"": ""r2_fasten_first_stand"", ""step_attempt"": 5, ""step_elapsed_s"": 28.785910214995965, ""step_event_index"": 132, ""total_hand_translation_m"": null, ""trial_finished_elapsed_s"": null, ""trial_recording"": true, ""trial_required_tool_ids"": [7, 35, 37]}"
2026-09-05T10:48:31.358-04:00,arunn,gesture,step_acquisition_complete,click,r2_fasten_first_stand,Row 2.4: fasten right stand,ready,5,133,,,,28.879118,0.265734,59.358953,0.474544,1.313167,1.787711,0.000000,3.022429,3.022429,25.859903,0,12,0.000000,0.138812,0.138812,,,,,,,"{""acquired_tool_ids"": [7, 35, 37], ""acquisition_complete"": true, ""any_hover_time_s"": 3.0224290628684685, ""completed_steps"": [""r1_bearing_right"", ""r1_bearing_left"", ""r2_gear_rod"", ""r2_bearing_right""], ""head_rotation_deg"": 59.358952847914075, ""head_translation_m"": 0.2657337670532714, ""hover_time_percent"": 25.859903470628037, ""left_hand_translation_m"": 0.47454439181997304, ""left_hover_episodes"": 0, ""left_hover_time_s"": 0.0, ""left_hover_translation_m"": 0.0, ""removed_tool_ids"": [15, 18, 19, 21, 27, 28], ""right_hand_translation_m"": 1.3131669749349286, ""right_hover_episodes"": 12, ""right_hover_time_s"": 3.0224290628684685, ""right_hover_translation_m"": 0.13881198200631198, ""selected_step"": ""r2_fasten_first_stand"", ""step_attempt"": 5, ""step_elapsed_s"": 28.879117673030123, ""step_event_index"": 133, ""total_hand_translation_m"": 1.7877113667549016, ""total_hover_translation_m"": 0.13881198200631198, ""trial_finished_elapsed_s"": 28.879117673030123, ""trial_recording"": false, ""trial_required_tool_ids"": [7, 35, 37]}"
2026-09-05T10:48:31.384-04:00,arunn,gesture,graph_complete,,r2_fasten_first_stand,Row 2.4: fasten right stand,complete,5,134,,,,,,,,,,,,,,,,,,,,,,,,,"{""acquired_tool_ids"": [7, 35, 37], ""acquisition_complete"": true, ""any_hover_time_s"": 3.0224290628684685, ""completed_steps"": [""r1_bearing_right"", ""r1_bearing_left"", ""r2_gear_rod"", ""r2_bearing_right"", ""r2_fasten_first_stand""], ""head_rotation_deg"": 59.358952847914075, ""head_translation_m"": 0.2657337670532714, ""hover_time_percent"": 25.859903470628037, ""left_hand_translation_m"": 0.47454439181997304, ""left_hover_episodes"": 0, ""left_hover_time_s"": 0.0, ""left_hover_translation_m"": 0.0, ""removed_tool_ids"": [15, 18, 19, 21, 27, 28], ""right_hand_translation_m"": 1.3131669749349286, ""right_hover_episodes"": 12, ""right_hover_time_s"": 3.0224290628684685, ""right_hover_translation_m"": 0.13881198200631198, ""selected_step"": ""r2_fasten_first_stand"", ""step_attempt"": 5, ""step_elapsed_s"": 28.879117673030123, ""step_event_index"": 134, ""total_hand_translation_m"": 1.7877113667549016, ""total_hover_translation_m"": 0.13881198200631198, ""trial_finished_elapsed_s"": 28.879117673030123, ""trial_recording"": false, ""trial_required_tool_ids"": [7, 35, 37]}"
2026-09-05T10:48:42.269-04:00,arunn,gesture,step_started,keyboard,r2_bearing_left,Row 2.3: bearing into left stand,ready,6,1,,,,,,,,,,,,,,,,,,,,,,,,,"{""acquired_tool_ids"": [], ""acquisition_complete"": false, ""completed_steps"": [""r1_bearing_right"", ""r1_bearing_left"", ""r2_gear_rod"", ""r2_bearing_right"", ""r2_fasten_first_stand""], ""head_rotation_deg"": null, ""head_translation_m"": null, ""left_hand_translation_m"": null, ""removed_tool_ids"": [15, 18, 19, 21, 27, 28], ""right_hand_translation_m"": null, ""selected_step"": ""r2_bearing_left"", ""step_attempt"": 6, ""step_elapsed_s"": 0.0005082100396975875, ""step_event_index"": 1, ""total_hand_translation_m"": null, ""trial_finished_elapsed_s"": null, ""trial_recording"": true, ""trial_required_tool_ids"": [20, 34]}"
2026-09-05T10:48:42.991-04:00,arunn,gesture,hover,hover,r2_bearing_left,Row 2.3: bearing into left stand,ready,6,2,29,GEAR_ROW3_LEFT,,,,,,,,,,,,,,,,,,,,,,,"{""acquired_tool_ids"": [], ""acquisition_complete"": false, ""completed_steps"": [""r1_bearing_right"", ""r1_bearing_left"", ""r2_gear_rod"", ""r2_bearing_right"", ""r2_fasten_first_stand""], ""head_rotation_deg"": null, ""head_translation_m"": null, ""left_hand_translation_m"": null, ""removed_tool_ids"": [15, 18, 19, 21, 27, 28], ""right_hand_translation_m"": null, ""selected_step"": ""r2_bearing_left"", ""step_attempt"": 6, ""step_elapsed_s"": 0.7225084230303764, ""step_event_index"": 2, ""total_hand_translation_m"": null, ""trial_finished_elapsed_s"": null, ""trial_recording"": true, ""trial_required_tool_ids"": [20, 34]}"
2026-09-05T10:48:43.020-04:00,arunn,gesture,tts_queued,lifecycle,r2_bearing_left,Row 2.3: bearing into left stand,ready,6,3,,,,0.751359,,,,,,,,,,,,,,,,Row 3 left gear,,,replace_hover,,"{""acquired_tool_ids"": [], ""acquisition_complete"": false, ""completed_steps"": [""r1_bearing_right"", ""r1_bearing_left"", ""r2_gear_rod"", ""r2_bearing_right"", ""r2_fasten_first_stand""], ""head_rotation_deg"": null, ""head_translation_m"": null, ""left_hand_translation_m"": null, ""removed_tool_ids"": [15, 18, 19, 21, 27, 28], ""right_hand_translation_m"": null, ""selected_step"": ""r2_bearing_left"", ""step_attempt"": 6, ""step_elapsed_s"": 0.7513720509596169, ""step_event_index"": 3, ""total_hand_translation_m"": null, ""trial_finished_elapsed_s"": null, ""trial_recording"": true, ""trial_required_tool_ids"": [20, 34]}"
2026-09-05T10:48:43.085-04:00,arunn,gesture,tts_started,lifecycle,r2_bearing_left,Row 2.3: bearing into left stand,ready,6,4,,,,0.816481,,,,,,,,,,,,,,,,Row 3 left gear,,,,,"{""acquired_tool_ids"": [], ""acquisition_complete"": false, ""completed_steps"": [""r1_bearing_right"", ""r1_bearing_left"", ""r2_gear_rod"", ""r2_bearing_right"", ""r2_fasten_first_stand""], ""head_rotation_deg"": null, ""head_translation_m"": null, ""left_hand_translation_m"": null, ""removed_tool_ids"": [15, 18, 19, 21, 27, 28], ""right_hand_translation_m"": null, ""selected_step"": ""r2_bearing_left"", ""step_attempt"": 6, ""step_elapsed_s"": 0.816496871993877, ""step_event_index"": 4, ""total_hand_translation_m"": null, ""trial_finished_elapsed_s"": null, ""trial_recording"": true, ""trial_required_tool_ids"": [20, 34]}"
2026-09-05T10:48:43.372-04:00,arunn,gesture,hover,hover,r2_bearing_left,Row 2.3: bearing into left stand,ready,6,5,34,BEARINGS,,,,,,,,,,,,,,,,,,,,,,,"{""acquired_tool_ids"": [], ""acquisition_complete"": false, ""completed_steps"": [""r1_bearing_right"", ""r1_bearing_left"", ""r2_gear_rod"", ""r2_bearing_right"", ""r2_fasten_first_stand""], ""head_rotation_deg"": null, ""head_translation_m"": null, ""left_hand_translation_m"": null, ""removed_tool_ids"": [15, 18, 19, 21, 27, 28], ""right_hand_translation_m"": null, ""selected_step"": ""r2_bearing_left"", ""step_attempt"": 6, ""step_elapsed_s"": 1.1034819630440325, ""step_event_index"": 5, ""total_hand_translation_m"": null, ""trial_finished_elapsed_s"": null, ""trial_recording"": true, ""trial_required_tool_ids"": [20, 34]}"
2026-09-05T10:48:43.383-04:00,arunn,gesture,tts_queued,lifecycle,r2_bearing_left,Row 2.3: bearing into left stand,ready,6,6,,,,1.114579,,,,,,,,,,,,,,,,bearing,,,replace_hover,,"{""acquired_tool_ids"": [], ""acquisition_complete"": false, ""completed_steps"": [""r1_bearing_right"", ""r1_bearing_left"", ""r2_gear_rod"", ""r2_bearing_right"", ""r2_fasten_first_stand""], ""head_rotation_deg"": null, ""head_translation_m"": null, ""left_hand_translation_m"": null, ""removed_tool_ids"": [15, 18, 19, 21, 27, 28], ""right_hand_translation_m"": null, ""selected_step"": ""r2_bearing_left"", ""step_attempt"": 6, ""step_elapsed_s"": 1.1145898359827697, ""step_event_index"": 6, ""total_hand_translation_m"": null, ""trial_finished_elapsed_s"": null, ""trial_recording"": true, ""trial_required_tool_ids"": [20, 34]}"
2026-09-05T10:48:43.402-04:00,arunn,gesture,tts_finished,lifecycle,r2_bearing_left,Row 2.3: bearing into left stand,ready,6,7,,,,1.133051,,,,,,,,,,,,,,,,Row 3 left gear,,,,,"{""acquired_tool_ids"": [], ""acquisition_complete"": false, ""completed_steps"": [""r1_bearing_right"", ""r1_bearing_left"", ""r2_gear_rod"", ""r2_bearing_right"", ""r2_fasten_first_stand""], ""head_rotation_deg"": null, ""head_translation_m"": null, ""left_hand_translation_m"": null, ""removed_tool_ids"": [15, 18, 19, 21, 27, 28], ""right_hand_translation_m"": null, ""selected_step"": ""r2_bearing_left"", ""step_attempt"": 6, ""step_elapsed_s"": 1.133062529959716, ""step_event_index"": 7, ""total_hand_translation_m"": null, ""trial_finished_elapsed_s"": null, ""trial_recording"": true, ""trial_required_tool_ids"": [20, 34]}"
2026-09-05T10:48:43.421-04:00,arunn,gesture,tts_started,lifecycle,r2_bearing_left,Row 2.3: bearing into left stand,ready,6,8,,,,1.152371,,,,,,,,,,,,,,,,bearing,,,,,"{""acquired_tool_ids"": [], ""acquisition_complete"": false, ""completed_steps"": [""r1_bearing_right"", ""r1_bearing_left"", ""r2_gear_rod"", ""r2_bearing_right"", ""r2_fasten_first_stand""], ""head_rotation_deg"": null, ""head_translation_m"": null, ""left_hand_translation_m"": null, ""removed_tool_ids"": [15, 18, 19, 21, 27, 28], ""right_hand_translation_m"": null, ""selected_step"": ""r2_bearing_left"", ""step_attempt"": 6, ""step_elapsed_s"": 1.1523862030589953, ""step_event_index"": 8, ""total_hand_translation_m"": null, ""trial_finished_elapsed_s"": null, ""trial_recording"": true, ""trial_required_tool_ids"": [20, 34]}"
2026-09-05T10:48:44.133-04:00,arunn,gesture,tts_finished,lifecycle,r2_bearing_left,Row 2.3: bearing into left stand,ready,6,9,,,,1.864517,,,,,,,,,,,,,,,,bearing,,,,,"{""acquired_tool_ids"": [], ""acquisition_complete"": false, ""completed_steps"": [""r1_bearing_right"", ""r1_bearing_left"", ""r2_gear_rod"", ""r2_bearing_right"", ""r2_fasten_first_stand""], ""head_rotation_deg"": null, ""head_translation_m"": null, ""left_hand_translation_m"": null, ""removed_tool_ids"": [15, 18, 19, 21, 27, 28], ""right_hand_translation_m"": null, ""selected_step"": ""r2_bearing_left"", ""step_attempt"": 6, ""step_elapsed_s"": 1.8645293860463426, ""step_event_index"": 9, ""total_hand_translation_m"": null, ""trial_finished_elapsed_s"": null, ""trial_recording"": true, ""trial_required_tool_ids"": [20, 34]}"
2026-09-05T10:48:44.882-04:00,arunn,gesture,hover,hover,r2_bearing_left,Row 2.3: bearing into left stand,ready,6,10,34,BEARINGS,,,,,,,,,,,,,,,,,,,,,,,"{""acquired_tool_ids"": [], ""acquisition_complete"": false, ""completed_steps"": [""r1_bearing_right"", ""r1_bearing_left"", ""r2_gear_rod"", ""r2_bearing_right"", ""r2_fasten_first_stand""], ""head_rotation_deg"": null, ""head_translation_m"": null, ""left_hand_translation_m"": null, ""removed_tool_ids"": [15, 18, 19, 21, 27, 28], ""right_hand_translation_m"": null, ""selected_step"": ""r2_bearing_left"", ""step_attempt"": 6, ""step_elapsed_s"": 2.6128528100671247, ""step_event_index"": 10, ""total_hand_translation_m"": null, ""trial_finished_elapsed_s"": null, ""trial_recording"": true, ""trial_required_tool_ids"": [20, 34]}"
2026-09-05T10:48:44.939-04:00,arunn,gesture,tts_queued,lifecycle,r2_bearing_left,Row 2.3: bearing into left stand,ready,6,11,,,,2.670265,,,,,,,,,,,,,,,,bearing,,,replace_hover,,"{""acquired_tool_ids"": [], ""acquisition_complete"": false, ""completed_steps"": [""r1_bearing_right"", ""r1_bearing_left"", ""r2_gear_rod"", ""r2_bearing_right"", ""r2_fasten_first_stand""], ""head_rotation_deg"": null, ""head_translation_m"": null, ""left_hand_translation_m"": null, ""removed_tool_ids"": [15, 18, 19, 21, 27, 28], ""right_hand_translation_m"": null, ""selected_step"": ""r2_bearing_left"", ""step_attempt"": 6, ""step_elapsed_s"": 2.6702855030307546, ""step_event_index"": 11, ""total_hand_translation_m"": null, ""trial_finished_elapsed_s"": null, ""trial_recording"": true, ""trial_required_tool_ids"": [20, 34]}"
2026-09-05T10:48:44.991-04:00,arunn,gesture,tts_started,lifecycle,r2_bearing_left,Row 2.3: bearing into left stand,ready,6,12,,,,2.722810,,,,,,,,,,,,,,,,bearing,,,,,"{""acquired_tool_ids"": [], ""acquisition_complete"": false, ""completed_steps"": [""r1_bearing_right"", ""r1_bearing_left"", ""r2_gear_rod"", ""r2_bearing_right"", ""r2_fasten_first_stand""], ""head_rotation_deg"": null, ""head_translation_m"": null, ""left_hand_translation_m"": null, ""removed_tool_ids"": [15, 18, 19, 21, 27, 28], ""right_hand_translation_m"": null, ""selected_step"": ""r2_bearing_left"", ""step_attempt"": 6, ""step_elapsed_s"": 2.7228213920025155, ""step_event_index"": 12, ""total_hand_translation_m"": null, ""trial_finished_elapsed_s"": null, ""trial_recording"": true, ""trial_required_tool_ids"": [20, 34]}"
2026-09-05T10:48:45.436-04:00,arunn,gesture,part_selection,click,r2_bearing_left,Row 2.3: bearing into left stand,ready,6,13,34,BEARINGS,3.167625,3.167625,,,,,,,,,,,,,,,1,,,,,,"{""acquired_tool_ids"": [34], ""acquisition_complete"": false, ""completed_steps"": [""r1_bearing_right"", ""r1_bearing_left"", ""r2_gear_rod"", ""r2_bearing_right"", ""r2_fasten_first_stand""], ""head_rotation_deg"": null, ""head_translation_m"": null, ""left_hand_translation_m"": null, ""removed_tool_ids"": [15, 18, 19, 21, 27, 28], ""right_hand_translation_m"": null, ""selected_step"": ""r2_bearing_left"", ""step_attempt"": 6, ""step_elapsed_s"": 3.1676969110267237, ""step_event_index"": 13, ""total_hand_translation_m"": null, ""trial_finished_elapsed_s"": null, ""trial_recording"": true, ""trial_required_tool_ids"": [20, 34]}"
2026-09-05T10:48:45.446-04:00,arunn,gesture,object_acquired,click,r2_bearing_left,Row 2.3: bearing into left stand,ready,6,14,34,BEARINGS,3.167625,3.167625,,,,,,,,,,,,,,,1,,,,,,"{""acquired_tool_ids"": [34], ""acquisition_complete"": false, ""completed_steps"": [""r1_bearing_right"", ""r1_bearing_left"", ""r2_gear_rod"", ""r2_bearing_right"", ""r2_fasten_first_stand""], ""head_rotation_deg"": null, ""head_translation_m"": null, ""left_hand_translation_m"": null, ""removed_tool_ids"": [15, 18, 19, 21, 27, 28], ""right_hand_translation_m"": null, ""selected_step"": ""r2_bearing_left"", ""step_attempt"": 6, ""step_elapsed_s"": 3.177544540958479, ""step_event_index"": 14, ""total_hand_translation_m"": null, ""trial_finished_elapsed_s"": null, ""trial_recording"": true, ""trial_required_tool_ids"": [20, 34]}"
2026-09-05T10:48:45.477-04:00,arunn,gesture,tts_queued,lifecycle,r2_bearing_left,Row 2.3: bearing into left stand,ready,6,15,,,,3.207973,,,,,,,,,,,,,,,,1 part left.,,,replace,,"{""acquired_tool_ids"": [34], ""acquisition_complete"": false, ""completed_steps"": [""r1_bearing_right"", ""r1_bearing_left"", ""r2_gear_rod"", ""r2_bearing_right"", ""r2_fasten_first_stand""], ""head_rotation_deg"": null, ""head_translation_m"": null, ""left_hand_translation_m"": null, ""removed_tool_ids"": [15, 18, 19, 21, 27, 28], ""right_hand_translation_m"": null, ""selected_step"": ""r2_bearing_left"", ""step_attempt"": 6, ""step_elapsed_s"": 3.207984401960857, ""step_event_index"": 15, ""total_hand_translation_m"": null, ""trial_finished_elapsed_s"": null, ""trial_recording"": true, ""trial_required_tool_ids"": [20, 34]}"
2026-09-05T10:48:45.516-04:00,arunn,gesture,tts_finished,lifecycle,r2_bearing_left,Row 2.3: bearing into left stand,ready,6,16,,,,3.247111,,,,,,,,,,,,,,,,bearing,,,,,"{""acquired_tool_ids"": [34], ""acquisition_complete"": false, ""completed_steps"": [""r1_bearing_right"", ""r1_bearing_left"", ""r2_gear_rod"", ""r2_bearing_right"", ""r2_fasten_first_stand""], ""head_rotation_deg"": null, ""head_translation_m"": null, ""left_hand_translation_m"": null, ""removed_tool_ids"": [15, 18, 19, 21, 27, 28], ""right_hand_translation_m"": null, ""selected_step"": ""r2_bearing_left"", ""step_attempt"": 6, ""step_elapsed_s"": 3.247123477049172, ""step_event_index"": 16, ""total_hand_translation_m"": null, ""trial_finished_elapsed_s"": null, ""trial_recording"": true, ""trial_required_tool_ids"": [20, 34]}"
2026-09-05T10:48:45.539-04:00,arunn,gesture,tts_started,lifecycle,r2_bearing_left,Row 2.3: bearing into left stand,ready,6,17,,,,3.270553,,,,,,,,,,,,,,,,1 part left.,,,,,"{""acquired_tool_ids"": [34], ""acquisition_complete"": false, ""completed_steps"": [""r1_bearing_right"", ""r1_bearing_left"", ""r2_gear_rod"", ""r2_bearing_right"", ""r2_fasten_first_stand""], ""head_rotation_deg"": null, ""head_translation_m"": null, ""left_hand_translation_m"": null, ""removed_tool_ids"": [15, 18, 19, 21, 27, 28], ""right_hand_translation_m"": null, ""selected_step"": ""r2_bearing_left"", ""step_attempt"": 6, ""step_elapsed_s"": 3.2705658150371164, ""step_event_index"": 17, ""total_hand_translation_m"": null, ""trial_finished_elapsed_s"": null, ""trial_recording"": true, ""trial_required_tool_ids"": [20, 34]}"
2026-09-05T10:48:46.428-04:00,arunn,gesture,hover,hover,r2_bearing_left,Row 2.3: bearing into left stand,ready,6,18,29,GEAR_ROW3_LEFT,,,,,,,,,,,,,,,,,,,,,,,"{""acquired_tool_ids"": [34], ""acquisition_complete"": false, ""completed_steps"": [""r1_bearing_right"", ""r1_bearing_left"", ""r2_gear_rod"", ""r2_bearing_right"", ""r2_fasten_first_stand""], ""head_rotation_deg"": null, ""head_translation_m"": null, ""left_hand_translation_m"": null, ""removed_tool_ids"": [15, 18, 19, 21, 27, 28], ""right_hand_translation_m"": null, ""selected_step"": ""r2_bearing_left"", ""step_attempt"": 6, ""step_elapsed_s"": 4.158980161999352, ""step_event_index"": 18, ""total_hand_translation_m"": null, ""trial_finished_elapsed_s"": null, ""trial_recording"": true, ""trial_required_tool_ids"": [20, 34]}"
2026-09-05T10:48:46.471-04:00,arunn,gesture,tts_queued,lifecycle,r2_bearing_left,Row 2.3: bearing into left stand,ready,6,19,,,,4.201818,,,,,,,,,,,,,,,,Row 3 left gear,,,replace_hover,,"{""acquired_tool_ids"": [34], ""acquisition_complete"": false, ""completed_steps"": [""r1_bearing_right"", ""r1_bearing_left"", ""r2_gear_rod"", ""r2_bearing_right"", ""r2_fasten_first_stand""], ""head_rotation_deg"": null, ""head_translation_m"": null, ""left_hand_translation_m"": null, ""removed_tool_ids"": [15, 18, 19, 21, 27, 28], ""right_hand_translation_m"": null, ""selected_step"": ""r2_bearing_left"", ""step_attempt"": 6, ""step_elapsed_s"": 4.201831419020891, ""step_event_index"": 19, ""total_hand_translation_m"": null, ""trial_finished_elapsed_s"": null, ""trial_recording"": true, ""trial_required_tool_ids"": [20, 34]}"
2026-09-05T10:48:46.543-04:00,arunn,gesture,tts_finished,lifecycle,r2_bearing_left,Row 2.3: bearing into left stand,ready,6,20,,,,4.274180,,,,,,,,,,,,,,,,1 part left.,,,,,"{""acquired_tool_ids"": [34], ""acquisition_complete"": false, ""completed_steps"": [""r1_bearing_right"", ""r1_bearing_left"", ""r2_gear_rod"", ""r2_bearing_right"", ""r2_fasten_first_stand""], ""head_rotation_deg"": null, ""head_translation_m"": null, ""left_hand_translation_m"": null, ""removed_tool_ids"": [15, 18, 19, 21, 27, 28], ""right_hand_translation_m"": null, ""selected_step"": ""r2_bearing_left"", ""step_attempt"": 6, ""step_elapsed_s"": 4.274195717996918, ""step_event_index"": 20, ""total_hand_translation_m"": null, ""trial_finished_elapsed_s"": null, ""trial_recording"": true, ""trial_required_tool_ids"": [20, 34]}"
2026-09-05T10:48:46.611-04:00,arunn,gesture,tts_started,lifecycle,r2_bearing_left,Row 2.3: bearing into left stand,ready,6,21,,,,4.341993,,,,,,,,,,,,,,,,Row 3 left gear,,,,,"{""acquired_tool_ids"": [34], ""acquisition_complete"": false, ""completed_steps"": [""r1_bearing_right"", ""r1_bearing_left"", ""r2_gear_rod"", ""r2_bearing_right"", ""r2_fasten_first_stand""], ""head_rotation_deg"": null, ""head_translation_m"": null, ""left_hand_translation_m"": null, ""removed_tool_ids"": [15, 18, 19, 21, 27, 28], ""right_hand_translation_m"": null, ""selected_step"": ""r2_bearing_left"", ""step_attempt"": 6, ""step_elapsed_s"": 4.342003945028409, ""step_event_index"": 21, ""total_hand_translation_m"": null, ""trial_finished_elapsed_s"": null, ""trial_recording"": true, ""trial_required_tool_ids"": [20, 34]}"
2026-09-05T10:48:47.130-04:00,arunn,gesture,hover,hover,r2_bearing_left,Row 2.3: bearing into left stand,ready,6,22,20,GEAR_STAND_ROW2_LEFT,,,,,,,,,,,,,,,,,,,,,,,"{""acquired_tool_ids"": [34], ""acquisition_complete"": false, ""completed_steps"": [""r1_bearing_right"", ""r1_bearing_left"", ""r2_gear_rod"", ""r2_bearing_right"", ""r2_fasten_first_stand""], ""head_rotation_deg"": null, ""head_translation_m"": null, ""left_hand_translation_m"": null, ""removed_tool_ids"": [15, 18, 19, 21, 27, 28], ""right_hand_translation_m"": null, ""selected_step"": ""r2_bearing_left"", ""step_attempt"": 6, ""step_elapsed_s"": 4.860895812977105, ""step_event_index"": 22, ""total_hand_translation_m"": null, ""trial_finished_elapsed_s"": null, ""trial_recording"": true, ""trial_required_tool_ids"": [20, 34]}"
2026-09-05T10:48:47.178-04:00,arunn,gesture,tts_queued,lifecycle,r2_bearing_left,Row 2.3: bearing into left stand,ready,6,23,,,,4.909601,,,,,,,,,,,,,,,,Row 2 left stand,,,replace_hover,,"{""acquired_tool_ids"": [34], ""acquisition_complete"": false, ""completed_steps"": [""r1_bearing_right"", ""r1_bearing_left"", ""r2_gear_rod"", ""r2_bearing_right"", ""r2_fasten_first_stand""], ""head_rotation_deg"": null, ""head_translation_m"": null, ""left_hand_translation_m"": null, ""removed_tool_ids"": [15, 18, 19, 21, 27, 28], ""right_hand_translation_m"": null, ""selected_step"": ""r2_bearing_left"", ""step_attempt"": 6, ""step_elapsed_s"": 4.909612625022419, ""step_event_index"": 23, ""total_hand_translation_m"": null, ""trial_finished_elapsed_s"": null, ""trial_recording"": true, ""trial_required_tool_ids"": [20, 34]}"
2026-09-05T10:48:47.238-04:00,arunn,gesture,tts_finished,lifecycle,r2_bearing_left,Row 2.3: bearing into left stand,ready,6,24,,,,4.969454,,,,,,,,,,,,,,,,Row 3 left gear,,,,,"{""acquired_tool_ids"": [34], ""acquisition_complete"": false, ""completed_steps"": [""r1_bearing_right"", ""r1_bearing_left"", ""r2_gear_rod"", ""r2_bearing_right"", ""r2_fasten_first_stand""], ""head_rotation_deg"": null, ""head_translation_m"": null, ""left_hand_translation_m"": null, ""removed_tool_ids"": [15, 18, 19, 21, 27, 28], ""right_hand_translation_m"": null, ""selected_step"": ""r2_bearing_left"", ""step_attempt"": 6, ""step_elapsed_s"": 4.969466306036338, ""step_event_index"": 24, ""total_hand_translation_m"": null, ""trial_finished_elapsed_s"": null, ""trial_recording"": true, ""trial_required_tool_ids"": [20, 34]}"
2026-09-05T10:48:47.259-04:00,arunn,gesture,tts_started,lifecycle,r2_bearing_left,Row 2.3: bearing into left stand,ready,6,25,,,,4.989947,,,,,,,,,,,,,,,,Row 2 left stand,,,,,"{""acquired_tool_ids"": [34], ""acquisition_complete"": false, ""completed_steps"": [""r1_bearing_right"", ""r1_bearing_left"", ""r2_gear_rod"", ""r2_bearing_right"", ""r2_fasten_first_stand""], ""head_rotation_deg"": null, ""head_translation_m"": null, ""left_hand_translation_m"": null, ""removed_tool_ids"": [15, 18, 19, 21, 27, 28], ""right_hand_translation_m"": null, ""selected_step"": ""r2_bearing_left"", ""step_attempt"": 6, ""step_elapsed_s"": 4.989960302016698, ""step_event_index"": 25, ""total_hand_translation_m"": null, ""trial_finished_elapsed_s"": null, ""trial_recording"": true, ""trial_required_tool_ids"": [20, 34]}"
2026-09-05T10:48:47.803-04:00,arunn,gesture,part_selection,click,r2_bearing_left,Row 2.3: bearing into left stand,ready,6,26,20,GEAR_STAND_ROW2_LEFT,2.367055,5.534680,,,,,,,,,,,,,,,1,,,,,,"{""acquired_tool_ids"": [20, 34], ""acquisition_complete"": false, ""completed_steps"": [""r1_bearing_right"", ""r1_bearing_left"", ""r2_gear_rod"", ""r2_bearing_right"", ""r2_fasten_first_stand""], ""head_rotation_deg"": null, ""head_translation_m"": null, ""left_hand_translation_m"": null, ""removed_tool_ids"": [15, 18, 19, 21, 27, 28], ""right_hand_translation_m"": null, ""selected_step"": ""r2_bearing_left"", ""step_attempt"": 6, ""step_elapsed_s"": 5.534723854972981, ""step_event_index"": 26, ""total_hand_translation_m"": null, ""trial_finished_elapsed_s"": null, ""trial_recording"": true, ""trial_required_tool_ids"": [20, 34]}"
2026-09-05T10:48:47.865-04:00,arunn,gesture,object_acquired,click,r2_bearing_left,Row 2.3: bearing into left stand,ready,6,27,20,GEAR_STAND_ROW2_LEFT,2.367055,5.534680,,,,,,,,,,,,,,,1,,,,,,"{""acquired_tool_ids"": [20, 34], ""acquisition_complete"": false, ""completed_steps"": [""r1_bearing_right"", ""r1_bearing_left"", ""r2_gear_rod"", ""r2_bearing_right"", ""r2_fasten_first_stand""], ""head_rotation_deg"": null, ""head_translation_m"": null, ""left_hand_translation_m"": null, ""removed_tool_ids"": [15, 18, 19, 21, 27, 28], ""right_hand_translation_m"": null, ""selected_step"": ""r2_bearing_left"", ""step_attempt"": 6, ""step_elapsed_s"": 5.596109861973673, ""step_event_index"": 27, ""total_hand_translation_m"": null, ""trial_finished_elapsed_s"": null, ""trial_recording"": true, ""trial_required_tool_ids"": [20, 34]}"
2026-09-05T10:48:47.912-04:00,arunn,gesture,step_acquisition_complete,click,r2_bearing_left,Row 2.3: bearing into left stand,ready,6,28,,,,5.642122,0.049740,17.092191,0.177397,0.198879,0.376276,0.000000,2.182407,2.182407,39.811587,0,5,0.000000,0.090317,0.090317,,,,,,,"{""acquired_tool_ids"": [20, 34], ""acquisition_complete"": true, ""any_hover_time_s"": 2.1824065718101338, ""completed_steps"": [""r1_bearing_right"", ""r1_bearing_left"", ""r2_gear_rod"", ""r2_bearing_right"", ""r2_fasten_first_stand""], ""head_rotation_deg"": 17.092190770476634, ""head_translation_m"": 0.04974034632633592, ""hover_time_percent"": 39.81158737493758, ""left_hand_translation_m"": 0.17739705402050573, ""left_hover_episodes"": 0, ""left_hover_time_s"": 0.0, ""left_hover_translation_m"": 0.0, ""removed_tool_ids"": [15, 18, 19, 20, 21, 27, 28], ""right_hand_translation_m"": 0.1988785488130869, ""right_hover_episodes"": 5, ""right_hover_time_s"": 2.1824065718101338, ""right_hover_translation_m"": 0.09031680686991755, ""selected_step"": ""r2_bearing_left"", ""step_attempt"": 6, ""step_elapsed_s"": 5.642121772048995, ""step_event_index"": 28, ""total_hand_translation_m"": 0.3762756028335926, ""total_hover_translation_m"": 0.09031680686991755, ""trial_finished_elapsed_s"": 5.642121772048995, ""trial_recording"": false, ""trial_required_tool_ids"": [20, 34]}"
2026-09-05T10:48:47.997-04:00,arunn,gesture,graph_complete,,r2_bearing_left,Row 2.3: bearing into left stand,complete,6,29,,,,,,,,,,,,,,,,,,,,,,,,,"{""acquired_tool_ids"": [20, 34], ""acquisition_complete"": true, ""any_hover_time_s"": 2.1824065718101338, ""completed_steps"": [""r1_bearing_right"", ""r1_bearing_left"", ""r2_gear_rod"", ""r2_bearing_right"", ""r2_fasten_first_stand"", ""r2_bearing_left"", ""r2_insert_rod_and_fit_second"", ""r2_fasten_second_stand""], ""head_rotation_deg"": 17.092190770476634, ""head_translation_m"": 0.04974034632633592, ""hover_time_percent"": 39.81158737493758, ""left_hand_translation_m"": 0.17739705402050573, ""left_hover_episodes"": 0, ""left_hover_time_s"": 0.0, ""left_hover_translation_m"": 0.0, ""removed_tool_ids"": [15, 18, 19, 20, 21, 27, 28], ""right_hand_translation_m"": 0.1988785488130869, ""right_hover_episodes"": 5, ""right_hover_time_s"": 2.1824065718101338, ""right_hover_translation_m"": 0.09031680686991755, ""selected_step"": ""r2_bearing_left"", ""step_attempt"": 6, ""step_elapsed_s"": 5.642121772048995, ""step_event_index"": 29, ""total_hand_translation_m"": 0.3762756028335926, ""total_hover_translation_m"": 0.09031680686991755, ""trial_finished_elapsed_s"": 5.642121772048995, ""trial_recording"": false, ""trial_required_tool_ids"": [20, 34]}"
2026-09-05T10:49:00.371-04:00,arunn,gesture,step_started,keyboard,r1_gear_rod,Row 1.2: assemble gear rod,ready,7,1,,,,,,,,,,,,,,,,,,,,,,,,,"{""acquired_tool_ids"": [], ""acquisition_complete"": false, ""completed_steps"": [""r1_bearing_right"", ""r1_bearing_left"", ""r2_gear_rod"", ""r2_bearing_right"", ""r2_fasten_first_stand"", ""r2_bearing_left"", ""r2_insert_rod_and_fit_second"", ""r2_fasten_second_stand""], ""head_rotation_deg"": null, ""head_translation_m"": null, ""left_hand_translation_m"": null, ""removed_tool_ids"": [15, 18, 19, 20, 21, 27, 28], ""right_hand_translation_m"": null, ""selected_step"": ""r1_gear_rod"", ""step_attempt"": 7, ""step_elapsed_s"": 5.776400212198496e-05, ""step_event_index"": 1, ""total_hand_translation_m"": null, ""trial_finished_elapsed_s"": null, ""trial_recording"": true, ""trial_required_tool_ids"": [14, 26, 33]}"
2026-09-05T10:49:02.123-04:00,arunn,gesture,hover,hover,r1_gear_rod,Row 1.2: assemble gear rod,ready,7,2,35,SCREWS,,,,,,,,,,,,,,,,,,,,,,,"{""acquired_tool_ids"": [], ""acquisition_complete"": false, ""completed_steps"": [""r1_bearing_right"", ""r1_bearing_left"", ""r2_gear_rod"", ""r2_bearing_right"", ""r2_fasten_first_stand"", ""r2_bearing_left"", ""r2_insert_rod_and_fit_second"", ""r2_fasten_second_stand""], ""head_rotation_deg"": null, ""head_translation_m"": null, ""left_hand_translation_m"": null, ""removed_tool_ids"": [15, 18, 19, 20, 21, 27, 28], ""right_hand_translation_m"": null, ""selected_step"": ""r1_gear_rod"", ""step_attempt"": 7, ""step_elapsed_s"": 1.7520682408940047, ""step_event_index"": 2, ""total_hand_translation_m"": null, ""trial_finished_elapsed_s"": null, ""trial_recording"": true, ""trial_required_tool_ids"": [14, 26, 33]}"
2026-09-05T10:49:02.172-04:00,arunn,gesture,tts_queued,lifecycle,r1_gear_rod,Row 1.2: assemble gear rod,ready,7,3,,,,1.800620,,,,,,,,,,,,,,,,screw,,,replace_hover,,"{""acquired_tool_ids"": [], ""acquisition_complete"": false, ""completed_steps"": [""r1_bearing_right"", ""r1_bearing_left"", ""r2_gear_rod"", ""r2_bearing_right"", ""r2_fasten_first_stand"", ""r2_bearing_left"", ""r2_insert_rod_and_fit_second"", ""r2_fasten_second_stand""], ""head_rotation_deg"": null, ""head_translation_m"": null, ""left_hand_translation_m"": null, ""removed_tool_ids"": [15, 18, 19, 20, 21, 27, 28], ""right_hand_translation_m"": null, ""selected_step"": ""r1_gear_rod"", ""step_attempt"": 7, ""step_elapsed_s"": 1.8006379399448633, ""step_event_index"": 3, ""total_hand_translation_m"": null, ""trial_finished_elapsed_s"": null, ""trial_recording"": true, ""trial_required_tool_ids"": [14, 26, 33]}"
2026-09-05T10:49:02.274-04:00,arunn,gesture,tts_started,lifecycle,r1_gear_rod,Row 1.2: assemble gear rod,ready,7,4,,,,1.902694,,,,,,,,,,,,,,,,screw,,,,,"{""acquired_tool_ids"": [], ""acquisition_complete"": false, ""completed_steps"": [""r1_bearing_right"", ""r1_bearing_left"", ""r2_gear_rod"", ""r2_bearing_right"", ""r2_fasten_first_stand"", ""r2_bearing_left"", ""r2_insert_rod_and_fit_second"", ""r2_fasten_second_stand""], ""head_rotation_deg"": null, ""head_translation_m"": null, ""left_hand_translation_m"": null, ""removed_tool_ids"": [15, 18, 19, 20, 21, 27, 28], ""right_hand_translation_m"": null, ""selected_step"": ""r1_gear_rod"", ""step_attempt"": 7, ""step_elapsed_s"": 1.9027083509135991, ""step_event_index"": 4, ""total_hand_translation_m"": null, ""trial_finished_elapsed_s"": null, ""trial_recording"": true, ""trial_required_tool_ids"": [14, 26, 33]}"
2026-09-05T10:49:02.888-04:00,arunn,gesture,tts_finished,lifecycle,r1_gear_rod,Row 1.2: assemble gear rod,ready,7,5,,,,2.517508,,,,,,,,,,,,,,,,screw,,,,,"{""acquired_tool_ids"": [], ""acquisition_complete"": false, ""completed_steps"": [""r1_bearing_right"", ""r1_bearing_left"", ""r2_gear_rod"", ""r2_bearing_right"", ""r2_fasten_first_stand"", ""r2_bearing_left"", ""r2_insert_rod_and_fit_second"", ""r2_fasten_second_stand""], ""head_rotation_deg"": null, ""head_translation_m"": null, ""left_hand_translation_m"": null, ""removed_tool_ids"": [15, 18, 19, 20, 21, 27, 28], ""right_hand_translation_m"": null, ""selected_step"": ""r1_gear_rod"", ""step_attempt"": 7, ""step_elapsed_s"": 2.5175195939373225, ""step_event_index"": 5, ""total_hand_translation_m"": null, ""trial_finished_elapsed_s"": null, ""trial_recording"": true, ""trial_required_tool_ids"": [14, 26, 33]}"
2026-09-05T10:49:03.142-04:00,arunn,gesture,hover,hover,r1_gear_rod,Row 1.2: assemble gear rod,ready,7,6,16,GEAR_ROD_ROW3,,,,,,,,,,,,,,,,,,,,,,,"{""acquired_tool_ids"": [], ""acquisition_complete"": false, ""completed_steps"": [""r1_bearing_right"", ""r1_bearing_left"", ""r2_gear_rod"", ""r2_bearing_right"", ""r2_fasten_first_stand"", ""r2_bearing_left"", ""r2_insert_rod_and_fit_second"", ""r2_fasten_second_stand""], ""head_rotation_deg"": null, ""head_translation_m"": null, ""left_hand_translation_m"": null, ""removed_tool_ids"": [15, 18, 19, 20, 21, 27, 28], ""right_hand_translation_m"": null, ""selected_step"": ""r1_gear_rod"", ""step_attempt"": 7, ""step_elapsed_s"": 2.7710931749315932, ""step_event_index"": 6, ""total_hand_translation_m"": null, ""trial_finished_elapsed_s"": null, ""trial_recording"": true, ""trial_required_tool_ids"": [14, 26, 33]}"
2026-09-05T10:49:03.172-04:00,arunn,gesture,tts_queued,lifecycle,r1_gear_rod,Row 1.2: assemble gear rod,ready,7,7,,,,2.800837,,,,,,,,,,,,,,,,Row 3 gear rod,,,replace_hover,,"{""acquired_tool_ids"": [], ""acquisition_complete"": false, ""completed_steps"": [""r1_bearing_right"", ""r1_bearing_left"", ""r2_gear_rod"", ""r2_bearing_right"", ""r2_fasten_first_stand"", ""r2_bearing_left"", ""r2_insert_rod_and_fit_second"", ""r2_fasten_second_stand""], ""head_rotation_deg"": null, ""head_translation_m"": null, ""left_hand_translation_m"": null, ""removed_tool_ids"": [15, 18, 19, 20, 21, 27, 28], ""right_hand_translation_m"": null, ""selected_step"": ""r1_gear_rod"", ""step_attempt"": 7, ""step_elapsed_s"": 2.800849581952207, ""step_event_index"": 7, ""total_hand_translation_m"": null, ""trial_finished_elapsed_s"": null, ""trial_recording"": true, ""trial_required_tool_ids"": [14, 26, 33]}"
2026-09-05T10:49:03.355-04:00,arunn,gesture,tts_started,lifecycle,r1_gear_rod,Row 1.2: assemble gear rod,ready,7,8,,,,2.983968,,,,,,,,,,,,,,,,Row 3 gear rod,,,,,"{""acquired_tool_ids"": [], ""acquisition_complete"": false, ""completed_steps"": [""r1_bearing_right"", ""r1_bearing_left"", ""r2_gear_rod"", ""r2_bearing_right"", ""r2_fasten_first_stand"", ""r2_bearing_left"", ""r2_insert_rod_and_fit_second"", ""r2_fasten_second_stand""], ""head_rotation_deg"": null, ""head_translation_m"": null, ""left_hand_translation_m"": null, ""removed_tool_ids"": [15, 18, 19, 20, 21, 27, 28], ""right_hand_translation_m"": null, ""selected_step"": ""r1_gear_rod"", ""step_attempt"": 7, ""step_elapsed_s"": 2.983978990931064, ""step_event_index"": 8, ""total_hand_translation_m"": null, ""trial_finished_elapsed_s"": null, ""trial_recording"": true, ""trial_required_tool_ids"": [14, 26, 33]}"
2026-09-05T10:49:03.512-04:00,arunn,gesture,hover,hover,r1_gear_rod,Row 1.2: assemble gear rod,ready,7,9,14,GEAR_ROD_ROW1,,,,,,,,,,,,,,,,,,,,,,,"{""acquired_tool_ids"": [], ""acquisition_complete"": false, ""completed_steps"": [""r1_bearing_right"", ""r1_bearing_left"", ""r2_gear_rod"", ""r2_bearing_right"", ""r2_fasten_first_stand"", ""r2_bearing_left"", ""r2_insert_rod_and_fit_second"", ""r2_fasten_second_stand""], ""head_rotation_deg"": null, ""head_translation_m"": null, ""left_hand_translation_m"": null, ""removed_tool_ids"": [15, 18, 19, 20, 21, 27, 28], ""right_hand_translation_m"": null, ""selected_step"": ""r1_gear_rod"", ""step_attempt"": 7, ""step_elapsed_s"": 3.1414828120032325, ""step_event_index"": 9, ""total_hand_translation_m"": null, ""trial_finished_elapsed_s"": null, ""trial_recording"": true, ""trial_required_tool_ids"": [14, 26, 33]}"
2026-09-05T10:49:03.573-04:00,arunn,gesture,tts_queued,lifecycle,r1_gear_rod,Row 1.2: assemble gear rod,ready,7,10,,,,3.202153,,,,,,,,,,,,,,,,Row 1 gear rod,,,replace_hover,,"{""acquired_tool_ids"": [], ""acquisition_complete"": false, ""completed_steps"": [""r1_bearing_right"", ""r1_bearing_left"", ""r2_gear_rod"", ""r2_bearing_right"", ""r2_fasten_first_stand"", ""r2_bearing_left"", ""r2_insert_rod_and_fit_second"", ""r2_fasten_second_stand""], ""head_rotation_deg"": null, ""head_translation_m"": null, ""left_hand_translation_m"": null, ""removed_tool_ids"": [15, 18, 19, 20, 21, 27, 28], ""right_hand_translation_m"": null, ""selected_step"": ""r1_gear_rod"", ""step_attempt"": 7, ""step_elapsed_s"": 3.2021636579884216, ""step_event_index"": 10, ""total_hand_translation_m"": null, ""trial_finished_elapsed_s"": null, ""trial_recording"": true, ""trial_required_tool_ids"": [14, 26, 33]}"
2026-09-05T10:49:03.613-04:00,arunn,gesture,tts_finished,lifecycle,r1_gear_rod,Row 1.2: assemble gear rod,ready,7,11,,,,3.242020,,,,,,,,,,,,,,,,Row 3 gear rod,,,,,"{""acquired_tool_ids"": [], ""acquisition_complete"": false, ""completed_steps"": [""r1_bearing_right"", ""r1_bearing_left"", ""r2_gear_rod"", ""r2_bearing_right"", ""r2_fasten_first_stand"", ""r2_bearing_left"", ""r2_insert_rod_and_fit_second"", ""r2_fasten_second_stand""], ""head_rotation_deg"": null, ""head_translation_m"": null, ""left_hand_translation_m"": null, ""removed_tool_ids"": [15, 18, 19, 20, 21, 27, 28], ""right_hand_translation_m"": null, ""selected_step"": ""r1_gear_rod"", ""step_attempt"": 7, ""step_elapsed_s"": 3.2420277699129656, ""step_event_index"": 11, ""total_hand_translation_m"": null, ""trial_finished_elapsed_s"": null, ""trial_recording"": true, ""trial_required_tool_ids"": [14, 26, 33]}"
2026-09-05T10:49:03.632-04:00,arunn,gesture,tts_started,lifecycle,r1_gear_rod,Row 1.2: assemble gear rod,ready,7,12,,,,3.260907,,,,,,,,,,,,,,,,Row 1 gear rod,,,,,"{""acquired_tool_ids"": [], ""acquisition_complete"": false, ""completed_steps"": [""r1_bearing_right"", ""r1_bearing_left"", ""r2_gear_rod"", ""r2_bearing_right"", ""r2_fasten_first_stand"", ""r2_bearing_left"", ""r2_insert_rod_and_fit_second"", ""r2_fasten_second_stand""], ""head_rotation_deg"": null, ""head_translation_m"": null, ""left_hand_translation_m"": null, ""removed_tool_ids"": [15, 18, 19, 20, 21, 27, 28], ""right_hand_translation_m"": null, ""selected_step"": ""r1_gear_rod"", ""step_attempt"": 7, ""step_elapsed_s"": 3.260920346947387, ""step_event_index"": 12, ""total_hand_translation_m"": null, ""trial_finished_elapsed_s"": null, ""trial_recording"": true, ""trial_required_tool_ids"": [14, 26, 33]}"
2026-09-05T10:49:04.528-04:00,arunn,gesture,part_selection,click,r1_gear_rod,Row 1.2: assemble gear rod,ready,7,13,14,GEAR_ROD_ROW1,4.157264,4.157264,,,,,,,,,,,,,,,1,,,,,,"{""acquired_tool_ids"": [14], ""acquisition_complete"": false, ""completed_steps"": [""r1_bearing_right"", ""r1_bearing_left"", ""r2_gear_rod"", ""r2_bearing_right"", ""r2_fasten_first_stand"", ""r2_bearing_left"", ""r2_insert_rod_and_fit_second"", ""r2_fasten_second_stand""], ""head_rotation_deg"": null, ""head_translation_m"": null, ""left_hand_translation_m"": null, ""removed_tool_ids"": [15, 18, 19, 20, 21, 27, 28], ""right_hand_translation_m"": null, ""selected_step"": ""r1_gear_rod"", ""step_attempt"": 7, ""step_elapsed_s"": 4.157304824911989, ""step_event_index"": 13, ""total_hand_translation_m"": null, ""trial_finished_elapsed_s"": null, ""trial_recording"": true, ""trial_required_tool_ids"": [14, 26, 33]}"
2026-09-05T10:49:04.563-04:00,arunn,gesture,object_acquired,click,r1_gear_rod,Row 1.2: assemble gear rod,ready,7,14,14,GEAR_ROD_ROW1,4.157264,4.157264,,,,,,,,,,,,,,,1,,,,,,"{""acquired_tool_ids"": [14], ""acquisition_complete"": false, ""completed_steps"": [""r1_bearing_right"", ""r1_bearing_left"", ""r2_gear_rod"", ""r2_bearing_right"", ""r2_fasten_first_stand"", ""r2_bearing_left"", ""r2_insert_rod_and_fit_second"", ""r2_fasten_second_stand""], ""head_rotation_deg"": null, ""head_translation_m"": null, ""left_hand_translation_m"": null, ""removed_tool_ids"": [15, 18, 19, 20, 21, 27, 28], ""right_hand_translation_m"": null, ""selected_step"": ""r1_gear_rod"", ""step_attempt"": 7, ""step_elapsed_s"": 4.192392312921584, ""step_event_index"": 14, ""total_hand_translation_m"": null, ""trial_finished_elapsed_s"": null, ""trial_recording"": true, ""trial_required_tool_ids"": [14, 26, 33]}"
2026-09-05T10:49:04.583-04:00,arunn,gesture,tts_queued,lifecycle,r1_gear_rod,Row 1.2: assemble gear rod,ready,7,15,,,,4.212409,,,,,,,,,,,,,,,,2 parts left.,,,replace,,"{""acquired_tool_ids"": [14], ""acquisition_complete"": false, ""completed_steps"": [""r1_bearing_right"", ""r1_bearing_left"", ""r2_gear_rod"", ""r2_bearing_right"", ""r2_fasten_first_stand"", ""r2_bearing_left"", ""r2_insert_rod_and_fit_second"", ""r2_fasten_second_stand""], ""head_rotation_deg"": null, ""head_translation_m"": null, ""left_hand_translation_m"": null, ""removed_tool_ids"": [15, 18, 19, 20, 21, 27, 28], ""right_hand_translation_m"": null, ""selected_step"": ""r1_gear_rod"", ""step_attempt"": 7, ""step_elapsed_s"": 4.2124165300047025, ""step_event_index"": 15, ""total_hand_translation_m"": null, ""trial_finished_elapsed_s"": null, ""trial_recording"": true, ""trial_required_tool_ids"": [14, 26, 33]}"
2026-09-05T10:49:04.608-04:00,arunn,gesture,tts_finished,lifecycle,r1_gear_rod,Row 1.2: assemble gear rod,ready,7,16,,,,4.236890,,,,,,,,,,,,,,,,Row 1 gear rod,,,,,"{""acquired_tool_ids"": [14], ""acquisition_complete"": false, ""completed_steps"": [""r1_bearing_right"", ""r1_bearing_left"", ""r2_gear_rod"", ""r2_bearing_right"", ""r2_fasten_first_stand"", ""r2_bearing_left"", ""r2_insert_rod_and_fit_second"", ""r2_fasten_second_stand""], ""head_rotation_deg"": null, ""head_translation_m"": null, ""left_hand_translation_m"": null, ""removed_tool_ids"": [15, 18, 19, 20, 21, 27, 28], ""right_hand_translation_m"": null, ""selected_step"": ""r1_gear_rod"", ""step_attempt"": 7, ""step_elapsed_s"": 4.236898019909859, ""step_event_index"": 16, ""total_hand_translation_m"": null, ""trial_finished_elapsed_s"": null, ""trial_recording"": true, ""trial_required_tool_ids"": [14, 26, 33]}"
2026-09-05T10:49:04.622-04:00,arunn,gesture,tts_started,lifecycle,r1_gear_rod,Row 1.2: assemble gear rod,ready,7,17,,,,4.250821,,,,,,,,,,,,,,,,2 parts left.,,,,,"{""acquired_tool_ids"": [14], ""acquisition_complete"": false, ""completed_steps"": [""r1_bearing_right"", ""r1_bearing_left"", ""r2_gear_rod"", ""r2_bearing_right"", ""r2_fasten_first_stand"", ""r2_bearing_left"", ""r2_insert_rod_and_fit_second"", ""r2_fasten_second_stand""], ""head_rotation_deg"": null, ""head_translation_m"": null, ""left_hand_translation_m"": null, ""removed_tool_ids"": [15, 18, 19, 20, 21, 27, 28], ""right_hand_translation_m"": null, ""selected_step"": ""r1_gear_rod"", ""step_attempt"": 7, ""step_elapsed_s"": 4.250830829958431, ""step_event_index"": 17, ""total_hand_translation_m"": null, ""trial_finished_elapsed_s"": null, ""trial_recording"": true, ""trial_required_tool_ids"": [14, 26, 33]}"
2026-09-05T10:49:05.286-04:00,arunn,gesture,hover,hover,r1_gear_rod,Row 1.2: assemble gear rod,ready,7,18,16,GEAR_ROD_ROW3,,,,,,,,,,,,,,,,,,,,,,,"{""acquired_tool_ids"": [14], ""acquisition_complete"": false, ""completed_steps"": [""r1_bearing_right"", ""r1_bearing_left"", ""r2_gear_rod"", ""r2_bearing_right"", ""r2_fasten_first_stand"", ""r2_bearing_left"", ""r2_insert_rod_and_fit_second"", ""r2_fasten_second_stand""], ""head_rotation_deg"": null, ""head_translation_m"": null, ""left_hand_translation_m"": null, ""removed_tool_ids"": [15, 18, 19, 20, 21, 27, 28], ""right_hand_translation_m"": null, ""selected_step"": ""r1_gear_rod"", ""step_attempt"": 7, ""step_elapsed_s"": 4.914897279930301, ""step_event_index"": 18, ""total_hand_translation_m"": null, ""trial_finished_elapsed_s"": null, ""trial_recording"": true, ""trial_required_tool_ids"": [14, 26, 33]}"
2026-09-05T10:49:05.317-04:00,arunn,gesture,tts_queued,lifecycle,r1_gear_rod,Row 1.2: assemble gear rod,ready,7,19,,,,4.946022,,,,,,,,,,,,,,,,Row 3 gear rod,,,replace_hover,,"{""acquired_tool_ids"": [14], ""acquisition_complete"": false, ""completed_steps"": [""r1_bearing_right"", ""r1_bearing_left"", ""r2_gear_rod"", ""r2_bearing_right"", ""r2_fasten_first_stand"", ""r2_bearing_left"", ""r2_insert_rod_and_fit_second"", ""r2_fasten_second_stand""], ""head_rotation_deg"": null, ""head_translation_m"": null, ""left_hand_translation_m"": null, ""removed_tool_ids"": [15, 18, 19, 20, 21, 27, 28], ""right_hand_translation_m"": null, ""selected_step"": ""r1_gear_rod"", ""step_attempt"": 7, ""step_elapsed_s"": 4.946032005944289, ""step_event_index"": 19, ""total_hand_translation_m"": null, ""trial_finished_elapsed_s"": null, ""trial_recording"": true, ""trial_required_tool_ids"": [14, 26, 33]}"
2026-09-05T10:49:05.367-04:00,arunn,gesture,hover,hover,r1_gear_rod,Row 1.2: assemble gear rod,ready,7,20,17,GEAR_ROD_ROW4,,,,,,,,,,,,,,,,,,,,,,,"{""acquired_tool_ids"": [14], ""acquisition_complete"": false, ""completed_steps"": [""r1_bearing_right"", ""r1_bearing_left"", ""r2_gear_rod"", ""r2_bearing_right"", ""r2_fasten_first_stand"", ""r2_bearing_left"", ""r2_insert_rod_and_fit_second"", ""r2_fasten_second_stand""], ""head_rotation_deg"": null, ""head_translation_m"": null, ""left_hand_translation_m"": null, ""removed_tool_ids"": [15, 18, 19, 20, 21, 27, 28], ""right_hand_translation_m"": null, ""selected_step"": ""r1_gear_rod"", ""step_attempt"": 7, ""step_elapsed_s"": 4.995807397994213, ""step_event_index"": 20, ""total_hand_translation_m"": null, ""trial_finished_elapsed_s"": null, ""trial_recording"": true, ""trial_required_tool_ids"": [14, 26, 33]}"
2026-09-05T10:49:05.398-04:00,arunn,gesture,tts_queued,lifecycle,r1_gear_rod,Row 1.2: assemble gear rod,ready,7,21,,,,5.027466,,,,,,,,,,,,,,,,Row 4 gear rod,,,replace_hover,,"{""acquired_tool_ids"": [14], ""acquisition_complete"": false, ""completed_steps"": [""r1_bearing_right"", ""r1_bearing_left"", ""r2_gear_rod"", ""r2_bearing_right"", ""r2_fasten_first_stand"", ""r2_bearing_left"", ""r2_insert_rod_and_fit_second"", ""r2_fasten_second_stand""], ""head_rotation_deg"": null, ""head_translation_m"": null, ""left_hand_translation_m"": null, ""removed_tool_ids"": [15, 18, 19, 20, 21, 27, 28], ""right_hand_translation_m"": null, ""selected_step"": ""r1_gear_rod"", ""step_attempt"": 7, ""step_elapsed_s"": 5.02747971995268, ""step_event_index"": 21, ""total_hand_translation_m"": null, ""trial_finished_elapsed_s"": null, ""trial_recording"": true, ""trial_required_tool_ids"": [14, 26, 33]}"
2026-09-05T10:49:05.473-04:00,arunn,gesture,tts_finished,lifecycle,r1_gear_rod,Row 1.2: assemble gear rod,ready,7,22,,,,5.101898,,,,,,,,,,,,,,,,2 parts left.,,,,,"{""acquired_tool_ids"": [14], ""acquisition_complete"": false, ""completed_steps"": [""r1_bearing_right"", ""r1_bearing_left"", ""r2_gear_rod"", ""r2_bearing_right"", ""r2_fasten_first_stand"", ""r2_bearing_left"", ""r2_insert_rod_and_fit_second"", ""r2_fasten_second_stand""], ""head_rotation_deg"": null, ""head_translation_m"": null, ""left_hand_translation_m"": null, ""removed_tool_ids"": [15, 18, 19, 20, 21, 27, 28], ""right_hand_translation_m"": null, ""selected_step"": ""r1_gear_rod"", ""step_attempt"": 7, ""step_elapsed_s"": 5.101914305938408, ""step_event_index"": 22, ""total_hand_translation_m"": null, ""trial_finished_elapsed_s"": null, ""trial_recording"": true, ""trial_required_tool_ids"": [14, 26, 33]}"
2026-09-05T10:49:05.511-04:00,arunn,gesture,tts_started,lifecycle,r1_gear_rod,Row 1.2: assemble gear rod,ready,7,23,,,,5.139901,,,,,,,,,,,,,,,,Row 3 gear rod,,,,,"{""acquired_tool_ids"": [14], ""acquisition_complete"": false, ""completed_steps"": [""r1_bearing_right"", ""r1_bearing_left"", ""r2_gear_rod"", ""r2_bearing_right"", ""r2_fasten_first_stand"", ""r2_bearing_left"", ""r2_insert_rod_and_fit_second"", ""r2_fasten_second_stand""], ""head_rotation_deg"": null, ""head_translation_m"": null, ""left_hand_translation_m"": null, ""removed_tool_ids"": [15, 18, 19, 20, 21, 27, 28], ""right_hand_translation_m"": null, ""selected_step"": ""r1_gear_rod"", ""step_attempt"": 7, ""step_elapsed_s"": 5.139909495948814, ""step_event_index"": 23, ""total_hand_translation_m"": null, ""trial_finished_elapsed_s"": null, ""trial_recording"": true, ""trial_required_tool_ids"": [14, 26, 33]}"
2026-09-05T10:49:05.525-04:00,arunn,gesture,tts_finished,lifecycle,r1_gear_rod,Row 1.2: assemble gear rod,ready,7,24,,,,5.154162,,,,,,,,,,,,,,,,Row 3 gear rod,,,,,"{""acquired_tool_ids"": [14], ""acquisition_complete"": false, ""completed_steps"": [""r1_bearing_right"", ""r1_bearing_left"", ""r2_gear_rod"", ""r2_bearing_right"", ""r2_fasten_first_stand"", ""r2_bearing_left"", ""r2_insert_rod_and_fit_second"", ""r2_fasten_second_stand""], ""head_rotation_deg"": null, ""head_translation_m"": null, ""left_hand_translation_m"": null, ""removed_tool_ids"": [15, 18, 19, 20, 21, 27, 28], ""right_hand_translation_m"": null, ""selected_step"": ""r1_gear_rod"", ""step_attempt"": 7, ""step_elapsed_s"": 5.154168757959269, ""step_event_index"": 24, ""total_hand_translation_m"": null, ""trial_finished_elapsed_s"": null, ""trial_recording"": true, ""trial_required_tool_ids"": [14, 26, 33]}"
2026-09-05T10:49:05.542-04:00,arunn,gesture,tts_started,lifecycle,r1_gear_rod,Row 1.2: assemble gear rod,ready,7,25,,,,5.171548,,,,,,,,,,,,,,,,Row 4 gear rod,,,,,"{""acquired_tool_ids"": [14], ""acquisition_complete"": false, ""completed_steps"": [""r1_bearing_right"", ""r1_bearing_left"", ""r2_gear_rod"", ""r2_bearing_right"", ""r2_fasten_first_stand"", ""r2_bearing_left"", ""r2_insert_rod_and_fit_second"", ""r2_fasten_second_stand""], ""head_rotation_deg"": null, ""head_translation_m"": null, ""left_hand_translation_m"": null, ""removed_tool_ids"": [15, 18, 19, 20, 21, 27, 28], ""right_hand_translation_m"": null, ""selected_step"": ""r1_gear_rod"", ""step_attempt"": 7, ""step_elapsed_s"": 5.171554608969018, ""step_event_index"": 25, ""total_hand_translation_m"": null, ""trial_finished_elapsed_s"": null, ""trial_recording"": true, ""trial_required_tool_ids"": [14, 26, 33]}"
2026-09-05T10:49:05.683-04:00,arunn,gesture,hover,hover,r1_gear_rod,Row 1.2: assemble gear rod,ready,7,26,35,SCREWS,,,,,,,,,,,,,,,,,,,,,,,"{""acquired_tool_ids"": [14], ""acquisition_complete"": false, ""completed_steps"": [""r1_bearing_right"", ""r1_bearing_left"", ""r2_gear_rod"", ""r2_bearing_right"", ""r2_fasten_first_stand"", ""r2_bearing_left"", ""r2_insert_rod_and_fit_second"", ""r2_fasten_second_stand""], ""head_rotation_deg"": null, ""head_translation_m"": null, ""left_hand_translation_m"": null, ""removed_tool_ids"": [15, 18, 19, 20, 21, 27, 28], ""right_hand_translation_m"": null, ""selected_step"": ""r1_gear_rod"", ""step_attempt"": 7, ""step_elapsed_s"": 5.312557122902945, ""step_event_index"": 26, ""total_hand_translation_m"": null, ""trial_finished_elapsed_s"": null, ""trial_recording"": true, ""trial_required_tool_ids"": [14, 26, 33]}"
2026-09-05T10:49:05.736-04:00,arunn,gesture,tts_queued,lifecycle,r1_gear_rod,Row 1.2: assemble gear rod,ready,7,27,,,,5.365306,,,,,,,,,,,,,,,,screw,,,replace_hover,,"{""acquired_tool_ids"": [14], ""acquisition_complete"": false, ""completed_steps"": [""r1_bearing_right"", ""r1_bearing_left"", ""r2_gear_rod"", ""r2_bearing_right"", ""r2_fasten_first_stand"", ""r2_bearing_left"", ""r2_insert_rod_and_fit_second"", ""r2_fasten_second_stand""], ""head_rotation_deg"": null, ""head_translation_m"": null, ""left_hand_translation_m"": null, ""removed_tool_ids"": [15, 18, 19, 20, 21, 27, 28], ""right_hand_translation_m"": null, ""selected_step"": ""r1_gear_rod"", ""step_attempt"": 7, ""step_elapsed_s"": 5.3653190459590405, ""step_event_index"": 27, ""total_hand_translation_m"": null, ""trial_finished_elapsed_s"": null, ""trial_recording"": true, ""trial_required_tool_ids"": [14, 26, 33]}"
2026-09-05T10:49:05.789-04:00,arunn,gesture,tts_finished,lifecycle,r1_gear_rod,Row 1.2: assemble gear rod,ready,7,28,,,,5.418527,,,,,,,,,,,,,,,,Row 4 gear rod,,,,,"{""acquired_tool_ids"": [14], ""acquisition_complete"": false, ""completed_steps"": [""r1_bearing_right"", ""r1_bearing_left"", ""r2_gear_rod"", ""r2_bearing_right"", ""r2_fasten_first_stand"", ""r2_bearing_left"", ""r2_insert_rod_and_fit_second"", ""r2_fasten_second_stand""], ""head_rotation_deg"": null, ""head_translation_m"": null, ""left_hand_translation_m"": null, ""removed_tool_ids"": [15, 18, 19, 20, 21, 27, 28], ""right_hand_translation_m"": null, ""selected_step"": ""r1_gear_rod"", ""step_attempt"": 7, ""step_elapsed_s"": 5.418537663994357, ""step_event_index"": 28, ""total_hand_translation_m"": null, ""trial_finished_elapsed_s"": null, ""trial_recording"": true, ""trial_required_tool_ids"": [14, 26, 33]}"
2026-09-05T10:49:05.863-04:00,arunn,gesture,tts_started,lifecycle,r1_gear_rod,Row 1.2: assemble gear rod,ready,7,29,,,,5.492155,,,,,,,,,,,,,,,,screw,,,,,"{""acquired_tool_ids"": [14], ""acquisition_complete"": false, ""completed_steps"": [""r1_bearing_right"", ""r1_bearing_left"", ""r2_gear_rod"", ""r2_bearing_right"", ""r2_fasten_first_stand"", ""r2_bearing_left"", ""r2_insert_rod_and_fit_second"", ""r2_fasten_second_stand""], ""head_rotation_deg"": null, ""head_translation_m"": null, ""left_hand_translation_m"": null, ""removed_tool_ids"": [15, 18, 19, 20, 21, 27, 28], ""right_hand_translation_m"": null, ""selected_step"": ""r1_gear_rod"", ""step_attempt"": 7, ""step_elapsed_s"": 5.492165342904627, ""step_event_index"": 29, ""total_hand_translation_m"": null, ""trial_finished_elapsed_s"": null, ""trial_recording"": true, ""trial_required_tool_ids"": [14, 26, 33]}"
2026-09-05T10:49:05.937-04:00,arunn,gesture,hover,hover,r1_gear_rod,Row 1.2: assemble gear rod,ready,7,30,29,GEAR_ROW3_LEFT,,,,,,,,,,,,,,,,,,,,,,,"{""acquired_tool_ids"": [14], ""acquisition_complete"": false, ""completed_steps"": [""r1_bearing_right"", ""r1_bearing_left"", ""r2_gear_rod"", ""r2_bearing_right"", ""r2_fasten_first_stand"", ""r2_bearing_left"", ""r2_insert_rod_and_fit_second"", ""r2_fasten_second_stand""], ""head_rotation_deg"": null, ""head_translation_m"": null, ""left_hand_translation_m"": null, ""removed_tool_ids"": [15, 18, 19, 20, 21, 27, 28], ""right_hand_translation_m"": null, ""selected_step"": ""r1_gear_rod"", ""step_attempt"": 7, ""step_elapsed_s"": 5.5663277509156615, ""step_event_index"": 30, ""total_hand_translation_m"": null, ""trial_finished_elapsed_s"": null, ""trial_recording"": true, ""trial_required_tool_ids"": [14, 26, 33]}"
2026-09-05T10:49:05.972-04:00,arunn,gesture,tts_queued,lifecycle,r1_gear_rod,Row 1.2: assemble gear rod,ready,7,31,,,,5.601125,,,,,,,,,,,,,,,,Row 3 left gear,,,replace_hover,,"{""acquired_tool_ids"": [14], ""acquisition_complete"": false, ""completed_steps"": [""r1_bearing_right"", ""r1_bearing_left"", ""r2_gear_rod"", ""r2_bearing_right"", ""r2_fasten_first_stand"", ""r2_bearing_left"", ""r2_insert_rod_and_fit_second"", ""r2_fasten_second_stand""], ""head_rotation_deg"": null, ""head_translation_m"": null, ""left_hand_translation_m"": null, ""removed_tool_ids"": [15, 18, 19, 20, 21, 27, 28], ""right_hand_translation_m"": null, ""selected_step"": ""r1_gear_rod"", ""step_attempt"": 7, ""step_elapsed_s"": 5.601135739940219, ""step_event_index"": 31, ""total_hand_translation_m"": null, ""trial_finished_elapsed_s"": null, ""trial_recording"": true, ""trial_required_tool_ids"": [14, 26, 33]}"
2026-09-05T10:49:06.106-04:00,arunn,gesture,hover,hover,r1_gear_rod,Row 1.2: assemble gear rod,ready,7,32,30,GEAR_ROW3_RIGHT,,,,,,,,,,,,,,,,,,,,,,,"{""acquired_tool_ids"": [14], ""acquisition_complete"": false, ""completed_steps"": [""r1_bearing_right"", ""r1_bearing_left"", ""r2_gear_rod"", ""r2_bearing_right"", ""r2_fasten_first_stand"", ""r2_bearing_left"", ""r2_insert_rod_and_fit_second"", ""r2_fasten_second_stand""], ""head_rotation_deg"": null, ""head_translation_m"": null, ""left_hand_translation_m"": null, ""removed_tool_ids"": [15, 18, 19, 20, 21, 27, 28], ""right_hand_translation_m"": null, ""selected_step"": ""r1_gear_rod"", ""step_attempt"": 7, ""step_elapsed_s"": 5.735589104006067, ""step_event_index"": 32, ""total_hand_translation_m"": null, ""trial_finished_elapsed_s"": null, ""trial_recording"": true, ""trial_required_tool_ids"": [14, 26, 33]}"
2026-09-05T10:49:06.161-04:00,arunn,gesture,tts_queued,lifecycle,r1_gear_rod,Row 1.2: assemble gear rod,ready,7,33,,,,5.789777,,,,,,,,,,,,,,,,Row 3 right gear,,,replace_hover,,"{""acquired_tool_ids"": [14], ""acquisition_complete"": false, ""completed_steps"": [""r1_bearing_right"", ""r1_bearing_left"", ""r2_gear_rod"", ""r2_bearing_right"", ""r2_fasten_first_stand"", ""r2_bearing_left"", ""r2_insert_rod_and_fit_second"", ""r2_fasten_second_stand""], ""head_rotation_deg"": null, ""head_translation_m"": null, ""left_hand_translation_m"": null, ""removed_tool_ids"": [15, 18, 19, 20, 21, 27, 28], ""right_hand_translation_m"": null, ""selected_step"": ""r1_gear_rod"", ""step_attempt"": 7, ""step_elapsed_s"": 5.789788695983589, ""step_event_index"": 33, ""total_hand_translation_m"": null, ""trial_finished_elapsed_s"": null, ""trial_recording"": true, ""trial_required_tool_ids"": [14, 26, 33]}"
2026-09-05T10:49:06.233-04:00,arunn,gesture,tts_finished,lifecycle,r1_gear_rod,Row 1.2: assemble gear rod,ready,7,34,,,,5.861657,,,,,,,,,,,,,,,,screw,,,,,"{""acquired_tool_ids"": [14], ""acquisition_complete"": false, ""completed_steps"": [""r1_bearing_right"", ""r1_bearing_left"", ""r2_gear_rod"", ""r2_bearing_right"", ""r2_fasten_first_stand"", ""r2_bearing_left"", ""r2_insert_rod_and_fit_second"", ""r2_fasten_second_stand""], ""head_rotation_deg"": null, ""head_translation_m"": null, ""left_hand_translation_m"": null, ""removed_tool_ids"": [15, 18, 19, 20, 21, 27, 28], ""right_hand_translation_m"": null, ""selected_step"": ""r1_gear_rod"", ""step_attempt"": 7, ""step_elapsed_s"": 5.8616754619870335, ""step_event_index"": 34, ""total_hand_translation_m"": null, ""trial_finished_elapsed_s"": null, ""trial_recording"": true, ""trial_required_tool_ids"": [14, 26, 33]}"
2026-09-05T10:49:06.252-04:00,arunn,gesture,tts_started,lifecycle,r1_gear_rod,Row 1.2: assemble gear rod,ready,7,35,,,,5.880821,,,,,,,,,,,,,,,,Row 3 left gear,,,,,"{""acquired_tool_ids"": [14], ""acquisition_complete"": false, ""completed_steps"": [""r1_bearing_right"", ""r1_bearing_left"", ""r2_gear_rod"", ""r2_bearing_right"", ""r2_fasten_first_stand"", ""r2_bearing_left"", ""r2_insert_rod_and_fit_second"", ""r2_fasten_second_stand""], ""head_rotation_deg"": null, ""head_translation_m"": null, ""left_hand_translation_m"": null, ""removed_tool_ids"": [15, 18, 19, 20, 21, 27, 28], ""right_hand_translation_m"": null, ""selected_step"": ""r1_gear_rod"", ""step_attempt"": 7, ""step_elapsed_s"": 5.880833194940351, ""step_event_index"": 35, ""total_hand_translation_m"": null, ""trial_finished_elapsed_s"": null, ""trial_recording"": true, ""trial_required_tool_ids"": [14, 26, 33]}"
2026-09-05T10:49:06.287-04:00,arunn,gesture,tts_finished,lifecycle,r1_gear_rod,Row 1.2: assemble gear rod,ready,7,36,,,,5.916549,,,,,,,,,,,,,,,,Row 3 left gear,,,,,"{""acquired_tool_ids"": [14], ""acquisition_complete"": false, ""completed_steps"": [""r1_bearing_right"", ""r1_bearing_left"", ""r2_gear_rod"", ""r2_bearing_right"", ""r2_fasten_first_stand"", ""r2_bearing_left"", ""r2_insert_rod_and_fit_second"", ""r2_fasten_second_stand""], ""head_rotation_deg"": null, ""head_translation_m"": null, ""left_hand_translation_m"": null, ""removed_tool_ids"": [15, 18, 19, 20, 21, 27, 28], ""right_hand_translation_m"": null, ""selected_step"": ""r1_gear_rod"", ""step_attempt"": 7, ""step_elapsed_s"": 5.916557973949239, ""step_event_index"": 36, ""total_hand_translation_m"": null, ""trial_finished_elapsed_s"": null, ""trial_recording"": true, ""trial_required_tool_ids"": [14, 26, 33]}"
2026-09-05T10:49:06.324-04:00,arunn,gesture,tts_started,lifecycle,r1_gear_rod,Row 1.2: assemble gear rod,ready,7,37,,,,5.952712,,,,,,,,,,,,,,,,Row 3 right gear,,,,,"{""acquired_tool_ids"": [14], ""acquisition_complete"": false, ""completed_steps"": [""r1_bearing_right"", ""r1_bearing_left"", ""r2_gear_rod"", ""r2_bearing_right"", ""r2_fasten_first_stand"", ""r2_bearing_left"", ""r2_insert_rod_and_fit_second"", ""r2_fasten_second_stand""], ""head_rotation_deg"": null, ""head_translation_m"": null, ""left_hand_translation_m"": null, ""removed_tool_ids"": [15, 18, 19, 20, 21, 27, 28], ""right_hand_translation_m"": null, ""selected_step"": ""r1_gear_rod"", ""step_attempt"": 7, ""step_elapsed_s"": 5.952719799941406, ""step_event_index"": 37, ""total_hand_translation_m"": null, ""trial_finished_elapsed_s"": null, ""trial_recording"": true, ""trial_required_tool_ids"": [14, 26, 33]}"
2026-09-05T10:49:06.370-04:00,arunn,gesture,hover,hover,r1_gear_rod,Row 1.2: assemble gear rod,ready,7,38,31,GEAR_ROW4_LEFT,,,,,,,,,,,,,,,,,,,,,,,"{""acquired_tool_ids"": [14], ""acquisition_complete"": false, ""completed_steps"": [""r1_bearing_right"", ""r1_bearing_left"", ""r2_gear_rod"", ""r2_bearing_right"", ""r2_fasten_first_stand"", ""r2_bearing_left"", ""r2_insert_rod_and_fit_second"", ""r2_fasten_second_stand""], ""head_rotation_deg"": null, ""head_translation_m"": null, ""left_hand_translation_m"": null, ""removed_tool_ids"": [15, 18, 19, 20, 21, 27, 28], ""right_hand_translation_m"": null, ""selected_step"": ""r1_gear_rod"", ""step_attempt"": 7, ""step_elapsed_s"": 5.999473528005183, ""step_event_index"": 38, ""total_hand_translation_m"": null, ""trial_finished_elapsed_s"": null, ""trial_recording"": true, ""trial_required_tool_ids"": [14, 26, 33]}"
2026-09-05T10:49:06.395-04:00,arunn,gesture,tts_queued,lifecycle,r1_gear_rod,Row 1.2: assemble gear rod,ready,7,39,,,,6.024125,,,,,,,,,,,,,,,,Row 4 left gear,,,replace_hover,,"{""acquired_tool_ids"": [14], ""acquisition_complete"": false, ""completed_steps"": [""r1_bearing_right"", ""r1_bearing_left"", ""r2_gear_rod"", ""r2_bearing_right"", ""r2_fasten_first_stand"", ""r2_bearing_left"", ""r2_insert_rod_and_fit_second"", ""r2_fasten_second_stand""], ""head_rotation_deg"": null, ""head_translation_m"": null, ""left_hand_translation_m"": null, ""removed_tool_ids"": [15, 18, 19, 20, 21, 27, 28], ""right_hand_translation_m"": null, ""selected_step"": ""r1_gear_rod"", ""step_attempt"": 7, ""step_elapsed_s"": 6.024138450971805, ""step_event_index"": 39, ""total_hand_translation_m"": null, ""trial_finished_elapsed_s"": null, ""trial_recording"": true, ""trial_required_tool_ids"": [14, 26, 33]}"
2026-09-05T10:49:06.426-04:00,arunn,gesture,tts_finished,lifecycle,r1_gear_rod,Row 1.2: assemble gear rod,ready,7,40,,,,6.055172,,,,,,,,,,,,,,,,Row 3 right gear,,,,,"{""acquired_tool_ids"": [14], ""acquisition_complete"": false, ""completed_steps"": [""r1_bearing_right"", ""r1_bearing_left"", ""r2_gear_rod"", ""r2_bearing_right"", ""r2_fasten_first_stand"", ""r2_bearing_left"", ""r2_insert_rod_and_fit_second"", ""r2_fasten_second_stand""], ""head_rotation_deg"": null, ""head_translation_m"": null, ""left_hand_translation_m"": null, ""removed_tool_ids"": [15, 18, 19, 20, 21, 27, 28], ""right_hand_translation_m"": null, ""selected_step"": ""r1_gear_rod"", ""step_attempt"": 7, ""step_elapsed_s"": 6.055184826953337, ""step_event_index"": 40, ""total_hand_translation_m"": null, ""trial_finished_elapsed_s"": null, ""trial_recording"": true, ""trial_required_tool_ids"": [14, 26, 33]}"
2026-09-05T10:49:06.479-04:00,arunn,gesture,tts_started,lifecycle,r1_gear_rod,Row 1.2: assemble gear rod,ready,7,41,,,,6.108553,,,,,,,,,,,,,,,,Row 4 left gear,,,,,"{""acquired_tool_ids"": [14], ""acquisition_complete"": false, ""completed_steps"": [""r1_bearing_right"", ""r1_bearing_left"", ""r2_gear_rod"", ""r2_bearing_right"", ""r2_fasten_first_stand"", ""r2_bearing_left"", ""r2_insert_rod_and_fit_second"", ""r2_fasten_second_stand""], ""head_rotation_deg"": null, ""head_translation_m"": null, ""left_hand_translation_m"": null, ""removed_tool_ids"": [15, 18, 19, 20, 21, 27, 28], ""right_hand_translation_m"": null, ""selected_step"": ""r1_gear_rod"", ""step_attempt"": 7, ""step_elapsed_s"": 6.10857409494929, ""step_event_index"": 41, ""total_hand_translation_m"": null, ""trial_finished_elapsed_s"": null, ""trial_recording"": true, ""trial_required_tool_ids"": [14, 26, 33]}"
2026-09-05T10:49:06.626-04:00,arunn,gesture,hover,hover,r1_gear_rod,Row 1.2: assemble gear rod,ready,7,42,26,GEAR_ROW1_LEFT,,,,,,,,,,,,,,,,,,,,,,,"{""acquired_tool_ids"": [14], ""acquisition_complete"": false, ""completed_steps"": [""r1_bearing_right"", ""r1_bearing_left"", ""r2_gear_rod"", ""r2_bearing_right"", ""r2_fasten_first_stand"", ""r2_bearing_left"", ""r2_insert_rod_and_fit_second"", ""r2_fasten_second_stand""], ""head_rotation_deg"": null, ""head_translation_m"": null, ""left_hand_translation_m"": null, ""removed_tool_ids"": [15, 18, 19, 20, 21, 27, 28], ""right_hand_translation_m"": null, ""selected_step"": ""r1_gear_rod"", ""step_attempt"": 7, ""step_elapsed_s"": 6.255277648917399, ""step_event_index"": 42, ""total_hand_translation_m"": null, ""trial_finished_elapsed_s"": null, ""trial_recording"": true, ""trial_required_tool_ids"": [14, 26, 33]}"
2026-09-05T10:49:06.708-04:00,arunn,gesture,tts_queued,lifecycle,r1_gear_rod,Row 1.2: assemble gear rod,ready,7,43,,,,6.337034,,,,,,,,,,,,,,,,Row 1 left gear,,,replace_hover,,"{""acquired_tool_ids"": [14], ""acquisition_complete"": false, ""completed_steps"": [""r1_bearing_right"", ""r1_bearing_left"", ""r2_gear_rod"", ""r2_bearing_right"", ""r2_fasten_first_stand"", ""r2_bearing_left"", ""r2_insert_rod_and_fit_second"", ""r2_fasten_second_stand""], ""head_rotation_deg"": null, ""head_translation_m"": null, ""left_hand_translation_m"": null, ""removed_tool_ids"": [15, 18, 19, 20, 21, 27, 28], ""right_hand_translation_m"": null, ""selected_step"": ""r1_gear_rod"", ""step_attempt"": 7, ""step_elapsed_s"": 6.337044336949475, ""step_event_index"": 43, ""total_hand_translation_m"": null, ""trial_finished_elapsed_s"": null, ""trial_recording"": true, ""trial_required_tool_ids"": [14, 26, 33]}"
2026-09-05T10:49:06.820-04:00,arunn,gesture,tts_finished,lifecycle,r1_gear_rod,Row 1.2: assemble gear rod,ready,7,44,,,,6.448956,,,,,,,,,,,,,,,,Row 4 left gear,,,,,"{""acquired_tool_ids"": [14], ""acquisition_complete"": false, ""completed_steps"": [""r1_bearing_right"", ""r1_bearing_left"", ""r2_gear_rod"", ""r2_bearing_right"", ""r2_fasten_first_stand"", ""r2_bearing_left"", ""r2_insert_rod_and_fit_second"", ""r2_fasten_second_stand""], ""head_rotation_deg"": null, ""head_translation_m"": null, ""left_hand_translation_m"": null, ""removed_tool_ids"": [15, 18, 19, 20, 21, 27, 28], ""right_hand_translation_m"": null, ""selected_step"": ""r1_gear_rod"", ""step_attempt"": 7, ""step_elapsed_s"": 6.448975635925308, ""step_event_index"": 44, ""total_hand_translation_m"": null, ""trial_finished_elapsed_s"": null, ""trial_recording"": true, ""trial_required_tool_ids"": [14, 26, 33]}"
2026-09-05T10:49:06.867-04:00,arunn,gesture,tts_started,lifecycle,r1_gear_rod,Row 1.2: assemble gear rod,ready,7,45,,,,6.496568,,,,,,,,,,,,,,,,Row 1 left gear,,,,,"{""acquired_tool_ids"": [14], ""acquisition_complete"": false, ""completed_steps"": [""r1_bearing_right"", ""r1_bearing_left"", ""r2_gear_rod"", ""r2_bearing_right"", ""r2_fasten_first_stand"", ""r2_bearing_left"", ""r2_insert_rod_and_fit_second"", ""r2_fasten_second_stand""], ""head_rotation_deg"": null, ""head_translation_m"": null, ""left_hand_translation_m"": null, ""removed_tool_ids"": [15, 18, 19, 20, 21, 27, 28], ""right_hand_translation_m"": null, ""selected_step"": ""r1_gear_rod"", ""step_attempt"": 7, ""step_elapsed_s"": 6.496583126951009, ""step_event_index"": 45, ""total_hand_translation_m"": null, ""trial_finished_elapsed_s"": null, ""trial_recording"": true, ""trial_required_tool_ids"": [14, 26, 33]}"
2026-09-05T10:49:07.980-04:00,arunn,gesture,part_selection,click,r1_gear_rod,Row 1.2: assemble gear rod,ready,7,46,26,GEAR_ROW1_LEFT,3.451637,7.608901,,,,,,,,,,,,,,,1,,,,,,"{""acquired_tool_ids"": [14, 26], ""acquisition_complete"": false, ""completed_steps"": [""r1_bearing_right"", ""r1_bearing_left"", ""r2_gear_rod"", ""r2_bearing_right"", ""r2_fasten_first_stand"", ""r2_bearing_left"", ""r2_insert_rod_and_fit_second"", ""r2_fasten_second_stand""], ""head_rotation_deg"": null, ""head_translation_m"": null, ""left_hand_translation_m"": null, ""removed_tool_ids"": [15, 18, 19, 20, 21, 27, 28], ""right_hand_translation_m"": null, ""selected_step"": ""r1_gear_rod"", ""step_attempt"": 7, ""step_elapsed_s"": 7.60894833994098, ""step_event_index"": 46, ""total_hand_translation_m"": null, ""trial_finished_elapsed_s"": null, ""trial_recording"": true, ""trial_required_tool_ids"": [14, 26, 33]}"
2026-09-05T10:49:08.019-04:00,arunn,gesture,object_acquired,click,r1_gear_rod,Row 1.2: assemble gear rod,ready,7,47,26,GEAR_ROW1_LEFT,3.451637,7.608901,,,,,,,,,,,,,,,1,,,,,,"{""acquired_tool_ids"": [14, 26], ""acquisition_complete"": false, ""completed_steps"": [""r1_bearing_right"", ""r1_bearing_left"", ""r2_gear_rod"", ""r2_bearing_right"", ""r2_fasten_first_stand"", ""r2_bearing_left"", ""r2_insert_rod_and_fit_second"", ""r2_fasten_second_stand""], ""head_rotation_deg"": null, ""head_translation_m"": null, ""left_hand_translation_m"": null, ""removed_tool_ids"": [15, 18, 19, 20, 21, 27, 28], ""right_hand_translation_m"": null, ""selected_step"": ""r1_gear_rod"", ""step_attempt"": 7, ""step_elapsed_s"": 7.648145325947553, ""step_event_index"": 47, ""total_hand_translation_m"": null, ""trial_finished_elapsed_s"": null, ""trial_recording"": true, ""trial_required_tool_ids"": [14, 26, 33]}"
2026-09-05T10:49:08.051-04:00,arunn,gesture,tts_queued,lifecycle,r1_gear_rod,Row 1.2: assemble gear rod,ready,7,48,,,,7.680296,,,,,,,,,,,,,,,,1 part left.,,,replace,,"{""acquired_tool_ids"": [14, 26], ""acquisition_complete"": false, ""completed_steps"": [""r1_bearing_right"", ""r1_bearing_left"", ""r2_gear_rod"", ""r2_bearing_right"", ""r2_fasten_first_stand"", ""r2_bearing_left"", ""r2_insert_rod_and_fit_second"", ""r2_fasten_second_stand""], ""head_rotation_deg"": null, ""head_translation_m"": null, ""left_hand_translation_m"": null, ""removed_tool_ids"": [15, 18, 19, 20, 21, 27, 28], ""right_hand_translation_m"": null, ""selected_step"": ""r1_gear_rod"", ""step_attempt"": 7, ""step_elapsed_s"": 7.680320752901025, ""step_event_index"": 48, ""total_hand_translation_m"": null, ""trial_finished_elapsed_s"": null, ""trial_recording"": true, ""trial_required_tool_ids"": [14, 26, 33]}"
2026-09-05T10:49:08.095-04:00,arunn,gesture,tts_finished,lifecycle,r1_gear_rod,Row 1.2: assemble gear rod,ready,7,49,,,,7.723817,,,,,,,,,,,,,,,,Row 1 left gear,,,,,"{""acquired_tool_ids"": [14, 26], ""acquisition_complete"": false, ""completed_steps"": [""r1_bearing_right"", ""r1_bearing_left"", ""r2_gear_rod"", ""r2_bearing_right"", ""r2_fasten_first_stand"", ""r2_bearing_left"", ""r2_insert_rod_and_fit_second"", ""r2_fasten_second_stand""], ""head_rotation_deg"": null, ""head_translation_m"": null, ""left_hand_translation_m"": null, ""removed_tool_ids"": [15, 18, 19, 20, 21, 27, 28], ""right_hand_translation_m"": null, ""selected_step"": ""r1_gear_rod"", ""step_attempt"": 7, ""step_elapsed_s"": 7.723832013900392, ""step_event_index"": 49, ""total_hand_translation_m"": null, ""trial_finished_elapsed_s"": null, ""trial_recording"": true, ""trial_required_tool_ids"": [14, 26, 33]}"
2026-09-05T10:49:08.120-04:00,arunn,gesture,tts_started,lifecycle,r1_gear_rod,Row 1.2: assemble gear rod,ready,7,50,,,,7.748820,,,,,,,,,,,,,,,,1 part left.,,,,,"{""acquired_tool_ids"": [14, 26], ""acquisition_complete"": false, ""completed_steps"": [""r1_bearing_right"", ""r1_bearing_left"", ""r2_gear_rod"", ""r2_bearing_right"", ""r2_fasten_first_stand"", ""r2_bearing_left"", ""r2_insert_rod_and_fit_second"", ""r2_fasten_second_stand""], ""head_rotation_deg"": null, ""head_translation_m"": null, ""left_hand_translation_m"": null, ""removed_tool_ids"": [15, 18, 19, 20, 21, 27, 28], ""right_hand_translation_m"": null, ""selected_step"": ""r1_gear_rod"", ""step_attempt"": 7, ""step_elapsed_s"": 7.748829454998486, ""step_event_index"": 50, ""total_hand_translation_m"": null, ""trial_finished_elapsed_s"": null, ""trial_recording"": true, ""trial_required_tool_ids"": [14, 26, 33]}"
2026-09-05T10:49:09.225-04:00,arunn,gesture,tts_finished,lifecycle,r1_gear_rod,Row 1.2: assemble gear rod,ready,7,51,,,,8.853908,,,,,,,,,,,,,,,,1 part left.,,,,,"{""acquired_tool_ids"": [14, 26], ""acquisition_complete"": false, ""completed_steps"": [""r1_bearing_right"", ""r1_bearing_left"", ""r2_gear_rod"", ""r2_bearing_right"", ""r2_fasten_first_stand"", ""r2_bearing_left"", ""r2_insert_rod_and_fit_second"", ""r2_fasten_second_stand""], ""head_rotation_deg"": null, ""head_translation_m"": null, ""left_hand_translation_m"": null, ""removed_tool_ids"": [15, 18, 19, 20, 21, 27, 28], ""right_hand_translation_m"": null, ""selected_step"": ""r1_gear_rod"", ""step_attempt"": 7, ""step_elapsed_s"": 8.853920025983825, ""step_event_index"": 51, ""total_hand_translation_m"": null, ""trial_finished_elapsed_s"": null, ""trial_recording"": true, ""trial_required_tool_ids"": [14, 26, 33]}"
2026-09-05T10:49:09.601-04:00,arunn,gesture,hover,hover,r1_gear_rod,Row 1.2: assemble gear rod,ready,7,52,31,GEAR_ROW4_LEFT,,,,,,,,,,,,,,,,,,,,,,,"{""acquired_tool_ids"": [14, 26], ""acquisition_complete"": false, ""completed_steps"": [""r1_bearing_right"", ""r1_bearing_left"", ""r2_gear_rod"", ""r2_bearing_right"", ""r2_fasten_first_stand"", ""r2_bearing_left"", ""r2_insert_rod_and_fit_second"", ""r2_fasten_second_stand""], ""head_rotation_deg"": null, ""head_translation_m"": null, ""left_hand_translation_m"": null, ""removed_tool_ids"": [15, 18, 19, 20, 21, 27, 28], ""right_hand_translation_m"": null, ""selected_step"": ""r1_gear_rod"", ""step_attempt"": 7, ""step_elapsed_s"": 9.230060225934722, ""step_event_index"": 52, ""total_hand_translation_m"": null, ""trial_finished_elapsed_s"": null, ""trial_recording"": true, ""trial_required_tool_ids"": [14, 26, 33]}"
2026-09-05T10:49:09.639-04:00,arunn,gesture,tts_queued,lifecycle,r1_gear_rod,Row 1.2: assemble gear rod,ready,7,53,,,,9.268377,,,,,,,,,,,,,,,,Row 4 left gear,,,replace_hover,,"{""acquired_tool_ids"": [14, 26], ""acquisition_complete"": false, ""completed_steps"": [""r1_bearing_right"", ""r1_bearing_left"", ""r2_gear_rod"", ""r2_bearing_right"", ""r2_fasten_first_stand"", ""r2_bearing_left"", ""r2_insert_rod_and_fit_second"", ""r2_fasten_second_stand""], ""head_rotation_deg"": null, ""head_translation_m"": null, ""left_hand_translation_m"": null, ""removed_tool_ids"": [15, 18, 19, 20, 21, 27, 28], ""right_hand_translation_m"": null, ""selected_step"": ""r1_gear_rod"", ""step_attempt"": 7, ""step_elapsed_s"": 9.268399144988507, ""step_event_index"": 53, ""total_hand_translation_m"": null, ""trial_finished_elapsed_s"": null, ""trial_recording"": true, ""trial_required_tool_ids"": [14, 26, 33]}"
2026-09-05T10:49:09.695-04:00,arunn,gesture,tts_started,lifecycle,r1_gear_rod,Row 1.2: assemble gear rod,ready,7,54,,,,9.324058,,,,,,,,,,,,,,,,Row 4 left gear,,,,,"{""acquired_tool_ids"": [14, 26], ""acquisition_complete"": false, ""completed_steps"": [""r1_bearing_right"", ""r1_bearing_left"", ""r2_gear_rod"", ""r2_bearing_right"", ""r2_fasten_first_stand"", ""r2_bearing_left"", ""r2_insert_rod_and_fit_second"", ""r2_fasten_second_stand""], ""head_rotation_deg"": null, ""head_translation_m"": null, ""left_hand_translation_m"": null, ""removed_tool_ids"": [15, 18, 19, 20, 21, 27, 28], ""right_hand_translation_m"": null, ""selected_step"": ""r1_gear_rod"", ""step_attempt"": 7, ""step_elapsed_s"": 9.324076500954106, ""step_event_index"": 54, ""total_hand_translation_m"": null, ""trial_finished_elapsed_s"": null, ""trial_recording"": true, ""trial_required_tool_ids"": [14, 26, 33]}"
2026-09-05T10:49:11.309-04:00,arunn,gesture,tts_finished,lifecycle,r1_gear_rod,Row 1.2: assemble gear rod,ready,7,55,,,,10.938210,,,,,,,,,,,,,,,,Row 4 left gear,,,,,"{""acquired_tool_ids"": [14, 26], ""acquisition_complete"": false, ""completed_steps"": [""r1_bearing_right"", ""r1_bearing_left"", ""r2_gear_rod"", ""r2_bearing_right"", ""r2_fasten_first_stand"", ""r2_bearing_left"", ""r2_insert_rod_and_fit_second"", ""r2_fasten_second_stand""], ""head_rotation_deg"": null, ""head_translation_m"": null, ""left_hand_translation_m"": null, ""removed_tool_ids"": [15, 18, 19, 20, 21, 27, 28], ""right_hand_translation_m"": null, ""selected_step"": ""r1_gear_rod"", ""step_attempt"": 7, ""step_elapsed_s"": 10.93822284298949, ""step_event_index"": 55, ""total_hand_translation_m"": null, ""trial_finished_elapsed_s"": null, ""trial_recording"": true, ""trial_required_tool_ids"": [14, 26, 33]}"
2026-09-05T10:49:11.550-04:00,arunn,gesture,hover,hover,r1_gear_rod,Row 1.2: assemble gear rod,ready,7,56,32,CRANK_HANDLE,,,,,,,,,,,,,,,,,,,,,,,"{""acquired_tool_ids"": [14, 26], ""acquisition_complete"": false, ""completed_steps"": [""r1_bearing_right"", ""r1_bearing_left"", ""r2_gear_rod"", ""r2_bearing_right"", ""r2_fasten_first_stand"", ""r2_bearing_left"", ""r2_insert_rod_and_fit_second"", ""r2_fasten_second_stand""], ""head_rotation_deg"": null, ""head_translation_m"": null, ""left_hand_translation_m"": null, ""removed_tool_ids"": [15, 18, 19, 20, 21, 27, 28], ""right_hand_translation_m"": null, ""selected_step"": ""r1_gear_rod"", ""step_attempt"": 7, ""step_elapsed_s"": 11.179567666957155, ""step_event_index"": 56, ""total_hand_translation_m"": null, ""trial_finished_elapsed_s"": null, ""trial_recording"": true, ""trial_required_tool_ids"": [14, 26, 33]}"
2026-09-05T10:49:11.603-04:00,arunn,gesture,tts_queued,lifecycle,r1_gear_rod,Row 1.2: assemble gear rod,ready,7,57,,,,11.231853,,,,,,,,,,,,,,,,handle,,,replace_hover,,"{""acquired_tool_ids"": [14, 26], ""acquisition_complete"": false, ""completed_steps"": [""r1_bearing_right"", ""r1_bearing_left"", ""r2_gear_rod"", ""r2_bearing_right"", ""r2_fasten_first_stand"", ""r2_bearing_left"", ""r2_insert_rod_and_fit_second"", ""r2_fasten_second_stand""], ""head_rotation_deg"": null, ""head_translation_m"": null, ""left_hand_translation_m"": null, ""removed_tool_ids"": [15, 18, 19, 20, 21, 27, 28], ""right_hand_translation_m"": null, ""selected_step"": ""r1_gear_rod"", ""step_attempt"": 7, ""step_elapsed_s"": 11.231874307966791, ""step_event_index"": 57, ""total_hand_translation_m"": null, ""trial_finished_elapsed_s"": null, ""trial_recording"": true, ""trial_required_tool_ids"": [14, 26, 33]}"
2026-09-05T10:49:11.705-04:00,arunn,gesture,tts_started,lifecycle,r1_gear_rod,Row 1.2: assemble gear rod,ready,7,58,,,,11.334030,,,,,,,,,,,,,,,,handle,,,,,"{""acquired_tool_ids"": [14, 26], ""acquisition_complete"": false, ""completed_steps"": [""r1_bearing_right"", ""r1_bearing_left"", ""r2_gear_rod"", ""r2_bearing_right"", ""r2_fasten_first_stand"", ""r2_bearing_left"", ""r2_insert_rod_and_fit_second"", ""r2_fasten_second_stand""], ""head_rotation_deg"": null, ""head_translation_m"": null, ""left_hand_translation_m"": null, ""removed_tool_ids"": [15, 18, 19, 20, 21, 27, 28], ""right_hand_translation_m"": null, ""selected_step"": ""r1_gear_rod"", ""step_attempt"": 7, ""step_elapsed_s"": 11.334040603949688, ""step_event_index"": 58, ""total_hand_translation_m"": null, ""trial_finished_elapsed_s"": null, ""trial_recording"": true, ""trial_required_tool_ids"": [14, 26, 33]}"
2026-09-05T10:49:12.326-04:00,arunn,gesture,tts_finished,lifecycle,r1_gear_rod,Row 1.2: assemble gear rod,ready,7,59,,,,11.954800,,,,,,,,,,,,,,,,handle,,,,,"{""acquired_tool_ids"": [14, 26], ""acquisition_complete"": false, ""completed_steps"": [""r1_bearing_right"", ""r1_bearing_left"", ""r2_gear_rod"", ""r2_bearing_right"", ""r2_fasten_first_stand"", ""r2_bearing_left"", ""r2_insert_rod_and_fit_second"", ""r2_fasten_second_stand""], ""head_rotation_deg"": null, ""head_translation_m"": null, ""left_hand_translation_m"": null, ""removed_tool_ids"": [15, 18, 19, 20, 21, 27, 28], ""right_hand_translation_m"": null, ""selected_step"": ""r1_gear_rod"", ""step_attempt"": 7, ""step_elapsed_s"": 11.954810911905952, ""step_event_index"": 59, ""total_hand_translation_m"": null, ""trial_finished_elapsed_s"": null, ""trial_recording"": true, ""trial_required_tool_ids"": [14, 26, 33]}"
2026-09-05T10:49:13.082-04:00,arunn,gesture,hover,hover,r1_gear_rod,Row 1.2: assemble gear rod,ready,7,60,33,PINS,,,,,,,,,,,,,,,,,,,,,,,"{""acquired_tool_ids"": [14, 26], ""acquisition_complete"": false, ""completed_steps"": [""r1_bearing_right"", ""r1_bearing_left"", ""r2_gear_rod"", ""r2_bearing_right"", ""r2_fasten_first_stand"", ""r2_bearing_left"", ""r2_insert_rod_and_fit_second"", ""r2_fasten_second_stand""], ""head_rotation_deg"": null, ""head_translation_m"": null, ""left_hand_translation_m"": null, ""removed_tool_ids"": [15, 18, 19, 20, 21, 27, 28], ""right_hand_translation_m"": null, ""selected_step"": ""r1_gear_rod"", ""step_attempt"": 7, ""step_elapsed_s"": 12.71071186393965, ""step_event_index"": 60, ""total_hand_translation_m"": null, ""trial_finished_elapsed_s"": null, ""trial_recording"": true, ""trial_required_tool_ids"": [14, 26, 33]}"
2026-09-05T10:49:13.152-04:00,arunn,gesture,tts_queued,lifecycle,r1_gear_rod,Row 1.2: assemble gear rod,ready,7,61,,,,12.780956,,,,,,,,,,,,,,,,pin,,,replace_hover,,"{""acquired_tool_ids"": [14, 26], ""acquisition_complete"": false, ""completed_steps"": [""r1_bearing_right"", ""r1_bearing_left"", ""r2_gear_rod"", ""r2_bearing_right"", ""r2_fasten_first_stand"", ""r2_bearing_left"", ""r2_insert_rod_and_fit_second"", ""r2_fasten_second_stand""], ""head_rotation_deg"": null, ""head_translation_m"": null, ""left_hand_translation_m"": null, ""removed_tool_ids"": [15, 18, 19, 20, 21, 27, 28], ""right_hand_translation_m"": null, ""selected_step"": ""r1_gear_rod"", ""step_attempt"": 7, ""step_elapsed_s"": 12.780976982903667, ""step_event_index"": 61, ""total_hand_translation_m"": null, ""trial_finished_elapsed_s"": null, ""trial_recording"": true, ""trial_required_tool_ids"": [14, 26, 33]}"
2026-09-05T10:49:13.201-04:00,arunn,gesture,tts_started,lifecycle,r1_gear_rod,Row 1.2: assemble gear rod,ready,7,62,,,,12.830142,,,,,,,,,,,,,,,,pin,,,,,"{""acquired_tool_ids"": [14, 26], ""acquisition_complete"": false, ""completed_steps"": [""r1_bearing_right"", ""r1_bearing_left"", ""r2_gear_rod"", ""r2_bearing_right"", ""r2_fasten_first_stand"", ""r2_bearing_left"", ""r2_insert_rod_and_fit_second"", ""r2_fasten_second_stand""], ""head_rotation_deg"": null, ""head_translation_m"": null, ""left_hand_translation_m"": null, ""removed_tool_ids"": [15, 18, 19, 20, 21, 27, 28], ""right_hand_translation_m"": null, ""selected_step"": ""r1_gear_rod"", ""step_attempt"": 7, ""step_elapsed_s"": 12.830157257965766, ""step_event_index"": 62, ""total_hand_translation_m"": null, ""trial_finished_elapsed_s"": null, ""trial_recording"": true, ""trial_required_tool_ids"": [14, 26, 33]}"
2026-09-05T10:49:13.434-04:00,arunn,gesture,hover,hover,r1_gear_rod,Row 1.2: assemble gear rod,ready,7,63,32,CRANK_HANDLE,,,,,,,,,,,,,,,,,,,,,,,"{""acquired_tool_ids"": [14, 26], ""acquisition_complete"": false, ""completed_steps"": [""r1_bearing_right"", ""r1_bearing_left"", ""r2_gear_rod"", ""r2_bearing_right"", ""r2_fasten_first_stand"", ""r2_bearing_left"", ""r2_insert_rod_and_fit_second"", ""r2_fasten_second_stand""], ""head_rotation_deg"": null, ""head_translation_m"": null, ""left_hand_translation_m"": null, ""removed_tool_ids"": [15, 18, 19, 20, 21, 27, 28], ""right_hand_translation_m"": null, ""selected_step"": ""r1_gear_rod"", ""step_attempt"": 7, ""step_elapsed_s"": 13.06265772995539, ""step_event_index"": 63, ""total_hand_translation_m"": null, ""trial_finished_elapsed_s"": null, ""trial_recording"": true, ""trial_required_tool_ids"": [14, 26, 33]}"
2026-09-05T10:49:13.476-04:00,arunn,gesture,tts_queued,lifecycle,r1_gear_rod,Row 1.2: assemble gear rod,ready,7,64,,,,13.104635,,,,,,,,,,,,,,,,handle,,,replace_hover,,"{""acquired_tool_ids"": [14, 26], ""acquisition_complete"": false, ""completed_steps"": [""r1_bearing_right"", ""r1_bearing_left"", ""r2_gear_rod"", ""r2_bearing_right"", ""r2_fasten_first_stand"", ""r2_bearing_left"", ""r2_insert_rod_and_fit_second"", ""r2_fasten_second_stand""], ""head_rotation_deg"": null, ""head_translation_m"": null, ""left_hand_translation_m"": null, ""removed_tool_ids"": [15, 18, 19, 20, 21, 27, 28], ""right_hand_translation_m"": null, ""selected_step"": ""r1_gear_rod"", ""step_attempt"": 7, ""step_elapsed_s"": 13.104647583910264, ""step_event_index"": 64, ""total_hand_translation_m"": null, ""trial_finished_elapsed_s"": null, ""trial_recording"": true, ""trial_required_tool_ids"": [14, 26, 33]}"
2026-09-05T10:49:13.511-04:00,arunn,gesture,tts_finished,lifecycle,r1_gear_rod,Row 1.2: assemble gear rod,ready,7,65,,,,13.139952,,,,,,,,,,,,,,,,pin,,,,,"{""acquired_tool_ids"": [14, 26], ""acquisition_complete"": false, ""completed_steps"": [""r1_bearing_right"", ""r1_bearing_left"", ""r2_gear_rod"", ""r2_bearing_right"", ""r2_fasten_first_stand"", ""r2_bearing_left"", ""r2_insert_rod_and_fit_second"", ""r2_fasten_second_stand""], ""head_rotation_deg"": null, ""head_translation_m"": null, ""left_hand_translation_m"": null, ""removed_tool_ids"": [15, 18, 19, 20, 21, 27, 28], ""right_hand_translation_m"": null, ""selected_step"": ""r1_gear_rod"", ""step_attempt"": 7, ""step_elapsed_s"": 13.139967308961786, ""step_event_index"": 65, ""total_hand_translation_m"": null, ""trial_finished_elapsed_s"": null, ""trial_recording"": true, ""trial_required_tool_ids"": [14, 26, 33]}"
2026-09-05T10:49:13.539-04:00,arunn,gesture,tts_started,lifecycle,r1_gear_rod,Row 1.2: assemble gear rod,ready,7,66,,,,13.168498,,,,,,,,,,,,,,,,handle,,,,,"{""acquired_tool_ids"": [14, 26], ""acquisition_complete"": false, ""completed_steps"": [""r1_bearing_right"", ""r1_bearing_left"", ""r2_gear_rod"", ""r2_bearing_right"", ""r2_fasten_first_stand"", ""r2_bearing_left"", ""r2_insert_rod_and_fit_second"", ""r2_fasten_second_stand""], ""head_rotation_deg"": null, ""head_translation_m"": null, ""left_hand_translation_m"": null, ""removed_tool_ids"": [15, 18, 19, 20, 21, 27, 28], ""right_hand_translation_m"": null, ""selected_step"": ""r1_gear_rod"", ""step_attempt"": 7, ""step_elapsed_s"": 13.168508846894838, ""step_event_index"": 66, ""total_hand_translation_m"": null, ""trial_finished_elapsed_s"": null, ""trial_recording"": true, ""trial_required_tool_ids"": [14, 26, 33]}"
2026-09-05T10:49:13.663-04:00,arunn,gesture,hover,hover,r1_gear_rod,Row 1.2: assemble gear rod,ready,7,67,33,PINS,,,,,,,,,,,,,,,,,,,,,,,"{""acquired_tool_ids"": [14, 26], ""acquisition_complete"": false, ""completed_steps"": [""r1_bearing_right"", ""r1_bearing_left"", ""r2_gear_rod"", ""r2_bearing_right"", ""r2_fasten_first_stand"", ""r2_bearing_left"", ""r2_insert_rod_and_fit_second"", ""r2_fasten_second_stand""], ""head_rotation_deg"": null, ""head_translation_m"": null, ""left_hand_translation_m"": null, ""removed_tool_ids"": [15, 18, 19, 20, 21, 27, 28], ""right_hand_translation_m"": null, ""selected_step"": ""r1_gear_rod"", ""step_attempt"": 7, ""step_elapsed_s"": 13.292146213934757, ""step_event_index"": 67, ""total_hand_translation_m"": null, ""trial_finished_elapsed_s"": null, ""trial_recording"": true, ""trial_required_tool_ids"": [14, 26, 33]}"
2026-09-05T10:49:13.718-04:00,arunn,gesture,tts_queued,lifecycle,r1_gear_rod,Row 1.2: assemble gear rod,ready,7,68,,,,13.346716,,,,,,,,,,,,,,,,pin,,,replace_hover,,"{""acquired_tool_ids"": [14, 26], ""acquisition_complete"": false, ""completed_steps"": [""r1_bearing_right"", ""r1_bearing_left"", ""r2_gear_rod"", ""r2_bearing_right"", ""r2_fasten_first_stand"", ""r2_bearing_left"", ""r2_insert_rod_and_fit_second"", ""r2_fasten_second_stand""], ""head_rotation_deg"": null, ""head_translation_m"": null, ""left_hand_translation_m"": null, ""removed_tool_ids"": [15, 18, 19, 20, 21, 27, 28], ""right_hand_translation_m"": null, ""selected_step"": ""r1_gear_rod"", ""step_attempt"": 7, ""step_elapsed_s"": 13.346727420925163, ""step_event_index"": 68, ""total_hand_translation_m"": null, ""trial_finished_elapsed_s"": null, ""trial_recording"": true, ""trial_required_tool_ids"": [14, 26, 33]}"
2026-09-05T10:49:13.786-04:00,arunn,gesture,tts_finished,lifecycle,r1_gear_rod,Row 1.2: assemble gear rod,ready,7,69,,,,13.415234,,,,,,,,,,,,,,,,handle,,,,,"{""acquired_tool_ids"": [14, 26], ""acquisition_complete"": false, ""completed_steps"": [""r1_bearing_right"", ""r1_bearing_left"", ""r2_gear_rod"", ""r2_bearing_right"", ""r2_fasten_first_stand"", ""r2_bearing_left"", ""r2_insert_rod_and_fit_second"", ""r2_fasten_second_stand""], ""head_rotation_deg"": null, ""head_translation_m"": null, ""left_hand_translation_m"": null, ""removed_tool_ids"": [15, 18, 19, 20, 21, 27, 28], ""right_hand_translation_m"": null, ""selected_step"": ""r1_gear_rod"", ""step_attempt"": 7, ""step_elapsed_s"": 13.415244396892376, ""step_event_index"": 69, ""total_hand_translation_m"": null, ""trial_finished_elapsed_s"": null, ""trial_recording"": true, ""trial_required_tool_ids"": [14, 26, 33]}"
2026-09-05T10:49:13.826-04:00,arunn,gesture,tts_started,lifecycle,r1_gear_rod,Row 1.2: assemble gear rod,ready,7,70,,,,13.454634,,,,,,,,,,,,,,,,pin,,,,,"{""acquired_tool_ids"": [14, 26], ""acquisition_complete"": false, ""completed_steps"": [""r1_bearing_right"", ""r1_bearing_left"", ""r2_gear_rod"", ""r2_bearing_right"", ""r2_fasten_first_stand"", ""r2_bearing_left"", ""r2_insert_rod_and_fit_second"", ""r2_fasten_second_stand""], ""head_rotation_deg"": null, ""head_translation_m"": null, ""left_hand_translation_m"": null, ""removed_tool_ids"": [15, 18, 19, 20, 21, 27, 28], ""right_hand_translation_m"": null, ""selected_step"": ""r1_gear_rod"", ""step_attempt"": 7, ""step_elapsed_s"": 13.454644473968074, ""step_event_index"": 70, ""total_hand_translation_m"": null, ""trial_finished_elapsed_s"": null, ""trial_recording"": true, ""trial_required_tool_ids"": [14, 26, 33]}"
2026-09-05T10:49:14.462-04:00,arunn,gesture,tts_finished,lifecycle,r1_gear_rod,Row 1.2: assemble gear rod,ready,7,71,,,,14.090609,,,,,,,,,,,,,,,,pin,,,,,"{""acquired_tool_ids"": [14, 26], ""acquisition_complete"": false, ""completed_steps"": [""r1_bearing_right"", ""r1_bearing_left"", ""r2_gear_rod"", ""r2_bearing_right"", ""r2_fasten_first_stand"", ""r2_bearing_left"", ""r2_insert_rod_and_fit_second"", ""r2_fasten_second_stand""], ""head_rotation_deg"": null, ""head_translation_m"": null, ""left_hand_translation_m"": null, ""removed_tool_ids"": [15, 18, 19, 20, 21, 27, 28], ""right_hand_translation_m"": null, ""selected_step"": ""r1_gear_rod"", ""step_attempt"": 7, ""step_elapsed_s"": 14.090640437905677, ""step_event_index"": 71, ""total_hand_translation_m"": null, ""trial_finished_elapsed_s"": null, ""trial_recording"": true, ""trial_required_tool_ids"": [14, 26, 33]}"
2026-09-05T10:49:17.144-04:00,arunn,gesture,hover,hover,r1_gear_rod,Row 1.2: assemble gear rod,ready,7,72,33,PINS,,,,,,,,,,,,,,,,,,,,,,,"{""acquired_tool_ids"": [14, 26], ""acquisition_complete"": false, ""completed_steps"": [""r1_bearing_right"", ""r1_bearing_left"", ""r2_gear_rod"", ""r2_bearing_right"", ""r2_fasten_first_stand"", ""r2_bearing_left"", ""r2_insert_rod_and_fit_second"", ""r2_fasten_second_stand""], ""head_rotation_deg"": null, ""head_translation_m"": null, ""left_hand_translation_m"": null, ""removed_tool_ids"": [15, 18, 19, 20, 21, 27, 28], ""right_hand_translation_m"": null, ""selected_step"": ""r1_gear_rod"", ""step_attempt"": 7, ""step_elapsed_s"": 16.77267731993925, ""step_event_index"": 72, ""total_hand_translation_m"": null, ""trial_finished_elapsed_s"": null, ""trial_recording"": true, ""trial_required_tool_ids"": [14, 26, 33]}"
2026-09-05T10:49:17.230-04:00,arunn,gesture,tts_queued,lifecycle,r1_gear_rod,Row 1.2: assemble gear rod,ready,7,73,,,,16.858857,,,,,,,,,,,,,,,,pin,,,replace_hover,,"{""acquired_tool_ids"": [14, 26], ""acquisition_complete"": false, ""completed_steps"": [""r1_bearing_right"", ""r1_bearing_left"", ""r2_gear_rod"", ""r2_bearing_right"", ""r2_fasten_first_stand"", ""r2_bearing_left"", ""r2_insert_rod_and_fit_second"", ""r2_fasten_second_stand""], ""head_rotation_deg"": null, ""head_translation_m"": null, ""left_hand_translation_m"": null, ""removed_tool_ids"": [15, 18, 19, 20, 21, 27, 28], ""right_hand_translation_m"": null, ""selected_step"": ""r1_gear_rod"", ""step_attempt"": 7, ""step_elapsed_s"": 16.858867488917895, ""step_event_index"": 73, ""total_hand_translation_m"": null, ""trial_finished_elapsed_s"": null, ""trial_recording"": true, ""trial_required_tool_ids"": [14, 26, 33]}"
2026-09-05T10:49:17.274-04:00,arunn,gesture,tts_started,lifecycle,r1_gear_rod,Row 1.2: assemble gear rod,ready,7,74,,,,16.902907,,,,,,,,,,,,,,,,pin,,,,,"{""acquired_tool_ids"": [14, 26], ""acquisition_complete"": false, ""completed_steps"": [""r1_bearing_right"", ""r1_bearing_left"", ""r2_gear_rod"", ""r2_bearing_right"", ""r2_fasten_first_stand"", ""r2_bearing_left"", ""r2_insert_rod_and_fit_second"", ""r2_fasten_second_stand""], ""head_rotation_deg"": null, ""head_translation_m"": null, ""left_hand_translation_m"": null, ""removed_tool_ids"": [15, 18, 19, 20, 21, 27, 28], ""right_hand_translation_m"": null, ""selected_step"": ""r1_gear_rod"", ""step_attempt"": 7, ""step_elapsed_s"": 16.90291631699074, ""step_event_index"": 74, ""total_hand_translation_m"": null, ""trial_finished_elapsed_s"": null, ""trial_recording"": true, ""trial_required_tool_ids"": [14, 26, 33]}"
2026-09-05T10:49:17.800-04:00,arunn,gesture,tts_finished,lifecycle,r1_gear_rod,Row 1.2: assemble gear rod,ready,7,75,,,,17.429308,,,,,,,,,,,,,,,,pin,,,,,"{""acquired_tool_ids"": [14, 26], ""acquisition_complete"": false, ""completed_steps"": [""r1_bearing_right"", ""r1_bearing_left"", ""r2_gear_rod"", ""r2_bearing_right"", ""r2_fasten_first_stand"", ""r2_bearing_left"", ""r2_insert_rod_and_fit_second"", ""r2_fasten_second_stand""], ""head_rotation_deg"": null, ""head_translation_m"": null, ""left_hand_translation_m"": null, ""removed_tool_ids"": [15, 18, 19, 20, 21, 27, 28], ""right_hand_translation_m"": null, ""selected_step"": ""r1_gear_rod"", ""step_attempt"": 7, ""step_elapsed_s"": 17.429329580976628, ""step_event_index"": 75, ""total_hand_translation_m"": null, ""trial_finished_elapsed_s"": null, ""trial_recording"": true, ""trial_required_tool_ids"": [14, 26, 33]}"
2026-09-05T10:49:17.943-04:00,arunn,gesture,part_selection,click,r1_gear_rod,Row 1.2: assemble gear rod,ready,7,76,33,PINS,9.963431,17.572333,,,,,,,,,,,,,,,1,,,,,,"{""acquired_tool_ids"": [14, 26, 33], ""acquisition_complete"": false, ""completed_steps"": [""r1_bearing_right"", ""r1_bearing_left"", ""r2_gear_rod"", ""r2_bearing_right"", ""r2_fasten_first_stand"", ""r2_bearing_left"", ""r2_insert_rod_and_fit_second"", ""r2_fasten_second_stand""], ""head_rotation_deg"": null, ""head_translation_m"": null, ""left_hand_translation_m"": null, ""removed_tool_ids"": [15, 18, 19, 20, 21, 27, 28], ""right_hand_translation_m"": null, ""selected_step"": ""r1_gear_rod"", ""step_attempt"": 7, ""step_elapsed_s"": 17.57237416796852, ""step_event_index"": 76, ""total_hand_translation_m"": null, ""trial_finished_elapsed_s"": null, ""trial_recording"": true, ""trial_required_tool_ids"": [14, 26, 33]}"
2026-09-05T10:49:18.004-04:00,arunn,gesture,object_acquired,click,r1_gear_rod,Row 1.2: assemble gear rod,ready,7,77,33,PINS,9.963431,17.572333,,,,,,,,,,,,,,,1,,,,,,"{""acquired_tool_ids"": [14, 26, 33], ""acquisition_complete"": false, ""completed_steps"": [""r1_bearing_right"", ""r1_bearing_left"", ""r2_gear_rod"", ""r2_bearing_right"", ""r2_fasten_first_stand"", ""r2_bearing_left"", ""r2_insert_rod_and_fit_second"", ""r2_fasten_second_stand""], ""head_rotation_deg"": null, ""head_translation_m"": null, ""left_hand_translation_m"": null, ""removed_tool_ids"": [15, 18, 19, 20, 21, 27, 28], ""right_hand_translation_m"": null, ""selected_step"": ""r1_gear_rod"", ""step_attempt"": 7, ""step_elapsed_s"": 17.63323010597378, ""step_event_index"": 77, ""total_hand_translation_m"": null, ""trial_finished_elapsed_s"": null, ""trial_recording"": true, ""trial_required_tool_ids"": [14, 26, 33]}"
2026-09-05T10:49:18.069-04:00,arunn,gesture,step_acquisition_complete,click,r1_gear_rod,Row 1.2: assemble gear rod,ready,7,78,,,,17.696865,0.229439,82.813412,0.615166,0.979065,1.594231,0.000000,9.103803,9.103803,51.953662,0,17,0.000000,0.328214,0.328214,,,,,,,"{""acquired_tool_ids"": [14, 26, 33], ""acquisition_complete"": true, ""any_hover_time_s"": 9.103803288191557, ""completed_steps"": [""r1_bearing_right"", ""r1_bearing_left"", ""r2_gear_rod"", ""r2_bearing_right"", ""r2_fasten_first_stand"", ""r2_bearing_left"", ""r2_insert_rod_and_fit_second"", ""r2_fasten_second_stand""], ""head_rotation_deg"": 82.81341155897842, ""head_translation_m"": 0.22943880534361696, ""hover_time_percent"": 51.953661731019686, ""left_hand_translation_m"": 0.6151660617329823, ""left_hover_episodes"": 0, ""left_hover_time_s"": 0.0, ""left_hover_translation_m"": 0.0, ""removed_tool_ids"": [14, 15, 18, 19, 20, 21, 26, 27, 28], ""right_hand_translation_m"": 0.9790650077155936, ""right_hover_episodes"": 17, ""right_hover_time_s"": 9.103803288191557, ""right_hover_translation_m"": 0.328213580373499, ""selected_step"": ""r1_gear_rod"", ""step_attempt"": 7, ""step_elapsed_s"": 17.696865006932057, ""step_event_index"": 78, ""total_hand_translation_m"": 1.594231069448576, ""total_hover_translation_m"": 0.328213580373499, ""trial_finished_elapsed_s"": 17.696865006932057, ""trial_recording"": false, ""trial_required_tool_ids"": [14, 26, 33]}"
2026-09-05T10:49:18.100-04:00,arunn,gesture,graph_complete,,r1_gear_rod,Row 1.2: assemble gear rod,complete,7,79,,,,,,,,,,,,,,,,,,,,,,,,,"{""acquired_tool_ids"": [14, 26, 33], ""acquisition_complete"": true, ""any_hover_time_s"": 9.103803288191557, ""completed_steps"": [""r1_bearing_right"", ""r1_bearing_left"", ""r2_gear_rod"", ""r2_bearing_right"", ""r2_fasten_first_stand"", ""r2_bearing_left"", ""r2_insert_rod_and_fit_second"", ""r2_fasten_second_stand"", ""r1_gear_rod""], ""head_rotation_deg"": 82.81341155897842, ""head_translation_m"": 0.22943880534361696, ""hover_time_percent"": 51.953661731019686, ""left_hand_translation_m"": 0.6151660617329823, ""left_hover_episodes"": 0, ""left_hover_time_s"": 0.0, ""left_hover_translation_m"": 0.0, ""removed_tool_ids"": [14, 15, 18, 19, 20, 21, 26, 27, 28], ""right_hand_translation_m"": 0.9790650077155936, ""right_hover_episodes"": 17, ""right_hover_time_s"": 9.103803288191557, ""right_hover_translation_m"": 0.328213580373499, ""selected_step"": ""r1_gear_rod"", ""step_attempt"": 7, ""step_elapsed_s"": 17.696865006932057, ""step_event_index"": 79, ""total_hand_translation_m"": 1.594231069448576, ""total_hover_translation_m"": 0.328213580373499, ""trial_finished_elapsed_s"": 17.696865006932057, ""trial_recording"": false, ""trial_required_tool_ids"": [14, 26, 33]}"
2026-09-05T10:49:28.351-04:00,arunn,gesture,step_started,keyboard,r1_fasten_first_stand,Row 1.4: fasten right stand,ready,8,1,,,,,,,,,,,,,,,,,,,,,,,,,"{""acquired_tool_ids"": [], ""acquisition_complete"": false, ""completed_steps"": [""r1_bearing_right"", ""r1_bearing_left"", ""r2_gear_rod"", ""r2_bearing_right"", ""r2_fasten_first_stand"", ""r2_bearing_left"", ""r2_insert_rod_and_fit_second"", ""r2_fasten_second_stand"", ""r1_gear_rod""], ""head_rotation_deg"": null, ""head_translation_m"": null, ""left_hand_translation_m"": null, ""removed_tool_ids"": [14, 15, 18, 19, 20, 21, 26, 27, 28], ""right_hand_translation_m"": null, ""selected_step"": ""r1_fasten_first_stand"", ""step_attempt"": 8, ""step_elapsed_s"": 7.205002475529909e-05, ""step_event_index"": 1, ""total_hand_translation_m"": null, ""trial_finished_elapsed_s"": null, ""trial_recording"": true, ""trial_required_tool_ids"": [7, 35, 36]}"
2026-09-05T10:49:29.847-04:00,arunn,gesture,hover,hover,r1_fasten_first_stand,Row 1.4: fasten right stand,ready,8,2,33,PINS,,,,,,,,,,,,,,,,,,,,,,,"{""acquired_tool_ids"": [], ""acquisition_complete"": false, ""completed_steps"": [""r1_bearing_right"", ""r1_bearing_left"", ""r2_gear_rod"", ""r2_bearing_right"", ""r2_fasten_first_stand"", ""r2_bearing_left"", ""r2_insert_rod_and_fit_second"", ""r2_fasten_second_stand"", ""r1_gear_rod""], ""head_rotation_deg"": null, ""head_translation_m"": null, ""left_hand_translation_m"": null, ""removed_tool_ids"": [14, 15, 18, 19, 20, 21, 26, 27, 28], ""right_hand_translation_m"": null, ""selected_step"": ""r1_fasten_first_stand"", ""step_attempt"": 8, ""step_elapsed_s"": 1.49665756104514, ""step_event_index"": 2, ""total_hand_translation_m"": null, ""trial_finished_elapsed_s"": null, ""trial_recording"": true, ""trial_required_tool_ids"": [7, 35, 36]}"
2026-09-05T10:49:29.880-04:00,arunn,gesture,tts_queued,lifecycle,r1_fasten_first_stand,Row 1.4: fasten right stand,ready,8,3,,,,1.529091,,,,,,,,,,,,,,,,pin,,,replace_hover,,"{""acquired_tool_ids"": [], ""acquisition_complete"": false, ""completed_steps"": [""r1_bearing_right"", ""r1_bearing_left"", ""r2_gear_rod"", ""r2_bearing_right"", ""r2_fasten_first_stand"", ""r2_bearing_left"", ""r2_insert_rod_and_fit_second"", ""r2_fasten_second_stand"", ""r1_gear_rod""], ""head_rotation_deg"": null, ""head_translation_m"": null, ""left_hand_translation_m"": null, ""removed_tool_ids"": [14, 15, 18, 19, 20, 21, 26, 27, 28], ""right_hand_translation_m"": null, ""selected_step"": ""r1_fasten_first_stand"", ""step_attempt"": 8, ""step_elapsed_s"": 1.5291060239542276, ""step_event_index"": 3, ""total_hand_translation_m"": null, ""trial_finished_elapsed_s"": null, ""trial_recording"": true, ""trial_required_tool_ids"": [7, 35, 36]}"
2026-09-05T10:49:29.916-04:00,arunn,gesture,tts_started,lifecycle,r1_fasten_first_stand,Row 1.4: fasten right stand,ready,8,4,,,,1.565202,,,,,,,,,,,,,,,,pin,,,,,"{""acquired_tool_ids"": [], ""acquisition_complete"": false, ""completed_steps"": [""r1_bearing_right"", ""r1_bearing_left"", ""r2_gear_rod"", ""r2_bearing_right"", ""r2_fasten_first_stand"", ""r2_bearing_left"", ""r2_insert_rod_and_fit_second"", ""r2_fasten_second_stand"", ""r1_gear_rod""], ""head_rotation_deg"": null, ""head_translation_m"": null, ""left_hand_translation_m"": null, ""removed_tool_ids"": [14, 15, 18, 19, 20, 21, 26, 27, 28], ""right_hand_translation_m"": null, ""selected_step"": ""r1_fasten_first_stand"", ""step_attempt"": 8, ""step_elapsed_s"": 1.565215345006436, ""step_event_index"": 4, ""total_hand_translation_m"": null, ""trial_finished_elapsed_s"": null, ""trial_recording"": true, ""trial_required_tool_ids"": [7, 35, 36]}"
2026-09-05T10:49:30.117-04:00,arunn,gesture,hover,hover,r1_fasten_first_stand,Row 1.4: fasten right stand,ready,8,5,32,CRANK_HANDLE,,,,,,,,,,,,,,,,,,,,,,,"{""acquired_tool_ids"": [], ""acquisition_complete"": false, ""completed_steps"": [""r1_bearing_right"", ""r1_bearing_left"", ""r2_gear_rod"", ""r2_bearing_right"", ""r2_fasten_first_stand"", ""r2_bearing_left"", ""r2_insert_rod_and_fit_second"", ""r2_fasten_second_stand"", ""r1_gear_rod""], ""head_rotation_deg"": null, ""head_translation_m"": null, ""left_hand_translation_m"": null, ""removed_tool_ids"": [14, 15, 18, 19, 20, 21, 26, 27, 28], ""right_hand_translation_m"": null, ""selected_step"": ""r1_fasten_first_stand"", ""step_attempt"": 8, ""step_elapsed_s"": 1.766099601984024, ""step_event_index"": 5, ""total_hand_translation_m"": null, ""trial_finished_elapsed_s"": null, ""trial_recording"": true, ""trial_required_tool_ids"": [7, 35, 36]}"
2026-09-05T10:49:30.137-04:00,arunn,gesture,tts_queued,lifecycle,r1_fasten_first_stand,Row 1.4: fasten right stand,ready,8,6,,,,1.786804,,,,,,,,,,,,,,,,handle,,,replace_hover,,"{""acquired_tool_ids"": [], ""acquisition_complete"": false, ""completed_steps"": [""r1_bearing_right"", ""r1_bearing_left"", ""r2_gear_rod"", ""r2_bearing_right"", ""r2_fasten_first_stand"", ""r2_bearing_left"", ""r2_insert_rod_and_fit_second"", ""r2_fasten_second_stand"", ""r1_gear_rod""], ""head_rotation_deg"": null, ""head_translation_m"": null, ""left_hand_translation_m"": null, ""removed_tool_ids"": [14, 15, 18, 19, 20, 21, 26, 27, 28], ""right_hand_translation_m"": null, ""selected_step"": ""r1_fasten_first_stand"", ""step_attempt"": 8, ""step_elapsed_s"": 1.7868142860243097, ""step_event_index"": 6, ""total_hand_translation_m"": null, ""trial_finished_elapsed_s"": null, ""trial_recording"": true, ""trial_required_tool_ids"": [7, 35, 36]}"
2026-09-05T10:49:30.160-04:00,arunn,gesture,tts_finished,lifecycle,r1_fasten_first_stand,Row 1.4: fasten right stand,ready,8,7,,,,1.808903,,,,,,,,,,,,,,,,pin,,,,,"{""acquired_tool_ids"": [], ""acquisition_complete"": false, ""completed_steps"": [""r1_bearing_right"", ""r1_bearing_left"", ""r2_gear_rod"", ""r2_bearing_right"", ""r2_fasten_first_stand"", ""r2_bearing_left"", ""r2_insert_rod_and_fit_second"", ""r2_fasten_second_stand"", ""r1_gear_rod""], ""head_rotation_deg"": null, ""head_translation_m"": null, ""left_hand_translation_m"": null, ""removed_tool_ids"": [14, 15, 18, 19, 20, 21, 26, 27, 28], ""right_hand_translation_m"": null, ""selected_step"": ""r1_fasten_first_stand"", ""step_attempt"": 8, ""step_elapsed_s"": 1.8089145499980077, ""step_event_index"": 7, ""total_hand_translation_m"": null, ""trial_finished_elapsed_s"": null, ""trial_recording"": true, ""trial_required_tool_ids"": [7, 35, 36]}"
2026-09-05T10:49:30.184-04:00,arunn,gesture,tts_started,lifecycle,r1_fasten_first_stand,Row 1.4: fasten right stand,ready,8,8,,,,1.833640,,,,,,,,,,,,,,,,handle,,,,,"{""acquired_tool_ids"": [], ""acquisition_complete"": false, ""completed_steps"": [""r1_bearing_right"", ""r1_bearing_left"", ""r2_gear_rod"", ""r2_bearing_right"", ""r2_fasten_first_stand"", ""r2_bearing_left"", ""r2_insert_rod_and_fit_second"", ""r2_fasten_second_stand"", ""r1_gear_rod""], ""head_rotation_deg"": null, ""head_translation_m"": null, ""left_hand_translation_m"": null, ""removed_tool_ids"": [14, 15, 18, 19, 20, 21, 26, 27, 28], ""right_hand_translation_m"": null, ""selected_step"": ""r1_fasten_first_stand"", ""step_attempt"": 8, ""step_elapsed_s"": 1.8336512580281124, ""step_event_index"": 8, ""total_hand_translation_m"": null, ""trial_finished_elapsed_s"": null, ""trial_recording"": true, ""trial_required_tool_ids"": [7, 35, 36]}"
2026-09-05T10:49:30.787-04:00,arunn,gesture,tts_finished,lifecycle,r1_fasten_first_stand,Row 1.4: fasten right stand,ready,8,9,,,,2.436365,,,,,,,,,,,,,,,,handle,,,,,"{""acquired_tool_ids"": [], ""acquisition_complete"": false, ""completed_steps"": [""r1_bearing_right"", ""r1_bearing_left"", ""r2_gear_rod"", ""r2_bearing_right"", ""r2_fasten_first_stand"", ""r2_bearing_left"", ""r2_insert_rod_and_fit_second"", ""r2_fasten_second_stand"", ""r1_gear_rod""], ""head_rotation_deg"": null, ""head_translation_m"": null, ""left_hand_translation_m"": null, ""removed_tool_ids"": [14, 15, 18, 19, 20, 21, 26, 27, 28], ""right_hand_translation_m"": null, ""selected_step"": ""r1_fasten_first_stand"", ""step_attempt"": 8, ""step_elapsed_s"": 2.436376266996376, ""step_event_index"": 9, ""total_hand_translation_m"": null, ""trial_finished_elapsed_s"": null, ""trial_recording"": true, ""trial_required_tool_ids"": [7, 35, 36]}"
2026-09-05T10:49:31.332-04:00,arunn,gesture,hover,hover,r1_fasten_first_stand,Row 1.4: fasten right stand,ready,8,10,35,SCREWS,,,,,,,,,,,,,,,,,,,,,,,"{""acquired_tool_ids"": [], ""acquisition_complete"": false, ""completed_steps"": [""r1_bearing_right"", ""r1_bearing_left"", ""r2_gear_rod"", ""r2_bearing_right"", ""r2_fasten_first_stand"", ""r2_bearing_left"", ""r2_insert_rod_and_fit_second"", ""r2_fasten_second_stand"", ""r1_gear_rod""], ""head_rotation_deg"": null, ""head_translation_m"": null, ""left_hand_translation_m"": null, ""removed_tool_ids"": [14, 15, 18, 19, 20, 21, 26, 27, 28], ""right_hand_translation_m"": null, ""selected_step"": ""r1_fasten_first_stand"", ""step_attempt"": 8, ""step_elapsed_s"": 2.9817723779706284, ""step_event_index"": 10, ""total_hand_translation_m"": null, ""trial_finished_elapsed_s"": null, ""trial_recording"": true, ""trial_required_tool_ids"": [7, 35, 36]}"
2026-09-05T10:49:31.355-04:00,arunn,gesture,tts_queued,lifecycle,r1_fasten_first_stand,Row 1.4: fasten right stand,ready,8,11,,,,3.004247,,,,,,,,,,,,,,,,screw,,,replace_hover,,"{""acquired_tool_ids"": [], ""acquisition_complete"": false, ""completed_steps"": [""r1_bearing_right"", ""r1_bearing_left"", ""r2_gear_rod"", ""r2_bearing_right"", ""r2_fasten_first_stand"", ""r2_bearing_left"", ""r2_insert_rod_and_fit_second"", ""r2_fasten_second_stand"", ""r1_gear_rod""], ""head_rotation_deg"": null, ""head_translation_m"": null, ""left_hand_translation_m"": null, ""removed_tool_ids"": [14, 15, 18, 19, 20, 21, 26, 27, 28], ""right_hand_translation_m"": null, ""selected_step"": ""r1_fasten_first_stand"", ""step_attempt"": 8, ""step_elapsed_s"": 3.0042569170473143, ""step_event_index"": 11, ""total_hand_translation_m"": null, ""trial_finished_elapsed_s"": null, ""trial_recording"": true, ""trial_required_tool_ids"": [7, 35, 36]}"
2026-09-05T10:49:31.406-04:00,arunn,gesture,tts_started,lifecycle,r1_fasten_first_stand,Row 1.4: fasten right stand,ready,8,12,,,,3.055228,,,,,,,,,,,,,,,,screw,,,,,"{""acquired_tool_ids"": [], ""acquisition_complete"": false, ""completed_steps"": [""r1_bearing_right"", ""r1_bearing_left"", ""r2_gear_rod"", ""r2_bearing_right"", ""r2_fasten_first_stand"", ""r2_bearing_left"", ""r2_insert_rod_and_fit_second"", ""r2_fasten_second_stand"", ""r1_gear_rod""], ""head_rotation_deg"": null, ""head_translation_m"": null, ""left_hand_translation_m"": null, ""removed_tool_ids"": [14, 15, 18, 19, 20, 21, 26, 27, 28], ""right_hand_translation_m"": null, ""selected_step"": ""r1_fasten_first_stand"", ""step_attempt"": 8, ""step_elapsed_s"": 3.0552409610245377, ""step_event_index"": 12, ""total_hand_translation_m"": null, ""trial_finished_elapsed_s"": null, ""trial_recording"": true, ""trial_required_tool_ids"": [7, 35, 36]}"
2026-09-05T10:49:31.987-04:00,arunn,gesture,tts_finished,lifecycle,r1_fasten_first_stand,Row 1.4: fasten right stand,ready,8,13,,,,3.636007,,,,,,,,,,,,,,,,screw,,,,,"{""acquired_tool_ids"": [], ""acquisition_complete"": false, ""completed_steps"": [""r1_bearing_right"", ""r1_bearing_left"", ""r2_gear_rod"", ""r2_bearing_right"", ""r2_fasten_first_stand"", ""r2_bearing_left"", ""r2_insert_rod_and_fit_second"", ""r2_fasten_second_stand"", ""r1_gear_rod""], ""head_rotation_deg"": null, ""head_translation_m"": null, ""left_hand_translation_m"": null, ""removed_tool_ids"": [14, 15, 18, 19, 20, 21, 26, 27, 28], ""right_hand_translation_m"": null, ""selected_step"": ""r1_fasten_first_stand"", ""step_attempt"": 8, ""step_elapsed_s"": 3.636019226978533, ""step_event_index"": 13, ""total_hand_translation_m"": null, ""trial_finished_elapsed_s"": null, ""trial_recording"": true, ""trial_required_tool_ids"": [7, 35, 36]}"
2026-09-05T10:49:32.633-04:00,arunn,gesture,hover,hover,r1_fasten_first_stand,Row 1.4: fasten right stand,ready,8,14,35,SCREWS,,,,,,,,,,,,,,,,,,,,,,,"{""acquired_tool_ids"": [], ""acquisition_complete"": false, ""completed_steps"": [""r1_bearing_right"", ""r1_bearing_left"", ""r2_gear_rod"", ""r2_bearing_right"", ""r2_fasten_first_stand"", ""r2_bearing_left"", ""r2_insert_rod_and_fit_second"", ""r2_fasten_second_stand"", ""r1_gear_rod""], ""head_rotation_deg"": null, ""head_translation_m"": null, ""left_hand_translation_m"": null, ""removed_tool_ids"": [14, 15, 18, 19, 20, 21, 26, 27, 28], ""right_hand_translation_m"": null, ""selected_step"": ""r1_fasten_first_stand"", ""step_attempt"": 8, ""step_elapsed_s"": 4.282543160952628, ""step_event_index"": 14, ""total_hand_translation_m"": null, ""trial_finished_elapsed_s"": null, ""trial_recording"": true, ""trial_required_tool_ids"": [7, 35, 36]}"
2026-09-05T10:49:32.661-04:00,arunn,gesture,tts_queued,lifecycle,r1_fasten_first_stand,Row 1.4: fasten right stand,ready,8,15,,,,4.310285,,,,,,,,,,,,,,,,screw,,,replace_hover,,"{""acquired_tool_ids"": [], ""acquisition_complete"": false, ""completed_steps"": [""r1_bearing_right"", ""r1_bearing_left"", ""r2_gear_rod"", ""r2_bearing_right"", ""r2_fasten_first_stand"", ""r2_bearing_left"", ""r2_insert_rod_and_fit_second"", ""r2_fasten_second_stand"", ""r1_gear_rod""], ""head_rotation_deg"": null, ""head_translation_m"": null, ""left_hand_translation_m"": null, ""removed_tool_ids"": [14, 15, 18, 19, 20, 21, 26, 27, 28], ""right_hand_translation_m"": null, ""selected_step"": ""r1_fasten_first_stand"", ""step_attempt"": 8, ""step_elapsed_s"": 4.31029865599703, ""step_event_index"": 15, ""total_hand_translation_m"": null, ""trial_finished_elapsed_s"": null, ""trial_recording"": true, ""trial_required_tool_ids"": [7, 35, 36]}"
2026-09-05T10:49:32.720-04:00,arunn,gesture,tts_started,lifecycle,r1_fasten_first_stand,Row 1.4: fasten right stand,ready,8,16,,,,4.369446,,,,,,,,,,,,,,,,screw,,,,,"{""acquired_tool_ids"": [], ""acquisition_complete"": false, ""completed_steps"": [""r1_bearing_right"", ""r1_bearing_left"", ""r2_gear_rod"", ""r2_bearing_right"", ""r2_fasten_first_stand"", ""r2_bearing_left"", ""r2_insert_rod_and_fit_second"", ""r2_fasten_second_stand"", ""r1_gear_rod""], ""head_rotation_deg"": null, ""head_translation_m"": null, ""left_hand_translation_m"": null, ""removed_tool_ids"": [14, 15, 18, 19, 20, 21, 26, 27, 28], ""right_hand_translation_m"": null, ""selected_step"": ""r1_fasten_first_stand"", ""step_attempt"": 8, ""step_elapsed_s"": 4.369460199959576, ""step_event_index"": 16, ""total_hand_translation_m"": null, ""trial_finished_elapsed_s"": null, ""trial_recording"": true, ""trial_required_tool_ids"": [7, 35, 36]}"
2026-09-05T10:49:33.209-04:00,arunn,gesture,tts_finished,lifecycle,r1_fasten_first_stand,Row 1.4: fasten right stand,ready,8,17,,,,4.858257,,,,,,,,,,,,,,,,screw,,,,,"{""acquired_tool_ids"": [], ""acquisition_complete"": false, ""completed_steps"": [""r1_bearing_right"", ""r1_bearing_left"", ""r2_gear_rod"", ""r2_bearing_right"", ""r2_fasten_first_stand"", ""r2_bearing_left"", ""r2_insert_rod_and_fit_second"", ""r2_fasten_second_stand"", ""r1_gear_rod""], ""head_rotation_deg"": null, ""head_translation_m"": null, ""left_hand_translation_m"": null, ""removed_tool_ids"": [14, 15, 18, 19, 20, 21, 26, 27, 28], ""right_hand_translation_m"": null, ""selected_step"": ""r1_fasten_first_stand"", ""step_attempt"": 8, ""step_elapsed_s"": 4.858269201009534, ""step_event_index"": 17, ""total_hand_translation_m"": null, ""trial_finished_elapsed_s"": null, ""trial_recording"": true, ""trial_required_tool_ids"": [7, 35, 36]}"
2026-09-05T10:49:33.395-04:00,arunn,gesture,part_selection,click,r1_fasten_first_stand,Row 1.4: fasten right stand,ready,8,18,35,SCREWS,5.044461,5.044461,,,,,,,,,,,,,,,1,,,,,,"{""acquired_tool_ids"": [35], ""acquisition_complete"": false, ""completed_steps"": [""r1_bearing_right"", ""r1_bearing_left"", ""r2_gear_rod"", ""r2_bearing_right"", ""r2_fasten_first_stand"", ""r2_bearing_left"", ""r2_insert_rod_and_fit_second"", ""r2_fasten_second_stand"", ""r1_gear_rod""], ""head_rotation_deg"": null, ""head_translation_m"": null, ""left_hand_translation_m"": null, ""removed_tool_ids"": [14, 15, 18, 19, 20, 21, 26, 27, 28], ""right_hand_translation_m"": null, ""selected_step"": ""r1_fasten_first_stand"", ""step_attempt"": 8, ""step_elapsed_s"": 5.044498780975118, ""step_event_index"": 18, ""total_hand_translation_m"": null, ""trial_finished_elapsed_s"": null, ""trial_recording"": true, ""trial_required_tool_ids"": [7, 35, 36]}"
2026-09-05T10:49:33.436-04:00,arunn,gesture,object_acquired,click,r1_fasten_first_stand,Row 1.4: fasten right stand,ready,8,19,35,SCREWS,5.044461,5.044461,,,,,,,,,,,,,,,1,,,,,,"{""acquired_tool_ids"": [35], ""acquisition_complete"": false, ""completed_steps"": [""r1_bearing_right"", ""r1_bearing_left"", ""r2_gear_rod"", ""r2_bearing_right"", ""r2_fasten_first_stand"", ""r2_bearing_left"", ""r2_insert_rod_and_fit_second"", ""r2_fasten_second_stand"", ""r1_gear_rod""], ""head_rotation_deg"": null, ""head_translation_m"": null, ""left_hand_translation_m"": null, ""removed_tool_ids"": [14, 15, 18, 19, 20, 21, 26, 27, 28], ""right_hand_translation_m"": null, ""selected_step"": ""r1_fasten_first_stand"", ""step_attempt"": 8, ""step_elapsed_s"": 5.0849737039534375, ""step_event_index"": 19, ""total_hand_translation_m"": null, ""trial_finished_elapsed_s"": null, ""trial_recording"": true, ""trial_required_tool_ids"": [7, 35, 36]}"
2026-09-05T10:49:33.459-04:00,arunn,gesture,tts_queued,lifecycle,r1_fasten_first_stand,Row 1.4: fasten right stand,ready,8,20,,,,5.107920,,,,,,,,,,,,,,,,2 parts left.,,,replace,,"{""acquired_tool_ids"": [35], ""acquisition_complete"": false, ""completed_steps"": [""r1_bearing_right"", ""r1_bearing_left"", ""r2_gear_rod"", ""r2_bearing_right"", ""r2_fasten_first_stand"", ""r2_bearing_left"", ""r2_insert_rod_and_fit_second"", ""r2_fasten_second_stand"", ""r1_gear_rod""], ""head_rotation_deg"": null, ""head_translation_m"": null, ""left_hand_translation_m"": null, ""removed_tool_ids"": [14, 15, 18, 19, 20, 21, 26, 27, 28], ""right_hand_translation_m"": null, ""selected_step"": ""r1_fasten_first_stand"", ""step_attempt"": 8, ""step_elapsed_s"": 5.107927912962623, ""step_event_index"": 20, ""total_hand_translation_m"": null, ""trial_finished_elapsed_s"": null, ""trial_recording"": true, ""trial_required_tool_ids"": [7, 35, 36]}"
2026-09-05T10:49:33.491-04:00,arunn,gesture,tts_started,lifecycle,r1_fasten_first_stand,Row 1.4: fasten right stand,ready,8,21,,,,5.140366,,,,,,,,,,,,,,,,2 parts left.,,,,,"{""acquired_tool_ids"": [35], ""acquisition_complete"": false, ""completed_steps"": [""r1_bearing_right"", ""r1_bearing_left"", ""r2_gear_rod"", ""r2_bearing_right"", ""r2_fasten_first_stand"", ""r2_bearing_left"", ""r2_insert_rod_and_fit_second"", ""r2_fasten_second_stand"", ""r1_gear_rod""], ""head_rotation_deg"": null, ""head_translation_m"": null, ""left_hand_translation_m"": null, ""removed_tool_ids"": [14, 15, 18, 19, 20, 21, 26, 27, 28], ""right_hand_translation_m"": null, ""selected_step"": ""r1_fasten_first_stand"", ""step_attempt"": 8, ""step_elapsed_s"": 5.140375716960989, ""step_event_index"": 21, ""total_hand_translation_m"": null, ""trial_finished_elapsed_s"": null, ""trial_recording"": true, ""trial_required_tool_ids"": [7, 35, 36]}"
2026-09-05T10:49:34.521-04:00,arunn,gesture,hover,hover,r1_fasten_first_stand,Row 1.4: fasten right stand,ready,8,22,10,PHILIPS_SCREWDRIVER,,,,,,,,,,,,,,,,,,,,,,,"{""acquired_tool_ids"": [35], ""acquisition_complete"": false, ""completed_steps"": [""r1_bearing_right"", ""r1_bearing_left"", ""r2_gear_rod"", ""r2_bearing_right"", ""r2_fasten_first_stand"", ""r2_bearing_left"", ""r2_insert_rod_and_fit_second"", ""r2_fasten_second_stand"", ""r1_gear_rod""], ""head_rotation_deg"": null, ""head_translation_m"": null, ""left_hand_translation_m"": null, ""removed_tool_ids"": [14, 15, 18, 19, 20, 21, 26, 27, 28], ""right_hand_translation_m"": null, ""selected_step"": ""r1_fasten_first_stand"", ""step_attempt"": 8, ""step_elapsed_s"": 6.170291005983017, ""step_event_index"": 22, ""total_hand_translation_m"": null, ""trial_finished_elapsed_s"": null, ""trial_recording"": true, ""trial_required_tool_ids"": [7, 35, 36]}"
2026-09-05T10:49:34.615-04:00,arunn,gesture,tts_queued,lifecycle,r1_fasten_first_stand,Row 1.4: fasten right stand,ready,8,23,,,,6.264080,,,,,,,,,,,,,,,,phillips screwdriver,,,replace_hover,,"{""acquired_tool_ids"": [35], ""acquisition_complete"": false, ""completed_steps"": [""r1_bearing_right"", ""r1_bearing_left"", ""r2_gear_rod"", ""r2_bearing_right"", ""r2_fasten_first_stand"", ""r2_bearing_left"", ""r2_insert_rod_and_fit_second"", ""r2_fasten_second_stand"", ""r1_gear_rod""], ""head_rotation_deg"": null, ""head_translation_m"": null, ""left_hand_translation_m"": null, ""removed_tool_ids"": [14, 15, 18, 19, 20, 21, 26, 27, 28], ""right_hand_translation_m"": null, ""selected_step"": ""r1_fasten_first_stand"", ""step_attempt"": 8, ""step_elapsed_s"": 6.264092635014094, ""step_event_index"": 23, ""total_hand_translation_m"": null, ""trial_finished_elapsed_s"": null, ""trial_recording"": true, ""trial_required_tool_ids"": [7, 35, 36]}"
2026-09-05T10:49:34.736-04:00,arunn,gesture,tts_finished,lifecycle,r1_fasten_first_stand,Row 1.4: fasten right stand,ready,8,24,,,,6.385444,,,,,,,,,,,,,,,,2 parts left.,,,,,"{""acquired_tool_ids"": [35], ""acquisition_complete"": false, ""completed_steps"": [""r1_bearing_right"", ""r1_bearing_left"", ""r2_gear_rod"", ""r2_bearing_right"", ""r2_fasten_first_stand"", ""r2_bearing_left"", ""r2_insert_rod_and_fit_second"", ""r2_fasten_second_stand"", ""r1_gear_rod""], ""head_rotation_deg"": null, ""head_translation_m"": null, ""left_hand_translation_m"": null, ""removed_tool_ids"": [14, 15, 18, 19, 20, 21, 26, 27, 28], ""right_hand_translation_m"": null, ""selected_step"": ""r1_fasten_first_stand"", ""step_attempt"": 8, ""step_elapsed_s"": 6.385456886026077, ""step_event_index"": 24, ""total_hand_translation_m"": null, ""trial_finished_elapsed_s"": null, ""trial_recording"": true, ""trial_required_tool_ids"": [7, 35, 36]}"
2026-09-05T10:49:34.793-04:00,arunn,gesture,tts_started,lifecycle,r1_fasten_first_stand,Row 1.4: fasten right stand,ready,8,25,,,,6.442017,,,,,,,,,,,,,,,,phillips screwdriver,,,,,"{""acquired_tool_ids"": [35], ""acquisition_complete"": false, ""completed_steps"": [""r1_bearing_right"", ""r1_bearing_left"", ""r2_gear_rod"", ""r2_bearing_right"", ""r2_fasten_first_stand"", ""r2_bearing_left"", ""r2_insert_rod_and_fit_second"", ""r2_fasten_second_stand"", ""r1_gear_rod""], ""head_rotation_deg"": null, ""head_translation_m"": null, ""left_hand_translation_m"": null, ""removed_tool_ids"": [14, 15, 18, 19, 20, 21, 26, 27, 28], ""right_hand_translation_m"": null, ""selected_step"": ""r1_fasten_first_stand"", ""step_attempt"": 8, ""step_elapsed_s"": 6.442033941973932, ""step_event_index"": 25, ""total_hand_translation_m"": null, ""trial_finished_elapsed_s"": null, ""trial_recording"": true, ""trial_required_tool_ids"": [7, 35, 36]}"
2026-09-05T10:49:36.089-04:00,arunn,gesture,tts_finished,lifecycle,r1_fasten_first_stand,Row 1.4: fasten right stand,ready,8,26,,,,7.738263,,,,,,,,,,,,,,,,phillips screwdriver,,,,,"{""acquired_tool_ids"": [35], ""acquisition_complete"": false, ""completed_steps"": [""r1_bearing_right"", ""r1_bearing_left"", ""r2_gear_rod"", ""r2_bearing_right"", ""r2_fasten_first_stand"", ""r2_bearing_left"", ""r2_insert_rod_and_fit_second"", ""r2_fasten_second_stand"", ""r1_gear_rod""], ""head_rotation_deg"": null, ""head_translation_m"": null, ""left_hand_translation_m"": null, ""removed_tool_ids"": [14, 15, 18, 19, 20, 21, 26, 27, 28], ""right_hand_translation_m"": null, ""selected_step"": ""r1_fasten_first_stand"", ""step_attempt"": 8, ""step_elapsed_s"": 7.73827709199395, ""step_event_index"": 26, ""total_hand_translation_m"": null, ""trial_finished_elapsed_s"": null, ""trial_recording"": true, ""trial_required_tool_ids"": [7, 35, 36]}"
2026-09-05T10:49:36.282-04:00,arunn,gesture,hover,hover,r1_fasten_first_stand,Row 1.4: fasten right stand,ready,8,27,7,BIT_SCREWDRIVER,,,,,,,,,,,,,,,,,,,,,,,"{""acquired_tool_ids"": [35], ""acquisition_complete"": false, ""completed_steps"": [""r1_bearing_right"", ""r1_bearing_left"", ""r2_gear_rod"", ""r2_bearing_right"", ""r2_fasten_first_stand"", ""r2_bearing_left"", ""r2_insert_rod_and_fit_second"", ""r2_fasten_second_stand"", ""r1_gear_rod""], ""head_rotation_deg"": null, ""head_translation_m"": null, ""left_hand_translation_m"": null, ""removed_tool_ids"": [14, 15, 18, 19, 20, 21, 26, 27, 28], ""right_hand_translation_m"": null, ""selected_step"": ""r1_fasten_first_stand"", ""step_attempt"": 8, ""step_elapsed_s"": 7.931669509969652, ""step_event_index"": 27, ""total_hand_translation_m"": null, ""trial_finished_elapsed_s"": null, ""trial_recording"": true, ""trial_required_tool_ids"": [7, 35, 36]}"
2026-09-05T10:49:36.590-04:00,arunn,gesture,tts_queued,lifecycle,r1_fasten_first_stand,Row 1.4: fasten right stand,ready,8,28,,,,8.239325,,,,,,,,,,,,,,,,interchangeable-bit screwdriver,,,replace_hover,,"{""acquired_tool_ids"": [35], ""acquisition_complete"": false, ""completed_steps"": [""r1_bearing_right"", ""r1_bearing_left"", ""r2_gear_rod"", ""r2_bearing_right"", ""r2_fasten_first_stand"", ""r2_bearing_left"", ""r2_insert_rod_and_fit_second"", ""r2_fasten_second_stand"", ""r1_gear_rod""], ""head_rotation_deg"": null, ""head_translation_m"": null, ""left_hand_translation_m"": null, ""removed_tool_ids"": [14, 15, 18, 19, 20, 21, 26, 27, 28], ""right_hand_translation_m"": null, ""selected_step"": ""r1_fasten_first_stand"", ""step_attempt"": 8, ""step_elapsed_s"": 8.239346791058779, ""step_event_index"": 28, ""total_hand_translation_m"": null, ""trial_finished_elapsed_s"": null, ""trial_recording"": true, ""trial_required_tool_ids"": [7, 35, 36]}"
2026-09-05T10:49:36.920-04:00,arunn,gesture,part_selection,click,r1_fasten_first_stand,Row 1.4: fasten right stand,ready,8,29,7,BIT_SCREWDRIVER,3.524457,8.568918,,,,,,,,,,,,,,,1,,,,,,"{""acquired_tool_ids"": [7, 35], ""acquisition_complete"": false, ""completed_steps"": [""r1_bearing_right"", ""r1_bearing_left"", ""r2_gear_rod"", ""r2_bearing_right"", ""r2_fasten_first_stand"", ""r2_bearing_left"", ""r2_insert_rod_and_fit_second"", ""r2_fasten_second_stand"", ""r1_gear_rod""], ""head_rotation_deg"": null, ""head_translation_m"": null, ""left_hand_translation_m"": null, ""removed_tool_ids"": [14, 15, 18, 19, 20, 21, 26, 27, 28], ""right_hand_translation_m"": null, ""selected_step"": ""r1_fasten_first_stand"", ""step_attempt"": 8, ""step_elapsed_s"": 8.568968973006122, ""step_event_index"": 29, ""total_hand_translation_m"": null, ""trial_finished_elapsed_s"": null, ""trial_recording"": true, ""trial_required_tool_ids"": [7, 35, 36]}"
2026-09-05T10:49:36.985-04:00,arunn,gesture,object_acquired,click,r1_fasten_first_stand,Row 1.4: fasten right stand,ready,8,30,7,BIT_SCREWDRIVER,3.524457,8.568918,,,,,,,,,,,,,,,1,,,,,,"{""acquired_tool_ids"": [7, 35], ""acquisition_complete"": false, ""completed_steps"": [""r1_bearing_right"", ""r1_bearing_left"", ""r2_gear_rod"", ""r2_bearing_right"", ""r2_fasten_first_stand"", ""r2_bearing_left"", ""r2_insert_rod_and_fit_second"", ""r2_fasten_second_stand"", ""r1_gear_rod""], ""head_rotation_deg"": null, ""head_translation_m"": null, ""left_hand_translation_m"": null, ""removed_tool_ids"": [14, 15, 18, 19, 20, 21, 26, 27, 28], ""right_hand_translation_m"": null, ""selected_step"": ""r1_fasten_first_stand"", ""step_attempt"": 8, ""step_elapsed_s"": 8.634080625022762, ""step_event_index"": 30, ""total_hand_translation_m"": null, ""trial_finished_elapsed_s"": null, ""trial_recording"": true, ""trial_required_tool_ids"": [7, 35, 36]}"
2026-09-05T10:49:37.002-04:00,arunn,gesture,tts_queued,lifecycle,r1_fasten_first_stand,Row 1.4: fasten right stand,ready,8,31,,,,8.651149,,,,,,,,,,,,,,,,1 part left.,,,replace,,"{""acquired_tool_ids"": [7, 35], ""acquisition_complete"": false, ""completed_steps"": [""r1_bearing_right"", ""r1_bearing_left"", ""r2_gear_rod"", ""r2_bearing_right"", ""r2_fasten_first_stand"", ""r2_bearing_left"", ""r2_insert_rod_and_fit_second"", ""r2_fasten_second_stand"", ""r1_gear_rod""], ""head_rotation_deg"": null, ""head_translation_m"": null, ""left_hand_translation_m"": null, ""removed_tool_ids"": [14, 15, 18, 19, 20, 21, 26, 27, 28], ""right_hand_translation_m"": null, ""selected_step"": ""r1_fasten_first_stand"", ""step_attempt"": 8, ""step_elapsed_s"": 8.65115536795929, ""step_event_index"": 31, ""total_hand_translation_m"": null, ""trial_finished_elapsed_s"": null, ""trial_recording"": true, ""trial_required_tool_ids"": [7, 35, 36]}"
2026-09-05T10:49:37.039-04:00,arunn,gesture,tts_started,lifecycle,r1_fasten_first_stand,Row 1.4: fasten right stand,ready,8,32,,,,8.687967,,,,,,,,,,,,,,,,interchangeable-bit screwdriver,,,,,"{""acquired_tool_ids"": [7, 35], ""acquisition_complete"": false, ""completed_steps"": [""r1_bearing_right"", ""r1_bearing_left"", ""r2_gear_rod"", ""r2_bearing_right"", ""r2_fasten_first_stand"", ""r2_bearing_left"", ""r2_insert_rod_and_fit_second"", ""r2_fasten_second_stand"", ""r1_gear_rod""], ""head_rotation_deg"": null, ""head_translation_m"": null, ""left_hand_translation_m"": null, ""removed_tool_ids"": [14, 15, 18, 19, 20, 21, 26, 27, 28], ""right_hand_translation_m"": null, ""selected_step"": ""r1_fasten_first_stand"", ""step_attempt"": 8, ""step_elapsed_s"": 8.687978102010675, ""step_event_index"": 32, ""total_hand_translation_m"": null, ""trial_finished_elapsed_s"": null, ""trial_recording"": true, ""trial_required_tool_ids"": [7, 35, 36]}"
2026-09-05T10:49:37.059-04:00,arunn,gesture,tts_finished,lifecycle,r1_fasten_first_stand,Row 1.4: fasten right stand,ready,8,33,,,,8.708689,,,,,,,,,,,,,,,,interchangeable-bit screwdriver,,,,,"{""acquired_tool_ids"": [7, 35], ""acquisition_complete"": false, ""completed_steps"": [""r1_bearing_right"", ""r1_bearing_left"", ""r2_gear_rod"", ""r2_bearing_right"", ""r2_fasten_first_stand"", ""r2_bearing_left"", ""r2_insert_rod_and_fit_second"", ""r2_fasten_second_stand"", ""r1_gear_rod""], ""head_rotation_deg"": null, ""head_translation_m"": null, ""left_hand_translation_m"": null, ""removed_tool_ids"": [14, 15, 18, 19, 20, 21, 26, 27, 28], ""right_hand_translation_m"": null, ""selected_step"": ""r1_fasten_first_stand"", ""step_attempt"": 8, ""step_elapsed_s"": 8.708700985996984, ""step_event_index"": 33, ""total_hand_translation_m"": null, ""trial_finished_elapsed_s"": null, ""trial_recording"": true, ""trial_required_tool_ids"": [7, 35, 36]}"
2026-09-05T10:49:37.078-04:00,arunn,gesture,tts_started,lifecycle,r1_fasten_first_stand,Row 1.4: fasten right stand,ready,8,34,,,,8.727048,,,,,,,,,,,,,,,,1 part left.,,,,,"{""acquired_tool_ids"": [7, 35], ""acquisition_complete"": false, ""completed_steps"": [""r1_bearing_right"", ""r1_bearing_left"", ""r2_gear_rod"", ""r2_bearing_right"", ""r2_fasten_first_stand"", ""r2_bearing_left"", ""r2_insert_rod_and_fit_second"", ""r2_fasten_second_stand"", ""r1_gear_rod""], ""head_rotation_deg"": null, ""head_translation_m"": null, ""left_hand_translation_m"": null, ""removed_tool_ids"": [14, 15, 18, 19, 20, 21, 26, 27, 28], ""right_hand_translation_m"": null, ""selected_step"": ""r1_fasten_first_stand"", ""step_attempt"": 8, ""step_elapsed_s"": 8.727061331970617, ""step_event_index"": 34, ""total_hand_translation_m"": null, ""trial_finished_elapsed_s"": null, ""trial_recording"": true, ""trial_required_tool_ids"": [7, 35, 36]}"
2026-09-05T10:49:37.438-04:00,arunn,gesture,hover,hover,r1_fasten_first_stand,Row 1.4: fasten right stand,ready,8,35,10,PHILIPS_SCREWDRIVER,,,,,,,,,,,,,,,,,,,,,,,"{""acquired_tool_ids"": [7, 35], ""acquisition_complete"": false, ""completed_steps"": [""r1_bearing_right"", ""r1_bearing_left"", ""r2_gear_rod"", ""r2_bearing_right"", ""r2_fasten_first_stand"", ""r2_bearing_left"", ""r2_insert_rod_and_fit_second"", ""r2_fasten_second_stand"", ""r1_gear_rod""], ""head_rotation_deg"": null, ""head_translation_m"": null, ""left_hand_translation_m"": null, ""removed_tool_ids"": [14, 15, 18, 19, 20, 21, 26, 27, 28], ""right_hand_translation_m"": null, ""selected_step"": ""r1_fasten_first_stand"", ""step_attempt"": 8, ""step_elapsed_s"": 9.087245143018663, ""step_event_index"": 35, ""total_hand_translation_m"": null, ""trial_finished_elapsed_s"": null, ""trial_recording"": true, ""trial_required_tool_ids"": [7, 35, 36]}"
2026-09-05T10:49:37.503-04:00,arunn,gesture,tts_queued,lifecycle,r1_fasten_first_stand,Row 1.4: fasten right stand,ready,8,36,,,,9.152710,,,,,,,,,,,,,,,,phillips screwdriver,,,replace_hover,,"{""acquired_tool_ids"": [7, 35], ""acquisition_complete"": false, ""completed_steps"": [""r1_bearing_right"", ""r1_bearing_left"", ""r2_gear_rod"", ""r2_bearing_right"", ""r2_fasten_first_stand"", ""r2_bearing_left"", ""r2_insert_rod_and_fit_second"", ""r2_fasten_second_stand"", ""r1_gear_rod""], ""head_rotation_deg"": null, ""head_translation_m"": null, ""left_hand_translation_m"": null, ""removed_tool_ids"": [14, 15, 18, 19, 20, 21, 26, 27, 28], ""right_hand_translation_m"": null, ""selected_step"": ""r1_fasten_first_stand"", ""step_attempt"": 8, ""step_elapsed_s"": 9.152865426964127, ""step_event_index"": 36, ""total_hand_translation_m"": null, ""trial_finished_elapsed_s"": null, ""trial_recording"": true, ""trial_required_tool_ids"": [7, 35, 36]}"
2026-09-05T10:49:37.629-04:00,arunn,gesture,hover,hover,r1_fasten_first_stand,Row 1.4: fasten right stand,ready,8,37,11,FLATHEAD_SCREWDRIVER,,,,,,,,,,,,,,,,,,,,,,,"{""acquired_tool_ids"": [7, 35], ""acquisition_complete"": false, ""completed_steps"": [""r1_bearing_right"", ""r1_bearing_left"", ""r2_gear_rod"", ""r2_bearing_right"", ""r2_fasten_first_stand"", ""r2_bearing_left"", ""r2_insert_rod_and_fit_second"", ""r2_fasten_second_stand"", ""r1_gear_rod""], ""head_rotation_deg"": null, ""head_translation_m"": null, ""left_hand_translation_m"": null, ""removed_tool_ids"": [14, 15, 18, 19, 20, 21, 26, 27, 28], ""right_hand_translation_m"": null, ""selected_step"": ""r1_fasten_first_stand"", ""step_attempt"": 8, ""step_elapsed_s"": 9.277953207027167, ""step_event_index"": 37, ""total_hand_translation_m"": null, ""trial_finished_elapsed_s"": null, ""trial_recording"": true, ""trial_required_tool_ids"": [7, 35, 36]}"
2026-09-05T10:49:37.689-04:00,arunn,gesture,tts_queued,lifecycle,r1_fasten_first_stand,Row 1.4: fasten right stand,ready,8,38,,,,9.338384,,,,,,,,,,,,,,,,part,,,replace_hover,,"{""acquired_tool_ids"": [7, 35], ""acquisition_complete"": false, ""completed_steps"": [""r1_bearing_right"", ""r1_bearing_left"", ""r2_gear_rod"", ""r2_bearing_right"", ""r2_fasten_first_stand"", ""r2_bearing_left"", ""r2_insert_rod_and_fit_second"", ""r2_fasten_second_stand"", ""r1_gear_rod""], ""head_rotation_deg"": null, ""head_translation_m"": null, ""left_hand_translation_m"": null, ""removed_tool_ids"": [14, 15, 18, 19, 20, 21, 26, 27, 28], ""right_hand_translation_m"": null, ""selected_step"": ""r1_fasten_first_stand"", ""step_attempt"": 8, ""step_elapsed_s"": 9.338400098960847, ""step_event_index"": 38, ""total_hand_translation_m"": null, ""trial_finished_elapsed_s"": null, ""trial_recording"": true, ""trial_required_tool_ids"": [7, 35, 36]}"
2026-09-05T10:49:38.142-04:00,arunn,gesture,hover,hover,r1_fasten_first_stand,Row 1.4: fasten right stand,ready,8,39,13,MAGNET_POLE_CHECKER,,,,,,,,,,,,,,,,,,,,,,,"{""acquired_tool_ids"": [7, 35], ""acquisition_complete"": false, ""completed_steps"": [""r1_bearing_right"", ""r1_bearing_left"", ""r2_gear_rod"", ""r2_bearing_right"", ""r2_fasten_first_stand"", ""r2_bearing_left"", ""r2_insert_rod_and_fit_second"", ""r2_fasten_second_stand"", ""r1_gear_rod""], ""head_rotation_deg"": null, ""head_translation_m"": null, ""left_hand_translation_m"": null, ""removed_tool_ids"": [14, 15, 18, 19, 20, 21, 26, 27, 28], ""right_hand_translation_m"": null, ""selected_step"": ""r1_fasten_first_stand"", ""step_attempt"": 8, ""step_elapsed_s"": 9.791645469958894, ""step_event_index"": 39, ""total_hand_translation_m"": null, ""trial_finished_elapsed_s"": null, ""trial_recording"": true, ""trial_required_tool_ids"": [7, 35, 36]}"
2026-09-05T10:49:38.258-04:00,arunn,gesture,tts_queued,lifecycle,r1_fasten_first_stand,Row 1.4: fasten right stand,ready,8,40,,,,9.906891,,,,,,,,,,,,,,,,part,,,replace_hover,,"{""acquired_tool_ids"": [7, 35], ""acquisition_complete"": false, ""completed_steps"": [""r1_bearing_right"", ""r1_bearing_left"", ""r2_gear_rod"", ""r2_bearing_right"", ""r2_fasten_first_stand"", ""r2_bearing_left"", ""r2_insert_rod_and_fit_second"", ""r2_fasten_second_stand"", ""r1_gear_rod""], ""head_rotation_deg"": null, ""head_translation_m"": null, ""left_hand_translation_m"": null, ""removed_tool_ids"": [14, 15, 18, 19, 20, 21, 26, 27, 28], ""right_hand_translation_m"": null, ""selected_step"": ""r1_fasten_first_stand"", ""step_attempt"": 8, ""step_elapsed_s"": 9.906902721966617, ""step_event_index"": 40, ""total_hand_translation_m"": null, ""trial_finished_elapsed_s"": null, ""trial_recording"": true, ""trial_required_tool_ids"": [7, 35, 36]}"
2026-09-05T10:49:38.499-04:00,arunn,gesture,hover,hover,r1_fasten_first_stand,Row 1.4: fasten right stand,ready,8,41,37,BITHOLDER2,,,,,,,,,,,,,,,,,,,,,,,"{""acquired_tool_ids"": [7, 35], ""acquisition_complete"": false, ""completed_steps"": [""r1_bearing_right"", ""r1_bearing_left"", ""r2_gear_rod"", ""r2_bearing_right"", ""r2_fasten_first_stand"", ""r2_bearing_left"", ""r2_insert_rod_and_fit_second"", ""r2_fasten_second_stand"", ""r1_gear_rod""], ""head_rotation_deg"": null, ""head_translation_m"": null, ""left_hand_translation_m"": null, ""removed_tool_ids"": [14, 15, 18, 19, 20, 21, 26, 27, 28], ""right_hand_translation_m"": null, ""selected_step"": ""r1_fasten_first_stand"", ""step_attempt"": 8, ""step_elapsed_s"": 10.148128720000386, ""step_event_index"": 41, ""total_hand_translation_m"": null, ""trial_finished_elapsed_s"": null, ""trial_recording"": true, ""trial_required_tool_ids"": [7, 35, 36]}"
2026-09-05T10:49:38.614-04:00,arunn,gesture,tts_queued,lifecycle,r1_fasten_first_stand,Row 1.4: fasten right stand,ready,8,42,,,,10.263637,,,,,,,,,,,,,,,,bit holder2,,,replace_hover,,"{""acquired_tool_ids"": [7, 35], ""acquisition_complete"": false, ""completed_steps"": [""r1_bearing_right"", ""r1_bearing_left"", ""r2_gear_rod"", ""r2_bearing_right"", ""r2_fasten_first_stand"", ""r2_bearing_left"", ""r2_insert_rod_and_fit_second"", ""r2_fasten_second_stand"", ""r1_gear_rod""], ""head_rotation_deg"": null, ""head_translation_m"": null, ""left_hand_translation_m"": null, ""removed_tool_ids"": [14, 15, 18, 19, 20, 21, 26, 27, 28], ""right_hand_translation_m"": null, ""selected_step"": ""r1_fasten_first_stand"", ""step_attempt"": 8, ""step_elapsed_s"": 10.263649887987413, ""step_event_index"": 42, ""total_hand_translation_m"": null, ""trial_finished_elapsed_s"": null, ""trial_recording"": true, ""trial_required_tool_ids"": [7, 35, 36]}"
2026-09-05T10:49:38.762-04:00,arunn,gesture,hover,hover,r1_fasten_first_stand,Row 1.4: fasten right stand,ready,8,43,36,BITHOLDER1,,,,,,,,,,,,,,,,,,,,,,,"{""acquired_tool_ids"": [7, 35], ""acquisition_complete"": false, ""completed_steps"": [""r1_bearing_right"", ""r1_bearing_left"", ""r2_gear_rod"", ""r2_bearing_right"", ""r2_fasten_first_stand"", ""r2_bearing_left"", ""r2_insert_rod_and_fit_second"", ""r2_fasten_second_stand"", ""r1_gear_rod""], ""head_rotation_deg"": null, ""head_translation_m"": null, ""left_hand_translation_m"": null, ""removed_tool_ids"": [14, 15, 18, 19, 20, 21, 26, 27, 28], ""right_hand_translation_m"": null, ""selected_step"": ""r1_fasten_first_stand"", ""step_attempt"": 8, ""step_elapsed_s"": 10.411079262965359, ""step_event_index"": 43, ""total_hand_translation_m"": null, ""trial_finished_elapsed_s"": null, ""trial_recording"": true, ""trial_required_tool_ids"": [7, 35, 36]}"
2026-09-05T10:49:38.791-04:00,arunn,gesture,tts_queued,lifecycle,r1_fasten_first_stand,Row 1.4: fasten right stand,ready,8,44,,,,10.440522,,,,,,,,,,,,,,,,bit holder1,,,replace_hover,,"{""acquired_tool_ids"": [7, 35], ""acquisition_complete"": false, ""completed_steps"": [""r1_bearing_right"", ""r1_bearing_left"", ""r2_gear_rod"", ""r2_bearing_right"", ""r2_fasten_first_stand"", ""r2_bearing_left"", ""r2_insert_rod_and_fit_second"", ""r2_fasten_second_stand"", ""r1_gear_rod""], ""head_rotation_deg"": null, ""head_translation_m"": null, ""left_hand_translation_m"": null, ""removed_tool_ids"": [14, 15, 18, 19, 20, 21, 26, 27, 28], ""right_hand_translation_m"": null, ""selected_step"": ""r1_fasten_first_stand"", ""step_attempt"": 8, ""step_elapsed_s"": 10.440536887967028, ""step_event_index"": 44, ""total_hand_translation_m"": null, ""trial_finished_elapsed_s"": null, ""trial_recording"": true, ""trial_required_tool_ids"": [7, 35, 36]}"
2026-09-05T10:49:38.855-04:00,arunn,gesture,part_selection,click,r1_fasten_first_stand,Row 1.4: fasten right stand,ready,8,45,36,BITHOLDER1,1.935364,10.504282,,,,,,,,,,,,,,,1,,,,,,"{""acquired_tool_ids"": [7, 35, 36], ""acquisition_complete"": false, ""completed_steps"": [""r1_bearing_right"", ""r1_bearing_left"", ""r2_gear_rod"", ""r2_bearing_right"", ""r2_fasten_first_stand"", ""r2_bearing_left"", ""r2_insert_rod_and_fit_second"", ""r2_fasten_second_stand"", ""r1_gear_rod""], ""head_rotation_deg"": null, ""head_translation_m"": null, ""left_hand_translation_m"": null, ""removed_tool_ids"": [14, 15, 18, 19, 20, 21, 26, 27, 28], ""right_hand_translation_m"": null, ""selected_step"": ""r1_fasten_first_stand"", ""step_attempt"": 8, ""step_elapsed_s"": 10.504355191951618, ""step_event_index"": 45, ""total_hand_translation_m"": null, ""trial_finished_elapsed_s"": null, ""trial_recording"": true, ""trial_required_tool_ids"": [7, 35, 36]}"
2026-09-05T10:49:39.010-04:00,arunn,gesture,object_acquired,click,r1_fasten_first_stand,Row 1.4: fasten right stand,ready,8,46,36,BITHOLDER1,1.935364,10.504282,,,,,,,,,,,,,,,1,,,,,,"{""acquired_tool_ids"": [7, 35, 36], ""acquisition_complete"": false, ""completed_steps"": [""r1_bearing_right"", ""r1_bearing_left"", ""r2_gear_rod"", ""r2_bearing_right"", ""r2_fasten_first_stand"", ""r2_bearing_left"", ""r2_insert_rod_and_fit_second"", ""r2_fasten_second_stand"", ""r1_gear_rod""], ""head_rotation_deg"": null, ""head_translation_m"": null, ""left_hand_translation_m"": null, ""removed_tool_ids"": [14, 15, 18, 19, 20, 21, 26, 27, 28], ""right_hand_translation_m"": null, ""selected_step"": ""r1_fasten_first_stand"", ""step_attempt"": 8, ""step_elapsed_s"": 10.659073850954883, ""step_event_index"": 46, ""total_hand_translation_m"": null, ""trial_finished_elapsed_s"": null, ""trial_recording"": true, ""trial_required_tool_ids"": [7, 35, 36]}"
2026-09-05T10:49:39.069-04:00,arunn,gesture,step_acquisition_complete,click,r1_fasten_first_stand,Row 1.4: fasten right stand,ready,8,47,,,,10.717721,0.161766,29.142765,0.292782,0.644004,0.936786,0.000000,3.275903,3.275903,40.167501,0,6,0.000000,0.115421,0.115421,,,,,,,"{""acquired_tool_ids"": [7, 35, 36], ""acquisition_complete"": true, ""any_hover_time_s"": 3.2759028711589053, ""completed_steps"": [""r1_bearing_right"", ""r1_bearing_left"", ""r2_gear_rod"", ""r2_bearing_right"", ""r2_fasten_first_stand"", ""r2_bearing_left"", ""r2_insert_rod_and_fit_second"", ""r2_fasten_second_stand"", ""r1_gear_rod""], ""head_rotation_deg"": 29.14276462144847, ""head_translation_m"": 0.1617659768289213, ""hover_time_percent"": 40.16750116010495, ""left_hand_translation_m"": 0.2927823845268706, ""left_hover_episodes"": 0, ""left_hover_time_s"": 0.0, ""left_hover_translation_m"": 0.0, ""removed_tool_ids"": [14, 15, 18, 19, 20, 21, 26, 27, 28], ""right_hand_translation_m"": 0.6440039557514371, ""right_hover_episodes"": 6, ""right_hover_time_s"": 3.2759028711589053, ""right_hover_translation_m"": 0.11542063760307929, ""selected_step"": ""r1_fasten_first_stand"", ""step_attempt"": 8, ""step_elapsed_s"": 10.717721352004446, ""step_event_index"": 47, ""total_hand_translation_m"": 0.9367863402783076, ""total_hover_translation_m"": 0.11542063760307929, ""trial_finished_elapsed_s"": 10.717721352004446, ""trial_recording"": false, ""trial_required_tool_ids"": [7, 35, 36]}"
2026-09-05T10:49:39.100-04:00,arunn,gesture,graph_complete,,r1_fasten_first_stand,Row 1.4: fasten right stand,complete,8,48,,,,,,,,,,,,,,,,,,,,,,,,,"{""acquired_tool_ids"": [7, 35, 36], ""acquisition_complete"": true, ""any_hover_time_s"": 3.2759028711589053, ""completed_steps"": [""r1_bearing_right"", ""r1_bearing_left"", ""r2_gear_rod"", ""r2_bearing_right"", ""r2_fasten_first_stand"", ""r2_bearing_left"", ""r2_insert_rod_and_fit_second"", ""r2_fasten_second_stand"", ""r1_gear_rod"", ""r1_fasten_first_stand"", ""r1_insert_rod_and_fit_second"", ""r1_fasten_second_stand""], ""head_rotation_deg"": 29.14276462144847, ""head_translation_m"": 0.1617659768289213, ""hover_time_percent"": 40.16750116010495, ""left_hand_translation_m"": 0.2927823845268706, ""left_hover_episodes"": 0, ""left_hover_time_s"": 0.0, ""left_hover_translation_m"": 0.0, ""removed_tool_ids"": [14, 15, 18, 19, 20, 21, 26, 27, 28], ""right_hand_translation_m"": 0.6440039557514371, ""right_hover_episodes"": 6, ""right_hover_time_s"": 3.2759028711589053, ""right_hover_translation_m"": 0.11542063760307929, ""selected_step"": ""r1_fasten_first_stand"", ""step_attempt"": 8, ""step_elapsed_s"": 10.717721352004446, ""step_event_index"": 48, ""total_hand_translation_m"": 0.9367863402783076, ""total_hover_translation_m"": 0.11542063760307929, ""trial_finished_elapsed_s"": 10.717721352004446, ""trial_recording"": false, ""trial_required_tool_ids"": [7, 35, 36]}"
