# OBJ generated by ONSHAPE BY PTC INC, 1.216 Units = meters
mtllib UR10 Camera Adapter - WholeAdapterWithBridge.mtl
g WholeAdapterWithBridge
v 0.00447362 0.0015 0.0549865 
v 0.00263447 0.0015 0.0547865 
v 0.00258804 0.0015 0.0550697 
v 0.0045 0.0015 0.0545 
v 0.00265 0.0015 0.0545 
v -0.00385586 0.0015 0.05218 
v -0.00227067 0.0015 0.0531338 
v -0.00210965 0.0015 0.0528963 
v -0.00408409 0.0015 0.0526105 
v -0.00240507 0.0015 0.0533873 
v 0.00447362 0.0015 0.0540135 
v 0.00263447 0.0015 0.0542135 
v -0.00426444 0.0015 0.0530631 
v -0.00251128 0.0015 0.0536539 
v -0.00439479 0.0015 0.0535326 
v -0.00258804 0.0015 0.0539303 
v -0.00447362 0.0015 0.0540135 
v -0.00263447 0.0015 0.0542135 
v -0.0045 0.0015 0.0545 
v -0.00447362 0.0015 0.0549865 
v -0.00263447 0.0015 0.0547865 
v -0.00439479 0.0015 0.0554674 
v -0.00258804 0.0015 0.0550697 
v 0.00385586 0.0015 0.05682 
v 0.00408409 0.0015 0.0563895 
v 0.00240507 0.0015 0.0556127 
v 0.00426444 0.0015 0.0559369 
v 0.00251128 0.0015 0.0553461 
v 0.00439479 0.0015 0.0554674 
v 0.00439479 0.0015 0.0535326 
v 0.00258804 0.0015 0.0539303 
v 0.00426444 0.0015 0.0530631 
v 0.00251128 0.0015 0.0536539 
v 0.00408409 0.0015 0.0526105 
v 0.00240507 0.0015 0.0533873 
v 0.00385586 0.0015 0.05218 
v 0.00227067 0.0015 0.0531338 
v -0.00265 0.0015 0.0545 
v -0.00408409 0.0015 0.0563895 
v -0.00240507 0.0015 0.0556127 
v -0.00251128 0.0015 0.0553461 
v -0.00385586 0.0015 0.05682 
v -0.00227067 0.0015 0.0558662 
v 0.00291324 0.0015 0.0579297 
v 0.00171557 0.0015 0.0565197 
v 0.00148715 0.0015 0.0566934 
v 0.00326698 0.0015 0.0575946 
v 0.00192389 0.0015 0.0563224 
v 0.00358242 0.0015 0.0572233 
v 0.00210965 0.0015 0.0561037 
v 0.00227067 0.0015 0.0558662 
v -0.00120388 0.0015 0.050164 
v -0.00070895 0.0015 0.0519466 
v -0.000428722 0.0015 0.0518849 
v -0.00166562 0.0015 0.0503196 
v -0.000980866 0.0015 0.0520382 
v -0.00426444 0.0015 0.0559369 
v -0.00358242 0.0015 0.0572233 
v -0.00210965 0.0015 0.0561037 
v -0.00326698 0.0015 0.0575946 
v -0.00192389 0.0015 0.0563224 
v -0.00291324 0.0015 0.0579297 
v -0.00171557 0.0015 0.0565197 
v -0.00252534 0.0015 0.0582246 
v -0.00148715 0.0015 0.0566934 
v 0.00326698 0.0015 0.0514054 
v 0.00192389 0.0015 0.0526776 
v 0.00210965 0.0015 0.0528963 
v 0.00291324 0.0015 0.0510703 
v 0.00171557 0.0015 0.0524803 
v 0.00120388 0.0015 0.050164 
v 0.00070895 0.0015 0.0519466 
v 0.000980866 0.0015 0.0520382 
v 0.000728019 0.0015 0.0500593 
v 0.000428722 0.0015 0.0518849 
v -0.00210784 0.0015 0.0505242 
v -0.00124128 0.0015 0.0521587 
v -0.00252534 0.0015 0.0507754 
v -0.00148715 0.0015 0.0523066 
v -0.00291324 0.0015 0.0510703 
v -0.00171557 0.0015 0.0524803 
v -0.00326698 0.0015 0.0514054 
v -0.00192389 0.0015 0.0526776 
v -0.00358242 0.0015 0.0517767 
v -0.00210784 0.0015 0.0584758 
v -0.00124128 0.0015 0.0568413 
v -0.00166562 0.0015 0.0586804 
v -0.000980866 0.0015 0.0569618 
v -0.000728019 0.0015 0.0589407 
v -0.000428722 0.0015 0.0571151 
v -0.00070895 0.0015 0.0570534 
v -0.000243625 0.0015 0.0589934 
v -0.000143468 0.0015 0.0571461 
v 0.000728019 0.0015 0.0589407 
v 0.000428722 0.0015 0.0571151 
v 0.000143468 0.0015 0.0571461 
v 0.00120388 0.0015 0.058836 
v 0.00070895 0.0015 0.0570534 
v 0.00358242 0.0015 0.0517767 
v 0.00166562 0.0015 0.0503196 
v 0.00124128 0.0015 0.0521587 
v -0.000728019 0.0015 0.0500593 
v -0.000143468 0.0015 0.0518539 
v -0.00120388 0.0015 0.058836 
v 0.000243625 0.0015 0.0589934 
v 0.00166562 0.0015 0.0586804 
v 0.000980866 0.0015 0.0569618 
v 0.00210784 0.0015 0.0584758 
v 0.00124128 0.0015 0.0568413 
v 0.00252534 0.0015 0.0582246 
v 0.00252534 0.0015 0.0507754 
v 0.00148715 0.0015 0.0523066 
v 0.00210784 0.0015 0.0505242 
v 0.000243625 0.0015 0.0500066 
v 0.000143468 0.0015 0.0518539 
v -0.000243625 0.0015 0.0500066 
v -0.00447362 0.0065 0.0540135 
v -0.0045 0.0065 0.0545 
v -0.00439479 0.0065 0.0535326 
v -0.00426444 0.0065 0.0530631 
v -0.00408409 0.0065 0.0526105 
v -0.00385586 0.0065 0.05218 
v -0.00358242 0.0065 0.0517767 
v -0.00326698 0.0065 0.0514054 
v -0.00291324 0.0065 0.0510703 
v -0.00252534 0.0065 0.0507754 
v -0.00210784 0.0065 0.0505242 
v -0.00166562 0.0065 0.0503196 
v -0.00120388 0.0065 0.050164 
v -0.000728019 0.0065 0.0500593 
v -0.000243625 0.0065 0.0500066 
v 0.000243625 0.0065 0.0500066 
v 0.000728019 0.0065 0.0500593 
v 0.00120388 0.0065 0.050164 
v 0.00166562 0.0065 0.0503196 
v 0.00210784 0.0065 0.0505242 
v 0.00252534 0.0065 0.0507754 
v 0.00291324 0.0065 0.0510703 
v 0.00326698 0.0065 0.0514054 
v 0.00358242 0.0065 0.0517767 
v 0.00385586 0.0065 0.05218 
v 0.00408409 0.0065 0.0526105 
v 0.00426444 0.0065 0.0530631 
v 0.00439479 0.0065 0.0535326 
v 0.00447362 0.0065 0.0540135 
v 0.0045 0.0065 0.0545 
v 0.00447362 0.0065 0.0549865 
v 0.00439479 0.0065 0.0554674 
v 0.00426444 0.0065 0.0559369 
v 0.00408409 0.0065 0.0563895 
v 0.00385586 0.0065 0.05682 
v 0.00358242 0.0065 0.0572233 
v 0.00326698 0.0065 0.0575946 
v 0.00291324 0.0065 0.0579297 
v 0.00252534 0.0065 0.0582246 
v 0.00210784 0.0065 0.0584758 
v 0.00166562 0.0065 0.0586804 
v 0.00120388 0.0065 0.058836 
v 0.000728019 0.0065 0.0589407 
v 0.000243625 0.0065 0.0589934 
v -4.01072e-18 0.0065 0.059 
v -0.000243625 0.0065 0.0589934 
v -0.000728019 0.0065 0.0589407 
v -0.00120388 0.0065 0.058836 
v -0.00166562 0.0065 0.0586804 
v -0.00210784 0.0065 0.0584758 
v -0.00252534 0.0065 0.0582246 
v -0.00291324 0.0065 0.0579297 
v -0.00326698 0.0065 0.0575946 
v -0.00358242 0.0065 0.0572233 
v -0.00385586 0.0065 0.05682 
v -0.00408409 0.0065 0.0563895 
v -0.00426444 0.0065 0.0559369 
v -0.00439479 0.0065 0.0554674 
v -0.00447362 0.0065 0.0549865 
v -0.00265 0.00025 0.0545 
v -0.00263447 0.00025 0.0542135 
v -0.00258804 0.00025 0.0539303 
v -0.00251128 0.00025 0.0536539 
v -0.00240507 0.00025 0.0533873 
v -0.00227067 0.00025 0.0531338 
v -0.00210965 0.00025 0.0528963 
v -0.00192389 0.00025 0.0526776 
v -0.00171557 0.00025 0.0524803 
v -0.00148715 0.00025 0.0523066 
v -0.00124128 0.00025 0.0521587 
v -0.000980866 0.00025 0.0520382 
v -0.00070895 0.00025 0.0519466 
v -0.000428722 0.00025 0.0518849 
v -0.000143468 0.00025 0.0518539 
v 0.000143468 0.00025 0.0518539 
v 0.000428722 0.00025 0.0518849 
v 0.00070895 0.00025 0.0519466 
v 0.000980866 0.00025 0.0520382 
v 0.00124128 0.00025 0.0521587 
v 0.00148715 0.00025 0.0523066 
v 0.00171557 0.00025 0.0524803 
v 0.00192389 0.00025 0.0526776 
v 0.00210965 0.00025 0.0528963 
v 0.00227067 0.00025 0.0531338 
v 0.00240507 0.00025 0.0533873 
v 0.00251128 0.00025 0.0536539 
v 0.00258804 0.00025 0.0539303 
v 0.00263447 0.00025 0.0542135 
v 0.00265 0.00025 0.0545 
v 0.00263447 0.00025 0.0547865 
v 0.00258804 0.00025 0.0550697 
v 0.00251128 0.00025 0.0553461 
v 0.00240507 0.00025 0.0556127 
v 0.00227067 0.00025 0.0558662 
v 0.00210965 0.00025 0.0561037 
v 0.00192389 0.00025 0.0563224 
v 0.00171557 0.00025 0.0565197 
v 0.00148715 0.00025 0.0566934 
v 0.00124128 0.00025 0.0568413 
v 0.000980866 0.00025 0.0569618 
v 0.00070895 0.00025 0.0570534 
v 0.000428722 0.00025 0.0571151 
v 0.000143468 0.00025 0.0571461 
v -0.000143468 0.00025 0.0571461 
v -0.000428722 0.00025 0.0571151 
v -0.00070895 0.00025 0.0570534 
v -0.000980866 0.00025 0.0569618 
v -0.00124128 0.00025 0.0568413 
v -0.00148715 0.00025 0.0566934 
v -0.00171557 0.00025 0.0565197 
v -0.00192389 0.00025 0.0563224 
v -0.00210965 0.00025 0.0561037 
v -0.00227067 0.00025 0.0558662 
v -0.00240507 0.00025 0.0556127 
v -0.00251128 0.00025 0.0553461 
v -0.00258804 0.00025 0.0550697 
v -0.00263447 0.00025 0.0547865 
v 0.00499372 0.0065 0.0560314 
v 0.005 0.0065 0.0558 
v 0.005 0.0065 0.0527 
v -0.00499372 0.0065 0.0524686 
v -0.005 0.0065 0.0527 
v 0.00412311 0.0065 0.0581231 
v 0.00484391 0.0065 0.0569003 
v 0.0046956 0.0065 0.0572932 
v 0.00477575 0.0065 0.0571006 
v 0.00494362 0.0065 0.0564783 
v 0.00497492 0.0065 0.0562576 
v 0.00494362 0.0065 0.0520217 
v 0.00489991 0.0065 0.0518074 
v 0.00497492 0.0065 0.0522424 
v 0.00477575 0.0065 0.0513994 
v 0.0046956 0.0065 0.0512068 
v 0.00484391 0.0065 0.0515997 
v -0.00497492 0.0065 0.0522424 
v 0.00365305 0.0065 0.0585002 
v 0.00381946 0.0065 0.0583854 
v 0.00347748 0.0065 0.0586037 
v 0.00397627 0.0065 0.0582596 
v 0.00450017 0.0065 0.0576531 
v 0.00460366 0.0065 0.0574775 
v 0.00489991 0.0065 0.0566926 
v 0.00499372 0.0065 0.0524686 
v 0.00397627 0.0065 0.0502404 
v 0.00425959 0.0065 0.0505237 
v 0.00412311 0.0065 0.0503769 
v 0.00347748 0.0065 0.0498963 
v 0.00329318 0.0065 0.0498044 
v 0.00381946 0.0065 0.0501146 
v 0.00365305 0.0065 0.0499998 
v 0.00290027 0.0065 0.0496561 
v 0.00269264 0.0065 0.0496001 
v 0.00310062 0.0065 0.0497243 
v 0.00225765 0.0065 0.0495251 
v 0.00203137 0.0065 0.0495063 
v 0.00247825 0.0065 0.0495564 
v -0.005 0.0065 0.0558 
v 0.00425959 0.0065 0.0579763 
v 0.00438538 0.0065 0.0578195 
v 0.00460366 0.0065 0.0510225 
v 0.00450017 0.0065 0.0508469 
v 0.00438538 0.0065 0.0506805 
v -0.00477575 0.0065 0.0513994 
v -0.00484391 0.0065 0.0515997 
v -0.00460366 0.0065 0.0510225 
v -0.0046956 0.0065 0.0512068 
v -0.00494362 0.0065 0.0520217 
v -0.00489991 0.0065 0.0518074 
v -0.00499372 0.0065 0.0560314 
v 0.0018 0.0065 0.0495 
v -0.00347748 0.0065 0.0498963 
v -0.00365305 0.0065 0.0499998 
v -0.00329318 0.0065 0.0498044 
v -0.00397627 0.0065 0.0502404 
v -0.00412311 0.0065 0.0503769 
v -0.00381946 0.0065 0.0501146 
v -0.00497492 0.0065 0.0562576 
v -0.00484391 0.0065 0.0569003 
v -0.00477575 0.0065 0.0571006 
v -0.00489991 0.0065 0.0566926 
v -0.00425959 0.0065 0.0579763 
v -0.00412311 0.0065 0.0581231 
v -0.0018 0.0065 0.0495 
v -0.00225765 0.0065 0.0495251 
v -0.00247825 0.0065 0.0495564 
v -0.00203137 0.0065 0.0495063 
v -0.00290027 0.0065 0.0496561 
v -0.00310062 0.0065 0.0497243 
v -0.00269264 0.0065 0.0496001 
v -0.00450017 0.0065 0.0508469 
v -0.00425959 0.0065 0.0505237 
v -0.00438538 0.0065 0.0506805 
v -0.00494362 0.0065 0.0564783 
v -0.00460366 0.0065 0.0574775 
v -0.00365305 0.0065 0.0585002 
v -0.00347748 0.0065 0.0586037 
v -0.00397627 0.0065 0.0582596 
v -0.00381946 0.0065 0.0583854 
v -0.0046956 0.0065 0.0572932 
v -0.00450017 0.0065 0.0576531 
v -0.00438538 0.0065 0.0578195 
v 0.00203137 0.0065 0.0589937 
v 0.00225765 0.0065 0.0589749 
v 0.0018 0.0065 0.059 
v 0.00247825 0.0065 0.0589436 
v 0.00310062 0.0065 0.0587757 
v 0.00329318 0.0065 0.0586956 
v 0.00290027 0.0065 0.0588439 
v -0.00310062 0.0065 0.0587757 
v -0.00290027 0.0065 0.0588439 
v -0.00329318 0.0065 0.0586956 
v -0.00269264 0.0065 0.0588999 
v -0.00247825 0.0065 0.0589436 
v 0.00269264 0.0065 0.0588999 
v -0.00203137 0.0065 0.0589937 
v -0.0018 0.0065 0.059 
v -0.00225765 0.0065 0.0589749 
v 0.0033 0.0045 0.0605 
v -0.0033 0.0045 0.0605 
v 0.0065 0.0045 0.0573 
v 0.0065 0.0045 0.0512 
v 0.00649641 0.00450269 0.0574143 
v 0.00644266 0.004543 0.0577254 
v 0.00646774 0.0045242 0.057627 
v 0.00648566 0.00451076 0.0575233 
v 0.0063483 0.00461378 0.0579483 
v 0.00637609 0.00459293 0.0578958 
v 0.00640109 0.00457419 0.0578412 
v 0.00642328 0.00455754 0.0577844 
v 0.00627427 0.00466022 0.0580694 
v 0.00615507 0.00473502 0.0582644 
v 0.00606558 0.00477293 0.0583923 
v 0.00593804 0.00482697 0.0585746 
v 0.00583261 0.00485425 0.0587077 
v 0.00569926 0.00488876 0.058876 
v 0.00557769 0.00490337 0.0590124 
v 0.00544101 0.0049198 0.0591657 
v 0.00530337 0.0049198 0.0593034 
v 0.00516573 0.0049198 0.059441 
v 0.00501241 0.00490337 0.0595777 
v 0.00487602 0.00488876 0.0596993 
v 0.00470771 0.00485425 0.0598326 
v 0.00457462 0.00482697 0.059938 
v 0.00439232 0.00477293 0.0600656 
v 0.00426441 0.00473502 0.0601551 
v 0.0040694 0.00466022 0.0602743 
v 0.0039483 0.00461378 0.0603483 
v 0.00384118 0.00457419 0.0604011 
v 0.00389583 0.00459293 0.0603761 
v 0.00378437 0.00455754 0.0604233 
v 0.0037254 0.004543 0.0604427 
v 0.0035233 0.00451076 0.0604857 
v 0.00362703 0.0045242 0.0604677 
v 0.00341427 0.00450269 0.0604964 
v 0.0084921 0.003 0.0603442 
v 0.0085 0.003 0.0601 
v 0.00846842 0.003 0.0605778 
v 0.00842902 0.003 0.0608001 
v 0.008374 0.003 0.0610106 
v 0.00830347 0.003 0.0612088 
v 0.00821761 0.003 0.0613944 
v 0.00800075 0.003 0.0617255 
v 0.00811662 0.003 0.0615667 
v 0.00772546 0.003 0.0620007 
v 0.00787026 0.003 0.0618703 
v 0.00739436 0.003 0.0622176 
v 0.0075667 0.003 0.0621166 
v 0.00701058 0.003 0.062374 
v 0.00720884 0.003 0.0623035 
v 0.00657776 0.003 0.0624684 
v 0.00680006 0.003 0.062429 
v 0.0061 0.003 0.0625 
v 0.00634423 0.003 0.0624921 
v 0.0085 0.003 0.0484 
v 0.00649641 0.00450269 0.0510857 
v 0.00648566 0.00451076 0.0509767 
v 0.00640109 0.00457419 0.0506588 
v 0.00642328 0.00455754 0.0507156 
v 0.00637609 0.00459293 0.0506042 
v 0.0063483 0.00461378 0.0505517 
v 0.00646774 0.0045242 0.050873 
v 0.00644266 0.004543 0.0507746 
v 0.00341427 0.00450269 0.0480036 
v 0.0033 0.0045 0.048 
v 0.0037254 0.004543 0.0480573 
v 0.00362703 0.0045242 0.0480323 
v 0.0035233 0.00451076 0.0480143 
v 0.0039483 0.00461378 0.0481517 
v 0.00389583 0.00459293 0.0481239 
v 0.00384118 0.00457419 0.0480989 
v 0.00378437 0.00455754 0.0480767 
v 0.0040694 0.00466022 0.0482257 
v 0.00426441 0.00473502 0.0483449 
v 0.00439232 0.00477293 0.0484344 
v 0.00457462 0.00482697 0.048562 
v 0.00470771 0.00485425 0.0486674 
v 0.00487602 0.00488876 0.0488007 
v 0.00501241 0.00490337 0.0489223 
v 0.00516573 0.0049198 0.049059 
v 0.00530337 0.0049198 0.0491966 
v 0.00544101 0.0049198 0.0493343 
v 0.00557769 0.00490337 0.0494876 
v 0.00569926 0.00488876 0.049624 
v 0.00583261 0.00485425 0.0497923 
v 0.00593804 0.00482697 0.0499254 
v 0.00606558 0.00477293 0.0501077 
v 0.00615507 0.00473502 0.0502356 
v 0.00627427 0.00466022 0.0504306 
v 0.0084921 0.003 0.0481558 
v 0.00846842 0.003 0.0479222 
v 0.00842902 0.003 0.0476999 
v 0.008374 0.003 0.0474894 
v 0.00830347 0.003 0.0472912 
v 0.00821761 0.003 0.0471056 
v 0.00811662 0.003 0.0469333 
v 0.00800075 0.003 0.0467745 
v 0.00787026 0.003 0.0466297 
v 0.00772546 0.003 0.0464993 
v 0.0075667 0.003 0.0463834 
v 0.00739436 0.003 0.0462824 
v 0.00720884 0.003 0.0461965 
v 0.00701058 0.003 0.046126 
v 0.00680006 0.003 0.046071 
v 0.00657776 0.003 0.0460316 
v 0.00634423 0.003 0.0460079 
v 0.0061 0.003 0.046 
v -0.0033 0.0045 0.048 
v -0.0061 0.003 0.046 
v -0.00341427 0.00450269 0.0480036 
v -0.0035233 0.00451076 0.0480143 
v -0.00384118 0.00457419 0.0480989 
v -0.00378437 0.00455754 0.0480767 
v -0.00389583 0.00459293 0.0481239 
v -0.0039483 0.00461378 0.0481517 
v -0.00362703 0.0045242 0.0480323 
v -0.0037254 0.004543 0.0480573 
v -0.00649641 0.00450269 0.0510857 
v -0.0065 0.0045 0.0512 
v -0.00644266 0.004543 0.0507746 
v -0.00646774 0.0045242 0.050873 
v -0.00648566 0.00451076 0.0509767 
v -0.0063483 0.00461378 0.0505517 
v -0.00637609 0.00459293 0.0506042 
v -0.00640109 0.00457419 0.0506588 
v -0.00642328 0.00455754 0.0507156 
v -0.00627427 0.00466022 0.0504306 
v -0.00615507 0.00473502 0.0502356 
v -0.00606558 0.00477293 0.0501077 
v -0.00593804 0.00482697 0.0499254 
v -0.00583261 0.00485425 0.0497923 
v -0.00569926 0.00488876 0.049624 
v -0.00557769 0.00490337 0.0494876 
v -0.00544101 0.0049198 0.0493343 
v -0.00530337 0.0049198 0.0491966 
v -0.00516573 0.0049198 0.049059 
v -0.00501241 0.00490337 0.0489223 
v -0.00487602 0.00488876 0.0488007 
v -0.00470771 0.00485425 0.0486674 
v -0.00457462 0.00482697 0.048562 
v -0.00439232 0.00477293 0.0484344 
v -0.00426441 0.00473502 0.0483449 
v -0.0040694 0.00466022 0.0482257 
v -0.00634423 0.003 0.0460079 
v -0.00657776 0.003 0.0460316 
v -0.00680006 0.003 0.046071 
v -0.00701058 0.003 0.046126 
v -0.00720884 0.003 0.0461965 
v -0.00739436 0.003 0.0462824 
v -0.0075667 0.003 0.0463834 
v -0.00772546 0.003 0.0464993 
v -0.00787026 0.003 0.0466297 
v -0.00800075 0.003 0.0467745 
v -0.00811662 0.003 0.0469333 
v -0.00821761 0.003 0.0471056 
v -0.00830347 0.003 0.0472912 
v -0.008374 0.003 0.0474894 
v -0.00842902 0.003 0.0476999 
v -0.00846842 0.003 0.0479222 
v -0.0084921 0.003 0.0481558 
v -0.0085 0.003 0.0484 
v -0.0065 0.0045 0.0573 
v -0.00341427 0.00450269 0.0604964 
v -0.0037254 0.004543 0.0604427 
v -0.00362703 0.0045242 0.0604677 
v -0.0035233 0.00451076 0.0604857 
v -0.0039483 0.00461378 0.0603483 
v -0.00389583 0.00459293 0.0603761 
v -0.00384118 0.00457419 0.0604011 
v -0.00378437 0.00455754 0.0604233 
v -0.0040694 0.00466022 0.0602743 
v -0.00426441 0.00473502 0.0601551 
v -0.00439232 0.00477293 0.0600656 
v -0.00457462 0.00482697 0.059938 
v -0.00470771 0.00485425 0.0598326 
v -0.00487602 0.00488876 0.0596993 
v -0.00501241 0.00490337 0.0595777 
v -0.00516573 0.0049198 0.059441 
v -0.00530337 0.0049198 0.0593034 
v -0.00544101 0.0049198 0.0591657 
v -0.00557769 0.00490337 0.0590124 
v -0.00569926 0.00488876 0.058876 
v -0.00583261 0.00485425 0.0587077 
v -0.00593804 0.00482697 0.0585746 
v -0.00606558 0.00477293 0.0583923 
v -0.00615507 0.00473502 0.0582644 
v -0.00627427 0.00466022 0.0580694 
v -0.0063483 0.00461378 0.0579483 
v -0.00640109 0.00457419 0.0578412 
v -0.00637609 0.00459293 0.0578958 
v -0.00642328 0.00455754 0.0577844 
v -0.00644266 0.004543 0.0577254 
v -0.00648566 0.00451076 0.0575233 
v -0.00646774 0.0045242 0.057627 
v -0.00649641 0.00450269 0.0574143 
v -0.0085 0.003 0.0601 
v -0.0084921 0.003 0.0603442 
v -0.00846842 0.003 0.0605778 
v -0.00842902 0.003 0.0608001 
v -0.008374 0.003 0.0610106 
v -0.00830347 0.003 0.0612088 
v -0.00821761 0.003 0.0613944 
v -0.00811662 0.003 0.0615667 
v -0.00800075 0.003 0.0617255 
v -0.00787026 0.003 0.0618703 
v -0.00772546 0.003 0.0620007 
v -0.0075667 0.003 0.0621166 
v -0.00739436 0.003 0.0622176 
v -0.00720884 0.003 0.0623035 
v -0.00701058 0.003 0.062374 
v -0.00680006 0.003 0.062429 
v -0.00657776 0.003 0.0624684 
v -0.00634423 0.003 0.0624921 
v -0.0061 0.003 0.0625 
v -0.0025001 0.003 0.0625 
v 0.0025001 0.003 0.0625 
v -0.0025001 0.003 0.0605 
v 0.0025001 0.003 0.0605 
v -0.0025001 0.00025 0.0605 
v -0.0025001 0.00025 0.0625 
v 0.0025001 0.00025 0.0625 
v 0.0025001 0.00025 0.0605 
v -0.0075 0.00025 0.0367423 
v 0.0075 0.00025 0.0367423 
v 0.00376909 0.00025 0.0373101 
v -0.00376909 0.00025 0.0373101 
v 9.72427e-18 0.00025 0.0375 
v 0.0075 0.00025 0.0625 
v -0.0075 0.00025 0.0625 
v 0.0075 -0.00375 0.0625 
v 0.0075 -0.00375 0.0367423 
v -0.0075 -0.00375 0.0625 
v -0.0075 -0.00375 0.0367423 
v 0.00376909 -0.00375 0.0373101 
v 9.9692e-18 -0.00375 0.0375 
v -0.00376909 -0.00375 0.0373101 
v -0.0025001 -0.00375 0.0605 
v -0.00258804 -0.00375 0.0550697 
v -0.00263447 -0.00375 0.0547865 
v -0.000428722 -0.00375 0.0518849 
v -0.000143468 -0.00375 0.0518539 
v 0.000143468 -0.00375 0.0518539 
v -0.00265 -0.00375 0.0545 
v -0.00263447 -0.00375 0.0542135 
v -1.80942e-18 -0.00375 0.05185 
v -0.00251128 -0.00375 0.0536539 
v -0.00240507 -0.00375 0.0533873 
v -0.00258804 -0.00375 0.0539303 
v -0.00251128 -0.00375 0.0553461 
v -0.00227067 -0.00375 0.0558662 
v -0.00240507 -0.00375 0.0556127 
v -0.00192389 -0.00375 0.0563224 
v -0.00210965 -0.00375 0.0561037 
v -0.00148715 -0.00375 0.0566934 
v -0.00171557 -0.00375 0.0565197 
v 0.000428722 -0.00375 0.0518849 
v -0.00227067 -0.00375 0.0531338 
v -0.00124128 -0.00375 0.0568413 
v -0.00171557 -0.00375 0.0524803 
v -0.00148715 -0.00375 0.0523066 
v -0.00210965 -0.00375 0.0528963 
v -0.00192389 -0.00375 0.0526776 
v 0.00258804 -0.00375 0.0539303 
v 0.00263447 -0.00375 0.0542135 
v 0.000980866 -0.00375 0.0520382 
v -0.00070895 -0.00375 0.0519466 
v 0.00251128 -0.00375 0.0536539 
v 0.00070895 -0.00375 0.0519466 
v -0.000980866 -0.00375 0.0520382 
v 0.00070895 -0.00375 0.0570534 
v 0.000428722 -0.00375 0.0571151 
v 0.00240507 -0.00375 0.0533873 
v -0.00124128 -0.00375 0.0521587 
v 0.000980866 -0.00375 0.0569618 
v 0.00171557 -0.00375 0.0565197 
v 0.00148715 -0.00375 0.0566934 
v 0.00210965 -0.00375 0.0561037 
v 0.00192389 -0.00375 0.0563224 
v 0.00251128 -0.00375 0.0553461 
v 0.00240507 -0.00375 0.0556127 
v 0.00227067 -0.00375 0.0531338 
v 0.00192389 -0.00375 0.0526776 
v 0.00210965 -0.00375 0.0528963 
v 0.00148715 -0.00375 0.0523066 
v 0.00171557 -0.00375 0.0524803 
v -0.00070895 -0.00375 0.0570534 
v -0.000980866 -0.00375 0.0569618 
v -0.000143468 -0.00375 0.0571461 
v -0.000428722 -0.00375 0.0571151 
v 0.00124128 -0.00375 0.0568413 
v 0.00227067 -0.00375 0.0558662 
v 0.00263447 -0.00375 0.0547865 
v 0.00258804 -0.00375 0.0550697 
v 0.00124128 -0.00375 0.0521587 
v 0.00265 -0.00375 0.0545 
v 0.0025001 -0.00375 0.0605 
v 0.000143468 -0.00375 0.0571461 
v -0.0025001 -0.00375 0.0625 
v 0.0025001 -0.00375 0.0625 
v 0.0025001 -0.0065 0.0605 
v 0.0025001 -0.0065 0.0625 
v -0.0025001 -0.0065 0.0625 
v -0.0025001 -0.0065 0.0605 
v -0.00265 -0.0055 0.0545 
v -0.00263447 -0.0055 0.0542135 
v -0.00258804 -0.0055 0.0539303 
v -0.00251128 -0.0055 0.0536539 
v -0.00240507 -0.0055 0.0533873 
v -0.00227067 -0.0055 0.0531338 
v -0.00210965 -0.0055 0.0528963 
v -0.00192389 -0.0055 0.0526776 
v -0.00171557 -0.0055 0.0524803 
v -0.00148715 -0.0055 0.0523066 
v -0.00124128 -0.0055 0.0521587 
v -0.000980866 -0.0055 0.0520382 
v -0.00070895 -0.0055 0.0519466 
v -0.000428722 -0.0055 0.0518849 
v -0.000143468 -0.0055 0.0518539 
v 0.000143468 -0.0055 0.0518539 
v 0.000428722 -0.0055 0.0518849 
v 0.00070895 -0.0055 0.0519466 
v 0.000980866 -0.0055 0.0520382 
v 0.00124128 -0.0055 0.0521587 
v 0.00148715 -0.0055 0.0523066 
v 0.00171557 -0.0055 0.0524803 
v 0.00192389 -0.0055 0.0526776 
v 0.00210965 -0.0055 0.0528963 
v 0.00227067 -0.0055 0.0531338 
v 0.00240507 -0.0055 0.0533873 
v 0.00251128 -0.0055 0.0536539 
v 0.00258804 -0.0055 0.0539303 
v 0.00263447 -0.0055 0.0542135 
v 0.00265 -0.0055 0.0545 
v 0.00263447 -0.0055 0.0547865 
v 0.00258804 -0.0055 0.0550697 
v 0.00251128 -0.0055 0.0553461 
v 0.00240507 -0.0055 0.0556127 
v 0.00227067 -0.0055 0.0558662 
v 0.00210965 -0.0055 0.0561037 
v 0.00192389 -0.0055 0.0563224 
v 0.00171557 -0.0055 0.0565197 
v 0.00148715 -0.0055 0.0566934 
v 0.00124128 -0.0055 0.0568413 
v 0.000980866 -0.0055 0.0569618 
v 0.00070895 -0.0055 0.0570534 
v 0.000428722 -0.0055 0.0571151 
v 0.000143468 -0.0055 0.0571461 
v -0.000143468 -0.0055 0.0571461 
v -0.000428722 -0.0055 0.0571151 
v -0.00070895 -0.0055 0.0570534 
v -0.000980866 -0.0055 0.0569618 
v -0.00124128 -0.0055 0.0568413 
v -0.00148715 -0.0055 0.0566934 
v -0.00171557 -0.0055 0.0565197 
v -0.00192389 -0.0055 0.0563224 
v -0.00210965 -0.0055 0.0561037 
v -0.00227067 -0.0055 0.0558662 
v -0.00240507 -0.0055 0.0556127 
v -0.00251128 -0.0055 0.0553461 
v -0.00258804 -0.0055 0.0550697 
v -0.00263447 -0.0055 0.0547865 
v 0.00889259 -0.00646899 0.0625 
v 0.00913588 -0.00640924 0.0625 
v 0.00946061 -0.00629338 0.0625 
v 0.00996354 0.0026373 0.0625 
v 0.00952653 0.00281895 0.0625 
v 0.00873215 -0.00649248 0.0625 
v 0.00919009 0.00292233 0.0625 
v 0.00858776 -0.0065 0.0625 
v 0.01 0.0023031 0.0625 
v 0.00999521 0.00242482 0.0625 
v 0.00989158 -0.00608817 0.0625 
v 0.00999881 -0.0060305 0.0625 
v 0.00893173 0.00297551 0.0625 
v 0.0061 -0.0065 0.0625 
v 0.00997775 0.00256476 0.0625 
v 0.00873678 0.0029968 0.0625 
v 0.00863358 0.003 0.0625 
v 0.00989064 0.00266523 0.0385714 
v 0.00970612 0.00273592 0.0388339 
v 0.00996354 0.0026373 0.0384677 
v 0.00929013 0.00289529 0.0394258 
v 0.00924763 0.00290418 0.0394886 
v 0.00933846 0.00287677 0.039357 
v 0.00953007 0.00280336 0.0390844 
v 0.00952192 0.00280649 0.039096 
v 0.0090671 0.00294194 0.0397553 
v 0.00897722 0.00296075 0.0398881 
v 0.00919265 0.00291568 0.0395698 
v 0.00915725 0.00292308 0.0396221 
v 0.00888767 0.00297948 0.0400204 
v 0.00879963 0.00298941 0.0401538 
v 0.00885798 0.00298569 0.0400642 
v 0.00893406 0.00296978 0.0399519 
v 0.00873856 0.00299331 0.0402476 
v 0.00871236 0.00299498 0.0402878 
v 0.00863358 0.003 0.0404088 
v 0.00999736 0.00239351 0.0382287 
v 0.00999553 0.00241462 0.0382315 
v 0.01 0.0023031 0.0382245 
v 0.00999071 0.00247032 0.0382391 
v 0.00998332 0.00252553 0.0382507 
v 0.00998989 0.00247982 0.0382404 
v 0.00999466 0.00242477 0.0382329 
v 0.00997769 0.00256475 0.0382596 
v 0.00996287 0.00264032 0.0384149 
v 0.00996322 0.00263876 0.0384421 
v 0.00996164 0.00264579 0.0383816 
v 0.00996283 0.00264049 0.0384138 
v 0.00996002 0.00265287 0.0383551 
v 0.00996048 0.00265086 0.0383626 
v 0.00995713 0.00266512 0.0383248 
v 0.00995909 0.00265686 0.0383437 
v 0.00997734 0.00256716 0.0382601 
v 0.00995633 0.0026684 0.038319 
v 0.00996346 0.00263543 0.0382819 
v 0.00995514 0.00267333 0.0383102 
v 0.00995922 0.00265632 0.0382885 
v 0.00995305 0.00268169 0.0382982 
v 0.00883819 0.00300134 0.0399812 
v 0.00906496 0.0030032 0.0395433 
v 0.00891346 0.00300196 0.0398359 
v 0.00995071 0.00269563 0.0382811 
v 0.00995115 0.00269305 0.0382843 
v 0.0099503 0.00269808 0.0382782 
v 0.00994987 0.00270066 0.038275 
v 0.00994974 0.00270676 0.0382683 
v 0.00994965 0.00271047 0.0382642 
v 0.00994944 0.0027201 0.0382535 
v 0.00994954 0.00272102 0.0382526 
v 0.00995008 0.00272618 0.0382474 
v 0.00995163 0.00274101 0.0382326 
v 0.00995199 0.00274264 0.0382311 
v 0.00996885 0.002797 0.0381859 
v 0.00997386 0.00280852 0.0381775 
v 0.00955454 0.003 0.038744 
v 0.00950555 0.0030006 0.0388183 
v 0.00996417 0.00278623 0.0381937 
v 0.00996804 0.00279512 0.0381872 
v 0.00996269 0.00278175 0.0381974 
v 0.00944918 0.00300129 0.0389037 
v 0.00995759 0.00276637 0.0382099 
v 0.00996124 0.00277737 0.0382009 
v 0.00939277 0.00300199 0.0389892 
v 0.00995579 0.0027598 0.0382156 
v 0.00995386 0.00275109 0.0382235 
v 0.00995653 0.00276316 0.0382125 
v 0.00933645 0.00300268 0.0390746 
v 0.00928029 0.00300337 0.0391598 
v 0.0092244 0.00300405 0.0392445 
v 0.00922167 0.00300409 0.0392486 
v 0.00920232 0.00300433 0.039278 
v 0.00916559 0.00300402 0.0393489 
v 0.00913522 0.00300378 0.0394076 
v 0.00910493 0.00300353 0.0394661 
v 0.00907471 0.00300328 0.0395244 
v 0.00904457 0.00300303 0.0395826 
v 0.0090145 0.00300279 0.0396407 
v 0.0089845 0.00300254 0.0396987 
v 0.00895457 0.0030023 0.0397565 
v 0.00892469 0.00300205 0.0398142 
v 0.00889485 0.00300181 0.0398718 
v 0.00886506 0.00300156 0.0399293 
v 0.00883529 0.00300132 0.0399868 
v 0.00880555 0.00300108 0.0400443 
v 0.00877581 0.00300083 0.0401017 
v 0.00874609 0.00300059 0.0401591 
v 0.00874463 0.00300058 0.0401619 
v 0.00871649 0.00300043 0.0402245 
v 0.00868689 0.00300028 0.0402903 
v 0.00865729 0.00300012 0.0403561 
v 0.00869415 0.00300031 0.0402741 
v 0.00876306 0.00300073 0.0401263 
v 0.0099756 0.00281204 0.0381751 
v 0.00943429 0.00289406 0.0390147 
v 0.00942548 0.00290999 0.0390041 
v 0.00923931 0.00296195 0.0392722 
v 0.00923464 0.00297024 0.0392669 
v 0.0094679 0.00285412 0.0390484 
v 0.00928082 0.00291378 0.0393116 
v 0.00928776 0.00290849 0.0393173 
v 0.00961675 0.002839 0.0387416 
v 0.0096248 0.00282341 0.0387522 
v 0.00981489 0.00274352 0.0384909 
v 0.00944438 0.00287935 0.0390257 
v 0.00925536 0.00293905 0.0392887 
v 0.00926133 0.00293214 0.0392944 
v 0.00924462 0.00295397 0.0392777 
v 0.00924969 0.00294633 0.0392831 
v 0.00943918 0.00288654 0.0390202 
v 0.00963407 0.00280894 0.0387632 
v 0.00945564 0.002866 0.039037 
v 0.00926758 0.00292562 0.0393001 
v 0.00927408 0.0029195 0.0393058 
v 0.00944987 0.0028725 0.0390314 
v 0.00964444 0.00279572 0.0387745 
v 0.00946165 0.00285987 0.0390427 
v 0.00965 0.00278961 0.0387802 
v 0.009833 0.00271623 0.0385133 
v 0.00982342 0.0027293 0.0385019 
v 0.00965579 0.00278385 0.0387859 
v 0.0098435 0.00270442 0.0385249 
v 0.00966179 0.00277844 0.0387917 
v 0.00966797 0.00277339 0.0387974 
v 0.00949483 0.00283495 0.0390712 
v 0.00930964 0.00289512 0.0393345 
v 0.00931719 0.00289151 0.0393401 
v 0.00948102 0.00284375 0.0390598 
v 0.0092949 0.00290361 0.0393231 
v 0.0093022 0.00289915 0.0393288 
v 0.00947437 0.00284874 0.0390541 
v 0.00948785 0.00283916 0.0390655 
v 0.00967433 0.00276871 0.0388032 
v 0.00950561 0.00282679 0.0390838 
v 0.00932484 0.00288831 0.0393457 
v 0.00933398 0.00288218 0.0393465 
v 0.00968083 0.00276439 0.0388089 
v 0.00950194 0.00283114 0.0390767 
v 0.0096923 0.00275411 0.0388196 
v 0.00968747 0.00276044 0.0388146 
v 0.00986677 0.00268481 0.0385482 
v 0.0098548 0.00269393 0.0385365 
v 0.00987295 0.00268076 0.038554 
v 0.00879195 0.00299197 0.0401482 
v 0.00878353 0.0029949 0.040142 
v 0.00869583 0.00299988 0.0402755 
v 0.00886347 0.00298819 0.0400024 
v 0.00885488 0.00299091 0.0399961 
v 0.00876591 0.00299927 0.040129 
v 0.00892802 0.00298611 0.039851 
v 0.00891988 0.00299056 0.0398448 
v 0.00893626 0.00298216 0.0398572 
v 0.00884045 0.00299928 0.0399836 
v 0.00894459 0.00297871 0.0398634 
v 0.00884631 0.00299415 0.0399897 
v 0.0088773 0.00298293 0.0400189 
v 0.00895297 0.00297575 0.0398695 
v 0.00877473 0.00299682 0.0401355 
v 0.0088702 0.00298551 0.0400102 
v 0.00896057 0.00297114 0.0398753 
v 0.00901102 0.00297518 0.0397128 
v 0.0090033 0.00298025 0.0397068 
v 0.00891614 0.00299725 0.0398396 
v 0.00906665 0.00299485 0.0395476 
v 0.0090704 0.00298762 0.0395523 
v 0.00907423 0.00297961 0.0395573 
v 0.00908102 0.0029731 0.0395632 
v 0.00908804 0.00296703 0.0395691 
v 0.00918782 0.0029392 0.0394433 
v 0.0090953 0.00296141 0.039575 
v 0.00920239 0.00292915 0.0394549 
v 0.00910275 0.00295625 0.0395809 
v 0.00904316 0.00295968 0.0397369 
v 0.00903499 0.00296284 0.0397309 
v 0.00902688 0.00296648 0.0397249 
v 0.00901889 0.00297059 0.0397189 
v 0.00911813 0.0029473 0.0395927 
v 0.00911036 0.00295154 0.0395868 
v 0.00912601 0.00294351 0.0395986 
v 0.00913398 0.00294017 0.0396044 
v 0.00905028 0.00295445 0.0397423 
v 0.00914101 0.002935 0.0396098 
v 0.00921758 0.00292087 0.0394665 
v 0.00923251 0.00291249 0.0394775 
v 0.00922641 0.00298768 0.0392566 
v 0.00923034 0.00297882 0.0392617 
v 0.0096132 0.00284717 0.0387365 
v 0.00922286 0.00299677 0.0392518 
v 0.00960999 0.00285556 0.0387315 
v 0.00980748 0.00275878 0.0384804 
v 0.00960712 0.00286415 0.0387267 
v 0.0096046 0.00287293 0.038722 
v 0.0096006 0.00289091 0.0387132 
v 0.00959801 0.00290933 0.0387052 
v 0.00870451 0.00299736 0.040282 
v 0.00950961 0.00282222 0.0390918 
v 0.00987854 0.00267579 0.0385595 
v 0.0100201 0.0023031 0.0381269 
v 0.0100011 0.0023031 0.0382047 
v 0.0100344 0.0023031 0.0380979 
v 0.0100222 0.0023031 0.0381215 
v 0.0100035 0.0023031 0.0381849 
v 0.0100014 0.0023031 0.038198 
v 0.0100126 0.0023031 0.0381462 
v 0.0100056 0.0023031 0.0381718 
v 0.0100387 0.0023031 0.0380915 
v 0.0100489 0.00232851 0.0380761 
v 0.0100434 0.0024457 0.0380835 
v 0.010049 0.0023031 0.0380758 
v 0.0100078 0.00268617 0.0381315 
v 0.01003 0.00256449 0.0381016 
v 0.0100303 0.00256172 0.0381012 
v 0.0100128 0.0023031 0.0381458 
v 0.00997906 0.00266819 0.0381831 
v 0.00997259 0.00266115 0.038202 
v 0.00999482 0.00254289 0.0381709 
v 0.0100017 0.00254759 0.038152 
v 0.0100082 0.00242332 0.0381521 
v 0.0099966 0.00241672 0.0382111 
v 0.0100198 0.00255718 0.0381165 
v 0.01001 0.00255237 0.0381338 
v 0.0100027 0.00242103 0.0381715 
v 0.00999886 0.00241883 0.0381912 
v 0.00998603 0.00253392 0.0382101 
v 0.0099914 0.00247335 0.038219 
v 0.00998413 0.00252974 0.03823 
v 0.00998959 0.00253832 0.0381903 
v 0.00996782 0.00265432 0.0382215 
v 0.00997645 0.00259104 0.0382242 
v 0.00996477 0.00264776 0.0382413 
v 0.00997482 0.00258583 0.0382441 
v 0.00996347 0.00264155 0.0382613 
v 0.00995372 0.00271164 0.0382417 
v 0.00995101 0.00270402 0.0382616 
v 0.01 -0.00602842 0.0382245 
v 0.0100007 -0.00602803 0.038206 
v 0.0100016 -0.0060275 0.0381981 
v 0.0100032 -0.00602662 0.0381848 
v 0.0100058 -0.00602511 0.0381719 
v 0.0100075 -0.00602416 0.0381637 
v 0.0100127 -0.00602121 0.0381463 
v 0.0100167 -0.00601895 0.0381347 
v 0.0100224 -0.00601567 0.0381216 
v 0.0100138 -0.00602058 0.0381426 
v 0.0100256 -0.00601388 0.0381144 
v 0.0100345 -0.00600873 0.038098 
v 0.0100363 -0.00600771 0.0380947 
v 0.010049 -0.00600038 0.0380758 
v 0.0105768 -0.00566204 0.0373626 
v 0.0105768 0.003 0.0373626 
v 0.0104545 -0.00574042 0.0375279 
v 0.00858776 -0.0065 0.0365034 
v 0.00870916 -0.00649507 0.0364747 
v 0.00873215 -0.00649205 0.0364691 
v 0.00888857 -0.00647149 0.0364314 
v 0.00889294 -0.00647047 0.0364303 
v 0.0091097 -0.00641977 0.0363767 
v 0.00913644 -0.00641068 0.0363699 
v 0.0093914 -0.00632394 0.036305 
v 0.0094605 -0.00629269 0.0362867 
v 0.00976427 -0.00615532 0.0362065 
v 0.0138055 -0.00165194 0.0348664 
v 0.0138058 -0.00165206 0.0348662 
v 0.0138135 -0.0016263 0.0348631 
v 0.0136902 -0.00197688 0.0349139 
v 0.0136926 -0.00197805 0.0349107 
v 0.0137245 -0.00190116 0.0348982 
v 0.0137864 -0.00171742 0.0348738 
v 0.0137794 -0.00173459 0.0348769 
v 0.0137514 -0.00181625 0.0348884 
v 0.0134853 -0.00241866 0.035004 
v 0.0134921 -0.00242255 0.0349886 
v 0.0135686 -0.00227642 0.0349592 
v 0.0133425 -0.00270843 0.0350461 
v 0.013324 -0.00271035 0.0350801 
v 0.0132015 -0.00290883 0.0351417 
v 0.0131585 -0.00299552 0.0351152 
v 0.0126478 -0.00368572 0.0353015 
v 0.0130172 -0.00321591 0.0351682 
v 0.0129065 -0.0033474 0.0352998 
v 0.0131512 -0.00299047 0.035167 
v 0.0119337 -0.00447527 0.0355475 
v 0.0123029 -0.0041001 0.035681 
v 0.0120233 -0.00440181 0.0358895 
v 0.012437 -0.00395386 0.0353775 
v 0.0126495 -0.00368623 0.0354523 
v 0.0125951 -0.00375125 0.0354882 
v 0.0111688 -0.00519446 0.0357963 
v 0.0115573 -0.00486461 0.0362774 
v 0.0114914 -0.00492266 0.0363419 
v 0.0115502 -0.0048725 0.0356769 
v 0.0119452 -0.00448609 0.0359478 
v 0.0104513 -0.00574013 0.036013 
v 0.0108704 -0.00544554 0.0369911 
v 0.0108437 -0.00546877 0.035898 
v 0.0111744 -0.00520168 0.0366518 
v 0.0110039 -0.00533846 0.0368421 
v 0.00988958 -0.00608402 0.0361718 
v 0.0100321 -0.00600294 0.0361323 
v 0.0102531 -0.00587716 0.0360711 
v 0.0138379 -0.00153567 0.0348534 
v 0.0110014 0.003 0.0368398 
v 0.0114895 0.003 0.03634 
v 0.012022 0.003 0.0358877 
v 0.0125942 0.003 0.035487 
v 0.0132013 0.003 0.0351412 
v 0.0138379 0.003 0.0348534 
v 0.0375 -0.0065 2.12649e-17 
v 0.0375 0.003 2.06832e-17 
v 0.0372802 0.003 0.00405446 
v 0.0372802 -0.0065 0.00405446 
v 0.0366233 0.003 0.00806139 
v 0.0366233 -0.0065 0.00806139 
v 0.035537 0.003 0.0119738 
v 0.035537 -0.0065 0.0119738 
v 0.0340341 0.003 0.0157458 
v 0.0340341 -0.0065 0.0157458 
v 0.0321321 0.003 0.0193333 
v 0.0321321 -0.0065 0.0193333 
v 0.0298535 0.003 0.022694 
v 0.0298535 -0.0065 0.022694 
v 0.0272248 0.003 0.0257887 
v 0.0272248 -0.0065 0.0257887 
v 0.024277 0.003 0.0285811 
v 0.024277 -0.0065 0.0285811 
v 0.0210445 0.003 0.0310383 
v 0.0210445 -0.0065 0.0310383 
v 0.0175653 0.003 0.0331317 
v 0.0175653 -0.0065 0.0331317 
v 0.0138802 0.003 0.0348366 
v -0.0138802 -0.0065 0.0348366 
v -0.0138802 0.003 0.0348366 
v -0.0175653 0.003 0.0331317 
v -0.0175653 -0.0065 0.0331317 
v -0.0210445 0.003 0.0310383 
v -0.0210445 -0.0065 0.0310383 
v -0.024277 0.003 0.0285811 
v -0.024277 -0.0065 0.0285811 
v -0.0272248 0.003 0.0257887 
v -0.0272248 -0.0065 0.0257887 
v -0.0298535 0.003 0.022694 
v -0.0298535 -0.0065 0.022694 
v -0.0321321 0.003 0.0193333 
v -0.0321321 -0.0065 0.0193333 
v -0.0340341 0.003 0.0157458 
v -0.0340341 -0.0065 0.0157458 
v -0.035537 0.003 0.0119738 
v -0.035537 -0.0065 0.0119738 
v -0.0366233 0.003 0.00806139 
v -0.0366233 -0.0065 0.00806139 
v -0.0372802 0.003 0.00405446 
v -0.0372802 -0.0065 0.00405446 
v -0.0375 0.003 2.98681e-17 
v -0.0375 -0.0065 3.04498e-17 
v -0.0372802 0.003 -0.00405446 
v -0.0372802 -0.0065 -0.00405446 
v -0.0366233 0.003 -0.00806139 
v -0.0366233 -0.0065 -0.00806139 
v -0.035537 0.003 -0.0119738 
v -0.035537 -0.0065 -0.0119738 
v -0.0340341 0.003 -0.0157458 
v -0.0340341 -0.0065 -0.0157458 
v -0.0321321 0.003 -0.0193333 
v -0.0321321 -0.0065 -0.0193333 
v -0.0298535 0.003 -0.022694 
v -0.0298535 -0.0065 -0.022694 
v -0.0272248 0.003 -0.0257887 
v -0.0272248 -0.0065 -0.0257887 
v -0.024277 0.003 -0.0285811 
v -0.024277 -0.0065 -0.0285811 
v -0.0210445 0.003 -0.0310383 
v -0.0210445 -0.0065 -0.0310383 
v -0.0175653 0.003 -0.0331317 
v -0.0175653 -0.0065 -0.0331317 
v -0.0138802 0.003 -0.0348366 
v -0.0138802 -0.0065 -0.0348366 
v -0.0100323 0.003 -0.0361331 
v -0.0100323 -0.0065 -0.0361331 
v -0.00606682 0.003 -0.037006 
v -0.00606682 -0.0065 -0.037006 
v -0.00203021 0.003 -0.037445 
v -0.00203021 -0.0065 -0.037445 
v 0.00203021 0.003 -0.037445 
v 0.00203021 -0.0065 -0.037445 
v 0.00606682 0.003 -0.037006 
v 0.00606682 -0.0065 -0.037006 
v 0.0100323 0.003 -0.0361331 
v 0.0100323 -0.0065 -0.0361331 
v 0.0138802 0.003 -0.0348366 
v 0.0138802 -0.0065 -0.0348366 
v 0.0175653 0.003 -0.0331317 
v 0.0175653 -0.0065 -0.0331317 
v 0.0210445 0.003 -0.0310383 
v 0.0210445 -0.0065 -0.0310383 
v 0.024277 0.003 -0.0285811 
v 0.024277 -0.0065 -0.0285811 
v 0.0272248 0.003 -0.0257887 
v 0.0272248 -0.0065 -0.0257887 
v 0.0298535 0.003 -0.022694 
v 0.0298535 -0.0065 -0.022694 
v 0.0321321 0.003 -0.0193333 
v 0.0321321 -0.0065 -0.0193333 
v 0.0340341 0.003 -0.0157458 
v 0.0340341 -0.0065 -0.0157458 
v 0.035537 0.003 -0.0119738 
v 0.035537 -0.0065 -0.0119738 
v 0.0366233 0.003 -0.00806139 
v 0.0366233 -0.0065 -0.00806139 
v 0.0372802 0.003 -0.00405446 
v 0.0372802 -0.0065 -0.00405446 
v -0.0100323 -0.0065 0.0361331 
v -0.00946123 -0.0062958 0.0362868 
v -0.00979348 -0.00613541 0.0361981 
v -0.00990183 -0.0060831 0.0361691 
v -0.00914293 -0.00641017 0.0363683 
v -0.00941167 -0.00631361 0.0362995 
v -0.0089291 -0.00646381 0.0364214 
v -0.0091184 -0.00641632 0.0363744 
v -0.00875258 -0.00649107 0.0364643 
v -0.00889373 -0.00646927 0.03643 
v -0.00858797 -0.0065 0.0365034 
v -0.00872008 -0.00649283 0.036472 
v -0.0138379 -0.00153647 0.0348534 
v -0.0137368 -0.00186749 0.0348934 
v -0.0137612 -0.00179307 0.0348838 
v -0.0137955 -0.00168851 0.0348703 
v -0.0136682 -0.00204835 0.0349203 
v -0.0134742 -0.00246877 0.0349957 
v -0.0135943 -0.00220855 0.034949 
v -0.0131838 -0.00296859 0.0351061 
v -0.0133012 -0.00276653 0.0350614 
v -0.0127473 -0.00357903 0.0352669 
v -0.0129094 -0.00335236 0.0352072 
v -0.0119297 -0.0045023 0.0355518 
v -0.0123447 -0.00403363 0.0354072 
v -0.0112024 -0.00518125 0.0357876 
v -0.0116469 -0.00476627 0.0356435 
v -0.0104965 -0.00571862 0.036001 
v -0.0109171 -0.00539849 0.0358739 
v -0.0100321 -0.00600328 0.0361323 
v -0.0102821 -0.00585005 0.0360616 
v 0.0100323 -0.0065 0.0361331 
v 0.0138802 -0.0065 0.0348366 
v -0.0138379 0.003 0.0348534 
v -0.0132013 0.003 0.0351412 
v -0.0135902 -0.00220639 0.0349569 
v -0.0134486 -0.00248854 0.0350209 
v -0.01368 -0.00200248 0.0349182 
v -0.0132937 -0.00276187 0.0350949 
v -0.0137213 -0.00189835 0.0349009 
v -0.0137599 -0.0017926 0.0348849 
v -0.0125942 0.003 0.035487 
v -0.0129056 -0.00334896 0.0353003 
v -0.0126345 -0.00370532 0.0354616 
v -0.0131054 -0.00306076 0.035191 
v -0.0132017 -0.00290794 0.0351419 
v -0.012022 0.003 0.0358877 
v -0.0125947 -0.00375309 0.0354877 
v -0.0123544 -0.00404153 0.0356453 
v -0.0114895 0.003 0.03634 
v -0.0120072 -0.00442207 0.0358991 
v -0.011654 -0.00477408 0.0361909 
v -0.0120223 -0.00440557 0.0358881 
v -0.0110014 0.003 0.0368398 
v -0.0114924 -0.00492032 0.0363431 
v -0.011283 -0.00510977 0.0365401 
v -0.0105768 0.003 0.0373626 
v -0.0110038 -0.0053387 0.036842 
v -0.010922 -0.00540574 0.0369305 
v -0.0105768 -0.00566218 0.0373626 
v -0.0102854 -0.005849 0.0377565 
v -0.010049 -0.00600049 0.0380758 
v -0.0100409 -0.00600518 0.0380875 
v -0.0100292 -0.00601191 0.0381073 
v -0.0100346 -0.00600879 0.0380981 
v -0.0100194 -0.00601753 0.0381281 
v -0.0100224 -0.00601579 0.0381216 
v -0.0100114 -0.00602206 0.0381499 
v -0.0100127 -0.00602132 0.0381463 
v -0.0100086 -0.00602368 0.0381597 
v -0.0100038 -0.00602636 0.0381809 
v -0.0100058 -0.00602522 0.0381719 
v -0.010001 -0.00602798 0.0382025 
v -0.0100016 -0.00602765 0.038198 
v -0.00979487 -0.00613892 0.0625 
v -0.00999885 -0.00603044 0.0625 
v -0.01 -0.00602853 0.0382245 
v -0.00941144 -0.00631333 0.0625 
v -0.00911791 -0.00641459 0.0625 
v -0.0088936 -0.00646884 0.0625 
v -0.00872006 -0.00649366 0.0625 
v -0.00858797 -0.0065 0.0625 
v -0.0100382 0.0023031 0.0380922 
v -0.010049 0.0023031 0.0380758 
v -0.0100344 0.0023031 0.0380979 
v -0.0100222 0.0023031 0.0381215 
v -0.0100199 0.0023031 0.0381275 
v -0.0100126 0.0023031 0.0381462 
v -0.0100056 0.0023031 0.0381718 
v -0.0100014 0.0023031 0.038198 
v -0.010001 0.0023031 0.0382049 
v -0.01 0.0023031 0.0382245 
v -0.010017 0.00264083 0.038119 
v -0.00999157 0.0027543 0.0381535 
v -0.0100348 0.00252918 0.0380951 
v -0.0100296 0.00256142 0.038102 
v -0.0100453 0.00241879 0.0380809 
v -0.0099756 0.00281204 0.0381751 
v -0.00955454 0.003 0.038744 
v -0.00999984 0.00232544 0.0382248 
v -0.00999649 0.00240742 0.0382301 
v -0.0099948 0.00242478 0.0382327 
v -0.00999578 0.00241468 0.0382312 
v -0.00999039 0.0024702 0.0382396 
v -0.00998764 0.00249845 0.0382439 
v -0.00998335 0.00252551 0.0382507 
v -0.00997714 0.00256466 0.0382604 
v -0.00997263 0.00259308 0.0382675 
v -0.00996331 0.00263529 0.0382821 
v -0.00995305 0.00268169 0.0382982 
v -0.00995104 0.00269301 0.0382843 
v -0.00995059 0.00269551 0.0382812 
v -0.00995014 0.00269802 0.0382782 
v -0.00995009 0.00269833 0.0382778 
v -0.00994973 0.00270678 0.0382683 
v -0.00994932 0.00271665 0.0382573 
v -0.00994968 0.0027211 0.0382527 
v -0.00994959 0.0027103 0.0382644 
v -0.00995007 0.00272592 0.0382478 
v -0.00995092 0.00273631 0.0382371 
v -0.00995208 0.00274227 0.0382316 
v -0.0099538 0.00275107 0.0382234 
v -0.00995506 0.00275753 0.0382174 
v -0.00995556 0.00275921 0.038216 
v -0.0099577 0.00276636 0.03821 
v -0.00996077 0.00277661 0.0382013 
v -0.0099611 0.00277773 0.0382003 
v -0.00996267 0.00278168 0.0381974 
v -0.00996769 0.00279431 0.0381878 
v -0.00996874 0.00279697 0.0381858 
v -0.00997017 0.00280057 0.038183 
v -0.0100081 0.00242326 0.0381525 
v -0.0100014 0.00254744 0.0381526 
v -0.0100194 0.00255697 0.0381173 
v -0.0100097 0.00255219 0.0381345 
v -0.00997884 0.00266796 0.0381837 
v -0.00999467 0.00254277 0.0381714 
v -0.00996475 0.00264768 0.0382416 
v -0.00997642 0.00259097 0.0382244 
v -0.00997482 0.0025858 0.0382442 
v -0.00998599 0.00253387 0.0382103 
v -0.00998413 0.00252971 0.0382301 
v -0.00998951 0.00253823 0.0381907 
v -0.00996774 0.00265419 0.0382219 
v -0.00995365 0.00271149 0.0382421 
v -0.00997245 0.00266098 0.0382025 
v -0.0099966 0.00241671 0.0382112 
v -0.0100027 0.00242099 0.0381718 
v -0.00999882 0.0024188 0.0381915 
v -0.00999139 0.00247333 0.0382191 
v -0.00996347 0.00264151 0.0382614 
v -0.00995099 0.00270392 0.0382618 
v -0.01 0.0023031 0.0625 
v -0.00881253 0.00299072 0.0625 
v -0.00905353 0.00295362 0.0625 
v -0.00937306 0.00287042 0.0625 
v -0.00863358 0.003 0.0625 
v -0.00979332 0.0027139 0.0625 
v -0.00997775 0.00256476 0.0625 
v -0.00999521 0.00242482 0.0625 
v -0.00996354 0.0026373 0.0625 
v -0.0061 -0.0065 0.0625 
v -0.00906746 0.003 0.0395456 
v -0.00891274 0.003 0.0398364 
v -0.00865839 0.003 0.0403548 
v -0.00868935 0.003 0.0402874 
v -0.00869517 0.003 0.0402748 
v -0.00872031 0.003 0.04022 
v -0.00875127 0.003 0.0401527 
v -0.00876319 0.003 0.0401268 
v -0.00878221 0.003 0.0400854 
v -0.00879457 0.003 0.0400585 
v -0.00881265 0.003 0.0400245 
v -0.00884277 0.003 0.0399679 
v -0.00883589 0.003 0.0399808 
v -0.00887291 0.003 0.0399113 
v -0.00890309 0.003 0.0398545 
v -0.0089333 0.003 0.0397978 
v -0.00896357 0.003 0.0397409 
v -0.0089939 0.003 0.0396839 
v -0.0090243 0.003 0.0396267 
v -0.00905477 0.003 0.0395695 
v -0.00908532 0.003 0.0395121 
v -0.00911595 0.003 0.0394545 
v -0.00914667 0.003 0.0393968 
v -0.00917746 0.003 0.0393389 
v -0.00922415 0.003 0.0392512 
v -0.00923926 0.003 0.0392228 
v -0.00925111 0.003 0.0392005 
v -0.00929408 0.003 0.0391359 
v -0.00934743 0.003 0.0390556 
v -0.00950806 0.003 0.038814 
v -0.00945451 0.003 0.0388945 
v -0.00940093 0.003 0.0389751 
v -0.00995605 0.0026696 0.0383164 
v -0.00995635 0.00266834 0.0383189 
v -0.0099541 0.00267752 0.0383039 
v -0.0099578 0.00266231 0.0383307 
v -0.00995936 0.00265569 0.0383469 
v -0.00995974 0.00265406 0.0383515 
v -0.00996048 0.00265087 0.0383627 
v -0.00996133 0.00264716 0.0383756 
v -0.00996251 0.00264193 0.0384028 
v -0.00996279 0.00264071 0.038414 
v -0.00996326 0.00263859 0.0384334 
v -0.00996333 0.00263828 0.0384417 
v -0.00996354 0.0026373 0.0384677 
v -0.00989051 0.00266662 0.0385712 
v -0.009795 0.00270496 0.0387067 
v -0.00970593 0.00274072 0.038833 
v -0.00952175 0.00281467 0.0390942 
v -0.00937425 0.00286695 0.0393054 
v -0.00942137 0.00285497 0.0392365 
v -0.00933884 0.00287595 0.0393571 
v -0.00915704 0.00292216 0.0396226 
v -0.00906654 0.00294517 0.0397549 
v -0.00905561 0.00294794 0.0397708 
v -0.00897511 0.00296841 0.0398884 
v -0.00888828 0.00297644 0.0400207 
v -0.00897635 0.00296809 0.0398866 
v -0.00881624 0.0029831 0.0401305 
v -0.00880035 0.00298457 0.0401547 
v -0.00871268 0.00299268 0.0402882 
v -0.00863358 0.003 0.0404088 
v -0.00924782 0.00289908 0.03949 
v -0.00918771 0.00293926 0.0394434 
v -0.00928068 0.00291386 0.0393118 
v -0.00928763 0.00290856 0.0393175 
v -0.00920228 0.00292922 0.0394551 
v -0.00906827 0.00298648 0.039552 
v -0.00925522 0.00293913 0.0392889 
v -0.00926119 0.00293222 0.0392945 
v -0.00924955 0.00294641 0.0392833 
v -0.00906812 0.00299394 0.0395486 
v -0.00926744 0.0029257 0.0393003 
v -0.00927394 0.00291957 0.039306 
v -0.00908796 0.00296709 0.0395692 
v -0.00908093 0.00297316 0.0395633 
v -0.00900324 0.00298029 0.0397068 
v -0.00909521 0.00296147 0.0395751 
v -0.00921747 0.00292094 0.0394666 
v -0.0093095 0.00289519 0.0393347 
v -0.00931706 0.00289158 0.0393403 
v -0.00923149 0.00291124 0.0394774 
v -0.00910266 0.0029563 0.039581 
v -0.00901095 0.00297522 0.0397129 
v -0.00929477 0.00290368 0.0393233 
v -0.00930207 0.00289923 0.039329 
v -0.00911028 0.00295159 0.039587 
v -0.00912592 0.00294356 0.0395987 
v -0.00911804 0.00294735 0.0395929 
v -0.00902682 0.00296652 0.039725 
v -0.00901882 0.00297063 0.039719 
v -0.00891985 0.00299059 0.0398448 
v -0.00891507 0.00299686 0.0398392 
v -0.00893622 0.00298219 0.0398573 
v -0.00892798 0.00298614 0.0398511 
v -0.00903492 0.00296289 0.039731 
v -0.00894455 0.00297874 0.0398634 
v -0.0090431 0.00295972 0.0397369 
v -0.00914074 0.00293486 0.0396099 
v -0.0091339 0.00294022 0.0396045 
v -0.00895293 0.00297578 0.0398696 
v -0.00905052 0.00295505 0.0397426 
v -0.00886345 0.00298821 0.0400024 
v -0.00885486 0.00299093 0.0399961 
v -0.00884629 0.00299416 0.0399897 
v -0.00883855 0.00299842 0.0399831 
v -0.00877473 0.00299683 0.0401355 
v -0.0087659 0.00299927 0.040129 
v -0.00896134 0.0029733 0.0398756 
v -0.00887205 0.00298599 0.0400087 
v -0.00878352 0.00299491 0.040142 
v -0.00887655 0.00298198 0.0400189 
v -0.00869583 0.00299988 0.0402755 
v -0.00879107 0.00299022 0.0401477 
v -0.00942532 0.00291008 0.0390043 
v -0.00961658 0.00283908 0.0387418 
v -0.00962464 0.00282349 0.0387524 
v -0.00980738 0.00275884 0.0384805 
v -0.00981478 0.00274357 0.0384911 
v -0.00982332 0.00272935 0.0385021 
v -0.00963391 0.00280902 0.0387634 
v -0.00983289 0.00271629 0.0385134 
v -0.00964985 0.00278969 0.0387804 
v -0.0098434 0.00270448 0.038525 
v -0.00965563 0.00278393 0.0387862 
v -0.0098547 0.00269399 0.0385367 
v -0.00966781 0.00277347 0.0387977 
v -0.00966163 0.00277852 0.0387919 
v -0.00986666 0.00268486 0.0385483 
v -0.00968068 0.00276447 0.0388091 
v -0.00967417 0.00276879 0.0388034 
v -0.00987285 0.00268081 0.0385541 
v -0.00968731 0.00276052 0.0388148 
v -0.00987863 0.00267614 0.0385597 
v -0.00969267 0.00275475 0.03882 
v -0.0094742 0.00284883 0.0390544 
v -0.00964428 0.0027958 0.0387747 
v -0.00945547 0.00286609 0.0390372 
v -0.00944971 0.00287259 0.0390316 
v -0.00944422 0.00287944 0.039026 
v -0.00943902 0.00288663 0.0390204 
v -0.00943412 0.00289415 0.039015 
v -0.00923918 0.00296202 0.0392723 
v -0.00924453 0.00295399 0.039278 
v -0.00946149 0.00285996 0.0390429 
v -0.00946774 0.0028542 0.0390487 
v -0.00950178 0.00283123 0.039077 
v -0.00948769 0.00283924 0.0390657 
v -0.00948086 0.00284384 0.0390601 
v -0.00949467 0.00283504 0.0390714 
v -0.00950641 0.00282727 0.039084 
v -0.00932491 0.00288688 0.0393432 
v -0.00951137 0.00282329 0.0390918 
v -0.00933391 0.00288199 0.0393463 
v -0.00922272 0.00299685 0.039252 
v -0.00960696 0.00286424 0.0387269 
v -0.00960983 0.00285564 0.0387317 
v -0.00922627 0.00298775 0.0392568 
v -0.00961304 0.00284725 0.0387367 
v -0.00923081 0.00297876 0.0392622 
v -0.00870416 0.0029965 0.0402818 
v -0.00907415 0.00297967 0.0395574 
v -0.00923494 0.00297019 0.0392673 
v -0.00960444 0.00287301 0.0387222 
v -0.00960044 0.002891 0.0387134 
v -0.00959785 0.00290941 0.0387054 
v -0.00509613 0.003 0.031085 
v 0.0116594 0.003 0.0292628 
v -0.0298511 0.003 -0.010058 
v -0.0307635 0.003 -0.00677157 
v -0.0285886 0.003 -0.0132265 
v -0.0313153 0.003 -0.00340575 
v -0.0315 0.003 3.28575e-18 
v 0.00170538 0.003 0.0314538 
v 0.0147549 0.003 0.0278306 
v -0.0298511 0.003 0.010058 
v -0.0285886 0.003 0.0132265 
v 0.0203927 0.003 0.0240081 
v 0.0176774 0.003 0.0260722 
v 0.0228689 0.003 0.0216625 
v 0.0250769 0.003 0.019063 
v 0.026991 0.003 0.0162399 
v 0.0313153 0.003 0.00340575 
v 0.0307635 0.003 0.00677157 
v 0.0315 0.003 1.87163e-17 
v 0.0307635 0.003 -0.00677157 
v 0.0313153 0.003 -0.00340575 
v 0.0298511 0.003 -0.010058 
v 0.026991 0.003 -0.0162399 
v 0.0285886 0.003 -0.0132265 
v 0.0250769 0.003 -0.019063 
v -0.00170538 0.003 -0.0314538 
v -0.00509613 0.003 -0.031085 
v -0.0147549 0.003 -0.0278306 
v -0.0176774 0.003 -0.0260722 
v -0.0313153 0.003 0.00340575 
v -0.0307635 0.003 0.00677157 
v -0.00842714 0.003 0.0303518 
v -0.0116594 0.003 0.0292628 
v 0.0228689 0.003 -0.0216625 
v 0.0203927 0.003 -0.0240081 
v 0.0176774 0.003 -0.0260722 
v 0.00509613 0.003 -0.031085 
v 0.00842714 0.003 -0.0303518 
v 0.00170538 0.003 -0.0314538 
v -0.00842714 0.003 -0.0303518 
v -0.0116594 0.003 -0.0292628 
v 0.0285886 0.003 0.0132265 
v 0.0298511 0.003 0.010058 
v 0.0116594 0.003 -0.0292628 
v -0.0250769 0.003 -0.019063 
v -0.0228689 0.003 -0.0216625 
v -0.026991 0.003 -0.0162399 
v -0.026991 0.003 0.0162399 
v -0.0147549 0.003 0.0278306 
v 0.0147549 0.003 -0.0278306 
v -0.0250769 0.003 0.019063 
v -0.0228689 0.003 0.0216625 
v -0.00170538 0.003 0.0314538 
v -0.0203927 0.003 -0.0240081 
v -0.0203927 0.003 0.0240081 
v -0.0176774 0.003 0.0260722 
v 0.00842714 0.003 0.0303518 
v 0.00509613 0.003 0.031085 
v -0.0315 0.006 3.10205e-18 
v -0.0313153 0.006 0.00340575 
v -0.0307635 0.006 0.00677157 
v -0.0298511 0.006 0.010058 
v -0.0285886 0.006 0.0132265 
v -0.0250769 0.006 0.019063 
v -0.0263388 0.006 0.0172018 
v -0.0231438 0.006 0.0213388 
v -0.0228689 0.006 0.0216625 
v -0.0203927 0.006 0.0240081 
v -0.0176774 0.006 0.0260722 
v -0.0147549 0.006 0.0278306 
v -0.00883883 0.006 0.0302131 
v -0.00842714 0.006 0.0303518 
v -0.00509613 0.006 0.031085 
v -0.00170538 0.006 0.0314538 
v 0.00170538 0.006 0.0314538 
v 0.00509613 0.006 0.031085 
v 0.0116594 0.006 0.0292628 
v 0.00883883 0.006 0.0302131 
v 0.0147549 0.006 0.0278306 
v 0.0176774 0.006 0.0260722 
v 0.0203927 0.006 0.0240081 
v 0.0250769 0.006 0.019063 
v 0.0231438 0.006 0.0213388 
v 0.026991 0.006 0.0162399 
v 0.0285886 0.006 0.0132265 
v 0.0298511 0.006 0.010058 
v 0.0307635 0.006 0.00677157 
v 0.0313153 0.006 0.00340575 
v 0.0315 0.006 -1.71603e-17 
v 0.0313153 0.006 -0.00340575 
v 0.0307635 0.006 -0.00677157 
v 0.0298511 0.006 -0.010058 
v 0.0285886 0.006 -0.0132265 
v 0.026991 0.006 -0.0162399 
v 0.0231438 0.006 -0.0213388 
v 0.0228689 0.006 -0.0216625 
v 0.0203927 0.006 -0.0240081 
v 0.0176774 0.006 -0.0260722 
v 0.0147549 0.006 -0.0278306 
v 0.00947132 0.006 -0.03 
v 0.00883883 0.006 -0.0302131 
v 0.00842714 0.006 -0.0303518 
v 0.00509613 0.006 -0.031085 
v 0.00170538 0.006 -0.0314538 
v -0.00170538 0.006 -0.0314538 
v -0.00509613 0.006 -0.031085 
v -0.00947132 0.006 -0.03 
v -0.00883883 0.006 -0.0302131 
v -0.0116594 0.006 -0.0292628 
v -0.0147549 0.006 -0.0278306 
v -0.0176774 0.006 -0.0260722 
v -0.0203927 0.006 -0.0240081 
v -0.0250769 0.006 -0.019063 
v -0.0231438 0.006 -0.0213388 
v -0.0263388 0.006 -0.0172018 
v -0.026991 0.006 -0.0162399 
v -0.0285886 0.006 -0.0132265 
v -0.0298511 0.006 -0.010058 
v -0.0307635 0.006 -0.00677157 
v -0.0313153 0.006 -0.00340575 
v -0.0228689 0.006 -0.0216625 
v -0.00842714 0.006 -0.0303518 
v 0.0116594 0.006 -0.0292628 
v 0.0250769 0.006 -0.019063 
v 0.0228689 0.006 0.0216625 
v 0.00842714 0.006 0.0303518 
v -0.0116594 0.006 0.0292628 
v -0.026991 0.006 0.0162399 
v -0.00328463 -0.008 0.0605 
v 0.00328463 -0.008 0.0605 
v -0.00339933 -0.00800266 0.0604965 
v -0.0035089 -0.00801064 0.0604858 
v -0.00383354 -0.00807472 0.0604004 
v -0.0037741 -0.00805751 0.0604233 
v 0.00371239 -0.00804254 0.0604433 
v 0.0037741 -0.00805751 0.0604233 
v 0.0035089 -0.00801064 0.0604858 
v 0.00339933 -0.00800266 0.0604965 
v -0.00389069 -0.00809417 0.0603744 
v 0.00383354 -0.00807472 0.0604004 
v -0.00361328 -0.00802394 0.0604681 
v -0.00394552 -0.00811586 0.0603455 
v 0.00389069 -0.00809417 0.0603744 
v -0.00371239 -0.00804254 0.0604433 
v 0.00361328 -0.00802394 0.0604681 
v 0.00394552 -0.00811586 0.0603455 
v 0.0061526 -0.00823687 0.0582619 
v 0.00627597 -0.00815949 0.0580596 
v 0.0085 -0.0065 0.0601 
v 0.0084921 -0.0065 0.0603442 
v 0.00846842 -0.0065 0.0605778 
v 0.00593581 -0.00832864 0.0585724 
v 0.00606689 -0.00827315 0.0583847 
v 0.00842902 -0.0065 0.0608001 
v 0.008374 -0.0065 0.0610106 
v 0.0056972 -0.00839031 0.058874 
v 0.00583315 -0.00835517 0.0587021 
v 0.00830347 -0.0065 0.0612088 
v 0.00821761 -0.0065 0.0613944 
v 0.00557712 -0.00840472 0.0590087 
v 0.00543903 -0.00842129 0.0591637 
v 0.00811662 -0.0065 0.0615667 
v 0.00800075 -0.0065 0.0617255 
v 0.00530139 -0.00842129 0.0593014 
v 0.00787026 -0.0065 0.0618703 
v 0.00772546 -0.0065 0.0620007 
v 0.00516374 -0.00842129 0.059439 
v 0.0075667 -0.0065 0.0621166 
v 0.00500874 -0.00840472 0.0595771 
v 0.00739436 -0.0065 0.0622176 
v 0.00487395 -0.00839031 0.0596972 
v 0.00720884 -0.0065 0.0623035 
v 0.00701058 -0.0065 0.062374 
v 0.0045724 -0.00832864 0.0599358 
v 0.00470214 -0.00835517 0.0598331 
v 0.00680006 -0.0065 0.062429 
v 0.00657776 -0.0065 0.0624684 
v 0.00426194 -0.00823687 0.0601526 
v 0.00438469 -0.00827315 0.0600669 
v 0.00634423 -0.0065 0.0624921 
v 0.0040596 -0.00815949 0.060276 
v 0.00634552 -0.00811586 0.0579455 
v -0.00426194 -0.00823687 0.0601526 
v -0.0040596 -0.00815949 0.060276 
v -0.00634423 -0.0065 0.0624921 
v -0.00657776 -0.0065 0.0624684 
v -0.0045724 -0.00832864 0.0599358 
v -0.00438469 -0.00827315 0.0600669 
v -0.00680006 -0.0065 0.062429 
v -0.00701058 -0.0065 0.062374 
v -0.00487395 -0.00839031 0.0596972 
v -0.00470214 -0.00835517 0.0598331 
v -0.00720884 -0.0065 0.0623035 
v -0.00739436 -0.0065 0.0622176 
v -0.00500874 -0.00840472 0.0595771 
v -0.00516374 -0.00842129 0.059439 
v -0.0075667 -0.0065 0.0621166 
v -0.00772546 -0.0065 0.0620007 
v -0.00530139 -0.00842129 0.0593014 
v -0.00787026 -0.0065 0.0618703 
v -0.00800075 -0.0065 0.0617255 
v -0.00543903 -0.00842129 0.0591637 
v -0.00811662 -0.0065 0.0615667 
v -0.00557712 -0.00840472 0.0590087 
v -0.00821761 -0.0065 0.0613944 
v -0.0056972 -0.00839031 0.058874 
v -0.00830347 -0.0065 0.0612088 
v -0.008374 -0.0065 0.0610106 
v -0.00593581 -0.00832864 0.0585724 
v -0.00583315 -0.00835517 0.0587021 
v -0.00842902 -0.0065 0.0608001 
v -0.00846842 -0.0065 0.0605778 
v -0.0061526 -0.00823687 0.0582619 
v -0.00606689 -0.00827315 0.0583847 
v -0.0084921 -0.0065 0.0603442 
v -0.0085 -0.0065 0.0601 
v -0.00634552 -0.00811586 0.0579455 
v -0.00627597 -0.00815949 0.0580596 
v -0.00143463 -0.0105 0.05865 
v 0.00143463 -0.0105 0.05865 
v 0.00189387 -0.0105 0.0586248 
v 0.00166678 -0.0105 0.0586437 
v 0.00462476 -0.0105 0.0558939 
v 0.00648581 -0.00801064 0.0575089 
v 0.00646808 -0.00802394 0.0576133 
v 0.00649645 -0.00800266 0.0573993 
v 0.00464369 -0.0105 0.0556668 
v 0.0065 -0.008 0.0572846 
v 0.00644328 -0.00804254 0.0577124 
v 0.0045493 -0.0105 0.0563306 
v 0.00459327 -0.0105 0.0561153 
v 0.00640037 -0.00807472 0.0578335 
v 0.00637444 -0.00809417 0.0578907 
v 0.00642332 -0.00805751 0.0577741 
v 0.00442438 -0.0105 0.0567403 
v 0.00449296 -0.0105 0.0565391 
v 0.00425128 -0.0105 0.057119 
v 0.00434375 -0.0105 0.0569338 
v 0.00403174 -0.0105 0.0574627 
v 0.00414718 -0.0105 0.0572955 
v 0.00376799 -0.0105 0.057768 
v 0.00390523 -0.0105 0.0576204 
v 0.00362036 -0.0105 0.0579052 
v 0.00346271 -0.0105 0.0580317 
v 0.00329545 -0.0105 0.0581472 
v 0.003119 -0.0105 0.0582513 
v 0.00293381 -0.0105 0.0583438 
v 0.00274034 -0.0105 0.0584244 
v 0.0025391 -0.0105 0.058493 
v 0.00233058 -0.0105 0.0585493 
v 0.00211532 -0.0105 0.0585933 
v 0.00465 -0.0105 0.0554346 
v -0.00189387 -0.0105 0.0586248 
v -0.00166678 -0.0105 0.0586437 
v -0.00233058 -0.0105 0.0585493 
v -0.00211532 -0.0105 0.0585933 
v -0.00274034 -0.0105 0.0584244 
v -0.0025391 -0.0105 0.058493 
v -0.003119 -0.0105 0.0582513 
v -0.00293381 -0.0105 0.0583438 
v -0.00346271 -0.0105 0.0580317 
v -0.00329545 -0.0105 0.0581472 
v -0.00376799 -0.0105 0.057768 
v -0.00362036 -0.0105 0.0579052 
v -0.00390523 -0.0105 0.0576204 
v -0.00403174 -0.0105 0.0574627 
v -0.00414718 -0.0105 0.0572955 
v -0.00425128 -0.0105 0.057119 
v -0.00434375 -0.0105 0.0569338 
v -0.00442438 -0.0105 0.0567403 
v -0.00449296 -0.0105 0.0565391 
v -0.0045493 -0.0105 0.0563306 
v -0.00459327 -0.0105 0.0561153 
v -0.00637444 -0.00809417 0.0578907 
v -0.00640037 -0.00807472 0.0578335 
v -0.00642332 -0.00805751 0.0577741 
v -0.00644328 -0.00804254 0.0577124 
v -0.00462476 -0.0105 0.0558939 
v -0.00649645 -0.00800266 0.0573993 
v -0.0065 -0.008 0.0572846 
v -0.00646808 -0.00802394 0.0576133 
v -0.00648581 -0.00801064 0.0575089 
v -0.00465 -0.0105 0.0554346 
v -0.00464369 -0.0105 0.0556668 
v -0.0065 -0.008 0.0517154 
v -0.00465 -0.0105 0.0535654 
v -0.0085 -0.0065 0.0489 
v -0.00649645 -0.00800266 0.0516007 
v -0.00648581 -0.00801064 0.0514911 
v -0.00640037 -0.00807472 0.0511665 
v -0.00642332 -0.00805751 0.0512259 
v -0.00637444 -0.00809417 0.0511093 
v -0.00634552 -0.00811586 0.0510545 
v -0.00646808 -0.00802394 0.0513867 
v -0.00644328 -0.00804254 0.0512876 
v -0.0061526 -0.00823687 0.0507381 
v -0.00627597 -0.00815949 0.0509404 
v -0.0084921 -0.0065 0.0486558 
v -0.00846842 -0.0065 0.0484222 
v -0.00593581 -0.00832864 0.0504276 
v -0.00606689 -0.00827315 0.0506153 
v -0.00842902 -0.0065 0.0481999 
v -0.008374 -0.0065 0.0479894 
v -0.0056972 -0.00839031 0.050126 
v -0.00583315 -0.00835517 0.0502979 
v -0.00830347 -0.0065 0.0477912 
v -0.00821761 -0.0065 0.0476056 
v -0.00557712 -0.00840472 0.0499913 
v -0.00543903 -0.00842129 0.0498363 
v -0.00811662 -0.0065 0.0474333 
v -0.00800075 -0.0065 0.0472745 
v -0.00530139 -0.00842129 0.0496986 
v -0.00787026 -0.0065 0.0471297 
v -0.00772546 -0.0065 0.0469993 
v -0.00516374 -0.00842129 0.049561 
v -0.0075667 -0.0065 0.0468834 
v -0.00500874 -0.00840472 0.0494229 
v -0.00739436 -0.0065 0.0467824 
v -0.00487395 -0.00839031 0.0493028 
v -0.00720884 -0.0065 0.0466965 
v -0.00701058 -0.0065 0.046626 
v -0.0045724 -0.00832864 0.0490642 
v -0.00470214 -0.00835517 0.0491669 
v -0.00680006 -0.0065 0.046571 
v -0.00657776 -0.0065 0.0465316 
v -0.00426194 -0.00823687 0.0488474 
v -0.00438469 -0.00827315 0.0489331 
v -0.00634423 -0.0065 0.0465079 
v -0.0061 -0.0065 0.0465 
v -0.00394552 -0.00811586 0.0486545 
v -0.0040596 -0.00815949 0.048724 
v -0.00462476 -0.0105 0.0531061 
v -0.00464369 -0.0105 0.0533332 
v -0.0045493 -0.0105 0.0526694 
v -0.00459327 -0.0105 0.0528847 
v -0.00442438 -0.0105 0.0522597 
v -0.00449296 -0.0105 0.0524609 
v -0.00425128 -0.0105 0.051881 
v -0.00434375 -0.0105 0.0520662 
v -0.00403174 -0.0105 0.0515373 
v -0.00414718 -0.0105 0.0517045 
v -0.00376799 -0.0105 0.051232 
v -0.00390523 -0.0105 0.0513796 
v -0.00362036 -0.0105 0.0510948 
v -0.00346271 -0.0105 0.0509683 
v -0.00329545 -0.0105 0.0508528 
v -0.003119 -0.0105 0.0507487 
v -0.00293381 -0.0105 0.0506562 
v -0.00274034 -0.0105 0.0505756 
v -0.0025391 -0.0105 0.050507 
v -0.00233058 -0.0105 0.0504507 
v -0.00211532 -0.0105 0.0504067 
v -0.00389069 -0.00809417 0.0486256 
v -0.00383354 -0.00807472 0.0485996 
v -0.0037741 -0.00805751 0.0485767 
v -0.00371239 -0.00804254 0.0485567 
v -0.00189387 -0.0105 0.0503752 
v -0.00339933 -0.00800266 0.0485035 
v -0.00328463 -0.008 0.0485 
v -0.00361328 -0.00802394 0.0485319 
v -0.0035089 -0.00801064 0.0485142 
v -0.00143463 -0.0105 0.05035 
v -0.00166678 -0.0105 0.0503563 
v 0.00328463 -0.008 0.0485 
v 0.00143463 -0.0105 0.05035 
v 0.00465 -0.0105 0.0535654 
v 0.0065 -0.008 0.0517154 
v 0.00462476 -0.0105 0.0531061 
v 0.00649645 -0.00800266 0.0516007 
v 0.00644328 -0.00804254 0.0512876 
v 0.00646808 -0.00802394 0.0513867 
v 0.00648581 -0.00801064 0.0514911 
v 0.00464369 -0.0105 0.0533332 
v 0.00189387 -0.0105 0.0503752 
v 0.0035089 -0.00801064 0.0485142 
v 0.00361328 -0.00802394 0.0485319 
v 0.00339933 -0.00800266 0.0485035 
v 0.00166678 -0.0105 0.0503563 
v 0.00371239 -0.00804254 0.0485567 
v 0.00394552 -0.00811586 0.0486545 
v 0.0040596 -0.00815949 0.048724 
v 0.00233058 -0.0105 0.0504507 
v 0.00211532 -0.0105 0.0504067 
v 0.00383354 -0.00807472 0.0485996 
v 0.00389069 -0.00809417 0.0486256 
v 0.0037741 -0.00805751 0.0485767 
v 0.00426194 -0.00823687 0.0488474 
v 0.00438469 -0.00827315 0.0489331 
v 0.00274034 -0.0105 0.0505756 
v 0.0025391 -0.0105 0.050507 
v 0.0045724 -0.00832864 0.0490642 
v 0.00470214 -0.00835517 0.0491669 
v 0.003119 -0.0105 0.0507487 
v 0.00293381 -0.0105 0.0506562 
v 0.00487395 -0.00839031 0.0493028 
v 0.00500874 -0.00840472 0.0494229 
v 0.00346271 -0.0105 0.0509683 
v 0.00329545 -0.0105 0.0508528 
v 0.00516374 -0.00842129 0.049561 
v 0.00530139 -0.00842129 0.0496986 
v 0.00376799 -0.0105 0.051232 
v 0.00362036 -0.0105 0.0510948 
v 0.00543903 -0.00842129 0.0498363 
v 0.00390523 -0.0105 0.0513796 
v 0.00557712 -0.00840472 0.0499913 
v 0.00403174 -0.0105 0.0515373 
v 0.0056972 -0.00839031 0.050126 
v 0.00414718 -0.0105 0.0517045 
v 0.00583315 -0.00835517 0.0502979 
v 0.00425128 -0.0105 0.051881 
v 0.00593581 -0.00832864 0.0504276 
v 0.00434375 -0.0105 0.0520662 
v 0.00606689 -0.00827315 0.0506153 
v 0.00442438 -0.0105 0.0522597 
v 0.0061526 -0.00823687 0.0507381 
v 0.00449296 -0.0105 0.0524609 
v 0.00627597 -0.00815949 0.0509404 
v 0.0045493 -0.0105 0.0526694 
v 0.00459327 -0.0105 0.0528847 
v 0.00634552 -0.00811586 0.0510545 
v 0.00637444 -0.00809417 0.0511093 
v 0.00640037 -0.00807472 0.0511665 
v 0.00642332 -0.00805751 0.0512259 
v 0.0085 -0.0065 0.0489 
v 0.0061 -0.0065 0.0465 
v 0.00634423 -0.0065 0.0465079 
v 0.00657776 -0.0065 0.0465316 
v 0.00680006 -0.0065 0.046571 
v 0.00701058 -0.0065 0.046626 
v 0.00720884 -0.0065 0.0466965 
v 0.00739436 -0.0065 0.0467824 
v 0.0075667 -0.0065 0.0468834 
v 0.00772546 -0.0065 0.0469993 
v 0.00787026 -0.0065 0.0471297 
v 0.00800075 -0.0065 0.0472745 
v 0.00811662 -0.0065 0.0474333 
v 0.00821761 -0.0065 0.0476056 
v 0.00830347 -0.0065 0.0477912 
v 0.008374 -0.0065 0.0479894 
v 0.00842902 -0.0065 0.0481999 
v 0.00846842 -0.0065 0.0484222 
v 0.0084921 -0.0065 0.0486558 
v -0.0315 -0.0065 3.86746e-18 
v -0.0313153 -0.0065 0.00340575 
v -0.0313153 -0.0065 -0.00340575 
v -0.0298511 -0.0065 -0.010058 
v -0.0307635 -0.0065 -0.00677157 
v -0.0285886 -0.0065 -0.0132265 
v -0.0250769 -0.0065 0.019063 
v -0.0228689 -0.0065 0.0216625 
v -0.026991 -0.0065 0.0162399 
v -0.0298511 -0.0065 0.010058 
v -0.0285886 -0.0065 0.0132265 
v -0.0307635 -0.0065 0.00677157 
v -0.026991 -0.0065 -0.0162399 
v 0.0203927 -0.0065 -0.0240081 
v 0.0228689 -0.0065 -0.0216625 
v -0.0250769 -0.0065 -0.019063 
v -0.0228689 -0.0065 -0.0216625 
v 0.0250769 -0.0065 -0.019063 
v 0.026991 -0.0065 -0.0162399 
v 0.0285886 -0.0065 -0.0132265 
v -0.0147549 -0.0065 -0.0278306 
v -0.0176774 -0.0065 -0.0260722 
v -0.0116594 -0.0065 -0.0292628 
v 0.00509613 -0.0065 -0.031085 
v 0.00842714 -0.0065 -0.0303518 
v 0.0298511 -0.0065 -0.010058 
v 0.0307635 -0.0065 -0.00677157 
v 0.0313153 -0.0065 -0.00340575 
v 0.0315 -0.0065 1.15827e-17 
v 0.0313153 -0.0065 0.00340575 
v 0.0307635 -0.0065 0.00677157 
v 0.0250769 -0.0065 0.019063 
v 0.0228689 -0.0065 0.0216625 
v -0.0116594 -0.0065 0.0292628 
v -0.0203927 -0.0065 -0.0240081 
v -0.00842714 -0.0065 -0.0303518 
v 0.0116594 -0.0065 -0.0292628 
v 0.0147549 -0.0065 -0.0278306 
v 0.0176774 -0.0065 -0.0260722 
v 0.026991 -0.0065 0.0162399 
v 0.0203927 -0.0065 0.0240081 
v 0.0176774 -0.0065 0.0260722 
v -0.0147549 -0.0065 0.0278306 
v -0.0203927 -0.0065 0.0240081 
v -0.0176774 -0.0065 0.0260722 
v -0.00509613 -0.0065 -0.031085 
v 0.0298511 -0.0065 0.010058 
v 0.0285886 -0.0065 0.0132265 
v -0.00170538 -0.0065 -0.0314538 
v 0.0147549 -0.0065 0.0278306 
v 0.0116594 -0.0065 0.0292628 
v 0.00170538 -0.0065 0.0314538 
v 0.00509613 -0.0065 0.031085 
v 0.00170538 -0.0065 -0.0314538 
v 0.00842714 -0.0065 0.0303518 
v -0.00170538 -0.0065 0.0314538 
v -0.00842714 -0.0065 0.0303518 
v -0.00509613 -0.0065 0.031085 
v -0.0313153 -2.12605e-18 -0.00340575 
v -0.0315 -1.92882e-18 3.46945e-18 
v -0.0307635 -2.29836e-18 -0.00677157 
v -0.0298511 -2.44373e-18 -0.010058 
v -0.0285886 -2.56044e-18 -0.0132265 
v -0.026991 -2.64713e-18 -0.0162399 
v -0.0250769 -2.70279e-18 -0.019063 
v -0.0263388 -2.6661e-18 -0.0172018 
v -0.0231438 -2.72378e-18 -0.0213388 
v -0.0228689 -2.72676e-18 -0.0216625 
v -0.0203927 -2.71876e-18 -0.0240081 
v -0.0176774 -2.67889e-18 -0.0260722 
v -0.0147549 -2.60761e-18 -0.0278306 
v -0.0116594 -2.50576e-18 -0.0292628 
v -0.00947132 -2.41692e-18 -0.03 
v -0.00842714 -2.37453e-18 -0.0303518 
v -0.00883883 -2.39124e-18 -0.0302131 
v -0.00509613 -2.21546e-18 -0.031085 
v -0.00170538 -2.03041e-18 -0.0314538 
v 0.00170538 -1.82157e-18 -0.0314538 
v 0.00509613 -1.59136e-18 -0.031085 
v 0.00842714 -1.3425e-18 -0.0303518 
v 0.00947132 -1.25702e-18 -0.03 
v 0.00883883 -1.3088e-18 -0.0302131 
v 0.0116594 -1.0779e-18 -0.0292628 
v 0.0147549 -8.0066e-19 -0.0278306 
v 0.0176774 -5.14034e-19 -0.0260722 
v 0.0203927 -2.21382e-19 -0.0240081 
v 0.0228689 7.38661e-20 -0.0216625 
v 0.0250769 3.68248e-19 -0.019063 
v 0.0231438 1.10523e-19 -0.0213388 
v 0.026991 6.58312e-19 -0.0162399 
v 0.0285886 9.40658e-19 -0.0132265 
v 0.0298511 1.21198e-18 -0.010058 
v 0.0307635 1.46908e-18 -0.00677157 
v 0.0313153 1.70897e-18 -0.00340575 
v 0.0315 1.92882e-18 1.89e-17 
v 0.0313153 2.12605e-18 0.00340575 
v 0.0307635 2.29836e-18 0.00677157 
v 0.0298511 2.44373e-18 0.010058 
v 0.0285886 2.56044e-18 0.0132265 
v 0.026991 2.64713e-18 0.0162399 
v 0.0250769 2.70279e-18 0.019063 
v 0.0231438 2.72378e-18 0.0213388 
v 0.0228689 2.72676e-18 0.0216625 
v 0.0203927 2.71876e-18 0.0240081 
v 0.0176774 2.67889e-18 0.0260722 
v 0.0147549 2.60761e-18 0.0278306 
v 0.0116594 2.50576e-18 0.0292628 
v 0.00883883 2.39124e-18 0.0302131 
v 0.00842714 2.37453e-18 0.0303518 
v 0.00509613 2.21546e-18 0.031085 
v 0.00170538 2.03041e-18 0.0314538 
v -0.00170538 1.82157e-18 0.0314538 
v -0.00509613 1.59136e-18 0.031085 
v -0.00842714 1.3425e-18 0.0303518 
v -0.0116594 1.0779e-18 0.0292628 
v -0.00883883 1.3088e-18 0.0302131 
v -0.0147549 8.0066e-19 0.0278306 
v -0.0176774 5.14034e-19 0.0260722 
v -0.0203927 2.21382e-19 0.0240081 
v -0.0228689 -7.38661e-20 0.0216625 
v -0.0250769 -3.68248e-19 0.019063 
v -0.0231438 -1.10523e-19 0.0213388 
v -0.0263388 -5.59481e-19 0.0172018 
v -0.026991 -6.58312e-19 0.0162399 
v -0.0285886 -9.40658e-19 0.0132265 
v -0.0298511 -1.21198e-18 0.010058 
v -0.0307635 -1.46908e-18 0.00677157 
v -0.0313153 -1.70897e-18 0.00340575 
v -0.0023094 -0.0105 0.0505 
v 0.0023094 -0.0105 0.0585 
v -0.0023094 -0.0105 0.0585 
v 0.0023094 -0.0105 0.0505 
v -0.0046188 -0.0105 0.0545 
v 0.0046188 -0.0105 0.0545 
v 0.0046188 -0.0055 0.0545 
v -0.0046188 -0.0055 0.0545 
v -0.0023094 -0.0055 0.0505 
v 0.0023094 -0.0055 0.0585 
v -0.0023094 -0.0055 0.0585 
v 0.0023094 -0.0055 0.0505 
v 0.00347948 0.006 -0.0253784 
v -0.0035 0.006 -0.025 
v -0.00347948 0.006 -0.0253784 
v 0.00341817 0.006 -0.0242476 
v 0.00331679 0.006 -0.0238824 
v 0.0035 0.006 -0.025 
v 0.00347948 0.006 -0.0246216 
v 0.00341817 0.006 -0.0257524 
v 0.00331679 0.006 -0.0261176 
v 0.00278633 0.006 -0.0271181 
v 0.002999 0.006 -0.0268044 
v -0.00341817 0.006 -0.0257524 
v -0.00341817 0.006 -0.0242476 
v -0.00347948 0.006 -0.0246216 
v 0.00317651 0.006 -0.0264696 
v 0.00226585 0.006 -0.0276676 
v 0.00254098 0.006 -0.0274069 
v -0.00317651 0.006 -0.0264696 
v -0.002999 0.006 -0.0268044 
v -0.00317651 0.006 -0.0235304 
v -0.00331679 0.006 -0.0238824 
v 0.00196415 0.006 -0.0278969 
v -0.00331679 0.006 -0.0261176 
v -0.00278633 0.006 -0.0228819 
v -0.002999 0.006 -0.0231956 
v -0.00254098 0.006 -0.0225931 
v -0.00163943 0.006 -0.0219077 
v -0.00196415 0.006 -0.0221031 
v 0.002999 0.006 -0.0231956 
v 0.00278633 0.006 -0.0228819 
v 0.00317651 0.006 -0.0235304 
v 0.00129548 0.006 -0.0282514 
v 0.00163943 0.006 -0.0280923 
v -0.000189486 0.006 -0.0284949 
v -0.000936349 0.006 -0.0283724 
v -0.000566237 0.006 -0.0284539 
v -0.00163943 0.006 -0.0280923 
v -0.00129548 0.006 -0.0282514 
v -0.00226585 0.006 -0.0223324 
v 0.000936349 0.006 -0.0283724 
v 0.000189486 0.006 -0.0284949 
v 0.000566237 0.006 -0.0284539 
v -0.00196415 0.006 -0.0278969 
v -0.00278633 0.006 -0.0271181 
v -0.00254098 0.006 -0.0274069 
v 0.00129548 0.006 -0.0217486 
v 0.000936349 0.006 -0.0216276 
v -0.00226585 0.006 -0.0276676 
v -0.000566237 0.006 -0.0215461 
v -0.000936349 0.006 -0.0216276 
v 0.000189486 0.006 -0.0215051 
v 0.000566237 0.006 -0.0215461 
v 0.00226585 0.006 -0.0223324 
v 0.00196415 0.006 -0.0221031 
v -0.00129548 0.006 -0.0217486 
v -0.000189486 0.006 -0.0215051 
v 0.00163943 0.006 -0.0219077 
v 0.00254098 0.006 -0.0225931 
v 0.0143609 0.006 -0.0165601 
v 0.0142595 0.006 -0.0169253 
v 0.0148913 0.006 -0.0155596 
v 0.0146787 0.006 -0.0158732 
v 0.020464 0.006 -0.0155596 
v 0.0206767 0.006 -0.0158732 
v 0.0209945 0.006 -0.0165601 
v 0.0145012 0.006 -0.0162081 
v 0.0151367 0.006 -0.0152707 
v 0.0182439 0.006 -0.0142238 
v 0.0178672 0.006 -0.0141828 
v 0.0189732 0.006 -0.0144263 
v 0.018614 0.006 -0.0143052 
v 0.0199435 0.006 -0.0150101 
v 0.0196418 0.006 -0.0147808 
v 0.0202187 0.006 -0.0152707 
v 0.0208542 0.006 -0.0162081 
v 0.0211572 0.006 -0.0172993 
v 0.0210958 0.006 -0.0169253 
v 0.0211777 0.006 -0.0176777 
v 0.0141982 0.006 -0.0172993 
v 0.0141777 0.006 -0.0176777 
v 0.0211572 0.006 -0.0180561 
v 0.0145012 0.006 -0.0191473 
v 0.0146787 0.006 -0.0194821 
v 0.0141982 0.006 -0.0180561 
v 0.0142595 0.006 -0.0184301 
v 0.0171114 0.006 -0.0142238 
v 0.0167413 0.006 -0.0143052 
v 0.0174882 0.006 -0.0141828 
v 0.0193171 0.006 -0.0145854 
v 0.0209945 0.006 -0.0187952 
v 0.0210958 0.006 -0.0184301 
v 0.0208542 0.006 -0.0191473 
v 0.0199435 0.006 -0.0203452 
v 0.0202187 0.006 -0.0200846 
v 0.0189732 0.006 -0.0209291 
v 0.0193171 0.006 -0.02077 
v 0.0174882 0.006 -0.0211725 
v 0.0167413 0.006 -0.0210501 
v 0.0171114 0.006 -0.0211316 
v 0.0143609 0.006 -0.0187952 
v 0.0157135 0.006 -0.0147808 
v 0.0154118 0.006 -0.0150101 
v 0.0206767 0.006 -0.0194821 
v 0.020464 0.006 -0.0197958 
v 0.018614 0.006 -0.0210501 
v 0.0178672 0.006 -0.0211725 
v 0.0182439 0.006 -0.0211316 
v 0.0148913 0.006 -0.0197958 
v 0.0151367 0.006 -0.0200846 
v 0.0160382 0.006 -0.0145854 
v 0.0163822 0.006 -0.0144263 
v 0.0196418 0.006 -0.0205746 
v 0.0160382 0.006 -0.02077 
v 0.0163822 0.006 -0.0209291 
v 0.0154118 0.006 -0.0203452 
v 0.0157135 0.006 -0.0205746 
v -0.0142595 0.006 -0.0169253 
v -0.0143609 0.006 -0.0165601 
v -0.0145012 0.006 -0.0162081 
v -0.0146787 0.006 -0.0158732 
v -0.0141982 0.006 -0.0172993 
v -0.0148913 0.006 -0.0197958 
v -0.0146787 0.006 -0.0194821 
v -0.0211777 0.006 -0.0176777 
v -0.0211572 0.006 -0.0180561 
v -0.0209945 0.006 -0.0165601 
v -0.0210958 0.006 -0.0169253 
v -0.0148913 0.006 -0.0155596 
v -0.0145012 0.006 -0.0191473 
v -0.0209945 0.006 -0.0187952 
v -0.0208542 0.006 -0.0191473 
v -0.0211572 0.006 -0.0172993 
v -0.0208542 0.006 -0.0162081 
v -0.0141982 0.006 -0.0180561 
v -0.0141777 0.006 -0.0176777 
v -0.0151367 0.006 -0.0200846 
v -0.0157135 0.006 -0.0205746 
v -0.0154118 0.006 -0.0203452 
v -0.0163822 0.006 -0.0209291 
v -0.0160382 0.006 -0.02077 
v -0.0210958 0.006 -0.0184301 
v -0.0206767 0.006 -0.0158732 
v -0.0143609 0.006 -0.0187952 
v -0.0142595 0.006 -0.0184301 
v -0.0167413 0.006 -0.0210501 
v -0.0206767 0.006 -0.0194821 
v -0.020464 0.006 -0.0155596 
v -0.0174882 0.006 -0.0141828 
v -0.0154118 0.006 -0.0150101 
v -0.0157135 0.006 -0.0147808 
v -0.0178672 0.006 -0.0211725 
v -0.0174882 0.006 -0.0211725 
v -0.018614 0.006 -0.0210501 
v -0.0182439 0.006 -0.0211316 
v -0.0202187 0.006 -0.0152707 
v -0.0182439 0.006 -0.0142238 
v -0.018614 0.006 -0.0143052 
v -0.0178672 0.006 -0.0141828 
v -0.0163822 0.006 -0.0144263 
v -0.0167413 0.006 -0.0143052 
v -0.0151367 0.006 -0.0152707 
v -0.0171114 0.006 -0.0211316 
v -0.0193171 0.006 -0.02077 
v -0.0189732 0.006 -0.0209291 
v -0.0199435 0.006 -0.0203452 
v -0.0196418 0.006 -0.0205746 
v -0.020464 0.006 -0.0197958 
v -0.0202187 0.006 -0.0200846 
v -0.0196418 0.006 -0.0147808 
v -0.0199435 0.006 -0.0150101 
v -0.0171114 0.006 -0.0142238 
v -0.0193171 0.006 -0.0145854 
v -0.0189732 0.006 -0.0144263 
v -0.0160382 0.006 -0.0145854 
v -0.0145012 0.006 0.0191473 
v -0.0146787 0.006 0.0194821 
v -0.0148913 0.006 0.0197958 
v -0.0148913 0.006 0.0155596 
v -0.0146787 0.006 0.0158732 
v -0.0154118 0.006 0.0203452 
v -0.0157135 0.006 0.0205746 
v -0.0143609 0.006 0.0187952 
v -0.0145012 0.006 0.0162081 
v -0.0154118 0.006 0.0150101 
v -0.0151367 0.006 0.0152707 
v -0.0171114 0.006 0.0142238 
v -0.0167413 0.006 0.0143052 
v -0.0178672 0.006 0.0141828 
v -0.0174882 0.006 0.0141828 
v -0.0160382 0.006 0.02077 
v -0.0151367 0.006 0.0200846 
v -0.0160382 0.006 0.0145854 
v -0.0157135 0.006 0.0147808 
v -0.0182439 0.006 0.0142238 
v -0.0163822 0.006 0.0209291 
v -0.0167413 0.006 0.0210501 
v -0.0141982 0.006 0.0180561 
v -0.0142595 0.006 0.0184301 
v -0.0143609 0.006 0.0165601 
v -0.0189732 0.006 0.0144263 
v -0.018614 0.006 0.0143052 
v -0.0199435 0.006 0.0150101 
v -0.0196418 0.006 0.0147808 
v -0.0196418 0.006 0.0205746 
v -0.0199435 0.006 0.0203452 
v -0.0174882 0.006 0.0211725 
v -0.0171114 0.006 0.0211316 
v -0.0142595 0.006 0.0169253 
v -0.0163822 0.006 0.0144263 
v -0.0193171 0.006 0.0145854 
v -0.0208542 0.006 0.0162081 
v -0.0206767 0.006 0.0158732 
v -0.0211777 0.006 0.0176777 
v -0.0202187 0.006 0.0200846 
v -0.0189732 0.006 0.0209291 
v -0.0193171 0.006 0.02077 
v -0.0182439 0.006 0.0211316 
v -0.018614 0.006 0.0210501 
v -0.0178672 0.006 0.0211725 
v -0.0141982 0.006 0.0172993 
v -0.0141777 0.006 0.0176777 
v -0.0209945 0.006 0.0165601 
v -0.0211572 0.006 0.0172993 
v -0.0210958 0.006 0.0169253 
v -0.0211572 0.006 0.0180561 
v -0.0209945 0.006 0.0187952 
v -0.0210958 0.006 0.0184301 
v -0.0208542 0.006 0.0191473 
v -0.020464 0.006 0.0155596 
v -0.0202187 0.006 0.0152707 
v -0.020464 0.006 0.0197958 
v -0.0206767 0.006 0.0194821 
v -0.0035 0.006 0.025 
v -0.00347948 0.006 0.0246216 
v -0.00347948 0.006 0.0253784 
v 0.0035 0.006 0.025 
v 0.00347948 0.006 0.0253784 
v -0.00341817 0.006 0.0242476 
v -0.00341817 0.006 0.0257524 
v 0.00341817 0.006 0.0257524 
v 0.00331679 0.006 0.0261176 
v 0.00341817 0.006 0.0242476 
v 0.00347948 0.006 0.0246216 
v -0.000189486 0.006 0.0215051 
v -0.00129548 0.006 0.0217486 
v -0.000936349 0.006 0.0216276 
v -0.00317651 0.006 0.0235304 
v -0.002999 0.006 0.0231956 
v -0.00317651 0.006 0.0264696 
v -0.00331679 0.006 0.0261176 
v -0.002999 0.006 0.0268044 
v 0.00331679 0.006 0.0238824 
v 0.00278633 0.006 0.0228819 
v 0.002999 0.006 0.0231956 
v -0.000566237 0.006 0.0215461 
v -0.00163943 0.006 0.0219077 
v -0.00331679 0.006 0.0238824 
v -0.00278633 0.006 0.0271181 
v 0.00317651 0.006 0.0235304 
v 0.00226585 0.006 0.0223324 
v 0.00254098 0.006 0.0225931 
v 0.000566237 0.006 0.0215461 
v 0.000936349 0.006 0.0216276 
v 0.000189486 0.006 0.0215051 
v -0.00196415 0.006 0.0221031 
v -0.00254098 0.006 0.0274069 
v -0.00163943 0.006 0.0280923 
v -0.00196415 0.006 0.0278969 
v 0.00196415 0.006 0.0221031 
v -0.00226585 0.006 0.0223324 
v -0.00226585 0.006 0.0276676 
v 0.00278633 0.006 0.0271181 
v 0.00254098 0.006 0.0274069 
v 0.002999 0.006 0.0268044 
v 0.00129548 0.006 0.0217486 
v 0.00163943 0.006 0.0219077 
v -0.00278633 0.006 0.0228819 
v -0.00254098 0.006 0.0225931 
v 0.00129548 0.006 0.0282514 
v 0.000936349 0.006 0.0283724 
v 0.00317651 0.006 0.0264696 
v -0.00129548 0.006 0.0282514 
v -0.000566237 0.006 0.0284539 
v -0.000936349 0.006 0.0283724 
v 0.000189486 0.006 0.0284949 
v -0.000189486 0.006 0.0284949 
v 0.000566237 0.006 0.0284539 
v 0.00163943 0.006 0.0280923 
v 0.00226585 0.006 0.0276676 
v 0.00196415 0.006 0.0278969 
v 0.0189732 0.006 0.0209291 
v 0.018614 0.006 0.0210501 
v 0.0199435 0.006 0.0203452 
v 0.0196418 0.006 0.0205746 
v 0.0209945 0.006 0.0187952 
v 0.0208542 0.006 0.0191473 
v 0.0211572 0.006 0.0180561 
v 0.0210958 0.006 0.0184301 
v 0.0211777 0.006 0.0176777 
v 0.0148913 0.006 0.0197958 
v 0.0146787 0.006 0.0194821 
v 0.0157135 0.006 0.0205746 
v 0.0154118 0.006 0.0203452 
v 0.0182439 0.006 0.0211316 
v 0.0193171 0.006 0.02077 
v 0.020464 0.006 0.0197958 
v 0.0202187 0.006 0.0200846 
v 0.0206767 0.006 0.0194821 
v 0.0211572 0.006 0.0172993 
v 0.0209945 0.006 0.0165601 
v 0.0210958 0.006 0.0169253 
v 0.0202187 0.006 0.0152707 
v 0.020464 0.006 0.0155596 
v 0.0199435 0.006 0.0150101 
v 0.0145012 0.006 0.0191473 
v 0.0151367 0.006 0.0200846 
v 0.0206767 0.006 0.0158732 
v 0.0208542 0.006 0.0162081 
v 0.0189732 0.006 0.0144263 
v 0.0193171 0.006 0.0145854 
v 0.0178672 0.006 0.0141828 
v 0.0167413 0.006 0.0143052 
v 0.0171114 0.006 0.0142238 
v 0.0145012 0.006 0.0162081 
v 0.0146787 0.006 0.0158732 
v 0.0142595 0.006 0.0169253 
v 0.0143609 0.006 0.0165601 
v 0.0163822 0.006 0.0209291 
v 0.0160382 0.006 0.02077 
v 0.0178672 0.006 0.0211725 
v 0.0174882 0.006 0.0211725 
v 0.0196418 0.006 0.0147808 
v 0.018614 0.006 0.0143052 
v 0.0182439 0.006 0.0142238 
v 0.0174882 0.006 0.0141828 
v 0.0141982 0.006 0.0172993 
v 0.0143609 0.006 0.0187952 
v 0.0142595 0.006 0.0184301 
v 0.0171114 0.006 0.0211316 
v 0.0167413 0.006 0.0210501 
v 0.0141982 0.006 0.0180561 
v 0.0141777 0.006 0.0176777 
v 0.0154118 0.006 0.0150101 
v 0.0157135 0.006 0.0147808 
v 0.0148913 0.006 0.0155596 
v 0.0151367 0.006 0.0152707 
v 0.0160382 0.006 0.0145854 
v 0.0163822 0.006 0.0144263 
v -0.00883883 0.006 0.0213388 
v 0.00883883 0.006 0.0213388 
v 0.00883883 0.006 -1.73472e-18 
v -0.00883883 0.006 -1.73472e-18 
v 0.00883883 0.006 -0.0213388 
v 0.00883883 0.006 -0.03 
v -0.00883883 0.006 -0.0213388 
v -0.00883883 0.006 -0.03 
v -0.0263388 0.006 -1.73472e-18 
v -0.00341817 -1.69404e-18 -0.0242476 
v -0.00331679 -1.66547e-18 -0.0238824 
v -0.0035 -1.74512e-18 -0.025 
v -0.00347948 -1.72069e-18 -0.0246216 
v -0.00347948 -1.76704e-18 -0.0253784 
v -0.000189486 -1.32841e-18 -0.0215051 
v -0.00341817 -1.78618e-18 -0.0257524 
v 0.00347948 -1.34092e-18 -0.0253784 
v 0.00341817 -1.36758e-18 -0.0257524 
v 0.0035 -1.3165e-18 -0.025 
v 0.000189486 -1.30521e-18 -0.0215051 
v -0.00278633 -1.83112e-18 -0.0271181 
v -0.002999 -1.82493e-18 -0.0268044 
v 0.00278633 -1.48989e-18 -0.0271181 
v 0.00254098 -1.5226e-18 -0.0274069 
v 0.00317651 -1.42629e-18 -0.0264696 
v 0.002999 -1.45766e-18 -0.0268044 
v 0.00341817 -1.27543e-18 -0.0242476 
v 0.00347948 -1.29458e-18 -0.0246216 
v 0.000566237 -1.28465e-18 -0.0215461 
v 0.000936349 -1.26697e-18 -0.0216276 
v -0.000566237 -1.35399e-18 -0.0215461 
v -0.00317651 -1.63533e-18 -0.0235304 
v -0.002999 -1.60395e-18 -0.0231956 
v -0.00331679 -1.80233e-18 -0.0261176 
v -0.00317651 -1.8153e-18 -0.0264696 
v 0.00226585 -1.55541e-18 -0.0276676 
v 0.00331679 -1.39614e-18 -0.0261176 
v 0.00317651 -1.24632e-18 -0.0235304 
v 0.00331679 -1.25928e-18 -0.0238824 
v -0.00129548 -1.41104e-18 -0.0217486 
v -0.000936349 -1.38164e-18 -0.0216276 
v -0.00226585 -1.50621e-18 -0.0223324 
v -0.00196415 -1.47369e-18 -0.0221031 
v -0.00278633 -1.57172e-18 -0.0228819 
v -0.00254098 -1.53902e-18 -0.0225931 
v -0.000936349 -1.79464e-18 -0.0283724 
v -0.00129548 -1.80923e-18 -0.0282514 
v 0.00163943 -1.24107e-18 -0.0219077 
v 0.00196415 -1.23315e-18 -0.0221031 
v -0.00163943 -1.44185e-18 -0.0219077 
v -0.00226585 -1.83289e-18 -0.0276676 
v -0.00254098 -1.83378e-18 -0.0274069 
v -0.00163943 -1.82054e-18 -0.0280923 
v 0.00196415 -1.58792e-18 -0.0278969 
v 0.00163943 -1.61977e-18 -0.0280923 
v 0.002999 -1.23668e-18 -0.0231956 
v 0.00254098 -1.22784e-18 -0.0225931 
v 0.00278633 -1.2305e-18 -0.0228819 
v 0.00226585 -1.22872e-18 -0.0223324 
v 0.00129548 -1.25239e-18 -0.0217486 
v -0.00196415 -1.82846e-18 -0.0278969 
v 0.00129548 -1.65057e-18 -0.0282514 
v -0.000189486 -1.75641e-18 -0.0284949 
v -0.000566237 -1.77697e-18 -0.0284539 
v 0.000189486 -1.7332e-18 -0.0284949 
v 0.000936349 -1.67998e-18 -0.0283724 
v 0.000566237 -1.70763e-18 -0.0284539 
v 0.0174882 2.36729e-18 0.0211725 
v 0.0178672 2.39049e-18 0.0211725 
v 0.0151367 2.15668e-18 0.0200846 
v 0.0154118 2.18949e-18 0.0203452 
v 0.0145012 2.06037e-18 0.0191473 
v 0.0146787 2.09174e-18 0.0194821 
v 0.0182439 2.41105e-18 0.0211316 
v 0.018614 2.42873e-18 0.0210501 
v 0.0171114 2.34171e-18 0.0211316 
v 0.0148913 2.12397e-18 0.0197958 
v 0.0143609 2.03023e-18 0.0187952 
v 0.0193171 2.45462e-18 0.02077 
v 0.0196418 2.46254e-18 0.0205746 
v 0.0163822 2.28466e-18 0.0209291 
v 0.0167413 2.31406e-18 0.0210501 
v 0.0157135 2.22201e-18 0.0205746 
v 0.0160382 2.25385e-18 0.02077 
v 0.0189732 2.44331e-18 0.0209291 
v 0.0141982 1.975e-18 0.0180561 
v 0.0142595 2.00166e-18 0.0184301 
v 0.0143609 1.89337e-18 0.0165601 
v 0.0148913 1.86458e-18 0.0155596 
v 0.0146787 1.87076e-18 0.0158732 
v 0.0209945 2.29955e-18 0.0165601 
v 0.0211777 2.3792e-18 0.0176777 
v 0.0141982 1.92866e-18 0.0172993 
v 0.0141777 1.95058e-18 0.0176777 
v 0.0142595 1.90952e-18 0.0169253 
v 0.0145012 1.8804e-18 0.0162081 
v 0.0211572 2.35478e-18 0.0172993 
v 0.0210958 2.32812e-18 0.0169253 
v 0.0211572 2.40112e-18 0.0180561 
v 0.0209945 2.43642e-18 0.0187952 
v 0.0210958 2.42026e-18 0.0184301 
v 0.0208542 2.44938e-18 0.0191473 
v 0.020464 2.4652e-18 0.0197958 
v 0.0206767 2.45902e-18 0.0194821 
v 0.0199435 2.46697e-18 0.0203452 
v 0.0202187 2.46786e-18 0.0200846 
v 0.0199435 2.14029e-18 0.0150101 
v 0.0202187 2.1731e-18 0.0152707 
v 0.0206767 2.23804e-18 0.0158732 
v 0.0196418 2.10778e-18 0.0147808 
v 0.0193171 2.07593e-18 0.0145854 
v 0.020464 2.20581e-18 0.0155596 
v 0.0208542 2.26941e-18 0.0162081 
v 0.0182439 1.98807e-18 0.0142238 
v 0.0178672 1.96249e-18 0.0141828 
v 0.0189732 2.04512e-18 0.0144263 
v 0.0154118 1.86281e-18 0.0150101 
v 0.0151367 1.86192e-18 0.0152707 
v 0.0160382 1.87516e-18 0.0145854 
v 0.0157135 1.86724e-18 0.0147808 
v 0.018614 2.01572e-18 0.0143052 
v 0.0174882 1.93929e-18 0.0141828 
v 0.0171114 1.91873e-18 0.0142238 
v 0.0167413 1.90105e-18 0.0143052 
v 0.0163822 1.88647e-18 0.0144263 
v -0.0035 1.3165e-18 0.025 
v -0.00347948 1.34092e-18 0.0253784 
v -0.00341817 1.36758e-18 0.0257524 
v -0.00331679 1.39614e-18 0.0261176 
v -0.00341817 1.27543e-18 0.0242476 
v -0.00347948 1.29458e-18 0.0246216 
v -0.000189486 1.7332e-18 0.0284949 
v -0.002999 1.45766e-18 0.0268044 
v -0.00278633 1.48989e-18 0.0271181 
v -0.00278633 1.2305e-18 0.0228819 
v -0.002999 1.23668e-18 0.0231956 
v 0.00347948 1.72069e-18 0.0246216 
v 0.00341817 1.69404e-18 0.0242476 
v 0.00347948 1.76704e-18 0.0253784 
v 0.000189486 1.75641e-18 0.0284949 
v -0.00254098 1.5226e-18 0.0274069 
v -0.00317651 1.42629e-18 0.0264696 
v -0.00331679 1.25928e-18 0.0238824 
v -0.00317651 1.24632e-18 0.0235304 
v -0.000566237 1.28465e-18 0.0215461 
v -0.000936349 1.26697e-18 0.0216276 
v 0.00278633 1.57172e-18 0.0228819 
v 0.00254098 1.53902e-18 0.0225931 
v 0.00317651 1.63533e-18 0.0235304 
v 0.002999 1.60395e-18 0.0231956 
v 0.0035 1.74512e-18 0.025 
v 0.00341817 1.78618e-18 0.0257524 
v 0.000566237 1.77697e-18 0.0284539 
v 0.000936349 1.79464e-18 0.0283724 
v -0.000566237 1.70763e-18 0.0284539 
v -0.00226585 1.55541e-18 0.0276676 
v -0.00196415 1.58792e-18 0.0278969 
v -0.00129548 1.25239e-18 0.0217486 
v 0.00226585 1.50621e-18 0.0223324 
v 0.00331679 1.66547e-18 0.0238824 
v 0.00317651 1.8153e-18 0.0264696 
v 0.00331679 1.80233e-18 0.0261176 
v -0.00129548 1.65057e-18 0.0282514 
v -0.000936349 1.67998e-18 0.0283724 
v -0.00163943 1.24107e-18 0.0219077 
v 0.000189486 1.32841e-18 0.0215051 
v -0.00163943 1.61977e-18 0.0280923 
v -0.00226585 1.22872e-18 0.0223324 
v -0.00254098 1.22784e-18 0.0225931 
v -0.00196415 1.23315e-18 0.0221031 
v -0.000189486 1.30521e-18 0.0215051 
v 0.00129548 1.41104e-18 0.0217486 
v 0.000936349 1.38164e-18 0.0216276 
v 0.002999 1.82493e-18 0.0268044 
v 0.00278633 1.83112e-18 0.0271181 
v 0.00129548 1.80923e-18 0.0282514 
v 0.00163943 1.82054e-18 0.0280923 
v 0.000566237 1.35399e-18 0.0215461 
v 0.00196415 1.47369e-18 0.0221031 
v 0.00163943 1.44185e-18 0.0219077 
v 0.00254098 1.83378e-18 0.0274069 
v 0.00196415 1.82846e-18 0.0278969 
v 0.00226585 1.83289e-18 0.0276676 
v -0.0148913 4.09164e-20 0.0155596 
v -0.0151367 8.20735e-21 0.0152707 
v -0.0145012 1.04518e-19 0.0162081 
v -0.0146787 7.31458e-20 0.0158732 
v -0.0148913 3.0031e-19 0.0197958 
v -0.0146787 2.94126e-19 0.0194821 
v -0.0151367 3.02973e-19 0.0200846 
v -0.0178672 2.02396e-19 0.0211725 
v -0.0174882 2.25602e-19 0.0211725 
v -0.0154118 -2.4598e-20 0.0150101 
v -0.0157135 -5.71149e-20 0.0147808 
v -0.0143609 1.34664e-19 0.0165601 
v -0.0145012 2.84493e-19 0.0191473 
v -0.0160382 2.89734e-19 0.02077 
v -0.0157135 2.97654e-19 0.0205746 
v -0.0142595 1.63232e-19 0.0169253 
v -0.0154118 3.02085e-19 0.0203452 
v -0.0163822 2.78417e-19 0.0209291 
v -0.0171114 2.46162e-19 0.0211316 
v -0.0167413 2.63836e-19 0.0210501 
v -0.0182439 1.76818e-19 0.0211316 
v -0.0163822 -1.19766e-19 0.0144263 
v -0.0167413 -1.49167e-19 0.0143052 
v -0.0160382 -8.89622e-20 0.0145854 
v -0.0141982 1.89886e-19 0.0172993 
v -0.0143609 2.71525e-19 0.0187952 
v -0.0142595 2.55374e-19 0.0184301 
v -0.0189732 1.19766e-19 0.0209291 
v -0.018614 1.49167e-19 0.0210501 
v -0.0202187 -8.20735e-21 0.0200846 
v -0.0199435 2.4598e-20 0.0203452 
v -0.0171114 -1.76818e-19 0.0142238 
v -0.0196418 5.71149e-20 0.0205746 
v -0.0193171 8.89622e-20 0.02077 
v -0.020464 -4.09164e-20 0.0197958 
v -0.0141982 2.36228e-19 0.0180561 
v -0.0141777 2.14313e-19 0.0176777 
v -0.0209945 -1.34664e-19 0.0187952 
v -0.0208542 -1.04518e-19 0.0191473 
v -0.0211572 -1.89886e-19 0.0180561 
v -0.0210958 -1.63232e-19 0.0184301 
v -0.0211777 -2.14313e-19 0.0176777 
v -0.0206767 -2.94126e-19 0.0158732 
v -0.0174882 -2.02396e-19 0.0141828 
v -0.0211572 -2.36228e-19 0.0172993 
v -0.0208542 -2.84493e-19 0.0162081 
v -0.0193171 -2.89734e-19 0.0145854 
v -0.0196418 -2.97654e-19 0.0147808 
v -0.0182439 -2.46162e-19 0.0142238 
v -0.018614 -2.63836e-19 0.0143052 
v -0.0178672 -2.25602e-19 0.0141828 
v -0.0206767 -7.31458e-20 0.0194821 
v -0.0209945 -2.71525e-19 0.0165601 
v -0.0210958 -2.55374e-19 0.0169253 
v -0.020464 -3.0031e-19 0.0155596 
v -0.0199435 -3.02085e-19 0.0150101 
v -0.0202187 -3.02973e-19 0.0152707 
v -0.0189732 -2.78417e-19 0.0144263 
v -0.0143609 -1.89337e-18 -0.0165601 
v -0.0145012 -2.06037e-18 -0.0191473 
v -0.0146787 -2.09174e-18 -0.0194821 
v -0.0142595 -1.90952e-18 -0.0169253 
v -0.0148913 -1.86458e-18 -0.0155596 
v -0.0146787 -1.87076e-18 -0.0158732 
v -0.0178672 -1.96249e-18 -0.0141828 
v -0.0174882 -1.93929e-18 -0.0141828 
v -0.0143609 -2.03023e-18 -0.0187952 
v -0.0145012 -1.8804e-18 -0.0162081 
v -0.0151367 -1.86192e-18 -0.0152707 
v -0.0211572 -2.35478e-18 -0.0172993 
v -0.0210958 -2.32812e-18 -0.0169253 
v -0.0211777 -2.3792e-18 -0.0176777 
v -0.0157135 -2.22201e-18 -0.0205746 
v -0.0160382 -2.25385e-18 -0.02077 
v -0.0151367 -2.15668e-18 -0.0200846 
v -0.0154118 -2.18949e-18 -0.0203452 
v -0.0148913 -2.12397e-18 -0.0197958 
v -0.0141982 -1.92866e-18 -0.0172993 
v -0.0141777 -1.95058e-18 -0.0176777 
v -0.0171114 -1.91873e-18 -0.0142238 
v -0.0167413 -1.90105e-18 -0.0143052 
v -0.0182439 -1.98807e-18 -0.0142238 
v -0.0208542 -2.26941e-18 -0.0162081 
v -0.0206767 -2.23804e-18 -0.0158732 
v -0.0209945 -2.29955e-18 -0.0165601 
v -0.0211572 -2.40112e-18 -0.0180561 
v -0.0163822 -2.28466e-18 -0.0209291 
v -0.0141982 -1.975e-18 -0.0180561 
v -0.0142595 -2.00166e-18 -0.0184301 
v -0.0189732 -2.04512e-18 -0.0144263 
v -0.018614 -2.01572e-18 -0.0143052 
v -0.0209945 -2.43642e-18 -0.0187952 
v -0.0210958 -2.42026e-18 -0.0184301 
v -0.0208542 -2.44938e-18 -0.0191473 
v -0.0160382 -1.87516e-18 -0.0145854 
v -0.0157135 -1.86724e-18 -0.0147808 
v -0.020464 -2.20581e-18 -0.0155596 
v -0.0206767 -2.45902e-18 -0.0194821 
v -0.0154118 -1.86281e-18 -0.0150101 
v -0.0163822 -1.88647e-18 -0.0144263 
v -0.0202187 -2.1731e-18 -0.0152707 
v -0.0199435 -2.14029e-18 -0.0150101 
v -0.020464 -2.4652e-18 -0.0197958 
v -0.0167413 -2.31406e-18 -0.0210501 
v -0.0171114 -2.34171e-18 -0.0211316 
v -0.0193171 -2.07593e-18 -0.0145854 
v -0.0196418 -2.10778e-18 -0.0147808 
v -0.0199435 -2.46697e-18 -0.0203452 
v -0.0202187 -2.46786e-18 -0.0200846 
v -0.0193171 -2.45462e-18 -0.02077 
v -0.0196418 -2.46254e-18 -0.0205746 
v -0.018614 -2.42873e-18 -0.0210501 
v -0.0189732 -2.44331e-18 -0.0209291 
v -0.0178672 -2.39049e-18 -0.0211725 
v -0.0182439 -2.41105e-18 -0.0211316 
v -0.0174882 -2.36729e-18 -0.0211725 
v 0.0178672 2.25602e-19 -0.0141828 
v 0.0174882 2.02396e-19 -0.0141828 
v 0.0142595 -1.63232e-19 -0.0169253 
v 0.0143609 -1.34664e-19 -0.0165601 
v 0.0182439 2.46162e-19 -0.0142238 
v 0.018614 2.63836e-19 -0.0143052 
v 0.0171114 1.76818e-19 -0.0142238 
v 0.0145012 -1.04518e-19 -0.0162081 
v 0.0146787 -7.31458e-20 -0.0158732 
v 0.0141982 -1.89886e-19 -0.0172993 
v 0.0163822 1.19766e-19 -0.0144263 
v 0.0167413 1.49167e-19 -0.0143052 
v 0.0148913 -4.09164e-20 -0.0155596 
v 0.0141982 -2.36228e-19 -0.0180561 
v 0.0141777 -2.14313e-19 -0.0176777 
v 0.0189732 2.78417e-19 -0.0144263 
v 0.0151367 -8.20735e-21 -0.0152707 
v 0.0154118 2.4598e-20 -0.0150101 
v 0.0143609 -2.71525e-19 -0.0187952 
v 0.0142595 -2.55374e-19 -0.0184301 
v 0.0148913 -3.0031e-19 -0.0197958 
v 0.0146787 -2.94126e-19 -0.0194821 
v 0.0209945 2.71525e-19 -0.0165601 
v 0.0210958 2.55374e-19 -0.0169253 
v 0.0160382 8.89622e-20 -0.0145854 
v 0.0157135 5.71149e-20 -0.0147808 
v 0.0145012 -2.84493e-19 -0.0191473 
v 0.0211777 2.14313e-19 -0.0176777 
v 0.0211572 1.89886e-19 -0.0180561 
v 0.0206767 2.94126e-19 -0.0158732 
v 0.0208542 2.84493e-19 -0.0162081 
v 0.020464 3.0031e-19 -0.0155596 
v 0.020464 4.09164e-20 -0.0197958 
v 0.0202187 8.20735e-21 -0.0200846 
v 0.0209945 1.34664e-19 -0.0187952 
v 0.0208542 1.04518e-19 -0.0191473 
v 0.0211572 2.36228e-19 -0.0172993 
v 0.0202187 3.02973e-19 -0.0152707 
v 0.0199435 3.02085e-19 -0.0150101 
v 0.0193171 2.89734e-19 -0.0145854 
v 0.0196418 2.97654e-19 -0.0147808 
v 0.0154118 -3.02085e-19 -0.0203452 
v 0.0151367 -3.02973e-19 -0.0200846 
v 0.0160382 -2.89734e-19 -0.02077 
v 0.0157135 -2.97654e-19 -0.0205746 
v 0.0167413 -2.63836e-19 -0.0210501 
v 0.0163822 -2.78417e-19 -0.0209291 
v 0.0196418 -5.71149e-20 -0.0205746 
v 0.0193171 -8.89622e-20 -0.02077 
v 0.0206767 7.31458e-20 -0.0194821 
v 0.0210958 1.63232e-19 -0.0184301 
v 0.0189732 -1.19766e-19 -0.0209291 
v 0.018614 -1.49167e-19 -0.0210501 
v 0.0182439 -1.76818e-19 -0.0211316 
v 0.0199435 -2.4598e-20 -0.0203452 
v 0.0174882 -2.25602e-19 -0.0211725 
v 0.0171114 -2.46162e-19 -0.0211316 
v 0.0178672 -2.02396e-19 -0.0211725 
v -0.00883883 -1.84785e-18 -0.0213388 
v -0.00883883 -2.37819e-18 -0.03 
v 0.00883883 -7.65404e-19 -0.0213388 
v 0.00883883 -1.29575e-18 -0.03 
v -0.00883883 -5.41223e-19 7.72748e-19 
v -0.00883883 7.65404e-19 0.0213388 
v 0.00883883 5.41223e-19 2.6967e-18 
v 0.00883883 1.84785e-18 0.0213388 
v -0.0263388 -1.61279e-18 -1.13187e-18 
vn -6.12323e-17 1 -6.12323e-17 
vn 0.994138 6.74938e-17 0.108119 
vn 1 6.12323e-17 3.06162e-16 
vn 0.976621 7.29639e-17 0.21497 
vn 0.994138 6.74938e-17 0.108119 
vn 0.947653 7.75786e-17 0.319302 
vn 0.976621 7.29639e-17 0.21497 
vn 0.907575 8.12838e-17 0.419889 
vn 0.947653 7.75786e-17 0.319302 
vn 0.856857 8.40359e-17 0.515554 
vn 0.907575 8.12838e-17 0.419889 
vn 0.796093 8.58029e-17 0.605174 
vn 0.856857 8.40359e-17 0.515554 
vn 0.725995 8.65638e-17 0.687699 
vn 0.796093 8.58029e-17 0.605174 
vn 0.647386 8.63099e-17 0.762162 
vn 0.725995 8.65638e-17 0.687699 
vn 0.561187 8.50441e-17 0.827689 
vn 0.647386 8.63099e-17 0.762162 
vn 0.468408 8.27813e-17 0.883512 
vn 0.561187 8.50441e-17 0.827689 
vn 0.370138 7.95478e-17 0.928977 
vn 0.468408 8.27813e-17 0.883512 
vn 0.267528 7.53818e-17 0.96355 
vn 0.370138 7.95478e-17 0.928977 
vn 0.161782 7.0332e-17 0.986827 
vn 0.267528 7.53818e-17 0.96355 
vn 0.0541389 6.44576e-17 0.998533 
vn 0.161782 7.0332e-17 0.986827 
vn -0.0541389 5.78275e-17 0.998533 
vn 0.0541389 6.44576e-17 0.998533 
vn -0.161782 5.05194e-17 0.986827 
vn -0.0541389 5.78275e-17 0.998533 
vn -0.267528 4.2619e-17 0.96355 
vn -0.161782 5.05194e-17 0.986827 
vn -0.370138 3.4219e-17 0.928977 
vn -0.267528 4.2619e-17 0.96355 
vn -0.468408 2.54178e-17 0.883512 
vn -0.370138 3.4219e-17 0.928977 
vn -0.561187 1.63185e-17 0.827689 
vn -0.468408 2.54178e-17 0.883512 
vn -0.647386 7.02799e-18 0.762162 
vn -0.561187 1.63185e-17 0.827689 
vn -0.725995 -2.34496e-18 0.687699 
vn -0.647386 7.02799e-18 0.762162 
vn -0.796093 -1.16904e-17 0.605174 
vn -0.725995 -2.34496e-18 0.687699 
vn -0.856857 -2.08988e-17 0.515554 
vn -0.796093 -1.16904e-17 0.605174 
vn -0.907575 -2.98622e-17 0.419889 
vn -0.856857 -2.08988e-17 0.515554 
vn -0.947653 -3.84754e-17 0.319302 
vn -0.907575 -2.98622e-17 0.419889 
vn -0.976621 -4.66376e-17 0.21497 
vn -0.947653 -3.84754e-17 0.319302 
vn -0.994138 -5.4253e-17 0.108119 
vn -0.976621 -4.66376e-17 0.21497 
vn -1 -6.12323e-17 -1.83697e-16 
vn -0.994138 -5.4253e-17 0.108119 
vn -0.994138 -6.74938e-17 -0.108119 
vn -1 -6.12323e-17 -1.83697e-16 
vn -0.976621 -7.29639e-17 -0.21497 
vn -0.994138 -6.74938e-17 -0.108119 
vn -0.947653 -7.75786e-17 -0.319302 
vn -0.976621 -7.29639e-17 -0.21497 
vn -0.907575 -8.12838e-17 -0.419889 
vn -0.947653 -7.75786e-17 -0.319302 
vn -0.856857 -8.40359e-17 -0.515554 
vn -0.907575 -8.12838e-17 -0.419889 
vn -0.796093 -8.58029e-17 -0.605174 
vn -0.856857 -8.40359e-17 -0.515554 
vn -0.725995 -8.65638e-17 -0.687699 
vn -0.796093 -8.58029e-17 -0.605174 
vn -0.647386 -8.63099e-17 -0.762162 
vn -0.725995 -8.65638e-17 -0.687699 
vn -0.561187 -8.50441e-17 -0.827689 
vn -0.647386 -8.63099e-17 -0.762162 
vn -0.468408 -8.27813e-17 -0.883512 
vn -0.561187 -8.50441e-17 -0.827689 
vn -0.370138 -7.95478e-17 -0.928977 
vn -0.468408 -8.27813e-17 -0.883512 
vn -0.267528 -7.53818e-17 -0.96355 
vn -0.370138 -7.95478e-17 -0.928977 
vn -0.161782 -7.0332e-17 -0.986827 
vn -0.267528 -7.53818e-17 -0.96355 
vn -0.0541389 -6.44576e-17 -0.998533 
vn -0.161782 -7.0332e-17 -0.986827 
vn 0.0541389 -5.78275e-17 -0.998533 
vn 1.22465e-16 0 -1 
vn 0.161782 -5.05194e-17 -0.986827 
vn 0.267528 -4.2619e-17 -0.96355 
vn 0.370138 -3.4219e-17 -0.928977 
vn 0.468408 -2.54178e-17 -0.883512 
vn 0.561187 -1.63185e-17 -0.827689 
vn 0.647386 -7.02799e-18 -0.762162 
vn 0.725995 2.34496e-18 -0.687699 
vn 0.796093 1.16904e-17 -0.605174 
vn 0.856857 2.08988e-17 -0.515554 
vn 0.907575 2.98622e-17 -0.419889 
vn 0.947653 3.84754e-17 -0.319302 
vn 0.976621 4.66376e-17 -0.21497 
vn 0.994138 5.4253e-17 -0.108119 
vn 0.994138 6.74938e-17 0.108119 
vn 1 6.12323e-17 3.06162e-16 
vn 0.976621 7.29639e-17 0.21497 
vn 0.994138 6.74938e-17 0.108119 
vn 0.947653 7.75786e-17 0.319302 
vn 0.976621 7.29639e-17 0.21497 
vn 0.907575 8.12838e-17 0.419889 
vn 0.947653 7.75786e-17 0.319302 
vn 0.856857 8.40359e-17 0.515554 
vn 0.907575 8.12838e-17 0.419889 
vn 0.796093 8.58029e-17 0.605174 
vn 0.856857 8.40359e-17 0.515554 
vn 0.725995 8.65638e-17 0.687699 
vn 0.796093 8.58029e-17 0.605174 
vn 0.647386 8.63099e-17 0.762162 
vn 0.725995 8.65638e-17 0.687699 
vn 0.561187 8.50441e-17 0.827689 
vn 0.647386 8.63099e-17 0.762162 
vn 0.468408 8.27813e-17 0.883512 
vn 0.561187 8.50441e-17 0.827689 
vn 0.370138 7.95478e-17 0.928977 
vn 0.468408 8.27813e-17 0.883512 
vn 0.267528 7.53818e-17 0.96355 
vn 0.370138 7.95478e-17 0.928977 
vn 0.161782 7.0332e-17 0.986827 
vn 0.267528 7.53818e-17 0.96355 
vn 0.0541389 6.44576e-17 0.998533 
vn 0.161782 7.0332e-17 0.986827 
vn -0.0541389 5.78275e-17 0.998533 
vn 0.0541389 6.44576e-17 0.998533 
vn -0.161782 5.05194e-17 0.986827 
vn -0.0541389 5.78275e-17 0.998533 
vn -0.267528 4.2619e-17 0.96355 
vn -0.161782 5.05194e-17 0.986827 
vn -0.370138 3.4219e-17 0.928977 
vn -0.267528 4.2619e-17 0.96355 
vn -0.468408 2.54178e-17 0.883512 
vn -0.370138 3.4219e-17 0.928977 
vn -0.561187 1.63185e-17 0.827689 
vn -0.468408 2.54178e-17 0.883512 
vn -0.647386 7.02799e-18 0.762162 
vn -0.561187 1.63185e-17 0.827689 
vn -0.725995 -2.34496e-18 0.687699 
vn -0.647386 7.02799e-18 0.762162 
vn -0.796093 -1.16904e-17 0.605174 
vn -0.725995 -2.34496e-18 0.687699 
vn -0.856857 -2.08988e-17 0.515554 
vn -0.796093 -1.16904e-17 0.605174 
vn -0.907575 -2.98622e-17 0.419889 
vn -0.856857 -2.08988e-17 0.515554 
vn -0.947653 -3.84754e-17 0.319302 
vn -0.907575 -2.98622e-17 0.419889 
vn -0.976621 -4.66376e-17 0.21497 
vn -0.947653 -3.84754e-17 0.319302 
vn -0.994138 -5.4253e-17 0.108119 
vn -0.976621 -4.66376e-17 0.21497 
vn -1 0 -1.84852e-16 
vn -0.994138 -5.4253e-17 0.108119 
vn -0.994138 -6.74938e-17 -0.108119 
vn -1 -6.12323e-17 -1.83697e-16 
vn -0.976621 -7.29639e-17 -0.21497 
vn -0.994138 -6.74938e-17 -0.108119 
vn -0.947653 -7.75786e-17 -0.319302 
vn -0.976621 -7.29639e-17 -0.21497 
vn -0.907575 -8.12838e-17 -0.419889 
vn -0.947653 -7.75786e-17 -0.319302 
vn -0.856857 -8.40359e-17 -0.515554 
vn -0.907575 -8.12838e-17 -0.419889 
vn -0.796093 -8.58029e-17 -0.605174 
vn -0.856857 -8.40359e-17 -0.515554 
vn -0.725995 -8.65638e-17 -0.687699 
vn -0.796093 -8.58029e-17 -0.605174 
vn -0.647386 -8.63099e-17 -0.762162 
vn -0.725995 -8.65638e-17 -0.687699 
vn -0.561187 -8.50441e-17 -0.827689 
vn -0.647386 -8.63099e-17 -0.762162 
vn -0.468408 -8.27813e-17 -0.883512 
vn -0.561187 -8.50441e-17 -0.827689 
vn -0.370138 -7.95478e-17 -0.928977 
vn -0.468408 -8.27813e-17 -0.883512 
vn -0.267528 -7.53818e-17 -0.96355 
vn -0.370138 -7.95478e-17 -0.928977 
vn -0.161782 -7.0332e-17 -0.986827 
vn -0.267528 -7.53818e-17 -0.96355 
vn -0.0541389 -6.44576e-17 -0.998533 
vn -0.161782 -7.0332e-17 -0.986827 
vn 0.0541389 -5.78275e-17 -0.998533 
vn -0.0541389 -6.44576e-17 -0.998533 
vn 0.161782 -5.05194e-17 -0.986827 
vn 0.0541389 -5.78275e-17 -0.998533 
vn 0.267528 -4.2619e-17 -0.96355 
vn 0.161782 -5.05194e-17 -0.986827 
vn 0.370138 -3.4219e-17 -0.928977 
vn 0.267528 -4.2619e-17 -0.96355 
vn 0.468408 -2.54178e-17 -0.883512 
vn 0.370138 -3.4219e-17 -0.928977 
vn 0.561187 -1.63185e-17 -0.827689 
vn 0.468408 -2.54178e-17 -0.883512 
vn 0.647386 -7.02799e-18 -0.762162 
vn 0.561187 -1.63185e-17 -0.827689 
vn 0.725995 2.34496e-18 -0.687699 
vn 0.647386 -7.02799e-18 -0.762162 
vn 0.796093 1.16904e-17 -0.605174 
vn 0.725995 2.34496e-18 -0.687699 
vn 0.856857 2.08988e-17 -0.515554 
vn 0.796093 1.16904e-17 -0.605174 
vn 0.907575 2.98622e-17 -0.419889 
vn 0.856857 2.08988e-17 -0.515554 
vn 0.947653 3.84754e-17 -0.319302 
vn 0.907575 2.98622e-17 -0.419889 
vn 0.976621 4.66376e-17 -0.21497 
vn 0.947653 3.84754e-17 -0.319302 
vn 0.994138 5.4253e-17 -0.108119 
vn 0.976621 4.66376e-17 -0.21497 
vn -6.12323e-17 1 -6.12323e-17 
vn -8.57253e-17 0.6 0.8 
vn 0.8 0.6 1.27895e-16 
vn 0.765103 0.638167 0.0857862 
vn 0.792016 0.610122 0.0214802 
vn 0.8 0.6 2.1684e-16 
vn 0.765103 0.638167 0.0857862 
vn 0.774562 0.629212 0.0643868 
vn 0.783535 0.619862 0.042947 
vn 0.8 0.6 3.93023e-16 
vn 0.744751 0.654871 0.12841 
vn 0.739251 0.658876 0.139251 
vn 0.745992 0.65394 0.125928 
vn 0.752549 0.648843 0.112574 
vn 0.75892 0.643584 0.0991924 
vn 0.72253 0.669931 0.170712 
vn 0.722536 0.669928 0.170701 
vn 0.693509 0.685765 0.220844 
vn 0.698495 0.68331 0.212585 
vn 0.672707 0.694973 0.253924 
vn 0.672712 0.694971 0.253916 
vn 0.641198 0.706157 0.300345 
vn 0.64523 0.704892 0.294626 
vn 0.616134 0.713042 0.334589 
vn 0.616138 0.713041 0.334584 
vn 0.582813 0.719861 0.377001 
vn 0.585491 0.719402 0.373712 
vn 0.553379 0.723957 0.411897 
vn 0.553381 0.723956 0.411894 
vn 0.518907 0.726745 0.450086 
vn 0.519877 0.726694 0.449047 
vn 0.485071 0.727607 0.485071 
vn 0.450086 0.726745 0.518907 
vn 0.449047 0.726694 0.519877 
vn 0.411894 0.723956 0.553381 
vn 0.377001 0.719861 0.582813 
vn 0.411897 0.723957 0.553379 
vn 0.373712 0.719402 0.585491 
vn 0.334584 0.713041 0.616138 
vn 0.300345 0.706157 0.641198 
vn 0.334589 0.713042 0.616134 
vn 0.294626 0.704892 0.64523 
vn 0.253916 0.694971 0.672712 
vn 0.220844 0.685765 0.693509 
vn 0.253924 0.694973 0.672707 
vn 0.212585 0.68331 0.698495 
vn 0.170701 0.669928 0.722536 
vn 0.139251 0.658876 0.739251 
vn 0.170712 0.669931 0.72253 
vn 0.12841 0.654871 0.744751 
vn 0.112574 0.648843 0.752549 
vn 0.125928 0.65394 0.745992 
vn 0.0991924 0.643584 0.75892 
vn 0.0857862 0.638167 0.765103 
vn 0.042947 0.619862 0.783535 
vn 0.0643868 0.629212 0.774562 
vn 0.0214802 0.610122 0.792016 
vn 0.042947 0.619862 0.783535 
vn -5.42101e-16 0.6 0.8 
vn 0.548576 0.832648 0.0759104 
vn 0.574969 0.817292 0.0380002 
vn 0.6 0.8 -1.40946e-15 
vn 0.548576 0.832648 0.0759104 
vn 0.580949 0.813419 0.0291146 
vn 0.491955 0.857408 0.151102 
vn 0.520882 0.84603 0.113641 
vn 0.525833 0.843826 0.107037 
vn 0.430673 0.874047 0.224862 
vn 0.461861 0.866754 0.188205 
vn 0.46544 0.865767 0.183885 
vn 0.365313 0.882405 0.296491 
vn 0.398465 0.879268 0.260986 
vn 0.400376 0.87902 0.258889 
vn 0.331295 0.883452 0.331295 
vn 0.296491 0.882405 0.365313 
vn 0.258889 0.87902 0.400376 
vn 0.224862 0.874047 0.430673 
vn 0.260986 0.879268 0.398465 
vn 0.183885 0.865767 0.46544 
vn 0.151102 0.857408 0.491955 
vn 0.188205 0.866754 0.461861 
vn 0.107037 0.843826 0.525833 
vn 0.0759104 0.832648 0.548576 
vn 0.113641 0.84603 0.520882 
vn 0.0291146 0.813419 0.580949 
vn 7.58942e-16 0.8 0.6 
vn 0.0380002 0.817292 0.574969 
vn 0.6 0.8 7.44897e-17 
vn 0.0857862 0.638167 -0.765103 
vn 0.0214802 0.610122 -0.792016 
vn 0 0.6 -0.8 
vn 0.0857862 0.638167 -0.765103 
vn 0.0643868 0.629212 -0.774562 
vn 0.042947 0.619862 -0.783535 
vn 0 0.6 -0.8 
vn 0.12841 0.654871 -0.744751 
vn 0.139251 0.658876 -0.739251 
vn 0.125928 0.65394 -0.745992 
vn 0.112574 0.648843 -0.752549 
vn 0.0991924 0.643584 -0.75892 
vn 0.170712 0.669931 -0.72253 
vn 0.170701 0.669928 -0.722536 
vn 0.220844 0.685765 -0.693509 
vn 0.212585 0.68331 -0.698495 
vn 0.253924 0.694973 -0.672707 
vn 0.253916 0.694971 -0.672712 
vn 0.300345 0.706157 -0.641198 
vn 0.294626 0.704892 -0.64523 
vn 0.334589 0.713042 -0.616134 
vn 0.334584 0.713041 -0.616138 
vn 0.377001 0.719861 -0.582813 
vn 0.373712 0.719402 -0.585491 
vn 0.411897 0.723957 -0.553379 
vn 0.411894 0.723956 -0.553381 
vn 0.450086 0.726745 -0.518907 
vn 0.449047 0.726694 -0.519877 
vn 0.485071 0.727607 -0.485071 
vn 0.518907 0.726745 -0.450086 
vn 0.519877 0.726694 -0.449047 
vn 0.553381 0.723956 -0.411894 
vn 0.582813 0.719861 -0.377001 
vn 0.553379 0.723957 -0.411897 
vn 0.585491 0.719402 -0.373712 
vn 0.616138 0.713041 -0.334584 
vn 0.641198 0.706157 -0.300345 
vn 0.616134 0.713042 -0.334589 
vn 0.64523 0.704892 -0.294626 
vn 0.672712 0.694971 -0.253916 
vn 0.693509 0.685765 -0.220844 
vn 0.672707 0.694973 -0.253924 
vn 0.698495 0.68331 -0.212585 
vn 0.722536 0.669928 -0.170701 
vn 0.739251 0.658876 -0.139251 
vn 0.72253 0.669931 -0.170712 
vn 0.744751 0.654871 -0.12841 
vn 0.752549 0.648843 -0.112574 
vn 0.745992 0.65394 -0.125928 
vn 0.75892 0.643584 -0.0991924 
vn 0.765103 0.638167 -0.0857862 
vn 0.783535 0.619862 -0.042947 
vn 0.774562 0.629212 -0.0643868 
vn 0.792016 0.610122 -0.0214802 
vn 0.783535 0.619862 -0.042947 
vn 0.8 0.6 -3.03577e-15 
vn 0.548576 0.832648 -0.0759104 
vn 0.580949 0.813419 -0.0291146 
vn 0.6 0.8 -3.46945e-15 
vn 0.574969 0.817292 -0.0380002 
vn 0.548576 0.832648 -0.0759104 
vn 0.491955 0.857408 -0.151102 
vn 0.525833 0.843826 -0.107037 
vn 0.520882 0.84603 -0.113641 
vn 0.491955 0.857408 -0.151102 
vn 0.430673 0.874047 -0.224862 
vn 0.46544 0.865767 -0.183885 
vn 0.461861 0.866754 -0.188205 
vn 0.430673 0.874047 -0.224862 
vn 0.400376 0.87902 -0.258889 
vn 0.365313 0.882405 -0.296491 
vn 0.398465 0.879268 -0.260986 
vn 0.331295 0.883452 -0.331295 
vn 0.296491 0.882405 -0.365313 
vn 0.260986 0.879268 -0.398465 
vn 0.258889 0.87902 -0.400376 
vn 0.224862 0.874047 -0.430673 
vn 0.188205 0.866754 -0.461861 
vn 0.151102 0.857408 -0.491955 
vn 0.183885 0.865767 -0.46544 
vn 0.113641 0.84603 -0.520882 
vn 0.0759104 0.832648 -0.548576 
vn 0.107037 0.843826 -0.525833 
vn 0.0380002 0.817292 -0.574969 
vn -2.71051e-15 0.8 -0.6 
vn 0.0291146 0.813419 -0.580949 
vn 0.6 0.8 3.998e-16 
vn 1.22465e-17 0.6 -0.8 
vn -1.22465e-17 0.8 -0.6 
vn -0.765103 0.638167 -0.0857862 
vn -0.792016 0.610122 -0.0214802 
vn -0.8 0.6 -8.67319e-15 
vn -0.765103 0.638167 -0.0857862 
vn -0.774562 0.629212 -0.0643868 
vn -0.783535 0.619862 -0.042947 
vn -0.8 0.6 -9.1073e-15 
vn -0.744751 0.654871 -0.12841 
vn -0.739251 0.658876 -0.139251 
vn -0.745992 0.65394 -0.125928 
vn -0.752549 0.648843 -0.112574 
vn -0.75892 0.643584 -0.0991924 
vn -0.72253 0.669931 -0.170712 
vn -0.722536 0.669928 -0.170701 
vn -0.693509 0.685765 -0.220844 
vn -0.698495 0.68331 -0.212585 
vn -0.672707 0.694973 -0.253924 
vn -0.672712 0.694971 -0.253916 
vn -0.641198 0.706157 -0.300345 
vn -0.64523 0.704892 -0.294626 
vn -0.616134 0.713042 -0.334589 
vn -0.616138 0.713041 -0.334584 
vn -0.582813 0.719861 -0.377001 
vn -0.585491 0.719402 -0.373712 
vn -0.553379 0.723957 -0.411897 
vn -0.553381 0.723956 -0.411894 
vn -0.518907 0.726745 -0.450086 
vn -0.519877 0.726694 -0.449047 
vn -0.485071 0.727607 -0.485071 
vn -0.450086 0.726745 -0.518907 
vn -0.449047 0.726694 -0.519877 
vn -0.411894 0.723956 -0.553381 
vn -0.377001 0.719861 -0.582813 
vn -0.411897 0.723957 -0.553379 
vn -0.373712 0.719402 -0.585491 
vn -0.334584 0.713041 -0.616138 
vn -0.300345 0.706157 -0.641198 
vn -0.334589 0.713042 -0.616134 
vn -0.294626 0.704892 -0.64523 
vn -0.253916 0.694971 -0.672712 
vn -0.220844 0.685765 -0.693509 
vn -0.253924 0.694973 -0.672707 
vn -0.212585 0.68331 -0.698495 
vn -0.170701 0.669928 -0.722536 
vn -0.139251 0.658876 -0.739251 
vn -0.170712 0.669931 -0.72253 
vn -0.12841 0.654871 -0.744751 
vn -0.112574 0.648843 -0.752549 
vn -0.125928 0.65394 -0.745992 
vn -0.0991924 0.643584 -0.75892 
vn -0.0857862 0.638167 -0.765103 
vn -0.042947 0.619862 -0.783535 
vn -0.0643868 0.629212 -0.774562 
vn -0.0214802 0.610122 -0.792016 
vn -0.042947 0.619862 -0.783535 
vn 3.12894e-15 0.6 -0.8 
vn -0.0759104 0.832648 -0.548576 
vn -0.0291146 0.813419 -0.580949 
vn -8.67362e-16 0.8 -0.6 
vn -0.0380002 0.817292 -0.574969 
vn -0.0759104 0.832648 -0.548576 
vn -0.151102 0.857408 -0.491955 
vn -0.107037 0.843826 -0.525833 
vn -0.113641 0.84603 -0.520882 
vn -0.151102 0.857408 -0.491955 
vn -0.224862 0.874047 -0.430673 
vn -0.183885 0.865767 -0.46544 
vn -0.188205 0.866754 -0.461861 
vn -0.224862 0.874047 -0.430673 
vn -0.258889 0.87902 -0.400376 
vn -0.296491 0.882405 -0.365313 
vn -0.260986 0.879268 -0.398465 
vn -0.331295 0.883452 -0.331295 
vn -0.365313 0.882405 -0.296491 
vn -0.398465 0.879268 -0.260986 
vn -0.400376 0.87902 -0.258889 
vn -0.430673 0.874047 -0.224862 
vn -0.461861 0.866754 -0.188205 
vn -0.491955 0.857408 -0.151102 
vn -0.46544 0.865767 -0.183885 
vn -0.520882 0.84603 -0.113641 
vn -0.548576 0.832648 -0.0759104 
vn -0.525833 0.843826 -0.107037 
vn -0.574969 0.817292 -0.0380002 
vn -0.6 0.8 -6.93889e-15 
vn -0.580949 0.813419 -0.0291146 
vn -1.73472e-15 0.8 -0.6 
vn -0.8 0.6 -8.57253e-17 
vn -0.0857862 0.638167 0.765103 
vn -0.0214802 0.610122 0.792016 
vn -2.1684e-16 0.6 0.8 
vn -0.0857862 0.638167 0.765103 
vn -0.0643868 0.629212 0.774562 
vn -0.042947 0.619862 0.783535 
vn -4.60786e-16 0.6 0.8 
vn -0.12841 0.654871 0.744751 
vn -0.139251 0.658876 0.739251 
vn -0.125928 0.65394 0.745992 
vn -0.112574 0.648843 0.752549 
vn -0.0991924 0.643584 0.75892 
vn -0.170712 0.669931 0.72253 
vn -0.170701 0.669928 0.722536 
vn -0.220844 0.685765 0.693509 
vn -0.212585 0.68331 0.698495 
vn -0.253924 0.694973 0.672707 
vn -0.253916 0.694971 0.672712 
vn -0.300345 0.706157 0.641198 
vn -0.294626 0.704892 0.64523 
vn -0.334589 0.713042 0.616134 
vn -0.334584 0.713041 0.616138 
vn -0.377001 0.719861 0.582813 
vn -0.373712 0.719402 0.585491 
vn -0.411897 0.723957 0.553379 
vn -0.411894 0.723956 0.553381 
vn -0.450086 0.726745 0.518907 
vn -0.449047 0.726694 0.519877 
vn -0.485071 0.727607 0.485071 
vn -0.518907 0.726745 0.450086 
vn -0.519877 0.726694 0.449047 
vn -0.553381 0.723956 0.411894 
vn -0.582813 0.719861 0.377001 
vn -0.553379 0.723957 0.411897 
vn -0.585491 0.719402 0.373712 
vn -0.616138 0.713041 0.334584 
vn -0.641198 0.706157 0.300345 
vn -0.616134 0.713042 0.334589 
vn -0.64523 0.704892 0.294626 
vn -0.672712 0.694971 0.253916 
vn -0.693509 0.685765 0.220844 
vn -0.672707 0.694973 0.253924 
vn -0.698495 0.68331 0.212585 
vn -0.722536 0.669928 0.170701 
vn -0.739251 0.658876 0.139251 
vn -0.72253 0.669931 0.170712 
vn -0.744751 0.654871 0.12841 
vn -0.752549 0.648843 0.112574 
vn -0.745992 0.65394 0.125928 
vn -0.75892 0.643584 0.0991924 
vn -0.765103 0.638167 0.0857862 
vn -0.783535 0.619862 0.042947 
vn -0.774562 0.629212 0.0643868 
vn -0.792016 0.610122 0.0214802 
vn -0.783535 0.619862 0.042947 
vn -0.8 0.6 -5.42101e-16 
vn -0.6 0.8 -8.57253e-17 
vn -0.548576 0.832648 0.0759104 
vn -0.580949 0.813419 0.0291146 
vn -0.6 0.8 -2.1684e-16 
vn -0.574969 0.817292 0.0380002 
vn -0.548576 0.832648 0.0759104 
vn -0.491955 0.857408 0.151102 
vn -0.525833 0.843826 0.107037 
vn -0.520882 0.84603 0.113641 
vn -0.491955 0.857408 0.151102 
vn -0.430673 0.874047 0.224862 
vn -0.46544 0.865767 0.183885 
vn -0.461861 0.866754 0.188205 
vn -0.430673 0.874047 0.224862 
vn -0.400376 0.87902 0.258889 
vn -0.365313 0.882405 0.296491 
vn -0.398465 0.879268 0.260986 
vn -0.331295 0.883452 0.331295 
vn -0.296491 0.882405 0.365313 
vn -0.260986 0.879268 0.398465 
vn -0.258889 0.87902 0.400376 
vn -0.224862 0.874047 0.430673 
vn -0.188205 0.866754 0.461861 
vn -0.151102 0.857408 0.491955 
vn -0.183885 0.865767 0.46544 
vn -0.113641 0.84603 0.520882 
vn -0.0759104 0.832648 0.548576 
vn -0.107037 0.843826 0.525833 
vn -0.0380002 0.817292 0.574969 
vn -5.42101e-16 0.8 0.6 
vn -0.0291146 0.813419 0.580949 
vn -0.6 0.8 -3.1984e-15 
vn -8.57253e-17 0.8 0.6 
vn 6.12323e-17 -1 6.12323e-17 
vn 1 6.12323e-17 6.12323e-17 
vn -1 -6.12323e-17 -6.12323e-17 
vn -6.12323e-17 6.12323e-17 1 
vn 6.12323e-17 -1 6.12323e-17 
vn -1 -6.12323e-17 -6.12323e-17 
vn 1 6.12323e-17 6.12323e-17 
vn 0.2 9.25186e-17 0.979796 
vn 0.100509 6.70767e-17 0.994936 
vn 4.44089e-16 6.12323e-17 1 
vn -0.100509 5.47679e-17 0.994936 
vn -0.2 4.62593e-17 0.979796 
vn -6.12323e-17 1 -6.12323e-17 
vn -1 -6.12323e-17 -6.12323e-17 
vn 1 6.12323e-17 6.12323e-17 
vn -6.12323e-17 6.12323e-17 1 
vn -6.12323e-17 1 -6.12323e-17 
vn 0.994138 6.74938e-17 0.108119 
vn 1 6.12323e-17 3.06162e-16 
vn 0.976621 7.29639e-17 0.21497 
vn 0.994138 6.74938e-17 0.108119 
vn 0.947653 7.75786e-17 0.319302 
vn 0.976621 7.29639e-17 0.21497 
vn 0.907575 8.12838e-17 0.419889 
vn 0.947653 7.75786e-17 0.319302 
vn 0.856857 8.40359e-17 0.515554 
vn 0.907575 8.12838e-17 0.419889 
vn 0.796093 8.58029e-17 0.605174 
vn 0.856857 8.40359e-17 0.515554 
vn 0.725995 8.65638e-17 0.687699 
vn 0.796093 8.58029e-17 0.605174 
vn 0.647386 8.63099e-17 0.762162 
vn 0.725995 8.65638e-17 0.687699 
vn 0.561187 8.50441e-17 0.827689 
vn 0.647386 8.63099e-17 0.762162 
vn 0.468408 8.27813e-17 0.883512 
vn 0.561187 8.50441e-17 0.827689 
vn 0.370138 7.95478e-17 0.928977 
vn 0.468408 8.27813e-17 0.883512 
vn 0.267528 7.53818e-17 0.96355 
vn 0.370138 7.95478e-17 0.928977 
vn 0.161782 7.0332e-17 0.986827 
vn 0.267528 7.53818e-17 0.96355 
vn 0.0541389 6.44576e-17 0.998533 
vn 0.161782 7.0332e-17 0.986827 
vn -0.0541389 5.78275e-17 0.998533 
vn -2.44929e-16 0 1 
vn -0.161782 5.05194e-17 0.986827 
vn -0.267528 4.2619e-17 0.96355 
vn -0.370138 3.4219e-17 0.928977 
vn -0.468408 2.54178e-17 0.883512 
vn -0.561187 1.63185e-17 0.827689 
vn -0.647386 7.02799e-18 0.762162 
vn -0.725995 -2.34496e-18 0.687699 
vn -0.796093 -1.16904e-17 0.605174 
vn -0.856857 -2.08988e-17 0.515554 
vn -0.907575 -2.98622e-17 0.419889 
vn -0.947653 -3.84754e-17 0.319302 
vn -0.976621 -4.66376e-17 0.21497 
vn -0.994138 -5.4253e-17 0.108119 
vn -1 -6.12323e-17 -1.83697e-16 
vn -0.994138 -6.74938e-17 -0.108119 
vn -0.976621 -7.29639e-17 -0.21497 
vn -0.947653 -7.75786e-17 -0.319302 
vn -0.907575 -8.12838e-17 -0.419889 
vn -0.856857 -8.40359e-17 -0.515554 
vn -0.796093 -8.58029e-17 -0.605174 
vn -0.725995 -8.65638e-17 -0.687699 
vn -0.647386 -8.63099e-17 -0.762162 
vn -0.561187 -8.50441e-17 -0.827689 
vn -0.468408 -8.27813e-17 -0.883512 
vn -0.370138 -7.95478e-17 -0.928977 
vn -0.267528 -7.53818e-17 -0.96355 
vn -0.161782 -7.0332e-17 -0.986827 
vn -0.0541389 -6.44576e-17 -0.998533 
vn 0.0541389 -5.78275e-17 -0.998533 
vn 0.161782 -5.05194e-17 -0.986827 
vn 0.267528 -4.2619e-17 -0.96355 
vn 0.370138 -3.4219e-17 -0.928977 
vn 0.468408 -2.54178e-17 -0.883512 
vn 0.561187 -1.63185e-17 -0.827689 
vn 0.647386 -7.02799e-18 -0.762162 
vn 0.725995 2.34496e-18 -0.687699 
vn 0.796093 1.16904e-17 -0.605174 
vn 0.856857 2.08988e-17 -0.515554 
vn 0.907575 2.98622e-17 -0.419889 
vn 0.947653 3.84754e-17 -0.319302 
vn 0.976621 4.66376e-17 -0.21497 
vn 0.994138 5.4253e-17 -0.108119 
vn -6.12323e-17 6.12323e-17 1 
vn 0.336701 0.941612 -3.70401e-17 
vn 0.413111 0.910681 -3.04673e-17 
vn 0.377422 0.926042 -3.35933e-17 
vn 0.426064 0.904693 -2.93076e-17 
vn 0.275604 0.961271 -4.1985e-17 
vn 0.263478 0.964666 -4.29354e-17 
vn 0.289413 0.957204 -4.08904e-17 
vn 0.245722 0.96934 -4.43088e-17 
vn 0.336701 0.941612 -3.70401e-17 
vn 0.336667 0.941624 -3.70429e-17 
vn 0.205329 0.978693 -4.73549e-17 
vn 0.171549 0.985176 -4.98203e-17 
vn 0.152646 0.988281 -5.11679e-17 
vn 0.245722 0.96934 -4.43088e-17 
vn 0.235817 0.971797 -4.50658e-17 
vn 0.0603008 0.99818 -5.74286e-17 
vn 0.133944 0.990989 -5.24789e-17 
vn 0.0928914 0.995676 -5.52796e-17 
vn 0.120497 0.992714 -5.34079e-17 
vn 0.152646 0.988281 -5.11679e-17 
vn 0.0603008 0.99818 -5.74286e-17 
vn 0.0469492 0.998897 -5.829e-17 
vn -4.57914e-09 1 -6.12323e-17 
vn -2.3769e-14 1 -6.12323e-17 
vn 1 -3.95055e-15 0 
vn 0.998297 0.0583297 0 
vn 0.997407 0.071967 0 
vn 1 -6.34909e-15 0 
vn 0.996912 0.0785255 5.6235e-17 
vn 0.985648 0.168812 5.00168e-17 
vn 0.994162 0.107902 0 
vn 0.989642 0.143559 0 
vn 0.99348 0.114011 0 
vn 0.996912 0.0785228 0 
vn 0.985648 0.168813 0 
vn 0.976479 0.215611 0 
vn 0.976047 0.217559 0 
vn 0.976271 0.216554 0 
vn 0.975254 0.221088 0 
vn 0.976022 0.217671 0 
vn 0.974207 0.225658 0 
vn 0.974507 0.224359 0 
vn 0.972342 0.233564 0 
vn 0.973607 0.22823 0 
vn 0.985382 0.170358 0 
vn 0.971831 0.235679 0 
vn 0.97673 0.214475 0 
vn 0.971055 0.238855 0 
vn 0.973689 0.227881 0 
vn 0.969712 0.24425 0 
vn 0.976479 0.215611 0 
vn 0.680864 0.653768 0.33017 
vn 0.716452 0.589181 0.373581 
vn 0.678836 0.640827 0.3585 
vn 0.697756 0.607223 0.380023 
vn 0.546201 0.816443 0.18731 
vn 0.512307 0.837218 0.191331 
vn 0.484619 0.858829 0.166006 
vn 0.731769 0.573829 0.367742 
vn 0.699319 0.63677 0.324771 
vn 0.715142 0.621324 0.320201 
vn 0.64028 0.713594 0.284296 
vn 0.614189 0.734017 0.289811 
vn 0.590235 0.762224 0.265776 
vn 0.65856 0.673229 0.336246 
vn 0.636989 0.704323 0.313326 
vn 0.661168 0.68432 0.30751 
vn 0.662123 0.695294 0.279571 
vn 0.595195 0.767996 0.236486 
vn 0.56521 0.788868 0.241297 
vn 0.539203 0.813884 0.216455 
vn 0.618265 0.74151 0.260598 
vn 0.620614 0.748816 0.232624 
vn 0.571146 0.792991 0.212032 
vn 0.598402 0.773549 0.208655 
vn 0.642671 0.730903 0.229686 
vn 0.68096 0.678436 0.275712 
vn 0.575314 0.796865 0.184444 
vn 0.600733 0.77832 0.182587 
vn 0.551424 0.818727 0.160058 
vn 0.52681 0.839104 0.135561 
vn 0.439219 0.894136 0.0872201 
vn 0.397819 0.913075 0.0896275 
vn 0.367982 0.927608 0.0642894 
vn 0.49397 0.85856 0.13736 
vn 0.45624 0.878685 0.140562 
vn 0.427273 0.896769 0.115076 
vn 0.520446 0.83831 0.162395 
vn 0.466864 0.877172 0.112278 
vn 0.501551 0.857975 0.11102 
vn 0.38268 0.923122 0.0374477 
vn 0.337859 0.940383 0.0391325 
vn 0.30755 0.951426 0.014223 
vn 0.475727 0.875329 0.0864979 
vn 0.411128 0.909449 0.0622548 
vn 0.42271 0.905478 0.0377528 
vn 0.449421 0.891162 0.0620557 
vn 0.508002 0.856945 0.0870551 
vn 0.555661 0.820394 0.134888 
vn 0.483379 0.873125 0.0632269 
vn 0.117033 0.992871 0.0226076 
vn 0.151883 0.987201 0.048635 
vn 0.108565 0.992882 0.0489784 
vn 0.225 0.971575 0.0735993 
vn 0.259209 0.960649 0.0998254 
vn 0.222185 0.9697 0.101568 
vn 0.358432 0.921414 0.150073 
vn 0.390861 0.903422 0.176226 
vn 0.364101 0.913472 0.181657 
vn 0.325603 0.937354 0.123898 
vn 0.327255 0.932524 0.152655 
vn 0.292494 0.951254 0.0977882 
vn 0.293333 0.947643 0.126205 
vn 0.156784 0.98739 0.0219151 
vn 0.259222 0.963144 0.0718245 
vn 0.18697 0.9795 0.07498 
vn 0.190823 0.980469 0.047605 
vn 0.225897 0.973061 0.0460831 
vn 0.417856 0.891807 0.173426 
vn 0.448626 0.871224 0.199257 
vn 0.422769 0.883376 0.20227 
vn 0.646308 0.6737 0.358349 
vn 0.607265 0.72724 0.319924 
vn 0.582301 0.757116 0.296144 
vn 0.556189 0.785347 0.271816 
vn 0.529023 0.811858 0.247026 
vn 0.500905 0.836584 0.221859 
vn 0.473159 0.846487 0.24409 
vn 0.493063 0.848145 0.19375 
vn 0.47194 0.859475 0.196404 
vn 0.435041 0.88904 0.142645 
vn 0.442239 0.880494 0.170748 
vn 0.290154 0.954428 0.0698351 
vn 0.322542 0.941714 0.095606 
vn 0.354697 0.927051 0.121515 
vn 0.386507 0.910418 0.147483 
vn 0.381072 0.916832 0.119177 
vn 0.411912 0.899616 0.144978 
vn 0.349831 0.932142 0.0934287 
vn 0.318298 0.945562 0.0678096 
vn 0.257643 0.965225 0.0442773 
vn 0.286581 0.957118 0.0423937 
vn 0.374797 0.922591 0.0913958 
vn 0.313183 0.948823 0.0406238 
vn 0.731344 0.536845 0.420635 
vn 0.715272 0.572524 0.400753 
vn 0.746105 0.540912 0.388255 
vn 0.745941 0.500304 0.439622 
vn 0.759137 0.507151 0.408054 
vn 0.758746 0.537703 0.367669 
vn 0.744824 0.560072 0.362707 
vn 0.753817 0.54988 0.359711 
vn 0.763241 0.526072 0.375115 
vn 0.767787 0.51374 0.382851 
vn 0.770842 0.472643 0.427096 
vn 0.777196 0.486069 0.39963 
vn 0.782485 0.468962 0.409623 
vn 0.781203 0.437484 0.445341 
vn 0.794653 0.423693 0.434754 
vn 0.797863 0.365615 0.479313 
vn 0.795645 0.419529 0.436973 
vn 0.800843 0.396076 0.449193 
vn 0.809125 0.29234 0.509758 
vn 0.81251 0.32705 0.482561 
vn 0.813452 0.319669 0.485909 
vn 0.813833 0.069155 0.576969 
vn 0.806543 0.01616 0.590954 
vn 0.805104 0.00919663 0.593062 
vn 0.811581 0.0723213 0.579746 
vn 0.818383 0.118609 0.562301 
vn 0.814793 0.0778642 0.574499 
vn 0.819638 0.139406 0.555662 
vn 0.814078 0.147132 0.561809 
vn 0.820932 0.210197 0.530932 
vn 0.820483 0.159689 0.548915 
vn 0.81072 0.224129 0.540833 
vn 0.820041 0.240562 0.51929 
vn 0.817467 0.280918 0.502825 
vn 0.820612 0.224865 0.525387 
vn 0.800879 0.302862 0.516592 
vn 0.783921 0.3827 0.488886 
vn 0.759243 0.462793 0.457574 
vn 0.757827 0.4667 0.455948 
vn 0.747197 0.494405 0.44414 
vn 0.725248 0.543196 0.42303 
vn 0.704392 0.583236 0.404559 
vn 0.681058 0.622708 0.385221 
vn 0.655205 0.6614 0.365043 
vn 0.626814 0.699089 0.344063 
vn 0.595883 0.735547 0.322327 
vn 0.562436 0.770541 0.299887 
vn 0.526514 0.803843 0.276802 
vn 0.488183 0.835226 0.253132 
vn 0.447523 0.864472 0.228937 
vn 0.404633 0.891372 0.204274 
vn 0.359627 0.915727 0.179197 
vn 0.312633 0.937348 0.153752 
vn 0.263789 0.956053 0.127977 
vn 0.213249 0.971669 0.101906 
vn 0.210724 0.972354 0.100617 
vn 0.159277 0.984335 0.0755973 
vn 0.0728554 0.997089 0.022493 
vn 0.103586 0.993414 0.048967 
vn 0.0445765 0.999005 0.00156772 
vn 0.0464721 0.998677 0.0220156 
vn 0.0586708 0.998276 0.00163843 
vn 0.0893578 0.995998 0.00203463 
vn 0.11673 0.993162 0.00183132 
vn 0.149177 0.98881 0.000792908 
vn 0.129686 0.991554 0.00160136 
vn 0.199112 0.979976 -0.000996306 
vn 0.229317 0.973348 -0.0026521 
vn 0.240753 0.970579 -0.00365218 
vn 0.269639 0.962949 -0.00487584 
vn 0.283201 0.959045 -0.00551102 
vn 0.257202 0.966348 -0.0042248 
vn 0.330835 0.943665 -0.00664078 
vn 0.353966 0.93517 0.0128608 
vn 0.333176 0.942837 -0.00726553 
vn 0.458321 0.887907 0.039528 
vn 0.373845 0.927475 -0.00549713 
vn 0.412321 0.911035 -0.00268084 
vn 0.426036 0.904705 -0.00146705 
vn 0.472862 0.880208 0.0404466 
vn 0.521048 0.849226 0.0855867 
vn 0.523023 0.847816 0.0874946 
vn 0.580688 0.801083 0.145149 
vn 0.615038 0.767266 0.181747 
vn 0.628081 0.753022 0.196144 
vn 0.648392 0.729048 0.219265 
vn 0.682221 0.683382 0.259929 
vn 0.692997 0.667017 0.273576 
vn 0.708441 0.64171 0.2938 
vn 0.730074 0.601773 0.323823 
vn 0.166085 0.986111 0.000506079 
vn -0.000148634 1 0.00020015 
vn 0.117374 0.991534 0.0555233 
vn 0.242304 0.963141 0.116826 
vn 0.803827 7.00111e-06 0.594863 
vn 0.915908 0.0846226 0.392367 
vn 0.941801 0.112728 0.316706 
vn 0.945819 0.0753635 0.315826 
vn 0.92053 2.02857e-11 0.390672 
vn 0.918455 0.0565502 0.391462 
vn 0.948234 0.0378772 0.315305 
vn 0.996861 1.70727e-11 0.0791703 
vn 0.994794 0.0643541 0.079021 
vn 0.998285 0.0585393 -0.000199271 
vn 0.997386 0.072251 -0.000300884 
vn 0.845796 0.0181927 0.533196 
vn 0.884967 0.0374273 0.464147 
vn 0.862345 7.95021e-12 0.506322 
vn 0.91115 1.81686e-11 0.412076 
vn 0.970218 0.047084 0.237612 
vn 0.985759 0.0559392 0.158586 
vn 0.987344 2.62774e-11 0.158596 
vn 0.994368 2.10051e-11 0.105983 
vn 0.981022 0.111293 0.158776 
vn 0.992217 0.09628 0.0789611 
vn 0.988617 0.128054 0.078988 
vn 0.966738 0.0936726 0.237996 
vn 0.949691 2.63809e-11 0.313188 
vn 0.977535 2.86215e-11 0.210773 
vn 0.960931 0.140041 0.238748 
vn 0.977469 0.138818 0.159009 
vn 0.97312 0.166278 0.159342 
vn 0.983992 0.159684 0.0791227 
vn 0.978342 0.191181 0.0793579 
vn 0.957132 0.163223 0.239282 
vn 0.967964 0.193702 0.159765 
vn 0.846269 5.15022e-12 0.532756 
vn 0.803826 -3.60354e-13 0.594864 
vn 0.844548 0.0354963 0.534302 
vn 0.812695 0.00745619 0.582641 
vn 0.840337 0.0316676 0.541138 
vn 0.803826 4.05178e-14 0.594864 
vn 0.873243 0.0629007 0.483208 
vn 0.881942 0.0717183 0.465869 
vn 0.863905 0.0537152 0.500781 
vn 0.902189 0.093515 0.421081 
vn 0.907605 0.0996984 0.407815 
vn 0.913217 0.106309 0.39336 
vn 0.926632 0.123138 0.355233 
vn 0.938005 0.138872 0.317588 
vn 0.940019 0.141859 0.310226 
vn 0.956071 0.169112 0.239435 
vn 0.961073 0.179747 0.209831 
vn 0.967327 0.196814 0.159818 
vn 0.960378 0.17817 0.21431 
vn 0.96904 0.203183 0.14028 
vn 0.970995 0.213213 0.108205 
vn 0.971523 0.21768 0.0935827 
vn 0.971822 0.221849 0.0796532 
vn 0.971919 0.226193 0.0648924 
vn 0.969742 0.244132 -0.000139974 
vn 0.973715 0.227769 -0.000212582 
vn 0.976722 0.21451 -0.000280922 
vn 0.985378 0.170384 -0.000439947 
vn 0.985639 0.168868 -0.00053224 
vn 0.989607 0.143796 -0.000477437 
vn 0.993459 0.114187 -0.000435079 
vn 0.994138 0.108117 -0.000418223 
vn 0.996895 0.0787418 -0.000344062 
vn 0.949052 2.6267e-11 0.31512 
vn 1 3.79199e-25 -5.53891e-15 
vn 0.997256 0 0.0740348 
vn 0.996859 0 0.0791982 
vn 0.994369 0 0.105974 
vn 0.994368 6.73771e-17 0.105983 
vn 0.987287 0 0.158945 
vn 0.987344 0 0.158596 
vn 0.977533 0 0.210781 
vn 0.977535 7.27629e-17 0.210773 
vn 0.969908 0 0.24347 
vn 0.949686 0 0.313203 
vn 0.920519 0 0.390699 
vn 0.949054 0 0.315115 
vn 0.933268 0 0.35918 
vn 0.911145 0 0.412086 
vn 0.944766 0 0.327747 
vn 0.91115 8.10242e-17 0.412076 
vn 0.897731 0 0.440544 
vn 0.862336 0 0.506336 
vn 0.862345 8.38066e-17 0.506322 
vn 0.854703 0 0.519118 
vn 0.846283 0 0.532734 
vn 0.803831 0 0.594858 
vn 0.803826 0 0.594864 
vn 0.949691 7.73291e-17 0.313188 
vn 1 6.12323e-17 6.12323e-17 
vn 0.803826 8.56451e-17 0.594864 
vn 0.0997363 -0.995014 6.70341e-17 
vn -2.60508e-11 -1 6.12323e-17 
vn -2.78872e-14 -1 6.12323e-17 
vn 0.0854359 -0.996344 6.62399e-17 
vn 0.186127 -0.982526 7.15594e-17 
vn 0.0997363 -0.995014 6.70341e-17 
vn 0.184058 -0.982915 7.14565e-17 
vn 0.285107 -0.958496 7.61487e-17 
vn 0.186127 -0.982526 7.15594e-17 
vn 0.275571 -0.961281 7.57353e-17 
vn 0.38092 -0.924608 7.99405e-17 
vn 0.285107 -0.958496 7.61487e-17 
vn 0.36272 -0.931898 7.92725e-17 
vn 0.47294 -0.881095 8.29107e-17 
vn 0.38092 -0.924608 7.99405e-17 
vn 0.448563 -0.893751 8.2193e-17 
vn 0.957624 -0.288022 7.62738e-17 
vn 0.960076 -0.27974 7.59168e-17 
vn 0.92694 -0.375209 7.97337e-17 
vn 0.934139 -0.356911 7.9054e-17 
vn 0.951422 -0.30789 7.71106e-17 
vn 0.949744 -0.313027 7.73224e-17 
vn 0.941988 -0.335647 7.82326e-17 
vn 0.887486 -0.460835 8.25608e-17 
vn 0.900308 -0.435253 8.17795e-17 
vn 0.863539 -0.504282 8.37549e-17 
vn 0.862738 -0.505651 8.37897e-17 
vn 0.846165 -0.532922 8.44447e-17 
vn 0.839476 -0.543397 8.46765e-17 
vn 0.783293 -0.621653 8.60281e-17 
vn 0.821584 -0.570087 8.52153e-17 
vn 0.810285 -0.586036 8.55e-17 
vn 0.839476 -0.543397 8.46765e-17 
vn 0.716576 -0.697509 8.65877e-17 
vn 0.749907 -0.661544 8.64264e-17 
vn 0.724013 -0.689786 8.65702e-17 
vn 0.762192 -0.647351 8.63096e-17 
vn 0.783293 -0.621653 8.60281e-17 
vn 0.778026 -0.628233 8.61085e-17 
vn 0.641412 -0.767196 8.62524e-17 
vn 0.679446 -0.733725 8.65318e-17 
vn 0.673122 -0.739532 8.65001e-17 
vn 0.678691 -0.734424 8.65283e-17 
vn 0.716576 -0.697509 8.65877e-17 
vn 0.559764 -0.828652 8.5016e-17 
vn 0.609266 -0.792966 8.58619e-17 
vn 0.575169 -0.818034 8.53091e-17 
vn 0.606167 -0.795337 8.58174e-17 
vn 0.641412 -0.767196 8.62524e-17 
vn 0.623817 -0.78157 8.60552e-17 
vn 0.47294 -0.881095 8.29107e-17 
vn 0.492306 -0.870422 8.3443e-17 
vn 0.492188 -0.870489 8.34399e-17 
vn 0.492733 -0.87018 8.34544e-17 
vn 0.492466 -0.870331 8.34473e-17 
vn 0.493477 -0.869759 8.34741e-17 
vn 0.493188 -0.869923 8.34665e-17 
vn 0.494548 -0.86915 8.35024e-17 
vn 0.494362 -0.869256 8.34975e-17 
vn 0.496539 -0.868014 8.35548e-17 
vn 0.496008 -0.868318 8.35409e-17 
vn 0.495037 -0.868872 8.35153e-17 
vn 0.498346 -0.866978 8.3602e-17 
vn 0.498047 -0.86715 8.35942e-17 
vn 0.498158 -0.867086 8.35971e-17 
vn 0.559764 -0.828652 8.5016e-17 
vn 0.500464 -0.865757 8.36569e-17 
vn 0.532094 -0.846685 8.44259e-17 
vn 0.49188 -0.870663 8.34317e-17 
vn 0.968627 -0.248519 7.45287e-17 
vn 0.803826 8.56451e-17 0.594864 
vn 0.764684 0 0.644406 
vn 0.747223 0 0.664574 
vn 0.803826 0 0.594864 
vn 0.747222 8.64476e-17 0.664575 
vn 0.724144 0 0.689648 
vn 0.682135 0 0.731226 
vn 0.682141 8.65434e-17 0.731221 
vn 0.621374 0 0.783514 
vn 0.611144 0 0.791519 
vn 0.673094 0 0.739557 
vn 0.611141 8.58883e-17 0.791522 
vn 0.573678 0 0.819081 
vn 0.534835 0 0.844957 
vn 0.534838 8.44879e-17 0.844955 
vn 0.460577 0 0.88762 
vn 0.453894 0 0.891056 
vn 0.527467 0 0.849576 
vn 0.493202 0 0.869915 
vn 0.453894 8.23544e-17 0.891056 
vn 0.373338 0 0.927695 
vn 0.369012 0 0.929425 
vn 0.376813 0 0.926289 
vn 0.437539 0 0.8992 
vn 0.416029 0 0.909351 
vn 0.388708 0 0.921361 
vn 0.380549 0 0.924761 
vn 0.369012 7.95063e-17 0.929425 
vn 1 6.12323e-17 6.12323e-17 
vn 0.994138 6.74938e-17 0.108119 
vn 0.976621 7.29639e-17 0.21497 
vn 0.947653 7.75786e-17 0.319302 
vn 0.907575 8.12838e-17 0.419889 
vn 0.856857 8.40359e-17 0.515554 
vn 0.796093 8.58029e-17 0.605174 
vn 0.725995 8.65638e-17 0.687699 
vn 0.647386 8.63099e-17 0.762162 
vn 0.561187 8.50441e-17 0.827689 
vn 0.468408 8.27813e-17 0.883512 
vn 0.370138 7.95478e-17 0.928977 
vn -0.370138 3.4219e-17 0.928977 
vn -0.468408 2.54178e-17 0.883512 
vn -0.561187 1.63185e-17 0.827689 
vn -0.647386 7.02799e-18 0.762162 
vn -0.725995 -2.34496e-18 0.687699 
vn -0.796093 -1.16904e-17 0.605174 
vn -0.856857 -2.08988e-17 0.515554 
vn -0.907575 -2.98622e-17 0.419889 
vn -0.947653 -3.84754e-17 0.319302 
vn -0.976621 -4.66376e-17 0.21497 
vn -0.994138 -5.4253e-17 0.108119 
vn -1 -6.12323e-17 6.12323e-17 
vn -0.994138 -6.74938e-17 -0.108119 
vn -0.976621 -7.29639e-17 -0.21497 
vn -0.947653 -7.75786e-17 -0.319302 
vn -0.907575 -8.12838e-17 -0.419889 
vn -0.856857 -8.40359e-17 -0.515554 
vn -0.796093 -8.58029e-17 -0.605174 
vn -0.725995 -8.65638e-17 -0.687699 
vn -0.647386 -8.63099e-17 -0.762162 
vn -0.561187 -8.50441e-17 -0.827689 
vn -0.468408 -8.27813e-17 -0.883512 
vn -0.370138 -7.95478e-17 -0.928977 
vn -0.267528 -7.53818e-17 -0.96355 
vn -0.161782 -7.0332e-17 -0.986827 
vn -0.0541389 -6.44576e-17 -0.998533 
vn 0.0541389 -5.78275e-17 -0.998533 
vn 0.161782 -5.05194e-17 -0.986827 
vn 0.267528 -4.2619e-17 -0.96355 
vn 0.370138 -3.4219e-17 -0.928977 
vn 0.468408 -2.54178e-17 -0.883512 
vn 0.561187 -1.63185e-17 -0.827689 
vn 0.647386 -7.02799e-18 -0.762162 
vn 0.725995 2.34496e-18 -0.687699 
vn 0.796093 1.16904e-17 -0.605174 
vn 0.856857 2.08988e-17 -0.515554 
vn 0.907575 2.98622e-17 -0.419889 
vn 0.947653 3.84754e-17 -0.319302 
vn 0.976621 4.66376e-17 -0.21497 
vn 0.994138 5.4253e-17 -0.108119 
vn -0.267528 4.2619e-17 0.96355 
vn -0.252299 4.62593e-17 0.967649 
vn -0.261163 4.62593e-17 0.965295 
vn -0.264049 4.62593e-17 0.964509 
vn -0.243812 4.62593e-17 0.969823 
vn -0.250979 4.62593e-17 0.967992 
vn -0.238109 4.62593e-17 0.971238 
vn -0.243158 4.62593e-17 0.969987 
vn -0.233402 4.62593e-17 0.97238 
vn -0.237167 4.62593e-17 0.971469 
vn -0.229012 4.62593e-17 0.973423 
vn -0.232536 4.62593e-17 0.972588 
vn -0.369012 2.31296e-17 0.929425 
vn -0.366314 2.31296e-17 0.930491 
vn -0.366965 2.31296e-17 0.930235 
vn -0.367879 2.31296e-17 0.929874 
vn -0.364485 2.31296e-17 0.931209 
vn -0.359311 2.31296e-17 0.933218 
vn -0.362515 2.31296e-17 0.931978 
vn -0.351568 2.31296e-17 0.936162 
vn -0.354701 2.31296e-17 0.93498 
vn -0.339928 2.31296e-17 0.940452 
vn -0.344256 2.31296e-17 0.938876 
vn -0.318124 4.62593e-17 0.948049 
vn -0.329214 2.31296e-17 0.944255 
vn -0.298732 4.62593e-17 0.954337 
vn -0.3106 4.62593e-17 0.950541 
vn -0.279907 4.62593e-17 0.960027 
vn -0.291135 4.62593e-17 0.956682 
vn -0.267528 4.62593e-17 0.96355 
vn -0.274198 4.62593e-17 0.961673 
vn 0.267528 7.53818e-17 0.96355 
vn 0.370138 7.95478e-17 0.928977 
vn 0.273417 4.62593e-17 0.961896 
vn 0.289167 4.62593e-17 0.957279 
vn 0.27871 4.62593e-17 0.960375 
vn 0.308007 4.62593e-17 0.951384 
vn 0.297848 4.62593e-17 0.954613 
vn 0.331654 6.93889e-17 0.943401 
vn 0.318257 9.25186e-17 0.948005 
vn 0.347125 6.93889e-17 0.937819 
vn 0.337286 6.93889e-17 0.941402 
vn 0.355801 6.93889e-17 0.934562 
vn 0.350897 6.93889e-17 0.936414 
vn 0.36183 6.93889e-17 0.932244 
vn 0.359792 6.93889e-17 0.933033 
vn 0.365987 6.93889e-17 0.93062 
vn 0.365136 6.93889e-17 0.930954 
vn 0.368359 6.93889e-17 0.929683 
vn 0.368155 6.93889e-17 0.929764 
vn 0.369012 6.93889e-17 0.929425 
vn 0.367638 6.93889e-17 0.929969 
vn 0.237029 4.62593e-17 0.971503 
vn 0.232858 4.62593e-17 0.972511 
vn 0.232244 4.62593e-17 0.972658 
vn 0.242925 4.62593e-17 0.970045 
vn 0.237145 4.62593e-17 0.971474 
vn 0.250437 4.62593e-17 0.968133 
vn 0.243639 4.62593e-17 0.969866 
vn 0.260381 4.62593e-17 0.965506 
vn 0.252282 4.62593e-17 0.967654 
vn 0.267528 4.62593e-17 0.96355 
vn 0.263727 4.62593e-17 0.964597 
vn 0.229007 4.62593e-17 0.973425 
vn -0.369012 3.43154e-17 0.929425 
vn -0.453894 2.67684e-17 0.891056 
vn -0.402037 0 0.915624 
vn -0.420917 0 0.907099 
vn -0.390075 0 0.920783 
vn -0.441576 0 0.897224 
vn -0.384562 0 0.923099 
vn -0.369012 3.43154e-17 0.929425 
vn -0.37941 0 0.925229 
vn -0.534838 1.89892e-17 0.844955 
vn -0.493325 0 0.869845 
vn -0.529464 0 0.848332 
vn -0.466688 0 0.884422 
vn -0.453894 0 0.891056 
vn -0.611141 1.10452e-17 0.791522 
vn -0.534836 0 0.844956 
vn -0.566812 0 0.823847 
vn -0.682141 3.0053e-18 0.731221 
vn -0.613107 0 0.79 
vn -0.6602 0 0.75109 
vn -0.611142 0 0.791521 
vn -0.747222 -5.06064e-18 0.664575 
vn -0.682139 0 0.731223 
vn -0.709672 0 0.704532 
vn -0.803826 -1.27952e-17 0.594864 
vn -0.747227 0 0.664569 
vn -0.757799 0 0.652488 
vn -0.803826 0 0.594864 
vn -0.944229 -0.329289 -3.76542e-17 
vn -0.968554 -0.248802 -4.40721e-17 
vn -0.954168 -0.299272 -4.01008e-17 
vn -0.944229 -0.329289 -3.76542e-17 
vn -0.937277 -0.348587 -3.60469e-17 
vn -0.920616 -0.39047 -3.24621e-17 
vn -0.924574 -0.381002 -3.32842e-17 
vn -0.934254 -0.356609 -3.53705e-17 
vn -0.90609 -0.423086 -2.95755e-17 
vn -0.90609 -0.423086 -2.95755e-17 
vn -0.858436 -0.51292 -2.11568e-17 
vn -0.858436 -0.51292 -2.11568e-17 
vn -0.881483 -0.472216 -2.50604e-17 
vn -0.883717 -0.468022 -2.5454e-17 
vn -0.841974 -0.539518 -1.85201e-17 
vn -0.846214 -0.532842 -1.91885e-17 
vn -0.810161 -0.586208 -1.37132e-17 
vn -0.833666 -0.55227 -1.72305e-17 
vn -0.792365 -0.610047 -1.11637e-17 
vn -0.781775 -0.623561 -9.68782e-18 
vn -0.754726 -0.65604 -6.04278e-18 
vn -0.777915 -0.628369 -9.15703e-18 
vn -0.715101 -0.699021 -9.84634e-19 
vn -0.723782 -0.690029 -2.06678e-18 
vn -0.722345 -0.691533 -1.88671e-18 
vn -0.688848 -0.724905 2.20786e-18 
vn -0.644098 -0.764943 7.39964e-18 
vn -0.67328 -0.739387 4.04791e-18 
vn -0.652365 -0.757905 6.46246e-18 
vn -0.614886 -0.788616 1.06379e-17 
vn -0.623784 -0.781596 9.66319e-18 
vn -0.565049 -0.825057 1.59209e-17 
vn -0.575144 -0.818052 1.48739e-17 
vn -0.536738 -0.843749 1.8799e-17 
vn -0.454628 -0.890681 2.67006e-17 
vn -0.500431 -0.865776 2.23709e-17 
vn -0.498107 -0.867116 2.25953e-17 
vn -0.474752 -0.88012 2.48216e-17 
vn -0.499081 -0.866555 2.25013e-17 
vn -0.497119 -0.867683 2.26905e-17 
vn -0.498031 -0.867159 2.26026e-17 
vn -0.495458 -0.868632 2.28503e-17 
vn -0.495974 -0.868337 2.28006e-17 
vn -0.494106 -0.869402 2.29802e-17 
vn -0.494329 -0.869275 2.29588e-17 
vn -0.493621 -0.869677 2.30268e-17 
vn -0.492814 -0.870135 2.31043e-17 
vn -0.493156 -0.869941 2.30715e-17 
vn -0.492322 -0.870413 2.31514e-17 
vn -0.492422 -0.870356 2.31418e-17 
vn -0.454628 -0.890681 2.67006e-17 
vn -0.491865 -0.870672 2.31952e-17 
vn -0.492154 -0.870508 2.31675e-17 
vn -0.380795 -0.924659 3.33021e-17 
vn -0.368233 -0.929734 3.4382e-17 
vn -0.287201 -0.95787 4.10666e-17 
vn -0.278704 -0.960377 4.17404e-17 
vn -0.202805 -0.979219 4.75416e-17 
vn -0.186509 -0.982453 4.87375e-17 
vn -0.111805 -0.99373 5.40023e-17 
vn -0.0921705 -0.995743 5.53279e-17 
vn 2.01786e-14 -1 6.12323e-17 
vn 2.60506e-11 -1 6.12323e-17 
vn -0.848148 0 0.52976 
vn -0.803826 0 0.594864 
vn -0.803831 0 0.594858 
vn -0.862345 -2.18001e-17 0.506322 
vn -0.836305 0 0.548265 
vn -0.862346 0 0.506319 
vn -0.91115 -3.05594e-17 0.412076 
vn -0.88318 0 0.469034 
vn -0.921508 0 0.38836 
vn -0.911156 0 0.412062 
vn -0.949691 -3.89745e-17 0.313188 
vn -0.922541 0 0.385898 
vn -0.949697 0 0.313171 
vn -0.977535 -4.69506e-17 0.210773 
vn -0.95436 0 0.29866 
vn -0.965751 0 0.25947 
vn -0.994368 -5.43979e-17 0.105983 
vn -0.977536 0 0.210767 
vn -0.984623 0 0.174692 
vn -0.996898 0 0.0786981 
vn -0.99437 0 0.105968 
vn -1 0 1.70691e-16 
vn -0.996096 0 0.0882807 
vn -0.803826 -1.27952e-17 0.594864 
vn -0.921519 2.50978e-11 0.388334 
vn -0.949691 3.07761e-11 0.313188 
vn -0.948865 0.0381126 0.313372 
vn -0.919412 0.0571479 0.389123 
vn -0.847634 0.0190398 0.530239 
vn -0.848133 8.15487e-12 0.529783 
vn -0.862345 1.12155e-11 0.506322 
vn -0.886338 0.0381527 0.461464 
vn -0.91115 2.26715e-11 0.412076 
vn -0.803826 -7.64271e-13 0.594864 
vn -0.916823 0.0855161 0.390029 
vn -0.946426 0.0758314 0.31389 
vn -0.973229 0.1666 0.158337 
vn -0.977593 0.139088 0.158005 
vn -0.984012 0.159812 0.0786199 
vn -0.981159 0.111509 0.157773 
vn -0.988643 0.128157 0.0784857 
vn -0.96707 0.0940122 0.236511 
vn -0.961225 0.140547 0.23726 
vn -0.957403 0.163811 0.237791 
vn -0.942367 0.113427 0.314769 
vn -0.99483 0.0644054 0.0785202 
vn -0.996901 1.81745e-11 0.0786705 
vn -0.999895 0.0144967 -1.6724e-05 
vn -1 -8.7595e-23 1.27949e-12 
vn -0.997718 0.0675183 -0.000244947 
vn -0.970572 0.0472548 0.236129 
vn -0.985913 0.056048 0.157586 
vn -0.99225 0.0963571 0.0784596 
vn -0.977535 3.19059e-11 0.210773 
vn -0.994368 2.26368e-11 0.105983 
vn -0.996895 0.0787403 -0.000342301 
vn -0.997386 0.072251 -0.000300884 
vn -0.994138 0.108119 -0.000429902 
vn -0.992007 0.12618 -0.000459862 
vn -0.989607 0.143796 -0.00047794 
vn -0.985637 0.16888 -0.000557321 
vn -0.978353 0.191333 0.0788545 
vn -0.982349 0.187059 -0.000390089 
vn -0.976721 0.214511 -0.000284031 
vn -0.969742 0.244132 -0.000139974 
vn -0.971919 0.226208 0.0648299 
vn -0.971828 0.222003 0.0791489 
vn -0.971525 0.217718 0.0934758 
vn -0.968055 0.194076 0.158759 
vn -0.971475 0.217196 0.0952004 
vn -0.969043 0.203239 0.14018 
vn -0.963585 0.185908 0.192202 
vn -0.960395 0.178254 0.214166 
vn -0.967422 0.197165 0.158811 
vn -0.956344 0.169673 0.237943 
vn -0.945612 0.150559 0.288359 
vn -0.938542 0.139665 0.315646 
vn -0.926622 0.123119 0.355265 
vn -0.916749 0.110582 0.383852 
vn -0.914099 0.107362 0.391021 
vn -0.902198 0.0935211 0.421061 
vn -0.883238 0.0730527 0.4632 
vn -0.881035 0.0707803 0.467726 
vn -0.873276 0.0629257 0.483146 
vn -0.846318 0.0371187 0.531383 
vn -0.840302 0.0316334 0.541194 
vn -0.803826 4.94956e-13 0.594864 
vn -0.831896 0.0241025 0.554408 
vn -1 -6.12323e-17 -6.12323e-17 
vn -6.12323e-17 6.12323e-17 1 
vn -0.493053 0.848146 0.193772 
vn -0.512299 0.83722 0.191343 
vn -0.484611 0.858831 0.166019 
vn -0.435031 0.889041 0.142668 
vn -0.582288 0.757116 0.29617 
vn -0.614182 0.734019 0.289822 
vn -0.590228 0.762226 0.265787 
vn -0.636982 0.704326 0.313336 
vn -0.607251 0.72724 0.319949 
vn -0.64046 0.682305 0.352521 
vn -0.565203 0.78887 0.241308 
vn -0.539195 0.813886 0.216467 
vn -0.500892 0.836584 0.221889 
vn -0.52901 0.811858 0.247054 
vn -0.463854 0.853801 0.236355 
vn -0.44861 0.871224 0.199295 
vn -0.471927 0.859475 0.196435 
vn -0.374787 0.922592 0.0914203 
vn -0.397811 0.913078 0.0896411 
vn -0.367973 0.92761 0.0643033 
vn -0.313174 0.948826 0.0406493 
vn -0.442226 0.880494 0.17078 
vn -0.41784 0.891807 0.173465 
vn -0.456232 0.878687 0.140575 
vn -0.427265 0.896771 0.11509 
vn -0.4119 0.899617 0.14501 
vn -0.349819 0.932143 0.0934631 
vn -0.38106 0.916833 0.119211 
vn -0.354683 0.927051 0.121556 
vn -0.386492 0.910418 0.147523 
vn -0.390844 0.903421 0.17627 
vn -0.422752 0.883375 0.202312 
vn -0.325587 0.937353 0.123943 
vn -0.358415 0.921414 0.150117 
vn -0.322528 0.941715 0.0956482 
vn -0.292478 0.951254 0.0978346 
vn -0.290141 0.954429 0.0698781 
vn -0.28657 0.957119 0.0424295 
vn -0.318287 0.945564 0.0678448 
vn -0.259206 0.963144 0.0718716 
vn -0.25763 0.965226 0.044321 
vn -0.224984 0.971575 0.0736455 
vn -0.259192 0.960648 0.0998711 
vn -0.293316 0.947643 0.12625 
vn -0.327238 0.932523 0.152699 
vn -0.186955 0.9795 0.0750191 
vn -0.222169 0.969699 0.101606 
vn -0.225883 0.973062 0.0461309 
vn -0.190807 0.98047 0.0476518 
vn -0.151868 0.987201 0.0486744 
vn -0.156769 0.987391 0.0219622 
vn -0.108554 0.992882 0.0490028 
vn -0.117019 0.992871 0.0226472 
vn -0.716451 0.589184 0.373578 
vn -0.731771 0.573832 0.367732 
vn -0.699322 0.636774 0.324759 
vn -0.744827 0.560075 0.362697 
vn -0.715145 0.621327 0.32019 
vn -0.680963 0.678438 0.2757 
vn -0.662124 0.695298 0.279558 
vn -0.642673 0.730905 0.229672 
vn -0.598403 0.773553 0.20864 
vn -0.600735 0.778322 0.182572 
vn -0.575314 0.796869 0.184429 
vn -0.555662 0.820396 0.134872 
vn -0.526808 0.839107 0.135544 
vn -0.551423 0.81873 0.160041 
vn -0.508003 0.856947 0.0870379 
vn -0.475725 0.875333 0.0864793 
vn -0.501549 0.857979 0.111002 
vn -0.483379 0.873126 0.0632093 
vn -0.449418 0.891165 0.0620365 
vn -0.45832 0.887908 0.03951 
vn -0.422707 0.90548 0.037733 
vn -0.520442 0.838313 0.162389 
vn -0.620614 0.74882 0.232609 
vn -0.595192 0.768 0.236481 
vn -0.618263 0.741513 0.260594 
vn -0.640278 0.713598 0.284292 
vn -0.661166 0.684324 0.307506 
vn -0.680862 0.653771 0.330167 
vn -0.678829 0.64083 0.358509 
vn -0.658553 0.673231 0.336255 
vn -0.571143 0.792995 0.212027 
vn -0.546198 0.816447 0.187305 
vn -0.411122 0.909452 0.062248 
vn -0.466859 0.877176 0.112272 
vn -0.493966 0.858564 0.137354 
vn -0.439214 0.894139 0.0872135 
vn -0.382675 0.923124 0.0374406 
vn -0.337851 0.940385 0.0391466 
vn -0.35396 0.935172 0.0128534 
vn -0.307542 0.951428 0.0142373 
vn -0.745936 0.500306 0.439629 
vn -0.770845 0.472646 0.427088 
vn -0.75914 0.507154 0.408046 
vn -0.731338 0.536847 0.420642 
vn -0.746107 0.540915 0.388246 
vn -0.715266 0.572526 0.40076 
vn -0.0728454 0.997089 0.0225175 
vn -0.0469694 0.998653 0.0220402 
vn -0.104633 0.993303 0.0489931 
vn -0.115306 0.99186 0.0540186 
vn -0.160796 0.984088 0.0756021 
vn -0.215255 0.97123 0.101869 
vn -0.235749 0.96535 0.1119 
vn -0.267837 0.954951 0.127793 
vn -0.288282 0.947541 0.138052 
vn -0.317116 0.935888 0.153465 
vn -0.363656 0.914198 0.178873 
vn -0.353196 0.919396 0.1731 
vn -0.408236 0.889808 0.203924 
vn -0.450729 0.862901 0.22857 
vn -0.49102 0.833674 0.252757 
vn -0.529011 0.802332 0.276424 
vn -0.556175 0.785347 0.271843 
vn -0.564619 0.76909 0.29951 
vn -0.597779 0.73417 0.321955 
vn -0.628448 0.6978 0.343699 
vn -0.656603 0.660208 0.364689 
vn -0.682244 0.62162 0.384878 
vn -0.697749 0.607225 0.380031 
vn -0.705391 0.582257 0.404229 
vn -0.726081 0.542326 0.422716 
vn -0.75283 0.481307 0.448988 
vn -0.760337 0.461527 0.457035 
vn -0.781206 0.437487 0.445334 
vn -0.765843 0.446023 0.463193 
vn -0.784752 0.381656 0.488368 
vn -0.797865 0.365617 0.479307 
vn -0.80134 0.30225 0.516236 
vn -0.813834 0.0691549 0.576968 
vn -0.8116 0.0722971 0.579722 
vn -0.805114 0.00927035 0.593047 
vn -0.803827 7.06441e-06 0.594863 
vn -0.811818 0.0525581 0.58154 
vn -0.815177 0.0815269 0.573446 
vn -0.814165 0.147015 0.561713 
vn -0.820582 0.162877 0.547829 
vn -0.810945 0.223822 0.540622 
vn -0.820409 0.157478 0.549664 
vn -0.819638 0.139407 0.555662 
vn -0.819542 0.250769 0.515233 
vn -0.817468 0.280918 0.502824 
vn -0.809127 0.292342 0.509754 
vn -0.820932 0.210197 0.530931 
vn -0.819924 0.243166 0.518261 
vn -0.813206 0.321651 0.485012 
vn -0.809405 0.348767 0.472467 
vn -0.800569 0.397392 0.448518 
vn -0.795646 0.419528 0.436971 
vn -0.782258 0.469728 0.40918 
vn -0.777197 0.486068 0.399628 
vn -0.790636 0.439737 0.426058 
vn -0.758611 0.538048 0.367443 
vn -0.753818 0.54988 0.359708 
vn -0.763783 0.524637 0.376021 
vn -0.763237 0.526085 0.375104 
vn -0.730077 0.601772 0.323818 
vn -0.697244 0.660298 0.279029 
vn -0.693006 0.66701 0.27357 
vn -0.719824 0.621433 0.309314 
vn -0.671698 0.698456 0.246943 
vn -0.642795 0.73589 0.212793 
vn -0.634517 0.745675 0.203364 
vn -0.615044 0.767263 0.18174 
vn -0.591514 0.790969 0.156459 
vn -0.542808 0.83304 0.106787 
vn -0.523015 0.847822 0.0874842 
vn -0.487795 0.871278 0.0541352 
vn -0.472914 0.88018 0.040438 
vn -0.426048 0.904699 -0.00148013 
vn -0.412319 0.911036 -0.00270028 
vn -0.39326 0.919416 -0.0045925 
vn -0.373839 0.927477 -0.00551747 
vn -0.330825 0.943669 -0.00664696 
vn -0.293011 0.95609 -0.00609776 
vn -0.305403 0.952202 -0.00628813 
vn -0.283191 0.959048 -0.00549636 
vn -0.229306 0.973351 -0.00261638 
vn -0.199099 0.979979 -0.000952636 
vn -0.195418 0.980719 -0.00106617 
vn -0.165572 0.986197 0.000573001 
vn -0.129671 0.991556 0.00164771 
vn -0.16607 0.986114 0.000553743 
vn -0.0972631 0.995257 0.00166292 
vn -0.0893425 0.995999 0.00207324 
vn -0.0445654 0.999005 0.00159114 
vn 0.000150503 1 0.000202741 
vn -0.257192 0.966351 -0.00419962 
vn -0.996912 0.0785256 -6.58516e-17 
vn -0.989644 0.143546 0 
vn -0.994167 0.107849 0 
vn -0.992027 0.126029 0 
vn -0.985648 0.168812 -7.06903e-17 
vn -0.985647 0.168817 0 
vn -1 -8.72817e-16 0 
vn -0.997405 0.0719984 0 
vn -0.997733 0.0673024 0 
vn -0.999896 0.0144114 0 
vn -0.996912 0.0785208 0 
vn -0.971644 0.236449 0 
vn -0.970386 0.241559 0 
vn -0.976745 0.214406 0 
vn -0.982344 0.187083 0 
vn -0.97184 0.235641 0 
vn -0.972777 0.231745 0 
vn -0.974028 0.226428 0 
vn -0.973783 0.227479 0 
vn -0.975052 0.221976 0 
vn -0.974505 0.224365 0 
vn -0.976295 0.216446 0 
vn -0.975991 0.21781 0 
vn -0.976479 0.215611 0 
vn -0.97634 0.216242 0 
vn -0.975814 0.2186 0 
vn -0.969712 0.24425 0 
vn -1 -2.43197e-15 0 
vn -0.0990915 0.995078 -6.69986e-17 
vn 4.5791e-09 1 -6.12323e-17 
vn -9.50759e-15 1 -6.12323e-17 
vn -0.0471941 0.998886 -6.40539e-17 
vn -0.0934673 0.995622 -6.66875e-17 
vn -0.134386 0.990929 -6.89057e-17 
vn -0.170231 0.985404 -7.07622e-17 
vn -0.170728 0.985318 -7.07874e-17 
vn -0.199832 0.97983 -7.22335e-17 
vn -0.0990915 0.995078 -6.69986e-17 
vn -0.298404 0.95444 -7.67145e-17 
vn -0.263915 0.964546 -7.52216e-17 
vn -0.289571 0.957157 -7.634e-17 
vn -0.204907 0.978782 -7.248e-17 
vn -0.235822 0.971796 -7.39453e-17 
vn -0.394034 0.919096 -8.0406e-17 
vn -0.336022 0.941854 -7.82473e-17 
vn -0.377038 0.926198 -7.98002e-17 
vn -0.298404 0.95444 -7.67145e-17 
vn -0.310964 0.950422 -7.72376e-17 
vn -0.426064 0.904693 -8.14854e-17 
vn -0.394034 0.919096 -8.0406e-17 
vn -0.412994 0.910734 -8.1055e-17 
vn -0.426064 0.904693 -8.14854e-17 
vn -6.12323e-17 1 -6.12323e-17 
vn -1 -6.12323e-17 -6.12323e-17 
vn -0.994138 -5.4253e-17 0.108119 
vn -0.976621 -4.66376e-17 0.21497 
vn -0.947653 -3.84754e-17 0.319302 
vn -0.907575 -2.98622e-17 0.419889 
vn -0.856857 -2.08988e-17 0.515554 
vn -0.796093 -1.16904e-17 0.605174 
vn -0.837257 0 0.54681 
vn -0.725995 -2.34496e-18 0.687699 
vn -0.735194 0 0.677857 
vn -0.647386 7.02799e-18 0.762162 
vn -0.561187 1.63185e-17 0.827689 
vn -0.468408 2.54178e-17 0.883512 
vn -0.370138 3.4219e-17 0.928977 
vn -0.267528 4.2619e-17 0.96355 
vn -0.280781 5.50706e-17 0.959772 
vn -0.161782 5.05194e-17 0.986827 
vn -0.0541389 5.78275e-17 0.998533 
vn 0.0541389 6.44576e-17 0.998533 
vn 0.161782 7.0332e-17 0.986827 
vn 0.267528 7.53818e-17 0.96355 
vn 0.370138 7.95478e-17 0.928977 
vn 0.280781 5.50706e-17 0.959772 
vn 0.468408 8.27813e-17 0.883512 
vn 0.561187 8.50441e-17 0.827689 
vn 0.647386 8.63099e-17 0.762162 
vn 0.725995 8.65638e-17 0.687699 
vn 0.796093 8.58029e-17 0.605174 
vn 0.735194 1.10141e-16 0.677857 
vn 0.856857 8.40359e-17 0.515554 
vn 0.907575 8.12838e-17 0.419889 
vn 0.947653 7.75786e-17 0.319302 
vn 0.976621 7.29639e-17 0.21497 
vn 0.994138 6.74938e-17 0.108119 
vn 1 5.50706e-17 6.27786e-16 
vn 0.994138 5.4253e-17 -0.108119 
vn 0.976621 4.66376e-17 -0.21497 
vn 0.947653 3.84754e-17 -0.319302 
vn 0.907575 2.98622e-17 -0.419889 
vn 0.856857 2.08988e-17 -0.515554 
vn 0.796093 1.16904e-17 -0.605174 
vn 0.725995 2.34496e-18 -0.687699 
vn 0.735194 0 -0.677857 
vn 0.647386 -7.02799e-18 -0.762162 
vn 0.561187 -1.63185e-17 -0.827689 
vn 0.468408 -2.54178e-17 -0.883512 
vn 0.370138 -3.4219e-17 -0.928977 
vn 0.267528 -4.2619e-17 -0.96355 
vn 0.301063 -5.50706e-17 -0.953604 
vn 0.280781 -5.50706e-17 -0.959772 
vn 0.267528 -4.2619e-17 -0.96355 
vn 0.161782 -5.05194e-17 -0.986827 
vn 0.0541389 -5.78275e-17 -0.998533 
vn -0.0541389 -6.44576e-17 -0.998533 
vn -0.161782 -7.0332e-17 -0.986827 
vn -0.267528 -7.53818e-17 -0.96355 
vn -0.301063 -5.50706e-17 -0.953604 
vn -0.280781 -5.50706e-17 -0.959772 
vn -0.370138 -7.95478e-17 -0.928977 
vn -0.468408 -8.27813e-17 -0.883512 
vn -0.561187 -8.50441e-17 -0.827689 
vn -0.647386 -8.63099e-17 -0.762162 
vn -0.725995 -8.65638e-17 -0.687699 
vn -0.796093 -8.58029e-17 -0.605174 
vn -0.735194 -1.10141e-16 -0.677857 
vn -0.856857 -8.40359e-17 -0.515554 
vn -0.837257 -1.10141e-16 -0.54681 
vn -0.907575 -8.12838e-17 -0.419889 
vn -0.947653 -7.75786e-17 -0.319302 
vn -0.976621 -7.29639e-17 -0.21497 
vn -0.994138 -6.74938e-17 -0.108119 
vn -0.725995 -8.65638e-17 -0.687699 
vn -0.267528 -7.53818e-17 -0.96355 
vn 0.370138 -3.4219e-17 -0.928977 
vn 0.796093 1.16904e-17 -0.605174 
vn 0.725995 8.65638e-17 0.687699 
vn 0.267528 7.53818e-17 0.96355 
vn -0.370138 3.4219e-17 0.928977 
vn -0.856857 -2.08988e-17 0.515554 
vn 1.22465e-17 -0.8 0.6 
vn 0.548576 -0.832648 0.0759104 
vn 0.582096 -0.812658 0.0273971 
vn 0.6 -0.8 -7.69784e-15 
vn 0.574969 -0.817292 0.0380002 
vn 0.548576 -0.832648 0.0759104 
vn 0.491955 -0.857408 0.151102 
vn 0.526785 -0.843393 0.10576 
vn 0.520882 -0.84603 0.113641 
vn 0.491955 -0.857408 0.151102 
vn 0.430673 -0.874047 0.224862 
vn 0.466129 -0.865573 0.18305 
vn 0.461861 -0.866754 0.188205 
vn 0.430673 -0.874047 0.224862 
vn 0.400745 -0.878971 0.258483 
vn 0.365313 -0.882405 0.296491 
vn 0.398465 -0.879268 0.260986 
vn 0.331295 -0.883452 0.331295 
vn 0.296491 -0.882405 0.365313 
vn 0.260986 -0.879268 0.398465 
vn 0.258483 -0.878971 0.400745 
vn 0.224862 -0.874047 0.430673 
vn 0.188205 -0.866754 0.461861 
vn 0.151102 -0.857408 0.491955 
vn 0.18305 -0.865573 0.466129 
vn 0.113641 -0.84603 0.520882 
vn 0.0759104 -0.832648 0.548576 
vn 0.10576 -0.843393 0.526785 
vn 0.0380002 -0.817292 0.574969 
vn 4.87891e-15 -0.8 0.6 
vn 0.0273971 -0.812658 0.582096 
vn 0.6 -0.8 -4.8518e-15 
vn -0.0759104 -0.832648 0.548576 
vn -0.0273971 -0.812658 0.582096 
vn 6.50521e-16 -0.8 0.6 
vn -0.0380002 -0.817292 0.574969 
vn -0.0759104 -0.832648 0.548576 
vn -0.151102 -0.857408 0.491955 
vn -0.10576 -0.843393 0.526785 
vn -0.113641 -0.84603 0.520882 
vn -0.151102 -0.857408 0.491955 
vn -0.224862 -0.874047 0.430673 
vn -0.18305 -0.865573 0.466129 
vn -0.188205 -0.866754 0.461861 
vn -0.224862 -0.874047 0.430673 
vn -0.258483 -0.878971 0.400745 
vn -0.296491 -0.882405 0.365313 
vn -0.260986 -0.879268 0.398465 
vn -0.331295 -0.883452 0.331295 
vn -0.365313 -0.882405 0.296491 
vn -0.398465 -0.879268 0.260986 
vn -0.400745 -0.878971 0.258483 
vn -0.430673 -0.874047 0.224862 
vn -0.461861 -0.866754 0.188205 
vn -0.491955 -0.857408 0.151102 
vn -0.466129 -0.865573 0.18305 
vn -0.520882 -0.84603 0.113641 
vn -0.548576 -0.832648 0.0759104 
vn -0.526785 -0.843393 0.10576 
vn -0.574969 -0.817292 0.0380002 
vn -0.6 -0.8 2.60209e-15 
vn -0.582096 -0.812658 0.0273971 
vn 6.01732e-15 -0.8 0.6 
vn -1.27975e-17 -0.594843 0.803842 
vn 0.0864513 -0.633163 0.769175 
vn 0.0216471 -0.605005 0.795927 
vn 2.11419e-15 -0.594843 0.803842 
vn 0.0864513 -0.633163 0.769175 
vn 0.0648865 -0.624171 0.778588 
vn 0.0432805 -0.614783 0.787508 
vn 1.89735e-15 -0.594843 0.803842 
vn 0.769175 -0.633163 0.0864513 
vn 0.787508 -0.614783 0.0432805 
vn 0.778588 -0.624171 0.0648865 
vn 0.795927 -0.605005 0.0216471 
vn 0.787508 -0.614783 0.0432805 
vn 0.803842 -0.594843 1.13841e-15 
vn 0.769175 -0.633163 0.0864513 
vn 0.742363 -0.654698 0.142363 
vn 0.726712 -0.665057 0.172013 
vn 0.726706 -0.665061 0.172026 
vn 0.748891 -0.649937 0.129403 
vn 0.756177 -0.644278 0.114469 
vn 0.749371 -0.649575 0.128433 
vn 0.762779 -0.638807 0.100474 
vn 0.696749 -0.681416 0.224084 
vn 0.676871 -0.69021 0.255845 
vn 0.676864 -0.690212 0.255855 
vn 0.702677 -0.678498 0.214212 
vn 0.644534 -0.701679 0.303681 
vn 0.620162 -0.708361 0.337082 
vn 0.620157 -0.708362 0.337089 
vn 0.649335 -0.700175 0.296848 
vn 0.586214 -0.715296 0.380402 
vn 0.557161 -0.719325 0.4149 
vn 0.557159 -0.719326 0.414903 
vn 0.589406 -0.714751 0.376474 
vn 0.522341 -0.722136 0.453519 
vn 0.488509 -0.722993 0.488509 
vn 0.523498 -0.722075 0.45228 
vn 0.453519 -0.722136 0.522341 
vn 0.45228 -0.722075 0.523498 
vn 0.4149 -0.719325 0.557161 
vn 0.414903 -0.719326 0.557159 
vn 0.380402 -0.715296 0.586214 
vn 0.376474 -0.714751 0.589406 
vn 0.337082 -0.708361 0.620162 
vn 0.337089 -0.708362 0.620157 
vn 0.303681 -0.701679 0.644534 
vn 0.296848 -0.700175 0.649335 
vn 0.255845 -0.69021 0.676871 
vn 0.255855 -0.690212 0.676864 
vn 0.224084 -0.681416 0.696749 
vn 0.214212 -0.678498 0.702677 
vn 0.172013 -0.665057 0.726712 
vn 0.172026 -0.665061 0.726706 
vn 0.129403 -0.649937 0.748891 
vn 0.142363 -0.654698 0.742363 
vn 0.128433 -0.649575 0.749371 
vn 0.114469 -0.644278 0.756177 
vn 0.100474 -0.638807 0.762779 
vn 0.803842 -0.594843 -5.42101e-17 
vn -0.0864513 -0.633163 0.769175 
vn -0.0432805 -0.614783 0.787508 
vn -0.0648865 -0.624171 0.778588 
vn -0.0216471 -0.605005 0.795927 
vn -0.0432805 -0.614783 0.787508 
vn -6.50521e-15 -0.594843 0.803842 
vn -0.0864513 -0.633163 0.769175 
vn -0.142363 -0.654698 0.742363 
vn -0.172013 -0.665057 0.726712 
vn -0.172026 -0.665061 0.726706 
vn -0.129403 -0.649937 0.748891 
vn -0.114469 -0.644278 0.756177 
vn -0.128433 -0.649575 0.749371 
vn -0.100474 -0.638807 0.762779 
vn -0.224084 -0.681416 0.696749 
vn -0.255845 -0.69021 0.676871 
vn -0.255855 -0.690212 0.676864 
vn -0.214212 -0.678498 0.702677 
vn -0.303681 -0.701679 0.644534 
vn -0.337082 -0.708361 0.620162 
vn -0.337089 -0.708362 0.620157 
vn -0.296848 -0.700175 0.649335 
vn -0.380402 -0.715296 0.586214 
vn -0.4149 -0.719325 0.557161 
vn -0.414903 -0.719326 0.557159 
vn -0.376474 -0.714751 0.589406 
vn -0.453519 -0.722136 0.522341 
vn -0.488509 -0.722993 0.488509 
vn -0.45228 -0.722075 0.523498 
vn -0.522341 -0.722136 0.453519 
vn -0.523498 -0.722075 0.45228 
vn -0.557161 -0.719325 0.4149 
vn -0.557159 -0.719326 0.414903 
vn -0.586214 -0.715296 0.380402 
vn -0.589406 -0.714751 0.376474 
vn -0.620162 -0.708361 0.337082 
vn -0.620157 -0.708362 0.337089 
vn -0.644534 -0.701679 0.303681 
vn -0.649335 -0.700175 0.296848 
vn -0.676871 -0.69021 0.255845 
vn -0.676864 -0.690212 0.255855 
vn -0.696749 -0.681416 0.224084 
vn -0.702677 -0.678498 0.214212 
vn -0.726712 -0.665057 0.172013 
vn -0.726706 -0.665061 0.172026 
vn -0.748891 -0.649937 0.129403 
vn -0.742363 -0.654698 0.142363 
vn -0.749371 -0.649575 0.128433 
vn -0.756177 -0.644278 0.114469 
vn -0.762779 -0.638807 0.100474 
vn -0.769175 -0.633163 0.0864513 
vn -0.795927 -0.605005 0.0216471 
vn -0.803842 -0.594843 -5.63785e-15 
vn -0.778588 -0.624171 0.0648865 
vn -0.787508 -0.614783 0.0432805 
vn -0.803842 -0.594843 -7.80626e-15 
vn -5.63785e-15 -0.594843 0.803842 
vn -0.6 -0.8 -3.11216e-17 
vn -0.548576 -0.832648 -0.0759104 
vn -0.582096 -0.812658 -0.0273971 
vn -0.6 -0.8 -7.58942e-15 
vn -0.574969 -0.817292 -0.0380002 
vn -0.548576 -0.832648 -0.0759104 
vn -0.491955 -0.857408 -0.151102 
vn -0.526785 -0.843393 -0.10576 
vn -0.520882 -0.84603 -0.113641 
vn -0.491955 -0.857408 -0.151102 
vn -0.430673 -0.874047 -0.224862 
vn -0.466129 -0.865573 -0.18305 
vn -0.461861 -0.866754 -0.188205 
vn -0.430673 -0.874047 -0.224862 
vn -0.400745 -0.878971 -0.258483 
vn -0.365313 -0.882405 -0.296491 
vn -0.398465 -0.879268 -0.260986 
vn -0.331295 -0.883452 -0.331295 
vn -0.296491 -0.882405 -0.365313 
vn -0.260986 -0.879268 -0.398465 
vn -0.258483 -0.878971 -0.400745 
vn -0.224862 -0.874047 -0.430673 
vn -0.188205 -0.866754 -0.461861 
vn -0.151102 -0.857408 -0.491955 
vn -0.18305 -0.865573 -0.466129 
vn -0.113641 -0.84603 -0.520882 
vn -0.0759104 -0.832648 -0.548576 
vn -0.10576 -0.843393 -0.526785 
vn -0.0380002 -0.817292 -0.574969 
vn 3.46945e-15 -0.8 -0.6 
vn -0.0273971 -0.812658 -0.582096 
vn -0.6 -0.8 2.20906e-15 
vn -0.769175 -0.633163 -0.0864513 
vn -0.787508 -0.614783 -0.0432805 
vn -0.778588 -0.624171 -0.0648865 
vn -0.795927 -0.605005 -0.0216471 
vn -0.787508 -0.614783 -0.0432805 
vn -0.803842 -0.594843 -3.7405e-15 
vn -0.769175 -0.633163 -0.0864513 
vn -0.742363 -0.654698 -0.142363 
vn -0.726712 -0.665057 -0.172013 
vn -0.726706 -0.665061 -0.172026 
vn -0.748891 -0.649937 -0.129403 
vn -0.756177 -0.644278 -0.114469 
vn -0.749371 -0.649575 -0.128433 
vn -0.762779 -0.638807 -0.100474 
vn -0.696749 -0.681416 -0.224084 
vn -0.676871 -0.69021 -0.255845 
vn -0.676864 -0.690212 -0.255855 
vn -0.702677 -0.678498 -0.214212 
vn -0.644534 -0.701679 -0.303681 
vn -0.620162 -0.708361 -0.337082 
vn -0.620157 -0.708362 -0.337089 
vn -0.649335 -0.700175 -0.296848 
vn -0.586214 -0.715296 -0.380402 
vn -0.557161 -0.719325 -0.4149 
vn -0.557159 -0.719326 -0.414903 
vn -0.589406 -0.714751 -0.376474 
vn -0.522341 -0.722136 -0.453519 
vn -0.488509 -0.722993 -0.488509 
vn -0.523498 -0.722075 -0.45228 
vn -0.453519 -0.722136 -0.522341 
vn -0.45228 -0.722075 -0.523498 
vn -0.4149 -0.719325 -0.557161 
vn -0.414903 -0.719326 -0.557159 
vn -0.380402 -0.715296 -0.586214 
vn -0.376474 -0.714751 -0.589406 
vn -0.337082 -0.708361 -0.620162 
vn -0.337089 -0.708362 -0.620157 
vn -0.303681 -0.701679 -0.644534 
vn -0.296848 -0.700175 -0.649335 
vn -0.255845 -0.69021 -0.676871 
vn -0.255855 -0.690212 -0.676864 
vn -0.224084 -0.681416 -0.696749 
vn -0.214212 -0.678498 -0.702677 
vn -0.172013 -0.665057 -0.726712 
vn -0.172026 -0.665061 -0.726706 
vn -0.129403 -0.649937 -0.748891 
vn -0.142363 -0.654698 -0.742363 
vn -0.128433 -0.649575 -0.749371 
vn -0.114469 -0.644278 -0.756177 
vn -0.100474 -0.638807 -0.762779 
vn -0.0864513 -0.633163 -0.769175 
vn -0.0216471 -0.605005 -0.795927 
vn 1.89735e-15 -0.594843 -0.803842 
vn -0.0648865 -0.624171 -0.778588 
vn -0.0432805 -0.614783 -0.787508 
vn 3.57787e-15 -0.594843 -0.803842 
vn -0.803842 -0.594843 -3.57787e-15 
vn 0.803842 -0.594843 1.43747e-16 
vn 0.769175 -0.633163 -0.0864513 
vn 0.795927 -0.605005 -0.0216471 
vn 0.803842 -0.594843 -4.09286e-15 
vn 0.769175 -0.633163 -0.0864513 
vn 0.778588 -0.624171 -0.0648865 
vn 0.787508 -0.614783 -0.0432805 
vn 0.803842 -0.594843 -3.68629e-15 
vn 0.0864513 -0.633163 -0.769175 
vn 0.0432805 -0.614783 -0.787508 
vn 0.0648865 -0.624171 -0.778588 
vn 0.0216471 -0.605005 -0.795927 
vn 0.0432805 -0.614783 -0.787508 
vn 1.89735e-16 -0.594843 -0.803842 
vn 0.0864513 -0.633163 -0.769175 
vn 0.142363 -0.654698 -0.742363 
vn 0.172013 -0.665057 -0.726712 
vn 0.172026 -0.665061 -0.726706 
vn 0.129403 -0.649937 -0.748891 
vn 0.114469 -0.644278 -0.756177 
vn 0.128433 -0.649575 -0.749371 
vn 0.100474 -0.638807 -0.762779 
vn 0.224084 -0.681416 -0.696749 
vn 0.255845 -0.69021 -0.676871 
vn 0.255855 -0.690212 -0.676864 
vn 0.214212 -0.678498 -0.702677 
vn 0.303681 -0.701679 -0.644534 
vn 0.337082 -0.708361 -0.620162 
vn 0.337089 -0.708362 -0.620157 
vn 0.296848 -0.700175 -0.649335 
vn 0.380402 -0.715296 -0.586214 
vn 0.4149 -0.719325 -0.557161 
vn 0.414903 -0.719326 -0.557159 
vn 0.376474 -0.714751 -0.589406 
vn 0.453519 -0.722136 -0.522341 
vn 0.488509 -0.722993 -0.488509 
vn 0.45228 -0.722075 -0.523498 
vn 0.522341 -0.722136 -0.453519 
vn 0.523498 -0.722075 -0.45228 
vn 0.557161 -0.719325 -0.4149 
vn 0.557159 -0.719326 -0.414903 
vn 0.586214 -0.715296 -0.380402 
vn 0.589406 -0.714751 -0.376474 
vn 0.620162 -0.708361 -0.337082 
vn 0.620157 -0.708362 -0.337089 
vn 0.644534 -0.701679 -0.303681 
vn 0.649335 -0.700175 -0.296848 
vn 0.676871 -0.69021 -0.255845 
vn 0.676864 -0.690212 -0.255855 
vn 0.696749 -0.681416 -0.224084 
vn 0.702677 -0.678498 -0.214212 
vn 0.726712 -0.665057 -0.172013 
vn 0.726706 -0.665061 -0.172026 
vn 0.748891 -0.649937 -0.129403 
vn 0.742363 -0.654698 -0.142363 
vn 0.749371 -0.649575 -0.128433 
vn 0.756177 -0.644278 -0.114469 
vn 0.762779 -0.638807 -0.100474 
vn -1.57209e-15 -0.594843 -0.803842 
vn 0.6 -0.8 1.29093e-16 
vn 8.57253e-17 -0.8 -0.6 
vn 0.0759104 -0.832648 -0.548576 
vn 0.0273971 -0.812658 -0.582096 
vn -4.33681e-15 -0.8 -0.6 
vn 0.0380002 -0.817292 -0.574969 
vn 0.0759104 -0.832648 -0.548576 
vn 0.151102 -0.857408 -0.491955 
vn 0.10576 -0.843393 -0.526785 
vn 0.113641 -0.84603 -0.520882 
vn 0.151102 -0.857408 -0.491955 
vn 0.224862 -0.874047 -0.430673 
vn 0.18305 -0.865573 -0.466129 
vn 0.188205 -0.866754 -0.461861 
vn 0.224862 -0.874047 -0.430673 
vn 0.258483 -0.878971 -0.400745 
vn 0.296491 -0.882405 -0.365313 
vn 0.260986 -0.879268 -0.398465 
vn 0.331295 -0.883452 -0.331295 
vn 0.365313 -0.882405 -0.296491 
vn 0.398465 -0.879268 -0.260986 
vn 0.400745 -0.878971 -0.258483 
vn 0.430673 -0.874047 -0.224862 
vn 0.461861 -0.866754 -0.188205 
vn 0.491955 -0.857408 -0.151102 
vn 0.466129 -0.865573 -0.18305 
vn 0.520882 -0.84603 -0.113641 
vn 0.548576 -0.832648 -0.0759104 
vn 0.526785 -0.843393 -0.10576 
vn 0.574969 -0.817292 -0.0380002 
vn 0.6 -0.8 6.07153e-15 
vn 0.582096 -0.812658 -0.0273971 
vn -4.33681e-15 -0.8 -0.6 
vn 6.12323e-17 -1 6.12323e-17 
vn 0.994138 6.74938e-17 0.108119 
vn 1 6.12323e-17 3.06162e-16 
vn 0.976621 7.29639e-17 0.21497 
vn 0.994138 6.74938e-17 0.108119 
vn 0.947653 7.75786e-17 0.319302 
vn 0.976621 7.29639e-17 0.21497 
vn 0.907575 8.12838e-17 0.419889 
vn 0.947653 7.75786e-17 0.319302 
vn 0.856857 8.40359e-17 0.515554 
vn 0.907575 8.12838e-17 0.419889 
vn 0.796093 8.58029e-17 0.605174 
vn 0.837257 8.26059e-17 0.54681 
vn 0.856857 8.40359e-17 0.515554 
vn 0.725995 8.65638e-17 0.687699 
vn 0.735194 1.10141e-16 0.677857 
vn 0.647386 8.63099e-17 0.762162 
vn 0.561187 8.50441e-17 0.827689 
vn 0.468408 8.27813e-17 0.883512 
vn 0.370138 7.95478e-17 0.928977 
vn 0.267528 7.53818e-17 0.96355 
vn 0.301063 8.26059e-17 0.953604 
vn 0.280781 8.26059e-17 0.959772 
vn 0.161782 7.0332e-17 0.986827 
vn 0.0541389 6.44576e-17 0.998533 
vn -0.0541389 5.78275e-17 0.998533 
vn -0.161782 5.05194e-17 0.986827 
vn -0.267528 4.2619e-17 0.96355 
vn -0.301063 2.75353e-17 0.953604 
vn -0.280781 2.75353e-17 0.959772 
vn -0.370138 3.4219e-17 0.928977 
vn -0.468408 2.54178e-17 0.883512 
vn -0.561187 1.63185e-17 0.827689 
vn -0.647386 7.02799e-18 0.762162 
vn -0.725995 -2.34496e-18 0.687699 
vn -0.796093 -1.16904e-17 0.605174 
vn -0.735194 0 0.677857 
vn -0.725995 -2.34496e-18 0.687699 
vn -0.856857 -2.08988e-17 0.515554 
vn -0.907575 -2.98622e-17 0.419889 
vn -0.947653 -3.84754e-17 0.319302 
vn -0.976621 -4.66376e-17 0.21497 
vn -0.994138 -5.4253e-17 0.108119 
vn -1 -5.50706e-17 -6.27786e-16 
vn -0.994138 -6.74938e-17 -0.108119 
vn -0.976621 -7.29639e-17 -0.21497 
vn -0.947653 -7.75786e-17 -0.319302 
vn -0.907575 -8.12838e-17 -0.419889 
vn -0.856857 -8.40359e-17 -0.515554 
vn -0.796093 -8.58029e-17 -0.605174 
vn -0.725995 -8.65638e-17 -0.687699 
vn -0.735194 -1.10141e-16 -0.677857 
vn -0.647386 -8.63099e-17 -0.762162 
vn -0.561187 -8.50441e-17 -0.827689 
vn -0.468408 -8.27813e-17 -0.883512 
vn -0.370138 -7.95478e-17 -0.928977 
vn -0.267528 -7.53818e-17 -0.96355 
vn -0.280781 -8.26059e-17 -0.959772 
vn -0.161782 -7.0332e-17 -0.986827 
vn -0.0541389 -6.44576e-17 -0.998533 
vn 0.0541389 -5.78275e-17 -0.998533 
vn 0.161782 -5.05194e-17 -0.986827 
vn 0.267528 -4.2619e-17 -0.96355 
vn 0.370138 -3.4219e-17 -0.928977 
vn 0.280781 -2.75353e-17 -0.959772 
vn 0.267528 -4.2619e-17 -0.96355 
vn 0.468408 -2.54178e-17 -0.883512 
vn 0.561187 -1.63185e-17 -0.827689 
vn 0.647386 -7.02799e-18 -0.762162 
vn 0.725995 2.34496e-18 -0.687699 
vn 0.796093 1.16904e-17 -0.605174 
vn 0.735194 0 -0.677857 
vn 0.725995 2.34496e-18 -0.687699 
vn 0.856857 2.08988e-17 -0.515554 
vn 0.837257 2.75353e-17 -0.54681 
vn 0.907575 2.98622e-17 -0.419889 
vn 0.947653 3.84754e-17 -0.319302 
vn 0.976621 4.66376e-17 -0.21497 
vn 0.994138 5.4253e-17 -0.108119 
vn 6.12323e-17 -1 6.12323e-17 
vn -0.866025 -2.24126e-17 0.5 
vn -6.12323e-17 6.12323e-17 1 
vn 0.866025 8.36449e-17 0.5 
vn 0.866025 2.24126e-17 -0.5 
vn 6.12323e-17 -6.12323e-17 -1 
vn -0.866025 -8.36449e-17 -0.5 
vn -6.12323e-17 1 -6.12323e-17 
vn 6.12323e-17 -1 6.12323e-17 
vn 0.994138 6.74938e-17 0.108119 
vn 1 6.12323e-17 3.06162e-16 
vn 0.976621 7.29639e-17 0.21497 
vn 0.994138 6.74938e-17 0.108119 
vn 0.947653 7.75786e-17 0.319302 
vn 0.976621 7.29639e-17 0.21497 
vn 0.907575 8.12838e-17 0.419889 
vn 0.947653 7.75786e-17 0.319302 
vn 0.856857 8.40359e-17 0.515554 
vn 0.907575 8.12838e-17 0.419889 
vn 0.796093 8.58029e-17 0.605174 
vn 0.856857 8.40359e-17 0.515554 
vn 0.725995 8.65638e-17 0.687699 
vn 0.796093 8.58029e-17 0.605174 
vn 0.647386 8.63099e-17 0.762162 
vn 0.725995 8.65638e-17 0.687699 
vn 0.561187 8.50441e-17 0.827689 
vn 0.647386 8.63099e-17 0.762162 
vn 0.468408 8.27813e-17 0.883512 
vn 0.561187 8.50441e-17 0.827689 
vn 0.370138 7.95478e-17 0.928977 
vn 0.468408 8.27813e-17 0.883512 
vn 0.267528 7.53818e-17 0.96355 
vn 0.370138 7.95478e-17 0.928977 
vn 0.161782 7.0332e-17 0.986827 
vn 0.267528 7.53818e-17 0.96355 
vn 0.0541389 6.44576e-17 0.998533 
vn 0.161782 7.0332e-17 0.986827 
vn -0.0541389 5.78275e-17 0.998533 
vn 0.0541389 6.44576e-17 0.998533 
vn -0.161782 5.05194e-17 0.986827 
vn -0.0541389 5.78275e-17 0.998533 
vn -0.267528 4.2619e-17 0.96355 
vn -0.161782 5.05194e-17 0.986827 
vn -0.370138 3.4219e-17 0.928977 
vn -0.267528 4.2619e-17 0.96355 
vn -0.468408 2.54178e-17 0.883512 
vn -0.370138 3.4219e-17 0.928977 
vn -0.561187 1.63185e-17 0.827689 
vn -0.468408 2.54178e-17 0.883512 
vn -0.647386 7.02799e-18 0.762162 
vn -0.561187 1.63185e-17 0.827689 
vn -0.725995 -2.34496e-18 0.687699 
vn -0.647386 7.02799e-18 0.762162 
vn -0.796093 -1.16904e-17 0.605174 
vn -0.725995 -2.34496e-18 0.687699 
vn -0.856857 -2.08988e-17 0.515554 
vn -0.796093 -1.16904e-17 0.605174 
vn -0.907575 -2.98622e-17 0.419889 
vn -0.856857 -2.08988e-17 0.515554 
vn -0.947653 -3.84754e-17 0.319302 
vn -0.907575 -2.98622e-17 0.419889 
vn -0.976621 -4.66376e-17 0.21497 
vn -0.947653 -3.84754e-17 0.319302 
vn -0.994138 -5.4253e-17 0.108119 
vn -0.976621 -4.66376e-17 0.21497 
vn -1 0 -1.0497e-16 
vn -0.994138 -5.4253e-17 0.108119 
vn -0.994138 -6.74938e-17 -0.108119 
vn -1 -6.12323e-17 -1.83697e-16 
vn -0.976621 -7.29639e-17 -0.21497 
vn -0.994138 -6.74938e-17 -0.108119 
vn -0.947653 -7.75786e-17 -0.319302 
vn -0.976621 -7.29639e-17 -0.21497 
vn -0.907575 -8.12838e-17 -0.419889 
vn -0.947653 -7.75786e-17 -0.319302 
vn -0.856857 -8.40359e-17 -0.515554 
vn -0.907575 -8.12838e-17 -0.419889 
vn -0.796093 -8.58029e-17 -0.605174 
vn -0.856857 -8.40359e-17 -0.515554 
vn -0.725995 -8.65638e-17 -0.687699 
vn -0.796093 -8.58029e-17 -0.605174 
vn -0.647386 -8.63099e-17 -0.762162 
vn -0.725995 -8.65638e-17 -0.687699 
vn -0.561187 -8.50441e-17 -0.827689 
vn -0.647386 -8.63099e-17 -0.762162 
vn -0.468408 -8.27813e-17 -0.883512 
vn -0.561187 -8.50441e-17 -0.827689 
vn -0.370138 -7.95478e-17 -0.928977 
vn -0.468408 -8.27813e-17 -0.883512 
vn -0.267528 -7.53818e-17 -0.96355 
vn -0.370138 -7.95478e-17 -0.928977 
vn -0.161782 -7.0332e-17 -0.986827 
vn -0.267528 -7.53818e-17 -0.96355 
vn -0.0541389 -6.44576e-17 -0.998533 
vn -0.161782 -7.0332e-17 -0.986827 
vn 0.0541389 -5.78275e-17 -0.998533 
vn -0.0541389 -6.44576e-17 -0.998533 
vn 0.161782 -5.05194e-17 -0.986827 
vn 0.0541389 -5.78275e-17 -0.998533 
vn 0.267528 -4.2619e-17 -0.96355 
vn 0.161782 -5.05194e-17 -0.986827 
vn 0.370138 -3.4219e-17 -0.928977 
vn 0.267528 -4.2619e-17 -0.96355 
vn 0.468408 -2.54178e-17 -0.883512 
vn 0.370138 -3.4219e-17 -0.928977 
vn 0.561187 -1.63185e-17 -0.827689 
vn 0.468408 -2.54178e-17 -0.883512 
vn 0.647386 -7.02799e-18 -0.762162 
vn 0.561187 -1.63185e-17 -0.827689 
vn 0.725995 2.34496e-18 -0.687699 
vn 0.647386 -7.02799e-18 -0.762162 
vn 0.796093 1.16904e-17 -0.605174 
vn 0.725995 2.34496e-18 -0.687699 
vn 0.856857 2.08988e-17 -0.515554 
vn 0.796093 1.16904e-17 -0.605174 
vn 0.907575 2.98622e-17 -0.419889 
vn 0.856857 2.08988e-17 -0.515554 
vn 0.947653 3.84754e-17 -0.319302 
vn 0.907575 2.98622e-17 -0.419889 
vn 0.976621 4.66376e-17 -0.21497 
vn 0.947653 3.84754e-17 -0.319302 
vn 0.994138 5.4253e-17 -0.108119 
vn 0.976621 4.66376e-17 -0.21497 
vn 0.994138 6.74938e-17 0.108119 
vn 1 6.12323e-17 3.06162e-16 
vn 0.976621 7.29639e-17 0.21497 
vn 0.994138 6.74938e-17 0.108119 
vn 0.947653 7.75786e-17 0.319302 
vn 0.976621 7.29639e-17 0.21497 
vn 0.907575 8.12838e-17 0.419889 
vn 0.947653 7.75786e-17 0.319302 
vn 0.856857 8.40359e-17 0.515554 
vn 0.907575 8.12838e-17 0.419889 
vn 0.796093 8.58029e-17 0.605174 
vn 0.856857 8.40359e-17 0.515554 
vn 0.725995 8.65638e-17 0.687699 
vn 0.796093 8.58029e-17 0.605174 
vn 0.647386 8.63099e-17 0.762162 
vn 0.725995 8.65638e-17 0.687699 
vn 0.561187 8.50441e-17 0.827689 
vn 0.647386 8.63099e-17 0.762162 
vn 0.468408 8.27813e-17 0.883512 
vn 0.561187 8.50441e-17 0.827689 
vn 0.370138 7.95478e-17 0.928977 
vn 0.468408 8.27813e-17 0.883512 
vn 0.267528 7.53818e-17 0.96355 
vn 0.370138 7.95478e-17 0.928977 
vn 0.161782 7.0332e-17 0.986827 
vn 0.267528 7.53818e-17 0.96355 
vn 0.0541389 6.44576e-17 0.998533 
vn 0.161782 7.0332e-17 0.986827 
vn -0.0541389 5.78275e-17 0.998533 
vn 0.0541389 6.44576e-17 0.998533 
vn -0.161782 5.05194e-17 0.986827 
vn -0.0541389 5.78275e-17 0.998533 
vn -0.267528 4.2619e-17 0.96355 
vn -0.161782 5.05194e-17 0.986827 
vn -0.370138 3.4219e-17 0.928977 
vn -0.267528 4.2619e-17 0.96355 
vn -0.468408 2.54178e-17 0.883512 
vn -0.370138 3.4219e-17 0.928977 
vn -0.561187 1.63185e-17 0.827689 
vn -0.468408 2.54178e-17 0.883512 
vn -0.647386 7.02799e-18 0.762162 
vn -0.561187 1.63185e-17 0.827689 
vn -0.725995 -2.34496e-18 0.687699 
vn -0.647386 7.02799e-18 0.762162 
vn -0.796093 -1.16904e-17 0.605174 
vn -0.725995 -2.34496e-18 0.687699 
vn -0.856857 -2.08988e-17 0.515554 
vn -0.796093 -1.16904e-17 0.605174 
vn -0.907575 -2.98622e-17 0.419889 
vn -0.856857 -2.08988e-17 0.515554 
vn -0.947653 -3.84754e-17 0.319302 
vn -0.907575 -2.98622e-17 0.419889 
vn -0.976621 -4.66376e-17 0.21497 
vn -0.947653 -3.84754e-17 0.319302 
vn -0.994138 -5.4253e-17 0.108119 
vn -0.976621 -4.66376e-17 0.21497 
vn -1 0 -1.0497e-16 
vn -0.994138 -5.4253e-17 0.108119 
vn -0.994138 -6.74938e-17 -0.108119 
vn -1 -6.12323e-17 -1.83697e-16 
vn -0.976621 -7.29639e-17 -0.21497 
vn -0.994138 -6.74938e-17 -0.108119 
vn -0.947653 -7.75786e-17 -0.319302 
vn -0.976621 -7.29639e-17 -0.21497 
vn -0.907575 -8.12838e-17 -0.419889 
vn -0.947653 -7.75786e-17 -0.319302 
vn -0.856857 -8.40359e-17 -0.515554 
vn -0.907575 -8.12838e-17 -0.419889 
vn -0.796093 -8.58029e-17 -0.605174 
vn -0.856857 -8.40359e-17 -0.515554 
vn -0.725995 -8.65638e-17 -0.687699 
vn -0.796093 -8.58029e-17 -0.605174 
vn -0.647386 -8.63099e-17 -0.762162 
vn -0.725995 -8.65638e-17 -0.687699 
vn -0.561187 -8.50441e-17 -0.827689 
vn -0.647386 -8.63099e-17 -0.762162 
vn -0.468408 -8.27813e-17 -0.883512 
vn -0.561187 -8.50441e-17 -0.827689 
vn -0.370138 -7.95478e-17 -0.928977 
vn -0.468408 -8.27813e-17 -0.883512 
vn -0.267528 -7.53818e-17 -0.96355 
vn -0.370138 -7.95478e-17 -0.928977 
vn -0.161782 -7.0332e-17 -0.986827 
vn -0.267528 -7.53818e-17 -0.96355 
vn -0.0541389 -6.44576e-17 -0.998533 
vn -0.161782 -7.0332e-17 -0.986827 
vn 0.0541389 -5.78275e-17 -0.998533 
vn -0.0541389 -6.44576e-17 -0.998533 
vn 0.161782 -5.05194e-17 -0.986827 
vn 0.0541389 -5.78275e-17 -0.998533 
vn 0.267528 -4.2619e-17 -0.96355 
vn 0.161782 -5.05194e-17 -0.986827 
vn 0.370138 -3.4219e-17 -0.928977 
vn 0.267528 -4.2619e-17 -0.96355 
vn 0.468408 -2.54178e-17 -0.883512 
vn 0.370138 -3.4219e-17 -0.928977 
vn 0.561187 -1.63185e-17 -0.827689 
vn 0.468408 -2.54178e-17 -0.883512 
vn 0.647386 -7.02799e-18 -0.762162 
vn 0.561187 -1.63185e-17 -0.827689 
vn 0.725995 2.34496e-18 -0.687699 
vn 0.647386 -7.02799e-18 -0.762162 
vn 0.796093 1.16904e-17 -0.605174 
vn 0.725995 2.34496e-18 -0.687699 
vn 0.856857 2.08988e-17 -0.515554 
vn 0.796093 1.16904e-17 -0.605174 
vn 0.907575 2.98622e-17 -0.419889 
vn 0.856857 2.08988e-17 -0.515554 
vn 0.947653 3.84754e-17 -0.319302 
vn 0.907575 2.98622e-17 -0.419889 
vn 0.976621 4.66376e-17 -0.21497 
vn 0.947653 3.84754e-17 -0.319302 
vn 0.994138 5.4253e-17 -0.108119 
vn 0.976621 4.66376e-17 -0.21497 
vn 0.994138 6.74938e-17 0.108119 
vn 1 6.12323e-17 3.06162e-16 
vn 0.976621 7.29639e-17 0.21497 
vn 0.994138 6.74938e-17 0.108119 
vn 0.947653 7.75786e-17 0.319302 
vn 0.976621 7.29639e-17 0.21497 
vn 0.907575 8.12838e-17 0.419889 
vn 0.947653 7.75786e-17 0.319302 
vn 0.856857 8.40359e-17 0.515554 
vn 0.907575 8.12838e-17 0.419889 
vn 0.796093 8.58029e-17 0.605174 
vn 0.856857 8.40359e-17 0.515554 
vn 0.725995 8.65638e-17 0.687699 
vn 0.796093 8.58029e-17 0.605174 
vn 0.647386 8.63099e-17 0.762162 
vn 0.725995 8.65638e-17 0.687699 
vn 0.561187 8.50441e-17 0.827689 
vn 0.647386 8.63099e-17 0.762162 
vn 0.468408 8.27813e-17 0.883512 
vn 0.561187 8.50441e-17 0.827689 
vn 0.370138 7.95478e-17 0.928977 
vn 0.468408 8.27813e-17 0.883512 
vn 0.267528 7.53818e-17 0.96355 
vn 0.370138 7.95478e-17 0.928977 
vn 0.161782 7.0332e-17 0.986827 
vn 0.267528 7.53818e-17 0.96355 
vn 0.0541389 6.44576e-17 0.998533 
vn 0.161782 7.0332e-17 0.986827 
vn -0.0541389 5.78275e-17 0.998533 
vn 0.0541389 6.44576e-17 0.998533 
vn -0.161782 5.05194e-17 0.986827 
vn -0.0541389 5.78275e-17 0.998533 
vn -0.267528 4.2619e-17 0.96355 
vn -0.161782 5.05194e-17 0.986827 
vn -0.370138 3.4219e-17 0.928977 
vn -0.267528 4.2619e-17 0.96355 
vn -0.468408 2.54178e-17 0.883512 
vn -0.370138 3.4219e-17 0.928977 
vn -0.561187 1.63185e-17 0.827689 
vn -0.468408 2.54178e-17 0.883512 
vn -0.647386 7.02799e-18 0.762162 
vn -0.561187 1.63185e-17 0.827689 
vn -0.725995 -2.34496e-18 0.687699 
vn -0.647386 7.02799e-18 0.762162 
vn -0.796093 -1.16904e-17 0.605174 
vn -0.725995 -2.34496e-18 0.687699 
vn -0.856857 -2.08988e-17 0.515554 
vn -0.796093 -1.16904e-17 0.605174 
vn -0.907575 -2.98622e-17 0.419889 
vn -0.856857 -2.08988e-17 0.515554 
vn -0.947653 -3.84754e-17 0.319302 
vn -0.907575 -2.98622e-17 0.419889 
vn -0.976621 -4.66376e-17 0.21497 
vn -0.947653 -3.84754e-17 0.319302 
vn -0.994138 -5.4253e-17 0.108119 
vn -0.976621 -4.66376e-17 0.21497 
vn -1 0 -1.0497e-16 
vn -0.994138 -5.4253e-17 0.108119 
vn -0.994138 -6.74938e-17 -0.108119 
vn -1 -6.12323e-17 -1.83697e-16 
vn -0.976621 -7.29639e-17 -0.21497 
vn -0.994138 -6.74938e-17 -0.108119 
vn -0.947653 -7.75786e-17 -0.319302 
vn -0.976621 -7.29639e-17 -0.21497 
vn -0.907575 -8.12838e-17 -0.419889 
vn -0.947653 -7.75786e-17 -0.319302 
vn -0.856857 -8.40359e-17 -0.515554 
vn -0.907575 -8.12838e-17 -0.419889 
vn -0.796093 -8.58029e-17 -0.605174 
vn -0.856857 -8.40359e-17 -0.515554 
vn -0.725995 -8.65638e-17 -0.687699 
vn -0.796093 -8.58029e-17 -0.605174 
vn -0.647386 -8.63099e-17 -0.762162 
vn -0.725995 -8.65638e-17 -0.687699 
vn -0.561187 -8.50441e-17 -0.827689 
vn -0.647386 -8.63099e-17 -0.762162 
vn -0.468408 -8.27813e-17 -0.883512 
vn -0.561187 -8.50441e-17 -0.827689 
vn -0.370138 -7.95478e-17 -0.928977 
vn -0.468408 -8.27813e-17 -0.883512 
vn -0.267528 -7.53818e-17 -0.96355 
vn -0.370138 -7.95478e-17 -0.928977 
vn -0.161782 -7.0332e-17 -0.986827 
vn -0.267528 -7.53818e-17 -0.96355 
vn -0.0541389 -6.44576e-17 -0.998533 
vn -0.161782 -7.0332e-17 -0.986827 
vn 0.0541389 -5.78275e-17 -0.998533 
vn -0.0541389 -6.44576e-17 -0.998533 
vn 0.161782 -5.05194e-17 -0.986827 
vn 0.0541389 -5.78275e-17 -0.998533 
vn 0.267528 -4.2619e-17 -0.96355 
vn 0.161782 -5.05194e-17 -0.986827 
vn 0.370138 -3.4219e-17 -0.928977 
vn 0.267528 -4.2619e-17 -0.96355 
vn 0.468408 -2.54178e-17 -0.883512 
vn 0.370138 -3.4219e-17 -0.928977 
vn 0.561187 -1.63185e-17 -0.827689 
vn 0.468408 -2.54178e-17 -0.883512 
vn 0.647386 -7.02799e-18 -0.762162 
vn 0.561187 -1.63185e-17 -0.827689 
vn 0.725995 2.34496e-18 -0.687699 
vn 0.647386 -7.02799e-18 -0.762162 
vn 0.796093 1.16904e-17 -0.605174 
vn 0.725995 2.34496e-18 -0.687699 
vn 0.856857 2.08988e-17 -0.515554 
vn 0.796093 1.16904e-17 -0.605174 
vn 0.907575 2.98622e-17 -0.419889 
vn 0.856857 2.08988e-17 -0.515554 
vn 0.947653 3.84754e-17 -0.319302 
vn 0.907575 2.98622e-17 -0.419889 
vn 0.976621 4.66376e-17 -0.21497 
vn 0.947653 3.84754e-17 -0.319302 
vn 0.994138 5.4253e-17 -0.108119 
vn 0.976621 4.66376e-17 -0.21497 
vn 0.994138 6.74938e-17 0.108119 
vn 1 6.12323e-17 3.06162e-16 
vn 0.976621 7.29639e-17 0.21497 
vn 0.994138 6.74938e-17 0.108119 
vn 0.947653 7.75786e-17 0.319302 
vn 0.976621 7.29639e-17 0.21497 
vn 0.907575 8.12838e-17 0.419889 
vn 0.947653 7.75786e-17 0.319302 
vn 0.856857 8.40359e-17 0.515554 
vn 0.907575 8.12838e-17 0.419889 
vn 0.796093 8.58029e-17 0.605174 
vn 0.856857 8.40359e-17 0.515554 
vn 0.725995 8.65638e-17 0.687699 
vn 0.796093 8.58029e-17 0.605174 
vn 0.647386 8.63099e-17 0.762162 
vn 0.725995 8.65638e-17 0.687699 
vn 0.561187 8.50441e-17 0.827689 
vn 0.647386 8.63099e-17 0.762162 
vn 0.468408 8.27813e-17 0.883512 
vn 0.561187 8.50441e-17 0.827689 
vn 0.370138 7.95478e-17 0.928977 
vn 0.468408 8.27813e-17 0.883512 
vn 0.267528 7.53818e-17 0.96355 
vn 0.370138 7.95478e-17 0.928977 
vn 0.161782 7.0332e-17 0.986827 
vn 0.267528 7.53818e-17 0.96355 
vn 0.0541389 6.44576e-17 0.998533 
vn 0.161782 7.0332e-17 0.986827 
vn -0.0541389 5.78275e-17 0.998533 
vn 0.0541389 6.44576e-17 0.998533 
vn -0.161782 5.05194e-17 0.986827 
vn -0.0541389 5.78275e-17 0.998533 
vn -0.267528 4.2619e-17 0.96355 
vn -0.161782 5.05194e-17 0.986827 
vn -0.370138 3.4219e-17 0.928977 
vn -0.267528 4.2619e-17 0.96355 
vn -0.468408 2.54178e-17 0.883512 
vn -0.370138 3.4219e-17 0.928977 
vn -0.561187 1.63185e-17 0.827689 
vn -0.468408 2.54178e-17 0.883512 
vn -0.647386 7.02799e-18 0.762162 
vn -0.561187 1.63185e-17 0.827689 
vn -0.725995 -2.34496e-18 0.687699 
vn -0.647386 7.02799e-18 0.762162 
vn -0.796093 -1.16904e-17 0.605174 
vn -0.725995 -2.34496e-18 0.687699 
vn -0.856857 -2.08988e-17 0.515554 
vn -0.796093 -1.16904e-17 0.605174 
vn -0.907575 -2.98622e-17 0.419889 
vn -0.856857 -2.08988e-17 0.515554 
vn -0.947653 -3.84754e-17 0.319302 
vn -0.907575 -2.98622e-17 0.419889 
vn -0.976621 -4.66376e-17 0.21497 
vn -0.947653 -3.84754e-17 0.319302 
vn -0.994138 -5.4253e-17 0.108119 
vn -0.976621 -4.66376e-17 0.21497 
vn -1 0 -1.0497e-16 
vn -0.994138 -5.4253e-17 0.108119 
vn -0.994138 -6.74938e-17 -0.108119 
vn -1 -6.12323e-17 -1.83697e-16 
vn -0.976621 -7.29639e-17 -0.21497 
vn -0.994138 -6.74938e-17 -0.108119 
vn -0.947653 -7.75786e-17 -0.319302 
vn -0.976621 -7.29639e-17 -0.21497 
vn -0.907575 -8.12838e-17 -0.419889 
vn -0.947653 -7.75786e-17 -0.319302 
vn -0.856857 -8.40359e-17 -0.515554 
vn -0.907575 -8.12838e-17 -0.419889 
vn -0.796093 -8.58029e-17 -0.605174 
vn -0.856857 -8.40359e-17 -0.515554 
vn -0.725995 -8.65638e-17 -0.687699 
vn -0.796093 -8.58029e-17 -0.605174 
vn -0.647386 -8.63099e-17 -0.762162 
vn -0.725995 -8.65638e-17 -0.687699 
vn -0.561187 -8.50441e-17 -0.827689 
vn -0.647386 -8.63099e-17 -0.762162 
vn -0.468408 -8.27813e-17 -0.883512 
vn -0.561187 -8.50441e-17 -0.827689 
vn -0.370138 -7.95478e-17 -0.928977 
vn -0.468408 -8.27813e-17 -0.883512 
vn -0.267528 -7.53818e-17 -0.96355 
vn -0.370138 -7.95478e-17 -0.928977 
vn -0.161782 -7.0332e-17 -0.986827 
vn -0.267528 -7.53818e-17 -0.96355 
vn -0.0541389 -6.44576e-17 -0.998533 
vn -0.161782 -7.0332e-17 -0.986827 
vn 0.0541389 -5.78275e-17 -0.998533 
vn -0.0541389 -6.44576e-17 -0.998533 
vn 0.161782 -5.05194e-17 -0.986827 
vn 0.0541389 -5.78275e-17 -0.998533 
vn 0.267528 -4.2619e-17 -0.96355 
vn 0.161782 -5.05194e-17 -0.986827 
vn 0.370138 -3.4219e-17 -0.928977 
vn 0.267528 -4.2619e-17 -0.96355 
vn 0.468408 -2.54178e-17 -0.883512 
vn 0.370138 -3.4219e-17 -0.928977 
vn 0.561187 -1.63185e-17 -0.827689 
vn 0.468408 -2.54178e-17 -0.883512 
vn 0.647386 -7.02799e-18 -0.762162 
vn 0.561187 -1.63185e-17 -0.827689 
vn 0.725995 2.34496e-18 -0.687699 
vn 0.647386 -7.02799e-18 -0.762162 
vn 0.796093 1.16904e-17 -0.605174 
vn 0.725995 2.34496e-18 -0.687699 
vn 0.856857 2.08988e-17 -0.515554 
vn 0.796093 1.16904e-17 -0.605174 
vn 0.907575 2.98622e-17 -0.419889 
vn 0.856857 2.08988e-17 -0.515554 
vn 0.947653 3.84754e-17 -0.319302 
vn 0.907575 2.98622e-17 -0.419889 
vn 0.976621 4.66376e-17 -0.21497 
vn 0.947653 3.84754e-17 -0.319302 
vn 0.994138 5.4253e-17 -0.108119 
vn 0.976621 4.66376e-17 -0.21497 
vn 0.994138 6.74938e-17 0.108119 
vn 1 6.12323e-17 3.06162e-16 
vn 0.976621 7.29639e-17 0.21497 
vn 0.994138 6.74938e-17 0.108119 
vn 0.947653 7.75786e-17 0.319302 
vn 0.976621 7.29639e-17 0.21497 
vn 0.907575 8.12838e-17 0.419889 
vn 0.947653 7.75786e-17 0.319302 
vn 0.856857 8.40359e-17 0.515554 
vn 0.907575 8.12838e-17 0.419889 
vn 0.796093 8.58029e-17 0.605174 
vn 0.856857 8.40359e-17 0.515554 
vn 0.725995 8.65638e-17 0.687699 
vn 0.796093 8.58029e-17 0.605174 
vn 0.647386 8.63099e-17 0.762162 
vn 0.725995 8.65638e-17 0.687699 
vn 0.561187 8.50441e-17 0.827689 
vn 0.647386 8.63099e-17 0.762162 
vn 0.468408 8.27813e-17 0.883512 
vn 0.561187 8.50441e-17 0.827689 
vn 0.370138 7.95478e-17 0.928977 
vn 0.468408 8.27813e-17 0.883512 
vn 0.267528 7.53818e-17 0.96355 
vn 0.370138 7.95478e-17 0.928977 
vn 0.161782 7.0332e-17 0.986827 
vn 0.267528 7.53818e-17 0.96355 
vn 0.0541389 6.44576e-17 0.998533 
vn 0.161782 7.0332e-17 0.986827 
vn -0.0541389 5.78275e-17 0.998533 
vn 0.0541389 6.44576e-17 0.998533 
vn -0.161782 5.05194e-17 0.986827 
vn -0.0541389 5.78275e-17 0.998533 
vn -0.267528 4.2619e-17 0.96355 
vn -0.161782 5.05194e-17 0.986827 
vn -0.370138 3.4219e-17 0.928977 
vn -0.267528 4.2619e-17 0.96355 
vn -0.468408 2.54178e-17 0.883512 
vn -0.370138 3.4219e-17 0.928977 
vn -0.561187 1.63185e-17 0.827689 
vn -0.468408 2.54178e-17 0.883512 
vn -0.647386 7.02799e-18 0.762162 
vn -0.561187 1.63185e-17 0.827689 
vn -0.725995 -2.34496e-18 0.687699 
vn -0.647386 7.02799e-18 0.762162 
vn -0.796093 -1.16904e-17 0.605174 
vn -0.725995 -2.34496e-18 0.687699 
vn -0.856857 -2.08988e-17 0.515554 
vn -0.796093 -1.16904e-17 0.605174 
vn -0.907575 -2.98622e-17 0.419889 
vn -0.856857 -2.08988e-17 0.515554 
vn -0.947653 -3.84754e-17 0.319302 
vn -0.907575 -2.98622e-17 0.419889 
vn -0.976621 -4.66376e-17 0.21497 
vn -0.947653 -3.84754e-17 0.319302 
vn -0.994138 -5.4253e-17 0.108119 
vn -0.976621 -4.66376e-17 0.21497 
vn -1 0 -1.0497e-16 
vn -0.994138 -5.4253e-17 0.108119 
vn -0.994138 -6.74938e-17 -0.108119 
vn -1 -6.12323e-17 -1.83697e-16 
vn -0.976621 -7.29639e-17 -0.21497 
vn -0.994138 -6.74938e-17 -0.108119 
vn -0.947653 -7.75786e-17 -0.319302 
vn -0.976621 -7.29639e-17 -0.21497 
vn -0.907575 -8.12838e-17 -0.419889 
vn -0.947653 -7.75786e-17 -0.319302 
vn -0.856857 -8.40359e-17 -0.515554 
vn -0.907575 -8.12838e-17 -0.419889 
vn -0.796093 -8.58029e-17 -0.605174 
vn -0.856857 -8.40359e-17 -0.515554 
vn -0.725995 -8.65638e-17 -0.687699 
vn -0.796093 -8.58029e-17 -0.605174 
vn -0.647386 -8.63099e-17 -0.762162 
vn -0.725995 -8.65638e-17 -0.687699 
vn -0.561187 -8.50441e-17 -0.827689 
vn -0.647386 -8.63099e-17 -0.762162 
vn -0.468408 -8.27813e-17 -0.883512 
vn -0.561187 -8.50441e-17 -0.827689 
vn -0.370138 -7.95478e-17 -0.928977 
vn -0.468408 -8.27813e-17 -0.883512 
vn -0.267528 -7.53818e-17 -0.96355 
vn -0.370138 -7.95478e-17 -0.928977 
vn -0.161782 -7.0332e-17 -0.986827 
vn -0.267528 -7.53818e-17 -0.96355 
vn -0.0541389 -6.44576e-17 -0.998533 
vn -0.161782 -7.0332e-17 -0.986827 
vn 0.0541389 -5.78275e-17 -0.998533 
vn -0.0541389 -6.44576e-17 -0.998533 
vn 0.161782 -5.05194e-17 -0.986827 
vn 0.0541389 -5.78275e-17 -0.998533 
vn 0.267528 -4.2619e-17 -0.96355 
vn 0.161782 -5.05194e-17 -0.986827 
vn 0.370138 -3.4219e-17 -0.928977 
vn 0.267528 -4.2619e-17 -0.96355 
vn 0.468408 -2.54178e-17 -0.883512 
vn 0.370138 -3.4219e-17 -0.928977 
vn 0.561187 -1.63185e-17 -0.827689 
vn 0.468408 -2.54178e-17 -0.883512 
vn 0.647386 -7.02799e-18 -0.762162 
vn 0.561187 -1.63185e-17 -0.827689 
vn 0.725995 2.34496e-18 -0.687699 
vn 0.647386 -7.02799e-18 -0.762162 
vn 0.796093 1.16904e-17 -0.605174 
vn 0.725995 2.34496e-18 -0.687699 
vn 0.856857 2.08988e-17 -0.515554 
vn 0.796093 1.16904e-17 -0.605174 
vn 0.907575 2.98622e-17 -0.419889 
vn 0.856857 2.08988e-17 -0.515554 
vn 0.947653 3.84754e-17 -0.319302 
vn 0.907575 2.98622e-17 -0.419889 
vn 0.976621 4.66376e-17 -0.21497 
vn 0.947653 3.84754e-17 -0.319302 
vn 0.994138 5.4253e-17 -0.108119 
vn 0.976621 4.66376e-17 -0.21497 
vn 0.994138 6.74938e-17 0.108119 
vn 1 6.12323e-17 3.06162e-16 
vn 0.976621 7.29639e-17 0.21497 
vn 0.994138 6.74938e-17 0.108119 
vn 0.947653 7.75786e-17 0.319302 
vn 0.976621 7.29639e-17 0.21497 
vn 0.907575 8.12838e-17 0.419889 
vn 0.947653 7.75786e-17 0.319302 
vn 0.856857 8.40359e-17 0.515554 
vn 0.907575 8.12838e-17 0.419889 
vn 0.796093 8.58029e-17 0.605174 
vn 0.856857 8.40359e-17 0.515554 
vn 0.725995 8.65638e-17 0.687699 
vn 0.796093 8.58029e-17 0.605174 
vn 0.647386 8.63099e-17 0.762162 
vn 0.725995 8.65638e-17 0.687699 
vn 0.561187 8.50441e-17 0.827689 
vn 0.647386 8.63099e-17 0.762162 
vn 0.468408 8.27813e-17 0.883512 
vn 0.561187 8.50441e-17 0.827689 
vn 0.370138 7.95478e-17 0.928977 
vn 0.468408 8.27813e-17 0.883512 
vn 0.267528 7.53818e-17 0.96355 
vn 0.370138 7.95478e-17 0.928977 
vn 0.161782 7.0332e-17 0.986827 
vn 0.267528 7.53818e-17 0.96355 
vn 0.0541389 6.44576e-17 0.998533 
vn 0.161782 7.0332e-17 0.986827 
vn -0.0541389 5.78275e-17 0.998533 
vn 0.0541389 6.44576e-17 0.998533 
vn -0.161782 5.05194e-17 0.986827 
vn -0.0541389 5.78275e-17 0.998533 
vn -0.267528 4.2619e-17 0.96355 
vn -0.161782 5.05194e-17 0.986827 
vn -0.370138 3.4219e-17 0.928977 
vn -0.267528 4.2619e-17 0.96355 
vn -0.468408 2.54178e-17 0.883512 
vn -0.370138 3.4219e-17 0.928977 
vn -0.561187 1.63185e-17 0.827689 
vn -0.468408 2.54178e-17 0.883512 
vn -0.647386 7.02799e-18 0.762162 
vn -0.561187 1.63185e-17 0.827689 
vn -0.725995 -2.34496e-18 0.687699 
vn -0.647386 7.02799e-18 0.762162 
vn -0.796093 -1.16904e-17 0.605174 
vn -0.725995 -2.34496e-18 0.687699 
vn -0.856857 -2.08988e-17 0.515554 
vn -0.796093 -1.16904e-17 0.605174 
vn -0.907575 -2.98622e-17 0.419889 
vn -0.856857 -2.08988e-17 0.515554 
vn -0.947653 -3.84754e-17 0.319302 
vn -0.907575 -2.98622e-17 0.419889 
vn -0.976621 -4.66376e-17 0.21497 
vn -0.947653 -3.84754e-17 0.319302 
vn -0.994138 -5.4253e-17 0.108119 
vn -0.976621 -4.66376e-17 0.21497 
vn -1 0 -1.0497e-16 
vn -0.994138 -5.4253e-17 0.108119 
vn -0.994138 -6.74938e-17 -0.108119 
vn -1 -6.12323e-17 -1.83697e-16 
vn -0.976621 -7.29639e-17 -0.21497 
vn -0.994138 -6.74938e-17 -0.108119 
vn -0.947653 -7.75786e-17 -0.319302 
vn -0.976621 -7.29639e-17 -0.21497 
vn -0.907575 -8.12838e-17 -0.419889 
vn -0.947653 -7.75786e-17 -0.319302 
vn -0.856857 -8.40359e-17 -0.515554 
vn -0.907575 -8.12838e-17 -0.419889 
vn -0.796093 -8.58029e-17 -0.605174 
vn -0.856857 -8.40359e-17 -0.515554 
vn -0.725995 -8.65638e-17 -0.687699 
vn -0.796093 -8.58029e-17 -0.605174 
vn -0.647386 -8.63099e-17 -0.762162 
vn -0.725995 -8.65638e-17 -0.687699 
vn -0.561187 -8.50441e-17 -0.827689 
vn -0.647386 -8.63099e-17 -0.762162 
vn -0.468408 -8.27813e-17 -0.883512 
vn -0.561187 -8.50441e-17 -0.827689 
vn -0.370138 -7.95478e-17 -0.928977 
vn -0.468408 -8.27813e-17 -0.883512 
vn -0.267528 -7.53818e-17 -0.96355 
vn -0.370138 -7.95478e-17 -0.928977 
vn -0.161782 -7.0332e-17 -0.986827 
vn -0.267528 -7.53818e-17 -0.96355 
vn -0.0541389 -6.44576e-17 -0.998533 
vn -0.161782 -7.0332e-17 -0.986827 
vn 0.0541389 -5.78275e-17 -0.998533 
vn -0.0541389 -6.44576e-17 -0.998533 
vn 0.161782 -5.05194e-17 -0.986827 
vn 0.0541389 -5.78275e-17 -0.998533 
vn 0.267528 -4.2619e-17 -0.96355 
vn 0.161782 -5.05194e-17 -0.986827 
vn 0.370138 -3.4219e-17 -0.928977 
vn 0.267528 -4.2619e-17 -0.96355 
vn 0.468408 -2.54178e-17 -0.883512 
vn 0.370138 -3.4219e-17 -0.928977 
vn 0.561187 -1.63185e-17 -0.827689 
vn 0.468408 -2.54178e-17 -0.883512 
vn 0.647386 -7.02799e-18 -0.762162 
vn 0.561187 -1.63185e-17 -0.827689 
vn 0.725995 2.34496e-18 -0.687699 
vn 0.647386 -7.02799e-18 -0.762162 
vn 0.796093 1.16904e-17 -0.605174 
vn 0.725995 2.34496e-18 -0.687699 
vn 0.856857 2.08988e-17 -0.515554 
vn 0.796093 1.16904e-17 -0.605174 
vn 0.907575 2.98622e-17 -0.419889 
vn 0.856857 2.08988e-17 -0.515554 
vn 0.947653 3.84754e-17 -0.319302 
vn 0.907575 2.98622e-17 -0.419889 
vn 0.976621 4.66376e-17 -0.21497 
vn 0.947653 3.84754e-17 -0.319302 
vn 0.994138 5.4253e-17 -0.108119 
vn 0.976621 4.66376e-17 -0.21497 
usemtl 0.000000_0.000000_0.000000_0.000000_0.000000
o mesh0
f 1//1 2//1 3//1 
f 1//1 4//1 5//1 
f 6//1 7//1 8//1 
f 9//1 10//1 7//1 
f 5//1 2//1 1//1 
f 4//1 11//1 12//1 
f 7//1 6//1 9//1 
f 9//1 13//1 14//1 
f 15//1 16//1 14//1 
f 15//1 17//1 18//1 
f 19//1 20//1 21//1 
f 20//1 22//1 23//1 
f 24//1 25//1 26//1 
f 25//1 27//1 28//1 
f 29//1 3//1 28//1 
f 12//1 5//1 4//1 
f 30//1 31//1 12//1 
f 30//1 32//1 33//1 
f 34//1 35//1 33//1 
f 34//1 36//1 37//1 
f 14//1 10//1 9//1 
f 18//1 16//1 15//1 
f 17//1 19//1 38//1 
f 23//1 21//1 20//1 
f 39//1 40//1 41//1 
f 42//1 43//1 40//1 
f 44//1 45//1 46//1 
f 47//1 48//1 45//1 
f 47//1 49//1 50//1 
f 49//1 24//1 51//1 
f 28//1 26//1 25//1 
f 3//1 29//1 1//1 
f 33//1 31//1 30//1 
f 37//1 35//1 34//1 
f 52//1 53//1 54//1 
f 52//1 55//1 56//1 
f 14//1 13//1 15//1 
f 21//1 38//1 19//1 
f 57//1 41//1 23//1 
f 40//1 39//1 42//1 
f 58//1 59//1 43//1 
f 60//1 61//1 59//1 
f 60//1 62//1 63//1 
f 62//1 64//1 65//1 
f 45//1 44//1 47//1 
f 51//1 50//1 49//1 
f 28//1 27//1 29//1 
f 33//1 32//1 34//1 
f 66//1 67//1 68//1 
f 66//1 69//1 70//1 
f 71//1 72//1 73//1 
f 71//1 74//1 75//1 
f 56//1 53//1 52//1 
f 55//1 76//1 77//1 
f 78//1 79//1 77//1 
f 78//1 80//1 81//1 
f 82//1 83//1 81//1 
f 82//1 84//1 8//1 
f 38//1 18//1 17//1 
f 41//1 57//1 39//1 
f 59//1 58//1 60//1 
f 65//1 63//1 62//1 
f 85//1 86//1 65//1 
f 85//1 87//1 88//1 
f 89//1 90//1 91//1 
f 89//1 92//1 93//1 
f 94//1 95//1 96//1 
f 94//1 97//1 98//1 
f 50//1 48//1 47//1 
f 12//1 11//1 30//1 
f 99//1 68//1 37//1 
f 70//1 67//1 66//1 
f 100//1 73//1 101//1 
f 75//1 72//1 71//1 
f 102//1 54//1 103//1 
f 77//1 56//1 55//1 
f 81//1 79//1 78//1 
f 8//1 83//1 82//1 
f 23//1 22//1 57//1 
f 63//1 61//1 60//1 
f 88//1 86//1 85//1 
f 104//1 91//1 88//1 
f 93//1 90//1 89//1 
f 92//1 105//1 96//1 
f 98//1 95//1 94//1 
f 97//1 106//1 107//1 
f 108//1 109//1 107//1 
f 108//1 110//1 46//1 
f 26//1 51//1 24//1 
f 68//1 99//1 66//1 
f 111//1 112//1 70//1 
f 111//1 113//1 101//1 
f 73//1 100//1 71//1 
f 74//1 114//1 115//1 
f 116//1 103//1 115//1 
f 54//1 102//1 52//1 
f 81//1 80//1 82//1 
f 43//1 42//1 58//1 
f 88//1 87//1 104//1 
f 96//1 93//1 92//1 
f 107//1 98//1 97//1 
f 46//1 109//1 108//1 
f 37//1 36//1 99//1 
f 101//1 112//1 111//1 
f 115//1 75//1 74//1 
f 103//1 116//1 102//1 
f 8//1 84//1 6//1 
f 91//1 104//1 89//1 
f 107//1 106//1 108//1 
f 70//1 69//1 111//1 
f 115//1 114//1 116//1 
f 65//1 64//1 85//1 
f 46//1 110//1 44//1 
f 77//1 76//1 78//1 
f 101//1 113//1 100//1 
f 96//1 105//1 94//1 
o mesh1
f 117//2 118//3 19//3 
f 119//4 117//2 17//5 
f 120//6 119//4 15//7 
f 121//8 120//6 13//9 
f 122//10 121//8 9//11 
f 123//12 122//10 6//13 
f 124//14 123//12 84//15 
f 125//16 124//14 82//17 
f 126//18 125//16 80//19 
f 127//20 126//18 78//21 
f 128//22 127//20 76//23 
f 129//24 128//22 55//25 
f 130//26 129//24 52//27 
f 131//28 130//26 102//29 
f 132//30 131//28 116//31 
f 133//32 132//30 114//33 
f 134//34 133//32 74//35 
f 135//36 134//34 71//37 
f 136//38 135//36 100//39 
f 137//40 136//38 113//41 
f 138//42 137//40 111//43 
f 139//44 138//42 69//45 
f 140//46 139//44 66//47 
f 141//48 140//46 99//49 
f 142//50 141//48 36//51 
f 143//52 142//50 34//53 
f 144//54 143//52 32//55 
f 145//56 144//54 30//57 
f 146//58 145//56 11//59 
f 147//60 146//58 4//61 
f 148//62 147//60 1//63 
f 149//64 148//62 29//65 
f 150//66 149//64 27//67 
f 151//68 150//66 25//69 
f 152//70 151//68 24//71 
f 153//72 152//70 49//73 
f 154//74 153//72 47//75 
f 155//76 154//74 44//77 
f 156//78 155//76 110//79 
f 157//80 156//78 108//81 
f 158//82 157//80 106//83 
f 159//84 158//82 97//85 
f 160//86 159//84 94//87 
f 105//86 92//88 161//89 
f 92//88 162//88 161//89 
f 163//90 162//88 92//88 
f 164//91 163//90 89//90 
f 165//92 164//91 104//91 
f 166//93 165//92 87//92 
f 167//94 166//93 85//93 
f 168//95 167//94 64//94 
f 169//96 168//95 62//95 
f 170//97 169//96 60//96 
f 171//98 170//97 58//97 
f 172//99 171//98 42//98 
f 173//100 172//99 39//99 
f 174//101 173//100 57//100 
f 175//102 174//101 22//101 
f 118//3 175//102 20//102 
f 20//102 19//3 118//3 
f 22//101 20//102 175//102 
f 57//100 22//101 174//101 
f 39//99 57//100 173//100 
f 42//98 39//99 172//99 
f 58//97 42//98 171//98 
f 60//96 58//97 170//97 
f 62//95 60//96 169//96 
f 64//94 62//95 168//95 
f 85//93 64//94 167//94 
f 87//92 85//93 166//93 
f 104//91 87//92 165//92 
f 89//90 104//91 164//91 
f 92//88 89//90 163//90 
f 161//89 160//86 105//86 
f 94//87 105//86 160//86 
f 97//85 94//87 159//84 
f 106//83 97//85 158//82 
f 108//81 106//83 157//80 
f 110//79 108//81 156//78 
f 44//77 110//79 155//76 
f 47//75 44//77 154//74 
f 49//73 47//75 153//72 
f 24//71 49//73 152//70 
f 25//69 24//71 151//68 
f 27//67 25//69 150//66 
f 29//65 27//67 149//64 
f 1//63 29//65 148//62 
f 4//61 1//63 147//60 
f 11//59 4//61 146//58 
f 30//57 11//59 145//56 
f 32//55 30//57 144//54 
f 34//53 32//55 143//52 
f 36//51 34//53 142//50 
f 99//49 36//51 141//48 
f 66//47 99//49 140//46 
f 69//45 66//47 139//44 
f 111//43 69//45 138//42 
f 113//41 111//43 137//40 
f 100//39 113//41 136//38 
f 71//37 100//39 135//36 
f 74//35 71//37 134//34 
f 114//33 74//35 133//32 
f 116//31 114//33 132//30 
f 102//29 116//31 131//28 
f 52//27 102//29 130//26 
f 55//25 52//27 129//24 
f 76//23 55//25 128//22 
f 78//21 76//23 127//20 
f 80//19 78//21 126//18 
f 82//17 80//19 125//16 
f 84//15 82//17 124//14 
f 6//13 84//15 123//12 
f 9//11 6//13 122//10 
f 13//9 9//11 121//8 
f 15//7 13//9 120//6 
f 17//5 15//7 119//4 
f 19//3 17//5 117//2 
o mesh2
f 18//103 38//104 176//104 
f 16//105 18//103 177//106 
f 14//107 16//105 178//108 
f 10//109 14//107 179//110 
f 7//111 10//109 180//112 
f 8//113 7//111 181//114 
f 83//115 8//113 182//116 
f 81//117 83//115 183//118 
f 79//119 81//117 184//120 
f 77//121 79//119 185//122 
f 56//123 77//121 186//124 
f 53//125 56//123 187//126 
f 54//127 53//125 188//128 
f 103//129 54//127 189//130 
f 115//131 103//129 190//132 
f 75//133 115//131 191//134 
f 72//135 75//133 192//136 
f 73//137 72//135 193//138 
f 101//139 73//137 194//140 
f 112//141 101//139 195//142 
f 70//143 112//141 196//144 
f 67//145 70//143 197//146 
f 68//147 67//145 198//148 
f 37//149 68//147 199//150 
f 35//151 37//149 200//152 
f 33//153 35//151 201//154 
f 31//155 33//153 202//156 
f 12//157 31//155 203//158 
f 5//159 12//157 204//160 
f 2//161 5//159 205//162 
f 3//163 2//161 206//164 
f 28//165 3//163 207//166 
f 26//167 28//165 208//168 
f 51//169 26//167 209//170 
f 50//171 51//169 210//172 
f 48//173 50//171 211//174 
f 45//175 48//173 212//176 
f 46//177 45//175 213//178 
f 109//179 46//177 214//180 
f 107//181 109//179 215//182 
f 98//183 107//181 216//184 
f 95//185 98//183 217//186 
f 96//187 95//185 218//188 
f 93//189 96//187 219//190 
f 90//191 93//189 220//192 
f 91//193 90//191 221//194 
f 88//195 91//193 222//196 
f 86//197 88//195 223//198 
f 65//199 86//197 224//200 
f 63//201 65//199 225//202 
f 61//203 63//201 226//204 
f 59//205 61//203 227//206 
f 43//207 59//205 228//208 
f 40//209 43//207 229//210 
f 41//211 40//209 230//212 
f 23//213 41//211 231//214 
f 21//215 23//213 232//216 
f 38//104 21//215 233//215 
f 233//215 176//104 38//104 
f 232//216 233//215 21//215 
f 231//214 232//216 23//213 
f 230//212 231//214 41//211 
f 229//210 230//212 40//209 
f 228//208 229//210 43//207 
f 227//206 228//208 59//205 
f 226//204 227//206 61//203 
f 225//202 226//204 63//201 
f 224//200 225//202 65//199 
f 223//198 224//200 86//197 
f 222//196 223//198 88//195 
f 221//194 222//196 91//193 
f 220//192 221//194 90//191 
f 219//190 220//192 93//189 
f 218//188 219//190 96//187 
f 217//186 218//188 95//185 
f 216//184 217//186 98//183 
f 215//182 216//184 107//181 
f 214//180 215//182 109//179 
f 213//178 214//180 46//177 
f 212//176 213//178 45//175 
f 211//174 212//176 48//173 
f 210//172 211//174 50//171 
f 209//170 210//172 51//169 
f 208//168 209//170 26//167 
f 207//166 208//168 28//165 
f 206//164 207//166 3//163 
f 205//162 206//164 2//161 
f 204//160 205//162 5//159 
f 203//158 204//160 12//157 
f 202//156 203//158 31//155 
f 201//154 202//156 33//153 
f 200//152 201//154 35//151 
f 199//150 200//152 37//149 
f 198//148 199//150 68//147 
f 197//146 198//148 67//145 
f 196//144 197//146 70//143 
f 195//142 196//144 112//141 
f 194//140 195//142 101//139 
f 193//138 194//140 73//137 
f 192//136 193//138 72//135 
f 191//134 192//136 75//133 
f 190//132 191//134 115//131 
f 189//130 190//132 103//129 
f 188//128 189//130 54//127 
f 187//126 188//128 53//125 
f 186//124 187//126 56//123 
f 185//122 186//124 77//121 
f 184//120 185//122 79//119 
f 183//118 184//120 81//117 
f 182//116 183//118 83//115 
f 181//114 182//116 8//113 
f 180//112 181//114 7//111 
f 179//110 180//112 10//109 
f 178//108 179//110 14//107 
f 177//106 178//108 16//105 
f 176//104 177//106 18//103 
o mesh3
f 149//217 234//217 235//217 
f 236//217 145//217 146//217 
f 121//217 237//217 238//217 
f 152//217 153//217 239//217 
f 150//217 151//217 240//217 
f 151//217 241//217 242//217 
f 150//217 243//217 244//217 
f 149//217 244//217 234//217 
f 236//217 144//217 145//217 
f 142//217 143//217 236//217 
f 141//217 245//217 246//217 
f 141//217 142//217 247//217 
f 140//217 248//217 249//217 
f 140//217 141//217 250//217 
f 121//217 251//217 237//217 
f 238//217 117//217 119//217 
f 153//217 252//217 253//217 
f 153//217 154//217 254//217 
f 153//217 255//217 239//217 
f 152//217 256//217 257//217 
f 242//217 240//217 151//217 
f 150//217 258//217 243//217 
f 235//217 147//217 148//217 
f 146//217 235//217 236//217 
f 236//217 259//217 142//217 
f 247//217 245//217 141//217 
f 250//217 248//217 140//217 
f 138//217 139//217 260//217 
f 139//217 261//217 262//217 
f 138//217 263//217 264//217 
f 138//217 265//217 266//217 
f 137//217 267//217 268//217 
f 137//217 264//217 269//217 
f 136//217 270//217 271//217 
f 136//217 268//217 272//217 
f 119//217 120//217 238//217 
f 238//217 273//217 118//217 
f 173//217 174//217 273//217 
f 254//217 252//217 153//217 
f 239//217 274//217 152//217 
f 152//217 275//217 256//217 
f 244//217 149//217 150//217 
f 146//217 147//217 235//217 
f 259//217 247//217 142//217 
f 249//217 276//217 140//217 
f 139//217 277//217 278//217 
f 140//217 276//217 277//217 
f 262//217 260//217 139//217 
f 266//217 263//217 138//217 
f 269//217 267//217 137//217 
f 272//217 270//217 136//217 
f 123//217 279//217 280//217 
f 123//217 281//217 282//217 
f 122//217 283//217 251//217 
f 122//217 280//217 284//217 
f 118//217 117//217 238//217 
f 273//217 285//217 173//217 
f 274//217 275//217 152//217 
f 257//217 151//217 152//217 
f 235//217 148//217 149//217 
f 246//217 250//217 141//217 
f 277//217 139//217 140//217 
f 264//217 137//217 138//217 
f 271//217 135//217 136//217 
f 135//217 271//217 286//217 
f 125//217 287//217 288//217 
f 125//217 126//217 289//217 
f 124//217 290//217 291//217 
f 125//217 292//217 290//217 
f 282//217 279//217 123//217 
f 284//217 283//217 122//217 
f 273//217 175//217 118//217 
f 285//217 293//217 173//217 
f 172//217 173//217 293//217 
f 171//217 294//217 295//217 
f 172//217 296//217 294//217 
f 170//217 297//217 298//217 
f 257//217 241//217 151//217 
f 143//217 144//217 236//217 
f 260//217 265//217 138//217 
f 286//217 134//217 135//217 
f 299//217 131//217 132//217 
f 299//217 129//217 130//217 
f 127//217 300//217 301//217 
f 127//217 128//217 302//217 
f 126//217 303//217 304//217 
f 126//217 127//217 305//217 
f 289//217 287//217 125//217 
f 290//217 124//217 125//217 
f 123//217 124//217 306//217 
f 124//217 307//217 308//217 
f 251//217 121//217 122//217 
f 174//217 175//217 273//217 
f 293//217 309//217 172//217 
f 294//217 171//217 172//217 
f 170//217 171//217 310//217 
f 298//217 169//217 170//217 
f 169//217 311//217 312//217 
f 169//217 313//217 314//217 
f 240//217 258//217 150//217 
f 268//217 136//217 137//217 
f 286//217 132//217 133//217 
f 130//217 131//217 299//217 
f 302//217 300//217 127//217 
f 305//217 303//217 126//217 
f 291//217 307//217 124//217 
f 308//217 306//217 124//217 
f 238//217 120//217 121//217 
f 295//217 315//217 171//217 
f 310//217 316//217 170//217 
f 170//217 317//217 297//217 
f 314//217 311//217 169//217 
f 156//217 318//217 319//217 
f 156//217 157//217 320//217 
f 278//217 261//217 139//217 
f 132//217 286//217 299//217 
f 128//217 129//217 299//217 
f 304//217 289//217 126//217 
f 306//217 281//217 123//217 
f 309//217 296//217 172//217 
f 171//217 315//217 310//217 
f 312//217 168//217 169//217 
f 320//217 318//217 156//217 
f 155//217 156//217 321//217 
f 154//217 322//217 323//217 
f 154//217 155//217 324//217 
f 133//217 134//217 286//217 
f 301//217 305//217 127//217 
f 280//217 122//217 123//217 
f 298//217 313//217 169//217 
f 168//217 325//217 326//217 
f 168//217 312//217 327//217 
f 167//217 328//217 329//217 
f 319//217 321//217 156//217 
f 321//217 330//217 155//217 
f 324//217 322//217 154//217 
f 299//217 302//217 128//217 
f 316//217 317//217 170//217 
f 327//217 325//217 168//217 
f 167//217 326//217 328//217 
f 166//217 331//217 332//217 
f 166//217 329//217 333//217 
f 320//217 159//217 160//217 
f 157//217 158//217 320//217 
f 323//217 254//217 154//217 
f 288//217 292//217 125//217 
f 329//217 166//217 167//217 
f 333//217 331//217 166//217 
f 332//217 163//217 164//217 
f 332//217 161//217 162//217 
f 158//217 159//217 320//217 
f 253//217 255//217 153//217 
f 332//217 165//217 166//217 
f 162//217 163//217 332//217 
f 330//217 324//217 155//217 
f 164//217 165//217 332//217 
f 326//217 167//217 168//217 
f 160//217 161//217 320//217 
o mesh4
f 334//218 320//218 161//218 
f 161//218 335//218 334//218 
f 161//218 332//218 335//218 
o mesh5
f 336//219 337//219 236//219 
f 236//219 235//219 336//219 
o mesh6
f 244//220 338//221 336//222 
f 244//220 339//223 340//224 
f 340//224 341//225 244//220 
f 341//225 338//221 244//220 
f 336//222 235//226 234//225 
f 243//227 342//228 343//229 
f 343//229 344//230 243//227 
f 344//230 345//231 243//227 
f 342//228 243//227 258//232 
f 258//232 346//233 342//228 
f 339//223 244//220 243//227 
f 347//234 240//235 242//236 
f 242//236 348//237 347//234 
f 346//233 258//232 240//235 
f 349//238 241//239 257//240 
f 257//240 350//241 349//238 
f 348//237 242//236 241//239 
f 351//242 256//243 275//244 
f 275//244 352//245 351//242 
f 350//241 257//240 256//243 
f 353//246 274//247 239//248 
f 239//248 354//248 353//246 
f 352//245 275//244 274//247 
f 355//249 354//248 239//248 
f 255//250 356//251 355//249 
f 239//248 255//250 355//249 
f 357//252 356//251 253//253 
f 252//254 358//255 357//252 
f 253//253 252//254 357//252 
f 359//256 358//255 254//257 
f 323//258 360//259 359//256 
f 254//257 323//258 359//256 
f 361//260 360//259 322//261 
f 324//262 362//263 361//260 
f 322//261 324//262 361//260 
f 363//264 362//263 330//265 
f 321//266 364//267 365//268 
f 321//266 366//269 364//267 
f 321//266 367//270 366//269 
f 365//268 363//264 321//266 
f 330//265 321//266 363//264 
f 319//270 368//271 369//272 
f 319//270 370//273 368//271 
f 319//270 318//274 334//275 
f 334//275 370//273 319//270 
f 369//272 367//270 319//270 
f 318//274 320//275 334//275 
f 321//266 319//270 367//270 
f 324//262 330//265 362//263 
f 323//258 322//261 360//259 
f 252//254 254//257 358//255 
f 255//250 253//253 356//251 
f 353//246 352//245 274//247 
f 351//242 350//241 256//243 
f 349//238 348//237 241//239 
f 347//234 346//233 240//235 
f 345//231 339//223 243//227 
f 336//222 234//225 244//220 
o mesh7
f 347//276 371//277 372//278 
f 347//276 373//279 371//277 
f 372//278 342//278 346//280 
f 349//281 374//282 373//279 
f 349//281 375//281 374//282 
f 373//279 347//276 348//283 
f 351//284 376//285 375//281 
f 351//284 377//284 376//285 
f 375//281 349//281 350//286 
f 353//287 378//287 379//288 
f 352//289 379//288 377//284 
f 377//284 351//284 352//289 
f 354//290 355//291 380//291 
f 354//290 381//290 378//287 
f 378//287 353//287 354//290 
f 356//292 357//293 382//293 
f 355//291 356//292 383//294 
f 383//294 380//291 355//291 
f 357//293 358//295 384//296 
f 384//296 385//297 357//293 
f 385//297 382//293 357//293 
f 359//296 360//298 386//299 
f 386//299 387//300 359//296 
f 387//300 384//296 359//296 
f 361//299 362//301 388//302 
f 388//302 389//303 361//299 
f 389//303 386//299 361//299 
f 362//301 363//302 388//302 
f 360//298 361//299 386//299 
f 358//295 359//296 384//296 
f 382//293 383//294 356//292 
f 380//291 381//290 354//290 
f 379//288 352//289 353//287 
f 375//281 350//286 351//284 
f 373//279 348//283 349//281 
f 372//278 346//280 347//276 
o mesh8
f 372//304 390//304 337//304 
f 337//304 336//304 372//304 
f 390//304 391//304 337//304 
f 390//304 392//304 391//304 
f 390//304 393//304 394//304 
f 372//304 339//304 345//304 
f 336//304 338//304 372//304 
f 390//304 395//304 393//304 
f 345//304 344//304 372//304 
f 338//304 341//304 372//304 
f 390//304 396//304 395//304 
f 344//304 343//304 372//304 
f 390//304 397//304 392//304 
f 394//304 398//304 390//304 
f 372//304 340//304 339//304 
f 398//304 397//304 390//304 
f 341//304 340//304 372//304 
f 343//304 342//304 372//304 
o mesh9
f 270//305 399//306 400//307 
f 270//305 401//308 402//309 
f 402//309 403//310 270//305 
f 403//310 399//306 270//305 
f 400//307 286//311 271//310 
f 272//312 404//313 405//314 
f 405//314 406//315 272//312 
f 406//315 407//316 272//312 
f 404//313 272//312 268//317 
f 268//317 408//318 404//313 
f 401//308 270//305 272//312 
f 409//319 267//320 269//321 
f 269//321 410//322 409//319 
f 408//318 268//317 267//320 
f 411//323 264//324 263//325 
f 263//325 412//326 411//323 
f 410//322 269//321 264//324 
f 413//327 266//328 265//329 
f 265//329 414//330 413//327 
f 412//326 263//325 266//328 
f 415//331 260//332 262//333 
f 262//333 416//333 415//331 
f 414//330 265//329 260//332 
f 417//334 416//333 262//333 
f 261//335 418//336 417//334 
f 262//333 261//335 417//334 
f 419//337 418//336 278//338 
f 277//339 420//340 419//337 
f 278//338 277//339 419//337 
f 421//341 420//340 276//342 
f 249//343 422//344 421//341 
f 276//342 249//343 421//341 
f 423//345 422//344 248//346 
f 250//347 424//348 423//345 
f 248//346 250//347 423//345 
f 396//349 424//348 246//350 
f 245//351 393//352 395//353 
f 245//351 394//354 393//352 
f 245//351 398//355 394//354 
f 395//353 396//349 245//351 
f 246//350 245//351 396//349 
f 247//355 392//356 397//357 
f 247//355 391//358 392//356 
f 247//355 259//359 337//360 
f 337//360 391//358 247//355 
f 397//357 398//355 247//355 
f 259//359 236//360 337//360 
f 245//351 247//355 398//355 
f 250//347 246//350 424//348 
f 249//343 248//346 422//344 
f 277//339 276//342 420//340 
f 261//335 278//338 418//336 
f 415//331 414//330 260//332 
f 413//327 412//326 266//328 
f 411//323 410//322 264//324 
f 409//319 408//318 267//320 
f 407//316 401//308 272//312 
f 400//307 271//310 270//305 
o mesh10
f 423//361 424//362 390//363 
f 390//363 425//364 423//361 
f 425//364 426//365 423//361 
f 421//366 422//367 426//365 
f 426//365 427//368 421//366 
f 427//368 428//369 421//366 
f 419//370 420//371 428//369 
f 428//369 429//372 419//370 
f 429//372 430//373 419//370 
f 418//374 419//370 430//373 
f 417//375 418//374 431//376 
f 431//376 432//375 417//375 
f 416//377 417//375 432//375 
f 416//377 433//377 434//378 
f 434//378 415//378 416//377 
f 415//378 434//378 435//379 
f 414//380 435//379 436//381 
f 436//381 413//381 414//380 
f 413//381 437//382 438//383 
f 413//381 436//381 437//382 
f 438//383 411//383 412//384 
f 411//383 439//385 440//386 
f 411//383 438//383 439//385 
f 440//386 409//386 410//387 
f 409//386 441//388 442//389 
f 409//386 440//386 441//388 
f 442//389 404//389 408//390 
f 442//389 408//390 409//386 
f 440//386 410//387 411//383 
f 438//383 412//384 413//381 
f 435//379 414//380 415//378 
f 432//375 433//377 416//377 
f 430//373 431//376 418//374 
f 420//371 421//366 428//369 
f 422//367 423//361 426//365 
f 424//362 396//391 390//363 
o mesh11
f 443//392 299//392 286//392 
f 286//392 400//392 443//392 
o mesh12
f 442//393 444//393 443//393 
f 443//393 400//393 442//393 
f 444//393 445//393 443//393 
f 444//393 446//393 445//393 
f 444//393 447//393 448//393 
f 442//393 401//393 407//393 
f 400//393 399//393 442//393 
f 444//393 449//393 447//393 
f 407//393 406//393 442//393 
f 399//393 403//393 442//393 
f 444//393 450//393 449//393 
f 406//393 405//393 442//393 
f 444//393 451//393 446//393 
f 448//393 452//393 444//393 
f 442//393 402//393 401//393 
f 452//393 451//393 444//393 
f 403//393 402//393 442//393 
f 405//393 404//393 442//393 
o mesh13
f 251//394 453//395 454//396 
f 251//394 455//397 456//398 
f 456//398 457//399 251//394 
f 457//399 453//395 251//394 
f 454//396 238//400 237//399 
f 283//401 458//402 459//403 
f 459//403 460//404 283//401 
f 460//404 461//405 283//401 
f 458//402 283//401 284//406 
f 284//406 462//407 458//402 
f 455//397 251//394 283//401 
f 463//408 280//409 279//410 
f 279//410 464//411 463//408 
f 462//407 284//406 280//409 
f 465//412 282//413 281//414 
f 281//414 466//415 465//412 
f 464//411 279//410 282//413 
f 467//416 306//417 308//418 
f 308//418 468//419 467//416 
f 466//415 281//414 306//417 
f 469//420 307//421 291//422 
f 291//422 470//422 469//420 
f 468//419 308//418 307//421 
f 471//423 470//422 291//422 
f 290//424 472//425 471//423 
f 291//422 290//424 471//423 
f 473//426 472//425 292//427 
f 288//428 474//429 473//426 
f 292//427 288//428 473//426 
f 475//430 474//429 287//431 
f 289//432 476//433 475//430 
f 287//431 289//432 475//430 
f 477//434 476//433 304//435 
f 303//436 478//437 477//434 
f 304//435 303//436 477//434 
f 450//438 478//437 305//439 
f 301//440 447//441 449//442 
f 301//440 448//443 447//441 
f 301//440 452//444 448//443 
f 449//442 450//438 301//440 
f 305//439 301//440 450//438 
f 300//444 446//445 451//446 
f 300//444 445//447 446//445 
f 300//444 302//448 443//449 
f 443//449 445//447 300//444 
f 451//446 452//444 300//444 
f 302//448 299//449 443//449 
f 301//440 300//444 452//444 
f 303//436 305//439 478//437 
f 289//432 304//435 476//433 
f 288//428 287//431 474//429 
f 290//424 292//427 472//425 
f 469//420 468//419 307//421 
f 467//416 466//415 306//417 
f 465//412 464//411 282//413 
f 463//408 462//407 280//409 
f 461//405 455//397 283//401 
f 454//396 237//399 251//394 
o mesh14
f 477//450 478//451 444//452 
f 444//452 479//453 477//450 
f 479//453 480//454 477//450 
f 475//455 476//456 480//454 
f 480//454 481//457 475//455 
f 481//457 482//458 475//455 
f 473//459 474//460 482//458 
f 482//458 483//461 473//459 
f 483//461 484//462 473//459 
f 472//463 473//459 484//462 
f 471//464 472//463 485//465 
f 485//465 486//464 471//464 
f 470//466 471//464 486//464 
f 470//466 487//466 488//467 
f 488//467 469//467 470//466 
f 469//467 488//467 489//468 
f 468//469 489//468 490//470 
f 490//470 467//470 468//469 
f 467//470 491//471 492//472 
f 467//470 490//470 491//471 
f 492//472 465//472 466//473 
f 465//472 493//474 494//475 
f 465//472 492//472 493//474 
f 494//475 463//475 464//476 
f 463//475 495//477 496//478 
f 463//475 494//475 495//477 
f 496//478 458//478 462//479 
f 496//478 462//479 463//475 
f 494//475 464//476 465//472 
f 492//472 466//473 467//470 
f 489//468 468//469 469//467 
f 486//464 487//466 470//466 
f 484//462 485//465 472//463 
f 474//460 475//455 482//458 
f 476//456 477//450 480//454 
f 478//451 450//480 444//452 
o mesh15
f 497//481 273//481 238//481 
f 238//481 454//481 497//481 
o mesh16
f 333//482 498//483 335//484 
f 333//482 499//485 500//486 
f 500//486 501//487 333//482 
f 501//487 498//483 333//482 
f 335//484 332//488 331//487 
f 329//489 502//490 503//491 
f 503//491 504//492 329//489 
f 504//492 505//493 329//489 
f 502//490 329//489 328//494 
f 328//494 506//495 502//490 
f 499//485 333//482 329//489 
f 507//496 326//497 325//498 
f 325//498 508//499 507//496 
f 506//495 328//494 326//497 
f 509//500 327//501 312//502 
f 312//502 510//503 509//500 
f 508//499 325//498 327//501 
f 511//504 311//505 314//506 
f 314//506 512//507 511//504 
f 510//503 312//502 311//505 
f 513//508 313//509 298//510 
f 298//510 514//510 513//508 
f 512//507 314//506 313//509 
f 515//511 514//510 298//510 
f 297//512 516//513 515//511 
f 298//510 297//512 515//511 
f 517//514 516//513 317//515 
f 316//516 518//517 517//514 
f 317//515 316//516 517//514 
f 519//518 518//517 310//519 
f 315//520 520//521 519//518 
f 310//519 315//520 519//518 
f 521//522 520//521 295//523 
f 294//524 522//525 521//522 
f 295//523 294//524 521//522 
f 523//526 522//525 296//527 
f 309//528 524//529 525//530 
f 309//528 526//531 524//529 
f 309//528 527//532 526//531 
f 525//530 523//526 309//528 
f 296//527 309//528 523//526 
f 293//532 528//533 529//534 
f 293//532 530//535 528//533 
f 293//532 285//536 497//537 
f 497//537 530//535 293//532 
f 529//534 527//532 293//532 
f 285//536 273//537 497//537 
f 309//528 293//532 527//532 
f 294//524 296//527 522//525 
f 315//520 295//523 520//521 
f 316//516 310//519 518//517 
f 297//512 317//515 516//513 
f 513//508 512//507 313//509 
f 511//504 510//503 311//505 
f 509//500 508//499 327//501 
f 507//496 506//495 326//497 
f 505//493 499//485 329//489 
f 335//484 331//487 333//482 
o mesh17
f 496//538 531//538 497//538 
f 497//538 454//538 496//538 
f 531//538 530//538 497//538 
f 531//538 528//538 530//538 
f 531//538 524//538 526//538 
f 496//538 455//538 461//538 
f 454//538 453//538 496//538 
f 531//538 525//538 524//538 
f 461//538 460//538 496//538 
f 453//538 457//538 496//538 
f 531//538 523//538 525//538 
f 460//538 459//538 496//538 
f 531//538 529//538 528//538 
f 526//538 527//538 531//538 
f 496//538 456//538 455//538 
f 527//538 529//538 531//538 
f 457//538 456//538 496//538 
f 459//538 458//538 496//538 
o mesh18
f 521//539 522//540 531//541 
f 531//541 532//542 521//539 
f 532//542 533//543 521//539 
f 519//544 520//545 533//543 
f 533//543 534//546 519//544 
f 534//546 535//547 519//544 
f 517//548 518//549 535//547 
f 535//547 536//550 517//548 
f 536//550 537//551 517//548 
f 516//552 517//548 537//551 
f 515//553 516//552 538//554 
f 538//554 539//553 515//553 
f 514//555 515//553 539//553 
f 514//555 540//555 541//556 
f 541//556 513//556 514//555 
f 513//556 541//556 542//557 
f 512//558 542//557 543//559 
f 543//559 511//559 512//558 
f 511//559 544//560 545//561 
f 511//559 543//559 544//560 
f 545//561 509//561 510//562 
f 509//561 546//563 547//564 
f 509//561 545//561 546//563 
f 547//564 507//564 508//565 
f 507//564 548//566 549//567 
f 507//564 547//564 548//566 
f 549//567 502//567 506//568 
f 549//567 506//568 507//564 
f 547//564 508//565 509//561 
f 545//561 510//562 511//559 
f 542//557 512//558 513//556 
f 539//553 540//555 514//555 
f 537//551 538//554 516//552 
f 518//549 519//544 535//547 
f 520//545 521//539 533//543 
f 522//540 523//569 531//541 
o mesh19
f 335//570 550//570 551//570 
f 551//570 334//570 335//570 
f 551//570 370//570 334//570 
f 549//570 499//570 505//570 
f 551//570 368//570 370//570 
f 505//570 504//570 549//570 
f 549//570 550//570 501//570 
f 335//570 498//570 550//570 
f 388//570 364//570 366//570 
f 504//570 503//570 549//570 
f 498//570 501//570 550//570 
f 388//570 369//570 368//570 
f 388//570 365//570 364//570 
f 549//570 500//570 499//570 
f 368//570 551//570 388//570 
f 388//570 363//570 365//570 
f 501//570 500//570 549//570 
f 366//570 367//570 388//570 
f 367//570 369//570 388//570 
f 503//570 502//570 549//570 
o mesh20
f 550//571 552//571 553//571 
f 553//571 551//571 550//571 
o mesh21
f 554//572 552//572 550//572 
f 550//572 555//572 554//572 
o mesh22
f 556//573 551//573 553//573 
f 553//573 557//573 556//573 
o mesh23
f 552//574 554//574 557//574 
f 557//574 553//574 552//574 
o mesh24
f 554//575 227//575 226//575 
f 226//575 225//575 554//575 
f 554//575 231//575 230//575 
f 558//575 176//575 233//575 
f 554//575 228//575 227//575 
f 230//575 229//575 554//575 
f 233//575 554//575 558//575 
f 229//575 228//575 554//575 
f 233//575 232//575 554//575 
f 557//575 213//575 212//575 
f 557//575 215//575 214//575 
f 554//575 224//575 223//575 
f 232//575 231//575 554//575 
f 558//575 178//575 177//575 
f 558//575 180//575 179//575 
f 557//575 207//575 206//575 
f 557//575 210//575 209//575 
f 214//575 213//575 557//575 
f 557//575 217//575 216//575 
f 554//575 222//575 221//575 
f 225//575 224//575 554//575 
f 179//575 178//575 558//575 
f 558//575 182//575 181//575 
f 559//575 199//575 198//575 
f 557//575 208//575 207//575 
f 557//575 211//575 210//575 
f 216//575 215//575 557//575 
f 557//575 219//575 218//575 
f 223//575 222//575 554//575 
f 181//575 180//575 558//575 
f 560//575 192//575 191//575 
f 559//575 197//575 196//575 
f 559//575 200//575 199//575 
f 559//575 202//575 201//575 
f 559//575 204//575 203//575 
f 209//575 208//575 557//575 
f 218//575 217//575 557//575 
f 557//575 554//575 220//575 
f 177//575 176//575 558//575 
f 558//575 184//575 183//575 
f 558//575 186//575 185//575 
f 561//575 562//575 190//575 
f 560//575 193//575 192//575 
f 194//575 193//575 560//575 
f 198//575 197//575 559//575 
f 203//575 202//575 559//575 
f 559//575 206//575 205//575 
f 212//575 211//575 557//575 
f 221//575 220//575 554//575 
f 185//575 184//575 558//575 
f 187//575 558//575 561//575 
f 190//575 189//575 561//575 
f 560//575 559//575 194//575 
f 196//575 195//575 559//575 
f 205//575 204//575 559//575 
f 220//575 219//575 557//575 
f 558//575 187//575 186//575 
f 189//575 188//575 561//575 
f 195//575 194//575 559//575 
f 206//575 559//575 557//575 
f 561//575 188//575 187//575 
f 201//575 200//575 559//575 
f 562//575 191//575 190//575 
f 183//575 182//575 558//575 
f 563//575 556//575 557//575 
f 564//575 558//575 554//575 
f 557//575 559//575 563//575 
f 191//575 562//575 560//575 
f 554//575 555//575 564//575 
o mesh25
f 565//576 563//576 559//576 
f 559//576 566//576 565//576 
o mesh26
f 567//577 568//577 558//577 
f 558//577 564//577 567//577 
o mesh27
f 566//578 559//578 560//579 
f 569//579 560//579 562//580 
f 570//580 562//580 561//581 
f 571//581 561//581 558//582 
f 558//582 568//582 571//581 
f 561//581 571//581 570//580 
f 562//580 570//580 569//579 
f 560//579 569//579 566//578 
o mesh28
f 572//583 573//583 574//583 
f 571//583 575//583 576//583 
f 569//583 570//583 577//583 
f 568//583 578//583 579//583 
f 574//583 568//583 572//583 
f 576//583 570//583 571//583 
f 570//583 580//583 577//583 
f 568//583 581//583 582//583 
f 579//583 583//583 568//583 
f 572//583 584//583 573//583 
f 572//583 585//583 586//583 
f 572//583 587//583 588//583 
f 572//583 589//583 590//583 
f 577//583 591//583 569//583 
f 582//583 592//583 568//583 
f 574//583 578//583 568//583 
f 588//583 585//583 572//583 
f 572//583 593//583 589//583 
f 576//583 580//583 570//583 
f 568//583 594//583 595//583 
f 568//583 596//583 597//583 
f 583//583 581//583 568//583 
f 590//583 587//583 572//583 
f 566//583 598//583 599//583 
f 600//583 566//583 569//583 
f 571//583 601//583 575//583 
f 597//583 594//583 568//583 
f 586//583 584//583 572//583 
f 566//583 602//583 598//583 
f 591//583 603//583 569//583 
f 604//583 601//583 571//583 
f 592//583 596//583 568//583 
f 565//583 605//583 606//583 
f 566//583 607//583 602//583 
f 571//583 568//583 604//583 
f 595//583 608//583 568//583 
f 565//583 609//583 605//583 
f 565//583 610//583 611//583 
f 565//583 612//583 613//583 
f 565//583 614//583 615//583 
f 566//583 616//583 607//583 
f 566//583 617//583 618//583 
f 566//583 619//583 620//583 
f 608//583 604//583 568//583 
f 572//583 621//583 622//583 
f 572//583 623//583 624//583 
f 565//583 625//583 609//583 
f 613//583 610//583 565//583 
f 615//583 626//583 565//583 
f 565//583 627//583 628//583 
f 618//583 616//583 566//583 
f 566//583 629//583 619//583 
f 569//583 603//583 600//583 
f 624//583 621//583 572//583 
f 611//583 625//583 565//583 
f 628//583 614//583 565//583 
f 620//583 617//583 566//583 
f 622//583 593//583 572//583 
f 626//583 612//583 565//583 
f 565//583 599//583 630//583 
f 600//583 629//583 566//583 
f 631//583 632//583 623//583 
f 630//583 627//583 565//583 
f 623//583 572//583 631//583 
f 599//583 565//583 566//583 
f 567//583 633//583 572//583 
f 565//583 632//583 631//583 
f 572//583 568//583 567//583 
f 606//583 632//583 565//583 
f 631//583 634//583 565//583 
o mesh29
f 631//584 635//584 636//584 
f 636//584 634//584 631//584 
o mesh30
f 633//585 637//585 638//585 
f 638//585 572//585 633//585 
o mesh31
f 631//586 572//586 638//586 
f 638//586 635//586 631//586 
o mesh32
f 636//587 635//587 638//587 
f 638//587 637//587 636//587 
o mesh33
f 579//588 578//589 639//589 
f 583//590 579//588 640//591 
f 581//592 583//590 641//593 
f 582//594 581//592 642//595 
f 592//596 582//594 643//597 
f 596//598 592//596 644//599 
f 597//600 596//598 645//601 
f 594//602 597//600 646//603 
f 595//604 594//602 647//605 
f 608//606 595//604 648//607 
f 604//608 608//606 649//609 
f 601//610 604//608 650//611 
f 575//612 601//610 651//613 
f 576//614 575//612 652//615 
f 653//614 654//616 580//617 
f 654//616 577//616 580//617 
f 591//618 577//616 654//616 
f 603//619 591//618 655//618 
f 600//620 603//619 656//619 
f 629//621 600//620 657//620 
f 619//622 629//621 658//621 
f 620//623 619//622 659//622 
f 617//624 620//623 660//623 
f 618//625 617//624 661//624 
f 616//626 618//625 662//625 
f 607//627 616//626 663//626 
f 602//628 607//627 664//627 
f 598//629 602//628 665//628 
f 599//630 598//629 666//629 
f 630//631 599//630 667//630 
f 627//632 630//631 668//631 
f 628//633 627//632 669//632 
f 614//634 628//633 670//633 
f 615//635 614//634 671//634 
f 626//636 615//635 672//635 
f 612//637 626//636 673//636 
f 613//638 612//637 674//637 
f 610//639 613//638 675//638 
f 611//640 610//639 676//639 
f 625//641 611//640 677//640 
f 609//642 625//641 678//641 
f 605//643 609//642 679//642 
f 606//644 605//643 680//643 
f 632//645 606//644 681//644 
f 623//646 632//645 682//645 
f 624//647 623//646 683//646 
f 621//648 624//647 684//647 
f 622//649 621//648 685//648 
f 593//650 622//649 686//649 
f 589//651 593//650 687//650 
f 590//652 589//651 688//651 
f 587//653 590//652 689//652 
f 588//654 587//653 690//653 
f 585//655 588//654 691//654 
f 586//656 585//655 692//655 
f 584//657 586//656 693//656 
f 573//658 584//657 694//657 
f 574//659 573//658 695//658 
f 578//589 574//659 696//659 
f 696//659 639//589 578//589 
f 695//658 696//659 574//659 
f 694//657 695//658 573//658 
f 693//656 694//657 584//657 
f 692//655 693//656 586//656 
f 691//654 692//655 585//655 
f 690//653 691//654 588//654 
f 689//652 690//653 587//653 
f 688//651 689//652 590//652 
f 687//650 688//651 589//651 
f 686//649 687//650 593//650 
f 685//648 686//649 622//649 
f 684//647 685//648 621//648 
f 683//646 684//647 624//647 
f 682//645 683//646 623//646 
f 681//644 682//645 632//645 
f 680//643 681//644 606//644 
f 679//642 680//643 605//643 
f 678//641 679//642 609//642 
f 677//640 678//641 625//641 
f 676//639 677//640 611//640 
f 675//638 676//639 610//639 
f 674//637 675//638 613//638 
f 673//636 674//637 612//637 
f 672//635 673//636 626//636 
f 671//634 672//635 615//635 
f 670//633 671//634 614//634 
f 669//632 670//633 628//633 
f 668//631 669//632 627//632 
f 667//630 668//631 630//631 
f 666//629 667//630 599//630 
f 665//628 666//629 598//629 
f 664//627 665//628 602//628 
f 663//626 664//627 607//627 
f 662//625 663//626 616//626 
f 661//624 662//625 618//625 
f 660//623 661//624 617//624 
f 659//622 660//623 620//623 
f 658//621 659//622 619//622 
f 657//620 658//621 629//621 
f 656//619 657//620 600//620 
f 655//618 656//619 603//619 
f 654//616 655//618 591//618 
f 580//617 576//614 653//614 
f 652//615 653//614 576//614 
f 651//613 652//615 575//612 
f 650//611 651//613 601//610 
f 649//609 650//611 604//608 
f 648//607 649//609 608//606 
f 647//605 648//607 595//604 
f 646//603 647//605 594//602 
f 645//601 646//603 597//600 
f 644//599 645//601 596//598 
f 643//597 644//599 592//596 
f 642//595 643//597 582//594 
f 641//593 642//595 581//592 
f 640//591 641//593 583//590 
f 639//589 640//591 579//588 
o mesh34
f 565//660 697//660 698//660 
f 698//660 699//660 565//660 
f 563//660 700//660 701//660 
f 565//660 702//660 697//660 
f 701//660 703//660 563//660 
f 565//660 704//660 702//660 
f 563//660 705//660 706//660 
f 565//660 707//660 708//660 
f 703//660 709//660 563//660 
f 565//660 710//660 704//660 
f 634//660 636//660 710//660 
f 706//660 711//660 563//660 
f 705//660 563//660 565//660 
f 709//660 712//660 563//660 
f 710//660 565//660 634//660 
f 708//660 705//660 565//660 
f 556//660 563//660 388//660 
f 712//660 713//660 563//660 
f 711//660 700//660 563//660 
f 713//660 388//660 563//660 
f 388//660 551//660 556//660 
f 699//660 707//660 565//660 
o mesh35
f 701//661 714//662 715//663 
f 700//664 716//664 714//662 
f 714//662 701//661 700//664 
f 701//661 717//665 718//666 
f 701//661 719//667 717//665 
f 718//666 703//668 701//661 
f 701//661 720//669 721//670 
f 721//670 719//667 701//661 
f 703//668 722//671 723//672 
f 723//672 709//673 703//668 
f 703//668 724//674 725//675 
f 725//675 722//671 703//668 
f 712//676 726//677 727//678 
f 726//677 728//679 727//678 
f 709//673 729//680 726//677 
f 726//677 712//676 709//673 
f 712//676 730//681 731//682 
f 731//682 713//683 712//676 
f 731//682 732//684 713//683 
f 727//678 730//681 712//676 
f 723//672 729//680 709//673 
f 718//666 724//674 703//668 
f 715//663 720//669 701//661 
o mesh36
f 705//685 733//686 734//687 
f 705//685 735//688 733//686 
f 734//687 706//689 705//685 
f 711//690 736//691 737//692 
f 736//691 738//693 737//692 
f 706//689 739//694 736//691 
f 736//691 711//690 706//689 
f 711//690 740//695 716//696 
f 740//695 741//697 742//698 
f 742//698 716//696 740//695 
f 740//695 743//699 744//700 
f 740//695 745//701 746//702 
f 740//695 747//703 748//704 
f 748//704 745//701 740//695 
f 746//702 743//699 740//695 
f 747//703 740//695 749//705 
f 750//706 749//705 751//707 
f 751//707 752//708 750//706 
f 752//708 751//707 753//709 
f 753//709 754//710 752//708 
f 749//705 750//706 747//703 
f 744//700 741//697 740//695 
f 716//696 700//711 711//690 
f 737//692 740//695 711//690 
f 734//687 739//694 706//689 
o mesh37
f 810//712 811//713 812//714 
f 811//713 813//715 812//714 
f 814//716 815//717 816//718 
f 817//719 818//720 819//721 
f 820//722 821//723 822//724 
f 823//725 824//726 825//727 
f 811//713 810//712 818//720 
f 826//728 818//720 825//727 
f 818//720 810//712 825//727 
f 824//726 821//723 820//722 
f 827//729 828//730 829//731 
f 826//728 830//732 827//729 
f 826//728 820//722 830//732 
f 830//732 822//724 828//730 
f 831//733 827//729 832//734 
f 832//734 829//731 815//717 
f 833//735 832//734 814//716 
f 826//728 831//733 834//736 
f 818//720 826//728 835//737 
f 833//735 836//738 837//739 
f 834//736 831//733 833//735 
f 837//739 838//740 839//741 
f 837//739 836//738 838//740 
f 840//742 841//743 842//744 
f 843//745 844//746 845//747 
f 836//738 814//716 846//748 
f 846//748 816//718 844//746 
f 838//740 846//748 843//745 
f 839//741 843//745 847//749 
f 847//749 845//747 841//743 
f 848//750 847//749 840//742 
f 849//751 850//752 851//753 
f 852//754 840//742 853//755 
f 842//744 850//752 849//751 
f 854//756 855//757 853//755 
f 856//758 852//754 855//757 
f 857//759 848//750 852//754 
f 857//759 839//741 848//750 
f 858//760 855//757 854//756 
f 859//761 860//762 861//763 
f 862//764 863//765 864//766 
f 865//767 866//768 755//769 
f 867//770 865//767 868//771 
f 869//772 867//770 870//773 
f 860//762 859//761 871//774 
f 872//775 869//772 863//765 
f 873//776 860//762 874//777 
f 875//778 872//775 862//764 
f 876//779 877//780 878//781 
f 824//726 823//725 756//782 
f 821//723 824//726 879//783 
f 822//724 821//723 880//784 
f 822//724 881//785 882//786 
f 828//730 882//786 883//787 
f 883//787 757//788 877//780 
f 757//788 878//781 877//780 
f 829//731 883//787 884//789 
f 883//787 885//790 884//789 
f 886//791 884//789 887//792 
f 884//789 885//790 887//792 
f 888//793 889//794 869//772 
f 890//795 891//796 865//767 
f 885//790 877//780 876//779 
f 866//768 865//767 891//796 
f 887//792 876//779 891//796 
f 890//795 892//797 893//798 
f 889//794 890//795 867//770 
f 889//794 894//799 892//797 
f 888//793 895//800 894//799 
f 896//801 888//793 872//775 
f 896//801 897//802 895//800 
f 898//803 895//800 897//802 
f 898//803 894//799 895//800 
f 898//803 886//791 892//797 
f 886//791 893//798 892//797 
f 884//789 886//791 816//718 
f 886//791 844//746 816//718 
f 886//791 898//803 845//747 
f 898//803 841//743 845//747 
f 898//803 899//804 842//744 
f 899//804 850//752 842//744 
f 900//805 901//806 902//807 
f 903//808 900//805 904//809 
f 902//807 901//806 811//713 
f 901//806 813//715 811//713 
f 758//810 904//809 905//811 
f 905//811 759//812 758//810 
f 758//810 760//813 904//809 
f 905//811 904//809 902//807 
f 902//807 817//719 905//811 
f 760//813 761//814 904//809 
f 906//815 904//809 762//816 
f 763//817 907//818 906//815 
f 762//816 763//817 906//815 
f 763//817 764//819 907//818 
f 908//820 907//818 765//821 
f 765//821 766//822 908//820 
f 909//823 908//820 767//824 
f 767//824 768//825 909//823 
f 769//826 770//827 771//828 
f 771//828 772//829 769//826 
f 772//829 773//830 774//831 
f 775//832 773//830 772//829 
f 772//829 776//833 775//832 
f 777//834 778//835 776//833 
f 776//833 779//836 777//834 
f 780//837 779//836 909//823 
f 909//823 781//838 780//837 
f 780//837 782//839 779//836 
f 779//836 783//840 909//823 
f 908//820 909//823 783//840 
f 907//818 908//820 784//841 
f 906//815 907//818 785//842 
f 785//842 903//808 906//815 
f 903//808 786//843 787//844 
f 788//845 900//805 903//808 
f 901//806 900//805 788//845 
f 813//715 901//806 789//846 
f 812//714 813//715 790//847 
f 823//725 812//714 791//848 
f 879//783 756//782 792//849 
f 880//784 879//783 793//850 
f 881//785 880//784 794//851 
f 882//786 881//785 795//852 
f 883//787 882//786 796//853 
f 878//781 757//788 797//854 
f 866//768 878//781 798//855 
f 868//771 755//769 799//856 
f 870//773 868//771 800//857 
f 863//765 870//773 801//858 
f 801//858 864//766 863//765 
f 873//776 864//766 802//859 
f 802//859 803//860 873//776 
f 861//763 860//762 804//861 
f 860//762 873//776 804//861 
f 910//862 861//763 805//863 
f 731//864 910//862 806//865 
f 859//761 910//862 730//866 
f 910//862 731//864 730//866 
f 859//761 727//867 728//868 
f 728//868 871//774 859//761 
f 729//869 874//777 871//774 
f 871//774 726//870 729//869 
f 729//869 875//778 874//777 
f 722//871 896//801 875//778 
f 722//871 725//872 897//802 
f 899//804 897//802 724//873 
f 897//802 725//872 724//873 
f 850//752 899//804 717//874 
f 717//874 719//875 850//752 
f 899//804 718//876 717//874 
f 721//877 911//878 851//753 
f 854//756 849//751 720//879 
f 720//879 849//751 911//878 
f 911//878 721//877 720//879 
f 912//880 854//756 715//881 
f 912//880 714//882 716//883 
f 858//760 912//880 742//884 
f 856//758 858//760 741//885 
f 741//885 744//886 856//758 
f 857//759 856//758 744//886 
f 837//739 857//759 743//887 
f 834//736 837//739 746//888 
f 746//888 745//889 834//736 
f 835//737 834//736 748//890 
f 748//890 747//891 835//737 
f 819//721 835//737 750//892 
f 750//892 752//893 819//721 
f 905//811 819//721 754//894 
f 754//894 759//812 905//811 
f 752//893 754//894 819//721 
f 747//891 750//892 835//737 
f 745//889 748//890 834//736 
f 743//887 746//888 837//739 
f 744//886 743//887 857//759 
f 742//884 741//885 858//760 
f 716//883 742//884 912//880 
f 715//881 714//882 912//880 
f 720//879 715//881 854//756 
f 851//753 719//875 721//877 
f 719//875 851//753 850//752 
f 724//873 718//876 899//804 
f 897//802 896//801 722//871 
f 875//778 723//895 722//871 
f 729//869 723//895 875//778 
f 728//868 726//870 871//774 
f 730//866 727//867 859//761 
f 806//865 732//896 731//864 
f 805//863 806//865 910//862 
f 805//863 861//763 807//897 
f 804//861 807//897 861//763 
f 803//860 804//861 873//776 
f 802//859 864//766 808//898 
f 801//858 808//898 864//766 
f 800//857 801//858 870//773 
f 799//856 800//857 868//771 
f 798//855 755//769 866//768 
f 797//854 798//855 878//781 
f 796//853 757//788 883//787 
f 795//852 796//853 882//786 
f 794//851 795//852 881//785 
f 793//850 794//851 880//784 
f 792//849 793//850 879//783 
f 791//848 756//782 823//725 
f 790//847 791//848 812//714 
f 789//846 790//847 813//715 
f 788//845 789//846 901//806 
f 787//844 788//845 903//808 
f 785//842 786//843 903//808 
f 784//841 785//842 907//818 
f 783//840 784//841 908//820 
f 782//839 777//834 779//836 
f 778//835 775//832 776//833 
f 774//831 769//826 772//829 
f 770//827 809//899 771//828 
f 768//825 781//838 909//823 
f 766//822 767//824 908//820 
f 764//819 765//821 907//818 
f 761//814 762//816 904//809 
f 811//713 817//719 902//807 
f 904//809 906//815 903//808 
f 902//807 904//809 900//805 
f 842//744 841//743 898//803 
f 845//747 844//746 886//791 
f 816//718 815//717 884//789 
f 892//797 894//799 898//803 
f 897//802 899//804 898//803 
f 895//800 888//793 896//801 
f 872//775 875//778 896//801 
f 894//799 889//794 888//793 
f 892//797 890//795 889//794 
f 867//770 869//772 889//794 
f 893//798 891//796 890//795 
f 891//796 893//798 887//792 
f 891//796 876//779 866//768 
f 876//779 887//792 885//790 
f 865//767 867//770 890//795 
f 869//772 872//775 888//793 
f 887//792 893//798 886//791 
f 884//789 815//717 829//731 
f 877//780 885//790 883//787 
f 883//787 829//731 828//730 
f 882//786 828//730 822//724 
f 880//784 881//785 822//724 
f 879//783 880//784 821//723 
f 756//782 879//783 824//726 
f 878//781 866//768 876//779 
f 862//764 874//777 875//778 
f 874//777 862//764 873//776 
f 863//765 862//764 872//775 
f 871//774 874//777 860//762 
f 870//773 863//765 869//772 
f 868//771 870//773 867//770 
f 755//769 868//771 865//767 
f 864//766 873//776 862//764 
f 861//763 910//862 859//761 
f 854//756 912//880 858//760 
f 852//754 856//758 857//759 
f 855//757 858//760 856//758 
f 853//755 849//751 854//756 
f 849//751 853//755 842//744 
f 853//755 855//757 852//754 
f 851//753 911//878 849//751 
f 840//742 852//754 848//750 
f 841//743 840//742 847//749 
f 847//749 848//750 839//741 
f 843//745 839//741 838//740 
f 844//746 843//745 846//748 
f 846//748 838//740 836//738 
f 845//747 847//749 843//745 
f 842//744 853//755 840//742 
f 839//741 857//759 837//739 
f 837//739 834//736 833//735 
f 835//737 819//721 818//720 
f 834//736 835//737 826//728 
f 814//716 836//738 833//735 
f 815//717 814//716 832//734 
f 832//734 833//735 831//733 
f 828//730 827//729 830//732 
f 827//729 831//733 826//728 
f 829//731 832//734 827//729 
f 820//722 825//727 824//726 
f 825//727 820//722 826//728 
f 818//720 817//719 811//713 
f 825//727 810//712 823//725 
f 822//724 830//732 820//722 
f 819//721 905//811 817//719 
f 816//718 846//748 814//716 
f 812//714 823//725 810//712 
o mesh38
f 929//900 930//901 931//902 
f 913//903 932//904 933//905 
f 932//904 931//902 933//905 
f 914//906 934//907 733//908 
f 934//907 734//909 733//908 
f 935//910 936//911 915//912 
f 936//911 932//904 913//903 
f 913//903 916//913 936//911 
f 937//914 938//915 917//916 
f 934//907 914//906 918//917 
f 918//917 938//915 934//907 
f 938//915 939//918 940//919 
f 939//918 941//920 940//919 
f 942//921 939//918 938//915 
f 919//922 933//905 937//914 
f 937//914 920//923 919//922 
f 931//902 942//921 937//914 
f 942//921 943//924 944//925 
f 943//924 945//926 944//925 
f 944//925 946//927 941//920 
f 945//926 947//928 946//927 
f 930//901 943//924 942//921 
f 948//929 949//930 945//926 
f 921//931 922//932 923//932 
f 923//932 935//910 921//931 
f 921//931 924//932 922//932 
f 774//933 935//910 925//932 
f 935//910 926//932 925//932 
f 935//910 927//932 926//932 
f 925//932 770//934 769//935 
f 925//932 809//936 770//934 
f 935//910 775//937 778//938 
f 935//910 773//939 775//937 
f 935//910 774//933 773//939 
f 936//911 778//938 929//900 
f 929//900 778//938 777//940 
f 777//940 782//941 929//900 
f 782//941 780//942 929//900 
f 929//900 781//943 768//944 
f 929//900 780//942 781//943 
f 930//901 768//944 948//929 
f 948//929 768//944 767//945 
f 767//945 766//946 948//929 
f 948//929 764//947 763//948 
f 948//929 766//946 765//949 
f 765//949 764//947 948//929 
f 949//930 762//950 761//951 
f 761//951 760//952 949//930 
f 945//926 760//952 758//953 
f 945//926 949//930 760//952 
f 759//954 754//955 753//956 
f 947//928 758//953 759//954 
f 753//956 947//928 759//954 
f 751//957 749//958 946//927 
f 941//920 946//927 740//959 
f 946//927 749//958 740//959 
f 941//920 737//960 738//961 
f 738//961 940//919 941//920 
f 940//919 736//962 739//963 
f 739//963 934//907 940//919 
f 739//963 734//909 934//907 
f 738//961 736//962 940//919 
f 740//959 737//960 941//920 
f 946//927 947//928 751//957 
f 753//956 751//957 947//928 
f 758//953 947//928 945//926 
f 949//930 763//948 762//950 
f 763//948 949//930 948//929 
f 948//929 943//924 930//901 
f 768//944 930//901 929//900 
f 929//900 932//904 936//911 
f 778//938 936//911 935//910 
f 925//932 769//935 774//933 
f 923//932 927//932 935//910 
f 945//926 943//924 948//929 
f 942//921 931//902 930//901 
f 946//927 944//925 945//926 
f 941//920 939//918 944//925 
f 944//925 939//918 942//921 
f 937//914 933//905 931//902 
f 919//922 928//964 933//905 
f 938//915 937//914 942//921 
f 940//919 934//907 938//915 
f 918//917 917//916 938//915 
f 917//916 920//923 937//914 
f 916//913 915//912 936//911 
f 915//912 921//931 935//910 
f 733//908 735//965 914//906 
f 933//905 928//964 913//903 
f 931//902 932//904 929//900 
o mesh39
f 735//965 950//965 951//966 
f 914//967 951//966 952//968 
f 952//968 918//969 914//967 
f 918//969 952//968 953//970 
f 917//971 953//970 954//972 
f 954//972 920//973 917//971 
f 920//973 955//974 956//975 
f 920//973 954//972 955//974 
f 956//975 913//976 928//977 
f 913//976 957//978 958//979 
f 913//976 956//975 959//980 
f 959//980 957//978 913//976 
f 958//979 916//981 913//976 
f 916//981 960//982 961//983 
f 916//981 958//979 960//982 
f 915//984 961//983 962//985 
f 921//986 962//985 963//987 
f 963//987 924//988 921//986 
f 962//985 921//986 915//984 
f 961//983 915//984 916//981 
f 928//977 919//989 956//975 
f 956//975 919//989 920//973 
f 953//970 917//971 918//969 
f 951//966 914//967 735//965 
o mesh40
f 705//990 708//990 950//990 
f 950//990 735//990 705//990 
o mesh41
f 964//991 965//991 924//991 
f 924//991 963//991 966//991 
f 965//991 922//991 924//991 
f 965//991 926//991 927//991 
f 965//991 809//991 925//991 
f 965//991 923//991 922//991 
f 925//991 926//991 965//991 
f 927//991 923//991 965//991 
f 965//991 771//991 809//991 
f 924//991 966//991 964//991 
o mesh42
f 702//992 704//993 967//994 
f 967//994 968//995 702//992 
f 697//996 702//992 969//997 
f 969//997 970//998 697//996 
f 698//999 697//996 971//1000 
f 971//1000 972//1001 698//999 
f 699//1002 698//999 973//1003 
f 973//1003 974//1004 699//1002 
f 707//1005 699//1002 975//1006 
f 975//1006 976//1007 707//1005 
f 977//1008 978//1008 979//1009 
f 980//1010 981//1010 982//1011 
f 983//1012 984//1013 985//1014 
f 977//1008 984//1013 983//1012 
f 983//1012 978//1008 977//1008 
f 985//1014 982//1011 983//1012 
f 986//1015 987//1015 988//1016 
f 988//1016 980//1010 986//1015 
f 989//1017 990//1018 991//1019 
f 991//1019 992//1020 989//1017 
f 986//1015 990//1018 989//1017 
f 989//1017 987//1015 986//1015 
f 993//1021 994//1022 995//1023 
f 996//1024 995//1023 994//1022 
f 994//1022 992//1020 996//1024 
f 997//1025 998//1026 999//1027 
f 998//1026 997//1025 1000//1028 
f 993//1021 1001//1029 1002//1030 
f 1002//1030 1000//1028 993//1021 
f 1000//1028 1002//1030 998//1026 
f 1003//1031 1004//1032 1005//1033 
f 1006//1034 997//1025 1007//1035 
f 1004//1032 1003//1031 1006//1034 
f 1007//1035 1004//1032 1006//1034 
f 1008//1036 1009//1037 964//1038 
f 1010//1039 1003//1031 1011//1040 
f 1012//1041 1008//1036 1010//1039 
f 1011//1040 1012//1041 1010//1039 
f 1012//1041 1009//1037 1008//1036 
f 1013//1042 951//1043 950//1044 
f 950//1044 707//1005 1013//1042 
f 1013//1042 953//1045 952//1046 
f 1013//1042 955//1047 954//1048 
f 954//1048 953//1045 1013//1042 
f 952//1046 951//1043 1013//1042 
f 1013//1042 959//1049 956//1050 
f 1013//1042 960//1051 958//1052 
f 958//1052 957//1053 1013//1042 
f 957//1053 959//1049 1013//1042 
f 1013//1042 962//1054 961//1055 
f 1013//1042 1014//1056 966//1057 
f 966//1057 963//1058 1013//1042 
f 1014//1056 1015//1059 966//1057 
f 1015//1059 1008//1036 966//1057 
f 963//1058 962//1054 1013//1042 
f 961//1055 960//1051 1013//1042 
f 956//1050 955//1047 1013//1042 
f 950//1044 708//1060 707//1005 
f 964//1038 966//1057 1008//1036 
f 1005//1033 1011//1040 1003//1031 
f 999//1027 1007//1035 997//1025 
f 995//1023 1001//1029 993//1021 
f 991//1019 996//1024 992//1020 
f 988//1016 981//1010 980//1010 
f 982//1011 985//1014 980//1010 
f 979//1009 1016//1061 977//1008 
f 976//1007 1013//1042 707//1005 
f 974//1004 975//1006 699//1002 
f 972//1001 973//1003 698//999 
f 970//998 971//1000 697//996 
f 968//995 969//997 702//992 
o mesh43
f 965//1062 1009//1063 1012//1064 
f 965//1062 964//1065 1009//1063 
f 1017//1066 1011//1067 1005//1068 
f 1017//1066 1012//1064 1011//1067 
f 1018//1069 1007//1070 999//1071 
f 1018//1069 1005//1068 1004//1072 
f 1004//1072 1007//1070 1018//1069 
f 1019//1073 998//1074 1002//1075 
f 1019//1073 999//1071 998//1074 
f 1020//1076 996//1077 991//1078 
f 1020//1076 1002//1075 1001//1079 
f 1001//1079 995//1080 1020//1076 
f 995//1080 996//1077 1020//1076 
f 1021//1081 977//1082 1016//1083 
f 1021//1081 984//1084 977//1082 
f 1021//1081 990//1085 986//1086 
f 986//1086 980//1087 1021//1081 
f 1021//1081 991//1078 990//1085 
f 980//1087 985//1088 1021//1081 
f 985//1088 984//1084 1021//1081 
f 1016//1083 1022//1089 1021//1081 
f 991//1078 1021//1081 1020//1076 
f 1002//1075 1020//1076 1019//1073 
f 999//1071 1019//1073 1018//1069 
f 1005//1068 1018//1069 1017//1066 
f 1012//1064 1017//1066 965//1062 
o mesh44
f 1023//1090 1024//1090 1025//1091 
f 1026//1091 1025//1091 1027//1092 
f 1028//1092 1027//1092 1029//1093 
f 1030//1093 1029//1093 1031//1094 
f 1032//1094 1031//1094 1033//1095 
f 1034//1095 1033//1095 1035//1096 
f 1036//1096 1035//1096 1037//1097 
f 1038//1097 1037//1097 1039//1098 
f 1040//1098 1039//1098 1041//1099 
f 1042//1099 1041//1099 1043//1100 
f 1044//1100 1043//1100 1045//1101 
f 1046//1102 1047//1102 1048//1103 
f 1049//1103 1048//1103 1050//1104 
f 1051//1104 1050//1104 1052//1105 
f 1053//1105 1052//1105 1054//1106 
f 1055//1106 1054//1106 1056//1107 
f 1057//1107 1056//1107 1058//1108 
f 1059//1108 1058//1108 1060//1109 
f 1061//1109 1060//1109 1062//1110 
f 1063//1110 1062//1110 1064//1111 
f 1065//1111 1064//1111 1066//1112 
f 1067//1112 1066//1112 1068//1113 
f 1069//1113 1068//1113 1070//1114 
f 1071//1114 1070//1114 1072//1115 
f 1073//1115 1072//1115 1074//1116 
f 1075//1116 1074//1116 1076//1117 
f 1077//1117 1076//1117 1078//1118 
f 1079//1118 1078//1118 1080//1119 
f 1081//1119 1080//1119 1082//1120 
f 1083//1120 1082//1120 1084//1121 
f 1085//1121 1084//1121 1086//1122 
f 1087//1122 1086//1122 1088//1123 
f 1089//1123 1088//1123 1090//1124 
f 1091//1124 1090//1124 1092//1125 
f 1093//1125 1092//1125 1094//1126 
f 1095//1126 1094//1126 1096//1127 
f 1097//1127 1096//1127 1098//1128 
f 1099//1128 1098//1128 1100//1129 
f 1101//1129 1100//1129 1102//1130 
f 1103//1130 1102//1130 1104//1131 
f 1105//1131 1104//1131 1106//1132 
f 1107//1132 1106//1132 1108//1133 
f 1109//1133 1108//1133 1110//1134 
f 1111//1134 1110//1134 1112//1135 
f 1113//1135 1112//1135 1114//1136 
f 1115//1136 1114//1136 1116//1137 
f 1117//1137 1116//1137 1118//1138 
f 1119//1138 1118//1138 1120//1139 
f 1121//1139 1120//1139 1122//1140 
f 1123//1140 1122//1140 1124//1141 
f 1125//1141 1124//1141 1024//1090 
f 1126//1142 1127//1143 1128//1144 
f 1128//1144 1129//1145 1126//1142 
f 1126//1142 1130//1146 1131//1147 
f 1126//1142 1132//1148 1133//1149 
f 1126//1142 1134//1150 1135//1151 
f 1135//1151 1132//1148 1126//1142 
f 1133//1149 1130//1146 1126//1142 
f 1126//1142 1136//1152 1137//1153 
f 1137//1153 1134//1150 1126//1142 
f 1131//1147 1127//1143 1126//1142 
f 1047//1102 1046//1102 1138//1154 
f 1046//1102 1139//1155 1140//1156 
f 1140//1156 1141//1157 1046//1102 
f 1046//1102 1142//1158 1139//1155 
f 1046//1102 1143//1159 1144//1160 
f 1144//1160 1142//1158 1046//1102 
f 1046//1102 1145//1161 1146//1162 
f 1046//1102 1147//1163 1148//1164 
f 1148//1164 1145//1161 1046//1102 
f 1146//1162 1143//1159 1046//1102 
f 1046//1102 1149//1165 1150//1166 
f 1046//1102 1151//1167 1152//1168 
f 1152//1168 1149//1165 1046//1102 
f 1046//1102 1153//1169 1154//1170 
f 1154//1170 1151//1167 1046//1102 
f 1126//1142 1155//1171 1156//1172 
f 1156//1172 1046//1102 1126//1142 
f 1156//1172 1153//1169 1046//1102 
f 1150//1166 1147//1163 1046//1102 
f 1141//1157 1138//1154 1046//1102 
f 1157//1173 1158//1174 1015//1175 
f 1158//1174 1010//1176 1008//1177 
f 1008//1177 1015//1175 1158//1174 
f 1158//1174 1006//1178 1003//1179 
f 1003//1179 1010//1176 1158//1174 
f 1158//1174 1000//1180 997//1181 
f 997//1181 1006//1178 1158//1174 
f 1158//1174 994//1182 993//1183 
f 1158//1174 989//1184 992//1185 
f 1158//1174 988//1186 987//1187 
f 987//1187 989//1184 1158//1174 
f 1158//1174 982//1188 981//1189 
f 1158//1174 979//1190 978//1191 
f 1158//1174 1016//1192 979//1190 
f 978//1191 983//1193 1158//1174 
f 983//1193 982//1188 1158//1174 
f 981//1189 988//1186 1158//1174 
f 992//1185 994//1182 1158//1174 
f 993//1183 1000//1180 1158//1174 
f 1045//1101 1022//1192 1016//1192 
f 1016//1192 1158//1174 1045//1101 
f 1157//1173 970//1194 969//1195 
f 969//1195 968//1196 1157//1173 
f 1157//1173 972//1197 971//1198 
f 1157//1173 974//1199 973//1200 
f 1157//1173 976//1201 975//1202 
f 1157//1173 1014//1203 1013//1204 
f 1013//1204 976//1201 1157//1173 
f 975//1202 974//1199 1157//1173 
f 973//1200 972//1197 1157//1173 
f 971//1198 970//1194 1157//1173 
f 968//1196 967//1205 1157//1173 
f 1015//1175 1014//1203 1157//1173 
f 1138//1154 1159//1206 1047//1102 
f 1129//1145 1155//1171 1126//1142 
f 1024//1090 1023//1090 1125//1141 
f 1124//1141 1125//1141 1123//1140 
f 1122//1140 1123//1140 1121//1139 
f 1120//1139 1121//1139 1119//1138 
f 1118//1138 1119//1138 1117//1137 
f 1116//1137 1117//1137 1115//1136 
f 1114//1136 1115//1136 1113//1135 
f 1112//1135 1113//1135 1111//1134 
f 1110//1134 1111//1134 1109//1133 
f 1108//1133 1109//1133 1107//1132 
f 1106//1132 1107//1132 1105//1131 
f 1104//1131 1105//1131 1103//1130 
f 1102//1130 1103//1130 1101//1129 
f 1100//1129 1101//1129 1099//1128 
f 1098//1128 1099//1128 1097//1127 
f 1096//1127 1097//1127 1095//1126 
f 1094//1126 1095//1126 1093//1125 
f 1092//1125 1093//1125 1091//1124 
f 1090//1124 1091//1124 1089//1123 
f 1088//1123 1089//1123 1087//1122 
f 1086//1122 1087//1122 1085//1121 
f 1084//1121 1085//1121 1083//1120 
f 1082//1120 1083//1120 1081//1119 
f 1080//1119 1081//1119 1079//1118 
f 1078//1118 1079//1118 1077//1117 
f 1076//1117 1077//1117 1075//1116 
f 1074//1116 1075//1116 1073//1115 
f 1072//1115 1073//1115 1071//1114 
f 1070//1114 1071//1114 1069//1113 
f 1068//1113 1069//1113 1067//1112 
f 1066//1112 1067//1112 1065//1111 
f 1064//1111 1065//1111 1063//1110 
f 1062//1110 1063//1110 1061//1109 
f 1060//1109 1061//1109 1059//1108 
f 1058//1108 1059//1108 1057//1107 
f 1056//1107 1057//1107 1055//1106 
f 1054//1106 1055//1106 1053//1105 
f 1052//1105 1053//1105 1051//1104 
f 1050//1104 1051//1104 1049//1103 
f 1048//1103 1049//1103 1046//1102 
f 1045//1101 1158//1174 1044//1100 
f 1043//1100 1044//1100 1042//1099 
f 1041//1099 1042//1099 1040//1098 
f 1039//1098 1040//1098 1038//1097 
f 1037//1097 1038//1097 1036//1096 
f 1035//1096 1036//1096 1034//1095 
f 1033//1095 1034//1095 1032//1094 
f 1031//1094 1032//1094 1030//1093 
f 1029//1093 1030//1093 1028//1092 
f 1027//1092 1028//1092 1026//1091 
f 1025//1091 1026//1091 1023//1090 
o mesh45
f 1160//1207 1161//1208 1162//1209 
f 1160//1207 1163//1210 1161//1208 
f 1162//1209 1164//1211 1160//1207 
f 1160//1207 1165//1212 1163//1210 
f 1160//1207 1159//1213 1138//1213 
f 1138//1213 1166//1214 1160//1207 
f 1166//1214 1165//1212 1160//1207 
f 1167//1215 1168//1216 1169//1217 
f 1167//1215 1170//1218 1168//1216 
f 1167//1215 1160//1207 1171//1219 
f 1171//1219 1170//1218 1167//1215 
f 1172//1220 1167//1215 1173//1221 
f 1173//1221 1174//1222 1172//1220 
f 1175//1223 1176//1224 1177//1225 
f 1175//1223 1172//1220 1178//1226 
f 1178//1226 1176//1224 1175//1223 
f 1179//1227 1175//1223 1180//1228 
f 1180//1228 1181//1229 1179//1227 
f 1182//1230 1179//1227 1183//1231 
f 1183//1231 1184//1232 1182//1230 
f 1184//1232 1185//1233 1182//1230 
f 1181//1229 1183//1231 1179//1227 
f 1177//1225 1180//1228 1175//1223 
f 1174//1222 1178//1226 1172//1220 
f 1169//1217 1173//1221 1167//1215 
f 1164//1211 1171//1219 1160//1207 
o mesh46
f 1166//1234 1138//1235 1141//1236 
f 1166//1234 1140//1237 1139//1238 
f 1142//1239 1163//1240 1165//1241 
f 1165//1241 1139//1238 1142//1239 
f 1161//1242 1163//1240 1142//1239 
f 1142//1239 1144//1243 1161//1242 
f 1146//1244 1164//1245 1162//1246 
f 1162//1246 1143//1247 1146//1244 
f 1162//1246 1144//1243 1143//1247 
f 1146//1244 1145//1248 1171//1249 
f 1145//1248 1148//1250 1170//1251 
f 1170//1251 1171//1249 1145//1248 
f 1148//1250 1168//1250 1170//1251 
f 1168//1250 1148//1250 1147//1252 
f 1147//1252 1169//1253 1168//1250 
f 1150//1254 1174//1254 1173//1255 
f 1173//1255 1169//1253 1150//1254 
f 1149//1256 1178//1257 1174//1254 
f 1149//1256 1176//1258 1178//1257 
f 1176//1258 1149//1256 1152//1259 
f 1152//1259 1177//1259 1176//1258 
f 1151//1260 1180//1261 1177//1259 
f 1181//1262 1180//1261 1151//1260 
f 1151//1260 1154//1263 1181//1262 
f 1154//1263 1184//1263 1183//1264 
f 1183//1264 1181//1262 1154//1263 
f 1153//1265 1185//1266 1184//1263 
f 1184//1263 1154//1263 1153//1265 
f 1156//1267 1186//1267 1185//1266 
f 1128//1268 1187//1269 1186//1267 
f 1186//1267 1155//1270 1129//1271 
f 1186//1267 1156//1267 1155//1270 
f 1128//1268 1188//1272 1187//1269 
f 1128//1268 1189//1273 1190//1274 
f 1190//1274 1188//1272 1128//1268 
f 1128//1268 1191//1275 1192//1276 
f 1192//1276 1189//1273 1128//1268 
f 1128//1268 1193//1277 1194//1278 
f 1128//1268 1195//1279 1193//1277 
f 1128//1268 1196//1280 1197//1281 
f 1128//1268 1198//1282 1199//1283 
f 1199//1283 1196//1280 1128//1268 
f 1197//1281 1195//1279 1128//1268 
f 1200//1284 1201//1285 1202//1286 
f 1202//1286 1128//1268 1200//1284 
f 1202//1286 1198//1282 1128//1268 
f 1194//1278 1191//1275 1128//1268 
f 1200//1284 1127//1287 1131//1288 
f 1200//1284 1128//1268 1127//1287 
f 1203//1288 1130//1289 1133//1290 
f 1203//1288 1131//1288 1130//1289 
f 1204//1290 1132//1291 1135//1292 
f 1204//1290 1133//1290 1132//1291 
f 1205//1292 1134//1293 1137//1294 
f 1205//1292 1135//1292 1134//1293 
f 1206//1294 1137//1294 1136//1295 
f 1136//1295 1207//1296 1206//1294 
f 1137//1294 1206//1294 1205//1292 
f 1135//1292 1205//1292 1204//1290 
f 1133//1290 1204//1290 1203//1288 
f 1131//1288 1203//1288 1200//1284 
f 1186//1267 1129//1271 1128//1268 
f 1153//1265 1156//1267 1185//1266 
f 1177//1259 1152//1259 1151//1260 
f 1174//1254 1150//1254 1149//1256 
f 1147//1252 1150//1254 1169//1253 
f 1171//1249 1164//1245 1146//1244 
f 1162//1246 1161//1242 1144//1243 
f 1139//1238 1165//1241 1166//1234 
f 1141//1236 1140//1237 1166//1234 
o mesh47
f 1208//1297 1209//1298 1187//1299 
f 1210//1300 1208//1297 1188//1301 
f 1188//1301 1190//1302 1210//1300 
f 1211//1303 1210//1300 1190//1302 
f 1190//1302 1189//1304 1211//1303 
f 1212//1305 1211//1303 1192//1306 
f 1213//1307 1212//1305 1191//1308 
f 1191//1308 1194//1309 1213//1307 
f 1214//1310 1213//1307 1194//1309 
f 1194//1309 1193//1311 1214//1310 
f 1193//1311 1195//1312 1214//1310 
f 1215//1313 1214//1310 1197//1314 
f 1197//1314 1196//1315 1215//1313 
f 1216//1316 1215//1313 1199//1317 
f 1217//1318 1216//1316 1198//1319 
f 1198//1319 1202//1318 1217//1318 
f 1199//1317 1198//1319 1216//1316 
f 1196//1315 1199//1317 1215//1313 
f 1195//1312 1197//1314 1214//1310 
f 1192//1306 1191//1308 1212//1305 
f 1189//1304 1192//1306 1211//1303 
f 1187//1299 1188//1301 1208//1297 
o mesh48
f 1182//1320 1218//1320 1219//1320 
f 1182//1320 1220//1320 1221//1320 
f 1185//1320 1186//1320 1209//1320 
f 1221//1320 1218//1320 1182//1320 
f 1209//1320 1182//1320 1185//1320 
f 1182//1320 1222//1320 1220//1320 
f 1186//1320 1187//1320 1209//1320 
f 1209//1320 1222//1320 1182//1320 
f 1219//1320 1223//1320 1182//1320 
f 1223//1320 1224//1320 1182//1320 
o mesh49
f 1212//1321 1213//1322 1257//1323 
f 1257//1323 1258//1324 1212//1321 
f 1259//1325 1208//1326 1210//1327 
f 1260//1328 1211//1329 1212//1321 
f 1260//1328 1210//1327 1211//1329 
f 1259//1325 1220//1330 1222//1330 
f 1222//1330 1208//1326 1259//1325 
f 1259//1325 1221//1330 1220//1330 
f 1261//1331 1258//1324 1262//1332 
f 1263//1333 1264//1334 1265//1335 
f 1264//1334 1266//1336 1267//1337 
f 1268//1338 1266//1336 1264//1334 
f 1264//1334 1269//1339 1268//1338 
f 1270//1340 1269//1339 1263//1333 
f 1271//1341 1262//1332 1268//1338 
f 1272//1342 1216//1343 1225//1344 
f 1216//1343 1217//1345 1225//1344 
f 1225//1344 1226//1346 1272//1342 
f 1268//1338 1273//1347 1274//1348 
f 1274//1348 1272//1342 1275//1349 
f 1275//1349 1266//1336 1274//1348 
f 1262//1332 1257//1323 1273//1347 
f 1214//1350 1215//1351 1274//1348 
f 1274//1348 1215//1351 1216//1343 
f 1213//1322 1214//1350 1273//1347 
f 1275//1349 1272//1342 1227//1352 
f 1272//1342 1228//1353 1227//1352 
f 1275//1349 1229//1354 1230//1355 
f 1230//1355 1267//1337 1275//1349 
f 1267//1337 1231//1356 1232//1357 
f 1232//1357 1265//1335 1267//1337 
f 1276//1358 1265//1335 1233//1359 
f 1276//1358 1234//1360 1235//1361 
f 1235//1361 1236//1362 1276//1358 
f 1263//1333 1276//1358 1237//1363 
f 1237//1363 1238//1364 1263//1333 
f 1277//1365 1238//1364 1239//1366 
f 1239//1366 1240//1367 1277//1365 
f 1270//1340 1241//1368 1242//1369 
f 1277//1365 1243//1370 1241//1368 
f 1241//1368 1270//1340 1277//1365 
f 1270//1340 1244//1371 1245//1372 
f 1271//1341 1269//1339 1270//1340 
f 1270//1340 1246//1373 1271//1341 
f 1261//1331 1271//1341 1246//1373 
f 1246//1373 1247//1374 1261//1331 
f 1247//1374 1248//1375 1261//1331 
f 1261//1331 1249//1376 1250//1377 
f 1260//1328 1258//1324 1261//1331 
f 1261//1331 1251//1378 1260//1328 
f 1259//1325 1252//1379 1253//1380 
f 1259//1325 1260//1328 1251//1378 
f 1251//1378 1252//1379 1259//1325 
f 1254//1381 1255//1382 1219//1383 
f 1219//1383 1218//1383 1254//1381 
f 1218//1383 1259//1325 1254//1381 
f 1218//1383 1221//1330 1259//1325 
f 1255//1382 1256//1384 1219//1383 
f 1256//1384 1223//1383 1219//1383 
f 1253//1380 1254//1381 1259//1325 
f 1250//1377 1251//1378 1261//1331 
f 1248//1375 1249//1376 1261//1331 
f 1245//1372 1246//1373 1270//1340 
f 1242//1369 1244//1371 1270//1340 
f 1240//1367 1243//1370 1277//1365 
f 1238//1364 1277//1365 1263//1333 
f 1236//1362 1237//1363 1276//1358 
f 1233//1359 1234//1360 1276//1358 
f 1232//1357 1233//1359 1265//1335 
f 1230//1355 1231//1356 1267//1337 
f 1227//1352 1229//1354 1275//1349 
f 1273//1347 1257//1323 1213//1322 
f 1216//1343 1272//1342 1274//1348 
f 1274//1348 1273//1347 1214//1350 
f 1273//1347 1268//1338 1262//1332 
f 1275//1349 1267//1337 1266//1336 
f 1274//1348 1266//1336 1268//1338 
f 1226//1346 1228//1353 1272//1342 
f 1268//1338 1269//1339 1271//1341 
f 1263//1333 1277//1365 1270//1340 
f 1264//1334 1263//1333 1269//1339 
f 1267//1337 1265//1335 1264//1334 
f 1265//1335 1276//1358 1263//1333 
f 1262//1332 1271//1341 1261//1331 
f 1222//1330 1209//1383 1208//1326 
f 1212//1321 1258//1324 1260//1328 
f 1210//1327 1260//1328 1259//1325 
f 1257//1323 1262//1332 1258//1324 
o mesh50
f 1278//1385 1217//1385 1202//1385 
f 1202//1385 1201//1385 1278//1385 
o mesh51
f 564//1386 1279//1386 1280//1386 
f 1280//1386 1281//1386 564//1386 
f 567//1386 1204//1386 1205//1386 
f 564//1386 1282//1386 1279//1386 
f 567//1386 1203//1386 1204//1386 
f 1281//1386 1283//1386 564//1386 
f 567//1386 1278//1386 1201//1386 
f 564//1386 1284//1386 1285//1386 
f 567//1386 1200//1386 1203//1386 
f 564//1386 549//1386 1282//1386 
f 555//1386 550//1386 549//1386 
f 1201//1386 1200//1386 567//1386 
f 564//1386 1286//1386 1284//1386 
f 1205//1386 1206//1386 567//1386 
f 549//1386 564//1386 555//1386 
f 1285//1386 1278//1386 564//1386 
f 633//1386 567//1386 1287//1386 
f 1206//1386 1207//1386 567//1386 
f 567//1386 564//1386 1278//1386 
f 1207//1386 1287//1386 567//1386 
f 1287//1386 637//1386 633//1386 
f 1283//1386 1286//1386 564//1386 
o mesh52
f 1351//1387 1352//1388 1353//1389 
f 1353//1389 1354//1390 1351//1387 
f 1355//1391 1356//1392 1357//1393 
f 1358//1394 1359//1395 1288//1396 
f 1356//1392 1355//1391 1359//1395 
f 1360//1397 1361//1398 1362//1399 
f 1357//1393 1360//1397 1363//1400 
f 1361//1398 1352//1388 1351//1387 
f 1351//1387 1362//1399 1361//1398 
f 1289//1401 1362//1399 1364//1402 
f 1362//1399 1365//1403 1364//1402 
f 1366//1404 1367//1405 1368//1406 
f 1368//1406 1369//1407 1366//1404 
f 1365//1403 1370//1408 1371//1409 
f 1354//1390 1372//1410 1373//1411 
f 1373//1411 1366//1404 1354//1390 
f 1354//1390 1374//1412 1370//1408 
f 1370//1408 1351//1387 1354//1390 
f 1366//1404 1375//1413 1376//1414 
f 1376//1414 1354//1390 1366//1404 
f 1377//1415 1378//1416 1374//1412 
f 1371//1409 1379//1417 1380//1418 
f 1370//1408 1374//1412 1378//1416 
f 1379//1417 1371//1409 1378//1416 
f 1377//1415 1381//1419 1382//1420 
f 1383//1421 1377//1415 1376//1414 
f 1383//1421 1384//1422 1381//1419 
f 1385//1423 1383//1421 1375//1413 
f 1369//1407 1386//1424 1387//1425 
f 1387//1425 1366//1404 1369//1407 
f 1385//1423 1388//1426 1384//1422 
f 1389//1427 1385//1423 1387//1425 
f 1388//1426 1385//1423 1389//1427 
f 1388//1426 1390//1428 1391//1429 
f 1381//1419 1392//1430 1393//1431 
f 1384//1422 1391//1429 1392//1430 
f 1390//1428 1394//1432 1395//1433 
f 1396//1434 1397//1435 1390//1428 
f 1397//1435 1398//1436 1394//1432 
f 1398//1436 1397//1435 1399//1437 
f 1400//1438 1398//1436 1401//1439 
f 1402//1440 1403//1441 1404//1442 
f 1403//1441 1405//1443 1406//1444 
f 1404//1442 1406//1444 1407//1445 
f 1408//1446 1407//1445 1409//1447 
f 1410//1448 1409//1447 1411//1449 
f 1411//1449 1412//1450 1410//1448 
f 1411//1449 1413//1451 1414//1452 
f 1414//1452 1415//1453 1411//1449 
f 1413//1451 1416//1454 1417//1455 
f 1417//1455 1418//1456 1413//1451 
f 1416//1454 1419//1457 1420//1458 
f 1419//1457 1421//1459 1422//1460 
f 1412//1450 1415//1453 1423//1461 
f 1408//1446 1424//1462 1425//1463 
f 1425//1463 1426//1464 1408//1446 
f 1408//1446 1427//1465 1428//1466 
f 1428//1466 1404//1442 1408//1446 
f 1402//1440 1429//1467 1430//1468 
f 1429//1467 1431//1469 1430//1468 
f 1431//1469 1429//1467 1428//1466 
f 1358//1394 1428//1466 1427//1465 
f 1424//1462 1410//1448 1432//1470 
f 1427//1465 1426//1464 1357//1393 
f 1426//1464 1425//1463 1360//1397 
f 1425//1463 1432//1470 1361//1398 
f 1410//1448 1412//1450 1433//1471 
f 1432//1470 1433//1471 1352//1388 
f 1417//1455 1420//1458 1434//1472 
f 1414//1452 1418//1456 1435//1473 
f 1433//1471 1423//1461 1353//1389 
f 1415//1453 1414//1452 1436//1474 
f 1423//1461 1436//1474 1372//1410 
f 1436//1474 1435//1473 1373//1411 
f 1418//1456 1417//1455 1437//1475 
f 1435//1473 1437//1475 1367//1405 
f 1437//1475 1434//1472 1368//1406 
f 1422//1460 1438//1476 1434//1472 
f 1434//1472 1438//1476 1439//1477 
f 1438//1476 1440//1478 1441//1479 
f 1442//1480 1443//1481 1444//1482 
f 1445//1483 1444//1482 1446//1484 
f 1446//1484 1403//1441 1402//1440 
f 1402//1440 1447//1485 1446//1484 
f 1448//1486 1290//1487 1291//1488 
f 1400//1438 1292//1489 1293//1490 
f 1293//1490 1398//1436 1400//1438 
f 1394//1432 1293//1490 1294//1491 
f 1395//1433 1295//1492 1296//1493 
f 1296//1493 1391//1429 1395//1433 
f 1392//1430 1297//1494 1298//1495 
f 1392//1430 1296//1493 1297//1494 
f 1382//1420 1393//1431 1299//1496 
f 1393//1431 1300//1497 1299//1496 
f 1379//1417 1299//1496 1301//1498 
f 1380//1418 1301//1498 1302//1499 
f 1362//1399 1289//1401 1303//1500 
f 1363//1400 1303//1500 1304//1501 
f 1449//1502 1304//1501 1305//1503 
f 1355//1391 1305//1503 1306//1504 
f 1359//1395 1306//1504 1307//1505 
f 1431//1469 1288//1396 1308//1506 
f 1430//1468 1308//1506 1309//1507 
f 1450//1508 1309//1507 1310//1509 
f 1447//1485 1310//1509 1311//1510 
f 1311//1510 1312//1511 1442//1480 
f 1442//1480 1312//1511 1313//1512 
f 1313//1512 1443//1481 1442//1480 
f 1451//1513 1313//1512 1314//1514 
f 1314//1514 1315//1515 1451//1513 
f 1452//1516 1315//1515 1316//1517 
f 1255//1518 1317//1519 1224//1520 
f 1224//1520 1223//1521 1256//1522 
f 1254//1523 1318//1524 1317//1519 
f 1317//1519 1255//1518 1254//1523 
f 1251//1525 1319//1526 1318//1524 
f 1318//1524 1252//1527 1251//1525 
f 1318//1524 1253//1528 1252//1527 
f 1248//1529 1247//1530 1453//1531 
f 1319//1526 1250//1532 1249//1533 
f 1249//1533 1248//1529 1319//1526 
f 1453//1531 1319//1526 1248//1529 
f 1453//1531 1246//1534 1245//1535 
f 1453//1531 1247//1530 1246//1534 
f 1452//1516 1244//1536 1242//1537 
f 1452//1516 1245//1535 1244//1536 
f 1443//1481 1243//1538 1240//1539 
f 1240//1539 1444//1482 1443//1481 
f 1451//1513 1241//1540 1243//1538 
f 1451//1513 1242//1537 1241//1540 
f 1405//1443 1403//1441 1446//1484 
f 1237//1541 1236//1542 1405//1443 
f 1444//1482 1239//1543 1238//1544 
f 1238//1544 1237//1541 1444//1482 
f 1405//1443 1444//1482 1237//1541 
f 1444//1482 1240//1539 1239//1543 
f 1405//1443 1236//1542 1235//1545 
f 1406//1444 1320//1546 1321//1547 
f 1406//1444 1322//1548 1320//1546 
f 1406//1444 1235//1545 1322//1548 
f 1407//1445 1323//1549 1324//1550 
f 1407//1445 1321//1547 1323//1549 
f 1409//1447 1325//1551 1326//1552 
f 1409//1447 1324//1550 1325//1551 
f 1411//1449 1326//1552 1327//1553 
f 1413//1451 1328//1554 1329//1555 
f 1413//1451 1327//1553 1328//1554 
f 1416//1454 1329//1555 1330//1556 
f 1419//1457 1330//1556 1331//1557 
f 1331//1557 1421//1459 1419//1457 
f 1421//1459 1331//1557 1332//1558 
f 1421//1459 1333//1559 1334//1560 
f 1334//1560 1422//1460 1421//1459 
f 1422//1460 1335//1561 1336//1562 
f 1336//1562 1440//1478 1422//1460 
f 1441//1479 1440//1478 1337//1563 
f 1440//1478 1336//1562 1338//1564 
f 1338//1564 1337//1563 1440//1478 
f 1369//1407 1441//1479 1339//1565 
f 1369//1407 1439//1477 1441//1479 
f 1340//1566 1386//1424 1369//1407 
f 1386//1424 1340//1566 1341//1567 
f 1396//1434 1389//1427 1342//1568 
f 1389//1427 1341//1567 1342//1568 
f 1343//1569 1399//1437 1397//1435 
f 1343//1569 1344//1570 1399//1437 
f 1396//1434 1345//1571 1343//1569 
f 1399//1437 1344//1570 1346//1572 
f 1346//1572 1401//1439 1399//1437 
f 1347//1573 1348//1574 1448//1486 
f 1348//1574 1349//1575 1290//1487 
f 1290//1487 1448//1486 1348//1574 
f 1448//1486 1401//1439 1347//1573 
f 1346//1572 1347//1573 1401//1439 
f 1397//1435 1396//1434 1343//1569 
f 1342//1568 1345//1571 1396//1434 
f 1341//1567 1389//1427 1386//1424 
f 1369//1407 1350//1576 1340//1566 
f 1339//1565 1350//1576 1369//1407 
f 1337//1563 1339//1565 1441//1479 
f 1440//1478 1438//1476 1422//1460 
f 1334//1560 1335//1561 1422//1460 
f 1332//1558 1333//1559 1421//1459 
f 1330//1556 1419//1457 1416//1454 
f 1329//1555 1416//1454 1413//1451 
f 1327//1553 1413//1451 1411//1449 
f 1326//1552 1411//1449 1409//1447 
f 1324//1550 1409//1447 1407//1445 
f 1321//1547 1407//1445 1406//1444 
f 1235//1545 1406//1444 1405//1443 
f 1446//1484 1444//1482 1405//1443 
f 1443//1481 1451//1513 1243//1538 
f 1242//1537 1451//1513 1452//1516 
f 1245//1535 1452//1516 1453//1531 
f 1453//1531 1316//1517 1319//1526 
f 1251//1525 1250//1532 1319//1526 
f 1254//1523 1253//1528 1318//1524 
f 1224//1520 1256//1522 1255//1518 
f 1316//1517 1453//1531 1452//1516 
f 1315//1515 1452//1516 1451//1513 
f 1313//1512 1451//1513 1443//1481 
f 1442//1480 1445//1483 1311//1510 
f 1311//1510 1445//1483 1447//1485 
f 1310//1509 1447//1485 1450//1508 
f 1309//1507 1450//1508 1430//1468 
f 1308//1506 1430//1468 1431//1469 
f 1307//1505 1288//1396 1359//1395 
f 1306//1504 1359//1395 1355//1391 
f 1305//1503 1355//1391 1449//1502 
f 1304//1501 1449//1502 1363//1400 
f 1303//1500 1363//1400 1362//1399 
f 1302//1499 1289//1401 1380//1418 
f 1301//1498 1380//1418 1379//1417 
f 1299//1496 1379//1417 1382//1420 
f 1300//1497 1393//1431 1298//1495 
f 1298//1495 1393//1431 1392//1430 
f 1296//1493 1392//1430 1391//1429 
f 1295//1492 1395//1433 1294//1491 
f 1294//1491 1395//1433 1394//1432 
f 1293//1490 1394//1432 1398//1436 
f 1292//1489 1400//1438 1291//1488 
f 1291//1488 1400//1438 1448//1486 
f 1402//1440 1450//1508 1447//1485 
f 1446//1484 1447//1485 1445//1483 
f 1444//1482 1445//1483 1442//1480 
f 1441//1479 1439//1477 1438//1476 
f 1439//1477 1368//1406 1434//1472 
f 1434//1472 1420//1458 1422//1460 
f 1368//1406 1367//1405 1437//1475 
f 1367//1405 1373//1411 1435//1473 
f 1437//1475 1435//1473 1418//1456 
f 1373//1411 1372//1410 1436//1474 
f 1372//1410 1353//1389 1423//1461 
f 1436//1474 1423//1461 1415//1453 
f 1353//1389 1352//1388 1433//1471 
f 1435//1473 1436//1474 1414//1452 
f 1434//1472 1437//1475 1417//1455 
f 1352//1388 1361//1398 1432//1470 
f 1433//1471 1432//1470 1410//1448 
f 1361//1398 1360//1397 1425//1463 
f 1360//1397 1357//1393 1426//1464 
f 1357//1393 1356//1392 1427//1465 
f 1432//1470 1425//1463 1424//1462 
f 1427//1465 1356//1392 1358//1394 
f 1428//1466 1358//1394 1431//1469 
f 1430//1468 1450//1508 1402//1440 
f 1428//1466 1429//1467 1404//1442 
f 1426//1464 1427//1465 1408//1446 
f 1423//1461 1433//1471 1412//1450 
f 1422//1460 1420//1458 1419//1457 
f 1420//1458 1417//1455 1416//1454 
f 1418//1456 1414//1452 1413//1451 
f 1415//1453 1412//1450 1411//1449 
f 1410//1448 1424//1462 1409//1447 
f 1409//1447 1424//1462 1408//1446 
f 1407//1445 1408//1446 1404//1442 
f 1406//1444 1404//1442 1403//1441 
f 1404//1442 1429//1467 1402//1440 
f 1401//1439 1448//1486 1400//1438 
f 1399//1437 1401//1439 1398//1436 
f 1394//1432 1390//1428 1397//1435 
f 1390//1428 1388//1426 1396//1434 
f 1395//1433 1391//1429 1390//1428 
f 1392//1430 1381//1419 1384//1422 
f 1393//1431 1382//1420 1381//1419 
f 1391//1429 1384//1422 1388//1426 
f 1389//1427 1396//1434 1388//1426 
f 1387//1425 1386//1424 1389//1427 
f 1384//1422 1383//1421 1385//1423 
f 1387//1425 1375//1413 1366//1404 
f 1375//1413 1387//1425 1385//1423 
f 1381//1419 1377//1415 1383//1421 
f 1376//1414 1375//1413 1383//1421 
f 1382//1420 1378//1416 1377//1415 
f 1378//1416 1382//1420 1379//1417 
f 1378//1416 1371//1409 1370//1408 
f 1380//1418 1364//1402 1371//1409 
f 1374//1412 1376//1414 1377//1415 
f 1376//1414 1374//1412 1354//1390 
f 1370//1408 1365//1403 1351//1387 
f 1373//1411 1367//1405 1366//1404 
f 1371//1409 1364//1402 1365//1403 
f 1368//1406 1439//1477 1369//1407 
f 1364//1402 1380//1418 1289//1401 
f 1351//1387 1365//1403 1362//1399 
f 1363//1400 1449//1502 1357//1393 
f 1362//1399 1363//1400 1360//1397 
f 1359//1395 1358//1394 1356//1392 
f 1288//1396 1431//1469 1358//1394 
f 1357//1393 1449//1502 1355//1391 
f 1353//1389 1372//1410 1354//1390 
o mesh53
f 1285//1577 1231//1578 1229//1579 
f 1231//1578 1230//1580 1229//1579 
f 1285//1577 1284//1581 1232//1582 
f 1232//1582 1231//1578 1285//1577 
f 1278//1583 1228//1584 1226//1585 
f 1226//1585 1225//1586 1278//1583 
f 1278//1583 1285//1577 1227//1587 
f 1227//1587 1228//1584 1278//1583 
f 1320//1588 1322//1589 1234//1590 
f 1234//1590 1233//1591 1320//1588 
f 1321//1592 1320//1588 1233//1591 
f 1232//1582 1323//1593 1321//1592 
f 1232//1582 1325//1594 1324//1595 
f 1232//1582 1327//1596 1326//1597 
f 1326//1597 1325//1594 1232//1582 
f 1324//1595 1323//1593 1232//1582 
f 1232//1582 1330//1598 1329//1599 
f 1232//1582 1332//1600 1331//1601 
f 1284//1581 1286//1600 1332//1600 
f 1332//1600 1232//1582 1284//1581 
f 1331//1601 1330//1598 1232//1582 
f 1329//1599 1328//1602 1232//1582 
f 1328//1602 1327//1596 1232//1582 
f 1233//1591 1232//1582 1321//1592 
f 1322//1589 1235//1603 1234//1590 
f 1225//1586 1217//1604 1278//1583 
f 1229//1579 1227//1587 1285//1577 
o mesh54
f 1279//1605 1282//1606 1349//1607 
f 1349//1607 1348//1608 1279//1605 
f 1348//1608 1347//1609 1279//1605 
f 1344//1610 1343//1611 1345//1612 
f 1345//1612 1342//1613 1344//1610 
f 1280//1613 1279//1605 1346//1614 
f 1346//1614 1344//1610 1280//1613 
f 1281//1615 1350//1616 1339//1617 
f 1281//1615 1341//1618 1340//1619 
f 1340//1619 1350//1616 1281//1615 
f 1281//1615 1280//1613 1342//1613 
f 1342//1613 1341//1618 1281//1615 
f 1283//1620 1336//1621 1335//1622 
f 1283//1620 1281//1615 1337//1623 
f 1337//1623 1338//1624 1283//1620 
f 1338//1624 1336//1621 1283//1620 
f 1286//1625 1283//1620 1334//1626 
f 1334//1626 1333//1627 1286//1625 
f 1333//1627 1332//1628 1286//1625 
f 1335//1622 1334//1626 1283//1620 
f 1339//1617 1337//1623 1281//1615 
f 1342//1613 1280//1613 1344//1610 
f 1347//1609 1346//1614 1279//1605 
o mesh55
f 713//1629 732//1629 390//1629 
f 1282//1629 531//1629 496//1629 
f 390//1629 372//1629 713//1629 
f 1282//1629 532//1629 531//1629 
f 372//1629 371//1629 713//1629 
f 732//1629 426//1629 425//1629 
f 496//1629 1349//1629 1282//1629 
f 425//1629 390//1629 732//1629 
f 496//1629 495//1629 1349//1629 
f 732//1629 427//1629 426//1629 
f 1282//1629 533//1629 532//1629 
f 1454//1629 1312//1629 1311//1629 
f 371//1629 373//1629 713//1629 
f 1282//1629 534//1629 533//1629 
f 1311//1629 1310//1629 1454//1629 
f 373//1629 374//1629 713//1629 
f 495//1629 494//1629 1349//1629 
f 1454//1629 1306//1629 1305//1629 
f 1454//1629 1308//1629 1288//1629 
f 1310//1629 1309//1629 1454//1629 
f 732//1629 428//1629 427//1629 
f 1282//1629 535//1629 534//1629 
f 1454//1629 1303//1629 1289//1629 
f 1454//1629 1307//1629 1306//1629 
f 1309//1629 1308//1629 1454//1629 
f 374//1629 375//1629 713//1629 
f 494//1629 493//1629 1349//1629 
f 1455//1629 786//1629 785//1629 
f 1076//1629 1074//1629 1456//1629 
f 1074//1629 1072//1629 1457//1629 
f 1454//1629 1294//1629 1293//1629 
f 1454//1629 1299//1629 1300//1629 
f 1454//1629 1304//1629 1303//1629 
f 1288//1629 1307//1629 1454//1629 
f 1454//1629 1317//1629 1318//1629 
f 732//1629 429//1629 428//1629 
f 493//1629 492//1629 1349//1629 
f 1455//1629 776//1629 772//1629 
f 1455//1629 783//1629 779//1629 
f 785//1629 784//1629 1455//1629 
f 1455//1629 796//1629 795//1629 
f 1455//1629 797//1629 757//1629 
f 1078//1629 1076//1629 1458//1629 
f 1457//1629 1456//1629 1074//1629 
f 1072//1629 1070//1629 1459//1629 
f 1070//1629 1068//1629 1460//1629 
f 1454//1629 1291//1629 1290//1629 
f 1293//1629 1292//1629 1454//1629 
f 1454//1629 1297//1629 1296//1629 
f 1300//1629 1298//1629 1454//1629 
f 1454//1629 1302//1629 1301//1629 
f 1305//1629 1304//1629 1454//1629 
f 1454//1629 1314//1629 1313//1629 
f 1454//1629 1319//1629 1316//1629 
f 1454//1629 1224//1629 1317//1629 
f 713//1629 386//1629 389//1629 
f 732//1629 430//1629 429//1629 
f 442//1629 441//1629 732//1629 
f 1461//1629 1349//1629 444//1629 
f 1282//1629 536//1629 535//1629 
f 1043//1629 1462//1629 1455//1629 
f 779//1629 776//1629 1455//1629 
f 1455//1629 787//1629 786//1629 
f 1455//1629 792//1629 756//1629 
f 757//1629 796//1629 1455//1629 
f 1456//1629 1458//1629 1076//1629 
f 1460//1629 1459//1629 1070//1629 
f 1064//1629 1062//1629 1463//1629 
f 1062//1629 1060//1629 1464//1629 
f 1292//1629 1291//1629 1454//1629 
f 1296//1629 1295//1629 1454//1629 
f 1301//1629 1299//1629 1454//1629 
f 1313//1629 1312//1629 1454//1629 
f 1318//1629 1319//1629 1454//1629 
f 713//1629 387//1629 386//1629 
f 375//1629 376//1629 713//1629 
f 732//1629 1461//1629 442//1629 
f 1349//1629 479//1629 444//1629 
f 1282//1629 537//1629 536//1629 
f 1282//1629 549//1629 548//1629 
f 1455//1629 1022//1629 1045//1629 
f 1455//1629 771//1629 965//1629 
f 784//1629 783//1629 1455//1629 
f 1455//1629 789//1629 788//1629 
f 1455//1629 791//1629 790//1629 
f 1455//1629 793//1629 792//1629 
f 795//1629 794//1629 1455//1629 
f 1455//1629 800//1629 799//1629 
f 1455//1629 805//1629 807//1629 
f 1039//1629 1465//1629 1466//1629 
f 1037//1629 1467//1629 1465//1629 
f 1035//1629 1468//1629 1467//1629 
f 1033//1629 1469//1629 1468//1629 
f 1025//1629 1470//1629 1471//1629 
f 1024//1629 1472//1629 1470//1629 
f 1122//1629 1473//1629 1474//1629 
f 1120//1629 1475//1629 1473//1629 
f 1116//1629 1476//1629 1477//1629 
f 1114//1629 1478//1629 1476//1629 
f 1098//1629 1096//1629 1479//1629 
f 1094//1629 1480//1629 1479//1629 
f 1090//1629 1088//1629 1481//1629 
f 1088//1629 1086//1629 1482//1629 
f 1459//1629 1457//1629 1072//1629 
f 1068//1629 1066//1629 1483//1629 
f 1066//1629 1064//1629 1484//1629 
f 1464//1629 1463//1629 1062//1629 
f 1485//1629 1175//1629 1179//1629 
f 1485//1629 1167//1629 1172//1629 
f 1485//1629 1486//1629 1160//1629 
f 1486//1629 1047//1629 1159//1629 
f 1295//1629 1294//1629 1454//1629 
f 1289//1629 1302//1629 1454//1629 
f 1316//1629 1315//1629 1454//1629 
f 1454//1629 1485//1629 1182//1629 
f 713//1629 384//1629 387//1629 
f 376//1629 377//1629 713//1629 
f 441//1629 440//1629 732//1629 
f 1349//1629 480//1629 479//1629 
f 492//1629 491//1629 1349//1629 
f 548//1629 547//1629 1282//1629 
f 1455//1629 1021//1629 1022//1629 
f 772//1629 771//1629 1455//1629 
f 790//1629 789//1629 1455//1629 
f 794//1629 793//1629 1455//1629 
f 1455//1629 755//1629 798//1629 
f 1455//1629 801//1629 800//1629 
f 1455//1629 803//1629 802//1629 
f 807//1629 804//1629 1455//1629 
f 1455//1629 732//1629 806//1629 
f 1465//1629 1039//1629 1037//1629 
f 1468//1629 1035//1629 1033//1629 
f 1470//1629 1025//1629 1024//1629 
f 1124//1629 1474//1629 1472//1629 
f 1473//1629 1122//1629 1120//1629 
f 1118//1629 1477//1629 1475//1629 
f 1476//1629 1116//1629 1114//1629 
f 1112//1629 1487//1629 1478//1629 
f 1110//1629 1488//1629 1487//1629 
f 1108//1629 1489//1629 1488//1629 
f 1100//1629 1490//1629 1491//1629 
f 1098//1629 1492//1629 1490//1629 
f 1479//1629 1096//1629 1094//1629 
f 1092//1629 1493//1629 1480//1629 
f 1090//1629 1494//1629 1493//1629 
f 1482//1629 1481//1629 1088//1629 
f 1483//1629 1460//1629 1068//1629 
f 1463//1629 1484//1629 1064//1629 
f 1172//1629 1175//1629 1485//1629 
f 1159//1629 1160//1629 1486//1629 
f 1298//1629 1297//1629 1454//1629 
f 1182//1629 1224//1629 1454//1629 
f 713//1629 385//1629 384//1629 
f 732//1629 431//1629 430//1629 
f 440//1629 439//1629 732//1629 
f 1349//1629 481//1629 480//1629 
f 491//1629 490//1629 1349//1629 
f 547//1629 546//1629 1282//1629 
f 1455//1629 1020//1629 1021//1629 
f 965//1629 1017//1629 1455//1629 
f 756//1629 791//1629 1455//1629 
f 799//1629 755//1629 1455//1629 
f 802//1629 808//1629 1455//1629 
f 806//1629 805//1629 1455//1629 
f 1467//1629 1037//1629 1035//1629 
f 1031//1629 1495//1629 1469//1629 
f 1029//1629 1496//1629 1495//1629 
f 1027//1629 1471//1629 1496//1629 
f 1472//1629 1024//1629 1124//1629 
f 1475//1629 1120//1629 1118//1629 
f 1478//1629 1114//1629 1112//1629 
f 1488//1629 1110//1629 1108//1629 
f 1102//1629 1491//1629 1497//1629 
f 1490//1629 1100//1629 1098//1629 
f 1480//1629 1094//1629 1092//1629 
f 1481//1629 1494//1629 1090//1629 
f 1080//1629 1498//1629 1499//1629 
f 1080//1629 1078//1629 1500//1629 
f 1484//1629 1483//1629 1066//1629 
f 1060//1629 1058//1629 1501//1629 
f 1047//1629 1486//1629 1502//1629 
f 1160//1629 1167//1629 1485//1629 
f 1315//1629 1314//1629 1454//1629 
f 713//1629 382//1629 385//1629 
f 732//1629 432//1629 431//1629 
f 439//1629 438//1629 732//1629 
f 1349//1629 482//1629 481//1629 
f 1282//1629 538//1629 537//1629 
f 546//1629 545//1629 1282//1629 
f 1455//1629 1019//1629 1020//1629 
f 1017//1629 1018//1629 1455//1629 
f 798//1629 797//1629 1455//1629 
f 804//1629 803//1629 1455//1629 
f 1469//1629 1033//1629 1031//1629 
f 1496//1629 1029//1629 1027//1629 
f 1474//1629 1124//1629 1122//1629 
f 1487//1629 1112//1629 1110//1629 
f 1106//1629 1503//1629 1489//1629 
f 1106//1629 1104//1629 1497//1629 
f 1491//1629 1102//1629 1100//1629 
f 1493//1629 1092//1629 1090//1629 
f 1500//1629 1498//1629 1080//1629 
f 1501//1629 1464//1629 1060//1629 
f 1058//1629 1056//1629 1504//1629 
f 1056//1629 1054//1629 1505//1629 
f 1050//1629 1048//1629 1502//1629 
f 1179//1629 1182//1629 1485//1629 
f 1349//1629 1506//1629 1454//1629 
f 713//1629 383//1629 382//1629 
f 377//1629 379//1629 713//1629 
f 438//1629 437//1629 732//1629 
f 1349//1629 483//1629 482//1629 
f 1282//1629 539//1629 538//1629 
f 545//1629 544//1629 1282//1629 
f 1018//1629 1019//1629 1455//1629 
f 808//1629 801//1629 1455//1629 
f 1495//1629 1031//1629 1029//1629 
f 1477//1629 1118//1629 1116//1629 
f 1497//1629 1503//1629 1106//1629 
f 1479//1629 1492//1629 1098//1629 
f 1084//1629 1507//1629 1482//1629 
f 1084//1629 1082//1629 1499//1629 
f 1458//1629 1500//1629 1078//1629 
f 1505//1629 1504//1629 1056//1629 
f 1052//1629 1508//1629 1505//1629 
f 1052//1629 1050//1629 1509//1629 
f 1502//1629 1048//1629 1047//1629 
f 1349//1629 1461//1629 1506//1629 
f 713//1629 380//1629 383//1629 
f 732//1629 433//1629 432//1629 
f 437//1629 436//1629 732//1629 
f 1349//1629 484//1629 483//1629 
f 490//1629 489//1629 1349//1629 
f 544//1629 543//1629 1282//1629 
f 788//1629 787//1629 1455//1629 
f 1041//1629 1466//1629 1462//1629 
f 1471//1629 1027//1629 1025//1629 
f 1497//1629 1104//1629 1102//1629 
f 1499//1629 1507//1629 1084//1629 
f 1504//1629 1501//1629 1058//1629 
f 1509//1629 1508//1629 1052//1629 
f 1290//1629 1349//1629 1454//1629 
f 713//1629 381//1629 380//1629 
f 379//1629 378//1629 713//1629 
f 436//1629 435//1629 732//1629 
f 1349//1629 485//1629 484//1629 
f 489//1629 488//1629 1349//1629 
f 543//1629 542//1629 1282//1629 
f 1462//1629 1043//1629 1041//1629 
f 1489//1629 1108//1629 1106//1629 
f 1499//1629 1082//1629 1080//1629 
f 1502//1629 1509//1629 1050//1629 
f 732//1629 1510//1629 1511//1629 
f 378//1629 381//1629 713//1629 
f 435//1629 434//1629 732//1629 
f 1349//1629 486//1629 485//1629 
f 1282//1629 540//1629 539//1629 
f 542//1629 541//1629 1282//1629 
f 1466//1629 1041//1629 1039//1629 
f 1505//1629 1054//1629 1052//1629 
f 732//1629 1455//1629 1510//1629 
f 434//1629 433//1629 732//1629 
f 1349//1629 487//1629 486//1629 
f 541//1629 540//1629 1282//1629 
f 1482//1629 1086//1629 1084//1629 
f 389//1629 388//1629 713//1629 
f 488//1629 487//1629 1349//1629 
f 1511//1629 1461//1629 732//1629 
f 1455//1629 1045//1629 1043//1629 
f 444//1629 442//1629 1461//1629 
o mesh56
f 1512//1630 1460//1630 1483//1631 
f 1513//1631 1483//1631 1484//1632 
f 1514//1632 1484//1632 1463//1633 
f 1515//1633 1463//1633 1464//1634 
f 1516//1634 1464//1634 1501//1635 
f 1504//1636 1517//1636 1518//1637 
f 1518//1637 1501//1635 1504//1636 
f 1504//1636 1505//1638 1519//1639 
f 1505//1638 1520//1638 1519//1639 
f 1520//1638 1505//1638 1508//1640 
f 1521//1640 1508//1640 1509//1641 
f 1522//1641 1509//1641 1502//1642 
f 1523//1642 1502//1642 1486//1643 
f 1486//1643 1485//1644 1524//1645 
f 1485//1644 1525//1644 1524//1645 
f 1525//1644 1485//1644 1454//1646 
f 1526//1646 1454//1646 1506//1647 
f 1527//1647 1506//1647 1461//1648 
f 1528//1648 1461//1648 1511//1649 
f 1529//1649 1511//1649 1510//1650 
f 1455//1651 1530//1651 1531//1652 
f 1531//1652 1510//1650 1455//1651 
f 1530//1651 1455//1651 1462//1653 
f 1532//1653 1462//1653 1466//1654 
f 1533//1654 1466//1654 1465//1655 
f 1534//1655 1465//1655 1467//1656 
f 1468//1657 1535//1657 1536//1658 
f 1536//1658 1467//1656 1468//1657 
f 1535//1657 1468//1657 1469//1659 
f 1537//1659 1469//1659 1495//1660 
f 1538//1660 1495//1660 1496//1661 
f 1539//1661 1496//1661 1471//1662 
f 1540//1662 1471//1662 1470//1663 
f 1541//1663 1470//1663 1472//1664 
f 1542//1664 1472//1664 1474//1665 
f 1543//1665 1474//1665 1473//1666 
f 1544//1666 1473//1666 1475//1667 
f 1545//1667 1475//1667 1477//1668 
f 1546//1668 1477//1668 1476//1669 
f 1547//1669 1476//1669 1478//1670 
f 1478//1670 1487//1671 1548//1672 
f 1487//1671 1549//1671 1548//1672 
f 1549//1671 1487//1671 1488//1673 
f 1550//1673 1488//1673 1489//1674 
f 1551//1674 1489//1674 1503//1675 
f 1552//1675 1503//1675 1497//1676 
f 1497//1676 1491//1677 1553//1678 
f 1491//1677 1554//1679 1553//1678 
f 1491//1677 1555//1680 1554//1679 
f 1555//1680 1491//1677 1490//1681 
f 1556//1681 1490//1681 1492//1682 
f 1557//1682 1492//1682 1479//1683 
f 1558//1683 1479//1683 1480//1684 
f 1559//1684 1480//1684 1493//1685 
f 1493//1685 1560//1686 1561//1687 
f 1494//1688 1562//1688 1560//1686 
f 1560//1686 1493//1685 1494//1688 
f 1562//1688 1494//1688 1481//1689 
f 1563//1689 1481//1689 1482//1690 
f 1564//1690 1482//1690 1507//1691 
f 1565//1691 1507//1691 1499//1692 
f 1498//1693 1566//1693 1567//1694 
f 1567//1694 1499//1692 1498//1693 
f 1498//1693 1500//1695 1568//1696 
f 1500//1695 1569//1695 1568//1696 
f 1569//1695 1500//1695 1458//1697 
f 1570//1697 1458//1697 1456//1698 
f 1571//1698 1456//1698 1457//1699 
f 1572//1699 1457//1699 1459//1700 
f 1573//1700 1459//1700 1460//1630 
f 1460//1630 1512//1630 1573//1700 
f 1459//1700 1573//1700 1572//1699 
f 1457//1699 1572//1699 1571//1698 
f 1456//1698 1571//1698 1570//1697 
f 1458//1697 1570//1697 1569//1695 
f 1568//1696 1566//1693 1498//1693 
f 1567//1694 1574//1701 1499//1692 
f 1499//1692 1574//1701 1565//1691 
f 1507//1691 1565//1691 1564//1690 
f 1482//1690 1564//1690 1563//1689 
f 1481//1689 1563//1689 1562//1688 
f 1561//1687 1575//1702 1493//1685 
f 1493//1685 1575//1702 1559//1684 
f 1480//1684 1559//1684 1558//1683 
f 1479//1683 1558//1683 1557//1682 
f 1492//1682 1557//1682 1556//1681 
f 1490//1681 1556//1681 1555//1680 
f 1553//1678 1576//1703 1497//1676 
f 1497//1676 1576//1703 1552//1675 
f 1503//1675 1552//1675 1551//1674 
f 1489//1674 1551//1674 1550//1673 
f 1488//1673 1550//1673 1549//1671 
f 1548//1672 1577//1704 1478//1670 
f 1478//1670 1577//1704 1547//1669 
f 1476//1669 1547//1669 1546//1668 
f 1477//1668 1546//1668 1545//1667 
f 1475//1667 1545//1667 1544//1666 
f 1473//1666 1544//1666 1543//1665 
f 1474//1665 1543//1665 1542//1664 
f 1472//1664 1542//1664 1541//1663 
f 1470//1663 1541//1663 1540//1662 
f 1471//1662 1540//1662 1539//1661 
f 1496//1661 1539//1661 1538//1660 
f 1495//1660 1538//1660 1537//1659 
f 1469//1659 1537//1659 1535//1657 
f 1536//1658 1578//1705 1467//1656 
f 1467//1656 1578//1705 1534//1655 
f 1465//1655 1534//1655 1533//1654 
f 1466//1654 1533//1654 1532//1653 
f 1462//1653 1532//1653 1530//1651 
f 1531//1652 1579//1706 1510//1650 
f 1510//1650 1579//1706 1529//1649 
f 1511//1649 1529//1649 1528//1648 
f 1461//1648 1528//1648 1527//1647 
f 1506//1647 1527//1647 1526//1646 
f 1454//1646 1526//1646 1525//1644 
f 1524//1645 1580//1707 1486//1643 
f 1486//1643 1580//1707 1523//1642 
f 1502//1642 1523//1642 1522//1641 
f 1509//1641 1522//1641 1521//1640 
f 1508//1640 1521//1640 1520//1638 
f 1519//1639 1517//1636 1504//1636 
f 1518//1637 1581//1708 1501//1635 
f 1501//1635 1581//1708 1516//1634 
f 1464//1634 1516//1634 1515//1633 
f 1463//1633 1515//1633 1514//1632 
f 1484//1632 1514//1632 1513//1631 
f 1483//1631 1513//1631 1512//1630 
o mesh57
f 1582//1709 1583//1709 636//1709 
f 636//1709 637//1709 1582//1709 
f 637//1709 1584//1709 1582//1709 
f 637//1709 1585//1709 1584//1709 
f 1287//1709 1586//1709 1587//1709 
f 710//1709 1588//1709 1589//1709 
f 710//1709 636//1709 1590//1709 
f 1583//1709 1591//1709 636//1709 
f 1287//1709 1592//1709 1586//1709 
f 1589//1709 1593//1709 710//1709 
f 1591//1709 1590//1709 636//1709 
f 1287//1709 1594//1709 1585//1709 
f 1287//1709 1595//1709 1592//1709 
f 1593//1709 1596//1709 710//1709 
f 1585//1709 637//1709 1287//1709 
f 1587//1709 1597//1709 1287//1709 
f 710//1709 1598//1709 1588//1709 
f 1597//1709 1594//1709 1287//1709 
f 1590//1709 1598//1709 710//1709 
f 1596//1709 1599//1709 710//1709 
o mesh58
f 1600//1710 1601//1711 1602//1712 
f 1602//1712 1603//1713 1600//1710 
f 1603//1713 1604//1714 1600//1710 
f 1605//1715 1606//1716 1604//1714 
f 1604//1714 1607//1717 1605//1715 
f 1607//1717 1608//1718 1605//1715 
f 1609//1719 1610//1720 1608//1718 
f 1608//1718 1611//1721 1609//1719 
f 1611//1721 1612//1722 1609//1719 
f 1613//1723 1609//1719 1612//1722 
f 1614//1724 1613//1723 1615//1725 
f 1615//1725 1616//1724 1614//1724 
f 1617//1726 1614//1724 1616//1724 
f 1617//1726 1618//1726 1619//1727 
f 1619//1727 1620//1727 1617//1726 
f 1620//1727 1619//1727 1621//1728 
f 1622//1729 1621//1728 1623//1730 
f 1623//1730 1624//1730 1622//1729 
f 1624//1730 1625//1731 1626//1732 
f 1624//1730 1623//1730 1625//1731 
f 1626//1732 1627//1732 1628//1733 
f 1627//1732 1629//1734 1630//1735 
f 1627//1732 1626//1732 1629//1734 
f 1630//1735 1631//1735 1632//1736 
f 1631//1735 1633//1737 710//1738 
f 1631//1735 1630//1735 1633//1737 
f 710//1738 1599//1738 1634//1739 
f 710//1738 1634//1739 1631//1735 
f 1630//1735 1632//1736 1627//1732 
f 1626//1732 1628//1733 1624//1730 
f 1621//1728 1622//1729 1620//1727 
f 1616//1724 1618//1726 1617//1726 
f 1612//1722 1615//1725 1613//1723 
f 1610//1720 1605//1715 1608//1718 
f 1606//1716 1600//1710 1604//1714 
f 1601//1711 1635//1740 1602//1712 
o mesh59
f 1636//1741 1637//1742 1287//1743 
f 1287//1743 1638//1744 1636//1741 
f 1638//1744 1639//1745 1636//1741 
f 1640//1746 1641//1747 1639//1745 
f 1639//1745 1642//1748 1640//1746 
f 1642//1748 1643//1749 1640//1746 
f 1644//1750 1645//1751 1643//1749 
f 1643//1749 1646//1752 1644//1750 
f 1646//1752 1647//1753 1644//1750 
f 1648//1754 1644//1750 1647//1753 
f 1649//1755 1648//1754 1650//1756 
f 1650//1756 1651//1755 1649//1755 
f 1652//1757 1649//1755 1651//1755 
f 1652//1757 1653//1757 1654//1758 
f 1654//1758 1655//1758 1652//1757 
f 1655//1758 1654//1758 1656//1759 
f 1657//1760 1656//1759 1658//1761 
f 1658//1761 1659//1761 1657//1760 
f 1659//1761 1660//1762 1661//1763 
f 1659//1761 1658//1761 1660//1762 
f 1661//1763 1662//1763 1663//1764 
f 1662//1763 1664//1765 1665//1766 
f 1662//1763 1661//1763 1664//1765 
f 1665//1766 1666//1766 1667//1767 
f 1666//1766 1668//1768 1669//1769 
f 1666//1766 1665//1766 1668//1768 
f 1669//1769 1670//1769 1671//1770 
f 1669//1769 1671//1770 1666//1766 
f 1665//1766 1667//1767 1662//1763 
f 1661//1763 1663//1764 1659//1761 
f 1656//1759 1657//1760 1655//1758 
f 1651//1755 1653//1757 1652//1757 
f 1647//1753 1650//1756 1648//1754 
f 1645//1751 1640//1746 1643//1749 
f 1641//1747 1636//1741 1639//1745 
f 1637//1742 1595//1771 1287//1743 
o mesh60
f 1583//1772 1582//1772 1672//1772 
f 1672//1772 1673//1772 1583//1772 
o mesh61
f 1674//1773 1591//1774 1583//1775 
f 1674//1773 1588//1776 1598//1777 
f 1598//1777 1590//1778 1674//1773 
f 1590//1778 1591//1774 1674//1773 
f 1583//1775 1673//1779 1675//1778 
f 1676//1780 1677//1781 1678//1782 
f 1676//1780 1679//1783 1677//1781 
f 1676//1780 1680//1784 1681//1785 
f 1681//1785 1679//1783 1676//1780 
f 1678//1782 1682//1786 1676//1780 
f 1635//1787 1601//1788 1683//1789 
f 1684//1790 1685//1791 1686//1792 
f 1684//1790 1687//1793 1685//1791 
f 1684//1790 1682//1786 1687//1793 
f 1686//1792 1635//1787 1684//1790 
f 1683//1789 1684//1790 1635//1787 
f 1600//1794 1606//1795 1688//1796 
f 1689//1797 1601//1788 1600//1794 
f 1688//1796 1689//1797 1600//1794 
f 1605//1798 1610//1799 1690//1800 
f 1691//1801 1606//1795 1605//1798 
f 1690//1800 1691//1801 1605//1798 
f 1609//1802 1613//1803 1692//1804 
f 1693//1805 1610//1799 1609//1802 
f 1692//1804 1693//1805 1609//1802 
f 1614//1806 1617//1807 1694//1807 
f 1695//1808 1613//1803 1614//1806 
f 1694//1807 1695//1808 1614//1806 
f 1620//1809 1696//1810 1694//1807 
f 1694//1807 1617//1807 1620//1809 
f 1622//1811 1697//1812 1696//1810 
f 1624//1813 1698//1814 1697//1812 
f 1697//1812 1622//1811 1624//1813 
f 1628//1815 1699//1816 1698//1814 
f 1627//1817 1700//1818 1699//1816 
f 1699//1816 1628//1815 1627//1817 
f 1632//1819 1701//1820 1700//1818 
f 1631//1821 1702//1822 1701//1820 
f 1701//1820 1632//1819 1631//1821 
f 1634//1823 1703//1824 1702//1822 
f 1704//1825 1599//1826 1596//1827 
f 1596//1827 1593//1828 1704//1825 
f 1593//1828 1589//1829 1704//1825 
f 1599//1826 1704//1825 1703//1824 
f 1703//1824 1634//1823 1599//1826 
f 1588//1776 1674//1773 1704//1825 
f 1589//1829 1588//1776 1704//1825 
f 1631//1821 1634//1823 1702//1822 
f 1627//1817 1632//1819 1700//1818 
f 1624//1813 1628//1815 1698//1814 
f 1620//1809 1622//1811 1696//1810 
f 1695//1808 1692//1804 1613//1803 
f 1693//1805 1690//1800 1610//1799 
f 1691//1801 1688//1796 1606//1795 
f 1689//1797 1683//1789 1601//1788 
f 1684//1790 1676//1780 1682//1786 
f 1680//1784 1705//1830 1681//1785 
f 1583//1775 1675//1778 1674//1773 
o mesh62
f 1706//1831 1585//1832 1594//1833 
f 1706//1831 1584//1834 1585//1832 
f 1706//1831 1707//1835 1582//1836 
f 1582//1836 1584//1834 1706//1831 
f 1594//1833 1597//1837 1706//1831 
f 1595//1838 1637//1839 1708//1840 
f 1709//1841 1586//1842 1592//1843 
f 1709//1841 1587//1844 1586//1842 
f 1709//1841 1597//1837 1587//1844 
f 1592//1843 1595//1838 1709//1841 
f 1708//1840 1709//1841 1595//1838 
f 1636//1845 1641//1846 1710//1847 
f 1711//1848 1637//1839 1636//1845 
f 1710//1847 1711//1848 1636//1845 
f 1640//1849 1645//1850 1712//1851 
f 1713//1852 1641//1846 1640//1849 
f 1712//1851 1713//1852 1640//1849 
f 1644//1853 1648//1854 1714//1855 
f 1715//1856 1645//1850 1644//1853 
f 1714//1855 1715//1856 1644//1853 
f 1649//1857 1652//1858 1716//1858 
f 1717//1859 1648//1854 1649//1857 
f 1716//1858 1717//1859 1649//1857 
f 1655//1860 1718//1861 1716//1858 
f 1716//1858 1652//1858 1655//1860 
f 1657//1862 1719//1863 1718//1861 
f 1659//1864 1720//1865 1719//1863 
f 1719//1863 1657//1862 1659//1864 
f 1663//1866 1721//1867 1720//1865 
f 1662//1868 1722//1869 1721//1867 
f 1721//1867 1663//1866 1662//1868 
f 1667//1870 1723//1871 1722//1869 
f 1666//1872 1724//1873 1723//1871 
f 1723//1871 1667//1870 1666//1872 
f 1671//1874 1725//1875 1724//1873 
f 1726//1876 1670//1877 1727//1878 
f 1727//1878 1728//1879 1726//1876 
f 1728//1879 1729//1880 1726//1876 
f 1670//1877 1726//1876 1725//1875 
f 1725//1875 1671//1874 1670//1877 
f 1730//1881 1731//1881 1726//1876 
f 1731//1881 1732//1882 1733//1883 
f 1731//1881 1730//1881 1734//1884 
f 1734//1884 1735//1885 1731//1881 
f 1735//1885 1732//1882 1731//1881 
f 1733//1883 1736//1886 1737//1885 
f 1733//1883 1737//1885 1731//1881 
f 1729//1880 1730//1881 1726//1876 
f 1666//1872 1671//1874 1724//1873 
f 1662//1868 1667//1870 1722//1869 
f 1659//1864 1663//1866 1720//1865 
f 1655//1860 1657//1862 1718//1861 
f 1717//1859 1714//1855 1648//1854 
f 1715//1856 1712//1851 1645//1850 
f 1713//1852 1710//1847 1641//1846 
f 1711//1848 1708//1840 1637//1839 
f 1709//1841 1706//1831 1597//1837 
f 1707//1835 1672//1887 1582//1836 
o mesh63
f 1733//1886 1738//1886 1739//1886 
f 1739//1886 1736//1886 1733//1886 
o mesh64
f 1669//1888 1740//1888 1738//1888 
f 1738//1888 1733//1888 1669//1888 
f 1740//1888 1741//1888 1738//1888 
f 1740//1888 1742//1888 1741//1888 
f 1740//1888 1743//1888 1744//1888 
f 1669//1888 1730//1888 1729//1888 
f 1733//1888 1732//1888 1669//1888 
f 1740//1888 1745//1888 1743//1888 
f 1729//1888 1728//1888 1669//1888 
f 1732//1888 1735//1888 1669//1888 
f 1740//1888 1746//1888 1745//1888 
f 1728//1888 1727//1888 1669//1888 
f 1740//1888 1747//1888 1742//1888 
f 1744//1888 1748//1888 1740//1888 
f 1669//1888 1734//1888 1730//1888 
f 1748//1888 1747//1888 1740//1888 
f 1735//1888 1734//1888 1669//1888 
f 1727//1888 1670//1888 1669//1888 
o mesh65
f 1749//1889 1750//1890 1740//1891 
f 1740//1891 1751//1892 1749//1889 
f 1751//1892 1752//1893 1749//1889 
f 1753//1894 1754//1895 1752//1893 
f 1752//1893 1755//1896 1753//1894 
f 1755//1896 1756//1897 1753//1894 
f 1757//1898 1758//1899 1756//1897 
f 1756//1897 1759//1900 1757//1898 
f 1759//1900 1760//1901 1757//1898 
f 1761//1902 1757//1898 1760//1901 
f 1762//1903 1761//1902 1763//1904 
f 1763//1904 1764//1903 1762//1903 
f 1765//1905 1762//1903 1764//1903 
f 1765//1905 1766//1905 1767//1906 
f 1767//1906 1768//1906 1765//1905 
f 1768//1906 1767//1906 1769//1907 
f 1770//1908 1769//1907 1771//1909 
f 1771//1909 1772//1909 1770//1908 
f 1772//1909 1773//1910 1774//1911 
f 1772//1909 1771//1909 1773//1910 
f 1774//1911 1775//1911 1776//1912 
f 1775//1911 1777//1913 1778//1914 
f 1775//1911 1774//1911 1777//1913 
f 1778//1914 1779//1914 1780//1915 
f 1779//1914 1781//1916 1782//1917 
f 1779//1914 1778//1914 1781//1916 
f 1782//1917 1783//1917 1784//1918 
f 1782//1917 1784//1918 1779//1914 
f 1778//1914 1780//1915 1775//1911 
f 1774//1911 1776//1912 1772//1909 
f 1769//1907 1770//1908 1768//1906 
f 1764//1903 1766//1905 1765//1905 
f 1760//1901 1763//1904 1761//1902 
f 1758//1899 1753//1894 1756//1897 
f 1754//1895 1749//1889 1752//1893 
f 1750//1890 1746//1919 1740//1891 
o mesh66
f 1785//1920 1742//1921 1747//1922 
f 1785//1920 1741//1923 1742//1921 
f 1785//1920 1786//1924 1738//1925 
f 1738//1925 1741//1923 1785//1920 
f 1747//1922 1748//1926 1785//1920 
f 1746//1927 1750//1928 1787//1929 
f 1788//1930 1743//1931 1745//1932 
f 1788//1930 1744//1933 1743//1931 
f 1788//1930 1748//1926 1744//1933 
f 1745//1932 1746//1927 1788//1930 
f 1787//1929 1788//1930 1746//1927 
f 1749//1934 1754//1935 1789//1936 
f 1790//1937 1750//1928 1749//1934 
f 1789//1936 1790//1937 1749//1934 
f 1753//1938 1758//1939 1791//1940 
f 1792//1941 1754//1935 1753//1938 
f 1791//1940 1792//1941 1753//1938 
f 1757//1942 1761//1943 1793//1944 
f 1794//1945 1758//1939 1757//1942 
f 1793//1944 1794//1945 1757//1942 
f 1762//1946 1765//1947 1795//1947 
f 1796//1948 1761//1943 1762//1946 
f 1795//1947 1796//1948 1762//1946 
f 1768//1949 1797//1950 1795//1947 
f 1795//1947 1765//1947 1768//1949 
f 1770//1951 1798//1952 1797//1950 
f 1772//1953 1799//1954 1798//1952 
f 1798//1952 1770//1951 1772//1953 
f 1776//1955 1800//1956 1799//1954 
f 1775//1957 1801//1958 1800//1956 
f 1800//1956 1776//1955 1775//1957 
f 1780//1959 1802//1960 1801//1958 
f 1779//1961 1803//1962 1802//1960 
f 1802//1960 1780//1959 1779//1961 
f 1784//1963 1804//1964 1803//1962 
f 1805//1965 1783//1966 1806//1967 
f 1806//1967 1807//1968 1805//1965 
f 1807//1968 1808//1969 1805//1965 
f 1783//1966 1805//1965 1804//1964 
f 1804//1964 1784//1963 1783//1966 
f 1809//1970 1810//1970 1805//1965 
f 1810//1970 1811//1971 1812//1972 
f 1810//1970 1809//1970 1813//1973 
f 1813//1973 1814//1974 1810//1970 
f 1814//1974 1811//1971 1810//1970 
f 1812//1972 1815//1975 1816//1974 
f 1812//1972 1816//1974 1810//1970 
f 1808//1969 1809//1970 1805//1965 
f 1779//1961 1784//1963 1803//1962 
f 1775//1957 1780//1959 1801//1958 
f 1772//1953 1776//1955 1799//1954 
f 1768//1949 1770//1951 1797//1950 
f 1796//1948 1793//1944 1761//1943 
f 1794//1945 1791//1940 1758//1939 
f 1792//1941 1789//1936 1754//1935 
f 1790//1937 1787//1929 1750//1928 
f 1788//1930 1785//1920 1748//1926 
f 1786//1924 1739//1976 1738//1925 
o mesh67
f 1817//1975 1818//1975 1815//1975 
f 1815//1975 1812//1975 1817//1975 
o mesh68
f 1681//1977 1705//1977 1819//1977 
f 1819//1977 1820//1977 1681//1977 
o mesh69
f 1821//1978 1822//1979 1820//1980 
f 1821//1978 1823//1981 1824//1982 
f 1824//1982 1825//1983 1821//1978 
f 1825//1983 1822//1979 1821//1978 
f 1820//1980 1819//1984 1826//1983 
f 1827//1985 1828//1986 1829//1987 
f 1827//1985 1830//1988 1828//1986 
f 1827//1985 1831//1989 1817//1990 
f 1817//1990 1830//1988 1827//1985 
f 1829//1987 1832//1991 1827//1985 
f 1833//1992 1834//1993 1835//1994 
f 1836//1995 1837//1996 1838//1997 
f 1836//1995 1839//1998 1837//1996 
f 1836//1995 1832//1991 1839//1998 
f 1838//1997 1833//1992 1836//1995 
f 1835//1994 1836//1995 1833//1992 
f 1840//1999 1841//2000 1842//2001 
f 1843//2002 1834//1993 1840//1999 
f 1842//2001 1843//2002 1840//1999 
f 1844//2003 1845//2004 1846//2005 
f 1847//2006 1841//2000 1844//2003 
f 1846//2005 1847//2006 1844//2003 
f 1848//2007 1849//2008 1850//2009 
f 1851//2010 1845//2004 1848//2007 
f 1850//2009 1851//2010 1848//2007 
f 1852//2011 1853//2012 1854//2012 
f 1855//2013 1849//2008 1852//2011 
f 1854//2012 1855//2013 1852//2011 
f 1856//2014 1857//2015 1854//2012 
f 1854//2012 1853//2012 1856//2014 
f 1858//2016 1859//2017 1857//2015 
f 1860//2018 1861//2019 1859//2017 
f 1859//2017 1858//2016 1860//2018 
f 1862//2020 1863//2021 1861//2019 
f 1864//2022 1865//2023 1863//2021 
f 1863//2021 1862//2020 1864//2022 
f 1866//2024 1867//2025 1865//2023 
f 1868//2026 1869//2027 1867//2025 
f 1867//2025 1866//2024 1868//2026 
f 1870//2028 1871//2029 1869//2027 
f 1872//2030 1873//2031 1874//2032 
f 1874//2032 1875//2033 1872//2030 
f 1875//2033 1876//2034 1872//2030 
f 1873//2031 1872//2030 1871//2029 
f 1871//2029 1870//2028 1873//2031 
f 1823//1981 1821//1978 1872//2030 
f 1876//2034 1823//1981 1872//2030 
f 1868//2026 1870//2028 1869//2027 
f 1864//2022 1866//2024 1865//2023 
f 1860//2018 1862//2020 1861//2019 
f 1856//2014 1858//2016 1857//2015 
f 1855//2013 1850//2009 1849//2008 
f 1851//2010 1846//2005 1845//2004 
f 1847//2006 1842//2001 1841//2000 
f 1843//2002 1835//1994 1834//1993 
f 1836//1995 1827//1985 1832//1991 
f 1831//1989 1818//2035 1817//1990 
f 1820//1980 1826//1983 1821//1978 
o mesh70
f 1877//2036 1602//2036 1681//2036 
f 1681//2036 1820//2036 1877//2036 
f 1602//2036 1679//2036 1681//2036 
f 1602//2036 1677//2036 1679//2036 
f 1602//2036 1685//2036 1687//2036 
f 1877//2036 1823//2036 1876//2036 
f 1820//2036 1822//2036 1877//2036 
f 1602//2036 1686//2036 1685//2036 
f 1876//2036 1875//2036 1877//2036 
f 1602//2036 1678//2036 1677//2036 
f 1602//2036 1635//2036 1686//2036 
f 1875//2036 1874//2036 1877//2036 
f 1822//2036 1825//2036 1877//2036 
f 1687//2036 1682//2036 1602//2036 
f 1877//2036 1824//2036 1823//2036 
f 1682//2036 1678//2036 1602//2036 
f 1825//2036 1824//2036 1877//2036 
f 1874//2036 1873//2036 1877//2036 
o mesh71
f 1878//2037 1817//2037 1812//2037 
f 1878//2037 1830//2037 1817//2037 
f 1812//2037 1782//2037 1878//2037 
f 1782//2037 1809//2037 1808//2037 
f 1812//2037 1811//2037 1782//2037 
f 1808//2037 1807//2037 1782//2037 
f 1878//2037 1828//2037 1830//2037 
f 1878//2037 1837//2037 1839//2037 
f 1807//2037 1806//2037 1782//2037 
f 1811//2037 1814//2037 1782//2037 
f 1878//2037 1838//2037 1837//2037 
f 1782//2037 1813//2037 1809//2037 
f 1878//2037 1829//2037 1828//2037 
f 1878//2037 1833//2037 1838//2037 
f 1814//2037 1813//2037 1782//2037 
f 1839//2037 1832//2037 1878//2037 
f 1832//2037 1829//2037 1878//2037 
f 1806//2037 1783//2037 1782//2037 
o mesh72
f 1840//2038 1834//2039 1878//2040 
f 1878//2040 1879//2041 1840//2038 
f 1879//2041 1880//2042 1840//2038 
f 1844//2043 1841//2044 1880//2042 
f 1880//2042 1881//2045 1844//2043 
f 1881//2045 1882//2046 1844//2043 
f 1848//2047 1845//2048 1882//2046 
f 1882//2046 1883//2049 1848//2047 
f 1883//2049 1884//2050 1848//2047 
f 1849//2051 1848//2047 1884//2050 
f 1852//2052 1849//2051 1885//2053 
f 1885//2053 1886//2052 1852//2052 
f 1853//2054 1852//2052 1886//2052 
f 1853//2054 1887//2054 1888//2055 
f 1888//2055 1856//2055 1853//2054 
f 1856//2055 1888//2055 1889//2056 
f 1858//2057 1889//2056 1890//2058 
f 1890//2058 1860//2058 1858//2057 
f 1860//2058 1891//2059 1892//2060 
f 1860//2058 1890//2058 1891//2059 
f 1892//2060 1864//2060 1862//2061 
f 1864//2060 1893//2062 1894//2063 
f 1864//2060 1892//2060 1893//2062 
f 1894//2063 1868//2063 1866//2064 
f 1868//2063 1895//2065 1877//2066 
f 1868//2063 1894//2063 1895//2065 
f 1877//2066 1873//2066 1870//2067 
f 1877//2066 1870//2067 1868//2063 
f 1894//2063 1866//2064 1864//2060 
f 1892//2060 1862//2061 1860//2058 
f 1889//2056 1858//2057 1856//2055 
f 1886//2052 1887//2054 1853//2054 
f 1884//2050 1885//2053 1849//2051 
f 1845//2048 1844//2043 1882//2046 
f 1841//2044 1840//2038 1880//2042 
f 1834//2039 1833//2068 1878//2040 
o mesh73
f 967//2069 1878//2069 1782//2069 
f 1136//2069 1751//2069 1740//2069 
f 1782//2069 1136//2069 967//2069 
f 704//2069 1602//2069 1877//2069 
f 1740//2069 1207//2069 1136//2069 
f 967//2069 1879//2069 1878//2069 
f 704//2069 1603//2069 1602//2069 
f 1740//2069 1669//2069 1207//2069 
f 967//2069 1880//2069 1879//2069 
f 1877//2069 967//2069 704//2069 
f 1669//2069 1668//2069 1207//2069 
f 1782//2069 1781//2069 1136//2069 
f 1877//2069 1895//2069 967//2069 
f 1668//2069 1665//2069 1207//2069 
f 1136//2069 1755//2069 1752//2069 
f 967//2069 1881//2069 1880//2069 
f 704//2069 1604//2069 1603//2069 
f 1752//2069 1751//2069 1136//2069 
f 1781//2069 1778//2069 1136//2069 
f 704//2069 1607//2069 1604//2069 
f 1136//2069 1756//2069 1755//2069 
f 1778//2069 1777//2069 1136//2069 
f 1895//2069 1894//2069 967//2069 
f 1665//2069 1664//2069 1207//2069 
f 967//2069 1882//2069 1881//2069 
f 1894//2069 1893//2069 967//2069 
f 1664//2069 1661//2069 1207//2069 
f 967//2069 1883//2069 1882//2069 
f 704//2069 1608//2069 1607//2069 
f 1136//2069 1759//2069 1756//2069 
f 1777//2069 1774//2069 1136//2069 
f 704//2069 1611//2069 1608//2069 
f 1136//2069 1760//2069 1759//2069 
f 1774//2069 1773//2069 1136//2069 
f 1893//2069 1892//2069 967//2069 
f 1069//2069 1896//2069 1897//2069 
f 1071//2069 1898//2069 1896//2069 
f 1075//2069 1899//2069 1900//2069 
f 1077//2069 1901//2069 1899//2069 
f 1207//2069 1639//2069 1638//2069 
f 1661//2069 1660//2069 1207//2069 
f 967//2069 1884//2069 1883//2069 
f 1892//2069 1891//2069 967//2069 
f 704//2069 710//2069 1633//2069 
f 1057//2069 1902//2069 1903//2069 
f 1059//2069 1904//2069 1902//2069 
f 1063//2069 1905//2069 1906//2069 
f 1065//2069 1907//2069 1905//2069 
f 1896//2069 1069//2069 1071//2069 
f 1073//2069 1900//2069 1898//2069 
f 1899//2069 1075//2069 1077//2069 
f 1079//2069 1908//2069 1901//2069 
f 1207//2069 1642//2069 1639//2069 
f 1660//2069 1658//2069 1207//2069 
f 1773//2069 1771//2069 1136//2069 
f 704//2069 1612//2069 1611//2069 
f 1633//2069 1630//2069 704//2069 
f 1109//2069 1111//2069 1909//2069 
f 1111//2069 1113//2069 1910//2069 
f 1902//2069 1057//2069 1059//2069 
f 1061//2069 1906//2069 1904//2069 
f 1905//2069 1063//2069 1065//2069 
f 1067//2069 1897//2069 1907//2069 
f 1898//2069 1071//2069 1073//2069 
f 1901//2069 1077//2069 1079//2069 
f 1081//2069 1911//2069 1908//2069 
f 1081//2069 1083//2069 1912//2069 
f 1207//2069 1643//2069 1642//2069 
f 1136//2069 1763//2069 1760//2069 
f 967//2069 1885//2069 1884//2069 
f 704//2069 1615//2069 1612//2069 
f 1630//2069 1629//2069 704//2069 
f 1910//2069 1909//2069 1111//2069 
f 1113//2069 1115//2069 1913//2069 
f 1115//2069 1117//2069 1914//2069 
f 1117//2069 1119//2069 1915//2069 
f 1904//2069 1059//2069 1061//2069 
f 1907//2069 1065//2069 1067//2069 
f 1900//2069 1073//2069 1075//2069 
f 1912//2069 1911//2069 1081//2069 
f 1089//2069 1916//2069 1917//2069 
f 1091//2069 1918//2069 1916//2069 
f 1207//2069 1646//2069 1643//2069 
f 1658//2069 1656//2069 1207//2069 
f 967//2069 1886//2069 1885//2069 
f 1891//2069 1890//2069 967//2069 
f 1629//2069 1626//2069 704//2069 
f 1099//2069 1101//2069 1919//2069 
f 1101//2069 1103//2069 1920//2069 
f 1913//2069 1910//2069 1113//2069 
f 1915//2069 1914//2069 1117//2069 
f 1119//2069 1121//2069 1921//2069 
f 1121//2069 1123//2069 1922//2069 
f 1123//2069 1125//2069 1923//2069 
f 1125//2069 1023//2069 1924//2069 
f 1023//2069 1026//2069 1925//2069 
f 1026//2069 1028//2069 1926//2069 
f 1034//2069 1036//2069 1927//2069 
f 1036//2069 1038//2069 1928//2069 
f 1929//2069 967//2069 1136//2069 
f 1906//2069 1061//2069 1063//2069 
f 1908//2069 1079//2069 1081//2069 
f 1085//2069 1930//2069 1912//2069 
f 1085//2069 1087//2069 1917//2069 
f 1916//2069 1089//2069 1091//2069 
f 1091//2069 1093//2069 1931//2069 
f 1207//2069 1647//2069 1646//2069 
f 1136//2069 1764//2069 1763//2069 
f 1771//2069 1769//2069 1136//2069 
f 1890//2069 1889//2069 967//2069 
f 1626//2069 1625//2069 704//2069 
f 1920//2069 1919//2069 1101//2069 
f 1103//2069 1105//2069 1932//2069 
f 1107//2069 1933//2069 1932//2069 
f 1107//2069 1109//2069 1934//2069 
f 1914//2069 1913//2069 1115//2069 
f 1922//2069 1921//2069 1121//2069 
f 1924//2069 1923//2069 1125//2069 
f 1926//2069 1925//2069 1026//2069 
f 1032//2069 1034//2069 1935//2069 
f 1928//2069 1927//2069 1036//2069 
f 1038//2069 1040//2069 1936//2069 
f 1040//2069 1042//2069 1937//2069 
f 1136//2069 1126//2069 1929//2069 
f 1046//2069 1049//2069 1938//2069 
f 1053//2069 1939//2069 1940//2069 
f 1053//2069 1055//2069 1903//2069 
f 1897//2069 1067//2069 1069//2069 
f 1917//2069 1930//2069 1085//2069 
f 1931//2069 1918//2069 1091//2069 
f 1093//2069 1095//2069 1941//2069 
f 1207//2069 1650//2069 1647//2069 
f 1656//2069 1654//2069 1207//2069 
f 967//2069 1887//2069 1886//2069 
f 704//2069 1616//2069 1615//2069 
f 1625//2069 1623//2069 704//2069 
f 1932//2069 1920//2069 1103//2069 
f 1934//2069 1933//2069 1107//2069 
f 1921//2069 1915//2069 1119//2069 
f 1925//2069 1924//2069 1023//2069 
f 1028//2069 1030//2069 1942//2069 
f 1030//2069 1032//2069 1943//2069 
f 1927//2069 1935//2069 1034//2069 
f 1937//2069 1936//2069 1040//2069 
f 1938//2069 1929//2069 1046//2069 
f 1049//2069 1051//2069 1940//2069 
f 1903//2069 1939//2069 1053//2069 
f 1912//2069 1083//2069 1085//2069 
f 1941//2069 1931//2069 1093//2069 
f 1095//2069 1097//2069 1944//2069 
f 1207//2069 1651//2069 1650//2069 
f 1136//2069 1766//2069 1764//2069 
f 1769//2069 1767//2069 1136//2069 
f 1889//2069 1888//2069 967//2069 
f 1623//2069 1621//2069 704//2069 
f 1932//2069 1105//2069 1107//2069 
f 1923//2069 1922//2069 1123//2069 
f 1943//2069 1942//2069 1030//2069 
f 1936//2069 1928//2069 1038//2069 
f 1042//2069 1044//2069 1945//2069 
f 1044//2069 1158//2069 1946//2069 
f 1157//2069 1947//2069 1948//2069 
f 1940//2069 1938//2069 1049//2069 
f 1903//2069 1055//2069 1057//2069 
f 1944//2069 1941//2069 1095//2069 
f 1099//2069 1949//2069 1944//2069 
f 1207//2069 1653//2069 1651//2069 
f 1767//2069 1766//2069 1136//2069 
f 704//2069 1618//2069 1616//2069 
f 1621//2069 1619//2069 704//2069 
f 1909//2069 1934//2069 1109//2069 
f 1935//2069 1943//2069 1032//2069 
f 1946//2069 1945//2069 1044//2069 
f 1158//2069 1157//2069 1950//2069 
f 1157//2069 1951//2069 1947//2069 
f 1157//2069 1952//2069 1953//2069 
f 1940//2069 1051//2069 1053//2069 
f 1944//2069 1097//2069 1099//2069 
f 1654//2069 1653//2069 1207//2069 
f 1619//2069 1618//2069 704//2069 
f 1942//2069 1926//2069 1028//2069 
f 1950//2069 1946//2069 1158//2069 
f 1953//2069 1951//2069 1157//2069 
f 967//2069 1929//2069 1952//2069 
f 1917//2069 1087//2069 1089//2069 
f 1888//2069 1887//2069 967//2069 
f 1945//2069 1937//2069 1042//2069 
f 1952//2069 1157//2069 967//2069 
f 1638//2069 1287//2069 1207//2069 
f 1948//2069 1950//2069 1157//2069 
f 1919//2069 1949//2069 1099//2069 
f 1126//2069 1046//2069 1929//2069 
o mesh74
f 1954//2070 1955//2071 1896//2071 
f 1956//2072 1954//2070 1898//2073 
f 1957//2074 1956//2072 1900//2075 
f 1958//2076 1957//2074 1899//2077 
f 1959//2078 1958//2076 1901//2079 
f 1911//2080 1960//2080 1961//2081 
f 1961//2081 1908//2082 1911//2080 
f 1911//2080 1912//2083 1962//2084 
f 1912//2083 1963//2083 1962//2084 
f 1964//2085 1963//2083 1912//2083 
f 1965//2086 1964//2085 1930//2085 
f 1966//2087 1965//2086 1917//2086 
f 1967//2088 1966//2087 1916//2087 
f 1918//2088 1931//2089 1968//2090 
f 1931//2089 1969//2089 1970//2091 
f 1970//2091 1968//2090 1931//2089 
f 1971//2092 1969//2089 1931//2089 
f 1972//2093 1971//2092 1941//2092 
f 1973//2094 1972//2093 1944//2093 
f 1974//2095 1973//2094 1949//2094 
f 1975//2096 1974//2095 1919//2095 
f 1920//2096 1976//2097 1977//2098 
f 1932//2099 1978//2099 1976//2097 
f 1976//2097 1920//2096 1932//2099 
f 1979//2100 1978//2099 1932//2099 
f 1980//2101 1979//2100 1933//2100 
f 1981//2102 1980//2101 1934//2101 
f 1982//2103 1981//2102 1909//2102 
f 1913//2104 1983//2104 1984//2105 
f 1984//2105 1910//2106 1913//2104 
f 1985//2107 1983//2104 1913//2104 
f 1986//2108 1985//2107 1914//2107 
f 1987//2109 1986//2108 1915//2108 
f 1988//2110 1987//2109 1921//2109 
f 1989//2111 1988//2110 1922//2110 
f 1990//2112 1989//2111 1923//2111 
f 1991//2113 1990//2112 1924//2112 
f 1992//2114 1991//2113 1925//2113 
f 1993//2115 1992//2114 1926//2114 
f 1994//2116 1993//2115 1942//2115 
f 1995//2117 1994//2116 1943//2116 
f 1996//2118 1995//2117 1935//2117 
f 1927//2118 1928//2119 1997//2120 
f 1928//2119 1998//2119 1997//2120 
f 1999//2121 1998//2119 1928//2119 
f 2000//2122 1999//2121 1936//2121 
f 2001//2123 2000//2122 1937//2122 
f 2002//2124 2001//2123 1945//2123 
f 1946//2124 1950//2125 2003//2126 
f 1950//2125 2004//2125 2003//2126 
f 2005//2127 2004//2125 1950//2125 
f 2006//2128 2005//2127 1948//2127 
f 2007//2129 2006//2128 1947//2128 
f 2008//2130 2007//2129 1951//2129 
f 2009//2131 2008//2130 1953//2130 
f 1929//2132 2010//2132 2011//2133 
f 2011//2133 1952//2134 1929//2132 
f 2012//2135 2010//2132 1929//2132 
f 2013//2136 2012//2135 1938//2135 
f 2014//2137 2013//2136 1940//2136 
f 2015//2138 2014//2137 1939//2137 
f 1902//2139 2016//2139 2017//2140 
f 2017//2140 1903//2141 1902//2139 
f 1902//2139 1904//2142 2018//2143 
f 1904//2142 2019//2142 2018//2143 
f 2020//2144 2019//2142 1904//2142 
f 2021//2145 2020//2144 1906//2144 
f 2022//2146 2021//2145 1905//2145 
f 2023//2147 2022//2146 1907//2146 
f 1955//2071 2023//2147 1897//2147 
f 1897//2147 1896//2071 1955//2071 
f 1907//2146 1897//2147 2023//2147 
f 1905//2145 1907//2146 2022//2146 
f 1906//2144 1905//2145 2021//2145 
f 1904//2142 1906//2144 2020//2144 
f 2018//2143 2016//2139 1902//2139 
f 2017//2140 2015//2138 1903//2141 
f 1939//2137 1903//2141 2015//2138 
f 1940//2136 1939//2137 2014//2137 
f 1938//2135 1940//2136 2013//2136 
f 1929//2132 1938//2135 2012//2135 
f 2011//2133 2009//2131 1952//2134 
f 1953//2130 1952//2134 2009//2131 
f 1951//2129 1953//2130 2008//2130 
f 1947//2128 1951//2129 2007//2129 
f 1948//2127 1947//2128 2006//2128 
f 1950//2125 1948//2127 2005//2127 
f 2003//2126 2002//2124 1946//2124 
f 1945//2123 1946//2124 2002//2124 
f 1937//2122 1945//2123 2001//2123 
f 1936//2121 1937//2122 2000//2122 
f 1928//2119 1936//2121 1999//2121 
f 1997//2120 1996//2118 1927//2118 
f 1935//2117 1927//2118 1996//2118 
f 1943//2116 1935//2117 1995//2117 
f 1942//2115 1943//2116 1994//2116 
f 1926//2114 1942//2115 1993//2115 
f 1925//2113 1926//2114 1992//2114 
f 1924//2112 1925//2113 1991//2113 
f 1923//2111 1924//2112 1990//2112 
f 1922//2110 1923//2111 1989//2111 
f 1921//2109 1922//2110 1988//2110 
f 1915//2108 1921//2109 1987//2109 
f 1914//2107 1915//2108 1986//2108 
f 1913//2104 1914//2107 1985//2107 
f 1984//2105 1982//2103 1910//2106 
f 1909//2102 1910//2106 1982//2103 
f 1934//2101 1909//2102 1981//2102 
f 1933//2100 1934//2101 1980//2101 
f 1932//2099 1933//2100 1979//2100 
f 1977//2098 1975//2096 1920//2096 
f 1919//2095 1920//2096 1975//2096 
f 1949//2094 1919//2095 1974//2095 
f 1944//2093 1949//2094 1973//2094 
f 1941//2092 1944//2093 1972//2093 
f 1931//2089 1941//2092 1971//2092 
f 1968//2090 1967//2088 1918//2088 
f 1916//2087 1918//2088 1967//2088 
f 1917//2086 1916//2087 1966//2087 
f 1930//2085 1917//2086 1965//2086 
f 1912//2083 1930//2085 1964//2085 
f 1962//2084 1960//2080 1911//2080 
f 1961//2081 1959//2078 1908//2082 
f 1901//2079 1908//2082 1959//2078 
f 1899//2077 1901//2079 1958//2076 
f 1900//2075 1899//2077 1957//2074 
f 1898//2073 1900//2075 1956//2072 
f 1896//2071 1898//2073 1954//2070 
o mesh75
f 1797//2148 1793//2148 1796//2148 
f 1695//2148 1694//2148 1696//2148 
f 1718//2148 1714//2148 1717//2148 
f 1796//2148 1795//2148 1797//2148 
f 1697//2148 1692//2148 1695//2148 
f 1717//2148 1716//2148 1718//2148 
f 1798//2148 1794//2148 1793//2148 
f 1855//2148 1854//2148 1857//2148 
f 1697//2148 1693//2148 1692//2148 
f 1719//2148 1715//2148 1714//2148 
f 1797//2148 1798//2148 1793//2148 
f 1859//2148 1850//2148 1855//2148 
f 1696//2148 1697//2148 1695//2148 
f 1718//2148 1719//2148 1714//2148 
f 1798//2148 1799//2148 1794//2148 
f 1859//2148 1851//2148 1850//2148 
f 1697//2148 1698//2148 1693//2148 
f 1719//2148 1720//2148 1715//2148 
f 1800//2148 1791//2148 1794//2148 
f 1857//2148 1859//2148 1855//2148 
f 1699//2148 1690//2148 1693//2148 
f 1721//2148 1712//2148 1715//2148 
f 1800//2148 1792//2148 1791//2148 
f 1859//2148 1861//2148 1851//2148 
f 1699//2148 1691//2148 1690//2148 
f 1720//2148 1721//2148 1715//2148 
f 1799//2148 1800//2148 1794//2148 
f 1863//2148 1846//2148 1851//2148 
f 1698//2148 1699//2148 1693//2148 
f 1722//2148 1713//2148 1712//2148 
f 1801//2148 1789//2148 1792//2148 
f 1863//2148 1847//2148 1846//2148 
f 1700//2148 1688//2148 1691//2148 
f 1722//2148 1710//2148 1713//2148 
f 1800//2148 1801//2148 1792//2148 
f 1861//2148 1863//2148 1851//2148 
f 1699//2148 1700//2148 1691//2148 
f 1721//2148 1722//2148 1712//2148 
f 1801//2148 1802//2148 1789//2148 
f 1863//2148 1865//2148 1847//2148 
f 1700//2148 1701//2148 1688//2148 
f 1722//2148 1723//2148 1710//2148 
f 2024//2148 1790//2148 1803//2148 
f 1803//2148 1790//2148 1789//2148 
f 1867//2148 1842//2148 1847//2148 
f 2025//2148 1689//2148 1702//2148 
f 1702//2148 1689//2148 1688//2148 
f 1724//2148 1711//2148 1710//2148 
f 2026//2148 1708//2148 1711//2148 
f 1802//2148 1803//2148 1789//2148 
f 1867//2148 1843//2148 1842//2148 
f 1701//2148 1702//2148 1688//2148 
f 1711//2148 1724//2148 2026//2148 
f 2024//2148 1787//2148 1790//2148 
f 1865//2148 1867//2148 1847//2148 
f 2027//2148 1835//2148 1843//2148 
f 2025//2148 1683//2148 1689//2148 
f 2026//2148 1706//2148 1709//2148 
f 1723//2148 1724//2148 1710//2148 
f 2024//2148 1788//2148 1787//2148 
f 1843//2148 1869//2148 2027//2148 
f 2025//2148 1684//2148 1683//2148 
f 2026//2148 1707//2148 1706//2148 
f 2025//2148 1703//2148 1704//2148 
f 1724//2148 1725//2148 2026//2148 
f 2024//2148 1785//2148 1788//2148 
f 1867//2148 1869//2148 1843//2148 
f 2025//2148 1676//2148 1684//2148 
f 2026//2148 1672//2148 1707//2148 
f 2025//2148 1673//2148 1672//2148 
f 1704//2148 1674//2148 2025//2148 
f 1725//2148 1726//2148 2026//2148 
f 2024//2148 1786//2148 1785//2148 
f 2024//2148 2028//2148 1739//2148 
f 2024//2148 1804//2148 1805//2148 
f 1869//2148 1871//2148 2027//2148 
f 2025//2148 1680//2148 1676//2148 
f 2025//2148 2029//2148 1705//2148 
f 1672//2148 2026//2148 2025//2148 
f 1674//2148 1675//2148 2025//2148 
f 2026//2148 1737//2148 1736//2148 
f 1726//2148 1731//2148 2026//2148 
f 1739//2148 1786//2148 2024//2148 
f 2027//2148 1827//2148 1836//2148 
f 1805//2148 1810//2148 2024//2148 
f 1871//2148 1872//2148 2027//2148 
f 1705//2148 1680//2148 2025//2148 
f 1675//2148 1673//2148 2025//2148 
f 1731//2148 1737//2148 2026//2148 
f 1803//2148 1804//2148 2024//2148 
f 2027//2148 1831//2148 1827//2148 
f 2027//2148 2024//2148 1815//2148 
f 1810//2148 1816//2148 2024//2148 
f 2027//2148 1826//2148 1819//2148 
f 1872//2148 1821//2148 2027//2148 
f 1709//2148 1708//2148 2026//2148 
f 2028//2148 1736//2148 1739//2148 
f 2027//2148 1818//2148 1831//2148 
f 1816//2148 1815//2148 2024//2148 
f 1821//2148 1826//2148 2027//2148 
f 1736//2148 2028//2148 2026//2148 
f 1815//2148 1818//2148 2027//2148 
f 1819//2148 1705//2148 2029//2148 
f 1836//2148 1835//2148 2027//2148 
f 1702//2148 1703//2148 2025//2148 
f 1819//2148 2029//2148 2027//2148 
o mesh76
f 2030//2148 669//2148 668//2148 
f 2031//2148 639//2148 696//2148 
f 2031//2148 2032//2148 644//2148 
f 2030//2148 664//2148 663//2148 
f 2030//2148 670//2148 669//2148 
f 2030//2148 2033//2148 673//2148 
f 2031//2148 693//2148 692//2148 
f 2031//2148 640//2148 639//2148 
f 2032//2148 645//2148 644//2148 
f 2030//2148 665//2148 664//2148 
f 2030//2148 667//2148 666//2148 
f 2030//2148 671//2148 670//2148 
f 673//2148 672//2148 2030//2148 
f 2033//2148 682//2148 681//2148 
f 2033//2148 2034//2148 683//2148 
f 2031//2148 694//2148 693//2148 
f 696//2148 695//2148 2031//2148 
f 2031//2148 642//2148 641//2148 
f 644//2148 643//2148 2031//2148 
f 2035//2148 663//2148 662//2148 
f 666//2148 665//2148 2030//2148 
f 672//2148 671//2148 2030//2148 
f 2033//2148 675//2148 674//2148 
f 2033//2148 677//2148 676//2148 
f 2033//2148 679//2148 678//2148 
f 683//2148 682//2148 2033//2148 
f 2034//2148 685//2148 684//2148 
f 2034//2148 690//2148 689//2148 
f 2034//2148 692//2148 691//2148 
f 695//2148 694//2148 2031//2148 
f 643//2148 642//2148 2031//2148 
f 2035//2148 660//2148 659//2148 
f 662//2148 661//2148 2035//2148 
f 668//2148 667//2148 2030//2148 
f 676//2148 675//2148 2033//2148 
f 2033//2148 680//2148 679//2148 
f 684//2148 683//2148 2034//2148 
f 2034//2148 688//2148 687//2148 
f 691//2148 690//2148 2034//2148 
f 641//2148 640//2148 2031//2148 
f 661//2148 660//2148 2035//2148 
f 674//2148 673//2148 2033//2148 
f 681//2148 680//2148 2033//2148 
f 687//2148 686//2148 2034//2148 
f 692//2148 2034//2148 2031//2148 
f 2032//2148 647//2148 646//2148 
f 2032//2148 652//2148 651//2148 
f 663//2148 2035//2148 2030//2148 
f 686//2148 685//2148 2034//2148 
f 646//2148 645//2148 2032//2148 
f 2032//2148 649//2148 648//2148 
f 651//2148 650//2148 2032//2148 
f 2035//2148 657//2148 656//2148 
f 678//2148 677//2148 2033//2148 
f 648//2148 647//2148 2032//2148 
f 2032//2148 653//2148 652//2148 
f 2035//2148 654//2148 653//2148 
f 2035//2148 658//2148 657//2148 
f 689//2148 688//2148 2034//2148 
f 653//2148 2032//2148 2035//2148 
f 656//2148 655//2148 2035//2148 
f 650//2148 649//2148 2032//2148 
f 659//2148 658//2148 2035//2148 
f 655//2148 654//2148 2035//2148 
o mesh77
f 2030//2149 2035//2149 2027//2149 
f 2027//2149 2029//2149 2030//2149 
o mesh78
f 2035//2150 2032//2150 2024//2150 
f 2024//2150 2027//2150 2035//2150 
o mesh79
f 2032//2151 2031//2151 2028//2151 
f 2028//2151 2024//2151 2032//2151 
o mesh80
f 2031//2152 2034//2152 2026//2152 
f 2026//2152 2028//2152 2031//2152 
o mesh81
f 2034//2153 2033//2153 2025//2153 
f 2025//2153 2026//2153 2034//2153 
o mesh82
f 2033//2154 2030//2154 2029//2154 
f 2029//2154 2025//2154 2033//2154 
o mesh83
f 2384//2155 2385//2155 2386//2155 
f 2387//2155 2386//2155 2388//2155 
f 2388//2155 2389//2155 2036//2155 
f 2390//2155 2037//2155 2038//2155 
f 2388//2155 2039//2155 2040//2155 
f 2388//2155 2041//2155 2042//2155 
f 2389//2155 2043//2155 2036//2155 
f 2038//2155 2391//2155 2390//2155 
f 2042//2155 2039//2155 2388//2155 
f 2389//2155 2044//2155 2043//2155 
f 2389//2155 2045//2155 2046//2155 
f 2038//2155 2047//2155 2391//2155 
f 2390//2155 2048//2155 2049//2155 
f 2036//2155 2041//2155 2388//2155 
f 2046//2155 2050//2155 2389//2155 
f 2389//2155 2051//2155 2052//2155 
f 2391//2155 2053//2155 2054//2155 
f 2049//2155 2037//2155 2390//2155 
f 2390//2155 2055//2155 2056//2155 
f 2050//2155 2044//2155 2389//2155 
f 2389//2155 2057//2155 2051//2155 
f 2391//2155 2058//2155 2053//2155 
f 2056//2155 2048//2155 2390//2155 
f 2390//2155 2059//2155 2060//2155 
f 2052//2155 2045//2155 2389//2155 
f 2047//2155 2058//2155 2391//2155 
f 2390//2155 2061//2155 2059//2155 
f 2390//2155 2062//2155 2063//2155 
f 2388//2155 2064//2155 2065//2155 
f 2040//2155 2066//2155 2388//2155 
f 2389//2155 2067//2155 2068//2155 
f 2389//2155 2391//2155 2069//2155 
f 2391//2155 2070//2155 2071//2155 
f 2391//2155 2072//2155 2073//2155 
f 2060//2155 2055//2155 2390//2155 
f 2063//2155 2074//2155 2390//2155 
f 2066//2155 2064//2155 2388//2155 
f 2389//2155 2075//2155 2067//2155 
f 2389//2155 2076//2155 2077//2155 
f 2071//2155 2069//2155 2391//2155 
f 2391//2155 2078//2155 2072//2155 
f 2391//2155 2079//2155 2080//2155 
f 2074//2155 2061//2155 2390//2155 
f 2388//2155 2081//2155 2082//2155 
f 2068//2155 2057//2155 2389//2155 
f 2069//2155 2076//2155 2389//2155 
f 2391//2155 2083//2155 2078//2155 
f 2054//2155 2079//2155 2391//2155 
f 2390//2155 2084//2155 2085//2155 
f 2390//2155 2388//2155 2086//2155 
f 2082//2155 2087//2155 2388//2155 
f 2388//2155 2088//2155 2089//2155 
f 2077//2155 2075//2155 2389//2155 
f 2080//2155 2083//2155 2391//2155 
f 2085//2155 2090//2155 2390//2155 
f 2086//2155 2091//2155 2390//2155 
f 2388//2155 2092//2155 2081//2155 
f 2388//2155 2093//2155 2088//2155 
f 2073//2155 2070//2155 2391//2155 
f 2091//2155 2084//2155 2390//2155 
f 2089//2155 2092//2155 2388//2155 
f 2090//2155 2062//2155 2390//2155 
f 2065//2155 2093//2155 2388//2155 
f 2388//2155 2386//2155 2094//2155 
f 2094//2155 2095//2155 2388//2155 
f 2386//2155 2096//2155 2097//2155 
f 2098//2155 1544//2155 1545//2155 
f 2099//2155 1545//2155 1546//2155 
f 2100//2155 1546//2155 1547//2155 
f 2386//2155 2101//2155 2094//2155 
f 2386//2155 2102//2155 2096//2155 
f 1542//2155 2103//2155 2104//2155 
f 1542//2155 2105//2155 2106//2155 
f 1542//2155 2107//2155 2108//2155 
f 2107//2155 1542//2155 1543//2155 
f 2109//2155 1543//2155 1544//2155 
f 1546//2155 2110//2155 2099//2155 
f 1547//2155 2111//2155 2112//2155 
f 2113//2155 1547//2155 1577//2155 
f 2388//2155 2114//2155 2115//2155 
f 2097//2155 2101//2155 2386//2155 
f 2106//2155 2103//2155 1542//2155 
f 1543//2155 2109//2155 2107//2155 
f 1545//2155 2099//2155 2098//2155 
f 1547//2155 2112//2155 2100//2155 
f 1577//2155 2116//2155 2113//2155 
f 2388//2155 2117//2155 2118//2155 
f 2388//2155 2119//2155 2120//2155 
f 2095//2155 2114//2155 2388//2155 
f 2386//2155 2121//2155 2122//2155 
f 2386//2155 2104//2155 2123//2155 
f 1542//2155 2124//2155 2105//2155 
f 1544//2155 2098//2155 2109//2155 
f 2113//2155 2111//2155 1547//2155 
f 1577//2155 2125//2155 2126//2155 
f 1577//2155 1548//2155 2127//2155 
f 1548//2155 2128//2155 2129//2155 
f 1548//2155 2130//2155 2131//2155 
f 1548//2155 2388//2155 2132//2155 
f 2388//2155 2133//2155 2134//2155 
f 2388//2155 2135//2155 2117//2155 
f 2115//2155 2119//2155 2388//2155 
f 2386//2155 2136//2155 2137//2155 
f 2123//2155 2121//2155 2386//2155 
f 2108//2155 2124//2155 1542//2155 
f 2126//2155 2116//2155 1577//2155 
f 1548//2155 2138//2155 2127//2155 
f 2129//2155 2139//2155 1548//2155 
f 1548//2155 2140//2155 2130//2155 
f 1548//2155 2141//2155 2142//2155 
f 2134//2155 2132//2155 2388//2155 
f 2388//2155 2143//2155 2144//2155 
f 2120//2155 2135//2155 2388//2155 
f 2386//2155 2145//2155 2136//2155 
f 2122//2155 2146//2155 2386//2155 
f 2100//2155 2110//2155 1546//2155 
f 2139//2155 2138//2155 1548//2155 
f 2131//2155 2147//2155 1548//2155 
f 2132//2155 2141//2155 1548//2155 
f 2388//2155 2148//2155 2149//2155 
f 2388//2155 2150//2155 2151//2155 
f 2118//2155 2143//2155 2388//2155 
f 2146//2155 2145//2155 2386//2155 
f 2127//2155 2125//2155 1577//2155 
f 2142//2155 2140//2155 1548//2155 
f 2151//2155 2148//2155 2388//2155 
f 2137//2155 2102//2155 2386//2155 
f 2147//2155 2128//2155 1548//2155 
f 2144//2155 2150//2155 2388//2155 
f 2149//2155 2133//2155 2388//2155 
f 2388//2155 1551//2155 1552//2155 
f 2388//2155 1576//2155 1553//2155 
f 2388//2155 1550//2155 1551//2155 
f 1552//2155 1576//2155 2388//2155 
f 2388//2155 1548//2155 1549//2155 
f 1549//2155 1550//2155 2388//2155 
f 2389//2155 1557//2155 1558//2155 
f 2389//2155 1555//2155 1556//2155 
f 2391//2155 2389//2155 1559//2155 
f 1556//2155 1557//2155 2389//2155 
f 1559//2155 1575//2155 2391//2155 
f 2389//2155 1554//2155 1555//2155 
f 1558//2155 1559//2155 2389//2155 
f 2390//2155 1563//2155 1564//2155 
f 1564//2155 1565//2155 2390//2155 
f 2390//2155 1562//2155 1563//2155 
f 2390//2155 2391//2155 1560//2155 
f 1560//2155 1562//2155 2390//2155 
f 1565//2155 1574//2155 2390//2155 
f 2390//2155 2152//2155 2153//2155 
f 2387//2155 2154//2155 2155//2155 
f 2390//2155 2156//2155 2152//2155 
f 2390//2155 2157//2155 2158//2155 
f 2159//2155 2160//2155 1566//2155 
f 1568//2155 2161//2155 2162//2155 
f 2155//2155 2163//2155 2387//2155 
f 2153//2155 2387//2155 2390//2155 
f 2158//2155 2164//2155 2390//2155 
f 1566//2155 2165//2155 2166//2155 
f 1568//2155 2167//2155 2159//2155 
f 1568//2155 2168//2155 2161//2155 
f 2153//2155 2154//2155 2387//2155 
f 2390//2155 2169//2155 2170//2155 
f 2390//2155 2171//2155 2157//2155 
f 2390//2155 2172//2155 2173//2155 
f 2390//2155 2174//2155 2175//2155 
f 2166//2155 1567//2155 1566//2155 
f 1566//2155 2160//2155 2176//2155 
f 2162//2155 2167//2155 1568//2155 
f 1568//2155 2392//2155 2177//2155 
f 2170//2155 2156//2155 2390//2155 
f 2390//2155 2178//2155 2179//2155 
f 2173//2155 2171//2155 2390//2155 
f 2390//2155 2180//2155 2174//2155 
f 2166//2155 2181//2155 1567//2155 
f 1566//2155 1568//2155 2159//2155 
f 2392//2155 2182//2155 2177//2155 
f 2392//2155 2387//2155 2183//2155 
f 2387//2155 2184//2155 2185//2155 
f 2179//2155 2169//2155 2390//2155 
f 2175//2155 2172//2155 2390//2155 
f 1567//2155 2186//2155 2187//2155 
f 1567//2155 2188//2155 2189//2155 
f 2176//2155 2165//2155 1566//2155 
f 2392//2155 2190//2155 2182//2155 
f 2392//2155 2191//2155 2192//2155 
f 2183//2155 2193//2155 2392//2155 
f 2387//2155 2194//2155 2195//2155 
f 2387//2155 2196//2155 2184//2155 
f 2164//2155 2178//2155 2390//2155 
f 2390//2155 2187//2155 2197//2155 
f 2189//2155 2186//2155 1567//2155 
f 1567//2155 2198//2155 2199//2155 
f 1567//2155 2200//2155 2201//2155 
f 1567//2155 2202//2155 2203//2155 
f 2177//2155 2168//2155 1568//2155 
f 2392//2155 2204//2155 2205//2155 
f 2193//2155 2191//2155 2392//2155 
f 2195//2155 2206//2155 2387//2155 
f 2163//2155 2196//2155 2387//2155 
f 2187//2155 2390//2155 1567//2155 
f 2201//2155 2198//2155 1567//2155 
f 2181//2155 2202//2155 1567//2155 
f 2392//2155 2207//2155 2204//2155 
f 2192//2155 2208//2155 2392//2155 
f 2387//2155 2209//2155 2194//2155 
f 2197//2155 2180//2155 2390//2155 
f 2203//2155 2200//2155 1567//2155 
f 2208//2155 2207//2155 2392//2155 
f 2185//2155 2209//2155 2387//2155 
f 2205//2155 2190//2155 2392//2155 
f 2199//2155 2188//2155 1567//2155 
f 2392//2155 1571//2155 1572//2155 
f 1572//2155 1573//2155 2392//2155 
f 2392//2155 1570//2155 1571//2155 
f 2392//2155 1568//2155 1569//2155 
f 1569//2155 1570//2155 2392//2155 
f 2392//2155 1516//2155 1581//2155 
f 2392//2155 1512//2155 1513//2155 
f 2392//2155 1515//2155 1516//2155 
f 1513//2155 1514//2155 2392//2155 
f 1514//2155 1515//2155 2392//2155 
f 2384//2155 2210//2155 2211//2155 
f 2211//2155 2212//2155 2384//2155 
f 2387//2155 2213//2155 2214//2155 
f 2384//2155 2215//2155 2216//2155 
f 2384//2155 2217//2155 2210//2155 
f 2214//2155 2218//2155 2387//2155 
f 2387//2155 2219//2155 2220//2155 
f 2387//2155 2221//2155 2222//2155 
f 2392//2155 2223//2155 2224//2155 
f 2216//2155 2225//2155 2384//2155 
f 2212//2155 2226//2155 2384//2155 
f 2220//2155 2213//2155 2387//2155 
f 2387//2155 2227//2155 2228//2155 
f 2387//2155 2224//2155 2221//2155 
f 2392//2155 2229//2155 2223//2155 
f 2384//2155 2230//2155 2231//2155 
f 2226//2155 2215//2155 2384//2155 
f 2384//2155 2232//2155 2233//2155 
f 2384//2155 2387//2155 2234//2155 
f 2228//2155 2219//2155 2387//2155 
f 2224//2155 2387//2155 2392//2155 
f 2392//2155 2235//2155 2236//2155 
f 2392//2155 2237//2155 2238//2155 
f 1519//2155 2239//2155 2240//2155 
f 1519//2155 2384//2155 2241//2155 
f 2231//2155 2242//2155 2384//2155 
f 2233//2155 2217//2155 2384//2155 
f 2234//2155 2243//2155 2384//2155 
f 2387//2155 2244//2155 2227//2155 
f 2236//2155 2229//2155 2392//2155 
f 2238//2155 2245//2155 2392//2155 
f 1518//2155 2246//2155 2247//2155 
f 2248//2155 1518//2155 1517//2155 
f 2240//2155 2249//2155 1519//2155 
f 1519//2155 2250//2155 2251//2155 
f 1519//2155 2252//2155 2253//2155 
f 2241//2155 2254//2155 1519//2155 
f 2225//2155 2230//2155 2384//2155 
f 2384//2155 2255//2155 2256//2155 
f 2218//2155 2234//2155 2387//2155 
f 2245//2155 2235//2155 2392//2155 
f 1518//2155 2257//2155 2246//2155 
f 1518//2155 2258//2155 2259//2155 
f 1517//2155 2260//2155 2248//2155 
f 1517//2155 2261//2155 2262//2155 
f 1517//2155 1519//2155 2263//2155 
f 2251//2155 2239//2155 1519//2155 
f 2254//2155 2252//2155 1519//2155 
f 2256//2155 2232//2155 2384//2155 
f 2222//2155 2244//2155 2387//2155 
f 2392//2155 2264//2155 2265//2155 
f 2247//2155 2392//2155 1518//2155 
f 2248//2155 2258//2155 1518//2155 
f 2263//2155 2261//2155 1517//2155 
f 1519//2155 2266//2155 2267//2155 
f 2253//2155 2250//2155 1519//2155 
f 2243//2155 2255//2155 2384//2155 
f 2247//2155 2264//2155 2392//2155 
f 2262//2155 2260//2155 1517//2155 
f 2249//2155 2266//2155 1519//2155 
f 2265//2155 2237//2155 2392//2155 
f 2267//2155 2263//2155 1519//2155 
f 2259//2155 2257//2155 1518//2155 
f 2384//2155 1521//2155 1522//2155 
f 1522//2155 1523//2155 2384//2155 
f 1523//2155 1580//2155 2384//2155 
f 2384//2155 1519//2155 1520//2155 
f 1520//2155 1521//2155 2384//2155 
f 2384//2155 2268//2155 2269//2155 
f 2384//2155 1524//2155 2270//2155 
f 2385//2155 2271//2155 2272//2155 
f 2269//2155 2273//2155 2384//2155 
f 1524//2155 2274//2155 2270//2155 
f 1531//2155 2275//2155 2276//2155 
f 2272//2155 1531//2155 2385//2155 
f 2385//2155 2277//2155 2278//2155 
f 2385//2155 2384//2155 2279//2155 
f 2384//2155 2280//2155 2281//2155 
f 2384//2155 2282//2155 2283//2155 
f 2270//2155 2268//2155 2384//2155 
f 1524//2155 2284//2155 2285//2155 
f 2286//2155 1524//2155 1525//2155 
f 2272//2155 2275//2155 1531//2155 
f 2385//2155 2287//2155 2277//2155 
f 2385//2155 2288//2155 2289//2155 
f 2384//2155 2290//2155 2279//2155 
f 2384//2155 2291//2155 2280//2155 
f 2384//2155 2292//2155 2282//2155 
f 2285//2155 2274//2155 1524//2155 
f 1525//2155 2293//2155 2286//2155 
f 2293//2155 1525//2155 1526//2155 
f 2278//2155 2271//2155 2385//2155 
f 2289//2155 2294//2155 2385//2155 
f 2385//2155 2295//2155 2296//2155 
f 2385//2155 2297//2155 2298//2155 
f 2279//2155 2299//2155 2385//2155 
f 2384//2155 2300//2155 2291//2155 
f 2273//2155 2292//2155 2384//2155 
f 1526//2155 2301//2155 2293//2155 
f 1526//2155 2302//2155 2303//2155 
f 2294//2155 2287//2155 2385//2155 
f 2385//2155 2304//2155 2295//2155 
f 2299//2155 2297//2155 2385//2155 
f 2384//2155 2305//2155 2300//2155 
f 2286//2155 2284//2155 1524//2155 
f 2303//2155 2306//2155 1526//2155 
f 2307//2155 2308//2155 1529//2155 
f 2309//2155 2307//2155 1579//2155 
f 2296//2155 2288//2155 2385//2155 
f 2385//2155 2310//2155 2311//2155 
f 2281//2155 2290//2155 2384//2155 
f 2384//2155 2312//2155 2313//2155 
f 2306//2155 2301//2155 1526//2155 
f 1528//2155 2314//2155 2315//2155 
f 1579//2155 1531//2155 2309//2155 
f 2276//2155 2316//2155 1531//2155 
f 2298//2155 2310//2155 2385//2155 
f 2283//2155 2312//2155 2384//2155 
f 1527//2155 2317//2155 2302//2155 
f 1527//2155 2318//2155 2319//2155 
f 1528//2155 2320//2155 2321//2155 
f 2315//2155 2322//2155 1528//2155 
f 1528//2155 1529//2155 2323//2155 
f 1529//2155 2324//2155 2325//2155 
f 2316//2155 2309//2155 1531//2155 
f 2313//2155 2305//2155 2384//2155 
f 2319//2155 2317//2155 1527//2155 
f 2321//2155 1527//2155 1528//2155 
f 2323//2155 2314//2155 1528//2155 
f 1529//2155 2308//2155 2324//2155 
f 2311//2155 2304//2155 2385//2155 
f 2321//2155 2318//2155 1527//2155 
f 2325//2155 2323//2155 1529//2155 
f 2302//2155 1526//2155 1527//2155 
f 1529//2155 1579//2155 2307//2155 
f 2385//2155 1532//2155 1533//2155 
f 2385//2155 1531//2155 1530//2155 
f 2385//2155 1534//2155 1578//2155 
f 1530//2155 1532//2155 2385//2155 
f 1533//2155 1534//2155 2385//2155 
f 1536//2155 2326//2155 2327//2155 
f 1536//2155 2328//2155 2329//2155 
f 1535//2155 2330//2155 2331//2155 
f 1535//2155 2332//2155 2333//2155 
f 2334//2155 2332//2155 1535//2155 
f 2385//2155 2335//2155 2336//2155 
f 2385//2155 2337//2155 2338//2155 
f 2327//2155 2339//2155 1536//2155 
f 2329//2155 2340//2155 1536//2155 
f 1536//2155 2341//2155 2342//2155 
f 1536//2155 2331//2155 2343//2155 
f 2333//2155 2330//2155 1535//2155 
f 1537//2155 2344//2155 2334//2155 
f 2345//2155 2346//2155 1537//2155 
f 2347//2155 2348//2155 1540//2155 
f 2349//2155 2347//2155 1541//2155 
f 2336//2155 2350//2155 2385//2155 
f 2338//2155 2351//2155 2385//2155 
f 2340//2155 2326//2155 1536//2155 
f 2343//2155 2341//2155 1536//2155 
f 1535//2155 1537//2155 2334//2155 
f 1537//2155 1538//2155 2345//2155 
f 2352//2155 2353//2155 1538//2155 
f 1541//2155 1542//2155 2349//2155 
f 1542//2155 2354//2155 2355//2155 
f 1542//2155 2386//2155 2356//2155 
f 2386//2155 2357//2155 2358//2155 
f 2386//2155 2359//2155 2360//2155 
f 2385//2155 2361//2155 2362//2155 
f 2351//2155 2335//2155 2385//2155 
f 2385//2155 2363//2155 2364//2155 
f 1536//2155 2365//2155 2366//2155 
f 2342//2155 2328//2155 1536//2155 
f 2346//2155 2344//2155 1537//2155 
f 1538//2155 1539//2155 2352//2155 
f 2348//2155 2352//2155 1539//2155 
f 1542//2155 2367//2155 2349//2155 
f 1542//2155 2368//2155 2354//2155 
f 2356//2155 2369//2155 1542//2155 
f 2358//2155 2370//2155 2386//2155 
f 2386//2155 2362//2155 2359//2155 
f 2385//2155 2371//2155 2361//2155 
f 2385//2155 2372//2155 2373//2155 
f 2364//2155 2337//2155 2385//2155 
f 2385//2155 2374//2155 2375//2155 
f 2366//2155 2385//2155 1536//2155 
f 2331//2155 1536//2155 1535//2155 
f 1539//2155 1540//2155 2348//2155 
f 2355//2155 2367//2155 1542//2155 
f 2370//2155 2356//2155 2386//2155 
f 2362//2155 2386//2155 2385//2155 
f 2385//2155 2376//2155 2377//2155 
f 2350//2155 2372//2155 2385//2155 
f 2366//2155 2374//2155 2385//2155 
f 2353//2155 2345//2155 1538//2155 
f 2369//2155 2368//2155 1542//2155 
f 2386//2155 2378//2155 2379//2155 
f 2386//2155 2380//2155 2381//2155 
f 2377//2155 2371//2155 2385//2155 
f 2375//2155 2363//2155 2385//2155 
f 1540//2155 1541//2155 2347//2155 
f 2386//2155 2382//2155 2383//2155 
f 2381//2155 2378//2155 2386//2155 
f 2373//2155 2376//2155 2385//2155 
f 2383//2155 2357//2155 2386//2155 
f 2360//2155 2380//2155 2386//2155 
f 2379//2155 2382//2155 2386//2155 
f 2339//2155 2365//2155 1536//2155 
f 1578//2155 1536//2155 2385//2155 
f 2322//2155 2320//2155 1528//2155 
f 1580//2155 1524//2155 2384//2155 
f 2242//2155 2241//2155 2384//2155 
f 1581//2155 1518//2155 2392//2155 
f 1573//2155 1512//2155 2392//2155 
f 2206//2155 2183//2155 2387//2155 
f 1574//2155 1567//2155 2390//2155 
f 1560//2155 2391//2155 1561//2155 
f 1575//2155 1561//2155 2391//2155 
f 1554//2155 2389//2155 1553//2155 
f 1553//2155 2389//2155 2388//2155 
f 2104//2155 2386//2155 1542//2155 
f 2087//2155 2086//2155 2388//2155 
f 2388//2155 2390//2155 2387//2155 
f 2386//2155 2387//2155 2384//2155 
o mesh84
f 2741//2156 2393//2156 2394//2156 
f 2741//2156 2395//2156 2396//2156 
f 2741//2156 2742//2156 2397//2156 
f 2743//2156 2741//2156 2398//2156 
f 2396//2156 2393//2156 2741//2156 
f 2742//2156 2399//2156 2397//2156 
f 2744//2156 2400//2156 2401//2156 
f 2743//2156 2402//2156 2400//2156 
f 2398//2156 2403//2156 2743//2156 
f 2397//2156 2395//2156 2741//2156 
f 2742//2156 2404//2156 2405//2156 
f 2744//2156 2406//2156 2407//2156 
f 2744//2156 2408//2156 2409//2156 
f 2400//2156 2744//2156 2743//2156 
f 2743//2156 2410//2156 2411//2156 
f 2743//2156 2412//2156 2413//2156 
f 2741//2156 2414//2156 2398//2156 
f 2741//2156 2415//2156 2416//2156 
f 2742//2156 2417//2156 2399//2156 
f 2405//2156 2418//2156 2742//2156 
f 2407//2156 2419//2156 2744//2156 
f 2744//2156 2420//2156 2408//2156 
f 2411//2156 2402//2156 2743//2156 
f 2743//2156 2421//2156 2422//2156 
f 2403//2156 2412//2156 2743//2156 
f 2741//2156 2423//2156 2424//2156 
f 2741//2156 2425//2156 2426//2156 
f 2416//2156 2427//2156 2741//2156 
f 2418//2156 2417//2156 2742//2156 
f 2409//2156 2406//2156 2744//2156 
f 2422//2156 2410//2156 2743//2156 
f 2424//2156 2414//2156 2741//2156 
f 2741//2156 2428//2156 2425//2156 
f 2394//2156 2415//2156 2741//2156 
f 2742//2156 2429//2156 2430//2156 
f 2401//2156 2420//2156 2744//2156 
f 2743//2156 2431//2156 2432//2156 
f 2741//2156 2433//2156 2423//2156 
f 2427//2156 2428//2156 2741//2156 
f 2742//2156 2434//2156 2435//2156 
f 2430//2156 2436//2156 2742//2156 
f 2744//2156 2437//2156 2438//2156 
f 2743//2156 2439//2156 2421//2156 
f 2743//2156 2440//2156 2441//2156 
f 2432//2156 2442//2156 2743//2156 
f 2413//2156 2443//2156 2743//2156 
f 2435//2156 2404//2156 2742//2156 
f 2436//2156 2444//2156 2742//2156 
f 2438//2156 2445//2156 2744//2156 
f 2441//2156 2439//2156 2743//2156 
f 2443//2156 2431//2156 2743//2156 
f 2444//2156 2434//2156 2742//2156 
f 2742//2156 2446//2156 2447//2156 
f 2742//2156 2744//2156 2448//2156 
f 2744//2156 2449//2156 2450//2156 
f 2419//2156 2437//2156 2744//2156 
f 2426//2156 2433//2156 2741//2156 
f 2448//2156 2446//2156 2742//2156 
f 2445//2156 2449//2156 2744//2156 
f 2447//2156 2429//2156 2742//2156 
f 2442//2156 2440//2156 2743//2156 
f 2745//2156 2741//2156 2743//2156 
f 2746//2156 2745//2156 2747//2156 
f 1997//2156 2748//2156 2451//2156 
f 2451//2156 2452//2156 1997//2156 
f 2748//2156 2453//2156 2454//2156 
f 2748//2156 2455//2156 2456//2156 
f 1997//2156 2457//2156 2458//2156 
f 2748//2156 2459//2156 2451//2156 
f 2748//2156 2460//2156 2453//2156 
f 2748//2156 2461//2156 2455//2156 
f 1997//2156 2462//2156 2463//2156 
f 2452//2156 2457//2156 1997//2156 
f 2748//2156 2464//2156 2465//2156 
f 2748//2156 2466//2156 2467//2156 
f 2456//2156 2460//2156 2748//2156 
f 1997//2156 2468//2156 2462//2156 
f 2465//2156 2459//2156 2748//2156 
f 2454//2156 2466//2156 2748//2156 
f 2748//2156 2469//2156 2470//2156 
f 2458//2156 2468//2156 1997//2156 
f 2470//2156 2461//2156 2748//2156 
f 2748//2156 2747//2156 2471//2156 
f 2747//2156 2472//2156 2473//2156 
f 2474//2156 1994//2156 1995//2156 
f 2475//2156 1995//2156 1996//2156 
f 2467//2156 2464//2156 2748//2156 
f 2748//2156 2476//2156 2477//2156 
f 2471//2156 2478//2156 2748//2156 
f 2473//2156 2479//2156 2747//2156 
f 1995//2156 2480//2156 2481//2156 
f 1996//2156 2482//2156 2475//2156 
f 1996//2156 2483//2156 2484//2156 
f 1996//2156 1997//2156 2485//2156 
f 1997//2156 2486//2156 2487//2156 
f 1997//2156 2488//2156 2489//2156 
f 2477//2156 2469//2156 2748//2156 
f 2479//2156 2471//2156 2747//2156 
f 2490//2156 1990//2156 1991//2156 
f 2491//2156 1991//2156 1992//2156 
f 2492//2156 1993//2156 1994//2156 
f 2475//2156 2480//2156 1995//2156 
f 2485//2156 2483//2156 1996//2156 
f 2489//2156 2486//2156 1997//2156 
f 2478//2156 2476//2156 2748//2156 
f 1990//2156 2493//2156 2494//2156 
f 1992//2156 2495//2156 2491//2156 
f 2495//2156 1992//2156 1993//2156 
f 1994//2156 2474//2156 2496//2156 
f 2484//2156 2482//2156 1996//2156 
f 2463//2156 2488//2156 1997//2156 
f 1990//2156 2497//2156 2498//2156 
f 2494//2156 2499//2156 1990//2156 
f 1991//2156 2491//2156 2490//2156 
f 1994//2156 2496//2156 2492//2156 
f 2487//2156 2485//2156 1997//2156 
f 2747//2156 2500//2156 2501//2156 
f 2747//2156 2502//2156 2503//2156 
f 1990//2156 2504//2156 2497//2156 
f 2490//2156 2493//2156 1990//2156 
f 1995//2156 2481//2156 2474//2156 
f 2503//2156 2500//2156 2747//2156 
f 2747//2156 2505//2156 2506//2156 
f 2499//2156 2504//2156 1990//2156 
f 2501//2156 2472//2156 2747//2156 
f 2747//2156 2507//2156 2508//2156 
f 2747//2156 2498//2156 2505//2156 
f 1993//2156 2492//2156 2495//2156 
f 2506//2156 2507//2156 2747//2156 
f 2508//2156 2502//2156 2747//2156 
f 2748//2156 1999//2156 2000//2156 
f 2748//2156 1997//2156 1998//2156 
f 2748//2156 2001//2156 2002//2156 
f 1998//2156 1999//2156 2748//2156 
f 2000//2156 2001//2156 2748//2156 
f 2746//2156 2509//2156 2510//2156 
f 2011//2156 2511//2156 2512//2156 
f 2510//2156 2011//2156 2746//2156 
f 2510//2156 2511//2156 2011//2156 
f 2746//2156 2513//2156 2514//2156 
f 2006//2156 2007//2156 2515//2156 
f 2516//2156 2517//2156 2009//2156 
f 2514//2156 2509//2156 2746//2156 
f 2746//2156 2518//2156 2519//2156 
f 2748//2156 2520//2156 2521//2156 
f 2748//2156 2003//2156 2522//2156 
f 2515//2156 2523//2156 2006//2156 
f 2517//2156 2524//2156 2008//2156 
f 2011//2156 2525//2156 2516//2156 
f 2746//2156 2526//2156 2513//2156 
f 2519//2156 2527//2156 2746//2156 
f 2746//2156 2528//2156 2529//2156 
f 2748//2156 2530//2156 2531//2156 
f 2748//2156 2532//2156 2533//2156 
f 2748//2156 2534//2156 2520//2156 
f 2003//2156 2535//2156 2522//2156 
f 2006//2156 2536//2156 2537//2156 
f 2007//2156 2538//2156 2515//2156 
f 2008//2156 2539//2156 2540//2156 
f 2009//2156 2011//2156 2516//2156 
f 2527//2156 2526//2156 2746//2156 
f 2529//2156 2541//2156 2746//2156 
f 2531//2156 2542//2156 2748//2156 
f 2748//2156 2543//2156 2532//2156 
f 2522//2156 2534//2156 2748//2156 
f 2003//2156 2544//2156 2545//2156 
f 2523//2156 2536//2156 2006//2156 
f 2007//2156 2546//2156 2547//2156 
f 2008//2156 2524//2156 2539//2156 
f 2512//2156 2525//2156 2011//2156 
f 2541//2156 2548//2156 2746//2156 
f 2746//2156 2748//2156 2549//2156 
f 2533//2156 2530//2156 2748//2156 
f 2545//2156 2535//2156 2003//2156 
f 2547//2156 2538//2156 2007//2156 
f 2007//2156 2008//2156 2550//2156 
f 2008//2156 2009//2156 2517//2156 
f 2746//2156 2551//2156 2552//2156 
f 2548//2156 2553//2156 2746//2156 
f 2549//2156 2554//2156 2746//2156 
f 2748//2156 2555//2156 2556//2156 
f 2521//2156 2543//2156 2748//2156 
f 2557//2156 2003//2156 2004//2156 
f 2558//2156 2004//2156 2005//2156 
f 2006//2156 2559//2156 2560//2156 
f 2550//2156 2546//2156 2007//2156 
f 2552//2156 2518//2156 2746//2156 
f 2554//2156 2528//2156 2746//2156 
f 2556//2156 2561//2156 2748//2156 
f 2748//2156 2562//2156 2563//2156 
f 2003//2156 2557//2156 2544//2156 
f 2005//2156 2564//2156 2558//2156 
f 2005//2156 2560//2156 2565//2156 
f 2537//2156 2559//2156 2006//2156 
f 2553//2156 2551//2156 2746//2156 
f 2563//2156 2555//2156 2748//2156 
f 2004//2156 2558//2156 2557//2156 
f 2565//2156 2566//2156 2005//2156 
f 2540//2156 2550//2156 2008//2156 
f 2542//2156 2562//2156 2748//2156 
f 2560//2156 2005//2156 2006//2156 
f 2566//2156 2564//2156 2005//2156 
f 2746//2156 2012//2156 2013//2156 
f 2746//2156 2010//2156 2012//2156 
f 2746//2156 2014//2156 2015//2156 
f 2746//2156 2011//2156 2010//2156 
f 2013//2156 2014//2156 2746//2156 
f 2745//2156 2567//2156 2568//2156 
f 2745//2156 2569//2156 2570//2156 
f 2746//2156 2571//2156 2572//2156 
f 2570//2156 2567//2156 2745//2156 
f 2746//2156 2573//2156 2571//2156 
f 2017//2156 2574//2156 2575//2156 
f 2745//2156 2576//2156 2577//2156 
f 2745//2156 2578//2156 2569//2156 
f 2572//2156 2579//2156 2746//2156 
f 2746//2156 2580//2156 2581//2156 
f 2575//2156 2746//2156 2017//2156 
f 2568//2156 2576//2156 2745//2156 
f 2746//2156 2582//2156 2578//2156 
f 2746//2156 2583//2156 2573//2156 
f 2746//2156 2584//2156 2580//2156 
f 2746//2156 2585//2156 2586//2156 
f 2017//2156 2587//2156 2574//2156 
f 2745//2156 2588//2156 2589//2156 
f 2577//2156 2590//2156 2745//2156 
f 2746//2156 2591//2156 2582//2156 
f 2746//2156 2592//2156 2593//2156 
f 2581//2156 2583//2156 2746//2156 
f 2575//2156 2585//2156 2746//2156 
f 2017//2156 2594//2156 2595//2156 
f 2017//2156 2596//2156 2597//2156 
f 2589//2156 2598//2156 2745//2156 
f 2578//2156 2745//2156 2746//2156 
f 2579//2156 2592//2156 2746//2156 
f 2595//2156 2587//2156 2017//2156 
f 2017//2156 2599//2156 2600//2156 
f 2017//2156 2601//2156 2596//2156 
f 2590//2156 2588//2156 2745//2156 
f 2746//2156 2602//2156 2603//2156 
f 2586//2156 2584//2156 2746//2156 
f 2597//2156 2599//2156 2017//2156 
f 2016//2156 2604//2156 2605//2156 
f 2016//2156 2606//2156 2607//2156 
f 2608//2156 2606//2156 2016//2156 
f 2018//2156 2749//2156 2609//2156 
f 2749//2156 2745//2156 2610//2156 
f 2603//2156 2591//2156 2746//2156 
f 2600//2156 2594//2156 2017//2156 
f 2607//2156 2604//2156 2016//2156 
f 2018//2156 2611//2156 2608//2156 
f 2609//2156 2612//2156 2018//2156 
f 2749//2156 2613//2156 2614//2156 
f 2749//2156 2615//2156 2616//2156 
f 2610//2156 2617//2156 2749//2156 
f 2593//2156 2602//2156 2746//2156 
f 2017//2156 2605//2156 2618//2156 
f 2016//2156 2018//2156 2608//2156 
f 2018//2156 2619//2156 2620//2156 
f 2749//2156 2621//2156 2609//2156 
f 2749//2156 2622//2156 2623//2156 
f 2749//2156 2624//2156 2613//2156 
f 2617//2156 2615//2156 2749//2156 
f 2618//2156 2601//2156 2017//2156 
f 2620//2156 2611//2156 2018//2156 
f 2623//2156 2621//2156 2749//2156 
f 2616//2156 2624//2156 2749//2156 
f 2605//2156 2017//2156 2016//2156 
f 2614//2156 2622//2156 2749//2156 
f 2612//2156 2619//2156 2018//2156 
f 2749//2156 2022//2156 2023//2156 
f 2749//2156 2019//2156 2020//2156 
f 2749//2156 2021//2156 2022//2156 
f 2749//2156 2018//2156 2019//2156 
f 2020//2156 2021//2156 2749//2156 
f 2749//2156 1958//2156 1959//2156 
f 2749//2156 1954//2156 1956//2156 
f 2749//2156 1957//2156 1958//2156 
f 2749//2156 1955//2156 1954//2156 
f 1956//2156 1957//2156 2749//2156 
f 2741//2156 2745//2156 2625//2156 
f 2741//2156 2626//2156 2627//2156 
f 2625//2156 2628//2156 2741//2156 
f 2745//2156 2629//2156 2630//2156 
f 2749//2156 2631//2156 2632//2156 
f 2741//2156 2633//2156 2626//2156 
f 2745//2156 2634//2156 2625//2156 
f 2745//2156 2635//2156 2629//2156 
f 2632//2156 2745//2156 2749//2156 
f 1961//2156 2636//2156 2637//2156 
f 2638//2156 1961//2156 1960//2156 
f 2741//2156 2639//2156 2640//2156 
f 2741//2156 2641//2156 2642//2156 
f 2627//2156 2643//2156 2741//2156 
f 2741//2156 2644//2156 2645//2156 
f 2630//2156 2634//2156 2745//2156 
f 2745//2156 2646//2156 2647//2156 
f 2749//2156 2648//2156 2631//2156 
f 1961//2156 2649//2156 2650//2156 
f 2637//2156 2651//2156 1961//2156 
f 1960//2156 2652//2156 2638//2156 
f 2640//2156 2653//2156 2741//2156 
f 2643//2156 2641//2156 2741//2156 
f 2741//2156 2654//2156 2655//2156 
f 2628//2156 2644//2156 2741//2156 
f 2632//2156 2646//2156 2745//2156 
f 2749//2156 2656//2156 2657//2156 
f 2650//2156 2749//2156 1961//2156 
f 2638//2156 2636//2156 1961//2156 
f 1960//2156 2658//2156 2659//2156 
f 1960//2156 1962//2156 2660//2156 
f 2642//2156 2639//2156 2741//2156 
f 2645//2156 2654//2156 2741//2156 
f 2745//2156 2661//2156 2662//2156 
f 2657//2156 2648//2156 2749//2156 
f 2650//2156 2663//2156 2749//2156 
f 2659//2156 2652//2156 1960//2156 
f 1962//2156 2664//2156 2660//2156 
f 2655//2156 2633//2156 2741//2156 
f 2662//2156 2665//2156 2745//2156 
f 2647//2156 2666//2156 2745//2156 
f 2749//2156 2667//2156 2668//2156 
f 2651//2156 2649//2156 1961//2156 
f 1962//2156 2669//2156 2664//2156 
f 2741//2156 2670//2156 2671//2156 
f 2665//2156 2635//2156 2745//2156 
f 2749//2156 2672//2156 2656//2156 
f 2668//2156 2673//2156 2749//2156 
f 2660//2156 2658//2156 1960//2156 
f 1962//2156 2674//2156 2675//2156 
f 1962//2156 2676//2156 2677//2156 
f 1962//2156 2678//2156 2679//2156 
f 2653//2156 2670//2156 2741//2156 
f 2673//2156 2672//2156 2749//2156 
f 2675//2156 2669//2156 1962//2156 
f 2679//2156 2676//2156 1962//2156 
f 2666//2156 2661//2156 2745//2156 
f 2677//2156 2674//2156 1962//2156 
f 1962//2156 2680//2156 2681//2156 
f 1962//2156 2741//2156 2682//2156 
f 2663//2156 2667//2156 2749//2156 
f 2682//2156 2680//2156 1962//2156 
f 2681//2156 2678//2156 1962//2156 
f 2741//2156 1967//2156 1968//2156 
f 2741//2156 1966//2156 1967//2156 
f 2741//2156 1964//2156 1965//2156 
f 1965//2156 1966//2156 2741//2156 
f 2741//2156 1962//2156 1963//2156 
f 1963//2156 1964//2156 2741//2156 
f 1974//2156 1971//2156 1972//2156 
f 2742//2156 1969//2156 1971//2156 
f 2744//2156 2742//2156 1974//2156 
f 1971//2156 1974//2156 2742//2156 
f 1974//2156 1975//2156 2744//2156 
f 2742//2156 1970//2156 1969//2156 
f 1972//2156 1973//2156 1974//2156 
f 2743//2156 1981//2156 1982//2156 
f 2743//2156 1979//2156 1980//2156 
f 2743//2156 2744//2156 1976//2156 
f 1980//2156 1981//2156 2743//2156 
f 1976//2156 1978//2156 2743//2156 
f 1978//2156 1979//2156 2743//2156 
f 1990//2156 2747//2156 2683//2156 
f 2747//2156 2684//2156 2683//2156 
f 2743//2156 2685//2156 2686//2156 
f 1990//2156 2687//2156 2688//2156 
f 2747//2156 2689//2156 2684//2156 
f 2747//2156 2690//2156 2691//2156 
f 2743//2156 2692//2156 2685//2156 
f 2683//2156 2687//2156 1990//2156 
f 2747//2156 2693//2156 2694//2156 
f 2691//2156 2695//2156 2747//2156 
f 2686//2156 2747//2156 2743//2156 
f 2694//2156 2689//2156 2747//2156 
f 2686//2156 2690//2156 2747//2156 
f 2743//2156 2696//2156 2697//2156 
f 2688//2156 2698//2156 1990//2156 
f 2747//2156 2699//2156 2700//2156 
f 2697//2156 2692//2156 2743//2156 
f 2743//2156 2701//2156 2702//2156 
f 2743//2156 2703//2156 2704//2156 
f 2705//2156 2706//2156 1985//2156 
f 2747//2156 2707//2156 2693//2156 
f 2700//2156 2708//2156 2747//2156 
f 2702//2156 2696//2156 2743//2156 
f 2704//2156 2709//2156 2743//2156 
f 2710//2156 2711//2156 1983//2156 
f 1985//2156 1986//2156 2705//2156 
f 2712//2156 2713//2156 1986//2156 
f 2714//2156 2712//2156 1987//2156 
f 2708//2156 2707//2156 2747//2156 
f 2709//2156 2701//2156 2743//2156 
f 1984//2156 2715//2156 2716//2156 
f 1983//2156 2717//2156 2718//2156 
f 1985//2156 2719//2156 2710//2156 
f 1986//2156 2713//2156 2705//2156 
f 1987//2156 1988//2156 2714//2156 
f 2720//2156 2714//2156 1988//2156 
f 2721//2156 2720//2156 1989//2156 
f 1990//2156 2722//2156 2723//2156 
f 2695//2156 2699//2156 2747//2156 
f 2743//2156 2724//2156 2725//2156 
f 2743//2156 2726//2156 2727//2156 
f 2743//2156 2728//2156 2729//2156 
f 1984//2156 2730//2156 2731//2156 
f 1984//2156 2732//2156 2715//2156 
f 2718//2156 1984//2156 1983//2156 
f 1983//2156 2711//2156 2733//2156 
f 2706//2156 2719//2156 1985//2156 
f 1988//2156 1989//2156 2720//2156 
f 2723//2156 2721//2156 1990//2156 
f 2725//2156 2703//2156 2743//2156 
f 2729//2156 2726//2156 2743//2156 
f 2731//2156 2734//2156 1984//2156 
f 2718//2156 2732//2156 1984//2156 
f 1983//2156 1985//2156 2710//2156 
f 1989//2156 1990//2156 2721//2156 
f 2727//2156 2724//2156 2743//2156 
f 1984//2156 2735//2156 2736//2156 
f 1984//2156 2737//2156 2730//2156 
f 2733//2156 2717//2156 1983//2156 
f 2698//2156 2722//2156 1990//2156 
f 2734//2156 2735//2156 1984//2156 
f 1986//2156 1987//2156 2712//2156 
f 2743//2156 2738//2156 2739//2156 
f 1984//2156 2740//2156 2738//2156 
f 2716//2156 2737//2156 1984//2156 
f 2738//2156 2743//2156 1984//2156 
f 2739//2156 2728//2156 2743//2156 
f 2736//2156 2740//2156 1984//2156 
f 1982//2156 1984//2156 2743//2156 
f 1976//2156 2744//2156 1977//2156 
f 1975//2156 1977//2156 2744//2156 
f 1970//2156 2742//2156 1968//2156 
f 1968//2156 2742//2156 2741//2156 
f 2671//2156 2682//2156 2741//2156 
f 1959//2156 1961//2156 2749//2156 
f 2023//2156 1955//2156 2749//2156 
f 2598//2156 2610//2156 2745//2156 
f 2015//2156 2017//2156 2746//2156 
f 2561//2156 2549//2156 2748//2156 
f 2002//2156 2003//2156 2748//2156 
f 2498//2156 2747//2156 1990//2156 
f 2747//2156 2748//2156 2746//2156 
f 2743//2156 2747//2156 2745//2156 
f 2450//2156 2448//2156 2744//2156 
o mesh85
f 2269//2157 2268//2158 2509//2158 
f 2273//2159 2269//2157 2514//2160 
f 2292//2161 2273//2159 2513//2162 
f 2282//2163 2292//2161 2526//2164 
f 2283//2165 2282//2163 2527//2166 
f 2312//2167 2283//2165 2519//2168 
f 2313//2169 2312//2167 2518//2170 
f 2305//2171 2313//2169 2552//2172 
f 2300//2173 2305//2171 2551//2174 
f 2291//2175 2300//2173 2553//2176 
f 2280//2177 2291//2175 2548//2178 
f 2281//2179 2280//2177 2541//2180 
f 2290//2181 2281//2179 2529//2182 
f 2279//2183 2290//2181 2528//2184 
f 2299//2185 2279//2183 2554//2186 
f 2297//2187 2299//2185 2549//2188 
f 2298//2189 2297//2187 2561//2190 
f 2310//2191 2298//2189 2556//2192 
f 2311//2193 2310//2191 2555//2194 
f 2304//2195 2311//2193 2563//2196 
f 2295//2197 2304//2195 2562//2198 
f 2296//2199 2295//2197 2542//2200 
f 2288//2201 2296//2199 2531//2202 
f 2289//2203 2288//2201 2530//2204 
f 2294//2205 2289//2203 2533//2206 
f 2287//2207 2294//2205 2532//2208 
f 2277//2209 2287//2207 2543//2210 
f 2278//2211 2277//2209 2521//2212 
f 2271//2213 2278//2211 2520//2214 
f 2272//2215 2271//2213 2534//2216 
f 2275//2217 2272//2215 2522//2218 
f 2276//2219 2275//2217 2535//2220 
f 2316//2221 2276//2219 2545//2222 
f 2309//2223 2316//2221 2544//2224 
f 2307//2225 2309//2223 2557//2226 
f 2308//2227 2307//2225 2558//2228 
f 2324//2229 2308//2227 2564//2230 
f 2325//2231 2324//2229 2566//2232 
f 2323//2233 2325//2231 2565//2234 
f 2314//2235 2323//2233 2560//2236 
f 2315//2237 2314//2235 2559//2238 
f 2322//2239 2315//2237 2537//2240 
f 2320//2241 2322//2239 2536//2242 
f 2321//2243 2320//2241 2523//2244 
f 2318//2245 2321//2243 2515//2246 
f 2319//2247 2318//2245 2538//2248 
f 2317//2249 2319//2247 2547//2250 
f 2302//2251 2317//2249 2546//2252 
f 2303//2253 2302//2251 2550//2254 
f 2306//2255 2303//2253 2540//2256 
f 2301//2257 2306//2255 2539//2258 
f 2293//2259 2301//2257 2524//2260 
f 2286//2261 2293//2259 2517//2262 
f 2284//2263 2286//2261 2516//2264 
f 2285//2265 2284//2263 2525//2266 
f 2274//2267 2285//2265 2512//2268 
f 2270//2269 2274//2267 2511//2270 
f 2268//2158 2270//2269 2510//2269 
f 2510//2269 2509//2158 2268//2158 
f 2511//2270 2510//2269 2270//2269 
f 2512//2268 2511//2270 2274//2267 
f 2525//2266 2512//2268 2285//2265 
f 2516//2264 2525//2266 2284//2263 
f 2517//2262 2516//2264 2286//2261 
f 2524//2260 2517//2262 2293//2259 
f 2539//2258 2524//2260 2301//2257 
f 2540//2256 2539//2258 2306//2255 
f 2550//2254 2540//2256 2303//2253 
f 2546//2252 2550//2254 2302//2251 
f 2547//2250 2546//2252 2317//2249 
f 2538//2248 2547//2250 2319//2247 
f 2515//2246 2538//2248 2318//2245 
f 2523//2244 2515//2246 2321//2243 
f 2536//2242 2523//2244 2320//2241 
f 2537//2240 2536//2242 2322//2239 
f 2559//2238 2537//2240 2315//2237 
f 2560//2236 2559//2238 2314//2235 
f 2565//2234 2560//2236 2323//2233 
f 2566//2232 2565//2234 2325//2231 
f 2564//2230 2566//2232 2324//2229 
f 2558//2228 2564//2230 2308//2227 
f 2557//2226 2558//2228 2307//2225 
f 2544//2224 2557//2226 2309//2223 
f 2545//2222 2544//2224 2316//2221 
f 2535//2220 2545//2222 2276//2219 
f 2522//2218 2535//2220 2275//2217 
f 2534//2216 2522//2218 2272//2215 
f 2520//2214 2534//2216 2271//2213 
f 2521//2212 2520//2214 2278//2211 
f 2543//2210 2521//2212 2277//2209 
f 2532//2208 2543//2210 2287//2207 
f 2533//2206 2532//2208 2294//2205 
f 2530//2204 2533//2206 2289//2203 
f 2531//2202 2530//2204 2288//2201 
f 2542//2200 2531//2202 2296//2199 
f 2562//2198 2542//2200 2295//2197 
f 2563//2196 2562//2198 2304//2195 
f 2555//2194 2563//2196 2311//2193 
f 2556//2192 2555//2194 2310//2191 
f 2561//2190 2556//2192 2298//2189 
f 2549//2188 2561//2190 2297//2187 
f 2554//2186 2549//2188 2299//2185 
f 2528//2184 2554//2186 2279//2183 
f 2529//2182 2528//2184 2290//2181 
f 2541//2180 2529//2182 2281//2179 
f 2548//2178 2541//2180 2280//2177 
f 2553//2176 2548//2178 2291//2175 
f 2551//2174 2553//2176 2300//2173 
f 2552//2172 2551//2174 2305//2171 
f 2518//2170 2552//2172 2313//2169 
f 2519//2168 2518//2170 2312//2167 
f 2527//2166 2519//2168 2283//2165 
f 2526//2164 2527//2166 2282//2163 
f 2513//2162 2526//2164 2292//2161 
f 2514//2160 2513//2162 2273//2159 
f 2509//2158 2514//2160 2269//2157 
o mesh86
f 2371//2271 2377//2272 2477//2272 
f 2361//2273 2371//2271 2476//2274 
f 2362//2275 2361//2273 2478//2276 
f 2359//2277 2362//2275 2471//2278 
f 2360//2279 2359//2277 2479//2280 
f 2380//2281 2360//2279 2473//2282 
f 2381//2283 2380//2281 2472//2284 
f 2378//2285 2381//2283 2501//2286 
f 2379//2287 2378//2285 2500//2288 
f 2382//2289 2379//2287 2503//2290 
f 2383//2291 2382//2289 2502//2292 
f 2357//2293 2383//2291 2508//2294 
f 2358//2295 2357//2293 2507//2296 
f 2370//2297 2358//2295 2506//2298 
f 2356//2299 2370//2297 2505//2300 
f 2369//2301 2356//2299 2498//2302 
f 2368//2303 2369//2301 2497//2304 
f 2354//2305 2368//2303 2504//2306 
f 2355//2307 2354//2305 2499//2308 
f 2367//2309 2355//2307 2494//2310 
f 2349//2311 2367//2309 2493//2312 
f 2347//2313 2349//2311 2490//2314 
f 2348//2315 2347//2313 2491//2316 
f 2352//2317 2348//2315 2495//2318 
f 2353//2319 2352//2317 2492//2320 
f 2345//2321 2353//2319 2496//2322 
f 2346//2323 2345//2321 2474//2324 
f 2344//2325 2346//2323 2481//2326 
f 2334//2327 2344//2325 2480//2328 
f 2332//2329 2334//2327 2475//2330 
f 2333//2331 2332//2329 2482//2332 
f 2330//2333 2333//2331 2484//2334 
f 2331//2335 2330//2333 2483//2336 
f 2343//2337 2331//2335 2485//2338 
f 2341//2339 2343//2337 2487//2340 
f 2342//2341 2341//2339 2486//2342 
f 2328//2343 2342//2341 2489//2344 
f 2329//2345 2328//2343 2488//2346 
f 2340//2347 2329//2345 2463//2348 
f 2326//2349 2340//2347 2462//2350 
f 2327//2351 2326//2349 2468//2352 
f 2339//2353 2327//2351 2458//2354 
f 2365//2355 2339//2353 2457//2356 
f 2366//2357 2365//2355 2452//2358 
f 2374//2359 2366//2357 2451//2360 
f 2375//2361 2374//2359 2459//2362 
f 2363//2363 2375//2361 2465//2364 
f 2364//2365 2363//2363 2464//2366 
f 2337//2367 2364//2365 2467//2368 
f 2338//2369 2337//2367 2466//2370 
f 2351//2371 2338//2369 2454//2372 
f 2335//2373 2351//2371 2453//2374 
f 2336//2375 2335//2373 2460//2376 
f 2350//2377 2336//2375 2456//2378 
f 2372//2379 2350//2377 2455//2380 
f 2373//2381 2372//2379 2461//2382 
f 2376//2383 2373//2381 2470//2384 
f 2377//2272 2376//2383 2469//2383 
f 2469//2383 2477//2272 2377//2272 
f 2470//2384 2469//2383 2376//2383 
f 2461//2382 2470//2384 2373//2381 
f 2455//2380 2461//2382 2372//2379 
f 2456//2378 2455//2380 2350//2377 
f 2460//2376 2456//2378 2336//2375 
f 2453//2374 2460//2376 2335//2373 
f 2454//2372 2453//2374 2351//2371 
f 2466//2370 2454//2372 2338//2369 
f 2467//2368 2466//2370 2337//2367 
f 2464//2366 2467//2368 2364//2365 
f 2465//2364 2464//2366 2363//2363 
f 2459//2362 2465//2364 2375//2361 
f 2451//2360 2459//2362 2374//2359 
f 2452//2358 2451//2360 2366//2357 
f 2457//2356 2452//2358 2365//2355 
f 2458//2354 2457//2356 2339//2353 
f 2468//2352 2458//2354 2327//2351 
f 2462//2350 2468//2352 2326//2349 
f 2463//2348 2462//2350 2340//2347 
f 2488//2346 2463//2348 2329//2345 
f 2489//2344 2488//2346 2328//2343 
f 2486//2342 2489//2344 2342//2341 
f 2487//2340 2486//2342 2341//2339 
f 2485//2338 2487//2340 2343//2337 
f 2483//2336 2485//2338 2331//2335 
f 2484//2334 2483//2336 2330//2333 
f 2482//2332 2484//2334 2333//2331 
f 2475//2330 2482//2332 2332//2329 
f 2480//2328 2475//2330 2334//2327 
f 2481//2326 2480//2328 2344//2325 
f 2474//2324 2481//2326 2346//2323 
f 2496//2322 2474//2324 2345//2321 
f 2492//2320 2496//2322 2353//2319 
f 2495//2318 2492//2320 2352//2317 
f 2491//2316 2495//2318 2348//2315 
f 2490//2314 2491//2316 2347//2313 
f 2493//2312 2490//2314 2349//2311 
f 2494//2310 2493//2312 2367//2309 
f 2499//2308 2494//2310 2355//2307 
f 2504//2306 2499//2308 2354//2305 
f 2497//2304 2504//2306 2368//2303 
f 2498//2302 2497//2304 2369//2301 
f 2505//2300 2498//2302 2356//2299 
f 2506//2298 2505//2300 2370//2297 
f 2507//2296 2506//2298 2358//2295 
f 2508//2294 2507//2296 2357//2293 
f 2502//2292 2508//2294 2383//2291 
f 2503//2290 2502//2292 2382//2289 
f 2500//2288 2503//2290 2379//2287 
f 2501//2286 2500//2288 2378//2285 
f 2472//2284 2501//2286 2381//2283 
f 2473//2282 2472//2284 2380//2281 
f 2479//2280 2473//2282 2360//2279 
f 2471//2278 2479//2280 2359//2277 
f 2478//2276 2471//2278 2362//2275 
f 2476//2274 2478//2276 2361//2273 
f 2477//2272 2476//2274 2371//2271 
o mesh87
f 2119//2385 2115//2386 2697//2386 
f 2120//2387 2119//2385 2696//2388 
f 2135//2389 2120//2387 2702//2390 
f 2117//2391 2135//2389 2701//2392 
f 2118//2393 2117//2391 2709//2394 
f 2143//2395 2118//2393 2704//2396 
f 2144//2397 2143//2395 2703//2398 
f 2150//2399 2144//2397 2725//2400 
f 2151//2401 2150//2399 2724//2402 
f 2148//2403 2151//2401 2727//2404 
f 2149//2405 2148//2403 2726//2406 
f 2133//2407 2149//2405 2729//2408 
f 2134//2409 2133//2407 2728//2410 
f 2132//2411 2134//2409 2739//2412 
f 2141//2413 2132//2411 2738//2414 
f 2142//2415 2141//2413 2740//2416 
f 2140//2417 2142//2415 2736//2418 
f 2130//2419 2140//2417 2735//2420 
f 2131//2421 2130//2419 2734//2422 
f 2147//2423 2131//2421 2731//2424 
f 2128//2425 2147//2423 2730//2426 
f 2129//2427 2128//2425 2737//2428 
f 2139//2429 2129//2427 2716//2430 
f 2138//2431 2139//2429 2715//2432 
f 2127//2433 2138//2431 2732//2434 
f 2125//2435 2127//2433 2718//2436 
f 2126//2437 2125//2435 2717//2438 
f 2116//2439 2126//2437 2733//2440 
f 2113//2441 2116//2439 2711//2442 
f 2111//2443 2113//2441 2710//2444 
f 2112//2445 2111//2443 2719//2446 
f 2100//2447 2112//2445 2706//2448 
f 2110//2449 2100//2447 2705//2450 
f 2099//2451 2110//2449 2713//2452 
f 2098//2453 2099//2451 2712//2454 
f 2109//2455 2098//2453 2714//2456 
f 2107//2457 2109//2455 2720//2458 
f 2108//2459 2107//2457 2721//2460 
f 2124//2461 2108//2459 2723//2462 
f 2105//2463 2124//2461 2722//2464 
f 2106//2465 2105//2463 2698//2466 
f 2103//2467 2106//2465 2688//2468 
f 2104//2469 2103//2467 2687//2470 
f 2123//2471 2104//2469 2683//2472 
f 2121//2473 2123//2471 2684//2474 
f 2122//2475 2121//2473 2689//2476 
f 2146//2477 2122//2475 2694//2478 
f 2145//2479 2146//2477 2693//2480 
f 2136//2481 2145//2479 2707//2482 
f 2137//2483 2136//2481 2708//2484 
f 2102//2485 2137//2483 2700//2486 
f 2096//2487 2102//2485 2699//2488 
f 2097//2489 2096//2487 2695//2490 
f 2101//2491 2097//2489 2691//2492 
f 2094//2493 2101//2491 2690//2494 
f 2095//2495 2094//2493 2686//2496 
f 2114//2497 2095//2495 2685//2498 
f 2115//2386 2114//2497 2692//2497 
f 2692//2497 2697//2386 2115//2386 
f 2685//2498 2692//2497 2114//2497 
f 2686//2496 2685//2498 2095//2495 
f 2690//2494 2686//2496 2094//2493 
f 2691//2492 2690//2494 2101//2491 
f 2695//2490 2691//2492 2097//2489 
f 2699//2488 2695//2490 2096//2487 
f 2700//2486 2699//2488 2102//2485 
f 2708//2484 2700//2486 2137//2483 
f 2707//2482 2708//2484 2136//2481 
f 2693//2480 2707//2482 2145//2479 
f 2694//2478 2693//2480 2146//2477 
f 2689//2476 2694//2478 2122//2475 
f 2684//2474 2689//2476 2121//2473 
f 2683//2472 2684//2474 2123//2471 
f 2687//2470 2683//2472 2104//2469 
f 2688//2468 2687//2470 2103//2467 
f 2698//2466 2688//2468 2106//2465 
f 2722//2464 2698//2466 2105//2463 
f 2723//2462 2722//2464 2124//2461 
f 2721//2460 2723//2462 2108//2459 
f 2720//2458 2721//2460 2107//2457 
f 2714//2456 2720//2458 2109//2455 
f 2712//2454 2714//2456 2098//2453 
f 2713//2452 2712//2454 2099//2451 
f 2705//2450 2713//2452 2110//2449 
f 2706//2448 2705//2450 2100//2447 
f 2719//2446 2706//2448 2112//2445 
f 2710//2444 2719//2446 2111//2443 
f 2711//2442 2710//2444 2113//2441 
f 2733//2440 2711//2442 2116//2439 
f 2717//2438 2733//2440 2126//2437 
f 2718//2436 2717//2438 2125//2435 
f 2732//2434 2718//2436 2127//2433 
f 2715//2432 2732//2434 2138//2431 
f 2716//2430 2715//2432 2139//2429 
f 2737//2428 2716//2430 2129//2427 
f 2730//2426 2737//2428 2128//2425 
f 2731//2424 2730//2426 2147//2423 
f 2734//2422 2731//2424 2131//2421 
f 2735//2420 2734//2422 2130//2419 
f 2736//2418 2735//2420 2140//2417 
f 2740//2416 2736//2418 2142//2415 
f 2738//2414 2740//2416 2141//2413 
f 2739//2412 2738//2414 2132//2411 
f 2728//2410 2739//2412 2134//2409 
f 2729//2408 2728//2410 2133//2407 
f 2726//2406 2729//2408 2149//2405 
f 2727//2404 2726//2406 2148//2403 
f 2724//2402 2727//2404 2151//2401 
f 2725//2400 2724//2402 2150//2399 
f 2703//2398 2725//2400 2144//2397 
f 2704//2396 2703//2398 2143//2395 
f 2709//2394 2704//2396 2118//2393 
f 2701//2392 2709//2394 2117//2391 
f 2702//2390 2701//2392 2135//2389 
f 2696//2388 2702//2390 2120//2387 
f 2697//2386 2696//2388 2119//2385 
o mesh88
f 2038//2499 2037//2500 2395//2500 
f 2047//2501 2038//2499 2397//2502 
f 2058//2503 2047//2501 2399//2504 
f 2053//2505 2058//2503 2417//2506 
f 2054//2507 2053//2505 2418//2508 
f 2079//2509 2054//2507 2405//2510 
f 2080//2511 2079//2509 2404//2512 
f 2083//2513 2080//2511 2435//2514 
f 2078//2515 2083//2513 2434//2516 
f 2072//2517 2078//2515 2444//2518 
f 2073//2519 2072//2517 2436//2520 
f 2070//2521 2073//2519 2430//2522 
f 2071//2523 2070//2521 2429//2524 
f 2069//2525 2071//2523 2447//2526 
f 2076//2527 2069//2525 2446//2528 
f 2077//2529 2076//2527 2448//2530 
f 2075//2531 2077//2529 2450//2532 
f 2067//2533 2075//2531 2449//2534 
f 2068//2535 2067//2533 2445//2536 
f 2057//2537 2068//2535 2438//2538 
f 2051//2539 2057//2537 2437//2540 
f 2052//2541 2051//2539 2419//2542 
f 2045//2543 2052//2541 2407//2544 
f 2046//2545 2045//2543 2406//2546 
f 2050//2547 2046//2545 2409//2548 
f 2044//2549 2050//2547 2408//2550 
f 2043//2551 2044//2549 2420//2552 
f 2036//2553 2043//2551 2401//2554 
f 2041//2555 2036//2553 2400//2556 
f 2042//2557 2041//2555 2402//2558 
f 2039//2559 2042//2557 2411//2560 
f 2040//2561 2039//2559 2410//2562 
f 2066//2563 2040//2561 2422//2564 
f 2064//2565 2066//2563 2421//2566 
f 2065//2567 2064//2565 2439//2568 
f 2093//2569 2065//2567 2441//2570 
f 2088//2571 2093//2569 2440//2572 
f 2089//2573 2088//2571 2442//2574 
f 2092//2575 2089//2573 2432//2576 
f 2081//2577 2092//2575 2431//2578 
f 2082//2579 2081//2577 2443//2580 
f 2087//2581 2082//2579 2413//2582 
f 2086//2583 2087//2581 2412//2584 
f 2091//2585 2086//2583 2403//2586 
f 2084//2587 2091//2585 2398//2588 
f 2085//2589 2084//2587 2414//2590 
f 2090//2591 2085//2589 2424//2592 
f 2062//2593 2090//2591 2423//2594 
f 2063//2595 2062//2593 2433//2596 
f 2074//2597 2063//2595 2426//2598 
f 2061//2599 2074//2597 2425//2600 
f 2059//2601 2061//2599 2428//2602 
f 2060//2603 2059//2601 2427//2604 
f 2055//2605 2060//2603 2416//2606 
f 2056//2607 2055//2605 2415//2608 
f 2048//2609 2056//2607 2394//2610 
f 2049//2611 2048//2609 2393//2612 
f 2037//2500 2049//2611 2396//2611 
f 2396//2611 2395//2500 2037//2500 
f 2393//2612 2396//2611 2049//2611 
f 2394//2610 2393//2612 2048//2609 
f 2415//2608 2394//2610 2056//2607 
f 2416//2606 2415//2608 2055//2605 
f 2427//2604 2416//2606 2060//2603 
f 2428//2602 2427//2604 2059//2601 
f 2425//2600 2428//2602 2061//2599 
f 2426//2598 2425//2600 2074//2597 
f 2433//2596 2426//2598 2063//2595 
f 2423//2594 2433//2596 2062//2593 
f 2424//2592 2423//2594 2090//2591 
f 2414//2590 2424//2592 2085//2589 
f 2398//2588 2414//2590 2084//2587 
f 2403//2586 2398//2588 2091//2585 
f 2412//2584 2403//2586 2086//2583 
f 2413//2582 2412//2584 2087//2581 
f 2443//2580 2413//2582 2082//2579 
f 2431//2578 2443//2580 2081//2577 
f 2432//2576 2431//2578 2092//2575 
f 2442//2574 2432//2576 2089//2573 
f 2440//2572 2442//2574 2088//2571 
f 2441//2570 2440//2572 2093//2569 
f 2439//2568 2441//2570 2065//2567 
f 2421//2566 2439//2568 2064//2565 
f 2422//2564 2421//2566 2066//2563 
f 2410//2562 2422//2564 2040//2561 
f 2411//2560 2410//2562 2039//2559 
f 2402//2558 2411//2560 2042//2557 
f 2400//2556 2402//2558 2041//2555 
f 2401//2554 2400//2556 2036//2553 
f 2420//2552 2401//2554 2043//2551 
f 2408//2550 2420//2552 2044//2549 
f 2409//2548 2408//2550 2050//2547 
f 2406//2546 2409//2548 2046//2545 
f 2407//2544 2406//2546 2045//2543 
f 2419//2542 2407//2544 2052//2541 
f 2437//2540 2419//2542 2051//2539 
f 2438//2538 2437//2540 2057//2537 
f 2445//2536 2438//2538 2068//2535 
f 2449//2534 2445//2536 2067//2533 
f 2450//2532 2449//2534 2075//2531 
f 2448//2530 2450//2532 2077//2529 
f 2446//2528 2448//2530 2076//2527 
f 2447//2526 2446//2528 2069//2525 
f 2429//2524 2447//2526 2071//2523 
f 2430//2522 2429//2524 2070//2521 
f 2436//2520 2430//2522 2073//2519 
f 2444//2518 2436//2520 2072//2517 
f 2434//2516 2444//2518 2078//2515 
f 2435//2514 2434//2516 2083//2513 
f 2404//2512 2435//2514 2080//2511 
f 2405//2510 2404//2512 2079//2509 
f 2418//2508 2405//2510 2054//2507 
f 2417//2506 2418//2508 2053//2505 
f 2399//2504 2417//2506 2058//2503 
f 2397//2502 2399//2504 2047//2501 
f 2395//2500 2397//2502 2038//2499 
o mesh89
f 2160//2613 2159//2614 2638//2614 
f 2176//2615 2160//2613 2652//2616 
f 2165//2617 2176//2615 2659//2618 
f 2166//2619 2165//2617 2658//2620 
f 2181//2621 2166//2619 2660//2622 
f 2202//2623 2181//2621 2664//2624 
f 2203//2625 2202//2623 2669//2626 
f 2200//2627 2203//2625 2675//2628 
f 2201//2629 2200//2627 2674//2630 
f 2198//2631 2201//2629 2677//2632 
f 2199//2633 2198//2631 2676//2634 
f 2188//2635 2199//2633 2679//2636 
f 2189//2637 2188//2635 2678//2638 
f 2186//2639 2189//2637 2681//2640 
f 2187//2641 2186//2639 2680//2642 
f 2197//2643 2187//2641 2682//2644 
f 2180//2645 2197//2643 2671//2646 
f 2174//2647 2180//2645 2670//2648 
f 2175//2649 2174//2647 2653//2650 
f 2172//2651 2175//2649 2640//2652 
f 2173//2653 2172//2651 2639//2654 
f 2171//2655 2173//2653 2642//2656 
f 2157//2657 2171//2655 2641//2658 
f 2158//2659 2157//2657 2643//2660 
f 2164//2661 2158//2659 2627//2662 
f 2178//2663 2164//2661 2626//2664 
f 2179//2665 2178//2663 2633//2666 
f 2169//2667 2179//2665 2655//2668 
f 2170//2669 2169//2667 2654//2670 
f 2156//2671 2170//2669 2645//2672 
f 2152//2673 2156//2671 2644//2674 
f 2153//2675 2152//2673 2628//2676 
f 2154//2677 2153//2675 2625//2678 
f 2155//2679 2154//2677 2634//2680 
f 2163//2681 2155//2679 2630//2682 
f 2196//2683 2163//2681 2629//2684 
f 2184//2685 2196//2683 2635//2686 
f 2185//2687 2184//2685 2665//2688 
f 2209//2689 2185//2687 2662//2690 
f 2194//2691 2209//2689 2661//2692 
f 2195//2693 2194//2691 2666//2694 
f 2206//2695 2195//2693 2647//2696 
f 2183//2697 2206//2695 2646//2698 
f 2193//2699 2183//2697 2632//2700 
f 2191//2701 2193//2699 2631//2702 
f 2192//2703 2191//2701 2648//2704 
f 2208//2705 2192//2703 2657//2706 
f 2207//2707 2208//2705 2656//2708 
f 2204//2709 2207//2707 2672//2710 
f 2205//2711 2204//2709 2673//2712 
f 2190//2713 2205//2711 2668//2714 
f 2182//2715 2190//2713 2667//2716 
f 2177//2717 2182//2715 2663//2718 
f 2168//2719 2177//2717 2650//2720 
f 2161//2721 2168//2719 2649//2722 
f 2162//2723 2161//2721 2651//2724 
f 2167//2725 2162//2723 2637//2726 
f 2159//2614 2167//2725 2636//2725 
f 2636//2725 2638//2614 2159//2614 
f 2637//2726 2636//2725 2167//2725 
f 2651//2724 2637//2726 2162//2723 
f 2649//2722 2651//2724 2161//2721 
f 2650//2720 2649//2722 2168//2719 
f 2663//2718 2650//2720 2177//2717 
f 2667//2716 2663//2718 2182//2715 
f 2668//2714 2667//2716 2190//2713 
f 2673//2712 2668//2714 2205//2711 
f 2672//2710 2673//2712 2204//2709 
f 2656//2708 2672//2710 2207//2707 
f 2657//2706 2656//2708 2208//2705 
f 2648//2704 2657//2706 2192//2703 
f 2631//2702 2648//2704 2191//2701 
f 2632//2700 2631//2702 2193//2699 
f 2646//2698 2632//2700 2183//2697 
f 2647//2696 2646//2698 2206//2695 
f 2666//2694 2647//2696 2195//2693 
f 2661//2692 2666//2694 2194//2691 
f 2662//2690 2661//2692 2209//2689 
f 2665//2688 2662//2690 2185//2687 
f 2635//2686 2665//2688 2184//2685 
f 2629//2684 2635//2686 2196//2683 
f 2630//2682 2629//2684 2163//2681 
f 2634//2680 2630//2682 2155//2679 
f 2625//2678 2634//2680 2154//2677 
f 2628//2676 2625//2678 2153//2675 
f 2644//2674 2628//2676 2152//2673 
f 2645//2672 2644//2674 2156//2671 
f 2654//2670 2645//2672 2170//2669 
f 2655//2668 2654//2670 2169//2667 
f 2633//2666 2655//2668 2179//2665 
f 2626//2664 2633//2666 2178//2663 
f 2627//2662 2626//2664 2164//2661 
f 2643//2660 2627//2662 2158//2659 
f 2641//2658 2643//2660 2157//2657 
f 2642//2656 2641//2658 2171//2655 
f 2639//2654 2642//2656 2173//2653 
f 2640//2652 2639//2654 2172//2651 
f 2653//2650 2640//2652 2175//2649 
f 2670//2648 2653//2650 2174//2647 
f 2671//2646 2670//2648 2180//2645 
f 2682//2644 2671//2646 2197//2643 
f 2680//2642 2682//2644 2187//2641 
f 2681//2640 2680//2642 2186//2639 
f 2678//2638 2681//2640 2189//2637 
f 2679//2636 2678//2638 2188//2635 
f 2676//2634 2679//2636 2199//2633 
f 2677//2632 2676//2634 2198//2631 
f 2674//2630 2677//2632 2201//2629 
f 2675//2628 2674//2630 2200//2627 
f 2669//2626 2675//2628 2203//2625 
f 2664//2624 2669//2626 2202//2623 
f 2660//2622 2664//2624 2181//2621 
f 2658//2620 2660//2622 2166//2619 
f 2659//2618 2658//2620 2165//2617 
f 2652//2616 2659//2618 2176//2615 
f 2638//2614 2652//2616 2160//2613 
o mesh90
f 2258//2727 2248//2728 2608//2728 
f 2259//2729 2258//2727 2611//2730 
f 2257//2731 2259//2729 2620//2732 
f 2246//2733 2257//2731 2619//2734 
f 2247//2735 2246//2733 2612//2736 
f 2264//2737 2247//2735 2609//2738 
f 2265//2739 2264//2737 2621//2740 
f 2237//2741 2265//2739 2623//2742 
f 2238//2743 2237//2741 2622//2744 
f 2245//2745 2238//2743 2614//2746 
f 2235//2747 2245//2745 2613//2748 
f 2236//2749 2235//2747 2624//2750 
f 2229//2751 2236//2749 2616//2752 
f 2223//2753 2229//2751 2615//2754 
f 2224//2755 2223//2753 2617//2756 
f 2221//2757 2224//2755 2610//2758 
f 2222//2759 2221//2757 2598//2760 
f 2244//2761 2222//2759 2589//2762 
f 2227//2763 2244//2761 2588//2764 
f 2228//2765 2227//2763 2590//2766 
f 2219//2767 2228//2765 2577//2768 
f 2220//2769 2219//2767 2576//2770 
f 2213//2771 2220//2769 2568//2772 
f 2214//2773 2213//2771 2567//2774 
f 2218//2775 2214//2773 2570//2776 
f 2234//2777 2218//2775 2569//2778 
f 2243//2779 2234//2777 2578//2780 
f 2255//2781 2243//2779 2582//2782 
f 2256//2783 2255//2781 2591//2784 
f 2232//2785 2256//2783 2603//2786 
f 2233//2787 2232//2785 2602//2788 
f 2217//2789 2233//2787 2593//2790 
f 2210//2791 2217//2789 2592//2792 
f 2211//2793 2210//2791 2579//2794 
f 2212//2795 2211//2793 2572//2796 
f 2226//2797 2212//2795 2571//2798 
f 2215//2799 2226//2797 2573//2800 
f 2216//2801 2215//2799 2583//2802 
f 2225//2803 2216//2801 2581//2804 
f 2230//2805 2225//2803 2580//2806 
f 2231//2807 2230//2805 2584//2808 
f 2242//2809 2231//2807 2586//2810 
f 2241//2811 2242//2809 2585//2812 
f 2254//2813 2241//2811 2575//2814 
f 2252//2815 2254//2813 2574//2816 
f 2253//2817 2252//2815 2587//2818 
f 2250//2819 2253//2817 2595//2820 
f 2251//2821 2250//2819 2594//2822 
f 2239//2823 2251//2821 2600//2824 
f 2240//2825 2239//2823 2599//2826 
f 2249//2827 2240//2825 2597//2828 
f 2266//2829 2249//2827 2596//2830 
f 2267//2831 2266//2829 2601//2832 
f 2263//2833 2267//2831 2618//2834 
f 2261//2835 2263//2833 2605//2836 
f 2262//2837 2261//2835 2604//2838 
f 2260//2839 2262//2837 2607//2840 
f 2248//2728 2260//2839 2606//2839 
f 2606//2839 2608//2728 2248//2728 
f 2607//2840 2606//2839 2260//2839 
f 2604//2838 2607//2840 2262//2837 
f 2605//2836 2604//2838 2261//2835 
f 2618//2834 2605//2836 2263//2833 
f 2601//2832 2618//2834 2267//2831 
f 2596//2830 2601//2832 2266//2829 
f 2597//2828 2596//2830 2249//2827 
f 2599//2826 2597//2828 2240//2825 
f 2600//2824 2599//2826 2239//2823 
f 2594//2822 2600//2824 2251//2821 
f 2595//2820 2594//2822 2250//2819 
f 2587//2818 2595//2820 2253//2817 
f 2574//2816 2587//2818 2252//2815 
f 2575//2814 2574//2816 2254//2813 
f 2585//2812 2575//2814 2241//2811 
f 2586//2810 2585//2812 2242//2809 
f 2584//2808 2586//2810 2231//2807 
f 2580//2806 2584//2808 2230//2805 
f 2581//2804 2580//2806 2225//2803 
f 2583//2802 2581//2804 2216//2801 
f 2573//2800 2583//2802 2215//2799 
f 2571//2798 2573//2800 2226//2797 
f 2572//2796 2571//2798 2212//2795 
f 2579//2794 2572//2796 2211//2793 
f 2592//2792 2579//2794 2210//2791 
f 2593//2790 2592//2792 2217//2789 
f 2602//2788 2593//2790 2233//2787 
f 2603//2786 2602//2788 2232//2785 
f 2591//2784 2603//2786 2256//2783 
f 2582//2782 2591//2784 2255//2781 
f 2578//2780 2582//2782 2243//2779 
f 2569//2778 2578//2780 2234//2777 
f 2570//2776 2569//2778 2218//2775 
f 2567//2774 2570//2776 2214//2773 
f 2568//2772 2567//2774 2213//2771 
f 2576//2770 2568//2772 2220//2769 
f 2577//2768 2576//2770 2219//2767 
f 2590//2766 2577//2768 2228//2765 
f 2588//2764 2590//2766 2227//2763 
f 2589//2762 2588//2764 2244//2761 
f 2598//2760 2589//2762 2222//2759 
f 2610//2758 2598//2760 2221//2757 
f 2617//2756 2610//2758 2224//2755 
f 2615//2754 2617//2756 2223//2753 
f 2616//2752 2615//2754 2229//2751 
f 2624//2750 2616//2752 2236//2749 
f 2613//2748 2624//2750 2235//2747 
f 2614//2746 2613//2748 2245//2745 
f 2622//2744 2614//2746 2238//2743 
f 2623//2742 2622//2744 2237//2741 
f 2621//2740 2623//2742 2265//2739 
f 2609//2738 2621//2740 2264//2737 
f 2612//2736 2609//2738 2247//2735 
f 2619//2734 2612//2736 2246//2733 
f 2620//2732 2619//2734 2257//2731 
f 2611//2730 2620//2732 2259//2729 
f 2608//2728 2611//2730 2258//2727 
