# OBJ generated by ONSHAPE BY PTC INC, 1.216 Units = meters
mtllib robotiq_adapter.mtl
g W-005-COUPLING_FLEX-50-4M6-1D6_Cicoil
v 0.0249123 -0.001 -0.016227 
v 0.0249 -0.001 -0.016 
v 0.0249491 -0.001 -0.0164514 
v 0.0250099 -0.001 -0.0166705 
v 0.0250941 -0.001 -0.0168818 
v 0.0252006 -0.001 -0.0170827 
v 0.0253282 -0.001 -0.0172709 
v 0.0254754 -0.001 -0.0174442 
v 0.0256405 -0.001 -0.0176005 
v 0.0258215 -0.001 -0.0177381 
v 0.0260163 -0.001 -0.0178554 
v 0.0262227 -0.001 -0.0179509 
v 0.0264382 -0.001 -0.0180235 
v 0.0266603 -0.001 -0.0180723 
v 0.0268863 -0.001 -0.0180969 
v 0.0271137 -0.001 -0.0180969 
v 0.0273397 -0.001 -0.0180723 
v 0.0275618 -0.001 -0.0180235 
v 0.0277773 -0.001 -0.0179509 
v 0.0279837 -0.001 -0.0178554 
v 0.0281785 -0.001 -0.0177381 
v 0.0283595 -0.001 -0.0176005 
v 0.0285246 -0.001 -0.0174442 
v 0.0286718 -0.001 -0.0172709 
v 0.0287994 -0.001 -0.0170827 
v 0.0289059 -0.001 -0.0168818 
v 0.0289901 -0.001 -0.0166705 
v 0.0290509 -0.001 -0.0164514 
v 0.0290877 -0.001 -0.016227 
v 0.0291 -0.001 -0.016 
v 0.0290877 -0.001 -0.015773 
v 0.0290509 -0.001 -0.0155486 
v 0.0289901 -0.001 -0.0153295 
v 0.0289059 -0.001 -0.0151182 
v 0.0287994 -0.001 -0.0149173 
v 0.0286718 -0.001 -0.0147291 
v 0.0285246 -0.001 -0.0145558 
v 0.0283595 -0.001 -0.0143995 
v 0.0281785 -0.001 -0.0142619 
v 0.0279837 -0.001 -0.0141446 
v 0.0277773 -0.001 -0.0140491 
v 0.0275618 -0.001 -0.0139765 
v 0.0273397 -0.001 -0.0139277 
v 0.0271137 -0.001 -0.0139031 
v 0.0268863 -0.001 -0.0139031 
v 0.0266603 -0.001 -0.0139277 
v 0.0264382 -0.001 -0.0139765 
v 0.0262227 -0.001 -0.0140491 
v 0.0260163 -0.001 -0.0141446 
v 0.0258215 -0.001 -0.0142619 
v 0.0256405 -0.001 -0.0143995 
v 0.0254754 -0.001 -0.0145558 
v 0.0253282 -0.001 -0.0147291 
v 0.0252006 -0.001 -0.0149173 
v 0.0250941 -0.001 -0.0151182 
v 0.0250099 -0.001 -0.0153295 
v 0.0249491 -0.001 -0.0155486 
v 0.0249123 -0.001 -0.015773 
v 0.027 -0.00226181 -0.016 
v 0.0249123 0.00655 -0.016227 
v 0.0249 0.00655 -0.016 
v 0.0249491 0.00655 -0.0164514 
v 0.0250099 0.00655 -0.0166705 
v 0.0250941 0.00655 -0.0168818 
v 0.0252006 0.00655 -0.0170827 
v 0.0253282 0.00655 -0.0172709 
v 0.0254754 0.00655 -0.0174442 
v 0.0256405 0.00655 -0.0176005 
v 0.0258215 0.00655 -0.0177381 
v 0.0260163 0.00655 -0.0178554 
v 0.0262227 0.00655 -0.0179509 
v 0.0264382 0.00655 -0.0180235 
v 0.0266603 0.00655 -0.0180723 
v 0.0268863 0.00655 -0.0180969 
v 0.0271137 0.00655 -0.0180969 
v 0.0273397 0.00655 -0.0180723 
v 0.0275618 0.00655 -0.0180235 
v 0.0277773 0.00655 -0.0179509 
v 0.0279837 0.00655 -0.0178554 
v 0.0281785 0.00655 -0.0177381 
v 0.0283595 0.00655 -0.0176005 
v 0.0285246 0.00655 -0.0174442 
v 0.0286718 0.00655 -0.0172709 
v 0.0287994 0.00655 -0.0170827 
v 0.0289059 0.00655 -0.0168818 
v 0.0289901 0.00655 -0.0166705 
v 0.0290509 0.00655 -0.0164514 
v 0.0290877 0.00655 -0.016227 
v 0.0291 0.00655 -0.016 
v 0.0290877 0.00655 -0.015773 
v 0.0290509 0.00655 -0.0155486 
v 0.0289901 0.00655 -0.0153295 
v 0.0289059 0.00655 -0.0151182 
v 0.0287994 0.00655 -0.0149173 
v 0.0286718 0.00655 -0.0147291 
v 0.0285246 0.00655 -0.0145558 
v 0.0283595 0.00655 -0.0143995 
v 0.0281785 0.00655 -0.0142619 
v 0.0279837 0.00655 -0.0141446 
v 0.0277773 0.00655 -0.0140491 
v 0.0275618 0.00655 -0.0139765 
v 0.0273397 0.00655 -0.0139277 
v 0.0271137 0.00655 -0.0139031 
v 0.0268863 0.00655 -0.0139031 
v 0.0266603 0.00655 -0.0139277 
v 0.0264382 0.00655 -0.0139765 
v 0.0262227 0.00655 -0.0140491 
v 0.0260163 0.00655 -0.0141446 
v 0.0258215 0.00655 -0.0142619 
v 0.0256405 0.00655 -0.0143995 
v 0.0254754 0.00655 -0.0145558 
v 0.0253282 0.00655 -0.0147291 
v 0.0252006 0.00655 -0.0149173 
v 0.0250941 0.00655 -0.0151182 
v 0.0250099 0.00655 -0.0153295 
v 0.0249491 0.00655 -0.0155486 
v 0.0249123 0.00655 -0.015773 
v 0.02445 0.007 -0.016 
v 0.0244649 0.007 -0.0157243 
v 0.0245096 0.007 -0.0154518 
v 0.0245835 0.007 -0.0151858 
v 0.0246857 0.007 -0.0149293 
v 0.024815 0.007 -0.0146853 
v 0.02497 0.007 -0.0144568 
v 0.0251487 0.007 -0.0142464 
v 0.0253492 0.007 -0.0140565 
v 0.025569 0.007 -0.0138894 
v 0.0258056 0.007 -0.013747 
v 0.0260561 0.007 -0.0136311 
v 0.0263178 0.007 -0.0135429 
v 0.0265875 0.007 -0.0134836 
v 0.0268619 0.007 -0.0134537 
v 0.0271381 0.007 -0.0134537 
v 0.0274125 0.007 -0.0134836 
v 0.0276822 0.007 -0.0135429 
v 0.0279439 0.007 -0.0136311 
v 0.0281944 0.007 -0.013747 
v 0.028431 0.007 -0.0138894 
v 0.0286508 0.007 -0.0140565 
v 0.0288513 0.007 -0.0142464 
v 0.02903 0.007 -0.0144568 
v 0.029185 0.007 -0.0146853 
v 0.0293143 0.007 -0.0149293 
v 0.0294165 0.007 -0.0151858 
v 0.0294904 0.007 -0.0154518 
v 0.0295351 0.007 -0.0157243 
v 0.02955 0.007 -0.016 
v 0.0295351 0.007 -0.0162757 
v 0.0294904 0.007 -0.0165482 
v 0.0294165 0.007 -0.0168142 
v 0.0293143 0.007 -0.0170707 
v 0.029185 0.007 -0.0173147 
v 0.02903 0.007 -0.0175432 
v 0.0288513 0.007 -0.0177536 
v 0.0286508 0.007 -0.0179435 
v 0.028431 0.007 -0.0181106 
v 0.0281944 0.007 -0.018253 
v 0.0279439 0.007 -0.0183689 
v 0.0276822 0.007 -0.0184571 
v 0.0274125 0.007 -0.0185164 
v 0.0271381 0.007 -0.0185463 
v 0.0268619 0.007 -0.0185463 
v 0.0265875 0.007 -0.0185164 
v 0.0263178 0.007 -0.0184571 
v 0.0260561 0.007 -0.0183689 
v 0.0258056 0.007 -0.018253 
v 0.025569 0.007 -0.0181106 
v 0.0253492 0.007 -0.0179435 
v 0.0251487 0.007 -0.0177536 
v 0.02497 0.007 -0.0175432 
v 0.024815 0.007 -0.0173147 
v 0.0246857 0.007 -0.0170707 
v 0.0245835 0.007 -0.0168142 
v 0.0245096 0.007 -0.0165482 
v 0.0244649 0.007 -0.0162757 
v 0.0205154 0.007 -0.00639913 
v 0.0205655 0.007 -0.00652486 
v 0.0225092 0.007 -0.0069527 
v 0.0226075 0.007 -0.00685962 
v 0.0222855 0.007 -0.00710439 
v 0.0224015 0.007 -0.00703461 
v 0.0220344 0.007 -0.00720444 
v 0.0221627 0.007 -0.00716122 
v 0.0216323 0.007 -0.00724817 
v 0.0217677 0.007 -0.00724817 
v 0.0207049 0.007 -0.00675647 
v 0.0207925 0.007 -0.00685962 
v 0.0206289 0.007 -0.00664444 
v 0.02045 0.007 -0.006 
v 0.0228846 0.007 -0.00560087 
v 0.0228345 0.007 -0.00547514 
v 0.0219022 0.007 -0.00723353 
v 0.0214978 0.007 -0.00723353 
v 0.0208908 0.007 -0.0069527 
v 0.0209985 0.007 -0.00703461 
v 0.0204573 0.007 -0.00613515 
v 0.0206289 0.007 -0.00535556 
v 0.0205655 0.007 -0.00547514 
v 0.0222855 0.007 -0.00489561 
v 0.0221627 0.007 -0.00483878 
v 0.0226951 0.007 -0.00524353 
v 0.0226075 0.007 -0.00514038 
v 0.0227711 0.007 -0.00535556 
v 0.0211145 0.007 -0.00710439 
v 0.0212373 0.007 -0.00716122 
v 0.0204792 0.007 -0.00626871 
v 0.0207049 0.007 -0.00524353 
v 0.0208908 0.007 -0.0050473 
v 0.0207925 0.007 -0.00514038 
v 0.0220344 0.007 -0.00479556 
v 0.0225092 0.007 -0.0050473 
v 0.0224015 0.007 -0.00496539 
v 0.0229427 0.007 -0.00613515 
v 0.02295 0.007 -0.006 
v 0.0226951 0.007 -0.00675647 
v 0.0227711 0.007 -0.00664444 
v 0.0213656 0.007 -0.00720444 
v 0.0211145 0.007 -0.00489561 
v 0.0209985 0.007 -0.00496539 
v 0.0214978 0.007 -0.00476647 
v 0.0213656 0.007 -0.00479556 
v 0.0219022 0.007 -0.00476647 
v 0.0229427 0.007 -0.00586485 
v 0.0229208 0.007 -0.00626871 
v 0.0228345 0.007 -0.00652486 
v 0.0228846 0.007 -0.00639913 
v 0.0212373 0.007 -0.00483878 
v 0.0217677 0.007 -0.00475183 
v 0.0229208 0.007 -0.00573129 
v 0.0204792 0.007 -0.00573129 
v 0.0204573 0.007 -0.00586485 
v 0.0216323 0.007 -0.00475183 
v 0.0205154 0.007 -0.00560087 
v 0.0073 0.007 -0.00369 
v 0.0181 0.007 -0.00369 
v 0.00708049 0.007 -0.0036785 
v 0.0183195 0.007 -0.0036785 
v 0.00530278 0.007 -0.00223894 
v 0.00538155 0.007 -0.00244415 
v 0.0052 0.007 0.00159 
v 0.00686339 0.007 -0.00364411 
v 0.00548135 0.007 -0.00264 
v 0.0052115 0.007 0.00180951 
v 0.00665106 0.007 -0.00358722 
v 0.00606565 0.007 -0.00328894 
v 0.00625 0.007 -0.00340865 
v 0.0057394 0.007 -0.00299517 
v 0.00589483 0.007 -0.0031506 
v 0.00524589 0.007 -0.00202661 
v 0.0052 0.007 -0.00159 
v 0.01915 0.007 -0.00340865 
v 0.0193343 0.007 -0.00328894 
v 0.00644585 0.007 -0.00350845 
v 0.00560106 0.007 -0.00282435 
v 0.0052115 0.007 -0.00180951 
v 0.00530278 0.007 0.00223894 
v 0.00524589 0.007 0.00202661 
v 0.00560106 0.007 0.00282435 
v 0.00548135 0.007 0.00264 
v 0.00589483 0.007 0.0031506 
v 0.0057394 0.007 0.00299517 
v 0.0202 0.007 -0.00159 
v 0.0189541 0.007 -0.00350845 
v 0.0185366 0.007 -0.00364411 
v 0.0187489 0.007 -0.00358722 
v 0.00538155 0.007 0.00244415 
v 0.00625 0.007 0.00340865 
v 0.00606565 0.007 0.00328894 
v 0.0181 0.007 0.00369 
v 0.0073 0.007 0.00369 
v 0.0201885 0.007 -0.00180951 
v 0.00644585 0.007 0.00350845 
v 0.00686339 0.007 0.00364411 
v 0.00665106 0.007 0.00358722 
v 0.0185366 0.007 0.00364411 
v 0.0183195 0.007 0.0036785 
v 0.0200972 0.007 0.00223894 
v 0.0200184 0.007 0.00244415 
v 0.0202 0.007 0.00159 
v 0.0195052 0.007 -0.0031506 
v 0.00708049 0.007 0.0036785 
v 0.0187489 0.007 0.00358722 
v 0.0195052 0.007 0.0031506 
v 0.0193343 0.007 0.00328894 
v 0.0197989 0.007 0.00282435 
v 0.0196606 0.007 0.00299517 
v 0.0201541 0.007 0.00202661 
v 0.0201885 0.007 0.00180951 
v 0.0196606 0.007 -0.00299517 
v 0.0197989 0.007 -0.00282435 
v 0.0189541 0.007 0.00350845 
v 0.01915 0.007 0.00340865 
v 0.0199187 0.007 0.00264 
v 0.0200184 0.007 -0.00244415 
v 0.0200972 0.007 -0.00223894 
v 0.0199187 0.007 -0.00264 
v 0.0201541 0.007 -0.00202661 
v 0.0299649 0.007 0.0019271 
v 0.0297597 0.007 0.00185795 
v 0.0306083 0.007 0.00199707 
v 0.0303917 0.007 0.00199707 
v 0.0297597 0.007 -0.00185795 
v 0.0286047 0.007 -0.000638603 
v 0.0286848 0.007 -0.000839778 
v 0.0285117 0.007 -0.000216238 
v 0.0285468 0.007 -0.000429941 
v 0.0286047 0.007 0.000638603 
v 0.0285468 0.007 0.000429941 
v 0.0287863 0.007 0.00103111 
v 0.0286848 0.007 0.000839778 
v 0.029048 0.007 0.0013754 
v 0.0289078 0.007 0.00121035 
v 0.0308236 0.007 0.00197365 
v 0.0301764 0.007 -0.00197365 
v 0.0303917 0.007 -0.00199707 
v 0.0299649 0.007 -0.0019271 
v 0.029048 0.007 -0.0013754 
v 0.0292052 0.007 -0.00152432 
v 0.0287863 0.007 -0.00103111 
v 0.0289078 0.007 -0.00121035 
v 0.0285 0.007 3.45963e-18 
v 0.0292052 0.007 0.00152432 
v 0.0295632 0.007 0.00176702 
v 0.0293776 0.007 0.00165538 
v 0.0301764 0.007 0.00197365 
v 0.031025 0.007 0.00192931 
v 0.0306083 0.007 -0.00199707 
v 0.0308236 0.007 -0.00197365 
v 0.0293776 0.007 -0.00165538 
v 0.0295632 0.007 -0.00176702 
v 0.0285117 0.007 0.000216238 
v -0.03467 0.007 0.00763145 
v -0.0341196 0.007 0.00961383 
v -0.0352293 0.007 0.00422 
v -0.0336417 0.007 0.0113352 
v -0.0330924 0.007 0.0127138 
v -0.0260561 0.007 0.0136311 
v -0.0258056 0.007 0.013747 
v -0.0268619 0.007 0.0134537 
v -0.0265875 0.007 0.0134836 
v -0.0271381 0.007 0.0134537 
v -0.028431 0.007 0.0138894 
v -0.0281944 0.007 0.013747 
v -0.025569 0.007 0.0138894 
v -0.0253492 0.007 0.0140565 
v -0.0263178 0.007 0.0135429 
v -0.0276822 0.007 0.0135429 
v -0.0274125 0.007 0.0134836 
v -0.0279439 0.007 0.0136311 
v -0.0288513 0.007 0.0142464 
v -0.0286508 0.007 0.0140565 
v -0.0246857 0.007 0.0149293 
v -0.0245835 0.007 0.0151858 
v -0.02497 0.007 0.0144568 
v -0.024815 0.007 0.0146853 
v -0.02903 0.007 0.0144568 
v -0.02445 0.007 0.016 
v -0.0293143 0.007 0.0149293 
v -0.029185 0.007 0.0146853 
v -0.0322189 0.007 0.0149061 
v -0.0244649 0.007 0.0162757 
v -0.0245096 0.007 0.0154518 
v -0.0244649 0.007 0.0157243 
v -0.0251487 0.007 0.0142464 
v -0.0294904 0.007 0.0154518 
v -0.0294165 0.007 0.0151858 
v -0.0294904 0.007 0.0165482 
v -0.0295351 0.007 0.0162757 
v -0.0245835 0.007 0.0168142 
v -0.0246857 0.007 0.0170707 
v -0.0295351 0.007 0.0157243 
v -0.02955 0.007 0.016 
v -0.0304184 0.007 0.0183022 
v -0.0294165 0.007 0.0168142 
v -0.029185 0.007 0.0173147 
v -0.0293143 0.007 0.0170707 
v -0.0290808 0.007 0.020275 
v -0.0286508 0.007 0.0179435 
v -0.0274125 0.007 0.0185164 
v -0.0276822 0.007 0.0184571 
v -0.0268619 0.007 0.0185463 
v -0.0271381 0.007 0.0185463 
v -0.025569 0.007 0.0181106 
v -0.0258056 0.007 0.018253 
v -0.02497 0.007 0.0175432 
v -0.0251487 0.007 0.0177536 
v -0.0245096 0.007 0.0165482 
v -0.0288513 0.007 0.0177536 
v -0.02903 0.007 0.0175432 
v -0.028431 0.007 0.0181106 
v -0.0279439 0.007 0.0183689 
v -0.0281944 0.007 0.018253 
v -0.0265875 0.007 0.0185164 
v -0.0260561 0.007 0.0183689 
v -0.0263178 0.007 0.0184571 
v -0.0253492 0.007 0.0179435 
v -0.024815 0.007 0.0173147 
v -0.0282613 0.007 0.0214837 
v -0.0257728 0.007 0.0244133 
v -0.00748883 0.007 0.0346481 
v -0.00292986 0.007 0.0256449 
v -0.00298241 0.007 0.0253244 
v 0.000162417 0.007 0.0220044 
v 0.000485346 0.007 0.0220395 
v -0.000485346 0.007 0.0220395 
v -0.000162417 0.007 0.0220044 
v -0.00284296 0.007 0.0259579 
v -0.000802585 0.007 0.0221094 
v -0.00140523 0.007 0.0223495 
v -0.00111041 0.007 0.0222131 
v -0.00257057 0.007 0.0234533 
v -0.00238828 0.007 0.0231845 
v -0.00284296 0.007 0.0240421 
v -0.00272273 0.007 0.0237403 
v -0.00298241 0.007 0.0246756 
v -0.00292986 0.007 0.0243551 
v 0.003975 0.007 0.0352247 
v 0.003 0.007 0.025 
v -0.00168356 0.007 0.0225169 
v -0.00217799 0.007 0.0229369 
v -0.003 0.007 0.025 
v 0.00111041 0.007 0.0277869 
v 0.000802585 0.007 0.0278906 
v 0.00298241 0.007 0.0253244 
v 0.00284296 0.007 0.0240421 
v 0.00292986 0.007 0.0243551 
v 0.000802585 0.007 0.0221094 
v 0.00111041 0.007 0.0222131 
v -0.00194216 0.007 0.0227135 
v 0.00140523 0.007 0.0276505 
v 0.00298241 0.007 0.0246756 
v 0.00272273 0.007 0.0237403 
v -0.00238828 0.007 0.0268155 
v -0.00257057 0.007 0.0265467 
v 0.00168356 0.007 0.0274831 
v 0.00257057 0.007 0.0265467 
v 0.00238828 0.007 0.0268155 
v 0.00284296 0.007 0.0259579 
v 0.00272273 0.007 0.0262597 
v 0.00238828 0.007 0.0231845 
v 0.00257057 0.007 0.0234533 
v 0.00194216 0.007 0.0227135 
v 0.00217799 0.007 0.0229369 
v 0.00140523 0.007 0.0223495 
v 0.00168356 0.007 0.0225169 
v -0.00272273 0.007 0.0262597 
v -0.00168356 0.007 0.0274831 
v -0.00574326 0.007 0.0350323 
v -0.00192193 0.007 0.0354479 
v -0.000802585 0.007 0.0278906 
v -0.00111041 0.007 0.0277869 
v 0.00194216 0.007 0.0272865 
v 0.00217799 0.007 0.0270631 
v 0.00292986 0.007 0.0256449 
v -0.00140523 0.007 0.0276505 
v 0.00192193 0.007 0.0354479 
v 0.000485346 0.007 0.0279605 
v -0.00194216 0.007 0.0272865 
v -0.00217799 0.007 0.0270631 
v -0.000162417 0.007 0.0279956 
v -0.000485346 0.007 0.0279605 
v 0.000162417 0.007 0.0279956 
v 0.005075 0.007 0.035105 
v 0.0231638 0.007 0.0268847 
v 0.0239138 0.007 0.0261743 
v 0.0257728 0.007 0.0244133 
v 0.0282613 0.007 0.0214837 
v 0.028431 0.007 0.0138894 
v 0.0286508 0.007 0.0140565 
v 0.0271381 0.007 0.0134537 
v 0.0274125 0.007 0.0134836 
v 0.0268619 0.007 0.0134537 
v 0.025569 0.007 0.0138894 
v 0.0258056 0.007 0.013747 
v 0.0281944 0.007 0.013747 
v 0.0276822 0.007 0.0135429 
v 0.0279439 0.007 0.0136311 
v 0.0263178 0.007 0.0135429 
v 0.0265875 0.007 0.0134836 
v 0.0260561 0.007 0.0136311 
v 0.0251487 0.007 0.0142464 
v 0.0253492 0.007 0.0140565 
v 0.0304184 0.007 0.0183022 
v 0.031025 0.007 0.017158 
v 0.0293143 0.007 0.0170707 
v 0.0294904 0.007 0.0154518 
v 0.0295351 0.007 0.0157243 
v 0.0293143 0.007 0.0149293 
v 0.0294165 0.007 0.0151858 
v 0.02903 0.007 0.0144568 
v 0.029185 0.007 0.0146853 
v 0.02497 0.007 0.0144568 
v 0.0244649 0.007 0.0162757 
v 0.02445 0.007 0.016 
v 0.0294165 0.007 0.0168142 
v 0.02955 0.007 0.016 
v 0.0295351 0.007 0.0162757 
v 0.0246857 0.007 0.0149293 
v 0.024815 0.007 0.0146853 
v 0.0245096 0.007 0.0154518 
v 0.0245835 0.007 0.0151858 
v 0.0245096 0.007 0.0165482 
v 0.0288513 0.007 0.0177536 
v 0.0286508 0.007 0.0179435 
v 0.0294904 0.007 0.0165482 
v 0.0288513 0.007 0.0142464 
v 0.0244649 0.007 0.0157243 
v 0.024815 0.007 0.0173147 
v 0.0246857 0.007 0.0170707 
v 0.0251487 0.007 0.0177536 
v 0.02497 0.007 0.0175432 
v 0.025569 0.007 0.0181106 
v 0.0253492 0.007 0.0179435 
v 0.0290808 0.007 0.020275 
v 0.0268619 0.007 0.0185463 
v 0.028431 0.007 0.0181106 
v 0.02903 0.007 0.0175432 
v 0.0245835 0.007 0.0168142 
v 0.0260561 0.007 0.0183689 
v 0.0258056 0.007 0.018253 
v 0.0265875 0.007 0.0185164 
v 0.0263178 0.007 0.0184571 
v 0.0271381 0.007 0.0185463 
v 0.0279439 0.007 0.0183689 
v 0.0276822 0.007 0.0184571 
v 0.0281944 0.007 0.018253 
v 0.029185 0.007 0.0173147 
v 0.0274125 0.007 0.0185164 
v 0.0322189 0.007 0.0149061 
v 0.0330924 0.007 0.0127138 
v 0.0336417 0.007 0.0113352 
v 0.0341196 0.007 0.00961383 
v 0.03467 0.007 0.00763145 
v 0.031952 0.007 0.0013754 
v 0.0352293 0.007 0.00422 
v 0.0352919 0.007 0.00383823 
v 0.0352919 0.007 -0.00383823 
v 0.0310351 0.007 -0.0019271 
v 0.0312403 0.007 -0.00185795 
v 0.0322137 0.007 0.00103111 
v 0.0320922 0.007 0.00121035 
v 0.031952 0.007 -0.0013754 
v 0.0320922 0.007 -0.00121035 
v 0.0316224 0.007 -0.00165538 
v 0.0317948 0.007 -0.00152432 
v 0.0314368 0.007 -0.00176702 
v 0.0314368 0.007 0.00176702 
v 0.0323152 0.007 0.000839778 
v 0.0322137 0.007 -0.00103111 
v 0.0312403 0.007 0.00185795 
v 0.0310351 0.007 0.0019271 
v 0.0316224 0.007 0.00165538 
v 0.0317948 0.007 0.00152432 
v 0.0323953 0.007 0.000638603 
v 0.0355 0.007 -3.45963e-18 
v 0.0324532 0.007 -0.000429941 
v 0.0324883 0.007 -0.000216238 
v 0.0323953 0.007 -0.000638603 
v 0.0324532 0.007 0.000429941 
v 0.0325 0.007 4.04102e-18 
v 0.0324883 0.007 0.000216238 
v 0.0323152 0.007 -0.000839778 
v 0.031025 0.007 -0.00192931 
v 0.0352293 0.007 -0.00422 
v 0.03467 0.007 -0.00763145 
v 0.0336417 0.007 -0.0113352 
v 0.0322189 0.007 -0.0149061 
v 0.0341196 0.007 -0.00961383 
v 0.0304184 0.007 -0.0183022 
v 0.031025 0.007 -0.017158 
v 0.0286138 0.007 -0.0209638 
v 0.0282613 0.007 -0.0214837 
v 0.0257728 0.007 -0.0244133 
v 0.0239138 0.007 -0.0261743 
v 0.005075 0.007 -0.035105 
v -0.00192193 0.007 -0.0354479 
v 0.00192193 0.007 -0.0354479 
v 0.003975 0.007 -0.0352247 
v -0.00574326 0.007 -0.0350323 
v -0.0257728 0.007 -0.0244133 
v -0.0282613 0.007 -0.0214837 
v -0.0239138 0.007 -0.0261743 
v -0.024815 0.007 -0.0173147 
v -0.0246857 0.007 -0.0170707 
v -0.02445 0.007 -0.016 
v -0.0245835 0.007 -0.0168142 
v -0.0251487 0.007 -0.0177536 
v -0.02497 0.007 -0.0175432 
v -0.025569 0.007 -0.0181106 
v -0.0253492 0.007 -0.0179435 
v -0.0260561 0.007 -0.0183689 
v -0.0258056 0.007 -0.018253 
v -0.0286138 0.007 -0.0209638 
v -0.0268619 0.007 -0.0185463 
v -0.0276822 0.007 -0.0184571 
v -0.0274125 0.007 -0.0185164 
v -0.0244649 0.007 -0.0157243 
v -0.0245096 0.007 -0.0165482 
v -0.0244649 0.007 -0.0162757 
v -0.0271381 0.007 -0.0185463 
v -0.0279439 0.007 -0.0183689 
v -0.0304184 0.007 -0.0183022 
v -0.0286508 0.007 -0.0179435 
v -0.0322189 0.007 -0.0149061 
v -0.0294904 0.007 -0.0165482 
v -0.0265875 0.007 -0.0185164 
v -0.0263178 0.007 -0.0184571 
v -0.028431 0.007 -0.0181106 
v -0.02903 0.007 -0.0175432 
v -0.0288513 0.007 -0.0177536 
v -0.0294165 0.007 -0.0168142 
v -0.0294904 0.007 -0.0154518 
v -0.0295351 0.007 -0.0157243 
v -0.0288513 0.007 -0.0142464 
v -0.02903 0.007 -0.0144568 
v -0.0336417 0.007 -0.0113352 
v -0.0295351 0.007 -0.0162757 
v -0.02955 0.007 -0.016 
v -0.0293143 0.007 -0.0149293 
v -0.0294165 0.007 -0.0151858 
v -0.0341196 0.007 -0.00961383 
v -0.0286508 0.007 -0.0140565 
v -0.0245835 0.007 -0.0151858 
v -0.0246857 0.007 -0.0149293 
v -0.0281944 0.007 -0.018253 
v -0.0293143 0.007 -0.0170707 
v -0.029185 0.007 -0.0173147 
v -0.029185 0.007 -0.0146853 
v -0.0271381 0.007 -0.0134537 
v -0.0274125 0.007 -0.0134836 
v -0.0258056 0.007 -0.013747 
v -0.0260561 0.007 -0.0136311 
v -0.0245096 0.007 -0.0154518 
v -0.028431 0.007 -0.0138894 
v -0.0279439 0.007 -0.0136311 
v -0.0281944 0.007 -0.013747 
v -0.0276822 0.007 -0.0135429 
v -0.0268619 0.007 -0.0134537 
v -0.0263178 0.007 -0.0135429 
v -0.0265875 0.007 -0.0134836 
v -0.025569 0.007 -0.0138894 
v -0.0251487 0.007 -0.0142464 
v -0.0253492 0.007 -0.0140565 
v -0.024815 0.007 -0.0146853 
v -0.02497 0.007 -0.0144568 
v -0.03467 0.007 -0.00763145 
v -0.0352919 0.007 -0.00383823 
v -0.0355 0.007 5.23537e-18 
v -0.0352293 0.007 -0.00422 
v -0.0352919 0.007 0.00383823 
v 0.0185998 0.007 -0.0233026 
v 0.0192026 0.007 -0.0231699 
v 0.020325 0.007 -0.0290767 
v 0.0179863 0.007 -0.0233693 
v 0.0199221 0.007 -0.029383 
v 0.0161528 0.007 -0.0231699 
v 0.0167555 0.007 -0.0233026 
v 0.0166285 0.007 -0.0313647 
v 0.0131399 0.007 -0.0329787 
v 0.0155679 0.007 -0.0229728 
v 0.0144789 0.007 -0.0223955 
v 0.0150077 0.007 -0.0227137 
v 0.00949726 0.007 -0.034206 
v 0.0139876 0.007 -0.022022 
v 0.00574326 0.007 -0.0350323 
v 0.0173691 0.007 -0.0233693 
v 0.0130292 0.007 -0.0209638 
v 0.0131399 0.007 -0.0211272 
v 0.0135395 0.007 -0.0215976 
v 0.0197875 0.007 -0.0229728 
v 0.0203476 0.007 -0.0227137 
v 0.0208764 0.007 -0.0223955 
v 0.0231638 0.007 -0.0268847 
v 0.0229822 0.007 -0.0270568 
v 0.020325 0.007 -0.0227241 
v 0.0222154 0.007 -0.0211272 
v 0.0213678 0.007 -0.022022 
v 0.0218158 0.007 -0.0215976 
v 0.0228508 0.007 -0.020071 
v 0.0230793 0.007 -0.0194977 
v 0.0225618 0.007 -0.0206163 
v 0.0223261 0.007 -0.0209638 
v 0.0233777 0.007 -0.0176777 
v 0.0232444 0.007 -0.018903 
v 0.0233443 0.007 -0.0182939 
v 0.0232444 0.007 -0.0164523 
v 0.0231638 0.007 -0.0161621 
v 0.0233443 0.007 -0.0170614 
v 0.0231638 0.007 -0.0191932 
v 0.0222154 0.007 -0.0142282 
v 0.0218158 0.007 -0.0137578 
v 0.0228508 0.007 -0.0152843 
v 0.0225618 0.007 -0.014739 
v 0.0213678 0.007 -0.0133333 
v 0.0208764 0.007 -0.0129598 
v 0.0230793 0.007 -0.0158577 
v 0.0203476 0.007 -0.0126417 
v 0.020325 0.007 -0.0126312 
v 0.0121109 0.007 -0.0164523 
v 0.0120111 0.007 -0.0170614 
v 0.012276 0.007 -0.0158577 
v 0.0179863 0.007 -0.011986 
v 0.0173691 0.007 -0.011986 
v 0.0119777 0.007 -0.0176777 
v 0.0120111 0.007 -0.0182939 
v 0.0125045 0.007 -0.0152843 
v 0.0161528 0.007 -0.0121854 
v 0.0155679 0.007 -0.0123825 
v 0.0167555 0.007 -0.0120528 
v 0.0185998 0.007 -0.0120528 
v 0.0197875 0.007 -0.0123825 
v 0.0192026 0.007 -0.0121854 
v 0.0131399 0.007 -0.0142282 
v 0.0127936 0.007 -0.014739 
v 0.0125045 0.007 -0.020071 
v 0.0127936 0.007 -0.0206163 
v 0.0121109 0.007 -0.018903 
v 0.012276 0.007 -0.0194977 
v 0.0139876 0.007 -0.0133333 
v 0.0135395 0.007 -0.0137578 
v 0.0150077 0.007 -0.0126417 
v 0.0144789 0.007 -0.0129598 
v -0.0161528 0.007 0.0121854 
v -0.0155679 0.007 0.0123825 
v -0.0173691 0.007 0.011986 
v -0.0192026 0.007 0.0121854 
v -0.0185998 0.007 0.0120528 
v -0.0167555 0.007 0.0120528 
v -0.0179863 0.007 0.011986 
v -0.0197875 0.007 0.0123825 
v -0.0203476 0.007 0.0126417 
v -0.0150077 0.007 0.0126417 
v -0.0148878 0.007 0.0127138 
v -0.0204676 0.007 0.0127138 
v -0.0120111 0.007 0.0170614 
v -0.0119777 0.007 0.0176777 
v -0.0121109 0.007 0.0164523 
v -0.0125045 0.007 0.0152843 
v -0.012276 0.007 0.0158577 
v -0.0121109 0.007 0.018903 
v -0.012276 0.007 0.0194977 
v -0.0131399 0.007 0.0142282 
v -0.0127936 0.007 0.014739 
v -0.0120111 0.007 0.0182939 
v -0.0139876 0.007 0.0133333 
v -0.0135395 0.007 0.0137578 
v -0.0125045 0.007 0.020071 
v -0.0144789 0.007 0.0129598 
v -0.0135395 0.007 0.0215976 
v -0.0139876 0.007 0.022022 
v -0.0239138 0.007 0.0261743 
v -0.0222154 0.007 0.0211272 
v -0.0225618 0.007 0.0206163 
v -0.0208764 0.007 0.0223955 
v -0.0213678 0.007 0.022022 
v -0.0161528 0.007 0.0231699 
v -0.0167555 0.007 0.0233026 
v -0.0166285 0.007 0.0313647 
v -0.0155679 0.007 0.0229728 
v -0.0131399 0.007 0.0329787 
v -0.0144789 0.007 0.0223955 
v -0.0150077 0.007 0.0227137 
v -0.00949726 0.007 0.034206 
v -0.0131399 0.007 0.0211272 
v -0.0218158 0.007 0.0215976 
v -0.0199221 0.007 0.029383 
v -0.0192026 0.007 0.0231699 
v -0.0197875 0.007 0.0229728 
v -0.0179863 0.007 0.0233693 
v -0.0185998 0.007 0.0233026 
v -0.0127936 0.007 0.0206163 
v -0.0229822 0.007 0.0270568 
v -0.0203476 0.007 0.0227137 
v -0.0173691 0.007 0.0233693 
v -0.0126126 0.007 0.020275 
v -0.0230793 0.007 0.0158577 
v -0.0228508 0.007 0.0152843 
v -0.0232444 0.007 0.018903 
v -0.0233443 0.007 0.0182939 
v -0.0213678 0.007 0.0133333 
v -0.0208764 0.007 0.0129598 
v -0.0222154 0.007 0.0142282 
v -0.0218158 0.007 0.0137578 
v -0.0225618 0.007 0.014739 
v -0.0233777 0.007 0.0176777 
v -0.0230793 0.007 0.0194977 
v -0.0227427 0.007 0.020275 
v -0.0228508 0.007 0.020071 
v -0.0232444 0.007 0.0164523 
v -0.0233443 0.007 0.0170614 
v 0.0161528 0.007 0.0121854 
v 0.0167555 0.007 0.0120528 
v 0.0173691 0.007 0.011986 
v 0.0179863 0.007 0.011986 
v 0.0155679 0.007 0.0123825 
v 0.0185998 0.007 0.0120528 
v 0.0150077 0.007 0.0126417 
v 0.0148878 0.007 0.0127138 
v 0.0192026 0.007 0.0121854 
v 0.0197875 0.007 0.0123825 
v 0.0203476 0.007 0.0126417 
v 0.0204676 0.007 0.0127138 
v 0.020325 0.007 0.0126312 
v 0.0218158 0.007 0.0137578 
v 0.0222154 0.007 0.0142282 
v 0.0228508 0.007 0.0152843 
v 0.0230793 0.007 0.0158577 
v 0.0225618 0.007 0.014739 
v 0.0213678 0.007 0.0133333 
v 0.0208764 0.007 0.0129598 
v 0.0233443 0.007 0.0170614 
v 0.0233777 0.007 0.0176777 
v 0.0232444 0.007 0.0164523 
v 0.0232444 0.007 0.018903 
v 0.0231638 0.007 0.0191932 
v 0.0233443 0.007 0.0182939 
v 0.0231638 0.007 0.0161621 
v 0.0230793 0.007 0.0194977 
v 0.0228508 0.007 0.020071 
v 0.0229822 0.007 0.0270568 
v 0.0203476 0.007 0.0227137 
v 0.020325 0.007 0.0227241 
v 0.0222154 0.007 0.0211272 
v 0.0218158 0.007 0.0215976 
v 0.0208764 0.007 0.0223955 
v 0.0225618 0.007 0.0206163 
v 0.0227427 0.007 0.020275 
v 0.0213678 0.007 0.022022 
v 0.0139876 0.007 0.022022 
v 0.00574326 0.007 0.0350323 
v 0.0144789 0.007 0.0223955 
v 0.00949726 0.007 0.034206 
v 0.0127936 0.007 0.0206163 
v 0.0135395 0.007 0.0215976 
v 0.0131399 0.007 0.0211272 
v 0.0150077 0.007 0.0227137 
v 0.0155679 0.007 0.0229728 
v 0.0131399 0.007 0.0329787 
v 0.0161528 0.007 0.0231699 
v 0.0166285 0.007 0.0313647 
v 0.0167555 0.007 0.0233026 
v 0.0179863 0.007 0.0233693 
v 0.0173691 0.007 0.0233693 
v 0.0199221 0.007 0.029383 
v 0.0185998 0.007 0.0233026 
v 0.020325 0.007 0.0290767 
v 0.0197875 0.007 0.0229728 
v 0.0192026 0.007 0.0231699 
v 0.0121109 0.007 0.018903 
v 0.0120111 0.007 0.0182939 
v 0.0139876 0.007 0.0133333 
v 0.0144789 0.007 0.0129598 
v 0.0131399 0.007 0.0142282 
v 0.0135395 0.007 0.0137578 
v 0.0125045 0.007 0.0152843 
v 0.0127936 0.007 0.014739 
v 0.0121109 0.007 0.0164523 
v 0.012276 0.007 0.0158577 
v 0.0119777 0.007 0.0176777 
v 0.0120111 0.007 0.0170614 
v 0.012276 0.007 0.0194977 
v 0.0126126 0.007 0.020275 
v 0.0125045 0.007 0.020071 
v -0.0144789 0.007 -0.0223955 
v -0.00748883 0.007 -0.0346481 
v -0.00949726 0.007 -0.034206 
v -0.0155679 0.007 -0.0229728 
v -0.0131399 0.007 -0.0329787 
v -0.0161528 0.007 -0.0231699 
v -0.0166285 0.007 -0.0313647 
v -0.0150077 0.007 -0.0227137 
v -0.0167555 0.007 -0.0233026 
v -0.0179863 0.007 -0.0233693 
v -0.0173691 0.007 -0.0233693 
v -0.0199221 0.007 -0.029383 
v -0.0192026 0.007 -0.0231699 
v -0.0185998 0.007 -0.0233026 
v -0.0229822 0.007 -0.0270568 
v -0.0208764 0.007 -0.0223955 
v -0.0197875 0.007 -0.0229728 
v -0.0213678 0.007 -0.022022 
v -0.0131399 0.007 -0.0211272 
v -0.0130292 0.007 -0.0209638 
v -0.0139876 0.007 -0.022022 
v -0.0135395 0.007 -0.0215976 
v -0.0203476 0.007 -0.0227137 
v -0.0222154 0.007 -0.0211272 
v -0.0218158 0.007 -0.0215976 
v -0.0223261 0.007 -0.0209638 
v -0.0167555 0.007 -0.0120528 
v -0.0173691 0.007 -0.011986 
v -0.0179863 0.007 -0.011986 
v -0.0161528 0.007 -0.0121854 
v -0.0213678 0.007 -0.0133333 
v -0.0218158 0.007 -0.0137578 
v -0.0192026 0.007 -0.0121854 
v -0.0197875 0.007 -0.0123825 
v -0.0131399 0.007 -0.0142282 
v -0.0135395 0.007 -0.0137578 
v -0.0208764 0.007 -0.0129598 
v -0.0203476 0.007 -0.0126417 
v -0.0155679 0.007 -0.0123825 
v -0.0139876 0.007 -0.0133333 
v -0.0222154 0.007 -0.0142282 
v -0.0225618 0.007 -0.014739 
v -0.0150077 0.007 -0.0126417 
v -0.0144789 0.007 -0.0129598 
v -0.0125045 0.007 -0.0152843 
v -0.0127936 0.007 -0.014739 
v -0.0120111 0.007 -0.0182939 
v -0.0119777 0.007 -0.0176777 
v -0.0185998 0.007 -0.0120528 
v -0.0121109 0.007 -0.018903 
v -0.0125045 0.007 -0.020071 
v -0.012276 0.007 -0.0194977 
v -0.0233443 0.007 -0.0170614 
v -0.0233777 0.007 -0.0176777 
v -0.0228508 0.007 -0.0152843 
v -0.0230793 0.007 -0.0158577 
v -0.0121109 0.007 -0.0164523 
v -0.012276 0.007 -0.0158577 
v -0.0120111 0.007 -0.0170614 
v -0.0127936 0.007 -0.0206163 
v -0.0232444 0.007 -0.0164523 
v -0.0230793 0.007 -0.0194977 
v -0.0228508 0.007 -0.020071 
v -0.0232444 0.007 -0.018903 
v -0.0233443 0.007 -0.0182939 
v -0.0225618 0.007 -0.0206163 
v 0.00492078 0.007 0.00626871 
v 0.00488457 0.007 0.00639913 
v 0.00494267 0.007 0.00613515 
v 0.00495 0.007 0.006 
v 0.00488457 0.007 0.00560087 
v 0.00492078 0.007 0.00573129 
v 0.00416267 0.007 0.00483878 
v 0.00428551 0.007 0.00489561 
v 0.00403441 0.007 0.00479556 
v 0.00450923 0.007 0.0069527 
v 0.00440148 0.007 0.00703461 
v 0.00494267 0.007 0.00586485 
v 0.00483447 0.007 0.00547514 
v 0.00469512 0.007 0.00524353 
v 0.00477107 0.007 0.00535556 
v 0.00428551 0.007 0.00710439 
v 0.00469512 0.007 0.00675647 
v 0.00460749 0.007 0.00685962 
v 0.00460749 0.007 0.00514038 
v 0.00440148 0.007 0.00496539 
v 0.00450923 0.007 0.0050473 
v 0.003975 0.007 0.00478249 
v 0.00483447 0.007 0.00652486 
v 0.00477107 0.007 0.00664444 
v 0.00403441 0.007 0.00720444 
v 0.003975 0.007 0.00721751 
v 0.00416267 0.007 0.00716122 
v 0.00245733 0.007 0.00613515 
v 0.00247922 0.007 0.00626871 
v 0.00251543 0.007 0.00639913 
v 0.00262893 0.007 0.00664444 
v 0.00256553 0.007 0.00652486 
v 0.00311449 0.007 0.00710439 
v 0.00270488 0.007 0.00524353 
v 0.00279251 0.007 0.00514038 
v 0.00247922 0.007 0.00573129 
v 0.00251543 0.007 0.00560087 
v 0.00279251 0.007 0.00685962 
v 0.00270488 0.007 0.00675647 
v 0.00323733 0.007 0.00716122 
v 0.00299852 0.007 0.00496539 
v 0.00311449 0.007 0.00489561 
v 0.00262893 0.007 0.00535556 
v 0.00245733 0.007 0.00586485 
v 0.00245 0.007 0.006 
v 0.00289077 0.007 0.0069527 
v 0.00299852 0.007 0.00703461 
v 0.00289077 0.007 0.0050473 
v 0.00256553 0.007 0.00547514 
v 0.00323733 0.007 0.00483878 
v 0.00349777 0.007 0.00723353 
v 0.00336559 0.007 0.00720444 
v 0.00336559 0.007 0.00479556 
v 0.00376767 0.007 0.00724817 
v 0.00363233 0.007 0.00724817 
v 0.00363233 0.007 0.00475183 
v 0.00376767 0.007 0.00475183 
v 0.00390223 0.007 0.00723353 
v 0.00349777 0.007 0.00476647 
v 0.00390223 0.007 0.00476647 
v 0.005075 0.007 -0.00961383 
v 0.005075 0.007 -0.0209638 
v 0.003975 0.007 -0.0209638 
v 0.003975 0.007 -0.00961383 
v -0.00748883 0.007 -0.0209638 
v 0.031025 0.007 -0.00422 
v 0.031025 0.007 -0.00961383 
v 0.0239138 0.007 -0.00961383 
v 0.0239138 0.007 -0.00422 
v 0.0231638 0.007 -0.00961383 
v 0.020325 0.007 -0.00961383 
v 0.020325 0.007 -0.00422 
v 0.0231638 0.007 -0.00422 
v 0.005075 0.007 -0.00422 
v 0.003975 0.007 -0.00422 
v -0.00748883 0.007 -0.00961383 
v -0.00748883 0.007 -0.00422 
v -0.0239138 0.007 -0.00961383 
v 0.0239138 0.007 0.00422 
v 0.0231638 0.007 0.00422 
v 0.005075 0.007 0.00422 
v 0.020325 0.007 0.00422 
v 0.003975 0.007 0.00422 
v -0.00748883 0.007 0.00422 
v -0.0239138 0.007 -0.00422 
v 0.031025 0.007 0.00961383 
v 0.031025 0.007 0.00422 
v 0.0239138 0.007 0.00961383 
v 0.0231638 0.007 0.00961383 
v 0.020325 0.007 0.00961383 
v -0.00748883 0.007 0.00961383 
v -0.0239138 0.007 0.00422 
v 0.031025 0.007 0.0127138 
v 0.0239138 0.007 0.0127138 
v 0.005075 0.007 0.0127138 
v 0.005075 0.007 0.00961383 
v 0.003975 0.007 0.00961383 
v 0.003975 0.007 0.0127138 
v 0.005075 0.007 0.020275 
v 0.003975 0.007 0.020275 
v -0.00748883 0.007 0.0127138 
v -0.0239138 0.007 0.00961383 
v -0.0239138 0.007 0.0127138 
v -0.0239138 0.007 0.020275 
v -0.00748883 0.007 0.020275 
v 0.0231638 0.007 0.020275 
v 0.0239138 0.007 0.020275 
v 0.0239138 0.007 -0.0209638 
v 0.0231638 0.007 -0.0209638 
v -0.0239138 0.007 -0.0209638 
v 0.0231638 0.007 0.0127138 
v 0.0073 0.0065 -0.00319 
v 0.0181 0.0065 -0.00319 
v 0.00713275 0.0065 -0.00318124 
v 0.00696734 0.0065 -0.00315504 
v 0.00680557 0.0065 -0.00311169 
v 0.00664922 0.0065 -0.00305167 
v 0.0065 0.0065 -0.00297564 
v 0.00635954 0.0065 -0.00288443 
v 0.00622939 0.0065 -0.00277903 
v 0.00611097 0.0065 -0.00266061 
v 0.00600557 0.0065 -0.00253046 
v 0.00591436 0.0065 -0.00239 
v 0.00583833 0.0065 -0.00224078 
v 0.00577831 0.0065 -0.00208443 
v 0.00573496 0.0065 -0.00192266 
v 0.00570876 0.0065 -0.00175725 
v 0.0057 0.0065 -0.00159 
v 0.0196912 0.0065 -0.00175725 
v 0.019665 0.0065 -0.00192266 
v 0.0196217 0.0065 -0.00208443 
v 0.0195617 0.0065 -0.00224078 
v 0.0194856 0.0065 -0.00239 
v 0.0193944 0.0065 -0.00253046 
v 0.019289 0.0065 -0.00266061 
v 0.0191706 0.0065 -0.00277903 
v 0.0190405 0.0065 -0.00288443 
v 0.0189 0.0065 -0.00297564 
v 0.0187508 0.0065 -0.00305167 
v 0.0185944 0.0065 -0.00311169 
v 0.0184327 0.0065 -0.00315504 
v 0.0182672 0.0065 -0.00318124 
v 0.0197 0.0065 -0.00159 
v 0.0057 0.0065 0.00159 
v 0.0197 0.0065 0.00159 
v 0.00570876 0.0065 0.00175725 
v 0.00573496 0.0065 0.00192266 
v 0.00577831 0.0065 0.00208443 
v 0.00583833 0.0065 0.00224078 
v 0.00591436 0.0065 0.00239 
v 0.00600557 0.0065 0.00253046 
v 0.00611097 0.0065 0.00266061 
v 0.00622939 0.0065 0.00277903 
v 0.00635954 0.0065 0.00288443 
v 0.0065 0.0065 0.00297564 
v 0.00664922 0.0065 0.00305167 
v 0.00680557 0.0065 0.00311169 
v 0.00696734 0.0065 0.00315504 
v 0.00713275 0.0065 0.00318124 
v 0.0073 0.0065 0.00319 
v 0.0182672 0.0065 0.00318124 
v 0.0184327 0.0065 0.00315504 
v 0.0185944 0.0065 0.00311169 
v 0.0187508 0.0065 0.00305167 
v 0.0189 0.0065 0.00297564 
v 0.0190405 0.0065 0.00288443 
v 0.0191706 0.0065 0.00277903 
v 0.019289 0.0065 0.00266061 
v 0.0193944 0.0065 0.00253046 
v 0.0194856 0.0065 0.00239 
v 0.0195617 0.0065 0.00224078 
v 0.0196217 0.0065 0.00208443 
v 0.019665 0.0065 0.00192266 
v 0.0196912 0.0065 0.00175725 
v 0.0181 0.0065 0.00319 
v 0.0073 0.00583 0.00319 
v 0.00713275 0.00583 0.00318124 
v 0.00696734 0.00583 0.00315504 
v 0.00680557 0.00583 0.00311169 
v 0.00664922 0.00583 0.00305167 
v 0.0065 0.00583 0.00297564 
v 0.00635954 0.00583 0.00288443 
v 0.00622939 0.00583 0.00277903 
v 0.00611097 0.00583 0.00266061 
v 0.00600557 0.00583 0.00253046 
v 0.00591436 0.00583 0.00239 
v 0.00583833 0.00583 0.00224078 
v 0.00577831 0.00583 0.00208443 
v 0.00573496 0.00583 0.00192266 
v 0.00570876 0.00583 0.00175725 
v 0.0057 0.00583 0.00159 
v 0.0197 0.00583 0.00159 
v 0.0196912 0.00583 0.00175725 
v 0.019665 0.00583 0.00192266 
v 0.0196217 0.00583 0.00208443 
v 0.0195617 0.00583 0.00224078 
v 0.0194856 0.00583 0.00239 
v 0.0193944 0.00583 0.00253046 
v 0.019289 0.00583 0.00266061 
v 0.0191706 0.00583 0.00277903 
v 0.0190405 0.00583 0.00288443 
v 0.0189 0.00583 0.00297564 
v 0.0187508 0.00583 0.00305167 
v 0.0185944 0.00583 0.00311169 
v 0.0184327 0.00583 0.00315504 
v 0.0182672 0.00583 0.00318124 
v 0.0181 0.00583 0.00319 
v 0.0181 0.00583 -0.00319 
v 0.0182672 0.00583 -0.00318124 
v 0.0184327 0.00583 -0.00315504 
v 0.0185944 0.00583 -0.00311169 
v 0.0187508 0.00583 -0.00305167 
v 0.0189 0.00583 -0.00297564 
v 0.0190405 0.00583 -0.00288443 
v 0.0191706 0.00583 -0.00277903 
v 0.019289 0.00583 -0.00266061 
v 0.0193944 0.00583 -0.00253046 
v 0.0194856 0.00583 -0.00239 
v 0.0195617 0.00583 -0.00224078 
v 0.0196217 0.00583 -0.00208443 
v 0.019665 0.00583 -0.00192266 
v 0.0196912 0.00583 -0.00175725 
v 0.0197 0.00583 -0.00159 
v 0.0057 0.00583 -0.00159 
v 0.00570876 0.00583 -0.00175725 
v 0.00573496 0.00583 -0.00192266 
v 0.00577831 0.00583 -0.00208443 
v 0.00583833 0.00583 -0.00224078 
v 0.00591436 0.00583 -0.00239 
v 0.00600557 0.00583 -0.00253046 
v 0.00611097 0.00583 -0.00266061 
v 0.00622939 0.00583 -0.00277903 
v 0.00635954 0.00583 -0.00288443 
v 0.0065 0.00583 -0.00297564 
v 0.00664922 0.00583 -0.00305167 
v 0.00680557 0.00583 -0.00311169 
v 0.00696734 0.00583 -0.00315504 
v 0.00713275 0.00583 -0.00318124 
v 0.0073 0.00583 -0.00319 
v -0.0290877 0.00655 -0.015773 
v -0.0290509 0.00655 -0.0155486 
v -0.0289901 0.00655 -0.0153295 
v -0.0289059 0.00655 -0.0151182 
v -0.0287994 0.00655 -0.0149173 
v -0.0286718 0.00655 -0.0147291 
v -0.0285246 0.00655 -0.0145558 
v -0.0283595 0.00655 -0.0143995 
v -0.0281785 0.00655 -0.0142619 
v -0.0279837 0.00655 -0.0141446 
v -0.0277773 0.00655 -0.0140491 
v -0.0275618 0.00655 -0.0139765 
v -0.0273397 0.00655 -0.0139277 
v -0.0271137 0.00655 -0.0139031 
v -0.0268863 0.00655 -0.0139031 
v -0.0266603 0.00655 -0.0139277 
v -0.0264382 0.00655 -0.0139765 
v -0.0262227 0.00655 -0.0140491 
v -0.0260163 0.00655 -0.0141446 
v -0.0258215 0.00655 -0.0142619 
v -0.0256405 0.00655 -0.0143995 
v -0.0254754 0.00655 -0.0145558 
v -0.0253282 0.00655 -0.0147291 
v -0.0252006 0.00655 -0.0149173 
v -0.0250941 0.00655 -0.0151182 
v -0.0250099 0.00655 -0.0153295 
v -0.0249491 0.00655 -0.0155486 
v -0.0249123 0.00655 -0.015773 
v -0.0249 0.00655 -0.016 
v -0.0249123 0.00655 -0.016227 
v -0.0249491 0.00655 -0.0164514 
v -0.0250099 0.00655 -0.0166705 
v -0.0250941 0.00655 -0.0168818 
v -0.0252006 0.00655 -0.0170827 
v -0.0253282 0.00655 -0.0172709 
v -0.0254754 0.00655 -0.0174442 
v -0.0256405 0.00655 -0.0176005 
v -0.0258215 0.00655 -0.0177381 
v -0.0260163 0.00655 -0.0178554 
v -0.0262227 0.00655 -0.0179509 
v -0.0264382 0.00655 -0.0180235 
v -0.0266603 0.00655 -0.0180723 
v -0.0268863 0.00655 -0.0180969 
v -0.0271137 0.00655 -0.0180969 
v -0.0273397 0.00655 -0.0180723 
v -0.0275618 0.00655 -0.0180235 
v -0.0277773 0.00655 -0.0179509 
v -0.0279837 0.00655 -0.0178554 
v -0.0281785 0.00655 -0.0177381 
v -0.0283595 0.00655 -0.0176005 
v -0.0285246 0.00655 -0.0174442 
v -0.0286718 0.00655 -0.0172709 
v -0.0287994 0.00655 -0.0170827 
v -0.0289059 0.00655 -0.0168818 
v -0.0289901 0.00655 -0.0166705 
v -0.0290509 0.00655 -0.0164514 
v -0.0290877 0.00655 -0.016227 
v -0.0291 0.00655 -0.016 
v -0.0291 -0.001 -0.016 
v -0.0290877 -0.001 -0.016227 
v -0.0290509 -0.001 -0.0164514 
v -0.0289901 -0.001 -0.0166705 
v -0.0289059 -0.001 -0.0168818 
v -0.0287994 -0.001 -0.0170827 
v -0.0286718 -0.001 -0.0172709 
v -0.0285246 -0.001 -0.0174442 
v -0.0283595 -0.001 -0.0176005 
v -0.0281785 -0.001 -0.0177381 
v -0.0279837 -0.001 -0.0178554 
v -0.0277773 -0.001 -0.0179509 
v -0.0275618 -0.001 -0.0180235 
v -0.0273397 -0.001 -0.0180723 
v -0.0271137 -0.001 -0.0180969 
v -0.0268863 -0.001 -0.0180969 
v -0.0266603 -0.001 -0.0180723 
v -0.0264382 -0.001 -0.0180235 
v -0.0262227 -0.001 -0.0179509 
v -0.0260163 -0.001 -0.0178554 
v -0.0258215 -0.001 -0.0177381 
v -0.0256405 -0.001 -0.0176005 
v -0.0254754 -0.001 -0.0174442 
v -0.0253282 -0.001 -0.0172709 
v -0.0252006 -0.001 -0.0170827 
v -0.0250941 -0.001 -0.0168818 
v -0.0250099 -0.001 -0.0166705 
v -0.0249491 -0.001 -0.0164514 
v -0.0249123 -0.001 -0.016227 
v -0.0249 -0.001 -0.016 
v -0.0249123 -0.001 -0.015773 
v -0.0249491 -0.001 -0.0155486 
v -0.0250099 -0.001 -0.0153295 
v -0.0250941 -0.001 -0.0151182 
v -0.0252006 -0.001 -0.0149173 
v -0.0253282 -0.001 -0.0147291 
v -0.0254754 -0.001 -0.0145558 
v -0.0256405 -0.001 -0.0143995 
v -0.0258215 -0.001 -0.0142619 
v -0.0260163 -0.001 -0.0141446 
v -0.0262227 -0.001 -0.0140491 
v -0.0264382 -0.001 -0.0139765 
v -0.0266603 -0.001 -0.0139277 
v -0.0268863 -0.001 -0.0139031 
v -0.0271137 -0.001 -0.0139031 
v -0.0273397 -0.001 -0.0139277 
v -0.0275618 -0.001 -0.0139765 
v -0.0277773 -0.001 -0.0140491 
v -0.0279837 -0.001 -0.0141446 
v -0.0281785 -0.001 -0.0142619 
v -0.0283595 -0.001 -0.0143995 
v -0.0285246 -0.001 -0.0145558 
v -0.0286718 -0.001 -0.0147291 
v -0.0287994 -0.001 -0.0149173 
v -0.0289059 -0.001 -0.0151182 
v -0.0289901 -0.001 -0.0153295 
v -0.0290509 -0.001 -0.0155486 
v -0.0290877 -0.001 -0.015773 
v -0.027 -0.00226181 -0.016 
v -0.0290877 0.00655 0.016227 
v -0.0290509 0.00655 0.0164514 
v -0.0289901 0.00655 0.0166705 
v -0.0289059 0.00655 0.0168818 
v -0.0287994 0.00655 0.0170827 
v -0.0286718 0.00655 0.0172709 
v -0.0285246 0.00655 0.0174442 
v -0.0283595 0.00655 0.0176005 
v -0.0281785 0.00655 0.0177381 
v -0.0279837 0.00655 0.0178554 
v -0.0277773 0.00655 0.0179509 
v -0.0275618 0.00655 0.0180235 
v -0.0273397 0.00655 0.0180723 
v -0.0271137 0.00655 0.0180969 
v -0.0268863 0.00655 0.0180969 
v -0.0266603 0.00655 0.0180723 
v -0.0264382 0.00655 0.0180235 
v -0.0262227 0.00655 0.0179509 
v -0.0260163 0.00655 0.0178554 
v -0.0258215 0.00655 0.0177381 
v -0.0256405 0.00655 0.0176005 
v -0.0254754 0.00655 0.0174442 
v -0.0253282 0.00655 0.0172709 
v -0.0252006 0.00655 0.0170827 
v -0.0250941 0.00655 0.0168818 
v -0.0250099 0.00655 0.0166705 
v -0.0249491 0.00655 0.0164514 
v -0.0249123 0.00655 0.016227 
v -0.0249 0.00655 0.016 
v -0.0249123 0.00655 0.015773 
v -0.0249491 0.00655 0.0155486 
v -0.0250099 0.00655 0.0153295 
v -0.0250941 0.00655 0.0151182 
v -0.0252006 0.00655 0.0149173 
v -0.0253282 0.00655 0.0147291 
v -0.0254754 0.00655 0.0145558 
v -0.0256405 0.00655 0.0143995 
v -0.0258215 0.00655 0.0142619 
v -0.0260163 0.00655 0.0141446 
v -0.0262227 0.00655 0.0140491 
v -0.0264382 0.00655 0.0139765 
v -0.0266603 0.00655 0.0139277 
v -0.0268863 0.00655 0.0139031 
v -0.0271137 0.00655 0.0139031 
v -0.0273397 0.00655 0.0139277 
v -0.0275618 0.00655 0.0139765 
v -0.0277773 0.00655 0.0140491 
v -0.0279837 0.00655 0.0141446 
v -0.0281785 0.00655 0.0142619 
v -0.0283595 0.00655 0.0143995 
v -0.0285246 0.00655 0.0145558 
v -0.0286718 0.00655 0.0147291 
v -0.0287994 0.00655 0.0149173 
v -0.0289059 0.00655 0.0151182 
v -0.0289901 0.00655 0.0153295 
v -0.0290509 0.00655 0.0155486 
v -0.0290877 0.00655 0.015773 
v -0.0291 0.00655 0.016 
v -0.0291 -0.001 0.016 
v -0.0290877 -0.001 0.015773 
v -0.0290509 -0.001 0.0155486 
v -0.0289901 -0.001 0.0153295 
v -0.0289059 -0.001 0.0151182 
v -0.0287994 -0.001 0.0149173 
v -0.0286718 -0.001 0.0147291 
v -0.0285246 -0.001 0.0145558 
v -0.0283595 -0.001 0.0143995 
v -0.0281785 -0.001 0.0142619 
v -0.0279837 -0.001 0.0141446 
v -0.0277773 -0.001 0.0140491 
v -0.0275618 -0.001 0.0139765 
v -0.0273397 -0.001 0.0139277 
v -0.0271137 -0.001 0.0139031 
v -0.0268863 -0.001 0.0139031 
v -0.0266603 -0.001 0.0139277 
v -0.0264382 -0.001 0.0139765 
v -0.0262227 -0.001 0.0140491 
v -0.0260163 -0.001 0.0141446 
v -0.0258215 -0.001 0.0142619 
v -0.0256405 -0.001 0.0143995 
v -0.0254754 -0.001 0.0145558 
v -0.0253282 -0.001 0.0147291 
v -0.0252006 -0.001 0.0149173 
v -0.0250941 -0.001 0.0151182 
v -0.0250099 -0.001 0.0153295 
v -0.0249491 -0.001 0.0155486 
v -0.0249123 -0.001 0.015773 
v -0.0249 -0.001 0.016 
v -0.0249123 -0.001 0.016227 
v -0.0249491 -0.001 0.0164514 
v -0.0250099 -0.001 0.0166705 
v -0.0250941 -0.001 0.0168818 
v -0.0252006 -0.001 0.0170827 
v -0.0253282 -0.001 0.0172709 
v -0.0254754 -0.001 0.0174442 
v -0.0256405 -0.001 0.0176005 
v -0.0258215 -0.001 0.0177381 
v -0.0260163 -0.001 0.0178554 
v -0.0262227 -0.001 0.0179509 
v -0.0264382 -0.001 0.0180235 
v -0.0266603 -0.001 0.0180723 
v -0.0268863 -0.001 0.0180969 
v -0.0271137 -0.001 0.0180969 
v -0.0273397 -0.001 0.0180723 
v -0.0275618 -0.001 0.0180235 
v -0.0277773 -0.001 0.0179509 
v -0.0279837 -0.001 0.0178554 
v -0.0281785 -0.001 0.0177381 
v -0.0283595 -0.001 0.0176005 
v -0.0285246 -0.001 0.0174442 
v -0.0286718 -0.001 0.0172709 
v -0.0287994 -0.001 0.0170827 
v -0.0289059 -0.001 0.0168818 
v -0.0289901 -0.001 0.0166705 
v -0.0290509 -0.001 0.0164514 
v -0.0290877 -0.001 0.016227 
v -0.027 -0.00226181 0.016 
v 0.0249123 0.00655 0.016227 
v 0.0249491 0.00655 0.0164514 
v 0.0250099 0.00655 0.0166705 
v 0.0250941 0.00655 0.0168818 
v 0.0252006 0.00655 0.0170827 
v 0.0253282 0.00655 0.0172709 
v 0.0254754 0.00655 0.0174442 
v 0.0256405 0.00655 0.0176005 
v 0.0258215 0.00655 0.0177381 
v 0.0260163 0.00655 0.0178554 
v 0.0262227 0.00655 0.0179509 
v 0.0264382 0.00655 0.0180235 
v 0.0266603 0.00655 0.0180723 
v 0.0268863 0.00655 0.0180969 
v 0.0271137 0.00655 0.0180969 
v 0.0273397 0.00655 0.0180723 
v 0.0275618 0.00655 0.0180235 
v 0.0277773 0.00655 0.0179509 
v 0.0279837 0.00655 0.0178554 
v 0.0281785 0.00655 0.0177381 
v 0.0283595 0.00655 0.0176005 
v 0.0285246 0.00655 0.0174442 
v 0.0286718 0.00655 0.0172709 
v 0.0287994 0.00655 0.0170827 
v 0.0289059 0.00655 0.0168818 
v 0.0289901 0.00655 0.0166705 
v 0.0290509 0.00655 0.0164514 
v 0.0290877 0.00655 0.016227 
v 0.0291 0.00655 0.016 
v 0.0290877 0.00655 0.015773 
v 0.0290509 0.00655 0.0155486 
v 0.0289901 0.00655 0.0153295 
v 0.0289059 0.00655 0.0151182 
v 0.0287994 0.00655 0.0149173 
v 0.0286718 0.00655 0.0147291 
v 0.0285246 0.00655 0.0145558 
v 0.0283595 0.00655 0.0143995 
v 0.0281785 0.00655 0.0142619 
v 0.0279837 0.00655 0.0141446 
v 0.0277773 0.00655 0.0140491 
v 0.0275618 0.00655 0.0139765 
v 0.0273397 0.00655 0.0139277 
v 0.0271137 0.00655 0.0139031 
v 0.0268863 0.00655 0.0139031 
v 0.0266603 0.00655 0.0139277 
v 0.0264382 0.00655 0.0139765 
v 0.0262227 0.00655 0.0140491 
v 0.0260163 0.00655 0.0141446 
v 0.0258215 0.00655 0.0142619 
v 0.0256405 0.00655 0.0143995 
v 0.0254754 0.00655 0.0145558 
v 0.0253282 0.00655 0.0147291 
v 0.0252006 0.00655 0.0149173 
v 0.0250941 0.00655 0.0151182 
v 0.0250099 0.00655 0.0153295 
v 0.0249491 0.00655 0.0155486 
v 0.0249123 0.00655 0.015773 
v 0.0249 0.00655 0.016 
v 0.0249 -0.001 0.016 
v 0.0249123 -0.001 0.015773 
v 0.0249491 -0.001 0.0155486 
v 0.0250099 -0.001 0.0153295 
v 0.0250941 -0.001 0.0151182 
v 0.0252006 -0.001 0.0149173 
v 0.0253282 -0.001 0.0147291 
v 0.0254754 -0.001 0.0145558 
v 0.0256405 -0.001 0.0143995 
v 0.0258215 -0.001 0.0142619 
v 0.0260163 -0.001 0.0141446 
v 0.0262227 -0.001 0.0140491 
v 0.0264382 -0.001 0.0139765 
v 0.0266603 -0.001 0.0139277 
v 0.0268863 -0.001 0.0139031 
v 0.0271137 -0.001 0.0139031 
v 0.0273397 -0.001 0.0139277 
v 0.0275618 -0.001 0.0139765 
v 0.0277773 -0.001 0.0140491 
v 0.0279837 -0.001 0.0141446 
v 0.0281785 -0.001 0.0142619 
v 0.0283595 -0.001 0.0143995 
v 0.0285246 -0.001 0.0145558 
v 0.0286718 -0.001 0.0147291 
v 0.0287994 -0.001 0.0149173 
v 0.0289059 -0.001 0.0151182 
v 0.0289901 -0.001 0.0153295 
v 0.0290509 -0.001 0.0155486 
v 0.0290877 -0.001 0.015773 
v 0.0291 -0.001 0.016 
v 0.0290877 -0.001 0.016227 
v 0.0290509 -0.001 0.0164514 
v 0.0289901 -0.001 0.0166705 
v 0.0289059 -0.001 0.0168818 
v 0.0287994 -0.001 0.0170827 
v 0.0286718 -0.001 0.0172709 
v 0.0285246 -0.001 0.0174442 
v 0.0283595 -0.001 0.0176005 
v 0.0281785 -0.001 0.0177381 
v 0.0279837 -0.001 0.0178554 
v 0.0277773 -0.001 0.0179509 
v 0.0275618 -0.001 0.0180235 
v 0.0273397 -0.001 0.0180723 
v 0.0271137 -0.001 0.0180969 
v 0.0268863 -0.001 0.0180969 
v 0.0266603 -0.001 0.0180723 
v 0.0264382 -0.001 0.0180235 
v 0.0262227 -0.001 0.0179509 
v 0.0260163 -0.001 0.0178554 
v 0.0258215 -0.001 0.0177381 
v 0.0256405 -0.001 0.0176005 
v 0.0254754 -0.001 0.0174442 
v 0.0253282 -0.001 0.0172709 
v 0.0252006 -0.001 0.0170827 
v 0.0250941 -0.001 0.0168818 
v 0.0250099 -0.001 0.0166705 
v 0.0249491 -0.001 0.0164514 
v 0.0249123 -0.001 0.016227 
v 0.027 -0.00226181 0.016 
v 0.0285 0.002 4.37811e-18 
v 0.0285117 0.002 -0.000216238 
v 0.0285468 0.002 -0.000429941 
v 0.0286047 0.002 -0.000638603 
v 0.0286848 0.002 -0.000839778 
v 0.0287863 0.002 -0.00103111 
v 0.0289078 0.002 -0.00121035 
v 0.029048 0.002 -0.0013754 
v 0.0292052 0.002 -0.00152432 
v 0.0293776 0.002 -0.00165538 
v 0.0295632 0.002 -0.00176702 
v 0.0297597 0.002 -0.00185795 
v 0.0299649 0.002 -0.0019271 
v 0.0301764 0.002 -0.00197365 
v 0.0303917 0.002 -0.00199707 
v 0.0306083 0.002 -0.00199707 
v 0.0310351 0.002 -0.0019271 
v 0.0308236 0.002 -0.00197365 
v 0.0312403 0.002 -0.00185795 
v 0.0314368 0.002 -0.00176702 
v 0.0316224 0.002 -0.00165538 
v 0.0317948 0.002 -0.00152432 
v 0.031952 0.002 -0.0013754 
v 0.0320922 0.002 -0.00121035 
v 0.0322137 0.002 -0.00103111 
v 0.0323152 0.002 -0.000839778 
v 0.0323953 0.002 -0.000638603 
v 0.0324532 0.002 -0.000429941 
v 0.0324883 0.002 -0.000216238 
v 0.0325 0.002 4.07133e-18 
v 0.0324883 0.002 0.000216238 
v 0.0324532 0.002 0.000429941 
v 0.0323953 0.002 0.000638603 
v 0.0323152 0.002 0.000839778 
v 0.0322137 0.002 0.00103111 
v 0.0320922 0.002 0.00121035 
v 0.031952 0.002 0.0013754 
v 0.0317948 0.002 0.00152432 
v 0.0316224 0.002 0.00165538 
v 0.0314368 0.002 0.00176702 
v 0.0312403 0.002 0.00185795 
v 0.0308236 0.002 0.00197365 
v 0.0310351 0.002 0.0019271 
v 0.0306083 0.002 0.00199707 
v 0.0303917 0.002 0.00199707 
v 0.0301764 0.002 0.00197365 
v 0.0299649 0.002 0.0019271 
v 0.0297597 0.002 0.00185795 
v 0.0295632 0.002 0.00176702 
v 0.0293776 0.002 0.00165538 
v 0.0292052 0.002 0.00152432 
v 0.029048 0.002 0.0013754 
v 0.0289078 0.002 0.00121035 
v 0.0287863 0.002 0.00103111 
v 0.0286848 0.002 0.000839778 
v 0.0286047 0.002 0.000638603 
v 0.0285468 0.002 0.000429941 
v 0.0285117 0.002 0.000216238 
v 0.0305 0.000798279 5.45612e-18 
v 0.0355 0.0094 -2.23883e-17 
v 0.03467 0.0094 -0.00763145 
v 0.0352919 0.0094 -0.00383823 
v 0.0336417 0.0094 -0.0113352 
v 0.0322189 0.0094 -0.0149061 
v 0.0304184 0.0094 -0.0183022 
v 0.0282613 0.0094 -0.0214837 
v 0.0257728 0.0094 -0.0244133 
v 0.0229822 0.0094 -0.0270568 
v 0.0199221 0.0094 -0.029383 
v 0.0166285 0.0094 -0.0313647 
v 0.0131399 0.0094 -0.0329787 
v 0.00949726 0.0094 -0.034206 
v 0.00192193 0.0094 -0.0354479 
v 0.00574326 0.0094 -0.0350323 
v -0.00192193 0.0094 -0.0354479 
v -0.00949726 0.0094 -0.034206 
v -0.00574326 0.0094 -0.0350323 
v -0.0131399 0.0094 -0.0329787 
v -0.0166285 0.0094 -0.0313647 
v -0.0199221 0.0094 -0.029383 
v -0.0257728 0.0094 -0.0244133 
v -0.0229822 0.0094 -0.0270568 
v -0.0304184 0.0094 -0.0183022 
v -0.0282613 0.0094 -0.0214837 
v -0.0322189 0.0094 -0.0149061 
v -0.03467 0.0094 -0.00763145 
v -0.0336417 0.0094 -0.0113352 
v -0.0352919 0.0094 -0.00383823 
v -0.0355 0.0094 -8.248e-18 
v -0.03467 0.0094 0.00763145 
v -0.0352919 0.0094 0.00383823 
v -0.0336417 0.0094 0.0113352 
v -0.0322189 0.0094 0.0149061 
v -0.0304184 0.0094 0.0183022 
v -0.0282613 0.0094 0.0214837 
v -0.0257728 0.0094 0.0244133 
v -0.0229822 0.0094 0.0270568 
v -0.0199221 0.0094 0.029383 
v -0.0166285 0.0094 0.0313647 
v -0.0131399 0.0094 0.0329787 
v -0.00949726 0.0094 0.034206 
v -0.00574326 0.0094 0.0350323 
v -0.00192193 0.0094 0.0354479 
v 0.00192193 0.0094 0.0354479 
v 0.00574326 0.0094 0.0350323 
v 0.00949726 0.0094 0.034206 
v 0.0131399 0.0094 0.0329787 
v 0.0166285 0.0094 0.0313647 
v 0.0229822 0.0094 0.0270568 
v 0.0199221 0.0094 0.029383 
v 0.0257728 0.0094 0.0244133 
v 0.0304184 0.0094 0.0183022 
v 0.0282613 0.0094 0.0214837 
v 0.0322189 0.0094 0.0149061 
v 0.0336417 0.0094 0.0113352 
v 0.03467 0.0094 0.00763145 
v 0.0352919 0.0094 0.00383823 
v 0.0119777 -0.0005 -0.0176777 
v 0.0120111 -0.0005 -0.0182939 
v 0.0121109 -0.0005 -0.018903 
v 0.012276 -0.0005 -0.0194977 
v 0.0125045 -0.0005 -0.020071 
v 0.0127936 -0.0005 -0.0206163 
v 0.0131399 -0.0005 -0.0211272 
v 0.0135395 -0.0005 -0.0215976 
v 0.0139876 -0.0005 -0.022022 
v 0.0144789 -0.0005 -0.0223955 
v 0.0150077 -0.0005 -0.0227137 
v 0.0155679 -0.0005 -0.0229728 
v 0.0161528 -0.0005 -0.0231699 
v 0.0167555 -0.0005 -0.0233026 
v 0.0173691 -0.0005 -0.0233693 
v 0.0179863 -0.0005 -0.0233693 
v 0.0185998 -0.0005 -0.0233026 
v 0.0192026 -0.0005 -0.0231699 
v 0.0203476 -0.0005 -0.0227137 
v 0.0197875 -0.0005 -0.0229728 
v 0.0208764 -0.0005 -0.0223955 
v 0.0213678 -0.0005 -0.022022 
v 0.0218158 -0.0005 -0.0215976 
v 0.0225618 -0.0005 -0.0206163 
v 0.0222154 -0.0005 -0.0211272 
v 0.0228508 -0.0005 -0.020071 
v 0.0230793 -0.0005 -0.0194977 
v 0.0232444 -0.0005 -0.018903 
v 0.0233443 -0.0005 -0.0182939 
v 0.0233777 -0.0005 -0.0176777 
v 0.0233443 -0.0005 -0.0170614 
v 0.0230793 -0.0005 -0.0158577 
v 0.0232444 -0.0005 -0.0164523 
v 0.0228508 -0.0005 -0.0152843 
v 0.0225618 -0.0005 -0.014739 
v 0.0222154 -0.0005 -0.0142282 
v 0.0218158 -0.0005 -0.0137578 
v 0.0213678 -0.0005 -0.0133333 
v 0.0208764 -0.0005 -0.0129598 
v 0.0197875 -0.0005 -0.0123825 
v 0.0203476 -0.0005 -0.0126417 
v 0.0192026 -0.0005 -0.0121854 
v 0.0185998 -0.0005 -0.0120528 
v 0.0179863 -0.0005 -0.011986 
v 0.0173691 -0.0005 -0.011986 
v 0.0167555 -0.0005 -0.0120528 
v 0.0161528 -0.0005 -0.0121854 
v 0.0155679 -0.0005 -0.0123825 
v 0.0150077 -0.0005 -0.0126417 
v 0.0144789 -0.0005 -0.0129598 
v 0.0139876 -0.0005 -0.0133333 
v 0.0135395 -0.0005 -0.0137578 
v 0.0131399 -0.0005 -0.0142282 
v 0.0127936 -0.0005 -0.014739 
v 0.0125045 -0.0005 -0.0152843 
v 0.012276 -0.0005 -0.0158577 
v 0.0121109 -0.0005 -0.0164523 
v 0.0120111 -0.0005 -0.0170614 
v 0.0178509 -0.0005 -0.020873 
v 0.0181954 -0.0005 -0.0208355 
v 0.0175044 -0.0005 -0.020873 
v 0.01716 -0.0005 -0.0208355 
v 0.0144964 -0.0005 -0.0180237 
v 0.0145525 -0.0005 -0.0183656 
v 0.0144777 -0.0005 -0.0176777 
v 0.0144964 -0.0005 -0.0173317 
v 0.0145525 -0.0005 -0.0169898 
v 0.0147734 -0.0005 -0.016334 
v 0.0146452 -0.0005 -0.0166559 
v 0.0149357 -0.0005 -0.0160279 
v 0.0185338 -0.0005 -0.020761 
v 0.0146452 -0.0005 -0.0186994 
v 0.0147734 -0.0005 -0.0190213 
v 0.0151302 -0.0005 -0.0157411 
v 0.0153545 -0.0005 -0.015477 
v 0.0197493 -0.0005 -0.0201166 
v 0.0200009 -0.0005 -0.0198783 
v 0.0194735 -0.0005 -0.0203263 
v 0.0188621 -0.0005 -0.0206504 
v 0.0191766 -0.0005 -0.0205049 
v 0.0168216 -0.0005 -0.020761 
v 0.015606 -0.0005 -0.0152388 
v 0.0158819 -0.0005 -0.0150291 
v 0.0161788 -0.0005 -0.0148504 
v 0.0164932 -0.0005 -0.0147049 
v 0.0168216 -0.0005 -0.0145943 
v 0.01716 -0.0005 -0.0145198 
v 0.0202252 -0.0005 -0.0157411 
v 0.0200009 -0.0005 -0.015477 
v 0.0204196 -0.0005 -0.0160279 
v 0.0202252 -0.0005 -0.0196142 
v 0.0175044 -0.0005 -0.0144824 
v 0.0191766 -0.0005 -0.0148504 
v 0.0188621 -0.0005 -0.0147049 
v 0.0194735 -0.0005 -0.0150291 
v 0.0197493 -0.0005 -0.0152388 
v 0.0205819 -0.0005 -0.016334 
v 0.0207102 -0.0005 -0.0166559 
v 0.0208029 -0.0005 -0.0169898 
v 0.0164932 -0.0005 -0.0206504 
v 0.0161788 -0.0005 -0.0205049 
v 0.0158819 -0.0005 -0.0203263 
v 0.0178509 -0.0005 -0.0144824 
v 0.0185338 -0.0005 -0.0145943 
v 0.0207102 -0.0005 -0.0186994 
v 0.0208029 -0.0005 -0.0183656 
v 0.0205819 -0.0005 -0.0190213 
v 0.0204196 -0.0005 -0.0193274 
v 0.015606 -0.0005 -0.0201166 
v 0.0149357 -0.0005 -0.0193274 
v 0.0151302 -0.0005 -0.0196142 
v 0.0181954 -0.0005 -0.0145198 
v 0.0208589 -0.0005 -0.0173317 
v 0.0208777 -0.0005 -0.0176777 
v 0.0208589 -0.0005 -0.0180237 
v 0.0153545 -0.0005 -0.0198783 
v 0.0144777 -0.004 -0.0176777 
v 0.0144964 -0.004 -0.0180237 
v 0.0145525 -0.004 -0.0183656 
v 0.0146452 -0.004 -0.0186994 
v 0.0147734 -0.004 -0.0190213 
v 0.0149357 -0.004 -0.0193274 
v 0.0151302 -0.004 -0.0196142 
v 0.0153545 -0.004 -0.0198783 
v 0.015606 -0.004 -0.0201166 
v 0.0158819 -0.004 -0.0203263 
v 0.0161788 -0.004 -0.0205049 
v 0.0164932 -0.004 -0.0206504 
v 0.0168216 -0.004 -0.020761 
v 0.01716 -0.004 -0.0208355 
v 0.0175044 -0.004 -0.020873 
v 0.0178509 -0.004 -0.020873 
v 0.0181954 -0.004 -0.0208355 
v 0.0185338 -0.004 -0.020761 
v 0.0188621 -0.004 -0.0206504 
v 0.0191766 -0.004 -0.0205049 
v 0.0194735 -0.004 -0.0203263 
v 0.0197493 -0.004 -0.0201166 
v 0.0200009 -0.004 -0.0198783 
v 0.0202252 -0.004 -0.0196142 
v 0.0204196 -0.004 -0.0193274 
v 0.0205819 -0.004 -0.0190213 
v 0.0207102 -0.004 -0.0186994 
v 0.0208029 -0.004 -0.0183656 
v 0.0208589 -0.004 -0.0180237 
v 0.0208777 -0.004 -0.0176777 
v 0.0208589 -0.004 -0.0173317 
v 0.0208029 -0.004 -0.0169898 
v 0.0207102 -0.004 -0.0166559 
v 0.0205819 -0.004 -0.016334 
v 0.0204196 -0.004 -0.0160279 
v 0.0202252 -0.004 -0.0157411 
v 0.0200009 -0.004 -0.015477 
v 0.0197493 -0.004 -0.0152388 
v 0.0194735 -0.004 -0.0150291 
v 0.0191766 -0.004 -0.0148504 
v 0.0188621 -0.004 -0.0147049 
v 0.0185338 -0.004 -0.0145943 
v 0.0181954 -0.004 -0.0145198 
v 0.0178509 -0.004 -0.0144824 
v 0.0175044 -0.004 -0.0144824 
v 0.01716 -0.004 -0.0145198 
v 0.0168216 -0.004 -0.0145943 
v 0.0164932 -0.004 -0.0147049 
v 0.0161788 -0.004 -0.0148504 
v 0.0158819 -0.004 -0.0150291 
v 0.015606 -0.004 -0.0152388 
v 0.0153545 -0.004 -0.015477 
v 0.0151302 -0.004 -0.0157411 
v 0.0149357 -0.004 -0.0160279 
v 0.0147734 -0.004 -0.016334 
v 0.0146452 -0.004 -0.0166559 
v 0.0145525 -0.004 -0.0169898 
v 0.0144964 -0.004 -0.0173317 
v -0.003 -0.004 0.025 
v -0.00298241 -0.004 0.0246756 
v -0.00292986 -0.004 0.0243551 
v -0.00284296 -0.004 0.0240421 
v -0.00272273 -0.004 0.0237403 
v -0.00257057 -0.004 0.0234533 
v -0.00238828 -0.004 0.0231845 
v -0.00217799 -0.004 0.0229369 
v -0.00194216 -0.004 0.0227135 
v -0.00168356 -0.004 0.0225169 
v -0.00140523 -0.004 0.0223495 
v -0.00111041 -0.004 0.0222131 
v -0.000802585 -0.004 0.0221094 
v -0.000485346 -0.004 0.0220395 
v -0.000162417 -0.004 0.0220044 
v 0.000162417 -0.004 0.0220044 
v 0.000485346 -0.004 0.0220395 
v 0.000802585 -0.004 0.0221094 
v 0.00111041 -0.004 0.0222131 
v 0.00140523 -0.004 0.0223495 
v 0.00168356 -0.004 0.0225169 
v 0.00194216 -0.004 0.0227135 
v 0.00217799 -0.004 0.0229369 
v 0.00238828 -0.004 0.0231845 
v 0.00257057 -0.004 0.0234533 
v 0.00272273 -0.004 0.0237403 
v 0.00284296 -0.004 0.0240421 
v 0.00292986 -0.004 0.0243551 
v 0.00298241 -0.004 0.0246756 
v 0.003 -0.004 0.025 
v 0.00298241 -0.004 0.0253244 
v 0.00292986 -0.004 0.0256449 
v 0.00284296 -0.004 0.0259579 
v 0.00272273 -0.004 0.0262597 
v 0.00257057 -0.004 0.0265467 
v 0.00238828 -0.004 0.0268155 
v 0.00217799 -0.004 0.0270631 
v 0.00194216 -0.004 0.0272865 
v 0.00168356 -0.004 0.0274831 
v 0.00140523 -0.004 0.0276505 
v 0.00111041 -0.004 0.0277869 
v 0.000802585 -0.004 0.0278906 
v 0.000485346 -0.004 0.0279605 
v 0.000162417 -0.004 0.0279956 
v -0.000162417 -0.004 0.0279956 
v -0.000485346 -0.004 0.0279605 
v -0.000802585 -0.004 0.0278906 
v -0.00111041 -0.004 0.0277869 
v -0.00140523 -0.004 0.0276505 
v -0.00168356 -0.004 0.0274831 
v -0.00194216 -0.004 0.0272865 
v -0.00217799 -0.004 0.0270631 
v -0.00238828 -0.004 0.0268155 
v -0.00257057 -0.004 0.0265467 
v -0.00272273 -0.004 0.0262597 
v -0.00284296 -0.004 0.0259579 
v -0.00292986 -0.004 0.0256449 
v -0.00298241 -0.004 0.0253244 
v -0.0233777 -0.0005 0.0176777 
v -0.0233443 -0.0005 0.0170614 
v -0.0232444 -0.0005 0.0164523 
v -0.0230793 -0.0005 0.0158577 
v -0.0228508 -0.0005 0.0152843 
v -0.0225618 -0.0005 0.014739 
v -0.0222154 -0.0005 0.0142282 
v -0.0218158 -0.0005 0.0137578 
v -0.0213678 -0.0005 0.0133333 
v -0.0208764 -0.0005 0.0129598 
v -0.0203476 -0.0005 0.0126417 
v -0.0197875 -0.0005 0.0123825 
v -0.0192026 -0.0005 0.0121854 
v -0.0185998 -0.0005 0.0120528 
v -0.0179863 -0.0005 0.011986 
v -0.0173691 -0.0005 0.011986 
v -0.0167555 -0.0005 0.0120528 
v -0.0161528 -0.0005 0.0121854 
v -0.0155679 -0.0005 0.0123825 
v -0.0144789 -0.0005 0.0129598 
v -0.0150077 -0.0005 0.0126417 
v -0.0139876 -0.0005 0.0133333 
v -0.0135395 -0.0005 0.0137578 
v -0.0131399 -0.0005 0.0142282 
v -0.0127936 -0.0005 0.014739 
v -0.0125045 -0.0005 0.0152843 
v -0.012276 -0.0005 0.0158577 
v -0.0121109 -0.0005 0.0164523 
v -0.0120111 -0.0005 0.0170614 
v -0.0119777 -0.0005 0.0176777 
v -0.0120111 -0.0005 0.0182939 
v -0.0121109 -0.0005 0.018903 
v -0.012276 -0.0005 0.0194977 
v -0.0127936 -0.0005 0.0206163 
v -0.0125045 -0.0005 0.020071 
v -0.0131399 -0.0005 0.0211272 
v -0.0135395 -0.0005 0.0215976 
v -0.0139876 -0.0005 0.022022 
v -0.0144789 -0.0005 0.0223955 
v -0.0150077 -0.0005 0.0227137 
v -0.0155679 -0.0005 0.0229728 
v -0.0161528 -0.0005 0.0231699 
v -0.0167555 -0.0005 0.0233026 
v -0.0173691 -0.0005 0.0233693 
v -0.0179863 -0.0005 0.0233693 
v -0.0185998 -0.0005 0.0233026 
v -0.0192026 -0.0005 0.0231699 
v -0.0197875 -0.0005 0.0229728 
v -0.0203476 -0.0005 0.0227137 
v -0.0208764 -0.0005 0.0223955 
v -0.0213678 -0.0005 0.022022 
v -0.0218158 -0.0005 0.0215976 
v -0.0222154 -0.0005 0.0211272 
v -0.0225618 -0.0005 0.0206163 
v -0.0228508 -0.0005 0.020071 
v -0.0230793 -0.0005 0.0194977 
v -0.0232444 -0.0005 0.018903 
v -0.0233443 -0.0005 0.0182939 
v -0.0200009 -0.0005 0.015477 
v -0.0197493 -0.0005 0.0152388 
v -0.0202252 -0.0005 0.0157411 
v -0.0204196 -0.0005 0.0160279 
v -0.0205819 -0.0005 0.016334 
v -0.0207102 -0.0005 0.0166559 
v -0.0144964 -0.0005 0.0173317 
v -0.0144777 -0.0005 0.0176777 
v -0.0145525 -0.0005 0.0169898 
v -0.0194735 -0.0005 0.0150291 
v -0.0208029 -0.0005 0.0169898 
v -0.0208589 -0.0005 0.0173317 
v -0.0208777 -0.0005 0.0176777 
v -0.0208589 -0.0005 0.0180237 
v -0.0208029 -0.0005 0.0183656 
v -0.0146452 -0.0005 0.0166559 
v -0.0147734 -0.0005 0.016334 
v -0.0149357 -0.0005 0.0160279 
v -0.0153545 -0.0005 0.015477 
v -0.0151302 -0.0005 0.0157411 
v -0.015606 -0.0005 0.0152388 
v -0.0205819 -0.0005 0.0190213 
v -0.0207102 -0.0005 0.0186994 
v -0.0204196 -0.0005 0.0193274 
v -0.0200009 -0.0005 0.0198783 
v -0.0202252 -0.0005 0.0196142 
v -0.0197493 -0.0005 0.0201166 
v -0.0153545 -0.0005 0.0198783 
v -0.015606 -0.0005 0.0201166 
v -0.0151302 -0.0005 0.0196142 
v -0.0149357 -0.0005 0.0193274 
v -0.0147734 -0.0005 0.0190213 
v -0.0146452 -0.0005 0.0186994 
v -0.0145525 -0.0005 0.0183656 
v -0.0144964 -0.0005 0.0180237 
v -0.0188621 -0.0005 0.0147049 
v -0.0191766 -0.0005 0.0148504 
v -0.0188621 -0.0005 0.0206504 
v -0.0191766 -0.0005 0.0205049 
v -0.0185338 -0.0005 0.020761 
v -0.0164932 -0.0005 0.0206504 
v -0.0161788 -0.0005 0.0205049 
v -0.0158819 -0.0005 0.0203263 
v -0.0181954 -0.0005 0.0145198 
v -0.0178509 -0.0005 0.0144824 
v -0.0185338 -0.0005 0.0145943 
v -0.0194735 -0.0005 0.0203263 
v -0.0168216 -0.0005 0.020761 
v -0.0164932 -0.0005 0.0147049 
v -0.0161788 -0.0005 0.0148504 
v -0.0168216 -0.0005 0.0145943 
v -0.01716 -0.0005 0.0145198 
v -0.0175044 -0.0005 0.0144824 
v -0.0181954 -0.0005 0.0208355 
v -0.0178509 -0.0005 0.020873 
v -0.0175044 -0.0005 0.020873 
v -0.01716 -0.0005 0.0208355 
v -0.0158819 -0.0005 0.0150291 
v -0.0208777 -0.004 0.0176777 
v -0.0208589 -0.004 0.0173317 
v -0.0208029 -0.004 0.0169898 
v -0.0207102 -0.004 0.0166559 
v -0.0205819 -0.004 0.016334 
v -0.0204196 -0.004 0.0160279 
v -0.0202252 -0.004 0.0157411 
v -0.0200009 -0.004 0.015477 
v -0.0197493 -0.004 0.0152388 
v -0.0194735 -0.004 0.0150291 
v -0.0191766 -0.004 0.0148504 
v -0.0188621 -0.004 0.0147049 
v -0.0185338 -0.004 0.0145943 
v -0.0181954 -0.004 0.0145198 
v -0.0178509 -0.004 0.0144824 
v -0.0175044 -0.004 0.0144824 
v -0.01716 -0.004 0.0145198 
v -0.0168216 -0.004 0.0145943 
v -0.0164932 -0.004 0.0147049 
v -0.0161788 -0.004 0.0148504 
v -0.0158819 -0.004 0.0150291 
v -0.015606 -0.004 0.0152388 
v -0.0153545 -0.004 0.015477 
v -0.0151302 -0.004 0.0157411 
v -0.0149357 -0.004 0.0160279 
v -0.0147734 -0.004 0.016334 
v -0.0146452 -0.004 0.0166559 
v -0.0145525 -0.004 0.0169898 
v -0.0144964 -0.004 0.0173317 
v -0.0144777 -0.004 0.0176777 
v -0.0144964 -0.004 0.0180237 
v -0.0145525 -0.004 0.0183656 
v -0.0146452 -0.004 0.0186994 
v -0.0147734 -0.004 0.0190213 
v -0.0149357 -0.004 0.0193274 
v -0.0151302 -0.004 0.0196142 
v -0.0153545 -0.004 0.0198783 
v -0.015606 -0.004 0.0201166 
v -0.0158819 -0.004 0.0203263 
v -0.0161788 -0.004 0.0205049 
v -0.0164932 -0.004 0.0206504 
v -0.0168216 -0.004 0.020761 
v -0.01716 -0.004 0.0208355 
v -0.0175044 -0.004 0.020873 
v -0.0178509 -0.004 0.020873 
v -0.0181954 -0.004 0.0208355 
v -0.0185338 -0.004 0.020761 
v -0.0188621 -0.004 0.0206504 
v -0.0191766 -0.004 0.0205049 
v -0.0194735 -0.004 0.0203263 
v -0.0197493 -0.004 0.0201166 
v -0.0200009 -0.004 0.0198783 
v -0.0202252 -0.004 0.0196142 
v -0.0204196 -0.004 0.0193274 
v -0.0205819 -0.004 0.0190213 
v -0.0207102 -0.004 0.0186994 
v -0.0208029 -0.004 0.0183656 
v -0.0208589 -0.004 0.0180237 
v 0.0119777 -0.0005 0.0176777 
v 0.0120111 -0.0005 0.0170614 
v 0.0121109 -0.0005 0.0164523 
v 0.012276 -0.0005 0.0158577 
v 0.0125045 -0.0005 0.0152843 
v 0.0127936 -0.0005 0.014739 
v 0.0131399 -0.0005 0.0142282 
v 0.0135395 -0.0005 0.0137578 
v 0.0139876 -0.0005 0.0133333 
v 0.0144789 -0.0005 0.0129598 
v 0.0150077 -0.0005 0.0126417 
v 0.0155679 -0.0005 0.0123825 
v 0.0161528 -0.0005 0.0121854 
v 0.0167555 -0.0005 0.0120528 
v 0.0173691 -0.0005 0.011986 
v 0.0179863 -0.0005 0.011986 
v 0.0185998 -0.0005 0.0120528 
v 0.0192026 -0.0005 0.0121854 
v 0.0203476 -0.0005 0.0126417 
v 0.0197875 -0.0005 0.0123825 
v 0.0208764 -0.0005 0.0129598 
v 0.0213678 -0.0005 0.0133333 
v 0.0218158 -0.0005 0.0137578 
v 0.0222154 -0.0005 0.0142282 
v 0.0225618 -0.0005 0.014739 
v 0.0228508 -0.0005 0.0152843 
v 0.0230793 -0.0005 0.0158577 
v 0.0232444 -0.0005 0.0164523 
v 0.0233443 -0.0005 0.0170614 
v 0.0233777 -0.0005 0.0176777 
v 0.0233443 -0.0005 0.0182939 
v 0.0230793 -0.0005 0.0194977 
v 0.0232444 -0.0005 0.018903 
v 0.0225618 -0.0005 0.0206163 
v 0.0228508 -0.0005 0.020071 
v 0.0222154 -0.0005 0.0211272 
v 0.0218158 -0.0005 0.0215976 
v 0.0213678 -0.0005 0.022022 
v 0.0208764 -0.0005 0.0223955 
v 0.0197875 -0.0005 0.0229728 
v 0.0203476 -0.0005 0.0227137 
v 0.0192026 -0.0005 0.0231699 
v 0.0185998 -0.0005 0.0233026 
v 0.0179863 -0.0005 0.0233693 
v 0.0173691 -0.0005 0.0233693 
v 0.0167555 -0.0005 0.0233026 
v 0.0161528 -0.0005 0.0231699 
v 0.0155679 -0.0005 0.0229728 
v 0.0150077 -0.0005 0.0227137 
v 0.0144789 -0.0005 0.0223955 
v 0.0139876 -0.0005 0.022022 
v 0.0135395 -0.0005 0.0215976 
v 0.0131399 -0.0005 0.0211272 
v 0.0127936 -0.0005 0.0206163 
v 0.0125045 -0.0005 0.020071 
v 0.012276 -0.0005 0.0194977 
v 0.0121109 -0.0005 0.018903 
v 0.0120111 -0.0005 0.0182939 
v 0.0178509 -0.0005 0.0144824 
v 0.0181954 -0.0005 0.0145198 
v 0.0175044 -0.0005 0.0144824 
v 0.01716 -0.0005 0.0145198 
v 0.0185338 -0.0005 0.0145943 
v 0.0168216 -0.0005 0.0145943 
v 0.0207102 -0.0005 0.0166559 
v 0.0208029 -0.0005 0.0169898 
v 0.0205819 -0.0005 0.016334 
v 0.0204196 -0.0005 0.0160279 
v 0.0202252 -0.0005 0.0157411 
v 0.0188621 -0.0005 0.0147049 
v 0.0145525 -0.0005 0.0169898 
v 0.0146452 -0.0005 0.0166559 
v 0.0144964 -0.0005 0.0173317 
v 0.0185338 -0.0005 0.020761 
v 0.0188621 -0.0005 0.0206504 
v 0.0208589 -0.0005 0.0173317 
v 0.0208777 -0.0005 0.0176777 
v 0.0197493 -0.0005 0.0152388 
v 0.0200009 -0.0005 0.015477 
v 0.0194735 -0.0005 0.0150291 
v 0.0191766 -0.0005 0.0148504 
v 0.0164932 -0.0005 0.0147049 
v 0.0149357 -0.0005 0.0160279 
v 0.0151302 -0.0005 0.0157411 
v 0.0147734 -0.0005 0.016334 
v 0.0144777 -0.0005 0.0176777 
v 0.015606 -0.0005 0.0201166 
v 0.0153545 -0.0005 0.0198783 
v 0.0158819 -0.0005 0.0203263 
v 0.0168216 -0.0005 0.020761 
v 0.0164932 -0.0005 0.0206504 
v 0.01716 -0.0005 0.0208355 
v 0.0181954 -0.0005 0.0208355 
v 0.0197493 -0.0005 0.0201166 
v 0.0194735 -0.0005 0.0203263 
v 0.0200009 -0.0005 0.0198783 
v 0.0208589 -0.0005 0.0180237 
v 0.0208029 -0.0005 0.0183656 
v 0.015606 -0.0005 0.0152388 
v 0.0153545 -0.0005 0.015477 
v 0.0144964 -0.0005 0.0180237 
v 0.0145525 -0.0005 0.0183656 
v 0.0147734 -0.0005 0.0190213 
v 0.0146452 -0.0005 0.0186994 
v 0.0149357 -0.0005 0.0193274 
v 0.0151302 -0.0005 0.0196142 
v 0.0161788 -0.0005 0.0205049 
v 0.0175044 -0.0005 0.020873 
v 0.0178509 -0.0005 0.020873 
v 0.0191766 -0.0005 0.0205049 
v 0.0161788 -0.0005 0.0148504 
v 0.0158819 -0.0005 0.0150291 
v 0.0202252 -0.0005 0.0196142 
v 0.0204196 -0.0005 0.0193274 
v 0.0207102 -0.0005 0.0186994 
v 0.0205819 -0.0005 0.0190213 
v 0.0144777 -0.004 0.0176777 
v 0.0144964 -0.004 0.0173317 
v 0.0145525 -0.004 0.0169898 
v 0.0146452 -0.004 0.0166559 
v 0.0147734 -0.004 0.016334 
v 0.0149357 -0.004 0.0160279 
v 0.0151302 -0.004 0.0157411 
v 0.0153545 -0.004 0.015477 
v 0.015606 -0.004 0.0152388 
v 0.0158819 -0.004 0.0150291 
v 0.0161788 -0.004 0.0148504 
v 0.0164932 -0.004 0.0147049 
v 0.0168216 -0.004 0.0145943 
v 0.01716 -0.004 0.0145198 
v 0.0175044 -0.004 0.0144824 
v 0.0178509 -0.004 0.0144824 
v 0.0181954 -0.004 0.0145198 
v 0.0185338 -0.004 0.0145943 
v 0.0188621 -0.004 0.0147049 
v 0.0191766 -0.004 0.0148504 
v 0.0194735 -0.004 0.0150291 
v 0.0197493 -0.004 0.0152388 
v 0.0200009 -0.004 0.015477 
v 0.0202252 -0.004 0.0157411 
v 0.0204196 -0.004 0.0160279 
v 0.0205819 -0.004 0.016334 
v 0.0207102 -0.004 0.0166559 
v 0.0208029 -0.004 0.0169898 
v 0.0208589 -0.004 0.0173317 
v 0.0208777 -0.004 0.0176777 
v 0.0208589 -0.004 0.0180237 
v 0.0208029 -0.004 0.0183656 
v 0.0207102 -0.004 0.0186994 
v 0.0205819 -0.004 0.0190213 
v 0.0204196 -0.004 0.0193274 
v 0.0202252 -0.004 0.0196142 
v 0.0200009 -0.004 0.0198783 
v 0.0197493 -0.004 0.0201166 
v 0.0194735 -0.004 0.0203263 
v 0.0191766 -0.004 0.0205049 
v 0.0188621 -0.004 0.0206504 
v 0.0185338 -0.004 0.020761 
v 0.0181954 -0.004 0.0208355 
v 0.0178509 -0.004 0.020873 
v 0.0175044 -0.004 0.020873 
v 0.01716 -0.004 0.0208355 
v 0.0168216 -0.004 0.020761 
v 0.0164932 -0.004 0.0206504 
v 0.0161788 -0.004 0.0205049 
v 0.0158819 -0.004 0.0203263 
v 0.015606 -0.004 0.0201166 
v 0.0153545 -0.004 0.0198783 
v 0.0151302 -0.004 0.0196142 
v 0.0149357 -0.004 0.0193274 
v 0.0147734 -0.004 0.0190213 
v 0.0146452 -0.004 0.0186994 
v 0.0145525 -0.004 0.0183656 
v 0.0144964 -0.004 0.0180237 
v -0.0233777 -0.0005 -0.0176777 
v -0.0233443 -0.0005 -0.0182939 
v -0.0232444 -0.0005 -0.018903 
v -0.0230793 -0.0005 -0.0194977 
v -0.0228508 -0.0005 -0.020071 
v -0.0225618 -0.0005 -0.0206163 
v -0.0222154 -0.0005 -0.0211272 
v -0.0218158 -0.0005 -0.0215976 
v -0.0213678 -0.0005 -0.022022 
v -0.0208764 -0.0005 -0.0223955 
v -0.0203476 -0.0005 -0.0227137 
v -0.0197875 -0.0005 -0.0229728 
v -0.0192026 -0.0005 -0.0231699 
v -0.0185998 -0.0005 -0.0233026 
v -0.0179863 -0.0005 -0.0233693 
v -0.0173691 -0.0005 -0.0233693 
v -0.0167555 -0.0005 -0.0233026 
v -0.0161528 -0.0005 -0.0231699 
v -0.0155679 -0.0005 -0.0229728 
v -0.0150077 -0.0005 -0.0227137 
v -0.0144789 -0.0005 -0.0223955 
v -0.0139876 -0.0005 -0.022022 
v -0.0135395 -0.0005 -0.0215976 
v -0.0127936 -0.0005 -0.0206163 
v -0.0131399 -0.0005 -0.0211272 
v -0.0125045 -0.0005 -0.020071 
v -0.012276 -0.0005 -0.0194977 
v -0.0121109 -0.0005 -0.018903 
v -0.0120111 -0.0005 -0.0182939 
v -0.0119777 -0.0005 -0.0176777 
v -0.0120111 -0.0005 -0.0170614 
v -0.0121109 -0.0005 -0.0164523 
v -0.012276 -0.0005 -0.0158577 
v -0.0125045 -0.0005 -0.0152843 
v -0.0127936 -0.0005 -0.014739 
v -0.0131399 -0.0005 -0.0142282 
v -0.0135395 -0.0005 -0.0137578 
v -0.0139876 -0.0005 -0.0133333 
v -0.0144789 -0.0005 -0.0129598 
v -0.0150077 -0.0005 -0.0126417 
v -0.0155679 -0.0005 -0.0123825 
v -0.0161528 -0.0005 -0.0121854 
v -0.0167555 -0.0005 -0.0120528 
v -0.0173691 -0.0005 -0.011986 
v -0.0179863 -0.0005 -0.011986 
v -0.0185998 -0.0005 -0.0120528 
v -0.0192026 -0.0005 -0.0121854 
v -0.0197875 -0.0005 -0.0123825 
v -0.0203476 -0.0005 -0.0126417 
v -0.0208764 -0.0005 -0.0129598 
v -0.0213678 -0.0005 -0.0133333 
v -0.0218158 -0.0005 -0.0137578 
v -0.0222154 -0.0005 -0.0142282 
v -0.0225618 -0.0005 -0.014739 
v -0.0228508 -0.0005 -0.0152843 
v -0.0230793 -0.0005 -0.0158577 
v -0.0232444 -0.0005 -0.0164523 
v -0.0233443 -0.0005 -0.0170614 
v -0.015606 -0.0005 -0.0201166 
v -0.0153545 -0.0005 -0.0198783 
v -0.0158819 -0.0005 -0.0203263 
v -0.0147734 -0.0005 -0.0190213 
v -0.0146452 -0.0005 -0.0186994 
v -0.0149357 -0.0005 -0.0193274 
v -0.0161788 -0.0005 -0.0205049 
v -0.0164932 -0.0005 -0.0206504 
v -0.0168216 -0.0005 -0.020761 
v -0.0175044 -0.0005 -0.020873 
v -0.01716 -0.0005 -0.0208355 
v -0.0178509 -0.0005 -0.020873 
v -0.0144964 -0.0005 -0.0180237 
v -0.0144777 -0.0005 -0.0176777 
v -0.0145525 -0.0005 -0.0183656 
v -0.0151302 -0.0005 -0.0196142 
v -0.0181954 -0.0005 -0.0208355 
v -0.0191766 -0.0005 -0.0148504 
v -0.0194735 -0.0005 -0.0150291 
v -0.0188621 -0.0005 -0.0147049 
v -0.0185338 -0.0005 -0.0145943 
v -0.0181954 -0.0005 -0.0145198 
v -0.0185338 -0.0005 -0.020761 
v -0.0188621 -0.0005 -0.0206504 
v -0.0205819 -0.0005 -0.0190213 
v -0.0204196 -0.0005 -0.0193274 
v -0.0207102 -0.0005 -0.0186994 
v -0.0205819 -0.0005 -0.016334 
v -0.0207102 -0.0005 -0.0166559 
v -0.0204196 -0.0005 -0.0160279 
v -0.0197493 -0.0005 -0.0152388 
v -0.0200009 -0.0005 -0.015477 
v -0.0178509 -0.0005 -0.0144824 
v -0.0175044 -0.0005 -0.0144824 
v -0.0153545 -0.0005 -0.015477 
v -0.015606 -0.0005 -0.0152388 
v -0.0151302 -0.0005 -0.0157411 
v -0.0144964 -0.0005 -0.0173317 
v -0.0145525 -0.0005 -0.0169898 
v -0.0191766 -0.0005 -0.0205049 
v -0.0194735 -0.0005 -0.0203263 
v -0.0200009 -0.0005 -0.0198783 
v -0.0197493 -0.0005 -0.0201166 
v -0.0202252 -0.0005 -0.0196142 
v -0.0208029 -0.0005 -0.0183656 
v -0.0208589 -0.0005 -0.0180237 
v -0.0208777 -0.0005 -0.0176777 
v -0.0208589 -0.0005 -0.0173317 
v -0.0208029 -0.0005 -0.0169898 
v -0.0202252 -0.0005 -0.0157411 
v -0.0161788 -0.0005 -0.0148504 
v -0.0164932 -0.0005 -0.0147049 
v -0.0158819 -0.0005 -0.0150291 
v -0.0146452 -0.0005 -0.0166559 
v -0.0147734 -0.0005 -0.016334 
v -0.0168216 -0.0005 -0.0145943 
v -0.0149357 -0.0005 -0.0160279 
v -0.01716 -0.0005 -0.0145198 
v -0.0208777 -0.004 -0.0176777 
v -0.0208589 -0.004 -0.0180237 
v -0.0208029 -0.004 -0.0183656 
v -0.0207102 -0.004 -0.0186994 
v -0.0205819 -0.004 -0.0190213 
v -0.0204196 -0.004 -0.0193274 
v -0.0202252 -0.004 -0.0196142 
v -0.0200009 -0.004 -0.0198783 
v -0.0197493 -0.004 -0.0201166 
v -0.0194735 -0.004 -0.0203263 
v -0.0191766 -0.004 -0.0205049 
v -0.0188621 -0.004 -0.0206504 
v -0.0185338 -0.004 -0.020761 
v -0.0181954 -0.004 -0.0208355 
v -0.0178509 -0.004 -0.020873 
v -0.0175044 -0.004 -0.020873 
v -0.01716 -0.004 -0.0208355 
v -0.0168216 -0.004 -0.020761 
v -0.0164932 -0.004 -0.0206504 
v -0.0161788 -0.004 -0.0205049 
v -0.0158819 -0.004 -0.0203263 
v -0.015606 -0.004 -0.0201166 
v -0.0153545 -0.004 -0.0198783 
v -0.0151302 -0.004 -0.0196142 
v -0.0149357 -0.004 -0.0193274 
v -0.0147734 -0.004 -0.0190213 
v -0.0146452 -0.004 -0.0186994 
v -0.0145525 -0.004 -0.0183656 
v -0.0144964 -0.004 -0.0180237 
v -0.0144777 -0.004 -0.0176777 
v -0.0144964 -0.004 -0.0173317 
v -0.0145525 -0.004 -0.0169898 
v -0.0146452 -0.004 -0.0166559 
v -0.0147734 -0.004 -0.016334 
v -0.0149357 -0.004 -0.0160279 
v -0.0151302 -0.004 -0.0157411 
v -0.0153545 -0.004 -0.015477 
v -0.015606 -0.004 -0.0152388 
v -0.0158819 -0.004 -0.0150291 
v -0.0161788 -0.004 -0.0148504 
v -0.0164932 -0.004 -0.0147049 
v -0.0168216 -0.004 -0.0145943 
v -0.01716 -0.004 -0.0145198 
v -0.0175044 -0.004 -0.0144824 
v -0.0178509 -0.004 -0.0144824 
v -0.0181954 -0.004 -0.0145198 
v -0.0185338 -0.004 -0.0145943 
v -0.0188621 -0.004 -0.0147049 
v -0.0191766 -0.004 -0.0148504 
v -0.0194735 -0.004 -0.0150291 
v -0.0197493 -0.004 -0.0152388 
v -0.0200009 -0.004 -0.015477 
v -0.0202252 -0.004 -0.0157411 
v -0.0204196 -0.004 -0.0160279 
v -0.0205819 -0.004 -0.016334 
v -0.0207102 -0.004 -0.0166559 
v -0.0208029 -0.004 -0.0169898 
v -0.0208589 -0.004 -0.0173317 
v 0.00494267 0.00463 0.00586485 
v 0.00495 0.00463 0.006 
v 0.00492078 0.00463 0.00573129 
v 0.00488457 0.00463 0.00560087 
v 0.00483447 0.00463 0.00547514 
v 0.00477107 0.00463 0.00535556 
v 0.00469512 0.00463 0.00524353 
v 0.00460749 0.00463 0.00514038 
v 0.00450923 0.00463 0.0050473 
v 0.00440148 0.00463 0.00496539 
v 0.00428551 0.00463 0.00489561 
v 0.00416267 0.00463 0.00483878 
v 0.00403441 0.00463 0.00479556 
v 0.00390223 0.00463 0.00476647 
v 0.00376767 0.00463 0.00475183 
v 0.00363233 0.00463 0.00475183 
v 0.00349777 0.00463 0.00476647 
v 0.00336559 0.00463 0.00479556 
v 0.00323733 0.00463 0.00483878 
v 0.00311449 0.00463 0.00489561 
v 0.00299852 0.00463 0.00496539 
v 0.00289077 0.00463 0.0050473 
v 0.00279251 0.00463 0.00514038 
v 0.00270488 0.00463 0.00524353 
v 0.00262893 0.00463 0.00535556 
v 0.00256553 0.00463 0.00547514 
v 0.00251543 0.00463 0.00560087 
v 0.00247922 0.00463 0.00573129 
v 0.00245733 0.00463 0.00586485 
v 0.00245 0.00463 0.006 
v 0.00245733 0.00463 0.00613515 
v 0.00247922 0.00463 0.00626871 
v 0.00251543 0.00463 0.00639913 
v 0.00256553 0.00463 0.00652486 
v 0.00262893 0.00463 0.00664444 
v 0.00270488 0.00463 0.00675647 
v 0.00279251 0.00463 0.00685962 
v 0.00289077 0.00463 0.0069527 
v 0.00299852 0.00463 0.00703461 
v 0.00311449 0.00463 0.00710439 
v 0.00323733 0.00463 0.00716122 
v 0.00336559 0.00463 0.00720444 
v 0.00349777 0.00463 0.00723353 
v 0.00363233 0.00463 0.00724817 
v 0.00376767 0.00463 0.00724817 
v 0.00390223 0.00463 0.00723353 
v 0.00403441 0.00463 0.00720444 
v 0.00416267 0.00463 0.00716122 
v 0.00428551 0.00463 0.00710439 
v 0.00440148 0.00463 0.00703461 
v 0.00450923 0.00463 0.0069527 
v 0.00460749 0.00463 0.00685962 
v 0.00469512 0.00463 0.00675647 
v 0.00477107 0.00463 0.00664444 
v 0.00483447 0.00463 0.00652486 
v 0.00488457 0.00463 0.00639913 
v 0.00492078 0.00463 0.00626871 
v 0.00494267 0.00463 0.00613515 
v 0.0058 0.00463 0.006 
v 0.00578769 0.00463 0.00622705 
v 0.00578769 0.00463 0.00577295 
v 0.00426181 0.00463 0.00802345 
v 0.00403974 0.00463 0.00807234 
v 0.0057509 0.00463 0.00554856 
v 0.0057509 0.00463 0.00645144 
v 0.00569007 0.00463 0.00667053 
v 0.00381369 0.00463 0.00809692 
v 0.00336026 0.00463 0.00807234 
v 0.00313819 0.00463 0.00802345 
v 0.00560591 0.00463 0.00688177 
v 0.0054994 0.00463 0.00708266 
v 0.0053718 0.00463 0.00727087 
v 0.00522459 0.00463 0.00744417 
v 0.00505951 0.00463 0.00760054 
v 0.00487849 0.00463 0.00773815 
v 0.00358631 0.00463 0.00809692 
v 0.00292271 0.00463 0.00795085 
v 0.00234049 0.00463 0.00760054 
v 0.00217541 0.00463 0.00744417 
v 0.0020282 0.00463 0.00727087 
v 0.0019006 0.00463 0.00708266 
v 0.00170993 0.00463 0.00667053 
v 0.0016491 0.00463 0.00645144 
v 0.00522459 0.00463 0.00455583 
v 0.0053718 0.00463 0.00472913 
v 0.0054994 0.00463 0.00491734 
v 0.00560591 0.00463 0.00511823 
v 0.00569007 0.00463 0.00532947 
v 0.00468366 0.00463 0.00785538 
v 0.00447729 0.00463 0.00795085 
v 0.00271634 0.00463 0.00785538 
v 0.00252151 0.00463 0.00773815 
v 0.00179409 0.00463 0.00688177 
v 0.0016491 0.00463 0.00554856 
v 0.00170993 0.00463 0.00532947 
v 0.00336026 0.00463 0.00392766 
v 0.00358631 0.00463 0.00390308 
v 0.00403974 0.00463 0.00392766 
v 0.00426181 0.00463 0.00397655 
v 0.00468366 0.00463 0.00414462 
v 0.00487849 0.00463 0.00426185 
v 0.00505951 0.00463 0.00439946 
v 0.0016 0.00463 0.006 
v 0.00161231 0.00463 0.00577295 
v 0.00179409 0.00463 0.00511823 
v 0.0020282 0.00463 0.00472913 
v 0.00217541 0.00463 0.00455583 
v 0.00234049 0.00463 0.00439946 
v 0.00252151 0.00463 0.00426185 
v 0.00313819 0.00463 0.00397655 
v 0.00447729 0.00463 0.00404915 
v 0.00161231 0.00463 0.00622705 
v 0.0019006 0.00463 0.00491734 
v 0.00271634 0.00463 0.00414462 
v 0.00292271 0.00463 0.00404915 
v 0.00381369 0.00463 0.00390308 
v 0.0016 0.00583 0.006 
v 0.00161231 0.00583 0.00622705 
v 0.0016491 0.00583 0.00645144 
v 0.00170993 0.00583 0.00667053 
v 0.00179409 0.00583 0.00688177 
v 0.0019006 0.00583 0.00708266 
v 0.0020282 0.00583 0.00727087 
v 0.00217541 0.00583 0.00744417 
v 0.00234049 0.00583 0.00760054 
v 0.00252151 0.00583 0.00773815 
v 0.00271634 0.00583 0.00785538 
v 0.00292271 0.00583 0.00795085 
v 0.00313819 0.00583 0.00802345 
v 0.00336026 0.00583 0.00807234 
v 0.00358631 0.00583 0.00809692 
v 0.00381369 0.00583 0.00809692 
v 0.00403974 0.00583 0.00807234 
v 0.00426181 0.00583 0.00802345 
v 0.00447729 0.00583 0.00795085 
v 0.00468366 0.00583 0.00785538 
v 0.00487849 0.00583 0.00773815 
v 0.00505951 0.00583 0.00760054 
v 0.00522459 0.00583 0.00744417 
v 0.0053718 0.00583 0.00727087 
v 0.0054994 0.00583 0.00708266 
v 0.00560591 0.00583 0.00688177 
v 0.00569007 0.00583 0.00667053 
v 0.0057509 0.00583 0.00645144 
v 0.00578769 0.00583 0.00622705 
v 0.0058 0.00583 0.006 
v 0.00578769 0.00583 0.00577295 
v 0.0057509 0.00583 0.00554856 
v 0.00569007 0.00583 0.00532947 
v 0.00560591 0.00583 0.00511823 
v 0.0054994 0.00583 0.00491734 
v 0.0053718 0.00583 0.00472913 
v 0.00522459 0.00583 0.00455583 
v 0.00505951 0.00583 0.00439946 
v 0.00487849 0.00583 0.00426185 
v 0.00468366 0.00583 0.00414462 
v 0.00447729 0.00583 0.00404915 
v 0.00426181 0.00583 0.00397655 
v 0.00403974 0.00583 0.00392766 
v 0.00381369 0.00583 0.00390308 
v 0.00358631 0.00583 0.00390308 
v 0.00336026 0.00583 0.00392766 
v 0.00313819 0.00583 0.00397655 
v 0.00292271 0.00583 0.00404915 
v 0.00271634 0.00583 0.00414462 
v 0.00252151 0.00583 0.00426185 
v 0.00234049 0.00583 0.00439946 
v 0.00217541 0.00583 0.00455583 
v 0.0020282 0.00583 0.00472913 
v 0.0019006 0.00583 0.00491734 
v 0.00179409 0.00583 0.00511823 
v 0.00170993 0.00583 0.00532947 
v 0.0016491 0.00583 0.00554856 
v 0.00161231 0.00583 0.00577295 
v 0.0229427 0.00463 -0.00613515 
v 0.02295 0.00463 -0.006 
v 0.0229208 0.00463 -0.00626871 
v 0.0228846 0.00463 -0.00639913 
v 0.0228345 0.00463 -0.00652486 
v 0.0227711 0.00463 -0.00664444 
v 0.0226951 0.00463 -0.00675647 
v 0.0226075 0.00463 -0.00685962 
v 0.0225092 0.00463 -0.0069527 
v 0.0224015 0.00463 -0.00703461 
v 0.0222855 0.00463 -0.00710439 
v 0.0221627 0.00463 -0.00716122 
v 0.0220344 0.00463 -0.00720444 
v 0.0219022 0.00463 -0.00723353 
v 0.0217677 0.00463 -0.00724817 
v 0.0216323 0.00463 -0.00724817 
v 0.0214978 0.00463 -0.00723353 
v 0.0213656 0.00463 -0.00720444 
v 0.0212373 0.00463 -0.00716122 
v 0.0211145 0.00463 -0.00710439 
v 0.0209985 0.00463 -0.00703461 
v 0.0208908 0.00463 -0.0069527 
v 0.0207925 0.00463 -0.00685962 
v 0.0207049 0.00463 -0.00675647 
v 0.0206289 0.00463 -0.00664444 
v 0.0205655 0.00463 -0.00652486 
v 0.0205154 0.00463 -0.00639913 
v 0.0204792 0.00463 -0.00626871 
v 0.0204573 0.00463 -0.00613515 
v 0.02045 0.00463 -0.006 
v 0.0204573 0.00463 -0.00586485 
v 0.0204792 0.00463 -0.00573129 
v 0.0205154 0.00463 -0.00560087 
v 0.0205655 0.00463 -0.00547514 
v 0.0206289 0.00463 -0.00535556 
v 0.0207049 0.00463 -0.00524353 
v 0.0207925 0.00463 -0.00514038 
v 0.0208908 0.00463 -0.0050473 
v 0.0209985 0.00463 -0.00496539 
v 0.0211145 0.00463 -0.00489561 
v 0.0212373 0.00463 -0.00483878 
v 0.0213656 0.00463 -0.00479556 
v 0.0214978 0.00463 -0.00476647 
v 0.0216323 0.00463 -0.00475183 
v 0.0217677 0.00463 -0.00475183 
v 0.0219022 0.00463 -0.00476647 
v 0.0220344 0.00463 -0.00479556 
v 0.0221627 0.00463 -0.00483878 
v 0.0222855 0.00463 -0.00489561 
v 0.0224015 0.00463 -0.00496539 
v 0.0225092 0.00463 -0.0050473 
v 0.0226075 0.00463 -0.00514038 
v 0.0226951 0.00463 -0.00524353 
v 0.0227711 0.00463 -0.00535556 
v 0.0228345 0.00463 -0.00547514 
v 0.0228846 0.00463 -0.00560087 
v 0.0229208 0.00463 -0.00573129 
v 0.0229427 0.00463 -0.00586485 
v 0.0211382 0.00463 -0.00397655 
v 0.0209227 0.00463 -0.00404915 
v 0.0207163 0.00463 -0.00414462 
v 0.0197941 0.00463 -0.00511823 
v 0.0197099 0.00463 -0.00532947 
v 0.0228785 0.00463 -0.00426185 
v 0.0226837 0.00463 -0.00414462 
v 0.0205215 0.00463 -0.00426185 
v 0.0203405 0.00463 -0.00439946 
v 0.0199006 0.00463 -0.00491734 
v 0.0207163 0.00463 -0.00785538 
v 0.0209227 0.00463 -0.00795085 
v 0.0224773 0.00463 -0.00795085 
v 0.0226837 0.00463 -0.00785538 
v 0.0224773 0.00463 -0.00404915 
v 0.0213603 0.00463 -0.00392766 
v 0.0201754 0.00463 -0.00455583 
v 0.0200282 0.00463 -0.00472913 
v 0.0205215 0.00463 -0.00773815 
v 0.0222618 0.00463 -0.00802345 
v 0.0228785 0.00463 -0.00773815 
v 0.0230595 0.00463 -0.00760054 
v 0.0232246 0.00463 -0.00744417 
v 0.0233718 0.00463 -0.00727087 
v 0.0236059 0.00463 -0.00511823 
v 0.0234994 0.00463 -0.00491734 
v 0.0222618 0.00463 -0.00397655 
v 0.0220397 0.00463 -0.00392766 
v 0.0218137 0.00463 -0.00390308 
v 0.0215863 0.00463 -0.00390308 
v 0.0197941 0.00463 -0.00688177 
v 0.0199006 0.00463 -0.00708266 
v 0.0201754 0.00463 -0.00744417 
v 0.0203405 0.00463 -0.00760054 
v 0.0220397 0.00463 -0.00807234 
v 0.0237877 0.00463 -0.00577295 
v 0.0237509 0.00463 -0.00554856 
v 0.0233718 0.00463 -0.00472913 
v 0.0232246 0.00463 -0.00455583 
v 0.0230595 0.00463 -0.00439946 
v 0.0196123 0.00463 -0.00577295 
v 0.0196 0.00463 -0.006 
v 0.0200282 0.00463 -0.00727087 
v 0.0211382 0.00463 -0.00802345 
v 0.0213603 0.00463 -0.00807234 
v 0.0215863 0.00463 -0.00809692 
v 0.0234994 0.00463 -0.00708266 
v 0.0236059 0.00463 -0.00688177 
v 0.0236901 0.00463 -0.00667053 
v 0.0237509 0.00463 -0.00645144 
v 0.0237877 0.00463 -0.00622705 
v 0.0238 0.00463 -0.006 
v 0.0236901 0.00463 -0.00532947 
v 0.0196491 0.00463 -0.00554856 
v 0.0196123 0.00463 -0.00622705 
v 0.0196491 0.00463 -0.00645144 
v 0.0197099 0.00463 -0.00667053 
v 0.0218137 0.00463 -0.00809692 
v 0.0196 0.00583 -0.006 
v 0.0196123 0.00583 -0.00577295 
v 0.0196491 0.00583 -0.00554856 
v 0.0197099 0.00583 -0.00532947 
v 0.0197941 0.00583 -0.00511823 
v 0.0199006 0.00583 -0.00491734 
v 0.0200282 0.00583 -0.00472913 
v 0.0201754 0.00583 -0.00455583 
v 0.0203405 0.00583 -0.00439946 
v 0.0205215 0.00583 -0.00426185 
v 0.0207163 0.00583 -0.00414462 
v 0.0209227 0.00583 -0.00404915 
v 0.0211382 0.00583 -0.00397655 
v 0.0213603 0.00583 -0.00392766 
v 0.0215863 0.00583 -0.00390308 
v 0.0218137 0.00583 -0.00390308 
v 0.0220397 0.00583 -0.00392766 
v 0.0222618 0.00583 -0.00397655 
v 0.0224773 0.00583 -0.00404915 
v 0.0226837 0.00583 -0.00414462 
v 0.0228785 0.00583 -0.00426185 
v 0.0230595 0.00583 -0.00439946 
v 0.0232246 0.00583 -0.00455583 
v 0.0233718 0.00583 -0.00472913 
v 0.0234994 0.00583 -0.00491734 
v 0.0236059 0.00583 -0.00511823 
v 0.0236901 0.00583 -0.00532947 
v 0.0237509 0.00583 -0.00554856 
v 0.0237877 0.00583 -0.00577295 
v 0.0238 0.00583 -0.006 
v 0.0237877 0.00583 -0.00622705 
v 0.0237509 0.00583 -0.00645144 
v 0.0236901 0.00583 -0.00667053 
v 0.0236059 0.00583 -0.00688177 
v 0.0234994 0.00583 -0.00708266 
v 0.0233718 0.00583 -0.00727087 
v 0.0232246 0.00583 -0.00744417 
v 0.0230595 0.00583 -0.00760054 
v 0.0228785 0.00583 -0.00773815 
v 0.0226837 0.00583 -0.00785538 
v 0.0224773 0.00583 -0.00795085 
v 0.0222618 0.00583 -0.00802345 
v 0.0220397 0.00583 -0.00807234 
v 0.0218137 0.00583 -0.00809692 
v 0.0215863 0.00583 -0.00809692 
v 0.0213603 0.00583 -0.00807234 
v 0.0211382 0.00583 -0.00802345 
v 0.0209227 0.00583 -0.00795085 
v 0.0207163 0.00583 -0.00785538 
v 0.0205215 0.00583 -0.00773815 
v 0.0203405 0.00583 -0.00760054 
v 0.0201754 0.00583 -0.00744417 
v 0.0200282 0.00583 -0.00727087 
v 0.0199006 0.00583 -0.00708266 
v 0.0197941 0.00583 -0.00688177 
v 0.0197099 0.00583 -0.00667053 
v 0.0196491 0.00583 -0.00645144 
v 0.0196123 0.00583 -0.00622705 
v -0.036 0.0099 -1.72492e-17 
v -0.035789 0.0099 0.00389228 
v -0.0351583 0.0099 0.00773894 
v -0.0341155 0.0099 0.0114949 
v -0.0326727 0.0099 0.015116 
v -0.0308469 0.0099 0.0185599 
v -0.0286594 0.0099 0.0217863 
v -0.0261358 0.0099 0.0247572 
v -0.0233059 0.0099 0.0274378 
v -0.0202027 0.0099 0.0297968 
v -0.0168627 0.0099 0.0318064 
v -0.013325 0.0099 0.0334432 
v -0.00963102 0.0099 0.0346878 
v -0.00582415 0.0099 0.0355258 
v -0.001949 0.0099 0.0359472 
v 0.001949 0.0099 0.0359472 
v 0.00582415 0.0099 0.0355258 
v 0.00963102 0.0099 0.0346878 
v 0.013325 0.0099 0.0334432 
v 0.0168627 0.0099 0.0318064 
v 0.0202027 0.0099 0.0297968 
v 0.0233059 0.0099 0.0274378 
v 0.0261358 0.0099 0.0247572 
v 0.0286594 0.0099 0.0217863 
v 0.0308469 0.0099 0.0185599 
v 0.0326727 0.0099 0.015116 
v 0.0341155 0.0099 0.0114949 
v 0.0351583 0.0099 0.00773894 
v 0.035789 0.0099 0.00389228 
v 0.036 0.0099 -2.27712e-17 
v 0.035789 0.0099 -0.00389228 
v 0.0351583 0.0099 -0.00773894 
v 0.0341155 0.0099 -0.0114949 
v 0.0326727 0.0099 -0.015116 
v 0.0308469 0.0099 -0.0185599 
v 0.0286594 0.0099 -0.0217863 
v 0.0261358 0.0099 -0.0247572 
v 0.0233059 0.0099 -0.0274378 
v 0.0202027 0.0099 -0.0297968 
v 0.0168627 0.0099 -0.0318064 
v 0.013325 0.0099 -0.0334432 
v 0.00963102 0.0099 -0.0346878 
v 0.00582415 0.0099 -0.0355258 
v 0.001949 0.0099 -0.0359472 
v -0.001949 0.0099 -0.0359472 
v -0.00582415 0.0099 -0.0355258 
v -0.00963102 0.0099 -0.0346878 
v -0.013325 0.0099 -0.0334432 
v -0.0168627 0.0099 -0.0318064 
v -0.0202027 0.0099 -0.0297968 
v -0.0233059 0.0099 -0.0274378 
v -0.0261358 0.0099 -0.0247572 
v -0.0286594 0.0099 -0.0217863 
v -0.0308469 0.0099 -0.0185599 
v -0.0326727 0.0099 -0.015116 
v -0.0341155 0.0099 -0.0114949 
v -0.0351583 0.0099 -0.00773894 
v -0.035789 0.0099 -0.00389228 
v 0.035537 0.0099 -0.0119738 
v 0.0340341 0.0099 -0.0157458 
v 0.0321321 0.0099 0.0193333 
v 0.0340341 0.0099 0.0157458 
v 0.0375 0.0099 -6.99088e-18 
v 0.0372802 0.0099 -0.00405446 
v 0.0321321 0.0099 -0.0193333 
v 0.0298535 0.0099 -0.022694 
v 0.0272248 0.0099 -0.0257887 
v 0.035537 0.0099 0.0119738 
v 0.0366233 0.0099 -0.00806139 
v 0.0210445 0.0099 -0.0310383 
v 0.0175653 0.0099 -0.0331317 
v -0.024277 0.0099 -0.0285811 
v -0.0272248 0.0099 -0.0257887 
v -0.0298535 0.0099 -0.022694 
v 0.0298535 0.0099 0.022694 
v 0.0366233 0.0099 0.00806139 
v 0.0372802 0.0099 0.00405446 
v 0.024277 0.0099 -0.0285811 
v 0.0138802 0.0099 -0.0348366 
v 0.0100323 0.0099 -0.0361331 
v 0.00606682 0.0099 -0.037006 
v 0.00203021 0.0099 -0.037445 
v -0.00203021 0.0099 -0.037445 
v -0.00606682 0.0099 -0.037006 
v -0.0100323 0.0099 -0.0361331 
v -0.0138802 0.0099 -0.0348366 
v -0.0175653 0.0099 -0.0331317 
v -0.0210445 0.0099 -0.0310383 
v -0.0321321 0.0099 -0.0193333 
v -0.0340341 0.0099 -0.0157458 
v -0.035537 0.0099 -0.0119738 
v -0.0366233 0.0099 -0.00806139 
v 0.0175653 0.0099 0.0331317 
v 0.0210445 0.0099 0.0310383 
v 0.024277 0.0099 0.0285811 
v 0.0272248 0.0099 0.0257887 
v -0.035537 0.0099 0.0119738 
v -0.0340341 0.0099 0.0157458 
v -0.0321321 0.0099 0.0193333 
v -0.0272248 0.0099 0.0257887 
v -0.024277 0.0099 0.0285811 
v -0.0210445 0.0099 0.0310383 
v -0.0175653 0.0099 0.0331317 
v 0.00606682 0.0099 0.037006 
v 0.0100323 0.0099 0.0361331 
v 0.0138802 0.0099 0.0348366 
v -0.0298535 0.0099 0.022694 
v -0.0100323 0.0099 0.0361331 
v -0.00606682 0.0099 0.037006 
v -0.0138802 0.0099 0.0348366 
v -0.0372802 0.0099 -0.00405446 
v -0.0372802 0.0099 0.00405446 
v -0.0366233 0.0099 0.00806139 
v -0.00203021 0.0099 0.037445 
v 0.00203021 0.0099 0.037445 
v -0.0375 0.0099 -8.70724e-18 
v -0.0375 -0.0065 -1.48795e-17 
v -0.0372802 -0.0065 0.00405446 
v -0.0366233 -0.0065 0.00806139 
v -0.035537 -0.0065 0.0119738 
v -0.0340341 -0.0065 0.0157458 
v -0.0321321 -0.0065 0.0193333 
v -0.0298535 -0.0065 0.022694 
v -0.0272248 -0.0065 0.0257887 
v -0.024277 -0.0065 0.0285811 
v -0.0210445 -0.0065 0.0310383 
v -0.0175653 -0.0065 0.0331317 
v 0.0175653 -0.0065 0.0331317 
v 0.0210445 -0.0065 0.0310383 
v 0.024277 -0.0065 0.0285811 
v 0.0272248 -0.0065 0.0257887 
v 0.0298535 -0.0065 0.022694 
v 0.0321321 -0.0065 0.0193333 
v 0.0340341 -0.0065 0.0157458 
v 0.035537 -0.0065 0.0119738 
v 0.0366233 -0.0065 0.00806139 
v 0.0372802 -0.0065 0.00405446 
v 0.0375 -0.0065 1.26751e-17 
v 0.0372802 -0.0065 -0.00405446 
v 0.0366233 -0.0065 -0.00806139 
v 0.035537 -0.0065 -0.0119738 
v 0.0340341 -0.0065 -0.0157458 
v 0.0321321 -0.0065 -0.0193333 
v 0.0298535 -0.0065 -0.022694 
v 0.0272248 -0.0065 -0.0257887 
v 0.024277 -0.0065 -0.0285811 
v 0.0210445 -0.0065 -0.0310383 
v 0.0175653 -0.0065 -0.0331317 
v 0.0138802 -0.0065 -0.0348366 
v 0.0100323 -0.0065 -0.0361331 
v 0.00606682 -0.0065 -0.037006 
v 0.00203021 -0.0065 -0.037445 
v -0.00203021 -0.0065 -0.037445 
v -0.00606682 -0.0065 -0.037006 
v -0.0100323 -0.0065 -0.0361331 
v -0.0138802 -0.0065 -0.0348366 
v -0.0175653 -0.0065 -0.0331317 
v -0.0210445 -0.0065 -0.0310383 
v -0.024277 -0.0065 -0.0285811 
v -0.0272248 -0.0065 -0.0257887 
v -0.0298535 -0.0065 -0.022694 
v -0.0321321 -0.0065 -0.0193333 
v -0.0340341 -0.0065 -0.0157458 
v -0.035537 -0.0065 -0.0119738 
v -0.0366233 -0.0065 -0.00806139 
v -0.0372802 -0.0065 -0.00405446 
v -0.0164576 0.00593 0.0336957 
v -0.0164576 -0.0065 0.0336957 
v -0.0138802 0.00593 0.0348366 
v -0.0100323 0.00593 0.0361331 
v -0.00606682 0.00593 0.037006 
v -0.00203021 0.00593 0.037445 
v 0.00203021 0.00593 0.037445 
v 0.00606682 0.00593 0.037006 
v 0.0100323 0.00593 0.0361331 
v 0.0138802 0.00593 0.0348366 
v 0.0164576 0.00593 0.0336957 
v 0.0164576 -0.0065 0.0336957 
v -0.0154132 -0.0065 0.0339876 
v -0.015141 -0.0065 0.034 
v -0.015141 0.00564895 0.034 
v -0.0152766 0.00570153 0.0339969 
v -0.0156832 -0.0065 0.0339506 
v -0.0154132 0.00574925 0.0339876 
v -0.0155477 0.00579106 0.0339723 
v -0.0159487 -0.0065 0.0338892 
v -0.0156832 0.00582794 0.0339506 
v -0.0158166 0.00585901 0.0339229 
v -0.0162076 -0.0065 0.033804 
v -0.0159487 0.00588452 0.0338892 
v -0.0160788 0.00590435 0.0338497 
v -0.0162076 0.00591861 0.033804 
v -0.0163333 0.00592713 0.0337529 
v -0.0136951 0.00543 0.0343721 
v -0.00989855 0.00543 0.0356513 
v -0.00598593 0.00543 0.0365126 
v -0.00200314 0.00543 0.0369457 
v 0.00200314 0.00543 0.0369457 
v 0.00598593 0.00543 0.0365126 
v 0.00989855 0.00543 0.0356513 
v 0.0136951 0.00543 0.0343721 
v 0.0145945 0.00543 0.034 
v 0.015141 0.00564895 0.034 
v 0.0152768 0.00570158 0.0339969 
v 0.0154132 0.00574925 0.0339876 
v 0.0155479 0.00579111 0.0339723 
v 0.0156832 0.00582794 0.0339506 
v 0.0158157 0.00585881 0.0339231 
v 0.0159487 0.00588452 0.0338892 
v 0.016079 0.00590438 0.0338496 
v 0.0162076 0.00591861 0.033804 
v 0.0163334 0.00592713 0.0337528 
v -0.0145945 0.00543 0.034 
v 0.0162076 -0.0065 0.033804 
v 0.0159487 -0.0065 0.0338892 
v 0.0156832 -0.0065 0.0339506 
v 0.0154132 -0.0065 0.0339876 
v 0.015141 -0.0065 0.034 
v 0.0162382 -0.007 0.0332464 
v 0.0173311 -0.007 0.0326899 
v 0.0207639 -0.007 0.0306245 
v 0.0239533 -0.007 0.0282 
v 0.0268618 -0.007 0.0254449 
v 0.0294554 -0.007 0.0223914 
v 0.0317037 -0.007 0.0190755 
v 0.0335803 -0.007 0.0155359 
v 0.0350632 -0.007 0.0118142 
v 0.036135 -0.007 0.00795391 
v 0.0367831 -0.007 0.0040004 
v 0.037 -0.007 1.26139e-17 
v 0.0367831 -0.007 -0.0040004 
v 0.036135 -0.007 -0.00795391 
v 0.0350632 -0.007 -0.0118142 
v 0.0335803 -0.007 -0.0155359 
v 0.0317037 -0.007 -0.0190755 
v 0.0294554 -0.007 -0.0223914 
v 0.0268618 -0.007 -0.0254449 
v 0.0239533 -0.007 -0.0282 
v 0.0207639 -0.007 -0.0306245 
v 0.0173311 -0.007 -0.0326899 
v 0.0136951 -0.007 -0.0343721 
v 0.00989855 -0.007 -0.0356513 
v 0.00598593 -0.007 -0.0365126 
v 0.00200314 -0.007 -0.0369457 
v -0.00200314 -0.007 -0.0369457 
v -0.00598593 -0.007 -0.0365126 
v -0.00989855 -0.007 -0.0356513 
v -0.0136951 -0.007 -0.0343721 
v -0.0173311 -0.007 -0.0326899 
v -0.0207639 -0.007 -0.0306245 
v -0.0239533 -0.007 -0.0282 
v -0.0268618 -0.007 -0.0254449 
v -0.0294554 -0.007 -0.0223914 
v -0.0317037 -0.007 -0.0190755 
v -0.0335803 -0.007 -0.0155359 
v -0.0350632 -0.007 -0.0118142 
v -0.036135 -0.007 -0.00795391 
v -0.0367831 -0.007 -0.0040004 
v -0.037 -0.007 -1.45733e-17 
v -0.0367831 -0.007 0.0040004 
v -0.036135 -0.007 0.00795391 
v -0.0350632 -0.007 0.0118142 
v -0.0335803 -0.007 0.0155359 
v -0.0317037 -0.007 0.0190755 
v -0.0294554 -0.007 0.0223914 
v -0.0268618 -0.007 0.0254449 
v -0.0239533 -0.007 0.0282 
v -0.0207639 -0.007 0.0306245 
v -0.0173311 -0.007 0.0326899 
v -0.0162382 -0.007 0.0332464 
v 0.015141 -0.007 0.0335 
v 0.0153679 -0.007 0.0334897 
v 0.0155928 -0.007 0.0334588 
v 0.0158141 -0.007 0.0334077 
v 0.0160298 -0.007 0.0333367 
v 0.00282608 -0.007 0.0335 
v 0.00282608 -0.0065 0.034 
v -0.0160298 -0.007 0.0333367 
v -0.0158141 -0.007 0.0334077 
v -0.0155928 -0.007 0.0334588 
v -0.0153679 -0.007 0.0334897 
v -0.015141 -0.007 0.0335 
v -0.00318687 -0.0065 0.034 
v -0.00318687 -0.007 0.0335 
v 0.0086888 -0.00196024 0.034 
v 0.0085956 -0.00175878 0.034 
v 0.00845301 -0.00111098 0.034 
v 0.00845301 -0.000889015 0.034 
v 0.00852472 -0.00154843 0.034 
v 0.00925939 -0.00263199 0.034 
v 0.00909022 -0.00248829 0.034 
v 0.00282608 0.00543 0.034 
v 0.00852472 -0.000451567 0.034 
v 0.0085956 -0.000241217 0.034 
v 0.00880324 -0.00215043 0.034 
v 0.00893757 -0.00232714 0.034 
v 0.0117406 0.000631991 0.034 
v 0.0119098 0.000488291 0.034 
v 0.0086888 -3.97627e-05 0.034 
v 0.00880324 0.000150433 0.034 
v 0.00847701 -0.000668347 0.034 
v 0.00847701 -0.00133165 0.034 
v 0.0102784 -0.00303798 0.034 
v 0.0100593 -0.00300207 0.034 
v 0.0120624 0.000327142 0.034 
v 0.0121968 0.000150433 0.034 
v 0.0115569 0.000756557 0.034 
v 0.0111546 0.000942689 0.034 
v 0.0113608 0.00086053 0.034 
v 0.00963923 -0.00286053 0.034 
v 0.00944311 -0.00275656 0.034 
v 0.00984543 -0.00294269 0.034 
v 0.0124753 -0.00154843 0.034 
v 0.0124044 -0.00175878 0.034 
v 0.012547 -0.00111098 0.034 
v 0.012523 -0.00133165 0.034 
v 0.0124044 -0.000241217 0.034 
v 0.0124753 -0.000451567 0.034 
v 0.0123112 -3.97627e-05 0.034 
v 0.0111546 -0.00294269 0.034 
v 0.0109407 -0.00300207 0.034 
v 0.0119098 -0.00248829 0.034 
v 0.0117406 -0.00263199 0.034 
v 0.0121968 -0.00215043 0.034 
v 0.0120624 -0.00232714 0.034 
v 0.012547 -0.000889015 0.034 
v 0.012523 -0.000668347 0.034 
v 0.00893757 0.000327142 0.034 
v 0.00909022 0.000488291 0.034 
v 0.0105 -0.00305 0.034 
v 0.0113608 -0.00286053 0.034 
v 0.0115569 -0.00275656 0.034 
v 0.0123112 -0.00196024 0.034 
v 0.0107216 0.00103798 0.034 
v 0.0109407 0.00100207 0.034 
v 0.0102784 0.00103798 0.034 
v 0.0105 0.00105 0.034 
v 0.00963923 0.00086053 0.034 
v 0.00984543 0.000942689 0.034 
v 0.0107216 -0.00303798 0.034 
v 0.0100593 0.00100207 0.034 
v 0.00944311 0.000756557 0.034 
v 0.00925939 0.000631991 0.034 
v 0.00191607 -0.0065 0.0334146 
v 0.00237107 -0.007 0.0332073 
v 0.00239503 -0.007 0.0332534 
v 0.00196399 -0.0065 0.0335068 
v 0.00242365 -0.007 0.0332967 
v 0.00202122 -0.0065 0.0335935 
v 0.00245661 -0.007 0.0333369 
v 0.00208714 -0.0065 0.0336738 
v 0.00249355 -0.007 0.0333734 
v 0.00216103 -0.0065 0.0337468 
v 0.00253409 -0.007 0.0334059 
v 0.0022421 -0.0065 0.0338118 
v 0.00257777 -0.007 0.033434 
v 0.00232947 -0.0065 0.033868 
v 0.00262414 -0.007 0.0334574 
v 0.0024222 -0.0065 0.0339148 
v 0.00267268 -0.007 0.0334759 
v 0.00251929 -0.0065 0.0339518 
v 0.00272289 -0.007 0.0334892 
v 0.0026197 -0.0065 0.0339785 
v 0.0027742 -0.007 0.0334973 
v 0.00272233 -0.0065 0.0339946 
v 0.00272233 0.00543 0.0339946 
v 0.0026197 0.00543 0.0339785 
v 0.00251929 0.00543 0.0339518 
v 0.0024222 0.00543 0.0339148 
v 0.00232947 0.00543 0.033868 
v 0.0022421 0.00543 0.0338118 
v 0.00216103 0.00543 0.0337468 
v 0.00208714 0.00543 0.0336738 
v 0.00202122 0.00543 0.0335935 
v 0.00196399 0.00543 0.0335068 
v 0.00191607 0.00543 0.0334146 
v 0.00208738 -0.007 0.0326439 
v 0.00164989 -0.0065 0.0328859 
v 0.0103216 0.000640328 0.0336 
v 0.0101453 0.000611424 0.0336 
v 0.00997315 0.000563628 0.0336 
v 0.00980718 0.000497499 0.0336 
v 0.00964934 0.000413814 0.0336 
v 0.00950146 0.000313554 0.0336 
v 0.0093653 0.000197893 0.0336 
v 0.00924243 6.81874e-05 0.0336 
v 0.00913431 -7.40413e-05 0.0336 
v 0.00904221 -0.000227126 0.0336 
v 0.00896719 -0.000389272 0.0336 
v 0.00891014 -0.000558578 0.0336 
v 0.00887174 -0.00073306 0.0336 
v 0.00885242 -0.000910671 0.0336 
v 0.00885242 -0.00108933 0.0336 
v 0.00887174 -0.00126694 0.0336 
v 0.00891014 -0.00144142 0.0336 
v 0.00896719 -0.00161073 0.0336 
v 0.00904221 -0.00177287 0.0336 
v 0.00913431 -0.00192596 0.0336 
v 0.00924243 -0.00206819 0.0336 
v 0.0093653 -0.00219789 0.0336 
v 0.00950146 -0.00231355 0.0336 
v 0.00964934 -0.00241381 0.0336 
v 0.00980718 -0.0024975 0.0336 
v 0.00997315 -0.00256363 0.0336 
v 0.0101453 -0.00261142 0.0336 
v 0.0103216 -0.00264033 0.0336 
v 0.0105 -0.00265 0.0336 
v 0.0106784 -0.00264033 0.0336 
v 0.0108547 -0.00261142 0.0336 
v 0.0110268 -0.00256363 0.0336 
v 0.0111928 -0.0024975 0.0336 
v 0.0113507 -0.00241381 0.0336 
v 0.0114985 -0.00231355 0.0336 
v 0.0116347 -0.00219789 0.0336 
v 0.0117576 -0.00206819 0.0336 
v 0.0118657 -0.00192596 0.0336 
v 0.0119578 -0.00177287 0.0336 
v 0.0120328 -0.00161073 0.0336 
v 0.0120899 -0.00144142 0.0336 
v 0.0121283 -0.00126694 0.0336 
v 0.0121476 -0.00108933 0.0336 
v 0.0121476 -0.000910671 0.0336 
v 0.0121283 -0.00073306 0.0336 
v 0.0120899 -0.000558578 0.0336 
v 0.0120328 -0.000389272 0.0336 
v 0.0119578 -0.000227126 0.0336 
v 0.0118657 -7.40413e-05 0.0336 
v 0.0117576 6.81874e-05 0.0336 
v 0.0116347 0.000197893 0.0336 
v 0.0114985 0.000313554 0.0336 
v 0.0113507 0.000413814 0.0336 
v 0.0111928 0.000497499 0.0336 
v 0.0110268 0.000563628 0.0336 
v 0.0108547 0.000611424 0.0336 
v 0.0106784 0.000640328 0.0336 
v 0.0105 0.00065 0.0336 
v 0.0105 0.00065 0.026 
v 0.0106784 0.000640328 0.026 
v 0.0108547 0.000611424 0.026 
v 0.0110268 0.000563628 0.026 
v 0.0111928 0.000497499 0.026 
v 0.0113507 0.000413814 0.026 
v 0.0114985 0.000313554 0.026 
v 0.0116347 0.000197893 0.026 
v 0.0117576 6.81874e-05 0.026 
v 0.0118657 -7.40413e-05 0.026 
v 0.0119578 -0.000227126 0.026 
v 0.0120328 -0.000389272 0.026 
v 0.0120899 -0.000558578 0.026 
v 0.0121283 -0.00073306 0.026 
v 0.0121476 -0.000910671 0.026 
v 0.0121476 -0.00108933 0.026 
v 0.0121283 -0.00126694 0.026 
v 0.0120899 -0.00144142 0.026 
v 0.0120328 -0.00161073 0.026 
v 0.0119578 -0.00177287 0.026 
v 0.0118657 -0.00192596 0.026 
v 0.0117576 -0.00206819 0.026 
v 0.0116347 -0.00219789 0.026 
v 0.0114985 -0.00231355 0.026 
v 0.0113507 -0.00241381 0.026 
v 0.0111928 -0.0024975 0.026 
v 0.0110268 -0.00256363 0.026 
v 0.0108547 -0.00261142 0.026 
v 0.0106784 -0.00264033 0.026 
v 0.0105 -0.00265 0.026 
v 0.0103216 -0.00264033 0.026 
v 0.0101453 -0.00261142 0.026 
v 0.00997315 -0.00256363 0.026 
v 0.00980718 -0.0024975 0.026 
v 0.00964934 -0.00241381 0.026 
v 0.00950146 -0.00231355 0.026 
v 0.0093653 -0.00219789 0.026 
v 0.00924243 -0.00206819 0.026 
v 0.00913431 -0.00192596 0.026 
v 0.00904221 -0.00177287 0.026 
v 0.00896719 -0.00161073 0.026 
v 0.00891014 -0.00144142 0.026 
v 0.00887174 -0.00126694 0.026 
v 0.00885242 -0.00108933 0.026 
v 0.00885242 -0.000910671 0.026 
v 0.00887174 -0.00073306 0.026 
v 0.00891014 -0.000558578 0.026 
v 0.00896719 -0.000389272 0.026 
v 0.00904221 -0.000227126 0.026 
v 0.00913431 -7.40413e-05 0.026 
v 0.00924243 6.81874e-05 0.026 
v 0.0093653 0.000197893 0.026 
v 0.00950146 0.000313554 0.026 
v 0.00964934 0.000413814 0.026 
v 0.00980718 0.000497499 0.026 
v 0.00997315 0.000563628 0.026 
v 0.0101453 0.000611424 0.026 
v 0.0103216 0.000640328 0.026 
v 0.0105 -0.001 0.0250086 
v -0.0124753 -0.000451567 0.034 
v -0.0124044 -0.000241217 0.034 
v -0.012547 -0.000889015 0.034 
v -0.00318687 0.00543 0.034 
v -0.00880324 0.000150433 0.034 
v -0.0086888 -3.97627e-05 0.034 
v -0.0123112 -3.97627e-05 0.034 
v -0.0121968 0.000150433 0.034 
v -0.012523 -0.000668347 0.034 
v -0.012547 -0.00111098 0.034 
v -0.00893757 0.000327142 0.034 
v -0.00925939 0.000631991 0.034 
v -0.00909022 0.000488291 0.034 
v -0.00984543 0.000942689 0.034 
v -0.00963923 0.00086053 0.034 
v -0.012523 -0.00133165 0.034 
v -0.0123112 -0.00196024 0.034 
v -0.0124044 -0.00175878 0.034 
v -0.00944311 0.000756557 0.034 
v -0.0102784 0.00103798 0.034 
v -0.0124753 -0.00154843 0.034 
v -0.0117406 -0.00263199 0.034 
v -0.0119098 -0.00248829 0.034 
v -0.0107216 -0.00303798 0.034 
v -0.0109407 -0.00300207 0.034 
v -0.00925939 -0.00263199 0.034 
v -0.00944311 -0.00275656 0.034 
v -0.0100593 0.00100207 0.034 
v -0.0107216 0.00103798 0.034 
v -0.0105 0.00105 0.034 
v -0.0113608 0.00086053 0.034 
v -0.0111546 0.000942689 0.034 
v -0.0117406 0.000631991 0.034 
v -0.0115569 0.000756557 0.034 
v -0.0120624 0.000327142 0.034 
v -0.0119098 0.000488291 0.034 
v -0.0120624 -0.00232714 0.034 
v -0.0113608 -0.00286053 0.034 
v -0.0115569 -0.00275656 0.034 
v -0.0111546 -0.00294269 0.034 
v -0.00909022 -0.00248829 0.034 
v -0.0085956 -0.000241217 0.034 
v -0.00852472 -0.000451567 0.034 
v -0.0109407 0.00100207 0.034 
v -0.0121968 -0.00215043 0.034 
v -0.00893757 -0.00232714 0.034 
v -0.0086888 -0.00196024 0.034 
v -0.00880324 -0.00215043 0.034 
v -0.00852472 -0.00154843 0.034 
v -0.0085956 -0.00175878 0.034 
v -0.00847701 -0.000668347 0.034 
v -0.00847701 -0.00133165 0.034 
v -0.00845301 -0.000889015 0.034 
v -0.0102784 -0.00303798 0.034 
v -0.00984543 -0.00294269 0.034 
v -0.0100593 -0.00300207 0.034 
v -0.00845301 -0.00111098 0.034 
v -0.0105 -0.00305 0.034 
v -0.00963923 -0.00286053 0.034 
v -0.00313355 -0.007 0.0334971 
v -0.00308022 -0.0065 0.0339943 
v -0.00308083 -0.007 0.0334886 
v -0.0029748 -0.0065 0.0339773 
v -0.00302933 -0.007 0.0334745 
v -0.00287179 -0.0065 0.0339491 
v -0.00297962 -0.007 0.033455 
v -0.00277238 -0.0065 0.0339101 
v -0.00293228 -0.007 0.0334303 
v -0.00267769 -0.0065 0.0338607 
v -0.00288784 -0.007 0.0334007 
v -0.00258881 -0.0065 0.0338015 
v -0.00284681 -0.007 0.0333666 
v -0.00250675 -0.0065 0.0337331 
v -0.00280966 -0.007 0.0333282 
v -0.00243245 -0.0065 0.0336564 
v -0.00277681 -0.007 0.0332861 
v -0.00236675 -0.0065 0.0335722 
v -0.00274864 -0.007 0.0332407 
v -0.00231041 -0.0065 0.0334815 
v -0.00272546 -0.007 0.0331926 
v -0.00226406 -0.0065 0.0333853 
v -0.00270755 -0.007 0.0331423 
v -0.00222824 -0.0065 0.0332847 
v -0.00269511 -0.007 0.0330904 
v -0.00220335 -0.0065 0.0331808 
v -0.00268827 -0.007 0.0330374 
v -0.00218967 -0.0065 0.0330749 
v -0.00268712 -0.007 0.0329841 
v -0.00218737 -0.0065 0.0329681 
v -0.00269167 -0.007 0.0329309 
v -0.00219648 -0.0065 0.0328617 
v -0.00270187 -0.007 0.0328784 
v -0.00221687 -0.0065 0.0327569 
v -0.0027176 -0.007 0.0328274 
v -0.00224833 -0.0065 0.0326548 
v -0.00273868 -0.007 0.0327784 
v -0.00229049 -0.0065 0.0325567 
v -0.00276487 -0.007 0.0327318 
v -0.00234288 -0.0065 0.0324636 
v -0.00279588 -0.007 0.0326883 
v -0.00240489 -0.0065 0.0323767 
v -0.00283134 -0.007 0.0326484 
v -0.00247582 -0.0065 0.0322969 
v -0.00287086 -0.007 0.0326125 
v -0.00255486 -0.0065 0.032225 
v -0.00291399 -0.007 0.032581 
v -0.00264111 -0.0065 0.0321621 
v -0.00296022 -0.007 0.0325543 
v -0.00273358 -0.0065 0.0321086 
v -0.00273358 0.00543 0.0321086 
v -0.00264111 0.00543 0.0321621 
v -0.00255486 0.00543 0.032225 
v -0.00247582 0.00543 0.0322969 
v -0.00240489 0.00543 0.0323767 
v -0.00234288 0.00543 0.0324636 
v -0.00229049 0.00543 0.0325567 
v -0.00224833 0.00543 0.0326548 
v -0.00221687 0.00543 0.0327569 
v -0.00219648 0.00543 0.0328617 
v -0.00218737 0.00543 0.0329681 
v -0.00218967 0.00543 0.0330749 
v -0.00220335 0.00543 0.0331808 
v -0.00222824 0.00543 0.0332847 
v -0.00226406 0.00543 0.0333853 
v -0.00231041 0.00543 0.0334815 
v -0.00236675 0.00543 0.0335722 
v -0.00243245 0.00543 0.0336564 
v -0.00250675 0.00543 0.0337331 
v -0.00258881 0.00543 0.0338015 
v -0.00267769 0.00543 0.0338607 
v -0.00277238 0.00543 0.0339101 
v -0.00287179 0.00543 0.0339491 
v -0.0029748 0.00543 0.0339773 
v -0.00308022 0.00543 0.0339943 
v -0.00321429 -0.007 0.0324349 
v -0.00301587 -0.0065 0.031976 
v -0.00301587 0.00543 0.031976 
v -0.00387665 -0.007 0.0321121 
v -0.00363735 -0.0065 0.0316731 
v -0.00450693 -0.007 0.0317303 
v -0.00422873 -0.0065 0.0313149 
v 0.00205284 -0.007 0.0322369 
v 0.00202498 -0.007 0.0323915 
v 0.00202881 -0.007 0.0323391 
v 0.00206438 -0.007 0.0325966 
v 0.00228582 -0.007 0.0319626 
v 0.00233325 -0.007 0.03194 
v 0.00219939 -0.007 0.0320222 
v 0.00224104 -0.007 0.0319901 
v 0.00202666 -0.007 0.0324441 
v 0.00204647 -0.007 0.0325472 
v 0.00203385 -0.007 0.0324961 
v -0.00458439 -0.007 0.0316879 
v -0.00454472 -0.007 0.0317074 
v 0.00212731 -0.007 0.0320985 
v 0.00216134 -0.007 0.0320585 
v 0.00207276 -0.007 0.0321882 
v 0.00209767 -0.007 0.032142 
v -0.00462563 -0.007 0.0316719 
v -0.00471152 -0.007 0.0316512 
v -0.00466812 -0.007 0.0316597 
v 0.0156344 -0.007 0.0279207 
v 0.00238279 -0.007 0.0319224 
v 0.00243391 -0.007 0.0319101 
v 0.00248603 -0.007 0.0319033 
v 0.00203814 -0.007 0.0322874 
v -0.0145576 -0.007 0.0284969 
v 0.00795869 -0.007 -0.0309945 
v 0.0112584 -0.007 -0.0299541 
v 0.0144265 -0.007 -0.0285636 
v 0.0174259 -0.007 -0.0268391 
v 0.0185574 -0.007 0.0260696 
v -0.0081011 -0.007 0.0309576 
v -0.011396 -0.007 0.029902 
v -0.0175491 -0.007 0.0267587 
v -0.0203354 -0.007 0.0247077 
v -0.0271521 -0.007 0.0169341 
v -0.0288216 -0.007 0.0139037 
v -0.00233933 -0.007 -0.0319144 
v 0.00111986 -0.007 -0.0319804 
v 0.025074 -0.007 -0.019882 
v 0.027074 -0.007 -0.0170587 
v 0.0311 -0.007 -0.0075358 
v 0.0317318 -0.007 -0.00413415 
v 0.0259011 -0.007 0.0187919 
v 0.0237209 -0.007 0.0214783 
v 0.0212634 -0.007 0.0239137 
v -0.0228841 -0.007 0.0223678 
v -0.0251652 -0.007 0.0197665 
v -0.0317505 -0.007 0.00398823 
v -0.0319955 -0.007 0.000537087 
v -0.0277052 -0.007 -0.0160132 
v -0.0258144 -0.007 -0.0189107 
v -0.0155059 -0.007 -0.0279923 
v -0.0123932 -0.007 -0.0295027 
v -0.00577118 -0.007 -0.0314753 
v 0.0202216 -0.007 -0.0248009 
v 0.022781 -0.007 -0.0224728 
v 0.0319927 -0.007 -0.000684171 
v 0.0318796 -0.007 0.0027738 
v 0.0313938 -0.007 0.00619935 
v 0.030541 -0.007 0.00955243 
v 0.0293312 -0.007 0.0127938 
v 0.00591582 -0.007 0.0314484 
v 0.00927646 -0.007 0.0306259 
v -0.0311343 -0.007 0.00739274 
v -0.0318665 -0.007 -0.00292033 
v -0.0313649 -0.007 -0.00634361 
v -0.0304967 -0.007 -0.00969274 
v -0.029272 -0.007 -0.0129286 
v -0.0236219 -0.007 -0.0215872 
v -0.0211533 -0.007 -0.0240112 
v -0.0184373 -0.007 -0.0261546 
v -0.00913557 -0.007 -0.0306682 
v 0.00456596 -0.007 -0.0316726 
v 0.0287574 -0.007 -0.0140361 
v 0.0301047 -0.007 -0.0108494 
v 0.0277785 -0.007 0.0158857 
v 0.0125287 -0.007 0.0294454 
v -0.0301542 -0.007 0.0107108 
v -0.00430431 -0.0065 0.031269 
v -0.00438365 -0.0065 0.0312299 
v -0.00446612 -0.0065 0.031198 
v -0.0045511 -0.0065 0.0311736 
v -0.0046379 -0.0065 0.0311567 
v -0.00422873 0.00543 0.0313149 
v -0.00363735 0.00543 0.0316731 
v -0.00430431 0.00543 0.031269 
v -0.00438365 0.00543 0.0312299 
v -0.00446612 0.00543 0.031198 
v -0.0045511 0.00543 0.0311736 
v -0.0046379 0.00543 0.0311567 
v -0.00797452 -0.0065 0.0304739 
v -0.0112179 -0.0065 0.0294348 
v -0.0143302 -0.0065 0.0280517 
v -0.0172749 -0.0065 0.0263406 
v -0.0200177 -0.0065 0.0243216 
v -0.0225265 -0.0065 0.0220183 
v -0.024772 -0.0065 0.0194576 
v -0.0267278 -0.0065 0.0166695 
v -0.0283713 -0.0065 0.0136865 
v -0.0296831 -0.0065 0.0105435 
v -0.0306479 -0.0065 0.00727723 
v -0.0312544 -0.0065 0.00392591 
v -0.0314956 -0.0065 0.000528695 
v -0.0313686 -0.0065 -0.0028747 
v -0.0308748 -0.0065 -0.00624449 
v -0.0300202 -0.0065 -0.00954129 
v -0.0288147 -0.0065 -0.0127265 
v -0.0272723 -0.0065 -0.015763 
v -0.0254111 -0.0065 -0.0186153 
v -0.0232528 -0.0065 -0.0212499 
v -0.0208227 -0.0065 -0.0236361 
v -0.0181492 -0.0065 -0.025746 
v -0.0152636 -0.0065 -0.0275549 
v -0.0121995 -0.0065 -0.0290417 
v -0.00899282 -0.0065 -0.0301891 
v -0.00568101 -0.0065 -0.0309835 
v -0.00230278 -0.0065 -0.0314157 
v 0.00110236 -0.0065 -0.0314807 
v 0.00449462 -0.0065 -0.0311777 
v 0.00783434 -0.0065 -0.0305102 
v 0.0110825 -0.0065 -0.0294861 
v 0.0142011 -0.0065 -0.0281173 
v 0.0171536 -0.0065 -0.0264197 
v 0.0199057 -0.0065 -0.0244134 
v 0.022425 -0.0065 -0.0221217 
v 0.0246823 -0.0065 -0.0195713 
v 0.0266509 -0.0065 -0.0167922 
v 0.0283081 -0.0065 -0.0138168 
v 0.0296343 -0.0065 -0.0106798 
v 0.0306141 -0.0065 -0.00741805 
v 0.031236 -0.0065 -0.00406955 
v 0.0314928 -0.0065 -0.00067348 
v 0.0313814 -0.0065 0.00273046 
v 0.0309032 -0.0065 0.00610249 
v 0.0300638 -0.0065 0.00940318 
v 0.0288729 -0.0065 0.0125939 
v 0.0273444 -0.0065 0.0156375 
v 0.0254964 -0.0065 0.0184982 
v 0.0233503 -0.0065 0.0211427 
v 0.0209312 -0.0065 0.0235401 
v 0.0182674 -0.0065 0.0256623 
v 0.0153901 -0.0065 0.0274844 
v 0.0123329 -0.0065 0.0289853 
v 0.00913151 -0.0065 0.0301474 
v 0.00582339 -0.0065 0.030957 
v 0.00244718 -0.0065 0.0314048 
v 0.00234294 -0.0065 0.0314185 
v 0.00224071 -0.0065 0.031443 
v 0.00214163 -0.0065 0.0314781 
v 0.00204677 -0.0065 0.0315235 
v 0.00195721 -0.0065 0.0315785 
v 0.00187391 -0.0065 0.0316427 
v 0.00179781 -0.0065 0.0317152 
v 0.00172975 -0.0065 0.0317953 
v 0.00167047 -0.0065 0.0318822 
v 0.00162064 -0.0065 0.0319747 
v 0.00158081 -0.0065 0.032072 
v 0.0015514 -0.0065 0.032173 
v 0.00153276 -0.0065 0.0322764 
v 0.00152508 -0.0065 0.0323813 
v 0.00152845 -0.0065 0.0324863 
v 0.00154284 -0.0065 0.0325905 
v 0.00156808 -0.0065 0.0326925 
v 0.00160389 -0.0065 0.0327914 
v 0.00244718 -0.004 0.0314048 
v 0.00234294 -0.004 0.0314185 
v 0.00224071 -0.004 0.031443 
v 0.00214163 -0.004 0.0314781 
v 0.00204677 -0.004 0.0315235 
v 0.00195721 -0.004 0.0315785 
v 0.00187391 -0.004 0.0316427 
v 0.00179781 -0.004 0.0317152 
v 0.00172975 -0.004 0.0317953 
v 0.00167047 -0.004 0.0318822 
v 0.00162064 -0.004 0.0319747 
v 0.00158081 -0.004 0.032072 
v 0.0015514 -0.004 0.032173 
v 0.00153276 -0.004 0.0322764 
v 0.00152508 -0.004 0.0323813 
v 0.00152845 -0.004 0.0324863 
v 0.00154284 -0.004 0.0325905 
v 0.00156808 -0.004 0.0326925 
v 0.00160389 -0.004 0.0327914 
v 0.00164989 -0.004 0.0328859 
v -0.00198413 -0.004 0.0295895 
v -0.00126937 -0.004 0.0299441 
v -0.00126937 0.00543 0.0299441 
v -0.000595726 -0.004 0.0303717 
v -0.000595726 0.00543 0.0303717 
v 2.93686e-05 -0.004 0.0308676 
v 2.93686e-05 0.00543 0.0308676 
v 0.000599028 -0.004 0.0314263 
v 0.000599028 0.00543 0.0314263 
v 0.00110697 -0.004 0.0320417 
v 0.00110697 0.00543 0.0320417 
v 0.0015476 -0.004 0.0327069 
v 0.0015476 0.00543 0.0327069 
v -0.00198413 0.00543 0.0295895 
v -0.0024548 0.00543 0.0293559 
v -0.0024548 -0.004 0.0293559 
v -0.00289837 0.00543 0.0290742 
v -0.00289837 -0.004 0.0290742 
v -0.00330992 0.00543 0.0287476 
v -0.00330992 -0.004 0.0287476 
v -0.00368493 0.00543 0.0283795 
v -0.00368493 -0.004 0.0283795 
v -0.00401924 0.00543 0.0279742 
v -0.00401924 -0.004 0.0279742 
v -0.00430916 0.00543 0.027536 
v -0.00430916 -0.004 0.027536 
v -0.0045515 0.00543 0.0270697 
v -0.0045515 -0.004 0.0270697 
v -0.00474357 0.00543 0.0265807 
v -0.00474357 -0.004 0.0265807 
v -0.00488326 0.00543 0.0260741 
v -0.00488326 -0.004 0.0260741 
v -0.00496902 0.00543 0.0255558 
v -0.00496902 -0.004 0.0255558 
v -0.0049999 0.00543 0.0250312 
v -0.0049999 -0.004 0.0250312 
v -0.00497557 0.00543 0.0245063 
v -0.00497557 -0.004 0.0245063 
v -0.00489629 0.00543 0.0239869 
v -0.00489629 -0.004 0.0239869 
v -0.00476294 0.00543 0.0234787 
v -0.00476294 -0.004 0.0234787 
v -0.00457699 0.00543 0.0229873 
v -0.00457699 -0.004 0.0229873 
v -0.0043405 0.00543 0.022518 
v -0.0043405 -0.004 0.022518 
v -0.00405607 0.00543 0.0220762 
v -0.00405607 -0.004 0.0220762 
v -0.00372685 0.00543 0.0216667 
v -0.00372685 -0.004 0.0216667 
v -0.00335647 0.00543 0.021294 
v -0.00335647 -0.004 0.021294 
v -0.00294902 0.00543 0.0209623 
v -0.00294902 -0.004 0.0209623 
v -0.00250901 0.00543 0.0206751 
v -0.00250901 -0.004 0.0206751 
v -0.00204129 0.00543 0.0204357 
v -0.00204129 -0.004 0.0204357 
v -0.00155102 0.00543 0.0202467 
v -0.00155102 -0.004 0.0202467 
v -0.00104363 0.00543 0.0201101 
v -0.00104363 -0.004 0.0201101 
v -0.000524712 0.00543 0.0200276 
v -0.000524712 -0.004 0.0200276 
v -5.3275e-16 0.00543 0.02 
v -5.32173e-16 -0.004 0.02 
v 0.0005 0.00543 0.02 
v 0.0005 -0.004 0.02 
v 0.000970378 -0.004 0.0199753 
v 0.0014356 -0.004 0.0199017 
v 0.000970378 0.00543 0.0199753 
v 0.00189058 -0.004 0.0197798 
v 0.0014356 0.00543 0.0199017 
v 0.00233031 -0.004 0.019611 
v 0.00189058 0.00543 0.0197798 
v 0.00275 -0.004 0.0193971 
v 0.00233031 0.00543 0.019611 
v 0.00314503 -0.004 0.0191406 
v 0.00275 0.00543 0.0193971 
v 0.00351109 -0.004 0.0188442 
v 0.00314503 0.00543 0.0191406 
v 0.00384415 -0.004 0.0185111 
v 0.00351109 0.00543 0.0188442 
v 0.00414058 -0.004 0.018145 
v 0.00384415 0.00543 0.0185111 
v 0.00439711 -0.004 0.01775 
v 0.00414058 0.00543 0.018145 
v 0.00461095 -0.004 0.0173303 
v 0.00439711 0.00543 0.01775 
v 0.00477975 -0.004 0.0168906 
v 0.00461095 0.00543 0.0173303 
v 0.00490166 -0.004 0.0164356 
v 0.00477975 0.00543 0.0168906 
v 0.00497535 -0.004 0.0159704 
v 0.00490166 0.00543 0.0164356 
v 0.005 -0.004 0.0155 
v 0.00497535 0.00543 0.0159704 
v 0.005 0.00543 0.0155 
v 0.005 0.00543 0.015 
v 0.005 -0.004 0.015 
v 0.00502465 0.00543 0.0145296 
v 0.00502465 -0.004 0.0145296 
v 0.00509834 0.00543 0.0140644 
v 0.00509834 -0.004 0.0140644 
v 0.00522025 0.00543 0.0136094 
v 0.00522025 -0.004 0.0136094 
v 0.00538905 0.00543 0.0131697 
v 0.00538905 -0.004 0.0131697 
v 0.00560289 0.00543 0.01275 
v 0.00560289 -0.004 0.01275 
v 0.00585942 0.00543 0.012355 
v 0.00585942 -0.004 0.012355 
v 0.00615585 0.00543 0.0119889 
v 0.00615585 -0.004 0.0119889 
v 0.00648891 0.00543 0.0116558 
v 0.00648891 -0.004 0.0116558 
v 0.00685497 0.00543 0.0113594 
v 0.00685497 -0.004 0.0113594 
v 0.00725 0.00543 0.0111029 
v 0.00725 -0.004 0.0111029 
v 0.00766969 0.00543 0.010889 
v 0.00766969 -0.004 0.010889 
v 0.00810942 0.00543 0.0107202 
v 0.00810942 -0.004 0.0107202 
v 0.0085644 0.00543 0.0105983 
v 0.0085644 -0.004 0.0105983 
v 0.00902962 0.00543 0.0105247 
v 0.00902962 -0.004 0.0105247 
v 0.0095 0.00543 0.0105 
v 0.0095 -0.004 0.0105 
v -0.0106784 0.000640328 0.0336 
v -0.0108547 0.000611424 0.0336 
v -0.0110268 0.000563628 0.0336 
v -0.0111928 0.000497499 0.0336 
v -0.0113507 0.000413814 0.0336 
v -0.0114985 0.000313554 0.0336 
v -0.0116347 0.000197893 0.0336 
v -0.0117576 6.81874e-05 0.0336 
v -0.0118657 -7.40413e-05 0.0336 
v -0.0119578 -0.000227126 0.0336 
v -0.0120328 -0.000389272 0.0336 
v -0.0120899 -0.000558578 0.0336 
v -0.0121283 -0.00073306 0.0336 
v -0.0121476 -0.000910671 0.0336 
v -0.0121476 -0.00108933 0.0336 
v -0.0121283 -0.00126694 0.0336 
v -0.0120899 -0.00144142 0.0336 
v -0.0120328 -0.00161073 0.0336 
v -0.0119578 -0.00177287 0.0336 
v -0.0118657 -0.00192596 0.0336 
v -0.0117576 -0.00206819 0.0336 
v -0.0116347 -0.00219789 0.0336 
v -0.0114985 -0.00231355 0.0336 
v -0.0113507 -0.00241381 0.0336 
v -0.0111928 -0.0024975 0.0336 
v -0.0110268 -0.00256363 0.0336 
v -0.0108547 -0.00261142 0.0336 
v -0.0106784 -0.00264033 0.0336 
v -0.0105 -0.00265 0.0336 
v -0.0103216 -0.00264033 0.0336 
v -0.0101453 -0.00261142 0.0336 
v -0.00997315 -0.00256363 0.0336 
v -0.00980718 -0.0024975 0.0336 
v -0.00964934 -0.00241381 0.0336 
v -0.00950146 -0.00231355 0.0336 
v -0.0093653 -0.00219789 0.0336 
v -0.00924243 -0.00206819 0.0336 
v -0.00913431 -0.00192596 0.0336 
v -0.00904221 -0.00177287 0.0336 
v -0.00896719 -0.00161073 0.0336 
v -0.00891014 -0.00144142 0.0336 
v -0.00887174 -0.00126694 0.0336 
v -0.00885242 -0.00108933 0.0336 
v -0.00885242 -0.000910671 0.0336 
v -0.00887174 -0.00073306 0.0336 
v -0.00891014 -0.000558578 0.0336 
v -0.00896719 -0.000389272 0.0336 
v -0.00904221 -0.000227126 0.0336 
v -0.00913431 -7.40413e-05 0.0336 
v -0.00924243 6.81874e-05 0.0336 
v -0.0093653 0.000197893 0.0336 
v -0.00950146 0.000313554 0.0336 
v -0.00964934 0.000413814 0.0336 
v -0.00980718 0.000497499 0.0336 
v -0.00997315 0.000563628 0.0336 
v -0.0101453 0.000611424 0.0336 
v -0.0103216 0.000640328 0.0336 
v -0.0105 0.00065 0.0336 
v -0.0105 0.00065 0.026 
v -0.0103216 0.000640328 0.026 
v -0.0101453 0.000611424 0.026 
v -0.00997315 0.000563628 0.026 
v -0.00980718 0.000497499 0.026 
v -0.00964934 0.000413814 0.026 
v -0.00950146 0.000313554 0.026 
v -0.0093653 0.000197893 0.026 
v -0.00924243 6.81874e-05 0.026 
v -0.00913431 -7.40413e-05 0.026 
v -0.00904221 -0.000227126 0.026 
v -0.00896719 -0.000389272 0.026 
v -0.00891014 -0.000558578 0.026 
v -0.00887174 -0.00073306 0.026 
v -0.00885242 -0.000910671 0.026 
v -0.00885242 -0.00108933 0.026 
v -0.00887174 -0.00126694 0.026 
v -0.00891014 -0.00144142 0.026 
v -0.00896719 -0.00161073 0.026 
v -0.00904221 -0.00177287 0.026 
v -0.00913431 -0.00192596 0.026 
v -0.00924243 -0.00206819 0.026 
v -0.0093653 -0.00219789 0.026 
v -0.00950146 -0.00231355 0.026 
v -0.00964934 -0.00241381 0.026 
v -0.00980718 -0.0024975 0.026 
v -0.00997315 -0.00256363 0.026 
v -0.0101453 -0.00261142 0.026 
v -0.0103216 -0.00264033 0.026 
v -0.0105 -0.00265 0.026 
v -0.0106784 -0.00264033 0.026 
v -0.0108547 -0.00261142 0.026 
v -0.0110268 -0.00256363 0.026 
v -0.0111928 -0.0024975 0.026 
v -0.0113507 -0.00241381 0.026 
v -0.0114985 -0.00231355 0.026 
v -0.0116347 -0.00219789 0.026 
v -0.0117576 -0.00206819 0.026 
v -0.0118657 -0.00192596 0.026 
v -0.0119578 -0.00177287 0.026 
v -0.0120328 -0.00161073 0.026 
v -0.0120899 -0.00144142 0.026 
v -0.0121283 -0.00126694 0.026 
v -0.0121476 -0.00108933 0.026 
v -0.0121476 -0.000910671 0.026 
v -0.0121283 -0.00073306 0.026 
v -0.0120899 -0.000558578 0.026 
v -0.0120328 -0.000389272 0.026 
v -0.0119578 -0.000227126 0.026 
v -0.0118657 -7.40413e-05 0.026 
v -0.0117576 6.81874e-05 0.026 
v -0.0116347 0.000197893 0.026 
v -0.0114985 0.000313554 0.026 
v -0.0113507 0.000413814 0.026 
v -0.0111928 0.000497499 0.026 
v -0.0110268 0.000563628 0.026 
v -0.0108547 0.000611424 0.026 
v -0.0106784 0.000640328 0.026 
v -0.0105 -0.001 0.0250086 
v 0.0037 0.00583 0.0105 
v 0.0217 0.00583 0.0105 
v 0.0217 -0.004 0.0105 
v 0.0037 0.00543 0.0105 
v -0.000775349 0.00543 0.00647038 
v -0.0008 0.00543 0.006 
v -0.0008 0.00583 0.006 
v -0.000701664 0.00543 0.0069356 
v -0.000775349 0.00583 0.00647038 
v -0.000579754 0.00543 0.00739058 
v -0.000701664 0.00583 0.0069356 
v -0.000410955 0.00543 0.00783031 
v -0.000579754 0.00583 0.00739058 
v -0.000197114 0.00543 0.00825 
v -0.000410955 0.00583 0.00783031 
v 5.94235e-05 0.00543 0.00864503 
v -0.000197114 0.00583 0.00825 
v 0.000355848 0.00543 0.00901109 
v 5.94235e-05 0.00583 0.00864503 
v 0.000688912 0.00543 0.00934415 
v 0.000355848 0.00583 0.00901109 
v 0.00105497 0.00543 0.00964058 
v 0.000688912 0.00583 0.00934415 
v 0.00145 0.00543 0.00989711 
v 0.00105497 0.00583 0.00964058 
v 0.00186969 0.00543 0.010111 
v 0.00145 0.00583 0.00989711 
v 0.00230942 0.00543 0.0102798 
v 0.00186969 0.00583 0.010111 
v 0.0027644 0.00543 0.0104017 
v 0.00230942 0.00583 0.0102798 
v 0.00322962 0.00543 0.0104753 
v 0.0027644 0.00583 0.0104017 
v 0.00322962 0.00583 0.0104753 
v -0.0008 0.00543 -0.0196777 
v -0.0008 0.00583 -0.0196777 
v 0.00322962 0.00543 -0.024153 
v 0.0037 0.00543 -0.0241777 
v 0.0037 0.00583 -0.0241777 
v 0.0027644 0.00543 -0.0240793 
v 0.00322962 0.00583 -0.024153 
v 0.00230942 0.00543 -0.0239574 
v 0.0027644 0.00583 -0.0240793 
v 0.00186969 0.00543 -0.0237886 
v 0.00230942 0.00583 -0.0239574 
v 0.00145 0.00543 -0.0235748 
v 0.00186969 0.00583 -0.0237886 
v 0.00105497 0.00543 -0.0233182 
v 0.00145 0.00583 -0.0235748 
v 0.000688912 0.00543 -0.0230218 
v 0.00105497 0.00583 -0.0233182 
v 0.000355848 0.00543 -0.0226888 
v 0.000688912 0.00583 -0.0230218 
v 5.94235e-05 0.00543 -0.0223227 
v 0.000355848 0.00583 -0.0226888 
v -0.000197114 0.00543 -0.0219277 
v 5.94235e-05 0.00583 -0.0223227 
v -0.000410955 0.00543 -0.021508 
v -0.000197114 0.00583 -0.0219277 
v -0.000579754 0.00543 -0.0210682 
v -0.000410955 0.00583 -0.021508 
v -0.000701664 0.00543 -0.0206133 
v -0.000579754 0.00583 -0.0210682 
v -0.000775349 0.00543 -0.020148 
v -0.000701664 0.00583 -0.0206133 
v -0.000775349 0.00583 -0.020148 
v 0.006 0.00543 -0.0241777 
v 0.006 0.00583 -0.0241777 
v 0.0104753 0.00543 -0.020148 
v 0.0105 0.00543 -0.0196777 
v 0.0105 0.00583 -0.0196777 
v 0.0104017 0.00543 -0.0206133 
v 0.0104753 0.00583 -0.020148 
v 0.0102798 0.00543 -0.0210682 
v 0.0104017 0.00583 -0.0206133 
v 0.010111 0.00543 -0.021508 
v 0.0102798 0.00583 -0.0210682 
v 0.00989711 0.00543 -0.0219277 
v 0.010111 0.00583 -0.021508 
v 0.00964058 0.00543 -0.0223227 
v 0.00989711 0.00583 -0.0219277 
v 0.00934415 0.00543 -0.0226888 
v 0.00964058 0.00583 -0.0223227 
v 0.00901109 0.00543 -0.0230218 
v 0.00934415 0.00583 -0.0226888 
v 0.00864503 0.00543 -0.0233182 
v 0.00901109 0.00583 -0.0230218 
v 0.00825 0.00543 -0.0235748 
v 0.00864503 0.00583 -0.0233182 
v 0.00783031 0.00543 -0.0237886 
v 0.00825 0.00583 -0.0235748 
v 0.00739058 0.00543 -0.0239574 
v 0.00783031 0.00583 -0.0237886 
v 0.0069356 0.00543 -0.0240793 
v 0.00739058 0.00583 -0.0239574 
v 0.00647038 0.00543 -0.024153 
v 0.0069356 0.00583 -0.0240793 
v 0.00647038 0.00583 -0.024153 
v 0.0261753 0.00583 0.00647038 
v 0.0262 0.00583 0.006 
v 0.0262 -0.004 0.006 
v 0.0261017 0.00583 0.0069356 
v 0.0261753 -0.004 0.00647038 
v 0.0259798 0.00583 0.00739058 
v 0.0261017 -0.004 0.0069356 
v 0.025811 0.00583 0.00783031 
v 0.0259798 -0.004 0.00739058 
v 0.0255971 0.00583 0.00825 
v 0.025811 -0.004 0.00783031 
v 0.0253406 0.00583 0.00864503 
v 0.0255971 -0.004 0.00825 
v 0.0250442 0.00583 0.00901109 
v 0.0253406 -0.004 0.00864503 
v 0.0247111 0.00583 0.00934415 
v 0.0250442 -0.004 0.00901109 
v 0.024345 0.00583 0.00964058 
v 0.0247111 -0.004 0.00934415 
v 0.02395 0.00583 0.00989711 
v 0.024345 -0.004 0.00964058 
v 0.0235303 0.00583 0.010111 
v 0.02395 -0.004 0.00989711 
v 0.0230906 0.00583 0.0102798 
v 0.0235303 -0.004 0.010111 
v 0.0226356 0.00583 0.0104017 
v 0.0230906 -0.004 0.0102798 
v 0.0221704 0.00583 0.0104753 
v 0.0226356 -0.004 0.0104017 
v 0.0221704 -0.004 0.0104753 
v 0.0262 0.00583 -0.006 
v 0.0262 -0.004 -0.006 
v 0.0221704 0.00583 -0.0104753 
v 0.0217 0.00583 -0.0105 
v 0.0217 -0.004 -0.0105 
v 0.0226356 0.00583 -0.0104017 
v 0.0221704 -0.004 -0.0104753 
v 0.0230906 0.00583 -0.0102798 
v 0.0226356 -0.004 -0.0104017 
v 0.0235303 0.00583 -0.010111 
v 0.0230906 -0.004 -0.0102798 
v 0.02395 0.00583 -0.00989711 
v 0.0235303 -0.004 -0.010111 
v 0.024345 0.00583 -0.00964058 
v 0.02395 -0.004 -0.00989711 
v 0.0247111 0.00583 -0.00934415 
v 0.024345 -0.004 -0.00964058 
v 0.0250442 0.00583 -0.00901109 
v 0.0247111 -0.004 -0.00934415 
v 0.0253406 0.00583 -0.00864503 
v 0.0250442 -0.004 -0.00901109 
v 0.0255971 0.00583 -0.00825 
v 0.0253406 -0.004 -0.00864503 
v 0.025811 0.00583 -0.00783031 
v 0.0255971 -0.004 -0.00825 
v 0.0259798 0.00583 -0.00739058 
v 0.025811 -0.004 -0.00783031 
v 0.0261017 0.00583 -0.0069356 
v 0.0259798 -0.004 -0.00739058 
v 0.0261753 0.00583 -0.00647038 
v 0.0261017 -0.004 -0.0069356 
v 0.0261753 -0.004 -0.00647038 
v 0.0128749 0.00583 -0.0123436 
v 0.0111205 0.00583 -0.0147582 
v 0.0114616 0.00583 -0.0140888 
v 0.0105393 0.00583 -0.0169274 
v 0.0123436 0.00583 -0.0128749 
v 0.0118708 0.00583 -0.0134587 
v 0.0106568 0.00583 -0.0161853 
v 0.0134587 0.00583 -0.0118708 
v 0.0140888 0.00583 -0.0114616 
v 0.0108513 0.00583 -0.0154596 
v 0.0105 0.00583 -0.0176777 
v 0.0147582 0.00583 -0.0111205 
v 0.0154596 0.00583 -0.0108513 
v 0.0161853 0.00583 -0.0106568 
v 0.0169274 0.00583 -0.0105393 
v 0.0176777 0.00583 -0.0105 
v 0.0176777 -0.004 -0.0105 
v 0.0169274 -0.004 -0.0105393 
v 0.0161853 -0.004 -0.0106568 
v 0.0154596 -0.004 -0.0108513 
v 0.0147582 -0.004 -0.0111205 
v 0.0140888 -0.004 -0.0114616 
v 0.0134587 -0.004 -0.0118708 
v 0.0128749 -0.004 -0.0123436 
v 0.0123436 -0.004 -0.0128749 
v 0.0118708 -0.004 -0.0134587 
v 0.0114616 -0.004 -0.0140888 
v 0.0111205 -0.004 -0.0147582 
v 0.0108513 -0.004 -0.0154596 
v 0.0106568 -0.004 -0.0161853 
v 0.0105393 -0.004 -0.0169274 
v 0.0105 -0.004 -0.0176777 
v 0.0314928 -0.004 -0.00067348 
v 0.031236 -0.004 -0.00406955 
v 0.0313814 -0.004 0.00273046 
v 0.0309032 -0.004 0.00610249 
v 0.00913151 -0.004 0.0301474 
v 0.00783434 -0.004 -0.0305102 
v 0.0110825 -0.004 -0.0294861 
v 0.00829378 -0.004 -0.0301964 
v 0.0105 -0.004 -0.0263249 
v 0.00868183 -0.004 -0.0299384 
v 0.00965838 -0.004 -0.0289452 
v 0.0296343 -0.004 -0.0106798 
v 0.0306141 -0.004 -0.00741805 
v 0.00788115 -0.004 -0.0304128 
v 0.0209312 -0.004 0.0235401 
v 0.0182674 -0.004 0.0256623 
v 0.0266509 -0.004 -0.0167922 
v 0.0283081 -0.004 -0.0138168 
v 0.0300638 -0.004 0.00940318 
v 0.00904112 -0.004 -0.0296418 
v 0.00936781 -0.004 -0.0293095 
v 0.0233503 -0.004 0.0211427 
v 0.0123329 -0.004 0.0289853 
v 0.0104038 -0.004 -0.0272506 
v 0.0102844 -0.004 -0.027701 
v 0.0104759 -0.004 -0.0267902 
v 0.0142011 -0.004 -0.0281173 
v 0.0171536 -0.004 -0.0264197 
v 0.0254964 -0.004 0.0184982 
v 0.0153901 -0.004 0.0274844 
v 0.0101192 -0.004 -0.0281367 
v 0.00990973 -0.004 -0.0285529 
v 0.00744834 -0.004 -0.0305854 
v 0.00582339 -0.004 0.030957 
v 0.0199057 -0.004 -0.0244134 
v 0.022425 -0.004 -0.0221217 
v 0.0246823 -0.004 -0.0195713 
v 0.0288729 -0.004 0.0125939 
v 0.0273444 -0.004 0.0156375 
v 0.007 -0.004 -0.0307124 
v 0.0105 0.00543 -0.0263249 
v 0.0104759 0.00543 -0.0267902 
v 0.0104038 0.00543 -0.0272506 
v 0.0102844 0.00543 -0.027701 
v 0.0101192 0.00543 -0.0281367 
v 0.00990973 0.00543 -0.0285529 
v 0.00965838 0.00543 -0.0289452 
v 0.00936781 0.00543 -0.0293095 
v 0.00904112 0.00543 -0.0296418 
v 0.00868183 0.00543 -0.0299384 
v 0.00829378 0.00543 -0.0301964 
v 0.00788115 0.00543 -0.0304128 
v 0.00744834 0.00543 -0.0305854 
v 0.007 0.00543 -0.0307124 
v 0.00449462 0.00543 -0.0311777 
v 0.00110236 0.00543 -0.0314807 
v -0.00230278 0.00543 -0.0314157 
v -0.0308748 0.00543 -0.00624449 
v -0.0313686 0.00543 -0.0028747 
v -0.0314956 0.00543 0.000528695 
v -0.0307124 -0.004 0.007 
v -0.0312544 0.00543 0.00392591 
v -0.0307124 0.00543 0.007 
v -0.0306479 -0.004 0.00727723 
v -0.0296831 -0.004 0.0105435 
v -0.0283713 -0.004 0.0136865 
v -0.0267278 -0.004 0.0166695 
v -0.024772 -0.004 0.0194576 
v -0.0225265 -0.004 0.0220183 
v -0.0200177 -0.004 0.0243216 
v -0.0172749 -0.004 0.0263406 
v -0.0143302 -0.004 0.0280517 
v -0.0112179 -0.004 0.0294348 
v -0.00522808 -0.004 0.0310631 
v -0.00797452 -0.004 0.0304739 
v -0.007 -0.004 -0.0307124 
v -0.00568101 0.00543 -0.0309835 
v -0.007 0.00543 -0.0307124 
v -0.00899282 -0.004 -0.0301891 
v -0.0121995 -0.004 -0.0290417 
v -0.0152636 -0.004 -0.0275549 
v -0.0181492 -0.004 -0.025746 
v -0.0208227 -0.004 -0.0236361 
v -0.0232528 -0.004 -0.0212499 
v -0.0254111 -0.004 -0.0186153 
v -0.0272723 -0.004 -0.015763 
v -0.0288147 -0.004 -0.0127265 
v -0.0307124 -0.004 -0.007 
v -0.0300202 -0.004 -0.00954129 
v -0.0307124 0.00543 -0.007 
v -0.00522808 0.00543 0.0310631 
v -0.006072 -0.004 0.0306497 
v -0.00618348 -0.004 0.0305367 
v -0.00618348 0.00543 0.0305367 
v -0.00595019 -0.004 0.0307515 
v -0.006072 0.00543 0.0306497 
v -0.00581915 -0.004 0.0308411 
v -0.00595019 0.00543 0.0307515 
v -0.0056801 -0.004 0.0309178 
v -0.00581915 0.00543 0.0308411 
v -0.00553433 -0.004 0.0309807 
v -0.0056801 0.00543 0.0309178 
v -0.00538319 -0.004 0.0310293 
v -0.00553433 0.00543 0.0309807 
v -0.00538319 0.00543 0.0310293 
v -0.00824044 -0.004 0.0259925 
v -0.00829864 -0.004 0.0251505 
v -0.00829864 0.00543 0.0251505 
v -0.00809704 -0.004 0.0268243 
v -0.00824044 0.00543 0.0259925 
v -0.00786991 -0.004 0.0276372 
v -0.00809704 0.00543 0.0268243 
v -0.00756139 -0.004 0.0284228 
v -0.00786991 0.00543 0.0276372 
v -0.00717469 -0.004 0.029173 
v -0.00756139 0.00543 0.0284228 
v -0.0067138 -0.004 0.0298801 
v -0.00717469 0.00543 0.029173 
v -0.0067138 0.00543 0.0298801 
v -0.00873076 -0.004 0.0224186 
v -0.00873076 0.00543 0.0224186 
v -0.00850257 0.00543 0.0233146 
v -0.00850257 -0.004 0.0233146 
v -0.00835812 0.00543 0.0242278 
v -0.00835812 -0.004 0.0242278 
v -0.0108113 -0.004 0.0155866 
v -0.0108113 0.00543 0.0155866 
v -0.0289452 -0.004 0.00965838 
v -0.0293095 -0.004 0.00936781 
v -0.0301964 -0.004 0.00829378 
v -0.0299384 -0.004 0.00868183 
v -0.0128175 -0.004 0.0123959 
v -0.0122847 -0.004 0.0129412 
v -0.0118127 -0.004 0.0135399 
v -0.0296418 -0.004 0.00904112 
v -0.0304128 -0.004 0.00788115 
v -0.0305854 -0.004 0.00744834 
v -0.0140409 -0.004 0.0114895 
v -0.0134051 -0.004 0.0119102 
v -0.0114069 -0.004 0.0141853 
v -0.0110719 -0.004 0.0148701 
v -0.0285529 -0.004 0.00990973 
v -0.0281367 -0.004 0.0101192 
v -0.0176777 -0.004 0.0105 
v -0.027701 -0.004 0.0102844 
v -0.0169164 -0.004 0.0105405 
v -0.0161637 -0.004 0.0106615 
v -0.015428 -0.004 0.0108617 
v -0.0147178 -0.004 0.0111387 
v -0.0267902 -0.004 0.0104759 
v -0.0263249 -0.004 0.0105 
v -0.0272506 -0.004 0.0104038 
v -0.0176777 0.00543 0.0105 
v -0.0169164 0.00543 0.0105405 
v -0.0161637 0.00543 0.0106615 
v -0.015428 0.00543 0.0108617 
v -0.0147178 0.00543 0.0111387 
v -0.0140409 0.00543 0.0114895 
v -0.0134051 0.00543 0.0119102 
v -0.0128175 0.00543 0.0123959 
v -0.0122847 0.00543 0.0129412 
v -0.0118127 0.00543 0.0135399 
v -0.0114069 0.00543 0.0141853 
v -0.0110719 0.00543 0.0148701 
v -0.0305854 0.00543 0.00744834 
v -0.0304128 0.00543 0.00788115 
v -0.0301964 0.00543 0.00829378 
v -0.0299384 0.00543 0.00868183 
v -0.0296418 0.00543 0.00904112 
v -0.0293095 0.00543 0.00936781 
v -0.0289452 0.00543 0.00965838 
v -0.0285529 0.00543 0.00990973 
v -0.0281367 0.00543 0.0101192 
v -0.027701 0.00543 0.0102844 
v -0.0272506 0.00543 0.0104038 
v -0.0267902 0.00543 0.0104759 
v -0.0263249 0.00543 0.0105 
v -0.00744834 -0.004 -0.0305854 
v -0.00788115 -0.004 -0.0304128 
v -0.00744834 0.00543 -0.0305854 
v -0.00829378 -0.004 -0.0301964 
v -0.00788115 0.00543 -0.0304128 
v -0.00868183 -0.004 -0.0299384 
v -0.00829378 0.00543 -0.0301964 
v -0.00904112 -0.004 -0.0296418 
v -0.00868183 0.00543 -0.0299384 
v -0.00936781 -0.004 -0.0293095 
v -0.00904112 0.00543 -0.0296418 
v -0.00965838 -0.004 -0.0289452 
v -0.00936781 0.00543 -0.0293095 
v -0.00990973 -0.004 -0.0285529 
v -0.00965838 0.00543 -0.0289452 
v -0.0101192 -0.004 -0.0281367 
v -0.00990973 0.00543 -0.0285529 
v -0.0102844 -0.004 -0.027701 
v -0.0101192 0.00543 -0.0281367 
v -0.0104038 -0.004 -0.0272506 
v -0.0102844 0.00543 -0.027701 
v -0.0104759 -0.004 -0.0267902 
v -0.0104038 0.00543 -0.0272506 
v -0.0105 -0.004 -0.0263249 
v -0.0104759 0.00543 -0.0267902 
v -0.0105 0.00543 -0.0263249 
v -0.0105 0.00543 -0.0176777 
v -0.0105 -0.004 -0.0176777 
v -0.0105393 -0.004 -0.0169274 
v -0.0106568 -0.004 -0.0161853 
v -0.0114616 -0.004 -0.0140888 
v -0.0118708 -0.004 -0.0134587 
v -0.0108513 -0.004 -0.0154596 
v -0.0111205 -0.004 -0.0147582 
v -0.0123436 -0.004 -0.0128749 
v -0.0134587 -0.004 -0.0118708 
v -0.0140888 -0.004 -0.0114616 
v -0.0299384 -0.004 -0.00868183 
v -0.0301964 -0.004 -0.00829378 
v -0.0285529 -0.004 -0.00990973 
v -0.0289452 -0.004 -0.00965838 
v -0.0281367 -0.004 -0.0101192 
v -0.0272506 -0.004 -0.0104038 
v -0.0128749 -0.004 -0.0123436 
v -0.0147582 -0.004 -0.0111205 
v -0.0154596 -0.004 -0.0108513 
v -0.0161853 -0.004 -0.0106568 
v -0.0263249 -0.004 -0.0105 
v -0.0304128 -0.004 -0.00788115 
v -0.0293095 -0.004 -0.00936781 
v -0.0296418 -0.004 -0.00904112 
v -0.027701 -0.004 -0.0102844 
v -0.0169274 -0.004 -0.0105393 
v -0.0267902 -0.004 -0.0104759 
v -0.0176777 -0.004 -0.0105 
v -0.0305854 -0.004 -0.00744834 
v -0.0105393 0.00543 -0.0169274 
v -0.0106568 0.00543 -0.0161853 
v -0.0108513 0.00543 -0.0154596 
v -0.0111205 0.00543 -0.0147582 
v -0.0114616 0.00543 -0.0140888 
v -0.0118708 0.00543 -0.0134587 
v -0.0123436 0.00543 -0.0128749 
v -0.0128749 0.00543 -0.0123436 
v -0.0134587 0.00543 -0.0118708 
v -0.0140888 0.00543 -0.0114616 
v -0.0147582 0.00543 -0.0111205 
v -0.0154596 0.00543 -0.0108513 
v -0.0161853 0.00543 -0.0106568 
v -0.0169274 0.00543 -0.0105393 
v -0.0176777 0.00543 -0.0105 
v -0.0263249 0.00543 -0.0105 
v -0.0267902 0.00543 -0.0104759 
v -0.0272506 0.00543 -0.0104038 
v -0.027701 0.00543 -0.0102844 
v -0.0281367 0.00543 -0.0101192 
v -0.0285529 0.00543 -0.00990973 
v -0.0289452 0.00543 -0.00965838 
v -0.0293095 0.00543 -0.00936781 
v -0.0296418 0.00543 -0.00904112 
v -0.0299384 0.00543 -0.00868183 
v -0.0301964 0.00543 -0.00829378 
v -0.0304128 0.00543 -0.00788115 
v -0.0305854 0.00543 -0.00744834 
v -0.00209549 0.00543 -0.0218384 
v -0.00770337 0.00543 -0.0170877 
v -0.00212843 0.00543 -0.0218791 
v -0.00201093 0.00543 -0.0216485 
v -0.00202447 0.00543 -0.021699 
v -0.002 0.00543 -0.0175445 
v -0.002 0.00543 -0.0215445 
v -0.00204323 0.00543 -0.0217479 
v -0.00770337 0.00543 -0.0220013 
v -0.00775 0.00543 -0.0219775 
v -0.00206699 0.00543 -0.0217945 
v -0.00200274 0.00543 -0.0215968 
v -0.00779389 0.00543 -0.01714 
v -0.00775 0.00543 -0.0171115 
v -0.00787157 0.00543 -0.0172099 
v -0.00779389 0.00543 -0.021949 
v -0.00201093 0.00543 -0.0174405 
v -0.00200274 0.00543 -0.0174922 
v -0.00204323 0.00543 -0.0173411 
v -0.00202447 0.00543 -0.01739 
v -0.00790451 0.00543 -0.0172506 
v -0.00765451 0.00543 -0.02202 
v -0.00760396 0.00543 -0.0220336 
v -0.00783457 0.00543 -0.0171729 
v -0.00793301 0.00543 -0.0172945 
v -0.00799726 0.00543 -0.0215968 
v -0.008 0.00543 -0.0215445 
v -0.00797553 0.00543 -0.021699 
v -0.00798907 0.00543 -0.0216485 
v -0.00783457 0.00543 -0.0219161 
v -0.00787157 0.00543 -0.0218791 
v -0.00216543 0.00543 -0.0171729 
v -0.00212843 0.00543 -0.0172099 
v -0.00765451 0.00543 -0.017069 
v -0.00795677 0.00543 -0.0173411 
v -0.00797553 0.00543 -0.01739 
v -0.008 0.00543 -0.0175445 
v -0.00799726 0.00543 -0.0174922 
v -0.00795677 0.00543 -0.0217479 
v -0.00790451 0.00543 -0.0218384 
v -0.00793301 0.00543 -0.0217945 
v -0.00220611 0.00543 -0.021949 
v -0.00225 0.00543 -0.0219775 
v -0.00206699 0.00543 -0.0172945 
v -0.00209549 0.00543 -0.0172506 
v -0.00755226 0.00543 -0.0170472 
v -0.0075 0.00543 -0.0170445 
v -0.00798907 0.00543 -0.0174405 
v -0.0025 0.00543 -0.0220445 
v -0.0075 0.00543 -0.0220445 
v -0.00216543 0.00543 -0.0219161 
v -0.00760396 0.00543 -0.0170554 
v -0.00229663 0.00543 -0.0220013 
v -0.00234549 0.00543 -0.02202 
v -0.00229663 0.00543 -0.0170877 
v -0.00225 0.00543 -0.0171115 
v -0.0025 0.00543 -0.0170445 
v -0.00755226 0.00543 -0.0220418 
v -0.00220611 0.00543 -0.01714 
v -0.00239604 0.00543 -0.0170554 
v -0.00234549 0.00543 -0.017069 
v -0.00244774 0.00543 -0.0170472 
v -0.00239604 0.00543 -0.0220336 
v -0.00244774 0.00543 -0.0220418 
v -0.0025 -0.00092 -0.0170445 
v -0.00244774 -0.00092 -0.0170472 
v -0.00239604 -0.00092 -0.0170554 
v -0.00234549 -0.00092 -0.017069 
v -0.00229663 -0.00092 -0.0170877 
v -0.00225 -0.00092 -0.0171115 
v -0.00220611 -0.00092 -0.01714 
v -0.00216543 -0.00092 -0.0171729 
v -0.00212843 -0.00092 -0.0172099 
v -0.00209549 -0.00092 -0.0172506 
v -0.00206699 -0.00092 -0.0172945 
v -0.00204323 -0.00092 -0.0173411 
v -0.00202447 -0.00092 -0.01739 
v -0.00201093 -0.00092 -0.0174405 
v -0.00200274 -0.00092 -0.0174922 
v -0.002 -0.00092 -0.0175445 
v -0.00212843 -0.00092 -0.0218791 
v -0.00201093 -0.00092 -0.0216485 
v -0.00200274 -0.00092 -0.0215968 
v -0.00202447 -0.00092 -0.021699 
v -0.00209549 -0.00092 -0.0218384 
v -0.00206699 -0.00092 -0.0217945 
v -0.00799726 -0.00092 -0.0174922 
v -0.00793301 -0.00092 -0.0172945 
v -0.00795677 -0.00092 -0.0173411 
v -0.00779389 -0.00092 -0.01714 
v -0.00783457 -0.00092 -0.0171729 
v -0.002 -0.00092 -0.0215445 
v -0.00220611 -0.00092 -0.021949 
v -0.00216543 -0.00092 -0.0219161 
v -0.00797553 -0.00092 -0.01739 
v -0.00787157 -0.00092 -0.0172099 
v -0.00790451 -0.00092 -0.0172506 
v -0.00775 -0.00092 -0.0171115 
v -0.00765451 -0.00092 -0.017069 
v -0.00770337 -0.00092 -0.0170877 
v -0.00204323 -0.00092 -0.0217479 
v -0.00225 -0.00092 -0.0219775 
v -0.00798907 -0.00092 -0.0216485 
v -0.00787157 -0.00092 -0.0218791 
v -0.00783457 -0.00092 -0.0219161 
v -0.00793301 -0.00092 -0.0217945 
v -0.00790451 -0.00092 -0.0218384 
v -0.00797553 -0.00092 -0.021699 
v -0.00234549 -0.00092 -0.02202 
v -0.00229663 -0.00092 -0.0220013 
v -0.00244774 -0.00092 -0.0220418 
v -0.00239604 -0.00092 -0.0220336 
v -0.00779389 -0.00092 -0.021949 
v -0.00795677 -0.00092 -0.0217479 
v -0.0025 -0.00092 -0.0220445 
v -0.00775 -0.00092 -0.0219775 
v -0.00770337 -0.00092 -0.0220013 
v -0.00798907 -0.00092 -0.0174405 
v -0.008 -0.00092 -0.0175445 
v -0.00755226 -0.00092 -0.0170472 
v -0.00760396 -0.00092 -0.0170554 
v -0.008 -0.00092 -0.0215445 
v -0.00765451 -0.00092 -0.02202 
v -0.00760396 -0.00092 -0.0220336 
v -0.00799726 -0.00092 -0.0215968 
v -0.00755226 -0.00092 -0.0220418 
v -0.0075 -0.00092 -0.0220445 
v -0.0075 -0.00092 -0.0170445 
vn 0.514283 0.857167 0.0278836 
vn 0.512019 0.857167 0.0556854 
vn 0.515038 0.857167 -1.57459e-16 
vn 0.508253 0.857167 0.0833239 
vn 0.502997 0.857167 0.110718 
vn 0.496265 0.857167 0.137787 
vn 0.488077 0.857167 0.164452 
vn 0.478458 0.857167 0.190635 
vn 0.467436 0.857167 0.216259 
vn 0.455042 0.857167 0.241248 
vn 0.441314 0.857167 0.26553 
vn 0.426291 0.857167 0.289033 
vn 0.410018 0.857167 0.311688 
vn 0.392542 0.857167 0.333429 
vn 0.373915 0.857167 0.354191 
vn 0.354191 0.857167 0.373915 
vn 0.333429 0.857167 0.392542 
vn 0.311688 0.857167 0.410018 
vn 0.289033 0.857167 0.426291 
vn 0.26553 0.857167 0.441314 
vn 0.241248 0.857167 0.455042 
vn 0.216259 0.857167 0.467436 
vn 0.190635 0.857167 0.478458 
vn 0.164452 0.857167 0.488077 
vn 0.137787 0.857167 0.496265 
vn 0.110718 0.857167 0.502997 
vn 0.0833239 0.857167 0.508253 
vn 0.0556854 0.857167 0.512019 
vn 0.0278836 0.857167 0.514283 
vn -1.1566e-15 0.857167 0.515038 
vn -0.0278836 0.857167 0.514283 
vn -0.0556854 0.857167 0.512019 
vn -0.0833239 0.857167 0.508253 
vn -0.110718 0.857167 0.502997 
vn -0.137787 0.857167 0.496265 
vn -0.164452 0.857167 0.488077 
vn -0.190635 0.857167 0.478458 
vn -0.216259 0.857167 0.467436 
vn -0.241248 0.857167 0.455042 
vn -0.26553 0.857167 0.441314 
vn -0.289033 0.857167 0.426291 
vn -0.311688 0.857167 0.410018 
vn -0.333429 0.857167 0.392542 
vn -0.354191 0.857167 0.373915 
vn -0.373915 0.857167 0.354191 
vn -0.392542 0.857167 0.333429 
vn -0.410018 0.857167 0.311688 
vn -0.426291 0.857167 0.289033 
vn -0.441314 0.857167 0.26553 
vn -0.455042 0.857167 0.241248 
vn -0.467436 0.857167 0.216259 
vn -0.478458 0.857167 0.190635 
vn -0.488077 0.857167 0.164452 
vn -0.496265 0.857167 0.137787 
vn -0.502997 0.857167 0.110718 
vn -0.508253 0.857167 0.0833239 
vn -0.512019 0.857167 0.0556854 
vn -0.514283 0.857167 0.0278836 
vn -0.515038 0.857167 -5.02452e-17 
vn -0.514283 0.857167 -0.0278836 
vn -0.512019 0.857167 -0.0556854 
vn -0.508253 0.857167 -0.0833239 
vn -0.502997 0.857167 -0.110718 
vn -0.496265 0.857167 -0.137787 
vn -0.488077 0.857167 -0.164452 
vn -0.478458 0.857167 -0.190635 
vn -0.467436 0.857167 -0.216259 
vn -0.455042 0.857167 -0.241248 
vn -0.441314 0.857167 -0.26553 
vn -0.426291 0.857167 -0.289033 
vn -0.410018 0.857167 -0.311688 
vn -0.392542 0.857167 -0.333429 
vn -0.373915 0.857167 -0.354191 
vn -0.354191 0.857167 -0.373915 
vn -0.333429 0.857167 -0.392542 
vn -0.311688 0.857167 -0.410018 
vn -0.289033 0.857167 -0.426291 
vn -0.26553 0.857167 -0.441314 
vn -0.241248 0.857167 -0.455042 
vn -0.216259 0.857167 -0.467436 
vn -0.190635 0.857167 -0.478458 
vn -0.164452 0.857167 -0.488077 
vn -0.137787 0.857167 -0.496265 
vn -0.110718 0.857167 -0.502997 
vn -0.0833239 0.857167 -0.508253 
vn -0.0556854 0.857167 -0.512019 
vn -0.0278836 0.857167 -0.514283 
vn -1.55061e-16 0.857167 -0.515038 
vn 0.0278836 0.857167 -0.514283 
vn 0.0556854 0.857167 -0.512019 
vn 0.0833239 0.857167 -0.508253 
vn 0.110718 0.857167 -0.502997 
vn 0.137787 0.857167 -0.496265 
vn 0.164452 0.857167 -0.488077 
vn 0.190635 0.857167 -0.478458 
vn 0.216259 0.857167 -0.467436 
vn 0.241248 0.857167 -0.455042 
vn 0.26553 0.857167 -0.441314 
vn 0.289033 0.857167 -0.426291 
vn 0.311688 0.857167 -0.410018 
vn 0.333429 0.857167 -0.392542 
vn 0.354191 0.857167 -0.373915 
vn 0.373915 0.857167 -0.354191 
vn 0.392542 0.857167 -0.333429 
vn 0.410018 0.857167 -0.311688 
vn 0.426291 0.857167 -0.289033 
vn 0.441314 0.857167 -0.26553 
vn 0.455042 0.857167 -0.241248 
vn 0.467436 0.857167 -0.216259 
vn 0.478458 0.857167 -0.190635 
vn 0.488077 0.857167 -0.164452 
vn 0.496265 0.857167 -0.137787 
vn 0.502997 0.857167 -0.110718 
vn 0.508253 0.857167 -0.0833239 
vn 0.512019 0.857167 -0.0556854 
vn 0.514283 0.857167 -0.0278836 
vn 0.994138 8.07345e-17 0.108119 
vn 1 5.16287e-17 3.93636e-17 
vn 0.976621 9.92902e-17 0.21497 
vn 0.994138 8.07345e-17 0.108119 
vn 0.947653 1.16682e-16 0.319302 
vn 0.976621 9.92902e-17 0.21497 
vn 0.907575 1.32705e-16 0.419889 
vn 0.947653 1.16682e-16 0.319302 
vn 0.856857 1.47173e-16 0.515554 
vn 0.907575 1.32705e-16 0.419889 
vn 0.796093 1.59915e-16 0.605174 
vn 0.856857 1.47173e-16 0.515554 
vn 0.725995 1.70783e-16 0.687699 
vn 0.796093 1.59915e-16 0.605174 
vn 0.647386 1.79648e-16 0.762162 
vn 0.725995 1.70783e-16 0.687699 
vn 0.561187 1.86407e-16 0.827689 
vn 0.647386 1.79648e-16 0.762162 
vn 0.468408 1.9098e-16 0.883512 
vn 0.561187 1.86407e-16 0.827689 
vn 0.370138 1.93315e-16 0.928977 
vn 0.468408 1.9098e-16 0.883512 
vn 0.267528 1.93383e-16 0.96355 
vn 0.370138 1.93315e-16 0.928977 
vn 0.161782 1.91183e-16 0.986827 
vn 0.267528 1.93383e-16 0.96355 
vn 0.0541389 1.86743e-16 0.998533 
vn 0.161782 1.91183e-16 0.986827 
vn -0.0541389 1.80113e-16 0.998533 
vn 0.0541389 1.86743e-16 0.998533 
vn -0.161782 1.71371e-16 0.986827 
vn -0.0541389 1.80113e-16 0.998533 
vn -0.267528 1.6062e-16 0.96355 
vn -0.161782 1.71371e-16 0.986827 
vn -0.370138 1.47986e-16 0.928977 
vn -0.267528 1.6062e-16 0.96355 
vn -0.468408 1.33617e-16 0.883512 
vn -0.370138 1.47986e-16 0.928977 
vn -0.561187 1.17681e-16 0.827689 
vn -0.468408 1.33617e-16 0.883512 
vn -0.647386 1.00366e-16 0.762162 
vn -0.561187 1.17681e-16 0.827689 
vn -0.725995 8.18739e-17 0.687699 
vn -0.647386 1.00366e-16 0.762162 
vn -0.796093 6.24221e-17 0.605174 
vn -0.725995 8.18739e-17 0.687699 
vn -0.856857 4.22383e-17 0.515554 
vn -0.796093 6.24221e-17 0.605174 
vn -0.907575 2.15594e-17 0.419889 
vn -0.856857 4.22383e-17 0.515554 
vn -0.947653 6.27718e-19 0.319302 
vn -0.907575 2.15594e-17 0.419889 
vn -0.976621 -2.03113e-17 0.21497 
vn -0.947653 6.27718e-19 0.319302 
vn -0.994138 -4.10123e-17 0.108119 
vn -0.976621 -2.03113e-17 0.21497 
vn -1 -6.12323e-17 5.82017e-16 
vn -0.994138 -4.10123e-17 0.108119 
vn -0.994138 -8.07345e-17 -0.108119 
vn -1 -6.12323e-17 5.82017e-16 
vn -0.976621 -9.92902e-17 -0.21497 
vn -0.994138 -8.07345e-17 -0.108119 
vn -0.947653 -1.16682e-16 -0.319302 
vn -0.976621 -9.92902e-17 -0.21497 
vn -0.907575 -1.32705e-16 -0.419889 
vn -0.947653 -1.16682e-16 -0.319302 
vn -0.856857 -1.47173e-16 -0.515554 
vn -0.907575 -1.32705e-16 -0.419889 
vn -0.796093 -1.59915e-16 -0.605174 
vn -0.856857 -1.47173e-16 -0.515554 
vn -0.725995 -1.70783e-16 -0.687699 
vn -0.796093 -1.59915e-16 -0.605174 
vn -0.647386 -1.79648e-16 -0.762162 
vn -0.725995 -1.70783e-16 -0.687699 
vn -0.561187 -1.86407e-16 -0.827689 
vn -0.647386 -1.79648e-16 -0.762162 
vn -0.468408 -1.9098e-16 -0.883512 
vn -0.561187 -1.86407e-16 -0.827689 
vn -0.370138 -1.93315e-16 -0.928977 
vn -0.468408 -1.9098e-16 -0.883512 
vn -0.267528 -1.93383e-16 -0.96355 
vn -0.370138 -1.93315e-16 -0.928977 
vn -0.161782 -1.91183e-16 -0.986827 
vn -0.267528 -1.93383e-16 -0.96355 
vn -0.0541389 -1.86743e-16 -0.998533 
vn -0.161782 -1.91183e-16 -0.986827 
vn 0.0541389 -1.80113e-16 -0.998533 
vn -0.0541389 -1.86743e-16 -0.998533 
vn 0.161782 -1.71371e-16 -0.986827 
vn 0.0541389 -1.80113e-16 -0.998533 
vn 0.267528 -1.6062e-16 -0.96355 
vn 0.161782 -1.71371e-16 -0.986827 
vn 0.370138 -1.47986e-16 -0.928977 
vn 0.267528 -1.6062e-16 -0.96355 
vn 0.468408 -1.33617e-16 -0.883512 
vn 0.370138 -1.47986e-16 -0.928977 
vn 0.561187 -1.17681e-16 -0.827689 
vn 0.468408 -1.33617e-16 -0.883512 
vn 0.647386 -1.00366e-16 -0.762162 
vn 0.561187 -1.17681e-16 -0.827689 
vn 0.725995 -8.18739e-17 -0.687699 
vn 0.647386 -1.00366e-16 -0.762162 
vn 0.796093 -6.24221e-17 -0.605174 
vn 0.725995 -8.18739e-17 -0.687699 
vn 0.856857 -4.22383e-17 -0.515554 
vn 0.796093 -6.24221e-17 -0.605174 
vn 0.907575 -2.15594e-17 -0.419889 
vn 0.856857 -4.22383e-17 -0.515554 
vn 0.947653 -6.27718e-19 -0.319302 
vn 0.907575 -2.15594e-17 -0.419889 
vn 0.976621 2.03113e-17 -0.21497 
vn 0.947653 -6.27718e-19 -0.319302 
vn 0.994138 4.10123e-17 -0.108119 
vn 0.976621 2.03113e-17 -0.21497 
vn 0.707107 0.707107 -1.29893e-16 
vn 0.702962 0.707107 -0.0764517 
vn 0.690575 0.707107 -0.152007 
vn 0.670092 0.707107 -0.22578 
vn 0.641753 0.707107 -0.296906 
vn 0.60589 0.707107 -0.364552 
vn 0.562923 0.707107 -0.427923 
vn 0.513356 0.707107 -0.486277 
vn 0.457771 0.707107 -0.53893 
vn 0.396819 0.707107 -0.585265 
vn 0.331215 0.707107 -0.624737 
vn 0.261727 0.707107 -0.656886 
vn 0.189171 0.707107 -0.681333 
vn 0.114397 0.707107 -0.697792 
vn 0.038282 0.707107 -0.70607 
vn -0.038282 0.707107 -0.70607 
vn -0.114397 0.707107 -0.697792 
vn -0.189171 0.707107 -0.681333 
vn -0.261727 0.707107 -0.656886 
vn -0.331215 0.707107 -0.624737 
vn -0.396819 0.707107 -0.585265 
vn -0.457771 0.707107 -0.53893 
vn -0.513356 0.707107 -0.486277 
vn -0.562923 0.707107 -0.427923 
vn -0.60589 0.707107 -0.364552 
vn -0.641753 0.707107 -0.296906 
vn -0.670092 0.707107 -0.22578 
vn -0.690575 0.707107 -0.152007 
vn -0.702962 0.707107 -0.0764517 
vn -0.707107 0.707107 1.73028e-17 
vn -0.702962 0.707107 0.0764517 
vn -0.690575 0.707107 0.152007 
vn -0.670092 0.707107 0.22578 
vn -0.641753 0.707107 0.296906 
vn -0.60589 0.707107 0.364552 
vn -0.562923 0.707107 0.427923 
vn -0.513356 0.707107 0.486277 
vn -0.457771 0.707107 0.53893 
vn -0.396819 0.707107 0.585265 
vn -0.331215 0.707107 0.624737 
vn -0.261727 0.707107 0.656886 
vn -0.189171 0.707107 0.681333 
vn -0.114397 0.707107 0.697792 
vn -0.038282 0.707107 0.70607 
vn 0.038282 0.707107 0.70607 
vn 0.114397 0.707107 0.697792 
vn 0.189171 0.707107 0.681333 
vn 0.261727 0.707107 0.656886 
vn 0.331215 0.707107 0.624737 
vn 0.396819 0.707107 0.585265 
vn 0.457771 0.707107 0.53893 
vn 0.513356 0.707107 0.486277 
vn 0.562923 0.707107 0.427923 
vn 0.60589 0.707107 0.364552 
vn 0.641753 0.707107 0.296906 
vn 0.670092 0.707107 0.22578 
vn 0.690575 0.707107 0.152007 
vn 0.702962 0.707107 0.0764517 
vn 0.707107 0.707107 -1.02059e-16 
vn -6.12323e-17 1 -1.83697e-16 
vn -1.73191e-16 0.707107 0.707107 
vn 0.0739128 0.707107 0.703233 
vn 0.147016 0.707107 0.691655 
vn 0.218508 0.707107 0.672499 
vn 0.287606 0.707107 0.645974 
vn 0.353553 0.707107 0.612372 
vn 0.415627 0.707107 0.572061 
vn 0.473147 0.707107 0.525483 
vn 0.525483 0.707107 0.473147 
vn 0.572061 0.707107 0.415627 
vn 0.612372 0.707107 0.353553 
vn 0.645974 0.707107 0.287606 
vn 0.672499 0.707107 0.218508 
vn 0.691655 0.707107 0.147016 
vn 0.703233 0.707107 0.0739128 
vn 0.707107 0.707107 -1.29893e-16 
vn -4.13091e-16 0.707107 0.707107 
vn -0.707107 0.707107 -3.48935e-16 
vn -0.703233 0.707107 0.0739128 
vn -0.691655 0.707107 0.147016 
vn -0.672499 0.707107 0.218508 
vn -0.645974 0.707107 0.287606 
vn -0.612372 0.707107 0.353553 
vn -0.572061 0.707107 0.415627 
vn -0.525483 0.707107 0.473147 
vn -0.473147 0.707107 0.525483 
vn -0.415627 0.707107 0.572061 
vn -0.353553 0.707107 0.612372 
vn -0.287606 0.707107 0.645974 
vn -0.218508 0.707107 0.672499 
vn -0.147016 0.707107 0.691655 
vn -0.0739128 0.707107 0.703233 
vn -4.32978e-17 0.707107 0.707107 
vn -0.707107 0.707107 -2.80963e-16 
vn 0.707107 0.707107 -6.16298e-33 
vn 0.703233 0.707107 -0.0739128 
vn 0.691655 0.707107 -0.147016 
vn 0.672499 0.707107 -0.218508 
vn 0.645974 0.707107 -0.287606 
vn 0.612372 0.707107 -0.353553 
vn 0.572061 0.707107 -0.415627 
vn 0.525483 0.707107 -0.473147 
vn 0.473147 0.707107 -0.525483 
vn 0.415627 0.707107 -0.572061 
vn 0.353553 0.707107 -0.612372 
vn 0.287606 0.707107 -0.645974 
vn 0.218508 0.707107 -0.672499 
vn 0.147016 0.707107 -0.691655 
vn 0.0739128 0.707107 -0.703233 
vn -4.32978e-17 0.707107 -0.707107 
vn 0.707107 0.707107 -8.93017e-17 
vn -0.0739128 0.707107 -0.703233 
vn -0.147016 0.707107 -0.691655 
vn -0.218508 0.707107 -0.672499 
vn -0.287606 0.707107 -0.645974 
vn -0.353553 0.707107 -0.612372 
vn -0.415627 0.707107 -0.572061 
vn -0.473147 0.707107 -0.525483 
vn -0.525483 0.707107 -0.473147 
vn -0.572061 0.707107 -0.415627 
vn -0.612372 0.707107 -0.353553 
vn -0.645974 0.707107 -0.287606 
vn -0.672499 0.707107 -0.218508 
vn -0.691655 0.707107 -0.147016 
vn -0.703233 0.707107 -0.0739128 
vn -0.707107 0.707107 -3.48935e-16 
vn -2.97672e-17 0.707107 -0.707107 
vn 0.104528 -1.7629e-16 -0.994522 
vn 1.30119e-16 -2.71051e-16 -1 
vn 0.207912 -1.66952e-16 -0.978148 
vn 0.104528 -1.7629e-16 -0.994522 
vn 0.309017 -1.55784e-16 -0.951057 
vn 0.207912 -1.66952e-16 -0.978148 
vn 0.406737 -1.4291e-16 -0.913545 
vn 0.309017 -1.55784e-16 -0.951057 
vn 0.5 -1.2847e-16 -0.866025 
vn 0.406737 -1.4291e-16 -0.913545 
vn 0.587785 -1.12623e-16 -0.809017 
vn 0.5 -1.2847e-16 -0.866025 
vn 0.669131 -9.55411e-17 -0.743145 
vn 0.587785 -1.12623e-16 -0.809017 
vn 0.743145 -7.74128e-17 -0.669131 
vn 0.669131 -9.55411e-17 -0.743145 
vn 0.809017 -5.84364e-17 -0.587785 
vn 0.743145 -7.74128e-17 -0.669131 
vn 0.866025 -3.88197e-17 -0.5 
vn 0.809017 -5.84364e-17 -0.587785 
vn 0.913545 -1.87778e-17 -0.406737 
vn 0.866025 -3.88197e-17 -0.5 
vn 0.951057 1.46991e-18 -0.309017 
vn 0.913545 -1.87778e-17 -0.406737 
vn 0.978148 2.17015e-17 -0.207912 
vn 0.951057 1.46991e-18 -0.309017 
vn 0.994522 4.16953e-17 -0.104528 
vn 0.978148 2.17015e-17 -0.207912 
vn 1 0 1.19306e-16 
vn 0.994522 4.16953e-17 -0.104528 
vn -0.994522 -8.00985e-17 -0.104528 
vn -1 0 1.19306e-16 
vn -0.978148 -9.8087e-17 -0.207912 
vn -0.994522 -8.00985e-17 -0.104528 
vn -0.951057 -1.15001e-16 -0.309017 
vn -0.978148 -9.8087e-17 -0.207912 
vn -0.913545 -1.30655e-16 -0.406737 
vn -0.951057 -1.15001e-16 -0.309017 
vn -0.866025 -1.44877e-16 -0.5 
vn -0.913545 -1.30655e-16 -0.406737 
vn -0.809017 -1.57512e-16 -0.587785 
vn -0.866025 -1.44877e-16 -0.5 
vn -0.743145 -1.68422e-16 -0.669131 
vn -0.809017 -1.57512e-16 -0.587785 
vn -0.669131 -1.77486e-16 -0.743145 
vn -0.743145 -1.68422e-16 -0.669131 
vn -0.587785 -1.84605e-16 -0.809017 
vn -0.669131 -1.77486e-16 -0.743145 
vn -0.5 -1.89702e-16 -0.866025 
vn -0.587785 -1.84605e-16 -0.809017 
vn -0.406737 -1.92721e-16 -0.913545 
vn -0.5 -1.89702e-16 -0.866025 
vn -0.309017 -1.93628e-16 -0.951057 
vn -0.406737 -1.92721e-16 -0.913545 
vn -0.207912 -1.92414e-16 -0.978148 
vn -0.309017 -1.93628e-16 -0.951057 
vn -0.104528 -1.89091e-16 -0.994522 
vn -0.207912 -1.92414e-16 -0.978148 
vn 1.30119e-16 -2.71051e-16 -1 
vn -0.104528 -1.89091e-16 -0.994522 
vn -0.104528 1.7629e-16 0.994522 
vn 1.30119e-16 2.71051e-16 1 
vn -0.207912 1.66952e-16 0.978148 
vn -0.104528 1.7629e-16 0.994522 
vn -0.309017 1.55784e-16 0.951057 
vn -0.207912 1.66952e-16 0.978148 
vn -0.406737 1.4291e-16 0.913545 
vn -0.309017 1.55784e-16 0.951057 
vn -0.5 1.2847e-16 0.866025 
vn -0.406737 1.4291e-16 0.913545 
vn -0.587785 1.12623e-16 0.809017 
vn -0.5 1.2847e-16 0.866025 
vn -0.669131 9.55411e-17 0.743145 
vn -0.587785 1.12623e-16 0.809017 
vn -0.743145 7.74128e-17 0.669131 
vn -0.669131 9.55411e-17 0.743145 
vn -0.809017 5.84364e-17 0.587785 
vn -0.743145 7.74128e-17 0.669131 
vn -0.866025 3.88197e-17 0.5 
vn -0.809017 5.84364e-17 0.587785 
vn -0.913545 1.87778e-17 0.406737 
vn -0.866025 3.88197e-17 0.5 
vn -0.951057 -1.46991e-18 0.309017 
vn -0.913545 1.87778e-17 0.406737 
vn -0.978148 -2.17015e-17 0.207912 
vn -0.951057 -1.46991e-18 0.309017 
vn -0.994522 -4.16953e-17 0.104528 
vn -0.978148 -2.17015e-17 0.207912 
vn -1 0 1.19306e-16 
vn -0.994522 -4.16953e-17 0.104528 
vn 0.994522 8.00985e-17 0.104528 
vn 1 0 1.19306e-16 
vn 0.978148 9.8087e-17 0.207912 
vn 0.994522 8.00985e-17 0.104528 
vn 0.951057 1.15001e-16 0.309017 
vn 0.978148 9.8087e-17 0.207912 
vn 0.913545 1.30655e-16 0.406737 
vn 0.951057 1.15001e-16 0.309017 
vn 0.866025 1.44877e-16 0.5 
vn 0.913545 1.30655e-16 0.406737 
vn 0.809017 1.57512e-16 0.587785 
vn 0.866025 1.44877e-16 0.5 
vn 0.743145 1.68422e-16 0.669131 
vn 0.809017 1.57512e-16 0.587785 
vn 0.669131 1.77486e-16 0.743145 
vn 0.743145 1.68422e-16 0.669131 
vn 0.587785 1.84605e-16 0.809017 
vn 0.669131 1.77486e-16 0.743145 
vn 0.5 1.89702e-16 0.866025 
vn 0.587785 1.84605e-16 0.809017 
vn 0.406737 1.92721e-16 0.913545 
vn 0.5 1.89702e-16 0.866025 
vn 0.309017 1.93628e-16 0.951057 
vn 0.406737 1.92721e-16 0.913545 
vn 0.207912 1.92414e-16 0.978148 
vn 0.309017 1.93628e-16 0.951057 
vn 0.104528 1.89091e-16 0.994522 
vn 0.207912 1.92414e-16 0.978148 
vn -4.11982e-16 2.71051e-16 1 
vn 0.104528 1.89091e-16 0.994522 
vn 1.83697e-16 -1.83697e-16 -1 
vn 1 6.12323e-17 1.83697e-16 
vn -1.5272e-16 1.83697e-16 1 
vn -1 -6.12323e-17 -1.83697e-16 
vn 0.707107 0.707107 -1.29893e-16 
vn 0.702962 0.707107 -0.0764517 
vn 0.690575 0.707107 -0.152007 
vn 0.670092 0.707107 -0.22578 
vn 0.641753 0.707107 -0.296906 
vn 0.60589 0.707107 -0.364552 
vn 0.562923 0.707107 -0.427923 
vn 0.513356 0.707107 -0.486277 
vn 0.457771 0.707107 -0.53893 
vn 0.396819 0.707107 -0.585265 
vn 0.331215 0.707107 -0.624737 
vn 0.261727 0.707107 -0.656886 
vn 0.189171 0.707107 -0.681333 
vn 0.114397 0.707107 -0.697792 
vn 0.038282 0.707107 -0.70607 
vn -0.038282 0.707107 -0.70607 
vn -0.114397 0.707107 -0.697792 
vn -0.189171 0.707107 -0.681333 
vn -0.261727 0.707107 -0.656886 
vn -0.331215 0.707107 -0.624737 
vn -0.396819 0.707107 -0.585265 
vn -0.457771 0.707107 -0.53893 
vn -0.513356 0.707107 -0.486277 
vn -0.562923 0.707107 -0.427923 
vn -0.60589 0.707107 -0.364552 
vn -0.641753 0.707107 -0.296906 
vn -0.670092 0.707107 -0.22578 
vn -0.690575 0.707107 -0.152007 
vn -0.702962 0.707107 -0.0764517 
vn -0.707107 0.707107 1.73028e-17 
vn -0.702962 0.707107 0.0764517 
vn -0.690575 0.707107 0.152007 
vn -0.670092 0.707107 0.22578 
vn -0.641753 0.707107 0.296906 
vn -0.60589 0.707107 0.364552 
vn -0.562923 0.707107 0.427923 
vn -0.513356 0.707107 0.486277 
vn -0.457771 0.707107 0.53893 
vn -0.396819 0.707107 0.585265 
vn -0.331215 0.707107 0.624737 
vn -0.261727 0.707107 0.656886 
vn -0.189171 0.707107 0.681333 
vn -0.114397 0.707107 0.697792 
vn -0.038282 0.707107 0.70607 
vn 0.038282 0.707107 0.70607 
vn 0.114397 0.707107 0.697792 
vn 0.189171 0.707107 0.681333 
vn 0.261727 0.707107 0.656886 
vn 0.331215 0.707107 0.624737 
vn 0.396819 0.707107 0.585265 
vn 0.457771 0.707107 0.53893 
vn 0.513356 0.707107 0.486277 
vn 0.562923 0.707107 0.427923 
vn 0.60589 0.707107 0.364552 
vn 0.641753 0.707107 0.296906 
vn 0.670092 0.707107 0.22578 
vn 0.690575 0.707107 0.152007 
vn 0.702962 0.707107 0.0764517 
vn 0.707107 0.707107 -1.02059e-16 
vn 0.994138 8.07345e-17 0.108119 
vn 1 5.16287e-17 3.93636e-17 
vn 0.976621 9.92902e-17 0.21497 
vn 0.994138 8.07345e-17 0.108119 
vn 0.947653 1.16682e-16 0.319302 
vn 0.976621 9.92902e-17 0.21497 
vn 0.907575 1.32705e-16 0.419889 
vn 0.947653 1.16682e-16 0.319302 
vn 0.856857 1.47173e-16 0.515554 
vn 0.907575 1.32705e-16 0.419889 
vn 0.796093 1.59915e-16 0.605174 
vn 0.856857 1.47173e-16 0.515554 
vn 0.725995 1.70783e-16 0.687699 
vn 0.796093 1.59915e-16 0.605174 
vn 0.647386 1.79648e-16 0.762162 
vn 0.725995 1.70783e-16 0.687699 
vn 0.561187 1.86407e-16 0.827689 
vn 0.647386 1.79648e-16 0.762162 
vn 0.468408 1.9098e-16 0.883512 
vn 0.561187 1.86407e-16 0.827689 
vn 0.370138 1.93315e-16 0.928977 
vn 0.468408 1.9098e-16 0.883512 
vn 0.267528 1.93383e-16 0.96355 
vn 0.370138 1.93315e-16 0.928977 
vn 0.161782 1.91183e-16 0.986827 
vn 0.267528 1.93383e-16 0.96355 
vn 0.0541389 1.86743e-16 0.998533 
vn 0.161782 1.91183e-16 0.986827 
vn -0.0541389 1.80113e-16 0.998533 
vn 0.0541389 1.86743e-16 0.998533 
vn -0.161782 1.71371e-16 0.986827 
vn -0.0541389 1.80113e-16 0.998533 
vn -0.267528 1.6062e-16 0.96355 
vn -0.161782 1.71371e-16 0.986827 
vn -0.370138 1.47986e-16 0.928977 
vn -0.267528 1.6062e-16 0.96355 
vn -0.468408 1.33617e-16 0.883512 
vn -0.370138 1.47986e-16 0.928977 
vn -0.561187 1.17681e-16 0.827689 
vn -0.468408 1.33617e-16 0.883512 
vn -0.647386 1.00366e-16 0.762162 
vn -0.561187 1.17681e-16 0.827689 
vn -0.725995 8.18739e-17 0.687699 
vn -0.647386 1.00366e-16 0.762162 
vn -0.796093 6.24221e-17 0.605174 
vn -0.725995 8.18739e-17 0.687699 
vn -0.856857 4.22383e-17 0.515554 
vn -0.796093 6.24221e-17 0.605174 
vn -0.907575 2.15594e-17 0.419889 
vn -0.856857 4.22383e-17 0.515554 
vn -0.947653 6.27718e-19 0.319302 
vn -0.907575 2.15594e-17 0.419889 
vn -0.976621 -2.03113e-17 0.21497 
vn -0.947653 6.27718e-19 0.319302 
vn -0.994138 -4.10123e-17 0.108119 
vn -0.976621 -2.03113e-17 0.21497 
vn -1 -6.12323e-17 5.82017e-16 
vn -0.994138 -4.10123e-17 0.108119 
vn -0.994138 -8.07345e-17 -0.108119 
vn -1 -6.12323e-17 5.82017e-16 
vn -0.976621 -9.92902e-17 -0.21497 
vn -0.994138 -8.07345e-17 -0.108119 
vn -0.947653 -1.16682e-16 -0.319302 
vn -0.976621 -9.92902e-17 -0.21497 
vn -0.907575 -1.32705e-16 -0.419889 
vn -0.947653 -1.16682e-16 -0.319302 
vn -0.856857 -1.47173e-16 -0.515554 
vn -0.907575 -1.32705e-16 -0.419889 
vn -0.796093 -1.59915e-16 -0.605174 
vn -0.856857 -1.47173e-16 -0.515554 
vn -0.725995 -1.70783e-16 -0.687699 
vn -0.796093 -1.59915e-16 -0.605174 
vn -0.647386 -1.79648e-16 -0.762162 
vn -0.725995 -1.70783e-16 -0.687699 
vn -0.561187 -1.86407e-16 -0.827689 
vn -0.647386 -1.79648e-16 -0.762162 
vn -0.468408 -1.9098e-16 -0.883512 
vn -0.561187 -1.86407e-16 -0.827689 
vn -0.370138 -1.93315e-16 -0.928977 
vn -0.468408 -1.9098e-16 -0.883512 
vn -0.267528 -1.93383e-16 -0.96355 
vn -0.370138 -1.93315e-16 -0.928977 
vn -0.161782 -1.91183e-16 -0.986827 
vn -0.267528 -1.93383e-16 -0.96355 
vn -0.0541389 -1.86743e-16 -0.998533 
vn -0.161782 -1.91183e-16 -0.986827 
vn 0.0541389 -1.80113e-16 -0.998533 
vn -0.0541389 -1.86743e-16 -0.998533 
vn 0.161782 -1.71371e-16 -0.986827 
vn 0.0541389 -1.80113e-16 -0.998533 
vn 0.267528 -1.6062e-16 -0.96355 
vn 0.161782 -1.71371e-16 -0.986827 
vn 0.370138 -1.47986e-16 -0.928977 
vn 0.267528 -1.6062e-16 -0.96355 
vn 0.468408 -1.33617e-16 -0.883512 
vn 0.370138 -1.47986e-16 -0.928977 
vn 0.561187 -1.17681e-16 -0.827689 
vn 0.468408 -1.33617e-16 -0.883512 
vn 0.647386 -1.00366e-16 -0.762162 
vn 0.561187 -1.17681e-16 -0.827689 
vn 0.725995 -8.18739e-17 -0.687699 
vn 0.647386 -1.00366e-16 -0.762162 
vn 0.796093 -6.24221e-17 -0.605174 
vn 0.725995 -8.18739e-17 -0.687699 
vn 0.856857 -4.22383e-17 -0.515554 
vn 0.796093 -6.24221e-17 -0.605174 
vn 0.907575 -2.15594e-17 -0.419889 
vn 0.856857 -4.22383e-17 -0.515554 
vn 0.947653 -6.27718e-19 -0.319302 
vn 0.907575 -2.15594e-17 -0.419889 
vn 0.976621 2.03113e-17 -0.21497 
vn 0.947653 -6.27718e-19 -0.319302 
vn 0.994138 4.10123e-17 -0.108119 
vn 0.976621 2.03113e-17 -0.21497 
vn 0.514283 0.857167 0.0278836 
vn 0.512019 0.857167 0.0556854 
vn 0.515038 0.857167 -1.57459e-16 
vn 0.508253 0.857167 0.0833239 
vn 0.502997 0.857167 0.110718 
vn 0.496265 0.857167 0.137787 
vn 0.488077 0.857167 0.164452 
vn 0.478458 0.857167 0.190635 
vn 0.467436 0.857167 0.216259 
vn 0.455042 0.857167 0.241248 
vn 0.441314 0.857167 0.26553 
vn 0.426291 0.857167 0.289033 
vn 0.410018 0.857167 0.311688 
vn 0.392542 0.857167 0.333429 
vn 0.373915 0.857167 0.354191 
vn 0.354191 0.857167 0.373915 
vn 0.333429 0.857167 0.392542 
vn 0.311688 0.857167 0.410018 
vn 0.289033 0.857167 0.426291 
vn 0.26553 0.857167 0.441314 
vn 0.241248 0.857167 0.455042 
vn 0.216259 0.857167 0.467436 
vn 0.190635 0.857167 0.478458 
vn 0.164452 0.857167 0.488077 
vn 0.137787 0.857167 0.496265 
vn 0.110718 0.857167 0.502997 
vn 0.0833239 0.857167 0.508253 
vn 0.0556854 0.857167 0.512019 
vn 0.0278836 0.857167 0.514283 
vn -1.1566e-15 0.857167 0.515038 
vn -0.0278836 0.857167 0.514283 
vn -0.0556854 0.857167 0.512019 
vn -0.0833239 0.857167 0.508253 
vn -0.110718 0.857167 0.502997 
vn -0.137787 0.857167 0.496265 
vn -0.164452 0.857167 0.488077 
vn -0.190635 0.857167 0.478458 
vn -0.216259 0.857167 0.467436 
vn -0.241248 0.857167 0.455042 
vn -0.26553 0.857167 0.441314 
vn -0.289033 0.857167 0.426291 
vn -0.311688 0.857167 0.410018 
vn -0.333429 0.857167 0.392542 
vn -0.354191 0.857167 0.373915 
vn -0.373915 0.857167 0.354191 
vn -0.392542 0.857167 0.333429 
vn -0.410018 0.857167 0.311688 
vn -0.426291 0.857167 0.289033 
vn -0.441314 0.857167 0.26553 
vn -0.455042 0.857167 0.241248 
vn -0.467436 0.857167 0.216259 
vn -0.478458 0.857167 0.190635 
vn -0.488077 0.857167 0.164452 
vn -0.496265 0.857167 0.137787 
vn -0.502997 0.857167 0.110718 
vn -0.508253 0.857167 0.0833239 
vn -0.512019 0.857167 0.0556854 
vn -0.514283 0.857167 0.0278836 
vn -0.515038 0.857167 -5.02452e-17 
vn -0.514283 0.857167 -0.0278836 
vn -0.512019 0.857167 -0.0556854 
vn -0.508253 0.857167 -0.0833239 
vn -0.502997 0.857167 -0.110718 
vn -0.496265 0.857167 -0.137787 
vn -0.488077 0.857167 -0.164452 
vn -0.478458 0.857167 -0.190635 
vn -0.467436 0.857167 -0.216259 
vn -0.455042 0.857167 -0.241248 
vn -0.441314 0.857167 -0.26553 
vn -0.426291 0.857167 -0.289033 
vn -0.410018 0.857167 -0.311688 
vn -0.392542 0.857167 -0.333429 
vn -0.373915 0.857167 -0.354191 
vn -0.354191 0.857167 -0.373915 
vn -0.333429 0.857167 -0.392542 
vn -0.311688 0.857167 -0.410018 
vn -0.289033 0.857167 -0.426291 
vn -0.26553 0.857167 -0.441314 
vn -0.241248 0.857167 -0.455042 
vn -0.216259 0.857167 -0.467436 
vn -0.190635 0.857167 -0.478458 
vn -0.164452 0.857167 -0.488077 
vn -0.137787 0.857167 -0.496265 
vn -0.110718 0.857167 -0.502997 
vn -0.0833239 0.857167 -0.508253 
vn -0.0556854 0.857167 -0.512019 
vn -0.0278836 0.857167 -0.514283 
vn -1.55061e-16 0.857167 -0.515038 
vn 0.0278836 0.857167 -0.514283 
vn 0.0556854 0.857167 -0.512019 
vn 0.0833239 0.857167 -0.508253 
vn 0.110718 0.857167 -0.502997 
vn 0.137787 0.857167 -0.496265 
vn 0.164452 0.857167 -0.488077 
vn 0.190635 0.857167 -0.478458 
vn 0.216259 0.857167 -0.467436 
vn 0.241248 0.857167 -0.455042 
vn 0.26553 0.857167 -0.441314 
vn 0.289033 0.857167 -0.426291 
vn 0.311688 0.857167 -0.410018 
vn 0.333429 0.857167 -0.392542 
vn 0.354191 0.857167 -0.373915 
vn 0.373915 0.857167 -0.354191 
vn 0.392542 0.857167 -0.333429 
vn 0.410018 0.857167 -0.311688 
vn 0.426291 0.857167 -0.289033 
vn 0.441314 0.857167 -0.26553 
vn 0.455042 0.857167 -0.241248 
vn 0.467436 0.857167 -0.216259 
vn 0.478458 0.857167 -0.190635 
vn 0.488077 0.857167 -0.164452 
vn 0.496265 0.857167 -0.137787 
vn 0.502997 0.857167 -0.110718 
vn 0.508253 0.857167 -0.0833239 
vn 0.512019 0.857167 -0.0556854 
vn 0.514283 0.857167 -0.0278836 
vn 0.707107 0.707107 -1.29893e-16 
vn 0.702962 0.707107 -0.0764517 
vn 0.690575 0.707107 -0.152007 
vn 0.670092 0.707107 -0.22578 
vn 0.641753 0.707107 -0.296906 
vn 0.60589 0.707107 -0.364552 
vn 0.562923 0.707107 -0.427923 
vn 0.513356 0.707107 -0.486277 
vn 0.457771 0.707107 -0.53893 
vn 0.396819 0.707107 -0.585265 
vn 0.331215 0.707107 -0.624737 
vn 0.261727 0.707107 -0.656886 
vn 0.189171 0.707107 -0.681333 
vn 0.114397 0.707107 -0.697792 
vn 0.038282 0.707107 -0.70607 
vn -0.038282 0.707107 -0.70607 
vn -0.114397 0.707107 -0.697792 
vn -0.189171 0.707107 -0.681333 
vn -0.261727 0.707107 -0.656886 
vn -0.331215 0.707107 -0.624737 
vn -0.396819 0.707107 -0.585265 
vn -0.457771 0.707107 -0.53893 
vn -0.513356 0.707107 -0.486277 
vn -0.562923 0.707107 -0.427923 
vn -0.60589 0.707107 -0.364552 
vn -0.641753 0.707107 -0.296906 
vn -0.670092 0.707107 -0.22578 
vn -0.690575 0.707107 -0.152007 
vn -0.702962 0.707107 -0.0764517 
vn -0.707107 0.707107 1.73028e-17 
vn -0.702962 0.707107 0.0764517 
vn -0.690575 0.707107 0.152007 
vn -0.670092 0.707107 0.22578 
vn -0.641753 0.707107 0.296906 
vn -0.60589 0.707107 0.364552 
vn -0.562923 0.707107 0.427923 
vn -0.513356 0.707107 0.486277 
vn -0.457771 0.707107 0.53893 
vn -0.396819 0.707107 0.585265 
vn -0.331215 0.707107 0.624737 
vn -0.261727 0.707107 0.656886 
vn -0.189171 0.707107 0.681333 
vn -0.114397 0.707107 0.697792 
vn -0.038282 0.707107 0.70607 
vn 0.038282 0.707107 0.70607 
vn 0.114397 0.707107 0.697792 
vn 0.189171 0.707107 0.681333 
vn 0.261727 0.707107 0.656886 
vn 0.331215 0.707107 0.624737 
vn 0.396819 0.707107 0.585265 
vn 0.457771 0.707107 0.53893 
vn 0.513356 0.707107 0.486277 
vn 0.562923 0.707107 0.427923 
vn 0.60589 0.707107 0.364552 
vn 0.641753 0.707107 0.296906 
vn 0.670092 0.707107 0.22578 
vn 0.690575 0.707107 0.152007 
vn 0.702962 0.707107 0.0764517 
vn 0.707107 0.707107 -1.02059e-16 
vn 0.994138 8.07345e-17 0.108119 
vn 1 5.16287e-17 3.93636e-17 
vn 0.976621 9.92902e-17 0.21497 
vn 0.994138 8.07345e-17 0.108119 
vn 0.947653 1.16682e-16 0.319302 
vn 0.976621 9.92902e-17 0.21497 
vn 0.907575 1.32705e-16 0.419889 
vn 0.947653 1.16682e-16 0.319302 
vn 0.856857 1.47173e-16 0.515554 
vn 0.907575 1.32705e-16 0.419889 
vn 0.796093 1.59915e-16 0.605174 
vn 0.856857 1.47173e-16 0.515554 
vn 0.725995 1.70783e-16 0.687699 
vn 0.796093 1.59915e-16 0.605174 
vn 0.647386 1.79648e-16 0.762162 
vn 0.725995 1.70783e-16 0.687699 
vn 0.561187 1.86407e-16 0.827689 
vn 0.647386 1.79648e-16 0.762162 
vn 0.468408 1.9098e-16 0.883512 
vn 0.561187 1.86407e-16 0.827689 
vn 0.370138 1.93315e-16 0.928977 
vn 0.468408 1.9098e-16 0.883512 
vn 0.267528 1.93383e-16 0.96355 
vn 0.370138 1.93315e-16 0.928977 
vn 0.161782 1.91183e-16 0.986827 
vn 0.267528 1.93383e-16 0.96355 
vn 0.0541389 1.86743e-16 0.998533 
vn 0.161782 1.91183e-16 0.986827 
vn -0.0541389 1.80113e-16 0.998533 
vn 0.0541389 1.86743e-16 0.998533 
vn -0.161782 1.71371e-16 0.986827 
vn -0.0541389 1.80113e-16 0.998533 
vn -0.267528 1.6062e-16 0.96355 
vn -0.161782 1.71371e-16 0.986827 
vn -0.370138 1.47986e-16 0.928977 
vn -0.267528 1.6062e-16 0.96355 
vn -0.468408 1.33617e-16 0.883512 
vn -0.370138 1.47986e-16 0.928977 
vn -0.561187 1.17681e-16 0.827689 
vn -0.468408 1.33617e-16 0.883512 
vn -0.647386 1.00366e-16 0.762162 
vn -0.561187 1.17681e-16 0.827689 
vn -0.725995 8.18739e-17 0.687699 
vn -0.647386 1.00366e-16 0.762162 
vn -0.796093 6.24221e-17 0.605174 
vn -0.725995 8.18739e-17 0.687699 
vn -0.856857 4.22383e-17 0.515554 
vn -0.796093 6.24221e-17 0.605174 
vn -0.907575 2.15594e-17 0.419889 
vn -0.856857 4.22383e-17 0.515554 
vn -0.947653 6.27718e-19 0.319302 
vn -0.907575 2.15594e-17 0.419889 
vn -0.976621 -2.03113e-17 0.21497 
vn -0.947653 6.27718e-19 0.319302 
vn -0.994138 -4.10123e-17 0.108119 
vn -0.976621 -2.03113e-17 0.21497 
vn -1 -6.12323e-17 5.82017e-16 
vn -0.994138 -4.10123e-17 0.108119 
vn -0.994138 -8.07345e-17 -0.108119 
vn -1 -6.12323e-17 5.82017e-16 
vn -0.976621 -9.92902e-17 -0.21497 
vn -0.994138 -8.07345e-17 -0.108119 
vn -0.947653 -1.16682e-16 -0.319302 
vn -0.976621 -9.92902e-17 -0.21497 
vn -0.907575 -1.32705e-16 -0.419889 
vn -0.947653 -1.16682e-16 -0.319302 
vn -0.856857 -1.47173e-16 -0.515554 
vn -0.907575 -1.32705e-16 -0.419889 
vn -0.796093 -1.59915e-16 -0.605174 
vn -0.856857 -1.47173e-16 -0.515554 
vn -0.725995 -1.70783e-16 -0.687699 
vn -0.796093 -1.59915e-16 -0.605174 
vn -0.647386 -1.79648e-16 -0.762162 
vn -0.725995 -1.70783e-16 -0.687699 
vn -0.561187 -1.86407e-16 -0.827689 
vn -0.647386 -1.79648e-16 -0.762162 
vn -0.468408 -1.9098e-16 -0.883512 
vn -0.561187 -1.86407e-16 -0.827689 
vn -0.370138 -1.93315e-16 -0.928977 
vn -0.468408 -1.9098e-16 -0.883512 
vn -0.267528 -1.93383e-16 -0.96355 
vn -0.370138 -1.93315e-16 -0.928977 
vn -0.161782 -1.91183e-16 -0.986827 
vn -0.267528 -1.93383e-16 -0.96355 
vn -0.0541389 -1.86743e-16 -0.998533 
vn -0.161782 -1.91183e-16 -0.986827 
vn 0.0541389 -1.80113e-16 -0.998533 
vn -0.0541389 -1.86743e-16 -0.998533 
vn 0.161782 -1.71371e-16 -0.986827 
vn 0.0541389 -1.80113e-16 -0.998533 
vn 0.267528 -1.6062e-16 -0.96355 
vn 0.161782 -1.71371e-16 -0.986827 
vn 0.370138 -1.47986e-16 -0.928977 
vn 0.267528 -1.6062e-16 -0.96355 
vn 0.468408 -1.33617e-16 -0.883512 
vn 0.370138 -1.47986e-16 -0.928977 
vn 0.561187 -1.17681e-16 -0.827689 
vn 0.468408 -1.33617e-16 -0.883512 
vn 0.647386 -1.00366e-16 -0.762162 
vn 0.561187 -1.17681e-16 -0.827689 
vn 0.725995 -8.18739e-17 -0.687699 
vn 0.647386 -1.00366e-16 -0.762162 
vn 0.796093 -6.24221e-17 -0.605174 
vn 0.725995 -8.18739e-17 -0.687699 
vn 0.856857 -4.22383e-17 -0.515554 
vn 0.796093 -6.24221e-17 -0.605174 
vn 0.907575 -2.15594e-17 -0.419889 
vn 0.856857 -4.22383e-17 -0.515554 
vn 0.947653 -6.27718e-19 -0.319302 
vn 0.907575 -2.15594e-17 -0.419889 
vn 0.976621 2.03113e-17 -0.21497 
vn 0.947653 -6.27718e-19 -0.319302 
vn 0.994138 4.10123e-17 -0.108119 
vn 0.976621 2.03113e-17 -0.21497 
vn 0.514283 0.857167 0.0278836 
vn 0.512019 0.857167 0.0556854 
vn 0.515038 0.857167 -1.57459e-16 
vn 0.508253 0.857167 0.0833239 
vn 0.502997 0.857167 0.110718 
vn 0.496265 0.857167 0.137787 
vn 0.488077 0.857167 0.164452 
vn 0.478458 0.857167 0.190635 
vn 0.467436 0.857167 0.216259 
vn 0.455042 0.857167 0.241248 
vn 0.441314 0.857167 0.26553 
vn 0.426291 0.857167 0.289033 
vn 0.410018 0.857167 0.311688 
vn 0.392542 0.857167 0.333429 
vn 0.373915 0.857167 0.354191 
vn 0.354191 0.857167 0.373915 
vn 0.333429 0.857167 0.392542 
vn 0.311688 0.857167 0.410018 
vn 0.289033 0.857167 0.426291 
vn 0.26553 0.857167 0.441314 
vn 0.241248 0.857167 0.455042 
vn 0.216259 0.857167 0.467436 
vn 0.190635 0.857167 0.478458 
vn 0.164452 0.857167 0.488077 
vn 0.137787 0.857167 0.496265 
vn 0.110718 0.857167 0.502997 
vn 0.0833239 0.857167 0.508253 
vn 0.0556854 0.857167 0.512019 
vn 0.0278836 0.857167 0.514283 
vn -1.1566e-15 0.857167 0.515038 
vn -0.0278836 0.857167 0.514283 
vn -0.0556854 0.857167 0.512019 
vn -0.0833239 0.857167 0.508253 
vn -0.110718 0.857167 0.502997 
vn -0.137787 0.857167 0.496265 
vn -0.164452 0.857167 0.488077 
vn -0.190635 0.857167 0.478458 
vn -0.216259 0.857167 0.467436 
vn -0.241248 0.857167 0.455042 
vn -0.26553 0.857167 0.441314 
vn -0.289033 0.857167 0.426291 
vn -0.311688 0.857167 0.410018 
vn -0.333429 0.857167 0.392542 
vn -0.354191 0.857167 0.373915 
vn -0.373915 0.857167 0.354191 
vn -0.392542 0.857167 0.333429 
vn -0.410018 0.857167 0.311688 
vn -0.426291 0.857167 0.289033 
vn -0.441314 0.857167 0.26553 
vn -0.455042 0.857167 0.241248 
vn -0.467436 0.857167 0.216259 
vn -0.478458 0.857167 0.190635 
vn -0.488077 0.857167 0.164452 
vn -0.496265 0.857167 0.137787 
vn -0.502997 0.857167 0.110718 
vn -0.508253 0.857167 0.0833239 
vn -0.512019 0.857167 0.0556854 
vn -0.514283 0.857167 0.0278836 
vn -0.515038 0.857167 -5.02452e-17 
vn -0.514283 0.857167 -0.0278836 
vn -0.512019 0.857167 -0.0556854 
vn -0.508253 0.857167 -0.0833239 
vn -0.502997 0.857167 -0.110718 
vn -0.496265 0.857167 -0.137787 
vn -0.488077 0.857167 -0.164452 
vn -0.478458 0.857167 -0.190635 
vn -0.467436 0.857167 -0.216259 
vn -0.455042 0.857167 -0.241248 
vn -0.441314 0.857167 -0.26553 
vn -0.426291 0.857167 -0.289033 
vn -0.410018 0.857167 -0.311688 
vn -0.392542 0.857167 -0.333429 
vn -0.373915 0.857167 -0.354191 
vn -0.354191 0.857167 -0.373915 
vn -0.333429 0.857167 -0.392542 
vn -0.311688 0.857167 -0.410018 
vn -0.289033 0.857167 -0.426291 
vn -0.26553 0.857167 -0.441314 
vn -0.241248 0.857167 -0.455042 
vn -0.216259 0.857167 -0.467436 
vn -0.190635 0.857167 -0.478458 
vn -0.164452 0.857167 -0.488077 
vn -0.137787 0.857167 -0.496265 
vn -0.110718 0.857167 -0.502997 
vn -0.0833239 0.857167 -0.508253 
vn -0.0556854 0.857167 -0.512019 
vn -0.0278836 0.857167 -0.514283 
vn -1.55061e-16 0.857167 -0.515038 
vn 0.0278836 0.857167 -0.514283 
vn 0.0556854 0.857167 -0.512019 
vn 0.0833239 0.857167 -0.508253 
vn 0.110718 0.857167 -0.502997 
vn 0.137787 0.857167 -0.496265 
vn 0.164452 0.857167 -0.488077 
vn 0.190635 0.857167 -0.478458 
vn 0.216259 0.857167 -0.467436 
vn 0.241248 0.857167 -0.455042 
vn 0.26553 0.857167 -0.441314 
vn 0.289033 0.857167 -0.426291 
vn 0.311688 0.857167 -0.410018 
vn 0.333429 0.857167 -0.392542 
vn 0.354191 0.857167 -0.373915 
vn 0.373915 0.857167 -0.354191 
vn 0.392542 0.857167 -0.333429 
vn 0.410018 0.857167 -0.311688 
vn 0.426291 0.857167 -0.289033 
vn 0.441314 0.857167 -0.26553 
vn 0.455042 0.857167 -0.241248 
vn 0.467436 0.857167 -0.216259 
vn 0.478458 0.857167 -0.190635 
vn 0.488077 0.857167 -0.164452 
vn 0.496265 0.857167 -0.137787 
vn 0.502997 0.857167 -0.110718 
vn 0.508253 0.857167 -0.0833239 
vn 0.512019 0.857167 -0.0556854 
vn 0.514283 0.857167 -0.0278836 
vn 0.707107 0.707107 -1.29893e-16 
vn 0.702962 0.707107 -0.0764517 
vn 0.690575 0.707107 -0.152007 
vn 0.670092 0.707107 -0.22578 
vn 0.641753 0.707107 -0.296906 
vn 0.60589 0.707107 -0.364552 
vn 0.562923 0.707107 -0.427923 
vn 0.513356 0.707107 -0.486277 
vn 0.457771 0.707107 -0.53893 
vn 0.396819 0.707107 -0.585265 
vn 0.331215 0.707107 -0.624737 
vn 0.261727 0.707107 -0.656886 
vn 0.189171 0.707107 -0.681333 
vn 0.114397 0.707107 -0.697792 
vn 0.038282 0.707107 -0.70607 
vn -0.038282 0.707107 -0.70607 
vn -0.114397 0.707107 -0.697792 
vn -0.189171 0.707107 -0.681333 
vn -0.261727 0.707107 -0.656886 
vn -0.331215 0.707107 -0.624737 
vn -0.396819 0.707107 -0.585265 
vn -0.457771 0.707107 -0.53893 
vn -0.513356 0.707107 -0.486277 
vn -0.562923 0.707107 -0.427923 
vn -0.60589 0.707107 -0.364552 
vn -0.641753 0.707107 -0.296906 
vn -0.670092 0.707107 -0.22578 
vn -0.690575 0.707107 -0.152007 
vn -0.702962 0.707107 -0.0764517 
vn -0.707107 0.707107 1.73028e-17 
vn -0.702962 0.707107 0.0764517 
vn -0.690575 0.707107 0.152007 
vn -0.670092 0.707107 0.22578 
vn -0.641753 0.707107 0.296906 
vn -0.60589 0.707107 0.364552 
vn -0.562923 0.707107 0.427923 
vn -0.513356 0.707107 0.486277 
vn -0.457771 0.707107 0.53893 
vn -0.396819 0.707107 0.585265 
vn -0.331215 0.707107 0.624737 
vn -0.261727 0.707107 0.656886 
vn -0.189171 0.707107 0.681333 
vn -0.114397 0.707107 0.697792 
vn -0.038282 0.707107 0.70607 
vn 0.038282 0.707107 0.70607 
vn 0.114397 0.707107 0.697792 
vn 0.189171 0.707107 0.681333 
vn 0.261727 0.707107 0.656886 
vn 0.331215 0.707107 0.624737 
vn 0.396819 0.707107 0.585265 
vn 0.457771 0.707107 0.53893 
vn 0.513356 0.707107 0.486277 
vn 0.562923 0.707107 0.427923 
vn 0.60589 0.707107 0.364552 
vn 0.641753 0.707107 0.296906 
vn 0.670092 0.707107 0.22578 
vn 0.690575 0.707107 0.152007 
vn 0.702962 0.707107 0.0764517 
vn 0.707107 0.707107 -1.02059e-16 
vn 0.994138 8.07345e-17 0.108119 
vn 1 5.16287e-17 3.93636e-17 
vn 0.976621 9.92902e-17 0.21497 
vn 0.994138 8.07345e-17 0.108119 
vn 0.947653 1.16682e-16 0.319302 
vn 0.976621 9.92902e-17 0.21497 
vn 0.907575 1.32705e-16 0.419889 
vn 0.947653 1.16682e-16 0.319302 
vn 0.856857 1.47173e-16 0.515554 
vn 0.907575 1.32705e-16 0.419889 
vn 0.796093 1.59915e-16 0.605174 
vn 0.856857 1.47173e-16 0.515554 
vn 0.725995 1.70783e-16 0.687699 
vn 0.796093 1.59915e-16 0.605174 
vn 0.647386 1.79648e-16 0.762162 
vn 0.725995 1.70783e-16 0.687699 
vn 0.561187 1.86407e-16 0.827689 
vn 0.647386 1.79648e-16 0.762162 
vn 0.468408 1.9098e-16 0.883512 
vn 0.561187 1.86407e-16 0.827689 
vn 0.370138 1.93315e-16 0.928977 
vn 0.468408 1.9098e-16 0.883512 
vn 0.267528 1.93383e-16 0.96355 
vn 0.370138 1.93315e-16 0.928977 
vn 0.161782 1.91183e-16 0.986827 
vn 0.267528 1.93383e-16 0.96355 
vn 0.0541389 1.86743e-16 0.998533 
vn 0.161782 1.91183e-16 0.986827 
vn -0.0541389 1.80113e-16 0.998533 
vn 0.0541389 1.86743e-16 0.998533 
vn -0.161782 1.71371e-16 0.986827 
vn -0.0541389 1.80113e-16 0.998533 
vn -0.267528 1.6062e-16 0.96355 
vn -0.161782 1.71371e-16 0.986827 
vn -0.370138 1.47986e-16 0.928977 
vn -0.267528 1.6062e-16 0.96355 
vn -0.468408 1.33617e-16 0.883512 
vn -0.370138 1.47986e-16 0.928977 
vn -0.561187 1.17681e-16 0.827689 
vn -0.468408 1.33617e-16 0.883512 
vn -0.647386 1.00366e-16 0.762162 
vn -0.561187 1.17681e-16 0.827689 
vn -0.725995 8.18739e-17 0.687699 
vn -0.647386 1.00366e-16 0.762162 
vn -0.796093 6.24221e-17 0.605174 
vn -0.725995 8.18739e-17 0.687699 
vn -0.856857 4.22383e-17 0.515554 
vn -0.796093 6.24221e-17 0.605174 
vn -0.907575 2.15594e-17 0.419889 
vn -0.856857 4.22383e-17 0.515554 
vn -0.947653 6.27718e-19 0.319302 
vn -0.907575 2.15594e-17 0.419889 
vn -0.976621 -2.03113e-17 0.21497 
vn -0.947653 6.27718e-19 0.319302 
vn -0.994138 -4.10123e-17 0.108119 
vn -0.976621 -2.03113e-17 0.21497 
vn -1 -6.12323e-17 5.82017e-16 
vn -0.994138 -4.10123e-17 0.108119 
vn -0.994138 -8.07345e-17 -0.108119 
vn -1 -6.12323e-17 5.82017e-16 
vn -0.976621 -9.92902e-17 -0.21497 
vn -0.994138 -8.07345e-17 -0.108119 
vn -0.947653 -1.16682e-16 -0.319302 
vn -0.976621 -9.92902e-17 -0.21497 
vn -0.907575 -1.32705e-16 -0.419889 
vn -0.947653 -1.16682e-16 -0.319302 
vn -0.856857 -1.47173e-16 -0.515554 
vn -0.907575 -1.32705e-16 -0.419889 
vn -0.796093 -1.59915e-16 -0.605174 
vn -0.856857 -1.47173e-16 -0.515554 
vn -0.725995 -1.70783e-16 -0.687699 
vn -0.796093 -1.59915e-16 -0.605174 
vn -0.647386 -1.79648e-16 -0.762162 
vn -0.725995 -1.70783e-16 -0.687699 
vn -0.561187 -1.86407e-16 -0.827689 
vn -0.647386 -1.79648e-16 -0.762162 
vn -0.468408 -1.9098e-16 -0.883512 
vn -0.561187 -1.86407e-16 -0.827689 
vn -0.370138 -1.93315e-16 -0.928977 
vn -0.468408 -1.9098e-16 -0.883512 
vn -0.267528 -1.93383e-16 -0.96355 
vn -0.370138 -1.93315e-16 -0.928977 
vn -0.161782 -1.91183e-16 -0.986827 
vn -0.267528 -1.93383e-16 -0.96355 
vn -0.0541389 -1.86743e-16 -0.998533 
vn -0.161782 -1.91183e-16 -0.986827 
vn 0.0541389 -1.80113e-16 -0.998533 
vn -0.0541389 -1.86743e-16 -0.998533 
vn 0.161782 -1.71371e-16 -0.986827 
vn 0.0541389 -1.80113e-16 -0.998533 
vn 0.267528 -1.6062e-16 -0.96355 
vn 0.161782 -1.71371e-16 -0.986827 
vn 0.370138 -1.47986e-16 -0.928977 
vn 0.267528 -1.6062e-16 -0.96355 
vn 0.468408 -1.33617e-16 -0.883512 
vn 0.370138 -1.47986e-16 -0.928977 
vn 0.561187 -1.17681e-16 -0.827689 
vn 0.468408 -1.33617e-16 -0.883512 
vn 0.647386 -1.00366e-16 -0.762162 
vn 0.561187 -1.17681e-16 -0.827689 
vn 0.725995 -8.18739e-17 -0.687699 
vn 0.647386 -1.00366e-16 -0.762162 
vn 0.796093 -6.24221e-17 -0.605174 
vn 0.725995 -8.18739e-17 -0.687699 
vn 0.856857 -4.22383e-17 -0.515554 
vn 0.796093 -6.24221e-17 -0.605174 
vn 0.907575 -2.15594e-17 -0.419889 
vn 0.856857 -4.22383e-17 -0.515554 
vn 0.947653 -6.27718e-19 -0.319302 
vn 0.907575 -2.15594e-17 -0.419889 
vn 0.976621 2.03113e-17 -0.21497 
vn 0.947653 -6.27718e-19 -0.319302 
vn 0.994138 4.10123e-17 -0.108119 
vn 0.976621 2.03113e-17 -0.21497 
vn 0.514283 0.857167 0.0278836 
vn 0.512019 0.857167 0.0556854 
vn 0.515038 0.857167 -1.57459e-16 
vn 0.508253 0.857167 0.0833239 
vn 0.502997 0.857167 0.110718 
vn 0.496265 0.857167 0.137787 
vn 0.488077 0.857167 0.164452 
vn 0.478458 0.857167 0.190635 
vn 0.467436 0.857167 0.216259 
vn 0.455042 0.857167 0.241248 
vn 0.441314 0.857167 0.26553 
vn 0.426291 0.857167 0.289033 
vn 0.410018 0.857167 0.311688 
vn 0.392542 0.857167 0.333429 
vn 0.373915 0.857167 0.354191 
vn 0.354191 0.857167 0.373915 
vn 0.333429 0.857167 0.392542 
vn 0.311688 0.857167 0.410018 
vn 0.289033 0.857167 0.426291 
vn 0.26553 0.857167 0.441314 
vn 0.241248 0.857167 0.455042 
vn 0.216259 0.857167 0.467436 
vn 0.190635 0.857167 0.478458 
vn 0.164452 0.857167 0.488077 
vn 0.137787 0.857167 0.496265 
vn 0.110718 0.857167 0.502997 
vn 0.0833239 0.857167 0.508253 
vn 0.0556854 0.857167 0.512019 
vn 0.0278836 0.857167 0.514283 
vn -1.1566e-15 0.857167 0.515038 
vn -0.0278836 0.857167 0.514283 
vn -0.0556854 0.857167 0.512019 
vn -0.0833239 0.857167 0.508253 
vn -0.110718 0.857167 0.502997 
vn -0.137787 0.857167 0.496265 
vn -0.164452 0.857167 0.488077 
vn -0.190635 0.857167 0.478458 
vn -0.216259 0.857167 0.467436 
vn -0.241248 0.857167 0.455042 
vn -0.26553 0.857167 0.441314 
vn -0.289033 0.857167 0.426291 
vn -0.311688 0.857167 0.410018 
vn -0.333429 0.857167 0.392542 
vn -0.354191 0.857167 0.373915 
vn -0.373915 0.857167 0.354191 
vn -0.392542 0.857167 0.333429 
vn -0.410018 0.857167 0.311688 
vn -0.426291 0.857167 0.289033 
vn -0.441314 0.857167 0.26553 
vn -0.455042 0.857167 0.241248 
vn -0.467436 0.857167 0.216259 
vn -0.478458 0.857167 0.190635 
vn -0.488077 0.857167 0.164452 
vn -0.496265 0.857167 0.137787 
vn -0.502997 0.857167 0.110718 
vn -0.508253 0.857167 0.0833239 
vn -0.512019 0.857167 0.0556854 
vn -0.514283 0.857167 0.0278836 
vn -0.515038 0.857167 -5.02452e-17 
vn -0.514283 0.857167 -0.0278836 
vn -0.512019 0.857167 -0.0556854 
vn -0.508253 0.857167 -0.0833239 
vn -0.502997 0.857167 -0.110718 
vn -0.496265 0.857167 -0.137787 
vn -0.488077 0.857167 -0.164452 
vn -0.478458 0.857167 -0.190635 
vn -0.467436 0.857167 -0.216259 
vn -0.455042 0.857167 -0.241248 
vn -0.441314 0.857167 -0.26553 
vn -0.426291 0.857167 -0.289033 
vn -0.410018 0.857167 -0.311688 
vn -0.392542 0.857167 -0.333429 
vn -0.373915 0.857167 -0.354191 
vn -0.354191 0.857167 -0.373915 
vn -0.333429 0.857167 -0.392542 
vn -0.311688 0.857167 -0.410018 
vn -0.289033 0.857167 -0.426291 
vn -0.26553 0.857167 -0.441314 
vn -0.241248 0.857167 -0.455042 
vn -0.216259 0.857167 -0.467436 
vn -0.190635 0.857167 -0.478458 
vn -0.164452 0.857167 -0.488077 
vn -0.137787 0.857167 -0.496265 
vn -0.110718 0.857167 -0.502997 
vn -0.0833239 0.857167 -0.508253 
vn -0.0556854 0.857167 -0.512019 
vn -0.0278836 0.857167 -0.514283 
vn -1.55061e-16 0.857167 -0.515038 
vn 0.0278836 0.857167 -0.514283 
vn 0.0556854 0.857167 -0.512019 
vn 0.0833239 0.857167 -0.508253 
vn 0.110718 0.857167 -0.502997 
vn 0.137787 0.857167 -0.496265 
vn 0.164452 0.857167 -0.488077 
vn 0.190635 0.857167 -0.478458 
vn 0.216259 0.857167 -0.467436 
vn 0.241248 0.857167 -0.455042 
vn 0.26553 0.857167 -0.441314 
vn 0.289033 0.857167 -0.426291 
vn 0.311688 0.857167 -0.410018 
vn 0.333429 0.857167 -0.392542 
vn 0.354191 0.857167 -0.373915 
vn 0.373915 0.857167 -0.354191 
vn 0.392542 0.857167 -0.333429 
vn 0.410018 0.857167 -0.311688 
vn 0.426291 0.857167 -0.289033 
vn 0.441314 0.857167 -0.26553 
vn 0.455042 0.857167 -0.241248 
vn 0.467436 0.857167 -0.216259 
vn 0.478458 0.857167 -0.190635 
vn 0.488077 0.857167 -0.164452 
vn 0.496265 0.857167 -0.137787 
vn 0.502997 0.857167 -0.110718 
vn 0.508253 0.857167 -0.0833239 
vn 0.512019 0.857167 -0.0556854 
vn 0.514283 0.857167 -0.0278836 
vn 0.994138 8.07345e-17 0.108119 
vn 1 6.12323e-17 1.83697e-16 
vn 0.976621 9.92902e-17 0.21497 
vn 0.994138 8.07345e-17 0.108119 
vn 0.947653 1.16682e-16 0.319302 
vn 0.976621 9.92902e-17 0.21497 
vn 0.907575 1.32705e-16 0.419889 
vn 0.947653 1.16682e-16 0.319302 
vn 0.856857 1.47173e-16 0.515554 
vn 0.907575 1.32705e-16 0.419889 
vn 0.796093 1.59915e-16 0.605174 
vn 0.856857 1.47173e-16 0.515554 
vn 0.725995 1.70783e-16 0.687699 
vn 0.796093 1.59915e-16 0.605174 
vn 0.647386 1.79648e-16 0.762162 
vn 0.725995 1.70783e-16 0.687699 
vn 0.561187 1.86407e-16 0.827689 
vn 0.647386 1.79648e-16 0.762162 
vn 0.468408 1.9098e-16 0.883512 
vn 0.561187 1.86407e-16 0.827689 
vn 0.370138 1.93315e-16 0.928977 
vn 0.468408 1.9098e-16 0.883512 
vn 0.267528 1.93383e-16 0.96355 
vn 0.370138 1.93315e-16 0.928977 
vn 0.161782 1.91183e-16 0.986827 
vn 0.267528 1.93383e-16 0.96355 
vn 0.0541389 1.86743e-16 0.998533 
vn 0.161782 1.91183e-16 0.986827 
vn -0.0541389 1.80113e-16 0.998533 
vn 0.0541389 1.86743e-16 0.998533 
vn -0.161782 1.71371e-16 0.986827 
vn -0.0541389 1.80113e-16 0.998533 
vn -0.267528 1.6062e-16 0.96355 
vn -0.26257 1.61174e-16 0.964913 
vn -0.161782 1.71371e-16 0.986827 
vn -0.370138 1.47986e-16 0.928977 
vn -0.468408 1.33617e-16 0.883512 
vn -0.561187 1.17681e-16 0.827689 
vn -0.647386 1.00366e-16 0.762162 
vn -0.725995 8.18739e-17 0.687699 
vn -0.796093 6.24221e-17 0.605174 
vn -0.856857 4.22383e-17 0.515554 
vn -0.907575 2.15594e-17 0.419889 
vn -0.947653 6.27718e-19 0.319302 
vn -0.976621 -2.03113e-17 0.21497 
vn -0.994138 -4.10123e-17 0.108119 
vn -1 -6.12323e-17 1.37928e-16 
vn -0.994138 -8.07345e-17 -0.108119 
vn -0.976621 -9.92902e-17 -0.21497 
vn -0.947653 -1.16682e-16 -0.319302 
vn -0.907575 -1.32705e-16 -0.419889 
vn -0.856857 -1.47173e-16 -0.515554 
vn -0.796093 -1.59915e-16 -0.605174 
vn -0.725995 -1.70783e-16 -0.687699 
vn -0.647386 -1.79648e-16 -0.762162 
vn -0.561187 -1.86407e-16 -0.827689 
vn -0.468408 -1.9098e-16 -0.883512 
vn -0.370138 -1.93315e-16 -0.928977 
vn -0.267528 -1.93383e-16 -0.96355 
vn -0.161782 -1.91183e-16 -0.986827 
vn -0.26257 -1.93329e-16 -0.964913 
vn -0.267528 -1.93383e-16 -0.96355 
vn -0.0541389 -1.86743e-16 -0.998533 
vn 0.0541389 -1.80113e-16 -0.998533 
vn 0.161782 -1.71371e-16 -0.986827 
vn 0.267528 -1.6062e-16 -0.96355 
vn 0.370138 -1.47986e-16 -0.928977 
vn 0.468408 -1.33617e-16 -0.883512 
vn 0.561187 -1.17681e-16 -0.827689 
vn 0.647386 -1.00366e-16 -0.762162 
vn 0.725995 -8.18739e-17 -0.687699 
vn 0.796093 -6.24221e-17 -0.605174 
vn 0.856857 -4.22383e-17 -0.515554 
vn 0.907575 -2.15594e-17 -0.419889 
vn 0.947653 -6.27718e-19 -0.319302 
vn 0.976621 2.03113e-17 -0.21497 
vn 0.994138 4.10123e-17 -0.108119 
vn 0.514283 0.857167 0.0278836 
vn 0.512019 0.857167 0.0556854 
vn 0.515038 0.857167 -6.28481e-17 
vn 0.508253 0.857167 0.0833239 
vn 0.502997 0.857167 0.110718 
vn 0.496265 0.857167 0.137787 
vn 0.488077 0.857167 0.164452 
vn 0.478458 0.857167 0.190635 
vn 0.467436 0.857167 0.216259 
vn 0.455042 0.857167 0.241248 
vn 0.441314 0.857167 0.26553 
vn 0.426291 0.857167 0.289033 
vn 0.410018 0.857167 0.311688 
vn 0.392542 0.857167 0.333429 
vn 0.373915 0.857167 0.354191 
vn 0.354191 0.857167 0.373915 
vn 0.333429 0.857167 0.392542 
vn 0.311688 0.857167 0.410018 
vn 0.289033 0.857167 0.426291 
vn 0.26553 0.857167 0.441314 
vn 0.241248 0.857167 0.455042 
vn 0.216259 0.857167 0.467436 
vn 0.190635 0.857167 0.478458 
vn 0.164452 0.857167 0.488077 
vn 0.137787 0.857167 0.496265 
vn 0.110718 0.857167 0.502997 
vn 0.0833239 0.857167 0.508253 
vn 0.0556854 0.857167 0.512019 
vn 0.0278836 0.857167 0.514283 
vn -1.1566e-15 0.857167 0.515038 
vn -0.0278836 0.857167 0.514283 
vn -0.0556854 0.857167 0.512019 
vn -0.0833239 0.857167 0.508253 
vn -0.110718 0.857167 0.502997 
vn -0.137787 0.857167 0.496265 
vn -0.164452 0.857167 0.488077 
vn -0.190635 0.857167 0.478458 
vn -0.216259 0.857167 0.467436 
vn -0.241248 0.857167 0.455042 
vn -0.26553 0.857167 0.441314 
vn -0.289033 0.857167 0.426291 
vn -0.311688 0.857167 0.410018 
vn -0.333429 0.857167 0.392542 
vn -0.354191 0.857167 0.373915 
vn -0.373915 0.857167 0.354191 
vn -0.392542 0.857167 0.333429 
vn -0.410018 0.857167 0.311688 
vn -0.426291 0.857167 0.289033 
vn -0.441314 0.857167 0.26553 
vn -0.455042 0.857167 0.241248 
vn -0.467436 0.857167 0.216259 
vn -0.478458 0.857167 0.190635 
vn -0.488077 0.857167 0.164452 
vn -0.496265 0.857167 0.137787 
vn -0.502997 0.857167 0.110718 
vn -0.508253 0.857167 0.0833239 
vn -0.512019 0.857167 0.0556854 
vn -0.514283 0.857167 0.0278836 
vn -0.515038 0.857167 -1.44856e-16 
vn -0.514283 0.857167 -0.0278836 
vn -0.512019 0.857167 -0.0556854 
vn -0.508253 0.857167 -0.0833239 
vn -0.502997 0.857167 -0.110718 
vn -0.496265 0.857167 -0.137787 
vn -0.488077 0.857167 -0.164452 
vn -0.478458 0.857167 -0.190635 
vn -0.467436 0.857167 -0.216259 
vn -0.455042 0.857167 -0.241248 
vn -0.441314 0.857167 -0.26553 
vn -0.426291 0.857167 -0.289033 
vn -0.410018 0.857167 -0.311688 
vn -0.392542 0.857167 -0.333429 
vn -0.373915 0.857167 -0.354191 
vn -0.354191 0.857167 -0.373915 
vn -0.333429 0.857167 -0.392542 
vn -0.311688 0.857167 -0.410018 
vn -0.289033 0.857167 -0.426291 
vn -0.26553 0.857167 -0.441314 
vn -0.241248 0.857167 -0.455042 
vn -0.216259 0.857167 -0.467436 
vn -0.190635 0.857167 -0.478458 
vn -0.164452 0.857167 -0.488077 
vn -0.137787 0.857167 -0.496265 
vn -0.110718 0.857167 -0.502997 
vn -0.0833239 0.857167 -0.508253 
vn -0.0556854 0.857167 -0.512019 
vn -0.0278836 0.857167 -0.514283 
vn -1.55061e-16 0.857167 -0.515038 
vn 0.0278836 0.857167 -0.514283 
vn 0.0556854 0.857167 -0.512019 
vn 0.0833239 0.857167 -0.508253 
vn 0.110718 0.857167 -0.502997 
vn 0.137787 0.857167 -0.496265 
vn 0.164452 0.857167 -0.488077 
vn 0.190635 0.857167 -0.478458 
vn 0.216259 0.857167 -0.467436 
vn 0.241248 0.857167 -0.455042 
vn 0.26553 0.857167 -0.441314 
vn 0.289033 0.857167 -0.426291 
vn 0.311688 0.857167 -0.410018 
vn 0.333429 0.857167 -0.392542 
vn 0.354191 0.857167 -0.373915 
vn 0.373915 0.857167 -0.354191 
vn 0.392542 0.857167 -0.333429 
vn 0.410018 0.857167 -0.311688 
vn 0.426291 0.857167 -0.289033 
vn 0.441314 0.857167 -0.26553 
vn 0.455042 0.857167 -0.241248 
vn 0.467436 0.857167 -0.216259 
vn 0.478458 0.857167 -0.190635 
vn 0.488077 0.857167 -0.164452 
vn 0.496265 0.857167 -0.137787 
vn 0.502997 0.857167 -0.110718 
vn 0.508253 0.857167 -0.0833239 
vn 0.512019 0.857167 -0.0556854 
vn 0.514283 0.857167 -0.0278836 
vn -0.994138 -4.10123e-17 0.108119 
vn -1 -6.12323e-17 6.12323e-17 
vn -0.976621 -2.03113e-17 0.21497 
vn -0.992902 -3.66491e-17 0.118936 
vn -0.994138 -4.10123e-17 0.108119 
vn -0.947653 6.27718e-19 0.319302 
vn -0.962521 -1.22164e-17 0.271208 
vn -0.907575 2.15594e-17 0.419889 
vn -0.856857 4.22383e-17 0.515554 
vn -0.87509 3.66491e-17 0.48396 
vn -0.796093 6.24221e-17 0.605174 
vn -0.806668 6.10818e-17 0.591004 
vn -0.725995 8.18739e-17 0.687699 
vn -0.647386 1.00366e-16 0.762162 
vn -0.674509 9.77309e-17 0.738267 
vn -0.652735 9.77309e-17 0.757586 
vn -0.647386 1.00366e-16 0.762162 
vn -0.561187 1.17681e-16 0.827689 
vn -0.572919 1.09947e-16 0.819612 
vn -0.468408 1.33617e-16 0.883512 
vn -0.370138 1.47986e-16 0.928977 
vn -0.267528 1.6062e-16 0.96355 
vn -0.161782 1.71371e-16 0.986827 
vn -0.0541389 1.80113e-16 0.998533 
vn -0.112135 1.71029e-16 0.993693 
vn -0.161782 1.71371e-16 0.986827 
vn -0.143079 1.71029e-16 0.989711 
vn 0.0541389 1.86743e-16 0.998533 
vn 0.161782 1.91183e-16 0.986827 
vn 0.267528 1.93383e-16 0.96355 
vn 0.211261 1.95462e-16 0.97743 
vn 0.161782 1.91183e-16 0.986827 
vn 0.370138 1.93315e-16 0.928977 
vn 0.468408 1.9098e-16 0.883512 
vn 0.561187 1.86407e-16 0.827689 
vn 0.647386 1.79648e-16 0.762162 
vn 0.725995 1.70783e-16 0.687699 
vn 0.674509 1.71029e-16 0.738267 
vn 0.647386 1.79648e-16 0.762162 
vn 0.796093 1.59915e-16 0.605174 
vn 0.856857 1.47173e-16 0.515554 
vn 0.806668 1.58813e-16 0.591004 
vn 0.796093 1.59915e-16 0.605174 
vn 0.907575 1.32705e-16 0.419889 
vn 0.947653 1.16682e-16 0.319302 
vn 0.976621 9.92902e-17 0.21497 
vn 0.962521 1.09947e-16 0.271208 
vn 0.947653 1.16682e-16 0.319302 
vn 0.994138 8.07345e-17 0.108119 
vn 0.992902 8.55145e-17 0.118936 
vn 1 6.10818e-17 -3.82857e-16 
vn 0.994138 4.10123e-17 -0.108119 
vn 0.976621 2.03113e-17 -0.21497 
vn 0.992902 3.66491e-17 -0.118936 
vn 0.994138 4.10123e-17 -0.108119 
vn 0.947653 -6.27718e-19 -0.319302 
vn 0.962521 1.22164e-17 -0.271208 
vn 0.907575 -2.15594e-17 -0.419889 
vn 0.933478 0 -0.358635 
vn 0.856857 -4.22383e-17 -0.515554 
vn 0.796093 -6.24221e-17 -0.605174 
vn 0.820311 -6.10818e-17 -0.571917 
vn 0.725995 -8.18739e-17 -0.687699 
vn 0.647386 -1.00366e-16 -0.762162 
vn 0.674509 -9.77309e-17 -0.738267 
vn 0.561187 -1.17681e-16 -0.827689 
vn 0.468408 -1.33617e-16 -0.883512 
vn 0.370138 -1.47986e-16 -0.928977 
vn 0.267528 -1.6062e-16 -0.96355 
vn 0.161782 -1.71371e-16 -0.986827 
vn 0.211261 -1.71029e-16 -0.97743 
vn 0.0541389 -1.80113e-16 -0.998533 
vn -0.0541389 -1.86743e-16 -0.998533 
vn -0.161782 -1.91183e-16 -0.986827 
vn -0.112135 -1.95462e-16 -0.993693 
vn -0.143079 -1.95462e-16 -0.989711 
vn -0.267528 -1.93383e-16 -0.96355 
vn -0.370138 -1.93315e-16 -0.928977 
vn -0.468408 -1.9098e-16 -0.883512 
vn -0.561187 -1.86407e-16 -0.827689 
vn -0.647386 -1.79648e-16 -0.762162 
vn -0.572919 -1.83245e-16 -0.819612 
vn -0.561187 -1.86407e-16 -0.827689 
vn -0.674509 -1.71029e-16 -0.738267 
vn -0.652735 -1.71029e-16 -0.757586 
vn -0.725995 -1.70783e-16 -0.687699 
vn -0.796093 -1.59915e-16 -0.605174 
vn -0.856857 -1.47173e-16 -0.515554 
vn -0.820311 -1.58813e-16 -0.571917 
vn -0.796093 -1.59915e-16 -0.605174 
vn -0.907575 -1.32705e-16 -0.419889 
vn -0.87509 -1.3438e-16 -0.48396 
vn -0.947653 -1.16682e-16 -0.319302 
vn -0.933478 -1.22164e-16 -0.358635 
vn -0.976621 -9.92902e-17 -0.21497 
vn -0.962521 -1.09947e-16 -0.271208 
vn -0.994138 -8.07345e-17 -0.108119 
vn -0.992902 -8.55145e-17 -0.118936 
vn 0.994138 8.07345e-17 0.108119 
vn 1 6.12323e-17 -1.12482e-32 
vn 0.976621 9.92902e-17 0.21497 
vn 0.994138 8.07345e-17 0.108119 
vn 0.947653 1.16682e-16 0.319302 
vn 0.976621 9.92902e-17 0.21497 
vn 0.907575 1.32705e-16 0.419889 
vn 0.947653 1.16682e-16 0.319302 
vn 0.856857 1.47173e-16 0.515554 
vn 0.907575 1.32705e-16 0.419889 
vn 0.796093 1.59915e-16 0.605174 
vn 0.816563 1.5604e-16 0.577257 
vn 0.725995 1.70783e-16 0.687699 
vn 0.647386 1.79648e-16 0.762162 
vn 0.561187 1.86407e-16 0.827689 
vn 0.468408 1.9098e-16 0.883512 
vn 0.370138 1.93315e-16 0.928977 
vn 0.267528 1.93383e-16 0.96355 
vn 0.161782 1.91183e-16 0.986827 
vn 0.0541389 1.86743e-16 0.998533 
vn -0.0541389 1.80113e-16 0.998533 
vn -0.161782 1.71371e-16 0.986827 
vn -0.267528 1.6062e-16 0.96355 
vn -0.370138 1.47986e-16 0.928977 
vn -0.468408 1.33617e-16 0.883512 
vn -0.464549 1.34227e-16 0.885547 
vn -0.370138 1.47986e-16 0.928977 
vn -0.561187 1.17681e-16 0.827689 
vn -0.647386 1.00366e-16 0.762162 
vn -0.725995 8.18739e-17 0.687699 
vn -0.796093 6.24221e-17 0.605174 
vn -0.856857 4.22383e-17 0.515554 
vn -0.816563 5.60403e-17 0.577257 
vn -0.796093 6.24221e-17 0.605174 
vn -0.907575 2.15594e-17 0.419889 
vn -0.947653 6.27718e-19 0.319302 
vn -0.976621 -2.03113e-17 0.21497 
vn -0.963898 -1.01084e-17 0.266272 
vn -0.994138 -4.10123e-17 0.108119 
vn -1 -6.12323e-17 1.37928e-16 
vn -0.994138 -8.07345e-17 -0.108119 
vn -0.976621 -9.92902e-17 -0.21497 
vn -0.947653 -1.16682e-16 -0.319302 
vn -0.963898 -1.07935e-16 -0.266272 
vn -0.976621 -9.92902e-17 -0.21497 
vn -0.907575 -1.32705e-16 -0.419889 
vn -0.856857 -1.47173e-16 -0.515554 
vn -0.796093 -1.59915e-16 -0.605174 
vn -0.725995 -1.70783e-16 -0.687699 
vn -0.647386 -1.79648e-16 -0.762162 
vn -0.561187 -1.86407e-16 -0.827689 
vn -0.468408 -1.9098e-16 -0.883512 
vn -0.370138 -1.93315e-16 -0.928977 
vn -0.464549 -1.91118e-16 -0.885547 
vn -0.468408 -1.9098e-16 -0.883512 
vn -0.267528 -1.93383e-16 -0.96355 
vn -0.161782 -1.91183e-16 -0.986827 
vn -0.0541389 -1.86743e-16 -0.998533 
vn 0.0541389 -1.80113e-16 -0.998533 
vn 0.161782 -1.71371e-16 -0.986827 
vn 0.267528 -1.6062e-16 -0.96355 
vn 0.370138 -1.47986e-16 -0.928977 
vn 0.468408 -1.33617e-16 -0.883512 
vn 0.561187 -1.17681e-16 -0.827689 
vn 0.647386 -1.00366e-16 -0.762162 
vn 0.725995 -8.18739e-17 -0.687699 
vn 0.796093 -6.24221e-17 -0.605174 
vn 0.856857 -4.22383e-17 -0.515554 
vn 0.907575 -2.15594e-17 -0.419889 
vn 0.947653 -6.27718e-19 -0.319302 
vn 0.976621 2.03113e-17 -0.21497 
vn 0.994138 4.10123e-17 -0.108119 
vn -6.12323e-17 1 -1.83697e-16 
vn 0.994138 8.07345e-17 0.108119 
vn 1 0 4.3054e-16 
vn 0.976621 9.92902e-17 0.21497 
vn 0.994138 8.07345e-17 0.108119 
vn 0.947653 1.16682e-16 0.319302 
vn 0.976621 9.92902e-17 0.21497 
vn 0.907575 1.32705e-16 0.419889 
vn 0.947653 1.16682e-16 0.319302 
vn 0.856857 1.47173e-16 0.515554 
vn 0.907575 1.32705e-16 0.419889 
vn 0.796093 1.59915e-16 0.605174 
vn 0.856857 1.47173e-16 0.515554 
vn 0.725995 1.70783e-16 0.687699 
vn 0.796093 1.59915e-16 0.605174 
vn 0.647386 1.79648e-16 0.762162 
vn 0.725995 1.70783e-16 0.687699 
vn 0.561187 1.86407e-16 0.827689 
vn 0.647386 1.79648e-16 0.762162 
vn 0.468408 1.9098e-16 0.883512 
vn 0.561187 1.86407e-16 0.827689 
vn 0.370138 1.93315e-16 0.928977 
vn 0.468408 1.9098e-16 0.883512 
vn 0.267528 1.93383e-16 0.96355 
vn 0.370138 1.93315e-16 0.928977 
vn 0.161782 1.91183e-16 0.986827 
vn 0.267528 1.93383e-16 0.96355 
vn 0.0541389 1.86743e-16 0.998533 
vn 0.161782 1.91183e-16 0.986827 
vn -0.0541389 1.80113e-16 0.998533 
vn 0.0541389 1.86743e-16 0.998533 
vn -0.161782 1.71371e-16 0.986827 
vn -0.0541389 1.80113e-16 0.998533 
vn -0.267528 1.6062e-16 0.96355 
vn -0.161782 1.71371e-16 0.986827 
vn -0.370138 1.47986e-16 0.928977 
vn -0.267528 1.6062e-16 0.96355 
vn -0.468408 1.33617e-16 0.883512 
vn -0.370138 1.47986e-16 0.928977 
vn -0.561187 1.17681e-16 0.827689 
vn -0.468408 1.33617e-16 0.883512 
vn -0.647386 1.00366e-16 0.762162 
vn -0.561187 1.17681e-16 0.827689 
vn -0.725995 8.18739e-17 0.687699 
vn -0.647386 1.00366e-16 0.762162 
vn -0.796093 6.24221e-17 0.605174 
vn -0.725995 8.18739e-17 0.687699 
vn -0.856857 4.22383e-17 0.515554 
vn -0.796093 6.24221e-17 0.605174 
vn -0.907575 2.15594e-17 0.419889 
vn -0.856857 4.22383e-17 0.515554 
vn -0.947653 6.27718e-19 0.319302 
vn -0.907575 2.15594e-17 0.419889 
vn -0.976621 -2.03113e-17 0.21497 
vn -0.947653 6.27718e-19 0.319302 
vn -0.994138 -4.10123e-17 0.108119 
vn -0.976621 -2.03113e-17 0.21497 
vn -1 -6.12323e-17 -3.06162e-16 
vn -0.994138 -4.10123e-17 0.108119 
vn -0.994138 -8.07345e-17 -0.108119 
vn -1 0 6.31459e-16 
vn -0.976621 -9.92902e-17 -0.21497 
vn -0.994138 -8.07345e-17 -0.108119 
vn -0.947653 -1.16682e-16 -0.319302 
vn -0.976621 -9.92902e-17 -0.21497 
vn -0.907575 -1.32705e-16 -0.419889 
vn -0.947653 -1.16682e-16 -0.319302 
vn -0.856857 -1.47173e-16 -0.515554 
vn -0.907575 -1.32705e-16 -0.419889 
vn -0.796093 -1.59915e-16 -0.605174 
vn -0.856857 -1.47173e-16 -0.515554 
vn -0.725995 -1.70783e-16 -0.687699 
vn -0.796093 -1.59915e-16 -0.605174 
vn -0.647386 -1.79648e-16 -0.762162 
vn -0.725995 -1.70783e-16 -0.687699 
vn -0.561187 -1.86407e-16 -0.827689 
vn -0.647386 -1.79648e-16 -0.762162 
vn -0.468408 -1.9098e-16 -0.883512 
vn -0.561187 -1.86407e-16 -0.827689 
vn -0.370138 -1.93315e-16 -0.928977 
vn -0.468408 -1.9098e-16 -0.883512 
vn -0.267528 -1.93383e-16 -0.96355 
vn -0.370138 -1.93315e-16 -0.928977 
vn -0.161782 -1.91183e-16 -0.986827 
vn -0.267528 -1.93383e-16 -0.96355 
vn -0.0541389 -1.86743e-16 -0.998533 
vn -0.161782 -1.91183e-16 -0.986827 
vn 0.0541389 -1.80113e-16 -0.998533 
vn -0.0541389 -1.86743e-16 -0.998533 
vn 0.161782 -1.71371e-16 -0.986827 
vn 0.0541389 -1.80113e-16 -0.998533 
vn 0.267528 -1.6062e-16 -0.96355 
vn 0.161782 -1.71371e-16 -0.986827 
vn 0.370138 -1.47986e-16 -0.928977 
vn 0.267528 -1.6062e-16 -0.96355 
vn 0.468408 -1.33617e-16 -0.883512 
vn 0.370138 -1.47986e-16 -0.928977 
vn 0.561187 -1.17681e-16 -0.827689 
vn 0.468408 -1.33617e-16 -0.883512 
vn 0.647386 -1.00366e-16 -0.762162 
vn 0.561187 -1.17681e-16 -0.827689 
vn 0.725995 -8.18739e-17 -0.687699 
vn 0.647386 -1.00366e-16 -0.762162 
vn 0.796093 -6.24221e-17 -0.605174 
vn 0.725995 -8.18739e-17 -0.687699 
vn 0.856857 -4.22383e-17 -0.515554 
vn 0.796093 -6.24221e-17 -0.605174 
vn 0.907575 -2.15594e-17 -0.419889 
vn 0.856857 -4.22383e-17 -0.515554 
vn 0.947653 -6.27718e-19 -0.319302 
vn 0.907575 -2.15594e-17 -0.419889 
vn 0.976621 2.03113e-17 -0.21497 
vn 0.947653 -6.27718e-19 -0.319302 
vn 0.994138 4.10123e-17 -0.108119 
vn 0.976621 2.03113e-17 -0.21497 
vn 0.994138 8.07345e-17 0.108119 
vn 1 6.12323e-17 -1.12482e-32 
vn 0.976621 9.92902e-17 0.21497 
vn 0.994138 8.07345e-17 0.108119 
vn 0.947653 1.16682e-16 0.319302 
vn 0.976621 9.92902e-17 0.21497 
vn 0.907575 1.32705e-16 0.419889 
vn 0.947653 1.16682e-16 0.319302 
vn 0.856857 1.47173e-16 0.515554 
vn 0.907575 1.32705e-16 0.419889 
vn 0.796093 1.59915e-16 0.605174 
vn 0.856857 1.47173e-16 0.515554 
vn 0.725995 1.70783e-16 0.687699 
vn 0.796093 1.59915e-16 0.605174 
vn 0.647386 1.79648e-16 0.762162 
vn 0.725995 1.70783e-16 0.687699 
vn 0.561187 1.86407e-16 0.827689 
vn 0.647386 1.79648e-16 0.762162 
vn 0.468408 1.9098e-16 0.883512 
vn 0.561187 1.86407e-16 0.827689 
vn 0.370138 1.93315e-16 0.928977 
vn 0.468408 1.9098e-16 0.883512 
vn 0.267528 1.93383e-16 0.96355 
vn 0.370138 1.93315e-16 0.928977 
vn 0.161782 1.91183e-16 0.986827 
vn 0.267528 1.93383e-16 0.96355 
vn 0.0541389 1.86743e-16 0.998533 
vn 0.161782 1.91183e-16 0.986827 
vn -0.0541389 1.80113e-16 0.998533 
vn 0.0541389 1.86743e-16 0.998533 
vn -0.161782 1.71371e-16 0.986827 
vn -0.0541389 1.80113e-16 0.998533 
vn -0.267528 1.6062e-16 0.96355 
vn -0.161782 1.71371e-16 0.986827 
vn -0.370138 1.47986e-16 0.928977 
vn -0.267528 1.6062e-16 0.96355 
vn -0.468408 1.33617e-16 0.883512 
vn -0.370138 1.47986e-16 0.928977 
vn -0.561187 1.17681e-16 0.827689 
vn -0.468408 1.33617e-16 0.883512 
vn -0.647386 1.00366e-16 0.762162 
vn -0.561187 1.17681e-16 0.827689 
vn -0.725995 8.18739e-17 0.687699 
vn -0.647386 1.00366e-16 0.762162 
vn -0.796093 6.24221e-17 0.605174 
vn -0.725995 8.18739e-17 0.687699 
vn -0.856857 4.22383e-17 0.515554 
vn -0.796093 6.24221e-17 0.605174 
vn -0.907575 2.15594e-17 0.419889 
vn -0.856857 4.22383e-17 0.515554 
vn -0.947653 6.27718e-19 0.319302 
vn -0.907575 2.15594e-17 0.419889 
vn -0.976621 -2.03113e-17 0.21497 
vn -0.947653 6.27718e-19 0.319302 
vn -0.994138 -4.10123e-17 0.108119 
vn -0.976621 -2.03113e-17 0.21497 
vn -1 -6.12323e-17 -3.06162e-16 
vn -0.994138 -4.10123e-17 0.108119 
vn -0.994138 -8.07345e-17 -0.108119 
vn -1 0 6.73556e-16 
vn -0.976621 -9.92902e-17 -0.21497 
vn -0.994138 -8.07345e-17 -0.108119 
vn -0.947653 -1.16682e-16 -0.319302 
vn -0.976621 -9.92902e-17 -0.21497 
vn -0.907575 -1.32705e-16 -0.419889 
vn -0.947653 -1.16682e-16 -0.319302 
vn -0.856857 -1.47173e-16 -0.515554 
vn -0.907575 -1.32705e-16 -0.419889 
vn -0.796093 -1.59915e-16 -0.605174 
vn -0.856857 -1.47173e-16 -0.515554 
vn -0.725995 -1.70783e-16 -0.687699 
vn -0.796093 -1.59915e-16 -0.605174 
vn -0.647386 -1.79648e-16 -0.762162 
vn -0.725995 -1.70783e-16 -0.687699 
vn -0.561187 -1.86407e-16 -0.827689 
vn -0.647386 -1.79648e-16 -0.762162 
vn -0.468408 -1.9098e-16 -0.883512 
vn -0.561187 -1.86407e-16 -0.827689 
vn -0.370138 -1.93315e-16 -0.928977 
vn -0.468408 -1.9098e-16 -0.883512 
vn -0.267528 -1.93383e-16 -0.96355 
vn -0.370138 -1.93315e-16 -0.928977 
vn -0.161782 -1.91183e-16 -0.986827 
vn -0.267528 -1.93383e-16 -0.96355 
vn -0.0541389 -1.86743e-16 -0.998533 
vn -0.161782 -1.91183e-16 -0.986827 
vn 0.0541389 -1.80113e-16 -0.998533 
vn -0.0541389 -1.86743e-16 -0.998533 
vn 0.161782 -1.71371e-16 -0.986827 
vn 0.0541389 -1.80113e-16 -0.998533 
vn 0.267528 -1.6062e-16 -0.96355 
vn 0.161782 -1.71371e-16 -0.986827 
vn 0.370138 -1.47986e-16 -0.928977 
vn 0.267528 -1.6062e-16 -0.96355 
vn 0.468408 -1.33617e-16 -0.883512 
vn 0.370138 -1.47986e-16 -0.928977 
vn 0.561187 -1.17681e-16 -0.827689 
vn 0.468408 -1.33617e-16 -0.883512 
vn 0.647386 -1.00366e-16 -0.762162 
vn 0.561187 -1.17681e-16 -0.827689 
vn 0.725995 -8.18739e-17 -0.687699 
vn 0.647386 -1.00366e-16 -0.762162 
vn 0.796093 -6.24221e-17 -0.605174 
vn 0.725995 -8.18739e-17 -0.687699 
vn 0.856857 -4.22383e-17 -0.515554 
vn 0.796093 -6.24221e-17 -0.605174 
vn 0.907575 -2.15594e-17 -0.419889 
vn 0.856857 -4.22383e-17 -0.515554 
vn 0.947653 -6.27718e-19 -0.319302 
vn 0.907575 -2.15594e-17 -0.419889 
vn 0.976621 2.03113e-17 -0.21497 
vn 0.947653 -6.27718e-19 -0.319302 
vn 0.994138 4.10123e-17 -0.108119 
vn 0.976621 2.03113e-17 -0.21497 
vn 0.994138 8.07345e-17 0.108119 
vn 1 6.12323e-17 -1.12482e-32 
vn 0.976621 9.92902e-17 0.21497 
vn 0.994138 8.07345e-17 0.108119 
vn 0.947653 1.16682e-16 0.319302 
vn 0.976621 9.92902e-17 0.21497 
vn 0.907575 1.32705e-16 0.419889 
vn 0.947653 1.16682e-16 0.319302 
vn 0.856857 1.47173e-16 0.515554 
vn 0.907575 1.32705e-16 0.419889 
vn 0.796093 1.59915e-16 0.605174 
vn 0.856857 1.47173e-16 0.515554 
vn 0.725995 1.70783e-16 0.687699 
vn 0.796093 1.59915e-16 0.605174 
vn 0.647386 1.79648e-16 0.762162 
vn 0.725995 1.70783e-16 0.687699 
vn 0.561187 1.86407e-16 0.827689 
vn 0.647386 1.79648e-16 0.762162 
vn 0.468408 1.9098e-16 0.883512 
vn 0.48996 1.90138e-16 0.871745 
vn 0.370138 1.93315e-16 0.928977 
vn 0.267528 1.93383e-16 0.96355 
vn 0.161782 1.91183e-16 0.986827 
vn 0.0541389 1.86743e-16 0.998533 
vn -0.0541389 1.80113e-16 0.998533 
vn -0.161782 1.71371e-16 0.986827 
vn -0.267528 1.6062e-16 0.96355 
vn -0.370138 1.47986e-16 0.928977 
vn -0.468408 1.33617e-16 0.883512 
vn -0.561187 1.17681e-16 0.827689 
vn -0.48996 1.30136e-16 0.871745 
vn -0.468408 1.33617e-16 0.883512 
vn -0.647386 1.00366e-16 0.762162 
vn -0.725995 8.18739e-17 0.687699 
vn -0.796093 6.24221e-17 0.605174 
vn -0.856857 4.22383e-17 0.515554 
vn -0.907575 2.15594e-17 0.419889 
vn -0.947653 6.27718e-19 0.319302 
vn -0.976621 -2.03113e-17 0.21497 
vn -0.994138 -4.10123e-17 0.108119 
vn -1 -6.12323e-17 1.37928e-16 
vn -0.994138 -8.07345e-17 -0.108119 
vn -0.976621 -9.92902e-17 -0.21497 
vn -0.947653 -1.16682e-16 -0.319302 
vn -0.907575 -1.32705e-16 -0.419889 
vn -0.856857 -1.47173e-16 -0.515554 
vn -0.889827 -1.38307e-16 -0.456299 
vn -0.907575 -1.32705e-16 -0.419889 
vn -0.796093 -1.59915e-16 -0.605174 
vn -0.725995 -1.70783e-16 -0.687699 
vn -0.647386 -1.79648e-16 -0.762162 
vn -0.561187 -1.86407e-16 -0.827689 
vn -0.468408 -1.9098e-16 -0.883512 
vn -0.370138 -1.93315e-16 -0.928977 
vn -0.267528 -1.93383e-16 -0.96355 
vn -0.161782 -1.91183e-16 -0.986827 
vn -0.0541389 -1.86743e-16 -0.998533 
vn 0.0541389 -1.80113e-16 -0.998533 
vn 0.161782 -1.71371e-16 -0.986827 
vn 0.267528 -1.6062e-16 -0.96355 
vn 0.370138 -1.47986e-16 -0.928977 
vn 0.468408 -1.33617e-16 -0.883512 
vn 0.561187 -1.17681e-16 -0.827689 
vn 0.647386 -1.00366e-16 -0.762162 
vn 0.725995 -8.18739e-17 -0.687699 
vn 0.796093 -6.24221e-17 -0.605174 
vn 0.856857 -4.22383e-17 -0.515554 
vn 0.907575 -2.15594e-17 -0.419889 
vn 0.889827 -2.93345e-17 -0.456299 
vn 0.947653 -6.27718e-19 -0.319302 
vn 0.976621 2.03113e-17 -0.21497 
vn 0.994138 4.10123e-17 -0.108119 
vn -6.12323e-17 1 -1.83697e-16 
vn 0.994138 8.07345e-17 0.108119 
vn 1 0 4.3054e-16 
vn 0.976621 9.92902e-17 0.21497 
vn 0.994138 8.07345e-17 0.108119 
vn 0.947653 1.16682e-16 0.319302 
vn 0.976621 9.92902e-17 0.21497 
vn 0.907575 1.32705e-16 0.419889 
vn 0.947653 1.16682e-16 0.319302 
vn 0.856857 1.47173e-16 0.515554 
vn 0.907575 1.32705e-16 0.419889 
vn 0.796093 1.59915e-16 0.605174 
vn 0.856857 1.47173e-16 0.515554 
vn 0.725995 1.70783e-16 0.687699 
vn 0.796093 1.59915e-16 0.605174 
vn 0.647386 1.79648e-16 0.762162 
vn 0.725995 1.70783e-16 0.687699 
vn 0.561187 1.86407e-16 0.827689 
vn 0.647386 1.79648e-16 0.762162 
vn 0.468408 1.9098e-16 0.883512 
vn 0.561187 1.86407e-16 0.827689 
vn 0.370138 1.93315e-16 0.928977 
vn 0.468408 1.9098e-16 0.883512 
vn 0.267528 1.93383e-16 0.96355 
vn 0.370138 1.93315e-16 0.928977 
vn 0.161782 1.91183e-16 0.986827 
vn 0.267528 1.93383e-16 0.96355 
vn 0.0541389 1.86743e-16 0.998533 
vn 0.161782 1.91183e-16 0.986827 
vn -0.0541389 1.80113e-16 0.998533 
vn 0.0541389 1.86743e-16 0.998533 
vn -0.161782 1.71371e-16 0.986827 
vn -0.0541389 1.80113e-16 0.998533 
vn -0.267528 1.6062e-16 0.96355 
vn -0.161782 1.71371e-16 0.986827 
vn -0.370138 1.47986e-16 0.928977 
vn -0.267528 1.6062e-16 0.96355 
vn -0.468408 1.33617e-16 0.883512 
vn -0.370138 1.47986e-16 0.928977 
vn -0.561187 1.17681e-16 0.827689 
vn -0.468408 1.33617e-16 0.883512 
vn -0.647386 1.00366e-16 0.762162 
vn -0.561187 1.17681e-16 0.827689 
vn -0.725995 8.18739e-17 0.687699 
vn -0.647386 1.00366e-16 0.762162 
vn -0.796093 6.24221e-17 0.605174 
vn -0.725995 8.18739e-17 0.687699 
vn -0.856857 4.22383e-17 0.515554 
vn -0.796093 6.24221e-17 0.605174 
vn -0.907575 2.15594e-17 0.419889 
vn -0.856857 4.22383e-17 0.515554 
vn -0.947653 6.27718e-19 0.319302 
vn -0.907575 2.15594e-17 0.419889 
vn -0.976621 -2.03113e-17 0.21497 
vn -0.947653 6.27718e-19 0.319302 
vn -0.994138 -4.10123e-17 0.108119 
vn -0.976621 -2.03113e-17 0.21497 
vn -1 -6.12323e-17 -3.06162e-16 
vn -0.994138 -4.10123e-17 0.108119 
vn -0.994138 -8.07345e-17 -0.108119 
vn -1 0 6.31459e-16 
vn -0.976621 -9.92902e-17 -0.21497 
vn -0.994138 -8.07345e-17 -0.108119 
vn -0.947653 -1.16682e-16 -0.319302 
vn -0.976621 -9.92902e-17 -0.21497 
vn -0.907575 -1.32705e-16 -0.419889 
vn -0.947653 -1.16682e-16 -0.319302 
vn -0.856857 -1.47173e-16 -0.515554 
vn -0.907575 -1.32705e-16 -0.419889 
vn -0.796093 -1.59915e-16 -0.605174 
vn -0.856857 -1.47173e-16 -0.515554 
vn -0.725995 -1.70783e-16 -0.687699 
vn -0.796093 -1.59915e-16 -0.605174 
vn -0.647386 -1.79648e-16 -0.762162 
vn -0.725995 -1.70783e-16 -0.687699 
vn -0.561187 -1.86407e-16 -0.827689 
vn -0.647386 -1.79648e-16 -0.762162 
vn -0.468408 -1.9098e-16 -0.883512 
vn -0.561187 -1.86407e-16 -0.827689 
vn -0.370138 -1.93315e-16 -0.928977 
vn -0.468408 -1.9098e-16 -0.883512 
vn -0.267528 -1.93383e-16 -0.96355 
vn -0.370138 -1.93315e-16 -0.928977 
vn -0.161782 -1.91183e-16 -0.986827 
vn -0.267528 -1.93383e-16 -0.96355 
vn -0.0541389 -1.86743e-16 -0.998533 
vn -0.161782 -1.91183e-16 -0.986827 
vn 0.0541389 -1.80113e-16 -0.998533 
vn -0.0541389 -1.86743e-16 -0.998533 
vn 0.161782 -1.71371e-16 -0.986827 
vn 0.0541389 -1.80113e-16 -0.998533 
vn 0.267528 -1.6062e-16 -0.96355 
vn 0.161782 -1.71371e-16 -0.986827 
vn 0.370138 -1.47986e-16 -0.928977 
vn 0.267528 -1.6062e-16 -0.96355 
vn 0.468408 -1.33617e-16 -0.883512 
vn 0.370138 -1.47986e-16 -0.928977 
vn 0.561187 -1.17681e-16 -0.827689 
vn 0.468408 -1.33617e-16 -0.883512 
vn 0.647386 -1.00366e-16 -0.762162 
vn 0.561187 -1.17681e-16 -0.827689 
vn 0.725995 -8.18739e-17 -0.687699 
vn 0.647386 -1.00366e-16 -0.762162 
vn 0.796093 -6.24221e-17 -0.605174 
vn 0.725995 -8.18739e-17 -0.687699 
vn 0.856857 -4.22383e-17 -0.515554 
vn 0.796093 -6.24221e-17 -0.605174 
vn 0.907575 -2.15594e-17 -0.419889 
vn 0.856857 -4.22383e-17 -0.515554 
vn 0.947653 -6.27718e-19 -0.319302 
vn 0.907575 -2.15594e-17 -0.419889 
vn 0.976621 2.03113e-17 -0.21497 
vn 0.947653 -6.27718e-19 -0.319302 
vn 0.994138 4.10123e-17 -0.108119 
vn 0.976621 2.03113e-17 -0.21497 
vn 0.994138 8.07345e-17 0.108119 
vn 1 6.12323e-17 -1.12482e-32 
vn 0.976621 9.92902e-17 0.21497 
vn 0.994138 8.07345e-17 0.108119 
vn 0.947653 1.16682e-16 0.319302 
vn 0.976621 9.92902e-17 0.21497 
vn 0.907575 1.32705e-16 0.419889 
vn 0.947653 1.16682e-16 0.319302 
vn 0.856857 1.47173e-16 0.515554 
vn 0.907575 1.32705e-16 0.419889 
vn 0.796093 1.59915e-16 0.605174 
vn 0.856857 1.47173e-16 0.515554 
vn 0.725995 1.70783e-16 0.687699 
vn 0.796093 1.59915e-16 0.605174 
vn 0.647386 1.79648e-16 0.762162 
vn 0.725995 1.70783e-16 0.687699 
vn 0.561187 1.86407e-16 0.827689 
vn 0.647386 1.79648e-16 0.762162 
vn 0.468408 1.9098e-16 0.883512 
vn 0.48996 1.90138e-16 0.871745 
vn 0.370138 1.93315e-16 0.928977 
vn 0.267528 1.93383e-16 0.96355 
vn 0.161782 1.91183e-16 0.986827 
vn 0.0541389 1.86743e-16 0.998533 
vn -0.0541389 1.80113e-16 0.998533 
vn -0.161782 1.71371e-16 0.986827 
vn -0.267528 1.6062e-16 0.96355 
vn -0.370138 1.47986e-16 0.928977 
vn -0.468408 1.33617e-16 0.883512 
vn -0.464549 1.34227e-16 0.885547 
vn -0.370138 1.47986e-16 0.928977 
vn -0.561187 1.17681e-16 0.827689 
vn -0.48996 1.30136e-16 0.871745 
vn -0.647386 1.00366e-16 0.762162 
vn -0.725995 8.18739e-17 0.687699 
vn -0.796093 6.24221e-17 0.605174 
vn -0.856857 4.22383e-17 0.515554 
vn -0.907575 2.15594e-17 0.419889 
vn -0.947653 6.27718e-19 0.319302 
vn -0.976621 -2.03113e-17 0.21497 
vn -0.963898 -1.01084e-17 0.266272 
vn -0.994138 -4.10123e-17 0.108119 
vn -1 -6.12323e-17 1.37928e-16 
vn -0.994138 -8.07345e-17 -0.108119 
vn -0.976621 -9.92902e-17 -0.21497 
vn -0.947653 -1.16682e-16 -0.319302 
vn -0.963898 -1.07935e-16 -0.266272 
vn -0.976621 -9.92902e-17 -0.21497 
vn -0.907575 -1.32705e-16 -0.419889 
vn -0.856857 -1.47173e-16 -0.515554 
vn -0.889827 -1.38307e-16 -0.456299 
vn -0.907575 -1.32705e-16 -0.419889 
vn -0.796093 -1.59915e-16 -0.605174 
vn -0.725995 -1.70783e-16 -0.687699 
vn -0.647386 -1.79648e-16 -0.762162 
vn -0.561187 -1.86407e-16 -0.827689 
vn -0.468408 -1.9098e-16 -0.883512 
vn -0.370138 -1.93315e-16 -0.928977 
vn -0.464549 -1.91118e-16 -0.885547 
vn -0.468408 -1.9098e-16 -0.883512 
vn -0.267528 -1.93383e-16 -0.96355 
vn -0.161782 -1.91183e-16 -0.986827 
vn -0.0541389 -1.86743e-16 -0.998533 
vn 0.0541389 -1.80113e-16 -0.998533 
vn 0.161782 -1.71371e-16 -0.986827 
vn 0.267528 -1.6062e-16 -0.96355 
vn 0.370138 -1.47986e-16 -0.928977 
vn 0.468408 -1.33617e-16 -0.883512 
vn 0.561187 -1.17681e-16 -0.827689 
vn 0.647386 -1.00366e-16 -0.762162 
vn 0.725995 -8.18739e-17 -0.687699 
vn 0.796093 -6.24221e-17 -0.605174 
vn 0.856857 -4.22383e-17 -0.515554 
vn 0.907575 -2.15594e-17 -0.419889 
vn 0.889827 -2.93345e-17 -0.456299 
vn 0.947653 -6.27718e-19 -0.319302 
vn 0.976621 2.03113e-17 -0.21497 
vn 0.994138 4.10123e-17 -0.108119 
vn -6.12323e-17 1 -1.83697e-16 
vn 0.994138 8.07345e-17 0.108119 
vn 1 0 4.3054e-16 
vn 0.976621 9.92902e-17 0.21497 
vn 0.994138 8.07345e-17 0.108119 
vn 0.947653 1.16682e-16 0.319302 
vn 0.976621 9.92902e-17 0.21497 
vn 0.907575 1.32705e-16 0.419889 
vn 0.947653 1.16682e-16 0.319302 
vn 0.856857 1.47173e-16 0.515554 
vn 0.907575 1.32705e-16 0.419889 
vn 0.796093 1.59915e-16 0.605174 
vn 0.856857 1.47173e-16 0.515554 
vn 0.725995 1.70783e-16 0.687699 
vn 0.796093 1.59915e-16 0.605174 
vn 0.647386 1.79648e-16 0.762162 
vn 0.725995 1.70783e-16 0.687699 
vn 0.561187 1.86407e-16 0.827689 
vn 0.647386 1.79648e-16 0.762162 
vn 0.468408 1.9098e-16 0.883512 
vn 0.561187 1.86407e-16 0.827689 
vn 0.370138 1.93315e-16 0.928977 
vn 0.468408 1.9098e-16 0.883512 
vn 0.267528 1.93383e-16 0.96355 
vn 0.370138 1.93315e-16 0.928977 
vn 0.161782 1.91183e-16 0.986827 
vn 0.267528 1.93383e-16 0.96355 
vn 0.0541389 1.86743e-16 0.998533 
vn 0.161782 1.91183e-16 0.986827 
vn -0.0541389 1.80113e-16 0.998533 
vn 0.0541389 1.86743e-16 0.998533 
vn -0.161782 1.71371e-16 0.986827 
vn -0.0541389 1.80113e-16 0.998533 
vn -0.267528 1.6062e-16 0.96355 
vn -0.161782 1.71371e-16 0.986827 
vn -0.370138 1.47986e-16 0.928977 
vn -0.267528 1.6062e-16 0.96355 
vn -0.468408 1.33617e-16 0.883512 
vn -0.370138 1.47986e-16 0.928977 
vn -0.561187 1.17681e-16 0.827689 
vn -0.468408 1.33617e-16 0.883512 
vn -0.647386 1.00366e-16 0.762162 
vn -0.561187 1.17681e-16 0.827689 
vn -0.725995 8.18739e-17 0.687699 
vn -0.647386 1.00366e-16 0.762162 
vn -0.796093 6.24221e-17 0.605174 
vn -0.725995 8.18739e-17 0.687699 
vn -0.856857 4.22383e-17 0.515554 
vn -0.796093 6.24221e-17 0.605174 
vn -0.907575 2.15594e-17 0.419889 
vn -0.856857 4.22383e-17 0.515554 
vn -0.947653 6.27718e-19 0.319302 
vn -0.907575 2.15594e-17 0.419889 
vn -0.976621 -2.03113e-17 0.21497 
vn -0.947653 6.27718e-19 0.319302 
vn -0.994138 -4.10123e-17 0.108119 
vn -0.976621 -2.03113e-17 0.21497 
vn -1 -6.12323e-17 -3.06162e-16 
vn -0.994138 -4.10123e-17 0.108119 
vn -0.994138 -8.07345e-17 -0.108119 
vn -1 0 6.31459e-16 
vn -0.976621 -9.92902e-17 -0.21497 
vn -0.994138 -8.07345e-17 -0.108119 
vn -0.947653 -1.16682e-16 -0.319302 
vn -0.976621 -9.92902e-17 -0.21497 
vn -0.907575 -1.32705e-16 -0.419889 
vn -0.947653 -1.16682e-16 -0.319302 
vn -0.856857 -1.47173e-16 -0.515554 
vn -0.907575 -1.32705e-16 -0.419889 
vn -0.796093 -1.59915e-16 -0.605174 
vn -0.856857 -1.47173e-16 -0.515554 
vn -0.725995 -1.70783e-16 -0.687699 
vn -0.796093 -1.59915e-16 -0.605174 
vn -0.647386 -1.79648e-16 -0.762162 
vn -0.725995 -1.70783e-16 -0.687699 
vn -0.561187 -1.86407e-16 -0.827689 
vn -0.647386 -1.79648e-16 -0.762162 
vn -0.468408 -1.9098e-16 -0.883512 
vn -0.561187 -1.86407e-16 -0.827689 
vn -0.370138 -1.93315e-16 -0.928977 
vn -0.468408 -1.9098e-16 -0.883512 
vn -0.267528 -1.93383e-16 -0.96355 
vn -0.370138 -1.93315e-16 -0.928977 
vn -0.161782 -1.91183e-16 -0.986827 
vn -0.267528 -1.93383e-16 -0.96355 
vn -0.0541389 -1.86743e-16 -0.998533 
vn -0.161782 -1.91183e-16 -0.986827 
vn 0.0541389 -1.80113e-16 -0.998533 
vn -0.0541389 -1.86743e-16 -0.998533 
vn 0.161782 -1.71371e-16 -0.986827 
vn 0.0541389 -1.80113e-16 -0.998533 
vn 0.267528 -1.6062e-16 -0.96355 
vn 0.161782 -1.71371e-16 -0.986827 
vn 0.370138 -1.47986e-16 -0.928977 
vn 0.267528 -1.6062e-16 -0.96355 
vn 0.468408 -1.33617e-16 -0.883512 
vn 0.370138 -1.47986e-16 -0.928977 
vn 0.561187 -1.17681e-16 -0.827689 
vn 0.468408 -1.33617e-16 -0.883512 
vn 0.647386 -1.00366e-16 -0.762162 
vn 0.561187 -1.17681e-16 -0.827689 
vn 0.725995 -8.18739e-17 -0.687699 
vn 0.647386 -1.00366e-16 -0.762162 
vn 0.796093 -6.24221e-17 -0.605174 
vn 0.725995 -8.18739e-17 -0.687699 
vn 0.856857 -4.22383e-17 -0.515554 
vn 0.796093 -6.24221e-17 -0.605174 
vn 0.907575 -2.15594e-17 -0.419889 
vn 0.856857 -4.22383e-17 -0.515554 
vn 0.947653 -6.27718e-19 -0.319302 
vn 0.907575 -2.15594e-17 -0.419889 
vn 0.976621 2.03113e-17 -0.21497 
vn 0.947653 -6.27718e-19 -0.319302 
vn 0.994138 4.10123e-17 -0.108119 
vn 0.976621 2.03113e-17 -0.21497 
vn 0.994138 8.07345e-17 0.108119 
vn 1 6.12323e-17 -1.12482e-32 
vn 0.976621 9.92902e-17 0.21497 
vn 0.994138 8.07345e-17 0.108119 
vn 0.947653 1.16682e-16 0.319302 
vn 0.976621 9.92902e-17 0.21497 
vn 0.907575 1.32705e-16 0.419889 
vn 0.947653 1.16682e-16 0.319302 
vn 0.856857 1.47173e-16 0.515554 
vn 0.907575 1.32705e-16 0.419889 
vn 0.796093 1.59915e-16 0.605174 
vn 0.816563 1.5604e-16 0.577257 
vn 0.725995 1.70783e-16 0.687699 
vn 0.647386 1.79648e-16 0.762162 
vn 0.561187 1.86407e-16 0.827689 
vn 0.468408 1.9098e-16 0.883512 
vn 0.370138 1.93315e-16 0.928977 
vn 0.267528 1.93383e-16 0.96355 
vn 0.161782 1.91183e-16 0.986827 
vn 0.0541389 1.86743e-16 0.998533 
vn -0.0541389 1.80113e-16 0.998533 
vn -0.161782 1.71371e-16 0.986827 
vn -0.267528 1.6062e-16 0.96355 
vn -0.370138 1.47986e-16 0.928977 
vn -0.468408 1.33617e-16 0.883512 
vn -0.561187 1.17681e-16 0.827689 
vn -0.647386 1.00366e-16 0.762162 
vn -0.725995 8.18739e-17 0.687699 
vn -0.796093 6.24221e-17 0.605174 
vn -0.856857 4.22383e-17 0.515554 
vn -0.816563 5.60403e-17 0.577257 
vn -0.796093 6.24221e-17 0.605174 
vn -0.907575 2.15594e-17 0.419889 
vn -0.947653 6.27718e-19 0.319302 
vn -0.976621 -2.03113e-17 0.21497 
vn -0.994138 -4.10123e-17 0.108119 
vn -1 -6.12323e-17 1.37928e-16 
vn -0.994138 -8.07345e-17 -0.108119 
vn -0.976621 -9.92902e-17 -0.21497 
vn -0.947653 -1.16682e-16 -0.319302 
vn -0.907575 -1.32705e-16 -0.419889 
vn -0.856857 -1.47173e-16 -0.515554 
vn -0.796093 -1.59915e-16 -0.605174 
vn -0.725995 -1.70783e-16 -0.687699 
vn -0.647386 -1.79648e-16 -0.762162 
vn -0.561187 -1.86407e-16 -0.827689 
vn -0.468408 -1.9098e-16 -0.883512 
vn -0.370138 -1.93315e-16 -0.928977 
vn -0.267528 -1.93383e-16 -0.96355 
vn -0.161782 -1.91183e-16 -0.986827 
vn -0.0541389 -1.86743e-16 -0.998533 
vn 0.0541389 -1.80113e-16 -0.998533 
vn 0.161782 -1.71371e-16 -0.986827 
vn 0.267528 -1.6062e-16 -0.96355 
vn 0.370138 -1.47986e-16 -0.928977 
vn 0.468408 -1.33617e-16 -0.883512 
vn 0.561187 -1.17681e-16 -0.827689 
vn 0.647386 -1.00366e-16 -0.762162 
vn 0.725995 -8.18739e-17 -0.687699 
vn 0.796093 -6.24221e-17 -0.605174 
vn 0.856857 -4.22383e-17 -0.515554 
vn 0.907575 -2.15594e-17 -0.419889 
vn 0.947653 -6.27718e-19 -0.319302 
vn 0.976621 2.03113e-17 -0.21497 
vn 0.994138 4.10123e-17 -0.108119 
vn -6.12323e-17 1 -1.83697e-16 
vn 0.994138 8.07345e-17 0.108119 
vn 1 0 4.3054e-16 
vn 0.976621 9.92902e-17 0.21497 
vn 0.994138 8.07345e-17 0.108119 
vn 0.947653 1.16682e-16 0.319302 
vn 0.976621 9.92902e-17 0.21497 
vn 0.907575 1.32705e-16 0.419889 
vn 0.947653 1.16682e-16 0.319302 
vn 0.856857 1.47173e-16 0.515554 
vn 0.907575 1.32705e-16 0.419889 
vn 0.796093 1.59915e-16 0.605174 
vn 0.856857 1.47173e-16 0.515554 
vn 0.725995 1.70783e-16 0.687699 
vn 0.796093 1.59915e-16 0.605174 
vn 0.647386 1.79648e-16 0.762162 
vn 0.725995 1.70783e-16 0.687699 
vn 0.561187 1.86407e-16 0.827689 
vn 0.647386 1.79648e-16 0.762162 
vn 0.468408 1.9098e-16 0.883512 
vn 0.561187 1.86407e-16 0.827689 
vn 0.370138 1.93315e-16 0.928977 
vn 0.468408 1.9098e-16 0.883512 
vn 0.267528 1.93383e-16 0.96355 
vn 0.370138 1.93315e-16 0.928977 
vn 0.161782 1.91183e-16 0.986827 
vn 0.267528 1.93383e-16 0.96355 
vn 0.0541389 1.86743e-16 0.998533 
vn 0.161782 1.91183e-16 0.986827 
vn -0.0541389 1.80113e-16 0.998533 
vn 0.0541389 1.86743e-16 0.998533 
vn -0.161782 1.71371e-16 0.986827 
vn -0.0541389 1.80113e-16 0.998533 
vn -0.267528 1.6062e-16 0.96355 
vn -0.161782 1.71371e-16 0.986827 
vn -0.370138 1.47986e-16 0.928977 
vn -0.267528 1.6062e-16 0.96355 
vn -0.468408 1.33617e-16 0.883512 
vn -0.370138 1.47986e-16 0.928977 
vn -0.561187 1.17681e-16 0.827689 
vn -0.468408 1.33617e-16 0.883512 
vn -0.647386 1.00366e-16 0.762162 
vn -0.561187 1.17681e-16 0.827689 
vn -0.725995 8.18739e-17 0.687699 
vn -0.647386 1.00366e-16 0.762162 
vn -0.796093 6.24221e-17 0.605174 
vn -0.725995 8.18739e-17 0.687699 
vn -0.856857 4.22383e-17 0.515554 
vn -0.796093 6.24221e-17 0.605174 
vn -0.907575 2.15594e-17 0.419889 
vn -0.856857 4.22383e-17 0.515554 
vn -0.947653 6.27718e-19 0.319302 
vn -0.907575 2.15594e-17 0.419889 
vn -0.976621 -2.03113e-17 0.21497 
vn -0.947653 6.27718e-19 0.319302 
vn -0.994138 -4.10123e-17 0.108119 
vn -0.976621 -2.03113e-17 0.21497 
vn -1 -6.12323e-17 -3.06162e-16 
vn -0.994138 -4.10123e-17 0.108119 
vn -0.994138 -8.07345e-17 -0.108119 
vn -1 0 6.31459e-16 
vn -0.976621 -9.92902e-17 -0.21497 
vn -0.994138 -8.07345e-17 -0.108119 
vn -0.947653 -1.16682e-16 -0.319302 
vn -0.976621 -9.92902e-17 -0.21497 
vn -0.907575 -1.32705e-16 -0.419889 
vn -0.947653 -1.16682e-16 -0.319302 
vn -0.856857 -1.47173e-16 -0.515554 
vn -0.907575 -1.32705e-16 -0.419889 
vn -0.796093 -1.59915e-16 -0.605174 
vn -0.856857 -1.47173e-16 -0.515554 
vn -0.725995 -1.70783e-16 -0.687699 
vn -0.796093 -1.59915e-16 -0.605174 
vn -0.647386 -1.79648e-16 -0.762162 
vn -0.725995 -1.70783e-16 -0.687699 
vn -0.561187 -1.86407e-16 -0.827689 
vn -0.647386 -1.79648e-16 -0.762162 
vn -0.468408 -1.9098e-16 -0.883512 
vn -0.561187 -1.86407e-16 -0.827689 
vn -0.370138 -1.93315e-16 -0.928977 
vn -0.468408 -1.9098e-16 -0.883512 
vn -0.267528 -1.93383e-16 -0.96355 
vn -0.370138 -1.93315e-16 -0.928977 
vn -0.161782 -1.91183e-16 -0.986827 
vn -0.267528 -1.93383e-16 -0.96355 
vn -0.0541389 -1.86743e-16 -0.998533 
vn -0.161782 -1.91183e-16 -0.986827 
vn 0.0541389 -1.80113e-16 -0.998533 
vn -0.0541389 -1.86743e-16 -0.998533 
vn 0.161782 -1.71371e-16 -0.986827 
vn 0.0541389 -1.80113e-16 -0.998533 
vn 0.267528 -1.6062e-16 -0.96355 
vn 0.161782 -1.71371e-16 -0.986827 
vn 0.370138 -1.47986e-16 -0.928977 
vn 0.267528 -1.6062e-16 -0.96355 
vn 0.468408 -1.33617e-16 -0.883512 
vn 0.370138 -1.47986e-16 -0.928977 
vn 0.561187 -1.17681e-16 -0.827689 
vn 0.468408 -1.33617e-16 -0.883512 
vn 0.647386 -1.00366e-16 -0.762162 
vn 0.561187 -1.17681e-16 -0.827689 
vn 0.725995 -8.18739e-17 -0.687699 
vn 0.647386 -1.00366e-16 -0.762162 
vn 0.796093 -6.24221e-17 -0.605174 
vn 0.725995 -8.18739e-17 -0.687699 
vn 0.856857 -4.22383e-17 -0.515554 
vn 0.796093 -6.24221e-17 -0.605174 
vn 0.907575 -2.15594e-17 -0.419889 
vn 0.856857 -4.22383e-17 -0.515554 
vn 0.947653 -6.27718e-19 -0.319302 
vn 0.907575 -2.15594e-17 -0.419889 
vn 0.976621 2.03113e-17 -0.21497 
vn 0.947653 -6.27718e-19 -0.319302 
vn 0.994138 4.10123e-17 -0.108119 
vn 0.976621 2.03113e-17 -0.21497 
vn -0.994138 -4.10123e-17 0.108119 
vn -1 -6.12323e-17 1.12482e-32 
vn -0.976621 -2.03113e-17 0.21497 
vn -0.994138 -4.10123e-17 0.108119 
vn -0.947653 6.27718e-19 0.319302 
vn -0.976621 -2.03113e-17 0.21497 
vn -0.907575 2.15594e-17 0.419889 
vn -0.947653 6.27718e-19 0.319302 
vn -0.856857 4.22383e-17 0.515554 
vn -0.907575 2.15594e-17 0.419889 
vn -0.796093 6.24221e-17 0.605174 
vn -0.856857 4.22383e-17 0.515554 
vn -0.725995 8.18739e-17 0.687699 
vn -0.796093 6.24221e-17 0.605174 
vn -0.647386 1.00366e-16 0.762162 
vn -0.725995 8.18739e-17 0.687699 
vn -0.561187 1.17681e-16 0.827689 
vn -0.647386 1.00366e-16 0.762162 
vn -0.468408 1.33617e-16 0.883512 
vn -0.561187 1.17681e-16 0.827689 
vn -0.370138 1.47986e-16 0.928977 
vn -0.468408 1.33617e-16 0.883512 
vn -0.267528 1.6062e-16 0.96355 
vn -0.370138 1.47986e-16 0.928977 
vn -0.161782 1.71371e-16 0.986827 
vn -0.22032 3.46945e-16 0.975428 
vn -0.267528 1.6062e-16 0.96355 
vn -0.0541389 1.80113e-16 0.998533 
vn -0.161782 1.71371e-16 0.986827 
vn 0.0541389 1.86743e-16 0.998533 
vn -0.0541389 1.80113e-16 0.998533 
vn 0.161782 1.91183e-16 0.986827 
vn 0.0541389 1.86743e-16 0.998533 
vn 0.267528 1.93383e-16 0.96355 
vn 0.161782 1.91183e-16 0.986827 
vn 0.370138 1.93315e-16 0.928977 
vn 0.267528 1.93383e-16 0.96355 
vn 0.468408 1.9098e-16 0.883512 
vn 0.370138 1.93315e-16 0.928977 
vn 0.561187 1.86407e-16 0.827689 
vn 0.468408 1.9098e-16 0.883512 
vn 0.647386 1.79648e-16 0.762162 
vn 0.561187 1.86407e-16 0.827689 
vn 0.725995 1.70783e-16 0.687699 
vn 0.647386 1.79648e-16 0.762162 
vn 0.796093 1.59915e-16 0.605174 
vn 0.725995 1.70783e-16 0.687699 
vn 0.856857 1.47173e-16 0.515554 
vn 0.796093 1.59915e-16 0.605174 
vn 0.907575 1.32705e-16 0.419889 
vn 0.856857 1.47173e-16 0.515554 
vn 0.947653 1.16682e-16 0.319302 
vn 0.907575 1.32705e-16 0.419889 
vn 0.976621 9.92902e-17 0.21497 
vn 0.947653 1.16682e-16 0.319302 
vn 0.994138 8.07345e-17 0.108119 
vn 0.976621 9.92902e-17 0.21497 
vn 1 6.12323e-17 6.12323e-17 
vn 0.994138 8.07345e-17 0.108119 
vn 0.994138 4.10123e-17 -0.108119 
vn 1 0 -3.4829e-16 
vn 0.976621 2.03113e-17 -0.21497 
vn 0.994138 4.10123e-17 -0.108119 
vn 0.947653 -6.27718e-19 -0.319302 
vn 0.976621 2.03113e-17 -0.21497 
vn 0.907575 -2.15594e-17 -0.419889 
vn 0.947653 -6.27718e-19 -0.319302 
vn 0.856857 -4.22383e-17 -0.515554 
vn 0.907575 -2.15594e-17 -0.419889 
vn 0.796093 -6.24221e-17 -0.605174 
vn 0.856857 -4.22383e-17 -0.515554 
vn 0.725995 -8.18739e-17 -0.687699 
vn 0.796093 -6.24221e-17 -0.605174 
vn 0.647386 -1.00366e-16 -0.762162 
vn 0.725995 -8.18739e-17 -0.687699 
vn 0.561187 -1.17681e-16 -0.827689 
vn 0.647386 -1.00366e-16 -0.762162 
vn 0.468408 -1.33617e-16 -0.883512 
vn 0.561187 -1.17681e-16 -0.827689 
vn 0.370138 -1.47986e-16 -0.928977 
vn 0.468408 -1.33617e-16 -0.883512 
vn 0.267528 -1.6062e-16 -0.96355 
vn 0.370138 -1.47986e-16 -0.928977 
vn 0.161782 -1.71371e-16 -0.986827 
vn 0.267528 -1.6062e-16 -0.96355 
vn 0.0541389 -1.80113e-16 -0.998533 
vn 0.161782 -1.71371e-16 -0.986827 
vn -0.0541389 -1.86743e-16 -0.998533 
vn 0.0541389 -1.80113e-16 -0.998533 
vn -0.161782 -1.91183e-16 -0.986827 
vn -0.0541389 -1.86743e-16 -0.998533 
vn -0.22032 -3.46945e-16 -0.975428 
vn -0.267528 -1.93383e-16 -0.96355 
vn -0.370138 -1.93315e-16 -0.928977 
vn -0.468408 -1.9098e-16 -0.883512 
vn -0.561187 -1.86407e-16 -0.827689 
vn -0.647386 -1.79648e-16 -0.762162 
vn -0.725995 -1.70783e-16 -0.687699 
vn -0.796093 -1.59915e-16 -0.605174 
vn -0.856857 -1.47173e-16 -0.515554 
vn -0.907575 -1.32705e-16 -0.419889 
vn -0.947653 -1.16682e-16 -0.319302 
vn -0.976621 -9.92902e-17 -0.21497 
vn -0.994138 -8.07345e-17 -0.108119 
vn 6.12323e-17 -1 1.83697e-16 
vn -1 -6.12323e-17 -1.83697e-16 
vn -0.994138 -4.10123e-17 0.108119 
vn -0.976621 -2.03113e-17 0.21497 
vn -0.947653 6.27718e-19 0.319302 
vn -0.907575 2.15594e-17 0.419889 
vn -0.856857 4.22383e-17 0.515554 
vn -0.796093 6.24221e-17 0.605174 
vn -0.725995 8.18739e-17 0.687699 
vn -0.647386 1.00366e-16 0.762162 
vn -0.561187 1.17681e-16 0.827689 
vn -0.468408 1.33617e-16 0.883512 
vn -0.370138 1.47986e-16 0.928977 
vn -0.267528 1.6062e-16 0.96355 
vn -0.161782 1.71371e-16 0.986827 
vn -0.0541389 1.80113e-16 0.998533 
vn 0.0541389 1.86743e-16 0.998533 
vn 0.161782 1.91183e-16 0.986827 
vn 0.267528 1.93383e-16 0.96355 
vn 0.370138 1.93315e-16 0.928977 
vn 0.468408 1.9098e-16 0.883512 
vn 0.561187 1.86407e-16 0.827689 
vn 0.647386 1.79648e-16 0.762162 
vn 0.725995 1.70783e-16 0.687699 
vn 0.796093 1.59915e-16 0.605174 
vn 0.856857 1.47173e-16 0.515554 
vn 0.907575 1.32705e-16 0.419889 
vn 0.947653 1.16682e-16 0.319302 
vn 0.976621 9.92902e-17 0.21497 
vn 0.994138 8.07345e-17 0.108119 
vn 1 6.12323e-17 4.13029e-16 
vn 0.994138 4.10123e-17 -0.108119 
vn 0.976621 2.03113e-17 -0.21497 
vn 0.947653 -6.27718e-19 -0.319302 
vn 0.907575 -2.15594e-17 -0.419889 
vn 0.856857 -4.22383e-17 -0.515554 
vn 0.796093 -6.24221e-17 -0.605174 
vn 0.725995 -8.18739e-17 -0.687699 
vn 0.647386 -1.00366e-16 -0.762162 
vn 0.561187 -1.17681e-16 -0.827689 
vn 0.468408 -1.33617e-16 -0.883512 
vn 0.370138 -1.47986e-16 -0.928977 
vn 0.267528 -1.6062e-16 -0.96355 
vn 0.161782 -1.71371e-16 -0.986827 
vn 0.0541389 -1.80113e-16 -0.998533 
vn -0.0541389 -1.86743e-16 -0.998533 
vn -0.161782 -1.91183e-16 -0.986827 
vn -0.267528 -1.93383e-16 -0.96355 
vn -0.370138 -1.93315e-16 -0.928977 
vn -0.468408 -1.9098e-16 -0.883512 
vn -0.561187 -1.86407e-16 -0.827689 
vn -0.647386 -1.79648e-16 -0.762162 
vn -0.725995 -1.70783e-16 -0.687699 
vn -0.796093 -1.59915e-16 -0.605174 
vn -0.856857 -1.47173e-16 -0.515554 
vn -0.907575 -1.32705e-16 -0.419889 
vn -0.947653 -1.16682e-16 -0.319302 
vn -0.976621 -9.92902e-17 -0.21497 
vn -0.994138 -8.07345e-17 -0.108119 
vn -0.994138 -4.10123e-17 0.108119 
vn -1 -6.12323e-17 1.12482e-32 
vn -0.976621 -2.03113e-17 0.21497 
vn -0.994138 -4.10123e-17 0.108119 
vn -0.947653 6.27718e-19 0.319302 
vn -0.976621 -2.03113e-17 0.21497 
vn -0.907575 2.15594e-17 0.419889 
vn -0.947653 6.27718e-19 0.319302 
vn -0.856857 4.22383e-17 0.515554 
vn -0.907575 2.15594e-17 0.419889 
vn -0.796093 6.24221e-17 0.605174 
vn -0.856857 4.22383e-17 0.515554 
vn -0.725995 8.18739e-17 0.687699 
vn -0.796093 6.24221e-17 0.605174 
vn -0.647386 1.00366e-16 0.762162 
vn -0.725995 8.18739e-17 0.687699 
vn -0.561187 1.17681e-16 0.827689 
vn -0.647386 1.00366e-16 0.762162 
vn -0.468408 1.33617e-16 0.883512 
vn -0.561187 1.17681e-16 0.827689 
vn -0.370138 1.47986e-16 0.928977 
vn -0.468408 1.33617e-16 0.883512 
vn -0.267528 1.6062e-16 0.96355 
vn -0.370138 1.47986e-16 0.928977 
vn -0.161782 1.71371e-16 0.986827 
vn -0.267528 1.6062e-16 0.96355 
vn -0.0541389 1.80113e-16 0.998533 
vn -0.161782 1.71371e-16 0.986827 
vn 0.0541389 1.86743e-16 0.998533 
vn -0.0541389 1.80113e-16 0.998533 
vn 0.161782 1.91183e-16 0.986827 
vn 0.0541389 1.86743e-16 0.998533 
vn 0.267528 1.93383e-16 0.96355 
vn 0.161782 1.91183e-16 0.986827 
vn 0.370138 1.93315e-16 0.928977 
vn 0.267528 1.93383e-16 0.96355 
vn 0.468408 1.9098e-16 0.883512 
vn 0.370138 1.93315e-16 0.928977 
vn 0.561187 1.86407e-16 0.827689 
vn 0.468408 1.9098e-16 0.883512 
vn 0.647386 1.79648e-16 0.762162 
vn 0.561187 1.86407e-16 0.827689 
vn 0.725995 1.70783e-16 0.687699 
vn 0.647386 1.79648e-16 0.762162 
vn 0.796093 1.59915e-16 0.605174 
vn 0.725995 1.70783e-16 0.687699 
vn 0.856857 1.47173e-16 0.515554 
vn 0.796093 1.59915e-16 0.605174 
vn 0.907575 1.32705e-16 0.419889 
vn 0.856857 1.47173e-16 0.515554 
vn 0.947653 1.16682e-16 0.319302 
vn 0.907575 1.32705e-16 0.419889 
vn 0.976621 9.92902e-17 0.21497 
vn 0.947653 1.16682e-16 0.319302 
vn 0.994138 8.07345e-17 0.108119 
vn 0.976621 9.92902e-17 0.21497 
vn 1 6.12323e-17 6.12323e-17 
vn 0.994138 8.07345e-17 0.108119 
vn 0.994138 4.10123e-17 -0.108119 
vn 1 0 -3.4829e-16 
vn 0.976621 2.03113e-17 -0.21497 
vn 0.994138 4.10123e-17 -0.108119 
vn 0.947653 -6.27718e-19 -0.319302 
vn 0.976621 2.03113e-17 -0.21497 
vn 0.907575 -2.15594e-17 -0.419889 
vn 0.947653 -6.27718e-19 -0.319302 
vn 0.856857 -4.22383e-17 -0.515554 
vn 0.907575 -2.15594e-17 -0.419889 
vn 0.796093 -6.24221e-17 -0.605174 
vn 0.856857 -4.22383e-17 -0.515554 
vn 0.725995 -8.18739e-17 -0.687699 
vn 0.796093 -6.24221e-17 -0.605174 
vn 0.647386 -1.00366e-16 -0.762162 
vn 0.725995 -8.18739e-17 -0.687699 
vn 0.561187 -1.17681e-16 -0.827689 
vn 0.647386 -1.00366e-16 -0.762162 
vn 0.468408 -1.33617e-16 -0.883512 
vn 0.561187 -1.17681e-16 -0.827689 
vn 0.370138 -1.47986e-16 -0.928977 
vn 0.468408 -1.33617e-16 -0.883512 
vn 0.267528 -1.6062e-16 -0.96355 
vn 0.370138 -1.47986e-16 -0.928977 
vn 0.161782 -1.71371e-16 -0.986827 
vn 0.267528 -1.6062e-16 -0.96355 
vn 0.0541389 -1.80113e-16 -0.998533 
vn 0.161782 -1.71371e-16 -0.986827 
vn -0.0541389 -1.86743e-16 -0.998533 
vn 0.0541389 -1.80113e-16 -0.998533 
vn -0.161782 -1.91183e-16 -0.986827 
vn -0.0541389 -1.86743e-16 -0.998533 
vn -0.267528 -1.93383e-16 -0.96355 
vn -0.161782 -1.91183e-16 -0.986827 
vn -0.370138 -1.93315e-16 -0.928977 
vn -0.267528 -1.93383e-16 -0.96355 
vn -0.468408 -1.9098e-16 -0.883512 
vn -0.370138 -1.93315e-16 -0.928977 
vn -0.561187 -1.86407e-16 -0.827689 
vn -0.468408 -1.9098e-16 -0.883512 
vn -0.647386 -1.79648e-16 -0.762162 
vn -0.561187 -1.86407e-16 -0.827689 
vn -0.725995 -1.70783e-16 -0.687699 
vn -0.647386 -1.79648e-16 -0.762162 
vn -0.796093 -1.59915e-16 -0.605174 
vn -0.725995 -1.70783e-16 -0.687699 
vn -0.856857 -1.47173e-16 -0.515554 
vn -0.796093 -1.59915e-16 -0.605174 
vn -0.907575 -1.32705e-16 -0.419889 
vn -0.856857 -1.47173e-16 -0.515554 
vn -0.947653 -1.16682e-16 -0.319302 
vn -0.907575 -1.32705e-16 -0.419889 
vn -0.976621 -9.92902e-17 -0.21497 
vn -0.947653 -1.16682e-16 -0.319302 
vn -0.994138 -8.07345e-17 -0.108119 
vn -0.976621 -9.92902e-17 -0.21497 
vn 6.12323e-17 -1 1.83697e-16 
vn -1 -6.12323e-17 -1.83697e-16 
vn -0.994138 -4.10123e-17 0.108119 
vn -0.976621 -2.03113e-17 0.21497 
vn -0.947653 6.27718e-19 0.319302 
vn -0.907575 2.15594e-17 0.419889 
vn -0.856857 4.22383e-17 0.515554 
vn -0.796093 6.24221e-17 0.605174 
vn -0.725995 8.18739e-17 0.687699 
vn -0.647386 1.00366e-16 0.762162 
vn -0.561187 1.17681e-16 0.827689 
vn -0.468408 1.33617e-16 0.883512 
vn -0.370138 1.47986e-16 0.928977 
vn -0.267528 1.6062e-16 0.96355 
vn -0.161782 1.71371e-16 0.986827 
vn -0.0541389 1.80113e-16 0.998533 
vn 0.0541389 1.86743e-16 0.998533 
vn 0.161782 1.91183e-16 0.986827 
vn 0.267528 1.93383e-16 0.96355 
vn 0.370138 1.93315e-16 0.928977 
vn 0.468408 1.9098e-16 0.883512 
vn 0.561187 1.86407e-16 0.827689 
vn 0.647386 1.79648e-16 0.762162 
vn 0.725995 1.70783e-16 0.687699 
vn 0.796093 1.59915e-16 0.605174 
vn 0.856857 1.47173e-16 0.515554 
vn 0.907575 1.32705e-16 0.419889 
vn 0.947653 1.16682e-16 0.319302 
vn 0.976621 9.92902e-17 0.21497 
vn 0.994138 8.07345e-17 0.108119 
vn 1 6.12323e-17 4.13029e-16 
vn 0.994138 4.10123e-17 -0.108119 
vn 0.976621 2.03113e-17 -0.21497 
vn 0.947653 -6.27718e-19 -0.319302 
vn 0.907575 -2.15594e-17 -0.419889 
vn 0.856857 -4.22383e-17 -0.515554 
vn 0.796093 -6.24221e-17 -0.605174 
vn 0.725995 -8.18739e-17 -0.687699 
vn 0.647386 -1.00366e-16 -0.762162 
vn 0.561187 -1.17681e-16 -0.827689 
vn 0.468408 -1.33617e-16 -0.883512 
vn 0.370138 -1.47986e-16 -0.928977 
vn 0.267528 -1.6062e-16 -0.96355 
vn 0.161782 -1.71371e-16 -0.986827 
vn 0.0541389 -1.80113e-16 -0.998533 
vn -0.0541389 -1.86743e-16 -0.998533 
vn -0.161782 -1.91183e-16 -0.986827 
vn -0.267528 -1.93383e-16 -0.96355 
vn -0.370138 -1.93315e-16 -0.928977 
vn -0.468408 -1.9098e-16 -0.883512 
vn -0.561187 -1.86407e-16 -0.827689 
vn -0.647386 -1.79648e-16 -0.762162 
vn -0.725995 -1.70783e-16 -0.687699 
vn -0.796093 -1.59915e-16 -0.605174 
vn -0.856857 -1.47173e-16 -0.515554 
vn -0.907575 -1.32705e-16 -0.419889 
vn -0.947653 -1.16682e-16 -0.319302 
vn -0.976621 -9.92902e-17 -0.21497 
vn -0.994138 -8.07345e-17 -0.108119 
vn 0.707107 0.707107 2.46519e-32 
vn 0.702962 0.707107 -0.0764517 
vn 0.690575 0.707107 -0.152007 
vn 0.670092 0.707107 -0.22578 
vn 0.641753 0.707107 -0.296906 
vn 0.60589 0.707107 -0.364552 
vn 0.562923 0.707107 -0.427923 
vn 0.513356 0.707107 -0.486277 
vn 0.457771 0.707107 -0.53893 
vn 0.396819 0.707107 -0.585265 
vn 0.331215 0.707107 -0.624737 
vn 0.261727 0.707107 -0.656886 
vn 0.189171 0.707107 -0.681333 
vn 0.114397 0.707107 -0.697792 
vn 0.038282 0.707107 -0.70607 
vn -0.038282 0.707107 -0.70607 
vn -0.114397 0.707107 -0.697792 
vn -0.189171 0.707107 -0.681333 
vn -0.261727 0.707107 -0.656886 
vn -0.331215 0.707107 -0.624737 
vn -0.396819 0.707107 -0.585265 
vn -0.457771 0.707107 -0.53893 
vn -0.513356 0.707107 -0.486277 
vn -0.562923 0.707107 -0.427923 
vn -0.60589 0.707107 -0.364552 
vn -0.641753 0.707107 -0.296906 
vn -0.670092 0.707107 -0.22578 
vn -0.690575 0.707107 -0.152007 
vn -0.702962 0.707107 -0.0764517 
vn -0.707107 0.707107 -1.12591e-16 
vn -0.702962 0.707107 0.0764517 
vn -0.690575 0.707107 0.152007 
vn -0.670092 0.707107 0.22578 
vn -0.641753 0.707107 0.296906 
vn -0.60589 0.707107 0.364552 
vn -0.562923 0.707107 0.427923 
vn -0.513356 0.707107 0.486277 
vn -0.457771 0.707107 0.53893 
vn -0.396819 0.707107 0.585265 
vn -0.331215 0.707107 0.624737 
vn -0.261727 0.707107 0.656886 
vn -0.189171 0.707107 0.681333 
vn -0.114397 0.707107 0.697792 
vn -0.038282 0.707107 0.70607 
vn 0.038282 0.707107 0.70607 
vn 0.114397 0.707107 0.697792 
vn 0.189171 0.707107 0.681333 
vn 0.261727 0.707107 0.656886 
vn 0.331215 0.707107 0.624737 
vn 0.396819 0.707107 0.585265 
vn 0.457771 0.707107 0.53893 
vn 0.513356 0.707107 0.486277 
vn 0.562923 0.707107 0.427923 
vn 0.60589 0.707107 0.364552 
vn 0.641753 0.707107 0.296906 
vn 0.670092 0.707107 0.22578 
vn 0.690575 0.707107 0.152007 
vn 0.702962 0.707107 0.0764517 
vn 0.707107 0.707107 2.46519e-32 
vn -6.12323e-17 1 -1.83697e-16 
vn -1 -9.25186e-17 -1.83697e-16 
vn -0.994138 -4.10123e-17 0.108119 
vn -0.976621 -2.03113e-17 0.21497 
vn -0.947653 6.27718e-19 0.319302 
vn -0.907575 2.15594e-17 0.419889 
vn -0.856857 4.22383e-17 0.515554 
vn -0.796093 6.24221e-17 0.605174 
vn -0.725995 8.18739e-17 0.687699 
vn -0.647386 1.00366e-16 0.762162 
vn -0.561187 1.17681e-16 0.827689 
vn -0.468408 1.33617e-16 0.883512 
vn 0.468408 1.9098e-16 0.883512 
vn 0.561187 1.86407e-16 0.827689 
vn 0.647386 1.79648e-16 0.762162 
vn 0.725995 1.70783e-16 0.687699 
vn 0.796093 1.59915e-16 0.605174 
vn 0.856857 1.47173e-16 0.515554 
vn 0.907575 1.32705e-16 0.419889 
vn 0.947653 1.16682e-16 0.319302 
vn 0.976621 9.92902e-17 0.21497 
vn 0.994138 8.07345e-17 0.108119 
vn 1 6.12323e-17 -1.37928e-16 
vn 0.994138 4.10123e-17 -0.108119 
vn 0.976621 2.03113e-17 -0.21497 
vn 0.947653 -6.27718e-19 -0.319302 
vn 0.907575 -2.15594e-17 -0.419889 
vn 0.856857 -4.22383e-17 -0.515554 
vn 0.796093 -6.24221e-17 -0.605174 
vn 0.725995 -8.18739e-17 -0.687699 
vn 0.647386 -1.00366e-16 -0.762162 
vn 0.561187 -1.17681e-16 -0.827689 
vn 0.468408 -1.33617e-16 -0.883512 
vn 0.370138 -1.47986e-16 -0.928977 
vn 0.267528 -1.6062e-16 -0.96355 
vn 0.161782 -1.71371e-16 -0.986827 
vn 0.0541389 -1.80113e-16 -0.998533 
vn -0.0541389 -1.86743e-16 -0.998533 
vn -0.161782 -1.91183e-16 -0.986827 
vn -0.267528 -1.93383e-16 -0.96355 
vn -0.370138 -1.93315e-16 -0.928977 
vn -0.468408 -1.9098e-16 -0.883512 
vn -0.561187 -1.86407e-16 -0.827689 
vn -0.647386 -1.79648e-16 -0.762162 
vn -0.725995 -1.70783e-16 -0.687699 
vn -0.796093 -1.59915e-16 -0.605174 
vn -0.856857 -1.47173e-16 -0.515554 
vn -0.907575 -1.32705e-16 -0.419889 
vn -0.947653 -1.16682e-16 -0.319302 
vn -0.976621 -9.92902e-17 -0.21497 
vn -0.994138 -8.07345e-17 -0.108119 
vn -0.370138 1.47986e-16 0.928977 
vn -0.468408 1.33617e-16 0.883512 
vn -0.43887 1.38778e-16 0.898551 
vn -0.370138 1.85037e-16 0.928977 
vn -0.267528 1.85037e-16 0.96355 
vn -0.161782 1.85037e-16 0.986827 
vn -0.0541389 1.85037e-16 0.998533 
vn 0.0541389 1.85037e-16 0.998533 
vn 0.161782 1.85037e-16 0.986827 
vn 0.267528 1.85037e-16 0.96355 
vn 0.370138 1.85037e-16 0.928977 
vn 0.43887 2.31296e-16 0.898551 
vn -0.0907431 1.77383e-16 0.995874 
vn 1.02054e-17 1.807e-16 1 
vn -0.0452056 0 0.998978 
vn -0.180737 1.69605e-16 0.983531 
vn -0.0907431 0 0.995874 
vn -0.135572 0 0.990767 
vn -0.26924 1.60427e-16 0.963073 
vn -0.180737 0 0.983531 
vn -0.225201 0 0.974312 
vn -0.355522 1.49926e-16 0.934668 
vn -0.26924 0 0.963073 
vn -0.3126 0 0.949885 
vn -0.43887 1.4456e-16 0.898551 
vn -0.355522 0 0.934668 
vn -0.397418 0 0.917638 
vn -0.43887 0 0.898551 
vn -0.261727 -0.707107 0.656886 
vn -0.189171 -0.707107 0.681333 
vn -0.114397 -0.707107 0.697792 
vn -0.038282 -0.707107 0.70607 
vn 0.038282 -0.707107 0.70607 
vn 0.114397 -0.707107 0.697792 
vn 0.189171 -0.707107 0.681333 
vn 0.261727 -0.707107 0.656886 
vn 0.278916 -0.707107 0.649774 
vn 0.287657 -0.707107 0.645951 
vn 0.289827 -0.707107 0.644981 
vn 0.292042 -0.707107 0.643981 
vn 0.294264 -0.707107 0.642969 
vn 0.296533 -0.707107 0.641926 
vn 0.298791 -0.707107 0.640878 
vn 0.301097 -0.707107 0.639797 
vn 0.303396 -0.707107 0.638711 
vn 0.305706 -0.707107 0.637608 
vn 0.30801 -0.707107 0.636498 
vn -0.287657 -0.707107 0.645951 
vn -0.278916 -0.707107 0.649774 
vn -0.289825 -0.707107 0.644982 
vn -0.292042 -0.707107 0.643981 
vn -0.294261 -0.707107 0.64297 
vn -0.296533 -0.707107 0.641926 
vn -0.298806 -0.707107 0.64087 
vn -0.301097 -0.707107 0.639797 
vn -0.303392 -0.707107 0.638712 
vn -0.310328 -0.707107 0.635371 
vn -0.308006 -0.707107 0.6365 
vn -0.305706 -0.707107 0.637608 
vn 0.310328 -0.707107 0.635371 
vn 0.43887 2.1684e-16 0.898551 
vn 0.397477 0 0.917612 
vn 0.355522 0 0.934668 
vn 0.43887 0 0.898551 
vn 0.31266 0 0.949865 
vn 0.26924 0 0.963073 
vn 0.224897 0 0.974382 
vn 0.180737 0 0.983531 
vn 0.135627 0 0.99076 
vn 0.0907431 0 0.995874 
vn 0.0452583 0 0.998975 
vn 2.58175e-16 0 1 
vn 0.310328 -0.707107 0.635371 
vn 0.331215 -0.707107 0.624737 
vn 0.396819 -0.707107 0.585265 
vn 0.457771 -0.707107 0.53893 
vn 0.513356 -0.707107 0.486277 
vn 0.562923 -0.707107 0.427923 
vn 0.60589 -0.707107 0.364552 
vn 0.641753 -0.707107 0.296906 
vn 0.670092 -0.707107 0.22578 
vn 0.690575 -0.707107 0.152007 
vn 0.702962 -0.707107 0.0764517 
vn 0.707107 -0.707107 3.46382e-16 
vn 0.702962 -0.707107 -0.0764517 
vn 0.690575 -0.707107 -0.152007 
vn 0.670092 -0.707107 -0.22578 
vn 0.641753 -0.707107 -0.296906 
vn 0.60589 -0.707107 -0.364552 
vn 0.562923 -0.707107 -0.427923 
vn 0.513356 -0.707107 -0.486277 
vn 0.457771 -0.707107 -0.53893 
vn 0.396819 -0.707107 -0.585265 
vn 0.331215 -0.707107 -0.624737 
vn 0.261727 -0.707107 -0.656886 
vn 0.189171 -0.707107 -0.681333 
vn 0.114397 -0.707107 -0.697792 
vn 0.038282 -0.707107 -0.70607 
vn -0.038282 -0.707107 -0.70607 
vn -0.114397 -0.707107 -0.697792 
vn -0.189171 -0.707107 -0.681333 
vn -0.261727 -0.707107 -0.656886 
vn -0.331215 -0.707107 -0.624737 
vn -0.396819 -0.707107 -0.585265 
vn -0.457771 -0.707107 -0.53893 
vn -0.513356 -0.707107 -0.486277 
vn -0.562923 -0.707107 -0.427923 
vn -0.60589 -0.707107 -0.364552 
vn -0.641753 -0.707107 -0.296906 
vn -0.670092 -0.707107 -0.22578 
vn -0.690575 -0.707107 -0.152007 
vn -0.702962 -0.707107 -0.0764517 
vn -0.707107 -0.707107 -1.73191e-16 
vn -0.702962 -0.707107 0.0764517 
vn -0.690575 -0.707107 0.152007 
vn -0.670092 -0.707107 0.22578 
vn -0.641753 -0.707107 0.296906 
vn -0.60589 -0.707107 0.364552 
vn -0.562923 -0.707107 0.427923 
vn -0.513356 -0.707107 0.486277 
vn -0.457771 -0.707107 0.53893 
vn -0.396819 -0.707107 0.585265 
vn -0.331215 -0.707107 0.624737 
vn -0.310328 -0.707107 0.635371 
vn 5.05141e-17 -0.707107 0.707107 
vn 0.064165 -0.707107 0.704189 
vn 0.127801 -0.707107 0.695462 
vn 0.190382 -0.707107 0.680995 
vn 0.251392 -0.707107 0.66091 
vn 0.310328 -0.707107 0.635371 
vn -8.65956e-17 -0.707107 0.707107 
vn -0.310328 -0.707107 0.635371 
vn -0.251392 -0.707107 0.66091 
vn -0.190382 -0.707107 0.680995 
vn -0.127801 -0.707107 0.695462 
vn -0.064165 -0.707107 0.704189 
vn 4.32978e-17 -0.707107 0.707107 
vn -1.83697e-16 1.83697e-16 1 
vn -0.643473 -0.707107 0.293159 
vn -0.609586 -0.707107 0.358337 
vn -0.569119 -0.707107 0.419648 
vn -0.522509 -0.707107 0.476429 
vn -0.47026 -0.707107 0.528068 
vn -0.412935 -0.707107 0.574008 
vn -0.351153 -0.707107 0.613752 
vn -0.285582 -0.707107 0.646872 
vn -0.216928 -0.707107 0.67301 
vn -0.145933 -0.707107 0.691884 
vn -0.0733622 -0.707107 0.703291 
vn 4.32978e-17 -0.707107 0.707107 
vn 2.42709e-15 0 1 
vn -0.10375 1.76353e-16 0.994603 
vn -0.20638 1.67105e-16 0.978472 
vn -0.306782 1.56054e-16 0.95178 
vn -0.403874 1.43319e-16 0.914815 
vn -0.496606 1.29036e-16 0.867976 
vn -0.583978 1.13361e-16 0.811769 
vn -0.665048 9.64626e-17 0.746801 
vn -0.738939 7.85229e-17 0.673772 
vn -0.804855 5.97357e-17 0.593471 
vn -0.862084 4.03038e-17 0.506765 
vn -0.910009 0 0.414589 
vn -0.618708 -0.707107 0.342346 
vn -0.643473 -0.707107 0.293159 
vn -1.29893e-16 -0.707107 0.707107 
vn 0.0764517 -0.702962 0.707107 
vn 0.152007 -0.690575 0.707107 
vn 0.22578 -0.670092 0.707107 
vn 0.296906 -0.641753 0.707107 
vn 0.364552 -0.60589 0.707107 
vn 0.427923 -0.562923 0.707107 
vn 0.486277 -0.513356 0.707107 
vn 0.53893 -0.457771 0.707107 
vn 0.585265 -0.396819 0.707107 
vn 0.624737 -0.331215 0.707107 
vn 0.656886 -0.261727 0.707107 
vn 0.681333 -0.189171 0.707107 
vn 0.697792 -0.114397 0.707107 
vn 0.70607 -0.038282 0.707107 
vn 0.70607 0.038282 0.707107 
vn 0.697792 0.114397 0.707107 
vn 0.681333 0.189171 0.707107 
vn 0.656886 0.261727 0.707107 
vn 0.624737 0.331215 0.707107 
vn 0.585265 0.396819 0.707107 
vn 0.53893 0.457771 0.707107 
vn 0.486277 0.513356 0.707107 
vn 0.427923 0.562923 0.707107 
vn 0.364552 0.60589 0.707107 
vn 0.296906 0.641753 0.707107 
vn 0.22578 0.670092 0.707107 
vn 0.152007 0.690575 0.707107 
vn 0.0764517 0.702962 0.707107 
vn -2.7709e-16 0.707107 0.707107 
vn -0.0764517 0.702962 0.707107 
vn -0.152007 0.690575 0.707107 
vn -0.22578 0.670092 0.707107 
vn -0.296906 0.641753 0.707107 
vn -0.364552 0.60589 0.707107 
vn -0.427923 0.562923 0.707107 
vn -0.486277 0.513356 0.707107 
vn -0.53893 0.457771 0.707107 
vn -0.585265 0.396819 0.707107 
vn -0.624737 0.331215 0.707107 
vn -0.656886 0.261727 0.707107 
vn -0.681333 0.189171 0.707107 
vn -0.697792 0.114397 0.707107 
vn -0.70607 0.038282 0.707107 
vn -0.70607 -0.038282 0.707107 
vn -0.697792 -0.114397 0.707107 
vn -0.681333 -0.189171 0.707107 
vn -0.656886 -0.261727 0.707107 
vn -0.624737 -0.331215 0.707107 
vn -0.585265 -0.396819 0.707107 
vn -0.53893 -0.457771 0.707107 
vn -0.486277 -0.513356 0.707107 
vn -0.427923 -0.562923 0.707107 
vn -0.364552 -0.60589 0.707107 
vn -0.296906 -0.641753 0.707107 
vn -0.22578 -0.670092 0.707107 
vn -0.152007 -0.690575 0.707107 
vn -0.0764517 -0.702962 0.707107 
vn -9.84041e-17 -0.707107 0.707107 
vn -0.108119 -0.994138 1.62759e-16 
vn 4.45326e-17 -1 1.97128e-16 
vn -0.21497 -0.976621 1.39913e-16 
vn -0.108119 -0.994138 1.62759e-16 
vn -0.319302 -0.947653 1.15426e-16 
vn -0.21497 -0.976621 1.39913e-16 
vn -0.419889 -0.907575 8.95865e-17 
vn -0.319302 -0.947653 1.15426e-16 
vn -0.515554 -0.856857 6.26964e-17 
vn -0.419889 -0.907575 8.95865e-17 
vn -0.605174 -0.796093 3.50712e-17 
vn -0.515554 -0.856857 6.26964e-17 
vn -0.687699 -0.725995 7.03487e-18 
vn -0.605174 -0.796093 3.50712e-17 
vn -0.762162 -0.647386 -2.1084e-17 
vn -0.687699 -0.725995 7.03487e-18 
vn -0.827689 -0.561187 -4.89556e-17 
vn -0.762162 -0.647386 -2.1084e-17 
vn -0.883512 -0.468408 -7.62533e-17 
vn -0.827689 -0.561187 -4.89556e-17 
vn -0.928977 -0.370138 -1.02657e-16 
vn -0.883512 -0.468408 -7.62533e-17 
vn -0.96355 -0.267528 -1.27857e-16 
vn -0.928977 -0.370138 -1.02657e-16 
vn -0.986827 -0.161782 -1.51558e-16 
vn -0.96355 -0.267528 -1.27857e-16 
vn -0.998533 -0.0541389 -1.73482e-16 
vn -0.986827 -0.161782 -1.51558e-16 
vn -0.998533 0.0541389 -1.93373e-16 
vn -0.998533 -0.0541389 -1.73482e-16 
vn -0.986827 0.161782 -2.10996e-16 
vn -0.998533 0.0541389 -1.93373e-16 
vn -0.96355 0.267528 -2.26145e-16 
vn -0.986827 0.161782 -2.10996e-16 
vn -0.928977 0.370138 -2.38644e-16 
vn -0.96355 0.267528 -2.26145e-16 
vn -0.883512 0.468408 -2.48344e-16 
vn -0.928977 0.370138 -2.38644e-16 
vn -0.827689 0.561187 -2.55132e-16 
vn -0.883512 0.468408 -2.48344e-16 
vn -0.762162 0.647386 -2.5893e-16 
vn -0.827689 0.561187 -2.55132e-16 
vn -0.687699 0.725995 -2.59692e-16 
vn -0.762162 0.647386 -2.5893e-16 
vn -0.605174 0.796093 -2.57409e-16 
vn -0.687699 0.725995 -2.59692e-16 
vn -0.515554 0.856857 -2.52108e-16 
vn -0.605174 0.796093 -2.57409e-16 
vn -0.419889 0.907575 -2.43851e-16 
vn -0.515554 0.856857 -2.52108e-16 
vn -0.319302 0.947653 -2.32736e-16 
vn -0.419889 0.907575 -2.43851e-16 
vn -0.21497 0.976621 -2.18892e-16 
vn -0.319302 0.947653 -2.32736e-16 
vn -0.108119 0.994138 -2.02481e-16 
vn -0.21497 0.976621 -2.18892e-16 
vn 6.12323e-17 1 -1.83697e-16 
vn -0.108119 0.994138 -2.02481e-16 
vn 0.108119 0.994138 -1.62759e-16 
vn 6.12323e-17 1 -1.83697e-16 
vn 0.21497 0.976621 -1.39913e-16 
vn 0.108119 0.994138 -1.62759e-16 
vn 0.319302 0.947653 -1.15426e-16 
vn 0.21497 0.976621 -1.39913e-16 
vn 0.419889 0.907575 -8.95865e-17 
vn 0.319302 0.947653 -1.15426e-16 
vn 0.515554 0.856857 -6.26964e-17 
vn 0.419889 0.907575 -8.95865e-17 
vn 0.605174 0.796093 -3.50712e-17 
vn 0.515554 0.856857 -6.26964e-17 
vn 0.687699 0.725995 -7.03487e-18 
vn 0.605174 0.796093 -3.50712e-17 
vn 0.762162 0.647386 2.1084e-17 
vn 0.687699 0.725995 -7.03487e-18 
vn 0.827689 0.561187 4.89556e-17 
vn 0.762162 0.647386 2.1084e-17 
vn 0.883512 0.468408 7.62533e-17 
vn 0.827689 0.561187 4.89556e-17 
vn 0.928977 0.370138 1.02657e-16 
vn 0.883512 0.468408 7.62533e-17 
vn 0.96355 0.267528 1.27857e-16 
vn 0.928977 0.370138 1.02657e-16 
vn 0.986827 0.161782 1.51558e-16 
vn 0.96355 0.267528 1.27857e-16 
vn 0.998533 0.0541389 1.73482e-16 
vn 0.986827 0.161782 1.51558e-16 
vn 0.998533 -0.0541389 1.93373e-16 
vn 0.998533 0.0541389 1.73482e-16 
vn 0.986827 -0.161782 2.10996e-16 
vn 0.998533 -0.0541389 1.93373e-16 
vn 0.96355 -0.267528 2.26145e-16 
vn 0.986827 -0.161782 2.10996e-16 
vn 0.928977 -0.370138 2.38644e-16 
vn 0.96355 -0.267528 2.26145e-16 
vn 0.883512 -0.468408 2.48344e-16 
vn 0.928977 -0.370138 2.38644e-16 
vn 0.827689 -0.561187 2.55132e-16 
vn 0.883512 -0.468408 2.48344e-16 
vn 0.762162 -0.647386 2.5893e-16 
vn 0.827689 -0.561187 2.55132e-16 
vn 0.687699 -0.725995 2.59692e-16 
vn 0.762162 -0.647386 2.5893e-16 
vn 0.605174 -0.796093 2.57409e-16 
vn 0.687699 -0.725995 2.59692e-16 
vn 0.515554 -0.856857 2.52108e-16 
vn 0.605174 -0.796093 2.57409e-16 
vn 0.419889 -0.907575 2.43851e-16 
vn 0.515554 -0.856857 2.52108e-16 
vn 0.319302 -0.947653 2.32736e-16 
vn 0.419889 -0.907575 2.43851e-16 
vn 0.21497 -0.976621 2.18892e-16 
vn 0.319302 -0.947653 2.32736e-16 
vn 0.108119 -0.994138 2.02481e-16 
vn 0.21497 -0.976621 2.18892e-16 
vn -0.0278836 -0.514283 0.857167 
vn -0.0556854 -0.512019 0.857167 
vn -1.57459e-16 -0.515038 0.857167 
vn -0.0833239 -0.508253 0.857167 
vn -0.110718 -0.502997 0.857167 
vn -0.137787 -0.496265 0.857167 
vn -0.164452 -0.488077 0.857167 
vn -0.190635 -0.478458 0.857167 
vn -0.216259 -0.467436 0.857167 
vn -0.241248 -0.455042 0.857167 
vn -0.26553 -0.441314 0.857167 
vn -0.289033 -0.426291 0.857167 
vn -0.311688 -0.410018 0.857167 
vn -0.333429 -0.392542 0.857167 
vn -0.354191 -0.373915 0.857167 
vn -0.373915 -0.354191 0.857167 
vn -0.392542 -0.333429 0.857167 
vn -0.410018 -0.311688 0.857167 
vn -0.426291 -0.289033 0.857167 
vn -0.441314 -0.26553 0.857167 
vn -0.455042 -0.241248 0.857167 
vn -0.467436 -0.216259 0.857167 
vn -0.478458 -0.190635 0.857167 
vn -0.488077 -0.164452 0.857167 
vn -0.496265 -0.137787 0.857167 
vn -0.502997 -0.110718 0.857167 
vn -0.508253 -0.0833239 0.857167 
vn -0.512019 -0.0556854 0.857167 
vn -0.514283 -0.0278836 0.857167 
vn -0.515038 1.13542e-15 0.857167 
vn -0.514283 0.0278836 0.857167 
vn -0.512019 0.0556854 0.857167 
vn -0.508253 0.0833239 0.857167 
vn -0.502997 0.110718 0.857167 
vn -0.496265 0.137787 0.857167 
vn -0.488077 0.164452 0.857167 
vn -0.478458 0.190635 0.857167 
vn -0.467436 0.216259 0.857167 
vn -0.455042 0.241248 0.857167 
vn -0.441314 0.26553 0.857167 
vn -0.426291 0.289033 0.857167 
vn -0.410018 0.311688 0.857167 
vn -0.392542 0.333429 0.857167 
vn -0.373915 0.354191 0.857167 
vn -0.354191 0.373915 0.857167 
vn -0.333429 0.392542 0.857167 
vn -0.311688 0.410018 0.857167 
vn -0.289033 0.426291 0.857167 
vn -0.26553 0.441314 0.857167 
vn -0.241248 0.455042 0.857167 
vn -0.216259 0.467436 0.857167 
vn -0.190635 0.478458 0.857167 
vn -0.164452 0.488077 0.857167 
vn -0.137787 0.496265 0.857167 
vn -0.110718 0.502997 0.857167 
vn -0.0833239 0.508253 0.857167 
vn -0.0556854 0.512019 0.857167 
vn -0.0278836 0.514283 0.857167 
vn -2.64673e-16 0.515038 0.857167 
vn 0.0278836 0.514283 0.857167 
vn 0.0556854 0.512019 0.857167 
vn 0.0833239 0.508253 0.857167 
vn 0.110718 0.502997 0.857167 
vn 0.137787 0.496265 0.857167 
vn 0.164452 0.488077 0.857167 
vn 0.190635 0.478458 0.857167 
vn 0.216259 0.467436 0.857167 
vn 0.241248 0.455042 0.857167 
vn 0.26553 0.441314 0.857167 
vn 0.289033 0.426291 0.857167 
vn 0.311688 0.410018 0.857167 
vn 0.333429 0.392542 0.857167 
vn 0.354191 0.373915 0.857167 
vn 0.373915 0.354191 0.857167 
vn 0.392542 0.333429 0.857167 
vn 0.410018 0.311688 0.857167 
vn 0.426291 0.289033 0.857167 
vn 0.441314 0.26553 0.857167 
vn 0.455042 0.241248 0.857167 
vn 0.467436 0.216259 0.857167 
vn 0.478458 0.190635 0.857167 
vn 0.488077 0.164452 0.857167 
vn 0.496265 0.137787 0.857167 
vn 0.502997 0.110718 0.857167 
vn 0.508253 0.0833239 0.857167 
vn 0.512019 0.0556854 0.857167 
vn 0.514283 0.0278836 0.857167 
vn 0.515038 3.86182e-16 0.857167 
vn 0.514283 -0.0278836 0.857167 
vn 0.512019 -0.0556854 0.857167 
vn 0.508253 -0.0833239 0.857167 
vn 0.502997 -0.110718 0.857167 
vn 0.496265 -0.137787 0.857167 
vn 0.488077 -0.164452 0.857167 
vn 0.478458 -0.190635 0.857167 
vn 0.467436 -0.216259 0.857167 
vn 0.455042 -0.241248 0.857167 
vn 0.441314 -0.26553 0.857167 
vn 0.426291 -0.289033 0.857167 
vn 0.410018 -0.311688 0.857167 
vn 0.392542 -0.333429 0.857167 
vn 0.373915 -0.354191 0.857167 
vn 0.354191 -0.373915 0.857167 
vn 0.333429 -0.392542 0.857167 
vn 0.311688 -0.410018 0.857167 
vn 0.289033 -0.426291 0.857167 
vn 0.26553 -0.441314 0.857167 
vn 0.241248 -0.455042 0.857167 
vn 0.216259 -0.467436 0.857167 
vn 0.190635 -0.478458 0.857167 
vn 0.164452 -0.488077 0.857167 
vn 0.137787 -0.496265 0.857167 
vn 0.110718 -0.502997 0.857167 
vn 0.0833239 -0.508253 0.857167 
vn 0.0556854 -0.512019 0.857167 
vn 0.0278836 -0.514283 0.857167 
vn -1.83697e-16 1.83697e-16 1 
vn 6.49467e-17 -0.707107 0.707107 
vn 0.0754078 -0.707107 0.703074 
vn 0.149956 -0.707107 0.691023 
vn 0.222793 -0.707107 0.671091 
vn 0.293089 -0.707107 0.643505 
vn 0.360043 -0.707107 0.608579 
vn 0.422891 -0.707107 0.566713 
vn 0.480915 -0.707107 0.518383 
vn 0.533454 -0.707107 0.464141 
vn 0.579909 -0.707107 0.404605 
vn 0.61975 -0.707107 0.340455 
vn 0.652523 -0.707107 0.272421 
vn 0.677854 -0.707107 0.201281 
vn 0.695454 -0.707107 0.127845 
vn 0.705121 -0.707107 0.0529508 
vn 0.706747 -0.707107 -0.0225472 
vn 0.700312 -0.707107 -0.0977881 
vn 0.68589 -0.707107 -0.171914 
vn 0.663646 -0.707107 -0.244079 
vn 0.633832 -0.707107 -0.31346 
vn 0.596789 -0.707107 -0.379266 
vn 0.55294 -0.707107 -0.440746 
vn 0.502785 -0.707107 -0.4972 
vn 0.446895 -0.707107 -0.547983 
vn 0.385908 -0.707107 -0.592516 
vn 0.32052 -0.707107 -0.630291 
vn 0.453283 0 -0.891366 
vn 0.545756 -1.2051e-16 -0.837944 
vn 0.632005 -1.0366e-16 -0.774965 
vn 0.711045 -8.5627e-17 -0.703147 
vn 0.781976 -6.66178e-17 -0.623309 
vn 0.843988 -4.68489e-17 -0.536363 
vn 0.896374 -2.65456e-17 -0.443299 
vn 0.938537 -5.93957e-18 -0.345179 
vn 0.969996 1.47342e-17 -0.243123 
vn 0.990391 3.52399e-17 -0.138293 
vn 0.999491 5.53437e-17 -0.0318866 
vn 0.997192 7.48163e-17 0.0748837 
vn 0.98352 9.34356e-17 0.1808 
vn 0.95863 1.10989e-16 0.284654 
vn 0.922807 1.27277e-16 0.385262 
vn 0.87646 1.42113e-16 0.481476 
vn 0.820116 1.55329e-16 0.572198 
vn 0.754418 1.66772e-16 0.656394 
vn 0.680116 1.76314e-16 0.733104 
vn 0.598058 1.83845e-16 0.801453 
vn 0.509178 1.89279e-16 0.860661 
vn 0.414491 1.92554e-16 0.910053 
vn 0.315077 1.93634e-16 0.949066 
vn 0.212069 1.92504e-16 0.977255 
vn 0.106643 1.89179e-16 0.994297 
vn 3.15759e-15 0 1 
vn 0.32052 -0.707107 -0.630291 
vn 0.280598 -0.707107 -0.649049 
vn 0.396825 0 -0.917894 
vn 0.453283 0 -0.891366 
vn 0.280598 -0.707107 -0.649049 
vn 0.33842 -0.707107 -0.620864 
vn 0.393442 -0.707107 -0.58754 
vn 0.280598 -0.707107 -0.649049 
vn 6.12323e-17 -1 1.83697e-16 
vn 0.393442 -0.707107 -0.58754 
vn 0.339999 -0.707107 -0.62 
vn 0.283898 -0.707107 -0.647613 
vn 0.225576 -0.707107 -0.670161 
vn 0.16549 -0.707107 -0.687468 
vn 0.104111 -0.707107 -0.6994 
vn 0.478599 -1.31986e-16 -0.878034 
vn 0.556411 0 -0.830907 
vn 0.396825 0 -0.917894 
vn 0.478599 -1.31986e-16 -0.878034 
vn 0.556411 0 -0.830907 
vn 0.480832 -1.31625e-16 -0.876813 
vn 0.401492 -1.43657e-16 -0.915863 
vn 0.319013 -1.54565e-16 -0.94775 
vn 0.234039 -1.64264e-16 -0.972227 
vn 0.147235 0 -0.989102 
vn 0.104111 -0.707107 -0.6994 
vn 0.179011 -0.707107 -0.684073 
vn 0.251818 -0.707107 -0.660748 
vn 0.321681 -0.707107 -0.629699 
vn 0.387784 -0.707107 -0.59129 
vn 0.449354 -0.707107 -0.545968 
vn 0.505671 -0.707107 -0.494264 
vn 0.556077 -0.707107 -0.436782 
vn 0.599982 -0.707107 -0.374194 
vn 0.636874 -0.707107 -0.307232 
vn 0.666321 -0.707107 -0.236678 
vn 0.687978 -0.707107 -0.163358 
vn 0.701593 -0.707107 -0.0881282 
vn 0.707007 -0.707107 -0.0118681 
vn 0.704156 -0.707107 0.0645308 
vn 0.693074 -0.707107 0.140175 
vn 0.673889 -0.707107 0.214181 
vn 0.646827 -0.707107 0.285683 
vn 0.612203 -0.707107 0.353846 
vn 0.570423 -0.707107 0.417872 
vn 0.521975 -0.707107 0.477013 
vn 0.467425 -0.707107 0.530578 
vn 0.407411 -0.707107 0.577941 
vn 0.342635 -0.707107 0.618548 
vn 0.273853 -0.707107 0.651924 
vn 0.201869 -0.707107 0.677679 
vn 0.127526 -0.707107 0.695512 
vn 0.0516925 -0.707107 0.705215 
vn -0.0247456 -0.707107 0.706674 
vn -0.100894 -0.707107 0.699872 
vn -0.175864 -0.707107 0.684888 
vn -0.248778 -0.707107 0.661899 
vn -0.318783 -0.707107 0.631171 
vn -0.385062 -0.707107 0.593066 
vn -0.446839 -0.707107 0.548028 
vn -0.503394 -0.707107 0.496583 
vn -0.554063 -0.707107 0.439334 
vn -0.598256 -0.707107 0.376948 
vn -0.635455 -0.707107 0.310157 
vn -0.665226 -0.707107 0.239739 
vn -0.68722 -0.707107 0.166519 
vn -0.701181 -0.707107 0.0913526 
vn -0.706945 -0.707107 0.0151182 
vn -0.704445 -0.707107 -0.061293 
vn -0.693711 -0.707107 -0.136988 
vn -0.674867 -0.707107 -0.211081 
vn -0.648133 -0.707107 -0.282707 
vn -0.613824 -0.707107 -0.351028 
vn -0.572338 -0.707107 -0.415245 
vn -0.524163 -0.707107 -0.474609 
vn -0.46986 -0.707107 -0.528424 
vn -0.410064 -0.707107 -0.576062 
vn -0.345475 -0.707107 -0.616966 
vn -0.276847 -0.707107 -0.650658 
vn -0.204983 -0.707107 -0.676744 
vn -0.130722 -0.707107 -0.694918 
vn -0.0549339 -0.707107 -0.70497 
vn 0.104111 -0.707107 -0.6994 
vn -0.128642 -0.707107 -0.695306 
vn -0.200929 -0.707107 -0.677958 
vn -0.270995 -0.707107 -0.653117 
vn -0.338066 -0.707107 -0.621057 
vn -0.4014 -0.707107 -0.582132 
vn -0.460298 -0.707107 -0.536774 
vn -0.514108 -0.707107 -0.485483 
vn -0.562236 -0.707107 -0.428825 
vn -0.604149 -0.707107 -0.367429 
vn -0.639385 -0.707107 -0.301971 
vn -0.667555 -0.707107 -0.233175 
vn -0.688346 -0.707107 -0.161803 
vn -0.701529 -0.707107 -0.0886416 
vn -0.706958 -0.707107 -0.0145009 
vn -0.704574 -0.707107 0.0598001 
vn -0.694402 -0.707107 0.13344 
vn -0.676555 -0.707107 0.205605 
vn -0.65123 -0.707107 0.275498 
vn -0.618708 -0.707107 0.342346 
vn -0.0776883 0 -0.996978 
vn -0.181928 -1.91771e-16 -0.983312 
vn -0.284157 -1.93524e-16 -0.958778 
vn -0.383245 -1.93138e-16 -0.923647 
vn -0.478097 -1.90617e-16 -0.878307 
vn -0.567665 -1.8599e-16 -0.82326 
vn -0.650959 -1.79307e-16 -0.759113 
vn -0.727058 -1.70641e-16 -0.686576 
vn -0.795121 -1.6009e-16 -0.606451 
vn -0.854396 -1.4777e-16 -0.519623 
vn -0.904227 -1.33816e-16 -0.427051 
vn -0.944065 -1.18383e-16 -0.32976 
vn -0.973468 -1.01642e-16 -0.228823 
vn -0.992112 -8.37772e-17 -0.125358 
vn -0.99979 -6.49866e-17 -0.0205073 
vn -0.996418 -4.54777e-17 0.0845702 
vn -0.982032 -2.54661e-17 0.188713 
vn -0.956793 -5.17311e-18 0.29077 
vn -0.920979 1.51771e-17 0.389613 
vn -0.874985 0 0.48415 
vn -0.396825 0 0.917894 
vn -0.490873 1.29985e-16 0.871231 
vn -0.57951 0 0.814965 
vn -0.661759 0 0.749717 
vn -0.736714 0 0.676204 
vn -0.803549 0 0.595239 
vn -0.861527 0 0.507712 
vn -0.910009 0 0.414589 
vn -0.874985 0 0.48415 
vn -0.396825 0 0.917894 
vn -0.49096 1.29971e-16 0.871182 
vn -0.579673 1.14191e-16 0.814849 
vn -0.661985 9.71492e-17 0.749517 
vn -0.736986 7.9035e-17 0.675908 
vn -0.803848 6.0048e-17 0.594835 
vn -0.861833 4.03978e-17 0.507193 
vn -0.9103 2.03015e-17 0.413949 
vn -0.948714 -1.90159e-20 0.316135 
vn -0.976652 -2.03393e-17 0.214829 
vn -0.993804 -4.0435e-17 0.11115 
vn -0.999981 -6.00841e-17 0.0062442 
vn -0.995114 -7.90697e-17 -0.0987307 
vn -0.979258 -9.71821e-17 -0.202615 
vn -0.952588 -1.14221e-16 -0.304262 
vn -0.915398 -1.29999e-16 -0.402549 
vn -0.868099 -1.44341e-16 -0.496391 
vn -0.811213 -1.57089e-16 -0.58475 
vn -0.745369 -1.68103e-16 -0.666652 
vn -0.671293 -1.7726e-16 -0.741192 
vn -0.589804 -1.84459e-16 -0.807546 
vn -0.501801 -1.89621e-16 -0.864983 
vn -0.408257 -1.92689e-16 -0.912867 
vn -0.310204 -1.9363e-16 -0.95067 
vn -0.208726 -1.92432e-16 -0.977974 
vn -0.104942 -1.89109e-16 -0.994478 
vn 1.30963e-30 0 -1 
vn -0.104528 -1.89091e-16 -0.994522 
vn -0.207912 -1.92414e-16 -0.978148 
vn -0.309017 -1.93628e-16 -0.951057 
vn -0.406737 -1.92721e-16 -0.913545 
vn -0.5 -1.89702e-16 -0.866025 
vn -0.587785 -1.84605e-16 -0.809017 
vn -0.669131 -1.77486e-16 -0.743145 
vn -0.743145 -1.68422e-16 -0.669131 
vn -0.809017 -1.57512e-16 -0.587785 
vn -0.866025 -1.44877e-16 -0.5 
vn -0.913545 -1.30655e-16 -0.406737 
vn -0.951057 -1.15001e-16 -0.309017 
vn -0.978148 -9.8087e-17 -0.207912 
vn -0.994522 -8.00985e-17 -0.104528 
vn -1 0 1.88138e-15 
vn -0.978148 -9.8087e-17 -0.207912 
vn -0.951057 -1.15001e-16 -0.309017 
vn -0.913545 -1.30655e-16 -0.406737 
vn -0.866025 -1.44877e-16 -0.5 
vn -0.809017 -1.57512e-16 -0.587785 
vn -0.743145 -1.68422e-16 -0.669131 
vn -0.669131 -1.77486e-16 -0.743145 
vn -0.587785 -1.84605e-16 -0.809017 
vn -0.5 -1.89702e-16 -0.866025 
vn -0.406737 -1.92721e-16 -0.913545 
vn -0.309017 -1.93628e-16 -0.951057 
vn -0.207912 -1.92414e-16 -0.978148 
vn -0.104528 -1.89091e-16 -0.994522 
vn -7.55805e-16 0 -1 
vn -1.29893e-16 -0.707107 0.707107 
vn 0.0764517 -0.702962 0.707107 
vn 0.152007 -0.690575 0.707107 
vn 0.22578 -0.670092 0.707107 
vn 0.296906 -0.641753 0.707107 
vn 0.364552 -0.60589 0.707107 
vn 0.427923 -0.562923 0.707107 
vn 0.486277 -0.513356 0.707107 
vn 0.53893 -0.457771 0.707107 
vn 0.585265 -0.396819 0.707107 
vn 0.624737 -0.331215 0.707107 
vn 0.656886 -0.261727 0.707107 
vn 0.681333 -0.189171 0.707107 
vn 0.697792 -0.114397 0.707107 
vn 0.70607 -0.038282 0.707107 
vn 0.70607 0.038282 0.707107 
vn 0.697792 0.114397 0.707107 
vn 0.681333 0.189171 0.707107 
vn 0.656886 0.261727 0.707107 
vn 0.624737 0.331215 0.707107 
vn 0.585265 0.396819 0.707107 
vn 0.53893 0.457771 0.707107 
vn 0.486277 0.513356 0.707107 
vn 0.427923 0.562923 0.707107 
vn 0.364552 0.60589 0.707107 
vn 0.296906 0.641753 0.707107 
vn 0.22578 0.670092 0.707107 
vn 0.152007 0.690575 0.707107 
vn 0.0764517 0.702962 0.707107 
vn -2.7709e-16 0.707107 0.707107 
vn -0.0764517 0.702962 0.707107 
vn -0.152007 0.690575 0.707107 
vn -0.22578 0.670092 0.707107 
vn -0.296906 0.641753 0.707107 
vn -0.364552 0.60589 0.707107 
vn -0.427923 0.562923 0.707107 
vn -0.486277 0.513356 0.707107 
vn -0.53893 0.457771 0.707107 
vn -0.585265 0.396819 0.707107 
vn -0.624737 0.331215 0.707107 
vn -0.656886 0.261727 0.707107 
vn -0.681333 0.189171 0.707107 
vn -0.697792 0.114397 0.707107 
vn -0.70607 0.038282 0.707107 
vn -0.70607 -0.038282 0.707107 
vn -0.697792 -0.114397 0.707107 
vn -0.681333 -0.189171 0.707107 
vn -0.656886 -0.261727 0.707107 
vn -0.624737 -0.331215 0.707107 
vn -0.585265 -0.396819 0.707107 
vn -0.53893 -0.457771 0.707107 
vn -0.486277 -0.513356 0.707107 
vn -0.427923 -0.562923 0.707107 
vn -0.364552 -0.60589 0.707107 
vn -0.296906 -0.641753 0.707107 
vn -0.22578 -0.670092 0.707107 
vn -0.152007 -0.690575 0.707107 
vn -0.0764517 -0.702962 0.707107 
vn -9.84041e-17 -0.707107 0.707107 
vn -0.108119 -0.994138 1.62759e-16 
vn 4.45326e-17 -1 1.97128e-16 
vn -0.21497 -0.976621 1.39913e-16 
vn -0.108119 -0.994138 1.62759e-16 
vn -0.319302 -0.947653 1.15426e-16 
vn -0.21497 -0.976621 1.39913e-16 
vn -0.419889 -0.907575 8.95865e-17 
vn -0.319302 -0.947653 1.15426e-16 
vn -0.515554 -0.856857 6.26964e-17 
vn -0.419889 -0.907575 8.95865e-17 
vn -0.605174 -0.796093 3.50712e-17 
vn -0.515554 -0.856857 6.26964e-17 
vn -0.687699 -0.725995 7.03487e-18 
vn -0.605174 -0.796093 3.50712e-17 
vn -0.762162 -0.647386 -2.1084e-17 
vn -0.687699 -0.725995 7.03487e-18 
vn -0.827689 -0.561187 -4.89556e-17 
vn -0.762162 -0.647386 -2.1084e-17 
vn -0.883512 -0.468408 -7.62533e-17 
vn -0.827689 -0.561187 -4.89556e-17 
vn -0.928977 -0.370138 -1.02657e-16 
vn -0.883512 -0.468408 -7.62533e-17 
vn -0.96355 -0.267528 -1.27857e-16 
vn -0.928977 -0.370138 -1.02657e-16 
vn -0.986827 -0.161782 -1.51558e-16 
vn -0.96355 -0.267528 -1.27857e-16 
vn -0.998533 -0.0541389 -1.73482e-16 
vn -0.986827 -0.161782 -1.51558e-16 
vn -0.998533 0.0541389 -1.93373e-16 
vn -0.998533 -0.0541389 -1.73482e-16 
vn -0.986827 0.161782 -2.10996e-16 
vn -0.998533 0.0541389 -1.93373e-16 
vn -0.96355 0.267528 -2.26145e-16 
vn -0.986827 0.161782 -2.10996e-16 
vn -0.928977 0.370138 -2.38644e-16 
vn -0.96355 0.267528 -2.26145e-16 
vn -0.883512 0.468408 -2.48344e-16 
vn -0.928977 0.370138 -2.38644e-16 
vn -0.827689 0.561187 -2.55132e-16 
vn -0.883512 0.468408 -2.48344e-16 
vn -0.762162 0.647386 -2.5893e-16 
vn -0.827689 0.561187 -2.55132e-16 
vn -0.687699 0.725995 -2.59692e-16 
vn -0.762162 0.647386 -2.5893e-16 
vn -0.605174 0.796093 -2.57409e-16 
vn -0.687699 0.725995 -2.59692e-16 
vn -0.515554 0.856857 -2.52108e-16 
vn -0.605174 0.796093 -2.57409e-16 
vn -0.419889 0.907575 -2.43851e-16 
vn -0.515554 0.856857 -2.52108e-16 
vn -0.319302 0.947653 -2.32736e-16 
vn -0.419889 0.907575 -2.43851e-16 
vn -0.21497 0.976621 -2.18892e-16 
vn -0.319302 0.947653 -2.32736e-16 
vn -0.108119 0.994138 -2.02481e-16 
vn -0.21497 0.976621 -2.18892e-16 
vn 6.12323e-17 1 -1.83697e-16 
vn -0.108119 0.994138 -2.02481e-16 
vn 0.108119 0.994138 -1.62759e-16 
vn 6.12323e-17 1 -1.83697e-16 
vn 0.21497 0.976621 -1.39913e-16 
vn 0.108119 0.994138 -1.62759e-16 
vn 0.319302 0.947653 -1.15426e-16 
vn 0.21497 0.976621 -1.39913e-16 
vn 0.419889 0.907575 -8.95865e-17 
vn 0.319302 0.947653 -1.15426e-16 
vn 0.515554 0.856857 -6.26964e-17 
vn 0.419889 0.907575 -8.95865e-17 
vn 0.605174 0.796093 -3.50712e-17 
vn 0.515554 0.856857 -6.26964e-17 
vn 0.687699 0.725995 -7.03487e-18 
vn 0.605174 0.796093 -3.50712e-17 
vn 0.762162 0.647386 2.1084e-17 
vn 0.687699 0.725995 -7.03487e-18 
vn 0.827689 0.561187 4.89556e-17 
vn 0.762162 0.647386 2.1084e-17 
vn 0.883512 0.468408 7.62533e-17 
vn 0.827689 0.561187 4.89556e-17 
vn 0.928977 0.370138 1.02657e-16 
vn 0.883512 0.468408 7.62533e-17 
vn 0.96355 0.267528 1.27857e-16 
vn 0.928977 0.370138 1.02657e-16 
vn 0.986827 0.161782 1.51558e-16 
vn 0.96355 0.267528 1.27857e-16 
vn 0.998533 0.0541389 1.73482e-16 
vn 0.986827 0.161782 1.51558e-16 
vn 0.998533 -0.0541389 1.93373e-16 
vn 0.998533 0.0541389 1.73482e-16 
vn 0.986827 -0.161782 2.10996e-16 
vn 0.998533 -0.0541389 1.93373e-16 
vn 0.96355 -0.267528 2.26145e-16 
vn 0.986827 -0.161782 2.10996e-16 
vn 0.928977 -0.370138 2.38644e-16 
vn 0.96355 -0.267528 2.26145e-16 
vn 0.883512 -0.468408 2.48344e-16 
vn 0.928977 -0.370138 2.38644e-16 
vn 0.827689 -0.561187 2.55132e-16 
vn 0.883512 -0.468408 2.48344e-16 
vn 0.762162 -0.647386 2.5893e-16 
vn 0.827689 -0.561187 2.55132e-16 
vn 0.687699 -0.725995 2.59692e-16 
vn 0.762162 -0.647386 2.5893e-16 
vn 0.605174 -0.796093 2.57409e-16 
vn 0.687699 -0.725995 2.59692e-16 
vn 0.515554 -0.856857 2.52108e-16 
vn 0.605174 -0.796093 2.57409e-16 
vn 0.419889 -0.907575 2.43851e-16 
vn 0.515554 -0.856857 2.52108e-16 
vn 0.319302 -0.947653 2.32736e-16 
vn 0.419889 -0.907575 2.43851e-16 
vn 0.21497 -0.976621 2.18892e-16 
vn 0.319302 -0.947653 2.32736e-16 
vn 0.108119 -0.994138 2.02481e-16 
vn 0.21497 -0.976621 2.18892e-16 
vn -0.0278836 -0.514283 0.857167 
vn -0.0556854 -0.512019 0.857167 
vn -1.57459e-16 -0.515038 0.857167 
vn -0.0833239 -0.508253 0.857167 
vn -0.110718 -0.502997 0.857167 
vn -0.137787 -0.496265 0.857167 
vn -0.164452 -0.488077 0.857167 
vn -0.190635 -0.478458 0.857167 
vn -0.216259 -0.467436 0.857167 
vn -0.241248 -0.455042 0.857167 
vn -0.26553 -0.441314 0.857167 
vn -0.289033 -0.426291 0.857167 
vn -0.311688 -0.410018 0.857167 
vn -0.333429 -0.392542 0.857167 
vn -0.354191 -0.373915 0.857167 
vn -0.373915 -0.354191 0.857167 
vn -0.392542 -0.333429 0.857167 
vn -0.410018 -0.311688 0.857167 
vn -0.426291 -0.289033 0.857167 
vn -0.441314 -0.26553 0.857167 
vn -0.455042 -0.241248 0.857167 
vn -0.467436 -0.216259 0.857167 
vn -0.478458 -0.190635 0.857167 
vn -0.488077 -0.164452 0.857167 
vn -0.496265 -0.137787 0.857167 
vn -0.502997 -0.110718 0.857167 
vn -0.508253 -0.0833239 0.857167 
vn -0.512019 -0.0556854 0.857167 
vn -0.514283 -0.0278836 0.857167 
vn -0.515038 1.13542e-15 0.857167 
vn -0.514283 0.0278836 0.857167 
vn -0.512019 0.0556854 0.857167 
vn -0.508253 0.0833239 0.857167 
vn -0.502997 0.110718 0.857167 
vn -0.496265 0.137787 0.857167 
vn -0.488077 0.164452 0.857167 
vn -0.478458 0.190635 0.857167 
vn -0.467436 0.216259 0.857167 
vn -0.455042 0.241248 0.857167 
vn -0.441314 0.26553 0.857167 
vn -0.426291 0.289033 0.857167 
vn -0.410018 0.311688 0.857167 
vn -0.392542 0.333429 0.857167 
vn -0.373915 0.354191 0.857167 
vn -0.354191 0.373915 0.857167 
vn -0.333429 0.392542 0.857167 
vn -0.311688 0.410018 0.857167 
vn -0.289033 0.426291 0.857167 
vn -0.26553 0.441314 0.857167 
vn -0.241248 0.455042 0.857167 
vn -0.216259 0.467436 0.857167 
vn -0.190635 0.478458 0.857167 
vn -0.164452 0.488077 0.857167 
vn -0.137787 0.496265 0.857167 
vn -0.110718 0.502997 0.857167 
vn -0.0833239 0.508253 0.857167 
vn -0.0556854 0.512019 0.857167 
vn -0.0278836 0.514283 0.857167 
vn -2.64673e-16 0.515038 0.857167 
vn 0.0278836 0.514283 0.857167 
vn 0.0556854 0.512019 0.857167 
vn 0.0833239 0.508253 0.857167 
vn 0.110718 0.502997 0.857167 
vn 0.137787 0.496265 0.857167 
vn 0.164452 0.488077 0.857167 
vn 0.190635 0.478458 0.857167 
vn 0.216259 0.467436 0.857167 
vn 0.241248 0.455042 0.857167 
vn 0.26553 0.441314 0.857167 
vn 0.289033 0.426291 0.857167 
vn 0.311688 0.410018 0.857167 
vn 0.333429 0.392542 0.857167 
vn 0.354191 0.373915 0.857167 
vn 0.373915 0.354191 0.857167 
vn 0.392542 0.333429 0.857167 
vn 0.410018 0.311688 0.857167 
vn 0.426291 0.289033 0.857167 
vn 0.441314 0.26553 0.857167 
vn 0.455042 0.241248 0.857167 
vn 0.467436 0.216259 0.857167 
vn 0.478458 0.190635 0.857167 
vn 0.488077 0.164452 0.857167 
vn 0.496265 0.137787 0.857167 
vn 0.502997 0.110718 0.857167 
vn 0.508253 0.0833239 0.857167 
vn 0.512019 0.0556854 0.857167 
vn 0.514283 0.0278836 0.857167 
vn 0.515038 3.86182e-16 0.857167 
vn 0.514283 -0.0278836 0.857167 
vn 0.512019 -0.0556854 0.857167 
vn 0.508253 -0.0833239 0.857167 
vn 0.502997 -0.110718 0.857167 
vn 0.496265 -0.137787 0.857167 
vn 0.488077 -0.164452 0.857167 
vn 0.478458 -0.190635 0.857167 
vn 0.467436 -0.216259 0.857167 
vn 0.455042 -0.241248 0.857167 
vn 0.441314 -0.26553 0.857167 
vn 0.426291 -0.289033 0.857167 
vn 0.410018 -0.311688 0.857167 
vn 0.392542 -0.333429 0.857167 
vn 0.373915 -0.354191 0.857167 
vn 0.354191 -0.373915 0.857167 
vn 0.333429 -0.392542 0.857167 
vn 0.311688 -0.410018 0.857167 
vn 0.289033 -0.426291 0.857167 
vn 0.26553 -0.441314 0.857167 
vn 0.241248 -0.455042 0.857167 
vn 0.216259 -0.467436 0.857167 
vn 0.190635 -0.478458 0.857167 
vn 0.164452 -0.488077 0.857167 
vn 0.137787 -0.496265 0.857167 
vn 0.110718 -0.502997 0.857167 
vn 0.0833239 -0.508253 0.857167 
vn 0.0556854 -0.512019 0.857167 
vn 0.0278836 -0.514283 0.857167 
vn 1.83697e-16 -1.83697e-16 -1 
vn 0.994522 4.16953e-17 -0.104528 
vn 1 6.02335e-17 1.63286e-17 
vn 0.978148 2.17015e-17 -0.207912 
vn 0.994522 4.16953e-17 -0.104528 
vn 0.951057 1.46991e-18 -0.309017 
vn 0.978148 2.17015e-17 -0.207912 
vn 0.913545 -1.87778e-17 -0.406737 
vn 0.951057 1.46991e-18 -0.309017 
vn 0.866025 -3.88197e-17 -0.5 
vn 0.913545 -1.87778e-17 -0.406737 
vn 0.809017 -5.84364e-17 -0.587785 
vn 0.866025 -3.88197e-17 -0.5 
vn 0.743145 -7.74128e-17 -0.669131 
vn 0.809017 -5.84364e-17 -0.587785 
vn 0.669131 -9.55411e-17 -0.743145 
vn 0.743145 -7.74128e-17 -0.669131 
vn 0.587785 -1.12623e-16 -0.809017 
vn 0.669131 -9.55411e-17 -0.743145 
vn 0.5 -1.2847e-16 -0.866025 
vn 0.587785 -1.12623e-16 -0.809017 
vn 0.406737 -1.4291e-16 -0.913545 
vn 0.5 -1.2847e-16 -0.866025 
vn 0.309017 -1.55784e-16 -0.951057 
vn 0.406737 -1.4291e-16 -0.913545 
vn 0.207912 -1.66952e-16 -0.978148 
vn 0.309017 -1.55784e-16 -0.951057 
vn 0.104528 -1.7629e-16 -0.994522 
vn 0.207912 -1.66952e-16 -0.978148 
vn -9.09307e-17 -1.807e-16 -1 
vn 0.104528 -1.7629e-16 -0.994522 
vn 1 6.12323e-17 1.83697e-16 
vn 0.104528 1.89091e-16 0.994522 
vn 5.44287e-18 1.807e-16 1 
vn 0.207912 1.92414e-16 0.978148 
vn 0.104528 1.89091e-16 0.994522 
vn 0.309017 1.93628e-16 0.951057 
vn 0.207912 1.92414e-16 0.978148 
vn 0.406737 1.92721e-16 0.913545 
vn 0.309017 1.93628e-16 0.951057 
vn 0.5 1.89702e-16 0.866025 
vn 0.406737 1.92721e-16 0.913545 
vn 0.587785 1.84605e-16 0.809017 
vn 0.5 1.89702e-16 0.866025 
vn 0.669131 1.77486e-16 0.743145 
vn 0.587785 1.84605e-16 0.809017 
vn 0.743145 1.68422e-16 0.669131 
vn 0.669131 1.77486e-16 0.743145 
vn 0.809017 1.57512e-16 0.587785 
vn 0.743145 1.68422e-16 0.669131 
vn 0.866025 1.44877e-16 0.5 
vn 0.809017 1.57512e-16 0.587785 
vn 0.913545 1.30655e-16 0.406737 
vn 0.866025 1.44877e-16 0.5 
vn 0.951057 1.15001e-16 0.309017 
vn 0.913545 1.30655e-16 0.406737 
vn 0.978148 9.8087e-17 0.207912 
vn 0.951057 1.15001e-16 0.309017 
vn 0.994522 8.00985e-17 0.104528 
vn 0.978148 9.8087e-17 0.207912 
vn 1 6.02335e-17 1.63286e-17 
vn 0.994522 8.00985e-17 0.104528 
vn -1.83697e-16 1.83697e-16 1 
vn -0.994522 -4.16953e-17 0.104528 
vn -1 -6.02335e-17 1.63286e-17 
vn -0.978148 -2.17015e-17 0.207912 
vn -0.994522 -4.16953e-17 0.104528 
vn -0.951057 -1.46991e-18 0.309017 
vn -0.978148 -2.17015e-17 0.207912 
vn -0.913545 1.87778e-17 0.406737 
vn -0.951057 -1.46991e-18 0.309017 
vn -0.866025 3.88197e-17 0.5 
vn -0.913545 1.87778e-17 0.406737 
vn -0.809017 5.84364e-17 0.587785 
vn -0.866025 3.88197e-17 0.5 
vn -0.743145 7.74128e-17 0.669131 
vn -0.809017 5.84364e-17 0.587785 
vn -0.669131 9.55411e-17 0.743145 
vn -0.743145 7.74128e-17 0.669131 
vn -0.587785 1.12623e-16 0.809017 
vn -0.669131 9.55411e-17 0.743145 
vn -0.5 1.2847e-16 0.866025 
vn -0.587785 1.12623e-16 0.809017 
vn -0.406737 1.4291e-16 0.913545 
vn -0.5 1.2847e-16 0.866025 
vn -0.309017 1.55784e-16 0.951057 
vn -0.406737 1.4291e-16 0.913545 
vn -0.207912 1.66952e-16 0.978148 
vn -0.309017 1.55784e-16 0.951057 
vn -0.104528 1.7629e-16 0.994522 
vn -0.207912 1.66952e-16 0.978148 
vn -1.72928e-15 1.807e-16 1 
vn -0.104528 1.7629e-16 0.994522 
vn -0.994522 -8.00985e-17 -0.104528 
vn -1 -6.02335e-17 -4.01823e-16 
vn -0.978148 -9.8087e-17 -0.207912 
vn -0.994522 -8.00985e-17 -0.104528 
vn -0.951057 -1.15001e-16 -0.309017 
vn -0.978148 -9.8087e-17 -0.207912 
vn -0.913545 -1.30655e-16 -0.406737 
vn -0.951057 -1.15001e-16 -0.309017 
vn -0.866025 -1.44877e-16 -0.5 
vn -0.913545 -1.30655e-16 -0.406737 
vn -0.809017 -1.57512e-16 -0.587785 
vn -0.866025 -1.44877e-16 -0.5 
vn -0.743145 -1.68422e-16 -0.669131 
vn -0.809017 -1.57512e-16 -0.587785 
vn -0.669131 -1.77486e-16 -0.743145 
vn -0.743145 -1.68422e-16 -0.669131 
vn -0.587785 -1.84605e-16 -0.809017 
vn -0.669131 -1.77486e-16 -0.743145 
vn -0.5 -1.89702e-16 -0.866025 
vn -0.587785 -1.84605e-16 -0.809017 
vn -0.406737 -1.92721e-16 -0.913545 
vn -0.5 -1.89702e-16 -0.866025 
vn -0.309017 -1.93628e-16 -0.951057 
vn -0.406737 -1.92721e-16 -0.913545 
vn -0.207912 -1.92414e-16 -0.978148 
vn -0.309017 -1.93628e-16 -0.951057 
vn -0.104528 -1.89091e-16 -0.994522 
vn -0.207912 -1.92414e-16 -0.978148 
vn -5.44287e-18 -1.807e-16 -1 
vn -0.104528 -1.89091e-16 -0.994522 
vn -1 -6.12323e-17 -1.83697e-16 
vn -0.104528 1.7629e-16 0.994522 
vn -5.44287e-18 1.807e-16 1 
vn -0.207912 1.66952e-16 0.978148 
vn -0.104528 1.7629e-16 0.994522 
vn -0.309017 1.55784e-16 0.951057 
vn -0.207912 1.66952e-16 0.978148 
vn -0.406737 1.4291e-16 0.913545 
vn -0.309017 1.55784e-16 0.951057 
vn -0.5 1.2847e-16 0.866025 
vn -0.406737 1.4291e-16 0.913545 
vn -0.587785 1.12623e-16 0.809017 
vn -0.5 1.2847e-16 0.866025 
vn -0.669131 9.55411e-17 0.743145 
vn -0.587785 1.12623e-16 0.809017 
vn -0.743145 7.74128e-17 0.669131 
vn -0.669131 9.55411e-17 0.743145 
vn -0.809017 5.84364e-17 0.587785 
vn -0.743145 7.74128e-17 0.669131 
vn -0.866025 3.88197e-17 0.5 
vn -0.809017 5.84364e-17 0.587785 
vn -0.913545 1.87778e-17 0.406737 
vn -0.866025 3.88197e-17 0.5 
vn -0.951057 -1.46991e-18 0.309017 
vn -0.913545 1.87778e-17 0.406737 
vn -0.978148 -2.17015e-17 0.207912 
vn -0.951057 -1.46991e-18 0.309017 
vn -0.994522 -4.16953e-17 0.104528 
vn -0.978148 -2.17015e-17 0.207912 
vn -1 -6.02335e-17 -4.01823e-16 
vn -0.994522 -4.16953e-17 0.104528 
vn 6.12323e-17 -1 1.83697e-16 
vn 1.23559e-14 0 1 
vn -0.104528 1.7629e-16 0.994522 
vn -0.207912 1.66952e-16 0.978148 
vn -0.309017 1.55784e-16 0.951057 
vn -0.406737 1.4291e-16 0.913545 
vn -0.5 1.2847e-16 0.866025 
vn -0.587785 1.12623e-16 0.809017 
vn -0.669131 9.55411e-17 0.743145 
vn -0.743145 7.74128e-17 0.669131 
vn -0.809017 5.84364e-17 0.587785 
vn -0.866025 3.88197e-17 0.5 
vn -0.913545 1.87778e-17 0.406737 
vn -0.951057 -1.46991e-18 0.309017 
vn -0.978148 -2.17015e-17 0.207912 
vn -0.994522 -4.16953e-17 0.104528 
vn -1 0 -1.34992e-15 
vn -1.83697e-16 1.83697e-16 1 
vn 6.12323e-17 -1 1.83697e-16 
vn -1 -6.12323e-17 -1.83697e-16 
vn -0.994639 -4.19085e-17 0.103407 
vn -0.978614 -2.21352e-17 0.205706 
vn -0.952096 -2.12468e-18 0.305799 
vn -0.91537 1.79087e-17 0.402614 
vn -0.86883 3.775e-17 0.495111 
vn -0.812974 5.71865e-17 0.5823 
vn -0.748401 7.601e-17 0.663246 
vn -0.675805 9.40184e-17 0.737081 
vn -0.595962 1.11019e-16 0.803013 
vn -0.50973 1.26829e-16 0.860335 
vn -0.418032 1.41279e-16 0.908432 
vn -0.321853 1.54215e-16 0.94679 
vn -0.222222 0 0.974996 
vn -0.0349956 1.81442e-16 0.999387 
vn -0.142686 1.7308e-16 0.989768 
vn 0.0731042 1.87682e-16 0.997324 
vn -0.0349956 1.81442e-16 0.999387 
vn 0.180349 1.91728e-16 0.983603 
vn 0.0731042 1.87682e-16 0.997324 
vn 0.995827 7.77411e-17 0.0912603 
vn 0.980154 9.64328e-17 0.198238 
vn 0.999859 5.81405e-17 -0.016784 
vn 0.995827 7.77411e-17 0.0912603 
vn 0.992203 3.78604e-17 -0.124632 
vn 0.999859 5.81405e-17 -0.016784 
vn 0.972948 1.71376e-17 -0.231023 
vn 0.974996 1.88797e-17 -0.222222 
vn 0.992203 3.78604e-17 -0.124632 
vn 0.94232 -3.78549e-18 -0.334714 
vn 0.972948 1.71376e-17 -0.231023 
vn 0.900676 -2.46643e-17 -0.434492 
vn 0.94232 -3.78549e-18 -0.334714 
vn 0.848503 -4.52549e-17 -0.52919 
vn 0.900676 -2.46643e-17 -0.434492 
vn 0.786412 -6.53164e-17 -0.617703 
vn 0.848503 -4.52549e-17 -0.52919 
vn 0.715127 -8.46143e-17 -0.698995 
vn 0.786412 -6.53164e-17 -0.617703 
vn 0.635483 -1.02923e-16 -0.772115 
vn 0.715127 -8.46143e-17 -0.698995 
vn 0.54841 -1.20029e-16 -0.83621 
vn 0.635483 -1.02923e-16 -0.772115 
vn 0.454926 -1.35731e-16 -0.890529 
vn 0.54841 -1.20029e-16 -0.83621 
vn 0.356124 -1.49847e-16 -0.934439 
vn 0.454926 -1.35731e-16 -0.890529 
vn 0.253159 -1.62211e-16 -0.967425 
vn 0.356124 -1.49847e-16 -0.934439 
vn 0.147235 -1.65212e-16 -0.989102 
vn 0.165971 -1.70986e-16 -0.986131 
vn 0.253159 -1.62211e-16 -0.967425 
vn -0.184869 -1.91851e-16 -0.982763 
vn -0.0776883 -1.78979e-16 -0.996978 
vn -0.289889 -1.9356e-16 -0.95706 
vn -0.184869 -1.91851e-16 -0.982763 
vn -0.391521 -1.93006e-16 -0.920169 
vn -0.289889 -1.9356e-16 -0.95706 
vn -0.488575 -1.90196e-16 -0.872522 
vn -0.391521 -1.93006e-16 -0.920169 
vn -0.579918 -1.85163e-16 -0.814675 
vn -0.488575 -1.90196e-16 -0.872522 
vn -0.664482 -1.77965e-16 -0.747304 
vn -0.579918 -1.85163e-16 -0.814675 
vn -0.741278 -1.68687e-16 -0.671198 
vn -0.664482 -1.77965e-16 -0.747304 
vn -0.809409 -1.57437e-16 -0.587246 
vn -0.741278 -1.68687e-16 -0.671198 
vn -0.868078 -1.44347e-16 -0.496428 
vn -0.809409 -1.57437e-16 -0.587246 
vn -0.916599 -1.29569e-16 -0.399808 
vn -0.868078 -1.44347e-16 -0.496428 
vn -0.954405 -1.13277e-16 -0.298514 
vn -0.916599 -1.29569e-16 -0.399808 
vn -0.981055 -9.56599e-17 -0.19373 
vn -0.954405 -1.13277e-16 -0.298514 
vn -0.996236 -7.6925e-17 -0.0866814 
vn -0.981055 -9.56599e-17 -0.19373 
vn -0.999771 -5.72908e-17 0.0213803 
vn -0.996236 -7.6925e-17 -0.0866814 
vn -0.99162 -3.6987e-17 0.129192 
vn -0.999771 -5.72908e-17 0.0213803 
vn -0.971876 -1.62508e-17 0.235494 
vn -0.99162 -3.6987e-17 0.129192 
vn -0.940771 4.67545e-18 0.339042 
vn -0.971876 -1.62508e-17 0.235494 
vn -0.898669 2.5547e-17 0.438628 
vn -0.940771 4.67545e-18 0.339042 
vn -0.846061 4.61199e-17 0.533085 
vn -0.898669 2.5547e-17 0.438628 
vn -0.783564 6.61537e-17 0.621312 
vn -0.846061 4.61199e-17 0.533085 
vn -0.711906 8.54141e-17 0.702275 
vn -0.783564 6.61537e-17 0.621312 
vn -0.631926 1.03676e-16 0.775028 
vn -0.711906 8.54141e-17 0.702275 
vn -0.54456 1.20726e-16 0.838722 
vn -0.631926 1.03676e-16 0.775028 
vn -0.450827 1.36365e-16 0.892611 
vn -0.54456 1.20726e-16 0.838722 
vn -0.351825 1.50409e-16 0.936066 
vn -0.450827 1.36365e-16 0.892611 
vn -0.248709 1.62696e-16 0.968578 
vn -0.351825 1.50409e-16 0.936066 
vn -0.222222 1.65497e-16 0.974996 
vn -0.248709 1.62696e-16 0.968578 
vn 0.285486 1.93533e-16 0.958383 
vn 0.222222 1.92711e-16 0.974996 
vn 0.180349 1.91728e-16 0.983603 
vn 0.387286 1.93076e-16 0.92196 
vn 0.285486 1.93533e-16 0.958383 
vn 0.484559 1.90361e-16 0.874759 
vn 0.387286 1.93076e-16 0.92196 
vn 0.576167 1.85422e-16 0.817332 
vn 0.484559 1.90361e-16 0.874759 
vn 0.661039 1.78314e-16 0.750351 
vn 0.576167 1.85422e-16 0.817332 
vn 0.738185 1.69123e-16 0.674599 
vn 0.661039 1.78314e-16 0.750351 
vn 0.806701 1.57954e-16 0.59096 
vn 0.738185 1.69123e-16 0.674599 
vn 0.865786 1.44939e-16 0.500414 
vn 0.806701 1.57954e-16 0.59096 
vn 0.914751 1.30229e-16 0.404017 
vn 0.865786 1.44939e-16 0.500414 
vn 0.953023 1.13997e-16 0.302898 
vn 0.914751 1.30229e-16 0.404017 
vn 0.974996 1.00523e-16 0.222222 
vn 0.953023 1.13997e-16 0.302898 
vn -0.222222 1.65212e-16 0.974996 
vn 0.165971 -1.65212e-16 -0.986131 
vn 0.677439 -9.36425e-17 -0.735579 
vn 0.744997 0 -0.667068 
vn 0.603609 -1.09498e-16 -0.797281 
vn 0.677439 -9.36425e-17 -0.735579 
vn 0.52419 -1.24339e-16 -0.851601 
vn 0.603609 -1.09498e-16 -0.797281 
vn 0.439919 -1.38029e-16 -0.898037 
vn 0.52419 -1.24339e-16 -0.851601 
vn 0.351575 -1.50442e-16 -0.93616 
vn 0.439919 -1.38029e-16 -0.898037 
vn 0.259977 -1.61462e-16 -0.965615 
vn 0.351575 -1.50442e-16 -0.93616 
vn 0.165971 0 -0.986131 
vn 0.259977 -1.61462e-16 -0.965615 
vn 0.992825 3.88264e-17 -0.11958 
vn 0.999836 0 -0.0181331 
vn 0.975547 1.93601e-17 -0.219791 
vn 0.992825 3.88264e-17 -0.11958 
vn 0.948182 -3.06495e-19 -0.317729 
vn 0.975547 1.93601e-17 -0.219791 
vn 0.911011 -1.99699e-17 -0.412381 
vn 0.948182 -3.06495e-19 -0.317729 
vn 0.864421 -3.94268e-17 -0.502769 
vn 0.911011 -1.99699e-17 -0.412381 
vn 0.808891 -5.84759e-17 -0.587959 
vn 0.864421 -3.94268e-17 -0.502769 
vn 0.744997 0 -0.667068 
vn 0.808891 -5.84759e-17 -0.587959 
vn 0.956623 0 -0.291328 
vn 0.979442 2.29168e-17 -0.201727 
vn 0.993887 4.05775e-17 -0.110402 
vn 0.999836 0 -0.0181331 
vn 0.956623 5.0602e-18 -0.291328 
vn 6.12323e-17 -1 1.83697e-16 
vn -1.17832e-15 0 -1 
vn 0.106065 -1.76166e-16 -0.994359 
vn 0.210934 -1.66648e-16 -0.9775 
vn 0.313423 -1.5525e-16 -0.949614 
vn 0.412376 -1.421e-16 -0.911014 
vn 0.506677 -1.27347e-16 -0.862136 
vn 0.595261 -1.11157e-16 -0.803532 
vn 0.67713 -9.37136e-17 -0.735863 
vn 0.75136 -7.52127e-17 -0.659892 
vn 0.817114 -5.58633e-17 -0.576477 
vn 0.873649 -3.58836e-17 -0.486557 
vn 0.920327 -1.54991e-17 -0.391149 
vn 0.956623 0 -0.291328 
vn 0.94679 -1.14923e-18 -0.321853 
vn 0.974996 0 -0.222222 
vn 0.908432 -2.11659e-17 -0.418032 
vn 0.94679 -1.14923e-18 -0.321853 
vn 0.860335 -4.09556e-17 -0.50973 
vn 0.908432 -2.11659e-17 -0.418032 
vn 0.803013 -6.03061e-17 -0.595962 
vn 0.860335 -4.09556e-17 -0.50973 
vn 0.737081 -7.90101e-17 -0.675805 
vn 0.803013 -6.03061e-17 -0.595962 
vn 0.663246 -9.6867e-17 -0.748401 
vn 0.737081 -7.90101e-17 -0.675805 
vn 0.5823 -1.13685e-16 -0.812974 
vn 0.663246 -9.6867e-17 -0.748401 
vn 0.495111 -1.29285e-16 -0.86883 
vn 0.5823 -1.13685e-16 -0.812974 
vn 0.402614 -1.43498e-16 -0.91537 
vn 0.495111 -1.29285e-16 -0.86883 
vn 0.305799 -1.56172e-16 -0.952096 
vn 0.402614 -1.43498e-16 -0.91537 
vn 0.205706 -1.67173e-16 -0.978614 
vn 0.305799 -1.56172e-16 -0.952096 
vn 0.103407 -1.7638e-16 -0.994639 
vn 0.205706 -1.67173e-16 -0.978614 
vn 1.10848e-15 0 -1 
vn 0.103407 -1.7638e-16 -0.994639 
vn 0.321853 1.9363e-16 0.94679 
vn 0.222222 0 0.974996 
vn 0.418032 1.92473e-16 0.908432 
vn 0.321853 1.9363e-16 0.94679 
vn 0.50973 1.89253e-16 0.860335 
vn 0.418032 1.92473e-16 0.908432 
vn 0.595962 1.84003e-16 0.803013 
vn 0.50973 1.89253e-16 0.860335 
vn 0.675805 1.76781e-16 0.737081 
vn 0.595962 1.84003e-16 0.803013 
vn 0.748401 1.67663e-16 0.663246 
vn 0.675805 1.76781e-16 0.737081 
vn 0.812974 1.56747e-16 0.5823 
vn 0.748401 1.67663e-16 0.663246 
vn 0.86883 1.44151e-16 0.495111 
vn 0.812974 1.56747e-16 0.5823 
vn 0.91537 1.30009e-16 0.402614 
vn 0.86883 1.44151e-16 0.495111 
vn 0.952096 1.14473e-16 0.305799 
vn 0.91537 1.30009e-16 0.402614 
vn 0.978614 9.77104e-17 0.205706 
vn 0.952096 1.14473e-16 0.305799 
vn 0.994639 7.98997e-17 0.103407 
vn 0.978614 9.77104e-17 0.205706 
vn 1 0 3.32544e-15 
vn 0.994639 7.98997e-17 0.103407 
vn 6.12323e-17 -1 1.83697e-16 
vn 1 0 -3.0516e-15 
vn 0.994522 8.00985e-17 0.104528 
vn 0.978148 9.8087e-17 0.207912 
vn 0.951057 1.15001e-16 0.309017 
vn 0.913545 1.30655e-16 0.406737 
vn 0.866025 1.44877e-16 0.5 
vn 0.809017 1.57512e-16 0.587785 
vn 0.743145 1.68422e-16 0.669131 
vn 0.669131 1.77486e-16 0.743145 
vn 0.587785 1.84605e-16 0.809017 
vn 0.5 1.89702e-16 0.866025 
vn 0.406737 1.92721e-16 0.913545 
vn 0.309017 1.93628e-16 0.951057 
vn 0.207912 1.92414e-16 0.978148 
vn 0.104528 1.89091e-16 0.994522 
vn -6.14508e-16 0 1 
vn 0.103407 1.89044e-16 0.994639 
vn 0.205706 1.92364e-16 0.978614 
vn 0.305799 1.93622e-16 0.952096 
vn 0.402614 1.92804e-16 0.91537 
vn 0.495111 1.89918e-16 0.86883 
vn 0.5823 1.84996e-16 0.812974 
vn 0.663246 1.78091e-16 0.748401 
vn 0.737081 1.69276e-16 0.675805 
vn 0.803013 1.58647e-16 0.595962 
vn 0.860335 1.46316e-16 0.50973 
vn 0.908432 1.32417e-16 0.418032 
vn 0.94679 1.17098e-16 0.321853 
vn 0.974996 0 0.222222 
vn -1.83697e-16 1.83697e-16 1 
vn 6.12323e-17 -1 1.83697e-16 
vn 0.104528 1.89091e-16 0.994522 
vn 0.207912 1.92414e-16 0.978148 
vn 0.309017 1.93628e-16 0.951057 
vn 0.406737 1.92721e-16 0.913545 
vn 0.5 1.89702e-16 0.866025 
vn 0.587785 1.84605e-16 0.809017 
vn 0.669131 1.77486e-16 0.743145 
vn 0.743145 1.68422e-16 0.669131 
vn 0.809017 1.57512e-16 0.587785 
vn 0.866025 1.44877e-16 0.5 
vn 0.913545 1.30655e-16 0.406737 
vn 0.951057 1.15001e-16 0.309017 
vn 0.978148 9.8087e-17 0.207912 
vn 0.994522 8.00985e-17 0.104528 
vn 1 0 4.00101e-15 
vn 6.12323e-17 -1 1.83697e-16 
vn 0.994522 4.16953e-17 -0.104528 
vn 0.978148 2.17015e-17 -0.207912 
vn 0.951057 1.46991e-18 -0.309017 
vn 0.913545 -1.87778e-17 -0.406737 
vn 0.866025 -3.88197e-17 -0.5 
vn 0.809017 -5.84364e-17 -0.587785 
vn 0.743145 -7.74128e-17 -0.669131 
vn 0.669131 -9.55411e-17 -0.743145 
vn 0.587785 -1.12623e-16 -0.809017 
vn 0.5 -1.2847e-16 -0.866025 
vn 0.406737 -1.4291e-16 -0.913545 
vn 0.309017 -1.55784e-16 -0.951057 
vn 0.207912 -1.66952e-16 -0.978148 
vn 0.104528 -1.7629e-16 -0.994522 
vn 4.66309e-16 0 -1 
vn -0.104528 -1.89091e-16 -0.994522 
vn -0.207912 -1.92414e-16 -0.978148 
vn -0.309017 -1.93628e-16 -0.951057 
vn -0.406737 -1.92721e-16 -0.913545 
vn -0.5 -1.89702e-16 -0.866025 
vn -0.587785 -1.84605e-16 -0.809017 
vn -0.669131 -1.77486e-16 -0.743145 
vn -0.743145 -1.68422e-16 -0.669131 
vn -0.809017 -1.57512e-16 -0.587785 
vn -0.866025 -1.44877e-16 -0.5 
vn -0.913545 -1.30655e-16 -0.406737 
vn -0.951057 -1.15001e-16 -0.309017 
vn -0.978148 -9.8087e-17 -0.207912 
vn -0.994522 -8.00985e-17 -0.104528 
vn -1 0 4.00101e-15 
vn -0.994522 -4.16953e-17 0.104528 
vn -0.978148 -2.17015e-17 0.207912 
vn -0.951057 -1.46991e-18 0.309017 
vn -0.913545 1.87778e-17 0.406737 
vn -0.866025 3.88197e-17 0.5 
vn -0.809017 5.84364e-17 0.587785 
vn -0.743145 7.74128e-17 0.669131 
vn -0.669131 9.55411e-17 0.743145 
vn -0.587785 1.12623e-16 0.809017 
vn -0.5 1.2847e-16 0.866025 
vn -0.406737 1.4291e-16 0.913545 
vn -0.309017 1.55784e-16 0.951057 
vn -0.207912 1.66952e-16 0.978148 
vn -0.104528 1.7629e-16 0.994522 
vn 1.33367e-15 0 1 
vn -1 -6.12323e-17 -1.83697e-16 
vn 1 6.12323e-17 1.83697e-16 
vn 1.83697e-16 -1.83697e-16 -1 
usemtl 0.898039_0.917647_0.929412_0.000000_0.000000
o mesh0
f 59//1 1//2 2//3 
f 59//4 3//5 1//2 
f 59//6 4//7 3//5 
f 59//8 5//9 4//7 
f 59//10 6//11 5//9 
f 59//12 7//13 6//11 
f 59//14 8//15 7//13 
f 59//16 9//17 8//15 
f 59//18 10//19 9//17 
f 59//20 11//21 10//19 
f 59//22 12//23 11//21 
f 59//24 13//25 12//23 
f 59//26 14//27 13//25 
f 59//28 15//29 14//27 
f 59//30 16//31 15//29 
f 59//32 17//33 16//31 
f 59//34 18//35 17//33 
f 59//36 19//37 18//35 
f 59//38 20//39 19//37 
f 59//40 21//41 20//39 
f 59//42 22//43 21//41 
f 59//44 23//45 22//43 
f 59//46 24//47 23//45 
f 59//48 25//49 24//47 
f 59//50 26//51 25//49 
f 59//52 27//53 26//51 
f 59//54 28//55 27//53 
f 59//56 29//57 28//55 
f 59//58 30//59 29//57 
f 59//60 31//61 30//59 
f 59//62 32//63 31//61 
f 59//64 33//65 32//63 
f 59//66 34//67 33//65 
f 59//68 35//69 34//67 
f 59//70 36//71 35//69 
f 59//72 37//73 36//71 
f 59//74 38//75 37//73 
f 59//76 39//77 38//75 
f 59//78 40//79 39//77 
f 59//80 41//81 40//79 
f 59//82 42//83 41//81 
f 59//84 43//85 42//83 
f 59//86 44//87 43//85 
f 59//88 45//89 44//87 
f 59//90 46//91 45//89 
f 59//92 47//93 46//91 
f 59//94 48//95 47//93 
f 59//96 49//97 48//95 
f 59//98 50//99 49//97 
f 59//100 51//101 50//99 
f 59//102 52//103 51//101 
f 59//104 53//105 52//103 
f 59//106 54//107 53//105 
f 59//108 55//109 54//107 
f 59//110 56//111 55//109 
f 59//112 57//113 56//111 
f 59//114 58//115 57//113 
f 59//116 2//3 58//115 
usemtl 0.039216_0.039216_0.039216_0.000000_0.000000
o mesh1
f 60//117 61//118 2//118 
f 62//119 60//117 1//120 
f 63//121 62//119 3//122 
f 64//123 63//121 4//124 
f 65//125 64//123 5//126 
f 66//127 65//125 6//128 
f 67//129 66//127 7//130 
f 68//131 67//129 8//132 
f 69//133 68//131 9//134 
f 70//135 69//133 10//136 
f 71//137 70//135 11//138 
f 72//139 71//137 12//140 
f 73//141 72//139 13//142 
f 74//143 73//141 14//144 
f 75//145 74//143 15//146 
f 76//147 75//145 16//148 
f 77//149 76//147 17//150 
f 78//151 77//149 18//152 
f 79//153 78//151 19//154 
f 80//155 79//153 20//156 
f 81//157 80//155 21//158 
f 82//159 81//157 22//160 
f 83//161 82//159 23//162 
f 84//163 83//161 24//164 
f 85//165 84//163 25//166 
f 86//167 85//165 26//168 
f 87//169 86//167 27//170 
f 88//171 87//169 28//172 
f 89//173 88//171 29//174 
f 90//175 89//173 30//176 
f 91//177 90//175 31//178 
f 92//179 91//177 32//180 
f 93//181 92//179 33//182 
f 94//183 93//181 34//184 
f 95//185 94//183 35//186 
f 96//187 95//185 36//188 
f 97//189 96//187 37//190 
f 98//191 97//189 38//192 
f 99//193 98//191 39//194 
f 100//195 99//193 40//196 
f 101//197 100//195 41//198 
f 102//199 101//197 42//200 
f 103//201 102//199 43//202 
f 104//203 103//201 44//204 
f 105//205 104//203 45//206 
f 106//207 105//205 46//208 
f 107//209 106//207 47//210 
f 108//211 107//209 48//212 
f 109//213 108//211 49//214 
f 110//215 109//213 50//216 
f 111//217 110//215 51//218 
f 112//219 111//217 52//220 
f 113//221 112//219 53//222 
f 114//223 113//221 54//224 
f 115//225 114//223 55//226 
f 116//227 115//225 56//228 
f 117//229 116//227 57//230 
f 61//118 117//229 58//229 
f 58//229 2//118 61//118 
f 57//230 58//229 117//229 
f 56//228 57//230 116//227 
f 55//226 56//228 115//225 
f 54//224 55//226 114//223 
f 53//222 54//224 113//221 
f 52//220 53//222 112//219 
f 51//218 52//220 111//217 
f 50//216 51//218 110//215 
f 49//214 50//216 109//213 
f 48//212 49//214 108//211 
f 47//210 48//212 107//209 
f 46//208 47//210 106//207 
f 45//206 46//208 105//205 
f 44//204 45//206 104//203 
f 43//202 44//204 103//201 
f 42//200 43//202 102//199 
f 41//198 42//200 101//197 
f 40//196 41//198 100//195 
f 39//194 40//196 99//193 
f 38//192 39//194 98//191 
f 37//190 38//192 97//189 
f 36//188 37//190 96//187 
f 35//186 36//188 95//185 
f 34//184 35//186 94//183 
f 33//182 34//184 93//181 
f 32//180 33//182 92//179 
f 31//178 32//180 91//177 
f 30//176 31//178 90//175 
f 29//174 30//176 89//173 
f 28//172 29//174 88//171 
f 27//170 28//172 87//169 
f 26//168 27//170 86//167 
f 25//166 26//168 85//165 
f 24//164 25//166 84//163 
f 23//162 24//164 83//161 
f 22//160 23//162 82//159 
f 21//158 22//160 81//157 
f 20//156 21//158 80//155 
f 19//154 20//156 79//153 
f 18//152 19//154 78//151 
f 17//150 18//152 77//149 
f 16//148 17//150 76//147 
f 15//146 16//148 75//145 
f 14//144 15//146 74//143 
f 13//142 14//144 73//141 
f 12//140 13//142 72//139 
f 11//138 12//140 71//137 
f 10//136 11//138 70//135 
f 9//134 10//136 69//133 
f 8//132 9//134 68//131 
f 7//130 8//132 67//129 
f 6//128 7//130 66//127 
f 5//126 6//128 65//125 
f 4//124 5//126 64//123 
f 3//122 4//124 63//121 
f 1//120 3//122 62//119 
f 2//118 1//120 60//117 
usemtl 0.898039_0.917647_0.929412_0.000000_0.000000
o mesh2
f 118//231 119//232 117//232 
f 119//232 120//233 116//233 
f 120//233 121//234 115//234 
f 121//234 122//235 114//235 
f 122//235 123//236 113//236 
f 123//236 124//237 112//237 
f 124//237 125//238 111//238 
f 125//238 126//239 110//239 
f 126//239 127//240 109//240 
f 127//240 128//241 108//241 
f 128//241 129//242 107//242 
f 129//242 130//243 106//243 
f 130//243 131//244 105//244 
f 131//244 132//245 104//245 
f 132//245 133//246 103//246 
f 133//246 134//247 102//247 
f 134//247 135//248 101//248 
f 135//248 136//249 100//249 
f 136//249 137//250 99//250 
f 137//250 138//251 98//251 
f 138//251 139//252 97//252 
f 139//252 140//253 96//253 
f 140//253 141//254 95//254 
f 141//254 142//255 94//255 
f 142//255 143//256 93//256 
f 143//256 144//257 92//257 
f 144//257 145//258 91//258 
f 145//258 146//259 90//259 
f 146//259 147//260 89//260 
f 147//260 148//261 88//261 
f 148//261 149//262 87//262 
f 149//262 150//263 86//263 
f 150//263 151//264 85//264 
f 151//264 152//265 84//265 
f 152//265 153//266 83//266 
f 153//266 154//267 82//267 
f 154//267 155//268 81//268 
f 155//268 156//269 80//269 
f 156//269 157//270 79//270 
f 157//270 158//271 78//271 
f 158//271 159//272 77//272 
f 159//272 160//273 76//273 
f 160//273 161//274 75//274 
f 161//274 162//275 74//275 
f 162//275 163//276 73//276 
f 163//276 164//277 72//277 
f 164//277 165//278 71//278 
f 165//278 166//279 70//279 
f 166//279 167//280 69//280 
f 167//280 168//281 68//281 
f 168//281 169//282 67//282 
f 169//282 170//283 66//283 
f 170//283 171//284 65//284 
f 171//284 172//285 64//285 
f 172//285 173//286 63//286 
f 173//286 174//287 62//287 
f 174//287 175//288 60//288 
f 175//288 118//231 61//289 
f 61//289 60//288 175//288 
f 60//288 62//287 174//287 
f 62//287 63//286 173//286 
f 63//286 64//285 172//285 
f 64//285 65//284 171//284 
f 65//284 66//283 170//283 
f 66//283 67//282 169//282 
f 67//282 68//281 168//281 
f 68//281 69//280 167//280 
f 69//280 70//279 166//279 
f 70//279 71//278 165//278 
f 71//278 72//277 164//277 
f 72//277 73//276 163//276 
f 73//276 74//275 162//275 
f 74//275 75//274 161//274 
f 75//274 76//273 160//273 
f 76//273 77//272 159//272 
f 77//272 78//271 158//271 
f 78//271 79//270 157//270 
f 79//270 80//269 156//269 
f 80//269 81//268 155//268 
f 81//268 82//267 154//267 
f 82//267 83//266 153//266 
f 83//266 84//265 152//265 
f 84//265 85//264 151//264 
f 85//264 86//263 150//263 
f 86//263 87//262 149//262 
f 87//262 88//261 148//261 
f 88//261 89//260 147//260 
f 89//260 90//259 146//259 
f 90//259 91//258 145//258 
f 91//258 92//257 144//257 
f 92//257 93//256 143//256 
f 93//256 94//255 142//255 
f 94//255 95//254 141//254 
f 95//254 96//253 140//253 
f 96//253 97//252 139//252 
f 97//252 98//251 138//251 
f 98//251 99//250 137//250 
f 99//250 100//249 136//249 
f 100//249 101//248 135//248 
f 101//248 102//247 134//247 
f 102//247 103//246 133//246 
f 103//246 104//245 132//245 
f 104//245 105//244 131//244 
f 105//244 106//243 130//243 
f 106//243 107//242 129//242 
f 107//242 108//241 128//241 
f 108//241 109//240 127//240 
f 109//240 110//239 126//239 
f 110//239 111//238 125//238 
f 111//238 112//237 124//237 
f 112//237 113//236 123//236 
f 113//236 114//235 122//235 
f 114//235 115//234 121//234 
f 115//234 116//233 120//233 
f 116//233 117//232 119//232 
f 117//232 61//289 118//231 
usemtl 0.039216_0.039216_0.039216_0.000000_0.000000
o mesh3
f 990//290 991//290 992//290 
f 993//290 992//290 994//290 
f 995//290 996//290 997//290 
f 998//290 997//290 999//290 
f 1000//290 176//290 177//290 
f 999//290 178//290 179//290 
f 999//290 180//290 181//290 
f 999//290 182//290 183//290 
f 1000//290 184//290 185//290 
f 1000//290 186//290 187//290 
f 177//290 188//290 1000//290 
f 1000//290 1001//290 189//290 
f 1002//290 190//290 191//290 
f 181//290 178//290 999//290 
f 999//290 192//290 182//290 
f 1000//290 193//290 184//290 
f 1000//290 194//290 195//290 
f 188//290 186//290 1000//290 
f 189//290 196//290 1000//290 
f 1001//290 197//290 198//290 
f 1002//290 199//290 200//290 
f 1002//290 201//290 202//290 
f 191//290 203//290 1002//290 
f 183//290 180//290 999//290 
f 185//290 999//290 1000//290 
f 1000//290 204//290 205//290 
f 187//290 194//290 1000//290 
f 196//290 206//290 1000//290 
f 1001//290 207//290 197//290 
f 1001//290 208//290 209//290 
f 200//290 210//290 1002//290 
f 1002//290 211//290 212//290 
f 203//290 201//290 1002//290 
f 999//290 213//290 214//290 
f 999//290 215//290 216//290 
f 185//290 192//290 999//290 
f 205//290 217//290 1000//290 
f 206//290 176//290 1000//290 
f 209//290 207//290 1001//290 
f 1001//290 218//290 219//290 
f 1001//290 220//290 221//290 
f 210//290 222//290 1002//290 
f 202//290 211//290 1002//290 
f 1002//290 214//290 223//290 
f 999//290 224//290 213//290 
f 999//290 225//290 226//290 
f 179//290 215//290 999//290 
f 195//290 204//290 1000//290 
f 219//290 208//290 1001//290 
f 221//290 227//290 1001//290 
f 1001//290 1002//290 228//290 
f 212//290 199//290 1002//290 
f 223//290 229//290 1002//290 
f 226//290 224//290 999//290 
f 217//290 193//290 1000//290 
f 1001//290 230//290 231//290 
f 227//290 218//290 1001//290 
f 228//290 232//290 1001//290 
f 229//290 190//290 1002//290 
f 216//290 225//290 999//290 
f 1001//290 233//290 230//290 
f 232//290 220//290 1001//290 
f 214//290 1002//290 999//290 
f 198//290 233//290 1001//290 
f 231//290 189//290 1001//290 
f 1001//290 1000//290 990//290 
f 1003//290 990//290 993//290 
f 1004//290 993//290 1005//290 
f 1006//290 1005//290 1007//290 
f 1008//290 998//290 1002//290 
f 1009//290 1002//290 1001//290 
f 1003//290 234//290 235//290 
f 235//290 1001//290 1003//290 
f 1003//290 236//290 234//290 
f 235//290 237//290 1001//290 
f 1003//290 238//290 239//290 
f 1003//290 1010//290 240//290 
f 1003//290 241//290 236//290 
f 239//290 242//290 1003//290 
f 1010//290 243//290 240//290 
f 1003//290 244//290 241//290 
f 1003//290 245//290 246//290 
f 1003//290 247//290 248//290 
f 1003//290 249//290 238//290 
f 240//290 250//290 1003//290 
f 1001//290 251//290 252//290 
f 1003//290 253//290 244//290 
f 248//290 245//290 1003//290 
f 242//290 254//290 1003//290 
f 250//290 255//290 1003//290 
f 1010//290 256//290 257//290 
f 1010//290 258//290 259//290 
f 1010//290 260//290 261//290 
f 1011//290 1001//290 262//290 
f 1001//290 263//290 251//290 
f 1001//290 264//290 265//290 
f 246//290 253//290 1003//290 
f 255//290 249//290 1003//290 
f 1010//290 266//290 256//290 
f 261//290 258//290 1010//290 
f 1010//290 267//290 268//290 
f 1011//290 269//290 270//290 
f 1001//290 271//290 262//290 
f 265//290 263//290 1001//290 
f 254//290 247//290 1003//290 
f 259//290 266//290 1010//290 
f 1010//290 272//290 267//290 
f 1010//290 273//290 274//290 
f 270//290 1010//290 1011//290 
f 1011//290 275//290 276//290 
f 1011//290 277//290 278//290 
f 262//290 279//290 1011//290 
f 252//290 280//290 1001//290 
f 257//290 243//290 1010//290 
f 274//290 272//290 1010//290 
f 270//290 281//290 1010//290 
f 1011//290 282//290 275//290 
f 1011//290 283//290 284//290 
f 1011//290 285//290 286//290 
f 1011//290 287//290 277//290 
f 279//290 288//290 1011//290 
f 1001//290 289//290 290//290 
f 237//290 264//290 1001//290 
f 281//290 273//290 1010//290 
f 1011//290 291//290 282//290 
f 284//290 292//290 1011//290 
f 1011//290 293//290 285//290 
f 288//290 287//290 1011//290 
f 1001//290 294//290 295//290 
f 290//290 296//290 1001//290 
f 268//290 260//290 1010//290 
f 292//290 291//290 1011//290 
f 278//290 293//290 1011//290 
f 295//290 297//290 1001//290 
f 280//290 289//290 1001//290 
f 286//290 283//290 1011//290 
f 296//290 294//290 1001//290 
f 297//290 271//290 1001//290 
f 1010//290 1003//290 1004//290 
f 1012//290 1004//290 1006//290 
f 1013//290 1006//290 1014//290 
f 1015//290 1016//290 1008//290 
f 1017//290 1008//290 1009//290 
f 1018//290 1009//290 1011//290 
f 1019//290 1011//290 1010//290 
f 1020//290 1013//290 1021//290 
f 1022//290 1015//290 1017//290 
f 1023//290 1017//290 1018//290 
f 1024//290 1025//290 1026//290 
f 1027//290 1026//290 1020//290 
f 1028//290 1024//290 1027//290 
f 1029//290 1027//290 1030//290 
f 1016//290 298//290 299//290 
f 1016//290 300//290 301//290 
f 995//290 998//290 302//290 
f 998//290 303//290 304//290 
f 998//290 305//290 306//290 
f 1008//290 307//290 308//290 
f 1008//290 309//290 310//290 
f 1008//290 311//290 312//290 
f 299//290 1008//290 1016//290 
f 1016//290 313//290 300//290 
f 995//290 314//290 315//290 
f 302//290 316//290 995//290 
f 998//290 317//290 318//290 
f 998//290 319//290 320//290 
f 306//290 303//290 998//290 
f 998//290 1008//290 321//290 
f 310//290 307//290 1008//290 
f 1008//290 322//290 311//290 
f 1008//290 323//290 324//290 
f 1016//290 325//290 298//290 
f 1016//290 326//290 313//290 
f 995//290 327//290 328//290 
f 316//290 314//290 995//290 
f 998//290 329//290 330//290 
f 320//290 317//290 998//290 
f 321//290 305//290 998//290 
f 308//290 331//290 1008//290 
f 324//290 322//290 1008//290 
f 301//290 325//290 1016//290 
f 315//290 327//290 995//290 
f 318//290 329//290 998//290 
f 331//290 321//290 1008//290 
f 299//290 323//290 1008//290 
f 330//290 302//290 998//290 
f 312//290 309//290 1008//290 
f 304//290 319//290 998//290 
f 1021//290 332//290 333//290 
f 1021//290 334//290 332//290 
f 1031//290 335//290 336//290 
f 1031//290 333//290 335//290 
f 1032//290 337//290 338//290 
f 1032//290 339//290 340//290 
f 1032//290 336//290 341//290 
f 336//290 342//290 343//290 
f 1032//290 344//290 345//290 
f 1032//290 346//290 337//290 
f 341//290 339//290 1032//290 
f 336//290 347//290 348//290 
f 343//290 349//290 336//290 
f 336//290 350//290 351//290 
f 338//290 344//290 1032//290 
f 348//290 341//290 336//290 
f 351//290 342//290 336//290 
f 1032//290 352//290 353//290 
f 1032//290 354//290 355//290 
f 340//290 346//290 1032//290 
f 336//290 356//290 350//290 
f 1033//290 1032//290 357//290 
f 355//290 352//290 1032//290 
f 349//290 347//290 336//290 
f 336//290 358//290 359//290 
f 358//290 336//290 360//290 
f 357//290 361//290 1033//290 
f 1032//290 362//290 363//290 
f 1032//290 364//290 354//290 
f 359//290 356//290 336//290 
f 360//290 365//290 366//290 
f 360//290 367//290 368//290 
f 1033//290 369//290 370//290 
f 363//290 357//290 1032//290 
f 345//290 364//290 1032//290 
f 360//290 371//290 365//290 
f 368//290 372//290 360//290 
f 373//290 374//290 367//290 
f 373//290 375//290 376//290 
f 373//290 377//290 378//290 
f 377//290 379//290 380//290 
f 377//290 381//290 382//290 
f 1033//290 383//290 384//290 
f 1033//290 385//290 386//290 
f 1033//290 387//290 369//290 
f 353//290 362//290 1032//290 
f 372//290 371//290 360//290 
f 376//290 374//290 373//290 
f 373//290 388//290 389//290 
f 377//290 390//290 378//290 
f 377//290 391//290 392//290 
f 382//290 379//290 377//290 
f 1033//290 393//290 381//290 
f 1033//290 394//290 395//290 
f 1033//290 396//290 383//290 
f 1033//290 397//290 385//290 
f 361//290 387//290 1033//290 
f 367//290 360//290 373//290 
f 378//290 388//290 373//290 
f 380//290 391//290 377//290 
f 395//290 393//290 1033//290 
f 386//290 396//290 1033//290 
f 360//290 366//290 358//290 
f 392//290 390//290 377//290 
f 384//290 394//290 1033//290 
f 389//290 375//290 373//290 
f 370//290 397//290 1033//290 
f 1033//290 398//290 399//290 
f 1033//290 377//290 398//290 
f 400//290 401//290 402//290 
f 1029//290 403//290 404//290 
f 1034//290 405//290 406//290 
f 400//290 407//290 401//290 
f 1029//290 406//290 403//290 
f 1034//290 408//290 405//290 
f 1034//290 409//290 410//290 
f 1034//290 411//290 412//290 
f 1034//290 413//290 414//290 
f 1034//290 415//290 416//290 
f 402//290 1034//290 400//290 
f 417//290 1029//290 418//290 
f 406//290 1029//290 1034//290 
f 1034//290 419//290 409//290 
f 412//290 420//290 1034//290 
f 416//290 413//290 1034//290 
f 402//290 421//290 1034//290 
f 417//290 422//290 423//290 
f 418//290 424//290 417//290 
f 1029//290 425//290 426//290 
f 1029//290 427//290 428//290 
f 410//290 408//290 1034//290 
f 420//290 429//290 1034//290 
f 421//290 415//290 1034//290 
f 417//290 430//290 422//290 
f 1029//290 431//290 418//290 
f 1029//290 432//290 425//290 
f 404//290 427//290 1029//290 
f 414//290 411//290 1034//290 
f 400//290 433//290 434//290 
f 417//290 435//290 430//290 
f 417//290 436//290 437//290 
f 417//290 438//290 439//290 
f 426//290 431//290 1029//290 
f 1029//290 440//290 441//290 
f 1029//290 442//290 443//290 
f 1029//290 444//290 445//290 
f 429//290 419//290 1034//290 
f 434//290 446//290 400//290 
f 447//290 400//290 448//290 
f 449//290 450//290 451//290 
f 417//290 452//290 435//290 
f 437//290 453//290 417//290 
f 417//290 454//290 438//290 
f 441//290 432//290 1029//290 
f 445//290 442//290 1029//290 
f 446//290 407//290 400//290 
f 448//290 455//290 447//290 
f 451//290 448//290 449//290 
f 456//290 423//290 457//290 
f 453//290 452//290 417//290 
f 424//290 454//290 417//290 
f 428//290 444//290 1029//290 
f 400//290 458//290 459//290 
f 451//290 455//290 448//290 
f 449//290 460//290 461//290 
f 449//290 456//290 462//290 
f 423//290 456//290 417//290 
f 443//290 440//290 1029//290 
f 447//290 458//290 400//290 
f 462//290 460//290 449//290 
f 439//290 436//290 417//290 
f 461//290 450//290 449//290 
f 459//290 433//290 400//290 
f 1029//290 417//290 463//290 
f 1035//290 464//290 465//290 
f 1036//290 466//290 467//290 
f 1036//290 465//290 466//290 
f 1022//290 468//290 469//290 
f 1022//290 470//290 471//290 
f 1023//290 472//290 470//290 
f 1023//290 473//290 474//290 
f 1022//290 475//290 468//290 
f 1022//290 476//290 477//290 
f 470//290 1022//290 1023//290 
f 1023//290 478//290 479//290 
f 474//290 480//290 1023//290 
f 1023//290 481//290 482//290 
f 477//290 475//290 1022//290 
f 479//290 472//290 1023//290 
f 482//290 473//290 1023//290 
f 483//290 484//290 485//290 
f 1022//290 486//290 487//290 
f 1022//290 488//290 489//290 
f 1022//290 490//290 491//290 
f 471//290 476//290 1022//290 
f 1023//290 492//290 481//290 
f 1036//290 493//290 494//290 
f 484//290 495//290 485//290 
f 484//290 496//290 497//290 
f 487//290 484//290 1022//290 
f 491//290 488//290 1022//290 
f 480//290 478//290 1023//290 
f 1023//290 498//290 499//290 
f 1023//290 500//290 501//290 
f 1036//290 502//290 493//290 
f 483//290 503//290 504//290 
f 484//290 505//290 495//290 
f 487//290 496//290 484//290 
f 1022//290 506//290 490//290 
f 499//290 492//290 1023//290 
f 1023//290 507//290 500//290 
f 494//290 1023//290 1036//290 
f 1036//290 508//290 509//290 
f 1036//290 510//290 511//290 
f 1036//290 512//290 513//290 
f 1036//290 514//290 515//290 
f 514//290 504//290 516//290 
f 483//290 517//290 503//290 
f 497//290 505//290 484//290 
f 469//290 506//290 1022//290 
f 494//290 507//290 1023//290 
f 509//290 518//290 1036//290 
f 513//290 510//290 1036//290 
f 1036//290 519//290 520//290 
f 1036//290 521//290 522//290 
f 514//290 523//290 515//290 
f 514//290 524//290 525//290 
f 516//290 526//290 514//290 
f 483//290 527//290 517//290 
f 489//290 486//290 1022//290 
f 518//290 502//290 1036//290 
f 520//290 512//290 1036//290 
f 515//290 521//290 1036//290 
f 525//290 528//290 514//290 
f 504//290 514//290 483//290 
f 501//290 498//290 1023//290 
f 522//290 519//290 1036//290 
f 526//290 524//290 514//290 
f 511//290 508//290 1036//290 
f 485//290 527//290 483//290 
f 1022//290 484//290 529//290 
f 1015//290 1022//290 530//290 
f 530//290 531//290 1015//290 
f 1015//290 532//290 533//290 
f 533//290 1016//290 1015//290 
f 534//290 535//290 536//290 
f 537//290 538//290 539//290 
f 536//290 540//290 541//290 
f 537//290 542//290 543//290 
f 537//290 544//290 545//290 
f 539//290 546//290 537//290 
f 1016//290 535//290 547//290 
f 536//290 548//290 540//290 
f 543//290 549//290 537//290 
f 546//290 544//290 537//290 
f 1016//290 550//290 551//290 
f 535//290 552//290 547//290 
f 535//290 534//290 553//290 
f 536//290 554//290 548//290 
f 555//290 556//290 557//290 
f 555//290 537//290 558//290 
f 545//290 542//290 537//290 
f 547//290 550//290 1016//290 
f 536//290 541//290 534//290 
f 555//290 559//290 554//290 
f 555//290 560//290 561//290 
f 558//290 556//290 555//290 
f 549//290 562//290 537//290 
f 995//290 538//290 537//290 
f 553//290 552//290 535//290 
f 561//290 559//290 555//290 
f 562//290 558//290 537//290 
f 995//290 563//290 538//290 
f 554//290 536//290 555//290 
f 537//290 564//290 995//290 
f 557//290 560//290 555//290 
f 996//290 995//290 565//290 
f 995//290 564//290 565//290 
f 996//290 566//290 567//290 
f 996//290 568//290 566//290 
f 569//290 152//290 151//290 
f 151//290 570//290 569//290 
f 151//290 150//290 570//290 
f 569//290 154//290 153//290 
f 571//290 156//290 155//290 
f 1037//290 163//290 162//290 
f 570//290 147//290 146//290 
f 570//290 149//290 148//290 
f 153//290 152//290 569//290 
f 155//290 569//290 571//290 
f 1037//290 164//290 163//290 
f 148//290 147//290 570//290 
f 155//290 154//290 569//290 
f 571//290 162//290 161//290 
f 1037//290 165//290 164//290 
f 997//290 119//290 118//290 
f 150//290 149//290 570//290 
f 571//290 158//290 157//290 
f 571//290 160//290 159//290 
f 162//290 571//290 1037//290 
f 1037//290 168//290 167//290 
f 1037//290 174//290 173//290 
f 997//290 120//290 119//290 
f 157//290 156//290 571//290 
f 161//290 160//290 571//290 
f 167//290 166//290 1037//290 
f 1037//290 170//290 169//290 
f 1037//290 175//290 174//290 
f 118//290 1037//290 997//290 
f 997//290 126//290 125//290 
f 996//290 144//290 143//290 
f 996//290 570//290 145//290 
f 159//290 158//290 571//290 
f 169//290 168//290 1037//290 
f 1037//290 172//290 171//290 
f 118//290 175//290 1037//290 
f 997//290 123//290 122//290 
f 125//290 124//290 997//290 
f 997//290 996//290 133//290 
f 996//290 137//290 136//290 
f 145//290 144//290 996//290 
f 166//290 165//290 1037//290 
f 173//290 172//290 1037//290 
f 122//290 121//290 997//290 
f 997//290 127//290 126//290 
f 997//290 129//290 128//290 
f 997//290 131//290 130//290 
f 133//290 132//290 997//290 
f 996//290 135//290 134//290 
f 996//290 138//290 137//290 
f 996//290 140//290 139//290 
f 996//290 142//290 141//290 
f 146//290 145//290 570//290 
f 121//290 120//290 997//290 
f 128//290 127//290 997//290 
f 132//290 131//290 997//290 
f 136//290 135//290 996//290 
f 141//290 140//290 996//290 
f 171//290 170//290 1037//290 
f 130//290 129//290 997//290 
f 139//290 138//290 996//290 
f 124//290 123//290 997//290 
f 143//290 142//290 996//290 
f 1037//290 571//290 572//290 
f 572//290 573//290 1037//290 
f 1038//290 1037//290 574//290 
f 992//290 991//290 575//290 
f 994//290 992//290 576//290 
f 992//290 577//290 576//290 
f 992//290 578//290 577//290 
f 576//290 579//290 994//290 
f 1039//290 580//290 581//290 
f 1039//290 582//290 580//290 
f 1039//290 583//290 584//290 
f 1007//290 1039//290 585//290 
f 584//290 586//290 1039//290 
f 1039//290 587//290 588//290 
f 1039//290 589//290 590//290 
f 1039//290 591//290 592//290 
f 1039//290 593//290 594//290 
f 593//290 595//290 596//290 
f 585//290 597//290 1007//290 
f 1039//290 598//290 599//290 
f 588//290 583//290 1039//290 
f 592//290 589//290 1039//290 
f 593//290 600//290 594//290 
f 593//290 601//290 595//290 
f 593//290 602//290 603//290 
f 602//290 604//290 605//290 
f 599//290 585//290 1039//290 
f 590//290 587//290 1039//290 
f 1039//290 606//290 607//290 
f 596//290 600//290 593//290 
f 603//290 608//290 593//290 
f 602//290 609//290 610//290 
f 605//290 611//290 602//290 
f 604//290 612//290 613//290 
f 614//290 615//290 616//290 
f 586//290 598//290 1039//290 
f 594//290 606//290 1039//290 
f 610//290 603//290 602//290 
f 604//290 617//290 605//290 
f 613//290 618//290 604//290 
f 619//290 620//290 604//290 
f 621//290 622//290 614//290 
f 1007//290 623//290 624//290 
f 607//290 591//290 1039//290 
f 608//290 625//290 593//290 
f 602//290 626//290 627//290 
f 618//290 617//290 604//290 
f 616//290 628//290 619//290 
f 616//290 621//290 614//290 
f 1007//290 629//290 630//290 
f 1007//290 631//290 632//290 
f 1007//290 633//290 623//290 
f 625//290 601//290 593//290 
f 611//290 626//290 602//290 
f 604//290 616//290 619//290 
f 621//290 634//290 622//290 
f 621//290 635//290 636//290 
f 621//290 630//290 637//290 
f 1007//290 638//290 629//290 
f 1007//290 639//290 640//290 
f 1007//290 641//290 631//290 
f 1007//290 642//290 643//290 
f 1007//290 644//290 645//290 
f 597//290 633//290 1007//290 
f 620//290 612//290 604//290 
f 636//290 634//290 621//290 
f 630//290 621//290 1007//290 
f 632//290 639//290 1007//290 
f 645//290 642//290 1007//290 
f 627//290 609//290 602//290 
f 637//290 635//290 621//290 
f 643//290 641//290 1007//290 
f 615//290 628//290 616//290 
f 624//290 644//290 1007//290 
f 1014//290 1007//290 621//290 
f 621//290 646//290 1014//290 
f 1014//290 647//290 648//290 
f 648//290 1021//290 1014//290 
f 1014//290 649//290 647//290 
f 648//290 650//290 1021//290 
f 651//290 652//290 653//290 
f 654//290 651//290 655//290 
f 656//290 657//290 658//290 
f 655//290 658//290 654//290 
f 658//290 659//290 656//290 
f 660//290 656//290 659//290 
f 661//290 662//290 663//290 
f 664//290 661//290 665//290 
f 658//290 666//290 654//290 
f 659//290 663//290 660//290 
f 665//290 575//290 664//290 
f 575//290 991//290 667//290 
f 657//290 666//290 658//290 
f 663//290 665//290 661//290 
f 667//290 668//290 575//290 
f 662//290 660//290 663//290 
f 668//290 669//290 575//290 
f 653//290 652//290 670//290 
f 669//290 664//290 575//290 
f 653//290 655//290 651//290 
f 671//290 672//290 673//290 
f 674//290 653//290 675//290 
f 1038//290 673//290 676//290 
f 673//290 677//290 678//290 
f 675//290 671//290 674//290 
f 678//290 676//290 673//290 
f 673//290 674//290 671//290 
f 672//290 677//290 673//290 
f 1038//290 679//290 680//290 
f 1038//290 681//290 679//290 
f 1038//290 682//290 681//290 
f 997//290 1037//290 683//290 
f 1037//290 684//290 685//290 
f 685//290 683//290 1037//290 
f 997//290 686//290 687//290 
f 683//290 688//290 997//290 
f 688//290 686//290 997//290 
f 1037//290 1038//290 689//290 
f 689//290 684//290 1037//290 
f 999//290 690//290 691//290 
f 999//290 692//290 693//290 
f 999//290 694//290 695//290 
f 693//290 690//290 999//290 
f 691//290 694//290 999//290 
f 999//290 687//290 696//290 
f 999//290 697//290 698//290 
f 696//290 692//290 999//290 
f 695//290 697//290 999//290 
f 990//290 699//290 700//290 
f 700//290 991//290 990//290 
f 990//290 701//290 699//290 
f 1000//290 702//290 703//290 
f 991//290 704//290 705//290 
f 990//290 706//290 701//290 
f 990//290 707//290 708//290 
f 990//290 1000//290 709//290 
f 1000//290 710//290 702//290 
f 1000//290 711//290 712//290 
f 700//290 704//290 991//290 
f 990//290 713//290 714//290 
f 709//290 707//290 990//290 
f 712//290 710//290 1000//290 
f 991//290 715//290 716//290 
f 991//290 717//290 718//290 
f 714//290 706//290 990//290 
f 990//290 719//290 720//290 
f 990//290 721//290 722//290 
f 703//290 709//290 1000//290 
f 718//290 715//290 991//290 
f 720//290 713//290 990//290 
f 708//290 721//290 990//290 
f 705//290 717//290 991//290 
f 1000//290 698//290 711//290 
f 722//290 719//290 990//290 
f 1020//290 723//290 724//290 
f 1020//290 1031//290 725//290 
f 1031//290 726//290 727//290 
f 1020//290 728//290 723//290 
f 1031//290 729//290 725//290 
f 1031//290 730//290 726//290 
f 725//290 728//290 1020//290 
f 1031//290 731//290 730//290 
f 1020//290 732//290 733//290 
f 727//290 729//290 1031//290 
f 724//290 732//290 1020//290 
f 1031//290 1032//290 734//290 
f 734//290 731//290 1031//290 
f 1034//290 1030//290 735//290 
f 735//290 736//290 1034//290 
f 1030//290 737//290 735//290 
f 1030//290 738//290 739//290 
f 1034//290 740//290 741//290 
f 739//290 737//290 1030//290 
f 1030//290 742//290 743//290 
f 1034//290 744//290 740//290 
f 743//290 738//290 1030//290 
f 736//290 744//290 1034//290 
f 1030//290 745//290 746//290 
f 746//290 742//290 1030//290 
f 741//290 747//290 1034//290 
f 1030//290 733//290 748//290 
f 748//290 745//290 1030//290 
f 400//290 749//290 750//290 
f 751//290 752//290 753//290 
f 751//290 754//290 755//290 
f 756//290 757//290 758//290 
f 759//290 756//290 760//290 
f 761//290 762//290 763//290 
f 400//290 764//290 749//290 
f 753//290 1033//290 751//290 
f 755//290 765//290 751//290 
f 766//290 767//290 768//290 
f 769//290 770//290 766//290 
f 760//290 763//290 759//290 
f 750//290 761//290 400//290 
f 400//290 1034//290 771//290 
f 765//290 752//290 751//290 
f 772//290 773//290 754//290 
f 768//290 772//290 766//290 
f 758//290 774//290 769//290 
f 758//290 760//290 756//290 
f 763//290 400//290 761//290 
f 1034//290 775//290 771//290 
f 754//290 751//290 772//290 
f 766//290 770//290 767//290 
f 757//290 774//290 758//290 
f 771//290 764//290 400//290 
f 768//290 773//290 772//290 
f 762//290 759//290 763//290 
f 766//290 758//290 769//290 
f 1032//290 776//290 777//290 
f 1033//290 778//290 779//290 
f 1032//290 780//290 781//290 
f 1032//290 782//290 783//290 
f 777//290 784//290 1032//290 
f 1032//290 1033//290 785//290 
f 1033//290 786//290 778//290 
f 1033//290 787//290 788//290 
f 783//290 780//290 1032//290 
f 1032//290 789//290 776//290 
f 785//290 790//290 1032//290 
f 788//290 786//290 1033//290 
f 784//290 782//290 1032//290 
f 779//290 785//290 1033//290 
f 790//290 789//290 1032//290 
f 1025//290 791//290 792//290 
f 792//290 1019//290 1025//290 
f 1019//290 793//290 794//290 
f 1025//290 795//290 791//290 
f 794//290 796//290 1019//290 
f 1025//290 797//290 795//290 
f 792//290 793//290 1019//290 
f 1025//290 1024//290 798//290 
f 1019//290 799//290 800//290 
f 798//290 797//290 1025//290 
f 796//290 799//290 1019//290 
f 1018//290 801//290 802//290 
f 1018//290 1019//290 803//290 
f 803//290 801//290 1018//290 
f 1040//290 804//290 805//290 
f 1040//290 806//290 807//290 
f 805//290 808//290 1040//290 
f 808//290 806//290 1040//290 
f 1040//290 809//290 804//290 
f 1040//290 802//290 810//290 
f 810//290 809//290 1040//290 
f 1023//290 811//290 812//290 
f 1023//290 813//290 811//290 
f 812//290 1036//290 1023//290 
f 1036//290 814//290 815//290 
f 812//290 816//290 1036//290 
f 816//290 814//290 1036//290 
f 1023//290 1040//290 817//290 
f 817//290 813//290 1023//290 
f 1035//290 815//290 818//290 
f 818//290 819//290 1035//290 
f 820//290 821//290 822//290 
f 821//290 820//290 464//290 
f 464//290 823//290 824//290 
f 464//290 825//290 821//290 
f 464//290 826//290 823//290 
f 1035//290 827//290 826//290 
f 464//290 828//290 825//290 
f 826//290 464//290 1035//290 
f 824//290 828//290 464//290 
f 829//290 463//290 830//290 
f 831//290 830//290 832//290 
f 1028//290 463//290 833//290 
f 463//290 834//290 835//290 
f 832//290 836//290 831//290 
f 837//290 832//290 838//290 
f 839//290 838//290 840//290 
f 835//290 833//290 463//290 
f 830//290 831//290 829//290 
f 840//290 841//290 839//290 
f 840//290 842//290 843//290 
f 842//290 840//290 844//290 
f 845//290 844//290 846//290 
f 846//290 822//290 847//290 
f 829//290 834//290 463//290 
f 838//290 839//290 837//290 
f 844//290 845//290 842//290 
f 847//290 848//290 846//290 
f 837//290 836//290 832//290 
f 846//290 848//290 845//290 
f 843//290 841//290 840//290 
f 1028//290 849//290 850//290 
f 1024//290 851//290 852//290 
f 1024//290 853//290 854//290 
f 1024//290 855//290 856//290 
f 1024//290 857//290 858//290 
f 1028//290 859//290 860//290 
f 1028//290 861//290 849//290 
f 1028//290 862//290 863//290 
f 854//290 851//290 1024//290 
f 858//290 855//290 1024//290 
f 860//290 1024//290 1028//290 
f 863//290 861//290 1028//290 
f 856//290 853//290 1024//290 
f 850//290 859//290 1028//290 
f 860//290 857//290 1024//290 
f 864//290 865//290 866//290 
f 867//290 866//290 868//290 
f 869//290 868//290 870//290 
f 866//290 871//290 864//290 
f 870//290 872//290 869//290 
f 870//290 873//290 874//290 
f 866//290 867//290 871//290 
f 874//290 872//290 870//290 
f 873//290 870//290 875//290 
f 868//290 869//290 867//290 
f 875//290 876//290 877//290 
f 878//290 582//290 879//290 
f 875//290 877//290 873//290 
f 875//290 878//290 880//290 
f 582//290 881//290 879//290 
f 865//290 882//290 883//290 
f 865//290 884//290 885//290 
f 880//290 876//290 875//290 
f 879//290 886//290 878//290 
f 885//290 882//290 865//290 
f 886//290 880//290 878//290 
f 582//290 887//290 888//290 
f 1039//290 889//290 887//290 
f 864//290 884//290 865//290 
f 887//290 582//290 1039//290 
f 888//290 881//290 582//290 
f 1005//290 890//290 891//290 
f 1007//290 891//290 892//290 
f 1005//290 893//290 890//290 
f 1007//290 894//290 895//290 
f 1007//290 896//290 897//290 
f 891//290 1007//290 1005//290 
f 1005//290 898//290 899//290 
f 1007//290 900//290 894//290 
f 897//290 901//290 1007//290 
f 1005//290 902//290 893//290 
f 899//290 903//290 1005//290 
f 1007//290 904//290 905//290 
f 901//290 900//290 1007//290 
f 1005//290 906//290 902//290 
f 903//290 907//290 1005//290 
f 895//290 904//290 1007//290 
f 907//290 906//290 1005//290 
f 1005//290 908//290 909//290 
f 994//290 910//290 911//290 
f 1007//290 912//290 896//290 
f 909//290 898//290 1005//290 
f 994//290 913//290 910//290 
f 994//290 914//290 915//290 
f 1007//290 916//290 917//290 
f 1007//290 918//290 919//290 
f 892//290 912//290 1007//290 
f 1005//290 920//290 921//290 
f 1005//290 994//290 922//290 
f 915//290 913//290 994//290 
f 994//290 883//290 923//290 
f 1007//290 924//290 916//290 
f 905//290 918//290 1007//290 
f 922//290 920//290 1005//290 
f 923//290 914//290 994//290 
f 1039//290 925//290 926//290 
f 919//290 924//290 1007//290 
f 911//290 922//290 994//290 
f 1039//290 927//290 925//290 
f 1039//290 917//290 928//290 
f 921//290 908//290 1005//290 
f 926//290 929//290 1039//290 
f 917//290 1039//290 1007//290 
f 928//290 927//290 1039//290 
f 1025//290 930//290 931//290 
f 1025//290 932//290 930//290 
f 1025//290 1010//290 933//290 
f 933//290 932//290 1025//290 
f 1010//290 934//290 935//290 
f 1010//290 936//290 937//290 
f 1012//290 938//290 936//290 
f 1025//290 939//290 940//290 
f 1010//290 941//290 933//290 
f 1010//290 942//290 934//290 
f 1010//290 943//290 944//290 
f 936//290 1010//290 1012//290 
f 940//290 945//290 1025//290 
f 1025//290 946//290 947//290 
f 935//290 941//290 1010//290 
f 1010//290 948//290 943//290 
f 1010//290 949//290 950//290 
f 1012//290 951//290 938//290 
f 947//290 939//290 1025//290 
f 1025//290 952//290 953//290 
f 944//290 942//290 1010//290 
f 937//290 949//290 1010//290 
f 1025//290 954//290 955//290 
f 953//290 946//290 1025//290 
f 950//290 948//290 1010//290 
f 1025//290 956//290 954//290 
f 931//290 952//290 1025//290 
f 945//290 956//290 1025//290 
f 1013//290 1020//290 957//290 
f 1020//290 958//290 957//290 
f 1020//290 959//290 958//290 
f 1020//290 960//290 961//290 
f 1020//290 1026//290 962//290 
f 1013//290 963//290 964//290 
f 1013//290 965//290 966//290 
f 961//290 959//290 1020//290 
f 1020//290 967//290 968//290 
f 1026//290 969//290 962//290 
f 1013//290 970//290 971//290 
f 1013//290 972//290 963//290 
f 1013//290 973//290 965//290 
f 957//290 974//290 1013//290 
f 1020//290 975//290 967//290 
f 962//290 976//290 1020//290 
f 1013//290 977//290 970//290 
f 1013//290 978//290 972//290 
f 974//290 973//290 1013//290 
f 976//290 975//290 1020//290 
f 964//290 977//290 1013//290 
f 968//290 960//290 1020//290 
f 1012//290 1013//290 979//290 
f 966//290 978//290 1013//290 
f 1026//290 980//290 981//290 
f 979//290 982//290 1012//290 
f 981//290 969//290 1026//290 
f 1026//290 983//290 984//290 
f 1012//290 985//290 986//290 
f 971//290 979//290 1013//290 
f 1026//290 987//290 983//290 
f 1012//290 988//290 985//290 
f 984//290 980//290 1026//290 
f 986//290 989//290 1012//290 
f 1026//290 955//290 987//290 
f 982//290 988//290 1012//290 
f 989//290 951//290 1012//290 
f 955//290 1026//290 1025//290 
f 929//290 889//290 1039//290 
f 883//290 994//290 865//290 
f 852//290 798//290 1024//290 
f 833//290 862//290 1028//290 
f 822//290 846//290 820//290 
f 819//290 827//290 1035//290 
f 815//290 1035//290 1036//290 
f 807//290 817//290 1040//290 
f 802//290 1040//290 1018//290 
f 800//290 803//290 1019//290 
f 781//290 734//290 1032//290 
f 753//290 787//290 1033//290 
f 747//290 775//290 1034//290 
f 733//290 1030//290 1020//290 
f 716//290 667//290 991//290 
f 698//290 1000//290 999//290 
f 687//290 999//290 997//290 
f 680//290 689//290 1038//290 
f 676//290 682//290 1038//290 
f 670//290 675//290 653//290 
f 650//290 334//290 1021//290 
f 646//290 649//290 1014//290 
f 640//290 638//290 1007//290 
f 581//290 593//290 1039//290 
f 579//290 865//290 994//290 
f 575//290 578//290 992//290 
f 574//290 673//290 1038//290 
f 573//290 574//290 1037//290 
f 134//290 133//290 996//290 
f 567//290 570//290 996//290 
f 565//290 568//290 996//290 
f 551//290 326//290 1016//290 
f 533//290 535//290 1016//290 
f 531//290 532//290 1015//290 
f 529//290 530//290 1022//290 
f 528//290 523//290 514//290 
f 467//290 514//290 1036//290 
f 465//290 1036//290 1035//290 
f 463//290 1028//290 1029//290 
f 457//290 462//290 456//290 
f 399//290 751//290 1033//290 
f 381//290 377//290 1033//290 
f 336//290 1032//290 1031//290 
f 333//290 1031//290 1021//290 
f 328//290 563//290 995//290 
f 1030//290 1034//290 1029//290 
f 1027//290 1029//290 1028//290 
f 1020//290 1030//290 1027//290 
f 1026//290 1027//290 1024//290 
f 1018//290 1040//290 1023//290 
f 1017//290 1023//290 1022//290 
f 1021//290 1031//290 1020//290 
f 1010//290 1025//290 1019//290 
f 1011//290 1019//290 1018//290 
f 1009//290 1018//290 1017//290 
f 1008//290 1017//290 1015//290 
f 1014//290 1021//290 1013//290 
f 1006//290 1013//290 1012//290 
f 1004//290 1012//290 1010//290 
f 276//290 269//290 1011//290 
f 1001//290 1011//290 1009//290 
f 1002//290 1009//290 1008//290 
f 1007//290 1014//290 1006//290 
f 1005//290 1006//290 1004//290 
f 993//290 1004//290 1003//290 
f 990//290 1003//290 1001//290 
f 222//290 228//290 1002//290 
f 999//290 1002//290 998//290 
f 997//290 998//290 995//290 
f 994//290 1005//290 993//290 
f 992//290 993//290 990//290 
o mesh4
f 1041//291 1042//291 235//291 
f 235//291 234//291 1041//291 
o mesh5
f 234//291 236//292 1043//292 
f 236//292 241//293 1044//293 
f 241//293 244//294 1045//294 
f 244//294 253//295 1046//295 
f 253//295 246//296 1047//296 
f 246//296 245//297 1048//297 
f 245//297 248//298 1049//298 
f 248//298 247//299 1050//299 
f 247//299 254//300 1051//300 
f 254//300 242//301 1052//301 
f 242//301 239//302 1053//302 
f 239//302 238//303 1054//303 
f 238//303 249//304 1055//304 
f 249//304 255//305 1056//305 
f 255//305 250//306 1057//306 
f 1057//306 1056//305 255//305 
f 1056//305 1055//304 249//304 
f 1055//304 1054//303 238//303 
f 1054//303 1053//302 239//302 
f 1053//302 1052//301 242//301 
f 1052//301 1051//300 254//300 
f 1051//300 1050//299 247//299 
f 1050//299 1049//298 248//298 
f 1049//298 1048//297 245//297 
f 1048//297 1047//296 246//296 
f 1047//296 1046//295 253//295 
f 1046//295 1045//294 244//294 
f 1045//294 1044//293 241//293 
f 1044//293 1043//292 236//292 
f 1043//292 1041//307 234//291 
o mesh6
f 262//308 271//309 1058//309 
f 271//309 297//310 1059//310 
f 297//310 295//311 1060//311 
f 295//311 294//312 1061//312 
f 294//312 296//313 1062//313 
f 296//313 290//314 1063//314 
f 290//314 289//315 1064//315 
f 289//315 280//316 1065//316 
f 280//316 252//317 1066//317 
f 252//317 251//318 1067//318 
f 251//318 263//319 1068//319 
f 263//319 265//320 1069//320 
f 265//320 264//321 1070//321 
f 264//321 237//322 1071//322 
f 237//322 235//323 1042//323 
f 1042//323 1071//322 237//322 
f 1071//322 1070//321 264//321 
f 1070//321 1069//320 265//320 
f 1069//320 1068//319 263//319 
f 1068//319 1067//318 251//318 
f 1067//318 1066//317 252//317 
f 1066//317 1065//316 280//316 
f 1065//316 1064//315 289//315 
f 1064//315 1063//314 290//314 
f 1063//314 1062//313 296//313 
f 1062//313 1061//312 294//312 
f 1061//312 1060//311 295//311 
f 1060//311 1059//310 297//310 
f 1059//310 1058//309 271//309 
f 1058//309 1072//324 262//308 
o mesh7
f 250//325 240//325 1073//325 
f 1073//325 1057//325 250//325 
o mesh8
f 1072//324 1074//324 279//324 
f 279//324 262//324 1072//324 
o mesh9
f 240//325 243//326 1075//326 
f 243//326 257//327 1076//327 
f 257//327 256//328 1077//328 
f 256//328 266//329 1078//329 
f 266//329 259//330 1079//330 
f 259//330 258//331 1080//331 
f 258//331 261//332 1081//332 
f 261//332 260//333 1082//333 
f 260//333 268//334 1083//334 
f 268//334 267//335 1084//335 
f 267//335 272//336 1085//336 
f 272//336 274//337 1086//337 
f 274//337 273//338 1087//338 
f 273//338 281//339 1088//339 
f 281//339 270//340 1089//340 
f 1089//340 1088//339 281//339 
f 1088//339 1087//338 273//338 
f 1087//338 1086//337 274//337 
f 1086//337 1085//336 272//336 
f 1085//336 1084//335 267//335 
f 1084//335 1083//334 268//334 
f 1083//334 1082//333 260//333 
f 1082//333 1081//332 261//332 
f 1081//332 1080//331 258//331 
f 1080//331 1079//330 259//330 
f 1079//330 1078//329 266//329 
f 1078//329 1077//328 256//328 
f 1077//328 1076//327 257//327 
f 1076//327 1075//326 243//326 
f 1075//326 1073//341 240//325 
o mesh10
f 269//340 276//342 1090//342 
f 276//342 275//343 1091//343 
f 275//343 282//344 1092//344 
f 282//344 291//345 1093//345 
f 291//345 292//346 1094//346 
f 292//346 284//347 1095//347 
f 284//347 283//348 1096//348 
f 283//348 286//349 1097//349 
f 286//349 285//350 1098//350 
f 285//350 293//351 1099//351 
f 293//351 278//352 1100//352 
f 278//352 277//353 1101//353 
f 277//353 287//354 1102//354 
f 287//354 288//355 1103//355 
f 288//355 279//356 1074//356 
f 1074//356 1103//355 288//355 
f 1103//355 1102//354 287//354 
f 1102//354 1101//353 277//353 
f 1101//353 1100//352 278//352 
f 1100//352 1099//351 293//351 
f 1099//351 1098//350 285//350 
f 1098//350 1097//349 286//349 
f 1097//349 1096//348 283//348 
f 1096//348 1095//347 284//347 
f 1095//347 1094//346 292//346 
f 1094//346 1093//345 291//345 
f 1093//345 1092//344 282//344 
f 1092//344 1091//343 275//343 
f 1091//343 1090//342 276//342 
f 1090//342 1104//357 269//340 
o mesh11
f 1104//357 1089//357 270//357 
f 270//357 269//357 1104//357 
o mesh12
f 1088//358 1089//359 1105//359 
f 1087//360 1088//358 1106//361 
f 1086//362 1087//360 1107//363 
f 1085//364 1086//362 1108//365 
f 1084//366 1085//364 1109//367 
f 1083//368 1084//366 1110//369 
f 1082//370 1083//368 1111//371 
f 1081//372 1082//370 1112//373 
f 1080//374 1081//372 1113//375 
f 1079//376 1080//374 1114//377 
f 1078//378 1079//376 1115//379 
f 1077//380 1078//378 1116//381 
f 1076//382 1077//380 1117//383 
f 1075//384 1076//382 1118//385 
f 1073//386 1075//384 1119//387 
f 1119//387 1120//386 1073//386 
f 1118//385 1119//387 1075//384 
f 1117//383 1118//385 1076//382 
f 1116//381 1117//383 1077//380 
f 1115//379 1116//381 1078//378 
f 1114//377 1115//379 1079//376 
f 1113//375 1114//377 1080//374 
f 1112//373 1113//375 1081//372 
f 1111//371 1112//373 1082//370 
f 1110//369 1111//371 1083//368 
f 1109//367 1110//369 1084//366 
f 1108//365 1109//367 1085//364 
f 1107//363 1108//365 1086//362 
f 1106//361 1107//363 1087//360 
f 1105//359 1106//361 1088//358 
o mesh13
f 1103//388 1074//389 1121//389 
f 1102//390 1103//388 1122//391 
f 1101//392 1102//390 1123//393 
f 1100//394 1101//392 1124//395 
f 1099//396 1100//394 1125//397 
f 1098//398 1099//396 1126//399 
f 1097//400 1098//398 1127//401 
f 1096//402 1097//400 1128//403 
f 1095//404 1096//402 1129//405 
f 1094//406 1095//404 1130//407 
f 1093//408 1094//406 1131//409 
f 1092//410 1093//408 1132//411 
f 1091//412 1092//410 1133//413 
f 1090//414 1091//412 1134//415 
f 1104//416 1090//414 1135//417 
f 1135//417 1136//416 1104//416 
f 1134//415 1135//417 1090//414 
f 1133//413 1134//415 1091//412 
f 1132//411 1133//413 1092//410 
f 1131//409 1132//411 1093//408 
f 1130//407 1131//409 1094//406 
f 1129//405 1130//407 1095//404 
f 1128//403 1129//405 1096//402 
f 1127//401 1128//403 1097//400 
f 1126//399 1127//401 1098//398 
f 1125//397 1126//399 1099//396 
f 1124//395 1125//397 1100//394 
f 1123//393 1124//395 1101//392 
f 1122//391 1123//393 1102//390 
f 1121//389 1122//391 1103//388 
o mesh14
f 1071//418 1042//419 1137//419 
f 1070//420 1071//418 1138//421 
f 1069//422 1070//420 1139//423 
f 1068//424 1069//422 1140//425 
f 1067//426 1068//424 1141//427 
f 1066//428 1067//426 1142//429 
f 1065//430 1066//428 1143//431 
f 1064//432 1065//430 1144//433 
f 1063//434 1064//432 1145//435 
f 1062//436 1063//434 1146//437 
f 1061//438 1062//436 1147//439 
f 1060//440 1061//438 1148//441 
f 1059//442 1060//440 1149//443 
f 1058//444 1059//442 1150//445 
f 1072//446 1058//444 1151//447 
f 1151//447 1152//446 1072//446 
f 1150//445 1151//447 1058//444 
f 1149//443 1150//445 1059//442 
f 1148//441 1149//443 1060//440 
f 1147//439 1148//441 1061//438 
f 1146//437 1147//439 1062//436 
f 1145//435 1146//437 1063//434 
f 1144//433 1145//435 1064//432 
f 1143//431 1144//433 1065//430 
f 1142//429 1143//431 1066//428 
f 1141//427 1142//429 1067//426 
f 1140//425 1141//427 1068//424 
f 1139//423 1140//425 1069//422 
f 1138//421 1139//423 1070//420 
f 1137//419 1138//421 1071//418 
o mesh15
f 1056//448 1057//449 1153//449 
f 1055//450 1056//448 1154//451 
f 1054//452 1055//450 1155//453 
f 1053//454 1054//452 1156//455 
f 1052//456 1053//454 1157//457 
f 1051//458 1052//456 1158//459 
f 1050//460 1051//458 1159//461 
f 1049//462 1050//460 1160//463 
f 1048//464 1049//462 1161//465 
f 1047//466 1048//464 1162//467 
f 1046//468 1047//466 1163//469 
f 1045//470 1046//468 1164//471 
f 1044//472 1045//470 1165//473 
f 1043//474 1044//472 1166//475 
f 1041//476 1043//474 1167//477 
f 1167//477 1168//476 1041//476 
f 1166//475 1167//477 1043//474 
f 1165//473 1166//475 1044//472 
f 1164//471 1165//473 1045//470 
f 1163//469 1164//471 1046//468 
f 1162//467 1163//469 1047//466 
f 1161//465 1162//467 1048//464 
f 1160//463 1161//465 1049//462 
f 1159//461 1160//463 1050//460 
f 1158//459 1159//461 1051//458 
f 1157//457 1158//459 1052//456 
f 1156//455 1157//457 1053//454 
f 1155//453 1156//455 1054//452 
f 1154//451 1155//453 1055//450 
f 1153//449 1154//451 1056//448 
o mesh16
f 1089//478 1104//478 1136//478 
f 1136//478 1105//478 1089//478 
o mesh17
f 1057//479 1073//479 1120//479 
f 1120//479 1153//479 1057//479 
o mesh18
f 1042//480 1041//480 1168//480 
f 1168//480 1137//480 1042//480 
o mesh19
f 1074//481 1072//481 1152//481 
f 1152//481 1121//481 1074//481 
usemtl 0.898039_0.917647_0.929412_0.000000_0.000000
o mesh20
f 618//482 613//483 1169//483 
f 613//483 612//484 1170//484 
f 612//484 620//485 1171//485 
f 620//485 619//486 1172//486 
f 619//486 628//487 1173//487 
f 628//487 615//488 1174//488 
f 615//488 614//489 1175//489 
f 614//489 622//490 1176//490 
f 622//490 634//491 1177//491 
f 634//491 636//492 1178//492 
f 636//492 635//493 1179//493 
f 635//493 637//494 1180//494 
f 637//494 630//495 1181//495 
f 630//495 629//496 1182//496 
f 629//496 638//497 1183//497 
f 638//497 640//498 1184//498 
f 640//498 639//499 1185//499 
f 639//499 632//500 1186//500 
f 632//500 631//501 1187//501 
f 631//501 641//502 1188//502 
f 641//502 643//503 1189//503 
f 643//503 642//504 1190//504 
f 642//504 645//505 1191//505 
f 645//505 644//506 1192//506 
f 644//506 624//507 1193//507 
f 624//507 623//508 1194//508 
f 623//508 633//509 1195//509 
f 633//509 597//510 1196//510 
f 597//510 585//511 1197//511 
f 585//511 599//512 1198//512 
f 599//512 598//513 1199//513 
f 598//513 586//514 1200//514 
f 586//514 584//515 1201//515 
f 584//515 583//516 1202//516 
f 583//516 588//517 1203//517 
f 588//517 587//518 1204//518 
f 587//518 590//519 1205//519 
f 590//519 589//520 1206//520 
f 589//520 592//521 1207//521 
f 592//521 591//522 1208//522 
f 591//522 607//523 1209//523 
f 607//523 606//524 1210//524 
f 606//524 594//525 1211//525 
f 594//525 600//526 1212//526 
f 600//526 596//527 1213//527 
f 596//527 595//528 1214//528 
f 595//528 601//529 1215//529 
f 601//529 625//530 1216//530 
f 625//530 608//531 1217//531 
f 608//531 603//532 1218//532 
f 603//532 610//533 1219//533 
f 610//533 609//534 1220//534 
f 609//534 627//535 1221//535 
f 627//535 626//536 1222//536 
f 626//536 611//537 1223//537 
f 611//537 605//538 1224//538 
f 605//538 617//539 1225//539 
f 617//539 618//482 1226//540 
f 1226//540 1225//539 617//539 
f 1225//539 1224//538 605//538 
f 1224//538 1223//537 611//537 
f 1223//537 1222//536 626//536 
f 1222//536 1221//535 627//535 
f 1221//535 1220//534 609//534 
f 1220//534 1219//533 610//533 
f 1219//533 1218//532 603//532 
f 1218//532 1217//531 608//531 
f 1217//531 1216//530 625//530 
f 1216//530 1215//529 601//529 
f 1215//529 1214//528 595//528 
f 1214//528 1213//527 596//527 
f 1213//527 1212//526 600//526 
f 1212//526 1211//525 594//525 
f 1211//525 1210//524 606//524 
f 1210//524 1209//523 607//523 
f 1209//523 1208//522 591//522 
f 1208//522 1207//521 592//521 
f 1207//521 1206//520 589//520 
f 1206//520 1205//519 590//519 
f 1205//519 1204//518 587//518 
f 1204//518 1203//517 588//517 
f 1203//517 1202//516 583//516 
f 1202//516 1201//515 584//515 
f 1201//515 1200//514 586//514 
f 1200//514 1199//513 598//513 
f 1199//513 1198//512 599//512 
f 1198//512 1197//511 585//511 
f 1197//511 1196//510 597//510 
f 1196//510 1195//509 633//509 
f 1195//509 1194//508 623//508 
f 1194//508 1193//507 624//507 
f 1193//507 1192//506 644//506 
f 1192//506 1191//505 645//505 
f 1191//505 1190//504 642//504 
f 1190//504 1189//503 643//503 
f 1189//503 1188//502 641//502 
f 1188//502 1187//501 631//501 
f 1187//501 1186//500 632//500 
f 1186//500 1185//499 639//499 
f 1185//499 1184//498 640//498 
f 1184//498 1183//497 638//497 
f 1183//497 1182//496 629//496 
f 1182//496 1181//495 630//495 
f 1181//495 1180//494 637//494 
f 1180//494 1179//493 635//493 
f 1179//493 1178//492 636//492 
f 1178//492 1177//491 634//491 
f 1177//491 1176//490 622//490 
f 1176//490 1175//489 614//489 
f 1175//489 1174//488 615//488 
f 1174//488 1173//487 628//487 
f 1173//487 1172//486 619//486 
f 1172//486 1171//485 620//485 
f 1171//485 1170//484 612//484 
f 1170//484 1169//483 613//483 
f 1169//483 1226//540 618//482 
usemtl 0.039216_0.039216_0.039216_0.000000_0.000000
o mesh21
f 1225//541 1226//542 1227//542 
f 1224//543 1225//541 1228//544 
f 1223//545 1224//543 1229//546 
f 1222//547 1223//545 1230//548 
f 1221//549 1222//547 1231//550 
f 1220//551 1221//549 1232//552 
f 1219//553 1220//551 1233//554 
f 1218//555 1219//553 1234//556 
f 1217//557 1218//555 1235//558 
f 1216//559 1217//557 1236//560 
f 1215//561 1216//559 1237//562 
f 1214//563 1215//561 1238//564 
f 1213//565 1214//563 1239//566 
f 1212//567 1213//565 1240//568 
f 1211//569 1212//567 1241//570 
f 1210//571 1211//569 1242//572 
f 1209//573 1210//571 1243//574 
f 1208//575 1209//573 1244//576 
f 1207//577 1208//575 1245//578 
f 1206//579 1207//577 1246//580 
f 1205//581 1206//579 1247//582 
f 1204//583 1205//581 1248//584 
f 1203//585 1204//583 1249//586 
f 1202//587 1203//585 1250//588 
f 1201//589 1202//587 1251//590 
f 1200//591 1201//589 1252//592 
f 1199//593 1200//591 1253//594 
f 1198//595 1199//593 1254//596 
f 1197//597 1198//595 1255//598 
f 1196//599 1197//597 1256//600 
f 1195//601 1196//599 1257//602 
f 1194//603 1195//601 1258//604 
f 1193//605 1194//603 1259//606 
f 1192//607 1193//605 1260//608 
f 1191//609 1192//607 1261//610 
f 1190//611 1191//609 1262//612 
f 1189//613 1190//611 1263//614 
f 1188//615 1189//613 1264//616 
f 1187//617 1188//615 1265//618 
f 1186//619 1187//617 1266//620 
f 1185//621 1186//619 1267//622 
f 1184//623 1185//621 1268//624 
f 1183//625 1184//623 1269//626 
f 1182//627 1183//625 1270//628 
f 1181//629 1182//627 1271//630 
f 1180//631 1181//629 1272//632 
f 1179//633 1180//631 1273//634 
f 1178//635 1179//633 1274//636 
f 1177//637 1178//635 1275//638 
f 1176//639 1177//637 1276//640 
f 1175//641 1176//639 1277//642 
f 1174//643 1175//641 1278//644 
f 1173//645 1174//643 1279//646 
f 1172//647 1173//645 1280//648 
f 1171//649 1172//647 1281//650 
f 1170//651 1171//649 1282//652 
f 1169//653 1170//651 1283//654 
f 1226//542 1169//653 1284//653 
f 1284//653 1227//542 1226//542 
f 1283//654 1284//653 1169//653 
f 1282//652 1283//654 1170//651 
f 1281//650 1282//652 1171//649 
f 1280//648 1281//650 1172//647 
f 1279//646 1280//648 1173//645 
f 1278//644 1279//646 1174//643 
f 1277//642 1278//644 1175//641 
f 1276//640 1277//642 1176//639 
f 1275//638 1276//640 1177//637 
f 1274//636 1275//638 1178//635 
f 1273//634 1274//636 1179//633 
f 1272//632 1273//634 1180//631 
f 1271//630 1272//632 1181//629 
f 1270//628 1271//630 1182//627 
f 1269//626 1270//628 1183//625 
f 1268//624 1269//626 1184//623 
f 1267//622 1268//624 1185//621 
f 1266//620 1267//622 1186//619 
f 1265//618 1266//620 1187//617 
f 1264//616 1265//618 1188//615 
f 1263//614 1264//616 1189//613 
f 1262//612 1263//614 1190//611 
f 1261//610 1262//612 1191//609 
f 1260//608 1261//610 1192//607 
f 1259//606 1260//608 1193//605 
f 1258//604 1259//606 1194//603 
f 1257//602 1258//604 1195//601 
f 1256//600 1257//602 1196//599 
f 1255//598 1256//600 1197//597 
f 1254//596 1255//598 1198//595 
f 1253//594 1254//596 1199//593 
f 1252//592 1253//594 1200//591 
f 1251//590 1252//592 1201//589 
f 1250//588 1251//590 1202//587 
f 1249//586 1250//588 1203//585 
f 1248//584 1249//586 1204//583 
f 1247//582 1248//584 1205//581 
f 1246//580 1247//582 1206//579 
f 1245//578 1246//580 1207//577 
f 1244//576 1245//578 1208//575 
f 1243//574 1244//576 1209//573 
f 1242//572 1243//574 1210//571 
f 1241//570 1242//572 1211//569 
f 1240//568 1241//570 1212//567 
f 1239//566 1240//568 1213//565 
f 1238//564 1239//566 1214//563 
f 1237//562 1238//564 1215//561 
f 1236//560 1237//562 1216//559 
f 1235//558 1236//560 1217//557 
f 1234//556 1235//558 1218//555 
f 1233//554 1234//556 1219//553 
f 1232//552 1233//554 1220//551 
f 1231//550 1232//552 1221//549 
f 1230//548 1231//550 1222//547 
f 1229//546 1230//548 1223//545 
f 1228//544 1229//546 1224//543 
f 1227//542 1228//544 1225//541 
usemtl 0.898039_0.917647_0.929412_0.000000_0.000000
o mesh22
f 1285//655 1228//656 1227//657 
f 1285//658 1229//659 1228//656 
f 1285//660 1230//661 1229//659 
f 1285//662 1231//663 1230//661 
f 1285//664 1232//665 1231//663 
f 1285//666 1233//667 1232//665 
f 1285//668 1234//669 1233//667 
f 1285//670 1235//671 1234//669 
f 1285//672 1236//673 1235//671 
f 1285//674 1237//675 1236//673 
f 1285//676 1238//677 1237//675 
f 1285//678 1239//679 1238//677 
f 1285//680 1240//681 1239//679 
f 1285//682 1241//683 1240//681 
f 1285//684 1242//685 1241//683 
f 1285//686 1243//687 1242//685 
f 1285//688 1244//689 1243//687 
f 1285//690 1245//691 1244//689 
f 1285//692 1246//693 1245//691 
f 1285//694 1247//695 1246//693 
f 1285//696 1248//697 1247//695 
f 1285//698 1249//699 1248//697 
f 1285//700 1250//701 1249//699 
f 1285//702 1251//703 1250//701 
f 1285//704 1252//705 1251//703 
f 1285//706 1253//707 1252//705 
f 1285//708 1254//709 1253//707 
f 1285//710 1255//711 1254//709 
f 1285//712 1256//713 1255//711 
f 1285//714 1257//715 1256//713 
f 1285//716 1258//717 1257//715 
f 1285//718 1259//719 1258//717 
f 1285//720 1260//721 1259//719 
f 1285//722 1261//723 1260//721 
f 1285//724 1262//725 1261//723 
f 1285//726 1263//727 1262//725 
f 1285//728 1264//729 1263//727 
f 1285//730 1265//731 1264//729 
f 1285//732 1266//733 1265//731 
f 1285//734 1267//735 1266//733 
f 1285//736 1268//737 1267//735 
f 1285//738 1269//739 1268//737 
f 1285//740 1270//741 1269//739 
f 1285//742 1271//743 1270//741 
f 1285//744 1272//745 1271//743 
f 1285//746 1273//747 1272//745 
f 1285//748 1274//749 1273//747 
f 1285//750 1275//751 1274//749 
f 1285//752 1276//753 1275//751 
f 1285//754 1277//755 1276//753 
f 1285//756 1278//757 1277//755 
f 1285//758 1279//759 1278//757 
f 1285//760 1280//761 1279//759 
f 1285//762 1281//763 1280//761 
f 1285//764 1282//765 1281//763 
f 1285//766 1283//767 1282//765 
f 1285//768 1284//769 1283//767 
f 1285//770 1227//657 1284//769 
o mesh23
f 372//771 368//772 1286//772 
f 368//772 367//773 1287//773 
f 367//773 374//774 1288//774 
f 374//774 376//775 1289//775 
f 376//775 375//776 1290//776 
f 375//776 389//777 1291//777 
f 389//777 388//778 1292//778 
f 388//778 378//779 1293//779 
f 378//779 390//780 1294//780 
f 390//780 392//781 1295//781 
f 392//781 391//782 1296//782 
f 391//782 380//783 1297//783 
f 380//783 379//784 1298//784 
f 379//784 382//785 1299//785 
f 382//785 381//786 1300//786 
f 381//786 393//787 1301//787 
f 393//787 395//788 1302//788 
f 395//788 394//789 1303//789 
f 394//789 384//790 1304//790 
f 384//790 383//791 1305//791 
f 383//791 396//792 1306//792 
f 396//792 386//793 1307//793 
f 386//793 385//794 1308//794 
f 385//794 397//795 1309//795 
f 397//795 370//796 1310//796 
f 370//796 369//797 1311//797 
f 369//797 387//798 1312//798 
f 387//798 361//799 1313//799 
f 361//799 357//800 1314//800 
f 357//800 363//801 1315//801 
f 363//801 362//802 1316//802 
f 362//802 353//803 1317//803 
f 353//803 352//804 1318//804 
f 352//804 355//805 1319//805 
f 355//805 354//806 1320//806 
f 354//806 364//807 1321//807 
f 364//807 345//808 1322//808 
f 345//808 344//809 1323//809 
f 344//809 338//810 1324//810 
f 338//810 337//811 1325//811 
f 337//811 346//812 1326//812 
f 346//812 340//813 1327//813 
f 340//813 339//814 1328//814 
f 339//814 341//815 1329//815 
f 341//815 348//816 1330//816 
f 348//816 347//817 1331//817 
f 347//817 349//818 1332//818 
f 349//818 343//819 1333//819 
f 343//819 342//820 1334//820 
f 342//820 351//821 1335//821 
f 351//821 350//822 1336//822 
f 350//822 356//823 1337//823 
f 356//823 359//824 1338//824 
f 359//824 358//825 1339//825 
f 358//825 366//826 1340//826 
f 366//826 365//827 1341//827 
f 365//827 371//828 1342//828 
f 371//828 372//771 1343//829 
f 1343//829 1342//828 371//828 
f 1342//828 1341//827 365//827 
f 1341//827 1340//826 366//826 
f 1340//826 1339//825 358//825 
f 1339//825 1338//824 359//824 
f 1338//824 1337//823 356//823 
f 1337//823 1336//822 350//822 
f 1336//822 1335//821 351//821 
f 1335//821 1334//820 342//820 
f 1334//820 1333//819 343//819 
f 1333//819 1332//818 349//818 
f 1332//818 1331//817 347//817 
f 1331//817 1330//816 348//816 
f 1330//816 1329//815 341//815 
f 1329//815 1328//814 339//814 
f 1328//814 1327//813 340//813 
f 1327//813 1326//812 346//812 
f 1326//812 1325//811 337//811 
f 1325//811 1324//810 338//810 
f 1324//810 1323//809 344//809 
f 1323//809 1322//808 345//808 
f 1322//808 1321//807 364//807 
f 1321//807 1320//806 354//806 
f 1320//806 1319//805 355//805 
f 1319//805 1318//804 352//804 
f 1318//804 1317//803 353//803 
f 1317//803 1316//802 362//802 
f 1316//802 1315//801 363//801 
f 1315//801 1314//800 357//800 
f 1314//800 1313//799 361//799 
f 1313//799 1312//798 387//798 
f 1312//798 1311//797 369//797 
f 1311//797 1310//796 370//796 
f 1310//796 1309//795 397//795 
f 1309//795 1308//794 385//794 
f 1308//794 1307//793 386//793 
f 1307//793 1306//792 396//792 
f 1306//792 1305//791 383//791 
f 1305//791 1304//790 384//790 
f 1304//790 1303//789 394//789 
f 1303//789 1302//788 395//788 
f 1302//788 1301//787 393//787 
f 1301//787 1300//786 381//786 
f 1300//786 1299//785 382//785 
f 1299//785 1298//784 379//784 
f 1298//784 1297//783 380//783 
f 1297//783 1296//782 391//782 
f 1296//782 1295//781 392//781 
f 1295//781 1294//780 390//780 
f 1294//780 1293//779 378//779 
f 1293//779 1292//778 388//778 
f 1292//778 1291//777 389//777 
f 1291//777 1290//776 375//776 
f 1290//776 1289//775 376//775 
f 1289//775 1288//774 374//774 
f 1288//774 1287//773 367//773 
f 1287//773 1286//772 368//772 
f 1286//772 1343//829 372//771 
usemtl 0.039216_0.039216_0.039216_0.000000_0.000000
o mesh24
f 1342//830 1343//831 1344//831 
f 1341//832 1342//830 1345//833 
f 1340//834 1341//832 1346//835 
f 1339//836 1340//834 1347//837 
f 1338//838 1339//836 1348//839 
f 1337//840 1338//838 1349//841 
f 1336//842 1337//840 1350//843 
f 1335//844 1336//842 1351//845 
f 1334//846 1335//844 1352//847 
f 1333//848 1334//846 1353//849 
f 1332//850 1333//848 1354//851 
f 1331//852 1332//850 1355//853 
f 1330//854 1331//852 1356//855 
f 1329//856 1330//854 1357//857 
f 1328//858 1329//856 1358//859 
f 1327//860 1328//858 1359//861 
f 1326//862 1327//860 1360//863 
f 1325//864 1326//862 1361//865 
f 1324//866 1325//864 1362//867 
f 1323//868 1324//866 1363//869 
f 1322//870 1323//868 1364//871 
f 1321//872 1322//870 1365//873 
f 1320//874 1321//872 1366//875 
f 1319//876 1320//874 1367//877 
f 1318//878 1319//876 1368//879 
f 1317//880 1318//878 1369//881 
f 1316//882 1317//880 1370//883 
f 1315//884 1316//882 1371//885 
f 1314//886 1315//884 1372//887 
f 1313//888 1314//886 1373//889 
f 1312//890 1313//888 1374//891 
f 1311//892 1312//890 1375//893 
f 1310//894 1311//892 1376//895 
f 1309//896 1310//894 1377//897 
f 1308//898 1309//896 1378//899 
f 1307//900 1308//898 1379//901 
f 1306//902 1307//900 1380//903 
f 1305//904 1306//902 1381//905 
f 1304//906 1305//904 1382//907 
f 1303//908 1304//906 1383//909 
f 1302//910 1303//908 1384//911 
f 1301//912 1302//910 1385//913 
f 1300//914 1301//912 1386//915 
f 1299//916 1300//914 1387//917 
f 1298//918 1299//916 1388//919 
f 1297//920 1298//918 1389//921 
f 1296//922 1297//920 1390//923 
f 1295//924 1296//922 1391//925 
f 1294//926 1295//924 1392//927 
f 1293//928 1294//926 1393//929 
f 1292//930 1293//928 1394//931 
f 1291//932 1292//930 1395//933 
f 1290//934 1291//932 1396//935 
f 1289//936 1290//934 1397//937 
f 1288//938 1289//936 1398//939 
f 1287//940 1288//938 1399//941 
f 1286//942 1287//940 1400//943 
f 1343//831 1286//942 1401//942 
f 1401//942 1344//831 1343//831 
f 1400//943 1401//942 1286//942 
f 1399//941 1400//943 1287//940 
f 1398//939 1399//941 1288//938 
f 1397//937 1398//939 1289//936 
f 1396//935 1397//937 1290//934 
f 1395//933 1396//935 1291//932 
f 1394//931 1395//933 1292//930 
f 1393//929 1394//931 1293//928 
f 1392//927 1393//929 1294//926 
f 1391//925 1392//927 1295//924 
f 1390//923 1391//925 1296//922 
f 1389//921 1390//923 1297//920 
f 1388//919 1389//921 1298//918 
f 1387//917 1388//919 1299//916 
f 1386//915 1387//917 1300//914 
f 1385//913 1386//915 1301//912 
f 1384//911 1385//913 1302//910 
f 1383//909 1384//911 1303//908 
f 1382//907 1383//909 1304//906 
f 1381//905 1382//907 1305//904 
f 1380//903 1381//905 1306//902 
f 1379//901 1380//903 1307//900 
f 1378//899 1379//901 1308//898 
f 1377//897 1378//899 1309//896 
f 1376//895 1377//897 1310//894 
f 1375//893 1376//895 1311//892 
f 1374//891 1375//893 1312//890 
f 1373//889 1374//891 1313//888 
f 1372//887 1373//889 1314//886 
f 1371//885 1372//887 1315//884 
f 1370//883 1371//885 1316//882 
f 1369//881 1370//883 1317//880 
f 1368//879 1369//881 1318//878 
f 1367//877 1368//879 1319//876 
f 1366//875 1367//877 1320//874 
f 1365//873 1366//875 1321//872 
f 1364//871 1365//873 1322//870 
f 1363//869 1364//871 1323//868 
f 1362//867 1363//869 1324//866 
f 1361//865 1362//867 1325//864 
f 1360//863 1361//865 1326//862 
f 1359//861 1360//863 1327//860 
f 1358//859 1359//861 1328//858 
f 1357//857 1358//859 1329//856 
f 1356//855 1357//857 1330//854 
f 1355//853 1356//855 1331//852 
f 1354//851 1355//853 1332//850 
f 1353//849 1354//851 1333//848 
f 1352//847 1353//849 1334//846 
f 1351//845 1352//847 1335//844 
f 1350//843 1351//845 1336//842 
f 1349//841 1350//843 1337//840 
f 1348//839 1349//841 1338//838 
f 1347//837 1348//839 1339//836 
f 1346//835 1347//837 1340//834 
f 1345//833 1346//835 1341//832 
f 1344//831 1345//833 1342//830 
usemtl 0.898039_0.917647_0.929412_0.000000_0.000000
o mesh25
f 1402//944 1345//945 1344//946 
f 1402//947 1346//948 1345//945 
f 1402//949 1347//950 1346//948 
f 1402//951 1348//952 1347//950 
f 1402//953 1349//954 1348//952 
f 1402//955 1350//956 1349//954 
f 1402//957 1351//958 1350//956 
f 1402//959 1352//960 1351//958 
f 1402//961 1353//962 1352//960 
f 1402//963 1354//964 1353//962 
f 1402//965 1355//966 1354//964 
f 1402//967 1356//968 1355//966 
f 1402//969 1357//970 1356//968 
f 1402//971 1358//972 1357//970 
f 1402//973 1359//974 1358//972 
f 1402//975 1360//976 1359//974 
f 1402//977 1361//978 1360//976 
f 1402//979 1362//980 1361//978 
f 1402//981 1363//982 1362//980 
f 1402//983 1364//984 1363//982 
f 1402//985 1365//986 1364//984 
f 1402//987 1366//988 1365//986 
f 1402//989 1367//990 1366//988 
f 1402//991 1368//992 1367//990 
f 1402//993 1369//994 1368//992 
f 1402//995 1370//996 1369//994 
f 1402//997 1371//998 1370//996 
f 1402//999 1372//1000 1371//998 
f 1402//1001 1373//1002 1372//1000 
f 1402//1003 1374//1004 1373//1002 
f 1402//1005 1375//1006 1374//1004 
f 1402//1007 1376//1008 1375//1006 
f 1402//1009 1377//1010 1376//1008 
f 1402//1011 1378//1012 1377//1010 
f 1402//1013 1379//1014 1378//1012 
f 1402//1015 1380//1016 1379//1014 
f 1402//1017 1381//1018 1380//1016 
f 1402//1019 1382//1020 1381//1018 
f 1402//1021 1383//1022 1382//1020 
f 1402//1023 1384//1024 1383//1022 
f 1402//1025 1385//1026 1384//1024 
f 1402//1027 1386//1028 1385//1026 
f 1402//1029 1387//1030 1386//1028 
f 1402//1031 1388//1032 1387//1030 
f 1402//1033 1389//1034 1388//1032 
f 1402//1035 1390//1036 1389//1034 
f 1402//1037 1391//1038 1390//1036 
f 1402//1039 1392//1040 1391//1038 
f 1402//1041 1393//1042 1392//1040 
f 1402//1043 1394//1044 1393//1042 
f 1402//1045 1395//1046 1394//1044 
f 1402//1047 1396//1048 1395//1046 
f 1402//1049 1397//1050 1396//1048 
f 1402//1051 1398//1052 1397//1050 
f 1402//1053 1399//1054 1398//1052 
f 1402//1055 1400//1056 1399//1054 
f 1402//1057 1401//1058 1400//1056 
f 1402//1059 1344//946 1401//1058 
o mesh26
f 494//1060 493//1061 1403//1061 
f 493//1061 502//1062 1404//1062 
f 502//1062 518//1063 1405//1063 
f 518//1063 509//1064 1406//1064 
f 509//1064 508//1065 1407//1065 
f 508//1065 511//1066 1408//1066 
f 511//1066 510//1067 1409//1067 
f 510//1067 513//1068 1410//1068 
f 513//1068 512//1069 1411//1069 
f 512//1069 520//1070 1412//1070 
f 520//1070 519//1071 1413//1071 
f 519//1071 522//1072 1414//1072 
f 522//1072 521//1073 1415//1073 
f 521//1073 515//1074 1416//1074 
f 515//1074 523//1075 1417//1075 
f 523//1075 528//1076 1418//1076 
f 528//1076 525//1077 1419//1077 
f 525//1077 524//1078 1420//1078 
f 524//1078 526//1079 1421//1079 
f 526//1079 516//1080 1422//1080 
f 516//1080 504//1081 1423//1081 
f 504//1081 503//1082 1424//1082 
f 503//1082 517//1083 1425//1083 
f 517//1083 527//1084 1426//1084 
f 527//1084 485//1085 1427//1085 
f 485//1085 495//1086 1428//1086 
f 495//1086 505//1087 1429//1087 
f 505//1087 497//1088 1430//1088 
f 497//1088 496//1089 1431//1089 
f 496//1089 487//1090 1432//1090 
f 487//1090 486//1091 1433//1091 
f 486//1091 489//1092 1434//1092 
f 489//1092 488//1093 1435//1093 
f 488//1093 491//1094 1436//1094 
f 491//1094 490//1095 1437//1095 
f 490//1095 506//1096 1438//1096 
f 506//1096 469//1097 1439//1097 
f 469//1097 468//1098 1440//1098 
f 468//1098 475//1099 1441//1099 
f 475//1099 477//1100 1442//1100 
f 477//1100 476//1101 1443//1101 
f 476//1101 471//1102 1444//1102 
f 471//1102 470//1103 1445//1103 
f 470//1103 472//1104 1446//1104 
f 472//1104 479//1105 1447//1105 
f 479//1105 478//1106 1448//1106 
f 478//1106 480//1107 1449//1107 
f 480//1107 474//1108 1450//1108 
f 474//1108 473//1109 1451//1109 
f 473//1109 482//1110 1452//1110 
f 482//1110 481//1111 1453//1111 
f 481//1111 492//1112 1454//1112 
f 492//1112 499//1113 1455//1113 
f 499//1113 498//1114 1456//1114 
f 498//1114 501//1115 1457//1115 
f 501//1115 500//1116 1458//1116 
f 500//1116 507//1117 1459//1117 
f 507//1117 494//1060 1460//1118 
f 1460//1118 1459//1117 507//1117 
f 1459//1117 1458//1116 500//1116 
f 1458//1116 1457//1115 501//1115 
f 1457//1115 1456//1114 498//1114 
f 1456//1114 1455//1113 499//1113 
f 1455//1113 1454//1112 492//1112 
f 1454//1112 1453//1111 481//1111 
f 1453//1111 1452//1110 482//1110 
f 1452//1110 1451//1109 473//1109 
f 1451//1109 1450//1108 474//1108 
f 1450//1108 1449//1107 480//1107 
f 1449//1107 1448//1106 478//1106 
f 1448//1106 1447//1105 479//1105 
f 1447//1105 1446//1104 472//1104 
f 1446//1104 1445//1103 470//1103 
f 1445//1103 1444//1102 471//1102 
f 1444//1102 1443//1101 476//1101 
f 1443//1101 1442//1100 477//1100 
f 1442//1100 1441//1099 475//1099 
f 1441//1099 1440//1098 468//1098 
f 1440//1098 1439//1097 469//1097 
f 1439//1097 1438//1096 506//1096 
f 1438//1096 1437//1095 490//1095 
f 1437//1095 1436//1094 491//1094 
f 1436//1094 1435//1093 488//1093 
f 1435//1093 1434//1092 489//1092 
f 1434//1092 1433//1091 486//1091 
f 1433//1091 1432//1090 487//1090 
f 1432//1090 1431//1089 496//1089 
f 1431//1089 1430//1088 497//1088 
f 1430//1088 1429//1087 505//1087 
f 1429//1087 1428//1086 495//1086 
f 1428//1086 1427//1085 485//1085 
f 1427//1085 1426//1084 527//1084 
f 1426//1084 1425//1083 517//1083 
f 1425//1083 1424//1082 503//1082 
f 1424//1082 1423//1081 504//1081 
f 1423//1081 1422//1080 516//1080 
f 1422//1080 1421//1079 526//1079 
f 1421//1079 1420//1078 524//1078 
f 1420//1078 1419//1077 525//1077 
f 1419//1077 1418//1076 528//1076 
f 1418//1076 1417//1075 523//1075 
f 1417//1075 1416//1074 515//1074 
f 1416//1074 1415//1073 521//1073 
f 1415//1073 1414//1072 522//1072 
f 1414//1072 1413//1071 519//1071 
f 1413//1071 1412//1070 520//1070 
f 1412//1070 1411//1069 512//1069 
f 1411//1069 1410//1068 513//1068 
f 1410//1068 1409//1067 510//1067 
f 1409//1067 1408//1066 511//1066 
f 1408//1066 1407//1065 508//1065 
f 1407//1065 1406//1064 509//1064 
f 1406//1064 1405//1063 518//1063 
f 1405//1063 1404//1062 502//1062 
f 1404//1062 1403//1061 493//1061 
f 1403//1061 1460//1118 494//1060 
usemtl 0.039216_0.039216_0.039216_0.000000_0.000000
o mesh27
f 1459//1119 1460//1120 1461//1120 
f 1458//1121 1459//1119 1462//1122 
f 1457//1123 1458//1121 1463//1124 
f 1456//1125 1457//1123 1464//1126 
f 1455//1127 1456//1125 1465//1128 
f 1454//1129 1455//1127 1466//1130 
f 1453//1131 1454//1129 1467//1132 
f 1452//1133 1453//1131 1468//1134 
f 1451//1135 1452//1133 1469//1136 
f 1450//1137 1451//1135 1470//1138 
f 1449//1139 1450//1137 1471//1140 
f 1448//1141 1449//1139 1472//1142 
f 1447//1143 1448//1141 1473//1144 
f 1446//1145 1447//1143 1474//1146 
f 1445//1147 1446//1145 1475//1148 
f 1444//1149 1445//1147 1476//1150 
f 1443//1151 1444//1149 1477//1152 
f 1442//1153 1443//1151 1478//1154 
f 1441//1155 1442//1153 1479//1156 
f 1440//1157 1441//1155 1480//1158 
f 1439//1159 1440//1157 1481//1160 
f 1438//1161 1439//1159 1482//1162 
f 1437//1163 1438//1161 1483//1164 
f 1436//1165 1437//1163 1484//1166 
f 1435//1167 1436//1165 1485//1168 
f 1434//1169 1435//1167 1486//1170 
f 1433//1171 1434//1169 1487//1172 
f 1432//1173 1433//1171 1488//1174 
f 1431//1175 1432//1173 1489//1176 
f 1430//1177 1431//1175 1490//1178 
f 1429//1179 1430//1177 1491//1180 
f 1428//1181 1429//1179 1492//1182 
f 1427//1183 1428//1181 1493//1184 
f 1426//1185 1427//1183 1494//1186 
f 1425//1187 1426//1185 1495//1188 
f 1424//1189 1425//1187 1496//1190 
f 1423//1191 1424//1189 1497//1192 
f 1422//1193 1423//1191 1498//1194 
f 1421//1195 1422//1193 1499//1196 
f 1420//1197 1421//1195 1500//1198 
f 1419//1199 1420//1197 1501//1200 
f 1418//1201 1419//1199 1502//1202 
f 1417//1203 1418//1201 1503//1204 
f 1416//1205 1417//1203 1504//1206 
f 1415//1207 1416//1205 1505//1208 
f 1414//1209 1415//1207 1506//1210 
f 1413//1211 1414//1209 1507//1212 
f 1412//1213 1413//1211 1508//1214 
f 1411//1215 1412//1213 1509//1216 
f 1410//1217 1411//1215 1510//1218 
f 1409//1219 1410//1217 1511//1220 
f 1408//1221 1409//1219 1512//1222 
f 1407//1223 1408//1221 1513//1224 
f 1406//1225 1407//1223 1514//1226 
f 1405//1227 1406//1225 1515//1228 
f 1404//1229 1405//1227 1516//1230 
f 1403//1231 1404//1229 1517//1232 
f 1460//1120 1403//1231 1518//1231 
f 1518//1231 1461//1120 1460//1120 
f 1517//1232 1518//1231 1403//1231 
f 1516//1230 1517//1232 1404//1229 
f 1515//1228 1516//1230 1405//1227 
f 1514//1226 1515//1228 1406//1225 
f 1513//1224 1514//1226 1407//1223 
f 1512//1222 1513//1224 1408//1221 
f 1511//1220 1512//1222 1409//1219 
f 1510//1218 1511//1220 1410//1217 
f 1509//1216 1510//1218 1411//1215 
f 1508//1214 1509//1216 1412//1213 
f 1507//1212 1508//1214 1413//1211 
f 1506//1210 1507//1212 1414//1209 
f 1505//1208 1506//1210 1415//1207 
f 1504//1206 1505//1208 1416//1205 
f 1503//1204 1504//1206 1417//1203 
f 1502//1202 1503//1204 1418//1201 
f 1501//1200 1502//1202 1419//1199 
f 1500//1198 1501//1200 1420//1197 
f 1499//1196 1500//1198 1421//1195 
f 1498//1194 1499//1196 1422//1193 
f 1497//1192 1498//1194 1423//1191 
f 1496//1190 1497//1192 1424//1189 
f 1495//1188 1496//1190 1425//1187 
f 1494//1186 1495//1188 1426//1185 
f 1493//1184 1494//1186 1427//1183 
f 1492//1182 1493//1184 1428//1181 
f 1491//1180 1492//1182 1429//1179 
f 1490//1178 1491//1180 1430//1177 
f 1489//1176 1490//1178 1431//1175 
f 1488//1174 1489//1176 1432//1173 
f 1487//1172 1488//1174 1433//1171 
f 1486//1170 1487//1172 1434//1169 
f 1485//1168 1486//1170 1435//1167 
f 1484//1166 1485//1168 1436//1165 
f 1483//1164 1484//1166 1437//1163 
f 1482//1162 1483//1164 1438//1161 
f 1481//1160 1482//1162 1439//1159 
f 1480//1158 1481//1160 1440//1157 
f 1479//1156 1480//1158 1441//1155 
f 1478//1154 1479//1156 1442//1153 
f 1477//1152 1478//1154 1443//1151 
f 1476//1150 1477//1152 1444//1149 
f 1475//1148 1476//1150 1445//1147 
f 1474//1146 1475//1148 1446//1145 
f 1473//1144 1474//1146 1447//1143 
f 1472//1142 1473//1144 1448//1141 
f 1471//1140 1472//1142 1449//1139 
f 1470//1138 1471//1140 1450//1137 
f 1469//1136 1470//1138 1451//1135 
f 1468//1134 1469//1136 1452//1133 
f 1467//1132 1468//1134 1453//1131 
f 1466//1130 1467//1132 1454//1129 
f 1465//1128 1466//1130 1455//1127 
f 1464//1126 1465//1128 1456//1125 
f 1463//1124 1464//1126 1457//1123 
f 1462//1122 1463//1124 1458//1121 
f 1461//1120 1462//1122 1459//1119 
usemtl 0.898039_0.917647_0.929412_0.000000_0.000000
o mesh28
f 1519//1233 1462//1234 1461//1235 
f 1519//1236 1463//1237 1462//1234 
f 1519//1238 1464//1239 1463//1237 
f 1519//1240 1465//1241 1464//1239 
f 1519//1242 1466//1243 1465//1241 
f 1519//1244 1467//1245 1466//1243 
f 1519//1246 1468//1247 1467//1245 
f 1519//1248 1469//1249 1468//1247 
f 1519//1250 1470//1251 1469//1249 
f 1519//1252 1471//1253 1470//1251 
f 1519//1254 1472//1255 1471//1253 
f 1519//1256 1473//1257 1472//1255 
f 1519//1258 1474//1259 1473//1257 
f 1519//1260 1475//1261 1474//1259 
f 1519//1262 1476//1263 1475//1261 
f 1519//1264 1477//1265 1476//1263 
f 1519//1266 1478//1267 1477//1265 
f 1519//1268 1479//1269 1478//1267 
f 1519//1270 1480//1271 1479//1269 
f 1519//1272 1481//1273 1480//1271 
f 1519//1274 1482//1275 1481//1273 
f 1519//1276 1483//1277 1482//1275 
f 1519//1278 1484//1279 1483//1277 
f 1519//1280 1485//1281 1484//1279 
f 1519//1282 1486//1283 1485//1281 
f 1519//1284 1487//1285 1486//1283 
f 1519//1286 1488//1287 1487//1285 
f 1519//1288 1489//1289 1488//1287 
f 1519//1290 1490//1291 1489//1289 
f 1519//1292 1491//1293 1490//1291 
f 1519//1294 1492//1295 1491//1293 
f 1519//1296 1493//1297 1492//1295 
f 1519//1298 1494//1299 1493//1297 
f 1519//1300 1495//1301 1494//1299 
f 1519//1302 1496//1303 1495//1301 
f 1519//1304 1497//1305 1496//1303 
f 1519//1306 1498//1307 1497//1305 
f 1519//1308 1499//1309 1498//1307 
f 1519//1310 1500//1311 1499//1309 
f 1519//1312 1501//1313 1500//1311 
f 1519//1314 1502//1315 1501//1313 
f 1519//1316 1503//1317 1502//1315 
f 1519//1318 1504//1319 1503//1317 
f 1519//1320 1505//1321 1504//1319 
f 1519//1322 1506//1323 1505//1321 
f 1519//1324 1507//1325 1506//1323 
f 1519//1326 1508//1327 1507//1325 
f 1519//1328 1509//1329 1508//1327 
f 1519//1330 1510//1331 1509//1329 
f 1519//1332 1511//1333 1510//1331 
f 1519//1334 1512//1335 1511//1333 
f 1519//1336 1513//1337 1512//1335 
f 1519//1338 1514//1339 1513//1337 
f 1519//1340 1515//1341 1514//1339 
f 1519//1342 1516//1343 1515//1341 
f 1519//1344 1517//1345 1516//1343 
f 1519//1346 1518//1347 1517//1345 
f 1519//1348 1461//1235 1518//1347 
usemtl 0.039216_0.039216_0.039216_0.000000_0.000000
o mesh29
f 305//1349 321//1350 1520//1350 
f 306//1351 305//1349 1521//1352 
f 303//1353 306//1351 1522//1354 
f 304//1355 303//1353 1523//1356 
f 319//1357 304//1355 1524//1358 
f 320//1359 319//1357 1525//1360 
f 317//1361 320//1359 1526//1362 
f 318//1363 317//1361 1527//1364 
f 329//1365 318//1363 1528//1366 
f 330//1367 329//1365 1529//1368 
f 302//1369 330//1367 1530//1370 
f 316//1371 302//1369 1531//1372 
f 314//1373 316//1371 1532//1374 
f 315//1375 314//1373 1533//1376 
f 327//1377 315//1375 1534//1378 
f 328//1379 327//1377 1535//1380 
f 1536//1381 538//1381 563//1382 
f 563//1382 1537//1383 1536//1381 
f 539//1384 538//1381 1536//1381 
f 546//1385 539//1384 1538//1384 
f 544//1386 546//1385 1539//1385 
f 545//1387 544//1386 1540//1386 
f 542//1388 545//1387 1541//1387 
f 543//1389 542//1388 1542//1388 
f 549//1390 543//1389 1543//1389 
f 562//1391 549//1390 1544//1390 
f 558//1392 562//1391 1545//1391 
f 556//1393 558//1392 1546//1392 
f 557//1394 556//1393 1547//1393 
f 560//1395 557//1394 1548//1394 
f 561//1396 560//1395 1549//1395 
f 559//1397 561//1396 1550//1396 
f 554//1398 559//1397 1551//1397 
f 548//1399 554//1398 1552//1398 
f 540//1400 548//1399 1553//1399 
f 541//1401 540//1400 1554//1400 
f 534//1402 541//1401 1555//1401 
f 553//1403 534//1402 1556//1402 
f 552//1404 553//1403 1557//1403 
f 547//1405 552//1404 1558//1404 
f 550//1406 547//1405 1559//1405 
f 551//1407 550//1406 1560//1406 
f 1561//1408 313//1408 326//1409 
f 326//1409 1562//1410 1561//1408 
f 300//1411 313//1408 1561//1408 
f 301//1412 300//1411 1563//1411 
f 325//1413 301//1412 1564//1412 
f 298//1414 325//1413 1565//1413 
f 299//1415 298//1414 1566//1414 
f 323//1416 299//1415 1567//1415 
f 324//1417 323//1416 1568//1416 
f 322//1418 324//1417 1569//1417 
f 311//1419 322//1418 1570//1418 
f 312//1420 311//1419 1571//1419 
f 309//1421 312//1420 1572//1420 
f 310//1422 309//1421 1573//1421 
f 307//1423 310//1422 1574//1422 
f 308//1424 307//1423 1575//1423 
f 331//1425 308//1424 1576//1424 
f 321//1350 331//1425 1577//1425 
f 1577//1425 1520//1350 321//1350 
f 1576//1424 1577//1425 331//1425 
f 1575//1423 1576//1424 308//1424 
f 1574//1422 1575//1423 307//1423 
f 1573//1421 1574//1422 310//1422 
f 1572//1420 1573//1421 309//1421 
f 1571//1419 1572//1420 312//1420 
f 1570//1418 1571//1419 311//1419 
f 1569//1417 1570//1418 322//1418 
f 1568//1416 1569//1417 324//1417 
f 1567//1415 1568//1416 323//1416 
f 1566//1414 1567//1415 299//1415 
f 1565//1413 1566//1414 298//1414 
f 1564//1412 1565//1413 325//1413 
f 1563//1411 1564//1412 301//1412 
f 1561//1408 1563//1411 300//1411 
f 326//1409 551//1407 1562//1410 
f 1560//1406 1562//1410 551//1407 
f 1559//1405 1560//1406 550//1406 
f 1558//1404 1559//1405 547//1405 
f 1557//1403 1558//1404 552//1404 
f 1556//1402 1557//1403 553//1403 
f 1555//1401 1556//1402 534//1402 
f 1554//1400 1555//1401 541//1401 
f 1553//1399 1554//1400 540//1400 
f 1552//1398 1553//1399 548//1399 
f 1551//1397 1552//1398 554//1398 
f 1550//1396 1551//1397 559//1397 
f 1549//1395 1550//1396 561//1396 
f 1548//1394 1549//1395 560//1395 
f 1547//1393 1548//1394 557//1394 
f 1546//1392 1547//1393 556//1393 
f 1545//1391 1546//1392 558//1392 
f 1544//1390 1545//1391 562//1391 
f 1543//1389 1544//1390 549//1390 
f 1542//1388 1543//1389 543//1389 
f 1541//1387 1542//1388 542//1388 
f 1540//1386 1541//1387 545//1387 
f 1539//1385 1540//1386 544//1386 
f 1538//1384 1539//1385 546//1385 
f 1536//1381 1538//1384 539//1384 
f 563//1382 328//1379 1537//1383 
f 1535//1380 1537//1383 328//1379 
f 1534//1378 1535//1380 327//1377 
f 1533//1376 1534//1378 315//1375 
f 1532//1374 1533//1376 314//1373 
f 1531//1372 1532//1374 316//1371 
f 1530//1370 1531//1372 302//1369 
f 1529//1368 1530//1370 330//1367 
f 1528//1366 1529//1368 329//1365 
f 1527//1364 1528//1366 318//1363 
f 1526//1362 1527//1364 317//1361 
f 1525//1360 1526//1362 320//1359 
f 1524//1358 1525//1360 319//1357 
f 1523//1356 1524//1358 304//1355 
f 1522//1354 1523//1356 303//1353 
f 1521//1352 1522//1354 306//1351 
f 1520//1350 1521//1352 305//1349 
o mesh30
f 1578//1426 1521//1427 1520//1428 
f 1578//1429 1522//1430 1521//1427 
f 1578//1431 1523//1432 1522//1430 
f 1578//1433 1524//1434 1523//1432 
f 1578//1435 1525//1436 1524//1434 
f 1578//1437 1526//1438 1525//1436 
f 1578//1439 1527//1440 1526//1438 
f 1578//1441 1528//1442 1527//1440 
f 1578//1443 1529//1444 1528//1442 
f 1578//1445 1530//1446 1529//1444 
f 1578//1447 1531//1448 1530//1446 
f 1578//1449 1532//1450 1531//1448 
f 1578//1451 1533//1452 1532//1450 
f 1578//1453 1534//1454 1533//1452 
f 1578//1455 1535//1456 1534//1454 
f 1578//1457 1537//1458 1535//1456 
f 1578//1459 1536//1460 1537//1458 
f 1578//1461 1538//1462 1536//1460 
f 1578//1463 1539//1464 1538//1462 
f 1578//1465 1540//1466 1539//1464 
f 1578//1467 1541//1468 1540//1466 
f 1578//1469 1542//1470 1541//1468 
f 1578//1471 1543//1472 1542//1470 
f 1578//1473 1544//1474 1543//1472 
f 1578//1475 1545//1476 1544//1474 
f 1578//1477 1546//1478 1545//1476 
f 1578//1479 1547//1480 1546//1478 
f 1578//1481 1548//1482 1547//1480 
f 1578//1483 1549//1484 1548//1482 
f 1578//1485 1550//1486 1549//1484 
f 1578//1487 1551//1488 1550//1486 
f 1578//1489 1552//1490 1551//1488 
f 1578//1491 1553//1492 1552//1490 
f 1578//1493 1554//1494 1553//1492 
f 1578//1495 1555//1496 1554//1494 
f 1578//1497 1556//1498 1555//1496 
f 1578//1499 1557//1500 1556//1498 
f 1578//1501 1558//1502 1557//1500 
f 1578//1503 1559//1504 1558//1502 
f 1578//1505 1560//1506 1559//1504 
f 1578//1507 1562//1508 1560//1506 
f 1578//1509 1561//1510 1562//1508 
f 1578//1511 1563//1512 1561//1510 
f 1578//1513 1564//1514 1563//1512 
f 1578//1515 1565//1516 1564//1514 
f 1578//1517 1566//1518 1565//1516 
f 1578//1519 1567//1520 1566//1518 
f 1578//1521 1568//1522 1567//1520 
f 1578//1523 1569//1524 1568//1522 
f 1578//1525 1570//1526 1569//1524 
f 1578//1527 1571//1528 1570//1526 
f 1578//1529 1572//1530 1571//1528 
f 1578//1531 1573//1532 1572//1530 
f 1578//1533 1574//1534 1573//1532 
f 1578//1535 1575//1536 1574//1534 
f 1578//1537 1576//1538 1575//1536 
f 1578//1539 1577//1540 1576//1538 
f 1578//1541 1520//1428 1577//1540 
o mesh31
f 537//1542 555//1543 1579//1543 
f 1580//1544 565//1544 564//1545 
f 564//1545 1581//1546 1580//1544 
f 1580//1544 1582//1547 568//1548 
f 1582//1547 566//1547 568//1548 
f 567//1549 566//1547 1582//1547 
f 1583//1549 1584//1550 570//1551 
f 1584//1550 569//1550 570//1551 
f 1584//1550 1585//1552 571//1553 
f 1585//1552 572//1552 571//1553 
f 573//1554 572//1552 1585//1552 
f 1586//1554 1587//1555 574//1556 
f 1587//1555 673//1557 574//1556 
f 1587//1555 674//1558 673//1557 
f 1587//1555 1588//1559 653//1560 
f 1588//1559 655//1559 653//1560 
f 658//1561 655//1559 1588//1559 
f 659//1562 658//1561 1589//1561 
f 663//1563 659//1562 1590//1562 
f 665//1564 663//1563 1591//1563 
f 1592//1565 577//1565 578//1566 
f 578//1566 1593//1567 1592//1565 
f 578//1566 575//1568 1593//1567 
f 576//1569 577//1565 1592//1565 
f 579//1570 576//1569 1594//1569 
f 1595//1571 866//1571 865//1572 
f 865//1572 1596//1573 1595//1571 
f 868//1574 866//1571 1595//1571 
f 870//1575 868//1574 1597//1574 
f 875//1576 870//1575 1598//1575 
f 878//1577 875//1576 1599//1576 
f 1600//1578 580//1578 582//1579 
f 582//1579 1601//1580 1600//1578 
f 581//1581 580//1578 1600//1578 
f 1602//1582 602//1582 593//1583 
f 593//1583 1603//1584 1602//1582 
f 604//1585 602//1582 1602//1582 
f 616//1586 604//1585 1604//1585 
f 1605//1587 646//1587 621//1588 
f 621//1588 1606//1589 1605//1587 
f 1605//1587 1607//1590 649//1591 
f 1607//1590 647//1590 649//1591 
f 648//1592 647//1590 1607//1590 
f 650//1593 648//1592 1608//1592 
f 1609//1594 332//1594 334//1595 
f 334//1595 1610//1596 1609//1594 
f 1609//1594 1611//1597 333//1598 
f 1611//1597 335//1597 333//1598 
f 1612//1599 360//1599 336//1600 
f 336//1600 1611//1597 1612//1599 
f 373//1601 360//1599 1612//1599 
f 1613//1601 1614//1602 377//1603 
f 1614//1602 398//1602 377//1603 
f 399//1604 398//1602 1614//1602 
f 1615//1604 1616//1605 751//1606 
f 1616//1605 772//1605 751//1606 
f 766//1607 772//1605 1616//1605 
f 758//1608 766//1607 1617//1607 
f 760//1609 758//1608 1618//1608 
f 763//1610 760//1609 1619//1609 
f 1620//1610 1621//1611 400//1612 
f 1621//1611 448//1611 400//1612 
f 449//1613 448//1611 1621//1611 
f 456//1614 449//1613 1622//1613 
f 1623//1614 1624//1615 417//1616 
f 1624//1615 830//1615 463//1617 
f 463//1617 417//1616 1624//1615 
f 832//1618 830//1615 1624//1615 
f 838//1619 832//1618 1625//1618 
f 840//1620 838//1619 1626//1619 
f 844//1621 840//1620 1627//1620 
f 1628//1622 820//1622 846//1623 
f 846//1623 1629//1624 1628//1622 
f 1628//1622 465//1625 464//1626 
f 1630//1627 466//1627 465//1625 
f 465//1625 1628//1622 1630//1627 
f 467//1628 466//1627 1630//1627 
f 1631//1629 483//1629 514//1630 
f 514//1630 1632//1631 1631//1629 
f 1633//1632 529//1632 484//1633 
f 484//1633 1631//1629 1633//1632 
f 1633//1632 1634//1634 530//1635 
f 1634//1634 531//1634 530//1635 
f 1635//1636 533//1636 532//1637 
f 532//1637 1634//1634 1635//1636 
f 1635//1636 1636//1638 535//1639 
f 1636//1638 536//1638 535//1639 
f 555//1543 536//1638 1636//1638 
f 1636//1638 1579//1543 555//1543 
f 535//1639 533//1636 1635//1636 
f 532//1637 531//1634 1634//1634 
f 530//1635 529//1632 1633//1632 
f 484//1633 483//1629 1631//1629 
f 514//1630 467//1628 1632//1631 
f 1630//1627 1632//1631 467//1628 
f 464//1626 820//1622 1628//1622 
f 846//1623 844//1621 1629//1624 
f 1627//1620 1629//1624 844//1621 
f 1626//1619 1627//1620 840//1620 
f 1625//1618 1626//1619 838//1619 
f 1624//1615 1625//1618 832//1618 
f 417//1616 456//1614 1623//1614 
f 1622//1613 1623//1614 456//1614 
f 1621//1611 1622//1613 449//1613 
f 400//1612 763//1610 1620//1610 
f 1619//1609 1620//1610 763//1610 
f 1618//1608 1619//1609 760//1609 
f 1617//1607 1618//1608 758//1608 
f 1616//1605 1617//1607 766//1607 
f 751//1606 399//1604 1615//1604 
f 1614//1602 1615//1604 399//1604 
f 377//1603 373//1601 1613//1601 
f 1612//1599 1613//1601 373//1601 
f 336//1600 335//1597 1611//1597 
f 333//1598 332//1594 1609//1594 
f 334//1595 650//1593 1610//1596 
f 1608//1592 1610//1596 650//1593 
f 1607//1590 1608//1592 648//1592 
f 649//1591 646//1587 1605//1587 
f 621//1588 616//1586 1606//1589 
f 1604//1585 1606//1589 616//1586 
f 1602//1582 1604//1585 604//1585 
f 593//1583 581//1581 1603//1584 
f 1600//1578 1603//1584 581//1581 
f 582//1579 878//1577 1601//1580 
f 1599//1576 1601//1580 878//1577 
f 1598//1575 1599//1576 875//1576 
f 1597//1574 1598//1575 870//1575 
f 1595//1571 1597//1574 868//1574 
f 865//1572 579//1570 1596//1573 
f 1594//1569 1596//1573 579//1570 
f 1592//1565 1594//1569 576//1569 
f 575//1568 665//1564 1593//1567 
f 1591//1563 1593//1567 665//1564 
f 1590//1562 1591//1563 663//1563 
f 1589//1561 1590//1562 659//1562 
f 1588//1559 1589//1561 658//1561 
f 653//1560 674//1558 1587//1555 
f 574//1556 573//1554 1586//1554 
f 1585//1552 1586//1554 573//1554 
f 571//1553 569//1550 1584//1550 
f 570//1551 567//1549 1583//1549 
f 1582//1547 1583//1549 567//1549 
f 568//1548 565//1544 1580//1544 
f 564//1545 537//1542 1581//1546 
f 1579//1543 1581//1546 537//1542 
o mesh32
f 705//1640 704//1641 1637//1641 
f 717//1642 705//1640 1638//1643 
f 718//1644 717//1642 1639//1645 
f 715//1646 718//1644 1640//1647 
f 716//1648 715//1646 1641//1649 
f 1642//1648 1643//1650 667//1651 
f 1643//1650 668//1650 667//1651 
f 669//1652 668//1650 1643//1650 
f 664//1653 669//1652 1644//1652 
f 661//1654 664//1653 1645//1653 
f 662//1655 661//1654 1646//1654 
f 660//1656 662//1655 1647//1655 
f 656//1657 660//1656 1648//1656 
f 657//1658 656//1657 1649//1657 
f 666//1659 657//1658 1650//1658 
f 654//1660 666//1659 1651//1659 
f 651//1661 654//1660 1652//1660 
f 652//1662 651//1661 1653//1661 
f 670//1663 652//1662 1654//1662 
f 1655//1664 671//1664 675//1665 
f 675//1665 1656//1666 1655//1664 
f 672//1667 671//1664 1655//1664 
f 677//1668 672//1667 1657//1667 
f 678//1669 677//1668 1658//1668 
f 676//1670 678//1669 1659//1669 
f 1660//1671 681//1671 682//1672 
f 682//1672 1661//1673 1660//1671 
f 679//1674 681//1671 1660//1671 
f 680//1675 679//1674 1662//1674 
f 1663//1675 1664//1676 689//1677 
f 1664//1676 684//1676 689//1677 
f 685//1678 684//1676 1664//1676 
f 683//1679 685//1678 1665//1678 
f 688//1680 683//1679 1666//1679 
f 686//1681 688//1680 1667//1680 
f 1668//1682 696//1682 687//1683 
f 687//1683 1669//1684 1668//1682 
f 692//1685 696//1682 1668//1682 
f 693//1686 692//1685 1670//1685 
f 690//1687 693//1686 1671//1686 
f 691//1688 690//1687 1672//1687 
f 694//1689 691//1688 1673//1688 
f 695//1690 694//1689 1674//1689 
f 697//1691 695//1690 1675//1690 
f 1676//1692 711//1692 698//1693 
f 698//1693 1677//1694 1676//1692 
f 712//1695 711//1692 1676//1692 
f 710//1696 712//1695 1678//1695 
f 702//1697 710//1696 1679//1696 
f 703//1698 702//1697 1680//1697 
f 709//1699 703//1698 1681//1698 
f 707//1700 709//1699 1682//1699 
f 708//1701 707//1700 1683//1700 
f 721//1702 708//1701 1684//1701 
f 722//1703 721//1702 1685//1702 
f 719//1704 722//1703 1686//1703 
f 720//1705 719//1704 1687//1704 
f 713//1706 720//1705 1688//1705 
f 714//1707 713//1706 1689//1706 
f 706//1708 714//1707 1690//1707 
f 701//1709 706//1708 1691//1708 
f 699//1710 701//1709 1692//1709 
f 700//1711 699//1710 1693//1710 
f 704//1641 700//1711 1694//1711 
f 1694//1711 1637//1641 704//1641 
f 1693//1710 1694//1711 700//1711 
f 1692//1709 1693//1710 699//1710 
f 1691//1708 1692//1709 701//1709 
f 1690//1707 1691//1708 706//1708 
f 1689//1706 1690//1707 714//1707 
f 1688//1705 1689//1706 713//1706 
f 1687//1704 1688//1705 720//1705 
f 1686//1703 1687//1704 719//1704 
f 1685//1702 1686//1703 722//1703 
f 1684//1701 1685//1702 721//1702 
f 1683//1700 1684//1701 708//1701 
f 1682//1699 1683//1700 707//1700 
f 1681//1698 1682//1699 709//1699 
f 1680//1697 1681//1698 703//1698 
f 1679//1696 1680//1697 702//1697 
f 1678//1695 1679//1696 710//1696 
f 1676//1692 1678//1695 712//1695 
f 698//1693 697//1691 1677//1694 
f 1675//1690 1677//1694 697//1691 
f 1674//1689 1675//1690 695//1690 
f 1673//1688 1674//1689 694//1689 
f 1672//1687 1673//1688 691//1688 
f 1671//1686 1672//1687 690//1687 
f 1670//1685 1671//1686 693//1686 
f 1668//1682 1670//1685 692//1685 
f 687//1683 686//1681 1669//1684 
f 1667//1680 1669//1684 686//1681 
f 1666//1679 1667//1680 688//1680 
f 1665//1678 1666//1679 683//1679 
f 1664//1676 1665//1678 685//1678 
f 689//1677 680//1675 1663//1675 
f 1662//1674 1663//1675 680//1675 
f 1660//1671 1662//1674 679//1674 
f 682//1672 676//1670 1661//1673 
f 1659//1669 1661//1673 676//1670 
f 1658//1668 1659//1669 678//1669 
f 1657//1667 1658//1668 677//1668 
f 1655//1664 1657//1667 672//1667 
f 675//1665 670//1663 1656//1666 
f 1654//1662 1656//1666 670//1663 
f 1653//1661 1654//1662 652//1662 
f 1652//1660 1653//1661 651//1661 
f 1651//1659 1652//1660 654//1660 
f 1650//1658 1651//1659 666//1659 
f 1649//1657 1650//1658 657//1658 
f 1648//1656 1649//1657 656//1657 
f 1647//1655 1648//1656 660//1656 
f 1646//1654 1647//1655 662//1655 
f 1645//1653 1646//1654 661//1654 
f 1644//1652 1645//1653 664//1653 
f 1643//1650 1644//1652 669//1652 
f 667//1651 716//1648 1642//1648 
f 1641//1649 1642//1648 716//1648 
f 1640//1647 1641//1649 715//1646 
f 1639//1645 1640//1647 718//1644 
f 1638//1643 1639//1645 717//1642 
f 1637//1641 1638//1643 705//1640 
o mesh33
f 1652//1712 1695//1712 1696//1712 
f 1652//1712 1651//1712 1697//1712 
f 1697//1712 1695//1712 1652//1712 
f 1651//1712 1650//1712 1698//1712 
f 1638//1712 1699//1712 1700//1712 
f 1638//1712 1637//1712 1701//1712 
f 1694//1712 1702//1712 1701//1712 
f 1694//1712 1693//1712 1703//1712 
f 1691//1712 1704//1712 1705//1712 
f 1691//1712 1690//1712 1706//1712 
f 1653//1712 1696//1712 1707//1712 
f 1698//1712 1697//1712 1651//1712 
f 1640//1712 1708//1712 1709//1712 
f 1640//1712 1639//1712 1700//1712 
f 1701//1712 1699//1712 1638//1712 
f 1703//1712 1702//1712 1694//1712 
f 1692//1712 1705//1712 1703//1712 
f 1706//1712 1704//1712 1691//1712 
f 1690//1712 1689//1712 1710//1712 
f 1689//1712 1688//1712 1711//1712 
f 1658//1712 1712//1712 1713//1712 
f 1658//1712 1657//1712 1714//1712 
f 1656//1712 1715//1712 1716//1712 
f 1654//1712 1707//1712 1715//1712 
f 1696//1712 1653//1712 1652//1712 
f 1650//1712 1649//1712 1717//1712 
f 1700//1712 1708//1712 1640//1712 
f 1701//1712 1637//1712 1694//1712 
f 1705//1712 1692//1712 1691//1712 
f 1711//1712 1710//1712 1689//1712 
f 1687//1712 1718//1712 1711//1712 
f 1687//1712 1686//1712 1719//1712 
f 1685//1712 1720//1712 1719//1712 
f 1685//1712 1684//1712 1721//1712 
f 1683//1712 1722//1712 1721//1712 
f 1683//1712 1682//1712 1723//1712 
f 1672//1712 1724//1712 1725//1712 
f 1672//1712 1671//1712 1726//1712 
f 1659//1712 1713//1712 1727//1712 
f 1714//1712 1712//1712 1658//1712 
f 1715//1712 1656//1712 1654//1712 
f 1717//1712 1698//1712 1650//1712 
f 1700//1712 1639//1712 1638//1712 
f 1710//1712 1706//1712 1690//1712 
f 1719//1712 1718//1712 1687//1712 
f 1721//1712 1720//1712 1685//1712 
f 1723//1712 1722//1712 1683//1712 
f 1682//1712 1681//1712 1728//1712 
f 1677//1712 1729//1712 1730//1712 
f 1677//1712 1675//1712 1731//1712 
f 1674//1712 1732//1712 1731//1712 
f 1674//1712 1673//1712 1725//1712 
f 1726//1712 1724//1712 1672//1712 
f 1671//1712 1670//1712 1733//1712 
f 1668//1712 1734//1712 1733//1712 
f 1668//1712 1669//1712 1735//1712 
f 1713//1712 1659//1712 1658//1712 
f 1657//1712 1655//1712 1716//1712 
f 1707//1712 1654//1712 1653//1712 
f 1648//1712 1736//1712 1717//1712 
f 1647//1712 1737//1712 1736//1712 
f 1647//1712 1646//1712 1738//1712 
f 1703//1712 1693//1712 1692//1712 
f 1719//1712 1686//1712 1685//1712 
f 1728//1712 1723//1712 1682//1712 
f 1681//1712 1680//1712 1739//1712 
f 1679//1712 1678//1712 1740//1712 
f 1678//1712 1676//1712 1730//1712 
f 1731//1712 1729//1712 1677//1712 
f 1725//1712 1732//1712 1674//1712 
f 1733//1712 1726//1712 1671//1712 
f 1735//1712 1734//1712 1668//1712 
f 1663//1712 1741//1712 1742//1712 
f 1663//1712 1662//1712 1743//1712 
f 1662//1712 1660//1712 1744//1712 
f 1660//1712 1661//1712 1727//1712 
f 1716//1712 1714//1712 1657//1712 
f 1717//1712 1649//1712 1648//1712 
f 1738//1712 1737//1712 1647//1712 
f 1646//1712 1645//1712 1745//1712 
f 1642//1712 1746//1712 1747//1712 
f 1642//1712 1641//1712 1709//1712 
f 1711//1712 1688//1712 1687//1712 
f 1739//1712 1728//1712 1681//1712 
f 1679//1712 1748//1712 1739//1712 
f 1730//1712 1740//1712 1678//1712 
f 1731//1712 1675//1712 1674//1712 
f 1733//1712 1670//1712 1668//1712 
f 1667//1712 1749//1712 1735//1712 
f 1667//1712 1666//1712 1750//1712 
f 1665//1712 1751//1712 1750//1712 
f 1665//1712 1664//1712 1742//1712 
f 1743//1712 1741//1712 1663//1712 
f 1727//1712 1744//1712 1660//1712 
f 1716//1712 1655//1712 1656//1712 
f 1745//1712 1738//1712 1646//1712 
f 1644//1712 1752//1712 1745//1712 
f 1644//1712 1643//1712 1747//1712 
f 1709//1712 1746//1712 1642//1712 
f 1721//1712 1684//1712 1683//1712 
f 1740//1712 1748//1712 1679//1712 
f 1725//1712 1673//1712 1672//1712 
f 1750//1712 1749//1712 1667//1712 
f 1742//1712 1751//1712 1665//1712 
f 1744//1712 1743//1712 1662//1712 
f 1736//1712 1648//1712 1647//1712 
f 1747//1712 1752//1712 1644//1712 
f 1709//1712 1641//1712 1640//1712 
f 1730//1712 1676//1712 1677//1712 
f 1750//1712 1666//1712 1665//1712 
f 1727//1712 1661//1712 1659//1712 
f 1747//1712 1643//1712 1642//1712 
f 1735//1712 1669//1712 1667//1712 
f 1745//1712 1645//1712 1644//1712 
f 1742//1712 1664//1712 1663//1712 
f 1739//1712 1680//1712 1679//1712 
o mesh34
f 1699//1713 1701//1714 1753//1714 
f 1700//1715 1699//1713 1754//1716 
f 1708//1717 1700//1715 1755//1718 
f 1709//1719 1708//1717 1756//1720 
f 1746//1721 1709//1719 1757//1722 
f 1747//1723 1746//1721 1758//1724 
f 1752//1725 1747//1723 1759//1726 
f 1745//1727 1752//1725 1760//1728 
f 1738//1729 1745//1727 1761//1730 
f 1737//1731 1738//1729 1762//1732 
f 1736//1733 1737//1731 1763//1734 
f 1717//1735 1736//1733 1764//1736 
f 1698//1737 1717//1735 1765//1738 
f 1697//1739 1698//1737 1766//1740 
f 1695//1741 1697//1739 1767//1742 
f 1696//1743 1695//1741 1768//1744 
f 1707//1745 1696//1743 1769//1746 
f 1715//1747 1707//1745 1770//1748 
f 1716//1749 1715//1747 1771//1750 
f 1714//1751 1716//1749 1772//1752 
f 1712//1753 1714//1751 1773//1754 
f 1713//1755 1712//1753 1774//1756 
f 1727//1757 1713//1755 1775//1758 
f 1744//1759 1727//1757 1776//1760 
f 1743//1761 1744//1759 1777//1762 
f 1741//1763 1743//1761 1778//1764 
f 1742//1765 1741//1763 1779//1766 
f 1751//1767 1742//1765 1780//1768 
f 1750//1769 1751//1767 1781//1770 
f 1749//1771 1750//1769 1782//1772 
f 1735//1773 1749//1771 1783//1774 
f 1734//1775 1735//1773 1784//1776 
f 1733//1777 1734//1775 1785//1778 
f 1726//1779 1733//1777 1786//1780 
f 1724//1781 1726//1779 1787//1782 
f 1725//1783 1724//1781 1788//1784 
f 1732//1785 1725//1783 1789//1786 
f 1731//1787 1732//1785 1790//1788 
f 1729//1789 1731//1787 1791//1790 
f 1730//1791 1729//1789 1792//1792 
f 1740//1793 1730//1791 1793//1794 
f 1748//1795 1740//1793 1794//1796 
f 1739//1797 1748//1795 1795//1798 
f 1728//1799 1739//1797 1796//1800 
f 1723//1801 1728//1799 1797//1802 
f 1722//1803 1723//1801 1798//1804 
f 1721//1805 1722//1803 1799//1806 
f 1720//1807 1721//1805 1800//1808 
f 1719//1809 1720//1807 1801//1810 
f 1718//1811 1719//1809 1802//1812 
f 1711//1813 1718//1811 1803//1814 
f 1710//1815 1711//1813 1804//1816 
f 1706//1817 1710//1815 1805//1818 
f 1704//1819 1706//1817 1806//1820 
f 1705//1821 1704//1819 1807//1822 
f 1703//1823 1705//1821 1808//1824 
f 1702//1825 1703//1823 1809//1826 
f 1701//1714 1702//1825 1810//1825 
f 1810//1825 1753//1714 1701//1714 
f 1809//1826 1810//1825 1702//1825 
f 1808//1824 1809//1826 1703//1823 
f 1807//1822 1808//1824 1705//1821 
f 1806//1820 1807//1822 1704//1819 
f 1805//1818 1806//1820 1706//1817 
f 1804//1816 1805//1818 1710//1815 
f 1803//1814 1804//1816 1711//1813 
f 1802//1812 1803//1814 1718//1811 
f 1801//1810 1802//1812 1719//1809 
f 1800//1808 1801//1810 1720//1807 
f 1799//1806 1800//1808 1721//1805 
f 1798//1804 1799//1806 1722//1803 
f 1797//1802 1798//1804 1723//1801 
f 1796//1800 1797//1802 1728//1799 
f 1795//1798 1796//1800 1739//1797 
f 1794//1796 1795//1798 1748//1795 
f 1793//1794 1794//1796 1740//1793 
f 1792//1792 1793//1794 1730//1791 
f 1791//1790 1792//1792 1729//1789 
f 1790//1788 1791//1790 1731//1787 
f 1789//1786 1790//1788 1732//1785 
f 1788//1784 1789//1786 1725//1783 
f 1787//1782 1788//1784 1724//1781 
f 1786//1780 1787//1782 1726//1779 
f 1785//1778 1786//1780 1733//1777 
f 1784//1776 1785//1778 1734//1775 
f 1783//1774 1784//1776 1735//1773 
f 1782//1772 1783//1774 1749//1771 
f 1781//1770 1782//1772 1750//1769 
f 1780//1768 1781//1770 1751//1767 
f 1779//1766 1780//1768 1742//1765 
f 1778//1764 1779//1766 1741//1763 
f 1777//1762 1778//1764 1743//1761 
f 1776//1760 1777//1762 1744//1759 
f 1775//1758 1776//1760 1727//1757 
f 1774//1756 1775//1758 1713//1755 
f 1773//1754 1774//1756 1712//1753 
f 1772//1752 1773//1754 1714//1751 
f 1771//1750 1772//1752 1716//1749 
f 1770//1748 1771//1750 1715//1747 
f 1769//1746 1770//1748 1707//1745 
f 1768//1744 1769//1746 1696//1743 
f 1767//1742 1768//1744 1695//1741 
f 1766//1740 1767//1742 1697//1739 
f 1765//1738 1766//1740 1698//1737 
f 1764//1736 1765//1738 1717//1735 
f 1763//1734 1764//1736 1736//1733 
f 1762//1732 1763//1734 1737//1731 
f 1761//1730 1762//1732 1738//1729 
f 1760//1728 1761//1730 1745//1727 
f 1759//1726 1760//1728 1752//1725 
f 1758//1724 1759//1726 1747//1723 
f 1757//1722 1758//1724 1746//1721 
f 1756//1720 1757//1722 1709//1719 
f 1755//1718 1756//1720 1708//1717 
f 1754//1716 1755//1718 1700//1715 
f 1753//1714 1754//1716 1699//1713 
o mesh35
f 415//1827 421//1828 1811//1828 
f 416//1829 415//1827 1812//1830 
f 413//1831 416//1829 1813//1832 
f 414//1833 413//1831 1814//1834 
f 411//1835 414//1833 1815//1836 
f 412//1837 411//1835 1816//1838 
f 420//1839 412//1837 1817//1840 
f 429//1841 420//1839 1818//1842 
f 419//1843 429//1841 1819//1844 
f 409//1845 419//1843 1820//1846 
f 410//1847 409//1845 1821//1848 
f 408//1849 410//1847 1822//1850 
f 405//1851 408//1849 1823//1852 
f 406//1853 405//1851 1824//1854 
f 403//1855 406//1853 1825//1856 
f 404//1857 403//1855 1826//1858 
f 427//1859 404//1857 1827//1860 
f 428//1861 427//1859 1828//1862 
f 444//1863 428//1861 1829//1864 
f 445//1865 444//1863 1830//1866 
f 442//1867 445//1865 1831//1868 
f 443//1869 442//1867 1832//1870 
f 440//1871 443//1869 1833//1872 
f 441//1873 440//1871 1834//1874 
f 432//1875 441//1873 1835//1876 
f 425//1877 432//1875 1836//1878 
f 426//1879 425//1877 1837//1880 
f 431//1881 426//1879 1838//1882 
f 418//1883 431//1881 1839//1884 
f 424//1885 418//1883 1840//1886 
f 454//1887 424//1885 1841//1888 
f 438//1889 454//1887 1842//1890 
f 439//1891 438//1889 1843//1892 
f 436//1893 439//1891 1844//1894 
f 437//1895 436//1893 1845//1896 
f 453//1897 437//1895 1846//1898 
f 452//1899 453//1897 1847//1900 
f 435//1901 452//1899 1848//1902 
f 430//1903 435//1901 1849//1904 
f 422//1905 430//1903 1850//1906 
f 423//1907 422//1905 1851//1908 
f 457//1909 423//1907 1852//1910 
f 462//1911 457//1909 1853//1912 
f 460//1913 462//1911 1854//1914 
f 461//1915 460//1913 1855//1916 
f 450//1917 461//1915 1856//1918 
f 451//1919 450//1917 1857//1920 
f 455//1921 451//1919 1858//1922 
f 447//1923 455//1921 1859//1924 
f 458//1925 447//1923 1860//1926 
f 459//1927 458//1925 1861//1928 
f 433//1929 459//1927 1862//1930 
f 434//1931 433//1929 1863//1932 
f 446//1933 434//1931 1864//1934 
f 407//1935 446//1933 1865//1936 
f 401//1937 407//1935 1866//1938 
f 402//1939 401//1937 1867//1940 
f 421//1828 402//1939 1868//1939 
f 1868//1939 1811//1828 421//1828 
f 1867//1940 1868//1939 402//1939 
f 1866//1938 1867//1940 401//1937 
f 1865//1936 1866//1938 407//1935 
f 1864//1934 1865//1936 446//1933 
f 1863//1932 1864//1934 434//1931 
f 1862//1930 1863//1932 433//1929 
f 1861//1928 1862//1930 459//1927 
f 1860//1926 1861//1928 458//1925 
f 1859//1924 1860//1926 447//1923 
f 1858//1922 1859//1924 455//1921 
f 1857//1920 1858//1922 451//1919 
f 1856//1918 1857//1920 450//1917 
f 1855//1916 1856//1918 461//1915 
f 1854//1914 1855//1916 460//1913 
f 1853//1912 1854//1914 462//1911 
f 1852//1910 1853//1912 457//1909 
f 1851//1908 1852//1910 423//1907 
f 1850//1906 1851//1908 422//1905 
f 1849//1904 1850//1906 430//1903 
f 1848//1902 1849//1904 435//1901 
f 1847//1900 1848//1902 452//1899 
f 1846//1898 1847//1900 453//1897 
f 1845//1896 1846//1898 437//1895 
f 1844//1894 1845//1896 436//1893 
f 1843//1892 1844//1894 439//1891 
f 1842//1890 1843//1892 438//1889 
f 1841//1888 1842//1890 454//1887 
f 1840//1886 1841//1888 424//1885 
f 1839//1884 1840//1886 418//1883 
f 1838//1882 1839//1884 431//1881 
f 1837//1880 1838//1882 426//1879 
f 1836//1878 1837//1880 425//1877 
f 1835//1876 1836//1878 432//1875 
f 1834//1874 1835//1876 441//1873 
f 1833//1872 1834//1874 440//1871 
f 1832//1870 1833//1872 443//1869 
f 1831//1868 1832//1870 442//1867 
f 1830//1866 1831//1868 445//1865 
f 1829//1864 1830//1866 444//1863 
f 1828//1862 1829//1864 428//1861 
f 1827//1860 1828//1862 427//1859 
f 1826//1858 1827//1860 404//1857 
f 1825//1856 1826//1858 403//1855 
f 1824//1854 1825//1856 406//1853 
f 1823//1852 1824//1854 405//1851 
f 1822//1850 1823//1852 408//1849 
f 1821//1848 1822//1850 410//1847 
f 1820//1846 1821//1848 409//1845 
f 1819//1844 1820//1846 419//1843 
f 1818//1842 1819//1844 429//1841 
f 1817//1840 1818//1842 420//1839 
f 1816//1838 1817//1840 412//1837 
f 1815//1836 1816//1838 411//1835 
f 1814//1834 1815//1836 414//1833 
f 1813//1832 1814//1834 413//1831 
f 1812//1830 1813//1832 416//1829 
f 1811//1828 1812//1830 415//1827 
o mesh36
f 790//1941 785//1942 1869//1942 
f 789//1943 790//1941 1870//1944 
f 776//1945 789//1943 1871//1946 
f 777//1947 776//1945 1872//1948 
f 784//1949 777//1947 1873//1950 
f 782//1951 784//1949 1874//1952 
f 783//1953 782//1951 1875//1954 
f 780//1955 783//1953 1876//1956 
f 781//1957 780//1955 1877//1958 
f 1878//1957 1879//1959 734//1960 
f 1879//1959 731//1959 734//1960 
f 730//1961 731//1959 1879//1959 
f 726//1962 730//1961 1880//1961 
f 727//1963 726//1962 1881//1962 
f 729//1964 727//1963 1882//1963 
f 725//1965 729//1964 1883//1964 
f 728//1966 725//1965 1884//1965 
f 723//1967 728//1966 1885//1966 
f 724//1968 723//1967 1886//1967 
f 732//1969 724//1968 1887//1968 
f 1888//1970 748//1970 733//1971 
f 733//1971 1889//1972 1888//1970 
f 745//1973 748//1970 1888//1970 
f 746//1974 745//1973 1890//1973 
f 742//1975 746//1974 1891//1974 
f 743//1976 742//1975 1892//1975 
f 738//1977 743//1976 1893//1976 
f 739//1978 738//1977 1894//1977 
f 737//1979 739//1978 1895//1978 
f 735//1980 737//1979 1896//1979 
f 736//1981 735//1980 1897//1980 
f 744//1982 736//1981 1898//1981 
f 740//1983 744//1982 1899//1982 
f 741//1984 740//1983 1900//1983 
f 747//1985 741//1984 1901//1984 
f 1902//1986 771//1986 775//1987 
f 775//1987 1903//1988 1902//1986 
f 764//1989 771//1986 1902//1986 
f 749//1990 764//1989 1904//1989 
f 750//1991 749//1990 1905//1990 
f 761//1992 750//1991 1906//1991 
f 762//1993 761//1992 1907//1992 
f 759//1994 762//1993 1908//1993 
f 756//1995 759//1994 1909//1994 
f 757//1996 756//1995 1910//1995 
f 774//1997 757//1996 1911//1996 
f 769//1998 774//1997 1912//1997 
f 770//1999 769//1998 1913//1998 
f 767//2000 770//1999 1914//1999 
f 768//2001 767//2000 1915//2000 
f 773//2002 768//2001 1916//2001 
f 754//2003 773//2002 1917//2002 
f 755//2004 754//2003 1918//2003 
f 765//2005 755//2004 1919//2004 
f 752//2006 765//2005 1920//2005 
f 753//2007 752//2006 1921//2006 
f 1922//2007 1923//2008 787//2009 
f 1923//2008 788//2008 787//2009 
f 786//2010 788//2008 1923//2008 
f 778//2011 786//2010 1924//2010 
f 779//2012 778//2011 1925//2011 
f 785//1942 779//2012 1926//2012 
f 1926//2012 1869//1942 785//1942 
f 1925//2011 1926//2012 779//2012 
f 1924//2010 1925//2011 778//2011 
f 1923//2008 1924//2010 786//2010 
f 787//2009 753//2007 1922//2007 
f 1921//2006 1922//2007 753//2007 
f 1920//2005 1921//2006 752//2006 
f 1919//2004 1920//2005 765//2005 
f 1918//2003 1919//2004 755//2004 
f 1917//2002 1918//2003 754//2003 
f 1916//2001 1917//2002 773//2002 
f 1915//2000 1916//2001 768//2001 
f 1914//1999 1915//2000 767//2000 
f 1913//1998 1914//1999 770//1999 
f 1912//1997 1913//1998 769//1998 
f 1911//1996 1912//1997 774//1997 
f 1910//1995 1911//1996 757//1996 
f 1909//1994 1910//1995 756//1995 
f 1908//1993 1909//1994 759//1994 
f 1907//1992 1908//1993 762//1993 
f 1906//1991 1907//1992 761//1992 
f 1905//1990 1906//1991 750//1991 
f 1904//1989 1905//1990 749//1990 
f 1902//1986 1904//1989 764//1989 
f 775//1987 747//1985 1903//1988 
f 1901//1984 1903//1988 747//1985 
f 1900//1983 1901//1984 741//1984 
f 1899//1982 1900//1983 740//1983 
f 1898//1981 1899//1982 744//1982 
f 1897//1980 1898//1981 736//1981 
f 1896//1979 1897//1980 735//1980 
f 1895//1978 1896//1979 737//1979 
f 1894//1977 1895//1978 739//1978 
f 1893//1976 1894//1977 738//1977 
f 1892//1975 1893//1976 743//1976 
f 1891//1974 1892//1975 742//1975 
f 1890//1973 1891//1974 746//1974 
f 1888//1970 1890//1973 745//1973 
f 733//1971 732//1969 1889//1972 
f 1887//1968 1889//1972 732//1969 
f 1886//1967 1887//1968 724//1968 
f 1885//1966 1886//1967 723//1967 
f 1884//1965 1885//1966 728//1966 
f 1883//1964 1884//1965 725//1965 
f 1882//1963 1883//1964 729//1964 
f 1881//1962 1882//1963 727//1963 
f 1880//1961 1881//1962 726//1962 
f 1879//1959 1880//1961 730//1961 
f 734//1960 781//1957 1878//1957 
f 1877//1958 1878//1957 781//1957 
f 1876//1956 1877//1958 780//1955 
f 1875//1954 1876//1956 783//1953 
f 1874//1952 1875//1954 782//1951 
f 1873//1950 1874//1952 784//1949 
f 1872//1948 1873//1950 777//1947 
f 1871//1946 1872//1948 776//1945 
f 1870//1944 1871//1946 789//1943 
f 1869//1942 1870//1944 790//1941 
o mesh37
f 1876//2013 1927//2013 1928//2013 
f 1876//2013 1875//2013 1929//2013 
f 1929//2013 1927//2013 1876//2013 
f 1874//2013 1930//2013 1929//2013 
f 1873//2013 1931//2013 1930//2013 
f 1873//2013 1872//2013 1932//2013 
f 1897//2013 1933//2013 1934//2013 
f 1897//2013 1896//2013 1935//2013 
f 1877//2013 1928//2013 1936//2013 
f 1929//2013 1875//2013 1874//2013 
f 1932//2013 1931//2013 1873//2013 
f 1872//2013 1871//2013 1937//2013 
f 1870//2013 1938//2013 1937//2013 
f 1870//2013 1869//2013 1939//2013 
f 1926//2013 1940//2013 1939//2013 
f 1926//2013 1925//2013 1941//2013 
f 1935//2013 1933//2013 1897//2013 
f 1896//2013 1895//2013 1942//2013 
f 1894//2013 1943//2013 1942//2013 
f 1894//2013 1893//2013 1944//2013 
f 1891//2013 1945//2013 1946//2013 
f 1891//2013 1890//2013 1947//2013 
f 1928//2013 1877//2013 1876//2013 
f 1937//2013 1932//2013 1872//2013 
f 1939//2013 1938//2013 1870//2013 
f 1941//2013 1940//2013 1926//2013 
f 1923//2013 1948//2013 1949//2013 
f 1923//2013 1922//2013 1950//2013 
f 1920//2013 1951//2013 1952//2013 
f 1920//2013 1919//2013 1953//2013 
f 1905//2013 1954//2013 1955//2013 
f 1905//2013 1904//2013 1956//2013 
f 1902//2013 1957//2013 1956//2013 
f 1902//2013 1903//2013 1958//2013 
f 1901//2013 1959//2013 1958//2013 
f 1901//2013 1900//2013 1960//2013 
f 1899//2013 1961//2013 1960//2013 
f 1899//2013 1898//2013 1934//2013 
f 1942//2013 1935//2013 1896//2013 
f 1944//2013 1943//2013 1894//2013 
f 1892//2013 1946//2013 1944//2013 
f 1947//2013 1945//2013 1891//2013 
f 1881//2013 1880//2013 1962//2013 
f 1880//2013 1879//2013 1963//2013 
f 1930//2013 1874//2013 1873//2013 
f 1939//2013 1869//2013 1926//2013 
f 1924//2013 1949//2013 1941//2013 
f 1950//2013 1948//2013 1923//2013 
f 1922//2013 1921//2013 1952//2013 
f 1953//2013 1951//2013 1920//2013 
f 1916//2013 1964//2013 1965//2013 
f 1915//2013 1966//2013 1964//2013 
f 1910//2013 1909//2013 1967//2013 
f 1909//2013 1908//2013 1968//2013 
f 1907//2013 1969//2013 1968//2013 
f 1906//2013 1955//2013 1969//2013 
f 1956//2013 1954//2013 1905//2013 
f 1958//2013 1957//2013 1902//2013 
f 1960//2013 1959//2013 1901//2013 
f 1934//2013 1961//2013 1899//2013 
f 1942//2013 1895//2013 1894//2013 
f 1946//2013 1892//2013 1891//2013 
f 1882//2013 1970//2013 1971//2013 
f 1882//2013 1881//2013 1972//2013 
f 1963//2013 1962//2013 1880//2013 
f 1879//2013 1878//2013 1936//2013 
f 1937//2013 1871//2013 1870//2013 
f 1949//2013 1924//2013 1923//2013 
f 1952//2013 1921//2013 1920//2013 
f 1919//2013 1918//2013 1973//2013 
f 1917//2013 1965//2013 1973//2013 
f 1964//2013 1916//2013 1915//2013 
f 1911//2013 1910//2013 1974//2013 
f 1968//2013 1967//2013 1909//2013 
f 1969//2013 1907//2013 1906//2013 
f 1956//2013 1904//2013 1902//2013 
f 1960//2013 1900//2013 1899//2013 
f 1944//2013 1893//2013 1892//2013 
f 1887//2013 1975//2013 1976//2013 
f 1886//2013 1977//2013 1975//2013 
f 1885//2013 1978//2013 1977//2013 
f 1885//2013 1884//2013 1979//2013 
f 1972//2013 1970//2013 1882//2013 
f 1936//2013 1963//2013 1879//2013 
f 1941//2013 1925//2013 1924//2013 
f 1973//2013 1953//2013 1919//2013 
f 1965//2013 1917//2013 1916//2013 
f 1915//2013 1914//2013 1980//2013 
f 1913//2013 1981//2013 1980//2013 
f 1912//2013 1982//2013 1981//2013 
f 1911//2013 1983//2013 1982//2013 
f 1967//2013 1974//2013 1910//2013 
f 1955//2013 1906//2013 1905//2013 
f 1934//2013 1898//2013 1897//2013 
f 1975//2013 1887//2013 1886//2013 
f 1979//2013 1978//2013 1885//2013 
f 1962//2013 1972//2013 1881//2013 
f 1952//2013 1950//2013 1922//2013 
f 1980//2013 1966//2013 1915//2013 
f 1981//2013 1913//2013 1912//2013 
f 1974//2013 1983//2013 1911//2013 
f 1958//2013 1903//2013 1901//2013 
f 1888//2013 1984//2013 1947//2013 
f 1888//2013 1889//2013 1976//2013 
f 1977//2013 1886//2013 1885//2013 
f 1884//2013 1883//2013 1971//2013 
f 1936//2013 1878//2013 1877//2013 
f 1980//2013 1914//2013 1913//2013 
f 1968//2013 1908//2013 1907//2013 
f 1976//2013 1984//2013 1888//2013 
f 1971//2013 1979//2013 1884//2013 
f 1973//2013 1918//2013 1917//2013 
f 1947//2013 1890//2013 1888//2013 
f 1971//2013 1883//2013 1882//2013 
f 1976//2013 1889//2013 1887//2013 
f 1982//2013 1912//2013 1911//2013 
o mesh38
f 1938//2014 1939//2015 1985//2015 
f 1937//2016 1938//2014 1986//2017 
f 1932//2018 1937//2016 1987//2019 
f 1931//2020 1932//2018 1988//2021 
f 1930//2022 1931//2020 1989//2023 
f 1929//2024 1930//2022 1990//2025 
f 1927//2026 1929//2024 1991//2027 
f 1928//2028 1927//2026 1992//2029 
f 1936//2030 1928//2028 1993//2031 
f 1963//2032 1936//2030 1994//2033 
f 1962//2034 1963//2032 1995//2035 
f 1972//2036 1962//2034 1996//2037 
f 1970//2038 1972//2036 1997//2039 
f 1971//2040 1970//2038 1998//2041 
f 1979//2042 1971//2040 1999//2043 
f 1978//2044 1979//2042 2000//2045 
f 1977//2046 1978//2044 2001//2047 
f 1975//2048 1977//2046 2002//2049 
f 1976//2050 1975//2048 2003//2051 
f 1984//2052 1976//2050 2004//2053 
f 1947//2054 1984//2052 2005//2055 
f 1945//2056 1947//2054 2006//2057 
f 1946//2058 1945//2056 2007//2059 
f 1944//2060 1946//2058 2008//2061 
f 1943//2062 1944//2060 2009//2063 
f 1942//2064 1943//2062 2010//2065 
f 1935//2066 1942//2064 2011//2067 
f 1933//2068 1935//2066 2012//2069 
f 1934//2070 1933//2068 2013//2071 
f 1961//2072 1934//2070 2014//2073 
f 1960//2074 1961//2072 2015//2075 
f 1959//2076 1960//2074 2016//2077 
f 1958//2078 1959//2076 2017//2079 
f 1957//2080 1958//2078 2018//2081 
f 1956//2082 1957//2080 2019//2083 
f 1954//2084 1956//2082 2020//2085 
f 1955//2086 1954//2084 2021//2087 
f 1969//2088 1955//2086 2022//2089 
f 1968//2090 1969//2088 2023//2091 
f 1967//2092 1968//2090 2024//2093 
f 1974//2094 1967//2092 2025//2095 
f 1983//2096 1974//2094 2026//2097 
f 1982//2098 1983//2096 2027//2099 
f 1981//2100 1982//2098 2028//2101 
f 1980//2102 1981//2100 2029//2103 
f 1966//2104 1980//2102 2030//2105 
f 1964//2106 1966//2104 2031//2107 
f 1965//2108 1964//2106 2032//2109 
f 1973//2110 1965//2108 2033//2111 
f 1953//2112 1973//2110 2034//2113 
f 1951//2114 1953//2112 2035//2115 
f 1952//2116 1951//2114 2036//2117 
f 1950//2118 1952//2116 2037//2119 
f 1948//2120 1950//2118 2038//2121 
f 1949//2122 1948//2120 2039//2123 
f 1941//2124 1949//2122 2040//2125 
f 1940//2126 1941//2124 2041//2127 
f 1939//2015 1940//2126 2042//2126 
f 2042//2126 1985//2015 1939//2015 
f 2041//2127 2042//2126 1940//2126 
f 2040//2125 2041//2127 1941//2124 
f 2039//2123 2040//2125 1949//2122 
f 2038//2121 2039//2123 1948//2120 
f 2037//2119 2038//2121 1950//2118 
f 2036//2117 2037//2119 1952//2116 
f 2035//2115 2036//2117 1951//2114 
f 2034//2113 2035//2115 1953//2112 
f 2033//2111 2034//2113 1973//2110 
f 2032//2109 2033//2111 1965//2108 
f 2031//2107 2032//2109 1964//2106 
f 2030//2105 2031//2107 1966//2104 
f 2029//2103 2030//2105 1980//2102 
f 2028//2101 2029//2103 1981//2100 
f 2027//2099 2028//2101 1982//2098 
f 2026//2097 2027//2099 1983//2096 
f 2025//2095 2026//2097 1974//2094 
f 2024//2093 2025//2095 1967//2092 
f 2023//2091 2024//2093 1968//2090 
f 2022//2089 2023//2091 1969//2088 
f 2021//2087 2022//2089 1955//2086 
f 2020//2085 2021//2087 1954//2084 
f 2019//2083 2020//2085 1956//2082 
f 2018//2081 2019//2083 1957//2080 
f 2017//2079 2018//2081 1958//2078 
f 2016//2077 2017//2079 1959//2076 
f 2015//2075 2016//2077 1960//2074 
f 2014//2073 2015//2075 1961//2072 
f 2013//2071 2014//2073 1934//2070 
f 2012//2069 2013//2071 1933//2068 
f 2011//2067 2012//2069 1935//2066 
f 2010//2065 2011//2067 1942//2064 
f 2009//2063 2010//2065 1943//2062 
f 2008//2061 2009//2063 1944//2060 
f 2007//2059 2008//2061 1946//2058 
f 2006//2057 2007//2059 1945//2056 
f 2005//2055 2006//2057 1947//2054 
f 2004//2053 2005//2055 1984//2052 
f 2003//2051 2004//2053 1976//2050 
f 2002//2049 2003//2051 1975//2048 
f 2001//2047 2002//2049 1977//2046 
f 2000//2045 2001//2047 1978//2044 
f 1999//2043 2000//2045 1979//2042 
f 1998//2041 1999//2043 1971//2040 
f 1997//2039 1998//2041 1970//2038 
f 1996//2037 1997//2039 1972//2036 
f 1995//2035 1996//2037 1962//2034 
f 1994//2033 1995//2035 1963//2032 
f 1993//2031 1994//2033 1936//2030 
f 1992//2029 1993//2031 1928//2028 
f 1991//2027 1992//2029 1927//2026 
f 1990//2025 1991//2027 1929//2024 
f 1989//2023 1990//2025 1930//2022 
f 1988//2021 1989//2023 1931//2020 
f 1987//2019 1988//2021 1932//2018 
f 1986//2017 1987//2019 1937//2016 
f 1985//2015 1986//2017 1938//2014 
o mesh39
f 860//2128 859//2129 2043//2129 
f 857//2130 860//2128 2044//2131 
f 858//2132 857//2130 2045//2133 
f 855//2134 858//2132 2046//2135 
f 856//2136 855//2134 2047//2137 
f 853//2138 856//2136 2048//2139 
f 854//2140 853//2138 2049//2141 
f 851//2142 854//2140 2050//2143 
f 852//2144 851//2142 2051//2145 
f 2052//2144 2053//2146 798//2147 
f 2053//2146 797//2146 798//2147 
f 795//2148 797//2146 2053//2146 
f 791//2149 795//2148 2054//2148 
f 792//2150 791//2149 2055//2149 
f 793//2151 792//2150 2056//2150 
f 794//2152 793//2151 2057//2151 
f 796//2153 794//2152 2058//2152 
f 799//2154 796//2153 2059//2153 
f 800//2155 799//2154 2060//2154 
f 2061//2156 801//2156 803//2157 
f 803//2157 2062//2158 2061//2156 
f 2063//2159 810//2159 802//2160 
f 802//2160 2061//2156 2063//2159 
f 809//2161 810//2159 2063//2159 
f 804//2162 809//2161 2064//2161 
f 805//2163 804//2162 2065//2162 
f 808//2164 805//2163 2066//2163 
f 806//2165 808//2164 2067//2164 
f 807//2166 806//2165 2068//2165 
f 2069//2166 2070//2167 817//2168 
f 2070//2167 813//2167 817//2168 
f 811//2169 813//2167 2070//2167 
f 812//2170 811//2169 2071//2169 
f 816//2171 812//2170 2072//2170 
f 814//2172 816//2171 2073//2171 
f 2074//2173 818//2173 815//2174 
f 815//2174 2075//2175 2074//2173 
f 819//2176 818//2173 2074//2173 
f 2076//2177 826//2177 827//2178 
f 827//2178 2077//2179 2076//2177 
f 823//2180 826//2177 2076//2177 
f 824//2181 823//2180 2078//2180 
f 828//2182 824//2181 2079//2181 
f 825//2183 828//2182 2080//2182 
f 821//2184 825//2183 2081//2183 
f 2082//2185 847//2185 822//2186 
f 822//2186 2083//2187 2082//2185 
f 848//2188 847//2185 2082//2185 
f 845//2189 848//2188 2084//2188 
f 842//2190 845//2189 2085//2189 
f 843//2191 842//2190 2086//2190 
f 841//2192 843//2191 2087//2191 
f 839//2193 841//2192 2088//2192 
f 837//2194 839//2193 2089//2193 
f 836//2195 837//2194 2090//2194 
f 831//2196 836//2195 2091//2195 
f 829//2197 831//2196 2092//2196 
f 834//2198 829//2197 2093//2197 
f 835//2199 834//2198 2094//2198 
f 833//2200 835//2199 2095//2199 
f 2096//2200 2097//2201 862//2202 
f 2097//2201 863//2201 862//2202 
f 861//2203 863//2201 2097//2201 
f 849//2204 861//2203 2098//2203 
f 850//2205 849//2204 2099//2204 
f 859//2129 850//2205 2100//2205 
f 2100//2205 2043//2129 859//2129 
f 2099//2204 2100//2205 850//2205 
f 2098//2203 2099//2204 849//2204 
f 2097//2201 2098//2203 861//2203 
f 862//2202 833//2200 2096//2200 
f 2095//2199 2096//2200 833//2200 
f 2094//2198 2095//2199 835//2199 
f 2093//2197 2094//2198 834//2198 
f 2092//2196 2093//2197 829//2197 
f 2091//2195 2092//2196 831//2196 
f 2090//2194 2091//2195 836//2195 
f 2089//2193 2090//2194 837//2194 
f 2088//2192 2089//2193 839//2193 
f 2087//2191 2088//2192 841//2192 
f 2086//2190 2087//2191 843//2191 
f 2085//2189 2086//2190 842//2190 
f 2084//2188 2085//2189 845//2189 
f 2082//2185 2084//2188 848//2188 
f 822//2186 821//2184 2083//2187 
f 2081//2183 2083//2187 821//2184 
f 2080//2182 2081//2183 825//2183 
f 2079//2181 2080//2182 828//2182 
f 2078//2180 2079//2181 824//2181 
f 2076//2177 2078//2180 823//2180 
f 827//2178 819//2176 2077//2179 
f 2074//2173 2077//2179 819//2176 
f 815//2174 814//2172 2075//2175 
f 2073//2171 2075//2175 814//2172 
f 2072//2170 2073//2171 816//2171 
f 2071//2169 2072//2170 812//2170 
f 2070//2167 2071//2169 811//2169 
f 817//2168 807//2166 2069//2166 
f 2068//2165 2069//2166 807//2166 
f 2067//2164 2068//2165 806//2165 
f 2066//2163 2067//2164 808//2164 
f 2065//2162 2066//2163 805//2163 
f 2064//2161 2065//2162 804//2162 
f 2063//2159 2064//2161 809//2161 
f 802//2160 801//2156 2061//2156 
f 803//2157 800//2155 2062//2158 
f 2060//2154 2062//2158 800//2155 
f 2059//2153 2060//2154 799//2154 
f 2058//2152 2059//2153 796//2153 
f 2057//2151 2058//2152 794//2152 
f 2056//2150 2057//2151 793//2151 
f 2055//2149 2056//2150 792//2150 
f 2054//2148 2055//2149 791//2149 
f 2053//2146 2054//2148 795//2148 
f 798//2147 852//2144 2052//2144 
f 2051//2145 2052//2144 852//2144 
f 2050//2143 2051//2145 851//2142 
f 2049//2141 2050//2143 854//2140 
f 2048//2139 2049//2141 853//2138 
f 2047//2137 2048//2139 856//2136 
f 2046//2135 2047//2137 855//2134 
f 2045//2133 2046//2135 858//2132 
f 2044//2131 2045//2133 857//2130 
f 2043//2129 2044//2131 860//2128 
o mesh40
f 2058//2206 2101//2206 2102//2206 
f 2058//2206 2057//2206 2103//2206 
f 2103//2206 2101//2206 2058//2206 
f 2057//2206 2056//2206 2104//2206 
f 2059//2206 2102//2206 2105//2206 
f 2104//2206 2103//2206 2057//2206 
f 2102//2206 2059//2206 2058//2206 
f 2056//2206 2055//2206 2106//2206 
f 2069//2206 2107//2206 2108//2206 
f 2068//2206 2109//2206 2107//2206 
f 2067//2206 2110//2206 2109//2206 
f 2067//2206 2066//2206 2111//2206 
f 2060//2206 2105//2206 2112//2206 
f 2106//2206 2104//2206 2056//2206 
f 2045//2206 2113//2206 2114//2206 
f 2044//2206 2115//2206 2113//2206 
f 2085//2206 2084//2206 2116//2206 
f 2084//2206 2082//2206 2117//2206 
f 2071//2206 2118//2206 2119//2206 
f 2071//2206 2070//2206 2108//2206 
f 2107//2206 2069//2206 2068//2206 
f 2111//2206 2110//2206 2067//2206 
f 2064//2206 2120//2206 2121//2206 
f 2064//2206 2063//2206 2122//2206 
f 2061//2206 2123//2206 2122//2206 
f 2061//2206 2062//2206 2112//2206 
f 2105//2206 2060//2206 2059//2206 
f 2054//2206 2124//2206 2106//2206 
f 2048//2206 2125//2206 2126//2206 
f 2048//2206 2047//2206 2127//2206 
f 2113//2206 2045//2206 2044//2206 
f 2043//2206 2128//2206 2115//2206 
f 2093//2206 2129//2206 2130//2206 
f 2093//2206 2092//2206 2131//2206 
f 2089//2206 2132//2206 2133//2206 
f 2088//2206 2134//2206 2132//2206 
f 2086//2206 2085//2206 2135//2206 
f 2117//2206 2116//2206 2084//2206 
f 2080//2206 2136//2206 2137//2206 
f 2080//2206 2079//2206 2138//2206 
f 2073//2206 2139//2206 2140//2206 
f 2073//2206 2072//2206 2119//2206 
f 2108//2206 2118//2206 2071//2206 
f 2109//2206 2068//2206 2067//2206 
f 2065//2206 2121//2206 2111//2206 
f 2122//2206 2120//2206 2064//2206 
f 2112//2206 2123//2206 2061//2206 
f 2106//2206 2055//2206 2054//2206 
f 2052//2206 2051//2206 2141//2206 
f 2051//2206 2050//2206 2142//2206 
f 2049//2206 2126//2206 2142//2206 
f 2127//2206 2125//2206 2048//2206 
f 2046//2206 2114//2206 2127//2206 
f 2115//2206 2044//2206 2043//2206 
f 2100//2206 2143//2206 2128//2206 
f 2100//2206 2099//2206 2144//2206 
f 2097//2206 2145//2206 2146//2206 
f 2097//2206 2096//2206 2147//2206 
f 2095//2206 2148//2206 2147//2206 
f 2094//2206 2130//2206 2148//2206 
f 2131//2206 2129//2206 2093//2206 
f 2092//2206 2091//2206 2149//2206 
f 2090//2206 2133//2206 2149//2206 
f 2132//2206 2089//2206 2088//2206 
f 2087//2206 2150//2206 2134//2206 
f 2087//2206 2086//2206 2151//2206 
f 2116//2206 2135//2206 2085//2206 
f 2082//2206 2083//2206 2152//2206 
f 2081//2206 2137//2206 2152//2206 
f 2138//2206 2136//2206 2080//2206 
f 2119//2206 2139//2206 2073//2206 
f 2108//2206 2070//2206 2069//2206 
f 2121//2206 2065//2206 2064//2206 
f 2112//2206 2062//2206 2060//2206 
f 2053//2206 2153//2206 2124//2206 
f 2053//2206 2052//2206 2154//2206 
f 2142//2206 2141//2206 2051//2206 
f 2126//2206 2049//2206 2048//2206 
f 2114//2206 2046//2206 2045//2206 
f 2144//2206 2143//2206 2100//2206 
f 2098//2206 2146//2206 2144//2206 
f 2147//2206 2145//2206 2097//2206 
f 2148//2206 2095//2206 2094//2206 
f 2149//2206 2131//2206 2092//2206 
f 2133//2206 2090//2206 2089//2206 
f 2151//2206 2150//2206 2087//2206 
f 2152//2206 2117//2206 2082//2206 
f 2137//2206 2081//2206 2080//2206 
f 2078//2206 2155//2206 2138//2206 
f 2078//2206 2076//2206 2156//2206 
f 2074//2206 2157//2206 2158//2206 
f 2074//2206 2075//2206 2140//2206 
f 2119//2206 2072//2206 2071//2206 
f 2122//2206 2063//2206 2061//2206 
f 2154//2206 2153//2206 2053//2206 
f 2142//2206 2050//2206 2049//2206 
f 2128//2206 2043//2206 2100//2206 
f 2146//2206 2098//2206 2097//2206 
f 2130//2206 2094//2206 2093//2206 
f 2134//2206 2088//2206 2087//2206 
f 2152//2206 2083//2206 2081//2206 
f 2156//2206 2155//2206 2078//2206 
f 2077//2206 2158//2206 2156//2206 
f 2140//2206 2157//2206 2074//2206 
f 2111//2206 2066//2206 2065//2206 
f 2141//2206 2154//2206 2052//2206 
f 2144//2206 2099//2206 2098//2206 
f 2149//2206 2091//2206 2090//2206 
f 2138//2206 2079//2206 2078//2206 
f 2158//2206 2077//2206 2074//2206 
f 2124//2206 2054//2206 2053//2206 
f 2147//2206 2096//2206 2095//2206 
f 2156//2206 2076//2206 2077//2206 
f 2127//2206 2047//2206 2046//2206 
f 2140//2206 2075//2206 2073//2206 
f 2135//2206 2151//2206 2086//2206 
o mesh41
f 2115//2207 2128//2208 2159//2208 
f 2113//2209 2115//2207 2160//2210 
f 2114//2211 2113//2209 2161//2212 
f 2127//2213 2114//2211 2162//2214 
f 2125//2215 2127//2213 2163//2216 
f 2126//2217 2125//2215 2164//2218 
f 2142//2219 2126//2217 2165//2220 
f 2141//2221 2142//2219 2166//2222 
f 2154//2223 2141//2221 2167//2224 
f 2153//2225 2154//2223 2168//2226 
f 2124//2227 2153//2225 2169//2228 
f 2106//2229 2124//2227 2170//2230 
f 2104//2231 2106//2229 2171//2232 
f 2103//2233 2104//2231 2172//2234 
f 2101//2235 2103//2233 2173//2236 
f 2102//2237 2101//2235 2174//2238 
f 2105//2239 2102//2237 2175//2240 
f 2112//2241 2105//2239 2176//2242 
f 2123//2243 2112//2241 2177//2244 
f 2122//2245 2123//2243 2178//2246 
f 2120//2247 2122//2245 2179//2248 
f 2121//2249 2120//2247 2180//2250 
f 2111//2251 2121//2249 2181//2252 
f 2110//2253 2111//2251 2182//2254 
f 2109//2255 2110//2253 2183//2256 
f 2107//2257 2109//2255 2184//2258 
f 2108//2259 2107//2257 2185//2260 
f 2118//2261 2108//2259 2186//2262 
f 2119//2263 2118//2261 2187//2264 
f 2139//2265 2119//2263 2188//2266 
f 2140//2267 2139//2265 2189//2268 
f 2157//2269 2140//2267 2190//2270 
f 2158//2271 2157//2269 2191//2272 
f 2156//2273 2158//2271 2192//2274 
f 2155//2275 2156//2273 2193//2276 
f 2138//2277 2155//2275 2194//2278 
f 2136//2279 2138//2277 2195//2280 
f 2137//2281 2136//2279 2196//2282 
f 2152//2283 2137//2281 2197//2284 
f 2117//2285 2152//2283 2198//2286 
f 2116//2287 2117//2285 2199//2288 
f 2135//2289 2116//2287 2200//2290 
f 2151//2291 2135//2289 2201//2292 
f 2150//2293 2151//2291 2202//2294 
f 2134//2295 2150//2293 2203//2296 
f 2132//2297 2134//2295 2204//2298 
f 2133//2299 2132//2297 2205//2300 
f 2149//2301 2133//2299 2206//2302 
f 2131//2303 2149//2301 2207//2304 
f 2129//2305 2131//2303 2208//2306 
f 2130//2307 2129//2305 2209//2308 
f 2148//2309 2130//2307 2210//2310 
f 2147//2311 2148//2309 2211//2312 
f 2145//2313 2147//2311 2212//2314 
f 2146//2315 2145//2313 2213//2316 
f 2144//2317 2146//2315 2214//2318 
f 2143//2319 2144//2317 2215//2320 
f 2128//2208 2143//2319 2216//2319 
f 2216//2319 2159//2208 2128//2208 
f 2215//2320 2216//2319 2143//2319 
f 2214//2318 2215//2320 2144//2317 
f 2213//2316 2214//2318 2146//2315 
f 2212//2314 2213//2316 2145//2313 
f 2211//2312 2212//2314 2147//2311 
f 2210//2310 2211//2312 2148//2309 
f 2209//2308 2210//2310 2130//2307 
f 2208//2306 2209//2308 2129//2305 
f 2207//2304 2208//2306 2131//2303 
f 2206//2302 2207//2304 2149//2301 
f 2205//2300 2206//2302 2133//2299 
f 2204//2298 2205//2300 2132//2297 
f 2203//2296 2204//2298 2134//2295 
f 2202//2294 2203//2296 2150//2293 
f 2201//2292 2202//2294 2151//2291 
f 2200//2290 2201//2292 2135//2289 
f 2199//2288 2200//2290 2116//2287 
f 2198//2286 2199//2288 2117//2285 
f 2197//2284 2198//2286 2152//2283 
f 2196//2282 2197//2284 2137//2281 
f 2195//2280 2196//2282 2136//2279 
f 2194//2278 2195//2280 2138//2277 
f 2193//2276 2194//2278 2155//2275 
f 2192//2274 2193//2276 2156//2273 
f 2191//2272 2192//2274 2158//2271 
f 2190//2270 2191//2272 2157//2269 
f 2189//2268 2190//2270 2140//2267 
f 2188//2266 2189//2268 2139//2265 
f 2187//2264 2188//2266 2119//2263 
f 2186//2262 2187//2264 2118//2261 
f 2185//2260 2186//2262 2108//2259 
f 2184//2258 2185//2260 2107//2257 
f 2183//2256 2184//2258 2109//2255 
f 2182//2254 2183//2256 2110//2253 
f 2181//2252 2182//2254 2111//2251 
f 2180//2250 2181//2252 2121//2249 
f 2179//2248 2180//2250 2120//2247 
f 2178//2246 2179//2248 2122//2245 
f 2177//2244 2178//2246 2123//2243 
f 2176//2242 2177//2244 2112//2241 
f 2175//2240 2176//2242 2105//2239 
f 2174//2238 2175//2240 2102//2237 
f 2173//2236 2174//2238 2101//2235 
f 2172//2234 2173//2236 2103//2233 
f 2171//2232 2172//2234 2104//2231 
f 2170//2230 2171//2232 2106//2229 
f 2169//2228 2170//2230 2124//2227 
f 2168//2226 2169//2228 2153//2225 
f 2167//2224 2168//2226 2154//2223 
f 2166//2222 2167//2224 2141//2221 
f 2165//2220 2166//2222 2142//2219 
f 2164//2218 2165//2220 2126//2217 
f 2163//2216 2164//2218 2125//2215 
f 2162//2214 2163//2216 2127//2213 
f 2161//2212 2162//2214 2114//2211 
f 2160//2210 2161//2212 2113//2209 
f 2159//2208 2160//2210 2115//2207 
o mesh42
f 928//2321 917//2322 2217//2322 
f 927//2323 928//2321 2218//2324 
f 925//2325 927//2323 2219//2326 
f 926//2327 925//2325 2220//2328 
f 929//2329 926//2327 2221//2330 
f 2222//2329 2223//2331 889//2332 
f 2223//2331 887//2331 889//2332 
f 888//2333 887//2331 2223//2331 
f 881//2334 888//2333 2224//2333 
f 879//2335 881//2334 2225//2334 
f 886//2336 879//2335 2226//2335 
f 880//2337 886//2336 2227//2336 
f 876//2338 880//2337 2228//2337 
f 877//2339 876//2338 2229//2338 
f 873//2340 877//2339 2230//2339 
f 874//2341 873//2340 2231//2340 
f 872//2342 874//2341 2232//2341 
f 869//2343 872//2342 2233//2342 
f 867//2344 869//2343 2234//2343 
f 871//2345 867//2344 2235//2344 
f 864//2346 871//2345 2236//2345 
f 884//2347 864//2346 2237//2346 
f 885//2348 884//2347 2238//2347 
f 882//2349 885//2348 2239//2348 
f 2240//2350 923//2350 883//2351 
f 883//2351 2241//2352 2240//2350 
f 914//2353 923//2350 2240//2350 
f 915//2354 914//2353 2242//2353 
f 913//2355 915//2354 2243//2354 
f 910//2356 913//2355 2244//2355 
f 911//2357 910//2356 2245//2356 
f 922//2358 911//2357 2246//2357 
f 920//2359 922//2358 2247//2358 
f 921//2360 920//2359 2248//2359 
f 908//2361 921//2360 2249//2360 
f 909//2362 908//2361 2250//2361 
f 898//2363 909//2362 2251//2362 
f 899//2364 898//2363 2252//2363 
f 903//2365 899//2364 2253//2364 
f 907//2366 903//2365 2254//2365 
f 906//2367 907//2366 2255//2366 
f 902//2368 906//2367 2256//2367 
f 893//2369 902//2368 2257//2368 
f 890//2370 893//2369 2258//2369 
f 891//2371 890//2370 2259//2370 
f 892//2372 891//2371 2260//2371 
f 912//2373 892//2372 2261//2372 
f 896//2374 912//2373 2262//2373 
f 897//2375 896//2374 2263//2374 
f 901//2376 897//2375 2264//2375 
f 900//2377 901//2376 2265//2376 
f 894//2378 900//2377 2266//2377 
f 895//2379 894//2378 2267//2378 
f 904//2380 895//2379 2268//2379 
f 905//2381 904//2380 2269//2380 
f 918//2382 905//2381 2270//2381 
f 919//2383 918//2382 2271//2382 
f 924//2384 919//2383 2272//2383 
f 916//2385 924//2384 2273//2384 
f 917//2322 916//2385 2274//2385 
f 2274//2385 2217//2322 917//2322 
f 2273//2384 2274//2385 916//2385 
f 2272//2383 2273//2384 924//2384 
f 2271//2382 2272//2383 919//2383 
f 2270//2381 2271//2382 918//2382 
f 2269//2380 2270//2381 905//2381 
f 2268//2379 2269//2380 904//2380 
f 2267//2378 2268//2379 895//2379 
f 2266//2377 2267//2378 894//2378 
f 2265//2376 2266//2377 900//2377 
f 2264//2375 2265//2376 901//2376 
f 2263//2374 2264//2375 897//2375 
f 2262//2373 2263//2374 896//2374 
f 2261//2372 2262//2373 912//2373 
f 2260//2371 2261//2372 892//2372 
f 2259//2370 2260//2371 891//2371 
f 2258//2369 2259//2370 890//2370 
f 2257//2368 2258//2369 893//2369 
f 2256//2367 2257//2368 902//2368 
f 2255//2366 2256//2367 906//2367 
f 2254//2365 2255//2366 907//2366 
f 2253//2364 2254//2365 903//2365 
f 2252//2363 2253//2364 899//2364 
f 2251//2362 2252//2363 898//2363 
f 2250//2361 2251//2362 909//2362 
f 2249//2360 2250//2361 908//2361 
f 2248//2359 2249//2360 921//2360 
f 2247//2358 2248//2359 920//2359 
f 2246//2357 2247//2358 922//2358 
f 2245//2356 2246//2357 911//2357 
f 2244//2355 2245//2356 910//2356 
f 2243//2354 2244//2355 913//2355 
f 2242//2353 2243//2354 915//2354 
f 2240//2350 2242//2353 914//2353 
f 883//2351 882//2349 2241//2352 
f 2239//2348 2241//2352 882//2349 
f 2238//2347 2239//2348 885//2348 
f 2237//2346 2238//2347 884//2347 
f 2236//2345 2237//2346 864//2346 
f 2235//2344 2236//2345 871//2345 
f 2234//2343 2235//2344 867//2344 
f 2233//2342 2234//2343 869//2343 
f 2232//2341 2233//2342 872//2342 
f 2231//2340 2232//2341 874//2341 
f 2230//2339 2231//2340 873//2340 
f 2229//2338 2230//2339 877//2339 
f 2228//2337 2229//2338 876//2338 
f 2227//2336 2228//2337 880//2337 
f 2226//2335 2227//2336 886//2336 
f 2225//2334 2226//2335 879//2335 
f 2224//2333 2225//2334 881//2334 
f 2223//2331 2224//2333 888//2333 
f 889//2332 929//2329 2222//2329 
f 2221//2330 2222//2329 929//2329 
f 2220//2328 2221//2330 926//2327 
f 2219//2326 2220//2328 925//2325 
f 2218//2324 2219//2326 927//2323 
f 2217//2322 2218//2324 928//2321 
o mesh43
f 2238//2386 2275//2386 2276//2386 
f 2238//2386 2237//2386 2277//2386 
f 2242//2386 2278//2386 2279//2386 
f 2242//2386 2240//2386 2280//2386 
f 2277//2386 2275//2386 2238//2386 
f 2237//2386 2236//2386 2281//2386 
f 2235//2386 2282//2386 2281//2386 
f 2234//2386 2283//2386 2282//2386 
f 2232//2386 2284//2386 2285//2386 
f 2232//2386 2231//2386 2286//2386 
f 2245//2386 2287//2386 2288//2386 
f 2245//2386 2244//2386 2289//2386 
f 2244//2386 2243//2386 2279//2386 
f 2280//2386 2278//2386 2242//2386 
f 2239//2386 2276//2386 2290//2386 
f 2281//2386 2277//2386 2237//2386 
f 2282//2386 2235//2386 2234//2386 
f 2234//2386 2233//2386 2285//2386 
f 2286//2386 2284//2386 2232//2386 
f 2231//2386 2230//2386 2291//2386 
f 2265//2386 2292//2386 2293//2386 
f 2265//2386 2264//2386 2294//2386 
f 2263//2386 2295//2386 2294//2386 
f 2263//2386 2262//2386 2296//2386 
f 2289//2386 2287//2386 2245//2386 
f 2279//2386 2243//2386 2242//2386 
f 2241//2386 2290//2386 2280//2386 
f 2276//2386 2239//2386 2238//2386 
f 2285//2386 2283//2386 2234//2386 
f 2291//2386 2286//2386 2231//2386 
f 2230//2386 2229//2386 2297//2386 
f 2229//2386 2228//2386 2298//2386 
f 2221//2386 2299//2386 2300//2386 
f 2221//2386 2220//2386 2301//2386 
f 2271//2386 2302//2386 2303//2386 
f 2271//2386 2270//2386 2304//2386 
f 2267//2386 2305//2386 2306//2386 
f 2267//2386 2266//2386 2293//2386 
f 2294//2386 2292//2386 2265//2386 
f 2296//2386 2295//2386 2263//2386 
f 2261//2386 2307//2386 2296//2386 
f 2260//2386 2308//2386 2307//2386 
f 2253//2386 2309//2386 2310//2386 
f 2253//2386 2252//2386 2311//2386 
f 2247//2386 2312//2386 2313//2386 
f 2247//2386 2246//2386 2288//2386 
f 2279//2386 2289//2386 2244//2386 
f 2290//2386 2241//2386 2239//2386 
f 2285//2386 2233//2386 2232//2386 
f 2298//2386 2297//2386 2229//2386 
f 2227//2386 2314//2386 2298//2386 
f 2227//2386 2226//2386 2315//2386 
f 2224//2386 2316//2386 2317//2386 
f 2224//2386 2223//2386 2318//2386 
f 2301//2386 2299//2386 2221//2386 
f 2220//2386 2219//2386 2319//2386 
f 2218//2386 2320//2386 2319//2386 
f 2218//2386 2217//2386 2321//2386 
f 2274//2386 2322//2386 2321//2386 
f 2274//2386 2273//2386 2323//2386 
f 2272//2386 2303//2386 2323//2386 
f 2304//2386 2302//2386 2271//2386 
f 2268//2386 2306//2386 2324//2386 
f 2293//2386 2305//2386 2267//2386 
f 2294//2386 2264//2386 2263//2386 
f 2307//2386 2261//2386 2260//2386 
f 2256//2386 2325//2386 2326//2386 
f 2255//2386 2327//2386 2325//2386 
f 2255//2386 2254//2386 2310//2386 
f 2311//2386 2309//2386 2253//2386 
f 2249//2386 2328//2386 2329//2386 
f 2249//2386 2248//2386 2313//2386 
f 2288//2386 2312//2386 2247//2386 
f 2280//2386 2240//2386 2241//2386 
f 2297//2386 2291//2386 2230//2386 
f 2315//2386 2314//2386 2227//2386 
f 2225//2386 2317//2386 2315//2386 
f 2318//2386 2316//2386 2224//2386 
f 2222//2386 2300//2386 2318//2386 
f 2319//2386 2301//2386 2220//2386 
f 2321//2386 2320//2386 2218//2386 
f 2323//2386 2322//2386 2274//2386 
f 2303//2386 2272//2386 2271//2386 
f 2270//2386 2269//2386 2324//2386 
f 2306//2386 2268//2386 2267//2386 
f 2296//2386 2262//2386 2261//2386 
f 2259//2386 2258//2386 2330//2386 
f 2258//2386 2257//2386 2326//2386 
f 2325//2386 2256//2386 2255//2386 
f 2310//2386 2254//2386 2253//2386 
f 2251//2386 2331//2386 2311//2386 
f 2251//2386 2250//2386 2329//2386 
f 2313//2386 2328//2386 2249//2386 
f 2288//2386 2246//2386 2245//2386 
f 2298//2386 2228//2386 2227//2386 
f 2317//2386 2225//2386 2224//2386 
f 2300//2386 2222//2386 2221//2386 
f 2321//2386 2217//2386 2274//2386 
f 2324//2386 2304//2386 2270//2386 
f 2293//2386 2266//2386 2265//2386 
f 2259//2386 2332//2386 2308//2386 
f 2326//2386 2330//2386 2258//2386 
f 2310//2386 2327//2386 2255//2386 
f 2329//2386 2331//2386 2251//2386 
f 2313//2386 2248//2386 2247//2386 
f 2315//2386 2226//2386 2225//2386 
f 2319//2386 2219//2386 2218//2386 
f 2324//2386 2269//2386 2268//2386 
f 2330//2386 2332//2386 2259//2386 
f 2311//2386 2252//2386 2251//2386 
f 2281//2386 2236//2386 2235//2386 
f 2323//2386 2273//2386 2272//2386 
f 2326//2386 2257//2386 2256//2386 
f 2318//2386 2223//2386 2222//2386 
f 2329//2386 2250//2386 2249//2386 
f 2308//2386 2260//2386 2259//2386 
o mesh44
f 2320//2387 2321//2388 2333//2388 
f 2319//2389 2320//2387 2334//2390 
f 2301//2391 2319//2389 2335//2392 
f 2299//2393 2301//2391 2336//2394 
f 2300//2395 2299//2393 2337//2396 
f 2318//2397 2300//2395 2338//2398 
f 2316//2399 2318//2397 2339//2400 
f 2317//2401 2316//2399 2340//2402 
f 2315//2403 2317//2401 2341//2404 
f 2314//2405 2315//2403 2342//2406 
f 2298//2407 2314//2405 2343//2408 
f 2297//2409 2298//2407 2344//2410 
f 2291//2411 2297//2409 2345//2412 
f 2286//2413 2291//2411 2346//2414 
f 2284//2415 2286//2413 2347//2416 
f 2285//2417 2284//2415 2348//2418 
f 2283//2419 2285//2417 2349//2420 
f 2282//2421 2283//2419 2350//2422 
f 2281//2423 2282//2421 2351//2424 
f 2277//2425 2281//2423 2352//2426 
f 2275//2427 2277//2425 2353//2428 
f 2276//2429 2275//2427 2354//2430 
f 2290//2431 2276//2429 2355//2432 
f 2280//2433 2290//2431 2356//2434 
f 2278//2435 2280//2433 2357//2436 
f 2279//2437 2278//2435 2358//2438 
f 2289//2439 2279//2437 2359//2440 
f 2287//2441 2289//2439 2360//2442 
f 2288//2443 2287//2441 2361//2444 
f 2312//2445 2288//2443 2362//2446 
f 2313//2447 2312//2445 2363//2448 
f 2328//2449 2313//2447 2364//2450 
f 2329//2451 2328//2449 2365//2452 
f 2331//2453 2329//2451 2366//2454 
f 2311//2455 2331//2453 2367//2456 
f 2309//2457 2311//2455 2368//2458 
f 2310//2459 2309//2457 2369//2460 
f 2327//2461 2310//2459 2370//2462 
f 2325//2463 2327//2461 2371//2464 
f 2326//2465 2325//2463 2372//2466 
f 2330//2467 2326//2465 2373//2468 
f 2332//2469 2330//2467 2374//2470 
f 2308//2471 2332//2469 2375//2472 
f 2307//2473 2308//2471 2376//2474 
f 2296//2475 2307//2473 2377//2476 
f 2295//2477 2296//2475 2378//2478 
f 2294//2479 2295//2477 2379//2480 
f 2292//2481 2294//2479 2380//2482 
f 2293//2483 2292//2481 2381//2484 
f 2305//2485 2293//2483 2382//2486 
f 2306//2487 2305//2485 2383//2488 
f 2324//2489 2306//2487 2384//2490 
f 2304//2491 2324//2489 2385//2492 
f 2302//2493 2304//2491 2386//2494 
f 2303//2495 2302//2493 2387//2496 
f 2323//2497 2303//2495 2388//2498 
f 2322//2499 2323//2497 2389//2500 
f 2321//2388 2322//2499 2390//2499 
f 2390//2499 2333//2388 2321//2388 
f 2389//2500 2390//2499 2322//2499 
f 2388//2498 2389//2500 2323//2497 
f 2387//2496 2388//2498 2303//2495 
f 2386//2494 2387//2496 2302//2493 
f 2385//2492 2386//2494 2304//2491 
f 2384//2490 2385//2492 2324//2489 
f 2383//2488 2384//2490 2306//2487 
f 2382//2486 2383//2488 2305//2485 
f 2381//2484 2382//2486 2293//2483 
f 2380//2482 2381//2484 2292//2481 
f 2379//2480 2380//2482 2294//2479 
f 2378//2478 2379//2480 2295//2477 
f 2377//2476 2378//2478 2296//2475 
f 2376//2474 2377//2476 2307//2473 
f 2375//2472 2376//2474 2308//2471 
f 2374//2470 2375//2472 2332//2469 
f 2373//2468 2374//2470 2330//2467 
f 2372//2466 2373//2468 2326//2465 
f 2371//2464 2372//2466 2325//2463 
f 2370//2462 2371//2464 2327//2461 
f 2369//2460 2370//2462 2310//2459 
f 2368//2458 2369//2460 2309//2457 
f 2367//2456 2368//2458 2311//2455 
f 2366//2454 2367//2456 2331//2453 
f 2365//2452 2366//2454 2329//2451 
f 2364//2450 2365//2452 2328//2449 
f 2363//2448 2364//2450 2313//2447 
f 2362//2446 2363//2448 2312//2445 
f 2361//2444 2362//2446 2288//2443 
f 2360//2442 2361//2444 2287//2441 
f 2359//2440 2360//2442 2289//2439 
f 2358//2438 2359//2440 2279//2437 
f 2357//2436 2358//2438 2278//2435 
f 2356//2434 2357//2436 2280//2433 
f 2355//2432 2356//2434 2290//2431 
f 2354//2430 2355//2432 2276//2429 
f 2353//2428 2354//2430 2275//2427 
f 2352//2426 2353//2428 2277//2425 
f 2351//2424 2352//2426 2281//2423 
f 2350//2422 2351//2424 2282//2421 
f 2349//2420 2350//2422 2283//2419 
f 2348//2418 2349//2420 2285//2417 
f 2347//2416 2348//2418 2284//2415 
f 2346//2414 2347//2416 2286//2413 
f 2345//2412 2346//2414 2291//2411 
f 2344//2410 2345//2412 2297//2409 
f 2343//2408 2344//2410 2298//2407 
f 2342//2406 2343//2408 2314//2405 
f 2341//2404 2342//2406 2315//2403 
f 2340//2402 2341//2404 2317//2401 
f 2339//2400 2340//2402 2316//2399 
f 2338//2398 2339//2400 2318//2397 
f 2337//2396 2338//2398 2300//2395 
f 2336//2394 2337//2396 2299//2393 
f 2335//2392 2336//2394 2301//2391 
f 2334//2390 2335//2392 2319//2389 
f 2333//2388 2334//2390 2320//2387 
o mesh45
f 2391//2501 2392//2502 933//2502 
f 2393//2503 2391//2501 941//2504 
f 2394//2505 2393//2503 935//2506 
f 2395//2507 2394//2505 934//2508 
f 2396//2509 2395//2507 942//2510 
f 2397//2511 2396//2509 944//2512 
f 2398//2513 2397//2511 943//2514 
f 2399//2515 2398//2513 948//2516 
f 2400//2517 2399//2515 950//2518 
f 2401//2519 2400//2517 949//2520 
f 2402//2521 2401//2519 937//2522 
f 2403//2523 2402//2521 936//2524 
f 2404//2525 2403//2523 951//2526 
f 2403//2523 938//2527 951//2526 
f 2405//2528 2404//2525 989//2529 
f 2406//2530 2405//2528 986//2531 
f 2407//2532 2406//2530 985//2533 
f 2408//2534 2407//2532 988//2535 
f 2409//2536 2408//2534 982//2537 
f 2410//2538 2409//2536 979//2539 
f 2411//2540 2410//2538 971//2541 
f 2412//2542 2411//2540 970//2543 
f 2413//2544 2412//2542 977//2545 
f 2414//2546 2413//2544 964//2547 
f 2415//2548 2414//2546 963//2549 
f 2416//2550 2415//2548 972//2551 
f 2417//2552 2416//2550 978//2553 
f 2418//2554 2417//2552 966//2555 
f 2419//2556 2418//2554 965//2557 
f 2420//2558 2419//2556 973//2559 
f 2421//2560 2420//2558 974//2561 
f 2422//2562 2421//2560 957//2563 
f 2423//2564 2422//2562 958//2565 
f 2424//2566 2423//2564 959//2567 
f 2425//2568 2424//2566 961//2569 
f 2426//2570 2425//2568 960//2571 
f 2427//2572 2426//2570 968//2573 
f 2428//2574 2427//2572 967//2575 
f 2429//2576 2428//2574 975//2577 
f 2430//2578 2429//2576 976//2579 
f 2431//2580 2430//2578 962//2581 
f 2432//2582 2431//2580 969//2583 
f 2433//2584 2432//2582 981//2585 
f 2434//2586 2433//2584 980//2587 
f 2435//2588 2434//2586 984//2589 
f 2436//2590 2435//2588 983//2591 
f 2436//2590 987//2590 955//2592 
f 955//2592 2437//2593 2436//2590 
f 2438//2594 2437//2593 954//2593 
f 2439//2595 2438//2594 956//2594 
f 2440//2596 2439//2595 945//2595 
f 2441//2597 2440//2596 940//2596 
f 2442//2598 2441//2597 939//2597 
f 2443//2599 2442//2598 947//2598 
f 2444//2600 2443//2599 946//2599 
f 2445//2601 2444//2600 953//2600 
f 2446//2602 2445//2601 952//2601 
f 2447//2603 2446//2602 931//2602 
f 2448//2604 2447//2603 930//2603 
f 2392//2502 2448//2604 932//2604 
f 932//2604 933//2502 2392//2502 
f 930//2603 932//2604 2448//2604 
f 931//2602 930//2603 2447//2603 
f 952//2601 931//2602 2446//2602 
f 953//2600 952//2601 2445//2601 
f 946//2599 953//2600 2444//2600 
f 947//2598 946//2599 2443//2599 
f 939//2597 947//2598 2442//2598 
f 940//2596 939//2597 2441//2597 
f 945//2595 940//2596 2440//2596 
f 956//2594 945//2595 2439//2595 
f 954//2593 956//2594 2438//2594 
f 955//2592 954//2593 2437//2593 
f 983//2591 987//2590 2436//2590 
f 984//2589 983//2591 2435//2588 
f 980//2587 984//2589 2434//2586 
f 981//2585 980//2587 2433//2584 
f 969//2583 981//2585 2432//2582 
f 962//2581 969//2583 2431//2580 
f 976//2579 962//2581 2430//2578 
f 975//2577 976//2579 2429//2576 
f 967//2575 975//2577 2428//2574 
f 968//2573 967//2575 2427//2572 
f 960//2571 968//2573 2426//2570 
f 961//2569 960//2571 2425//2568 
f 959//2567 961//2569 2424//2566 
f 958//2565 959//2567 2423//2564 
f 957//2563 958//2565 2422//2562 
f 974//2561 957//2563 2421//2560 
f 973//2559 974//2561 2420//2558 
f 965//2557 973//2559 2419//2556 
f 966//2555 965//2557 2418//2554 
f 978//2553 966//2555 2417//2552 
f 972//2551 978//2553 2416//2550 
f 963//2549 972//2551 2415//2548 
f 964//2547 963//2549 2414//2546 
f 977//2545 964//2547 2413//2544 
f 970//2543 977//2545 2412//2542 
f 971//2541 970//2543 2411//2540 
f 979//2539 971//2541 2410//2538 
f 982//2537 979//2539 2409//2536 
f 988//2535 982//2537 2408//2534 
f 985//2533 988//2535 2407//2532 
f 986//2531 985//2533 2406//2530 
f 989//2529 986//2531 2405//2528 
f 951//2526 989//2529 2404//2525 
f 936//2524 938//2527 2403//2523 
f 937//2522 936//2524 2402//2521 
f 949//2520 937//2522 2401//2519 
f 950//2518 949//2520 2400//2517 
f 948//2516 950//2518 2399//2515 
f 943//2514 948//2516 2398//2513 
f 944//2512 943//2514 2397//2511 
f 942//2510 944//2512 2396//2509 
f 934//2508 942//2510 2395//2507 
f 935//2506 934//2508 2394//2505 
f 941//2504 935//2506 2393//2503 
f 933//2502 941//2504 2391//2501 
o mesh46
f 2449//2605 2392//2605 2391//2605 
f 2449//2605 2450//2605 2448//2605 
f 2451//2605 2391//2605 2393//2605 
f 2448//2605 2392//2605 2449//2605 
f 2452//2605 2437//2605 2438//2605 
f 2452//2605 2453//2605 2436//2605 
f 2454//2605 2393//2605 2394//2605 
f 2391//2605 2451//2605 2449//2605 
f 2450//2605 2455//2605 2447//2605 
f 2455//2605 2456//2605 2446//2605 
f 2436//2605 2437//2605 2452//2605 
f 2453//2605 2457//2605 2435//2605 
f 2458//2605 2433//2605 2434//2605 
f 2458//2605 2459//2605 2432//2605 
f 2393//2605 2454//2605 2451//2605 
f 2446//2605 2447//2605 2455//2605 
f 2460//2605 2445//2605 2446//2605 
f 2460//2605 2461//2605 2444//2605 
f 2462//2605 2443//2605 2444//2605 
f 2462//2605 2463//2605 2442//2605 
f 2464//2605 2441//2605 2442//2605 
f 2464//2605 2465//2605 2440//2605 
f 2435//2605 2436//2605 2453//2605 
f 2457//2605 2466//2605 2434//2605 
f 2432//2605 2433//2605 2458//2605 
f 2459//2605 2467//2605 2431//2605 
f 2468//2605 2428//2605 2429//2605 
f 2468//2605 2469//2605 2427//2605 
f 2469//2605 2470//2605 2426//2605 
f 2470//2605 2471//2605 2425//2605 
f 2472//2605 2423//2605 2424//2605 
f 2472//2605 2473//2605 2422//2605 
f 2474//2605 2475//2605 2397//2605 
f 2475//2605 2476//2605 2396//2605 
f 2477//2605 2395//2605 2396//2605 
f 2477//2605 2478//2605 2394//2605 
f 2447//2605 2448//2605 2450//2605 
f 2444//2605 2445//2605 2460//2605 
f 2442//2605 2443//2605 2462//2605 
f 2440//2605 2441//2605 2464//2605 
f 2479//2605 2439//2605 2440//2605 
f 2479//2605 2480//2605 2438//2605 
f 2434//2605 2435//2605 2457//2605 
f 2431//2605 2432//2605 2459//2605 
f 2481//2605 2430//2605 2431//2605 
f 2481//2605 2482//2605 2429//2605 
f 2427//2605 2428//2605 2468//2605 
f 2425//2605 2426//2605 2470//2605 
f 2483//2605 2424//2605 2425//2605 
f 2422//2605 2423//2605 2472//2605 
f 2474//2605 2398//2605 2399//2605 
f 2396//2605 2397//2605 2475//2605 
f 2394//2605 2395//2605 2477//2605 
f 2446//2605 2456//2605 2460//2605 
f 2442//2605 2463//2605 2464//2605 
f 2438//2605 2439//2605 2479//2605 
f 2434//2605 2466//2605 2458//2605 
f 2429//2605 2430//2605 2481//2605 
f 2426//2605 2427//2605 2469//2605 
f 2424//2605 2483//2605 2472//2605 
f 2484//2605 2418//2605 2419//2605 
f 2485//2605 2417//2605 2418//2605 
f 2486//2605 2407//2605 2408//2605 
f 2486//2605 2487//2605 2406//2605 
f 2488//2605 2404//2605 2405//2605 
f 2488//2605 2489//2605 2403//2605 
f 2490//2605 2401//2605 2402//2605 
f 2490//2605 2491//2605 2400//2605 
f 2492//2605 2399//2605 2400//2605 
f 2397//2605 2398//2605 2474//2605 
f 2394//2605 2478//2605 2454//2605 
f 2440//2605 2465//2605 2479//2605 
f 2431//2605 2467//2605 2481//2605 
f 2425//2605 2471//2605 2483//2605 
f 2493//2605 2420//2605 2421//2605 
f 2493//2605 2494//2605 2419//2605 
f 2418//2605 2484//2605 2485//2605 
f 2485//2605 2495//2605 2416//2605 
f 2496//2605 2414//2605 2415//2605 
f 2497//2605 2413//2605 2414//2605 
f 2497//2605 2498//2605 2412//2605 
f 2498//2605 2499//2605 2411//2605 
f 2500//2605 2408//2605 2409//2605 
f 2406//2605 2407//2605 2486//2605 
f 2403//2605 2404//2605 2488//2605 
f 2489//2605 2501//2605 2402//2605 
f 2400//2605 2401//2605 2490//2605 
f 2399//2605 2492//2605 2474//2605 
f 2444//2605 2461//2605 2462//2605 
f 2429//2605 2482//2605 2468//2605 
f 2502//2605 2421//2605 2422//2605 
f 2419//2605 2420//2605 2493//2605 
f 2416//2605 2417//2605 2485//2605 
f 2495//2605 2503//2605 2415//2605 
f 2414//2605 2496//2605 2497//2605 
f 2411//2605 2412//2605 2498//2605 
f 2504//2605 2410//2605 2411//2605 
f 2504//2605 2505//2605 2409//2605 
f 2408//2605 2500//2605 2486//2605 
f 2487//2605 2506//2605 2405//2605 
f 2402//2605 2403//2605 2489//2605 
f 2400//2605 2491//2605 2492//2605 
f 2438//2605 2480//2605 2452//2605 
f 2421//2605 2502//2605 2493//2605 
f 2415//2605 2416//2605 2495//2605 
f 2412//2605 2413//2605 2497//2605 
f 2409//2605 2410//2605 2504//2605 
f 2405//2605 2406//2605 2487//2605 
f 2402//2605 2501//2605 2490//2605 
f 2422//2605 2473//2605 2502//2605 
f 2415//2605 2503//2605 2496//2605 
f 2409//2605 2505//2605 2500//2605 
f 2396//2605 2476//2605 2477//2605 
f 2411//2605 2499//2605 2504//2605 
f 2419//2605 2494//2605 2484//2605 
f 2405//2605 2506//2605 2488//2605 
o mesh47
f 2507//2606 2493//2606 2502//2607 
f 2508//2607 2502//2607 2473//2608 
f 2509//2608 2473//2608 2472//2609 
f 2510//2609 2472//2609 2483//2610 
f 2511//2610 2483//2610 2471//2611 
f 2512//2611 2471//2611 2470//2612 
f 2513//2612 2470//2612 2469//2613 
f 2514//2613 2469//2613 2468//2614 
f 2515//2614 2468//2614 2482//2615 
f 2516//2615 2482//2615 2481//2616 
f 2517//2616 2481//2616 2467//2617 
f 2518//2617 2467//2617 2459//2618 
f 2519//2618 2459//2618 2458//2619 
f 2520//2619 2458//2619 2466//2620 
f 2521//2620 2466//2620 2457//2621 
f 2522//2621 2457//2621 2453//2622 
f 2523//2622 2453//2622 2452//2623 
f 2524//2623 2452//2623 2480//2624 
f 2525//2624 2480//2624 2479//2625 
f 2526//2625 2479//2625 2465//2626 
f 2527//2626 2465//2626 2464//2627 
f 2528//2627 2464//2627 2463//2628 
f 2529//2628 2463//2628 2462//2629 
f 2530//2629 2462//2629 2461//2630 
f 2531//2630 2461//2630 2460//2631 
f 2532//2631 2460//2631 2456//2632 
f 2533//2632 2456//2632 2455//2633 
f 2534//2633 2455//2633 2450//2634 
f 2535//2634 2450//2634 2449//2635 
f 2536//2635 2449//2635 2451//2636 
f 2537//2636 2451//2636 2454//2637 
f 2538//2637 2454//2637 2478//2638 
f 2539//2638 2478//2638 2477//2639 
f 2540//2639 2477//2639 2476//2640 
f 2541//2640 2476//2640 2475//2641 
f 2542//2641 2475//2641 2474//2642 
f 2543//2642 2474//2642 2492//2643 
f 2544//2643 2492//2643 2491//2644 
f 2545//2644 2491//2644 2490//2645 
f 2546//2645 2490//2645 2501//2646 
f 2547//2646 2501//2646 2489//2647 
f 2548//2647 2489//2647 2488//2648 
f 2549//2648 2488//2648 2506//2649 
f 2550//2649 2506//2649 2487//2650 
f 2551//2650 2487//2650 2486//2651 
f 2552//2651 2486//2651 2500//2652 
f 2553//2652 2500//2652 2505//2653 
f 2554//2653 2505//2653 2504//2654 
f 2555//2654 2504//2654 2499//2655 
f 2556//2655 2499//2655 2498//2656 
f 2557//2656 2498//2656 2497//2657 
f 2558//2657 2497//2657 2496//2658 
f 2559//2658 2496//2658 2503//2659 
f 2560//2659 2503//2659 2495//2660 
f 2561//2660 2495//2660 2485//2661 
f 2562//2661 2485//2661 2484//2662 
f 2563//2662 2484//2662 2494//2663 
f 2564//2663 2494//2663 2493//2606 
f 2493//2606 2507//2606 2564//2663 
f 2494//2663 2564//2663 2563//2662 
f 2484//2662 2563//2662 2562//2661 
f 2485//2661 2562//2661 2561//2660 
f 2495//2660 2561//2660 2560//2659 
f 2503//2659 2560//2659 2559//2658 
f 2496//2658 2559//2658 2558//2657 
f 2497//2657 2558//2657 2557//2656 
f 2498//2656 2557//2656 2556//2655 
f 2499//2655 2556//2655 2555//2654 
f 2504//2654 2555//2654 2554//2653 
f 2505//2653 2554//2653 2553//2652 
f 2500//2652 2553//2652 2552//2651 
f 2486//2651 2552//2651 2551//2650 
f 2487//2650 2551//2650 2550//2649 
f 2506//2649 2550//2649 2549//2648 
f 2488//2648 2549//2648 2548//2647 
f 2489//2647 2548//2647 2547//2646 
f 2501//2646 2547//2646 2546//2645 
f 2490//2645 2546//2645 2545//2644 
f 2491//2644 2545//2644 2544//2643 
f 2492//2643 2544//2643 2543//2642 
f 2474//2642 2543//2642 2542//2641 
f 2475//2641 2542//2641 2541//2640 
f 2476//2640 2541//2640 2540//2639 
f 2477//2639 2540//2639 2539//2638 
f 2478//2638 2539//2638 2538//2637 
f 2454//2637 2538//2637 2537//2636 
f 2451//2636 2537//2636 2536//2635 
f 2449//2635 2536//2635 2535//2634 
f 2450//2634 2535//2634 2534//2633 
f 2455//2633 2534//2633 2533//2632 
f 2456//2632 2533//2632 2532//2631 
f 2460//2631 2532//2631 2531//2630 
f 2461//2630 2531//2630 2530//2629 
f 2462//2629 2530//2629 2529//2628 
f 2463//2628 2529//2628 2528//2627 
f 2464//2627 2528//2627 2527//2626 
f 2465//2626 2527//2626 2526//2625 
f 2479//2625 2526//2625 2525//2624 
f 2480//2624 2525//2624 2524//2623 
f 2452//2623 2524//2623 2523//2622 
f 2453//2622 2523//2622 2522//2621 
f 2457//2621 2522//2621 2521//2620 
f 2466//2620 2521//2620 2520//2619 
f 2458//2619 2520//2619 2519//2618 
f 2459//2618 2519//2618 2518//2617 
f 2467//2617 2518//2617 2517//2616 
f 2481//2616 2517//2616 2516//2615 
f 2482//2615 2516//2615 2515//2614 
f 2468//2614 2515//2614 2514//2613 
f 2469//2613 2514//2613 2513//2612 
f 2470//2612 2513//2612 2512//2611 
f 2471//2611 2512//2611 2511//2610 
f 2483//2610 2511//2610 2510//2609 
f 2472//2609 2510//2609 2509//2608 
f 2473//2608 2509//2608 2508//2607 
f 2502//2607 2508//2607 2507//2606 
o mesh48
f 2565//2664 2566//2665 214//2665 
f 2567//2666 2565//2664 213//2667 
f 2568//2668 2567//2666 224//2669 
f 2569//2670 2568//2668 226//2671 
f 2570//2672 2569//2670 225//2673 
f 2571//2674 2570//2672 216//2675 
f 2572//2676 2571//2674 215//2677 
f 2573//2678 2572//2676 179//2679 
f 2574//2680 2573//2678 178//2681 
f 2575//2682 2574//2680 181//2683 
f 2576//2684 2575//2682 180//2685 
f 2577//2686 2576//2684 183//2687 
f 2578//2688 2577//2686 182//2689 
f 2579//2690 2578//2688 192//2691 
f 2580//2692 2579//2690 185//2693 
f 2581//2694 2580//2692 184//2695 
f 2582//2696 2581//2694 193//2697 
f 2583//2698 2582//2696 217//2699 
f 2584//2700 2583//2698 205//2701 
f 2585//2702 2584//2700 204//2703 
f 2586//2704 2585//2702 195//2705 
f 2587//2706 2586//2704 194//2707 
f 2588//2708 2587//2706 187//2709 
f 2589//2710 2588//2708 186//2711 
f 2590//2712 2589//2710 188//2713 
f 2591//2714 2590//2712 177//2715 
f 2592//2716 2591//2714 176//2717 
f 2593//2718 2592//2716 206//2719 
f 2594//2720 2593//2718 196//2721 
f 2595//2722 2594//2720 189//2723 
f 2596//2724 2595//2722 231//2725 
f 2597//2726 2596//2724 230//2727 
f 2598//2728 2597//2726 233//2729 
f 2599//2730 2598//2728 198//2731 
f 2600//2732 2599//2730 197//2733 
f 2601//2734 2600//2732 207//2735 
f 2602//2736 2601//2734 209//2737 
f 2603//2738 2602//2736 208//2739 
f 2604//2740 2603//2738 219//2741 
f 2605//2742 2604//2740 218//2743 
f 2606//2744 2605//2742 227//2745 
f 2607//2746 2606//2744 221//2747 
f 2608//2748 2607//2746 220//2749 
f 2609//2750 2608//2748 232//2751 
f 2610//2752 2609//2750 228//2753 
f 2611//2754 2610//2752 222//2755 
f 2612//2756 2611//2754 210//2757 
f 2613//2758 2612//2756 200//2759 
f 2614//2760 2613//2758 199//2761 
f 2615//2762 2614//2760 212//2763 
f 2616//2764 2615//2762 211//2765 
f 2617//2766 2616//2764 202//2767 
f 2618//2768 2617//2766 201//2769 
f 2619//2770 2618//2768 203//2771 
f 2620//2772 2619//2770 191//2773 
f 2621//2774 2620//2772 190//2775 
f 2622//2776 2621//2774 229//2777 
f 2566//2665 2622//2776 223//2776 
f 223//2776 214//2665 2566//2665 
f 229//2777 223//2776 2622//2776 
f 190//2775 229//2777 2621//2774 
f 191//2773 190//2775 2620//2772 
f 203//2771 191//2773 2619//2770 
f 201//2769 203//2771 2618//2768 
f 202//2767 201//2769 2617//2766 
f 211//2765 202//2767 2616//2764 
f 212//2763 211//2765 2615//2762 
f 199//2761 212//2763 2614//2760 
f 200//2759 199//2761 2613//2758 
f 210//2757 200//2759 2612//2756 
f 222//2755 210//2757 2611//2754 
f 228//2753 222//2755 2610//2752 
f 232//2751 228//2753 2609//2750 
f 220//2749 232//2751 2608//2748 
f 221//2747 220//2749 2607//2746 
f 227//2745 221//2747 2606//2744 
f 218//2743 227//2745 2605//2742 
f 219//2741 218//2743 2604//2740 
f 208//2739 219//2741 2603//2738 
f 209//2737 208//2739 2602//2736 
f 207//2735 209//2737 2601//2734 
f 197//2733 207//2735 2600//2732 
f 198//2731 197//2733 2599//2730 
f 233//2729 198//2731 2598//2728 
f 230//2727 233//2729 2597//2726 
f 231//2725 230//2727 2596//2724 
f 189//2723 231//2725 2595//2722 
f 196//2721 189//2723 2594//2720 
f 206//2719 196//2721 2593//2718 
f 176//2717 206//2719 2592//2716 
f 177//2715 176//2717 2591//2714 
f 188//2713 177//2715 2590//2712 
f 186//2711 188//2713 2589//2710 
f 187//2709 186//2711 2588//2708 
f 194//2707 187//2709 2587//2706 
f 195//2705 194//2707 2586//2704 
f 204//2703 195//2705 2585//2702 
f 205//2701 204//2703 2584//2700 
f 217//2699 205//2701 2583//2698 
f 193//2697 217//2699 2582//2696 
f 184//2695 193//2697 2581//2694 
f 185//2693 184//2695 2580//2692 
f 192//2691 185//2693 2579//2690 
f 182//2689 192//2691 2578//2688 
f 183//2687 182//2689 2577//2686 
f 180//2685 183//2687 2576//2684 
f 181//2683 180//2685 2575//2682 
f 178//2681 181//2683 2574//2680 
f 179//2679 178//2681 2573//2678 
f 215//2677 179//2679 2572//2676 
f 216//2675 215//2677 2571//2674 
f 225//2673 216//2675 2570//2672 
f 226//2671 225//2673 2569//2670 
f 224//2669 226//2671 2568//2668 
f 213//2667 224//2669 2567//2666 
f 214//2665 213//2667 2565//2664 
o mesh49
f 2623//2778 2624//2778 2605//2778 
f 2624//2778 2625//2778 2604//2778 
f 2626//2778 2598//2778 2599//2778 
f 2626//2778 2627//2778 2597//2778 
f 2628//2778 2614//2778 2615//2778 
f 2628//2778 2629//2778 2613//2778 
f 2623//2778 2606//2778 2607//2778 
f 2604//2778 2605//2778 2624//2778 
f 2630//2778 2603//2778 2604//2778 
f 2630//2778 2631//2778 2602//2778 
f 2632//2778 2599//2778 2600//2778 
f 2597//2778 2598//2778 2626//2778 
f 2633//2778 2584//2778 2585//2778 
f 2633//2778 2634//2778 2583//2778 
f 2635//2778 2576//2778 2577//2778 
f 2635//2778 2636//2778 2575//2778 
f 2613//2778 2614//2778 2628//2778 
f 2629//2778 2637//2778 2612//2778 
f 2638//2778 2607//2778 2608//2778 
f 2605//2778 2606//2778 2623//2778 
f 2602//2778 2603//2778 2630//2778 
f 2631//2778 2639//2778 2601//2778 
f 2640//2778 2600//2778 2601//2778 
f 2599//2778 2632//2778 2626//2778 
f 2641//2778 2585//2778 2586//2778 
f 2583//2778 2584//2778 2633//2778 
f 2642//2778 2577//2778 2578//2778 
f 2575//2778 2576//2778 2635//2778 
f 2643//2778 2574//2778 2575//2778 
f 2643//2778 2644//2778 2573//2778 
f 2644//2778 2645//2778 2572//2778 
f 2645//2778 2646//2778 2571//2778 
f 2647//2778 2619//2778 2620//2778 
f 2647//2778 2648//2778 2618//2778 
f 2612//2778 2613//2778 2629//2778 
f 2649//2778 2611//2778 2612//2778 
f 2650//2778 2610//2778 2611//2778 
f 2650//2778 2651//2778 2609//2778 
f 2651//2778 2652//2778 2608//2778 
f 2607//2778 2638//2778 2623//2778 
f 2601//2778 2602//2778 2631//2778 
f 2600//2778 2640//2778 2632//2778 
f 2653//2778 2590//2778 2591//2778 
f 2653//2778 2654//2778 2589//2778 
f 2655//2778 2656//2778 2586//2778 
f 2585//2778 2641//2778 2633//2778 
f 2657//2778 2578//2778 2579//2778 
f 2577//2778 2642//2778 2635//2778 
f 2573//2778 2574//2778 2643//2778 
f 2571//2778 2572//2778 2645//2778 
f 2658//2778 2622//2778 2566//2778 
f 2658//2778 2659//2778 2621//2778 
f 2618//2778 2619//2778 2647//2778 
f 2648//2778 2660//2778 2617//2778 
f 2660//2778 2661//2778 2616//2778 
f 2661//2778 2662//2778 2615//2778 
f 2612//2778 2637//2778 2649//2778 
f 2609//2778 2610//2778 2650//2778 
f 2608//2778 2652//2778 2638//2778 
f 2601//2778 2639//2778 2640//2778 
f 2663//2778 2595//2778 2596//2778 
f 2663//2778 2664//2778 2594//2778 
f 2589//2778 2590//2778 2653//2778 
f 2654//2778 2665//2778 2588//2778 
f 2586//2778 2656//2778 2641//2778 
f 2666//2778 2582//2778 2583//2778 
f 2667//2778 2581//2778 2582//2778 
f 2667//2778 2668//2778 2580//2778 
f 2578//2778 2657//2778 2642//2778 
f 2572//2778 2573//2778 2644//2778 
f 2669//2778 2570//2778 2571//2778 
f 2669//2778 2670//2778 2569//2778 
f 2671//2778 2568//2778 2569//2778 
f 2672//2778 2567//2778 2568//2778 
f 2673//2778 2565//2778 2567//2778 
f 2673//2778 2674//2778 2566//2778 
f 2621//2778 2622//2778 2658//2778 
f 2659//2778 2675//2778 2620//2778 
f 2617//2778 2618//2778 2648//2778 
f 2615//2778 2616//2778 2661//2778 
f 2611//2778 2649//2778 2650//2778 
f 2604//2778 2625//2778 2630//2778 
f 2676//2778 2596//2778 2597//2778 
f 2594//2778 2595//2778 2663//2778 
f 2588//2778 2589//2778 2654//2778 
f 2665//2778 2655//2778 2587//2778 
f 2583//2778 2634//2778 2666//2778 
f 2580//2778 2581//2778 2667//2778 
f 2575//2778 2636//2778 2643//2778 
f 2569//2778 2570//2778 2669//2778 
f 2568//2778 2671//2778 2672//2778 
f 2566//2778 2565//2778 2673//2778 
f 2620//2778 2621//2778 2659//2778 
f 2616//2778 2617//2778 2660//2778 
f 2608//2778 2609//2778 2651//2778 
f 2596//2778 2676//2778 2663//2778 
f 2677//2778 2593//2778 2594//2778 
f 2677//2778 2678//2778 2592//2778 
f 2587//2778 2588//2778 2665//2778 
f 2582//2778 2666//2778 2667//2778 
f 2571//2778 2646//2778 2669//2778 
f 2567//2778 2672//2778 2673//2778 
f 2620//2778 2675//2778 2647//2778 
f 2597//2778 2627//2778 2676//2778 
f 2592//2778 2593//2778 2677//2778 
f 2679//2778 2591//2778 2592//2778 
f 2586//2778 2587//2778 2655//2778 
f 2680//2778 2579//2778 2580//2778 
f 2569//2778 2670//2778 2671//2778 
f 2615//2778 2662//2778 2628//2778 
f 2592//2778 2678//2778 2679//2778 
f 2580//2778 2668//2778 2680//2778 
f 2566//2778 2674//2778 2658//2778 
f 2591//2778 2679//2778 2653//2778 
f 2594//2778 2664//2778 2677//2778 
f 2579//2778 2680//2778 2657//2778 
o mesh50
f 2681//2779 2664//2779 2663//2780 
f 2682//2780 2663//2780 2676//2781 
f 2683//2781 2676//2781 2627//2782 
f 2684//2782 2627//2782 2626//2783 
f 2685//2783 2626//2783 2632//2784 
f 2686//2784 2632//2784 2640//2785 
f 2687//2785 2640//2785 2639//2786 
f 2688//2786 2639//2786 2631//2787 
f 2689//2787 2631//2787 2630//2788 
f 2690//2788 2630//2788 2625//2789 
f 2691//2789 2625//2789 2624//2790 
f 2692//2790 2624//2790 2623//2791 
f 2693//2791 2623//2791 2638//2792 
f 2694//2792 2638//2792 2652//2793 
f 2695//2793 2652//2793 2651//2794 
f 2696//2794 2651//2794 2650//2795 
f 2697//2795 2650//2795 2649//2796 
f 2698//2796 2649//2796 2637//2797 
f 2699//2797 2637//2797 2629//2798 
f 2700//2798 2629//2798 2628//2799 
f 2701//2799 2628//2799 2662//2800 
f 2702//2800 2662//2800 2661//2801 
f 2703//2801 2661//2801 2660//2802 
f 2704//2802 2660//2802 2648//2803 
f 2705//2803 2648//2803 2647//2804 
f 2706//2804 2647//2804 2675//2805 
f 2707//2805 2675//2805 2659//2806 
f 2708//2806 2659//2806 2658//2807 
f 2709//2807 2658//2807 2674//2808 
f 2710//2808 2674//2808 2673//2809 
f 2711//2809 2673//2809 2672//2810 
f 2712//2810 2672//2810 2671//2811 
f 2713//2811 2671//2811 2670//2812 
f 2714//2812 2670//2812 2669//2813 
f 2715//2813 2669//2813 2646//2814 
f 2716//2814 2646//2814 2645//2815 
f 2717//2815 2645//2815 2644//2816 
f 2718//2816 2644//2816 2643//2817 
f 2719//2817 2643//2817 2636//2818 
f 2720//2818 2636//2818 2635//2819 
f 2721//2819 2635//2819 2642//2820 
f 2722//2820 2642//2820 2657//2821 
f 2723//2821 2657//2821 2680//2822 
f 2724//2822 2680//2822 2668//2823 
f 2725//2823 2668//2823 2667//2824 
f 2726//2824 2667//2824 2666//2825 
f 2727//2825 2666//2825 2634//2826 
f 2728//2826 2634//2826 2633//2827 
f 2729//2827 2633//2827 2641//2828 
f 2730//2828 2641//2828 2656//2829 
f 2731//2829 2656//2829 2655//2830 
f 2732//2830 2655//2830 2665//2831 
f 2733//2831 2665//2831 2654//2832 
f 2734//2832 2654//2832 2653//2833 
f 2735//2833 2653//2833 2679//2834 
f 2736//2834 2679//2834 2678//2835 
f 2737//2835 2678//2835 2677//2836 
f 2738//2836 2677//2836 2664//2779 
f 2664//2779 2681//2779 2738//2836 
f 2677//2836 2738//2836 2737//2835 
f 2678//2835 2737//2835 2736//2834 
f 2679//2834 2736//2834 2735//2833 
f 2653//2833 2735//2833 2734//2832 
f 2654//2832 2734//2832 2733//2831 
f 2665//2831 2733//2831 2732//2830 
f 2655//2830 2732//2830 2731//2829 
f 2656//2829 2731//2829 2730//2828 
f 2641//2828 2730//2828 2729//2827 
f 2633//2827 2729//2827 2728//2826 
f 2634//2826 2728//2826 2727//2825 
f 2666//2825 2727//2825 2726//2824 
f 2667//2824 2726//2824 2725//2823 
f 2668//2823 2725//2823 2724//2822 
f 2680//2822 2724//2822 2723//2821 
f 2657//2821 2723//2821 2722//2820 
f 2642//2820 2722//2820 2721//2819 
f 2635//2819 2721//2819 2720//2818 
f 2636//2818 2720//2818 2719//2817 
f 2643//2817 2719//2817 2718//2816 
f 2644//2816 2718//2816 2717//2815 
f 2645//2815 2717//2815 2716//2814 
f 2646//2814 2716//2814 2715//2813 
f 2669//2813 2715//2813 2714//2812 
f 2670//2812 2714//2812 2713//2811 
f 2671//2811 2713//2811 2712//2810 
f 2672//2810 2712//2810 2711//2809 
f 2673//2809 2711//2809 2710//2808 
f 2674//2808 2710//2808 2709//2807 
f 2658//2807 2709//2807 2708//2806 
f 2659//2806 2708//2806 2707//2805 
f 2675//2805 2707//2805 2706//2804 
f 2647//2804 2706//2804 2705//2803 
f 2648//2803 2705//2803 2704//2802 
f 2660//2802 2704//2802 2703//2801 
f 2661//2801 2703//2801 2702//2800 
f 2662//2800 2702//2800 2701//2799 
f 2628//2799 2701//2799 2700//2798 
f 2629//2798 2700//2798 2699//2797 
f 2637//2797 2699//2797 2698//2796 
f 2649//2796 2698//2796 2697//2795 
f 2650//2795 2697//2795 2696//2794 
f 2651//2794 2696//2794 2695//2793 
f 2652//2793 2695//2793 2694//2792 
f 2638//2792 2694//2792 2693//2791 
f 2623//2791 2693//2791 2692//2790 
f 2624//2790 2692//2790 2691//2789 
f 2625//2789 2691//2789 2690//2788 
f 2630//2788 2690//2788 2689//2787 
f 2631//2787 2689//2787 2688//2786 
f 2639//2786 2688//2786 2687//2785 
f 2640//2785 2687//2785 2686//2784 
f 2632//2784 2686//2784 2685//2783 
f 2626//2783 2685//2783 2684//2782 
f 2627//2782 2684//2782 2683//2781 
f 2676//2781 2683//2781 2682//2780 
f 2663//2780 2682//2780 2681//2779 
o mesh51
f 2739//2837 2740//2838 1610//2838 
f 2740//2838 2741//2839 1609//2839 
f 2741//2839 2742//2840 1611//2840 
f 2742//2840 2743//2841 1612//2841 
f 2743//2841 2744//2842 1613//2842 
f 2744//2842 2745//2843 1614//2843 
f 2745//2843 2746//2844 1615//2844 
f 2746//2844 2747//2845 1616//2845 
f 2747//2845 2748//2846 1617//2846 
f 2748//2846 2749//2847 1618//2847 
f 2749//2847 2750//2848 1619//2848 
f 2750//2848 2751//2849 1620//2849 
f 2751//2849 2752//2850 1621//2850 
f 2752//2850 2753//2851 1622//2851 
f 2753//2851 2754//2852 1623//2852 
f 2754//2852 2755//2853 1624//2853 
f 2755//2853 2756//2854 1625//2854 
f 2756//2854 2757//2855 1626//2855 
f 2757//2855 2758//2856 1627//2856 
f 2758//2856 2759//2857 1629//2857 
f 2759//2857 2760//2858 1628//2858 
f 2760//2858 2761//2859 1630//2859 
f 2761//2859 2762//2860 1632//2860 
f 2762//2860 2763//2861 1631//2861 
f 2763//2861 2764//2862 1633//2862 
f 2764//2862 2765//2863 1634//2863 
f 2765//2863 2766//2864 1635//2864 
f 2766//2864 2767//2865 1636//2865 
f 2767//2865 2768//2866 1579//2866 
f 2768//2866 2769//2867 1581//2867 
f 2769//2867 2770//2868 1580//2868 
f 2770//2868 2771//2869 1582//2869 
f 2771//2869 2772//2870 1583//2870 
f 2772//2870 2773//2871 1584//2871 
f 2773//2871 2774//2872 1585//2872 
f 2774//2872 2775//2873 1586//2873 
f 2775//2873 2776//2874 1587//2874 
f 2776//2874 2777//2875 1588//2875 
f 2777//2875 2778//2876 1589//2876 
f 2778//2876 2779//2877 1590//2877 
f 2779//2877 2780//2878 1591//2878 
f 2780//2878 2781//2879 1593//2879 
f 2781//2879 2782//2880 1592//2880 
f 2782//2880 2783//2881 1594//2881 
f 2783//2881 2784//2882 1596//2882 
f 2784//2882 2785//2883 1595//2883 
f 2785//2883 2786//2884 1597//2884 
f 2786//2884 2787//2885 1598//2885 
f 2787//2885 2788//2886 1599//2886 
f 2788//2886 2789//2887 1601//2887 
f 2789//2887 2790//2888 1600//2888 
f 2790//2888 2791//2889 1603//2889 
f 2791//2889 2792//2890 1602//2890 
f 2792//2890 2793//2891 1604//2891 
f 2793//2891 2794//2892 1606//2892 
f 2794//2892 2795//2893 1605//2893 
f 2795//2893 2796//2894 1607//2894 
f 2796//2894 2739//2837 1608//2895 
f 1608//2895 1607//2894 2796//2894 
f 1607//2894 1605//2893 2795//2893 
f 1605//2893 1606//2892 2794//2892 
f 1606//2892 1604//2891 2793//2891 
f 1604//2891 1602//2890 2792//2890 
f 1602//2890 1603//2889 2791//2889 
f 1603//2889 1600//2888 2790//2888 
f 1600//2888 1601//2887 2789//2887 
f 1601//2887 1599//2886 2788//2886 
f 1599//2886 1598//2885 2787//2885 
f 1598//2885 1597//2884 2786//2884 
f 1597//2884 1595//2883 2785//2883 
f 1595//2883 1596//2882 2784//2882 
f 1596//2882 1594//2881 2783//2881 
f 1594//2881 1592//2880 2782//2880 
f 1592//2880 1593//2879 2781//2879 
f 1593//2879 1591//2878 2780//2878 
f 1591//2878 1590//2877 2779//2877 
f 1590//2877 1589//2876 2778//2876 
f 1589//2876 1588//2875 2777//2875 
f 1588//2875 1587//2874 2776//2874 
f 1587//2874 1586//2873 2775//2873 
f 1586//2873 1585//2872 2774//2872 
f 1585//2872 1584//2871 2773//2871 
f 1584//2871 1583//2870 2772//2870 
f 1583//2870 1582//2869 2771//2869 
f 1582//2869 1580//2868 2770//2868 
f 1580//2868 1581//2867 2769//2867 
f 1581//2867 1579//2866 2768//2866 
f 1579//2866 1636//2865 2767//2865 
f 1636//2865 1635//2864 2766//2864 
f 1635//2864 1634//2863 2765//2863 
f 1634//2863 1633//2862 2764//2862 
f 1633//2862 1631//2861 2763//2861 
f 1631//2861 1632//2860 2762//2860 
f 1632//2860 1630//2859 2761//2859 
f 1630//2859 1628//2858 2760//2858 
f 1628//2858 1629//2857 2759//2857 
f 1629//2857 1627//2856 2758//2856 
f 1627//2856 1626//2855 2757//2855 
f 1626//2855 1625//2854 2756//2854 
f 1625//2854 1624//2853 2755//2853 
f 1624//2853 1623//2852 2754//2852 
f 1623//2852 1622//2851 2753//2851 
f 1622//2851 1621//2850 2752//2850 
f 1621//2850 1620//2849 2751//2849 
f 1620//2849 1619//2848 2750//2848 
f 1619//2848 1618//2847 2749//2847 
f 1618//2847 1617//2846 2748//2846 
f 1617//2846 1616//2845 2747//2845 
f 1616//2845 1615//2844 2746//2844 
f 1615//2844 1614//2843 2745//2843 
f 1614//2843 1613//2842 2744//2842 
f 1613//2842 1612//2841 2743//2841 
f 1612//2841 1611//2840 2742//2840 
f 1611//2840 1609//2839 2741//2839 
f 1609//2839 1610//2838 2740//2838 
f 1610//2838 1608//2895 2739//2837 
o mesh52
f 2797//2896 2771//2896 2770//2896 
f 2798//2896 2772//2896 2771//2896 
f 2799//2896 2763//2896 2762//2896 
f 2800//2896 2764//2896 2763//2896 
f 2801//2896 2768//2896 2767//2896 
f 2802//2896 2769//2896 2768//2896 
f 2771//2896 2797//2896 2798//2896 
f 2803//2896 2773//2896 2772//2896 
f 2804//2896 2774//2896 2773//2896 
f 2805//2896 2775//2896 2774//2896 
f 2763//2896 2799//2896 2800//2896 
f 2806//2896 2765//2896 2764//2896 
f 2768//2896 2801//2896 2802//2896 
f 2807//2896 2770//2896 2769//2896 
f 2772//2896 2798//2896 2803//2896 
f 2774//2896 2804//2896 2805//2896 
f 2808//2896 2777//2896 2776//2896 
f 2808//2896 2809//2896 2778//2896 
f 2810//2896 2811//2896 2790//2896 
f 2811//2896 2812//2896 2791//2896 
f 2813//2896 2762//2896 2761//2896 
f 2764//2896 2800//2896 2806//2896 
f 2814//2896 2766//2896 2765//2896 
f 2815//2896 2767//2896 2766//2896 
f 2769//2896 2802//2896 2807//2896 
f 2773//2896 2803//2896 2804//2896 
f 2816//2896 2776//2896 2775//2896 
f 2778//2896 2777//2896 2808//2896 
f 2817//2896 2779//2896 2778//2896 
f 2817//2896 2818//2896 2780//2896 
f 2818//2896 2819//2896 2781//2896 
f 2819//2896 2820//2896 2782//2896 
f 2821//2896 2822//2896 2784//2896 
f 2822//2896 2823//2896 2785//2896 
f 2824//2896 2825//2896 2787//2896 
f 2825//2896 2826//2896 2788//2896 
f 2826//2896 2810//2896 2789//2896 
f 2791//2896 2790//2896 2811//2896 
f 2812//2896 2827//2896 2792//2896 
f 2827//2896 2828//2896 2793//2896 
f 2828//2896 2829//2896 2794//2896 
f 2829//2896 2830//2896 2795//2896 
f 2831//2896 2758//2896 2757//2896 
f 2831//2896 2832//2896 2759//2896 
f 2833//2896 2760//2896 2759//2896 
f 2833//2896 2834//2896 2761//2896 
f 2762//2896 2813//2896 2799//2896 
f 2766//2896 2814//2896 2815//2896 
f 2770//2896 2807//2896 2797//2896 
f 2776//2896 2816//2896 2808//2896 
f 2780//2896 2779//2896 2817//2896 
f 2782//2896 2781//2896 2819//2896 
f 2820//2896 2821//2896 2783//2896 
f 2785//2896 2784//2896 2822//2896 
f 2788//2896 2787//2896 2825//2896 
f 2790//2896 2789//2896 2810//2896 
f 2793//2896 2792//2896 2827//2896 
f 2795//2896 2794//2896 2829//2896 
f 2835//2896 2836//2896 2743//2896 
f 2836//2896 2837//2896 2744//2896 
f 2838//2896 2746//2896 2745//2896 
f 2839//2896 2747//2896 2746//2896 
f 2840//2896 2748//2896 2747//2896 
f 2841//2896 2749//2896 2748//2896 
f 2842//2896 2755//2896 2754//2896 
f 2843//2896 2756//2896 2755//2896 
f 2844//2896 2757//2896 2756//2896 
f 2759//2896 2758//2896 2831//2896 
f 2761//2896 2760//2896 2833//2896 
f 2765//2896 2806//2896 2814//2896 
f 2775//2896 2805//2896 2816//2896 
f 2781//2896 2780//2896 2818//2896 
f 2784//2896 2783//2896 2821//2896 
f 2823//2896 2824//2896 2786//2896 
f 2789//2896 2788//2896 2826//2896 
f 2794//2896 2793//2896 2828//2896 
f 2744//2896 2743//2896 2836//2896 
f 2837//2896 2845//2896 2745//2896 
f 2746//2896 2838//2896 2839//2896 
f 2748//2896 2840//2896 2841//2896 
f 2846//2896 2751//2896 2750//2896 
f 2847//2896 2752//2896 2751//2896 
f 2755//2896 2842//2896 2843//2896 
f 2757//2896 2844//2896 2831//2896 
f 2761//2896 2834//2896 2813//2896 
f 2778//2896 2809//2896 2817//2896 
f 2786//2896 2785//2896 2823//2896 
f 2792//2896 2791//2896 2812//2896 
f 2745//2896 2744//2896 2837//2896 
f 2747//2896 2839//2896 2840//2896 
f 2848//2896 2750//2896 2749//2896 
f 2751//2896 2846//2896 2847//2896 
f 2756//2896 2843//2896 2844//2896 
f 2767//2896 2815//2896 2801//2896 
f 2787//2896 2786//2896 2824//2896 
f 2830//2896 2849//2896 2796//2896 
f 2850//2896 2851//2896 2741//2896 
f 2851//2896 2835//2896 2742//2896 
f 2745//2896 2845//2896 2838//2896 
f 2750//2896 2848//2896 2846//2896 
f 2852//2896 2753//2896 2752//2896 
f 2853//2896 2754//2896 2753//2896 
f 2759//2896 2832//2896 2833//2896 
f 2796//2896 2795//2896 2830//2896 
f 2854//2896 2850//2896 2740//2896 
f 2742//2896 2741//2896 2851//2896 
f 2749//2896 2841//2896 2848//2896 
f 2753//2896 2852//2896 2853//2896 
f 2783//2896 2782//2896 2820//2896 
f 2849//2896 2854//2896 2739//2896 
f 2741//2896 2740//2896 2850//2896 
f 2752//2896 2847//2896 2852//2896 
f 2739//2896 2796//2896 2849//2896 
f 2743//2896 2742//2896 2835//2896 
f 2740//2896 2739//2896 2854//2896 
f 2754//2896 2853//2896 2842//2896 
o mesh53
f 2854//2897 2855//2897 2856//2898 
f 2850//2898 2856//2898 2857//2899 
f 2851//2899 2857//2899 2858//2900 
f 2835//2900 2858//2900 2859//2901 
f 2836//2901 2859//2901 2860//2902 
f 2837//2902 2860//2902 2861//2903 
f 2845//2903 2861//2903 2862//2904 
f 2838//2904 2862//2904 2863//2905 
f 2839//2905 2863//2905 2864//2906 
f 2840//2906 2864//2906 2865//2907 
f 2831//2908 2866//2908 2867//2909 
f 2832//2909 2867//2909 2868//2910 
f 2833//2910 2868//2910 2869//2911 
f 2834//2911 2869//2911 2870//2912 
f 2813//2912 2870//2912 2871//2913 
f 2799//2913 2871//2913 2872//2914 
f 2800//2914 2872//2914 2873//2915 
f 2806//2915 2873//2915 2874//2916 
f 2814//2916 2874//2916 2875//2917 
f 2815//2917 2875//2917 2876//2918 
f 2801//2918 2876//2918 2877//2919 
f 2802//2919 2877//2919 2878//2920 
f 2807//2920 2878//2920 2879//2921 
f 2797//2921 2879//2921 2880//2922 
f 2798//2922 2880//2922 2881//2923 
f 2803//2923 2881//2923 2882//2924 
f 2804//2924 2882//2924 2883//2925 
f 2805//2925 2883//2925 2884//2926 
f 2816//2926 2884//2926 2885//2927 
f 2808//2927 2885//2927 2886//2928 
f 2809//2928 2886//2928 2887//2929 
f 2817//2929 2887//2929 2888//2930 
f 2818//2930 2888//2930 2889//2931 
f 2819//2931 2889//2931 2890//2932 
f 2820//2932 2890//2932 2891//2933 
f 2821//2933 2891//2933 2892//2934 
f 2822//2934 2892//2934 2893//2935 
f 2823//2935 2893//2935 2894//2936 
f 2824//2936 2894//2936 2895//2937 
f 2825//2937 2895//2937 2896//2938 
f 2826//2938 2896//2938 2897//2939 
f 2810//2939 2897//2939 2898//2940 
f 2811//2940 2898//2940 2899//2941 
f 2812//2941 2899//2941 2900//2942 
f 2827//2942 2900//2942 2901//2943 
f 2828//2943 2901//2943 2902//2944 
f 2829//2944 2902//2944 2903//2945 
f 2830//2945 2903//2945 2904//2946 
f 2849//2946 2904//2946 2855//2897 
f 2848//2947 2841//2948 2905//2949 
f 2865//2907 2906//2949 2905//2949 
f 2905//2949 2841//2948 2865//2907 
f 2848//2947 2907//2950 2908//2951 
f 2846//2951 2908//2951 2909//2952 
f 2847//2952 2909//2952 2910//2953 
f 2852//2953 2910//2953 2911//2954 
f 2853//2954 2911//2954 2912//2955 
f 2842//2955 2912//2955 2913//2956 
f 2843//2956 2913//2956 2914//2957 
f 2866//2908 2831//2908 2915//2958 
f 2844//2957 2914//2957 2915//2958 
f 2915//2958 2831//2908 2844//2957 
f 2915//2958 2916//2958 2866//2908 
f 2914//2957 2844//2957 2843//2956 
f 2913//2956 2843//2956 2842//2955 
f 2912//2955 2842//2955 2853//2954 
f 2911//2954 2853//2954 2852//2953 
f 2910//2953 2852//2953 2847//2952 
f 2909//2952 2847//2952 2846//2951 
f 2908//2951 2846//2951 2848//2947 
f 2905//2949 2907//2950 2848//2947 
f 2855//2897 2854//2897 2849//2946 
f 2904//2946 2849//2946 2830//2945 
f 2903//2945 2830//2945 2829//2944 
f 2902//2944 2829//2944 2828//2943 
f 2901//2943 2828//2943 2827//2942 
f 2900//2942 2827//2942 2812//2941 
f 2899//2941 2812//2941 2811//2940 
f 2898//2940 2811//2940 2810//2939 
f 2897//2939 2810//2939 2826//2938 
f 2896//2938 2826//2938 2825//2937 
f 2895//2937 2825//2937 2824//2936 
f 2894//2936 2824//2936 2823//2935 
f 2893//2935 2823//2935 2822//2934 
f 2892//2934 2822//2934 2821//2933 
f 2891//2933 2821//2933 2820//2932 
f 2890//2932 2820//2932 2819//2931 
f 2889//2931 2819//2931 2818//2930 
f 2888//2930 2818//2930 2817//2929 
f 2887//2929 2817//2929 2809//2928 
f 2886//2928 2809//2928 2808//2927 
f 2885//2927 2808//2927 2816//2926 
f 2884//2926 2816//2926 2805//2925 
f 2883//2925 2805//2925 2804//2924 
f 2882//2924 2804//2924 2803//2923 
f 2881//2923 2803//2923 2798//2922 
f 2880//2922 2798//2922 2797//2921 
f 2879//2921 2797//2921 2807//2920 
f 2878//2920 2807//2920 2802//2919 
f 2877//2919 2802//2919 2801//2918 
f 2876//2918 2801//2918 2815//2917 
f 2875//2917 2815//2917 2814//2916 
f 2874//2916 2814//2916 2806//2915 
f 2873//2915 2806//2915 2800//2914 
f 2872//2914 2800//2914 2799//2913 
f 2871//2913 2799//2913 2813//2912 
f 2870//2912 2813//2912 2834//2911 
f 2869//2911 2834//2911 2833//2910 
f 2868//2910 2833//2910 2832//2909 
f 2867//2909 2832//2909 2831//2908 
f 2865//2907 2841//2948 2840//2906 
f 2864//2906 2840//2906 2839//2905 
f 2863//2905 2839//2905 2838//2904 
f 2862//2904 2838//2904 2845//2903 
f 2861//2903 2845//2903 2837//2902 
f 2860//2902 2837//2902 2836//2901 
f 2859//2901 2836//2901 2835//2900 
f 2858//2900 2835//2900 2851//2899 
f 2857//2899 2851//2899 2850//2898 
f 2856//2898 2850//2898 2854//2897 
o mesh54
f 2917//2959 2918//2960 2919//2960 
f 2919//2960 2920//2961 2917//2959 
f 2921//2962 2917//2959 2922//2963 
f 2922//2963 2923//2964 2921//2962 
f 2924//2965 2921//2962 2925//2966 
f 2925//2966 2926//2967 2924//2965 
f 2927//2968 2924//2965 2928//2969 
f 2928//2969 2929//2970 2927//2968 
f 2906//2971 2927//2968 2930//2972 
f 2930//2972 2931//2973 2906//2971 
f 2931//2973 2905//2974 2906//2971 
f 2929//2970 2930//2972 2927//2968 
f 2926//2967 2928//2969 2924//2965 
f 2923//2964 2925//2966 2921//2962 
f 2920//2961 2922//2963 2917//2959 
o mesh55
f 2907//2975 2932//2975 2933//2976 
f 2908//2976 2933//2976 2934//2977 
f 2909//2977 2934//2977 2935//2978 
f 2910//2978 2935//2978 2936//2979 
f 2911//2979 2936//2979 2937//2980 
f 2912//2980 2937//2980 2938//2981 
f 2913//2981 2938//2981 2939//2982 
f 2914//2982 2939//2982 2940//2983 
f 2940//2983 2941//2984 2914//2982 
f 2941//2984 2942//2985 2914//2982 
f 2942//2985 2943//2986 2914//2982 
f 2943//2986 2944//2987 2914//2982 
f 2944//2987 2945//2988 2914//2982 
f 2945//2988 2946//2989 2914//2982 
f 2946//2989 2947//2990 2914//2982 
f 2947//2990 2948//2991 2914//2982 
f 2948//2991 2949//2992 2914//2982 
f 2949//2992 2950//2993 2914//2982 
f 2907//2975 2919//2994 2951//2995 
f 2907//2975 2920//2996 2919//2994 
f 2907//2975 2922//2997 2920//2996 
f 2907//2975 2923//2998 2922//2997 
f 2907//2975 2925//2999 2923//2998 
f 2907//2975 2926//3000 2925//2999 
f 2907//2975 2928//3001 2926//3000 
f 2907//2975 2929//3002 2928//3001 
f 2907//2975 2905//3003 2931//3004 
f 2931//3004 2930//3005 2907//2975 
f 2930//3005 2929//3002 2907//2975 
f 2951//2995 2932//2975 2907//2975 
f 2950//2993 2915//3006 2914//2982 
f 2939//2982 2914//2982 2913//2981 
f 2938//2981 2913//2981 2912//2980 
f 2937//2980 2912//2980 2911//2979 
f 2936//2979 2911//2979 2910//2978 
f 2935//2978 2910//2978 2909//2977 
f 2934//2977 2909//2977 2908//2976 
f 2933//2976 2908//2976 2907//2975 
o mesh56
f 2916//3007 2950//3008 2949//3009 
f 2916//3007 2915//3010 2950//3008 
f 2952//3009 2948//3011 2947//3012 
f 2952//3009 2949//3009 2948//3011 
f 2953//3012 2946//3013 2945//3014 
f 2953//3012 2947//3012 2946//3013 
f 2954//3014 2944//3015 2943//3016 
f 2954//3014 2945//3014 2944//3015 
f 2955//3016 2942//3017 2941//3018 
f 2955//3016 2943//3016 2942//3017 
f 2941//3018 2956//3018 2955//3016 
f 2943//3016 2955//3016 2954//3014 
f 2945//3014 2954//3014 2953//3012 
f 2947//3012 2953//3012 2952//3009 
f 2949//3009 2952//3009 2916//3007 
o mesh57
f 2916//3019 2957//3019 2958//3020 
f 2866//3020 2958//3020 2959//3021 
f 2867//3021 2959//3021 2960//3022 
f 2868//3022 2960//3022 2961//3023 
f 2869//3023 2961//3023 2962//3024 
f 2870//3024 2962//3024 2963//3025 
f 2871//3025 2963//3025 2964//3026 
f 2872//3026 2964//3026 2965//3027 
f 2873//3027 2965//3027 2966//3028 
f 2874//3028 2966//3028 2967//3029 
f 2875//3029 2967//3029 2968//3030 
f 2876//3030 2968//3030 2969//3031 
f 2877//3031 2969//3031 2970//3032 
f 2878//3032 2970//3032 2971//3033 
f 2879//3033 2971//3033 2972//3034 
f 2880//3034 2972//3034 2973//3035 
f 2881//3035 2973//3035 2974//3036 
f 2882//3036 2974//3036 2975//3037 
f 2883//3037 2975//3037 2976//3038 
f 2884//3038 2976//3038 2977//3039 
f 2885//3039 2977//3039 2978//3040 
f 2886//3040 2978//3040 2979//3041 
f 2887//3041 2979//3041 2980//3042 
f 2888//3042 2980//3042 2981//3043 
f 2889//3043 2981//3043 2982//3044 
f 2890//3044 2982//3044 2983//3045 
f 2891//3045 2983//3045 2984//3046 
f 2892//3046 2984//3046 2985//3047 
f 2893//3047 2985//3047 2986//3048 
f 2894//3048 2986//3048 2987//3049 
f 2895//3049 2987//3049 2988//3050 
f 2896//3050 2988//3050 2989//3051 
f 2897//3051 2989//3051 2990//3052 
f 2898//3052 2990//3052 2991//3053 
f 2899//3053 2991//3053 2992//3054 
f 2900//3054 2992//3054 2993//3055 
f 2901//3055 2993//3055 2994//3056 
f 2902//3056 2994//3056 2995//3057 
f 2903//3057 2995//3057 2996//3058 
f 2904//3058 2996//3058 2997//3059 
f 2855//3059 2997//3059 2998//3060 
f 2856//3060 2998//3060 2999//3061 
f 2857//3061 2999//3061 3000//3062 
f 2858//3062 3000//3062 3001//3063 
f 2859//3063 3001//3063 3002//3064 
f 2860//3064 3002//3064 3003//3065 
f 2861//3065 3003//3065 3004//3066 
f 2862//3066 3004//3066 3005//3067 
f 2863//3067 3005//3067 3006//3068 
f 2864//3068 3006//3068 3007//3069 
f 2865//3069 3007//3069 3008//3070 
f 3008//3070 2906//3070 2865//3069 
f 3007//3069 2865//3069 2864//3068 
f 3006//3068 2864//3068 2863//3067 
f 3005//3067 2863//3067 2862//3066 
f 3004//3066 2862//3066 2861//3065 
f 3003//3065 2861//3065 2860//3064 
f 3002//3064 2860//3064 2859//3063 
f 3001//3063 2859//3063 2858//3062 
f 3000//3062 2858//3062 2857//3061 
f 2999//3061 2857//3061 2856//3060 
f 2998//3060 2856//3060 2855//3059 
f 2997//3059 2855//3059 2904//3058 
f 2996//3058 2904//3058 2903//3057 
f 2995//3057 2903//3057 2902//3056 
f 2994//3056 2902//3056 2901//3055 
f 2993//3055 2901//3055 2900//3054 
f 2992//3054 2900//3054 2899//3053 
f 2991//3053 2899//3053 2898//3052 
f 2990//3052 2898//3052 2897//3051 
f 2989//3051 2897//3051 2896//3050 
f 2988//3050 2896//3050 2895//3049 
f 2987//3049 2895//3049 2894//3048 
f 2986//3048 2894//3048 2893//3047 
f 2985//3047 2893//3047 2892//3046 
f 2984//3046 2892//3046 2891//3045 
f 2983//3045 2891//3045 2890//3044 
f 2982//3044 2890//3044 2889//3043 
f 2981//3043 2889//3043 2888//3042 
f 2980//3042 2888//3042 2887//3041 
f 2979//3041 2887//3041 2886//3040 
f 2978//3040 2886//3040 2885//3039 
f 2977//3039 2885//3039 2884//3038 
f 2976//3038 2884//3038 2883//3037 
f 2975//3037 2883//3037 2882//3036 
f 2974//3036 2882//3036 2881//3035 
f 2973//3035 2881//3035 2880//3034 
f 2972//3034 2880//3034 2879//3033 
f 2971//3033 2879//3033 2878//3032 
f 2970//3032 2878//3032 2877//3031 
f 2969//3031 2877//3031 2876//3030 
f 2968//3030 2876//3030 2875//3029 
f 2967//3029 2875//3029 2874//3028 
f 2966//3028 2874//3028 2873//3027 
f 2965//3027 2873//3027 2872//3026 
f 2964//3026 2872//3026 2871//3025 
f 2963//3025 2871//3025 2870//3024 
f 2962//3024 2870//3024 2869//3023 
f 2961//3023 2869//3023 2868//3022 
f 2960//3022 2868//3022 2867//3021 
f 2959//3021 2867//3021 2866//3020 
f 2958//3020 2866//3020 2916//3019 
o mesh58
f 2956//3071 3009//3071 3010//3072 
f 2955//3072 3010//3072 3011//3073 
f 2954//3073 3011//3073 3012//3074 
f 2953//3074 3012//3074 3013//3075 
f 2952//3075 3013//3075 2957//3076 
f 2957//3076 2916//3076 2952//3075 
f 3013//3075 2952//3075 2953//3074 
f 3012//3074 2953//3074 2954//3073 
f 3011//3073 2954//3073 2955//3072 
f 3010//3072 2955//3072 2956//3071 
o mesh59
f 3014//3077 3009//3077 2956//3077 
f 2956//3077 3015//3077 3014//3077 
o mesh60
f 2906//3078 3008//3078 3016//3079 
f 2927//3079 3016//3079 3017//3080 
f 2924//3080 3017//3080 3018//3081 
f 2921//3081 3018//3081 3019//3082 
f 2917//3082 3019//3082 3020//3083 
f 3020//3083 2918//3083 2917//3082 
f 3019//3082 2917//3082 2921//3081 
f 3018//3081 2921//3081 2924//3080 
f 3017//3080 2924//3080 2927//3079 
f 3016//3079 2927//3079 2906//3078 
o mesh61
f 3021//3083 2918//3083 3020//3083 
f 3020//3083 3022//3083 3021//3083 
o mesh62
f 3015//3084 3023//3084 3024//3084 
f 3015//3084 3025//3084 3026//3084 
f 3024//3084 3027//3084 3015//3084 
f 3015//3084 3028//3084 3029//3084 
f 3030//3084 3031//3084 3032//3084 
f 3026//3084 3030//3084 3015//3084 
f 3015//3084 3033//3084 3023//3084 
f 3029//3084 3034//3084 3015//3084 
f 2941//3084 3035//3084 3036//3084 
f 3035//3084 2941//3084 2940//3084 
f 3030//3084 3037//3084 3038//3084 
f 3030//3084 3039//3084 3031//3084 
f 3015//3084 3040//3084 3025//3084 
f 3034//3084 3033//3084 3015//3084 
f 3015//3084 3041//3084 3042//3084 
f 2941//3084 3043//3084 3044//3084 
f 2940//3084 3045//3084 3035//3084 
f 2940//3084 3046//3084 3047//3084 
f 3032//3084 3037//3084 3030//3084 
f 3027//3084 3040//3084 3015//3084 
f 3015//3084 3048//3084 3049//3084 
f 3042//3084 3050//3084 3015//3084 
f 2956//3084 3051//3084 3052//3084 
f 2956//3084 3053//3084 3054//3084 
f 2941//3084 3055//3084 3056//3084 
f 3044//3084 3057//3084 2941//3084 
f 3047//3084 3045//3084 2940//3084 
f 3026//3084 3039//3084 3030//3084 
f 3050//3084 3048//3084 3015//3084 
f 2956//3084 3058//3084 3059//3084 
f 2956//3084 3060//3084 3061//3084 
f 2956//3084 3062//3084 3063//3084 
f 3054//3084 3051//3084 2956//3084 
f 2956//3084 2941//3084 3064//3084 
f 3056//3084 3065//3084 2941//3084 
f 3036//3084 3043//3084 2941//3084 
f 3030//3084 3066//3084 3067//3084 
f 3049//3084 3028//3084 3015//3084 
f 2956//3084 3068//3084 3041//3084 
f 2956//3084 3069//3084 3058//3084 
f 3061//3084 3070//3084 2956//3084 
f 2956//3084 3071//3084 3062//3084 
f 3064//3084 3053//3084 2956//3084 
f 3057//3084 3055//3084 2941//3084 
f 2940//3084 3072//3084 3073//3084 
f 2940//3084 3074//3084 3075//3084 
f 2940//3084 3076//3084 3077//3084 
f 3038//3084 3066//3084 3030//3084 
f 2956//3084 3078//3084 3068//3084 
f 3070//3084 3069//3084 2956//3084 
f 3052//3084 3071//3084 2956//3084 
f 3073//3084 3046//3084 2940//3084 
f 2940//3084 3079//3084 3074//3084 
f 2940//3084 3080//3084 3076//3084 
f 2940//3084 3067//3084 3081//3084 
f 3041//3084 3015//3084 2956//3084 
f 3063//3084 3060//3084 2956//3084 
f 3075//3084 3072//3084 2940//3084 
f 3081//3084 3080//3084 2940//3084 
f 3059//3084 3078//3084 2956//3084 
f 3077//3084 3079//3084 2940//3084 
f 3065//3084 3064//3084 2941//3084 
f 3067//3084 2940//3084 3030//3084 
o mesh63
f 3082//3085 3083//3085 3084//3086 
f 3085//3086 3084//3086 3086//3087 
f 3087//3087 3086//3087 3088//3088 
f 3089//3088 3088//3088 3090//3089 
f 3091//3089 3090//3089 3092//3090 
f 3093//3090 3092//3090 3094//3091 
f 3095//3091 3094//3091 3096//3092 
f 3097//3092 3096//3092 3098//3093 
f 3099//3093 3098//3093 3100//3094 
f 3101//3094 3100//3094 3102//3095 
f 3103//3095 3102//3095 3014//3096 
f 3014//3096 3015//3096 3103//3095 
f 3102//3095 3103//3095 3101//3094 
f 3100//3094 3101//3094 3099//3093 
f 3098//3093 3099//3093 3097//3092 
f 3096//3092 3097//3092 3095//3091 
f 3094//3091 3095//3091 3093//3090 
f 3092//3090 3093//3090 3091//3089 
f 3090//3089 3091//3089 3089//3088 
f 3088//3088 3089//3088 3087//3087 
f 3086//3087 3087//3087 3085//3086 
f 3084//3086 3085//3086 3082//3085 
o mesh64
f 3015//3097 3030//3097 3104//3098 
f 3103//3098 3104//3098 3105//3099 
f 3101//3099 3105//3099 3106//3100 
f 3099//3100 3106//3100 3107//3101 
f 3097//3101 3107//3101 3108//3102 
f 3095//3102 3108//3102 3109//3103 
f 3093//3103 3109//3103 3110//3104 
f 3091//3104 3110//3104 3111//3105 
f 3089//3105 3111//3105 3112//3106 
f 3087//3106 3112//3106 3113//3107 
f 3085//3107 3113//3107 3114//3108 
f 3114//3108 3082//3108 3085//3107 
f 3113//3107 3085//3107 3087//3106 
f 3112//3106 3087//3106 3089//3105 
f 3111//3105 3089//3105 3091//3104 
f 3110//3104 3091//3104 3093//3103 
f 3109//3103 3093//3103 3095//3102 
f 3108//3102 3095//3102 3097//3101 
f 3107//3101 3097//3101 3099//3100 
f 3106//3100 3099//3100 3101//3099 
f 3105//3099 3101//3099 3103//3098 
f 3104//3098 3103//3098 3015//3097 
o mesh65
f 3115//3109 3083//3110 3082//3110 
f 3082//3110 3116//3109 3115//3109 
usemtl 0.898039_0.917647_0.929412_0.000000_0.000000
o mesh66
f 3075//3111 3074//3112 3117//3112 
f 3074//3112 3079//3113 3118//3113 
f 3079//3113 3077//3114 3119//3114 
f 3077//3114 3076//3115 3120//3115 
f 3076//3115 3080//3116 3121//3116 
f 3080//3116 3081//3117 3122//3117 
f 3081//3117 3067//3118 3123//3118 
f 3067//3118 3066//3119 3124//3119 
f 3066//3119 3038//3120 3125//3120 
f 3038//3120 3037//3121 3126//3121 
f 3037//3121 3032//3122 3127//3122 
f 3032//3122 3031//3123 3128//3123 
f 3031//3123 3039//3124 3129//3124 
f 3039//3124 3026//3125 3130//3125 
f 3026//3125 3025//3126 3131//3126 
f 3025//3126 3040//3127 3132//3127 
f 3040//3127 3027//3128 3133//3128 
f 3027//3128 3024//3129 3134//3129 
f 3024//3129 3023//3130 3135//3130 
f 3023//3130 3033//3131 3136//3131 
f 3033//3131 3034//3132 3137//3132 
f 3034//3132 3029//3133 3138//3133 
f 3029//3133 3028//3134 3139//3134 
f 3028//3134 3049//3135 3140//3135 
f 3049//3135 3048//3136 3141//3136 
f 3048//3136 3050//3137 3142//3137 
f 3050//3137 3042//3138 3143//3138 
f 3042//3138 3041//3139 3144//3139 
f 3041//3139 3068//3140 3145//3140 
f 3068//3140 3078//3141 3146//3141 
f 3078//3141 3059//3142 3147//3142 
f 3059//3142 3058//3143 3148//3143 
f 3058//3143 3069//3144 3149//3144 
f 3069//3144 3070//3145 3150//3145 
f 3070//3145 3061//3146 3151//3146 
f 3061//3146 3060//3147 3152//3147 
f 3060//3147 3063//3148 3153//3148 
f 3063//3148 3062//3149 3154//3149 
f 3062//3149 3071//3150 3155//3150 
f 3071//3150 3052//3151 3156//3151 
f 3052//3151 3051//3152 3157//3152 
f 3051//3152 3054//3153 3158//3153 
f 3054//3153 3053//3154 3159//3154 
f 3053//3154 3064//3155 3160//3155 
f 3064//3155 3065//3156 3161//3156 
f 3065//3156 3056//3157 3162//3157 
f 3056//3157 3055//3158 3163//3158 
f 3055//3158 3057//3159 3164//3159 
f 3057//3159 3044//3160 3165//3160 
f 3044//3160 3043//3161 3166//3161 
f 3043//3161 3036//3162 3167//3162 
f 3036//3162 3035//3163 3168//3163 
f 3035//3163 3045//3164 3169//3164 
f 3045//3164 3047//3165 3170//3165 
f 3047//3165 3046//3166 3171//3166 
f 3046//3166 3073//3167 3172//3167 
f 3073//3167 3072//3168 3173//3168 
f 3072//3168 3075//3111 3174//3169 
f 3174//3169 3173//3168 3072//3168 
f 3173//3168 3172//3167 3073//3167 
f 3172//3167 3171//3166 3046//3166 
f 3171//3166 3170//3165 3047//3165 
f 3170//3165 3169//3164 3045//3164 
f 3169//3164 3168//3163 3035//3163 
f 3168//3163 3167//3162 3036//3162 
f 3167//3162 3166//3161 3043//3161 
f 3166//3161 3165//3160 3044//3160 
f 3165//3160 3164//3159 3057//3159 
f 3164//3159 3163//3158 3055//3158 
f 3163//3158 3162//3157 3056//3157 
f 3162//3157 3161//3156 3065//3156 
f 3161//3156 3160//3155 3064//3155 
f 3160//3155 3159//3154 3053//3154 
f 3159//3154 3158//3153 3054//3153 
f 3158//3153 3157//3152 3051//3152 
f 3157//3152 3156//3151 3052//3151 
f 3156//3151 3155//3150 3071//3150 
f 3155//3150 3154//3149 3062//3149 
f 3154//3149 3153//3148 3063//3148 
f 3153//3148 3152//3147 3060//3147 
f 3152//3147 3151//3146 3061//3146 
f 3151//3146 3150//3145 3070//3145 
f 3150//3145 3149//3144 3069//3144 
f 3149//3144 3148//3143 3058//3143 
f 3148//3143 3147//3142 3059//3142 
f 3147//3142 3146//3141 3078//3141 
f 3146//3141 3145//3140 3068//3140 
f 3145//3140 3144//3139 3041//3139 
f 3144//3139 3143//3138 3042//3138 
f 3143//3138 3142//3137 3050//3137 
f 3142//3137 3141//3136 3048//3136 
f 3141//3136 3140//3135 3049//3135 
f 3140//3135 3139//3134 3028//3134 
f 3139//3134 3138//3133 3029//3133 
f 3138//3133 3137//3132 3034//3132 
f 3137//3132 3136//3131 3033//3131 
f 3136//3131 3135//3130 3023//3130 
f 3135//3130 3134//3129 3024//3129 
f 3134//3129 3133//3128 3027//3128 
f 3133//3128 3132//3127 3040//3127 
f 3132//3127 3131//3126 3025//3126 
f 3131//3126 3130//3125 3026//3125 
f 3130//3125 3129//3124 3039//3124 
f 3129//3124 3128//3123 3031//3123 
f 3128//3123 3127//3122 3032//3122 
f 3127//3122 3126//3121 3037//3121 
f 3126//3121 3125//3120 3038//3120 
f 3125//3120 3124//3119 3066//3119 
f 3124//3119 3123//3118 3067//3118 
f 3123//3118 3122//3117 3081//3117 
f 3122//3117 3121//3116 3080//3116 
f 3121//3116 3120//3115 3076//3115 
f 3120//3115 3119//3114 3077//3114 
f 3119//3114 3118//3113 3079//3113 
f 3118//3113 3117//3112 3074//3112 
f 3117//3112 3174//3169 3075//3111 
o mesh67
f 3173//3170 3174//3171 3175//3171 
f 3172//3172 3173//3170 3176//3173 
f 3171//3174 3172//3172 3177//3175 
f 3170//3176 3171//3174 3178//3177 
f 3169//3178 3170//3176 3179//3179 
f 3168//3180 3169//3178 3180//3181 
f 3167//3182 3168//3180 3181//3183 
f 3166//3184 3167//3182 3182//3185 
f 3165//3186 3166//3184 3183//3187 
f 3164//3188 3165//3186 3184//3189 
f 3163//3190 3164//3188 3185//3191 
f 3162//3192 3163//3190 3186//3193 
f 3161//3194 3162//3192 3187//3195 
f 3160//3196 3161//3194 3188//3197 
f 3159//3198 3160//3196 3189//3199 
f 3158//3200 3159//3198 3190//3201 
f 3157//3202 3158//3200 3191//3203 
f 3156//3204 3157//3202 3192//3205 
f 3155//3206 3156//3204 3193//3207 
f 3154//3208 3155//3206 3194//3209 
f 3153//3210 3154//3208 3195//3211 
f 3152//3212 3153//3210 3196//3213 
f 3151//3214 3152//3212 3197//3215 
f 3150//3216 3151//3214 3198//3217 
f 3149//3218 3150//3216 3199//3219 
f 3148//3220 3149//3218 3200//3221 
f 3147//3222 3148//3220 3201//3223 
f 3146//3224 3147//3222 3202//3225 
f 3145//3226 3146//3224 3203//3227 
f 3144//3228 3145//3226 3204//3229 
f 3143//3230 3144//3228 3205//3231 
f 3142//3232 3143//3230 3206//3233 
f 3141//3234 3142//3232 3207//3235 
f 3140//3236 3141//3234 3208//3237 
f 3139//3238 3140//3236 3209//3239 
f 3138//3240 3139//3238 3210//3241 
f 3137//3242 3138//3240 3211//3243 
f 3136//3244 3137//3242 3212//3245 
f 3135//3246 3136//3244 3213//3247 
f 3134//3248 3135//3246 3214//3249 
f 3133//3250 3134//3248 3215//3251 
f 3132//3252 3133//3250 3216//3253 
f 3131//3254 3132//3252 3217//3255 
f 3130//3256 3131//3254 3218//3257 
f 3129//3258 3130//3256 3219//3259 
f 3128//3260 3129//3258 3220//3261 
f 3127//3262 3128//3260 3221//3263 
f 3126//3264 3127//3262 3222//3265 
f 3125//3266 3126//3264 3223//3267 
f 3124//3268 3125//3266 3224//3269 
f 3123//3270 3124//3268 3225//3271 
f 3122//3272 3123//3270 3226//3273 
f 3121//3274 3122//3272 3227//3275 
f 3120//3276 3121//3274 3228//3277 
f 3119//3278 3120//3276 3229//3279 
f 3118//3280 3119//3278 3230//3281 
f 3117//3282 3118//3280 3231//3283 
f 3174//3171 3117//3282 3232//3282 
f 3232//3282 3175//3171 3174//3171 
f 3231//3283 3232//3282 3117//3282 
f 3230//3281 3231//3283 3118//3280 
f 3229//3279 3230//3281 3119//3278 
f 3228//3277 3229//3279 3120//3276 
f 3227//3275 3228//3277 3121//3274 
f 3226//3273 3227//3275 3122//3272 
f 3225//3271 3226//3273 3123//3270 
f 3224//3269 3225//3271 3124//3268 
f 3223//3267 3224//3269 3125//3266 
f 3222//3265 3223//3267 3126//3264 
f 3221//3263 3222//3265 3127//3262 
f 3220//3261 3221//3263 3128//3260 
f 3219//3259 3220//3261 3129//3258 
f 3218//3257 3219//3259 3130//3256 
f 3217//3255 3218//3257 3131//3254 
f 3216//3253 3217//3255 3132//3252 
f 3215//3251 3216//3253 3133//3250 
f 3214//3249 3215//3251 3134//3248 
f 3213//3247 3214//3249 3135//3246 
f 3212//3245 3213//3247 3136//3244 
f 3211//3243 3212//3245 3137//3242 
f 3210//3241 3211//3243 3138//3240 
f 3209//3239 3210//3241 3139//3238 
f 3208//3237 3209//3239 3140//3236 
f 3207//3235 3208//3237 3141//3234 
f 3206//3233 3207//3235 3142//3232 
f 3205//3231 3206//3233 3143//3230 
f 3204//3229 3205//3231 3144//3228 
f 3203//3227 3204//3229 3145//3226 
f 3202//3225 3203//3227 3146//3224 
f 3201//3223 3202//3225 3147//3222 
f 3200//3221 3201//3223 3148//3220 
f 3199//3219 3200//3221 3149//3218 
f 3198//3217 3199//3219 3150//3216 
f 3197//3215 3198//3217 3151//3214 
f 3196//3213 3197//3215 3152//3212 
f 3195//3211 3196//3213 3153//3210 
f 3194//3209 3195//3211 3154//3208 
f 3193//3207 3194//3209 3155//3206 
f 3192//3205 3193//3207 3156//3204 
f 3191//3203 3192//3205 3157//3202 
f 3190//3201 3191//3203 3158//3200 
f 3189//3199 3190//3201 3159//3198 
f 3188//3197 3189//3199 3160//3196 
f 3187//3195 3188//3197 3161//3194 
f 3186//3193 3187//3195 3162//3192 
f 3185//3191 3186//3193 3163//3190 
f 3184//3189 3185//3191 3164//3188 
f 3183//3187 3184//3189 3165//3186 
f 3182//3185 3183//3187 3166//3184 
f 3181//3183 3182//3185 3167//3182 
f 3180//3181 3181//3183 3168//3180 
f 3179//3179 3180//3181 3169//3178 
f 3178//3177 3179//3179 3170//3176 
f 3177//3175 3178//3177 3171//3174 
f 3176//3173 3177//3175 3172//3172 
f 3175//3171 3176//3173 3173//3170 
o mesh68
f 3233//3284 3176//3285 3175//3286 
f 3233//3287 3177//3288 3176//3285 
f 3233//3289 3178//3290 3177//3288 
f 3233//3291 3179//3292 3178//3290 
f 3233//3293 3180//3294 3179//3292 
f 3233//3295 3181//3296 3180//3294 
f 3233//3297 3182//3298 3181//3296 
f 3233//3299 3183//3300 3182//3298 
f 3233//3301 3184//3302 3183//3300 
f 3233//3303 3185//3304 3184//3302 
f 3233//3305 3186//3306 3185//3304 
f 3233//3307 3187//3308 3186//3306 
f 3233//3309 3188//3310 3187//3308 
f 3233//3311 3189//3312 3188//3310 
f 3233//3313 3190//3314 3189//3312 
f 3233//3315 3191//3316 3190//3314 
f 3233//3317 3192//3318 3191//3316 
f 3233//3319 3193//3320 3192//3318 
f 3233//3321 3194//3322 3193//3320 
f 3233//3323 3195//3324 3194//3322 
f 3233//3325 3196//3326 3195//3324 
f 3233//3327 3197//3328 3196//3326 
f 3233//3329 3198//3330 3197//3328 
f 3233//3331 3199//3332 3198//3330 
f 3233//3333 3200//3334 3199//3332 
f 3233//3335 3201//3336 3200//3334 
f 3233//3337 3202//3338 3201//3336 
f 3233//3339 3203//3340 3202//3338 
f 3233//3341 3204//3342 3203//3340 
f 3233//3343 3205//3344 3204//3342 
f 3233//3345 3206//3346 3205//3344 
f 3233//3347 3207//3348 3206//3346 
f 3233//3349 3208//3350 3207//3348 
f 3233//3351 3209//3352 3208//3350 
f 3233//3353 3210//3354 3209//3352 
f 3233//3355 3211//3356 3210//3354 
f 3233//3357 3212//3358 3211//3356 
f 3233//3359 3213//3360 3212//3358 
f 3233//3361 3214//3362 3213//3360 
f 3233//3363 3215//3364 3214//3362 
f 3233//3365 3216//3366 3215//3364 
f 3233//3367 3217//3368 3216//3366 
f 3233//3369 3218//3370 3217//3368 
f 3233//3371 3219//3372 3218//3370 
f 3233//3373 3220//3374 3219//3372 
f 3233//3375 3221//3376 3220//3374 
f 3233//3377 3222//3378 3221//3376 
f 3233//3379 3223//3380 3222//3378 
f 3233//3381 3224//3382 3223//3380 
f 3233//3383 3225//3384 3224//3382 
f 3233//3385 3226//3386 3225//3384 
f 3233//3387 3227//3388 3226//3386 
f 3233//3389 3228//3390 3227//3388 
f 3233//3391 3229//3392 3228//3390 
f 3233//3393 3230//3394 3229//3392 
f 3233//3395 3231//3396 3230//3394 
f 3233//3397 3232//3398 3231//3396 
f 3233//3399 3175//3286 3232//3398 
usemtl 0.039216_0.039216_0.039216_0.000000_0.000000
o mesh69
f 2951//3400 3234//3400 3235//3400 
f 2951//3400 2918//3400 3236//3400 
f 3237//3400 3238//3400 3239//3400 
f 2951//3400 3240//3400 3241//3400 
f 2951//3400 3242//3400 3234//3400 
f 2918//3400 3243//3400 3236//3400 
f 3237//3400 3244//3400 3238//3400 
f 3237//3400 3245//3400 3246//3400 
f 3237//3400 3247//3400 3248//3400 
f 3235//3400 3240//3400 2951//3400 
f 2918//3400 3249//3400 3243//3400 
f 2918//3400 3250//3400 3251//3400 
f 3246//3400 3244//3400 3237//3400 
f 3248//3400 3252//3400 3237//3400 
f 3237//3400 2951//3400 3253//3400 
f 3236//3400 3242//3400 2951//3400 
f 3251//3400 3254//3400 2918//3400 
f 2918//3400 3255//3400 3256//3400 
f 2918//3400 3257//3400 3258//3400 
f 3021//3400 3259//3400 3260//3400 
f 3252//3400 3245//3400 3237//3400 
f 3253//3400 3261//3400 3237//3400 
f 2951//3400 3262//3400 3263//3400 
f 2951//3400 3264//3400 3265//3400 
f 2951//3400 3266//3400 3267//3400 
f 2951//3400 3268//3400 3269//3400 
f 3254//3400 3249//3400 2918//3400 
f 3256//3400 3270//3400 2918//3400 
f 2918//3400 3271//3400 3272//3400 
f 3258//3400 3273//3400 2918//3400 
f 3021//3400 3274//3400 3259//3400 
f 3237//3400 3275//3400 3276//3400 
f 3261//3400 3247//3400 3237//3400 
f 2951//3400 3277//3400 3262//3400 
f 3267//3400 3264//3400 2951//3400 
f 3241//3400 3268//3400 2951//3400 
f 3270//3400 3278//3400 2918//3400 
f 3273//3400 3271//3400 2918//3400 
f 3021//3400 3279//3400 3274//3400 
f 3021//3400 3280//3400 3281//3400 
f 3021//3400 3282//3400 3283//3400 
f 3276//3400 3284//3400 3237//3400 
f 3263//3400 3253//3400 2951//3400 
f 3269//3400 3266//3400 2951//3400 
f 3272//3400 3255//3400 2918//3400 
f 3281//3400 3279//3400 3021//3400 
f 3021//3400 3285//3400 3282//3400 
f 3021//3400 3237//3400 3286//3400 
f 3239//3400 3275//3400 3237//3400 
f 3278//3400 3250//3400 2918//3400 
f 2918//3400 3021//3400 3287//3400 
f 3021//3400 3288//3400 3289//3400 
f 3283//3400 3280//3400 3021//3400 
f 3286//3400 3290//3400 3021//3400 
f 3265//3400 3277//3400 2951//3400 
f 3287//3400 3291//3400 2918//3400 
f 3021//3400 3292//3400 3288//3400 
f 3290//3400 3285//3400 3021//3400 
f 3291//3400 3257//3400 2918//3400 
f 3260//3400 3292//3400 3021//3400 
f 3289//3400 3287//3400 3021//3400 
f 3284//3400 3286//3400 3237//3400 
f 2951//3400 2919//3400 2918//3400 
o mesh70
f 3021//3401 3022//3401 3293//3402 
f 3294//3402 3293//3402 3295//3403 
f 3296//3403 3295//3403 3297//3404 
f 3298//3404 3297//3404 3299//3405 
f 3300//3405 3299//3405 3301//3406 
f 3302//3406 3301//3406 3303//3407 
f 3304//3407 3303//3407 3305//3408 
f 3306//3408 3305//3408 3307//3409 
f 3308//3409 3307//3409 3309//3410 
f 3310//3410 3309//3410 3311//3411 
f 3312//3411 3311//3411 3313//3412 
f 3314//3412 3313//3412 3315//3413 
f 3316//3413 3315//3413 3317//3414 
f 3318//3414 3317//3414 3319//3415 
f 3320//3415 3319//3415 3321//3416 
f 3322//3416 3321//3416 3323//3417 
f 3324//3417 3323//3417 3325//3418 
f 3326//3418 3325//3418 3327//3419 
f 3328//3419 3327//3419 3329//3420 
f 3330//3420 3329//3420 3331//3421 
f 3332//3421 3331//3421 3333//3422 
f 3334//3422 3333//3422 3335//3423 
f 3336//3423 3335//3423 3337//3424 
f 3338//3424 3337//3424 3339//3425 
f 3340//3425 3339//3425 3341//3426 
f 3341//3426 3342//3426 3340//3425 
f 3339//3425 3340//3425 3338//3424 
f 3337//3424 3338//3424 3336//3423 
f 3335//3423 3336//3423 3334//3422 
f 3333//3422 3334//3422 3332//3421 
f 3331//3421 3332//3421 3330//3420 
f 3329//3420 3330//3420 3328//3419 
f 3327//3419 3328//3419 3326//3418 
f 3325//3418 3326//3418 3324//3417 
f 3323//3417 3324//3417 3322//3416 
f 3321//3416 3322//3416 3320//3415 
f 3319//3415 3320//3415 3318//3414 
f 3317//3414 3318//3414 3316//3413 
f 3315//3413 3316//3413 3314//3412 
f 3313//3412 3314//3412 3312//3411 
f 3311//3411 3312//3411 3310//3410 
f 3309//3410 3310//3410 3308//3409 
f 3307//3409 3308//3409 3306//3408 
f 3305//3408 3306//3408 3304//3407 
f 3303//3407 3304//3407 3302//3406 
f 3301//3406 3302//3406 3300//3405 
f 3299//3405 3300//3405 3298//3404 
f 3297//3404 3298//3404 3296//3403 
f 3295//3403 3296//3403 3294//3402 
f 3293//3402 3294//3402 3021//3401 
o mesh71
f 3342//3427 3343//3427 3344//3428 
f 3340//3428 3344//3428 3345//3429 
f 3338//3429 3345//3429 3346//3430 
f 3336//3430 3346//3430 3347//3431 
f 3334//3431 3347//3431 3348//3432 
f 3332//3432 3348//3432 3349//3433 
f 3330//3433 3349//3433 3350//3434 
f 3328//3434 3350//3434 3351//3435 
f 3326//3435 3351//3435 3352//3436 
f 3324//3436 3352//3436 3353//3437 
f 3322//3437 3353//3437 3354//3438 
f 3320//3438 3354//3438 3355//3439 
f 3318//3439 3355//3439 3356//3440 
f 3316//3440 3356//3440 3357//3441 
f 3314//3441 3357//3441 3358//3442 
f 3312//3442 3358//3442 3359//3443 
f 3310//3443 3359//3443 3360//3444 
f 3308//3444 3360//3444 3361//3445 
f 3306//3445 3361//3445 3362//3446 
f 3304//3446 3362//3446 3363//3447 
f 3302//3447 3363//3447 3364//3448 
f 3300//3448 3364//3448 3365//3449 
f 3298//3449 3365//3449 3366//3450 
f 3296//3450 3366//3450 3367//3451 
f 3294//3451 3367//3451 3237//3452 
f 3237//3452 3021//3452 3294//3451 
f 3367//3451 3294//3451 3296//3450 
f 3366//3450 3296//3450 3298//3449 
f 3365//3449 3298//3449 3300//3448 
f 3364//3448 3300//3448 3302//3447 
f 3363//3447 3302//3447 3304//3446 
f 3362//3446 3304//3446 3306//3445 
f 3361//3445 3306//3445 3308//3444 
f 3360//3444 3308//3444 3310//3443 
f 3359//3443 3310//3443 3312//3442 
f 3358//3442 3312//3442 3314//3441 
f 3357//3441 3314//3441 3316//3440 
f 3356//3440 3316//3440 3318//3439 
f 3355//3439 3318//3439 3320//3438 
f 3354//3438 3320//3438 3322//3437 
f 3353//3437 3322//3437 3324//3436 
f 3352//3436 3324//3436 3326//3435 
f 3351//3435 3326//3435 3328//3434 
f 3350//3434 3328//3434 3330//3433 
f 3349//3433 3330//3433 3332//3432 
f 3348//3432 3332//3432 3334//3431 
f 3347//3431 3334//3431 3336//3430 
f 3346//3430 3336//3430 3338//3429 
f 3345//3429 3338//3429 3340//3428 
f 3344//3428 3340//3428 3342//3427 
o mesh72
f 3342//3453 3341//3453 3368//3454 
f 3368//3454 3369//3454 3342//3453 
o mesh73
f 3369//3455 3370//3455 3343//3456 
f 3343//3456 3342//3456 3369//3455 
o mesh74
f 3368//3457 3371//3458 3372//3458 
f 3371//3458 3373//3459 3374//3459 
f 3374//3459 3372//3458 3371//3458 
f 3372//3458 3369//3460 3368//3457 
o mesh75
f 3315//3461 3321//3461 3319//3461 
f 3315//3461 3325//3461 3323//3461 
f 3323//3461 3321//3461 3315//3461 
f 3341//3461 3305//3461 3303//3461 
f 3315//3461 3327//3461 3325//3461 
f 3315//3461 3331//3461 3329//3461 
f 3311//3461 3337//3461 3335//3461 
f 3341//3461 3299//3461 3297//3461 
f 3341//3461 3307//3461 3305//3461 
f 3341//3461 3311//3461 3309//3461 
f 3331//3461 3315//3461 3313//3461 
f 3329//3461 3327//3461 3315//3461 
f 3335//3461 3333//3461 3311//3461 
f 3311//3461 3341//3461 3339//3461 
f 3341//3461 3301//3461 3299//3461 
f 3309//3461 3307//3461 3341//3461 
f 3319//3461 3317//3461 3315//3461 
f 3339//3461 3337//3461 3311//3461 
f 3375//3461 3376//3461 3377//3461 
f 3303//3461 3301//3461 3341//3461 
f 3333//3461 3331//3461 3311//3461 
f 3378//3461 3379//3461 3380//3461 
f 3378//3461 3381//3461 3382//3461 
f 3375//3461 3383//3461 3376//3461 
f 3375//3461 3384//3461 3385//3461 
f 3313//3461 3311//3461 3331//3461 
f 3020//3461 3386//3461 3387//3461 
f 3382//3461 3379//3461 3378//3461 
f 3378//3461 3388//3461 3389//3461 
f 3378//3461 3390//3461 3391//3461 
f 3385//3461 3383//3461 3375//3461 
f 3297//3461 3295//3461 3341//3461 
f 3020//3461 3392//3461 3386//3461 
f 3020//3461 3393//3461 3394//3461 
f 3395//3461 3010//3461 3009//3461 
f 3378//3461 3396//3461 3397//3461 
f 3389//3461 3381//3461 3378//3461 
f 3378//3461 3375//3461 3390//3461 
f 3375//3461 3378//3461 3384//3461 
f 3398//3461 3086//3461 3084//3461 
f 3295//3461 3293//3461 3341//3461 
f 3394//3461 3392//3461 3020//3461 
f 3395//3461 3011//3461 3010//3461 
f 3380//3461 3396//3461 3378//3461 
f 3377//3461 3399//3461 3375//3461 
f 3398//3461 3088//3461 3086//3461 
f 3398//3461 3094//3461 3092//3461 
f 3022//3461 3368//3461 3341//3461 
f 3022//3461 3020//3461 3371//3461 
f 3387//3461 3373//3461 3020//3461 
f 3400//3461 3017//3461 3016//3461 
f 3400//3461 3019//3461 3018//3461 
f 2981//3461 2980//3461 3401//3461 
f 2980//3461 2979//3461 3402//3461 
f 2979//3461 2978//3461 3403//3461 
f 2978//3461 2977//3461 3404//3461 
f 2960//3461 2959//3461 3405//3461 
f 2959//3461 2958//3461 3395//3461 
f 3395//3461 3012//3461 3011//3461 
f 3395//3461 2957//3461 3013//3461 
f 3391//3461 3388//3461 3378//3461 
f 3398//3461 3090//3461 3088//3461 
f 3398//3461 3096//3461 3094//3461 
f 3371//3461 3368//3461 3022//3461 
f 3020//3461 3406//3461 3393//3461 
f 3018//3461 3017//3461 3400//3461 
f 3400//3461 3407//3461 3020//3461 
f 3007//3461 3006//3461 3408//3461 
f 3006//3461 3005//3461 3409//3461 
f 3003//3461 3002//3461 3410//3461 
f 3002//3461 3001//3461 3411//3461 
f 2984//3461 2983//3461 3412//3461 
f 2983//3461 2982//3461 3413//3461 
f 3402//3461 3401//3461 2980//3461 
f 3404//3461 3403//3461 2978//3461 
f 2975//3461 2974//3461 3414//3461 
f 2974//3461 2973//3461 3415//3461 
f 2971//3461 2970//3461 3416//3461 
f 2970//3461 2969//3461 3417//3461 
f 2963//3461 2962//3461 3418//3461 
f 2962//3461 2961//3461 3419//3461 
f 2961//3461 2960//3461 3420//3461 
f 3395//3461 3405//3461 2959//3461 
f 3013//3461 3012//3461 3395//3461 
f 3398//3461 3014//3461 3102//3461 
f 3398//3461 3115//3461 3378//3461 
f 3092//3461 3090//3461 3398//3461 
f 3373//3461 3371//3461 3020//3461 
f 3020//3461 3019//3461 3400//3461 
f 3409//3461 3408//3461 3006//3461 
f 3005//3461 3004//3461 3421//3461 
f 3004//3461 3003//3461 3422//3461 
f 3411//3461 3410//3461 3002//3461 
f 2999//3461 2998//3461 3423//3461 
f 2998//3461 2997//3461 3424//3461 
f 2993//3461 2992//3461 3425//3461 
f 2992//3461 2991//3461 3426//3461 
f 2988//3461 2987//3461 3427//3461 
f 2987//3461 2986//3461 3428//3461 
f 2985//3461 2984//3461 3429//3461 
f 3413//3461 3412//3461 2983//3461 
f 3403//3461 3402//3461 2979//3461 
f 2977//3461 2976//3461 3430//3461 
f 2976//3461 2975//3461 3431//3461 
f 3415//3461 3414//3461 2974//3461 
f 3417//3461 3416//3461 2970//3461 
f 2969//3461 2968//3461 3432//3461 
f 2968//3461 2967//3461 3433//3461 
f 2967//3461 2966//3461 3434//3461 
f 2966//3461 2965//3461 3435//3461 
f 2965//3461 2964//3461 3436//3461 
f 3419//3461 3418//3461 2962//3461 
f 3405//3461 3420//3461 2960//3461 
f 3395//3461 2958//3461 2957//3461 
f 3009//3461 3437//3461 3438//3461 
f 3102//3461 3100//3461 3398//3461 
f 3014//3461 3398//3461 3437//3461 
f 3398//3461 3083//3461 3115//3461 
f 3398//3461 3098//3461 3096//3461 
f 3020//3461 3407//3461 3406//3461 
f 3016//3461 3008//3461 3400//3461 
f 3421//3461 3409//3461 3005//3461 
f 3410//3461 3422//3461 3003//3461 
f 3000//3461 2999//3461 3439//3461 
f 3424//3461 3423//3461 2998//3461 
f 2997//3461 2996//3461 3440//3461 
f 2996//3461 2995//3461 3441//3461 
f 2995//3461 2994//3461 3442//3461 
f 2994//3461 2993//3461 3443//3461 
f 3426//3461 3425//3461 2992//3461 
f 2991//3461 2990//3461 3444//3461 
f 2990//3461 2989//3461 3445//3461 
f 2989//3461 2988//3461 3446//3461 
f 3428//3461 3427//3461 2987//3461 
f 2986//3461 2985//3461 3447//3461 
f 3412//3461 3429//3461 2984//3461 
f 2982//3461 2981//3461 3448//3461 
f 3430//3461 3404//3461 2977//3461 
f 3414//3461 3431//3461 2975//3461 
f 2973//3461 2972//3461 3449//3461 
f 2972//3461 2971//3461 3450//3461 
f 3432//3461 3417//3461 2969//3461 
f 3434//3461 3433//3461 2967//3461 
f 3436//3461 3435//3461 2965//3461 
f 2964//3461 2963//3461 3451//3461 
f 3420//3461 3419//3461 2961//3461 
f 3438//3461 3452//3461 3009//3461 
f 3437//3461 3009//3461 3014//3461 
f 3084//3461 3083//3461 3398//3461 
f 3008//3461 3007//3461 3400//3461 
f 3422//3461 3421//3461 3004//3461 
f 3001//3461 3000//3461 3453//3461 
f 3423//3461 3439//3461 2999//3461 
f 3441//3461 3440//3461 2996//3461 
f 3443//3461 3442//3461 2994//3461 
f 3444//3461 3426//3461 2991//3461 
f 3446//3461 3445//3461 2989//3461 
f 3447//3461 3428//3461 2986//3461 
f 3448//3461 3413//3461 2982//3461 
f 3431//3461 3430//3461 2976//3461 
f 3450//3461 3449//3461 2972//3461 
f 3433//3461 3432//3461 2968//3461 
f 3451//3461 3436//3461 2964//3461 
f 3009//3461 3452//3461 3395//3461 
f 3397//3461 3398//3461 3378//3461 
f 3408//3461 3400//3461 3007//3461 
f 3439//3461 3453//3461 3000//3461 
f 3442//3461 3441//3461 2995//3461 
f 3445//3461 3444//3461 2990//3461 
f 3429//3461 3447//3461 2985//3461 
f 3449//3461 3415//3461 2973//3461 
f 3435//3461 3434//3461 2966//3461 
f 3100//3461 3098//3461 3398//3461 
f 3453//3461 3411//3461 3001//3461 
f 3425//3461 3443//3461 2993//3461 
f 3401//3461 3448//3461 2981//3461 
f 3418//3461 3451//3461 2963//3461 
f 3440//3461 3424//3461 2997//3461 
f 3416//3461 3450//3461 2971//3461 
f 3427//3461 3446//3461 2988//3461 
f 3293//3461 3022//3461 3341//3461 
o mesh76
f 3374//3462 3373//3462 3387//3463 
f 3454//3463 3387//3463 3386//3464 
f 3455//3464 3386//3464 3392//3465 
f 3456//3465 3392//3465 3394//3466 
f 3457//3466 3394//3466 3393//3467 
f 3393//3467 3458//3467 3457//3466 
f 3394//3466 3457//3466 3456//3465 
f 3392//3465 3456//3465 3455//3464 
f 3386//3464 3455//3464 3454//3463 
f 3387//3463 3454//3463 3374//3462 
o mesh77
f 3372//3468 3374//3469 3459//3469 
f 3369//3470 3372//3468 3460//3471 
f 3460//3471 3370//3470 3369//3470 
f 3459//3469 3460//3471 3372//3468 
o mesh78
f 3459//3472 3374//3472 3454//3473 
f 3461//3473 3454//3473 3455//3474 
f 3462//3474 3455//3474 3456//3475 
f 3463//3475 3456//3475 3457//3476 
f 3464//3476 3457//3476 3458//3477 
f 3458//3477 3465//3477 3464//3476 
f 3457//3476 3464//3476 3463//3475 
f 3456//3475 3463//3475 3462//3474 
f 3455//3474 3462//3474 3461//3473 
f 3454//3473 3461//3473 3459//3472 
o mesh79
f 3393//3478 3406//3479 3466//3479 
f 3406//3479 3407//3480 3467//3480 
f 3407//3480 3400//3481 3468//3481 
f 3400//3481 3408//3482 3469//3482 
f 3408//3482 3409//3483 3470//3483 
f 3409//3483 3421//3484 3471//3484 
f 3421//3484 3422//3485 3472//3485 
f 3422//3485 3410//3486 3473//3486 
f 3410//3486 3411//3487 3474//3487 
f 3411//3487 3453//3488 3475//3488 
f 3453//3488 3439//3489 3476//3489 
f 3439//3489 3423//3490 3477//3490 
f 3423//3490 3424//3491 3478//3491 
f 3424//3491 3440//3492 3479//3492 
f 3440//3492 3441//3493 3480//3493 
f 3441//3493 3442//3494 3481//3494 
f 3442//3494 3443//3495 3482//3495 
f 3443//3495 3425//3496 3483//3496 
f 3425//3496 3426//3497 3484//3497 
f 3426//3497 3444//3498 3485//3498 
f 3444//3498 3445//3499 3486//3499 
f 3445//3499 3446//3500 3487//3500 
f 3446//3500 3427//3501 3488//3501 
f 3427//3501 3428//3502 3489//3502 
f 3428//3502 3447//3503 3490//3503 
f 3447//3503 3429//3504 3491//3504 
f 3429//3504 3412//3505 3492//3505 
f 3412//3505 3413//3506 3493//3506 
f 3413//3506 3448//3507 3494//3507 
f 3448//3507 3401//3508 3495//3508 
f 3401//3508 3402//3509 3496//3509 
f 3402//3509 3403//3510 3497//3510 
f 3403//3510 3404//3511 3498//3511 
f 3404//3511 3430//3512 3499//3512 
f 3430//3512 3431//3513 3500//3513 
f 3431//3513 3414//3514 3501//3514 
f 3414//3514 3415//3515 3502//3515 
f 3415//3515 3449//3516 3503//3516 
f 3449//3516 3450//3517 3504//3517 
f 3450//3517 3416//3518 3505//3518 
f 3416//3518 3417//3519 3506//3519 
f 3417//3519 3432//3520 3507//3520 
f 3432//3520 3433//3521 3508//3521 
f 3433//3521 3434//3522 3509//3522 
f 3434//3522 3435//3523 3510//3523 
f 3435//3523 3436//3524 3511//3524 
f 3436//3524 3451//3525 3512//3525 
f 3451//3525 3418//3526 3513//3526 
f 3418//3526 3419//3527 3514//3527 
f 3419//3527 3420//3528 3515//3528 
f 3420//3528 3405//3529 3516//3529 
f 3405//3529 3395//3530 3517//3530 
f 3395//3530 3452//3531 3518//3531 
f 3452//3531 3438//3532 3519//3532 
f 3438//3532 3437//3533 3520//3533 
f 3437//3533 3398//3534 3521//3534 
f 3521//3534 3520//3533 3437//3533 
f 3520//3533 3519//3532 3438//3532 
f 3519//3532 3518//3531 3452//3531 
f 3518//3531 3517//3530 3395//3530 
f 3517//3530 3516//3529 3405//3529 
f 3516//3529 3515//3528 3420//3528 
f 3515//3528 3514//3527 3419//3527 
f 3514//3527 3513//3526 3418//3526 
f 3513//3526 3512//3525 3451//3525 
f 3512//3525 3511//3524 3436//3524 
f 3511//3524 3510//3523 3435//3523 
f 3510//3523 3509//3522 3434//3522 
f 3509//3522 3508//3521 3433//3521 
f 3508//3521 3507//3520 3432//3520 
f 3507//3520 3506//3519 3417//3519 
f 3506//3519 3505//3518 3416//3518 
f 3505//3518 3504//3517 3450//3517 
f 3504//3517 3503//3516 3449//3516 
f 3503//3516 3502//3515 3415//3515 
f 3502//3515 3501//3514 3414//3514 
f 3501//3514 3500//3513 3431//3513 
f 3500//3513 3499//3512 3430//3512 
f 3499//3512 3498//3511 3404//3511 
f 3498//3511 3497//3510 3403//3510 
f 3497//3510 3496//3509 3402//3509 
f 3496//3509 3495//3508 3401//3508 
f 3495//3508 3494//3507 3448//3507 
f 3494//3507 3493//3506 3413//3506 
f 3493//3506 3492//3505 3412//3505 
f 3492//3505 3491//3504 3429//3504 
f 3491//3504 3490//3503 3447//3503 
f 3490//3503 3489//3502 3428//3502 
f 3489//3502 3488//3501 3427//3501 
f 3488//3501 3487//3500 3446//3500 
f 3487//3500 3486//3499 3445//3499 
f 3486//3499 3485//3498 3444//3498 
f 3485//3498 3484//3497 3426//3497 
f 3484//3497 3483//3496 3425//3496 
f 3483//3496 3482//3495 3443//3495 
f 3482//3495 3481//3494 3442//3494 
f 3481//3494 3480//3493 3441//3493 
f 3480//3493 3479//3492 3440//3492 
f 3479//3492 3478//3491 3424//3491 
f 3478//3491 3477//3490 3423//3490 
f 3477//3490 3476//3489 3439//3489 
f 3476//3489 3475//3488 3453//3488 
f 3475//3488 3474//3487 3411//3487 
f 3474//3487 3473//3486 3410//3486 
f 3473//3486 3472//3485 3422//3485 
f 3472//3485 3471//3484 3421//3484 
f 3471//3484 3470//3483 3409//3483 
f 3470//3483 3469//3482 3408//3482 
f 3469//3482 3468//3481 3400//3481 
f 3468//3481 3467//3480 3407//3480 
f 3467//3480 3466//3479 3406//3479 
f 3466//3479 3458//3535 3393//3478 
o mesh80
f 3521//3534 3398//3534 3397//3536 
f 3522//3536 3397//3536 3396//3537 
f 3523//3537 3396//3537 3380//3538 
f 3524//3538 3380//3538 3379//3539 
f 3525//3539 3379//3539 3382//3540 
f 3526//3540 3382//3540 3381//3541 
f 3527//3541 3381//3541 3389//3542 
f 3528//3542 3389//3542 3388//3543 
f 3529//3543 3388//3543 3391//3544 
f 3530//3544 3391//3544 3390//3545 
f 3531//3545 3390//3545 3375//3546 
f 3532//3546 3375//3546 3399//3547 
f 3533//3547 3399//3547 3377//3548 
f 3534//3548 3377//3548 3376//3549 
f 3535//3549 3376//3549 3383//3550 
f 3536//3550 3383//3550 3385//3551 
f 3537//3551 3385//3551 3384//3552 
f 3538//3552 3384//3552 3378//3553 
f 3539//3553 3378//3553 3115//3554 
f 3115//3554 3116//3554 3539//3553 
f 3378//3553 3539//3553 3538//3552 
f 3384//3552 3538//3552 3537//3551 
f 3385//3551 3537//3551 3536//3550 
f 3383//3550 3536//3550 3535//3549 
f 3376//3549 3535//3549 3534//3548 
f 3377//3548 3534//3548 3533//3547 
f 3399//3547 3533//3547 3532//3546 
f 3375//3546 3532//3546 3531//3545 
f 3390//3545 3531//3545 3530//3544 
f 3391//3544 3530//3544 3529//3543 
f 3388//3543 3529//3543 3528//3542 
f 3389//3542 3528//3542 3527//3541 
f 3381//3541 3527//3541 3526//3540 
f 3382//3540 3526//3540 3525//3539 
f 3379//3539 3525//3539 3524//3538 
f 3380//3538 3524//3538 3523//3537 
f 3396//3537 3523//3537 3522//3536 
f 3397//3536 3522//3536 3521//3534 
o mesh81
f 3540//3555 3521//3555 3522//3556 
f 3541//3556 3522//3556 3523//3557 
f 3542//3557 3523//3557 3524//3558 
f 3543//3558 3524//3558 3525//3559 
f 3544//3559 3525//3559 3526//3560 
f 3545//3560 3526//3560 3527//3561 
f 3546//3561 3527//3561 3528//3562 
f 3547//3562 3528//3562 3529//3563 
f 3548//3563 3529//3563 3530//3564 
f 3549//3564 3530//3564 3531//3565 
f 3550//3565 3531//3565 3532//3566 
f 3551//3566 3532//3566 3533//3567 
f 3552//3567 3533//3567 3534//3568 
f 3553//3568 3534//3568 3535//3569 
f 3554//3569 3535//3569 3536//3570 
f 3555//3570 3536//3570 3537//3571 
f 3556//3571 3537//3571 3538//3572 
f 3557//3572 3538//3572 3539//3573 
f 3558//3573 3539//3573 3116//3574 
f 3116//3574 3559//3574 3558//3573 
f 3539//3573 3558//3573 3557//3572 
f 3538//3572 3557//3572 3556//3571 
f 3537//3571 3556//3571 3555//3570 
f 3536//3570 3555//3570 3554//3569 
f 3535//3569 3554//3569 3553//3568 
f 3534//3568 3553//3568 3552//3567 
f 3533//3567 3552//3567 3551//3566 
f 3532//3566 3551//3566 3550//3565 
f 3531//3565 3550//3565 3549//3564 
f 3530//3564 3549//3564 3548//3563 
f 3529//3563 3548//3563 3547//3562 
f 3528//3562 3547//3562 3546//3561 
f 3527//3561 3546//3561 3545//3560 
f 3526//3560 3545//3560 3544//3559 
f 3525//3559 3544//3559 3543//3558 
f 3524//3558 3543//3558 3542//3557 
f 3523//3557 3542//3557 3541//3556 
f 3522//3556 3541//3556 3540//3555 
o mesh82
f 3560//3575 3561//3576 3562//3576 
f 3561//3576 3563//3577 3564//3577 
f 3563//3577 3565//3578 3566//3578 
f 3565//3578 3567//3579 3568//3579 
f 3567//3579 3569//3580 3570//3580 
f 3569//3580 3571//3581 3572//3581 
f 3082//3582 3114//3582 3559//3583 
f 3572//3581 3571//3581 3559//3583 
f 3559//3583 3114//3582 3572//3581 
f 3559//3583 3116//3583 3082//3582 
f 3572//3581 3570//3580 3569//3580 
f 3570//3580 3568//3579 3567//3579 
f 3568//3579 3566//3578 3565//3578 
f 3566//3578 3564//3577 3563//3577 
f 3564//3577 3562//3576 3561//3576 
f 3562//3576 3573//3584 3560//3575 
o mesh83
f 3560//3584 3573//3584 3574//3585 
f 3575//3585 3574//3585 3576//3586 
f 3577//3586 3576//3586 3578//3587 
f 3579//3587 3578//3587 3580//3588 
f 3581//3588 3580//3588 3582//3589 
f 3583//3589 3582//3589 3584//3590 
f 3585//3590 3584//3590 3586//3591 
f 3587//3591 3586//3591 3588//3592 
f 3589//3592 3588//3592 3590//3593 
f 3591//3593 3590//3593 3592//3594 
f 3593//3594 3592//3594 3594//3595 
f 3595//3595 3594//3595 3596//3596 
f 3597//3596 3596//3596 3598//3597 
f 3599//3597 3598//3597 3600//3598 
f 3601//3598 3600//3598 3602//3599 
f 3603//3599 3602//3599 3604//3600 
f 3605//3600 3604//3600 3606//3601 
f 3607//3601 3606//3601 3608//3602 
f 3609//3602 3608//3602 3610//3603 
f 3611//3603 3610//3603 3612//3604 
f 3613//3604 3612//3604 3614//3605 
f 3615//3605 3614//3605 3616//3606 
f 3617//3606 3616//3606 3618//3607 
f 3619//3607 3618//3607 3620//3608 
f 3621//3608 3620//3608 3622//3609 
f 3623//3609 3622//3609 3624//3610 
f 3624//3610 3625//3610 3623//3609 
f 3622//3609 3623//3609 3621//3608 
f 3620//3608 3621//3608 3619//3607 
f 3618//3607 3619//3607 3617//3606 
f 3616//3606 3617//3606 3615//3605 
f 3614//3605 3615//3605 3613//3604 
f 3612//3604 3613//3604 3611//3603 
f 3610//3603 3611//3603 3609//3602 
f 3608//3602 3609//3602 3607//3601 
f 3606//3601 3607//3601 3605//3600 
f 3604//3600 3605//3600 3603//3599 
f 3602//3599 3603//3599 3601//3598 
f 3600//3598 3601//3598 3599//3597 
f 3598//3597 3599//3597 3597//3596 
f 3596//3596 3597//3596 3595//3595 
f 3594//3595 3595//3595 3593//3594 
f 3592//3594 3593//3594 3591//3593 
f 3590//3593 3591//3593 3589//3592 
f 3588//3592 3589//3592 3587//3591 
f 3586//3591 3587//3591 3585//3590 
f 3584//3590 3585//3590 3583//3589 
f 3582//3589 3583//3589 3581//3588 
f 3580//3588 3581//3588 3579//3587 
f 3578//3587 3579//3587 3577//3586 
f 3576//3586 3577//3586 3575//3585 
f 3574//3585 3575//3585 3560//3584 
o mesh84
f 3626//3610 3627//3610 3625//3610 
f 3625//3610 3624//3610 3626//3610 
o mesh85
f 3628//3611 3627//3610 3626//3610 
f 3629//3612 3628//3611 3630//3611 
f 3631//3613 3629//3612 3632//3612 
f 3633//3614 3631//3613 3634//3613 
f 3635//3615 3633//3614 3636//3614 
f 3637//3616 3635//3615 3638//3615 
f 3639//3617 3637//3616 3640//3616 
f 3641//3618 3639//3617 3642//3617 
f 3643//3619 3641//3618 3644//3618 
f 3645//3620 3643//3619 3646//3619 
f 3647//3621 3645//3620 3648//3620 
f 3649//3622 3647//3621 3650//3621 
f 3651//3623 3649//3622 3652//3622 
f 3653//3624 3651//3623 3654//3623 
f 3655//3625 3653//3624 3656//3624 
f 3656//3624 3657//3625 3655//3625 
f 3654//3623 3656//3624 3653//3624 
f 3652//3622 3654//3623 3651//3623 
f 3650//3621 3652//3622 3649//3622 
f 3648//3620 3650//3621 3647//3621 
f 3646//3619 3648//3620 3645//3620 
f 3644//3618 3646//3619 3643//3619 
f 3642//3617 3644//3618 3641//3618 
f 3640//3616 3642//3617 3639//3617 
f 3638//3615 3640//3616 3637//3616 
f 3636//3614 3638//3615 3635//3615 
f 3634//3613 3636//3614 3633//3614 
f 3632//3612 3634//3613 3631//3613 
f 3630//3611 3632//3612 3629//3612 
f 3626//3610 3630//3611 3628//3611 
o mesh86
f 3655//3625 3657//3625 3658//3625 
f 3658//3625 3659//3625 3655//3625 
o mesh87
f 3659//3625 3658//3625 3660//3624 
f 3661//3624 3660//3624 3662//3626 
f 3663//3626 3662//3626 3664//3627 
f 3665//3627 3664//3627 3666//3628 
f 3667//3628 3666//3628 3668//3629 
f 3669//3629 3668//3629 3670//3630 
f 3671//3630 3670//3630 3672//3631 
f 3673//3631 3672//3631 3674//3632 
f 3675//3632 3674//3632 3676//3633 
f 3677//3633 3676//3633 3678//3634 
f 3679//3634 3678//3634 3680//3635 
f 3681//3635 3680//3635 3682//3636 
f 3683//3636 3682//3636 3684//3637 
f 3685//3637 3684//3637 3686//3638 
f 3687//3638 3686//3638 3688//3639 
f 3688//3639 3689//3639 3687//3638 
f 3686//3638 3687//3638 3685//3637 
f 3684//3637 3685//3637 3683//3636 
f 3682//3636 3683//3636 3681//3635 
f 3680//3635 3681//3635 3679//3634 
f 3678//3634 3679//3634 3677//3633 
f 3676//3633 3677//3633 3675//3632 
f 3674//3632 3675//3632 3673//3631 
f 3672//3631 3673//3631 3671//3630 
f 3670//3630 3671//3630 3669//3629 
f 3668//3629 3669//3629 3667//3628 
f 3666//3628 3667//3628 3665//3627 
f 3664//3627 3665//3627 3663//3626 
f 3662//3626 3663//3626 3661//3624 
f 3660//3624 3661//3624 3659//3625 
usemtl 0.898039_0.917647_0.929412_0.000000_0.000000
o mesh88
f 3263//3640 3262//3641 3690//3641 
f 3262//3641 3277//3642 3691//3642 
f 3277//3642 3265//3643 3692//3643 
f 3265//3643 3264//3644 3693//3644 
f 3264//3644 3267//3645 3694//3645 
f 3267//3645 3266//3646 3695//3646 
f 3266//3646 3269//3647 3696//3647 
f 3269//3647 3268//3648 3697//3648 
f 3268//3648 3241//3649 3698//3649 
f 3241//3649 3240//3650 3699//3650 
f 3240//3650 3235//3651 3700//3651 
f 3235//3651 3234//3652 3701//3652 
f 3234//3652 3242//3653 3702//3653 
f 3242//3653 3236//3654 3703//3654 
f 3236//3654 3243//3655 3704//3655 
f 3243//3655 3249//3656 3705//3656 
f 3249//3656 3254//3657 3706//3657 
f 3254//3657 3251//3658 3707//3658 
f 3251//3658 3250//3659 3708//3659 
f 3250//3659 3278//3660 3709//3660 
f 3278//3660 3270//3661 3710//3661 
f 3270//3661 3256//3662 3711//3662 
f 3256//3662 3255//3663 3712//3663 
f 3255//3663 3272//3664 3713//3664 
f 3272//3664 3271//3665 3714//3665 
f 3271//3665 3273//3666 3715//3666 
f 3273//3666 3258//3667 3716//3667 
f 3258//3667 3257//3668 3717//3668 
f 3257//3668 3291//3669 3718//3669 
f 3291//3669 3287//3670 3719//3670 
f 3287//3670 3289//3671 3720//3671 
f 3289//3671 3288//3672 3721//3672 
f 3288//3672 3292//3673 3722//3673 
f 3292//3673 3260//3674 3723//3674 
f 3260//3674 3259//3675 3724//3675 
f 3259//3675 3274//3676 3725//3676 
f 3274//3676 3279//3677 3726//3677 
f 3279//3677 3281//3678 3727//3678 
f 3281//3678 3280//3679 3728//3679 
f 3280//3679 3283//3680 3729//3680 
f 3283//3680 3282//3681 3730//3681 
f 3282//3681 3285//3682 3731//3682 
f 3285//3682 3290//3683 3732//3683 
f 3290//3683 3286//3684 3733//3684 
f 3286//3684 3284//3685 3734//3685 
f 3284//3685 3276//3686 3735//3686 
f 3276//3686 3275//3687 3736//3687 
f 3275//3687 3239//3688 3737//3688 
f 3239//3688 3238//3689 3738//3689 
f 3238//3689 3244//3690 3739//3690 
f 3244//3690 3246//3691 3740//3691 
f 3246//3691 3245//3692 3741//3692 
f 3245//3692 3252//3693 3742//3693 
f 3252//3693 3248//3694 3743//3694 
f 3248//3694 3247//3695 3744//3695 
f 3247//3695 3261//3696 3745//3696 
f 3261//3696 3253//3697 3746//3697 
f 3253//3697 3263//3640 3747//3698 
f 3747//3698 3746//3697 3253//3697 
f 3746//3697 3745//3696 3261//3696 
f 3745//3696 3744//3695 3247//3695 
f 3744//3695 3743//3694 3248//3694 
f 3743//3694 3742//3693 3252//3693 
f 3742//3693 3741//3692 3245//3692 
f 3741//3692 3740//3691 3246//3691 
f 3740//3691 3739//3690 3244//3690 
f 3739//3690 3738//3689 3238//3689 
f 3738//3689 3737//3688 3239//3688 
f 3737//3688 3736//3687 3275//3687 
f 3736//3687 3735//3686 3276//3686 
f 3735//3686 3734//3685 3284//3685 
f 3734//3685 3733//3684 3286//3684 
f 3733//3684 3732//3683 3290//3683 
f 3732//3683 3731//3682 3285//3682 
f 3731//3682 3730//3681 3282//3681 
f 3730//3681 3729//3680 3283//3680 
f 3729//3680 3728//3679 3280//3679 
f 3728//3679 3727//3678 3281//3678 
f 3727//3678 3726//3677 3279//3677 
f 3726//3677 3725//3676 3274//3676 
f 3725//3676 3724//3675 3259//3675 
f 3724//3675 3723//3674 3260//3674 
f 3723//3674 3722//3673 3292//3673 
f 3722//3673 3721//3672 3288//3672 
f 3721//3672 3720//3671 3289//3671 
f 3720//3671 3719//3670 3287//3670 
f 3719//3670 3718//3669 3291//3669 
f 3718//3669 3717//3668 3257//3668 
f 3717//3668 3716//3667 3258//3667 
f 3716//3667 3715//3666 3273//3666 
f 3715//3666 3714//3665 3271//3665 
f 3714//3665 3713//3664 3272//3664 
f 3713//3664 3712//3663 3255//3663 
f 3712//3663 3711//3662 3256//3662 
f 3711//3662 3710//3661 3270//3661 
f 3710//3661 3709//3660 3278//3660 
f 3709//3660 3708//3659 3250//3659 
f 3708//3659 3707//3658 3251//3658 
f 3707//3658 3706//3657 3254//3657 
f 3706//3657 3705//3656 3249//3656 
f 3705//3656 3704//3655 3243//3655 
f 3704//3655 3703//3654 3236//3654 
f 3703//3654 3702//3653 3242//3653 
f 3702//3653 3701//3652 3234//3652 
f 3701//3652 3700//3651 3235//3651 
f 3700//3651 3699//3650 3240//3650 
f 3699//3650 3698//3649 3241//3649 
f 3698//3649 3697//3648 3268//3648 
f 3697//3648 3696//3647 3269//3647 
f 3696//3647 3695//3646 3266//3646 
f 3695//3646 3694//3645 3267//3645 
f 3694//3645 3693//3644 3264//3644 
f 3693//3644 3692//3643 3265//3643 
f 3692//3643 3691//3642 3277//3642 
f 3691//3642 3690//3641 3262//3641 
f 3690//3641 3747//3698 3263//3640 
o mesh89
f 3746//3699 3747//3700 3748//3700 
f 3745//3701 3746//3699 3749//3702 
f 3744//3703 3745//3701 3750//3704 
f 3743//3705 3744//3703 3751//3706 
f 3742//3707 3743//3705 3752//3708 
f 3741//3709 3742//3707 3753//3710 
f 3740//3711 3741//3709 3754//3712 
f 3739//3713 3740//3711 3755//3714 
f 3738//3715 3739//3713 3756//3716 
f 3737//3717 3738//3715 3757//3718 
f 3736//3719 3737//3717 3758//3720 
f 3735//3721 3736//3719 3759//3722 
f 3734//3723 3735//3721 3760//3724 
f 3733//3725 3734//3723 3761//3726 
f 3732//3727 3733//3725 3762//3728 
f 3731//3729 3732//3727 3763//3730 
f 3730//3731 3731//3729 3764//3732 
f 3729//3733 3730//3731 3765//3734 
f 3728//3735 3729//3733 3766//3736 
f 3727//3737 3728//3735 3767//3738 
f 3726//3739 3727//3737 3768//3740 
f 3725//3741 3726//3739 3769//3742 
f 3724//3743 3725//3741 3770//3744 
f 3723//3745 3724//3743 3771//3746 
f 3722//3747 3723//3745 3772//3748 
f 3721//3749 3722//3747 3773//3750 
f 3720//3751 3721//3749 3774//3752 
f 3719//3753 3720//3751 3775//3754 
f 3718//3755 3719//3753 3776//3756 
f 3717//3757 3718//3755 3777//3758 
f 3716//3759 3717//3757 3778//3760 
f 3715//3761 3716//3759 3779//3762 
f 3714//3763 3715//3761 3780//3764 
f 3713//3765 3714//3763 3781//3766 
f 3712//3767 3713//3765 3782//3768 
f 3711//3769 3712//3767 3783//3770 
f 3710//3771 3711//3769 3784//3772 
f 3709//3773 3710//3771 3785//3774 
f 3708//3775 3709//3773 3786//3776 
f 3707//3777 3708//3775 3787//3778 
f 3706//3779 3707//3777 3788//3780 
f 3705//3781 3706//3779 3789//3782 
f 3704//3783 3705//3781 3790//3784 
f 3703//3785 3704//3783 3791//3786 
f 3702//3787 3703//3785 3792//3788 
f 3701//3789 3702//3787 3793//3790 
f 3700//3791 3701//3789 3794//3792 
f 3699//3793 3700//3791 3795//3794 
f 3698//3795 3699//3793 3796//3796 
f 3697//3797 3698//3795 3797//3798 
f 3696//3799 3697//3797 3798//3800 
f 3695//3801 3696//3799 3799//3802 
f 3694//3803 3695//3801 3800//3804 
f 3693//3805 3694//3803 3801//3806 
f 3692//3807 3693//3805 3802//3808 
f 3691//3809 3692//3807 3803//3810 
f 3690//3811 3691//3809 3804//3812 
f 3747//3700 3690//3811 3805//3811 
f 3805//3811 3748//3700 3747//3700 
f 3804//3812 3805//3811 3690//3811 
f 3803//3810 3804//3812 3691//3809 
f 3802//3808 3803//3810 3692//3807 
f 3801//3806 3802//3808 3693//3805 
f 3800//3804 3801//3806 3694//3803 
f 3799//3802 3800//3804 3695//3801 
f 3798//3800 3799//3802 3696//3799 
f 3797//3798 3798//3800 3697//3797 
f 3796//3796 3797//3798 3698//3795 
f 3795//3794 3796//3796 3699//3793 
f 3794//3792 3795//3794 3700//3791 
f 3793//3790 3794//3792 3701//3789 
f 3792//3788 3793//3790 3702//3787 
f 3791//3786 3792//3788 3703//3785 
f 3790//3784 3791//3786 3704//3783 
f 3789//3782 3790//3784 3705//3781 
f 3788//3780 3789//3782 3706//3779 
f 3787//3778 3788//3780 3707//3777 
f 3786//3776 3787//3778 3708//3775 
f 3785//3774 3786//3776 3709//3773 
f 3784//3772 3785//3774 3710//3771 
f 3783//3770 3784//3772 3711//3769 
f 3782//3768 3783//3770 3712//3767 
f 3781//3766 3782//3768 3713//3765 
f 3780//3764 3781//3766 3714//3763 
f 3779//3762 3780//3764 3715//3761 
f 3778//3760 3779//3762 3716//3759 
f 3777//3758 3778//3760 3717//3757 
f 3776//3756 3777//3758 3718//3755 
f 3775//3754 3776//3756 3719//3753 
f 3774//3752 3775//3754 3720//3751 
f 3773//3750 3774//3752 3721//3749 
f 3772//3748 3773//3750 3722//3747 
f 3771//3746 3772//3748 3723//3745 
f 3770//3744 3771//3746 3724//3743 
f 3769//3742 3770//3744 3725//3741 
f 3768//3740 3769//3742 3726//3739 
f 3767//3738 3768//3740 3727//3737 
f 3766//3736 3767//3738 3728//3735 
f 3765//3734 3766//3736 3729//3733 
f 3764//3732 3765//3734 3730//3731 
f 3763//3730 3764//3732 3731//3729 
f 3762//3728 3763//3730 3732//3727 
f 3761//3726 3762//3728 3733//3725 
f 3760//3724 3761//3726 3734//3723 
f 3759//3722 3760//3724 3735//3721 
f 3758//3720 3759//3722 3736//3719 
f 3757//3718 3758//3720 3737//3717 
f 3756//3716 3757//3718 3738//3715 
f 3755//3714 3756//3716 3739//3713 
f 3754//3712 3755//3714 3740//3711 
f 3753//3710 3754//3712 3741//3709 
f 3752//3708 3753//3710 3742//3707 
f 3751//3706 3752//3708 3743//3705 
f 3750//3704 3751//3706 3744//3703 
f 3749//3702 3750//3704 3745//3701 
f 3748//3700 3749//3702 3746//3699 
o mesh90
f 3806//3813 3749//3814 3748//3815 
f 3806//3816 3750//3817 3749//3814 
f 3806//3818 3751//3819 3750//3817 
f 3806//3820 3752//3821 3751//3819 
f 3806//3822 3753//3823 3752//3821 
f 3806//3824 3754//3825 3753//3823 
f 3806//3826 3755//3827 3754//3825 
f 3806//3828 3756//3829 3755//3827 
f 3806//3830 3757//3831 3756//3829 
f 3806//3832 3758//3833 3757//3831 
f 3806//3834 3759//3835 3758//3833 
f 3806//3836 3760//3837 3759//3835 
f 3806//3838 3761//3839 3760//3837 
f 3806//3840 3762//3841 3761//3839 
f 3806//3842 3763//3843 3762//3841 
f 3806//3844 3764//3845 3763//3843 
f 3806//3846 3765//3847 3764//3845 
f 3806//3848 3766//3849 3765//3847 
f 3806//3850 3767//3851 3766//3849 
f 3806//3852 3768//3853 3767//3851 
f 3806//3854 3769//3855 3768//3853 
f 3806//3856 3770//3857 3769//3855 
f 3806//3858 3771//3859 3770//3857 
f 3806//3860 3772//3861 3771//3859 
f 3806//3862 3773//3863 3772//3861 
f 3806//3864 3774//3865 3773//3863 
f 3806//3866 3775//3867 3774//3865 
f 3806//3868 3776//3869 3775//3867 
f 3806//3870 3777//3871 3776//3869 
f 3806//3872 3778//3873 3777//3871 
f 3806//3874 3779//3875 3778//3873 
f 3806//3876 3780//3877 3779//3875 
f 3806//3878 3781//3879 3780//3877 
f 3806//3880 3782//3881 3781//3879 
f 3806//3882 3783//3883 3782//3881 
f 3806//3884 3784//3885 3783//3883 
f 3806//3886 3785//3887 3784//3885 
f 3806//3888 3786//3889 3785//3887 
f 3806//3890 3787//3891 3786//3889 
f 3806//3892 3788//3893 3787//3891 
f 3806//3894 3789//3895 3788//3893 
f 3806//3896 3790//3897 3789//3895 
f 3806//3898 3791//3899 3790//3897 
f 3806//3900 3792//3901 3791//3899 
f 3806//3902 3793//3903 3792//3901 
f 3806//3904 3794//3905 3793//3903 
f 3806//3906 3795//3907 3794//3905 
f 3806//3908 3796//3909 3795//3907 
f 3806//3910 3797//3911 3796//3909 
f 3806//3912 3798//3913 3797//3911 
f 3806//3914 3799//3915 3798//3913 
f 3806//3916 3800//3917 3799//3915 
f 3806//3918 3801//3919 3800//3917 
f 3806//3920 3802//3921 3801//3919 
f 3806//3922 3803//3923 3802//3921 
f 3806//3924 3804//3925 3803//3923 
f 3806//3926 3805//3927 3804//3925 
f 3806//3928 3748//3815 3805//3927 
usemtl 0.039216_0.039216_0.039216_0.000000_0.000000
o mesh91
f 3807//3929 3808//3929 3688//3929 
f 3809//3929 3689//3929 3688//3929 
f 3688//3929 3808//3929 3809//3929 
f 3688//3929 3810//3929 3807//3929 
o mesh92
f 3811//3930 3812//3931 3813//3931 
f 3814//3932 3811//3930 3815//3933 
f 3816//3934 3814//3932 3817//3935 
f 3818//3936 3816//3934 3819//3937 
f 3820//3938 3818//3936 3821//3939 
f 3822//3940 3820//3938 3823//3941 
f 3824//3942 3822//3940 3825//3943 
f 3826//3944 3824//3942 3827//3945 
f 3828//3946 3826//3944 3829//3947 
f 3830//3948 3828//3946 3831//3949 
f 3832//3950 3830//3948 3833//3951 
f 3834//3952 3832//3950 3835//3953 
f 3836//3954 3834//3952 3837//3955 
f 3838//3956 3836//3954 3839//3957 
f 3810//3958 3838//3956 3840//3959 
f 3840//3959 3807//3958 3810//3958 
f 3839//3957 3840//3959 3838//3956 
f 3837//3955 3839//3957 3836//3954 
f 3835//3953 3837//3955 3834//3952 
f 3833//3951 3835//3953 3832//3950 
f 3831//3949 3833//3951 3830//3948 
f 3829//3947 3831//3949 3828//3946 
f 3827//3945 3829//3947 3826//3944 
f 3825//3943 3827//3945 3824//3942 
f 3823//3941 3825//3943 3822//3940 
f 3821//3939 3823//3941 3820//3938 
f 3819//3937 3821//3939 3818//3936 
f 3817//3935 3819//3937 3816//3934 
f 3815//3933 3817//3935 3814//3932 
f 3813//3931 3815//3933 3811//3930 
o mesh93
f 3813//3960 3812//3960 3841//3960 
f 3841//3960 3842//3960 3813//3960 
o mesh94
f 3843//3961 3844//3962 3845//3962 
f 3846//3963 3843//3961 3847//3964 
f 3848//3965 3846//3963 3849//3966 
f 3850//3967 3848//3965 3851//3968 
f 3852//3969 3850//3967 3853//3970 
f 3854//3971 3852//3969 3855//3972 
f 3856//3973 3854//3971 3857//3974 
f 3858//3975 3856//3973 3859//3976 
f 3860//3977 3858//3975 3861//3978 
f 3862//3979 3860//3977 3863//3980 
f 3864//3981 3862//3979 3865//3982 
f 3866//3983 3864//3981 3867//3984 
f 3868//3985 3866//3983 3869//3986 
f 3870//3987 3868//3985 3871//3988 
f 3841//3989 3870//3987 3872//3990 
f 3872//3990 3842//3989 3841//3989 
f 3871//3988 3872//3990 3870//3987 
f 3869//3986 3871//3988 3868//3985 
f 3867//3984 3869//3986 3866//3983 
f 3865//3982 3867//3984 3864//3981 
f 3863//3980 3865//3982 3862//3979 
f 3861//3978 3863//3980 3860//3977 
f 3859//3976 3861//3978 3858//3975 
f 3857//3974 3859//3976 3856//3973 
f 3855//3972 3857//3974 3854//3971 
f 3853//3970 3855//3972 3852//3969 
f 3851//3968 3853//3970 3850//3967 
f 3849//3966 3851//3968 3848//3965 
f 3847//3964 3849//3966 3846//3963 
f 3845//3962 3847//3964 3843//3961 
o mesh95
f 3845//3991 3844//3991 3873//3991 
f 3873//3991 3874//3991 3845//3991 
o mesh96
f 3875//3992 3876//3993 3877//3993 
f 3878//3994 3875//3992 3879//3995 
f 3880//3996 3878//3994 3881//3997 
f 3882//3998 3880//3996 3883//3999 
f 3884//4000 3882//3998 3885//4001 
f 3886//4002 3884//4000 3887//4003 
f 3888//4004 3886//4002 3889//4005 
f 3890//4006 3888//4004 3891//4007 
f 3892//4008 3890//4006 3893//4009 
f 3894//4010 3892//4008 3895//4011 
f 3896//4012 3894//4010 3897//4013 
f 3898//4014 3896//4012 3899//4015 
f 3900//4016 3898//4014 3901//4017 
f 3902//4018 3900//4016 3903//4019 
f 3873//4020 3902//4018 3904//4021 
f 3904//4021 3874//4020 3873//4020 
f 3903//4019 3904//4021 3902//4018 
f 3901//4017 3903//4019 3900//4016 
f 3899//4015 3901//4017 3898//4014 
f 3897//4013 3899//4015 3896//4012 
f 3895//4011 3897//4013 3894//4010 
f 3893//4009 3895//4011 3892//4008 
f 3891//4007 3893//4009 3890//4006 
f 3889//4005 3891//4007 3888//4004 
f 3887//4003 3889//4005 3886//4002 
f 3885//4001 3887//4003 3884//4000 
f 3883//3999 3885//4001 3882//3998 
f 3881//3997 3883//3999 3880//3996 
f 3879//3995 3881//3997 3878//3994 
f 3877//3993 3879//3995 3875//3992 
o mesh97
f 3905//4022 3906//4023 3907//4023 
f 3908//4024 3905//4022 3909//4025 
f 3910//4026 3908//4024 3911//4027 
f 3912//4028 3910//4026 3913//4029 
f 3914//4030 3912//4028 3915//4031 
f 3916//4032 3914//4030 3917//4033 
f 3918//4034 3916//4032 3919//4035 
f 3920//4036 3918//4034 3921//4037 
f 3922//4038 3920//4036 3923//4039 
f 3924//4040 3922//4038 3925//4041 
f 3926//4042 3924//4040 3927//4043 
f 3928//4044 3926//4042 3929//4045 
f 3930//4046 3928//4044 3931//4047 
f 3932//4048 3930//4046 3933//4049 
f 3808//4050 3932//4048 3934//4051 
f 3934//4051 3809//4050 3808//4050 
f 3933//4049 3934//4051 3932//4048 
f 3931//4047 3933//4049 3930//4046 
f 3929//4045 3931//4047 3928//4044 
f 3927//4043 3929//4045 3926//4042 
f 3925//4041 3927//4043 3924//4040 
f 3923//4039 3925//4041 3922//4038 
f 3921//4037 3923//4039 3920//4036 
f 3919//4035 3921//4037 3918//4034 
f 3917//4033 3919//4035 3916//4032 
f 3915//4031 3917//4033 3914//4030 
f 3913//4029 3915//4031 3912//4028 
f 3911//4027 3913//4029 3910//4026 
f 3909//4025 3911//4027 3908//4024 
f 3907//4023 3909//4025 3905//4022 
o mesh98
f 3906//4052 3935//4052 3936//4052 
f 3936//4052 3907//4052 3906//4052 
o mesh99
f 3937//4053 3938//4054 3939//4054 
f 3940//4055 3937//4053 3941//4056 
f 3942//4057 3940//4055 3943//4058 
f 3944//4059 3942//4057 3945//4060 
f 3946//4061 3944//4059 3947//4062 
f 3948//4063 3946//4061 3949//4064 
f 3950//4065 3948//4063 3951//4066 
f 3952//4067 3950//4065 3953//4068 
f 3954//4069 3952//4067 3955//4070 
f 3956//4071 3954//4069 3957//4072 
f 3958//4073 3956//4071 3959//4074 
f 3960//4075 3958//4073 3961//4076 
f 3962//4077 3960//4075 3963//4078 
f 3964//4079 3962//4077 3965//4080 
f 3935//4081 3964//4079 3966//4082 
f 3966//4082 3936//4081 3935//4081 
f 3965//4080 3966//4082 3964//4079 
f 3963//4078 3965//4080 3962//4077 
f 3961//4076 3963//4078 3960//4075 
f 3959//4074 3961//4076 3958//4073 
f 3957//4072 3959//4074 3956//4071 
f 3955//4070 3957//4072 3954//4069 
f 3953//4068 3955//4070 3952//4067 
f 3951//4066 3953//4068 3950//4065 
f 3949//4064 3951//4066 3948//4063 
f 3947//4062 3949//4064 3946//4061 
f 3945//4060 3947//4062 3944//4059 
f 3943//4058 3945//4060 3942//4057 
f 3941//4056 3943//4058 3940//4055 
f 3939//4054 3941//4056 3937//4053 
o mesh100
f 2695//4083 3922//4083 1124//4083 
f 3922//4083 1125//4083 1124//4083 
f 3922//4083 1129//4083 1128//4083 
f 3922//4083 1132//4083 1131//4083 
f 3922//4083 1126//4083 1125//4083 
f 1128//4083 1127//4083 3922//4083 
f 3922//4083 1133//4083 1132//4083 
f 1127//4083 1126//4083 3922//4083 
f 1131//4083 1130//4083 3922//4083 
f 2536//4083 2537//4083 1134//4083 
f 2546//4083 1154//4083 1153//4083 
f 1130//4083 1129//4083 3922//4083 
f 1134//4083 3922//4083 2536//4083 
f 2535//4083 3926//4083 3928//4083 
f 2534//4083 3932//4083 3808//4083 
f 3825//4083 3823//4083 2512//4083 
f 3823//4083 3821//4083 2511//4083 
f 2546//4083 1119//4083 1118//4083 
f 1153//4083 1120//4083 2546//4083 
f 2546//4083 1115//4083 1114//4083 
f 3922//4083 2695//4083 2696//4083 
f 1134//4083 1133//4083 3922//4083 
f 2535//4083 3924//4083 3926//4083 
f 2534//4083 3930//4083 3932//4083 
f 2511//4083 2512//4083 3823//4083 
f 3821//4083 3819//4083 2510//4083 
f 3819//4083 3817//4083 2509//4083 
f 3817//4083 3815//4083 2508//4083 
f 3815//4083 3813//4083 2507//4083 
f 1120//4083 1119//4083 2546//4083 
f 2547//4083 1155//4083 1154//4083 
f 2546//4083 1116//4083 1115//4083 
f 2542//4083 2543//4083 1108//4083 
f 1124//4083 2694//4083 2695//4083 
f 2535//4083 3922//4083 3924//4083 
f 2534//4083 3928//4083 3930//4083 
f 3808//4083 2528//4083 2529//4083 
f 3837//4083 3835//4083 2518//4083 
f 3835//4083 3833//4083 2517//4083 
f 3831//4083 3829//4083 2515//4083 
f 3829//4083 3827//4083 2514//4083 
f 2510//4083 2511//4083 3821//4083 
f 2508//4083 2509//4083 3817//4083 
f 3813//4083 2564//4083 2507//4083 
f 3813//4083 2562//4083 2563//4083 
f 1154//4083 2546//4083 2547//4083 
f 2546//4083 1117//4083 1116//4083 
f 1112//4083 1111//4083 2544//4083 
f 2545//4083 1114//4083 1113//4083 
f 2543//4083 1110//4083 1109//4083 
f 2543//4083 2544//4083 1111//4083 
f 1108//4083 1107//4083 2542//4083 
f 2698//4083 3908//4083 3910//4083 
f 2698//4083 2699//4083 3906//4083 
f 2697//4083 3918//4083 3920//4083 
f 3922//4083 2535//4083 2536//4083 
f 3808//4083 2533//4083 2534//4083 
f 3808//4083 2530//4083 2531//4083 
f 3808//4083 2527//4083 2528//4083 
f 3808//4083 3807//4083 2526//4083 
f 3807//4083 2524//4083 2525//4083 
f 3839//4083 3837//4083 2519//4083 
f 2517//4083 2518//4083 3835//4083 
f 2514//4083 2515//4083 3829//4083 
f 3827//4083 3825//4083 2513//4083 
f 2509//4083 2510//4083 3819//4083 
f 2563//4083 2564//4083 3813//4083 
f 1114//4083 2545//4083 2546//4083 
f 1113//4083 1112//4083 2545//4083 
f 1111//4083 1110//4083 2543//4083 
f 1107//4083 1106//4083 2542//4083 
f 2540//4083 2541//4083 1105//4083 
f 3910//4083 3912//4083 2698//4083 
f 3906//4083 3905//4083 2698//4083 
f 2697//4083 3916//4083 3918//4083 
f 2697//4083 2698//4083 3914//4083 
f 3928//4083 2534//4083 2535//4083 
f 2531//4083 2532//4083 3808//4083 
f 2526//4083 2527//4083 3808//4083 
f 3807//4083 2523//4083 2524//4083 
f 2518//4083 2519//4083 3837//4083 
f 3833//4083 3831//4083 2516//4083 
f 2513//4083 2514//4083 3827//4083 
f 2507//4083 2508//4083 3815//4083 
f 3813//4083 3842//4083 2560//4083 
f 2551//4083 3865//4083 3863//4083 
f 3893//4083 3881//4083 3879//4083 
f 3893//4083 3887//4083 3885//4083 
f 3887//4083 3893//4083 3891//4083 
f 3877//4083 3897//4083 3895//4083 
f 3877//4083 3901//4083 3899//4083 
f 3956//4083 3958//4083 2714//4083 
f 3958//4083 3960//4083 2713//4083 
f 2544//4083 2545//4083 1112//4083 
f 1106//4083 1105//4083 2542//4083 
f 1105//4083 1136//4083 2540//4083 
f 2537//4083 2538//4083 1136//4083 
f 3905//4083 3908//4083 2698//4083 
f 3914//4083 3916//4083 2697//4083 
f 2532//4083 2533//4083 3808//4083 
f 2525//4083 2526//4083 3807//4083 
f 2516//4083 2517//4083 3833//4083 
f 2512//4083 2513//4083 3825//4083 
f 3842//4083 2559//4083 2560//4083 
f 3842//4083 2557//4083 2558//4083 
f 2551//4083 3867//4083 3865//4083 
f 2551//4083 2552//4083 3871//4083 
f 2550//4083 2551//4083 3853//4083 
f 3893//4083 3883//4083 3881//4083 
f 3891//4083 3889//4083 3887//4083 
f 3899//4083 3897//4083 3877//4083 
f 3948//4083 3950//4083 2718//4083 
f 3950//4083 3952//4083 2717//4083 
f 3954//4083 3956//4083 2715//4083 
f 2713//4083 2714//4083 3958//4083 
f 2549//4083 1156//4083 1155//4083 
f 3903//4083 1157//4083 1156//4083 
f 1109//4083 1108//4083 2543//4083 
f 1136//4083 2539//4083 2540//4083 
f 1136//4083 1135//4083 2537//4083 
f 3920//4083 3922//4083 2697//4083 
f 2529//4083 2530//4083 3808//4083 
f 2694//4083 1124//4083 1123//4083 
f 3807//4083 3840//4083 2521//4083 
f 2515//4083 2516//4083 3831//4083 
f 2560//4083 2561//4083 3813//4083 
f 3842//4083 2556//4083 2557//4083 
f 3842//4083 2554//4083 2555//4083 
f 2551//4083 3859//4083 3857//4083 
f 3863//4083 3861//4083 2551//4083 
f 3871//4083 3869//4083 2551//4083 
f 2550//4083 3849//4083 3847//4083 
f 3853//4083 3851//4083 2550//4083 
f 3967//4083 2736//4083 2737//4083 
f 1168//4083 3968//4083 3969//4083 
f 1168//4083 3903//4083 3970//4083 
f 3885//4083 3883//4083 3893//4083 
f 3877//4083 3903//4083 3901//4083 
f 2717//4083 2718//4083 3950//4083 
f 3952//4083 3954//4083 2716//4083 
f 2714//4083 2715//4083 3956//4083 
f 3960//4083 3962//4083 2712//4083 
f 3935//4083 3906//4083 2705//4083 
f 1156//4083 2549//4083 3903//4083 
f 3903//4083 1159//4083 1158//4083 
f 3903//4083 1163//4083 1162//4083 
f 3903//4083 1165//4083 1164//4083 
f 3903//4083 1167//4083 1166//4083 
f 2541//4083 2542//4083 1105//4083 
f 1135//4083 1134//4083 2537//4083 
f 2696//4083 2697//4083 3922//4083 
f 1123//4083 2692//4083 2693//4083 
f 2521//4083 2522//4083 3807//4083 
f 3840//4083 3839//4083 2520//4083 
f 2561//4083 2562//4083 3813//4083 
f 2555//4083 2556//4083 3842//4083 
f 2552//4083 2553//4083 3842//4083 
f 3857//4083 3855//4083 2551//4083 
f 3869//4083 3867//4083 2551//4083 
f 3851//4083 3849//4083 2550//4083 
f 2691//4083 1122//4083 1121//4083 
f 2692//4083 1123//4083 1122//4083 
f 1140//4083 2738//4083 2681//4083 
f 2681//4083 1143//4083 1142//4083 
f 2681//4083 1145//4083 1144//4083 
f 2681//4083 1147//4083 1146//4083 
f 2681//4083 1150//4083 1149//4083 
f 1168//4083 3971//4083 3967//4083 
f 3969//4083 3972//4083 1168//4083 
f 3970//4083 3973//4083 1168//4083 
f 3895//4083 3893//4083 3877//4083 
f 2733//4083 3974//4083 3975//4083 
f 2716//4083 2717//4083 3952//4083 
f 2712//4083 2713//4083 3960//4083 
f 3962//4083 3964//4083 2711//4083 
f 3964//4083 3935//4083 2710//4083 
f 2705//4083 2706//4083 3935//4083 
f 1158//4083 1157//4083 3903//4083 
f 3903//4083 1161//4083 1160//4083 
f 1164//4083 1163//4083 3903//4083 
f 3903//4083 1168//4083 1167//4083 
f 2538//4083 2539//4083 1136//4083 
f 1123//4083 2693//4083 2694//4083 
f 2520//4083 2521//4083 3840//4083 
f 2558//4083 2559//4083 3842//4083 
f 3842//4083 3872//4083 2552//4083 
f 3861//4083 3859//4083 2551//4083 
f 3847//4083 3845//4083 2550//4083 
f 1122//4083 2691//4083 2692//4083 
f 1152//4083 2687//4083 2688//4083 
f 2738//4083 1140//4083 1139//4083 
f 1142//4083 1141//4083 2681//4083 
f 1146//4083 1145//4083 2681//4083 
f 1149//4083 1148//4083 2681//4083 
f 3972//4083 3971//4083 1168//4083 
f 3973//4083 3976//4083 1168//4083 
f 3879//4083 3877//4083 3893//4083 
f 2736//4083 3967//4083 3974//4083 
f 3975//4083 2732//4083 2733//4083 
f 3940//4083 3942//4083 2722//4083 
f 3942//4083 3944//4083 2721//4083 
f 2715//4083 2716//4083 3954//4083 
f 2710//4083 2711//4083 3964//4083 
f 3906//4083 2704//4083 2705//4083 
f 3906//4083 2701//4083 2702//4083 
f 1160//4083 1159//4083 3903//4083 
f 1166//4083 1165//4083 3903//4083 
f 3912//4083 3914//4083 2698//4083 
f 2519//4083 2520//4083 3839//4083 
f 3872//4083 3871//4083 2552//4083 
f 3845//4083 3874//4083 2550//4083 
f 1152//4083 2690//4083 2691//4083 
f 2688//4083 2689//4083 1152//4083 
f 1152//4083 2685//4083 2686//4083 
f 1152//4083 2683//4083 2684//4083 
f 2681//4083 1141//4083 1140//4083 
f 1148//4083 1147//4083 2681//4083 
f 3976//4083 3968//4083 1168//4083 
f 3877//4083 3977//4083 3903//4083 
f 3974//4083 2734//4083 2735//4083 
f 3978//4083 2731//4083 2732//4083 
f 3938//4083 2727//4083 2728//4083 
f 2728//4083 3979//4083 3980//4083 
f 3937//4083 3940//4083 2723//4083 
f 2721//4083 2722//4083 3942//4083 
f 3944//4083 3946//4083 2720//4083 
f 3946//4083 3948//4083 2719//4083 
f 2711//4083 2712//4083 3962//4083 
f 3935//4083 2708//4083 2709//4083 
f 2706//4083 2707//4083 3935//4083 
f 2702//4083 2703//4083 3906//4083 
f 2550//4083 3904//4083 3903//4083 
f 1162//4083 1161//4083 3903//4083 
f 2522//4083 2523//4083 3807//4083 
f 3855//4083 3853//4083 2551//4083 
f 2689//4083 2690//4083 1152//4083 
f 2684//4083 2685//4083 1152//4083 
f 2738//4083 1138//4083 1137//4083 
f 1144//4083 1143//4083 2681//4083 
f 3977//4083 3970//4083 3903//4083 
f 3974//4083 2733//4083 2734//4083 
f 3978//4083 2730//4083 2731//4083 
f 3978//4083 2728//4083 2729//4083 
f 2728//4083 3981//4083 3982//4083 
f 2728//4083 3978//4083 3979//4083 
f 2722//4083 2723//4083 3940//4083 
f 2719//4083 2720//4083 3946//4083 
f 2709//4083 2710//4083 3935//4083 
f 2703//4083 2704//4083 3906//4083 
f 2550//4083 3874//4083 3904//4083 
f 1155//4083 2547//4083 2548//4083 
f 2553//4083 2554//4083 3842//4083 
f 2686//4083 2687//4083 1152//4083 
f 1139//4083 1138//4083 2738//4083 
f 2681//4083 1152//4083 1151//4083 
f 3974//4083 2735//4083 2736//4083 
f 2729//4083 2730//4083 3978//4083 
f 3980//4083 3981//4083 2728//4083 
f 2720//4083 2721//4083 3944//4083 
f 2707//4083 2708//4083 3935//4083 
f 1155//4083 2548//4083 2549//4083 
f 1121//4083 1152//4083 2691//4083 
f 1151//4083 1150//4083 2681//4083 
f 3975//4083 3978//4083 2732//4083 
f 3938//4083 2726//4083 2727//4083 
f 2718//4083 2719//4083 3948//4083 
f 3906//4083 2699//4083 2700//4083 
f 1118//4083 1117//4083 2546//4083 
f 1152//4083 2681//4083 2682//4083 
f 1168//4083 2737//4083 2738//4083 
f 2728//4083 3982//4083 3938//4083 
f 3938//4083 3937//4083 2724//4083 
f 2700//4083 2701//4083 3906//4083 
f 2682//4083 2683//4083 1152//4083 
f 2737//4083 1168//4083 3967//4083 
f 2724//4083 2725//4083 3938//4083 
f 3903//4083 2549//4083 2550//4083 
f 2725//4083 2726//4083 3938//4083 
f 1137//4083 1168//4083 2738//4083 
f 2723//4083 2724//4083 3937//4083 
o mesh101
f 3983//4084 3982//4084 3981//4085 
f 3984//4085 3981//4085 3980//4086 
f 3985//4086 3980//4086 3979//4087 
f 3986//4087 3979//4087 3978//4088 
f 3987//4088 3978//4088 3975//4089 
f 3988//4089 3975//4089 3974//4090 
f 3989//4090 3974//4090 3967//4091 
f 3990//4091 3967//4091 3971//4092 
f 3991//4092 3971//4092 3972//4093 
f 3992//4093 3972//4093 3969//4094 
f 3993//4094 3969//4094 3968//4095 
f 3994//4095 3968//4095 3976//4096 
f 3995//4096 3976//4096 3973//4097 
f 3996//4097 3973//4097 3970//4098 
f 3997//4098 3970//4098 3977//4099 
f 3977//4099 3998//4099 3997//4098 
f 3970//4098 3997//4098 3996//4097 
f 3973//4097 3996//4097 3995//4096 
f 3976//4096 3995//4096 3994//4095 
f 3968//4095 3994//4095 3993//4094 
f 3969//4094 3993//4094 3992//4093 
f 3972//4093 3992//4093 3991//4092 
f 3971//4092 3991//4092 3990//4091 
f 3967//4091 3990//4091 3989//4090 
f 3974//4090 3989//4090 3988//4089 
f 3975//4089 3988//4089 3987//4088 
f 3978//4088 3987//4088 3986//4087 
f 3979//4087 3986//4087 3985//4086 
f 3980//4086 3985//4086 3984//4085 
f 3981//4085 3984//4085 3983//4084 
o mesh102
f 3939//4100 3938//4100 3982//4100 
f 3982//4100 3983//4100 3939//4100 
o mesh103
f 3907//4101 3936//4101 3999//4101 
f 3936//4101 4000//4101 3999//4101 
f 2163//4101 3667//4101 3669//4101 
f 2213//4101 1837//4101 1836//4101 
f 3999//4101 4001//4101 3907//4101 
f 2163//4101 3665//4101 3667//4101 
f 2163//4101 3661//4101 3663//4101 
f 1836//4101 2214//4101 2213//4101 
f 2212//4101 1839//4101 1838//4101 
f 4002//4101 3909//4101 3907//4101 
f 3663//4101 3665//4101 2163//4101 
f 1833//4101 1832//4101 3647//4101 
f 1838//4101 1837//4101 2212//4101 
f 4001//4101 4002//4101 3907//4101 
f 2163//4101 3659//4101 3661//4101 
f 3647//4101 2163//4101 1833//4101 
f 1839//4101 2212//4101 2211//4101 
f 1836//4101 2215//4101 2214//4101 
f 2210//4101 1841//4101 1840//4101 
f 4003//4101 1842//4101 1841//4101 
f 3936//4101 3966//4101 4000//4101 
f 1831//4101 3639//4101 3641//4101 
f 2163//4101 3655//4101 3659//4101 
f 3647//4101 3649//4101 2163//4101 
f 2215//4101 1835//4101 1834//4101 
f 2213//4101 2212//4101 1837//4101 
f 1841//4101 2210//4101 4003//4101 
f 4002//4101 3911//4101 3909//4101 
f 1790//4101 3955//4101 3953//4101 
f 3993//4101 3994//4101 1807//4101 
f 3994//4101 3995//4101 1808//4101 
f 1829//4101 1828//4101 3629//4101 
f 1831//4101 3637//4101 3639//4101 
f 2163//4101 3653//4101 3655//4101 
f 3649//4101 3651//4101 2163//4101 
f 2215//4101 1836//4101 1835//4101 
f 1840//4101 1839//4101 2210//4101 
f 1833//4101 2159//4101 2216//4101 
f 1833//4101 2161//4101 2160//4101 
f 2180//4101 3927//4101 3925//4101 
f 1789//4101 4000//4101 3955//4101 
f 4000//4101 3963//4101 3961//4101 
f 3966//4101 3965//4101 4000//4101 
f 4002//4101 3917//4101 3915//4101 
f 1790//4101 3949//4101 3947//4101 
f 3953//4101 3951//4101 1790//4101 
f 3983//4101 1795//4101 1794//4101 
f 3991//4101 3992//4101 1805//4101 
f 3992//4101 3993//4101 1806//4101 
f 1808//4101 1807//4101 3994//4101 
f 3995//4101 3996//4101 1809//4101 
f 3996//4101 3997//4101 1810//4101 
f 3997//4101 3998//4101 1753//4101 
f 1827//4101 1826//4101 3627//4101 
f 1828//4101 1827//4101 3628//4101 
f 3629//4101 3631//4101 1829//4101 
f 1830//4101 1829//4101 3633//4101 
f 3641//4101 3643//4101 1831//4101 
f 1831//4101 1830//4101 3635//4101 
f 1832//4101 1831//4101 3645//4101 
f 3651//4101 3653//4101 2163//4101 
f 2211//4101 2210//4101 1839//4101 
f 2160//4101 2159//4101 1833//4101 
f 3571//4101 3557//4101 3558//4101 
f 3571//4101 3569//4101 3556//4101 
f 3569//4101 3553//4101 3554//4101 
f 3569//4101 3551//4101 3552//4101 
f 3569//4101 1853//4101 3549//4101 
f 2180//4101 3929//4101 3927//4101 
f 4000//4101 3957//4101 3955//4101 
f 3965//4101 3963//4101 4000//4101 
f 3915//4101 3913//4101 4002//4101 
f 2181//4101 2180//4101 3921//4101 
f 1790//4101 3945//4101 3943//4101 
f 3951//4101 3949//4101 1790//4101 
f 1791//4101 3941//4101 3939//4101 
f 1794//4101 3939//4101 3983//4101 
f 3985//4101 3986//4101 1799//4101 
f 3986//4101 3987//4101 1800//4101 
f 1806//4101 1805//4101 3992//4101 
f 1809//4101 1808//4101 3995//4101 
f 1753//4101 1810//4101 3997//4101 
f 3998//4101 1755//4101 1754//4101 
f 4004//4101 4005//4101 4006//4101 
f 3628//4101 3629//4101 1828//4101 
f 3633//4101 3635//4101 1830//4101 
f 3635//4101 3637//4101 1831//4101 
f 3669//4101 3671//4101 2163//4101 
f 2216//4101 2215//4101 1833//4101 
f 1833//4101 2163//4101 2162//4101 
f 3556//4101 3557//4101 3571//4101 
f 3552//4101 3553//4101 3569//4101 
f 3549//4101 3550//4101 3569//4101 
f 3589//4101 3591//4101 1867//4101 
f 3593//4101 1868//4101 1867//4101 
f 2180//4101 3931//4101 3929//4101 
f 2180//4101 2179//4101 3933//4101 
f 4000//4101 3959//4101 3957//4101 
f 3913//4101 3911//4101 4002//4101 
f 3921//4101 4002//4101 2181//4101 
f 3947//4101 3945//4101 1790//4101 
f 1791//4101 3943//4101 3941//4101 
f 3983//4101 1796//4101 1795//4101 
f 3983//4101 3984//4101 1797//4101 
f 3984//4101 3985//4101 1798//4101 
f 1800//4101 1799//4101 3986//4101 
f 3987//4101 3988//4101 1801//4101 
f 3988//4101 3989//4101 1802//4101 
f 3989//4101 3990//4101 1803//4101 
f 3990//4101 3991//4101 1804//4101 
f 1807//4101 1806//4101 3993//4101 
f 1754//4101 1753//4101 3998//4101 
f 3998//4101 4007//4101 1757//4101 
f 4005//4101 4008//4101 4006//4101 
f 1762//4101 4009//4101 4005//4101 
f 3631//4101 3633//4101 1829//4101 
f 3645//4101 3647//4101 1832//4101 
f 4003//4101 2210//4101 2209//4101 
f 2162//4101 2161//4101 1833//4101 
f 1852//4101 1851//4101 3542//4101 
f 3569//4101 3555//4101 3556//4101 
f 3550//4101 3551//4101 3569//4101 
f 1867//4101 3591//4101 3593//4101 
f 3595//4101 1811//4101 1868//4101 
f 1788//4101 1787//4101 4010//4101 
f 1789//4101 1788//4101 4011//4101 
f 2179//4101 2178//4101 3809//4101 
f 3933//4101 3931//4101 2180//4101 
f 3961//4101 3959//4101 4000//4101 
f 3921//4101 3919//4101 4002//4101 
f 3939//4101 1792//4101 1791//4101 
f 1797//4101 1796//4101 3983//4101 
f 1799//4101 1798//4101 3985//4101 
f 1802//4101 1801//4101 3988//4101 
f 1804//4101 1803//4101 3990//4101 
f 1810//4101 1809//4101 3996//4101 
f 1757//4101 1756//4101 3998//4101 
f 4006//4101 4012//4101 4004//4101 
f 4005//4101 1763//4101 1762//4101 
f 4013//4101 4014//4101 2200//4101 
f 3643//4101 3645//4101 1831//4101 
f 1834//4101 1833//4101 2215//4101 
f 4003//4101 1845//4101 1844//4101 
f 2164//4101 3683//4101 3685//4101 
f 1852//4101 3544//4101 3545//4101 
f 3542//4101 3543//4101 1852//4101 
f 3554//4101 3555//4101 3569//4101 
f 1853//4101 1852//4101 3546//4101 
f 3581//4101 3583//4101 1863//4101 
f 3583//4101 3585//4101 1864//4101 
f 1868//4101 3593//4101 3595//4101 
f 3597//4101 1812//4101 1811//4101 
f 3601//4101 1814//4101 1813//4101 
f 3603//4101 1815//4101 1814//4101 
f 3605//4101 1816//4101 1815//4101 
f 3607//4101 1817//4101 1816//4101 
f 1785//4101 1784//4101 4015//4101 
f 1787//4101 1786//4101 4016//4101 
f 4011//4101 4000//4101 1789//4101 
f 3809//4101 3934//4101 2179//4101 
f 3925//4101 3923//4101 2180//4101 
f 3919//4101 3917//4101 4002//4101 
f 2181//4101 4002//4101 4017//4101 
f 3939//4101 1793//4101 1792//4101 
f 1798//4101 1797//4101 3984//4101 
f 1803//4101 1802//4101 3989//4101 
f 1756//4101 1755//4101 3998//4101 
f 4005//4101 4018//4101 4008//4101 
f 4009//4101 4019//4101 4005//4101 
f 4020//4101 2192//4101 2191//4101 
f 4020//4101 2195//4101 2194//4101 
f 4013//4101 2196//4101 2195//4101 
f 4014//4101 2201//4101 2200//4101 
f 4014//4101 2203//4101 2202//4101 
f 2204//4101 2203//4101 4014//4101 
f 2208//4101 2207//4101 4021//4101 
f 2209//4101 2208//4101 4003//4101 
f 1844//4101 1843//4101 4003//4101 
f 2163//4101 3675//4101 3677//4101 
f 2163//4101 3671//4101 3673//4101 
f 2164//4101 3681//4101 3683//4101 
f 2164//4101 3677//4101 3679//4101 
f 3543//4101 3544//4101 1852//4101 
f 1851//4101 3540//4101 3541//4101 
f 1853//4101 3548//4101 3549//4101 
f 3546//4101 3547//4101 1853//4101 
f 3561//4101 3560//4101 1858//4101 
f 3560//4101 3575//4101 1859//4101 
f 3575//4101 3577//4101 1860//4101 
f 3577//4101 3579//4101 1861//4101 
f 3579//4101 3581//4101 1862//4101 
f 1864//4101 1863//4101 3583//4101 
f 3585//4101 3587//4101 1865//4101 
f 3587//4101 3589//4101 1866//4101 
f 1811//4101 3595//4101 3597//4101 
f 3599//4101 1813//4101 1812//4101 
f 1814//4101 3601//4101 3603//4101 
f 1816//4101 3605//4101 3607//4101 
f 3609//4101 1818//4101 1817//4101 
f 3611//4101 1819//4101 1818//4101 
f 4016//4101 1786//4101 1785//4101 
f 4010//4101 4011//4101 1788//4101 
f 3923//4101 3921//4101 2180//4101 
f 4017//4101 2182//4101 2181//4101 
f 1794//4101 1793//4101 3939//4101 
f 1805//4101 1804//4101 3991//4101 
f 1759//4101 1758//4101 4007//4101 
f 1762//4101 4022//4101 4023//4101 
f 1762//4101 1761//4101 4024//4101 
f 4019//4101 4018//4101 4005//4101 
f 1765//4101 4025//4101 4026//4101 
f 4026//4101 1768//4101 1767//4101 
f 2191//4101 4027//4101 4020//4101 
f 2194//4101 2193//4101 4020//4101 
f 4013//4101 2197//4101 2196//4101 
f 2200//4101 2199//4101 4013//4101 
f 4014//4101 4028//4101 2204//4101 
f 2206//4101 2205//4101 4028//4101 
f 4021//4101 4003//4101 2208//4101 
f 1843//4101 1842//4101 4003//4101 
f 3673//4101 3675//4101 2163//4101 
f 3679//4101 3681//4101 2164//4101 
f 2165//4101 3687//4101 3689//4101 
f 3809//4101 2173//4101 2172//4101 
f 3541//4101 3542//4101 1851//4101 
f 3547//4101 3548//4101 1853//4101 
f 1853//4101 3569//4101 3567//4101 
f 1859//4101 1858//4101 3560//4101 
f 1861//4101 1860//4101 3577//4101 
f 1863//4101 1862//4101 3581//4101 
f 1866//4101 1865//4101 3587//4101 
f 1812//4101 3597//4101 3599//4101 
f 1815//4101 3603//4101 3605//4101 
f 1818//4101 3609//4101 3611//4101 
f 3613//4101 1820//4101 1819//4101 
f 3617//4101 1822//4101 1821//4101 
f 3619//4101 1823//4101 1822//4101 
f 3621//4101 1824//4101 1823//4101 
f 3623//4101 1825//4101 1824//4101 
f 3625//4101 1826//4101 1825//4101 
f 4016//4101 4010//4101 1787//4101 
f 3955//4101 1790//4101 1789//4101 
f 1801//4101 1800//4101 3987//4101 
f 4007//4101 4024//4101 1759//4101 
f 1762//4101 4029//4101 4030//4101 
f 4024//4101 4022//4101 1762//4101 
f 4012//4101 4031//4101 4004//4101 
f 1763//4101 4005//4101 4025//4101 
f 1767//4101 1766//4101 4026//4101 
f 2193//4101 2192//4101 4020//4101 
f 4013//4101 2198//4101 2197//4101 
f 2202//4101 2201//4101 4014//4101 
f 4028//4101 4021//4101 2206//4101 
f 3627//4101 3628//4101 1827//4101 
f 3685//4101 2165//4101 2164//4101 
f 1846//4101 4003//4101 4032//4101 
f 2165//4101 3685//4101 3687//4101 
f 3689//4101 2170//4101 2169//4101 
f 2172//4101 3689//4101 3809//4101 
f 3540//4101 1850//4101 1849//4101 
f 3545//4101 3546//4101 1852//4101 
f 3567//4101 1854//4101 1853//4101 
f 1854//4101 3567//4101 3565//4101 
f 1855//4101 3565//4101 3563//4101 
f 1856//4101 3563//4101 3561//4101 
f 1860//4101 1859//4101 3575//4101 
f 1865//4101 1864//4101 3585//4101 
f 1813//4101 3599//4101 3601//4101 
f 1819//4101 3611//4101 3613//4101 
f 3615//4101 1821//4101 1820//4101 
f 1822//4101 3617//4101 3619//4101 
f 1824//4101 3621//4101 3623//4101 
f 1825//4101 3623//4101 3625//4101 
f 4026//4101 4033//4101 1769//4101 
f 3809//4101 2176//4101 2175//4101 
f 3809//4101 2178//4101 2177//4101 
f 3934//4101 3933//4101 2179//4101 
f 1758//4101 1757//4101 4007//4101 
f 4024//4101 1761//4101 1760//4101 
f 4023//4101 4029//4101 1762//4101 
f 4025//4101 1764//4101 1763//4101 
f 4026//4101 1766//4101 1765//4101 
f 2195//4101 4020//4101 4013//4101 
f 2205//4101 2204//4101 4028//4101 
f 3677//4101 2164//4101 2163//4101 
f 4032//4101 1847//4101 1846//4101 
f 3689//4101 2167//4101 2166//4101 
f 2169//4101 2168//4101 3689//4101 
f 2172//4101 2171//4101 3689//4101 
f 4032//4101 1849//4101 1848//4101 
f 1851//4101 1850//4101 3540//4101 
f 3565//4101 1855//4101 1854//4101 
f 3561//4101 1857//4101 1856//4101 
f 1862//4101 1861//4101 3579//4101 
f 1817//4101 3607//4101 3609//4101 
f 1821//4101 3615//4101 3617//4101 
f 3625//4101 3627//4101 1826//4101 
f 4033//4101 1770//4101 1769//4101 
f 4033//4101 1772//4101 1771//4101 
f 4033//4101 4034//4101 1773//4101 
f 4034//4101 1775//4101 1774//4101 
f 4035//4101 1778//4101 1777//4101 
f 4035//4101 1780//4101 1779//4101 
f 4015//4101 1782//4101 1781//4101 
f 2177//4101 2176//4101 3809//4101 
f 3943//4101 1791//4101 1790//4101 
f 4030//4101 4009//4101 1762//4101 
f 1765//4101 1764//4101 4025//4101 
f 2183//4101 4017//4101 4036//4101 
f 2185//4101 4036//4101 4037//4101 
f 2187//4101 4037//4101 4027//4101 
f 2199//4101 2198//4101 4013//4101 
f 1846//4101 1845//4101 4003//4101 
f 2168//4101 2167//4101 3689//4101 
f 3809//4101 2174//4101 2173//4101 
f 1849//4101 4032//4101 3540//4101 
f 3563//4101 1856//4101 1855//4101 
f 1867//4101 1866//4101 3589//4101 
f 1823//4101 3619//4101 3621//4101 
f 1771//4101 1770//4101 4033//4101 
f 1774//4101 1773//4101 4034//4101 
f 4034//4101 1777//4101 1776//4101 
f 1779//4101 1778//4101 4035//4101 
f 1781//4101 4035//4101 4015//4101 
f 4015//4101 1784//4101 1783//4101 
f 4015//4101 4016//4101 1785//4101 
f 4031//4101 4038//4101 4004//4101 
f 4036//4101 2184//4101 2183//4101 
f 4037//4101 2186//4101 2185//4101 
f 4027//4101 2188//4101 2187//4101 
f 4027//4101 2190//4101 2189//4101 
f 2207//4101 2206//4101 4021//4101 
f 2171//4101 2170//4101 3689//4101 
f 3558//4101 3559//4101 3571//4101 
f 1820//4101 3613//4101 3615//4101 
f 1773//4101 1772//4101 4033//4101 
f 1777//4101 4034//4101 4035//4101 
f 1783//4101 1782//4101 4015//4101 
f 1760//4101 1759//4101 4024//4101 
f 2185//4101 2184//4101 4036//4101 
f 2189//4101 2188//4101 4027//4101 
f 3689//4101 2166//4101 2165//4101 
f 1858//4101 1857//4101 3561//4101 
f 1776//4101 1775//4101 4034//4101 
f 2175//4101 2174//4101 3809//4101 
f 2187//4101 2186//4101 4037//4101 
f 1848//4101 1847//4101 4032//4101 
f 1781//4101 1780//4101 4035//4101 
f 2191//4101 2190//4101 4027//4101 
f 2183//4101 2182//4101 4017//4101 
f 1769//4101 1768//4101 4026//4101 
o mesh104
f 4007//4102 3998//4102 3876//4102 
f 3977//4102 3877//4102 3876//4102 
f 3876//4102 3998//4102 3977//4102 
f 3876//4102 4039//4102 4007//4102 
o mesh105
f 4024//4103 4007//4102 4039//4102 
f 4022//4104 4024//4103 4040//4103 
f 4023//4105 4022//4104 4041//4104 
f 4029//4106 4023//4105 4042//4105 
f 4030//4107 4029//4106 4043//4106 
f 4009//4108 4030//4107 4044//4107 
f 4019//4109 4009//4108 4045//4108 
f 4018//4110 4019//4109 4046//4109 
f 4008//4111 4018//4110 4047//4110 
f 4006//4112 4008//4111 4048//4111 
f 4012//4113 4006//4112 4049//4112 
f 4031//4114 4012//4113 4050//4113 
f 4038//4115 4031//4114 4051//4114 
f 4051//4114 4052//4115 4038//4115 
f 4050//4113 4051//4114 4031//4114 
f 4049//4112 4050//4113 4012//4113 
f 4048//4111 4049//4112 4006//4112 
f 4047//4110 4048//4111 4008//4111 
f 4046//4109 4047//4110 4018//4110 
f 4045//4108 4046//4109 4019//4109 
f 4044//4107 4045//4108 4009//4108 
f 4043//4106 4044//4107 4030//4107 
f 4042//4105 4043//4106 4029//4106 
f 4041//4104 4042//4105 4023//4105 
f 4040//4103 4041//4104 4022//4104 
f 4039//4102 4040//4103 4024//4103 
o mesh106
f 3493//4116 3494//4117 4053//4117 
f 3492//4118 3493//4116 4054//4119 
f 3491//4120 3492//4118 4055//4121 
f 3479//4122 3480//4123 4056//4123 
f 3478//4124 3479//4122 4057//4125 
f 3477//4126 3478//4124 4058//4127 
f 3476//4128 3477//4126 4059//4129 
f 4060//4130 4061//4129 4059//4129 
f 4059//4129 3477//4126 4060//4130 
f 3475//4131 3476//4128 4062//4132 
f 3474//4133 3475//4131 4063//4134 
f 3473//4135 3474//4133 4064//4136 
f 3472//4137 3473//4135 4065//4138 
f 3471//4139 3472//4137 4066//4140 
f 3470//4141 3471//4139 4067//4142 
f 3469//4143 3470//4141 4068//4144 
f 3468//4145 3469//4143 4069//4146 
f 3467//4147 3468//4145 4070//4148 
f 3466//4149 3467//4147 4071//4150 
f 3465//4151 3458//4151 4072//4152 
f 3466//4149 4073//4153 4072//4152 
f 4072//4152 3458//4151 3466//4149 
f 3520//4154 3521//4155 3540//4155 
f 3519//4156 3520//4154 4032//4157 
f 3518//4158 3519//4156 4003//4159 
f 3517//4160 3518//4158 4021//4161 
f 3516//4162 3517//4160 4028//4163 
f 3515//4164 3516//4162 4014//4165 
f 3514//4166 3515//4164 4013//4167 
f 3513//4168 3514//4166 4020//4169 
f 3512//4170 3513//4168 4027//4171 
f 3511//4172 3512//4170 4037//4173 
f 3510//4174 3511//4172 4036//4175 
f 3509//4176 3510//4174 4017//4177 
f 3508//4178 3509//4176 4002//4179 
f 3507//4180 3508//4178 4001//4181 
f 3506//4182 3507//4180 3999//4183 
f 3505//4184 3506//4182 4000//4185 
f 3504//4186 3505//4184 4011//4187 
f 3503//4188 3504//4186 4010//4189 
f 3502//4190 3503//4188 4016//4191 
f 3501//4192 3502//4190 4015//4193 
f 3500//4194 3501//4192 4035//4195 
f 3499//4196 3500//4194 4034//4197 
f 3498//4198 3499//4196 4033//4199 
f 3497//4200 3498//4198 4026//4201 
f 3496//4202 3497//4200 4025//4203 
f 3495//4204 3496//4202 4005//4205 
f 4053//4117 3494//4117 4038//4206 
f 3495//4204 4004//4207 4038//4206 
f 4038//4206 3494//4117 3495//4204 
f 3490//4208 3491//4120 4074//4209 
f 4075//4210 4076//4209 4074//4209 
f 4074//4209 3491//4120 4075//4210 
f 3489//4211 3490//4208 4077//4212 
f 3488//4213 3489//4211 4078//4214 
f 3487//4215 3488//4213 4079//4216 
f 3486//4217 3487//4215 4080//4218 
f 3485//4219 3486//4217 4081//4220 
f 3484//4221 3485//4219 4082//4222 
f 3483//4223 3484//4221 4083//4224 
f 3482//4225 3483//4223 4084//4226 
f 3481//4227 3482//4225 4085//4228 
f 4056//4123 3480//4123 4086//4229 
f 3481//4227 4087//4230 4086//4229 
f 4086//4229 3480//4123 3481//4227 
f 4086//4229 4088//4229 4056//4123 
f 4085//4228 4087//4230 3481//4227 
f 4084//4226 4085//4228 3482//4225 
f 4083//4224 4084//4226 3483//4223 
f 4082//4222 4083//4224 3484//4221 
f 4081//4220 4082//4222 3485//4219 
f 4080//4218 4081//4220 3486//4217 
f 4079//4216 4080//4218 3487//4215 
f 4078//4214 4079//4216 3488//4213 
f 4077//4212 4078//4214 3489//4211 
f 4074//4209 4077//4212 3490//4208 
f 4038//4206 4052//4231 4053//4117 
f 4005//4205 4004//4207 3495//4204 
f 4025//4203 4005//4205 3496//4202 
f 4026//4201 4025//4203 3497//4200 
f 4033//4199 4026//4201 3498//4198 
f 4034//4197 4033//4199 3499//4196 
f 4035//4195 4034//4197 3500//4194 
f 4015//4193 4035//4195 3501//4192 
f 4016//4191 4015//4193 3502//4190 
f 4010//4189 4016//4191 3503//4188 
f 4011//4187 4010//4189 3504//4186 
f 4000//4185 4011//4187 3505//4184 
f 3999//4183 4000//4185 3506//4182 
f 4001//4181 3999//4183 3507//4180 
f 4002//4179 4001//4181 3508//4178 
f 4017//4177 4002//4179 3509//4176 
f 4036//4175 4017//4177 3510//4174 
f 4037//4173 4036//4175 3511//4172 
f 4027//4171 4037//4173 3512//4170 
f 4020//4169 4027//4171 3513//4168 
f 4013//4167 4020//4169 3514//4166 
f 4014//4165 4013//4167 3515//4164 
f 4028//4163 4014//4165 3516//4162 
f 4021//4161 4028//4163 3517//4160 
f 4003//4159 4021//4161 3518//4158 
f 4032//4157 4003//4159 3519//4156 
f 3540//4155 4032//4157 3520//4154 
f 4072//4152 4089//4232 3465//4151 
f 4071//4150 4073//4153 3466//4149 
f 4070//4148 4071//4150 3467//4147 
f 4069//4146 4070//4148 3468//4145 
f 4068//4144 4069//4146 3469//4143 
f 4067//4142 4068//4144 3470//4141 
f 4066//4140 4067//4142 3471//4139 
f 4065//4138 4066//4140 3472//4137 
f 4064//4136 4065//4138 3473//4135 
f 4063//4134 4064//4136 3474//4133 
f 4062//4132 4063//4134 3475//4131 
f 4059//4129 4062//4132 3476//4128 
f 4058//4127 4060//4130 3477//4126 
f 4057//4125 4058//4127 3478//4124 
f 4056//4123 4057//4125 3479//4122 
f 4055//4121 4075//4210 3491//4120 
f 4054//4119 4055//4121 3492//4118 
f 4053//4117 4054//4119 3493//4116 
o mesh107
f 4090//4233 4091//4234 4092//4234 
f 4093//4235 4090//4233 4094//4236 
f 4095//4237 4093//4235 4096//4238 
f 4097//4239 4095//4237 4098//4240 
f 4099//4241 4097//4239 4100//4242 
f 4101//4243 4099//4241 4102//4244 
f 4072//4245 4101//4243 4103//4246 
f 4103//4246 4089//4245 4072//4245 
f 4102//4244 4103//4246 4101//4243 
f 4100//4242 4102//4244 4099//4241 
f 4098//4240 4100//4242 4097//4239 
f 4096//4238 4098//4240 4095//4237 
f 4094//4236 4096//4238 4093//4235 
f 4092//4234 4094//4236 4090//4233 
o mesh108
f 4104//4247 4105//4248 4106//4248 
f 4107//4249 4104//4247 4108//4250 
f 4109//4251 4107//4249 4110//4252 
f 4111//4253 4109//4251 4112//4254 
f 4113//4255 4111//4253 4114//4256 
f 4115//4257 4113//4255 4116//4258 
f 4091//4259 4115//4257 4117//4260 
f 4117//4260 4092//4259 4091//4259 
f 4116//4258 4117//4260 4115//4257 
f 4114//4256 4116//4258 4113//4255 
f 4112//4254 4114//4256 4111//4253 
f 4110//4252 4112//4254 4109//4251 
f 4108//4250 4110//4252 4107//4249 
f 4106//4248 4108//4250 4104//4247 
o mesh109
f 4118//4261 4119//4261 4120//4262 
f 4121//4262 4120//4262 4122//4263 
f 4123//4263 4122//4263 4106//4264 
f 4106//4264 4105//4264 4123//4263 
f 4122//4263 4123//4263 4121//4262 
f 4120//4262 4121//4262 4118//4261 
o mesh110
f 4124//4265 4125//4265 4119//4265 
f 4119//4265 4118//4265 4124//4265 
o mesh111
f 1990//4266 4063//4266 4126//4266 
f 4124//4266 2014//4266 2013//4266 
f 4124//4266 4118//4266 2015//4266 
f 2022//4266 4109//4266 4111//4266 
f 4073//4266 4097//4266 4099//4266 
f 4063//4266 4127//4266 4126//4266 
f 4063//4266 4128//4266 4129//4266 
f 4130//4266 4131//4266 2007//4266 
f 4131//4266 4132//4266 2008//4266 
f 2013//4266 2012//4266 4124//4266 
f 4118//4266 2016//4266 2015//4266 
f 4111//4266 4113//4266 2022//4266 
f 4073//4266 4095//4266 4097//4266 
f 4073//4266 4090//4266 4093//4266 
f 2022//4266 4091//4266 4073//4266 
f 4063//4266 4133//4266 4127//4266 
f 4063//4266 4134//4266 4128//4266 
f 4063//4266 4062//4266 4135//4266 
f 4136//4266 4137//4266 2005//4266 
f 4137//4266 4130//4266 2006//4266 
f 2008//4266 2007//4266 4131//4266 
f 4132//4266 4138//4266 2009//4266 
f 4138//4266 4139//4266 2010//4266 
f 4139//4266 4124//4266 2011//4266 
f 2015//4266 2014//4266 4124//4266 
f 4118//4266 2018//4266 2017//4266 
f 2020//4266 2019//4266 4121//4266 
f 2021//4266 2020//4266 4105//4266 
f 4113//4266 4115//4266 2022//4266 
f 2022//4266 2021//4266 4107//4266 
f 4093//4266 4095//4266 4073//4266 
f 4073//4266 2023//4266 2022//4266 
f 2026//4266 4070//4266 4069//4266 
f 4069//4266 2029//4266 2028//4266 
f 4069//4266 4068//4266 2030//4266 
f 4129//4266 4133//4266 4063//4266 
f 4062//4266 4059//4266 4135//4266 
f 2006//4266 2005//4266 4137//4266 
f 2009//4266 2008//4266 4132//4266 
f 2011//4266 2010//4266 4139//4266 
f 2017//4266 2016//4266 4118//4266 
f 2019//4266 2018//4266 4118//4266 
f 4121//4266 4123//4266 2020//4266 
f 4105//4266 4104//4266 2021//4266 
f 4107//4266 4109//4266 2022//4266 
f 4091//4266 4090//4266 4073//4266 
f 2023//4266 4073//4266 4071//4266 
f 2024//4266 4071//4266 4070//4266 
f 4069//4266 2027//4266 2026//4266 
f 2030//4266 2029//4266 4069//4266 
f 1988//4266 1987//4266 4065//4266 
f 1990//4266 1989//4266 4064//4266 
f 4135//4266 4134//4266 4063//4266 
f 1991//4266 4126//4266 4140//4266 
f 4140//4266 1994//4266 1993//4266 
f 1994//4266 4140//4266 4141//4266 
f 4142//4266 1997//4266 1996//4266 
f 1996//4266 4141//4266 4143//4266 
f 4142//4266 4144//4266 2000//4266 
f 4144//4266 4145//4266 2001//4266 
f 4145//4266 4146//4266 2002//4266 
f 4146//4266 4147//4266 2003//4266 
f 4147//4266 4136//4266 2004//4266 
f 2007//4266 2006//4266 4130//4266 
f 2012//4266 2011//4266 4124//4266 
f 4123//4266 4105//4266 2020//4266 
f 4115//4266 4091//4266 2022//4266 
f 4099//4266 4101//4266 4073//4266 
f 4070//4266 2025//4266 2024//4266 
f 2028//4266 2027//4266 4069//4266 
f 4068//4266 2032//4266 2031//4266 
f 4067//4266 2035//4266 2034//4266 
f 4067//4266 2037//4266 2036//4266 
f 4066//4266 2039//4266 2038//4266 
f 4065//4266 1985//4266 2042//4266 
f 4064//4266 1989//4266 1988//4266 
f 4126//4266 1991//4266 1990//4266 
f 1993//4266 1992//4266 4140//4266 
f 4141//4266 1996//4266 1995//4266 
f 1996//4266 4148//4266 4149//4266 
f 4143//4266 4150//4266 1996//4266 
f 2000//4266 1999//4266 4142//4266 
f 2002//4266 2001//4266 4145//4266 
f 2004//4266 2003//4266 4147//4266 
f 2010//4266 2009//4266 4138//4266 
f 4104//4266 4107//4266 2021//4266 
f 4071//4266 2024//4266 2023//4266 
f 2031//4266 2030//4266 4068//4266 
f 4068//4266 2034//4266 2033//4266 
f 2036//4266 2035//4266 4067//4266 
f 2038//4266 4067//4266 4066//4266 
f 4066//4266 2041//4266 2040//4266 
f 2042//4266 4066//4266 4065//4266 
f 4065//4266 1987//4266 1986//4266 
f 4064//4266 4063//4266 1990//4266 
f 4141//4266 1995//4266 1994//4266 
f 4150//4266 4148//4266 1996//4266 
f 1999//4266 1998//4266 4142//4266 
f 2003//4266 2002//4266 4146//4266 
f 4118//4266 4121//4266 2019//4266 
f 2026//4266 2025//4266 4070//4266 
f 2034//4266 4068//4266 4067//4266 
f 2040//4266 2039//4266 4066//4266 
f 1986//4266 1985//4266 4065//4266 
f 4140//4266 1992//4266 1991//4266 
f 1998//4266 1997//4266 4142//4266 
f 2005//4266 2004//4266 4136//4266 
f 2033//4266 2032//4266 4068//4266 
f 2042//4266 2041//4266 4066//4266 
f 1996//4266 4149//4266 4142//4266 
f 4101//4266 4072//4266 4073//4266 
f 4065//4266 4064//4266 1988//4266 
f 2038//4266 2037//4266 4067//4266 
f 2001//4266 2000//4266 4144//4266 
o mesh112
f 4142//4267 4151//4267 4152//4268 
f 4144//4268 4152//4268 4153//4269 
f 4145//4269 4153//4269 4154//4270 
f 4146//4270 4154//4270 4155//4271 
f 4147//4271 4155//4271 4156//4272 
f 4136//4272 4156//4272 4157//4273 
f 4137//4273 4157//4273 4158//4274 
f 4130//4274 4158//4274 4159//4275 
f 4131//4275 4159//4275 4160//4276 
f 4132//4276 4160//4276 4161//4277 
f 4138//4277 4161//4277 4162//4278 
f 4139//4278 4162//4278 4125//4279 
f 4125//4279 4124//4279 4139//4278 
f 4162//4278 4139//4278 4138//4277 
f 4161//4277 4138//4277 4132//4276 
f 4160//4276 4132//4276 4131//4275 
f 4159//4275 4131//4275 4130//4274 
f 4158//4274 4130//4274 4137//4273 
f 4157//4273 4137//4273 4136//4272 
f 4156//4272 4136//4272 4147//4271 
f 4155//4271 4147//4271 4146//4270 
f 4154//4270 4146//4270 4145//4269 
f 4153//4269 4145//4269 4144//4268 
f 4152//4268 4144//4268 4142//4267 
o mesh113
f 4135//4280 4059//4281 4061//4281 
f 4134//4282 4135//4280 4163//4283 
f 4128//4284 4134//4282 4164//4285 
f 4129//4286 4128//4284 4165//4287 
f 4133//4288 4129//4286 4166//4289 
f 4127//4290 4133//4288 4167//4291 
f 4126//4292 4127//4290 4168//4293 
f 4140//4294 4126//4292 4169//4295 
f 4141//4296 4140//4294 4170//4297 
f 4143//4298 4141//4296 4171//4299 
f 4150//4300 4143//4298 4172//4301 
f 4148//4302 4150//4300 4173//4303 
f 4149//4304 4148//4302 4174//4305 
f 4174//4305 4175//4304 4149//4304 
f 4173//4303 4174//4305 4148//4302 
f 4172//4301 4173//4303 4150//4300 
f 4171//4299 4172//4301 4143//4298 
f 4170//4297 4171//4299 4141//4296 
f 4169//4295 4170//4297 4140//4294 
f 4168//4293 4169//4295 4126//4292 
f 4167//4291 4168//4293 4127//4290 
f 4166//4289 4167//4291 4133//4288 
f 4165//4287 4166//4289 4129//4286 
f 4164//4285 4165//4287 4128//4284 
f 4163//4283 4164//4285 4134//4282 
f 4061//4281 4163//4283 4135//4280 
o mesh114
f 4175//4304 4151//4304 4142//4304 
f 4142//4304 4149//4304 4175//4304 
o mesh115
f 4176//4306 4074//4307 4076//4307 
f 4177//4308 4176//4306 4178//4309 
f 4179//4310 4177//4308 4180//4311 
f 4181//4312 4179//4310 4182//4313 
f 4183//4314 4181//4312 4184//4315 
f 4185//4316 4183//4314 4186//4317 
f 4187//4318 4185//4316 4188//4319 
f 4189//4320 4187//4318 4190//4321 
f 4191//4322 4189//4320 4192//4323 
f 4193//4324 4191//4322 4194//4325 
f 4195//4326 4193//4324 4196//4327 
f 4197//4328 4195//4326 4198//4329 
f 4199//4330 4197//4328 4200//4331 
f 4200//4331 4201//4330 4199//4330 
f 4198//4329 4200//4331 4197//4328 
f 4196//4327 4198//4329 4195//4326 
f 4194//4325 4196//4327 4193//4324 
f 4192//4323 4194//4325 4191//4322 
f 4190//4321 4192//4323 4189//4320 
f 4188//4319 4190//4321 4187//4318 
f 4186//4317 4188//4319 4185//4316 
f 4184//4315 4186//4317 4183//4314 
f 4182//4313 4184//4315 4181//4312 
f 4180//4311 4182//4313 4179//4310 
f 4178//4309 4180//4311 4177//4308 
f 4076//4307 4178//4309 4176//4306 
o mesh116
f 4199//4330 4201//4330 4202//4330 
f 4202//4330 4203//4330 4199//4330 
o mesh117
f 4077//4332 4181//4332 4183//4332 
f 4077//4332 4074//4332 4176//4332 
f 2353//4332 4077//4332 4187//4332 
f 4077//4332 4179//4332 4181//4332 
f 4176//4332 4177//4332 4077//4332 
f 2357//4332 4197//4332 4199//4332 
f 4077//4332 4185//4332 4187//4332 
f 4177//4332 4179//4332 4077//4332 
f 2357//4332 4195//4332 4197//4332 
f 4203//4332 2362//4332 2361//4332 
f 2349//4332 2348//4332 4080//4332 
f 2351//4332 2350//4332 4079//4332 
f 4183//4332 4185//4332 4077//4332 
f 2354//4332 4187//4332 4189//4332 
f 2357//4332 4193//4332 4195//4332 
f 2357//4332 4189//4332 4191//4332 
f 4203//4332 2359//4332 2358//4332 
f 2361//4332 2360//4332 4203//4332 
f 4079//4332 2350//4332 2349//4332 
f 4078//4332 2352//4332 2351//4332 
f 2353//4332 2352//4332 4078//4332 
f 4189//4332 2355//4332 2354//4332 
f 4191//4332 4193//4332 2357//4332 
f 2360//4332 2359//4332 4203//4332 
f 4204//4332 2363//4332 2362//4332 
f 4205//4332 2364//4332 2363//4332 
f 4206//4332 2367//4332 2366//4332 
f 4207//4332 2368//4332 2367//4332 
f 4079//4332 4078//4332 2351//4332 
f 4187//4332 2354//4332 2353//4332 
f 2358//4332 4199//4332 4203//4332 
f 2363//4332 4204//4332 4205//4332 
f 4208//4332 2365//4332 2364//4332 
f 4209//4332 2366//4332 2365//4332 
f 2367//4332 4206//4332 4207//4332 
f 4210//4332 2369//4332 2368//4332 
f 4211//4332 2371//4332 2370//4332 
f 4212//4332 2372//4332 2371//4332 
f 4087//4332 4213//4332 4214//4332 
f 4087//4332 4215//4332 4216//4332 
f 4087//4332 2386//4332 4217//4332 
f 2386//4332 2385//4332 4218//4332 
f 4078//4332 4077//4332 2353//4332 
f 4189//4332 2357//4332 2356//4332 
f 2362//4332 4203//4332 4204//4332 
f 2365//4332 4208//4332 4209//4332 
f 2368//4332 4207//4332 4210//4332 
f 4219//4332 2370//4332 2369//4332 
f 2371//4332 4211//4332 4212//4332 
f 4220//4332 2373//4332 2372//4332 
f 4221//4332 2374//4332 2373//4332 
f 4222//4332 2375//4332 2374//4332 
f 2385//4332 2384//4332 4223//4332 
f 4214//4332 4224//4332 4087//4332 
f 4087//4332 4225//4332 4226//4332 
f 4217//4332 4215//4332 4087//4332 
f 4218//4332 4227//4332 2386//4332 
f 2356//4332 2355//4332 4189//4332 
f 2364//4332 4205//4332 4208//4332 
f 2369//4332 4210//4332 4219//4332 
f 2372//4332 4212//4332 4220//4332 
f 2374//4332 4221//4332 4222//4332 
f 4228//4332 2376//4332 2375//4332 
f 4223//4332 2381//4332 2380//4332 
f 4223//4332 2384//4332 2383//4332 
f 4223//4332 4229//4332 2385//4332 
f 4226//4332 4213//4332 4087//4332 
f 4227//4332 4217//4332 2386//4332 
f 4199//4332 2358//4332 2357//4332 
f 2370//4332 4219//4332 4211//4332 
f 2375//4332 4222//4332 4228//4332 
f 4230//4332 2377//4332 2376//4332 
f 4230//4332 2379//4332 2378//4332 
f 4223//4332 2382//4332 2381//4332 
f 4229//4332 4218//4332 2385//4332 
f 4216//4332 4225//4332 4087//4332 
f 4082//4332 4081//4332 2341//4332 
f 2366//4332 4209//4332 4206//4332 
f 2376//4332 4228//4332 4230//4332 
f 4230//4332 2380//4332 2379//4332 
f 2383//4332 2382//4332 4223//4332 
f 4224//4332 4231//4332 4087//4332 
f 2386//4332 4087//4332 4085//4332 
f 2388//4332 4085//4332 4084//4332 
f 4082//4332 2337//4332 2336//4332 
f 4081//4332 2342//4332 2341//4332 
f 2373//4332 4220//4332 4221//4332 
f 2380//4332 4230//4332 4223//4332 
f 4085//4332 2387//4332 2386//4332 
f 4084//4332 2389//4332 2388//4332 
f 2390//4332 4084//4332 4083//4332 
f 2336//4332 4083//4332 4082//4332 
f 4082//4332 2339//4332 2338//4332 
f 2341//4332 2340//4332 4082//4332 
f 4081//4332 2344//4332 2343//4332 
f 4080//4332 2348//4332 2347//4332 
f 2378//4332 2377//4332 4230//4332 
f 2388//4332 2387//4332 4085//4332 
f 4083//4332 2333//4332 2390//4332 
f 4083//4332 2335//4332 2334//4332 
f 2338//4332 2337//4332 4082//4332 
f 2343//4332 2342//4332 4081//4332 
f 4081//4332 4080//4332 2345//4332 
f 2347//4332 2346//4332 4080//4332 
f 4231//4332 4086//4332 4087//4332 
f 2334//4332 2333//4332 4083//4332 
f 2340//4332 2339//4332 4082//4332 
f 2346//4332 2345//4332 4080//4332 
f 2390//4332 2389//4332 4084//4332 
f 2345//4332 2344//4332 4081//4332 
f 2336//4332 2335//4332 4083//4332 
f 4080//4332 4079//4332 2349//4332 
o mesh118
f 4203//4333 4202//4333 4232//4334 
f 4204//4334 4232//4334 4233//4335 
f 4205//4335 4233//4335 4234//4336 
f 4208//4336 4234//4336 4235//4337 
f 4209//4337 4235//4337 4236//4338 
f 4206//4338 4236//4338 4237//4339 
f 4207//4339 4237//4339 4238//4340 
f 4210//4340 4238//4340 4239//4341 
f 4219//4341 4239//4341 4240//4342 
f 4211//4342 4240//4342 4241//4343 
f 4212//4343 4241//4343 4242//4344 
f 4220//4344 4242//4344 4243//4345 
f 4221//4345 4243//4345 4244//4346 
f 4222//4346 4244//4346 4245//4347 
f 4228//4347 4245//4347 4246//4348 
f 4246//4348 4230//4348 4228//4347 
f 4245//4347 4228//4347 4222//4346 
f 4244//4346 4222//4346 4221//4345 
f 4243//4345 4221//4345 4220//4344 
f 4242//4344 4220//4344 4212//4343 
f 4241//4343 4212//4343 4211//4342 
f 4240//4342 4211//4342 4219//4341 
f 4239//4341 4219//4341 4210//4340 
f 4238//4340 4210//4340 4207//4339 
f 4237//4339 4207//4339 4206//4338 
f 4236//4338 4206//4338 4209//4337 
f 4235//4337 4209//4337 4208//4336 
f 4234//4336 4208//4336 4205//4335 
f 4233//4335 4205//4335 4204//4334 
f 4232//4334 4204//4334 4203//4333 
o mesh119
f 4229//4349 4223//4348 4247//4348 
f 4218//4350 4229//4349 4248//4349 
f 4227//4351 4218//4350 4249//4350 
f 4217//4352 4227//4351 4250//4351 
f 4215//4353 4217//4352 4251//4352 
f 4216//4354 4215//4353 4252//4353 
f 4225//4355 4216//4354 4253//4354 
f 4226//4356 4225//4355 4254//4355 
f 4213//4357 4226//4356 4255//4356 
f 4214//4358 4213//4357 4256//4357 
f 4224//4359 4214//4358 4257//4358 
f 4231//4360 4224//4359 4258//4359 
f 4086//4361 4231//4360 4259//4360 
f 4259//4360 4088//4361 4086//4361 
f 4258//4359 4259//4360 4231//4360 
f 4257//4358 4258//4359 4224//4359 
f 4256//4357 4257//4358 4214//4358 
f 4255//4356 4256//4357 4213//4357 
f 4254//4355 4255//4356 4226//4356 
f 4253//4354 4254//4355 4225//4355 
f 4252//4353 4253//4354 4216//4354 
f 4251//4352 4252//4353 4215//4353 
f 4250//4351 4251//4352 4217//4352 
f 4249//4350 4250//4351 4227//4351 
f 4248//4349 4249//4350 4218//4350 
f 4247//4348 4248//4349 4229//4349 
o mesh120
f 4247//4362 4223//4362 4230//4362 
f 4230//4362 4246//4362 4247//4362 
o mesh121
f 3652//4363 3642//4363 3640//4363 
f 3652//4363 3648//4363 3646//4363 
f 3652//4363 3644//4363 3642//4363 
f 3652//4363 3650//4363 3648//4363 
f 3638//4363 3657//4363 3656//4363 
f 3646//4363 3644//4363 3652//4363 
f 3656//4363 3654//4363 3638//4363 
f 4260//4363 4052//4363 3852//4363 
f 3654//4363 3652//4363 3638//4363 
f 4052//4363 3850//4363 3852//4363 
f 4052//4363 3873//4363 3844//4363 
f 3902//4363 4050//4363 4049//4363 
f 3902//4363 4052//4363 4051//4363 
f 3900//4363 4048//4363 4047//4363 
f 4261//4363 4156//4363 4239//4363 
f 3640//4363 3638//4363 3652//4363 
f 4052//4363 4260//4363 4262//4363 
f 4052//4363 3848//4363 3850//4363 
f 4052//4363 3902//4363 3873//4363 
f 4051//4363 4050//4363 3902//4363 
f 3900//4363 4049//4363 4048//4363 
f 3862//4363 4263//4363 4264//4363 
f 3864//4363 4265//4363 4266//4363 
f 4267//4363 3854//4363 3856//4363 
f 4039//4363 4042//4363 4041//4363 
f 4156//4363 4240//4363 4239//4363 
f 4268//4363 4269//4363 4200//4363 
f 3636//4363 3658//4363 3657//4363 
f 3636//4363 3838//4363 3660//4363 
f 3852//4363 4270//4363 4260//4363 
f 4052//4363 3843//4363 3846//4363 
f 4049//4363 3900//4363 3902//4363 
f 4047//4363 3896//4363 3898//4363 
f 4047//4363 3892//4363 3894//4363 
f 4047//4363 3888//4363 3890//4363 
f 3862//4363 4271//4363 4263//4363 
f 4271//4363 3862//4363 3864//4363 
f 3856//4363 3858//4363 4267//4363 
f 4039//4363 4043//4363 4042//4363 
f 4239//4363 4272//4363 4273//4363 
f 4274//4363 4236//4363 4235//4363 
f 4269//4363 4275//4363 4201//4363 
f 4200//4363 4198//4363 4268//4363 
f 3660//4363 3658//4363 3636//4363 
f 3838//4363 3666//4363 3664//4363 
f 3852//4363 4267//4363 4270//4363 
f 3844//4363 3843//4363 4052//4363 
f 3894//4363 3896//4363 4047//4363 
f 4047//4363 3886//4363 3888//4363 
f 4047//4363 3875//4363 3878//4363 
f 4266//4363 4271//4363 3864//4363 
f 3858//4363 3860//4363 4267//4363 
f 3864//4363 4276//4363 4277//4363 
f 3864//4363 4278//4363 4279//4363 
f 4041//4363 4040//4363 4039//4363 
f 4156//4363 4241//4363 4240//4363 
f 4235//4363 4280//4363 4274//4363 
f 4198//4363 4196//4363 4268//4363 
f 4281//4363 4268//4363 4196//4363 
f 4282//4363 4190//4363 4188//4363 
f 4282//4363 4281//4363 4192//4363 
f 4108//4363 3592//4363 3590//4363 
f 4106//4363 3594//4363 3592//4363 
f 3838//4363 3662//4363 3660//4363 
f 3838//4363 3668//4363 3666//4363 
f 3670//4363 3838//4363 3810//4363 
f 3836//4363 3838//4363 3636//4363 
f 3810//4363 3682//4363 3680//4363 
f 4163//4363 4166//4363 4165//4363 
f 4163//4363 4168//4363 4167//4363 
f 4163//4363 4171//4363 4170//4363 
f 3846//4363 3848//4363 4052//4363 
f 3890//4363 3892//4363 4047//4363 
f 4047//4363 3882//4363 3884//4363 
f 3878//4363 3880//4363 4047//4363 
f 3860//4363 3862//4363 4267//4363 
f 4279//4363 4276//4363 3864//4363 
f 4039//4363 3876//4363 3875//4363 
f 4156//4363 4242//4363 4241//4363 
f 4283//4363 4237//4363 4236//4363 
f 4283//4363 4239//4363 4238//4363 
f 4284//4363 4234//4363 4233//4363 
f 4201//4363 4285//4363 4286//4363 
f 4201//4363 4287//4363 4288//4363 
f 4201//4363 4289//4363 4290//4363 
f 4201//4363 4200//4363 4269//4363 
f 4196//4363 4194//4363 4281//4363 
f 4192//4363 4190//4363 4282//4363 
f 4092//4363 4117//4363 3582//4363 
f 3592//4363 4108//4363 4106//4363 
f 4122//4363 3596//4363 3594//4363 
f 3664//4363 3662//4363 3838//4363 
f 3810//4363 3672//4363 3670//4363 
f 3836//4363 3632//4363 3630//4363 
f 3636//4363 3634//4363 3836//4363 
f 3810//4363 3676//4363 3674//4363 
f 3680//4363 3678//4363 3810//4363 
f 3810//4363 3688//4363 3686//4363 
f 4167//4363 4166//4363 4163//4363 
f 4170//4363 4169//4363 4163//4363 
f 4047//4363 3898//4363 3900//4363 
f 3880//4363 3882//4363 4047//4363 
f 4277//4363 4265//4363 3864//4363 
f 3866//4363 4157//4363 4278//4363 
f 4157//4363 4291//4363 4292//4363 
f 4039//4363 3875//4363 4043//4363 
f 4293//4363 4157//4363 4156//4363 
f 4239//4363 4283//4363 4272//4363 
f 4238//4363 4237//4363 4283//4363 
f 4233//4363 4294//4363 4284//4363 
f 4295//4363 4233//4363 4232//4363 
f 4286//4363 4202//4363 4201//4363 
f 4202//4363 4296//4363 4297//4363 
f 4201//4363 4298//4363 4287//4363 
f 4201//4363 4299//4363 4300//4363 
f 4275//4363 4289//4363 4201//4363 
f 4188//4363 4186//4363 4282//4363 
f 3578//4363 3465//4363 4089//4363 
f 3580//4363 4100//4363 4098//4363 
f 3580//4363 4094//4363 4092//4363 
f 4117//4363 4116//4363 3584//4363 
f 4114//4363 4112//4363 3588//4363 
f 4110//4363 3590//4363 3588//4363 
f 3594//4363 4106//4363 4122//4363 
f 3598//4363 3596//4363 4122//4363 
f 3670//4363 3668//4363 3838//4363 
f 3634//4363 3632//4363 3836//4363 
f 3678//4363 3676//4363 3810//4363 
f 3686//4363 3684//4363 3810//4363 
f 3834//4363 3836//4363 3626//4363 
f 4249//4363 4252//4363 4251//4363 
f 4247//4363 4175//4363 4058//4363 
f 4169//4363 4168//4363 4163//4363 
f 4163//4363 4175//4363 4174//4363 
f 4301//4363 4302//4363 4054//4363 
f 3884//4363 3886//4363 4047//4363 
f 4267//4363 3852//4363 3854//4363 
f 4157//4363 4303//4363 4278//4363 
f 4292//4363 4304//4363 4157//4363 
f 3875//4363 4044//4363 4043//4363 
f 4157//4363 4305//4363 4306//4363 
f 4156//4363 4261//4363 4293//4363 
f 4274//4363 4283//4363 4236//4363 
f 4280//4363 4235//4363 4234//4363 
f 4232//4363 4307//4363 4295//4363 
f 4297//4363 4232//4363 4202//4363 
f 4300//4363 4298//4363 4201//4363 
f 4194//4363 4192//4363 4281//4363 
f 4308//4363 4309//4363 4180//4363 
f 3573//4363 3562//4363 3343//4363 
f 3460//4363 3574//4363 3573//4363 
f 3459//4363 3576//4363 3574//4363 
f 3578//4363 3464//4363 3465//4363 
f 3580//4363 4102//4363 4100//4363 
f 3584//4363 3582//4363 4117//4363 
f 4116//4363 4114//4363 3586//4363 
f 3588//4363 4112//4363 4110//4363 
f 4122//4363 4120//4363 3598//4363 
f 3604//4363 3602//4363 4119//4363 
f 3608//4363 3606//4363 4125//4363 
f 3630//4363 3626//4363 3836//4363 
f 3684//4363 3682//4363 3810//4363 
f 3626//4363 3624//4363 3834//4363 
f 4249//4363 4253//4363 4252//4363 
f 4248//4363 4088//4363 4259//4363 
f 4175//4363 4060//4363 4058//4363 
f 4163//4363 4172//4363 4171//4363 
f 4174//4363 4173//4363 4163//4363 
f 4054//4363 4053//4363 4301//4363 
f 4310//4363 4301//4363 4053//4363 
f 4264//4363 4267//4363 3862//4363 
f 4304//4363 4303//4363 4157//4363 
f 3875//4363 4045//4363 4044//4363 
f 4157//4363 4311//4363 4305//4363 
f 4239//4363 4273//4363 4261//4363 
f 4295//4363 4294//4363 4233//4363 
f 4286//4363 4296//4363 4202//4363 
f 4290//4363 4299//4363 4201//4363 
f 4308//4363 4076//4363 4075//4363 
f 4180//4363 4178//4363 4308//4363 
f 3573//4363 3370//4363 3460//4363 
f 3574//4363 3460//4363 3459//4363 
f 3578//4363 3463//4363 3464//4363 
f 3578//4363 3576//4363 3462//4363 
f 4098//4363 4096//4363 3580//4363 
f 3580//4363 3578//4363 4103//4363 
f 3586//4363 3584//4363 4116//4363 
f 3590//4363 4110//4363 4108//4363 
f 3600//4363 3598//4363 4120//4363 
f 4125//4363 3606//4363 3604//4363 
f 4162//4363 3610//4363 3608//4363 
f 3674//4363 3672//4363 3810//4363 
f 3622//4363 3832//4363 3834//4363 
f 4251//4363 4250//4363 4249//4363 
f 4248//4363 4255//4363 4254//4363 
f 4248//4363 4257//4363 4256//4363 
f 4259//4363 4258//4363 4248//4363 
f 4058//4363 4057//4363 4247//4363 
f 4173//4363 4172//4363 4163//4363 
f 4054//4363 4312//4363 4313//4363 
f 4053//4363 4052//4363 4310//4363 
f 4278//4363 3864//4363 3866//4363 
f 3875//4363 4046//4363 4045//4363 
f 4157//4363 4314//4363 4315//4363 
f 4306//4363 4316//4363 4157//4363 
f 4284//4363 4280//4363 4234//4363 
f 4288//4363 4285//4363 4201//4363 
f 4317//4363 4282//4363 4186//4363 
f 4309//4363 4317//4363 4182//4363 
f 4178//4363 4076//4363 4308//4363 
f 3562//4363 3344//4363 3343//4363 
f 3459//4363 3461//4363 3576//4363 
f 3462//4363 3463//4363 3578//4363 
f 4103//4363 4102//4363 3580//4363 
f 3588//4363 3586//4363 4114//4363 
f 4119//4363 3602//4363 3600//4363 
f 4125//4363 4162//4363 3608//4363 
f 4162//4363 3614//4363 3612//4363 
f 3828//4363 3618//4363 3616//4363 
f 3624//4363 3622//4363 3834//4363 
f 3622//4363 3828//4363 3830//4363 
f 4254//4363 4253//4363 4248//4363 
f 4258//4363 4257//4363 4248//4363 
f 4175//4363 4061//4363 4060//4363 
f 4165//4363 4164//4363 4163//4363 
f 4302//4363 4312//4363 4054//4363 
f 3875//4363 4047//4363 4046//4363 
f 4315//4363 4318//4363 4157//4363 
f 4157//4363 4319//4363 4320//4363 
f 4316//4363 4321//4363 4157//4363 
f 4297//4363 4307//4363 4232//4363 
f 4186//4363 4184//4363 4317//4363 
f 4075//4363 4055//4363 4308//4363 
f 3461//4363 3462//4363 3576//4363 
f 4096//4363 4094//4363 3580//4363 
f 4120//4363 4119//4363 3600//4363 
f 3612//4363 3610//4363 4162//4363 
f 3616//4363 4162//4363 3828//4363 
f 3830//4363 3832//4363 3622//4363 
f 3355//4363 3110//4363 3109//4363 
f 3355//4363 3354//4363 3114//4363 
f 4256//4363 4255//4363 4248//4363 
f 4163//4363 4061//4363 4175//4363 
f 4262//4363 4310//4363 4052//4363 
f 4320//4363 4314//4363 4157//4363 
f 4293//4363 4311//4363 4157//4363 
f 4182//4363 4180//4363 4309//4363 
f 4162//4363 3824//4363 3826//4363 
f 4161//4363 3818//4363 3820//4363 
f 4089//4363 4103//4363 3578//4363 
f 4119//4363 4125//4363 3604//4363 
f 3828//4363 3620//4363 3618//4363 
f 3638//4363 3636//4363 3657//4363 
f 3109//4363 3108//4363 3355//4363 
f 3114//4363 3113//4363 3355//4363 
f 4249//4363 4248//4363 4253//4363 
f 4057//4363 4056//4363 4247//4363 
f 4055//4363 4054//4363 4322//4363 
f 4318//4363 4291//4363 4157//4363 
f 4184//4363 4182//4363 4317//4363 
f 4158//4363 3868//4363 3870//4363 
f 4160//4363 3811//4363 3814//4363 
f 4162//4363 3822//4363 3824//4363 
f 3820//4363 4162//4363 4161//4363 
f 3582//4363 3580//4363 4092//4363 
f 3622//4363 3620//4363 3828//4363 
f 3355//4363 3111//4363 3110//4363 
f 3113//4363 3112//4363 3355//4363 
f 4056//4363 4088//4363 4247//4363 
f 4151//4363 4175//4363 4247//4363 
f 4242//4363 4154//4363 4153//4363 
f 4242//4363 4156//4363 4155//4363 
f 4322//4363 4323//4363 4055//4363 
f 4321//4363 4319//4363 4157//4363 
f 3870//4363 3841//4363 4158//4363 
f 4157//4363 3866//4363 3868//4363 
f 4160//4363 3816//4363 3818//4363 
f 4160//4363 3812//4363 3811//4363 
f 3820//4363 3822//4363 4162//4363 
f 3616//4363 3614//4363 4162//4363 
f 3354//4363 3353//4363 3572//4363 
f 3355//4363 3107//4363 3106//4363 
f 3112//4363 3111//4363 3355//4363 
f 3030//4363 2939//4363 2938//4363 
f 4247//4363 4246//4363 4151//4363 
f 4155//4363 4154//4363 4242//4363 
f 4313//4363 4322//4363 4054//4363 
f 3868//4363 4158//4363 4157//4363 
f 3814//4363 3816//4363 4160//4363 
f 3343//4363 3370//4363 3573//4363 
f 3351//4363 3350//4363 3568//4363 
f 3352//4363 3351//4363 3570//4363 
f 3572//4363 3114//4363 3354//4363 
f 3108//4363 3107//4363 3355//4363 
f 3030//4363 2940//4363 2939//4363 
f 3356//4363 3355//4363 3105//4363 
f 4152//4363 4245//4363 4244//4363 
f 4248//4363 4247//4363 4088//4363 
f 4323//4363 4308//4363 4055//4363 
f 3812//4363 4159//4363 4158//4363 
f 3826//4363 3828//4363 4162//4363 
f 3570//4363 3572//4363 3352//4363 
f 3106//4363 3105//4363 3355//4363 
f 2937//4363 3104//4363 3030//4363 
f 3105//4363 2937//4363 3356//4363 
f 2937//4363 3358//4363 3357//4363 
f 3358//4363 2937//4363 2936//4363 
f 2936//4363 3362//4363 3361//4363 
f 4244//4363 4243//4363 4152//4363 
f 4245//4363 4152//4363 4151//4363 
f 3841//4363 3812//4363 4158//4363 
f 3818//4363 4161//4363 4160//4363 
f 3353//4363 3352//4363 3572//4363 
f 3105//4363 3104//4363 2937//4363 
f 2936//4363 3359//4363 3358//4363 
f 3361//4363 3360//4363 2936//4363 
f 4246//4363 4245//4363 4151//4363 
f 4160//4363 4159//4363 3812//4363 
f 3349//4363 3348//4363 3566//4363 
f 2938//4363 2937//4363 3030//4363 
f 3360//4363 3359//4363 2936//4363 
f 4153//4363 4152//4363 4242//4363 
f 3562//4363 3564//4363 3345//4363 
f 3564//4363 3566//4363 3347//4363 
f 3568//4363 3350//4363 3349//4363 
f 3357//4363 3356//4363 2937//4363 
f 3345//4363 3344//4363 3562//4363 
f 3566//4363 3348//4363 3347//4363 
f 3568//4363 3570//4363 3351//4363 
f 2935//4363 3363//4363 3362//4363 
f 2935//4363 3365//4363 3364//4363 
f 3237//4363 2934//4363 2933//4363 
f 3564//4363 3346//4363 3345//4363 
f 3566//4363 3568//4363 3349//4363 
f 3364//4363 3363//4363 2935//4363 
f 2935//4363 3367//4363 3366//4363 
f 3237//4363 2935//4363 2934//4363 
f 3347//4363 3346//4363 3564//4363 
f 3366//4363 3365//4363 2935//4363 
f 2933//4363 2932//4363 3237//4363 
f 3362//4363 2936//4363 2935//4363 
f 2932//4363 2951//4363 3237//4363 
f 3237//4363 3367//4363 2935//4363 
f 4243//4363 4242//4363 4152//4363 
o mesh122
f 4316//4362 4324//4362 4325//4364 
f 4321//4364 4325//4364 4326//4365 
f 4319//4365 4326//4365 4327//4366 
f 4320//4366 4327//4366 4328//4367 
f 4314//4367 4328//4367 4329//4368 
f 4315//4368 4329//4368 4330//4369 
f 4318//4369 4330//4369 4331//4370 
f 4291//4370 4331//4370 4332//4371 
f 4292//4371 4332//4371 4333//4372 
f 4304//4372 4333//4372 4334//4373 
f 4303//4373 4334//4373 4335//4374 
f 4278//4374 4335//4374 4336//4375 
f 4279//4375 4336//4375 4337//4376 
f 4276//4376 4337//4376 4338//4377 
f 4277//4377 4338//4377 4339//4378 
f 4339//4378 4265//4378 4277//4377 
f 4338//4377 4277//4377 4276//4376 
f 4337//4376 4276//4376 4279//4375 
f 4336//4375 4279//4375 4278//4374 
f 4335//4374 4278//4374 4303//4373 
f 4334//4373 4303//4373 4304//4372 
f 4333//4372 4304//4372 4292//4371 
f 4332//4371 4292//4371 4291//4370 
f 4331//4370 4291//4370 4318//4369 
f 4330//4369 4318//4369 4315//4368 
f 4329//4368 4315//4368 4314//4367 
f 4328//4367 4314//4367 4320//4366 
f 4327//4366 4320//4366 4319//4365 
f 4326//4365 4319//4365 4321//4364 
f 4325//4364 4321//4364 4316//4362 
o mesh123
f 4336//4379 4332//4379 4331//4379 
f 4336//4379 4335//4379 4334//4379 
f 4331//4379 4330//4379 4336//4379 
f 4334//4379 4333//4379 4336//4379 
f 4340//4379 4341//4379 4342//4379 
f 4343//4379 4344//4379 4345//4379 
f 4346//4379 4347//4379 4348//4379 
f 4346//4379 4349//4379 4350//4379 
f 4333//4379 4332//4379 4336//4379 
f 4329//4379 4338//4379 4337//4379 
f 4340//4379 4343//4379 4341//4379 
f 4343//4379 4340//4379 4344//4379 
f 4351//4379 4352//4379 4353//4379 
f 4348//4379 4354//4379 4346//4379 
f 4346//4379 4355//4379 4356//4379 
f 4346//4379 4357//4379 4349//4379 
f 4346//4379 4358//4379 4359//4379 
f 4337//4379 4336//4379 4329//4379 
f 4345//4379 4360//4379 4343//4379 
f 4351//4379 4361//4379 4352//4379 
f 4362//4379 4363//4379 4364//4379 
f 4362//4379 4365//4379 4366//4379 
f 4365//4379 4362//4379 4367//4379 
f 4356//4379 4347//4379 4346//4379 
f 4359//4379 4357//4379 4346//4379 
f 4339//4379 4329//4379 4328//4379 
f 4329//4379 4339//4379 4338//4379 
f 4353//4379 4340//4379 4351//4379 
f 4351//4379 4368//4379 4369//4379 
f 4351//4379 4370//4379 4371//4379 
f 4364//4379 4372//4379 4362//4379 
f 4367//4379 4373//4379 4365//4379 
f 4350//4379 4355//4379 4346//4379 
f 4339//4379 4327//4379 4326//4379 
f 4330//4379 4329//4379 4336//4379 
f 4369//4379 4361//4379 4351//4379 
f 4351//4379 4374//4379 4370//4379 
f 4362//4379 4375//4379 4376//4379 
f 4366//4379 4363//4379 4362//4379 
f 4354//4379 4377//4379 4346//4379 
f 4378//4379 4379//4379 4380//4379 
f 4328//4379 4327//4379 4339//4379 
f 4324//4379 4374//4379 4351//4379 
f 4371//4379 4368//4379 4351//4379 
f 4381//4379 4382//4379 4383//4379 
f 4372//4379 4375//4379 4362//4379 
f 4382//4379 4381//4379 4384//4379 
f 4380//4379 4358//4379 4378//4379 
f 4326//4379 4325//4379 4339//4379 
f 4342//4379 4351//4379 4340//4379 
f 4383//4379 4385//4379 4381//4379 
f 4384//4379 4362//4379 4382//4379 
f 4386//4379 4387//4379 4378//4379 
f 4378//4379 4387//4379 4379//4379 
f 4351//4379 4339//4379 4324//4379 
f 4386//4379 4374//4379 4324//4379 
f 4376//4379 4382//4379 4362//4379 
f 4346//4379 4378//4379 4358//4379 
f 4324//4379 4387//4379 4386//4379 
f 4378//4379 4381//4379 4386//4379 
f 4385//4379 4386//4379 4381//4379 
f 4325//4379 4324//4379 4339//4379 
o mesh124
f 4266//4378 4351//4378 4342//4380 
f 4271//4380 4342//4380 4341//4381 
f 4263//4381 4341//4381 4343//4382 
f 4264//4382 4343//4382 4360//4383 
f 4267//4383 4360//4383 4345//4384 
f 4270//4384 4345//4384 4344//4385 
f 4260//4385 4344//4385 4340//4386 
f 4262//4386 4340//4386 4353//4387 
f 4310//4387 4353//4387 4352//4388 
f 4301//4388 4352//4388 4361//4389 
f 4302//4389 4361//4389 4369//4390 
f 4312//4390 4369//4390 4368//4391 
f 4313//4391 4368//4391 4371//4392 
f 4322//4392 4371//4392 4370//4393 
f 4323//4393 4370//4393 4374//4394 
f 4374//4394 4308//4394 4323//4393 
f 4370//4393 4323//4393 4322//4392 
f 4371//4392 4322//4392 4313//4391 
f 4368//4391 4313//4391 4312//4390 
f 4369//4390 4312//4390 4302//4389 
f 4361//4389 4302//4389 4301//4388 
f 4352//4388 4301//4388 4310//4387 
f 4353//4387 4310//4387 4262//4386 
f 4340//4386 4262//4386 4260//4385 
f 4344//4385 4260//4385 4270//4384 
f 4345//4384 4270//4384 4267//4383 
f 4360//4383 4267//4383 4264//4382 
f 4343//4382 4264//4382 4263//4381 
f 4341//4381 4263//4381 4271//4380 
f 4342//4380 4271//4380 4266//4378 
o mesh125
f 4309//4394 4386//4394 4385//4395 
f 4317//4395 4385//4395 4383//4396 
f 4282//4396 4383//4396 4382//4397 
f 4281//4397 4382//4397 4376//4398 
f 4268//4398 4376//4398 4375//4399 
f 4269//4399 4375//4399 4372//4400 
f 4275//4400 4372//4400 4364//4401 
f 4289//4401 4364//4401 4363//4402 
f 4290//4402 4363//4402 4366//4403 
f 4299//4403 4366//4403 4365//4404 
f 4300//4404 4365//4404 4373//4405 
f 4298//4405 4373//4405 4367//4406 
f 4287//4406 4367//4406 4362//4407 
f 4288//4407 4362//4407 4384//4408 
f 4285//4408 4384//4408 4381//4409 
f 4381//4409 4286//4409 4285//4408 
f 4384//4408 4285//4408 4288//4407 
f 4362//4407 4288//4407 4287//4406 
f 4367//4406 4287//4406 4298//4405 
f 4373//4405 4298//4405 4300//4404 
f 4365//4404 4300//4404 4299//4403 
f 4366//4403 4299//4403 4290//4402 
f 4363//4402 4290//4402 4289//4401 
f 4364//4401 4289//4401 4275//4400 
f 4372//4400 4275//4400 4269//4399 
f 4375//4399 4269//4399 4268//4398 
f 4376//4398 4268//4398 4281//4397 
f 4382//4397 4281//4397 4282//4396 
f 4383//4396 4282//4396 4317//4395 
f 4385//4395 4317//4395 4309//4394 
o mesh126
f 4296//4409 4378//4409 4346//4410 
f 4297//4410 4346//4410 4377//4411 
f 4307//4411 4377//4411 4354//4412 
f 4295//4412 4354//4412 4348//4413 
f 4294//4413 4348//4413 4347//4414 
f 4284//4414 4347//4414 4356//4415 
f 4280//4415 4356//4415 4355//4416 
f 4274//4416 4355//4416 4350//4417 
f 4283//4417 4350//4417 4349//4418 
f 4272//4418 4349//4418 4357//4419 
f 4273//4419 4357//4419 4359//4420 
f 4261//4420 4359//4420 4358//4421 
f 4293//4421 4358//4421 4380//4422 
f 4311//4422 4380//4422 4379//4423 
f 4305//4423 4379//4423 4387//4424 
f 4387//4424 4306//4424 4305//4423 
f 4379//4423 4305//4423 4311//4422 
f 4380//4422 4311//4422 4293//4421 
f 4358//4421 4293//4421 4261//4420 
f 4359//4420 4261//4420 4273//4419 
f 4357//4419 4273//4419 4272//4418 
f 4349//4418 4272//4418 4283//4417 
f 4350//4417 4283//4417 4274//4416 
f 4355//4416 4274//4416 4280//4415 
f 4356//4415 4280//4415 4284//4414 
f 4347//4414 4284//4414 4294//4413 
f 4348//4413 4294//4413 4295//4412 
f 4354//4412 4295//4412 4307//4411 
f 4377//4411 4307//4411 4297//4410 
f 4346//4410 4297//4410 4296//4409 
o mesh127
f 4286//4425 4381//4425 4378//4425 
f 4378//4425 4296//4425 4286//4425 
o mesh128
f 4387//4424 4324//4424 4316//4424 
f 4316//4424 4306//4424 4387//4424 
o mesh129
f 4265//4426 4339//4426 4351//4426 
f 4351//4426 4266//4426 4265//4426 
o mesh130
f 4308//4427 4374//4427 4386//4427 
f 4386//4427 4309//4427 4308//4427 
