timestamp,participant_id,condition,event_type,modality,step_id,step_title,step_state,step_attempt,step_event_index,tool_id,tool_name,part_elapsed_s,step_elapsed_s,head_translation_m,head_rotation_deg,left_hand_translation_m,right_hand_translation_m,total_hand_translation_m,left_hover_time_s,right_hover_time_s,any_hover_time_s,hover_time_percent,left_hover_episodes,right_hover_episodes,left_hover_translation_m,right_hover_translation_m,total_hover_translation_m,correct,transcript,vlm_prediction,vlm_raw,graph_decision,spoken_response,state_json
2026-09-04T17:26:20.017-04:00,apoorva,gesture,step_started,keyboard,r2_bearing_right,Row 2.1: bearing into right stand,ready,1,1,,,,,,,,,,,,,,,,,,,,,,,,,"{""acquired_tool_ids"": [], ""acquisition_complete"": false, ""completed_steps"": [], ""head_rotation_deg"": null, ""head_translation_m"": null, ""left_hand_translation_m"": null, ""removed_tool_ids"": [], ""right_hand_translation_m"": null, ""selected_step"": ""r2_bearing_right"", ""step_attempt"": 1, ""step_elapsed_s"": 4.200905095785856e-05, ""step_event_index"": 1, ""total_hand_translation_m"": null, ""trial_finished_elapsed_s"": null, ""trial_recording"": true, ""trial_required_tool_ids"": [21, 34]}"
2026-09-04T17:26:22.208-04:00,apoorva,gesture,hover,hover,r2_bearing_right,Row 2.1: bearing into right stand,ready,1,2,26,GEAR_ROW1_LEFT,,,,,,,,,,,,,,,,,,,,,,,"{""acquired_tool_ids"": [], ""acquisition_complete"": false, ""completed_steps"": [], ""head_rotation_deg"": null, ""head_translation_m"": null, ""left_hand_translation_m"": null, ""removed_tool_ids"": [], ""right_hand_translation_m"": null, ""selected_step"": ""r2_bearing_right"", ""step_attempt"": 1, ""step_elapsed_s"": 2.1914606069913134, ""step_event_index"": 2, ""total_hand_translation_m"": null, ""trial_finished_elapsed_s"": null, ""trial_recording"": true, ""trial_required_tool_ids"": [21, 34]}"
2026-09-04T17:26:22.225-04:00,apoorva,gesture,tts_queued,lifecycle,r2_bearing_right,Row 2.1: bearing into right stand,ready,1,3,,,,2.207756,,,,,,,,,,,,,,,,Row 1 left gear,,,replace_hover,,"{""acquired_tool_ids"": [], ""acquisition_complete"": false, ""completed_steps"": [], ""head_rotation_deg"": null, ""head_translation_m"": null, ""left_hand_translation_m"": null, ""removed_tool_ids"": [], ""right_hand_translation_m"": null, ""selected_step"": ""r2_bearing_right"", ""step_attempt"": 1, ""step_elapsed_s"": 2.2077704700641334, ""step_event_index"": 3, ""total_hand_translation_m"": null, ""trial_finished_elapsed_s"": null, ""trial_recording"": true, ""trial_required_tool_ids"": [21, 34]}"
2026-09-04T17:26:22.253-04:00,apoorva,gesture,tts_started,lifecycle,r2_bearing_right,Row 2.1: bearing into right stand,ready,1,4,,,,2.236163,,,,,,,,,,,,,,,,Row 1 left gear,,,,,"{""acquired_tool_ids"": [], ""acquisition_complete"": false, ""completed_steps"": [], ""head_rotation_deg"": null, ""head_translation_m"": null, ""left_hand_translation_m"": null, ""removed_tool_ids"": [], ""right_hand_translation_m"": null, ""selected_step"": ""r2_bearing_right"", ""step_attempt"": 1, ""step_elapsed_s"": 2.2361772070871666, ""step_event_index"": 4, ""total_hand_translation_m"": null, ""trial_finished_elapsed_s"": null, ""trial_recording"": true, ""trial_required_tool_ids"": [21, 34]}"
2026-09-04T17:26:22.454-04:00,apoorva,gesture,hover,hover,r2_bearing_right,Row 2.1: bearing into right stand,ready,1,5,31,GEAR_ROW4_LEFT,,,,,,,,,,,,,,,,,,,,,,,"{""acquired_tool_ids"": [], ""acquisition_complete"": false, ""completed_steps"": [], ""head_rotation_deg"": null, ""head_translation_m"": null, ""left_hand_translation_m"": null, ""removed_tool_ids"": [], ""right_hand_translation_m"": null, ""selected_step"": ""r2_bearing_right"", ""step_attempt"": 1, ""step_elapsed_s"": 2.437502170098014, ""step_event_index"": 5, ""total_hand_translation_m"": null, ""trial_finished_elapsed_s"": null, ""trial_recording"": true, ""trial_required_tool_ids"": [21, 34]}"
2026-09-04T17:26:22.482-04:00,apoorva,gesture,tts_queued,lifecycle,r2_bearing_right,Row 2.1: bearing into right stand,ready,1,6,,,,2.465353,,,,,,,,,,,,,,,,Row 4 left gear,,,replace_hover,,"{""acquired_tool_ids"": [], ""acquisition_complete"": false, ""completed_steps"": [], ""head_rotation_deg"": null, ""head_translation_m"": null, ""left_hand_translation_m"": null, ""removed_tool_ids"": [], ""right_hand_translation_m"": null, ""selected_step"": ""r2_bearing_right"", ""step_attempt"": 1, ""step_elapsed_s"": 2.4653632470872253, ""step_event_index"": 6, ""total_hand_translation_m"": null, ""trial_finished_elapsed_s"": null, ""trial_recording"": true, ""trial_required_tool_ids"": [21, 34]}"
2026-09-04T17:26:22.527-04:00,apoorva,gesture,tts_finished,lifecycle,r2_bearing_right,Row 2.1: bearing into right stand,ready,1,7,,,,2.510269,,,,,,,,,,,,,,,,Row 1 left gear,,,,,"{""acquired_tool_ids"": [], ""acquisition_complete"": false, ""completed_steps"": [], ""head_rotation_deg"": null, ""head_translation_m"": null, ""left_hand_translation_m"": null, ""removed_tool_ids"": [], ""right_hand_translation_m"": null, ""selected_step"": ""r2_bearing_right"", ""step_attempt"": 1, ""step_elapsed_s"": 2.510281412047334, ""step_event_index"": 7, ""total_hand_translation_m"": null, ""trial_finished_elapsed_s"": null, ""trial_recording"": true, ""trial_required_tool_ids"": [21, 34]}"
2026-09-04T17:26:22.556-04:00,apoorva,gesture,tts_started,lifecycle,r2_bearing_right,Row 2.1: bearing into right stand,ready,1,8,,,,2.539460,,,,,,,,,,,,,,,,Row 4 left gear,,,,,"{""acquired_tool_ids"": [], ""acquisition_complete"": false, ""completed_steps"": [], ""head_rotation_deg"": null, ""head_translation_m"": null, ""left_hand_translation_m"": null, ""removed_tool_ids"": [], ""right_hand_translation_m"": null, ""selected_step"": ""r2_bearing_right"", ""step_attempt"": 1, ""step_elapsed_s"": 2.5394723099889234, ""step_event_index"": 8, ""total_hand_translation_m"": null, ""trial_finished_elapsed_s"": null, ""trial_recording"": true, ""trial_required_tool_ids"": [21, 34]}"
2026-09-04T17:26:22.610-04:00,apoorva,gesture,hover,hover,r2_bearing_right,Row 2.1: bearing into right stand,ready,1,9,33,PINS,,,,,,,,,,,,,,,,,,,,,,,"{""acquired_tool_ids"": [], ""acquisition_complete"": false, ""completed_steps"": [], ""head_rotation_deg"": null, ""head_translation_m"": null, ""left_hand_translation_m"": null, ""removed_tool_ids"": [], ""right_hand_translation_m"": null, ""selected_step"": ""r2_bearing_right"", ""step_attempt"": 1, ""step_elapsed_s"": 2.5932345000328496, ""step_event_index"": 9, ""total_hand_translation_m"": null, ""trial_finished_elapsed_s"": null, ""trial_recording"": true, ""trial_required_tool_ids"": [21, 34]}"
2026-09-04T17:26:22.635-04:00,apoorva,gesture,tts_queued,lifecycle,r2_bearing_right,Row 2.1: bearing into right stand,ready,1,10,,,,2.618077,,,,,,,,,,,,,,,,pin,,,replace_hover,,"{""acquired_tool_ids"": [], ""acquisition_complete"": false, ""completed_steps"": [], ""head_rotation_deg"": null, ""head_translation_m"": null, ""left_hand_translation_m"": null, ""removed_tool_ids"": [], ""right_hand_translation_m"": null, ""selected_step"": ""r2_bearing_right"", ""step_attempt"": 1, ""step_elapsed_s"": 2.6180897910380736, ""step_event_index"": 10, ""total_hand_translation_m"": null, ""trial_finished_elapsed_s"": null, ""trial_recording"": true, ""trial_required_tool_ids"": [21, 34]}"
2026-09-04T17:26:22.673-04:00,apoorva,gesture,tts_finished,lifecycle,r2_bearing_right,Row 2.1: bearing into right stand,ready,1,11,,,,2.656047,,,,,,,,,,,,,,,,Row 4 left gear,,,,,"{""acquired_tool_ids"": [], ""acquisition_complete"": false, ""completed_steps"": [], ""head_rotation_deg"": null, ""head_translation_m"": null, ""left_hand_translation_m"": null, ""removed_tool_ids"": [], ""right_hand_translation_m"": null, ""selected_step"": ""r2_bearing_right"", ""step_attempt"": 1, ""step_elapsed_s"": 2.6560626660939306, ""step_event_index"": 11, ""total_hand_translation_m"": null, ""trial_finished_elapsed_s"": null, ""trial_recording"": true, ""trial_required_tool_ids"": [21, 34]}"
2026-09-04T17:26:22.697-04:00,apoorva,gesture,tts_started,lifecycle,r2_bearing_right,Row 2.1: bearing into right stand,ready,1,12,,,,2.680482,,,,,,,,,,,,,,,,pin,,,,,"{""acquired_tool_ids"": [], ""acquisition_complete"": false, ""completed_steps"": [], ""head_rotation_deg"": null, ""head_translation_m"": null, ""left_hand_translation_m"": null, ""removed_tool_ids"": [], ""right_hand_translation_m"": null, ""selected_step"": ""r2_bearing_right"", ""step_attempt"": 1, ""step_elapsed_s"": 2.6804932981031016, ""step_event_index"": 12, ""total_hand_translation_m"": null, ""trial_finished_elapsed_s"": null, ""trial_recording"": true, ""trial_required_tool_ids"": [21, 34]}"
2026-09-04T17:26:22.925-04:00,apoorva,gesture,hover,hover,r2_bearing_right,Row 2.1: bearing into right stand,ready,1,13,31,GEAR_ROW4_LEFT,,,,,,,,,,,,,,,,,,,,,,,"{""acquired_tool_ids"": [], ""acquisition_complete"": false, ""completed_steps"": [], ""head_rotation_deg"": null, ""head_translation_m"": null, ""left_hand_translation_m"": null, ""removed_tool_ids"": [], ""right_hand_translation_m"": null, ""selected_step"": ""r2_bearing_right"", ""step_attempt"": 1, ""step_elapsed_s"": 2.907644627033733, ""step_event_index"": 13, ""total_hand_translation_m"": null, ""trial_finished_elapsed_s"": null, ""trial_recording"": true, ""trial_required_tool_ids"": [21, 34]}"
2026-09-04T17:26:22.951-04:00,apoorva,gesture,tts_queued,lifecycle,r2_bearing_right,Row 2.1: bearing into right stand,ready,1,14,,,,2.934086,,,,,,,,,,,,,,,,Row 4 left gear,,,replace_hover,,"{""acquired_tool_ids"": [], ""acquisition_complete"": false, ""completed_steps"": [], ""head_rotation_deg"": null, ""head_translation_m"": null, ""left_hand_translation_m"": null, ""removed_tool_ids"": [], ""right_hand_translation_m"": null, ""selected_step"": ""r2_bearing_right"", ""step_attempt"": 1, ""step_elapsed_s"": 2.934098953031935, ""step_event_index"": 14, ""total_hand_translation_m"": null, ""trial_finished_elapsed_s"": null, ""trial_recording"": true, ""trial_required_tool_ids"": [21, 34]}"
2026-09-04T17:26:23.000-04:00,apoorva,gesture,tts_finished,lifecycle,r2_bearing_right,Row 2.1: bearing into right stand,ready,1,15,,,,2.983045,,,,,,,,,,,,,,,,pin,,,,,"{""acquired_tool_ids"": [], ""acquisition_complete"": false, ""completed_steps"": [], ""head_rotation_deg"": null, ""head_translation_m"": null, ""left_hand_translation_m"": null, ""removed_tool_ids"": [], ""right_hand_translation_m"": null, ""selected_step"": ""r2_bearing_right"", ""step_attempt"": 1, ""step_elapsed_s"": 2.983060735045001, ""step_event_index"": 15, ""total_hand_translation_m"": null, ""trial_finished_elapsed_s"": null, ""trial_recording"": true, ""trial_required_tool_ids"": [21, 34]}"
2026-09-04T17:26:23.021-04:00,apoorva,gesture,tts_started,lifecycle,r2_bearing_right,Row 2.1: bearing into right stand,ready,1,16,,,,3.004326,,,,,,,,,,,,,,,,Row 4 left gear,,,,,"{""acquired_tool_ids"": [], ""acquisition_complete"": false, ""completed_steps"": [], ""head_rotation_deg"": null, ""head_translation_m"": null, ""left_hand_translation_m"": null, ""removed_tool_ids"": [], ""right_hand_translation_m"": null, ""selected_step"": ""r2_bearing_right"", ""step_attempt"": 1, ""step_elapsed_s"": 3.0043398340931162, ""step_event_index"": 16, ""total_hand_translation_m"": null, ""trial_finished_elapsed_s"": null, ""trial_recording"": true, ""trial_required_tool_ids"": [21, 34]}"
2026-09-04T17:26:23.530-04:00,apoorva,gesture,hover,hover,r2_bearing_right,Row 2.1: bearing into right stand,ready,1,17,25,GEAR_STAND_ROW4_RIGHT,,,,,,,,,,,,,,,,,,,,,,,"{""acquired_tool_ids"": [], ""acquisition_complete"": false, ""completed_steps"": [], ""head_rotation_deg"": null, ""head_translation_m"": null, ""left_hand_translation_m"": null, ""removed_tool_ids"": [], ""right_hand_translation_m"": null, ""selected_step"": ""r2_bearing_right"", ""step_attempt"": 1, ""step_elapsed_s"": 3.512598450994119, ""step_event_index"": 17, ""total_hand_translation_m"": null, ""trial_finished_elapsed_s"": null, ""trial_recording"": true, ""trial_required_tool_ids"": [21, 34]}"
2026-09-04T17:26:23.561-04:00,apoorva,gesture,tts_queued,lifecycle,r2_bearing_right,Row 2.1: bearing into right stand,ready,1,18,,,,3.544400,,,,,,,,,,,,,,,,Row 4 right stand,,,replace_hover,,"{""acquired_tool_ids"": [], ""acquisition_complete"": false, ""completed_steps"": [], ""head_rotation_deg"": null, ""head_translation_m"": null, ""left_hand_translation_m"": null, ""removed_tool_ids"": [], ""right_hand_translation_m"": null, ""selected_step"": ""r2_bearing_right"", ""step_attempt"": 1, ""step_elapsed_s"": 3.5444133090786636, ""step_event_index"": 18, ""total_hand_translation_m"": null, ""trial_finished_elapsed_s"": null, ""trial_recording"": true, ""trial_required_tool_ids"": [21, 34]}"
2026-09-04T17:26:23.600-04:00,apoorva,gesture,tts_finished,lifecycle,r2_bearing_right,Row 2.1: bearing into right stand,ready,1,19,,,,3.582964,,,,,,,,,,,,,,,,Row 4 left gear,,,,,"{""acquired_tool_ids"": [], ""acquisition_complete"": false, ""completed_steps"": [], ""head_rotation_deg"": null, ""head_translation_m"": null, ""left_hand_translation_m"": null, ""removed_tool_ids"": [], ""right_hand_translation_m"": null, ""selected_step"": ""r2_bearing_right"", ""step_attempt"": 1, ""step_elapsed_s"": 3.5829749010736123, ""step_event_index"": 19, ""total_hand_translation_m"": null, ""trial_finished_elapsed_s"": null, ""trial_recording"": true, ""trial_required_tool_ids"": [21, 34]}"
2026-09-04T17:26:23.619-04:00,apoorva,gesture,tts_started,lifecycle,r2_bearing_right,Row 2.1: bearing into right stand,ready,1,20,,,,3.601723,,,,,,,,,,,,,,,,Row 4 right stand,,,,,"{""acquired_tool_ids"": [], ""acquisition_complete"": false, ""completed_steps"": [], ""head_rotation_deg"": null, ""head_translation_m"": null, ""left_hand_translation_m"": null, ""removed_tool_ids"": [], ""right_hand_translation_m"": null, ""selected_step"": ""r2_bearing_right"", ""step_attempt"": 1, ""step_elapsed_s"": 3.601732926093973, ""step_event_index"": 20, ""total_hand_translation_m"": null, ""trial_finished_elapsed_s"": null, ""trial_recording"": true, ""trial_required_tool_ids"": [21, 34]}"
2026-09-04T17:26:25.203-04:00,apoorva,gesture,tts_finished,lifecycle,r2_bearing_right,Row 2.1: bearing into right stand,ready,1,21,,,,5.186252,,,,,,,,,,,,,,,,Row 4 right stand,,,,,"{""acquired_tool_ids"": [], ""acquisition_complete"": false, ""completed_steps"": [], ""head_rotation_deg"": null, ""head_translation_m"": null, ""left_hand_translation_m"": null, ""removed_tool_ids"": [], ""right_hand_translation_m"": null, ""selected_step"": ""r2_bearing_right"", ""step_attempt"": 1, ""step_elapsed_s"": 5.186263570096344, ""step_event_index"": 21, ""total_hand_translation_m"": null, ""trial_finished_elapsed_s"": null, ""trial_recording"": true, ""trial_required_tool_ids"": [21, 34]}"
2026-09-04T17:26:25.753-04:00,apoorva,gesture,hover,hover,r2_bearing_right,Row 2.1: bearing into right stand,ready,1,22,23,GEAR_STAND_ROW3_RIGHT,,,,,,,,,,,,,,,,,,,,,,,"{""acquired_tool_ids"": [], ""acquisition_complete"": false, ""completed_steps"": [], ""head_rotation_deg"": null, ""head_translation_m"": null, ""left_hand_translation_m"": null, ""removed_tool_ids"": [], ""right_hand_translation_m"": null, ""selected_step"": ""r2_bearing_right"", ""step_attempt"": 1, ""step_elapsed_s"": 5.73578811401967, ""step_event_index"": 22, ""total_hand_translation_m"": null, ""trial_finished_elapsed_s"": null, ""trial_recording"": true, ""trial_required_tool_ids"": [21, 34]}"
2026-09-04T17:26:25.766-04:00,apoorva,gesture,tts_queued,lifecycle,r2_bearing_right,Row 2.1: bearing into right stand,ready,1,23,,,,5.749191,,,,,,,,,,,,,,,,Row 3 right stand,,,replace_hover,,"{""acquired_tool_ids"": [], ""acquisition_complete"": false, ""completed_steps"": [], ""head_rotation_deg"": null, ""head_translation_m"": null, ""left_hand_translation_m"": null, ""removed_tool_ids"": [], ""right_hand_translation_m"": null, ""selected_step"": ""r2_bearing_right"", ""step_attempt"": 1, ""step_elapsed_s"": 5.749201514991, ""step_event_index"": 23, ""total_hand_translation_m"": null, ""trial_finished_elapsed_s"": null, ""trial_recording"": true, ""trial_required_tool_ids"": [21, 34]}"
2026-09-04T17:26:25.801-04:00,apoorva,gesture,tts_started,lifecycle,r2_bearing_right,Row 2.1: bearing into right stand,ready,1,24,,,,5.784106,,,,,,,,,,,,,,,,Row 3 right stand,,,,,"{""acquired_tool_ids"": [], ""acquisition_complete"": false, ""completed_steps"": [], ""head_rotation_deg"": null, ""head_translation_m"": null, ""left_hand_translation_m"": null, ""removed_tool_ids"": [], ""right_hand_translation_m"": null, ""selected_step"": ""r2_bearing_right"", ""step_attempt"": 1, ""step_elapsed_s"": 5.784118364099413, ""step_event_index"": 24, ""total_hand_translation_m"": null, ""trial_finished_elapsed_s"": null, ""trial_recording"": true, ""trial_required_tool_ids"": [21, 34]}"
2026-09-04T17:26:26.978-04:00,apoorva,gesture,hover,hover,r2_bearing_right,Row 2.1: bearing into right stand,ready,1,25,21,GEAR_STAND_ROW2_RIGHT,,,,,,,,,,,,,,,,,,,,,,,"{""acquired_tool_ids"": [], ""acquisition_complete"": false, ""completed_steps"": [], ""head_rotation_deg"": null, ""head_translation_m"": null, ""left_hand_translation_m"": null, ""removed_tool_ids"": [], ""right_hand_translation_m"": null, ""selected_step"": ""r2_bearing_right"", ""step_attempt"": 1, ""step_elapsed_s"": 6.961317499051802, ""step_event_index"": 25, ""total_hand_translation_m"": null, ""trial_finished_elapsed_s"": null, ""trial_recording"": true, ""trial_required_tool_ids"": [21, 34]}"
2026-09-04T17:26:27.031-04:00,apoorva,gesture,tts_queued,lifecycle,r2_bearing_right,Row 2.1: bearing into right stand,ready,1,26,,,,7.013698,,,,,,,,,,,,,,,,Row 2 right stand,,,replace_hover,,"{""acquired_tool_ids"": [], ""acquisition_complete"": false, ""completed_steps"": [], ""head_rotation_deg"": null, ""head_translation_m"": null, ""left_hand_translation_m"": null, ""removed_tool_ids"": [], ""right_hand_translation_m"": null, ""selected_step"": ""r2_bearing_right"", ""step_attempt"": 1, ""step_elapsed_s"": 7.013710419996642, ""step_event_index"": 26, ""total_hand_translation_m"": null, ""trial_finished_elapsed_s"": null, ""trial_recording"": true, ""trial_required_tool_ids"": [21, 34]}"
2026-09-04T17:26:27.087-04:00,apoorva,gesture,tts_finished,lifecycle,r2_bearing_right,Row 2.1: bearing into right stand,ready,1,27,,,,7.070247,,,,,,,,,,,,,,,,Row 3 right stand,,,,,"{""acquired_tool_ids"": [], ""acquisition_complete"": false, ""completed_steps"": [], ""head_rotation_deg"": null, ""head_translation_m"": null, ""left_hand_translation_m"": null, ""removed_tool_ids"": [], ""right_hand_translation_m"": null, ""selected_step"": ""r2_bearing_right"", ""step_attempt"": 1, ""step_elapsed_s"": 7.070259606000036, ""step_event_index"": 27, ""total_hand_translation_m"": null, ""trial_finished_elapsed_s"": null, ""trial_recording"": true, ""trial_required_tool_ids"": [21, 34]}"
2026-09-04T17:26:27.115-04:00,apoorva,gesture,tts_started,lifecycle,r2_bearing_right,Row 2.1: bearing into right stand,ready,1,28,,,,7.098482,,,,,,,,,,,,,,,,Row 2 right stand,,,,,"{""acquired_tool_ids"": [], ""acquisition_complete"": false, ""completed_steps"": [], ""head_rotation_deg"": null, ""head_translation_m"": null, ""left_hand_translation_m"": null, ""removed_tool_ids"": [], ""right_hand_translation_m"": null, ""selected_step"": ""r2_bearing_right"", ""step_attempt"": 1, ""step_elapsed_s"": 7.098494980018586, ""step_event_index"": 28, ""total_hand_translation_m"": null, ""trial_finished_elapsed_s"": null, ""trial_recording"": true, ""trial_required_tool_ids"": [21, 34]}"
2026-09-04T17:26:28.458-04:00,apoorva,gesture,hover,hover,r2_bearing_right,Row 2.1: bearing into right stand,ready,1,29,19,GEAR_STAND_ROW1_RIGHT,,,,,,,,,,,,,,,,,,,,,,,"{""acquired_tool_ids"": [], ""acquisition_complete"": false, ""completed_steps"": [], ""head_rotation_deg"": null, ""head_translation_m"": null, ""left_hand_translation_m"": null, ""removed_tool_ids"": [], ""right_hand_translation_m"": null, ""selected_step"": ""r2_bearing_right"", ""step_attempt"": 1, ""step_elapsed_s"": 8.440782413003035, ""step_event_index"": 29, ""total_hand_translation_m"": null, ""trial_finished_elapsed_s"": null, ""trial_recording"": true, ""trial_required_tool_ids"": [21, 34]}"
2026-09-04T17:26:28.479-04:00,apoorva,gesture,tts_queued,lifecycle,r2_bearing_right,Row 2.1: bearing into right stand,ready,1,30,,,,8.461979,,,,,,,,,,,,,,,,Row 1 right stand,,,replace_hover,,"{""acquired_tool_ids"": [], ""acquisition_complete"": false, ""completed_steps"": [], ""head_rotation_deg"": null, ""head_translation_m"": null, ""left_hand_translation_m"": null, ""removed_tool_ids"": [], ""right_hand_translation_m"": null, ""selected_step"": ""r2_bearing_right"", ""step_attempt"": 1, ""step_elapsed_s"": 8.461989591014571, ""step_event_index"": 30, ""total_hand_translation_m"": null, ""trial_finished_elapsed_s"": null, ""trial_recording"": true, ""trial_required_tool_ids"": [21, 34]}"
2026-09-04T17:26:28.522-04:00,apoorva,gesture,tts_finished,lifecycle,r2_bearing_right,Row 2.1: bearing into right stand,ready,1,31,,,,8.504875,,,,,,,,,,,,,,,,Row 2 right stand,,,,,"{""acquired_tool_ids"": [], ""acquisition_complete"": false, ""completed_steps"": [], ""head_rotation_deg"": null, ""head_translation_m"": null, ""left_hand_translation_m"": null, ""removed_tool_ids"": [], ""right_hand_translation_m"": null, ""selected_step"": ""r2_bearing_right"", ""step_attempt"": 1, ""step_elapsed_s"": 8.504892696044408, ""step_event_index"": 31, ""total_hand_translation_m"": null, ""trial_finished_elapsed_s"": null, ""trial_recording"": true, ""trial_required_tool_ids"": [21, 34]}"
2026-09-04T17:26:28.552-04:00,apoorva,gesture,tts_started,lifecycle,r2_bearing_right,Row 2.1: bearing into right stand,ready,1,32,,,,8.534938,,,,,,,,,,,,,,,,Row 1 right stand,,,,,"{""acquired_tool_ids"": [], ""acquisition_complete"": false, ""completed_steps"": [], ""head_rotation_deg"": null, ""head_translation_m"": null, ""left_hand_translation_m"": null, ""removed_tool_ids"": [], ""right_hand_translation_m"": null, ""selected_step"": ""r2_bearing_right"", ""step_attempt"": 1, ""step_elapsed_s"": 8.534948985092342, ""step_event_index"": 32, ""total_hand_translation_m"": null, ""trial_finished_elapsed_s"": null, ""trial_recording"": true, ""trial_required_tool_ids"": [21, 34]}"
2026-09-04T17:26:28.768-04:00,apoorva,gesture,hover,hover,r2_bearing_right,Row 2.1: bearing into right stand,ready,1,33,21,GEAR_STAND_ROW2_RIGHT,,,,,,,,,,,,,,,,,,,,,,,"{""acquired_tool_ids"": [], ""acquisition_complete"": false, ""completed_steps"": [], ""head_rotation_deg"": null, ""head_translation_m"": null, ""left_hand_translation_m"": null, ""removed_tool_ids"": [], ""right_hand_translation_m"": null, ""selected_step"": ""r2_bearing_right"", ""step_attempt"": 1, ""step_elapsed_s"": 8.750906212022528, ""step_event_index"": 33, ""total_hand_translation_m"": null, ""trial_finished_elapsed_s"": null, ""trial_recording"": true, ""trial_required_tool_ids"": [21, 34]}"
2026-09-04T17:26:28.809-04:00,apoorva,gesture,tts_queued,lifecycle,r2_bearing_right,Row 2.1: bearing into right stand,ready,1,34,,,,8.791914,,,,,,,,,,,,,,,,Row 2 right stand,,,replace_hover,,"{""acquired_tool_ids"": [], ""acquisition_complete"": false, ""completed_steps"": [], ""head_rotation_deg"": null, ""head_translation_m"": null, ""left_hand_translation_m"": null, ""removed_tool_ids"": [], ""right_hand_translation_m"": null, ""selected_step"": ""r2_bearing_right"", ""step_attempt"": 1, ""step_elapsed_s"": 8.791923418990336, ""step_event_index"": 34, ""total_hand_translation_m"": null, ""trial_finished_elapsed_s"": null, ""trial_recording"": true, ""trial_required_tool_ids"": [21, 34]}"
2026-09-04T17:26:28.834-04:00,apoorva,gesture,tts_finished,lifecycle,r2_bearing_right,Row 2.1: bearing into right stand,ready,1,35,,,,8.816897,,,,,,,,,,,,,,,,Row 1 right stand,,,,,"{""acquired_tool_ids"": [], ""acquisition_complete"": false, ""completed_steps"": [], ""head_rotation_deg"": null, ""head_translation_m"": null, ""left_hand_translation_m"": null, ""removed_tool_ids"": [], ""right_hand_translation_m"": null, ""selected_step"": ""r2_bearing_right"", ""step_attempt"": 1, ""step_elapsed_s"": 8.816911061061546, ""step_event_index"": 35, ""total_hand_translation_m"": null, ""trial_finished_elapsed_s"": null, ""trial_recording"": true, ""trial_required_tool_ids"": [21, 34]}"
2026-09-04T17:26:28.865-04:00,apoorva,gesture,tts_started,lifecycle,r2_bearing_right,Row 2.1: bearing into right stand,ready,1,36,,,,8.847989,,,,,,,,,,,,,,,,Row 2 right stand,,,,,"{""acquired_tool_ids"": [], ""acquisition_complete"": false, ""completed_steps"": [], ""head_rotation_deg"": null, ""head_translation_m"": null, ""left_hand_translation_m"": null, ""removed_tool_ids"": [], ""right_hand_translation_m"": null, ""selected_step"": ""r2_bearing_right"", ""step_attempt"": 1, ""step_elapsed_s"": 8.848000876023434, ""step_event_index"": 36, ""total_hand_translation_m"": null, ""trial_finished_elapsed_s"": null, ""trial_recording"": true, ""trial_required_tool_ids"": [21, 34]}"
2026-09-04T17:26:30.219-04:00,apoorva,gesture,tts_finished,lifecycle,r2_bearing_right,Row 2.1: bearing into right stand,ready,1,37,,,,10.202407,,,,,,,,,,,,,,,,Row 2 right stand,,,,,"{""acquired_tool_ids"": [], ""acquisition_complete"": false, ""completed_steps"": [], ""head_rotation_deg"": null, ""head_translation_m"": null, ""left_hand_translation_m"": null, ""removed_tool_ids"": [], ""right_hand_translation_m"": null, ""selected_step"": ""r2_bearing_right"", ""step_attempt"": 1, ""step_elapsed_s"": 10.202419640030712, ""step_event_index"": 37, ""total_hand_translation_m"": null, ""trial_finished_elapsed_s"": null, ""trial_recording"": true, ""trial_required_tool_ids"": [21, 34]}"
2026-09-04T17:26:30.679-04:00,apoorva,gesture,hover,hover,r2_bearing_right,Row 2.1: bearing into right stand,ready,1,38,23,GEAR_STAND_ROW3_RIGHT,,,,,,,,,,,,,,,,,,,,,,,"{""acquired_tool_ids"": [], ""acquisition_complete"": false, ""completed_steps"": [], ""head_rotation_deg"": null, ""head_translation_m"": null, ""left_hand_translation_m"": null, ""removed_tool_ids"": [], ""right_hand_translation_m"": null, ""selected_step"": ""r2_bearing_right"", ""step_attempt"": 1, ""step_elapsed_s"": 10.662370909005404, ""step_event_index"": 38, ""total_hand_translation_m"": null, ""trial_finished_elapsed_s"": null, ""trial_recording"": true, ""trial_required_tool_ids"": [21, 34]}"
2026-09-04T17:26:30.709-04:00,apoorva,gesture,tts_queued,lifecycle,r2_bearing_right,Row 2.1: bearing into right stand,ready,1,39,,,,10.692509,,,,,,,,,,,,,,,,Row 3 right stand,,,replace_hover,,"{""acquired_tool_ids"": [], ""acquisition_complete"": false, ""completed_steps"": [], ""head_rotation_deg"": null, ""head_translation_m"": null, ""left_hand_translation_m"": null, ""removed_tool_ids"": [], ""right_hand_translation_m"": null, ""selected_step"": ""r2_bearing_right"", ""step_attempt"": 1, ""step_elapsed_s"": 10.692518623080105, ""step_event_index"": 39, ""total_hand_translation_m"": null, ""trial_finished_elapsed_s"": null, ""trial_recording"": true, ""trial_required_tool_ids"": [21, 34]}"
2026-09-04T17:26:30.774-04:00,apoorva,gesture,tts_started,lifecycle,r2_bearing_right,Row 2.1: bearing into right stand,ready,1,40,,,,10.756817,,,,,,,,,,,,,,,,Row 3 right stand,,,,,"{""acquired_tool_ids"": [], ""acquisition_complete"": false, ""completed_steps"": [], ""head_rotation_deg"": null, ""head_translation_m"": null, ""left_hand_translation_m"": null, ""removed_tool_ids"": [], ""right_hand_translation_m"": null, ""selected_step"": ""r2_bearing_right"", ""step_attempt"": 1, ""step_elapsed_s"": 10.756831731996499, ""step_event_index"": 40, ""total_hand_translation_m"": null, ""trial_finished_elapsed_s"": null, ""trial_recording"": true, ""trial_required_tool_ids"": [21, 34]}"
2026-09-04T17:26:31.617-04:00,apoorva,gesture,hover,hover,r2_bearing_right,Row 2.1: bearing into right stand,ready,1,41,21,GEAR_STAND_ROW2_RIGHT,,,,,,,,,,,,,,,,,,,,,,,"{""acquired_tool_ids"": [], ""acquisition_complete"": false, ""completed_steps"": [], ""head_rotation_deg"": null, ""head_translation_m"": null, ""left_hand_translation_m"": null, ""removed_tool_ids"": [], ""right_hand_translation_m"": null, ""selected_step"": ""r2_bearing_right"", ""step_attempt"": 1, ""step_elapsed_s"": 11.600491421995685, ""step_event_index"": 41, ""total_hand_translation_m"": null, ""trial_finished_elapsed_s"": null, ""trial_recording"": true, ""trial_required_tool_ids"": [21, 34]}"
2026-09-04T17:26:31.646-04:00,apoorva,gesture,tts_queued,lifecycle,r2_bearing_right,Row 2.1: bearing into right stand,ready,1,42,,,,11.628643,,,,,,,,,,,,,,,,Row 2 right stand,,,replace_hover,,"{""acquired_tool_ids"": [], ""acquisition_complete"": false, ""completed_steps"": [], ""head_rotation_deg"": null, ""head_translation_m"": null, ""left_hand_translation_m"": null, ""removed_tool_ids"": [], ""right_hand_translation_m"": null, ""selected_step"": ""r2_bearing_right"", ""step_attempt"": 1, ""step_elapsed_s"": 11.628653494059108, ""step_event_index"": 42, ""total_hand_translation_m"": null, ""trial_finished_elapsed_s"": null, ""trial_recording"": true, ""trial_required_tool_ids"": [21, 34]}"
2026-09-04T17:26:31.712-04:00,apoorva,gesture,tts_finished,lifecycle,r2_bearing_right,Row 2.1: bearing into right stand,ready,1,43,,,,11.694845,,,,,,,,,,,,,,,,Row 3 right stand,,,,,"{""acquired_tool_ids"": [], ""acquisition_complete"": false, ""completed_steps"": [], ""head_rotation_deg"": null, ""head_translation_m"": null, ""left_hand_translation_m"": null, ""removed_tool_ids"": [], ""right_hand_translation_m"": null, ""selected_step"": ""r2_bearing_right"", ""step_attempt"": 1, ""step_elapsed_s"": 11.694857740076259, ""step_event_index"": 43, ""total_hand_translation_m"": null, ""trial_finished_elapsed_s"": null, ""trial_recording"": true, ""trial_required_tool_ids"": [21, 34]}"
2026-09-04T17:26:31.736-04:00,apoorva,gesture,tts_started,lifecycle,r2_bearing_right,Row 2.1: bearing into right stand,ready,1,44,,,,11.718768,,,,,,,,,,,,,,,,Row 2 right stand,,,,,"{""acquired_tool_ids"": [], ""acquisition_complete"": false, ""completed_steps"": [], ""head_rotation_deg"": null, ""head_translation_m"": null, ""left_hand_translation_m"": null, ""removed_tool_ids"": [], ""right_hand_translation_m"": null, ""selected_step"": ""r2_bearing_right"", ""step_attempt"": 1, ""step_elapsed_s"": 11.718781294999644, ""step_event_index"": 44, ""total_hand_translation_m"": null, ""trial_finished_elapsed_s"": null, ""trial_recording"": true, ""trial_required_tool_ids"": [21, 34]}"
2026-09-04T17:26:33.021-04:00,apoorva,gesture,tts_finished,lifecycle,r2_bearing_right,Row 2.1: bearing into right stand,ready,1,45,,,,13.004062,,,,,,,,,,,,,,,,Row 2 right stand,,,,,"{""acquired_tool_ids"": [], ""acquisition_complete"": false, ""completed_steps"": [], ""head_rotation_deg"": null, ""head_translation_m"": null, ""left_hand_translation_m"": null, ""removed_tool_ids"": [], ""right_hand_translation_m"": null, ""selected_step"": ""r2_bearing_right"", ""step_attempt"": 1, ""step_elapsed_s"": 13.004073558025993, ""step_event_index"": 45, ""total_hand_translation_m"": null, ""trial_finished_elapsed_s"": null, ""trial_recording"": true, ""trial_required_tool_ids"": [21, 34]}"
2026-09-04T17:26:33.616-04:00,apoorva,gesture,hover,hover,r2_bearing_right,Row 2.1: bearing into right stand,ready,1,46,23,GEAR_STAND_ROW3_RIGHT,,,,,,,,,,,,,,,,,,,,,,,"{""acquired_tool_ids"": [], ""acquisition_complete"": false, ""completed_steps"": [], ""head_rotation_deg"": null, ""head_translation_m"": null, ""left_hand_translation_m"": null, ""removed_tool_ids"": [], ""right_hand_translation_m"": null, ""selected_step"": ""r2_bearing_right"", ""step_attempt"": 1, ""step_elapsed_s"": 13.599045839044265, ""step_event_index"": 46, ""total_hand_translation_m"": null, ""trial_finished_elapsed_s"": null, ""trial_recording"": true, ""trial_required_tool_ids"": [21, 34]}"
2026-09-04T17:26:33.637-04:00,apoorva,gesture,tts_queued,lifecycle,r2_bearing_right,Row 2.1: bearing into right stand,ready,1,47,,,,13.619800,,,,,,,,,,,,,,,,Row 3 right stand,,,replace_hover,,"{""acquired_tool_ids"": [], ""acquisition_complete"": false, ""completed_steps"": [], ""head_rotation_deg"": null, ""head_translation_m"": null, ""left_hand_translation_m"": null, ""removed_tool_ids"": [], ""right_hand_translation_m"": null, ""selected_step"": ""r2_bearing_right"", ""step_attempt"": 1, ""step_elapsed_s"": 13.61981204606127, ""step_event_index"": 47, ""total_hand_translation_m"": null, ""trial_finished_elapsed_s"": null, ""trial_recording"": true, ""trial_required_tool_ids"": [21, 34]}"
2026-09-04T17:26:33.682-04:00,apoorva,gesture,tts_started,lifecycle,r2_bearing_right,Row 2.1: bearing into right stand,ready,1,48,,,,13.665142,,,,,,,,,,,,,,,,Row 3 right stand,,,,,"{""acquired_tool_ids"": [], ""acquisition_complete"": false, ""completed_steps"": [], ""head_rotation_deg"": null, ""head_translation_m"": null, ""left_hand_translation_m"": null, ""removed_tool_ids"": [], ""right_hand_translation_m"": null, ""selected_step"": ""r2_bearing_right"", ""step_attempt"": 1, ""step_elapsed_s"": 13.665154769085348, ""step_event_index"": 48, ""total_hand_translation_m"": null, ""trial_finished_elapsed_s"": null, ""trial_recording"": true, ""trial_required_tool_ids"": [21, 34]}"
2026-09-04T17:26:33.822-04:00,apoorva,gesture,hover,hover,r2_bearing_right,Row 2.1: bearing into right stand,ready,1,49,25,GEAR_STAND_ROW4_RIGHT,,,,,,,,,,,,,,,,,,,,,,,"{""acquired_tool_ids"": [], ""acquisition_complete"": false, ""completed_steps"": [], ""head_rotation_deg"": null, ""head_translation_m"": null, ""left_hand_translation_m"": null, ""removed_tool_ids"": [], ""right_hand_translation_m"": null, ""selected_step"": ""r2_bearing_right"", ""step_attempt"": 1, ""step_elapsed_s"": 13.80504169210326, ""step_event_index"": 49, ""total_hand_translation_m"": null, ""trial_finished_elapsed_s"": null, ""trial_recording"": true, ""trial_required_tool_ids"": [21, 34]}"
2026-09-04T17:26:33.848-04:00,apoorva,gesture,tts_queued,lifecycle,r2_bearing_right,Row 2.1: bearing into right stand,ready,1,50,,,,13.831340,,,,,,,,,,,,,,,,Row 4 right stand,,,replace_hover,,"{""acquired_tool_ids"": [], ""acquisition_complete"": false, ""completed_steps"": [], ""head_rotation_deg"": null, ""head_translation_m"": null, ""left_hand_translation_m"": null, ""removed_tool_ids"": [], ""right_hand_translation_m"": null, ""selected_step"": ""r2_bearing_right"", ""step_attempt"": 1, ""step_elapsed_s"": 13.831353610032238, ""step_event_index"": 50, ""total_hand_translation_m"": null, ""trial_finished_elapsed_s"": null, ""trial_recording"": true, ""trial_required_tool_ids"": [21, 34]}"
2026-09-04T17:26:33.918-04:00,apoorva,gesture,tts_finished,lifecycle,r2_bearing_right,Row 2.1: bearing into right stand,ready,1,51,,,,13.901493,,,,,,,,,,,,,,,,Row 3 right stand,,,,,"{""acquired_tool_ids"": [], ""acquisition_complete"": false, ""completed_steps"": [], ""head_rotation_deg"": null, ""head_translation_m"": null, ""left_hand_translation_m"": null, ""removed_tool_ids"": [], ""right_hand_translation_m"": null, ""selected_step"": ""r2_bearing_right"", ""step_attempt"": 1, ""step_elapsed_s"": 13.901504343026318, ""step_event_index"": 51, ""total_hand_translation_m"": null, ""trial_finished_elapsed_s"": null, ""trial_recording"": true, ""trial_required_tool_ids"": [21, 34]}"
2026-09-04T17:26:33.953-04:00,apoorva,gesture,tts_started,lifecycle,r2_bearing_right,Row 2.1: bearing into right stand,ready,1,52,,,,13.935714,,,,,,,,,,,,,,,,Row 4 right stand,,,,,"{""acquired_tool_ids"": [], ""acquisition_complete"": false, ""completed_steps"": [], ""head_rotation_deg"": null, ""head_translation_m"": null, ""left_hand_translation_m"": null, ""removed_tool_ids"": [], ""right_hand_translation_m"": null, ""selected_step"": ""r2_bearing_right"", ""step_attempt"": 1, ""step_elapsed_s"": 13.93572428706102, ""step_event_index"": 52, ""total_hand_translation_m"": null, ""trial_finished_elapsed_s"": null, ""trial_recording"": true, ""trial_required_tool_ids"": [21, 34]}"
2026-09-04T17:26:34.178-04:00,apoorva,gesture,hover,hover,r2_bearing_right,Row 2.1: bearing into right stand,ready,1,53,23,GEAR_STAND_ROW3_RIGHT,,,,,,,,,,,,,,,,,,,,,,,"{""acquired_tool_ids"": [], ""acquisition_complete"": false, ""completed_steps"": [], ""head_rotation_deg"": null, ""head_translation_m"": null, ""left_hand_translation_m"": null, ""removed_tool_ids"": [], ""right_hand_translation_m"": null, ""selected_step"": ""r2_bearing_right"", ""step_attempt"": 1, ""step_elapsed_s"": 14.160782340099104, ""step_event_index"": 53, ""total_hand_translation_m"": null, ""trial_finished_elapsed_s"": null, ""trial_recording"": true, ""trial_required_tool_ids"": [21, 34]}"
2026-09-04T17:26:34.211-04:00,apoorva,gesture,tts_queued,lifecycle,r2_bearing_right,Row 2.1: bearing into right stand,ready,1,54,,,,14.194270,,,,,,,,,,,,,,,,Row 3 right stand,,,replace_hover,,"{""acquired_tool_ids"": [], ""acquisition_complete"": false, ""completed_steps"": [], ""head_rotation_deg"": null, ""head_translation_m"": null, ""left_hand_translation_m"": null, ""removed_tool_ids"": [], ""right_hand_translation_m"": null, ""selected_step"": ""r2_bearing_right"", ""step_attempt"": 1, ""step_elapsed_s"": 14.194280036026612, ""step_event_index"": 54, ""total_hand_translation_m"": null, ""trial_finished_elapsed_s"": null, ""trial_recording"": true, ""trial_required_tool_ids"": [21, 34]}"
2026-09-04T17:26:34.254-04:00,apoorva,gesture,tts_finished,lifecycle,r2_bearing_right,Row 2.1: bearing into right stand,ready,1,55,,,,14.237473,,,,,,,,,,,,,,,,Row 4 right stand,,,,,"{""acquired_tool_ids"": [], ""acquisition_complete"": false, ""completed_steps"": [], ""head_rotation_deg"": null, ""head_translation_m"": null, ""left_hand_translation_m"": null, ""removed_tool_ids"": [], ""right_hand_translation_m"": null, ""selected_step"": ""r2_bearing_right"", ""step_attempt"": 1, ""step_elapsed_s"": 14.23748296010308, ""step_event_index"": 55, ""total_hand_translation_m"": null, ""trial_finished_elapsed_s"": null, ""trial_recording"": true, ""trial_required_tool_ids"": [21, 34]}"
2026-09-04T17:26:34.294-04:00,apoorva,gesture,tts_started,lifecycle,r2_bearing_right,Row 2.1: bearing into right stand,ready,1,56,,,,14.276698,,,,,,,,,,,,,,,,Row 3 right stand,,,,,"{""acquired_tool_ids"": [], ""acquisition_complete"": false, ""completed_steps"": [], ""head_rotation_deg"": null, ""head_translation_m"": null, ""left_hand_translation_m"": null, ""removed_tool_ids"": [], ""right_hand_translation_m"": null, ""selected_step"": ""r2_bearing_right"", ""step_attempt"": 1, ""step_elapsed_s"": 14.276710235048085, ""step_event_index"": 56, ""total_hand_translation_m"": null, ""trial_finished_elapsed_s"": null, ""trial_recording"": true, ""trial_required_tool_ids"": [21, 34]}"
2026-09-04T17:26:34.749-04:00,apoorva,gesture,hover,hover,r2_bearing_right,Row 2.1: bearing into right stand,ready,1,57,21,GEAR_STAND_ROW2_RIGHT,,,,,,,,,,,,,,,,,,,,,,,"{""acquired_tool_ids"": [], ""acquisition_complete"": false, ""completed_steps"": [], ""head_rotation_deg"": null, ""head_translation_m"": null, ""left_hand_translation_m"": null, ""removed_tool_ids"": [], ""right_hand_translation_m"": null, ""selected_step"": ""r2_bearing_right"", ""step_attempt"": 1, ""step_elapsed_s"": 14.732040852075443, ""step_event_index"": 57, ""total_hand_translation_m"": null, ""trial_finished_elapsed_s"": null, ""trial_recording"": true, ""trial_required_tool_ids"": [21, 34]}"
2026-09-04T17:26:34.818-04:00,apoorva,gesture,tts_queued,lifecycle,r2_bearing_right,Row 2.1: bearing into right stand,ready,1,58,,,,14.800864,,,,,,,,,,,,,,,,Row 2 right stand,,,replace_hover,,"{""acquired_tool_ids"": [], ""acquisition_complete"": false, ""completed_steps"": [], ""head_rotation_deg"": null, ""head_translation_m"": null, ""left_hand_translation_m"": null, ""removed_tool_ids"": [], ""right_hand_translation_m"": null, ""selected_step"": ""r2_bearing_right"", ""step_attempt"": 1, ""step_elapsed_s"": 14.800897623063065, ""step_event_index"": 58, ""total_hand_translation_m"": null, ""trial_finished_elapsed_s"": null, ""trial_recording"": true, ""trial_required_tool_ids"": [21, 34]}"
2026-09-04T17:26:34.938-04:00,apoorva,gesture,tts_finished,lifecycle,r2_bearing_right,Row 2.1: bearing into right stand,ready,1,59,,,,14.920605,,,,,,,,,,,,,,,,Row 3 right stand,,,,,"{""acquired_tool_ids"": [], ""acquisition_complete"": false, ""completed_steps"": [], ""head_rotation_deg"": null, ""head_translation_m"": null, ""left_hand_translation_m"": null, ""removed_tool_ids"": [], ""right_hand_translation_m"": null, ""selected_step"": ""r2_bearing_right"", ""step_attempt"": 1, ""step_elapsed_s"": 14.920615351060405, ""step_event_index"": 59, ""total_hand_translation_m"": null, ""trial_finished_elapsed_s"": null, ""trial_recording"": true, ""trial_required_tool_ids"": [21, 34]}"
2026-09-04T17:26:34.995-04:00,apoorva,gesture,tts_started,lifecycle,r2_bearing_right,Row 2.1: bearing into right stand,ready,1,60,,,,14.978556,,,,,,,,,,,,,,,,Row 2 right stand,,,,,"{""acquired_tool_ids"": [], ""acquisition_complete"": false, ""completed_steps"": [], ""head_rotation_deg"": null, ""head_translation_m"": null, ""left_hand_translation_m"": null, ""removed_tool_ids"": [], ""right_hand_translation_m"": null, ""selected_step"": ""r2_bearing_right"", ""step_attempt"": 1, ""step_elapsed_s"": 14.978565105004236, ""step_event_index"": 60, ""total_hand_translation_m"": null, ""trial_finished_elapsed_s"": null, ""trial_recording"": true, ""trial_required_tool_ids"": [21, 34]}"
2026-09-04T17:26:35.256-04:00,apoorva,gesture,hover,hover,r2_bearing_right,Row 2.1: bearing into right stand,ready,1,61,19,GEAR_STAND_ROW1_RIGHT,,,,,,,,,,,,,,,,,,,,,,,"{""acquired_tool_ids"": [], ""acquisition_complete"": false, ""completed_steps"": [], ""head_rotation_deg"": null, ""head_translation_m"": null, ""left_hand_translation_m"": null, ""removed_tool_ids"": [], ""right_hand_translation_m"": null, ""selected_step"": ""r2_bearing_right"", ""step_attempt"": 1, ""step_elapsed_s"": 15.238944180076942, ""step_event_index"": 61, ""total_hand_translation_m"": null, ""trial_finished_elapsed_s"": null, ""trial_recording"": true, ""trial_required_tool_ids"": [21, 34]}"
2026-09-04T17:26:35.277-04:00,apoorva,gesture,tts_queued,lifecycle,r2_bearing_right,Row 2.1: bearing into right stand,ready,1,62,,,,15.259708,,,,,,,,,,,,,,,,Row 1 right stand,,,replace_hover,,"{""acquired_tool_ids"": [], ""acquisition_complete"": false, ""completed_steps"": [], ""head_rotation_deg"": null, ""head_translation_m"": null, ""left_hand_translation_m"": null, ""removed_tool_ids"": [], ""right_hand_translation_m"": null, ""selected_step"": ""r2_bearing_right"", ""step_attempt"": 1, ""step_elapsed_s"": 15.259717895067297, ""step_event_index"": 62, ""total_hand_translation_m"": null, ""trial_finished_elapsed_s"": null, ""trial_recording"": true, ""trial_required_tool_ids"": [21, 34]}"
2026-09-04T17:26:35.313-04:00,apoorva,gesture,tts_finished,lifecycle,r2_bearing_right,Row 2.1: bearing into right stand,ready,1,63,,,,15.295932,,,,,,,,,,,,,,,,Row 2 right stand,,,,,"{""acquired_tool_ids"": [], ""acquisition_complete"": false, ""completed_steps"": [], ""head_rotation_deg"": null, ""head_translation_m"": null, ""left_hand_translation_m"": null, ""removed_tool_ids"": [], ""right_hand_translation_m"": null, ""selected_step"": ""r2_bearing_right"", ""step_attempt"": 1, ""step_elapsed_s"": 15.295942928059958, ""step_event_index"": 63, ""total_hand_translation_m"": null, ""trial_finished_elapsed_s"": null, ""trial_recording"": true, ""trial_required_tool_ids"": [21, 34]}"
2026-09-04T17:26:35.332-04:00,apoorva,gesture,tts_started,lifecycle,r2_bearing_right,Row 2.1: bearing into right stand,ready,1,64,,,,15.315197,,,,,,,,,,,,,,,,Row 1 right stand,,,,,"{""acquired_tool_ids"": [], ""acquisition_complete"": false, ""completed_steps"": [], ""head_rotation_deg"": null, ""head_translation_m"": null, ""left_hand_translation_m"": null, ""removed_tool_ids"": [], ""right_hand_translation_m"": null, ""selected_step"": ""r2_bearing_right"", ""step_attempt"": 1, ""step_elapsed_s"": 15.315206572995521, ""step_event_index"": 64, ""total_hand_translation_m"": null, ""trial_finished_elapsed_s"": null, ""trial_recording"": true, ""trial_required_tool_ids"": [21, 34]}"
2026-09-04T17:26:35.449-04:00,apoorva,gesture,hover,hover,r2_bearing_right,Row 2.1: bearing into right stand,ready,1,65,21,GEAR_STAND_ROW2_RIGHT,,,,,,,,,,,,,,,,,,,,,,,"{""acquired_tool_ids"": [], ""acquisition_complete"": false, ""completed_steps"": [], ""head_rotation_deg"": null, ""head_translation_m"": null, ""left_hand_translation_m"": null, ""removed_tool_ids"": [], ""right_hand_translation_m"": null, ""selected_step"": ""r2_bearing_right"", ""step_attempt"": 1, ""step_elapsed_s"": 15.4318758220179, ""step_event_index"": 65, ""total_hand_translation_m"": null, ""trial_finished_elapsed_s"": null, ""trial_recording"": true, ""trial_required_tool_ids"": [21, 34]}"
2026-09-04T17:26:35.485-04:00,apoorva,gesture,tts_queued,lifecycle,r2_bearing_right,Row 2.1: bearing into right stand,ready,1,66,,,,15.468075,,,,,,,,,,,,,,,,Row 2 right stand,,,replace_hover,,"{""acquired_tool_ids"": [], ""acquisition_complete"": false, ""completed_steps"": [], ""head_rotation_deg"": null, ""head_translation_m"": null, ""left_hand_translation_m"": null, ""removed_tool_ids"": [], ""right_hand_translation_m"": null, ""selected_step"": ""r2_bearing_right"", ""step_attempt"": 1, ""step_elapsed_s"": 15.468088780064136, ""step_event_index"": 66, ""total_hand_translation_m"": null, ""trial_finished_elapsed_s"": null, ""trial_recording"": true, ""trial_required_tool_ids"": [21, 34]}"
2026-09-04T17:26:35.536-04:00,apoorva,gesture,tts_finished,lifecycle,r2_bearing_right,Row 2.1: bearing into right stand,ready,1,67,,,,15.518929,,,,,,,,,,,,,,,,Row 1 right stand,,,,,"{""acquired_tool_ids"": [], ""acquisition_complete"": false, ""completed_steps"": [], ""head_rotation_deg"": null, ""head_translation_m"": null, ""left_hand_translation_m"": null, ""removed_tool_ids"": [], ""right_hand_translation_m"": null, ""selected_step"": ""r2_bearing_right"", ""step_attempt"": 1, ""step_elapsed_s"": 15.518941712100059, ""step_event_index"": 67, ""total_hand_translation_m"": null, ""trial_finished_elapsed_s"": null, ""trial_recording"": true, ""trial_required_tool_ids"": [21, 34]}"
2026-09-04T17:26:35.613-04:00,apoorva,gesture,tts_started,lifecycle,r2_bearing_right,Row 2.1: bearing into right stand,ready,1,68,,,,15.595702,,,,,,,,,,,,,,,,Row 2 right stand,,,,,"{""acquired_tool_ids"": [], ""acquisition_complete"": false, ""completed_steps"": [], ""head_rotation_deg"": null, ""head_translation_m"": null, ""left_hand_translation_m"": null, ""removed_tool_ids"": [], ""right_hand_translation_m"": null, ""selected_step"": ""r2_bearing_right"", ""step_attempt"": 1, ""step_elapsed_s"": 15.595712641021237, ""step_event_index"": 68, ""total_hand_translation_m"": null, ""trial_finished_elapsed_s"": null, ""trial_recording"": true, ""trial_required_tool_ids"": [21, 34]}"
2026-09-04T17:26:35.900-04:00,apoorva,gesture,hover,hover,r2_bearing_right,Row 2.1: bearing into right stand,ready,1,69,19,GEAR_STAND_ROW1_RIGHT,,,,,,,,,,,,,,,,,,,,,,,"{""acquired_tool_ids"": [], ""acquisition_complete"": false, ""completed_steps"": [], ""head_rotation_deg"": null, ""head_translation_m"": null, ""left_hand_translation_m"": null, ""removed_tool_ids"": [], ""right_hand_translation_m"": null, ""selected_step"": ""r2_bearing_right"", ""step_attempt"": 1, ""step_elapsed_s"": 15.882763029076159, ""step_event_index"": 69, ""total_hand_translation_m"": null, ""trial_finished_elapsed_s"": null, ""trial_recording"": true, ""trial_required_tool_ids"": [21, 34]}"
2026-09-04T17:26:35.947-04:00,apoorva,gesture,tts_queued,lifecycle,r2_bearing_right,Row 2.1: bearing into right stand,ready,1,70,,,,15.930232,,,,,,,,,,,,,,,,Row 1 right stand,,,replace_hover,,"{""acquired_tool_ids"": [], ""acquisition_complete"": false, ""completed_steps"": [], ""head_rotation_deg"": null, ""head_translation_m"": null, ""left_hand_translation_m"": null, ""removed_tool_ids"": [], ""right_hand_translation_m"": null, ""selected_step"": ""r2_bearing_right"", ""step_attempt"": 1, ""step_elapsed_s"": 15.930241285008378, ""step_event_index"": 70, ""total_hand_translation_m"": null, ""trial_finished_elapsed_s"": null, ""trial_recording"": true, ""trial_required_tool_ids"": [21, 34]}"
2026-09-04T17:26:35.990-04:00,apoorva,gesture,tts_finished,lifecycle,r2_bearing_right,Row 2.1: bearing into right stand,ready,1,71,,,,15.973394,,,,,,,,,,,,,,,,Row 2 right stand,,,,,"{""acquired_tool_ids"": [], ""acquisition_complete"": false, ""completed_steps"": [], ""head_rotation_deg"": null, ""head_translation_m"": null, ""left_hand_translation_m"": null, ""removed_tool_ids"": [], ""right_hand_translation_m"": null, ""selected_step"": ""r2_bearing_right"", ""step_attempt"": 1, ""step_elapsed_s"": 15.973405231023207, ""step_event_index"": 71, ""total_hand_translation_m"": null, ""trial_finished_elapsed_s"": null, ""trial_recording"": true, ""trial_required_tool_ids"": [21, 34]}"
2026-09-04T17:26:36.029-04:00,apoorva,gesture,tts_started,lifecycle,r2_bearing_right,Row 2.1: bearing into right stand,ready,1,72,,,,16.011812,,,,,,,,,,,,,,,,Row 1 right stand,,,,,"{""acquired_tool_ids"": [], ""acquisition_complete"": false, ""completed_steps"": [], ""head_rotation_deg"": null, ""head_translation_m"": null, ""left_hand_translation_m"": null, ""removed_tool_ids"": [], ""right_hand_translation_m"": null, ""selected_step"": ""r2_bearing_right"", ""step_attempt"": 1, ""step_elapsed_s"": 16.01182300702203, ""step_event_index"": 72, ""total_hand_translation_m"": null, ""trial_finished_elapsed_s"": null, ""trial_recording"": true, ""trial_required_tool_ids"": [21, 34]}"
2026-09-04T17:26:37.162-04:00,apoorva,gesture,hover,hover,r2_bearing_right,Row 2.1: bearing into right stand,ready,1,73,21,GEAR_STAND_ROW2_RIGHT,,,,,,,,,,,,,,,,,,,,,,,"{""acquired_tool_ids"": [], ""acquisition_complete"": false, ""completed_steps"": [], ""head_rotation_deg"": null, ""head_translation_m"": null, ""left_hand_translation_m"": null, ""removed_tool_ids"": [], ""right_hand_translation_m"": null, ""selected_step"": ""r2_bearing_right"", ""step_attempt"": 1, ""step_elapsed_s"": 17.145552907022648, ""step_event_index"": 73, ""total_hand_translation_m"": null, ""trial_finished_elapsed_s"": null, ""trial_recording"": true, ""trial_required_tool_ids"": [21, 34]}"
2026-09-04T17:26:37.194-04:00,apoorva,gesture,tts_queued,lifecycle,r2_bearing_right,Row 2.1: bearing into right stand,ready,1,74,,,,17.176967,,,,,,,,,,,,,,,,Row 2 right stand,,,replace_hover,,"{""acquired_tool_ids"": [], ""acquisition_complete"": false, ""completed_steps"": [], ""head_rotation_deg"": null, ""head_translation_m"": null, ""left_hand_translation_m"": null, ""removed_tool_ids"": [], ""right_hand_translation_m"": null, ""selected_step"": ""r2_bearing_right"", ""step_attempt"": 1, ""step_elapsed_s"": 17.176978127099574, ""step_event_index"": 74, ""total_hand_translation_m"": null, ""trial_finished_elapsed_s"": null, ""trial_recording"": true, ""trial_required_tool_ids"": [21, 34]}"
2026-09-04T17:26:37.252-04:00,apoorva,gesture,tts_finished,lifecycle,r2_bearing_right,Row 2.1: bearing into right stand,ready,1,75,,,,17.235411,,,,,,,,,,,,,,,,Row 1 right stand,,,,,"{""acquired_tool_ids"": [], ""acquisition_complete"": false, ""completed_steps"": [], ""head_rotation_deg"": null, ""head_translation_m"": null, ""left_hand_translation_m"": null, ""removed_tool_ids"": [], ""right_hand_translation_m"": null, ""selected_step"": ""r2_bearing_right"", ""step_attempt"": 1, ""step_elapsed_s"": 17.23542337701656, ""step_event_index"": 75, ""total_hand_translation_m"": null, ""trial_finished_elapsed_s"": null, ""trial_recording"": true, ""trial_required_tool_ids"": [21, 34]}"
2026-09-04T17:26:37.320-04:00,apoorva,gesture,tts_started,lifecycle,r2_bearing_right,Row 2.1: bearing into right stand,ready,1,76,,,,17.303009,,,,,,,,,,,,,,,,Row 2 right stand,,,,,"{""acquired_tool_ids"": [], ""acquisition_complete"": false, ""completed_steps"": [], ""head_rotation_deg"": null, ""head_translation_m"": null, ""left_hand_translation_m"": null, ""removed_tool_ids"": [], ""right_hand_translation_m"": null, ""selected_step"": ""r2_bearing_right"", ""step_attempt"": 1, ""step_elapsed_s"": 17.303019314073026, ""step_event_index"": 76, ""total_hand_translation_m"": null, ""trial_finished_elapsed_s"": null, ""trial_recording"": true, ""trial_required_tool_ids"": [21, 34]}"
2026-09-04T17:26:37.819-04:00,apoorva,gesture,hover,hover,r2_bearing_right,Row 2.1: bearing into right stand,ready,1,77,19,GEAR_STAND_ROW1_RIGHT,,,,,,,,,,,,,,,,,,,,,,,"{""acquired_tool_ids"": [], ""acquisition_complete"": false, ""completed_steps"": [], ""head_rotation_deg"": null, ""head_translation_m"": null, ""left_hand_translation_m"": null, ""removed_tool_ids"": [], ""right_hand_translation_m"": null, ""selected_step"": ""r2_bearing_right"", ""step_attempt"": 1, ""step_elapsed_s"": 17.802156361052766, ""step_event_index"": 77, ""total_hand_translation_m"": null, ""trial_finished_elapsed_s"": null, ""trial_recording"": true, ""trial_required_tool_ids"": [21, 34]}"
2026-09-04T17:26:37.853-04:00,apoorva,gesture,tts_queued,lifecycle,r2_bearing_right,Row 2.1: bearing into right stand,ready,1,78,,,,17.835811,,,,,,,,,,,,,,,,Row 1 right stand,,,replace_hover,,"{""acquired_tool_ids"": [], ""acquisition_complete"": false, ""completed_steps"": [], ""head_rotation_deg"": null, ""head_translation_m"": null, ""left_hand_translation_m"": null, ""removed_tool_ids"": [], ""right_hand_translation_m"": null, ""selected_step"": ""r2_bearing_right"", ""step_attempt"": 1, ""step_elapsed_s"": 17.835821237997152, ""step_event_index"": 78, ""total_hand_translation_m"": null, ""trial_finished_elapsed_s"": null, ""trial_recording"": true, ""trial_required_tool_ids"": [21, 34]}"
2026-09-04T17:26:37.914-04:00,apoorva,gesture,tts_finished,lifecycle,r2_bearing_right,Row 2.1: bearing into right stand,ready,1,79,,,,17.896832,,,,,,,,,,,,,,,,Row 2 right stand,,,,,"{""acquired_tool_ids"": [], ""acquisition_complete"": false, ""completed_steps"": [], ""head_rotation_deg"": null, ""head_translation_m"": null, ""left_hand_translation_m"": null, ""removed_tool_ids"": [], ""right_hand_translation_m"": null, ""selected_step"": ""r2_bearing_right"", ""step_attempt"": 1, ""step_elapsed_s"": 17.896844570990652, ""step_event_index"": 79, ""total_hand_translation_m"": null, ""trial_finished_elapsed_s"": null, ""trial_recording"": true, ""trial_required_tool_ids"": [21, 34]}"
2026-09-04T17:26:37.958-04:00,apoorva,gesture,tts_started,lifecycle,r2_bearing_right,Row 2.1: bearing into right stand,ready,1,80,,,,17.940802,,,,,,,,,,,,,,,,Row 1 right stand,,,,,"{""acquired_tool_ids"": [], ""acquisition_complete"": false, ""completed_steps"": [], ""head_rotation_deg"": null, ""head_translation_m"": null, ""left_hand_translation_m"": null, ""removed_tool_ids"": [], ""right_hand_translation_m"": null, ""selected_step"": ""r2_bearing_right"", ""step_attempt"": 1, ""step_elapsed_s"": 17.940814162022434, ""step_event_index"": 80, ""total_hand_translation_m"": null, ""trial_finished_elapsed_s"": null, ""trial_recording"": true, ""trial_required_tool_ids"": [21, 34]}"
2026-09-04T17:26:38.161-04:00,apoorva,gesture,hover,hover,r2_bearing_right,Row 2.1: bearing into right stand,ready,1,81,21,GEAR_STAND_ROW2_RIGHT,,,,,,,,,,,,,,,,,,,,,,,"{""acquired_tool_ids"": [], ""acquisition_complete"": false, ""completed_steps"": [], ""head_rotation_deg"": null, ""head_translation_m"": null, ""left_hand_translation_m"": null, ""removed_tool_ids"": [], ""right_hand_translation_m"": null, ""selected_step"": ""r2_bearing_right"", ""step_attempt"": 1, ""step_elapsed_s"": 18.143764810054563, ""step_event_index"": 81, ""total_hand_translation_m"": null, ""trial_finished_elapsed_s"": null, ""trial_recording"": true, ""trial_required_tool_ids"": [21, 34]}"
2026-09-04T17:26:38.238-04:00,apoorva,gesture,tts_queued,lifecycle,r2_bearing_right,Row 2.1: bearing into right stand,ready,1,82,,,,18.220770,,,,,,,,,,,,,,,,Row 2 right stand,,,replace_hover,,"{""acquired_tool_ids"": [], ""acquisition_complete"": false, ""completed_steps"": [], ""head_rotation_deg"": null, ""head_translation_m"": null, ""left_hand_translation_m"": null, ""removed_tool_ids"": [], ""right_hand_translation_m"": null, ""selected_step"": ""r2_bearing_right"", ""step_attempt"": 1, ""step_elapsed_s"": 18.220782036078162, ""step_event_index"": 82, ""total_hand_translation_m"": null, ""trial_finished_elapsed_s"": null, ""trial_recording"": true, ""trial_required_tool_ids"": [21, 34]}"
2026-09-04T17:26:38.305-04:00,apoorva,gesture,tts_finished,lifecycle,r2_bearing_right,Row 2.1: bearing into right stand,ready,1,83,,,,18.287894,,,,,,,,,,,,,,,,Row 1 right stand,,,,,"{""acquired_tool_ids"": [], ""acquisition_complete"": false, ""completed_steps"": [], ""head_rotation_deg"": null, ""head_translation_m"": null, ""left_hand_translation_m"": null, ""removed_tool_ids"": [], ""right_hand_translation_m"": null, ""selected_step"": ""r2_bearing_right"", ""step_attempt"": 1, ""step_elapsed_s"": 18.287902896059677, ""step_event_index"": 83, ""total_hand_translation_m"": null, ""trial_finished_elapsed_s"": null, ""trial_recording"": true, ""trial_required_tool_ids"": [21, 34]}"
2026-09-04T17:26:38.335-04:00,apoorva,gesture,tts_started,lifecycle,r2_bearing_right,Row 2.1: bearing into right stand,ready,1,84,,,,18.318372,,,,,,,,,,,,,,,,Row 2 right stand,,,,,"{""acquired_tool_ids"": [], ""acquisition_complete"": false, ""completed_steps"": [], ""head_rotation_deg"": null, ""head_translation_m"": null, ""left_hand_translation_m"": null, ""removed_tool_ids"": [], ""right_hand_translation_m"": null, ""selected_step"": ""r2_bearing_right"", ""step_attempt"": 1, ""step_elapsed_s"": 18.318383535020985, ""step_event_index"": 84, ""total_hand_translation_m"": null, ""trial_finished_elapsed_s"": null, ""trial_recording"": true, ""trial_required_tool_ids"": [21, 34]}"
2026-09-04T17:26:39.620-04:00,apoorva,gesture,part_selection,click,r2_bearing_right,Row 2.1: bearing into right stand,ready,1,85,21,GEAR_STAND_ROW2_RIGHT,19.603396,19.603396,,,,,,,,,,,,,,,1,,,,,,"{""acquired_tool_ids"": [21], ""acquisition_complete"": false, ""completed_steps"": [], ""head_rotation_deg"": null, ""head_translation_m"": null, ""left_hand_translation_m"": null, ""removed_tool_ids"": [], ""right_hand_translation_m"": null, ""selected_step"": ""r2_bearing_right"", ""step_attempt"": 1, ""step_elapsed_s"": 19.603439190075733, ""step_event_index"": 85, ""total_hand_translation_m"": null, ""trial_finished_elapsed_s"": null, ""trial_recording"": true, ""trial_required_tool_ids"": [21, 34]}"
2026-09-04T17:26:39.666-04:00,apoorva,gesture,object_acquired,click,r2_bearing_right,Row 2.1: bearing into right stand,ready,1,86,21,GEAR_STAND_ROW2_RIGHT,19.603396,19.603396,,,,,,,,,,,,,,,1,,,,,,"{""acquired_tool_ids"": [21], ""acquisition_complete"": false, ""completed_steps"": [], ""head_rotation_deg"": null, ""head_translation_m"": null, ""left_hand_translation_m"": null, ""removed_tool_ids"": [], ""right_hand_translation_m"": null, ""selected_step"": ""r2_bearing_right"", ""step_attempt"": 1, ""step_elapsed_s"": 19.649463550071232, ""step_event_index"": 86, ""total_hand_translation_m"": null, ""trial_finished_elapsed_s"": null, ""trial_recording"": true, ""trial_required_tool_ids"": [21, 34]}"
2026-09-04T17:26:39.727-04:00,apoorva,gesture,tts_queued,lifecycle,r2_bearing_right,Row 2.1: bearing into right stand,ready,1,87,,,,19.709579,,,,,,,,,,,,,,,,1 part left.,,,replace,,"{""acquired_tool_ids"": [21], ""acquisition_complete"": false, ""completed_steps"": [], ""head_rotation_deg"": null, ""head_translation_m"": null, ""left_hand_translation_m"": null, ""removed_tool_ids"": [], ""right_hand_translation_m"": null, ""selected_step"": ""r2_bearing_right"", ""step_attempt"": 1, ""step_elapsed_s"": 19.709603438037448, ""step_event_index"": 87, ""total_hand_translation_m"": null, ""trial_finished_elapsed_s"": null, ""trial_recording"": true, ""trial_required_tool_ids"": [21, 34]}"
2026-09-04T17:26:39.788-04:00,apoorva,gesture,tts_finished,lifecycle,r2_bearing_right,Row 2.1: bearing into right stand,ready,1,88,,,,19.770956,,,,,,,,,,,,,,,,Row 2 right stand,,,,,"{""acquired_tool_ids"": [21], ""acquisition_complete"": false, ""completed_steps"": [], ""head_rotation_deg"": null, ""head_translation_m"": null, ""left_hand_translation_m"": null, ""removed_tool_ids"": [], ""right_hand_translation_m"": null, ""selected_step"": ""r2_bearing_right"", ""step_attempt"": 1, ""step_elapsed_s"": 19.77097243606113, ""step_event_index"": 88, ""total_hand_translation_m"": null, ""trial_finished_elapsed_s"": null, ""trial_recording"": true, ""trial_required_tool_ids"": [21, 34]}"
2026-09-04T17:26:39.834-04:00,apoorva,gesture,tts_started,lifecycle,r2_bearing_right,Row 2.1: bearing into right stand,ready,1,89,,,,19.817446,,,,,,,,,,,,,,,,1 part left.,,,,,"{""acquired_tool_ids"": [21], ""acquisition_complete"": false, ""completed_steps"": [], ""head_rotation_deg"": null, ""head_translation_m"": null, ""left_hand_translation_m"": null, ""removed_tool_ids"": [], ""right_hand_translation_m"": null, ""selected_step"": ""r2_bearing_right"", ""step_attempt"": 1, ""step_elapsed_s"": 19.817457032040693, ""step_event_index"": 89, ""total_hand_translation_m"": null, ""trial_finished_elapsed_s"": null, ""trial_recording"": true, ""trial_required_tool_ids"": [21, 34]}"
2026-09-04T17:26:39.916-04:00,apoorva,gesture,hover,hover,r2_bearing_right,Row 2.1: bearing into right stand,ready,1,90,23,GEAR_STAND_ROW3_RIGHT,,,,,,,,,,,,,,,,,,,,,,,"{""acquired_tool_ids"": [21], ""acquisition_complete"": false, ""completed_steps"": [], ""head_rotation_deg"": null, ""head_translation_m"": null, ""left_hand_translation_m"": null, ""removed_tool_ids"": [], ""right_hand_translation_m"": null, ""selected_step"": ""r2_bearing_right"", ""step_attempt"": 1, ""step_elapsed_s"": 19.898929268005304, ""step_event_index"": 90, ""total_hand_translation_m"": null, ""trial_finished_elapsed_s"": null, ""trial_recording"": true, ""trial_required_tool_ids"": [21, 34]}"
2026-09-04T17:26:40.052-04:00,apoorva,gesture,tts_queued,lifecycle,r2_bearing_right,Row 2.1: bearing into right stand,ready,1,91,,,,20.034807,,,,,,,,,,,,,,,,Row 3 right stand,,,replace_hover,,"{""acquired_tool_ids"": [21], ""acquisition_complete"": false, ""completed_steps"": [], ""head_rotation_deg"": null, ""head_translation_m"": null, ""left_hand_translation_m"": null, ""removed_tool_ids"": [], ""right_hand_translation_m"": null, ""selected_step"": ""r2_bearing_right"", ""step_attempt"": 1, ""step_elapsed_s"": 20.03481931402348, ""step_event_index"": 91, ""total_hand_translation_m"": null, ""trial_finished_elapsed_s"": null, ""trial_recording"": true, ""trial_required_tool_ids"": [21, 34]}"
2026-09-04T17:26:40.121-04:00,apoorva,gesture,hover,hover,r2_bearing_right,Row 2.1: bearing into right stand,ready,1,92,21,GEAR_STAND_ROW2_RIGHT,,,,,,,,,,,,,,,,,,,,,,,"{""acquired_tool_ids"": [21], ""acquisition_complete"": false, ""completed_steps"": [], ""head_rotation_deg"": null, ""head_translation_m"": null, ""left_hand_translation_m"": null, ""removed_tool_ids"": [], ""right_hand_translation_m"": null, ""selected_step"": ""r2_bearing_right"", ""step_attempt"": 1, ""step_elapsed_s"": 20.104159209062345, ""step_event_index"": 92, ""total_hand_translation_m"": null, ""trial_finished_elapsed_s"": null, ""trial_recording"": true, ""trial_required_tool_ids"": [21, 34]}"
2026-09-04T17:26:40.186-04:00,apoorva,gesture,tts_queued,lifecycle,r2_bearing_right,Row 2.1: bearing into right stand,ready,1,93,,,,20.168729,,,,,,,,,,,,,,,,Row 2 right stand,,,replace_hover,,"{""acquired_tool_ids"": [21], ""acquisition_complete"": false, ""completed_steps"": [], ""head_rotation_deg"": null, ""head_translation_m"": null, ""left_hand_translation_m"": null, ""removed_tool_ids"": [], ""right_hand_translation_m"": null, ""selected_step"": ""r2_bearing_right"", ""step_attempt"": 1, ""step_elapsed_s"": 20.168740220018663, ""step_event_index"": 93, ""total_hand_translation_m"": null, ""trial_finished_elapsed_s"": null, ""trial_recording"": true, ""trial_required_tool_ids"": [21, 34]}"
2026-09-04T17:26:40.266-04:00,apoorva,gesture,tts_finished,lifecycle,r2_bearing_right,Row 2.1: bearing into right stand,ready,1,94,,,,20.248807,,,,,,,,,,,,,,,,1 part left.,,,,,"{""acquired_tool_ids"": [21], ""acquisition_complete"": false, ""completed_steps"": [], ""head_rotation_deg"": null, ""head_translation_m"": null, ""left_hand_translation_m"": null, ""removed_tool_ids"": [], ""right_hand_translation_m"": null, ""selected_step"": ""r2_bearing_right"", ""step_attempt"": 1, ""step_elapsed_s"": 20.24882196309045, ""step_event_index"": 94, ""total_hand_translation_m"": null, ""trial_finished_elapsed_s"": null, ""trial_recording"": true, ""trial_required_tool_ids"": [21, 34]}"
2026-09-04T17:26:40.374-04:00,apoorva,gesture,tts_started,lifecycle,r2_bearing_right,Row 2.1: bearing into right stand,ready,1,95,,,,20.357514,,,,,,,,,,,,,,,,Row 3 right stand,,,,,"{""acquired_tool_ids"": [21], ""acquisition_complete"": false, ""completed_steps"": [], ""head_rotation_deg"": null, ""head_translation_m"": null, ""left_hand_translation_m"": null, ""removed_tool_ids"": [], ""right_hand_translation_m"": null, ""selected_step"": ""r2_bearing_right"", ""step_attempt"": 1, ""step_elapsed_s"": 20.357525745988823, ""step_event_index"": 95, ""total_hand_translation_m"": null, ""trial_finished_elapsed_s"": null, ""trial_recording"": true, ""trial_required_tool_ids"": [21, 34]}"
2026-09-04T17:26:40.417-04:00,apoorva,gesture,tts_finished,lifecycle,r2_bearing_right,Row 2.1: bearing into right stand,ready,1,96,,,,20.399579,,,,,,,,,,,,,,,,Row 3 right stand,,,,,"{""acquired_tool_ids"": [21], ""acquisition_complete"": false, ""completed_steps"": [], ""head_rotation_deg"": null, ""head_translation_m"": null, ""left_hand_translation_m"": null, ""removed_tool_ids"": [], ""right_hand_translation_m"": null, ""selected_step"": ""r2_bearing_right"", ""step_attempt"": 1, ""step_elapsed_s"": 20.399592037079856, ""step_event_index"": 96, ""total_hand_translation_m"": null, ""trial_finished_elapsed_s"": null, ""trial_recording"": true, ""trial_required_tool_ids"": [21, 34]}"
2026-09-04T17:26:40.474-04:00,apoorva,gesture,tts_started,lifecycle,r2_bearing_right,Row 2.1: bearing into right stand,ready,1,97,,,,20.456995,,,,,,,,,,,,,,,,Row 2 right stand,,,,,"{""acquired_tool_ids"": [21], ""acquisition_complete"": false, ""completed_steps"": [], ""head_rotation_deg"": null, ""head_translation_m"": null, ""left_hand_translation_m"": null, ""removed_tool_ids"": [], ""right_hand_translation_m"": null, ""selected_step"": ""r2_bearing_right"", ""step_attempt"": 1, ""step_elapsed_s"": 20.45700738602318, ""step_event_index"": 97, ""total_hand_translation_m"": null, ""trial_finished_elapsed_s"": null, ""trial_recording"": true, ""trial_required_tool_ids"": [21, 34]}"
2026-09-04T17:26:41.640-04:00,apoorva,gesture,part_selection,click,r2_bearing_right,Row 2.1: bearing into right stand,ready,1,98,21,GEAR_STAND_ROW2_RIGHT,2.019452,21.622848,,,,,,,,,,,,,,,1,,,,,,"{""acquired_tool_ids"": [21], ""acquisition_complete"": false, ""completed_steps"": [], ""head_rotation_deg"": null, ""head_translation_m"": null, ""left_hand_translation_m"": null, ""removed_tool_ids"": [], ""right_hand_translation_m"": null, ""selected_step"": ""r2_bearing_right"", ""step_attempt"": 1, ""step_elapsed_s"": 21.622892616083845, ""step_event_index"": 98, ""total_hand_translation_m"": null, ""trial_finished_elapsed_s"": null, ""trial_recording"": true, ""trial_required_tool_ids"": [21, 34]}"
2026-09-04T17:26:41.691-04:00,apoorva,gesture,tts_queued,lifecycle,r2_bearing_right,Row 2.1: bearing into right stand,ready,1,99,,,,21.674573,,,,,,,,,,,,,,,,1 part left.,,,replace,,"{""acquired_tool_ids"": [21], ""acquisition_complete"": false, ""completed_steps"": [], ""head_rotation_deg"": null, ""head_translation_m"": null, ""left_hand_translation_m"": null, ""removed_tool_ids"": [], ""right_hand_translation_m"": null, ""selected_step"": ""r2_bearing_right"", ""step_attempt"": 1, ""step_elapsed_s"": 21.674582340056077, ""step_event_index"": 99, ""total_hand_translation_m"": null, ""trial_finished_elapsed_s"": null, ""trial_recording"": true, ""trial_required_tool_ids"": [21, 34]}"
2026-09-04T17:26:41.761-04:00,apoorva,gesture,tts_finished,lifecycle,r2_bearing_right,Row 2.1: bearing into right stand,ready,1,100,,,,21.743853,,,,,,,,,,,,,,,,Row 2 right stand,,,,,"{""acquired_tool_ids"": [21], ""acquisition_complete"": false, ""completed_steps"": [], ""head_rotation_deg"": null, ""head_translation_m"": null, ""left_hand_translation_m"": null, ""removed_tool_ids"": [], ""right_hand_translation_m"": null, ""selected_step"": ""r2_bearing_right"", ""step_attempt"": 1, ""step_elapsed_s"": 21.743866464006715, ""step_event_index"": 100, ""total_hand_translation_m"": null, ""trial_finished_elapsed_s"": null, ""trial_recording"": true, ""trial_required_tool_ids"": [21, 34]}"
2026-09-04T17:26:41.799-04:00,apoorva,gesture,tts_started,lifecycle,r2_bearing_right,Row 2.1: bearing into right stand,ready,1,101,,,,21.781625,,,,,,,,,,,,,,,,1 part left.,,,,,"{""acquired_tool_ids"": [21], ""acquisition_complete"": false, ""completed_steps"": [], ""head_rotation_deg"": null, ""head_translation_m"": null, ""left_hand_translation_m"": null, ""removed_tool_ids"": [], ""right_hand_translation_m"": null, ""selected_step"": ""r2_bearing_right"", ""step_attempt"": 1, ""step_elapsed_s"": 21.781634959043004, ""step_event_index"": 101, ""total_hand_translation_m"": null, ""trial_finished_elapsed_s"": null, ""trial_recording"": true, ""trial_required_tool_ids"": [21, 34]}"
2026-09-04T17:26:42.896-04:00,apoorva,gesture,tts_finished,lifecycle,r2_bearing_right,Row 2.1: bearing into right stand,ready,1,102,,,,22.878933,,,,,,,,,,,,,,,,1 part left.,,,,,"{""acquired_tool_ids"": [21], ""acquisition_complete"": false, ""completed_steps"": [], ""head_rotation_deg"": null, ""head_translation_m"": null, ""left_hand_translation_m"": null, ""removed_tool_ids"": [], ""right_hand_translation_m"": null, ""selected_step"": ""r2_bearing_right"", ""step_attempt"": 1, ""step_elapsed_s"": 22.87894542806316, ""step_event_index"": 102, ""total_hand_translation_m"": null, ""trial_finished_elapsed_s"": null, ""trial_recording"": true, ""trial_required_tool_ids"": [21, 34]}"
2026-09-04T17:26:43.861-04:00,apoorva,gesture,hover,hover,r2_bearing_right,Row 2.1: bearing into right stand,ready,1,103,19,GEAR_STAND_ROW1_RIGHT,,,,,,,,,,,,,,,,,,,,,,,"{""acquired_tool_ids"": [21], ""acquisition_complete"": false, ""completed_steps"": [], ""head_rotation_deg"": null, ""head_translation_m"": null, ""left_hand_translation_m"": null, ""removed_tool_ids"": [], ""right_hand_translation_m"": null, ""selected_step"": ""r2_bearing_right"", ""step_attempt"": 1, ""step_elapsed_s"": 23.843919997103512, ""step_event_index"": 103, ""total_hand_translation_m"": null, ""trial_finished_elapsed_s"": null, ""trial_recording"": true, ""trial_required_tool_ids"": [21, 34]}"
2026-09-04T17:26:43.927-04:00,apoorva,gesture,tts_queued,lifecycle,r2_bearing_right,Row 2.1: bearing into right stand,ready,1,104,,,,23.910448,,,,,,,,,,,,,,,,Row 1 right stand,,,replace_hover,,"{""acquired_tool_ids"": [21], ""acquisition_complete"": false, ""completed_steps"": [], ""head_rotation_deg"": null, ""head_translation_m"": null, ""left_hand_translation_m"": null, ""removed_tool_ids"": [], ""right_hand_translation_m"": null, ""selected_step"": ""r2_bearing_right"", ""step_attempt"": 1, ""step_elapsed_s"": 23.91045700001996, ""step_event_index"": 104, ""total_hand_translation_m"": null, ""trial_finished_elapsed_s"": null, ""trial_recording"": true, ""trial_required_tool_ids"": [21, 34]}"
2026-09-04T17:26:43.982-04:00,apoorva,gesture,tts_started,lifecycle,r2_bearing_right,Row 2.1: bearing into right stand,ready,1,105,,,,23.964871,,,,,,,,,,,,,,,,Row 1 right stand,,,,,"{""acquired_tool_ids"": [21], ""acquisition_complete"": false, ""completed_steps"": [], ""head_rotation_deg"": null, ""head_translation_m"": null, ""left_hand_translation_m"": null, ""removed_tool_ids"": [], ""right_hand_translation_m"": null, ""selected_step"": ""r2_bearing_right"", ""step_attempt"": 1, ""step_elapsed_s"": 23.964883742039092, ""step_event_index"": 105, ""total_hand_translation_m"": null, ""trial_finished_elapsed_s"": null, ""trial_recording"": true, ""trial_required_tool_ids"": [21, 34]}"
2026-09-04T17:26:44.319-04:00,apoorva,gesture,hover,hover,r2_bearing_right,Row 2.1: bearing into right stand,ready,1,106,21,GEAR_STAND_ROW2_RIGHT,,,,,,,,,,,,,,,,,,,,,,,"{""acquired_tool_ids"": [21], ""acquisition_complete"": false, ""completed_steps"": [], ""head_rotation_deg"": null, ""head_translation_m"": null, ""left_hand_translation_m"": null, ""removed_tool_ids"": [], ""right_hand_translation_m"": null, ""selected_step"": ""r2_bearing_right"", ""step_attempt"": 1, ""step_elapsed_s"": 24.302244878024794, ""step_event_index"": 106, ""total_hand_translation_m"": null, ""trial_finished_elapsed_s"": null, ""trial_recording"": true, ""trial_required_tool_ids"": [21, 34]}"
2026-09-04T17:26:44.354-04:00,apoorva,gesture,tts_queued,lifecycle,r2_bearing_right,Row 2.1: bearing into right stand,ready,1,107,,,,24.337231,,,,,,,,,,,,,,,,Row 2 right stand,,,replace_hover,,"{""acquired_tool_ids"": [21], ""acquisition_complete"": false, ""completed_steps"": [], ""head_rotation_deg"": null, ""head_translation_m"": null, ""left_hand_translation_m"": null, ""removed_tool_ids"": [], ""right_hand_translation_m"": null, ""selected_step"": ""r2_bearing_right"", ""step_attempt"": 1, ""step_elapsed_s"": 24.33723941806238, ""step_event_index"": 107, ""total_hand_translation_m"": null, ""trial_finished_elapsed_s"": null, ""trial_recording"": true, ""trial_required_tool_ids"": [21, 34]}"
2026-09-04T17:26:44.377-04:00,apoorva,gesture,tts_finished,lifecycle,r2_bearing_right,Row 2.1: bearing into right stand,ready,1,108,,,,24.359697,,,,,,,,,,,,,,,,Row 1 right stand,,,,,"{""acquired_tool_ids"": [21], ""acquisition_complete"": false, ""completed_steps"": [], ""head_rotation_deg"": null, ""head_translation_m"": null, ""left_hand_translation_m"": null, ""removed_tool_ids"": [], ""right_hand_translation_m"": null, ""selected_step"": ""r2_bearing_right"", ""step_attempt"": 1, ""step_elapsed_s"": 24.35970724199433, ""step_event_index"": 108, ""total_hand_translation_m"": null, ""trial_finished_elapsed_s"": null, ""trial_recording"": true, ""trial_required_tool_ids"": [21, 34]}"
2026-09-04T17:26:44.409-04:00,apoorva,gesture,tts_started,lifecycle,r2_bearing_right,Row 2.1: bearing into right stand,ready,1,109,,,,24.391592,,,,,,,,,,,,,,,,Row 2 right stand,,,,,"{""acquired_tool_ids"": [21], ""acquisition_complete"": false, ""completed_steps"": [], ""head_rotation_deg"": null, ""head_translation_m"": null, ""left_hand_translation_m"": null, ""removed_tool_ids"": [], ""right_hand_translation_m"": null, ""selected_step"": ""r2_bearing_right"", ""step_attempt"": 1, ""step_elapsed_s"": 24.391602540039457, ""step_event_index"": 109, ""total_hand_translation_m"": null, ""trial_finished_elapsed_s"": null, ""trial_recording"": true, ""trial_required_tool_ids"": [21, 34]}"
2026-09-04T17:26:46.011-04:00,apoorva,gesture,tts_finished,lifecycle,r2_bearing_right,Row 2.1: bearing into right stand,ready,1,110,,,,25.993765,,,,,,,,,,,,,,,,Row 2 right stand,,,,,"{""acquired_tool_ids"": [21], ""acquisition_complete"": false, ""completed_steps"": [], ""head_rotation_deg"": null, ""head_translation_m"": null, ""left_hand_translation_m"": null, ""removed_tool_ids"": [], ""right_hand_translation_m"": null, ""selected_step"": ""r2_bearing_right"", ""step_attempt"": 1, ""step_elapsed_s"": 25.993777857045643, ""step_event_index"": 110, ""total_hand_translation_m"": null, ""trial_finished_elapsed_s"": null, ""trial_recording"": true, ""trial_required_tool_ids"": [21, 34]}"
2026-09-04T17:26:50.818-04:00,apoorva,gesture,hover,hover,r2_bearing_right,Row 2.1: bearing into right stand,ready,1,111,31,GEAR_ROW4_LEFT,,,,,,,,,,,,,,,,,,,,,,,"{""acquired_tool_ids"": [21], ""acquisition_complete"": false, ""completed_steps"": [], ""head_rotation_deg"": null, ""head_translation_m"": null, ""left_hand_translation_m"": null, ""removed_tool_ids"": [], ""right_hand_translation_m"": null, ""selected_step"": ""r2_bearing_right"", ""step_attempt"": 1, ""step_elapsed_s"": 30.80098097003065, ""step_event_index"": 111, ""total_hand_translation_m"": null, ""trial_finished_elapsed_s"": null, ""trial_recording"": true, ""trial_required_tool_ids"": [21, 34]}"
2026-09-04T17:26:50.854-04:00,apoorva,gesture,tts_queued,lifecycle,r2_bearing_right,Row 2.1: bearing into right stand,ready,1,112,,,,30.837066,,,,,,,,,,,,,,,,Row 4 left gear,,,replace_hover,,"{""acquired_tool_ids"": [21], ""acquisition_complete"": false, ""completed_steps"": [], ""head_rotation_deg"": null, ""head_translation_m"": null, ""left_hand_translation_m"": null, ""removed_tool_ids"": [], ""right_hand_translation_m"": null, ""selected_step"": ""r2_bearing_right"", ""step_attempt"": 1, ""step_elapsed_s"": 30.837074948009104, ""step_event_index"": 112, ""total_hand_translation_m"": null, ""trial_finished_elapsed_s"": null, ""trial_recording"": true, ""trial_required_tool_ids"": [21, 34]}"
2026-09-04T17:26:50.925-04:00,apoorva,gesture,hover,hover,r2_bearing_right,Row 2.1: bearing into right stand,ready,1,113,26,GEAR_ROW1_LEFT,,,,,,,,,,,,,,,,,,,,,,,"{""acquired_tool_ids"": [21], ""acquisition_complete"": false, ""completed_steps"": [], ""head_rotation_deg"": null, ""head_translation_m"": null, ""left_hand_translation_m"": null, ""removed_tool_ids"": [], ""right_hand_translation_m"": null, ""selected_step"": ""r2_bearing_right"", ""step_attempt"": 1, ""step_elapsed_s"": 30.907723168027587, ""step_event_index"": 113, ""total_hand_translation_m"": null, ""trial_finished_elapsed_s"": null, ""trial_recording"": true, ""trial_required_tool_ids"": [21, 34]}"
2026-09-04T17:26:50.961-04:00,apoorva,gesture,tts_queued,lifecycle,r2_bearing_right,Row 2.1: bearing into right stand,ready,1,114,,,,30.944363,,,,,,,,,,,,,,,,Row 1 left gear,,,replace_hover,,"{""acquired_tool_ids"": [21], ""acquisition_complete"": false, ""completed_steps"": [], ""head_rotation_deg"": null, ""head_translation_m"": null, ""left_hand_translation_m"": null, ""removed_tool_ids"": [], ""right_hand_translation_m"": null, ""selected_step"": ""r2_bearing_right"", ""step_attempt"": 1, ""step_elapsed_s"": 30.944375168997794, ""step_event_index"": 114, ""total_hand_translation_m"": null, ""trial_finished_elapsed_s"": null, ""trial_recording"": true, ""trial_required_tool_ids"": [21, 34]}"
2026-09-04T17:26:51.061-04:00,apoorva,gesture,hover,hover,r2_bearing_right,Row 2.1: bearing into right stand,ready,1,115,31,GEAR_ROW4_LEFT,,,,,,,,,,,,,,,,,,,,,,,"{""acquired_tool_ids"": [21], ""acquisition_complete"": false, ""completed_steps"": [], ""head_rotation_deg"": null, ""head_translation_m"": null, ""left_hand_translation_m"": null, ""removed_tool_ids"": [], ""right_hand_translation_m"": null, ""selected_step"": ""r2_bearing_right"", ""step_attempt"": 1, ""step_elapsed_s"": 31.043606091989204, ""step_event_index"": 115, ""total_hand_translation_m"": null, ""trial_finished_elapsed_s"": null, ""trial_recording"": true, ""trial_required_tool_ids"": [21, 34]}"
2026-09-04T17:26:51.149-04:00,apoorva,gesture,tts_queued,lifecycle,r2_bearing_right,Row 2.1: bearing into right stand,ready,1,116,,,,31.131744,,,,,,,,,,,,,,,,Row 4 left gear,,,replace_hover,,"{""acquired_tool_ids"": [21], ""acquisition_complete"": false, ""completed_steps"": [], ""head_rotation_deg"": null, ""head_translation_m"": null, ""left_hand_translation_m"": null, ""removed_tool_ids"": [], ""right_hand_translation_m"": null, ""selected_step"": ""r2_bearing_right"", ""step_attempt"": 1, ""step_elapsed_s"": 31.131754104048014, ""step_event_index"": 116, ""total_hand_translation_m"": null, ""trial_finished_elapsed_s"": null, ""trial_recording"": true, ""trial_required_tool_ids"": [21, 34]}"
2026-09-04T17:26:51.309-04:00,apoorva,gesture,hover,hover,r2_bearing_right,Row 2.1: bearing into right stand,ready,1,117,32,CRANK_HANDLE,,,,,,,,,,,,,,,,,,,,,,,"{""acquired_tool_ids"": [21], ""acquisition_complete"": false, ""completed_steps"": [], ""head_rotation_deg"": null, ""head_translation_m"": null, ""left_hand_translation_m"": null, ""removed_tool_ids"": [], ""right_hand_translation_m"": null, ""selected_step"": ""r2_bearing_right"", ""step_attempt"": 1, ""step_elapsed_s"": 31.291772984084673, ""step_event_index"": 117, ""total_hand_translation_m"": null, ""trial_finished_elapsed_s"": null, ""trial_recording"": true, ""trial_required_tool_ids"": [21, 34]}"
2026-09-04T17:26:51.386-04:00,apoorva,gesture,tts_queued,lifecycle,r2_bearing_right,Row 2.1: bearing into right stand,ready,1,118,,,,31.369504,,,,,,,,,,,,,,,,handle,,,replace_hover,,"{""acquired_tool_ids"": [21], ""acquisition_complete"": false, ""completed_steps"": [], ""head_rotation_deg"": null, ""head_translation_m"": null, ""left_hand_translation_m"": null, ""removed_tool_ids"": [], ""right_hand_translation_m"": null, ""selected_step"": ""r2_bearing_right"", ""step_attempt"": 1, ""step_elapsed_s"": 31.36951651610434, ""step_event_index"": 118, ""total_hand_translation_m"": null, ""trial_finished_elapsed_s"": null, ""trial_recording"": true, ""trial_required_tool_ids"": [21, 34]}"
2026-09-04T17:26:51.515-04:00,apoorva,gesture,hover,hover,r2_bearing_right,Row 2.1: bearing into right stand,ready,1,119,34,BEARINGS,,,,,,,,,,,,,,,,,,,,,,,"{""acquired_tool_ids"": [21], ""acquisition_complete"": false, ""completed_steps"": [], ""head_rotation_deg"": null, ""head_translation_m"": null, ""left_hand_translation_m"": null, ""removed_tool_ids"": [], ""right_hand_translation_m"": null, ""selected_step"": ""r2_bearing_right"", ""step_attempt"": 1, ""step_elapsed_s"": 31.497883238014765, ""step_event_index"": 119, ""total_hand_translation_m"": null, ""trial_finished_elapsed_s"": null, ""trial_recording"": true, ""trial_required_tool_ids"": [21, 34]}"
2026-09-04T17:26:51.597-04:00,apoorva,gesture,tts_queued,lifecycle,r2_bearing_right,Row 2.1: bearing into right stand,ready,1,120,,,,31.580187,,,,,,,,,,,,,,,,bearing,,,replace_hover,,"{""acquired_tool_ids"": [21], ""acquisition_complete"": false, ""completed_steps"": [], ""head_rotation_deg"": null, ""head_translation_m"": null, ""left_hand_translation_m"": null, ""removed_tool_ids"": [], ""right_hand_translation_m"": null, ""selected_step"": ""r2_bearing_right"", ""step_attempt"": 1, ""step_elapsed_s"": 31.580200240015984, ""step_event_index"": 120, ""total_hand_translation_m"": null, ""trial_finished_elapsed_s"": null, ""trial_recording"": true, ""trial_required_tool_ids"": [21, 34]}"
2026-09-04T17:26:51.676-04:00,apoorva,gesture,hover,hover,r2_bearing_right,Row 2.1: bearing into right stand,ready,1,121,30,GEAR_ROW3_RIGHT,,,,,,,,,,,,,,,,,,,,,,,"{""acquired_tool_ids"": [21], ""acquisition_complete"": false, ""completed_steps"": [], ""head_rotation_deg"": null, ""head_translation_m"": null, ""left_hand_translation_m"": null, ""removed_tool_ids"": [], ""right_hand_translation_m"": null, ""selected_step"": ""r2_bearing_right"", ""step_attempt"": 1, ""step_elapsed_s"": 31.659482545102946, ""step_event_index"": 121, ""total_hand_translation_m"": null, ""trial_finished_elapsed_s"": null, ""trial_recording"": true, ""trial_required_tool_ids"": [21, 34]}"
2026-09-04T17:26:51.745-04:00,apoorva,gesture,tts_queued,lifecycle,r2_bearing_right,Row 2.1: bearing into right stand,ready,1,122,,,,31.728533,,,,,,,,,,,,,,,,Row 3 right gear,,,replace_hover,,"{""acquired_tool_ids"": [21], ""acquisition_complete"": false, ""completed_steps"": [], ""head_rotation_deg"": null, ""head_translation_m"": null, ""left_hand_translation_m"": null, ""removed_tool_ids"": [], ""right_hand_translation_m"": null, ""selected_step"": ""r2_bearing_right"", ""step_attempt"": 1, ""step_elapsed_s"": 31.728546380996704, ""step_event_index"": 122, ""total_hand_translation_m"": null, ""trial_finished_elapsed_s"": null, ""trial_recording"": true, ""trial_required_tool_ids"": [21, 34]}"
2026-09-04T17:26:51.851-04:00,apoorva,gesture,hover,hover,r2_bearing_right,Row 2.1: bearing into right stand,ready,1,123,27,GEAR_ROW2_LEFT,,,,,,,,,,,,,,,,,,,,,,,"{""acquired_tool_ids"": [21], ""acquisition_complete"": false, ""completed_steps"": [], ""head_rotation_deg"": null, ""head_translation_m"": null, ""left_hand_translation_m"": null, ""removed_tool_ids"": [], ""right_hand_translation_m"": null, ""selected_step"": ""r2_bearing_right"", ""step_attempt"": 1, ""step_elapsed_s"": 31.834016284090467, ""step_event_index"": 123, ""total_hand_translation_m"": null, ""trial_finished_elapsed_s"": null, ""trial_recording"": true, ""trial_required_tool_ids"": [21, 34]}"
2026-09-04T17:26:51.947-04:00,apoorva,gesture,tts_queued,lifecycle,r2_bearing_right,Row 2.1: bearing into right stand,ready,1,124,,,,31.929751,,,,,,,,,,,,,,,,Row 2 left gear,,,replace_hover,,"{""acquired_tool_ids"": [21], ""acquisition_complete"": false, ""completed_steps"": [], ""head_rotation_deg"": null, ""head_translation_m"": null, ""left_hand_translation_m"": null, ""removed_tool_ids"": [], ""right_hand_translation_m"": null, ""selected_step"": ""r2_bearing_right"", ""step_attempt"": 1, ""step_elapsed_s"": 31.929763273103163, ""step_event_index"": 124, ""total_hand_translation_m"": null, ""trial_finished_elapsed_s"": null, ""trial_recording"": true, ""trial_required_tool_ids"": [21, 34]}"
2026-09-04T17:26:52.048-04:00,apoorva,gesture,hover,hover,r2_bearing_right,Row 2.1: bearing into right stand,ready,1,125,28,GEAR_ROW2_RIGHT,,,,,,,,,,,,,,,,,,,,,,,"{""acquired_tool_ids"": [21], ""acquisition_complete"": false, ""completed_steps"": [], ""head_rotation_deg"": null, ""head_translation_m"": null, ""left_hand_translation_m"": null, ""removed_tool_ids"": [], ""right_hand_translation_m"": null, ""selected_step"": ""r2_bearing_right"", ""step_attempt"": 1, ""step_elapsed_s"": 32.031300400034525, ""step_event_index"": 125, ""total_hand_translation_m"": null, ""trial_finished_elapsed_s"": null, ""trial_recording"": true, ""trial_required_tool_ids"": [21, 34]}"
2026-09-04T17:26:52.097-04:00,apoorva,gesture,tts_queued,lifecycle,r2_bearing_right,Row 2.1: bearing into right stand,ready,1,126,,,,32.080349,,,,,,,,,,,,,,,,Row 2 right gear,,,replace_hover,,"{""acquired_tool_ids"": [21], ""acquisition_complete"": false, ""completed_steps"": [], ""head_rotation_deg"": null, ""head_translation_m"": null, ""left_hand_translation_m"": null, ""removed_tool_ids"": [], ""right_hand_translation_m"": null, ""selected_step"": ""r2_bearing_right"", ""step_attempt"": 1, ""step_elapsed_s"": 32.080359123065136, ""step_event_index"": 126, ""total_hand_translation_m"": null, ""trial_finished_elapsed_s"": null, ""trial_recording"": true, ""trial_required_tool_ids"": [21, 34]}"
2026-09-04T17:26:52.146-04:00,apoorva,gesture,hover,hover,r2_bearing_right,Row 2.1: bearing into right stand,ready,1,127,31,GEAR_ROW4_LEFT,,,,,,,,,,,,,,,,,,,,,,,"{""acquired_tool_ids"": [21], ""acquisition_complete"": false, ""completed_steps"": [], ""head_rotation_deg"": null, ""head_translation_m"": null, ""left_hand_translation_m"": null, ""removed_tool_ids"": [], ""right_hand_translation_m"": null, ""selected_step"": ""r2_bearing_right"", ""step_attempt"": 1, ""step_elapsed_s"": 32.12885957502294, ""step_event_index"": 127, ""total_hand_translation_m"": null, ""trial_finished_elapsed_s"": null, ""trial_recording"": true, ""trial_required_tool_ids"": [21, 34]}"
2026-09-04T17:26:52.209-04:00,apoorva,gesture,tts_queued,lifecycle,r2_bearing_right,Row 2.1: bearing into right stand,ready,1,128,,,,32.191976,,,,,,,,,,,,,,,,Row 4 left gear,,,replace_hover,,"{""acquired_tool_ids"": [21], ""acquisition_complete"": false, ""completed_steps"": [], ""head_rotation_deg"": null, ""head_translation_m"": null, ""left_hand_translation_m"": null, ""removed_tool_ids"": [], ""right_hand_translation_m"": null, ""selected_step"": ""r2_bearing_right"", ""step_attempt"": 1, ""step_elapsed_s"": 32.19198827503715, ""step_event_index"": 128, ""total_hand_translation_m"": null, ""trial_finished_elapsed_s"": null, ""trial_recording"": true, ""trial_required_tool_ids"": [21, 34]}"
2026-09-04T17:26:52.317-04:00,apoorva,gesture,hover,hover,r2_bearing_right,Row 2.1: bearing into right stand,ready,1,129,26,GEAR_ROW1_LEFT,,,,,,,,,,,,,,,,,,,,,,,"{""acquired_tool_ids"": [21], ""acquisition_complete"": false, ""completed_steps"": [], ""head_rotation_deg"": null, ""head_translation_m"": null, ""left_hand_translation_m"": null, ""removed_tool_ids"": [], ""right_hand_translation_m"": null, ""selected_step"": ""r2_bearing_right"", ""step_attempt"": 1, ""step_elapsed_s"": 32.29969818308018, ""step_event_index"": 129, ""total_hand_translation_m"": null, ""trial_finished_elapsed_s"": null, ""trial_recording"": true, ""trial_required_tool_ids"": [21, 34]}"
2026-09-04T17:26:52.377-04:00,apoorva,gesture,tts_queued,lifecycle,r2_bearing_right,Row 2.1: bearing into right stand,ready,1,130,,,,32.360042,,,,,,,,,,,,,,,,Row 1 left gear,,,replace_hover,,"{""acquired_tool_ids"": [21], ""acquisition_complete"": false, ""completed_steps"": [], ""head_rotation_deg"": null, ""head_translation_m"": null, ""left_hand_translation_m"": null, ""removed_tool_ids"": [], ""right_hand_translation_m"": null, ""selected_step"": ""r2_bearing_right"", ""step_attempt"": 1, ""step_elapsed_s"": 32.36005445709452, ""step_event_index"": 130, ""total_hand_translation_m"": null, ""trial_finished_elapsed_s"": null, ""trial_recording"": true, ""trial_required_tool_ids"": [21, 34]}"
2026-09-04T17:26:52.467-04:00,apoorva,gesture,hover,hover,r2_bearing_right,Row 2.1: bearing into right stand,ready,1,131,31,GEAR_ROW4_LEFT,,,,,,,,,,,,,,,,,,,,,,,"{""acquired_tool_ids"": [21], ""acquisition_complete"": false, ""completed_steps"": [], ""head_rotation_deg"": null, ""head_translation_m"": null, ""left_hand_translation_m"": null, ""removed_tool_ids"": [], ""right_hand_translation_m"": null, ""selected_step"": ""r2_bearing_right"", ""step_attempt"": 1, ""step_elapsed_s"": 32.4503110810183, ""step_event_index"": 131, ""total_hand_translation_m"": null, ""trial_finished_elapsed_s"": null, ""trial_recording"": true, ""trial_required_tool_ids"": [21, 34]}"
2026-09-04T17:26:52.527-04:00,apoorva,gesture,tts_queued,lifecycle,r2_bearing_right,Row 2.1: bearing into right stand,ready,1,132,,,,32.510000,,,,,,,,,,,,,,,,Row 4 left gear,,,replace_hover,,"{""acquired_tool_ids"": [21], ""acquisition_complete"": false, ""completed_steps"": [], ""head_rotation_deg"": null, ""head_translation_m"": null, ""left_hand_translation_m"": null, ""removed_tool_ids"": [], ""right_hand_translation_m"": null, ""selected_step"": ""r2_bearing_right"", ""step_attempt"": 1, ""step_elapsed_s"": 32.510009585064836, ""step_event_index"": 132, ""total_hand_translation_m"": null, ""trial_finished_elapsed_s"": null, ""trial_recording"": true, ""trial_required_tool_ids"": [21, 34]}"
2026-09-04T17:26:52.625-04:00,apoorva,gesture,hover,hover,r2_bearing_right,Row 2.1: bearing into right stand,ready,1,133,28,GEAR_ROW2_RIGHT,,,,,,,,,,,,,,,,,,,,,,,"{""acquired_tool_ids"": [21], ""acquisition_complete"": false, ""completed_steps"": [], ""head_rotation_deg"": null, ""head_translation_m"": null, ""left_hand_translation_m"": null, ""removed_tool_ids"": [], ""right_hand_translation_m"": null, ""selected_step"": ""r2_bearing_right"", ""step_attempt"": 1, ""step_elapsed_s"": 32.60832782299258, ""step_event_index"": 133, ""total_hand_translation_m"": null, ""trial_finished_elapsed_s"": null, ""trial_recording"": true, ""trial_required_tool_ids"": [21, 34]}"
2026-09-04T17:26:52.674-04:00,apoorva,gesture,tts_queued,lifecycle,r2_bearing_right,Row 2.1: bearing into right stand,ready,1,134,,,,32.657067,,,,,,,,,,,,,,,,Row 2 right gear,,,replace_hover,,"{""acquired_tool_ids"": [21], ""acquisition_complete"": false, ""completed_steps"": [], ""head_rotation_deg"": null, ""head_translation_m"": null, ""left_hand_translation_m"": null, ""removed_tool_ids"": [], ""right_hand_translation_m"": null, ""selected_step"": ""r2_bearing_right"", ""step_attempt"": 1, ""step_elapsed_s"": 32.65707842505071, ""step_event_index"": 134, ""total_hand_translation_m"": null, ""trial_finished_elapsed_s"": null, ""trial_recording"": true, ""trial_required_tool_ids"": [21, 34]}"
2026-09-04T17:26:52.792-04:00,apoorva,gesture,hover,hover,r2_bearing_right,Row 2.1: bearing into right stand,ready,1,135,27,GEAR_ROW2_LEFT,,,,,,,,,,,,,,,,,,,,,,,"{""acquired_tool_ids"": [21], ""acquisition_complete"": false, ""completed_steps"": [], ""head_rotation_deg"": null, ""head_translation_m"": null, ""left_hand_translation_m"": null, ""removed_tool_ids"": [], ""right_hand_translation_m"": null, ""selected_step"": ""r2_bearing_right"", ""step_attempt"": 1, ""step_elapsed_s"": 32.7752704260638, ""step_event_index"": 135, ""total_hand_translation_m"": null, ""trial_finished_elapsed_s"": null, ""trial_recording"": true, ""trial_required_tool_ids"": [21, 34]}"
2026-09-04T17:26:52.860-04:00,apoorva,gesture,tts_queued,lifecycle,r2_bearing_right,Row 2.1: bearing into right stand,ready,1,136,,,,32.843228,,,,,,,,,,,,,,,,Row 2 left gear,,,replace_hover,,"{""acquired_tool_ids"": [21], ""acquisition_complete"": false, ""completed_steps"": [], ""head_rotation_deg"": null, ""head_translation_m"": null, ""left_hand_translation_m"": null, ""removed_tool_ids"": [], ""right_hand_translation_m"": null, ""selected_step"": ""r2_bearing_right"", ""step_attempt"": 1, ""step_elapsed_s"": 32.84324107202701, ""step_event_index"": 136, ""total_hand_translation_m"": null, ""trial_finished_elapsed_s"": null, ""trial_recording"": true, ""trial_required_tool_ids"": [21, 34]}"
2026-09-04T17:26:53.040-04:00,apoorva,gesture,hover,hover,r2_bearing_right,Row 2.1: bearing into right stand,ready,1,137,30,GEAR_ROW3_RIGHT,,,,,,,,,,,,,,,,,,,,,,,"{""acquired_tool_ids"": [21], ""acquisition_complete"": false, ""completed_steps"": [], ""head_rotation_deg"": null, ""head_translation_m"": null, ""left_hand_translation_m"": null, ""removed_tool_ids"": [], ""right_hand_translation_m"": null, ""selected_step"": ""r2_bearing_right"", ""step_attempt"": 1, ""step_elapsed_s"": 33.02327793603763, ""step_event_index"": 137, ""total_hand_translation_m"": null, ""trial_finished_elapsed_s"": null, ""trial_recording"": true, ""trial_required_tool_ids"": [21, 34]}"
2026-09-04T17:26:53.092-04:00,apoorva,gesture,tts_queued,lifecycle,r2_bearing_right,Row 2.1: bearing into right stand,ready,1,138,,,,33.074766,,,,,,,,,,,,,,,,Row 3 right gear,,,replace_hover,,"{""acquired_tool_ids"": [21], ""acquisition_complete"": false, ""completed_steps"": [], ""head_rotation_deg"": null, ""head_translation_m"": null, ""left_hand_translation_m"": null, ""removed_tool_ids"": [], ""right_hand_translation_m"": null, ""selected_step"": ""r2_bearing_right"", ""step_attempt"": 1, ""step_elapsed_s"": 33.07477921107784, ""step_event_index"": 138, ""total_hand_translation_m"": null, ""trial_finished_elapsed_s"": null, ""trial_recording"": true, ""trial_required_tool_ids"": [21, 34]}"
2026-09-04T17:26:53.186-04:00,apoorva,gesture,hover,hover,r2_bearing_right,Row 2.1: bearing into right stand,ready,1,139,29,GEAR_ROW3_LEFT,,,,,,,,,,,,,,,,,,,,,,,"{""acquired_tool_ids"": [21], ""acquisition_complete"": false, ""completed_steps"": [], ""head_rotation_deg"": null, ""head_translation_m"": null, ""left_hand_translation_m"": null, ""removed_tool_ids"": [], ""right_hand_translation_m"": null, ""selected_step"": ""r2_bearing_right"", ""step_attempt"": 1, ""step_elapsed_s"": 33.16887324908748, ""step_event_index"": 139, ""total_hand_translation_m"": null, ""trial_finished_elapsed_s"": null, ""trial_recording"": true, ""trial_required_tool_ids"": [21, 34]}"
2026-09-04T17:26:53.242-04:00,apoorva,gesture,tts_queued,lifecycle,r2_bearing_right,Row 2.1: bearing into right stand,ready,1,140,,,,33.224761,,,,,,,,,,,,,,,,Row 3 left gear,,,replace_hover,,"{""acquired_tool_ids"": [21], ""acquisition_complete"": false, ""completed_steps"": [], ""head_rotation_deg"": null, ""head_translation_m"": null, ""left_hand_translation_m"": null, ""removed_tool_ids"": [], ""right_hand_translation_m"": null, ""selected_step"": ""r2_bearing_right"", ""step_attempt"": 1, ""step_elapsed_s"": 33.22477316099685, ""step_event_index"": 140, ""total_hand_translation_m"": null, ""trial_finished_elapsed_s"": null, ""trial_recording"": true, ""trial_required_tool_ids"": [21, 34]}"
2026-09-04T17:26:53.306-04:00,apoorva,gesture,tts_started,lifecycle,r2_bearing_right,Row 2.1: bearing into right stand,ready,1,141,,,,33.289156,,,,,,,,,,,,,,,,Row 4 left gear,,,,,"{""acquired_tool_ids"": [21], ""acquisition_complete"": false, ""completed_steps"": [], ""head_rotation_deg"": null, ""head_translation_m"": null, ""left_hand_translation_m"": null, ""removed_tool_ids"": [], ""right_hand_translation_m"": null, ""selected_step"": ""r2_bearing_right"", ""step_attempt"": 1, ""step_elapsed_s"": 33.28916750010103, ""step_event_index"": 141, ""total_hand_translation_m"": null, ""trial_finished_elapsed_s"": null, ""trial_recording"": true, ""trial_required_tool_ids"": [21, 34]}"
2026-09-04T17:26:53.395-04:00,apoorva,gesture,tts_finished,lifecycle,r2_bearing_right,Row 2.1: bearing into right stand,ready,1,142,,,,33.378023,,,,,,,,,,,,,,,,Row 4 left gear,,,,,"{""acquired_tool_ids"": [21], ""acquisition_complete"": false, ""completed_steps"": [], ""head_rotation_deg"": null, ""head_translation_m"": null, ""left_hand_translation_m"": null, ""removed_tool_ids"": [], ""right_hand_translation_m"": null, ""selected_step"": ""r2_bearing_right"", ""step_attempt"": 1, ""step_elapsed_s"": 33.378034625086, ""step_event_index"": 142, ""total_hand_translation_m"": null, ""trial_finished_elapsed_s"": null, ""trial_recording"": true, ""trial_required_tool_ids"": [21, 34]}"
2026-09-04T17:26:53.492-04:00,apoorva,gesture,tts_started,lifecycle,r2_bearing_right,Row 2.1: bearing into right stand,ready,1,143,,,,33.475213,,,,,,,,,,,,,,,,Row 1 left gear,,,,,"{""acquired_tool_ids"": [21], ""acquisition_complete"": false, ""completed_steps"": [], ""head_rotation_deg"": null, ""head_translation_m"": null, ""left_hand_translation_m"": null, ""removed_tool_ids"": [], ""right_hand_translation_m"": null, ""selected_step"": ""r2_bearing_right"", ""step_attempt"": 1, ""step_elapsed_s"": 33.475222561042756, ""step_event_index"": 143, ""total_hand_translation_m"": null, ""trial_finished_elapsed_s"": null, ""trial_recording"": true, ""trial_required_tool_ids"": [21, 34]}"
2026-09-04T17:26:53.610-04:00,apoorva,gesture,tts_finished,lifecycle,r2_bearing_right,Row 2.1: bearing into right stand,ready,1,144,,,,33.593211,,,,,,,,,,,,,,,,Row 1 left gear,,,,,"{""acquired_tool_ids"": [21], ""acquisition_complete"": false, ""completed_steps"": [], ""head_rotation_deg"": null, ""head_translation_m"": null, ""left_hand_translation_m"": null, ""removed_tool_ids"": [], ""right_hand_translation_m"": null, ""selected_step"": ""r2_bearing_right"", ""step_attempt"": 1, ""step_elapsed_s"": 33.59322203008924, ""step_event_index"": 144, ""total_hand_translation_m"": null, ""trial_finished_elapsed_s"": null, ""trial_recording"": true, ""trial_required_tool_ids"": [21, 34]}"
2026-09-04T17:26:53.687-04:00,apoorva,gesture,tts_started,lifecycle,r2_bearing_right,Row 2.1: bearing into right stand,ready,1,145,,,,33.669903,,,,,,,,,,,,,,,,Row 4 left gear,,,,,"{""acquired_tool_ids"": [21], ""acquisition_complete"": false, ""completed_steps"": [], ""head_rotation_deg"": null, ""head_translation_m"": null, ""left_hand_translation_m"": null, ""removed_tool_ids"": [], ""right_hand_translation_m"": null, ""selected_step"": ""r2_bearing_right"", ""step_attempt"": 1, ""step_elapsed_s"": 33.66991492302623, ""step_event_index"": 145, ""total_hand_translation_m"": null, ""trial_finished_elapsed_s"": null, ""trial_recording"": true, ""trial_required_tool_ids"": [21, 34]}"
2026-09-04T17:26:53.717-04:00,apoorva,gesture,tts_finished,lifecycle,r2_bearing_right,Row 2.1: bearing into right stand,ready,1,146,,,,33.700191,,,,,,,,,,,,,,,,Row 4 left gear,,,,,"{""acquired_tool_ids"": [21], ""acquisition_complete"": false, ""completed_steps"": [], ""head_rotation_deg"": null, ""head_translation_m"": null, ""left_hand_translation_m"": null, ""removed_tool_ids"": [], ""right_hand_translation_m"": null, ""selected_step"": ""r2_bearing_right"", ""step_attempt"": 1, ""step_elapsed_s"": 33.70020377903711, ""step_event_index"": 146, ""total_hand_translation_m"": null, ""trial_finished_elapsed_s"": null, ""trial_recording"": true, ""trial_required_tool_ids"": [21, 34]}"
2026-09-04T17:26:53.769-04:00,apoorva,gesture,tts_started,lifecycle,r2_bearing_right,Row 2.1: bearing into right stand,ready,1,147,,,,33.751875,,,,,,,,,,,,,,,,handle,,,,,"{""acquired_tool_ids"": [21], ""acquisition_complete"": false, ""completed_steps"": [], ""head_rotation_deg"": null, ""head_translation_m"": null, ""left_hand_translation_m"": null, ""removed_tool_ids"": [], ""right_hand_translation_m"": null, ""selected_step"": ""r2_bearing_right"", ""step_attempt"": 1, ""step_elapsed_s"": 33.75188831205014, ""step_event_index"": 147, ""total_hand_translation_m"": null, ""trial_finished_elapsed_s"": null, ""trial_recording"": true, ""trial_required_tool_ids"": [21, 34]}"
2026-09-04T17:26:53.795-04:00,apoorva,gesture,tts_finished,lifecycle,r2_bearing_right,Row 2.1: bearing into right stand,ready,1,148,,,,33.777835,,,,,,,,,,,,,,,,handle,,,,,"{""acquired_tool_ids"": [21], ""acquisition_complete"": false, ""completed_steps"": [], ""head_rotation_deg"": null, ""head_translation_m"": null, ""left_hand_translation_m"": null, ""removed_tool_ids"": [], ""right_hand_translation_m"": null, ""selected_step"": ""r2_bearing_right"", ""step_attempt"": 1, ""step_elapsed_s"": 33.777844478026964, ""step_event_index"": 148, ""total_hand_translation_m"": null, ""trial_finished_elapsed_s"": null, ""trial_recording"": true, ""trial_required_tool_ids"": [21, 34]}"
2026-09-04T17:26:53.852-04:00,apoorva,gesture,tts_started,lifecycle,r2_bearing_right,Row 2.1: bearing into right stand,ready,1,149,,,,33.834962,,,,,,,,,,,,,,,,bearing,,,,,"{""acquired_tool_ids"": [21], ""acquisition_complete"": false, ""completed_steps"": [], ""head_rotation_deg"": null, ""head_translation_m"": null, ""left_hand_translation_m"": null, ""removed_tool_ids"": [], ""right_hand_translation_m"": null, ""selected_step"": ""r2_bearing_right"", ""step_attempt"": 1, ""step_elapsed_s"": 33.83497197099496, ""step_event_index"": 149, ""total_hand_translation_m"": null, ""trial_finished_elapsed_s"": null, ""trial_recording"": true, ""trial_required_tool_ids"": [21, 34]}"
2026-09-04T17:26:53.908-04:00,apoorva,gesture,tts_finished,lifecycle,r2_bearing_right,Row 2.1: bearing into right stand,ready,1,150,,,,33.890952,,,,,,,,,,,,,,,,bearing,,,,,"{""acquired_tool_ids"": [21], ""acquisition_complete"": false, ""completed_steps"": [], ""head_rotation_deg"": null, ""head_translation_m"": null, ""left_hand_translation_m"": null, ""removed_tool_ids"": [], ""right_hand_translation_m"": null, ""selected_step"": ""r2_bearing_right"", ""step_attempt"": 1, ""step_elapsed_s"": 33.89096061408054, ""step_event_index"": 150, ""total_hand_translation_m"": null, ""trial_finished_elapsed_s"": null, ""trial_recording"": true, ""trial_required_tool_ids"": [21, 34]}"
2026-09-04T17:26:53.988-04:00,apoorva,gesture,tts_started,lifecycle,r2_bearing_right,Row 2.1: bearing into right stand,ready,1,151,,,,33.971132,,,,,,,,,,,,,,,,Row 3 right gear,,,,,"{""acquired_tool_ids"": [21], ""acquisition_complete"": false, ""completed_steps"": [], ""head_rotation_deg"": null, ""head_translation_m"": null, ""left_hand_translation_m"": null, ""removed_tool_ids"": [], ""right_hand_translation_m"": null, ""selected_step"": ""r2_bearing_right"", ""step_attempt"": 1, ""step_elapsed_s"": 33.97114275803324, ""step_event_index"": 151, ""total_hand_translation_m"": null, ""trial_finished_elapsed_s"": null, ""trial_recording"": true, ""trial_required_tool_ids"": [21, 34]}"
2026-09-04T17:26:54.046-04:00,apoorva,gesture,tts_finished,lifecycle,r2_bearing_right,Row 2.1: bearing into right stand,ready,1,152,,,,34.028915,,,,,,,,,,,,,,,,Row 3 right gear,,,,,"{""acquired_tool_ids"": [21], ""acquisition_complete"": false, ""completed_steps"": [], ""head_rotation_deg"": null, ""head_translation_m"": null, ""left_hand_translation_m"": null, ""removed_tool_ids"": [], ""right_hand_translation_m"": null, ""selected_step"": ""r2_bearing_right"", ""step_attempt"": 1, ""step_elapsed_s"": 34.02893170004245, ""step_event_index"": 152, ""total_hand_translation_m"": null, ""trial_finished_elapsed_s"": null, ""trial_recording"": true, ""trial_required_tool_ids"": [21, 34]}"
2026-09-04T17:26:54.125-04:00,apoorva,gesture,tts_started,lifecycle,r2_bearing_right,Row 2.1: bearing into right stand,ready,1,153,,,,34.108485,,,,,,,,,,,,,,,,Row 2 left gear,,,,,"{""acquired_tool_ids"": [21], ""acquisition_complete"": false, ""completed_steps"": [], ""head_rotation_deg"": null, ""head_translation_m"": null, ""left_hand_translation_m"": null, ""removed_tool_ids"": [], ""right_hand_translation_m"": null, ""selected_step"": ""r2_bearing_right"", ""step_attempt"": 1, ""step_elapsed_s"": 34.1084947680356, ""step_event_index"": 153, ""total_hand_translation_m"": null, ""trial_finished_elapsed_s"": null, ""trial_recording"": true, ""trial_required_tool_ids"": [21, 34]}"
2026-09-04T17:26:54.186-04:00,apoorva,gesture,tts_finished,lifecycle,r2_bearing_right,Row 2.1: bearing into right stand,ready,1,154,,,,34.169278,,,,,,,,,,,,,,,,Row 2 left gear,,,,,"{""acquired_tool_ids"": [21], ""acquisition_complete"": false, ""completed_steps"": [], ""head_rotation_deg"": null, ""head_translation_m"": null, ""left_hand_translation_m"": null, ""removed_tool_ids"": [], ""right_hand_translation_m"": null, ""selected_step"": ""r2_bearing_right"", ""step_attempt"": 1, ""step_elapsed_s"": 34.16929171199445, ""step_event_index"": 154, ""total_hand_translation_m"": null, ""trial_finished_elapsed_s"": null, ""trial_recording"": true, ""trial_required_tool_ids"": [21, 34]}"
2026-09-04T17:26:54.302-04:00,apoorva,gesture,tts_started,lifecycle,r2_bearing_right,Row 2.1: bearing into right stand,ready,1,155,,,,34.285289,,,,,,,,,,,,,,,,Row 2 right gear,,,,,"{""acquired_tool_ids"": [21], ""acquisition_complete"": false, ""completed_steps"": [], ""head_rotation_deg"": null, ""head_translation_m"": null, ""left_hand_translation_m"": null, ""removed_tool_ids"": [], ""right_hand_translation_m"": null, ""selected_step"": ""r2_bearing_right"", ""step_attempt"": 1, ""step_elapsed_s"": 34.28530119208153, ""step_event_index"": 155, ""total_hand_translation_m"": null, ""trial_finished_elapsed_s"": null, ""trial_recording"": true, ""trial_required_tool_ids"": [21, 34]}"
2026-09-04T17:26:54.388-04:00,apoorva,gesture,tts_finished,lifecycle,r2_bearing_right,Row 2.1: bearing into right stand,ready,1,156,,,,34.371438,,,,,,,,,,,,,,,,Row 2 right gear,,,,,"{""acquired_tool_ids"": [21], ""acquisition_complete"": false, ""completed_steps"": [], ""head_rotation_deg"": null, ""head_translation_m"": null, ""left_hand_translation_m"": null, ""removed_tool_ids"": [], ""right_hand_translation_m"": null, ""selected_step"": ""r2_bearing_right"", ""step_attempt"": 1, ""step_elapsed_s"": 34.371467409073375, ""step_event_index"": 156, ""total_hand_translation_m"": null, ""trial_finished_elapsed_s"": null, ""trial_recording"": true, ""trial_required_tool_ids"": [21, 34]}"
2026-09-04T17:26:54.473-04:00,apoorva,gesture,tts_started,lifecycle,r2_bearing_right,Row 2.1: bearing into right stand,ready,1,157,,,,34.456139,,,,,,,,,,,,,,,,Row 4 left gear,,,,,"{""acquired_tool_ids"": [21], ""acquisition_complete"": false, ""completed_steps"": [], ""head_rotation_deg"": null, ""head_translation_m"": null, ""left_hand_translation_m"": null, ""removed_tool_ids"": [], ""right_hand_translation_m"": null, ""selected_step"": ""r2_bearing_right"", ""step_attempt"": 1, ""step_elapsed_s"": 34.45614909706637, ""step_event_index"": 157, ""total_hand_translation_m"": null, ""trial_finished_elapsed_s"": null, ""trial_recording"": true, ""trial_required_tool_ids"": [21, 34]}"
2026-09-04T17:26:54.555-04:00,apoorva,gesture,tts_finished,lifecycle,r2_bearing_right,Row 2.1: bearing into right stand,ready,1,158,,,,34.538268,,,,,,,,,,,,,,,,Row 4 left gear,,,,,"{""acquired_tool_ids"": [21], ""acquisition_complete"": false, ""completed_steps"": [], ""head_rotation_deg"": null, ""head_translation_m"": null, ""left_hand_translation_m"": null, ""removed_tool_ids"": [], ""right_hand_translation_m"": null, ""selected_step"": ""r2_bearing_right"", ""step_attempt"": 1, ""step_elapsed_s"": 34.538279101019725, ""step_event_index"": 158, ""total_hand_translation_m"": null, ""trial_finished_elapsed_s"": null, ""trial_recording"": true, ""trial_required_tool_ids"": [21, 34]}"
2026-09-04T17:26:54.662-04:00,apoorva,gesture,tts_started,lifecycle,r2_bearing_right,Row 2.1: bearing into right stand,ready,1,159,,,,34.644723,,,,,,,,,,,,,,,,Row 1 left gear,,,,,"{""acquired_tool_ids"": [21], ""acquisition_complete"": false, ""completed_steps"": [], ""head_rotation_deg"": null, ""head_translation_m"": null, ""left_hand_translation_m"": null, ""removed_tool_ids"": [], ""right_hand_translation_m"": null, ""selected_step"": ""r2_bearing_right"", ""step_attempt"": 1, ""step_elapsed_s"": 34.644731653039344, ""step_event_index"": 159, ""total_hand_translation_m"": null, ""trial_finished_elapsed_s"": null, ""trial_recording"": true, ""trial_required_tool_ids"": [21, 34]}"
2026-09-04T17:26:54.749-04:00,apoorva,gesture,tts_finished,lifecycle,r2_bearing_right,Row 2.1: bearing into right stand,ready,1,160,,,,34.732348,,,,,,,,,,,,,,,,Row 1 left gear,,,,,"{""acquired_tool_ids"": [21], ""acquisition_complete"": false, ""completed_steps"": [], ""head_rotation_deg"": null, ""head_translation_m"": null, ""left_hand_translation_m"": null, ""removed_tool_ids"": [], ""right_hand_translation_m"": null, ""selected_step"": ""r2_bearing_right"", ""step_attempt"": 1, ""step_elapsed_s"": 34.73235740500968, ""step_event_index"": 160, ""total_hand_translation_m"": null, ""trial_finished_elapsed_s"": null, ""trial_recording"": true, ""trial_required_tool_ids"": [21, 34]}"
2026-09-04T17:26:54.800-04:00,apoorva,gesture,tts_started,lifecycle,r2_bearing_right,Row 2.1: bearing into right stand,ready,1,161,,,,34.782630,,,,,,,,,,,,,,,,Row 4 left gear,,,,,"{""acquired_tool_ids"": [21], ""acquisition_complete"": false, ""completed_steps"": [], ""head_rotation_deg"": null, ""head_translation_m"": null, ""left_hand_translation_m"": null, ""removed_tool_ids"": [], ""right_hand_translation_m"": null, ""selected_step"": ""r2_bearing_right"", ""step_attempt"": 1, ""step_elapsed_s"": 34.782641115016304, ""step_event_index"": 161, ""total_hand_translation_m"": null, ""trial_finished_elapsed_s"": null, ""trial_recording"": true, ""trial_required_tool_ids"": [21, 34]}"
2026-09-04T17:26:54.841-04:00,apoorva,gesture,tts_finished,lifecycle,r2_bearing_right,Row 2.1: bearing into right stand,ready,1,162,,,,34.824401,,,,,,,,,,,,,,,,Row 4 left gear,,,,,"{""acquired_tool_ids"": [21], ""acquisition_complete"": false, ""completed_steps"": [], ""head_rotation_deg"": null, ""head_translation_m"": null, ""left_hand_translation_m"": null, ""removed_tool_ids"": [], ""right_hand_translation_m"": null, ""selected_step"": ""r2_bearing_right"", ""step_attempt"": 1, ""step_elapsed_s"": 34.82441036601085, ""step_event_index"": 162, ""total_hand_translation_m"": null, ""trial_finished_elapsed_s"": null, ""trial_recording"": true, ""trial_required_tool_ids"": [21, 34]}"
2026-09-04T17:26:54.934-04:00,apoorva,gesture,tts_started,lifecycle,r2_bearing_right,Row 2.1: bearing into right stand,ready,1,163,,,,34.917205,,,,,,,,,,,,,,,,Row 2 right gear,,,,,"{""acquired_tool_ids"": [21], ""acquisition_complete"": false, ""completed_steps"": [], ""head_rotation_deg"": null, ""head_translation_m"": null, ""left_hand_translation_m"": null, ""removed_tool_ids"": [], ""right_hand_translation_m"": null, ""selected_step"": ""r2_bearing_right"", ""step_attempt"": 1, ""step_elapsed_s"": 34.91721780505031, ""step_event_index"": 163, ""total_hand_translation_m"": null, ""trial_finished_elapsed_s"": null, ""trial_recording"": true, ""trial_required_tool_ids"": [21, 34]}"
2026-09-04T17:26:55.020-04:00,apoorva,gesture,tts_finished,lifecycle,r2_bearing_right,Row 2.1: bearing into right stand,ready,1,164,,,,35.002712,,,,,,,,,,,,,,,,Row 2 right gear,,,,,"{""acquired_tool_ids"": [21], ""acquisition_complete"": false, ""completed_steps"": [], ""head_rotation_deg"": null, ""head_translation_m"": null, ""left_hand_translation_m"": null, ""removed_tool_ids"": [], ""right_hand_translation_m"": null, ""selected_step"": ""r2_bearing_right"", ""step_attempt"": 1, ""step_elapsed_s"": 35.00273973401636, ""step_event_index"": 164, ""total_hand_translation_m"": null, ""trial_finished_elapsed_s"": null, ""trial_recording"": true, ""trial_required_tool_ids"": [21, 34]}"
2026-09-04T17:26:55.357-04:00,apoorva,gesture,tts_started,lifecycle,r2_bearing_right,Row 2.1: bearing into right stand,ready,1,165,,,,35.340272,,,,,,,,,,,,,,,,Row 2 left gear,,,,,"{""acquired_tool_ids"": [21], ""acquisition_complete"": false, ""completed_steps"": [], ""head_rotation_deg"": null, ""head_translation_m"": null, ""left_hand_translation_m"": null, ""removed_tool_ids"": [], ""right_hand_translation_m"": null, ""selected_step"": ""r2_bearing_right"", ""step_attempt"": 1, ""step_elapsed_s"": 35.34028336498886, ""step_event_index"": 165, ""total_hand_translation_m"": null, ""trial_finished_elapsed_s"": null, ""trial_recording"": true, ""trial_required_tool_ids"": [21, 34]}"
2026-09-04T17:26:55.510-04:00,apoorva,gesture,tts_finished,lifecycle,r2_bearing_right,Row 2.1: bearing into right stand,ready,1,166,,,,35.493444,,,,,,,,,,,,,,,,Row 2 left gear,,,,,"{""acquired_tool_ids"": [21], ""acquisition_complete"": false, ""completed_steps"": [], ""head_rotation_deg"": null, ""head_translation_m"": null, ""left_hand_translation_m"": null, ""removed_tool_ids"": [], ""right_hand_translation_m"": null, ""selected_step"": ""r2_bearing_right"", ""step_attempt"": 1, ""step_elapsed_s"": 35.49346353299916, ""step_event_index"": 166, ""total_hand_translation_m"": null, ""trial_finished_elapsed_s"": null, ""trial_recording"": true, ""trial_required_tool_ids"": [21, 34]}"
2026-09-04T17:26:55.648-04:00,apoorva,gesture,tts_started,lifecycle,r2_bearing_right,Row 2.1: bearing into right stand,ready,1,167,,,,35.631268,,,,,,,,,,,,,,,,Row 3 right gear,,,,,"{""acquired_tool_ids"": [21], ""acquisition_complete"": false, ""completed_steps"": [], ""head_rotation_deg"": null, ""head_translation_m"": null, ""left_hand_translation_m"": null, ""removed_tool_ids"": [], ""right_hand_translation_m"": null, ""selected_step"": ""r2_bearing_right"", ""step_attempt"": 1, ""step_elapsed_s"": 35.63128068810329, ""step_event_index"": 167, ""total_hand_translation_m"": null, ""trial_finished_elapsed_s"": null, ""trial_recording"": true, ""trial_required_tool_ids"": [21, 34]}"
2026-09-04T17:26:55.753-04:00,apoorva,gesture,tts_finished,lifecycle,r2_bearing_right,Row 2.1: bearing into right stand,ready,1,168,,,,35.736026,,,,,,,,,,,,,,,,Row 3 right gear,,,,,"{""acquired_tool_ids"": [21], ""acquisition_complete"": false, ""completed_steps"": [], ""head_rotation_deg"": null, ""head_translation_m"": null, ""left_hand_translation_m"": null, ""removed_tool_ids"": [], ""right_hand_translation_m"": null, ""selected_step"": ""r2_bearing_right"", ""step_attempt"": 1, ""step_elapsed_s"": 35.73604454402812, ""step_event_index"": 168, ""total_hand_translation_m"": null, ""trial_finished_elapsed_s"": null, ""trial_recording"": true, ""trial_required_tool_ids"": [21, 34]}"
2026-09-04T17:26:55.807-04:00,apoorva,gesture,tts_started,lifecycle,r2_bearing_right,Row 2.1: bearing into right stand,ready,1,169,,,,35.789950,,,,,,,,,,,,,,,,Row 3 left gear,,,,,"{""acquired_tool_ids"": [21], ""acquisition_complete"": false, ""completed_steps"": [], ""head_rotation_deg"": null, ""head_translation_m"": null, ""left_hand_translation_m"": null, ""removed_tool_ids"": [], ""right_hand_translation_m"": null, ""selected_step"": ""r2_bearing_right"", ""step_attempt"": 1, ""step_elapsed_s"": 35.7899603410624, ""step_event_index"": 169, ""total_hand_translation_m"": null, ""trial_finished_elapsed_s"": null, ""trial_recording"": true, ""trial_required_tool_ids"": [21, 34]}"
2026-09-04T17:26:56.282-04:00,apoorva,gesture,hover,hover,r2_bearing_right,Row 2.1: bearing into right stand,ready,1,170,30,GEAR_ROW3_RIGHT,,,,,,,,,,,,,,,,,,,,,,,"{""acquired_tool_ids"": [21], ""acquisition_complete"": false, ""completed_steps"": [], ""head_rotation_deg"": null, ""head_translation_m"": null, ""left_hand_translation_m"": null, ""removed_tool_ids"": [], ""right_hand_translation_m"": null, ""selected_step"": ""r2_bearing_right"", ""step_attempt"": 1, ""step_elapsed_s"": 36.26483508199453, ""step_event_index"": 170, ""total_hand_translation_m"": null, ""trial_finished_elapsed_s"": null, ""trial_recording"": true, ""trial_required_tool_ids"": [21, 34]}"
2026-09-04T17:26:56.297-04:00,apoorva,gesture,tts_queued,lifecycle,r2_bearing_right,Row 2.1: bearing into right stand,ready,1,171,,,,36.280042,,,,,,,,,,,,,,,,Row 3 right gear,,,replace_hover,,"{""acquired_tool_ids"": [21], ""acquisition_complete"": false, ""completed_steps"": [], ""head_rotation_deg"": null, ""head_translation_m"": null, ""left_hand_translation_m"": null, ""removed_tool_ids"": [], ""right_hand_translation_m"": null, ""selected_step"": ""r2_bearing_right"", ""step_attempt"": 1, ""step_elapsed_s"": 36.28005581407342, ""step_event_index"": 171, ""total_hand_translation_m"": null, ""trial_finished_elapsed_s"": null, ""trial_recording"": true, ""trial_required_tool_ids"": [21, 34]}"
2026-09-04T17:26:56.934-04:00,apoorva,gesture,hover,hover,r2_bearing_right,Row 2.1: bearing into right stand,ready,1,172,29,GEAR_ROW3_LEFT,,,,,,,,,,,,,,,,,,,,,,,"{""acquired_tool_ids"": [21], ""acquisition_complete"": false, ""completed_steps"": [], ""head_rotation_deg"": null, ""head_translation_m"": null, ""left_hand_translation_m"": null, ""removed_tool_ids"": [], ""right_hand_translation_m"": null, ""selected_step"": ""r2_bearing_right"", ""step_attempt"": 1, ""step_elapsed_s"": 36.91694697004277, ""step_event_index"": 172, ""total_hand_translation_m"": null, ""trial_finished_elapsed_s"": null, ""trial_recording"": true, ""trial_required_tool_ids"": [21, 34]}"
2026-09-04T17:26:57.015-04:00,apoorva,gesture,tts_queued,lifecycle,r2_bearing_right,Row 2.1: bearing into right stand,ready,1,173,,,,36.998547,,,,,,,,,,,,,,,,Row 3 left gear,,,replace_hover,,"{""acquired_tool_ids"": [21], ""acquisition_complete"": false, ""completed_steps"": [], ""head_rotation_deg"": null, ""head_translation_m"": null, ""left_hand_translation_m"": null, ""removed_tool_ids"": [], ""right_hand_translation_m"": null, ""selected_step"": ""r2_bearing_right"", ""step_attempt"": 1, ""step_elapsed_s"": 36.998559477040544, ""step_event_index"": 173, ""total_hand_translation_m"": null, ""trial_finished_elapsed_s"": null, ""trial_recording"": true, ""trial_required_tool_ids"": [21, 34]}"
2026-09-04T17:26:57.455-04:00,apoorva,gesture,tts_finished,lifecycle,r2_bearing_right,Row 2.1: bearing into right stand,ready,1,174,,,,37.437882,,,,,,,,,,,,,,,,Row 3 left gear,,,,,"{""acquired_tool_ids"": [21], ""acquisition_complete"": false, ""completed_steps"": [], ""head_rotation_deg"": null, ""head_translation_m"": null, ""left_hand_translation_m"": null, ""removed_tool_ids"": [], ""right_hand_translation_m"": null, ""selected_step"": ""r2_bearing_right"", ""step_attempt"": 1, ""step_elapsed_s"": 37.43789115303662, ""step_event_index"": 174, ""total_hand_translation_m"": null, ""trial_finished_elapsed_s"": null, ""trial_recording"": true, ""trial_required_tool_ids"": [21, 34]}"
2026-09-04T17:26:57.660-04:00,apoorva,gesture,tts_started,lifecycle,r2_bearing_right,Row 2.1: bearing into right stand,ready,1,175,,,,37.643532,,,,,,,,,,,,,,,,Row 3 right gear,,,,,"{""acquired_tool_ids"": [21], ""acquisition_complete"": false, ""completed_steps"": [], ""head_rotation_deg"": null, ""head_translation_m"": null, ""left_hand_translation_m"": null, ""removed_tool_ids"": [], ""right_hand_translation_m"": null, ""selected_step"": ""r2_bearing_right"", ""step_attempt"": 1, ""step_elapsed_s"": 37.64354371710215, ""step_event_index"": 175, ""total_hand_translation_m"": null, ""trial_finished_elapsed_s"": null, ""trial_recording"": true, ""trial_required_tool_ids"": [21, 34]}"
2026-09-04T17:26:57.765-04:00,apoorva,gesture,tts_finished,lifecycle,r2_bearing_right,Row 2.1: bearing into right stand,ready,1,176,,,,37.748083,,,,,,,,,,,,,,,,Row 3 right gear,,,,,"{""acquired_tool_ids"": [21], ""acquisition_complete"": false, ""completed_steps"": [], ""head_rotation_deg"": null, ""head_translation_m"": null, ""left_hand_translation_m"": null, ""removed_tool_ids"": [], ""right_hand_translation_m"": null, ""selected_step"": ""r2_bearing_right"", ""step_attempt"": 1, ""step_elapsed_s"": 37.74809380702209, ""step_event_index"": 176, ""total_hand_translation_m"": null, ""trial_finished_elapsed_s"": null, ""trial_recording"": true, ""trial_required_tool_ids"": [21, 34]}"
2026-09-04T17:26:57.914-04:00,apoorva,gesture,tts_started,lifecycle,r2_bearing_right,Row 2.1: bearing into right stand,ready,1,177,,,,37.896646,,,,,,,,,,,,,,,,Row 3 left gear,,,,,"{""acquired_tool_ids"": [21], ""acquisition_complete"": false, ""completed_steps"": [], ""head_rotation_deg"": null, ""head_translation_m"": null, ""left_hand_translation_m"": null, ""removed_tool_ids"": [], ""right_hand_translation_m"": null, ""selected_step"": ""r2_bearing_right"", ""step_attempt"": 1, ""step_elapsed_s"": 37.89665551506914, ""step_event_index"": 177, ""total_hand_translation_m"": null, ""trial_finished_elapsed_s"": null, ""trial_recording"": true, ""trial_required_tool_ids"": [21, 34]}"
2026-09-04T17:26:58.777-04:00,apoorva,gesture,hover,hover,r2_bearing_right,Row 2.1: bearing into right stand,ready,1,178,30,GEAR_ROW3_RIGHT,,,,,,,,,,,,,,,,,,,,,,,"{""acquired_tool_ids"": [21], ""acquisition_complete"": false, ""completed_steps"": [], ""head_rotation_deg"": null, ""head_translation_m"": null, ""left_hand_translation_m"": null, ""removed_tool_ids"": [], ""right_hand_translation_m"": null, ""selected_step"": ""r2_bearing_right"", ""step_attempt"": 1, ""step_elapsed_s"": 38.76046336302534, ""step_event_index"": 178, ""total_hand_translation_m"": null, ""trial_finished_elapsed_s"": null, ""trial_recording"": true, ""trial_required_tool_ids"": [21, 34]}"
2026-09-04T17:26:58.969-04:00,apoorva,gesture,tts_queued,lifecycle,r2_bearing_right,Row 2.1: bearing into right stand,ready,1,179,,,,38.951746,,,,,,,,,,,,,,,,Row 3 right gear,,,replace_hover,,"{""acquired_tool_ids"": [21], ""acquisition_complete"": false, ""completed_steps"": [], ""head_rotation_deg"": null, ""head_translation_m"": null, ""left_hand_translation_m"": null, ""removed_tool_ids"": [], ""right_hand_translation_m"": null, ""selected_step"": ""r2_bearing_right"", ""step_attempt"": 1, ""step_elapsed_s"": 38.951757258037105, ""step_event_index"": 179, ""total_hand_translation_m"": null, ""trial_finished_elapsed_s"": null, ""trial_recording"": true, ""trial_required_tool_ids"": [21, 34]}"
2026-09-04T17:26:59.135-04:00,apoorva,gesture,tts_finished,lifecycle,r2_bearing_right,Row 2.1: bearing into right stand,ready,1,180,,,,39.118396,,,,,,,,,,,,,,,,Row 3 left gear,,,,,"{""acquired_tool_ids"": [21], ""acquisition_complete"": false, ""completed_steps"": [], ""head_rotation_deg"": null, ""head_translation_m"": null, ""left_hand_translation_m"": null, ""removed_tool_ids"": [], ""right_hand_translation_m"": null, ""selected_step"": ""r2_bearing_right"", ""step_attempt"": 1, ""step_elapsed_s"": 39.118408512091264, ""step_event_index"": 180, ""total_hand_translation_m"": null, ""trial_finished_elapsed_s"": null, ""trial_recording"": true, ""trial_required_tool_ids"": [21, 34]}"
2026-09-04T17:26:59.201-04:00,apoorva,gesture,tts_started,lifecycle,r2_bearing_right,Row 2.1: bearing into right stand,ready,1,181,,,,39.183763,,,,,,,,,,,,,,,,Row 3 right gear,,,,,"{""acquired_tool_ids"": [21], ""acquisition_complete"": false, ""completed_steps"": [], ""head_rotation_deg"": null, ""head_translation_m"": null, ""left_hand_translation_m"": null, ""removed_tool_ids"": [], ""right_hand_translation_m"": null, ""selected_step"": ""r2_bearing_right"", ""step_attempt"": 1, ""step_elapsed_s"": 39.183775687008165, ""step_event_index"": 181, ""total_hand_translation_m"": null, ""trial_finished_elapsed_s"": null, ""trial_recording"": true, ""trial_required_tool_ids"": [21, 34]}"
2026-09-04T17:27:00.617-04:00,apoorva,gesture,hover,hover,r2_bearing_right,Row 2.1: bearing into right stand,ready,1,182,27,GEAR_ROW2_LEFT,,,,,,,,,,,,,,,,,,,,,,,"{""acquired_tool_ids"": [21], ""acquisition_complete"": false, ""completed_steps"": [], ""head_rotation_deg"": null, ""head_translation_m"": null, ""left_hand_translation_m"": null, ""removed_tool_ids"": [], ""right_hand_translation_m"": null, ""selected_step"": ""r2_bearing_right"", ""step_attempt"": 1, ""step_elapsed_s"": 40.60018404503353, ""step_event_index"": 182, ""total_hand_translation_m"": null, ""trial_finished_elapsed_s"": null, ""trial_recording"": true, ""trial_required_tool_ids"": [21, 34]}"
2026-09-04T17:27:00.709-04:00,apoorva,gesture,tts_queued,lifecycle,r2_bearing_right,Row 2.1: bearing into right stand,ready,1,183,,,,40.692339,,,,,,,,,,,,,,,,Row 2 left gear,,,replace_hover,,"{""acquired_tool_ids"": [21], ""acquisition_complete"": false, ""completed_steps"": [], ""head_rotation_deg"": null, ""head_translation_m"": null, ""left_hand_translation_m"": null, ""removed_tool_ids"": [], ""right_hand_translation_m"": null, ""selected_step"": ""r2_bearing_right"", ""step_attempt"": 1, ""step_elapsed_s"": 40.69234926206991, ""step_event_index"": 183, ""total_hand_translation_m"": null, ""trial_finished_elapsed_s"": null, ""trial_recording"": true, ""trial_required_tool_ids"": [21, 34]}"
2026-09-04T17:27:00.752-04:00,apoorva,gesture,tts_finished,lifecycle,r2_bearing_right,Row 2.1: bearing into right stand,ready,1,184,,,,40.734844,,,,,,,,,,,,,,,,Row 3 right gear,,,,,"{""acquired_tool_ids"": [21], ""acquisition_complete"": false, ""completed_steps"": [], ""head_rotation_deg"": null, ""head_translation_m"": null, ""left_hand_translation_m"": null, ""removed_tool_ids"": [], ""right_hand_translation_m"": null, ""selected_step"": ""r2_bearing_right"", ""step_attempt"": 1, ""step_elapsed_s"": 40.73485775501467, ""step_event_index"": 184, ""total_hand_translation_m"": null, ""trial_finished_elapsed_s"": null, ""trial_recording"": true, ""trial_required_tool_ids"": [21, 34]}"
2026-09-04T17:27:00.848-04:00,apoorva,gesture,tts_started,lifecycle,r2_bearing_right,Row 2.1: bearing into right stand,ready,1,185,,,,40.831064,,,,,,,,,,,,,,,,Row 2 left gear,,,,,"{""acquired_tool_ids"": [21], ""acquisition_complete"": false, ""completed_steps"": [], ""head_rotation_deg"": null, ""head_translation_m"": null, ""left_hand_translation_m"": null, ""removed_tool_ids"": [], ""right_hand_translation_m"": null, ""selected_step"": ""r2_bearing_right"", ""step_attempt"": 1, ""step_elapsed_s"": 40.83107363409363, ""step_event_index"": 185, ""total_hand_translation_m"": null, ""trial_finished_elapsed_s"": null, ""trial_recording"": true, ""trial_required_tool_ids"": [21, 34]}"
2026-09-04T17:27:02.413-04:00,apoorva,gesture,hover,hover,r2_bearing_right,Row 2.1: bearing into right stand,ready,1,186,28,GEAR_ROW2_RIGHT,,,,,,,,,,,,,,,,,,,,,,,"{""acquired_tool_ids"": [21], ""acquisition_complete"": false, ""completed_steps"": [], ""head_rotation_deg"": null, ""head_translation_m"": null, ""left_hand_translation_m"": null, ""removed_tool_ids"": [], ""right_hand_translation_m"": null, ""selected_step"": ""r2_bearing_right"", ""step_attempt"": 1, ""step_elapsed_s"": 42.39576871308964, ""step_event_index"": 186, ""total_hand_translation_m"": null, ""trial_finished_elapsed_s"": null, ""trial_recording"": true, ""trial_required_tool_ids"": [21, 34]}"
2026-09-04T17:27:02.511-04:00,apoorva,gesture,tts_queued,lifecycle,r2_bearing_right,Row 2.1: bearing into right stand,ready,1,187,,,,42.493653,,,,,,,,,,,,,,,,Row 2 right gear,,,replace_hover,,"{""acquired_tool_ids"": [21], ""acquisition_complete"": false, ""completed_steps"": [], ""head_rotation_deg"": null, ""head_translation_m"": null, ""left_hand_translation_m"": null, ""removed_tool_ids"": [], ""right_hand_translation_m"": null, ""selected_step"": ""r2_bearing_right"", ""step_attempt"": 1, ""step_elapsed_s"": 42.49366367899347, ""step_event_index"": 187, ""total_hand_translation_m"": null, ""trial_finished_elapsed_s"": null, ""trial_recording"": true, ""trial_required_tool_ids"": [21, 34]}"
2026-09-04T17:27:02.585-04:00,apoorva,gesture,tts_finished,lifecycle,r2_bearing_right,Row 2.1: bearing into right stand,ready,1,188,,,,42.568109,,,,,,,,,,,,,,,,Row 2 left gear,,,,,"{""acquired_tool_ids"": [21], ""acquisition_complete"": false, ""completed_steps"": [], ""head_rotation_deg"": null, ""head_translation_m"": null, ""left_hand_translation_m"": null, ""removed_tool_ids"": [], ""right_hand_translation_m"": null, ""selected_step"": ""r2_bearing_right"", ""step_attempt"": 1, ""step_elapsed_s"": 42.568119506002404, ""step_event_index"": 188, ""total_hand_translation_m"": null, ""trial_finished_elapsed_s"": null, ""trial_recording"": true, ""trial_required_tool_ids"": [21, 34]}"
2026-09-04T17:27:02.691-04:00,apoorva,gesture,tts_started,lifecycle,r2_bearing_right,Row 2.1: bearing into right stand,ready,1,189,,,,42.673772,,,,,,,,,,,,,,,,Row 2 right gear,,,,,"{""acquired_tool_ids"": [21], ""acquisition_complete"": false, ""completed_steps"": [], ""head_rotation_deg"": null, ""head_translation_m"": null, ""left_hand_translation_m"": null, ""removed_tool_ids"": [], ""right_hand_translation_m"": null, ""selected_step"": ""r2_bearing_right"", ""step_attempt"": 1, ""step_elapsed_s"": 42.673787273000926, ""step_event_index"": 189, ""total_hand_translation_m"": null, ""trial_finished_elapsed_s"": null, ""trial_recording"": true, ""trial_required_tool_ids"": [21, 34]}"
2026-09-04T17:27:04.116-04:00,apoorva,gesture,tts_queued,lifecycle,r2_bearing_right,Row 2.1: bearing into right stand,ready,1,190,,,,44.099162,,,,,,,,,,,,,,,,Wrong part.,,,replace,,"{""acquired_tool_ids"": [21], ""acquisition_complete"": false, ""completed_steps"": [], ""head_rotation_deg"": null, ""head_translation_m"": null, ""left_hand_translation_m"": null, ""removed_tool_ids"": [], ""right_hand_translation_m"": null, ""selected_step"": ""r2_bearing_right"", ""step_attempt"": 1, ""step_elapsed_s"": 44.099172782036476, ""step_event_index"": 190, ""total_hand_translation_m"": null, ""trial_finished_elapsed_s"": null, ""trial_recording"": true, ""trial_required_tool_ids"": [21, 34]}"
2026-09-04T17:27:04.422-04:00,apoorva,gesture,part_selection,click,r2_bearing_right,Row 2.1: bearing into right stand,ready,1,191,28,GEAR_ROW2_RIGHT,24.802025,44.405421,,,,,,,,,,,,,,,0,,,,,,"{""acquired_tool_ids"": [21], ""acquisition_complete"": false, ""completed_steps"": [], ""head_rotation_deg"": null, ""head_translation_m"": null, ""left_hand_translation_m"": null, ""removed_tool_ids"": [], ""right_hand_translation_m"": null, ""selected_step"": ""r2_bearing_right"", ""step_attempt"": 1, ""step_elapsed_s"": 44.40548342105467, ""step_event_index"": 191, ""total_hand_translation_m"": null, ""trial_finished_elapsed_s"": null, ""trial_recording"": true, ""trial_required_tool_ids"": [21, 34]}"
2026-09-04T17:27:04.533-04:00,apoorva,gesture,tts_finished,lifecycle,r2_bearing_right,Row 2.1: bearing into right stand,ready,1,192,,,,44.516438,,,,,,,,,,,,,,,,Row 2 right gear,,,,,"{""acquired_tool_ids"": [21], ""acquisition_complete"": false, ""completed_steps"": [], ""head_rotation_deg"": null, ""head_translation_m"": null, ""left_hand_translation_m"": null, ""removed_tool_ids"": [], ""right_hand_translation_m"": null, ""selected_step"": ""r2_bearing_right"", ""step_attempt"": 1, ""step_elapsed_s"": 44.51644627307542, ""step_event_index"": 192, ""total_hand_translation_m"": null, ""trial_finished_elapsed_s"": null, ""trial_recording"": true, ""trial_required_tool_ids"": [21, 34]}"
2026-09-04T17:27:04.664-04:00,apoorva,gesture,tts_started,lifecycle,r2_bearing_right,Row 2.1: bearing into right stand,ready,1,193,,,,44.646783,,,,,,,,,,,,,,,,Wrong part.,,,,,"{""acquired_tool_ids"": [21], ""acquisition_complete"": false, ""completed_steps"": [], ""head_rotation_deg"": null, ""head_translation_m"": null, ""left_hand_translation_m"": null, ""removed_tool_ids"": [], ""right_hand_translation_m"": null, ""selected_step"": ""r2_bearing_right"", ""step_attempt"": 1, ""step_elapsed_s"": 44.64679709507618, ""step_event_index"": 193, ""total_hand_translation_m"": null, ""trial_finished_elapsed_s"": null, ""trial_recording"": true, ""trial_required_tool_ids"": [21, 34]}"
2026-09-04T17:27:05.099-04:00,apoorva,gesture,hover,hover,r2_bearing_right,Row 2.1: bearing into right stand,ready,1,194,28,GEAR_ROW2_RIGHT,,,,,,,,,,,,,,,,,,,,,,,"{""acquired_tool_ids"": [21], ""acquisition_complete"": false, ""completed_steps"": [], ""head_rotation_deg"": null, ""head_translation_m"": null, ""left_hand_translation_m"": null, ""removed_tool_ids"": [], ""right_hand_translation_m"": null, ""selected_step"": ""r2_bearing_right"", ""step_attempt"": 1, ""step_elapsed_s"": 45.081838719081134, ""step_event_index"": 194, ""total_hand_translation_m"": null, ""trial_finished_elapsed_s"": null, ""trial_recording"": true, ""trial_required_tool_ids"": [21, 34]}"
2026-09-04T17:27:05.158-04:00,apoorva,gesture,tts_queued,lifecycle,r2_bearing_right,Row 2.1: bearing into right stand,ready,1,195,,,,45.141108,,,,,,,,,,,,,,,,Row 2 right gear,,,replace_hover,,"{""acquired_tool_ids"": [21], ""acquisition_complete"": false, ""completed_steps"": [], ""head_rotation_deg"": null, ""head_translation_m"": null, ""left_hand_translation_m"": null, ""removed_tool_ids"": [], ""right_hand_translation_m"": null, ""selected_step"": ""r2_bearing_right"", ""step_attempt"": 1, ""step_elapsed_s"": 45.14111854904331, ""step_event_index"": 195, ""total_hand_translation_m"": null, ""trial_finished_elapsed_s"": null, ""trial_recording"": true, ""trial_required_tool_ids"": [21, 34]}"
2026-09-04T17:27:05.235-04:00,apoorva,gesture,tts_finished,lifecycle,r2_bearing_right,Row 2.1: bearing into right stand,ready,1,196,,,,45.217828,,,,,,,,,,,,,,,,Wrong part.,,,,,"{""acquired_tool_ids"": [21], ""acquisition_complete"": false, ""completed_steps"": [], ""head_rotation_deg"": null, ""head_translation_m"": null, ""left_hand_translation_m"": null, ""removed_tool_ids"": [], ""right_hand_translation_m"": null, ""selected_step"": ""r2_bearing_right"", ""step_attempt"": 1, ""step_elapsed_s"": 45.217844341066666, ""step_event_index"": 196, ""total_hand_translation_m"": null, ""trial_finished_elapsed_s"": null, ""trial_recording"": true, ""trial_required_tool_ids"": [21, 34]}"
2026-09-04T17:27:05.268-04:00,apoorva,gesture,tts_started,lifecycle,r2_bearing_right,Row 2.1: bearing into right stand,ready,1,197,,,,45.250654,,,,,,,,,,,,,,,,Row 2 right gear,,,,,"{""acquired_tool_ids"": [21], ""acquisition_complete"": false, ""completed_steps"": [], ""head_rotation_deg"": null, ""head_translation_m"": null, ""left_hand_translation_m"": null, ""removed_tool_ids"": [], ""right_hand_translation_m"": null, ""selected_step"": ""r2_bearing_right"", ""step_attempt"": 1, ""step_elapsed_s"": 45.25066602206789, ""step_event_index"": 197, ""total_hand_translation_m"": null, ""trial_finished_elapsed_s"": null, ""trial_recording"": true, ""trial_required_tool_ids"": [21, 34]}"
2026-09-04T17:27:06.743-04:00,apoorva,gesture,tts_finished,lifecycle,r2_bearing_right,Row 2.1: bearing into right stand,ready,1,198,,,,46.725780,,,,,,,,,,,,,,,,Row 2 right gear,,,,,"{""acquired_tool_ids"": [21], ""acquisition_complete"": false, ""completed_steps"": [], ""head_rotation_deg"": null, ""head_translation_m"": null, ""left_hand_translation_m"": null, ""removed_tool_ids"": [], ""right_hand_translation_m"": null, ""selected_step"": ""r2_bearing_right"", ""step_attempt"": 1, ""step_elapsed_s"": 46.725791790988296, ""step_event_index"": 198, ""total_hand_translation_m"": null, ""trial_finished_elapsed_s"": null, ""trial_recording"": true, ""trial_required_tool_ids"": [21, 34]}"
2026-09-04T17:27:07.349-04:00,apoorva,gesture,hover,hover,r2_bearing_right,Row 2.1: bearing into right stand,ready,1,199,27,GEAR_ROW2_LEFT,,,,,,,,,,,,,,,,,,,,,,,"{""acquired_tool_ids"": [21], ""acquisition_complete"": false, ""completed_steps"": [], ""head_rotation_deg"": null, ""head_translation_m"": null, ""left_hand_translation_m"": null, ""removed_tool_ids"": [], ""right_hand_translation_m"": null, ""selected_step"": ""r2_bearing_right"", ""step_attempt"": 1, ""step_elapsed_s"": 47.33181116299238, ""step_event_index"": 199, ""total_hand_translation_m"": null, ""trial_finished_elapsed_s"": null, ""trial_recording"": true, ""trial_required_tool_ids"": [21, 34]}"
2026-09-04T17:27:07.377-04:00,apoorva,gesture,tts_queued,lifecycle,r2_bearing_right,Row 2.1: bearing into right stand,ready,1,200,,,,47.359673,,,,,,,,,,,,,,,,Row 2 left gear,,,replace_hover,,"{""acquired_tool_ids"": [21], ""acquisition_complete"": false, ""completed_steps"": [], ""head_rotation_deg"": null, ""head_translation_m"": null, ""left_hand_translation_m"": null, ""removed_tool_ids"": [], ""right_hand_translation_m"": null, ""selected_step"": ""r2_bearing_right"", ""step_attempt"": 1, ""step_elapsed_s"": 47.35968657908961, ""step_event_index"": 200, ""total_hand_translation_m"": null, ""trial_finished_elapsed_s"": null, ""trial_recording"": true, ""trial_required_tool_ids"": [21, 34]}"
2026-09-04T17:27:07.444-04:00,apoorva,gesture,tts_started,lifecycle,r2_bearing_right,Row 2.1: bearing into right stand,ready,1,201,,,,47.427163,,,,,,,,,,,,,,,,Row 2 left gear,,,,,"{""acquired_tool_ids"": [21], ""acquisition_complete"": false, ""completed_steps"": [], ""head_rotation_deg"": null, ""head_translation_m"": null, ""left_hand_translation_m"": null, ""removed_tool_ids"": [], ""right_hand_translation_m"": null, ""selected_step"": ""r2_bearing_right"", ""step_attempt"": 1, ""step_elapsed_s"": 47.42717467201874, ""step_event_index"": 201, ""total_hand_translation_m"": null, ""trial_finished_elapsed_s"": null, ""trial_recording"": true, ""trial_required_tool_ids"": [21, 34]}"
2026-09-04T17:27:07.967-04:00,apoorva,gesture,hover,hover,r2_bearing_right,Row 2.1: bearing into right stand,ready,1,202,28,GEAR_ROW2_RIGHT,,,,,,,,,,,,,,,,,,,,,,,"{""acquired_tool_ids"": [21], ""acquisition_complete"": false, ""completed_steps"": [], ""head_rotation_deg"": null, ""head_translation_m"": null, ""left_hand_translation_m"": null, ""removed_tool_ids"": [], ""right_hand_translation_m"": null, ""selected_step"": ""r2_bearing_right"", ""step_attempt"": 1, ""step_elapsed_s"": 47.95037707302254, ""step_event_index"": 202, ""total_hand_translation_m"": null, ""trial_finished_elapsed_s"": null, ""trial_recording"": true, ""trial_required_tool_ids"": [21, 34]}"
2026-09-04T17:27:08.052-04:00,apoorva,gesture,tts_queued,lifecycle,r2_bearing_right,Row 2.1: bearing into right stand,ready,1,203,,,,48.035478,,,,,,,,,,,,,,,,Row 2 right gear,,,replace_hover,,"{""acquired_tool_ids"": [21], ""acquisition_complete"": false, ""completed_steps"": [], ""head_rotation_deg"": null, ""head_translation_m"": null, ""left_hand_translation_m"": null, ""removed_tool_ids"": [], ""right_hand_translation_m"": null, ""selected_step"": ""r2_bearing_right"", ""step_attempt"": 1, ""step_elapsed_s"": 48.03548684203997, ""step_event_index"": 203, ""total_hand_translation_m"": null, ""trial_finished_elapsed_s"": null, ""trial_recording"": true, ""trial_required_tool_ids"": [21, 34]}"
2026-09-04T17:27:08.105-04:00,apoorva,gesture,hover,hover,r2_bearing_right,Row 2.1: bearing into right stand,ready,1,204,31,GEAR_ROW4_LEFT,,,,,,,,,,,,,,,,,,,,,,,"{""acquired_tool_ids"": [21], ""acquisition_complete"": false, ""completed_steps"": [], ""head_rotation_deg"": null, ""head_translation_m"": null, ""left_hand_translation_m"": null, ""removed_tool_ids"": [], ""right_hand_translation_m"": null, ""selected_step"": ""r2_bearing_right"", ""step_attempt"": 1, ""step_elapsed_s"": 48.08790891699027, ""step_event_index"": 204, ""total_hand_translation_m"": null, ""trial_finished_elapsed_s"": null, ""trial_recording"": true, ""trial_required_tool_ids"": [21, 34]}"
2026-09-04T17:27:08.195-04:00,apoorva,gesture,tts_queued,lifecycle,r2_bearing_right,Row 2.1: bearing into right stand,ready,1,205,,,,48.178301,,,,,,,,,,,,,,,,Row 4 left gear,,,replace_hover,,"{""acquired_tool_ids"": [21], ""acquisition_complete"": false, ""completed_steps"": [], ""head_rotation_deg"": null, ""head_translation_m"": null, ""left_hand_translation_m"": null, ""removed_tool_ids"": [], ""right_hand_translation_m"": null, ""selected_step"": ""r2_bearing_right"", ""step_attempt"": 1, ""step_elapsed_s"": 48.17831009009387, ""step_event_index"": 205, ""total_hand_translation_m"": null, ""trial_finished_elapsed_s"": null, ""trial_recording"": true, ""trial_required_tool_ids"": [21, 34]}"
2026-09-04T17:27:08.273-04:00,apoorva,gesture,tts_finished,lifecycle,r2_bearing_right,Row 2.1: bearing into right stand,ready,1,206,,,,48.255789,,,,,,,,,,,,,,,,Row 2 left gear,,,,,"{""acquired_tool_ids"": [21], ""acquisition_complete"": false, ""completed_steps"": [], ""head_rotation_deg"": null, ""head_translation_m"": null, ""left_hand_translation_m"": null, ""removed_tool_ids"": [], ""right_hand_translation_m"": null, ""selected_step"": ""r2_bearing_right"", ""step_attempt"": 1, ""step_elapsed_s"": 48.25580002309289, ""step_event_index"": 206, ""total_hand_translation_m"": null, ""trial_finished_elapsed_s"": null, ""trial_recording"": true, ""trial_required_tool_ids"": [21, 34]}"
2026-09-04T17:27:08.343-04:00,apoorva,gesture,tts_started,lifecycle,r2_bearing_right,Row 2.1: bearing into right stand,ready,1,207,,,,48.326332,,,,,,,,,,,,,,,,Row 2 right gear,,,,,"{""acquired_tool_ids"": [21], ""acquisition_complete"": false, ""completed_steps"": [], ""head_rotation_deg"": null, ""head_translation_m"": null, ""left_hand_translation_m"": null, ""removed_tool_ids"": [], ""right_hand_translation_m"": null, ""selected_step"": ""r2_bearing_right"", ""step_attempt"": 1, ""step_elapsed_s"": 48.326340942061506, ""step_event_index"": 207, ""total_hand_translation_m"": null, ""trial_finished_elapsed_s"": null, ""trial_recording"": true, ""trial_required_tool_ids"": [21, 34]}"
2026-09-04T17:27:08.413-04:00,apoorva,gesture,tts_finished,lifecycle,r2_bearing_right,Row 2.1: bearing into right stand,ready,1,208,,,,48.396162,,,,,,,,,,,,,,,,Row 2 right gear,,,,,"{""acquired_tool_ids"": [21], ""acquisition_complete"": false, ""completed_steps"": [], ""head_rotation_deg"": null, ""head_translation_m"": null, ""left_hand_translation_m"": null, ""removed_tool_ids"": [], ""right_hand_translation_m"": null, ""selected_step"": ""r2_bearing_right"", ""step_attempt"": 1, ""step_elapsed_s"": 48.39617197099142, ""step_event_index"": 208, ""total_hand_translation_m"": null, ""trial_finished_elapsed_s"": null, ""trial_recording"": true, ""trial_required_tool_ids"": [21, 34]}"
2026-09-04T17:27:08.532-04:00,apoorva,gesture,tts_started,lifecycle,r2_bearing_right,Row 2.1: bearing into right stand,ready,1,209,,,,48.515504,,,,,,,,,,,,,,,,Row 4 left gear,,,,,"{""acquired_tool_ids"": [21], ""acquisition_complete"": false, ""completed_steps"": [], ""head_rotation_deg"": null, ""head_translation_m"": null, ""left_hand_translation_m"": null, ""removed_tool_ids"": [], ""right_hand_translation_m"": null, ""selected_step"": ""r2_bearing_right"", ""step_attempt"": 1, ""step_elapsed_s"": 48.515513480990194, ""step_event_index"": 209, ""total_hand_translation_m"": null, ""trial_finished_elapsed_s"": null, ""trial_recording"": true, ""trial_required_tool_ids"": [21, 34]}"
2026-09-04T17:27:08.657-04:00,apoorva,gesture,hover,hover,r2_bearing_right,Row 2.1: bearing into right stand,ready,1,210,28,GEAR_ROW2_RIGHT,,,,,,,,,,,,,,,,,,,,,,,"{""acquired_tool_ids"": [21], ""acquisition_complete"": false, ""completed_steps"": [], ""head_rotation_deg"": null, ""head_translation_m"": null, ""left_hand_translation_m"": null, ""removed_tool_ids"": [], ""right_hand_translation_m"": null, ""selected_step"": ""r2_bearing_right"", ""step_attempt"": 1, ""step_elapsed_s"": 48.63989485509228, ""step_event_index"": 210, ""total_hand_translation_m"": null, ""trial_finished_elapsed_s"": null, ""trial_recording"": true, ""trial_required_tool_ids"": [21, 34]}"
2026-09-04T17:27:08.737-04:00,apoorva,gesture,tts_queued,lifecycle,r2_bearing_right,Row 2.1: bearing into right stand,ready,1,211,,,,48.719869,,,,,,,,,,,,,,,,Row 2 right gear,,,replace_hover,,"{""acquired_tool_ids"": [21], ""acquisition_complete"": false, ""completed_steps"": [], ""head_rotation_deg"": null, ""head_translation_m"": null, ""left_hand_translation_m"": null, ""removed_tool_ids"": [], ""right_hand_translation_m"": null, ""selected_step"": ""r2_bearing_right"", ""step_attempt"": 1, ""step_elapsed_s"": 48.71987975900993, ""step_event_index"": 211, ""total_hand_translation_m"": null, ""trial_finished_elapsed_s"": null, ""trial_recording"": true, ""trial_required_tool_ids"": [21, 34]}"
2026-09-04T17:27:08.829-04:00,apoorva,gesture,tts_finished,lifecycle,r2_bearing_right,Row 2.1: bearing into right stand,ready,1,212,,,,48.812430,,,,,,,,,,,,,,,,Row 4 left gear,,,,,"{""acquired_tool_ids"": [21], ""acquisition_complete"": false, ""completed_steps"": [], ""head_rotation_deg"": null, ""head_translation_m"": null, ""left_hand_translation_m"": null, ""removed_tool_ids"": [], ""right_hand_translation_m"": null, ""selected_step"": ""r2_bearing_right"", ""step_attempt"": 1, ""step_elapsed_s"": 48.812444715062156, ""step_event_index"": 212, ""total_hand_translation_m"": null, ""trial_finished_elapsed_s"": null, ""trial_recording"": true, ""trial_required_tool_ids"": [21, 34]}"
2026-09-04T17:27:08.871-04:00,apoorva,gesture,tts_started,lifecycle,r2_bearing_right,Row 2.1: bearing into right stand,ready,1,213,,,,48.853829,,,,,,,,,,,,,,,,Row 2 right gear,,,,,"{""acquired_tool_ids"": [21], ""acquisition_complete"": false, ""completed_steps"": [], ""head_rotation_deg"": null, ""head_translation_m"": null, ""left_hand_translation_m"": null, ""removed_tool_ids"": [], ""right_hand_translation_m"": null, ""selected_step"": ""r2_bearing_right"", ""step_attempt"": 1, ""step_elapsed_s"": 48.85383862210438, ""step_event_index"": 213, ""total_hand_translation_m"": null, ""trial_finished_elapsed_s"": null, ""trial_recording"": true, ""trial_required_tool_ids"": [21, 34]}"
2026-09-04T17:27:09.159-04:00,apoorva,gesture,hover,hover,r2_bearing_right,Row 2.1: bearing into right stand,ready,1,214,31,GEAR_ROW4_LEFT,,,,,,,,,,,,,,,,,,,,,,,"{""acquired_tool_ids"": [21], ""acquisition_complete"": false, ""completed_steps"": [], ""head_rotation_deg"": null, ""head_translation_m"": null, ""left_hand_translation_m"": null, ""removed_tool_ids"": [], ""right_hand_translation_m"": null, ""selected_step"": ""r2_bearing_right"", ""step_attempt"": 1, ""step_elapsed_s"": 49.14230208599474, ""step_event_index"": 214, ""total_hand_translation_m"": null, ""trial_finished_elapsed_s"": null, ""trial_recording"": true, ""trial_required_tool_ids"": [21, 34]}"
2026-09-04T17:27:09.280-04:00,apoorva,gesture,tts_queued,lifecycle,r2_bearing_right,Row 2.1: bearing into right stand,ready,1,215,,,,49.263434,,,,,,,,,,,,,,,,Row 4 left gear,,,replace_hover,,"{""acquired_tool_ids"": [21], ""acquisition_complete"": false, ""completed_steps"": [], ""head_rotation_deg"": null, ""head_translation_m"": null, ""left_hand_translation_m"": null, ""removed_tool_ids"": [], ""right_hand_translation_m"": null, ""selected_step"": ""r2_bearing_right"", ""step_attempt"": 1, ""step_elapsed_s"": 49.26344410399906, ""step_event_index"": 215, ""total_hand_translation_m"": null, ""trial_finished_elapsed_s"": null, ""trial_recording"": true, ""trial_required_tool_ids"": [21, 34]}"
2026-09-04T17:27:09.439-04:00,apoorva,gesture,tts_finished,lifecycle,r2_bearing_right,Row 2.1: bearing into right stand,ready,1,216,,,,49.421736,,,,,,,,,,,,,,,,Row 2 right gear,,,,,"{""acquired_tool_ids"": [21], ""acquisition_complete"": false, ""completed_steps"": [], ""head_rotation_deg"": null, ""head_translation_m"": null, ""left_hand_translation_m"": null, ""removed_tool_ids"": [], ""right_hand_translation_m"": null, ""selected_step"": ""r2_bearing_right"", ""step_attempt"": 1, ""step_elapsed_s"": 49.42174449202139, ""step_event_index"": 216, ""total_hand_translation_m"": null, ""trial_finished_elapsed_s"": null, ""trial_recording"": true, ""trial_required_tool_ids"": [21, 34]}"
2026-09-04T17:27:09.579-04:00,apoorva,gesture,tts_started,lifecycle,r2_bearing_right,Row 2.1: bearing into right stand,ready,1,217,,,,49.562464,,,,,,,,,,,,,,,,Row 4 left gear,,,,,"{""acquired_tool_ids"": [21], ""acquisition_complete"": false, ""completed_steps"": [], ""head_rotation_deg"": null, ""head_translation_m"": null, ""left_hand_translation_m"": null, ""removed_tool_ids"": [], ""right_hand_translation_m"": null, ""selected_step"": ""r2_bearing_right"", ""step_attempt"": 1, ""step_elapsed_s"": 49.562472863006406, ""step_event_index"": 217, ""total_hand_translation_m"": null, ""trial_finished_elapsed_s"": null, ""trial_recording"": true, ""trial_required_tool_ids"": [21, 34]}"
2026-09-04T17:27:10.129-04:00,apoorva,gesture,hover,hover,r2_bearing_right,Row 2.1: bearing into right stand,ready,1,218,24,GEAR_STAND_ROW4_LEFT,,,,,,,,,,,,,,,,,,,,,,,"{""acquired_tool_ids"": [21], ""acquisition_complete"": false, ""completed_steps"": [], ""head_rotation_deg"": null, ""head_translation_m"": null, ""left_hand_translation_m"": null, ""removed_tool_ids"": [], ""right_hand_translation_m"": null, ""selected_step"": ""r2_bearing_right"", ""step_attempt"": 1, ""step_elapsed_s"": 50.112287702038884, ""step_event_index"": 218, ""total_hand_translation_m"": null, ""trial_finished_elapsed_s"": null, ""trial_recording"": true, ""trial_required_tool_ids"": [21, 34]}"
2026-09-04T17:27:10.200-04:00,apoorva,gesture,tts_queued,lifecycle,r2_bearing_right,Row 2.1: bearing into right stand,ready,1,219,,,,50.183516,,,,,,,,,,,,,,,,Row 4 left stand,,,replace_hover,,"{""acquired_tool_ids"": [21], ""acquisition_complete"": false, ""completed_steps"": [], ""head_rotation_deg"": null, ""head_translation_m"": null, ""left_hand_translation_m"": null, ""removed_tool_ids"": [], ""right_hand_translation_m"": null, ""selected_step"": ""r2_bearing_right"", ""step_attempt"": 1, ""step_elapsed_s"": 50.183525032014586, ""step_event_index"": 219, ""total_hand_translation_m"": null, ""trial_finished_elapsed_s"": null, ""trial_recording"": true, ""trial_required_tool_ids"": [21, 34]}"
2026-09-04T17:27:10.241-04:00,apoorva,gesture,tts_finished,lifecycle,r2_bearing_right,Row 2.1: bearing into right stand,ready,1,220,,,,50.223881,,,,,,,,,,,,,,,,Row 4 left gear,,,,,"{""acquired_tool_ids"": [21], ""acquisition_complete"": false, ""completed_steps"": [], ""head_rotation_deg"": null, ""head_translation_m"": null, ""left_hand_translation_m"": null, ""removed_tool_ids"": [], ""right_hand_translation_m"": null, ""selected_step"": ""r2_bearing_right"", ""step_attempt"": 1, ""step_elapsed_s"": 50.22389273100998, ""step_event_index"": 220, ""total_hand_translation_m"": null, ""trial_finished_elapsed_s"": null, ""trial_recording"": true, ""trial_required_tool_ids"": [21, 34]}"
2026-09-04T17:27:10.270-04:00,apoorva,gesture,tts_started,lifecycle,r2_bearing_right,Row 2.1: bearing into right stand,ready,1,221,,,,50.253314,,,,,,,,,,,,,,,,Row 4 left stand,,,,,"{""acquired_tool_ids"": [21], ""acquisition_complete"": false, ""completed_steps"": [], ""head_rotation_deg"": null, ""head_translation_m"": null, ""left_hand_translation_m"": null, ""removed_tool_ids"": [], ""right_hand_translation_m"": null, ""selected_step"": ""r2_bearing_right"", ""step_attempt"": 1, ""step_elapsed_s"": 50.253324835095555, ""step_event_index"": 221, ""total_hand_translation_m"": null, ""trial_finished_elapsed_s"": null, ""trial_recording"": true, ""trial_required_tool_ids"": [21, 34]}"
2026-09-04T17:27:10.502-04:00,apoorva,gesture,hover,hover,r2_bearing_right,Row 2.1: bearing into right stand,ready,1,222,25,GEAR_STAND_ROW4_RIGHT,,,,,,,,,,,,,,,,,,,,,,,"{""acquired_tool_ids"": [21], ""acquisition_complete"": false, ""completed_steps"": [], ""head_rotation_deg"": null, ""head_translation_m"": null, ""left_hand_translation_m"": null, ""removed_tool_ids"": [], ""right_hand_translation_m"": null, ""selected_step"": ""r2_bearing_right"", ""step_attempt"": 1, ""step_elapsed_s"": 50.485027388087474, ""step_event_index"": 222, ""total_hand_translation_m"": null, ""trial_finished_elapsed_s"": null, ""trial_recording"": true, ""trial_required_tool_ids"": [21, 34]}"
2026-09-04T17:27:10.575-04:00,apoorva,gesture,tts_queued,lifecycle,r2_bearing_right,Row 2.1: bearing into right stand,ready,1,223,,,,50.557937,,,,,,,,,,,,,,,,Row 4 right stand,,,replace_hover,,"{""acquired_tool_ids"": [21], ""acquisition_complete"": false, ""completed_steps"": [], ""head_rotation_deg"": null, ""head_translation_m"": null, ""left_hand_translation_m"": null, ""removed_tool_ids"": [], ""right_hand_translation_m"": null, ""selected_step"": ""r2_bearing_right"", ""step_attempt"": 1, ""step_elapsed_s"": 50.557947976049036, ""step_event_index"": 223, ""total_hand_translation_m"": null, ""trial_finished_elapsed_s"": null, ""trial_recording"": true, ""trial_required_tool_ids"": [21, 34]}"
2026-09-04T17:27:10.855-04:00,apoorva,gesture,hover,hover,r2_bearing_right,Row 2.1: bearing into right stand,ready,1,224,28,GEAR_ROW2_RIGHT,,,,,,,,,,,,,,,,,,,,,,,"{""acquired_tool_ids"": [21], ""acquisition_complete"": false, ""completed_steps"": [], ""head_rotation_deg"": null, ""head_translation_m"": null, ""left_hand_translation_m"": null, ""removed_tool_ids"": [], ""right_hand_translation_m"": null, ""selected_step"": ""r2_bearing_right"", ""step_attempt"": 1, ""step_elapsed_s"": 50.837607017019764, ""step_event_index"": 224, ""total_hand_translation_m"": null, ""trial_finished_elapsed_s"": null, ""trial_recording"": true, ""trial_required_tool_ids"": [21, 34]}"
2026-09-04T17:27:10.994-04:00,apoorva,gesture,tts_queued,lifecycle,r2_bearing_right,Row 2.1: bearing into right stand,ready,1,225,,,,50.977382,,,,,,,,,,,,,,,,Row 2 right gear,,,replace_hover,,"{""acquired_tool_ids"": [21], ""acquisition_complete"": false, ""completed_steps"": [], ""head_rotation_deg"": null, ""head_translation_m"": null, ""left_hand_translation_m"": null, ""removed_tool_ids"": [], ""right_hand_translation_m"": null, ""selected_step"": ""r2_bearing_right"", ""step_attempt"": 1, ""step_elapsed_s"": 50.97740017902106, ""step_event_index"": 225, ""total_hand_translation_m"": null, ""trial_finished_elapsed_s"": null, ""trial_recording"": true, ""trial_required_tool_ids"": [21, 34]}"
2026-09-04T17:27:11.063-04:00,apoorva,gesture,hover,hover,r2_bearing_right,Row 2.1: bearing into right stand,ready,1,226,32,CRANK_HANDLE,,,,,,,,,,,,,,,,,,,,,,,"{""acquired_tool_ids"": [21], ""acquisition_complete"": false, ""completed_steps"": [], ""head_rotation_deg"": null, ""head_translation_m"": null, ""left_hand_translation_m"": null, ""removed_tool_ids"": [], ""right_hand_translation_m"": null, ""selected_step"": ""r2_bearing_right"", ""step_attempt"": 1, ""step_elapsed_s"": 51.046198786003515, ""step_event_index"": 226, ""total_hand_translation_m"": null, ""trial_finished_elapsed_s"": null, ""trial_recording"": true, ""trial_required_tool_ids"": [21, 34]}"
2026-09-04T17:27:11.103-04:00,apoorva,gesture,tts_queued,lifecycle,r2_bearing_right,Row 2.1: bearing into right stand,ready,1,227,,,,51.086188,,,,,,,,,,,,,,,,handle,,,replace_hover,,"{""acquired_tool_ids"": [21], ""acquisition_complete"": false, ""completed_steps"": [], ""head_rotation_deg"": null, ""head_translation_m"": null, ""left_hand_translation_m"": null, ""removed_tool_ids"": [], ""right_hand_translation_m"": null, ""selected_step"": ""r2_bearing_right"", ""step_attempt"": 1, ""step_elapsed_s"": 51.08620042609982, ""step_event_index"": 227, ""total_hand_translation_m"": null, ""trial_finished_elapsed_s"": null, ""trial_recording"": true, ""trial_required_tool_ids"": [21, 34]}"
2026-09-04T17:27:11.209-04:00,apoorva,gesture,tts_finished,lifecycle,r2_bearing_right,Row 2.1: bearing into right stand,ready,1,228,,,,51.191944,,,,,,,,,,,,,,,,Row 4 left stand,,,,,"{""acquired_tool_ids"": [21], ""acquisition_complete"": false, ""completed_steps"": [], ""head_rotation_deg"": null, ""head_translation_m"": null, ""left_hand_translation_m"": null, ""removed_tool_ids"": [], ""right_hand_translation_m"": null, ""selected_step"": ""r2_bearing_right"", ""step_attempt"": 1, ""step_elapsed_s"": 51.19195645104628, ""step_event_index"": 228, ""total_hand_translation_m"": null, ""trial_finished_elapsed_s"": null, ""trial_recording"": true, ""trial_required_tool_ids"": [21, 34]}"
2026-09-04T17:27:11.362-04:00,apoorva,gesture,tts_started,lifecycle,r2_bearing_right,Row 2.1: bearing into right stand,ready,1,229,,,,51.344693,,,,,,,,,,,,,,,,Row 4 right stand,,,,,"{""acquired_tool_ids"": [21], ""acquisition_complete"": false, ""completed_steps"": [], ""head_rotation_deg"": null, ""head_translation_m"": null, ""left_hand_translation_m"": null, ""removed_tool_ids"": [], ""right_hand_translation_m"": null, ""selected_step"": ""r2_bearing_right"", ""step_attempt"": 1, ""step_elapsed_s"": 51.34470159106422, ""step_event_index"": 229, ""total_hand_translation_m"": null, ""trial_finished_elapsed_s"": null, ""trial_recording"": true, ""trial_required_tool_ids"": [21, 34]}"
2026-09-04T17:27:11.491-04:00,apoorva,gesture,tts_finished,lifecycle,r2_bearing_right,Row 2.1: bearing into right stand,ready,1,230,,,,51.473970,,,,,,,,,,,,,,,,Row 4 right stand,,,,,"{""acquired_tool_ids"": [21], ""acquisition_complete"": false, ""completed_steps"": [], ""head_rotation_deg"": null, ""head_translation_m"": null, ""left_hand_translation_m"": null, ""removed_tool_ids"": [], ""right_hand_translation_m"": null, ""selected_step"": ""r2_bearing_right"", ""step_attempt"": 1, ""step_elapsed_s"": 51.47398693009745, ""step_event_index"": 230, ""total_hand_translation_m"": null, ""trial_finished_elapsed_s"": null, ""trial_recording"": true, ""trial_required_tool_ids"": [21, 34]}"
2026-09-04T17:27:11.658-04:00,apoorva,gesture,tts_started,lifecycle,r2_bearing_right,Row 2.1: bearing into right stand,ready,1,231,,,,51.641363,,,,,,,,,,,,,,,,Row 2 right gear,,,,,"{""acquired_tool_ids"": [21], ""acquisition_complete"": false, ""completed_steps"": [], ""head_rotation_deg"": null, ""head_translation_m"": null, ""left_hand_translation_m"": null, ""removed_tool_ids"": [], ""right_hand_translation_m"": null, ""selected_step"": ""r2_bearing_right"", ""step_attempt"": 1, ""step_elapsed_s"": 51.64138197002467, ""step_event_index"": 231, ""total_hand_translation_m"": null, ""trial_finished_elapsed_s"": null, ""trial_recording"": true, ""trial_required_tool_ids"": [21, 34]}"
2026-09-04T17:27:11.745-04:00,apoorva,gesture,tts_finished,lifecycle,r2_bearing_right,Row 2.1: bearing into right stand,ready,1,232,,,,51.728419,,,,,,,,,,,,,,,,Row 2 right gear,,,,,"{""acquired_tool_ids"": [21], ""acquisition_complete"": false, ""completed_steps"": [], ""head_rotation_deg"": null, ""head_translation_m"": null, ""left_hand_translation_m"": null, ""removed_tool_ids"": [], ""right_hand_translation_m"": null, ""selected_step"": ""r2_bearing_right"", ""step_attempt"": 1, ""step_elapsed_s"": 51.72842895507347, ""step_event_index"": 232, ""total_hand_translation_m"": null, ""trial_finished_elapsed_s"": null, ""trial_recording"": true, ""trial_required_tool_ids"": [21, 34]}"
2026-09-04T17:27:11.831-04:00,apoorva,gesture,tts_started,lifecycle,r2_bearing_right,Row 2.1: bearing into right stand,ready,1,233,,,,51.814028,,,,,,,,,,,,,,,,handle,,,,,"{""acquired_tool_ids"": [21], ""acquisition_complete"": false, ""completed_steps"": [], ""head_rotation_deg"": null, ""head_translation_m"": null, ""left_hand_translation_m"": null, ""removed_tool_ids"": [], ""right_hand_translation_m"": null, ""selected_step"": ""r2_bearing_right"", ""step_attempt"": 1, ""step_elapsed_s"": 51.81403786002193, ""step_event_index"": 233, ""total_hand_translation_m"": null, ""trial_finished_elapsed_s"": null, ""trial_recording"": true, ""trial_required_tool_ids"": [21, 34]}"
2026-09-04T17:27:11.962-04:00,apoorva,gesture,hover,hover,r2_bearing_right,Row 2.1: bearing into right stand,ready,1,234,33,PINS,,,,,,,,,,,,,,,,,,,,,,,"{""acquired_tool_ids"": [21], ""acquisition_complete"": false, ""completed_steps"": [], ""head_rotation_deg"": null, ""head_translation_m"": null, ""left_hand_translation_m"": null, ""removed_tool_ids"": [], ""right_hand_translation_m"": null, ""selected_step"": ""r2_bearing_right"", ""step_attempt"": 1, ""step_elapsed_s"": 51.94485054304823, ""step_event_index"": 234, ""total_hand_translation_m"": null, ""trial_finished_elapsed_s"": null, ""trial_recording"": true, ""trial_required_tool_ids"": [21, 34]}"
2026-09-04T17:27:12.011-04:00,apoorva,gesture,tts_queued,lifecycle,r2_bearing_right,Row 2.1: bearing into right stand,ready,1,235,,,,51.993649,,,,,,,,,,,,,,,,pin,,,replace_hover,,"{""acquired_tool_ids"": [21], ""acquisition_complete"": false, ""completed_steps"": [], ""head_rotation_deg"": null, ""head_translation_m"": null, ""left_hand_translation_m"": null, ""removed_tool_ids"": [], ""right_hand_translation_m"": null, ""selected_step"": ""r2_bearing_right"", ""step_attempt"": 1, ""step_elapsed_s"": 51.99365929304622, ""step_event_index"": 235, ""total_hand_translation_m"": null, ""trial_finished_elapsed_s"": null, ""trial_recording"": true, ""trial_required_tool_ids"": [21, 34]}"
2026-09-04T17:27:12.063-04:00,apoorva,gesture,hover,hover,r2_bearing_right,Row 2.1: bearing into right stand,ready,1,236,32,CRANK_HANDLE,,,,,,,,,,,,,,,,,,,,,,,"{""acquired_tool_ids"": [21], ""acquisition_complete"": false, ""completed_steps"": [], ""head_rotation_deg"": null, ""head_translation_m"": null, ""left_hand_translation_m"": null, ""removed_tool_ids"": [], ""right_hand_translation_m"": null, ""selected_step"": ""r2_bearing_right"", ""step_attempt"": 1, ""step_elapsed_s"": 52.04650371707976, ""step_event_index"": 236, ""total_hand_translation_m"": null, ""trial_finished_elapsed_s"": null, ""trial_recording"": true, ""trial_required_tool_ids"": [21, 34]}"
2026-09-04T17:27:12.120-04:00,apoorva,gesture,tts_queued,lifecycle,r2_bearing_right,Row 2.1: bearing into right stand,ready,1,237,,,,52.102918,,,,,,,,,,,,,,,,handle,,,replace_hover,,"{""acquired_tool_ids"": [21], ""acquisition_complete"": false, ""completed_steps"": [], ""head_rotation_deg"": null, ""head_translation_m"": null, ""left_hand_translation_m"": null, ""removed_tool_ids"": [], ""right_hand_translation_m"": null, ""selected_step"": ""r2_bearing_right"", ""step_attempt"": 1, ""step_elapsed_s"": 52.10292945301626, ""step_event_index"": 237, ""total_hand_translation_m"": null, ""trial_finished_elapsed_s"": null, ""trial_recording"": true, ""trial_required_tool_ids"": [21, 34]}"
2026-09-04T17:27:12.363-04:00,apoorva,gesture,hover,hover,r2_bearing_right,Row 2.1: bearing into right stand,ready,1,238,33,PINS,,,,,,,,,,,,,,,,,,,,,,,"{""acquired_tool_ids"": [21], ""acquisition_complete"": false, ""completed_steps"": [], ""head_rotation_deg"": null, ""head_translation_m"": null, ""left_hand_translation_m"": null, ""removed_tool_ids"": [], ""right_hand_translation_m"": null, ""selected_step"": ""r2_bearing_right"", ""step_attempt"": 1, ""step_elapsed_s"": 52.34631131007336, ""step_event_index"": 238, ""total_hand_translation_m"": null, ""trial_finished_elapsed_s"": null, ""trial_recording"": true, ""trial_required_tool_ids"": [21, 34]}"
2026-09-04T17:27:12.398-04:00,apoorva,gesture,tts_queued,lifecycle,r2_bearing_right,Row 2.1: bearing into right stand,ready,1,239,,,,52.380864,,,,,,,,,,,,,,,,pin,,,replace_hover,,"{""acquired_tool_ids"": [21], ""acquisition_complete"": false, ""completed_steps"": [], ""head_rotation_deg"": null, ""head_translation_m"": null, ""left_hand_translation_m"": null, ""removed_tool_ids"": [], ""right_hand_translation_m"": null, ""selected_step"": ""r2_bearing_right"", ""step_attempt"": 1, ""step_elapsed_s"": 52.380874611088075, ""step_event_index"": 239, ""total_hand_translation_m"": null, ""trial_finished_elapsed_s"": null, ""trial_recording"": true, ""trial_required_tool_ids"": [21, 34]}"
2026-09-04T17:27:12.470-04:00,apoorva,gesture,tts_finished,lifecycle,r2_bearing_right,Row 2.1: bearing into right stand,ready,1,240,,,,52.453553,,,,,,,,,,,,,,,,handle,,,,,"{""acquired_tool_ids"": [21], ""acquisition_complete"": false, ""completed_steps"": [], ""head_rotation_deg"": null, ""head_translation_m"": null, ""left_hand_translation_m"": null, ""removed_tool_ids"": [], ""right_hand_translation_m"": null, ""selected_step"": ""r2_bearing_right"", ""step_attempt"": 1, ""step_elapsed_s"": 52.453560926020145, ""step_event_index"": 240, ""total_hand_translation_m"": null, ""trial_finished_elapsed_s"": null, ""trial_recording"": true, ""trial_required_tool_ids"": [21, 34]}"
2026-09-04T17:27:12.498-04:00,apoorva,gesture,tts_started,lifecycle,r2_bearing_right,Row 2.1: bearing into right stand,ready,1,241,,,,52.481459,,,,,,,,,,,,,,,,pin,,,,,"{""acquired_tool_ids"": [21], ""acquisition_complete"": false, ""completed_steps"": [], ""head_rotation_deg"": null, ""head_translation_m"": null, ""left_hand_translation_m"": null, ""removed_tool_ids"": [], ""right_hand_translation_m"": null, ""selected_step"": ""r2_bearing_right"", ""step_attempt"": 1, ""step_elapsed_s"": 52.48147018509917, ""step_event_index"": 241, ""total_hand_translation_m"": null, ""trial_finished_elapsed_s"": null, ""trial_recording"": true, ""trial_required_tool_ids"": [21, 34]}"
2026-09-04T17:27:12.537-04:00,apoorva,gesture,tts_finished,lifecycle,r2_bearing_right,Row 2.1: bearing into right stand,ready,1,242,,,,52.520264,,,,,,,,,,,,,,,,pin,,,,,"{""acquired_tool_ids"": [21], ""acquisition_complete"": false, ""completed_steps"": [], ""head_rotation_deg"": null, ""head_translation_m"": null, ""left_hand_translation_m"": null, ""removed_tool_ids"": [], ""right_hand_translation_m"": null, ""selected_step"": ""r2_bearing_right"", ""step_attempt"": 1, ""step_elapsed_s"": 52.52027453901246, ""step_event_index"": 242, ""total_hand_translation_m"": null, ""trial_finished_elapsed_s"": null, ""trial_recording"": true, ""trial_required_tool_ids"": [21, 34]}"
2026-09-04T17:27:12.561-04:00,apoorva,gesture,tts_started,lifecycle,r2_bearing_right,Row 2.1: bearing into right stand,ready,1,243,,,,52.543601,,,,,,,,,,,,,,,,handle,,,,,"{""acquired_tool_ids"": [21], ""acquisition_complete"": false, ""completed_steps"": [], ""head_rotation_deg"": null, ""head_translation_m"": null, ""left_hand_translation_m"": null, ""removed_tool_ids"": [], ""right_hand_translation_m"": null, ""selected_step"": ""r2_bearing_right"", ""step_attempt"": 1, ""step_elapsed_s"": 52.54360862006433, ""step_event_index"": 243, ""total_hand_translation_m"": null, ""trial_finished_elapsed_s"": null, ""trial_recording"": true, ""trial_required_tool_ids"": [21, 34]}"
2026-09-04T17:27:12.668-04:00,apoorva,gesture,tts_finished,lifecycle,r2_bearing_right,Row 2.1: bearing into right stand,ready,1,244,,,,52.650854,,,,,,,,,,,,,,,,handle,,,,,"{""acquired_tool_ids"": [21], ""acquisition_complete"": false, ""completed_steps"": [], ""head_rotation_deg"": null, ""head_translation_m"": null, ""left_hand_translation_m"": null, ""removed_tool_ids"": [], ""right_hand_translation_m"": null, ""selected_step"": ""r2_bearing_right"", ""step_attempt"": 1, ""step_elapsed_s"": 52.65086577204056, ""step_event_index"": 244, ""total_hand_translation_m"": null, ""trial_finished_elapsed_s"": null, ""trial_recording"": true, ""trial_required_tool_ids"": [21, 34]}"
2026-09-04T17:27:12.701-04:00,apoorva,gesture,tts_started,lifecycle,r2_bearing_right,Row 2.1: bearing into right stand,ready,1,245,,,,52.684238,,,,,,,,,,,,,,,,pin,,,,,"{""acquired_tool_ids"": [21], ""acquisition_complete"": false, ""completed_steps"": [], ""head_rotation_deg"": null, ""head_translation_m"": null, ""left_hand_translation_m"": null, ""removed_tool_ids"": [], ""right_hand_translation_m"": null, ""selected_step"": ""r2_bearing_right"", ""step_attempt"": 1, ""step_elapsed_s"": 52.684245269047096, ""step_event_index"": 245, ""total_hand_translation_m"": null, ""trial_finished_elapsed_s"": null, ""trial_recording"": true, ""trial_required_tool_ids"": [21, 34]}"
2026-09-04T17:27:13.058-04:00,apoorva,gesture,tts_finished,lifecycle,r2_bearing_right,Row 2.1: bearing into right stand,ready,1,246,,,,53.041492,,,,,,,,,,,,,,,,pin,,,,,"{""acquired_tool_ids"": [21], ""acquisition_complete"": false, ""completed_steps"": [], ""head_rotation_deg"": null, ""head_translation_m"": null, ""left_hand_translation_m"": null, ""removed_tool_ids"": [], ""right_hand_translation_m"": null, ""selected_step"": ""r2_bearing_right"", ""step_attempt"": 1, ""step_elapsed_s"": 53.041502041043714, ""step_event_index"": 246, ""total_hand_translation_m"": null, ""trial_finished_elapsed_s"": null, ""trial_recording"": true, ""trial_required_tool_ids"": [21, 34]}"
2026-09-04T17:27:13.243-04:00,apoorva,gesture,hover,hover,r2_bearing_right,Row 2.1: bearing into right stand,ready,1,247,32,CRANK_HANDLE,,,,,,,,,,,,,,,,,,,,,,,"{""acquired_tool_ids"": [21], ""acquisition_complete"": false, ""completed_steps"": [], ""head_rotation_deg"": null, ""head_translation_m"": null, ""left_hand_translation_m"": null, ""removed_tool_ids"": [], ""right_hand_translation_m"": null, ""selected_step"": ""r2_bearing_right"", ""step_attempt"": 1, ""step_elapsed_s"": 53.226254542008974, ""step_event_index"": 247, ""total_hand_translation_m"": null, ""trial_finished_elapsed_s"": null, ""trial_recording"": true, ""trial_required_tool_ids"": [21, 34]}"
2026-09-04T17:27:13.287-04:00,apoorva,gesture,tts_queued,lifecycle,r2_bearing_right,Row 2.1: bearing into right stand,ready,1,248,,,,53.270177,,,,,,,,,,,,,,,,handle,,,replace_hover,,"{""acquired_tool_ids"": [21], ""acquisition_complete"": false, ""completed_steps"": [], ""head_rotation_deg"": null, ""head_translation_m"": null, ""left_hand_translation_m"": null, ""removed_tool_ids"": [], ""right_hand_translation_m"": null, ""selected_step"": ""r2_bearing_right"", ""step_attempt"": 1, ""step_elapsed_s"": 53.27018725499511, ""step_event_index"": 248, ""total_hand_translation_m"": null, ""trial_finished_elapsed_s"": null, ""trial_recording"": true, ""trial_required_tool_ids"": [21, 34]}"
2026-09-04T17:27:13.339-04:00,apoorva,gesture,hover,hover,r2_bearing_right,Row 2.1: bearing into right stand,ready,1,249,28,GEAR_ROW2_RIGHT,,,,,,,,,,,,,,,,,,,,,,,"{""acquired_tool_ids"": [21], ""acquisition_complete"": false, ""completed_steps"": [], ""head_rotation_deg"": null, ""head_translation_m"": null, ""left_hand_translation_m"": null, ""removed_tool_ids"": [], ""right_hand_translation_m"": null, ""selected_step"": ""r2_bearing_right"", ""step_attempt"": 1, ""step_elapsed_s"": 53.32163786306046, ""step_event_index"": 249, ""total_hand_translation_m"": null, ""trial_finished_elapsed_s"": null, ""trial_recording"": true, ""trial_required_tool_ids"": [21, 34]}"
2026-09-04T17:27:13.383-04:00,apoorva,gesture,tts_queued,lifecycle,r2_bearing_right,Row 2.1: bearing into right stand,ready,1,250,,,,53.366396,,,,,,,,,,,,,,,,Row 2 right gear,,,replace_hover,,"{""acquired_tool_ids"": [21], ""acquisition_complete"": false, ""completed_steps"": [], ""head_rotation_deg"": null, ""head_translation_m"": null, ""left_hand_translation_m"": null, ""removed_tool_ids"": [], ""right_hand_translation_m"": null, ""selected_step"": ""r2_bearing_right"", ""step_attempt"": 1, ""step_elapsed_s"": 53.36640634003561, ""step_event_index"": 250, ""total_hand_translation_m"": null, ""trial_finished_elapsed_s"": null, ""trial_recording"": true, ""trial_required_tool_ids"": [21, 34]}"
2026-09-04T17:27:13.432-04:00,apoorva,gesture,tts_started,lifecycle,r2_bearing_right,Row 2.1: bearing into right stand,ready,1,251,,,,53.414805,,,,,,,,,,,,,,,,handle,,,,,"{""acquired_tool_ids"": [21], ""acquisition_complete"": false, ""completed_steps"": [], ""head_rotation_deg"": null, ""head_translation_m"": null, ""left_hand_translation_m"": null, ""removed_tool_ids"": [], ""right_hand_translation_m"": null, ""selected_step"": ""r2_bearing_right"", ""step_attempt"": 1, ""step_elapsed_s"": 53.41481621307321, ""step_event_index"": 251, ""total_hand_translation_m"": null, ""trial_finished_elapsed_s"": null, ""trial_recording"": true, ""trial_required_tool_ids"": [21, 34]}"
2026-09-04T17:27:13.501-04:00,apoorva,gesture,tts_finished,lifecycle,r2_bearing_right,Row 2.1: bearing into right stand,ready,1,252,,,,53.484236,,,,,,,,,,,,,,,,handle,,,,,"{""acquired_tool_ids"": [21], ""acquisition_complete"": false, ""completed_steps"": [], ""head_rotation_deg"": null, ""head_translation_m"": null, ""left_hand_translation_m"": null, ""removed_tool_ids"": [], ""right_hand_translation_m"": null, ""selected_step"": ""r2_bearing_right"", ""step_attempt"": 1, ""step_elapsed_s"": 53.4842469310388, ""step_event_index"": 252, ""total_hand_translation_m"": null, ""trial_finished_elapsed_s"": null, ""trial_recording"": true, ""trial_required_tool_ids"": [21, 34]}"
2026-09-04T17:27:13.564-04:00,apoorva,gesture,tts_started,lifecycle,r2_bearing_right,Row 2.1: bearing into right stand,ready,1,253,,,,53.546957,,,,,,,,,,,,,,,,Row 2 right gear,,,,,"{""acquired_tool_ids"": [21], ""acquisition_complete"": false, ""completed_steps"": [], ""head_rotation_deg"": null, ""head_translation_m"": null, ""left_hand_translation_m"": null, ""removed_tool_ids"": [], ""right_hand_translation_m"": null, ""selected_step"": ""r2_bearing_right"", ""step_attempt"": 1, ""step_elapsed_s"": 53.54696857801173, ""step_event_index"": 253, ""total_hand_translation_m"": null, ""trial_finished_elapsed_s"": null, ""trial_recording"": true, ""trial_required_tool_ids"": [21, 34]}"
2026-09-04T17:27:13.908-04:00,apoorva,gesture,hover,hover,r2_bearing_right,Row 2.1: bearing into right stand,ready,1,254,25,GEAR_STAND_ROW4_RIGHT,,,,,,,,,,,,,,,,,,,,,,,"{""acquired_tool_ids"": [21], ""acquisition_complete"": false, ""completed_steps"": [], ""head_rotation_deg"": null, ""head_translation_m"": null, ""left_hand_translation_m"": null, ""removed_tool_ids"": [], ""right_hand_translation_m"": null, ""selected_step"": ""r2_bearing_right"", ""step_attempt"": 1, ""step_elapsed_s"": 53.891398509033024, ""step_event_index"": 254, ""total_hand_translation_m"": null, ""trial_finished_elapsed_s"": null, ""trial_recording"": true, ""trial_required_tool_ids"": [21, 34]}"
2026-09-04T17:27:14.017-04:00,apoorva,gesture,tts_queued,lifecycle,r2_bearing_right,Row 2.1: bearing into right stand,ready,1,255,,,,53.999835,,,,,,,,,,,,,,,,Row 4 right stand,,,replace_hover,,"{""acquired_tool_ids"": [21], ""acquisition_complete"": false, ""completed_steps"": [], ""head_rotation_deg"": null, ""head_translation_m"": null, ""left_hand_translation_m"": null, ""removed_tool_ids"": [], ""right_hand_translation_m"": null, ""selected_step"": ""r2_bearing_right"", ""step_attempt"": 1, ""step_elapsed_s"": 53.99984545004554, ""step_event_index"": 255, ""total_hand_translation_m"": null, ""trial_finished_elapsed_s"": null, ""trial_recording"": true, ""trial_required_tool_ids"": [21, 34]}"
2026-09-04T17:27:14.154-04:00,apoorva,gesture,tts_finished,lifecycle,r2_bearing_right,Row 2.1: bearing into right stand,ready,1,256,,,,54.136636,,,,,,,,,,,,,,,,Row 2 right gear,,,,,"{""acquired_tool_ids"": [21], ""acquisition_complete"": false, ""completed_steps"": [], ""head_rotation_deg"": null, ""head_translation_m"": null, ""left_hand_translation_m"": null, ""removed_tool_ids"": [], ""right_hand_translation_m"": null, ""selected_step"": ""r2_bearing_right"", ""step_attempt"": 1, ""step_elapsed_s"": 54.13664687005803, ""step_event_index"": 256, ""total_hand_translation_m"": null, ""trial_finished_elapsed_s"": null, ""trial_recording"": true, ""trial_required_tool_ids"": [21, 34]}"
2026-09-04T17:27:14.182-04:00,apoorva,gesture,tts_started,lifecycle,r2_bearing_right,Row 2.1: bearing into right stand,ready,1,257,,,,54.165337,,,,,,,,,,,,,,,,Row 4 right stand,,,,,"{""acquired_tool_ids"": [21], ""acquisition_complete"": false, ""completed_steps"": [], ""head_rotation_deg"": null, ""head_translation_m"": null, ""left_hand_translation_m"": null, ""removed_tool_ids"": [], ""right_hand_translation_m"": null, ""selected_step"": ""r2_bearing_right"", ""step_attempt"": 1, ""step_elapsed_s"": 54.16534926707391, ""step_event_index"": 257, ""total_hand_translation_m"": null, ""trial_finished_elapsed_s"": null, ""trial_recording"": true, ""trial_required_tool_ids"": [21, 34]}"
2026-09-04T17:27:14.446-04:00,apoorva,gesture,hover,hover,r2_bearing_right,Row 2.1: bearing into right stand,ready,1,258,23,GEAR_STAND_ROW3_RIGHT,,,,,,,,,,,,,,,,,,,,,,,"{""acquired_tool_ids"": [21], ""acquisition_complete"": false, ""completed_steps"": [], ""head_rotation_deg"": null, ""head_translation_m"": null, ""left_hand_translation_m"": null, ""removed_tool_ids"": [], ""right_hand_translation_m"": null, ""selected_step"": ""r2_bearing_right"", ""step_attempt"": 1, ""step_elapsed_s"": 54.4290591099998, ""step_event_index"": 258, ""total_hand_translation_m"": null, ""trial_finished_elapsed_s"": null, ""trial_recording"": true, ""trial_required_tool_ids"": [21, 34]}"
2026-09-04T17:27:14.506-04:00,apoorva,gesture,tts_queued,lifecycle,r2_bearing_right,Row 2.1: bearing into right stand,ready,1,259,,,,54.489073,,,,,,,,,,,,,,,,Row 3 right stand,,,replace_hover,,"{""acquired_tool_ids"": [21], ""acquisition_complete"": false, ""completed_steps"": [], ""head_rotation_deg"": null, ""head_translation_m"": null, ""left_hand_translation_m"": null, ""removed_tool_ids"": [], ""right_hand_translation_m"": null, ""selected_step"": ""r2_bearing_right"", ""step_attempt"": 1, ""step_elapsed_s"": 54.489084552042186, ""step_event_index"": 259, ""total_hand_translation_m"": null, ""trial_finished_elapsed_s"": null, ""trial_recording"": true, ""trial_required_tool_ids"": [21, 34]}"
2026-09-04T17:27:14.560-04:00,apoorva,gesture,tts_finished,lifecycle,r2_bearing_right,Row 2.1: bearing into right stand,ready,1,260,,,,54.542819,,,,,,,,,,,,,,,,Row 4 right stand,,,,,"{""acquired_tool_ids"": [21], ""acquisition_complete"": false, ""completed_steps"": [], ""head_rotation_deg"": null, ""head_translation_m"": null, ""left_hand_translation_m"": null, ""removed_tool_ids"": [], ""right_hand_translation_m"": null, ""selected_step"": ""r2_bearing_right"", ""step_attempt"": 1, ""step_elapsed_s"": 54.54282732598949, ""step_event_index"": 260, ""total_hand_translation_m"": null, ""trial_finished_elapsed_s"": null, ""trial_recording"": true, ""trial_required_tool_ids"": [21, 34]}"
2026-09-04T17:27:14.603-04:00,apoorva,gesture,tts_started,lifecycle,r2_bearing_right,Row 2.1: bearing into right stand,ready,1,261,,,,54.586014,,,,,,,,,,,,,,,,Row 3 right stand,,,,,"{""acquired_tool_ids"": [21], ""acquisition_complete"": false, ""completed_steps"": [], ""head_rotation_deg"": null, ""head_translation_m"": null, ""left_hand_translation_m"": null, ""removed_tool_ids"": [], ""right_hand_translation_m"": null, ""selected_step"": ""r2_bearing_right"", ""step_attempt"": 1, ""step_elapsed_s"": 54.58604500698857, ""step_event_index"": 261, ""total_hand_translation_m"": null, ""trial_finished_elapsed_s"": null, ""trial_recording"": true, ""trial_required_tool_ids"": [21, 34]}"
2026-09-04T17:27:14.666-04:00,apoorva,gesture,hover,hover,r2_bearing_right,Row 2.1: bearing into right stand,ready,1,262,22,GEAR_STAND_ROW3_LEFT,,,,,,,,,,,,,,,,,,,,,,,"{""acquired_tool_ids"": [21], ""acquisition_complete"": false, ""completed_steps"": [], ""head_rotation_deg"": null, ""head_translation_m"": null, ""left_hand_translation_m"": null, ""removed_tool_ids"": [], ""right_hand_translation_m"": null, ""selected_step"": ""r2_bearing_right"", ""step_attempt"": 1, ""step_elapsed_s"": 54.64907269109972, ""step_event_index"": 262, ""total_hand_translation_m"": null, ""trial_finished_elapsed_s"": null, ""trial_recording"": true, ""trial_required_tool_ids"": [21, 34]}"
2026-09-04T17:27:14.714-04:00,apoorva,gesture,tts_queued,lifecycle,r2_bearing_right,Row 2.1: bearing into right stand,ready,1,263,,,,54.697156,,,,,,,,,,,,,,,,Row 3 left stand,,,replace_hover,,"{""acquired_tool_ids"": [21], ""acquisition_complete"": false, ""completed_steps"": [], ""head_rotation_deg"": null, ""head_translation_m"": null, ""left_hand_translation_m"": null, ""removed_tool_ids"": [], ""right_hand_translation_m"": null, ""selected_step"": ""r2_bearing_right"", ""step_attempt"": 1, ""step_elapsed_s"": 54.6971675530076, ""step_event_index"": 263, ""total_hand_translation_m"": null, ""trial_finished_elapsed_s"": null, ""trial_recording"": true, ""trial_required_tool_ids"": [21, 34]}"
2026-09-04T17:27:14.863-04:00,apoorva,gesture,tts_finished,lifecycle,r2_bearing_right,Row 2.1: bearing into right stand,ready,1,264,,,,54.845620,,,,,,,,,,,,,,,,Row 3 right stand,,,,,"{""acquired_tool_ids"": [21], ""acquisition_complete"": false, ""completed_steps"": [], ""head_rotation_deg"": null, ""head_translation_m"": null, ""left_hand_translation_m"": null, ""removed_tool_ids"": [], ""right_hand_translation_m"": null, ""selected_step"": ""r2_bearing_right"", ""step_attempt"": 1, ""step_elapsed_s"": 54.84562802501023, ""step_event_index"": 264, ""total_hand_translation_m"": null, ""trial_finished_elapsed_s"": null, ""trial_recording"": true, ""trial_required_tool_ids"": [21, 34]}"
2026-09-04T17:27:14.959-04:00,apoorva,gesture,tts_started,lifecycle,r2_bearing_right,Row 2.1: bearing into right stand,ready,1,265,,,,54.942212,,,,,,,,,,,,,,,,Row 3 left stand,,,,,"{""acquired_tool_ids"": [21], ""acquisition_complete"": false, ""completed_steps"": [], ""head_rotation_deg"": null, ""head_translation_m"": null, ""left_hand_translation_m"": null, ""removed_tool_ids"": [], ""right_hand_translation_m"": null, ""selected_step"": ""r2_bearing_right"", ""step_attempt"": 1, ""step_elapsed_s"": 54.94222373201046, ""step_event_index"": 265, ""total_hand_translation_m"": null, ""trial_finished_elapsed_s"": null, ""trial_recording"": true, ""trial_required_tool_ids"": [21, 34]}"
2026-09-04T17:27:15.077-04:00,apoorva,gesture,hover,hover,r2_bearing_right,Row 2.1: bearing into right stand,ready,1,266,23,GEAR_STAND_ROW3_RIGHT,,,,,,,,,,,,,,,,,,,,,,,"{""acquired_tool_ids"": [21], ""acquisition_complete"": false, ""completed_steps"": [], ""head_rotation_deg"": null, ""head_translation_m"": null, ""left_hand_translation_m"": null, ""removed_tool_ids"": [], ""right_hand_translation_m"": null, ""selected_step"": ""r2_bearing_right"", ""step_attempt"": 1, ""step_elapsed_s"": 55.06026803003624, ""step_event_index"": 266, ""total_hand_translation_m"": null, ""trial_finished_elapsed_s"": null, ""trial_recording"": true, ""trial_required_tool_ids"": [21, 34]}"
2026-09-04T17:27:15.165-04:00,apoorva,gesture,tts_queued,lifecycle,r2_bearing_right,Row 2.1: bearing into right stand,ready,1,267,,,,55.148009,,,,,,,,,,,,,,,,Row 3 right stand,,,replace_hover,,"{""acquired_tool_ids"": [21], ""acquisition_complete"": false, ""completed_steps"": [], ""head_rotation_deg"": null, ""head_translation_m"": null, ""left_hand_translation_m"": null, ""removed_tool_ids"": [], ""right_hand_translation_m"": null, ""selected_step"": ""r2_bearing_right"", ""step_attempt"": 1, ""step_elapsed_s"": 55.148018395062536, ""step_event_index"": 267, ""total_hand_translation_m"": null, ""trial_finished_elapsed_s"": null, ""trial_recording"": true, ""trial_required_tool_ids"": [21, 34]}"
2026-09-04T17:27:15.291-04:00,apoorva,gesture,tts_finished,lifecycle,r2_bearing_right,Row 2.1: bearing into right stand,ready,1,268,,,,55.274057,,,,,,,,,,,,,,,,Row 3 left stand,,,,,"{""acquired_tool_ids"": [21], ""acquisition_complete"": false, ""completed_steps"": [], ""head_rotation_deg"": null, ""head_translation_m"": null, ""left_hand_translation_m"": null, ""removed_tool_ids"": [], ""right_hand_translation_m"": null, ""selected_step"": ""r2_bearing_right"", ""step_attempt"": 1, ""step_elapsed_s"": 55.27406627603341, ""step_event_index"": 268, ""total_hand_translation_m"": null, ""trial_finished_elapsed_s"": null, ""trial_recording"": true, ""trial_required_tool_ids"": [21, 34]}"
2026-09-04T17:27:15.344-04:00,apoorva,gesture,tts_started,lifecycle,r2_bearing_right,Row 2.1: bearing into right stand,ready,1,269,,,,55.327537,,,,,,,,,,,,,,,,Row 3 right stand,,,,,"{""acquired_tool_ids"": [21], ""acquisition_complete"": false, ""completed_steps"": [], ""head_rotation_deg"": null, ""head_translation_m"": null, ""left_hand_translation_m"": null, ""removed_tool_ids"": [], ""right_hand_translation_m"": null, ""selected_step"": ""r2_bearing_right"", ""step_attempt"": 1, ""step_elapsed_s"": 55.32754897407722, ""step_event_index"": 269, ""total_hand_translation_m"": null, ""trial_finished_elapsed_s"": null, ""trial_recording"": true, ""trial_required_tool_ids"": [21, 34]}"
2026-09-04T17:27:15.580-04:00,apoorva,gesture,hover,hover,r2_bearing_right,Row 2.1: bearing into right stand,ready,1,270,25,GEAR_STAND_ROW4_RIGHT,,,,,,,,,,,,,,,,,,,,,,,"{""acquired_tool_ids"": [21], ""acquisition_complete"": false, ""completed_steps"": [], ""head_rotation_deg"": null, ""head_translation_m"": null, ""left_hand_translation_m"": null, ""removed_tool_ids"": [], ""right_hand_translation_m"": null, ""selected_step"": ""r2_bearing_right"", ""step_attempt"": 1, ""step_elapsed_s"": 55.56296278606169, ""step_event_index"": 270, ""total_hand_translation_m"": null, ""trial_finished_elapsed_s"": null, ""trial_recording"": true, ""trial_required_tool_ids"": [21, 34]}"
2026-09-04T17:27:15.680-04:00,apoorva,gesture,tts_queued,lifecycle,r2_bearing_right,Row 2.1: bearing into right stand,ready,1,271,,,,55.663034,,,,,,,,,,,,,,,,Row 4 right stand,,,replace_hover,,"{""acquired_tool_ids"": [21], ""acquisition_complete"": false, ""completed_steps"": [], ""head_rotation_deg"": null, ""head_translation_m"": null, ""left_hand_translation_m"": null, ""removed_tool_ids"": [], ""right_hand_translation_m"": null, ""selected_step"": ""r2_bearing_right"", ""step_attempt"": 1, ""step_elapsed_s"": 55.66304774209857, ""step_event_index"": 271, ""total_hand_translation_m"": null, ""trial_finished_elapsed_s"": null, ""trial_recording"": true, ""trial_required_tool_ids"": [21, 34]}"
2026-09-04T17:27:15.790-04:00,apoorva,gesture,tts_finished,lifecycle,r2_bearing_right,Row 2.1: bearing into right stand,ready,1,272,,,,55.772801,,,,,,,,,,,,,,,,Row 3 right stand,,,,,"{""acquired_tool_ids"": [21], ""acquisition_complete"": false, ""completed_steps"": [], ""head_rotation_deg"": null, ""head_translation_m"": null, ""left_hand_translation_m"": null, ""removed_tool_ids"": [], ""right_hand_translation_m"": null, ""selected_step"": ""r2_bearing_right"", ""step_attempt"": 1, ""step_elapsed_s"": 55.772812145994976, ""step_event_index"": 272, ""total_hand_translation_m"": null, ""trial_finished_elapsed_s"": null, ""trial_recording"": true, ""trial_required_tool_ids"": [21, 34]}"
2026-09-04T17:27:15.977-04:00,apoorva,gesture,tts_started,lifecycle,r2_bearing_right,Row 2.1: bearing into right stand,ready,1,273,,,,55.960476,,,,,,,,,,,,,,,,Row 4 right stand,,,,,"{""acquired_tool_ids"": [21], ""acquisition_complete"": false, ""completed_steps"": [], ""head_rotation_deg"": null, ""head_translation_m"": null, ""left_hand_translation_m"": null, ""removed_tool_ids"": [], ""right_hand_translation_m"": null, ""selected_step"": ""r2_bearing_right"", ""step_attempt"": 1, ""step_elapsed_s"": 55.96048635710031, ""step_event_index"": 273, ""total_hand_translation_m"": null, ""trial_finished_elapsed_s"": null, ""trial_recording"": true, ""trial_required_tool_ids"": [21, 34]}"
2026-09-04T17:27:16.271-04:00,apoorva,gesture,hover,hover,r2_bearing_right,Row 2.1: bearing into right stand,ready,1,274,31,GEAR_ROW4_LEFT,,,,,,,,,,,,,,,,,,,,,,,"{""acquired_tool_ids"": [21], ""acquisition_complete"": false, ""completed_steps"": [], ""head_rotation_deg"": null, ""head_translation_m"": null, ""left_hand_translation_m"": null, ""removed_tool_ids"": [], ""right_hand_translation_m"": null, ""selected_step"": ""r2_bearing_right"", ""step_attempt"": 1, ""step_elapsed_s"": 56.25390221201815, ""step_event_index"": 274, ""total_hand_translation_m"": null, ""trial_finished_elapsed_s"": null, ""trial_recording"": true, ""trial_required_tool_ids"": [21, 34]}"
2026-09-04T17:27:16.365-04:00,apoorva,gesture,tts_queued,lifecycle,r2_bearing_right,Row 2.1: bearing into right stand,ready,1,275,,,,56.347543,,,,,,,,,,,,,,,,Row 4 left gear,,,replace_hover,,"{""acquired_tool_ids"": [21], ""acquisition_complete"": false, ""completed_steps"": [], ""head_rotation_deg"": null, ""head_translation_m"": null, ""left_hand_translation_m"": null, ""removed_tool_ids"": [], ""right_hand_translation_m"": null, ""selected_step"": ""r2_bearing_right"", ""step_attempt"": 1, ""step_elapsed_s"": 56.347580568050034, ""step_event_index"": 275, ""total_hand_translation_m"": null, ""trial_finished_elapsed_s"": null, ""trial_recording"": true, ""trial_required_tool_ids"": [21, 34]}"
2026-09-04T17:27:16.451-04:00,apoorva,gesture,tts_finished,lifecycle,r2_bearing_right,Row 2.1: bearing into right stand,ready,1,276,,,,56.433849,,,,,,,,,,,,,,,,Row 4 right stand,,,,,"{""acquired_tool_ids"": [21], ""acquisition_complete"": false, ""completed_steps"": [], ""head_rotation_deg"": null, ""head_translation_m"": null, ""left_hand_translation_m"": null, ""removed_tool_ids"": [], ""right_hand_translation_m"": null, ""selected_step"": ""r2_bearing_right"", ""step_attempt"": 1, ""step_elapsed_s"": 56.43386316706892, ""step_event_index"": 276, ""total_hand_translation_m"": null, ""trial_finished_elapsed_s"": null, ""trial_recording"": true, ""trial_required_tool_ids"": [21, 34]}"
2026-09-04T17:27:16.566-04:00,apoorva,gesture,tts_started,lifecycle,r2_bearing_right,Row 2.1: bearing into right stand,ready,1,277,,,,56.549202,,,,,,,,,,,,,,,,Row 4 left gear,,,,,"{""acquired_tool_ids"": [21], ""acquisition_complete"": false, ""completed_steps"": [], ""head_rotation_deg"": null, ""head_translation_m"": null, ""left_hand_translation_m"": null, ""removed_tool_ids"": [], ""right_hand_translation_m"": null, ""selected_step"": ""r2_bearing_right"", ""step_attempt"": 1, ""step_elapsed_s"": 56.54921304702293, ""step_event_index"": 277, ""total_hand_translation_m"": null, ""trial_finished_elapsed_s"": null, ""trial_recording"": true, ""trial_required_tool_ids"": [21, 34]}"
2026-09-04T17:27:17.737-04:00,apoorva,gesture,hover,hover,r2_bearing_right,Row 2.1: bearing into right stand,ready,1,278,28,GEAR_ROW2_RIGHT,,,,,,,,,,,,,,,,,,,,,,,"{""acquired_tool_ids"": [21], ""acquisition_complete"": false, ""completed_steps"": [], ""head_rotation_deg"": null, ""head_translation_m"": null, ""left_hand_translation_m"": null, ""removed_tool_ids"": [], ""right_hand_translation_m"": null, ""selected_step"": ""r2_bearing_right"", ""step_attempt"": 1, ""step_elapsed_s"": 57.72011061105877, ""step_event_index"": 278, ""total_hand_translation_m"": null, ""trial_finished_elapsed_s"": null, ""trial_recording"": true, ""trial_required_tool_ids"": [21, 34]}"
2026-09-04T17:27:17.818-04:00,apoorva,gesture,tts_queued,lifecycle,r2_bearing_right,Row 2.1: bearing into right stand,ready,1,279,,,,57.800683,,,,,,,,,,,,,,,,Row 2 right gear,,,replace_hover,,"{""acquired_tool_ids"": [21], ""acquisition_complete"": false, ""completed_steps"": [], ""head_rotation_deg"": null, ""head_translation_m"": null, ""left_hand_translation_m"": null, ""removed_tool_ids"": [], ""right_hand_translation_m"": null, ""selected_step"": ""r2_bearing_right"", ""step_attempt"": 1, ""step_elapsed_s"": 57.800698475097306, ""step_event_index"": 279, ""total_hand_translation_m"": null, ""trial_finished_elapsed_s"": null, ""trial_recording"": true, ""trial_required_tool_ids"": [21, 34]}"
2026-09-04T17:27:17.899-04:00,apoorva,gesture,tts_finished,lifecycle,r2_bearing_right,Row 2.1: bearing into right stand,ready,1,280,,,,57.881933,,,,,,,,,,,,,,,,Row 4 left gear,,,,,"{""acquired_tool_ids"": [21], ""acquisition_complete"": false, ""completed_steps"": [], ""head_rotation_deg"": null, ""head_translation_m"": null, ""left_hand_translation_m"": null, ""removed_tool_ids"": [], ""right_hand_translation_m"": null, ""selected_step"": ""r2_bearing_right"", ""step_attempt"": 1, ""step_elapsed_s"": 57.881945898989215, ""step_event_index"": 280, ""total_hand_translation_m"": null, ""trial_finished_elapsed_s"": null, ""trial_recording"": true, ""trial_required_tool_ids"": [21, 34]}"
2026-09-04T17:27:17.968-04:00,apoorva,gesture,tts_started,lifecycle,r2_bearing_right,Row 2.1: bearing into right stand,ready,1,281,,,,57.951418,,,,,,,,,,,,,,,,Row 2 right gear,,,,,"{""acquired_tool_ids"": [21], ""acquisition_complete"": false, ""completed_steps"": [], ""head_rotation_deg"": null, ""head_translation_m"": null, ""left_hand_translation_m"": null, ""removed_tool_ids"": [], ""right_hand_translation_m"": null, ""selected_step"": ""r2_bearing_right"", ""step_attempt"": 1, ""step_elapsed_s"": 57.951428861008026, ""step_event_index"": 281, ""total_hand_translation_m"": null, ""trial_finished_elapsed_s"": null, ""trial_recording"": true, ""trial_required_tool_ids"": [21, 34]}"
2026-09-04T17:27:18.988-04:00,apoorva,gesture,hover,hover,r2_bearing_right,Row 2.1: bearing into right stand,ready,1,282,27,GEAR_ROW2_LEFT,,,,,,,,,,,,,,,,,,,,,,,"{""acquired_tool_ids"": [21], ""acquisition_complete"": false, ""completed_steps"": [], ""head_rotation_deg"": null, ""head_translation_m"": null, ""left_hand_translation_m"": null, ""removed_tool_ids"": [], ""right_hand_translation_m"": null, ""selected_step"": ""r2_bearing_right"", ""step_attempt"": 1, ""step_elapsed_s"": 58.970636825077236, ""step_event_index"": 282, ""total_hand_translation_m"": null, ""trial_finished_elapsed_s"": null, ""trial_recording"": true, ""trial_required_tool_ids"": [21, 34]}"
2026-09-04T17:27:19.115-04:00,apoorva,gesture,tts_queued,lifecycle,r2_bearing_right,Row 2.1: bearing into right stand,ready,1,283,,,,59.098241,,,,,,,,,,,,,,,,Row 2 left gear,,,replace_hover,,"{""acquired_tool_ids"": [21], ""acquisition_complete"": false, ""completed_steps"": [], ""head_rotation_deg"": null, ""head_translation_m"": null, ""left_hand_translation_m"": null, ""removed_tool_ids"": [], ""right_hand_translation_m"": null, ""selected_step"": ""r2_bearing_right"", ""step_attempt"": 1, ""step_elapsed_s"": 59.098259607097134, ""step_event_index"": 283, ""total_hand_translation_m"": null, ""trial_finished_elapsed_s"": null, ""trial_recording"": true, ""trial_required_tool_ids"": [21, 34]}"
2026-09-04T17:27:19.192-04:00,apoorva,gesture,tts_finished,lifecycle,r2_bearing_right,Row 2.1: bearing into right stand,ready,1,284,,,,59.174814,,,,,,,,,,,,,,,,Row 2 right gear,,,,,"{""acquired_tool_ids"": [21], ""acquisition_complete"": false, ""completed_steps"": [], ""head_rotation_deg"": null, ""head_translation_m"": null, ""left_hand_translation_m"": null, ""removed_tool_ids"": [], ""right_hand_translation_m"": null, ""selected_step"": ""r2_bearing_right"", ""step_attempt"": 1, ""step_elapsed_s"": 59.17482491105329, ""step_event_index"": 284, ""total_hand_translation_m"": null, ""trial_finished_elapsed_s"": null, ""trial_recording"": true, ""trial_required_tool_ids"": [21, 34]}"
2026-09-04T17:27:19.313-04:00,apoorva,gesture,tts_started,lifecycle,r2_bearing_right,Row 2.1: bearing into right stand,ready,1,285,,,,59.296000,,,,,,,,,,,,,,,,Row 2 left gear,,,,,"{""acquired_tool_ids"": [21], ""acquisition_complete"": false, ""completed_steps"": [], ""head_rotation_deg"": null, ""head_translation_m"": null, ""left_hand_translation_m"": null, ""removed_tool_ids"": [], ""right_hand_translation_m"": null, ""selected_step"": ""r2_bearing_right"", ""step_attempt"": 1, ""step_elapsed_s"": 59.29600984300487, ""step_event_index"": 285, ""total_hand_translation_m"": null, ""trial_finished_elapsed_s"": null, ""trial_recording"": true, ""trial_required_tool_ids"": [21, 34]}"
2026-09-04T17:27:19.426-04:00,apoorva,gesture,hover,hover,r2_bearing_right,Row 2.1: bearing into right stand,ready,1,286,30,GEAR_ROW3_RIGHT,,,,,,,,,,,,,,,,,,,,,,,"{""acquired_tool_ids"": [21], ""acquisition_complete"": false, ""completed_steps"": [], ""head_rotation_deg"": null, ""head_translation_m"": null, ""left_hand_translation_m"": null, ""removed_tool_ids"": [], ""right_hand_translation_m"": null, ""selected_step"": ""r2_bearing_right"", ""step_attempt"": 1, ""step_elapsed_s"": 59.40951775899157, ""step_event_index"": 286, ""total_hand_translation_m"": null, ""trial_finished_elapsed_s"": null, ""trial_recording"": true, ""trial_required_tool_ids"": [21, 34]}"
2026-09-04T17:27:19.572-04:00,apoorva,gesture,tts_queued,lifecycle,r2_bearing_right,Row 2.1: bearing into right stand,ready,1,287,,,,59.555487,,,,,,,,,,,,,,,,Row 3 right gear,,,replace_hover,,"{""acquired_tool_ids"": [21], ""acquisition_complete"": false, ""completed_steps"": [], ""head_rotation_deg"": null, ""head_translation_m"": null, ""left_hand_translation_m"": null, ""removed_tool_ids"": [], ""right_hand_translation_m"": null, ""selected_step"": ""r2_bearing_right"", ""step_attempt"": 1, ""step_elapsed_s"": 59.55549702805001, ""step_event_index"": 287, ""total_hand_translation_m"": null, ""trial_finished_elapsed_s"": null, ""trial_recording"": true, ""trial_required_tool_ids"": [21, 34]}"
2026-09-04T17:27:19.724-04:00,apoorva,gesture,tts_finished,lifecycle,r2_bearing_right,Row 2.1: bearing into right stand,ready,1,288,,,,59.706851,,,,,,,,,,,,,,,,Row 2 left gear,,,,,"{""acquired_tool_ids"": [21], ""acquisition_complete"": false, ""completed_steps"": [], ""head_rotation_deg"": null, ""head_translation_m"": null, ""left_hand_translation_m"": null, ""removed_tool_ids"": [], ""right_hand_translation_m"": null, ""selected_step"": ""r2_bearing_right"", ""step_attempt"": 1, ""step_elapsed_s"": 59.70686090900563, ""step_event_index"": 288, ""total_hand_translation_m"": null, ""trial_finished_elapsed_s"": null, ""trial_recording"": true, ""trial_required_tool_ids"": [21, 34]}"
2026-09-04T17:27:19.884-04:00,apoorva,gesture,tts_started,lifecycle,r2_bearing_right,Row 2.1: bearing into right stand,ready,1,289,,,,59.867059,,,,,,,,,,,,,,,,Row 3 right gear,,,,,"{""acquired_tool_ids"": [21], ""acquisition_complete"": false, ""completed_steps"": [], ""head_rotation_deg"": null, ""head_translation_m"": null, ""left_hand_translation_m"": null, ""removed_tool_ids"": [], ""right_hand_translation_m"": null, ""selected_step"": ""r2_bearing_right"", ""step_attempt"": 1, ""step_elapsed_s"": 59.86706795706414, ""step_event_index"": 289, ""total_hand_translation_m"": null, ""trial_finished_elapsed_s"": null, ""trial_recording"": true, ""trial_required_tool_ids"": [21, 34]}"
2026-09-04T17:27:20.481-04:00,apoorva,gesture,hover,hover,r2_bearing_right,Row 2.1: bearing into right stand,ready,1,290,21,GEAR_STAND_ROW2_RIGHT,,,,,,,,,,,,,,,,,,,,,,,"{""acquired_tool_ids"": [21], ""acquisition_complete"": false, ""completed_steps"": [], ""head_rotation_deg"": null, ""head_translation_m"": null, ""left_hand_translation_m"": null, ""removed_tool_ids"": [], ""right_hand_translation_m"": null, ""selected_step"": ""r2_bearing_right"", ""step_attempt"": 1, ""step_elapsed_s"": 60.46449869708158, ""step_event_index"": 290, ""total_hand_translation_m"": null, ""trial_finished_elapsed_s"": null, ""trial_recording"": true, ""trial_required_tool_ids"": [21, 34]}"
2026-09-04T17:27:20.565-04:00,apoorva,gesture,tts_queued,lifecycle,r2_bearing_right,Row 2.1: bearing into right stand,ready,1,291,,,,60.547955,,,,,,,,,,,,,,,,Row 2 right stand,,,replace_hover,,"{""acquired_tool_ids"": [21], ""acquisition_complete"": false, ""completed_steps"": [], ""head_rotation_deg"": null, ""head_translation_m"": null, ""left_hand_translation_m"": null, ""removed_tool_ids"": [], ""right_hand_translation_m"": null, ""selected_step"": ""r2_bearing_right"", ""step_attempt"": 1, ""step_elapsed_s"": 60.547964591067284, ""step_event_index"": 291, ""total_hand_translation_m"": null, ""trial_finished_elapsed_s"": null, ""trial_recording"": true, ""trial_required_tool_ids"": [21, 34]}"
2026-09-04T17:27:20.648-04:00,apoorva,gesture,tts_finished,lifecycle,r2_bearing_right,Row 2.1: bearing into right stand,ready,1,292,,,,60.630829,,,,,,,,,,,,,,,,Row 3 right gear,,,,,"{""acquired_tool_ids"": [21], ""acquisition_complete"": false, ""completed_steps"": [], ""head_rotation_deg"": null, ""head_translation_m"": null, ""left_hand_translation_m"": null, ""removed_tool_ids"": [], ""right_hand_translation_m"": null, ""selected_step"": ""r2_bearing_right"", ""step_attempt"": 1, ""step_elapsed_s"": 60.63084174902178, ""step_event_index"": 292, ""total_hand_translation_m"": null, ""trial_finished_elapsed_s"": null, ""trial_recording"": true, ""trial_required_tool_ids"": [21, 34]}"
2026-09-04T17:27:20.726-04:00,apoorva,gesture,tts_started,lifecycle,r2_bearing_right,Row 2.1: bearing into right stand,ready,1,293,,,,60.709040,,,,,,,,,,,,,,,,Row 2 right stand,,,,,"{""acquired_tool_ids"": [21], ""acquisition_complete"": false, ""completed_steps"": [], ""head_rotation_deg"": null, ""head_translation_m"": null, ""left_hand_translation_m"": null, ""removed_tool_ids"": [], ""right_hand_translation_m"": null, ""selected_step"": ""r2_bearing_right"", ""step_attempt"": 1, ""step_elapsed_s"": 60.70905048609711, ""step_event_index"": 293, ""total_hand_translation_m"": null, ""trial_finished_elapsed_s"": null, ""trial_recording"": true, ""trial_required_tool_ids"": [21, 34]}"
2026-09-04T17:27:21.223-04:00,apoorva,gesture,hover,hover,r2_bearing_right,Row 2.1: bearing into right stand,ready,1,294,29,GEAR_ROW3_LEFT,,,,,,,,,,,,,,,,,,,,,,,"{""acquired_tool_ids"": [21], ""acquisition_complete"": false, ""completed_steps"": [], ""head_rotation_deg"": null, ""head_translation_m"": null, ""left_hand_translation_m"": null, ""removed_tool_ids"": [], ""right_hand_translation_m"": null, ""selected_step"": ""r2_bearing_right"", ""step_attempt"": 1, ""step_elapsed_s"": 61.206020301091485, ""step_event_index"": 294, ""total_hand_translation_m"": null, ""trial_finished_elapsed_s"": null, ""trial_recording"": true, ""trial_required_tool_ids"": [21, 34]}"
2026-09-04T17:27:21.288-04:00,apoorva,gesture,tts_queued,lifecycle,r2_bearing_right,Row 2.1: bearing into right stand,ready,1,295,,,,61.270628,,,,,,,,,,,,,,,,Row 3 left gear,,,replace_hover,,"{""acquired_tool_ids"": [21], ""acquisition_complete"": false, ""completed_steps"": [], ""head_rotation_deg"": null, ""head_translation_m"": null, ""left_hand_translation_m"": null, ""removed_tool_ids"": [], ""right_hand_translation_m"": null, ""selected_step"": ""r2_bearing_right"", ""step_attempt"": 1, ""step_elapsed_s"": 61.27063611301128, ""step_event_index"": 295, ""total_hand_translation_m"": null, ""trial_finished_elapsed_s"": null, ""trial_recording"": true, ""trial_required_tool_ids"": [21, 34]}"
2026-09-04T17:27:21.361-04:00,apoorva,gesture,tts_finished,lifecycle,r2_bearing_right,Row 2.1: bearing into right stand,ready,1,296,,,,61.343844,,,,,,,,,,,,,,,,Row 2 right stand,,,,,"{""acquired_tool_ids"": [21], ""acquisition_complete"": false, ""completed_steps"": [], ""head_rotation_deg"": null, ""head_translation_m"": null, ""left_hand_translation_m"": null, ""removed_tool_ids"": [], ""right_hand_translation_m"": null, ""selected_step"": ""r2_bearing_right"", ""step_attempt"": 1, ""step_elapsed_s"": 61.343859684071504, ""step_event_index"": 296, ""total_hand_translation_m"": null, ""trial_finished_elapsed_s"": null, ""trial_recording"": true, ""trial_required_tool_ids"": [21, 34]}"
2026-09-04T17:27:21.553-04:00,apoorva,gesture,tts_started,lifecycle,r2_bearing_right,Row 2.1: bearing into right stand,ready,1,297,,,,61.535607,,,,,,,,,,,,,,,,Row 3 left gear,,,,,"{""acquired_tool_ids"": [21], ""acquisition_complete"": false, ""completed_steps"": [], ""head_rotation_deg"": null, ""head_translation_m"": null, ""left_hand_translation_m"": null, ""removed_tool_ids"": [], ""right_hand_translation_m"": null, ""selected_step"": ""r2_bearing_right"", ""step_attempt"": 1, ""step_elapsed_s"": 61.53561720706057, ""step_event_index"": 297, ""total_hand_translation_m"": null, ""trial_finished_elapsed_s"": null, ""trial_recording"": true, ""trial_required_tool_ids"": [21, 34]}"
2026-09-04T17:27:21.734-04:00,apoorva,gesture,hover,hover,r2_bearing_right,Row 2.1: bearing into right stand,ready,1,298,35,SCREWS,,,,,,,,,,,,,,,,,,,,,,,"{""acquired_tool_ids"": [21], ""acquisition_complete"": false, ""completed_steps"": [], ""head_rotation_deg"": null, ""head_translation_m"": null, ""left_hand_translation_m"": null, ""removed_tool_ids"": [], ""right_hand_translation_m"": null, ""selected_step"": ""r2_bearing_right"", ""step_attempt"": 1, ""step_elapsed_s"": 61.71686135104392, ""step_event_index"": 298, ""total_hand_translation_m"": null, ""trial_finished_elapsed_s"": null, ""trial_recording"": true, ""trial_required_tool_ids"": [21, 34]}"
2026-09-04T17:27:21.827-04:00,apoorva,gesture,tts_queued,lifecycle,r2_bearing_right,Row 2.1: bearing into right stand,ready,1,299,,,,61.810202,,,,,,,,,,,,,,,,screw,,,replace_hover,,"{""acquired_tool_ids"": [21], ""acquisition_complete"": false, ""completed_steps"": [], ""head_rotation_deg"": null, ""head_translation_m"": null, ""left_hand_translation_m"": null, ""removed_tool_ids"": [], ""right_hand_translation_m"": null, ""selected_step"": ""r2_bearing_right"", ""step_attempt"": 1, ""step_elapsed_s"": 61.81021193903871, ""step_event_index"": 299, ""total_hand_translation_m"": null, ""trial_finished_elapsed_s"": null, ""trial_recording"": true, ""trial_required_tool_ids"": [21, 34]}"
2026-09-04T17:27:21.945-04:00,apoorva,gesture,hover,hover,r2_bearing_right,Row 2.1: bearing into right stand,ready,1,300,34,BEARINGS,,,,,,,,,,,,,,,,,,,,,,,"{""acquired_tool_ids"": [21], ""acquisition_complete"": false, ""completed_steps"": [], ""head_rotation_deg"": null, ""head_translation_m"": null, ""left_hand_translation_m"": null, ""removed_tool_ids"": [], ""right_hand_translation_m"": null, ""selected_step"": ""r2_bearing_right"", ""step_attempt"": 1, ""step_elapsed_s"": 61.928422725060955, ""step_event_index"": 300, ""total_hand_translation_m"": null, ""trial_finished_elapsed_s"": null, ""trial_recording"": true, ""trial_required_tool_ids"": [21, 34]}"
2026-09-04T17:27:22.045-04:00,apoorva,gesture,tts_queued,lifecycle,r2_bearing_right,Row 2.1: bearing into right stand,ready,1,301,,,,62.027967,,,,,,,,,,,,,,,,bearing,,,replace_hover,,"{""acquired_tool_ids"": [21], ""acquisition_complete"": false, ""completed_steps"": [], ""head_rotation_deg"": null, ""head_translation_m"": null, ""left_hand_translation_m"": null, ""removed_tool_ids"": [], ""right_hand_translation_m"": null, ""selected_step"": ""r2_bearing_right"", ""step_attempt"": 1, ""step_elapsed_s"": 62.02797897707205, ""step_event_index"": 301, ""total_hand_translation_m"": null, ""trial_finished_elapsed_s"": null, ""trial_recording"": true, ""trial_required_tool_ids"": [21, 34]}"
2026-09-04T17:27:22.124-04:00,apoorva,gesture,tts_finished,lifecycle,r2_bearing_right,Row 2.1: bearing into right stand,ready,1,302,,,,62.106727,,,,,,,,,,,,,,,,Row 3 left gear,,,,,"{""acquired_tool_ids"": [21], ""acquisition_complete"": false, ""completed_steps"": [], ""head_rotation_deg"": null, ""head_translation_m"": null, ""left_hand_translation_m"": null, ""removed_tool_ids"": [], ""right_hand_translation_m"": null, ""selected_step"": ""r2_bearing_right"", ""step_attempt"": 1, ""step_elapsed_s"": 62.106736003072, ""step_event_index"": 302, ""total_hand_translation_m"": null, ""trial_finished_elapsed_s"": null, ""trial_recording"": true, ""trial_required_tool_ids"": [21, 34]}"
2026-09-04T17:27:22.311-04:00,apoorva,gesture,tts_started,lifecycle,r2_bearing_right,Row 2.1: bearing into right stand,ready,1,303,,,,62.294494,,,,,,,,,,,,,,,,screw,,,,,"{""acquired_tool_ids"": [21], ""acquisition_complete"": false, ""completed_steps"": [], ""head_rotation_deg"": null, ""head_translation_m"": null, ""left_hand_translation_m"": null, ""removed_tool_ids"": [], ""right_hand_translation_m"": null, ""selected_step"": ""r2_bearing_right"", ""step_attempt"": 1, ""step_elapsed_s"": 62.294504504068755, ""step_event_index"": 303, ""total_hand_translation_m"": null, ""trial_finished_elapsed_s"": null, ""trial_recording"": true, ""trial_required_tool_ids"": [21, 34]}"
2026-09-04T17:27:22.471-04:00,apoorva,gesture,tts_finished,lifecycle,r2_bearing_right,Row 2.1: bearing into right stand,ready,1,304,,,,62.454319,,,,,,,,,,,,,,,,screw,,,,,"{""acquired_tool_ids"": [21], ""acquisition_complete"": false, ""completed_steps"": [], ""head_rotation_deg"": null, ""head_translation_m"": null, ""left_hand_translation_m"": null, ""removed_tool_ids"": [], ""right_hand_translation_m"": null, ""selected_step"": ""r2_bearing_right"", ""step_attempt"": 1, ""step_elapsed_s"": 62.454338570008986, ""step_event_index"": 304, ""total_hand_translation_m"": null, ""trial_finished_elapsed_s"": null, ""trial_recording"": true, ""trial_required_tool_ids"": [21, 34]}"
2026-09-04T17:27:22.576-04:00,apoorva,gesture,tts_started,lifecycle,r2_bearing_right,Row 2.1: bearing into right stand,ready,1,305,,,,62.559442,,,,,,,,,,,,,,,,bearing,,,,,"{""acquired_tool_ids"": [21], ""acquisition_complete"": false, ""completed_steps"": [], ""head_rotation_deg"": null, ""head_translation_m"": null, ""left_hand_translation_m"": null, ""removed_tool_ids"": [], ""right_hand_translation_m"": null, ""selected_step"": ""r2_bearing_right"", ""step_attempt"": 1, ""step_elapsed_s"": 62.55945267609786, ""step_event_index"": 305, ""total_hand_translation_m"": null, ""trial_finished_elapsed_s"": null, ""trial_recording"": true, ""trial_required_tool_ids"": [21, 34]}"
2026-09-04T17:27:22.781-04:00,apoorva,gesture,tts_finished,lifecycle,r2_bearing_right,Row 2.1: bearing into right stand,ready,1,306,,,,62.764092,,,,,,,,,,,,,,,,bearing,,,,,"{""acquired_tool_ids"": [21], ""acquisition_complete"": false, ""completed_steps"": [], ""head_rotation_deg"": null, ""head_translation_m"": null, ""left_hand_translation_m"": null, ""removed_tool_ids"": [], ""right_hand_translation_m"": null, ""selected_step"": ""r2_bearing_right"", ""step_attempt"": 1, ""step_elapsed_s"": 62.76410350203514, ""step_event_index"": 306, ""total_hand_translation_m"": null, ""trial_finished_elapsed_s"": null, ""trial_recording"": true, ""trial_required_tool_ids"": [21, 34]}"
2026-09-04T17:27:23.011-04:00,apoorva,gesture,hover,hover,r2_bearing_right,Row 2.1: bearing into right stand,ready,1,307,35,SCREWS,,,,,,,,,,,,,,,,,,,,,,,"{""acquired_tool_ids"": [21], ""acquisition_complete"": false, ""completed_steps"": [], ""head_rotation_deg"": null, ""head_translation_m"": null, ""left_hand_translation_m"": null, ""removed_tool_ids"": [], ""right_hand_translation_m"": null, ""selected_step"": ""r2_bearing_right"", ""step_attempt"": 1, ""step_elapsed_s"": 62.993633572012186, ""step_event_index"": 307, ""total_hand_translation_m"": null, ""trial_finished_elapsed_s"": null, ""trial_recording"": true, ""trial_required_tool_ids"": [21, 34]}"
2026-09-04T17:27:23.076-04:00,apoorva,gesture,tts_queued,lifecycle,r2_bearing_right,Row 2.1: bearing into right stand,ready,1,308,,,,63.059389,,,,,,,,,,,,,,,,screw,,,replace_hover,,"{""acquired_tool_ids"": [21], ""acquisition_complete"": false, ""completed_steps"": [], ""head_rotation_deg"": null, ""head_translation_m"": null, ""left_hand_translation_m"": null, ""removed_tool_ids"": [], ""right_hand_translation_m"": null, ""selected_step"": ""r2_bearing_right"", ""step_attempt"": 1, ""step_elapsed_s"": 63.05940083810128, ""step_event_index"": 308, ""total_hand_translation_m"": null, ""trial_finished_elapsed_s"": null, ""trial_recording"": true, ""trial_required_tool_ids"": [21, 34]}"
2026-09-04T17:27:23.144-04:00,apoorva,gesture,tts_started,lifecycle,r2_bearing_right,Row 2.1: bearing into right stand,ready,1,309,,,,63.126807,,,,,,,,,,,,,,,,screw,,,,,"{""acquired_tool_ids"": [21], ""acquisition_complete"": false, ""completed_steps"": [], ""head_rotation_deg"": null, ""head_translation_m"": null, ""left_hand_translation_m"": null, ""removed_tool_ids"": [], ""right_hand_translation_m"": null, ""selected_step"": ""r2_bearing_right"", ""step_attempt"": 1, ""step_elapsed_s"": 63.1268221110804, ""step_event_index"": 309, ""total_hand_translation_m"": null, ""trial_finished_elapsed_s"": null, ""trial_recording"": true, ""trial_required_tool_ids"": [21, 34]}"
2026-09-04T17:27:23.559-04:00,apoorva,gesture,hover,hover,r2_bearing_right,Row 2.1: bearing into right stand,ready,1,310,34,BEARINGS,,,,,,,,,,,,,,,,,,,,,,,"{""acquired_tool_ids"": [21], ""acquisition_complete"": false, ""completed_steps"": [], ""head_rotation_deg"": null, ""head_translation_m"": null, ""left_hand_translation_m"": null, ""removed_tool_ids"": [], ""right_hand_translation_m"": null, ""selected_step"": ""r2_bearing_right"", ""step_attempt"": 1, ""step_elapsed_s"": 63.541907750070095, ""step_event_index"": 310, ""total_hand_translation_m"": null, ""trial_finished_elapsed_s"": null, ""trial_recording"": true, ""trial_required_tool_ids"": [21, 34]}"
2026-09-04T17:27:23.721-04:00,apoorva,gesture,tts_queued,lifecycle,r2_bearing_right,Row 2.1: bearing into right stand,ready,1,311,,,,63.703924,,,,,,,,,,,,,,,,bearing,,,replace_hover,,"{""acquired_tool_ids"": [21], ""acquisition_complete"": false, ""completed_steps"": [], ""head_rotation_deg"": null, ""head_translation_m"": null, ""left_hand_translation_m"": null, ""removed_tool_ids"": [], ""right_hand_translation_m"": null, ""selected_step"": ""r2_bearing_right"", ""step_attempt"": 1, ""step_elapsed_s"": 63.70393610408064, ""step_event_index"": 311, ""total_hand_translation_m"": null, ""trial_finished_elapsed_s"": null, ""trial_recording"": true, ""trial_required_tool_ids"": [21, 34]}"
2026-09-04T17:27:23.788-04:00,apoorva,gesture,tts_finished,lifecycle,r2_bearing_right,Row 2.1: bearing into right stand,ready,1,312,,,,63.771085,,,,,,,,,,,,,,,,screw,,,,,"{""acquired_tool_ids"": [21], ""acquisition_complete"": false, ""completed_steps"": [], ""head_rotation_deg"": null, ""head_translation_m"": null, ""left_hand_translation_m"": null, ""removed_tool_ids"": [], ""right_hand_translation_m"": null, ""selected_step"": ""r2_bearing_right"", ""step_attempt"": 1, ""step_elapsed_s"": 63.771094930008985, ""step_event_index"": 312, ""total_hand_translation_m"": null, ""trial_finished_elapsed_s"": null, ""trial_recording"": true, ""trial_required_tool_ids"": [21, 34]}"
2026-09-04T17:27:23.874-04:00,apoorva,gesture,tts_started,lifecycle,r2_bearing_right,Row 2.1: bearing into right stand,ready,1,313,,,,63.856693,,,,,,,,,,,,,,,,bearing,,,,,"{""acquired_tool_ids"": [21], ""acquisition_complete"": false, ""completed_steps"": [], ""head_rotation_deg"": null, ""head_translation_m"": null, ""left_hand_translation_m"": null, ""removed_tool_ids"": [], ""right_hand_translation_m"": null, ""selected_step"": ""r2_bearing_right"", ""step_attempt"": 1, ""step_elapsed_s"": 63.85670535906684, ""step_event_index"": 313, ""total_hand_translation_m"": null, ""trial_finished_elapsed_s"": null, ""trial_recording"": true, ""trial_required_tool_ids"": [21, 34]}"
2026-09-04T17:27:24.495-04:00,apoorva,gesture,tts_finished,lifecycle,r2_bearing_right,Row 2.1: bearing into right stand,ready,1,314,,,,64.478122,,,,,,,,,,,,,,,,bearing,,,,,"{""acquired_tool_ids"": [21], ""acquisition_complete"": false, ""completed_steps"": [], ""head_rotation_deg"": null, ""head_translation_m"": null, ""left_hand_translation_m"": null, ""removed_tool_ids"": [], ""right_hand_translation_m"": null, ""selected_step"": ""r2_bearing_right"", ""step_attempt"": 1, ""step_elapsed_s"": 64.47813427902292, ""step_event_index"": 314, ""total_hand_translation_m"": null, ""trial_finished_elapsed_s"": null, ""trial_recording"": true, ""trial_required_tool_ids"": [21, 34]}"
2026-09-04T17:27:25.073-04:00,apoorva,gesture,part_selection,click,r2_bearing_right,Row 2.1: bearing into right stand,ready,1,315,34,BEARINGS,45.452193,65.055589,,,,,,,,,,,,,,,1,,,,,,"{""acquired_tool_ids"": [21, 34], ""acquisition_complete"": false, ""completed_steps"": [], ""head_rotation_deg"": null, ""head_translation_m"": null, ""left_hand_translation_m"": null, ""removed_tool_ids"": [], ""right_hand_translation_m"": null, ""selected_step"": ""r2_bearing_right"", ""step_attempt"": 1, ""step_elapsed_s"": 65.05563139705919, ""step_event_index"": 315, ""total_hand_translation_m"": null, ""trial_finished_elapsed_s"": null, ""trial_recording"": true, ""trial_required_tool_ids"": [21, 34]}"
2026-09-04T17:27:25.172-04:00,apoorva,gesture,object_acquired,click,r2_bearing_right,Row 2.1: bearing into right stand,ready,1,316,34,BEARINGS,45.452193,65.055589,,,,,,,,,,,,,,,1,,,,,,"{""acquired_tool_ids"": [21, 34], ""acquisition_complete"": false, ""completed_steps"": [], ""head_rotation_deg"": null, ""head_translation_m"": null, ""left_hand_translation_m"": null, ""removed_tool_ids"": [], ""right_hand_translation_m"": null, ""selected_step"": ""r2_bearing_right"", ""step_attempt"": 1, ""step_elapsed_s"": 65.15548386098817, ""step_event_index"": 316, ""total_hand_translation_m"": null, ""trial_finished_elapsed_s"": null, ""trial_recording"": true, ""trial_required_tool_ids"": [21, 34]}"
2026-09-04T17:27:25.280-04:00,apoorva,gesture,step_acquisition_complete,click,r2_bearing_right,Row 2.1: bearing into right stand,ready,1,317,,,,65.256365,3.169564,835.131983,4.781258,3.697822,8.479080,0.000000,47.422841,47.422841,73.000338,0,77,0.000000,1.865900,1.865900,,,,,,,"{""acquired_tool_ids"": [21, 34], ""acquisition_complete"": true, ""any_hover_time_s"": 47.422840662067756, ""completed_steps"": [], ""head_rotation_deg"": 835.131983348747, ""head_translation_m"": 3.1695644184250695, ""hover_time_percent"": 73.00033841482846, ""left_hand_translation_m"": 4.781257875195987, ""left_hover_episodes"": 0, ""left_hover_time_s"": 0.0, ""left_hover_translation_m"": 0.0, ""removed_tool_ids"": [21], ""right_hand_translation_m"": 3.697822374852686, ""right_hover_episodes"": 77, ""right_hover_time_s"": 47.422840662067756, ""right_hover_translation_m"": 1.8659003012244892, ""selected_step"": ""r2_bearing_right"", ""step_attempt"": 1, ""step_elapsed_s"": 65.2563647730276, ""step_event_index"": 317, ""total_hand_translation_m"": 8.479080250048673, ""total_hover_translation_m"": 1.8659003012244892, ""trial_finished_elapsed_s"": 65.2563647730276, ""trial_recording"": false, ""trial_required_tool_ids"": [21, 34]}"
2026-09-04T17:27:25.322-04:00,apoorva,gesture,graph_complete,,r2_bearing_right,Row 2.1: bearing into right stand,complete,1,318,,,,,,,,,,,,,,,,,,,,,,,,,"{""acquired_tool_ids"": [21, 34], ""acquisition_complete"": true, ""any_hover_time_s"": 47.422840662067756, ""completed_steps"": [""r2_bearing_right""], ""head_rotation_deg"": 835.131983348747, ""head_translation_m"": 3.1695644184250695, ""hover_time_percent"": 73.00033841482846, ""left_hand_translation_m"": 4.781257875195987, ""left_hover_episodes"": 0, ""left_hover_time_s"": 0.0, ""left_hover_translation_m"": 0.0, ""removed_tool_ids"": [21], ""right_hand_translation_m"": 3.697822374852686, ""right_hover_episodes"": 77, ""right_hover_time_s"": 47.422840662067756, ""right_hover_translation_m"": 1.8659003012244892, ""selected_step"": ""r2_bearing_right"", ""step_attempt"": 1, ""step_elapsed_s"": 65.2563647730276, ""step_event_index"": 318, ""total_hand_translation_m"": 8.479080250048673, ""total_hover_translation_m"": 1.8659003012244892, ""trial_finished_elapsed_s"": 65.2563647730276, ""trial_recording"": false, ""trial_required_tool_ids"": [21, 34]}"
2026-09-04T17:27:39.007-04:00,apoorva,gesture,step_started,keyboard,r2_bearing_left,Row 2.3: bearing into left stand,ready,2,1,,,,,,,,,,,,,,,,,,,,,,,,,"{""acquired_tool_ids"": [], ""acquisition_complete"": false, ""completed_steps"": [""r2_bearing_right""], ""head_rotation_deg"": null, ""head_translation_m"": null, ""left_hand_translation_m"": null, ""removed_tool_ids"": [21], ""right_hand_translation_m"": null, ""selected_step"": ""r2_bearing_left"", ""step_attempt"": 2, ""step_elapsed_s"": 7.610197644680738e-05, ""step_event_index"": 1, ""total_hand_translation_m"": null, ""trial_finished_elapsed_s"": null, ""trial_recording"": true, ""trial_required_tool_ids"": [20]}"
2026-09-04T17:27:39.711-04:00,apoorva,gesture,hover,hover,r2_bearing_left,Row 2.3: bearing into left stand,ready,2,2,20,GEAR_STAND_ROW2_LEFT,,,,,,,,,,,,,,,,,,,,,,,"{""acquired_tool_ids"": [], ""acquisition_complete"": false, ""completed_steps"": [""r2_bearing_right""], ""head_rotation_deg"": null, ""head_translation_m"": null, ""left_hand_translation_m"": null, ""removed_tool_ids"": [21], ""right_hand_translation_m"": null, ""selected_step"": ""r2_bearing_left"", ""step_attempt"": 2, ""step_elapsed_s"": 0.7039074839558452, ""step_event_index"": 2, ""total_hand_translation_m"": null, ""trial_finished_elapsed_s"": null, ""trial_recording"": true, ""trial_required_tool_ids"": [20]}"
2026-09-04T17:27:39.739-04:00,apoorva,gesture,tts_queued,lifecycle,r2_bearing_left,Row 2.3: bearing into left stand,ready,2,3,,,,0.731788,,,,,,,,,,,,,,,,Row 2 left stand,,,replace_hover,,"{""acquired_tool_ids"": [], ""acquisition_complete"": false, ""completed_steps"": [""r2_bearing_right""], ""head_rotation_deg"": null, ""head_translation_m"": null, ""left_hand_translation_m"": null, ""removed_tool_ids"": [21], ""right_hand_translation_m"": null, ""selected_step"": ""r2_bearing_left"", ""step_attempt"": 2, ""step_elapsed_s"": 0.7318008278962225, ""step_event_index"": 3, ""total_hand_translation_m"": null, ""trial_finished_elapsed_s"": null, ""trial_recording"": true, ""trial_required_tool_ids"": [20]}"
2026-09-04T17:27:39.800-04:00,apoorva,gesture,hover,hover,r2_bearing_left,Row 2.3: bearing into left stand,ready,2,4,18,GEAR_STAND_ROW1_LEFT,,,,,,,,,,,,,,,,,,,,,,,"{""acquired_tool_ids"": [], ""acquisition_complete"": false, ""completed_steps"": [""r2_bearing_right""], ""head_rotation_deg"": null, ""head_translation_m"": null, ""left_hand_translation_m"": null, ""removed_tool_ids"": [21], ""right_hand_translation_m"": null, ""selected_step"": ""r2_bearing_left"", ""step_attempt"": 2, ""step_elapsed_s"": 0.7926112659042701, ""step_event_index"": 4, ""total_hand_translation_m"": null, ""trial_finished_elapsed_s"": null, ""trial_recording"": true, ""trial_required_tool_ids"": [20]}"
2026-09-04T17:27:39.810-04:00,apoorva,gesture,tts_queued,lifecycle,r2_bearing_left,Row 2.3: bearing into left stand,ready,2,5,,,,0.803171,,,,,,,,,,,,,,,,Row 1 left stand,,,replace_hover,,"{""acquired_tool_ids"": [], ""acquisition_complete"": false, ""completed_steps"": [""r2_bearing_right""], ""head_rotation_deg"": null, ""head_translation_m"": null, ""left_hand_translation_m"": null, ""removed_tool_ids"": [21], ""right_hand_translation_m"": null, ""selected_step"": ""r2_bearing_left"", ""step_attempt"": 2, ""step_elapsed_s"": 0.8031798909651116, ""step_event_index"": 5, ""total_hand_translation_m"": null, ""trial_finished_elapsed_s"": null, ""trial_recording"": true, ""trial_required_tool_ids"": [20]}"
2026-09-04T17:27:39.861-04:00,apoorva,gesture,hover,hover,r2_bearing_left,Row 2.3: bearing into left stand,ready,2,6,19,GEAR_STAND_ROW1_RIGHT,,,,,,,,,,,,,,,,,,,,,,,"{""acquired_tool_ids"": [], ""acquisition_complete"": false, ""completed_steps"": [""r2_bearing_right""], ""head_rotation_deg"": null, ""head_translation_m"": null, ""left_hand_translation_m"": null, ""removed_tool_ids"": [21], ""right_hand_translation_m"": null, ""selected_step"": ""r2_bearing_left"", ""step_attempt"": 2, ""step_elapsed_s"": 0.8541741829831153, ""step_event_index"": 6, ""total_hand_translation_m"": null, ""trial_finished_elapsed_s"": null, ""trial_recording"": true, ""trial_required_tool_ids"": [20]}"
2026-09-04T17:27:39.880-04:00,apoorva,gesture,tts_queued,lifecycle,r2_bearing_left,Row 2.3: bearing into left stand,ready,2,7,,,,0.872291,,,,,,,,,,,,,,,,Row 1 right stand,,,replace_hover,,"{""acquired_tool_ids"": [], ""acquisition_complete"": false, ""completed_steps"": [""r2_bearing_right""], ""head_rotation_deg"": null, ""head_translation_m"": null, ""left_hand_translation_m"": null, ""removed_tool_ids"": [21], ""right_hand_translation_m"": null, ""selected_step"": ""r2_bearing_left"", ""step_attempt"": 2, ""step_elapsed_s"": 0.8723036189330742, ""step_event_index"": 7, ""total_hand_translation_m"": null, ""trial_finished_elapsed_s"": null, ""trial_recording"": true, ""trial_required_tool_ids"": [20]}"
2026-09-04T17:27:39.945-04:00,apoorva,gesture,tts_started,lifecycle,r2_bearing_left,Row 2.3: bearing into left stand,ready,2,8,,,,0.937461,,,,,,,,,,,,,,,,Row 2 left stand,,,,,"{""acquired_tool_ids"": [], ""acquisition_complete"": false, ""completed_steps"": [""r2_bearing_right""], ""head_rotation_deg"": null, ""head_translation_m"": null, ""left_hand_translation_m"": null, ""removed_tool_ids"": [21], ""right_hand_translation_m"": null, ""selected_step"": ""r2_bearing_left"", ""step_attempt"": 2, ""step_elapsed_s"": 0.9374709209660068, ""step_event_index"": 8, ""total_hand_translation_m"": null, ""trial_finished_elapsed_s"": null, ""trial_recording"": true, ""trial_required_tool_ids"": [20]}"
2026-09-04T17:27:39.963-04:00,apoorva,gesture,tts_finished,lifecycle,r2_bearing_left,Row 2.3: bearing into left stand,ready,2,9,,,,0.956001,,,,,,,,,,,,,,,,Row 2 left stand,,,,,"{""acquired_tool_ids"": [], ""acquisition_complete"": false, ""completed_steps"": [""r2_bearing_right""], ""head_rotation_deg"": null, ""head_translation_m"": null, ""left_hand_translation_m"": null, ""removed_tool_ids"": [21], ""right_hand_translation_m"": null, ""selected_step"": ""r2_bearing_left"", ""step_attempt"": 2, ""step_elapsed_s"": 0.9560145538998768, ""step_event_index"": 9, ""total_hand_translation_m"": null, ""trial_finished_elapsed_s"": null, ""trial_recording"": true, ""trial_required_tool_ids"": [20]}"
2026-09-04T17:27:39.984-04:00,apoorva,gesture,tts_started,lifecycle,r2_bearing_left,Row 2.3: bearing into left stand,ready,2,10,,,,0.976457,,,,,,,,,,,,,,,,Row 1 right stand,,,,,"{""acquired_tool_ids"": [], ""acquisition_complete"": false, ""completed_steps"": [""r2_bearing_right""], ""head_rotation_deg"": null, ""head_translation_m"": null, ""left_hand_translation_m"": null, ""removed_tool_ids"": [21], ""right_hand_translation_m"": null, ""selected_step"": ""r2_bearing_left"", ""step_attempt"": 2, ""step_elapsed_s"": 0.9764714019838721, ""step_event_index"": 10, ""total_hand_translation_m"": null, ""trial_finished_elapsed_s"": null, ""trial_recording"": true, ""trial_required_tool_ids"": [20]}"
2026-09-04T17:27:40.878-04:00,apoorva,gesture,hover,hover,r2_bearing_left,Row 2.3: bearing into left stand,ready,2,11,18,GEAR_STAND_ROW1_LEFT,,,,,,,,,,,,,,,,,,,,,,,"{""acquired_tool_ids"": [], ""acquisition_complete"": false, ""completed_steps"": [""r2_bearing_right""], ""head_rotation_deg"": null, ""head_translation_m"": null, ""left_hand_translation_m"": null, ""removed_tool_ids"": [21], ""right_hand_translation_m"": null, ""selected_step"": ""r2_bearing_left"", ""step_attempt"": 2, ""step_elapsed_s"": 1.8708031938876957, ""step_event_index"": 11, ""total_hand_translation_m"": null, ""trial_finished_elapsed_s"": null, ""trial_recording"": true, ""trial_required_tool_ids"": [20]}"
2026-09-04T17:27:40.910-04:00,apoorva,gesture,tts_queued,lifecycle,r2_bearing_left,Row 2.3: bearing into left stand,ready,2,12,,,,1.902464,,,,,,,,,,,,,,,,Row 1 left stand,,,replace_hover,,"{""acquired_tool_ids"": [], ""acquisition_complete"": false, ""completed_steps"": [""r2_bearing_right""], ""head_rotation_deg"": null, ""head_translation_m"": null, ""left_hand_translation_m"": null, ""removed_tool_ids"": [21], ""right_hand_translation_m"": null, ""selected_step"": ""r2_bearing_left"", ""step_attempt"": 2, ""step_elapsed_s"": 1.9024755329592153, ""step_event_index"": 12, ""total_hand_translation_m"": null, ""trial_finished_elapsed_s"": null, ""trial_recording"": true, ""trial_required_tool_ids"": [20]}"
2026-09-04T17:27:40.963-04:00,apoorva,gesture,tts_finished,lifecycle,r2_bearing_left,Row 2.3: bearing into left stand,ready,2,13,,,,1.955448,,,,,,,,,,,,,,,,Row 1 right stand,,,,,"{""acquired_tool_ids"": [], ""acquisition_complete"": false, ""completed_steps"": [""r2_bearing_right""], ""head_rotation_deg"": null, ""head_translation_m"": null, ""left_hand_translation_m"": null, ""removed_tool_ids"": [21], ""right_hand_translation_m"": null, ""selected_step"": ""r2_bearing_left"", ""step_attempt"": 2, ""step_elapsed_s"": 1.9554571909829974, ""step_event_index"": 13, ""total_hand_translation_m"": null, ""trial_finished_elapsed_s"": null, ""trial_recording"": true, ""trial_required_tool_ids"": [20]}"
2026-09-04T17:27:40.987-04:00,apoorva,gesture,tts_started,lifecycle,r2_bearing_left,Row 2.3: bearing into left stand,ready,2,14,,,,1.979844,,,,,,,,,,,,,,,,Row 1 left stand,,,,,"{""acquired_tool_ids"": [], ""acquisition_complete"": false, ""completed_steps"": [""r2_bearing_right""], ""head_rotation_deg"": null, ""head_translation_m"": null, ""left_hand_translation_m"": null, ""removed_tool_ids"": [21], ""right_hand_translation_m"": null, ""selected_step"": ""r2_bearing_left"", ""step_attempt"": 2, ""step_elapsed_s"": 1.9798545779194683, ""step_event_index"": 14, ""total_hand_translation_m"": null, ""trial_finished_elapsed_s"": null, ""trial_recording"": true, ""trial_required_tool_ids"": [20]}"
2026-09-04T17:27:41.019-04:00,apoorva,gesture,hover,hover,r2_bearing_left,Row 2.3: bearing into left stand,ready,2,15,20,GEAR_STAND_ROW2_LEFT,,,,,,,,,,,,,,,,,,,,,,,"{""acquired_tool_ids"": [], ""acquisition_complete"": false, ""completed_steps"": [""r2_bearing_right""], ""head_rotation_deg"": null, ""head_translation_m"": null, ""left_hand_translation_m"": null, ""removed_tool_ids"": [21], ""right_hand_translation_m"": null, ""selected_step"": ""r2_bearing_left"", ""step_attempt"": 2, ""step_elapsed_s"": 2.0117584149120376, ""step_event_index"": 15, ""total_hand_translation_m"": null, ""trial_finished_elapsed_s"": null, ""trial_recording"": true, ""trial_required_tool_ids"": [20]}"
2026-09-04T17:27:41.030-04:00,apoorva,gesture,tts_queued,lifecycle,r2_bearing_left,Row 2.3: bearing into left stand,ready,2,16,,,,2.022236,,,,,,,,,,,,,,,,Row 2 left stand,,,replace_hover,,"{""acquired_tool_ids"": [], ""acquisition_complete"": false, ""completed_steps"": [""r2_bearing_right""], ""head_rotation_deg"": null, ""head_translation_m"": null, ""left_hand_translation_m"": null, ""removed_tool_ids"": [21], ""right_hand_translation_m"": null, ""selected_step"": ""r2_bearing_left"", ""step_attempt"": 2, ""step_elapsed_s"": 2.022246950888075, ""step_event_index"": 16, ""total_hand_translation_m"": null, ""trial_finished_elapsed_s"": null, ""trial_recording"": true, ""trial_required_tool_ids"": [20]}"
2026-09-04T17:27:42.594-04:00,apoorva,gesture,tts_finished,lifecycle,r2_bearing_left,Row 2.3: bearing into left stand,ready,2,17,,,,3.586255,,,,,,,,,,,,,,,,Row 1 left stand,,,,,"{""acquired_tool_ids"": [], ""acquisition_complete"": false, ""completed_steps"": [""r2_bearing_right""], ""head_rotation_deg"": null, ""head_translation_m"": null, ""left_hand_translation_m"": null, ""removed_tool_ids"": [21], ""right_hand_translation_m"": null, ""selected_step"": ""r2_bearing_left"", ""step_attempt"": 2, ""step_elapsed_s"": 3.5862665799213573, ""step_event_index"": 17, ""total_hand_translation_m"": null, ""trial_finished_elapsed_s"": null, ""trial_recording"": true, ""trial_required_tool_ids"": [20]}"
2026-09-04T17:27:42.702-04:00,apoorva,gesture,tts_started,lifecycle,r2_bearing_left,Row 2.3: bearing into left stand,ready,2,18,,,,3.694858,,,,,,,,,,,,,,,,Row 2 left stand,,,,,"{""acquired_tool_ids"": [], ""acquisition_complete"": false, ""completed_steps"": [""r2_bearing_right""], ""head_rotation_deg"": null, ""head_translation_m"": null, ""left_hand_translation_m"": null, ""removed_tool_ids"": [21], ""right_hand_translation_m"": null, ""selected_step"": ""r2_bearing_left"", ""step_attempt"": 2, ""step_elapsed_s"": 3.6948726508999243, ""step_event_index"": 18, ""total_hand_translation_m"": null, ""trial_finished_elapsed_s"": null, ""trial_recording"": true, ""trial_required_tool_ids"": [20]}"
2026-09-04T17:27:42.786-04:00,apoorva,gesture,hover,hover,r2_bearing_left,Row 2.3: bearing into left stand,ready,2,19,23,GEAR_STAND_ROW3_RIGHT,,,,,,,,,,,,,,,,,,,,,,,"{""acquired_tool_ids"": [], ""acquisition_complete"": false, ""completed_steps"": [""r2_bearing_right""], ""head_rotation_deg"": null, ""head_translation_m"": null, ""left_hand_translation_m"": null, ""removed_tool_ids"": [21], ""right_hand_translation_m"": null, ""selected_step"": ""r2_bearing_left"", ""step_attempt"": 2, ""step_elapsed_s"": 3.778502559987828, ""step_event_index"": 19, ""total_hand_translation_m"": null, ""trial_finished_elapsed_s"": null, ""trial_recording"": true, ""trial_required_tool_ids"": [20]}"
2026-09-04T17:27:42.810-04:00,apoorva,gesture,tts_queued,lifecycle,r2_bearing_left,Row 2.3: bearing into left stand,ready,2,20,,,,3.803173,,,,,,,,,,,,,,,,Row 3 right stand,,,replace_hover,,"{""acquired_tool_ids"": [], ""acquisition_complete"": false, ""completed_steps"": [""r2_bearing_right""], ""head_rotation_deg"": null, ""head_translation_m"": null, ""left_hand_translation_m"": null, ""removed_tool_ids"": [21], ""right_hand_translation_m"": null, ""selected_step"": ""r2_bearing_left"", ""step_attempt"": 2, ""step_elapsed_s"": 3.803183246986009, ""step_event_index"": 20, ""total_hand_translation_m"": null, ""trial_finished_elapsed_s"": null, ""trial_recording"": true, ""trial_required_tool_ids"": [20]}"
2026-09-04T17:27:42.838-04:00,apoorva,gesture,tts_finished,lifecycle,r2_bearing_left,Row 2.3: bearing into left stand,ready,2,21,,,,3.830539,,,,,,,,,,,,,,,,Row 2 left stand,,,,,"{""acquired_tool_ids"": [], ""acquisition_complete"": false, ""completed_steps"": [""r2_bearing_right""], ""head_rotation_deg"": null, ""head_translation_m"": null, ""left_hand_translation_m"": null, ""removed_tool_ids"": [21], ""right_hand_translation_m"": null, ""selected_step"": ""r2_bearing_left"", ""step_attempt"": 2, ""step_elapsed_s"": 3.8305517149856314, ""step_event_index"": 21, ""total_hand_translation_m"": null, ""trial_finished_elapsed_s"": null, ""trial_recording"": true, ""trial_required_tool_ids"": [20]}"
2026-09-04T17:27:42.877-04:00,apoorva,gesture,tts_started,lifecycle,r2_bearing_left,Row 2.3: bearing into left stand,ready,2,22,,,,3.869756,,,,,,,,,,,,,,,,Row 3 right stand,,,,,"{""acquired_tool_ids"": [], ""acquisition_complete"": false, ""completed_steps"": [""r2_bearing_right""], ""head_rotation_deg"": null, ""head_translation_m"": null, ""left_hand_translation_m"": null, ""removed_tool_ids"": [21], ""right_hand_translation_m"": null, ""selected_step"": ""r2_bearing_left"", ""step_attempt"": 2, ""step_elapsed_s"": 3.8697687889216468, ""step_event_index"": 22, ""total_hand_translation_m"": null, ""trial_finished_elapsed_s"": null, ""trial_recording"": true, ""trial_required_tool_ids"": [20]}"
2026-09-04T17:27:44.506-04:00,apoorva,gesture,tts_finished,lifecycle,r2_bearing_left,Row 2.3: bearing into left stand,ready,2,23,,,,5.498464,,,,,,,,,,,,,,,,Row 3 right stand,,,,,"{""acquired_tool_ids"": [], ""acquisition_complete"": false, ""completed_steps"": [""r2_bearing_right""], ""head_rotation_deg"": null, ""head_translation_m"": null, ""left_hand_translation_m"": null, ""removed_tool_ids"": [21], ""right_hand_translation_m"": null, ""selected_step"": ""r2_bearing_left"", ""step_attempt"": 2, ""step_elapsed_s"": 5.498475893982686, ""step_event_index"": 23, ""total_hand_translation_m"": null, ""trial_finished_elapsed_s"": null, ""trial_recording"": true, ""trial_required_tool_ids"": [20]}"
2026-09-04T17:27:45.610-04:00,apoorva,gesture,hover,hover,r2_bearing_left,Row 2.3: bearing into left stand,ready,2,24,25,GEAR_STAND_ROW4_RIGHT,,,,,,,,,,,,,,,,,,,,,,,"{""acquired_tool_ids"": [], ""acquisition_complete"": false, ""completed_steps"": [""r2_bearing_right""], ""head_rotation_deg"": null, ""head_translation_m"": null, ""left_hand_translation_m"": null, ""removed_tool_ids"": [21], ""right_hand_translation_m"": null, ""selected_step"": ""r2_bearing_left"", ""step_attempt"": 2, ""step_elapsed_s"": 6.602242826949805, ""step_event_index"": 24, ""total_hand_translation_m"": null, ""trial_finished_elapsed_s"": null, ""trial_recording"": true, ""trial_required_tool_ids"": [20]}"
2026-09-04T17:27:45.678-04:00,apoorva,gesture,tts_queued,lifecycle,r2_bearing_left,Row 2.3: bearing into left stand,ready,2,25,,,,6.670973,,,,,,,,,,,,,,,,Row 4 right stand,,,replace_hover,,"{""acquired_tool_ids"": [], ""acquisition_complete"": false, ""completed_steps"": [""r2_bearing_right""], ""head_rotation_deg"": null, ""head_translation_m"": null, ""left_hand_translation_m"": null, ""removed_tool_ids"": [21], ""right_hand_translation_m"": null, ""selected_step"": ""r2_bearing_left"", ""step_attempt"": 2, ""step_elapsed_s"": 6.6709894119994715, ""step_event_index"": 25, ""total_hand_translation_m"": null, ""trial_finished_elapsed_s"": null, ""trial_recording"": true, ""trial_required_tool_ids"": [20]}"
2026-09-04T17:27:45.810-04:00,apoorva,gesture,tts_started,lifecycle,r2_bearing_left,Row 2.3: bearing into left stand,ready,2,26,,,,6.802269,,,,,,,,,,,,,,,,Row 4 right stand,,,,,"{""acquired_tool_ids"": [], ""acquisition_complete"": false, ""completed_steps"": [""r2_bearing_right""], ""head_rotation_deg"": null, ""head_translation_m"": null, ""left_hand_translation_m"": null, ""removed_tool_ids"": [21], ""right_hand_translation_m"": null, ""selected_step"": ""r2_bearing_left"", ""step_attempt"": 2, ""step_elapsed_s"": 6.802281157928519, ""step_event_index"": 26, ""total_hand_translation_m"": null, ""trial_finished_elapsed_s"": null, ""trial_recording"": true, ""trial_required_tool_ids"": [20]}"
2026-09-04T17:27:47.461-04:00,apoorva,gesture,tts_finished,lifecycle,r2_bearing_left,Row 2.3: bearing into left stand,ready,2,27,,,,8.453515,,,,,,,,,,,,,,,,Row 4 right stand,,,,,"{""acquired_tool_ids"": [], ""acquisition_complete"": false, ""completed_steps"": [""r2_bearing_right""], ""head_rotation_deg"": null, ""head_translation_m"": null, ""left_hand_translation_m"": null, ""removed_tool_ids"": [21], ""right_hand_translation_m"": null, ""selected_step"": ""r2_bearing_left"", ""step_attempt"": 2, ""step_elapsed_s"": 8.453525331919082, ""step_event_index"": 27, ""total_hand_translation_m"": null, ""trial_finished_elapsed_s"": null, ""trial_recording"": true, ""trial_required_tool_ids"": [20]}"
2026-09-04T17:27:47.683-04:00,apoorva,gesture,hover,hover,r2_bearing_left,Row 2.3: bearing into left stand,ready,2,28,23,GEAR_STAND_ROW3_RIGHT,,,,,,,,,,,,,,,,,,,,,,,"{""acquired_tool_ids"": [], ""acquisition_complete"": false, ""completed_steps"": [""r2_bearing_right""], ""head_rotation_deg"": null, ""head_translation_m"": null, ""left_hand_translation_m"": null, ""removed_tool_ids"": [21], ""right_hand_translation_m"": null, ""selected_step"": ""r2_bearing_left"", ""step_attempt"": 2, ""step_elapsed_s"": 8.67573002690915, ""step_event_index"": 28, ""total_hand_translation_m"": null, ""trial_finished_elapsed_s"": null, ""trial_recording"": true, ""trial_required_tool_ids"": [20]}"
2026-09-04T17:27:47.723-04:00,apoorva,gesture,tts_queued,lifecycle,r2_bearing_left,Row 2.3: bearing into left stand,ready,2,29,,,,8.715258,,,,,,,,,,,,,,,,Row 3 right stand,,,replace_hover,,"{""acquired_tool_ids"": [], ""acquisition_complete"": false, ""completed_steps"": [""r2_bearing_right""], ""head_rotation_deg"": null, ""head_translation_m"": null, ""left_hand_translation_m"": null, ""removed_tool_ids"": [21], ""right_hand_translation_m"": null, ""selected_step"": ""r2_bearing_left"", ""step_attempt"": 2, ""step_elapsed_s"": 8.715269198990427, ""step_event_index"": 29, ""total_hand_translation_m"": null, ""trial_finished_elapsed_s"": null, ""trial_recording"": true, ""trial_required_tool_ids"": [20]}"
2026-09-04T17:27:47.849-04:00,apoorva,gesture,hover,hover,r2_bearing_left,Row 2.3: bearing into left stand,ready,2,30,20,GEAR_STAND_ROW2_LEFT,,,,,,,,,,,,,,,,,,,,,,,"{""acquired_tool_ids"": [], ""acquisition_complete"": false, ""completed_steps"": [""r2_bearing_right""], ""head_rotation_deg"": null, ""head_translation_m"": null, ""left_hand_translation_m"": null, ""removed_tool_ids"": [21], ""right_hand_translation_m"": null, ""selected_step"": ""r2_bearing_left"", ""step_attempt"": 2, ""step_elapsed_s"": 8.841989059001207, ""step_event_index"": 30, ""total_hand_translation_m"": null, ""trial_finished_elapsed_s"": null, ""trial_recording"": true, ""trial_required_tool_ids"": [20]}"
2026-09-04T17:27:47.903-04:00,apoorva,gesture,tts_queued,lifecycle,r2_bearing_left,Row 2.3: bearing into left stand,ready,2,31,,,,8.895450,,,,,,,,,,,,,,,,Row 2 left stand,,,replace_hover,,"{""acquired_tool_ids"": [], ""acquisition_complete"": false, ""completed_steps"": [""r2_bearing_right""], ""head_rotation_deg"": null, ""head_translation_m"": null, ""left_hand_translation_m"": null, ""removed_tool_ids"": [21], ""right_hand_translation_m"": null, ""selected_step"": ""r2_bearing_left"", ""step_attempt"": 2, ""step_elapsed_s"": 8.895462310989387, ""step_event_index"": 31, ""total_hand_translation_m"": null, ""trial_finished_elapsed_s"": null, ""trial_recording"": true, ""trial_required_tool_ids"": [20]}"
2026-09-04T17:27:47.999-04:00,apoorva,gesture,hover,hover,r2_bearing_left,Row 2.3: bearing into left stand,ready,2,32,19,GEAR_STAND_ROW1_RIGHT,,,,,,,,,,,,,,,,,,,,,,,"{""acquired_tool_ids"": [], ""acquisition_complete"": false, ""completed_steps"": [""r2_bearing_right""], ""head_rotation_deg"": null, ""head_translation_m"": null, ""left_hand_translation_m"": null, ""removed_tool_ids"": [21], ""right_hand_translation_m"": null, ""selected_step"": ""r2_bearing_left"", ""step_attempt"": 2, ""step_elapsed_s"": 8.991598730906844, ""step_event_index"": 32, ""total_hand_translation_m"": null, ""trial_finished_elapsed_s"": null, ""trial_recording"": true, ""trial_required_tool_ids"": [20]}"
2026-09-04T17:27:48.022-04:00,apoorva,gesture,tts_queued,lifecycle,r2_bearing_left,Row 2.3: bearing into left stand,ready,2,33,,,,9.014366,,,,,,,,,,,,,,,,Row 1 right stand,,,replace_hover,,"{""acquired_tool_ids"": [], ""acquisition_complete"": false, ""completed_steps"": [""r2_bearing_right""], ""head_rotation_deg"": null, ""head_translation_m"": null, ""left_hand_translation_m"": null, ""removed_tool_ids"": [21], ""right_hand_translation_m"": null, ""selected_step"": ""r2_bearing_left"", ""step_attempt"": 2, ""step_elapsed_s"": 9.014378714957274, ""step_event_index"": 33, ""total_hand_translation_m"": null, ""trial_finished_elapsed_s"": null, ""trial_recording"": true, ""trial_required_tool_ids"": [20]}"
2026-09-04T17:27:48.109-04:00,apoorva,gesture,tts_started,lifecycle,r2_bearing_left,Row 2.3: bearing into left stand,ready,2,34,,,,9.101399,,,,,,,,,,,,,,,,Row 3 right stand,,,,,"{""acquired_tool_ids"": [], ""acquisition_complete"": false, ""completed_steps"": [""r2_bearing_right""], ""head_rotation_deg"": null, ""head_translation_m"": null, ""left_hand_translation_m"": null, ""removed_tool_ids"": [21], ""right_hand_translation_m"": null, ""selected_step"": ""r2_bearing_left"", ""step_attempt"": 2, ""step_elapsed_s"": 9.101409136899747, ""step_event_index"": 34, ""total_hand_translation_m"": null, ""trial_finished_elapsed_s"": null, ""trial_recording"": true, ""trial_required_tool_ids"": [20]}"
2026-09-04T17:27:48.155-04:00,apoorva,gesture,tts_finished,lifecycle,r2_bearing_left,Row 2.3: bearing into left stand,ready,2,35,,,,9.147959,,,,,,,,,,,,,,,,Row 3 right stand,,,,,"{""acquired_tool_ids"": [], ""acquisition_complete"": false, ""completed_steps"": [""r2_bearing_right""], ""head_rotation_deg"": null, ""head_translation_m"": null, ""left_hand_translation_m"": null, ""removed_tool_ids"": [21], ""right_hand_translation_m"": null, ""selected_step"": ""r2_bearing_left"", ""step_attempt"": 2, ""step_elapsed_s"": 9.147971949889325, ""step_event_index"": 35, ""total_hand_translation_m"": null, ""trial_finished_elapsed_s"": null, ""trial_recording"": true, ""trial_required_tool_ids"": [20]}"
2026-09-04T17:27:48.184-04:00,apoorva,gesture,tts_started,lifecycle,r2_bearing_left,Row 2.3: bearing into left stand,ready,2,36,,,,9.176890,,,,,,,,,,,,,,,,Row 2 left stand,,,,,"{""acquired_tool_ids"": [], ""acquisition_complete"": false, ""completed_steps"": [""r2_bearing_right""], ""head_rotation_deg"": null, ""head_translation_m"": null, ""left_hand_translation_m"": null, ""removed_tool_ids"": [21], ""right_hand_translation_m"": null, ""selected_step"": ""r2_bearing_left"", ""step_attempt"": 2, ""step_elapsed_s"": 9.176905280910432, ""step_event_index"": 36, ""total_hand_translation_m"": null, ""trial_finished_elapsed_s"": null, ""trial_recording"": true, ""trial_required_tool_ids"": [20]}"
2026-09-04T17:27:48.412-04:00,apoorva,gesture,tts_finished,lifecycle,r2_bearing_left,Row 2.3: bearing into left stand,ready,2,37,,,,9.404367,,,,,,,,,,,,,,,,Row 2 left stand,,,,,"{""acquired_tool_ids"": [], ""acquisition_complete"": false, ""completed_steps"": [""r2_bearing_right""], ""head_rotation_deg"": null, ""head_translation_m"": null, ""left_hand_translation_m"": null, ""removed_tool_ids"": [21], ""right_hand_translation_m"": null, ""selected_step"": ""r2_bearing_left"", ""step_attempt"": 2, ""step_elapsed_s"": 9.404381656902842, ""step_event_index"": 37, ""total_hand_translation_m"": null, ""trial_finished_elapsed_s"": null, ""trial_recording"": true, ""trial_required_tool_ids"": [20]}"
2026-09-04T17:27:48.529-04:00,apoorva,gesture,tts_started,lifecycle,r2_bearing_left,Row 2.3: bearing into left stand,ready,2,38,,,,9.522069,,,,,,,,,,,,,,,,Row 1 right stand,,,,,"{""acquired_tool_ids"": [], ""acquisition_complete"": false, ""completed_steps"": [""r2_bearing_right""], ""head_rotation_deg"": null, ""head_translation_m"": null, ""left_hand_translation_m"": null, ""removed_tool_ids"": [21], ""right_hand_translation_m"": null, ""selected_step"": ""r2_bearing_left"", ""step_attempt"": 2, ""step_elapsed_s"": 9.522082706913352, ""step_event_index"": 38, ""total_hand_translation_m"": null, ""trial_finished_elapsed_s"": null, ""trial_recording"": true, ""trial_required_tool_ids"": [20]}"
2026-09-04T17:27:49.424-04:00,apoorva,gesture,tts_finished,lifecycle,r2_bearing_left,Row 2.3: bearing into left stand,ready,2,39,,,,10.416975,,,,,,,,,,,,,,,,Row 1 right stand,,,,,"{""acquired_tool_ids"": [], ""acquisition_complete"": false, ""completed_steps"": [""r2_bearing_right""], ""head_rotation_deg"": null, ""head_translation_m"": null, ""left_hand_translation_m"": null, ""removed_tool_ids"": [21], ""right_hand_translation_m"": null, ""selected_step"": ""r2_bearing_left"", ""step_attempt"": 2, ""step_elapsed_s"": 10.416986429947428, ""step_event_index"": 39, ""total_hand_translation_m"": null, ""trial_finished_elapsed_s"": null, ""trial_recording"": true, ""trial_required_tool_ids"": [20]}"
2026-09-04T17:27:49.891-04:00,apoorva,gesture,hover,hover,r2_bearing_left,Row 2.3: bearing into left stand,ready,2,40,18,GEAR_STAND_ROW1_LEFT,,,,,,,,,,,,,,,,,,,,,,,"{""acquired_tool_ids"": [], ""acquisition_complete"": false, ""completed_steps"": [""r2_bearing_right""], ""head_rotation_deg"": null, ""head_translation_m"": null, ""left_hand_translation_m"": null, ""removed_tool_ids"": [21], ""right_hand_translation_m"": null, ""selected_step"": ""r2_bearing_left"", ""step_attempt"": 2, ""step_elapsed_s"": 10.883982309955172, ""step_event_index"": 40, ""total_hand_translation_m"": null, ""trial_finished_elapsed_s"": null, ""trial_recording"": true, ""trial_required_tool_ids"": [20]}"
2026-09-04T17:27:49.932-04:00,apoorva,gesture,tts_queued,lifecycle,r2_bearing_left,Row 2.3: bearing into left stand,ready,2,41,,,,10.924918,,,,,,,,,,,,,,,,Row 1 left stand,,,replace_hover,,"{""acquired_tool_ids"": [], ""acquisition_complete"": false, ""completed_steps"": [""r2_bearing_right""], ""head_rotation_deg"": null, ""head_translation_m"": null, ""left_hand_translation_m"": null, ""removed_tool_ids"": [21], ""right_hand_translation_m"": null, ""selected_step"": ""r2_bearing_left"", ""step_attempt"": 2, ""step_elapsed_s"": 10.92492985993158, ""step_event_index"": 41, ""total_hand_translation_m"": null, ""trial_finished_elapsed_s"": null, ""trial_recording"": true, ""trial_required_tool_ids"": [20]}"
2026-09-04T17:27:50.002-04:00,apoorva,gesture,tts_started,lifecycle,r2_bearing_left,Row 2.3: bearing into left stand,ready,2,42,,,,10.994544,,,,,,,,,,,,,,,,Row 1 left stand,,,,,"{""acquired_tool_ids"": [], ""acquisition_complete"": false, ""completed_steps"": [""r2_bearing_right""], ""head_rotation_deg"": null, ""head_translation_m"": null, ""left_hand_translation_m"": null, ""removed_tool_ids"": [21], ""right_hand_translation_m"": null, ""selected_step"": ""r2_bearing_left"", ""step_attempt"": 2, ""step_elapsed_s"": 10.994557793950662, ""step_event_index"": 42, ""total_hand_translation_m"": null, ""trial_finished_elapsed_s"": null, ""trial_recording"": true, ""trial_required_tool_ids"": [20]}"
2026-09-04T17:27:50.604-04:00,apoorva,gesture,hover,hover,r2_bearing_left,Row 2.3: bearing into left stand,ready,2,43,19,GEAR_STAND_ROW1_RIGHT,,,,,,,,,,,,,,,,,,,,,,,"{""acquired_tool_ids"": [], ""acquisition_complete"": false, ""completed_steps"": [""r2_bearing_right""], ""head_rotation_deg"": null, ""head_translation_m"": null, ""left_hand_translation_m"": null, ""removed_tool_ids"": [21], ""right_hand_translation_m"": null, ""selected_step"": ""r2_bearing_left"", ""step_attempt"": 2, ""step_elapsed_s"": 11.596862022997811, ""step_event_index"": 43, ""total_hand_translation_m"": null, ""trial_finished_elapsed_s"": null, ""trial_recording"": true, ""trial_required_tool_ids"": [20]}"
2026-09-04T17:27:50.664-04:00,apoorva,gesture,tts_queued,lifecycle,r2_bearing_left,Row 2.3: bearing into left stand,ready,2,44,,,,11.656481,,,,,,,,,,,,,,,,Row 1 right stand,,,replace_hover,,"{""acquired_tool_ids"": [], ""acquisition_complete"": false, ""completed_steps"": [""r2_bearing_right""], ""head_rotation_deg"": null, ""head_translation_m"": null, ""left_hand_translation_m"": null, ""removed_tool_ids"": [21], ""right_hand_translation_m"": null, ""selected_step"": ""r2_bearing_left"", ""step_attempt"": 2, ""step_elapsed_s"": 11.656506461906247, ""step_event_index"": 44, ""total_hand_translation_m"": null, ""trial_finished_elapsed_s"": null, ""trial_recording"": true, ""trial_required_tool_ids"": [20]}"
2026-09-04T17:27:50.721-04:00,apoorva,gesture,tts_finished,lifecycle,r2_bearing_left,Row 2.3: bearing into left stand,ready,2,45,,,,11.714131,,,,,,,,,,,,,,,,Row 1 left stand,,,,,"{""acquired_tool_ids"": [], ""acquisition_complete"": false, ""completed_steps"": [""r2_bearing_right""], ""head_rotation_deg"": null, ""head_translation_m"": null, ""left_hand_translation_m"": null, ""removed_tool_ids"": [21], ""right_hand_translation_m"": null, ""selected_step"": ""r2_bearing_left"", ""step_attempt"": 2, ""step_elapsed_s"": 11.714142285985872, ""step_event_index"": 45, ""total_hand_translation_m"": null, ""trial_finished_elapsed_s"": null, ""trial_recording"": true, ""trial_required_tool_ids"": [20]}"
2026-09-04T17:27:50.744-04:00,apoorva,gesture,tts_started,lifecycle,r2_bearing_left,Row 2.3: bearing into left stand,ready,2,46,,,,11.737117,,,,,,,,,,,,,,,,Row 1 right stand,,,,,"{""acquired_tool_ids"": [], ""acquisition_complete"": false, ""completed_steps"": [""r2_bearing_right""], ""head_rotation_deg"": null, ""head_translation_m"": null, ""left_hand_translation_m"": null, ""removed_tool_ids"": [21], ""right_hand_translation_m"": null, ""selected_step"": ""r2_bearing_left"", ""step_attempt"": 2, ""step_elapsed_s"": 11.737126874970272, ""step_event_index"": 46, ""total_hand_translation_m"": null, ""trial_finished_elapsed_s"": null, ""trial_recording"": true, ""trial_required_tool_ids"": [20]}"
2026-09-04T17:27:50.774-04:00,apoorva,gesture,hover,hover,r2_bearing_left,Row 2.3: bearing into left stand,ready,2,47,18,GEAR_STAND_ROW1_LEFT,,,,,,,,,,,,,,,,,,,,,,,"{""acquired_tool_ids"": [], ""acquisition_complete"": false, ""completed_steps"": [""r2_bearing_right""], ""head_rotation_deg"": null, ""head_translation_m"": null, ""left_hand_translation_m"": null, ""removed_tool_ids"": [21], ""right_hand_translation_m"": null, ""selected_step"": ""r2_bearing_left"", ""step_attempt"": 2, ""step_elapsed_s"": 11.766746997949667, ""step_event_index"": 47, ""total_hand_translation_m"": null, ""trial_finished_elapsed_s"": null, ""trial_recording"": true, ""trial_required_tool_ids"": [20]}"
2026-09-04T17:27:50.796-04:00,apoorva,gesture,tts_queued,lifecycle,r2_bearing_left,Row 2.3: bearing into left stand,ready,2,48,,,,11.788498,,,,,,,,,,,,,,,,Row 1 left stand,,,replace_hover,,"{""acquired_tool_ids"": [], ""acquisition_complete"": false, ""completed_steps"": [""r2_bearing_right""], ""head_rotation_deg"": null, ""head_translation_m"": null, ""left_hand_translation_m"": null, ""removed_tool_ids"": [21], ""right_hand_translation_m"": null, ""selected_step"": ""r2_bearing_left"", ""step_attempt"": 2, ""step_elapsed_s"": 11.788504018913954, ""step_event_index"": 48, ""total_hand_translation_m"": null, ""trial_finished_elapsed_s"": null, ""trial_recording"": true, ""trial_required_tool_ids"": [20]}"
2026-09-04T17:27:50.823-04:00,apoorva,gesture,tts_finished,lifecycle,r2_bearing_left,Row 2.3: bearing into left stand,ready,2,49,,,,11.816013,,,,,,,,,,,,,,,,Row 1 right stand,,,,,"{""acquired_tool_ids"": [], ""acquisition_complete"": false, ""completed_steps"": [""r2_bearing_right""], ""head_rotation_deg"": null, ""head_translation_m"": null, ""left_hand_translation_m"": null, ""removed_tool_ids"": [21], ""right_hand_translation_m"": null, ""selected_step"": ""r2_bearing_left"", ""step_attempt"": 2, ""step_elapsed_s"": 11.81602429796476, ""step_event_index"": 49, ""total_hand_translation_m"": null, ""trial_finished_elapsed_s"": null, ""trial_recording"": true, ""trial_required_tool_ids"": [20]}"
2026-09-04T17:27:50.856-04:00,apoorva,gesture,tts_started,lifecycle,r2_bearing_left,Row 2.3: bearing into left stand,ready,2,50,,,,11.848785,,,,,,,,,,,,,,,,Row 1 left stand,,,,,"{""acquired_tool_ids"": [], ""acquisition_complete"": false, ""completed_steps"": [""r2_bearing_right""], ""head_rotation_deg"": null, ""head_translation_m"": null, ""left_hand_translation_m"": null, ""removed_tool_ids"": [21], ""right_hand_translation_m"": null, ""selected_step"": ""r2_bearing_left"", ""step_attempt"": 2, ""step_elapsed_s"": 11.848798724939115, ""step_event_index"": 50, ""total_hand_translation_m"": null, ""trial_finished_elapsed_s"": null, ""trial_recording"": true, ""trial_required_tool_ids"": [20]}"
2026-09-04T17:27:50.969-04:00,apoorva,gesture,hover,hover,r2_bearing_left,Row 2.3: bearing into left stand,ready,2,51,20,GEAR_STAND_ROW2_LEFT,,,,,,,,,,,,,,,,,,,,,,,"{""acquired_tool_ids"": [], ""acquisition_complete"": false, ""completed_steps"": [""r2_bearing_right""], ""head_rotation_deg"": null, ""head_translation_m"": null, ""left_hand_translation_m"": null, ""removed_tool_ids"": [21], ""right_hand_translation_m"": null, ""selected_step"": ""r2_bearing_left"", ""step_attempt"": 2, ""step_elapsed_s"": 11.961350962985307, ""step_event_index"": 51, ""total_hand_translation_m"": null, ""trial_finished_elapsed_s"": null, ""trial_recording"": true, ""trial_required_tool_ids"": [20]}"
2026-09-04T17:27:51.022-04:00,apoorva,gesture,tts_queued,lifecycle,r2_bearing_left,Row 2.3: bearing into left stand,ready,2,52,,,,12.014298,,,,,,,,,,,,,,,,Row 2 left stand,,,replace_hover,,"{""acquired_tool_ids"": [], ""acquisition_complete"": false, ""completed_steps"": [""r2_bearing_right""], ""head_rotation_deg"": null, ""head_translation_m"": null, ""left_hand_translation_m"": null, ""removed_tool_ids"": [21], ""right_hand_translation_m"": null, ""selected_step"": ""r2_bearing_left"", ""step_attempt"": 2, ""step_elapsed_s"": 12.014306187978946, ""step_event_index"": 52, ""total_hand_translation_m"": null, ""trial_finished_elapsed_s"": null, ""trial_recording"": true, ""trial_required_tool_ids"": [20]}"
2026-09-04T17:27:51.067-04:00,apoorva,gesture,tts_finished,lifecycle,r2_bearing_left,Row 2.3: bearing into left stand,ready,2,53,,,,12.060101,,,,,,,,,,,,,,,,Row 1 left stand,,,,,"{""acquired_tool_ids"": [], ""acquisition_complete"": false, ""completed_steps"": [""r2_bearing_right""], ""head_rotation_deg"": null, ""head_translation_m"": null, ""left_hand_translation_m"": null, ""removed_tool_ids"": [21], ""right_hand_translation_m"": null, ""selected_step"": ""r2_bearing_left"", ""step_attempt"": 2, ""step_elapsed_s"": 12.060112618957646, ""step_event_index"": 53, ""total_hand_translation_m"": null, ""trial_finished_elapsed_s"": null, ""trial_recording"": true, ""trial_required_tool_ids"": [20]}"
2026-09-04T17:27:51.097-04:00,apoorva,gesture,tts_started,lifecycle,r2_bearing_left,Row 2.3: bearing into left stand,ready,2,54,,,,12.089306,,,,,,,,,,,,,,,,Row 2 left stand,,,,,"{""acquired_tool_ids"": [], ""acquisition_complete"": false, ""completed_steps"": [""r2_bearing_right""], ""head_rotation_deg"": null, ""head_translation_m"": null, ""left_hand_translation_m"": null, ""removed_tool_ids"": [21], ""right_hand_translation_m"": null, ""selected_step"": ""r2_bearing_left"", ""step_attempt"": 2, ""step_elapsed_s"": 12.08932070597075, ""step_event_index"": 54, ""total_hand_translation_m"": null, ""trial_finished_elapsed_s"": null, ""trial_recording"": true, ""trial_required_tool_ids"": [20]}"
2026-09-04T17:27:51.356-04:00,apoorva,gesture,hover,hover,r2_bearing_left,Row 2.3: bearing into left stand,ready,2,55,23,GEAR_STAND_ROW3_RIGHT,,,,,,,,,,,,,,,,,,,,,,,"{""acquired_tool_ids"": [], ""acquisition_complete"": false, ""completed_steps"": [""r2_bearing_right""], ""head_rotation_deg"": null, ""head_translation_m"": null, ""left_hand_translation_m"": null, ""removed_tool_ids"": [21], ""right_hand_translation_m"": null, ""selected_step"": ""r2_bearing_left"", ""step_attempt"": 2, ""step_elapsed_s"": 12.348538285936229, ""step_event_index"": 55, ""total_hand_translation_m"": null, ""trial_finished_elapsed_s"": null, ""trial_recording"": true, ""trial_required_tool_ids"": [20]}"
2026-09-04T17:27:51.395-04:00,apoorva,gesture,tts_queued,lifecycle,r2_bearing_left,Row 2.3: bearing into left stand,ready,2,56,,,,12.387440,,,,,,,,,,,,,,,,Row 3 right stand,,,replace_hover,,"{""acquired_tool_ids"": [], ""acquisition_complete"": false, ""completed_steps"": [""r2_bearing_right""], ""head_rotation_deg"": null, ""head_translation_m"": null, ""left_hand_translation_m"": null, ""removed_tool_ids"": [21], ""right_hand_translation_m"": null, ""selected_step"": ""r2_bearing_left"", ""step_attempt"": 2, ""step_elapsed_s"": 12.387447886983864, ""step_event_index"": 56, ""total_hand_translation_m"": null, ""trial_finished_elapsed_s"": null, ""trial_recording"": true, ""trial_required_tool_ids"": [20]}"
2026-09-04T17:27:51.425-04:00,apoorva,gesture,tts_finished,lifecycle,r2_bearing_left,Row 2.3: bearing into left stand,ready,2,57,,,,12.418054,,,,,,,,,,,,,,,,Row 2 left stand,,,,,"{""acquired_tool_ids"": [], ""acquisition_complete"": false, ""completed_steps"": [""r2_bearing_right""], ""head_rotation_deg"": null, ""head_translation_m"": null, ""left_hand_translation_m"": null, ""removed_tool_ids"": [21], ""right_hand_translation_m"": null, ""selected_step"": ""r2_bearing_left"", ""step_attempt"": 2, ""step_elapsed_s"": 12.418065285892226, ""step_event_index"": 57, ""total_hand_translation_m"": null, ""trial_finished_elapsed_s"": null, ""trial_recording"": true, ""trial_required_tool_ids"": [20]}"
2026-09-04T17:27:51.449-04:00,apoorva,gesture,tts_started,lifecycle,r2_bearing_left,Row 2.3: bearing into left stand,ready,2,58,,,,12.441833,,,,,,,,,,,,,,,,Row 3 right stand,,,,,"{""acquired_tool_ids"": [], ""acquisition_complete"": false, ""completed_steps"": [""r2_bearing_right""], ""head_rotation_deg"": null, ""head_translation_m"": null, ""left_hand_translation_m"": null, ""removed_tool_ids"": [21], ""right_hand_translation_m"": null, ""selected_step"": ""r2_bearing_left"", ""step_attempt"": 2, ""step_elapsed_s"": 12.441845658933744, ""step_event_index"": 58, ""total_hand_translation_m"": null, ""trial_finished_elapsed_s"": null, ""trial_recording"": true, ""trial_required_tool_ids"": [20]}"
2026-09-04T17:27:52.294-04:00,apoorva,gesture,hover,hover,r2_bearing_left,Row 2.3: bearing into left stand,ready,2,59,20,GEAR_STAND_ROW2_LEFT,,,,,,,,,,,,,,,,,,,,,,,"{""acquired_tool_ids"": [], ""acquisition_complete"": false, ""completed_steps"": [""r2_bearing_right""], ""head_rotation_deg"": null, ""head_translation_m"": null, ""left_hand_translation_m"": null, ""removed_tool_ids"": [21], ""right_hand_translation_m"": null, ""selected_step"": ""r2_bearing_left"", ""step_attempt"": 2, ""step_elapsed_s"": 13.28690187796019, ""step_event_index"": 59, ""total_hand_translation_m"": null, ""trial_finished_elapsed_s"": null, ""trial_recording"": true, ""trial_required_tool_ids"": [20]}"
2026-09-04T17:27:52.321-04:00,apoorva,gesture,tts_queued,lifecycle,r2_bearing_left,Row 2.3: bearing into left stand,ready,2,60,,,,13.314002,,,,,,,,,,,,,,,,Row 2 left stand,,,replace_hover,,"{""acquired_tool_ids"": [], ""acquisition_complete"": false, ""completed_steps"": [""r2_bearing_right""], ""head_rotation_deg"": null, ""head_translation_m"": null, ""left_hand_translation_m"": null, ""removed_tool_ids"": [21], ""right_hand_translation_m"": null, ""selected_step"": ""r2_bearing_left"", ""step_attempt"": 2, ""step_elapsed_s"": 13.314036522991955, ""step_event_index"": 60, ""total_hand_translation_m"": null, ""trial_finished_elapsed_s"": null, ""trial_recording"": true, ""trial_required_tool_ids"": [20]}"
2026-09-04T17:27:52.386-04:00,apoorva,gesture,tts_finished,lifecycle,r2_bearing_left,Row 2.3: bearing into left stand,ready,2,61,,,,13.378581,,,,,,,,,,,,,,,,Row 3 right stand,,,,,"{""acquired_tool_ids"": [], ""acquisition_complete"": false, ""completed_steps"": [""r2_bearing_right""], ""head_rotation_deg"": null, ""head_translation_m"": null, ""left_hand_translation_m"": null, ""removed_tool_ids"": [21], ""right_hand_translation_m"": null, ""selected_step"": ""r2_bearing_left"", ""step_attempt"": 2, ""step_elapsed_s"": 13.378598471987061, ""step_event_index"": 61, ""total_hand_translation_m"": null, ""trial_finished_elapsed_s"": null, ""trial_recording"": true, ""trial_required_tool_ids"": [20]}"
2026-09-04T17:27:52.435-04:00,apoorva,gesture,tts_started,lifecycle,r2_bearing_left,Row 2.3: bearing into left stand,ready,2,62,,,,13.427554,,,,,,,,,,,,,,,,Row 2 left stand,,,,,"{""acquired_tool_ids"": [], ""acquisition_complete"": false, ""completed_steps"": [""r2_bearing_right""], ""head_rotation_deg"": null, ""head_translation_m"": null, ""left_hand_translation_m"": null, ""removed_tool_ids"": [21], ""right_hand_translation_m"": null, ""selected_step"": ""r2_bearing_left"", ""step_attempt"": 2, ""step_elapsed_s"": 13.427565185935237, ""step_event_index"": 62, ""total_hand_translation_m"": null, ""trial_finished_elapsed_s"": null, ""trial_recording"": true, ""trial_required_tool_ids"": [20]}"
2026-09-04T17:27:52.912-04:00,apoorva,gesture,hover,hover,r2_bearing_left,Row 2.3: bearing into left stand,ready,2,63,18,GEAR_STAND_ROW1_LEFT,,,,,,,,,,,,,,,,,,,,,,,"{""acquired_tool_ids"": [], ""acquisition_complete"": false, ""completed_steps"": [""r2_bearing_right""], ""head_rotation_deg"": null, ""head_translation_m"": null, ""left_hand_translation_m"": null, ""removed_tool_ids"": [21], ""right_hand_translation_m"": null, ""selected_step"": ""r2_bearing_left"", ""step_attempt"": 2, ""step_elapsed_s"": 13.904897881904617, ""step_event_index"": 63, ""total_hand_translation_m"": null, ""trial_finished_elapsed_s"": null, ""trial_recording"": true, ""trial_required_tool_ids"": [20]}"
2026-09-04T17:27:52.977-04:00,apoorva,gesture,tts_queued,lifecycle,r2_bearing_left,Row 2.3: bearing into left stand,ready,2,64,,,,13.970055,,,,,,,,,,,,,,,,Row 1 left stand,,,replace_hover,,"{""acquired_tool_ids"": [], ""acquisition_complete"": false, ""completed_steps"": [""r2_bearing_right""], ""head_rotation_deg"": null, ""head_translation_m"": null, ""left_hand_translation_m"": null, ""removed_tool_ids"": [21], ""right_hand_translation_m"": null, ""selected_step"": ""r2_bearing_left"", ""step_attempt"": 2, ""step_elapsed_s"": 13.970067389891483, ""step_event_index"": 64, ""total_hand_translation_m"": null, ""trial_finished_elapsed_s"": null, ""trial_recording"": true, ""trial_required_tool_ids"": [20]}"
2026-09-04T17:27:53.054-04:00,apoorva,gesture,hover,hover,r2_bearing_left,Row 2.3: bearing into left stand,ready,2,65,19,GEAR_STAND_ROW1_RIGHT,,,,,,,,,,,,,,,,,,,,,,,"{""acquired_tool_ids"": [], ""acquisition_complete"": false, ""completed_steps"": [""r2_bearing_right""], ""head_rotation_deg"": null, ""head_translation_m"": null, ""left_hand_translation_m"": null, ""removed_tool_ids"": [21], ""right_hand_translation_m"": null, ""selected_step"": ""r2_bearing_left"", ""step_attempt"": 2, ""step_elapsed_s"": 14.046793457935564, ""step_event_index"": 65, ""total_hand_translation_m"": null, ""trial_finished_elapsed_s"": null, ""trial_recording"": true, ""trial_required_tool_ids"": [20]}"
2026-09-04T17:27:53.109-04:00,apoorva,gesture,tts_queued,lifecycle,r2_bearing_left,Row 2.3: bearing into left stand,ready,2,66,,,,14.102166,,,,,,,,,,,,,,,,Row 1 right stand,,,replace_hover,,"{""acquired_tool_ids"": [], ""acquisition_complete"": false, ""completed_steps"": [""r2_bearing_right""], ""head_rotation_deg"": null, ""head_translation_m"": null, ""left_hand_translation_m"": null, ""removed_tool_ids"": [21], ""right_hand_translation_m"": null, ""selected_step"": ""r2_bearing_left"", ""step_attempt"": 2, ""step_elapsed_s"": 14.10218172695022, ""step_event_index"": 66, ""total_hand_translation_m"": null, ""trial_finished_elapsed_s"": null, ""trial_recording"": true, ""trial_required_tool_ids"": [20]}"
2026-09-04T17:27:53.196-04:00,apoorva,gesture,tts_finished,lifecycle,r2_bearing_left,Row 2.3: bearing into left stand,ready,2,67,,,,14.188533,,,,,,,,,,,,,,,,Row 2 left stand,,,,,"{""acquired_tool_ids"": [], ""acquisition_complete"": false, ""completed_steps"": [""r2_bearing_right""], ""head_rotation_deg"": null, ""head_translation_m"": null, ""left_hand_translation_m"": null, ""removed_tool_ids"": [21], ""right_hand_translation_m"": null, ""selected_step"": ""r2_bearing_left"", ""step_attempt"": 2, ""step_elapsed_s"": 14.188541891984642, ""step_event_index"": 67, ""total_hand_translation_m"": null, ""trial_finished_elapsed_s"": null, ""trial_recording"": true, ""trial_required_tool_ids"": [20]}"
2026-09-04T17:27:53.257-04:00,apoorva,gesture,tts_started,lifecycle,r2_bearing_left,Row 2.3: bearing into left stand,ready,2,68,,,,14.250007,,,,,,,,,,,,,,,,Row 1 left stand,,,,,"{""acquired_tool_ids"": [], ""acquisition_complete"": false, ""completed_steps"": [""r2_bearing_right""], ""head_rotation_deg"": null, ""head_translation_m"": null, ""left_hand_translation_m"": null, ""removed_tool_ids"": [21], ""right_hand_translation_m"": null, ""selected_step"": ""r2_bearing_left"", ""step_attempt"": 2, ""step_elapsed_s"": 14.250015750993043, ""step_event_index"": 68, ""total_hand_translation_m"": null, ""trial_finished_elapsed_s"": null, ""trial_recording"": true, ""trial_required_tool_ids"": [20]}"
2026-09-04T17:27:53.305-04:00,apoorva,gesture,tts_finished,lifecycle,r2_bearing_left,Row 2.3: bearing into left stand,ready,2,69,,,,14.297464,,,,,,,,,,,,,,,,Row 1 left stand,,,,,"{""acquired_tool_ids"": [], ""acquisition_complete"": false, ""completed_steps"": [""r2_bearing_right""], ""head_rotation_deg"": null, ""head_translation_m"": null, ""left_hand_translation_m"": null, ""removed_tool_ids"": [21], ""right_hand_translation_m"": null, ""selected_step"": ""r2_bearing_left"", ""step_attempt"": 2, ""step_elapsed_s"": 14.29747970099561, ""step_event_index"": 69, ""total_hand_translation_m"": null, ""trial_finished_elapsed_s"": null, ""trial_recording"": true, ""trial_required_tool_ids"": [20]}"
2026-09-04T17:27:53.371-04:00,apoorva,gesture,tts_started,lifecycle,r2_bearing_left,Row 2.3: bearing into left stand,ready,2,70,,,,14.363535,,,,,,,,,,,,,,,,Row 1 right stand,,,,,"{""acquired_tool_ids"": [], ""acquisition_complete"": false, ""completed_steps"": [""r2_bearing_right""], ""head_rotation_deg"": null, ""head_translation_m"": null, ""left_hand_translation_m"": null, ""removed_tool_ids"": [21], ""right_hand_translation_m"": null, ""selected_step"": ""r2_bearing_left"", ""step_attempt"": 2, ""step_elapsed_s"": 14.363547222921625, ""step_event_index"": 70, ""total_hand_translation_m"": null, ""trial_finished_elapsed_s"": null, ""trial_recording"": true, ""trial_required_tool_ids"": [20]}"
2026-09-04T17:27:53.707-04:00,apoorva,gesture,hover,hover,r2_bearing_left,Row 2.3: bearing into left stand,ready,2,71,20,GEAR_STAND_ROW2_LEFT,,,,,,,,,,,,,,,,,,,,,,,"{""acquired_tool_ids"": [], ""acquisition_complete"": false, ""completed_steps"": [""r2_bearing_right""], ""head_rotation_deg"": null, ""head_translation_m"": null, ""left_hand_translation_m"": null, ""removed_tool_ids"": [21], ""right_hand_translation_m"": null, ""selected_step"": ""r2_bearing_left"", ""step_attempt"": 2, ""step_elapsed_s"": 14.699524521944113, ""step_event_index"": 71, ""total_hand_translation_m"": null, ""trial_finished_elapsed_s"": null, ""trial_recording"": true, ""trial_required_tool_ids"": [20]}"
2026-09-04T17:27:53.775-04:00,apoorva,gesture,tts_queued,lifecycle,r2_bearing_left,Row 2.3: bearing into left stand,ready,2,72,,,,14.767666,,,,,,,,,,,,,,,,Row 2 left stand,,,replace_hover,,"{""acquired_tool_ids"": [], ""acquisition_complete"": false, ""completed_steps"": [""r2_bearing_right""], ""head_rotation_deg"": null, ""head_translation_m"": null, ""left_hand_translation_m"": null, ""removed_tool_ids"": [21], ""right_hand_translation_m"": null, ""selected_step"": ""r2_bearing_left"", ""step_attempt"": 2, ""step_elapsed_s"": 14.767675998969935, ""step_event_index"": 72, ""total_hand_translation_m"": null, ""trial_finished_elapsed_s"": null, ""trial_recording"": true, ""trial_required_tool_ids"": [20]}"
2026-09-04T17:27:53.827-04:00,apoorva,gesture,hover,hover,r2_bearing_left,Row 2.3: bearing into left stand,ready,2,73,23,GEAR_STAND_ROW3_RIGHT,,,,,,,,,,,,,,,,,,,,,,,"{""acquired_tool_ids"": [], ""acquisition_complete"": false, ""completed_steps"": [""r2_bearing_right""], ""head_rotation_deg"": null, ""head_translation_m"": null, ""left_hand_translation_m"": null, ""removed_tool_ids"": [21], ""right_hand_translation_m"": null, ""selected_step"": ""r2_bearing_left"", ""step_attempt"": 2, ""step_elapsed_s"": 14.819849697989412, ""step_event_index"": 73, ""total_hand_translation_m"": null, ""trial_finished_elapsed_s"": null, ""trial_recording"": true, ""trial_required_tool_ids"": [20]}"
2026-09-04T17:27:53.873-04:00,apoorva,gesture,tts_queued,lifecycle,r2_bearing_left,Row 2.3: bearing into left stand,ready,2,74,,,,14.865303,,,,,,,,,,,,,,,,Row 3 right stand,,,replace_hover,,"{""acquired_tool_ids"": [], ""acquisition_complete"": false, ""completed_steps"": [""r2_bearing_right""], ""head_rotation_deg"": null, ""head_translation_m"": null, ""left_hand_translation_m"": null, ""removed_tool_ids"": [21], ""right_hand_translation_m"": null, ""selected_step"": ""r2_bearing_left"", ""step_attempt"": 2, ""step_elapsed_s"": 14.865314294933341, ""step_event_index"": 74, ""total_hand_translation_m"": null, ""trial_finished_elapsed_s"": null, ""trial_recording"": true, ""trial_required_tool_ids"": [20]}"
2026-09-04T17:27:53.927-04:00,apoorva,gesture,hover,hover,r2_bearing_left,Row 2.3: bearing into left stand,ready,2,75,25,GEAR_STAND_ROW4_RIGHT,,,,,,,,,,,,,,,,,,,,,,,"{""acquired_tool_ids"": [], ""acquisition_complete"": false, ""completed_steps"": [""r2_bearing_right""], ""head_rotation_deg"": null, ""head_translation_m"": null, ""left_hand_translation_m"": null, ""removed_tool_ids"": [21], ""right_hand_translation_m"": null, ""selected_step"": ""r2_bearing_left"", ""step_attempt"": 2, ""step_elapsed_s"": 14.919606449897401, ""step_event_index"": 75, ""total_hand_translation_m"": null, ""trial_finished_elapsed_s"": null, ""trial_recording"": true, ""trial_required_tool_ids"": [20]}"
2026-09-04T17:27:53.941-04:00,apoorva,gesture,tts_queued,lifecycle,r2_bearing_left,Row 2.3: bearing into left stand,ready,2,76,,,,14.933779,,,,,,,,,,,,,,,,Row 4 right stand,,,replace_hover,,"{""acquired_tool_ids"": [], ""acquisition_complete"": false, ""completed_steps"": [""r2_bearing_right""], ""head_rotation_deg"": null, ""head_translation_m"": null, ""left_hand_translation_m"": null, ""removed_tool_ids"": [21], ""right_hand_translation_m"": null, ""selected_step"": ""r2_bearing_left"", ""step_attempt"": 2, ""step_elapsed_s"": 14.933791616000235, ""step_event_index"": 76, ""total_hand_translation_m"": null, ""trial_finished_elapsed_s"": null, ""trial_recording"": true, ""trial_required_tool_ids"": [20]}"
2026-09-04T17:27:53.978-04:00,apoorva,gesture,tts_finished,lifecycle,r2_bearing_left,Row 2.3: bearing into left stand,ready,2,77,,,,14.971001,,,,,,,,,,,,,,,,Row 1 right stand,,,,,"{""acquired_tool_ids"": [], ""acquisition_complete"": false, ""completed_steps"": [""r2_bearing_right""], ""head_rotation_deg"": null, ""head_translation_m"": null, ""left_hand_translation_m"": null, ""removed_tool_ids"": [21], ""right_hand_translation_m"": null, ""selected_step"": ""r2_bearing_left"", ""step_attempt"": 2, ""step_elapsed_s"": 14.97101366193965, ""step_event_index"": 77, ""total_hand_translation_m"": null, ""trial_finished_elapsed_s"": null, ""trial_recording"": true, ""trial_required_tool_ids"": [20]}"
2026-09-04T17:27:54.007-04:00,apoorva,gesture,tts_started,lifecycle,r2_bearing_left,Row 2.3: bearing into left stand,ready,2,78,,,,14.999966,,,,,,,,,,,,,,,,Row 2 left stand,,,,,"{""acquired_tool_ids"": [], ""acquisition_complete"": false, ""completed_steps"": [""r2_bearing_right""], ""head_rotation_deg"": null, ""head_translation_m"": null, ""left_hand_translation_m"": null, ""removed_tool_ids"": [21], ""right_hand_translation_m"": null, ""selected_step"": ""r2_bearing_left"", ""step_attempt"": 2, ""step_elapsed_s"": 14.99997818400152, ""step_event_index"": 78, ""total_hand_translation_m"": null, ""trial_finished_elapsed_s"": null, ""trial_recording"": true, ""trial_required_tool_ids"": [20]}"
2026-09-04T17:27:54.040-04:00,apoorva,gesture,tts_finished,lifecycle,r2_bearing_left,Row 2.3: bearing into left stand,ready,2,79,,,,15.032532,,,,,,,,,,,,,,,,Row 2 left stand,,,,,"{""acquired_tool_ids"": [], ""acquisition_complete"": false, ""completed_steps"": [""r2_bearing_right""], ""head_rotation_deg"": null, ""head_translation_m"": null, ""left_hand_translation_m"": null, ""removed_tool_ids"": [21], ""right_hand_translation_m"": null, ""selected_step"": ""r2_bearing_left"", ""step_attempt"": 2, ""step_elapsed_s"": 15.032544233952649, ""step_event_index"": 79, ""total_hand_translation_m"": null, ""trial_finished_elapsed_s"": null, ""trial_recording"": true, ""trial_required_tool_ids"": [20]}"
2026-09-04T17:27:54.057-04:00,apoorva,gesture,tts_started,lifecycle,r2_bearing_left,Row 2.3: bearing into left stand,ready,2,80,,,,15.049430,,,,,,,,,,,,,,,,Row 3 right stand,,,,,"{""acquired_tool_ids"": [], ""acquisition_complete"": false, ""completed_steps"": [""r2_bearing_right""], ""head_rotation_deg"": null, ""head_translation_m"": null, ""left_hand_translation_m"": null, ""removed_tool_ids"": [21], ""right_hand_translation_m"": null, ""selected_step"": ""r2_bearing_left"", ""step_attempt"": 2, ""step_elapsed_s"": 15.049435925902799, ""step_event_index"": 80, ""total_hand_translation_m"": null, ""trial_finished_elapsed_s"": null, ""trial_recording"": true, ""trial_required_tool_ids"": [20]}"
2026-09-04T17:27:54.075-04:00,apoorva,gesture,tts_interrupted,lifecycle,r2_bearing_left,Row 2.3: bearing into left stand,ready,2,81,,,,15.067838,,,,,,,,,,,,,,,,Row 3 right stand,,,,,"{""acquired_tool_ids"": [], ""acquisition_complete"": false, ""completed_steps"": [""r2_bearing_right""], ""head_rotation_deg"": null, ""head_translation_m"": null, ""left_hand_translation_m"": null, ""removed_tool_ids"": [21], ""right_hand_translation_m"": null, ""selected_step"": ""r2_bearing_left"", ""step_attempt"": 2, ""step_elapsed_s"": 15.067844940000214, ""step_event_index"": 81, ""total_hand_translation_m"": null, ""trial_finished_elapsed_s"": null, ""trial_recording"": true, ""trial_required_tool_ids"": [20]}"
2026-09-04T17:27:54.140-04:00,apoorva,gesture,tts_started,lifecycle,r2_bearing_left,Row 2.3: bearing into left stand,ready,2,82,,,,15.132296,,,,,,,,,,,,,,,,Row 4 right stand,,,,,"{""acquired_tool_ids"": [], ""acquisition_complete"": false, ""completed_steps"": [""r2_bearing_right""], ""head_rotation_deg"": null, ""head_translation_m"": null, ""left_hand_translation_m"": null, ""removed_tool_ids"": [21], ""right_hand_translation_m"": null, ""selected_step"": ""r2_bearing_left"", ""step_attempt"": 2, ""step_elapsed_s"": 15.132308062980883, ""step_event_index"": 82, ""total_hand_translation_m"": null, ""trial_finished_elapsed_s"": null, ""trial_recording"": true, ""trial_required_tool_ids"": [20]}"
2026-09-04T17:27:54.167-04:00,apoorva,gesture,hover,hover,r2_bearing_left,Row 2.3: bearing into left stand,ready,2,83,23,GEAR_STAND_ROW3_RIGHT,,,,,,,,,,,,,,,,,,,,,,,"{""acquired_tool_ids"": [], ""acquisition_complete"": false, ""completed_steps"": [""r2_bearing_right""], ""head_rotation_deg"": null, ""head_translation_m"": null, ""left_hand_translation_m"": null, ""removed_tool_ids"": [21], ""right_hand_translation_m"": null, ""selected_step"": ""r2_bearing_left"", ""step_attempt"": 2, ""step_elapsed_s"": 15.159872355987318, ""step_event_index"": 83, ""total_hand_translation_m"": null, ""trial_finished_elapsed_s"": null, ""trial_recording"": true, ""trial_required_tool_ids"": [20]}"
2026-09-04T17:27:54.258-04:00,apoorva,gesture,tts_queued,lifecycle,r2_bearing_left,Row 2.3: bearing into left stand,ready,2,84,,,,15.250365,,,,,,,,,,,,,,,,Row 3 right stand,,,replace_hover,,"{""acquired_tool_ids"": [], ""acquisition_complete"": false, ""completed_steps"": [""r2_bearing_right""], ""head_rotation_deg"": null, ""head_translation_m"": null, ""left_hand_translation_m"": null, ""removed_tool_ids"": [21], ""right_hand_translation_m"": null, ""selected_step"": ""r2_bearing_left"", ""step_attempt"": 2, ""step_elapsed_s"": 15.250376373995095, ""step_event_index"": 84, ""total_hand_translation_m"": null, ""trial_finished_elapsed_s"": null, ""trial_recording"": true, ""trial_required_tool_ids"": [20]}"
2026-09-04T17:27:54.354-04:00,apoorva,gesture,tts_finished,lifecycle,r2_bearing_left,Row 2.3: bearing into left stand,ready,2,85,,,,15.346830,,,,,,,,,,,,,,,,Row 4 right stand,,,,,"{""acquired_tool_ids"": [], ""acquisition_complete"": false, ""completed_steps"": [""r2_bearing_right""], ""head_rotation_deg"": null, ""head_translation_m"": null, ""left_hand_translation_m"": null, ""removed_tool_ids"": [21], ""right_hand_translation_m"": null, ""selected_step"": ""r2_bearing_left"", ""step_attempt"": 2, ""step_elapsed_s"": 15.346839970909059, ""step_event_index"": 85, ""total_hand_translation_m"": null, ""trial_finished_elapsed_s"": null, ""trial_recording"": true, ""trial_required_tool_ids"": [20]}"
2026-09-04T17:27:54.380-04:00,apoorva,gesture,tts_started,lifecycle,r2_bearing_left,Row 2.3: bearing into left stand,ready,2,86,,,,15.372529,,,,,,,,,,,,,,,,Row 3 right stand,,,,,"{""acquired_tool_ids"": [], ""acquisition_complete"": false, ""completed_steps"": [""r2_bearing_right""], ""head_rotation_deg"": null, ""head_translation_m"": null, ""left_hand_translation_m"": null, ""removed_tool_ids"": [21], ""right_hand_translation_m"": null, ""selected_step"": ""r2_bearing_left"", ""step_attempt"": 2, ""step_elapsed_s"": 15.372540548909456, ""step_event_index"": 86, ""total_hand_translation_m"": null, ""trial_finished_elapsed_s"": null, ""trial_recording"": true, ""trial_required_tool_ids"": [20]}"
2026-09-04T17:27:54.672-04:00,apoorva,gesture,hover,hover,r2_bearing_left,Row 2.3: bearing into left stand,ready,2,87,20,GEAR_STAND_ROW2_LEFT,,,,,,,,,,,,,,,,,,,,,,,"{""acquired_tool_ids"": [], ""acquisition_complete"": false, ""completed_steps"": [""r2_bearing_right""], ""head_rotation_deg"": null, ""head_translation_m"": null, ""left_hand_translation_m"": null, ""removed_tool_ids"": [21], ""right_hand_translation_m"": null, ""selected_step"": ""r2_bearing_left"", ""step_attempt"": 2, ""step_elapsed_s"": 15.6649418938905, ""step_event_index"": 87, ""total_hand_translation_m"": null, ""trial_finished_elapsed_s"": null, ""trial_recording"": true, ""trial_required_tool_ids"": [20]}"
2026-09-04T17:27:54.707-04:00,apoorva,gesture,tts_queued,lifecycle,r2_bearing_left,Row 2.3: bearing into left stand,ready,2,88,,,,15.699690,,,,,,,,,,,,,,,,Row 2 left stand,,,replace_hover,,"{""acquired_tool_ids"": [], ""acquisition_complete"": false, ""completed_steps"": [""r2_bearing_right""], ""head_rotation_deg"": null, ""head_translation_m"": null, ""left_hand_translation_m"": null, ""removed_tool_ids"": [21], ""right_hand_translation_m"": null, ""selected_step"": ""r2_bearing_left"", ""step_attempt"": 2, ""step_elapsed_s"": 15.699701014906168, ""step_event_index"": 88, ""total_hand_translation_m"": null, ""trial_finished_elapsed_s"": null, ""trial_recording"": true, ""trial_required_tool_ids"": [20]}"
2026-09-04T17:27:54.776-04:00,apoorva,gesture,tts_finished,lifecycle,r2_bearing_left,Row 2.3: bearing into left stand,ready,2,89,,,,15.768179,,,,,,,,,,,,,,,,Row 3 right stand,,,,,"{""acquired_tool_ids"": [], ""acquisition_complete"": false, ""completed_steps"": [""r2_bearing_right""], ""head_rotation_deg"": null, ""head_translation_m"": null, ""left_hand_translation_m"": null, ""removed_tool_ids"": [21], ""right_hand_translation_m"": null, ""selected_step"": ""r2_bearing_left"", ""step_attempt"": 2, ""step_elapsed_s"": 15.7681943239877, ""step_event_index"": 89, ""total_hand_translation_m"": null, ""trial_finished_elapsed_s"": null, ""trial_recording"": true, ""trial_required_tool_ids"": [20]}"
2026-09-04T17:27:54.880-04:00,apoorva,gesture,tts_started,lifecycle,r2_bearing_left,Row 2.3: bearing into left stand,ready,2,90,,,,15.872618,,,,,,,,,,,,,,,,Row 2 left stand,,,,,"{""acquired_tool_ids"": [], ""acquisition_complete"": false, ""completed_steps"": [""r2_bearing_right""], ""head_rotation_deg"": null, ""head_translation_m"": null, ""left_hand_translation_m"": null, ""removed_tool_ids"": [21], ""right_hand_translation_m"": null, ""selected_step"": ""r2_bearing_left"", ""step_attempt"": 2, ""step_elapsed_s"": 15.872630418976769, ""step_event_index"": 90, ""total_hand_translation_m"": null, ""trial_finished_elapsed_s"": null, ""trial_recording"": true, ""trial_required_tool_ids"": [20]}"
2026-09-04T17:27:55.511-04:00,apoorva,gesture,hover,hover,r2_bearing_left,Row 2.3: bearing into left stand,ready,2,91,18,GEAR_STAND_ROW1_LEFT,,,,,,,,,,,,,,,,,,,,,,,"{""acquired_tool_ids"": [], ""acquisition_complete"": false, ""completed_steps"": [""r2_bearing_right""], ""head_rotation_deg"": null, ""head_translation_m"": null, ""left_hand_translation_m"": null, ""removed_tool_ids"": [21], ""right_hand_translation_m"": null, ""selected_step"": ""r2_bearing_left"", ""step_attempt"": 2, ""step_elapsed_s"": 16.50389288191218, ""step_event_index"": 91, ""total_hand_translation_m"": null, ""trial_finished_elapsed_s"": null, ""trial_recording"": true, ""trial_required_tool_ids"": [20]}"
2026-09-04T17:27:55.565-04:00,apoorva,gesture,tts_queued,lifecycle,r2_bearing_left,Row 2.3: bearing into left stand,ready,2,92,,,,16.557312,,,,,,,,,,,,,,,,Row 1 left stand,,,replace_hover,,"{""acquired_tool_ids"": [], ""acquisition_complete"": false, ""completed_steps"": [""r2_bearing_right""], ""head_rotation_deg"": null, ""head_translation_m"": null, ""left_hand_translation_m"": null, ""removed_tool_ids"": [21], ""right_hand_translation_m"": null, ""selected_step"": ""r2_bearing_left"", ""step_attempt"": 2, ""step_elapsed_s"": 16.557331365998834, ""step_event_index"": 92, ""total_hand_translation_m"": null, ""trial_finished_elapsed_s"": null, ""trial_recording"": true, ""trial_required_tool_ids"": [20]}"
2026-09-04T17:27:55.618-04:00,apoorva,gesture,hover,hover,r2_bearing_left,Row 2.3: bearing into left stand,ready,2,93,19,GEAR_STAND_ROW1_RIGHT,,,,,,,,,,,,,,,,,,,,,,,"{""acquired_tool_ids"": [], ""acquisition_complete"": false, ""completed_steps"": [""r2_bearing_right""], ""head_rotation_deg"": null, ""head_translation_m"": null, ""left_hand_translation_m"": null, ""removed_tool_ids"": [21], ""right_hand_translation_m"": null, ""selected_step"": ""r2_bearing_left"", ""step_attempt"": 2, ""step_elapsed_s"": 16.610385500942357, ""step_event_index"": 93, ""total_hand_translation_m"": null, ""trial_finished_elapsed_s"": null, ""trial_recording"": true, ""trial_required_tool_ids"": [20]}"
2026-09-04T17:27:55.656-04:00,apoorva,gesture,tts_queued,lifecycle,r2_bearing_left,Row 2.3: bearing into left stand,ready,2,94,,,,16.648829,,,,,,,,,,,,,,,,Row 1 right stand,,,replace_hover,,"{""acquired_tool_ids"": [], ""acquisition_complete"": false, ""completed_steps"": [""r2_bearing_right""], ""head_rotation_deg"": null, ""head_translation_m"": null, ""left_hand_translation_m"": null, ""removed_tool_ids"": [21], ""right_hand_translation_m"": null, ""selected_step"": ""r2_bearing_left"", ""step_attempt"": 2, ""step_elapsed_s"": 16.648841995978728, ""step_event_index"": 94, ""total_hand_translation_m"": null, ""trial_finished_elapsed_s"": null, ""trial_recording"": true, ""trial_required_tool_ids"": [20]}"
2026-09-04T17:27:55.690-04:00,apoorva,gesture,tts_finished,lifecycle,r2_bearing_left,Row 2.3: bearing into left stand,ready,2,95,,,,16.682969,,,,,,,,,,,,,,,,Row 2 left stand,,,,,"{""acquired_tool_ids"": [], ""acquisition_complete"": false, ""completed_steps"": [""r2_bearing_right""], ""head_rotation_deg"": null, ""head_translation_m"": null, ""left_hand_translation_m"": null, ""removed_tool_ids"": [21], ""right_hand_translation_m"": null, ""selected_step"": ""r2_bearing_left"", ""step_attempt"": 2, ""step_elapsed_s"": 16.682978961966, ""step_event_index"": 95, ""total_hand_translation_m"": null, ""trial_finished_elapsed_s"": null, ""trial_recording"": true, ""trial_required_tool_ids"": [20]}"
2026-09-04T17:27:55.711-04:00,apoorva,gesture,tts_started,lifecycle,r2_bearing_left,Row 2.3: bearing into left stand,ready,2,96,,,,16.703835,,,,,,,,,,,,,,,,Row 1 left stand,,,,,"{""acquired_tool_ids"": [], ""acquisition_complete"": false, ""completed_steps"": [""r2_bearing_right""], ""head_rotation_deg"": null, ""head_translation_m"": null, ""left_hand_translation_m"": null, ""removed_tool_ids"": [21], ""right_hand_translation_m"": null, ""selected_step"": ""r2_bearing_left"", ""step_attempt"": 2, ""step_elapsed_s"": 16.703844427946024, ""step_event_index"": 96, ""total_hand_translation_m"": null, ""trial_finished_elapsed_s"": null, ""trial_recording"": true, ""trial_required_tool_ids"": [20]}"
2026-09-04T17:27:55.776-04:00,apoorva,gesture,tts_finished,lifecycle,r2_bearing_left,Row 2.3: bearing into left stand,ready,2,97,,,,16.768477,,,,,,,,,,,,,,,,Row 1 left stand,,,,,"{""acquired_tool_ids"": [], ""acquisition_complete"": false, ""completed_steps"": [""r2_bearing_right""], ""head_rotation_deg"": null, ""head_translation_m"": null, ""left_hand_translation_m"": null, ""removed_tool_ids"": [21], ""right_hand_translation_m"": null, ""selected_step"": ""r2_bearing_left"", ""step_attempt"": 2, ""step_elapsed_s"": 16.7684882999165, ""step_event_index"": 97, ""total_hand_translation_m"": null, ""trial_finished_elapsed_s"": null, ""trial_recording"": true, ""trial_required_tool_ids"": [20]}"
2026-09-04T17:27:55.807-04:00,apoorva,gesture,tts_started,lifecycle,r2_bearing_left,Row 2.3: bearing into left stand,ready,2,98,,,,16.800125,,,,,,,,,,,,,,,,Row 1 right stand,,,,,"{""acquired_tool_ids"": [], ""acquisition_complete"": false, ""completed_steps"": [""r2_bearing_right""], ""head_rotation_deg"": null, ""head_translation_m"": null, ""left_hand_translation_m"": null, ""removed_tool_ids"": [21], ""right_hand_translation_m"": null, ""selected_step"": ""r2_bearing_left"", ""step_attempt"": 2, ""step_elapsed_s"": 16.800132039934397, ""step_event_index"": 98, ""total_hand_translation_m"": null, ""trial_finished_elapsed_s"": null, ""trial_recording"": true, ""trial_required_tool_ids"": [20]}"
2026-09-04T17:27:56.233-04:00,apoorva,gesture,hover,hover,r2_bearing_left,Row 2.3: bearing into left stand,ready,2,99,18,GEAR_STAND_ROW1_LEFT,,,,,,,,,,,,,,,,,,,,,,,"{""acquired_tool_ids"": [], ""acquisition_complete"": false, ""completed_steps"": [""r2_bearing_right""], ""head_rotation_deg"": null, ""head_translation_m"": null, ""left_hand_translation_m"": null, ""removed_tool_ids"": [21], ""right_hand_translation_m"": null, ""selected_step"": ""r2_bearing_left"", ""step_attempt"": 2, ""step_elapsed_s"": 17.225273619988002, ""step_event_index"": 99, ""total_hand_translation_m"": null, ""trial_finished_elapsed_s"": null, ""trial_recording"": true, ""trial_required_tool_ids"": [20]}"
2026-09-04T17:27:56.297-04:00,apoorva,gesture,tts_queued,lifecycle,r2_bearing_left,Row 2.3: bearing into left stand,ready,2,100,,,,17.289374,,,,,,,,,,,,,,,,Row 1 left stand,,,replace_hover,,"{""acquired_tool_ids"": [], ""acquisition_complete"": false, ""completed_steps"": [""r2_bearing_right""], ""head_rotation_deg"": null, ""head_translation_m"": null, ""left_hand_translation_m"": null, ""removed_tool_ids"": [21], ""right_hand_translation_m"": null, ""selected_step"": ""r2_bearing_left"", ""step_attempt"": 2, ""step_elapsed_s"": 17.28938643098809, ""step_event_index"": 100, ""total_hand_translation_m"": null, ""trial_finished_elapsed_s"": null, ""trial_recording"": true, ""trial_required_tool_ids"": [20]}"
2026-09-04T17:27:56.370-04:00,apoorva,gesture,hover,hover,r2_bearing_left,Row 2.3: bearing into left stand,ready,2,101,20,GEAR_STAND_ROW2_LEFT,,,,,,,,,,,,,,,,,,,,,,,"{""acquired_tool_ids"": [], ""acquisition_complete"": false, ""completed_steps"": [""r2_bearing_right""], ""head_rotation_deg"": null, ""head_translation_m"": null, ""left_hand_translation_m"": null, ""removed_tool_ids"": [21], ""right_hand_translation_m"": null, ""selected_step"": ""r2_bearing_left"", ""step_attempt"": 2, ""step_elapsed_s"": 17.36243904288858, ""step_event_index"": 101, ""total_hand_translation_m"": null, ""trial_finished_elapsed_s"": null, ""trial_recording"": true, ""trial_required_tool_ids"": [20]}"
2026-09-04T17:27:56.413-04:00,apoorva,gesture,tts_queued,lifecycle,r2_bearing_left,Row 2.3: bearing into left stand,ready,2,102,,,,17.406036,,,,,,,,,,,,,,,,Row 2 left stand,,,replace_hover,,"{""acquired_tool_ids"": [], ""acquisition_complete"": false, ""completed_steps"": [""r2_bearing_right""], ""head_rotation_deg"": null, ""head_translation_m"": null, ""left_hand_translation_m"": null, ""removed_tool_ids"": [21], ""right_hand_translation_m"": null, ""selected_step"": ""r2_bearing_left"", ""step_attempt"": 2, ""step_elapsed_s"": 17.40604779892601, ""step_event_index"": 102, ""total_hand_translation_m"": null, ""trial_finished_elapsed_s"": null, ""trial_recording"": true, ""trial_required_tool_ids"": [20]}"
2026-09-04T17:27:56.451-04:00,apoorva,gesture,tts_finished,lifecycle,r2_bearing_left,Row 2.3: bearing into left stand,ready,2,103,,,,17.443564,,,,,,,,,,,,,,,,Row 1 right stand,,,,,"{""acquired_tool_ids"": [], ""acquisition_complete"": false, ""completed_steps"": [""r2_bearing_right""], ""head_rotation_deg"": null, ""head_translation_m"": null, ""left_hand_translation_m"": null, ""removed_tool_ids"": [21], ""right_hand_translation_m"": null, ""selected_step"": ""r2_bearing_left"", ""step_attempt"": 2, ""step_elapsed_s"": 17.443573671975173, ""step_event_index"": 103, ""total_hand_translation_m"": null, ""trial_finished_elapsed_s"": null, ""trial_recording"": true, ""trial_required_tool_ids"": [20]}"
2026-09-04T17:27:56.481-04:00,apoorva,gesture,tts_started,lifecycle,r2_bearing_left,Row 2.3: bearing into left stand,ready,2,104,,,,17.473695,,,,,,,,,,,,,,,,Row 1 left stand,,,,,"{""acquired_tool_ids"": [], ""acquisition_complete"": false, ""completed_steps"": [""r2_bearing_right""], ""head_rotation_deg"": null, ""head_translation_m"": null, ""left_hand_translation_m"": null, ""removed_tool_ids"": [21], ""right_hand_translation_m"": null, ""selected_step"": ""r2_bearing_left"", ""step_attempt"": 2, ""step_elapsed_s"": 17.473705251002684, ""step_event_index"": 104, ""total_hand_translation_m"": null, ""trial_finished_elapsed_s"": null, ""trial_recording"": true, ""trial_required_tool_ids"": [20]}"
2026-09-04T17:27:56.514-04:00,apoorva,gesture,tts_finished,lifecycle,r2_bearing_left,Row 2.3: bearing into left stand,ready,2,105,,,,17.506259,,,,,,,,,,,,,,,,Row 1 left stand,,,,,"{""acquired_tool_ids"": [], ""acquisition_complete"": false, ""completed_steps"": [""r2_bearing_right""], ""head_rotation_deg"": null, ""head_translation_m"": null, ""left_hand_translation_m"": null, ""removed_tool_ids"": [21], ""right_hand_translation_m"": null, ""selected_step"": ""r2_bearing_left"", ""step_attempt"": 2, ""step_elapsed_s"": 17.506272414000705, ""step_event_index"": 105, ""total_hand_translation_m"": null, ""trial_finished_elapsed_s"": null, ""trial_recording"": true, ""trial_required_tool_ids"": [20]}"
2026-09-04T17:27:56.543-04:00,apoorva,gesture,tts_started,lifecycle,r2_bearing_left,Row 2.3: bearing into left stand,ready,2,106,,,,17.535289,,,,,,,,,,,,,,,,Row 2 left stand,,,,,"{""acquired_tool_ids"": [], ""acquisition_complete"": false, ""completed_steps"": [""r2_bearing_right""], ""head_rotation_deg"": null, ""head_translation_m"": null, ""left_hand_translation_m"": null, ""removed_tool_ids"": [21], ""right_hand_translation_m"": null, ""selected_step"": ""r2_bearing_left"", ""step_attempt"": 2, ""step_elapsed_s"": 17.535297230933793, ""step_event_index"": 106, ""total_hand_translation_m"": null, ""trial_finished_elapsed_s"": null, ""trial_recording"": true, ""trial_required_tool_ids"": [20]}"
2026-09-04T17:27:57.522-04:00,apoorva,gesture,part_selection,click,r2_bearing_left,Row 2.3: bearing into left stand,ready,2,107,20,GEAR_STAND_ROW2_LEFT,18.515004,18.515004,,,,,,,,,,,,,,,1,,,,,,"{""acquired_tool_ids"": [20], ""acquisition_complete"": false, ""completed_steps"": [""r2_bearing_right""], ""head_rotation_deg"": null, ""head_translation_m"": null, ""left_hand_translation_m"": null, ""removed_tool_ids"": [21], ""right_hand_translation_m"": null, ""selected_step"": ""r2_bearing_left"", ""step_attempt"": 2, ""step_elapsed_s"": 18.51504380395636, ""step_event_index"": 107, ""total_hand_translation_m"": null, ""trial_finished_elapsed_s"": null, ""trial_recording"": true, ""trial_required_tool_ids"": [20]}"
2026-09-04T17:27:57.556-04:00,apoorva,gesture,object_acquired,click,r2_bearing_left,Row 2.3: bearing into left stand,ready,2,108,20,GEAR_STAND_ROW2_LEFT,18.515004,18.515004,,,,,,,,,,,,,,,1,,,,,,"{""acquired_tool_ids"": [20], ""acquisition_complete"": false, ""completed_steps"": [""r2_bearing_right""], ""head_rotation_deg"": null, ""head_translation_m"": null, ""left_hand_translation_m"": null, ""removed_tool_ids"": [21], ""right_hand_translation_m"": null, ""selected_step"": ""r2_bearing_left"", ""step_attempt"": 2, ""step_elapsed_s"": 18.549064378952608, ""step_event_index"": 108, ""total_hand_translation_m"": null, ""trial_finished_elapsed_s"": null, ""trial_recording"": true, ""trial_required_tool_ids"": [20]}"
2026-09-04T17:27:57.579-04:00,apoorva,gesture,step_acquisition_complete,click,r2_bearing_left,Row 2.3: bearing into left stand,ready,2,109,,,,18.570567,0.922381,75.753102,1.346280,0.863868,2.210148,0.000000,17.311612,17.311612,93.953188,0,29,0.000000,0.586813,0.586813,,,,,,,"{""acquired_tool_ids"": [20], ""acquisition_complete"": true, ""any_hover_time_s"": 17.31161210918799, ""completed_steps"": [""r2_bearing_right""], ""head_rotation_deg"": 75.75310189752464, ""head_translation_m"": 0.9223814996653558, ""hover_time_percent"": 93.95318846218979, ""left_hand_translation_m"": 1.3462797766802783, ""left_hover_episodes"": 0, ""left_hover_time_s"": 0.0, ""left_hover_translation_m"": 0.0, ""removed_tool_ids"": [20, 21], ""right_hand_translation_m"": 0.8638680384353368, ""right_hover_episodes"": 29, ""right_hover_time_s"": 17.31161210918799, ""right_hover_translation_m"": 0.5868125207078334, ""selected_step"": ""r2_bearing_left"", ""step_attempt"": 2, ""step_elapsed_s"": 18.570566845941357, ""step_event_index"": 109, ""total_hand_translation_m"": 2.210147815115615, ""total_hover_translation_m"": 0.5868125207078334, ""trial_finished_elapsed_s"": 18.570566845941357, ""trial_recording"": false, ""trial_required_tool_ids"": [20]}"
2026-09-04T17:27:57.614-04:00,apoorva,gesture,graph_complete,,r2_bearing_left,Row 2.3: bearing into left stand,complete,2,110,,,,,,,,,,,,,,,,,,,,,,,,,"{""acquired_tool_ids"": [20], ""acquisition_complete"": true, ""any_hover_time_s"": 17.31161210918799, ""completed_steps"": [""r2_bearing_right"", ""r2_bearing_left""], ""head_rotation_deg"": 75.75310189752464, ""head_translation_m"": 0.9223814996653558, ""hover_time_percent"": 93.95318846218979, ""left_hand_translation_m"": 1.3462797766802783, ""left_hover_episodes"": 0, ""left_hover_time_s"": 0.0, ""left_hover_translation_m"": 0.0, ""removed_tool_ids"": [20, 21], ""right_hand_translation_m"": 0.8638680384353368, ""right_hover_episodes"": 29, ""right_hover_time_s"": 17.31161210918799, ""right_hover_translation_m"": 0.5868125207078334, ""selected_step"": ""r2_bearing_left"", ""step_attempt"": 2, ""step_elapsed_s"": 18.570566845941357, ""step_event_index"": 110, ""total_hand_translation_m"": 2.210147815115615, ""total_hover_translation_m"": 0.5868125207078334, ""trial_finished_elapsed_s"": 18.570566845941357, ""trial_recording"": false, ""trial_required_tool_ids"": [20]}"
2026-09-04T17:28:11.353-04:00,apoorva,gesture,step_started,keyboard,r1_gear_rod,Row 1.2: assemble gear rod,ready,3,1,,,,,,,,,,,,,,,,,,,,,,,,,"{""acquired_tool_ids"": [], ""acquisition_complete"": false, ""completed_steps"": [""r2_bearing_right"", ""r2_bearing_left""], ""head_rotation_deg"": null, ""head_translation_m"": null, ""left_hand_translation_m"": null, ""removed_tool_ids"": [20, 21], ""right_hand_translation_m"": null, ""selected_step"": ""r1_gear_rod"", ""step_attempt"": 3, ""step_elapsed_s"": 9.300000965595245e-05, ""step_event_index"": 1, ""total_hand_translation_m"": null, ""trial_finished_elapsed_s"": null, ""trial_recording"": true, ""trial_required_tool_ids"": [14, 26, 33]}"
2026-09-04T17:28:11.658-04:00,apoorva,gesture,hover,hover,r1_gear_rod,Row 1.2: assemble gear rod,ready,3,2,35,SCREWS,,,,,,,,,,,,,,,,,,,,,,,"{""acquired_tool_ids"": [], ""acquisition_complete"": false, ""completed_steps"": [""r2_bearing_right"", ""r2_bearing_left""], ""head_rotation_deg"": null, ""head_translation_m"": null, ""left_hand_translation_m"": null, ""removed_tool_ids"": [20, 21], ""right_hand_translation_m"": null, ""selected_step"": ""r1_gear_rod"", ""step_attempt"": 3, ""step_elapsed_s"": 0.3057879810221493, ""step_event_index"": 2, ""total_hand_translation_m"": null, ""trial_finished_elapsed_s"": null, ""trial_recording"": true, ""trial_required_tool_ids"": [14, 26, 33]}"
2026-09-04T17:28:11.690-04:00,apoorva,gesture,tts_queued,lifecycle,r1_gear_rod,Row 1.2: assemble gear rod,ready,3,3,,,,0.337303,,,,,,,,,,,,,,,,screw,,,replace_hover,,"{""acquired_tool_ids"": [], ""acquisition_complete"": false, ""completed_steps"": [""r2_bearing_right"", ""r2_bearing_left""], ""head_rotation_deg"": null, ""head_translation_m"": null, ""left_hand_translation_m"": null, ""removed_tool_ids"": [20, 21], ""right_hand_translation_m"": null, ""selected_step"": ""r1_gear_rod"", ""step_attempt"": 3, ""step_elapsed_s"": 0.3373133949935436, ""step_event_index"": 3, ""total_hand_translation_m"": null, ""trial_finished_elapsed_s"": null, ""trial_recording"": true, ""trial_required_tool_ids"": [14, 26, 33]}"
2026-09-04T17:28:11.723-04:00,apoorva,gesture,tts_started,lifecycle,r1_gear_rod,Row 1.2: assemble gear rod,ready,3,4,,,,0.370123,,,,,,,,,,,,,,,,screw,,,,,"{""acquired_tool_ids"": [], ""acquisition_complete"": false, ""completed_steps"": [""r2_bearing_right"", ""r2_bearing_left""], ""head_rotation_deg"": null, ""head_translation_m"": null, ""left_hand_translation_m"": null, ""removed_tool_ids"": [20, 21], ""right_hand_translation_m"": null, ""selected_step"": ""r1_gear_rod"", ""step_attempt"": 3, ""step_elapsed_s"": 0.37013494898565114, ""step_event_index"": 4, ""total_hand_translation_m"": null, ""trial_finished_elapsed_s"": null, ""trial_recording"": true, ""trial_required_tool_ids"": [14, 26, 33]}"
2026-09-04T17:28:12.336-04:00,apoorva,gesture,tts_finished,lifecycle,r1_gear_rod,Row 1.2: assemble gear rod,ready,3,5,,,,0.983495,,,,,,,,,,,,,,,,screw,,,,,"{""acquired_tool_ids"": [], ""acquisition_complete"": false, ""completed_steps"": [""r2_bearing_right"", ""r2_bearing_left""], ""head_rotation_deg"": null, ""head_translation_m"": null, ""left_hand_translation_m"": null, ""removed_tool_ids"": [20, 21], ""right_hand_translation_m"": null, ""selected_step"": ""r1_gear_rod"", ""step_attempt"": 3, ""step_elapsed_s"": 0.9835061749909073, ""step_event_index"": 5, ""total_hand_translation_m"": null, ""trial_finished_elapsed_s"": null, ""trial_recording"": true, ""trial_required_tool_ids"": [14, 26, 33]}"
2026-09-04T17:28:12.654-04:00,apoorva,gesture,hover,hover,r1_gear_rod,Row 1.2: assemble gear rod,ready,3,6,16,GEAR_ROD_ROW3,,,,,,,,,,,,,,,,,,,,,,,"{""acquired_tool_ids"": [], ""acquisition_complete"": false, ""completed_steps"": [""r2_bearing_right"", ""r2_bearing_left""], ""head_rotation_deg"": null, ""head_translation_m"": null, ""left_hand_translation_m"": null, ""removed_tool_ids"": [20, 21], ""right_hand_translation_m"": null, ""selected_step"": ""r1_gear_rod"", ""step_attempt"": 3, ""step_elapsed_s"": 1.3009984319796786, ""step_event_index"": 6, ""total_hand_translation_m"": null, ""trial_finished_elapsed_s"": null, ""trial_recording"": true, ""trial_required_tool_ids"": [14, 26, 33]}"
2026-09-04T17:28:12.690-04:00,apoorva,gesture,tts_queued,lifecycle,r1_gear_rod,Row 1.2: assemble gear rod,ready,3,7,,,,1.337252,,,,,,,,,,,,,,,,Row 3 gear rod,,,replace_hover,,"{""acquired_tool_ids"": [], ""acquisition_complete"": false, ""completed_steps"": [""r2_bearing_right"", ""r2_bearing_left""], ""head_rotation_deg"": null, ""head_translation_m"": null, ""left_hand_translation_m"": null, ""removed_tool_ids"": [20, 21], ""right_hand_translation_m"": null, ""selected_step"": ""r1_gear_rod"", ""step_attempt"": 3, ""step_elapsed_s"": 1.337264259927906, ""step_event_index"": 7, ""total_hand_translation_m"": null, ""trial_finished_elapsed_s"": null, ""trial_recording"": true, ""trial_required_tool_ids"": [14, 26, 33]}"
2026-09-04T17:28:12.725-04:00,apoorva,gesture,tts_started,lifecycle,r1_gear_rod,Row 1.2: assemble gear rod,ready,3,8,,,,1.372098,,,,,,,,,,,,,,,,Row 3 gear rod,,,,,"{""acquired_tool_ids"": [], ""acquisition_complete"": false, ""completed_steps"": [""r2_bearing_right"", ""r2_bearing_left""], ""head_rotation_deg"": null, ""head_translation_m"": null, ""left_hand_translation_m"": null, ""removed_tool_ids"": [20, 21], ""right_hand_translation_m"": null, ""selected_step"": ""r1_gear_rod"", ""step_attempt"": 3, ""step_elapsed_s"": 1.3721103320131078, ""step_event_index"": 8, ""total_hand_translation_m"": null, ""trial_finished_elapsed_s"": null, ""trial_recording"": true, ""trial_required_tool_ids"": [14, 26, 33]}"
2026-09-04T17:28:13.263-04:00,apoorva,gesture,hover,hover,r1_gear_rod,Row 1.2: assemble gear rod,ready,3,9,17,GEAR_ROD_ROW4,,,,,,,,,,,,,,,,,,,,,,,"{""acquired_tool_ids"": [], ""acquisition_complete"": false, ""completed_steps"": [""r2_bearing_right"", ""r2_bearing_left""], ""head_rotation_deg"": null, ""head_translation_m"": null, ""left_hand_translation_m"": null, ""removed_tool_ids"": [20, 21], ""right_hand_translation_m"": null, ""selected_step"": ""r1_gear_rod"", ""step_attempt"": 3, ""step_elapsed_s"": 1.9102891120128334, ""step_event_index"": 9, ""total_hand_translation_m"": null, ""trial_finished_elapsed_s"": null, ""trial_recording"": true, ""trial_required_tool_ids"": [14, 26, 33]}"
2026-09-04T17:28:13.283-04:00,apoorva,gesture,tts_queued,lifecycle,r1_gear_rod,Row 1.2: assemble gear rod,ready,3,10,,,,1.930722,,,,,,,,,,,,,,,,Row 4 gear rod,,,replace_hover,,"{""acquired_tool_ids"": [], ""acquisition_complete"": false, ""completed_steps"": [""r2_bearing_right"", ""r2_bearing_left""], ""head_rotation_deg"": null, ""head_translation_m"": null, ""left_hand_translation_m"": null, ""removed_tool_ids"": [20, 21], ""right_hand_translation_m"": null, ""selected_step"": ""r1_gear_rod"", ""step_attempt"": 3, ""step_elapsed_s"": 1.9307315789628774, ""step_event_index"": 10, ""total_hand_translation_m"": null, ""trial_finished_elapsed_s"": null, ""trial_recording"": true, ""trial_required_tool_ids"": [14, 26, 33]}"
2026-09-04T17:28:13.327-04:00,apoorva,gesture,tts_finished,lifecycle,r1_gear_rod,Row 1.2: assemble gear rod,ready,3,11,,,,1.974096,,,,,,,,,,,,,,,,Row 3 gear rod,,,,,"{""acquired_tool_ids"": [], ""acquisition_complete"": false, ""completed_steps"": [""r2_bearing_right"", ""r2_bearing_left""], ""head_rotation_deg"": null, ""head_translation_m"": null, ""left_hand_translation_m"": null, ""removed_tool_ids"": [20, 21], ""right_hand_translation_m"": null, ""selected_step"": ""r1_gear_rod"", ""step_attempt"": 3, ""step_elapsed_s"": 1.9741067870054394, ""step_event_index"": 11, ""total_hand_translation_m"": null, ""trial_finished_elapsed_s"": null, ""trial_recording"": true, ""trial_required_tool_ids"": [14, 26, 33]}"
2026-09-04T17:28:13.354-04:00,apoorva,gesture,tts_started,lifecycle,r1_gear_rod,Row 1.2: assemble gear rod,ready,3,12,,,,2.001622,,,,,,,,,,,,,,,,Row 4 gear rod,,,,,"{""acquired_tool_ids"": [], ""acquisition_complete"": false, ""completed_steps"": [""r2_bearing_right"", ""r2_bearing_left""], ""head_rotation_deg"": null, ""head_translation_m"": null, ""left_hand_translation_m"": null, ""removed_tool_ids"": [20, 21], ""right_hand_translation_m"": null, ""selected_step"": ""r1_gear_rod"", ""step_attempt"": 3, ""step_elapsed_s"": 2.0016345309559256, ""step_event_index"": 12, ""total_hand_translation_m"": null, ""trial_finished_elapsed_s"": null, ""trial_recording"": true, ""trial_required_tool_ids"": [14, 26, 33]}"
2026-09-04T17:28:14.064-04:00,apoorva,gesture,hover,hover,r1_gear_rod,Row 1.2: assemble gear rod,ready,3,13,17,GEAR_ROD_ROW4,,,,,,,,,,,,,,,,,,,,,,,"{""acquired_tool_ids"": [], ""acquisition_complete"": false, ""completed_steps"": [""r2_bearing_right"", ""r2_bearing_left""], ""head_rotation_deg"": null, ""head_translation_m"": null, ""left_hand_translation_m"": null, ""removed_tool_ids"": [20, 21], ""right_hand_translation_m"": null, ""selected_step"": ""r1_gear_rod"", ""step_attempt"": 3, ""step_elapsed_s"": 2.7111489339731634, ""step_event_index"": 13, ""total_hand_translation_m"": null, ""trial_finished_elapsed_s"": null, ""trial_recording"": true, ""trial_required_tool_ids"": [14, 26, 33]}"
2026-09-04T17:28:14.100-04:00,apoorva,gesture,tts_queued,lifecycle,r1_gear_rod,Row 1.2: assemble gear rod,ready,3,14,,,,2.747459,,,,,,,,,,,,,,,,Row 4 gear rod,,,replace_hover,,"{""acquired_tool_ids"": [], ""acquisition_complete"": false, ""completed_steps"": [""r2_bearing_right"", ""r2_bearing_left""], ""head_rotation_deg"": null, ""head_translation_m"": null, ""left_hand_translation_m"": null, ""removed_tool_ids"": [20, 21], ""right_hand_translation_m"": null, ""selected_step"": ""r1_gear_rod"", ""step_attempt"": 3, ""step_elapsed_s"": 2.7474737860029563, ""step_event_index"": 14, ""total_hand_translation_m"": null, ""trial_finished_elapsed_s"": null, ""trial_recording"": true, ""trial_required_tool_ids"": [14, 26, 33]}"
2026-09-04T17:28:14.143-04:00,apoorva,gesture,tts_finished,lifecycle,r1_gear_rod,Row 1.2: assemble gear rod,ready,3,15,,,,2.790725,,,,,,,,,,,,,,,,Row 4 gear rod,,,,,"{""acquired_tool_ids"": [], ""acquisition_complete"": false, ""completed_steps"": [""r2_bearing_right"", ""r2_bearing_left""], ""head_rotation_deg"": null, ""head_translation_m"": null, ""left_hand_translation_m"": null, ""removed_tool_ids"": [20, 21], ""right_hand_translation_m"": null, ""selected_step"": ""r1_gear_rod"", ""step_attempt"": 3, ""step_elapsed_s"": 2.790736722992733, ""step_event_index"": 15, ""total_hand_translation_m"": null, ""trial_finished_elapsed_s"": null, ""trial_recording"": true, ""trial_required_tool_ids"": [14, 26, 33]}"
2026-09-04T17:28:14.161-04:00,apoorva,gesture,tts_started,lifecycle,r1_gear_rod,Row 1.2: assemble gear rod,ready,3,16,,,,2.807947,,,,,,,,,,,,,,,,Row 4 gear rod,,,,,"{""acquired_tool_ids"": [], ""acquisition_complete"": false, ""completed_steps"": [""r2_bearing_right"", ""r2_bearing_left""], ""head_rotation_deg"": null, ""head_translation_m"": null, ""left_hand_translation_m"": null, ""removed_tool_ids"": [20, 21], ""right_hand_translation_m"": null, ""selected_step"": ""r1_gear_rod"", ""step_attempt"": 3, ""step_elapsed_s"": 2.8079580669291317, ""step_event_index"": 16, ""total_hand_translation_m"": null, ""trial_finished_elapsed_s"": null, ""trial_recording"": true, ""trial_required_tool_ids"": [14, 26, 33]}"
2026-09-04T17:28:14.646-04:00,apoorva,gesture,hover,hover,r1_gear_rod,Row 1.2: assemble gear rod,ready,3,17,16,GEAR_ROD_ROW3,,,,,,,,,,,,,,,,,,,,,,,"{""acquired_tool_ids"": [], ""acquisition_complete"": false, ""completed_steps"": [""r2_bearing_right"", ""r2_bearing_left""], ""head_rotation_deg"": null, ""head_translation_m"": null, ""left_hand_translation_m"": null, ""removed_tool_ids"": [20, 21], ""right_hand_translation_m"": null, ""selected_step"": ""r1_gear_rod"", ""step_attempt"": 3, ""step_elapsed_s"": 3.2934865159913898, ""step_event_index"": 17, ""total_hand_translation_m"": null, ""trial_finished_elapsed_s"": null, ""trial_recording"": true, ""trial_required_tool_ids"": [14, 26, 33]}"
2026-09-04T17:28:14.665-04:00,apoorva,gesture,tts_queued,lifecycle,r1_gear_rod,Row 1.2: assemble gear rod,ready,3,18,,,,3.312596,,,,,,,,,,,,,,,,Row 3 gear rod,,,replace_hover,,"{""acquired_tool_ids"": [], ""acquisition_complete"": false, ""completed_steps"": [""r2_bearing_right"", ""r2_bearing_left""], ""head_rotation_deg"": null, ""head_translation_m"": null, ""left_hand_translation_m"": null, ""removed_tool_ids"": [20, 21], ""right_hand_translation_m"": null, ""selected_step"": ""r1_gear_rod"", ""step_attempt"": 3, ""step_elapsed_s"": 3.312606781022623, ""step_event_index"": 18, ""total_hand_translation_m"": null, ""trial_finished_elapsed_s"": null, ""trial_recording"": true, ""trial_required_tool_ids"": [14, 26, 33]}"
2026-09-04T17:28:14.726-04:00,apoorva,gesture,tts_finished,lifecycle,r1_gear_rod,Row 1.2: assemble gear rod,ready,3,19,,,,3.373550,,,,,,,,,,,,,,,,Row 4 gear rod,,,,,"{""acquired_tool_ids"": [], ""acquisition_complete"": false, ""completed_steps"": [""r2_bearing_right"", ""r2_bearing_left""], ""head_rotation_deg"": null, ""head_translation_m"": null, ""left_hand_translation_m"": null, ""removed_tool_ids"": [20, 21], ""right_hand_translation_m"": null, ""selected_step"": ""r1_gear_rod"", ""step_attempt"": 3, ""step_elapsed_s"": 3.3735694639617577, ""step_event_index"": 19, ""total_hand_translation_m"": null, ""trial_finished_elapsed_s"": null, ""trial_recording"": true, ""trial_required_tool_ids"": [14, 26, 33]}"
2026-09-04T17:28:14.761-04:00,apoorva,gesture,tts_started,lifecycle,r1_gear_rod,Row 1.2: assemble gear rod,ready,3,20,,,,3.408814,,,,,,,,,,,,,,,,Row 3 gear rod,,,,,"{""acquired_tool_ids"": [], ""acquisition_complete"": false, ""completed_steps"": [""r2_bearing_right"", ""r2_bearing_left""], ""head_rotation_deg"": null, ""head_translation_m"": null, ""left_hand_translation_m"": null, ""removed_tool_ids"": [20, 21], ""right_hand_translation_m"": null, ""selected_step"": ""r1_gear_rod"", ""step_attempt"": 3, ""step_elapsed_s"": 3.4088229089975357, ""step_event_index"": 20, ""total_hand_translation_m"": null, ""trial_finished_elapsed_s"": null, ""trial_recording"": true, ""trial_required_tool_ids"": [14, 26, 33]}"
2026-09-04T17:28:14.894-04:00,apoorva,gesture,hover,hover,r1_gear_rod,Row 1.2: assemble gear rod,ready,3,21,15,GEAR_ROD_ROW2,,,,,,,,,,,,,,,,,,,,,,,"{""acquired_tool_ids"": [], ""acquisition_complete"": false, ""completed_steps"": [""r2_bearing_right"", ""r2_bearing_left""], ""head_rotation_deg"": null, ""head_translation_m"": null, ""left_hand_translation_m"": null, ""removed_tool_ids"": [20, 21], ""right_hand_translation_m"": null, ""selected_step"": ""r1_gear_rod"", ""step_attempt"": 3, ""step_elapsed_s"": 3.541667003999464, ""step_event_index"": 21, ""total_hand_translation_m"": null, ""trial_finished_elapsed_s"": null, ""trial_recording"": true, ""trial_required_tool_ids"": [14, 26, 33]}"
2026-09-04T17:28:14.953-04:00,apoorva,gesture,tts_queued,lifecycle,r1_gear_rod,Row 1.2: assemble gear rod,ready,3,22,,,,3.600216,,,,,,,,,,,,,,,,Row 2 gear rod,,,replace_hover,,"{""acquired_tool_ids"": [], ""acquisition_complete"": false, ""completed_steps"": [""r2_bearing_right"", ""r2_bearing_left""], ""head_rotation_deg"": null, ""head_translation_m"": null, ""left_hand_translation_m"": null, ""removed_tool_ids"": [20, 21], ""right_hand_translation_m"": null, ""selected_step"": ""r1_gear_rod"", ""step_attempt"": 3, ""step_elapsed_s"": 3.6002285500289872, ""step_event_index"": 22, ""total_hand_translation_m"": null, ""trial_finished_elapsed_s"": null, ""trial_recording"": true, ""trial_required_tool_ids"": [14, 26, 33]}"
2026-09-04T17:28:15.030-04:00,apoorva,gesture,tts_finished,lifecycle,r1_gear_rod,Row 1.2: assemble gear rod,ready,3,23,,,,3.677130,,,,,,,,,,,,,,,,Row 3 gear rod,,,,,"{""acquired_tool_ids"": [], ""acquisition_complete"": false, ""completed_steps"": [""r2_bearing_right"", ""r2_bearing_left""], ""head_rotation_deg"": null, ""head_translation_m"": null, ""left_hand_translation_m"": null, ""removed_tool_ids"": [20, 21], ""right_hand_translation_m"": null, ""selected_step"": ""r1_gear_rod"", ""step_attempt"": 3, ""step_elapsed_s"": 3.677145357010886, ""step_event_index"": 23, ""total_hand_translation_m"": null, ""trial_finished_elapsed_s"": null, ""trial_recording"": true, ""trial_required_tool_ids"": [14, 26, 33]}"
2026-09-04T17:28:15.052-04:00,apoorva,gesture,tts_started,lifecycle,r1_gear_rod,Row 1.2: assemble gear rod,ready,3,24,,,,3.699163,,,,,,,,,,,,,,,,Row 2 gear rod,,,,,"{""acquired_tool_ids"": [], ""acquisition_complete"": false, ""completed_steps"": [""r2_bearing_right"", ""r2_bearing_left""], ""head_rotation_deg"": null, ""head_translation_m"": null, ""left_hand_translation_m"": null, ""removed_tool_ids"": [20, 21], ""right_hand_translation_m"": null, ""selected_step"": ""r1_gear_rod"", ""step_attempt"": 3, ""step_elapsed_s"": 3.699171197018586, ""step_event_index"": 24, ""total_hand_translation_m"": null, ""trial_finished_elapsed_s"": null, ""trial_recording"": true, ""trial_required_tool_ids"": [14, 26, 33]}"
2026-09-04T17:28:15.084-04:00,apoorva,gesture,hover,hover,r1_gear_rod,Row 1.2: assemble gear rod,ready,3,25,14,GEAR_ROD_ROW1,,,,,,,,,,,,,,,,,,,,,,,"{""acquired_tool_ids"": [], ""acquisition_complete"": false, ""completed_steps"": [""r2_bearing_right"", ""r2_bearing_left""], ""head_rotation_deg"": null, ""head_translation_m"": null, ""left_hand_translation_m"": null, ""removed_tool_ids"": [20, 21], ""right_hand_translation_m"": null, ""selected_step"": ""r1_gear_rod"", ""step_attempt"": 3, ""step_elapsed_s"": 3.7316363089485094, ""step_event_index"": 25, ""total_hand_translation_m"": null, ""trial_finished_elapsed_s"": null, ""trial_recording"": true, ""trial_required_tool_ids"": [14, 26, 33]}"
2026-09-04T17:28:15.108-04:00,apoorva,gesture,tts_queued,lifecycle,r1_gear_rod,Row 1.2: assemble gear rod,ready,3,26,,,,3.754831,,,,,,,,,,,,,,,,Row 1 gear rod,,,replace_hover,,"{""acquired_tool_ids"": [], ""acquisition_complete"": false, ""completed_steps"": [""r2_bearing_right"", ""r2_bearing_left""], ""head_rotation_deg"": null, ""head_translation_m"": null, ""left_hand_translation_m"": null, ""removed_tool_ids"": [20, 21], ""right_hand_translation_m"": null, ""selected_step"": ""r1_gear_rod"", ""step_attempt"": 3, ""step_elapsed_s"": 3.754841272952035, ""step_event_index"": 26, ""total_hand_translation_m"": null, ""trial_finished_elapsed_s"": null, ""trial_recording"": true, ""trial_required_tool_ids"": [14, 26, 33]}"
2026-09-04T17:28:15.152-04:00,apoorva,gesture,tts_finished,lifecycle,r1_gear_rod,Row 1.2: assemble gear rod,ready,3,27,,,,3.799533,,,,,,,,,,,,,,,,Row 2 gear rod,,,,,"{""acquired_tool_ids"": [], ""acquisition_complete"": false, ""completed_steps"": [""r2_bearing_right"", ""r2_bearing_left""], ""head_rotation_deg"": null, ""head_translation_m"": null, ""left_hand_translation_m"": null, ""removed_tool_ids"": [20, 21], ""right_hand_translation_m"": null, ""selected_step"": ""r1_gear_rod"", ""step_attempt"": 3, ""step_elapsed_s"": 3.7995427410351112, ""step_event_index"": 27, ""total_hand_translation_m"": null, ""trial_finished_elapsed_s"": null, ""trial_recording"": true, ""trial_required_tool_ids"": [14, 26, 33]}"
2026-09-04T17:28:15.180-04:00,apoorva,gesture,tts_started,lifecycle,r1_gear_rod,Row 1.2: assemble gear rod,ready,3,28,,,,3.827138,,,,,,,,,,,,,,,,Row 1 gear rod,,,,,"{""acquired_tool_ids"": [], ""acquisition_complete"": false, ""completed_steps"": [""r2_bearing_right"", ""r2_bearing_left""], ""head_rotation_deg"": null, ""head_translation_m"": null, ""left_hand_translation_m"": null, ""removed_tool_ids"": [20, 21], ""right_hand_translation_m"": null, ""selected_step"": ""r1_gear_rod"", ""step_attempt"": 3, ""step_elapsed_s"": 3.827154219034128, ""step_event_index"": 28, ""total_hand_translation_m"": null, ""trial_finished_elapsed_s"": null, ""trial_recording"": true, ""trial_required_tool_ids"": [14, 26, 33]}"
2026-09-04T17:28:16.240-04:00,apoorva,gesture,hover,hover,r1_gear_rod,Row 1.2: assemble gear rod,ready,3,29,14,GEAR_ROD_ROW1,,,,,,,,,,,,,,,,,,,,,,,"{""acquired_tool_ids"": [], ""acquisition_complete"": false, ""completed_steps"": [""r2_bearing_right"", ""r2_bearing_left""], ""head_rotation_deg"": null, ""head_translation_m"": null, ""left_hand_translation_m"": null, ""removed_tool_ids"": [20, 21], ""right_hand_translation_m"": null, ""selected_step"": ""r1_gear_rod"", ""step_attempt"": 3, ""step_elapsed_s"": 4.887643944006413, ""step_event_index"": 29, ""total_hand_translation_m"": null, ""trial_finished_elapsed_s"": null, ""trial_recording"": true, ""trial_required_tool_ids"": [14, 26, 33]}"
2026-09-04T17:28:16.282-04:00,apoorva,gesture,tts_queued,lifecycle,r1_gear_rod,Row 1.2: assemble gear rod,ready,3,30,,,,4.929412,,,,,,,,,,,,,,,,Row 1 gear rod,,,replace_hover,,"{""acquired_tool_ids"": [], ""acquisition_complete"": false, ""completed_steps"": [""r2_bearing_right"", ""r2_bearing_left""], ""head_rotation_deg"": null, ""head_translation_m"": null, ""left_hand_translation_m"": null, ""removed_tool_ids"": [20, 21], ""right_hand_translation_m"": null, ""selected_step"": ""r1_gear_rod"", ""step_attempt"": 3, ""step_elapsed_s"": 4.9294222759781405, ""step_event_index"": 30, ""total_hand_translation_m"": null, ""trial_finished_elapsed_s"": null, ""trial_recording"": true, ""trial_required_tool_ids"": [14, 26, 33]}"
2026-09-04T17:28:16.332-04:00,apoorva,gesture,tts_finished,lifecycle,r1_gear_rod,Row 1.2: assemble gear rod,ready,3,31,,,,4.979142,,,,,,,,,,,,,,,,Row 1 gear rod,,,,,"{""acquired_tool_ids"": [], ""acquisition_complete"": false, ""completed_steps"": [""r2_bearing_right"", ""r2_bearing_left""], ""head_rotation_deg"": null, ""head_translation_m"": null, ""left_hand_translation_m"": null, ""removed_tool_ids"": [20, 21], ""right_hand_translation_m"": null, ""selected_step"": ""r1_gear_rod"", ""step_attempt"": 3, ""step_elapsed_s"": 4.979151887935586, ""step_event_index"": 31, ""total_hand_translation_m"": null, ""trial_finished_elapsed_s"": null, ""trial_recording"": true, ""trial_required_tool_ids"": [14, 26, 33]}"
2026-09-04T17:28:16.351-04:00,apoorva,gesture,tts_started,lifecycle,r1_gear_rod,Row 1.2: assemble gear rod,ready,3,32,,,,4.998182,,,,,,,,,,,,,,,,Row 1 gear rod,,,,,"{""acquired_tool_ids"": [], ""acquisition_complete"": false, ""completed_steps"": [""r2_bearing_right"", ""r2_bearing_left""], ""head_rotation_deg"": null, ""head_translation_m"": null, ""left_hand_translation_m"": null, ""removed_tool_ids"": [20, 21], ""right_hand_translation_m"": null, ""selected_step"": ""r1_gear_rod"", ""step_attempt"": 3, ""step_elapsed_s"": 4.998191960039549, ""step_event_index"": 32, ""total_hand_translation_m"": null, ""trial_finished_elapsed_s"": null, ""trial_recording"": true, ""trial_required_tool_ids"": [14, 26, 33]}"
2026-09-04T17:28:16.947-04:00,apoorva,gesture,part_selection,click,r1_gear_rod,Row 1.2: assemble gear rod,ready,3,33,14,GEAR_ROD_ROW1,5.594591,5.594591,,,,,,,,,,,,,,,1,,,,,,"{""acquired_tool_ids"": [14], ""acquisition_complete"": false, ""completed_steps"": [""r2_bearing_right"", ""r2_bearing_left""], ""head_rotation_deg"": null, ""head_translation_m"": null, ""left_hand_translation_m"": null, ""removed_tool_ids"": [20, 21], ""right_hand_translation_m"": null, ""selected_step"": ""r1_gear_rod"", ""step_attempt"": 3, ""step_elapsed_s"": 5.594680187990889, ""step_event_index"": 33, ""total_hand_translation_m"": null, ""trial_finished_elapsed_s"": null, ""trial_recording"": true, ""trial_required_tool_ids"": [14, 26, 33]}"
2026-09-04T17:28:16.997-04:00,apoorva,gesture,object_acquired,click,r1_gear_rod,Row 1.2: assemble gear rod,ready,3,34,14,GEAR_ROD_ROW1,5.594591,5.594591,,,,,,,,,,,,,,,1,,,,,,"{""acquired_tool_ids"": [14], ""acquisition_complete"": false, ""completed_steps"": [""r2_bearing_right"", ""r2_bearing_left""], ""head_rotation_deg"": null, ""head_translation_m"": null, ""left_hand_translation_m"": null, ""removed_tool_ids"": [20, 21], ""right_hand_translation_m"": null, ""selected_step"": ""r1_gear_rod"", ""step_attempt"": 3, ""step_elapsed_s"": 5.644071321003139, ""step_event_index"": 34, ""total_hand_translation_m"": null, ""trial_finished_elapsed_s"": null, ""trial_recording"": true, ""trial_required_tool_ids"": [14, 26, 33]}"
2026-09-04T17:28:17.020-04:00,apoorva,gesture,tts_queued,lifecycle,r1_gear_rod,Row 1.2: assemble gear rod,ready,3,35,,,,5.667574,,,,,,,,,,,,,,,,2 parts left.,,,replace,,"{""acquired_tool_ids"": [14], ""acquisition_complete"": false, ""completed_steps"": [""r2_bearing_right"", ""r2_bearing_left""], ""head_rotation_deg"": null, ""head_translation_m"": null, ""left_hand_translation_m"": null, ""removed_tool_ids"": [20, 21], ""right_hand_translation_m"": null, ""selected_step"": ""r1_gear_rod"", ""step_attempt"": 3, ""step_elapsed_s"": 5.6675930839264765, ""step_event_index"": 35, ""total_hand_translation_m"": null, ""trial_finished_elapsed_s"": null, ""trial_recording"": true, ""trial_required_tool_ids"": [14, 26, 33]}"
2026-09-04T17:28:17.040-04:00,apoorva,gesture,tts_finished,lifecycle,r1_gear_rod,Row 1.2: assemble gear rod,ready,3,36,,,,5.687569,,,,,,,,,,,,,,,,Row 1 gear rod,,,,,"{""acquired_tool_ids"": [14], ""acquisition_complete"": false, ""completed_steps"": [""r2_bearing_right"", ""r2_bearing_left""], ""head_rotation_deg"": null, ""head_translation_m"": null, ""left_hand_translation_m"": null, ""removed_tool_ids"": [20, 21], ""right_hand_translation_m"": null, ""selected_step"": ""r1_gear_rod"", ""step_attempt"": 3, ""step_elapsed_s"": 5.687578284996562, ""step_event_index"": 36, ""total_hand_translation_m"": null, ""trial_finished_elapsed_s"": null, ""trial_recording"": true, ""trial_required_tool_ids"": [14, 26, 33]}"
2026-09-04T17:28:17.062-04:00,apoorva,gesture,tts_started,lifecycle,r1_gear_rod,Row 1.2: assemble gear rod,ready,3,37,,,,5.709097,,,,,,,,,,,,,,,,2 parts left.,,,,,"{""acquired_tool_ids"": [14], ""acquisition_complete"": false, ""completed_steps"": [""r2_bearing_right"", ""r2_bearing_left""], ""head_rotation_deg"": null, ""head_translation_m"": null, ""left_hand_translation_m"": null, ""removed_tool_ids"": [20, 21], ""right_hand_translation_m"": null, ""selected_step"": ""r1_gear_rod"", ""step_attempt"": 3, ""step_elapsed_s"": 5.709106651018374, ""step_event_index"": 37, ""total_hand_translation_m"": null, ""trial_finished_elapsed_s"": null, ""trial_recording"": true, ""trial_required_tool_ids"": [14, 26, 33]}"
2026-09-04T17:28:18.136-04:00,apoorva,gesture,tts_finished,lifecycle,r1_gear_rod,Row 1.2: assemble gear rod,ready,3,38,,,,6.783284,,,,,,,,,,,,,,,,2 parts left.,,,,,"{""acquired_tool_ids"": [14], ""acquisition_complete"": false, ""completed_steps"": [""r2_bearing_right"", ""r2_bearing_left""], ""head_rotation_deg"": null, ""head_translation_m"": null, ""left_hand_translation_m"": null, ""removed_tool_ids"": [20, 21], ""right_hand_translation_m"": null, ""selected_step"": ""r1_gear_rod"", ""step_attempt"": 3, ""step_elapsed_s"": 6.783294057939202, ""step_event_index"": 38, ""total_hand_translation_m"": null, ""trial_finished_elapsed_s"": null, ""trial_recording"": true, ""trial_required_tool_ids"": [14, 26, 33]}"
2026-09-04T17:28:18.286-04:00,apoorva,gesture,hover,hover,r1_gear_rod,Row 1.2: assemble gear rod,ready,3,39,15,GEAR_ROD_ROW2,,,,,,,,,,,,,,,,,,,,,,,"{""acquired_tool_ids"": [14], ""acquisition_complete"": false, ""completed_steps"": [""r2_bearing_right"", ""r2_bearing_left""], ""head_rotation_deg"": null, ""head_translation_m"": null, ""left_hand_translation_m"": null, ""removed_tool_ids"": [20, 21], ""right_hand_translation_m"": null, ""selected_step"": ""r1_gear_rod"", ""step_attempt"": 3, ""step_elapsed_s"": 6.932941201026551, ""step_event_index"": 39, ""total_hand_translation_m"": null, ""trial_finished_elapsed_s"": null, ""trial_recording"": true, ""trial_required_tool_ids"": [14, 26, 33]}"
2026-09-04T17:28:18.348-04:00,apoorva,gesture,tts_queued,lifecycle,r1_gear_rod,Row 1.2: assemble gear rod,ready,3,40,,,,6.995017,,,,,,,,,,,,,,,,Row 2 gear rod,,,replace_hover,,"{""acquired_tool_ids"": [14], ""acquisition_complete"": false, ""completed_steps"": [""r2_bearing_right"", ""r2_bearing_left""], ""head_rotation_deg"": null, ""head_translation_m"": null, ""left_hand_translation_m"": null, ""removed_tool_ids"": [20, 21], ""right_hand_translation_m"": null, ""selected_step"": ""r1_gear_rod"", ""step_attempt"": 3, ""step_elapsed_s"": 6.995029869955033, ""step_event_index"": 40, ""total_hand_translation_m"": null, ""trial_finished_elapsed_s"": null, ""trial_recording"": true, ""trial_required_tool_ids"": [14, 26, 33]}"
2026-09-04T17:28:18.400-04:00,apoorva,gesture,tts_started,lifecycle,r1_gear_rod,Row 1.2: assemble gear rod,ready,3,41,,,,7.047629,,,,,,,,,,,,,,,,Row 2 gear rod,,,,,"{""acquired_tool_ids"": [14], ""acquisition_complete"": false, ""completed_steps"": [""r2_bearing_right"", ""r2_bearing_left""], ""head_rotation_deg"": null, ""head_translation_m"": null, ""left_hand_translation_m"": null, ""removed_tool_ids"": [20, 21], ""right_hand_translation_m"": null, ""selected_step"": ""r1_gear_rod"", ""step_attempt"": 3, ""step_elapsed_s"": 7.047637142939493, ""step_event_index"": 41, ""total_hand_translation_m"": null, ""trial_finished_elapsed_s"": null, ""trial_recording"": true, ""trial_required_tool_ids"": [14, 26, 33]}"
2026-09-04T17:28:18.449-04:00,apoorva,gesture,hover,hover,r1_gear_rod,Row 1.2: assemble gear rod,ready,3,42,16,GEAR_ROD_ROW3,,,,,,,,,,,,,,,,,,,,,,,"{""acquired_tool_ids"": [14], ""acquisition_complete"": false, ""completed_steps"": [""r2_bearing_right"", ""r2_bearing_left""], ""head_rotation_deg"": null, ""head_translation_m"": null, ""left_hand_translation_m"": null, ""removed_tool_ids"": [20, 21], ""right_hand_translation_m"": null, ""selected_step"": ""r1_gear_rod"", ""step_attempt"": 3, ""step_elapsed_s"": 7.096061171032488, ""step_event_index"": 42, ""total_hand_translation_m"": null, ""trial_finished_elapsed_s"": null, ""trial_recording"": true, ""trial_required_tool_ids"": [14, 26, 33]}"
2026-09-04T17:28:18.461-04:00,apoorva,gesture,tts_queued,lifecycle,r1_gear_rod,Row 1.2: assemble gear rod,ready,3,43,,,,7.108793,,,,,,,,,,,,,,,,Row 3 gear rod,,,replace_hover,,"{""acquired_tool_ids"": [14], ""acquisition_complete"": false, ""completed_steps"": [""r2_bearing_right"", ""r2_bearing_left""], ""head_rotation_deg"": null, ""head_translation_m"": null, ""left_hand_translation_m"": null, ""removed_tool_ids"": [20, 21], ""right_hand_translation_m"": null, ""selected_step"": ""r1_gear_rod"", ""step_attempt"": 3, ""step_elapsed_s"": 7.108801451977342, ""step_event_index"": 43, ""total_hand_translation_m"": null, ""trial_finished_elapsed_s"": null, ""trial_recording"": true, ""trial_required_tool_ids"": [14, 26, 33]}"
2026-09-04T17:28:18.745-04:00,apoorva,gesture,hover,hover,r1_gear_rod,Row 1.2: assemble gear rod,ready,3,44,17,GEAR_ROD_ROW4,,,,,,,,,,,,,,,,,,,,,,,"{""acquired_tool_ids"": [14], ""acquisition_complete"": false, ""completed_steps"": [""r2_bearing_right"", ""r2_bearing_left""], ""head_rotation_deg"": null, ""head_translation_m"": null, ""left_hand_translation_m"": null, ""removed_tool_ids"": [20, 21], ""right_hand_translation_m"": null, ""selected_step"": ""r1_gear_rod"", ""step_attempt"": 3, ""step_elapsed_s"": 7.392124661942944, ""step_event_index"": 44, ""total_hand_translation_m"": null, ""trial_finished_elapsed_s"": null, ""trial_recording"": true, ""trial_required_tool_ids"": [14, 26, 33]}"
2026-09-04T17:28:18.772-04:00,apoorva,gesture,tts_queued,lifecycle,r1_gear_rod,Row 1.2: assemble gear rod,ready,3,45,,,,7.419332,,,,,,,,,,,,,,,,Row 4 gear rod,,,replace_hover,,"{""acquired_tool_ids"": [14], ""acquisition_complete"": false, ""completed_steps"": [""r2_bearing_right"", ""r2_bearing_left""], ""head_rotation_deg"": null, ""head_translation_m"": null, ""left_hand_translation_m"": null, ""removed_tool_ids"": [20, 21], ""right_hand_translation_m"": null, ""selected_step"": ""r1_gear_rod"", ""step_attempt"": 3, ""step_elapsed_s"": 7.419348913943395, ""step_event_index"": 45, ""total_hand_translation_m"": null, ""trial_finished_elapsed_s"": null, ""trial_recording"": true, ""trial_required_tool_ids"": [14, 26, 33]}"
2026-09-04T17:28:18.801-04:00,apoorva,gesture,tts_finished,lifecycle,r1_gear_rod,Row 1.2: assemble gear rod,ready,3,46,,,,7.448686,,,,,,,,,,,,,,,,Row 2 gear rod,,,,,"{""acquired_tool_ids"": [14], ""acquisition_complete"": false, ""completed_steps"": [""r2_bearing_right"", ""r2_bearing_left""], ""head_rotation_deg"": null, ""head_translation_m"": null, ""left_hand_translation_m"": null, ""removed_tool_ids"": [20, 21], ""right_hand_translation_m"": null, ""selected_step"": ""r1_gear_rod"", ""step_attempt"": 3, ""step_elapsed_s"": 7.4487033690093085, ""step_event_index"": 46, ""total_hand_translation_m"": null, ""trial_finished_elapsed_s"": null, ""trial_recording"": true, ""trial_required_tool_ids"": [14, 26, 33]}"
2026-09-04T17:28:18.828-04:00,apoorva,gesture,tts_started,lifecycle,r1_gear_rod,Row 1.2: assemble gear rod,ready,3,47,,,,7.475021,,,,,,,,,,,,,,,,Row 4 gear rod,,,,,"{""acquired_tool_ids"": [14], ""acquisition_complete"": false, ""completed_steps"": [""r2_bearing_right"", ""r2_bearing_left""], ""head_rotation_deg"": null, ""head_translation_m"": null, ""left_hand_translation_m"": null, ""removed_tool_ids"": [20, 21], ""right_hand_translation_m"": null, ""selected_step"": ""r1_gear_rod"", ""step_attempt"": 3, ""step_elapsed_s"": 7.47503503295593, ""step_event_index"": 47, ""total_hand_translation_m"": null, ""trial_finished_elapsed_s"": null, ""trial_recording"": true, ""trial_required_tool_ids"": [14, 26, 33]}"
2026-09-04T17:28:19.776-04:00,apoorva,gesture,hover,hover,r1_gear_rod,Row 1.2: assemble gear rod,ready,3,48,29,GEAR_ROW3_LEFT,,,,,,,,,,,,,,,,,,,,,,,"{""acquired_tool_ids"": [14], ""acquisition_complete"": false, ""completed_steps"": [""r2_bearing_right"", ""r2_bearing_left""], ""head_rotation_deg"": null, ""head_translation_m"": null, ""left_hand_translation_m"": null, ""removed_tool_ids"": [20, 21], ""right_hand_translation_m"": null, ""selected_step"": ""r1_gear_rod"", ""step_attempt"": 3, ""step_elapsed_s"": 8.423565872944891, ""step_event_index"": 48, ""total_hand_translation_m"": null, ""trial_finished_elapsed_s"": null, ""trial_recording"": true, ""trial_required_tool_ids"": [14, 26, 33]}"
2026-09-04T17:28:19.824-04:00,apoorva,gesture,tts_queued,lifecycle,r1_gear_rod,Row 1.2: assemble gear rod,ready,3,49,,,,8.471305,,,,,,,,,,,,,,,,Row 3 left gear,,,replace_hover,,"{""acquired_tool_ids"": [14], ""acquisition_complete"": false, ""completed_steps"": [""r2_bearing_right"", ""r2_bearing_left""], ""head_rotation_deg"": null, ""head_translation_m"": null, ""left_hand_translation_m"": null, ""removed_tool_ids"": [20, 21], ""right_hand_translation_m"": null, ""selected_step"": ""r1_gear_rod"", ""step_attempt"": 3, ""step_elapsed_s"": 8.471316538983956, ""step_event_index"": 49, ""total_hand_translation_m"": null, ""trial_finished_elapsed_s"": null, ""trial_recording"": true, ""trial_required_tool_ids"": [14, 26, 33]}"
2026-09-04T17:28:19.868-04:00,apoorva,gesture,hover,hover,r1_gear_rod,Row 1.2: assemble gear rod,ready,3,50,30,GEAR_ROW3_RIGHT,,,,,,,,,,,,,,,,,,,,,,,"{""acquired_tool_ids"": [14], ""acquisition_complete"": false, ""completed_steps"": [""r2_bearing_right"", ""r2_bearing_left""], ""head_rotation_deg"": null, ""head_translation_m"": null, ""left_hand_translation_m"": null, ""removed_tool_ids"": [20, 21], ""right_hand_translation_m"": null, ""selected_step"": ""r1_gear_rod"", ""step_attempt"": 3, ""step_elapsed_s"": 8.515006336965598, ""step_event_index"": 50, ""total_hand_translation_m"": null, ""trial_finished_elapsed_s"": null, ""trial_recording"": true, ""trial_required_tool_ids"": [14, 26, 33]}"
2026-09-04T17:28:19.890-04:00,apoorva,gesture,tts_queued,lifecycle,r1_gear_rod,Row 1.2: assemble gear rod,ready,3,51,,,,8.537019,,,,,,,,,,,,,,,,Row 3 right gear,,,replace_hover,,"{""acquired_tool_ids"": [14], ""acquisition_complete"": false, ""completed_steps"": [""r2_bearing_right"", ""r2_bearing_left""], ""head_rotation_deg"": null, ""head_translation_m"": null, ""left_hand_translation_m"": null, ""removed_tool_ids"": [20, 21], ""right_hand_translation_m"": null, ""selected_step"": ""r1_gear_rod"", ""step_attempt"": 3, ""step_elapsed_s"": 8.537033110973425, ""step_event_index"": 51, ""total_hand_translation_m"": null, ""trial_finished_elapsed_s"": null, ""trial_recording"": true, ""trial_required_tool_ids"": [14, 26, 33]}"
2026-09-04T17:28:19.917-04:00,apoorva,gesture,hover,hover,r1_gear_rod,Row 1.2: assemble gear rod,ready,3,52,27,GEAR_ROW2_LEFT,,,,,,,,,,,,,,,,,,,,,,,"{""acquired_tool_ids"": [14], ""acquisition_complete"": false, ""completed_steps"": [""r2_bearing_right"", ""r2_bearing_left""], ""head_rotation_deg"": null, ""head_translation_m"": null, ""left_hand_translation_m"": null, ""removed_tool_ids"": [20, 21], ""right_hand_translation_m"": null, ""selected_step"": ""r1_gear_rod"", ""step_attempt"": 3, ""step_elapsed_s"": 8.564750759978779, ""step_event_index"": 52, ""total_hand_translation_m"": null, ""trial_finished_elapsed_s"": null, ""trial_recording"": true, ""trial_required_tool_ids"": [14, 26, 33]}"
2026-09-04T17:28:19.932-04:00,apoorva,gesture,tts_queued,lifecycle,r1_gear_rod,Row 1.2: assemble gear rod,ready,3,53,,,,8.579045,,,,,,,,,,,,,,,,Row 2 left gear,,,replace_hover,,"{""acquired_tool_ids"": [14], ""acquisition_complete"": false, ""completed_steps"": [""r2_bearing_right"", ""r2_bearing_left""], ""head_rotation_deg"": null, ""head_translation_m"": null, ""left_hand_translation_m"": null, ""removed_tool_ids"": [20, 21], ""right_hand_translation_m"": null, ""selected_step"": ""r1_gear_rod"", ""step_attempt"": 3, ""step_elapsed_s"": 8.579054197994992, ""step_event_index"": 53, ""total_hand_translation_m"": null, ""trial_finished_elapsed_s"": null, ""trial_recording"": true, ""trial_required_tool_ids"": [14, 26, 33]}"
2026-09-04T17:28:20.051-04:00,apoorva,gesture,tts_finished,lifecycle,r1_gear_rod,Row 1.2: assemble gear rod,ready,3,54,,,,8.698140,,,,,,,,,,,,,,,,Row 4 gear rod,,,,,"{""acquired_tool_ids"": [14], ""acquisition_complete"": false, ""completed_steps"": [""r2_bearing_right"", ""r2_bearing_left""], ""head_rotation_deg"": null, ""head_translation_m"": null, ""left_hand_translation_m"": null, ""removed_tool_ids"": [20, 21], ""right_hand_translation_m"": null, ""selected_step"": ""r1_gear_rod"", ""step_attempt"": 3, ""step_elapsed_s"": 8.698155432008207, ""step_event_index"": 54, ""total_hand_translation_m"": null, ""trial_finished_elapsed_s"": null, ""trial_recording"": true, ""trial_required_tool_ids"": [14, 26, 33]}"
2026-09-04T17:28:20.128-04:00,apoorva,gesture,tts_started,lifecycle,r1_gear_rod,Row 1.2: assemble gear rod,ready,3,55,,,,8.775506,,,,,,,,,,,,,,,,Row 3 left gear,,,,,"{""acquired_tool_ids"": [14], ""acquisition_complete"": false, ""completed_steps"": [""r2_bearing_right"", ""r2_bearing_left""], ""head_rotation_deg"": null, ""head_translation_m"": null, ""left_hand_translation_m"": null, ""removed_tool_ids"": [20, 21], ""right_hand_translation_m"": null, ""selected_step"": ""r1_gear_rod"", ""step_attempt"": 3, ""step_elapsed_s"": 8.775523636955768, ""step_event_index"": 55, ""total_hand_translation_m"": null, ""trial_finished_elapsed_s"": null, ""trial_recording"": true, ""trial_required_tool_ids"": [14, 26, 33]}"
2026-09-04T17:28:20.175-04:00,apoorva,gesture,tts_finished,lifecycle,r1_gear_rod,Row 1.2: assemble gear rod,ready,3,56,,,,8.821966,,,,,,,,,,,,,,,,Row 3 left gear,,,,,"{""acquired_tool_ids"": [14], ""acquisition_complete"": false, ""completed_steps"": [""r2_bearing_right"", ""r2_bearing_left""], ""head_rotation_deg"": null, ""head_translation_m"": null, ""left_hand_translation_m"": null, ""removed_tool_ids"": [20, 21], ""right_hand_translation_m"": null, ""selected_step"": ""r1_gear_rod"", ""step_attempt"": 3, ""step_elapsed_s"": 8.821980417938903, ""step_event_index"": 56, ""total_hand_translation_m"": null, ""trial_finished_elapsed_s"": null, ""trial_recording"": true, ""trial_required_tool_ids"": [14, 26, 33]}"
2026-09-04T17:28:20.200-04:00,apoorva,gesture,tts_started,lifecycle,r1_gear_rod,Row 1.2: assemble gear rod,ready,3,57,,,,8.847783,,,,,,,,,,,,,,,,Row 2 left gear,,,,,"{""acquired_tool_ids"": [14], ""acquisition_complete"": false, ""completed_steps"": [""r2_bearing_right"", ""r2_bearing_left""], ""head_rotation_deg"": null, ""head_translation_m"": null, ""left_hand_translation_m"": null, ""removed_tool_ids"": [20, 21], ""right_hand_translation_m"": null, ""selected_step"": ""r1_gear_rod"", ""step_attempt"": 3, ""step_elapsed_s"": 8.847794172004797, ""step_event_index"": 57, ""total_hand_translation_m"": null, ""trial_finished_elapsed_s"": null, ""trial_recording"": true, ""trial_required_tool_ids"": [14, 26, 33]}"
2026-09-04T17:28:20.253-04:00,apoorva,gesture,hover,hover,r1_gear_rod,Row 1.2: assemble gear rod,ready,3,58,30,GEAR_ROW3_RIGHT,,,,,,,,,,,,,,,,,,,,,,,"{""acquired_tool_ids"": [14], ""acquisition_complete"": false, ""completed_steps"": [""r2_bearing_right"", ""r2_bearing_left""], ""head_rotation_deg"": null, ""head_translation_m"": null, ""left_hand_translation_m"": null, ""removed_tool_ids"": [20, 21], ""right_hand_translation_m"": null, ""selected_step"": ""r1_gear_rod"", ""step_attempt"": 3, ""step_elapsed_s"": 8.900713340030052, ""step_event_index"": 58, ""total_hand_translation_m"": null, ""trial_finished_elapsed_s"": null, ""trial_recording"": true, ""trial_required_tool_ids"": [14, 26, 33]}"
2026-09-04T17:28:20.273-04:00,apoorva,gesture,tts_queued,lifecycle,r1_gear_rod,Row 1.2: assemble gear rod,ready,3,59,,,,8.920209,,,,,,,,,,,,,,,,Row 3 right gear,,,replace_hover,,"{""acquired_tool_ids"": [14], ""acquisition_complete"": false, ""completed_steps"": [""r2_bearing_right"", ""r2_bearing_left""], ""head_rotation_deg"": null, ""head_translation_m"": null, ""left_hand_translation_m"": null, ""removed_tool_ids"": [20, 21], ""right_hand_translation_m"": null, ""selected_step"": ""r1_gear_rod"", ""step_attempt"": 3, ""step_elapsed_s"": 8.920219179010019, ""step_event_index"": 59, ""total_hand_translation_m"": null, ""trial_finished_elapsed_s"": null, ""trial_recording"": true, ""trial_required_tool_ids"": [14, 26, 33]}"
2026-09-04T17:28:20.349-04:00,apoorva,gesture,hover,hover,r1_gear_rod,Row 1.2: assemble gear rod,ready,3,60,29,GEAR_ROW3_LEFT,,,,,,,,,,,,,,,,,,,,,,,"{""acquired_tool_ids"": [14], ""acquisition_complete"": false, ""completed_steps"": [""r2_bearing_right"", ""r2_bearing_left""], ""head_rotation_deg"": null, ""head_translation_m"": null, ""left_hand_translation_m"": null, ""removed_tool_ids"": [20, 21], ""right_hand_translation_m"": null, ""selected_step"": ""r1_gear_rod"", ""step_attempt"": 3, ""step_elapsed_s"": 8.996204040944576, ""step_event_index"": 60, ""total_hand_translation_m"": null, ""trial_finished_elapsed_s"": null, ""trial_recording"": true, ""trial_required_tool_ids"": [14, 26, 33]}"
2026-09-04T17:28:20.372-04:00,apoorva,gesture,tts_queued,lifecycle,r1_gear_rod,Row 1.2: assemble gear rod,ready,3,61,,,,9.019153,,,,,,,,,,,,,,,,Row 3 left gear,,,replace_hover,,"{""acquired_tool_ids"": [14], ""acquisition_complete"": false, ""completed_steps"": [""r2_bearing_right"", ""r2_bearing_left""], ""head_rotation_deg"": null, ""head_translation_m"": null, ""left_hand_translation_m"": null, ""removed_tool_ids"": [20, 21], ""right_hand_translation_m"": null, ""selected_step"": ""r1_gear_rod"", ""step_attempt"": 3, ""step_elapsed_s"": 9.019162980956025, ""step_event_index"": 61, ""total_hand_translation_m"": null, ""trial_finished_elapsed_s"": null, ""trial_recording"": true, ""trial_required_tool_ids"": [14, 26, 33]}"
2026-09-04T17:28:20.456-04:00,apoorva,gesture,tts_finished,lifecycle,r1_gear_rod,Row 1.2: assemble gear rod,ready,3,62,,,,9.103198,,,,,,,,,,,,,,,,Row 2 left gear,,,,,"{""acquired_tool_ids"": [14], ""acquisition_complete"": false, ""completed_steps"": [""r2_bearing_right"", ""r2_bearing_left""], ""head_rotation_deg"": null, ""head_translation_m"": null, ""left_hand_translation_m"": null, ""removed_tool_ids"": [20, 21], ""right_hand_translation_m"": null, ""selected_step"": ""r1_gear_rod"", ""step_attempt"": 3, ""step_elapsed_s"": 9.103209257940762, ""step_event_index"": 62, ""total_hand_translation_m"": null, ""trial_finished_elapsed_s"": null, ""trial_recording"": true, ""trial_required_tool_ids"": [14, 26, 33]}"
2026-09-04T17:28:20.514-04:00,apoorva,gesture,tts_started,lifecycle,r1_gear_rod,Row 1.2: assemble gear rod,ready,3,63,,,,9.161766,,,,,,,,,,,,,,,,Row 3 right gear,,,,,"{""acquired_tool_ids"": [14], ""acquisition_complete"": false, ""completed_steps"": [""r2_bearing_right"", ""r2_bearing_left""], ""head_rotation_deg"": null, ""head_translation_m"": null, ""left_hand_translation_m"": null, ""removed_tool_ids"": [20, 21], ""right_hand_translation_m"": null, ""selected_step"": ""r1_gear_rod"", ""step_attempt"": 3, ""step_elapsed_s"": 9.16178178600967, ""step_event_index"": 63, ""total_hand_translation_m"": null, ""trial_finished_elapsed_s"": null, ""trial_recording"": true, ""trial_required_tool_ids"": [14, 26, 33]}"
2026-09-04T17:28:20.532-04:00,apoorva,gesture,tts_finished,lifecycle,r1_gear_rod,Row 1.2: assemble gear rod,ready,3,64,,,,9.179167,,,,,,,,,,,,,,,,Row 3 right gear,,,,,"{""acquired_tool_ids"": [14], ""acquisition_complete"": false, ""completed_steps"": [""r2_bearing_right"", ""r2_bearing_left""], ""head_rotation_deg"": null, ""head_translation_m"": null, ""left_hand_translation_m"": null, ""removed_tool_ids"": [20, 21], ""right_hand_translation_m"": null, ""selected_step"": ""r1_gear_rod"", ""step_attempt"": 3, ""step_elapsed_s"": 9.179173597949557, ""step_event_index"": 64, ""total_hand_translation_m"": null, ""trial_finished_elapsed_s"": null, ""trial_recording"": true, ""trial_required_tool_ids"": [14, 26, 33]}"
2026-09-04T17:28:20.557-04:00,apoorva,gesture,tts_started,lifecycle,r1_gear_rod,Row 1.2: assemble gear rod,ready,3,65,,,,9.204364,,,,,,,,,,,,,,,,Row 3 left gear,,,,,"{""acquired_tool_ids"": [14], ""acquisition_complete"": false, ""completed_steps"": [""r2_bearing_right"", ""r2_bearing_left""], ""head_rotation_deg"": null, ""head_translation_m"": null, ""left_hand_translation_m"": null, ""removed_tool_ids"": [20, 21], ""right_hand_translation_m"": null, ""selected_step"": ""r1_gear_rod"", ""step_attempt"": 3, ""step_elapsed_s"": 9.204371736035682, ""step_event_index"": 65, ""total_hand_translation_m"": null, ""trial_finished_elapsed_s"": null, ""trial_recording"": true, ""trial_required_tool_ids"": [14, 26, 33]}"
2026-09-04T17:28:21.846-04:00,apoorva,gesture,hover,hover,r1_gear_rod,Row 1.2: assemble gear rod,ready,3,66,29,GEAR_ROW3_LEFT,,,,,,,,,,,,,,,,,,,,,,,"{""acquired_tool_ids"": [14], ""acquisition_complete"": false, ""completed_steps"": [""r2_bearing_right"", ""r2_bearing_left""], ""head_rotation_deg"": null, ""head_translation_m"": null, ""left_hand_translation_m"": null, ""removed_tool_ids"": [20, 21], ""right_hand_translation_m"": null, ""selected_step"": ""r1_gear_rod"", ""step_attempt"": 3, ""step_elapsed_s"": 10.493392484029755, ""step_event_index"": 66, ""total_hand_translation_m"": null, ""trial_finished_elapsed_s"": null, ""trial_recording"": true, ""trial_required_tool_ids"": [14, 26, 33]}"
2026-09-04T17:28:21.880-04:00,apoorva,gesture,tts_queued,lifecycle,r1_gear_rod,Row 1.2: assemble gear rod,ready,3,67,,,,10.526964,,,,,,,,,,,,,,,,Row 3 left gear,,,replace_hover,,"{""acquired_tool_ids"": [14], ""acquisition_complete"": false, ""completed_steps"": [""r2_bearing_right"", ""r2_bearing_left""], ""head_rotation_deg"": null, ""head_translation_m"": null, ""left_hand_translation_m"": null, ""removed_tool_ids"": [20, 21], ""right_hand_translation_m"": null, ""selected_step"": ""r1_gear_rod"", ""step_attempt"": 3, ""step_elapsed_s"": 10.526974241947755, ""step_event_index"": 67, ""total_hand_translation_m"": null, ""trial_finished_elapsed_s"": null, ""trial_recording"": true, ""trial_required_tool_ids"": [14, 26, 33]}"
2026-09-04T17:28:21.960-04:00,apoorva,gesture,tts_finished,lifecycle,r1_gear_rod,Row 1.2: assemble gear rod,ready,3,68,,,,10.607799,,,,,,,,,,,,,,,,Row 3 left gear,,,,,"{""acquired_tool_ids"": [14], ""acquisition_complete"": false, ""completed_steps"": [""r2_bearing_right"", ""r2_bearing_left""], ""head_rotation_deg"": null, ""head_translation_m"": null, ""left_hand_translation_m"": null, ""removed_tool_ids"": [20, 21], ""right_hand_translation_m"": null, ""selected_step"": ""r1_gear_rod"", ""step_attempt"": 3, ""step_elapsed_s"": 10.607812606031075, ""step_event_index"": 68, ""total_hand_translation_m"": null, ""trial_finished_elapsed_s"": null, ""trial_recording"": true, ""trial_required_tool_ids"": [14, 26, 33]}"
2026-09-04T17:28:21.983-04:00,apoorva,gesture,tts_started,lifecycle,r1_gear_rod,Row 1.2: assemble gear rod,ready,3,69,,,,10.630337,,,,,,,,,,,,,,,,Row 3 left gear,,,,,"{""acquired_tool_ids"": [14], ""acquisition_complete"": false, ""completed_steps"": [""r2_bearing_right"", ""r2_bearing_left""], ""head_rotation_deg"": null, ""head_translation_m"": null, ""left_hand_translation_m"": null, ""removed_tool_ids"": [20, 21], ""right_hand_translation_m"": null, ""selected_step"": ""r1_gear_rod"", ""step_attempt"": 3, ""step_elapsed_s"": 10.630346399033442, ""step_event_index"": 69, ""total_hand_translation_m"": null, ""trial_finished_elapsed_s"": null, ""trial_recording"": true, ""trial_required_tool_ids"": [14, 26, 33]}"
2026-09-04T17:28:22.078-04:00,apoorva,gesture,hover,hover,r1_gear_rod,Row 1.2: assemble gear rod,ready,3,70,31,GEAR_ROW4_LEFT,,,,,,,,,,,,,,,,,,,,,,,"{""acquired_tool_ids"": [14], ""acquisition_complete"": false, ""completed_steps"": [""r2_bearing_right"", ""r2_bearing_left""], ""head_rotation_deg"": null, ""head_translation_m"": null, ""left_hand_translation_m"": null, ""removed_tool_ids"": [20, 21], ""right_hand_translation_m"": null, ""selected_step"": ""r1_gear_rod"", ""step_attempt"": 3, ""step_elapsed_s"": 10.724986226996407, ""step_event_index"": 70, ""total_hand_translation_m"": null, ""trial_finished_elapsed_s"": null, ""trial_recording"": true, ""trial_required_tool_ids"": [14, 26, 33]}"
2026-09-04T17:28:22.090-04:00,apoorva,gesture,tts_queued,lifecycle,r1_gear_rod,Row 1.2: assemble gear rod,ready,3,71,,,,10.737743,,,,,,,,,,,,,,,,Row 4 left gear,,,replace_hover,,"{""acquired_tool_ids"": [14], ""acquisition_complete"": false, ""completed_steps"": [""r2_bearing_right"", ""r2_bearing_left""], ""head_rotation_deg"": null, ""head_translation_m"": null, ""left_hand_translation_m"": null, ""removed_tool_ids"": [20, 21], ""right_hand_translation_m"": null, ""selected_step"": ""r1_gear_rod"", ""step_attempt"": 3, ""step_elapsed_s"": 10.737750811967999, ""step_event_index"": 71, ""total_hand_translation_m"": null, ""trial_finished_elapsed_s"": null, ""trial_recording"": true, ""trial_required_tool_ids"": [14, 26, 33]}"
2026-09-04T17:28:22.141-04:00,apoorva,gesture,tts_finished,lifecycle,r1_gear_rod,Row 1.2: assemble gear rod,ready,3,72,,,,10.788335,,,,,,,,,,,,,,,,Row 3 left gear,,,,,"{""acquired_tool_ids"": [14], ""acquisition_complete"": false, ""completed_steps"": [""r2_bearing_right"", ""r2_bearing_left""], ""head_rotation_deg"": null, ""head_translation_m"": null, ""left_hand_translation_m"": null, ""removed_tool_ids"": [20, 21], ""right_hand_translation_m"": null, ""selected_step"": ""r1_gear_rod"", ""step_attempt"": 3, ""step_elapsed_s"": 10.788350772927515, ""step_event_index"": 72, ""total_hand_translation_m"": null, ""trial_finished_elapsed_s"": null, ""trial_recording"": true, ""trial_required_tool_ids"": [14, 26, 33]}"
2026-09-04T17:28:22.232-04:00,apoorva,gesture,tts_started,lifecycle,r1_gear_rod,Row 1.2: assemble gear rod,ready,3,73,,,,10.879736,,,,,,,,,,,,,,,,Row 4 left gear,,,,,"{""acquired_tool_ids"": [14], ""acquisition_complete"": false, ""completed_steps"": [""r2_bearing_right"", ""r2_bearing_left""], ""head_rotation_deg"": null, ""head_translation_m"": null, ""left_hand_translation_m"": null, ""removed_tool_ids"": [20, 21], ""right_hand_translation_m"": null, ""selected_step"": ""r1_gear_rod"", ""step_attempt"": 3, ""step_elapsed_s"": 10.879745270009153, ""step_event_index"": 73, ""total_hand_translation_m"": null, ""trial_finished_elapsed_s"": null, ""trial_recording"": true, ""trial_required_tool_ids"": [14, 26, 33]}"
2026-09-04T17:28:22.286-04:00,apoorva,gesture,hover,hover,r1_gear_rod,Row 1.2: assemble gear rod,ready,3,74,26,GEAR_ROW1_LEFT,,,,,,,,,,,,,,,,,,,,,,,"{""acquired_tool_ids"": [14], ""acquisition_complete"": false, ""completed_steps"": [""r2_bearing_right"", ""r2_bearing_left""], ""head_rotation_deg"": null, ""head_translation_m"": null, ""left_hand_translation_m"": null, ""removed_tool_ids"": [20, 21], ""right_hand_translation_m"": null, ""selected_step"": ""r1_gear_rod"", ""step_attempt"": 3, ""step_elapsed_s"": 10.933246440021321, ""step_event_index"": 74, ""total_hand_translation_m"": null, ""trial_finished_elapsed_s"": null, ""trial_recording"": true, ""trial_required_tool_ids"": [14, 26, 33]}"
2026-09-04T17:28:22.338-04:00,apoorva,gesture,tts_queued,lifecycle,r1_gear_rod,Row 1.2: assemble gear rod,ready,3,75,,,,10.985642,,,,,,,,,,,,,,,,Row 1 left gear,,,replace_hover,,"{""acquired_tool_ids"": [14], ""acquisition_complete"": false, ""completed_steps"": [""r2_bearing_right"", ""r2_bearing_left""], ""head_rotation_deg"": null, ""head_translation_m"": null, ""left_hand_translation_m"": null, ""removed_tool_ids"": [20, 21], ""right_hand_translation_m"": null, ""selected_step"": ""r1_gear_rod"", ""step_attempt"": 3, ""step_elapsed_s"": 10.985654609976336, ""step_event_index"": 75, ""total_hand_translation_m"": null, ""trial_finished_elapsed_s"": null, ""trial_recording"": true, ""trial_required_tool_ids"": [14, 26, 33]}"
2026-09-04T17:28:22.454-04:00,apoorva,gesture,tts_finished,lifecycle,r1_gear_rod,Row 1.2: assemble gear rod,ready,3,76,,,,11.101065,,,,,,,,,,,,,,,,Row 4 left gear,,,,,"{""acquired_tool_ids"": [14], ""acquisition_complete"": false, ""completed_steps"": [""r2_bearing_right"", ""r2_bearing_left""], ""head_rotation_deg"": null, ""head_translation_m"": null, ""left_hand_translation_m"": null, ""removed_tool_ids"": [20, 21], ""right_hand_translation_m"": null, ""selected_step"": ""r1_gear_rod"", ""step_attempt"": 3, ""step_elapsed_s"": 11.10107762098778, ""step_event_index"": 76, ""total_hand_translation_m"": null, ""trial_finished_elapsed_s"": null, ""trial_recording"": true, ""trial_required_tool_ids"": [14, 26, 33]}"
2026-09-04T17:28:22.498-04:00,apoorva,gesture,tts_started,lifecycle,r1_gear_rod,Row 1.2: assemble gear rod,ready,3,77,,,,11.145346,,,,,,,,,,,,,,,,Row 1 left gear,,,,,"{""acquired_tool_ids"": [14], ""acquisition_complete"": false, ""completed_steps"": [""r2_bearing_right"", ""r2_bearing_left""], ""head_rotation_deg"": null, ""head_translation_m"": null, ""left_hand_translation_m"": null, ""removed_tool_ids"": [20, 21], ""right_hand_translation_m"": null, ""selected_step"": ""r1_gear_rod"", ""step_attempt"": 3, ""step_elapsed_s"": 11.145354559994303, ""step_event_index"": 77, ""total_hand_translation_m"": null, ""trial_finished_elapsed_s"": null, ""trial_recording"": true, ""trial_required_tool_ids"": [14, 26, 33]}"
2026-09-04T17:28:23.655-04:00,apoorva,gesture,tts_finished,lifecycle,r1_gear_rod,Row 1.2: assemble gear rod,ready,3,78,,,,12.302465,,,,,,,,,,,,,,,,Row 1 left gear,,,,,"{""acquired_tool_ids"": [14], ""acquisition_complete"": false, ""completed_steps"": [""r2_bearing_right"", ""r2_bearing_left""], ""head_rotation_deg"": null, ""head_translation_m"": null, ""left_hand_translation_m"": null, ""removed_tool_ids"": [20, 21], ""right_hand_translation_m"": null, ""selected_step"": ""r1_gear_rod"", ""step_attempt"": 3, ""step_elapsed_s"": 12.302479384932667, ""step_event_index"": 78, ""total_hand_translation_m"": null, ""trial_finished_elapsed_s"": null, ""trial_recording"": true, ""trial_required_tool_ids"": [14, 26, 33]}"
2026-09-04T17:28:25.028-04:00,apoorva,gesture,hover,hover,r1_gear_rod,Row 1.2: assemble gear rod,ready,3,79,33,PINS,,,,,,,,,,,,,,,,,,,,,,,"{""acquired_tool_ids"": [14], ""acquisition_complete"": false, ""completed_steps"": [""r2_bearing_right"", ""r2_bearing_left""], ""head_rotation_deg"": null, ""head_translation_m"": null, ""left_hand_translation_m"": null, ""removed_tool_ids"": [20, 21], ""right_hand_translation_m"": null, ""selected_step"": ""r1_gear_rod"", ""step_attempt"": 3, ""step_elapsed_s"": 13.675420655985363, ""step_event_index"": 79, ""total_hand_translation_m"": null, ""trial_finished_elapsed_s"": null, ""trial_recording"": true, ""trial_required_tool_ids"": [14, 26, 33]}"
2026-09-04T17:28:25.050-04:00,apoorva,gesture,tts_queued,lifecycle,r1_gear_rod,Row 1.2: assemble gear rod,ready,3,80,,,,13.697264,,,,,,,,,,,,,,,,pin,,,replace_hover,,"{""acquired_tool_ids"": [14], ""acquisition_complete"": false, ""completed_steps"": [""r2_bearing_right"", ""r2_bearing_left""], ""head_rotation_deg"": null, ""head_translation_m"": null, ""left_hand_translation_m"": null, ""removed_tool_ids"": [20, 21], ""right_hand_translation_m"": null, ""selected_step"": ""r1_gear_rod"", ""step_attempt"": 3, ""step_elapsed_s"": 13.697282109991647, ""step_event_index"": 80, ""total_hand_translation_m"": null, ""trial_finished_elapsed_s"": null, ""trial_recording"": true, ""trial_required_tool_ids"": [14, 26, 33]}"
2026-09-04T17:28:25.100-04:00,apoorva,gesture,tts_started,lifecycle,r1_gear_rod,Row 1.2: assemble gear rod,ready,3,81,,,,13.747117,,,,,,,,,,,,,,,,pin,,,,,"{""acquired_tool_ids"": [14], ""acquisition_complete"": false, ""completed_steps"": [""r2_bearing_right"", ""r2_bearing_left""], ""head_rotation_deg"": null, ""head_translation_m"": null, ""left_hand_translation_m"": null, ""removed_tool_ids"": [20, 21], ""right_hand_translation_m"": null, ""selected_step"": ""r1_gear_rod"", ""step_attempt"": 3, ""step_elapsed_s"": 13.747130493982695, ""step_event_index"": 81, ""total_hand_translation_m"": null, ""trial_finished_elapsed_s"": null, ""trial_recording"": true, ""trial_required_tool_ids"": [14, 26, 33]}"
2026-09-04T17:28:25.723-04:00,apoorva,gesture,tts_finished,lifecycle,r1_gear_rod,Row 1.2: assemble gear rod,ready,3,82,,,,14.370567,,,,,,,,,,,,,,,,pin,,,,,"{""acquired_tool_ids"": [14], ""acquisition_complete"": false, ""completed_steps"": [""r2_bearing_right"", ""r2_bearing_left""], ""head_rotation_deg"": null, ""head_translation_m"": null, ""left_hand_translation_m"": null, ""removed_tool_ids"": [20, 21], ""right_hand_translation_m"": null, ""selected_step"": ""r1_gear_rod"", ""step_attempt"": 3, ""step_elapsed_s"": 14.370578023954295, ""step_event_index"": 82, ""total_hand_translation_m"": null, ""trial_finished_elapsed_s"": null, ""trial_recording"": true, ""trial_required_tool_ids"": [14, 26, 33]}"
2026-09-04T17:28:25.796-04:00,apoorva,gesture,hover,hover,r1_gear_rod,Row 1.2: assemble gear rod,ready,3,83,33,PINS,,,,,,,,,,,,,,,,,,,,,,,"{""acquired_tool_ids"": [14], ""acquisition_complete"": false, ""completed_steps"": [""r2_bearing_right"", ""r2_bearing_left""], ""head_rotation_deg"": null, ""head_translation_m"": null, ""left_hand_translation_m"": null, ""removed_tool_ids"": [20, 21], ""right_hand_translation_m"": null, ""selected_step"": ""r1_gear_rod"", ""step_attempt"": 3, ""step_elapsed_s"": 14.443325376952998, ""step_event_index"": 83, ""total_hand_translation_m"": null, ""trial_finished_elapsed_s"": null, ""trial_recording"": true, ""trial_required_tool_ids"": [14, 26, 33]}"
2026-09-04T17:28:25.810-04:00,apoorva,gesture,tts_queued,lifecycle,r1_gear_rod,Row 1.2: assemble gear rod,ready,3,84,,,,14.457664,,,,,,,,,,,,,,,,pin,,,replace_hover,,"{""acquired_tool_ids"": [14], ""acquisition_complete"": false, ""completed_steps"": [""r2_bearing_right"", ""r2_bearing_left""], ""head_rotation_deg"": null, ""head_translation_m"": null, ""left_hand_translation_m"": null, ""removed_tool_ids"": [20, 21], ""right_hand_translation_m"": null, ""selected_step"": ""r1_gear_rod"", ""step_attempt"": 3, ""step_elapsed_s"": 14.457677341997623, ""step_event_index"": 84, ""total_hand_translation_m"": null, ""trial_finished_elapsed_s"": null, ""trial_recording"": true, ""trial_required_tool_ids"": [14, 26, 33]}"
2026-09-04T17:28:25.858-04:00,apoorva,gesture,tts_started,lifecycle,r1_gear_rod,Row 1.2: assemble gear rod,ready,3,85,,,,14.505403,,,,,,,,,,,,,,,,pin,,,,,"{""acquired_tool_ids"": [14], ""acquisition_complete"": false, ""completed_steps"": [""r2_bearing_right"", ""r2_bearing_left""], ""head_rotation_deg"": null, ""head_translation_m"": null, ""left_hand_translation_m"": null, ""removed_tool_ids"": [20, 21], ""right_hand_translation_m"": null, ""selected_step"": ""r1_gear_rod"", ""step_attempt"": 3, ""step_elapsed_s"": 14.505411110934801, ""step_event_index"": 85, ""total_hand_translation_m"": null, ""trial_finished_elapsed_s"": null, ""trial_recording"": true, ""trial_required_tool_ids"": [14, 26, 33]}"
2026-09-04T17:28:25.911-04:00,apoorva,gesture,hover,hover,r1_gear_rod,Row 1.2: assemble gear rod,ready,3,86,32,CRANK_HANDLE,,,,,,,,,,,,,,,,,,,,,,,"{""acquired_tool_ids"": [14], ""acquisition_complete"": false, ""completed_steps"": [""r2_bearing_right"", ""r2_bearing_left""], ""head_rotation_deg"": null, ""head_translation_m"": null, ""left_hand_translation_m"": null, ""removed_tool_ids"": [20, 21], ""right_hand_translation_m"": null, ""selected_step"": ""r1_gear_rod"", ""step_attempt"": 3, ""step_elapsed_s"": 14.55880097602494, ""step_event_index"": 86, ""total_hand_translation_m"": null, ""trial_finished_elapsed_s"": null, ""trial_recording"": true, ""trial_required_tool_ids"": [14, 26, 33]}"
2026-09-04T17:28:25.926-04:00,apoorva,gesture,tts_queued,lifecycle,r1_gear_rod,Row 1.2: assemble gear rod,ready,3,87,,,,14.573666,,,,,,,,,,,,,,,,handle,,,replace_hover,,"{""acquired_tool_ids"": [14], ""acquisition_complete"": false, ""completed_steps"": [""r2_bearing_right"", ""r2_bearing_left""], ""head_rotation_deg"": null, ""head_translation_m"": null, ""left_hand_translation_m"": null, ""removed_tool_ids"": [20, 21], ""right_hand_translation_m"": null, ""selected_step"": ""r1_gear_rod"", ""step_attempt"": 3, ""step_elapsed_s"": 14.573673772974871, ""step_event_index"": 87, ""total_hand_translation_m"": null, ""trial_finished_elapsed_s"": null, ""trial_recording"": true, ""trial_required_tool_ids"": [14, 26, 33]}"
2026-09-04T17:28:25.947-04:00,apoorva,gesture,tts_finished,lifecycle,r1_gear_rod,Row 1.2: assemble gear rod,ready,3,88,,,,14.594701,,,,,,,,,,,,,,,,pin,,,,,"{""acquired_tool_ids"": [14], ""acquisition_complete"": false, ""completed_steps"": [""r2_bearing_right"", ""r2_bearing_left""], ""head_rotation_deg"": null, ""head_translation_m"": null, ""left_hand_translation_m"": null, ""removed_tool_ids"": [20, 21], ""right_hand_translation_m"": null, ""selected_step"": ""r1_gear_rod"", ""step_attempt"": 3, ""step_elapsed_s"": 14.594709474942647, ""step_event_index"": 88, ""total_hand_translation_m"": null, ""trial_finished_elapsed_s"": null, ""trial_recording"": true, ""trial_required_tool_ids"": [14, 26, 33]}"
2026-09-04T17:28:25.966-04:00,apoorva,gesture,tts_started,lifecycle,r1_gear_rod,Row 1.2: assemble gear rod,ready,3,89,,,,14.613589,,,,,,,,,,,,,,,,handle,,,,,"{""acquired_tool_ids"": [14], ""acquisition_complete"": false, ""completed_steps"": [""r2_bearing_right"", ""r2_bearing_left""], ""head_rotation_deg"": null, ""head_translation_m"": null, ""left_hand_translation_m"": null, ""removed_tool_ids"": [20, 21], ""right_hand_translation_m"": null, ""selected_step"": ""r1_gear_rod"", ""step_attempt"": 3, ""step_elapsed_s"": 14.613597705028951, ""step_event_index"": 89, ""total_hand_translation_m"": null, ""trial_finished_elapsed_s"": null, ""trial_recording"": true, ""trial_required_tool_ids"": [14, 26, 33]}"
2026-09-04T17:28:26.081-04:00,apoorva,gesture,hover,hover,r1_gear_rod,Row 1.2: assemble gear rod,ready,3,90,34,BEARINGS,,,,,,,,,,,,,,,,,,,,,,,"{""acquired_tool_ids"": [14], ""acquisition_complete"": false, ""completed_steps"": [""r2_bearing_right"", ""r2_bearing_left""], ""head_rotation_deg"": null, ""head_translation_m"": null, ""left_hand_translation_m"": null, ""removed_tool_ids"": [20, 21], ""right_hand_translation_m"": null, ""selected_step"": ""r1_gear_rod"", ""step_attempt"": 3, ""step_elapsed_s"": 14.728489281027578, ""step_event_index"": 90, ""total_hand_translation_m"": null, ""trial_finished_elapsed_s"": null, ""trial_recording"": true, ""trial_required_tool_ids"": [14, 26, 33]}"
2026-09-04T17:28:26.105-04:00,apoorva,gesture,tts_queued,lifecycle,r1_gear_rod,Row 1.2: assemble gear rod,ready,3,91,,,,14.752300,,,,,,,,,,,,,,,,bearing,,,replace_hover,,"{""acquired_tool_ids"": [14], ""acquisition_complete"": false, ""completed_steps"": [""r2_bearing_right"", ""r2_bearing_left""], ""head_rotation_deg"": null, ""head_translation_m"": null, ""left_hand_translation_m"": null, ""removed_tool_ids"": [20, 21], ""right_hand_translation_m"": null, ""selected_step"": ""r1_gear_rod"", ""step_attempt"": 3, ""step_elapsed_s"": 14.752312619937584, ""step_event_index"": 91, ""total_hand_translation_m"": null, ""trial_finished_elapsed_s"": null, ""trial_recording"": true, ""trial_required_tool_ids"": [14, 26, 33]}"
2026-09-04T17:28:26.205-04:00,apoorva,gesture,tts_finished,lifecycle,r1_gear_rod,Row 1.2: assemble gear rod,ready,3,92,,,,14.852599,,,,,,,,,,,,,,,,handle,,,,,"{""acquired_tool_ids"": [14], ""acquisition_complete"": false, ""completed_steps"": [""r2_bearing_right"", ""r2_bearing_left""], ""head_rotation_deg"": null, ""head_translation_m"": null, ""left_hand_translation_m"": null, ""removed_tool_ids"": [20, 21], ""right_hand_translation_m"": null, ""selected_step"": ""r1_gear_rod"", ""step_attempt"": 3, ""step_elapsed_s"": 14.852606885950081, ""step_event_index"": 92, ""total_hand_translation_m"": null, ""trial_finished_elapsed_s"": null, ""trial_recording"": true, ""trial_required_tool_ids"": [14, 26, 33]}"
2026-09-04T17:28:26.249-04:00,apoorva,gesture,tts_started,lifecycle,r1_gear_rod,Row 1.2: assemble gear rod,ready,3,93,,,,14.896564,,,,,,,,,,,,,,,,bearing,,,,,"{""acquired_tool_ids"": [14], ""acquisition_complete"": false, ""completed_steps"": [""r2_bearing_right"", ""r2_bearing_left""], ""head_rotation_deg"": null, ""head_translation_m"": null, ""left_hand_translation_m"": null, ""removed_tool_ids"": [20, 21], ""right_hand_translation_m"": null, ""selected_step"": ""r1_gear_rod"", ""step_attempt"": 3, ""step_elapsed_s"": 14.896574078011326, ""step_event_index"": 93, ""total_hand_translation_m"": null, ""trial_finished_elapsed_s"": null, ""trial_recording"": true, ""trial_required_tool_ids"": [14, 26, 33]}"
2026-09-04T17:28:26.329-04:00,apoorva,gesture,hover,hover,r1_gear_rod,Row 1.2: assemble gear rod,ready,3,94,30,GEAR_ROW3_RIGHT,,,,,,,,,,,,,,,,,,,,,,,"{""acquired_tool_ids"": [14], ""acquisition_complete"": false, ""completed_steps"": [""r2_bearing_right"", ""r2_bearing_left""], ""head_rotation_deg"": null, ""head_translation_m"": null, ""left_hand_translation_m"": null, ""removed_tool_ids"": [20, 21], ""right_hand_translation_m"": null, ""selected_step"": ""r1_gear_rod"", ""step_attempt"": 3, ""step_elapsed_s"": 14.975996971013956, ""step_event_index"": 94, ""total_hand_translation_m"": null, ""trial_finished_elapsed_s"": null, ""trial_recording"": true, ""trial_required_tool_ids"": [14, 26, 33]}"
2026-09-04T17:28:26.376-04:00,apoorva,gesture,tts_queued,lifecycle,r1_gear_rod,Row 1.2: assemble gear rod,ready,3,95,,,,15.023694,,,,,,,,,,,,,,,,Row 3 right gear,,,replace_hover,,"{""acquired_tool_ids"": [14], ""acquisition_complete"": false, ""completed_steps"": [""r2_bearing_right"", ""r2_bearing_left""], ""head_rotation_deg"": null, ""head_translation_m"": null, ""left_hand_translation_m"": null, ""removed_tool_ids"": [20, 21], ""right_hand_translation_m"": null, ""selected_step"": ""r1_gear_rod"", ""step_attempt"": 3, ""step_elapsed_s"": 15.023706463980488, ""step_event_index"": 95, ""total_hand_translation_m"": null, ""trial_finished_elapsed_s"": null, ""trial_recording"": true, ""trial_required_tool_ids"": [14, 26, 33]}"
2026-09-04T17:28:26.503-04:00,apoorva,gesture,hover,hover,r1_gear_rod,Row 1.2: assemble gear rod,ready,3,96,27,GEAR_ROW2_LEFT,,,,,,,,,,,,,,,,,,,,,,,"{""acquired_tool_ids"": [14], ""acquisition_complete"": false, ""completed_steps"": [""r2_bearing_right"", ""r2_bearing_left""], ""head_rotation_deg"": null, ""head_translation_m"": null, ""left_hand_translation_m"": null, ""removed_tool_ids"": [20, 21], ""right_hand_translation_m"": null, ""selected_step"": ""r1_gear_rod"", ""step_attempt"": 3, ""step_elapsed_s"": 15.150090422015637, ""step_event_index"": 96, ""total_hand_translation_m"": null, ""trial_finished_elapsed_s"": null, ""trial_recording"": true, ""trial_required_tool_ids"": [14, 26, 33]}"
2026-09-04T17:28:26.554-04:00,apoorva,gesture,tts_queued,lifecycle,r1_gear_rod,Row 1.2: assemble gear rod,ready,3,97,,,,15.201088,,,,,,,,,,,,,,,,Row 2 left gear,,,replace_hover,,"{""acquired_tool_ids"": [14], ""acquisition_complete"": false, ""completed_steps"": [""r2_bearing_right"", ""r2_bearing_left""], ""head_rotation_deg"": null, ""head_translation_m"": null, ""left_hand_translation_m"": null, ""removed_tool_ids"": [20, 21], ""right_hand_translation_m"": null, ""selected_step"": ""r1_gear_rod"", ""step_attempt"": 3, ""step_elapsed_s"": 15.201100294012576, ""step_event_index"": 97, ""total_hand_translation_m"": null, ""trial_finished_elapsed_s"": null, ""trial_recording"": true, ""trial_required_tool_ids"": [14, 26, 33]}"
2026-09-04T17:28:26.608-04:00,apoorva,gesture,hover,hover,r1_gear_rod,Row 1.2: assemble gear rod,ready,3,98,28,GEAR_ROW2_RIGHT,,,,,,,,,,,,,,,,,,,,,,,"{""acquired_tool_ids"": [14], ""acquisition_complete"": false, ""completed_steps"": [""r2_bearing_right"", ""r2_bearing_left""], ""head_rotation_deg"": null, ""head_translation_m"": null, ""left_hand_translation_m"": null, ""removed_tool_ids"": [20, 21], ""right_hand_translation_m"": null, ""selected_step"": ""r1_gear_rod"", ""step_attempt"": 3, ""step_elapsed_s"": 15.25516628101468, ""step_event_index"": 98, ""total_hand_translation_m"": null, ""trial_finished_elapsed_s"": null, ""trial_recording"": true, ""trial_required_tool_ids"": [14, 26, 33]}"
2026-09-04T17:28:26.691-04:00,apoorva,gesture,tts_queued,lifecycle,r1_gear_rod,Row 1.2: assemble gear rod,ready,3,99,,,,15.338800,,,,,,,,,,,,,,,,Row 2 right gear,,,replace_hover,,"{""acquired_tool_ids"": [14], ""acquisition_complete"": false, ""completed_steps"": [""r2_bearing_right"", ""r2_bearing_left""], ""head_rotation_deg"": null, ""head_translation_m"": null, ""left_hand_translation_m"": null, ""removed_tool_ids"": [20, 21], ""right_hand_translation_m"": null, ""selected_step"": ""r1_gear_rod"", ""step_attempt"": 3, ""step_elapsed_s"": 15.33880924503319, ""step_event_index"": 99, ""total_hand_translation_m"": null, ""trial_finished_elapsed_s"": null, ""trial_recording"": true, ""trial_required_tool_ids"": [14, 26, 33]}"
2026-09-04T17:28:26.778-04:00,apoorva,gesture,hover,hover,r1_gear_rod,Row 1.2: assemble gear rod,ready,3,100,31,GEAR_ROW4_LEFT,,,,,,,,,,,,,,,,,,,,,,,"{""acquired_tool_ids"": [14], ""acquisition_complete"": false, ""completed_steps"": [""r2_bearing_right"", ""r2_bearing_left""], ""head_rotation_deg"": null, ""head_translation_m"": null, ""left_hand_translation_m"": null, ""removed_tool_ids"": [20, 21], ""right_hand_translation_m"": null, ""selected_step"": ""r1_gear_rod"", ""step_attempt"": 3, ""step_elapsed_s"": 15.425063846982084, ""step_event_index"": 100, ""total_hand_translation_m"": null, ""trial_finished_elapsed_s"": null, ""trial_recording"": true, ""trial_required_tool_ids"": [14, 26, 33]}"
2026-09-04T17:28:26.849-04:00,apoorva,gesture,tts_queued,lifecycle,r1_gear_rod,Row 1.2: assemble gear rod,ready,3,101,,,,15.496174,,,,,,,,,,,,,,,,Row 4 left gear,,,replace_hover,,"{""acquired_tool_ids"": [14], ""acquisition_complete"": false, ""completed_steps"": [""r2_bearing_right"", ""r2_bearing_left""], ""head_rotation_deg"": null, ""head_translation_m"": null, ""left_hand_translation_m"": null, ""removed_tool_ids"": [20, 21], ""right_hand_translation_m"": null, ""selected_step"": ""r1_gear_rod"", ""step_attempt"": 3, ""step_elapsed_s"": 15.496184687013738, ""step_event_index"": 101, ""total_hand_translation_m"": null, ""trial_finished_elapsed_s"": null, ""trial_recording"": true, ""trial_required_tool_ids"": [14, 26, 33]}"
2026-09-04T17:28:27.003-04:00,apoorva,gesture,tts_finished,lifecycle,r1_gear_rod,Row 1.2: assemble gear rod,ready,3,102,,,,15.650231,,,,,,,,,,,,,,,,bearing,,,,,"{""acquired_tool_ids"": [14], ""acquisition_complete"": false, ""completed_steps"": [""r2_bearing_right"", ""r2_bearing_left""], ""head_rotation_deg"": null, ""head_translation_m"": null, ""left_hand_translation_m"": null, ""removed_tool_ids"": [20, 21], ""right_hand_translation_m"": null, ""selected_step"": ""r1_gear_rod"", ""step_attempt"": 3, ""step_elapsed_s"": 15.65024150093086, ""step_event_index"": 102, ""total_hand_translation_m"": null, ""trial_finished_elapsed_s"": null, ""trial_recording"": true, ""trial_required_tool_ids"": [14, 26, 33]}"
2026-09-04T17:28:27.082-04:00,apoorva,gesture,tts_started,lifecycle,r1_gear_rod,Row 1.2: assemble gear rod,ready,3,103,,,,15.729405,,,,,,,,,,,,,,,,Row 3 right gear,,,,,"{""acquired_tool_ids"": [14], ""acquisition_complete"": false, ""completed_steps"": [""r2_bearing_right"", ""r2_bearing_left""], ""head_rotation_deg"": null, ""head_translation_m"": null, ""left_hand_translation_m"": null, ""removed_tool_ids"": [20, 21], ""right_hand_translation_m"": null, ""selected_step"": ""r1_gear_rod"", ""step_attempt"": 3, ""step_elapsed_s"": 15.729414673987776, ""step_event_index"": 103, ""total_hand_translation_m"": null, ""trial_finished_elapsed_s"": null, ""trial_recording"": true, ""trial_required_tool_ids"": [14, 26, 33]}"
2026-09-04T17:28:27.237-04:00,apoorva,gesture,tts_finished,lifecycle,r1_gear_rod,Row 1.2: assemble gear rod,ready,3,104,,,,15.884378,,,,,,,,,,,,,,,,Row 3 right gear,,,,,"{""acquired_tool_ids"": [14], ""acquisition_complete"": false, ""completed_steps"": [""r2_bearing_right"", ""r2_bearing_left""], ""head_rotation_deg"": null, ""head_translation_m"": null, ""left_hand_translation_m"": null, ""removed_tool_ids"": [20, 21], ""right_hand_translation_m"": null, ""selected_step"": ""r1_gear_rod"", ""step_attempt"": 3, ""step_elapsed_s"": 15.884391432977282, ""step_event_index"": 104, ""total_hand_translation_m"": null, ""trial_finished_elapsed_s"": null, ""trial_recording"": true, ""trial_required_tool_ids"": [14, 26, 33]}"
2026-09-04T17:28:27.487-04:00,apoorva,gesture,tts_started,lifecycle,r1_gear_rod,Row 1.2: assemble gear rod,ready,3,105,,,,16.134677,,,,,,,,,,,,,,,,Row 2 left gear,,,,,"{""acquired_tool_ids"": [14], ""acquisition_complete"": false, ""completed_steps"": [""r2_bearing_right"", ""r2_bearing_left""], ""head_rotation_deg"": null, ""head_translation_m"": null, ""left_hand_translation_m"": null, ""removed_tool_ids"": [20, 21], ""right_hand_translation_m"": null, ""selected_step"": ""r1_gear_rod"", ""step_attempt"": 3, ""step_elapsed_s"": 16.13468893803656, ""step_event_index"": 105, ""total_hand_translation_m"": null, ""trial_finished_elapsed_s"": null, ""trial_recording"": true, ""trial_required_tool_ids"": [14, 26, 33]}"
2026-09-04T17:28:27.715-04:00,apoorva,gesture,tts_finished,lifecycle,r1_gear_rod,Row 1.2: assemble gear rod,ready,3,106,,,,16.362274,,,,,,,,,,,,,,,,Row 2 left gear,,,,,"{""acquired_tool_ids"": [14], ""acquisition_complete"": false, ""completed_steps"": [""r2_bearing_right"", ""r2_bearing_left""], ""head_rotation_deg"": null, ""head_translation_m"": null, ""left_hand_translation_m"": null, ""removed_tool_ids"": [20, 21], ""right_hand_translation_m"": null, ""selected_step"": ""r1_gear_rod"", ""step_attempt"": 3, ""step_elapsed_s"": 16.362285841954872, ""step_event_index"": 106, ""total_hand_translation_m"": null, ""trial_finished_elapsed_s"": null, ""trial_recording"": true, ""trial_required_tool_ids"": [14, 26, 33]}"
2026-09-04T17:28:27.798-04:00,apoorva,gesture,tts_started,lifecycle,r1_gear_rod,Row 1.2: assemble gear rod,ready,3,107,,,,16.444935,,,,,,,,,,,,,,,,Row 2 right gear,,,,,"{""acquired_tool_ids"": [14], ""acquisition_complete"": false, ""completed_steps"": [""r2_bearing_right"", ""r2_bearing_left""], ""head_rotation_deg"": null, ""head_translation_m"": null, ""left_hand_translation_m"": null, ""removed_tool_ids"": [20, 21], ""right_hand_translation_m"": null, ""selected_step"": ""r1_gear_rod"", ""step_attempt"": 3, ""step_elapsed_s"": 16.444947300944477, ""step_event_index"": 107, ""total_hand_translation_m"": null, ""trial_finished_elapsed_s"": null, ""trial_recording"": true, ""trial_required_tool_ids"": [14, 26, 33]}"
2026-09-04T17:28:27.996-04:00,apoorva,gesture,tts_finished,lifecycle,r1_gear_rod,Row 1.2: assemble gear rod,ready,3,108,,,,16.643806,,,,,,,,,,,,,,,,Row 2 right gear,,,,,"{""acquired_tool_ids"": [14], ""acquisition_complete"": false, ""completed_steps"": [""r2_bearing_right"", ""r2_bearing_left""], ""head_rotation_deg"": null, ""head_translation_m"": null, ""left_hand_translation_m"": null, ""removed_tool_ids"": [20, 21], ""right_hand_translation_m"": null, ""selected_step"": ""r1_gear_rod"", ""step_attempt"": 3, ""step_elapsed_s"": 16.6438181810081, ""step_event_index"": 108, ""total_hand_translation_m"": null, ""trial_finished_elapsed_s"": null, ""trial_recording"": true, ""trial_required_tool_ids"": [14, 26, 33]}"
2026-09-04T17:28:28.118-04:00,apoorva,gesture,tts_started,lifecycle,r1_gear_rod,Row 1.2: assemble gear rod,ready,3,109,,,,16.764981,,,,,,,,,,,,,,,,Row 4 left gear,,,,,"{""acquired_tool_ids"": [14], ""acquisition_complete"": false, ""completed_steps"": [""r2_bearing_right"", ""r2_bearing_left""], ""head_rotation_deg"": null, ""head_translation_m"": null, ""left_hand_translation_m"": null, ""removed_tool_ids"": [20, 21], ""right_hand_translation_m"": null, ""selected_step"": ""r1_gear_rod"", ""step_attempt"": 3, ""step_elapsed_s"": 16.765010184957646, ""step_event_index"": 109, ""total_hand_translation_m"": null, ""trial_finished_elapsed_s"": null, ""trial_recording"": true, ""trial_required_tool_ids"": [14, 26, 33]}"
2026-09-04T17:28:28.574-04:00,apoorva,gesture,tts_queued,lifecycle,r1_gear_rod,Row 1.2: assemble gear rod,ready,3,110,,,,17.221429,,,,,,,,,,,,,,,,Wrong part.,,,replace,,"{""acquired_tool_ids"": [14], ""acquisition_complete"": false, ""completed_steps"": [""r2_bearing_right"", ""r2_bearing_left""], ""head_rotation_deg"": null, ""head_translation_m"": null, ""left_hand_translation_m"": null, ""removed_tool_ids"": [20, 21], ""right_hand_translation_m"": null, ""selected_step"": ""r1_gear_rod"", ""step_attempt"": 3, ""step_elapsed_s"": 17.221438960987143, ""step_event_index"": 110, ""total_hand_translation_m"": null, ""trial_finished_elapsed_s"": null, ""trial_recording"": true, ""trial_required_tool_ids"": [14, 26, 33]}"
2026-09-04T17:28:28.603-04:00,apoorva,gesture,part_selection,click,r1_gear_rod,Row 1.2: assemble gear rod,ready,3,111,31,GEAR_ROW4_LEFT,11.655787,17.250378,,,,,,,,,,,,,,,0,,,,,,"{""acquired_tool_ids"": [14], ""acquisition_complete"": false, ""completed_steps"": [""r2_bearing_right"", ""r2_bearing_left""], ""head_rotation_deg"": null, ""head_translation_m"": null, ""left_hand_translation_m"": null, ""removed_tool_ids"": [20, 21], ""right_hand_translation_m"": null, ""selected_step"": ""r1_gear_rod"", ""step_attempt"": 3, ""step_elapsed_s"": 17.25043045694474, ""step_event_index"": 111, ""total_hand_translation_m"": null, ""trial_finished_elapsed_s"": null, ""trial_recording"": true, ""trial_required_tool_ids"": [14, 26, 33]}"
2026-09-04T17:28:28.645-04:00,apoorva,gesture,tts_finished,lifecycle,r1_gear_rod,Row 1.2: assemble gear rod,ready,3,112,,,,17.292224,,,,,,,,,,,,,,,,Row 4 left gear,,,,,"{""acquired_tool_ids"": [14], ""acquisition_complete"": false, ""completed_steps"": [""r2_bearing_right"", ""r2_bearing_left""], ""head_rotation_deg"": null, ""head_translation_m"": null, ""left_hand_translation_m"": null, ""removed_tool_ids"": [20, 21], ""right_hand_translation_m"": null, ""selected_step"": ""r1_gear_rod"", ""step_attempt"": 3, ""step_elapsed_s"": 17.292234938009642, ""step_event_index"": 112, ""total_hand_translation_m"": null, ""trial_finished_elapsed_s"": null, ""trial_recording"": true, ""trial_required_tool_ids"": [14, 26, 33]}"
2026-09-04T17:28:28.973-04:00,apoorva,gesture,tts_started,lifecycle,r1_gear_rod,Row 1.2: assemble gear rod,ready,3,113,,,,17.620623,,,,,,,,,,,,,,,,Wrong part.,,,,,"{""acquired_tool_ids"": [14], ""acquisition_complete"": false, ""completed_steps"": [""r2_bearing_right"", ""r2_bearing_left""], ""head_rotation_deg"": null, ""head_translation_m"": null, ""left_hand_translation_m"": null, ""removed_tool_ids"": [20, 21], ""right_hand_translation_m"": null, ""selected_step"": ""r1_gear_rod"", ""step_attempt"": 3, ""step_elapsed_s"": 17.62063705199398, ""step_event_index"": 113, ""total_hand_translation_m"": null, ""trial_finished_elapsed_s"": null, ""trial_recording"": true, ""trial_required_tool_ids"": [14, 26, 33]}"
2026-09-04T17:28:29.839-04:00,apoorva,gesture,tts_finished,lifecycle,r1_gear_rod,Row 1.2: assemble gear rod,ready,3,114,,,,18.486206,,,,,,,,,,,,,,,,Wrong part.,,,,,"{""acquired_tool_ids"": [14], ""acquisition_complete"": false, ""completed_steps"": [""r2_bearing_right"", ""r2_bearing_left""], ""head_rotation_deg"": null, ""head_translation_m"": null, ""left_hand_translation_m"": null, ""removed_tool_ids"": [20, 21], ""right_hand_translation_m"": null, ""selected_step"": ""r1_gear_rod"", ""step_attempt"": 3, ""step_elapsed_s"": 18.486218457925133, ""step_event_index"": 114, ""total_hand_translation_m"": null, ""trial_finished_elapsed_s"": null, ""trial_recording"": true, ""trial_required_tool_ids"": [14, 26, 33]}"
2026-09-04T17:28:30.035-04:00,apoorva,gesture,hover,hover,r1_gear_rod,Row 1.2: assemble gear rod,ready,3,115,26,GEAR_ROW1_LEFT,,,,,,,,,,,,,,,,,,,,,,,"{""acquired_tool_ids"": [14], ""acquisition_complete"": false, ""completed_steps"": [""r2_bearing_right"", ""r2_bearing_left""], ""head_rotation_deg"": null, ""head_translation_m"": null, ""left_hand_translation_m"": null, ""removed_tool_ids"": [20, 21], ""right_hand_translation_m"": null, ""selected_step"": ""r1_gear_rod"", ""step_attempt"": 3, ""step_elapsed_s"": 18.682294216938317, ""step_event_index"": 115, ""total_hand_translation_m"": null, ""trial_finished_elapsed_s"": null, ""trial_recording"": true, ""trial_required_tool_ids"": [14, 26, 33]}"
2026-09-04T17:28:30.241-04:00,apoorva,gesture,tts_queued,lifecycle,r1_gear_rod,Row 1.2: assemble gear rod,ready,3,116,,,,18.888039,,,,,,,,,,,,,,,,Row 1 left gear,,,replace_hover,,"{""acquired_tool_ids"": [14], ""acquisition_complete"": false, ""completed_steps"": [""r2_bearing_right"", ""r2_bearing_left""], ""head_rotation_deg"": null, ""head_translation_m"": null, ""left_hand_translation_m"": null, ""removed_tool_ids"": [20, 21], ""right_hand_translation_m"": null, ""selected_step"": ""r1_gear_rod"", ""step_attempt"": 3, ""step_elapsed_s"": 18.888049938017502, ""step_event_index"": 116, ""total_hand_translation_m"": null, ""trial_finished_elapsed_s"": null, ""trial_recording"": true, ""trial_required_tool_ids"": [14, 26, 33]}"
2026-09-04T17:28:30.514-04:00,apoorva,gesture,tts_started,lifecycle,r1_gear_rod,Row 1.2: assemble gear rod,ready,3,117,,,,19.160937,,,,,,,,,,,,,,,,Row 1 left gear,,,,,"{""acquired_tool_ids"": [14], ""acquisition_complete"": false, ""completed_steps"": [""r2_bearing_right"", ""r2_bearing_left""], ""head_rotation_deg"": null, ""head_translation_m"": null, ""left_hand_translation_m"": null, ""removed_tool_ids"": [20, 21], ""right_hand_translation_m"": null, ""selected_step"": ""r1_gear_rod"", ""step_attempt"": 3, ""step_elapsed_s"": 19.16094491095282, ""step_event_index"": 117, ""total_hand_translation_m"": null, ""trial_finished_elapsed_s"": null, ""trial_recording"": true, ""trial_required_tool_ids"": [14, 26, 33]}"
2026-09-04T17:28:31.615-04:00,apoorva,gesture,part_selection,click,r1_gear_rod,Row 1.2: assemble gear rod,ready,3,118,26,GEAR_ROW1_LEFT,14.667576,20.262167,,,,,,,,,,,,,,,1,,,,,,"{""acquired_tool_ids"": [14, 26], ""acquisition_complete"": false, ""completed_steps"": [""r2_bearing_right"", ""r2_bearing_left""], ""head_rotation_deg"": null, ""head_translation_m"": null, ""left_hand_translation_m"": null, ""removed_tool_ids"": [20, 21], ""right_hand_translation_m"": null, ""selected_step"": ""r1_gear_rod"", ""step_attempt"": 3, ""step_elapsed_s"": 20.262211213004775, ""step_event_index"": 118, ""total_hand_translation_m"": null, ""trial_finished_elapsed_s"": null, ""trial_recording"": true, ""trial_required_tool_ids"": [14, 26, 33]}"
2026-09-04T17:28:31.872-04:00,apoorva,gesture,object_acquired,click,r1_gear_rod,Row 1.2: assemble gear rod,ready,3,119,26,GEAR_ROW1_LEFT,14.667576,20.262167,,,,,,,,,,,,,,,1,,,,,,"{""acquired_tool_ids"": [14, 26], ""acquisition_complete"": false, ""completed_steps"": [""r2_bearing_right"", ""r2_bearing_left""], ""head_rotation_deg"": null, ""head_translation_m"": null, ""left_hand_translation_m"": null, ""removed_tool_ids"": [20, 21], ""right_hand_translation_m"": null, ""selected_step"": ""r1_gear_rod"", ""step_attempt"": 3, ""step_elapsed_s"": 20.51911279093474, ""step_event_index"": 119, ""total_hand_translation_m"": null, ""trial_finished_elapsed_s"": null, ""trial_recording"": true, ""trial_required_tool_ids"": [14, 26, 33]}"
2026-09-04T17:28:31.935-04:00,apoorva,gesture,tts_queued,lifecycle,r1_gear_rod,Row 1.2: assemble gear rod,ready,3,120,,,,20.582584,,,,,,,,,,,,,,,,1 part left.,,,replace,,"{""acquired_tool_ids"": [14, 26], ""acquisition_complete"": false, ""completed_steps"": [""r2_bearing_right"", ""r2_bearing_left""], ""head_rotation_deg"": null, ""head_translation_m"": null, ""left_hand_translation_m"": null, ""removed_tool_ids"": [20, 21], ""right_hand_translation_m"": null, ""selected_step"": ""r1_gear_rod"", ""step_attempt"": 3, ""step_elapsed_s"": 20.582593381986953, ""step_event_index"": 120, ""total_hand_translation_m"": null, ""trial_finished_elapsed_s"": null, ""trial_recording"": true, ""trial_required_tool_ids"": [14, 26, 33]}"
2026-09-04T17:28:32.084-04:00,apoorva,gesture,tts_finished,lifecycle,r1_gear_rod,Row 1.2: assemble gear rod,ready,3,121,,,,20.731188,,,,,,,,,,,,,,,,Row 1 left gear,,,,,"{""acquired_tool_ids"": [14, 26], ""acquisition_complete"": false, ""completed_steps"": [""r2_bearing_right"", ""r2_bearing_left""], ""head_rotation_deg"": null, ""head_translation_m"": null, ""left_hand_translation_m"": null, ""removed_tool_ids"": [20, 21], ""right_hand_translation_m"": null, ""selected_step"": ""r1_gear_rod"", ""step_attempt"": 3, ""step_elapsed_s"": 20.7311975780176, ""step_event_index"": 121, ""total_hand_translation_m"": null, ""trial_finished_elapsed_s"": null, ""trial_recording"": true, ""trial_required_tool_ids"": [14, 26, 33]}"
2026-09-04T17:28:32.138-04:00,apoorva,gesture,tts_started,lifecycle,r1_gear_rod,Row 1.2: assemble gear rod,ready,3,122,,,,20.785508,,,,,,,,,,,,,,,,1 part left.,,,,,"{""acquired_tool_ids"": [14, 26], ""acquisition_complete"": false, ""completed_steps"": [""r2_bearing_right"", ""r2_bearing_left""], ""head_rotation_deg"": null, ""head_translation_m"": null, ""left_hand_translation_m"": null, ""removed_tool_ids"": [20, 21], ""right_hand_translation_m"": null, ""selected_step"": ""r1_gear_rod"", ""step_attempt"": 3, ""step_elapsed_s"": 20.78552099200897, ""step_event_index"": 122, ""total_hand_translation_m"": null, ""trial_finished_elapsed_s"": null, ""trial_recording"": true, ""trial_required_tool_ids"": [14, 26, 33]}"
2026-09-04T17:28:33.161-04:00,apoorva,gesture,tts_finished,lifecycle,r1_gear_rod,Row 1.2: assemble gear rod,ready,3,123,,,,21.808004,,,,,,,,,,,,,,,,1 part left.,,,,,"{""acquired_tool_ids"": [14, 26], ""acquisition_complete"": false, ""completed_steps"": [""r2_bearing_right"", ""r2_bearing_left""], ""head_rotation_deg"": null, ""head_translation_m"": null, ""left_hand_translation_m"": null, ""removed_tool_ids"": [20, 21], ""right_hand_translation_m"": null, ""selected_step"": ""r1_gear_rod"", ""step_attempt"": 3, ""step_elapsed_s"": 21.808015111950226, ""step_event_index"": 123, ""total_hand_translation_m"": null, ""trial_finished_elapsed_s"": null, ""trial_recording"": true, ""trial_required_tool_ids"": [14, 26, 33]}"
2026-09-04T17:28:33.354-04:00,apoorva,gesture,hover,hover,r1_gear_rod,Row 1.2: assemble gear rod,ready,3,124,31,GEAR_ROW4_LEFT,,,,,,,,,,,,,,,,,,,,,,,"{""acquired_tool_ids"": [14, 26], ""acquisition_complete"": false, ""completed_steps"": [""r2_bearing_right"", ""r2_bearing_left""], ""head_rotation_deg"": null, ""head_translation_m"": null, ""left_hand_translation_m"": null, ""removed_tool_ids"": [20, 21], ""right_hand_translation_m"": null, ""selected_step"": ""r1_gear_rod"", ""step_attempt"": 3, ""step_elapsed_s"": 22.001261021010578, ""step_event_index"": 124, ""total_hand_translation_m"": null, ""trial_finished_elapsed_s"": null, ""trial_recording"": true, ""trial_required_tool_ids"": [14, 26, 33]}"
2026-09-04T17:28:33.418-04:00,apoorva,gesture,tts_queued,lifecycle,r1_gear_rod,Row 1.2: assemble gear rod,ready,3,125,,,,22.065269,,,,,,,,,,,,,,,,Row 4 left gear,,,replace_hover,,"{""acquired_tool_ids"": [14, 26], ""acquisition_complete"": false, ""completed_steps"": [""r2_bearing_right"", ""r2_bearing_left""], ""head_rotation_deg"": null, ""head_translation_m"": null, ""left_hand_translation_m"": null, ""removed_tool_ids"": [20, 21], ""right_hand_translation_m"": null, ""selected_step"": ""r1_gear_rod"", ""step_attempt"": 3, ""step_elapsed_s"": 22.065279014990665, ""step_event_index"": 125, ""total_hand_translation_m"": null, ""trial_finished_elapsed_s"": null, ""trial_recording"": true, ""trial_required_tool_ids"": [14, 26, 33]}"
2026-09-04T17:28:33.589-04:00,apoorva,gesture,tts_started,lifecycle,r1_gear_rod,Row 1.2: assemble gear rod,ready,3,126,,,,22.236122,,,,,,,,,,,,,,,,Row 4 left gear,,,,,"{""acquired_tool_ids"": [14, 26], ""acquisition_complete"": false, ""completed_steps"": [""r2_bearing_right"", ""r2_bearing_left""], ""head_rotation_deg"": null, ""head_translation_m"": null, ""left_hand_translation_m"": null, ""removed_tool_ids"": [20, 21], ""right_hand_translation_m"": null, ""selected_step"": ""r1_gear_rod"", ""step_attempt"": 3, ""step_elapsed_s"": 22.23613276600372, ""step_event_index"": 126, ""total_hand_translation_m"": null, ""trial_finished_elapsed_s"": null, ""trial_recording"": true, ""trial_required_tool_ids"": [14, 26, 33]}"
2026-09-04T17:28:33.828-04:00,apoorva,gesture,hover,hover,r1_gear_rod,Row 1.2: assemble gear rod,ready,3,127,28,GEAR_ROW2_RIGHT,,,,,,,,,,,,,,,,,,,,,,,"{""acquired_tool_ids"": [14, 26], ""acquisition_complete"": false, ""completed_steps"": [""r2_bearing_right"", ""r2_bearing_left""], ""head_rotation_deg"": null, ""head_translation_m"": null, ""left_hand_translation_m"": null, ""removed_tool_ids"": [20, 21], ""right_hand_translation_m"": null, ""selected_step"": ""r1_gear_rod"", ""step_attempt"": 3, ""step_elapsed_s"": 22.47516937297769, ""step_event_index"": 127, ""total_hand_translation_m"": null, ""trial_finished_elapsed_s"": null, ""trial_recording"": true, ""trial_required_tool_ids"": [14, 26, 33]}"
2026-09-04T17:28:33.998-04:00,apoorva,gesture,tts_queued,lifecycle,r1_gear_rod,Row 1.2: assemble gear rod,ready,3,128,,,,22.645542,,,,,,,,,,,,,,,,Row 2 right gear,,,replace_hover,,"{""acquired_tool_ids"": [14, 26], ""acquisition_complete"": false, ""completed_steps"": [""r2_bearing_right"", ""r2_bearing_left""], ""head_rotation_deg"": null, ""head_translation_m"": null, ""left_hand_translation_m"": null, ""removed_tool_ids"": [20, 21], ""right_hand_translation_m"": null, ""selected_step"": ""r1_gear_rod"", ""step_attempt"": 3, ""step_elapsed_s"": 22.64555236895103, ""step_event_index"": 128, ""total_hand_translation_m"": null, ""trial_finished_elapsed_s"": null, ""trial_recording"": true, ""trial_required_tool_ids"": [14, 26, 33]}"
2026-09-04T17:28:34.162-04:00,apoorva,gesture,hover,hover,r1_gear_rod,Row 1.2: assemble gear rod,ready,3,129,27,GEAR_ROW2_LEFT,,,,,,,,,,,,,,,,,,,,,,,"{""acquired_tool_ids"": [14, 26], ""acquisition_complete"": false, ""completed_steps"": [""r2_bearing_right"", ""r2_bearing_left""], ""head_rotation_deg"": null, ""head_translation_m"": null, ""left_hand_translation_m"": null, ""removed_tool_ids"": [20, 21], ""right_hand_translation_m"": null, ""selected_step"": ""r1_gear_rod"", ""step_attempt"": 3, ""step_elapsed_s"": 22.808835414005443, ""step_event_index"": 129, ""total_hand_translation_m"": null, ""trial_finished_elapsed_s"": null, ""trial_recording"": true, ""trial_required_tool_ids"": [14, 26, 33]}"
2026-09-04T17:28:34.213-04:00,apoorva,gesture,tts_queued,lifecycle,r1_gear_rod,Row 1.2: assemble gear rod,ready,3,130,,,,22.860695,,,,,,,,,,,,,,,,Row 2 left gear,,,replace_hover,,"{""acquired_tool_ids"": [14, 26], ""acquisition_complete"": false, ""completed_steps"": [""r2_bearing_right"", ""r2_bearing_left""], ""head_rotation_deg"": null, ""head_translation_m"": null, ""left_hand_translation_m"": null, ""removed_tool_ids"": [20, 21], ""right_hand_translation_m"": null, ""selected_step"": ""r1_gear_rod"", ""step_attempt"": 3, ""step_elapsed_s"": 22.86070615798235, ""step_event_index"": 130, ""total_hand_translation_m"": null, ""trial_finished_elapsed_s"": null, ""trial_recording"": true, ""trial_required_tool_ids"": [14, 26, 33]}"
2026-09-04T17:28:34.497-04:00,apoorva,gesture,hover,hover,r1_gear_rod,Row 1.2: assemble gear rod,ready,3,131,30,GEAR_ROW3_RIGHT,,,,,,,,,,,,,,,,,,,,,,,"{""acquired_tool_ids"": [14, 26], ""acquisition_complete"": false, ""completed_steps"": [""r2_bearing_right"", ""r2_bearing_left""], ""head_rotation_deg"": null, ""head_translation_m"": null, ""left_hand_translation_m"": null, ""removed_tool_ids"": [20, 21], ""right_hand_translation_m"": null, ""selected_step"": ""r1_gear_rod"", ""step_attempt"": 3, ""step_elapsed_s"": 23.143960039014928, ""step_event_index"": 131, ""total_hand_translation_m"": null, ""trial_finished_elapsed_s"": null, ""trial_recording"": true, ""trial_required_tool_ids"": [14, 26, 33]}"
2026-09-04T17:28:34.623-04:00,apoorva,gesture,tts_queued,lifecycle,r1_gear_rod,Row 1.2: assemble gear rod,ready,3,132,,,,23.270438,,,,,,,,,,,,,,,,Row 3 right gear,,,replace_hover,,"{""acquired_tool_ids"": [14, 26], ""acquisition_complete"": false, ""completed_steps"": [""r2_bearing_right"", ""r2_bearing_left""], ""head_rotation_deg"": null, ""head_translation_m"": null, ""left_hand_translation_m"": null, ""removed_tool_ids"": [20, 21], ""right_hand_translation_m"": null, ""selected_step"": ""r1_gear_rod"", ""step_attempt"": 3, ""step_elapsed_s"": 23.270465985988267, ""step_event_index"": 132, ""total_hand_translation_m"": null, ""trial_finished_elapsed_s"": null, ""trial_recording"": true, ""trial_required_tool_ids"": [14, 26, 33]}"
2026-09-04T17:28:34.738-04:00,apoorva,gesture,hover,hover,r1_gear_rod,Row 1.2: assemble gear rod,ready,3,133,29,GEAR_ROW3_LEFT,,,,,,,,,,,,,,,,,,,,,,,"{""acquired_tool_ids"": [14, 26], ""acquisition_complete"": false, ""completed_steps"": [""r2_bearing_right"", ""r2_bearing_left""], ""head_rotation_deg"": null, ""head_translation_m"": null, ""left_hand_translation_m"": null, ""removed_tool_ids"": [20, 21], ""right_hand_translation_m"": null, ""selected_step"": ""r1_gear_rod"", ""step_attempt"": 3, ""step_elapsed_s"": 23.385627322946675, ""step_event_index"": 133, ""total_hand_translation_m"": null, ""trial_finished_elapsed_s"": null, ""trial_recording"": true, ""trial_required_tool_ids"": [14, 26, 33]}"
2026-09-04T17:28:34.772-04:00,apoorva,gesture,tts_queued,lifecycle,r1_gear_rod,Row 1.2: assemble gear rod,ready,3,134,,,,23.419821,,,,,,,,,,,,,,,,Row 3 left gear,,,replace_hover,,"{""acquired_tool_ids"": [14, 26], ""acquisition_complete"": false, ""completed_steps"": [""r2_bearing_right"", ""r2_bearing_left""], ""head_rotation_deg"": null, ""head_translation_m"": null, ""left_hand_translation_m"": null, ""removed_tool_ids"": [20, 21], ""right_hand_translation_m"": null, ""selected_step"": ""r1_gear_rod"", ""step_attempt"": 3, ""step_elapsed_s"": 23.419830751954578, ""step_event_index"": 134, ""total_hand_translation_m"": null, ""trial_finished_elapsed_s"": null, ""trial_recording"": true, ""trial_required_tool_ids"": [14, 26, 33]}"
2026-09-04T17:28:34.989-04:00,apoorva,gesture,tts_finished,lifecycle,r1_gear_rod,Row 1.2: assemble gear rod,ready,3,135,,,,23.635973,,,,,,,,,,,,,,,,Row 4 left gear,,,,,"{""acquired_tool_ids"": [14, 26], ""acquisition_complete"": false, ""completed_steps"": [""r2_bearing_right"", ""r2_bearing_left""], ""head_rotation_deg"": null, ""head_translation_m"": null, ""left_hand_translation_m"": null, ""removed_tool_ids"": [20, 21], ""right_hand_translation_m"": null, ""selected_step"": ""r1_gear_rod"", ""step_attempt"": 3, ""step_elapsed_s"": 23.635985577944666, ""step_event_index"": 135, ""total_hand_translation_m"": null, ""trial_finished_elapsed_s"": null, ""trial_recording"": true, ""trial_required_tool_ids"": [14, 26, 33]}"
2026-09-04T17:28:35.427-04:00,apoorva,gesture,tts_started,lifecycle,r1_gear_rod,Row 1.2: assemble gear rod,ready,3,136,,,,24.074298,,,,,,,,,,,,,,,,Row 2 right gear,,,,,"{""acquired_tool_ids"": [14, 26], ""acquisition_complete"": false, ""completed_steps"": [""r2_bearing_right"", ""r2_bearing_left""], ""head_rotation_deg"": null, ""head_translation_m"": null, ""left_hand_translation_m"": null, ""removed_tool_ids"": [20, 21], ""right_hand_translation_m"": null, ""selected_step"": ""r1_gear_rod"", ""step_attempt"": 3, ""step_elapsed_s"": 24.074308720999397, ""step_event_index"": 136, ""total_hand_translation_m"": null, ""trial_finished_elapsed_s"": null, ""trial_recording"": true, ""trial_required_tool_ids"": [14, 26, 33]}"
2026-09-04T17:28:35.459-04:00,apoorva,gesture,tts_finished,lifecycle,r1_gear_rod,Row 1.2: assemble gear rod,ready,3,137,,,,24.106678,,,,,,,,,,,,,,,,Row 2 right gear,,,,,"{""acquired_tool_ids"": [14, 26], ""acquisition_complete"": false, ""completed_steps"": [""r2_bearing_right"", ""r2_bearing_left""], ""head_rotation_deg"": null, ""head_translation_m"": null, ""left_hand_translation_m"": null, ""removed_tool_ids"": [20, 21], ""right_hand_translation_m"": null, ""selected_step"": ""r1_gear_rod"", ""step_attempt"": 3, ""step_elapsed_s"": 24.10668894799892, ""step_event_index"": 137, ""total_hand_translation_m"": null, ""trial_finished_elapsed_s"": null, ""trial_recording"": true, ""trial_required_tool_ids"": [14, 26, 33]}"
2026-09-04T17:28:35.506-04:00,apoorva,gesture,tts_started,lifecycle,r1_gear_rod,Row 1.2: assemble gear rod,ready,3,138,,,,24.153737,,,,,,,,,,,,,,,,Row 2 left gear,,,,,"{""acquired_tool_ids"": [14, 26], ""acquisition_complete"": false, ""completed_steps"": [""r2_bearing_right"", ""r2_bearing_left""], ""head_rotation_deg"": null, ""head_translation_m"": null, ""left_hand_translation_m"": null, ""removed_tool_ids"": [20, 21], ""right_hand_translation_m"": null, ""selected_step"": ""r1_gear_rod"", ""step_attempt"": 3, ""step_elapsed_s"": 24.153747307951562, ""step_event_index"": 138, ""total_hand_translation_m"": null, ""trial_finished_elapsed_s"": null, ""trial_recording"": true, ""trial_required_tool_ids"": [14, 26, 33]}"
2026-09-04T17:28:35.527-04:00,apoorva,gesture,tts_finished,lifecycle,r1_gear_rod,Row 1.2: assemble gear rod,ready,3,139,,,,24.174048,,,,,,,,,,,,,,,,Row 2 left gear,,,,,"{""acquired_tool_ids"": [14, 26], ""acquisition_complete"": false, ""completed_steps"": [""r2_bearing_right"", ""r2_bearing_left""], ""head_rotation_deg"": null, ""head_translation_m"": null, ""left_hand_translation_m"": null, ""removed_tool_ids"": [20, 21], ""right_hand_translation_m"": null, ""selected_step"": ""r1_gear_rod"", ""step_attempt"": 3, ""step_elapsed_s"": 24.174055841984227, ""step_event_index"": 139, ""total_hand_translation_m"": null, ""trial_finished_elapsed_s"": null, ""trial_recording"": true, ""trial_required_tool_ids"": [14, 26, 33]}"
2026-09-04T17:28:35.633-04:00,apoorva,gesture,tts_started,lifecycle,r1_gear_rod,Row 1.2: assemble gear rod,ready,3,140,,,,24.279829,,,,,,,,,,,,,,,,Row 3 right gear,,,,,"{""acquired_tool_ids"": [14, 26], ""acquisition_complete"": false, ""completed_steps"": [""r2_bearing_right"", ""r2_bearing_left""], ""head_rotation_deg"": null, ""head_translation_m"": null, ""left_hand_translation_m"": null, ""removed_tool_ids"": [20, 21], ""right_hand_translation_m"": null, ""selected_step"": ""r1_gear_rod"", ""step_attempt"": 3, ""step_elapsed_s"": 24.279845700017177, ""step_event_index"": 140, ""total_hand_translation_m"": null, ""trial_finished_elapsed_s"": null, ""trial_recording"": true, ""trial_required_tool_ids"": [14, 26, 33]}"
2026-09-04T17:28:35.717-04:00,apoorva,gesture,tts_finished,lifecycle,r1_gear_rod,Row 1.2: assemble gear rod,ready,3,141,,,,24.364043,,,,,,,,,,,,,,,,Row 3 right gear,,,,,"{""acquired_tool_ids"": [14, 26], ""acquisition_complete"": false, ""completed_steps"": [""r2_bearing_right"", ""r2_bearing_left""], ""head_rotation_deg"": null, ""head_translation_m"": null, ""left_hand_translation_m"": null, ""removed_tool_ids"": [20, 21], ""right_hand_translation_m"": null, ""selected_step"": ""r1_gear_rod"", ""step_attempt"": 3, ""step_elapsed_s"": 24.364074459997937, ""step_event_index"": 141, ""total_hand_translation_m"": null, ""trial_finished_elapsed_s"": null, ""trial_recording"": true, ""trial_required_tool_ids"": [14, 26, 33]}"
2026-09-04T17:28:35.774-04:00,apoorva,gesture,tts_started,lifecycle,r1_gear_rod,Row 1.2: assemble gear rod,ready,3,142,,,,24.421557,,,,,,,,,,,,,,,,Row 3 left gear,,,,,"{""acquired_tool_ids"": [14, 26], ""acquisition_complete"": false, ""completed_steps"": [""r2_bearing_right"", ""r2_bearing_left""], ""head_rotation_deg"": null, ""head_translation_m"": null, ""left_hand_translation_m"": null, ""removed_tool_ids"": [20, 21], ""right_hand_translation_m"": null, ""selected_step"": ""r1_gear_rod"", ""step_attempt"": 3, ""step_elapsed_s"": 24.42156857799273, ""step_event_index"": 142, ""total_hand_translation_m"": null, ""trial_finished_elapsed_s"": null, ""trial_recording"": true, ""trial_required_tool_ids"": [14, 26, 33]}"
2026-09-04T17:28:35.877-04:00,apoorva,gesture,hover,hover,r1_gear_rod,Row 1.2: assemble gear rod,ready,3,143,29,GEAR_ROW3_LEFT,,,,,,,,,,,,,,,,,,,,,,,"{""acquired_tool_ids"": [14, 26], ""acquisition_complete"": false, ""completed_steps"": [""r2_bearing_right"", ""r2_bearing_left""], ""head_rotation_deg"": null, ""head_translation_m"": null, ""left_hand_translation_m"": null, ""removed_tool_ids"": [20, 21], ""right_hand_translation_m"": null, ""selected_step"": ""r1_gear_rod"", ""step_attempt"": 3, ""step_elapsed_s"": 24.524620287003927, ""step_event_index"": 143, ""total_hand_translation_m"": null, ""trial_finished_elapsed_s"": null, ""trial_recording"": true, ""trial_required_tool_ids"": [14, 26, 33]}"
2026-09-04T17:28:35.897-04:00,apoorva,gesture,tts_queued,lifecycle,r1_gear_rod,Row 1.2: assemble gear rod,ready,3,144,,,,24.543974,,,,,,,,,,,,,,,,Row 3 left gear,,,replace_hover,,"{""acquired_tool_ids"": [14, 26], ""acquisition_complete"": false, ""completed_steps"": [""r2_bearing_right"", ""r2_bearing_left""], ""head_rotation_deg"": null, ""head_translation_m"": null, ""left_hand_translation_m"": null, ""removed_tool_ids"": [20, 21], ""right_hand_translation_m"": null, ""selected_step"": ""r1_gear_rod"", ""step_attempt"": 3, ""step_elapsed_s"": 24.543984176008962, ""step_event_index"": 144, ""total_hand_translation_m"": null, ""trial_finished_elapsed_s"": null, ""trial_recording"": true, ""trial_required_tool_ids"": [14, 26, 33]}"
2026-09-04T17:28:36.339-04:00,apoorva,gesture,hover,hover,r1_gear_rod,Row 1.2: assemble gear rod,ready,3,145,30,GEAR_ROW3_RIGHT,,,,,,,,,,,,,,,,,,,,,,,"{""acquired_tool_ids"": [14, 26], ""acquisition_complete"": false, ""completed_steps"": [""r2_bearing_right"", ""r2_bearing_left""], ""head_rotation_deg"": null, ""head_translation_m"": null, ""left_hand_translation_m"": null, ""removed_tool_ids"": [20, 21], ""right_hand_translation_m"": null, ""selected_step"": ""r1_gear_rod"", ""step_attempt"": 3, ""step_elapsed_s"": 24.986469233990647, ""step_event_index"": 145, ""total_hand_translation_m"": null, ""trial_finished_elapsed_s"": null, ""trial_recording"": true, ""trial_required_tool_ids"": [14, 26, 33]}"
2026-09-04T17:28:36.533-04:00,apoorva,gesture,tts_queued,lifecycle,r1_gear_rod,Row 1.2: assemble gear rod,ready,3,146,,,,25.179994,,,,,,,,,,,,,,,,Row 3 right gear,,,replace_hover,,"{""acquired_tool_ids"": [14, 26], ""acquisition_complete"": false, ""completed_steps"": [""r2_bearing_right"", ""r2_bearing_left""], ""head_rotation_deg"": null, ""head_translation_m"": null, ""left_hand_translation_m"": null, ""removed_tool_ids"": [20, 21], ""right_hand_translation_m"": null, ""selected_step"": ""r1_gear_rod"", ""step_attempt"": 3, ""step_elapsed_s"": 25.18000770697836, ""step_event_index"": 146, ""total_hand_translation_m"": null, ""trial_finished_elapsed_s"": null, ""trial_recording"": true, ""trial_required_tool_ids"": [14, 26, 33]}"
2026-09-04T17:28:36.674-04:00,apoorva,gesture,tts_finished,lifecycle,r1_gear_rod,Row 1.2: assemble gear rod,ready,3,147,,,,25.321107,,,,,,,,,,,,,,,,Row 3 left gear,,,,,"{""acquired_tool_ids"": [14, 26], ""acquisition_complete"": false, ""completed_steps"": [""r2_bearing_right"", ""r2_bearing_left""], ""head_rotation_deg"": null, ""head_translation_m"": null, ""left_hand_translation_m"": null, ""removed_tool_ids"": [20, 21], ""right_hand_translation_m"": null, ""selected_step"": ""r1_gear_rod"", ""step_attempt"": 3, ""step_elapsed_s"": 25.32111788203474, ""step_event_index"": 147, ""total_hand_translation_m"": null, ""trial_finished_elapsed_s"": null, ""trial_recording"": true, ""trial_required_tool_ids"": [14, 26, 33]}"
2026-09-04T17:28:36.785-04:00,apoorva,gesture,tts_started,lifecycle,r1_gear_rod,Row 1.2: assemble gear rod,ready,3,148,,,,25.432065,,,,,,,,,,,,,,,,Row 3 left gear,,,,,"{""acquired_tool_ids"": [14, 26], ""acquisition_complete"": false, ""completed_steps"": [""r2_bearing_right"", ""r2_bearing_left""], ""head_rotation_deg"": null, ""head_translation_m"": null, ""left_hand_translation_m"": null, ""removed_tool_ids"": [20, 21], ""right_hand_translation_m"": null, ""selected_step"": ""r1_gear_rod"", ""step_attempt"": 3, ""step_elapsed_s"": 25.432074783020653, ""step_event_index"": 148, ""total_hand_translation_m"": null, ""trial_finished_elapsed_s"": null, ""trial_recording"": true, ""trial_required_tool_ids"": [14, 26, 33]}"
2026-09-04T17:28:36.963-04:00,apoorva,gesture,tts_finished,lifecycle,r1_gear_rod,Row 1.2: assemble gear rod,ready,3,149,,,,25.609944,,,,,,,,,,,,,,,,Row 3 left gear,,,,,"{""acquired_tool_ids"": [14, 26], ""acquisition_complete"": false, ""completed_steps"": [""r2_bearing_right"", ""r2_bearing_left""], ""head_rotation_deg"": null, ""head_translation_m"": null, ""left_hand_translation_m"": null, ""removed_tool_ids"": [20, 21], ""right_hand_translation_m"": null, ""selected_step"": ""r1_gear_rod"", ""step_attempt"": 3, ""step_elapsed_s"": 25.6099613889819, ""step_event_index"": 149, ""total_hand_translation_m"": null, ""trial_finished_elapsed_s"": null, ""trial_recording"": true, ""trial_required_tool_ids"": [14, 26, 33]}"
2026-09-04T17:28:37.216-04:00,apoorva,gesture,tts_started,lifecycle,r1_gear_rod,Row 1.2: assemble gear rod,ready,3,150,,,,25.863775,,,,,,,,,,,,,,,,Row 3 right gear,,,,,"{""acquired_tool_ids"": [14, 26], ""acquisition_complete"": false, ""completed_steps"": [""r2_bearing_right"", ""r2_bearing_left""], ""head_rotation_deg"": null, ""head_translation_m"": null, ""left_hand_translation_m"": null, ""removed_tool_ids"": [20, 21], ""right_hand_translation_m"": null, ""selected_step"": ""r1_gear_rod"", ""step_attempt"": 3, ""step_elapsed_s"": 25.86379021895118, ""step_event_index"": 150, ""total_hand_translation_m"": null, ""trial_finished_elapsed_s"": null, ""trial_recording"": true, ""trial_required_tool_ids"": [14, 26, 33]}"
2026-09-04T17:28:37.841-04:00,apoorva,gesture,hover,hover,r1_gear_rod,Row 1.2: assemble gear rod,ready,3,151,27,GEAR_ROW2_LEFT,,,,,,,,,,,,,,,,,,,,,,,"{""acquired_tool_ids"": [14, 26], ""acquisition_complete"": false, ""completed_steps"": [""r2_bearing_right"", ""r2_bearing_left""], ""head_rotation_deg"": null, ""head_translation_m"": null, ""left_hand_translation_m"": null, ""removed_tool_ids"": [20, 21], ""right_hand_translation_m"": null, ""selected_step"": ""r1_gear_rod"", ""step_attempt"": 3, ""step_elapsed_s"": 26.488674090942368, ""step_event_index"": 151, ""total_hand_translation_m"": null, ""trial_finished_elapsed_s"": null, ""trial_recording"": true, ""trial_required_tool_ids"": [14, 26, 33]}"
2026-09-04T17:28:38.073-04:00,apoorva,gesture,tts_queued,lifecycle,r1_gear_rod,Row 1.2: assemble gear rod,ready,3,152,,,,26.720141,,,,,,,,,,,,,,,,Row 2 left gear,,,replace_hover,,"{""acquired_tool_ids"": [14, 26], ""acquisition_complete"": false, ""completed_steps"": [""r2_bearing_right"", ""r2_bearing_left""], ""head_rotation_deg"": null, ""head_translation_m"": null, ""left_hand_translation_m"": null, ""removed_tool_ids"": [20, 21], ""right_hand_translation_m"": null, ""selected_step"": ""r1_gear_rod"", ""step_attempt"": 3, ""step_elapsed_s"": 26.720154130947776, ""step_event_index"": 152, ""total_hand_translation_m"": null, ""trial_finished_elapsed_s"": null, ""trial_recording"": true, ""trial_required_tool_ids"": [14, 26, 33]}"
2026-09-04T17:28:38.197-04:00,apoorva,gesture,tts_finished,lifecycle,r1_gear_rod,Row 1.2: assemble gear rod,ready,3,153,,,,26.844572,,,,,,,,,,,,,,,,Row 3 right gear,,,,,"{""acquired_tool_ids"": [14, 26], ""acquisition_complete"": false, ""completed_steps"": [""r2_bearing_right"", ""r2_bearing_left""], ""head_rotation_deg"": null, ""head_translation_m"": null, ""left_hand_translation_m"": null, ""removed_tool_ids"": [20, 21], ""right_hand_translation_m"": null, ""selected_step"": ""r1_gear_rod"", ""step_attempt"": 3, ""step_elapsed_s"": 26.844582699006423, ""step_event_index"": 153, ""total_hand_translation_m"": null, ""trial_finished_elapsed_s"": null, ""trial_recording"": true, ""trial_required_tool_ids"": [14, 26, 33]}"
2026-09-04T17:28:38.298-04:00,apoorva,gesture,tts_started,lifecycle,r1_gear_rod,Row 1.2: assemble gear rod,ready,3,154,,,,26.945809,,,,,,,,,,,,,,,,Row 2 left gear,,,,,"{""acquired_tool_ids"": [14, 26], ""acquisition_complete"": false, ""completed_steps"": [""r2_bearing_right"", ""r2_bearing_left""], ""head_rotation_deg"": null, ""head_translation_m"": null, ""left_hand_translation_m"": null, ""removed_tool_ids"": [20, 21], ""right_hand_translation_m"": null, ""selected_step"": ""r1_gear_rod"", ""step_attempt"": 3, ""step_elapsed_s"": 26.945819700951688, ""step_event_index"": 154, ""total_hand_translation_m"": null, ""trial_finished_elapsed_s"": null, ""trial_recording"": true, ""trial_required_tool_ids"": [14, 26, 33]}"
2026-09-04T17:28:39.276-04:00,apoorva,gesture,hover,hover,r1_gear_rod,Row 1.2: assemble gear rod,ready,3,155,28,GEAR_ROW2_RIGHT,,,,,,,,,,,,,,,,,,,,,,,"{""acquired_tool_ids"": [14, 26], ""acquisition_complete"": false, ""completed_steps"": [""r2_bearing_right"", ""r2_bearing_left""], ""head_rotation_deg"": null, ""head_translation_m"": null, ""left_hand_translation_m"": null, ""removed_tool_ids"": [20, 21], ""right_hand_translation_m"": null, ""selected_step"": ""r1_gear_rod"", ""step_attempt"": 3, ""step_elapsed_s"": 27.922994586988352, ""step_event_index"": 155, ""total_hand_translation_m"": null, ""trial_finished_elapsed_s"": null, ""trial_recording"": true, ""trial_required_tool_ids"": [14, 26, 33]}"
2026-09-04T17:28:39.303-04:00,apoorva,gesture,tts_queued,lifecycle,r1_gear_rod,Row 1.2: assemble gear rod,ready,3,156,,,,27.949987,,,,,,,,,,,,,,,,Row 2 right gear,,,replace_hover,,"{""acquired_tool_ids"": [14, 26], ""acquisition_complete"": false, ""completed_steps"": [""r2_bearing_right"", ""r2_bearing_left""], ""head_rotation_deg"": null, ""head_translation_m"": null, ""left_hand_translation_m"": null, ""removed_tool_ids"": [20, 21], ""right_hand_translation_m"": null, ""selected_step"": ""r1_gear_rod"", ""step_attempt"": 3, ""step_elapsed_s"": 27.949998049996793, ""step_event_index"": 156, ""total_hand_translation_m"": null, ""trial_finished_elapsed_s"": null, ""trial_recording"": true, ""trial_required_tool_ids"": [14, 26, 33]}"
2026-09-04T17:28:39.377-04:00,apoorva,gesture,tts_finished,lifecycle,r1_gear_rod,Row 1.2: assemble gear rod,ready,3,157,,,,28.024180,,,,,,,,,,,,,,,,Row 2 left gear,,,,,"{""acquired_tool_ids"": [14, 26], ""acquisition_complete"": false, ""completed_steps"": [""r2_bearing_right"", ""r2_bearing_left""], ""head_rotation_deg"": null, ""head_translation_m"": null, ""left_hand_translation_m"": null, ""removed_tool_ids"": [20, 21], ""right_hand_translation_m"": null, ""selected_step"": ""r1_gear_rod"", ""step_attempt"": 3, ""step_elapsed_s"": 28.024191793985665, ""step_event_index"": 157, ""total_hand_translation_m"": null, ""trial_finished_elapsed_s"": null, ""trial_recording"": true, ""trial_required_tool_ids"": [14, 26, 33]}"
2026-09-04T17:28:39.573-04:00,apoorva,gesture,tts_started,lifecycle,r1_gear_rod,Row 1.2: assemble gear rod,ready,3,158,,,,28.220660,,,,,,,,,,,,,,,,Row 2 right gear,,,,,"{""acquired_tool_ids"": [14, 26], ""acquisition_complete"": false, ""completed_steps"": [""r2_bearing_right"", ""r2_bearing_left""], ""head_rotation_deg"": null, ""head_translation_m"": null, ""left_hand_translation_m"": null, ""removed_tool_ids"": [20, 21], ""right_hand_translation_m"": null, ""selected_step"": ""r1_gear_rod"", ""step_attempt"": 3, ""step_elapsed_s"": 28.22067282302305, ""step_event_index"": 158, ""total_hand_translation_m"": null, ""trial_finished_elapsed_s"": null, ""trial_recording"": true, ""trial_required_tool_ids"": [14, 26, 33]}"
2026-09-04T17:28:40.638-04:00,apoorva,gesture,hover,hover,r1_gear_rod,Row 1.2: assemble gear rod,ready,3,159,31,GEAR_ROW4_LEFT,,,,,,,,,,,,,,,,,,,,,,,"{""acquired_tool_ids"": [14, 26], ""acquisition_complete"": false, ""completed_steps"": [""r2_bearing_right"", ""r2_bearing_left""], ""head_rotation_deg"": null, ""head_translation_m"": null, ""left_hand_translation_m"": null, ""removed_tool_ids"": [20, 21], ""right_hand_translation_m"": null, ""selected_step"": ""r1_gear_rod"", ""step_attempt"": 3, ""step_elapsed_s"": 29.28534868604038, ""step_event_index"": 159, ""total_hand_translation_m"": null, ""trial_finished_elapsed_s"": null, ""trial_recording"": true, ""trial_required_tool_ids"": [14, 26, 33]}"
2026-09-04T17:28:40.732-04:00,apoorva,gesture,tts_queued,lifecycle,r1_gear_rod,Row 1.2: assemble gear rod,ready,3,160,,,,29.378832,,,,,,,,,,,,,,,,Row 4 left gear,,,replace_hover,,"{""acquired_tool_ids"": [14, 26], ""acquisition_complete"": false, ""completed_steps"": [""r2_bearing_right"", ""r2_bearing_left""], ""head_rotation_deg"": null, ""head_translation_m"": null, ""left_hand_translation_m"": null, ""removed_tool_ids"": [20, 21], ""right_hand_translation_m"": null, ""selected_step"": ""r1_gear_rod"", ""step_attempt"": 3, ""step_elapsed_s"": 29.378841656958684, ""step_event_index"": 160, ""total_hand_translation_m"": null, ""trial_finished_elapsed_s"": null, ""trial_recording"": true, ""trial_required_tool_ids"": [14, 26, 33]}"
2026-09-04T17:28:40.788-04:00,apoorva,gesture,tts_finished,lifecycle,r1_gear_rod,Row 1.2: assemble gear rod,ready,3,161,,,,29.435496,,,,,,,,,,,,,,,,Row 2 right gear,,,,,"{""acquired_tool_ids"": [14, 26], ""acquisition_complete"": false, ""completed_steps"": [""r2_bearing_right"", ""r2_bearing_left""], ""head_rotation_deg"": null, ""head_translation_m"": null, ""left_hand_translation_m"": null, ""removed_tool_ids"": [20, 21], ""right_hand_translation_m"": null, ""selected_step"": ""r1_gear_rod"", ""step_attempt"": 3, ""step_elapsed_s"": 29.435507716960274, ""step_event_index"": 161, ""total_hand_translation_m"": null, ""trial_finished_elapsed_s"": null, ""trial_recording"": true, ""trial_required_tool_ids"": [14, 26, 33]}"
2026-09-04T17:28:40.953-04:00,apoorva,gesture,tts_started,lifecycle,r1_gear_rod,Row 1.2: assemble gear rod,ready,3,162,,,,29.600633,,,,,,,,,,,,,,,,Row 4 left gear,,,,,"{""acquired_tool_ids"": [14, 26], ""acquisition_complete"": false, ""completed_steps"": [""r2_bearing_right"", ""r2_bearing_left""], ""head_rotation_deg"": null, ""head_translation_m"": null, ""left_hand_translation_m"": null, ""removed_tool_ids"": [20, 21], ""right_hand_translation_m"": null, ""selected_step"": ""r1_gear_rod"", ""step_attempt"": 3, ""step_elapsed_s"": 29.600647752988152, ""step_event_index"": 162, ""total_hand_translation_m"": null, ""trial_finished_elapsed_s"": null, ""trial_recording"": true, ""trial_required_tool_ids"": [14, 26, 33]}"
2026-09-04T17:28:41.859-04:00,apoorva,gesture,hover,hover,r1_gear_rod,Row 1.2: assemble gear rod,ready,3,163,33,PINS,,,,,,,,,,,,,,,,,,,,,,,"{""acquired_tool_ids"": [14, 26], ""acquisition_complete"": false, ""completed_steps"": [""r2_bearing_right"", ""r2_bearing_left""], ""head_rotation_deg"": null, ""head_translation_m"": null, ""left_hand_translation_m"": null, ""removed_tool_ids"": [20, 21], ""right_hand_translation_m"": null, ""selected_step"": ""r1_gear_rod"", ""step_attempt"": 3, ""step_elapsed_s"": 30.50602157099638, ""step_event_index"": 163, ""total_hand_translation_m"": null, ""trial_finished_elapsed_s"": null, ""trial_recording"": true, ""trial_required_tool_ids"": [14, 26, 33]}"
2026-09-04T17:28:41.974-04:00,apoorva,gesture,tts_queued,lifecycle,r1_gear_rod,Row 1.2: assemble gear rod,ready,3,164,,,,30.621718,,,,,,,,,,,,,,,,pin,,,replace_hover,,"{""acquired_tool_ids"": [14, 26], ""acquisition_complete"": false, ""completed_steps"": [""r2_bearing_right"", ""r2_bearing_left""], ""head_rotation_deg"": null, ""head_translation_m"": null, ""left_hand_translation_m"": null, ""removed_tool_ids"": [20, 21], ""right_hand_translation_m"": null, ""selected_step"": ""r1_gear_rod"", ""step_attempt"": 3, ""step_elapsed_s"": 30.621729590930045, ""step_event_index"": 164, ""total_hand_translation_m"": null, ""trial_finished_elapsed_s"": null, ""trial_recording"": true, ""trial_required_tool_ids"": [14, 26, 33]}"
2026-09-04T17:28:42.027-04:00,apoorva,gesture,tts_finished,lifecycle,r1_gear_rod,Row 1.2: assemble gear rod,ready,3,165,,,,30.674140,,,,,,,,,,,,,,,,Row 4 left gear,,,,,"{""acquired_tool_ids"": [14, 26], ""acquisition_complete"": false, ""completed_steps"": [""r2_bearing_right"", ""r2_bearing_left""], ""head_rotation_deg"": null, ""head_translation_m"": null, ""left_hand_translation_m"": null, ""removed_tool_ids"": [20, 21], ""right_hand_translation_m"": null, ""selected_step"": ""r1_gear_rod"", ""step_attempt"": 3, ""step_elapsed_s"": 30.674149947008118, ""step_event_index"": 165, ""total_hand_translation_m"": null, ""trial_finished_elapsed_s"": null, ""trial_recording"": true, ""trial_required_tool_ids"": [14, 26, 33]}"
2026-09-04T17:28:42.056-04:00,apoorva,gesture,tts_started,lifecycle,r1_gear_rod,Row 1.2: assemble gear rod,ready,3,166,,,,30.703227,,,,,,,,,,,,,,,,pin,,,,,"{""acquired_tool_ids"": [14, 26], ""acquisition_complete"": false, ""completed_steps"": [""r2_bearing_right"", ""r2_bearing_left""], ""head_rotation_deg"": null, ""head_translation_m"": null, ""left_hand_translation_m"": null, ""removed_tool_ids"": [20, 21], ""right_hand_translation_m"": null, ""selected_step"": ""r1_gear_rod"", ""step_attempt"": 3, ""step_elapsed_s"": 30.703237712965347, ""step_event_index"": 166, ""total_hand_translation_m"": null, ""trial_finished_elapsed_s"": null, ""trial_recording"": true, ""trial_required_tool_ids"": [14, 26, 33]}"
2026-09-04T17:28:42.681-04:00,apoorva,gesture,tts_finished,lifecycle,r1_gear_rod,Row 1.2: assemble gear rod,ready,3,167,,,,31.328378,,,,,,,,,,,,,,,,pin,,,,,"{""acquired_tool_ids"": [14, 26], ""acquisition_complete"": false, ""completed_steps"": [""r2_bearing_right"", ""r2_bearing_left""], ""head_rotation_deg"": null, ""head_translation_m"": null, ""left_hand_translation_m"": null, ""removed_tool_ids"": [20, 21], ""right_hand_translation_m"": null, ""selected_step"": ""r1_gear_rod"", ""step_attempt"": 3, ""step_elapsed_s"": 31.32839043601416, ""step_event_index"": 167, ""total_hand_translation_m"": null, ""trial_finished_elapsed_s"": null, ""trial_recording"": true, ""trial_required_tool_ids"": [14, 26, 33]}"
2026-09-04T17:28:43.185-04:00,apoorva,gesture,hover,hover,r1_gear_rod,Row 1.2: assemble gear rod,ready,3,168,33,PINS,,,,,,,,,,,,,,,,,,,,,,,"{""acquired_tool_ids"": [14, 26], ""acquisition_complete"": false, ""completed_steps"": [""r2_bearing_right"", ""r2_bearing_left""], ""head_rotation_deg"": null, ""head_translation_m"": null, ""left_hand_translation_m"": null, ""removed_tool_ids"": [20, 21], ""right_hand_translation_m"": null, ""selected_step"": ""r1_gear_rod"", ""step_attempt"": 3, ""step_elapsed_s"": 31.831834835000336, ""step_event_index"": 168, ""total_hand_translation_m"": null, ""trial_finished_elapsed_s"": null, ""trial_recording"": true, ""trial_required_tool_ids"": [14, 26, 33]}"
2026-09-04T17:28:43.259-04:00,apoorva,gesture,tts_queued,lifecycle,r1_gear_rod,Row 1.2: assemble gear rod,ready,3,169,,,,31.906227,,,,,,,,,,,,,,,,pin,,,replace_hover,,"{""acquired_tool_ids"": [14, 26], ""acquisition_complete"": false, ""completed_steps"": [""r2_bearing_right"", ""r2_bearing_left""], ""head_rotation_deg"": null, ""head_translation_m"": null, ""left_hand_translation_m"": null, ""removed_tool_ids"": [20, 21], ""right_hand_translation_m"": null, ""selected_step"": ""r1_gear_rod"", ""step_attempt"": 3, ""step_elapsed_s"": 31.90623849001713, ""step_event_index"": 169, ""total_hand_translation_m"": null, ""trial_finished_elapsed_s"": null, ""trial_recording"": true, ""trial_required_tool_ids"": [14, 26, 33]}"
2026-09-04T17:28:43.347-04:00,apoorva,gesture,tts_started,lifecycle,r1_gear_rod,Row 1.2: assemble gear rod,ready,3,170,,,,31.994656,,,,,,,,,,,,,,,,pin,,,,,"{""acquired_tool_ids"": [14, 26], ""acquisition_complete"": false, ""completed_steps"": [""r2_bearing_right"", ""r2_bearing_left""], ""head_rotation_deg"": null, ""head_translation_m"": null, ""left_hand_translation_m"": null, ""removed_tool_ids"": [20, 21], ""right_hand_translation_m"": null, ""selected_step"": ""r1_gear_rod"", ""step_attempt"": 3, ""step_elapsed_s"": 31.994663271005265, ""step_event_index"": 170, ""total_hand_translation_m"": null, ""trial_finished_elapsed_s"": null, ""trial_recording"": true, ""trial_required_tool_ids"": [14, 26, 33]}"
2026-09-04T17:28:43.849-04:00,apoorva,gesture,tts_finished,lifecycle,r1_gear_rod,Row 1.2: assemble gear rod,ready,3,171,,,,32.495834,,,,,,,,,,,,,,,,pin,,,,,"{""acquired_tool_ids"": [14, 26], ""acquisition_complete"": false, ""completed_steps"": [""r2_bearing_right"", ""r2_bearing_left""], ""head_rotation_deg"": null, ""head_translation_m"": null, ""left_hand_translation_m"": null, ""removed_tool_ids"": [20, 21], ""right_hand_translation_m"": null, ""selected_step"": ""r1_gear_rod"", ""step_attempt"": 3, ""step_elapsed_s"": 32.49584845593199, ""step_event_index"": 171, ""total_hand_translation_m"": null, ""trial_finished_elapsed_s"": null, ""trial_recording"": true, ""trial_required_tool_ids"": [14, 26, 33]}"
2026-09-04T17:28:44.487-04:00,apoorva,gesture,part_selection,click,r1_gear_rod,Row 1.2: assemble gear rod,ready,3,172,33,PINS,12.871676,33.133844,,,,,,,,,,,,,,,1,,,,,,"{""acquired_tool_ids"": [14, 26, 33], ""acquisition_complete"": false, ""completed_steps"": [""r2_bearing_right"", ""r2_bearing_left""], ""head_rotation_deg"": null, ""head_translation_m"": null, ""left_hand_translation_m"": null, ""removed_tool_ids"": [20, 21], ""right_hand_translation_m"": null, ""selected_step"": ""r1_gear_rod"", ""step_attempt"": 3, ""step_elapsed_s"": 33.13387680496089, ""step_event_index"": 172, ""total_hand_translation_m"": null, ""trial_finished_elapsed_s"": null, ""trial_recording"": true, ""trial_required_tool_ids"": [14, 26, 33]}"
2026-09-04T17:28:44.610-04:00,apoorva,gesture,object_acquired,click,r1_gear_rod,Row 1.2: assemble gear rod,ready,3,173,33,PINS,12.871676,33.133844,,,,,,,,,,,,,,,1,,,,,,"{""acquired_tool_ids"": [14, 26, 33], ""acquisition_complete"": false, ""completed_steps"": [""r2_bearing_right"", ""r2_bearing_left""], ""head_rotation_deg"": null, ""head_translation_m"": null, ""left_hand_translation_m"": null, ""removed_tool_ids"": [20, 21], ""right_hand_translation_m"": null, ""selected_step"": ""r1_gear_rod"", ""step_attempt"": 3, ""step_elapsed_s"": 33.25767716800328, ""step_event_index"": 173, ""total_hand_translation_m"": null, ""trial_finished_elapsed_s"": null, ""trial_recording"": true, ""trial_required_tool_ids"": [14, 26, 33]}"
2026-09-04T17:28:44.755-04:00,apoorva,gesture,step_acquisition_complete,click,r1_gear_rod,Row 1.2: assemble gear rod,ready,3,174,,,,33.399917,1.136684,187.549613,1.703470,1.663892,3.367362,0.000000,9.013303,9.013303,41.386583,0,28,0.000000,0.383627,0.383627,,,,,,,"{""acquired_tool_ids"": [14, 26, 33], ""acquisition_complete"": true, ""any_hover_time_s"": 9.013302582199685, ""completed_steps"": [""r2_bearing_right"", ""r2_bearing_left""], ""head_rotation_deg"": 187.54961343336004, ""head_translation_m"": 1.1366843190228293, ""hover_time_percent"": 41.38658310676715, ""left_hand_translation_m"": 1.703469869137999, ""left_hover_episodes"": 0, ""left_hover_time_s"": 0.0, ""left_hover_translation_m"": 0.0, ""removed_tool_ids"": [14, 20, 21, 26], ""right_hand_translation_m"": 1.6638917893084322, ""right_hover_episodes"": 28, ""right_hover_time_s"": 9.013302582199685, ""right_hover_translation_m"": 0.3836270615469479, ""selected_step"": ""r1_gear_rod"", ""step_attempt"": 3, ""step_elapsed_s"": 33.399916957947426, ""step_event_index"": 174, ""total_hand_translation_m"": 3.3673616584464314, ""total_hover_translation_m"": 0.3836270615469479, ""trial_finished_elapsed_s"": 33.399916957947426, ""trial_recording"": false, ""trial_required_tool_ids"": [14, 26, 33]}"
2026-09-04T17:28:44.826-04:00,apoorva,gesture,graph_complete,,r1_gear_rod,Row 1.2: assemble gear rod,complete,3,175,,,,,,,,,,,,,,,,,,,,,,,,,"{""acquired_tool_ids"": [14, 26, 33], ""acquisition_complete"": true, ""any_hover_time_s"": 9.013302582199685, ""completed_steps"": [""r2_bearing_right"", ""r2_bearing_left"", ""r1_gear_rod""], ""head_rotation_deg"": 187.54961343336004, ""head_translation_m"": 1.1366843190228293, ""hover_time_percent"": 41.38658310676715, ""left_hand_translation_m"": 1.703469869137999, ""left_hover_episodes"": 0, ""left_hover_time_s"": 0.0, ""left_hover_translation_m"": 0.0, ""removed_tool_ids"": [14, 20, 21, 26], ""right_hand_translation_m"": 1.6638917893084322, ""right_hover_episodes"": 28, ""right_hover_time_s"": 9.013302582199685, ""right_hover_translation_m"": 0.3836270615469479, ""selected_step"": ""r1_gear_rod"", ""step_attempt"": 3, ""step_elapsed_s"": 33.399916957947426, ""step_event_index"": 175, ""total_hand_translation_m"": 3.3673616584464314, ""total_hover_translation_m"": 0.3836270615469479, ""trial_finished_elapsed_s"": 33.399916957947426, ""trial_recording"": false, ""trial_required_tool_ids"": [14, 26, 33]}"
2026-09-04T17:29:03.211-04:00,apoorva,gesture,step_started,keyboard,r1_bearing_right,Row 1.1: bearing into right stand,ready,4,1,,,,,,,,,,,,,,,,,,,,,,,,,"{""acquired_tool_ids"": [], ""acquisition_complete"": false, ""completed_steps"": [""r2_bearing_right"", ""r2_bearing_left"", ""r1_gear_rod""], ""head_rotation_deg"": null, ""head_translation_m"": null, ""left_hand_translation_m"": null, ""removed_tool_ids"": [14, 20, 21, 26], ""right_hand_translation_m"": null, ""selected_step"": ""r1_bearing_right"", ""step_attempt"": 4, ""step_elapsed_s"": 0.0006019900320097804, ""step_event_index"": 1, ""total_hand_translation_m"": null, ""trial_finished_elapsed_s"": null, ""trial_recording"": true, ""trial_required_tool_ids"": [19, 34]}"
2026-09-04T17:29:03.428-04:00,apoorva,gesture,hover,hover,r1_bearing_right,Row 1.1: bearing into right stand,ready,4,2,19,GEAR_STAND_ROW1_RIGHT,,,,,,,,,,,,,,,,,,,,,,,"{""acquired_tool_ids"": [], ""acquisition_complete"": false, ""completed_steps"": [""r2_bearing_right"", ""r2_bearing_left"", ""r1_gear_rod""], ""head_rotation_deg"": null, ""head_translation_m"": null, ""left_hand_translation_m"": null, ""removed_tool_ids"": [14, 20, 21, 26], ""right_hand_translation_m"": null, ""selected_step"": ""r1_bearing_right"", ""step_attempt"": 4, ""step_elapsed_s"": 0.2177005490520969, ""step_event_index"": 2, ""total_hand_translation_m"": null, ""trial_finished_elapsed_s"": null, ""trial_recording"": true, ""trial_required_tool_ids"": [19, 34]}"
2026-09-04T17:29:03.454-04:00,apoorva,gesture,tts_queued,lifecycle,r1_bearing_right,Row 1.1: bearing into right stand,ready,4,3,,,,0.243428,,,,,,,,,,,,,,,,Row 1 right stand,,,replace_hover,,"{""acquired_tool_ids"": [], ""acquisition_complete"": false, ""completed_steps"": [""r2_bearing_right"", ""r2_bearing_left"", ""r1_gear_rod""], ""head_rotation_deg"": null, ""head_translation_m"": null, ""left_hand_translation_m"": null, ""removed_tool_ids"": [14, 20, 21, 26], ""right_hand_translation_m"": null, ""selected_step"": ""r1_bearing_right"", ""step_attempt"": 4, ""step_elapsed_s"": 0.24343992001377046, ""step_event_index"": 3, ""total_hand_translation_m"": null, ""trial_finished_elapsed_s"": null, ""trial_recording"": true, ""trial_required_tool_ids"": [19, 34]}"
2026-09-04T17:29:03.556-04:00,apoorva,gesture,tts_started,lifecycle,r1_bearing_right,Row 1.1: bearing into right stand,ready,4,4,,,,0.345520,,,,,,,,,,,,,,,,Row 1 right stand,,,,,"{""acquired_tool_ids"": [], ""acquisition_complete"": false, ""completed_steps"": [""r2_bearing_right"", ""r2_bearing_left"", ""r1_gear_rod""], ""head_rotation_deg"": null, ""head_translation_m"": null, ""left_hand_translation_m"": null, ""removed_tool_ids"": [14, 20, 21, 26], ""right_hand_translation_m"": null, ""selected_step"": ""r1_bearing_right"", ""step_attempt"": 4, ""step_elapsed_s"": 0.3455338090425357, ""step_event_index"": 4, ""total_hand_translation_m"": null, ""trial_finished_elapsed_s"": null, ""trial_recording"": true, ""trial_required_tool_ids"": [19, 34]}"
2026-09-04T17:29:04.254-04:00,apoorva,gesture,hover,hover,r1_bearing_right,Row 1.1: bearing into right stand,ready,4,5,19,GEAR_STAND_ROW1_RIGHT,,,,,,,,,,,,,,,,,,,,,,,"{""acquired_tool_ids"": [], ""acquisition_complete"": false, ""completed_steps"": [""r2_bearing_right"", ""r2_bearing_left"", ""r1_gear_rod""], ""head_rotation_deg"": null, ""head_translation_m"": null, ""left_hand_translation_m"": null, ""removed_tool_ids"": [14, 20, 21, 26], ""right_hand_translation_m"": null, ""selected_step"": ""r1_bearing_right"", ""step_attempt"": 4, ""step_elapsed_s"": 1.043853644048795, ""step_event_index"": 5, ""total_hand_translation_m"": null, ""trial_finished_elapsed_s"": null, ""trial_recording"": true, ""trial_required_tool_ids"": [19, 34]}"
2026-09-04T17:29:04.293-04:00,apoorva,gesture,tts_queued,lifecycle,r1_bearing_right,Row 1.1: bearing into right stand,ready,4,6,,,,1.082117,,,,,,,,,,,,,,,,Row 1 right stand,,,replace_hover,,"{""acquired_tool_ids"": [], ""acquisition_complete"": false, ""completed_steps"": [""r2_bearing_right"", ""r2_bearing_left"", ""r1_gear_rod""], ""head_rotation_deg"": null, ""head_translation_m"": null, ""left_hand_translation_m"": null, ""removed_tool_ids"": [14, 20, 21, 26], ""right_hand_translation_m"": null, ""selected_step"": ""r1_bearing_right"", ""step_attempt"": 4, ""step_elapsed_s"": 1.0821288600564003, ""step_event_index"": 6, ""total_hand_translation_m"": null, ""trial_finished_elapsed_s"": null, ""trial_recording"": true, ""trial_required_tool_ids"": [19, 34]}"
2026-09-04T17:29:04.364-04:00,apoorva,gesture,tts_finished,lifecycle,r1_bearing_right,Row 1.1: bearing into right stand,ready,4,7,,,,1.153542,,,,,,,,,,,,,,,,Row 1 right stand,,,,,"{""acquired_tool_ids"": [], ""acquisition_complete"": false, ""completed_steps"": [""r2_bearing_right"", ""r2_bearing_left"", ""r1_gear_rod""], ""head_rotation_deg"": null, ""head_translation_m"": null, ""left_hand_translation_m"": null, ""removed_tool_ids"": [14, 20, 21, 26], ""right_hand_translation_m"": null, ""selected_step"": ""r1_bearing_right"", ""step_attempt"": 4, ""step_elapsed_s"": 1.1535572990542278, ""step_event_index"": 7, ""total_hand_translation_m"": null, ""trial_finished_elapsed_s"": null, ""trial_recording"": true, ""trial_required_tool_ids"": [19, 34]}"
2026-09-04T17:29:04.418-04:00,apoorva,gesture,tts_started,lifecycle,r1_bearing_right,Row 1.1: bearing into right stand,ready,4,8,,,,1.207607,,,,,,,,,,,,,,,,Row 1 right stand,,,,,"{""acquired_tool_ids"": [], ""acquisition_complete"": false, ""completed_steps"": [""r2_bearing_right"", ""r2_bearing_left"", ""r1_gear_rod""], ""head_rotation_deg"": null, ""head_translation_m"": null, ""left_hand_translation_m"": null, ""removed_tool_ids"": [14, 20, 21, 26], ""right_hand_translation_m"": null, ""selected_step"": ""r1_bearing_right"", ""step_attempt"": 4, ""step_elapsed_s"": 1.2076177310664207, ""step_event_index"": 8, ""total_hand_translation_m"": null, ""trial_finished_elapsed_s"": null, ""trial_recording"": true, ""trial_required_tool_ids"": [19, 34]}"
2026-09-04T17:29:04.711-04:00,apoorva,gesture,hover,hover,r1_bearing_right,Row 1.1: bearing into right stand,ready,4,9,18,GEAR_STAND_ROW1_LEFT,,,,,,,,,,,,,,,,,,,,,,,"{""acquired_tool_ids"": [], ""acquisition_complete"": false, ""completed_steps"": [""r2_bearing_right"", ""r2_bearing_left"", ""r1_gear_rod""], ""head_rotation_deg"": null, ""head_translation_m"": null, ""left_hand_translation_m"": null, ""removed_tool_ids"": [14, 20, 21, 26], ""right_hand_translation_m"": null, ""selected_step"": ""r1_bearing_right"", ""step_attempt"": 4, ""step_elapsed_s"": 1.5002158309798688, ""step_event_index"": 9, ""total_hand_translation_m"": null, ""trial_finished_elapsed_s"": null, ""trial_recording"": true, ""trial_required_tool_ids"": [19, 34]}"
2026-09-04T17:29:04.739-04:00,apoorva,gesture,tts_queued,lifecycle,r1_bearing_right,Row 1.1: bearing into right stand,ready,4,10,,,,1.528230,,,,,,,,,,,,,,,,Row 1 left stand,,,replace_hover,,"{""acquired_tool_ids"": [], ""acquisition_complete"": false, ""completed_steps"": [""r2_bearing_right"", ""r2_bearing_left"", ""r1_gear_rod""], ""head_rotation_deg"": null, ""head_translation_m"": null, ""left_hand_translation_m"": null, ""removed_tool_ids"": [14, 20, 21, 26], ""right_hand_translation_m"": null, ""selected_step"": ""r1_bearing_right"", ""step_attempt"": 4, ""step_elapsed_s"": 1.528239374049008, ""step_event_index"": 10, ""total_hand_translation_m"": null, ""trial_finished_elapsed_s"": null, ""trial_recording"": true, ""trial_required_tool_ids"": [19, 34]}"
2026-09-04T17:29:04.758-04:00,apoorva,gesture,tts_finished,lifecycle,r1_bearing_right,Row 1.1: bearing into right stand,ready,4,11,,,,1.547703,,,,,,,,,,,,,,,,Row 1 right stand,,,,,"{""acquired_tool_ids"": [], ""acquisition_complete"": false, ""completed_steps"": [""r2_bearing_right"", ""r2_bearing_left"", ""r1_gear_rod""], ""head_rotation_deg"": null, ""head_translation_m"": null, ""left_hand_translation_m"": null, ""removed_tool_ids"": [14, 20, 21, 26], ""right_hand_translation_m"": null, ""selected_step"": ""r1_bearing_right"", ""step_attempt"": 4, ""step_elapsed_s"": 1.5477108689956367, ""step_event_index"": 11, ""total_hand_translation_m"": null, ""trial_finished_elapsed_s"": null, ""trial_recording"": true, ""trial_required_tool_ids"": [19, 34]}"
2026-09-04T17:29:04.774-04:00,apoorva,gesture,tts_started,lifecycle,r1_bearing_right,Row 1.1: bearing into right stand,ready,4,12,,,,1.563770,,,,,,,,,,,,,,,,Row 1 left stand,,,,,"{""acquired_tool_ids"": [], ""acquisition_complete"": false, ""completed_steps"": [""r2_bearing_right"", ""r2_bearing_left"", ""r1_gear_rod""], ""head_rotation_deg"": null, ""head_translation_m"": null, ""left_hand_translation_m"": null, ""removed_tool_ids"": [14, 20, 21, 26], ""right_hand_translation_m"": null, ""selected_step"": ""r1_bearing_right"", ""step_attempt"": 4, ""step_elapsed_s"": 1.5637799870455638, ""step_event_index"": 12, ""total_hand_translation_m"": null, ""trial_finished_elapsed_s"": null, ""trial_recording"": true, ""trial_required_tool_ids"": [19, 34]}"
2026-09-04T17:29:05.065-04:00,apoorva,gesture,hover,hover,r1_bearing_right,Row 1.1: bearing into right stand,ready,4,13,19,GEAR_STAND_ROW1_RIGHT,,,,,,,,,,,,,,,,,,,,,,,"{""acquired_tool_ids"": [], ""acquisition_complete"": false, ""completed_steps"": [""r2_bearing_right"", ""r2_bearing_left"", ""r1_gear_rod""], ""head_rotation_deg"": null, ""head_translation_m"": null, ""left_hand_translation_m"": null, ""removed_tool_ids"": [14, 20, 21, 26], ""right_hand_translation_m"": null, ""selected_step"": ""r1_bearing_right"", ""step_attempt"": 4, ""step_elapsed_s"": 1.8544701270293444, ""step_event_index"": 13, ""total_hand_translation_m"": null, ""trial_finished_elapsed_s"": null, ""trial_recording"": true, ""trial_required_tool_ids"": [19, 34]}"
2026-09-04T17:29:05.088-04:00,apoorva,gesture,tts_queued,lifecycle,r1_bearing_right,Row 1.1: bearing into right stand,ready,4,14,,,,1.877338,,,,,,,,,,,,,,,,Row 1 right stand,,,replace_hover,,"{""acquired_tool_ids"": [], ""acquisition_complete"": false, ""completed_steps"": [""r2_bearing_right"", ""r2_bearing_left"", ""r1_gear_rod""], ""head_rotation_deg"": null, ""head_translation_m"": null, ""left_hand_translation_m"": null, ""removed_tool_ids"": [14, 20, 21, 26], ""right_hand_translation_m"": null, ""selected_step"": ""r1_bearing_right"", ""step_attempt"": 4, ""step_elapsed_s"": 1.8773494589840993, ""step_event_index"": 14, ""total_hand_translation_m"": null, ""trial_finished_elapsed_s"": null, ""trial_recording"": true, ""trial_required_tool_ids"": [19, 34]}"
2026-09-04T17:29:05.137-04:00,apoorva,gesture,tts_finished,lifecycle,r1_bearing_right,Row 1.1: bearing into right stand,ready,4,15,,,,1.926253,,,,,,,,,,,,,,,,Row 1 left stand,,,,,"{""acquired_tool_ids"": [], ""acquisition_complete"": false, ""completed_steps"": [""r2_bearing_right"", ""r2_bearing_left"", ""r1_gear_rod""], ""head_rotation_deg"": null, ""head_translation_m"": null, ""left_hand_translation_m"": null, ""removed_tool_ids"": [14, 20, 21, 26], ""right_hand_translation_m"": null, ""selected_step"": ""r1_bearing_right"", ""step_attempt"": 4, ""step_elapsed_s"": 1.9262716179946437, ""step_event_index"": 15, ""total_hand_translation_m"": null, ""trial_finished_elapsed_s"": null, ""trial_recording"": true, ""trial_required_tool_ids"": [19, 34]}"
2026-09-04T17:29:05.158-04:00,apoorva,gesture,tts_started,lifecycle,r1_bearing_right,Row 1.1: bearing into right stand,ready,4,16,,,,1.947302,,,,,,,,,,,,,,,,Row 1 right stand,,,,,"{""acquired_tool_ids"": [], ""acquisition_complete"": false, ""completed_steps"": [""r2_bearing_right"", ""r2_bearing_left"", ""r1_gear_rod""], ""head_rotation_deg"": null, ""head_translation_m"": null, ""left_hand_translation_m"": null, ""removed_tool_ids"": [14, 20, 21, 26], ""right_hand_translation_m"": null, ""selected_step"": ""r1_bearing_right"", ""step_attempt"": 4, ""step_elapsed_s"": 1.9473124430514872, ""step_event_index"": 16, ""total_hand_translation_m"": null, ""trial_finished_elapsed_s"": null, ""trial_recording"": true, ""trial_required_tool_ids"": [19, 34]}"
2026-09-04T17:29:06.592-04:00,apoorva,gesture,tts_finished,lifecycle,r1_bearing_right,Row 1.1: bearing into right stand,ready,4,17,,,,3.381196,,,,,,,,,,,,,,,,Row 1 right stand,,,,,"{""acquired_tool_ids"": [], ""acquisition_complete"": false, ""completed_steps"": [""r2_bearing_right"", ""r2_bearing_left"", ""r1_gear_rod""], ""head_rotation_deg"": null, ""head_translation_m"": null, ""left_hand_translation_m"": null, ""removed_tool_ids"": [14, 20, 21, 26], ""right_hand_translation_m"": null, ""selected_step"": ""r1_bearing_right"", ""step_attempt"": 4, ""step_elapsed_s"": 3.381208401056938, ""step_event_index"": 17, ""total_hand_translation_m"": null, ""trial_finished_elapsed_s"": null, ""trial_recording"": true, ""trial_required_tool_ids"": [19, 34]}"
2026-09-04T17:29:06.649-04:00,apoorva,gesture,part_selection,click,r1_bearing_right,Row 1.1: bearing into right stand,ready,4,18,19,GEAR_STAND_ROW1_RIGHT,3.438430,3.438430,,,,,,,,,,,,,,,1,,,,,,"{""acquired_tool_ids"": [19], ""acquisition_complete"": false, ""completed_steps"": [""r2_bearing_right"", ""r2_bearing_left"", ""r1_gear_rod""], ""head_rotation_deg"": null, ""head_translation_m"": null, ""left_hand_translation_m"": null, ""removed_tool_ids"": [14, 20, 21, 26], ""right_hand_translation_m"": null, ""selected_step"": ""r1_bearing_right"", ""step_attempt"": 4, ""step_elapsed_s"": 3.4384981349576265, ""step_event_index"": 18, ""total_hand_translation_m"": null, ""trial_finished_elapsed_s"": null, ""trial_recording"": true, ""trial_required_tool_ids"": [19, 34]}"
2026-09-04T17:29:06.662-04:00,apoorva,gesture,object_acquired,click,r1_bearing_right,Row 1.1: bearing into right stand,ready,4,19,19,GEAR_STAND_ROW1_RIGHT,3.438430,3.438430,,,,,,,,,,,,,,,1,,,,,,"{""acquired_tool_ids"": [19], ""acquisition_complete"": false, ""completed_steps"": [""r2_bearing_right"", ""r2_bearing_left"", ""r1_gear_rod""], ""head_rotation_deg"": null, ""head_translation_m"": null, ""left_hand_translation_m"": null, ""removed_tool_ids"": [14, 20, 21, 26], ""right_hand_translation_m"": null, ""selected_step"": ""r1_bearing_right"", ""step_attempt"": 4, ""step_elapsed_s"": 3.451357098063454, ""step_event_index"": 19, ""total_hand_translation_m"": null, ""trial_finished_elapsed_s"": null, ""trial_recording"": true, ""trial_required_tool_ids"": [19, 34]}"
2026-09-04T17:29:06.672-04:00,apoorva,gesture,tts_queued,lifecycle,r1_bearing_right,Row 1.1: bearing into right stand,ready,4,20,,,,3.461097,,,,,,,,,,,,,,,,1 part left.,,,replace,,"{""acquired_tool_ids"": [19], ""acquisition_complete"": false, ""completed_steps"": [""r2_bearing_right"", ""r2_bearing_left"", ""r1_gear_rod""], ""head_rotation_deg"": null, ""head_translation_m"": null, ""left_hand_translation_m"": null, ""removed_tool_ids"": [14, 20, 21, 26], ""right_hand_translation_m"": null, ""selected_step"": ""r1_bearing_right"", ""step_attempt"": 4, ""step_elapsed_s"": 3.4611023269826546, ""step_event_index"": 20, ""total_hand_translation_m"": null, ""trial_finished_elapsed_s"": null, ""trial_recording"": true, ""trial_required_tool_ids"": [19, 34]}"
2026-09-04T17:29:06.707-04:00,apoorva,gesture,tts_started,lifecycle,r1_bearing_right,Row 1.1: bearing into right stand,ready,4,21,,,,3.496601,,,,,,,,,,,,,,,,1 part left.,,,,,"{""acquired_tool_ids"": [19], ""acquisition_complete"": false, ""completed_steps"": [""r2_bearing_right"", ""r2_bearing_left"", ""r1_gear_rod""], ""head_rotation_deg"": null, ""head_translation_m"": null, ""left_hand_translation_m"": null, ""removed_tool_ids"": [14, 20, 21, 26], ""right_hand_translation_m"": null, ""selected_step"": ""r1_bearing_right"", ""step_attempt"": 4, ""step_elapsed_s"": 3.4966183729702607, ""step_event_index"": 21, ""total_hand_translation_m"": null, ""trial_finished_elapsed_s"": null, ""trial_recording"": true, ""trial_required_tool_ids"": [19, 34]}"
2026-09-04T17:29:07.792-04:00,apoorva,gesture,tts_finished,lifecycle,r1_bearing_right,Row 1.1: bearing into right stand,ready,4,22,,,,4.581796,,,,,,,,,,,,,,,,1 part left.,,,,,"{""acquired_tool_ids"": [19], ""acquisition_complete"": false, ""completed_steps"": [""r2_bearing_right"", ""r2_bearing_left"", ""r1_gear_rod""], ""head_rotation_deg"": null, ""head_translation_m"": null, ""left_hand_translation_m"": null, ""removed_tool_ids"": [14, 20, 21, 26], ""right_hand_translation_m"": null, ""selected_step"": ""r1_bearing_right"", ""step_attempt"": 4, ""step_elapsed_s"": 4.581809830968268, ""step_event_index"": 22, ""total_hand_translation_m"": null, ""trial_finished_elapsed_s"": null, ""trial_recording"": true, ""trial_required_tool_ids"": [19, 34]}"
2026-09-04T17:29:10.024-04:00,apoorva,gesture,hover,hover,r1_bearing_right,Row 1.1: bearing into right stand,ready,4,23,29,GEAR_ROW3_LEFT,,,,,,,,,,,,,,,,,,,,,,,"{""acquired_tool_ids"": [19], ""acquisition_complete"": false, ""completed_steps"": [""r2_bearing_right"", ""r2_bearing_left"", ""r1_gear_rod""], ""head_rotation_deg"": null, ""head_translation_m"": null, ""left_hand_translation_m"": null, ""removed_tool_ids"": [14, 20, 21, 26], ""right_hand_translation_m"": null, ""selected_step"": ""r1_bearing_right"", ""step_attempt"": 4, ""step_elapsed_s"": 6.81317176099401, ""step_event_index"": 23, ""total_hand_translation_m"": null, ""trial_finished_elapsed_s"": null, ""trial_recording"": true, ""trial_required_tool_ids"": [19, 34]}"
2026-09-04T17:29:10.068-04:00,apoorva,gesture,tts_queued,lifecycle,r1_bearing_right,Row 1.1: bearing into right stand,ready,4,24,,,,6.857045,,,,,,,,,,,,,,,,Row 3 left gear,,,replace_hover,,"{""acquired_tool_ids"": [19], ""acquisition_complete"": false, ""completed_steps"": [""r2_bearing_right"", ""r2_bearing_left"", ""r1_gear_rod""], ""head_rotation_deg"": null, ""head_translation_m"": null, ""left_hand_translation_m"": null, ""removed_tool_ids"": [14, 20, 21, 26], ""right_hand_translation_m"": null, ""selected_step"": ""r1_bearing_right"", ""step_attempt"": 4, ""step_elapsed_s"": 6.857056478969753, ""step_event_index"": 24, ""total_hand_translation_m"": null, ""trial_finished_elapsed_s"": null, ""trial_recording"": true, ""trial_required_tool_ids"": [19, 34]}"
2026-09-04T17:29:10.104-04:00,apoorva,gesture,tts_started,lifecycle,r1_bearing_right,Row 1.1: bearing into right stand,ready,4,25,,,,6.890077,,,,,,,,,,,,,,,,Row 3 left gear,,,,,"{""acquired_tool_ids"": [19], ""acquisition_complete"": false, ""completed_steps"": [""r2_bearing_right"", ""r2_bearing_left"", ""r1_gear_rod""], ""head_rotation_deg"": null, ""head_translation_m"": null, ""left_hand_translation_m"": null, ""removed_tool_ids"": [14, 20, 21, 26], ""right_hand_translation_m"": null, ""selected_step"": ""r1_bearing_right"", ""step_attempt"": 4, ""step_elapsed_s"": 6.893189018010162, ""step_event_index"": 25, ""total_hand_translation_m"": null, ""trial_finished_elapsed_s"": null, ""trial_recording"": true, ""trial_required_tool_ids"": [19, 34]}"
2026-09-04T17:29:10.325-04:00,apoorva,gesture,hover,hover,r1_bearing_right,Row 1.1: bearing into right stand,ready,4,26,30,GEAR_ROW3_RIGHT,,,,,,,,,,,,,,,,,,,,,,,"{""acquired_tool_ids"": [19], ""acquisition_complete"": false, ""completed_steps"": [""r2_bearing_right"", ""r2_bearing_left"", ""r1_gear_rod""], ""head_rotation_deg"": null, ""head_translation_m"": null, ""left_hand_translation_m"": null, ""removed_tool_ids"": [14, 20, 21, 26], ""right_hand_translation_m"": null, ""selected_step"": ""r1_bearing_right"", ""step_attempt"": 4, ""step_elapsed_s"": 7.114691133028828, ""step_event_index"": 26, ""total_hand_translation_m"": null, ""trial_finished_elapsed_s"": null, ""trial_recording"": true, ""trial_required_tool_ids"": [19, 34]}"
2026-09-04T17:29:10.367-04:00,apoorva,gesture,tts_queued,lifecycle,r1_bearing_right,Row 1.1: bearing into right stand,ready,4,27,,,,7.156145,,,,,,,,,,,,,,,,Row 3 right gear,,,replace_hover,,"{""acquired_tool_ids"": [19], ""acquisition_complete"": false, ""completed_steps"": [""r2_bearing_right"", ""r2_bearing_left"", ""r1_gear_rod""], ""head_rotation_deg"": null, ""head_translation_m"": null, ""left_hand_translation_m"": null, ""removed_tool_ids"": [14, 20, 21, 26], ""right_hand_translation_m"": null, ""selected_step"": ""r1_bearing_right"", ""step_attempt"": 4, ""step_elapsed_s"": 7.156158318044618, ""step_event_index"": 27, ""total_hand_translation_m"": null, ""trial_finished_elapsed_s"": null, ""trial_recording"": true, ""trial_required_tool_ids"": [19, 34]}"
2026-09-04T17:29:10.432-04:00,apoorva,gesture,tts_finished,lifecycle,r1_bearing_right,Row 1.1: bearing into right stand,ready,4,28,,,,7.221896,,,,,,,,,,,,,,,,Row 3 left gear,,,,,"{""acquired_tool_ids"": [19], ""acquisition_complete"": false, ""completed_steps"": [""r2_bearing_right"", ""r2_bearing_left"", ""r1_gear_rod""], ""head_rotation_deg"": null, ""head_translation_m"": null, ""left_hand_translation_m"": null, ""removed_tool_ids"": [14, 20, 21, 26], ""right_hand_translation_m"": null, ""selected_step"": ""r1_bearing_right"", ""step_attempt"": 4, ""step_elapsed_s"": 7.221908085048199, ""step_event_index"": 28, ""total_hand_translation_m"": null, ""trial_finished_elapsed_s"": null, ""trial_recording"": true, ""trial_required_tool_ids"": [19, 34]}"
2026-09-04T17:29:10.455-04:00,apoorva,gesture,tts_started,lifecycle,r1_bearing_right,Row 1.1: bearing into right stand,ready,4,29,,,,7.244728,,,,,,,,,,,,,,,,Row 3 right gear,,,,,"{""acquired_tool_ids"": [19], ""acquisition_complete"": false, ""completed_steps"": [""r2_bearing_right"", ""r2_bearing_left"", ""r1_gear_rod""], ""head_rotation_deg"": null, ""head_translation_m"": null, ""left_hand_translation_m"": null, ""removed_tool_ids"": [14, 20, 21, 26], ""right_hand_translation_m"": null, ""selected_step"": ""r1_bearing_right"", ""step_attempt"": 4, ""step_elapsed_s"": 7.244738713023253, ""step_event_index"": 29, ""total_hand_translation_m"": null, ""trial_finished_elapsed_s"": null, ""trial_recording"": true, ""trial_required_tool_ids"": [19, 34]}"
2026-09-04T17:29:11.838-04:00,apoorva,gesture,hover,hover,r1_bearing_right,Row 1.1: bearing into right stand,ready,4,30,34,BEARINGS,,,,,,,,,,,,,,,,,,,,,,,"{""acquired_tool_ids"": [19], ""acquisition_complete"": false, ""completed_steps"": [""r2_bearing_right"", ""r2_bearing_left"", ""r1_gear_rod""], ""head_rotation_deg"": null, ""head_translation_m"": null, ""left_hand_translation_m"": null, ""removed_tool_ids"": [14, 20, 21, 26], ""right_hand_translation_m"": null, ""selected_step"": ""r1_bearing_right"", ""step_attempt"": 4, ""step_elapsed_s"": 8.627792012062855, ""step_event_index"": 30, ""total_hand_translation_m"": null, ""trial_finished_elapsed_s"": null, ""trial_recording"": true, ""trial_required_tool_ids"": [19, 34]}"
2026-09-04T17:29:11.887-04:00,apoorva,gesture,tts_queued,lifecycle,r1_bearing_right,Row 1.1: bearing into right stand,ready,4,31,,,,8.676469,,,,,,,,,,,,,,,,bearing,,,replace_hover,,"{""acquired_tool_ids"": [19], ""acquisition_complete"": false, ""completed_steps"": [""r2_bearing_right"", ""r2_bearing_left"", ""r1_gear_rod""], ""head_rotation_deg"": null, ""head_translation_m"": null, ""left_hand_translation_m"": null, ""removed_tool_ids"": [14, 20, 21, 26], ""right_hand_translation_m"": null, ""selected_step"": ""r1_bearing_right"", ""step_attempt"": 4, ""step_elapsed_s"": 8.676478756009601, ""step_event_index"": 31, ""total_hand_translation_m"": null, ""trial_finished_elapsed_s"": null, ""trial_recording"": true, ""trial_required_tool_ids"": [19, 34]}"
2026-09-04T17:29:11.927-04:00,apoorva,gesture,tts_finished,lifecycle,r1_bearing_right,Row 1.1: bearing into right stand,ready,4,32,,,,8.716438,,,,,,,,,,,,,,,,Row 3 right gear,,,,,"{""acquired_tool_ids"": [19], ""acquisition_complete"": false, ""completed_steps"": [""r2_bearing_right"", ""r2_bearing_left"", ""r1_gear_rod""], ""head_rotation_deg"": null, ""head_translation_m"": null, ""left_hand_translation_m"": null, ""removed_tool_ids"": [14, 20, 21, 26], ""right_hand_translation_m"": null, ""selected_step"": ""r1_bearing_right"", ""step_attempt"": 4, ""step_elapsed_s"": 8.716446653008461, ""step_event_index"": 32, ""total_hand_translation_m"": null, ""trial_finished_elapsed_s"": null, ""trial_recording"": true, ""trial_required_tool_ids"": [19, 34]}"
2026-09-04T17:29:11.944-04:00,apoorva,gesture,tts_started,lifecycle,r1_bearing_right,Row 1.1: bearing into right stand,ready,4,33,,,,8.733899,,,,,,,,,,,,,,,,bearing,,,,,"{""acquired_tool_ids"": [19], ""acquisition_complete"": false, ""completed_steps"": [""r2_bearing_right"", ""r2_bearing_left"", ""r1_gear_rod""], ""head_rotation_deg"": null, ""head_translation_m"": null, ""left_hand_translation_m"": null, ""removed_tool_ids"": [14, 20, 21, 26], ""right_hand_translation_m"": null, ""selected_step"": ""r1_bearing_right"", ""step_attempt"": 4, ""step_elapsed_s"": 8.733909378061071, ""step_event_index"": 33, ""total_hand_translation_m"": null, ""trial_finished_elapsed_s"": null, ""trial_recording"": true, ""trial_required_tool_ids"": [19, 34]}"
2026-09-04T17:29:12.780-04:00,apoorva,gesture,tts_finished,lifecycle,r1_bearing_right,Row 1.1: bearing into right stand,ready,4,34,,,,9.569393,,,,,,,,,,,,,,,,bearing,,,,,"{""acquired_tool_ids"": [19], ""acquisition_complete"": false, ""completed_steps"": [""r2_bearing_right"", ""r2_bearing_left"", ""r1_gear_rod""], ""head_rotation_deg"": null, ""head_translation_m"": null, ""left_hand_translation_m"": null, ""removed_tool_ids"": [14, 20, 21, 26], ""right_hand_translation_m"": null, ""selected_step"": ""r1_bearing_right"", ""step_attempt"": 4, ""step_elapsed_s"": 9.569404509034939, ""step_event_index"": 34, ""total_hand_translation_m"": null, ""trial_finished_elapsed_s"": null, ""trial_recording"": true, ""trial_required_tool_ids"": [19, 34]}"
2026-09-04T17:29:13.107-04:00,apoorva,gesture,hover,hover,r1_bearing_right,Row 1.1: bearing into right stand,ready,4,35,34,BEARINGS,,,,,,,,,,,,,,,,,,,,,,,"{""acquired_tool_ids"": [19], ""acquisition_complete"": false, ""completed_steps"": [""r2_bearing_right"", ""r2_bearing_left"", ""r1_gear_rod""], ""head_rotation_deg"": null, ""head_translation_m"": null, ""left_hand_translation_m"": null, ""removed_tool_ids"": [14, 20, 21, 26], ""right_hand_translation_m"": null, ""selected_step"": ""r1_bearing_right"", ""step_attempt"": 4, ""step_elapsed_s"": 9.89618107106071, ""step_event_index"": 35, ""total_hand_translation_m"": null, ""trial_finished_elapsed_s"": null, ""trial_recording"": true, ""trial_required_tool_ids"": [19, 34]}"
2026-09-04T17:29:13.150-04:00,apoorva,gesture,tts_queued,lifecycle,r1_bearing_right,Row 1.1: bearing into right stand,ready,4,36,,,,9.939202,,,,,,,,,,,,,,,,bearing,,,replace_hover,,"{""acquired_tool_ids"": [19], ""acquisition_complete"": false, ""completed_steps"": [""r2_bearing_right"", ""r2_bearing_left"", ""r1_gear_rod""], ""head_rotation_deg"": null, ""head_translation_m"": null, ""left_hand_translation_m"": null, ""removed_tool_ids"": [14, 20, 21, 26], ""right_hand_translation_m"": null, ""selected_step"": ""r1_bearing_right"", ""step_attempt"": 4, ""step_elapsed_s"": 9.939213208039291, ""step_event_index"": 36, ""total_hand_translation_m"": null, ""trial_finished_elapsed_s"": null, ""trial_recording"": true, ""trial_required_tool_ids"": [19, 34]}"
2026-09-04T17:29:13.205-04:00,apoorva,gesture,tts_started,lifecycle,r1_bearing_right,Row 1.1: bearing into right stand,ready,4,37,,,,9.994677,,,,,,,,,,,,,,,,bearing,,,,,"{""acquired_tool_ids"": [19], ""acquisition_complete"": false, ""completed_steps"": [""r2_bearing_right"", ""r2_bearing_left"", ""r1_gear_rod""], ""head_rotation_deg"": null, ""head_translation_m"": null, ""left_hand_translation_m"": null, ""removed_tool_ids"": [14, 20, 21, 26], ""right_hand_translation_m"": null, ""selected_step"": ""r1_bearing_right"", ""step_attempt"": 4, ""step_elapsed_s"": 9.994689960032701, ""step_event_index"": 37, ""total_hand_translation_m"": null, ""trial_finished_elapsed_s"": null, ""trial_recording"": true, ""trial_required_tool_ids"": [19, 34]}"
2026-09-04T17:29:13.825-04:00,apoorva,gesture,part_selection,click,r1_bearing_right,Row 1.1: bearing into right stand,ready,4,38,34,BEARINGS,7.176223,10.614654,,,,,,,,,,,,,,,1,,,,,,"{""acquired_tool_ids"": [19, 34], ""acquisition_complete"": false, ""completed_steps"": [""r2_bearing_right"", ""r2_bearing_left"", ""r1_gear_rod""], ""head_rotation_deg"": null, ""head_translation_m"": null, ""left_hand_translation_m"": null, ""removed_tool_ids"": [14, 20, 21, 26], ""right_hand_translation_m"": null, ""selected_step"": ""r1_bearing_right"", ""step_attempt"": 4, ""step_elapsed_s"": 10.614715149975382, ""step_event_index"": 38, ""total_hand_translation_m"": null, ""trial_finished_elapsed_s"": null, ""trial_recording"": true, ""trial_required_tool_ids"": [19, 34]}"
2026-09-04T17:29:13.882-04:00,apoorva,gesture,object_acquired,click,r1_bearing_right,Row 1.1: bearing into right stand,ready,4,39,34,BEARINGS,7.176223,10.614654,,,,,,,,,,,,,,,1,,,,,,"{""acquired_tool_ids"": [19, 34], ""acquisition_complete"": false, ""completed_steps"": [""r2_bearing_right"", ""r2_bearing_left"", ""r1_gear_rod""], ""head_rotation_deg"": null, ""head_translation_m"": null, ""left_hand_translation_m"": null, ""removed_tool_ids"": [14, 20, 21, 26], ""right_hand_translation_m"": null, ""selected_step"": ""r1_bearing_right"", ""step_attempt"": 4, ""step_elapsed_s"": 10.671196896000765, ""step_event_index"": 39, ""total_hand_translation_m"": null, ""trial_finished_elapsed_s"": null, ""trial_recording"": true, ""trial_required_tool_ids"": [19, 34]}"
2026-09-04T17:29:13.919-04:00,apoorva,gesture,step_acquisition_complete,click,r1_bearing_right,Row 1.1: bearing into right stand,ready,4,40,,,,10.708080,0.146298,25.870419,0.349652,0.298808,0.648461,0.000000,5.895015,5.895015,55.769886,0,8,0.000000,0.155483,0.155483,,,,,,,"{""acquired_tool_ids"": [19, 34], ""acquisition_complete"": true, ""any_hover_time_s"": 5.895014812122099, ""completed_steps"": [""r2_bearing_right"", ""r2_bearing_left"", ""r1_gear_rod""], ""head_rotation_deg"": 25.870418722087866, ""head_translation_m"": 0.14629815928234788, ""hover_time_percent"": 55.76988623600358, ""left_hand_translation_m"": 0.3496524768301868, ""left_hover_episodes"": 0, ""left_hover_time_s"": 0.0, ""left_hover_translation_m"": 0.0, ""removed_tool_ids"": [14, 19, 20, 21, 26], ""right_hand_translation_m"": 0.2988084408934969, ""right_hover_episodes"": 8, ""right_hover_time_s"": 5.895014812122099, ""right_hover_translation_m"": 0.15548278283177802, ""selected_step"": ""r1_bearing_right"", ""step_attempt"": 4, ""step_elapsed_s"": 10.708080320968293, ""step_event_index"": 40, ""total_hand_translation_m"": 0.6484609177236837, ""total_hover_translation_m"": 0.15548278283177802, ""trial_finished_elapsed_s"": 10.708080320968293, ""trial_recording"": false, ""trial_required_tool_ids"": [19, 34]}"
2026-09-04T17:29:13.935-04:00,apoorva,gesture,graph_complete,,r1_bearing_right,Row 1.1: bearing into right stand,complete,4,41,,,,,,,,,,,,,,,,,,,,,,,,,"{""acquired_tool_ids"": [19, 34], ""acquisition_complete"": true, ""any_hover_time_s"": 5.895014812122099, ""completed_steps"": [""r2_bearing_right"", ""r2_bearing_left"", ""r1_gear_rod"", ""r1_bearing_right""], ""head_rotation_deg"": 25.870418722087866, ""head_translation_m"": 0.14629815928234788, ""hover_time_percent"": 55.76988623600358, ""left_hand_translation_m"": 0.3496524768301868, ""left_hover_episodes"": 0, ""left_hover_time_s"": 0.0, ""left_hover_translation_m"": 0.0, ""removed_tool_ids"": [14, 19, 20, 21, 26], ""right_hand_translation_m"": 0.2988084408934969, ""right_hover_episodes"": 8, ""right_hover_time_s"": 5.895014812122099, ""right_hover_translation_m"": 0.15548278283177802, ""selected_step"": ""r1_bearing_right"", ""step_attempt"": 4, ""step_elapsed_s"": 10.708080320968293, ""step_event_index"": 41, ""total_hand_translation_m"": 0.6484609177236837, ""total_hover_translation_m"": 0.15548278283177802, ""trial_finished_elapsed_s"": 10.708080320968293, ""trial_recording"": false, ""trial_required_tool_ids"": [19, 34]}"
2026-09-04T17:29:24.400-04:00,apoorva,gesture,step_started,keyboard,r1_bearing_left,Row 1.3: bearing into left stand,ready,5,1,,,,,,,,,,,,,,,,,,,,,,,,,"{""acquired_tool_ids"": [], ""acquisition_complete"": false, ""completed_steps"": [""r2_bearing_right"", ""r2_bearing_left"", ""r1_gear_rod"", ""r1_bearing_right""], ""head_rotation_deg"": null, ""head_translation_m"": null, ""left_hand_translation_m"": null, ""removed_tool_ids"": [14, 19, 20, 21, 26], ""right_hand_translation_m"": null, ""selected_step"": ""r1_bearing_left"", ""step_attempt"": 5, ""step_elapsed_s"": 6.842298898845911e-05, ""step_event_index"": 1, ""total_hand_translation_m"": null, ""trial_finished_elapsed_s"": null, ""trial_recording"": true, ""trial_required_tool_ids"": [18]}"
2026-09-04T17:29:24.639-04:00,apoorva,gesture,hover,hover,r1_bearing_left,Row 1.3: bearing into left stand,ready,5,2,18,GEAR_STAND_ROW1_LEFT,,,,,,,,,,,,,,,,,,,,,,,"{""acquired_tool_ids"": [], ""acquisition_complete"": false, ""completed_steps"": [""r2_bearing_right"", ""r2_bearing_left"", ""r1_gear_rod"", ""r1_bearing_right""], ""head_rotation_deg"": null, ""head_translation_m"": null, ""left_hand_translation_m"": null, ""removed_tool_ids"": [14, 19, 20, 21, 26], ""right_hand_translation_m"": null, ""selected_step"": ""r1_bearing_left"", ""step_attempt"": 5, ""step_elapsed_s"": 0.23871265503112227, ""step_event_index"": 2, ""total_hand_translation_m"": null, ""trial_finished_elapsed_s"": null, ""trial_recording"": true, ""trial_required_tool_ids"": [18]}"
2026-09-04T17:29:24.662-04:00,apoorva,gesture,tts_queued,lifecycle,r1_bearing_left,Row 1.3: bearing into left stand,ready,5,3,,,,0.262068,,,,,,,,,,,,,,,,Row 1 left stand,,,replace_hover,,"{""acquired_tool_ids"": [], ""acquisition_complete"": false, ""completed_steps"": [""r2_bearing_right"", ""r2_bearing_left"", ""r1_gear_rod"", ""r1_bearing_right""], ""head_rotation_deg"": null, ""head_translation_m"": null, ""left_hand_translation_m"": null, ""removed_tool_ids"": [14, 19, 20, 21, 26], ""right_hand_translation_m"": null, ""selected_step"": ""r1_bearing_left"", ""step_attempt"": 5, ""step_elapsed_s"": 0.2620872730622068, ""step_event_index"": 3, ""total_hand_translation_m"": null, ""trial_finished_elapsed_s"": null, ""trial_recording"": true, ""trial_required_tool_ids"": [18]}"
2026-09-04T17:29:24.713-04:00,apoorva,gesture,tts_started,lifecycle,r1_bearing_left,Row 1.3: bearing into left stand,ready,5,4,,,,0.312851,,,,,,,,,,,,,,,,Row 1 left stand,,,,,"{""acquired_tool_ids"": [], ""acquisition_complete"": false, ""completed_steps"": [""r2_bearing_right"", ""r2_bearing_left"", ""r1_gear_rod"", ""r1_bearing_right""], ""head_rotation_deg"": null, ""head_translation_m"": null, ""left_hand_translation_m"": null, ""removed_tool_ids"": [14, 19, 20, 21, 26], ""right_hand_translation_m"": null, ""selected_step"": ""r1_bearing_left"", ""step_attempt"": 5, ""step_elapsed_s"": 0.31286358495708555, ""step_event_index"": 4, ""total_hand_translation_m"": null, ""trial_finished_elapsed_s"": null, ""trial_recording"": true, ""trial_required_tool_ids"": [18]}"
2026-09-04T17:29:25.534-04:00,apoorva,gesture,hover,hover,r1_bearing_left,Row 1.3: bearing into left stand,ready,5,5,18,GEAR_STAND_ROW1_LEFT,,,,,,,,,,,,,,,,,,,,,,,"{""acquired_tool_ids"": [], ""acquisition_complete"": false, ""completed_steps"": [""r2_bearing_right"", ""r2_bearing_left"", ""r1_gear_rod"", ""r1_bearing_right""], ""head_rotation_deg"": null, ""head_translation_m"": null, ""left_hand_translation_m"": null, ""removed_tool_ids"": [14, 19, 20, 21, 26], ""right_hand_translation_m"": null, ""selected_step"": ""r1_bearing_left"", ""step_attempt"": 5, ""step_elapsed_s"": 1.1339772910578176, ""step_event_index"": 5, ""total_hand_translation_m"": null, ""trial_finished_elapsed_s"": null, ""trial_recording"": true, ""trial_required_tool_ids"": [18]}"
2026-09-04T17:29:25.556-04:00,apoorva,gesture,tts_queued,lifecycle,r1_bearing_left,Row 1.3: bearing into left stand,ready,5,6,,,,1.156077,,,,,,,,,,,,,,,,Row 1 left stand,,,replace_hover,,"{""acquired_tool_ids"": [], ""acquisition_complete"": false, ""completed_steps"": [""r2_bearing_right"", ""r2_bearing_left"", ""r1_gear_rod"", ""r1_bearing_right""], ""head_rotation_deg"": null, ""head_translation_m"": null, ""left_hand_translation_m"": null, ""removed_tool_ids"": [14, 19, 20, 21, 26], ""right_hand_translation_m"": null, ""selected_step"": ""r1_bearing_left"", ""step_attempt"": 5, ""step_elapsed_s"": 1.1560880440520123, ""step_event_index"": 6, ""total_hand_translation_m"": null, ""trial_finished_elapsed_s"": null, ""trial_recording"": true, ""trial_required_tool_ids"": [18]}"
2026-09-04T17:29:25.599-04:00,apoorva,gesture,tts_finished,lifecycle,r1_bearing_left,Row 1.3: bearing into left stand,ready,5,7,,,,1.198822,,,,,,,,,,,,,,,,Row 1 left stand,,,,,"{""acquired_tool_ids"": [], ""acquisition_complete"": false, ""completed_steps"": [""r2_bearing_right"", ""r2_bearing_left"", ""r1_gear_rod"", ""r1_bearing_right""], ""head_rotation_deg"": null, ""head_translation_m"": null, ""left_hand_translation_m"": null, ""removed_tool_ids"": [14, 19, 20, 21, 26], ""right_hand_translation_m"": null, ""selected_step"": ""r1_bearing_left"", ""step_attempt"": 5, ""step_elapsed_s"": 1.1988355800276622, ""step_event_index"": 7, ""total_hand_translation_m"": null, ""trial_finished_elapsed_s"": null, ""trial_recording"": true, ""trial_required_tool_ids"": [18]}"
2026-09-04T17:29:25.644-04:00,apoorva,gesture,tts_started,lifecycle,r1_bearing_left,Row 1.3: bearing into left stand,ready,5,8,,,,1.244092,,,,,,,,,,,,,,,,Row 1 left stand,,,,,"{""acquired_tool_ids"": [], ""acquisition_complete"": false, ""completed_steps"": [""r2_bearing_right"", ""r2_bearing_left"", ""r1_gear_rod"", ""r1_bearing_right""], ""head_rotation_deg"": null, ""head_translation_m"": null, ""left_hand_translation_m"": null, ""removed_tool_ids"": [14, 19, 20, 21, 26], ""right_hand_translation_m"": null, ""selected_step"": ""r1_bearing_left"", ""step_attempt"": 5, ""step_elapsed_s"": 1.2441065730527043, ""step_event_index"": 8, ""total_hand_translation_m"": null, ""trial_finished_elapsed_s"": null, ""trial_recording"": true, ""trial_required_tool_ids"": [18]}"
2026-09-04T17:29:27.102-04:00,apoorva,gesture,tts_finished,lifecycle,r1_bearing_left,Row 1.3: bearing into left stand,ready,5,9,,,,2.701833,,,,,,,,,,,,,,,,Row 1 left stand,,,,,"{""acquired_tool_ids"": [], ""acquisition_complete"": false, ""completed_steps"": [""r2_bearing_right"", ""r2_bearing_left"", ""r1_gear_rod"", ""r1_bearing_right""], ""head_rotation_deg"": null, ""head_translation_m"": null, ""left_hand_translation_m"": null, ""removed_tool_ids"": [14, 19, 20, 21, 26], ""right_hand_translation_m"": null, ""selected_step"": ""r1_bearing_left"", ""step_attempt"": 5, ""step_elapsed_s"": 2.701846334966831, ""step_event_index"": 9, ""total_hand_translation_m"": null, ""trial_finished_elapsed_s"": null, ""trial_recording"": true, ""trial_required_tool_ids"": [18]}"
2026-09-04T17:29:27.239-04:00,apoorva,gesture,part_selection,click,r1_bearing_left,Row 1.3: bearing into left stand,ready,5,10,18,GEAR_STAND_ROW1_LEFT,2.838847,2.838847,,,,,,,,,,,,,,,1,,,,,,"{""acquired_tool_ids"": [18], ""acquisition_complete"": false, ""completed_steps"": [""r2_bearing_right"", ""r2_bearing_left"", ""r1_gear_rod"", ""r1_bearing_right""], ""head_rotation_deg"": null, ""head_translation_m"": null, ""left_hand_translation_m"": null, ""removed_tool_ids"": [14, 19, 20, 21, 26], ""right_hand_translation_m"": null, ""selected_step"": ""r1_bearing_left"", ""step_attempt"": 5, ""step_elapsed_s"": 2.8388986609643325, ""step_event_index"": 10, ""total_hand_translation_m"": null, ""trial_finished_elapsed_s"": null, ""trial_recording"": true, ""trial_required_tool_ids"": [18]}"
2026-09-04T17:29:27.269-04:00,apoorva,gesture,object_acquired,click,r1_bearing_left,Row 1.3: bearing into left stand,ready,5,11,18,GEAR_STAND_ROW1_LEFT,2.838847,2.838847,,,,,,,,,,,,,,,1,,,,,,"{""acquired_tool_ids"": [18], ""acquisition_complete"": false, ""completed_steps"": [""r2_bearing_right"", ""r2_bearing_left"", ""r1_gear_rod"", ""r1_bearing_right""], ""head_rotation_deg"": null, ""head_translation_m"": null, ""left_hand_translation_m"": null, ""removed_tool_ids"": [14, 19, 20, 21, 26], ""right_hand_translation_m"": null, ""selected_step"": ""r1_bearing_left"", ""step_attempt"": 5, ""step_elapsed_s"": 2.8687248460482806, ""step_event_index"": 11, ""total_hand_translation_m"": null, ""trial_finished_elapsed_s"": null, ""trial_recording"": true, ""trial_required_tool_ids"": [18]}"
2026-09-04T17:29:27.304-04:00,apoorva,gesture,step_acquisition_complete,click,r1_bearing_left,Row 1.3: bearing into left stand,ready,5,12,,,,2.903244,0.038332,7.728086,0.118945,0.186982,0.305927,0.000000,2.104167,2.104167,75.281710,0,2,0.000000,0.082724,0.082724,,,,,,,"{""acquired_tool_ids"": [18], ""acquisition_complete"": true, ""any_hover_time_s"": 2.1041667429963127, ""completed_steps"": [""r2_bearing_right"", ""r2_bearing_left"", ""r1_gear_rod"", ""r1_bearing_right""], ""head_rotation_deg"": 7.7280855151466925, ""head_translation_m"": 0.038331508120348246, ""hover_time_percent"": 75.28170950023656, ""left_hand_translation_m"": 0.1189447773462829, ""left_hover_episodes"": 0, ""left_hover_time_s"": 0.0, ""left_hover_translation_m"": 0.0, ""removed_tool_ids"": [14, 18, 19, 20, 21, 26], ""right_hand_translation_m"": 0.1869817646524103, ""right_hover_episodes"": 2, ""right_hover_time_s"": 2.1041667429963127, ""right_hover_translation_m"": 0.08272369452291758, ""selected_step"": ""r1_bearing_left"", ""step_attempt"": 5, ""step_elapsed_s"": 2.9032443560427055, ""step_event_index"": 12, ""total_hand_translation_m"": 0.3059265419986932, ""total_hover_translation_m"": 0.08272369452291758, ""trial_finished_elapsed_s"": 2.9032443560427055, ""trial_recording"": false, ""trial_required_tool_ids"": [18]}"
2026-09-04T17:29:27.323-04:00,apoorva,gesture,graph_complete,,r1_bearing_left,Row 1.3: bearing into left stand,complete,5,13,,,,,,,,,,,,,,,,,,,,,,,,,"{""acquired_tool_ids"": [18], ""acquisition_complete"": true, ""any_hover_time_s"": 2.1041667429963127, ""completed_steps"": [""r2_bearing_right"", ""r2_bearing_left"", ""r1_gear_rod"", ""r1_bearing_right"", ""r1_bearing_left""], ""head_rotation_deg"": 7.7280855151466925, ""head_translation_m"": 0.038331508120348246, ""hover_time_percent"": 75.28170950023656, ""left_hand_translation_m"": 0.1189447773462829, ""left_hover_episodes"": 0, ""left_hover_time_s"": 0.0, ""left_hover_translation_m"": 0.0, ""removed_tool_ids"": [14, 18, 19, 20, 21, 26], ""right_hand_translation_m"": 0.1869817646524103, ""right_hover_episodes"": 2, ""right_hover_time_s"": 2.1041667429963127, ""right_hover_translation_m"": 0.08272369452291758, ""selected_step"": ""r1_bearing_left"", ""step_attempt"": 5, ""step_elapsed_s"": 2.9032443560427055, ""step_event_index"": 13, ""total_hand_translation_m"": 0.3059265419986932, ""total_hover_translation_m"": 0.08272369452291758, ""trial_finished_elapsed_s"": 2.9032443560427055, ""trial_recording"": false, ""trial_required_tool_ids"": [18]}"
2026-09-04T17:29:37.857-04:00,apoorva,gesture,step_started,keyboard,r2_gear_rod,Row 2.2: assemble gear rod,ready,6,1,,,,,,,,,,,,,,,,,,,,,,,,,"{""acquired_tool_ids"": [], ""acquisition_complete"": false, ""completed_steps"": [""r2_bearing_right"", ""r2_bearing_left"", ""r1_gear_rod"", ""r1_bearing_right"", ""r1_bearing_left""], ""head_rotation_deg"": null, ""head_translation_m"": null, ""left_hand_translation_m"": null, ""removed_tool_ids"": [14, 18, 19, 20, 21, 26], ""right_hand_translation_m"": null, ""selected_step"": ""r2_gear_rod"", ""step_attempt"": 6, ""step_elapsed_s"": 7.297599222511053e-05, ""step_event_index"": 1, ""total_hand_translation_m"": null, ""trial_finished_elapsed_s"": null, ""trial_recording"": true, ""trial_required_tool_ids"": [15, 27, 28, 33]}"
2026-09-04T17:29:39.463-04:00,apoorva,gesture,hover,hover,r2_gear_rod,Row 2.2: assemble gear rod,ready,6,2,17,GEAR_ROD_ROW4,,,,,,,,,,,,,,,,,,,,,,,"{""acquired_tool_ids"": [], ""acquisition_complete"": false, ""completed_steps"": [""r2_bearing_right"", ""r2_bearing_left"", ""r1_gear_rod"", ""r1_bearing_right"", ""r1_bearing_left""], ""head_rotation_deg"": null, ""head_translation_m"": null, ""left_hand_translation_m"": null, ""removed_tool_ids"": [14, 18, 19, 20, 21, 26], ""right_hand_translation_m"": null, ""selected_step"": ""r2_gear_rod"", ""step_attempt"": 6, ""step_elapsed_s"": 1.6067767769563943, ""step_event_index"": 2, ""total_hand_translation_m"": null, ""trial_finished_elapsed_s"": null, ""trial_recording"": true, ""trial_required_tool_ids"": [15, 27, 28, 33]}"
2026-09-04T17:29:39.497-04:00,apoorva,gesture,tts_queued,lifecycle,r2_gear_rod,Row 2.2: assemble gear rod,ready,6,3,,,,1.640291,,,,,,,,,,,,,,,,Row 4 gear rod,,,replace_hover,,"{""acquired_tool_ids"": [], ""acquisition_complete"": false, ""completed_steps"": [""r2_bearing_right"", ""r2_bearing_left"", ""r1_gear_rod"", ""r1_bearing_right"", ""r1_bearing_left""], ""head_rotation_deg"": null, ""head_translation_m"": null, ""left_hand_translation_m"": null, ""removed_tool_ids"": [14, 18, 19, 20, 21, 26], ""right_hand_translation_m"": null, ""selected_step"": ""r2_gear_rod"", ""step_attempt"": 6, ""step_elapsed_s"": 1.6403238129569218, ""step_event_index"": 3, ""total_hand_translation_m"": null, ""trial_finished_elapsed_s"": null, ""trial_recording"": true, ""trial_required_tool_ids"": [15, 27, 28, 33]}"
2026-09-04T17:29:39.545-04:00,apoorva,gesture,tts_started,lifecycle,r2_gear_rod,Row 2.2: assemble gear rod,ready,6,4,,,,1.688098,,,,,,,,,,,,,,,,Row 4 gear rod,,,,,"{""acquired_tool_ids"": [], ""acquisition_complete"": false, ""completed_steps"": [""r2_bearing_right"", ""r2_bearing_left"", ""r1_gear_rod"", ""r1_bearing_right"", ""r1_bearing_left""], ""head_rotation_deg"": null, ""head_translation_m"": null, ""left_hand_translation_m"": null, ""removed_tool_ids"": [14, 18, 19, 20, 21, 26], ""right_hand_translation_m"": null, ""selected_step"": ""r2_gear_rod"", ""step_attempt"": 6, ""step_elapsed_s"": 1.6881135039729998, ""step_event_index"": 4, ""total_hand_translation_m"": null, ""trial_finished_elapsed_s"": null, ""trial_recording"": true, ""trial_required_tool_ids"": [15, 27, 28, 33]}"
2026-09-04T17:29:40.849-04:00,apoorva,gesture,hover,hover,r2_gear_rod,Row 2.2: assemble gear rod,ready,6,5,16,GEAR_ROD_ROW3,,,,,,,,,,,,,,,,,,,,,,,"{""acquired_tool_ids"": [], ""acquisition_complete"": false, ""completed_steps"": [""r2_bearing_right"", ""r2_bearing_left"", ""r1_gear_rod"", ""r1_bearing_right"", ""r1_bearing_left""], ""head_rotation_deg"": null, ""head_translation_m"": null, ""left_hand_translation_m"": null, ""removed_tool_ids"": [14, 18, 19, 20, 21, 26], ""right_hand_translation_m"": null, ""selected_step"": ""r2_gear_rod"", ""step_attempt"": 6, ""step_elapsed_s"": 2.9923941650195047, ""step_event_index"": 5, ""total_hand_translation_m"": null, ""trial_finished_elapsed_s"": null, ""trial_recording"": true, ""trial_required_tool_ids"": [15, 27, 28, 33]}"
2026-09-04T17:29:40.875-04:00,apoorva,gesture,tts_queued,lifecycle,r2_gear_rod,Row 2.2: assemble gear rod,ready,6,6,,,,3.018732,,,,,,,,,,,,,,,,Row 3 gear rod,,,replace_hover,,"{""acquired_tool_ids"": [], ""acquisition_complete"": false, ""completed_steps"": [""r2_bearing_right"", ""r2_bearing_left"", ""r1_gear_rod"", ""r1_bearing_right"", ""r1_bearing_left""], ""head_rotation_deg"": null, ""head_translation_m"": null, ""left_hand_translation_m"": null, ""removed_tool_ids"": [14, 18, 19, 20, 21, 26], ""right_hand_translation_m"": null, ""selected_step"": ""r2_gear_rod"", ""step_attempt"": 6, ""step_elapsed_s"": 3.0187396979890764, ""step_event_index"": 6, ""total_hand_translation_m"": null, ""trial_finished_elapsed_s"": null, ""trial_recording"": true, ""trial_required_tool_ids"": [15, 27, 28, 33]}"
2026-09-04T17:29:40.932-04:00,apoorva,gesture,hover,hover,r2_gear_rod,Row 2.2: assemble gear rod,ready,6,7,15,GEAR_ROD_ROW2,,,,,,,,,,,,,,,,,,,,,,,"{""acquired_tool_ids"": [], ""acquisition_complete"": false, ""completed_steps"": [""r2_bearing_right"", ""r2_bearing_left"", ""r1_gear_rod"", ""r1_bearing_right"", ""r1_bearing_left""], ""head_rotation_deg"": null, ""head_translation_m"": null, ""left_hand_translation_m"": null, ""removed_tool_ids"": [14, 18, 19, 20, 21, 26], ""right_hand_translation_m"": null, ""selected_step"": ""r2_gear_rod"", ""step_attempt"": 6, ""step_elapsed_s"": 3.0750223649665713, ""step_event_index"": 7, ""total_hand_translation_m"": null, ""trial_finished_elapsed_s"": null, ""trial_recording"": true, ""trial_required_tool_ids"": [15, 27, 28, 33]}"
2026-09-04T17:29:40.955-04:00,apoorva,gesture,tts_queued,lifecycle,r2_gear_rod,Row 2.2: assemble gear rod,ready,6,8,,,,3.097836,,,,,,,,,,,,,,,,Row 2 gear rod,,,replace_hover,,"{""acquired_tool_ids"": [], ""acquisition_complete"": false, ""completed_steps"": [""r2_bearing_right"", ""r2_bearing_left"", ""r1_gear_rod"", ""r1_bearing_right"", ""r1_bearing_left""], ""head_rotation_deg"": null, ""head_translation_m"": null, ""left_hand_translation_m"": null, ""removed_tool_ids"": [14, 18, 19, 20, 21, 26], ""right_hand_translation_m"": null, ""selected_step"": ""r2_gear_rod"", ""step_attempt"": 6, ""step_elapsed_s"": 3.0978493880247697, ""step_event_index"": 8, ""total_hand_translation_m"": null, ""trial_finished_elapsed_s"": null, ""trial_recording"": true, ""trial_required_tool_ids"": [15, 27, 28, 33]}"
2026-09-04T17:29:41.002-04:00,apoorva,gesture,tts_finished,lifecycle,r2_gear_rod,Row 2.2: assemble gear rod,ready,6,9,,,,3.145483,,,,,,,,,,,,,,,,Row 4 gear rod,,,,,"{""acquired_tool_ids"": [], ""acquisition_complete"": false, ""completed_steps"": [""r2_bearing_right"", ""r2_bearing_left"", ""r1_gear_rod"", ""r1_bearing_right"", ""r1_bearing_left""], ""head_rotation_deg"": null, ""head_translation_m"": null, ""left_hand_translation_m"": null, ""removed_tool_ids"": [14, 18, 19, 20, 21, 26], ""right_hand_translation_m"": null, ""selected_step"": ""r2_gear_rod"", ""step_attempt"": 6, ""step_elapsed_s"": 3.14549680496566, ""step_event_index"": 9, ""total_hand_translation_m"": null, ""trial_finished_elapsed_s"": null, ""trial_recording"": true, ""trial_required_tool_ids"": [15, 27, 28, 33]}"
2026-09-04T17:29:41.031-04:00,apoorva,gesture,tts_started,lifecycle,r2_gear_rod,Row 2.2: assemble gear rod,ready,6,10,,,,3.173962,,,,,,,,,,,,,,,,Row 3 gear rod,,,,,"{""acquired_tool_ids"": [], ""acquisition_complete"": false, ""completed_steps"": [""r2_bearing_right"", ""r2_bearing_left"", ""r1_gear_rod"", ""r1_bearing_right"", ""r1_bearing_left""], ""head_rotation_deg"": null, ""head_translation_m"": null, ""left_hand_translation_m"": null, ""removed_tool_ids"": [14, 18, 19, 20, 21, 26], ""right_hand_translation_m"": null, ""selected_step"": ""r2_gear_rod"", ""step_attempt"": 6, ""step_elapsed_s"": 3.173972146003507, ""step_event_index"": 10, ""total_hand_translation_m"": null, ""trial_finished_elapsed_s"": null, ""trial_recording"": true, ""trial_required_tool_ids"": [15, 27, 28, 33]}"
2026-09-04T17:29:42.448-04:00,apoorva,gesture,tts_finished,lifecycle,r2_gear_rod,Row 2.2: assemble gear rod,ready,6,11,,,,4.591074,,,,,,,,,,,,,,,,Row 3 gear rod,,,,,"{""acquired_tool_ids"": [], ""acquisition_complete"": false, ""completed_steps"": [""r2_bearing_right"", ""r2_bearing_left"", ""r1_gear_rod"", ""r1_bearing_right"", ""r1_bearing_left""], ""head_rotation_deg"": null, ""head_translation_m"": null, ""left_hand_translation_m"": null, ""removed_tool_ids"": [14, 18, 19, 20, 21, 26], ""right_hand_translation_m"": null, ""selected_step"": ""r2_gear_rod"", ""step_attempt"": 6, ""step_elapsed_s"": 4.591085294960067, ""step_event_index"": 11, ""total_hand_translation_m"": null, ""trial_finished_elapsed_s"": null, ""trial_recording"": true, ""trial_required_tool_ids"": [15, 27, 28, 33]}"
2026-09-04T17:29:42.488-04:00,apoorva,gesture,tts_started,lifecycle,r2_gear_rod,Row 2.2: assemble gear rod,ready,6,12,,,,4.631599,,,,,,,,,,,,,,,,Row 2 gear rod,,,,,"{""acquired_tool_ids"": [], ""acquisition_complete"": false, ""completed_steps"": [""r2_bearing_right"", ""r2_bearing_left"", ""r1_gear_rod"", ""r1_bearing_right"", ""r1_bearing_left""], ""head_rotation_deg"": null, ""head_translation_m"": null, ""left_hand_translation_m"": null, ""removed_tool_ids"": [14, 18, 19, 20, 21, 26], ""right_hand_translation_m"": null, ""selected_step"": ""r2_gear_rod"", ""step_attempt"": 6, ""step_elapsed_s"": 4.631617040024139, ""step_event_index"": 12, ""total_hand_translation_m"": null, ""trial_finished_elapsed_s"": null, ""trial_recording"": true, ""trial_required_tool_ids"": [15, 27, 28, 33]}"
2026-09-04T17:29:42.531-04:00,apoorva,gesture,hover,hover,r2_gear_rod,Row 2.2: assemble gear rod,ready,6,13,16,GEAR_ROD_ROW3,,,,,,,,,,,,,,,,,,,,,,,"{""acquired_tool_ids"": [], ""acquisition_complete"": false, ""completed_steps"": [""r2_bearing_right"", ""r2_bearing_left"", ""r1_gear_rod"", ""r1_bearing_right"", ""r1_bearing_left""], ""head_rotation_deg"": null, ""head_translation_m"": null, ""left_hand_translation_m"": null, ""removed_tool_ids"": [14, 18, 19, 20, 21, 26], ""right_hand_translation_m"": null, ""selected_step"": ""r2_gear_rod"", ""step_attempt"": 6, ""step_elapsed_s"": 4.674647665931843, ""step_event_index"": 13, ""total_hand_translation_m"": null, ""trial_finished_elapsed_s"": null, ""trial_recording"": true, ""trial_required_tool_ids"": [15, 27, 28, 33]}"
2026-09-04T17:29:42.540-04:00,apoorva,gesture,tts_queued,lifecycle,r2_gear_rod,Row 2.2: assemble gear rod,ready,6,14,,,,4.683653,,,,,,,,,,,,,,,,Row 3 gear rod,,,replace_hover,,"{""acquired_tool_ids"": [], ""acquisition_complete"": false, ""completed_steps"": [""r2_bearing_right"", ""r2_bearing_left"", ""r1_gear_rod"", ""r1_bearing_right"", ""r1_bearing_left""], ""head_rotation_deg"": null, ""head_translation_m"": null, ""left_hand_translation_m"": null, ""removed_tool_ids"": [14, 18, 19, 20, 21, 26], ""right_hand_translation_m"": null, ""selected_step"": ""r2_gear_rod"", ""step_attempt"": 6, ""step_elapsed_s"": 4.683661659015343, ""step_event_index"": 14, ""total_hand_translation_m"": null, ""trial_finished_elapsed_s"": null, ""trial_recording"": true, ""trial_required_tool_ids"": [15, 27, 28, 33]}"
2026-09-04T17:29:42.609-04:00,apoorva,gesture,tts_finished,lifecycle,r2_gear_rod,Row 2.2: assemble gear rod,ready,6,15,,,,4.752102,,,,,,,,,,,,,,,,Row 2 gear rod,,,,,"{""acquired_tool_ids"": [], ""acquisition_complete"": false, ""completed_steps"": [""r2_bearing_right"", ""r2_bearing_left"", ""r1_gear_rod"", ""r1_bearing_right"", ""r1_bearing_left""], ""head_rotation_deg"": null, ""head_translation_m"": null, ""left_hand_translation_m"": null, ""removed_tool_ids"": [14, 18, 19, 20, 21, 26], ""right_hand_translation_m"": null, ""selected_step"": ""r2_gear_rod"", ""step_attempt"": 6, ""step_elapsed_s"": 4.752121202996932, ""step_event_index"": 15, ""total_hand_translation_m"": null, ""trial_finished_elapsed_s"": null, ""trial_recording"": true, ""trial_required_tool_ids"": [15, 27, 28, 33]}"
2026-09-04T17:29:42.653-04:00,apoorva,gesture,tts_started,lifecycle,r2_gear_rod,Row 2.2: assemble gear rod,ready,6,16,,,,4.796009,,,,,,,,,,,,,,,,Row 3 gear rod,,,,,"{""acquired_tool_ids"": [], ""acquisition_complete"": false, ""completed_steps"": [""r2_bearing_right"", ""r2_bearing_left"", ""r1_gear_rod"", ""r1_bearing_right"", ""r1_bearing_left""], ""head_rotation_deg"": null, ""head_translation_m"": null, ""left_hand_translation_m"": null, ""removed_tool_ids"": [14, 18, 19, 20, 21, 26], ""right_hand_translation_m"": null, ""selected_step"": ""r2_gear_rod"", ""step_attempt"": 6, ""step_elapsed_s"": 4.796019461937249, ""step_event_index"": 16, ""total_hand_translation_m"": null, ""trial_finished_elapsed_s"": null, ""trial_recording"": true, ""trial_required_tool_ids"": [15, 27, 28, 33]}"
2026-09-04T17:29:43.944-04:00,apoorva,gesture,tts_finished,lifecycle,r2_gear_rod,Row 2.2: assemble gear rod,ready,6,17,,,,6.087587,,,,,,,,,,,,,,,,Row 3 gear rod,,,,,"{""acquired_tool_ids"": [], ""acquisition_complete"": false, ""completed_steps"": [""r2_bearing_right"", ""r2_bearing_left"", ""r1_gear_rod"", ""r1_bearing_right"", ""r1_bearing_left""], ""head_rotation_deg"": null, ""head_translation_m"": null, ""left_hand_translation_m"": null, ""removed_tool_ids"": [14, 18, 19, 20, 21, 26], ""right_hand_translation_m"": null, ""selected_step"": ""r2_gear_rod"", ""step_attempt"": 6, ""step_elapsed_s"": 6.087601128034294, ""step_event_index"": 17, ""total_hand_translation_m"": null, ""trial_finished_elapsed_s"": null, ""trial_recording"": true, ""trial_required_tool_ids"": [15, 27, 28, 33]}"
2026-09-04T17:29:44.224-04:00,apoorva,gesture,hover,hover,r2_gear_rod,Row 2.2: assemble gear rod,ready,6,18,15,GEAR_ROD_ROW2,,,,,,,,,,,,,,,,,,,,,,,"{""acquired_tool_ids"": [], ""acquisition_complete"": false, ""completed_steps"": [""r2_bearing_right"", ""r2_bearing_left"", ""r1_gear_rod"", ""r1_bearing_right"", ""r1_bearing_left""], ""head_rotation_deg"": null, ""head_translation_m"": null, ""left_hand_translation_m"": null, ""removed_tool_ids"": [14, 18, 19, 20, 21, 26], ""right_hand_translation_m"": null, ""selected_step"": ""r2_gear_rod"", ""step_attempt"": 6, ""step_elapsed_s"": 6.3677332299994305, ""step_event_index"": 18, ""total_hand_translation_m"": null, ""trial_finished_elapsed_s"": null, ""trial_recording"": true, ""trial_required_tool_ids"": [15, 27, 28, 33]}"
2026-09-04T17:29:44.255-04:00,apoorva,gesture,tts_queued,lifecycle,r2_gear_rod,Row 2.2: assemble gear rod,ready,6,19,,,,6.398257,,,,,,,,,,,,,,,,Row 2 gear rod,,,replace_hover,,"{""acquired_tool_ids"": [], ""acquisition_complete"": false, ""completed_steps"": [""r2_bearing_right"", ""r2_bearing_left"", ""r1_gear_rod"", ""r1_bearing_right"", ""r1_bearing_left""], ""head_rotation_deg"": null, ""head_translation_m"": null, ""left_hand_translation_m"": null, ""removed_tool_ids"": [14, 18, 19, 20, 21, 26], ""right_hand_translation_m"": null, ""selected_step"": ""r2_gear_rod"", ""step_attempt"": 6, ""step_elapsed_s"": 6.398268569959328, ""step_event_index"": 19, ""total_hand_translation_m"": null, ""trial_finished_elapsed_s"": null, ""trial_recording"": true, ""trial_required_tool_ids"": [15, 27, 28, 33]}"
2026-09-04T17:29:44.343-04:00,apoorva,gesture,tts_started,lifecycle,r2_gear_rod,Row 2.2: assemble gear rod,ready,6,20,,,,6.486089,,,,,,,,,,,,,,,,Row 2 gear rod,,,,,"{""acquired_tool_ids"": [], ""acquisition_complete"": false, ""completed_steps"": [""r2_bearing_right"", ""r2_bearing_left"", ""r1_gear_rod"", ""r1_bearing_right"", ""r1_bearing_left""], ""head_rotation_deg"": null, ""head_translation_m"": null, ""left_hand_translation_m"": null, ""removed_tool_ids"": [14, 18, 19, 20, 21, 26], ""right_hand_translation_m"": null, ""selected_step"": ""r2_gear_rod"", ""step_attempt"": 6, ""step_elapsed_s"": 6.486099308938719, ""step_event_index"": 20, ""total_hand_translation_m"": null, ""trial_finished_elapsed_s"": null, ""trial_recording"": true, ""trial_required_tool_ids"": [15, 27, 28, 33]}"
2026-09-04T17:29:45.396-04:00,apoorva,gesture,part_selection,click,r2_gear_rod,Row 2.2: assemble gear rod,ready,6,21,15,GEAR_ROD_ROW2,7.539432,7.539432,,,,,,,,,,,,,,,1,,,,,,"{""acquired_tool_ids"": [15], ""acquisition_complete"": false, ""completed_steps"": [""r2_bearing_right"", ""r2_bearing_left"", ""r1_gear_rod"", ""r1_bearing_right"", ""r1_bearing_left""], ""head_rotation_deg"": null, ""head_translation_m"": null, ""left_hand_translation_m"": null, ""removed_tool_ids"": [14, 18, 19, 20, 21, 26], ""right_hand_translation_m"": null, ""selected_step"": ""r2_gear_rod"", ""step_attempt"": 6, ""step_elapsed_s"": 7.539488059934229, ""step_event_index"": 21, ""total_hand_translation_m"": null, ""trial_finished_elapsed_s"": null, ""trial_recording"": true, ""trial_required_tool_ids"": [15, 27, 28, 33]}"
2026-09-04T17:29:45.433-04:00,apoorva,gesture,object_acquired,click,r2_gear_rod,Row 2.2: assemble gear rod,ready,6,22,15,GEAR_ROD_ROW2,7.539432,7.539432,,,,,,,,,,,,,,,1,,,,,,"{""acquired_tool_ids"": [15], ""acquisition_complete"": false, ""completed_steps"": [""r2_bearing_right"", ""r2_bearing_left"", ""r1_gear_rod"", ""r1_bearing_right"", ""r1_bearing_left""], ""head_rotation_deg"": null, ""head_translation_m"": null, ""left_hand_translation_m"": null, ""removed_tool_ids"": [14, 18, 19, 20, 21, 26], ""right_hand_translation_m"": null, ""selected_step"": ""r2_gear_rod"", ""step_attempt"": 6, ""step_elapsed_s"": 7.576414588023908, ""step_event_index"": 22, ""total_hand_translation_m"": null, ""trial_finished_elapsed_s"": null, ""trial_recording"": true, ""trial_required_tool_ids"": [15, 27, 28, 33]}"
2026-09-04T17:29:45.463-04:00,apoorva,gesture,tts_queued,lifecycle,r2_gear_rod,Row 2.2: assemble gear rod,ready,6,23,,,,7.606486,,,,,,,,,,,,,,,,3 parts left.,,,replace,,"{""acquired_tool_ids"": [15], ""acquisition_complete"": false, ""completed_steps"": [""r2_bearing_right"", ""r2_bearing_left"", ""r1_gear_rod"", ""r1_bearing_right"", ""r1_bearing_left""], ""head_rotation_deg"": null, ""head_translation_m"": null, ""left_hand_translation_m"": null, ""removed_tool_ids"": [14, 18, 19, 20, 21, 26], ""right_hand_translation_m"": null, ""selected_step"": ""r2_gear_rod"", ""step_attempt"": 6, ""step_elapsed_s"": 7.6065065750153735, ""step_event_index"": 23, ""total_hand_translation_m"": null, ""trial_finished_elapsed_s"": null, ""trial_recording"": true, ""trial_required_tool_ids"": [15, 27, 28, 33]}"
2026-09-04T17:29:45.507-04:00,apoorva,gesture,tts_finished,lifecycle,r2_gear_rod,Row 2.2: assemble gear rod,ready,6,24,,,,7.650170,,,,,,,,,,,,,,,,Row 2 gear rod,,,,,"{""acquired_tool_ids"": [15], ""acquisition_complete"": false, ""completed_steps"": [""r2_bearing_right"", ""r2_bearing_left"", ""r1_gear_rod"", ""r1_bearing_right"", ""r1_bearing_left""], ""head_rotation_deg"": null, ""head_translation_m"": null, ""left_hand_translation_m"": null, ""removed_tool_ids"": [14, 18, 19, 20, 21, 26], ""right_hand_translation_m"": null, ""selected_step"": ""r2_gear_rod"", ""step_attempt"": 6, ""step_elapsed_s"": 7.650178730953485, ""step_event_index"": 24, ""total_hand_translation_m"": null, ""trial_finished_elapsed_s"": null, ""trial_recording"": true, ""trial_required_tool_ids"": [15, 27, 28, 33]}"
2026-09-04T17:29:45.533-04:00,apoorva,gesture,tts_started,lifecycle,r2_gear_rod,Row 2.2: assemble gear rod,ready,6,25,,,,7.676728,,,,,,,,,,,,,,,,3 parts left.,,,,,"{""acquired_tool_ids"": [15], ""acquisition_complete"": false, ""completed_steps"": [""r2_bearing_right"", ""r2_bearing_left"", ""r1_gear_rod"", ""r1_bearing_right"", ""r1_bearing_left""], ""head_rotation_deg"": null, ""head_translation_m"": null, ""left_hand_translation_m"": null, ""removed_tool_ids"": [14, 18, 19, 20, 21, 26], ""right_hand_translation_m"": null, ""selected_step"": ""r2_gear_rod"", ""step_attempt"": 6, ""step_elapsed_s"": 7.676738427020609, ""step_event_index"": 25, ""total_hand_translation_m"": null, ""trial_finished_elapsed_s"": null, ""trial_recording"": true, ""trial_required_tool_ids"": [15, 27, 28, 33]}"
2026-09-04T17:29:46.694-04:00,apoorva,gesture,tts_finished,lifecycle,r2_gear_rod,Row 2.2: assemble gear rod,ready,6,26,,,,8.837663,,,,,,,,,,,,,,,,3 parts left.,,,,,"{""acquired_tool_ids"": [15], ""acquisition_complete"": false, ""completed_steps"": [""r2_bearing_right"", ""r2_bearing_left"", ""r1_gear_rod"", ""r1_bearing_right"", ""r1_bearing_left""], ""head_rotation_deg"": null, ""head_translation_m"": null, ""left_hand_translation_m"": null, ""removed_tool_ids"": [14, 18, 19, 20, 21, 26], ""right_hand_translation_m"": null, ""selected_step"": ""r2_gear_rod"", ""step_attempt"": 6, ""step_elapsed_s"": 8.837675938964821, ""step_event_index"": 26, ""total_hand_translation_m"": null, ""trial_finished_elapsed_s"": null, ""trial_recording"": true, ""trial_required_tool_ids"": [15, 27, 28, 33]}"
2026-09-04T17:29:48.013-04:00,apoorva,gesture,hover,hover,r2_gear_rod,Row 2.2: assemble gear rod,ready,6,27,35,SCREWS,,,,,,,,,,,,,,,,,,,,,,,"{""acquired_tool_ids"": [15], ""acquisition_complete"": false, ""completed_steps"": [""r2_bearing_right"", ""r2_bearing_left"", ""r1_gear_rod"", ""r1_bearing_right"", ""r1_bearing_left""], ""head_rotation_deg"": null, ""head_translation_m"": null, ""left_hand_translation_m"": null, ""removed_tool_ids"": [14, 18, 19, 20, 21, 26], ""right_hand_translation_m"": null, ""selected_step"": ""r2_gear_rod"", ""step_attempt"": 6, ""step_elapsed_s"": 10.156445186003111, ""step_event_index"": 27, ""total_hand_translation_m"": null, ""trial_finished_elapsed_s"": null, ""trial_recording"": true, ""trial_required_tool_ids"": [15, 27, 28, 33]}"
2026-09-04T17:29:48.044-04:00,apoorva,gesture,tts_queued,lifecycle,r2_gear_rod,Row 2.2: assemble gear rod,ready,6,28,,,,10.187449,,,,,,,,,,,,,,,,screw,,,replace_hover,,"{""acquired_tool_ids"": [15], ""acquisition_complete"": false, ""completed_steps"": [""r2_bearing_right"", ""r2_bearing_left"", ""r1_gear_rod"", ""r1_bearing_right"", ""r1_bearing_left""], ""head_rotation_deg"": null, ""head_translation_m"": null, ""left_hand_translation_m"": null, ""removed_tool_ids"": [14, 18, 19, 20, 21, 26], ""right_hand_translation_m"": null, ""selected_step"": ""r2_gear_rod"", ""step_attempt"": 6, ""step_elapsed_s"": 10.187472493038513, ""step_event_index"": 28, ""total_hand_translation_m"": null, ""trial_finished_elapsed_s"": null, ""trial_recording"": true, ""trial_required_tool_ids"": [15, 27, 28, 33]}"
2026-09-04T17:29:48.099-04:00,apoorva,gesture,hover,hover,r2_gear_rod,Row 2.2: assemble gear rod,ready,6,29,34,BEARINGS,,,,,,,,,,,,,,,,,,,,,,,"{""acquired_tool_ids"": [15], ""acquisition_complete"": false, ""completed_steps"": [""r2_bearing_right"", ""r2_bearing_left"", ""r1_gear_rod"", ""r1_bearing_right"", ""r1_bearing_left""], ""head_rotation_deg"": null, ""head_translation_m"": null, ""left_hand_translation_m"": null, ""removed_tool_ids"": [14, 18, 19, 20, 21, 26], ""right_hand_translation_m"": null, ""selected_step"": ""r2_gear_rod"", ""step_attempt"": 6, ""step_elapsed_s"": 10.24194014701061, ""step_event_index"": 29, ""total_hand_translation_m"": null, ""trial_finished_elapsed_s"": null, ""trial_recording"": true, ""trial_required_tool_ids"": [15, 27, 28, 33]}"
2026-09-04T17:29:48.116-04:00,apoorva,gesture,tts_queued,lifecycle,r2_gear_rod,Row 2.2: assemble gear rod,ready,6,30,,,,10.259643,,,,,,,,,,,,,,,,bearing,,,replace_hover,,"{""acquired_tool_ids"": [15], ""acquisition_complete"": false, ""completed_steps"": [""r2_bearing_right"", ""r2_bearing_left"", ""r1_gear_rod"", ""r1_bearing_right"", ""r1_bearing_left""], ""head_rotation_deg"": null, ""head_translation_m"": null, ""left_hand_translation_m"": null, ""removed_tool_ids"": [14, 18, 19, 20, 21, 26], ""right_hand_translation_m"": null, ""selected_step"": ""r2_gear_rod"", ""step_attempt"": 6, ""step_elapsed_s"": 10.259656892041676, ""step_event_index"": 30, ""total_hand_translation_m"": null, ""trial_finished_elapsed_s"": null, ""trial_recording"": true, ""trial_required_tool_ids"": [15, 27, 28, 33]}"
2026-09-04T17:29:48.137-04:00,apoorva,gesture,tts_started,lifecycle,r2_gear_rod,Row 2.2: assemble gear rod,ready,6,31,,,,10.280012,,,,,,,,,,,,,,,,screw,,,,,"{""acquired_tool_ids"": [15], ""acquisition_complete"": false, ""completed_steps"": [""r2_bearing_right"", ""r2_bearing_left"", ""r1_gear_rod"", ""r1_bearing_right"", ""r1_bearing_left""], ""head_rotation_deg"": null, ""head_translation_m"": null, ""left_hand_translation_m"": null, ""removed_tool_ids"": [14, 18, 19, 20, 21, 26], ""right_hand_translation_m"": null, ""selected_step"": ""r2_gear_rod"", ""step_attempt"": 6, ""step_elapsed_s"": 10.280023355036974, ""step_event_index"": 31, ""total_hand_translation_m"": null, ""trial_finished_elapsed_s"": null, ""trial_recording"": true, ""trial_required_tool_ids"": [15, 27, 28, 33]}"
2026-09-04T17:29:48.152-04:00,apoorva,gesture,tts_finished,lifecycle,r2_gear_rod,Row 2.2: assemble gear rod,ready,6,32,,,,10.295586,,,,,,,,,,,,,,,,screw,,,,,"{""acquired_tool_ids"": [15], ""acquisition_complete"": false, ""completed_steps"": [""r2_bearing_right"", ""r2_bearing_left"", ""r1_gear_rod"", ""r1_bearing_right"", ""r1_bearing_left""], ""head_rotation_deg"": null, ""head_translation_m"": null, ""left_hand_translation_m"": null, ""removed_tool_ids"": [14, 18, 19, 20, 21, 26], ""right_hand_translation_m"": null, ""selected_step"": ""r2_gear_rod"", ""step_attempt"": 6, ""step_elapsed_s"": 10.29559827700723, ""step_event_index"": 32, ""total_hand_translation_m"": null, ""trial_finished_elapsed_s"": null, ""trial_recording"": true, ""trial_required_tool_ids"": [15, 27, 28, 33]}"
2026-09-04T17:29:48.172-04:00,apoorva,gesture,tts_started,lifecycle,r2_gear_rod,Row 2.2: assemble gear rod,ready,6,33,,,,10.315444,,,,,,,,,,,,,,,,bearing,,,,,"{""acquired_tool_ids"": [15], ""acquisition_complete"": false, ""completed_steps"": [""r2_bearing_right"", ""r2_bearing_left"", ""r1_gear_rod"", ""r1_bearing_right"", ""r1_bearing_left""], ""head_rotation_deg"": null, ""head_translation_m"": null, ""left_hand_translation_m"": null, ""removed_tool_ids"": [14, 18, 19, 20, 21, 26], ""right_hand_translation_m"": null, ""selected_step"": ""r2_gear_rod"", ""step_attempt"": 6, ""step_elapsed_s"": 10.315451705944724, ""step_event_index"": 33, ""total_hand_translation_m"": null, ""trial_finished_elapsed_s"": null, ""trial_recording"": true, ""trial_required_tool_ids"": [15, 27, 28, 33]}"
2026-09-04T17:29:48.241-04:00,apoorva,gesture,hover,hover,r2_gear_rod,Row 2.2: assemble gear rod,ready,6,34,30,GEAR_ROW3_RIGHT,,,,,,,,,,,,,,,,,,,,,,,"{""acquired_tool_ids"": [15], ""acquisition_complete"": false, ""completed_steps"": [""r2_bearing_right"", ""r2_bearing_left"", ""r1_gear_rod"", ""r1_bearing_right"", ""r1_bearing_left""], ""head_rotation_deg"": null, ""head_translation_m"": null, ""left_hand_translation_m"": null, ""removed_tool_ids"": [14, 18, 19, 20, 21, 26], ""right_hand_translation_m"": null, ""selected_step"": ""r2_gear_rod"", ""step_attempt"": 6, ""step_elapsed_s"": 10.384021769976243, ""step_event_index"": 34, ""total_hand_translation_m"": null, ""trial_finished_elapsed_s"": null, ""trial_recording"": true, ""trial_required_tool_ids"": [15, 27, 28, 33]}"
2026-09-04T17:29:48.261-04:00,apoorva,gesture,tts_queued,lifecycle,r2_gear_rod,Row 2.2: assemble gear rod,ready,6,35,,,,10.404575,,,,,,,,,,,,,,,,Row 3 right gear,,,replace_hover,,"{""acquired_tool_ids"": [15], ""acquisition_complete"": false, ""completed_steps"": [""r2_bearing_right"", ""r2_bearing_left"", ""r1_gear_rod"", ""r1_bearing_right"", ""r1_bearing_left""], ""head_rotation_deg"": null, ""head_translation_m"": null, ""left_hand_translation_m"": null, ""removed_tool_ids"": [14, 18, 19, 20, 21, 26], ""right_hand_translation_m"": null, ""selected_step"": ""r2_gear_rod"", ""step_attempt"": 6, ""step_elapsed_s"": 10.404585603042506, ""step_event_index"": 35, ""total_hand_translation_m"": null, ""trial_finished_elapsed_s"": null, ""trial_recording"": true, ""trial_required_tool_ids"": [15, 27, 28, 33]}"
2026-09-04T17:29:48.292-04:00,apoorva,gesture,hover,hover,r2_gear_rod,Row 2.2: assemble gear rod,ready,6,36,27,GEAR_ROW2_LEFT,,,,,,,,,,,,,,,,,,,,,,,"{""acquired_tool_ids"": [15], ""acquisition_complete"": false, ""completed_steps"": [""r2_bearing_right"", ""r2_bearing_left"", ""r1_gear_rod"", ""r1_bearing_right"", ""r1_bearing_left""], ""head_rotation_deg"": null, ""head_translation_m"": null, ""left_hand_translation_m"": null, ""removed_tool_ids"": [14, 18, 19, 20, 21, 26], ""right_hand_translation_m"": null, ""selected_step"": ""r2_gear_rod"", ""step_attempt"": 6, ""step_elapsed_s"": 10.435098126996309, ""step_event_index"": 36, ""total_hand_translation_m"": null, ""trial_finished_elapsed_s"": null, ""trial_recording"": true, ""trial_required_tool_ids"": [15, 27, 28, 33]}"
2026-09-04T17:29:48.344-04:00,apoorva,gesture,tts_queued,lifecycle,r2_gear_rod,Row 2.2: assemble gear rod,ready,6,37,,,,10.487592,,,,,,,,,,,,,,,,Row 2 left gear,,,replace_hover,,"{""acquired_tool_ids"": [15], ""acquisition_complete"": false, ""completed_steps"": [""r2_bearing_right"", ""r2_bearing_left"", ""r1_gear_rod"", ""r1_bearing_right"", ""r1_bearing_left""], ""head_rotation_deg"": null, ""head_translation_m"": null, ""left_hand_translation_m"": null, ""removed_tool_ids"": [14, 18, 19, 20, 21, 26], ""right_hand_translation_m"": null, ""selected_step"": ""r2_gear_rod"", ""step_attempt"": 6, ""step_elapsed_s"": 10.487605939968489, ""step_event_index"": 37, ""total_hand_translation_m"": null, ""trial_finished_elapsed_s"": null, ""trial_recording"": true, ""trial_required_tool_ids"": [15, 27, 28, 33]}"
2026-09-04T17:29:48.394-04:00,apoorva,gesture,hover,hover,r2_gear_rod,Row 2.2: assemble gear rod,ready,6,38,28,GEAR_ROW2_RIGHT,,,,,,,,,,,,,,,,,,,,,,,"{""acquired_tool_ids"": [15], ""acquisition_complete"": false, ""completed_steps"": [""r2_bearing_right"", ""r2_bearing_left"", ""r1_gear_rod"", ""r1_bearing_right"", ""r1_bearing_left""], ""head_rotation_deg"": null, ""head_translation_m"": null, ""left_hand_translation_m"": null, ""removed_tool_ids"": [14, 18, 19, 20, 21, 26], ""right_hand_translation_m"": null, ""selected_step"": ""r2_gear_rod"", ""step_attempt"": 6, ""step_elapsed_s"": 10.537566381972283, ""step_event_index"": 38, ""total_hand_translation_m"": null, ""trial_finished_elapsed_s"": null, ""trial_recording"": true, ""trial_required_tool_ids"": [15, 27, 28, 33]}"
2026-09-04T17:29:48.411-04:00,apoorva,gesture,tts_queued,lifecycle,r2_gear_rod,Row 2.2: assemble gear rod,ready,6,39,,,,10.554554,,,,,,,,,,,,,,,,Row 2 right gear,,,replace_hover,,"{""acquired_tool_ids"": [15], ""acquisition_complete"": false, ""completed_steps"": [""r2_bearing_right"", ""r2_bearing_left"", ""r1_gear_rod"", ""r1_bearing_right"", ""r1_bearing_left""], ""head_rotation_deg"": null, ""head_translation_m"": null, ""left_hand_translation_m"": null, ""removed_tool_ids"": [14, 18, 19, 20, 21, 26], ""right_hand_translation_m"": null, ""selected_step"": ""r2_gear_rod"", ""step_attempt"": 6, ""step_elapsed_s"": 10.55456855299417, ""step_event_index"": 39, ""total_hand_translation_m"": null, ""trial_finished_elapsed_s"": null, ""trial_recording"": true, ""trial_required_tool_ids"": [15, 27, 28, 33]}"
2026-09-04T17:29:48.483-04:00,apoorva,gesture,hover,hover,r2_gear_rod,Row 2.2: assemble gear rod,ready,6,40,31,GEAR_ROW4_LEFT,,,,,,,,,,,,,,,,,,,,,,,"{""acquired_tool_ids"": [15], ""acquisition_complete"": false, ""completed_steps"": [""r2_bearing_right"", ""r2_bearing_left"", ""r1_gear_rod"", ""r1_bearing_right"", ""r1_bearing_left""], ""head_rotation_deg"": null, ""head_translation_m"": null, ""left_hand_translation_m"": null, ""removed_tool_ids"": [14, 18, 19, 20, 21, 26], ""right_hand_translation_m"": null, ""selected_step"": ""r2_gear_rod"", ""step_attempt"": 6, ""step_elapsed_s"": 10.62669929000549, ""step_event_index"": 40, ""total_hand_translation_m"": null, ""trial_finished_elapsed_s"": null, ""trial_recording"": true, ""trial_required_tool_ids"": [15, 27, 28, 33]}"
2026-09-04T17:29:48.509-04:00,apoorva,gesture,tts_queued,lifecycle,r2_gear_rod,Row 2.2: assemble gear rod,ready,6,41,,,,10.652292,,,,,,,,,,,,,,,,Row 4 left gear,,,replace_hover,,"{""acquired_tool_ids"": [15], ""acquisition_complete"": false, ""completed_steps"": [""r2_bearing_right"", ""r2_bearing_left"", ""r1_gear_rod"", ""r1_bearing_right"", ""r1_bearing_left""], ""head_rotation_deg"": null, ""head_translation_m"": null, ""left_hand_translation_m"": null, ""removed_tool_ids"": [14, 18, 19, 20, 21, 26], ""right_hand_translation_m"": null, ""selected_step"": ""r2_gear_rod"", ""step_attempt"": 6, ""step_elapsed_s"": 10.652304089977406, ""step_event_index"": 41, ""total_hand_translation_m"": null, ""trial_finished_elapsed_s"": null, ""trial_recording"": true, ""trial_required_tool_ids"": [15, 27, 28, 33]}"
2026-09-04T17:29:48.535-04:00,apoorva,gesture,tts_finished,lifecycle,r2_gear_rod,Row 2.2: assemble gear rod,ready,6,42,,,,10.678814,,,,,,,,,,,,,,,,bearing,,,,,"{""acquired_tool_ids"": [15], ""acquisition_complete"": false, ""completed_steps"": [""r2_bearing_right"", ""r2_bearing_left"", ""r1_gear_rod"", ""r1_bearing_right"", ""r1_bearing_left""], ""head_rotation_deg"": null, ""head_translation_m"": null, ""left_hand_translation_m"": null, ""removed_tool_ids"": [14, 18, 19, 20, 21, 26], ""right_hand_translation_m"": null, ""selected_step"": ""r2_gear_rod"", ""step_attempt"": 6, ""step_elapsed_s"": 10.678826501010917, ""step_event_index"": 42, ""total_hand_translation_m"": null, ""trial_finished_elapsed_s"": null, ""trial_recording"": true, ""trial_required_tool_ids"": [15, 27, 28, 33]}"
2026-09-04T17:29:48.552-04:00,apoorva,gesture,tts_started,lifecycle,r2_gear_rod,Row 2.2: assemble gear rod,ready,6,43,,,,10.695371,,,,,,,,,,,,,,,,Row 3 right gear,,,,,"{""acquired_tool_ids"": [15], ""acquisition_complete"": false, ""completed_steps"": [""r2_bearing_right"", ""r2_bearing_left"", ""r1_gear_rod"", ""r1_bearing_right"", ""r1_bearing_left""], ""head_rotation_deg"": null, ""head_translation_m"": null, ""left_hand_translation_m"": null, ""removed_tool_ids"": [14, 18, 19, 20, 21, 26], ""right_hand_translation_m"": null, ""selected_step"": ""r2_gear_rod"", ""step_attempt"": 6, ""step_elapsed_s"": 10.695384896011092, ""step_event_index"": 43, ""total_hand_translation_m"": null, ""trial_finished_elapsed_s"": null, ""trial_recording"": true, ""trial_required_tool_ids"": [15, 27, 28, 33]}"
2026-09-04T17:29:48.581-04:00,apoorva,gesture,tts_finished,lifecycle,r2_gear_rod,Row 2.2: assemble gear rod,ready,6,44,,,,10.724073,,,,,,,,,,,,,,,,Row 3 right gear,,,,,"{""acquired_tool_ids"": [15], ""acquisition_complete"": false, ""completed_steps"": [""r2_bearing_right"", ""r2_bearing_left"", ""r1_gear_rod"", ""r1_bearing_right"", ""r1_bearing_left""], ""head_rotation_deg"": null, ""head_translation_m"": null, ""left_hand_translation_m"": null, ""removed_tool_ids"": [14, 18, 19, 20, 21, 26], ""right_hand_translation_m"": null, ""selected_step"": ""r2_gear_rod"", ""step_attempt"": 6, ""step_elapsed_s"": 10.724088702932931, ""step_event_index"": 44, ""total_hand_translation_m"": null, ""trial_finished_elapsed_s"": null, ""trial_recording"": true, ""trial_required_tool_ids"": [15, 27, 28, 33]}"
2026-09-04T17:29:48.599-04:00,apoorva,gesture,tts_started,lifecycle,r2_gear_rod,Row 2.2: assemble gear rod,ready,6,45,,,,10.741831,,,,,,,,,,,,,,,,Row 2 left gear,,,,,"{""acquired_tool_ids"": [15], ""acquisition_complete"": false, ""completed_steps"": [""r2_bearing_right"", ""r2_bearing_left"", ""r1_gear_rod"", ""r1_bearing_right"", ""r1_bearing_left""], ""head_rotation_deg"": null, ""head_translation_m"": null, ""left_hand_translation_m"": null, ""removed_tool_ids"": [14, 18, 19, 20, 21, 26], ""right_hand_translation_m"": null, ""selected_step"": ""r2_gear_rod"", ""step_attempt"": 6, ""step_elapsed_s"": 10.741841965005733, ""step_event_index"": 45, ""total_hand_translation_m"": null, ""trial_finished_elapsed_s"": null, ""trial_recording"": true, ""trial_required_tool_ids"": [15, 27, 28, 33]}"
2026-09-04T17:29:48.624-04:00,apoorva,gesture,tts_interrupted,lifecycle,r2_gear_rod,Row 2.2: assemble gear rod,ready,6,46,,,,10.767478,,,,,,,,,,,,,,,,Row 2 left gear,,,,,"{""acquired_tool_ids"": [15], ""acquisition_complete"": false, ""completed_steps"": [""r2_bearing_right"", ""r2_bearing_left"", ""r1_gear_rod"", ""r1_bearing_right"", ""r1_bearing_left""], ""head_rotation_deg"": null, ""head_translation_m"": null, ""left_hand_translation_m"": null, ""removed_tool_ids"": [14, 18, 19, 20, 21, 26], ""right_hand_translation_m"": null, ""selected_step"": ""r2_gear_rod"", ""step_attempt"": 6, ""step_elapsed_s"": 10.76748704095371, ""step_event_index"": 46, ""total_hand_translation_m"": null, ""trial_finished_elapsed_s"": null, ""trial_recording"": true, ""trial_required_tool_ids"": [15, 27, 28, 33]}"
2026-09-04T17:29:48.649-04:00,apoorva,gesture,tts_started,lifecycle,r2_gear_rod,Row 2.2: assemble gear rod,ready,6,47,,,,10.792622,,,,,,,,,,,,,,,,Row 2 right gear,,,,,"{""acquired_tool_ids"": [15], ""acquisition_complete"": false, ""completed_steps"": [""r2_bearing_right"", ""r2_bearing_left"", ""r1_gear_rod"", ""r1_bearing_right"", ""r1_bearing_left""], ""head_rotation_deg"": null, ""head_translation_m"": null, ""left_hand_translation_m"": null, ""removed_tool_ids"": [14, 18, 19, 20, 21, 26], ""right_hand_translation_m"": null, ""selected_step"": ""r2_gear_rod"", ""step_attempt"": 6, ""step_elapsed_s"": 10.792630819021724, ""step_event_index"": 47, ""total_hand_translation_m"": null, ""trial_finished_elapsed_s"": null, ""trial_recording"": true, ""trial_required_tool_ids"": [15, 27, 28, 33]}"
2026-09-04T17:29:48.678-04:00,apoorva,gesture,tts_finished,lifecycle,r2_gear_rod,Row 2.2: assemble gear rod,ready,6,48,,,,10.821618,,,,,,,,,,,,,,,,Row 2 right gear,,,,,"{""acquired_tool_ids"": [15], ""acquisition_complete"": false, ""completed_steps"": [""r2_bearing_right"", ""r2_bearing_left"", ""r1_gear_rod"", ""r1_bearing_right"", ""r1_bearing_left""], ""head_rotation_deg"": null, ""head_translation_m"": null, ""left_hand_translation_m"": null, ""removed_tool_ids"": [14, 18, 19, 20, 21, 26], ""right_hand_translation_m"": null, ""selected_step"": ""r2_gear_rod"", ""step_attempt"": 6, ""step_elapsed_s"": 10.821624577976763, ""step_event_index"": 48, ""total_hand_translation_m"": null, ""trial_finished_elapsed_s"": null, ""trial_recording"": true, ""trial_required_tool_ids"": [15, 27, 28, 33]}"
2026-09-04T17:29:48.710-04:00,apoorva,gesture,tts_started,lifecycle,r2_gear_rod,Row 2.2: assemble gear rod,ready,6,49,,,,10.853478,,,,,,,,,,,,,,,,Row 4 left gear,,,,,"{""acquired_tool_ids"": [15], ""acquisition_complete"": false, ""completed_steps"": [""r2_bearing_right"", ""r2_bearing_left"", ""r1_gear_rod"", ""r1_bearing_right"", ""r1_bearing_left""], ""head_rotation_deg"": null, ""head_translation_m"": null, ""left_hand_translation_m"": null, ""removed_tool_ids"": [14, 18, 19, 20, 21, 26], ""right_hand_translation_m"": null, ""selected_step"": ""r2_gear_rod"", ""step_attempt"": 6, ""step_elapsed_s"": 10.853489539935254, ""step_event_index"": 49, ""total_hand_translation_m"": null, ""trial_finished_elapsed_s"": null, ""trial_recording"": true, ""trial_required_tool_ids"": [15, 27, 28, 33]}"
2026-09-04T17:29:49.159-04:00,apoorva,gesture,hover,hover,r2_gear_rod,Row 2.2: assemble gear rod,ready,6,50,28,GEAR_ROW2_RIGHT,,,,,,,,,,,,,,,,,,,,,,,"{""acquired_tool_ids"": [15], ""acquisition_complete"": false, ""completed_steps"": [""r2_bearing_right"", ""r2_bearing_left"", ""r1_gear_rod"", ""r1_bearing_right"", ""r1_bearing_left""], ""head_rotation_deg"": null, ""head_translation_m"": null, ""left_hand_translation_m"": null, ""removed_tool_ids"": [14, 18, 19, 20, 21, 26], ""right_hand_translation_m"": null, ""selected_step"": ""r2_gear_rod"", ""step_attempt"": 6, ""step_elapsed_s"": 11.302044939016923, ""step_event_index"": 50, ""total_hand_translation_m"": null, ""trial_finished_elapsed_s"": null, ""trial_recording"": true, ""trial_required_tool_ids"": [15, 27, 28, 33]}"
2026-09-04T17:29:49.186-04:00,apoorva,gesture,tts_queued,lifecycle,r2_gear_rod,Row 2.2: assemble gear rod,ready,6,51,,,,11.329735,,,,,,,,,,,,,,,,Row 2 right gear,,,replace_hover,,"{""acquired_tool_ids"": [15], ""acquisition_complete"": false, ""completed_steps"": [""r2_bearing_right"", ""r2_bearing_left"", ""r1_gear_rod"", ""r1_bearing_right"", ""r1_bearing_left""], ""head_rotation_deg"": null, ""head_translation_m"": null, ""left_hand_translation_m"": null, ""removed_tool_ids"": [14, 18, 19, 20, 21, 26], ""right_hand_translation_m"": null, ""selected_step"": ""r2_gear_rod"", ""step_attempt"": 6, ""step_elapsed_s"": 11.32976841297932, ""step_event_index"": 51, ""total_hand_translation_m"": null, ""trial_finished_elapsed_s"": null, ""trial_recording"": true, ""trial_required_tool_ids"": [15, 27, 28, 33]}"
2026-09-04T17:29:49.237-04:00,apoorva,gesture,tts_finished,lifecycle,r2_gear_rod,Row 2.2: assemble gear rod,ready,6,52,,,,11.380105,,,,,,,,,,,,,,,,Row 4 left gear,,,,,"{""acquired_tool_ids"": [15], ""acquisition_complete"": false, ""completed_steps"": [""r2_bearing_right"", ""r2_bearing_left"", ""r1_gear_rod"", ""r1_bearing_right"", ""r1_bearing_left""], ""head_rotation_deg"": null, ""head_translation_m"": null, ""left_hand_translation_m"": null, ""removed_tool_ids"": [14, 18, 19, 20, 21, 26], ""right_hand_translation_m"": null, ""selected_step"": ""r2_gear_rod"", ""step_attempt"": 6, ""step_elapsed_s"": 11.380119555047713, ""step_event_index"": 52, ""total_hand_translation_m"": null, ""trial_finished_elapsed_s"": null, ""trial_recording"": true, ""trial_required_tool_ids"": [15, 27, 28, 33]}"
2026-09-04T17:29:49.262-04:00,apoorva,gesture,tts_started,lifecycle,r2_gear_rod,Row 2.2: assemble gear rod,ready,6,53,,,,11.405513,,,,,,,,,,,,,,,,Row 2 right gear,,,,,"{""acquired_tool_ids"": [15], ""acquisition_complete"": false, ""completed_steps"": [""r2_bearing_right"", ""r2_bearing_left"", ""r1_gear_rod"", ""r1_bearing_right"", ""r1_bearing_left""], ""head_rotation_deg"": null, ""head_translation_m"": null, ""left_hand_translation_m"": null, ""removed_tool_ids"": [14, 18, 19, 20, 21, 26], ""right_hand_translation_m"": null, ""selected_step"": ""r2_gear_rod"", ""step_attempt"": 6, ""step_elapsed_s"": 11.405519991996698, ""step_event_index"": 53, ""total_hand_translation_m"": null, ""trial_finished_elapsed_s"": null, ""trial_recording"": true, ""trial_required_tool_ids"": [15, 27, 28, 33]}"
2026-09-04T17:29:50.690-04:00,apoorva,gesture,hover,hover,r2_gear_rod,Row 2.2: assemble gear rod,ready,6,54,27,GEAR_ROW2_LEFT,,,,,,,,,,,,,,,,,,,,,,,"{""acquired_tool_ids"": [15], ""acquisition_complete"": false, ""completed_steps"": [""r2_bearing_right"", ""r2_bearing_left"", ""r1_gear_rod"", ""r1_bearing_right"", ""r1_bearing_left""], ""head_rotation_deg"": null, ""head_translation_m"": null, ""left_hand_translation_m"": null, ""removed_tool_ids"": [14, 18, 19, 20, 21, 26], ""right_hand_translation_m"": null, ""selected_step"": ""r2_gear_rod"", ""step_attempt"": 6, ""step_elapsed_s"": 12.833477890933864, ""step_event_index"": 54, ""total_hand_translation_m"": null, ""trial_finished_elapsed_s"": null, ""trial_recording"": true, ""trial_required_tool_ids"": [15, 27, 28, 33]}"
2026-09-04T17:29:50.761-04:00,apoorva,gesture,tts_queued,lifecycle,r2_gear_rod,Row 2.2: assemble gear rod,ready,6,55,,,,12.904244,,,,,,,,,,,,,,,,Row 2 left gear,,,replace_hover,,"{""acquired_tool_ids"": [15], ""acquisition_complete"": false, ""completed_steps"": [""r2_bearing_right"", ""r2_bearing_left"", ""r1_gear_rod"", ""r1_bearing_right"", ""r1_bearing_left""], ""head_rotation_deg"": null, ""head_translation_m"": null, ""left_hand_translation_m"": null, ""removed_tool_ids"": [14, 18, 19, 20, 21, 26], ""right_hand_translation_m"": null, ""selected_step"": ""r2_gear_rod"", ""step_attempt"": 6, ""step_elapsed_s"": 12.904255478992127, ""step_event_index"": 55, ""total_hand_translation_m"": null, ""trial_finished_elapsed_s"": null, ""trial_recording"": true, ""trial_required_tool_ids"": [15, 27, 28, 33]}"
2026-09-04T17:29:50.787-04:00,apoorva,gesture,tts_finished,lifecycle,r2_gear_rod,Row 2.2: assemble gear rod,ready,6,56,,,,12.930630,,,,,,,,,,,,,,,,Row 2 right gear,,,,,"{""acquired_tool_ids"": [15], ""acquisition_complete"": false, ""completed_steps"": [""r2_bearing_right"", ""r2_bearing_left"", ""r1_gear_rod"", ""r1_bearing_right"", ""r1_bearing_left""], ""head_rotation_deg"": null, ""head_translation_m"": null, ""left_hand_translation_m"": null, ""removed_tool_ids"": [14, 18, 19, 20, 21, 26], ""right_hand_translation_m"": null, ""selected_step"": ""r2_gear_rod"", ""step_attempt"": 6, ""step_elapsed_s"": 12.930638813995756, ""step_event_index"": 56, ""total_hand_translation_m"": null, ""trial_finished_elapsed_s"": null, ""trial_recording"": true, ""trial_required_tool_ids"": [15, 27, 28, 33]}"
2026-09-04T17:29:50.817-04:00,apoorva,gesture,tts_started,lifecycle,r2_gear_rod,Row 2.2: assemble gear rod,ready,6,57,,,,12.960116,,,,,,,,,,,,,,,,Row 2 left gear,,,,,"{""acquired_tool_ids"": [15], ""acquisition_complete"": false, ""completed_steps"": [""r2_bearing_right"", ""r2_bearing_left"", ""r1_gear_rod"", ""r1_bearing_right"", ""r1_bearing_left""], ""head_rotation_deg"": null, ""head_translation_m"": null, ""left_hand_translation_m"": null, ""removed_tool_ids"": [14, 18, 19, 20, 21, 26], ""right_hand_translation_m"": null, ""selected_step"": ""r2_gear_rod"", ""step_attempt"": 6, ""step_elapsed_s"": 12.960129291983321, ""step_event_index"": 57, ""total_hand_translation_m"": null, ""trial_finished_elapsed_s"": null, ""trial_recording"": true, ""trial_required_tool_ids"": [15, 27, 28, 33]}"
2026-09-04T17:29:51.322-04:00,apoorva,gesture,hover,hover,r2_gear_rod,Row 2.2: assemble gear rod,ready,6,58,28,GEAR_ROW2_RIGHT,,,,,,,,,,,,,,,,,,,,,,,"{""acquired_tool_ids"": [15], ""acquisition_complete"": false, ""completed_steps"": [""r2_bearing_right"", ""r2_bearing_left"", ""r1_gear_rod"", ""r1_bearing_right"", ""r1_bearing_left""], ""head_rotation_deg"": null, ""head_translation_m"": null, ""left_hand_translation_m"": null, ""removed_tool_ids"": [14, 18, 19, 20, 21, 26], ""right_hand_translation_m"": null, ""selected_step"": ""r2_gear_rod"", ""step_attempt"": 6, ""step_elapsed_s"": 13.465336118941195, ""step_event_index"": 58, ""total_hand_translation_m"": null, ""trial_finished_elapsed_s"": null, ""trial_recording"": true, ""trial_required_tool_ids"": [15, 27, 28, 33]}"
2026-09-04T17:29:51.362-04:00,apoorva,gesture,tts_queued,lifecycle,r2_gear_rod,Row 2.2: assemble gear rod,ready,6,59,,,,13.505261,,,,,,,,,,,,,,,,Row 2 right gear,,,replace_hover,,"{""acquired_tool_ids"": [15], ""acquisition_complete"": false, ""completed_steps"": [""r2_bearing_right"", ""r2_bearing_left"", ""r1_gear_rod"", ""r1_bearing_right"", ""r1_bearing_left""], ""head_rotation_deg"": null, ""head_translation_m"": null, ""left_hand_translation_m"": null, ""removed_tool_ids"": [14, 18, 19, 20, 21, 26], ""right_hand_translation_m"": null, ""selected_step"": ""r2_gear_rod"", ""step_attempt"": 6, ""step_elapsed_s"": 13.505272011971101, ""step_event_index"": 59, ""total_hand_translation_m"": null, ""trial_finished_elapsed_s"": null, ""trial_recording"": true, ""trial_required_tool_ids"": [15, 27, 28, 33]}"
2026-09-04T17:29:51.412-04:00,apoorva,gesture,tts_finished,lifecycle,r2_gear_rod,Row 2.2: assemble gear rod,ready,6,60,,,,13.555077,,,,,,,,,,,,,,,,Row 2 left gear,,,,,"{""acquired_tool_ids"": [15], ""acquisition_complete"": false, ""completed_steps"": [""r2_bearing_right"", ""r2_bearing_left"", ""r1_gear_rod"", ""r1_bearing_right"", ""r1_bearing_left""], ""head_rotation_deg"": null, ""head_translation_m"": null, ""left_hand_translation_m"": null, ""removed_tool_ids"": [14, 18, 19, 20, 21, 26], ""right_hand_translation_m"": null, ""selected_step"": ""r2_gear_rod"", ""step_attempt"": 6, ""step_elapsed_s"": 13.555089985951781, ""step_event_index"": 60, ""total_hand_translation_m"": null, ""trial_finished_elapsed_s"": null, ""trial_recording"": true, ""trial_required_tool_ids"": [15, 27, 28, 33]}"
2026-09-04T17:29:51.462-04:00,apoorva,gesture,tts_started,lifecycle,r2_gear_rod,Row 2.2: assemble gear rod,ready,6,61,,,,13.605780,,,,,,,,,,,,,,,,Row 2 right gear,,,,,"{""acquired_tool_ids"": [15], ""acquisition_complete"": false, ""completed_steps"": [""r2_bearing_right"", ""r2_bearing_left"", ""r1_gear_rod"", ""r1_bearing_right"", ""r1_bearing_left""], ""head_rotation_deg"": null, ""head_translation_m"": null, ""left_hand_translation_m"": null, ""removed_tool_ids"": [14, 18, 19, 20, 21, 26], ""right_hand_translation_m"": null, ""selected_step"": ""r2_gear_rod"", ""step_attempt"": 6, ""step_elapsed_s"": 13.605790887027979, ""step_event_index"": 61, ""total_hand_translation_m"": null, ""trial_finished_elapsed_s"": null, ""trial_recording"": true, ""trial_required_tool_ids"": [15, 27, 28, 33]}"
2026-09-04T17:29:51.974-04:00,apoorva,gesture,hover,hover,r2_gear_rod,Row 2.2: assemble gear rod,ready,6,62,27,GEAR_ROW2_LEFT,,,,,,,,,,,,,,,,,,,,,,,"{""acquired_tool_ids"": [15], ""acquisition_complete"": false, ""completed_steps"": [""r2_bearing_right"", ""r2_bearing_left"", ""r1_gear_rod"", ""r1_bearing_right"", ""r1_bearing_left""], ""head_rotation_deg"": null, ""head_translation_m"": null, ""left_hand_translation_m"": null, ""removed_tool_ids"": [14, 18, 19, 20, 21, 26], ""right_hand_translation_m"": null, ""selected_step"": ""r2_gear_rod"", ""step_attempt"": 6, ""step_elapsed_s"": 14.117315039038658, ""step_event_index"": 62, ""total_hand_translation_m"": null, ""trial_finished_elapsed_s"": null, ""trial_recording"": true, ""trial_required_tool_ids"": [15, 27, 28, 33]}"
2026-09-04T17:29:52.008-04:00,apoorva,gesture,tts_queued,lifecycle,r2_gear_rod,Row 2.2: assemble gear rod,ready,6,63,,,,14.151473,,,,,,,,,,,,,,,,Row 2 left gear,,,replace_hover,,"{""acquired_tool_ids"": [15], ""acquisition_complete"": false, ""completed_steps"": [""r2_bearing_right"", ""r2_bearing_left"", ""r1_gear_rod"", ""r1_bearing_right"", ""r1_bearing_left""], ""head_rotation_deg"": null, ""head_translation_m"": null, ""left_hand_translation_m"": null, ""removed_tool_ids"": [14, 18, 19, 20, 21, 26], ""right_hand_translation_m"": null, ""selected_step"": ""r2_gear_rod"", ""step_attempt"": 6, ""step_elapsed_s"": 14.151484783971682, ""step_event_index"": 63, ""total_hand_translation_m"": null, ""trial_finished_elapsed_s"": null, ""trial_recording"": true, ""trial_required_tool_ids"": [15, 27, 28, 33]}"
2026-09-04T17:29:52.083-04:00,apoorva,gesture,tts_finished,lifecycle,r2_gear_rod,Row 2.2: assemble gear rod,ready,6,64,,,,14.226168,,,,,,,,,,,,,,,,Row 2 right gear,,,,,"{""acquired_tool_ids"": [15], ""acquisition_complete"": false, ""completed_steps"": [""r2_bearing_right"", ""r2_bearing_left"", ""r1_gear_rod"", ""r1_bearing_right"", ""r1_bearing_left""], ""head_rotation_deg"": null, ""head_translation_m"": null, ""left_hand_translation_m"": null, ""removed_tool_ids"": [14, 18, 19, 20, 21, 26], ""right_hand_translation_m"": null, ""selected_step"": ""r2_gear_rod"", ""step_attempt"": 6, ""step_elapsed_s"": 14.2261781769339, ""step_event_index"": 64, ""total_hand_translation_m"": null, ""trial_finished_elapsed_s"": null, ""trial_recording"": true, ""trial_required_tool_ids"": [15, 27, 28, 33]}"
2026-09-04T17:29:52.102-04:00,apoorva,gesture,tts_started,lifecycle,r2_gear_rod,Row 2.2: assemble gear rod,ready,6,65,,,,14.245001,,,,,,,,,,,,,,,,Row 2 left gear,,,,,"{""acquired_tool_ids"": [15], ""acquisition_complete"": false, ""completed_steps"": [""r2_bearing_right"", ""r2_bearing_left"", ""r1_gear_rod"", ""r1_bearing_right"", ""r1_bearing_left""], ""head_rotation_deg"": null, ""head_translation_m"": null, ""left_hand_translation_m"": null, ""removed_tool_ids"": [14, 18, 19, 20, 21, 26], ""right_hand_translation_m"": null, ""selected_step"": ""r2_gear_rod"", ""step_attempt"": 6, ""step_elapsed_s"": 14.24501319997944, ""step_event_index"": 65, ""total_hand_translation_m"": null, ""trial_finished_elapsed_s"": null, ""trial_recording"": true, ""trial_required_tool_ids"": [15, 27, 28, 33]}"
2026-09-04T17:29:52.657-04:00,apoorva,gesture,hover,hover,r2_gear_rod,Row 2.2: assemble gear rod,ready,6,66,28,GEAR_ROW2_RIGHT,,,,,,,,,,,,,,,,,,,,,,,"{""acquired_tool_ids"": [15], ""acquisition_complete"": false, ""completed_steps"": [""r2_bearing_right"", ""r2_bearing_left"", ""r1_gear_rod"", ""r1_bearing_right"", ""r1_bearing_left""], ""head_rotation_deg"": null, ""head_translation_m"": null, ""left_hand_translation_m"": null, ""removed_tool_ids"": [14, 18, 19, 20, 21, 26], ""right_hand_translation_m"": null, ""selected_step"": ""r2_gear_rod"", ""step_attempt"": 6, ""step_elapsed_s"": 14.80068616301287, ""step_event_index"": 66, ""total_hand_translation_m"": null, ""trial_finished_elapsed_s"": null, ""trial_recording"": true, ""trial_required_tool_ids"": [15, 27, 28, 33]}"
2026-09-04T17:29:52.687-04:00,apoorva,gesture,tts_queued,lifecycle,r2_gear_rod,Row 2.2: assemble gear rod,ready,6,67,,,,14.830491,,,,,,,,,,,,,,,,Row 2 right gear,,,replace_hover,,"{""acquired_tool_ids"": [15], ""acquisition_complete"": false, ""completed_steps"": [""r2_bearing_right"", ""r2_bearing_left"", ""r1_gear_rod"", ""r1_bearing_right"", ""r1_bearing_left""], ""head_rotation_deg"": null, ""head_translation_m"": null, ""left_hand_translation_m"": null, ""removed_tool_ids"": [14, 18, 19, 20, 21, 26], ""right_hand_translation_m"": null, ""selected_step"": ""r2_gear_rod"", ""step_attempt"": 6, ""step_elapsed_s"": 14.830532587016933, ""step_event_index"": 67, ""total_hand_translation_m"": null, ""trial_finished_elapsed_s"": null, ""trial_recording"": true, ""trial_required_tool_ids"": [15, 27, 28, 33]}"
2026-09-04T17:29:52.711-04:00,apoorva,gesture,tts_finished,lifecycle,r2_gear_rod,Row 2.2: assemble gear rod,ready,6,68,,,,14.854474,,,,,,,,,,,,,,,,Row 2 left gear,,,,,"{""acquired_tool_ids"": [15], ""acquisition_complete"": false, ""completed_steps"": [""r2_bearing_right"", ""r2_bearing_left"", ""r1_gear_rod"", ""r1_bearing_right"", ""r1_bearing_left""], ""head_rotation_deg"": null, ""head_translation_m"": null, ""left_hand_translation_m"": null, ""removed_tool_ids"": [14, 18, 19, 20, 21, 26], ""right_hand_translation_m"": null, ""selected_step"": ""r2_gear_rod"", ""step_attempt"": 6, ""step_elapsed_s"": 14.854483435978182, ""step_event_index"": 68, ""total_hand_translation_m"": null, ""trial_finished_elapsed_s"": null, ""trial_recording"": true, ""trial_required_tool_ids"": [15, 27, 28, 33]}"
2026-09-04T17:29:52.742-04:00,apoorva,gesture,tts_started,lifecycle,r2_gear_rod,Row 2.2: assemble gear rod,ready,6,69,,,,14.885284,,,,,,,,,,,,,,,,Row 2 right gear,,,,,"{""acquired_tool_ids"": [15], ""acquisition_complete"": false, ""completed_steps"": [""r2_bearing_right"", ""r2_bearing_left"", ""r1_gear_rod"", ""r1_bearing_right"", ""r1_bearing_left""], ""head_rotation_deg"": null, ""head_translation_m"": null, ""left_hand_translation_m"": null, ""removed_tool_ids"": [14, 18, 19, 20, 21, 26], ""right_hand_translation_m"": null, ""selected_step"": ""r2_gear_rod"", ""step_attempt"": 6, ""step_elapsed_s"": 14.885296726948582, ""step_event_index"": 69, ""total_hand_translation_m"": null, ""trial_finished_elapsed_s"": null, ""trial_recording"": true, ""trial_required_tool_ids"": [15, 27, 28, 33]}"
2026-09-04T17:29:54.027-04:00,apoorva,gesture,part_selection,click,r2_gear_rod,Row 2.2: assemble gear rod,ready,6,70,28,GEAR_ROW2_RIGHT,8.630564,16.169997,,,,,,,,,,,,,,,1,,,,,,"{""acquired_tool_ids"": [15, 28], ""acquisition_complete"": false, ""completed_steps"": [""r2_bearing_right"", ""r2_bearing_left"", ""r1_gear_rod"", ""r1_bearing_right"", ""r1_bearing_left""], ""head_rotation_deg"": null, ""head_translation_m"": null, ""left_hand_translation_m"": null, ""removed_tool_ids"": [14, 18, 19, 20, 21, 26], ""right_hand_translation_m"": null, ""selected_step"": ""r2_gear_rod"", ""step_attempt"": 6, ""step_elapsed_s"": 16.17003698903136, ""step_event_index"": 70, ""total_hand_translation_m"": null, ""trial_finished_elapsed_s"": null, ""trial_recording"": true, ""trial_required_tool_ids"": [15, 27, 28, 33]}"
2026-09-04T17:29:54.051-04:00,apoorva,gesture,object_acquired,click,r2_gear_rod,Row 2.2: assemble gear rod,ready,6,71,28,GEAR_ROW2_RIGHT,8.630564,16.169997,,,,,,,,,,,,,,,1,,,,,,"{""acquired_tool_ids"": [15, 28], ""acquisition_complete"": false, ""completed_steps"": [""r2_bearing_right"", ""r2_bearing_left"", ""r1_gear_rod"", ""r1_bearing_right"", ""r1_bearing_left""], ""head_rotation_deg"": null, ""head_translation_m"": null, ""left_hand_translation_m"": null, ""removed_tool_ids"": [14, 18, 19, 20, 21, 26], ""right_hand_translation_m"": null, ""selected_step"": ""r2_gear_rod"", ""step_attempt"": 6, ""step_elapsed_s"": 16.19443603302352, ""step_event_index"": 71, ""total_hand_translation_m"": null, ""trial_finished_elapsed_s"": null, ""trial_recording"": true, ""trial_required_tool_ids"": [15, 27, 28, 33]}"
2026-09-04T17:29:54.101-04:00,apoorva,gesture,tts_queued,lifecycle,r2_gear_rod,Row 2.2: assemble gear rod,ready,6,72,,,,16.243983,,,,,,,,,,,,,,,,2 parts left.,,,replace,,"{""acquired_tool_ids"": [15, 28], ""acquisition_complete"": false, ""completed_steps"": [""r2_bearing_right"", ""r2_bearing_left"", ""r1_gear_rod"", ""r1_bearing_right"", ""r1_bearing_left""], ""head_rotation_deg"": null, ""head_translation_m"": null, ""left_hand_translation_m"": null, ""removed_tool_ids"": [14, 18, 19, 20, 21, 26], ""right_hand_translation_m"": null, ""selected_step"": ""r2_gear_rod"", ""step_attempt"": 6, ""step_elapsed_s"": 16.24399374402128, ""step_event_index"": 72, ""total_hand_translation_m"": null, ""trial_finished_elapsed_s"": null, ""trial_recording"": true, ""trial_required_tool_ids"": [15, 27, 28, 33]}"
2026-09-04T17:29:54.132-04:00,apoorva,gesture,tts_finished,lifecycle,r2_gear_rod,Row 2.2: assemble gear rod,ready,6,73,,,,16.275231,,,,,,,,,,,,,,,,Row 2 right gear,,,,,"{""acquired_tool_ids"": [15, 28], ""acquisition_complete"": false, ""completed_steps"": [""r2_bearing_right"", ""r2_bearing_left"", ""r1_gear_rod"", ""r1_bearing_right"", ""r1_bearing_left""], ""head_rotation_deg"": null, ""head_translation_m"": null, ""left_hand_translation_m"": null, ""removed_tool_ids"": [14, 18, 19, 20, 21, 26], ""right_hand_translation_m"": null, ""selected_step"": ""r2_gear_rod"", ""step_attempt"": 6, ""step_elapsed_s"": 16.275244076969102, ""step_event_index"": 73, ""total_hand_translation_m"": null, ""trial_finished_elapsed_s"": null, ""trial_recording"": true, ""trial_required_tool_ids"": [15, 27, 28, 33]}"
2026-09-04T17:29:54.170-04:00,apoorva,gesture,tts_started,lifecycle,r2_gear_rod,Row 2.2: assemble gear rod,ready,6,74,,,,16.313426,,,,,,,,,,,,,,,,2 parts left.,,,,,"{""acquired_tool_ids"": [15, 28], ""acquisition_complete"": false, ""completed_steps"": [""r2_bearing_right"", ""r2_bearing_left"", ""r1_gear_rod"", ""r1_bearing_right"", ""r1_bearing_left""], ""head_rotation_deg"": null, ""head_translation_m"": null, ""left_hand_translation_m"": null, ""removed_tool_ids"": [14, 18, 19, 20, 21, 26], ""right_hand_translation_m"": null, ""selected_step"": ""r2_gear_rod"", ""step_attempt"": 6, ""step_elapsed_s"": 16.31343692203518, ""step_event_index"": 74, ""total_hand_translation_m"": null, ""trial_finished_elapsed_s"": null, ""trial_recording"": true, ""trial_required_tool_ids"": [15, 27, 28, 33]}"
2026-09-04T17:29:55.156-04:00,apoorva,gesture,hover,hover,r2_gear_rod,Row 2.2: assemble gear rod,ready,6,75,27,GEAR_ROW2_LEFT,,,,,,,,,,,,,,,,,,,,,,,"{""acquired_tool_ids"": [15, 28], ""acquisition_complete"": false, ""completed_steps"": [""r2_bearing_right"", ""r2_bearing_left"", ""r1_gear_rod"", ""r1_bearing_right"", ""r1_bearing_left""], ""head_rotation_deg"": null, ""head_translation_m"": null, ""left_hand_translation_m"": null, ""removed_tool_ids"": [14, 18, 19, 20, 21, 26], ""right_hand_translation_m"": null, ""selected_step"": ""r2_gear_rod"", ""step_attempt"": 6, ""step_elapsed_s"": 17.298883268027566, ""step_event_index"": 75, ""total_hand_translation_m"": null, ""trial_finished_elapsed_s"": null, ""trial_recording"": true, ""trial_required_tool_ids"": [15, 27, 28, 33]}"
2026-09-04T17:29:55.210-04:00,apoorva,gesture,tts_queued,lifecycle,r2_gear_rod,Row 2.2: assemble gear rod,ready,6,76,,,,17.353101,,,,,,,,,,,,,,,,Row 2 left gear,,,replace_hover,,"{""acquired_tool_ids"": [15, 28], ""acquisition_complete"": false, ""completed_steps"": [""r2_bearing_right"", ""r2_bearing_left"", ""r1_gear_rod"", ""r1_bearing_right"", ""r1_bearing_left""], ""head_rotation_deg"": null, ""head_translation_m"": null, ""left_hand_translation_m"": null, ""removed_tool_ids"": [14, 18, 19, 20, 21, 26], ""right_hand_translation_m"": null, ""selected_step"": ""r2_gear_rod"", ""step_attempt"": 6, ""step_elapsed_s"": 17.35311087302398, ""step_event_index"": 76, ""total_hand_translation_m"": null, ""trial_finished_elapsed_s"": null, ""trial_recording"": true, ""trial_required_tool_ids"": [15, 27, 28, 33]}"
2026-09-04T17:29:55.284-04:00,apoorva,gesture,tts_finished,lifecycle,r2_gear_rod,Row 2.2: assemble gear rod,ready,6,77,,,,17.427214,,,,,,,,,,,,,,,,2 parts left.,,,,,"{""acquired_tool_ids"": [15, 28], ""acquisition_complete"": false, ""completed_steps"": [""r2_bearing_right"", ""r2_bearing_left"", ""r1_gear_rod"", ""r1_bearing_right"", ""r1_bearing_left""], ""head_rotation_deg"": null, ""head_translation_m"": null, ""left_hand_translation_m"": null, ""removed_tool_ids"": [14, 18, 19, 20, 21, 26], ""right_hand_translation_m"": null, ""selected_step"": ""r2_gear_rod"", ""step_attempt"": 6, ""step_elapsed_s"": 17.427230849978514, ""step_event_index"": 77, ""total_hand_translation_m"": null, ""trial_finished_elapsed_s"": null, ""trial_recording"": true, ""trial_required_tool_ids"": [15, 27, 28, 33]}"
2026-09-04T17:29:55.331-04:00,apoorva,gesture,tts_started,lifecycle,r2_gear_rod,Row 2.2: assemble gear rod,ready,6,78,,,,17.474030,,,,,,,,,,,,,,,,Row 2 left gear,,,,,"{""acquired_tool_ids"": [15, 28], ""acquisition_complete"": false, ""completed_steps"": [""r2_bearing_right"", ""r2_bearing_left"", ""r1_gear_rod"", ""r1_bearing_right"", ""r1_bearing_left""], ""head_rotation_deg"": null, ""head_translation_m"": null, ""left_hand_translation_m"": null, ""removed_tool_ids"": [14, 18, 19, 20, 21, 26], ""right_hand_translation_m"": null, ""selected_step"": ""r2_gear_rod"", ""step_attempt"": 6, ""step_elapsed_s"": 17.47404760296922, ""step_event_index"": 78, ""total_hand_translation_m"": null, ""trial_finished_elapsed_s"": null, ""trial_recording"": true, ""trial_required_tool_ids"": [15, 27, 28, 33]}"
2026-09-04T17:29:56.339-04:00,apoorva,gesture,part_selection,click,r2_gear_rod,Row 2.2: assemble gear rod,ready,6,79,27,GEAR_ROW2_LEFT,2.311857,18.481854,,,,,,,,,,,,,,,1,,,,,,"{""acquired_tool_ids"": [15, 27, 28], ""acquisition_complete"": false, ""completed_steps"": [""r2_bearing_right"", ""r2_bearing_left"", ""r1_gear_rod"", ""r1_bearing_right"", ""r1_bearing_left""], ""head_rotation_deg"": null, ""head_translation_m"": null, ""left_hand_translation_m"": null, ""removed_tool_ids"": [14, 18, 19, 20, 21, 26], ""right_hand_translation_m"": null, ""selected_step"": ""r2_gear_rod"", ""step_attempt"": 6, ""step_elapsed_s"": 18.48189208493568, ""step_event_index"": 79, ""total_hand_translation_m"": null, ""trial_finished_elapsed_s"": null, ""trial_recording"": true, ""trial_required_tool_ids"": [15, 27, 28, 33]}"
2026-09-04T17:29:56.385-04:00,apoorva,gesture,object_acquired,click,r2_gear_rod,Row 2.2: assemble gear rod,ready,6,80,27,GEAR_ROW2_LEFT,2.311857,18.481854,,,,,,,,,,,,,,,1,,,,,,"{""acquired_tool_ids"": [15, 27, 28], ""acquisition_complete"": false, ""completed_steps"": [""r2_bearing_right"", ""r2_bearing_left"", ""r1_gear_rod"", ""r1_bearing_right"", ""r1_bearing_left""], ""head_rotation_deg"": null, ""head_translation_m"": null, ""left_hand_translation_m"": null, ""removed_tool_ids"": [14, 18, 19, 20, 21, 26], ""right_hand_translation_m"": null, ""selected_step"": ""r2_gear_rod"", ""step_attempt"": 6, ""step_elapsed_s"": 18.528206723975018, ""step_event_index"": 80, ""total_hand_translation_m"": null, ""trial_finished_elapsed_s"": null, ""trial_recording"": true, ""trial_required_tool_ids"": [15, 27, 28, 33]}"
2026-09-04T17:29:56.416-04:00,apoorva,gesture,tts_queued,lifecycle,r2_gear_rod,Row 2.2: assemble gear rod,ready,6,81,,,,18.558872,,,,,,,,,,,,,,,,1 part left.,,,replace,,"{""acquired_tool_ids"": [15, 27, 28], ""acquisition_complete"": false, ""completed_steps"": [""r2_bearing_right"", ""r2_bearing_left"", ""r1_gear_rod"", ""r1_bearing_right"", ""r1_bearing_left""], ""head_rotation_deg"": null, ""head_translation_m"": null, ""left_hand_translation_m"": null, ""removed_tool_ids"": [14, 18, 19, 20, 21, 26], ""right_hand_translation_m"": null, ""selected_step"": ""r2_gear_rod"", ""step_attempt"": 6, ""step_elapsed_s"": 18.558879095944576, ""step_event_index"": 81, ""total_hand_translation_m"": null, ""trial_finished_elapsed_s"": null, ""trial_recording"": true, ""trial_required_tool_ids"": [15, 27, 28, 33]}"
2026-09-04T17:29:56.456-04:00,apoorva,gesture,tts_finished,lifecycle,r2_gear_rod,Row 2.2: assemble gear rod,ready,6,82,,,,18.599224,,,,,,,,,,,,,,,,Row 2 left gear,,,,,"{""acquired_tool_ids"": [15, 27, 28], ""acquisition_complete"": false, ""completed_steps"": [""r2_bearing_right"", ""r2_bearing_left"", ""r1_gear_rod"", ""r1_bearing_right"", ""r1_bearing_left""], ""head_rotation_deg"": null, ""head_translation_m"": null, ""left_hand_translation_m"": null, ""removed_tool_ids"": [14, 18, 19, 20, 21, 26], ""right_hand_translation_m"": null, ""selected_step"": ""r2_gear_rod"", ""step_attempt"": 6, ""step_elapsed_s"": 18.599234041990712, ""step_event_index"": 82, ""total_hand_translation_m"": null, ""trial_finished_elapsed_s"": null, ""trial_recording"": true, ""trial_required_tool_ids"": [15, 27, 28, 33]}"
2026-09-04T17:29:56.503-04:00,apoorva,gesture,tts_started,lifecycle,r2_gear_rod,Row 2.2: assemble gear rod,ready,6,83,,,,18.646669,,,,,,,,,,,,,,,,1 part left.,,,,,"{""acquired_tool_ids"": [15, 27, 28], ""acquisition_complete"": false, ""completed_steps"": [""r2_bearing_right"", ""r2_bearing_left"", ""r1_gear_rod"", ""r1_bearing_right"", ""r1_bearing_left""], ""head_rotation_deg"": null, ""head_translation_m"": null, ""left_hand_translation_m"": null, ""removed_tool_ids"": [14, 18, 19, 20, 21, 26], ""right_hand_translation_m"": null, ""selected_step"": ""r2_gear_rod"", ""step_attempt"": 6, ""step_elapsed_s"": 18.64667985297274, ""step_event_index"": 83, ""total_hand_translation_m"": null, ""trial_finished_elapsed_s"": null, ""trial_recording"": true, ""trial_required_tool_ids"": [15, 27, 28, 33]}"
2026-09-04T17:29:57.701-04:00,apoorva,gesture,tts_finished,lifecycle,r2_gear_rod,Row 2.2: assemble gear rod,ready,6,84,,,,19.844025,,,,,,,,,,,,,,,,1 part left.,,,,,"{""acquired_tool_ids"": [15, 27, 28], ""acquisition_complete"": false, ""completed_steps"": [""r2_bearing_right"", ""r2_bearing_left"", ""r1_gear_rod"", ""r1_bearing_right"", ""r1_bearing_left""], ""head_rotation_deg"": null, ""head_translation_m"": null, ""left_hand_translation_m"": null, ""removed_tool_ids"": [14, 18, 19, 20, 21, 26], ""right_hand_translation_m"": null, ""selected_step"": ""r2_gear_rod"", ""step_attempt"": 6, ""step_elapsed_s"": 19.844038433977403, ""step_event_index"": 84, ""total_hand_translation_m"": null, ""trial_finished_elapsed_s"": null, ""trial_recording"": true, ""trial_required_tool_ids"": [15, 27, 28, 33]}"
2026-09-04T17:29:57.962-04:00,apoorva,gesture,hover,hover,r2_gear_rod,Row 2.2: assemble gear rod,ready,6,85,34,BEARINGS,,,,,,,,,,,,,,,,,,,,,,,"{""acquired_tool_ids"": [15, 27, 28], ""acquisition_complete"": false, ""completed_steps"": [""r2_bearing_right"", ""r2_bearing_left"", ""r1_gear_rod"", ""r1_bearing_right"", ""r1_bearing_left""], ""head_rotation_deg"": null, ""head_translation_m"": null, ""left_hand_translation_m"": null, ""removed_tool_ids"": [14, 18, 19, 20, 21, 26], ""right_hand_translation_m"": null, ""selected_step"": ""r2_gear_rod"", ""step_attempt"": 6, ""step_elapsed_s"": 20.10513511102181, ""step_event_index"": 85, ""total_hand_translation_m"": null, ""trial_finished_elapsed_s"": null, ""trial_recording"": true, ""trial_required_tool_ids"": [15, 27, 28, 33]}"
2026-09-04T17:29:58.011-04:00,apoorva,gesture,tts_queued,lifecycle,r2_gear_rod,Row 2.2: assemble gear rod,ready,6,86,,,,20.154671,,,,,,,,,,,,,,,,bearing,,,replace_hover,,"{""acquired_tool_ids"": [15, 27, 28], ""acquisition_complete"": false, ""completed_steps"": [""r2_bearing_right"", ""r2_bearing_left"", ""r1_gear_rod"", ""r1_bearing_right"", ""r1_bearing_left""], ""head_rotation_deg"": null, ""head_translation_m"": null, ""left_hand_translation_m"": null, ""removed_tool_ids"": [14, 18, 19, 20, 21, 26], ""right_hand_translation_m"": null, ""selected_step"": ""r2_gear_rod"", ""step_attempt"": 6, ""step_elapsed_s"": 20.15468176093418, ""step_event_index"": 86, ""total_hand_translation_m"": null, ""trial_finished_elapsed_s"": null, ""trial_recording"": true, ""trial_required_tool_ids"": [15, 27, 28, 33]}"
2026-09-04T17:29:58.057-04:00,apoorva,gesture,hover,hover,r2_gear_rod,Row 2.2: assemble gear rod,ready,6,87,32,CRANK_HANDLE,,,,,,,,,,,,,,,,,,,,,,,"{""acquired_tool_ids"": [15, 27, 28], ""acquisition_complete"": false, ""completed_steps"": [""r2_bearing_right"", ""r2_bearing_left"", ""r1_gear_rod"", ""r1_bearing_right"", ""r1_bearing_left""], ""head_rotation_deg"": null, ""head_translation_m"": null, ""left_hand_translation_m"": null, ""removed_tool_ids"": [14, 18, 19, 20, 21, 26], ""right_hand_translation_m"": null, ""selected_step"": ""r2_gear_rod"", ""step_attempt"": 6, ""step_elapsed_s"": 20.20024246093817, ""step_event_index"": 87, ""total_hand_translation_m"": null, ""trial_finished_elapsed_s"": null, ""trial_recording"": true, ""trial_required_tool_ids"": [15, 27, 28, 33]}"
2026-09-04T17:29:58.100-04:00,apoorva,gesture,tts_queued,lifecycle,r2_gear_rod,Row 2.2: assemble gear rod,ready,6,88,,,,20.243515,,,,,,,,,,,,,,,,handle,,,replace_hover,,"{""acquired_tool_ids"": [15, 27, 28], ""acquisition_complete"": false, ""completed_steps"": [""r2_bearing_right"", ""r2_bearing_left"", ""r1_gear_rod"", ""r1_bearing_right"", ""r1_bearing_left""], ""head_rotation_deg"": null, ""head_translation_m"": null, ""left_hand_translation_m"": null, ""removed_tool_ids"": [14, 18, 19, 20, 21, 26], ""right_hand_translation_m"": null, ""selected_step"": ""r2_gear_rod"", ""step_attempt"": 6, ""step_elapsed_s"": 20.243526980979368, ""step_event_index"": 88, ""total_hand_translation_m"": null, ""trial_finished_elapsed_s"": null, ""trial_recording"": true, ""trial_required_tool_ids"": [15, 27, 28, 33]}"
2026-09-04T17:29:58.205-04:00,apoorva,gesture,tts_started,lifecycle,r2_gear_rod,Row 2.2: assemble gear rod,ready,6,89,,,,20.347859,,,,,,,,,,,,,,,,bearing,,,,,"{""acquired_tool_ids"": [15, 27, 28], ""acquisition_complete"": false, ""completed_steps"": [""r2_bearing_right"", ""r2_bearing_left"", ""r1_gear_rod"", ""r1_bearing_right"", ""r1_bearing_left""], ""head_rotation_deg"": null, ""head_translation_m"": null, ""left_hand_translation_m"": null, ""removed_tool_ids"": [14, 18, 19, 20, 21, 26], ""right_hand_translation_m"": null, ""selected_step"": ""r2_gear_rod"", ""step_attempt"": 6, ""step_elapsed_s"": 20.34786662599072, ""step_event_index"": 89, ""total_hand_translation_m"": null, ""trial_finished_elapsed_s"": null, ""trial_recording"": true, ""trial_required_tool_ids"": [15, 27, 28, 33]}"
2026-09-04T17:29:58.286-04:00,apoorva,gesture,tts_finished,lifecycle,r2_gear_rod,Row 2.2: assemble gear rod,ready,6,90,,,,20.429333,,,,,,,,,,,,,,,,bearing,,,,,"{""acquired_tool_ids"": [15, 27, 28], ""acquisition_complete"": false, ""completed_steps"": [""r2_bearing_right"", ""r2_bearing_left"", ""r1_gear_rod"", ""r1_bearing_right"", ""r1_bearing_left""], ""head_rotation_deg"": null, ""head_translation_m"": null, ""left_hand_translation_m"": null, ""removed_tool_ids"": [14, 18, 19, 20, 21, 26], ""right_hand_translation_m"": null, ""selected_step"": ""r2_gear_rod"", ""step_attempt"": 6, ""step_elapsed_s"": 20.429347247001715, ""step_event_index"": 90, ""total_hand_translation_m"": null, ""trial_finished_elapsed_s"": null, ""trial_recording"": true, ""trial_required_tool_ids"": [15, 27, 28, 33]}"
2026-09-04T17:29:58.359-04:00,apoorva,gesture,tts_started,lifecycle,r2_gear_rod,Row 2.2: assemble gear rod,ready,6,91,,,,20.502692,,,,,,,,,,,,,,,,handle,,,,,"{""acquired_tool_ids"": [15, 27, 28], ""acquisition_complete"": false, ""completed_steps"": [""r2_bearing_right"", ""r2_bearing_left"", ""r1_gear_rod"", ""r1_bearing_right"", ""r1_bearing_left""], ""head_rotation_deg"": null, ""head_translation_m"": null, ""left_hand_translation_m"": null, ""removed_tool_ids"": [14, 18, 19, 20, 21, 26], ""right_hand_translation_m"": null, ""selected_step"": ""r2_gear_rod"", ""step_attempt"": 6, ""step_elapsed_s"": 20.502703864942305, ""step_event_index"": 91, ""total_hand_translation_m"": null, ""trial_finished_elapsed_s"": null, ""trial_recording"": true, ""trial_required_tool_ids"": [15, 27, 28, 33]}"
2026-09-04T17:29:58.445-04:00,apoorva,gesture,hover,hover,r2_gear_rod,Row 2.2: assemble gear rod,ready,6,92,34,BEARINGS,,,,,,,,,,,,,,,,,,,,,,,"{""acquired_tool_ids"": [15, 27, 28], ""acquisition_complete"": false, ""completed_steps"": [""r2_bearing_right"", ""r2_bearing_left"", ""r1_gear_rod"", ""r1_bearing_right"", ""r1_bearing_left""], ""head_rotation_deg"": null, ""head_translation_m"": null, ""left_hand_translation_m"": null, ""removed_tool_ids"": [14, 18, 19, 20, 21, 26], ""right_hand_translation_m"": null, ""selected_step"": ""r2_gear_rod"", ""step_attempt"": 6, ""step_elapsed_s"": 20.588662500027567, ""step_event_index"": 92, ""total_hand_translation_m"": null, ""trial_finished_elapsed_s"": null, ""trial_recording"": true, ""trial_required_tool_ids"": [15, 27, 28, 33]}"
2026-09-04T17:29:58.479-04:00,apoorva,gesture,tts_queued,lifecycle,r2_gear_rod,Row 2.2: assemble gear rod,ready,6,93,,,,20.621910,,,,,,,,,,,,,,,,bearing,,,replace_hover,,"{""acquired_tool_ids"": [15, 27, 28], ""acquisition_complete"": false, ""completed_steps"": [""r2_bearing_right"", ""r2_bearing_left"", ""r1_gear_rod"", ""r1_bearing_right"", ""r1_bearing_left""], ""head_rotation_deg"": null, ""head_translation_m"": null, ""left_hand_translation_m"": null, ""removed_tool_ids"": [14, 18, 19, 20, 21, 26], ""right_hand_translation_m"": null, ""selected_step"": ""r2_gear_rod"", ""step_attempt"": 6, ""step_elapsed_s"": 20.62192079401575, ""step_event_index"": 93, ""total_hand_translation_m"": null, ""trial_finished_elapsed_s"": null, ""trial_recording"": true, ""trial_required_tool_ids"": [15, 27, 28, 33]}"
2026-09-04T17:29:58.565-04:00,apoorva,gesture,tts_finished,lifecycle,r2_gear_rod,Row 2.2: assemble gear rod,ready,6,94,,,,20.708760,,,,,,,,,,,,,,,,handle,,,,,"{""acquired_tool_ids"": [15, 27, 28], ""acquisition_complete"": false, ""completed_steps"": [""r2_bearing_right"", ""r2_bearing_left"", ""r1_gear_rod"", ""r1_bearing_right"", ""r1_bearing_left""], ""head_rotation_deg"": null, ""head_translation_m"": null, ""left_hand_translation_m"": null, ""removed_tool_ids"": [14, 18, 19, 20, 21, 26], ""right_hand_translation_m"": null, ""selected_step"": ""r2_gear_rod"", ""step_attempt"": 6, ""step_elapsed_s"": 20.70877092704177, ""step_event_index"": 94, ""total_hand_translation_m"": null, ""trial_finished_elapsed_s"": null, ""trial_recording"": true, ""trial_required_tool_ids"": [15, 27, 28, 33]}"
2026-09-04T17:29:58.605-04:00,apoorva,gesture,tts_started,lifecycle,r2_gear_rod,Row 2.2: assemble gear rod,ready,6,95,,,,20.748019,,,,,,,,,,,,,,,,bearing,,,,,"{""acquired_tool_ids"": [15, 27, 28], ""acquisition_complete"": false, ""completed_steps"": [""r2_bearing_right"", ""r2_bearing_left"", ""r1_gear_rod"", ""r1_bearing_right"", ""r1_bearing_left""], ""head_rotation_deg"": null, ""head_translation_m"": null, ""left_hand_translation_m"": null, ""removed_tool_ids"": [14, 18, 19, 20, 21, 26], ""right_hand_translation_m"": null, ""selected_step"": ""r2_gear_rod"", ""step_attempt"": 6, ""step_elapsed_s"": 20.748028832953423, ""step_event_index"": 95, ""total_hand_translation_m"": null, ""trial_finished_elapsed_s"": null, ""trial_recording"": true, ""trial_required_tool_ids"": [15, 27, 28, 33]}"
2026-09-04T17:29:58.867-04:00,apoorva,gesture,hover,hover,r2_gear_rod,Row 2.2: assemble gear rod,ready,6,96,32,CRANK_HANDLE,,,,,,,,,,,,,,,,,,,,,,,"{""acquired_tool_ids"": [15, 27, 28], ""acquisition_complete"": false, ""completed_steps"": [""r2_bearing_right"", ""r2_bearing_left"", ""r1_gear_rod"", ""r1_bearing_right"", ""r1_bearing_left""], ""head_rotation_deg"": null, ""head_translation_m"": null, ""left_hand_translation_m"": null, ""removed_tool_ids"": [14, 18, 19, 20, 21, 26], ""right_hand_translation_m"": null, ""selected_step"": ""r2_gear_rod"", ""step_attempt"": 6, ""step_elapsed_s"": 21.010480994009413, ""step_event_index"": 96, ""total_hand_translation_m"": null, ""trial_finished_elapsed_s"": null, ""trial_recording"": true, ""trial_required_tool_ids"": [15, 27, 28, 33]}"
2026-09-04T17:29:58.908-04:00,apoorva,gesture,tts_queued,lifecycle,r2_gear_rod,Row 2.2: assemble gear rod,ready,6,97,,,,21.051009,,,,,,,,,,,,,,,,handle,,,replace_hover,,"{""acquired_tool_ids"": [15, 27, 28], ""acquisition_complete"": false, ""completed_steps"": [""r2_bearing_right"", ""r2_bearing_left"", ""r1_gear_rod"", ""r1_bearing_right"", ""r1_bearing_left""], ""head_rotation_deg"": null, ""head_translation_m"": null, ""left_hand_translation_m"": null, ""removed_tool_ids"": [14, 18, 19, 20, 21, 26], ""right_hand_translation_m"": null, ""selected_step"": ""r2_gear_rod"", ""step_attempt"": 6, ""step_elapsed_s"": 21.051018649945036, ""step_event_index"": 97, ""total_hand_translation_m"": null, ""trial_finished_elapsed_s"": null, ""trial_recording"": true, ""trial_required_tool_ids"": [15, 27, 28, 33]}"
2026-09-04T17:29:58.948-04:00,apoorva,gesture,tts_finished,lifecycle,r2_gear_rod,Row 2.2: assemble gear rod,ready,6,98,,,,21.090913,,,,,,,,,,,,,,,,bearing,,,,,"{""acquired_tool_ids"": [15, 27, 28], ""acquisition_complete"": false, ""completed_steps"": [""r2_bearing_right"", ""r2_bearing_left"", ""r1_gear_rod"", ""r1_bearing_right"", ""r1_bearing_left""], ""head_rotation_deg"": null, ""head_translation_m"": null, ""left_hand_translation_m"": null, ""removed_tool_ids"": [14, 18, 19, 20, 21, 26], ""right_hand_translation_m"": null, ""selected_step"": ""r2_gear_rod"", ""step_attempt"": 6, ""step_elapsed_s"": 21.09093274595216, ""step_event_index"": 98, ""total_hand_translation_m"": null, ""trial_finished_elapsed_s"": null, ""trial_recording"": true, ""trial_required_tool_ids"": [15, 27, 28, 33]}"
2026-09-04T17:29:58.996-04:00,apoorva,gesture,tts_started,lifecycle,r2_gear_rod,Row 2.2: assemble gear rod,ready,6,99,,,,21.138997,,,,,,,,,,,,,,,,handle,,,,,"{""acquired_tool_ids"": [15, 27, 28], ""acquisition_complete"": false, ""completed_steps"": [""r2_bearing_right"", ""r2_bearing_left"", ""r1_gear_rod"", ""r1_bearing_right"", ""r1_bearing_left""], ""head_rotation_deg"": null, ""head_translation_m"": null, ""left_hand_translation_m"": null, ""removed_tool_ids"": [14, 18, 19, 20, 21, 26], ""right_hand_translation_m"": null, ""selected_step"": ""r2_gear_rod"", ""step_attempt"": 6, ""step_elapsed_s"": 21.13900712900795, ""step_event_index"": 99, ""total_hand_translation_m"": null, ""trial_finished_elapsed_s"": null, ""trial_recording"": true, ""trial_required_tool_ids"": [15, 27, 28, 33]}"
2026-09-04T17:29:59.665-04:00,apoorva,gesture,tts_finished,lifecycle,r2_gear_rod,Row 2.2: assemble gear rod,ready,6,100,,,,21.808278,,,,,,,,,,,,,,,,handle,,,,,"{""acquired_tool_ids"": [15, 27, 28], ""acquisition_complete"": false, ""completed_steps"": [""r2_bearing_right"", ""r2_bearing_left"", ""r1_gear_rod"", ""r1_bearing_right"", ""r1_bearing_left""], ""head_rotation_deg"": null, ""head_translation_m"": null, ""left_hand_translation_m"": null, ""removed_tool_ids"": [14, 18, 19, 20, 21, 26], ""right_hand_translation_m"": null, ""selected_step"": ""r2_gear_rod"", ""step_attempt"": 6, ""step_elapsed_s"": 21.80829041299876, ""step_event_index"": 100, ""total_hand_translation_m"": null, ""trial_finished_elapsed_s"": null, ""trial_recording"": true, ""trial_required_tool_ids"": [15, 27, 28, 33]}"
2026-09-04T17:30:00.105-04:00,apoorva,gesture,hover,hover,r2_gear_rod,Row 2.2: assemble gear rod,ready,6,101,33,PINS,,,,,,,,,,,,,,,,,,,,,,,"{""acquired_tool_ids"": [15, 27, 28], ""acquisition_complete"": false, ""completed_steps"": [""r2_bearing_right"", ""r2_bearing_left"", ""r1_gear_rod"", ""r1_bearing_right"", ""r1_bearing_left""], ""head_rotation_deg"": null, ""head_translation_m"": null, ""left_hand_translation_m"": null, ""removed_tool_ids"": [14, 18, 19, 20, 21, 26], ""right_hand_translation_m"": null, ""selected_step"": ""r2_gear_rod"", ""step_attempt"": 6, ""step_elapsed_s"": 22.247841074015014, ""step_event_index"": 101, ""total_hand_translation_m"": null, ""trial_finished_elapsed_s"": null, ""trial_recording"": true, ""trial_required_tool_ids"": [15, 27, 28, 33]}"
2026-09-04T17:30:00.183-04:00,apoorva,gesture,tts_queued,lifecycle,r2_gear_rod,Row 2.2: assemble gear rod,ready,6,102,,,,22.326162,,,,,,,,,,,,,,,,pin,,,replace_hover,,"{""acquired_tool_ids"": [15, 27, 28], ""acquisition_complete"": false, ""completed_steps"": [""r2_bearing_right"", ""r2_bearing_left"", ""r1_gear_rod"", ""r1_bearing_right"", ""r1_bearing_left""], ""head_rotation_deg"": null, ""head_translation_m"": null, ""left_hand_translation_m"": null, ""removed_tool_ids"": [14, 18, 19, 20, 21, 26], ""right_hand_translation_m"": null, ""selected_step"": ""r2_gear_rod"", ""step_attempt"": 6, ""step_elapsed_s"": 22.326189019018784, ""step_event_index"": 102, ""total_hand_translation_m"": null, ""trial_finished_elapsed_s"": null, ""trial_recording"": true, ""trial_required_tool_ids"": [15, 27, 28, 33]}"
2026-09-04T17:30:00.217-04:00,apoorva,gesture,tts_started,lifecycle,r2_gear_rod,Row 2.2: assemble gear rod,ready,6,103,,,,22.360096,,,,,,,,,,,,,,,,pin,,,,,"{""acquired_tool_ids"": [15, 27, 28], ""acquisition_complete"": false, ""completed_steps"": [""r2_bearing_right"", ""r2_bearing_left"", ""r1_gear_rod"", ""r1_bearing_right"", ""r1_bearing_left""], ""head_rotation_deg"": null, ""head_translation_m"": null, ""left_hand_translation_m"": null, ""removed_tool_ids"": [14, 18, 19, 20, 21, 26], ""right_hand_translation_m"": null, ""selected_step"": ""r2_gear_rod"", ""step_attempt"": 6, ""step_elapsed_s"": 22.36010897695087, ""step_event_index"": 103, ""total_hand_translation_m"": null, ""trial_finished_elapsed_s"": null, ""trial_recording"": true, ""trial_required_tool_ids"": [15, 27, 28, 33]}"
2026-09-04T17:30:00.871-04:00,apoorva,gesture,tts_finished,lifecycle,r2_gear_rod,Row 2.2: assemble gear rod,ready,6,104,,,,23.013850,,,,,,,,,,,,,,,,pin,,,,,"{""acquired_tool_ids"": [15, 27, 28], ""acquisition_complete"": false, ""completed_steps"": [""r2_bearing_right"", ""r2_bearing_left"", ""r1_gear_rod"", ""r1_bearing_right"", ""r1_bearing_left""], ""head_rotation_deg"": null, ""head_translation_m"": null, ""left_hand_translation_m"": null, ""removed_tool_ids"": [14, 18, 19, 20, 21, 26], ""right_hand_translation_m"": null, ""selected_step"": ""r2_gear_rod"", ""step_attempt"": 6, ""step_elapsed_s"": 23.01386188401375, ""step_event_index"": 104, ""total_hand_translation_m"": null, ""trial_finished_elapsed_s"": null, ""trial_recording"": true, ""trial_required_tool_ids"": [15, 27, 28, 33]}"
2026-09-04T17:30:00.928-04:00,apoorva,gesture,part_selection,click,r2_gear_rod,Row 2.2: assemble gear rod,ready,6,105,33,PINS,4.589585,23.071439,,,,,,,,,,,,,,,1,,,,,,"{""acquired_tool_ids"": [15, 27, 28, 33], ""acquisition_complete"": false, ""completed_steps"": [""r2_bearing_right"", ""r2_bearing_left"", ""r1_gear_rod"", ""r1_bearing_right"", ""r1_bearing_left""], ""head_rotation_deg"": null, ""head_translation_m"": null, ""left_hand_translation_m"": null, ""removed_tool_ids"": [14, 18, 19, 20, 21, 26], ""right_hand_translation_m"": null, ""selected_step"": ""r2_gear_rod"", ""step_attempt"": 6, ""step_elapsed_s"": 23.071476934012026, ""step_event_index"": 105, ""total_hand_translation_m"": null, ""trial_finished_elapsed_s"": null, ""trial_recording"": true, ""trial_required_tool_ids"": [15, 27, 28, 33]}"
2026-09-04T17:30:00.981-04:00,apoorva,gesture,object_acquired,click,r2_gear_rod,Row 2.2: assemble gear rod,ready,6,106,33,PINS,4.589585,23.071439,,,,,,,,,,,,,,,1,,,,,,"{""acquired_tool_ids"": [15, 27, 28, 33], ""acquisition_complete"": false, ""completed_steps"": [""r2_bearing_right"", ""r2_bearing_left"", ""r1_gear_rod"", ""r1_bearing_right"", ""r1_bearing_left""], ""head_rotation_deg"": null, ""head_translation_m"": null, ""left_hand_translation_m"": null, ""removed_tool_ids"": [14, 18, 19, 20, 21, 26], ""right_hand_translation_m"": null, ""selected_step"": ""r2_gear_rod"", ""step_attempt"": 6, ""step_elapsed_s"": 23.12461053999141, ""step_event_index"": 106, ""total_hand_translation_m"": null, ""trial_finished_elapsed_s"": null, ""trial_recording"": true, ""trial_required_tool_ids"": [15, 27, 28, 33]}"
2026-09-04T17:30:01.012-04:00,apoorva,gesture,step_acquisition_complete,click,r2_gear_rod,Row 2.2: assemble gear rod,ready,6,107,,,,23.153749,0.718643,119.797242,0.514817,0.913741,1.428558,0.000000,15.038833,15.038833,65.346951,0,22,0.000000,0.385538,0.385538,,,,,,,"{""acquired_tool_ids"": [15, 27, 28, 33], ""acquisition_complete"": true, ""any_hover_time_s"": 15.038833020604216, ""completed_steps"": [""r2_bearing_right"", ""r2_bearing_left"", ""r1_gear_rod"", ""r1_bearing_right"", ""r1_bearing_left""], ""head_rotation_deg"": 119.79724216915038, ""head_translation_m"": 0.7186434836427111, ""hover_time_percent"": 65.34695059729353, ""left_hand_translation_m"": 0.514817151798338, ""left_hover_episodes"": 0, ""left_hover_time_s"": 0.0, ""left_hover_translation_m"": 0.0, ""removed_tool_ids"": [14, 15, 18, 19, 20, 21, 26, 27, 28], ""right_hand_translation_m"": 0.9137408570492828, ""right_hover_episodes"": 22, ""right_hover_time_s"": 15.038833020604216, ""right_hover_translation_m"": 0.38553842382089926, ""selected_step"": ""r2_gear_rod"", ""step_attempt"": 6, ""step_elapsed_s"": 23.15374930703547, ""step_event_index"": 107, ""total_hand_translation_m"": 1.4285580088476206, ""total_hover_translation_m"": 0.38553842382089926, ""trial_finished_elapsed_s"": 23.15374930703547, ""trial_recording"": false, ""trial_required_tool_ids"": [15, 27, 28, 33]}"
2026-09-04T17:30:01.058-04:00,apoorva,gesture,graph_complete,,r2_gear_rod,Row 2.2: assemble gear rod,complete,6,108,,,,,,,,,,,,,,,,,,,,,,,,,"{""acquired_tool_ids"": [15, 27, 28, 33], ""acquisition_complete"": true, ""any_hover_time_s"": 15.038833020604216, ""completed_steps"": [""r2_bearing_right"", ""r2_bearing_left"", ""r1_gear_rod"", ""r1_bearing_right"", ""r1_bearing_left"", ""r2_gear_rod""], ""head_rotation_deg"": 119.79724216915038, ""head_translation_m"": 0.7186434836427111, ""hover_time_percent"": 65.34695059729353, ""left_hand_translation_m"": 0.514817151798338, ""left_hover_episodes"": 0, ""left_hover_time_s"": 0.0, ""left_hover_translation_m"": 0.0, ""removed_tool_ids"": [14, 15, 18, 19, 20, 21, 26, 27, 28], ""right_hand_translation_m"": 0.9137408570492828, ""right_hover_episodes"": 22, ""right_hover_time_s"": 15.038833020604216, ""right_hover_translation_m"": 0.38553842382089926, ""selected_step"": ""r2_gear_rod"", ""step_attempt"": 6, ""step_elapsed_s"": 23.15374930703547, ""step_event_index"": 108, ""total_hand_translation_m"": 1.4285580088476206, ""total_hover_translation_m"": 0.38553842382089926, ""trial_finished_elapsed_s"": 23.15374930703547, ""trial_recording"": false, ""trial_required_tool_ids"": [15, 27, 28, 33]}"
2026-09-04T17:30:14.325-04:00,apoorva,gesture,step_started,keyboard,r2_fasten_first_stand,Row 2.4: fasten right stand,ready,7,1,,,,,,,,,,,,,,,,,,,,,,,,,"{""acquired_tool_ids"": [], ""acquisition_complete"": false, ""completed_steps"": [""r2_bearing_right"", ""r2_bearing_left"", ""r1_gear_rod"", ""r1_bearing_right"", ""r1_bearing_left"", ""r2_gear_rod""], ""head_rotation_deg"": null, ""head_translation_m"": null, ""left_hand_translation_m"": null, ""removed_tool_ids"": [14, 15, 18, 19, 20, 21, 26, 27, 28], ""right_hand_translation_m"": null, ""selected_step"": ""r2_fasten_first_stand"", ""step_attempt"": 7, ""step_elapsed_s"": 6.982800550758839e-05, ""step_event_index"": 1, ""total_hand_translation_m"": null, ""trial_finished_elapsed_s"": null, ""trial_recording"": true, ""trial_required_tool_ids"": [7, 35, 37]}"
2026-09-04T17:30:15.807-04:00,apoorva,gesture,hover,hover,r2_fasten_first_stand,Row 2.4: fasten right stand,ready,7,2,33,PINS,,,,,,,,,,,,,,,,,,,,,,,"{""acquired_tool_ids"": [], ""acquisition_complete"": false, ""completed_steps"": [""r2_bearing_right"", ""r2_bearing_left"", ""r1_gear_rod"", ""r1_bearing_right"", ""r1_bearing_left"", ""r2_gear_rod""], ""head_rotation_deg"": null, ""head_translation_m"": null, ""left_hand_translation_m"": null, ""removed_tool_ids"": [14, 15, 18, 19, 20, 21, 26, 27, 28], ""right_hand_translation_m"": null, ""selected_step"": ""r2_fasten_first_stand"", ""step_attempt"": 7, ""step_elapsed_s"": 1.4820575100602582, ""step_event_index"": 2, ""total_hand_translation_m"": null, ""trial_finished_elapsed_s"": null, ""trial_recording"": true, ""trial_required_tool_ids"": [7, 35, 37]}"
2026-09-04T17:30:16.020-04:00,apoorva,gesture,tts_queued,lifecycle,r2_fasten_first_stand,Row 2.4: fasten right stand,ready,7,3,,,,1.695138,,,,,,,,,,,,,,,,pin,,,replace_hover,,"{""acquired_tool_ids"": [], ""acquisition_complete"": false, ""completed_steps"": [""r2_bearing_right"", ""r2_bearing_left"", ""r1_gear_rod"", ""r1_bearing_right"", ""r1_bearing_left"", ""r2_gear_rod""], ""head_rotation_deg"": null, ""head_translation_m"": null, ""left_hand_translation_m"": null, ""removed_tool_ids"": [14, 15, 18, 19, 20, 21, 26, 27, 28], ""right_hand_translation_m"": null, ""selected_step"": ""r2_fasten_first_stand"", ""step_attempt"": 7, ""step_elapsed_s"": 1.6951516940025613, ""step_event_index"": 3, ""total_hand_translation_m"": null, ""trial_finished_elapsed_s"": null, ""trial_recording"": true, ""trial_required_tool_ids"": [7, 35, 37]}"
2026-09-04T17:30:16.196-04:00,apoorva,gesture,hover,hover,r2_fasten_first_stand,Row 2.4: fasten right stand,ready,7,4,31,GEAR_ROW4_LEFT,,,,,,,,,,,,,,,,,,,,,,,"{""acquired_tool_ids"": [], ""acquisition_complete"": false, ""completed_steps"": [""r2_bearing_right"", ""r2_bearing_left"", ""r1_gear_rod"", ""r1_bearing_right"", ""r1_bearing_left"", ""r2_gear_rod""], ""head_rotation_deg"": null, ""head_translation_m"": null, ""left_hand_translation_m"": null, ""removed_tool_ids"": [14, 15, 18, 19, 20, 21, 26, 27, 28], ""right_hand_translation_m"": null, ""selected_step"": ""r2_fasten_first_stand"", ""step_attempt"": 7, ""step_elapsed_s"": 1.8715012420434505, ""step_event_index"": 4, ""total_hand_translation_m"": null, ""trial_finished_elapsed_s"": null, ""trial_recording"": true, ""trial_required_tool_ids"": [7, 35, 37]}"
2026-09-04T17:30:16.238-04:00,apoorva,gesture,tts_queued,lifecycle,r2_fasten_first_stand,Row 2.4: fasten right stand,ready,7,5,,,,1.913111,,,,,,,,,,,,,,,,Row 4 left gear,,,replace_hover,,"{""acquired_tool_ids"": [], ""acquisition_complete"": false, ""completed_steps"": [""r2_bearing_right"", ""r2_bearing_left"", ""r1_gear_rod"", ""r1_bearing_right"", ""r1_bearing_left"", ""r2_gear_rod""], ""head_rotation_deg"": null, ""head_translation_m"": null, ""left_hand_translation_m"": null, ""removed_tool_ids"": [14, 15, 18, 19, 20, 21, 26, 27, 28], ""right_hand_translation_m"": null, ""selected_step"": ""r2_fasten_first_stand"", ""step_attempt"": 7, ""step_elapsed_s"": 1.9131232909858227, ""step_event_index"": 5, ""total_hand_translation_m"": null, ""trial_finished_elapsed_s"": null, ""trial_recording"": true, ""trial_required_tool_ids"": [7, 35, 37]}"
2026-09-04T17:30:16.279-04:00,apoorva,gesture,tts_started,lifecycle,r2_fasten_first_stand,Row 2.4: fasten right stand,ready,7,6,,,,1.953667,,,,,,,,,,,,,,,,pin,,,,,"{""acquired_tool_ids"": [], ""acquisition_complete"": false, ""completed_steps"": [""r2_bearing_right"", ""r2_bearing_left"", ""r1_gear_rod"", ""r1_bearing_right"", ""r1_bearing_left"", ""r2_gear_rod""], ""head_rotation_deg"": null, ""head_translation_m"": null, ""left_hand_translation_m"": null, ""removed_tool_ids"": [14, 15, 18, 19, 20, 21, 26, 27, 28], ""right_hand_translation_m"": null, ""selected_step"": ""r2_fasten_first_stand"", ""step_attempt"": 7, ""step_elapsed_s"": 1.9536764890654013, ""step_event_index"": 6, ""total_hand_translation_m"": null, ""trial_finished_elapsed_s"": null, ""trial_recording"": true, ""trial_required_tool_ids"": [7, 35, 37]}"
2026-09-04T17:30:16.291-04:00,apoorva,gesture,tts_finished,lifecycle,r2_fasten_first_stand,Row 2.4: fasten right stand,ready,7,7,,,,1.966034,,,,,,,,,,,,,,,,pin,,,,,"{""acquired_tool_ids"": [], ""acquisition_complete"": false, ""completed_steps"": [""r2_bearing_right"", ""r2_bearing_left"", ""r1_gear_rod"", ""r1_bearing_right"", ""r1_bearing_left"", ""r2_gear_rod""], ""head_rotation_deg"": null, ""head_translation_m"": null, ""left_hand_translation_m"": null, ""removed_tool_ids"": [14, 15, 18, 19, 20, 21, 26, 27, 28], ""right_hand_translation_m"": null, ""selected_step"": ""r2_fasten_first_stand"", ""step_attempt"": 7, ""step_elapsed_s"": 1.9660443760221824, ""step_event_index"": 7, ""total_hand_translation_m"": null, ""trial_finished_elapsed_s"": null, ""trial_recording"": true, ""trial_required_tool_ids"": [7, 35, 37]}"
2026-09-04T17:30:16.467-04:00,apoorva,gesture,tts_started,lifecycle,r2_fasten_first_stand,Row 2.4: fasten right stand,ready,7,8,,,,2.142504,,,,,,,,,,,,,,,,Row 4 left gear,,,,,"{""acquired_tool_ids"": [], ""acquisition_complete"": false, ""completed_steps"": [""r2_bearing_right"", ""r2_bearing_left"", ""r1_gear_rod"", ""r1_bearing_right"", ""r1_bearing_left"", ""r2_gear_rod""], ""head_rotation_deg"": null, ""head_translation_m"": null, ""left_hand_translation_m"": null, ""removed_tool_ids"": [14, 15, 18, 19, 20, 21, 26, 27, 28], ""right_hand_translation_m"": null, ""selected_step"": ""r2_fasten_first_stand"", ""step_attempt"": 7, ""step_elapsed_s"": 2.1425211899913847, ""step_event_index"": 8, ""total_hand_translation_m"": null, ""trial_finished_elapsed_s"": null, ""trial_recording"": true, ""trial_required_tool_ids"": [7, 35, 37]}"
2026-09-04T17:30:16.818-04:00,apoorva,gesture,hover,hover,r2_fasten_first_stand,Row 2.4: fasten right stand,ready,7,9,25,GEAR_STAND_ROW4_RIGHT,,,,,,,,,,,,,,,,,,,,,,,"{""acquired_tool_ids"": [], ""acquisition_complete"": false, ""completed_steps"": [""r2_bearing_right"", ""r2_bearing_left"", ""r1_gear_rod"", ""r1_bearing_right"", ""r1_bearing_left"", ""r2_gear_rod""], ""head_rotation_deg"": null, ""head_translation_m"": null, ""left_hand_translation_m"": null, ""removed_tool_ids"": [14, 15, 18, 19, 20, 21, 26, 27, 28], ""right_hand_translation_m"": null, ""selected_step"": ""r2_fasten_first_stand"", ""step_attempt"": 7, ""step_elapsed_s"": 2.493480202043429, ""step_event_index"": 9, ""total_hand_translation_m"": null, ""trial_finished_elapsed_s"": null, ""trial_recording"": true, ""trial_required_tool_ids"": [7, 35, 37]}"
2026-09-04T17:30:16.854-04:00,apoorva,gesture,tts_queued,lifecycle,r2_fasten_first_stand,Row 2.4: fasten right stand,ready,7,10,,,,2.529111,,,,,,,,,,,,,,,,Row 4 right stand,,,replace_hover,,"{""acquired_tool_ids"": [], ""acquisition_complete"": false, ""completed_steps"": [""r2_bearing_right"", ""r2_bearing_left"", ""r1_gear_rod"", ""r1_bearing_right"", ""r1_bearing_left"", ""r2_gear_rod""], ""head_rotation_deg"": null, ""head_translation_m"": null, ""left_hand_translation_m"": null, ""removed_tool_ids"": [14, 15, 18, 19, 20, 21, 26, 27, 28], ""right_hand_translation_m"": null, ""selected_step"": ""r2_fasten_first_stand"", ""step_attempt"": 7, ""step_elapsed_s"": 2.5291217890335247, ""step_event_index"": 10, ""total_hand_translation_m"": null, ""trial_finished_elapsed_s"": null, ""trial_recording"": true, ""trial_required_tool_ids"": [7, 35, 37]}"
2026-09-04T17:30:16.915-04:00,apoorva,gesture,tts_finished,lifecycle,r2_fasten_first_stand,Row 2.4: fasten right stand,ready,7,11,,,,2.590195,,,,,,,,,,,,,,,,Row 4 left gear,,,,,"{""acquired_tool_ids"": [], ""acquisition_complete"": false, ""completed_steps"": [""r2_bearing_right"", ""r2_bearing_left"", ""r1_gear_rod"", ""r1_bearing_right"", ""r1_bearing_left"", ""r2_gear_rod""], ""head_rotation_deg"": null, ""head_translation_m"": null, ""left_hand_translation_m"": null, ""removed_tool_ids"": [14, 15, 18, 19, 20, 21, 26, 27, 28], ""right_hand_translation_m"": null, ""selected_step"": ""r2_fasten_first_stand"", ""step_attempt"": 7, ""step_elapsed_s"": 2.5902070270385593, ""step_event_index"": 11, ""total_hand_translation_m"": null, ""trial_finished_elapsed_s"": null, ""trial_recording"": true, ""trial_required_tool_ids"": [7, 35, 37]}"
2026-09-04T17:30:16.931-04:00,apoorva,gesture,tts_started,lifecycle,r2_fasten_first_stand,Row 2.4: fasten right stand,ready,7,12,,,,2.605709,,,,,,,,,,,,,,,,Row 4 right stand,,,,,"{""acquired_tool_ids"": [], ""acquisition_complete"": false, ""completed_steps"": [""r2_bearing_right"", ""r2_bearing_left"", ""r1_gear_rod"", ""r1_bearing_right"", ""r1_bearing_left"", ""r2_gear_rod""], ""head_rotation_deg"": null, ""head_translation_m"": null, ""left_hand_translation_m"": null, ""removed_tool_ids"": [14, 15, 18, 19, 20, 21, 26, 27, 28], ""right_hand_translation_m"": null, ""selected_step"": ""r2_fasten_first_stand"", ""step_attempt"": 7, ""step_elapsed_s"": 2.605721523053944, ""step_event_index"": 12, ""total_hand_translation_m"": null, ""trial_finished_elapsed_s"": null, ""trial_recording"": true, ""trial_required_tool_ids"": [7, 35, 37]}"
2026-09-04T17:30:17.499-04:00,apoorva,gesture,hover,hover,r2_fasten_first_stand,Row 2.4: fasten right stand,ready,7,13,23,GEAR_STAND_ROW3_RIGHT,,,,,,,,,,,,,,,,,,,,,,,"{""acquired_tool_ids"": [], ""acquisition_complete"": false, ""completed_steps"": [""r2_bearing_right"", ""r2_bearing_left"", ""r1_gear_rod"", ""r1_bearing_right"", ""r1_bearing_left"", ""r2_gear_rod""], ""head_rotation_deg"": null, ""head_translation_m"": null, ""left_hand_translation_m"": null, ""removed_tool_ids"": [14, 15, 18, 19, 20, 21, 26, 27, 28], ""right_hand_translation_m"": null, ""selected_step"": ""r2_fasten_first_stand"", ""step_attempt"": 7, ""step_elapsed_s"": 3.174082958023064, ""step_event_index"": 13, ""total_hand_translation_m"": null, ""trial_finished_elapsed_s"": null, ""trial_recording"": true, ""trial_required_tool_ids"": [7, 35, 37]}"
2026-09-04T17:30:17.529-04:00,apoorva,gesture,tts_queued,lifecycle,r2_fasten_first_stand,Row 2.4: fasten right stand,ready,7,14,,,,3.203784,,,,,,,,,,,,,,,,Row 3 right stand,,,replace_hover,,"{""acquired_tool_ids"": [], ""acquisition_complete"": false, ""completed_steps"": [""r2_bearing_right"", ""r2_bearing_left"", ""r1_gear_rod"", ""r1_bearing_right"", ""r1_bearing_left"", ""r2_gear_rod""], ""head_rotation_deg"": null, ""head_translation_m"": null, ""left_hand_translation_m"": null, ""removed_tool_ids"": [14, 15, 18, 19, 20, 21, 26, 27, 28], ""right_hand_translation_m"": null, ""selected_step"": ""r2_fasten_first_stand"", ""step_attempt"": 7, ""step_elapsed_s"": 3.2037973259575665, ""step_event_index"": 14, ""total_hand_translation_m"": null, ""trial_finished_elapsed_s"": null, ""trial_recording"": true, ""trial_required_tool_ids"": [7, 35, 37]}"
2026-09-04T17:30:17.585-04:00,apoorva,gesture,tts_finished,lifecycle,r2_fasten_first_stand,Row 2.4: fasten right stand,ready,7,15,,,,3.260267,,,,,,,,,,,,,,,,Row 4 right stand,,,,,"{""acquired_tool_ids"": [], ""acquisition_complete"": false, ""completed_steps"": [""r2_bearing_right"", ""r2_bearing_left"", ""r1_gear_rod"", ""r1_bearing_right"", ""r1_bearing_left"", ""r2_gear_rod""], ""head_rotation_deg"": null, ""head_translation_m"": null, ""left_hand_translation_m"": null, ""removed_tool_ids"": [14, 15, 18, 19, 20, 21, 26, 27, 28], ""right_hand_translation_m"": null, ""selected_step"": ""r2_fasten_first_stand"", ""step_attempt"": 7, ""step_elapsed_s"": 3.260278236004524, ""step_event_index"": 15, ""total_hand_translation_m"": null, ""trial_finished_elapsed_s"": null, ""trial_recording"": true, ""trial_required_tool_ids"": [7, 35, 37]}"
2026-09-04T17:30:17.717-04:00,apoorva,gesture,tts_started,lifecycle,r2_fasten_first_stand,Row 2.4: fasten right stand,ready,7,16,,,,3.392403,,,,,,,,,,,,,,,,Row 3 right stand,,,,,"{""acquired_tool_ids"": [], ""acquisition_complete"": false, ""completed_steps"": [""r2_bearing_right"", ""r2_bearing_left"", ""r1_gear_rod"", ""r1_bearing_right"", ""r1_bearing_left"", ""r2_gear_rod""], ""head_rotation_deg"": null, ""head_translation_m"": null, ""left_hand_translation_m"": null, ""removed_tool_ids"": [14, 15, 18, 19, 20, 21, 26, 27, 28], ""right_hand_translation_m"": null, ""selected_step"": ""r2_fasten_first_stand"", ""step_attempt"": 7, ""step_elapsed_s"": 3.3924152080435306, ""step_event_index"": 16, ""total_hand_translation_m"": null, ""trial_finished_elapsed_s"": null, ""trial_recording"": true, ""trial_required_tool_ids"": [7, 35, 37]}"
2026-09-04T17:30:19.158-04:00,apoorva,gesture,hover,hover,r2_fasten_first_stand,Row 2.4: fasten right stand,ready,7,17,22,GEAR_STAND_ROW3_LEFT,,,,,,,,,,,,,,,,,,,,,,,"{""acquired_tool_ids"": [], ""acquisition_complete"": false, ""completed_steps"": [""r2_bearing_right"", ""r2_bearing_left"", ""r1_gear_rod"", ""r1_bearing_right"", ""r1_bearing_left"", ""r2_gear_rod""], ""head_rotation_deg"": null, ""head_translation_m"": null, ""left_hand_translation_m"": null, ""removed_tool_ids"": [14, 15, 18, 19, 20, 21, 26, 27, 28], ""right_hand_translation_m"": null, ""selected_step"": ""r2_fasten_first_stand"", ""step_attempt"": 7, ""step_elapsed_s"": 4.833302501006983, ""step_event_index"": 17, ""total_hand_translation_m"": null, ""trial_finished_elapsed_s"": null, ""trial_recording"": true, ""trial_required_tool_ids"": [7, 35, 37]}"
2026-09-04T17:30:19.264-04:00,apoorva,gesture,tts_queued,lifecycle,r2_fasten_first_stand,Row 2.4: fasten right stand,ready,7,18,,,,4.939371,,,,,,,,,,,,,,,,Row 3 left stand,,,replace_hover,,"{""acquired_tool_ids"": [], ""acquisition_complete"": false, ""completed_steps"": [""r2_bearing_right"", ""r2_bearing_left"", ""r1_gear_rod"", ""r1_bearing_right"", ""r1_bearing_left"", ""r2_gear_rod""], ""head_rotation_deg"": null, ""head_translation_m"": null, ""left_hand_translation_m"": null, ""removed_tool_ids"": [14, 15, 18, 19, 20, 21, 26, 27, 28], ""right_hand_translation_m"": null, ""selected_step"": ""r2_fasten_first_stand"", ""step_attempt"": 7, ""step_elapsed_s"": 4.939386293059215, ""step_event_index"": 18, ""total_hand_translation_m"": null, ""trial_finished_elapsed_s"": null, ""trial_recording"": true, ""trial_required_tool_ids"": [7, 35, 37]}"
2026-09-04T17:30:19.357-04:00,apoorva,gesture,tts_finished,lifecycle,r2_fasten_first_stand,Row 2.4: fasten right stand,ready,7,19,,,,5.032532,,,,,,,,,,,,,,,,Row 3 right stand,,,,,"{""acquired_tool_ids"": [], ""acquisition_complete"": false, ""completed_steps"": [""r2_bearing_right"", ""r2_bearing_left"", ""r1_gear_rod"", ""r1_bearing_right"", ""r1_bearing_left"", ""r2_gear_rod""], ""head_rotation_deg"": null, ""head_translation_m"": null, ""left_hand_translation_m"": null, ""removed_tool_ids"": [14, 15, 18, 19, 20, 21, 26, 27, 28], ""right_hand_translation_m"": null, ""selected_step"": ""r2_fasten_first_stand"", ""step_attempt"": 7, ""step_elapsed_s"": 5.032546584960073, ""step_event_index"": 19, ""total_hand_translation_m"": null, ""trial_finished_elapsed_s"": null, ""trial_recording"": true, ""trial_required_tool_ids"": [7, 35, 37]}"
2026-09-04T17:30:19.395-04:00,apoorva,gesture,tts_started,lifecycle,r2_fasten_first_stand,Row 2.4: fasten right stand,ready,7,20,,,,5.070062,,,,,,,,,,,,,,,,Row 3 left stand,,,,,"{""acquired_tool_ids"": [], ""acquisition_complete"": false, ""completed_steps"": [""r2_bearing_right"", ""r2_bearing_left"", ""r1_gear_rod"", ""r1_bearing_right"", ""r1_bearing_left"", ""r2_gear_rod""], ""head_rotation_deg"": null, ""head_translation_m"": null, ""left_hand_translation_m"": null, ""removed_tool_ids"": [14, 15, 18, 19, 20, 21, 26, 27, 28], ""right_hand_translation_m"": null, ""selected_step"": ""r2_fasten_first_stand"", ""step_attempt"": 7, ""step_elapsed_s"": 5.070072715054266, ""step_event_index"": 20, ""total_hand_translation_m"": null, ""trial_finished_elapsed_s"": null, ""trial_recording"": true, ""trial_required_tool_ids"": [7, 35, 37]}"
2026-09-04T17:30:20.041-04:00,apoorva,gesture,hover,hover,r2_fasten_first_stand,Row 2.4: fasten right stand,ready,7,21,23,GEAR_STAND_ROW3_RIGHT,,,,,,,,,,,,,,,,,,,,,,,"{""acquired_tool_ids"": [], ""acquisition_complete"": false, ""completed_steps"": [""r2_bearing_right"", ""r2_bearing_left"", ""r1_gear_rod"", ""r1_bearing_right"", ""r1_bearing_left"", ""r2_gear_rod""], ""head_rotation_deg"": null, ""head_translation_m"": null, ""left_hand_translation_m"": null, ""removed_tool_ids"": [14, 15, 18, 19, 20, 21, 26, 27, 28], ""right_hand_translation_m"": null, ""selected_step"": ""r2_fasten_first_stand"", ""step_attempt"": 7, ""step_elapsed_s"": 5.716136215953156, ""step_event_index"": 21, ""total_hand_translation_m"": null, ""trial_finished_elapsed_s"": null, ""trial_recording"": true, ""trial_required_tool_ids"": [7, 35, 37]}"
2026-09-04T17:30:20.220-04:00,apoorva,gesture,tts_queued,lifecycle,r2_fasten_first_stand,Row 2.4: fasten right stand,ready,7,22,,,,5.894632,,,,,,,,,,,,,,,,Row 3 right stand,,,replace_hover,,"{""acquired_tool_ids"": [], ""acquisition_complete"": false, ""completed_steps"": [""r2_bearing_right"", ""r2_bearing_left"", ""r1_gear_rod"", ""r1_bearing_right"", ""r1_bearing_left"", ""r2_gear_rod""], ""head_rotation_deg"": null, ""head_translation_m"": null, ""left_hand_translation_m"": null, ""removed_tool_ids"": [14, 15, 18, 19, 20, 21, 26, 27, 28], ""right_hand_translation_m"": null, ""selected_step"": ""r2_fasten_first_stand"", ""step_attempt"": 7, ""step_elapsed_s"": 5.894644647021778, ""step_event_index"": 22, ""total_hand_translation_m"": null, ""trial_finished_elapsed_s"": null, ""trial_recording"": true, ""trial_required_tool_ids"": [7, 35, 37]}"
2026-09-04T17:30:20.323-04:00,apoorva,gesture,hover,hover,r2_fasten_first_stand,Row 2.4: fasten right stand,ready,7,23,25,GEAR_STAND_ROW4_RIGHT,,,,,,,,,,,,,,,,,,,,,,,"{""acquired_tool_ids"": [], ""acquisition_complete"": false, ""completed_steps"": [""r2_bearing_right"", ""r2_bearing_left"", ""r1_gear_rod"", ""r1_bearing_right"", ""r1_bearing_left"", ""r2_gear_rod""], ""head_rotation_deg"": null, ""head_translation_m"": null, ""left_hand_translation_m"": null, ""removed_tool_ids"": [14, 15, 18, 19, 20, 21, 26, 27, 28], ""right_hand_translation_m"": null, ""selected_step"": ""r2_fasten_first_stand"", ""step_attempt"": 7, ""step_elapsed_s"": 5.998156622052193, ""step_event_index"": 23, ""total_hand_translation_m"": null, ""trial_finished_elapsed_s"": null, ""trial_recording"": true, ""trial_required_tool_ids"": [7, 35, 37]}"
2026-09-04T17:30:20.360-04:00,apoorva,gesture,tts_queued,lifecycle,r2_fasten_first_stand,Row 2.4: fasten right stand,ready,7,24,,,,6.034654,,,,,,,,,,,,,,,,Row 4 right stand,,,replace_hover,,"{""acquired_tool_ids"": [], ""acquisition_complete"": false, ""completed_steps"": [""r2_bearing_right"", ""r2_bearing_left"", ""r1_gear_rod"", ""r1_bearing_right"", ""r1_bearing_left"", ""r2_gear_rod""], ""head_rotation_deg"": null, ""head_translation_m"": null, ""left_hand_translation_m"": null, ""removed_tool_ids"": [14, 15, 18, 19, 20, 21, 26, 27, 28], ""right_hand_translation_m"": null, ""selected_step"": ""r2_fasten_first_stand"", ""step_attempt"": 7, ""step_elapsed_s"": 6.03466990403831, ""step_event_index"": 24, ""total_hand_translation_m"": null, ""trial_finished_elapsed_s"": null, ""trial_recording"": true, ""trial_required_tool_ids"": [7, 35, 37]}"
2026-09-04T17:30:20.535-04:00,apoorva,gesture,tts_finished,lifecycle,r2_fasten_first_stand,Row 2.4: fasten right stand,ready,7,25,,,,6.210460,,,,,,,,,,,,,,,,Row 3 left stand,,,,,"{""acquired_tool_ids"": [], ""acquisition_complete"": false, ""completed_steps"": [""r2_bearing_right"", ""r2_bearing_left"", ""r1_gear_rod"", ""r1_bearing_right"", ""r1_bearing_left"", ""r2_gear_rod""], ""head_rotation_deg"": null, ""head_translation_m"": null, ""left_hand_translation_m"": null, ""removed_tool_ids"": [14, 15, 18, 19, 20, 21, 26, 27, 28], ""right_hand_translation_m"": null, ""selected_step"": ""r2_fasten_first_stand"", ""step_attempt"": 7, ""step_elapsed_s"": 6.210472229053266, ""step_event_index"": 25, ""total_hand_translation_m"": null, ""trial_finished_elapsed_s"": null, ""trial_recording"": true, ""trial_required_tool_ids"": [7, 35, 37]}"
2026-09-04T17:30:20.629-04:00,apoorva,gesture,tts_started,lifecycle,r2_fasten_first_stand,Row 2.4: fasten right stand,ready,7,26,,,,6.303723,,,,,,,,,,,,,,,,Row 3 right stand,,,,,"{""acquired_tool_ids"": [], ""acquisition_complete"": false, ""completed_steps"": [""r2_bearing_right"", ""r2_bearing_left"", ""r1_gear_rod"", ""r1_bearing_right"", ""r1_bearing_left"", ""r2_gear_rod""], ""head_rotation_deg"": null, ""head_translation_m"": null, ""left_hand_translation_m"": null, ""removed_tool_ids"": [14, 15, 18, 19, 20, 21, 26, 27, 28], ""right_hand_translation_m"": null, ""selected_step"": ""r2_fasten_first_stand"", ""step_attempt"": 7, ""step_elapsed_s"": 6.303734387969598, ""step_event_index"": 26, ""total_hand_translation_m"": null, ""trial_finished_elapsed_s"": null, ""trial_recording"": true, ""trial_required_tool_ids"": [7, 35, 37]}"
2026-09-04T17:30:20.711-04:00,apoorva,gesture,tts_finished,lifecycle,r2_fasten_first_stand,Row 2.4: fasten right stand,ready,7,27,,,,6.386182,,,,,,,,,,,,,,,,Row 3 right stand,,,,,"{""acquired_tool_ids"": [], ""acquisition_complete"": false, ""completed_steps"": [""r2_bearing_right"", ""r2_bearing_left"", ""r1_gear_rod"", ""r1_bearing_right"", ""r1_bearing_left"", ""r2_gear_rod""], ""head_rotation_deg"": null, ""head_translation_m"": null, ""left_hand_translation_m"": null, ""removed_tool_ids"": [14, 15, 18, 19, 20, 21, 26, 27, 28], ""right_hand_translation_m"": null, ""selected_step"": ""r2_fasten_first_stand"", ""step_attempt"": 7, ""step_elapsed_s"": 6.386189126991667, ""step_event_index"": 27, ""total_hand_translation_m"": null, ""trial_finished_elapsed_s"": null, ""trial_recording"": true, ""trial_required_tool_ids"": [7, 35, 37]}"
2026-09-04T17:30:20.768-04:00,apoorva,gesture,tts_started,lifecycle,r2_fasten_first_stand,Row 2.4: fasten right stand,ready,7,28,,,,6.442986,,,,,,,,,,,,,,,,Row 4 right stand,,,,,"{""acquired_tool_ids"": [], ""acquisition_complete"": false, ""completed_steps"": [""r2_bearing_right"", ""r2_bearing_left"", ""r1_gear_rod"", ""r1_bearing_right"", ""r1_bearing_left"", ""r2_gear_rod""], ""head_rotation_deg"": null, ""head_translation_m"": null, ""left_hand_translation_m"": null, ""removed_tool_ids"": [14, 15, 18, 19, 20, 21, 26, 27, 28], ""right_hand_translation_m"": null, ""selected_step"": ""r2_fasten_first_stand"", ""step_attempt"": 7, ""step_elapsed_s"": 6.442993359989487, ""step_event_index"": 28, ""total_hand_translation_m"": null, ""trial_finished_elapsed_s"": null, ""trial_recording"": true, ""trial_required_tool_ids"": [7, 35, 37]}"
2026-09-04T17:30:21.861-04:00,apoorva,gesture,tts_finished,lifecycle,r2_fasten_first_stand,Row 2.4: fasten right stand,ready,7,29,,,,7.535932,,,,,,,,,,,,,,,,Row 4 right stand,,,,,"{""acquired_tool_ids"": [], ""acquisition_complete"": false, ""completed_steps"": [""r2_bearing_right"", ""r2_bearing_left"", ""r1_gear_rod"", ""r1_bearing_right"", ""r1_bearing_left"", ""r2_gear_rod""], ""head_rotation_deg"": null, ""head_translation_m"": null, ""left_hand_translation_m"": null, ""removed_tool_ids"": [14, 15, 18, 19, 20, 21, 26, 27, 28], ""right_hand_translation_m"": null, ""selected_step"": ""r2_fasten_first_stand"", ""step_attempt"": 7, ""step_elapsed_s"": 7.535942186019383, ""step_event_index"": 29, ""total_hand_translation_m"": null, ""trial_finished_elapsed_s"": null, ""trial_recording"": true, ""trial_required_tool_ids"": [7, 35, 37]}"
2026-09-04T17:30:22.646-04:00,apoorva,gesture,hover,hover,r2_fasten_first_stand,Row 2.4: fasten right stand,ready,7,30,23,GEAR_STAND_ROW3_RIGHT,,,,,,,,,,,,,,,,,,,,,,,"{""acquired_tool_ids"": [], ""acquisition_complete"": false, ""completed_steps"": [""r2_bearing_right"", ""r2_bearing_left"", ""r1_gear_rod"", ""r1_bearing_right"", ""r1_bearing_left"", ""r2_gear_rod""], ""head_rotation_deg"": null, ""head_translation_m"": null, ""left_hand_translation_m"": null, ""removed_tool_ids"": [14, 15, 18, 19, 20, 21, 26, 27, 28], ""right_hand_translation_m"": null, ""selected_step"": ""r2_fasten_first_stand"", ""step_attempt"": 7, ""step_elapsed_s"": 8.32128511206247, ""step_event_index"": 30, ""total_hand_translation_m"": null, ""trial_finished_elapsed_s"": null, ""trial_recording"": true, ""trial_required_tool_ids"": [7, 35, 37]}"
2026-09-04T17:30:22.760-04:00,apoorva,gesture,tts_queued,lifecycle,r2_fasten_first_stand,Row 2.4: fasten right stand,ready,7,31,,,,8.435174,,,,,,,,,,,,,,,,Row 3 right stand,,,replace_hover,,"{""acquired_tool_ids"": [], ""acquisition_complete"": false, ""completed_steps"": [""r2_bearing_right"", ""r2_bearing_left"", ""r1_gear_rod"", ""r1_bearing_right"", ""r1_bearing_left"", ""r2_gear_rod""], ""head_rotation_deg"": null, ""head_translation_m"": null, ""left_hand_translation_m"": null, ""removed_tool_ids"": [14, 15, 18, 19, 20, 21, 26, 27, 28], ""right_hand_translation_m"": null, ""selected_step"": ""r2_fasten_first_stand"", ""step_attempt"": 7, ""step_elapsed_s"": 8.435184802976437, ""step_event_index"": 31, ""total_hand_translation_m"": null, ""trial_finished_elapsed_s"": null, ""trial_recording"": true, ""trial_required_tool_ids"": [7, 35, 37]}"
2026-09-04T17:30:22.834-04:00,apoorva,gesture,hover,hover,r2_fasten_first_stand,Row 2.4: fasten right stand,ready,7,32,25,GEAR_STAND_ROW4_RIGHT,,,,,,,,,,,,,,,,,,,,,,,"{""acquired_tool_ids"": [], ""acquisition_complete"": false, ""completed_steps"": [""r2_bearing_right"", ""r2_bearing_left"", ""r1_gear_rod"", ""r1_bearing_right"", ""r1_bearing_left"", ""r2_gear_rod""], ""head_rotation_deg"": null, ""head_translation_m"": null, ""left_hand_translation_m"": null, ""removed_tool_ids"": [14, 15, 18, 19, 20, 21, 26, 27, 28], ""right_hand_translation_m"": null, ""selected_step"": ""r2_fasten_first_stand"", ""step_attempt"": 7, ""step_elapsed_s"": 8.509541228064336, ""step_event_index"": 32, ""total_hand_translation_m"": null, ""trial_finished_elapsed_s"": null, ""trial_recording"": true, ""trial_required_tool_ids"": [7, 35, 37]}"
2026-09-04T17:30:22.860-04:00,apoorva,gesture,tts_queued,lifecycle,r2_fasten_first_stand,Row 2.4: fasten right stand,ready,7,33,,,,8.535296,,,,,,,,,,,,,,,,Row 4 right stand,,,replace_hover,,"{""acquired_tool_ids"": [], ""acquisition_complete"": false, ""completed_steps"": [""r2_bearing_right"", ""r2_bearing_left"", ""r1_gear_rod"", ""r1_bearing_right"", ""r1_bearing_left"", ""r2_gear_rod""], ""head_rotation_deg"": null, ""head_translation_m"": null, ""left_hand_translation_m"": null, ""removed_tool_ids"": [14, 15, 18, 19, 20, 21, 26, 27, 28], ""right_hand_translation_m"": null, ""selected_step"": ""r2_fasten_first_stand"", ""step_attempt"": 7, ""step_elapsed_s"": 8.535308000049554, ""step_event_index"": 33, ""total_hand_translation_m"": null, ""trial_finished_elapsed_s"": null, ""trial_recording"": true, ""trial_required_tool_ids"": [7, 35, 37]}"
2026-09-04T17:30:22.963-04:00,apoorva,gesture,tts_started,lifecycle,r2_fasten_first_stand,Row 2.4: fasten right stand,ready,7,34,,,,8.638019,,,,,,,,,,,,,,,,Row 3 right stand,,,,,"{""acquired_tool_ids"": [], ""acquisition_complete"": false, ""completed_steps"": [""r2_bearing_right"", ""r2_bearing_left"", ""r1_gear_rod"", ""r1_bearing_right"", ""r1_bearing_left"", ""r2_gear_rod""], ""head_rotation_deg"": null, ""head_translation_m"": null, ""left_hand_translation_m"": null, ""removed_tool_ids"": [14, 15, 18, 19, 20, 21, 26, 27, 28], ""right_hand_translation_m"": null, ""selected_step"": ""r2_fasten_first_stand"", ""step_attempt"": 7, ""step_elapsed_s"": 8.638029322959483, ""step_event_index"": 34, ""total_hand_translation_m"": null, ""trial_finished_elapsed_s"": null, ""trial_recording"": true, ""trial_required_tool_ids"": [7, 35, 37]}"
2026-09-04T17:30:23.263-04:00,apoorva,gesture,tts_finished,lifecycle,r2_fasten_first_stand,Row 2.4: fasten right stand,ready,7,35,,,,8.938133,,,,,,,,,,,,,,,,Row 3 right stand,,,,,"{""acquired_tool_ids"": [], ""acquisition_complete"": false, ""completed_steps"": [""r2_bearing_right"", ""r2_bearing_left"", ""r1_gear_rod"", ""r1_bearing_right"", ""r1_bearing_left"", ""r2_gear_rod""], ""head_rotation_deg"": null, ""head_translation_m"": null, ""left_hand_translation_m"": null, ""removed_tool_ids"": [14, 15, 18, 19, 20, 21, 26, 27, 28], ""right_hand_translation_m"": null, ""selected_step"": ""r2_fasten_first_stand"", ""step_attempt"": 7, ""step_elapsed_s"": 8.93814206495881, ""step_event_index"": 35, ""total_hand_translation_m"": null, ""trial_finished_elapsed_s"": null, ""trial_recording"": true, ""trial_required_tool_ids"": [7, 35, 37]}"
2026-09-04T17:30:23.350-04:00,apoorva,gesture,tts_started,lifecycle,r2_fasten_first_stand,Row 2.4: fasten right stand,ready,7,36,,,,9.024685,,,,,,,,,,,,,,,,Row 4 right stand,,,,,"{""acquired_tool_ids"": [], ""acquisition_complete"": false, ""completed_steps"": [""r2_bearing_right"", ""r2_bearing_left"", ""r1_gear_rod"", ""r1_bearing_right"", ""r1_bearing_left"", ""r2_gear_rod""], ""head_rotation_deg"": null, ""head_translation_m"": null, ""left_hand_translation_m"": null, ""removed_tool_ids"": [14, 15, 18, 19, 20, 21, 26, 27, 28], ""right_hand_translation_m"": null, ""selected_step"": ""r2_fasten_first_stand"", ""step_attempt"": 7, ""step_elapsed_s"": 9.024696751032025, ""step_event_index"": 36, ""total_hand_translation_m"": null, ""trial_finished_elapsed_s"": null, ""trial_recording"": true, ""trial_required_tool_ids"": [7, 35, 37]}"
2026-09-04T17:30:24.462-04:00,apoorva,gesture,tts_finished,lifecycle,r2_fasten_first_stand,Row 2.4: fasten right stand,ready,7,37,,,,10.136629,,,,,,,,,,,,,,,,Row 4 right stand,,,,,"{""acquired_tool_ids"": [], ""acquisition_complete"": false, ""completed_steps"": [""r2_bearing_right"", ""r2_bearing_left"", ""r1_gear_rod"", ""r1_bearing_right"", ""r1_bearing_left"", ""r2_gear_rod""], ""head_rotation_deg"": null, ""head_translation_m"": null, ""left_hand_translation_m"": null, ""removed_tool_ids"": [14, 15, 18, 19, 20, 21, 26, 27, 28], ""right_hand_translation_m"": null, ""selected_step"": ""r2_fasten_first_stand"", ""step_attempt"": 7, ""step_elapsed_s"": 10.136641251039691, ""step_event_index"": 37, ""total_hand_translation_m"": null, ""trial_finished_elapsed_s"": null, ""trial_recording"": true, ""trial_required_tool_ids"": [7, 35, 37]}"
2026-09-04T17:30:26.124-04:00,apoorva,gesture,hover,hover,r2_fasten_first_stand,Row 2.4: fasten right stand,ready,7,38,23,GEAR_STAND_ROW3_RIGHT,,,,,,,,,,,,,,,,,,,,,,,"{""acquired_tool_ids"": [], ""acquisition_complete"": false, ""completed_steps"": [""r2_bearing_right"", ""r2_bearing_left"", ""r1_gear_rod"", ""r1_bearing_right"", ""r1_bearing_left"", ""r2_gear_rod""], ""head_rotation_deg"": null, ""head_translation_m"": null, ""left_hand_translation_m"": null, ""removed_tool_ids"": [14, 15, 18, 19, 20, 21, 26, 27, 28], ""right_hand_translation_m"": null, ""selected_step"": ""r2_fasten_first_stand"", ""step_attempt"": 7, ""step_elapsed_s"": 11.799014416057616, ""step_event_index"": 38, ""total_hand_translation_m"": null, ""trial_finished_elapsed_s"": null, ""trial_recording"": true, ""trial_required_tool_ids"": [7, 35, 37]}"
2026-09-04T17:30:26.171-04:00,apoorva,gesture,tts_queued,lifecycle,r2_fasten_first_stand,Row 2.4: fasten right stand,ready,7,39,,,,11.845797,,,,,,,,,,,,,,,,Row 3 right stand,,,replace_hover,,"{""acquired_tool_ids"": [], ""acquisition_complete"": false, ""completed_steps"": [""r2_bearing_right"", ""r2_bearing_left"", ""r1_gear_rod"", ""r1_bearing_right"", ""r1_bearing_left"", ""r2_gear_rod""], ""head_rotation_deg"": null, ""head_translation_m"": null, ""left_hand_translation_m"": null, ""removed_tool_ids"": [14, 15, 18, 19, 20, 21, 26, 27, 28], ""right_hand_translation_m"": null, ""selected_step"": ""r2_fasten_first_stand"", ""step_attempt"": 7, ""step_elapsed_s"": 11.845824665040709, ""step_event_index"": 39, ""total_hand_translation_m"": null, ""trial_finished_elapsed_s"": null, ""trial_recording"": true, ""trial_required_tool_ids"": [7, 35, 37]}"
2026-09-04T17:30:26.261-04:00,apoorva,gesture,tts_started,lifecycle,r2_fasten_first_stand,Row 2.4: fasten right stand,ready,7,40,,,,11.935884,,,,,,,,,,,,,,,,Row 3 right stand,,,,,"{""acquired_tool_ids"": [], ""acquisition_complete"": false, ""completed_steps"": [""r2_bearing_right"", ""r2_bearing_left"", ""r1_gear_rod"", ""r1_bearing_right"", ""r1_bearing_left"", ""r2_gear_rod""], ""head_rotation_deg"": null, ""head_translation_m"": null, ""left_hand_translation_m"": null, ""removed_tool_ids"": [14, 15, 18, 19, 20, 21, 26, 27, 28], ""right_hand_translation_m"": null, ""selected_step"": ""r2_fasten_first_stand"", ""step_attempt"": 7, ""step_elapsed_s"": 11.935900658951141, ""step_event_index"": 40, ""total_hand_translation_m"": null, ""trial_finished_elapsed_s"": null, ""trial_recording"": true, ""trial_required_tool_ids"": [7, 35, 37]}"
2026-09-04T17:30:27.452-04:00,apoorva,gesture,hover,hover,r2_fasten_first_stand,Row 2.4: fasten right stand,ready,7,41,30,GEAR_ROW3_RIGHT,,,,,,,,,,,,,,,,,,,,,,,"{""acquired_tool_ids"": [], ""acquisition_complete"": false, ""completed_steps"": [""r2_bearing_right"", ""r2_bearing_left"", ""r1_gear_rod"", ""r1_bearing_right"", ""r1_bearing_left"", ""r2_gear_rod""], ""head_rotation_deg"": null, ""head_translation_m"": null, ""left_hand_translation_m"": null, ""removed_tool_ids"": [14, 15, 18, 19, 20, 21, 26, 27, 28], ""right_hand_translation_m"": null, ""selected_step"": ""r2_fasten_first_stand"", ""step_attempt"": 7, ""step_elapsed_s"": 13.12672574503813, ""step_event_index"": 41, ""total_hand_translation_m"": null, ""trial_finished_elapsed_s"": null, ""trial_recording"": true, ""trial_required_tool_ids"": [7, 35, 37]}"
2026-09-04T17:30:27.482-04:00,apoorva,gesture,tts_queued,lifecycle,r2_fasten_first_stand,Row 2.4: fasten right stand,ready,7,42,,,,13.157110,,,,,,,,,,,,,,,,Row 3 right gear,,,replace_hover,,"{""acquired_tool_ids"": [], ""acquisition_complete"": false, ""completed_steps"": [""r2_bearing_right"", ""r2_bearing_left"", ""r1_gear_rod"", ""r1_bearing_right"", ""r1_bearing_left"", ""r2_gear_rod""], ""head_rotation_deg"": null, ""head_translation_m"": null, ""left_hand_translation_m"": null, ""removed_tool_ids"": [14, 15, 18, 19, 20, 21, 26, 27, 28], ""right_hand_translation_m"": null, ""selected_step"": ""r2_fasten_first_stand"", ""step_attempt"": 7, ""step_elapsed_s"": 13.157121840980835, ""step_event_index"": 42, ""total_hand_translation_m"": null, ""trial_finished_elapsed_s"": null, ""trial_recording"": true, ""trial_required_tool_ids"": [7, 35, 37]}"
2026-09-04T17:30:27.522-04:00,apoorva,gesture,tts_finished,lifecycle,r2_fasten_first_stand,Row 2.4: fasten right stand,ready,7,43,,,,13.197306,,,,,,,,,,,,,,,,Row 3 right stand,,,,,"{""acquired_tool_ids"": [], ""acquisition_complete"": false, ""completed_steps"": [""r2_bearing_right"", ""r2_bearing_left"", ""r1_gear_rod"", ""r1_bearing_right"", ""r1_bearing_left"", ""r2_gear_rod""], ""head_rotation_deg"": null, ""head_translation_m"": null, ""left_hand_translation_m"": null, ""removed_tool_ids"": [14, 15, 18, 19, 20, 21, 26, 27, 28], ""right_hand_translation_m"": null, ""selected_step"": ""r2_fasten_first_stand"", ""step_attempt"": 7, ""step_elapsed_s"": 13.197321912972257, ""step_event_index"": 43, ""total_hand_translation_m"": null, ""trial_finished_elapsed_s"": null, ""trial_recording"": true, ""trial_required_tool_ids"": [7, 35, 37]}"
2026-09-04T17:30:27.561-04:00,apoorva,gesture,tts_started,lifecycle,r2_fasten_first_stand,Row 2.4: fasten right stand,ready,7,44,,,,13.236432,,,,,,,,,,,,,,,,Row 3 right gear,,,,,"{""acquired_tool_ids"": [], ""acquisition_complete"": false, ""completed_steps"": [""r2_bearing_right"", ""r2_bearing_left"", ""r1_gear_rod"", ""r1_bearing_right"", ""r1_bearing_left"", ""r2_gear_rod""], ""head_rotation_deg"": null, ""head_translation_m"": null, ""left_hand_translation_m"": null, ""removed_tool_ids"": [14, 15, 18, 19, 20, 21, 26, 27, 28], ""right_hand_translation_m"": null, ""selected_step"": ""r2_fasten_first_stand"", ""step_attempt"": 7, ""step_elapsed_s"": 13.236442764988169, ""step_event_index"": 44, ""total_hand_translation_m"": null, ""trial_finished_elapsed_s"": null, ""trial_recording"": true, ""trial_required_tool_ids"": [7, 35, 37]}"
2026-09-04T17:30:27.620-04:00,apoorva,gesture,hover,hover,r2_fasten_first_stand,Row 2.4: fasten right stand,ready,7,45,29,GEAR_ROW3_LEFT,,,,,,,,,,,,,,,,,,,,,,,"{""acquired_tool_ids"": [], ""acquisition_complete"": false, ""completed_steps"": [""r2_bearing_right"", ""r2_bearing_left"", ""r1_gear_rod"", ""r1_bearing_right"", ""r1_bearing_left"", ""r2_gear_rod""], ""head_rotation_deg"": null, ""head_translation_m"": null, ""left_hand_translation_m"": null, ""removed_tool_ids"": [14, 15, 18, 19, 20, 21, 26, 27, 28], ""right_hand_translation_m"": null, ""selected_step"": ""r2_fasten_first_stand"", ""step_attempt"": 7, ""step_elapsed_s"": 13.294940995052457, ""step_event_index"": 45, ""total_hand_translation_m"": null, ""trial_finished_elapsed_s"": null, ""trial_recording"": true, ""trial_required_tool_ids"": [7, 35, 37]}"
2026-09-04T17:30:27.658-04:00,apoorva,gesture,tts_queued,lifecycle,r2_fasten_first_stand,Row 2.4: fasten right stand,ready,7,46,,,,13.333356,,,,,,,,,,,,,,,,Row 3 left gear,,,replace_hover,,"{""acquired_tool_ids"": [], ""acquisition_complete"": false, ""completed_steps"": [""r2_bearing_right"", ""r2_bearing_left"", ""r1_gear_rod"", ""r1_bearing_right"", ""r1_bearing_left"", ""r2_gear_rod""], ""head_rotation_deg"": null, ""head_translation_m"": null, ""left_hand_translation_m"": null, ""removed_tool_ids"": [14, 15, 18, 19, 20, 21, 26, 27, 28], ""right_hand_translation_m"": null, ""selected_step"": ""r2_fasten_first_stand"", ""step_attempt"": 7, ""step_elapsed_s"": 13.333366440958343, ""step_event_index"": 46, ""total_hand_translation_m"": null, ""trial_finished_elapsed_s"": null, ""trial_recording"": true, ""trial_required_tool_ids"": [7, 35, 37]}"
2026-09-04T17:30:27.726-04:00,apoorva,gesture,hover,hover,r2_fasten_first_stand,Row 2.4: fasten right stand,ready,7,47,35,SCREWS,,,,,,,,,,,,,,,,,,,,,,,"{""acquired_tool_ids"": [], ""acquisition_complete"": false, ""completed_steps"": [""r2_bearing_right"", ""r2_bearing_left"", ""r1_gear_rod"", ""r1_bearing_right"", ""r1_bearing_left"", ""r2_gear_rod""], ""head_rotation_deg"": null, ""head_translation_m"": null, ""left_hand_translation_m"": null, ""removed_tool_ids"": [14, 15, 18, 19, 20, 21, 26, 27, 28], ""right_hand_translation_m"": null, ""selected_step"": ""r2_fasten_first_stand"", ""step_attempt"": 7, ""step_elapsed_s"": 13.401254905038513, ""step_event_index"": 47, ""total_hand_translation_m"": null, ""trial_finished_elapsed_s"": null, ""trial_recording"": true, ""trial_required_tool_ids"": [7, 35, 37]}"
2026-09-04T17:30:27.765-04:00,apoorva,gesture,tts_queued,lifecycle,r2_fasten_first_stand,Row 2.4: fasten right stand,ready,7,48,,,,13.439688,,,,,,,,,,,,,,,,screw,,,replace_hover,,"{""acquired_tool_ids"": [], ""acquisition_complete"": false, ""completed_steps"": [""r2_bearing_right"", ""r2_bearing_left"", ""r1_gear_rod"", ""r1_bearing_right"", ""r1_bearing_left"", ""r2_gear_rod""], ""head_rotation_deg"": null, ""head_translation_m"": null, ""left_hand_translation_m"": null, ""removed_tool_ids"": [14, 15, 18, 19, 20, 21, 26, 27, 28], ""right_hand_translation_m"": null, ""selected_step"": ""r2_fasten_first_stand"", ""step_attempt"": 7, ""step_elapsed_s"": 13.43970100604929, ""step_event_index"": 48, ""total_hand_translation_m"": null, ""trial_finished_elapsed_s"": null, ""trial_recording"": true, ""trial_required_tool_ids"": [7, 35, 37]}"
2026-09-04T17:30:27.825-04:00,apoorva,gesture,tts_finished,lifecycle,r2_fasten_first_stand,Row 2.4: fasten right stand,ready,7,49,,,,13.499794,,,,,,,,,,,,,,,,Row 3 right gear,,,,,"{""acquired_tool_ids"": [], ""acquisition_complete"": false, ""completed_steps"": [""r2_bearing_right"", ""r2_bearing_left"", ""r1_gear_rod"", ""r1_bearing_right"", ""r1_bearing_left"", ""r2_gear_rod""], ""head_rotation_deg"": null, ""head_translation_m"": null, ""left_hand_translation_m"": null, ""removed_tool_ids"": [14, 15, 18, 19, 20, 21, 26, 27, 28], ""right_hand_translation_m"": null, ""selected_step"": ""r2_fasten_first_stand"", ""step_attempt"": 7, ""step_elapsed_s"": 13.499805325060152, ""step_event_index"": 49, ""total_hand_translation_m"": null, ""trial_finished_elapsed_s"": null, ""trial_recording"": true, ""trial_required_tool_ids"": [7, 35, 37]}"
2026-09-04T17:30:27.870-04:00,apoorva,gesture,tts_started,lifecycle,r2_fasten_first_stand,Row 2.4: fasten right stand,ready,7,50,,,,13.544952,,,,,,,,,,,,,,,,Row 3 left gear,,,,,"{""acquired_tool_ids"": [], ""acquisition_complete"": false, ""completed_steps"": [""r2_bearing_right"", ""r2_bearing_left"", ""r1_gear_rod"", ""r1_bearing_right"", ""r1_bearing_left"", ""r2_gear_rod""], ""head_rotation_deg"": null, ""head_translation_m"": null, ""left_hand_translation_m"": null, ""removed_tool_ids"": [14, 15, 18, 19, 20, 21, 26, 27, 28], ""right_hand_translation_m"": null, ""selected_step"": ""r2_fasten_first_stand"", ""step_attempt"": 7, ""step_elapsed_s"": 13.544966905959882, ""step_event_index"": 50, ""total_hand_translation_m"": null, ""trial_finished_elapsed_s"": null, ""trial_recording"": true, ""trial_required_tool_ids"": [7, 35, 37]}"
2026-09-04T17:30:27.908-04:00,apoorva,gesture,tts_finished,lifecycle,r2_fasten_first_stand,Row 2.4: fasten right stand,ready,7,51,,,,13.582692,,,,,,,,,,,,,,,,Row 3 left gear,,,,,"{""acquired_tool_ids"": [], ""acquisition_complete"": false, ""completed_steps"": [""r2_bearing_right"", ""r2_bearing_left"", ""r1_gear_rod"", ""r1_bearing_right"", ""r1_bearing_left"", ""r2_gear_rod""], ""head_rotation_deg"": null, ""head_translation_m"": null, ""left_hand_translation_m"": null, ""removed_tool_ids"": [14, 15, 18, 19, 20, 21, 26, 27, 28], ""right_hand_translation_m"": null, ""selected_step"": ""r2_fasten_first_stand"", ""step_attempt"": 7, ""step_elapsed_s"": 13.58270242495928, ""step_event_index"": 51, ""total_hand_translation_m"": null, ""trial_finished_elapsed_s"": null, ""trial_recording"": true, ""trial_required_tool_ids"": [7, 35, 37]}"
2026-09-04T17:30:27.944-04:00,apoorva,gesture,tts_started,lifecycle,r2_fasten_first_stand,Row 2.4: fasten right stand,ready,7,52,,,,13.618672,,,,,,,,,,,,,,,,screw,,,,,"{""acquired_tool_ids"": [], ""acquisition_complete"": false, ""completed_steps"": [""r2_bearing_right"", ""r2_bearing_left"", ""r1_gear_rod"", ""r1_bearing_right"", ""r1_bearing_left"", ""r2_gear_rod""], ""head_rotation_deg"": null, ""head_translation_m"": null, ""left_hand_translation_m"": null, ""removed_tool_ids"": [14, 15, 18, 19, 20, 21, 26, 27, 28], ""right_hand_translation_m"": null, ""selected_step"": ""r2_fasten_first_stand"", ""step_attempt"": 7, ""step_elapsed_s"": 13.61868440802209, ""step_event_index"": 52, ""total_hand_translation_m"": null, ""trial_finished_elapsed_s"": null, ""trial_recording"": true, ""trial_required_tool_ids"": [7, 35, 37]}"
2026-09-04T17:30:28.303-04:00,apoorva,gesture,tts_finished,lifecycle,r2_fasten_first_stand,Row 2.4: fasten right stand,ready,7,53,,,,13.977688,,,,,,,,,,,,,,,,screw,,,,,"{""acquired_tool_ids"": [], ""acquisition_complete"": false, ""completed_steps"": [""r2_bearing_right"", ""r2_bearing_left"", ""r1_gear_rod"", ""r1_bearing_right"", ""r1_bearing_left"", ""r2_gear_rod""], ""head_rotation_deg"": null, ""head_translation_m"": null, ""left_hand_translation_m"": null, ""removed_tool_ids"": [14, 15, 18, 19, 20, 21, 26, 27, 28], ""right_hand_translation_m"": null, ""selected_step"": ""r2_fasten_first_stand"", ""step_attempt"": 7, ""step_elapsed_s"": 13.977700034040026, ""step_event_index"": 53, ""total_hand_translation_m"": null, ""trial_finished_elapsed_s"": null, ""trial_recording"": true, ""trial_required_tool_ids"": [7, 35, 37]}"
2026-09-04T17:30:29.978-04:00,apoorva,gesture,hover,hover,r2_fasten_first_stand,Row 2.4: fasten right stand,ready,7,54,35,SCREWS,,,,,,,,,,,,,,,,,,,,,,,"{""acquired_tool_ids"": [], ""acquisition_complete"": false, ""completed_steps"": [""r2_bearing_right"", ""r2_bearing_left"", ""r1_gear_rod"", ""r1_bearing_right"", ""r1_bearing_left"", ""r2_gear_rod""], ""head_rotation_deg"": null, ""head_translation_m"": null, ""left_hand_translation_m"": null, ""removed_tool_ids"": [14, 15, 18, 19, 20, 21, 26, 27, 28], ""right_hand_translation_m"": null, ""selected_step"": ""r2_fasten_first_stand"", ""step_attempt"": 7, ""step_elapsed_s"": 15.652725795982406, ""step_event_index"": 54, ""total_hand_translation_m"": null, ""trial_finished_elapsed_s"": null, ""trial_recording"": true, ""trial_required_tool_ids"": [7, 35, 37]}"
2026-09-04T17:30:30.013-04:00,apoorva,gesture,tts_queued,lifecycle,r2_fasten_first_stand,Row 2.4: fasten right stand,ready,7,55,,,,15.687869,,,,,,,,,,,,,,,,screw,,,replace_hover,,"{""acquired_tool_ids"": [], ""acquisition_complete"": false, ""completed_steps"": [""r2_bearing_right"", ""r2_bearing_left"", ""r1_gear_rod"", ""r1_bearing_right"", ""r1_bearing_left"", ""r2_gear_rod""], ""head_rotation_deg"": null, ""head_translation_m"": null, ""left_hand_translation_m"": null, ""removed_tool_ids"": [14, 15, 18, 19, 20, 21, 26, 27, 28], ""right_hand_translation_m"": null, ""selected_step"": ""r2_fasten_first_stand"", ""step_attempt"": 7, ""step_elapsed_s"": 15.687879989971407, ""step_event_index"": 55, ""total_hand_translation_m"": null, ""trial_finished_elapsed_s"": null, ""trial_recording"": true, ""trial_required_tool_ids"": [7, 35, 37]}"
2026-09-04T17:30:30.030-04:00,apoorva,gesture,tts_started,lifecycle,r2_fasten_first_stand,Row 2.4: fasten right stand,ready,7,56,,,,15.705182,,,,,,,,,,,,,,,,screw,,,,,"{""acquired_tool_ids"": [], ""acquisition_complete"": false, ""completed_steps"": [""r2_bearing_right"", ""r2_bearing_left"", ""r1_gear_rod"", ""r1_bearing_right"", ""r1_bearing_left"", ""r2_gear_rod""], ""head_rotation_deg"": null, ""head_translation_m"": null, ""left_hand_translation_m"": null, ""removed_tool_ids"": [14, 15, 18, 19, 20, 21, 26, 27, 28], ""right_hand_translation_m"": null, ""selected_step"": ""r2_fasten_first_stand"", ""step_attempt"": 7, ""step_elapsed_s"": 15.705190806998871, ""step_event_index"": 56, ""total_hand_translation_m"": null, ""trial_finished_elapsed_s"": null, ""trial_recording"": true, ""trial_required_tool_ids"": [7, 35, 37]}"
2026-09-04T17:30:30.370-04:00,apoorva,gesture,hover,hover,r2_fasten_first_stand,Row 2.4: fasten right stand,ready,7,57,34,BEARINGS,,,,,,,,,,,,,,,,,,,,,,,"{""acquired_tool_ids"": [], ""acquisition_complete"": false, ""completed_steps"": [""r2_bearing_right"", ""r2_bearing_left"", ""r1_gear_rod"", ""r1_bearing_right"", ""r1_bearing_left"", ""r2_gear_rod""], ""head_rotation_deg"": null, ""head_translation_m"": null, ""left_hand_translation_m"": null, ""removed_tool_ids"": [14, 15, 18, 19, 20, 21, 26, 27, 28], ""right_hand_translation_m"": null, ""selected_step"": ""r2_fasten_first_stand"", ""step_attempt"": 7, ""step_elapsed_s"": 16.04553272703197, ""step_event_index"": 57, ""total_hand_translation_m"": null, ""trial_finished_elapsed_s"": null, ""trial_recording"": true, ""trial_required_tool_ids"": [7, 35, 37]}"
2026-09-04T17:30:30.474-04:00,apoorva,gesture,tts_queued,lifecycle,r2_fasten_first_stand,Row 2.4: fasten right stand,ready,7,58,,,,16.148575,,,,,,,,,,,,,,,,bearing,,,replace_hover,,"{""acquired_tool_ids"": [], ""acquisition_complete"": false, ""completed_steps"": [""r2_bearing_right"", ""r2_bearing_left"", ""r1_gear_rod"", ""r1_bearing_right"", ""r1_bearing_left"", ""r2_gear_rod""], ""head_rotation_deg"": null, ""head_translation_m"": null, ""left_hand_translation_m"": null, ""removed_tool_ids"": [14, 15, 18, 19, 20, 21, 26, 27, 28], ""right_hand_translation_m"": null, ""selected_step"": ""r2_fasten_first_stand"", ""step_attempt"": 7, ""step_elapsed_s"": 16.14858652697876, ""step_event_index"": 58, ""total_hand_translation_m"": null, ""trial_finished_elapsed_s"": null, ""trial_recording"": true, ""trial_required_tool_ids"": [7, 35, 37]}"
2026-09-04T17:30:30.567-04:00,apoorva,gesture,hover,hover,r2_fasten_first_stand,Row 2.4: fasten right stand,ready,7,59,32,CRANK_HANDLE,,,,,,,,,,,,,,,,,,,,,,,"{""acquired_tool_ids"": [], ""acquisition_complete"": false, ""completed_steps"": [""r2_bearing_right"", ""r2_bearing_left"", ""r1_gear_rod"", ""r1_bearing_right"", ""r1_bearing_left"", ""r2_gear_rod""], ""head_rotation_deg"": null, ""head_translation_m"": null, ""left_hand_translation_m"": null, ""removed_tool_ids"": [14, 15, 18, 19, 20, 21, 26, 27, 28], ""right_hand_translation_m"": null, ""selected_step"": ""r2_fasten_first_stand"", ""step_attempt"": 7, ""step_elapsed_s"": 16.241884913062677, ""step_event_index"": 59, ""total_hand_translation_m"": null, ""trial_finished_elapsed_s"": null, ""trial_recording"": true, ""trial_required_tool_ids"": [7, 35, 37]}"
2026-09-04T17:30:30.616-04:00,apoorva,gesture,tts_queued,lifecycle,r2_fasten_first_stand,Row 2.4: fasten right stand,ready,7,60,,,,16.291519,,,,,,,,,,,,,,,,handle,,,replace_hover,,"{""acquired_tool_ids"": [], ""acquisition_complete"": false, ""completed_steps"": [""r2_bearing_right"", ""r2_bearing_left"", ""r1_gear_rod"", ""r1_bearing_right"", ""r1_bearing_left"", ""r2_gear_rod""], ""head_rotation_deg"": null, ""head_translation_m"": null, ""left_hand_translation_m"": null, ""removed_tool_ids"": [14, 15, 18, 19, 20, 21, 26, 27, 28], ""right_hand_translation_m"": null, ""selected_step"": ""r2_fasten_first_stand"", ""step_attempt"": 7, ""step_elapsed_s"": 16.291533567011356, ""step_event_index"": 60, ""total_hand_translation_m"": null, ""trial_finished_elapsed_s"": null, ""trial_recording"": true, ""trial_required_tool_ids"": [7, 35, 37]}"
2026-09-04T17:30:30.690-04:00,apoorva,gesture,hover,hover,r2_fasten_first_stand,Row 2.4: fasten right stand,ready,7,61,33,PINS,,,,,,,,,,,,,,,,,,,,,,,"{""acquired_tool_ids"": [], ""acquisition_complete"": false, ""completed_steps"": [""r2_bearing_right"", ""r2_bearing_left"", ""r1_gear_rod"", ""r1_bearing_right"", ""r1_bearing_left"", ""r2_gear_rod""], ""head_rotation_deg"": null, ""head_translation_m"": null, ""left_hand_translation_m"": null, ""removed_tool_ids"": [14, 15, 18, 19, 20, 21, 26, 27, 28], ""right_hand_translation_m"": null, ""selected_step"": ""r2_fasten_first_stand"", ""step_attempt"": 7, ""step_elapsed_s"": 16.364729000953957, ""step_event_index"": 61, ""total_hand_translation_m"": null, ""trial_finished_elapsed_s"": null, ""trial_recording"": true, ""trial_required_tool_ids"": [7, 35, 37]}"
2026-09-04T17:30:30.706-04:00,apoorva,gesture,tts_queued,lifecycle,r2_fasten_first_stand,Row 2.4: fasten right stand,ready,7,62,,,,16.381158,,,,,,,,,,,,,,,,pin,,,replace_hover,,"{""acquired_tool_ids"": [], ""acquisition_complete"": false, ""completed_steps"": [""r2_bearing_right"", ""r2_bearing_left"", ""r1_gear_rod"", ""r1_bearing_right"", ""r1_bearing_left"", ""r2_gear_rod""], ""head_rotation_deg"": null, ""head_translation_m"": null, ""left_hand_translation_m"": null, ""removed_tool_ids"": [14, 15, 18, 19, 20, 21, 26, 27, 28], ""right_hand_translation_m"": null, ""selected_step"": ""r2_fasten_first_stand"", ""step_attempt"": 7, ""step_elapsed_s"": 16.381168507039547, ""step_event_index"": 62, ""total_hand_translation_m"": null, ""trial_finished_elapsed_s"": null, ""trial_recording"": true, ""trial_required_tool_ids"": [7, 35, 37]}"
2026-09-04T17:30:30.810-04:00,apoorva,gesture,hover,hover,r2_fasten_first_stand,Row 2.4: fasten right stand,ready,7,63,32,CRANK_HANDLE,,,,,,,,,,,,,,,,,,,,,,,"{""acquired_tool_ids"": [], ""acquisition_complete"": false, ""completed_steps"": [""r2_bearing_right"", ""r2_bearing_left"", ""r1_gear_rod"", ""r1_bearing_right"", ""r1_bearing_left"", ""r2_gear_rod""], ""head_rotation_deg"": null, ""head_translation_m"": null, ""left_hand_translation_m"": null, ""removed_tool_ids"": [14, 15, 18, 19, 20, 21, 26, 27, 28], ""right_hand_translation_m"": null, ""selected_step"": ""r2_fasten_first_stand"", ""step_attempt"": 7, ""step_elapsed_s"": 16.484679191024043, ""step_event_index"": 63, ""total_hand_translation_m"": null, ""trial_finished_elapsed_s"": null, ""trial_recording"": true, ""trial_required_tool_ids"": [7, 35, 37]}"
2026-09-04T17:30:30.881-04:00,apoorva,gesture,tts_queued,lifecycle,r2_fasten_first_stand,Row 2.4: fasten right stand,ready,7,64,,,,16.555750,,,,,,,,,,,,,,,,handle,,,replace_hover,,"{""acquired_tool_ids"": [], ""acquisition_complete"": false, ""completed_steps"": [""r2_bearing_right"", ""r2_bearing_left"", ""r1_gear_rod"", ""r1_bearing_right"", ""r1_bearing_left"", ""r2_gear_rod""], ""head_rotation_deg"": null, ""head_translation_m"": null, ""left_hand_translation_m"": null, ""removed_tool_ids"": [14, 15, 18, 19, 20, 21, 26, 27, 28], ""right_hand_translation_m"": null, ""selected_step"": ""r2_fasten_first_stand"", ""step_attempt"": 7, ""step_elapsed_s"": 16.555764407967217, ""step_event_index"": 64, ""total_hand_translation_m"": null, ""trial_finished_elapsed_s"": null, ""trial_recording"": true, ""trial_required_tool_ids"": [7, 35, 37]}"
2026-09-04T17:30:31.018-04:00,apoorva,gesture,tts_finished,lifecycle,r2_fasten_first_stand,Row 2.4: fasten right stand,ready,7,65,,,,16.692964,,,,,,,,,,,,,,,,screw,,,,,"{""acquired_tool_ids"": [], ""acquisition_complete"": false, ""completed_steps"": [""r2_bearing_right"", ""r2_bearing_left"", ""r1_gear_rod"", ""r1_bearing_right"", ""r1_bearing_left"", ""r2_gear_rod""], ""head_rotation_deg"": null, ""head_translation_m"": null, ""left_hand_translation_m"": null, ""removed_tool_ids"": [14, 15, 18, 19, 20, 21, 26, 27, 28], ""right_hand_translation_m"": null, ""selected_step"": ""r2_fasten_first_stand"", ""step_attempt"": 7, ""step_elapsed_s"": 16.692975013051182, ""step_event_index"": 65, ""total_hand_translation_m"": null, ""trial_finished_elapsed_s"": null, ""trial_recording"": true, ""trial_required_tool_ids"": [7, 35, 37]}"
2026-09-04T17:30:31.086-04:00,apoorva,gesture,tts_started,lifecycle,r2_fasten_first_stand,Row 2.4: fasten right stand,ready,7,66,,,,16.760785,,,,,,,,,,,,,,,,bearing,,,,,"{""acquired_tool_ids"": [], ""acquisition_complete"": false, ""completed_steps"": [""r2_bearing_right"", ""r2_bearing_left"", ""r1_gear_rod"", ""r1_bearing_right"", ""r1_bearing_left"", ""r2_gear_rod""], ""head_rotation_deg"": null, ""head_translation_m"": null, ""left_hand_translation_m"": null, ""removed_tool_ids"": [14, 15, 18, 19, 20, 21, 26, 27, 28], ""right_hand_translation_m"": null, ""selected_step"": ""r2_fasten_first_stand"", ""step_attempt"": 7, ""step_elapsed_s"": 16.760796674061567, ""step_event_index"": 66, ""total_hand_translation_m"": null, ""trial_finished_elapsed_s"": null, ""trial_recording"": true, ""trial_required_tool_ids"": [7, 35, 37]}"
2026-09-04T17:30:31.162-04:00,apoorva,gesture,tts_finished,lifecycle,r2_fasten_first_stand,Row 2.4: fasten right stand,ready,7,67,,,,16.836678,,,,,,,,,,,,,,,,bearing,,,,,"{""acquired_tool_ids"": [], ""acquisition_complete"": false, ""completed_steps"": [""r2_bearing_right"", ""r2_bearing_left"", ""r1_gear_rod"", ""r1_bearing_right"", ""r1_bearing_left"", ""r2_gear_rod""], ""head_rotation_deg"": null, ""head_translation_m"": null, ""left_hand_translation_m"": null, ""removed_tool_ids"": [14, 15, 18, 19, 20, 21, 26, 27, 28], ""right_hand_translation_m"": null, ""selected_step"": ""r2_fasten_first_stand"", ""step_attempt"": 7, ""step_elapsed_s"": 16.836691605043598, ""step_event_index"": 67, ""total_hand_translation_m"": null, ""trial_finished_elapsed_s"": null, ""trial_recording"": true, ""trial_required_tool_ids"": [7, 35, 37]}"
2026-09-04T17:30:31.192-04:00,apoorva,gesture,tts_started,lifecycle,r2_fasten_first_stand,Row 2.4: fasten right stand,ready,7,68,,,,16.866555,,,,,,,,,,,,,,,,handle,,,,,"{""acquired_tool_ids"": [], ""acquisition_complete"": false, ""completed_steps"": [""r2_bearing_right"", ""r2_bearing_left"", ""r1_gear_rod"", ""r1_bearing_right"", ""r1_bearing_left"", ""r2_gear_rod""], ""head_rotation_deg"": null, ""head_translation_m"": null, ""left_hand_translation_m"": null, ""removed_tool_ids"": [14, 15, 18, 19, 20, 21, 26, 27, 28], ""right_hand_translation_m"": null, ""selected_step"": ""r2_fasten_first_stand"", ""step_attempt"": 7, ""step_elapsed_s"": 16.866565809003077, ""step_event_index"": 68, ""total_hand_translation_m"": null, ""trial_finished_elapsed_s"": null, ""trial_recording"": true, ""trial_required_tool_ids"": [7, 35, 37]}"
2026-09-04T17:30:31.258-04:00,apoorva,gesture,tts_finished,lifecycle,r2_fasten_first_stand,Row 2.4: fasten right stand,ready,7,69,,,,16.932626,,,,,,,,,,,,,,,,handle,,,,,"{""acquired_tool_ids"": [], ""acquisition_complete"": false, ""completed_steps"": [""r2_bearing_right"", ""r2_bearing_left"", ""r1_gear_rod"", ""r1_bearing_right"", ""r1_bearing_left"", ""r2_gear_rod""], ""head_rotation_deg"": null, ""head_translation_m"": null, ""left_hand_translation_m"": null, ""removed_tool_ids"": [14, 15, 18, 19, 20, 21, 26, 27, 28], ""right_hand_translation_m"": null, ""selected_step"": ""r2_fasten_first_stand"", ""step_attempt"": 7, ""step_elapsed_s"": 16.93263898405712, ""step_event_index"": 69, ""total_hand_translation_m"": null, ""trial_finished_elapsed_s"": null, ""trial_recording"": true, ""trial_required_tool_ids"": [7, 35, 37]}"
2026-09-04T17:30:31.283-04:00,apoorva,gesture,tts_started,lifecycle,r2_fasten_first_stand,Row 2.4: fasten right stand,ready,7,70,,,,16.958333,,,,,,,,,,,,,,,,pin,,,,,"{""acquired_tool_ids"": [], ""acquisition_complete"": false, ""completed_steps"": [""r2_bearing_right"", ""r2_bearing_left"", ""r1_gear_rod"", ""r1_bearing_right"", ""r1_bearing_left"", ""r2_gear_rod""], ""head_rotation_deg"": null, ""head_translation_m"": null, ""left_hand_translation_m"": null, ""removed_tool_ids"": [14, 15, 18, 19, 20, 21, 26, 27, 28], ""right_hand_translation_m"": null, ""selected_step"": ""r2_fasten_first_stand"", ""step_attempt"": 7, ""step_elapsed_s"": 16.95834610098973, ""step_event_index"": 70, ""total_hand_translation_m"": null, ""trial_finished_elapsed_s"": null, ""trial_recording"": true, ""trial_required_tool_ids"": [7, 35, 37]}"
2026-09-04T17:30:31.367-04:00,apoorva,gesture,tts_finished,lifecycle,r2_fasten_first_stand,Row 2.4: fasten right stand,ready,7,71,,,,17.042114,,,,,,,,,,,,,,,,pin,,,,,"{""acquired_tool_ids"": [], ""acquisition_complete"": false, ""completed_steps"": [""r2_bearing_right"", ""r2_bearing_left"", ""r1_gear_rod"", ""r1_bearing_right"", ""r1_bearing_left"", ""r2_gear_rod""], ""head_rotation_deg"": null, ""head_translation_m"": null, ""left_hand_translation_m"": null, ""removed_tool_ids"": [14, 15, 18, 19, 20, 21, 26, 27, 28], ""right_hand_translation_m"": null, ""selected_step"": ""r2_fasten_first_stand"", ""step_attempt"": 7, ""step_elapsed_s"": 17.042160946060903, ""step_event_index"": 71, ""total_hand_translation_m"": null, ""trial_finished_elapsed_s"": null, ""trial_recording"": true, ""trial_required_tool_ids"": [7, 35, 37]}"
2026-09-04T17:30:31.409-04:00,apoorva,gesture,tts_started,lifecycle,r2_fasten_first_stand,Row 2.4: fasten right stand,ready,7,72,,,,17.084088,,,,,,,,,,,,,,,,handle,,,,,"{""acquired_tool_ids"": [], ""acquisition_complete"": false, ""completed_steps"": [""r2_bearing_right"", ""r2_bearing_left"", ""r1_gear_rod"", ""r1_bearing_right"", ""r1_bearing_left"", ""r2_gear_rod""], ""head_rotation_deg"": null, ""head_translation_m"": null, ""left_hand_translation_m"": null, ""removed_tool_ids"": [14, 15, 18, 19, 20, 21, 26, 27, 28], ""right_hand_translation_m"": null, ""selected_step"": ""r2_fasten_first_stand"", ""step_attempt"": 7, ""step_elapsed_s"": 17.084100389038213, ""step_event_index"": 72, ""total_hand_translation_m"": null, ""trial_finished_elapsed_s"": null, ""trial_recording"": true, ""trial_required_tool_ids"": [7, 35, 37]}"
2026-09-04T17:30:31.506-04:00,apoorva,gesture,hover,hover,r2_fasten_first_stand,Row 2.4: fasten right stand,ready,7,73,34,BEARINGS,,,,,,,,,,,,,,,,,,,,,,,"{""acquired_tool_ids"": [], ""acquisition_complete"": false, ""completed_steps"": [""r2_bearing_right"", ""r2_bearing_left"", ""r1_gear_rod"", ""r1_bearing_right"", ""r1_bearing_left"", ""r2_gear_rod""], ""head_rotation_deg"": null, ""head_translation_m"": null, ""left_hand_translation_m"": null, ""removed_tool_ids"": [14, 15, 18, 19, 20, 21, 26, 27, 28], ""right_hand_translation_m"": null, ""selected_step"": ""r2_fasten_first_stand"", ""step_attempt"": 7, ""step_elapsed_s"": 17.180649557034485, ""step_event_index"": 73, ""total_hand_translation_m"": null, ""trial_finished_elapsed_s"": null, ""trial_recording"": true, ""trial_required_tool_ids"": [7, 35, 37]}"
2026-09-04T17:30:31.560-04:00,apoorva,gesture,tts_queued,lifecycle,r2_fasten_first_stand,Row 2.4: fasten right stand,ready,7,74,,,,17.235349,,,,,,,,,,,,,,,,bearing,,,replace_hover,,"{""acquired_tool_ids"": [], ""acquisition_complete"": false, ""completed_steps"": [""r2_bearing_right"", ""r2_bearing_left"", ""r1_gear_rod"", ""r1_bearing_right"", ""r1_bearing_left"", ""r2_gear_rod""], ""head_rotation_deg"": null, ""head_translation_m"": null, ""left_hand_translation_m"": null, ""removed_tool_ids"": [14, 15, 18, 19, 20, 21, 26, 27, 28], ""right_hand_translation_m"": null, ""selected_step"": ""r2_fasten_first_stand"", ""step_attempt"": 7, ""step_elapsed_s"": 17.23536170902662, ""step_event_index"": 74, ""total_hand_translation_m"": null, ""trial_finished_elapsed_s"": null, ""trial_recording"": true, ""trial_required_tool_ids"": [7, 35, 37]}"
2026-09-04T17:30:31.699-04:00,apoorva,gesture,tts_finished,lifecycle,r2_fasten_first_stand,Row 2.4: fasten right stand,ready,7,75,,,,17.373591,,,,,,,,,,,,,,,,handle,,,,,"{""acquired_tool_ids"": [], ""acquisition_complete"": false, ""completed_steps"": [""r2_bearing_right"", ""r2_bearing_left"", ""r1_gear_rod"", ""r1_bearing_right"", ""r1_bearing_left"", ""r2_gear_rod""], ""head_rotation_deg"": null, ""head_translation_m"": null, ""left_hand_translation_m"": null, ""removed_tool_ids"": [14, 15, 18, 19, 20, 21, 26, 27, 28], ""right_hand_translation_m"": null, ""selected_step"": ""r2_fasten_first_stand"", ""step_attempt"": 7, ""step_elapsed_s"": 17.37360406597145, ""step_event_index"": 75, ""total_hand_translation_m"": null, ""trial_finished_elapsed_s"": null, ""trial_recording"": true, ""trial_required_tool_ids"": [7, 35, 37]}"
2026-09-04T17:30:31.745-04:00,apoorva,gesture,tts_started,lifecycle,r2_fasten_first_stand,Row 2.4: fasten right stand,ready,7,76,,,,17.420005,,,,,,,,,,,,,,,,bearing,,,,,"{""acquired_tool_ids"": [], ""acquisition_complete"": false, ""completed_steps"": [""r2_bearing_right"", ""r2_bearing_left"", ""r1_gear_rod"", ""r1_bearing_right"", ""r1_bearing_left"", ""r2_gear_rod""], ""head_rotation_deg"": null, ""head_translation_m"": null, ""left_hand_translation_m"": null, ""removed_tool_ids"": [14, 15, 18, 19, 20, 21, 26, 27, 28], ""right_hand_translation_m"": null, ""selected_step"": ""r2_fasten_first_stand"", ""step_attempt"": 7, ""step_elapsed_s"": 17.42001705605071, ""step_event_index"": 76, ""total_hand_translation_m"": null, ""trial_finished_elapsed_s"": null, ""trial_recording"": true, ""trial_required_tool_ids"": [7, 35, 37]}"
2026-09-04T17:30:31.843-04:00,apoorva,gesture,hover,hover,r2_fasten_first_stand,Row 2.4: fasten right stand,ready,7,77,35,SCREWS,,,,,,,,,,,,,,,,,,,,,,,"{""acquired_tool_ids"": [], ""acquisition_complete"": false, ""completed_steps"": [""r2_bearing_right"", ""r2_bearing_left"", ""r1_gear_rod"", ""r1_bearing_right"", ""r1_bearing_left"", ""r2_gear_rod""], ""head_rotation_deg"": null, ""head_translation_m"": null, ""left_hand_translation_m"": null, ""removed_tool_ids"": [14, 15, 18, 19, 20, 21, 26, 27, 28], ""right_hand_translation_m"": null, ""selected_step"": ""r2_fasten_first_stand"", ""step_attempt"": 7, ""step_elapsed_s"": 17.517740173032507, ""step_event_index"": 77, ""total_hand_translation_m"": null, ""trial_finished_elapsed_s"": null, ""trial_recording"": true, ""trial_required_tool_ids"": [7, 35, 37]}"
2026-09-04T17:30:31.896-04:00,apoorva,gesture,tts_queued,lifecycle,r2_fasten_first_stand,Row 2.4: fasten right stand,ready,7,78,,,,17.571166,,,,,,,,,,,,,,,,screw,,,replace_hover,,"{""acquired_tool_ids"": [], ""acquisition_complete"": false, ""completed_steps"": [""r2_bearing_right"", ""r2_bearing_left"", ""r1_gear_rod"", ""r1_bearing_right"", ""r1_bearing_left"", ""r2_gear_rod""], ""head_rotation_deg"": null, ""head_translation_m"": null, ""left_hand_translation_m"": null, ""removed_tool_ids"": [14, 15, 18, 19, 20, 21, 26, 27, 28], ""right_hand_translation_m"": null, ""selected_step"": ""r2_fasten_first_stand"", ""step_attempt"": 7, ""step_elapsed_s"": 17.57117679005023, ""step_event_index"": 78, ""total_hand_translation_m"": null, ""trial_finished_elapsed_s"": null, ""trial_recording"": true, ""trial_required_tool_ids"": [7, 35, 37]}"
2026-09-04T17:30:31.979-04:00,apoorva,gesture,tts_finished,lifecycle,r2_fasten_first_stand,Row 2.4: fasten right stand,ready,7,79,,,,17.653644,,,,,,,,,,,,,,,,bearing,,,,,"{""acquired_tool_ids"": [], ""acquisition_complete"": false, ""completed_steps"": [""r2_bearing_right"", ""r2_bearing_left"", ""r1_gear_rod"", ""r1_bearing_right"", ""r1_bearing_left"", ""r2_gear_rod""], ""head_rotation_deg"": null, ""head_translation_m"": null, ""left_hand_translation_m"": null, ""removed_tool_ids"": [14, 15, 18, 19, 20, 21, 26, 27, 28], ""right_hand_translation_m"": null, ""selected_step"": ""r2_fasten_first_stand"", ""step_attempt"": 7, ""step_elapsed_s"": 17.653653596062213, ""step_event_index"": 79, ""total_hand_translation_m"": null, ""trial_finished_elapsed_s"": null, ""trial_recording"": true, ""trial_required_tool_ids"": [7, 35, 37]}"
2026-09-04T17:30:32.025-04:00,apoorva,gesture,tts_started,lifecycle,r2_fasten_first_stand,Row 2.4: fasten right stand,ready,7,80,,,,17.699904,,,,,,,,,,,,,,,,screw,,,,,"{""acquired_tool_ids"": [], ""acquisition_complete"": false, ""completed_steps"": [""r2_bearing_right"", ""r2_bearing_left"", ""r1_gear_rod"", ""r1_bearing_right"", ""r1_bearing_left"", ""r2_gear_rod""], ""head_rotation_deg"": null, ""head_translation_m"": null, ""left_hand_translation_m"": null, ""removed_tool_ids"": [14, 15, 18, 19, 20, 21, 26, 27, 28], ""right_hand_translation_m"": null, ""selected_step"": ""r2_fasten_first_stand"", ""step_attempt"": 7, ""step_elapsed_s"": 17.699917708989233, ""step_event_index"": 80, ""total_hand_translation_m"": null, ""trial_finished_elapsed_s"": null, ""trial_recording"": true, ""trial_required_tool_ids"": [7, 35, 37]}"
2026-09-04T17:30:32.482-04:00,apoorva,gesture,tts_finished,lifecycle,r2_fasten_first_stand,Row 2.4: fasten right stand,ready,7,81,,,,18.156865,,,,,,,,,,,,,,,,screw,,,,,"{""acquired_tool_ids"": [], ""acquisition_complete"": false, ""completed_steps"": [""r2_bearing_right"", ""r2_bearing_left"", ""r1_gear_rod"", ""r1_bearing_right"", ""r1_bearing_left"", ""r2_gear_rod""], ""head_rotation_deg"": null, ""head_translation_m"": null, ""left_hand_translation_m"": null, ""removed_tool_ids"": [14, 15, 18, 19, 20, 21, 26, 27, 28], ""right_hand_translation_m"": null, ""selected_step"": ""r2_fasten_first_stand"", ""step_attempt"": 7, ""step_elapsed_s"": 18.156877039000392, ""step_event_index"": 81, ""total_hand_translation_m"": null, ""trial_finished_elapsed_s"": null, ""trial_recording"": true, ""trial_required_tool_ids"": [7, 35, 37]}"
2026-09-04T17:30:32.678-04:00,apoorva,gesture,hover,hover,r2_fasten_first_stand,Row 2.4: fasten right stand,ready,7,82,35,SCREWS,,,,,,,,,,,,,,,,,,,,,,,"{""acquired_tool_ids"": [], ""acquisition_complete"": false, ""completed_steps"": [""r2_bearing_right"", ""r2_bearing_left"", ""r1_gear_rod"", ""r1_bearing_right"", ""r1_bearing_left"", ""r2_gear_rod""], ""head_rotation_deg"": null, ""head_translation_m"": null, ""left_hand_translation_m"": null, ""removed_tool_ids"": [14, 15, 18, 19, 20, 21, 26, 27, 28], ""right_hand_translation_m"": null, ""selected_step"": ""r2_fasten_first_stand"", ""step_attempt"": 7, ""step_elapsed_s"": 18.353223818005063, ""step_event_index"": 82, ""total_hand_translation_m"": null, ""trial_finished_elapsed_s"": null, ""trial_recording"": true, ""trial_required_tool_ids"": [7, 35, 37]}"
2026-09-04T17:30:32.704-04:00,apoorva,gesture,tts_queued,lifecycle,r2_fasten_first_stand,Row 2.4: fasten right stand,ready,7,83,,,,18.378721,,,,,,,,,,,,,,,,screw,,,replace_hover,,"{""acquired_tool_ids"": [], ""acquisition_complete"": false, ""completed_steps"": [""r2_bearing_right"", ""r2_bearing_left"", ""r1_gear_rod"", ""r1_bearing_right"", ""r1_bearing_left"", ""r2_gear_rod""], ""head_rotation_deg"": null, ""head_translation_m"": null, ""left_hand_translation_m"": null, ""removed_tool_ids"": [14, 15, 18, 19, 20, 21, 26, 27, 28], ""right_hand_translation_m"": null, ""selected_step"": ""r2_fasten_first_stand"", ""step_attempt"": 7, ""step_elapsed_s"": 18.378732556011528, ""step_event_index"": 83, ""total_hand_translation_m"": null, ""trial_finished_elapsed_s"": null, ""trial_recording"": true, ""trial_required_tool_ids"": [7, 35, 37]}"
2026-09-04T17:30:32.755-04:00,apoorva,gesture,tts_started,lifecycle,r2_fasten_first_stand,Row 2.4: fasten right stand,ready,7,84,,,,18.429753,,,,,,,,,,,,,,,,screw,,,,,"{""acquired_tool_ids"": [], ""acquisition_complete"": false, ""completed_steps"": [""r2_bearing_right"", ""r2_bearing_left"", ""r1_gear_rod"", ""r1_bearing_right"", ""r1_bearing_left"", ""r2_gear_rod""], ""head_rotation_deg"": null, ""head_translation_m"": null, ""left_hand_translation_m"": null, ""removed_tool_ids"": [14, 15, 18, 19, 20, 21, 26, 27, 28], ""right_hand_translation_m"": null, ""selected_step"": ""r2_fasten_first_stand"", ""step_attempt"": 7, ""step_elapsed_s"": 18.429765440989286, ""step_event_index"": 84, ""total_hand_translation_m"": null, ""trial_finished_elapsed_s"": null, ""trial_recording"": true, ""trial_required_tool_ids"": [7, 35, 37]}"
2026-09-04T17:30:32.973-04:00,apoorva,gesture,hover,hover,r2_fasten_first_stand,Row 2.4: fasten right stand,ready,7,85,34,BEARINGS,,,,,,,,,,,,,,,,,,,,,,,"{""acquired_tool_ids"": [], ""acquisition_complete"": false, ""completed_steps"": [""r2_bearing_right"", ""r2_bearing_left"", ""r1_gear_rod"", ""r1_bearing_right"", ""r1_bearing_left"", ""r2_gear_rod""], ""head_rotation_deg"": null, ""head_translation_m"": null, ""left_hand_translation_m"": null, ""removed_tool_ids"": [14, 15, 18, 19, 20, 21, 26, 27, 28], ""right_hand_translation_m"": null, ""selected_step"": ""r2_fasten_first_stand"", ""step_attempt"": 7, ""step_elapsed_s"": 18.648297723964788, ""step_event_index"": 85, ""total_hand_translation_m"": null, ""trial_finished_elapsed_s"": null, ""trial_recording"": true, ""trial_required_tool_ids"": [7, 35, 37]}"
2026-09-04T17:30:33.007-04:00,apoorva,gesture,tts_queued,lifecycle,r2_fasten_first_stand,Row 2.4: fasten right stand,ready,7,86,,,,18.682082,,,,,,,,,,,,,,,,bearing,,,replace_hover,,"{""acquired_tool_ids"": [], ""acquisition_complete"": false, ""completed_steps"": [""r2_bearing_right"", ""r2_bearing_left"", ""r1_gear_rod"", ""r1_bearing_right"", ""r1_bearing_left"", ""r2_gear_rod""], ""head_rotation_deg"": null, ""head_translation_m"": null, ""left_hand_translation_m"": null, ""removed_tool_ids"": [14, 15, 18, 19, 20, 21, 26, 27, 28], ""right_hand_translation_m"": null, ""selected_step"": ""r2_fasten_first_stand"", ""step_attempt"": 7, ""step_elapsed_s"": 18.682093231007457, ""step_event_index"": 86, ""total_hand_translation_m"": null, ""trial_finished_elapsed_s"": null, ""trial_recording"": true, ""trial_required_tool_ids"": [7, 35, 37]}"
2026-09-04T17:30:33.100-04:00,apoorva,gesture,tts_finished,lifecycle,r2_fasten_first_stand,Row 2.4: fasten right stand,ready,7,87,,,,18.775006,,,,,,,,,,,,,,,,screw,,,,,"{""acquired_tool_ids"": [], ""acquisition_complete"": false, ""completed_steps"": [""r2_bearing_right"", ""r2_bearing_left"", ""r1_gear_rod"", ""r1_bearing_right"", ""r1_bearing_left"", ""r2_gear_rod""], ""head_rotation_deg"": null, ""head_translation_m"": null, ""left_hand_translation_m"": null, ""removed_tool_ids"": [14, 15, 18, 19, 20, 21, 26, 27, 28], ""right_hand_translation_m"": null, ""selected_step"": ""r2_fasten_first_stand"", ""step_attempt"": 7, ""step_elapsed_s"": 18.775018943008035, ""step_event_index"": 87, ""total_hand_translation_m"": null, ""trial_finished_elapsed_s"": null, ""trial_recording"": true, ""trial_required_tool_ids"": [7, 35, 37]}"
2026-09-04T17:30:33.132-04:00,apoorva,gesture,tts_started,lifecycle,r2_fasten_first_stand,Row 2.4: fasten right stand,ready,7,88,,,,18.807425,,,,,,,,,,,,,,,,bearing,,,,,"{""acquired_tool_ids"": [], ""acquisition_complete"": false, ""completed_steps"": [""r2_bearing_right"", ""r2_bearing_left"", ""r1_gear_rod"", ""r1_bearing_right"", ""r1_bearing_left"", ""r2_gear_rod""], ""head_rotation_deg"": null, ""head_translation_m"": null, ""left_hand_translation_m"": null, ""removed_tool_ids"": [14, 15, 18, 19, 20, 21, 26, 27, 28], ""right_hand_translation_m"": null, ""selected_step"": ""r2_fasten_first_stand"", ""step_attempt"": 7, ""step_elapsed_s"": 18.807434558984824, ""step_event_index"": 88, ""total_hand_translation_m"": null, ""trial_finished_elapsed_s"": null, ""trial_recording"": true, ""trial_required_tool_ids"": [7, 35, 37]}"
2026-09-04T17:30:33.387-04:00,apoorva,gesture,hover,hover,r2_fasten_first_stand,Row 2.4: fasten right stand,ready,7,89,35,SCREWS,,,,,,,,,,,,,,,,,,,,,,,"{""acquired_tool_ids"": [], ""acquisition_complete"": false, ""completed_steps"": [""r2_bearing_right"", ""r2_bearing_left"", ""r1_gear_rod"", ""r1_bearing_right"", ""r1_bearing_left"", ""r2_gear_rod""], ""head_rotation_deg"": null, ""head_translation_m"": null, ""left_hand_translation_m"": null, ""removed_tool_ids"": [14, 15, 18, 19, 20, 21, 26, 27, 28], ""right_hand_translation_m"": null, ""selected_step"": ""r2_fasten_first_stand"", ""step_attempt"": 7, ""step_elapsed_s"": 19.062311038956977, ""step_event_index"": 89, ""total_hand_translation_m"": null, ""trial_finished_elapsed_s"": null, ""trial_recording"": true, ""trial_required_tool_ids"": [7, 35, 37]}"
2026-09-04T17:30:33.459-04:00,apoorva,gesture,tts_queued,lifecycle,r2_fasten_first_stand,Row 2.4: fasten right stand,ready,7,90,,,,19.134278,,,,,,,,,,,,,,,,screw,,,replace_hover,,"{""acquired_tool_ids"": [], ""acquisition_complete"": false, ""completed_steps"": [""r2_bearing_right"", ""r2_bearing_left"", ""r1_gear_rod"", ""r1_bearing_right"", ""r1_bearing_left"", ""r2_gear_rod""], ""head_rotation_deg"": null, ""head_translation_m"": null, ""left_hand_translation_m"": null, ""removed_tool_ids"": [14, 15, 18, 19, 20, 21, 26, 27, 28], ""right_hand_translation_m"": null, ""selected_step"": ""r2_fasten_first_stand"", ""step_attempt"": 7, ""step_elapsed_s"": 19.134287907974795, ""step_event_index"": 90, ""total_hand_translation_m"": null, ""trial_finished_elapsed_s"": null, ""trial_recording"": true, ""trial_required_tool_ids"": [7, 35, 37]}"
2026-09-04T17:30:33.509-04:00,apoorva,gesture,tts_finished,lifecycle,r2_fasten_first_stand,Row 2.4: fasten right stand,ready,7,91,,,,19.183815,,,,,,,,,,,,,,,,bearing,,,,,"{""acquired_tool_ids"": [], ""acquisition_complete"": false, ""completed_steps"": [""r2_bearing_right"", ""r2_bearing_left"", ""r1_gear_rod"", ""r1_bearing_right"", ""r1_bearing_left"", ""r2_gear_rod""], ""head_rotation_deg"": null, ""head_translation_m"": null, ""left_hand_translation_m"": null, ""removed_tool_ids"": [14, 15, 18, 19, 20, 21, 26, 27, 28], ""right_hand_translation_m"": null, ""selected_step"": ""r2_fasten_first_stand"", ""step_attempt"": 7, ""step_elapsed_s"": 19.183826319058426, ""step_event_index"": 91, ""total_hand_translation_m"": null, ""trial_finished_elapsed_s"": null, ""trial_recording"": true, ""trial_required_tool_ids"": [7, 35, 37]}"
2026-09-04T17:30:33.545-04:00,apoorva,gesture,tts_started,lifecycle,r2_fasten_first_stand,Row 2.4: fasten right stand,ready,7,92,,,,19.220137,,,,,,,,,,,,,,,,screw,,,,,"{""acquired_tool_ids"": [], ""acquisition_complete"": false, ""completed_steps"": [""r2_bearing_right"", ""r2_bearing_left"", ""r1_gear_rod"", ""r1_bearing_right"", ""r1_bearing_left"", ""r2_gear_rod""], ""head_rotation_deg"": null, ""head_translation_m"": null, ""left_hand_translation_m"": null, ""removed_tool_ids"": [14, 15, 18, 19, 20, 21, 26, 27, 28], ""right_hand_translation_m"": null, ""selected_step"": ""r2_fasten_first_stand"", ""step_attempt"": 7, ""step_elapsed_s"": 19.220147700980306, ""step_event_index"": 92, ""total_hand_translation_m"": null, ""trial_finished_elapsed_s"": null, ""trial_recording"": true, ""trial_required_tool_ids"": [7, 35, 37]}"
2026-09-04T17:30:34.132-04:00,apoorva,gesture,tts_finished,lifecycle,r2_fasten_first_stand,Row 2.4: fasten right stand,ready,7,93,,,,19.807084,,,,,,,,,,,,,,,,screw,,,,,"{""acquired_tool_ids"": [], ""acquisition_complete"": false, ""completed_steps"": [""r2_bearing_right"", ""r2_bearing_left"", ""r1_gear_rod"", ""r1_bearing_right"", ""r1_bearing_left"", ""r2_gear_rod""], ""head_rotation_deg"": null, ""head_translation_m"": null, ""left_hand_translation_m"": null, ""removed_tool_ids"": [14, 15, 18, 19, 20, 21, 26, 27, 28], ""right_hand_translation_m"": null, ""selected_step"": ""r2_fasten_first_stand"", ""step_attempt"": 7, ""step_elapsed_s"": 19.807096139062196, ""step_event_index"": 93, ""total_hand_translation_m"": null, ""trial_finished_elapsed_s"": null, ""trial_recording"": true, ""trial_required_tool_ids"": [7, 35, 37]}"
2026-09-04T17:30:35.321-04:00,apoorva,gesture,hover,hover,r2_fasten_first_stand,Row 2.4: fasten right stand,ready,7,94,34,BEARINGS,,,,,,,,,,,,,,,,,,,,,,,"{""acquired_tool_ids"": [], ""acquisition_complete"": false, ""completed_steps"": [""r2_bearing_right"", ""r2_bearing_left"", ""r1_gear_rod"", ""r1_bearing_right"", ""r1_bearing_left"", ""r2_gear_rod""], ""head_rotation_deg"": null, ""head_translation_m"": null, ""left_hand_translation_m"": null, ""removed_tool_ids"": [14, 15, 18, 19, 20, 21, 26, 27, 28], ""right_hand_translation_m"": null, ""selected_step"": ""r2_fasten_first_stand"", ""step_attempt"": 7, ""step_elapsed_s"": 20.996343986014836, ""step_event_index"": 94, ""total_hand_translation_m"": null, ""trial_finished_elapsed_s"": null, ""trial_recording"": true, ""trial_required_tool_ids"": [7, 35, 37]}"
2026-09-04T17:30:35.352-04:00,apoorva,gesture,tts_queued,lifecycle,r2_fasten_first_stand,Row 2.4: fasten right stand,ready,7,95,,,,21.027071,,,,,,,,,,,,,,,,bearing,,,replace_hover,,"{""acquired_tool_ids"": [], ""acquisition_complete"": false, ""completed_steps"": [""r2_bearing_right"", ""r2_bearing_left"", ""r1_gear_rod"", ""r1_bearing_right"", ""r1_bearing_left"", ""r2_gear_rod""], ""head_rotation_deg"": null, ""head_translation_m"": null, ""left_hand_translation_m"": null, ""removed_tool_ids"": [14, 15, 18, 19, 20, 21, 26, 27, 28], ""right_hand_translation_m"": null, ""selected_step"": ""r2_fasten_first_stand"", ""step_attempt"": 7, ""step_elapsed_s"": 21.027094796998426, ""step_event_index"": 95, ""total_hand_translation_m"": null, ""trial_finished_elapsed_s"": null, ""trial_recording"": true, ""trial_required_tool_ids"": [7, 35, 37]}"
2026-09-04T17:30:35.521-04:00,apoorva,gesture,tts_started,lifecycle,r2_fasten_first_stand,Row 2.4: fasten right stand,ready,7,96,,,,21.196200,,,,,,,,,,,,,,,,bearing,,,,,"{""acquired_tool_ids"": [], ""acquisition_complete"": false, ""completed_steps"": [""r2_bearing_right"", ""r2_bearing_left"", ""r1_gear_rod"", ""r1_bearing_right"", ""r1_bearing_left"", ""r2_gear_rod""], ""head_rotation_deg"": null, ""head_translation_m"": null, ""left_hand_translation_m"": null, ""removed_tool_ids"": [14, 15, 18, 19, 20, 21, 26, 27, 28], ""right_hand_translation_m"": null, ""selected_step"": ""r2_fasten_first_stand"", ""step_attempt"": 7, ""step_elapsed_s"": 21.19621415704023, ""step_event_index"": 96, ""total_hand_translation_m"": null, ""trial_finished_elapsed_s"": null, ""trial_recording"": true, ""trial_required_tool_ids"": [7, 35, 37]}"
2026-09-04T17:30:36.176-04:00,apoorva,gesture,hover,hover,r2_fasten_first_stand,Row 2.4: fasten right stand,ready,7,97,32,CRANK_HANDLE,,,,,,,,,,,,,,,,,,,,,,,"{""acquired_tool_ids"": [], ""acquisition_complete"": false, ""completed_steps"": [""r2_bearing_right"", ""r2_bearing_left"", ""r1_gear_rod"", ""r1_bearing_right"", ""r1_bearing_left"", ""r2_gear_rod""], ""head_rotation_deg"": null, ""head_translation_m"": null, ""left_hand_translation_m"": null, ""removed_tool_ids"": [14, 15, 18, 19, 20, 21, 26, 27, 28], ""right_hand_translation_m"": null, ""selected_step"": ""r2_fasten_first_stand"", ""step_attempt"": 7, ""step_elapsed_s"": 21.851529018953443, ""step_event_index"": 97, ""total_hand_translation_m"": null, ""trial_finished_elapsed_s"": null, ""trial_recording"": true, ""trial_required_tool_ids"": [7, 35, 37]}"
2026-09-04T17:30:36.261-04:00,apoorva,gesture,tts_queued,lifecycle,r2_fasten_first_stand,Row 2.4: fasten right stand,ready,7,98,,,,21.935836,,,,,,,,,,,,,,,,handle,,,replace_hover,,"{""acquired_tool_ids"": [], ""acquisition_complete"": false, ""completed_steps"": [""r2_bearing_right"", ""r2_bearing_left"", ""r1_gear_rod"", ""r1_bearing_right"", ""r1_bearing_left"", ""r2_gear_rod""], ""head_rotation_deg"": null, ""head_translation_m"": null, ""left_hand_translation_m"": null, ""removed_tool_ids"": [14, 15, 18, 19, 20, 21, 26, 27, 28], ""right_hand_translation_m"": null, ""selected_step"": ""r2_fasten_first_stand"", ""step_attempt"": 7, ""step_elapsed_s"": 21.935863238060847, ""step_event_index"": 98, ""total_hand_translation_m"": null, ""trial_finished_elapsed_s"": null, ""trial_recording"": true, ""trial_required_tool_ids"": [7, 35, 37]}"
2026-09-04T17:30:36.313-04:00,apoorva,gesture,tts_finished,lifecycle,r2_fasten_first_stand,Row 2.4: fasten right stand,ready,7,99,,,,21.987788,,,,,,,,,,,,,,,,bearing,,,,,"{""acquired_tool_ids"": [], ""acquisition_complete"": false, ""completed_steps"": [""r2_bearing_right"", ""r2_bearing_left"", ""r1_gear_rod"", ""r1_bearing_right"", ""r1_bearing_left"", ""r2_gear_rod""], ""head_rotation_deg"": null, ""head_translation_m"": null, ""left_hand_translation_m"": null, ""removed_tool_ids"": [14, 15, 18, 19, 20, 21, 26, 27, 28], ""right_hand_translation_m"": null, ""selected_step"": ""r2_fasten_first_stand"", ""step_attempt"": 7, ""step_elapsed_s"": 21.987807828001678, ""step_event_index"": 99, ""total_hand_translation_m"": null, ""trial_finished_elapsed_s"": null, ""trial_recording"": true, ""trial_required_tool_ids"": [7, 35, 37]}"
2026-09-04T17:30:36.340-04:00,apoorva,gesture,tts_started,lifecycle,r2_fasten_first_stand,Row 2.4: fasten right stand,ready,7,100,,,,22.015269,,,,,,,,,,,,,,,,handle,,,,,"{""acquired_tool_ids"": [], ""acquisition_complete"": false, ""completed_steps"": [""r2_bearing_right"", ""r2_bearing_left"", ""r1_gear_rod"", ""r1_bearing_right"", ""r1_bearing_left"", ""r2_gear_rod""], ""head_rotation_deg"": null, ""head_translation_m"": null, ""left_hand_translation_m"": null, ""removed_tool_ids"": [14, 15, 18, 19, 20, 21, 26, 27, 28], ""right_hand_translation_m"": null, ""selected_step"": ""r2_fasten_first_stand"", ""step_attempt"": 7, ""step_elapsed_s"": 22.015279261977412, ""step_event_index"": 100, ""total_hand_translation_m"": null, ""trial_finished_elapsed_s"": null, ""trial_recording"": true, ""trial_required_tool_ids"": [7, 35, 37]}"
2026-09-04T17:30:37.068-04:00,apoorva,gesture,tts_finished,lifecycle,r2_fasten_first_stand,Row 2.4: fasten right stand,ready,7,101,,,,22.742590,,,,,,,,,,,,,,,,handle,,,,,"{""acquired_tool_ids"": [], ""acquisition_complete"": false, ""completed_steps"": [""r2_bearing_right"", ""r2_bearing_left"", ""r1_gear_rod"", ""r1_bearing_right"", ""r1_bearing_left"", ""r2_gear_rod""], ""head_rotation_deg"": null, ""head_translation_m"": null, ""left_hand_translation_m"": null, ""removed_tool_ids"": [14, 15, 18, 19, 20, 21, 26, 27, 28], ""right_hand_translation_m"": null, ""selected_step"": ""r2_fasten_first_stand"", ""step_attempt"": 7, ""step_elapsed_s"": 22.74260030197911, ""step_event_index"": 101, ""total_hand_translation_m"": null, ""trial_finished_elapsed_s"": null, ""trial_recording"": true, ""trial_required_tool_ids"": [7, 35, 37]}"
2026-09-04T17:30:37.331-04:00,apoorva,gesture,hover,hover,r2_fasten_first_stand,Row 2.4: fasten right stand,ready,7,102,33,PINS,,,,,,,,,,,,,,,,,,,,,,,"{""acquired_tool_ids"": [], ""acquisition_complete"": false, ""completed_steps"": [""r2_bearing_right"", ""r2_bearing_left"", ""r1_gear_rod"", ""r1_bearing_right"", ""r1_bearing_left"", ""r2_gear_rod""], ""head_rotation_deg"": null, ""head_translation_m"": null, ""left_hand_translation_m"": null, ""removed_tool_ids"": [14, 15, 18, 19, 20, 21, 26, 27, 28], ""right_hand_translation_m"": null, ""selected_step"": ""r2_fasten_first_stand"", ""step_attempt"": 7, ""step_elapsed_s"": 23.00595645001158, ""step_event_index"": 102, ""total_hand_translation_m"": null, ""trial_finished_elapsed_s"": null, ""trial_recording"": true, ""trial_required_tool_ids"": [7, 35, 37]}"
2026-09-04T17:30:37.425-04:00,apoorva,gesture,tts_queued,lifecycle,r2_fasten_first_stand,Row 2.4: fasten right stand,ready,7,103,,,,23.100403,,,,,,,,,,,,,,,,pin,,,replace_hover,,"{""acquired_tool_ids"": [], ""acquisition_complete"": false, ""completed_steps"": [""r2_bearing_right"", ""r2_bearing_left"", ""r1_gear_rod"", ""r1_bearing_right"", ""r1_bearing_left"", ""r2_gear_rod""], ""head_rotation_deg"": null, ""head_translation_m"": null, ""left_hand_translation_m"": null, ""removed_tool_ids"": [14, 15, 18, 19, 20, 21, 26, 27, 28], ""right_hand_translation_m"": null, ""selected_step"": ""r2_fasten_first_stand"", ""step_attempt"": 7, ""step_elapsed_s"": 23.100415408960544, ""step_event_index"": 103, ""total_hand_translation_m"": null, ""trial_finished_elapsed_s"": null, ""trial_recording"": true, ""trial_required_tool_ids"": [7, 35, 37]}"
2026-09-04T17:30:37.554-04:00,apoorva,gesture,tts_started,lifecycle,r2_fasten_first_stand,Row 2.4: fasten right stand,ready,7,104,,,,23.228978,,,,,,,,,,,,,,,,pin,,,,,"{""acquired_tool_ids"": [], ""acquisition_complete"": false, ""completed_steps"": [""r2_bearing_right"", ""r2_bearing_left"", ""r1_gear_rod"", ""r1_bearing_right"", ""r1_bearing_left"", ""r2_gear_rod""], ""head_rotation_deg"": null, ""head_translation_m"": null, ""left_hand_translation_m"": null, ""removed_tool_ids"": [14, 15, 18, 19, 20, 21, 26, 27, 28], ""right_hand_translation_m"": null, ""selected_step"": ""r2_fasten_first_stand"", ""step_attempt"": 7, ""step_elapsed_s"": 23.228990152012557, ""step_event_index"": 104, ""total_hand_translation_m"": null, ""trial_finished_elapsed_s"": null, ""trial_recording"": true, ""trial_required_tool_ids"": [7, 35, 37]}"
2026-09-04T17:30:38.321-04:00,apoorva,gesture,tts_finished,lifecycle,r2_fasten_first_stand,Row 2.4: fasten right stand,ready,7,105,,,,23.995611,,,,,,,,,,,,,,,,pin,,,,,"{""acquired_tool_ids"": [], ""acquisition_complete"": false, ""completed_steps"": [""r2_bearing_right"", ""r2_bearing_left"", ""r1_gear_rod"", ""r1_bearing_right"", ""r1_bearing_left"", ""r2_gear_rod""], ""head_rotation_deg"": null, ""head_translation_m"": null, ""left_hand_translation_m"": null, ""removed_tool_ids"": [14, 15, 18, 19, 20, 21, 26, 27, 28], ""right_hand_translation_m"": null, ""selected_step"": ""r2_fasten_first_stand"", ""step_attempt"": 7, ""step_elapsed_s"": 23.995624191011302, ""step_event_index"": 105, ""total_hand_translation_m"": null, ""trial_finished_elapsed_s"": null, ""trial_recording"": true, ""trial_required_tool_ids"": [7, 35, 37]}"
2026-09-04T17:30:38.617-04:00,apoorva,gesture,hover,hover,r2_fasten_first_stand,Row 2.4: fasten right stand,ready,7,106,32,CRANK_HANDLE,,,,,,,,,,,,,,,,,,,,,,,"{""acquired_tool_ids"": [], ""acquisition_complete"": false, ""completed_steps"": [""r2_bearing_right"", ""r2_bearing_left"", ""r1_gear_rod"", ""r1_bearing_right"", ""r1_bearing_left"", ""r2_gear_rod""], ""head_rotation_deg"": null, ""head_translation_m"": null, ""left_hand_translation_m"": null, ""removed_tool_ids"": [14, 15, 18, 19, 20, 21, 26, 27, 28], ""right_hand_translation_m"": null, ""selected_step"": ""r2_fasten_first_stand"", ""step_attempt"": 7, ""step_elapsed_s"": 24.29243121005129, ""step_event_index"": 106, ""total_hand_translation_m"": null, ""trial_finished_elapsed_s"": null, ""trial_recording"": true, ""trial_required_tool_ids"": [7, 35, 37]}"
2026-09-04T17:30:38.647-04:00,apoorva,gesture,tts_queued,lifecycle,r2_fasten_first_stand,Row 2.4: fasten right stand,ready,7,107,,,,24.321731,,,,,,,,,,,,,,,,handle,,,replace_hover,,"{""acquired_tool_ids"": [], ""acquisition_complete"": false, ""completed_steps"": [""r2_bearing_right"", ""r2_bearing_left"", ""r1_gear_rod"", ""r1_bearing_right"", ""r1_bearing_left"", ""r2_gear_rod""], ""head_rotation_deg"": null, ""head_translation_m"": null, ""left_hand_translation_m"": null, ""removed_tool_ids"": [14, 15, 18, 19, 20, 21, 26, 27, 28], ""right_hand_translation_m"": null, ""selected_step"": ""r2_fasten_first_stand"", ""step_attempt"": 7, ""step_elapsed_s"": 24.321741727064364, ""step_event_index"": 107, ""total_hand_translation_m"": null, ""trial_finished_elapsed_s"": null, ""trial_recording"": true, ""trial_required_tool_ids"": [7, 35, 37]}"
2026-09-04T17:30:38.795-04:00,apoorva,gesture,hover,hover,r2_fasten_first_stand,Row 2.4: fasten right stand,ready,7,108,34,BEARINGS,,,,,,,,,,,,,,,,,,,,,,,"{""acquired_tool_ids"": [], ""acquisition_complete"": false, ""completed_steps"": [""r2_bearing_right"", ""r2_bearing_left"", ""r1_gear_rod"", ""r1_bearing_right"", ""r1_bearing_left"", ""r2_gear_rod""], ""head_rotation_deg"": null, ""head_translation_m"": null, ""left_hand_translation_m"": null, ""removed_tool_ids"": [14, 15, 18, 19, 20, 21, 26, 27, 28], ""right_hand_translation_m"": null, ""selected_step"": ""r2_fasten_first_stand"", ""step_attempt"": 7, ""step_elapsed_s"": 24.470033493009396, ""step_event_index"": 108, ""total_hand_translation_m"": null, ""trial_finished_elapsed_s"": null, ""trial_recording"": true, ""trial_required_tool_ids"": [7, 35, 37]}"
2026-09-04T17:30:38.826-04:00,apoorva,gesture,tts_queued,lifecycle,r2_fasten_first_stand,Row 2.4: fasten right stand,ready,7,109,,,,24.501152,,,,,,,,,,,,,,,,bearing,,,replace_hover,,"{""acquired_tool_ids"": [], ""acquisition_complete"": false, ""completed_steps"": [""r2_bearing_right"", ""r2_bearing_left"", ""r1_gear_rod"", ""r1_bearing_right"", ""r1_bearing_left"", ""r2_gear_rod""], ""head_rotation_deg"": null, ""head_translation_m"": null, ""left_hand_translation_m"": null, ""removed_tool_ids"": [14, 15, 18, 19, 20, 21, 26, 27, 28], ""right_hand_translation_m"": null, ""selected_step"": ""r2_fasten_first_stand"", ""step_attempt"": 7, ""step_elapsed_s"": 24.501167095033452, ""step_event_index"": 109, ""total_hand_translation_m"": null, ""trial_finished_elapsed_s"": null, ""trial_recording"": true, ""trial_required_tool_ids"": [7, 35, 37]}"
2026-09-04T17:30:38.913-04:00,apoorva,gesture,hover,hover,r2_fasten_first_stand,Row 2.4: fasten right stand,ready,7,110,35,SCREWS,,,,,,,,,,,,,,,,,,,,,,,"{""acquired_tool_ids"": [], ""acquisition_complete"": false, ""completed_steps"": [""r2_bearing_right"", ""r2_bearing_left"", ""r1_gear_rod"", ""r1_bearing_right"", ""r1_bearing_left"", ""r2_gear_rod""], ""head_rotation_deg"": null, ""head_translation_m"": null, ""left_hand_translation_m"": null, ""removed_tool_ids"": [14, 15, 18, 19, 20, 21, 26, 27, 28], ""right_hand_translation_m"": null, ""selected_step"": ""r2_fasten_first_stand"", ""step_attempt"": 7, ""step_elapsed_s"": 24.588353220024146, ""step_event_index"": 110, ""total_hand_translation_m"": null, ""trial_finished_elapsed_s"": null, ""trial_recording"": true, ""trial_required_tool_ids"": [7, 35, 37]}"
2026-09-04T17:30:39.096-04:00,apoorva,gesture,tts_queued,lifecycle,r2_fasten_first_stand,Row 2.4: fasten right stand,ready,7,111,,,,24.771447,,,,,,,,,,,,,,,,screw,,,replace_hover,,"{""acquired_tool_ids"": [], ""acquisition_complete"": false, ""completed_steps"": [""r2_bearing_right"", ""r2_bearing_left"", ""r1_gear_rod"", ""r1_bearing_right"", ""r1_bearing_left"", ""r2_gear_rod""], ""head_rotation_deg"": null, ""head_translation_m"": null, ""left_hand_translation_m"": null, ""removed_tool_ids"": [14, 15, 18, 19, 20, 21, 26, 27, 28], ""right_hand_translation_m"": null, ""selected_step"": ""r2_fasten_first_stand"", ""step_attempt"": 7, ""step_elapsed_s"": 24.77145770099014, ""step_event_index"": 111, ""total_hand_translation_m"": null, ""trial_finished_elapsed_s"": null, ""trial_recording"": true, ""trial_required_tool_ids"": [7, 35, 37]}"
2026-09-04T17:30:39.280-04:00,apoorva,gesture,tts_started,lifecycle,r2_fasten_first_stand,Row 2.4: fasten right stand,ready,7,112,,,,24.954735,,,,,,,,,,,,,,,,handle,,,,,"{""acquired_tool_ids"": [], ""acquisition_complete"": false, ""completed_steps"": [""r2_bearing_right"", ""r2_bearing_left"", ""r1_gear_rod"", ""r1_bearing_right"", ""r1_bearing_left"", ""r2_gear_rod""], ""head_rotation_deg"": null, ""head_translation_m"": null, ""left_hand_translation_m"": null, ""removed_tool_ids"": [14, 15, 18, 19, 20, 21, 26, 27, 28], ""right_hand_translation_m"": null, ""selected_step"": ""r2_fasten_first_stand"", ""step_attempt"": 7, ""step_elapsed_s"": 24.95474509696942, ""step_event_index"": 112, ""total_hand_translation_m"": null, ""trial_finished_elapsed_s"": null, ""trial_recording"": true, ""trial_required_tool_ids"": [7, 35, 37]}"
2026-09-04T17:30:39.452-04:00,apoorva,gesture,tts_finished,lifecycle,r2_fasten_first_stand,Row 2.4: fasten right stand,ready,7,113,,,,25.126717,,,,,,,,,,,,,,,,handle,,,,,"{""acquired_tool_ids"": [], ""acquisition_complete"": false, ""completed_steps"": [""r2_bearing_right"", ""r2_bearing_left"", ""r1_gear_rod"", ""r1_bearing_right"", ""r1_bearing_left"", ""r2_gear_rod""], ""head_rotation_deg"": null, ""head_translation_m"": null, ""left_hand_translation_m"": null, ""removed_tool_ids"": [14, 15, 18, 19, 20, 21, 26, 27, 28], ""right_hand_translation_m"": null, ""selected_step"": ""r2_fasten_first_stand"", ""step_attempt"": 7, ""step_elapsed_s"": 25.12672876706347, ""step_event_index"": 113, ""total_hand_translation_m"": null, ""trial_finished_elapsed_s"": null, ""trial_recording"": true, ""trial_required_tool_ids"": [7, 35, 37]}"
2026-09-04T17:30:39.643-04:00,apoorva,gesture,tts_started,lifecycle,r2_fasten_first_stand,Row 2.4: fasten right stand,ready,7,114,,,,25.317638,,,,,,,,,,,,,,,,bearing,,,,,"{""acquired_tool_ids"": [], ""acquisition_complete"": false, ""completed_steps"": [""r2_bearing_right"", ""r2_bearing_left"", ""r1_gear_rod"", ""r1_bearing_right"", ""r1_bearing_left"", ""r2_gear_rod""], ""head_rotation_deg"": null, ""head_translation_m"": null, ""left_hand_translation_m"": null, ""removed_tool_ids"": [14, 15, 18, 19, 20, 21, 26, 27, 28], ""right_hand_translation_m"": null, ""selected_step"": ""r2_fasten_first_stand"", ""step_attempt"": 7, ""step_elapsed_s"": 25.317672205972485, ""step_event_index"": 114, ""total_hand_translation_m"": null, ""trial_finished_elapsed_s"": null, ""trial_recording"": true, ""trial_required_tool_ids"": [7, 35, 37]}"
2026-09-04T17:30:39.849-04:00,apoorva,gesture,tts_finished,lifecycle,r2_fasten_first_stand,Row 2.4: fasten right stand,ready,7,115,,,,25.524215,,,,,,,,,,,,,,,,bearing,,,,,"{""acquired_tool_ids"": [], ""acquisition_complete"": false, ""completed_steps"": [""r2_bearing_right"", ""r2_bearing_left"", ""r1_gear_rod"", ""r1_bearing_right"", ""r1_bearing_left"", ""r2_gear_rod""], ""head_rotation_deg"": null, ""head_translation_m"": null, ""left_hand_translation_m"": null, ""removed_tool_ids"": [14, 15, 18, 19, 20, 21, 26, 27, 28], ""right_hand_translation_m"": null, ""selected_step"": ""r2_fasten_first_stand"", ""step_attempt"": 7, ""step_elapsed_s"": 25.52422901103273, ""step_event_index"": 115, ""total_hand_translation_m"": null, ""trial_finished_elapsed_s"": null, ""trial_recording"": true, ""trial_required_tool_ids"": [7, 35, 37]}"
2026-09-04T17:30:40.081-04:00,apoorva,gesture,tts_started,lifecycle,r2_fasten_first_stand,Row 2.4: fasten right stand,ready,7,116,,,,25.755879,,,,,,,,,,,,,,,,screw,,,,,"{""acquired_tool_ids"": [], ""acquisition_complete"": false, ""completed_steps"": [""r2_bearing_right"", ""r2_bearing_left"", ""r1_gear_rod"", ""r1_bearing_right"", ""r1_bearing_left"", ""r2_gear_rod""], ""head_rotation_deg"": null, ""head_translation_m"": null, ""left_hand_translation_m"": null, ""removed_tool_ids"": [14, 15, 18, 19, 20, 21, 26, 27, 28], ""right_hand_translation_m"": null, ""selected_step"": ""r2_fasten_first_stand"", ""step_attempt"": 7, ""step_elapsed_s"": 25.755912519060075, ""step_event_index"": 116, ""total_hand_translation_m"": null, ""trial_finished_elapsed_s"": null, ""trial_recording"": true, ""trial_required_tool_ids"": [7, 35, 37]}"
2026-09-04T17:30:40.185-04:00,apoorva,gesture,hover,hover,r2_fasten_first_stand,Row 2.4: fasten right stand,ready,7,117,35,SCREWS,,,,,,,,,,,,,,,,,,,,,,,"{""acquired_tool_ids"": [], ""acquisition_complete"": false, ""completed_steps"": [""r2_bearing_right"", ""r2_bearing_left"", ""r1_gear_rod"", ""r1_bearing_right"", ""r1_bearing_left"", ""r2_gear_rod""], ""head_rotation_deg"": null, ""head_translation_m"": null, ""left_hand_translation_m"": null, ""removed_tool_ids"": [14, 15, 18, 19, 20, 21, 26, 27, 28], ""right_hand_translation_m"": null, ""selected_step"": ""r2_fasten_first_stand"", ""step_attempt"": 7, ""step_elapsed_s"": 25.859601262025535, ""step_event_index"": 117, ""total_hand_translation_m"": null, ""trial_finished_elapsed_s"": null, ""trial_recording"": true, ""trial_required_tool_ids"": [7, 35, 37]}"
2026-09-04T17:30:40.404-04:00,apoorva,gesture,tts_queued,lifecycle,r2_fasten_first_stand,Row 2.4: fasten right stand,ready,7,118,,,,26.078934,,,,,,,,,,,,,,,,screw,,,replace_hover,,"{""acquired_tool_ids"": [], ""acquisition_complete"": false, ""completed_steps"": [""r2_bearing_right"", ""r2_bearing_left"", ""r1_gear_rod"", ""r1_bearing_right"", ""r1_bearing_left"", ""r2_gear_rod""], ""head_rotation_deg"": null, ""head_translation_m"": null, ""left_hand_translation_m"": null, ""removed_tool_ids"": [14, 15, 18, 19, 20, 21, 26, 27, 28], ""right_hand_translation_m"": null, ""selected_step"": ""r2_fasten_first_stand"", ""step_attempt"": 7, ""step_elapsed_s"": 26.078945373999886, ""step_event_index"": 118, ""total_hand_translation_m"": null, ""trial_finished_elapsed_s"": null, ""trial_recording"": true, ""trial_required_tool_ids"": [7, 35, 37]}"
2026-09-04T17:30:40.909-04:00,apoorva,gesture,part_selection,click,r2_fasten_first_stand,Row 2.4: fasten right stand,ready,7,119,35,SCREWS,26.583959,26.583959,,,,,,,,,,,,,,,1,,,,,,"{""acquired_tool_ids"": [35], ""acquisition_complete"": false, ""completed_steps"": [""r2_bearing_right"", ""r2_bearing_left"", ""r1_gear_rod"", ""r1_bearing_right"", ""r1_bearing_left"", ""r2_gear_rod""], ""head_rotation_deg"": null, ""head_translation_m"": null, ""left_hand_translation_m"": null, ""removed_tool_ids"": [14, 15, 18, 19, 20, 21, 26, 27, 28], ""right_hand_translation_m"": null, ""selected_step"": ""r2_fasten_first_stand"", ""step_attempt"": 7, ""step_elapsed_s"": 26.584004912059754, ""step_event_index"": 119, ""total_hand_translation_m"": null, ""trial_finished_elapsed_s"": null, ""trial_recording"": true, ""trial_required_tool_ids"": [7, 35, 37]}"
2026-09-04T17:30:41.032-04:00,apoorva,gesture,object_acquired,click,r2_fasten_first_stand,Row 2.4: fasten right stand,ready,7,120,35,SCREWS,26.583959,26.583959,,,,,,,,,,,,,,,1,,,,,,"{""acquired_tool_ids"": [35], ""acquisition_complete"": false, ""completed_steps"": [""r2_bearing_right"", ""r2_bearing_left"", ""r1_gear_rod"", ""r1_bearing_right"", ""r1_bearing_left"", ""r2_gear_rod""], ""head_rotation_deg"": null, ""head_translation_m"": null, ""left_hand_translation_m"": null, ""removed_tool_ids"": [14, 15, 18, 19, 20, 21, 26, 27, 28], ""right_hand_translation_m"": null, ""selected_step"": ""r2_fasten_first_stand"", ""step_attempt"": 7, ""step_elapsed_s"": 26.70711635099724, ""step_event_index"": 120, ""total_hand_translation_m"": null, ""trial_finished_elapsed_s"": null, ""trial_recording"": true, ""trial_required_tool_ids"": [7, 35, 37]}"
2026-09-04T17:30:41.132-04:00,apoorva,gesture,tts_queued,lifecycle,r2_fasten_first_stand,Row 2.4: fasten right stand,ready,7,121,,,,26.806835,,,,,,,,,,,,,,,,2 parts left.,,,replace,,"{""acquired_tool_ids"": [35], ""acquisition_complete"": false, ""completed_steps"": [""r2_bearing_right"", ""r2_bearing_left"", ""r1_gear_rod"", ""r1_bearing_right"", ""r1_bearing_left"", ""r2_gear_rod""], ""head_rotation_deg"": null, ""head_translation_m"": null, ""left_hand_translation_m"": null, ""removed_tool_ids"": [14, 15, 18, 19, 20, 21, 26, 27, 28], ""right_hand_translation_m"": null, ""selected_step"": ""r2_fasten_first_stand"", ""step_attempt"": 7, ""step_elapsed_s"": 26.806846046005376, ""step_event_index"": 121, ""total_hand_translation_m"": null, ""trial_finished_elapsed_s"": null, ""trial_recording"": true, ""trial_required_tool_ids"": [7, 35, 37]}"
2026-09-04T17:30:41.432-04:00,apoorva,gesture,tts_finished,lifecycle,r2_fasten_first_stand,Row 2.4: fasten right stand,ready,7,122,,,,27.106747,,,,,,,,,,,,,,,,screw,,,,,"{""acquired_tool_ids"": [35], ""acquisition_complete"": false, ""completed_steps"": [""r2_bearing_right"", ""r2_bearing_left"", ""r1_gear_rod"", ""r1_bearing_right"", ""r1_bearing_left"", ""r2_gear_rod""], ""head_rotation_deg"": null, ""head_translation_m"": null, ""left_hand_translation_m"": null, ""removed_tool_ids"": [14, 15, 18, 19, 20, 21, 26, 27, 28], ""right_hand_translation_m"": null, ""selected_step"": ""r2_fasten_first_stand"", ""step_attempt"": 7, ""step_elapsed_s"": 27.10675863805227, ""step_event_index"": 122, ""total_hand_translation_m"": null, ""trial_finished_elapsed_s"": null, ""trial_recording"": true, ""trial_required_tool_ids"": [7, 35, 37]}"
2026-09-04T17:30:41.548-04:00,apoorva,gesture,tts_started,lifecycle,r2_fasten_first_stand,Row 2.4: fasten right stand,ready,7,123,,,,27.223231,,,,,,,,,,,,,,,,screw,,,,,"{""acquired_tool_ids"": [35], ""acquisition_complete"": false, ""completed_steps"": [""r2_bearing_right"", ""r2_bearing_left"", ""r1_gear_rod"", ""r1_bearing_right"", ""r1_bearing_left"", ""r2_gear_rod""], ""head_rotation_deg"": null, ""head_translation_m"": null, ""left_hand_translation_m"": null, ""removed_tool_ids"": [14, 15, 18, 19, 20, 21, 26, 27, 28], ""right_hand_translation_m"": null, ""selected_step"": ""r2_fasten_first_stand"", ""step_attempt"": 7, ""step_elapsed_s"": 27.223242626991123, ""step_event_index"": 123, ""total_hand_translation_m"": null, ""trial_finished_elapsed_s"": null, ""trial_recording"": true, ""trial_required_tool_ids"": [7, 35, 37]}"
2026-09-04T17:30:41.645-04:00,apoorva,gesture,tts_finished,lifecycle,r2_fasten_first_stand,Row 2.4: fasten right stand,ready,7,124,,,,27.319549,,,,,,,,,,,,,,,,screw,,,,,"{""acquired_tool_ids"": [35], ""acquisition_complete"": false, ""completed_steps"": [""r2_bearing_right"", ""r2_bearing_left"", ""r1_gear_rod"", ""r1_bearing_right"", ""r1_bearing_left"", ""r2_gear_rod""], ""head_rotation_deg"": null, ""head_translation_m"": null, ""left_hand_translation_m"": null, ""removed_tool_ids"": [14, 15, 18, 19, 20, 21, 26, 27, 28], ""right_hand_translation_m"": null, ""selected_step"": ""r2_fasten_first_stand"", ""step_attempt"": 7, ""step_elapsed_s"": 27.319582725991495, ""step_event_index"": 124, ""total_hand_translation_m"": null, ""trial_finished_elapsed_s"": null, ""trial_recording"": true, ""trial_required_tool_ids"": [7, 35, 37]}"
2026-09-04T17:30:41.818-04:00,apoorva,gesture,tts_started,lifecycle,r2_fasten_first_stand,Row 2.4: fasten right stand,ready,7,125,,,,27.493516,,,,,,,,,,,,,,,,2 parts left.,,,,,"{""acquired_tool_ids"": [35], ""acquisition_complete"": false, ""completed_steps"": [""r2_bearing_right"", ""r2_bearing_left"", ""r1_gear_rod"", ""r1_bearing_right"", ""r1_bearing_left"", ""r2_gear_rod""], ""head_rotation_deg"": null, ""head_translation_m"": null, ""left_hand_translation_m"": null, ""removed_tool_ids"": [14, 15, 18, 19, 20, 21, 26, 27, 28], ""right_hand_translation_m"": null, ""selected_step"": ""r2_fasten_first_stand"", ""step_attempt"": 7, ""step_elapsed_s"": 27.493529206025414, ""step_event_index"": 125, ""total_hand_translation_m"": null, ""trial_finished_elapsed_s"": null, ""trial_recording"": true, ""trial_required_tool_ids"": [7, 35, 37]}"
2026-09-04T17:30:41.940-04:00,apoorva,gesture,hover,hover,r2_fasten_first_stand,Row 2.4: fasten right stand,ready,7,126,29,GEAR_ROW3_LEFT,,,,,,,,,,,,,,,,,,,,,,,"{""acquired_tool_ids"": [35], ""acquisition_complete"": false, ""completed_steps"": [""r2_bearing_right"", ""r2_bearing_left"", ""r1_gear_rod"", ""r1_bearing_right"", ""r1_bearing_left"", ""r2_gear_rod""], ""head_rotation_deg"": null, ""head_translation_m"": null, ""left_hand_translation_m"": null, ""removed_tool_ids"": [14, 15, 18, 19, 20, 21, 26, 27, 28], ""right_hand_translation_m"": null, ""selected_step"": ""r2_fasten_first_stand"", ""step_attempt"": 7, ""step_elapsed_s"": 27.615368620026857, ""step_event_index"": 126, ""total_hand_translation_m"": null, ""trial_finished_elapsed_s"": null, ""trial_recording"": true, ""trial_required_tool_ids"": [7, 35, 37]}"
2026-09-04T17:30:42.026-04:00,apoorva,gesture,tts_queued,lifecycle,r2_fasten_first_stand,Row 2.4: fasten right stand,ready,7,127,,,,27.701470,,,,,,,,,,,,,,,,Row 3 left gear,,,replace_hover,,"{""acquired_tool_ids"": [35], ""acquisition_complete"": false, ""completed_steps"": [""r2_bearing_right"", ""r2_bearing_left"", ""r1_gear_rod"", ""r1_bearing_right"", ""r1_bearing_left"", ""r2_gear_rod""], ""head_rotation_deg"": null, ""head_translation_m"": null, ""left_hand_translation_m"": null, ""removed_tool_ids"": [14, 15, 18, 19, 20, 21, 26, 27, 28], ""right_hand_translation_m"": null, ""selected_step"": ""r2_fasten_first_stand"", ""step_attempt"": 7, ""step_elapsed_s"": 27.701482678065076, ""step_event_index"": 127, ""total_hand_translation_m"": null, ""trial_finished_elapsed_s"": null, ""trial_recording"": true, ""trial_required_tool_ids"": [7, 35, 37]}"
2026-09-04T17:30:42.194-04:00,apoorva,gesture,tts_finished,lifecycle,r2_fasten_first_stand,Row 2.4: fasten right stand,ready,7,128,,,,27.868631,,,,,,,,,,,,,,,,2 parts left.,,,,,"{""acquired_tool_ids"": [35], ""acquisition_complete"": false, ""completed_steps"": [""r2_bearing_right"", ""r2_bearing_left"", ""r1_gear_rod"", ""r1_bearing_right"", ""r1_bearing_left"", ""r2_gear_rod""], ""head_rotation_deg"": null, ""head_translation_m"": null, ""left_hand_translation_m"": null, ""removed_tool_ids"": [14, 15, 18, 19, 20, 21, 26, 27, 28], ""right_hand_translation_m"": null, ""selected_step"": ""r2_fasten_first_stand"", ""step_attempt"": 7, ""step_elapsed_s"": 27.868642952060327, ""step_event_index"": 128, ""total_hand_translation_m"": null, ""trial_finished_elapsed_s"": null, ""trial_recording"": true, ""trial_required_tool_ids"": [7, 35, 37]}"
2026-09-04T17:30:42.227-04:00,apoorva,gesture,tts_started,lifecycle,r2_fasten_first_stand,Row 2.4: fasten right stand,ready,7,129,,,,27.902286,,,,,,,,,,,,,,,,Row 3 left gear,,,,,"{""acquired_tool_ids"": [35], ""acquisition_complete"": false, ""completed_steps"": [""r2_bearing_right"", ""r2_bearing_left"", ""r1_gear_rod"", ""r1_bearing_right"", ""r1_bearing_left"", ""r2_gear_rod""], ""head_rotation_deg"": null, ""head_translation_m"": null, ""left_hand_translation_m"": null, ""removed_tool_ids"": [14, 15, 18, 19, 20, 21, 26, 27, 28], ""right_hand_translation_m"": null, ""selected_step"": ""r2_fasten_first_stand"", ""step_attempt"": 7, ""step_elapsed_s"": 27.902298997039907, ""step_event_index"": 129, ""total_hand_translation_m"": null, ""trial_finished_elapsed_s"": null, ""trial_recording"": true, ""trial_required_tool_ids"": [7, 35, 37]}"
2026-09-04T17:30:42.327-04:00,apoorva,gesture,hover,hover,r2_fasten_first_stand,Row 2.4: fasten right stand,ready,7,130,23,GEAR_STAND_ROW3_RIGHT,,,,,,,,,,,,,,,,,,,,,,,"{""acquired_tool_ids"": [35], ""acquisition_complete"": false, ""completed_steps"": [""r2_bearing_right"", ""r2_bearing_left"", ""r1_gear_rod"", ""r1_bearing_right"", ""r1_bearing_left"", ""r2_gear_rod""], ""head_rotation_deg"": null, ""head_translation_m"": null, ""left_hand_translation_m"": null, ""removed_tool_ids"": [14, 15, 18, 19, 20, 21, 26, 27, 28], ""right_hand_translation_m"": null, ""selected_step"": ""r2_fasten_first_stand"", ""step_attempt"": 7, ""step_elapsed_s"": 28.00239038700238, ""step_event_index"": 130, ""total_hand_translation_m"": null, ""trial_finished_elapsed_s"": null, ""trial_recording"": true, ""trial_required_tool_ids"": [7, 35, 37]}"
2026-09-04T17:30:42.355-04:00,apoorva,gesture,tts_queued,lifecycle,r2_fasten_first_stand,Row 2.4: fasten right stand,ready,7,131,,,,28.029792,,,,,,,,,,,,,,,,Row 3 right stand,,,replace_hover,,"{""acquired_tool_ids"": [35], ""acquisition_complete"": false, ""completed_steps"": [""r2_bearing_right"", ""r2_bearing_left"", ""r1_gear_rod"", ""r1_bearing_right"", ""r1_bearing_left"", ""r2_gear_rod""], ""head_rotation_deg"": null, ""head_translation_m"": null, ""left_hand_translation_m"": null, ""removed_tool_ids"": [14, 15, 18, 19, 20, 21, 26, 27, 28], ""right_hand_translation_m"": null, ""selected_step"": ""r2_fasten_first_stand"", ""step_attempt"": 7, ""step_elapsed_s"": 28.029805926023982, ""step_event_index"": 131, ""total_hand_translation_m"": null, ""trial_finished_elapsed_s"": null, ""trial_recording"": true, ""trial_required_tool_ids"": [7, 35, 37]}"
2026-09-04T17:30:42.420-04:00,apoorva,gesture,hover,hover,r2_fasten_first_stand,Row 2.4: fasten right stand,ready,7,132,22,GEAR_STAND_ROW3_LEFT,,,,,,,,,,,,,,,,,,,,,,,"{""acquired_tool_ids"": [35], ""acquisition_complete"": false, ""completed_steps"": [""r2_bearing_right"", ""r2_bearing_left"", ""r1_gear_rod"", ""r1_bearing_right"", ""r1_bearing_left"", ""r2_gear_rod""], ""head_rotation_deg"": null, ""head_translation_m"": null, ""left_hand_translation_m"": null, ""removed_tool_ids"": [14, 15, 18, 19, 20, 21, 26, 27, 28], ""right_hand_translation_m"": null, ""selected_step"": ""r2_fasten_first_stand"", ""step_attempt"": 7, ""step_elapsed_s"": 28.095494615961798, ""step_event_index"": 132, ""total_hand_translation_m"": null, ""trial_finished_elapsed_s"": null, ""trial_recording"": true, ""trial_required_tool_ids"": [7, 35, 37]}"
2026-09-04T17:30:42.514-04:00,apoorva,gesture,tts_queued,lifecycle,r2_fasten_first_stand,Row 2.4: fasten right stand,ready,7,133,,,,28.189083,,,,,,,,,,,,,,,,Row 3 left stand,,,replace_hover,,"{""acquired_tool_ids"": [35], ""acquisition_complete"": false, ""completed_steps"": [""r2_bearing_right"", ""r2_bearing_left"", ""r1_gear_rod"", ""r1_bearing_right"", ""r1_bearing_left"", ""r2_gear_rod""], ""head_rotation_deg"": null, ""head_translation_m"": null, ""left_hand_translation_m"": null, ""removed_tool_ids"": [14, 15, 18, 19, 20, 21, 26, 27, 28], ""right_hand_translation_m"": null, ""selected_step"": ""r2_fasten_first_stand"", ""step_attempt"": 7, ""step_elapsed_s"": 28.189096549060196, ""step_event_index"": 133, ""total_hand_translation_m"": null, ""trial_finished_elapsed_s"": null, ""trial_recording"": true, ""trial_required_tool_ids"": [7, 35, 37]}"
2026-09-04T17:30:42.573-04:00,apoorva,gesture,tts_finished,lifecycle,r2_fasten_first_stand,Row 2.4: fasten right stand,ready,7,134,,,,28.248140,,,,,,,,,,,,,,,,Row 3 left gear,,,,,"{""acquired_tool_ids"": [35], ""acquisition_complete"": false, ""completed_steps"": [""r2_bearing_right"", ""r2_bearing_left"", ""r1_gear_rod"", ""r1_bearing_right"", ""r1_bearing_left"", ""r2_gear_rod""], ""head_rotation_deg"": null, ""head_translation_m"": null, ""left_hand_translation_m"": null, ""removed_tool_ids"": [14, 15, 18, 19, 20, 21, 26, 27, 28], ""right_hand_translation_m"": null, ""selected_step"": ""r2_fasten_first_stand"", ""step_attempt"": 7, ""step_elapsed_s"": 28.248151808977127, ""step_event_index"": 134, ""total_hand_translation_m"": null, ""trial_finished_elapsed_s"": null, ""trial_recording"": true, ""trial_required_tool_ids"": [7, 35, 37]}"
2026-09-04T17:30:42.604-04:00,apoorva,gesture,tts_started,lifecycle,r2_fasten_first_stand,Row 2.4: fasten right stand,ready,7,135,,,,28.278747,,,,,,,,,,,,,,,,Row 3 right stand,,,,,"{""acquired_tool_ids"": [35], ""acquisition_complete"": false, ""completed_steps"": [""r2_bearing_right"", ""r2_bearing_left"", ""r1_gear_rod"", ""r1_bearing_right"", ""r1_bearing_left"", ""r2_gear_rod""], ""head_rotation_deg"": null, ""head_translation_m"": null, ""left_hand_translation_m"": null, ""removed_tool_ids"": [14, 15, 18, 19, 20, 21, 26, 27, 28], ""right_hand_translation_m"": null, ""selected_step"": ""r2_fasten_first_stand"", ""step_attempt"": 7, ""step_elapsed_s"": 28.278759371023625, ""step_event_index"": 135, ""total_hand_translation_m"": null, ""trial_finished_elapsed_s"": null, ""trial_recording"": true, ""trial_required_tool_ids"": [7, 35, 37]}"
2026-09-04T17:30:42.693-04:00,apoorva,gesture,tts_finished,lifecycle,r2_fasten_first_stand,Row 2.4: fasten right stand,ready,7,136,,,,28.367558,,,,,,,,,,,,,,,,Row 3 right stand,,,,,"{""acquired_tool_ids"": [35], ""acquisition_complete"": false, ""completed_steps"": [""r2_bearing_right"", ""r2_bearing_left"", ""r1_gear_rod"", ""r1_bearing_right"", ""r1_bearing_left"", ""r2_gear_rod""], ""head_rotation_deg"": null, ""head_translation_m"": null, ""left_hand_translation_m"": null, ""removed_tool_ids"": [14, 15, 18, 19, 20, 21, 26, 27, 28], ""right_hand_translation_m"": null, ""selected_step"": ""r2_fasten_first_stand"", ""step_attempt"": 7, ""step_elapsed_s"": 28.367569596972317, ""step_event_index"": 136, ""total_hand_translation_m"": null, ""trial_finished_elapsed_s"": null, ""trial_recording"": true, ""trial_required_tool_ids"": [7, 35, 37]}"
2026-09-04T17:30:42.757-04:00,apoorva,gesture,tts_started,lifecycle,r2_fasten_first_stand,Row 2.4: fasten right stand,ready,7,137,,,,28.432377,,,,,,,,,,,,,,,,Row 3 left stand,,,,,"{""acquired_tool_ids"": [35], ""acquisition_complete"": false, ""completed_steps"": [""r2_bearing_right"", ""r2_bearing_left"", ""r1_gear_rod"", ""r1_bearing_right"", ""r1_bearing_left"", ""r2_gear_rod""], ""head_rotation_deg"": null, ""head_translation_m"": null, ""left_hand_translation_m"": null, ""removed_tool_ids"": [14, 15, 18, 19, 20, 21, 26, 27, 28], ""right_hand_translation_m"": null, ""selected_step"": ""r2_fasten_first_stand"", ""step_attempt"": 7, ""step_elapsed_s"": 28.4323892230168, ""step_event_index"": 137, ""total_hand_translation_m"": null, ""trial_finished_elapsed_s"": null, ""trial_recording"": true, ""trial_required_tool_ids"": [7, 35, 37]}"
2026-09-04T17:30:42.856-04:00,apoorva,gesture,hover,hover,r2_fasten_first_stand,Row 2.4: fasten right stand,ready,7,138,10,PHILIPS_SCREWDRIVER,,,,,,,,,,,,,,,,,,,,,,,"{""acquired_tool_ids"": [35], ""acquisition_complete"": false, ""completed_steps"": [""r2_bearing_right"", ""r2_bearing_left"", ""r1_gear_rod"", ""r1_bearing_right"", ""r1_bearing_left"", ""r2_gear_rod""], ""head_rotation_deg"": null, ""head_translation_m"": null, ""left_hand_translation_m"": null, ""removed_tool_ids"": [14, 15, 18, 19, 20, 21, 26, 27, 28], ""right_hand_translation_m"": null, ""selected_step"": ""r2_fasten_first_stand"", ""step_attempt"": 7, ""step_elapsed_s"": 28.53100988396909, ""step_event_index"": 138, ""total_hand_translation_m"": null, ""trial_finished_elapsed_s"": null, ""trial_recording"": true, ""trial_required_tool_ids"": [7, 35, 37]}"
2026-09-04T17:30:42.971-04:00,apoorva,gesture,tts_queued,lifecycle,r2_fasten_first_stand,Row 2.4: fasten right stand,ready,7,139,,,,28.646367,,,,,,,,,,,,,,,,phillips screwdriver,,,replace_hover,,"{""acquired_tool_ids"": [35], ""acquisition_complete"": false, ""completed_steps"": [""r2_bearing_right"", ""r2_bearing_left"", ""r1_gear_rod"", ""r1_bearing_right"", ""r1_bearing_left"", ""r2_gear_rod""], ""head_rotation_deg"": null, ""head_translation_m"": null, ""left_hand_translation_m"": null, ""removed_tool_ids"": [14, 15, 18, 19, 20, 21, 26, 27, 28], ""right_hand_translation_m"": null, ""selected_step"": ""r2_fasten_first_stand"", ""step_attempt"": 7, ""step_elapsed_s"": 28.646378634963185, ""step_event_index"": 139, ""total_hand_translation_m"": null, ""trial_finished_elapsed_s"": null, ""trial_recording"": true, ""trial_required_tool_ids"": [7, 35, 37]}"
2026-09-04T17:30:43.295-04:00,apoorva,gesture,hover,hover,r2_fasten_first_stand,Row 2.4: fasten right stand,ready,7,140,7,BIT_SCREWDRIVER,,,,,,,,,,,,,,,,,,,,,,,"{""acquired_tool_ids"": [35], ""acquisition_complete"": false, ""completed_steps"": [""r2_bearing_right"", ""r2_bearing_left"", ""r1_gear_rod"", ""r1_bearing_right"", ""r1_bearing_left"", ""r2_gear_rod""], ""head_rotation_deg"": null, ""head_translation_m"": null, ""left_hand_translation_m"": null, ""removed_tool_ids"": [14, 15, 18, 19, 20, 21, 26, 27, 28], ""right_hand_translation_m"": null, ""selected_step"": ""r2_fasten_first_stand"", ""step_attempt"": 7, ""step_elapsed_s"": 28.969783821026795, ""step_event_index"": 140, ""total_hand_translation_m"": null, ""trial_finished_elapsed_s"": null, ""trial_recording"": true, ""trial_required_tool_ids"": [7, 35, 37]}"
2026-09-04T17:30:43.488-04:00,apoorva,gesture,tts_queued,lifecycle,r2_fasten_first_stand,Row 2.4: fasten right stand,ready,7,141,,,,29.163164,,,,,,,,,,,,,,,,interchangeable-bit screwdriver,,,replace_hover,,"{""acquired_tool_ids"": [35], ""acquisition_complete"": false, ""completed_steps"": [""r2_bearing_right"", ""r2_bearing_left"", ""r1_gear_rod"", ""r1_bearing_right"", ""r1_bearing_left"", ""r2_gear_rod""], ""head_rotation_deg"": null, ""head_translation_m"": null, ""left_hand_translation_m"": null, ""removed_tool_ids"": [14, 15, 18, 19, 20, 21, 26, 27, 28], ""right_hand_translation_m"": null, ""selected_step"": ""r2_fasten_first_stand"", ""step_attempt"": 7, ""step_elapsed_s"": 29.163208371959627, ""step_event_index"": 141, ""total_hand_translation_m"": null, ""trial_finished_elapsed_s"": null, ""trial_recording"": true, ""trial_required_tool_ids"": [7, 35, 37]}"
2026-09-04T17:30:43.644-04:00,apoorva,gesture,hover,hover,r2_fasten_first_stand,Row 2.4: fasten right stand,ready,7,142,10,PHILIPS_SCREWDRIVER,,,,,,,,,,,,,,,,,,,,,,,"{""acquired_tool_ids"": [35], ""acquisition_complete"": false, ""completed_steps"": [""r2_bearing_right"", ""r2_bearing_left"", ""r1_gear_rod"", ""r1_bearing_right"", ""r1_bearing_left"", ""r2_gear_rod""], ""head_rotation_deg"": null, ""head_translation_m"": null, ""left_hand_translation_m"": null, ""removed_tool_ids"": [14, 15, 18, 19, 20, 21, 26, 27, 28], ""right_hand_translation_m"": null, ""selected_step"": ""r2_fasten_first_stand"", ""step_attempt"": 7, ""step_elapsed_s"": 29.31865181797184, ""step_event_index"": 142, ""total_hand_translation_m"": null, ""trial_finished_elapsed_s"": null, ""trial_recording"": true, ""trial_required_tool_ids"": [7, 35, 37]}"
2026-09-04T17:30:43.843-04:00,apoorva,gesture,tts_queued,lifecycle,r2_fasten_first_stand,Row 2.4: fasten right stand,ready,7,143,,,,29.518244,,,,,,,,,,,,,,,,phillips screwdriver,,,replace_hover,,"{""acquired_tool_ids"": [35], ""acquisition_complete"": false, ""completed_steps"": [""r2_bearing_right"", ""r2_bearing_left"", ""r1_gear_rod"", ""r1_bearing_right"", ""r1_bearing_left"", ""r2_gear_rod""], ""head_rotation_deg"": null, ""head_translation_m"": null, ""left_hand_translation_m"": null, ""removed_tool_ids"": [14, 15, 18, 19, 20, 21, 26, 27, 28], ""right_hand_translation_m"": null, ""selected_step"": ""r2_fasten_first_stand"", ""step_attempt"": 7, ""step_elapsed_s"": 29.518255154020153, ""step_event_index"": 143, ""total_hand_translation_m"": null, ""trial_finished_elapsed_s"": null, ""trial_recording"": true, ""trial_required_tool_ids"": [7, 35, 37]}"
2026-09-04T17:30:44.282-04:00,apoorva,gesture,hover,hover,r2_fasten_first_stand,Row 2.4: fasten right stand,ready,7,144,11,FLATHEAD_SCREWDRIVER,,,,,,,,,,,,,,,,,,,,,,,"{""acquired_tool_ids"": [35], ""acquisition_complete"": false, ""completed_steps"": [""r2_bearing_right"", ""r2_bearing_left"", ""r1_gear_rod"", ""r1_bearing_right"", ""r1_bearing_left"", ""r2_gear_rod""], ""head_rotation_deg"": null, ""head_translation_m"": null, ""left_hand_translation_m"": null, ""removed_tool_ids"": [14, 15, 18, 19, 20, 21, 26, 27, 28], ""right_hand_translation_m"": null, ""selected_step"": ""r2_fasten_first_stand"", ""step_attempt"": 7, ""step_elapsed_s"": 29.956980961025693, ""step_event_index"": 144, ""total_hand_translation_m"": null, ""trial_finished_elapsed_s"": null, ""trial_recording"": true, ""trial_required_tool_ids"": [7, 35, 37]}"
2026-09-04T17:30:44.310-04:00,apoorva,gesture,tts_queued,lifecycle,r2_fasten_first_stand,Row 2.4: fasten right stand,ready,7,145,,,,29.985043,,,,,,,,,,,,,,,,part,,,replace_hover,,"{""acquired_tool_ids"": [35], ""acquisition_complete"": false, ""completed_steps"": [""r2_bearing_right"", ""r2_bearing_left"", ""r1_gear_rod"", ""r1_bearing_right"", ""r1_bearing_left"", ""r2_gear_rod""], ""head_rotation_deg"": null, ""head_translation_m"": null, ""left_hand_translation_m"": null, ""removed_tool_ids"": [14, 15, 18, 19, 20, 21, 26, 27, 28], ""right_hand_translation_m"": null, ""selected_step"": ""r2_fasten_first_stand"", ""step_attempt"": 7, ""step_elapsed_s"": 29.985056621953845, ""step_event_index"": 145, ""total_hand_translation_m"": null, ""trial_finished_elapsed_s"": null, ""trial_recording"": true, ""trial_required_tool_ids"": [7, 35, 37]}"
2026-09-04T17:30:44.466-04:00,apoorva,gesture,hover,hover,r2_fasten_first_stand,Row 2.4: fasten right stand,ready,7,146,10,PHILIPS_SCREWDRIVER,,,,,,,,,,,,,,,,,,,,,,,"{""acquired_tool_ids"": [35], ""acquisition_complete"": false, ""completed_steps"": [""r2_bearing_right"", ""r2_bearing_left"", ""r1_gear_rod"", ""r1_bearing_right"", ""r1_bearing_left"", ""r2_gear_rod""], ""head_rotation_deg"": null, ""head_translation_m"": null, ""left_hand_translation_m"": null, ""removed_tool_ids"": [14, 15, 18, 19, 20, 21, 26, 27, 28], ""right_hand_translation_m"": null, ""selected_step"": ""r2_fasten_first_stand"", ""step_attempt"": 7, ""step_elapsed_s"": 30.141124702058733, ""step_event_index"": 146, ""total_hand_translation_m"": null, ""trial_finished_elapsed_s"": null, ""trial_recording"": true, ""trial_required_tool_ids"": [7, 35, 37]}"
2026-09-04T17:30:44.717-04:00,apoorva,gesture,tts_queued,lifecycle,r2_fasten_first_stand,Row 2.4: fasten right stand,ready,7,147,,,,30.391935,,,,,,,,,,,,,,,,phillips screwdriver,,,replace_hover,,"{""acquired_tool_ids"": [35], ""acquisition_complete"": false, ""completed_steps"": [""r2_bearing_right"", ""r2_bearing_left"", ""r1_gear_rod"", ""r1_bearing_right"", ""r1_bearing_left"", ""r2_gear_rod""], ""head_rotation_deg"": null, ""head_translation_m"": null, ""left_hand_translation_m"": null, ""removed_tool_ids"": [14, 15, 18, 19, 20, 21, 26, 27, 28], ""right_hand_translation_m"": null, ""selected_step"": ""r2_fasten_first_stand"", ""step_attempt"": 7, ""step_elapsed_s"": 30.391948295990005, ""step_event_index"": 147, ""total_hand_translation_m"": null, ""trial_finished_elapsed_s"": null, ""trial_recording"": true, ""trial_required_tool_ids"": [7, 35, 37]}"
2026-09-04T17:30:44.881-04:00,apoorva,gesture,tts_finished,lifecycle,r2_fasten_first_stand,Row 2.4: fasten right stand,ready,7,148,,,,30.555892,,,,,,,,,,,,,,,,Row 3 left stand,,,,,"{""acquired_tool_ids"": [35], ""acquisition_complete"": false, ""completed_steps"": [""r2_bearing_right"", ""r2_bearing_left"", ""r1_gear_rod"", ""r1_bearing_right"", ""r1_bearing_left"", ""r2_gear_rod""], ""head_rotation_deg"": null, ""head_translation_m"": null, ""left_hand_translation_m"": null, ""removed_tool_ids"": [14, 15, 18, 19, 20, 21, 26, 27, 28], ""right_hand_translation_m"": null, ""selected_step"": ""r2_fasten_first_stand"", ""step_attempt"": 7, ""step_elapsed_s"": 30.555905070970766, ""step_event_index"": 148, ""total_hand_translation_m"": null, ""trial_finished_elapsed_s"": null, ""trial_recording"": true, ""trial_required_tool_ids"": [7, 35, 37]}"
2026-09-04T17:30:44.997-04:00,apoorva,gesture,tts_started,lifecycle,r2_fasten_first_stand,Row 2.4: fasten right stand,ready,7,149,,,,30.672514,,,,,,,,,,,,,,,,phillips screwdriver,,,,,"{""acquired_tool_ids"": [35], ""acquisition_complete"": false, ""completed_steps"": [""r2_bearing_right"", ""r2_bearing_left"", ""r1_gear_rod"", ""r1_bearing_right"", ""r1_bearing_left"", ""r2_gear_rod""], ""head_rotation_deg"": null, ""head_translation_m"": null, ""left_hand_translation_m"": null, ""removed_tool_ids"": [14, 15, 18, 19, 20, 21, 26, 27, 28], ""right_hand_translation_m"": null, ""selected_step"": ""r2_fasten_first_stand"", ""step_attempt"": 7, ""step_elapsed_s"": 30.672526790993288, ""step_event_index"": 149, ""total_hand_translation_m"": null, ""trial_finished_elapsed_s"": null, ""trial_recording"": true, ""trial_required_tool_ids"": [7, 35, 37]}"
2026-09-04T17:30:45.219-04:00,apoorva,gesture,tts_finished,lifecycle,r2_fasten_first_stand,Row 2.4: fasten right stand,ready,7,150,,,,30.893841,,,,,,,,,,,,,,,,phillips screwdriver,,,,,"{""acquired_tool_ids"": [35], ""acquisition_complete"": false, ""completed_steps"": [""r2_bearing_right"", ""r2_bearing_left"", ""r1_gear_rod"", ""r1_bearing_right"", ""r1_bearing_left"", ""r2_gear_rod""], ""head_rotation_deg"": null, ""head_translation_m"": null, ""left_hand_translation_m"": null, ""removed_tool_ids"": [14, 15, 18, 19, 20, 21, 26, 27, 28], ""right_hand_translation_m"": null, ""selected_step"": ""r2_fasten_first_stand"", ""step_attempt"": 7, ""step_elapsed_s"": 30.89385516301263, ""step_event_index"": 150, ""total_hand_translation_m"": null, ""trial_finished_elapsed_s"": null, ""trial_recording"": true, ""trial_required_tool_ids"": [7, 35, 37]}"
2026-09-04T17:30:45.361-04:00,apoorva,gesture,tts_started,lifecycle,r2_fasten_first_stand,Row 2.4: fasten right stand,ready,7,151,,,,31.035675,,,,,,,,,,,,,,,,interchangeable-bit screwdriver,,,,,"{""acquired_tool_ids"": [35], ""acquisition_complete"": false, ""completed_steps"": [""r2_bearing_right"", ""r2_bearing_left"", ""r1_gear_rod"", ""r1_bearing_right"", ""r1_bearing_left"", ""r2_gear_rod""], ""head_rotation_deg"": null, ""head_translation_m"": null, ""left_hand_translation_m"": null, ""removed_tool_ids"": [14, 15, 18, 19, 20, 21, 26, 27, 28], ""right_hand_translation_m"": null, ""selected_step"": ""r2_fasten_first_stand"", ""step_attempt"": 7, ""step_elapsed_s"": 31.035686361021362, ""step_event_index"": 151, ""total_hand_translation_m"": null, ""trial_finished_elapsed_s"": null, ""trial_recording"": true, ""trial_required_tool_ids"": [7, 35, 37]}"
2026-09-04T17:30:45.413-04:00,apoorva,gesture,tts_finished,lifecycle,r2_fasten_first_stand,Row 2.4: fasten right stand,ready,7,152,,,,31.088036,,,,,,,,,,,,,,,,interchangeable-bit screwdriver,,,,,"{""acquired_tool_ids"": [35], ""acquisition_complete"": false, ""completed_steps"": [""r2_bearing_right"", ""r2_bearing_left"", ""r1_gear_rod"", ""r1_bearing_right"", ""r1_bearing_left"", ""r2_gear_rod""], ""head_rotation_deg"": null, ""head_translation_m"": null, ""left_hand_translation_m"": null, ""removed_tool_ids"": [14, 15, 18, 19, 20, 21, 26, 27, 28], ""right_hand_translation_m"": null, ""selected_step"": ""r2_fasten_first_stand"", ""step_attempt"": 7, ""step_elapsed_s"": 31.08804781897925, ""step_event_index"": 152, ""total_hand_translation_m"": null, ""trial_finished_elapsed_s"": null, ""trial_recording"": true, ""trial_required_tool_ids"": [7, 35, 37]}"
2026-09-04T17:30:45.464-04:00,apoorva,gesture,tts_started,lifecycle,r2_fasten_first_stand,Row 2.4: fasten right stand,ready,7,153,,,,31.139214,,,,,,,,,,,,,,,,phillips screwdriver,,,,,"{""acquired_tool_ids"": [35], ""acquisition_complete"": false, ""completed_steps"": [""r2_bearing_right"", ""r2_bearing_left"", ""r1_gear_rod"", ""r1_bearing_right"", ""r1_bearing_left"", ""r2_gear_rod""], ""head_rotation_deg"": null, ""head_translation_m"": null, ""left_hand_translation_m"": null, ""removed_tool_ids"": [14, 15, 18, 19, 20, 21, 26, 27, 28], ""right_hand_translation_m"": null, ""selected_step"": ""r2_fasten_first_stand"", ""step_attempt"": 7, ""step_elapsed_s"": 31.139228163985536, ""step_event_index"": 153, ""total_hand_translation_m"": null, ""trial_finished_elapsed_s"": null, ""trial_recording"": true, ""trial_required_tool_ids"": [7, 35, 37]}"
2026-09-04T17:30:45.522-04:00,apoorva,gesture,tts_finished,lifecycle,r2_fasten_first_stand,Row 2.4: fasten right stand,ready,7,154,,,,31.196956,,,,,,,,,,,,,,,,phillips screwdriver,,,,,"{""acquired_tool_ids"": [35], ""acquisition_complete"": false, ""completed_steps"": [""r2_bearing_right"", ""r2_bearing_left"", ""r1_gear_rod"", ""r1_bearing_right"", ""r1_bearing_left"", ""r2_gear_rod""], ""head_rotation_deg"": null, ""head_translation_m"": null, ""left_hand_translation_m"": null, ""removed_tool_ids"": [14, 15, 18, 19, 20, 21, 26, 27, 28], ""right_hand_translation_m"": null, ""selected_step"": ""r2_fasten_first_stand"", ""step_attempt"": 7, ""step_elapsed_s"": 31.19697501405608, ""step_event_index"": 154, ""total_hand_translation_m"": null, ""trial_finished_elapsed_s"": null, ""trial_recording"": true, ""trial_required_tool_ids"": [7, 35, 37]}"
2026-09-04T17:30:45.628-04:00,apoorva,gesture,tts_started,lifecycle,r2_fasten_first_stand,Row 2.4: fasten right stand,ready,7,155,,,,31.302772,,,,,,,,,,,,,,,,part,,,,,"{""acquired_tool_ids"": [35], ""acquisition_complete"": false, ""completed_steps"": [""r2_bearing_right"", ""r2_bearing_left"", ""r1_gear_rod"", ""r1_bearing_right"", ""r1_bearing_left"", ""r2_gear_rod""], ""head_rotation_deg"": null, ""head_translation_m"": null, ""left_hand_translation_m"": null, ""removed_tool_ids"": [14, 15, 18, 19, 20, 21, 26, 27, 28], ""right_hand_translation_m"": null, ""selected_step"": ""r2_fasten_first_stand"", ""step_attempt"": 7, ""step_elapsed_s"": 31.302805030019954, ""step_event_index"": 155, ""total_hand_translation_m"": null, ""trial_finished_elapsed_s"": null, ""trial_recording"": true, ""trial_required_tool_ids"": [7, 35, 37]}"
2026-09-04T17:30:46.057-04:00,apoorva,gesture,tts_finished,lifecycle,r2_fasten_first_stand,Row 2.4: fasten right stand,ready,7,156,,,,31.732359,,,,,,,,,,,,,,,,part,,,,,"{""acquired_tool_ids"": [35], ""acquisition_complete"": false, ""completed_steps"": [""r2_bearing_right"", ""r2_bearing_left"", ""r1_gear_rod"", ""r1_bearing_right"", ""r1_bearing_left"", ""r2_gear_rod""], ""head_rotation_deg"": null, ""head_translation_m"": null, ""left_hand_translation_m"": null, ""removed_tool_ids"": [14, 15, 18, 19, 20, 21, 26, 27, 28], ""right_hand_translation_m"": null, ""selected_step"": ""r2_fasten_first_stand"", ""step_attempt"": 7, ""step_elapsed_s"": 31.73237273900304, ""step_event_index"": 156, ""total_hand_translation_m"": null, ""trial_finished_elapsed_s"": null, ""trial_recording"": true, ""trial_required_tool_ids"": [7, 35, 37]}"
2026-09-04T17:30:46.148-04:00,apoorva,gesture,tts_started,lifecycle,r2_fasten_first_stand,Row 2.4: fasten right stand,ready,7,157,,,,31.823196,,,,,,,,,,,,,,,,phillips screwdriver,,,,,"{""acquired_tool_ids"": [35], ""acquisition_complete"": false, ""completed_steps"": [""r2_bearing_right"", ""r2_bearing_left"", ""r1_gear_rod"", ""r1_bearing_right"", ""r1_bearing_left"", ""r2_gear_rod""], ""head_rotation_deg"": null, ""head_translation_m"": null, ""left_hand_translation_m"": null, ""removed_tool_ids"": [14, 15, 18, 19, 20, 21, 26, 27, 28], ""right_hand_translation_m"": null, ""selected_step"": ""r2_fasten_first_stand"", ""step_attempt"": 7, ""step_elapsed_s"": 31.823207071982324, ""step_event_index"": 157, ""total_hand_translation_m"": null, ""trial_finished_elapsed_s"": null, ""trial_recording"": true, ""trial_required_tool_ids"": [7, 35, 37]}"
2026-09-04T17:30:46.196-04:00,apoorva,gesture,hover,hover,r2_fasten_first_stand,Row 2.4: fasten right stand,ready,7,158,7,BIT_SCREWDRIVER,,,,,,,,,,,,,,,,,,,,,,,"{""acquired_tool_ids"": [35], ""acquisition_complete"": false, ""completed_steps"": [""r2_bearing_right"", ""r2_bearing_left"", ""r1_gear_rod"", ""r1_bearing_right"", ""r1_bearing_left"", ""r2_gear_rod""], ""head_rotation_deg"": null, ""head_translation_m"": null, ""left_hand_translation_m"": null, ""removed_tool_ids"": [14, 15, 18, 19, 20, 21, 26, 27, 28], ""right_hand_translation_m"": null, ""selected_step"": ""r2_fasten_first_stand"", ""step_attempt"": 7, ""step_elapsed_s"": 31.871174008003436, ""step_event_index"": 158, ""total_hand_translation_m"": null, ""trial_finished_elapsed_s"": null, ""trial_recording"": true, ""trial_required_tool_ids"": [7, 35, 37]}"
2026-09-04T17:30:46.224-04:00,apoorva,gesture,tts_queued,lifecycle,r2_fasten_first_stand,Row 2.4: fasten right stand,ready,7,159,,,,31.898866,,,,,,,,,,,,,,,,interchangeable-bit screwdriver,,,replace_hover,,"{""acquired_tool_ids"": [35], ""acquisition_complete"": false, ""completed_steps"": [""r2_bearing_right"", ""r2_bearing_left"", ""r1_gear_rod"", ""r1_bearing_right"", ""r1_bearing_left"", ""r2_gear_rod""], ""head_rotation_deg"": null, ""head_translation_m"": null, ""left_hand_translation_m"": null, ""removed_tool_ids"": [14, 15, 18, 19, 20, 21, 26, 27, 28], ""right_hand_translation_m"": null, ""selected_step"": ""r2_fasten_first_stand"", ""step_attempt"": 7, ""step_elapsed_s"": 31.89888954604976, ""step_event_index"": 159, ""total_hand_translation_m"": null, ""trial_finished_elapsed_s"": null, ""trial_recording"": true, ""trial_required_tool_ids"": [7, 35, 37]}"
2026-09-04T17:30:46.445-04:00,apoorva,gesture,tts_finished,lifecycle,r2_fasten_first_stand,Row 2.4: fasten right stand,ready,7,160,,,,32.119648,,,,,,,,,,,,,,,,phillips screwdriver,,,,,"{""acquired_tool_ids"": [35], ""acquisition_complete"": false, ""completed_steps"": [""r2_bearing_right"", ""r2_bearing_left"", ""r1_gear_rod"", ""r1_bearing_right"", ""r1_bearing_left"", ""r2_gear_rod""], ""head_rotation_deg"": null, ""head_translation_m"": null, ""left_hand_translation_m"": null, ""removed_tool_ids"": [14, 15, 18, 19, 20, 21, 26, 27, 28], ""right_hand_translation_m"": null, ""selected_step"": ""r2_fasten_first_stand"", ""step_attempt"": 7, ""step_elapsed_s"": 32.11966087098699, ""step_event_index"": 160, ""total_hand_translation_m"": null, ""trial_finished_elapsed_s"": null, ""trial_recording"": true, ""trial_required_tool_ids"": [7, 35, 37]}"
2026-09-04T17:30:46.727-04:00,apoorva,gesture,tts_started,lifecycle,r2_fasten_first_stand,Row 2.4: fasten right stand,ready,7,161,,,,32.402408,,,,,,,,,,,,,,,,interchangeable-bit screwdriver,,,,,"{""acquired_tool_ids"": [35], ""acquisition_complete"": false, ""completed_steps"": [""r2_bearing_right"", ""r2_bearing_left"", ""r1_gear_rod"", ""r1_bearing_right"", ""r1_bearing_left"", ""r2_gear_rod""], ""head_rotation_deg"": null, ""head_translation_m"": null, ""left_hand_translation_m"": null, ""removed_tool_ids"": [14, 15, 18, 19, 20, 21, 26, 27, 28], ""right_hand_translation_m"": null, ""selected_step"": ""r2_fasten_first_stand"", ""step_attempt"": 7, ""step_elapsed_s"": 32.402419961988926, ""step_event_index"": 161, ""total_hand_translation_m"": null, ""trial_finished_elapsed_s"": null, ""trial_recording"": true, ""trial_required_tool_ids"": [7, 35, 37]}"
2026-09-04T17:30:47.284-04:00,apoorva,gesture,hover,hover,r2_fasten_first_stand,Row 2.4: fasten right stand,ready,7,162,7,BIT_SCREWDRIVER,,,,,,,,,,,,,,,,,,,,,,,"{""acquired_tool_ids"": [35], ""acquisition_complete"": false, ""completed_steps"": [""r2_bearing_right"", ""r2_bearing_left"", ""r1_gear_rod"", ""r1_bearing_right"", ""r1_bearing_left"", ""r2_gear_rod""], ""head_rotation_deg"": null, ""head_translation_m"": null, ""left_hand_translation_m"": null, ""removed_tool_ids"": [14, 15, 18, 19, 20, 21, 26, 27, 28], ""right_hand_translation_m"": null, ""selected_step"": ""r2_fasten_first_stand"", ""step_attempt"": 7, ""step_elapsed_s"": 32.959460256039165, ""step_event_index"": 162, ""total_hand_translation_m"": null, ""trial_finished_elapsed_s"": null, ""trial_recording"": true, ""trial_required_tool_ids"": [7, 35, 37]}"
2026-09-04T17:30:47.430-04:00,apoorva,gesture,tts_queued,lifecycle,r2_fasten_first_stand,Row 2.4: fasten right stand,ready,7,163,,,,33.105353,,,,,,,,,,,,,,,,interchangeable-bit screwdriver,,,replace_hover,,"{""acquired_tool_ids"": [35], ""acquisition_complete"": false, ""completed_steps"": [""r2_bearing_right"", ""r2_bearing_left"", ""r1_gear_rod"", ""r1_bearing_right"", ""r1_bearing_left"", ""r2_gear_rod""], ""head_rotation_deg"": null, ""head_translation_m"": null, ""left_hand_translation_m"": null, ""removed_tool_ids"": [14, 15, 18, 19, 20, 21, 26, 27, 28], ""right_hand_translation_m"": null, ""selected_step"": ""r2_fasten_first_stand"", ""step_attempt"": 7, ""step_elapsed_s"": 33.10536557598971, ""step_event_index"": 163, ""total_hand_translation_m"": null, ""trial_finished_elapsed_s"": null, ""trial_recording"": true, ""trial_required_tool_ids"": [7, 35, 37]}"
2026-09-04T17:30:47.601-04:00,apoorva,gesture,tts_finished,lifecycle,r2_fasten_first_stand,Row 2.4: fasten right stand,ready,7,164,,,,33.275894,,,,,,,,,,,,,,,,interchangeable-bit screwdriver,,,,,"{""acquired_tool_ids"": [35], ""acquisition_complete"": false, ""completed_steps"": [""r2_bearing_right"", ""r2_bearing_left"", ""r1_gear_rod"", ""r1_bearing_right"", ""r1_bearing_left"", ""r2_gear_rod""], ""head_rotation_deg"": null, ""head_translation_m"": null, ""left_hand_translation_m"": null, ""removed_tool_ids"": [14, 15, 18, 19, 20, 21, 26, 27, 28], ""right_hand_translation_m"": null, ""selected_step"": ""r2_fasten_first_stand"", ""step_attempt"": 7, ""step_elapsed_s"": 33.2759045449784, ""step_event_index"": 164, ""total_hand_translation_m"": null, ""trial_finished_elapsed_s"": null, ""trial_recording"": true, ""trial_required_tool_ids"": [7, 35, 37]}"
2026-09-04T17:30:47.637-04:00,apoorva,gesture,tts_started,lifecycle,r2_fasten_first_stand,Row 2.4: fasten right stand,ready,7,165,,,,33.311654,,,,,,,,,,,,,,,,interchangeable-bit screwdriver,,,,,"{""acquired_tool_ids"": [35], ""acquisition_complete"": false, ""completed_steps"": [""r2_bearing_right"", ""r2_bearing_left"", ""r1_gear_rod"", ""r1_bearing_right"", ""r1_bearing_left"", ""r2_gear_rod""], ""head_rotation_deg"": null, ""head_translation_m"": null, ""left_hand_translation_m"": null, ""removed_tool_ids"": [14, 15, 18, 19, 20, 21, 26, 27, 28], ""right_hand_translation_m"": null, ""selected_step"": ""r2_fasten_first_stand"", ""step_attempt"": 7, ""step_elapsed_s"": 33.31166809599381, ""step_event_index"": 165, ""total_hand_translation_m"": null, ""trial_finished_elapsed_s"": null, ""trial_recording"": true, ""trial_required_tool_ids"": [7, 35, 37]}"
2026-09-04T17:30:49.656-04:00,apoorva,gesture,tts_finished,lifecycle,r2_fasten_first_stand,Row 2.4: fasten right stand,ready,7,166,,,,35.331285,,,,,,,,,,,,,,,,interchangeable-bit screwdriver,,,,,"{""acquired_tool_ids"": [35], ""acquisition_complete"": false, ""completed_steps"": [""r2_bearing_right"", ""r2_bearing_left"", ""r1_gear_rod"", ""r1_bearing_right"", ""r1_bearing_left"", ""r2_gear_rod""], ""head_rotation_deg"": null, ""head_translation_m"": null, ""left_hand_translation_m"": null, ""removed_tool_ids"": [14, 15, 18, 19, 20, 21, 26, 27, 28], ""right_hand_translation_m"": null, ""selected_step"": ""r2_fasten_first_stand"", ""step_attempt"": 7, ""step_elapsed_s"": 35.33129846898373, ""step_event_index"": 166, ""total_hand_translation_m"": null, ""trial_finished_elapsed_s"": null, ""trial_recording"": true, ""trial_required_tool_ids"": [7, 35, 37]}"
2026-09-04T17:30:49.754-04:00,apoorva,gesture,part_selection,click,r2_fasten_first_stand,Row 2.4: fasten right stand,ready,7,167,7,BIT_SCREWDRIVER,8.844739,35.428698,,,,,,,,,,,,,,,1,,,,,,"{""acquired_tool_ids"": [7, 35], ""acquisition_complete"": false, ""completed_steps"": [""r2_bearing_right"", ""r2_bearing_left"", ""r1_gear_rod"", ""r1_bearing_right"", ""r1_bearing_left"", ""r2_gear_rod""], ""head_rotation_deg"": null, ""head_translation_m"": null, ""left_hand_translation_m"": null, ""removed_tool_ids"": [14, 15, 18, 19, 20, 21, 26, 27, 28], ""right_hand_translation_m"": null, ""selected_step"": ""r2_fasten_first_stand"", ""step_attempt"": 7, ""step_elapsed_s"": 35.42875635204837, ""step_event_index"": 167, ""total_hand_translation_m"": null, ""trial_finished_elapsed_s"": null, ""trial_recording"": true, ""trial_required_tool_ids"": [7, 35, 37]}"
2026-09-04T17:30:49.810-04:00,apoorva,gesture,object_acquired,click,r2_fasten_first_stand,Row 2.4: fasten right stand,ready,7,168,7,BIT_SCREWDRIVER,8.844739,35.428698,,,,,,,,,,,,,,,1,,,,,,"{""acquired_tool_ids"": [7, 35], ""acquisition_complete"": false, ""completed_steps"": [""r2_bearing_right"", ""r2_bearing_left"", ""r1_gear_rod"", ""r1_bearing_right"", ""r1_bearing_left"", ""r2_gear_rod""], ""head_rotation_deg"": null, ""head_translation_m"": null, ""left_hand_translation_m"": null, ""removed_tool_ids"": [14, 15, 18, 19, 20, 21, 26, 27, 28], ""right_hand_translation_m"": null, ""selected_step"": ""r2_fasten_first_stand"", ""step_attempt"": 7, ""step_elapsed_s"": 35.48541928001214, ""step_event_index"": 168, ""total_hand_translation_m"": null, ""trial_finished_elapsed_s"": null, ""trial_recording"": true, ""trial_required_tool_ids"": [7, 35, 37]}"
2026-09-04T17:30:49.859-04:00,apoorva,gesture,tts_queued,lifecycle,r2_fasten_first_stand,Row 2.4: fasten right stand,ready,7,169,,,,35.533890,,,,,,,,,,,,,,,,1 part left.,,,replace,,"{""acquired_tool_ids"": [7, 35], ""acquisition_complete"": false, ""completed_steps"": [""r2_bearing_right"", ""r2_bearing_left"", ""r1_gear_rod"", ""r1_bearing_right"", ""r1_bearing_left"", ""r2_gear_rod""], ""head_rotation_deg"": null, ""head_translation_m"": null, ""left_hand_translation_m"": null, ""removed_tool_ids"": [14, 15, 18, 19, 20, 21, 26, 27, 28], ""right_hand_translation_m"": null, ""selected_step"": ""r2_fasten_first_stand"", ""step_attempt"": 7, ""step_elapsed_s"": 35.53390070295427, ""step_event_index"": 169, ""total_hand_translation_m"": null, ""trial_finished_elapsed_s"": null, ""trial_recording"": true, ""trial_required_tool_ids"": [7, 35, 37]}"
2026-09-04T17:30:49.895-04:00,apoorva,gesture,tts_started,lifecycle,r2_fasten_first_stand,Row 2.4: fasten right stand,ready,7,170,,,,35.570069,,,,,,,,,,,,,,,,1 part left.,,,,,"{""acquired_tool_ids"": [7, 35], ""acquisition_complete"": false, ""completed_steps"": [""r2_bearing_right"", ""r2_bearing_left"", ""r1_gear_rod"", ""r1_bearing_right"", ""r1_bearing_left"", ""r2_gear_rod""], ""head_rotation_deg"": null, ""head_translation_m"": null, ""left_hand_translation_m"": null, ""removed_tool_ids"": [14, 15, 18, 19, 20, 21, 26, 27, 28], ""right_hand_translation_m"": null, ""selected_step"": ""r2_fasten_first_stand"", ""step_attempt"": 7, ""step_elapsed_s"": 35.5700840880163, ""step_event_index"": 170, ""total_hand_translation_m"": null, ""trial_finished_elapsed_s"": null, ""trial_recording"": true, ""trial_required_tool_ids"": [7, 35, 37]}"
2026-09-04T17:30:50.607-04:00,apoorva,gesture,hover,hover,r2_fasten_first_stand,Row 2.4: fasten right stand,ready,7,171,10,PHILIPS_SCREWDRIVER,,,,,,,,,,,,,,,,,,,,,,,"{""acquired_tool_ids"": [7, 35], ""acquisition_complete"": false, ""completed_steps"": [""r2_bearing_right"", ""r2_bearing_left"", ""r1_gear_rod"", ""r1_bearing_right"", ""r1_bearing_left"", ""r2_gear_rod""], ""head_rotation_deg"": null, ""head_translation_m"": null, ""left_hand_translation_m"": null, ""removed_tool_ids"": [14, 15, 18, 19, 20, 21, 26, 27, 28], ""right_hand_translation_m"": null, ""selected_step"": ""r2_fasten_first_stand"", ""step_attempt"": 7, ""step_elapsed_s"": 36.282466560951434, ""step_event_index"": 171, ""total_hand_translation_m"": null, ""trial_finished_elapsed_s"": null, ""trial_recording"": true, ""trial_required_tool_ids"": [7, 35, 37]}"
2026-09-04T17:30:50.691-04:00,apoorva,gesture,tts_queued,lifecycle,r2_fasten_first_stand,Row 2.4: fasten right stand,ready,7,172,,,,36.366199,,,,,,,,,,,,,,,,phillips screwdriver,,,replace_hover,,"{""acquired_tool_ids"": [7, 35], ""acquisition_complete"": false, ""completed_steps"": [""r2_bearing_right"", ""r2_bearing_left"", ""r1_gear_rod"", ""r1_bearing_right"", ""r1_bearing_left"", ""r2_gear_rod""], ""head_rotation_deg"": null, ""head_translation_m"": null, ""left_hand_translation_m"": null, ""removed_tool_ids"": [14, 15, 18, 19, 20, 21, 26, 27, 28], ""right_hand_translation_m"": null, ""selected_step"": ""r2_fasten_first_stand"", ""step_attempt"": 7, ""step_elapsed_s"": 36.36621186498087, ""step_event_index"": 172, ""total_hand_translation_m"": null, ""trial_finished_elapsed_s"": null, ""trial_recording"": true, ""trial_required_tool_ids"": [7, 35, 37]}"
2026-09-04T17:30:50.727-04:00,apoorva,gesture,tts_finished,lifecycle,r2_fasten_first_stand,Row 2.4: fasten right stand,ready,7,173,,,,36.402134,,,,,,,,,,,,,,,,1 part left.,,,,,"{""acquired_tool_ids"": [7, 35], ""acquisition_complete"": false, ""completed_steps"": [""r2_bearing_right"", ""r2_bearing_left"", ""r1_gear_rod"", ""r1_bearing_right"", ""r1_bearing_left"", ""r2_gear_rod""], ""head_rotation_deg"": null, ""head_translation_m"": null, ""left_hand_translation_m"": null, ""removed_tool_ids"": [14, 15, 18, 19, 20, 21, 26, 27, 28], ""right_hand_translation_m"": null, ""selected_step"": ""r2_fasten_first_stand"", ""step_attempt"": 7, ""step_elapsed_s"": 36.402149272034876, ""step_event_index"": 173, ""total_hand_translation_m"": null, ""trial_finished_elapsed_s"": null, ""trial_recording"": true, ""trial_required_tool_ids"": [7, 35, 37]}"
2026-09-04T17:30:50.771-04:00,apoorva,gesture,tts_started,lifecycle,r2_fasten_first_stand,Row 2.4: fasten right stand,ready,7,174,,,,36.446175,,,,,,,,,,,,,,,,phillips screwdriver,,,,,"{""acquired_tool_ids"": [7, 35], ""acquisition_complete"": false, ""completed_steps"": [""r2_bearing_right"", ""r2_bearing_left"", ""r1_gear_rod"", ""r1_bearing_right"", ""r1_bearing_left"", ""r2_gear_rod""], ""head_rotation_deg"": null, ""head_translation_m"": null, ""left_hand_translation_m"": null, ""removed_tool_ids"": [14, 15, 18, 19, 20, 21, 26, 27, 28], ""right_hand_translation_m"": null, ""selected_step"": ""r2_fasten_first_stand"", ""step_attempt"": 7, ""step_elapsed_s"": 36.446186874993145, ""step_event_index"": 174, ""total_hand_translation_m"": null, ""trial_finished_elapsed_s"": null, ""trial_recording"": true, ""trial_required_tool_ids"": [7, 35, 37]}"
2026-09-04T17:30:50.934-04:00,apoorva,gesture,hover,hover,r2_fasten_first_stand,Row 2.4: fasten right stand,ready,7,175,11,FLATHEAD_SCREWDRIVER,,,,,,,,,,,,,,,,,,,,,,,"{""acquired_tool_ids"": [7, 35], ""acquisition_complete"": false, ""completed_steps"": [""r2_bearing_right"", ""r2_bearing_left"", ""r1_gear_rod"", ""r1_bearing_right"", ""r1_bearing_left"", ""r2_gear_rod""], ""head_rotation_deg"": null, ""head_translation_m"": null, ""left_hand_translation_m"": null, ""removed_tool_ids"": [14, 15, 18, 19, 20, 21, 26, 27, 28], ""right_hand_translation_m"": null, ""selected_step"": ""r2_fasten_first_stand"", ""step_attempt"": 7, ""step_elapsed_s"": 36.60952177003492, ""step_event_index"": 175, ""total_hand_translation_m"": null, ""trial_finished_elapsed_s"": null, ""trial_recording"": true, ""trial_required_tool_ids"": [7, 35, 37]}"
2026-09-04T17:30:51.026-04:00,apoorva,gesture,tts_queued,lifecycle,r2_fasten_first_stand,Row 2.4: fasten right stand,ready,7,176,,,,36.701373,,,,,,,,,,,,,,,,part,,,replace_hover,,"{""acquired_tool_ids"": [7, 35], ""acquisition_complete"": false, ""completed_steps"": [""r2_bearing_right"", ""r2_bearing_left"", ""r1_gear_rod"", ""r1_bearing_right"", ""r1_bearing_left"", ""r2_gear_rod""], ""head_rotation_deg"": null, ""head_translation_m"": null, ""left_hand_translation_m"": null, ""removed_tool_ids"": [14, 15, 18, 19, 20, 21, 26, 27, 28], ""right_hand_translation_m"": null, ""selected_step"": ""r2_fasten_first_stand"", ""step_attempt"": 7, ""step_elapsed_s"": 36.701389114023186, ""step_event_index"": 176, ""total_hand_translation_m"": null, ""trial_finished_elapsed_s"": null, ""trial_recording"": true, ""trial_required_tool_ids"": [7, 35, 37]}"
2026-09-04T17:30:51.135-04:00,apoorva,gesture,hover,hover,r2_fasten_first_stand,Row 2.4: fasten right stand,ready,7,177,13,MAGNET_POLE_CHECKER,,,,,,,,,,,,,,,,,,,,,,,"{""acquired_tool_ids"": [7, 35], ""acquisition_complete"": false, ""completed_steps"": [""r2_bearing_right"", ""r2_bearing_left"", ""r1_gear_rod"", ""r1_bearing_right"", ""r1_bearing_left"", ""r2_gear_rod""], ""head_rotation_deg"": null, ""head_translation_m"": null, ""left_hand_translation_m"": null, ""removed_tool_ids"": [14, 15, 18, 19, 20, 21, 26, 27, 28], ""right_hand_translation_m"": null, ""selected_step"": ""r2_fasten_first_stand"", ""step_attempt"": 7, ""step_elapsed_s"": 36.80984869401436, ""step_event_index"": 177, ""total_hand_translation_m"": null, ""trial_finished_elapsed_s"": null, ""trial_recording"": true, ""trial_required_tool_ids"": [7, 35, 37]}"
2026-09-04T17:30:51.236-04:00,apoorva,gesture,tts_queued,lifecycle,r2_fasten_first_stand,Row 2.4: fasten right stand,ready,7,178,,,,36.911144,,,,,,,,,,,,,,,,part,,,replace_hover,,"{""acquired_tool_ids"": [7, 35], ""acquisition_complete"": false, ""completed_steps"": [""r2_bearing_right"", ""r2_bearing_left"", ""r1_gear_rod"", ""r1_bearing_right"", ""r1_bearing_left"", ""r2_gear_rod""], ""head_rotation_deg"": null, ""head_translation_m"": null, ""left_hand_translation_m"": null, ""removed_tool_ids"": [14, 15, 18, 19, 20, 21, 26, 27, 28], ""right_hand_translation_m"": null, ""selected_step"": ""r2_fasten_first_stand"", ""step_attempt"": 7, ""step_elapsed_s"": 36.91115835495293, ""step_event_index"": 178, ""total_hand_translation_m"": null, ""trial_finished_elapsed_s"": null, ""trial_recording"": true, ""trial_required_tool_ids"": [7, 35, 37]}"
2026-09-04T17:30:51.450-04:00,apoorva,gesture,hover,hover,r2_fasten_first_stand,Row 2.4: fasten right stand,ready,7,179,37,BITHOLDER2,,,,,,,,,,,,,,,,,,,,,,,"{""acquired_tool_ids"": [7, 35], ""acquisition_complete"": false, ""completed_steps"": [""r2_bearing_right"", ""r2_bearing_left"", ""r1_gear_rod"", ""r1_bearing_right"", ""r1_bearing_left"", ""r2_gear_rod""], ""head_rotation_deg"": null, ""head_translation_m"": null, ""left_hand_translation_m"": null, ""removed_tool_ids"": [14, 15, 18, 19, 20, 21, 26, 27, 28], ""right_hand_translation_m"": null, ""selected_step"": ""r2_fasten_first_stand"", ""step_attempt"": 7, ""step_elapsed_s"": 37.124737175996415, ""step_event_index"": 179, ""total_hand_translation_m"": null, ""trial_finished_elapsed_s"": null, ""trial_recording"": true, ""trial_required_tool_ids"": [7, 35, 37]}"
2026-09-04T17:30:51.561-04:00,apoorva,gesture,tts_queued,lifecycle,r2_fasten_first_stand,Row 2.4: fasten right stand,ready,7,180,,,,37.235682,,,,,,,,,,,,,,,,bit holder2,,,replace_hover,,"{""acquired_tool_ids"": [7, 35], ""acquisition_complete"": false, ""completed_steps"": [""r2_bearing_right"", ""r2_bearing_left"", ""r1_gear_rod"", ""r1_bearing_right"", ""r1_bearing_left"", ""r2_gear_rod""], ""head_rotation_deg"": null, ""head_translation_m"": null, ""left_hand_translation_m"": null, ""removed_tool_ids"": [14, 15, 18, 19, 20, 21, 26, 27, 28], ""right_hand_translation_m"": null, ""selected_step"": ""r2_fasten_first_stand"", ""step_attempt"": 7, ""step_elapsed_s"": 37.23569257801864, ""step_event_index"": 180, ""total_hand_translation_m"": null, ""trial_finished_elapsed_s"": null, ""trial_recording"": true, ""trial_required_tool_ids"": [7, 35, 37]}"
2026-09-04T17:30:51.651-04:00,apoorva,gesture,tts_finished,lifecycle,r2_fasten_first_stand,Row 2.4: fasten right stand,ready,7,181,,,,37.326145,,,,,,,,,,,,,,,,phillips screwdriver,,,,,"{""acquired_tool_ids"": [7, 35], ""acquisition_complete"": false, ""completed_steps"": [""r2_bearing_right"", ""r2_bearing_left"", ""r1_gear_rod"", ""r1_bearing_right"", ""r1_bearing_left"", ""r2_gear_rod""], ""head_rotation_deg"": null, ""head_translation_m"": null, ""left_hand_translation_m"": null, ""removed_tool_ids"": [14, 15, 18, 19, 20, 21, 26, 27, 28], ""right_hand_translation_m"": null, ""selected_step"": ""r2_fasten_first_stand"", ""step_attempt"": 7, ""step_elapsed_s"": 37.32615733402781, ""step_event_index"": 181, ""total_hand_translation_m"": null, ""trial_finished_elapsed_s"": null, ""trial_recording"": true, ""trial_required_tool_ids"": [7, 35, 37]}"
2026-09-04T17:30:51.762-04:00,apoorva,gesture,tts_started,lifecycle,r2_fasten_first_stand,Row 2.4: fasten right stand,ready,7,182,,,,37.436614,,,,,,,,,,,,,,,,part,,,,,"{""acquired_tool_ids"": [7, 35], ""acquisition_complete"": false, ""completed_steps"": [""r2_bearing_right"", ""r2_bearing_left"", ""r1_gear_rod"", ""r1_bearing_right"", ""r1_bearing_left"", ""r2_gear_rod""], ""head_rotation_deg"": null, ""head_translation_m"": null, ""left_hand_translation_m"": null, ""removed_tool_ids"": [14, 15, 18, 19, 20, 21, 26, 27, 28], ""right_hand_translation_m"": null, ""selected_step"": ""r2_fasten_first_stand"", ""step_attempt"": 7, ""step_elapsed_s"": 37.436626208014786, ""step_event_index"": 182, ""total_hand_translation_m"": null, ""trial_finished_elapsed_s"": null, ""trial_recording"": true, ""trial_required_tool_ids"": [7, 35, 37]}"
2026-09-04T17:30:51.849-04:00,apoorva,gesture,tts_finished,lifecycle,r2_fasten_first_stand,Row 2.4: fasten right stand,ready,7,183,,,,37.523721,,,,,,,,,,,,,,,,part,,,,,"{""acquired_tool_ids"": [7, 35], ""acquisition_complete"": false, ""completed_steps"": [""r2_bearing_right"", ""r2_bearing_left"", ""r1_gear_rod"", ""r1_bearing_right"", ""r1_bearing_left"", ""r2_gear_rod""], ""head_rotation_deg"": null, ""head_translation_m"": null, ""left_hand_translation_m"": null, ""removed_tool_ids"": [14, 15, 18, 19, 20, 21, 26, 27, 28], ""right_hand_translation_m"": null, ""selected_step"": ""r2_fasten_first_stand"", ""step_attempt"": 7, ""step_elapsed_s"": 37.52373496803921, ""step_event_index"": 183, ""total_hand_translation_m"": null, ""trial_finished_elapsed_s"": null, ""trial_recording"": true, ""trial_required_tool_ids"": [7, 35, 37]}"
2026-09-04T17:30:51.883-04:00,apoorva,gesture,tts_started,lifecycle,r2_fasten_first_stand,Row 2.4: fasten right stand,ready,7,184,,,,37.558470,,,,,,,,,,,,,,,,part,,,,,"{""acquired_tool_ids"": [7, 35], ""acquisition_complete"": false, ""completed_steps"": [""r2_bearing_right"", ""r2_bearing_left"", ""r1_gear_rod"", ""r1_bearing_right"", ""r1_bearing_left"", ""r2_gear_rod""], ""head_rotation_deg"": null, ""head_translation_m"": null, ""left_hand_translation_m"": null, ""removed_tool_ids"": [14, 15, 18, 19, 20, 21, 26, 27, 28], ""right_hand_translation_m"": null, ""selected_step"": ""r2_fasten_first_stand"", ""step_attempt"": 7, ""step_elapsed_s"": 37.558482493972406, ""step_event_index"": 184, ""total_hand_translation_m"": null, ""trial_finished_elapsed_s"": null, ""trial_recording"": true, ""trial_required_tool_ids"": [7, 35, 37]}"
2026-09-04T17:30:51.958-04:00,apoorva,gesture,tts_finished,lifecycle,r2_fasten_first_stand,Row 2.4: fasten right stand,ready,7,185,,,,37.633231,,,,,,,,,,,,,,,,part,,,,,"{""acquired_tool_ids"": [7, 35], ""acquisition_complete"": false, ""completed_steps"": [""r2_bearing_right"", ""r2_bearing_left"", ""r1_gear_rod"", ""r1_bearing_right"", ""r1_bearing_left"", ""r2_gear_rod""], ""head_rotation_deg"": null, ""head_translation_m"": null, ""left_hand_translation_m"": null, ""removed_tool_ids"": [14, 15, 18, 19, 20, 21, 26, 27, 28], ""right_hand_translation_m"": null, ""selected_step"": ""r2_fasten_first_stand"", ""step_attempt"": 7, ""step_elapsed_s"": 37.63324387802277, ""step_event_index"": 185, ""total_hand_translation_m"": null, ""trial_finished_elapsed_s"": null, ""trial_recording"": true, ""trial_required_tool_ids"": [7, 35, 37]}"
2026-09-04T17:30:52.027-04:00,apoorva,gesture,tts_started,lifecycle,r2_fasten_first_stand,Row 2.4: fasten right stand,ready,7,186,,,,37.702081,,,,,,,,,,,,,,,,bit holder2,,,,,"{""acquired_tool_ids"": [7, 35], ""acquisition_complete"": false, ""completed_steps"": [""r2_bearing_right"", ""r2_bearing_left"", ""r1_gear_rod"", ""r1_bearing_right"", ""r1_bearing_left"", ""r2_gear_rod""], ""head_rotation_deg"": null, ""head_translation_m"": null, ""left_hand_translation_m"": null, ""removed_tool_ids"": [14, 15, 18, 19, 20, 21, 26, 27, 28], ""right_hand_translation_m"": null, ""selected_step"": ""r2_fasten_first_stand"", ""step_attempt"": 7, ""step_elapsed_s"": 37.70209129503928, ""step_event_index"": 186, ""total_hand_translation_m"": null, ""trial_finished_elapsed_s"": null, ""trial_recording"": true, ""trial_required_tool_ids"": [7, 35, 37]}"
2026-09-04T17:30:52.858-04:00,apoorva,gesture,tts_finished,lifecycle,r2_fasten_first_stand,Row 2.4: fasten right stand,ready,7,187,,,,38.533271,,,,,,,,,,,,,,,,bit holder2,,,,,"{""acquired_tool_ids"": [7, 35], ""acquisition_complete"": false, ""completed_steps"": [""r2_bearing_right"", ""r2_bearing_left"", ""r1_gear_rod"", ""r1_bearing_right"", ""r1_bearing_left"", ""r2_gear_rod""], ""head_rotation_deg"": null, ""head_translation_m"": null, ""left_hand_translation_m"": null, ""removed_tool_ids"": [14, 15, 18, 19, 20, 21, 26, 27, 28], ""right_hand_translation_m"": null, ""selected_step"": ""r2_fasten_first_stand"", ""step_attempt"": 7, ""step_elapsed_s"": 38.533285269048065, ""step_event_index"": 187, ""total_hand_translation_m"": null, ""trial_finished_elapsed_s"": null, ""trial_recording"": true, ""trial_required_tool_ids"": [7, 35, 37]}"
2026-09-04T17:30:52.911-04:00,apoorva,gesture,part_selection,click,r2_fasten_first_stand,Row 2.4: fasten right stand,ready,7,188,37,BITHOLDER2,3.157676,38.586373,,,,,,,,,,,,,,,1,,,,,,"{""acquired_tool_ids"": [7, 35, 37], ""acquisition_complete"": false, ""completed_steps"": [""r2_bearing_right"", ""r2_bearing_left"", ""r1_gear_rod"", ""r1_bearing_right"", ""r1_bearing_left"", ""r2_gear_rod""], ""head_rotation_deg"": null, ""head_translation_m"": null, ""left_hand_translation_m"": null, ""removed_tool_ids"": [14, 15, 18, 19, 20, 21, 26, 27, 28], ""right_hand_translation_m"": null, ""selected_step"": ""r2_fasten_first_stand"", ""step_attempt"": 7, ""step_elapsed_s"": 38.586478827055544, ""step_event_index"": 188, ""total_hand_translation_m"": null, ""trial_finished_elapsed_s"": null, ""trial_recording"": true, ""trial_required_tool_ids"": [7, 35, 37]}"
2026-09-04T17:30:52.944-04:00,apoorva,gesture,object_acquired,click,r2_fasten_first_stand,Row 2.4: fasten right stand,ready,7,189,37,BITHOLDER2,3.157676,38.586373,,,,,,,,,,,,,,,1,,,,,,"{""acquired_tool_ids"": [7, 35, 37], ""acquisition_complete"": false, ""completed_steps"": [""r2_bearing_right"", ""r2_bearing_left"", ""r1_gear_rod"", ""r1_bearing_right"", ""r1_bearing_left"", ""r2_gear_rod""], ""head_rotation_deg"": null, ""head_translation_m"": null, ""left_hand_translation_m"": null, ""removed_tool_ids"": [14, 15, 18, 19, 20, 21, 26, 27, 28], ""right_hand_translation_m"": null, ""selected_step"": ""r2_fasten_first_stand"", ""step_attempt"": 7, ""step_elapsed_s"": 38.61915346805472, ""step_event_index"": 189, ""total_hand_translation_m"": null, ""trial_finished_elapsed_s"": null, ""trial_recording"": true, ""trial_required_tool_ids"": [7, 35, 37]}"
2026-09-04T17:30:52.987-04:00,apoorva,gesture,step_acquisition_complete,click,r2_fasten_first_stand,Row 2.4: fasten right stand,ready,7,190,,,,38.659395,2.464638,467.700144,2.444349,2.331639,4.775988,0.000000,27.757641,27.757641,72.074842,0,46,0.000000,1.406798,1.406798,,,,,,,"{""acquired_tool_ids"": [7, 35, 37], ""acquisition_complete"": true, ""any_hover_time_s"": 27.757640609401278, ""completed_steps"": [""r2_bearing_right"", ""r2_bearing_left"", ""r1_gear_rod"", ""r1_bearing_right"", ""r1_bearing_left"", ""r2_gear_rod""], ""head_rotation_deg"": 467.70014380650014, ""head_translation_m"": 2.4646375447335958, ""hover_time_percent"": 72.07484159397461, ""left_hand_translation_m"": 2.444349296870556, ""left_hover_episodes"": 0, ""left_hover_time_s"": 0.0, ""left_hover_translation_m"": 0.0, ""removed_tool_ids"": [14, 15, 18, 19, 20, 21, 26, 27, 28], ""right_hand_translation_m"": 2.3316386772647535, ""right_hover_episodes"": 46, ""right_hover_time_s"": 27.757640609401278, ""right_hover_translation_m"": 1.40679839824001, ""selected_step"": ""r2_fasten_first_stand"", ""step_attempt"": 7, ""step_elapsed_s"": 38.65939524699934, ""step_event_index"": 190, ""total_hand_translation_m"": 4.77598797413531, ""total_hover_translation_m"": 1.40679839824001, ""trial_finished_elapsed_s"": 38.65939524699934, ""trial_recording"": false, ""trial_required_tool_ids"": [7, 35, 37]}"
2026-09-04T17:30:53.008-04:00,apoorva,gesture,graph_complete,,r2_fasten_first_stand,Row 2.4: fasten right stand,complete,7,191,,,,,,,,,,,,,,,,,,,,,,,,,"{""acquired_tool_ids"": [7, 35, 37], ""acquisition_complete"": true, ""any_hover_time_s"": 27.757640609401278, ""completed_steps"": [""r2_bearing_right"", ""r2_bearing_left"", ""r1_gear_rod"", ""r1_bearing_right"", ""r1_bearing_left"", ""r2_gear_rod"", ""r2_fasten_first_stand"", ""r2_insert_rod_and_fit_second"", ""r2_fasten_second_stand""], ""head_rotation_deg"": 467.70014380650014, ""head_translation_m"": 2.4646375447335958, ""hover_time_percent"": 72.07484159397461, ""left_hand_translation_m"": 2.444349296870556, ""left_hover_episodes"": 0, ""left_hover_time_s"": 0.0, ""left_hover_translation_m"": 0.0, ""removed_tool_ids"": [14, 15, 18, 19, 20, 21, 26, 27, 28], ""right_hand_translation_m"": 2.3316386772647535, ""right_hover_episodes"": 46, ""right_hover_time_s"": 27.757640609401278, ""right_hover_translation_m"": 1.40679839824001, ""selected_step"": ""r2_fasten_first_stand"", ""step_attempt"": 7, ""step_elapsed_s"": 38.65939524699934, ""step_event_index"": 191, ""total_hand_translation_m"": 4.77598797413531, ""total_hover_translation_m"": 1.40679839824001, ""trial_finished_elapsed_s"": 38.65939524699934, ""trial_recording"": false, ""trial_required_tool_ids"": [7, 35, 37]}"
2026-09-04T17:31:04.047-04:00,apoorva,gesture,step_started,keyboard,r1_fasten_first_stand,Row 1.4: fasten right stand,ready,8,1,,,,,,,,,,,,,,,,,,,,,,,,,"{""acquired_tool_ids"": [], ""acquisition_complete"": false, ""completed_steps"": [""r2_bearing_right"", ""r2_bearing_left"", ""r1_gear_rod"", ""r1_bearing_right"", ""r1_bearing_left"", ""r2_gear_rod"", ""r2_fasten_first_stand"", ""r2_insert_rod_and_fit_second"", ""r2_fasten_second_stand""], ""head_rotation_deg"": null, ""head_translation_m"": null, ""left_hand_translation_m"": null, ""removed_tool_ids"": [14, 15, 18, 19, 20, 21, 26, 27, 28], ""right_hand_translation_m"": null, ""selected_step"": ""r1_fasten_first_stand"", ""step_attempt"": 8, ""step_elapsed_s"": 6.627000402659178e-05, ""step_event_index"": 1, ""total_hand_translation_m"": null, ""trial_finished_elapsed_s"": null, ""trial_recording"": true, ""trial_required_tool_ids"": [36]}"
2026-09-04T17:31:04.844-04:00,apoorva,gesture,hover,hover,r1_fasten_first_stand,Row 1.4: fasten right stand,ready,8,2,33,PINS,,,,,,,,,,,,,,,,,,,,,,,"{""acquired_tool_ids"": [], ""acquisition_complete"": false, ""completed_steps"": [""r2_bearing_right"", ""r2_bearing_left"", ""r1_gear_rod"", ""r1_bearing_right"", ""r1_bearing_left"", ""r2_gear_rod"", ""r2_fasten_first_stand"", ""r2_insert_rod_and_fit_second"", ""r2_fasten_second_stand""], ""head_rotation_deg"": null, ""head_translation_m"": null, ""left_hand_translation_m"": null, ""removed_tool_ids"": [14, 15, 18, 19, 20, 21, 26, 27, 28], ""right_hand_translation_m"": null, ""selected_step"": ""r1_fasten_first_stand"", ""step_attempt"": 8, ""step_elapsed_s"": 0.7968237180029973, ""step_event_index"": 2, ""total_hand_translation_m"": null, ""trial_finished_elapsed_s"": null, ""trial_recording"": true, ""trial_required_tool_ids"": [36]}"
2026-09-04T17:31:04.871-04:00,apoorva,gesture,tts_queued,lifecycle,r1_fasten_first_stand,Row 1.4: fasten right stand,ready,8,3,,,,0.823997,,,,,,,,,,,,,,,,pin,,,replace_hover,,"{""acquired_tool_ids"": [], ""acquisition_complete"": false, ""completed_steps"": [""r2_bearing_right"", ""r2_bearing_left"", ""r1_gear_rod"", ""r1_bearing_right"", ""r1_bearing_left"", ""r2_gear_rod"", ""r2_fasten_first_stand"", ""r2_insert_rod_and_fit_second"", ""r2_fasten_second_stand""], ""head_rotation_deg"": null, ""head_translation_m"": null, ""left_hand_translation_m"": null, ""removed_tool_ids"": [14, 15, 18, 19, 20, 21, 26, 27, 28], ""right_hand_translation_m"": null, ""selected_step"": ""r1_fasten_first_stand"", ""step_attempt"": 8, ""step_elapsed_s"": 0.8240150540368631, ""step_event_index"": 3, ""total_hand_translation_m"": null, ""trial_finished_elapsed_s"": null, ""trial_recording"": true, ""trial_required_tool_ids"": [36]}"
2026-09-04T17:31:04.893-04:00,apoorva,gesture,tts_started,lifecycle,r1_fasten_first_stand,Row 1.4: fasten right stand,ready,8,4,,,,0.845938,,,,,,,,,,,,,,,,pin,,,,,"{""acquired_tool_ids"": [], ""acquisition_complete"": false, ""completed_steps"": [""r2_bearing_right"", ""r2_bearing_left"", ""r1_gear_rod"", ""r1_bearing_right"", ""r1_bearing_left"", ""r2_gear_rod"", ""r2_fasten_first_stand"", ""r2_insert_rod_and_fit_second"", ""r2_fasten_second_stand""], ""head_rotation_deg"": null, ""head_translation_m"": null, ""left_hand_translation_m"": null, ""removed_tool_ids"": [14, 15, 18, 19, 20, 21, 26, 27, 28], ""right_hand_translation_m"": null, ""selected_step"": ""r1_fasten_first_stand"", ""step_attempt"": 8, ""step_elapsed_s"": 0.845949727925472, ""step_event_index"": 4, ""total_hand_translation_m"": null, ""trial_finished_elapsed_s"": null, ""trial_recording"": true, ""trial_required_tool_ids"": [36]}"
2026-09-04T17:31:05.532-04:00,apoorva,gesture,tts_finished,lifecycle,r1_fasten_first_stand,Row 1.4: fasten right stand,ready,8,5,,,,1.484800,,,,,,,,,,,,,,,,pin,,,,,"{""acquired_tool_ids"": [], ""acquisition_complete"": false, ""completed_steps"": [""r2_bearing_right"", ""r2_bearing_left"", ""r1_gear_rod"", ""r1_bearing_right"", ""r1_bearing_left"", ""r2_gear_rod"", ""r2_fasten_first_stand"", ""r2_insert_rod_and_fit_second"", ""r2_fasten_second_stand""], ""head_rotation_deg"": null, ""head_translation_m"": null, ""left_hand_translation_m"": null, ""removed_tool_ids"": [14, 15, 18, 19, 20, 21, 26, 27, 28], ""right_hand_translation_m"": null, ""selected_step"": ""r1_fasten_first_stand"", ""step_attempt"": 8, ""step_elapsed_s"": 1.4848156840307638, ""step_event_index"": 5, ""total_hand_translation_m"": null, ""trial_finished_elapsed_s"": null, ""trial_recording"": true, ""trial_required_tool_ids"": [36]}"
2026-09-04T17:31:05.713-04:00,apoorva,gesture,hover,hover,r1_fasten_first_stand,Row 1.4: fasten right stand,ready,8,6,31,GEAR_ROW4_LEFT,,,,,,,,,,,,,,,,,,,,,,,"{""acquired_tool_ids"": [], ""acquisition_complete"": false, ""completed_steps"": [""r2_bearing_right"", ""r2_bearing_left"", ""r1_gear_rod"", ""r1_bearing_right"", ""r1_bearing_left"", ""r2_gear_rod"", ""r2_fasten_first_stand"", ""r2_insert_rod_and_fit_second"", ""r2_fasten_second_stand""], ""head_rotation_deg"": null, ""head_translation_m"": null, ""left_hand_translation_m"": null, ""removed_tool_ids"": [14, 15, 18, 19, 20, 21, 26, 27, 28], ""right_hand_translation_m"": null, ""selected_step"": ""r1_fasten_first_stand"", ""step_attempt"": 8, ""step_elapsed_s"": 1.6658026640070602, ""step_event_index"": 6, ""total_hand_translation_m"": null, ""trial_finished_elapsed_s"": null, ""trial_recording"": true, ""trial_required_tool_ids"": [36]}"
2026-09-04T17:31:05.742-04:00,apoorva,gesture,tts_queued,lifecycle,r1_fasten_first_stand,Row 1.4: fasten right stand,ready,8,7,,,,1.695503,,,,,,,,,,,,,,,,Row 4 left gear,,,replace_hover,,"{""acquired_tool_ids"": [], ""acquisition_complete"": false, ""completed_steps"": [""r2_bearing_right"", ""r2_bearing_left"", ""r1_gear_rod"", ""r1_bearing_right"", ""r1_bearing_left"", ""r2_gear_rod"", ""r2_fasten_first_stand"", ""r2_insert_rod_and_fit_second"", ""r2_fasten_second_stand""], ""head_rotation_deg"": null, ""head_translation_m"": null, ""left_hand_translation_m"": null, ""removed_tool_ids"": [14, 15, 18, 19, 20, 21, 26, 27, 28], ""right_hand_translation_m"": null, ""selected_step"": ""r1_fasten_first_stand"", ""step_attempt"": 8, ""step_elapsed_s"": 1.6955177040072158, ""step_event_index"": 7, ""total_hand_translation_m"": null, ""trial_finished_elapsed_s"": null, ""trial_recording"": true, ""trial_required_tool_ids"": [36]}"
2026-09-04T17:31:05.805-04:00,apoorva,gesture,tts_started,lifecycle,r1_fasten_first_stand,Row 1.4: fasten right stand,ready,8,8,,,,1.757942,,,,,,,,,,,,,,,,Row 4 left gear,,,,,"{""acquired_tool_ids"": [], ""acquisition_complete"": false, ""completed_steps"": [""r2_bearing_right"", ""r2_bearing_left"", ""r1_gear_rod"", ""r1_bearing_right"", ""r1_bearing_left"", ""r2_gear_rod"", ""r2_fasten_first_stand"", ""r2_insert_rod_and_fit_second"", ""r2_fasten_second_stand""], ""head_rotation_deg"": null, ""head_translation_m"": null, ""left_hand_translation_m"": null, ""removed_tool_ids"": [14, 15, 18, 19, 20, 21, 26, 27, 28], ""right_hand_translation_m"": null, ""selected_step"": ""r1_fasten_first_stand"", ""step_attempt"": 8, ""step_elapsed_s"": 1.75795629597269, ""step_event_index"": 8, ""total_hand_translation_m"": null, ""trial_finished_elapsed_s"": null, ""trial_recording"": true, ""trial_required_tool_ids"": [36]}"
2026-09-04T17:31:05.933-04:00,apoorva,gesture,hover,hover,r1_fasten_first_stand,Row 1.4: fasten right stand,ready,8,9,23,GEAR_STAND_ROW3_RIGHT,,,,,,,,,,,,,,,,,,,,,,,"{""acquired_tool_ids"": [], ""acquisition_complete"": false, ""completed_steps"": [""r2_bearing_right"", ""r2_bearing_left"", ""r1_gear_rod"", ""r1_bearing_right"", ""r1_bearing_left"", ""r2_gear_rod"", ""r2_fasten_first_stand"", ""r2_insert_rod_and_fit_second"", ""r2_fasten_second_stand""], ""head_rotation_deg"": null, ""head_translation_m"": null, ""left_hand_translation_m"": null, ""removed_tool_ids"": [14, 15, 18, 19, 20, 21, 26, 27, 28], ""right_hand_translation_m"": null, ""selected_step"": ""r1_fasten_first_stand"", ""step_attempt"": 8, ""step_elapsed_s"": 1.886042327969335, ""step_event_index"": 9, ""total_hand_translation_m"": null, ""trial_finished_elapsed_s"": null, ""trial_recording"": true, ""trial_required_tool_ids"": [36]}"
2026-09-04T17:31:05.968-04:00,apoorva,gesture,tts_queued,lifecycle,r1_fasten_first_stand,Row 1.4: fasten right stand,ready,8,10,,,,1.921048,,,,,,,,,,,,,,,,Row 3 right stand,,,replace_hover,,"{""acquired_tool_ids"": [], ""acquisition_complete"": false, ""completed_steps"": [""r2_bearing_right"", ""r2_bearing_left"", ""r1_gear_rod"", ""r1_bearing_right"", ""r1_bearing_left"", ""r2_gear_rod"", ""r2_fasten_first_stand"", ""r2_insert_rod_and_fit_second"", ""r2_fasten_second_stand""], ""head_rotation_deg"": null, ""head_translation_m"": null, ""left_hand_translation_m"": null, ""removed_tool_ids"": [14, 15, 18, 19, 20, 21, 26, 27, 28], ""right_hand_translation_m"": null, ""selected_step"": ""r1_fasten_first_stand"", ""step_attempt"": 8, ""step_elapsed_s"": 1.9210626599378884, ""step_event_index"": 10, ""total_hand_translation_m"": null, ""trial_finished_elapsed_s"": null, ""trial_recording"": true, ""trial_required_tool_ids"": [36]}"
2026-09-04T17:31:06.006-04:00,apoorva,gesture,tts_finished,lifecycle,r1_fasten_first_stand,Row 1.4: fasten right stand,ready,8,11,,,,1.959325,,,,,,,,,,,,,,,,Row 4 left gear,,,,,"{""acquired_tool_ids"": [], ""acquisition_complete"": false, ""completed_steps"": [""r2_bearing_right"", ""r2_bearing_left"", ""r1_gear_rod"", ""r1_bearing_right"", ""r1_bearing_left"", ""r2_gear_rod"", ""r2_fasten_first_stand"", ""r2_insert_rod_and_fit_second"", ""r2_fasten_second_stand""], ""head_rotation_deg"": null, ""head_translation_m"": null, ""left_hand_translation_m"": null, ""removed_tool_ids"": [14, 15, 18, 19, 20, 21, 26, 27, 28], ""right_hand_translation_m"": null, ""selected_step"": ""r1_fasten_first_stand"", ""step_attempt"": 8, ""step_elapsed_s"": 1.9593374260002747, ""step_event_index"": 11, ""total_hand_translation_m"": null, ""trial_finished_elapsed_s"": null, ""trial_recording"": true, ""trial_required_tool_ids"": [36]}"
2026-09-04T17:31:06.023-04:00,apoorva,gesture,tts_started,lifecycle,r1_fasten_first_stand,Row 1.4: fasten right stand,ready,8,12,,,,1.976330,,,,,,,,,,,,,,,,Row 3 right stand,,,,,"{""acquired_tool_ids"": [], ""acquisition_complete"": false, ""completed_steps"": [""r2_bearing_right"", ""r2_bearing_left"", ""r1_gear_rod"", ""r1_bearing_right"", ""r1_bearing_left"", ""r2_gear_rod"", ""r2_fasten_first_stand"", ""r2_insert_rod_and_fit_second"", ""r2_fasten_second_stand""], ""head_rotation_deg"": null, ""head_translation_m"": null, ""left_hand_translation_m"": null, ""removed_tool_ids"": [14, 15, 18, 19, 20, 21, 26, 27, 28], ""right_hand_translation_m"": null, ""selected_step"": ""r1_fasten_first_stand"", ""step_attempt"": 8, ""step_elapsed_s"": 1.9763424369739369, ""step_event_index"": 12, ""total_hand_translation_m"": null, ""trial_finished_elapsed_s"": null, ""trial_recording"": true, ""trial_required_tool_ids"": [36]}"
2026-09-04T17:31:06.398-04:00,apoorva,gesture,hover,hover,r1_fasten_first_stand,Row 1.4: fasten right stand,ready,8,13,7,BIT_SCREWDRIVER,,,,,,,,,,,,,,,,,,,,,,,"{""acquired_tool_ids"": [], ""acquisition_complete"": false, ""completed_steps"": [""r2_bearing_right"", ""r2_bearing_left"", ""r1_gear_rod"", ""r1_bearing_right"", ""r1_bearing_left"", ""r2_gear_rod"", ""r2_fasten_first_stand"", ""r2_insert_rod_and_fit_second"", ""r2_fasten_second_stand""], ""head_rotation_deg"": null, ""head_translation_m"": null, ""left_hand_translation_m"": null, ""removed_tool_ids"": [14, 15, 18, 19, 20, 21, 26, 27, 28], ""right_hand_translation_m"": null, ""selected_step"": ""r1_fasten_first_stand"", ""step_attempt"": 8, ""step_elapsed_s"": 2.3510627299547195, ""step_event_index"": 13, ""total_hand_translation_m"": null, ""trial_finished_elapsed_s"": null, ""trial_recording"": true, ""trial_required_tool_ids"": [36]}"
2026-09-04T17:31:06.443-04:00,apoorva,gesture,tts_queued,lifecycle,r1_fasten_first_stand,Row 1.4: fasten right stand,ready,8,14,,,,2.396577,,,,,,,,,,,,,,,,interchangeable-bit screwdriver,,,replace_hover,,"{""acquired_tool_ids"": [], ""acquisition_complete"": false, ""completed_steps"": [""r2_bearing_right"", ""r2_bearing_left"", ""r1_gear_rod"", ""r1_bearing_right"", ""r1_bearing_left"", ""r2_gear_rod"", ""r2_fasten_first_stand"", ""r2_insert_rod_and_fit_second"", ""r2_fasten_second_stand""], ""head_rotation_deg"": null, ""head_translation_m"": null, ""left_hand_translation_m"": null, ""removed_tool_ids"": [14, 15, 18, 19, 20, 21, 26, 27, 28], ""right_hand_translation_m"": null, ""selected_step"": ""r1_fasten_first_stand"", ""step_attempt"": 8, ""step_elapsed_s"": 2.3965889499522746, ""step_event_index"": 14, ""total_hand_translation_m"": null, ""trial_finished_elapsed_s"": null, ""trial_recording"": true, ""trial_required_tool_ids"": [36]}"
2026-09-04T17:31:06.545-04:00,apoorva,gesture,tts_finished,lifecycle,r1_fasten_first_stand,Row 1.4: fasten right stand,ready,8,15,,,,2.498348,,,,,,,,,,,,,,,,Row 3 right stand,,,,,"{""acquired_tool_ids"": [], ""acquisition_complete"": false, ""completed_steps"": [""r2_bearing_right"", ""r2_bearing_left"", ""r1_gear_rod"", ""r1_bearing_right"", ""r1_bearing_left"", ""r2_gear_rod"", ""r2_fasten_first_stand"", ""r2_insert_rod_and_fit_second"", ""r2_fasten_second_stand""], ""head_rotation_deg"": null, ""head_translation_m"": null, ""left_hand_translation_m"": null, ""removed_tool_ids"": [14, 15, 18, 19, 20, 21, 26, 27, 28], ""right_hand_translation_m"": null, ""selected_step"": ""r1_fasten_first_stand"", ""step_attempt"": 8, ""step_elapsed_s"": 2.4983648100169376, ""step_event_index"": 15, ""total_hand_translation_m"": null, ""trial_finished_elapsed_s"": null, ""trial_recording"": true, ""trial_required_tool_ids"": [36]}"
2026-09-04T17:31:06.586-04:00,apoorva,gesture,tts_started,lifecycle,r1_fasten_first_stand,Row 1.4: fasten right stand,ready,8,16,,,,2.539256,,,,,,,,,,,,,,,,interchangeable-bit screwdriver,,,,,"{""acquired_tool_ids"": [], ""acquisition_complete"": false, ""completed_steps"": [""r2_bearing_right"", ""r2_bearing_left"", ""r1_gear_rod"", ""r1_bearing_right"", ""r1_bearing_left"", ""r2_gear_rod"", ""r2_fasten_first_stand"", ""r2_insert_rod_and_fit_second"", ""r2_fasten_second_stand""], ""head_rotation_deg"": null, ""head_translation_m"": null, ""left_hand_translation_m"": null, ""removed_tool_ids"": [14, 15, 18, 19, 20, 21, 26, 27, 28], ""right_hand_translation_m"": null, ""selected_step"": ""r1_fasten_first_stand"", ""step_attempt"": 8, ""step_elapsed_s"": 2.539270997978747, ""step_event_index"": 16, ""total_hand_translation_m"": null, ""trial_finished_elapsed_s"": null, ""trial_recording"": true, ""trial_required_tool_ids"": [36]}"
2026-09-04T17:31:06.959-04:00,apoorva,gesture,hover,hover,r1_fasten_first_stand,Row 1.4: fasten right stand,ready,8,17,23,GEAR_STAND_ROW3_RIGHT,,,,,,,,,,,,,,,,,,,,,,,"{""acquired_tool_ids"": [], ""acquisition_complete"": false, ""completed_steps"": [""r2_bearing_right"", ""r2_bearing_left"", ""r1_gear_rod"", ""r1_bearing_right"", ""r1_bearing_left"", ""r2_gear_rod"", ""r2_fasten_first_stand"", ""r2_insert_rod_and_fit_second"", ""r2_fasten_second_stand""], ""head_rotation_deg"": null, ""head_translation_m"": null, ""left_hand_translation_m"": null, ""removed_tool_ids"": [14, 15, 18, 19, 20, 21, 26, 27, 28], ""right_hand_translation_m"": null, ""selected_step"": ""r1_fasten_first_stand"", ""step_attempt"": 8, ""step_elapsed_s"": 2.9125321980100125, ""step_event_index"": 17, ""total_hand_translation_m"": null, ""trial_finished_elapsed_s"": null, ""trial_recording"": true, ""trial_required_tool_ids"": [36]}"
2026-09-04T17:31:06.990-04:00,apoorva,gesture,tts_queued,lifecycle,r1_fasten_first_stand,Row 1.4: fasten right stand,ready,8,18,,,,2.943106,,,,,,,,,,,,,,,,Row 3 right stand,,,replace_hover,,"{""acquired_tool_ids"": [], ""acquisition_complete"": false, ""completed_steps"": [""r2_bearing_right"", ""r2_bearing_left"", ""r1_gear_rod"", ""r1_bearing_right"", ""r1_bearing_left"", ""r2_gear_rod"", ""r2_fasten_first_stand"", ""r2_insert_rod_and_fit_second"", ""r2_fasten_second_stand""], ""head_rotation_deg"": null, ""head_translation_m"": null, ""left_hand_translation_m"": null, ""removed_tool_ids"": [14, 15, 18, 19, 20, 21, 26, 27, 28], ""right_hand_translation_m"": null, ""selected_step"": ""r1_fasten_first_stand"", ""step_attempt"": 8, ""step_elapsed_s"": 2.9431177850347012, ""step_event_index"": 18, ""total_hand_translation_m"": null, ""trial_finished_elapsed_s"": null, ""trial_recording"": true, ""trial_required_tool_ids"": [36]}"
2026-09-04T17:31:07.028-04:00,apoorva,gesture,tts_finished,lifecycle,r1_fasten_first_stand,Row 1.4: fasten right stand,ready,8,19,,,,2.980933,,,,,,,,,,,,,,,,interchangeable-bit screwdriver,,,,,"{""acquired_tool_ids"": [], ""acquisition_complete"": false, ""completed_steps"": [""r2_bearing_right"", ""r2_bearing_left"", ""r1_gear_rod"", ""r1_bearing_right"", ""r1_bearing_left"", ""r2_gear_rod"", ""r2_fasten_first_stand"", ""r2_insert_rod_and_fit_second"", ""r2_fasten_second_stand""], ""head_rotation_deg"": null, ""head_translation_m"": null, ""left_hand_translation_m"": null, ""removed_tool_ids"": [14, 15, 18, 19, 20, 21, 26, 27, 28], ""right_hand_translation_m"": null, ""selected_step"": ""r1_fasten_first_stand"", ""step_attempt"": 8, ""step_elapsed_s"": 2.9809412650065497, ""step_event_index"": 19, ""total_hand_translation_m"": null, ""trial_finished_elapsed_s"": null, ""trial_recording"": true, ""trial_required_tool_ids"": [36]}"
2026-09-04T17:31:07.080-04:00,apoorva,gesture,tts_started,lifecycle,r1_fasten_first_stand,Row 1.4: fasten right stand,ready,8,20,,,,3.033163,,,,,,,,,,,,,,,,Row 3 right stand,,,,,"{""acquired_tool_ids"": [], ""acquisition_complete"": false, ""completed_steps"": [""r2_bearing_right"", ""r2_bearing_left"", ""r1_gear_rod"", ""r1_bearing_right"", ""r1_bearing_left"", ""r2_gear_rod"", ""r2_fasten_first_stand"", ""r2_insert_rod_and_fit_second"", ""r2_fasten_second_stand""], ""head_rotation_deg"": null, ""head_translation_m"": null, ""left_hand_translation_m"": null, ""removed_tool_ids"": [14, 15, 18, 19, 20, 21, 26, 27, 28], ""right_hand_translation_m"": null, ""selected_step"": ""r1_fasten_first_stand"", ""step_attempt"": 8, ""step_elapsed_s"": 3.033176511991769, ""step_event_index"": 20, ""total_hand_translation_m"": null, ""trial_finished_elapsed_s"": null, ""trial_recording"": true, ""trial_required_tool_ids"": [36]}"
2026-09-04T17:31:07.370-04:00,apoorva,gesture,hover,hover,r1_fasten_first_stand,Row 1.4: fasten right stand,ready,8,21,32,CRANK_HANDLE,,,,,,,,,,,,,,,,,,,,,,,"{""acquired_tool_ids"": [], ""acquisition_complete"": false, ""completed_steps"": [""r2_bearing_right"", ""r2_bearing_left"", ""r1_gear_rod"", ""r1_bearing_right"", ""r1_bearing_left"", ""r2_gear_rod"", ""r2_fasten_first_stand"", ""r2_insert_rod_and_fit_second"", ""r2_fasten_second_stand""], ""head_rotation_deg"": null, ""head_translation_m"": null, ""left_hand_translation_m"": null, ""removed_tool_ids"": [14, 15, 18, 19, 20, 21, 26, 27, 28], ""right_hand_translation_m"": null, ""selected_step"": ""r1_fasten_first_stand"", ""step_attempt"": 8, ""step_elapsed_s"": 3.323503474937752, ""step_event_index"": 21, ""total_hand_translation_m"": null, ""trial_finished_elapsed_s"": null, ""trial_recording"": true, ""trial_required_tool_ids"": [36]}"
2026-09-04T17:31:07.412-04:00,apoorva,gesture,tts_queued,lifecycle,r1_fasten_first_stand,Row 1.4: fasten right stand,ready,8,22,,,,3.365358,,,,,,,,,,,,,,,,handle,,,replace_hover,,"{""acquired_tool_ids"": [], ""acquisition_complete"": false, ""completed_steps"": [""r2_bearing_right"", ""r2_bearing_left"", ""r1_gear_rod"", ""r1_bearing_right"", ""r1_bearing_left"", ""r2_gear_rod"", ""r2_fasten_first_stand"", ""r2_insert_rod_and_fit_second"", ""r2_fasten_second_stand""], ""head_rotation_deg"": null, ""head_translation_m"": null, ""left_hand_translation_m"": null, ""removed_tool_ids"": [14, 15, 18, 19, 20, 21, 26, 27, 28], ""right_hand_translation_m"": null, ""selected_step"": ""r1_fasten_first_stand"", ""step_attempt"": 8, ""step_elapsed_s"": 3.36537076998502, ""step_event_index"": 22, ""total_hand_translation_m"": null, ""trial_finished_elapsed_s"": null, ""trial_recording"": true, ""trial_required_tool_ids"": [36]}"
2026-09-04T17:31:07.448-04:00,apoorva,gesture,hover,hover,r1_fasten_first_stand,Row 1.4: fasten right stand,ready,8,23,33,PINS,,,,,,,,,,,,,,,,,,,,,,,"{""acquired_tool_ids"": [], ""acquisition_complete"": false, ""completed_steps"": [""r2_bearing_right"", ""r2_bearing_left"", ""r1_gear_rod"", ""r1_bearing_right"", ""r1_bearing_left"", ""r2_gear_rod"", ""r2_fasten_first_stand"", ""r2_insert_rod_and_fit_second"", ""r2_fasten_second_stand""], ""head_rotation_deg"": null, ""head_translation_m"": null, ""left_hand_translation_m"": null, ""removed_tool_ids"": [14, 15, 18, 19, 20, 21, 26, 27, 28], ""right_hand_translation_m"": null, ""selected_step"": ""r1_fasten_first_stand"", ""step_attempt"": 8, ""step_elapsed_s"": 3.4007378339301795, ""step_event_index"": 23, ""total_hand_translation_m"": null, ""trial_finished_elapsed_s"": null, ""trial_recording"": true, ""trial_required_tool_ids"": [36]}"
2026-09-04T17:31:07.494-04:00,apoorva,gesture,tts_queued,lifecycle,r1_fasten_first_stand,Row 1.4: fasten right stand,ready,8,24,,,,3.446640,,,,,,,,,,,,,,,,pin,,,replace_hover,,"{""acquired_tool_ids"": [], ""acquisition_complete"": false, ""completed_steps"": [""r2_bearing_right"", ""r2_bearing_left"", ""r1_gear_rod"", ""r1_bearing_right"", ""r1_bearing_left"", ""r2_gear_rod"", ""r2_fasten_first_stand"", ""r2_insert_rod_and_fit_second"", ""r2_fasten_second_stand""], ""head_rotation_deg"": null, ""head_translation_m"": null, ""left_hand_translation_m"": null, ""removed_tool_ids"": [14, 15, 18, 19, 20, 21, 26, 27, 28], ""right_hand_translation_m"": null, ""selected_step"": ""r1_fasten_first_stand"", ""step_attempt"": 8, ""step_elapsed_s"": 3.446652657003142, ""step_event_index"": 24, ""total_hand_translation_m"": null, ""trial_finished_elapsed_s"": null, ""trial_recording"": true, ""trial_required_tool_ids"": [36]}"
2026-09-04T17:31:07.560-04:00,apoorva,gesture,tts_finished,lifecycle,r1_fasten_first_stand,Row 1.4: fasten right stand,ready,8,25,,,,3.513348,,,,,,,,,,,,,,,,Row 3 right stand,,,,,"{""acquired_tool_ids"": [], ""acquisition_complete"": false, ""completed_steps"": [""r2_bearing_right"", ""r2_bearing_left"", ""r1_gear_rod"", ""r1_bearing_right"", ""r1_bearing_left"", ""r2_gear_rod"", ""r2_fasten_first_stand"", ""r2_insert_rod_and_fit_second"", ""r2_fasten_second_stand""], ""head_rotation_deg"": null, ""head_translation_m"": null, ""left_hand_translation_m"": null, ""removed_tool_ids"": [14, 15, 18, 19, 20, 21, 26, 27, 28], ""right_hand_translation_m"": null, ""selected_step"": ""r1_fasten_first_stand"", ""step_attempt"": 8, ""step_elapsed_s"": 3.5133597740205005, ""step_event_index"": 25, ""total_hand_translation_m"": null, ""trial_finished_elapsed_s"": null, ""trial_recording"": true, ""trial_required_tool_ids"": [36]}"
2026-09-04T17:31:07.588-04:00,apoorva,gesture,tts_started,lifecycle,r1_fasten_first_stand,Row 1.4: fasten right stand,ready,8,26,,,,3.541246,,,,,,,,,,,,,,,,handle,,,,,"{""acquired_tool_ids"": [], ""acquisition_complete"": false, ""completed_steps"": [""r2_bearing_right"", ""r2_bearing_left"", ""r1_gear_rod"", ""r1_bearing_right"", ""r1_bearing_left"", ""r2_gear_rod"", ""r2_fasten_first_stand"", ""r2_insert_rod_and_fit_second"", ""r2_fasten_second_stand""], ""head_rotation_deg"": null, ""head_translation_m"": null, ""left_hand_translation_m"": null, ""removed_tool_ids"": [14, 15, 18, 19, 20, 21, 26, 27, 28], ""right_hand_translation_m"": null, ""selected_step"": ""r1_fasten_first_stand"", ""step_attempt"": 8, ""step_elapsed_s"": 3.541256165946834, ""step_event_index"": 26, ""total_hand_translation_m"": null, ""trial_finished_elapsed_s"": null, ""trial_recording"": true, ""trial_required_tool_ids"": [36]}"
2026-09-04T17:31:07.615-04:00,apoorva,gesture,tts_finished,lifecycle,r1_fasten_first_stand,Row 1.4: fasten right stand,ready,8,27,,,,3.568199,,,,,,,,,,,,,,,,handle,,,,,"{""acquired_tool_ids"": [], ""acquisition_complete"": false, ""completed_steps"": [""r2_bearing_right"", ""r2_bearing_left"", ""r1_gear_rod"", ""r1_bearing_right"", ""r1_bearing_left"", ""r2_gear_rod"", ""r2_fasten_first_stand"", ""r2_insert_rod_and_fit_second"", ""r2_fasten_second_stand""], ""head_rotation_deg"": null, ""head_translation_m"": null, ""left_hand_translation_m"": null, ""removed_tool_ids"": [14, 15, 18, 19, 20, 21, 26, 27, 28], ""right_hand_translation_m"": null, ""selected_step"": ""r1_fasten_first_stand"", ""step_attempt"": 8, ""step_elapsed_s"": 3.5682092129718512, ""step_event_index"": 27, ""total_hand_translation_m"": null, ""trial_finished_elapsed_s"": null, ""trial_recording"": true, ""trial_required_tool_ids"": [36]}"
2026-09-04T17:31:07.656-04:00,apoorva,gesture,tts_started,lifecycle,r1_fasten_first_stand,Row 1.4: fasten right stand,ready,8,28,,,,3.609494,,,,,,,,,,,,,,,,pin,,,,,"{""acquired_tool_ids"": [], ""acquisition_complete"": false, ""completed_steps"": [""r2_bearing_right"", ""r2_bearing_left"", ""r1_gear_rod"", ""r1_bearing_right"", ""r1_bearing_left"", ""r2_gear_rod"", ""r2_fasten_first_stand"", ""r2_insert_rod_and_fit_second"", ""r2_fasten_second_stand""], ""head_rotation_deg"": null, ""head_translation_m"": null, ""left_hand_translation_m"": null, ""removed_tool_ids"": [14, 15, 18, 19, 20, 21, 26, 27, 28], ""right_hand_translation_m"": null, ""selected_step"": ""r1_fasten_first_stand"", ""step_attempt"": 8, ""step_elapsed_s"": 3.60950561799109, ""step_event_index"": 28, ""total_hand_translation_m"": null, ""trial_finished_elapsed_s"": null, ""trial_recording"": true, ""trial_required_tool_ids"": [36]}"
2026-09-04T17:31:08.148-04:00,apoorva,gesture,tts_finished,lifecycle,r1_fasten_first_stand,Row 1.4: fasten right stand,ready,8,29,,,,4.101185,,,,,,,,,,,,,,,,pin,,,,,"{""acquired_tool_ids"": [], ""acquisition_complete"": false, ""completed_steps"": [""r2_bearing_right"", ""r2_bearing_left"", ""r1_gear_rod"", ""r1_bearing_right"", ""r1_bearing_left"", ""r2_gear_rod"", ""r2_fasten_first_stand"", ""r2_insert_rod_and_fit_second"", ""r2_fasten_second_stand""], ""head_rotation_deg"": null, ""head_translation_m"": null, ""left_hand_translation_m"": null, ""removed_tool_ids"": [14, 15, 18, 19, 20, 21, 26, 27, 28], ""right_hand_translation_m"": null, ""selected_step"": ""r1_fasten_first_stand"", ""step_attempt"": 8, ""step_elapsed_s"": 4.101196542964317, ""step_event_index"": 29, ""total_hand_translation_m"": null, ""trial_finished_elapsed_s"": null, ""trial_recording"": true, ""trial_required_tool_ids"": [36]}"
2026-09-04T17:31:08.211-04:00,apoorva,gesture,hover,hover,r1_fasten_first_stand,Row 1.4: fasten right stand,ready,8,30,32,CRANK_HANDLE,,,,,,,,,,,,,,,,,,,,,,,"{""acquired_tool_ids"": [], ""acquisition_complete"": false, ""completed_steps"": [""r2_bearing_right"", ""r2_bearing_left"", ""r1_gear_rod"", ""r1_bearing_right"", ""r1_bearing_left"", ""r2_gear_rod"", ""r2_fasten_first_stand"", ""r2_insert_rod_and_fit_second"", ""r2_fasten_second_stand""], ""head_rotation_deg"": null, ""head_translation_m"": null, ""left_hand_translation_m"": null, ""removed_tool_ids"": [14, 15, 18, 19, 20, 21, 26, 27, 28], ""right_hand_translation_m"": null, ""selected_step"": ""r1_fasten_first_stand"", ""step_attempt"": 8, ""step_elapsed_s"": 4.164481546031311, ""step_event_index"": 30, ""total_hand_translation_m"": null, ""trial_finished_elapsed_s"": null, ""trial_recording"": true, ""trial_required_tool_ids"": [36]}"
2026-09-04T17:31:08.239-04:00,apoorva,gesture,tts_queued,lifecycle,r1_fasten_first_stand,Row 1.4: fasten right stand,ready,8,31,,,,4.191641,,,,,,,,,,,,,,,,handle,,,replace_hover,,"{""acquired_tool_ids"": [], ""acquisition_complete"": false, ""completed_steps"": [""r2_bearing_right"", ""r2_bearing_left"", ""r1_gear_rod"", ""r1_bearing_right"", ""r1_bearing_left"", ""r2_gear_rod"", ""r2_fasten_first_stand"", ""r2_insert_rod_and_fit_second"", ""r2_fasten_second_stand""], ""head_rotation_deg"": null, ""head_translation_m"": null, ""left_hand_translation_m"": null, ""removed_tool_ids"": [14, 15, 18, 19, 20, 21, 26, 27, 28], ""right_hand_translation_m"": null, ""selected_step"": ""r1_fasten_first_stand"", ""step_attempt"": 8, ""step_elapsed_s"": 4.191654169932008, ""step_event_index"": 31, ""total_hand_translation_m"": null, ""trial_finished_elapsed_s"": null, ""trial_recording"": true, ""trial_required_tool_ids"": [36]}"
2026-09-04T17:31:08.266-04:00,apoorva,gesture,tts_started,lifecycle,r1_fasten_first_stand,Row 1.4: fasten right stand,ready,8,32,,,,4.218873,,,,,,,,,,,,,,,,handle,,,,,"{""acquired_tool_ids"": [], ""acquisition_complete"": false, ""completed_steps"": [""r2_bearing_right"", ""r2_bearing_left"", ""r1_gear_rod"", ""r1_bearing_right"", ""r1_bearing_left"", ""r2_gear_rod"", ""r2_fasten_first_stand"", ""r2_insert_rod_and_fit_second"", ""r2_fasten_second_stand""], ""head_rotation_deg"": null, ""head_translation_m"": null, ""left_hand_translation_m"": null, ""removed_tool_ids"": [14, 15, 18, 19, 20, 21, 26, 27, 28], ""right_hand_translation_m"": null, ""selected_step"": ""r1_fasten_first_stand"", ""step_attempt"": 8, ""step_elapsed_s"": 4.218885257025249, ""step_event_index"": 32, ""total_hand_translation_m"": null, ""trial_finished_elapsed_s"": null, ""trial_recording"": true, ""trial_required_tool_ids"": [36]}"
2026-09-04T17:31:08.361-04:00,apoorva,gesture,hover,hover,r1_fasten_first_stand,Row 1.4: fasten right stand,ready,8,33,34,BEARINGS,,,,,,,,,,,,,,,,,,,,,,,"{""acquired_tool_ids"": [], ""acquisition_complete"": false, ""completed_steps"": [""r2_bearing_right"", ""r2_bearing_left"", ""r1_gear_rod"", ""r1_bearing_right"", ""r1_bearing_left"", ""r2_gear_rod"", ""r2_fasten_first_stand"", ""r2_insert_rod_and_fit_second"", ""r2_fasten_second_stand""], ""head_rotation_deg"": null, ""head_translation_m"": null, ""left_hand_translation_m"": null, ""removed_tool_ids"": [14, 15, 18, 19, 20, 21, 26, 27, 28], ""right_hand_translation_m"": null, ""selected_step"": ""r1_fasten_first_stand"", ""step_attempt"": 8, ""step_elapsed_s"": 4.314525688998401, ""step_event_index"": 33, ""total_hand_translation_m"": null, ""trial_finished_elapsed_s"": null, ""trial_recording"": true, ""trial_required_tool_ids"": [36]}"
2026-09-04T17:31:08.384-04:00,apoorva,gesture,tts_queued,lifecycle,r1_fasten_first_stand,Row 1.4: fasten right stand,ready,8,34,,,,4.337268,,,,,,,,,,,,,,,,bearing,,,replace_hover,,"{""acquired_tool_ids"": [], ""acquisition_complete"": false, ""completed_steps"": [""r2_bearing_right"", ""r2_bearing_left"", ""r1_gear_rod"", ""r1_bearing_right"", ""r1_bearing_left"", ""r2_gear_rod"", ""r2_fasten_first_stand"", ""r2_insert_rod_and_fit_second"", ""r2_fasten_second_stand""], ""head_rotation_deg"": null, ""head_translation_m"": null, ""left_hand_translation_m"": null, ""removed_tool_ids"": [14, 15, 18, 19, 20, 21, 26, 27, 28], ""right_hand_translation_m"": null, ""selected_step"": ""r1_fasten_first_stand"", ""step_attempt"": 8, ""step_elapsed_s"": 4.33727697096765, ""step_event_index"": 34, ""total_hand_translation_m"": null, ""trial_finished_elapsed_s"": null, ""trial_recording"": true, ""trial_required_tool_ids"": [36]}"
2026-09-04T17:31:08.404-04:00,apoorva,gesture,tts_finished,lifecycle,r1_fasten_first_stand,Row 1.4: fasten right stand,ready,8,35,,,,4.356960,,,,,,,,,,,,,,,,handle,,,,,"{""acquired_tool_ids"": [], ""acquisition_complete"": false, ""completed_steps"": [""r2_bearing_right"", ""r2_bearing_left"", ""r1_gear_rod"", ""r1_bearing_right"", ""r1_bearing_left"", ""r2_gear_rod"", ""r2_fasten_first_stand"", ""r2_insert_rod_and_fit_second"", ""r2_fasten_second_stand""], ""head_rotation_deg"": null, ""head_translation_m"": null, ""left_hand_translation_m"": null, ""removed_tool_ids"": [14, 15, 18, 19, 20, 21, 26, 27, 28], ""right_hand_translation_m"": null, ""selected_step"": ""r1_fasten_first_stand"", ""step_attempt"": 8, ""step_elapsed_s"": 4.35696928401012, ""step_event_index"": 35, ""total_hand_translation_m"": null, ""trial_finished_elapsed_s"": null, ""trial_recording"": true, ""trial_required_tool_ids"": [36]}"
2026-09-04T17:31:08.454-04:00,apoorva,gesture,tts_started,lifecycle,r1_fasten_first_stand,Row 1.4: fasten right stand,ready,8,36,,,,4.407172,,,,,,,,,,,,,,,,bearing,,,,,"{""acquired_tool_ids"": [], ""acquisition_complete"": false, ""completed_steps"": [""r2_bearing_right"", ""r2_bearing_left"", ""r1_gear_rod"", ""r1_bearing_right"", ""r1_bearing_left"", ""r2_gear_rod"", ""r2_fasten_first_stand"", ""r2_insert_rod_and_fit_second"", ""r2_fasten_second_stand""], ""head_rotation_deg"": null, ""head_translation_m"": null, ""left_hand_translation_m"": null, ""removed_tool_ids"": [14, 15, 18, 19, 20, 21, 26, 27, 28], ""right_hand_translation_m"": null, ""selected_step"": ""r1_fasten_first_stand"", ""step_attempt"": 8, ""step_elapsed_s"": 4.4071823810227215, ""step_event_index"": 36, ""total_hand_translation_m"": null, ""trial_finished_elapsed_s"": null, ""trial_recording"": true, ""trial_required_tool_ids"": [36]}"
2026-09-04T17:31:08.659-04:00,apoorva,gesture,hover,hover,r1_fasten_first_stand,Row 1.4: fasten right stand,ready,8,37,35,SCREWS,,,,,,,,,,,,,,,,,,,,,,,"{""acquired_tool_ids"": [], ""acquisition_complete"": false, ""completed_steps"": [""r2_bearing_right"", ""r2_bearing_left"", ""r1_gear_rod"", ""r1_bearing_right"", ""r1_bearing_left"", ""r2_gear_rod"", ""r2_fasten_first_stand"", ""r2_insert_rod_and_fit_second"", ""r2_fasten_second_stand""], ""head_rotation_deg"": null, ""head_translation_m"": null, ""left_hand_translation_m"": null, ""removed_tool_ids"": [14, 15, 18, 19, 20, 21, 26, 27, 28], ""right_hand_translation_m"": null, ""selected_step"": ""r1_fasten_first_stand"", ""step_attempt"": 8, ""step_elapsed_s"": 4.6117593459784985, ""step_event_index"": 37, ""total_hand_translation_m"": null, ""trial_finished_elapsed_s"": null, ""trial_recording"": true, ""trial_required_tool_ids"": [36]}"
2026-09-04T17:31:08.689-04:00,apoorva,gesture,tts_queued,lifecycle,r1_fasten_first_stand,Row 1.4: fasten right stand,ready,8,38,,,,4.641839,,,,,,,,,,,,,,,,screw,,,replace_hover,,"{""acquired_tool_ids"": [], ""acquisition_complete"": false, ""completed_steps"": [""r2_bearing_right"", ""r2_bearing_left"", ""r1_gear_rod"", ""r1_bearing_right"", ""r1_bearing_left"", ""r2_gear_rod"", ""r2_fasten_first_stand"", ""r2_insert_rod_and_fit_second"", ""r2_fasten_second_stand""], ""head_rotation_deg"": null, ""head_translation_m"": null, ""left_hand_translation_m"": null, ""removed_tool_ids"": [14, 15, 18, 19, 20, 21, 26, 27, 28], ""right_hand_translation_m"": null, ""selected_step"": ""r1_fasten_first_stand"", ""step_attempt"": 8, ""step_elapsed_s"": 4.641849506995641, ""step_event_index"": 38, ""total_hand_translation_m"": null, ""trial_finished_elapsed_s"": null, ""trial_recording"": true, ""trial_required_tool_ids"": [36]}"
2026-09-04T17:31:08.722-04:00,apoorva,gesture,tts_finished,lifecycle,r1_fasten_first_stand,Row 1.4: fasten right stand,ready,8,39,,,,4.674854,,,,,,,,,,,,,,,,bearing,,,,,"{""acquired_tool_ids"": [], ""acquisition_complete"": false, ""completed_steps"": [""r2_bearing_right"", ""r2_bearing_left"", ""r1_gear_rod"", ""r1_bearing_right"", ""r1_bearing_left"", ""r2_gear_rod"", ""r2_fasten_first_stand"", ""r2_insert_rod_and_fit_second"", ""r2_fasten_second_stand""], ""head_rotation_deg"": null, ""head_translation_m"": null, ""left_hand_translation_m"": null, ""removed_tool_ids"": [14, 15, 18, 19, 20, 21, 26, 27, 28], ""right_hand_translation_m"": null, ""selected_step"": ""r1_fasten_first_stand"", ""step_attempt"": 8, ""step_elapsed_s"": 4.674870991962962, ""step_event_index"": 39, ""total_hand_translation_m"": null, ""trial_finished_elapsed_s"": null, ""trial_recording"": true, ""trial_required_tool_ids"": [36]}"
2026-09-04T17:31:08.737-04:00,apoorva,gesture,tts_started,lifecycle,r1_fasten_first_stand,Row 1.4: fasten right stand,ready,8,40,,,,4.690546,,,,,,,,,,,,,,,,screw,,,,,"{""acquired_tool_ids"": [], ""acquisition_complete"": false, ""completed_steps"": [""r2_bearing_right"", ""r2_bearing_left"", ""r1_gear_rod"", ""r1_bearing_right"", ""r1_bearing_left"", ""r2_gear_rod"", ""r2_fasten_first_stand"", ""r2_insert_rod_and_fit_second"", ""r2_fasten_second_stand""], ""head_rotation_deg"": null, ""head_translation_m"": null, ""left_hand_translation_m"": null, ""removed_tool_ids"": [14, 15, 18, 19, 20, 21, 26, 27, 28], ""right_hand_translation_m"": null, ""selected_step"": ""r1_fasten_first_stand"", ""step_attempt"": 8, ""step_elapsed_s"": 4.690555042005144, ""step_event_index"": 40, ""total_hand_translation_m"": null, ""trial_finished_elapsed_s"": null, ""trial_recording"": true, ""trial_required_tool_ids"": [36]}"
2026-09-04T17:31:09.317-04:00,apoorva,gesture,tts_finished,lifecycle,r1_fasten_first_stand,Row 1.4: fasten right stand,ready,8,41,,,,5.270278,,,,,,,,,,,,,,,,screw,,,,,"{""acquired_tool_ids"": [], ""acquisition_complete"": false, ""completed_steps"": [""r2_bearing_right"", ""r2_bearing_left"", ""r1_gear_rod"", ""r1_bearing_right"", ""r1_bearing_left"", ""r2_gear_rod"", ""r2_fasten_first_stand"", ""r2_insert_rod_and_fit_second"", ""r2_fasten_second_stand""], ""head_rotation_deg"": null, ""head_translation_m"": null, ""left_hand_translation_m"": null, ""removed_tool_ids"": [14, 15, 18, 19, 20, 21, 26, 27, 28], ""right_hand_translation_m"": null, ""selected_step"": ""r1_fasten_first_stand"", ""step_attempt"": 8, ""step_elapsed_s"": 5.270292495959438, ""step_event_index"": 41, ""total_hand_translation_m"": null, ""trial_finished_elapsed_s"": null, ""trial_recording"": true, ""trial_required_tool_ids"": [36]}"
2026-09-04T17:31:09.991-04:00,apoorva,gesture,hover,hover,r1_fasten_first_stand,Row 1.4: fasten right stand,ready,8,42,35,SCREWS,,,,,,,,,,,,,,,,,,,,,,,"{""acquired_tool_ids"": [], ""acquisition_complete"": false, ""completed_steps"": [""r2_bearing_right"", ""r2_bearing_left"", ""r1_gear_rod"", ""r1_bearing_right"", ""r1_bearing_left"", ""r2_gear_rod"", ""r2_fasten_first_stand"", ""r2_insert_rod_and_fit_second"", ""r2_fasten_second_stand""], ""head_rotation_deg"": null, ""head_translation_m"": null, ""left_hand_translation_m"": null, ""removed_tool_ids"": [14, 15, 18, 19, 20, 21, 26, 27, 28], ""right_hand_translation_m"": null, ""selected_step"": ""r1_fasten_first_stand"", ""step_attempt"": 8, ""step_elapsed_s"": 5.94389345694799, ""step_event_index"": 42, ""total_hand_translation_m"": null, ""trial_finished_elapsed_s"": null, ""trial_recording"": true, ""trial_required_tool_ids"": [36]}"
2026-09-04T17:31:10.025-04:00,apoorva,gesture,tts_queued,lifecycle,r1_fasten_first_stand,Row 1.4: fasten right stand,ready,8,43,,,,5.978115,,,,,,,,,,,,,,,,screw,,,replace_hover,,"{""acquired_tool_ids"": [], ""acquisition_complete"": false, ""completed_steps"": [""r2_bearing_right"", ""r2_bearing_left"", ""r1_gear_rod"", ""r1_bearing_right"", ""r1_bearing_left"", ""r2_gear_rod"", ""r2_fasten_first_stand"", ""r2_insert_rod_and_fit_second"", ""r2_fasten_second_stand""], ""head_rotation_deg"": null, ""head_translation_m"": null, ""left_hand_translation_m"": null, ""removed_tool_ids"": [14, 15, 18, 19, 20, 21, 26, 27, 28], ""right_hand_translation_m"": null, ""selected_step"": ""r1_fasten_first_stand"", ""step_attempt"": 8, ""step_elapsed_s"": 5.97812514193356, ""step_event_index"": 43, ""total_hand_translation_m"": null, ""trial_finished_elapsed_s"": null, ""trial_recording"": true, ""trial_required_tool_ids"": [36]}"
2026-09-04T17:31:10.090-04:00,apoorva,gesture,tts_started,lifecycle,r1_fasten_first_stand,Row 1.4: fasten right stand,ready,8,44,,,,6.043204,,,,,,,,,,,,,,,,screw,,,,,"{""acquired_tool_ids"": [], ""acquisition_complete"": false, ""completed_steps"": [""r2_bearing_right"", ""r2_bearing_left"", ""r1_gear_rod"", ""r1_bearing_right"", ""r1_bearing_left"", ""r2_gear_rod"", ""r2_fasten_first_stand"", ""r2_insert_rod_and_fit_second"", ""r2_fasten_second_stand""], ""head_rotation_deg"": null, ""head_translation_m"": null, ""left_hand_translation_m"": null, ""removed_tool_ids"": [14, 15, 18, 19, 20, 21, 26, 27, 28], ""right_hand_translation_m"": null, ""selected_step"": ""r1_fasten_first_stand"", ""step_attempt"": 8, ""step_elapsed_s"": 6.043214443954639, ""step_event_index"": 44, ""total_hand_translation_m"": null, ""trial_finished_elapsed_s"": null, ""trial_recording"": true, ""trial_required_tool_ids"": [36]}"
2026-09-04T17:31:10.667-04:00,apoorva,gesture,tts_finished,lifecycle,r1_fasten_first_stand,Row 1.4: fasten right stand,ready,8,45,,,,6.619657,,,,,,,,,,,,,,,,screw,,,,,"{""acquired_tool_ids"": [], ""acquisition_complete"": false, ""completed_steps"": [""r2_bearing_right"", ""r2_bearing_left"", ""r1_gear_rod"", ""r1_bearing_right"", ""r1_bearing_left"", ""r2_gear_rod"", ""r2_fasten_first_stand"", ""r2_insert_rod_and_fit_second"", ""r2_fasten_second_stand""], ""head_rotation_deg"": null, ""head_translation_m"": null, ""left_hand_translation_m"": null, ""removed_tool_ids"": [14, 15, 18, 19, 20, 21, 26, 27, 28], ""right_hand_translation_m"": null, ""selected_step"": ""r1_fasten_first_stand"", ""step_attempt"": 8, ""step_elapsed_s"": 6.619669259991497, ""step_event_index"": 45, ""total_hand_translation_m"": null, ""trial_finished_elapsed_s"": null, ""trial_recording"": true, ""trial_required_tool_ids"": [36]}"
2026-09-04T17:31:11.299-04:00,apoorva,gesture,tts_queued,lifecycle,r1_fasten_first_stand,Row 1.4: fasten right stand,ready,8,46,,,,7.252064,,,,,,,,,,,,,,,,Wrong part.,,,replace,,"{""acquired_tool_ids"": [], ""acquisition_complete"": false, ""completed_steps"": [""r2_bearing_right"", ""r2_bearing_left"", ""r1_gear_rod"", ""r1_bearing_right"", ""r1_bearing_left"", ""r2_gear_rod"", ""r2_fasten_first_stand"", ""r2_insert_rod_and_fit_second"", ""r2_fasten_second_stand""], ""head_rotation_deg"": null, ""head_translation_m"": null, ""left_hand_translation_m"": null, ""removed_tool_ids"": [14, 15, 18, 19, 20, 21, 26, 27, 28], ""right_hand_translation_m"": null, ""selected_step"": ""r1_fasten_first_stand"", ""step_attempt"": 8, ""step_elapsed_s"": 7.252088192035444, ""step_event_index"": 46, ""total_hand_translation_m"": null, ""trial_finished_elapsed_s"": null, ""trial_recording"": true, ""trial_required_tool_ids"": [36]}"
2026-09-04T17:31:11.360-04:00,apoorva,gesture,part_selection,click,r1_fasten_first_stand,Row 1.4: fasten right stand,ready,8,47,35,SCREWS,7.312958,7.312958,,,,,,,,,,,,,,,0,,,,,,"{""acquired_tool_ids"": [], ""acquisition_complete"": false, ""completed_steps"": [""r2_bearing_right"", ""r2_bearing_left"", ""r1_gear_rod"", ""r1_bearing_right"", ""r1_bearing_left"", ""r2_gear_rod"", ""r2_fasten_first_stand"", ""r2_insert_rod_and_fit_second"", ""r2_fasten_second_stand""], ""head_rotation_deg"": null, ""head_translation_m"": null, ""left_hand_translation_m"": null, ""removed_tool_ids"": [14, 15, 18, 19, 20, 21, 26, 27, 28], ""right_hand_translation_m"": null, ""selected_step"": ""r1_fasten_first_stand"", ""step_attempt"": 8, ""step_elapsed_s"": 7.3130124469753355, ""step_event_index"": 47, ""total_hand_translation_m"": null, ""trial_finished_elapsed_s"": null, ""trial_recording"": true, ""trial_required_tool_ids"": [36]}"
2026-09-04T17:31:11.435-04:00,apoorva,gesture,tts_started,lifecycle,r1_fasten_first_stand,Row 1.4: fasten right stand,ready,8,48,,,,7.387992,,,,,,,,,,,,,,,,Wrong part.,,,,,"{""acquired_tool_ids"": [], ""acquisition_complete"": false, ""completed_steps"": [""r2_bearing_right"", ""r2_bearing_left"", ""r1_gear_rod"", ""r1_bearing_right"", ""r1_bearing_left"", ""r2_gear_rod"", ""r2_fasten_first_stand"", ""r2_insert_rod_and_fit_second"", ""r2_fasten_second_stand""], ""head_rotation_deg"": null, ""head_translation_m"": null, ""left_hand_translation_m"": null, ""removed_tool_ids"": [14, 15, 18, 19, 20, 21, 26, 27, 28], ""right_hand_translation_m"": null, ""selected_step"": ""r1_fasten_first_stand"", ""step_attempt"": 8, ""step_elapsed_s"": 7.38800265500322, ""step_event_index"": 48, ""total_hand_translation_m"": null, ""trial_finished_elapsed_s"": null, ""trial_recording"": true, ""trial_required_tool_ids"": [36]}"
2026-09-04T17:31:12.204-04:00,apoorva,gesture,tts_finished,lifecycle,r1_fasten_first_stand,Row 1.4: fasten right stand,ready,8,49,,,,8.156807,,,,,,,,,,,,,,,,Wrong part.,,,,,"{""acquired_tool_ids"": [], ""acquisition_complete"": false, ""completed_steps"": [""r2_bearing_right"", ""r2_bearing_left"", ""r1_gear_rod"", ""r1_bearing_right"", ""r1_bearing_left"", ""r2_gear_rod"", ""r2_fasten_first_stand"", ""r2_insert_rod_and_fit_second"", ""r2_fasten_second_stand""], ""head_rotation_deg"": null, ""head_translation_m"": null, ""left_hand_translation_m"": null, ""removed_tool_ids"": [14, 15, 18, 19, 20, 21, 26, 27, 28], ""right_hand_translation_m"": null, ""selected_step"": ""r1_fasten_first_stand"", ""step_attempt"": 8, ""step_elapsed_s"": 8.15681835100986, ""step_event_index"": 49, ""total_hand_translation_m"": null, ""trial_finished_elapsed_s"": null, ""trial_recording"": true, ""trial_required_tool_ids"": [36]}"
2026-09-04T17:31:12.634-04:00,apoorva,gesture,hover,hover,r1_fasten_first_stand,Row 1.4: fasten right stand,ready,8,50,34,BEARINGS,,,,,,,,,,,,,,,,,,,,,,,"{""acquired_tool_ids"": [], ""acquisition_complete"": false, ""completed_steps"": [""r2_bearing_right"", ""r2_bearing_left"", ""r1_gear_rod"", ""r1_bearing_right"", ""r1_bearing_left"", ""r2_gear_rod"", ""r2_fasten_first_stand"", ""r2_insert_rod_and_fit_second"", ""r2_fasten_second_stand""], ""head_rotation_deg"": null, ""head_translation_m"": null, ""left_hand_translation_m"": null, ""removed_tool_ids"": [14, 15, 18, 19, 20, 21, 26, 27, 28], ""right_hand_translation_m"": null, ""selected_step"": ""r1_fasten_first_stand"", ""step_attempt"": 8, ""step_elapsed_s"": 8.587465713964775, ""step_event_index"": 50, ""total_hand_translation_m"": null, ""trial_finished_elapsed_s"": null, ""trial_recording"": true, ""trial_required_tool_ids"": [36]}"
2026-09-04T17:31:12.683-04:00,apoorva,gesture,tts_queued,lifecycle,r1_fasten_first_stand,Row 1.4: fasten right stand,ready,8,51,,,,8.636426,,,,,,,,,,,,,,,,bearing,,,replace_hover,,"{""acquired_tool_ids"": [], ""acquisition_complete"": false, ""completed_steps"": [""r2_bearing_right"", ""r2_bearing_left"", ""r1_gear_rod"", ""r1_bearing_right"", ""r1_bearing_left"", ""r2_gear_rod"", ""r2_fasten_first_stand"", ""r2_insert_rod_and_fit_second"", ""r2_fasten_second_stand""], ""head_rotation_deg"": null, ""head_translation_m"": null, ""left_hand_translation_m"": null, ""removed_tool_ids"": [14, 15, 18, 19, 20, 21, 26, 27, 28], ""right_hand_translation_m"": null, ""selected_step"": ""r1_fasten_first_stand"", ""step_attempt"": 8, ""step_elapsed_s"": 8.636444221949205, ""step_event_index"": 51, ""total_hand_translation_m"": null, ""trial_finished_elapsed_s"": null, ""trial_recording"": true, ""trial_required_tool_ids"": [36]}"
2026-09-04T17:31:12.803-04:00,apoorva,gesture,hover,hover,r1_fasten_first_stand,Row 1.4: fasten right stand,ready,8,52,32,CRANK_HANDLE,,,,,,,,,,,,,,,,,,,,,,,"{""acquired_tool_ids"": [], ""acquisition_complete"": false, ""completed_steps"": [""r2_bearing_right"", ""r2_bearing_left"", ""r1_gear_rod"", ""r1_bearing_right"", ""r1_bearing_left"", ""r2_gear_rod"", ""r2_fasten_first_stand"", ""r2_insert_rod_and_fit_second"", ""r2_fasten_second_stand""], ""head_rotation_deg"": null, ""head_translation_m"": null, ""left_hand_translation_m"": null, ""removed_tool_ids"": [14, 15, 18, 19, 20, 21, 26, 27, 28], ""right_hand_translation_m"": null, ""selected_step"": ""r1_fasten_first_stand"", ""step_attempt"": 8, ""step_elapsed_s"": 8.755697794957086, ""step_event_index"": 52, ""total_hand_translation_m"": null, ""trial_finished_elapsed_s"": null, ""trial_recording"": true, ""trial_required_tool_ids"": [36]}"
2026-09-04T17:31:12.827-04:00,apoorva,gesture,tts_queued,lifecycle,r1_fasten_first_stand,Row 1.4: fasten right stand,ready,8,53,,,,8.779675,,,,,,,,,,,,,,,,handle,,,replace_hover,,"{""acquired_tool_ids"": [], ""acquisition_complete"": false, ""completed_steps"": [""r2_bearing_right"", ""r2_bearing_left"", ""r1_gear_rod"", ""r1_bearing_right"", ""r1_bearing_left"", ""r2_gear_rod"", ""r2_fasten_first_stand"", ""r2_insert_rod_and_fit_second"", ""r2_fasten_second_stand""], ""head_rotation_deg"": null, ""head_translation_m"": null, ""left_hand_translation_m"": null, ""removed_tool_ids"": [14, 15, 18, 19, 20, 21, 26, 27, 28], ""right_hand_translation_m"": null, ""selected_step"": ""r1_fasten_first_stand"", ""step_attempt"": 8, ""step_elapsed_s"": 8.779686062945984, ""step_event_index"": 53, ""total_hand_translation_m"": null, ""trial_finished_elapsed_s"": null, ""trial_recording"": true, ""trial_required_tool_ids"": [36]}"
2026-09-04T17:31:12.859-04:00,apoorva,gesture,hover,hover,r1_fasten_first_stand,Row 1.4: fasten right stand,ready,8,54,31,GEAR_ROW4_LEFT,,,,,,,,,,,,,,,,,,,,,,,"{""acquired_tool_ids"": [], ""acquisition_complete"": false, ""completed_steps"": [""r2_bearing_right"", ""r2_bearing_left"", ""r1_gear_rod"", ""r1_bearing_right"", ""r1_bearing_left"", ""r2_gear_rod"", ""r2_fasten_first_stand"", ""r2_insert_rod_and_fit_second"", ""r2_fasten_second_stand""], ""head_rotation_deg"": null, ""head_translation_m"": null, ""left_hand_translation_m"": null, ""removed_tool_ids"": [14, 15, 18, 19, 20, 21, 26, 27, 28], ""right_hand_translation_m"": null, ""selected_step"": ""r1_fasten_first_stand"", ""step_attempt"": 8, ""step_elapsed_s"": 8.811893943930045, ""step_event_index"": 54, ""total_hand_translation_m"": null, ""trial_finished_elapsed_s"": null, ""trial_recording"": true, ""trial_required_tool_ids"": [36]}"
2026-09-04T17:31:12.872-04:00,apoorva,gesture,tts_queued,lifecycle,r1_fasten_first_stand,Row 1.4: fasten right stand,ready,8,55,,,,8.825094,,,,,,,,,,,,,,,,Row 4 left gear,,,replace_hover,,"{""acquired_tool_ids"": [], ""acquisition_complete"": false, ""completed_steps"": [""r2_bearing_right"", ""r2_bearing_left"", ""r1_gear_rod"", ""r1_bearing_right"", ""r1_bearing_left"", ""r2_gear_rod"", ""r2_fasten_first_stand"", ""r2_insert_rod_and_fit_second"", ""r2_fasten_second_stand""], ""head_rotation_deg"": null, ""head_translation_m"": null, ""left_hand_translation_m"": null, ""removed_tool_ids"": [14, 15, 18, 19, 20, 21, 26, 27, 28], ""right_hand_translation_m"": null, ""selected_step"": ""r1_fasten_first_stand"", ""step_attempt"": 8, ""step_elapsed_s"": 8.825105338008143, ""step_event_index"": 55, ""total_hand_translation_m"": null, ""trial_finished_elapsed_s"": null, ""trial_recording"": true, ""trial_required_tool_ids"": [36]}"
2026-09-04T17:31:12.941-04:00,apoorva,gesture,tts_started,lifecycle,r1_fasten_first_stand,Row 1.4: fasten right stand,ready,8,56,,,,8.894124,,,,,,,,,,,,,,,,bearing,,,,,"{""acquired_tool_ids"": [], ""acquisition_complete"": false, ""completed_steps"": [""r2_bearing_right"", ""r2_bearing_left"", ""r1_gear_rod"", ""r1_bearing_right"", ""r1_bearing_left"", ""r2_gear_rod"", ""r2_fasten_first_stand"", ""r2_insert_rod_and_fit_second"", ""r2_fasten_second_stand""], ""head_rotation_deg"": null, ""head_translation_m"": null, ""left_hand_translation_m"": null, ""removed_tool_ids"": [14, 15, 18, 19, 20, 21, 26, 27, 28], ""right_hand_translation_m"": null, ""selected_step"": ""r1_fasten_first_stand"", ""step_attempt"": 8, ""step_elapsed_s"": 8.89413374196738, ""step_event_index"": 56, ""total_hand_translation_m"": null, ""trial_finished_elapsed_s"": null, ""trial_recording"": true, ""trial_required_tool_ids"": [36]}"
2026-09-04T17:31:12.970-04:00,apoorva,gesture,tts_finished,lifecycle,r1_fasten_first_stand,Row 1.4: fasten right stand,ready,8,57,,,,8.923363,,,,,,,,,,,,,,,,bearing,,,,,"{""acquired_tool_ids"": [], ""acquisition_complete"": false, ""completed_steps"": [""r2_bearing_right"", ""r2_bearing_left"", ""r1_gear_rod"", ""r1_bearing_right"", ""r1_bearing_left"", ""r2_gear_rod"", ""r2_fasten_first_stand"", ""r2_insert_rod_and_fit_second"", ""r2_fasten_second_stand""], ""head_rotation_deg"": null, ""head_translation_m"": null, ""left_hand_translation_m"": null, ""removed_tool_ids"": [14, 15, 18, 19, 20, 21, 26, 27, 28], ""right_hand_translation_m"": null, ""selected_step"": ""r1_fasten_first_stand"", ""step_attempt"": 8, ""step_elapsed_s"": 8.923376446007751, ""step_event_index"": 57, ""total_hand_translation_m"": null, ""trial_finished_elapsed_s"": null, ""trial_recording"": true, ""trial_required_tool_ids"": [36]}"
2026-09-04T17:31:12.986-04:00,apoorva,gesture,tts_started,lifecycle,r1_fasten_first_stand,Row 1.4: fasten right stand,ready,8,58,,,,8.939181,,,,,,,,,,,,,,,,handle,,,,,"{""acquired_tool_ids"": [], ""acquisition_complete"": false, ""completed_steps"": [""r2_bearing_right"", ""r2_bearing_left"", ""r1_gear_rod"", ""r1_bearing_right"", ""r1_bearing_left"", ""r2_gear_rod"", ""r2_fasten_first_stand"", ""r2_insert_rod_and_fit_second"", ""r2_fasten_second_stand""], ""head_rotation_deg"": null, ""head_translation_m"": null, ""left_hand_translation_m"": null, ""removed_tool_ids"": [14, 15, 18, 19, 20, 21, 26, 27, 28], ""right_hand_translation_m"": null, ""selected_step"": ""r1_fasten_first_stand"", ""step_attempt"": 8, ""step_elapsed_s"": 8.939187115989625, ""step_event_index"": 58, ""total_hand_translation_m"": null, ""trial_finished_elapsed_s"": null, ""trial_recording"": true, ""trial_required_tool_ids"": [36]}"
2026-09-04T17:31:13.018-04:00,apoorva,gesture,tts_finished,lifecycle,r1_fasten_first_stand,Row 1.4: fasten right stand,ready,8,59,,,,8.971531,,,,,,,,,,,,,,,,handle,,,,,"{""acquired_tool_ids"": [], ""acquisition_complete"": false, ""completed_steps"": [""r2_bearing_right"", ""r2_bearing_left"", ""r1_gear_rod"", ""r1_bearing_right"", ""r1_bearing_left"", ""r2_gear_rod"", ""r2_fasten_first_stand"", ""r2_insert_rod_and_fit_second"", ""r2_fasten_second_stand""], ""head_rotation_deg"": null, ""head_translation_m"": null, ""left_hand_translation_m"": null, ""removed_tool_ids"": [14, 15, 18, 19, 20, 21, 26, 27, 28], ""right_hand_translation_m"": null, ""selected_step"": ""r1_fasten_first_stand"", ""step_attempt"": 8, ""step_elapsed_s"": 8.971540355938487, ""step_event_index"": 59, ""total_hand_translation_m"": null, ""trial_finished_elapsed_s"": null, ""trial_recording"": true, ""trial_required_tool_ids"": [36]}"
2026-09-04T17:31:13.053-04:00,apoorva,gesture,tts_started,lifecycle,r1_fasten_first_stand,Row 1.4: fasten right stand,ready,8,60,,,,9.006485,,,,,,,,,,,,,,,,Row 4 left gear,,,,,"{""acquired_tool_ids"": [], ""acquisition_complete"": false, ""completed_steps"": [""r2_bearing_right"", ""r2_bearing_left"", ""r1_gear_rod"", ""r1_bearing_right"", ""r1_bearing_left"", ""r2_gear_rod"", ""r2_fasten_first_stand"", ""r2_insert_rod_and_fit_second"", ""r2_fasten_second_stand""], ""head_rotation_deg"": null, ""head_translation_m"": null, ""left_hand_translation_m"": null, ""removed_tool_ids"": [14, 15, 18, 19, 20, 21, 26, 27, 28], ""right_hand_translation_m"": null, ""selected_step"": ""r1_fasten_first_stand"", ""step_attempt"": 8, ""step_elapsed_s"": 9.006494791945443, ""step_event_index"": 60, ""total_hand_translation_m"": null, ""trial_finished_elapsed_s"": null, ""trial_recording"": true, ""trial_required_tool_ids"": [36]}"
2026-09-04T17:31:13.724-04:00,apoorva,gesture,hover,hover,r1_fasten_first_stand,Row 1.4: fasten right stand,ready,8,61,31,GEAR_ROW4_LEFT,,,,,,,,,,,,,,,,,,,,,,,"{""acquired_tool_ids"": [], ""acquisition_complete"": false, ""completed_steps"": [""r2_bearing_right"", ""r2_bearing_left"", ""r1_gear_rod"", ""r1_bearing_right"", ""r1_bearing_left"", ""r2_gear_rod"", ""r2_fasten_first_stand"", ""r2_insert_rod_and_fit_second"", ""r2_fasten_second_stand""], ""head_rotation_deg"": null, ""head_translation_m"": null, ""left_hand_translation_m"": null, ""removed_tool_ids"": [14, 15, 18, 19, 20, 21, 26, 27, 28], ""right_hand_translation_m"": null, ""selected_step"": ""r1_fasten_first_stand"", ""step_attempt"": 8, ""step_elapsed_s"": 9.677518863929436, ""step_event_index"": 61, ""total_hand_translation_m"": null, ""trial_finished_elapsed_s"": null, ""trial_recording"": true, ""trial_required_tool_ids"": [36]}"
2026-09-04T17:31:13.781-04:00,apoorva,gesture,tts_queued,lifecycle,r1_fasten_first_stand,Row 1.4: fasten right stand,ready,8,62,,,,9.734404,,,,,,,,,,,,,,,,Row 4 left gear,,,replace_hover,,"{""acquired_tool_ids"": [], ""acquisition_complete"": false, ""completed_steps"": [""r2_bearing_right"", ""r2_bearing_left"", ""r1_gear_rod"", ""r1_bearing_right"", ""r1_bearing_left"", ""r2_gear_rod"", ""r2_fasten_first_stand"", ""r2_insert_rod_and_fit_second"", ""r2_fasten_second_stand""], ""head_rotation_deg"": null, ""head_translation_m"": null, ""left_hand_translation_m"": null, ""removed_tool_ids"": [14, 15, 18, 19, 20, 21, 26, 27, 28], ""right_hand_translation_m"": null, ""selected_step"": ""r1_fasten_first_stand"", ""step_attempt"": 8, ""step_elapsed_s"": 9.734414889942855, ""step_event_index"": 62, ""total_hand_translation_m"": null, ""trial_finished_elapsed_s"": null, ""trial_recording"": true, ""trial_required_tool_ids"": [36]}"
2026-09-04T17:31:13.867-04:00,apoorva,gesture,tts_finished,lifecycle,r1_fasten_first_stand,Row 1.4: fasten right stand,ready,8,63,,,,9.820032,,,,,,,,,,,,,,,,Row 4 left gear,,,,,"{""acquired_tool_ids"": [], ""acquisition_complete"": false, ""completed_steps"": [""r2_bearing_right"", ""r2_bearing_left"", ""r1_gear_rod"", ""r1_bearing_right"", ""r1_bearing_left"", ""r2_gear_rod"", ""r2_fasten_first_stand"", ""r2_insert_rod_and_fit_second"", ""r2_fasten_second_stand""], ""head_rotation_deg"": null, ""head_translation_m"": null, ""left_hand_translation_m"": null, ""removed_tool_ids"": [14, 15, 18, 19, 20, 21, 26, 27, 28], ""right_hand_translation_m"": null, ""selected_step"": ""r1_fasten_first_stand"", ""step_attempt"": 8, ""step_elapsed_s"": 9.820048447931185, ""step_event_index"": 63, ""total_hand_translation_m"": null, ""trial_finished_elapsed_s"": null, ""trial_recording"": true, ""trial_required_tool_ids"": [36]}"
2026-09-04T17:31:13.929-04:00,apoorva,gesture,tts_started,lifecycle,r1_fasten_first_stand,Row 1.4: fasten right stand,ready,8,64,,,,9.882284,,,,,,,,,,,,,,,,Row 4 left gear,,,,,"{""acquired_tool_ids"": [], ""acquisition_complete"": false, ""completed_steps"": [""r2_bearing_right"", ""r2_bearing_left"", ""r1_gear_rod"", ""r1_bearing_right"", ""r1_bearing_left"", ""r2_gear_rod"", ""r2_fasten_first_stand"", ""r2_insert_rod_and_fit_second"", ""r2_fasten_second_stand""], ""head_rotation_deg"": null, ""head_translation_m"": null, ""left_hand_translation_m"": null, ""removed_tool_ids"": [14, 15, 18, 19, 20, 21, 26, 27, 28], ""right_hand_translation_m"": null, ""selected_step"": ""r1_fasten_first_stand"", ""step_attempt"": 8, ""step_elapsed_s"": 9.882294569979422, ""step_event_index"": 64, ""total_hand_translation_m"": null, ""trial_finished_elapsed_s"": null, ""trial_recording"": true, ""trial_required_tool_ids"": [36]}"
2026-09-04T17:31:15.320-04:00,apoorva,gesture,tts_finished,lifecycle,r1_fasten_first_stand,Row 1.4: fasten right stand,ready,8,65,,,,11.273300,,,,,,,,,,,,,,,,Row 4 left gear,,,,,"{""acquired_tool_ids"": [], ""acquisition_complete"": false, ""completed_steps"": [""r2_bearing_right"", ""r2_bearing_left"", ""r1_gear_rod"", ""r1_bearing_right"", ""r1_bearing_left"", ""r2_gear_rod"", ""r2_fasten_first_stand"", ""r2_insert_rod_and_fit_second"", ""r2_fasten_second_stand""], ""head_rotation_deg"": null, ""head_translation_m"": null, ""left_hand_translation_m"": null, ""removed_tool_ids"": [14, 15, 18, 19, 20, 21, 26, 27, 28], ""right_hand_translation_m"": null, ""selected_step"": ""r1_fasten_first_stand"", ""step_attempt"": 8, ""step_elapsed_s"": 11.273312911973335, ""step_event_index"": 65, ""total_hand_translation_m"": null, ""trial_finished_elapsed_s"": null, ""trial_recording"": true, ""trial_required_tool_ids"": [36]}"
2026-09-04T17:31:15.652-04:00,apoorva,gesture,hover,hover,r1_fasten_first_stand,Row 1.4: fasten right stand,ready,8,66,24,GEAR_STAND_ROW4_LEFT,,,,,,,,,,,,,,,,,,,,,,,"{""acquired_tool_ids"": [], ""acquisition_complete"": false, ""completed_steps"": [""r2_bearing_right"", ""r2_bearing_left"", ""r1_gear_rod"", ""r1_bearing_right"", ""r1_bearing_left"", ""r2_gear_rod"", ""r2_fasten_first_stand"", ""r2_insert_rod_and_fit_second"", ""r2_fasten_second_stand""], ""head_rotation_deg"": null, ""head_translation_m"": null, ""left_hand_translation_m"": null, ""removed_tool_ids"": [14, 15, 18, 19, 20, 21, 26, 27, 28], ""right_hand_translation_m"": null, ""selected_step"": ""r1_fasten_first_stand"", ""step_attempt"": 8, ""step_elapsed_s"": 11.605480588972569, ""step_event_index"": 66, ""total_hand_translation_m"": null, ""trial_finished_elapsed_s"": null, ""trial_recording"": true, ""trial_required_tool_ids"": [36]}"
2026-09-04T17:31:15.699-04:00,apoorva,gesture,tts_queued,lifecycle,r1_fasten_first_stand,Row 1.4: fasten right stand,ready,8,67,,,,11.652346,,,,,,,,,,,,,,,,Row 4 left stand,,,replace_hover,,"{""acquired_tool_ids"": [], ""acquisition_complete"": false, ""completed_steps"": [""r2_bearing_right"", ""r2_bearing_left"", ""r1_gear_rod"", ""r1_bearing_right"", ""r1_bearing_left"", ""r2_gear_rod"", ""r2_fasten_first_stand"", ""r2_insert_rod_and_fit_second"", ""r2_fasten_second_stand""], ""head_rotation_deg"": null, ""head_translation_m"": null, ""left_hand_translation_m"": null, ""removed_tool_ids"": [14, 15, 18, 19, 20, 21, 26, 27, 28], ""right_hand_translation_m"": null, ""selected_step"": ""r1_fasten_first_stand"", ""step_attempt"": 8, ""step_elapsed_s"": 11.652358121005818, ""step_event_index"": 67, ""total_hand_translation_m"": null, ""trial_finished_elapsed_s"": null, ""trial_recording"": true, ""trial_required_tool_ids"": [36]}"
2026-09-04T17:31:15.735-04:00,apoorva,gesture,hover,hover,r1_fasten_first_stand,Row 1.4: fasten right stand,ready,8,68,25,GEAR_STAND_ROW4_RIGHT,,,,,,,,,,,,,,,,,,,,,,,"{""acquired_tool_ids"": [], ""acquisition_complete"": false, ""completed_steps"": [""r2_bearing_right"", ""r2_bearing_left"", ""r1_gear_rod"", ""r1_bearing_right"", ""r1_bearing_left"", ""r2_gear_rod"", ""r2_fasten_first_stand"", ""r2_insert_rod_and_fit_second"", ""r2_fasten_second_stand""], ""head_rotation_deg"": null, ""head_translation_m"": null, ""left_hand_translation_m"": null, ""removed_tool_ids"": [14, 15, 18, 19, 20, 21, 26, 27, 28], ""right_hand_translation_m"": null, ""selected_step"": ""r1_fasten_first_stand"", ""step_attempt"": 8, ""step_elapsed_s"": 11.687755938968621, ""step_event_index"": 68, ""total_hand_translation_m"": null, ""trial_finished_elapsed_s"": null, ""trial_recording"": true, ""trial_required_tool_ids"": [36]}"
2026-09-04T17:31:15.761-04:00,apoorva,gesture,tts_queued,lifecycle,r1_fasten_first_stand,Row 1.4: fasten right stand,ready,8,69,,,,11.714576,,,,,,,,,,,,,,,,Row 4 right stand,,,replace_hover,,"{""acquired_tool_ids"": [], ""acquisition_complete"": false, ""completed_steps"": [""r2_bearing_right"", ""r2_bearing_left"", ""r1_gear_rod"", ""r1_bearing_right"", ""r1_bearing_left"", ""r2_gear_rod"", ""r2_fasten_first_stand"", ""r2_insert_rod_and_fit_second"", ""r2_fasten_second_stand""], ""head_rotation_deg"": null, ""head_translation_m"": null, ""left_hand_translation_m"": null, ""removed_tool_ids"": [14, 15, 18, 19, 20, 21, 26, 27, 28], ""right_hand_translation_m"": null, ""selected_step"": ""r1_fasten_first_stand"", ""step_attempt"": 8, ""step_elapsed_s"": 11.714595031924546, ""step_event_index"": 69, ""total_hand_translation_m"": null, ""trial_finished_elapsed_s"": null, ""trial_recording"": true, ""trial_required_tool_ids"": [36]}"
2026-09-04T17:31:15.798-04:00,apoorva,gesture,tts_started,lifecycle,r1_fasten_first_stand,Row 1.4: fasten right stand,ready,8,70,,,,11.751376,,,,,,,,,,,,,,,,Row 4 left stand,,,,,"{""acquired_tool_ids"": [], ""acquisition_complete"": false, ""completed_steps"": [""r2_bearing_right"", ""r2_bearing_left"", ""r1_gear_rod"", ""r1_bearing_right"", ""r1_bearing_left"", ""r2_gear_rod"", ""r2_fasten_first_stand"", ""r2_insert_rod_and_fit_second"", ""r2_fasten_second_stand""], ""head_rotation_deg"": null, ""head_translation_m"": null, ""left_hand_translation_m"": null, ""removed_tool_ids"": [14, 15, 18, 19, 20, 21, 26, 27, 28], ""right_hand_translation_m"": null, ""selected_step"": ""r1_fasten_first_stand"", ""step_attempt"": 8, ""step_elapsed_s"": 11.751388069940731, ""step_event_index"": 70, ""total_hand_translation_m"": null, ""trial_finished_elapsed_s"": null, ""trial_recording"": true, ""trial_required_tool_ids"": [36]}"
2026-09-04T17:31:17.050-04:00,apoorva,gesture,hover,hover,r1_fasten_first_stand,Row 1.4: fasten right stand,ready,8,71,17,GEAR_ROD_ROW4,,,,,,,,,,,,,,,,,,,,,,,"{""acquired_tool_ids"": [], ""acquisition_complete"": false, ""completed_steps"": [""r2_bearing_right"", ""r2_bearing_left"", ""r1_gear_rod"", ""r1_bearing_right"", ""r1_bearing_left"", ""r2_gear_rod"", ""r2_fasten_first_stand"", ""r2_insert_rod_and_fit_second"", ""r2_fasten_second_stand""], ""head_rotation_deg"": null, ""head_translation_m"": null, ""left_hand_translation_m"": null, ""removed_tool_ids"": [14, 15, 18, 19, 20, 21, 26, 27, 28], ""right_hand_translation_m"": null, ""selected_step"": ""r1_fasten_first_stand"", ""step_attempt"": 8, ""step_elapsed_s"": 13.002838423009962, ""step_event_index"": 71, ""total_hand_translation_m"": null, ""trial_finished_elapsed_s"": null, ""trial_recording"": true, ""trial_required_tool_ids"": [36]}"
2026-09-04T17:31:17.087-04:00,apoorva,gesture,tts_queued,lifecycle,r1_fasten_first_stand,Row 1.4: fasten right stand,ready,8,72,,,,13.040591,,,,,,,,,,,,,,,,Row 4 gear rod,,,replace_hover,,"{""acquired_tool_ids"": [], ""acquisition_complete"": false, ""completed_steps"": [""r2_bearing_right"", ""r2_bearing_left"", ""r1_gear_rod"", ""r1_bearing_right"", ""r1_bearing_left"", ""r2_gear_rod"", ""r2_fasten_first_stand"", ""r2_insert_rod_and_fit_second"", ""r2_fasten_second_stand""], ""head_rotation_deg"": null, ""head_translation_m"": null, ""left_hand_translation_m"": null, ""removed_tool_ids"": [14, 15, 18, 19, 20, 21, 26, 27, 28], ""right_hand_translation_m"": null, ""selected_step"": ""r1_fasten_first_stand"", ""step_attempt"": 8, ""step_elapsed_s"": 13.040607369039208, ""step_event_index"": 72, ""total_hand_translation_m"": null, ""trial_finished_elapsed_s"": null, ""trial_recording"": true, ""trial_required_tool_ids"": [36]}"
2026-09-04T17:31:17.169-04:00,apoorva,gesture,tts_finished,lifecycle,r1_fasten_first_stand,Row 1.4: fasten right stand,ready,8,73,,,,13.121863,,,,,,,,,,,,,,,,Row 4 left stand,,,,,"{""acquired_tool_ids"": [], ""acquisition_complete"": false, ""completed_steps"": [""r2_bearing_right"", ""r2_bearing_left"", ""r1_gear_rod"", ""r1_bearing_right"", ""r1_bearing_left"", ""r2_gear_rod"", ""r2_fasten_first_stand"", ""r2_insert_rod_and_fit_second"", ""r2_fasten_second_stand""], ""head_rotation_deg"": null, ""head_translation_m"": null, ""left_hand_translation_m"": null, ""removed_tool_ids"": [14, 15, 18, 19, 20, 21, 26, 27, 28], ""right_hand_translation_m"": null, ""selected_step"": ""r1_fasten_first_stand"", ""step_attempt"": 8, ""step_elapsed_s"": 13.121875101933256, ""step_event_index"": 73, ""total_hand_translation_m"": null, ""trial_finished_elapsed_s"": null, ""trial_recording"": true, ""trial_required_tool_ids"": [36]}"
2026-09-04T17:31:17.220-04:00,apoorva,gesture,tts_started,lifecycle,r1_fasten_first_stand,Row 1.4: fasten right stand,ready,8,74,,,,13.173221,,,,,,,,,,,,,,,,Row 4 gear rod,,,,,"{""acquired_tool_ids"": [], ""acquisition_complete"": false, ""completed_steps"": [""r2_bearing_right"", ""r2_bearing_left"", ""r1_gear_rod"", ""r1_bearing_right"", ""r1_bearing_left"", ""r2_gear_rod"", ""r2_fasten_first_stand"", ""r2_insert_rod_and_fit_second"", ""r2_fasten_second_stand""], ""head_rotation_deg"": null, ""head_translation_m"": null, ""left_hand_translation_m"": null, ""removed_tool_ids"": [14, 15, 18, 19, 20, 21, 26, 27, 28], ""right_hand_translation_m"": null, ""selected_step"": ""r1_fasten_first_stand"", ""step_attempt"": 8, ""step_elapsed_s"": 13.173234569956549, ""step_event_index"": 74, ""total_hand_translation_m"": null, ""trial_finished_elapsed_s"": null, ""trial_recording"": true, ""trial_required_tool_ids"": [36]}"
2026-09-04T17:31:17.311-04:00,apoorva,gesture,hover,hover,r1_fasten_first_stand,Row 1.4: fasten right stand,ready,8,75,16,GEAR_ROD_ROW3,,,,,,,,,,,,,,,,,,,,,,,"{""acquired_tool_ids"": [], ""acquisition_complete"": false, ""completed_steps"": [""r2_bearing_right"", ""r2_bearing_left"", ""r1_gear_rod"", ""r1_bearing_right"", ""r1_bearing_left"", ""r2_gear_rod"", ""r2_fasten_first_stand"", ""r2_insert_rod_and_fit_second"", ""r2_fasten_second_stand""], ""head_rotation_deg"": null, ""head_translation_m"": null, ""left_hand_translation_m"": null, ""removed_tool_ids"": [14, 15, 18, 19, 20, 21, 26, 27, 28], ""right_hand_translation_m"": null, ""selected_step"": ""r1_fasten_first_stand"", ""step_attempt"": 8, ""step_elapsed_s"": 13.263978614006191, ""step_event_index"": 75, ""total_hand_translation_m"": null, ""trial_finished_elapsed_s"": null, ""trial_recording"": true, ""trial_required_tool_ids"": [36]}"
2026-09-04T17:31:17.346-04:00,apoorva,gesture,tts_queued,lifecycle,r1_fasten_first_stand,Row 1.4: fasten right stand,ready,8,76,,,,13.299272,,,,,,,,,,,,,,,,Row 3 gear rod,,,replace_hover,,"{""acquired_tool_ids"": [], ""acquisition_complete"": false, ""completed_steps"": [""r2_bearing_right"", ""r2_bearing_left"", ""r1_gear_rod"", ""r1_bearing_right"", ""r1_bearing_left"", ""r2_gear_rod"", ""r2_fasten_first_stand"", ""r2_insert_rod_and_fit_second"", ""r2_fasten_second_stand""], ""head_rotation_deg"": null, ""head_translation_m"": null, ""left_hand_translation_m"": null, ""removed_tool_ids"": [14, 15, 18, 19, 20, 21, 26, 27, 28], ""right_hand_translation_m"": null, ""selected_step"": ""r1_fasten_first_stand"", ""step_attempt"": 8, ""step_elapsed_s"": 13.299287937930785, ""step_event_index"": 76, ""total_hand_translation_m"": null, ""trial_finished_elapsed_s"": null, ""trial_recording"": true, ""trial_required_tool_ids"": [36]}"
2026-09-04T17:31:17.412-04:00,apoorva,gesture,tts_finished,lifecycle,r1_fasten_first_stand,Row 1.4: fasten right stand,ready,8,77,,,,13.365519,,,,,,,,,,,,,,,,Row 4 gear rod,,,,,"{""acquired_tool_ids"": [], ""acquisition_complete"": false, ""completed_steps"": [""r2_bearing_right"", ""r2_bearing_left"", ""r1_gear_rod"", ""r1_bearing_right"", ""r1_bearing_left"", ""r2_gear_rod"", ""r2_fasten_first_stand"", ""r2_insert_rod_and_fit_second"", ""r2_fasten_second_stand""], ""head_rotation_deg"": null, ""head_translation_m"": null, ""left_hand_translation_m"": null, ""removed_tool_ids"": [14, 15, 18, 19, 20, 21, 26, 27, 28], ""right_hand_translation_m"": null, ""selected_step"": ""r1_fasten_first_stand"", ""step_attempt"": 8, ""step_elapsed_s"": 13.365529651986435, ""step_event_index"": 77, ""total_hand_translation_m"": null, ""trial_finished_elapsed_s"": null, ""trial_recording"": true, ""trial_required_tool_ids"": [36]}"
2026-09-04T17:31:17.460-04:00,apoorva,gesture,tts_started,lifecycle,r1_fasten_first_stand,Row 1.4: fasten right stand,ready,8,78,,,,13.413538,,,,,,,,,,,,,,,,Row 3 gear rod,,,,,"{""acquired_tool_ids"": [], ""acquisition_complete"": false, ""completed_steps"": [""r2_bearing_right"", ""r2_bearing_left"", ""r1_gear_rod"", ""r1_bearing_right"", ""r1_bearing_left"", ""r2_gear_rod"", ""r2_fasten_first_stand"", ""r2_insert_rod_and_fit_second"", ""r2_fasten_second_stand""], ""head_rotation_deg"": null, ""head_translation_m"": null, ""left_hand_translation_m"": null, ""removed_tool_ids"": [14, 15, 18, 19, 20, 21, 26, 27, 28], ""right_hand_translation_m"": null, ""selected_step"": ""r1_fasten_first_stand"", ""step_attempt"": 8, ""step_elapsed_s"": 13.413549036951736, ""step_event_index"": 78, ""total_hand_translation_m"": null, ""trial_finished_elapsed_s"": null, ""trial_recording"": true, ""trial_required_tool_ids"": [36]}"
2026-09-04T17:31:18.970-04:00,apoorva,gesture,tts_finished,lifecycle,r1_fasten_first_stand,Row 1.4: fasten right stand,ready,8,79,,,,14.923092,,,,,,,,,,,,,,,,Row 3 gear rod,,,,,"{""acquired_tool_ids"": [], ""acquisition_complete"": false, ""completed_steps"": [""r2_bearing_right"", ""r2_bearing_left"", ""r1_gear_rod"", ""r1_bearing_right"", ""r1_bearing_left"", ""r2_gear_rod"", ""r2_fasten_first_stand"", ""r2_insert_rod_and_fit_second"", ""r2_fasten_second_stand""], ""head_rotation_deg"": null, ""head_translation_m"": null, ""left_hand_translation_m"": null, ""removed_tool_ids"": [14, 15, 18, 19, 20, 21, 26, 27, 28], ""right_hand_translation_m"": null, ""selected_step"": ""r1_fasten_first_stand"", ""step_attempt"": 8, ""step_elapsed_s"": 14.923103393986821, ""step_event_index"": 79, ""total_hand_translation_m"": null, ""trial_finished_elapsed_s"": null, ""trial_recording"": true, ""trial_required_tool_ids"": [36]}"
2026-09-04T17:31:22.001-04:00,apoorva,gesture,hover,hover,r1_fasten_first_stand,Row 1.4: fasten right stand,ready,8,80,6,THREAD_CHECKER,,,,,,,,,,,,,,,,,,,,,,,"{""acquired_tool_ids"": [], ""acquisition_complete"": false, ""completed_steps"": [""r2_bearing_right"", ""r2_bearing_left"", ""r1_gear_rod"", ""r1_bearing_right"", ""r1_bearing_left"", ""r2_gear_rod"", ""r2_fasten_first_stand"", ""r2_insert_rod_and_fit_second"", ""r2_fasten_second_stand""], ""head_rotation_deg"": null, ""head_translation_m"": null, ""left_hand_translation_m"": null, ""removed_tool_ids"": [14, 15, 18, 19, 20, 21, 26, 27, 28], ""right_hand_translation_m"": null, ""selected_step"": ""r1_fasten_first_stand"", ""step_attempt"": 8, ""step_elapsed_s"": 17.95391138701234, ""step_event_index"": 80, ""total_hand_translation_m"": null, ""trial_finished_elapsed_s"": null, ""trial_recording"": true, ""trial_required_tool_ids"": [36]}"
2026-09-04T17:31:22.092-04:00,apoorva,gesture,tts_queued,lifecycle,r1_fasten_first_stand,Row 1.4: fasten right stand,ready,8,81,,,,18.045042,,,,,,,,,,,,,,,,part,,,replace_hover,,"{""acquired_tool_ids"": [], ""acquisition_complete"": false, ""completed_steps"": [""r2_bearing_right"", ""r2_bearing_left"", ""r1_gear_rod"", ""r1_bearing_right"", ""r1_bearing_left"", ""r2_gear_rod"", ""r2_fasten_first_stand"", ""r2_insert_rod_and_fit_second"", ""r2_fasten_second_stand""], ""head_rotation_deg"": null, ""head_translation_m"": null, ""left_hand_translation_m"": null, ""removed_tool_ids"": [14, 15, 18, 19, 20, 21, 26, 27, 28], ""right_hand_translation_m"": null, ""selected_step"": ""r1_fasten_first_stand"", ""step_attempt"": 8, ""step_elapsed_s"": 18.04506685503293, ""step_event_index"": 81, ""total_hand_translation_m"": null, ""trial_finished_elapsed_s"": null, ""trial_recording"": true, ""trial_required_tool_ids"": [36]}"
2026-09-04T17:31:22.145-04:00,apoorva,gesture,hover,hover,r1_fasten_first_stand,Row 1.4: fasten right stand,ready,8,82,9,BIT_WRENCH,,,,,,,,,,,,,,,,,,,,,,,"{""acquired_tool_ids"": [], ""acquisition_complete"": false, ""completed_steps"": [""r2_bearing_right"", ""r2_bearing_left"", ""r1_gear_rod"", ""r1_bearing_right"", ""r1_bearing_left"", ""r2_gear_rod"", ""r2_fasten_first_stand"", ""r2_insert_rod_and_fit_second"", ""r2_fasten_second_stand""], ""head_rotation_deg"": null, ""head_translation_m"": null, ""left_hand_translation_m"": null, ""removed_tool_ids"": [14, 15, 18, 19, 20, 21, 26, 27, 28], ""right_hand_translation_m"": null, ""selected_step"": ""r1_fasten_first_stand"", ""step_attempt"": 8, ""step_elapsed_s"": 18.098617507028393, ""step_event_index"": 82, ""total_hand_translation_m"": null, ""trial_finished_elapsed_s"": null, ""trial_recording"": true, ""trial_required_tool_ids"": [36]}"
2026-09-04T17:31:22.199-04:00,apoorva,gesture,tts_queued,lifecycle,r1_fasten_first_stand,Row 1.4: fasten right stand,ready,8,83,,,,18.151736,,,,,,,,,,,,,,,,interchangeable-bit wrench,,,replace_hover,,"{""acquired_tool_ids"": [], ""acquisition_complete"": false, ""completed_steps"": [""r2_bearing_right"", ""r2_bearing_left"", ""r1_gear_rod"", ""r1_bearing_right"", ""r1_bearing_left"", ""r2_gear_rod"", ""r2_fasten_first_stand"", ""r2_insert_rod_and_fit_second"", ""r2_fasten_second_stand""], ""head_rotation_deg"": null, ""head_translation_m"": null, ""left_hand_translation_m"": null, ""removed_tool_ids"": [14, 15, 18, 19, 20, 21, 26, 27, 28], ""right_hand_translation_m"": null, ""selected_step"": ""r1_fasten_first_stand"", ""step_attempt"": 8, ""step_elapsed_s"": 18.151749602984637, ""step_event_index"": 83, ""total_hand_translation_m"": null, ""trial_finished_elapsed_s"": null, ""trial_recording"": true, ""trial_required_tool_ids"": [36]}"
2026-09-04T17:31:22.268-04:00,apoorva,gesture,hover,hover,r1_fasten_first_stand,Row 1.4: fasten right stand,ready,8,84,8,BOX_CUTTER,,,,,,,,,,,,,,,,,,,,,,,"{""acquired_tool_ids"": [], ""acquisition_complete"": false, ""completed_steps"": [""r2_bearing_right"", ""r2_bearing_left"", ""r1_gear_rod"", ""r1_bearing_right"", ""r1_bearing_left"", ""r2_gear_rod"", ""r2_fasten_first_stand"", ""r2_insert_rod_and_fit_second"", ""r2_fasten_second_stand""], ""head_rotation_deg"": null, ""head_translation_m"": null, ""left_hand_translation_m"": null, ""removed_tool_ids"": [14, 15, 18, 19, 20, 21, 26, 27, 28], ""right_hand_translation_m"": null, ""selected_step"": ""r1_fasten_first_stand"", ""step_attempt"": 8, ""step_elapsed_s"": 18.22070705902297, ""step_event_index"": 84, ""total_hand_translation_m"": null, ""trial_finished_elapsed_s"": null, ""trial_recording"": true, ""trial_required_tool_ids"": [36]}"
2026-09-04T17:31:22.295-04:00,apoorva,gesture,tts_queued,lifecycle,r1_fasten_first_stand,Row 1.4: fasten right stand,ready,8,85,,,,18.248620,,,,,,,,,,,,,,,,part,,,replace_hover,,"{""acquired_tool_ids"": [], ""acquisition_complete"": false, ""completed_steps"": [""r2_bearing_right"", ""r2_bearing_left"", ""r1_gear_rod"", ""r1_bearing_right"", ""r1_bearing_left"", ""r2_gear_rod"", ""r2_fasten_first_stand"", ""r2_insert_rod_and_fit_second"", ""r2_fasten_second_stand""], ""head_rotation_deg"": null, ""head_translation_m"": null, ""left_hand_translation_m"": null, ""removed_tool_ids"": [14, 15, 18, 19, 20, 21, 26, 27, 28], ""right_hand_translation_m"": null, ""selected_step"": ""r1_fasten_first_stand"", ""step_attempt"": 8, ""step_elapsed_s"": 18.24863396899309, ""step_event_index"": 85, ""total_hand_translation_m"": null, ""trial_finished_elapsed_s"": null, ""trial_recording"": true, ""trial_required_tool_ids"": [36]}"
2026-09-04T17:31:22.405-04:00,apoorva,gesture,hover,hover,r1_fasten_first_stand,Row 1.4: fasten right stand,ready,8,86,7,BIT_SCREWDRIVER,,,,,,,,,,,,,,,,,,,,,,,"{""acquired_tool_ids"": [], ""acquisition_complete"": false, ""completed_steps"": [""r2_bearing_right"", ""r2_bearing_left"", ""r1_gear_rod"", ""r1_bearing_right"", ""r1_bearing_left"", ""r2_gear_rod"", ""r2_fasten_first_stand"", ""r2_insert_rod_and_fit_second"", ""r2_fasten_second_stand""], ""head_rotation_deg"": null, ""head_translation_m"": null, ""left_hand_translation_m"": null, ""removed_tool_ids"": [14, 15, 18, 19, 20, 21, 26, 27, 28], ""right_hand_translation_m"": null, ""selected_step"": ""r1_fasten_first_stand"", ""step_attempt"": 8, ""step_elapsed_s"": 18.358337737969123, ""step_event_index"": 86, ""total_hand_translation_m"": null, ""trial_finished_elapsed_s"": null, ""trial_recording"": true, ""trial_required_tool_ids"": [36]}"
2026-09-04T17:31:22.439-04:00,apoorva,gesture,tts_queued,lifecycle,r1_fasten_first_stand,Row 1.4: fasten right stand,ready,8,87,,,,18.392190,,,,,,,,,,,,,,,,interchangeable-bit screwdriver,,,replace_hover,,"{""acquired_tool_ids"": [], ""acquisition_complete"": false, ""completed_steps"": [""r2_bearing_right"", ""r2_bearing_left"", ""r1_gear_rod"", ""r1_bearing_right"", ""r1_bearing_left"", ""r2_gear_rod"", ""r2_fasten_first_stand"", ""r2_insert_rod_and_fit_second"", ""r2_fasten_second_stand""], ""head_rotation_deg"": null, ""head_translation_m"": null, ""left_hand_translation_m"": null, ""removed_tool_ids"": [14, 15, 18, 19, 20, 21, 26, 27, 28], ""right_hand_translation_m"": null, ""selected_step"": ""r1_fasten_first_stand"", ""step_attempt"": 8, ""step_elapsed_s"": 18.39220286696218, ""step_event_index"": 87, ""total_hand_translation_m"": null, ""trial_finished_elapsed_s"": null, ""trial_recording"": true, ""trial_required_tool_ids"": [36]}"
2026-09-04T17:31:22.556-04:00,apoorva,gesture,hover,hover,r1_fasten_first_stand,Row 1.4: fasten right stand,ready,8,88,10,PHILIPS_SCREWDRIVER,,,,,,,,,,,,,,,,,,,,,,,"{""acquired_tool_ids"": [], ""acquisition_complete"": false, ""completed_steps"": [""r2_bearing_right"", ""r2_bearing_left"", ""r1_gear_rod"", ""r1_bearing_right"", ""r1_bearing_left"", ""r2_gear_rod"", ""r2_fasten_first_stand"", ""r2_insert_rod_and_fit_second"", ""r2_fasten_second_stand""], ""head_rotation_deg"": null, ""head_translation_m"": null, ""left_hand_translation_m"": null, ""removed_tool_ids"": [14, 15, 18, 19, 20, 21, 26, 27, 28], ""right_hand_translation_m"": null, ""selected_step"": ""r1_fasten_first_stand"", ""step_attempt"": 8, ""step_elapsed_s"": 18.50946870597545, ""step_event_index"": 88, ""total_hand_translation_m"": null, ""trial_finished_elapsed_s"": null, ""trial_recording"": true, ""trial_required_tool_ids"": [36]}"
2026-09-04T17:31:22.637-04:00,apoorva,gesture,tts_queued,lifecycle,r1_fasten_first_stand,Row 1.4: fasten right stand,ready,8,89,,,,18.590404,,,,,,,,,,,,,,,,phillips screwdriver,,,replace_hover,,"{""acquired_tool_ids"": [], ""acquisition_complete"": false, ""completed_steps"": [""r2_bearing_right"", ""r2_bearing_left"", ""r1_gear_rod"", ""r1_bearing_right"", ""r1_bearing_left"", ""r2_gear_rod"", ""r2_fasten_first_stand"", ""r2_insert_rod_and_fit_second"", ""r2_fasten_second_stand""], ""head_rotation_deg"": null, ""head_translation_m"": null, ""left_hand_translation_m"": null, ""removed_tool_ids"": [14, 15, 18, 19, 20, 21, 26, 27, 28], ""right_hand_translation_m"": null, ""selected_step"": ""r1_fasten_first_stand"", ""step_attempt"": 8, ""step_elapsed_s"": 18.59041507903021, ""step_event_index"": 89, ""total_hand_translation_m"": null, ""trial_finished_elapsed_s"": null, ""trial_recording"": true, ""trial_required_tool_ids"": [36]}"
2026-09-04T17:31:22.695-04:00,apoorva,gesture,hover,hover,r1_fasten_first_stand,Row 1.4: fasten right stand,ready,8,90,7,BIT_SCREWDRIVER,,,,,,,,,,,,,,,,,,,,,,,"{""acquired_tool_ids"": [], ""acquisition_complete"": false, ""completed_steps"": [""r2_bearing_right"", ""r2_bearing_left"", ""r1_gear_rod"", ""r1_bearing_right"", ""r1_bearing_left"", ""r2_gear_rod"", ""r2_fasten_first_stand"", ""r2_insert_rod_and_fit_second"", ""r2_fasten_second_stand""], ""head_rotation_deg"": null, ""head_translation_m"": null, ""left_hand_translation_m"": null, ""removed_tool_ids"": [14, 15, 18, 19, 20, 21, 26, 27, 28], ""right_hand_translation_m"": null, ""selected_step"": ""r1_fasten_first_stand"", ""step_attempt"": 8, ""step_elapsed_s"": 18.648403194034472, ""step_event_index"": 90, ""total_hand_translation_m"": null, ""trial_finished_elapsed_s"": null, ""trial_recording"": true, ""trial_required_tool_ids"": [36]}"
2026-09-04T17:31:22.712-04:00,apoorva,gesture,tts_queued,lifecycle,r1_fasten_first_stand,Row 1.4: fasten right stand,ready,8,91,,,,18.665043,,,,,,,,,,,,,,,,interchangeable-bit screwdriver,,,replace_hover,,"{""acquired_tool_ids"": [], ""acquisition_complete"": false, ""completed_steps"": [""r2_bearing_right"", ""r2_bearing_left"", ""r1_gear_rod"", ""r1_bearing_right"", ""r1_bearing_left"", ""r2_gear_rod"", ""r2_fasten_first_stand"", ""r2_insert_rod_and_fit_second"", ""r2_fasten_second_stand""], ""head_rotation_deg"": null, ""head_translation_m"": null, ""left_hand_translation_m"": null, ""removed_tool_ids"": [14, 15, 18, 19, 20, 21, 26, 27, 28], ""right_hand_translation_m"": null, ""selected_step"": ""r1_fasten_first_stand"", ""step_attempt"": 8, ""step_elapsed_s"": 18.665057673933916, ""step_event_index"": 91, ""total_hand_translation_m"": null, ""trial_finished_elapsed_s"": null, ""trial_recording"": true, ""trial_required_tool_ids"": [36]}"
2026-09-04T17:31:22.808-04:00,apoorva,gesture,hover,hover,r1_fasten_first_stand,Row 1.4: fasten right stand,ready,8,92,10,PHILIPS_SCREWDRIVER,,,,,,,,,,,,,,,,,,,,,,,"{""acquired_tool_ids"": [], ""acquisition_complete"": false, ""completed_steps"": [""r2_bearing_right"", ""r2_bearing_left"", ""r1_gear_rod"", ""r1_bearing_right"", ""r1_bearing_left"", ""r2_gear_rod"", ""r2_fasten_first_stand"", ""r2_insert_rod_and_fit_second"", ""r2_fasten_second_stand""], ""head_rotation_deg"": null, ""head_translation_m"": null, ""left_hand_translation_m"": null, ""removed_tool_ids"": [14, 15, 18, 19, 20, 21, 26, 27, 28], ""right_hand_translation_m"": null, ""selected_step"": ""r1_fasten_first_stand"", ""step_attempt"": 8, ""step_elapsed_s"": 18.761469788034447, ""step_event_index"": 92, ""total_hand_translation_m"": null, ""trial_finished_elapsed_s"": null, ""trial_recording"": true, ""trial_required_tool_ids"": [36]}"
2026-09-04T17:31:22.844-04:00,apoorva,gesture,tts_queued,lifecycle,r1_fasten_first_stand,Row 1.4: fasten right stand,ready,8,93,,,,18.797418,,,,,,,,,,,,,,,,phillips screwdriver,,,replace_hover,,"{""acquired_tool_ids"": [], ""acquisition_complete"": false, ""completed_steps"": [""r2_bearing_right"", ""r2_bearing_left"", ""r1_gear_rod"", ""r1_bearing_right"", ""r1_bearing_left"", ""r2_gear_rod"", ""r2_fasten_first_stand"", ""r2_insert_rod_and_fit_second"", ""r2_fasten_second_stand""], ""head_rotation_deg"": null, ""head_translation_m"": null, ""left_hand_translation_m"": null, ""removed_tool_ids"": [14, 15, 18, 19, 20, 21, 26, 27, 28], ""right_hand_translation_m"": null, ""selected_step"": ""r1_fasten_first_stand"", ""step_attempt"": 8, ""step_elapsed_s"": 18.79743338096887, ""step_event_index"": 93, ""total_hand_translation_m"": null, ""trial_finished_elapsed_s"": null, ""trial_recording"": true, ""trial_required_tool_ids"": [36]}"
2026-09-04T17:31:22.932-04:00,apoorva,gesture,hover,hover,r1_fasten_first_stand,Row 1.4: fasten right stand,ready,8,94,11,FLATHEAD_SCREWDRIVER,,,,,,,,,,,,,,,,,,,,,,,"{""acquired_tool_ids"": [], ""acquisition_complete"": false, ""completed_steps"": [""r2_bearing_right"", ""r2_bearing_left"", ""r1_gear_rod"", ""r1_bearing_right"", ""r1_bearing_left"", ""r2_gear_rod"", ""r2_fasten_first_stand"", ""r2_insert_rod_and_fit_second"", ""r2_fasten_second_stand""], ""head_rotation_deg"": null, ""head_translation_m"": null, ""left_hand_translation_m"": null, ""removed_tool_ids"": [14, 15, 18, 19, 20, 21, 26, 27, 28], ""right_hand_translation_m"": null, ""selected_step"": ""r1_fasten_first_stand"", ""step_attempt"": 8, ""step_elapsed_s"": 18.884693852975033, ""step_event_index"": 94, ""total_hand_translation_m"": null, ""trial_finished_elapsed_s"": null, ""trial_recording"": true, ""trial_required_tool_ids"": [36]}"
2026-09-04T17:31:22.961-04:00,apoorva,gesture,tts_queued,lifecycle,r1_fasten_first_stand,Row 1.4: fasten right stand,ready,8,95,,,,18.914036,,,,,,,,,,,,,,,,part,,,replace_hover,,"{""acquired_tool_ids"": [], ""acquisition_complete"": false, ""completed_steps"": [""r2_bearing_right"", ""r2_bearing_left"", ""r1_gear_rod"", ""r1_bearing_right"", ""r1_bearing_left"", ""r2_gear_rod"", ""r2_fasten_first_stand"", ""r2_insert_rod_and_fit_second"", ""r2_fasten_second_stand""], ""head_rotation_deg"": null, ""head_translation_m"": null, ""left_hand_translation_m"": null, ""removed_tool_ids"": [14, 15, 18, 19, 20, 21, 26, 27, 28], ""right_hand_translation_m"": null, ""selected_step"": ""r1_fasten_first_stand"", ""step_attempt"": 8, ""step_elapsed_s"": 18.91404910001438, ""step_event_index"": 95, ""total_hand_translation_m"": null, ""trial_finished_elapsed_s"": null, ""trial_recording"": true, ""trial_required_tool_ids"": [36]}"
2026-09-04T17:31:23.019-04:00,apoorva,gesture,hover,hover,r1_fasten_first_stand,Row 1.4: fasten right stand,ready,8,96,10,PHILIPS_SCREWDRIVER,,,,,,,,,,,,,,,,,,,,,,,"{""acquired_tool_ids"": [], ""acquisition_complete"": false, ""completed_steps"": [""r2_bearing_right"", ""r2_bearing_left"", ""r1_gear_rod"", ""r1_bearing_right"", ""r1_bearing_left"", ""r2_gear_rod"", ""r2_fasten_first_stand"", ""r2_insert_rod_and_fit_second"", ""r2_fasten_second_stand""], ""head_rotation_deg"": null, ""head_translation_m"": null, ""left_hand_translation_m"": null, ""removed_tool_ids"": [14, 15, 18, 19, 20, 21, 26, 27, 28], ""right_hand_translation_m"": null, ""selected_step"": ""r1_fasten_first_stand"", ""step_attempt"": 8, ""step_elapsed_s"": 18.971865796018392, ""step_event_index"": 96, ""total_hand_translation_m"": null, ""trial_finished_elapsed_s"": null, ""trial_recording"": true, ""trial_required_tool_ids"": [36]}"
2026-09-04T17:31:23.053-04:00,apoorva,gesture,tts_queued,lifecycle,r1_fasten_first_stand,Row 1.4: fasten right stand,ready,8,97,,,,19.006266,,,,,,,,,,,,,,,,phillips screwdriver,,,replace_hover,,"{""acquired_tool_ids"": [], ""acquisition_complete"": false, ""completed_steps"": [""r2_bearing_right"", ""r2_bearing_left"", ""r1_gear_rod"", ""r1_bearing_right"", ""r1_bearing_left"", ""r2_gear_rod"", ""r2_fasten_first_stand"", ""r2_insert_rod_and_fit_second"", ""r2_fasten_second_stand""], ""head_rotation_deg"": null, ""head_translation_m"": null, ""left_hand_translation_m"": null, ""removed_tool_ids"": [14, 15, 18, 19, 20, 21, 26, 27, 28], ""right_hand_translation_m"": null, ""selected_step"": ""r1_fasten_first_stand"", ""step_attempt"": 8, ""step_elapsed_s"": 19.006278582965024, ""step_event_index"": 97, ""total_hand_translation_m"": null, ""trial_finished_elapsed_s"": null, ""trial_recording"": true, ""trial_required_tool_ids"": [36]}"
2026-09-04T17:31:23.130-04:00,apoorva,gesture,tts_started,lifecycle,r1_fasten_first_stand,Row 1.4: fasten right stand,ready,8,98,,,,19.083032,,,,,,,,,,,,,,,,part,,,,,"{""acquired_tool_ids"": [], ""acquisition_complete"": false, ""completed_steps"": [""r2_bearing_right"", ""r2_bearing_left"", ""r1_gear_rod"", ""r1_bearing_right"", ""r1_bearing_left"", ""r2_gear_rod"", ""r2_fasten_first_stand"", ""r2_insert_rod_and_fit_second"", ""r2_fasten_second_stand""], ""head_rotation_deg"": null, ""head_translation_m"": null, ""left_hand_translation_m"": null, ""removed_tool_ids"": [14, 15, 18, 19, 20, 21, 26, 27, 28], ""right_hand_translation_m"": null, ""selected_step"": ""r1_fasten_first_stand"", ""step_attempt"": 8, ""step_elapsed_s"": 19.083043360034935, ""step_event_index"": 98, ""total_hand_translation_m"": null, ""trial_finished_elapsed_s"": null, ""trial_recording"": true, ""trial_required_tool_ids"": [36]}"
2026-09-04T17:31:23.161-04:00,apoorva,gesture,tts_finished,lifecycle,r1_fasten_first_stand,Row 1.4: fasten right stand,ready,8,99,,,,19.113642,,,,,,,,,,,,,,,,part,,,,,"{""acquired_tool_ids"": [], ""acquisition_complete"": false, ""completed_steps"": [""r2_bearing_right"", ""r2_bearing_left"", ""r1_gear_rod"", ""r1_bearing_right"", ""r1_bearing_left"", ""r2_gear_rod"", ""r2_fasten_first_stand"", ""r2_insert_rod_and_fit_second"", ""r2_fasten_second_stand""], ""head_rotation_deg"": null, ""head_translation_m"": null, ""left_hand_translation_m"": null, ""removed_tool_ids"": [14, 15, 18, 19, 20, 21, 26, 27, 28], ""right_hand_translation_m"": null, ""selected_step"": ""r1_fasten_first_stand"", ""step_attempt"": 8, ""step_elapsed_s"": 19.11365500895772, ""step_event_index"": 99, ""total_hand_translation_m"": null, ""trial_finished_elapsed_s"": null, ""trial_recording"": true, ""trial_required_tool_ids"": [36]}"
2026-09-04T17:31:23.211-04:00,apoorva,gesture,tts_started,lifecycle,r1_fasten_first_stand,Row 1.4: fasten right stand,ready,8,100,,,,19.164297,,,,,,,,,,,,,,,,interchangeable-bit wrench,,,,,"{""acquired_tool_ids"": [], ""acquisition_complete"": false, ""completed_steps"": [""r2_bearing_right"", ""r2_bearing_left"", ""r1_gear_rod"", ""r1_bearing_right"", ""r1_bearing_left"", ""r2_gear_rod"", ""r2_fasten_first_stand"", ""r2_insert_rod_and_fit_second"", ""r2_fasten_second_stand""], ""head_rotation_deg"": null, ""head_translation_m"": null, ""left_hand_translation_m"": null, ""removed_tool_ids"": [14, 15, 18, 19, 20, 21, 26, 27, 28], ""right_hand_translation_m"": null, ""selected_step"": ""r1_fasten_first_stand"", ""step_attempt"": 8, ""step_elapsed_s"": 19.164308693027124, ""step_event_index"": 100, ""total_hand_translation_m"": null, ""trial_finished_elapsed_s"": null, ""trial_recording"": true, ""trial_required_tool_ids"": [36]}"
2026-09-04T17:31:23.233-04:00,apoorva,gesture,tts_finished,lifecycle,r1_fasten_first_stand,Row 1.4: fasten right stand,ready,8,101,,,,19.186039,,,,,,,,,,,,,,,,interchangeable-bit wrench,,,,,"{""acquired_tool_ids"": [], ""acquisition_complete"": false, ""completed_steps"": [""r2_bearing_right"", ""r2_bearing_left"", ""r1_gear_rod"", ""r1_bearing_right"", ""r1_bearing_left"", ""r2_gear_rod"", ""r2_fasten_first_stand"", ""r2_insert_rod_and_fit_second"", ""r2_fasten_second_stand""], ""head_rotation_deg"": null, ""head_translation_m"": null, ""left_hand_translation_m"": null, ""removed_tool_ids"": [14, 15, 18, 19, 20, 21, 26, 27, 28], ""right_hand_translation_m"": null, ""selected_step"": ""r1_fasten_first_stand"", ""step_attempt"": 8, ""step_elapsed_s"": 19.186048403964378, ""step_event_index"": 101, ""total_hand_translation_m"": null, ""trial_finished_elapsed_s"": null, ""trial_recording"": true, ""trial_required_tool_ids"": [36]}"
2026-09-04T17:31:23.257-04:00,apoorva,gesture,tts_started,lifecycle,r1_fasten_first_stand,Row 1.4: fasten right stand,ready,8,102,,,,19.209903,,,,,,,,,,,,,,,,part,,,,,"{""acquired_tool_ids"": [], ""acquisition_complete"": false, ""completed_steps"": [""r2_bearing_right"", ""r2_bearing_left"", ""r1_gear_rod"", ""r1_bearing_right"", ""r1_bearing_left"", ""r2_gear_rod"", ""r2_fasten_first_stand"", ""r2_insert_rod_and_fit_second"", ""r2_fasten_second_stand""], ""head_rotation_deg"": null, ""head_translation_m"": null, ""left_hand_translation_m"": null, ""removed_tool_ids"": [14, 15, 18, 19, 20, 21, 26, 27, 28], ""right_hand_translation_m"": null, ""selected_step"": ""r1_fasten_first_stand"", ""step_attempt"": 8, ""step_elapsed_s"": 19.20991137996316, ""step_event_index"": 102, ""total_hand_translation_m"": null, ""trial_finished_elapsed_s"": null, ""trial_recording"": true, ""trial_required_tool_ids"": [36]}"
2026-09-04T17:31:23.282-04:00,apoorva,gesture,tts_finished,lifecycle,r1_fasten_first_stand,Row 1.4: fasten right stand,ready,8,103,,,,19.234754,,,,,,,,,,,,,,,,part,,,,,"{""acquired_tool_ids"": [], ""acquisition_complete"": false, ""completed_steps"": [""r2_bearing_right"", ""r2_bearing_left"", ""r1_gear_rod"", ""r1_bearing_right"", ""r1_bearing_left"", ""r2_gear_rod"", ""r2_fasten_first_stand"", ""r2_insert_rod_and_fit_second"", ""r2_fasten_second_stand""], ""head_rotation_deg"": null, ""head_translation_m"": null, ""left_hand_translation_m"": null, ""removed_tool_ids"": [14, 15, 18, 19, 20, 21, 26, 27, 28], ""right_hand_translation_m"": null, ""selected_step"": ""r1_fasten_first_stand"", ""step_attempt"": 8, ""step_elapsed_s"": 19.2347629009746, ""step_event_index"": 103, ""total_hand_translation_m"": null, ""trial_finished_elapsed_s"": null, ""trial_recording"": true, ""trial_required_tool_ids"": [36]}"
2026-09-04T17:31:23.338-04:00,apoorva,gesture,tts_started,lifecycle,r1_fasten_first_stand,Row 1.4: fasten right stand,ready,8,104,,,,19.291272,,,,,,,,,,,,,,,,interchangeable-bit screwdriver,,,,,"{""acquired_tool_ids"": [], ""acquisition_complete"": false, ""completed_steps"": [""r2_bearing_right"", ""r2_bearing_left"", ""r1_gear_rod"", ""r1_bearing_right"", ""r1_bearing_left"", ""r2_gear_rod"", ""r2_fasten_first_stand"", ""r2_insert_rod_and_fit_second"", ""r2_fasten_second_stand""], ""head_rotation_deg"": null, ""head_translation_m"": null, ""left_hand_translation_m"": null, ""removed_tool_ids"": [14, 15, 18, 19, 20, 21, 26, 27, 28], ""right_hand_translation_m"": null, ""selected_step"": ""r1_fasten_first_stand"", ""step_attempt"": 8, ""step_elapsed_s"": 19.291283941012807, ""step_event_index"": 104, ""total_hand_translation_m"": null, ""trial_finished_elapsed_s"": null, ""trial_recording"": true, ""trial_required_tool_ids"": [36]}"
2026-09-04T17:31:23.371-04:00,apoorva,gesture,tts_finished,lifecycle,r1_fasten_first_stand,Row 1.4: fasten right stand,ready,8,105,,,,19.324079,,,,,,,,,,,,,,,,interchangeable-bit screwdriver,,,,,"{""acquired_tool_ids"": [], ""acquisition_complete"": false, ""completed_steps"": [""r2_bearing_right"", ""r2_bearing_left"", ""r1_gear_rod"", ""r1_bearing_right"", ""r1_bearing_left"", ""r2_gear_rod"", ""r2_fasten_first_stand"", ""r2_insert_rod_and_fit_second"", ""r2_fasten_second_stand""], ""head_rotation_deg"": null, ""head_translation_m"": null, ""left_hand_translation_m"": null, ""removed_tool_ids"": [14, 15, 18, 19, 20, 21, 26, 27, 28], ""right_hand_translation_m"": null, ""selected_step"": ""r1_fasten_first_stand"", ""step_attempt"": 8, ""step_elapsed_s"": 19.324090610956773, ""step_event_index"": 105, ""total_hand_translation_m"": null, ""trial_finished_elapsed_s"": null, ""trial_recording"": true, ""trial_required_tool_ids"": [36]}"
2026-09-04T17:31:23.418-04:00,apoorva,gesture,tts_started,lifecycle,r1_fasten_first_stand,Row 1.4: fasten right stand,ready,8,106,,,,19.371449,,,,,,,,,,,,,,,,phillips screwdriver,,,,,"{""acquired_tool_ids"": [], ""acquisition_complete"": false, ""completed_steps"": [""r2_bearing_right"", ""r2_bearing_left"", ""r1_gear_rod"", ""r1_bearing_right"", ""r1_bearing_left"", ""r2_gear_rod"", ""r2_fasten_first_stand"", ""r2_insert_rod_and_fit_second"", ""r2_fasten_second_stand""], ""head_rotation_deg"": null, ""head_translation_m"": null, ""left_hand_translation_m"": null, ""removed_tool_ids"": [14, 15, 18, 19, 20, 21, 26, 27, 28], ""right_hand_translation_m"": null, ""selected_step"": ""r1_fasten_first_stand"", ""step_attempt"": 8, ""step_elapsed_s"": 19.371461438946426, ""step_event_index"": 106, ""total_hand_translation_m"": null, ""trial_finished_elapsed_s"": null, ""trial_recording"": true, ""trial_required_tool_ids"": [36]}"
2026-09-04T17:31:23.459-04:00,apoorva,gesture,tts_finished,lifecycle,r1_fasten_first_stand,Row 1.4: fasten right stand,ready,8,107,,,,19.412122,,,,,,,,,,,,,,,,phillips screwdriver,,,,,"{""acquired_tool_ids"": [], ""acquisition_complete"": false, ""completed_steps"": [""r2_bearing_right"", ""r2_bearing_left"", ""r1_gear_rod"", ""r1_bearing_right"", ""r1_bearing_left"", ""r2_gear_rod"", ""r2_fasten_first_stand"", ""r2_insert_rod_and_fit_second"", ""r2_fasten_second_stand""], ""head_rotation_deg"": null, ""head_translation_m"": null, ""left_hand_translation_m"": null, ""removed_tool_ids"": [14, 15, 18, 19, 20, 21, 26, 27, 28], ""right_hand_translation_m"": null, ""selected_step"": ""r1_fasten_first_stand"", ""step_attempt"": 8, ""step_elapsed_s"": 19.412135098944418, ""step_event_index"": 107, ""total_hand_translation_m"": null, ""trial_finished_elapsed_s"": null, ""trial_recording"": true, ""trial_required_tool_ids"": [36]}"
2026-09-04T17:31:23.531-04:00,apoorva,gesture,tts_started,lifecycle,r1_fasten_first_stand,Row 1.4: fasten right stand,ready,8,108,,,,19.483756,,,,,,,,,,,,,,,,interchangeable-bit screwdriver,,,,,"{""acquired_tool_ids"": [], ""acquisition_complete"": false, ""completed_steps"": [""r2_bearing_right"", ""r2_bearing_left"", ""r1_gear_rod"", ""r1_bearing_right"", ""r1_bearing_left"", ""r2_gear_rod"", ""r2_fasten_first_stand"", ""r2_insert_rod_and_fit_second"", ""r2_fasten_second_stand""], ""head_rotation_deg"": null, ""head_translation_m"": null, ""left_hand_translation_m"": null, ""removed_tool_ids"": [14, 15, 18, 19, 20, 21, 26, 27, 28], ""right_hand_translation_m"": null, ""selected_step"": ""r1_fasten_first_stand"", ""step_attempt"": 8, ""step_elapsed_s"": 19.483769359998405, ""step_event_index"": 108, ""total_hand_translation_m"": null, ""trial_finished_elapsed_s"": null, ""trial_recording"": true, ""trial_required_tool_ids"": [36]}"
2026-09-04T17:31:23.623-04:00,apoorva,gesture,tts_finished,lifecycle,r1_fasten_first_stand,Row 1.4: fasten right stand,ready,8,109,,,,19.575959,,,,,,,,,,,,,,,,interchangeable-bit screwdriver,,,,,"{""acquired_tool_ids"": [], ""acquisition_complete"": false, ""completed_steps"": [""r2_bearing_right"", ""r2_bearing_left"", ""r1_gear_rod"", ""r1_bearing_right"", ""r1_bearing_left"", ""r2_gear_rod"", ""r2_fasten_first_stand"", ""r2_insert_rod_and_fit_second"", ""r2_fasten_second_stand""], ""head_rotation_deg"": null, ""head_translation_m"": null, ""left_hand_translation_m"": null, ""removed_tool_ids"": [14, 15, 18, 19, 20, 21, 26, 27, 28], ""right_hand_translation_m"": null, ""selected_step"": ""r1_fasten_first_stand"", ""step_attempt"": 8, ""step_elapsed_s"": 19.575968503952026, ""step_event_index"": 109, ""total_hand_translation_m"": null, ""trial_finished_elapsed_s"": null, ""trial_recording"": true, ""trial_required_tool_ids"": [36]}"
2026-09-04T17:31:23.680-04:00,apoorva,gesture,tts_started,lifecycle,r1_fasten_first_stand,Row 1.4: fasten right stand,ready,8,110,,,,19.632878,,,,,,,,,,,,,,,,phillips screwdriver,,,,,"{""acquired_tool_ids"": [], ""acquisition_complete"": false, ""completed_steps"": [""r2_bearing_right"", ""r2_bearing_left"", ""r1_gear_rod"", ""r1_bearing_right"", ""r1_bearing_left"", ""r2_gear_rod"", ""r2_fasten_first_stand"", ""r2_insert_rod_and_fit_second"", ""r2_fasten_second_stand""], ""head_rotation_deg"": null, ""head_translation_m"": null, ""left_hand_translation_m"": null, ""removed_tool_ids"": [14, 15, 18, 19, 20, 21, 26, 27, 28], ""right_hand_translation_m"": null, ""selected_step"": ""r1_fasten_first_stand"", ""step_attempt"": 8, ""step_elapsed_s"": 19.632892290013842, ""step_event_index"": 110, ""total_hand_translation_m"": null, ""trial_finished_elapsed_s"": null, ""trial_recording"": true, ""trial_required_tool_ids"": [36]}"
2026-09-04T17:31:23.720-04:00,apoorva,gesture,tts_finished,lifecycle,r1_fasten_first_stand,Row 1.4: fasten right stand,ready,8,111,,,,19.672646,,,,,,,,,,,,,,,,phillips screwdriver,,,,,"{""acquired_tool_ids"": [], ""acquisition_complete"": false, ""completed_steps"": [""r2_bearing_right"", ""r2_bearing_left"", ""r1_gear_rod"", ""r1_bearing_right"", ""r1_bearing_left"", ""r2_gear_rod"", ""r2_fasten_first_stand"", ""r2_insert_rod_and_fit_second"", ""r2_fasten_second_stand""], ""head_rotation_deg"": null, ""head_translation_m"": null, ""left_hand_translation_m"": null, ""removed_tool_ids"": [14, 15, 18, 19, 20, 21, 26, 27, 28], ""right_hand_translation_m"": null, ""selected_step"": ""r1_fasten_first_stand"", ""step_attempt"": 8, ""step_elapsed_s"": 19.6726553569315, ""step_event_index"": 111, ""total_hand_translation_m"": null, ""trial_finished_elapsed_s"": null, ""trial_recording"": true, ""trial_required_tool_ids"": [36]}"
2026-09-04T17:31:23.790-04:00,apoorva,gesture,tts_started,lifecycle,r1_fasten_first_stand,Row 1.4: fasten right stand,ready,8,112,,,,19.742928,,,,,,,,,,,,,,,,part,,,,,"{""acquired_tool_ids"": [], ""acquisition_complete"": false, ""completed_steps"": [""r2_bearing_right"", ""r2_bearing_left"", ""r1_gear_rod"", ""r1_bearing_right"", ""r1_bearing_left"", ""r2_gear_rod"", ""r2_fasten_first_stand"", ""r2_insert_rod_and_fit_second"", ""r2_fasten_second_stand""], ""head_rotation_deg"": null, ""head_translation_m"": null, ""left_hand_translation_m"": null, ""removed_tool_ids"": [14, 15, 18, 19, 20, 21, 26, 27, 28], ""right_hand_translation_m"": null, ""selected_step"": ""r1_fasten_first_stand"", ""step_attempt"": 8, ""step_elapsed_s"": 19.742939051939175, ""step_event_index"": 112, ""total_hand_translation_m"": null, ""trial_finished_elapsed_s"": null, ""trial_recording"": true, ""trial_required_tool_ids"": [36]}"
2026-09-04T17:31:23.848-04:00,apoorva,gesture,tts_finished,lifecycle,r1_fasten_first_stand,Row 1.4: fasten right stand,ready,8,113,,,,19.801157,,,,,,,,,,,,,,,,part,,,,,"{""acquired_tool_ids"": [], ""acquisition_complete"": false, ""completed_steps"": [""r2_bearing_right"", ""r2_bearing_left"", ""r1_gear_rod"", ""r1_bearing_right"", ""r1_bearing_left"", ""r2_gear_rod"", ""r2_fasten_first_stand"", ""r2_insert_rod_and_fit_second"", ""r2_fasten_second_stand""], ""head_rotation_deg"": null, ""head_translation_m"": null, ""left_hand_translation_m"": null, ""removed_tool_ids"": [14, 15, 18, 19, 20, 21, 26, 27, 28], ""right_hand_translation_m"": null, ""selected_step"": ""r1_fasten_first_stand"", ""step_attempt"": 8, ""step_elapsed_s"": 19.801169340964407, ""step_event_index"": 113, ""total_hand_translation_m"": null, ""trial_finished_elapsed_s"": null, ""trial_recording"": true, ""trial_required_tool_ids"": [36]}"
2026-09-04T17:31:23.923-04:00,apoorva,gesture,tts_started,lifecycle,r1_fasten_first_stand,Row 1.4: fasten right stand,ready,8,114,,,,19.875903,,,,,,,,,,,,,,,,phillips screwdriver,,,,,"{""acquired_tool_ids"": [], ""acquisition_complete"": false, ""completed_steps"": [""r2_bearing_right"", ""r2_bearing_left"", ""r1_gear_rod"", ""r1_bearing_right"", ""r1_bearing_left"", ""r2_gear_rod"", ""r2_fasten_first_stand"", ""r2_insert_rod_and_fit_second"", ""r2_fasten_second_stand""], ""head_rotation_deg"": null, ""head_translation_m"": null, ""left_hand_translation_m"": null, ""removed_tool_ids"": [14, 15, 18, 19, 20, 21, 26, 27, 28], ""right_hand_translation_m"": null, ""selected_step"": ""r1_fasten_first_stand"", ""step_attempt"": 8, ""step_elapsed_s"": 19.875915584969334, ""step_event_index"": 114, ""total_hand_translation_m"": null, ""trial_finished_elapsed_s"": null, ""trial_recording"": true, ""trial_required_tool_ids"": [36]}"
2026-09-04T17:31:23.995-04:00,apoorva,gesture,hover,hover,r1_fasten_first_stand,Row 1.4: fasten right stand,ready,8,115,7,BIT_SCREWDRIVER,,,,,,,,,,,,,,,,,,,,,,,"{""acquired_tool_ids"": [], ""acquisition_complete"": false, ""completed_steps"": [""r2_bearing_right"", ""r2_bearing_left"", ""r1_gear_rod"", ""r1_bearing_right"", ""r1_bearing_left"", ""r2_gear_rod"", ""r2_fasten_first_stand"", ""r2_insert_rod_and_fit_second"", ""r2_fasten_second_stand""], ""head_rotation_deg"": null, ""head_translation_m"": null, ""left_hand_translation_m"": null, ""removed_tool_ids"": [14, 15, 18, 19, 20, 21, 26, 27, 28], ""right_hand_translation_m"": null, ""selected_step"": ""r1_fasten_first_stand"", ""step_attempt"": 8, ""step_elapsed_s"": 19.948557993979193, ""step_event_index"": 115, ""total_hand_translation_m"": null, ""trial_finished_elapsed_s"": null, ""trial_recording"": true, ""trial_required_tool_ids"": [36]}"
2026-09-04T17:31:24.085-04:00,apoorva,gesture,tts_queued,lifecycle,r1_fasten_first_stand,Row 1.4: fasten right stand,ready,8,116,,,,20.037809,,,,,,,,,,,,,,,,interchangeable-bit screwdriver,,,replace_hover,,"{""acquired_tool_ids"": [], ""acquisition_complete"": false, ""completed_steps"": [""r2_bearing_right"", ""r2_bearing_left"", ""r1_gear_rod"", ""r1_bearing_right"", ""r1_bearing_left"", ""r2_gear_rod"", ""r2_fasten_first_stand"", ""r2_insert_rod_and_fit_second"", ""r2_fasten_second_stand""], ""head_rotation_deg"": null, ""head_translation_m"": null, ""left_hand_translation_m"": null, ""removed_tool_ids"": [14, 15, 18, 19, 20, 21, 26, 27, 28], ""right_hand_translation_m"": null, ""selected_step"": ""r1_fasten_first_stand"", ""step_attempt"": 8, ""step_elapsed_s"": 20.037821435951628, ""step_event_index"": 116, ""total_hand_translation_m"": null, ""trial_finished_elapsed_s"": null, ""trial_recording"": true, ""trial_required_tool_ids"": [36]}"
2026-09-04T17:31:24.195-04:00,apoorva,gesture,tts_finished,lifecycle,r1_fasten_first_stand,Row 1.4: fasten right stand,ready,8,117,,,,20.147782,,,,,,,,,,,,,,,,phillips screwdriver,,,,,"{""acquired_tool_ids"": [], ""acquisition_complete"": false, ""completed_steps"": [""r2_bearing_right"", ""r2_bearing_left"", ""r1_gear_rod"", ""r1_bearing_right"", ""r1_bearing_left"", ""r2_gear_rod"", ""r2_fasten_first_stand"", ""r2_insert_rod_and_fit_second"", ""r2_fasten_second_stand""], ""head_rotation_deg"": null, ""head_translation_m"": null, ""left_hand_translation_m"": null, ""removed_tool_ids"": [14, 15, 18, 19, 20, 21, 26, 27, 28], ""right_hand_translation_m"": null, ""selected_step"": ""r1_fasten_first_stand"", ""step_attempt"": 8, ""step_elapsed_s"": 20.14779723098036, ""step_event_index"": 117, ""total_hand_translation_m"": null, ""trial_finished_elapsed_s"": null, ""trial_recording"": true, ""trial_required_tool_ids"": [36]}"
2026-09-04T17:31:24.283-04:00,apoorva,gesture,tts_started,lifecycle,r1_fasten_first_stand,Row 1.4: fasten right stand,ready,8,118,,,,20.235689,,,,,,,,,,,,,,,,interchangeable-bit screwdriver,,,,,"{""acquired_tool_ids"": [], ""acquisition_complete"": false, ""completed_steps"": [""r2_bearing_right"", ""r2_bearing_left"", ""r1_gear_rod"", ""r1_bearing_right"", ""r1_bearing_left"", ""r2_gear_rod"", ""r2_fasten_first_stand"", ""r2_insert_rod_and_fit_second"", ""r2_fasten_second_stand""], ""head_rotation_deg"": null, ""head_translation_m"": null, ""left_hand_translation_m"": null, ""removed_tool_ids"": [14, 15, 18, 19, 20, 21, 26, 27, 28], ""right_hand_translation_m"": null, ""selected_step"": ""r1_fasten_first_stand"", ""step_attempt"": 8, ""step_elapsed_s"": 20.23569793102797, ""step_event_index"": 118, ""total_hand_translation_m"": null, ""trial_finished_elapsed_s"": null, ""trial_recording"": true, ""trial_required_tool_ids"": [36]}"
2026-09-04T17:31:24.808-04:00,apoorva,gesture,tts_queued,lifecycle,r1_fasten_first_stand,Row 1.4: fasten right stand,ready,8,119,,,,20.760837,,,,,,,,,,,,,,,,Wrong part.,,,replace,,"{""acquired_tool_ids"": [], ""acquisition_complete"": false, ""completed_steps"": [""r2_bearing_right"", ""r2_bearing_left"", ""r1_gear_rod"", ""r1_bearing_right"", ""r1_bearing_left"", ""r2_gear_rod"", ""r2_fasten_first_stand"", ""r2_insert_rod_and_fit_second"", ""r2_fasten_second_stand""], ""head_rotation_deg"": null, ""head_translation_m"": null, ""left_hand_translation_m"": null, ""removed_tool_ids"": [14, 15, 18, 19, 20, 21, 26, 27, 28], ""right_hand_translation_m"": null, ""selected_step"": ""r1_fasten_first_stand"", ""step_attempt"": 8, ""step_elapsed_s"": 20.760846251039766, ""step_event_index"": 119, ""total_hand_translation_m"": null, ""trial_finished_elapsed_s"": null, ""trial_recording"": true, ""trial_required_tool_ids"": [36]}"
2026-09-04T17:31:24.836-04:00,apoorva,gesture,part_selection,click,r1_fasten_first_stand,Row 1.4: fasten right stand,ready,8,120,7,BIT_SCREWDRIVER,20.789445,20.789445,,,,,,,,,,,,,,,0,,,,,,"{""acquired_tool_ids"": [], ""acquisition_complete"": false, ""completed_steps"": [""r2_bearing_right"", ""r2_bearing_left"", ""r1_gear_rod"", ""r1_bearing_right"", ""r1_bearing_left"", ""r2_gear_rod"", ""r2_fasten_first_stand"", ""r2_insert_rod_and_fit_second"", ""r2_fasten_second_stand""], ""head_rotation_deg"": null, ""head_translation_m"": null, ""left_hand_translation_m"": null, ""removed_tool_ids"": [14, 15, 18, 19, 20, 21, 26, 27, 28], ""right_hand_translation_m"": null, ""selected_step"": ""r1_fasten_first_stand"", ""step_attempt"": 8, ""step_elapsed_s"": 20.789487325004302, ""step_event_index"": 120, ""total_hand_translation_m"": null, ""trial_finished_elapsed_s"": null, ""trial_recording"": true, ""trial_required_tool_ids"": [36]}"
2026-09-04T17:31:24.874-04:00,apoorva,gesture,tts_finished,lifecycle,r1_fasten_first_stand,Row 1.4: fasten right stand,ready,8,121,,,,20.826980,,,,,,,,,,,,,,,,interchangeable-bit screwdriver,,,,,"{""acquired_tool_ids"": [], ""acquisition_complete"": false, ""completed_steps"": [""r2_bearing_right"", ""r2_bearing_left"", ""r1_gear_rod"", ""r1_bearing_right"", ""r1_bearing_left"", ""r2_gear_rod"", ""r2_fasten_first_stand"", ""r2_insert_rod_and_fit_second"", ""r2_fasten_second_stand""], ""head_rotation_deg"": null, ""head_translation_m"": null, ""left_hand_translation_m"": null, ""removed_tool_ids"": [14, 15, 18, 19, 20, 21, 26, 27, 28], ""right_hand_translation_m"": null, ""selected_step"": ""r1_fasten_first_stand"", ""step_attempt"": 8, ""step_elapsed_s"": 20.82699294097256, ""step_event_index"": 121, ""total_hand_translation_m"": null, ""trial_finished_elapsed_s"": null, ""trial_recording"": true, ""trial_required_tool_ids"": [36]}"
2026-09-04T17:31:24.950-04:00,apoorva,gesture,tts_started,lifecycle,r1_fasten_first_stand,Row 1.4: fasten right stand,ready,8,122,,,,20.903150,,,,,,,,,,,,,,,,Wrong part.,,,,,"{""acquired_tool_ids"": [], ""acquisition_complete"": false, ""completed_steps"": [""r2_bearing_right"", ""r2_bearing_left"", ""r1_gear_rod"", ""r1_bearing_right"", ""r1_bearing_left"", ""r2_gear_rod"", ""r2_fasten_first_stand"", ""r2_insert_rod_and_fit_second"", ""r2_fasten_second_stand""], ""head_rotation_deg"": null, ""head_translation_m"": null, ""left_hand_translation_m"": null, ""removed_tool_ids"": [14, 15, 18, 19, 20, 21, 26, 27, 28], ""right_hand_translation_m"": null, ""selected_step"": ""r1_fasten_first_stand"", ""step_attempt"": 8, ""step_elapsed_s"": 20.90315984201152, ""step_event_index"": 122, ""total_hand_translation_m"": null, ""trial_finished_elapsed_s"": null, ""trial_recording"": true, ""trial_required_tool_ids"": [36]}"
2026-09-04T17:31:25.703-04:00,apoorva,gesture,hover,hover,r1_fasten_first_stand,Row 1.4: fasten right stand,ready,8,123,10,PHILIPS_SCREWDRIVER,,,,,,,,,,,,,,,,,,,,,,,"{""acquired_tool_ids"": [], ""acquisition_complete"": false, ""completed_steps"": [""r2_bearing_right"", ""r2_bearing_left"", ""r1_gear_rod"", ""r1_bearing_right"", ""r1_bearing_left"", ""r2_gear_rod"", ""r2_fasten_first_stand"", ""r2_insert_rod_and_fit_second"", ""r2_fasten_second_stand""], ""head_rotation_deg"": null, ""head_translation_m"": null, ""left_hand_translation_m"": null, ""removed_tool_ids"": [14, 15, 18, 19, 20, 21, 26, 27, 28], ""right_hand_translation_m"": null, ""selected_step"": ""r1_fasten_first_stand"", ""step_attempt"": 8, ""step_elapsed_s"": 21.6565067069605, ""step_event_index"": 123, ""total_hand_translation_m"": null, ""trial_finished_elapsed_s"": null, ""trial_recording"": true, ""trial_required_tool_ids"": [36]}"
2026-09-04T17:31:25.771-04:00,apoorva,gesture,tts_queued,lifecycle,r1_fasten_first_stand,Row 1.4: fasten right stand,ready,8,124,,,,21.724261,,,,,,,,,,,,,,,,phillips screwdriver,,,replace_hover,,"{""acquired_tool_ids"": [], ""acquisition_complete"": false, ""completed_steps"": [""r2_bearing_right"", ""r2_bearing_left"", ""r1_gear_rod"", ""r1_bearing_right"", ""r1_bearing_left"", ""r2_gear_rod"", ""r2_fasten_first_stand"", ""r2_insert_rod_and_fit_second"", ""r2_fasten_second_stand""], ""head_rotation_deg"": null, ""head_translation_m"": null, ""left_hand_translation_m"": null, ""removed_tool_ids"": [14, 15, 18, 19, 20, 21, 26, 27, 28], ""right_hand_translation_m"": null, ""selected_step"": ""r1_fasten_first_stand"", ""step_attempt"": 8, ""step_elapsed_s"": 21.724271680926904, ""step_event_index"": 124, ""total_hand_translation_m"": null, ""trial_finished_elapsed_s"": null, ""trial_recording"": true, ""trial_required_tool_ids"": [36]}"
2026-09-04T17:31:25.829-04:00,apoorva,gesture,hover,hover,r1_fasten_first_stand,Row 1.4: fasten right stand,ready,8,125,11,FLATHEAD_SCREWDRIVER,,,,,,,,,,,,,,,,,,,,,,,"{""acquired_tool_ids"": [], ""acquisition_complete"": false, ""completed_steps"": [""r2_bearing_right"", ""r2_bearing_left"", ""r1_gear_rod"", ""r1_bearing_right"", ""r1_bearing_left"", ""r2_gear_rod"", ""r2_fasten_first_stand"", ""r2_insert_rod_and_fit_second"", ""r2_fasten_second_stand""], ""head_rotation_deg"": null, ""head_translation_m"": null, ""left_hand_translation_m"": null, ""removed_tool_ids"": [14, 15, 18, 19, 20, 21, 26, 27, 28], ""right_hand_translation_m"": null, ""selected_step"": ""r1_fasten_first_stand"", ""step_attempt"": 8, ""step_elapsed_s"": 21.781750616966747, ""step_event_index"": 125, ""total_hand_translation_m"": null, ""trial_finished_elapsed_s"": null, ""trial_recording"": true, ""trial_required_tool_ids"": [36]}"
2026-09-04T17:31:25.871-04:00,apoorva,gesture,tts_queued,lifecycle,r1_fasten_first_stand,Row 1.4: fasten right stand,ready,8,126,,,,21.824125,,,,,,,,,,,,,,,,part,,,replace_hover,,"{""acquired_tool_ids"": [], ""acquisition_complete"": false, ""completed_steps"": [""r2_bearing_right"", ""r2_bearing_left"", ""r1_gear_rod"", ""r1_bearing_right"", ""r1_bearing_left"", ""r2_gear_rod"", ""r2_fasten_first_stand"", ""r2_insert_rod_and_fit_second"", ""r2_fasten_second_stand""], ""head_rotation_deg"": null, ""head_translation_m"": null, ""left_hand_translation_m"": null, ""removed_tool_ids"": [14, 15, 18, 19, 20, 21, 26, 27, 28], ""right_hand_translation_m"": null, ""selected_step"": ""r1_fasten_first_stand"", ""step_attempt"": 8, ""step_elapsed_s"": 21.824135995004326, ""step_event_index"": 126, ""total_hand_translation_m"": null, ""trial_finished_elapsed_s"": null, ""trial_recording"": true, ""trial_required_tool_ids"": [36]}"
2026-09-04T17:31:25.926-04:00,apoorva,gesture,hover,hover,r1_fasten_first_stand,Row 1.4: fasten right stand,ready,8,127,13,MAGNET_POLE_CHECKER,,,,,,,,,,,,,,,,,,,,,,,"{""acquired_tool_ids"": [], ""acquisition_complete"": false, ""completed_steps"": [""r2_bearing_right"", ""r2_bearing_left"", ""r1_gear_rod"", ""r1_bearing_right"", ""r1_bearing_left"", ""r2_gear_rod"", ""r2_fasten_first_stand"", ""r2_insert_rod_and_fit_second"", ""r2_fasten_second_stand""], ""head_rotation_deg"": null, ""head_translation_m"": null, ""left_hand_translation_m"": null, ""removed_tool_ids"": [14, 15, 18, 19, 20, 21, 26, 27, 28], ""right_hand_translation_m"": null, ""selected_step"": ""r1_fasten_first_stand"", ""step_attempt"": 8, ""step_elapsed_s"": 21.879409205983393, ""step_event_index"": 127, ""total_hand_translation_m"": null, ""trial_finished_elapsed_s"": null, ""trial_recording"": true, ""trial_required_tool_ids"": [36]}"
2026-09-04T17:31:25.942-04:00,apoorva,gesture,tts_queued,lifecycle,r1_fasten_first_stand,Row 1.4: fasten right stand,ready,8,128,,,,21.895077,,,,,,,,,,,,,,,,part,,,replace_hover,,"{""acquired_tool_ids"": [], ""acquisition_complete"": false, ""completed_steps"": [""r2_bearing_right"", ""r2_bearing_left"", ""r1_gear_rod"", ""r1_bearing_right"", ""r1_bearing_left"", ""r2_gear_rod"", ""r2_fasten_first_stand"", ""r2_insert_rod_and_fit_second"", ""r2_fasten_second_stand""], ""head_rotation_deg"": null, ""head_translation_m"": null, ""left_hand_translation_m"": null, ""removed_tool_ids"": [14, 15, 18, 19, 20, 21, 26, 27, 28], ""right_hand_translation_m"": null, ""selected_step"": ""r1_fasten_first_stand"", ""step_attempt"": 8, ""step_elapsed_s"": 21.89508773002308, ""step_event_index"": 128, ""total_hand_translation_m"": null, ""trial_finished_elapsed_s"": null, ""trial_recording"": true, ""trial_required_tool_ids"": [36]}"
2026-09-04T17:31:26.039-04:00,apoorva,gesture,tts_finished,lifecycle,r1_fasten_first_stand,Row 1.4: fasten right stand,ready,8,129,,,,21.992437,,,,,,,,,,,,,,,,Wrong part.,,,,,"{""acquired_tool_ids"": [], ""acquisition_complete"": false, ""completed_steps"": [""r2_bearing_right"", ""r2_bearing_left"", ""r1_gear_rod"", ""r1_bearing_right"", ""r1_bearing_left"", ""r2_gear_rod"", ""r2_fasten_first_stand"", ""r2_insert_rod_and_fit_second"", ""r2_fasten_second_stand""], ""head_rotation_deg"": null, ""head_translation_m"": null, ""left_hand_translation_m"": null, ""removed_tool_ids"": [14, 15, 18, 19, 20, 21, 26, 27, 28], ""right_hand_translation_m"": null, ""selected_step"": ""r1_fasten_first_stand"", ""step_attempt"": 8, ""step_elapsed_s"": 21.992446298943833, ""step_event_index"": 129, ""total_hand_translation_m"": null, ""trial_finished_elapsed_s"": null, ""trial_recording"": true, ""trial_required_tool_ids"": [36]}"
2026-09-04T17:31:26.120-04:00,apoorva,gesture,tts_started,lifecycle,r1_fasten_first_stand,Row 1.4: fasten right stand,ready,8,130,,,,22.073539,,,,,,,,,,,,,,,,phillips screwdriver,,,,,"{""acquired_tool_ids"": [], ""acquisition_complete"": false, ""completed_steps"": [""r2_bearing_right"", ""r2_bearing_left"", ""r1_gear_rod"", ""r1_bearing_right"", ""r1_bearing_left"", ""r2_gear_rod"", ""r2_fasten_first_stand"", ""r2_insert_rod_and_fit_second"", ""r2_fasten_second_stand""], ""head_rotation_deg"": null, ""head_translation_m"": null, ""left_hand_translation_m"": null, ""removed_tool_ids"": [14, 15, 18, 19, 20, 21, 26, 27, 28], ""right_hand_translation_m"": null, ""selected_step"": ""r1_fasten_first_stand"", ""step_attempt"": 8, ""step_elapsed_s"": 22.073548708925955, ""step_event_index"": 130, ""total_hand_translation_m"": null, ""trial_finished_elapsed_s"": null, ""trial_recording"": true, ""trial_required_tool_ids"": [36]}"
2026-09-04T17:31:26.166-04:00,apoorva,gesture,tts_finished,lifecycle,r1_fasten_first_stand,Row 1.4: fasten right stand,ready,8,131,,,,22.118889,,,,,,,,,,,,,,,,phillips screwdriver,,,,,"{""acquired_tool_ids"": [], ""acquisition_complete"": false, ""completed_steps"": [""r2_bearing_right"", ""r2_bearing_left"", ""r1_gear_rod"", ""r1_bearing_right"", ""r1_bearing_left"", ""r2_gear_rod"", ""r2_fasten_first_stand"", ""r2_insert_rod_and_fit_second"", ""r2_fasten_second_stand""], ""head_rotation_deg"": null, ""head_translation_m"": null, ""left_hand_translation_m"": null, ""removed_tool_ids"": [14, 15, 18, 19, 20, 21, 26, 27, 28], ""right_hand_translation_m"": null, ""selected_step"": ""r1_fasten_first_stand"", ""step_attempt"": 8, ""step_elapsed_s"": 22.11890001699794, ""step_event_index"": 131, ""total_hand_translation_m"": null, ""trial_finished_elapsed_s"": null, ""trial_recording"": true, ""trial_required_tool_ids"": [36]}"
2026-09-04T17:31:26.220-04:00,apoorva,gesture,tts_started,lifecycle,r1_fasten_first_stand,Row 1.4: fasten right stand,ready,8,132,,,,22.173205,,,,,,,,,,,,,,,,part,,,,,"{""acquired_tool_ids"": [], ""acquisition_complete"": false, ""completed_steps"": [""r2_bearing_right"", ""r2_bearing_left"", ""r1_gear_rod"", ""r1_bearing_right"", ""r1_bearing_left"", ""r2_gear_rod"", ""r2_fasten_first_stand"", ""r2_insert_rod_and_fit_second"", ""r2_fasten_second_stand""], ""head_rotation_deg"": null, ""head_translation_m"": null, ""left_hand_translation_m"": null, ""removed_tool_ids"": [14, 15, 18, 19, 20, 21, 26, 27, 28], ""right_hand_translation_m"": null, ""selected_step"": ""r1_fasten_first_stand"", ""step_attempt"": 8, ""step_elapsed_s"": 22.17321522894781, ""step_event_index"": 132, ""total_hand_translation_m"": null, ""trial_finished_elapsed_s"": null, ""trial_recording"": true, ""trial_required_tool_ids"": [36]}"
2026-09-04T17:31:26.298-04:00,apoorva,gesture,tts_finished,lifecycle,r1_fasten_first_stand,Row 1.4: fasten right stand,ready,8,133,,,,22.251596,,,,,,,,,,,,,,,,part,,,,,"{""acquired_tool_ids"": [], ""acquisition_complete"": false, ""completed_steps"": [""r2_bearing_right"", ""r2_bearing_left"", ""r1_gear_rod"", ""r1_bearing_right"", ""r1_bearing_left"", ""r2_gear_rod"", ""r2_fasten_first_stand"", ""r2_insert_rod_and_fit_second"", ""r2_fasten_second_stand""], ""head_rotation_deg"": null, ""head_translation_m"": null, ""left_hand_translation_m"": null, ""removed_tool_ids"": [14, 15, 18, 19, 20, 21, 26, 27, 28], ""right_hand_translation_m"": null, ""selected_step"": ""r1_fasten_first_stand"", ""step_attempt"": 8, ""step_elapsed_s"": 22.25160781003069, ""step_event_index"": 133, ""total_hand_translation_m"": null, ""trial_finished_elapsed_s"": null, ""trial_recording"": true, ""trial_required_tool_ids"": [36]}"
2026-09-04T17:31:26.370-04:00,apoorva,gesture,tts_started,lifecycle,r1_fasten_first_stand,Row 1.4: fasten right stand,ready,8,134,,,,22.323179,,,,,,,,,,,,,,,,part,,,,,"{""acquired_tool_ids"": [], ""acquisition_complete"": false, ""completed_steps"": [""r2_bearing_right"", ""r2_bearing_left"", ""r1_gear_rod"", ""r1_bearing_right"", ""r1_bearing_left"", ""r2_gear_rod"", ""r2_fasten_first_stand"", ""r2_insert_rod_and_fit_second"", ""r2_fasten_second_stand""], ""head_rotation_deg"": null, ""head_translation_m"": null, ""left_hand_translation_m"": null, ""removed_tool_ids"": [14, 15, 18, 19, 20, 21, 26, 27, 28], ""right_hand_translation_m"": null, ""selected_step"": ""r1_fasten_first_stand"", ""step_attempt"": 8, ""step_elapsed_s"": 22.323192758020014, ""step_event_index"": 134, ""total_hand_translation_m"": null, ""trial_finished_elapsed_s"": null, ""trial_recording"": true, ""trial_required_tool_ids"": [36]}"
2026-09-04T17:31:26.437-04:00,apoorva,gesture,hover,hover,r1_fasten_first_stand,Row 1.4: fasten right stand,ready,8,135,36,BITHOLDER1,,,,,,,,,,,,,,,,,,,,,,,"{""acquired_tool_ids"": [], ""acquisition_complete"": false, ""completed_steps"": [""r2_bearing_right"", ""r2_bearing_left"", ""r1_gear_rod"", ""r1_bearing_right"", ""r1_bearing_left"", ""r2_gear_rod"", ""r2_fasten_first_stand"", ""r2_insert_rod_and_fit_second"", ""r2_fasten_second_stand""], ""head_rotation_deg"": null, ""head_translation_m"": null, ""left_hand_translation_m"": null, ""removed_tool_ids"": [14, 15, 18, 19, 20, 21, 26, 27, 28], ""right_hand_translation_m"": null, ""selected_step"": ""r1_fasten_first_stand"", ""step_attempt"": 8, ""step_elapsed_s"": 22.389907974982634, ""step_event_index"": 135, ""total_hand_translation_m"": null, ""trial_finished_elapsed_s"": null, ""trial_recording"": true, ""trial_required_tool_ids"": [36]}"
2026-09-04T17:31:26.458-04:00,apoorva,gesture,tts_queued,lifecycle,r1_fasten_first_stand,Row 1.4: fasten right stand,ready,8,136,,,,22.410960,,,,,,,,,,,,,,,,bit holder1,,,replace_hover,,"{""acquired_tool_ids"": [], ""acquisition_complete"": false, ""completed_steps"": [""r2_bearing_right"", ""r2_bearing_left"", ""r1_gear_rod"", ""r1_bearing_right"", ""r1_bearing_left"", ""r2_gear_rod"", ""r2_fasten_first_stand"", ""r2_insert_rod_and_fit_second"", ""r2_fasten_second_stand""], ""head_rotation_deg"": null, ""head_translation_m"": null, ""left_hand_translation_m"": null, ""removed_tool_ids"": [14, 15, 18, 19, 20, 21, 26, 27, 28], ""right_hand_translation_m"": null, ""selected_step"": ""r1_fasten_first_stand"", ""step_attempt"": 8, ""step_elapsed_s"": 22.410972632933408, ""step_event_index"": 136, ""total_hand_translation_m"": null, ""trial_finished_elapsed_s"": null, ""trial_recording"": true, ""trial_required_tool_ids"": [36]}"
2026-09-04T17:31:26.619-04:00,apoorva,gesture,tts_finished,lifecycle,r1_fasten_first_stand,Row 1.4: fasten right stand,ready,8,137,,,,22.571793,,,,,,,,,,,,,,,,part,,,,,"{""acquired_tool_ids"": [], ""acquisition_complete"": false, ""completed_steps"": [""r2_bearing_right"", ""r2_bearing_left"", ""r1_gear_rod"", ""r1_bearing_right"", ""r1_bearing_left"", ""r2_gear_rod"", ""r2_fasten_first_stand"", ""r2_insert_rod_and_fit_second"", ""r2_fasten_second_stand""], ""head_rotation_deg"": null, ""head_translation_m"": null, ""left_hand_translation_m"": null, ""removed_tool_ids"": [14, 15, 18, 19, 20, 21, 26, 27, 28], ""right_hand_translation_m"": null, ""selected_step"": ""r1_fasten_first_stand"", ""step_attempt"": 8, ""step_elapsed_s"": 22.571808640030213, ""step_event_index"": 137, ""total_hand_translation_m"": null, ""trial_finished_elapsed_s"": null, ""trial_recording"": true, ""trial_required_tool_ids"": [36]}"
2026-09-04T17:31:26.736-04:00,apoorva,gesture,tts_started,lifecycle,r1_fasten_first_stand,Row 1.4: fasten right stand,ready,8,138,,,,22.688920,,,,,,,,,,,,,,,,bit holder1,,,,,"{""acquired_tool_ids"": [], ""acquisition_complete"": false, ""completed_steps"": [""r2_bearing_right"", ""r2_bearing_left"", ""r1_gear_rod"", ""r1_bearing_right"", ""r1_bearing_left"", ""r2_gear_rod"", ""r2_fasten_first_stand"", ""r2_insert_rod_and_fit_second"", ""r2_fasten_second_stand""], ""head_rotation_deg"": null, ""head_translation_m"": null, ""left_hand_translation_m"": null, ""removed_tool_ids"": [14, 15, 18, 19, 20, 21, 26, 27, 28], ""right_hand_translation_m"": null, ""selected_step"": ""r1_fasten_first_stand"", ""step_attempt"": 8, ""step_elapsed_s"": 22.688935394980945, ""step_event_index"": 138, ""total_hand_translation_m"": null, ""trial_finished_elapsed_s"": null, ""trial_recording"": true, ""trial_required_tool_ids"": [36]}"
2026-09-04T17:31:26.853-04:00,apoorva,gesture,part_selection,click,r1_fasten_first_stand,Row 1.4: fasten right stand,ready,8,139,36,BITHOLDER1,22.806278,22.806278,,,,,,,,,,,,,,,1,,,,,,"{""acquired_tool_ids"": [36], ""acquisition_complete"": false, ""completed_steps"": [""r2_bearing_right"", ""r2_bearing_left"", ""r1_gear_rod"", ""r1_bearing_right"", ""r1_bearing_left"", ""r2_gear_rod"", ""r2_fasten_first_stand"", ""r2_insert_rod_and_fit_second"", ""r2_fasten_second_stand""], ""head_rotation_deg"": null, ""head_translation_m"": null, ""left_hand_translation_m"": null, ""removed_tool_ids"": [14, 15, 18, 19, 20, 21, 26, 27, 28], ""right_hand_translation_m"": null, ""selected_step"": ""r1_fasten_first_stand"", ""step_attempt"": 8, ""step_elapsed_s"": 22.806320133968256, ""step_event_index"": 139, ""total_hand_translation_m"": null, ""trial_finished_elapsed_s"": null, ""trial_recording"": true, ""trial_required_tool_ids"": [36]}"
2026-09-04T17:31:26.922-04:00,apoorva,gesture,object_acquired,click,r1_fasten_first_stand,Row 1.4: fasten right stand,ready,8,140,36,BITHOLDER1,22.806278,22.806278,,,,,,,,,,,,,,,1,,,,,,"{""acquired_tool_ids"": [36], ""acquisition_complete"": false, ""completed_steps"": [""r2_bearing_right"", ""r2_bearing_left"", ""r1_gear_rod"", ""r1_bearing_right"", ""r1_bearing_left"", ""r2_gear_rod"", ""r2_fasten_first_stand"", ""r2_insert_rod_and_fit_second"", ""r2_fasten_second_stand""], ""head_rotation_deg"": null, ""head_translation_m"": null, ""left_hand_translation_m"": null, ""removed_tool_ids"": [14, 15, 18, 19, 20, 21, 26, 27, 28], ""right_hand_translation_m"": null, ""selected_step"": ""r1_fasten_first_stand"", ""step_attempt"": 8, ""step_elapsed_s"": 22.87526285694912, ""step_event_index"": 140, ""total_hand_translation_m"": null, ""trial_finished_elapsed_s"": null, ""trial_recording"": true, ""trial_required_tool_ids"": [36]}"
2026-09-04T17:31:26.957-04:00,apoorva,gesture,step_acquisition_complete,click,r1_fasten_first_stand,Row 1.4: fasten right stand,ready,8,141,,,,22.901684,2.894978,499.257483,4.338632,2.734733,7.073365,0.000000,9.110392,9.110392,40.043728,0,33,0.000000,0.546216,0.546216,,,,,,,"{""acquired_tool_ids"": [36], ""acquisition_complete"": true, ""any_hover_time_s"": 9.110391971073113, ""completed_steps"": [""r2_bearing_right"", ""r2_bearing_left"", ""r1_gear_rod"", ""r1_bearing_right"", ""r1_bearing_left"", ""r2_gear_rod"", ""r2_fasten_first_stand"", ""r2_insert_rod_and_fit_second"", ""r2_fasten_second_stand""], ""head_rotation_deg"": 499.25748336488465, ""head_translation_m"": 2.8949783252214134, ""hover_time_percent"": 40.043727871449434, ""left_hand_translation_m"": 4.338632412683999, ""left_hover_episodes"": 0, ""left_hover_time_s"": 0.0, ""left_hover_translation_m"": 0.0, ""removed_tool_ids"": [14, 15, 18, 19, 20, 21, 26, 27, 28], ""right_hand_translation_m"": 2.7347329425966675, ""right_hover_episodes"": 33, ""right_hover_time_s"": 9.110391971073113, ""right_hover_translation_m"": 0.5462157272272186, ""selected_step"": ""r1_fasten_first_stand"", ""step_attempt"": 8, ""step_elapsed_s"": 22.901683953008614, ""step_event_index"": 141, ""total_hand_translation_m"": 7.073365355280666, ""total_hover_translation_m"": 0.5462157272272186, ""trial_finished_elapsed_s"": 22.901683953008614, ""trial_recording"": false, ""trial_required_tool_ids"": [36]}"
2026-09-04T17:31:27.078-04:00,apoorva,gesture,graph_complete,,r1_fasten_first_stand,Row 1.4: fasten right stand,complete,8,142,,,,,,,,,,,,,,,,,,,,,,,,,"{""acquired_tool_ids"": [36], ""acquisition_complete"": true, ""any_hover_time_s"": 9.110391971073113, ""completed_steps"": [""r2_bearing_right"", ""r2_bearing_left"", ""r1_gear_rod"", ""r1_bearing_right"", ""r1_bearing_left"", ""r2_gear_rod"", ""r2_fasten_first_stand"", ""r2_insert_rod_and_fit_second"", ""r2_fasten_second_stand"", ""r1_fasten_first_stand"", ""r1_insert_rod_and_fit_second"", ""r1_fasten_second_stand""], ""head_rotation_deg"": 499.25748336488465, ""head_translation_m"": 2.8949783252214134, ""hover_time_percent"": 40.043727871449434, ""left_hand_translation_m"": 4.338632412683999, ""left_hover_episodes"": 0, ""left_hover_time_s"": 0.0, ""left_hover_translation_m"": 0.0, ""removed_tool_ids"": [14, 15, 18, 19, 20, 21, 26, 27, 28], ""right_hand_translation_m"": 2.7347329425966675, ""right_hover_episodes"": 33, ""right_hover_time_s"": 9.110391971073113, ""right_hover_translation_m"": 0.5462157272272186, ""selected_step"": ""r1_fasten_first_stand"", ""step_attempt"": 8, ""step_elapsed_s"": 22.901683953008614, ""step_event_index"": 142, ""total_hand_translation_m"": 7.073365355280666, ""total_hover_translation_m"": 0.5462157272272186, ""trial_finished_elapsed_s"": 22.901683953008614, ""trial_recording"": false, ""trial_required_tool_ids"": [36]}"
