timestamp,participant_id,condition,event_type,modality,step_id,step_title,step_state,step_attempt,step_event_index,tool_id,tool_name,part_elapsed_s,step_elapsed_s,head_translation_m,head_rotation_deg,left_hand_translation_m,right_hand_translation_m,total_hand_translation_m,left_hover_time_s,right_hover_time_s,any_hover_time_s,hover_time_percent,left_hover_episodes,right_hover_episodes,left_hover_translation_m,right_hover_translation_m,total_hover_translation_m,correct,transcript,vlm_prediction,vlm_raw,graph_decision,spoken_response,state_json
2026-09-04T14:03:51.573-04:00,kuber,gesture,step_started,keyboard,r2_bearing_right,Row 2.1: bearing into right stand,ready,2,1,,,,,,,,,,,,,,,,,,,,,,,,,"{""acquired_tool_ids"": [], ""acquisition_complete"": false, ""completed_steps"": [], ""head_rotation_deg"": null, ""head_translation_m"": null, ""left_hand_translation_m"": null, ""removed_tool_ids"": [], ""right_hand_translation_m"": null, ""selected_step"": ""r2_bearing_right"", ""step_attempt"": 2, ""step_elapsed_s"": 5.6953984312713146e-05, ""step_event_index"": 1, ""total_hand_translation_m"": null, ""trial_finished_elapsed_s"": null, ""trial_recording"": true, ""trial_required_tool_ids"": [21, 34]}"
2026-09-04T14:03:52.192-04:00,kuber,gesture,hover,hover,r2_bearing_right,Row 2.1: bearing into right stand,ready,2,2,17,GEAR_ROD_ROW4,,,,,,,,,,,,,,,,,,,,,,,"{""acquired_tool_ids"": [], ""acquisition_complete"": false, ""completed_steps"": [], ""head_rotation_deg"": null, ""head_translation_m"": null, ""left_hand_translation_m"": null, ""removed_tool_ids"": [], ""right_hand_translation_m"": null, ""selected_step"": ""r2_bearing_right"", ""step_attempt"": 2, ""step_elapsed_s"": 0.6194868220482022, ""step_event_index"": 2, ""total_hand_translation_m"": null, ""trial_finished_elapsed_s"": null, ""trial_recording"": true, ""trial_required_tool_ids"": [21, 34]}"
2026-09-04T14:03:52.209-04:00,kuber,gesture,tts_queued,lifecycle,r2_bearing_right,Row 2.1: bearing into right stand,ready,2,3,,,,0.635840,,,,,,,,,,,,,,,,Row 4 gear rod,,,replace_hover,,"{""acquired_tool_ids"": [], ""acquisition_complete"": false, ""completed_steps"": [], ""head_rotation_deg"": null, ""head_translation_m"": null, ""left_hand_translation_m"": null, ""removed_tool_ids"": [], ""right_hand_translation_m"": null, ""selected_step"": ""r2_bearing_right"", ""step_attempt"": 2, ""step_elapsed_s"": 0.635855179047212, ""step_event_index"": 3, ""total_hand_translation_m"": null, ""trial_finished_elapsed_s"": null, ""trial_recording"": true, ""trial_required_tool_ids"": [21, 34]}"
2026-09-04T14:03:52.232-04:00,kuber,gesture,tts_started,lifecycle,r2_bearing_right,Row 2.1: bearing into right stand,ready,2,4,,,,0.659152,,,,,,,,,,,,,,,,Row 4 gear rod,,,,,"{""acquired_tool_ids"": [], ""acquisition_complete"": false, ""completed_steps"": [], ""head_rotation_deg"": null, ""head_translation_m"": null, ""left_hand_translation_m"": null, ""removed_tool_ids"": [], ""right_hand_translation_m"": null, ""selected_step"": ""r2_bearing_right"", ""step_attempt"": 2, ""step_elapsed_s"": 0.6591613430064172, ""step_event_index"": 4, ""total_hand_translation_m"": null, ""trial_finished_elapsed_s"": null, ""trial_recording"": true, ""trial_required_tool_ids"": [21, 34]}"
2026-09-04T14:03:53.041-04:00,kuber,gesture,hover,hover,r2_bearing_right,Row 2.1: bearing into right stand,ready,2,5,19,GEAR_STAND_ROW1_RIGHT,,,,,,,,,,,,,,,,,,,,,,,"{""acquired_tool_ids"": [], ""acquisition_complete"": false, ""completed_steps"": [], ""head_rotation_deg"": null, ""head_translation_m"": null, ""left_hand_translation_m"": null, ""removed_tool_ids"": [], ""right_hand_translation_m"": null, ""selected_step"": ""r2_bearing_right"", ""step_attempt"": 2, ""step_elapsed_s"": 1.4678617209428921, ""step_event_index"": 5, ""total_hand_translation_m"": null, ""trial_finished_elapsed_s"": null, ""trial_recording"": true, ""trial_required_tool_ids"": [21, 34]}"
2026-09-04T14:03:53.083-04:00,kuber,gesture,tts_queued,lifecycle,r2_bearing_right,Row 2.1: bearing into right stand,ready,2,6,,,,1.510321,,,,,,,,,,,,,,,,Row 1 right stand,,,replace_hover,,"{""acquired_tool_ids"": [], ""acquisition_complete"": false, ""completed_steps"": [], ""head_rotation_deg"": null, ""head_translation_m"": null, ""left_hand_translation_m"": null, ""removed_tool_ids"": [], ""right_hand_translation_m"": null, ""selected_step"": ""r2_bearing_right"", ""step_attempt"": 2, ""step_elapsed_s"": 1.510334471007809, ""step_event_index"": 6, ""total_hand_translation_m"": null, ""trial_finished_elapsed_s"": null, ""trial_recording"": true, ""trial_required_tool_ids"": [21, 34]}"
2026-09-04T14:03:53.159-04:00,kuber,gesture,hover,hover,r2_bearing_right,Row 2.1: bearing into right stand,ready,2,7,21,GEAR_STAND_ROW2_RIGHT,,,,,,,,,,,,,,,,,,,,,,,"{""acquired_tool_ids"": [], ""acquisition_complete"": false, ""completed_steps"": [], ""head_rotation_deg"": null, ""head_translation_m"": null, ""left_hand_translation_m"": null, ""removed_tool_ids"": [], ""right_hand_translation_m"": null, ""selected_step"": ""r2_bearing_right"", ""step_attempt"": 2, ""step_elapsed_s"": 1.58605365594849, ""step_event_index"": 7, ""total_hand_translation_m"": null, ""trial_finished_elapsed_s"": null, ""trial_recording"": true, ""trial_required_tool_ids"": [21, 34]}"
2026-09-04T14:03:53.185-04:00,kuber,gesture,tts_queued,lifecycle,r2_bearing_right,Row 2.1: bearing into right stand,ready,2,8,,,,1.612196,,,,,,,,,,,,,,,,Row 2 right stand,,,replace_hover,,"{""acquired_tool_ids"": [], ""acquisition_complete"": false, ""completed_steps"": [], ""head_rotation_deg"": null, ""head_translation_m"": null, ""left_hand_translation_m"": null, ""removed_tool_ids"": [], ""right_hand_translation_m"": null, ""selected_step"": ""r2_bearing_right"", ""step_attempt"": 2, ""step_elapsed_s"": 1.6122086950344965, ""step_event_index"": 8, ""total_hand_translation_m"": null, ""trial_finished_elapsed_s"": null, ""trial_recording"": true, ""trial_required_tool_ids"": [21, 34]}"
2026-09-04T14:03:53.238-04:00,kuber,gesture,tts_finished,lifecycle,r2_bearing_right,Row 2.1: bearing into right stand,ready,2,9,,,,1.665139,,,,,,,,,,,,,,,,Row 4 gear rod,,,,,"{""acquired_tool_ids"": [], ""acquisition_complete"": false, ""completed_steps"": [], ""head_rotation_deg"": null, ""head_translation_m"": null, ""left_hand_translation_m"": null, ""removed_tool_ids"": [], ""right_hand_translation_m"": null, ""selected_step"": ""r2_bearing_right"", ""step_attempt"": 2, ""step_elapsed_s"": 1.6651508810464293, ""step_event_index"": 9, ""total_hand_translation_m"": null, ""trial_finished_elapsed_s"": null, ""trial_recording"": true, ""trial_required_tool_ids"": [21, 34]}"
2026-09-04T14:03:53.273-04:00,kuber,gesture,tts_started,lifecycle,r2_bearing_right,Row 2.1: bearing into right stand,ready,2,10,,,,1.700580,,,,,,,,,,,,,,,,Row 1 right stand,,,,,"{""acquired_tool_ids"": [], ""acquisition_complete"": false, ""completed_steps"": [], ""head_rotation_deg"": null, ""head_translation_m"": null, ""left_hand_translation_m"": null, ""removed_tool_ids"": [], ""right_hand_translation_m"": null, ""selected_step"": ""r2_bearing_right"", ""step_attempt"": 2, ""step_elapsed_s"": 1.7005909179570153, ""step_event_index"": 10, ""total_hand_translation_m"": null, ""trial_finished_elapsed_s"": null, ""trial_recording"": true, ""trial_required_tool_ids"": [21, 34]}"
2026-09-04T14:03:53.296-04:00,kuber,gesture,tts_finished,lifecycle,r2_bearing_right,Row 2.1: bearing into right stand,ready,2,11,,,,1.722961,,,,,,,,,,,,,,,,Row 1 right stand,,,,,"{""acquired_tool_ids"": [], ""acquisition_complete"": false, ""completed_steps"": [], ""head_rotation_deg"": null, ""head_translation_m"": null, ""left_hand_translation_m"": null, ""removed_tool_ids"": [], ""right_hand_translation_m"": null, ""selected_step"": ""r2_bearing_right"", ""step_attempt"": 2, ""step_elapsed_s"": 1.7229750519618392, ""step_event_index"": 11, ""total_hand_translation_m"": null, ""trial_finished_elapsed_s"": null, ""trial_recording"": true, ""trial_required_tool_ids"": [21, 34]}"
2026-09-04T14:03:53.461-04:00,kuber,gesture,tts_started,lifecycle,r2_bearing_right,Row 2.1: bearing into right stand,ready,2,12,,,,1.888434,,,,,,,,,,,,,,,,Row 2 right stand,,,,,"{""acquired_tool_ids"": [], ""acquisition_complete"": false, ""completed_steps"": [], ""head_rotation_deg"": null, ""head_translation_m"": null, ""left_hand_translation_m"": null, ""removed_tool_ids"": [], ""right_hand_translation_m"": null, ""selected_step"": ""r2_bearing_right"", ""step_attempt"": 2, ""step_elapsed_s"": 1.888451084960252, ""step_event_index"": 12, ""total_hand_translation_m"": null, ""trial_finished_elapsed_s"": null, ""trial_recording"": true, ""trial_required_tool_ids"": [21, 34]}"
2026-09-04T14:03:53.669-04:00,kuber,gesture,hover,hover,r2_bearing_right,Row 2.1: bearing into right stand,ready,2,13,20,GEAR_STAND_ROW2_LEFT,,,,,,,,,,,,,,,,,,,,,,,"{""acquired_tool_ids"": [], ""acquisition_complete"": false, ""completed_steps"": [], ""head_rotation_deg"": null, ""head_translation_m"": null, ""left_hand_translation_m"": null, ""removed_tool_ids"": [], ""right_hand_translation_m"": null, ""selected_step"": ""r2_bearing_right"", ""step_attempt"": 2, ""step_elapsed_s"": 2.0966532259481028, ""step_event_index"": 13, ""total_hand_translation_m"": null, ""trial_finished_elapsed_s"": null, ""trial_recording"": true, ""trial_required_tool_ids"": [21, 34]}"
2026-09-04T14:03:53.687-04:00,kuber,gesture,tts_queued,lifecycle,r2_bearing_right,Row 2.1: bearing into right stand,ready,2,14,,,,2.114553,,,,,,,,,,,,,,,,Row 2 left stand,,,replace_hover,,"{""acquired_tool_ids"": [], ""acquisition_complete"": false, ""completed_steps"": [], ""head_rotation_deg"": null, ""head_translation_m"": null, ""left_hand_translation_m"": null, ""removed_tool_ids"": [], ""right_hand_translation_m"": null, ""selected_step"": ""r2_bearing_right"", ""step_attempt"": 2, ""step_elapsed_s"": 2.1145651229890063, ""step_event_index"": 14, ""total_hand_translation_m"": null, ""trial_finished_elapsed_s"": null, ""trial_recording"": true, ""trial_required_tool_ids"": [21, 34]}"
2026-09-04T14:03:53.729-04:00,kuber,gesture,tts_finished,lifecycle,r2_bearing_right,Row 2.1: bearing into right stand,ready,2,15,,,,2.156770,,,,,,,,,,,,,,,,Row 2 right stand,,,,,"{""acquired_tool_ids"": [], ""acquisition_complete"": false, ""completed_steps"": [], ""head_rotation_deg"": null, ""head_translation_m"": null, ""left_hand_translation_m"": null, ""removed_tool_ids"": [], ""right_hand_translation_m"": null, ""selected_step"": ""r2_bearing_right"", ""step_attempt"": 2, ""step_elapsed_s"": 2.156778699019924, ""step_event_index"": 15, ""total_hand_translation_m"": null, ""trial_finished_elapsed_s"": null, ""trial_recording"": true, ""trial_required_tool_ids"": [21, 34]}"
2026-09-04T14:03:53.745-04:00,kuber,gesture,tts_started,lifecycle,r2_bearing_right,Row 2.1: bearing into right stand,ready,2,16,,,,2.172489,,,,,,,,,,,,,,,,Row 2 left stand,,,,,"{""acquired_tool_ids"": [], ""acquisition_complete"": false, ""completed_steps"": [], ""head_rotation_deg"": null, ""head_translation_m"": null, ""left_hand_translation_m"": null, ""removed_tool_ids"": [], ""right_hand_translation_m"": null, ""selected_step"": ""r2_bearing_right"", ""step_attempt"": 2, ""step_elapsed_s"": 2.1725003559840843, ""step_event_index"": 16, ""total_hand_translation_m"": null, ""trial_finished_elapsed_s"": null, ""trial_recording"": true, ""trial_required_tool_ids"": [21, 34]}"
2026-09-04T14:03:53.953-04:00,kuber,gesture,hover,hover,r2_bearing_right,Row 2.1: bearing into right stand,ready,2,17,22,GEAR_STAND_ROW3_LEFT,,,,,,,,,,,,,,,,,,,,,,,"{""acquired_tool_ids"": [], ""acquisition_complete"": false, ""completed_steps"": [], ""head_rotation_deg"": null, ""head_translation_m"": null, ""left_hand_translation_m"": null, ""removed_tool_ids"": [], ""right_hand_translation_m"": null, ""selected_step"": ""r2_bearing_right"", ""step_attempt"": 2, ""step_elapsed_s"": 2.3803318239515647, ""step_event_index"": 17, ""total_hand_translation_m"": null, ""trial_finished_elapsed_s"": null, ""trial_recording"": true, ""trial_required_tool_ids"": [21, 34]}"
2026-09-04T14:03:53.986-04:00,kuber,gesture,tts_queued,lifecycle,r2_bearing_right,Row 2.1: bearing into right stand,ready,2,18,,,,2.413590,,,,,,,,,,,,,,,,Row 3 left stand,,,replace_hover,,"{""acquired_tool_ids"": [], ""acquisition_complete"": false, ""completed_steps"": [], ""head_rotation_deg"": null, ""head_translation_m"": null, ""left_hand_translation_m"": null, ""removed_tool_ids"": [], ""right_hand_translation_m"": null, ""selected_step"": ""r2_bearing_right"", ""step_attempt"": 2, ""step_elapsed_s"": 2.413603271008469, ""step_event_index"": 18, ""total_hand_translation_m"": null, ""trial_finished_elapsed_s"": null, ""trial_recording"": true, ""trial_required_tool_ids"": [21, 34]}"
2026-09-04T14:03:54.205-04:00,kuber,gesture,hover,hover,r2_bearing_right,Row 2.1: bearing into right stand,ready,2,19,25,GEAR_STAND_ROW4_RIGHT,,,,,,,,,,,,,,,,,,,,,,,"{""acquired_tool_ids"": [], ""acquisition_complete"": false, ""completed_steps"": [], ""head_rotation_deg"": null, ""head_translation_m"": null, ""left_hand_translation_m"": null, ""removed_tool_ids"": [], ""right_hand_translation_m"": null, ""selected_step"": ""r2_bearing_right"", ""step_attempt"": 2, ""step_elapsed_s"": 2.632031003944576, ""step_event_index"": 19, ""total_hand_translation_m"": null, ""trial_finished_elapsed_s"": null, ""trial_recording"": true, ""trial_required_tool_ids"": [21, 34]}"
2026-09-04T14:03:54.326-04:00,kuber,gesture,tts_queued,lifecycle,r2_bearing_right,Row 2.1: bearing into right stand,ready,2,20,,,,2.753487,,,,,,,,,,,,,,,,Row 4 right stand,,,replace_hover,,"{""acquired_tool_ids"": [], ""acquisition_complete"": false, ""completed_steps"": [], ""head_rotation_deg"": null, ""head_translation_m"": null, ""left_hand_translation_m"": null, ""removed_tool_ids"": [], ""right_hand_translation_m"": null, ""selected_step"": ""r2_bearing_right"", ""step_attempt"": 2, ""step_elapsed_s"": 2.75350339198485, ""step_event_index"": 20, ""total_hand_translation_m"": null, ""trial_finished_elapsed_s"": null, ""trial_recording"": true, ""trial_required_tool_ids"": [21, 34]}"
2026-09-04T14:03:54.370-04:00,kuber,gesture,tts_finished,lifecycle,r2_bearing_right,Row 2.1: bearing into right stand,ready,2,21,,,,2.797128,,,,,,,,,,,,,,,,Row 2 left stand,,,,,"{""acquired_tool_ids"": [], ""acquisition_complete"": false, ""completed_steps"": [], ""head_rotation_deg"": null, ""head_translation_m"": null, ""left_hand_translation_m"": null, ""removed_tool_ids"": [], ""right_hand_translation_m"": null, ""selected_step"": ""r2_bearing_right"", ""step_attempt"": 2, ""step_elapsed_s"": 2.797140090027824, ""step_event_index"": 21, ""total_hand_translation_m"": null, ""trial_finished_elapsed_s"": null, ""trial_recording"": true, ""trial_required_tool_ids"": [21, 34]}"
2026-09-04T14:03:54.391-04:00,kuber,gesture,tts_started,lifecycle,r2_bearing_right,Row 2.1: bearing into right stand,ready,2,22,,,,2.818607,,,,,,,,,,,,,,,,Row 3 left stand,,,,,"{""acquired_tool_ids"": [], ""acquisition_complete"": false, ""completed_steps"": [], ""head_rotation_deg"": null, ""head_translation_m"": null, ""left_hand_translation_m"": null, ""removed_tool_ids"": [], ""right_hand_translation_m"": null, ""selected_step"": ""r2_bearing_right"", ""step_attempt"": 2, ""step_elapsed_s"": 2.8186177930328995, ""step_event_index"": 22, ""total_hand_translation_m"": null, ""trial_finished_elapsed_s"": null, ""trial_recording"": true, ""trial_required_tool_ids"": [21, 34]}"
2026-09-04T14:03:54.413-04:00,kuber,gesture,tts_finished,lifecycle,r2_bearing_right,Row 2.1: bearing into right stand,ready,2,23,,,,2.840502,,,,,,,,,,,,,,,,Row 3 left stand,,,,,"{""acquired_tool_ids"": [], ""acquisition_complete"": false, ""completed_steps"": [], ""head_rotation_deg"": null, ""head_translation_m"": null, ""left_hand_translation_m"": null, ""removed_tool_ids"": [], ""right_hand_translation_m"": null, ""selected_step"": ""r2_bearing_right"", ""step_attempt"": 2, ""step_elapsed_s"": 2.840513800038025, ""step_event_index"": 23, ""total_hand_translation_m"": null, ""trial_finished_elapsed_s"": null, ""trial_recording"": true, ""trial_required_tool_ids"": [21, 34]}"
2026-09-04T14:03:54.430-04:00,kuber,gesture,tts_started,lifecycle,r2_bearing_right,Row 2.1: bearing into right stand,ready,2,24,,,,2.856953,,,,,,,,,,,,,,,,Row 4 right stand,,,,,"{""acquired_tool_ids"": [], ""acquisition_complete"": false, ""completed_steps"": [], ""head_rotation_deg"": null, ""head_translation_m"": null, ""left_hand_translation_m"": null, ""removed_tool_ids"": [], ""right_hand_translation_m"": null, ""selected_step"": ""r2_bearing_right"", ""step_attempt"": 2, ""step_elapsed_s"": 2.8569593490101397, ""step_event_index"": 24, ""total_hand_translation_m"": null, ""trial_finished_elapsed_s"": null, ""trial_recording"": true, ""trial_required_tool_ids"": [21, 34]}"
2026-09-04T14:03:54.785-04:00,kuber,gesture,hover,hover,r2_bearing_right,Row 2.1: bearing into right stand,ready,2,25,23,GEAR_STAND_ROW3_RIGHT,,,,,,,,,,,,,,,,,,,,,,,"{""acquired_tool_ids"": [], ""acquisition_complete"": false, ""completed_steps"": [], ""head_rotation_deg"": null, ""head_translation_m"": null, ""left_hand_translation_m"": null, ""removed_tool_ids"": [], ""right_hand_translation_m"": null, ""selected_step"": ""r2_bearing_right"", ""step_attempt"": 2, ""step_elapsed_s"": 3.2127074550371617, ""step_event_index"": 25, ""total_hand_translation_m"": null, ""trial_finished_elapsed_s"": null, ""trial_recording"": true, ""trial_required_tool_ids"": [21, 34]}"
2026-09-04T14:03:54.928-04:00,kuber,gesture,tts_queued,lifecycle,r2_bearing_right,Row 2.1: bearing into right stand,ready,2,26,,,,3.355616,,,,,,,,,,,,,,,,Row 3 right stand,,,replace_hover,,"{""acquired_tool_ids"": [], ""acquisition_complete"": false, ""completed_steps"": [], ""head_rotation_deg"": null, ""head_translation_m"": null, ""left_hand_translation_m"": null, ""removed_tool_ids"": [], ""right_hand_translation_m"": null, ""selected_step"": ""r2_bearing_right"", ""step_attempt"": 2, ""step_elapsed_s"": 3.3556283049983904, ""step_event_index"": 26, ""total_hand_translation_m"": null, ""trial_finished_elapsed_s"": null, ""trial_recording"": true, ""trial_required_tool_ids"": [21, 34]}"
2026-09-04T14:03:55.300-04:00,kuber,gesture,tts_finished,lifecycle,r2_bearing_right,Row 2.1: bearing into right stand,ready,2,27,,,,3.727154,,,,,,,,,,,,,,,,Row 4 right stand,,,,,"{""acquired_tool_ids"": [], ""acquisition_complete"": false, ""completed_steps"": [], ""head_rotation_deg"": null, ""head_translation_m"": null, ""left_hand_translation_m"": null, ""removed_tool_ids"": [], ""right_hand_translation_m"": null, ""selected_step"": ""r2_bearing_right"", ""step_attempt"": 2, ""step_elapsed_s"": 3.7271699049742892, ""step_event_index"": 27, ""total_hand_translation_m"": null, ""trial_finished_elapsed_s"": null, ""trial_recording"": true, ""trial_required_tool_ids"": [21, 34]}"
2026-09-04T14:03:55.440-04:00,kuber,gesture,tts_started,lifecycle,r2_bearing_right,Row 2.1: bearing into right stand,ready,2,28,,,,3.867288,,,,,,,,,,,,,,,,Row 3 right stand,,,,,"{""acquired_tool_ids"": [], ""acquisition_complete"": false, ""completed_steps"": [], ""head_rotation_deg"": null, ""head_translation_m"": null, ""left_hand_translation_m"": null, ""removed_tool_ids"": [], ""right_hand_translation_m"": null, ""selected_step"": ""r2_bearing_right"", ""step_attempt"": 2, ""step_elapsed_s"": 3.867300671990961, ""step_event_index"": 28, ""total_hand_translation_m"": null, ""trial_finished_elapsed_s"": null, ""trial_recording"": true, ""trial_required_tool_ids"": [21, 34]}"
2026-09-04T14:03:55.584-04:00,kuber,gesture,hover,hover,r2_bearing_right,Row 2.1: bearing into right stand,ready,2,29,21,GEAR_STAND_ROW2_RIGHT,,,,,,,,,,,,,,,,,,,,,,,"{""acquired_tool_ids"": [], ""acquisition_complete"": false, ""completed_steps"": [], ""head_rotation_deg"": null, ""head_translation_m"": null, ""left_hand_translation_m"": null, ""removed_tool_ids"": [], ""right_hand_translation_m"": null, ""selected_step"": ""r2_bearing_right"", ""step_attempt"": 2, ""step_elapsed_s"": 4.011328974971548, ""step_event_index"": 29, ""total_hand_translation_m"": null, ""trial_finished_elapsed_s"": null, ""trial_recording"": true, ""trial_required_tool_ids"": [21, 34]}"
2026-09-04T14:03:55.731-04:00,kuber,gesture,tts_queued,lifecycle,r2_bearing_right,Row 2.1: bearing into right stand,ready,2,30,,,,4.158499,,,,,,,,,,,,,,,,Row 2 right stand,,,replace_hover,,"{""acquired_tool_ids"": [], ""acquisition_complete"": false, ""completed_steps"": [], ""head_rotation_deg"": null, ""head_translation_m"": null, ""left_hand_translation_m"": null, ""removed_tool_ids"": [], ""right_hand_translation_m"": null, ""selected_step"": ""r2_bearing_right"", ""step_attempt"": 2, ""step_elapsed_s"": 4.158510852023028, ""step_event_index"": 30, ""total_hand_translation_m"": null, ""trial_finished_elapsed_s"": null, ""trial_recording"": true, ""trial_required_tool_ids"": [21, 34]}"
2026-09-04T14:03:56.003-04:00,kuber,gesture,tts_finished,lifecycle,r2_bearing_right,Row 2.1: bearing into right stand,ready,2,31,,,,4.430337,,,,,,,,,,,,,,,,Row 3 right stand,,,,,"{""acquired_tool_ids"": [], ""acquisition_complete"": false, ""completed_steps"": [], ""head_rotation_deg"": null, ""head_translation_m"": null, ""left_hand_translation_m"": null, ""removed_tool_ids"": [], ""right_hand_translation_m"": null, ""selected_step"": ""r2_bearing_right"", ""step_attempt"": 2, ""step_elapsed_s"": 4.430350095033646, ""step_event_index"": 31, ""total_hand_translation_m"": null, ""trial_finished_elapsed_s"": null, ""trial_recording"": true, ""trial_required_tool_ids"": [21, 34]}"
2026-09-04T14:03:56.201-04:00,kuber,gesture,tts_started,lifecycle,r2_bearing_right,Row 2.1: bearing into right stand,ready,2,32,,,,4.628721,,,,,,,,,,,,,,,,Row 2 right stand,,,,,"{""acquired_tool_ids"": [], ""acquisition_complete"": false, ""completed_steps"": [], ""head_rotation_deg"": null, ""head_translation_m"": null, ""left_hand_translation_m"": null, ""removed_tool_ids"": [], ""right_hand_translation_m"": null, ""selected_step"": ""r2_bearing_right"", ""step_attempt"": 2, ""step_elapsed_s"": 4.628734793048352, ""step_event_index"": 32, ""total_hand_translation_m"": null, ""trial_finished_elapsed_s"": null, ""trial_recording"": true, ""trial_required_tool_ids"": [21, 34]}"
2026-09-04T14:03:57.040-04:00,kuber,gesture,part_selection,click,r2_bearing_right,Row 2.1: bearing into right stand,ready,2,33,21,GEAR_STAND_ROW2_RIGHT,5.467744,5.467744,,,,,,,,,,,,,,,1,,,,,,"{""acquired_tool_ids"": [21], ""acquisition_complete"": false, ""completed_steps"": [], ""head_rotation_deg"": null, ""head_translation_m"": null, ""left_hand_translation_m"": null, ""removed_tool_ids"": [], ""right_hand_translation_m"": null, ""selected_step"": ""r2_bearing_right"", ""step_attempt"": 2, ""step_elapsed_s"": 5.4677983310539275, ""step_event_index"": 33, ""total_hand_translation_m"": null, ""trial_finished_elapsed_s"": null, ""trial_recording"": true, ""trial_required_tool_ids"": [21, 34]}"
2026-09-04T14:03:57.130-04:00,kuber,gesture,object_acquired,click,r2_bearing_right,Row 2.1: bearing into right stand,ready,2,34,21,GEAR_STAND_ROW2_RIGHT,5.467744,5.467744,,,,,,,,,,,,,,,1,,,,,,"{""acquired_tool_ids"": [21], ""acquisition_complete"": false, ""completed_steps"": [], ""head_rotation_deg"": null, ""head_translation_m"": null, ""left_hand_translation_m"": null, ""removed_tool_ids"": [], ""right_hand_translation_m"": null, ""selected_step"": ""r2_bearing_right"", ""step_attempt"": 2, ""step_elapsed_s"": 5.5575091280043125, ""step_event_index"": 34, ""total_hand_translation_m"": null, ""trial_finished_elapsed_s"": null, ""trial_recording"": true, ""trial_required_tool_ids"": [21, 34]}"
2026-09-04T14:03:57.326-04:00,kuber,gesture,tts_queued,lifecycle,r2_bearing_right,Row 2.1: bearing into right stand,ready,2,35,,,,5.753178,,,,,,,,,,,,,,,,1 part left.,,,replace,,"{""acquired_tool_ids"": [21], ""acquisition_complete"": false, ""completed_steps"": [], ""head_rotation_deg"": null, ""head_translation_m"": null, ""left_hand_translation_m"": null, ""removed_tool_ids"": [], ""right_hand_translation_m"": null, ""selected_step"": ""r2_bearing_right"", ""step_attempt"": 2, ""step_elapsed_s"": 5.753190162940882, ""step_event_index"": 35, ""total_hand_translation_m"": null, ""trial_finished_elapsed_s"": null, ""trial_recording"": true, ""trial_required_tool_ids"": [21, 34]}"
2026-09-04T14:03:57.589-04:00,kuber,gesture,tts_finished,lifecycle,r2_bearing_right,Row 2.1: bearing into right stand,ready,2,36,,,,6.016147,,,,,,,,,,,,,,,,Row 2 right stand,,,,,"{""acquired_tool_ids"": [21], ""acquisition_complete"": false, ""completed_steps"": [], ""head_rotation_deg"": null, ""head_translation_m"": null, ""left_hand_translation_m"": null, ""removed_tool_ids"": [], ""right_hand_translation_m"": null, ""selected_step"": ""r2_bearing_right"", ""step_attempt"": 2, ""step_elapsed_s"": 6.016158742946573, ""step_event_index"": 36, ""total_hand_translation_m"": null, ""trial_finished_elapsed_s"": null, ""trial_recording"": true, ""trial_required_tool_ids"": [21, 34]}"
2026-09-04T14:03:57.742-04:00,kuber,gesture,tts_started,lifecycle,r2_bearing_right,Row 2.1: bearing into right stand,ready,2,37,,,,6.168865,,,,,,,,,,,,,,,,1 part left.,,,,,"{""acquired_tool_ids"": [21], ""acquisition_complete"": false, ""completed_steps"": [], ""head_rotation_deg"": null, ""head_translation_m"": null, ""left_hand_translation_m"": null, ""removed_tool_ids"": [], ""right_hand_translation_m"": null, ""selected_step"": ""r2_bearing_right"", ""step_attempt"": 2, ""step_elapsed_s"": 6.168887431034818, ""step_event_index"": 37, ""total_hand_translation_m"": null, ""trial_finished_elapsed_s"": null, ""trial_recording"": true, ""trial_required_tool_ids"": [21, 34]}"
2026-09-04T14:03:58.085-04:00,kuber,gesture,hover,hover,r2_bearing_right,Row 2.1: bearing into right stand,ready,2,38,29,GEAR_ROW3_LEFT,,,,,,,,,,,,,,,,,,,,,,,"{""acquired_tool_ids"": [21], ""acquisition_complete"": false, ""completed_steps"": [], ""head_rotation_deg"": null, ""head_translation_m"": null, ""left_hand_translation_m"": null, ""removed_tool_ids"": [], ""right_hand_translation_m"": null, ""selected_step"": ""r2_bearing_right"", ""step_attempt"": 2, ""step_elapsed_s"": 6.512111837975681, ""step_event_index"": 38, ""total_hand_translation_m"": null, ""trial_finished_elapsed_s"": null, ""trial_recording"": true, ""trial_required_tool_ids"": [21, 34]}"
2026-09-04T14:03:58.258-04:00,kuber,gesture,tts_queued,lifecycle,r2_bearing_right,Row 2.1: bearing into right stand,ready,2,39,,,,6.685609,,,,,,,,,,,,,,,,Row 3 left gear,,,replace_hover,,"{""acquired_tool_ids"": [21], ""acquisition_complete"": false, ""completed_steps"": [], ""head_rotation_deg"": null, ""head_translation_m"": null, ""left_hand_translation_m"": null, ""removed_tool_ids"": [], ""right_hand_translation_m"": null, ""selected_step"": ""r2_bearing_right"", ""step_attempt"": 2, ""step_elapsed_s"": 6.685637127957307, ""step_event_index"": 39, ""total_hand_translation_m"": null, ""trial_finished_elapsed_s"": null, ""trial_recording"": true, ""trial_required_tool_ids"": [21, 34]}"
2026-09-04T14:03:58.502-04:00,kuber,gesture,hover,hover,r2_bearing_right,Row 2.1: bearing into right stand,ready,2,40,34,BEARINGS,,,,,,,,,,,,,,,,,,,,,,,"{""acquired_tool_ids"": [21], ""acquisition_complete"": false, ""completed_steps"": [], ""head_rotation_deg"": null, ""head_translation_m"": null, ""left_hand_translation_m"": null, ""removed_tool_ids"": [], ""right_hand_translation_m"": null, ""selected_step"": ""r2_bearing_right"", ""step_attempt"": 2, ""step_elapsed_s"": 6.929272565990686, ""step_event_index"": 40, ""total_hand_translation_m"": null, ""trial_finished_elapsed_s"": null, ""trial_recording"": true, ""trial_required_tool_ids"": [21, 34]}"
2026-09-04T14:03:58.686-04:00,kuber,gesture,tts_queued,lifecycle,r2_bearing_right,Row 2.1: bearing into right stand,ready,2,41,,,,7.113771,,,,,,,,,,,,,,,,bearing,,,replace_hover,,"{""acquired_tool_ids"": [21], ""acquisition_complete"": false, ""completed_steps"": [], ""head_rotation_deg"": null, ""head_translation_m"": null, ""left_hand_translation_m"": null, ""removed_tool_ids"": [], ""right_hand_translation_m"": null, ""selected_step"": ""r2_bearing_right"", ""step_attempt"": 2, ""step_elapsed_s"": 7.113785388995893, ""step_event_index"": 41, ""total_hand_translation_m"": null, ""trial_finished_elapsed_s"": null, ""trial_recording"": true, ""trial_required_tool_ids"": [21, 34]}"
2026-09-04T14:03:58.979-04:00,kuber,gesture,tts_finished,lifecycle,r2_bearing_right,Row 2.1: bearing into right stand,ready,2,42,,,,7.406311,,,,,,,,,,,,,,,,1 part left.,,,,,"{""acquired_tool_ids"": [21], ""acquisition_complete"": false, ""completed_steps"": [], ""head_rotation_deg"": null, ""head_translation_m"": null, ""left_hand_translation_m"": null, ""removed_tool_ids"": [], ""right_hand_translation_m"": null, ""selected_step"": ""r2_bearing_right"", ""step_attempt"": 2, ""step_elapsed_s"": 7.406321853981353, ""step_event_index"": 42, ""total_hand_translation_m"": null, ""trial_finished_elapsed_s"": null, ""trial_recording"": true, ""trial_required_tool_ids"": [21, 34]}"
2026-09-04T14:03:59.142-04:00,kuber,gesture,tts_started,lifecycle,r2_bearing_right,Row 2.1: bearing into right stand,ready,2,43,,,,7.569418,,,,,,,,,,,,,,,,Row 3 left gear,,,,,"{""acquired_tool_ids"": [21], ""acquisition_complete"": false, ""completed_steps"": [], ""head_rotation_deg"": null, ""head_translation_m"": null, ""left_hand_translation_m"": null, ""removed_tool_ids"": [], ""right_hand_translation_m"": null, ""selected_step"": ""r2_bearing_right"", ""step_attempt"": 2, ""step_elapsed_s"": 7.56943357095588, ""step_event_index"": 43, ""total_hand_translation_m"": null, ""trial_finished_elapsed_s"": null, ""trial_recording"": true, ""trial_required_tool_ids"": [21, 34]}"
2026-09-04T14:03:59.294-04:00,kuber,gesture,tts_finished,lifecycle,r2_bearing_right,Row 2.1: bearing into right stand,ready,2,44,,,,7.721615,,,,,,,,,,,,,,,,Row 3 left gear,,,,,"{""acquired_tool_ids"": [21], ""acquisition_complete"": false, ""completed_steps"": [], ""head_rotation_deg"": null, ""head_translation_m"": null, ""left_hand_translation_m"": null, ""removed_tool_ids"": [], ""right_hand_translation_m"": null, ""selected_step"": ""r2_bearing_right"", ""step_attempt"": 2, ""step_elapsed_s"": 7.721648634993471, ""step_event_index"": 44, ""total_hand_translation_m"": null, ""trial_finished_elapsed_s"": null, ""trial_recording"": true, ""trial_required_tool_ids"": [21, 34]}"
2026-09-04T14:03:59.377-04:00,kuber,gesture,tts_started,lifecycle,r2_bearing_right,Row 2.1: bearing into right stand,ready,2,45,,,,7.804431,,,,,,,,,,,,,,,,bearing,,,,,"{""acquired_tool_ids"": [21], ""acquisition_complete"": false, ""completed_steps"": [], ""head_rotation_deg"": null, ""head_translation_m"": null, ""left_hand_translation_m"": null, ""removed_tool_ids"": [], ""right_hand_translation_m"": null, ""selected_step"": ""r2_bearing_right"", ""step_attempt"": 2, ""step_elapsed_s"": 7.804448704002425, ""step_event_index"": 45, ""total_hand_translation_m"": null, ""trial_finished_elapsed_s"": null, ""trial_recording"": true, ""trial_required_tool_ids"": [21, 34]}"
2026-09-04T14:03:59.781-04:00,kuber,gesture,tts_finished,lifecycle,r2_bearing_right,Row 2.1: bearing into right stand,ready,2,46,,,,8.208430,,,,,,,,,,,,,,,,bearing,,,,,"{""acquired_tool_ids"": [21], ""acquisition_complete"": false, ""completed_steps"": [], ""head_rotation_deg"": null, ""head_translation_m"": null, ""left_hand_translation_m"": null, ""removed_tool_ids"": [], ""right_hand_translation_m"": null, ""selected_step"": ""r2_bearing_right"", ""step_attempt"": 2, ""step_elapsed_s"": 8.2084405439673, ""step_event_index"": 46, ""total_hand_translation_m"": null, ""trial_finished_elapsed_s"": null, ""trial_recording"": true, ""trial_required_tool_ids"": [21, 34]}"
2026-09-04T14:04:03.723-04:00,kuber,gesture,hover,hover,r2_bearing_right,Row 2.1: bearing into right stand,ready,2,47,15,GEAR_ROD_ROW2,,,,,,,,,,,,,,,,,,,,,,,"{""acquired_tool_ids"": [21], ""acquisition_complete"": false, ""completed_steps"": [], ""head_rotation_deg"": null, ""head_translation_m"": null, ""left_hand_translation_m"": null, ""removed_tool_ids"": [], ""right_hand_translation_m"": null, ""selected_step"": ""r2_bearing_right"", ""step_attempt"": 2, ""step_elapsed_s"": 12.150430944049731, ""step_event_index"": 47, ""total_hand_translation_m"": null, ""trial_finished_elapsed_s"": null, ""trial_recording"": true, ""trial_required_tool_ids"": [21, 34]}"
2026-09-04T14:04:03.835-04:00,kuber,gesture,tts_queued,lifecycle,r2_bearing_right,Row 2.1: bearing into right stand,ready,2,48,,,,12.262369,,,,,,,,,,,,,,,,Row 2 gear rod,,,replace_hover,,"{""acquired_tool_ids"": [21], ""acquisition_complete"": false, ""completed_steps"": [], ""head_rotation_deg"": null, ""head_translation_m"": null, ""left_hand_translation_m"": null, ""removed_tool_ids"": [], ""right_hand_translation_m"": null, ""selected_step"": ""r2_bearing_right"", ""step_attempt"": 2, ""step_elapsed_s"": 12.262382493005134, ""step_event_index"": 48, ""total_hand_translation_m"": null, ""trial_finished_elapsed_s"": null, ""trial_recording"": true, ""trial_required_tool_ids"": [21, 34]}"
2026-09-04T14:04:04.005-04:00,kuber,gesture,hover,hover,r2_bearing_right,Row 2.1: bearing into right stand,ready,2,49,35,SCREWS,,,,,,,,,,,,,,,,,,,,,,,"{""acquired_tool_ids"": [21], ""acquisition_complete"": false, ""completed_steps"": [], ""head_rotation_deg"": null, ""head_translation_m"": null, ""left_hand_translation_m"": null, ""removed_tool_ids"": [], ""right_hand_translation_m"": null, ""selected_step"": ""r2_bearing_right"", ""step_attempt"": 2, ""step_elapsed_s"": 12.43207198404707, ""step_event_index"": 49, ""total_hand_translation_m"": null, ""trial_finished_elapsed_s"": null, ""trial_recording"": true, ""trial_required_tool_ids"": [21, 34]}"
2026-09-04T14:04:04.171-04:00,kuber,gesture,tts_queued,lifecycle,r2_bearing_right,Row 2.1: bearing into right stand,ready,2,50,,,,12.598035,,,,,,,,,,,,,,,,screw,,,replace_hover,,"{""acquired_tool_ids"": [21], ""acquisition_complete"": false, ""completed_steps"": [], ""head_rotation_deg"": null, ""head_translation_m"": null, ""left_hand_translation_m"": null, ""removed_tool_ids"": [], ""right_hand_translation_m"": null, ""selected_step"": ""r2_bearing_right"", ""step_attempt"": 2, ""step_elapsed_s"": 12.598049415973946, ""step_event_index"": 50, ""total_hand_translation_m"": null, ""trial_finished_elapsed_s"": null, ""trial_recording"": true, ""trial_required_tool_ids"": [21, 34]}"
2026-09-04T14:04:04.407-04:00,kuber,gesture,hover,hover,r2_bearing_right,Row 2.1: bearing into right stand,ready,2,51,34,BEARINGS,,,,,,,,,,,,,,,,,,,,,,,"{""acquired_tool_ids"": [21], ""acquisition_complete"": false, ""completed_steps"": [], ""head_rotation_deg"": null, ""head_translation_m"": null, ""left_hand_translation_m"": null, ""removed_tool_ids"": [], ""right_hand_translation_m"": null, ""selected_step"": ""r2_bearing_right"", ""step_attempt"": 2, ""step_elapsed_s"": 12.83440801105462, ""step_event_index"": 51, ""total_hand_translation_m"": null, ""trial_finished_elapsed_s"": null, ""trial_recording"": true, ""trial_required_tool_ids"": [21, 34]}"
2026-09-04T14:04:04.538-04:00,kuber,gesture,tts_queued,lifecycle,r2_bearing_right,Row 2.1: bearing into right stand,ready,2,52,,,,12.965724,,,,,,,,,,,,,,,,bearing,,,replace_hover,,"{""acquired_tool_ids"": [21], ""acquisition_complete"": false, ""completed_steps"": [], ""head_rotation_deg"": null, ""head_translation_m"": null, ""left_hand_translation_m"": null, ""removed_tool_ids"": [], ""right_hand_translation_m"": null, ""selected_step"": ""r2_bearing_right"", ""step_attempt"": 2, ""step_elapsed_s"": 12.9657379060518, ""step_event_index"": 52, ""total_hand_translation_m"": null, ""trial_finished_elapsed_s"": null, ""trial_recording"": true, ""trial_required_tool_ids"": [21, 34]}"
2026-09-04T14:04:04.775-04:00,kuber,gesture,hover,hover,r2_bearing_right,Row 2.1: bearing into right stand,ready,2,53,35,SCREWS,,,,,,,,,,,,,,,,,,,,,,,"{""acquired_tool_ids"": [21], ""acquisition_complete"": false, ""completed_steps"": [], ""head_rotation_deg"": null, ""head_translation_m"": null, ""left_hand_translation_m"": null, ""removed_tool_ids"": [], ""right_hand_translation_m"": null, ""selected_step"": ""r2_bearing_right"", ""step_attempt"": 2, ""step_elapsed_s"": 13.201904176967219, ""step_event_index"": 53, ""total_hand_translation_m"": null, ""trial_finished_elapsed_s"": null, ""trial_recording"": true, ""trial_required_tool_ids"": [21, 34]}"
2026-09-04T14:04:04.920-04:00,kuber,gesture,tts_queued,lifecycle,r2_bearing_right,Row 2.1: bearing into right stand,ready,2,54,,,,13.347032,,,,,,,,,,,,,,,,screw,,,replace_hover,,"{""acquired_tool_ids"": [21], ""acquisition_complete"": false, ""completed_steps"": [], ""head_rotation_deg"": null, ""head_translation_m"": null, ""left_hand_translation_m"": null, ""removed_tool_ids"": [], ""right_hand_translation_m"": null, ""selected_step"": ""r2_bearing_right"", ""step_attempt"": 2, ""step_elapsed_s"": 13.347045226953924, ""step_event_index"": 54, ""total_hand_translation_m"": null, ""trial_finished_elapsed_s"": null, ""trial_recording"": true, ""trial_required_tool_ids"": [21, 34]}"
2026-09-04T14:04:05.235-04:00,kuber,gesture,hover,hover,r2_bearing_right,Row 2.1: bearing into right stand,ready,2,55,17,GEAR_ROD_ROW4,,,,,,,,,,,,,,,,,,,,,,,"{""acquired_tool_ids"": [21], ""acquisition_complete"": false, ""completed_steps"": [], ""head_rotation_deg"": null, ""head_translation_m"": null, ""left_hand_translation_m"": null, ""removed_tool_ids"": [], ""right_hand_translation_m"": null, ""selected_step"": ""r2_bearing_right"", ""step_attempt"": 2, ""step_elapsed_s"": 13.662230947986245, ""step_event_index"": 55, ""total_hand_translation_m"": null, ""trial_finished_elapsed_s"": null, ""trial_recording"": true, ""trial_required_tool_ids"": [21, 34]}"
2026-09-04T14:04:05.410-04:00,kuber,gesture,tts_queued,lifecycle,r2_bearing_right,Row 2.1: bearing into right stand,ready,2,56,,,,13.837423,,,,,,,,,,,,,,,,Row 4 gear rod,,,replace_hover,,"{""acquired_tool_ids"": [21], ""acquisition_complete"": false, ""completed_steps"": [], ""head_rotation_deg"": null, ""head_translation_m"": null, ""left_hand_translation_m"": null, ""removed_tool_ids"": [], ""right_hand_translation_m"": null, ""selected_step"": ""r2_bearing_right"", ""step_attempt"": 2, ""step_elapsed_s"": 13.83746443002019, ""step_event_index"": 56, ""total_hand_translation_m"": null, ""trial_finished_elapsed_s"": null, ""trial_recording"": true, ""trial_required_tool_ids"": [21, 34]}"
2026-09-04T14:04:06.395-04:00,kuber,gesture,hover,hover,r2_bearing_right,Row 2.1: bearing into right stand,ready,2,57,29,GEAR_ROW3_LEFT,,,,,,,,,,,,,,,,,,,,,,,"{""acquired_tool_ids"": [21], ""acquisition_complete"": false, ""completed_steps"": [], ""head_rotation_deg"": null, ""head_translation_m"": null, ""left_hand_translation_m"": null, ""removed_tool_ids"": [], ""right_hand_translation_m"": null, ""selected_step"": ""r2_bearing_right"", ""step_attempt"": 2, ""step_elapsed_s"": 14.822608880000189, ""step_event_index"": 57, ""total_hand_translation_m"": null, ""trial_finished_elapsed_s"": null, ""trial_recording"": true, ""trial_required_tool_ids"": [21, 34]}"
2026-09-04T14:04:06.576-04:00,kuber,gesture,tts_queued,lifecycle,r2_bearing_right,Row 2.1: bearing into right stand,ready,2,58,,,,15.003599,,,,,,,,,,,,,,,,Row 3 left gear,,,replace_hover,,"{""acquired_tool_ids"": [21], ""acquisition_complete"": false, ""completed_steps"": [], ""head_rotation_deg"": null, ""head_translation_m"": null, ""left_hand_translation_m"": null, ""removed_tool_ids"": [], ""right_hand_translation_m"": null, ""selected_step"": ""r2_bearing_right"", ""step_attempt"": 2, ""step_elapsed_s"": 15.003611168009229, ""step_event_index"": 58, ""total_hand_translation_m"": null, ""trial_finished_elapsed_s"": null, ""trial_recording"": true, ""trial_required_tool_ids"": [21, 34]}"
2026-09-04T14:04:07.005-04:00,kuber,gesture,hover,hover,r2_bearing_right,Row 2.1: bearing into right stand,ready,2,59,35,SCREWS,,,,,,,,,,,,,,,,,,,,,,,"{""acquired_tool_ids"": [21], ""acquisition_complete"": false, ""completed_steps"": [], ""head_rotation_deg"": null, ""head_translation_m"": null, ""left_hand_translation_m"": null, ""removed_tool_ids"": [], ""right_hand_translation_m"": null, ""selected_step"": ""r2_bearing_right"", ""step_attempt"": 2, ""step_elapsed_s"": 15.432206623023376, ""step_event_index"": 59, ""total_hand_translation_m"": null, ""trial_finished_elapsed_s"": null, ""trial_recording"": true, ""trial_required_tool_ids"": [21, 34]}"
2026-09-04T14:04:07.103-04:00,kuber,gesture,tts_queued,lifecycle,r2_bearing_right,Row 2.1: bearing into right stand,ready,2,60,,,,15.529854,,,,,,,,,,,,,,,,screw,,,replace_hover,,"{""acquired_tool_ids"": [21], ""acquisition_complete"": false, ""completed_steps"": [], ""head_rotation_deg"": null, ""head_translation_m"": null, ""left_hand_translation_m"": null, ""removed_tool_ids"": [], ""right_hand_translation_m"": null, ""selected_step"": ""r2_bearing_right"", ""step_attempt"": 2, ""step_elapsed_s"": 15.529865002958104, ""step_event_index"": 60, ""total_hand_translation_m"": null, ""trial_finished_elapsed_s"": null, ""trial_recording"": true, ""trial_required_tool_ids"": [21, 34]}"
2026-09-04T14:04:07.709-04:00,kuber,gesture,hover,hover,r2_bearing_right,Row 2.1: bearing into right stand,ready,2,61,34,BEARINGS,,,,,,,,,,,,,,,,,,,,,,,"{""acquired_tool_ids"": [21], ""acquisition_complete"": false, ""completed_steps"": [], ""head_rotation_deg"": null, ""head_translation_m"": null, ""left_hand_translation_m"": null, ""removed_tool_ids"": [], ""right_hand_translation_m"": null, ""selected_step"": ""r2_bearing_right"", ""step_attempt"": 2, ""step_elapsed_s"": 16.136648326995783, ""step_event_index"": 61, ""total_hand_translation_m"": null, ""trial_finished_elapsed_s"": null, ""trial_recording"": true, ""trial_required_tool_ids"": [21, 34]}"
2026-09-04T14:04:07.948-04:00,kuber,gesture,tts_queued,lifecycle,r2_bearing_right,Row 2.1: bearing into right stand,ready,2,62,,,,16.375804,,,,,,,,,,,,,,,,bearing,,,replace_hover,,"{""acquired_tool_ids"": [21], ""acquisition_complete"": false, ""completed_steps"": [], ""head_rotation_deg"": null, ""head_translation_m"": null, ""left_hand_translation_m"": null, ""removed_tool_ids"": [], ""right_hand_translation_m"": null, ""selected_step"": ""r2_bearing_right"", ""step_attempt"": 2, ""step_elapsed_s"": 16.375817951047793, ""step_event_index"": 62, ""total_hand_translation_m"": null, ""trial_finished_elapsed_s"": null, ""trial_recording"": true, ""trial_required_tool_ids"": [21, 34]}"
2026-09-04T14:04:08.114-04:00,kuber,gesture,hover,hover,r2_bearing_right,Row 2.1: bearing into right stand,ready,2,63,32,CRANK_HANDLE,,,,,,,,,,,,,,,,,,,,,,,"{""acquired_tool_ids"": [21], ""acquisition_complete"": false, ""completed_steps"": [], ""head_rotation_deg"": null, ""head_translation_m"": null, ""left_hand_translation_m"": null, ""removed_tool_ids"": [], ""right_hand_translation_m"": null, ""selected_step"": ""r2_bearing_right"", ""step_attempt"": 2, ""step_elapsed_s"": 16.541785305016674, ""step_event_index"": 63, ""total_hand_translation_m"": null, ""trial_finished_elapsed_s"": null, ""trial_recording"": true, ""trial_required_tool_ids"": [21, 34]}"
2026-09-04T14:04:08.466-04:00,kuber,gesture,tts_queued,lifecycle,r2_bearing_right,Row 2.1: bearing into right stand,ready,2,64,,,,16.893039,,,,,,,,,,,,,,,,handle,,,replace_hover,,"{""acquired_tool_ids"": [21], ""acquisition_complete"": false, ""completed_steps"": [], ""head_rotation_deg"": null, ""head_translation_m"": null, ""left_hand_translation_m"": null, ""removed_tool_ids"": [], ""right_hand_translation_m"": null, ""selected_step"": ""r2_bearing_right"", ""step_attempt"": 2, ""step_elapsed_s"": 16.893050341983326, ""step_event_index"": 64, ""total_hand_translation_m"": null, ""trial_finished_elapsed_s"": null, ""trial_recording"": true, ""trial_required_tool_ids"": [21, 34]}"
2026-09-04T14:04:08.634-04:00,kuber,gesture,tts_started,lifecycle,r2_bearing_right,Row 2.1: bearing into right stand,ready,2,65,,,,17.061301,,,,,,,,,,,,,,,,Row 2 gear rod,,,,,"{""acquired_tool_ids"": [21], ""acquisition_complete"": false, ""completed_steps"": [], ""head_rotation_deg"": null, ""head_translation_m"": null, ""left_hand_translation_m"": null, ""removed_tool_ids"": [], ""right_hand_translation_m"": null, ""selected_step"": ""r2_bearing_right"", ""step_attempt"": 2, ""step_elapsed_s"": 17.061312958947383, ""step_event_index"": 65, ""total_hand_translation_m"": null, ""trial_finished_elapsed_s"": null, ""trial_recording"": true, ""trial_required_tool_ids"": [21, 34]}"
2026-09-04T14:04:08.789-04:00,kuber,gesture,tts_finished,lifecycle,r2_bearing_right,Row 2.1: bearing into right stand,ready,2,66,,,,17.215915,,,,,,,,,,,,,,,,Row 2 gear rod,,,,,"{""acquired_tool_ids"": [21], ""acquisition_complete"": false, ""completed_steps"": [], ""head_rotation_deg"": null, ""head_translation_m"": null, ""left_hand_translation_m"": null, ""removed_tool_ids"": [], ""right_hand_translation_m"": null, ""selected_step"": ""r2_bearing_right"", ""step_attempt"": 2, ""step_elapsed_s"": 17.21592862601392, ""step_event_index"": 66, ""total_hand_translation_m"": null, ""trial_finished_elapsed_s"": null, ""trial_recording"": true, ""trial_required_tool_ids"": [21, 34]}"
2026-09-04T14:04:08.925-04:00,kuber,gesture,tts_started,lifecycle,r2_bearing_right,Row 2.1: bearing into right stand,ready,2,67,,,,17.351990,,,,,,,,,,,,,,,,screw,,,,,"{""acquired_tool_ids"": [21], ""acquisition_complete"": false, ""completed_steps"": [], ""head_rotation_deg"": null, ""head_translation_m"": null, ""left_hand_translation_m"": null, ""removed_tool_ids"": [], ""right_hand_translation_m"": null, ""selected_step"": ""r2_bearing_right"", ""step_attempt"": 2, ""step_elapsed_s"": 17.351999190985225, ""step_event_index"": 67, ""total_hand_translation_m"": null, ""trial_finished_elapsed_s"": null, ""trial_recording"": true, ""trial_required_tool_ids"": [21, 34]}"
2026-09-04T14:04:09.055-04:00,kuber,gesture,tts_finished,lifecycle,r2_bearing_right,Row 2.1: bearing into right stand,ready,2,68,,,,17.482331,,,,,,,,,,,,,,,,screw,,,,,"{""acquired_tool_ids"": [21], ""acquisition_complete"": false, ""completed_steps"": [], ""head_rotation_deg"": null, ""head_translation_m"": null, ""left_hand_translation_m"": null, ""removed_tool_ids"": [], ""right_hand_translation_m"": null, ""selected_step"": ""r2_bearing_right"", ""step_attempt"": 2, ""step_elapsed_s"": 17.482344271964394, ""step_event_index"": 68, ""total_hand_translation_m"": null, ""trial_finished_elapsed_s"": null, ""trial_recording"": true, ""trial_required_tool_ids"": [21, 34]}"
2026-09-04T14:04:09.261-04:00,kuber,gesture,tts_started,lifecycle,r2_bearing_right,Row 2.1: bearing into right stand,ready,2,69,,,,17.688354,,,,,,,,,,,,,,,,bearing,,,,,"{""acquired_tool_ids"": [21], ""acquisition_complete"": false, ""completed_steps"": [], ""head_rotation_deg"": null, ""head_translation_m"": null, ""left_hand_translation_m"": null, ""removed_tool_ids"": [], ""right_hand_translation_m"": null, ""selected_step"": ""r2_bearing_right"", ""step_attempt"": 2, ""step_elapsed_s"": 17.688368923030794, ""step_event_index"": 69, ""total_hand_translation_m"": null, ""trial_finished_elapsed_s"": null, ""trial_recording"": true, ""trial_required_tool_ids"": [21, 34]}"
2026-09-04T14:04:09.402-04:00,kuber,gesture,tts_finished,lifecycle,r2_bearing_right,Row 2.1: bearing into right stand,ready,2,70,,,,17.829600,,,,,,,,,,,,,,,,bearing,,,,,"{""acquired_tool_ids"": [21], ""acquisition_complete"": false, ""completed_steps"": [], ""head_rotation_deg"": null, ""head_translation_m"": null, ""left_hand_translation_m"": null, ""removed_tool_ids"": [], ""right_hand_translation_m"": null, ""selected_step"": ""r2_bearing_right"", ""step_attempt"": 2, ""step_elapsed_s"": 17.82963497703895, ""step_event_index"": 70, ""total_hand_translation_m"": null, ""trial_finished_elapsed_s"": null, ""trial_recording"": true, ""trial_required_tool_ids"": [21, 34]}"
2026-09-04T14:04:09.557-04:00,kuber,gesture,tts_started,lifecycle,r2_bearing_right,Row 2.1: bearing into right stand,ready,2,71,,,,17.983929,,,,,,,,,,,,,,,,screw,,,,,"{""acquired_tool_ids"": [21], ""acquisition_complete"": false, ""completed_steps"": [], ""head_rotation_deg"": null, ""head_translation_m"": null, ""left_hand_translation_m"": null, ""removed_tool_ids"": [], ""right_hand_translation_m"": null, ""selected_step"": ""r2_bearing_right"", ""step_attempt"": 2, ""step_elapsed_s"": 17.98394238902256, ""step_event_index"": 71, ""total_hand_translation_m"": null, ""trial_finished_elapsed_s"": null, ""trial_recording"": true, ""trial_required_tool_ids"": [21, 34]}"
2026-09-04T14:04:09.892-04:00,kuber,gesture,tts_finished,lifecycle,r2_bearing_right,Row 2.1: bearing into right stand,ready,2,72,,,,18.318893,,,,,,,,,,,,,,,,screw,,,,,"{""acquired_tool_ids"": [21], ""acquisition_complete"": false, ""completed_steps"": [], ""head_rotation_deg"": null, ""head_translation_m"": null, ""left_hand_translation_m"": null, ""removed_tool_ids"": [], ""right_hand_translation_m"": null, ""selected_step"": ""r2_bearing_right"", ""step_attempt"": 2, ""step_elapsed_s"": 18.318905176012777, ""step_event_index"": 72, ""total_hand_translation_m"": null, ""trial_finished_elapsed_s"": null, ""trial_recording"": true, ""trial_required_tool_ids"": [21, 34]}"
2026-09-04T14:04:10.034-04:00,kuber,gesture,tts_started,lifecycle,r2_bearing_right,Row 2.1: bearing into right stand,ready,2,73,,,,18.460910,,,,,,,,,,,,,,,,Row 4 gear rod,,,,,"{""acquired_tool_ids"": [21], ""acquisition_complete"": false, ""completed_steps"": [], ""head_rotation_deg"": null, ""head_translation_m"": null, ""left_hand_translation_m"": null, ""removed_tool_ids"": [], ""right_hand_translation_m"": null, ""selected_step"": ""r2_bearing_right"", ""step_attempt"": 2, ""step_elapsed_s"": 18.460923557984643, ""step_event_index"": 73, ""total_hand_translation_m"": null, ""trial_finished_elapsed_s"": null, ""trial_recording"": true, ""trial_required_tool_ids"": [21, 34]}"
2026-09-04T14:04:10.299-04:00,kuber,gesture,tts_finished,lifecycle,r2_bearing_right,Row 2.1: bearing into right stand,ready,2,74,,,,18.726381,,,,,,,,,,,,,,,,Row 4 gear rod,,,,,"{""acquired_tool_ids"": [21], ""acquisition_complete"": false, ""completed_steps"": [], ""head_rotation_deg"": null, ""head_translation_m"": null, ""left_hand_translation_m"": null, ""removed_tool_ids"": [], ""right_hand_translation_m"": null, ""selected_step"": ""r2_bearing_right"", ""step_attempt"": 2, ""step_elapsed_s"": 18.726394813042134, ""step_event_index"": 74, ""total_hand_translation_m"": null, ""trial_finished_elapsed_s"": null, ""trial_recording"": true, ""trial_required_tool_ids"": [21, 34]}"
2026-09-04T14:04:10.411-04:00,kuber,gesture,tts_started,lifecycle,r2_bearing_right,Row 2.1: bearing into right stand,ready,2,75,,,,18.838627,,,,,,,,,,,,,,,,Row 3 left gear,,,,,"{""acquired_tool_ids"": [21], ""acquisition_complete"": false, ""completed_steps"": [], ""head_rotation_deg"": null, ""head_translation_m"": null, ""left_hand_translation_m"": null, ""removed_tool_ids"": [], ""right_hand_translation_m"": null, ""selected_step"": ""r2_bearing_right"", ""step_attempt"": 2, ""step_elapsed_s"": 18.838641077047214, ""step_event_index"": 75, ""total_hand_translation_m"": null, ""trial_finished_elapsed_s"": null, ""trial_recording"": true, ""trial_required_tool_ids"": [21, 34]}"
2026-09-04T14:04:10.559-04:00,kuber,gesture,tts_finished,lifecycle,r2_bearing_right,Row 2.1: bearing into right stand,ready,2,76,,,,18.986385,,,,,,,,,,,,,,,,Row 3 left gear,,,,,"{""acquired_tool_ids"": [21], ""acquisition_complete"": false, ""completed_steps"": [], ""head_rotation_deg"": null, ""head_translation_m"": null, ""left_hand_translation_m"": null, ""removed_tool_ids"": [], ""right_hand_translation_m"": null, ""selected_step"": ""r2_bearing_right"", ""step_attempt"": 2, ""step_elapsed_s"": 18.986397644039243, ""step_event_index"": 76, ""total_hand_translation_m"": null, ""trial_finished_elapsed_s"": null, ""trial_recording"": true, ""trial_required_tool_ids"": [21, 34]}"
2026-09-04T14:04:10.700-04:00,kuber,gesture,tts_started,lifecycle,r2_bearing_right,Row 2.1: bearing into right stand,ready,2,77,,,,19.127762,,,,,,,,,,,,,,,,screw,,,,,"{""acquired_tool_ids"": [21], ""acquisition_complete"": false, ""completed_steps"": [], ""head_rotation_deg"": null, ""head_translation_m"": null, ""left_hand_translation_m"": null, ""removed_tool_ids"": [], ""right_hand_translation_m"": null, ""selected_step"": ""r2_bearing_right"", ""step_attempt"": 2, ""step_elapsed_s"": 19.12779464700725, ""step_event_index"": 77, ""total_hand_translation_m"": null, ""trial_finished_elapsed_s"": null, ""trial_recording"": true, ""trial_required_tool_ids"": [21, 34]}"
2026-09-04T14:04:10.930-04:00,kuber,gesture,tts_finished,lifecycle,r2_bearing_right,Row 2.1: bearing into right stand,ready,2,78,,,,19.357210,,,,,,,,,,,,,,,,screw,,,,,"{""acquired_tool_ids"": [21], ""acquisition_complete"": false, ""completed_steps"": [], ""head_rotation_deg"": null, ""head_translation_m"": null, ""left_hand_translation_m"": null, ""removed_tool_ids"": [], ""right_hand_translation_m"": null, ""selected_step"": ""r2_bearing_right"", ""step_attempt"": 2, ""step_elapsed_s"": 19.357224158011377, ""step_event_index"": 78, ""total_hand_translation_m"": null, ""trial_finished_elapsed_s"": null, ""trial_recording"": true, ""trial_required_tool_ids"": [21, 34]}"
2026-09-04T14:04:11.078-04:00,kuber,gesture,tts_started,lifecycle,r2_bearing_right,Row 2.1: bearing into right stand,ready,2,79,,,,19.505538,,,,,,,,,,,,,,,,bearing,,,,,"{""acquired_tool_ids"": [21], ""acquisition_complete"": false, ""completed_steps"": [], ""head_rotation_deg"": null, ""head_translation_m"": null, ""left_hand_translation_m"": null, ""removed_tool_ids"": [], ""right_hand_translation_m"": null, ""selected_step"": ""r2_bearing_right"", ""step_attempt"": 2, ""step_elapsed_s"": 19.50555278500542, ""step_event_index"": 79, ""total_hand_translation_m"": null, ""trial_finished_elapsed_s"": null, ""trial_recording"": true, ""trial_required_tool_ids"": [21, 34]}"
2026-09-04T14:04:11.380-04:00,kuber,gesture,tts_finished,lifecycle,r2_bearing_right,Row 2.1: bearing into right stand,ready,2,80,,,,19.807680,,,,,,,,,,,,,,,,bearing,,,,,"{""acquired_tool_ids"": [21], ""acquisition_complete"": false, ""completed_steps"": [], ""head_rotation_deg"": null, ""head_translation_m"": null, ""left_hand_translation_m"": null, ""removed_tool_ids"": [], ""right_hand_translation_m"": null, ""selected_step"": ""r2_bearing_right"", ""step_attempt"": 2, ""step_elapsed_s"": 19.807692585978657, ""step_event_index"": 80, ""total_hand_translation_m"": null, ""trial_finished_elapsed_s"": null, ""trial_recording"": true, ""trial_required_tool_ids"": [21, 34]}"
2026-09-04T14:04:11.691-04:00,kuber,gesture,tts_started,lifecycle,r2_bearing_right,Row 2.1: bearing into right stand,ready,2,81,,,,20.118384,,,,,,,,,,,,,,,,handle,,,,,"{""acquired_tool_ids"": [21], ""acquisition_complete"": false, ""completed_steps"": [], ""head_rotation_deg"": null, ""head_translation_m"": null, ""left_hand_translation_m"": null, ""removed_tool_ids"": [], ""right_hand_translation_m"": null, ""selected_step"": ""r2_bearing_right"", ""step_attempt"": 2, ""step_elapsed_s"": 20.118402912979946, ""step_event_index"": 81, ""total_hand_translation_m"": null, ""trial_finished_elapsed_s"": null, ""trial_recording"": true, ""trial_required_tool_ids"": [21, 34]}"
2026-09-04T14:04:11.872-04:00,kuber,gesture,hover,hover,r2_bearing_right,Row 2.1: bearing into right stand,ready,2,82,34,BEARINGS,,,,,,,,,,,,,,,,,,,,,,,"{""acquired_tool_ids"": [21], ""acquisition_complete"": false, ""completed_steps"": [], ""head_rotation_deg"": null, ""head_translation_m"": null, ""left_hand_translation_m"": null, ""removed_tool_ids"": [], ""right_hand_translation_m"": null, ""selected_step"": ""r2_bearing_right"", ""step_attempt"": 2, ""step_elapsed_s"": 20.299708000966348, ""step_event_index"": 82, ""total_hand_translation_m"": null, ""trial_finished_elapsed_s"": null, ""trial_recording"": true, ""trial_required_tool_ids"": [21, 34]}"
2026-09-04T14:04:12.050-04:00,kuber,gesture,tts_queued,lifecycle,r2_bearing_right,Row 2.1: bearing into right stand,ready,2,83,,,,20.476926,,,,,,,,,,,,,,,,bearing,,,replace_hover,,"{""acquired_tool_ids"": [21], ""acquisition_complete"": false, ""completed_steps"": [], ""head_rotation_deg"": null, ""head_translation_m"": null, ""left_hand_translation_m"": null, ""removed_tool_ids"": [], ""right_hand_translation_m"": null, ""selected_step"": ""r2_bearing_right"", ""step_attempt"": 2, ""step_elapsed_s"": 20.47693793498911, ""step_event_index"": 83, ""total_hand_translation_m"": null, ""trial_finished_elapsed_s"": null, ""trial_recording"": true, ""trial_required_tool_ids"": [21, 34]}"
2026-09-04T14:04:12.471-04:00,kuber,gesture,hover,hover,r2_bearing_right,Row 2.1: bearing into right stand,ready,2,84,32,CRANK_HANDLE,,,,,,,,,,,,,,,,,,,,,,,"{""acquired_tool_ids"": [21], ""acquisition_complete"": false, ""completed_steps"": [], ""head_rotation_deg"": null, ""head_translation_m"": null, ""left_hand_translation_m"": null, ""removed_tool_ids"": [], ""right_hand_translation_m"": null, ""selected_step"": ""r2_bearing_right"", ""step_attempt"": 2, ""step_elapsed_s"": 20.898337132995948, ""step_event_index"": 84, ""total_hand_translation_m"": null, ""trial_finished_elapsed_s"": null, ""trial_recording"": true, ""trial_required_tool_ids"": [21, 34]}"
2026-09-04T14:04:12.572-04:00,kuber,gesture,tts_queued,lifecycle,r2_bearing_right,Row 2.1: bearing into right stand,ready,2,85,,,,20.999787,,,,,,,,,,,,,,,,handle,,,replace_hover,,"{""acquired_tool_ids"": [21], ""acquisition_complete"": false, ""completed_steps"": [], ""head_rotation_deg"": null, ""head_translation_m"": null, ""left_hand_translation_m"": null, ""removed_tool_ids"": [], ""right_hand_translation_m"": null, ""selected_step"": ""r2_bearing_right"", ""step_attempt"": 2, ""step_elapsed_s"": 20.999816625961103, ""step_event_index"": 85, ""total_hand_translation_m"": null, ""trial_finished_elapsed_s"": null, ""trial_recording"": true, ""trial_required_tool_ids"": [21, 34]}"
2026-09-04T14:04:12.936-04:00,kuber,gesture,hover,hover,r2_bearing_right,Row 2.1: bearing into right stand,ready,2,86,34,BEARINGS,,,,,,,,,,,,,,,,,,,,,,,"{""acquired_tool_ids"": [21], ""acquisition_complete"": false, ""completed_steps"": [], ""head_rotation_deg"": null, ""head_translation_m"": null, ""left_hand_translation_m"": null, ""removed_tool_ids"": [], ""right_hand_translation_m"": null, ""selected_step"": ""r2_bearing_right"", ""step_attempt"": 2, ""step_elapsed_s"": 21.3632964650169, ""step_event_index"": 86, ""total_hand_translation_m"": null, ""trial_finished_elapsed_s"": null, ""trial_recording"": true, ""trial_required_tool_ids"": [21, 34]}"
2026-09-04T14:04:13.093-04:00,kuber,gesture,tts_queued,lifecycle,r2_bearing_right,Row 2.1: bearing into right stand,ready,2,87,,,,21.520350,,,,,,,,,,,,,,,,bearing,,,replace_hover,,"{""acquired_tool_ids"": [21], ""acquisition_complete"": false, ""completed_steps"": [], ""head_rotation_deg"": null, ""head_translation_m"": null, ""left_hand_translation_m"": null, ""removed_tool_ids"": [], ""right_hand_translation_m"": null, ""selected_step"": ""r2_bearing_right"", ""step_attempt"": 2, ""step_elapsed_s"": 21.520362064940855, ""step_event_index"": 87, ""total_hand_translation_m"": null, ""trial_finished_elapsed_s"": null, ""trial_recording"": true, ""trial_required_tool_ids"": [21, 34]}"
2026-09-04T14:04:13.614-04:00,kuber,gesture,hover,hover,r2_bearing_right,Row 2.1: bearing into right stand,ready,2,88,35,SCREWS,,,,,,,,,,,,,,,,,,,,,,,"{""acquired_tool_ids"": [21], ""acquisition_complete"": false, ""completed_steps"": [], ""head_rotation_deg"": null, ""head_translation_m"": null, ""left_hand_translation_m"": null, ""removed_tool_ids"": [], ""right_hand_translation_m"": null, ""selected_step"": ""r2_bearing_right"", ""step_attempt"": 2, ""step_elapsed_s"": 22.04088494600728, ""step_event_index"": 88, ""total_hand_translation_m"": null, ""trial_finished_elapsed_s"": null, ""trial_recording"": true, ""trial_required_tool_ids"": [21, 34]}"
2026-09-04T14:04:13.807-04:00,kuber,gesture,tts_queued,lifecycle,r2_bearing_right,Row 2.1: bearing into right stand,ready,2,89,,,,22.234019,,,,,,,,,,,,,,,,screw,,,replace_hover,,"{""acquired_tool_ids"": [21], ""acquisition_complete"": false, ""completed_steps"": [], ""head_rotation_deg"": null, ""head_translation_m"": null, ""left_hand_translation_m"": null, ""removed_tool_ids"": [], ""right_hand_translation_m"": null, ""selected_step"": ""r2_bearing_right"", ""step_attempt"": 2, ""step_elapsed_s"": 22.234032790991478, ""step_event_index"": 89, ""total_hand_translation_m"": null, ""trial_finished_elapsed_s"": null, ""trial_recording"": true, ""trial_required_tool_ids"": [21, 34]}"
2026-09-04T14:04:14.107-04:00,kuber,gesture,tts_queued,lifecycle,r2_bearing_right,Row 2.1: bearing into right stand,ready,2,90,,,,22.534003,,,,,,,,,,,,,,,,Wrong part.,,,replace,,"{""acquired_tool_ids"": [21], ""acquisition_complete"": false, ""completed_steps"": [], ""head_rotation_deg"": null, ""head_translation_m"": null, ""left_hand_translation_m"": null, ""removed_tool_ids"": [], ""right_hand_translation_m"": null, ""selected_step"": ""r2_bearing_right"", ""step_attempt"": 2, ""step_elapsed_s"": 22.53401332895737, ""step_event_index"": 90, ""total_hand_translation_m"": null, ""trial_finished_elapsed_s"": null, ""trial_recording"": true, ""trial_required_tool_ids"": [21, 34]}"
2026-09-04T14:04:14.272-04:00,kuber,gesture,part_selection,click,r2_bearing_right,Row 2.1: bearing into right stand,ready,2,91,35,SCREWS,17.231080,22.698824,,,,,,,,,,,,,,,0,,,,,,"{""acquired_tool_ids"": [21], ""acquisition_complete"": false, ""completed_steps"": [], ""head_rotation_deg"": null, ""head_translation_m"": null, ""left_hand_translation_m"": null, ""removed_tool_ids"": [], ""right_hand_translation_m"": null, ""selected_step"": ""r2_bearing_right"", ""step_attempt"": 2, ""step_elapsed_s"": 22.69888106000144, ""step_event_index"": 91, ""total_hand_translation_m"": null, ""trial_finished_elapsed_s"": null, ""trial_recording"": true, ""trial_required_tool_ids"": [21, 34]}"
2026-09-04T14:04:14.433-04:00,kuber,gesture,tts_finished,lifecycle,r2_bearing_right,Row 2.1: bearing into right stand,ready,2,92,,,,22.860343,,,,,,,,,,,,,,,,handle,,,,,"{""acquired_tool_ids"": [21], ""acquisition_complete"": false, ""completed_steps"": [], ""head_rotation_deg"": null, ""head_translation_m"": null, ""left_hand_translation_m"": null, ""removed_tool_ids"": [], ""right_hand_translation_m"": null, ""selected_step"": ""r2_bearing_right"", ""step_attempt"": 2, ""step_elapsed_s"": 22.860355225973763, ""step_event_index"": 92, ""total_hand_translation_m"": null, ""trial_finished_elapsed_s"": null, ""trial_recording"": true, ""trial_required_tool_ids"": [21, 34]}"
2026-09-04T14:04:14.959-04:00,kuber,gesture,tts_started,lifecycle,r2_bearing_right,Row 2.1: bearing into right stand,ready,2,93,,,,23.386824,,,,,,,,,,,,,,,,bearing,,,,,"{""acquired_tool_ids"": [21], ""acquisition_complete"": false, ""completed_steps"": [], ""head_rotation_deg"": null, ""head_translation_m"": null, ""left_hand_translation_m"": null, ""removed_tool_ids"": [], ""right_hand_translation_m"": null, ""selected_step"": ""r2_bearing_right"", ""step_attempt"": 2, ""step_elapsed_s"": 23.386837681988254, ""step_event_index"": 93, ""total_hand_translation_m"": null, ""trial_finished_elapsed_s"": null, ""trial_recording"": true, ""trial_required_tool_ids"": [21, 34]}"
2026-09-04T14:04:15.176-04:00,kuber,gesture,tts_finished,lifecycle,r2_bearing_right,Row 2.1: bearing into right stand,ready,2,94,,,,23.602982,,,,,,,,,,,,,,,,bearing,,,,,"{""acquired_tool_ids"": [21], ""acquisition_complete"": false, ""completed_steps"": [], ""head_rotation_deg"": null, ""head_translation_m"": null, ""left_hand_translation_m"": null, ""removed_tool_ids"": [], ""right_hand_translation_m"": null, ""selected_step"": ""r2_bearing_right"", ""step_attempt"": 2, ""step_elapsed_s"": 23.603004202013835, ""step_event_index"": 94, ""total_hand_translation_m"": null, ""trial_finished_elapsed_s"": null, ""trial_recording"": true, ""trial_required_tool_ids"": [21, 34]}"
2026-09-04T14:04:15.286-04:00,kuber,gesture,tts_started,lifecycle,r2_bearing_right,Row 2.1: bearing into right stand,ready,2,95,,,,23.713681,,,,,,,,,,,,,,,,handle,,,,,"{""acquired_tool_ids"": [21], ""acquisition_complete"": false, ""completed_steps"": [], ""head_rotation_deg"": null, ""head_translation_m"": null, ""left_hand_translation_m"": null, ""removed_tool_ids"": [], ""right_hand_translation_m"": null, ""selected_step"": ""r2_bearing_right"", ""step_attempt"": 2, ""step_elapsed_s"": 23.7136942029465, ""step_event_index"": 95, ""total_hand_translation_m"": null, ""trial_finished_elapsed_s"": null, ""trial_recording"": true, ""trial_required_tool_ids"": [21, 34]}"
2026-09-04T14:04:15.490-04:00,kuber,gesture,tts_finished,lifecycle,r2_bearing_right,Row 2.1: bearing into right stand,ready,2,96,,,,23.917190,,,,,,,,,,,,,,,,handle,,,,,"{""acquired_tool_ids"": [21], ""acquisition_complete"": false, ""completed_steps"": [], ""head_rotation_deg"": null, ""head_translation_m"": null, ""left_hand_translation_m"": null, ""removed_tool_ids"": [], ""right_hand_translation_m"": null, ""selected_step"": ""r2_bearing_right"", ""step_attempt"": 2, ""step_elapsed_s"": 23.917215905035846, ""step_event_index"": 96, ""total_hand_translation_m"": null, ""trial_finished_elapsed_s"": null, ""trial_recording"": true, ""trial_required_tool_ids"": [21, 34]}"
2026-09-04T14:04:15.746-04:00,kuber,gesture,tts_started,lifecycle,r2_bearing_right,Row 2.1: bearing into right stand,ready,2,97,,,,24.173704,,,,,,,,,,,,,,,,bearing,,,,,"{""acquired_tool_ids"": [21], ""acquisition_complete"": false, ""completed_steps"": [], ""head_rotation_deg"": null, ""head_translation_m"": null, ""left_hand_translation_m"": null, ""removed_tool_ids"": [], ""right_hand_translation_m"": null, ""selected_step"": ""r2_bearing_right"", ""step_attempt"": 2, ""step_elapsed_s"": 24.173716758028604, ""step_event_index"": 97, ""total_hand_translation_m"": null, ""trial_finished_elapsed_s"": null, ""trial_recording"": true, ""trial_required_tool_ids"": [21, 34]}"
2026-09-04T14:04:15.859-04:00,kuber,gesture,tts_finished,lifecycle,r2_bearing_right,Row 2.1: bearing into right stand,ready,2,98,,,,24.286433,,,,,,,,,,,,,,,,bearing,,,,,"{""acquired_tool_ids"": [21], ""acquisition_complete"": false, ""completed_steps"": [], ""head_rotation_deg"": null, ""head_translation_m"": null, ""left_hand_translation_m"": null, ""removed_tool_ids"": [], ""right_hand_translation_m"": null, ""selected_step"": ""r2_bearing_right"", ""step_attempt"": 2, ""step_elapsed_s"": 24.28645711496938, ""step_event_index"": 98, ""total_hand_translation_m"": null, ""trial_finished_elapsed_s"": null, ""trial_recording"": true, ""trial_required_tool_ids"": [21, 34]}"
2026-09-04T14:04:16.108-04:00,kuber,gesture,tts_started,lifecycle,r2_bearing_right,Row 2.1: bearing into right stand,ready,2,99,,,,24.535650,,,,,,,,,,,,,,,,screw,,,,,"{""acquired_tool_ids"": [21], ""acquisition_complete"": false, ""completed_steps"": [], ""head_rotation_deg"": null, ""head_translation_m"": null, ""left_hand_translation_m"": null, ""removed_tool_ids"": [], ""right_hand_translation_m"": null, ""selected_step"": ""r2_bearing_right"", ""step_attempt"": 2, ""step_elapsed_s"": 24.535663772956468, ""step_event_index"": 99, ""total_hand_translation_m"": null, ""trial_finished_elapsed_s"": null, ""trial_recording"": true, ""trial_required_tool_ids"": [21, 34]}"
2026-09-04T14:04:16.275-04:00,kuber,gesture,tts_finished,lifecycle,r2_bearing_right,Row 2.1: bearing into right stand,ready,2,100,,,,24.702152,,,,,,,,,,,,,,,,screw,,,,,"{""acquired_tool_ids"": [21], ""acquisition_complete"": false, ""completed_steps"": [], ""head_rotation_deg"": null, ""head_translation_m"": null, ""left_hand_translation_m"": null, ""removed_tool_ids"": [], ""right_hand_translation_m"": null, ""selected_step"": ""r2_bearing_right"", ""step_attempt"": 2, ""step_elapsed_s"": 24.70220545399934, ""step_event_index"": 100, ""total_hand_translation_m"": null, ""trial_finished_elapsed_s"": null, ""trial_recording"": true, ""trial_required_tool_ids"": [21, 34]}"
2026-09-04T14:04:16.616-04:00,kuber,gesture,tts_started,lifecycle,r2_bearing_right,Row 2.1: bearing into right stand,ready,2,101,,,,25.042867,,,,,,,,,,,,,,,,Wrong part.,,,,,"{""acquired_tool_ids"": [21], ""acquisition_complete"": false, ""completed_steps"": [], ""head_rotation_deg"": null, ""head_translation_m"": null, ""left_hand_translation_m"": null, ""removed_tool_ids"": [], ""right_hand_translation_m"": null, ""selected_step"": ""r2_bearing_right"", ""step_attempt"": 2, ""step_elapsed_s"": 25.042882199049927, ""step_event_index"": 101, ""total_hand_translation_m"": null, ""trial_finished_elapsed_s"": null, ""trial_recording"": true, ""trial_required_tool_ids"": [21, 34]}"
2026-09-04T14:04:16.917-04:00,kuber,gesture,hover,hover,r2_bearing_right,Row 2.1: bearing into right stand,ready,2,102,34,BEARINGS,,,,,,,,,,,,,,,,,,,,,,,"{""acquired_tool_ids"": [21], ""acquisition_complete"": false, ""completed_steps"": [], ""head_rotation_deg"": null, ""head_translation_m"": null, ""left_hand_translation_m"": null, ""removed_tool_ids"": [], ""right_hand_translation_m"": null, ""selected_step"": ""r2_bearing_right"", ""step_attempt"": 2, ""step_elapsed_s"": 25.34394740499556, ""step_event_index"": 102, ""total_hand_translation_m"": null, ""trial_finished_elapsed_s"": null, ""trial_recording"": true, ""trial_required_tool_ids"": [21, 34]}"
2026-09-04T14:04:17.052-04:00,kuber,gesture,tts_queued,lifecycle,r2_bearing_right,Row 2.1: bearing into right stand,ready,2,103,,,,25.479590,,,,,,,,,,,,,,,,bearing,,,replace_hover,,"{""acquired_tool_ids"": [21], ""acquisition_complete"": false, ""completed_steps"": [], ""head_rotation_deg"": null, ""head_translation_m"": null, ""left_hand_translation_m"": null, ""removed_tool_ids"": [], ""right_hand_translation_m"": null, ""selected_step"": ""r2_bearing_right"", ""step_attempt"": 2, ""step_elapsed_s"": 25.479603164014407, ""step_event_index"": 103, ""total_hand_translation_m"": null, ""trial_finished_elapsed_s"": null, ""trial_recording"": true, ""trial_required_tool_ids"": [21, 34]}"
2026-09-04T14:04:17.338-04:00,kuber,gesture,part_selection,click,r2_bearing_right,Row 2.1: bearing into right stand,ready,2,104,34,BEARINGS,20.297925,25.765669,,,,,,,,,,,,,,,1,,,,,,"{""acquired_tool_ids"": [21, 34], ""acquisition_complete"": false, ""completed_steps"": [], ""head_rotation_deg"": null, ""head_translation_m"": null, ""left_hand_translation_m"": null, ""removed_tool_ids"": [], ""right_hand_translation_m"": null, ""selected_step"": ""r2_bearing_right"", ""step_attempt"": 2, ""step_elapsed_s"": 25.765729823033325, ""step_event_index"": 104, ""total_hand_translation_m"": null, ""trial_finished_elapsed_s"": null, ""trial_recording"": true, ""trial_required_tool_ids"": [21, 34]}"
2026-09-04T14:04:17.504-04:00,kuber,gesture,object_acquired,click,r2_bearing_right,Row 2.1: bearing into right stand,ready,2,105,34,BEARINGS,20.297925,25.765669,,,,,,,,,,,,,,,1,,,,,,"{""acquired_tool_ids"": [21, 34], ""acquisition_complete"": false, ""completed_steps"": [], ""head_rotation_deg"": null, ""head_translation_m"": null, ""left_hand_translation_m"": null, ""removed_tool_ids"": [], ""right_hand_translation_m"": null, ""selected_step"": ""r2_bearing_right"", ""step_attempt"": 2, ""step_elapsed_s"": 25.93089586601127, ""step_event_index"": 105, ""total_hand_translation_m"": null, ""trial_finished_elapsed_s"": null, ""trial_recording"": true, ""trial_required_tool_ids"": [21, 34]}"
2026-09-04T14:04:17.679-04:00,kuber,gesture,step_acquisition_complete,click,r2_bearing_right,Row 2.1: bearing into right stand,ready,2,106,,,,26.102352,0.249195,66.908261,0.633183,1.935916,2.569099,0.000000,8.718826,8.718826,35.503398,0,27,0.000000,0.230290,0.230290,,,,,,,"{""acquired_tool_ids"": [21, 34], ""acquisition_complete"": true, ""any_hover_time_s"": 8.718825807794929, ""completed_steps"": [], ""head_rotation_deg"": 66.90826073315233, ""head_translation_m"": 0.24919452755631033, ""hover_time_percent"": 35.503397782265026, ""left_hand_translation_m"": 0.6331827132167654, ""left_hover_episodes"": 0, ""left_hover_time_s"": 0.0, ""left_hover_translation_m"": 0.0, ""removed_tool_ids"": [21], ""right_hand_translation_m"": 1.9359163365258973, ""right_hover_episodes"": 27, ""right_hover_time_s"": 8.718825807794929, ""right_hover_translation_m"": 0.2302903922656058, ""selected_step"": ""r2_bearing_right"", ""step_attempt"": 2, ""step_elapsed_s"": 26.102352148038335, ""step_event_index"": 106, ""total_hand_translation_m"": 2.569099049742663, ""total_hover_translation_m"": 0.2302903922656058, ""trial_finished_elapsed_s"": 26.102352148038335, ""trial_recording"": false, ""trial_required_tool_ids"": [21, 34]}"
2026-09-04T14:04:17.806-04:00,kuber,gesture,graph_complete,,r2_bearing_right,Row 2.1: bearing into right stand,complete,2,107,,,,,,,,,,,,,,,,,,,,,,,,,"{""acquired_tool_ids"": [21, 34], ""acquisition_complete"": true, ""any_hover_time_s"": 8.718825807794929, ""completed_steps"": [""r2_bearing_right""], ""head_rotation_deg"": 66.90826073315233, ""head_translation_m"": 0.24919452755631033, ""hover_time_percent"": 35.503397782265026, ""left_hand_translation_m"": 0.6331827132167654, ""left_hover_episodes"": 0, ""left_hover_time_s"": 0.0, ""left_hover_translation_m"": 0.0, ""removed_tool_ids"": [21], ""right_hand_translation_m"": 1.9359163365258973, ""right_hover_episodes"": 27, ""right_hover_time_s"": 8.718825807794929, ""right_hover_translation_m"": 0.2302903922656058, ""selected_step"": ""r2_bearing_right"", ""step_attempt"": 2, ""step_elapsed_s"": 26.102352148038335, ""step_event_index"": 107, ""total_hand_translation_m"": 2.569099049742663, ""total_hover_translation_m"": 0.2302903922656058, ""trial_finished_elapsed_s"": 26.102352148038335, ""trial_recording"": false, ""trial_required_tool_ids"": [21, 34]}"
2026-09-04T14:04:36.613-04:00,kuber,gesture,step_started,keyboard,r1_bearing_right,Row 1.1: bearing into right stand,ready,3,1,,,,,,,,,,,,,,,,,,,,,,,,,"{""acquired_tool_ids"": [], ""acquisition_complete"": false, ""completed_steps"": [""r2_bearing_right""], ""head_rotation_deg"": null, ""head_translation_m"": null, ""left_hand_translation_m"": null, ""removed_tool_ids"": [21], ""right_hand_translation_m"": null, ""selected_step"": ""r1_bearing_right"", ""step_attempt"": 3, ""step_elapsed_s"": 7.084209937602282e-05, ""step_event_index"": 1, ""total_hand_translation_m"": null, ""trial_finished_elapsed_s"": null, ""trial_recording"": true, ""trial_required_tool_ids"": [19]}"
2026-09-04T14:04:36.719-04:00,kuber,gesture,hover,hover,r1_bearing_right,Row 1.1: bearing into right stand,ready,3,2,23,GEAR_STAND_ROW3_RIGHT,,,,,,,,,,,,,,,,,,,,,,,"{""acquired_tool_ids"": [], ""acquisition_complete"": false, ""completed_steps"": [""r2_bearing_right""], ""head_rotation_deg"": null, ""head_translation_m"": null, ""left_hand_translation_m"": null, ""removed_tool_ids"": [21], ""right_hand_translation_m"": null, ""selected_step"": ""r1_bearing_right"", ""step_attempt"": 3, ""step_elapsed_s"": 0.10632759507279843, ""step_event_index"": 2, ""total_hand_translation_m"": null, ""trial_finished_elapsed_s"": null, ""trial_recording"": true, ""trial_required_tool_ids"": [19]}"
2026-09-04T14:04:36.750-04:00,kuber,gesture,tts_queued,lifecycle,r1_bearing_right,Row 1.1: bearing into right stand,ready,3,3,,,,0.137216,,,,,,,,,,,,,,,,Row 3 right stand,,,replace_hover,,"{""acquired_tool_ids"": [], ""acquisition_complete"": false, ""completed_steps"": [""r2_bearing_right""], ""head_rotation_deg"": null, ""head_translation_m"": null, ""left_hand_translation_m"": null, ""removed_tool_ids"": [21], ""right_hand_translation_m"": null, ""selected_step"": ""r1_bearing_right"", ""step_attempt"": 3, ""step_elapsed_s"": 0.13722709601279348, ""step_event_index"": 3, ""total_hand_translation_m"": null, ""trial_finished_elapsed_s"": null, ""trial_recording"": true, ""trial_required_tool_ids"": [19]}"
2026-09-04T14:04:36.856-04:00,kuber,gesture,tts_started,lifecycle,r1_bearing_right,Row 1.1: bearing into right stand,ready,3,4,,,,0.243456,,,,,,,,,,,,,,,,Row 3 right stand,,,,,"{""acquired_tool_ids"": [], ""acquisition_complete"": false, ""completed_steps"": [""r2_bearing_right""], ""head_rotation_deg"": null, ""head_translation_m"": null, ""left_hand_translation_m"": null, ""removed_tool_ids"": [21], ""right_hand_translation_m"": null, ""selected_step"": ""r1_bearing_right"", ""step_attempt"": 3, ""step_elapsed_s"": 0.2434670520015061, ""step_event_index"": 4, ""total_hand_translation_m"": null, ""trial_finished_elapsed_s"": null, ""trial_recording"": true, ""trial_required_tool_ids"": [19]}"
2026-09-04T14:04:37.307-04:00,kuber,gesture,hover,hover,r1_bearing_right,Row 1.1: bearing into right stand,ready,3,5,20,GEAR_STAND_ROW2_LEFT,,,,,,,,,,,,,,,,,,,,,,,"{""acquired_tool_ids"": [], ""acquisition_complete"": false, ""completed_steps"": [""r2_bearing_right""], ""head_rotation_deg"": null, ""head_translation_m"": null, ""left_hand_translation_m"": null, ""removed_tool_ids"": [21], ""right_hand_translation_m"": null, ""selected_step"": ""r1_bearing_right"", ""step_attempt"": 3, ""step_elapsed_s"": 0.6937900451011956, ""step_event_index"": 5, ""total_hand_translation_m"": null, ""trial_finished_elapsed_s"": null, ""trial_recording"": true, ""trial_required_tool_ids"": [19]}"
2026-09-04T14:04:37.341-04:00,kuber,gesture,tts_queued,lifecycle,r1_bearing_right,Row 1.1: bearing into right stand,ready,3,6,,,,0.728669,,,,,,,,,,,,,,,,Row 2 left stand,,,replace_hover,,"{""acquired_tool_ids"": [], ""acquisition_complete"": false, ""completed_steps"": [""r2_bearing_right""], ""head_rotation_deg"": null, ""head_translation_m"": null, ""left_hand_translation_m"": null, ""removed_tool_ids"": [21], ""right_hand_translation_m"": null, ""selected_step"": ""r1_bearing_right"", ""step_attempt"": 3, ""step_elapsed_s"": 0.7286834010155872, ""step_event_index"": 6, ""total_hand_translation_m"": null, ""trial_finished_elapsed_s"": null, ""trial_recording"": true, ""trial_required_tool_ids"": [19]}"
2026-09-04T14:04:37.382-04:00,kuber,gesture,tts_finished,lifecycle,r1_bearing_right,Row 1.1: bearing into right stand,ready,3,7,,,,0.769751,,,,,,,,,,,,,,,,Row 3 right stand,,,,,"{""acquired_tool_ids"": [], ""acquisition_complete"": false, ""completed_steps"": [""r2_bearing_right""], ""head_rotation_deg"": null, ""head_translation_m"": null, ""left_hand_translation_m"": null, ""removed_tool_ids"": [21], ""right_hand_translation_m"": null, ""selected_step"": ""r1_bearing_right"", ""step_attempt"": 3, ""step_elapsed_s"": 0.7697618060046807, ""step_event_index"": 7, ""total_hand_translation_m"": null, ""trial_finished_elapsed_s"": null, ""trial_recording"": true, ""trial_required_tool_ids"": [19]}"
2026-09-04T14:04:37.429-04:00,kuber,gesture,tts_started,lifecycle,r1_bearing_right,Row 1.1: bearing into right stand,ready,3,8,,,,0.815847,,,,,,,,,,,,,,,,Row 2 left stand,,,,,"{""acquired_tool_ids"": [], ""acquisition_complete"": false, ""completed_steps"": [""r2_bearing_right""], ""head_rotation_deg"": null, ""head_translation_m"": null, ""left_hand_translation_m"": null, ""removed_tool_ids"": [21], ""right_hand_translation_m"": null, ""selected_step"": ""r1_bearing_right"", ""step_attempt"": 3, ""step_elapsed_s"": 0.8158669640542939, ""step_event_index"": 8, ""total_hand_translation_m"": null, ""trial_finished_elapsed_s"": null, ""trial_recording"": true, ""trial_required_tool_ids"": [19]}"
2026-09-04T14:04:37.589-04:00,kuber,gesture,hover,hover,r1_bearing_right,Row 1.1: bearing into right stand,ready,3,9,18,GEAR_STAND_ROW1_LEFT,,,,,,,,,,,,,,,,,,,,,,,"{""acquired_tool_ids"": [], ""acquisition_complete"": false, ""completed_steps"": [""r2_bearing_right""], ""head_rotation_deg"": null, ""head_translation_m"": null, ""left_hand_translation_m"": null, ""removed_tool_ids"": [21], ""right_hand_translation_m"": null, ""selected_step"": ""r1_bearing_right"", ""step_attempt"": 3, ""step_elapsed_s"": 0.9766381630906835, ""step_event_index"": 9, ""total_hand_translation_m"": null, ""trial_finished_elapsed_s"": null, ""trial_recording"": true, ""trial_required_tool_ids"": [19]}"
2026-09-04T14:04:37.615-04:00,kuber,gesture,tts_queued,lifecycle,r1_bearing_right,Row 1.1: bearing into right stand,ready,3,10,,,,1.002485,,,,,,,,,,,,,,,,Row 1 left stand,,,replace_hover,,"{""acquired_tool_ids"": [], ""acquisition_complete"": false, ""completed_steps"": [""r2_bearing_right""], ""head_rotation_deg"": null, ""head_translation_m"": null, ""left_hand_translation_m"": null, ""removed_tool_ids"": [21], ""right_hand_translation_m"": null, ""selected_step"": ""r1_bearing_right"", ""step_attempt"": 3, ""step_elapsed_s"": 1.0024959230795503, ""step_event_index"": 10, ""total_hand_translation_m"": null, ""trial_finished_elapsed_s"": null, ""trial_recording"": true, ""trial_required_tool_ids"": [19]}"
2026-09-04T14:04:37.686-04:00,kuber,gesture,hover,hover,r1_bearing_right,Row 1.1: bearing into right stand,ready,3,11,19,GEAR_STAND_ROW1_RIGHT,,,,,,,,,,,,,,,,,,,,,,,"{""acquired_tool_ids"": [], ""acquisition_complete"": false, ""completed_steps"": [""r2_bearing_right""], ""head_rotation_deg"": null, ""head_translation_m"": null, ""left_hand_translation_m"": null, ""removed_tool_ids"": [21], ""right_hand_translation_m"": null, ""selected_step"": ""r1_bearing_right"", ""step_attempt"": 3, ""step_elapsed_s"": 1.072947211097926, ""step_event_index"": 11, ""total_hand_translation_m"": null, ""trial_finished_elapsed_s"": null, ""trial_recording"": true, ""trial_required_tool_ids"": [19]}"
2026-09-04T14:04:37.715-04:00,kuber,gesture,tts_queued,lifecycle,r1_bearing_right,Row 1.1: bearing into right stand,ready,3,12,,,,1.102374,,,,,,,,,,,,,,,,Row 1 right stand,,,replace_hover,,"{""acquired_tool_ids"": [], ""acquisition_complete"": false, ""completed_steps"": [""r2_bearing_right""], ""head_rotation_deg"": null, ""head_translation_m"": null, ""left_hand_translation_m"": null, ""removed_tool_ids"": [21], ""right_hand_translation_m"": null, ""selected_step"": ""r1_bearing_right"", ""step_attempt"": 3, ""step_elapsed_s"": 1.102386208018288, ""step_event_index"": 12, ""total_hand_translation_m"": null, ""trial_finished_elapsed_s"": null, ""trial_recording"": true, ""trial_required_tool_ids"": [19]}"
2026-09-04T14:04:37.784-04:00,kuber,gesture,tts_finished,lifecycle,r1_bearing_right,Row 1.1: bearing into right stand,ready,3,13,,,,1.171151,,,,,,,,,,,,,,,,Row 2 left stand,,,,,"{""acquired_tool_ids"": [], ""acquisition_complete"": false, ""completed_steps"": [""r2_bearing_right""], ""head_rotation_deg"": null, ""head_translation_m"": null, ""left_hand_translation_m"": null, ""removed_tool_ids"": [21], ""right_hand_translation_m"": null, ""selected_step"": ""r1_bearing_right"", ""step_attempt"": 3, ""step_elapsed_s"": 1.1711633530212566, ""step_event_index"": 13, ""total_hand_translation_m"": null, ""trial_finished_elapsed_s"": null, ""trial_recording"": true, ""trial_required_tool_ids"": [19]}"
2026-09-04T14:04:37.826-04:00,kuber,gesture,tts_started,lifecycle,r1_bearing_right,Row 1.1: bearing into right stand,ready,3,14,,,,1.213454,,,,,,,,,,,,,,,,Row 1 left stand,,,,,"{""acquired_tool_ids"": [], ""acquisition_complete"": false, ""completed_steps"": [""r2_bearing_right""], ""head_rotation_deg"": null, ""head_translation_m"": null, ""left_hand_translation_m"": null, ""removed_tool_ids"": [21], ""right_hand_translation_m"": null, ""selected_step"": ""r1_bearing_right"", ""step_attempt"": 3, ""step_elapsed_s"": 1.2134655470727012, ""step_event_index"": 14, ""total_hand_translation_m"": null, ""trial_finished_elapsed_s"": null, ""trial_recording"": true, ""trial_required_tool_ids"": [19]}"
2026-09-04T14:04:37.879-04:00,kuber,gesture,tts_finished,lifecycle,r1_bearing_right,Row 1.1: bearing into right stand,ready,3,15,,,,1.265782,,,,,,,,,,,,,,,,Row 1 left stand,,,,,"{""acquired_tool_ids"": [], ""acquisition_complete"": false, ""completed_steps"": [""r2_bearing_right""], ""head_rotation_deg"": null, ""head_translation_m"": null, ""left_hand_translation_m"": null, ""removed_tool_ids"": [21], ""right_hand_translation_m"": null, ""selected_step"": ""r1_bearing_right"", ""step_attempt"": 3, ""step_elapsed_s"": 1.2657942920923233, ""step_event_index"": 15, ""total_hand_translation_m"": null, ""trial_finished_elapsed_s"": null, ""trial_recording"": true, ""trial_required_tool_ids"": [19]}"
2026-09-04T14:04:37.923-04:00,kuber,gesture,tts_started,lifecycle,r1_bearing_right,Row 1.1: bearing into right stand,ready,3,16,,,,1.310257,,,,,,,,,,,,,,,,Row 1 right stand,,,,,"{""acquired_tool_ids"": [], ""acquisition_complete"": false, ""completed_steps"": [""r2_bearing_right""], ""head_rotation_deg"": null, ""head_translation_m"": null, ""left_hand_translation_m"": null, ""removed_tool_ids"": [21], ""right_hand_translation_m"": null, ""selected_step"": ""r1_bearing_right"", ""step_attempt"": 3, ""step_elapsed_s"": 1.3102668520295992, ""step_event_index"": 16, ""total_hand_translation_m"": null, ""trial_finished_elapsed_s"": null, ""trial_recording"": true, ""trial_required_tool_ids"": [19]}"
2026-09-04T14:04:38.392-04:00,kuber,gesture,part_selection,click,r1_bearing_right,Row 1.1: bearing into right stand,ready,3,17,19,GEAR_STAND_ROW1_RIGHT,1.779028,1.779028,,,,,,,,,,,,,,,1,,,,,,"{""acquired_tool_ids"": [19], ""acquisition_complete"": false, ""completed_steps"": [""r2_bearing_right""], ""head_rotation_deg"": null, ""head_translation_m"": null, ""left_hand_translation_m"": null, ""removed_tool_ids"": [21], ""right_hand_translation_m"": null, ""selected_step"": ""r1_bearing_right"", ""step_attempt"": 3, ""step_elapsed_s"": 1.7790710841072723, ""step_event_index"": 17, ""total_hand_translation_m"": null, ""trial_finished_elapsed_s"": null, ""trial_recording"": true, ""trial_required_tool_ids"": [19]}"
2026-09-04T14:04:38.428-04:00,kuber,gesture,object_acquired,click,r1_bearing_right,Row 1.1: bearing into right stand,ready,3,18,19,GEAR_STAND_ROW1_RIGHT,1.779028,1.779028,,,,,,,,,,,,,,,1,,,,,,"{""acquired_tool_ids"": [19], ""acquisition_complete"": false, ""completed_steps"": [""r2_bearing_right""], ""head_rotation_deg"": null, ""head_translation_m"": null, ""left_hand_translation_m"": null, ""removed_tool_ids"": [21], ""right_hand_translation_m"": null, ""selected_step"": ""r1_bearing_right"", ""step_attempt"": 3, ""step_elapsed_s"": 1.8154776640003547, ""step_event_index"": 18, ""total_hand_translation_m"": null, ""trial_finished_elapsed_s"": null, ""trial_recording"": true, ""trial_required_tool_ids"": [19]}"
2026-09-04T14:04:38.475-04:00,kuber,gesture,step_acquisition_complete,click,r1_bearing_right,Row 1.1: bearing into right stand,ready,3,19,,,,1.862188,0.019866,5.479233,0.044916,0.068527,0.113442,0.000000,1.619854,1.619854,96.585031,0,4,0.000000,0.047527,0.047527,,,,,,,"{""acquired_tool_ids"": [19], ""acquisition_complete"": true, ""any_hover_time_s"": 1.6198543249629438, ""completed_steps"": [""r2_bearing_right""], ""head_rotation_deg"": 5.479233401960107, ""head_translation_m"": 0.01986633154213002, ""hover_time_percent"": 96.58503085789634, ""left_hand_translation_m"": 0.0449158833726012, ""left_hover_episodes"": 0, ""left_hover_time_s"": 0.0, ""left_hover_translation_m"": 0.0, ""removed_tool_ids"": [19, 21], ""right_hand_translation_m"": 0.068526531944665, ""right_hover_episodes"": 4, ""right_hover_time_s"": 1.6198543249629438, ""right_hover_translation_m"": 0.04752716226288058, ""selected_step"": ""r1_bearing_right"", ""step_attempt"": 3, ""step_elapsed_s"": 1.8621875980170444, ""step_event_index"": 19, ""total_hand_translation_m"": 0.1134424153172662, ""total_hover_translation_m"": 0.04752716226288058, ""trial_finished_elapsed_s"": 1.8621875980170444, ""trial_recording"": false, ""trial_required_tool_ids"": [19]}"
2026-09-04T14:04:38.509-04:00,kuber,gesture,graph_complete,,r1_bearing_right,Row 1.1: bearing into right stand,complete,3,20,,,,,,,,,,,,,,,,,,,,,,,,,"{""acquired_tool_ids"": [19], ""acquisition_complete"": true, ""any_hover_time_s"": 1.6198543249629438, ""completed_steps"": [""r2_bearing_right"", ""r1_bearing_right""], ""head_rotation_deg"": 5.479233401960107, ""head_translation_m"": 0.01986633154213002, ""hover_time_percent"": 96.58503085789634, ""left_hand_translation_m"": 0.0449158833726012, ""left_hover_episodes"": 0, ""left_hover_time_s"": 0.0, ""left_hover_translation_m"": 0.0, ""removed_tool_ids"": [19, 21], ""right_hand_translation_m"": 0.068526531944665, ""right_hover_episodes"": 4, ""right_hover_time_s"": 1.6198543249629438, ""right_hover_translation_m"": 0.04752716226288058, ""selected_step"": ""r1_bearing_right"", ""step_attempt"": 3, ""step_elapsed_s"": 1.8621875980170444, ""step_event_index"": 20, ""total_hand_translation_m"": 0.1134424153172662, ""total_hover_translation_m"": 0.04752716226288058, ""trial_finished_elapsed_s"": 1.8621875980170444, ""trial_recording"": false, ""trial_required_tool_ids"": [19]}"
2026-09-04T14:04:53.318-04:00,kuber,gesture,step_started,keyboard,r1_bearing_left,Row 1.3: bearing into left stand,ready,4,1,,,,,,,,,,,,,,,,,,,,,,,,,"{""acquired_tool_ids"": [], ""acquisition_complete"": false, ""completed_steps"": [""r2_bearing_right"", ""r1_bearing_right""], ""head_rotation_deg"": null, ""head_translation_m"": null, ""left_hand_translation_m"": null, ""removed_tool_ids"": [19, 21], ""right_hand_translation_m"": null, ""selected_step"": ""r1_bearing_left"", ""step_attempt"": 4, ""step_elapsed_s"": 8.08460172265768e-05, ""step_event_index"": 1, ""total_hand_translation_m"": null, ""trial_finished_elapsed_s"": null, ""trial_recording"": true, ""trial_required_tool_ids"": [18, 34]}"
2026-09-04T14:04:53.515-04:00,kuber,gesture,hover,hover,r1_bearing_left,Row 1.3: bearing into left stand,ready,4,2,20,GEAR_STAND_ROW2_LEFT,,,,,,,,,,,,,,,,,,,,,,,"{""acquired_tool_ids"": [], ""acquisition_complete"": false, ""completed_steps"": [""r2_bearing_right"", ""r1_bearing_right""], ""head_rotation_deg"": null, ""head_translation_m"": null, ""left_hand_translation_m"": null, ""removed_tool_ids"": [19, 21], ""right_hand_translation_m"": null, ""selected_step"": ""r1_bearing_left"", ""step_attempt"": 4, ""step_elapsed_s"": 0.19676213199272752, ""step_event_index"": 2, ""total_hand_translation_m"": null, ""trial_finished_elapsed_s"": null, ""trial_recording"": true, ""trial_required_tool_ids"": [18, 34]}"
2026-09-04T14:04:53.555-04:00,kuber,gesture,tts_queued,lifecycle,r1_bearing_left,Row 1.3: bearing into left stand,ready,4,3,,,,0.237401,,,,,,,,,,,,,,,,Row 2 left stand,,,replace_hover,,"{""acquired_tool_ids"": [], ""acquisition_complete"": false, ""completed_steps"": [""r2_bearing_right"", ""r1_bearing_right""], ""head_rotation_deg"": null, ""head_translation_m"": null, ""left_hand_translation_m"": null, ""removed_tool_ids"": [19, 21], ""right_hand_translation_m"": null, ""selected_step"": ""r1_bearing_left"", ""step_attempt"": 4, ""step_elapsed_s"": 0.23741420602891594, ""step_event_index"": 3, ""total_hand_translation_m"": null, ""trial_finished_elapsed_s"": null, ""trial_recording"": true, ""trial_required_tool_ids"": [18, 34]}"
2026-09-04T14:04:53.623-04:00,kuber,gesture,tts_started,lifecycle,r1_bearing_left,Row 1.3: bearing into left stand,ready,4,4,,,,0.305171,,,,,,,,,,,,,,,,Row 2 left stand,,,,,"{""acquired_tool_ids"": [], ""acquisition_complete"": false, ""completed_steps"": [""r2_bearing_right"", ""r1_bearing_right""], ""head_rotation_deg"": null, ""head_translation_m"": null, ""left_hand_translation_m"": null, ""removed_tool_ids"": [19, 21], ""right_hand_translation_m"": null, ""selected_step"": ""r1_bearing_left"", ""step_attempt"": 4, ""step_elapsed_s"": 0.30518754199147224, ""step_event_index"": 4, ""total_hand_translation_m"": null, ""trial_finished_elapsed_s"": null, ""trial_recording"": true, ""trial_required_tool_ids"": [18, 34]}"
2026-09-04T14:04:54.178-04:00,kuber,gesture,hover,hover,r1_bearing_left,Row 1.3: bearing into left stand,ready,4,5,18,GEAR_STAND_ROW1_LEFT,,,,,,,,,,,,,,,,,,,,,,,"{""acquired_tool_ids"": [], ""acquisition_complete"": false, ""completed_steps"": [""r2_bearing_right"", ""r1_bearing_right""], ""head_rotation_deg"": null, ""head_translation_m"": null, ""left_hand_translation_m"": null, ""removed_tool_ids"": [19, 21], ""right_hand_translation_m"": null, ""selected_step"": ""r1_bearing_left"", ""step_attempt"": 4, ""step_elapsed_s"": 0.8596656559966505, ""step_event_index"": 5, ""total_hand_translation_m"": null, ""trial_finished_elapsed_s"": null, ""trial_recording"": true, ""trial_required_tool_ids"": [18, 34]}"
2026-09-04T14:04:54.211-04:00,kuber,gesture,tts_queued,lifecycle,r1_bearing_left,Row 1.3: bearing into left stand,ready,4,6,,,,0.892832,,,,,,,,,,,,,,,,Row 1 left stand,,,replace_hover,,"{""acquired_tool_ids"": [], ""acquisition_complete"": false, ""completed_steps"": [""r2_bearing_right"", ""r1_bearing_right""], ""head_rotation_deg"": null, ""head_translation_m"": null, ""left_hand_translation_m"": null, ""removed_tool_ids"": [19, 21], ""right_hand_translation_m"": null, ""selected_step"": ""r1_bearing_left"", ""step_attempt"": 4, ""step_elapsed_s"": 0.8928482090122998, ""step_event_index"": 6, ""total_hand_translation_m"": null, ""trial_finished_elapsed_s"": null, ""trial_recording"": true, ""trial_required_tool_ids"": [18, 34]}"
2026-09-04T14:04:54.279-04:00,kuber,gesture,tts_finished,lifecycle,r1_bearing_left,Row 1.3: bearing into left stand,ready,4,7,,,,0.961431,,,,,,,,,,,,,,,,Row 2 left stand,,,,,"{""acquired_tool_ids"": [], ""acquisition_complete"": false, ""completed_steps"": [""r2_bearing_right"", ""r1_bearing_right""], ""head_rotation_deg"": null, ""head_translation_m"": null, ""left_hand_translation_m"": null, ""removed_tool_ids"": [19, 21], ""right_hand_translation_m"": null, ""selected_step"": ""r1_bearing_left"", ""step_attempt"": 4, ""step_elapsed_s"": 0.9614457340212539, ""step_event_index"": 7, ""total_hand_translation_m"": null, ""trial_finished_elapsed_s"": null, ""trial_recording"": true, ""trial_required_tool_ids"": [18, 34]}"
2026-09-04T14:04:54.330-04:00,kuber,gesture,tts_started,lifecycle,r1_bearing_left,Row 1.3: bearing into left stand,ready,4,8,,,,1.012259,,,,,,,,,,,,,,,,Row 1 left stand,,,,,"{""acquired_tool_ids"": [], ""acquisition_complete"": false, ""completed_steps"": [""r2_bearing_right"", ""r1_bearing_right""], ""head_rotation_deg"": null, ""head_translation_m"": null, ""left_hand_translation_m"": null, ""removed_tool_ids"": [19, 21], ""right_hand_translation_m"": null, ""selected_step"": ""r1_bearing_left"", ""step_attempt"": 4, ""step_elapsed_s"": 1.0122721169609576, ""step_event_index"": 8, ""total_hand_translation_m"": null, ""trial_finished_elapsed_s"": null, ""trial_recording"": true, ""trial_required_tool_ids"": [18, 34]}"
2026-09-04T14:04:56.086-04:00,kuber,gesture,tts_finished,lifecycle,r1_bearing_left,Row 1.3: bearing into left stand,ready,4,9,,,,2.767707,,,,,,,,,,,,,,,,Row 1 left stand,,,,,"{""acquired_tool_ids"": [], ""acquisition_complete"": false, ""completed_steps"": [""r2_bearing_right"", ""r1_bearing_right""], ""head_rotation_deg"": null, ""head_translation_m"": null, ""left_hand_translation_m"": null, ""removed_tool_ids"": [19, 21], ""right_hand_translation_m"": null, ""selected_step"": ""r1_bearing_left"", ""step_attempt"": 4, ""step_elapsed_s"": 2.767720769974403, ""step_event_index"": 9, ""total_hand_translation_m"": null, ""trial_finished_elapsed_s"": null, ""trial_recording"": true, ""trial_required_tool_ids"": [18, 34]}"
2026-09-04T14:04:56.267-04:00,kuber,gesture,part_selection,click,r1_bearing_left,Row 1.3: bearing into left stand,ready,4,10,18,GEAR_STAND_ROW1_LEFT,2.948707,2.948707,,,,,,,,,,,,,,,1,,,,,,"{""acquired_tool_ids"": [18], ""acquisition_complete"": false, ""completed_steps"": [""r2_bearing_right"", ""r1_bearing_right""], ""head_rotation_deg"": null, ""head_translation_m"": null, ""left_hand_translation_m"": null, ""removed_tool_ids"": [19, 21], ""right_hand_translation_m"": null, ""selected_step"": ""r1_bearing_left"", ""step_attempt"": 4, ""step_elapsed_s"": 2.9487547799944878, ""step_event_index"": 10, ""total_hand_translation_m"": null, ""trial_finished_elapsed_s"": null, ""trial_recording"": true, ""trial_required_tool_ids"": [18, 34]}"
2026-09-04T14:04:56.305-04:00,kuber,gesture,object_acquired,click,r1_bearing_left,Row 1.3: bearing into left stand,ready,4,11,18,GEAR_STAND_ROW1_LEFT,2.948707,2.948707,,,,,,,,,,,,,,,1,,,,,,"{""acquired_tool_ids"": [18], ""acquisition_complete"": false, ""completed_steps"": [""r2_bearing_right"", ""r1_bearing_right""], ""head_rotation_deg"": null, ""head_translation_m"": null, ""left_hand_translation_m"": null, ""removed_tool_ids"": [19, 21], ""right_hand_translation_m"": null, ""selected_step"": ""r1_bearing_left"", ""step_attempt"": 4, ""step_elapsed_s"": 2.9875714679947123, ""step_event_index"": 11, ""total_hand_translation_m"": null, ""trial_finished_elapsed_s"": null, ""trial_recording"": true, ""trial_required_tool_ids"": [18, 34]}"
2026-09-04T14:04:56.330-04:00,kuber,gesture,tts_queued,lifecycle,r1_bearing_left,Row 1.3: bearing into left stand,ready,4,12,,,,3.012304,,,,,,,,,,,,,,,,1 part left.,,,replace,,"{""acquired_tool_ids"": [18], ""acquisition_complete"": false, ""completed_steps"": [""r2_bearing_right"", ""r1_bearing_right""], ""head_rotation_deg"": null, ""head_translation_m"": null, ""left_hand_translation_m"": null, ""removed_tool_ids"": [19, 21], ""right_hand_translation_m"": null, ""selected_step"": ""r1_bearing_left"", ""step_attempt"": 4, ""step_elapsed_s"": 3.01232042897027, ""step_event_index"": 12, ""total_hand_translation_m"": null, ""trial_finished_elapsed_s"": null, ""trial_recording"": true, ""trial_required_tool_ids"": [18, 34]}"
2026-09-04T14:04:56.388-04:00,kuber,gesture,tts_started,lifecycle,r1_bearing_left,Row 1.3: bearing into left stand,ready,4,13,,,,3.069884,,,,,,,,,,,,,,,,1 part left.,,,,,"{""acquired_tool_ids"": [18], ""acquisition_complete"": false, ""completed_steps"": [""r2_bearing_right"", ""r1_bearing_right""], ""head_rotation_deg"": null, ""head_translation_m"": null, ""left_hand_translation_m"": null, ""removed_tool_ids"": [19, 21], ""right_hand_translation_m"": null, ""selected_step"": ""r1_bearing_left"", ""step_attempt"": 4, ""step_elapsed_s"": 3.069893360021524, ""step_event_index"": 13, ""total_hand_translation_m"": null, ""trial_finished_elapsed_s"": null, ""trial_recording"": true, ""trial_required_tool_ids"": [18, 34]}"
2026-09-04T14:04:56.862-04:00,kuber,gesture,hover,hover,r1_bearing_left,Row 1.3: bearing into left stand,ready,4,14,20,GEAR_STAND_ROW2_LEFT,,,,,,,,,,,,,,,,,,,,,,,"{""acquired_tool_ids"": [18], ""acquisition_complete"": false, ""completed_steps"": [""r2_bearing_right"", ""r1_bearing_right""], ""head_rotation_deg"": null, ""head_translation_m"": null, ""left_hand_translation_m"": null, ""removed_tool_ids"": [19, 21], ""right_hand_translation_m"": null, ""selected_step"": ""r1_bearing_left"", ""step_attempt"": 4, ""step_elapsed_s"": 3.543814540025778, ""step_event_index"": 14, ""total_hand_translation_m"": null, ""trial_finished_elapsed_s"": null, ""trial_recording"": true, ""trial_required_tool_ids"": [18, 34]}"
2026-09-04T14:04:56.908-04:00,kuber,gesture,tts_queued,lifecycle,r1_bearing_left,Row 1.3: bearing into left stand,ready,4,15,,,,3.589827,,,,,,,,,,,,,,,,Row 2 left stand,,,replace_hover,,"{""acquired_tool_ids"": [18], ""acquisition_complete"": false, ""completed_steps"": [""r2_bearing_right"", ""r1_bearing_right""], ""head_rotation_deg"": null, ""head_translation_m"": null, ""left_hand_translation_m"": null, ""removed_tool_ids"": [19, 21], ""right_hand_translation_m"": null, ""selected_step"": ""r1_bearing_left"", ""step_attempt"": 4, ""step_elapsed_s"": 3.5898476929869503, ""step_event_index"": 15, ""total_hand_translation_m"": null, ""trial_finished_elapsed_s"": null, ""trial_recording"": true, ""trial_required_tool_ids"": [18, 34]}"
2026-09-04T14:04:56.977-04:00,kuber,gesture,tts_finished,lifecycle,r1_bearing_left,Row 1.3: bearing into left stand,ready,4,16,,,,3.658917,,,,,,,,,,,,,,,,1 part left.,,,,,"{""acquired_tool_ids"": [18], ""acquisition_complete"": false, ""completed_steps"": [""r2_bearing_right"", ""r1_bearing_right""], ""head_rotation_deg"": null, ""head_translation_m"": null, ""left_hand_translation_m"": null, ""removed_tool_ids"": [19, 21], ""right_hand_translation_m"": null, ""selected_step"": ""r1_bearing_left"", ""step_attempt"": 4, ""step_elapsed_s"": 3.6589307689573616, ""step_event_index"": 16, ""total_hand_translation_m"": null, ""trial_finished_elapsed_s"": null, ""trial_recording"": true, ""trial_required_tool_ids"": [18, 34]}"
2026-09-04T14:04:57.012-04:00,kuber,gesture,tts_started,lifecycle,r1_bearing_left,Row 1.3: bearing into left stand,ready,4,17,,,,3.694194,,,,,,,,,,,,,,,,Row 2 left stand,,,,,"{""acquired_tool_ids"": [18], ""acquisition_complete"": false, ""completed_steps"": [""r2_bearing_right"", ""r1_bearing_right""], ""head_rotation_deg"": null, ""head_translation_m"": null, ""left_hand_translation_m"": null, ""removed_tool_ids"": [19, 21], ""right_hand_translation_m"": null, ""selected_step"": ""r1_bearing_left"", ""step_attempt"": 4, ""step_elapsed_s"": 3.694207055028528, ""step_event_index"": 17, ""total_hand_translation_m"": null, ""trial_finished_elapsed_s"": null, ""trial_recording"": true, ""trial_required_tool_ids"": [18, 34]}"
2026-09-04T14:04:57.888-04:00,kuber,gesture,hover,hover,r1_bearing_left,Row 1.3: bearing into left stand,ready,4,18,29,GEAR_ROW3_LEFT,,,,,,,,,,,,,,,,,,,,,,,"{""acquired_tool_ids"": [18], ""acquisition_complete"": false, ""completed_steps"": [""r2_bearing_right"", ""r1_bearing_right""], ""head_rotation_deg"": null, ""head_translation_m"": null, ""left_hand_translation_m"": null, ""removed_tool_ids"": [19, 21], ""right_hand_translation_m"": null, ""selected_step"": ""r1_bearing_left"", ""step_attempt"": 4, ""step_elapsed_s"": 4.570346652995795, ""step_event_index"": 18, ""total_hand_translation_m"": null, ""trial_finished_elapsed_s"": null, ""trial_recording"": true, ""trial_required_tool_ids"": [18, 34]}"
2026-09-04T14:04:57.925-04:00,kuber,gesture,tts_queued,lifecycle,r1_bearing_left,Row 1.3: bearing into left stand,ready,4,19,,,,4.606877,,,,,,,,,,,,,,,,Row 3 left gear,,,replace_hover,,"{""acquired_tool_ids"": [18], ""acquisition_complete"": false, ""completed_steps"": [""r2_bearing_right"", ""r1_bearing_right""], ""head_rotation_deg"": null, ""head_translation_m"": null, ""left_hand_translation_m"": null, ""removed_tool_ids"": [19, 21], ""right_hand_translation_m"": null, ""selected_step"": ""r1_bearing_left"", ""step_attempt"": 4, ""step_elapsed_s"": 4.6069067779462785, ""step_event_index"": 19, ""total_hand_translation_m"": null, ""trial_finished_elapsed_s"": null, ""trial_recording"": true, ""trial_required_tool_ids"": [18, 34]}"
2026-09-04T14:04:57.989-04:00,kuber,gesture,hover,hover,r1_bearing_left,Row 1.3: bearing into left stand,ready,4,20,30,GEAR_ROW3_RIGHT,,,,,,,,,,,,,,,,,,,,,,,"{""acquired_tool_ids"": [18], ""acquisition_complete"": false, ""completed_steps"": [""r2_bearing_right"", ""r1_bearing_right""], ""head_rotation_deg"": null, ""head_translation_m"": null, ""left_hand_translation_m"": null, ""removed_tool_ids"": [19, 21], ""right_hand_translation_m"": null, ""selected_step"": ""r1_bearing_left"", ""step_attempt"": 4, ""step_elapsed_s"": 4.671555335982703, ""step_event_index"": 20, ""total_hand_translation_m"": null, ""trial_finished_elapsed_s"": null, ""trial_recording"": true, ""trial_required_tool_ids"": [18, 34]}"
2026-09-04T14:04:58.025-04:00,kuber,gesture,tts_queued,lifecycle,r1_bearing_left,Row 1.3: bearing into left stand,ready,4,21,,,,4.707185,,,,,,,,,,,,,,,,Row 3 right gear,,,replace_hover,,"{""acquired_tool_ids"": [18], ""acquisition_complete"": false, ""completed_steps"": [""r2_bearing_right"", ""r1_bearing_right""], ""head_rotation_deg"": null, ""head_translation_m"": null, ""left_hand_translation_m"": null, ""removed_tool_ids"": [19, 21], ""right_hand_translation_m"": null, ""selected_step"": ""r1_bearing_left"", ""step_attempt"": 4, ""step_elapsed_s"": 4.707196400966495, ""step_event_index"": 21, ""total_hand_translation_m"": null, ""trial_finished_elapsed_s"": null, ""trial_recording"": true, ""trial_required_tool_ids"": [18, 34]}"
2026-09-04T14:04:58.121-04:00,kuber,gesture,tts_finished,lifecycle,r1_bearing_left,Row 1.3: bearing into left stand,ready,4,22,,,,4.803488,,,,,,,,,,,,,,,,Row 2 left stand,,,,,"{""acquired_tool_ids"": [18], ""acquisition_complete"": false, ""completed_steps"": [""r2_bearing_right"", ""r1_bearing_right""], ""head_rotation_deg"": null, ""head_translation_m"": null, ""left_hand_translation_m"": null, ""removed_tool_ids"": [19, 21], ""right_hand_translation_m"": null, ""selected_step"": ""r1_bearing_left"", ""step_attempt"": 4, ""step_elapsed_s"": 4.803504555951804, ""step_event_index"": 22, ""total_hand_translation_m"": null, ""trial_finished_elapsed_s"": null, ""trial_recording"": true, ""trial_required_tool_ids"": [18, 34]}"
2026-09-04T14:04:58.207-04:00,kuber,gesture,tts_started,lifecycle,r1_bearing_left,Row 1.3: bearing into left stand,ready,4,23,,,,4.888737,,,,,,,,,,,,,,,,Row 3 left gear,,,,,"{""acquired_tool_ids"": [18], ""acquisition_complete"": false, ""completed_steps"": [""r2_bearing_right"", ""r1_bearing_right""], ""head_rotation_deg"": null, ""head_translation_m"": null, ""left_hand_translation_m"": null, ""removed_tool_ids"": [19, 21], ""right_hand_translation_m"": null, ""selected_step"": ""r1_bearing_left"", ""step_attempt"": 4, ""step_elapsed_s"": 4.888756508007646, ""step_event_index"": 23, ""total_hand_translation_m"": null, ""trial_finished_elapsed_s"": null, ""trial_recording"": true, ""trial_required_tool_ids"": [18, 34]}"
2026-09-04T14:04:58.261-04:00,kuber,gesture,tts_finished,lifecycle,r1_bearing_left,Row 1.3: bearing into left stand,ready,4,24,,,,4.943335,,,,,,,,,,,,,,,,Row 3 left gear,,,,,"{""acquired_tool_ids"": [18], ""acquisition_complete"": false, ""completed_steps"": [""r2_bearing_right"", ""r1_bearing_right""], ""head_rotation_deg"": null, ""head_translation_m"": null, ""left_hand_translation_m"": null, ""removed_tool_ids"": [19, 21], ""right_hand_translation_m"": null, ""selected_step"": ""r1_bearing_left"", ""step_attempt"": 4, ""step_elapsed_s"": 4.9433439610293135, ""step_event_index"": 24, ""total_hand_translation_m"": null, ""trial_finished_elapsed_s"": null, ""trial_recording"": true, ""trial_required_tool_ids"": [18, 34]}"
2026-09-04T14:04:58.318-04:00,kuber,gesture,tts_started,lifecycle,r1_bearing_left,Row 1.3: bearing into left stand,ready,4,25,,,,4.999870,,,,,,,,,,,,,,,,Row 3 right gear,,,,,"{""acquired_tool_ids"": [18], ""acquisition_complete"": false, ""completed_steps"": [""r2_bearing_right"", ""r1_bearing_right""], ""head_rotation_deg"": null, ""head_translation_m"": null, ""left_hand_translation_m"": null, ""removed_tool_ids"": [19, 21], ""right_hand_translation_m"": null, ""selected_step"": ""r1_bearing_left"", ""step_attempt"": 4, ""step_elapsed_s"": 4.999888023012318, ""step_event_index"": 25, ""total_hand_translation_m"": null, ""trial_finished_elapsed_s"": null, ""trial_recording"": true, ""trial_required_tool_ids"": [18, 34]}"
2026-09-04T14:04:58.438-04:00,kuber,gesture,hover,hover,r1_bearing_left,Row 1.3: bearing into left stand,ready,4,26,29,GEAR_ROW3_LEFT,,,,,,,,,,,,,,,,,,,,,,,"{""acquired_tool_ids"": [18], ""acquisition_complete"": false, ""completed_steps"": [""r2_bearing_right"", ""r1_bearing_right""], ""head_rotation_deg"": null, ""head_translation_m"": null, ""left_hand_translation_m"": null, ""removed_tool_ids"": [19, 21], ""right_hand_translation_m"": null, ""selected_step"": ""r1_bearing_left"", ""step_attempt"": 4, ""step_elapsed_s"": 5.1198568569961935, ""step_event_index"": 26, ""total_hand_translation_m"": null, ""trial_finished_elapsed_s"": null, ""trial_recording"": true, ""trial_required_tool_ids"": [18, 34]}"
2026-09-04T14:04:58.478-04:00,kuber,gesture,tts_queued,lifecycle,r1_bearing_left,Row 1.3: bearing into left stand,ready,4,27,,,,5.160412,,,,,,,,,,,,,,,,Row 3 left gear,,,replace_hover,,"{""acquired_tool_ids"": [18], ""acquisition_complete"": false, ""completed_steps"": [""r2_bearing_right"", ""r1_bearing_right""], ""head_rotation_deg"": null, ""head_translation_m"": null, ""left_hand_translation_m"": null, ""removed_tool_ids"": [19, 21], ""right_hand_translation_m"": null, ""selected_step"": ""r1_bearing_left"", ""step_attempt"": 4, ""step_elapsed_s"": 5.160447919042781, ""step_event_index"": 27, ""total_hand_translation_m"": null, ""trial_finished_elapsed_s"": null, ""trial_recording"": true, ""trial_required_tool_ids"": [18, 34]}"
2026-09-04T14:04:58.567-04:00,kuber,gesture,hover,hover,r1_bearing_left,Row 1.3: bearing into left stand,ready,4,28,34,BEARINGS,,,,,,,,,,,,,,,,,,,,,,,"{""acquired_tool_ids"": [18], ""acquisition_complete"": false, ""completed_steps"": [""r2_bearing_right"", ""r1_bearing_right""], ""head_rotation_deg"": null, ""head_translation_m"": null, ""left_hand_translation_m"": null, ""removed_tool_ids"": [19, 21], ""right_hand_translation_m"": null, ""selected_step"": ""r1_bearing_left"", ""step_attempt"": 4, ""step_elapsed_s"": 5.249264704994857, ""step_event_index"": 28, ""total_hand_translation_m"": null, ""trial_finished_elapsed_s"": null, ""trial_recording"": true, ""trial_required_tool_ids"": [18, 34]}"
2026-09-04T14:04:58.612-04:00,kuber,gesture,tts_queued,lifecycle,r1_bearing_left,Row 1.3: bearing into left stand,ready,4,29,,,,5.293990,,,,,,,,,,,,,,,,bearing,,,replace_hover,,"{""acquired_tool_ids"": [18], ""acquisition_complete"": false, ""completed_steps"": [""r2_bearing_right"", ""r1_bearing_right""], ""head_rotation_deg"": null, ""head_translation_m"": null, ""left_hand_translation_m"": null, ""removed_tool_ids"": [19, 21], ""right_hand_translation_m"": null, ""selected_step"": ""r1_bearing_left"", ""step_attempt"": 4, ""step_elapsed_s"": 5.294007022050209, ""step_event_index"": 29, ""total_hand_translation_m"": null, ""trial_finished_elapsed_s"": null, ""trial_recording"": true, ""trial_required_tool_ids"": [18, 34]}"
2026-09-04T14:04:58.693-04:00,kuber,gesture,tts_finished,lifecycle,r1_bearing_left,Row 1.3: bearing into left stand,ready,4,30,,,,5.375112,,,,,,,,,,,,,,,,Row 3 right gear,,,,,"{""acquired_tool_ids"": [18], ""acquisition_complete"": false, ""completed_steps"": [""r2_bearing_right"", ""r1_bearing_right""], ""head_rotation_deg"": null, ""head_translation_m"": null, ""left_hand_translation_m"": null, ""removed_tool_ids"": [19, 21], ""right_hand_translation_m"": null, ""selected_step"": ""r1_bearing_left"", ""step_attempt"": 4, ""step_elapsed_s"": 5.375124964048155, ""step_event_index"": 30, ""total_hand_translation_m"": null, ""trial_finished_elapsed_s"": null, ""trial_recording"": true, ""trial_required_tool_ids"": [18, 34]}"
2026-09-04T14:04:58.751-04:00,kuber,gesture,tts_started,lifecycle,r1_bearing_left,Row 1.3: bearing into left stand,ready,4,31,,,,5.433312,,,,,,,,,,,,,,,,Row 3 left gear,,,,,"{""acquired_tool_ids"": [18], ""acquisition_complete"": false, ""completed_steps"": [""r2_bearing_right"", ""r1_bearing_right""], ""head_rotation_deg"": null, ""head_translation_m"": null, ""left_hand_translation_m"": null, ""removed_tool_ids"": [19, 21], ""right_hand_translation_m"": null, ""selected_step"": ""r1_bearing_left"", ""step_attempt"": 4, ""step_elapsed_s"": 5.433326769969426, ""step_event_index"": 31, ""total_hand_translation_m"": null, ""trial_finished_elapsed_s"": null, ""trial_recording"": true, ""trial_required_tool_ids"": [18, 34]}"
2026-09-04T14:04:58.805-04:00,kuber,gesture,tts_finished,lifecycle,r1_bearing_left,Row 1.3: bearing into left stand,ready,4,32,,,,5.486879,,,,,,,,,,,,,,,,Row 3 left gear,,,,,"{""acquired_tool_ids"": [18], ""acquisition_complete"": false, ""completed_steps"": [""r2_bearing_right"", ""r1_bearing_right""], ""head_rotation_deg"": null, ""head_translation_m"": null, ""left_hand_translation_m"": null, ""removed_tool_ids"": [19, 21], ""right_hand_translation_m"": null, ""selected_step"": ""r1_bearing_left"", ""step_attempt"": 4, ""step_elapsed_s"": 5.486889768042602, ""step_event_index"": 32, ""total_hand_translation_m"": null, ""trial_finished_elapsed_s"": null, ""trial_recording"": true, ""trial_required_tool_ids"": [18, 34]}"
2026-09-04T14:04:58.895-04:00,kuber,gesture,tts_started,lifecycle,r1_bearing_left,Row 1.3: bearing into left stand,ready,4,33,,,,5.577382,,,,,,,,,,,,,,,,bearing,,,,,"{""acquired_tool_ids"": [18], ""acquisition_complete"": false, ""completed_steps"": [""r2_bearing_right"", ""r1_bearing_right""], ""head_rotation_deg"": null, ""head_translation_m"": null, ""left_hand_translation_m"": null, ""removed_tool_ids"": [19, 21], ""right_hand_translation_m"": null, ""selected_step"": ""r1_bearing_left"", ""step_attempt"": 4, ""step_elapsed_s"": 5.577396414941177, ""step_event_index"": 33, ""total_hand_translation_m"": null, ""trial_finished_elapsed_s"": null, ""trial_recording"": true, ""trial_required_tool_ids"": [18, 34]}"
2026-09-04T14:04:59.116-04:00,kuber,gesture,part_selection,click,r1_bearing_left,Row 1.3: bearing into left stand,ready,4,34,34,BEARINGS,2.848899,5.797606,,,,,,,,,,,,,,,1,,,,,,"{""acquired_tool_ids"": [18, 34], ""acquisition_complete"": false, ""completed_steps"": [""r2_bearing_right"", ""r1_bearing_right""], ""head_rotation_deg"": null, ""head_translation_m"": null, ""left_hand_translation_m"": null, ""removed_tool_ids"": [19, 21], ""right_hand_translation_m"": null, ""selected_step"": ""r1_bearing_left"", ""step_attempt"": 4, ""step_elapsed_s"": 5.797669150051661, ""step_event_index"": 34, ""total_hand_translation_m"": null, ""trial_finished_elapsed_s"": null, ""trial_recording"": true, ""trial_required_tool_ids"": [18, 34]}"
2026-09-04T14:04:59.173-04:00,kuber,gesture,object_acquired,click,r1_bearing_left,Row 1.3: bearing into left stand,ready,4,35,34,BEARINGS,2.848899,5.797606,,,,,,,,,,,,,,,1,,,,,,"{""acquired_tool_ids"": [18, 34], ""acquisition_complete"": false, ""completed_steps"": [""r2_bearing_right"", ""r1_bearing_right""], ""head_rotation_deg"": null, ""head_translation_m"": null, ""left_hand_translation_m"": null, ""removed_tool_ids"": [19, 21], ""right_hand_translation_m"": null, ""selected_step"": ""r1_bearing_left"", ""step_attempt"": 4, ""step_elapsed_s"": 5.855169472051784, ""step_event_index"": 35, ""total_hand_translation_m"": null, ""trial_finished_elapsed_s"": null, ""trial_recording"": true, ""trial_required_tool_ids"": [18, 34]}"
2026-09-04T14:04:59.219-04:00,kuber,gesture,step_acquisition_complete,click,r1_bearing_left,Row 1.3: bearing into left stand,ready,4,36,,,,5.900016,0.063943,14.363323,0.151547,0.187331,0.338878,0.000000,4.405995,4.405995,76.586461,0,7,0.000000,0.136608,0.136608,,,,,,,"{""acquired_tool_ids"": [18, 34], ""acquisition_complete"": true, ""any_hover_time_s"": 4.405995154054835, ""completed_steps"": [""r2_bearing_right"", ""r1_bearing_right""], ""head_rotation_deg"": 14.363323440240164, ""head_translation_m"": 0.06394294185951942, ""hover_time_percent"": 76.58646063615438, ""left_hand_translation_m"": 0.15154691015860944, ""left_hover_episodes"": 0, ""left_hover_time_s"": 0.0, ""left_hover_translation_m"": 0.0, ""removed_tool_ids"": [18, 19, 21], ""right_hand_translation_m"": 0.187331444808702, ""right_hover_episodes"": 7, ""right_hover_time_s"": 4.405995154054835, ""right_hover_translation_m"": 0.13660822734265707, ""selected_step"": ""r1_bearing_left"", ""step_attempt"": 4, ""step_elapsed_s"": 5.900015588966198, ""step_event_index"": 36, ""total_hand_translation_m"": 0.33887835496731145, ""total_hover_translation_m"": 0.13660822734265707, ""trial_finished_elapsed_s"": 5.900015588966198, ""trial_recording"": false, ""trial_required_tool_ids"": [18, 34]}"
2026-09-04T14:04:59.288-04:00,kuber,gesture,graph_complete,,r1_bearing_left,Row 1.3: bearing into left stand,complete,4,37,,,,,,,,,,,,,,,,,,,,,,,,,"{""acquired_tool_ids"": [18, 34], ""acquisition_complete"": true, ""any_hover_time_s"": 4.405995154054835, ""completed_steps"": [""r2_bearing_right"", ""r1_bearing_right"", ""r1_bearing_left""], ""head_rotation_deg"": 14.363323440240164, ""head_translation_m"": 0.06394294185951942, ""hover_time_percent"": 76.58646063615438, ""left_hand_translation_m"": 0.15154691015860944, ""left_hover_episodes"": 0, ""left_hover_time_s"": 0.0, ""left_hover_translation_m"": 0.0, ""removed_tool_ids"": [18, 19, 21], ""right_hand_translation_m"": 0.187331444808702, ""right_hover_episodes"": 7, ""right_hover_time_s"": 4.405995154054835, ""right_hover_translation_m"": 0.13660822734265707, ""selected_step"": ""r1_bearing_left"", ""step_attempt"": 4, ""step_elapsed_s"": 5.900015588966198, ""step_event_index"": 37, ""total_hand_translation_m"": 0.33887835496731145, ""total_hover_translation_m"": 0.13660822734265707, ""trial_finished_elapsed_s"": 5.900015588966198, ""trial_recording"": false, ""trial_required_tool_ids"": [18, 34]}"
2026-09-04T14:05:12.451-04:00,kuber,gesture,step_started,keyboard,r2_gear_rod,Row 2.2: assemble gear rod,ready,5,1,,,,,,,,,,,,,,,,,,,,,,,,,"{""acquired_tool_ids"": [], ""acquisition_complete"": false, ""completed_steps"": [""r2_bearing_right"", ""r1_bearing_right"", ""r1_bearing_left""], ""head_rotation_deg"": null, ""head_translation_m"": null, ""left_hand_translation_m"": null, ""removed_tool_ids"": [18, 19, 21], ""right_hand_translation_m"": null, ""selected_step"": ""r2_gear_rod"", ""step_attempt"": 5, ""step_elapsed_s"": 0.0001394370337948203, ""step_event_index"": 1, ""total_hand_translation_m"": null, ""trial_finished_elapsed_s"": null, ""trial_recording"": true, ""trial_required_tool_ids"": [15, 27, 28, 33]}"
2026-09-04T14:05:13.208-04:00,kuber,gesture,hover,hover,r2_gear_rod,Row 2.2: assemble gear rod,ready,5,2,15,GEAR_ROD_ROW2,,,,,,,,,,,,,,,,,,,,,,,"{""acquired_tool_ids"": [], ""acquisition_complete"": false, ""completed_steps"": [""r2_bearing_right"", ""r1_bearing_right"", ""r1_bearing_left""], ""head_rotation_deg"": null, ""head_translation_m"": null, ""left_hand_translation_m"": null, ""removed_tool_ids"": [18, 19, 21], ""right_hand_translation_m"": null, ""selected_step"": ""r2_gear_rod"", ""step_attempt"": 5, ""step_elapsed_s"": 0.7576265459647402, ""step_event_index"": 2, ""total_hand_translation_m"": null, ""trial_finished_elapsed_s"": null, ""trial_recording"": true, ""trial_required_tool_ids"": [15, 27, 28, 33]}"
2026-09-04T14:05:13.230-04:00,kuber,gesture,tts_queued,lifecycle,r2_gear_rod,Row 2.2: assemble gear rod,ready,5,3,,,,0.779040,,,,,,,,,,,,,,,,Row 2 gear rod,,,replace_hover,,"{""acquired_tool_ids"": [], ""acquisition_complete"": false, ""completed_steps"": [""r2_bearing_right"", ""r1_bearing_right"", ""r1_bearing_left""], ""head_rotation_deg"": null, ""head_translation_m"": null, ""left_hand_translation_m"": null, ""removed_tool_ids"": [18, 19, 21], ""right_hand_translation_m"": null, ""selected_step"": ""r2_gear_rod"", ""step_attempt"": 5, ""step_elapsed_s"": 0.7790647660149261, ""step_event_index"": 3, ""total_hand_translation_m"": null, ""trial_finished_elapsed_s"": null, ""trial_recording"": true, ""trial_required_tool_ids"": [15, 27, 28, 33]}"
2026-09-04T14:05:13.280-04:00,kuber,gesture,tts_started,lifecycle,r2_gear_rod,Row 2.2: assemble gear rod,ready,5,4,,,,0.829466,,,,,,,,,,,,,,,,Row 2 gear rod,,,,,"{""acquired_tool_ids"": [], ""acquisition_complete"": false, ""completed_steps"": [""r2_bearing_right"", ""r1_bearing_right"", ""r1_bearing_left""], ""head_rotation_deg"": null, ""head_translation_m"": null, ""left_hand_translation_m"": null, ""removed_tool_ids"": [18, 19, 21], ""right_hand_translation_m"": null, ""selected_step"": ""r2_gear_rod"", ""step_attempt"": 5, ""step_elapsed_s"": 0.8294827579520643, ""step_event_index"": 4, ""total_hand_translation_m"": null, ""trial_finished_elapsed_s"": null, ""trial_recording"": true, ""trial_required_tool_ids"": [15, 27, 28, 33]}"
2026-09-04T14:05:13.748-04:00,kuber,gesture,hover,hover,r2_gear_rod,Row 2.2: assemble gear rod,ready,5,5,16,GEAR_ROD_ROW3,,,,,,,,,,,,,,,,,,,,,,,"{""acquired_tool_ids"": [], ""acquisition_complete"": false, ""completed_steps"": [""r2_bearing_right"", ""r1_bearing_right"", ""r1_bearing_left""], ""head_rotation_deg"": null, ""head_translation_m"": null, ""left_hand_translation_m"": null, ""removed_tool_ids"": [18, 19, 21], ""right_hand_translation_m"": null, ""selected_step"": ""r2_gear_rod"", ""step_attempt"": 5, ""step_elapsed_s"": 1.2976367169758305, ""step_event_index"": 5, ""total_hand_translation_m"": null, ""trial_finished_elapsed_s"": null, ""trial_recording"": true, ""trial_required_tool_ids"": [15, 27, 28, 33]}"
2026-09-04T14:05:13.786-04:00,kuber,gesture,tts_queued,lifecycle,r2_gear_rod,Row 2.2: assemble gear rod,ready,5,6,,,,1.335148,,,,,,,,,,,,,,,,Row 3 gear rod,,,replace_hover,,"{""acquired_tool_ids"": [], ""acquisition_complete"": false, ""completed_steps"": [""r2_bearing_right"", ""r1_bearing_right"", ""r1_bearing_left""], ""head_rotation_deg"": null, ""head_translation_m"": null, ""left_hand_translation_m"": null, ""removed_tool_ids"": [18, 19, 21], ""right_hand_translation_m"": null, ""selected_step"": ""r2_gear_rod"", ""step_attempt"": 5, ""step_elapsed_s"": 1.3351606540381908, ""step_event_index"": 6, ""total_hand_translation_m"": null, ""trial_finished_elapsed_s"": null, ""trial_recording"": true, ""trial_required_tool_ids"": [15, 27, 28, 33]}"
2026-09-04T14:05:13.833-04:00,kuber,gesture,tts_finished,lifecycle,r2_gear_rod,Row 2.2: assemble gear rod,ready,5,7,,,,1.381756,,,,,,,,,,,,,,,,Row 2 gear rod,,,,,"{""acquired_tool_ids"": [], ""acquisition_complete"": false, ""completed_steps"": [""r2_bearing_right"", ""r1_bearing_right"", ""r1_bearing_left""], ""head_rotation_deg"": null, ""head_translation_m"": null, ""left_hand_translation_m"": null, ""removed_tool_ids"": [18, 19, 21], ""right_hand_translation_m"": null, ""selected_step"": ""r2_gear_rod"", ""step_attempt"": 5, ""step_elapsed_s"": 1.3817703699460253, ""step_event_index"": 7, ""total_hand_translation_m"": null, ""trial_finished_elapsed_s"": null, ""trial_recording"": true, ""trial_required_tool_ids"": [15, 27, 28, 33]}"
2026-09-04T14:05:13.882-04:00,kuber,gesture,tts_started,lifecycle,r2_gear_rod,Row 2.2: assemble gear rod,ready,5,8,,,,1.431525,,,,,,,,,,,,,,,,Row 3 gear rod,,,,,"{""acquired_tool_ids"": [], ""acquisition_complete"": false, ""completed_steps"": [""r2_bearing_right"", ""r1_bearing_right"", ""r1_bearing_left""], ""head_rotation_deg"": null, ""head_translation_m"": null, ""left_hand_translation_m"": null, ""removed_tool_ids"": [18, 19, 21], ""right_hand_translation_m"": null, ""selected_step"": ""r2_gear_rod"", ""step_attempt"": 5, ""step_elapsed_s"": 1.4315379989566281, ""step_event_index"": 8, ""total_hand_translation_m"": null, ""trial_finished_elapsed_s"": null, ""trial_recording"": true, ""trial_required_tool_ids"": [15, 27, 28, 33]}"
2026-09-04T14:05:14.793-04:00,kuber,gesture,hover,hover,r2_gear_rod,Row 2.2: assemble gear rod,ready,5,9,15,GEAR_ROD_ROW2,,,,,,,,,,,,,,,,,,,,,,,"{""acquired_tool_ids"": [], ""acquisition_complete"": false, ""completed_steps"": [""r2_bearing_right"", ""r1_bearing_right"", ""r1_bearing_left""], ""head_rotation_deg"": null, ""head_translation_m"": null, ""left_hand_translation_m"": null, ""removed_tool_ids"": [18, 19, 21], ""right_hand_translation_m"": null, ""selected_step"": ""r2_gear_rod"", ""step_attempt"": 5, ""step_elapsed_s"": 2.3422230009455234, ""step_event_index"": 9, ""total_hand_translation_m"": null, ""trial_finished_elapsed_s"": null, ""trial_recording"": true, ""trial_required_tool_ids"": [15, 27, 28, 33]}"
2026-09-04T14:05:14.821-04:00,kuber,gesture,tts_queued,lifecycle,r2_gear_rod,Row 2.2: assemble gear rod,ready,5,10,,,,2.369771,,,,,,,,,,,,,,,,Row 2 gear rod,,,replace_hover,,"{""acquired_tool_ids"": [], ""acquisition_complete"": false, ""completed_steps"": [""r2_bearing_right"", ""r1_bearing_right"", ""r1_bearing_left""], ""head_rotation_deg"": null, ""head_translation_m"": null, ""left_hand_translation_m"": null, ""removed_tool_ids"": [18, 19, 21], ""right_hand_translation_m"": null, ""selected_step"": ""r2_gear_rod"", ""step_attempt"": 5, ""step_elapsed_s"": 2.3698008599458262, ""step_event_index"": 10, ""total_hand_translation_m"": null, ""trial_finished_elapsed_s"": null, ""trial_recording"": true, ""trial_required_tool_ids"": [15, 27, 28, 33]}"
2026-09-04T14:05:14.870-04:00,kuber,gesture,tts_finished,lifecycle,r2_gear_rod,Row 2.2: assemble gear rod,ready,5,11,,,,2.418920,,,,,,,,,,,,,,,,Row 3 gear rod,,,,,"{""acquired_tool_ids"": [], ""acquisition_complete"": false, ""completed_steps"": [""r2_bearing_right"", ""r1_bearing_right"", ""r1_bearing_left""], ""head_rotation_deg"": null, ""head_translation_m"": null, ""left_hand_translation_m"": null, ""removed_tool_ids"": [18, 19, 21], ""right_hand_translation_m"": null, ""selected_step"": ""r2_gear_rod"", ""step_attempt"": 5, ""step_elapsed_s"": 2.4189340620068833, ""step_event_index"": 11, ""total_hand_translation_m"": null, ""trial_finished_elapsed_s"": null, ""trial_recording"": true, ""trial_required_tool_ids"": [15, 27, 28, 33]}"
2026-09-04T14:05:14.918-04:00,kuber,gesture,tts_started,lifecycle,r2_gear_rod,Row 2.2: assemble gear rod,ready,5,12,,,,2.466979,,,,,,,,,,,,,,,,Row 2 gear rod,,,,,"{""acquired_tool_ids"": [], ""acquisition_complete"": false, ""completed_steps"": [""r2_bearing_right"", ""r1_bearing_right"", ""r1_bearing_left""], ""head_rotation_deg"": null, ""head_translation_m"": null, ""left_hand_translation_m"": null, ""removed_tool_ids"": [18, 19, 21], ""right_hand_translation_m"": null, ""selected_step"": ""r2_gear_rod"", ""step_attempt"": 5, ""step_elapsed_s"": 2.466993725975044, ""step_event_index"": 12, ""total_hand_translation_m"": null, ""trial_finished_elapsed_s"": null, ""trial_recording"": true, ""trial_required_tool_ids"": [15, 27, 28, 33]}"
2026-09-04T14:05:15.456-04:00,kuber,gesture,part_selection,click,r2_gear_rod,Row 2.2: assemble gear rod,ready,5,13,15,GEAR_ROD_ROW2,3.005097,3.005097,,,,,,,,,,,,,,,1,,,,,,"{""acquired_tool_ids"": [15], ""acquisition_complete"": false, ""completed_steps"": [""r2_bearing_right"", ""r1_bearing_right"", ""r1_bearing_left""], ""head_rotation_deg"": null, ""head_translation_m"": null, ""left_hand_translation_m"": null, ""removed_tool_ids"": [18, 19, 21], ""right_hand_translation_m"": null, ""selected_step"": ""r2_gear_rod"", ""step_attempt"": 5, ""step_elapsed_s"": 3.005154123995453, ""step_event_index"": 13, ""total_hand_translation_m"": null, ""trial_finished_elapsed_s"": null, ""trial_recording"": true, ""trial_required_tool_ids"": [15, 27, 28, 33]}"
2026-09-04T14:05:15.512-04:00,kuber,gesture,object_acquired,click,r2_gear_rod,Row 2.2: assemble gear rod,ready,5,14,15,GEAR_ROD_ROW2,3.005097,3.005097,,,,,,,,,,,,,,,1,,,,,,"{""acquired_tool_ids"": [15], ""acquisition_complete"": false, ""completed_steps"": [""r2_bearing_right"", ""r1_bearing_right"", ""r1_bearing_left""], ""head_rotation_deg"": null, ""head_translation_m"": null, ""left_hand_translation_m"": null, ""removed_tool_ids"": [18, 19, 21], ""right_hand_translation_m"": null, ""selected_step"": ""r2_gear_rod"", ""step_attempt"": 5, ""step_elapsed_s"": 3.0608836950268596, ""step_event_index"": 14, ""total_hand_translation_m"": null, ""trial_finished_elapsed_s"": null, ""trial_recording"": true, ""trial_required_tool_ids"": [15, 27, 28, 33]}"
2026-09-04T14:05:15.552-04:00,kuber,gesture,tts_queued,lifecycle,r2_gear_rod,Row 2.2: assemble gear rod,ready,5,15,,,,3.101564,,,,,,,,,,,,,,,,3 parts left.,,,replace,,"{""acquired_tool_ids"": [15], ""acquisition_complete"": false, ""completed_steps"": [""r2_bearing_right"", ""r1_bearing_right"", ""r1_bearing_left""], ""head_rotation_deg"": null, ""head_translation_m"": null, ""left_hand_translation_m"": null, ""removed_tool_ids"": [18, 19, 21], ""right_hand_translation_m"": null, ""selected_step"": ""r2_gear_rod"", ""step_attempt"": 5, ""step_elapsed_s"": 3.1015760770533234, ""step_event_index"": 15, ""total_hand_translation_m"": null, ""trial_finished_elapsed_s"": null, ""trial_recording"": true, ""trial_required_tool_ids"": [15, 27, 28, 33]}"
2026-09-04T14:05:15.621-04:00,kuber,gesture,tts_finished,lifecycle,r2_gear_rod,Row 2.2: assemble gear rod,ready,5,16,,,,3.169859,,,,,,,,,,,,,,,,Row 2 gear rod,,,,,"{""acquired_tool_ids"": [15], ""acquisition_complete"": false, ""completed_steps"": [""r2_bearing_right"", ""r1_bearing_right"", ""r1_bearing_left""], ""head_rotation_deg"": null, ""head_translation_m"": null, ""left_hand_translation_m"": null, ""removed_tool_ids"": [18, 19, 21], ""right_hand_translation_m"": null, ""selected_step"": ""r2_gear_rod"", ""step_attempt"": 5, ""step_elapsed_s"": 3.169869457022287, ""step_event_index"": 16, ""total_hand_translation_m"": null, ""trial_finished_elapsed_s"": null, ""trial_recording"": true, ""trial_required_tool_ids"": [15, 27, 28, 33]}"
2026-09-04T14:05:15.662-04:00,kuber,gesture,tts_started,lifecycle,r2_gear_rod,Row 2.2: assemble gear rod,ready,5,17,,,,3.210880,,,,,,,,,,,,,,,,3 parts left.,,,,,"{""acquired_tool_ids"": [15], ""acquisition_complete"": false, ""completed_steps"": [""r2_bearing_right"", ""r1_bearing_right"", ""r1_bearing_left""], ""head_rotation_deg"": null, ""head_translation_m"": null, ""left_hand_translation_m"": null, ""removed_tool_ids"": [18, 19, 21], ""right_hand_translation_m"": null, ""selected_step"": ""r2_gear_rod"", ""step_attempt"": 5, ""step_elapsed_s"": 3.2108915999997407, ""step_event_index"": 17, ""total_hand_translation_m"": null, ""trial_finished_elapsed_s"": null, ""trial_recording"": true, ""trial_required_tool_ids"": [15, 27, 28, 33]}"
2026-09-04T14:05:16.211-04:00,kuber,gesture,hover,hover,r2_gear_rod,Row 2.2: assemble gear rod,ready,5,18,16,GEAR_ROD_ROW3,,,,,,,,,,,,,,,,,,,,,,,"{""acquired_tool_ids"": [15], ""acquisition_complete"": false, ""completed_steps"": [""r2_bearing_right"", ""r1_bearing_right"", ""r1_bearing_left""], ""head_rotation_deg"": null, ""head_translation_m"": null, ""left_hand_translation_m"": null, ""removed_tool_ids"": [18, 19, 21], ""right_hand_translation_m"": null, ""selected_step"": ""r2_gear_rod"", ""step_attempt"": 5, ""step_elapsed_s"": 3.760565389995463, ""step_event_index"": 18, ""total_hand_translation_m"": null, ""trial_finished_elapsed_s"": null, ""trial_recording"": true, ""trial_required_tool_ids"": [15, 27, 28, 33]}"
2026-09-04T14:05:16.245-04:00,kuber,gesture,tts_queued,lifecycle,r2_gear_rod,Row 2.2: assemble gear rod,ready,5,19,,,,3.794558,,,,,,,,,,,,,,,,Row 3 gear rod,,,replace_hover,,"{""acquired_tool_ids"": [15], ""acquisition_complete"": false, ""completed_steps"": [""r2_bearing_right"", ""r1_bearing_right"", ""r1_bearing_left""], ""head_rotation_deg"": null, ""head_translation_m"": null, ""left_hand_translation_m"": null, ""removed_tool_ids"": [18, 19, 21], ""right_hand_translation_m"": null, ""selected_step"": ""r2_gear_rod"", ""step_attempt"": 5, ""step_elapsed_s"": 3.7945699780248106, ""step_event_index"": 19, ""total_hand_translation_m"": null, ""trial_finished_elapsed_s"": null, ""trial_recording"": true, ""trial_required_tool_ids"": [15, 27, 28, 33]}"
2026-09-04T14:05:16.316-04:00,kuber,gesture,hover,hover,r2_gear_rod,Row 2.2: assemble gear rod,ready,5,20,17,GEAR_ROD_ROW4,,,,,,,,,,,,,,,,,,,,,,,"{""acquired_tool_ids"": [15], ""acquisition_complete"": false, ""completed_steps"": [""r2_bearing_right"", ""r1_bearing_right"", ""r1_bearing_left""], ""head_rotation_deg"": null, ""head_translation_m"": null, ""left_hand_translation_m"": null, ""removed_tool_ids"": [18, 19, 21], ""right_hand_translation_m"": null, ""selected_step"": ""r2_gear_rod"", ""step_attempt"": 5, ""step_elapsed_s"": 3.8648467489983886, ""step_event_index"": 20, ""total_hand_translation_m"": null, ""trial_finished_elapsed_s"": null, ""trial_recording"": true, ""trial_required_tool_ids"": [15, 27, 28, 33]}"
2026-09-04T14:05:16.340-04:00,kuber,gesture,tts_queued,lifecycle,r2_gear_rod,Row 2.2: assemble gear rod,ready,5,21,,,,3.889148,,,,,,,,,,,,,,,,Row 4 gear rod,,,replace_hover,,"{""acquired_tool_ids"": [15], ""acquisition_complete"": false, ""completed_steps"": [""r2_bearing_right"", ""r1_bearing_right"", ""r1_bearing_left""], ""head_rotation_deg"": null, ""head_translation_m"": null, ""left_hand_translation_m"": null, ""removed_tool_ids"": [18, 19, 21], ""right_hand_translation_m"": null, ""selected_step"": ""r2_gear_rod"", ""step_attempt"": 5, ""step_elapsed_s"": 3.8891646299744025, ""step_event_index"": 21, ""total_hand_translation_m"": null, ""trial_finished_elapsed_s"": null, ""trial_recording"": true, ""trial_required_tool_ids"": [15, 27, 28, 33]}"
2026-09-04T14:05:16.400-04:00,kuber,gesture,tts_finished,lifecycle,r2_gear_rod,Row 2.2: assemble gear rod,ready,5,22,,,,3.948859,,,,,,,,,,,,,,,,3 parts left.,,,,,"{""acquired_tool_ids"": [15], ""acquisition_complete"": false, ""completed_steps"": [""r2_bearing_right"", ""r1_bearing_right"", ""r1_bearing_left""], ""head_rotation_deg"": null, ""head_translation_m"": null, ""left_hand_translation_m"": null, ""removed_tool_ids"": [18, 19, 21], ""right_hand_translation_m"": null, ""selected_step"": ""r2_gear_rod"", ""step_attempt"": 5, ""step_elapsed_s"": 3.948868455016054, ""step_event_index"": 22, ""total_hand_translation_m"": null, ""trial_finished_elapsed_s"": null, ""trial_recording"": true, ""trial_required_tool_ids"": [15, 27, 28, 33]}"
2026-09-04T14:05:16.435-04:00,kuber,gesture,tts_started,lifecycle,r2_gear_rod,Row 2.2: assemble gear rod,ready,5,23,,,,3.984306,,,,,,,,,,,,,,,,Row 3 gear rod,,,,,"{""acquired_tool_ids"": [15], ""acquisition_complete"": false, ""completed_steps"": [""r2_bearing_right"", ""r1_bearing_right"", ""r1_bearing_left""], ""head_rotation_deg"": null, ""head_translation_m"": null, ""left_hand_translation_m"": null, ""removed_tool_ids"": [18, 19, 21], ""right_hand_translation_m"": null, ""selected_step"": ""r2_gear_rod"", ""step_attempt"": 5, ""step_elapsed_s"": 3.984322814969346, ""step_event_index"": 23, ""total_hand_translation_m"": null, ""trial_finished_elapsed_s"": null, ""trial_recording"": true, ""trial_required_tool_ids"": [15, 27, 28, 33]}"
2026-09-04T14:05:16.505-04:00,kuber,gesture,tts_finished,lifecycle,r2_gear_rod,Row 2.2: assemble gear rod,ready,5,24,,,,4.054259,,,,,,,,,,,,,,,,Row 3 gear rod,,,,,"{""acquired_tool_ids"": [15], ""acquisition_complete"": false, ""completed_steps"": [""r2_bearing_right"", ""r1_bearing_right"", ""r1_bearing_left""], ""head_rotation_deg"": null, ""head_translation_m"": null, ""left_hand_translation_m"": null, ""removed_tool_ids"": [18, 19, 21], ""right_hand_translation_m"": null, ""selected_step"": ""r2_gear_rod"", ""step_attempt"": 5, ""step_elapsed_s"": 4.05427249497734, ""step_event_index"": 24, ""total_hand_translation_m"": null, ""trial_finished_elapsed_s"": null, ""trial_recording"": true, ""trial_required_tool_ids"": [15, 27, 28, 33]}"
2026-09-04T14:05:16.542-04:00,kuber,gesture,tts_started,lifecycle,r2_gear_rod,Row 2.2: assemble gear rod,ready,5,25,,,,4.091300,,,,,,,,,,,,,,,,Row 4 gear rod,,,,,"{""acquired_tool_ids"": [15], ""acquisition_complete"": false, ""completed_steps"": [""r2_bearing_right"", ""r1_bearing_right"", ""r1_bearing_left""], ""head_rotation_deg"": null, ""head_translation_m"": null, ""left_hand_translation_m"": null, ""removed_tool_ids"": [18, 19, 21], ""right_hand_translation_m"": null, ""selected_step"": ""r2_gear_rod"", ""step_attempt"": 5, ""step_elapsed_s"": 4.091312700998969, ""step_event_index"": 25, ""total_hand_translation_m"": null, ""trial_finished_elapsed_s"": null, ""trial_recording"": true, ""trial_required_tool_ids"": [15, 27, 28, 33]}"
2026-09-04T14:05:16.863-04:00,kuber,gesture,hover,hover,r2_gear_rod,Row 2.2: assemble gear rod,ready,5,26,29,GEAR_ROW3_LEFT,,,,,,,,,,,,,,,,,,,,,,,"{""acquired_tool_ids"": [15], ""acquisition_complete"": false, ""completed_steps"": [""r2_bearing_right"", ""r1_bearing_right"", ""r1_bearing_left""], ""head_rotation_deg"": null, ""head_translation_m"": null, ""left_hand_translation_m"": null, ""removed_tool_ids"": [18, 19, 21], ""right_hand_translation_m"": null, ""selected_step"": ""r2_gear_rod"", ""step_attempt"": 5, ""step_elapsed_s"": 4.4119458419736475, ""step_event_index"": 26, ""total_hand_translation_m"": null, ""trial_finished_elapsed_s"": null, ""trial_recording"": true, ""trial_required_tool_ids"": [15, 27, 28, 33]}"
2026-09-04T14:05:16.882-04:00,kuber,gesture,tts_queued,lifecycle,r2_gear_rod,Row 2.2: assemble gear rod,ready,5,27,,,,4.430812,,,,,,,,,,,,,,,,Row 3 left gear,,,replace_hover,,"{""acquired_tool_ids"": [15], ""acquisition_complete"": false, ""completed_steps"": [""r2_bearing_right"", ""r1_bearing_right"", ""r1_bearing_left""], ""head_rotation_deg"": null, ""head_translation_m"": null, ""left_hand_translation_m"": null, ""removed_tool_ids"": [18, 19, 21], ""right_hand_translation_m"": null, ""selected_step"": ""r2_gear_rod"", ""step_attempt"": 5, ""step_elapsed_s"": 4.430825602961704, ""step_event_index"": 27, ""total_hand_translation_m"": null, ""trial_finished_elapsed_s"": null, ""trial_recording"": true, ""trial_required_tool_ids"": [15, 27, 28, 33]}"
2026-09-04T14:05:16.936-04:00,kuber,gesture,tts_finished,lifecycle,r2_gear_rod,Row 2.2: assemble gear rod,ready,5,28,,,,4.484944,,,,,,,,,,,,,,,,Row 4 gear rod,,,,,"{""acquired_tool_ids"": [15], ""acquisition_complete"": false, ""completed_steps"": [""r2_bearing_right"", ""r1_bearing_right"", ""r1_bearing_left""], ""head_rotation_deg"": null, ""head_translation_m"": null, ""left_hand_translation_m"": null, ""removed_tool_ids"": [18, 19, 21], ""right_hand_translation_m"": null, ""selected_step"": ""r2_gear_rod"", ""step_attempt"": 5, ""step_elapsed_s"": 4.484961698995903, ""step_event_index"": 28, ""total_hand_translation_m"": null, ""trial_finished_elapsed_s"": null, ""trial_recording"": true, ""trial_required_tool_ids"": [15, 27, 28, 33]}"
2026-09-04T14:05:16.993-04:00,kuber,gesture,tts_started,lifecycle,r2_gear_rod,Row 2.2: assemble gear rod,ready,5,29,,,,4.542536,,,,,,,,,,,,,,,,Row 3 left gear,,,,,"{""acquired_tool_ids"": [15], ""acquisition_complete"": false, ""completed_steps"": [""r2_bearing_right"", ""r1_bearing_right"", ""r1_bearing_left""], ""head_rotation_deg"": null, ""head_translation_m"": null, ""left_hand_translation_m"": null, ""removed_tool_ids"": [18, 19, 21], ""right_hand_translation_m"": null, ""selected_step"": ""r2_gear_rod"", ""step_attempt"": 5, ""step_elapsed_s"": 4.542549228994176, ""step_event_index"": 29, ""total_hand_translation_m"": null, ""trial_finished_elapsed_s"": null, ""trial_recording"": true, ""trial_required_tool_ids"": [15, 27, 28, 33]}"
2026-09-04T14:05:17.091-04:00,kuber,gesture,hover,hover,r2_gear_rod,Row 2.2: assemble gear rod,ready,5,30,30,GEAR_ROW3_RIGHT,,,,,,,,,,,,,,,,,,,,,,,"{""acquired_tool_ids"": [15], ""acquisition_complete"": false, ""completed_steps"": [""r2_bearing_right"", ""r1_bearing_right"", ""r1_bearing_left""], ""head_rotation_deg"": null, ""head_translation_m"": null, ""left_hand_translation_m"": null, ""removed_tool_ids"": [18, 19, 21], ""right_hand_translation_m"": null, ""selected_step"": ""r2_gear_rod"", ""step_attempt"": 5, ""step_elapsed_s"": 4.639892130042426, ""step_event_index"": 30, ""total_hand_translation_m"": null, ""trial_finished_elapsed_s"": null, ""trial_recording"": true, ""trial_required_tool_ids"": [15, 27, 28, 33]}"
2026-09-04T14:05:17.132-04:00,kuber,gesture,tts_queued,lifecycle,r2_gear_rod,Row 2.2: assemble gear rod,ready,5,31,,,,4.680877,,,,,,,,,,,,,,,,Row 3 right gear,,,replace_hover,,"{""acquired_tool_ids"": [15], ""acquisition_complete"": false, ""completed_steps"": [""r2_bearing_right"", ""r1_bearing_right"", ""r1_bearing_left""], ""head_rotation_deg"": null, ""head_translation_m"": null, ""left_hand_translation_m"": null, ""removed_tool_ids"": [18, 19, 21], ""right_hand_translation_m"": null, ""selected_step"": ""r2_gear_rod"", ""step_attempt"": 5, ""step_elapsed_s"": 4.680887765018269, ""step_event_index"": 31, ""total_hand_translation_m"": null, ""trial_finished_elapsed_s"": null, ""trial_recording"": true, ""trial_required_tool_ids"": [15, 27, 28, 33]}"
2026-09-04T14:05:17.258-04:00,kuber,gesture,tts_finished,lifecycle,r2_gear_rod,Row 2.2: assemble gear rod,ready,5,32,,,,4.806919,,,,,,,,,,,,,,,,Row 3 left gear,,,,,"{""acquired_tool_ids"": [15], ""acquisition_complete"": false, ""completed_steps"": [""r2_bearing_right"", ""r1_bearing_right"", ""r1_bearing_left""], ""head_rotation_deg"": null, ""head_translation_m"": null, ""left_hand_translation_m"": null, ""removed_tool_ids"": [18, 19, 21], ""right_hand_translation_m"": null, ""selected_step"": ""r2_gear_rod"", ""step_attempt"": 5, ""step_elapsed_s"": 4.806932118954137, ""step_event_index"": 32, ""total_hand_translation_m"": null, ""trial_finished_elapsed_s"": null, ""trial_recording"": true, ""trial_required_tool_ids"": [15, 27, 28, 33]}"
2026-09-04T14:05:17.299-04:00,kuber,gesture,tts_started,lifecycle,r2_gear_rod,Row 2.2: assemble gear rod,ready,5,33,,,,4.848154,,,,,,,,,,,,,,,,Row 3 right gear,,,,,"{""acquired_tool_ids"": [15], ""acquisition_complete"": false, ""completed_steps"": [""r2_bearing_right"", ""r1_bearing_right"", ""r1_bearing_left""], ""head_rotation_deg"": null, ""head_translation_m"": null, ""left_hand_translation_m"": null, ""removed_tool_ids"": [18, 19, 21], ""right_hand_translation_m"": null, ""selected_step"": ""r2_gear_rod"", ""step_attempt"": 5, ""step_elapsed_s"": 4.848165140952915, ""step_event_index"": 33, ""total_hand_translation_m"": null, ""trial_finished_elapsed_s"": null, ""trial_recording"": true, ""trial_required_tool_ids"": [15, 27, 28, 33]}"
2026-09-04T14:05:17.374-04:00,kuber,gesture,hover,hover,r2_gear_rod,Row 2.2: assemble gear rod,ready,5,34,27,GEAR_ROW2_LEFT,,,,,,,,,,,,,,,,,,,,,,,"{""acquired_tool_ids"": [15], ""acquisition_complete"": false, ""completed_steps"": [""r2_bearing_right"", ""r1_bearing_right"", ""r1_bearing_left""], ""head_rotation_deg"": null, ""head_translation_m"": null, ""left_hand_translation_m"": null, ""removed_tool_ids"": [18, 19, 21], ""right_hand_translation_m"": null, ""selected_step"": ""r2_gear_rod"", ""step_attempt"": 5, ""step_elapsed_s"": 4.923210931010544, ""step_event_index"": 34, ""total_hand_translation_m"": null, ""trial_finished_elapsed_s"": null, ""trial_recording"": true, ""trial_required_tool_ids"": [15, 27, 28, 33]}"
2026-09-04T14:05:17.412-04:00,kuber,gesture,tts_queued,lifecycle,r2_gear_rod,Row 2.2: assemble gear rod,ready,5,35,,,,4.960951,,,,,,,,,,,,,,,,Row 2 left gear,,,replace_hover,,"{""acquired_tool_ids"": [15], ""acquisition_complete"": false, ""completed_steps"": [""r2_bearing_right"", ""r1_bearing_right"", ""r1_bearing_left""], ""head_rotation_deg"": null, ""head_translation_m"": null, ""left_hand_translation_m"": null, ""removed_tool_ids"": [18, 19, 21], ""right_hand_translation_m"": null, ""selected_step"": ""r2_gear_rod"", ""step_attempt"": 5, ""step_elapsed_s"": 4.960960743948817, ""step_event_index"": 35, ""total_hand_translation_m"": null, ""trial_finished_elapsed_s"": null, ""trial_recording"": true, ""trial_required_tool_ids"": [15, 27, 28, 33]}"
2026-09-04T14:05:17.453-04:00,kuber,gesture,tts_finished,lifecycle,r2_gear_rod,Row 2.2: assemble gear rod,ready,5,36,,,,5.001790,,,,,,,,,,,,,,,,Row 3 right gear,,,,,"{""acquired_tool_ids"": [15], ""acquisition_complete"": false, ""completed_steps"": [""r2_bearing_right"", ""r1_bearing_right"", ""r1_bearing_left""], ""head_rotation_deg"": null, ""head_translation_m"": null, ""left_hand_translation_m"": null, ""removed_tool_ids"": [18, 19, 21], ""right_hand_translation_m"": null, ""selected_step"": ""r2_gear_rod"", ""step_attempt"": 5, ""step_elapsed_s"": 5.001800845027901, ""step_event_index"": 36, ""total_hand_translation_m"": null, ""trial_finished_elapsed_s"": null, ""trial_recording"": true, ""trial_required_tool_ids"": [15, 27, 28, 33]}"
2026-09-04T14:05:17.509-04:00,kuber,gesture,tts_started,lifecycle,r2_gear_rod,Row 2.2: assemble gear rod,ready,5,37,,,,5.057954,,,,,,,,,,,,,,,,Row 2 left gear,,,,,"{""acquired_tool_ids"": [15], ""acquisition_complete"": false, ""completed_steps"": [""r2_bearing_right"", ""r1_bearing_right"", ""r1_bearing_left""], ""head_rotation_deg"": null, ""head_translation_m"": null, ""left_hand_translation_m"": null, ""removed_tool_ids"": [18, 19, 21], ""right_hand_translation_m"": null, ""selected_step"": ""r2_gear_rod"", ""step_attempt"": 5, ""step_elapsed_s"": 5.057968250010163, ""step_event_index"": 37, ""total_hand_translation_m"": null, ""trial_finished_elapsed_s"": null, ""trial_recording"": true, ""trial_required_tool_ids"": [15, 27, 28, 33]}"
2026-09-04T14:05:17.576-04:00,kuber,gesture,hover,hover,r2_gear_rod,Row 2.2: assemble gear rod,ready,5,38,28,GEAR_ROW2_RIGHT,,,,,,,,,,,,,,,,,,,,,,,"{""acquired_tool_ids"": [15], ""acquisition_complete"": false, ""completed_steps"": [""r2_bearing_right"", ""r1_bearing_right"", ""r1_bearing_left""], ""head_rotation_deg"": null, ""head_translation_m"": null, ""left_hand_translation_m"": null, ""removed_tool_ids"": [18, 19, 21], ""right_hand_translation_m"": null, ""selected_step"": ""r2_gear_rod"", ""step_attempt"": 5, ""step_elapsed_s"": 5.125531801022589, ""step_event_index"": 38, ""total_hand_translation_m"": null, ""trial_finished_elapsed_s"": null, ""trial_recording"": true, ""trial_required_tool_ids"": [15, 27, 28, 33]}"
2026-09-04T14:05:17.611-04:00,kuber,gesture,tts_queued,lifecycle,r2_gear_rod,Row 2.2: assemble gear rod,ready,5,39,,,,5.160156,,,,,,,,,,,,,,,,Row 2 right gear,,,replace_hover,,"{""acquired_tool_ids"": [15], ""acquisition_complete"": false, ""completed_steps"": [""r2_bearing_right"", ""r1_bearing_right"", ""r1_bearing_left""], ""head_rotation_deg"": null, ""head_translation_m"": null, ""left_hand_translation_m"": null, ""removed_tool_ids"": [18, 19, 21], ""right_hand_translation_m"": null, ""selected_step"": ""r2_gear_rod"", ""step_attempt"": 5, ""step_elapsed_s"": 5.160168987000361, ""step_event_index"": 39, ""total_hand_translation_m"": null, ""trial_finished_elapsed_s"": null, ""trial_recording"": true, ""trial_required_tool_ids"": [15, 27, 28, 33]}"
2026-09-04T14:05:17.679-04:00,kuber,gesture,tts_finished,lifecycle,r2_gear_rod,Row 2.2: assemble gear rod,ready,5,40,,,,5.228022,,,,,,,,,,,,,,,,Row 2 left gear,,,,,"{""acquired_tool_ids"": [15], ""acquisition_complete"": false, ""completed_steps"": [""r2_bearing_right"", ""r1_bearing_right"", ""r1_bearing_left""], ""head_rotation_deg"": null, ""head_translation_m"": null, ""left_hand_translation_m"": null, ""removed_tool_ids"": [18, 19, 21], ""right_hand_translation_m"": null, ""selected_step"": ""r2_gear_rod"", ""step_attempt"": 5, ""step_elapsed_s"": 5.228035319945775, ""step_event_index"": 40, ""total_hand_translation_m"": null, ""trial_finished_elapsed_s"": null, ""trial_recording"": true, ""trial_required_tool_ids"": [15, 27, 28, 33]}"
2026-09-04T14:05:17.777-04:00,kuber,gesture,tts_started,lifecycle,r2_gear_rod,Row 2.2: assemble gear rod,ready,5,41,,,,5.326370,,,,,,,,,,,,,,,,Row 2 right gear,,,,,"{""acquired_tool_ids"": [15], ""acquisition_complete"": false, ""completed_steps"": [""r2_bearing_right"", ""r1_bearing_right"", ""r1_bearing_left""], ""head_rotation_deg"": null, ""head_translation_m"": null, ""left_hand_translation_m"": null, ""removed_tool_ids"": [18, 19, 21], ""right_hand_translation_m"": null, ""selected_step"": ""r2_gear_rod"", ""step_attempt"": 5, ""step_elapsed_s"": 5.326381249004044, ""step_event_index"": 41, ""total_hand_translation_m"": null, ""trial_finished_elapsed_s"": null, ""trial_recording"": true, ""trial_required_tool_ids"": [15, 27, 28, 33]}"
2026-09-04T14:05:19.178-04:00,kuber,gesture,tts_finished,lifecycle,r2_gear_rod,Row 2.2: assemble gear rod,ready,5,42,,,,6.726704,,,,,,,,,,,,,,,,Row 2 right gear,,,,,"{""acquired_tool_ids"": [15], ""acquisition_complete"": false, ""completed_steps"": [""r2_bearing_right"", ""r1_bearing_right"", ""r1_bearing_left""], ""head_rotation_deg"": null, ""head_translation_m"": null, ""left_hand_translation_m"": null, ""removed_tool_ids"": [18, 19, 21], ""right_hand_translation_m"": null, ""selected_step"": ""r2_gear_rod"", ""step_attempt"": 5, ""step_elapsed_s"": 6.7267162799835205, ""step_event_index"": 42, ""total_hand_translation_m"": null, ""trial_finished_elapsed_s"": null, ""trial_recording"": true, ""trial_required_tool_ids"": [15, 27, 28, 33]}"
2026-09-04T14:05:19.268-04:00,kuber,gesture,part_selection,click,r2_gear_rod,Row 2.2: assemble gear rod,ready,5,43,28,GEAR_ROW2_RIGHT,3.812118,6.817215,,,,,,,,,,,,,,,1,,,,,,"{""acquired_tool_ids"": [15, 28], ""acquisition_complete"": false, ""completed_steps"": [""r2_bearing_right"", ""r1_bearing_right"", ""r1_bearing_left""], ""head_rotation_deg"": null, ""head_translation_m"": null, ""left_hand_translation_m"": null, ""removed_tool_ids"": [18, 19, 21], ""right_hand_translation_m"": null, ""selected_step"": ""r2_gear_rod"", ""step_attempt"": 5, ""step_elapsed_s"": 6.81730526604224, ""step_event_index"": 43, ""total_hand_translation_m"": null, ""trial_finished_elapsed_s"": null, ""trial_recording"": true, ""trial_required_tool_ids"": [15, 27, 28, 33]}"
2026-09-04T14:05:19.313-04:00,kuber,gesture,object_acquired,click,r2_gear_rod,Row 2.2: assemble gear rod,ready,5,44,28,GEAR_ROW2_RIGHT,3.812118,6.817215,,,,,,,,,,,,,,,1,,,,,,"{""acquired_tool_ids"": [15, 28], ""acquisition_complete"": false, ""completed_steps"": [""r2_bearing_right"", ""r1_bearing_right"", ""r1_bearing_left""], ""head_rotation_deg"": null, ""head_translation_m"": null, ""left_hand_translation_m"": null, ""removed_tool_ids"": [18, 19, 21], ""right_hand_translation_m"": null, ""selected_step"": ""r2_gear_rod"", ""step_attempt"": 5, ""step_elapsed_s"": 6.861753516946919, ""step_event_index"": 44, ""total_hand_translation_m"": null, ""trial_finished_elapsed_s"": null, ""trial_recording"": true, ""trial_required_tool_ids"": [15, 27, 28, 33]}"
2026-09-04T14:05:19.361-04:00,kuber,gesture,tts_queued,lifecycle,r2_gear_rod,Row 2.2: assemble gear rod,ready,5,45,,,,6.910083,,,,,,,,,,,,,,,,2 parts left.,,,replace,,"{""acquired_tool_ids"": [15, 28], ""acquisition_complete"": false, ""completed_steps"": [""r2_bearing_right"", ""r1_bearing_right"", ""r1_bearing_left""], ""head_rotation_deg"": null, ""head_translation_m"": null, ""left_hand_translation_m"": null, ""removed_tool_ids"": [18, 19, 21], ""right_hand_translation_m"": null, ""selected_step"": ""r2_gear_rod"", ""step_attempt"": 5, ""step_elapsed_s"": 6.910106998984702, ""step_event_index"": 45, ""total_hand_translation_m"": null, ""trial_finished_elapsed_s"": null, ""trial_recording"": true, ""trial_required_tool_ids"": [15, 27, 28, 33]}"
2026-09-04T14:05:19.414-04:00,kuber,gesture,tts_started,lifecycle,r2_gear_rod,Row 2.2: assemble gear rod,ready,5,46,,,,6.962882,,,,,,,,,,,,,,,,2 parts left.,,,,,"{""acquired_tool_ids"": [15, 28], ""acquisition_complete"": false, ""completed_steps"": [""r2_bearing_right"", ""r1_bearing_right"", ""r1_bearing_left""], ""head_rotation_deg"": null, ""head_translation_m"": null, ""left_hand_translation_m"": null, ""removed_tool_ids"": [18, 19, 21], ""right_hand_translation_m"": null, ""selected_step"": ""r2_gear_rod"", ""step_attempt"": 5, ""step_elapsed_s"": 6.962891601957381, ""step_event_index"": 46, ""total_hand_translation_m"": null, ""trial_finished_elapsed_s"": null, ""trial_recording"": true, ""trial_required_tool_ids"": [15, 27, 28, 33]}"
2026-09-04T14:05:20.138-04:00,kuber,gesture,hover,hover,r2_gear_rod,Row 2.2: assemble gear rod,ready,5,47,27,GEAR_ROW2_LEFT,,,,,,,,,,,,,,,,,,,,,,,"{""acquired_tool_ids"": [15, 28], ""acquisition_complete"": false, ""completed_steps"": [""r2_bearing_right"", ""r1_bearing_right"", ""r1_bearing_left""], ""head_rotation_deg"": null, ""head_translation_m"": null, ""left_hand_translation_m"": null, ""removed_tool_ids"": [18, 19, 21], ""right_hand_translation_m"": null, ""selected_step"": ""r2_gear_rod"", ""step_attempt"": 5, ""step_elapsed_s"": 7.686966435983777, ""step_event_index"": 47, ""total_hand_translation_m"": null, ""trial_finished_elapsed_s"": null, ""trial_recording"": true, ""trial_required_tool_ids"": [15, 27, 28, 33]}"
2026-09-04T14:05:20.212-04:00,kuber,gesture,tts_queued,lifecycle,r2_gear_rod,Row 2.2: assemble gear rod,ready,5,48,,,,7.760739,,,,,,,,,,,,,,,,Row 2 left gear,,,replace_hover,,"{""acquired_tool_ids"": [15, 28], ""acquisition_complete"": false, ""completed_steps"": [""r2_bearing_right"", ""r1_bearing_right"", ""r1_bearing_left""], ""head_rotation_deg"": null, ""head_translation_m"": null, ""left_hand_translation_m"": null, ""removed_tool_ids"": [18, 19, 21], ""right_hand_translation_m"": null, ""selected_step"": ""r2_gear_rod"", ""step_attempt"": 5, ""step_elapsed_s"": 7.760752122965641, ""step_event_index"": 48, ""total_hand_translation_m"": null, ""trial_finished_elapsed_s"": null, ""trial_recording"": true, ""trial_required_tool_ids"": [15, 27, 28, 33]}"
2026-09-04T14:05:20.288-04:00,kuber,gesture,tts_finished,lifecycle,r2_gear_rod,Row 2.2: assemble gear rod,ready,5,49,,,,7.836975,,,,,,,,,,,,,,,,2 parts left.,,,,,"{""acquired_tool_ids"": [15, 28], ""acquisition_complete"": false, ""completed_steps"": [""r2_bearing_right"", ""r1_bearing_right"", ""r1_bearing_left""], ""head_rotation_deg"": null, ""head_translation_m"": null, ""left_hand_translation_m"": null, ""removed_tool_ids"": [18, 19, 21], ""right_hand_translation_m"": null, ""selected_step"": ""r2_gear_rod"", ""step_attempt"": 5, ""step_elapsed_s"": 7.8369905119761825, ""step_event_index"": 49, ""total_hand_translation_m"": null, ""trial_finished_elapsed_s"": null, ""trial_recording"": true, ""trial_required_tool_ids"": [15, 27, 28, 33]}"
2026-09-04T14:05:20.355-04:00,kuber,gesture,tts_started,lifecycle,r2_gear_rod,Row 2.2: assemble gear rod,ready,5,50,,,,7.904163,,,,,,,,,,,,,,,,Row 2 left gear,,,,,"{""acquired_tool_ids"": [15, 28], ""acquisition_complete"": false, ""completed_steps"": [""r2_bearing_right"", ""r1_bearing_right"", ""r1_bearing_left""], ""head_rotation_deg"": null, ""head_translation_m"": null, ""left_hand_translation_m"": null, ""removed_tool_ids"": [18, 19, 21], ""right_hand_translation_m"": null, ""selected_step"": ""r2_gear_rod"", ""step_attempt"": 5, ""step_elapsed_s"": 7.904177215998061, ""step_event_index"": 50, ""total_hand_translation_m"": null, ""trial_finished_elapsed_s"": null, ""trial_recording"": true, ""trial_required_tool_ids"": [15, 27, 28, 33]}"
2026-09-04T14:05:21.192-04:00,kuber,gesture,hover,hover,r2_gear_rod,Row 2.2: assemble gear rod,ready,5,51,28,GEAR_ROW2_RIGHT,,,,,,,,,,,,,,,,,,,,,,,"{""acquired_tool_ids"": [15, 28], ""acquisition_complete"": false, ""completed_steps"": [""r2_bearing_right"", ""r1_bearing_right"", ""r1_bearing_left""], ""head_rotation_deg"": null, ""head_translation_m"": null, ""left_hand_translation_m"": null, ""removed_tool_ids"": [18, 19, 21], ""right_hand_translation_m"": null, ""selected_step"": ""r2_gear_rod"", ""step_attempt"": 5, ""step_elapsed_s"": 8.740745026036166, ""step_event_index"": 51, ""total_hand_translation_m"": null, ""trial_finished_elapsed_s"": null, ""trial_recording"": true, ""trial_required_tool_ids"": [15, 27, 28, 33]}"
2026-09-04T14:05:21.264-04:00,kuber,gesture,tts_queued,lifecycle,r2_gear_rod,Row 2.2: assemble gear rod,ready,5,52,,,,8.812781,,,,,,,,,,,,,,,,Row 2 right gear,,,replace_hover,,"{""acquired_tool_ids"": [15, 28], ""acquisition_complete"": false, ""completed_steps"": [""r2_bearing_right"", ""r1_bearing_right"", ""r1_bearing_left""], ""head_rotation_deg"": null, ""head_translation_m"": null, ""left_hand_translation_m"": null, ""removed_tool_ids"": [18, 19, 21], ""right_hand_translation_m"": null, ""selected_step"": ""r2_gear_rod"", ""step_attempt"": 5, ""step_elapsed_s"": 8.812793022021651, ""step_event_index"": 52, ""total_hand_translation_m"": null, ""trial_finished_elapsed_s"": null, ""trial_recording"": true, ""trial_required_tool_ids"": [15, 27, 28, 33]}"
2026-09-04T14:05:21.348-04:00,kuber,gesture,tts_finished,lifecycle,r2_gear_rod,Row 2.2: assemble gear rod,ready,5,53,,,,8.896902,,,,,,,,,,,,,,,,Row 2 left gear,,,,,"{""acquired_tool_ids"": [15, 28], ""acquisition_complete"": false, ""completed_steps"": [""r2_bearing_right"", ""r1_bearing_right"", ""r1_bearing_left""], ""head_rotation_deg"": null, ""head_translation_m"": null, ""left_hand_translation_m"": null, ""removed_tool_ids"": [18, 19, 21], ""right_hand_translation_m"": null, ""selected_step"": ""r2_gear_rod"", ""step_attempt"": 5, ""step_elapsed_s"": 8.89691467396915, ""step_event_index"": 53, ""total_hand_translation_m"": null, ""trial_finished_elapsed_s"": null, ""trial_recording"": true, ""trial_required_tool_ids"": [15, 27, 28, 33]}"
2026-09-04T14:05:21.415-04:00,kuber,gesture,tts_started,lifecycle,r2_gear_rod,Row 2.2: assemble gear rod,ready,5,54,,,,8.964194,,,,,,,,,,,,,,,,Row 2 right gear,,,,,"{""acquired_tool_ids"": [15, 28], ""acquisition_complete"": false, ""completed_steps"": [""r2_bearing_right"", ""r1_bearing_right"", ""r1_bearing_left""], ""head_rotation_deg"": null, ""head_translation_m"": null, ""left_hand_translation_m"": null, ""removed_tool_ids"": [18, 19, 21], ""right_hand_translation_m"": null, ""selected_step"": ""r2_gear_rod"", ""step_attempt"": 5, ""step_elapsed_s"": 8.964205126976594, ""step_event_index"": 54, ""total_hand_translation_m"": null, ""trial_finished_elapsed_s"": null, ""trial_recording"": true, ""trial_required_tool_ids"": [15, 27, 28, 33]}"
2026-09-04T14:05:22.184-04:00,kuber,gesture,hover,hover,r2_gear_rod,Row 2.2: assemble gear rod,ready,5,55,27,GEAR_ROW2_LEFT,,,,,,,,,,,,,,,,,,,,,,,"{""acquired_tool_ids"": [15, 28], ""acquisition_complete"": false, ""completed_steps"": [""r2_bearing_right"", ""r1_bearing_right"", ""r1_bearing_left""], ""head_rotation_deg"": null, ""head_translation_m"": null, ""left_hand_translation_m"": null, ""removed_tool_ids"": [18, 19, 21], ""right_hand_translation_m"": null, ""selected_step"": ""r2_gear_rod"", ""step_attempt"": 5, ""step_elapsed_s"": 9.733392099034972, ""step_event_index"": 55, ""total_hand_translation_m"": null, ""trial_finished_elapsed_s"": null, ""trial_recording"": true, ""trial_required_tool_ids"": [15, 27, 28, 33]}"
2026-09-04T14:05:22.220-04:00,kuber,gesture,tts_queued,lifecycle,r2_gear_rod,Row 2.2: assemble gear rod,ready,5,56,,,,9.769198,,,,,,,,,,,,,,,,Row 2 left gear,,,replace_hover,,"{""acquired_tool_ids"": [15, 28], ""acquisition_complete"": false, ""completed_steps"": [""r2_bearing_right"", ""r1_bearing_right"", ""r1_bearing_left""], ""head_rotation_deg"": null, ""head_translation_m"": null, ""left_hand_translation_m"": null, ""removed_tool_ids"": [18, 19, 21], ""right_hand_translation_m"": null, ""selected_step"": ""r2_gear_rod"", ""step_attempt"": 5, ""step_elapsed_s"": 9.769215304055251, ""step_event_index"": 56, ""total_hand_translation_m"": null, ""trial_finished_elapsed_s"": null, ""trial_recording"": true, ""trial_required_tool_ids"": [15, 27, 28, 33]}"
2026-09-04T14:05:22.279-04:00,kuber,gesture,tts_finished,lifecycle,r2_gear_rod,Row 2.2: assemble gear rod,ready,5,57,,,,9.827783,,,,,,,,,,,,,,,,Row 2 right gear,,,,,"{""acquired_tool_ids"": [15, 28], ""acquisition_complete"": false, ""completed_steps"": [""r2_bearing_right"", ""r1_bearing_right"", ""r1_bearing_left""], ""head_rotation_deg"": null, ""head_translation_m"": null, ""left_hand_translation_m"": null, ""removed_tool_ids"": [18, 19, 21], ""right_hand_translation_m"": null, ""selected_step"": ""r2_gear_rod"", ""step_attempt"": 5, ""step_elapsed_s"": 9.827794334036298, ""step_event_index"": 57, ""total_hand_translation_m"": null, ""trial_finished_elapsed_s"": null, ""trial_recording"": true, ""trial_required_tool_ids"": [15, 27, 28, 33]}"
2026-09-04T14:05:22.318-04:00,kuber,gesture,tts_started,lifecycle,r2_gear_rod,Row 2.2: assemble gear rod,ready,5,58,,,,9.866722,,,,,,,,,,,,,,,,Row 2 left gear,,,,,"{""acquired_tool_ids"": [15, 28], ""acquisition_complete"": false, ""completed_steps"": [""r2_bearing_right"", ""r1_bearing_right"", ""r1_bearing_left""], ""head_rotation_deg"": null, ""head_translation_m"": null, ""left_hand_translation_m"": null, ""removed_tool_ids"": [18, 19, 21], ""right_hand_translation_m"": null, ""selected_step"": ""r2_gear_rod"", ""step_attempt"": 5, ""step_elapsed_s"": 9.866733639966697, ""step_event_index"": 58, ""total_hand_translation_m"": null, ""trial_finished_elapsed_s"": null, ""trial_recording"": true, ""trial_required_tool_ids"": [15, 27, 28, 33]}"
2026-09-04T14:05:22.398-04:00,kuber,gesture,part_selection,click,r2_gear_rod,Row 2.2: assemble gear rod,ready,5,59,27,GEAR_ROW2_LEFT,3.129564,9.946779,,,,,,,,,,,,,,,1,,,,,,"{""acquired_tool_ids"": [15, 27, 28], ""acquisition_complete"": false, ""completed_steps"": [""r2_bearing_right"", ""r1_bearing_right"", ""r1_bearing_left""], ""head_rotation_deg"": null, ""head_translation_m"": null, ""left_hand_translation_m"": null, ""removed_tool_ids"": [18, 19, 21], ""right_hand_translation_m"": null, ""selected_step"": ""r2_gear_rod"", ""step_attempt"": 5, ""step_elapsed_s"": 9.946944606956095, ""step_event_index"": 59, ""total_hand_translation_m"": null, ""trial_finished_elapsed_s"": null, ""trial_recording"": true, ""trial_required_tool_ids"": [15, 27, 28, 33]}"
2026-09-04T14:05:22.438-04:00,kuber,gesture,object_acquired,click,r2_gear_rod,Row 2.2: assemble gear rod,ready,5,60,27,GEAR_ROW2_LEFT,3.129564,9.946779,,,,,,,,,,,,,,,1,,,,,,"{""acquired_tool_ids"": [15, 27, 28], ""acquisition_complete"": false, ""completed_steps"": [""r2_bearing_right"", ""r1_bearing_right"", ""r1_bearing_left""], ""head_rotation_deg"": null, ""head_translation_m"": null, ""left_hand_translation_m"": null, ""removed_tool_ids"": [18, 19, 21], ""right_hand_translation_m"": null, ""selected_step"": ""r2_gear_rod"", ""step_attempt"": 5, ""step_elapsed_s"": 9.98751030198764, ""step_event_index"": 60, ""total_hand_translation_m"": null, ""trial_finished_elapsed_s"": null, ""trial_recording"": true, ""trial_required_tool_ids"": [15, 27, 28, 33]}"
2026-09-04T14:05:22.477-04:00,kuber,gesture,tts_queued,lifecycle,r2_gear_rod,Row 2.2: assemble gear rod,ready,5,61,,,,10.026157,,,,,,,,,,,,,,,,1 part left.,,,replace,,"{""acquired_tool_ids"": [15, 27, 28], ""acquisition_complete"": false, ""completed_steps"": [""r2_bearing_right"", ""r1_bearing_right"", ""r1_bearing_left""], ""head_rotation_deg"": null, ""head_translation_m"": null, ""left_hand_translation_m"": null, ""removed_tool_ids"": [18, 19, 21], ""right_hand_translation_m"": null, ""selected_step"": ""r2_gear_rod"", ""step_attempt"": 5, ""step_elapsed_s"": 10.02617075596936, ""step_event_index"": 61, ""total_hand_translation_m"": null, ""trial_finished_elapsed_s"": null, ""trial_recording"": true, ""trial_required_tool_ids"": [15, 27, 28, 33]}"
2026-09-04T14:05:22.566-04:00,kuber,gesture,tts_finished,lifecycle,r2_gear_rod,Row 2.2: assemble gear rod,ready,5,62,,,,10.114795,,,,,,,,,,,,,,,,Row 2 left gear,,,,,"{""acquired_tool_ids"": [15, 27, 28], ""acquisition_complete"": false, ""completed_steps"": [""r2_bearing_right"", ""r1_bearing_right"", ""r1_bearing_left""], ""head_rotation_deg"": null, ""head_translation_m"": null, ""left_hand_translation_m"": null, ""removed_tool_ids"": [18, 19, 21], ""right_hand_translation_m"": null, ""selected_step"": ""r2_gear_rod"", ""step_attempt"": 5, ""step_elapsed_s"": 10.114806166966446, ""step_event_index"": 62, ""total_hand_translation_m"": null, ""trial_finished_elapsed_s"": null, ""trial_recording"": true, ""trial_required_tool_ids"": [15, 27, 28, 33]}"
2026-09-04T14:05:22.624-04:00,kuber,gesture,tts_started,lifecycle,r2_gear_rod,Row 2.2: assemble gear rod,ready,5,63,,,,10.172675,,,,,,,,,,,,,,,,1 part left.,,,,,"{""acquired_tool_ids"": [15, 27, 28], ""acquisition_complete"": false, ""completed_steps"": [""r2_bearing_right"", ""r1_bearing_right"", ""r1_bearing_left""], ""head_rotation_deg"": null, ""head_translation_m"": null, ""left_hand_translation_m"": null, ""removed_tool_ids"": [18, 19, 21], ""right_hand_translation_m"": null, ""selected_step"": ""r2_gear_rod"", ""step_attempt"": 5, ""step_elapsed_s"": 10.172690264997073, ""step_event_index"": 63, ""total_hand_translation_m"": null, ""trial_finished_elapsed_s"": null, ""trial_recording"": true, ""trial_required_tool_ids"": [15, 27, 28, 33]}"
2026-09-04T14:05:23.796-04:00,kuber,gesture,tts_finished,lifecycle,r2_gear_rod,Row 2.2: assemble gear rod,ready,5,64,,,,11.345615,,,,,,,,,,,,,,,,1 part left.,,,,,"{""acquired_tool_ids"": [15, 27, 28], ""acquisition_complete"": false, ""completed_steps"": [""r2_bearing_right"", ""r1_bearing_right"", ""r1_bearing_left""], ""head_rotation_deg"": null, ""head_translation_m"": null, ""left_hand_translation_m"": null, ""removed_tool_ids"": [18, 19, 21], ""right_hand_translation_m"": null, ""selected_step"": ""r2_gear_rod"", ""step_attempt"": 5, ""step_elapsed_s"": 11.345627759001218, ""step_event_index"": 64, ""total_hand_translation_m"": null, ""trial_finished_elapsed_s"": null, ""trial_recording"": true, ""trial_required_tool_ids"": [15, 27, 28, 33]}"
2026-09-04T14:05:24.202-04:00,kuber,gesture,hover,hover,r2_gear_rod,Row 2.2: assemble gear rod,ready,5,65,34,BEARINGS,,,,,,,,,,,,,,,,,,,,,,,"{""acquired_tool_ids"": [15, 27, 28], ""acquisition_complete"": false, ""completed_steps"": [""r2_bearing_right"", ""r1_bearing_right"", ""r1_bearing_left""], ""head_rotation_deg"": null, ""head_translation_m"": null, ""left_hand_translation_m"": null, ""removed_tool_ids"": [18, 19, 21], ""right_hand_translation_m"": null, ""selected_step"": ""r2_gear_rod"", ""step_attempt"": 5, ""step_elapsed_s"": 11.751231719972566, ""step_event_index"": 65, ""total_hand_translation_m"": null, ""trial_finished_elapsed_s"": null, ""trial_recording"": true, ""trial_required_tool_ids"": [15, 27, 28, 33]}"
2026-09-04T14:05:24.248-04:00,kuber,gesture,tts_queued,lifecycle,r2_gear_rod,Row 2.2: assemble gear rod,ready,5,66,,,,11.797394,,,,,,,,,,,,,,,,bearing,,,replace_hover,,"{""acquired_tool_ids"": [15, 27, 28], ""acquisition_complete"": false, ""completed_steps"": [""r2_bearing_right"", ""r1_bearing_right"", ""r1_bearing_left""], ""head_rotation_deg"": null, ""head_translation_m"": null, ""left_hand_translation_m"": null, ""removed_tool_ids"": [18, 19, 21], ""right_hand_translation_m"": null, ""selected_step"": ""r2_gear_rod"", ""step_attempt"": 5, ""step_elapsed_s"": 11.797417263034731, ""step_event_index"": 66, ""total_hand_translation_m"": null, ""trial_finished_elapsed_s"": null, ""trial_recording"": true, ""trial_required_tool_ids"": [15, 27, 28, 33]}"
2026-09-04T14:05:24.338-04:00,kuber,gesture,tts_started,lifecycle,r2_gear_rod,Row 2.2: assemble gear rod,ready,5,67,,,,11.887042,,,,,,,,,,,,,,,,bearing,,,,,"{""acquired_tool_ids"": [15, 27, 28], ""acquisition_complete"": false, ""completed_steps"": [""r2_bearing_right"", ""r1_bearing_right"", ""r1_bearing_left""], ""head_rotation_deg"": null, ""head_translation_m"": null, ""left_hand_translation_m"": null, ""removed_tool_ids"": [18, 19, 21], ""right_hand_translation_m"": null, ""selected_step"": ""r2_gear_rod"", ""step_attempt"": 5, ""step_elapsed_s"": 11.887063003960066, ""step_event_index"": 67, ""total_hand_translation_m"": null, ""trial_finished_elapsed_s"": null, ""trial_recording"": true, ""trial_required_tool_ids"": [15, 27, 28, 33]}"
2026-09-04T14:05:24.440-04:00,kuber,gesture,hover,hover,r2_gear_rod,Row 2.2: assemble gear rod,ready,5,68,27,GEAR_ROW2_LEFT,,,,,,,,,,,,,,,,,,,,,,,"{""acquired_tool_ids"": [15, 27, 28], ""acquisition_complete"": false, ""completed_steps"": [""r2_bearing_right"", ""r1_bearing_right"", ""r1_bearing_left""], ""head_rotation_deg"": null, ""head_translation_m"": null, ""left_hand_translation_m"": null, ""removed_tool_ids"": [18, 19, 21], ""right_hand_translation_m"": null, ""selected_step"": ""r2_gear_rod"", ""step_attempt"": 5, ""step_elapsed_s"": 11.988839532947168, ""step_event_index"": 68, ""total_hand_translation_m"": null, ""trial_finished_elapsed_s"": null, ""trial_recording"": true, ""trial_required_tool_ids"": [15, 27, 28, 33]}"
2026-09-04T14:05:24.541-04:00,kuber,gesture,tts_queued,lifecycle,r2_gear_rod,Row 2.2: assemble gear rod,ready,5,69,,,,12.090388,,,,,,,,,,,,,,,,Row 2 left gear,,,replace_hover,,"{""acquired_tool_ids"": [15, 27, 28], ""acquisition_complete"": false, ""completed_steps"": [""r2_bearing_right"", ""r1_bearing_right"", ""r1_bearing_left""], ""head_rotation_deg"": null, ""head_translation_m"": null, ""left_hand_translation_m"": null, ""removed_tool_ids"": [18, 19, 21], ""right_hand_translation_m"": null, ""selected_step"": ""r2_gear_rod"", ""step_attempt"": 5, ""step_elapsed_s"": 12.09040169394575, ""step_event_index"": 69, ""total_hand_translation_m"": null, ""trial_finished_elapsed_s"": null, ""trial_recording"": true, ""trial_required_tool_ids"": [15, 27, 28, 33]}"
2026-09-04T14:05:24.653-04:00,kuber,gesture,tts_finished,lifecycle,r2_gear_rod,Row 2.2: assemble gear rod,ready,5,70,,,,12.201660,,,,,,,,,,,,,,,,bearing,,,,,"{""acquired_tool_ids"": [15, 27, 28], ""acquisition_complete"": false, ""completed_steps"": [""r2_bearing_right"", ""r1_bearing_right"", ""r1_bearing_left""], ""head_rotation_deg"": null, ""head_translation_m"": null, ""left_hand_translation_m"": null, ""removed_tool_ids"": [18, 19, 21], ""right_hand_translation_m"": null, ""selected_step"": ""r2_gear_rod"", ""step_attempt"": 5, ""step_elapsed_s"": 12.201671891962178, ""step_event_index"": 70, ""total_hand_translation_m"": null, ""trial_finished_elapsed_s"": null, ""trial_recording"": true, ""trial_required_tool_ids"": [15, 27, 28, 33]}"
2026-09-04T14:05:24.734-04:00,kuber,gesture,tts_started,lifecycle,r2_gear_rod,Row 2.2: assemble gear rod,ready,5,71,,,,12.283219,,,,,,,,,,,,,,,,Row 2 left gear,,,,,"{""acquired_tool_ids"": [15, 27, 28], ""acquisition_complete"": false, ""completed_steps"": [""r2_bearing_right"", ""r1_bearing_right"", ""r1_bearing_left""], ""head_rotation_deg"": null, ""head_translation_m"": null, ""left_hand_translation_m"": null, ""removed_tool_ids"": [18, 19, 21], ""right_hand_translation_m"": null, ""selected_step"": ""r2_gear_rod"", ""step_attempt"": 5, ""step_elapsed_s"": 12.283229900989681, ""step_event_index"": 71, ""total_hand_translation_m"": null, ""trial_finished_elapsed_s"": null, ""trial_recording"": true, ""trial_required_tool_ids"": [15, 27, 28, 33]}"
2026-09-04T14:05:24.853-04:00,kuber,gesture,hover,hover,r2_gear_rod,Row 2.2: assemble gear rod,ready,5,72,30,GEAR_ROW3_RIGHT,,,,,,,,,,,,,,,,,,,,,,,"{""acquired_tool_ids"": [15, 27, 28], ""acquisition_complete"": false, ""completed_steps"": [""r2_bearing_right"", ""r1_bearing_right"", ""r1_bearing_left""], ""head_rotation_deg"": null, ""head_translation_m"": null, ""left_hand_translation_m"": null, ""removed_tool_ids"": [18, 19, 21], ""right_hand_translation_m"": null, ""selected_step"": ""r2_gear_rod"", ""step_attempt"": 5, ""step_elapsed_s"": 12.402102367021143, ""step_event_index"": 72, ""total_hand_translation_m"": null, ""trial_finished_elapsed_s"": null, ""trial_recording"": true, ""trial_required_tool_ids"": [15, 27, 28, 33]}"
2026-09-04T14:05:24.934-04:00,kuber,gesture,tts_queued,lifecycle,r2_gear_rod,Row 2.2: assemble gear rod,ready,5,73,,,,12.483479,,,,,,,,,,,,,,,,Row 3 right gear,,,replace_hover,,"{""acquired_tool_ids"": [15, 27, 28], ""acquisition_complete"": false, ""completed_steps"": [""r2_bearing_right"", ""r1_bearing_right"", ""r1_bearing_left""], ""head_rotation_deg"": null, ""head_translation_m"": null, ""left_hand_translation_m"": null, ""removed_tool_ids"": [18, 19, 21], ""right_hand_translation_m"": null, ""selected_step"": ""r2_gear_rod"", ""step_attempt"": 5, ""step_elapsed_s"": 12.483491276972927, ""step_event_index"": 73, ""total_hand_translation_m"": null, ""trial_finished_elapsed_s"": null, ""trial_recording"": true, ""trial_required_tool_ids"": [15, 27, 28, 33]}"
2026-09-04T14:05:25.037-04:00,kuber,gesture,tts_finished,lifecycle,r2_gear_rod,Row 2.2: assemble gear rod,ready,5,74,,,,12.586553,,,,,,,,,,,,,,,,Row 2 left gear,,,,,"{""acquired_tool_ids"": [15, 27, 28], ""acquisition_complete"": false, ""completed_steps"": [""r2_bearing_right"", ""r1_bearing_right"", ""r1_bearing_left""], ""head_rotation_deg"": null, ""head_translation_m"": null, ""left_hand_translation_m"": null, ""removed_tool_ids"": [18, 19, 21], ""right_hand_translation_m"": null, ""selected_step"": ""r2_gear_rod"", ""step_attempt"": 5, ""step_elapsed_s"": 12.58656278194394, ""step_event_index"": 74, ""total_hand_translation_m"": null, ""trial_finished_elapsed_s"": null, ""trial_recording"": true, ""trial_required_tool_ids"": [15, 27, 28, 33]}"
2026-09-04T14:05:25.119-04:00,kuber,gesture,tts_started,lifecycle,r2_gear_rod,Row 2.2: assemble gear rod,ready,5,75,,,,12.667796,,,,,,,,,,,,,,,,Row 3 right gear,,,,,"{""acquired_tool_ids"": [15, 27, 28], ""acquisition_complete"": false, ""completed_steps"": [""r2_bearing_right"", ""r1_bearing_right"", ""r1_bearing_left""], ""head_rotation_deg"": null, ""head_translation_m"": null, ""left_hand_translation_m"": null, ""removed_tool_ids"": [18, 19, 21], ""right_hand_translation_m"": null, ""selected_step"": ""r2_gear_rod"", ""step_attempt"": 5, ""step_elapsed_s"": 12.667808710015379, ""step_event_index"": 75, ""total_hand_translation_m"": null, ""trial_finished_elapsed_s"": null, ""trial_recording"": true, ""trial_required_tool_ids"": [15, 27, 28, 33]}"
2026-09-04T14:05:25.226-04:00,kuber,gesture,hover,hover,r2_gear_rod,Row 2.2: assemble gear rod,ready,5,76,29,GEAR_ROW3_LEFT,,,,,,,,,,,,,,,,,,,,,,,"{""acquired_tool_ids"": [15, 27, 28], ""acquisition_complete"": false, ""completed_steps"": [""r2_bearing_right"", ""r1_bearing_right"", ""r1_bearing_left""], ""head_rotation_deg"": null, ""head_translation_m"": null, ""left_hand_translation_m"": null, ""removed_tool_ids"": [18, 19, 21], ""right_hand_translation_m"": null, ""selected_step"": ""r2_gear_rod"", ""step_attempt"": 5, ""step_elapsed_s"": 12.774861808051355, ""step_event_index"": 76, ""total_hand_translation_m"": null, ""trial_finished_elapsed_s"": null, ""trial_recording"": true, ""trial_required_tool_ids"": [15, 27, 28, 33]}"
2026-09-04T14:05:25.284-04:00,kuber,gesture,tts_queued,lifecycle,r2_gear_rod,Row 2.2: assemble gear rod,ready,5,77,,,,12.833484,,,,,,,,,,,,,,,,Row 3 left gear,,,replace_hover,,"{""acquired_tool_ids"": [15, 27, 28], ""acquisition_complete"": false, ""completed_steps"": [""r2_bearing_right"", ""r1_bearing_right"", ""r1_bearing_left""], ""head_rotation_deg"": null, ""head_translation_m"": null, ""left_hand_translation_m"": null, ""removed_tool_ids"": [18, 19, 21], ""right_hand_translation_m"": null, ""selected_step"": ""r2_gear_rod"", ""step_attempt"": 5, ""step_elapsed_s"": 12.833495863946155, ""step_event_index"": 77, ""total_hand_translation_m"": null, ""trial_finished_elapsed_s"": null, ""trial_recording"": true, ""trial_required_tool_ids"": [15, 27, 28, 33]}"
2026-09-04T14:05:25.344-04:00,kuber,gesture,tts_finished,lifecycle,r2_gear_rod,Row 2.2: assemble gear rod,ready,5,78,,,,12.892675,,,,,,,,,,,,,,,,Row 3 right gear,,,,,"{""acquired_tool_ids"": [15, 27, 28], ""acquisition_complete"": false, ""completed_steps"": [""r2_bearing_right"", ""r1_bearing_right"", ""r1_bearing_left""], ""head_rotation_deg"": null, ""head_translation_m"": null, ""left_hand_translation_m"": null, ""removed_tool_ids"": [18, 19, 21], ""right_hand_translation_m"": null, ""selected_step"": ""r2_gear_rod"", ""step_attempt"": 5, ""step_elapsed_s"": 12.892687725019641, ""step_event_index"": 78, ""total_hand_translation_m"": null, ""trial_finished_elapsed_s"": null, ""trial_recording"": true, ""trial_required_tool_ids"": [15, 27, 28, 33]}"
2026-09-04T14:05:25.391-04:00,kuber,gesture,tts_started,lifecycle,r2_gear_rod,Row 2.2: assemble gear rod,ready,5,79,,,,12.940016,,,,,,,,,,,,,,,,Row 3 left gear,,,,,"{""acquired_tool_ids"": [15, 27, 28], ""acquisition_complete"": false, ""completed_steps"": [""r2_bearing_right"", ""r1_bearing_right"", ""r1_bearing_left""], ""head_rotation_deg"": null, ""head_translation_m"": null, ""left_hand_translation_m"": null, ""removed_tool_ids"": [18, 19, 21], ""right_hand_translation_m"": null, ""selected_step"": ""r2_gear_rod"", ""step_attempt"": 5, ""step_elapsed_s"": 12.940027837990783, ""step_event_index"": 79, ""total_hand_translation_m"": null, ""trial_finished_elapsed_s"": null, ""trial_recording"": true, ""trial_required_tool_ids"": [15, 27, 28, 33]}"
2026-09-04T14:05:26.879-04:00,kuber,gesture,hover,hover,r2_gear_rod,Row 2.2: assemble gear rod,ready,5,80,30,GEAR_ROW3_RIGHT,,,,,,,,,,,,,,,,,,,,,,,"{""acquired_tool_ids"": [15, 27, 28], ""acquisition_complete"": false, ""completed_steps"": [""r2_bearing_right"", ""r1_bearing_right"", ""r1_bearing_left""], ""head_rotation_deg"": null, ""head_translation_m"": null, ""left_hand_translation_m"": null, ""removed_tool_ids"": [18, 19, 21], ""right_hand_translation_m"": null, ""selected_step"": ""r2_gear_rod"", ""step_attempt"": 5, ""step_elapsed_s"": 14.42775386304129, ""step_event_index"": 80, ""total_hand_translation_m"": null, ""trial_finished_elapsed_s"": null, ""trial_recording"": true, ""trial_required_tool_ids"": [15, 27, 28, 33]}"
2026-09-04T14:05:26.935-04:00,kuber,gesture,tts_queued,lifecycle,r2_gear_rod,Row 2.2: assemble gear rod,ready,5,81,,,,14.484242,,,,,,,,,,,,,,,,Row 3 right gear,,,replace_hover,,"{""acquired_tool_ids"": [15, 27, 28], ""acquisition_complete"": false, ""completed_steps"": [""r2_bearing_right"", ""r1_bearing_right"", ""r1_bearing_left""], ""head_rotation_deg"": null, ""head_translation_m"": null, ""left_hand_translation_m"": null, ""removed_tool_ids"": [18, 19, 21], ""right_hand_translation_m"": null, ""selected_step"": ""r2_gear_rod"", ""step_attempt"": 5, ""step_elapsed_s"": 14.484272817033343, ""step_event_index"": 81, ""total_hand_translation_m"": null, ""trial_finished_elapsed_s"": null, ""trial_recording"": true, ""trial_required_tool_ids"": [15, 27, 28, 33]}"
2026-09-04T14:05:27.000-04:00,kuber,gesture,tts_finished,lifecycle,r2_gear_rod,Row 2.2: assemble gear rod,ready,5,82,,,,14.549422,,,,,,,,,,,,,,,,Row 3 left gear,,,,,"{""acquired_tool_ids"": [15, 27, 28], ""acquisition_complete"": false, ""completed_steps"": [""r2_bearing_right"", ""r1_bearing_right"", ""r1_bearing_left""], ""head_rotation_deg"": null, ""head_translation_m"": null, ""left_hand_translation_m"": null, ""removed_tool_ids"": [18, 19, 21], ""right_hand_translation_m"": null, ""selected_step"": ""r2_gear_rod"", ""step_attempt"": 5, ""step_elapsed_s"": 14.549436692963354, ""step_event_index"": 82, ""total_hand_translation_m"": null, ""trial_finished_elapsed_s"": null, ""trial_recording"": true, ""trial_required_tool_ids"": [15, 27, 28, 33]}"
2026-09-04T14:05:27.086-04:00,kuber,gesture,tts_started,lifecycle,r2_gear_rod,Row 2.2: assemble gear rod,ready,5,83,,,,14.635273,,,,,,,,,,,,,,,,Row 3 right gear,,,,,"{""acquired_tool_ids"": [15, 27, 28], ""acquisition_complete"": false, ""completed_steps"": [""r2_bearing_right"", ""r1_bearing_right"", ""r1_bearing_left""], ""head_rotation_deg"": null, ""head_translation_m"": null, ""left_hand_translation_m"": null, ""removed_tool_ids"": [18, 19, 21], ""right_hand_translation_m"": null, ""selected_step"": ""r2_gear_rod"", ""step_attempt"": 5, ""step_elapsed_s"": 14.63528560101986, ""step_event_index"": 83, ""total_hand_translation_m"": null, ""trial_finished_elapsed_s"": null, ""trial_recording"": true, ""trial_required_tool_ids"": [15, 27, 28, 33]}"
2026-09-04T14:05:27.931-04:00,kuber,gesture,hover,hover,r2_gear_rod,Row 2.2: assemble gear rod,ready,5,84,23,GEAR_STAND_ROW3_RIGHT,,,,,,,,,,,,,,,,,,,,,,,"{""acquired_tool_ids"": [15, 27, 28], ""acquisition_complete"": false, ""completed_steps"": [""r2_bearing_right"", ""r1_bearing_right"", ""r1_bearing_left""], ""head_rotation_deg"": null, ""head_translation_m"": null, ""left_hand_translation_m"": null, ""removed_tool_ids"": [18, 19, 21], ""right_hand_translation_m"": null, ""selected_step"": ""r2_gear_rod"", ""step_attempt"": 5, ""step_elapsed_s"": 15.47991815698333, ""step_event_index"": 84, ""total_hand_translation_m"": null, ""trial_finished_elapsed_s"": null, ""trial_recording"": true, ""trial_required_tool_ids"": [15, 27, 28, 33]}"
2026-09-04T14:05:28.099-04:00,kuber,gesture,tts_queued,lifecycle,r2_gear_rod,Row 2.2: assemble gear rod,ready,5,85,,,,15.648475,,,,,,,,,,,,,,,,Row 3 right stand,,,replace_hover,,"{""acquired_tool_ids"": [15, 27, 28], ""acquisition_complete"": false, ""completed_steps"": [""r2_bearing_right"", ""r1_bearing_right"", ""r1_bearing_left""], ""head_rotation_deg"": null, ""head_translation_m"": null, ""left_hand_translation_m"": null, ""removed_tool_ids"": [18, 19, 21], ""right_hand_translation_m"": null, ""selected_step"": ""r2_gear_rod"", ""step_attempt"": 5, ""step_elapsed_s"": 15.648486793972552, ""step_event_index"": 85, ""total_hand_translation_m"": null, ""trial_finished_elapsed_s"": null, ""trial_recording"": true, ""trial_required_tool_ids"": [15, 27, 28, 33]}"
2026-09-04T14:05:28.275-04:00,kuber,gesture,tts_finished,lifecycle,r2_gear_rod,Row 2.2: assemble gear rod,ready,5,86,,,,15.824156,,,,,,,,,,,,,,,,Row 3 right gear,,,,,"{""acquired_tool_ids"": [15, 27, 28], ""acquisition_complete"": false, ""completed_steps"": [""r2_bearing_right"", ""r1_bearing_right"", ""r1_bearing_left""], ""head_rotation_deg"": null, ""head_translation_m"": null, ""left_hand_translation_m"": null, ""removed_tool_ids"": [18, 19, 21], ""right_hand_translation_m"": null, ""selected_step"": ""r2_gear_rod"", ""step_attempt"": 5, ""step_elapsed_s"": 15.824164172052406, ""step_event_index"": 86, ""total_hand_translation_m"": null, ""trial_finished_elapsed_s"": null, ""trial_recording"": true, ""trial_required_tool_ids"": [15, 27, 28, 33]}"
2026-09-04T14:05:28.405-04:00,kuber,gesture,tts_started,lifecycle,r2_gear_rod,Row 2.2: assemble gear rod,ready,5,87,,,,15.953769,,,,,,,,,,,,,,,,Row 3 right stand,,,,,"{""acquired_tool_ids"": [15, 27, 28], ""acquisition_complete"": false, ""completed_steps"": [""r2_bearing_right"", ""r1_bearing_right"", ""r1_bearing_left""], ""head_rotation_deg"": null, ""head_translation_m"": null, ""left_hand_translation_m"": null, ""removed_tool_ids"": [18, 19, 21], ""right_hand_translation_m"": null, ""selected_step"": ""r2_gear_rod"", ""step_attempt"": 5, ""step_elapsed_s"": 15.953780852025375, ""step_event_index"": 87, ""total_hand_translation_m"": null, ""trial_finished_elapsed_s"": null, ""trial_recording"": true, ""trial_required_tool_ids"": [15, 27, 28, 33]}"
2026-09-04T14:05:28.536-04:00,kuber,gesture,hover,hover,r2_gear_rod,Row 2.2: assemble gear rod,ready,5,88,25,GEAR_STAND_ROW4_RIGHT,,,,,,,,,,,,,,,,,,,,,,,"{""acquired_tool_ids"": [15, 27, 28], ""acquisition_complete"": false, ""completed_steps"": [""r2_bearing_right"", ""r1_bearing_right"", ""r1_bearing_left""], ""head_rotation_deg"": null, ""head_translation_m"": null, ""left_hand_translation_m"": null, ""removed_tool_ids"": [18, 19, 21], ""right_hand_translation_m"": null, ""selected_step"": ""r2_gear_rod"", ""step_attempt"": 5, ""step_elapsed_s"": 16.085453448002227, ""step_event_index"": 88, ""total_hand_translation_m"": null, ""trial_finished_elapsed_s"": null, ""trial_recording"": true, ""trial_required_tool_ids"": [15, 27, 28, 33]}"
2026-09-04T14:05:28.568-04:00,kuber,gesture,tts_queued,lifecycle,r2_gear_rod,Row 2.2: assemble gear rod,ready,5,89,,,,16.117300,,,,,,,,,,,,,,,,Row 4 right stand,,,replace_hover,,"{""acquired_tool_ids"": [15, 27, 28], ""acquisition_complete"": false, ""completed_steps"": [""r2_bearing_right"", ""r1_bearing_right"", ""r1_bearing_left""], ""head_rotation_deg"": null, ""head_translation_m"": null, ""left_hand_translation_m"": null, ""removed_tool_ids"": [18, 19, 21], ""right_hand_translation_m"": null, ""selected_step"": ""r2_gear_rod"", ""step_attempt"": 5, ""step_elapsed_s"": 16.117311230977066, ""step_event_index"": 89, ""total_hand_translation_m"": null, ""trial_finished_elapsed_s"": null, ""trial_recording"": true, ""trial_required_tool_ids"": [15, 27, 28, 33]}"
2026-09-04T14:05:28.679-04:00,kuber,gesture,tts_finished,lifecycle,r2_gear_rod,Row 2.2: assemble gear rod,ready,5,90,,,,16.227807,,,,,,,,,,,,,,,,Row 3 right stand,,,,,"{""acquired_tool_ids"": [15, 27, 28], ""acquisition_complete"": false, ""completed_steps"": [""r2_bearing_right"", ""r1_bearing_right"", ""r1_bearing_left""], ""head_rotation_deg"": null, ""head_translation_m"": null, ""left_hand_translation_m"": null, ""removed_tool_ids"": [18, 19, 21], ""right_hand_translation_m"": null, ""selected_step"": ""r2_gear_rod"", ""step_attempt"": 5, ""step_elapsed_s"": 16.227818569983356, ""step_event_index"": 90, ""total_hand_translation_m"": null, ""trial_finished_elapsed_s"": null, ""trial_recording"": true, ""trial_required_tool_ids"": [15, 27, 28, 33]}"
2026-09-04T14:05:28.752-04:00,kuber,gesture,tts_started,lifecycle,r2_gear_rod,Row 2.2: assemble gear rod,ready,5,91,,,,16.301606,,,,,,,,,,,,,,,,Row 4 right stand,,,,,"{""acquired_tool_ids"": [15, 27, 28], ""acquisition_complete"": false, ""completed_steps"": [""r2_bearing_right"", ""r1_bearing_right"", ""r1_bearing_left""], ""head_rotation_deg"": null, ""head_translation_m"": null, ""left_hand_translation_m"": null, ""removed_tool_ids"": [18, 19, 21], ""right_hand_translation_m"": null, ""selected_step"": ""r2_gear_rod"", ""step_attempt"": 5, ""step_elapsed_s"": 16.301619237056002, ""step_event_index"": 91, ""total_hand_translation_m"": null, ""trial_finished_elapsed_s"": null, ""trial_recording"": true, ""trial_required_tool_ids"": [15, 27, 28, 33]}"
2026-09-04T14:05:28.848-04:00,kuber,gesture,hover,hover,r2_gear_rod,Row 2.2: assemble gear rod,ready,5,92,24,GEAR_STAND_ROW4_LEFT,,,,,,,,,,,,,,,,,,,,,,,"{""acquired_tool_ids"": [15, 27, 28], ""acquisition_complete"": false, ""completed_steps"": [""r2_bearing_right"", ""r1_bearing_right"", ""r1_bearing_left""], ""head_rotation_deg"": null, ""head_translation_m"": null, ""left_hand_translation_m"": null, ""removed_tool_ids"": [18, 19, 21], ""right_hand_translation_m"": null, ""selected_step"": ""r2_gear_rod"", ""step_attempt"": 5, ""step_elapsed_s"": 16.397431612946093, ""step_event_index"": 92, ""total_hand_translation_m"": null, ""trial_finished_elapsed_s"": null, ""trial_recording"": true, ""trial_required_tool_ids"": [15, 27, 28, 33]}"
2026-09-04T14:05:28.947-04:00,kuber,gesture,tts_queued,lifecycle,r2_gear_rod,Row 2.2: assemble gear rod,ready,5,93,,,,16.496621,,,,,,,,,,,,,,,,Row 4 left stand,,,replace_hover,,"{""acquired_tool_ids"": [15, 27, 28], ""acquisition_complete"": false, ""completed_steps"": [""r2_bearing_right"", ""r1_bearing_right"", ""r1_bearing_left""], ""head_rotation_deg"": null, ""head_translation_m"": null, ""left_hand_translation_m"": null, ""removed_tool_ids"": [18, 19, 21], ""right_hand_translation_m"": null, ""selected_step"": ""r2_gear_rod"", ""step_attempt"": 5, ""step_elapsed_s"": 16.496636583004147, ""step_event_index"": 93, ""total_hand_translation_m"": null, ""trial_finished_elapsed_s"": null, ""trial_recording"": true, ""trial_required_tool_ids"": [15, 27, 28, 33]}"
2026-09-04T14:05:29.043-04:00,kuber,gesture,hover,hover,r2_gear_rod,Row 2.2: assemble gear rod,ready,5,94,31,GEAR_ROW4_LEFT,,,,,,,,,,,,,,,,,,,,,,,"{""acquired_tool_ids"": [15, 27, 28], ""acquisition_complete"": false, ""completed_steps"": [""r2_bearing_right"", ""r1_bearing_right"", ""r1_bearing_left""], ""head_rotation_deg"": null, ""head_translation_m"": null, ""left_hand_translation_m"": null, ""removed_tool_ids"": [18, 19, 21], ""right_hand_translation_m"": null, ""selected_step"": ""r2_gear_rod"", ""step_attempt"": 5, ""step_elapsed_s"": 16.592154629994184, ""step_event_index"": 94, ""total_hand_translation_m"": null, ""trial_finished_elapsed_s"": null, ""trial_recording"": true, ""trial_required_tool_ids"": [15, 27, 28, 33]}"
2026-09-04T14:05:29.127-04:00,kuber,gesture,tts_queued,lifecycle,r2_gear_rod,Row 2.2: assemble gear rod,ready,5,95,,,,16.676136,,,,,,,,,,,,,,,,Row 4 left gear,,,replace_hover,,"{""acquired_tool_ids"": [15, 27, 28], ""acquisition_complete"": false, ""completed_steps"": [""r2_bearing_right"", ""r1_bearing_right"", ""r1_bearing_left""], ""head_rotation_deg"": null, ""head_translation_m"": null, ""left_hand_translation_m"": null, ""removed_tool_ids"": [18, 19, 21], ""right_hand_translation_m"": null, ""selected_step"": ""r2_gear_rod"", ""step_attempt"": 5, ""step_elapsed_s"": 16.676150484010577, ""step_event_index"": 95, ""total_hand_translation_m"": null, ""trial_finished_elapsed_s"": null, ""trial_recording"": true, ""trial_required_tool_ids"": [15, 27, 28, 33]}"
2026-09-04T14:05:29.258-04:00,kuber,gesture,hover,hover,r2_gear_rod,Row 2.2: assemble gear rod,ready,5,96,26,GEAR_ROW1_LEFT,,,,,,,,,,,,,,,,,,,,,,,"{""acquired_tool_ids"": [15, 27, 28], ""acquisition_complete"": false, ""completed_steps"": [""r2_bearing_right"", ""r1_bearing_right"", ""r1_bearing_left""], ""head_rotation_deg"": null, ""head_translation_m"": null, ""left_hand_translation_m"": null, ""removed_tool_ids"": [18, 19, 21], ""right_hand_translation_m"": null, ""selected_step"": ""r2_gear_rod"", ""step_attempt"": 5, ""step_elapsed_s"": 16.80741788505111, ""step_event_index"": 96, ""total_hand_translation_m"": null, ""trial_finished_elapsed_s"": null, ""trial_recording"": true, ""trial_required_tool_ids"": [15, 27, 28, 33]}"
2026-09-04T14:05:29.337-04:00,kuber,gesture,tts_queued,lifecycle,r2_gear_rod,Row 2.2: assemble gear rod,ready,5,97,,,,16.885951,,,,,,,,,,,,,,,,Row 1 left gear,,,replace_hover,,"{""acquired_tool_ids"": [15, 27, 28], ""acquisition_complete"": false, ""completed_steps"": [""r2_bearing_right"", ""r1_bearing_right"", ""r1_bearing_left""], ""head_rotation_deg"": null, ""head_translation_m"": null, ""left_hand_translation_m"": null, ""removed_tool_ids"": [18, 19, 21], ""right_hand_translation_m"": null, ""selected_step"": ""r2_gear_rod"", ""step_attempt"": 5, ""step_elapsed_s"": 16.885962345986627, ""step_event_index"": 97, ""total_hand_translation_m"": null, ""trial_finished_elapsed_s"": null, ""trial_recording"": true, ""trial_required_tool_ids"": [15, 27, 28, 33]}"
2026-09-04T14:05:29.491-04:00,kuber,gesture,tts_finished,lifecycle,r2_gear_rod,Row 2.2: assemble gear rod,ready,5,98,,,,17.039812,,,,,,,,,,,,,,,,Row 4 right stand,,,,,"{""acquired_tool_ids"": [15, 27, 28], ""acquisition_complete"": false, ""completed_steps"": [""r2_bearing_right"", ""r1_bearing_right"", ""r1_bearing_left""], ""head_rotation_deg"": null, ""head_translation_m"": null, ""left_hand_translation_m"": null, ""removed_tool_ids"": [18, 19, 21], ""right_hand_translation_m"": null, ""selected_step"": ""r2_gear_rod"", ""step_attempt"": 5, ""step_elapsed_s"": 17.03982345003169, ""step_event_index"": 98, ""total_hand_translation_m"": null, ""trial_finished_elapsed_s"": null, ""trial_recording"": true, ""trial_required_tool_ids"": [15, 27, 28, 33]}"
2026-09-04T14:05:29.596-04:00,kuber,gesture,tts_started,lifecycle,r2_gear_rod,Row 2.2: assemble gear rod,ready,5,99,,,,17.144753,,,,,,,,,,,,,,,,Row 4 left stand,,,,,"{""acquired_tool_ids"": [15, 27, 28], ""acquisition_complete"": false, ""completed_steps"": [""r2_bearing_right"", ""r1_bearing_right"", ""r1_bearing_left""], ""head_rotation_deg"": null, ""head_translation_m"": null, ""left_hand_translation_m"": null, ""removed_tool_ids"": [18, 19, 21], ""right_hand_translation_m"": null, ""selected_step"": ""r2_gear_rod"", ""step_attempt"": 5, ""step_elapsed_s"": 17.144764960044995, ""step_event_index"": 99, ""total_hand_translation_m"": null, ""trial_finished_elapsed_s"": null, ""trial_recording"": true, ""trial_required_tool_ids"": [15, 27, 28, 33]}"
2026-09-04T14:05:29.652-04:00,kuber,gesture,tts_finished,lifecycle,r2_gear_rod,Row 2.2: assemble gear rod,ready,5,100,,,,17.201235,,,,,,,,,,,,,,,,Row 4 left stand,,,,,"{""acquired_tool_ids"": [15, 27, 28], ""acquisition_complete"": false, ""completed_steps"": [""r2_bearing_right"", ""r1_bearing_right"", ""r1_bearing_left""], ""head_rotation_deg"": null, ""head_translation_m"": null, ""left_hand_translation_m"": null, ""removed_tool_ids"": [18, 19, 21], ""right_hand_translation_m"": null, ""selected_step"": ""r2_gear_rod"", ""step_attempt"": 5, ""step_elapsed_s"": 17.20124661794398, ""step_event_index"": 100, ""total_hand_translation_m"": null, ""trial_finished_elapsed_s"": null, ""trial_recording"": true, ""trial_required_tool_ids"": [15, 27, 28, 33]}"
2026-09-04T14:05:29.695-04:00,kuber,gesture,tts_started,lifecycle,r2_gear_rod,Row 2.2: assemble gear rod,ready,5,101,,,,17.244524,,,,,,,,,,,,,,,,Row 4 left gear,,,,,"{""acquired_tool_ids"": [15, 27, 28], ""acquisition_complete"": false, ""completed_steps"": [""r2_bearing_right"", ""r1_bearing_right"", ""r1_bearing_left""], ""head_rotation_deg"": null, ""head_translation_m"": null, ""left_hand_translation_m"": null, ""removed_tool_ids"": [18, 19, 21], ""right_hand_translation_m"": null, ""selected_step"": ""r2_gear_rod"", ""step_attempt"": 5, ""step_elapsed_s"": 17.244531534961425, ""step_event_index"": 101, ""total_hand_translation_m"": null, ""trial_finished_elapsed_s"": null, ""trial_recording"": true, ""trial_required_tool_ids"": [15, 27, 28, 33]}"
2026-09-04T14:05:29.733-04:00,kuber,gesture,tts_finished,lifecycle,r2_gear_rod,Row 2.2: assemble gear rod,ready,5,102,,,,17.282561,,,,,,,,,,,,,,,,Row 4 left gear,,,,,"{""acquired_tool_ids"": [15, 27, 28], ""acquisition_complete"": false, ""completed_steps"": [""r2_bearing_right"", ""r1_bearing_right"", ""r1_bearing_left""], ""head_rotation_deg"": null, ""head_translation_m"": null, ""left_hand_translation_m"": null, ""removed_tool_ids"": [18, 19, 21], ""right_hand_translation_m"": null, ""selected_step"": ""r2_gear_rod"", ""step_attempt"": 5, ""step_elapsed_s"": 17.28257090295665, ""step_event_index"": 102, ""total_hand_translation_m"": null, ""trial_finished_elapsed_s"": null, ""trial_recording"": true, ""trial_required_tool_ids"": [15, 27, 28, 33]}"
2026-09-04T14:05:29.831-04:00,kuber,gesture,tts_started,lifecycle,r2_gear_rod,Row 2.2: assemble gear rod,ready,5,103,,,,17.379946,,,,,,,,,,,,,,,,Row 1 left gear,,,,,"{""acquired_tool_ids"": [15, 27, 28], ""acquisition_complete"": false, ""completed_steps"": [""r2_bearing_right"", ""r1_bearing_right"", ""r1_bearing_left""], ""head_rotation_deg"": null, ""head_translation_m"": null, ""left_hand_translation_m"": null, ""removed_tool_ids"": [18, 19, 21], ""right_hand_translation_m"": null, ""selected_step"": ""r2_gear_rod"", ""step_attempt"": 5, ""step_elapsed_s"": 17.379959119018167, ""step_event_index"": 103, ""total_hand_translation_m"": null, ""trial_finished_elapsed_s"": null, ""trial_recording"": true, ""trial_required_tool_ids"": [15, 27, 28, 33]}"
2026-09-04T14:05:30.643-04:00,kuber,gesture,hover,hover,r2_gear_rod,Row 2.2: assemble gear rod,ready,5,104,31,GEAR_ROW4_LEFT,,,,,,,,,,,,,,,,,,,,,,,"{""acquired_tool_ids"": [15, 27, 28], ""acquisition_complete"": false, ""completed_steps"": [""r2_bearing_right"", ""r1_bearing_right"", ""r1_bearing_left""], ""head_rotation_deg"": null, ""head_translation_m"": null, ""left_hand_translation_m"": null, ""removed_tool_ids"": [18, 19, 21], ""right_hand_translation_m"": null, ""selected_step"": ""r2_gear_rod"", ""step_attempt"": 5, ""step_elapsed_s"": 18.19170302397106, ""step_event_index"": 104, ""total_hand_translation_m"": null, ""trial_finished_elapsed_s"": null, ""trial_recording"": true, ""trial_required_tool_ids"": [15, 27, 28, 33]}"
2026-09-04T14:05:30.681-04:00,kuber,gesture,tts_queued,lifecycle,r2_gear_rod,Row 2.2: assemble gear rod,ready,5,105,,,,18.230237,,,,,,,,,,,,,,,,Row 4 left gear,,,replace_hover,,"{""acquired_tool_ids"": [15, 27, 28], ""acquisition_complete"": false, ""completed_steps"": [""r2_bearing_right"", ""r1_bearing_right"", ""r1_bearing_left""], ""head_rotation_deg"": null, ""head_translation_m"": null, ""left_hand_translation_m"": null, ""removed_tool_ids"": [18, 19, 21], ""right_hand_translation_m"": null, ""selected_step"": ""r2_gear_rod"", ""step_attempt"": 5, ""step_elapsed_s"": 18.230249279993586, ""step_event_index"": 105, ""total_hand_translation_m"": null, ""trial_finished_elapsed_s"": null, ""trial_recording"": true, ""trial_required_tool_ids"": [15, 27, 28, 33]}"
2026-09-04T14:05:30.804-04:00,kuber,gesture,hover,hover,r2_gear_rod,Row 2.2: assemble gear rod,ready,5,106,33,PINS,,,,,,,,,,,,,,,,,,,,,,,"{""acquired_tool_ids"": [15, 27, 28], ""acquisition_complete"": false, ""completed_steps"": [""r2_bearing_right"", ""r1_bearing_right"", ""r1_bearing_left""], ""head_rotation_deg"": null, ""head_translation_m"": null, ""left_hand_translation_m"": null, ""removed_tool_ids"": [18, 19, 21], ""right_hand_translation_m"": null, ""selected_step"": ""r2_gear_rod"", ""step_attempt"": 5, ""step_elapsed_s"": 18.35351169796195, ""step_event_index"": 106, ""total_hand_translation_m"": null, ""trial_finished_elapsed_s"": null, ""trial_recording"": true, ""trial_required_tool_ids"": [15, 27, 28, 33]}"
2026-09-04T14:05:30.839-04:00,kuber,gesture,tts_queued,lifecycle,r2_gear_rod,Row 2.2: assemble gear rod,ready,5,107,,,,18.387839,,,,,,,,,,,,,,,,pin,,,replace_hover,,"{""acquired_tool_ids"": [15, 27, 28], ""acquisition_complete"": false, ""completed_steps"": [""r2_bearing_right"", ""r1_bearing_right"", ""r1_bearing_left""], ""head_rotation_deg"": null, ""head_translation_m"": null, ""left_hand_translation_m"": null, ""removed_tool_ids"": [18, 19, 21], ""right_hand_translation_m"": null, ""selected_step"": ""r2_gear_rod"", ""step_attempt"": 5, ""step_elapsed_s"": 18.38785227702465, ""step_event_index"": 107, ""total_hand_translation_m"": null, ""trial_finished_elapsed_s"": null, ""trial_recording"": true, ""trial_required_tool_ids"": [15, 27, 28, 33]}"
2026-09-04T14:05:30.976-04:00,kuber,gesture,tts_finished,lifecycle,r2_gear_rod,Row 2.2: assemble gear rod,ready,5,108,,,,18.524869,,,,,,,,,,,,,,,,Row 1 left gear,,,,,"{""acquired_tool_ids"": [15, 27, 28], ""acquisition_complete"": false, ""completed_steps"": [""r2_bearing_right"", ""r1_bearing_right"", ""r1_bearing_left""], ""head_rotation_deg"": null, ""head_translation_m"": null, ""left_hand_translation_m"": null, ""removed_tool_ids"": [18, 19, 21], ""right_hand_translation_m"": null, ""selected_step"": ""r2_gear_rod"", ""step_attempt"": 5, ""step_elapsed_s"": 18.52488502394408, ""step_event_index"": 108, ""total_hand_translation_m"": null, ""trial_finished_elapsed_s"": null, ""trial_recording"": true, ""trial_required_tool_ids"": [15, 27, 28, 33]}"
2026-09-04T14:05:31.043-04:00,kuber,gesture,tts_started,lifecycle,r2_gear_rod,Row 2.2: assemble gear rod,ready,5,109,,,,18.592132,,,,,,,,,,,,,,,,Row 4 left gear,,,,,"{""acquired_tool_ids"": [15, 27, 28], ""acquisition_complete"": false, ""completed_steps"": [""r2_bearing_right"", ""r1_bearing_right"", ""r1_bearing_left""], ""head_rotation_deg"": null, ""head_translation_m"": null, ""left_hand_translation_m"": null, ""removed_tool_ids"": [18, 19, 21], ""right_hand_translation_m"": null, ""selected_step"": ""r2_gear_rod"", ""step_attempt"": 5, ""step_elapsed_s"": 18.592144157970324, ""step_event_index"": 109, ""total_hand_translation_m"": null, ""trial_finished_elapsed_s"": null, ""trial_recording"": true, ""trial_required_tool_ids"": [15, 27, 28, 33]}"
2026-09-04T14:05:31.131-04:00,kuber,gesture,tts_finished,lifecycle,r2_gear_rod,Row 2.2: assemble gear rod,ready,5,110,,,,18.679765,,,,,,,,,,,,,,,,Row 4 left gear,,,,,"{""acquired_tool_ids"": [15, 27, 28], ""acquisition_complete"": false, ""completed_steps"": [""r2_bearing_right"", ""r1_bearing_right"", ""r1_bearing_left""], ""head_rotation_deg"": null, ""head_translation_m"": null, ""left_hand_translation_m"": null, ""removed_tool_ids"": [18, 19, 21], ""right_hand_translation_m"": null, ""selected_step"": ""r2_gear_rod"", ""step_attempt"": 5, ""step_elapsed_s"": 18.679779315949418, ""step_event_index"": 110, ""total_hand_translation_m"": null, ""trial_finished_elapsed_s"": null, ""trial_recording"": true, ""trial_required_tool_ids"": [15, 27, 28, 33]}"
2026-09-04T14:05:31.239-04:00,kuber,gesture,tts_started,lifecycle,r2_gear_rod,Row 2.2: assemble gear rod,ready,5,111,,,,18.787857,,,,,,,,,,,,,,,,pin,,,,,"{""acquired_tool_ids"": [15, 27, 28], ""acquisition_complete"": false, ""completed_steps"": [""r2_bearing_right"", ""r1_bearing_right"", ""r1_bearing_left""], ""head_rotation_deg"": null, ""head_translation_m"": null, ""left_hand_translation_m"": null, ""removed_tool_ids"": [18, 19, 21], ""right_hand_translation_m"": null, ""selected_step"": ""r2_gear_rod"", ""step_attempt"": 5, ""step_elapsed_s"": 18.787936115986668, ""step_event_index"": 111, ""total_hand_translation_m"": null, ""trial_finished_elapsed_s"": null, ""trial_recording"": true, ""trial_required_tool_ids"": [15, 27, 28, 33]}"
2026-09-04T14:05:31.603-04:00,kuber,gesture,tts_finished,lifecycle,r2_gear_rod,Row 2.2: assemble gear rod,ready,5,112,,,,19.151812,,,,,,,,,,,,,,,,pin,,,,,"{""acquired_tool_ids"": [15, 27, 28], ""acquisition_complete"": false, ""completed_steps"": [""r2_bearing_right"", ""r1_bearing_right"", ""r1_bearing_left""], ""head_rotation_deg"": null, ""head_translation_m"": null, ""left_hand_translation_m"": null, ""removed_tool_ids"": [18, 19, 21], ""right_hand_translation_m"": null, ""selected_step"": ""r2_gear_rod"", ""step_attempt"": 5, ""step_elapsed_s"": 19.15182376804296, ""step_event_index"": 112, ""total_hand_translation_m"": null, ""trial_finished_elapsed_s"": null, ""trial_recording"": true, ""trial_required_tool_ids"": [15, 27, 28, 33]}"
2026-09-04T14:05:32.433-04:00,kuber,gesture,hover,hover,r2_gear_rod,Row 2.2: assemble gear rod,ready,5,113,33,PINS,,,,,,,,,,,,,,,,,,,,,,,"{""acquired_tool_ids"": [15, 27, 28], ""acquisition_complete"": false, ""completed_steps"": [""r2_bearing_right"", ""r1_bearing_right"", ""r1_bearing_left""], ""head_rotation_deg"": null, ""head_translation_m"": null, ""left_hand_translation_m"": null, ""removed_tool_ids"": [18, 19, 21], ""right_hand_translation_m"": null, ""selected_step"": ""r2_gear_rod"", ""step_attempt"": 5, ""step_elapsed_s"": 19.982590156025253, ""step_event_index"": 113, ""total_hand_translation_m"": null, ""trial_finished_elapsed_s"": null, ""trial_recording"": true, ""trial_required_tool_ids"": [15, 27, 28, 33]}"
2026-09-04T14:05:32.534-04:00,kuber,gesture,tts_queued,lifecycle,r2_gear_rod,Row 2.2: assemble gear rod,ready,5,114,,,,20.083146,,,,,,,,,,,,,,,,pin,,,replace_hover,,"{""acquired_tool_ids"": [15, 27, 28], ""acquisition_complete"": false, ""completed_steps"": [""r2_bearing_right"", ""r1_bearing_right"", ""r1_bearing_left""], ""head_rotation_deg"": null, ""head_translation_m"": null, ""left_hand_translation_m"": null, ""removed_tool_ids"": [18, 19, 21], ""right_hand_translation_m"": null, ""selected_step"": ""r2_gear_rod"", ""step_attempt"": 5, ""step_elapsed_s"": 20.083158164983615, ""step_event_index"": 114, ""total_hand_translation_m"": null, ""trial_finished_elapsed_s"": null, ""trial_recording"": true, ""trial_required_tool_ids"": [15, 27, 28, 33]}"
2026-09-04T14:05:32.635-04:00,kuber,gesture,tts_started,lifecycle,r2_gear_rod,Row 2.2: assemble gear rod,ready,5,115,,,,20.184257,,,,,,,,,,,,,,,,pin,,,,,"{""acquired_tool_ids"": [15, 27, 28], ""acquisition_complete"": false, ""completed_steps"": [""r2_bearing_right"", ""r1_bearing_right"", ""r1_bearing_left""], ""head_rotation_deg"": null, ""head_translation_m"": null, ""left_hand_translation_m"": null, ""removed_tool_ids"": [18, 19, 21], ""right_hand_translation_m"": null, ""selected_step"": ""r2_gear_rod"", ""step_attempt"": 5, ""step_elapsed_s"": 20.18427218205761, ""step_event_index"": 115, ""total_hand_translation_m"": null, ""trial_finished_elapsed_s"": null, ""trial_recording"": true, ""trial_required_tool_ids"": [15, 27, 28, 33]}"
2026-09-04T14:05:33.065-04:00,kuber,gesture,part_selection,click,r2_gear_rod,Row 2.2: assemble gear rod,ready,5,116,33,PINS,10.667404,20.614183,,,,,,,,,,,,,,,1,,,,,,"{""acquired_tool_ids"": [15, 27, 28, 33], ""acquisition_complete"": false, ""completed_steps"": [""r2_bearing_right"", ""r1_bearing_right"", ""r1_bearing_left""], ""head_rotation_deg"": null, ""head_translation_m"": null, ""left_hand_translation_m"": null, ""removed_tool_ids"": [18, 19, 21], ""right_hand_translation_m"": null, ""selected_step"": ""r2_gear_rod"", ""step_attempt"": 5, ""step_elapsed_s"": 20.614224741002545, ""step_event_index"": 116, ""total_hand_translation_m"": null, ""trial_finished_elapsed_s"": null, ""trial_recording"": true, ""trial_required_tool_ids"": [15, 27, 28, 33]}"
2026-09-04T14:05:33.229-04:00,kuber,gesture,object_acquired,click,r2_gear_rod,Row 2.2: assemble gear rod,ready,5,117,33,PINS,10.667404,20.614183,,,,,,,,,,,,,,,1,,,,,,"{""acquired_tool_ids"": [15, 27, 28, 33], ""acquisition_complete"": false, ""completed_steps"": [""r2_bearing_right"", ""r1_bearing_right"", ""r1_bearing_left""], ""head_rotation_deg"": null, ""head_translation_m"": null, ""left_hand_translation_m"": null, ""removed_tool_ids"": [18, 19, 21], ""right_hand_translation_m"": null, ""selected_step"": ""r2_gear_rod"", ""step_attempt"": 5, ""step_elapsed_s"": 20.77816432400141, ""step_event_index"": 117, ""total_hand_translation_m"": null, ""trial_finished_elapsed_s"": null, ""trial_recording"": true, ""trial_required_tool_ids"": [15, 27, 28, 33]}"
2026-09-04T14:05:33.301-04:00,kuber,gesture,step_acquisition_complete,click,r2_gear_rod,Row 2.2: assemble gear rod,ready,5,118,,,,20.847771,0.216077,73.947611,1.208007,0.755442,1.963448,0.000000,13.706961,13.706961,66.646761,0,27,0.000000,0.408016,0.408016,,,,,,,"{""acquired_tool_ids"": [15, 27, 28, 33], ""acquisition_complete"": true, ""any_hover_time_s"": 13.706960550043732, ""completed_steps"": [""r2_bearing_right"", ""r1_bearing_right"", ""r1_bearing_left""], ""head_rotation_deg"": 73.94761103910704, ""head_translation_m"": 0.21607660713847493, ""hover_time_percent"": 66.64676071127603, ""left_hand_translation_m"": 1.208006617324014, ""left_hover_episodes"": 0, ""left_hover_time_s"": 0.0, ""left_hover_translation_m"": 0.0, ""removed_tool_ids"": [15, 18, 19, 21, 27, 28], ""right_hand_translation_m"": 0.7554418482232701, ""right_hover_episodes"": 27, ""right_hover_time_s"": 13.706960550043732, ""right_hover_translation_m"": 0.4080158980153399, ""selected_step"": ""r2_gear_rod"", ""step_attempt"": 5, ""step_elapsed_s"": 20.847771433996968, ""step_event_index"": 118, ""total_hand_translation_m"": 1.9634484655472841, ""total_hover_translation_m"": 0.4080158980153399, ""trial_finished_elapsed_s"": 20.847771433996968, ""trial_recording"": false, ""trial_required_tool_ids"": [15, 27, 28, 33]}"
2026-09-04T14:05:33.341-04:00,kuber,gesture,graph_complete,,r2_gear_rod,Row 2.2: assemble gear rod,complete,5,119,,,,,,,,,,,,,,,,,,,,,,,,,"{""acquired_tool_ids"": [15, 27, 28, 33], ""acquisition_complete"": true, ""any_hover_time_s"": 13.706960550043732, ""completed_steps"": [""r2_bearing_right"", ""r1_bearing_right"", ""r1_bearing_left"", ""r2_gear_rod""], ""head_rotation_deg"": 73.94761103910704, ""head_translation_m"": 0.21607660713847493, ""hover_time_percent"": 66.64676071127603, ""left_hand_translation_m"": 1.208006617324014, ""left_hover_episodes"": 0, ""left_hover_time_s"": 0.0, ""left_hover_translation_m"": 0.0, ""removed_tool_ids"": [15, 18, 19, 21, 27, 28], ""right_hand_translation_m"": 0.7554418482232701, ""right_hover_episodes"": 27, ""right_hover_time_s"": 13.706960550043732, ""right_hover_translation_m"": 0.4080158980153399, ""selected_step"": ""r2_gear_rod"", ""step_attempt"": 5, ""step_elapsed_s"": 20.847771433996968, ""step_event_index"": 119, ""total_hand_translation_m"": 1.9634484655472841, ""total_hover_translation_m"": 0.4080158980153399, ""trial_finished_elapsed_s"": 20.847771433996968, ""trial_recording"": false, ""trial_required_tool_ids"": [15, 27, 28, 33]}"
2026-09-04T14:05:46.640-04:00,kuber,gesture,step_started,keyboard,r2_bearing_left,Row 2.3: bearing into left stand,ready,6,1,,,,,,,,,,,,,,,,,,,,,,,,,"{""acquired_tool_ids"": [], ""acquisition_complete"": false, ""completed_steps"": [""r2_bearing_right"", ""r1_bearing_right"", ""r1_bearing_left"", ""r2_gear_rod""], ""head_rotation_deg"": null, ""head_translation_m"": null, ""left_hand_translation_m"": null, ""removed_tool_ids"": [15, 18, 19, 21, 27, 28], ""right_hand_translation_m"": null, ""selected_step"": ""r2_bearing_left"", ""step_attempt"": 6, ""step_elapsed_s"": 6.49510184302926e-05, ""step_event_index"": 1, ""total_hand_translation_m"": null, ""trial_finished_elapsed_s"": null, ""trial_recording"": true, ""trial_required_tool_ids"": [20, 34]}"
2026-09-04T14:05:46.988-04:00,kuber,gesture,hover,hover,r2_bearing_left,Row 2.3: bearing into left stand,ready,6,2,23,GEAR_STAND_ROW3_RIGHT,,,,,,,,,,,,,,,,,,,,,,,"{""acquired_tool_ids"": [], ""acquisition_complete"": false, ""completed_steps"": [""r2_bearing_right"", ""r1_bearing_right"", ""r1_bearing_left"", ""r2_gear_rod""], ""head_rotation_deg"": null, ""head_translation_m"": null, ""left_hand_translation_m"": null, ""removed_tool_ids"": [15, 18, 19, 21, 27, 28], ""right_hand_translation_m"": null, ""selected_step"": ""r2_bearing_left"", ""step_attempt"": 6, ""step_elapsed_s"": 0.34800918702967465, ""step_event_index"": 2, ""total_hand_translation_m"": null, ""trial_finished_elapsed_s"": null, ""trial_recording"": true, ""trial_required_tool_ids"": [20, 34]}"
2026-09-04T14:05:47.033-04:00,kuber,gesture,tts_queued,lifecycle,r2_bearing_left,Row 2.3: bearing into left stand,ready,6,3,,,,0.392577,,,,,,,,,,,,,,,,Row 3 right stand,,,replace_hover,,"{""acquired_tool_ids"": [], ""acquisition_complete"": false, ""completed_steps"": [""r2_bearing_right"", ""r1_bearing_right"", ""r1_bearing_left"", ""r2_gear_rod""], ""head_rotation_deg"": null, ""head_translation_m"": null, ""left_hand_translation_m"": null, ""removed_tool_ids"": [15, 18, 19, 21, 27, 28], ""right_hand_translation_m"": null, ""selected_step"": ""r2_bearing_left"", ""step_attempt"": 6, ""step_elapsed_s"": 0.3925884320633486, ""step_event_index"": 3, ""total_hand_translation_m"": null, ""trial_finished_elapsed_s"": null, ""trial_recording"": true, ""trial_required_tool_ids"": [20, 34]}"
2026-09-04T14:05:47.080-04:00,kuber,gesture,tts_started,lifecycle,r2_bearing_left,Row 2.3: bearing into left stand,ready,6,4,,,,0.439819,,,,,,,,,,,,,,,,Row 3 right stand,,,,,"{""acquired_tool_ids"": [], ""acquisition_complete"": false, ""completed_steps"": [""r2_bearing_right"", ""r1_bearing_right"", ""r1_bearing_left"", ""r2_gear_rod""], ""head_rotation_deg"": null, ""head_translation_m"": null, ""left_hand_translation_m"": null, ""removed_tool_ids"": [15, 18, 19, 21, 27, 28], ""right_hand_translation_m"": null, ""selected_step"": ""r2_bearing_left"", ""step_attempt"": 6, ""step_elapsed_s"": 0.43982912600040436, ""step_event_index"": 4, ""total_hand_translation_m"": null, ""trial_finished_elapsed_s"": null, ""trial_recording"": true, ""trial_required_tool_ids"": [20, 34]}"
2026-09-04T14:05:47.819-04:00,kuber,gesture,hover,hover,r2_bearing_left,Row 2.3: bearing into left stand,ready,6,5,20,GEAR_STAND_ROW2_LEFT,,,,,,,,,,,,,,,,,,,,,,,"{""acquired_tool_ids"": [], ""acquisition_complete"": false, ""completed_steps"": [""r2_bearing_right"", ""r1_bearing_right"", ""r1_bearing_left"", ""r2_gear_rod""], ""head_rotation_deg"": null, ""head_translation_m"": null, ""left_hand_translation_m"": null, ""removed_tool_ids"": [15, 18, 19, 21, 27, 28], ""right_hand_translation_m"": null, ""selected_step"": ""r2_bearing_left"", ""step_attempt"": 6, ""step_elapsed_s"": 1.1791565940948203, ""step_event_index"": 5, ""total_hand_translation_m"": null, ""trial_finished_elapsed_s"": null, ""trial_recording"": true, ""trial_required_tool_ids"": [20, 34]}"
2026-09-04T14:05:47.863-04:00,kuber,gesture,tts_queued,lifecycle,r2_bearing_left,Row 2.3: bearing into left stand,ready,6,6,,,,1.223067,,,,,,,,,,,,,,,,Row 2 left stand,,,replace_hover,,"{""acquired_tool_ids"": [], ""acquisition_complete"": false, ""completed_steps"": [""r2_bearing_right"", ""r1_bearing_right"", ""r1_bearing_left"", ""r2_gear_rod""], ""head_rotation_deg"": null, ""head_translation_m"": null, ""left_hand_translation_m"": null, ""removed_tool_ids"": [15, 18, 19, 21, 27, 28], ""right_hand_translation_m"": null, ""selected_step"": ""r2_bearing_left"", ""step_attempt"": 6, ""step_elapsed_s"": 1.2230833920184523, ""step_event_index"": 6, ""total_hand_translation_m"": null, ""trial_finished_elapsed_s"": null, ""trial_recording"": true, ""trial_required_tool_ids"": [20, 34]}"
2026-09-04T14:05:47.945-04:00,kuber,gesture,tts_finished,lifecycle,r2_bearing_left,Row 2.3: bearing into left stand,ready,6,7,,,,1.304806,,,,,,,,,,,,,,,,Row 3 right stand,,,,,"{""acquired_tool_ids"": [], ""acquisition_complete"": false, ""completed_steps"": [""r2_bearing_right"", ""r1_bearing_right"", ""r1_bearing_left"", ""r2_gear_rod""], ""head_rotation_deg"": null, ""head_translation_m"": null, ""left_hand_translation_m"": null, ""removed_tool_ids"": [15, 18, 19, 21, 27, 28], ""right_hand_translation_m"": null, ""selected_step"": ""r2_bearing_left"", ""step_attempt"": 6, ""step_elapsed_s"": 1.3048199811019003, ""step_event_index"": 7, ""total_hand_translation_m"": null, ""trial_finished_elapsed_s"": null, ""trial_recording"": true, ""trial_required_tool_ids"": [20, 34]}"
2026-09-04T14:05:48.000-04:00,kuber,gesture,tts_started,lifecycle,r2_bearing_left,Row 2.3: bearing into left stand,ready,6,8,,,,1.359343,,,,,,,,,,,,,,,,Row 2 left stand,,,,,"{""acquired_tool_ids"": [], ""acquisition_complete"": false, ""completed_steps"": [""r2_bearing_right"", ""r1_bearing_right"", ""r1_bearing_left"", ""r2_gear_rod""], ""head_rotation_deg"": null, ""head_translation_m"": null, ""left_hand_translation_m"": null, ""removed_tool_ids"": [15, 18, 19, 21, 27, 28], ""right_hand_translation_m"": null, ""selected_step"": ""r2_bearing_left"", ""step_attempt"": 6, ""step_elapsed_s"": 1.3593561809975654, ""step_event_index"": 8, ""total_hand_translation_m"": null, ""trial_finished_elapsed_s"": null, ""trial_recording"": true, ""trial_required_tool_ids"": [20, 34]}"
2026-09-04T14:05:49.082-04:00,kuber,gesture,hover,hover,r2_bearing_left,Row 2.3: bearing into left stand,ready,6,9,20,GEAR_STAND_ROW2_LEFT,,,,,,,,,,,,,,,,,,,,,,,"{""acquired_tool_ids"": [], ""acquisition_complete"": false, ""completed_steps"": [""r2_bearing_right"", ""r1_bearing_right"", ""r1_bearing_left"", ""r2_gear_rod""], ""head_rotation_deg"": null, ""head_translation_m"": null, ""left_hand_translation_m"": null, ""removed_tool_ids"": [15, 18, 19, 21, 27, 28], ""right_hand_translation_m"": null, ""selected_step"": ""r2_bearing_left"", ""step_attempt"": 6, ""step_elapsed_s"": 2.441676227026619, ""step_event_index"": 9, ""total_hand_translation_m"": null, ""trial_finished_elapsed_s"": null, ""trial_recording"": true, ""trial_required_tool_ids"": [20, 34]}"
2026-09-04T14:05:49.140-04:00,kuber,gesture,tts_queued,lifecycle,r2_bearing_left,Row 2.3: bearing into left stand,ready,6,10,,,,2.499450,,,,,,,,,,,,,,,,Row 2 left stand,,,replace_hover,,"{""acquired_tool_ids"": [], ""acquisition_complete"": false, ""completed_steps"": [""r2_bearing_right"", ""r1_bearing_right"", ""r1_bearing_left"", ""r2_gear_rod""], ""head_rotation_deg"": null, ""head_translation_m"": null, ""left_hand_translation_m"": null, ""removed_tool_ids"": [15, 18, 19, 21, 27, 28], ""right_hand_translation_m"": null, ""selected_step"": ""r2_bearing_left"", ""step_attempt"": 6, ""step_elapsed_s"": 2.4994633810129017, ""step_event_index"": 10, ""total_hand_translation_m"": null, ""trial_finished_elapsed_s"": null, ""trial_recording"": true, ""trial_required_tool_ids"": [20, 34]}"
2026-09-04T14:05:49.219-04:00,kuber,gesture,hover,hover,r2_bearing_left,Row 2.3: bearing into left stand,ready,6,11,23,GEAR_STAND_ROW3_RIGHT,,,,,,,,,,,,,,,,,,,,,,,"{""acquired_tool_ids"": [], ""acquisition_complete"": false, ""completed_steps"": [""r2_bearing_right"", ""r1_bearing_right"", ""r1_bearing_left"", ""r2_gear_rod""], ""head_rotation_deg"": null, ""head_translation_m"": null, ""left_hand_translation_m"": null, ""removed_tool_ids"": [15, 18, 19, 21, 27, 28], ""right_hand_translation_m"": null, ""selected_step"": ""r2_bearing_left"", ""step_attempt"": 6, ""step_elapsed_s"": 2.5789328980026767, ""step_event_index"": 11, ""total_hand_translation_m"": null, ""trial_finished_elapsed_s"": null, ""trial_recording"": true, ""trial_required_tool_ids"": [20, 34]}"
2026-09-04T14:05:49.256-04:00,kuber,gesture,tts_queued,lifecycle,r2_bearing_left,Row 2.3: bearing into left stand,ready,6,12,,,,2.616232,,,,,,,,,,,,,,,,Row 3 right stand,,,replace_hover,,"{""acquired_tool_ids"": [], ""acquisition_complete"": false, ""completed_steps"": [""r2_bearing_right"", ""r1_bearing_right"", ""r1_bearing_left"", ""r2_gear_rod""], ""head_rotation_deg"": null, ""head_translation_m"": null, ""left_hand_translation_m"": null, ""removed_tool_ids"": [15, 18, 19, 21, 27, 28], ""right_hand_translation_m"": null, ""selected_step"": ""r2_bearing_left"", ""step_attempt"": 6, ""step_elapsed_s"": 2.6162455840967596, ""step_event_index"": 12, ""total_hand_translation_m"": null, ""trial_finished_elapsed_s"": null, ""trial_recording"": true, ""trial_required_tool_ids"": [20, 34]}"
2026-09-04T14:05:49.342-04:00,kuber,gesture,tts_finished,lifecycle,r2_bearing_left,Row 2.3: bearing into left stand,ready,6,13,,,,2.701490,,,,,,,,,,,,,,,,Row 2 left stand,,,,,"{""acquired_tool_ids"": [], ""acquisition_complete"": false, ""completed_steps"": [""r2_bearing_right"", ""r1_bearing_right"", ""r1_bearing_left"", ""r2_gear_rod""], ""head_rotation_deg"": null, ""head_translation_m"": null, ""left_hand_translation_m"": null, ""removed_tool_ids"": [15, 18, 19, 21, 27, 28], ""right_hand_translation_m"": null, ""selected_step"": ""r2_bearing_left"", ""step_attempt"": 6, ""step_elapsed_s"": 2.70150333608035, ""step_event_index"": 13, ""total_hand_translation_m"": null, ""trial_finished_elapsed_s"": null, ""trial_recording"": true, ""trial_required_tool_ids"": [20, 34]}"
2026-09-04T14:05:49.381-04:00,kuber,gesture,tts_started,lifecycle,r2_bearing_left,Row 2.3: bearing into left stand,ready,6,14,,,,2.741004,,,,,,,,,,,,,,,,Row 2 left stand,,,,,"{""acquired_tool_ids"": [], ""acquisition_complete"": false, ""completed_steps"": [""r2_bearing_right"", ""r1_bearing_right"", ""r1_bearing_left"", ""r2_gear_rod""], ""head_rotation_deg"": null, ""head_translation_m"": null, ""left_hand_translation_m"": null, ""removed_tool_ids"": [15, 18, 19, 21, 27, 28], ""right_hand_translation_m"": null, ""selected_step"": ""r2_bearing_left"", ""step_attempt"": 6, ""step_elapsed_s"": 2.7410158200655133, ""step_event_index"": 14, ""total_hand_translation_m"": null, ""trial_finished_elapsed_s"": null, ""trial_recording"": true, ""trial_required_tool_ids"": [20, 34]}"
2026-09-04T14:05:49.417-04:00,kuber,gesture,tts_finished,lifecycle,r2_bearing_left,Row 2.3: bearing into left stand,ready,6,15,,,,2.776398,,,,,,,,,,,,,,,,Row 2 left stand,,,,,"{""acquired_tool_ids"": [], ""acquisition_complete"": false, ""completed_steps"": [""r2_bearing_right"", ""r1_bearing_right"", ""r1_bearing_left"", ""r2_gear_rod""], ""head_rotation_deg"": null, ""head_translation_m"": null, ""left_hand_translation_m"": null, ""removed_tool_ids"": [15, 18, 19, 21, 27, 28], ""right_hand_translation_m"": null, ""selected_step"": ""r2_bearing_left"", ""step_attempt"": 6, ""step_elapsed_s"": 2.7764097150648013, ""step_event_index"": 15, ""total_hand_translation_m"": null, ""trial_finished_elapsed_s"": null, ""trial_recording"": true, ""trial_required_tool_ids"": [20, 34]}"
2026-09-04T14:05:49.454-04:00,kuber,gesture,tts_started,lifecycle,r2_bearing_left,Row 2.3: bearing into left stand,ready,6,16,,,,2.813940,,,,,,,,,,,,,,,,Row 3 right stand,,,,,"{""acquired_tool_ids"": [], ""acquisition_complete"": false, ""completed_steps"": [""r2_bearing_right"", ""r1_bearing_right"", ""r1_bearing_left"", ""r2_gear_rod""], ""head_rotation_deg"": null, ""head_translation_m"": null, ""left_hand_translation_m"": null, ""removed_tool_ids"": [15, 18, 19, 21, 27, 28], ""right_hand_translation_m"": null, ""selected_step"": ""r2_bearing_left"", ""step_attempt"": 6, ""step_elapsed_s"": 2.8139496680814773, ""step_event_index"": 16, ""total_hand_translation_m"": null, ""trial_finished_elapsed_s"": null, ""trial_recording"": true, ""trial_required_tool_ids"": [20, 34]}"
2026-09-04T14:05:50.684-04:00,kuber,gesture,hover,hover,r2_bearing_left,Row 2.3: bearing into left stand,ready,6,17,20,GEAR_STAND_ROW2_LEFT,,,,,,,,,,,,,,,,,,,,,,,"{""acquired_tool_ids"": [], ""acquisition_complete"": false, ""completed_steps"": [""r2_bearing_right"", ""r1_bearing_right"", ""r1_bearing_left"", ""r2_gear_rod""], ""head_rotation_deg"": null, ""head_translation_m"": null, ""left_hand_translation_m"": null, ""removed_tool_ids"": [15, 18, 19, 21, 27, 28], ""right_hand_translation_m"": null, ""selected_step"": ""r2_bearing_left"", ""step_attempt"": 6, ""step_elapsed_s"": 4.043576349038631, ""step_event_index"": 17, ""total_hand_translation_m"": null, ""trial_finished_elapsed_s"": null, ""trial_recording"": true, ""trial_required_tool_ids"": [20, 34]}"
2026-09-04T14:05:50.736-04:00,kuber,gesture,tts_queued,lifecycle,r2_bearing_left,Row 2.3: bearing into left stand,ready,6,18,,,,4.095918,,,,,,,,,,,,,,,,Row 2 left stand,,,replace_hover,,"{""acquired_tool_ids"": [], ""acquisition_complete"": false, ""completed_steps"": [""r2_bearing_right"", ""r1_bearing_right"", ""r1_bearing_left"", ""r2_gear_rod""], ""head_rotation_deg"": null, ""head_translation_m"": null, ""left_hand_translation_m"": null, ""removed_tool_ids"": [15, 18, 19, 21, 27, 28], ""right_hand_translation_m"": null, ""selected_step"": ""r2_bearing_left"", ""step_attempt"": 6, ""step_elapsed_s"": 4.095929357106797, ""step_event_index"": 18, ""total_hand_translation_m"": null, ""trial_finished_elapsed_s"": null, ""trial_recording"": true, ""trial_required_tool_ids"": [20, 34]}"
2026-09-04T14:05:50.792-04:00,kuber,gesture,tts_finished,lifecycle,r2_bearing_left,Row 2.3: bearing into left stand,ready,6,19,,,,4.152136,,,,,,,,,,,,,,,,Row 3 right stand,,,,,"{""acquired_tool_ids"": [], ""acquisition_complete"": false, ""completed_steps"": [""r2_bearing_right"", ""r1_bearing_right"", ""r1_bearing_left"", ""r2_gear_rod""], ""head_rotation_deg"": null, ""head_translation_m"": null, ""left_hand_translation_m"": null, ""removed_tool_ids"": [15, 18, 19, 21, 27, 28], ""right_hand_translation_m"": null, ""selected_step"": ""r2_bearing_left"", ""step_attempt"": 6, ""step_elapsed_s"": 4.152148965047672, ""step_event_index"": 19, ""total_hand_translation_m"": null, ""trial_finished_elapsed_s"": null, ""trial_recording"": true, ""trial_required_tool_ids"": [20, 34]}"
2026-09-04T14:05:50.840-04:00,kuber,gesture,tts_started,lifecycle,r2_bearing_left,Row 2.3: bearing into left stand,ready,6,20,,,,4.200048,,,,,,,,,,,,,,,,Row 2 left stand,,,,,"{""acquired_tool_ids"": [], ""acquisition_complete"": false, ""completed_steps"": [""r2_bearing_right"", ""r1_bearing_right"", ""r1_bearing_left"", ""r2_gear_rod""], ""head_rotation_deg"": null, ""head_translation_m"": null, ""left_hand_translation_m"": null, ""removed_tool_ids"": [15, 18, 19, 21, 27, 28], ""right_hand_translation_m"": null, ""selected_step"": ""r2_bearing_left"", ""step_attempt"": 6, ""step_elapsed_s"": 4.200062457006425, ""step_event_index"": 20, ""total_hand_translation_m"": null, ""trial_finished_elapsed_s"": null, ""trial_recording"": true, ""trial_required_tool_ids"": [20, 34]}"
2026-09-04T14:05:51.265-04:00,kuber,gesture,part_selection,click,r2_bearing_left,Row 2.3: bearing into left stand,ready,6,21,20,GEAR_STAND_ROW2_LEFT,4.624580,4.624580,,,,,,,,,,,,,,,1,,,,,,"{""acquired_tool_ids"": [20], ""acquisition_complete"": false, ""completed_steps"": [""r2_bearing_right"", ""r1_bearing_right"", ""r1_bearing_left"", ""r2_gear_rod""], ""head_rotation_deg"": null, ""head_translation_m"": null, ""left_hand_translation_m"": null, ""removed_tool_ids"": [15, 18, 19, 21, 27, 28], ""right_hand_translation_m"": null, ""selected_step"": ""r2_bearing_left"", ""step_attempt"": 6, ""step_elapsed_s"": 4.624625839060172, ""step_event_index"": 21, ""total_hand_translation_m"": null, ""trial_finished_elapsed_s"": null, ""trial_recording"": true, ""trial_required_tool_ids"": [20, 34]}"
2026-09-04T14:05:51.312-04:00,kuber,gesture,object_acquired,click,r2_bearing_left,Row 2.3: bearing into left stand,ready,6,22,20,GEAR_STAND_ROW2_LEFT,4.624580,4.624580,,,,,,,,,,,,,,,1,,,,,,"{""acquired_tool_ids"": [20], ""acquisition_complete"": false, ""completed_steps"": [""r2_bearing_right"", ""r1_bearing_right"", ""r1_bearing_left"", ""r2_gear_rod""], ""head_rotation_deg"": null, ""head_translation_m"": null, ""left_hand_translation_m"": null, ""removed_tool_ids"": [15, 18, 19, 21, 27, 28], ""right_hand_translation_m"": null, ""selected_step"": ""r2_bearing_left"", ""step_attempt"": 6, ""step_elapsed_s"": 4.671297925058752, ""step_event_index"": 22, ""total_hand_translation_m"": null, ""trial_finished_elapsed_s"": null, ""trial_recording"": true, ""trial_required_tool_ids"": [20, 34]}"
2026-09-04T14:05:51.367-04:00,kuber,gesture,tts_queued,lifecycle,r2_bearing_left,Row 2.3: bearing into left stand,ready,6,23,,,,4.727118,,,,,,,,,,,,,,,,1 part left.,,,replace,,"{""acquired_tool_ids"": [20], ""acquisition_complete"": false, ""completed_steps"": [""r2_bearing_right"", ""r1_bearing_right"", ""r1_bearing_left"", ""r2_gear_rod""], ""head_rotation_deg"": null, ""head_translation_m"": null, ""left_hand_translation_m"": null, ""removed_tool_ids"": [15, 18, 19, 21, 27, 28], ""right_hand_translation_m"": null, ""selected_step"": ""r2_bearing_left"", ""step_attempt"": 6, ""step_elapsed_s"": 4.727128960075788, ""step_event_index"": 23, ""total_hand_translation_m"": null, ""trial_finished_elapsed_s"": null, ""trial_recording"": true, ""trial_required_tool_ids"": [20, 34]}"
2026-09-04T14:05:51.434-04:00,kuber,gesture,tts_finished,lifecycle,r2_bearing_left,Row 2.3: bearing into left stand,ready,6,24,,,,4.793452,,,,,,,,,,,,,,,,Row 2 left stand,,,,,"{""acquired_tool_ids"": [20], ""acquisition_complete"": false, ""completed_steps"": [""r2_bearing_right"", ""r1_bearing_right"", ""r1_bearing_left"", ""r2_gear_rod""], ""head_rotation_deg"": null, ""head_translation_m"": null, ""left_hand_translation_m"": null, ""removed_tool_ids"": [15, 18, 19, 21, 27, 28], ""right_hand_translation_m"": null, ""selected_step"": ""r2_bearing_left"", ""step_attempt"": 6, ""step_elapsed_s"": 4.793462404049933, ""step_event_index"": 24, ""total_hand_translation_m"": null, ""trial_finished_elapsed_s"": null, ""trial_recording"": true, ""trial_required_tool_ids"": [20, 34]}"
2026-09-04T14:05:51.485-04:00,kuber,gesture,tts_started,lifecycle,r2_bearing_left,Row 2.3: bearing into left stand,ready,6,25,,,,4.844819,,,,,,,,,,,,,,,,1 part left.,,,,,"{""acquired_tool_ids"": [20], ""acquisition_complete"": false, ""completed_steps"": [""r2_bearing_right"", ""r1_bearing_right"", ""r1_bearing_left"", ""r2_gear_rod""], ""head_rotation_deg"": null, ""head_translation_m"": null, ""left_hand_translation_m"": null, ""removed_tool_ids"": [15, 18, 19, 21, 27, 28], ""right_hand_translation_m"": null, ""selected_step"": ""r2_bearing_left"", ""step_attempt"": 6, ""step_elapsed_s"": 4.844832441071048, ""step_event_index"": 25, ""total_hand_translation_m"": null, ""trial_finished_elapsed_s"": null, ""trial_recording"": true, ""trial_required_tool_ids"": [20, 34]}"
2026-09-04T14:05:52.388-04:00,kuber,gesture,hover,hover,r2_bearing_left,Row 2.3: bearing into left stand,ready,6,26,29,GEAR_ROW3_LEFT,,,,,,,,,,,,,,,,,,,,,,,"{""acquired_tool_ids"": [20], ""acquisition_complete"": false, ""completed_steps"": [""r2_bearing_right"", ""r1_bearing_right"", ""r1_bearing_left"", ""r2_gear_rod""], ""head_rotation_deg"": null, ""head_translation_m"": null, ""left_hand_translation_m"": null, ""removed_tool_ids"": [15, 18, 19, 21, 27, 28], ""right_hand_translation_m"": null, ""selected_step"": ""r2_bearing_left"", ""step_attempt"": 6, ""step_elapsed_s"": 5.748065283056349, ""step_event_index"": 26, ""total_hand_translation_m"": null, ""trial_finished_elapsed_s"": null, ""trial_recording"": true, ""trial_required_tool_ids"": [20, 34]}"
2026-09-04T14:05:52.440-04:00,kuber,gesture,tts_queued,lifecycle,r2_bearing_left,Row 2.3: bearing into left stand,ready,6,27,,,,5.799344,,,,,,,,,,,,,,,,Row 3 left gear,,,replace_hover,,"{""acquired_tool_ids"": [20], ""acquisition_complete"": false, ""completed_steps"": [""r2_bearing_right"", ""r1_bearing_right"", ""r1_bearing_left"", ""r2_gear_rod""], ""head_rotation_deg"": null, ""head_translation_m"": null, ""left_hand_translation_m"": null, ""removed_tool_ids"": [15, 18, 19, 21, 27, 28], ""right_hand_translation_m"": null, ""selected_step"": ""r2_bearing_left"", ""step_attempt"": 6, ""step_elapsed_s"": 5.79938280605711, ""step_event_index"": 27, ""total_hand_translation_m"": null, ""trial_finished_elapsed_s"": null, ""trial_recording"": true, ""trial_required_tool_ids"": [20, 34]}"
2026-09-04T14:05:52.551-04:00,kuber,gesture,tts_finished,lifecycle,r2_bearing_left,Row 2.3: bearing into left stand,ready,6,28,,,,5.910551,,,,,,,,,,,,,,,,1 part left.,,,,,"{""acquired_tool_ids"": [20], ""acquisition_complete"": false, ""completed_steps"": [""r2_bearing_right"", ""r1_bearing_right"", ""r1_bearing_left"", ""r2_gear_rod""], ""head_rotation_deg"": null, ""head_translation_m"": null, ""left_hand_translation_m"": null, ""removed_tool_ids"": [15, 18, 19, 21, 27, 28], ""right_hand_translation_m"": null, ""selected_step"": ""r2_bearing_left"", ""step_attempt"": 6, ""step_elapsed_s"": 5.910567396087572, ""step_event_index"": 28, ""total_hand_translation_m"": null, ""trial_finished_elapsed_s"": null, ""trial_recording"": true, ""trial_required_tool_ids"": [20, 34]}"
2026-09-04T14:05:52.587-04:00,kuber,gesture,tts_started,lifecycle,r2_bearing_left,Row 2.3: bearing into left stand,ready,6,29,,,,5.946790,,,,,,,,,,,,,,,,Row 3 left gear,,,,,"{""acquired_tool_ids"": [20], ""acquisition_complete"": false, ""completed_steps"": [""r2_bearing_right"", ""r1_bearing_right"", ""r1_bearing_left"", ""r2_gear_rod""], ""head_rotation_deg"": null, ""head_translation_m"": null, ""left_hand_translation_m"": null, ""removed_tool_ids"": [15, 18, 19, 21, 27, 28], ""right_hand_translation_m"": null, ""selected_step"": ""r2_bearing_left"", ""step_attempt"": 6, ""step_elapsed_s"": 5.946802617050707, ""step_event_index"": 29, ""total_hand_translation_m"": null, ""trial_finished_elapsed_s"": null, ""trial_recording"": true, ""trial_required_tool_ids"": [20, 34]}"
2026-09-04T14:05:53.019-04:00,kuber,gesture,hover,hover,r2_bearing_left,Row 2.3: bearing into left stand,ready,6,30,34,BEARINGS,,,,,,,,,,,,,,,,,,,,,,,"{""acquired_tool_ids"": [20], ""acquisition_complete"": false, ""completed_steps"": [""r2_bearing_right"", ""r1_bearing_right"", ""r1_bearing_left"", ""r2_gear_rod""], ""head_rotation_deg"": null, ""head_translation_m"": null, ""left_hand_translation_m"": null, ""removed_tool_ids"": [15, 18, 19, 21, 27, 28], ""right_hand_translation_m"": null, ""selected_step"": ""r2_bearing_left"", ""step_attempt"": 6, ""step_elapsed_s"": 6.3787505039945245, ""step_event_index"": 30, ""total_hand_translation_m"": null, ""trial_finished_elapsed_s"": null, ""trial_recording"": true, ""trial_required_tool_ids"": [20, 34]}"
2026-09-04T14:05:53.054-04:00,kuber,gesture,tts_queued,lifecycle,r2_bearing_left,Row 2.3: bearing into left stand,ready,6,31,,,,6.413436,,,,,,,,,,,,,,,,bearing,,,replace_hover,,"{""acquired_tool_ids"": [20], ""acquisition_complete"": false, ""completed_steps"": [""r2_bearing_right"", ""r1_bearing_right"", ""r1_bearing_left"", ""r2_gear_rod""], ""head_rotation_deg"": null, ""head_translation_m"": null, ""left_hand_translation_m"": null, ""removed_tool_ids"": [15, 18, 19, 21, 27, 28], ""right_hand_translation_m"": null, ""selected_step"": ""r2_bearing_left"", ""step_attempt"": 6, ""step_elapsed_s"": 6.413448993000202, ""step_event_index"": 31, ""total_hand_translation_m"": null, ""trial_finished_elapsed_s"": null, ""trial_recording"": true, ""trial_required_tool_ids"": [20, 34]}"
2026-09-04T14:05:53.123-04:00,kuber,gesture,tts_finished,lifecycle,r2_bearing_left,Row 2.3: bearing into left stand,ready,6,32,,,,6.483049,,,,,,,,,,,,,,,,Row 3 left gear,,,,,"{""acquired_tool_ids"": [20], ""acquisition_complete"": false, ""completed_steps"": [""r2_bearing_right"", ""r1_bearing_right"", ""r1_bearing_left"", ""r2_gear_rod""], ""head_rotation_deg"": null, ""head_translation_m"": null, ""left_hand_translation_m"": null, ""removed_tool_ids"": [15, 18, 19, 21, 27, 28], ""right_hand_translation_m"": null, ""selected_step"": ""r2_bearing_left"", ""step_attempt"": 6, ""step_elapsed_s"": 6.483059023041278, ""step_event_index"": 32, ""total_hand_translation_m"": null, ""trial_finished_elapsed_s"": null, ""trial_recording"": true, ""trial_required_tool_ids"": [20, 34]}"
2026-09-04T14:05:53.154-04:00,kuber,gesture,tts_started,lifecycle,r2_bearing_left,Row 2.3: bearing into left stand,ready,6,33,,,,6.513678,,,,,,,,,,,,,,,,bearing,,,,,"{""acquired_tool_ids"": [20], ""acquisition_complete"": false, ""completed_steps"": [""r2_bearing_right"", ""r1_bearing_right"", ""r1_bearing_left"", ""r2_gear_rod""], ""head_rotation_deg"": null, ""head_translation_m"": null, ""left_hand_translation_m"": null, ""removed_tool_ids"": [15, 18, 19, 21, 27, 28], ""right_hand_translation_m"": null, ""selected_step"": ""r2_bearing_left"", ""step_attempt"": 6, ""step_elapsed_s"": 6.513688369072042, ""step_event_index"": 33, ""total_hand_translation_m"": null, ""trial_finished_elapsed_s"": null, ""trial_recording"": true, ""trial_required_tool_ids"": [20, 34]}"
2026-09-04T14:05:53.878-04:00,kuber,gesture,tts_finished,lifecycle,r2_bearing_left,Row 2.3: bearing into left stand,ready,6,34,,,,7.237659,,,,,,,,,,,,,,,,bearing,,,,,"{""acquired_tool_ids"": [20], ""acquisition_complete"": false, ""completed_steps"": [""r2_bearing_right"", ""r1_bearing_right"", ""r1_bearing_left"", ""r2_gear_rod""], ""head_rotation_deg"": null, ""head_translation_m"": null, ""left_hand_translation_m"": null, ""removed_tool_ids"": [15, 18, 19, 21, 27, 28], ""right_hand_translation_m"": null, ""selected_step"": ""r2_bearing_left"", ""step_attempt"": 6, ""step_elapsed_s"": 7.237678242032416, ""step_event_index"": 34, ""total_hand_translation_m"": null, ""trial_finished_elapsed_s"": null, ""trial_recording"": true, ""trial_required_tool_ids"": [20, 34]}"
2026-09-04T14:05:54.908-04:00,kuber,gesture,hover,hover,r2_bearing_left,Row 2.3: bearing into left stand,ready,6,35,32,CRANK_HANDLE,,,,,,,,,,,,,,,,,,,,,,,"{""acquired_tool_ids"": [20], ""acquisition_complete"": false, ""completed_steps"": [""r2_bearing_right"", ""r1_bearing_right"", ""r1_bearing_left"", ""r2_gear_rod""], ""head_rotation_deg"": null, ""head_translation_m"": null, ""left_hand_translation_m"": null, ""removed_tool_ids"": [15, 18, 19, 21, 27, 28], ""right_hand_translation_m"": null, ""selected_step"": ""r2_bearing_left"", ""step_attempt"": 6, ""step_elapsed_s"": 8.267748943995684, ""step_event_index"": 35, ""total_hand_translation_m"": null, ""trial_finished_elapsed_s"": null, ""trial_recording"": true, ""trial_required_tool_ids"": [20, 34]}"
2026-09-04T14:05:54.972-04:00,kuber,gesture,tts_queued,lifecycle,r2_bearing_left,Row 2.3: bearing into left stand,ready,6,36,,,,8.331734,,,,,,,,,,,,,,,,handle,,,replace_hover,,"{""acquired_tool_ids"": [20], ""acquisition_complete"": false, ""completed_steps"": [""r2_bearing_right"", ""r1_bearing_right"", ""r1_bearing_left"", ""r2_gear_rod""], ""head_rotation_deg"": null, ""head_translation_m"": null, ""left_hand_translation_m"": null, ""removed_tool_ids"": [15, 18, 19, 21, 27, 28], ""right_hand_translation_m"": null, ""selected_step"": ""r2_bearing_left"", ""step_attempt"": 6, ""step_elapsed_s"": 8.331744587048888, ""step_event_index"": 36, ""total_hand_translation_m"": null, ""trial_finished_elapsed_s"": null, ""trial_recording"": true, ""trial_required_tool_ids"": [20, 34]}"
2026-09-04T14:05:55.063-04:00,kuber,gesture,tts_started,lifecycle,r2_bearing_left,Row 2.3: bearing into left stand,ready,6,37,,,,8.422848,,,,,,,,,,,,,,,,handle,,,,,"{""acquired_tool_ids"": [20], ""acquisition_complete"": false, ""completed_steps"": [""r2_bearing_right"", ""r1_bearing_right"", ""r1_bearing_left"", ""r2_gear_rod""], ""head_rotation_deg"": null, ""head_translation_m"": null, ""left_hand_translation_m"": null, ""removed_tool_ids"": [15, 18, 19, 21, 27, 28], ""right_hand_translation_m"": null, ""selected_step"": ""r2_bearing_left"", ""step_attempt"": 6, ""step_elapsed_s"": 8.42286218504887, ""step_event_index"": 37, ""total_hand_translation_m"": null, ""trial_finished_elapsed_s"": null, ""trial_recording"": true, ""trial_required_tool_ids"": [20, 34]}"
2026-09-04T14:05:55.315-04:00,kuber,gesture,hover,hover,r2_bearing_left,Row 2.3: bearing into left stand,ready,6,38,34,BEARINGS,,,,,,,,,,,,,,,,,,,,,,,"{""acquired_tool_ids"": [20], ""acquisition_complete"": false, ""completed_steps"": [""r2_bearing_right"", ""r1_bearing_right"", ""r1_bearing_left"", ""r2_gear_rod""], ""head_rotation_deg"": null, ""head_translation_m"": null, ""left_hand_translation_m"": null, ""removed_tool_ids"": [15, 18, 19, 21, 27, 28], ""right_hand_translation_m"": null, ""selected_step"": ""r2_bearing_left"", ""step_attempt"": 6, ""step_elapsed_s"": 8.674609767040238, ""step_event_index"": 38, ""total_hand_translation_m"": null, ""trial_finished_elapsed_s"": null, ""trial_recording"": true, ""trial_required_tool_ids"": [20, 34]}"
2026-09-04T14:05:55.356-04:00,kuber,gesture,tts_queued,lifecycle,r2_bearing_left,Row 2.3: bearing into left stand,ready,6,39,,,,8.715917,,,,,,,,,,,,,,,,bearing,,,replace_hover,,"{""acquired_tool_ids"": [20], ""acquisition_complete"": false, ""completed_steps"": [""r2_bearing_right"", ""r1_bearing_right"", ""r1_bearing_left"", ""r2_gear_rod""], ""head_rotation_deg"": null, ""head_translation_m"": null, ""left_hand_translation_m"": null, ""removed_tool_ids"": [15, 18, 19, 21, 27, 28], ""right_hand_translation_m"": null, ""selected_step"": ""r2_bearing_left"", ""step_attempt"": 6, ""step_elapsed_s"": 8.71592903509736, ""step_event_index"": 39, ""total_hand_translation_m"": null, ""trial_finished_elapsed_s"": null, ""trial_recording"": true, ""trial_required_tool_ids"": [20, 34]}"
2026-09-04T14:05:55.412-04:00,kuber,gesture,tts_finished,lifecycle,r2_bearing_left,Row 2.3: bearing into left stand,ready,6,40,,,,8.771522,,,,,,,,,,,,,,,,handle,,,,,"{""acquired_tool_ids"": [20], ""acquisition_complete"": false, ""completed_steps"": [""r2_bearing_right"", ""r1_bearing_right"", ""r1_bearing_left"", ""r2_gear_rod""], ""head_rotation_deg"": null, ""head_translation_m"": null, ""left_hand_translation_m"": null, ""removed_tool_ids"": [15, 18, 19, 21, 27, 28], ""right_hand_translation_m"": null, ""selected_step"": ""r2_bearing_left"", ""step_attempt"": 6, ""step_elapsed_s"": 8.771531806094572, ""step_event_index"": 40, ""total_hand_translation_m"": null, ""trial_finished_elapsed_s"": null, ""trial_recording"": true, ""trial_required_tool_ids"": [20, 34]}"
2026-09-04T14:05:55.472-04:00,kuber,gesture,tts_started,lifecycle,r2_bearing_left,Row 2.3: bearing into left stand,ready,6,41,,,,8.831604,,,,,,,,,,,,,,,,bearing,,,,,"{""acquired_tool_ids"": [20], ""acquisition_complete"": false, ""completed_steps"": [""r2_bearing_right"", ""r1_bearing_right"", ""r1_bearing_left"", ""r2_gear_rod""], ""head_rotation_deg"": null, ""head_translation_m"": null, ""left_hand_translation_m"": null, ""removed_tool_ids"": [15, 18, 19, 21, 27, 28], ""right_hand_translation_m"": null, ""selected_step"": ""r2_bearing_left"", ""step_attempt"": 6, ""step_elapsed_s"": 8.831613991060294, ""step_event_index"": 41, ""total_hand_translation_m"": null, ""trial_finished_elapsed_s"": null, ""trial_recording"": true, ""trial_required_tool_ids"": [20, 34]}"
2026-09-04T14:05:55.532-04:00,kuber,gesture,hover,hover,r2_bearing_left,Row 2.3: bearing into left stand,ready,6,42,30,GEAR_ROW3_RIGHT,,,,,,,,,,,,,,,,,,,,,,,"{""acquired_tool_ids"": [20], ""acquisition_complete"": false, ""completed_steps"": [""r2_bearing_right"", ""r1_bearing_right"", ""r1_bearing_left"", ""r2_gear_rod""], ""head_rotation_deg"": null, ""head_translation_m"": null, ""left_hand_translation_m"": null, ""removed_tool_ids"": [15, 18, 19, 21, 27, 28], ""right_hand_translation_m"": null, ""selected_step"": ""r2_bearing_left"", ""step_attempt"": 6, ""step_elapsed_s"": 8.891736396006308, ""step_event_index"": 42, ""total_hand_translation_m"": null, ""trial_finished_elapsed_s"": null, ""trial_recording"": true, ""trial_required_tool_ids"": [20, 34]}"
2026-09-04T14:05:55.556-04:00,kuber,gesture,tts_queued,lifecycle,r2_bearing_left,Row 2.3: bearing into left stand,ready,6,43,,,,8.915804,,,,,,,,,,,,,,,,Row 3 right gear,,,replace_hover,,"{""acquired_tool_ids"": [20], ""acquisition_complete"": false, ""completed_steps"": [""r2_bearing_right"", ""r1_bearing_right"", ""r1_bearing_left"", ""r2_gear_rod""], ""head_rotation_deg"": null, ""head_translation_m"": null, ""left_hand_translation_m"": null, ""removed_tool_ids"": [15, 18, 19, 21, 27, 28], ""right_hand_translation_m"": null, ""selected_step"": ""r2_bearing_left"", ""step_attempt"": 6, ""step_elapsed_s"": 8.915816552005708, ""step_event_index"": 43, ""total_hand_translation_m"": null, ""trial_finished_elapsed_s"": null, ""trial_recording"": true, ""trial_required_tool_ids"": [20, 34]}"
2026-09-04T14:05:55.614-04:00,kuber,gesture,tts_finished,lifecycle,r2_bearing_left,Row 2.3: bearing into left stand,ready,6,44,,,,8.973681,,,,,,,,,,,,,,,,bearing,,,,,"{""acquired_tool_ids"": [20], ""acquisition_complete"": false, ""completed_steps"": [""r2_bearing_right"", ""r1_bearing_right"", ""r1_bearing_left"", ""r2_gear_rod""], ""head_rotation_deg"": null, ""head_translation_m"": null, ""left_hand_translation_m"": null, ""removed_tool_ids"": [15, 18, 19, 21, 27, 28], ""right_hand_translation_m"": null, ""selected_step"": ""r2_bearing_left"", ""step_attempt"": 6, ""step_elapsed_s"": 8.973696771077812, ""step_event_index"": 44, ""total_hand_translation_m"": null, ""trial_finished_elapsed_s"": null, ""trial_recording"": true, ""trial_required_tool_ids"": [20, 34]}"
2026-09-04T14:05:55.705-04:00,kuber,gesture,tts_started,lifecycle,r2_bearing_left,Row 2.3: bearing into left stand,ready,6,45,,,,9.065077,,,,,,,,,,,,,,,,Row 3 right gear,,,,,"{""acquired_tool_ids"": [20], ""acquisition_complete"": false, ""completed_steps"": [""r2_bearing_right"", ""r1_bearing_right"", ""r1_bearing_left"", ""r2_gear_rod""], ""head_rotation_deg"": null, ""head_translation_m"": null, ""left_hand_translation_m"": null, ""removed_tool_ids"": [15, 18, 19, 21, 27, 28], ""right_hand_translation_m"": null, ""selected_step"": ""r2_bearing_left"", ""step_attempt"": 6, ""step_elapsed_s"": 9.065095509053208, ""step_event_index"": 45, ""total_hand_translation_m"": null, ""trial_finished_elapsed_s"": null, ""trial_recording"": true, ""trial_required_tool_ids"": [20, 34]}"
2026-09-04T14:05:55.815-04:00,kuber,gesture,hover,hover,r2_bearing_left,Row 2.3: bearing into left stand,ready,6,46,29,GEAR_ROW3_LEFT,,,,,,,,,,,,,,,,,,,,,,,"{""acquired_tool_ids"": [20], ""acquisition_complete"": false, ""completed_steps"": [""r2_bearing_right"", ""r1_bearing_right"", ""r1_bearing_left"", ""r2_gear_rod""], ""head_rotation_deg"": null, ""head_translation_m"": null, ""left_hand_translation_m"": null, ""removed_tool_ids"": [15, 18, 19, 21, 27, 28], ""right_hand_translation_m"": null, ""selected_step"": ""r2_bearing_left"", ""step_attempt"": 6, ""step_elapsed_s"": 9.17437362507917, ""step_event_index"": 46, ""total_hand_translation_m"": null, ""trial_finished_elapsed_s"": null, ""trial_recording"": true, ""trial_required_tool_ids"": [20, 34]}"
2026-09-04T14:05:55.858-04:00,kuber,gesture,tts_queued,lifecycle,r2_bearing_left,Row 2.3: bearing into left stand,ready,6,47,,,,9.217705,,,,,,,,,,,,,,,,Row 3 left gear,,,replace_hover,,"{""acquired_tool_ids"": [20], ""acquisition_complete"": false, ""completed_steps"": [""r2_bearing_right"", ""r1_bearing_right"", ""r1_bearing_left"", ""r2_gear_rod""], ""head_rotation_deg"": null, ""head_translation_m"": null, ""left_hand_translation_m"": null, ""removed_tool_ids"": [15, 18, 19, 21, 27, 28], ""right_hand_translation_m"": null, ""selected_step"": ""r2_bearing_left"", ""step_attempt"": 6, ""step_elapsed_s"": 9.217719280044548, ""step_event_index"": 47, ""total_hand_translation_m"": null, ""trial_finished_elapsed_s"": null, ""trial_recording"": true, ""trial_required_tool_ids"": [20, 34]}"
2026-09-04T14:05:55.914-04:00,kuber,gesture,hover,hover,r2_bearing_left,Row 2.3: bearing into left stand,ready,6,48,30,GEAR_ROW3_RIGHT,,,,,,,,,,,,,,,,,,,,,,,"{""acquired_tool_ids"": [20], ""acquisition_complete"": false, ""completed_steps"": [""r2_bearing_right"", ""r1_bearing_right"", ""r1_bearing_left"", ""r2_gear_rod""], ""head_rotation_deg"": null, ""head_translation_m"": null, ""left_hand_translation_m"": null, ""removed_tool_ids"": [15, 18, 19, 21, 27, 28], ""right_hand_translation_m"": null, ""selected_step"": ""r2_bearing_left"", ""step_attempt"": 6, ""step_elapsed_s"": 9.273560855071992, ""step_event_index"": 48, ""total_hand_translation_m"": null, ""trial_finished_elapsed_s"": null, ""trial_recording"": true, ""trial_required_tool_ids"": [20, 34]}"
2026-09-04T14:05:55.978-04:00,kuber,gesture,tts_queued,lifecycle,r2_bearing_left,Row 2.3: bearing into left stand,ready,6,49,,,,9.337343,,,,,,,,,,,,,,,,Row 3 right gear,,,replace_hover,,"{""acquired_tool_ids"": [20], ""acquisition_complete"": false, ""completed_steps"": [""r2_bearing_right"", ""r1_bearing_right"", ""r1_bearing_left"", ""r2_gear_rod""], ""head_rotation_deg"": null, ""head_translation_m"": null, ""left_hand_translation_m"": null, ""removed_tool_ids"": [15, 18, 19, 21, 27, 28], ""right_hand_translation_m"": null, ""selected_step"": ""r2_bearing_left"", ""step_attempt"": 6, ""step_elapsed_s"": 9.33735642908141, ""step_event_index"": 49, ""total_hand_translation_m"": null, ""trial_finished_elapsed_s"": null, ""trial_recording"": true, ""trial_required_tool_ids"": [20, 34]}"
2026-09-04T14:05:56.072-04:00,kuber,gesture,tts_finished,lifecycle,r2_bearing_left,Row 2.3: bearing into left stand,ready,6,50,,,,9.431877,,,,,,,,,,,,,,,,Row 3 right gear,,,,,"{""acquired_tool_ids"": [20], ""acquisition_complete"": false, ""completed_steps"": [""r2_bearing_right"", ""r1_bearing_right"", ""r1_bearing_left"", ""r2_gear_rod""], ""head_rotation_deg"": null, ""head_translation_m"": null, ""left_hand_translation_m"": null, ""removed_tool_ids"": [15, 18, 19, 21, 27, 28], ""right_hand_translation_m"": null, ""selected_step"": ""r2_bearing_left"", ""step_attempt"": 6, ""step_elapsed_s"": 9.431889657047577, ""step_event_index"": 50, ""total_hand_translation_m"": null, ""trial_finished_elapsed_s"": null, ""trial_recording"": true, ""trial_required_tool_ids"": [20, 34]}"
2026-09-04T14:05:56.159-04:00,kuber,gesture,tts_started,lifecycle,r2_bearing_left,Row 2.3: bearing into left stand,ready,6,51,,,,9.519008,,,,,,,,,,,,,,,,Row 3 left gear,,,,,"{""acquired_tool_ids"": [20], ""acquisition_complete"": false, ""completed_steps"": [""r2_bearing_right"", ""r1_bearing_right"", ""r1_bearing_left"", ""r2_gear_rod""], ""head_rotation_deg"": null, ""head_translation_m"": null, ""left_hand_translation_m"": null, ""removed_tool_ids"": [15, 18, 19, 21, 27, 28], ""right_hand_translation_m"": null, ""selected_step"": ""r2_bearing_left"", ""step_attempt"": 6, ""step_elapsed_s"": 9.519019337021746, ""step_event_index"": 51, ""total_hand_translation_m"": null, ""trial_finished_elapsed_s"": null, ""trial_recording"": true, ""trial_required_tool_ids"": [20, 34]}"
2026-09-04T14:05:56.435-04:00,kuber,gesture,hover,hover,r2_bearing_left,Row 2.3: bearing into left stand,ready,6,52,34,BEARINGS,,,,,,,,,,,,,,,,,,,,,,,"{""acquired_tool_ids"": [20], ""acquisition_complete"": false, ""completed_steps"": [""r2_bearing_right"", ""r1_bearing_right"", ""r1_bearing_left"", ""r2_gear_rod""], ""head_rotation_deg"": null, ""head_translation_m"": null, ""left_hand_translation_m"": null, ""removed_tool_ids"": [15, 18, 19, 21, 27, 28], ""right_hand_translation_m"": null, ""selected_step"": ""r2_bearing_left"", ""step_attempt"": 6, ""step_elapsed_s"": 9.794691170100123, ""step_event_index"": 52, ""total_hand_translation_m"": null, ""trial_finished_elapsed_s"": null, ""trial_recording"": true, ""trial_required_tool_ids"": [20, 34]}"
2026-09-04T14:05:56.507-04:00,kuber,gesture,tts_queued,lifecycle,r2_bearing_left,Row 2.3: bearing into left stand,ready,6,53,,,,9.866896,,,,,,,,,,,,,,,,bearing,,,replace_hover,,"{""acquired_tool_ids"": [20], ""acquisition_complete"": false, ""completed_steps"": [""r2_bearing_right"", ""r1_bearing_right"", ""r1_bearing_left"", ""r2_gear_rod""], ""head_rotation_deg"": null, ""head_translation_m"": null, ""left_hand_translation_m"": null, ""removed_tool_ids"": [15, 18, 19, 21, 27, 28], ""right_hand_translation_m"": null, ""selected_step"": ""r2_bearing_left"", ""step_attempt"": 6, ""step_elapsed_s"": 9.866936080041341, ""step_event_index"": 53, ""total_hand_translation_m"": null, ""trial_finished_elapsed_s"": null, ""trial_recording"": true, ""trial_required_tool_ids"": [20, 34]}"
2026-09-04T14:05:56.575-04:00,kuber,gesture,tts_finished,lifecycle,r2_bearing_left,Row 2.3: bearing into left stand,ready,6,54,,,,9.934483,,,,,,,,,,,,,,,,Row 3 left gear,,,,,"{""acquired_tool_ids"": [20], ""acquisition_complete"": false, ""completed_steps"": [""r2_bearing_right"", ""r1_bearing_right"", ""r1_bearing_left"", ""r2_gear_rod""], ""head_rotation_deg"": null, ""head_translation_m"": null, ""left_hand_translation_m"": null, ""removed_tool_ids"": [15, 18, 19, 21, 27, 28], ""right_hand_translation_m"": null, ""selected_step"": ""r2_bearing_left"", ""step_attempt"": 6, ""step_elapsed_s"": 9.934498987044208, ""step_event_index"": 54, ""total_hand_translation_m"": null, ""trial_finished_elapsed_s"": null, ""trial_recording"": true, ""trial_required_tool_ids"": [20, 34]}"
2026-09-04T14:05:56.644-04:00,kuber,gesture,tts_started,lifecycle,r2_bearing_left,Row 2.3: bearing into left stand,ready,6,55,,,,10.003518,,,,,,,,,,,,,,,,bearing,,,,,"{""acquired_tool_ids"": [20], ""acquisition_complete"": false, ""completed_steps"": [""r2_bearing_right"", ""r1_bearing_right"", ""r1_bearing_left"", ""r2_gear_rod""], ""head_rotation_deg"": null, ""head_translation_m"": null, ""left_hand_translation_m"": null, ""removed_tool_ids"": [15, 18, 19, 21, 27, 28], ""right_hand_translation_m"": null, ""selected_step"": ""r2_bearing_left"", ""step_attempt"": 6, ""step_elapsed_s"": 10.003528344095685, ""step_event_index"": 55, ""total_hand_translation_m"": null, ""trial_finished_elapsed_s"": null, ""trial_recording"": true, ""trial_required_tool_ids"": [20, 34]}"
2026-09-04T14:05:56.732-04:00,kuber,gesture,part_selection,click,r2_bearing_left,Row 2.3: bearing into left stand,ready,6,56,34,BEARINGS,5.467088,10.091668,,,,,,,,,,,,,,,1,,,,,,"{""acquired_tool_ids"": [20, 34], ""acquisition_complete"": false, ""completed_steps"": [""r2_bearing_right"", ""r1_bearing_right"", ""r1_bearing_left"", ""r2_gear_rod""], ""head_rotation_deg"": null, ""head_translation_m"": null, ""left_hand_translation_m"": null, ""removed_tool_ids"": [15, 18, 19, 21, 27, 28], ""right_hand_translation_m"": null, ""selected_step"": ""r2_bearing_left"", ""step_attempt"": 6, ""step_elapsed_s"": 10.091717119095847, ""step_event_index"": 56, ""total_hand_translation_m"": null, ""trial_finished_elapsed_s"": null, ""trial_recording"": true, ""trial_required_tool_ids"": [20, 34]}"
2026-09-04T14:05:56.780-04:00,kuber,gesture,object_acquired,click,r2_bearing_left,Row 2.3: bearing into left stand,ready,6,57,34,BEARINGS,5.467088,10.091668,,,,,,,,,,,,,,,1,,,,,,"{""acquired_tool_ids"": [20, 34], ""acquisition_complete"": false, ""completed_steps"": [""r2_bearing_right"", ""r1_bearing_right"", ""r1_bearing_left"", ""r2_gear_rod""], ""head_rotation_deg"": null, ""head_translation_m"": null, ""left_hand_translation_m"": null, ""removed_tool_ids"": [15, 18, 19, 21, 27, 28], ""right_hand_translation_m"": null, ""selected_step"": ""r2_bearing_left"", ""step_attempt"": 6, ""step_elapsed_s"": 10.139790205052122, ""step_event_index"": 57, ""total_hand_translation_m"": null, ""trial_finished_elapsed_s"": null, ""trial_recording"": true, ""trial_required_tool_ids"": [20, 34]}"
2026-09-04T14:05:56.831-04:00,kuber,gesture,step_acquisition_complete,click,r2_bearing_left,Row 2.3: bearing into left stand,ready,6,58,,,,10.189984,0.114324,25.127093,0.343937,0.343541,0.687478,0.000000,5.810750,5.810750,58.492874,0,13,0.000000,0.138937,0.138937,,,,,,,"{""acquired_tool_ids"": [20, 34], ""acquisition_complete"": true, ""any_hover_time_s"": 5.810750137083232, ""completed_steps"": [""r2_bearing_right"", ""r1_bearing_right"", ""r1_bearing_left"", ""r2_gear_rod""], ""head_rotation_deg"": 25.127092697453392, ""head_translation_m"": 0.1143237837299125, ""hover_time_percent"": 58.49287437965839, ""left_hand_translation_m"": 0.34393698492261404, ""left_hover_episodes"": 0, ""left_hover_time_s"": 0.0, ""left_hover_translation_m"": 0.0, ""removed_tool_ids"": [15, 18, 19, 20, 21, 27, 28], ""right_hand_translation_m"": 0.34354142422657763, ""right_hover_episodes"": 13, ""right_hover_time_s"": 5.810750137083232, ""right_hover_translation_m"": 0.13893662832663622, ""selected_step"": ""r2_bearing_left"", ""step_attempt"": 6, ""step_elapsed_s"": 10.189983702031896, ""step_event_index"": 58, ""total_hand_translation_m"": 0.6874784091491917, ""total_hover_translation_m"": 0.13893662832663622, ""trial_finished_elapsed_s"": 10.189983702031896, ""trial_recording"": false, ""trial_required_tool_ids"": [20, 34]}"
2026-09-04T14:05:56.874-04:00,kuber,gesture,graph_complete,,r2_bearing_left,Row 2.3: bearing into left stand,complete,6,59,,,,,,,,,,,,,,,,,,,,,,,,,"{""acquired_tool_ids"": [20, 34], ""acquisition_complete"": true, ""any_hover_time_s"": 5.810750137083232, ""completed_steps"": [""r2_bearing_right"", ""r1_bearing_right"", ""r1_bearing_left"", ""r2_gear_rod"", ""r2_bearing_left""], ""head_rotation_deg"": 25.127092697453392, ""head_translation_m"": 0.1143237837299125, ""hover_time_percent"": 58.49287437965839, ""left_hand_translation_m"": 0.34393698492261404, ""left_hover_episodes"": 0, ""left_hover_time_s"": 0.0, ""left_hover_translation_m"": 0.0, ""removed_tool_ids"": [15, 18, 19, 20, 21, 27, 28], ""right_hand_translation_m"": 0.34354142422657763, ""right_hover_episodes"": 13, ""right_hover_time_s"": 5.810750137083232, ""right_hover_translation_m"": 0.13893662832663622, ""selected_step"": ""r2_bearing_left"", ""step_attempt"": 6, ""step_elapsed_s"": 10.189983702031896, ""step_event_index"": 59, ""total_hand_translation_m"": 0.6874784091491917, ""total_hover_translation_m"": 0.13893662832663622, ""trial_finished_elapsed_s"": 10.189983702031896, ""trial_recording"": false, ""trial_required_tool_ids"": [20, 34]}"
2026-09-04T14:06:10.268-04:00,kuber,gesture,step_started,keyboard,r2_fasten_first_stand,Row 2.4: fasten right stand,ready,7,1,,,,,,,,,,,,,,,,,,,,,,,,,"{""acquired_tool_ids"": [], ""acquisition_complete"": false, ""completed_steps"": [""r2_bearing_right"", ""r1_bearing_right"", ""r1_bearing_left"", ""r2_gear_rod"", ""r2_bearing_left""], ""head_rotation_deg"": null, ""head_translation_m"": null, ""left_hand_translation_m"": null, ""removed_tool_ids"": [15, 18, 19, 20, 21, 27, 28], ""right_hand_translation_m"": null, ""selected_step"": ""r2_fasten_first_stand"", ""step_attempt"": 7, ""step_elapsed_s"": 7.363304030150175e-05, ""step_event_index"": 1, ""total_hand_translation_m"": null, ""trial_finished_elapsed_s"": null, ""trial_recording"": true, ""trial_required_tool_ids"": [7, 35, 37]}"
2026-09-04T14:06:10.434-04:00,kuber,gesture,hover,hover,r2_fasten_first_stand,Row 2.4: fasten right stand,ready,7,2,4,WRENCH_15,,,,,,,,,,,,,,,,,,,,,,,"{""acquired_tool_ids"": [], ""acquisition_complete"": false, ""completed_steps"": [""r2_bearing_right"", ""r1_bearing_right"", ""r1_bearing_left"", ""r2_gear_rod"", ""r2_bearing_left""], ""head_rotation_deg"": null, ""head_translation_m"": null, ""left_hand_translation_m"": null, ""removed_tool_ids"": [15, 18, 19, 20, 21, 27, 28], ""right_hand_translation_m"": null, ""selected_step"": ""r2_fasten_first_stand"", ""step_attempt"": 7, ""step_elapsed_s"": 0.1657980710733682, ""step_event_index"": 2, ""total_hand_translation_m"": null, ""trial_finished_elapsed_s"": null, ""trial_recording"": true, ""trial_required_tool_ids"": [7, 35, 37]}"
2026-09-04T14:06:10.466-04:00,kuber,gesture,tts_queued,lifecycle,r2_fasten_first_stand,Row 2.4: fasten right stand,ready,7,3,,,,0.198025,,,,,,,,,,,,,,,,part,,,replace_hover,,"{""acquired_tool_ids"": [], ""acquisition_complete"": false, ""completed_steps"": [""r2_bearing_right"", ""r1_bearing_right"", ""r1_bearing_left"", ""r2_gear_rod"", ""r2_bearing_left""], ""head_rotation_deg"": null, ""head_translation_m"": null, ""left_hand_translation_m"": null, ""removed_tool_ids"": [15, 18, 19, 20, 21, 27, 28], ""right_hand_translation_m"": null, ""selected_step"": ""r2_fasten_first_stand"", ""step_attempt"": 7, ""step_elapsed_s"": 0.1980380869936198, ""step_event_index"": 3, ""total_hand_translation_m"": null, ""trial_finished_elapsed_s"": null, ""trial_recording"": true, ""trial_required_tool_ids"": [7, 35, 37]}"
2026-09-04T14:06:10.521-04:00,kuber,gesture,tts_started,lifecycle,r2_fasten_first_stand,Row 2.4: fasten right stand,ready,7,4,,,,0.253024,,,,,,,,,,,,,,,,part,,,,,"{""acquired_tool_ids"": [], ""acquisition_complete"": false, ""completed_steps"": [""r2_bearing_right"", ""r1_bearing_right"", ""r1_bearing_left"", ""r2_gear_rod"", ""r2_bearing_left""], ""head_rotation_deg"": null, ""head_translation_m"": null, ""left_hand_translation_m"": null, ""removed_tool_ids"": [15, 18, 19, 20, 21, 27, 28], ""right_hand_translation_m"": null, ""selected_step"": ""r2_fasten_first_stand"", ""step_attempt"": 7, ""step_elapsed_s"": 0.25303677504416555, ""step_event_index"": 4, ""total_hand_translation_m"": null, ""trial_finished_elapsed_s"": null, ""trial_recording"": true, ""trial_required_tool_ids"": [7, 35, 37]}"
2026-09-04T14:06:10.968-04:00,kuber,gesture,tts_finished,lifecycle,r2_fasten_first_stand,Row 2.4: fasten right stand,ready,7,5,,,,0.700724,,,,,,,,,,,,,,,,part,,,,,"{""acquired_tool_ids"": [], ""acquisition_complete"": false, ""completed_steps"": [""r2_bearing_right"", ""r1_bearing_right"", ""r1_bearing_left"", ""r2_gear_rod"", ""r2_bearing_left""], ""head_rotation_deg"": null, ""head_translation_m"": null, ""left_hand_translation_m"": null, ""removed_tool_ids"": [15, 18, 19, 20, 21, 27, 28], ""right_hand_translation_m"": null, ""selected_step"": ""r2_fasten_first_stand"", ""step_attempt"": 7, ""step_elapsed_s"": 0.7007379230344668, ""step_event_index"": 5, ""total_hand_translation_m"": null, ""trial_finished_elapsed_s"": null, ""trial_recording"": true, ""trial_required_tool_ids"": [7, 35, 37]}"
2026-09-04T14:06:11.170-04:00,kuber,gesture,hover,hover,r2_fasten_first_stand,Row 2.4: fasten right stand,ready,7,6,3,WRENCH_14,,,,,,,,,,,,,,,,,,,,,,,"{""acquired_tool_ids"": [], ""acquisition_complete"": false, ""completed_steps"": [""r2_bearing_right"", ""r1_bearing_right"", ""r1_bearing_left"", ""r2_gear_rod"", ""r2_bearing_left""], ""head_rotation_deg"": null, ""head_translation_m"": null, ""left_hand_translation_m"": null, ""removed_tool_ids"": [15, 18, 19, 20, 21, 27, 28], ""right_hand_translation_m"": null, ""selected_step"": ""r2_fasten_first_stand"", ""step_attempt"": 7, ""step_elapsed_s"": 0.9024097030051053, ""step_event_index"": 6, ""total_hand_translation_m"": null, ""trial_finished_elapsed_s"": null, ""trial_recording"": true, ""trial_required_tool_ids"": [7, 35, 37]}"
2026-09-04T14:06:11.209-04:00,kuber,gesture,tts_queued,lifecycle,r2_fasten_first_stand,Row 2.4: fasten right stand,ready,7,7,,,,0.941232,,,,,,,,,,,,,,,,part,,,replace_hover,,"{""acquired_tool_ids"": [], ""acquisition_complete"": false, ""completed_steps"": [""r2_bearing_right"", ""r1_bearing_right"", ""r1_bearing_left"", ""r2_gear_rod"", ""r2_bearing_left""], ""head_rotation_deg"": null, ""head_translation_m"": null, ""left_hand_translation_m"": null, ""removed_tool_ids"": [15, 18, 19, 20, 21, 27, 28], ""right_hand_translation_m"": null, ""selected_step"": ""r2_fasten_first_stand"", ""step_attempt"": 7, ""step_elapsed_s"": 0.9412556979805231, ""step_event_index"": 7, ""total_hand_translation_m"": null, ""trial_finished_elapsed_s"": null, ""trial_recording"": true, ""trial_required_tool_ids"": [7, 35, 37]}"
2026-09-04T14:06:11.269-04:00,kuber,gesture,tts_started,lifecycle,r2_fasten_first_stand,Row 2.4: fasten right stand,ready,7,8,,,,1.001344,,,,,,,,,,,,,,,,part,,,,,"{""acquired_tool_ids"": [], ""acquisition_complete"": false, ""completed_steps"": [""r2_bearing_right"", ""r1_bearing_right"", ""r1_bearing_left"", ""r2_gear_rod"", ""r2_bearing_left""], ""head_rotation_deg"": null, ""head_translation_m"": null, ""left_hand_translation_m"": null, ""removed_tool_ids"": [15, 18, 19, 20, 21, 27, 28], ""right_hand_translation_m"": null, ""selected_step"": ""r2_fasten_first_stand"", ""step_attempt"": 7, ""step_elapsed_s"": 1.00137563503813, ""step_event_index"": 8, ""total_hand_translation_m"": null, ""trial_finished_elapsed_s"": null, ""trial_recording"": true, ""trial_required_tool_ids"": [7, 35, 37]}"
2026-09-04T14:06:11.669-04:00,kuber,gesture,tts_finished,lifecycle,r2_fasten_first_stand,Row 2.4: fasten right stand,ready,7,9,,,,1.401529,,,,,,,,,,,,,,,,part,,,,,"{""acquired_tool_ids"": [], ""acquisition_complete"": false, ""completed_steps"": [""r2_bearing_right"", ""r1_bearing_right"", ""r1_bearing_left"", ""r2_gear_rod"", ""r2_bearing_left""], ""head_rotation_deg"": null, ""head_translation_m"": null, ""left_hand_translation_m"": null, ""removed_tool_ids"": [15, 18, 19, 20, 21, 27, 28], ""right_hand_translation_m"": null, ""selected_step"": ""r2_fasten_first_stand"", ""step_attempt"": 7, ""step_elapsed_s"": 1.4015396850882098, ""step_event_index"": 9, ""total_hand_translation_m"": null, ""trial_finished_elapsed_s"": null, ""trial_recording"": true, ""trial_required_tool_ids"": [7, 35, 37]}"
2026-09-04T14:06:11.717-04:00,kuber,gesture,hover,hover,r2_fasten_first_stand,Row 2.4: fasten right stand,ready,7,10,7,BIT_SCREWDRIVER,,,,,,,,,,,,,,,,,,,,,,,"{""acquired_tool_ids"": [], ""acquisition_complete"": false, ""completed_steps"": [""r2_bearing_right"", ""r1_bearing_right"", ""r1_bearing_left"", ""r2_gear_rod"", ""r2_bearing_left""], ""head_rotation_deg"": null, ""head_translation_m"": null, ""left_hand_translation_m"": null, ""removed_tool_ids"": [15, 18, 19, 20, 21, 27, 28], ""right_hand_translation_m"": null, ""selected_step"": ""r2_fasten_first_stand"", ""step_attempt"": 7, ""step_elapsed_s"": 1.4495838490547612, ""step_event_index"": 10, ""total_hand_translation_m"": null, ""trial_finished_elapsed_s"": null, ""trial_recording"": true, ""trial_required_tool_ids"": [7, 35, 37]}"
2026-09-04T14:06:11.751-04:00,kuber,gesture,tts_queued,lifecycle,r2_fasten_first_stand,Row 2.4: fasten right stand,ready,7,11,,,,1.483252,,,,,,,,,,,,,,,,interchangeable-bit screwdriver,,,replace_hover,,"{""acquired_tool_ids"": [], ""acquisition_complete"": false, ""completed_steps"": [""r2_bearing_right"", ""r1_bearing_right"", ""r1_bearing_left"", ""r2_gear_rod"", ""r2_bearing_left""], ""head_rotation_deg"": null, ""head_translation_m"": null, ""left_hand_translation_m"": null, ""removed_tool_ids"": [15, 18, 19, 20, 21, 27, 28], ""right_hand_translation_m"": null, ""selected_step"": ""r2_fasten_first_stand"", ""step_attempt"": 7, ""step_elapsed_s"": 1.4832677590893582, ""step_event_index"": 11, ""total_hand_translation_m"": null, ""trial_finished_elapsed_s"": null, ""trial_recording"": true, ""trial_required_tool_ids"": [7, 35, 37]}"
2026-09-04T14:06:11.811-04:00,kuber,gesture,tts_started,lifecycle,r2_fasten_first_stand,Row 2.4: fasten right stand,ready,7,12,,,,1.543613,,,,,,,,,,,,,,,,interchangeable-bit screwdriver,,,,,"{""acquired_tool_ids"": [], ""acquisition_complete"": false, ""completed_steps"": [""r2_bearing_right"", ""r1_bearing_right"", ""r1_bearing_left"", ""r2_gear_rod"", ""r2_bearing_left""], ""head_rotation_deg"": null, ""head_translation_m"": null, ""left_hand_translation_m"": null, ""removed_tool_ids"": [15, 18, 19, 20, 21, 27, 28], ""right_hand_translation_m"": null, ""selected_step"": ""r2_fasten_first_stand"", ""step_attempt"": 7, ""step_elapsed_s"": 1.5436259920243174, ""step_event_index"": 12, ""total_hand_translation_m"": null, ""trial_finished_elapsed_s"": null, ""trial_recording"": true, ""trial_required_tool_ids"": [7, 35, 37]}"
2026-09-04T14:06:13.670-04:00,kuber,gesture,part_selection,click,r2_fasten_first_stand,Row 2.4: fasten right stand,ready,7,13,7,BIT_SCREWDRIVER,3.401818,3.401818,,,,,,,,,,,,,,,1,,,,,,"{""acquired_tool_ids"": [7], ""acquisition_complete"": false, ""completed_steps"": [""r2_bearing_right"", ""r1_bearing_right"", ""r1_bearing_left"", ""r2_gear_rod"", ""r2_bearing_left""], ""head_rotation_deg"": null, ""head_translation_m"": null, ""left_hand_translation_m"": null, ""removed_tool_ids"": [15, 18, 19, 20, 21, 27, 28], ""right_hand_translation_m"": null, ""selected_step"": ""r2_fasten_first_stand"", ""step_attempt"": 7, ""step_elapsed_s"": 3.4018678130814806, ""step_event_index"": 13, ""total_hand_translation_m"": null, ""trial_finished_elapsed_s"": null, ""trial_recording"": true, ""trial_required_tool_ids"": [7, 35, 37]}"
2026-09-04T14:06:13.710-04:00,kuber,gesture,object_acquired,click,r2_fasten_first_stand,Row 2.4: fasten right stand,ready,7,14,7,BIT_SCREWDRIVER,3.401818,3.401818,,,,,,,,,,,,,,,1,,,,,,"{""acquired_tool_ids"": [7], ""acquisition_complete"": false, ""completed_steps"": [""r2_bearing_right"", ""r1_bearing_right"", ""r1_bearing_left"", ""r2_gear_rod"", ""r2_bearing_left""], ""head_rotation_deg"": null, ""head_translation_m"": null, ""left_hand_translation_m"": null, ""removed_tool_ids"": [15, 18, 19, 20, 21, 27, 28], ""right_hand_translation_m"": null, ""selected_step"": ""r2_fasten_first_stand"", ""step_attempt"": 7, ""step_elapsed_s"": 3.4425691260257736, ""step_event_index"": 14, ""total_hand_translation_m"": null, ""trial_finished_elapsed_s"": null, ""trial_recording"": true, ""trial_required_tool_ids"": [7, 35, 37]}"
2026-09-04T14:06:13.746-04:00,kuber,gesture,tts_queued,lifecycle,r2_fasten_first_stand,Row 2.4: fasten right stand,ready,7,15,,,,3.477800,,,,,,,,,,,,,,,,2 parts left.,,,replace,,"{""acquired_tool_ids"": [7], ""acquisition_complete"": false, ""completed_steps"": [""r2_bearing_right"", ""r1_bearing_right"", ""r1_bearing_left"", ""r2_gear_rod"", ""r2_bearing_left""], ""head_rotation_deg"": null, ""head_translation_m"": null, ""left_hand_translation_m"": null, ""removed_tool_ids"": [15, 18, 19, 20, 21, 27, 28], ""right_hand_translation_m"": null, ""selected_step"": ""r2_fasten_first_stand"", ""step_attempt"": 7, ""step_elapsed_s"": 3.477814625017345, ""step_event_index"": 15, ""total_hand_translation_m"": null, ""trial_finished_elapsed_s"": null, ""trial_recording"": true, ""trial_required_tool_ids"": [7, 35, 37]}"
2026-09-04T14:06:13.813-04:00,kuber,gesture,tts_finished,lifecycle,r2_fasten_first_stand,Row 2.4: fasten right stand,ready,7,16,,,,3.545008,,,,,,,,,,,,,,,,interchangeable-bit screwdriver,,,,,"{""acquired_tool_ids"": [7], ""acquisition_complete"": false, ""completed_steps"": [""r2_bearing_right"", ""r1_bearing_right"", ""r1_bearing_left"", ""r2_gear_rod"", ""r2_bearing_left""], ""head_rotation_deg"": null, ""head_translation_m"": null, ""left_hand_translation_m"": null, ""removed_tool_ids"": [15, 18, 19, 20, 21, 27, 28], ""right_hand_translation_m"": null, ""selected_step"": ""r2_fasten_first_stand"", ""step_attempt"": 7, ""step_elapsed_s"": 3.545019855024293, ""step_event_index"": 16, ""total_hand_translation_m"": null, ""trial_finished_elapsed_s"": null, ""trial_recording"": true, ""trial_required_tool_ids"": [7, 35, 37]}"
2026-09-04T14:06:13.851-04:00,kuber,gesture,tts_started,lifecycle,r2_fasten_first_stand,Row 2.4: fasten right stand,ready,7,17,,,,3.583348,,,,,,,,,,,,,,,,2 parts left.,,,,,"{""acquired_tool_ids"": [7], ""acquisition_complete"": false, ""completed_steps"": [""r2_bearing_right"", ""r1_bearing_right"", ""r1_bearing_left"", ""r2_gear_rod"", ""r2_bearing_left""], ""head_rotation_deg"": null, ""head_translation_m"": null, ""left_hand_translation_m"": null, ""removed_tool_ids"": [15, 18, 19, 20, 21, 27, 28], ""right_hand_translation_m"": null, ""selected_step"": ""r2_fasten_first_stand"", ""step_attempt"": 7, ""step_elapsed_s"": 3.583361004013568, ""step_event_index"": 17, ""total_hand_translation_m"": null, ""trial_finished_elapsed_s"": null, ""trial_recording"": true, ""trial_required_tool_ids"": [7, 35, 37]}"
2026-09-04T14:06:14.845-04:00,kuber,gesture,hover,hover,r2_fasten_first_stand,Row 2.4: fasten right stand,ready,7,18,10,PHILIPS_SCREWDRIVER,,,,,,,,,,,,,,,,,,,,,,,"{""acquired_tool_ids"": [7], ""acquisition_complete"": false, ""completed_steps"": [""r2_bearing_right"", ""r1_bearing_right"", ""r1_bearing_left"", ""r2_gear_rod"", ""r2_bearing_left""], ""head_rotation_deg"": null, ""head_translation_m"": null, ""left_hand_translation_m"": null, ""removed_tool_ids"": [15, 18, 19, 20, 21, 27, 28], ""right_hand_translation_m"": null, ""selected_step"": ""r2_fasten_first_stand"", ""step_attempt"": 7, ""step_elapsed_s"": 4.57702725508716, ""step_event_index"": 18, ""total_hand_translation_m"": null, ""trial_finished_elapsed_s"": null, ""trial_recording"": true, ""trial_required_tool_ids"": [7, 35, 37]}"
2026-09-04T14:06:14.873-04:00,kuber,gesture,tts_queued,lifecycle,r2_fasten_first_stand,Row 2.4: fasten right stand,ready,7,19,,,,4.605234,,,,,,,,,,,,,,,,phillips screwdriver,,,replace_hover,,"{""acquired_tool_ids"": [7], ""acquisition_complete"": false, ""completed_steps"": [""r2_bearing_right"", ""r1_bearing_right"", ""r1_bearing_left"", ""r2_gear_rod"", ""r2_bearing_left""], ""head_rotation_deg"": null, ""head_translation_m"": null, ""left_hand_translation_m"": null, ""removed_tool_ids"": [15, 18, 19, 20, 21, 27, 28], ""right_hand_translation_m"": null, ""selected_step"": ""r2_fasten_first_stand"", ""step_attempt"": 7, ""step_elapsed_s"": 4.605246030027047, ""step_event_index"": 19, ""total_hand_translation_m"": null, ""trial_finished_elapsed_s"": null, ""trial_recording"": true, ""trial_required_tool_ids"": [7, 35, 37]}"
2026-09-04T14:06:14.935-04:00,kuber,gesture,tts_finished,lifecycle,r2_fasten_first_stand,Row 2.4: fasten right stand,ready,7,20,,,,4.667055,,,,,,,,,,,,,,,,2 parts left.,,,,,"{""acquired_tool_ids"": [7], ""acquisition_complete"": false, ""completed_steps"": [""r2_bearing_right"", ""r1_bearing_right"", ""r1_bearing_left"", ""r2_gear_rod"", ""r2_bearing_left""], ""head_rotation_deg"": null, ""head_translation_m"": null, ""left_hand_translation_m"": null, ""removed_tool_ids"": [15, 18, 19, 20, 21, 27, 28], ""right_hand_translation_m"": null, ""selected_step"": ""r2_fasten_first_stand"", ""step_attempt"": 7, ""step_elapsed_s"": 4.667074015014805, ""step_event_index"": 20, ""total_hand_translation_m"": null, ""trial_finished_elapsed_s"": null, ""trial_recording"": true, ""trial_required_tool_ids"": [7, 35, 37]}"
2026-09-04T14:06:14.985-04:00,kuber,gesture,tts_started,lifecycle,r2_fasten_first_stand,Row 2.4: fasten right stand,ready,7,21,,,,4.717653,,,,,,,,,,,,,,,,phillips screwdriver,,,,,"{""acquired_tool_ids"": [7], ""acquisition_complete"": false, ""completed_steps"": [""r2_bearing_right"", ""r1_bearing_right"", ""r1_bearing_left"", ""r2_gear_rod"", ""r2_bearing_left""], ""head_rotation_deg"": null, ""head_translation_m"": null, ""left_hand_translation_m"": null, ""removed_tool_ids"": [15, 18, 19, 20, 21, 27, 28], ""right_hand_translation_m"": null, ""selected_step"": ""r2_fasten_first_stand"", ""step_attempt"": 7, ""step_elapsed_s"": 4.717665313044563, ""step_event_index"": 21, ""total_hand_translation_m"": null, ""trial_finished_elapsed_s"": null, ""trial_recording"": true, ""trial_required_tool_ids"": [7, 35, 37]}"
2026-09-04T14:06:15.064-04:00,kuber,gesture,hover,hover,r2_fasten_first_stand,Row 2.4: fasten right stand,ready,7,22,11,FLATHEAD_SCREWDRIVER,,,,,,,,,,,,,,,,,,,,,,,"{""acquired_tool_ids"": [7], ""acquisition_complete"": false, ""completed_steps"": [""r2_bearing_right"", ""r1_bearing_right"", ""r1_bearing_left"", ""r2_gear_rod"", ""r2_bearing_left""], ""head_rotation_deg"": null, ""head_translation_m"": null, ""left_hand_translation_m"": null, ""removed_tool_ids"": [15, 18, 19, 20, 21, 27, 28], ""right_hand_translation_m"": null, ""selected_step"": ""r2_fasten_first_stand"", ""step_attempt"": 7, ""step_elapsed_s"": 4.796290253987536, ""step_event_index"": 22, ""total_hand_translation_m"": null, ""trial_finished_elapsed_s"": null, ""trial_recording"": true, ""trial_required_tool_ids"": [7, 35, 37]}"
2026-09-04T14:06:15.097-04:00,kuber,gesture,tts_queued,lifecycle,r2_fasten_first_stand,Row 2.4: fasten right stand,ready,7,23,,,,4.828950,,,,,,,,,,,,,,,,part,,,replace_hover,,"{""acquired_tool_ids"": [7], ""acquisition_complete"": false, ""completed_steps"": [""r2_bearing_right"", ""r1_bearing_right"", ""r1_bearing_left"", ""r2_gear_rod"", ""r2_bearing_left""], ""head_rotation_deg"": null, ""head_translation_m"": null, ""left_hand_translation_m"": null, ""removed_tool_ids"": [15, 18, 19, 20, 21, 27, 28], ""right_hand_translation_m"": null, ""selected_step"": ""r2_fasten_first_stand"", ""step_attempt"": 7, ""step_elapsed_s"": 4.828959451988339, ""step_event_index"": 23, ""total_hand_translation_m"": null, ""trial_finished_elapsed_s"": null, ""trial_recording"": true, ""trial_required_tool_ids"": [7, 35, 37]}"
2026-09-04T14:06:15.216-04:00,kuber,gesture,hover,hover,r2_fasten_first_stand,Row 2.4: fasten right stand,ready,7,24,13,MAGNET_POLE_CHECKER,,,,,,,,,,,,,,,,,,,,,,,"{""acquired_tool_ids"": [7], ""acquisition_complete"": false, ""completed_steps"": [""r2_bearing_right"", ""r1_bearing_right"", ""r1_bearing_left"", ""r2_gear_rod"", ""r2_bearing_left""], ""head_rotation_deg"": null, ""head_translation_m"": null, ""left_hand_translation_m"": null, ""removed_tool_ids"": [15, 18, 19, 20, 21, 27, 28], ""right_hand_translation_m"": null, ""selected_step"": ""r2_fasten_first_stand"", ""step_attempt"": 7, ""step_elapsed_s"": 4.948186664027162, ""step_event_index"": 24, ""total_hand_translation_m"": null, ""trial_finished_elapsed_s"": null, ""trial_recording"": true, ""trial_required_tool_ids"": [7, 35, 37]}"
2026-09-04T14:06:15.256-04:00,kuber,gesture,tts_queued,lifecycle,r2_fasten_first_stand,Row 2.4: fasten right stand,ready,7,25,,,,4.987801,,,,,,,,,,,,,,,,part,,,replace_hover,,"{""acquired_tool_ids"": [7], ""acquisition_complete"": false, ""completed_steps"": [""r2_bearing_right"", ""r1_bearing_right"", ""r1_bearing_left"", ""r2_gear_rod"", ""r2_bearing_left""], ""head_rotation_deg"": null, ""head_translation_m"": null, ""left_hand_translation_m"": null, ""removed_tool_ids"": [15, 18, 19, 20, 21, 27, 28], ""right_hand_translation_m"": null, ""selected_step"": ""r2_fasten_first_stand"", ""step_attempt"": 7, ""step_elapsed_s"": 4.987817537039518, ""step_event_index"": 25, ""total_hand_translation_m"": null, ""trial_finished_elapsed_s"": null, ""trial_recording"": true, ""trial_required_tool_ids"": [7, 35, 37]}"
2026-09-04T14:06:15.314-04:00,kuber,gesture,tts_finished,lifecycle,r2_fasten_first_stand,Row 2.4: fasten right stand,ready,7,26,,,,5.045984,,,,,,,,,,,,,,,,phillips screwdriver,,,,,"{""acquired_tool_ids"": [7], ""acquisition_complete"": false, ""completed_steps"": [""r2_bearing_right"", ""r1_bearing_right"", ""r1_bearing_left"", ""r2_gear_rod"", ""r2_bearing_left""], ""head_rotation_deg"": null, ""head_translation_m"": null, ""left_hand_translation_m"": null, ""removed_tool_ids"": [15, 18, 19, 20, 21, 27, 28], ""right_hand_translation_m"": null, ""selected_step"": ""r2_fasten_first_stand"", ""step_attempt"": 7, ""step_elapsed_s"": 5.04599384998437, ""step_event_index"": 26, ""total_hand_translation_m"": null, ""trial_finished_elapsed_s"": null, ""trial_recording"": true, ""trial_required_tool_ids"": [7, 35, 37]}"
2026-09-04T14:06:15.365-04:00,kuber,gesture,tts_started,lifecycle,r2_fasten_first_stand,Row 2.4: fasten right stand,ready,7,27,,,,5.097558,,,,,,,,,,,,,,,,part,,,,,"{""acquired_tool_ids"": [7], ""acquisition_complete"": false, ""completed_steps"": [""r2_bearing_right"", ""r1_bearing_right"", ""r1_bearing_left"", ""r2_gear_rod"", ""r2_bearing_left""], ""head_rotation_deg"": null, ""head_translation_m"": null, ""left_hand_translation_m"": null, ""removed_tool_ids"": [15, 18, 19, 20, 21, 27, 28], ""right_hand_translation_m"": null, ""selected_step"": ""r2_fasten_first_stand"", ""step_attempt"": 7, ""step_elapsed_s"": 5.097571260062978, ""step_event_index"": 27, ""total_hand_translation_m"": null, ""trial_finished_elapsed_s"": null, ""trial_recording"": true, ""trial_required_tool_ids"": [7, 35, 37]}"
2026-09-04T14:06:15.436-04:00,kuber,gesture,tts_finished,lifecycle,r2_fasten_first_stand,Row 2.4: fasten right stand,ready,7,28,,,,5.168700,,,,,,,,,,,,,,,,part,,,,,"{""acquired_tool_ids"": [7], ""acquisition_complete"": false, ""completed_steps"": [""r2_bearing_right"", ""r1_bearing_right"", ""r1_bearing_left"", ""r2_gear_rod"", ""r2_bearing_left""], ""head_rotation_deg"": null, ""head_translation_m"": null, ""left_hand_translation_m"": null, ""removed_tool_ids"": [15, 18, 19, 20, 21, 27, 28], ""right_hand_translation_m"": null, ""selected_step"": ""r2_fasten_first_stand"", ""step_attempt"": 7, ""step_elapsed_s"": 5.16871080105193, ""step_event_index"": 28, ""total_hand_translation_m"": null, ""trial_finished_elapsed_s"": null, ""trial_recording"": true, ""trial_required_tool_ids"": [7, 35, 37]}"
2026-09-04T14:06:15.492-04:00,kuber,gesture,tts_started,lifecycle,r2_fasten_first_stand,Row 2.4: fasten right stand,ready,7,29,,,,5.224656,,,,,,,,,,,,,,,,part,,,,,"{""acquired_tool_ids"": [7], ""acquisition_complete"": false, ""completed_steps"": [""r2_bearing_right"", ""r1_bearing_right"", ""r1_bearing_left"", ""r2_gear_rod"", ""r2_bearing_left""], ""head_rotation_deg"": null, ""head_translation_m"": null, ""left_hand_translation_m"": null, ""removed_tool_ids"": [15, 18, 19, 20, 21, 27, 28], ""right_hand_translation_m"": null, ""selected_step"": ""r2_fasten_first_stand"", ""step_attempt"": 7, ""step_elapsed_s"": 5.224666769034229, ""step_event_index"": 29, ""total_hand_translation_m"": null, ""trial_finished_elapsed_s"": null, ""trial_recording"": true, ""trial_required_tool_ids"": [7, 35, 37]}"
2026-09-04T14:06:15.722-04:00,kuber,gesture,tts_finished,lifecycle,r2_fasten_first_stand,Row 2.4: fasten right stand,ready,7,30,,,,5.454589,,,,,,,,,,,,,,,,part,,,,,"{""acquired_tool_ids"": [7], ""acquisition_complete"": false, ""completed_steps"": [""r2_bearing_right"", ""r1_bearing_right"", ""r1_bearing_left"", ""r2_gear_rod"", ""r2_bearing_left""], ""head_rotation_deg"": null, ""head_translation_m"": null, ""left_hand_translation_m"": null, ""removed_tool_ids"": [15, 18, 19, 20, 21, 27, 28], ""right_hand_translation_m"": null, ""selected_step"": ""r2_fasten_first_stand"", ""step_attempt"": 7, ""step_elapsed_s"": 5.4546020100824535, ""step_event_index"": 30, ""total_hand_translation_m"": null, ""trial_finished_elapsed_s"": null, ""trial_recording"": true, ""trial_required_tool_ids"": [7, 35, 37]}"
2026-09-04T14:06:17.451-04:00,kuber,gesture,hover,hover,r2_fasten_first_stand,Row 2.4: fasten right stand,ready,7,31,13,MAGNET_POLE_CHECKER,,,,,,,,,,,,,,,,,,,,,,,"{""acquired_tool_ids"": [7], ""acquisition_complete"": false, ""completed_steps"": [""r2_bearing_right"", ""r1_bearing_right"", ""r1_bearing_left"", ""r2_gear_rod"", ""r2_bearing_left""], ""head_rotation_deg"": null, ""head_translation_m"": null, ""left_hand_translation_m"": null, ""removed_tool_ids"": [15, 18, 19, 20, 21, 27, 28], ""right_hand_translation_m"": null, ""selected_step"": ""r2_fasten_first_stand"", ""step_attempt"": 7, ""step_elapsed_s"": 7.183182231034152, ""step_event_index"": 31, ""total_hand_translation_m"": null, ""trial_finished_elapsed_s"": null, ""trial_recording"": true, ""trial_required_tool_ids"": [7, 35, 37]}"
2026-09-04T14:06:17.511-04:00,kuber,gesture,tts_queued,lifecycle,r2_fasten_first_stand,Row 2.4: fasten right stand,ready,7,32,,,,7.243402,,,,,,,,,,,,,,,,part,,,replace_hover,,"{""acquired_tool_ids"": [7], ""acquisition_complete"": false, ""completed_steps"": [""r2_bearing_right"", ""r1_bearing_right"", ""r1_bearing_left"", ""r2_gear_rod"", ""r2_bearing_left""], ""head_rotation_deg"": null, ""head_translation_m"": null, ""left_hand_translation_m"": null, ""removed_tool_ids"": [15, 18, 19, 20, 21, 27, 28], ""right_hand_translation_m"": null, ""selected_step"": ""r2_fasten_first_stand"", ""step_attempt"": 7, ""step_elapsed_s"": 7.24341642705258, ""step_event_index"": 32, ""total_hand_translation_m"": null, ""trial_finished_elapsed_s"": null, ""trial_recording"": true, ""trial_required_tool_ids"": [7, 35, 37]}"
2026-09-04T14:06:17.586-04:00,kuber,gesture,hover,hover,r2_fasten_first_stand,Row 2.4: fasten right stand,ready,7,33,11,FLATHEAD_SCREWDRIVER,,,,,,,,,,,,,,,,,,,,,,,"{""acquired_tool_ids"": [7], ""acquisition_complete"": false, ""completed_steps"": [""r2_bearing_right"", ""r1_bearing_right"", ""r1_bearing_left"", ""r2_gear_rod"", ""r2_bearing_left""], ""head_rotation_deg"": null, ""head_translation_m"": null, ""left_hand_translation_m"": null, ""removed_tool_ids"": [15, 18, 19, 20, 21, 27, 28], ""right_hand_translation_m"": null, ""selected_step"": ""r2_fasten_first_stand"", ""step_attempt"": 7, ""step_elapsed_s"": 7.31785557908006, ""step_event_index"": 33, ""total_hand_translation_m"": null, ""trial_finished_elapsed_s"": null, ""trial_recording"": true, ""trial_required_tool_ids"": [7, 35, 37]}"
2026-09-04T14:06:17.641-04:00,kuber,gesture,tts_queued,lifecycle,r2_fasten_first_stand,Row 2.4: fasten right stand,ready,7,34,,,,7.372896,,,,,,,,,,,,,,,,part,,,replace_hover,,"{""acquired_tool_ids"": [7], ""acquisition_complete"": false, ""completed_steps"": [""r2_bearing_right"", ""r1_bearing_right"", ""r1_bearing_left"", ""r2_gear_rod"", ""r2_bearing_left""], ""head_rotation_deg"": null, ""head_translation_m"": null, ""left_hand_translation_m"": null, ""removed_tool_ids"": [15, 18, 19, 20, 21, 27, 28], ""right_hand_translation_m"": null, ""selected_step"": ""r2_fasten_first_stand"", ""step_attempt"": 7, ""step_elapsed_s"": 7.3729081930359825, ""step_event_index"": 34, ""total_hand_translation_m"": null, ""trial_finished_elapsed_s"": null, ""trial_recording"": true, ""trial_required_tool_ids"": [7, 35, 37]}"
2026-09-04T14:06:17.719-04:00,kuber,gesture,hover,hover,r2_fasten_first_stand,Row 2.4: fasten right stand,ready,7,35,10,PHILIPS_SCREWDRIVER,,,,,,,,,,,,,,,,,,,,,,,"{""acquired_tool_ids"": [7], ""acquisition_complete"": false, ""completed_steps"": [""r2_bearing_right"", ""r1_bearing_right"", ""r1_bearing_left"", ""r2_gear_rod"", ""r2_bearing_left""], ""head_rotation_deg"": null, ""head_translation_m"": null, ""left_hand_translation_m"": null, ""removed_tool_ids"": [15, 18, 19, 20, 21, 27, 28], ""right_hand_translation_m"": null, ""selected_step"": ""r2_fasten_first_stand"", ""step_attempt"": 7, ""step_elapsed_s"": 7.451023531029932, ""step_event_index"": 35, ""total_hand_translation_m"": null, ""trial_finished_elapsed_s"": null, ""trial_recording"": true, ""trial_required_tool_ids"": [7, 35, 37]}"
2026-09-04T14:06:17.772-04:00,kuber,gesture,tts_queued,lifecycle,r2_fasten_first_stand,Row 2.4: fasten right stand,ready,7,36,,,,7.504307,,,,,,,,,,,,,,,,phillips screwdriver,,,replace_hover,,"{""acquired_tool_ids"": [7], ""acquisition_complete"": false, ""completed_steps"": [""r2_bearing_right"", ""r1_bearing_right"", ""r1_bearing_left"", ""r2_gear_rod"", ""r2_bearing_left""], ""head_rotation_deg"": null, ""head_translation_m"": null, ""left_hand_translation_m"": null, ""removed_tool_ids"": [15, 18, 19, 20, 21, 27, 28], ""right_hand_translation_m"": null, ""selected_step"": ""r2_fasten_first_stand"", ""step_attempt"": 7, ""step_elapsed_s"": 7.50431973405648, ""step_event_index"": 36, ""total_hand_translation_m"": null, ""trial_finished_elapsed_s"": null, ""trial_recording"": true, ""trial_required_tool_ids"": [7, 35, 37]}"
2026-09-04T14:06:17.895-04:00,kuber,gesture,hover,hover,r2_fasten_first_stand,Row 2.4: fasten right stand,ready,7,37,2,WRENCH_13,,,,,,,,,,,,,,,,,,,,,,,"{""acquired_tool_ids"": [7], ""acquisition_complete"": false, ""completed_steps"": [""r2_bearing_right"", ""r1_bearing_right"", ""r1_bearing_left"", ""r2_gear_rod"", ""r2_bearing_left""], ""head_rotation_deg"": null, ""head_translation_m"": null, ""left_hand_translation_m"": null, ""removed_tool_ids"": [15, 18, 19, 20, 21, 27, 28], ""right_hand_translation_m"": null, ""selected_step"": ""r2_fasten_first_stand"", ""step_attempt"": 7, ""step_elapsed_s"": 7.6274729470023885, ""step_event_index"": 37, ""total_hand_translation_m"": null, ""trial_finished_elapsed_s"": null, ""trial_recording"": true, ""trial_required_tool_ids"": [7, 35, 37]}"
2026-09-04T14:06:17.990-04:00,kuber,gesture,tts_queued,lifecycle,r2_fasten_first_stand,Row 2.4: fasten right stand,ready,7,38,,,,7.722336,,,,,,,,,,,,,,,,part,,,replace_hover,,"{""acquired_tool_ids"": [7], ""acquisition_complete"": false, ""completed_steps"": [""r2_bearing_right"", ""r1_bearing_right"", ""r1_bearing_left"", ""r2_gear_rod"", ""r2_bearing_left""], ""head_rotation_deg"": null, ""head_translation_m"": null, ""left_hand_translation_m"": null, ""removed_tool_ids"": [15, 18, 19, 20, 21, 27, 28], ""right_hand_translation_m"": null, ""selected_step"": ""r2_fasten_first_stand"", ""step_attempt"": 7, ""step_elapsed_s"": 7.722350878990255, ""step_event_index"": 38, ""total_hand_translation_m"": null, ""trial_finished_elapsed_s"": null, ""trial_recording"": true, ""trial_required_tool_ids"": [7, 35, 37]}"
2026-09-04T14:06:18.135-04:00,kuber,gesture,hover,hover,r2_fasten_first_stand,Row 2.4: fasten right stand,ready,7,39,1,WRENCH_12,,,,,,,,,,,,,,,,,,,,,,,"{""acquired_tool_ids"": [7], ""acquisition_complete"": false, ""completed_steps"": [""r2_bearing_right"", ""r1_bearing_right"", ""r1_bearing_left"", ""r2_gear_rod"", ""r2_bearing_left""], ""head_rotation_deg"": null, ""head_translation_m"": null, ""left_hand_translation_m"": null, ""removed_tool_ids"": [15, 18, 19, 20, 21, 27, 28], ""right_hand_translation_m"": null, ""selected_step"": ""r2_fasten_first_stand"", ""step_attempt"": 7, ""step_elapsed_s"": 7.8671847430523485, ""step_event_index"": 39, ""total_hand_translation_m"": null, ""trial_finished_elapsed_s"": null, ""trial_recording"": true, ""trial_required_tool_ids"": [7, 35, 37]}"
2026-09-04T14:06:18.176-04:00,kuber,gesture,tts_queued,lifecycle,r2_fasten_first_stand,Row 2.4: fasten right stand,ready,7,40,,,,7.908300,,,,,,,,,,,,,,,,part,,,replace_hover,,"{""acquired_tool_ids"": [7], ""acquisition_complete"": false, ""completed_steps"": [""r2_bearing_right"", ""r1_bearing_right"", ""r1_bearing_left"", ""r2_gear_rod"", ""r2_bearing_left""], ""head_rotation_deg"": null, ""head_translation_m"": null, ""left_hand_translation_m"": null, ""removed_tool_ids"": [15, 18, 19, 20, 21, 27, 28], ""right_hand_translation_m"": null, ""selected_step"": ""r2_fasten_first_stand"", ""step_attempt"": 7, ""step_elapsed_s"": 7.908314840053208, ""step_event_index"": 40, ""total_hand_translation_m"": null, ""trial_finished_elapsed_s"": null, ""trial_recording"": true, ""trial_required_tool_ids"": [7, 35, 37]}"
2026-09-04T14:06:18.279-04:00,kuber,gesture,hover,hover,r2_fasten_first_stand,Row 2.4: fasten right stand,ready,7,41,2,WRENCH_13,,,,,,,,,,,,,,,,,,,,,,,"{""acquired_tool_ids"": [7], ""acquisition_complete"": false, ""completed_steps"": [""r2_bearing_right"", ""r1_bearing_right"", ""r1_bearing_left"", ""r2_gear_rod"", ""r2_bearing_left""], ""head_rotation_deg"": null, ""head_translation_m"": null, ""left_hand_translation_m"": null, ""removed_tool_ids"": [15, 18, 19, 20, 21, 27, 28], ""right_hand_translation_m"": null, ""selected_step"": ""r2_fasten_first_stand"", ""step_attempt"": 7, ""step_elapsed_s"": 8.011496784049086, ""step_event_index"": 41, ""total_hand_translation_m"": null, ""trial_finished_elapsed_s"": null, ""trial_recording"": true, ""trial_required_tool_ids"": [7, 35, 37]}"
2026-09-04T14:06:18.338-04:00,kuber,gesture,tts_queued,lifecycle,r2_fasten_first_stand,Row 2.4: fasten right stand,ready,7,42,,,,8.070638,,,,,,,,,,,,,,,,part,,,replace_hover,,"{""acquired_tool_ids"": [7], ""acquisition_complete"": false, ""completed_steps"": [""r2_bearing_right"", ""r1_bearing_right"", ""r1_bearing_left"", ""r2_gear_rod"", ""r2_bearing_left""], ""head_rotation_deg"": null, ""head_translation_m"": null, ""left_hand_translation_m"": null, ""removed_tool_ids"": [15, 18, 19, 20, 21, 27, 28], ""right_hand_translation_m"": null, ""selected_step"": ""r2_fasten_first_stand"", ""step_attempt"": 7, ""step_elapsed_s"": 8.070652580005117, ""step_event_index"": 42, ""total_hand_translation_m"": null, ""trial_finished_elapsed_s"": null, ""trial_recording"": true, ""trial_required_tool_ids"": [7, 35, 37]}"
2026-09-04T14:06:18.465-04:00,kuber,gesture,hover,hover,r2_fasten_first_stand,Row 2.4: fasten right stand,ready,7,43,3,WRENCH_14,,,,,,,,,,,,,,,,,,,,,,,"{""acquired_tool_ids"": [7], ""acquisition_complete"": false, ""completed_steps"": [""r2_bearing_right"", ""r1_bearing_right"", ""r1_bearing_left"", ""r2_gear_rod"", ""r2_bearing_left""], ""head_rotation_deg"": null, ""head_translation_m"": null, ""left_hand_translation_m"": null, ""removed_tool_ids"": [15, 18, 19, 20, 21, 27, 28], ""right_hand_translation_m"": null, ""selected_step"": ""r2_fasten_first_stand"", ""step_attempt"": 7, ""step_elapsed_s"": 8.197426411090419, ""step_event_index"": 43, ""total_hand_translation_m"": null, ""trial_finished_elapsed_s"": null, ""trial_recording"": true, ""trial_required_tool_ids"": [7, 35, 37]}"
2026-09-04T14:06:18.502-04:00,kuber,gesture,tts_queued,lifecycle,r2_fasten_first_stand,Row 2.4: fasten right stand,ready,7,44,,,,8.233901,,,,,,,,,,,,,,,,part,,,replace_hover,,"{""acquired_tool_ids"": [7], ""acquisition_complete"": false, ""completed_steps"": [""r2_bearing_right"", ""r1_bearing_right"", ""r1_bearing_left"", ""r2_gear_rod"", ""r2_bearing_left""], ""head_rotation_deg"": null, ""head_translation_m"": null, ""left_hand_translation_m"": null, ""removed_tool_ids"": [15, 18, 19, 20, 21, 27, 28], ""right_hand_translation_m"": null, ""selected_step"": ""r2_fasten_first_stand"", ""step_attempt"": 7, ""step_elapsed_s"": 8.233912274008617, ""step_event_index"": 44, ""total_hand_translation_m"": null, ""trial_finished_elapsed_s"": null, ""trial_recording"": true, ""trial_required_tool_ids"": [7, 35, 37]}"
2026-09-04T14:06:18.603-04:00,kuber,gesture,hover,hover,r2_fasten_first_stand,Row 2.4: fasten right stand,ready,7,45,4,WRENCH_15,,,,,,,,,,,,,,,,,,,,,,,"{""acquired_tool_ids"": [7], ""acquisition_complete"": false, ""completed_steps"": [""r2_bearing_right"", ""r1_bearing_right"", ""r1_bearing_left"", ""r2_gear_rod"", ""r2_bearing_left""], ""head_rotation_deg"": null, ""head_translation_m"": null, ""left_hand_translation_m"": null, ""removed_tool_ids"": [15, 18, 19, 20, 21, 27, 28], ""right_hand_translation_m"": null, ""selected_step"": ""r2_fasten_first_stand"", ""step_attempt"": 7, ""step_elapsed_s"": 8.335776329040527, ""step_event_index"": 45, ""total_hand_translation_m"": null, ""trial_finished_elapsed_s"": null, ""trial_recording"": true, ""trial_required_tool_ids"": [7, 35, 37]}"
2026-09-04T14:06:18.648-04:00,kuber,gesture,tts_queued,lifecycle,r2_fasten_first_stand,Row 2.4: fasten right stand,ready,7,46,,,,8.379935,,,,,,,,,,,,,,,,part,,,replace_hover,,"{""acquired_tool_ids"": [7], ""acquisition_complete"": false, ""completed_steps"": [""r2_bearing_right"", ""r1_bearing_right"", ""r1_bearing_left"", ""r2_gear_rod"", ""r2_bearing_left""], ""head_rotation_deg"": null, ""head_translation_m"": null, ""left_hand_translation_m"": null, ""removed_tool_ids"": [15, 18, 19, 20, 21, 27, 28], ""right_hand_translation_m"": null, ""selected_step"": ""r2_fasten_first_stand"", ""step_attempt"": 7, ""step_elapsed_s"": 8.379945530090481, ""step_event_index"": 46, ""total_hand_translation_m"": null, ""trial_finished_elapsed_s"": null, ""trial_recording"": true, ""trial_required_tool_ids"": [7, 35, 37]}"
2026-09-04T14:06:18.753-04:00,kuber,gesture,hover,hover,r2_fasten_first_stand,Row 2.4: fasten right stand,ready,7,47,5,CALIPER,,,,,,,,,,,,,,,,,,,,,,,"{""acquired_tool_ids"": [7], ""acquisition_complete"": false, ""completed_steps"": [""r2_bearing_right"", ""r1_bearing_right"", ""r1_bearing_left"", ""r2_gear_rod"", ""r2_bearing_left""], ""head_rotation_deg"": null, ""head_translation_m"": null, ""left_hand_translation_m"": null, ""removed_tool_ids"": [15, 18, 19, 20, 21, 27, 28], ""right_hand_translation_m"": null, ""selected_step"": ""r2_fasten_first_stand"", ""step_attempt"": 7, ""step_elapsed_s"": 8.484855861053802, ""step_event_index"": 47, ""total_hand_translation_m"": null, ""trial_finished_elapsed_s"": null, ""trial_recording"": true, ""trial_required_tool_ids"": [7, 35, 37]}"
2026-09-04T14:06:18.805-04:00,kuber,gesture,tts_queued,lifecycle,r2_fasten_first_stand,Row 2.4: fasten right stand,ready,7,48,,,,8.537386,,,,,,,,,,,,,,,,part,,,replace_hover,,"{""acquired_tool_ids"": [7], ""acquisition_complete"": false, ""completed_steps"": [""r2_bearing_right"", ""r1_bearing_right"", ""r1_bearing_left"", ""r2_gear_rod"", ""r2_bearing_left""], ""head_rotation_deg"": null, ""head_translation_m"": null, ""left_hand_translation_m"": null, ""removed_tool_ids"": [15, 18, 19, 20, 21, 27, 28], ""right_hand_translation_m"": null, ""selected_step"": ""r2_fasten_first_stand"", ""step_attempt"": 7, ""step_elapsed_s"": 8.537403112044558, ""step_event_index"": 48, ""total_hand_translation_m"": null, ""trial_finished_elapsed_s"": null, ""trial_recording"": true, ""trial_required_tool_ids"": [7, 35, 37]}"
2026-09-04T14:06:18.898-04:00,kuber,gesture,hover,hover,r2_fasten_first_stand,Row 2.4: fasten right stand,ready,7,49,11,FLATHEAD_SCREWDRIVER,,,,,,,,,,,,,,,,,,,,,,,"{""acquired_tool_ids"": [7], ""acquisition_complete"": false, ""completed_steps"": [""r2_bearing_right"", ""r1_bearing_right"", ""r1_bearing_left"", ""r2_gear_rod"", ""r2_bearing_left""], ""head_rotation_deg"": null, ""head_translation_m"": null, ""left_hand_translation_m"": null, ""removed_tool_ids"": [15, 18, 19, 20, 21, 27, 28], ""right_hand_translation_m"": null, ""selected_step"": ""r2_fasten_first_stand"", ""step_attempt"": 7, ""step_elapsed_s"": 8.63060579705052, ""step_event_index"": 49, ""total_hand_translation_m"": null, ""trial_finished_elapsed_s"": null, ""trial_recording"": true, ""trial_required_tool_ids"": [7, 35, 37]}"
2026-09-04T14:06:18.968-04:00,kuber,gesture,tts_queued,lifecycle,r2_fasten_first_stand,Row 2.4: fasten right stand,ready,7,50,,,,8.700422,,,,,,,,,,,,,,,,part,,,replace_hover,,"{""acquired_tool_ids"": [7], ""acquisition_complete"": false, ""completed_steps"": [""r2_bearing_right"", ""r1_bearing_right"", ""r1_bearing_left"", ""r2_gear_rod"", ""r2_bearing_left""], ""head_rotation_deg"": null, ""head_translation_m"": null, ""left_hand_translation_m"": null, ""removed_tool_ids"": [15, 18, 19, 20, 21, 27, 28], ""right_hand_translation_m"": null, ""selected_step"": ""r2_fasten_first_stand"", ""step_attempt"": 7, ""step_elapsed_s"": 8.700435837032273, ""step_event_index"": 50, ""total_hand_translation_m"": null, ""trial_finished_elapsed_s"": null, ""trial_recording"": true, ""trial_required_tool_ids"": [7, 35, 37]}"
2026-09-04T14:06:19.088-04:00,kuber,gesture,hover,hover,r2_fasten_first_stand,Row 2.4: fasten right stand,ready,7,51,12,SANDER,,,,,,,,,,,,,,,,,,,,,,,"{""acquired_tool_ids"": [7], ""acquisition_complete"": false, ""completed_steps"": [""r2_bearing_right"", ""r1_bearing_right"", ""r1_bearing_left"", ""r2_gear_rod"", ""r2_bearing_left""], ""head_rotation_deg"": null, ""head_translation_m"": null, ""left_hand_translation_m"": null, ""removed_tool_ids"": [15, 18, 19, 20, 21, 27, 28], ""right_hand_translation_m"": null, ""selected_step"": ""r2_fasten_first_stand"", ""step_attempt"": 7, ""step_elapsed_s"": 8.82006788207218, ""step_event_index"": 51, ""total_hand_translation_m"": null, ""trial_finished_elapsed_s"": null, ""trial_recording"": true, ""trial_required_tool_ids"": [7, 35, 37]}"
2026-09-04T14:06:19.150-04:00,kuber,gesture,tts_queued,lifecycle,r2_fasten_first_stand,Row 2.4: fasten right stand,ready,7,52,,,,8.882305,,,,,,,,,,,,,,,,part,,,replace_hover,,"{""acquired_tool_ids"": [7], ""acquisition_complete"": false, ""completed_steps"": [""r2_bearing_right"", ""r1_bearing_right"", ""r1_bearing_left"", ""r2_gear_rod"", ""r2_bearing_left""], ""head_rotation_deg"": null, ""head_translation_m"": null, ""left_hand_translation_m"": null, ""removed_tool_ids"": [15, 18, 19, 20, 21, 27, 28], ""right_hand_translation_m"": null, ""selected_step"": ""r2_fasten_first_stand"", ""step_attempt"": 7, ""step_elapsed_s"": 8.882320931064896, ""step_event_index"": 52, ""total_hand_translation_m"": null, ""trial_finished_elapsed_s"": null, ""trial_recording"": true, ""trial_required_tool_ids"": [7, 35, 37]}"
2026-09-04T14:06:19.310-04:00,kuber,gesture,hover,hover,r2_fasten_first_stand,Row 2.4: fasten right stand,ready,7,53,13,MAGNET_POLE_CHECKER,,,,,,,,,,,,,,,,,,,,,,,"{""acquired_tool_ids"": [7], ""acquisition_complete"": false, ""completed_steps"": [""r2_bearing_right"", ""r1_bearing_right"", ""r1_bearing_left"", ""r2_gear_rod"", ""r2_bearing_left""], ""head_rotation_deg"": null, ""head_translation_m"": null, ""left_hand_translation_m"": null, ""removed_tool_ids"": [15, 18, 19, 20, 21, 27, 28], ""right_hand_translation_m"": null, ""selected_step"": ""r2_fasten_first_stand"", ""step_attempt"": 7, ""step_elapsed_s"": 9.041869311011396, ""step_event_index"": 53, ""total_hand_translation_m"": null, ""trial_finished_elapsed_s"": null, ""trial_recording"": true, ""trial_required_tool_ids"": [7, 35, 37]}"
2026-09-04T14:06:19.383-04:00,kuber,gesture,tts_queued,lifecycle,r2_fasten_first_stand,Row 2.4: fasten right stand,ready,7,54,,,,9.114786,,,,,,,,,,,,,,,,part,,,replace_hover,,"{""acquired_tool_ids"": [7], ""acquisition_complete"": false, ""completed_steps"": [""r2_bearing_right"", ""r1_bearing_right"", ""r1_bearing_left"", ""r2_gear_rod"", ""r2_bearing_left""], ""head_rotation_deg"": null, ""head_translation_m"": null, ""left_hand_translation_m"": null, ""removed_tool_ids"": [15, 18, 19, 20, 21, 27, 28], ""right_hand_translation_m"": null, ""selected_step"": ""r2_fasten_first_stand"", ""step_attempt"": 7, ""step_elapsed_s"": 9.114796768059023, ""step_event_index"": 54, ""total_hand_translation_m"": null, ""trial_finished_elapsed_s"": null, ""trial_recording"": true, ""trial_required_tool_ids"": [7, 35, 37]}"
2026-09-04T14:06:19.511-04:00,kuber,gesture,hover,hover,r2_fasten_first_stand,Row 2.4: fasten right stand,ready,7,55,36,BITHOLDER1,,,,,,,,,,,,,,,,,,,,,,,"{""acquired_tool_ids"": [7], ""acquisition_complete"": false, ""completed_steps"": [""r2_bearing_right"", ""r1_bearing_right"", ""r1_bearing_left"", ""r2_gear_rod"", ""r2_bearing_left""], ""head_rotation_deg"": null, ""head_translation_m"": null, ""left_hand_translation_m"": null, ""removed_tool_ids"": [15, 18, 19, 20, 21, 27, 28], ""right_hand_translation_m"": null, ""selected_step"": ""r2_fasten_first_stand"", ""step_attempt"": 7, ""step_elapsed_s"": 9.243256684043445, ""step_event_index"": 55, ""total_hand_translation_m"": null, ""trial_finished_elapsed_s"": null, ""trial_recording"": true, ""trial_required_tool_ids"": [7, 35, 37]}"
2026-09-04T14:06:19.546-04:00,kuber,gesture,tts_queued,lifecycle,r2_fasten_first_stand,Row 2.4: fasten right stand,ready,7,56,,,,9.278640,,,,,,,,,,,,,,,,bit holder1,,,replace_hover,,"{""acquired_tool_ids"": [7], ""acquisition_complete"": false, ""completed_steps"": [""r2_bearing_right"", ""r1_bearing_right"", ""r1_bearing_left"", ""r2_gear_rod"", ""r2_bearing_left""], ""head_rotation_deg"": null, ""head_translation_m"": null, ""left_hand_translation_m"": null, ""removed_tool_ids"": [15, 18, 19, 20, 21, 27, 28], ""right_hand_translation_m"": null, ""selected_step"": ""r2_fasten_first_stand"", ""step_attempt"": 7, ""step_elapsed_s"": 9.27865092002321, ""step_event_index"": 56, ""total_hand_translation_m"": null, ""trial_finished_elapsed_s"": null, ""trial_recording"": true, ""trial_required_tool_ids"": [7, 35, 37]}"
2026-09-04T14:06:19.624-04:00,kuber,gesture,hover,hover,r2_fasten_first_stand,Row 2.4: fasten right stand,ready,7,57,13,MAGNET_POLE_CHECKER,,,,,,,,,,,,,,,,,,,,,,,"{""acquired_tool_ids"": [7], ""acquisition_complete"": false, ""completed_steps"": [""r2_bearing_right"", ""r1_bearing_right"", ""r1_bearing_left"", ""r2_gear_rod"", ""r2_bearing_left""], ""head_rotation_deg"": null, ""head_translation_m"": null, ""left_hand_translation_m"": null, ""removed_tool_ids"": [15, 18, 19, 20, 21, 27, 28], ""right_hand_translation_m"": null, ""selected_step"": ""r2_fasten_first_stand"", ""step_attempt"": 7, ""step_elapsed_s"": 9.356429592007771, ""step_event_index"": 57, ""total_hand_translation_m"": null, ""trial_finished_elapsed_s"": null, ""trial_recording"": true, ""trial_required_tool_ids"": [7, 35, 37]}"
2026-09-04T14:06:19.733-04:00,kuber,gesture,tts_queued,lifecycle,r2_fasten_first_stand,Row 2.4: fasten right stand,ready,7,58,,,,9.465514,,,,,,,,,,,,,,,,part,,,replace_hover,,"{""acquired_tool_ids"": [7], ""acquisition_complete"": false, ""completed_steps"": [""r2_bearing_right"", ""r1_bearing_right"", ""r1_bearing_left"", ""r2_gear_rod"", ""r2_bearing_left""], ""head_rotation_deg"": null, ""head_translation_m"": null, ""left_hand_translation_m"": null, ""removed_tool_ids"": [15, 18, 19, 20, 21, 27, 28], ""right_hand_translation_m"": null, ""selected_step"": ""r2_fasten_first_stand"", ""step_attempt"": 7, ""step_elapsed_s"": 9.465530266053975, ""step_event_index"": 58, ""total_hand_translation_m"": null, ""trial_finished_elapsed_s"": null, ""trial_recording"": true, ""trial_required_tool_ids"": [7, 35, 37]}"
2026-09-04T14:06:19.890-04:00,kuber,gesture,hover,hover,r2_fasten_first_stand,Row 2.4: fasten right stand,ready,7,59,37,BITHOLDER2,,,,,,,,,,,,,,,,,,,,,,,"{""acquired_tool_ids"": [7], ""acquisition_complete"": false, ""completed_steps"": [""r2_bearing_right"", ""r1_bearing_right"", ""r1_bearing_left"", ""r2_gear_rod"", ""r2_bearing_left""], ""head_rotation_deg"": null, ""head_translation_m"": null, ""left_hand_translation_m"": null, ""removed_tool_ids"": [15, 18, 19, 20, 21, 27, 28], ""right_hand_translation_m"": null, ""selected_step"": ""r2_fasten_first_stand"", ""step_attempt"": 7, ""step_elapsed_s"": 9.621981829986908, ""step_event_index"": 59, ""total_hand_translation_m"": null, ""trial_finished_elapsed_s"": null, ""trial_recording"": true, ""trial_required_tool_ids"": [7, 35, 37]}"
2026-09-04T14:06:19.949-04:00,kuber,gesture,tts_queued,lifecycle,r2_fasten_first_stand,Row 2.4: fasten right stand,ready,7,60,,,,9.680953,,,,,,,,,,,,,,,,bit holder2,,,replace_hover,,"{""acquired_tool_ids"": [7], ""acquisition_complete"": false, ""completed_steps"": [""r2_bearing_right"", ""r1_bearing_right"", ""r1_bearing_left"", ""r2_gear_rod"", ""r2_bearing_left""], ""head_rotation_deg"": null, ""head_translation_m"": null, ""left_hand_translation_m"": null, ""removed_tool_ids"": [15, 18, 19, 20, 21, 27, 28], ""right_hand_translation_m"": null, ""selected_step"": ""r2_fasten_first_stand"", ""step_attempt"": 7, ""step_elapsed_s"": 9.680964917992242, ""step_event_index"": 60, ""total_hand_translation_m"": null, ""trial_finished_elapsed_s"": null, ""trial_recording"": true, ""trial_required_tool_ids"": [7, 35, 37]}"
2026-09-04T14:06:20.025-04:00,kuber,gesture,tts_started,lifecycle,r2_fasten_first_stand,Row 2.4: fasten right stand,ready,7,61,,,,9.757303,,,,,,,,,,,,,,,,part,,,,,"{""acquired_tool_ids"": [7], ""acquisition_complete"": false, ""completed_steps"": [""r2_bearing_right"", ""r1_bearing_right"", ""r1_bearing_left"", ""r2_gear_rod"", ""r2_bearing_left""], ""head_rotation_deg"": null, ""head_translation_m"": null, ""left_hand_translation_m"": null, ""removed_tool_ids"": [15, 18, 19, 20, 21, 27, 28], ""right_hand_translation_m"": null, ""selected_step"": ""r2_fasten_first_stand"", ""step_attempt"": 7, ""step_elapsed_s"": 9.75731632404495, ""step_event_index"": 61, ""total_hand_translation_m"": null, ""trial_finished_elapsed_s"": null, ""trial_recording"": true, ""trial_required_tool_ids"": [7, 35, 37]}"
2026-09-04T14:06:20.082-04:00,kuber,gesture,tts_finished,lifecycle,r2_fasten_first_stand,Row 2.4: fasten right stand,ready,7,62,,,,9.813904,,,,,,,,,,,,,,,,part,,,,,"{""acquired_tool_ids"": [7], ""acquisition_complete"": false, ""completed_steps"": [""r2_bearing_right"", ""r1_bearing_right"", ""r1_bearing_left"", ""r2_gear_rod"", ""r2_bearing_left""], ""head_rotation_deg"": null, ""head_translation_m"": null, ""left_hand_translation_m"": null, ""removed_tool_ids"": [15, 18, 19, 20, 21, 27, 28], ""right_hand_translation_m"": null, ""selected_step"": ""r2_fasten_first_stand"", ""step_attempt"": 7, ""step_elapsed_s"": 9.813919180072844, ""step_event_index"": 62, ""total_hand_translation_m"": null, ""trial_finished_elapsed_s"": null, ""trial_recording"": true, ""trial_required_tool_ids"": [7, 35, 37]}"
2026-09-04T14:06:20.148-04:00,kuber,gesture,tts_started,lifecycle,r2_fasten_first_stand,Row 2.4: fasten right stand,ready,7,63,,,,9.880730,,,,,,,,,,,,,,,,part,,,,,"{""acquired_tool_ids"": [7], ""acquisition_complete"": false, ""completed_steps"": [""r2_bearing_right"", ""r1_bearing_right"", ""r1_bearing_left"", ""r2_gear_rod"", ""r2_bearing_left""], ""head_rotation_deg"": null, ""head_translation_m"": null, ""left_hand_translation_m"": null, ""removed_tool_ids"": [15, 18, 19, 20, 21, 27, 28], ""right_hand_translation_m"": null, ""selected_step"": ""r2_fasten_first_stand"", ""step_attempt"": 7, ""step_elapsed_s"": 9.88074488507118, ""step_event_index"": 63, ""total_hand_translation_m"": null, ""trial_finished_elapsed_s"": null, ""trial_recording"": true, ""trial_required_tool_ids"": [7, 35, 37]}"
2026-09-04T14:06:20.224-04:00,kuber,gesture,tts_finished,lifecycle,r2_fasten_first_stand,Row 2.4: fasten right stand,ready,7,64,,,,9.955841,,,,,,,,,,,,,,,,part,,,,,"{""acquired_tool_ids"": [7], ""acquisition_complete"": false, ""completed_steps"": [""r2_bearing_right"", ""r1_bearing_right"", ""r1_bearing_left"", ""r2_gear_rod"", ""r2_bearing_left""], ""head_rotation_deg"": null, ""head_translation_m"": null, ""left_hand_translation_m"": null, ""removed_tool_ids"": [15, 18, 19, 20, 21, 27, 28], ""right_hand_translation_m"": null, ""selected_step"": ""r2_fasten_first_stand"", ""step_attempt"": 7, ""step_elapsed_s"": 9.955855989013799, ""step_event_index"": 64, ""total_hand_translation_m"": null, ""trial_finished_elapsed_s"": null, ""trial_recording"": true, ""trial_required_tool_ids"": [7, 35, 37]}"
2026-09-04T14:06:20.274-04:00,kuber,gesture,tts_started,lifecycle,r2_fasten_first_stand,Row 2.4: fasten right stand,ready,7,65,,,,10.006762,,,,,,,,,,,,,,,,phillips screwdriver,,,,,"{""acquired_tool_ids"": [7], ""acquisition_complete"": false, ""completed_steps"": [""r2_bearing_right"", ""r1_bearing_right"", ""r1_bearing_left"", ""r2_gear_rod"", ""r2_bearing_left""], ""head_rotation_deg"": null, ""head_translation_m"": null, ""left_hand_translation_m"": null, ""removed_tool_ids"": [15, 18, 19, 20, 21, 27, 28], ""right_hand_translation_m"": null, ""selected_step"": ""r2_fasten_first_stand"", ""step_attempt"": 7, ""step_elapsed_s"": 10.006769453990273, ""step_event_index"": 65, ""total_hand_translation_m"": null, ""trial_finished_elapsed_s"": null, ""trial_recording"": true, ""trial_required_tool_ids"": [7, 35, 37]}"
2026-09-04T14:06:20.343-04:00,kuber,gesture,tts_finished,lifecycle,r2_fasten_first_stand,Row 2.4: fasten right stand,ready,7,66,,,,10.075314,,,,,,,,,,,,,,,,phillips screwdriver,,,,,"{""acquired_tool_ids"": [7], ""acquisition_complete"": false, ""completed_steps"": [""r2_bearing_right"", ""r1_bearing_right"", ""r1_bearing_left"", ""r2_gear_rod"", ""r2_bearing_left""], ""head_rotation_deg"": null, ""head_translation_m"": null, ""left_hand_translation_m"": null, ""removed_tool_ids"": [15, 18, 19, 20, 21, 27, 28], ""right_hand_translation_m"": null, ""selected_step"": ""r2_fasten_first_stand"", ""step_attempt"": 7, ""step_elapsed_s"": 10.075332327047363, ""step_event_index"": 66, ""total_hand_translation_m"": null, ""trial_finished_elapsed_s"": null, ""trial_recording"": true, ""trial_required_tool_ids"": [7, 35, 37]}"
2026-09-04T14:06:20.432-04:00,kuber,gesture,tts_started,lifecycle,r2_fasten_first_stand,Row 2.4: fasten right stand,ready,7,67,,,,10.163825,,,,,,,,,,,,,,,,part,,,,,"{""acquired_tool_ids"": [7], ""acquisition_complete"": false, ""completed_steps"": [""r2_bearing_right"", ""r1_bearing_right"", ""r1_bearing_left"", ""r2_gear_rod"", ""r2_bearing_left""], ""head_rotation_deg"": null, ""head_translation_m"": null, ""left_hand_translation_m"": null, ""removed_tool_ids"": [15, 18, 19, 20, 21, 27, 28], ""right_hand_translation_m"": null, ""selected_step"": ""r2_fasten_first_stand"", ""step_attempt"": 7, ""step_elapsed_s"": 10.163909996976145, ""step_event_index"": 67, ""total_hand_translation_m"": null, ""trial_finished_elapsed_s"": null, ""trial_recording"": true, ""trial_required_tool_ids"": [7, 35, 37]}"
2026-09-04T14:06:20.561-04:00,kuber,gesture,tts_finished,lifecycle,r2_fasten_first_stand,Row 2.4: fasten right stand,ready,7,68,,,,10.293255,,,,,,,,,,,,,,,,part,,,,,"{""acquired_tool_ids"": [7], ""acquisition_complete"": false, ""completed_steps"": [""r2_bearing_right"", ""r1_bearing_right"", ""r1_bearing_left"", ""r2_gear_rod"", ""r2_bearing_left""], ""head_rotation_deg"": null, ""head_translation_m"": null, ""left_hand_translation_m"": null, ""removed_tool_ids"": [15, 18, 19, 20, 21, 27, 28], ""right_hand_translation_m"": null, ""selected_step"": ""r2_fasten_first_stand"", ""step_attempt"": 7, ""step_elapsed_s"": 10.293266944005154, ""step_event_index"": 68, ""total_hand_translation_m"": null, ""trial_finished_elapsed_s"": null, ""trial_recording"": true, ""trial_required_tool_ids"": [7, 35, 37]}"
2026-09-04T14:06:20.629-04:00,kuber,gesture,tts_started,lifecycle,r2_fasten_first_stand,Row 2.4: fasten right stand,ready,7,69,,,,10.361568,,,,,,,,,,,,,,,,part,,,,,"{""acquired_tool_ids"": [7], ""acquisition_complete"": false, ""completed_steps"": [""r2_bearing_right"", ""r1_bearing_right"", ""r1_bearing_left"", ""r2_gear_rod"", ""r2_bearing_left""], ""head_rotation_deg"": null, ""head_translation_m"": null, ""left_hand_translation_m"": null, ""removed_tool_ids"": [15, 18, 19, 20, 21, 27, 28], ""right_hand_translation_m"": null, ""selected_step"": ""r2_fasten_first_stand"", ""step_attempt"": 7, ""step_elapsed_s"": 10.361580081051216, ""step_event_index"": 69, ""total_hand_translation_m"": null, ""trial_finished_elapsed_s"": null, ""trial_recording"": true, ""trial_required_tool_ids"": [7, 35, 37]}"
2026-09-04T14:06:20.701-04:00,kuber,gesture,tts_finished,lifecycle,r2_fasten_first_stand,Row 2.4: fasten right stand,ready,7,70,,,,10.433232,,,,,,,,,,,,,,,,part,,,,,"{""acquired_tool_ids"": [7], ""acquisition_complete"": false, ""completed_steps"": [""r2_bearing_right"", ""r1_bearing_right"", ""r1_bearing_left"", ""r2_gear_rod"", ""r2_bearing_left""], ""head_rotation_deg"": null, ""head_translation_m"": null, ""left_hand_translation_m"": null, ""removed_tool_ids"": [15, 18, 19, 20, 21, 27, 28], ""right_hand_translation_m"": null, ""selected_step"": ""r2_fasten_first_stand"", ""step_attempt"": 7, ""step_elapsed_s"": 10.43324487900827, ""step_event_index"": 70, ""total_hand_translation_m"": null, ""trial_finished_elapsed_s"": null, ""trial_recording"": true, ""trial_required_tool_ids"": [7, 35, 37]}"
2026-09-04T14:06:20.790-04:00,kuber,gesture,tts_started,lifecycle,r2_fasten_first_stand,Row 2.4: fasten right stand,ready,7,71,,,,10.522245,,,,,,,,,,,,,,,,part,,,,,"{""acquired_tool_ids"": [7], ""acquisition_complete"": false, ""completed_steps"": [""r2_bearing_right"", ""r1_bearing_right"", ""r1_bearing_left"", ""r2_gear_rod"", ""r2_bearing_left""], ""head_rotation_deg"": null, ""head_translation_m"": null, ""left_hand_translation_m"": null, ""removed_tool_ids"": [15, 18, 19, 20, 21, 27, 28], ""right_hand_translation_m"": null, ""selected_step"": ""r2_fasten_first_stand"", ""step_attempt"": 7, ""step_elapsed_s"": 10.522258807090111, ""step_event_index"": 71, ""total_hand_translation_m"": null, ""trial_finished_elapsed_s"": null, ""trial_recording"": true, ""trial_required_tool_ids"": [7, 35, 37]}"
2026-09-04T14:06:20.861-04:00,kuber,gesture,tts_finished,lifecycle,r2_fasten_first_stand,Row 2.4: fasten right stand,ready,7,72,,,,10.592897,,,,,,,,,,,,,,,,part,,,,,"{""acquired_tool_ids"": [7], ""acquisition_complete"": false, ""completed_steps"": [""r2_bearing_right"", ""r1_bearing_right"", ""r1_bearing_left"", ""r2_gear_rod"", ""r2_bearing_left""], ""head_rotation_deg"": null, ""head_translation_m"": null, ""left_hand_translation_m"": null, ""removed_tool_ids"": [15, 18, 19, 20, 21, 27, 28], ""right_hand_translation_m"": null, ""selected_step"": ""r2_fasten_first_stand"", ""step_attempt"": 7, ""step_elapsed_s"": 10.592908962978981, ""step_event_index"": 72, ""total_hand_translation_m"": null, ""trial_finished_elapsed_s"": null, ""trial_recording"": true, ""trial_required_tool_ids"": [7, 35, 37]}"
2026-09-04T14:06:20.935-04:00,kuber,gesture,tts_started,lifecycle,r2_fasten_first_stand,Row 2.4: fasten right stand,ready,7,73,,,,10.666867,,,,,,,,,,,,,,,,part,,,,,"{""acquired_tool_ids"": [7], ""acquisition_complete"": false, ""completed_steps"": [""r2_bearing_right"", ""r1_bearing_right"", ""r1_bearing_left"", ""r2_gear_rod"", ""r2_bearing_left""], ""head_rotation_deg"": null, ""head_translation_m"": null, ""left_hand_translation_m"": null, ""removed_tool_ids"": [15, 18, 19, 20, 21, 27, 28], ""right_hand_translation_m"": null, ""selected_step"": ""r2_fasten_first_stand"", ""step_attempt"": 7, ""step_elapsed_s"": 10.666877786046825, ""step_event_index"": 73, ""total_hand_translation_m"": null, ""trial_finished_elapsed_s"": null, ""trial_recording"": true, ""trial_required_tool_ids"": [7, 35, 37]}"
2026-09-04T14:06:20.983-04:00,kuber,gesture,tts_finished,lifecycle,r2_fasten_first_stand,Row 2.4: fasten right stand,ready,7,74,,,,10.715253,,,,,,,,,,,,,,,,part,,,,,"{""acquired_tool_ids"": [7], ""acquisition_complete"": false, ""completed_steps"": [""r2_bearing_right"", ""r1_bearing_right"", ""r1_bearing_left"", ""r2_gear_rod"", ""r2_bearing_left""], ""head_rotation_deg"": null, ""head_translation_m"": null, ""left_hand_translation_m"": null, ""removed_tool_ids"": [15, 18, 19, 20, 21, 27, 28], ""right_hand_translation_m"": null, ""selected_step"": ""r2_fasten_first_stand"", ""step_attempt"": 7, ""step_elapsed_s"": 10.715273234061897, ""step_event_index"": 74, ""total_hand_translation_m"": null, ""trial_finished_elapsed_s"": null, ""trial_recording"": true, ""trial_required_tool_ids"": [7, 35, 37]}"
2026-09-04T14:06:21.052-04:00,kuber,gesture,tts_started,lifecycle,r2_fasten_first_stand,Row 2.4: fasten right stand,ready,7,75,,,,10.784077,,,,,,,,,,,,,,,,part,,,,,"{""acquired_tool_ids"": [7], ""acquisition_complete"": false, ""completed_steps"": [""r2_bearing_right"", ""r1_bearing_right"", ""r1_bearing_left"", ""r2_gear_rod"", ""r2_bearing_left""], ""head_rotation_deg"": null, ""head_translation_m"": null, ""left_hand_translation_m"": null, ""removed_tool_ids"": [15, 18, 19, 20, 21, 27, 28], ""right_hand_translation_m"": null, ""selected_step"": ""r2_fasten_first_stand"", ""step_attempt"": 7, ""step_elapsed_s"": 10.784112747060135, ""step_event_index"": 75, ""total_hand_translation_m"": null, ""trial_finished_elapsed_s"": null, ""trial_recording"": true, ""trial_required_tool_ids"": [7, 35, 37]}"
2026-09-04T14:06:21.125-04:00,kuber,gesture,tts_finished,lifecycle,r2_fasten_first_stand,Row 2.4: fasten right stand,ready,7,76,,,,10.856876,,,,,,,,,,,,,,,,part,,,,,"{""acquired_tool_ids"": [7], ""acquisition_complete"": false, ""completed_steps"": [""r2_bearing_right"", ""r1_bearing_right"", ""r1_bearing_left"", ""r2_gear_rod"", ""r2_bearing_left""], ""head_rotation_deg"": null, ""head_translation_m"": null, ""left_hand_translation_m"": null, ""removed_tool_ids"": [15, 18, 19, 20, 21, 27, 28], ""right_hand_translation_m"": null, ""selected_step"": ""r2_fasten_first_stand"", ""step_attempt"": 7, ""step_elapsed_s"": 10.856891666073352, ""step_event_index"": 76, ""total_hand_translation_m"": null, ""trial_finished_elapsed_s"": null, ""trial_recording"": true, ""trial_required_tool_ids"": [7, 35, 37]}"
2026-09-04T14:06:21.174-04:00,kuber,gesture,tts_started,lifecycle,r2_fasten_first_stand,Row 2.4: fasten right stand,ready,7,77,,,,10.905892,,,,,,,,,,,,,,,,part,,,,,"{""acquired_tool_ids"": [7], ""acquisition_complete"": false, ""completed_steps"": [""r2_bearing_right"", ""r1_bearing_right"", ""r1_bearing_left"", ""r2_gear_rod"", ""r2_bearing_left""], ""head_rotation_deg"": null, ""head_translation_m"": null, ""left_hand_translation_m"": null, ""removed_tool_ids"": [15, 18, 19, 20, 21, 27, 28], ""right_hand_translation_m"": null, ""selected_step"": ""r2_fasten_first_stand"", ""step_attempt"": 7, ""step_elapsed_s"": 10.9059060390573, ""step_event_index"": 77, ""total_hand_translation_m"": null, ""trial_finished_elapsed_s"": null, ""trial_recording"": true, ""trial_required_tool_ids"": [7, 35, 37]}"
2026-09-04T14:06:21.236-04:00,kuber,gesture,tts_finished,lifecycle,r2_fasten_first_stand,Row 2.4: fasten right stand,ready,7,78,,,,10.968469,,,,,,,,,,,,,,,,part,,,,,"{""acquired_tool_ids"": [7], ""acquisition_complete"": false, ""completed_steps"": [""r2_bearing_right"", ""r1_bearing_right"", ""r1_bearing_left"", ""r2_gear_rod"", ""r2_bearing_left""], ""head_rotation_deg"": null, ""head_translation_m"": null, ""left_hand_translation_m"": null, ""removed_tool_ids"": [15, 18, 19, 20, 21, 27, 28], ""right_hand_translation_m"": null, ""selected_step"": ""r2_fasten_first_stand"", ""step_attempt"": 7, ""step_elapsed_s"": 10.96848492603749, ""step_event_index"": 78, ""total_hand_translation_m"": null, ""trial_finished_elapsed_s"": null, ""trial_recording"": true, ""trial_required_tool_ids"": [7, 35, 37]}"
2026-09-04T14:06:21.306-04:00,kuber,gesture,tts_started,lifecycle,r2_fasten_first_stand,Row 2.4: fasten right stand,ready,7,79,,,,11.037950,,,,,,,,,,,,,,,,part,,,,,"{""acquired_tool_ids"": [7], ""acquisition_complete"": false, ""completed_steps"": [""r2_bearing_right"", ""r1_bearing_right"", ""r1_bearing_left"", ""r2_gear_rod"", ""r2_bearing_left""], ""head_rotation_deg"": null, ""head_translation_m"": null, ""left_hand_translation_m"": null, ""removed_tool_ids"": [15, 18, 19, 20, 21, 27, 28], ""right_hand_translation_m"": null, ""selected_step"": ""r2_fasten_first_stand"", ""step_attempt"": 7, ""step_elapsed_s"": 11.03796353098005, ""step_event_index"": 79, ""total_hand_translation_m"": null, ""trial_finished_elapsed_s"": null, ""trial_recording"": true, ""trial_required_tool_ids"": [7, 35, 37]}"
2026-09-04T14:06:21.371-04:00,kuber,gesture,tts_finished,lifecycle,r2_fasten_first_stand,Row 2.4: fasten right stand,ready,7,80,,,,11.103549,,,,,,,,,,,,,,,,part,,,,,"{""acquired_tool_ids"": [7], ""acquisition_complete"": false, ""completed_steps"": [""r2_bearing_right"", ""r1_bearing_right"", ""r1_bearing_left"", ""r2_gear_rod"", ""r2_bearing_left""], ""head_rotation_deg"": null, ""head_translation_m"": null, ""left_hand_translation_m"": null, ""removed_tool_ids"": [15, 18, 19, 20, 21, 27, 28], ""right_hand_translation_m"": null, ""selected_step"": ""r2_fasten_first_stand"", ""step_attempt"": 7, ""step_elapsed_s"": 11.103561172029004, ""step_event_index"": 80, ""total_hand_translation_m"": null, ""trial_finished_elapsed_s"": null, ""trial_recording"": true, ""trial_required_tool_ids"": [7, 35, 37]}"
2026-09-04T14:06:21.445-04:00,kuber,gesture,tts_started,lifecycle,r2_fasten_first_stand,Row 2.4: fasten right stand,ready,7,81,,,,11.177749,,,,,,,,,,,,,,,,part,,,,,"{""acquired_tool_ids"": [7], ""acquisition_complete"": false, ""completed_steps"": [""r2_bearing_right"", ""r1_bearing_right"", ""r1_bearing_left"", ""r2_gear_rod"", ""r2_bearing_left""], ""head_rotation_deg"": null, ""head_translation_m"": null, ""left_hand_translation_m"": null, ""removed_tool_ids"": [15, 18, 19, 20, 21, 27, 28], ""right_hand_translation_m"": null, ""selected_step"": ""r2_fasten_first_stand"", ""step_attempt"": 7, ""step_elapsed_s"": 11.177761150058359, ""step_event_index"": 81, ""total_hand_translation_m"": null, ""trial_finished_elapsed_s"": null, ""trial_recording"": true, ""trial_required_tool_ids"": [7, 35, 37]}"
2026-09-04T14:06:21.575-04:00,kuber,gesture,tts_finished,lifecycle,r2_fasten_first_stand,Row 2.4: fasten right stand,ready,7,82,,,,11.307335,,,,,,,,,,,,,,,,part,,,,,"{""acquired_tool_ids"": [7], ""acquisition_complete"": false, ""completed_steps"": [""r2_bearing_right"", ""r1_bearing_right"", ""r1_bearing_left"", ""r2_gear_rod"", ""r2_bearing_left""], ""head_rotation_deg"": null, ""head_translation_m"": null, ""left_hand_translation_m"": null, ""removed_tool_ids"": [15, 18, 19, 20, 21, 27, 28], ""right_hand_translation_m"": null, ""selected_step"": ""r2_fasten_first_stand"", ""step_attempt"": 7, ""step_elapsed_s"": 11.30734856298659, ""step_event_index"": 82, ""total_hand_translation_m"": null, ""trial_finished_elapsed_s"": null, ""trial_recording"": true, ""trial_required_tool_ids"": [7, 35, 37]}"
2026-09-04T14:06:21.661-04:00,kuber,gesture,tts_started,lifecycle,r2_fasten_first_stand,Row 2.4: fasten right stand,ready,7,83,,,,11.392825,,,,,,,,,,,,,,,,part,,,,,"{""acquired_tool_ids"": [7], ""acquisition_complete"": false, ""completed_steps"": [""r2_bearing_right"", ""r1_bearing_right"", ""r1_bearing_left"", ""r2_gear_rod"", ""r2_bearing_left""], ""head_rotation_deg"": null, ""head_translation_m"": null, ""left_hand_translation_m"": null, ""removed_tool_ids"": [15, 18, 19, 20, 21, 27, 28], ""right_hand_translation_m"": null, ""selected_step"": ""r2_fasten_first_stand"", ""step_attempt"": 7, ""step_elapsed_s"": 11.39283660100773, ""step_event_index"": 83, ""total_hand_translation_m"": null, ""trial_finished_elapsed_s"": null, ""trial_recording"": true, ""trial_required_tool_ids"": [7, 35, 37]}"
2026-09-04T14:06:21.835-04:00,kuber,gesture,tts_finished,lifecycle,r2_fasten_first_stand,Row 2.4: fasten right stand,ready,7,84,,,,11.567241,,,,,,,,,,,,,,,,part,,,,,"{""acquired_tool_ids"": [7], ""acquisition_complete"": false, ""completed_steps"": [""r2_bearing_right"", ""r1_bearing_right"", ""r1_bearing_left"", ""r2_gear_rod"", ""r2_bearing_left""], ""head_rotation_deg"": null, ""head_translation_m"": null, ""left_hand_translation_m"": null, ""removed_tool_ids"": [15, 18, 19, 20, 21, 27, 28], ""right_hand_translation_m"": null, ""selected_step"": ""r2_fasten_first_stand"", ""step_attempt"": 7, ""step_elapsed_s"": 11.567272512009367, ""step_event_index"": 84, ""total_hand_translation_m"": null, ""trial_finished_elapsed_s"": null, ""trial_recording"": true, ""trial_required_tool_ids"": [7, 35, 37]}"
2026-09-04T14:06:21.898-04:00,kuber,gesture,tts_started,lifecycle,r2_fasten_first_stand,Row 2.4: fasten right stand,ready,7,85,,,,11.630665,,,,,,,,,,,,,,,,bit holder1,,,,,"{""acquired_tool_ids"": [7], ""acquisition_complete"": false, ""completed_steps"": [""r2_bearing_right"", ""r1_bearing_right"", ""r1_bearing_left"", ""r2_gear_rod"", ""r2_bearing_left""], ""head_rotation_deg"": null, ""head_translation_m"": null, ""left_hand_translation_m"": null, ""removed_tool_ids"": [15, 18, 19, 20, 21, 27, 28], ""right_hand_translation_m"": null, ""selected_step"": ""r2_fasten_first_stand"", ""step_attempt"": 7, ""step_elapsed_s"": 11.63069150201045, ""step_event_index"": 85, ""total_hand_translation_m"": null, ""trial_finished_elapsed_s"": null, ""trial_recording"": true, ""trial_required_tool_ids"": [7, 35, 37]}"
2026-09-04T14:06:22.152-04:00,kuber,gesture,tts_finished,lifecycle,r2_fasten_first_stand,Row 2.4: fasten right stand,ready,7,86,,,,11.884690,,,,,,,,,,,,,,,,bit holder1,,,,,"{""acquired_tool_ids"": [7], ""acquisition_complete"": false, ""completed_steps"": [""r2_bearing_right"", ""r1_bearing_right"", ""r1_bearing_left"", ""r2_gear_rod"", ""r2_bearing_left""], ""head_rotation_deg"": null, ""head_translation_m"": null, ""left_hand_translation_m"": null, ""removed_tool_ids"": [15, 18, 19, 20, 21, 27, 28], ""right_hand_translation_m"": null, ""selected_step"": ""r2_fasten_first_stand"", ""step_attempt"": 7, ""step_elapsed_s"": 11.884709049016237, ""step_event_index"": 86, ""total_hand_translation_m"": null, ""trial_finished_elapsed_s"": null, ""trial_recording"": true, ""trial_required_tool_ids"": [7, 35, 37]}"
2026-09-04T14:06:22.238-04:00,kuber,gesture,tts_started,lifecycle,r2_fasten_first_stand,Row 2.4: fasten right stand,ready,7,87,,,,11.969773,,,,,,,,,,,,,,,,part,,,,,"{""acquired_tool_ids"": [7], ""acquisition_complete"": false, ""completed_steps"": [""r2_bearing_right"", ""r1_bearing_right"", ""r1_bearing_left"", ""r2_gear_rod"", ""r2_bearing_left""], ""head_rotation_deg"": null, ""head_translation_m"": null, ""left_hand_translation_m"": null, ""removed_tool_ids"": [15, 18, 19, 20, 21, 27, 28], ""right_hand_translation_m"": null, ""selected_step"": ""r2_fasten_first_stand"", ""step_attempt"": 7, ""step_elapsed_s"": 11.969801287050359, ""step_event_index"": 87, ""total_hand_translation_m"": null, ""trial_finished_elapsed_s"": null, ""trial_recording"": true, ""trial_required_tool_ids"": [7, 35, 37]}"
2026-09-04T14:06:22.316-04:00,kuber,gesture,tts_finished,lifecycle,r2_fasten_first_stand,Row 2.4: fasten right stand,ready,7,88,,,,12.048581,,,,,,,,,,,,,,,,part,,,,,"{""acquired_tool_ids"": [7], ""acquisition_complete"": false, ""completed_steps"": [""r2_bearing_right"", ""r1_bearing_right"", ""r1_bearing_left"", ""r2_gear_rod"", ""r2_bearing_left""], ""head_rotation_deg"": null, ""head_translation_m"": null, ""left_hand_translation_m"": null, ""removed_tool_ids"": [15, 18, 19, 20, 21, 27, 28], ""right_hand_translation_m"": null, ""selected_step"": ""r2_fasten_first_stand"", ""step_attempt"": 7, ""step_elapsed_s"": 12.048591124010272, ""step_event_index"": 88, ""total_hand_translation_m"": null, ""trial_finished_elapsed_s"": null, ""trial_recording"": true, ""trial_required_tool_ids"": [7, 35, 37]}"
2026-09-04T14:06:22.513-04:00,kuber,gesture,tts_started,lifecycle,r2_fasten_first_stand,Row 2.4: fasten right stand,ready,7,89,,,,12.245574,,,,,,,,,,,,,,,,bit holder2,,,,,"{""acquired_tool_ids"": [7], ""acquisition_complete"": false, ""completed_steps"": [""r2_bearing_right"", ""r1_bearing_right"", ""r1_bearing_left"", ""r2_gear_rod"", ""r2_bearing_left""], ""head_rotation_deg"": null, ""head_translation_m"": null, ""left_hand_translation_m"": null, ""removed_tool_ids"": [15, 18, 19, 20, 21, 27, 28], ""right_hand_translation_m"": null, ""selected_step"": ""r2_fasten_first_stand"", ""step_attempt"": 7, ""step_elapsed_s"": 12.245588239049539, ""step_event_index"": 89, ""total_hand_translation_m"": null, ""trial_finished_elapsed_s"": null, ""trial_recording"": true, ""trial_required_tool_ids"": [7, 35, 37]}"
2026-09-04T14:06:22.981-04:00,kuber,gesture,part_selection,click,r2_fasten_first_stand,Row 2.4: fasten right stand,ready,7,90,37,BITHOLDER2,9.311086,12.712904,,,,,,,,,,,,,,,1,,,,,,"{""acquired_tool_ids"": [7, 37], ""acquisition_complete"": false, ""completed_steps"": [""r2_bearing_right"", ""r1_bearing_right"", ""r1_bearing_left"", ""r2_gear_rod"", ""r2_bearing_left""], ""head_rotation_deg"": null, ""head_translation_m"": null, ""left_hand_translation_m"": null, ""removed_tool_ids"": [15, 18, 19, 20, 21, 27, 28], ""right_hand_translation_m"": null, ""selected_step"": ""r2_fasten_first_stand"", ""step_attempt"": 7, ""step_elapsed_s"": 12.712954482063651, ""step_event_index"": 90, ""total_hand_translation_m"": null, ""trial_finished_elapsed_s"": null, ""trial_recording"": true, ""trial_required_tool_ids"": [7, 35, 37]}"
2026-09-04T14:06:23.077-04:00,kuber,gesture,object_acquired,click,r2_fasten_first_stand,Row 2.4: fasten right stand,ready,7,91,37,BITHOLDER2,9.311086,12.712904,,,,,,,,,,,,,,,1,,,,,,"{""acquired_tool_ids"": [7, 37], ""acquisition_complete"": false, ""completed_steps"": [""r2_bearing_right"", ""r1_bearing_right"", ""r1_bearing_left"", ""r2_gear_rod"", ""r2_bearing_left""], ""head_rotation_deg"": null, ""head_translation_m"": null, ""left_hand_translation_m"": null, ""removed_tool_ids"": [15, 18, 19, 20, 21, 27, 28], ""right_hand_translation_m"": null, ""selected_step"": ""r2_fasten_first_stand"", ""step_attempt"": 7, ""step_elapsed_s"": 12.80935189500451, ""step_event_index"": 91, ""total_hand_translation_m"": null, ""trial_finished_elapsed_s"": null, ""trial_recording"": true, ""trial_required_tool_ids"": [7, 35, 37]}"
2026-09-04T14:06:23.459-04:00,kuber,gesture,tts_queued,lifecycle,r2_fasten_first_stand,Row 2.4: fasten right stand,ready,7,92,,,,13.191123,,,,,,,,,,,,,,,,1 part left.,,,replace,,"{""acquired_tool_ids"": [7, 37], ""acquisition_complete"": false, ""completed_steps"": [""r2_bearing_right"", ""r1_bearing_right"", ""r1_bearing_left"", ""r2_gear_rod"", ""r2_bearing_left""], ""head_rotation_deg"": null, ""head_translation_m"": null, ""left_hand_translation_m"": null, ""removed_tool_ids"": [15, 18, 19, 20, 21, 27, 28], ""right_hand_translation_m"": null, ""selected_step"": ""r2_fasten_first_stand"", ""step_attempt"": 7, ""step_elapsed_s"": 13.191145122982562, ""step_event_index"": 92, ""total_hand_translation_m"": null, ""trial_finished_elapsed_s"": null, ""trial_recording"": true, ""trial_required_tool_ids"": [7, 35, 37]}"
2026-09-04T14:06:23.525-04:00,kuber,gesture,tts_finished,lifecycle,r2_fasten_first_stand,Row 2.4: fasten right stand,ready,7,93,,,,13.257317,,,,,,,,,,,,,,,,bit holder2,,,,,"{""acquired_tool_ids"": [7, 37], ""acquisition_complete"": false, ""completed_steps"": [""r2_bearing_right"", ""r1_bearing_right"", ""r1_bearing_left"", ""r2_gear_rod"", ""r2_bearing_left""], ""head_rotation_deg"": null, ""head_translation_m"": null, ""left_hand_translation_m"": null, ""removed_tool_ids"": [15, 18, 19, 20, 21, 27, 28], ""right_hand_translation_m"": null, ""selected_step"": ""r2_fasten_first_stand"", ""step_attempt"": 7, ""step_elapsed_s"": 13.257328986073844, ""step_event_index"": 93, ""total_hand_translation_m"": null, ""trial_finished_elapsed_s"": null, ""trial_recording"": true, ""trial_required_tool_ids"": [7, 35, 37]}"
2026-09-04T14:06:23.603-04:00,kuber,gesture,tts_started,lifecycle,r2_fasten_first_stand,Row 2.4: fasten right stand,ready,7,94,,,,13.335278,,,,,,,,,,,,,,,,1 part left.,,,,,"{""acquired_tool_ids"": [7, 37], ""acquisition_complete"": false, ""completed_steps"": [""r2_bearing_right"", ""r1_bearing_right"", ""r1_bearing_left"", ""r2_gear_rod"", ""r2_bearing_left""], ""head_rotation_deg"": null, ""head_translation_m"": null, ""left_hand_translation_m"": null, ""removed_tool_ids"": [15, 18, 19, 20, 21, 27, 28], ""right_hand_translation_m"": null, ""selected_step"": ""r2_fasten_first_stand"", ""step_attempt"": 7, ""step_elapsed_s"": 13.33528917399235, ""step_event_index"": 94, ""total_hand_translation_m"": null, ""trial_finished_elapsed_s"": null, ""trial_recording"": true, ""trial_required_tool_ids"": [7, 35, 37]}"
2026-09-04T14:06:25.125-04:00,kuber,gesture,hover,hover,r2_fasten_first_stand,Row 2.4: fasten right stand,ready,7,95,26,GEAR_ROW1_LEFT,,,,,,,,,,,,,,,,,,,,,,,"{""acquired_tool_ids"": [7, 37], ""acquisition_complete"": false, ""completed_steps"": [""r2_bearing_right"", ""r1_bearing_right"", ""r1_bearing_left"", ""r2_gear_rod"", ""r2_bearing_left""], ""head_rotation_deg"": null, ""head_translation_m"": null, ""left_hand_translation_m"": null, ""removed_tool_ids"": [15, 18, 19, 20, 21, 27, 28], ""right_hand_translation_m"": null, ""selected_step"": ""r2_fasten_first_stand"", ""step_attempt"": 7, ""step_elapsed_s"": 14.857139778090641, ""step_event_index"": 95, ""total_hand_translation_m"": null, ""trial_finished_elapsed_s"": null, ""trial_recording"": true, ""trial_required_tool_ids"": [7, 35, 37]}"
2026-09-04T14:06:25.195-04:00,kuber,gesture,tts_queued,lifecycle,r2_fasten_first_stand,Row 2.4: fasten right stand,ready,7,96,,,,14.926996,,,,,,,,,,,,,,,,Row 1 left gear,,,replace_hover,,"{""acquired_tool_ids"": [7, 37], ""acquisition_complete"": false, ""completed_steps"": [""r2_bearing_right"", ""r1_bearing_right"", ""r1_bearing_left"", ""r2_gear_rod"", ""r2_bearing_left""], ""head_rotation_deg"": null, ""head_translation_m"": null, ""left_hand_translation_m"": null, ""removed_tool_ids"": [15, 18, 19, 20, 21, 27, 28], ""right_hand_translation_m"": null, ""selected_step"": ""r2_fasten_first_stand"", ""step_attempt"": 7, ""step_elapsed_s"": 14.927008907077834, ""step_event_index"": 96, ""total_hand_translation_m"": null, ""trial_finished_elapsed_s"": null, ""trial_recording"": true, ""trial_required_tool_ids"": [7, 35, 37]}"
2026-09-04T14:06:25.325-04:00,kuber,gesture,hover,hover,r2_fasten_first_stand,Row 2.4: fasten right stand,ready,7,97,24,GEAR_STAND_ROW4_LEFT,,,,,,,,,,,,,,,,,,,,,,,"{""acquired_tool_ids"": [7, 37], ""acquisition_complete"": false, ""completed_steps"": [""r2_bearing_right"", ""r1_bearing_right"", ""r1_bearing_left"", ""r2_gear_rod"", ""r2_bearing_left""], ""head_rotation_deg"": null, ""head_translation_m"": null, ""left_hand_translation_m"": null, ""removed_tool_ids"": [15, 18, 19, 20, 21, 27, 28], ""right_hand_translation_m"": null, ""selected_step"": ""r2_fasten_first_stand"", ""step_attempt"": 7, ""step_elapsed_s"": 15.056823999038897, ""step_event_index"": 97, ""total_hand_translation_m"": null, ""trial_finished_elapsed_s"": null, ""trial_recording"": true, ""trial_required_tool_ids"": [7, 35, 37]}"
2026-09-04T14:06:25.459-04:00,kuber,gesture,tts_queued,lifecycle,r2_fasten_first_stand,Row 2.4: fasten right stand,ready,7,98,,,,15.190963,,,,,,,,,,,,,,,,Row 4 left stand,,,replace_hover,,"{""acquired_tool_ids"": [7, 37], ""acquisition_complete"": false, ""completed_steps"": [""r2_bearing_right"", ""r1_bearing_right"", ""r1_bearing_left"", ""r2_gear_rod"", ""r2_bearing_left""], ""head_rotation_deg"": null, ""head_translation_m"": null, ""left_hand_translation_m"": null, ""removed_tool_ids"": [15, 18, 19, 20, 21, 27, 28], ""right_hand_translation_m"": null, ""selected_step"": ""r2_fasten_first_stand"", ""step_attempt"": 7, ""step_elapsed_s"": 15.190976197016425, ""step_event_index"": 98, ""total_hand_translation_m"": null, ""trial_finished_elapsed_s"": null, ""trial_recording"": true, ""trial_required_tool_ids"": [7, 35, 37]}"
2026-09-04T14:06:25.747-04:00,kuber,gesture,hover,hover,r2_fasten_first_stand,Row 2.4: fasten right stand,ready,7,99,11,FLATHEAD_SCREWDRIVER,,,,,,,,,,,,,,,,,,,,,,,"{""acquired_tool_ids"": [7, 37], ""acquisition_complete"": false, ""completed_steps"": [""r2_bearing_right"", ""r1_bearing_right"", ""r1_bearing_left"", ""r2_gear_rod"", ""r2_bearing_left""], ""head_rotation_deg"": null, ""head_translation_m"": null, ""left_hand_translation_m"": null, ""removed_tool_ids"": [15, 18, 19, 20, 21, 27, 28], ""right_hand_translation_m"": null, ""selected_step"": ""r2_fasten_first_stand"", ""step_attempt"": 7, ""step_elapsed_s"": 15.479520490043797, ""step_event_index"": 99, ""total_hand_translation_m"": null, ""trial_finished_elapsed_s"": null, ""trial_recording"": true, ""trial_required_tool_ids"": [7, 35, 37]}"
2026-09-04T14:06:25.845-04:00,kuber,gesture,tts_queued,lifecycle,r2_fasten_first_stand,Row 2.4: fasten right stand,ready,7,100,,,,15.577289,,,,,,,,,,,,,,,,part,,,replace_hover,,"{""acquired_tool_ids"": [7, 37], ""acquisition_complete"": false, ""completed_steps"": [""r2_bearing_right"", ""r1_bearing_right"", ""r1_bearing_left"", ""r2_gear_rod"", ""r2_bearing_left""], ""head_rotation_deg"": null, ""head_translation_m"": null, ""left_hand_translation_m"": null, ""removed_tool_ids"": [15, 18, 19, 20, 21, 27, 28], ""right_hand_translation_m"": null, ""selected_step"": ""r2_fasten_first_stand"", ""step_attempt"": 7, ""step_elapsed_s"": 15.577302801073529, ""step_event_index"": 100, ""total_hand_translation_m"": null, ""trial_finished_elapsed_s"": null, ""trial_recording"": true, ""trial_required_tool_ids"": [7, 35, 37]}"
2026-09-04T14:06:26.033-04:00,kuber,gesture,hover,hover,r2_fasten_first_stand,Row 2.4: fasten right stand,ready,7,101,10,PHILIPS_SCREWDRIVER,,,,,,,,,,,,,,,,,,,,,,,"{""acquired_tool_ids"": [7, 37], ""acquisition_complete"": false, ""completed_steps"": [""r2_bearing_right"", ""r1_bearing_right"", ""r1_bearing_left"", ""r2_gear_rod"", ""r2_bearing_left""], ""head_rotation_deg"": null, ""head_translation_m"": null, ""left_hand_translation_m"": null, ""removed_tool_ids"": [15, 18, 19, 20, 21, 27, 28], ""right_hand_translation_m"": null, ""selected_step"": ""r2_fasten_first_stand"", ""step_attempt"": 7, ""step_elapsed_s"": 15.765584193053655, ""step_event_index"": 101, ""total_hand_translation_m"": null, ""trial_finished_elapsed_s"": null, ""trial_recording"": true, ""trial_required_tool_ids"": [7, 35, 37]}"
2026-09-04T14:06:26.228-04:00,kuber,gesture,tts_queued,lifecycle,r2_fasten_first_stand,Row 2.4: fasten right stand,ready,7,102,,,,15.960461,,,,,,,,,,,,,,,,phillips screwdriver,,,replace_hover,,"{""acquired_tool_ids"": [7, 37], ""acquisition_complete"": false, ""completed_steps"": [""r2_bearing_right"", ""r1_bearing_right"", ""r1_bearing_left"", ""r2_gear_rod"", ""r2_bearing_left""], ""head_rotation_deg"": null, ""head_translation_m"": null, ""left_hand_translation_m"": null, ""removed_tool_ids"": [15, 18, 19, 20, 21, 27, 28], ""right_hand_translation_m"": null, ""selected_step"": ""r2_fasten_first_stand"", ""step_attempt"": 7, ""step_elapsed_s"": 15.960472797043622, ""step_event_index"": 102, ""total_hand_translation_m"": null, ""trial_finished_elapsed_s"": null, ""trial_recording"": true, ""trial_required_tool_ids"": [7, 35, 37]}"
2026-09-04T14:06:26.416-04:00,kuber,gesture,hover,hover,r2_fasten_first_stand,Row 2.4: fasten right stand,ready,7,103,11,FLATHEAD_SCREWDRIVER,,,,,,,,,,,,,,,,,,,,,,,"{""acquired_tool_ids"": [7, 37], ""acquisition_complete"": false, ""completed_steps"": [""r2_bearing_right"", ""r1_bearing_right"", ""r1_bearing_left"", ""r2_gear_rod"", ""r2_bearing_left""], ""head_rotation_deg"": null, ""head_translation_m"": null, ""left_hand_translation_m"": null, ""removed_tool_ids"": [15, 18, 19, 20, 21, 27, 28], ""right_hand_translation_m"": null, ""selected_step"": ""r2_fasten_first_stand"", ""step_attempt"": 7, ""step_elapsed_s"": 16.148388284025714, ""step_event_index"": 103, ""total_hand_translation_m"": null, ""trial_finished_elapsed_s"": null, ""trial_recording"": true, ""trial_required_tool_ids"": [7, 35, 37]}"
2026-09-04T14:06:26.503-04:00,kuber,gesture,tts_queued,lifecycle,r2_fasten_first_stand,Row 2.4: fasten right stand,ready,7,104,,,,16.235676,,,,,,,,,,,,,,,,part,,,replace_hover,,"{""acquired_tool_ids"": [7, 37], ""acquisition_complete"": false, ""completed_steps"": [""r2_bearing_right"", ""r1_bearing_right"", ""r1_bearing_left"", ""r2_gear_rod"", ""r2_bearing_left""], ""head_rotation_deg"": null, ""head_translation_m"": null, ""left_hand_translation_m"": null, ""removed_tool_ids"": [15, 18, 19, 20, 21, 27, 28], ""right_hand_translation_m"": null, ""selected_step"": ""r2_fasten_first_stand"", ""step_attempt"": 7, ""step_elapsed_s"": 16.235691118985415, ""step_event_index"": 104, ""total_hand_translation_m"": null, ""trial_finished_elapsed_s"": null, ""trial_recording"": true, ""trial_required_tool_ids"": [7, 35, 37]}"
2026-09-04T14:06:26.842-04:00,kuber,gesture,hover,hover,r2_fasten_first_stand,Row 2.4: fasten right stand,ready,7,105,13,MAGNET_POLE_CHECKER,,,,,,,,,,,,,,,,,,,,,,,"{""acquired_tool_ids"": [7, 37], ""acquisition_complete"": false, ""completed_steps"": [""r2_bearing_right"", ""r1_bearing_right"", ""r1_bearing_left"", ""r2_gear_rod"", ""r2_bearing_left""], ""head_rotation_deg"": null, ""head_translation_m"": null, ""left_hand_translation_m"": null, ""removed_tool_ids"": [15, 18, 19, 20, 21, 27, 28], ""right_hand_translation_m"": null, ""selected_step"": ""r2_fasten_first_stand"", ""step_attempt"": 7, ""step_elapsed_s"": 16.574700688011944, ""step_event_index"": 105, ""total_hand_translation_m"": null, ""trial_finished_elapsed_s"": null, ""trial_recording"": true, ""trial_required_tool_ids"": [7, 35, 37]}"
2026-09-04T14:06:26.925-04:00,kuber,gesture,tts_queued,lifecycle,r2_fasten_first_stand,Row 2.4: fasten right stand,ready,7,106,,,,16.656975,,,,,,,,,,,,,,,,part,,,replace_hover,,"{""acquired_tool_ids"": [7, 37], ""acquisition_complete"": false, ""completed_steps"": [""r2_bearing_right"", ""r1_bearing_right"", ""r1_bearing_left"", ""r2_gear_rod"", ""r2_bearing_left""], ""head_rotation_deg"": null, ""head_translation_m"": null, ""left_hand_translation_m"": null, ""removed_tool_ids"": [15, 18, 19, 20, 21, 27, 28], ""right_hand_translation_m"": null, ""selected_step"": ""r2_fasten_first_stand"", ""step_attempt"": 7, ""step_elapsed_s"": 16.65698812098708, ""step_event_index"": 106, ""total_hand_translation_m"": null, ""trial_finished_elapsed_s"": null, ""trial_recording"": true, ""trial_required_tool_ids"": [7, 35, 37]}"
2026-09-04T14:06:27.057-04:00,kuber,gesture,hover,hover,r2_fasten_first_stand,Row 2.4: fasten right stand,ready,7,107,36,BITHOLDER1,,,,,,,,,,,,,,,,,,,,,,,"{""acquired_tool_ids"": [7, 37], ""acquisition_complete"": false, ""completed_steps"": [""r2_bearing_right"", ""r1_bearing_right"", ""r1_bearing_left"", ""r2_gear_rod"", ""r2_bearing_left""], ""head_rotation_deg"": null, ""head_translation_m"": null, ""left_hand_translation_m"": null, ""removed_tool_ids"": [15, 18, 19, 20, 21, 27, 28], ""right_hand_translation_m"": null, ""selected_step"": ""r2_fasten_first_stand"", ""step_attempt"": 7, ""step_elapsed_s"": 16.789230021066032, ""step_event_index"": 107, ""total_hand_translation_m"": null, ""trial_finished_elapsed_s"": null, ""trial_recording"": true, ""trial_required_tool_ids"": [7, 35, 37]}"
2026-09-04T14:06:27.229-04:00,kuber,gesture,tts_queued,lifecycle,r2_fasten_first_stand,Row 2.4: fasten right stand,ready,7,108,,,,16.961565,,,,,,,,,,,,,,,,bit holder1,,,replace_hover,,"{""acquired_tool_ids"": [7, 37], ""acquisition_complete"": false, ""completed_steps"": [""r2_bearing_right"", ""r1_bearing_right"", ""r1_bearing_left"", ""r2_gear_rod"", ""r2_bearing_left""], ""head_rotation_deg"": null, ""head_translation_m"": null, ""left_hand_translation_m"": null, ""removed_tool_ids"": [15, 18, 19, 20, 21, 27, 28], ""right_hand_translation_m"": null, ""selected_step"": ""r2_fasten_first_stand"", ""step_attempt"": 7, ""step_elapsed_s"": 16.96158133703284, ""step_event_index"": 108, ""total_hand_translation_m"": null, ""trial_finished_elapsed_s"": null, ""trial_recording"": true, ""trial_required_tool_ids"": [7, 35, 37]}"
2026-09-04T14:06:27.492-04:00,kuber,gesture,tts_finished,lifecycle,r2_fasten_first_stand,Row 2.4: fasten right stand,ready,7,109,,,,17.224085,,,,,,,,,,,,,,,,1 part left.,,,,,"{""acquired_tool_ids"": [7, 37], ""acquisition_complete"": false, ""completed_steps"": [""r2_bearing_right"", ""r1_bearing_right"", ""r1_bearing_left"", ""r2_gear_rod"", ""r2_bearing_left""], ""head_rotation_deg"": null, ""head_translation_m"": null, ""left_hand_translation_m"": null, ""removed_tool_ids"": [15, 18, 19, 20, 21, 27, 28], ""right_hand_translation_m"": null, ""selected_step"": ""r2_fasten_first_stand"", ""step_attempt"": 7, ""step_elapsed_s"": 17.22409949603025, ""step_event_index"": 109, ""total_hand_translation_m"": null, ""trial_finished_elapsed_s"": null, ""trial_recording"": true, ""trial_required_tool_ids"": [7, 35, 37]}"
2026-09-04T14:06:27.695-04:00,kuber,gesture,tts_started,lifecycle,r2_fasten_first_stand,Row 2.4: fasten right stand,ready,7,110,,,,17.427714,,,,,,,,,,,,,,,,Row 1 left gear,,,,,"{""acquired_tool_ids"": [7, 37], ""acquisition_complete"": false, ""completed_steps"": [""r2_bearing_right"", ""r1_bearing_right"", ""r1_bearing_left"", ""r2_gear_rod"", ""r2_bearing_left""], ""head_rotation_deg"": null, ""head_translation_m"": null, ""left_hand_translation_m"": null, ""removed_tool_ids"": [15, 18, 19, 20, 21, 27, 28], ""right_hand_translation_m"": null, ""selected_step"": ""r2_fasten_first_stand"", ""step_attempt"": 7, ""step_elapsed_s"": 17.427750330069102, ""step_event_index"": 110, ""total_hand_translation_m"": null, ""trial_finished_elapsed_s"": null, ""trial_recording"": true, ""trial_required_tool_ids"": [7, 35, 37]}"
2026-09-04T14:06:27.822-04:00,kuber,gesture,tts_finished,lifecycle,r2_fasten_first_stand,Row 2.4: fasten right stand,ready,7,111,,,,17.554688,,,,,,,,,,,,,,,,Row 1 left gear,,,,,"{""acquired_tool_ids"": [7, 37], ""acquisition_complete"": false, ""completed_steps"": [""r2_bearing_right"", ""r1_bearing_right"", ""r1_bearing_left"", ""r2_gear_rod"", ""r2_bearing_left""], ""head_rotation_deg"": null, ""head_translation_m"": null, ""left_hand_translation_m"": null, ""removed_tool_ids"": [15, 18, 19, 20, 21, 27, 28], ""right_hand_translation_m"": null, ""selected_step"": ""r2_fasten_first_stand"", ""step_attempt"": 7, ""step_elapsed_s"": 17.554702710011043, ""step_event_index"": 111, ""total_hand_translation_m"": null, ""trial_finished_elapsed_s"": null, ""trial_recording"": true, ""trial_required_tool_ids"": [7, 35, 37]}"
2026-09-04T14:06:27.947-04:00,kuber,gesture,tts_started,lifecycle,r2_fasten_first_stand,Row 2.4: fasten right stand,ready,7,112,,,,17.679515,,,,,,,,,,,,,,,,Row 4 left stand,,,,,"{""acquired_tool_ids"": [7, 37], ""acquisition_complete"": false, ""completed_steps"": [""r2_bearing_right"", ""r1_bearing_right"", ""r1_bearing_left"", ""r2_gear_rod"", ""r2_bearing_left""], ""head_rotation_deg"": null, ""head_translation_m"": null, ""left_hand_translation_m"": null, ""removed_tool_ids"": [15, 18, 19, 20, 21, 27, 28], ""right_hand_translation_m"": null, ""selected_step"": ""r2_fasten_first_stand"", ""step_attempt"": 7, ""step_elapsed_s"": 17.67952815501485, ""step_event_index"": 112, ""total_hand_translation_m"": null, ""trial_finished_elapsed_s"": null, ""trial_recording"": true, ""trial_required_tool_ids"": [7, 35, 37]}"
2026-09-04T14:06:28.030-04:00,kuber,gesture,tts_finished,lifecycle,r2_fasten_first_stand,Row 2.4: fasten right stand,ready,7,113,,,,17.762149,,,,,,,,,,,,,,,,Row 4 left stand,,,,,"{""acquired_tool_ids"": [7, 37], ""acquisition_complete"": false, ""completed_steps"": [""r2_bearing_right"", ""r1_bearing_right"", ""r1_bearing_left"", ""r2_gear_rod"", ""r2_bearing_left""], ""head_rotation_deg"": null, ""head_translation_m"": null, ""left_hand_translation_m"": null, ""removed_tool_ids"": [15, 18, 19, 20, 21, 27, 28], ""right_hand_translation_m"": null, ""selected_step"": ""r2_fasten_first_stand"", ""step_attempt"": 7, ""step_elapsed_s"": 17.762160351034254, ""step_event_index"": 113, ""total_hand_translation_m"": null, ""trial_finished_elapsed_s"": null, ""trial_recording"": true, ""trial_required_tool_ids"": [7, 35, 37]}"
2026-09-04T14:06:28.098-04:00,kuber,gesture,tts_started,lifecycle,r2_fasten_first_stand,Row 2.4: fasten right stand,ready,7,114,,,,17.830676,,,,,,,,,,,,,,,,part,,,,,"{""acquired_tool_ids"": [7, 37], ""acquisition_complete"": false, ""completed_steps"": [""r2_bearing_right"", ""r1_bearing_right"", ""r1_bearing_left"", ""r2_gear_rod"", ""r2_bearing_left""], ""head_rotation_deg"": null, ""head_translation_m"": null, ""left_hand_translation_m"": null, ""removed_tool_ids"": [15, 18, 19, 20, 21, 27, 28], ""right_hand_translation_m"": null, ""selected_step"": ""r2_fasten_first_stand"", ""step_attempt"": 7, ""step_elapsed_s"": 17.8306876210263, ""step_event_index"": 114, ""total_hand_translation_m"": null, ""trial_finished_elapsed_s"": null, ""trial_recording"": true, ""trial_required_tool_ids"": [7, 35, 37]}"
2026-09-04T14:06:28.320-04:00,kuber,gesture,tts_finished,lifecycle,r2_fasten_first_stand,Row 2.4: fasten right stand,ready,7,115,,,,18.051921,,,,,,,,,,,,,,,,part,,,,,"{""acquired_tool_ids"": [7, 37], ""acquisition_complete"": false, ""completed_steps"": [""r2_bearing_right"", ""r1_bearing_right"", ""r1_bearing_left"", ""r2_gear_rod"", ""r2_bearing_left""], ""head_rotation_deg"": null, ""head_translation_m"": null, ""left_hand_translation_m"": null, ""removed_tool_ids"": [15, 18, 19, 20, 21, 27, 28], ""right_hand_translation_m"": null, ""selected_step"": ""r2_fasten_first_stand"", ""step_attempt"": 7, ""step_elapsed_s"": 18.051940032979473, ""step_event_index"": 115, ""total_hand_translation_m"": null, ""trial_finished_elapsed_s"": null, ""trial_recording"": true, ""trial_required_tool_ids"": [7, 35, 37]}"
2026-09-04T14:06:28.427-04:00,kuber,gesture,tts_started,lifecycle,r2_fasten_first_stand,Row 2.4: fasten right stand,ready,7,116,,,,18.159699,,,,,,,,,,,,,,,,phillips screwdriver,,,,,"{""acquired_tool_ids"": [7, 37], ""acquisition_complete"": false, ""completed_steps"": [""r2_bearing_right"", ""r1_bearing_right"", ""r1_bearing_left"", ""r2_gear_rod"", ""r2_bearing_left""], ""head_rotation_deg"": null, ""head_translation_m"": null, ""left_hand_translation_m"": null, ""removed_tool_ids"": [15, 18, 19, 20, 21, 27, 28], ""right_hand_translation_m"": null, ""selected_step"": ""r2_fasten_first_stand"", ""step_attempt"": 7, ""step_elapsed_s"": 18.159711179090664, ""step_event_index"": 116, ""total_hand_translation_m"": null, ""trial_finished_elapsed_s"": null, ""trial_recording"": true, ""trial_required_tool_ids"": [7, 35, 37]}"
2026-09-04T14:06:28.507-04:00,kuber,gesture,tts_finished,lifecycle,r2_fasten_first_stand,Row 2.4: fasten right stand,ready,7,117,,,,18.239472,,,,,,,,,,,,,,,,phillips screwdriver,,,,,"{""acquired_tool_ids"": [7, 37], ""acquisition_complete"": false, ""completed_steps"": [""r2_bearing_right"", ""r1_bearing_right"", ""r1_bearing_left"", ""r2_gear_rod"", ""r2_bearing_left""], ""head_rotation_deg"": null, ""head_translation_m"": null, ""left_hand_translation_m"": null, ""removed_tool_ids"": [15, 18, 19, 20, 21, 27, 28], ""right_hand_translation_m"": null, ""selected_step"": ""r2_fasten_first_stand"", ""step_attempt"": 7, ""step_elapsed_s"": 18.23948638001457, ""step_event_index"": 117, ""total_hand_translation_m"": null, ""trial_finished_elapsed_s"": null, ""trial_recording"": true, ""trial_required_tool_ids"": [7, 35, 37]}"
2026-09-04T14:06:28.607-04:00,kuber,gesture,tts_started,lifecycle,r2_fasten_first_stand,Row 2.4: fasten right stand,ready,7,118,,,,18.339219,,,,,,,,,,,,,,,,part,,,,,"{""acquired_tool_ids"": [7, 37], ""acquisition_complete"": false, ""completed_steps"": [""r2_bearing_right"", ""r1_bearing_right"", ""r1_bearing_left"", ""r2_gear_rod"", ""r2_bearing_left""], ""head_rotation_deg"": null, ""head_translation_m"": null, ""left_hand_translation_m"": null, ""removed_tool_ids"": [15, 18, 19, 20, 21, 27, 28], ""right_hand_translation_m"": null, ""selected_step"": ""r2_fasten_first_stand"", ""step_attempt"": 7, ""step_elapsed_s"": 18.339234431041405, ""step_event_index"": 118, ""total_hand_translation_m"": null, ""trial_finished_elapsed_s"": null, ""trial_recording"": true, ""trial_required_tool_ids"": [7, 35, 37]}"
2026-09-04T14:06:28.763-04:00,kuber,gesture,tts_finished,lifecycle,r2_fasten_first_stand,Row 2.4: fasten right stand,ready,7,119,,,,18.495423,,,,,,,,,,,,,,,,part,,,,,"{""acquired_tool_ids"": [7, 37], ""acquisition_complete"": false, ""completed_steps"": [""r2_bearing_right"", ""r1_bearing_right"", ""r1_bearing_left"", ""r2_gear_rod"", ""r2_bearing_left""], ""head_rotation_deg"": null, ""head_translation_m"": null, ""left_hand_translation_m"": null, ""removed_tool_ids"": [15, 18, 19, 20, 21, 27, 28], ""right_hand_translation_m"": null, ""selected_step"": ""r2_fasten_first_stand"", ""step_attempt"": 7, ""step_elapsed_s"": 18.4954407250043, ""step_event_index"": 119, ""total_hand_translation_m"": null, ""trial_finished_elapsed_s"": null, ""trial_recording"": true, ""trial_required_tool_ids"": [7, 35, 37]}"
2026-09-04T14:06:28.955-04:00,kuber,gesture,tts_started,lifecycle,r2_fasten_first_stand,Row 2.4: fasten right stand,ready,7,120,,,,18.687168,,,,,,,,,,,,,,,,part,,,,,"{""acquired_tool_ids"": [7, 37], ""acquisition_complete"": false, ""completed_steps"": [""r2_bearing_right"", ""r1_bearing_right"", ""r1_bearing_left"", ""r2_gear_rod"", ""r2_bearing_left""], ""head_rotation_deg"": null, ""head_translation_m"": null, ""left_hand_translation_m"": null, ""removed_tool_ids"": [15, 18, 19, 20, 21, 27, 28], ""right_hand_translation_m"": null, ""selected_step"": ""r2_fasten_first_stand"", ""step_attempt"": 7, ""step_elapsed_s"": 18.687201531021856, ""step_event_index"": 120, ""total_hand_translation_m"": null, ""trial_finished_elapsed_s"": null, ""trial_recording"": true, ""trial_required_tool_ids"": [7, 35, 37]}"
2026-09-04T14:06:29.096-04:00,kuber,gesture,tts_finished,lifecycle,r2_fasten_first_stand,Row 2.4: fasten right stand,ready,7,121,,,,18.828637,,,,,,,,,,,,,,,,part,,,,,"{""acquired_tool_ids"": [7, 37], ""acquisition_complete"": false, ""completed_steps"": [""r2_bearing_right"", ""r1_bearing_right"", ""r1_bearing_left"", ""r2_gear_rod"", ""r2_bearing_left""], ""head_rotation_deg"": null, ""head_translation_m"": null, ""left_hand_translation_m"": null, ""removed_tool_ids"": [15, 18, 19, 20, 21, 27, 28], ""right_hand_translation_m"": null, ""selected_step"": ""r2_fasten_first_stand"", ""step_attempt"": 7, ""step_elapsed_s"": 18.828653819975443, ""step_event_index"": 121, ""total_hand_translation_m"": null, ""trial_finished_elapsed_s"": null, ""trial_recording"": true, ""trial_required_tool_ids"": [7, 35, 37]}"
2026-09-04T14:06:29.269-04:00,kuber,gesture,tts_started,lifecycle,r2_fasten_first_stand,Row 2.4: fasten right stand,ready,7,122,,,,19.001087,,,,,,,,,,,,,,,,bit holder1,,,,,"{""acquired_tool_ids"": [7, 37], ""acquisition_complete"": false, ""completed_steps"": [""r2_bearing_right"", ""r1_bearing_right"", ""r1_bearing_left"", ""r2_gear_rod"", ""r2_bearing_left""], ""head_rotation_deg"": null, ""head_translation_m"": null, ""left_hand_translation_m"": null, ""removed_tool_ids"": [15, 18, 19, 20, 21, 27, 28], ""right_hand_translation_m"": null, ""selected_step"": ""r2_fasten_first_stand"", ""step_attempt"": 7, ""step_elapsed_s"": 19.001113014062867, ""step_event_index"": 122, ""total_hand_translation_m"": null, ""trial_finished_elapsed_s"": null, ""trial_recording"": true, ""trial_required_tool_ids"": [7, 35, 37]}"
2026-09-04T14:06:30.604-04:00,kuber,gesture,tts_queued,lifecycle,r2_fasten_first_stand,Row 2.4: fasten right stand,ready,7,123,,,,20.336162,,,,,,,,,,,,,,,,Wrong part.,,,replace,,"{""acquired_tool_ids"": [7, 37], ""acquisition_complete"": false, ""completed_steps"": [""r2_bearing_right"", ""r1_bearing_right"", ""r1_bearing_left"", ""r2_gear_rod"", ""r2_bearing_left""], ""head_rotation_deg"": null, ""head_translation_m"": null, ""left_hand_translation_m"": null, ""removed_tool_ids"": [15, 18, 19, 20, 21, 27, 28], ""right_hand_translation_m"": null, ""selected_step"": ""r2_fasten_first_stand"", ""step_attempt"": 7, ""step_elapsed_s"": 20.336178021039814, ""step_event_index"": 123, ""total_hand_translation_m"": null, ""trial_finished_elapsed_s"": null, ""trial_recording"": true, ""trial_required_tool_ids"": [7, 35, 37]}"
2026-09-04T14:06:30.650-04:00,kuber,gesture,part_selection,click,r2_fasten_first_stand,Row 2.4: fasten right stand,ready,7,124,36,BITHOLDER1,7.669376,20.382280,,,,,,,,,,,,,,,0,,,,,,"{""acquired_tool_ids"": [7, 37], ""acquisition_complete"": false, ""completed_steps"": [""r2_bearing_right"", ""r1_bearing_right"", ""r1_bearing_left"", ""r2_gear_rod"", ""r2_bearing_left""], ""head_rotation_deg"": null, ""head_translation_m"": null, ""left_hand_translation_m"": null, ""removed_tool_ids"": [15, 18, 19, 20, 21, 27, 28], ""right_hand_translation_m"": null, ""selected_step"": ""r2_fasten_first_stand"", ""step_attempt"": 7, ""step_elapsed_s"": 20.382330351043493, ""step_event_index"": 124, ""total_hand_translation_m"": null, ""trial_finished_elapsed_s"": null, ""trial_recording"": true, ""trial_required_tool_ids"": [7, 35, 37]}"
2026-09-04T14:06:30.707-04:00,kuber,gesture,tts_finished,lifecycle,r2_fasten_first_stand,Row 2.4: fasten right stand,ready,7,125,,,,20.439073,,,,,,,,,,,,,,,,bit holder1,,,,,"{""acquired_tool_ids"": [7, 37], ""acquisition_complete"": false, ""completed_steps"": [""r2_bearing_right"", ""r1_bearing_right"", ""r1_bearing_left"", ""r2_gear_rod"", ""r2_bearing_left""], ""head_rotation_deg"": null, ""head_translation_m"": null, ""left_hand_translation_m"": null, ""removed_tool_ids"": [15, 18, 19, 20, 21, 27, 28], ""right_hand_translation_m"": null, ""selected_step"": ""r2_fasten_first_stand"", ""step_attempt"": 7, ""step_elapsed_s"": 20.43908703501802, ""step_event_index"": 125, ""total_hand_translation_m"": null, ""trial_finished_elapsed_s"": null, ""trial_recording"": true, ""trial_required_tool_ids"": [7, 35, 37]}"
2026-09-04T14:06:30.792-04:00,kuber,gesture,tts_started,lifecycle,r2_fasten_first_stand,Row 2.4: fasten right stand,ready,7,126,,,,20.523779,,,,,,,,,,,,,,,,Wrong part.,,,,,"{""acquired_tool_ids"": [7, 37], ""acquisition_complete"": false, ""completed_steps"": [""r2_bearing_right"", ""r1_bearing_right"", ""r1_bearing_left"", ""r2_gear_rod"", ""r2_bearing_left""], ""head_rotation_deg"": null, ""head_translation_m"": null, ""left_hand_translation_m"": null, ""removed_tool_ids"": [15, 18, 19, 20, 21, 27, 28], ""right_hand_translation_m"": null, ""selected_step"": ""r2_fasten_first_stand"", ""step_attempt"": 7, ""step_elapsed_s"": 20.523790223058313, ""step_event_index"": 126, ""total_hand_translation_m"": null, ""trial_finished_elapsed_s"": null, ""trial_recording"": true, ""trial_required_tool_ids"": [7, 35, 37]}"
2026-09-04T14:06:30.974-04:00,kuber,gesture,hover,hover,r2_fasten_first_stand,Row 2.4: fasten right stand,ready,7,127,37,BITHOLDER2,,,,,,,,,,,,,,,,,,,,,,,"{""acquired_tool_ids"": [7, 37], ""acquisition_complete"": false, ""completed_steps"": [""r2_bearing_right"", ""r1_bearing_right"", ""r1_bearing_left"", ""r2_gear_rod"", ""r2_bearing_left""], ""head_rotation_deg"": null, ""head_translation_m"": null, ""left_hand_translation_m"": null, ""removed_tool_ids"": [15, 18, 19, 20, 21, 27, 28], ""right_hand_translation_m"": null, ""selected_step"": ""r2_fasten_first_stand"", ""step_attempt"": 7, ""step_elapsed_s"": 20.705793466069736, ""step_event_index"": 127, ""total_hand_translation_m"": null, ""trial_finished_elapsed_s"": null, ""trial_recording"": true, ""trial_required_tool_ids"": [7, 35, 37]}"
2026-09-04T14:06:31.027-04:00,kuber,gesture,tts_queued,lifecycle,r2_fasten_first_stand,Row 2.4: fasten right stand,ready,7,128,,,,20.758990,,,,,,,,,,,,,,,,bit holder2,,,replace_hover,,"{""acquired_tool_ids"": [7, 37], ""acquisition_complete"": false, ""completed_steps"": [""r2_bearing_right"", ""r1_bearing_right"", ""r1_bearing_left"", ""r2_gear_rod"", ""r2_bearing_left""], ""head_rotation_deg"": null, ""head_translation_m"": null, ""left_hand_translation_m"": null, ""removed_tool_ids"": [15, 18, 19, 20, 21, 27, 28], ""right_hand_translation_m"": null, ""selected_step"": ""r2_fasten_first_stand"", ""step_attempt"": 7, ""step_elapsed_s"": 20.75900547404308, ""step_event_index"": 128, ""total_hand_translation_m"": null, ""trial_finished_elapsed_s"": null, ""trial_recording"": true, ""trial_required_tool_ids"": [7, 35, 37]}"
2026-09-04T14:06:31.278-04:00,kuber,gesture,hover,hover,r2_fasten_first_stand,Row 2.4: fasten right stand,ready,7,129,24,GEAR_STAND_ROW4_LEFT,,,,,,,,,,,,,,,,,,,,,,,"{""acquired_tool_ids"": [7, 37], ""acquisition_complete"": false, ""completed_steps"": [""r2_bearing_right"", ""r1_bearing_right"", ""r1_bearing_left"", ""r2_gear_rod"", ""r2_bearing_left""], ""head_rotation_deg"": null, ""head_translation_m"": null, ""left_hand_translation_m"": null, ""removed_tool_ids"": [15, 18, 19, 20, 21, 27, 28], ""right_hand_translation_m"": null, ""selected_step"": ""r2_fasten_first_stand"", ""step_attempt"": 7, ""step_elapsed_s"": 21.01034882804379, ""step_event_index"": 129, ""total_hand_translation_m"": null, ""trial_finished_elapsed_s"": null, ""trial_recording"": true, ""trial_required_tool_ids"": [7, 35, 37]}"
2026-09-04T14:06:31.477-04:00,kuber,gesture,tts_queued,lifecycle,r2_fasten_first_stand,Row 2.4: fasten right stand,ready,7,130,,,,21.209549,,,,,,,,,,,,,,,,Row 4 left stand,,,replace_hover,,"{""acquired_tool_ids"": [7, 37], ""acquisition_complete"": false, ""completed_steps"": [""r2_bearing_right"", ""r1_bearing_right"", ""r1_bearing_left"", ""r2_gear_rod"", ""r2_bearing_left""], ""head_rotation_deg"": null, ""head_translation_m"": null, ""left_hand_translation_m"": null, ""removed_tool_ids"": [15, 18, 19, 20, 21, 27, 28], ""right_hand_translation_m"": null, ""selected_step"": ""r2_fasten_first_stand"", ""step_attempt"": 7, ""step_elapsed_s"": 21.209561900002882, ""step_event_index"": 130, ""total_hand_translation_m"": null, ""trial_finished_elapsed_s"": null, ""trial_recording"": true, ""trial_required_tool_ids"": [7, 35, 37]}"
2026-09-04T14:06:31.647-04:00,kuber,gesture,tts_finished,lifecycle,r2_fasten_first_stand,Row 2.4: fasten right stand,ready,7,131,,,,21.379090,,,,,,,,,,,,,,,,Wrong part.,,,,,"{""acquired_tool_ids"": [7, 37], ""acquisition_complete"": false, ""completed_steps"": [""r2_bearing_right"", ""r1_bearing_right"", ""r1_bearing_left"", ""r2_gear_rod"", ""r2_bearing_left""], ""head_rotation_deg"": null, ""head_translation_m"": null, ""left_hand_translation_m"": null, ""removed_tool_ids"": [15, 18, 19, 20, 21, 27, 28], ""right_hand_translation_m"": null, ""selected_step"": ""r2_fasten_first_stand"", ""step_attempt"": 7, ""step_elapsed_s"": 21.37910160399042, ""step_event_index"": 131, ""total_hand_translation_m"": null, ""trial_finished_elapsed_s"": null, ""trial_recording"": true, ""trial_required_tool_ids"": [7, 35, 37]}"
2026-09-04T14:06:31.717-04:00,kuber,gesture,tts_started,lifecycle,r2_fasten_first_stand,Row 2.4: fasten right stand,ready,7,132,,,,21.449412,,,,,,,,,,,,,,,,bit holder2,,,,,"{""acquired_tool_ids"": [7, 37], ""acquisition_complete"": false, ""completed_steps"": [""r2_bearing_right"", ""r1_bearing_right"", ""r1_bearing_left"", ""r2_gear_rod"", ""r2_bearing_left""], ""head_rotation_deg"": null, ""head_translation_m"": null, ""left_hand_translation_m"": null, ""removed_tool_ids"": [15, 18, 19, 20, 21, 27, 28], ""right_hand_translation_m"": null, ""selected_step"": ""r2_fasten_first_stand"", ""step_attempt"": 7, ""step_elapsed_s"": 21.449423779034987, ""step_event_index"": 132, ""total_hand_translation_m"": null, ""trial_finished_elapsed_s"": null, ""trial_recording"": true, ""trial_required_tool_ids"": [7, 35, 37]}"
2026-09-04T14:06:31.789-04:00,kuber,gesture,tts_finished,lifecycle,r2_fasten_first_stand,Row 2.4: fasten right stand,ready,7,133,,,,21.520906,,,,,,,,,,,,,,,,bit holder2,,,,,"{""acquired_tool_ids"": [7, 37], ""acquisition_complete"": false, ""completed_steps"": [""r2_bearing_right"", ""r1_bearing_right"", ""r1_bearing_left"", ""r2_gear_rod"", ""r2_bearing_left""], ""head_rotation_deg"": null, ""head_translation_m"": null, ""left_hand_translation_m"": null, ""removed_tool_ids"": [15, 18, 19, 20, 21, 27, 28], ""right_hand_translation_m"": null, ""selected_step"": ""r2_fasten_first_stand"", ""step_attempt"": 7, ""step_elapsed_s"": 21.5209180500824, ""step_event_index"": 133, ""total_hand_translation_m"": null, ""trial_finished_elapsed_s"": null, ""trial_recording"": true, ""trial_required_tool_ids"": [7, 35, 37]}"
2026-09-04T14:06:31.858-04:00,kuber,gesture,tts_started,lifecycle,r2_fasten_first_stand,Row 2.4: fasten right stand,ready,7,134,,,,21.590641,,,,,,,,,,,,,,,,Row 4 left stand,,,,,"{""acquired_tool_ids"": [7, 37], ""acquisition_complete"": false, ""completed_steps"": [""r2_bearing_right"", ""r1_bearing_right"", ""r1_bearing_left"", ""r2_gear_rod"", ""r2_bearing_left""], ""head_rotation_deg"": null, ""head_translation_m"": null, ""left_hand_translation_m"": null, ""removed_tool_ids"": [15, 18, 19, 20, 21, 27, 28], ""right_hand_translation_m"": null, ""selected_step"": ""r2_fasten_first_stand"", ""step_attempt"": 7, ""step_elapsed_s"": 21.590656607062556, ""step_event_index"": 134, ""total_hand_translation_m"": null, ""trial_finished_elapsed_s"": null, ""trial_recording"": true, ""trial_required_tool_ids"": [7, 35, 37]}"
2026-09-04T14:06:31.944-04:00,kuber,gesture,hover,hover,r2_fasten_first_stand,Row 2.4: fasten right stand,ready,7,135,33,PINS,,,,,,,,,,,,,,,,,,,,,,,"{""acquired_tool_ids"": [7, 37], ""acquisition_complete"": false, ""completed_steps"": [""r2_bearing_right"", ""r1_bearing_right"", ""r1_bearing_left"", ""r2_gear_rod"", ""r2_bearing_left""], ""head_rotation_deg"": null, ""head_translation_m"": null, ""left_hand_translation_m"": null, ""removed_tool_ids"": [15, 18, 19, 20, 21, 27, 28], ""right_hand_translation_m"": null, ""selected_step"": ""r2_fasten_first_stand"", ""step_attempt"": 7, ""step_elapsed_s"": 21.676654545008205, ""step_event_index"": 135, ""total_hand_translation_m"": null, ""trial_finished_elapsed_s"": null, ""trial_recording"": true, ""trial_required_tool_ids"": [7, 35, 37]}"
2026-09-04T14:06:32.290-04:00,kuber,gesture,tts_queued,lifecycle,r2_fasten_first_stand,Row 2.4: fasten right stand,ready,7,136,,,,22.022359,,,,,,,,,,,,,,,,pin,,,replace_hover,,"{""acquired_tool_ids"": [7, 37], ""acquisition_complete"": false, ""completed_steps"": [""r2_bearing_right"", ""r1_bearing_right"", ""r1_bearing_left"", ""r2_gear_rod"", ""r2_bearing_left""], ""head_rotation_deg"": null, ""head_translation_m"": null, ""left_hand_translation_m"": null, ""removed_tool_ids"": [15, 18, 19, 20, 21, 27, 28], ""right_hand_translation_m"": null, ""selected_step"": ""r2_fasten_first_stand"", ""step_attempt"": 7, ""step_elapsed_s"": 22.02237151702866, ""step_event_index"": 136, ""total_hand_translation_m"": null, ""trial_finished_elapsed_s"": null, ""trial_recording"": true, ""trial_required_tool_ids"": [7, 35, 37]}"
2026-09-04T14:06:32.476-04:00,kuber,gesture,hover,hover,r2_fasten_first_stand,Row 2.4: fasten right stand,ready,7,137,25,GEAR_STAND_ROW4_RIGHT,,,,,,,,,,,,,,,,,,,,,,,"{""acquired_tool_ids"": [7, 37], ""acquisition_complete"": false, ""completed_steps"": [""r2_bearing_right"", ""r1_bearing_right"", ""r1_bearing_left"", ""r2_gear_rod"", ""r2_bearing_left""], ""head_rotation_deg"": null, ""head_translation_m"": null, ""left_hand_translation_m"": null, ""removed_tool_ids"": [15, 18, 19, 20, 21, 27, 28], ""right_hand_translation_m"": null, ""selected_step"": ""r2_fasten_first_stand"", ""step_attempt"": 7, ""step_elapsed_s"": 22.20785397302825, ""step_event_index"": 137, ""total_hand_translation_m"": null, ""trial_finished_elapsed_s"": null, ""trial_recording"": true, ""trial_required_tool_ids"": [7, 35, 37]}"
2026-09-04T14:06:32.658-04:00,kuber,gesture,tts_queued,lifecycle,r2_fasten_first_stand,Row 2.4: fasten right stand,ready,7,138,,,,22.390608,,,,,,,,,,,,,,,,Row 4 right stand,,,replace_hover,,"{""acquired_tool_ids"": [7, 37], ""acquisition_complete"": false, ""completed_steps"": [""r2_bearing_right"", ""r1_bearing_right"", ""r1_bearing_left"", ""r2_gear_rod"", ""r2_bearing_left""], ""head_rotation_deg"": null, ""head_translation_m"": null, ""left_hand_translation_m"": null, ""removed_tool_ids"": [15, 18, 19, 20, 21, 27, 28], ""right_hand_translation_m"": null, ""selected_step"": ""r2_fasten_first_stand"", ""step_attempt"": 7, ""step_elapsed_s"": 22.390620213001966, ""step_event_index"": 138, ""total_hand_translation_m"": null, ""trial_finished_elapsed_s"": null, ""trial_recording"": true, ""trial_required_tool_ids"": [7, 35, 37]}"
2026-09-04T14:06:33.114-04:00,kuber,gesture,hover,hover,r2_fasten_first_stand,Row 2.4: fasten right stand,ready,7,139,24,GEAR_STAND_ROW4_LEFT,,,,,,,,,,,,,,,,,,,,,,,"{""acquired_tool_ids"": [7, 37], ""acquisition_complete"": false, ""completed_steps"": [""r2_bearing_right"", ""r1_bearing_right"", ""r1_bearing_left"", ""r2_gear_rod"", ""r2_bearing_left""], ""head_rotation_deg"": null, ""head_translation_m"": null, ""left_hand_translation_m"": null, ""removed_tool_ids"": [15, 18, 19, 20, 21, 27, 28], ""right_hand_translation_m"": null, ""selected_step"": ""r2_fasten_first_stand"", ""step_attempt"": 7, ""step_elapsed_s"": 22.846158911008388, ""step_event_index"": 139, ""total_hand_translation_m"": null, ""trial_finished_elapsed_s"": null, ""trial_recording"": true, ""trial_required_tool_ids"": [7, 35, 37]}"
2026-09-04T14:06:33.214-04:00,kuber,gesture,tts_queued,lifecycle,r2_fasten_first_stand,Row 2.4: fasten right stand,ready,7,140,,,,22.945960,,,,,,,,,,,,,,,,Row 4 left stand,,,replace_hover,,"{""acquired_tool_ids"": [7, 37], ""acquisition_complete"": false, ""completed_steps"": [""r2_bearing_right"", ""r1_bearing_right"", ""r1_bearing_left"", ""r2_gear_rod"", ""r2_bearing_left""], ""head_rotation_deg"": null, ""head_translation_m"": null, ""left_hand_translation_m"": null, ""removed_tool_ids"": [15, 18, 19, 20, 21, 27, 28], ""right_hand_translation_m"": null, ""selected_step"": ""r2_fasten_first_stand"", ""step_attempt"": 7, ""step_elapsed_s"": 22.9459740530001, ""step_event_index"": 140, ""total_hand_translation_m"": null, ""trial_finished_elapsed_s"": null, ""trial_recording"": true, ""trial_required_tool_ids"": [7, 35, 37]}"
2026-09-04T14:06:33.725-04:00,kuber,gesture,tts_finished,lifecycle,r2_fasten_first_stand,Row 2.4: fasten right stand,ready,7,141,,,,23.457679,,,,,,,,,,,,,,,,Row 4 left stand,,,,,"{""acquired_tool_ids"": [7, 37], ""acquisition_complete"": false, ""completed_steps"": [""r2_bearing_right"", ""r1_bearing_right"", ""r1_bearing_left"", ""r2_gear_rod"", ""r2_bearing_left""], ""head_rotation_deg"": null, ""head_translation_m"": null, ""left_hand_translation_m"": null, ""removed_tool_ids"": [15, 18, 19, 20, 21, 27, 28], ""right_hand_translation_m"": null, ""selected_step"": ""r2_fasten_first_stand"", ""step_attempt"": 7, ""step_elapsed_s"": 23.457689492031932, ""step_event_index"": 141, ""total_hand_translation_m"": null, ""trial_finished_elapsed_s"": null, ""trial_recording"": true, ""trial_required_tool_ids"": [7, 35, 37]}"
2026-09-04T14:06:33.763-04:00,kuber,gesture,tts_started,lifecycle,r2_fasten_first_stand,Row 2.4: fasten right stand,ready,7,142,,,,23.495014,,,,,,,,,,,,,,,,pin,,,,,"{""acquired_tool_ids"": [7, 37], ""acquisition_complete"": false, ""completed_steps"": [""r2_bearing_right"", ""r1_bearing_right"", ""r1_bearing_left"", ""r2_gear_rod"", ""r2_bearing_left""], ""head_rotation_deg"": null, ""head_translation_m"": null, ""left_hand_translation_m"": null, ""removed_tool_ids"": [15, 18, 19, 20, 21, 27, 28], ""right_hand_translation_m"": null, ""selected_step"": ""r2_fasten_first_stand"", ""step_attempt"": 7, ""step_elapsed_s"": 23.49503014597576, ""step_event_index"": 142, ""total_hand_translation_m"": null, ""trial_finished_elapsed_s"": null, ""trial_recording"": true, ""trial_required_tool_ids"": [7, 35, 37]}"
2026-09-04T14:06:33.875-04:00,kuber,gesture,tts_finished,lifecycle,r2_fasten_first_stand,Row 2.4: fasten right stand,ready,7,143,,,,23.607419,,,,,,,,,,,,,,,,pin,,,,,"{""acquired_tool_ids"": [7, 37], ""acquisition_complete"": false, ""completed_steps"": [""r2_bearing_right"", ""r1_bearing_right"", ""r1_bearing_left"", ""r2_gear_rod"", ""r2_bearing_left""], ""head_rotation_deg"": null, ""head_translation_m"": null, ""left_hand_translation_m"": null, ""removed_tool_ids"": [15, 18, 19, 20, 21, 27, 28], ""right_hand_translation_m"": null, ""selected_step"": ""r2_fasten_first_stand"", ""step_attempt"": 7, ""step_elapsed_s"": 23.60743466007989, ""step_event_index"": 143, ""total_hand_translation_m"": null, ""trial_finished_elapsed_s"": null, ""trial_recording"": true, ""trial_required_tool_ids"": [7, 35, 37]}"
2026-09-04T14:06:33.969-04:00,kuber,gesture,tts_started,lifecycle,r2_fasten_first_stand,Row 2.4: fasten right stand,ready,7,144,,,,23.701740,,,,,,,,,,,,,,,,Row 4 right stand,,,,,"{""acquired_tool_ids"": [7, 37], ""acquisition_complete"": false, ""completed_steps"": [""r2_bearing_right"", ""r1_bearing_right"", ""r1_bearing_left"", ""r2_gear_rod"", ""r2_bearing_left""], ""head_rotation_deg"": null, ""head_translation_m"": null, ""left_hand_translation_m"": null, ""removed_tool_ids"": [15, 18, 19, 20, 21, 27, 28], ""right_hand_translation_m"": null, ""selected_step"": ""r2_fasten_first_stand"", ""step_attempt"": 7, ""step_elapsed_s"": 23.70175723405555, ""step_event_index"": 144, ""total_hand_translation_m"": null, ""trial_finished_elapsed_s"": null, ""trial_recording"": true, ""trial_required_tool_ids"": [7, 35, 37]}"
2026-09-04T14:06:34.118-04:00,kuber,gesture,tts_finished,lifecycle,r2_fasten_first_stand,Row 2.4: fasten right stand,ready,7,145,,,,23.850520,,,,,,,,,,,,,,,,Row 4 right stand,,,,,"{""acquired_tool_ids"": [7, 37], ""acquisition_complete"": false, ""completed_steps"": [""r2_bearing_right"", ""r1_bearing_right"", ""r1_bearing_left"", ""r2_gear_rod"", ""r2_bearing_left""], ""head_rotation_deg"": null, ""head_translation_m"": null, ""left_hand_translation_m"": null, ""removed_tool_ids"": [15, 18, 19, 20, 21, 27, 28], ""right_hand_translation_m"": null, ""selected_step"": ""r2_fasten_first_stand"", ""step_attempt"": 7, ""step_elapsed_s"": 23.850533321034163, ""step_event_index"": 145, ""total_hand_translation_m"": null, ""trial_finished_elapsed_s"": null, ""trial_recording"": true, ""trial_required_tool_ids"": [7, 35, 37]}"
2026-09-04T14:06:35.677-04:00,kuber,gesture,tts_started,lifecycle,r2_fasten_first_stand,Row 2.4: fasten right stand,ready,7,146,,,,25.408870,,,,,,,,,,,,,,,,Row 4 left stand,,,,,"{""acquired_tool_ids"": [7, 37], ""acquisition_complete"": false, ""completed_steps"": [""r2_bearing_right"", ""r1_bearing_right"", ""r1_bearing_left"", ""r2_gear_rod"", ""r2_bearing_left""], ""head_rotation_deg"": null, ""head_translation_m"": null, ""left_hand_translation_m"": null, ""removed_tool_ids"": [15, 18, 19, 20, 21, 27, 28], ""right_hand_translation_m"": null, ""selected_step"": ""r2_fasten_first_stand"", ""step_attempt"": 7, ""step_elapsed_s"": 25.40888664603699, ""step_event_index"": 146, ""total_hand_translation_m"": null, ""trial_finished_elapsed_s"": null, ""trial_recording"": true, ""trial_required_tool_ids"": [7, 35, 37]}"
2026-09-04T14:06:36.166-04:00,kuber,gesture,hover,hover,r2_fasten_first_stand,Row 2.4: fasten right stand,ready,7,147,22,GEAR_STAND_ROW3_LEFT,,,,,,,,,,,,,,,,,,,,,,,"{""acquired_tool_ids"": [7, 37], ""acquisition_complete"": false, ""completed_steps"": [""r2_bearing_right"", ""r1_bearing_right"", ""r1_bearing_left"", ""r2_gear_rod"", ""r2_bearing_left""], ""head_rotation_deg"": null, ""head_translation_m"": null, ""left_hand_translation_m"": null, ""removed_tool_ids"": [15, 18, 19, 20, 21, 27, 28], ""right_hand_translation_m"": null, ""selected_step"": ""r2_fasten_first_stand"", ""step_attempt"": 7, ""step_elapsed_s"": 25.898129367036745, ""step_event_index"": 147, ""total_hand_translation_m"": null, ""trial_finished_elapsed_s"": null, ""trial_recording"": true, ""trial_required_tool_ids"": [7, 35, 37]}"
2026-09-04T14:06:36.588-04:00,kuber,gesture,tts_queued,lifecycle,r2_fasten_first_stand,Row 2.4: fasten right stand,ready,7,148,,,,26.320243,,,,,,,,,,,,,,,,Row 3 left stand,,,replace_hover,,"{""acquired_tool_ids"": [7, 37], ""acquisition_complete"": false, ""completed_steps"": [""r2_bearing_right"", ""r1_bearing_right"", ""r1_bearing_left"", ""r2_gear_rod"", ""r2_bearing_left""], ""head_rotation_deg"": null, ""head_translation_m"": null, ""left_hand_translation_m"": null, ""removed_tool_ids"": [15, 18, 19, 20, 21, 27, 28], ""right_hand_translation_m"": null, ""selected_step"": ""r2_fasten_first_stand"", ""step_attempt"": 7, ""step_elapsed_s"": 26.32025437708944, ""step_event_index"": 148, ""total_hand_translation_m"": null, ""trial_finished_elapsed_s"": null, ""trial_recording"": true, ""trial_required_tool_ids"": [7, 35, 37]}"
2026-09-04T14:06:36.747-04:00,kuber,gesture,hover,hover,r2_fasten_first_stand,Row 2.4: fasten right stand,ready,7,149,23,GEAR_STAND_ROW3_RIGHT,,,,,,,,,,,,,,,,,,,,,,,"{""acquired_tool_ids"": [7, 37], ""acquisition_complete"": false, ""completed_steps"": [""r2_bearing_right"", ""r1_bearing_right"", ""r1_bearing_left"", ""r2_gear_rod"", ""r2_bearing_left""], ""head_rotation_deg"": null, ""head_translation_m"": null, ""left_hand_translation_m"": null, ""removed_tool_ids"": [15, 18, 19, 20, 21, 27, 28], ""right_hand_translation_m"": null, ""selected_step"": ""r2_fasten_first_stand"", ""step_attempt"": 7, ""step_elapsed_s"": 26.479213895043358, ""step_event_index"": 149, ""total_hand_translation_m"": null, ""trial_finished_elapsed_s"": null, ""trial_recording"": true, ""trial_required_tool_ids"": [7, 35, 37]}"
2026-09-04T14:06:36.807-04:00,kuber,gesture,tts_queued,lifecycle,r2_fasten_first_stand,Row 2.4: fasten right stand,ready,7,150,,,,26.538909,,,,,,,,,,,,,,,,Row 3 right stand,,,replace_hover,,"{""acquired_tool_ids"": [7, 37], ""acquisition_complete"": false, ""completed_steps"": [""r2_bearing_right"", ""r1_bearing_right"", ""r1_bearing_left"", ""r2_gear_rod"", ""r2_bearing_left""], ""head_rotation_deg"": null, ""head_translation_m"": null, ""left_hand_translation_m"": null, ""removed_tool_ids"": [15, 18, 19, 20, 21, 27, 28], ""right_hand_translation_m"": null, ""selected_step"": ""r2_fasten_first_stand"", ""step_attempt"": 7, ""step_elapsed_s"": 26.53892274806276, ""step_event_index"": 150, ""total_hand_translation_m"": null, ""trial_finished_elapsed_s"": null, ""trial_recording"": true, ""trial_required_tool_ids"": [7, 35, 37]}"
2026-09-04T14:06:37.117-04:00,kuber,gesture,hover,hover,r2_fasten_first_stand,Row 2.4: fasten right stand,ready,7,151,25,GEAR_STAND_ROW4_RIGHT,,,,,,,,,,,,,,,,,,,,,,,"{""acquired_tool_ids"": [7, 37], ""acquisition_complete"": false, ""completed_steps"": [""r2_bearing_right"", ""r1_bearing_right"", ""r1_bearing_left"", ""r2_gear_rod"", ""r2_bearing_left""], ""head_rotation_deg"": null, ""head_translation_m"": null, ""left_hand_translation_m"": null, ""removed_tool_ids"": [15, 18, 19, 20, 21, 27, 28], ""right_hand_translation_m"": null, ""selected_step"": ""r2_fasten_first_stand"", ""step_attempt"": 7, ""step_elapsed_s"": 26.848787995055318, ""step_event_index"": 151, ""total_hand_translation_m"": null, ""trial_finished_elapsed_s"": null, ""trial_recording"": true, ""trial_required_tool_ids"": [7, 35, 37]}"
2026-09-04T14:06:37.162-04:00,kuber,gesture,tts_queued,lifecycle,r2_fasten_first_stand,Row 2.4: fasten right stand,ready,7,152,,,,26.894164,,,,,,,,,,,,,,,,Row 4 right stand,,,replace_hover,,"{""acquired_tool_ids"": [7, 37], ""acquisition_complete"": false, ""completed_steps"": [""r2_bearing_right"", ""r1_bearing_right"", ""r1_bearing_left"", ""r2_gear_rod"", ""r2_bearing_left""], ""head_rotation_deg"": null, ""head_translation_m"": null, ""left_hand_translation_m"": null, ""removed_tool_ids"": [15, 18, 19, 20, 21, 27, 28], ""right_hand_translation_m"": null, ""selected_step"": ""r2_fasten_first_stand"", ""step_attempt"": 7, ""step_elapsed_s"": 26.894177770009264, ""step_event_index"": 152, ""total_hand_translation_m"": null, ""trial_finished_elapsed_s"": null, ""trial_recording"": true, ""trial_required_tool_ids"": [7, 35, 37]}"
2026-09-04T14:06:37.563-04:00,kuber,gesture,tts_finished,lifecycle,r2_fasten_first_stand,Row 2.4: fasten right stand,ready,7,153,,,,27.295288,,,,,,,,,,,,,,,,Row 4 left stand,,,,,"{""acquired_tool_ids"": [7, 37], ""acquisition_complete"": false, ""completed_steps"": [""r2_bearing_right"", ""r1_bearing_right"", ""r1_bearing_left"", ""r2_gear_rod"", ""r2_bearing_left""], ""head_rotation_deg"": null, ""head_translation_m"": null, ""left_hand_translation_m"": null, ""removed_tool_ids"": [15, 18, 19, 20, 21, 27, 28], ""right_hand_translation_m"": null, ""selected_step"": ""r2_fasten_first_stand"", ""step_attempt"": 7, ""step_elapsed_s"": 27.295297396020032, ""step_event_index"": 153, ""total_hand_translation_m"": null, ""trial_finished_elapsed_s"": null, ""trial_recording"": true, ""trial_required_tool_ids"": [7, 35, 37]}"
2026-09-04T14:06:37.720-04:00,kuber,gesture,tts_started,lifecycle,r2_fasten_first_stand,Row 2.4: fasten right stand,ready,7,154,,,,27.452081,,,,,,,,,,,,,,,,Row 3 left stand,,,,,"{""acquired_tool_ids"": [7, 37], ""acquisition_complete"": false, ""completed_steps"": [""r2_bearing_right"", ""r1_bearing_right"", ""r1_bearing_left"", ""r2_gear_rod"", ""r2_bearing_left""], ""head_rotation_deg"": null, ""head_translation_m"": null, ""left_hand_translation_m"": null, ""removed_tool_ids"": [15, 18, 19, 20, 21, 27, 28], ""right_hand_translation_m"": null, ""selected_step"": ""r2_fasten_first_stand"", ""step_attempt"": 7, ""step_elapsed_s"": 27.452093983069062, ""step_event_index"": 154, ""total_hand_translation_m"": null, ""trial_finished_elapsed_s"": null, ""trial_recording"": true, ""trial_required_tool_ids"": [7, 35, 37]}"
2026-09-04T14:06:37.832-04:00,kuber,gesture,tts_finished,lifecycle,r2_fasten_first_stand,Row 2.4: fasten right stand,ready,7,155,,,,27.564137,,,,,,,,,,,,,,,,Row 3 left stand,,,,,"{""acquired_tool_ids"": [7, 37], ""acquisition_complete"": false, ""completed_steps"": [""r2_bearing_right"", ""r1_bearing_right"", ""r1_bearing_left"", ""r2_gear_rod"", ""r2_bearing_left""], ""head_rotation_deg"": null, ""head_translation_m"": null, ""left_hand_translation_m"": null, ""removed_tool_ids"": [15, 18, 19, 20, 21, 27, 28], ""right_hand_translation_m"": null, ""selected_step"": ""r2_fasten_first_stand"", ""step_attempt"": 7, ""step_elapsed_s"": 27.564149570069276, ""step_event_index"": 155, ""total_hand_translation_m"": null, ""trial_finished_elapsed_s"": null, ""trial_recording"": true, ""trial_required_tool_ids"": [7, 35, 37]}"
2026-09-04T14:06:38.071-04:00,kuber,gesture,tts_started,lifecycle,r2_fasten_first_stand,Row 2.4: fasten right stand,ready,7,156,,,,27.803533,,,,,,,,,,,,,,,,Row 3 right stand,,,,,"{""acquired_tool_ids"": [7, 37], ""acquisition_complete"": false, ""completed_steps"": [""r2_bearing_right"", ""r1_bearing_right"", ""r1_bearing_left"", ""r2_gear_rod"", ""r2_bearing_left""], ""head_rotation_deg"": null, ""head_translation_m"": null, ""left_hand_translation_m"": null, ""removed_tool_ids"": [15, 18, 19, 20, 21, 27, 28], ""right_hand_translation_m"": null, ""selected_step"": ""r2_fasten_first_stand"", ""step_attempt"": 7, ""step_elapsed_s"": 27.803546144044958, ""step_event_index"": 156, ""total_hand_translation_m"": null, ""trial_finished_elapsed_s"": null, ""trial_recording"": true, ""trial_required_tool_ids"": [7, 35, 37]}"
2026-09-04T14:06:38.162-04:00,kuber,gesture,tts_finished,lifecycle,r2_fasten_first_stand,Row 2.4: fasten right stand,ready,7,157,,,,27.894151,,,,,,,,,,,,,,,,Row 3 right stand,,,,,"{""acquired_tool_ids"": [7, 37], ""acquisition_complete"": false, ""completed_steps"": [""r2_bearing_right"", ""r1_bearing_right"", ""r1_bearing_left"", ""r2_gear_rod"", ""r2_bearing_left""], ""head_rotation_deg"": null, ""head_translation_m"": null, ""left_hand_translation_m"": null, ""removed_tool_ids"": [15, 18, 19, 20, 21, 27, 28], ""right_hand_translation_m"": null, ""selected_step"": ""r2_fasten_first_stand"", ""step_attempt"": 7, ""step_elapsed_s"": 27.894163654069416, ""step_event_index"": 157, ""total_hand_translation_m"": null, ""trial_finished_elapsed_s"": null, ""trial_recording"": true, ""trial_required_tool_ids"": [7, 35, 37]}"
2026-09-04T14:06:38.327-04:00,kuber,gesture,tts_started,lifecycle,r2_fasten_first_stand,Row 2.4: fasten right stand,ready,7,158,,,,28.058856,,,,,,,,,,,,,,,,Row 4 right stand,,,,,"{""acquired_tool_ids"": [7, 37], ""acquisition_complete"": false, ""completed_steps"": [""r2_bearing_right"", ""r1_bearing_right"", ""r1_bearing_left"", ""r2_gear_rod"", ""r2_bearing_left""], ""head_rotation_deg"": null, ""head_translation_m"": null, ""left_hand_translation_m"": null, ""removed_tool_ids"": [15, 18, 19, 20, 21, 27, 28], ""right_hand_translation_m"": null, ""selected_step"": ""r2_fasten_first_stand"", ""step_attempt"": 7, ""step_elapsed_s"": 28.058869787026197, ""step_event_index"": 158, ""total_hand_translation_m"": null, ""trial_finished_elapsed_s"": null, ""trial_recording"": true, ""trial_required_tool_ids"": [7, 35, 37]}"
2026-09-04T14:06:38.683-04:00,kuber,gesture,tts_finished,lifecycle,r2_fasten_first_stand,Row 2.4: fasten right stand,ready,7,159,,,,28.415646,,,,,,,,,,,,,,,,Row 4 right stand,,,,,"{""acquired_tool_ids"": [7, 37], ""acquisition_complete"": false, ""completed_steps"": [""r2_bearing_right"", ""r1_bearing_right"", ""r1_bearing_left"", ""r2_gear_rod"", ""r2_bearing_left""], ""head_rotation_deg"": null, ""head_translation_m"": null, ""left_hand_translation_m"": null, ""removed_tool_ids"": [15, 18, 19, 20, 21, 27, 28], ""right_hand_translation_m"": null, ""selected_step"": ""r2_fasten_first_stand"", ""step_attempt"": 7, ""step_elapsed_s"": 28.415660193073563, ""step_event_index"": 159, ""total_hand_translation_m"": null, ""trial_finished_elapsed_s"": null, ""trial_recording"": true, ""trial_required_tool_ids"": [7, 35, 37]}"
2026-09-04T14:06:39.156-04:00,kuber,gesture,hover,hover,r2_fasten_first_stand,Row 2.4: fasten right stand,ready,7,160,24,GEAR_STAND_ROW4_LEFT,,,,,,,,,,,,,,,,,,,,,,,"{""acquired_tool_ids"": [7, 37], ""acquisition_complete"": false, ""completed_steps"": [""r2_bearing_right"", ""r1_bearing_right"", ""r1_bearing_left"", ""r2_gear_rod"", ""r2_bearing_left""], ""head_rotation_deg"": null, ""head_translation_m"": null, ""left_hand_translation_m"": null, ""removed_tool_ids"": [15, 18, 19, 20, 21, 27, 28], ""right_hand_translation_m"": null, ""selected_step"": ""r2_fasten_first_stand"", ""step_attempt"": 7, ""step_elapsed_s"": 28.888089681975543, ""step_event_index"": 160, ""total_hand_translation_m"": null, ""trial_finished_elapsed_s"": null, ""trial_recording"": true, ""trial_required_tool_ids"": [7, 35, 37]}"
2026-09-04T14:06:39.348-04:00,kuber,gesture,tts_queued,lifecycle,r2_fasten_first_stand,Row 2.4: fasten right stand,ready,7,161,,,,29.080606,,,,,,,,,,,,,,,,Row 4 left stand,,,replace_hover,,"{""acquired_tool_ids"": [7, 37], ""acquisition_complete"": false, ""completed_steps"": [""r2_bearing_right"", ""r1_bearing_right"", ""r1_bearing_left"", ""r2_gear_rod"", ""r2_bearing_left""], ""head_rotation_deg"": null, ""head_translation_m"": null, ""left_hand_translation_m"": null, ""removed_tool_ids"": [15, 18, 19, 20, 21, 27, 28], ""right_hand_translation_m"": null, ""selected_step"": ""r2_fasten_first_stand"", ""step_attempt"": 7, ""step_elapsed_s"": 29.080618718988262, ""step_event_index"": 161, ""total_hand_translation_m"": null, ""trial_finished_elapsed_s"": null, ""trial_recording"": true, ""trial_required_tool_ids"": [7, 35, 37]}"
2026-09-04T14:06:39.885-04:00,kuber,gesture,hover,hover,r2_fasten_first_stand,Row 2.4: fasten right stand,ready,7,162,13,MAGNET_POLE_CHECKER,,,,,,,,,,,,,,,,,,,,,,,"{""acquired_tool_ids"": [7, 37], ""acquisition_complete"": false, ""completed_steps"": [""r2_bearing_right"", ""r1_bearing_right"", ""r1_bearing_left"", ""r2_gear_rod"", ""r2_bearing_left""], ""head_rotation_deg"": null, ""head_translation_m"": null, ""left_hand_translation_m"": null, ""removed_tool_ids"": [15, 18, 19, 20, 21, 27, 28], ""right_hand_translation_m"": null, ""selected_step"": ""r2_fasten_first_stand"", ""step_attempt"": 7, ""step_elapsed_s"": 29.617175088031217, ""step_event_index"": 162, ""total_hand_translation_m"": null, ""trial_finished_elapsed_s"": null, ""trial_recording"": true, ""trial_required_tool_ids"": [7, 35, 37]}"
2026-09-04T14:06:40.125-04:00,kuber,gesture,tts_queued,lifecycle,r2_fasten_first_stand,Row 2.4: fasten right stand,ready,7,163,,,,29.857643,,,,,,,,,,,,,,,,part,,,replace_hover,,"{""acquired_tool_ids"": [7, 37], ""acquisition_complete"": false, ""completed_steps"": [""r2_bearing_right"", ""r1_bearing_right"", ""r1_bearing_left"", ""r2_gear_rod"", ""r2_bearing_left""], ""head_rotation_deg"": null, ""head_translation_m"": null, ""left_hand_translation_m"": null, ""removed_tool_ids"": [15, 18, 19, 20, 21, 27, 28], ""right_hand_translation_m"": null, ""selected_step"": ""r2_fasten_first_stand"", ""step_attempt"": 7, ""step_elapsed_s"": 29.8576547059929, ""step_event_index"": 163, ""total_hand_translation_m"": null, ""trial_finished_elapsed_s"": null, ""trial_recording"": true, ""trial_required_tool_ids"": [7, 35, 37]}"
2026-09-04T14:06:40.204-04:00,kuber,gesture,tts_started,lifecycle,r2_fasten_first_stand,Row 2.4: fasten right stand,ready,7,164,,,,29.936603,,,,,,,,,,,,,,,,Row 4 left stand,,,,,"{""acquired_tool_ids"": [7, 37], ""acquisition_complete"": false, ""completed_steps"": [""r2_bearing_right"", ""r1_bearing_right"", ""r1_bearing_left"", ""r2_gear_rod"", ""r2_bearing_left""], ""head_rotation_deg"": null, ""head_translation_m"": null, ""left_hand_translation_m"": null, ""removed_tool_ids"": [15, 18, 19, 20, 21, 27, 28], ""right_hand_translation_m"": null, ""selected_step"": ""r2_fasten_first_stand"", ""step_attempt"": 7, ""step_elapsed_s"": 29.9366136000026, ""step_event_index"": 164, ""total_hand_translation_m"": null, ""trial_finished_elapsed_s"": null, ""trial_recording"": true, ""trial_required_tool_ids"": [7, 35, 37]}"
2026-09-04T14:06:40.239-04:00,kuber,gesture,tts_finished,lifecycle,r2_fasten_first_stand,Row 2.4: fasten right stand,ready,7,165,,,,29.971744,,,,,,,,,,,,,,,,Row 4 left stand,,,,,"{""acquired_tool_ids"": [7, 37], ""acquisition_complete"": false, ""completed_steps"": [""r2_bearing_right"", ""r1_bearing_right"", ""r1_bearing_left"", ""r2_gear_rod"", ""r2_bearing_left""], ""head_rotation_deg"": null, ""head_translation_m"": null, ""left_hand_translation_m"": null, ""removed_tool_ids"": [15, 18, 19, 20, 21, 27, 28], ""right_hand_translation_m"": null, ""selected_step"": ""r2_fasten_first_stand"", ""step_attempt"": 7, ""step_elapsed_s"": 29.971757938037626, ""step_event_index"": 165, ""total_hand_translation_m"": null, ""trial_finished_elapsed_s"": null, ""trial_recording"": true, ""trial_required_tool_ids"": [7, 35, 37]}"
2026-09-04T14:06:40.371-04:00,kuber,gesture,tts_started,lifecycle,r2_fasten_first_stand,Row 2.4: fasten right stand,ready,7,166,,,,30.102826,,,,,,,,,,,,,,,,part,,,,,"{""acquired_tool_ids"": [7, 37], ""acquisition_complete"": false, ""completed_steps"": [""r2_bearing_right"", ""r1_bearing_right"", ""r1_bearing_left"", ""r2_gear_rod"", ""r2_bearing_left""], ""head_rotation_deg"": null, ""head_translation_m"": null, ""left_hand_translation_m"": null, ""removed_tool_ids"": [15, 18, 19, 20, 21, 27, 28], ""right_hand_translation_m"": null, ""selected_step"": ""r2_fasten_first_stand"", ""step_attempt"": 7, ""step_elapsed_s"": 30.102838583057746, ""step_event_index"": 166, ""total_hand_translation_m"": null, ""trial_finished_elapsed_s"": null, ""trial_recording"": true, ""trial_required_tool_ids"": [7, 35, 37]}"
2026-09-04T14:06:40.530-04:00,kuber,gesture,hover,hover,r2_fasten_first_stand,Row 2.4: fasten right stand,ready,7,167,37,BITHOLDER2,,,,,,,,,,,,,,,,,,,,,,,"{""acquired_tool_ids"": [7, 37], ""acquisition_complete"": false, ""completed_steps"": [""r2_bearing_right"", ""r1_bearing_right"", ""r1_bearing_left"", ""r2_gear_rod"", ""r2_bearing_left""], ""head_rotation_deg"": null, ""head_translation_m"": null, ""left_hand_translation_m"": null, ""removed_tool_ids"": [15, 18, 19, 20, 21, 27, 28], ""right_hand_translation_m"": null, ""selected_step"": ""r2_fasten_first_stand"", ""step_attempt"": 7, ""step_elapsed_s"": 30.26201328705065, ""step_event_index"": 167, ""total_hand_translation_m"": null, ""trial_finished_elapsed_s"": null, ""trial_recording"": true, ""trial_required_tool_ids"": [7, 35, 37]}"
2026-09-04T14:06:40.587-04:00,kuber,gesture,tts_queued,lifecycle,r2_fasten_first_stand,Row 2.4: fasten right stand,ready,7,168,,,,30.319271,,,,,,,,,,,,,,,,bit holder2,,,replace_hover,,"{""acquired_tool_ids"": [7, 37], ""acquisition_complete"": false, ""completed_steps"": [""r2_bearing_right"", ""r1_bearing_right"", ""r1_bearing_left"", ""r2_gear_rod"", ""r2_bearing_left""], ""head_rotation_deg"": null, ""head_translation_m"": null, ""left_hand_translation_m"": null, ""removed_tool_ids"": [15, 18, 19, 20, 21, 27, 28], ""right_hand_translation_m"": null, ""selected_step"": ""r2_fasten_first_stand"", ""step_attempt"": 7, ""step_elapsed_s"": 30.319282867014408, ""step_event_index"": 168, ""total_hand_translation_m"": null, ""trial_finished_elapsed_s"": null, ""trial_recording"": true, ""trial_required_tool_ids"": [7, 35, 37]}"
2026-09-04T14:06:40.691-04:00,kuber,gesture,tts_finished,lifecycle,r2_fasten_first_stand,Row 2.4: fasten right stand,ready,7,169,,,,30.422990,,,,,,,,,,,,,,,,part,,,,,"{""acquired_tool_ids"": [7, 37], ""acquisition_complete"": false, ""completed_steps"": [""r2_bearing_right"", ""r1_bearing_right"", ""r1_bearing_left"", ""r2_gear_rod"", ""r2_bearing_left""], ""head_rotation_deg"": null, ""head_translation_m"": null, ""left_hand_translation_m"": null, ""removed_tool_ids"": [15, 18, 19, 20, 21, 27, 28], ""right_hand_translation_m"": null, ""selected_step"": ""r2_fasten_first_stand"", ""step_attempt"": 7, ""step_elapsed_s"": 30.423001578077674, ""step_event_index"": 169, ""total_hand_translation_m"": null, ""trial_finished_elapsed_s"": null, ""trial_recording"": true, ""trial_required_tool_ids"": [7, 35, 37]}"
2026-09-04T14:06:40.741-04:00,kuber,gesture,tts_started,lifecycle,r2_fasten_first_stand,Row 2.4: fasten right stand,ready,7,170,,,,30.473623,,,,,,,,,,,,,,,,bit holder2,,,,,"{""acquired_tool_ids"": [7, 37], ""acquisition_complete"": false, ""completed_steps"": [""r2_bearing_right"", ""r1_bearing_right"", ""r1_bearing_left"", ""r2_gear_rod"", ""r2_bearing_left""], ""head_rotation_deg"": null, ""head_translation_m"": null, ""left_hand_translation_m"": null, ""removed_tool_ids"": [15, 18, 19, 20, 21, 27, 28], ""right_hand_translation_m"": null, ""selected_step"": ""r2_fasten_first_stand"", ""step_attempt"": 7, ""step_elapsed_s"": 30.47363829507958, ""step_event_index"": 170, ""total_hand_translation_m"": null, ""trial_finished_elapsed_s"": null, ""trial_recording"": true, ""trial_required_tool_ids"": [7, 35, 37]}"
2026-09-04T14:06:41.139-04:00,kuber,gesture,hover,hover,r2_fasten_first_stand,Row 2.4: fasten right stand,ready,7,171,36,BITHOLDER1,,,,,,,,,,,,,,,,,,,,,,,"{""acquired_tool_ids"": [7, 37], ""acquisition_complete"": false, ""completed_steps"": [""r2_bearing_right"", ""r1_bearing_right"", ""r1_bearing_left"", ""r2_gear_rod"", ""r2_bearing_left""], ""head_rotation_deg"": null, ""head_translation_m"": null, ""left_hand_translation_m"": null, ""removed_tool_ids"": [15, 18, 19, 20, 21, 27, 28], ""right_hand_translation_m"": null, ""selected_step"": ""r2_fasten_first_stand"", ""step_attempt"": 7, ""step_elapsed_s"": 30.870784374070354, ""step_event_index"": 171, ""total_hand_translation_m"": null, ""trial_finished_elapsed_s"": null, ""trial_recording"": true, ""trial_required_tool_ids"": [7, 35, 37]}"
2026-09-04T14:06:41.229-04:00,kuber,gesture,tts_queued,lifecycle,r2_fasten_first_stand,Row 2.4: fasten right stand,ready,7,172,,,,30.961299,,,,,,,,,,,,,,,,bit holder1,,,replace_hover,,"{""acquired_tool_ids"": [7, 37], ""acquisition_complete"": false, ""completed_steps"": [""r2_bearing_right"", ""r1_bearing_right"", ""r1_bearing_left"", ""r2_gear_rod"", ""r2_bearing_left""], ""head_rotation_deg"": null, ""head_translation_m"": null, ""left_hand_translation_m"": null, ""removed_tool_ids"": [15, 18, 19, 20, 21, 27, 28], ""right_hand_translation_m"": null, ""selected_step"": ""r2_fasten_first_stand"", ""step_attempt"": 7, ""step_elapsed_s"": 30.961308410041966, ""step_event_index"": 172, ""total_hand_translation_m"": null, ""trial_finished_elapsed_s"": null, ""trial_recording"": true, ""trial_required_tool_ids"": [7, 35, 37]}"
2026-09-04T14:06:41.383-04:00,kuber,gesture,tts_finished,lifecycle,r2_fasten_first_stand,Row 2.4: fasten right stand,ready,7,173,,,,31.115032,,,,,,,,,,,,,,,,bit holder2,,,,,"{""acquired_tool_ids"": [7, 37], ""acquisition_complete"": false, ""completed_steps"": [""r2_bearing_right"", ""r1_bearing_right"", ""r1_bearing_left"", ""r2_gear_rod"", ""r2_bearing_left""], ""head_rotation_deg"": null, ""head_translation_m"": null, ""left_hand_translation_m"": null, ""removed_tool_ids"": [15, 18, 19, 20, 21, 27, 28], ""right_hand_translation_m"": null, ""selected_step"": ""r2_fasten_first_stand"", ""step_attempt"": 7, ""step_elapsed_s"": 31.115045785089023, ""step_event_index"": 173, ""total_hand_translation_m"": null, ""trial_finished_elapsed_s"": null, ""trial_recording"": true, ""trial_required_tool_ids"": [7, 35, 37]}"
2026-09-04T14:06:41.658-04:00,kuber,gesture,tts_started,lifecycle,r2_fasten_first_stand,Row 2.4: fasten right stand,ready,7,174,,,,31.390296,,,,,,,,,,,,,,,,bit holder1,,,,,"{""acquired_tool_ids"": [7, 37], ""acquisition_complete"": false, ""completed_steps"": [""r2_bearing_right"", ""r1_bearing_right"", ""r1_bearing_left"", ""r2_gear_rod"", ""r2_bearing_left""], ""head_rotation_deg"": null, ""head_translation_m"": null, ""left_hand_translation_m"": null, ""removed_tool_ids"": [15, 18, 19, 20, 21, 27, 28], ""right_hand_translation_m"": null, ""selected_step"": ""r2_fasten_first_stand"", ""step_attempt"": 7, ""step_elapsed_s"": 31.39030829805415, ""step_event_index"": 174, ""total_hand_translation_m"": null, ""trial_finished_elapsed_s"": null, ""trial_recording"": true, ""trial_required_tool_ids"": [7, 35, 37]}"
2026-09-04T14:06:42.119-04:00,kuber,gesture,hover,hover,r2_fasten_first_stand,Row 2.4: fasten right stand,ready,7,175,37,BITHOLDER2,,,,,,,,,,,,,,,,,,,,,,,"{""acquired_tool_ids"": [7, 37], ""acquisition_complete"": false, ""completed_steps"": [""r2_bearing_right"", ""r1_bearing_right"", ""r1_bearing_left"", ""r2_gear_rod"", ""r2_bearing_left""], ""head_rotation_deg"": null, ""head_translation_m"": null, ""left_hand_translation_m"": null, ""removed_tool_ids"": [15, 18, 19, 20, 21, 27, 28], ""right_hand_translation_m"": null, ""selected_step"": ""r2_fasten_first_stand"", ""step_attempt"": 7, ""step_elapsed_s"": 31.851564232027158, ""step_event_index"": 175, ""total_hand_translation_m"": null, ""trial_finished_elapsed_s"": null, ""trial_recording"": true, ""trial_required_tool_ids"": [7, 35, 37]}"
2026-09-04T14:06:42.310-04:00,kuber,gesture,tts_queued,lifecycle,r2_fasten_first_stand,Row 2.4: fasten right stand,ready,7,176,,,,32.042559,,,,,,,,,,,,,,,,bit holder2,,,replace_hover,,"{""acquired_tool_ids"": [7, 37], ""acquisition_complete"": false, ""completed_steps"": [""r2_bearing_right"", ""r1_bearing_right"", ""r1_bearing_left"", ""r2_gear_rod"", ""r2_bearing_left""], ""head_rotation_deg"": null, ""head_translation_m"": null, ""left_hand_translation_m"": null, ""removed_tool_ids"": [15, 18, 19, 20, 21, 27, 28], ""right_hand_translation_m"": null, ""selected_step"": ""r2_fasten_first_stand"", ""step_attempt"": 7, ""step_elapsed_s"": 32.042572112055495, ""step_event_index"": 176, ""total_hand_translation_m"": null, ""trial_finished_elapsed_s"": null, ""trial_recording"": true, ""trial_required_tool_ids"": [7, 35, 37]}"
2026-09-04T14:06:42.468-04:00,kuber,gesture,tts_finished,lifecycle,r2_fasten_first_stand,Row 2.4: fasten right stand,ready,7,177,,,,32.200398,,,,,,,,,,,,,,,,bit holder1,,,,,"{""acquired_tool_ids"": [7, 37], ""acquisition_complete"": false, ""completed_steps"": [""r2_bearing_right"", ""r1_bearing_right"", ""r1_bearing_left"", ""r2_gear_rod"", ""r2_bearing_left""], ""head_rotation_deg"": null, ""head_translation_m"": null, ""left_hand_translation_m"": null, ""removed_tool_ids"": [15, 18, 19, 20, 21, 27, 28], ""right_hand_translation_m"": null, ""selected_step"": ""r2_fasten_first_stand"", ""step_attempt"": 7, ""step_elapsed_s"": 32.200411690049805, ""step_event_index"": 177, ""total_hand_translation_m"": null, ""trial_finished_elapsed_s"": null, ""trial_recording"": true, ""trial_required_tool_ids"": [7, 35, 37]}"
2026-09-04T14:06:42.531-04:00,kuber,gesture,tts_started,lifecycle,r2_fasten_first_stand,Row 2.4: fasten right stand,ready,7,178,,,,32.263076,,,,,,,,,,,,,,,,bit holder2,,,,,"{""acquired_tool_ids"": [7, 37], ""acquisition_complete"": false, ""completed_steps"": [""r2_bearing_right"", ""r1_bearing_right"", ""r1_bearing_left"", ""r2_gear_rod"", ""r2_bearing_left""], ""head_rotation_deg"": null, ""head_translation_m"": null, ""left_hand_translation_m"": null, ""removed_tool_ids"": [15, 18, 19, 20, 21, 27, 28], ""right_hand_translation_m"": null, ""selected_step"": ""r2_fasten_first_stand"", ""step_attempt"": 7, ""step_elapsed_s"": 32.26309076300822, ""step_event_index"": 178, ""total_hand_translation_m"": null, ""trial_finished_elapsed_s"": null, ""trial_recording"": true, ""trial_required_tool_ids"": [7, 35, 37]}"
2026-09-04T14:06:43.010-04:00,kuber,gesture,hover,hover,r2_fasten_first_stand,Row 2.4: fasten right stand,ready,7,179,13,MAGNET_POLE_CHECKER,,,,,,,,,,,,,,,,,,,,,,,"{""acquired_tool_ids"": [7, 37], ""acquisition_complete"": false, ""completed_steps"": [""r2_bearing_right"", ""r1_bearing_right"", ""r1_bearing_left"", ""r2_gear_rod"", ""r2_bearing_left""], ""head_rotation_deg"": null, ""head_translation_m"": null, ""left_hand_translation_m"": null, ""removed_tool_ids"": [15, 18, 19, 20, 21, 27, 28], ""right_hand_translation_m"": null, ""selected_step"": ""r2_fasten_first_stand"", ""step_attempt"": 7, ""step_elapsed_s"": 32.74260315403808, ""step_event_index"": 179, ""total_hand_translation_m"": null, ""trial_finished_elapsed_s"": null, ""trial_recording"": true, ""trial_required_tool_ids"": [7, 35, 37]}"
2026-09-04T14:06:43.074-04:00,kuber,gesture,tts_queued,lifecycle,r2_fasten_first_stand,Row 2.4: fasten right stand,ready,7,180,,,,32.806212,,,,,,,,,,,,,,,,part,,,replace_hover,,"{""acquired_tool_ids"": [7, 37], ""acquisition_complete"": false, ""completed_steps"": [""r2_bearing_right"", ""r1_bearing_right"", ""r1_bearing_left"", ""r2_gear_rod"", ""r2_bearing_left""], ""head_rotation_deg"": null, ""head_translation_m"": null, ""left_hand_translation_m"": null, ""removed_tool_ids"": [15, 18, 19, 20, 21, 27, 28], ""right_hand_translation_m"": null, ""selected_step"": ""r2_fasten_first_stand"", ""step_attempt"": 7, ""step_elapsed_s"": 32.80622540705372, ""step_event_index"": 180, ""total_hand_translation_m"": null, ""trial_finished_elapsed_s"": null, ""trial_recording"": true, ""trial_required_tool_ids"": [7, 35, 37]}"
2026-09-04T14:06:43.299-04:00,kuber,gesture,hover,hover,r2_fasten_first_stand,Row 2.4: fasten right stand,ready,7,181,11,FLATHEAD_SCREWDRIVER,,,,,,,,,,,,,,,,,,,,,,,"{""acquired_tool_ids"": [7, 37], ""acquisition_complete"": false, ""completed_steps"": [""r2_bearing_right"", ""r1_bearing_right"", ""r1_bearing_left"", ""r2_gear_rod"", ""r2_bearing_left""], ""head_rotation_deg"": null, ""head_translation_m"": null, ""left_hand_translation_m"": null, ""removed_tool_ids"": [15, 18, 19, 20, 21, 27, 28], ""right_hand_translation_m"": null, ""selected_step"": ""r2_fasten_first_stand"", ""step_attempt"": 7, ""step_elapsed_s"": 33.03089849406388, ""step_event_index"": 181, ""total_hand_translation_m"": null, ""trial_finished_elapsed_s"": null, ""trial_recording"": true, ""trial_required_tool_ids"": [7, 35, 37]}"
2026-09-04T14:06:43.545-04:00,kuber,gesture,tts_queued,lifecycle,r2_fasten_first_stand,Row 2.4: fasten right stand,ready,7,182,,,,33.277332,,,,,,,,,,,,,,,,part,,,replace_hover,,"{""acquired_tool_ids"": [7, 37], ""acquisition_complete"": false, ""completed_steps"": [""r2_bearing_right"", ""r1_bearing_right"", ""r1_bearing_left"", ""r2_gear_rod"", ""r2_bearing_left""], ""head_rotation_deg"": null, ""head_translation_m"": null, ""left_hand_translation_m"": null, ""removed_tool_ids"": [15, 18, 19, 20, 21, 27, 28], ""right_hand_translation_m"": null, ""selected_step"": ""r2_fasten_first_stand"", ""step_attempt"": 7, ""step_elapsed_s"": 33.27734641300049, ""step_event_index"": 182, ""total_hand_translation_m"": null, ""trial_finished_elapsed_s"": null, ""trial_recording"": true, ""trial_required_tool_ids"": [7, 35, 37]}"
2026-09-04T14:06:43.671-04:00,kuber,gesture,tts_finished,lifecycle,r2_fasten_first_stand,Row 2.4: fasten right stand,ready,7,183,,,,33.403616,,,,,,,,,,,,,,,,bit holder2,,,,,"{""acquired_tool_ids"": [7, 37], ""acquisition_complete"": false, ""completed_steps"": [""r2_bearing_right"", ""r1_bearing_right"", ""r1_bearing_left"", ""r2_gear_rod"", ""r2_bearing_left""], ""head_rotation_deg"": null, ""head_translation_m"": null, ""left_hand_translation_m"": null, ""removed_tool_ids"": [15, 18, 19, 20, 21, 27, 28], ""right_hand_translation_m"": null, ""selected_step"": ""r2_fasten_first_stand"", ""step_attempt"": 7, ""step_elapsed_s"": 33.4036259050481, ""step_event_index"": 183, ""total_hand_translation_m"": null, ""trial_finished_elapsed_s"": null, ""trial_recording"": true, ""trial_required_tool_ids"": [7, 35, 37]}"
2026-09-04T14:06:43.727-04:00,kuber,gesture,tts_started,lifecycle,r2_fasten_first_stand,Row 2.4: fasten right stand,ready,7,184,,,,33.458810,,,,,,,,,,,,,,,,part,,,,,"{""acquired_tool_ids"": [7, 37], ""acquisition_complete"": false, ""completed_steps"": [""r2_bearing_right"", ""r1_bearing_right"", ""r1_bearing_left"", ""r2_gear_rod"", ""r2_bearing_left""], ""head_rotation_deg"": null, ""head_translation_m"": null, ""left_hand_translation_m"": null, ""removed_tool_ids"": [15, 18, 19, 20, 21, 27, 28], ""right_hand_translation_m"": null, ""selected_step"": ""r2_fasten_first_stand"", ""step_attempt"": 7, ""step_elapsed_s"": 33.458831159980036, ""step_event_index"": 184, ""total_hand_translation_m"": null, ""trial_finished_elapsed_s"": null, ""trial_recording"": true, ""trial_required_tool_ids"": [7, 35, 37]}"
2026-09-04T14:06:43.814-04:00,kuber,gesture,tts_finished,lifecycle,r2_fasten_first_stand,Row 2.4: fasten right stand,ready,7,185,,,,33.545961,,,,,,,,,,,,,,,,part,,,,,"{""acquired_tool_ids"": [7, 37], ""acquisition_complete"": false, ""completed_steps"": [""r2_bearing_right"", ""r1_bearing_right"", ""r1_bearing_left"", ""r2_gear_rod"", ""r2_bearing_left""], ""head_rotation_deg"": null, ""head_translation_m"": null, ""left_hand_translation_m"": null, ""removed_tool_ids"": [15, 18, 19, 20, 21, 27, 28], ""right_hand_translation_m"": null, ""selected_step"": ""r2_fasten_first_stand"", ""step_attempt"": 7, ""step_elapsed_s"": 33.54597285098862, ""step_event_index"": 185, ""total_hand_translation_m"": null, ""trial_finished_elapsed_s"": null, ""trial_recording"": true, ""trial_required_tool_ids"": [7, 35, 37]}"
2026-09-04T14:06:43.865-04:00,kuber,gesture,tts_started,lifecycle,r2_fasten_first_stand,Row 2.4: fasten right stand,ready,7,186,,,,33.596896,,,,,,,,,,,,,,,,part,,,,,"{""acquired_tool_ids"": [7, 37], ""acquisition_complete"": false, ""completed_steps"": [""r2_bearing_right"", ""r1_bearing_right"", ""r1_bearing_left"", ""r2_gear_rod"", ""r2_bearing_left""], ""head_rotation_deg"": null, ""head_translation_m"": null, ""left_hand_translation_m"": null, ""removed_tool_ids"": [15, 18, 19, 20, 21, 27, 28], ""right_hand_translation_m"": null, ""selected_step"": ""r2_fasten_first_stand"", ""step_attempt"": 7, ""step_elapsed_s"": 33.5969061300857, ""step_event_index"": 186, ""total_hand_translation_m"": null, ""trial_finished_elapsed_s"": null, ""trial_recording"": true, ""trial_required_tool_ids"": [7, 35, 37]}"
2026-09-04T14:06:43.921-04:00,kuber,gesture,hover,hover,r2_fasten_first_stand,Row 2.4: fasten right stand,ready,7,187,23,GEAR_STAND_ROW3_RIGHT,,,,,,,,,,,,,,,,,,,,,,,"{""acquired_tool_ids"": [7, 37], ""acquisition_complete"": false, ""completed_steps"": [""r2_bearing_right"", ""r1_bearing_right"", ""r1_bearing_left"", ""r2_gear_rod"", ""r2_bearing_left""], ""head_rotation_deg"": null, ""head_translation_m"": null, ""left_hand_translation_m"": null, ""removed_tool_ids"": [15, 18, 19, 20, 21, 27, 28], ""right_hand_translation_m"": null, ""selected_step"": ""r2_fasten_first_stand"", ""step_attempt"": 7, ""step_elapsed_s"": 33.652841179980896, ""step_event_index"": 187, ""total_hand_translation_m"": null, ""trial_finished_elapsed_s"": null, ""trial_recording"": true, ""trial_required_tool_ids"": [7, 35, 37]}"
2026-09-04T14:06:44.034-04:00,kuber,gesture,tts_queued,lifecycle,r2_fasten_first_stand,Row 2.4: fasten right stand,ready,7,188,,,,33.766634,,,,,,,,,,,,,,,,Row 3 right stand,,,replace_hover,,"{""acquired_tool_ids"": [7, 37], ""acquisition_complete"": false, ""completed_steps"": [""r2_bearing_right"", ""r1_bearing_right"", ""r1_bearing_left"", ""r2_gear_rod"", ""r2_bearing_left""], ""head_rotation_deg"": null, ""head_translation_m"": null, ""left_hand_translation_m"": null, ""removed_tool_ids"": [15, 18, 19, 20, 21, 27, 28], ""right_hand_translation_m"": null, ""selected_step"": ""r2_fasten_first_stand"", ""step_attempt"": 7, ""step_elapsed_s"": 33.76665448897984, ""step_event_index"": 188, ""total_hand_translation_m"": null, ""trial_finished_elapsed_s"": null, ""trial_recording"": true, ""trial_required_tool_ids"": [7, 35, 37]}"
2026-09-04T14:06:44.174-04:00,kuber,gesture,tts_finished,lifecycle,r2_fasten_first_stand,Row 2.4: fasten right stand,ready,7,189,,,,33.906058,,,,,,,,,,,,,,,,part,,,,,"{""acquired_tool_ids"": [7, 37], ""acquisition_complete"": false, ""completed_steps"": [""r2_bearing_right"", ""r1_bearing_right"", ""r1_bearing_left"", ""r2_gear_rod"", ""r2_bearing_left""], ""head_rotation_deg"": null, ""head_translation_m"": null, ""left_hand_translation_m"": null, ""removed_tool_ids"": [15, 18, 19, 20, 21, 27, 28], ""right_hand_translation_m"": null, ""selected_step"": ""r2_fasten_first_stand"", ""step_attempt"": 7, ""step_elapsed_s"": 33.906072539044544, ""step_event_index"": 189, ""total_hand_translation_m"": null, ""trial_finished_elapsed_s"": null, ""trial_recording"": true, ""trial_required_tool_ids"": [7, 35, 37]}"
2026-09-04T14:06:44.317-04:00,kuber,gesture,tts_started,lifecycle,r2_fasten_first_stand,Row 2.4: fasten right stand,ready,7,190,,,,34.048905,,,,,,,,,,,,,,,,Row 3 right stand,,,,,"{""acquired_tool_ids"": [7, 37], ""acquisition_complete"": false, ""completed_steps"": [""r2_bearing_right"", ""r1_bearing_right"", ""r1_bearing_left"", ""r2_gear_rod"", ""r2_bearing_left""], ""head_rotation_deg"": null, ""head_translation_m"": null, ""left_hand_translation_m"": null, ""removed_tool_ids"": [15, 18, 19, 20, 21, 27, 28], ""right_hand_translation_m"": null, ""selected_step"": ""r2_fasten_first_stand"", ""step_attempt"": 7, ""step_elapsed_s"": 34.04891604708973, ""step_event_index"": 190, ""total_hand_translation_m"": null, ""trial_finished_elapsed_s"": null, ""trial_recording"": true, ""trial_required_tool_ids"": [7, 35, 37]}"
2026-09-04T14:06:44.911-04:00,kuber,gesture,hover,hover,r2_fasten_first_stand,Row 2.4: fasten right stand,ready,7,191,35,SCREWS,,,,,,,,,,,,,,,,,,,,,,,"{""acquired_tool_ids"": [7, 37], ""acquisition_complete"": false, ""completed_steps"": [""r2_bearing_right"", ""r1_bearing_right"", ""r1_bearing_left"", ""r2_gear_rod"", ""r2_bearing_left""], ""head_rotation_deg"": null, ""head_translation_m"": null, ""left_hand_translation_m"": null, ""removed_tool_ids"": [15, 18, 19, 20, 21, 27, 28], ""right_hand_translation_m"": null, ""selected_step"": ""r2_fasten_first_stand"", ""step_attempt"": 7, ""step_elapsed_s"": 34.64353565801866, ""step_event_index"": 191, ""total_hand_translation_m"": null, ""trial_finished_elapsed_s"": null, ""trial_recording"": true, ""trial_required_tool_ids"": [7, 35, 37]}"
2026-09-04T14:06:45.042-04:00,kuber,gesture,tts_queued,lifecycle,r2_fasten_first_stand,Row 2.4: fasten right stand,ready,7,192,,,,34.774691,,,,,,,,,,,,,,,,screw,,,replace_hover,,"{""acquired_tool_ids"": [7, 37], ""acquisition_complete"": false, ""completed_steps"": [""r2_bearing_right"", ""r1_bearing_right"", ""r1_bearing_left"", ""r2_gear_rod"", ""r2_bearing_left""], ""head_rotation_deg"": null, ""head_translation_m"": null, ""left_hand_translation_m"": null, ""removed_tool_ids"": [15, 18, 19, 20, 21, 27, 28], ""right_hand_translation_m"": null, ""selected_step"": ""r2_fasten_first_stand"", ""step_attempt"": 7, ""step_elapsed_s"": 34.77470269007608, ""step_event_index"": 192, ""total_hand_translation_m"": null, ""trial_finished_elapsed_s"": null, ""trial_recording"": true, ""trial_required_tool_ids"": [7, 35, 37]}"
2026-09-04T14:06:45.200-04:00,kuber,gesture,tts_finished,lifecycle,r2_fasten_first_stand,Row 2.4: fasten right stand,ready,7,193,,,,34.932316,,,,,,,,,,,,,,,,Row 3 right stand,,,,,"{""acquired_tool_ids"": [7, 37], ""acquisition_complete"": false, ""completed_steps"": [""r2_bearing_right"", ""r1_bearing_right"", ""r1_bearing_left"", ""r2_gear_rod"", ""r2_bearing_left""], ""head_rotation_deg"": null, ""head_translation_m"": null, ""left_hand_translation_m"": null, ""removed_tool_ids"": [15, 18, 19, 20, 21, 27, 28], ""right_hand_translation_m"": null, ""selected_step"": ""r2_fasten_first_stand"", ""step_attempt"": 7, ""step_elapsed_s"": 34.93232777400408, ""step_event_index"": 193, ""total_hand_translation_m"": null, ""trial_finished_elapsed_s"": null, ""trial_recording"": true, ""trial_required_tool_ids"": [7, 35, 37]}"
2026-09-04T14:06:45.290-04:00,kuber,gesture,tts_started,lifecycle,r2_fasten_first_stand,Row 2.4: fasten right stand,ready,7,194,,,,35.022020,,,,,,,,,,,,,,,,screw,,,,,"{""acquired_tool_ids"": [7, 37], ""acquisition_complete"": false, ""completed_steps"": [""r2_bearing_right"", ""r1_bearing_right"", ""r1_bearing_left"", ""r2_gear_rod"", ""r2_bearing_left""], ""head_rotation_deg"": null, ""head_translation_m"": null, ""left_hand_translation_m"": null, ""removed_tool_ids"": [15, 18, 19, 20, 21, 27, 28], ""right_hand_translation_m"": null, ""selected_step"": ""r2_fasten_first_stand"", ""step_attempt"": 7, ""step_elapsed_s"": 35.022031496977434, ""step_event_index"": 194, ""total_hand_translation_m"": null, ""trial_finished_elapsed_s"": null, ""trial_recording"": true, ""trial_required_tool_ids"": [7, 35, 37]}"
2026-09-04T14:06:45.718-04:00,kuber,gesture,tts_finished,lifecycle,r2_fasten_first_stand,Row 2.4: fasten right stand,ready,7,195,,,,35.449817,,,,,,,,,,,,,,,,screw,,,,,"{""acquired_tool_ids"": [7, 37], ""acquisition_complete"": false, ""completed_steps"": [""r2_bearing_right"", ""r1_bearing_right"", ""r1_bearing_left"", ""r2_gear_rod"", ""r2_bearing_left""], ""head_rotation_deg"": null, ""head_translation_m"": null, ""left_hand_translation_m"": null, ""removed_tool_ids"": [15, 18, 19, 20, 21, 27, 28], ""right_hand_translation_m"": null, ""selected_step"": ""r2_fasten_first_stand"", ""step_attempt"": 7, ""step_elapsed_s"": 35.44982823100872, ""step_event_index"": 195, ""total_hand_translation_m"": null, ""trial_finished_elapsed_s"": null, ""trial_recording"": true, ""trial_required_tool_ids"": [7, 35, 37]}"
2026-09-04T14:06:46.416-04:00,kuber,gesture,hover,hover,r2_fasten_first_stand,Row 2.4: fasten right stand,ready,7,196,34,BEARINGS,,,,,,,,,,,,,,,,,,,,,,,"{""acquired_tool_ids"": [7, 37], ""acquisition_complete"": false, ""completed_steps"": [""r2_bearing_right"", ""r1_bearing_right"", ""r1_bearing_left"", ""r2_gear_rod"", ""r2_bearing_left""], ""head_rotation_deg"": null, ""head_translation_m"": null, ""left_hand_translation_m"": null, ""removed_tool_ids"": [15, 18, 19, 20, 21, 27, 28], ""right_hand_translation_m"": null, ""selected_step"": ""r2_fasten_first_stand"", ""step_attempt"": 7, ""step_elapsed_s"": 36.148700529010966, ""step_event_index"": 196, ""total_hand_translation_m"": null, ""trial_finished_elapsed_s"": null, ""trial_recording"": true, ""trial_required_tool_ids"": [7, 35, 37]}"
2026-09-04T14:06:46.541-04:00,kuber,gesture,tts_queued,lifecycle,r2_fasten_first_stand,Row 2.4: fasten right stand,ready,7,197,,,,36.273628,,,,,,,,,,,,,,,,bearing,,,replace_hover,,"{""acquired_tool_ids"": [7, 37], ""acquisition_complete"": false, ""completed_steps"": [""r2_bearing_right"", ""r1_bearing_right"", ""r1_bearing_left"", ""r2_gear_rod"", ""r2_bearing_left""], ""head_rotation_deg"": null, ""head_translation_m"": null, ""left_hand_translation_m"": null, ""removed_tool_ids"": [15, 18, 19, 20, 21, 27, 28], ""right_hand_translation_m"": null, ""selected_step"": ""r2_fasten_first_stand"", ""step_attempt"": 7, ""step_elapsed_s"": 36.27364378108177, ""step_event_index"": 197, ""total_hand_translation_m"": null, ""trial_finished_elapsed_s"": null, ""trial_recording"": true, ""trial_required_tool_ids"": [7, 35, 37]}"
2026-09-04T14:06:46.626-04:00,kuber,gesture,tts_started,lifecycle,r2_fasten_first_stand,Row 2.4: fasten right stand,ready,7,198,,,,36.357799,,,,,,,,,,,,,,,,bearing,,,,,"{""acquired_tool_ids"": [7, 37], ""acquisition_complete"": false, ""completed_steps"": [""r2_bearing_right"", ""r1_bearing_right"", ""r1_bearing_left"", ""r2_gear_rod"", ""r2_bearing_left""], ""head_rotation_deg"": null, ""head_translation_m"": null, ""left_hand_translation_m"": null, ""removed_tool_ids"": [15, 18, 19, 20, 21, 27, 28], ""right_hand_translation_m"": null, ""selected_step"": ""r2_fasten_first_stand"", ""step_attempt"": 7, ""step_elapsed_s"": 36.35781210497953, ""step_event_index"": 198, ""total_hand_translation_m"": null, ""trial_finished_elapsed_s"": null, ""trial_recording"": true, ""trial_required_tool_ids"": [7, 35, 37]}"
2026-09-04T14:06:46.748-04:00,kuber,gesture,hover,hover,r2_fasten_first_stand,Row 2.4: fasten right stand,ready,7,199,35,SCREWS,,,,,,,,,,,,,,,,,,,,,,,"{""acquired_tool_ids"": [7, 37], ""acquisition_complete"": false, ""completed_steps"": [""r2_bearing_right"", ""r1_bearing_right"", ""r1_bearing_left"", ""r2_gear_rod"", ""r2_bearing_left""], ""head_rotation_deg"": null, ""head_translation_m"": null, ""left_hand_translation_m"": null, ""removed_tool_ids"": [15, 18, 19, 20, 21, 27, 28], ""right_hand_translation_m"": null, ""selected_step"": ""r2_fasten_first_stand"", ""step_attempt"": 7, ""step_elapsed_s"": 36.48076080798637, ""step_event_index"": 199, ""total_hand_translation_m"": null, ""trial_finished_elapsed_s"": null, ""trial_recording"": true, ""trial_required_tool_ids"": [7, 35, 37]}"
2026-09-04T14:06:46.862-04:00,kuber,gesture,tts_queued,lifecycle,r2_fasten_first_stand,Row 2.4: fasten right stand,ready,7,200,,,,36.594172,,,,,,,,,,,,,,,,screw,,,replace_hover,,"{""acquired_tool_ids"": [7, 37], ""acquisition_complete"": false, ""completed_steps"": [""r2_bearing_right"", ""r1_bearing_right"", ""r1_bearing_left"", ""r2_gear_rod"", ""r2_bearing_left""], ""head_rotation_deg"": null, ""head_translation_m"": null, ""left_hand_translation_m"": null, ""removed_tool_ids"": [15, 18, 19, 20, 21, 27, 28], ""right_hand_translation_m"": null, ""selected_step"": ""r2_fasten_first_stand"", ""step_attempt"": 7, ""step_elapsed_s"": 36.59418417606503, ""step_event_index"": 200, ""total_hand_translation_m"": null, ""trial_finished_elapsed_s"": null, ""trial_recording"": true, ""trial_required_tool_ids"": [7, 35, 37]}"
2026-09-04T14:06:46.995-04:00,kuber,gesture,hover,hover,r2_fasten_first_stand,Row 2.4: fasten right stand,ready,7,201,29,GEAR_ROW3_LEFT,,,,,,,,,,,,,,,,,,,,,,,"{""acquired_tool_ids"": [7, 37], ""acquisition_complete"": false, ""completed_steps"": [""r2_bearing_right"", ""r1_bearing_right"", ""r1_bearing_left"", ""r2_gear_rod"", ""r2_bearing_left""], ""head_rotation_deg"": null, ""head_translation_m"": null, ""left_hand_translation_m"": null, ""removed_tool_ids"": [15, 18, 19, 20, 21, 27, 28], ""right_hand_translation_m"": null, ""selected_step"": ""r2_fasten_first_stand"", ""step_attempt"": 7, ""step_elapsed_s"": 36.726887889089994, ""step_event_index"": 201, ""total_hand_translation_m"": null, ""trial_finished_elapsed_s"": null, ""trial_recording"": true, ""trial_required_tool_ids"": [7, 35, 37]}"
2026-09-04T14:06:47.176-04:00,kuber,gesture,tts_queued,lifecycle,r2_fasten_first_stand,Row 2.4: fasten right stand,ready,7,202,,,,36.908552,,,,,,,,,,,,,,,,Row 3 left gear,,,replace_hover,,"{""acquired_tool_ids"": [7, 37], ""acquisition_complete"": false, ""completed_steps"": [""r2_bearing_right"", ""r1_bearing_right"", ""r1_bearing_left"", ""r2_gear_rod"", ""r2_bearing_left""], ""head_rotation_deg"": null, ""head_translation_m"": null, ""left_hand_translation_m"": null, ""removed_tool_ids"": [15, 18, 19, 20, 21, 27, 28], ""right_hand_translation_m"": null, ""selected_step"": ""r2_fasten_first_stand"", ""step_attempt"": 7, ""step_elapsed_s"": 36.908563409000635, ""step_event_index"": 202, ""total_hand_translation_m"": null, ""trial_finished_elapsed_s"": null, ""trial_recording"": true, ""trial_required_tool_ids"": [7, 35, 37]}"
2026-09-04T14:06:47.346-04:00,kuber,gesture,tts_finished,lifecycle,r2_fasten_first_stand,Row 2.4: fasten right stand,ready,7,203,,,,37.078567,,,,,,,,,,,,,,,,bearing,,,,,"{""acquired_tool_ids"": [7, 37], ""acquisition_complete"": false, ""completed_steps"": [""r2_bearing_right"", ""r1_bearing_right"", ""r1_bearing_left"", ""r2_gear_rod"", ""r2_bearing_left""], ""head_rotation_deg"": null, ""head_translation_m"": null, ""left_hand_translation_m"": null, ""removed_tool_ids"": [15, 18, 19, 20, 21, 27, 28], ""right_hand_translation_m"": null, ""selected_step"": ""r2_fasten_first_stand"", ""step_attempt"": 7, ""step_elapsed_s"": 37.07857741101179, ""step_event_index"": 203, ""total_hand_translation_m"": null, ""trial_finished_elapsed_s"": null, ""trial_recording"": true, ""trial_required_tool_ids"": [7, 35, 37]}"
2026-09-04T14:06:47.475-04:00,kuber,gesture,tts_started,lifecycle,r2_fasten_first_stand,Row 2.4: fasten right stand,ready,7,204,,,,37.207130,,,,,,,,,,,,,,,,screw,,,,,"{""acquired_tool_ids"": [7, 37], ""acquisition_complete"": false, ""completed_steps"": [""r2_bearing_right"", ""r1_bearing_right"", ""r1_bearing_left"", ""r2_gear_rod"", ""r2_bearing_left""], ""head_rotation_deg"": null, ""head_translation_m"": null, ""left_hand_translation_m"": null, ""removed_tool_ids"": [15, 18, 19, 20, 21, 27, 28], ""right_hand_translation_m"": null, ""selected_step"": ""r2_fasten_first_stand"", ""step_attempt"": 7, ""step_elapsed_s"": 37.20714225701522, ""step_event_index"": 204, ""total_hand_translation_m"": null, ""trial_finished_elapsed_s"": null, ""trial_recording"": true, ""trial_required_tool_ids"": [7, 35, 37]}"
2026-09-04T14:06:47.622-04:00,kuber,gesture,tts_finished,lifecycle,r2_fasten_first_stand,Row 2.4: fasten right stand,ready,7,205,,,,37.353772,,,,,,,,,,,,,,,,screw,,,,,"{""acquired_tool_ids"": [7, 37], ""acquisition_complete"": false, ""completed_steps"": [""r2_bearing_right"", ""r1_bearing_right"", ""r1_bearing_left"", ""r2_gear_rod"", ""r2_bearing_left""], ""head_rotation_deg"": null, ""head_translation_m"": null, ""left_hand_translation_m"": null, ""removed_tool_ids"": [15, 18, 19, 20, 21, 27, 28], ""right_hand_translation_m"": null, ""selected_step"": ""r2_fasten_first_stand"", ""step_attempt"": 7, ""step_elapsed_s"": 37.35378597001545, ""step_event_index"": 205, ""total_hand_translation_m"": null, ""trial_finished_elapsed_s"": null, ""trial_recording"": true, ""trial_required_tool_ids"": [7, 35, 37]}"
2026-09-04T14:06:47.683-04:00,kuber,gesture,tts_started,lifecycle,r2_fasten_first_stand,Row 2.4: fasten right stand,ready,7,206,,,,37.415710,,,,,,,,,,,,,,,,Row 3 left gear,,,,,"{""acquired_tool_ids"": [7, 37], ""acquisition_complete"": false, ""completed_steps"": [""r2_bearing_right"", ""r1_bearing_right"", ""r1_bearing_left"", ""r2_gear_rod"", ""r2_bearing_left""], ""head_rotation_deg"": null, ""head_translation_m"": null, ""left_hand_translation_m"": null, ""removed_tool_ids"": [15, 18, 19, 20, 21, 27, 28], ""right_hand_translation_m"": null, ""selected_step"": ""r2_fasten_first_stand"", ""step_attempt"": 7, ""step_elapsed_s"": 37.415726053062826, ""step_event_index"": 206, ""total_hand_translation_m"": null, ""trial_finished_elapsed_s"": null, ""trial_recording"": true, ""trial_required_tool_ids"": [7, 35, 37]}"
2026-09-04T14:06:48.126-04:00,kuber,gesture,hover,hover,r2_fasten_first_stand,Row 2.4: fasten right stand,ready,7,207,35,SCREWS,,,,,,,,,,,,,,,,,,,,,,,"{""acquired_tool_ids"": [7, 37], ""acquisition_complete"": false, ""completed_steps"": [""r2_bearing_right"", ""r1_bearing_right"", ""r1_bearing_left"", ""r2_gear_rod"", ""r2_bearing_left""], ""head_rotation_deg"": null, ""head_translation_m"": null, ""left_hand_translation_m"": null, ""removed_tool_ids"": [15, 18, 19, 20, 21, 27, 28], ""right_hand_translation_m"": null, ""selected_step"": ""r2_fasten_first_stand"", ""step_attempt"": 7, ""step_elapsed_s"": 37.85806571599096, ""step_event_index"": 207, ""total_hand_translation_m"": null, ""trial_finished_elapsed_s"": null, ""trial_recording"": true, ""trial_required_tool_ids"": [7, 35, 37]}"
2026-09-04T14:06:48.270-04:00,kuber,gesture,tts_queued,lifecycle,r2_fasten_first_stand,Row 2.4: fasten right stand,ready,7,208,,,,38.001989,,,,,,,,,,,,,,,,screw,,,replace_hover,,"{""acquired_tool_ids"": [7, 37], ""acquisition_complete"": false, ""completed_steps"": [""r2_bearing_right"", ""r1_bearing_right"", ""r1_bearing_left"", ""r2_gear_rod"", ""r2_bearing_left""], ""head_rotation_deg"": null, ""head_translation_m"": null, ""left_hand_translation_m"": null, ""removed_tool_ids"": [15, 18, 19, 20, 21, 27, 28], ""right_hand_translation_m"": null, ""selected_step"": ""r2_fasten_first_stand"", ""step_attempt"": 7, ""step_elapsed_s"": 38.002000131993555, ""step_event_index"": 208, ""total_hand_translation_m"": null, ""trial_finished_elapsed_s"": null, ""trial_recording"": true, ""trial_required_tool_ids"": [7, 35, 37]}"
2026-09-04T14:06:48.357-04:00,kuber,gesture,tts_finished,lifecycle,r2_fasten_first_stand,Row 2.4: fasten right stand,ready,7,209,,,,38.089062,,,,,,,,,,,,,,,,Row 3 left gear,,,,,"{""acquired_tool_ids"": [7, 37], ""acquisition_complete"": false, ""completed_steps"": [""r2_bearing_right"", ""r1_bearing_right"", ""r1_bearing_left"", ""r2_gear_rod"", ""r2_bearing_left""], ""head_rotation_deg"": null, ""head_translation_m"": null, ""left_hand_translation_m"": null, ""removed_tool_ids"": [15, 18, 19, 20, 21, 27, 28], ""right_hand_translation_m"": null, ""selected_step"": ""r2_fasten_first_stand"", ""step_attempt"": 7, ""step_elapsed_s"": 38.08907412807457, ""step_event_index"": 209, ""total_hand_translation_m"": null, ""trial_finished_elapsed_s"": null, ""trial_recording"": true, ""trial_required_tool_ids"": [7, 35, 37]}"
2026-09-04T14:06:48.424-04:00,kuber,gesture,tts_started,lifecycle,r2_fasten_first_stand,Row 2.4: fasten right stand,ready,7,210,,,,38.156318,,,,,,,,,,,,,,,,screw,,,,,"{""acquired_tool_ids"": [7, 37], ""acquisition_complete"": false, ""completed_steps"": [""r2_bearing_right"", ""r1_bearing_right"", ""r1_bearing_left"", ""r2_gear_rod"", ""r2_bearing_left""], ""head_rotation_deg"": null, ""head_translation_m"": null, ""left_hand_translation_m"": null, ""removed_tool_ids"": [15, 18, 19, 20, 21, 27, 28], ""right_hand_translation_m"": null, ""selected_step"": ""r2_fasten_first_stand"", ""step_attempt"": 7, ""step_elapsed_s"": 38.15633011003956, ""step_event_index"": 210, ""total_hand_translation_m"": null, ""trial_finished_elapsed_s"": null, ""trial_recording"": true, ""trial_required_tool_ids"": [7, 35, 37]}"
2026-09-04T14:06:48.903-04:00,kuber,gesture,tts_finished,lifecycle,r2_fasten_first_stand,Row 2.4: fasten right stand,ready,7,211,,,,38.634980,,,,,,,,,,,,,,,,screw,,,,,"{""acquired_tool_ids"": [7, 37], ""acquisition_complete"": false, ""completed_steps"": [""r2_bearing_right"", ""r1_bearing_right"", ""r1_bearing_left"", ""r2_gear_rod"", ""r2_bearing_left""], ""head_rotation_deg"": null, ""head_translation_m"": null, ""left_hand_translation_m"": null, ""removed_tool_ids"": [15, 18, 19, 20, 21, 27, 28], ""right_hand_translation_m"": null, ""selected_step"": ""r2_fasten_first_stand"", ""step_attempt"": 7, ""step_elapsed_s"": 38.63499190600123, ""step_event_index"": 211, ""total_hand_translation_m"": null, ""trial_finished_elapsed_s"": null, ""trial_recording"": true, ""trial_required_tool_ids"": [7, 35, 37]}"
2026-09-04T14:06:49.642-04:00,kuber,gesture,part_selection,click,r2_fasten_first_stand,Row 2.4: fasten right stand,ready,7,212,35,SCREWS,26.660848,39.373752,,,,,,,,,,,,,,,1,,,,,,"{""acquired_tool_ids"": [7, 35, 37], ""acquisition_complete"": false, ""completed_steps"": [""r2_bearing_right"", ""r1_bearing_right"", ""r1_bearing_left"", ""r2_gear_rod"", ""r2_bearing_left""], ""head_rotation_deg"": null, ""head_translation_m"": null, ""left_hand_translation_m"": null, ""removed_tool_ids"": [15, 18, 19, 20, 21, 27, 28], ""right_hand_translation_m"": null, ""selected_step"": ""r2_fasten_first_stand"", ""step_attempt"": 7, ""step_elapsed_s"": 39.37380268704146, ""step_event_index"": 212, ""total_hand_translation_m"": null, ""trial_finished_elapsed_s"": null, ""trial_recording"": true, ""trial_required_tool_ids"": [7, 35, 37]}"
2026-09-04T14:06:49.708-04:00,kuber,gesture,object_acquired,click,r2_fasten_first_stand,Row 2.4: fasten right stand,ready,7,213,35,SCREWS,26.660848,39.373752,,,,,,,,,,,,,,,1,,,,,,"{""acquired_tool_ids"": [7, 35, 37], ""acquisition_complete"": false, ""completed_steps"": [""r2_bearing_right"", ""r1_bearing_right"", ""r1_bearing_left"", ""r2_gear_rod"", ""r2_bearing_left""], ""head_rotation_deg"": null, ""head_translation_m"": null, ""left_hand_translation_m"": null, ""removed_tool_ids"": [15, 18, 19, 20, 21, 27, 28], ""right_hand_translation_m"": null, ""selected_step"": ""r2_fasten_first_stand"", ""step_attempt"": 7, ""step_elapsed_s"": 39.440008160076104, ""step_event_index"": 213, ""total_hand_translation_m"": null, ""trial_finished_elapsed_s"": null, ""trial_recording"": true, ""trial_required_tool_ids"": [7, 35, 37]}"
2026-09-04T14:06:49.801-04:00,kuber,gesture,step_acquisition_complete,click,r2_fasten_first_stand,Row 2.4: fasten right stand,ready,7,214,,,,39.529993,0.909286,323.001409,0.188059,2.574159,2.762218,0.000000,21.218550,21.218550,53.990396,0,49,0.000000,0.798834,0.798834,,,,,,,"{""acquired_tool_ids"": [7, 35, 37], ""acquisition_complete"": true, ""any_hover_time_s"": 21.21855012641754, ""completed_steps"": [""r2_bearing_right"", ""r1_bearing_right"", ""r1_bearing_left"", ""r2_gear_rod"", ""r2_bearing_left""], ""head_rotation_deg"": 323.0014085910152, ""head_translation_m"": 0.909286138886847, ""hover_time_percent"": 53.990395637127385, ""left_hand_translation_m"": 0.1880592194272135, ""left_hover_episodes"": 0, ""left_hover_time_s"": 0.0, ""left_hover_translation_m"": 0.0, ""removed_tool_ids"": [15, 18, 19, 20, 21, 27, 28], ""right_hand_translation_m"": 2.5741592665543505, ""right_hover_episodes"": 49, ""right_hover_time_s"": 21.21855012641754, ""right_hover_translation_m"": 0.7988342594180516, ""selected_step"": ""r2_fasten_first_stand"", ""step_attempt"": 7, ""step_elapsed_s"": 39.52999313001055, ""step_event_index"": 214, ""total_hand_translation_m"": 2.762218485981564, ""total_hover_translation_m"": 0.7988342594180516, ""trial_finished_elapsed_s"": 39.52999313001055, ""trial_recording"": false, ""trial_required_tool_ids"": [7, 35, 37]}"
2026-09-04T14:06:50.033-04:00,kuber,gesture,graph_complete,,r2_fasten_first_stand,Row 2.4: fasten right stand,complete,7,215,,,,,,,,,,,,,,,,,,,,,,,,,"{""acquired_tool_ids"": [7, 35, 37], ""acquisition_complete"": true, ""any_hover_time_s"": 21.21855012641754, ""completed_steps"": [""r2_bearing_right"", ""r1_bearing_right"", ""r1_bearing_left"", ""r2_gear_rod"", ""r2_bearing_left"", ""r2_fasten_first_stand"", ""r2_insert_rod_and_fit_second"", ""r2_fasten_second_stand""], ""head_rotation_deg"": 323.0014085910152, ""head_translation_m"": 0.909286138886847, ""hover_time_percent"": 53.990395637127385, ""left_hand_translation_m"": 0.1880592194272135, ""left_hover_episodes"": 0, ""left_hover_time_s"": 0.0, ""left_hover_translation_m"": 0.0, ""removed_tool_ids"": [15, 18, 19, 20, 21, 27, 28], ""right_hand_translation_m"": 2.5741592665543505, ""right_hover_episodes"": 49, ""right_hover_time_s"": 21.21855012641754, ""right_hover_translation_m"": 0.7988342594180516, ""selected_step"": ""r2_fasten_first_stand"", ""step_attempt"": 7, ""step_elapsed_s"": 39.52999313001055, ""step_event_index"": 215, ""total_hand_translation_m"": 2.762218485981564, ""total_hover_translation_m"": 0.7988342594180516, ""trial_finished_elapsed_s"": 39.52999313001055, ""trial_recording"": false, ""trial_required_tool_ids"": [7, 35, 37]}"
2026-09-04T14:07:02.849-04:00,kuber,gesture,step_started,keyboard,r1_gear_rod,Row 1.2: assemble gear rod,ready,8,1,,,,,,,,,,,,,,,,,,,,,,,,,"{""acquired_tool_ids"": [], ""acquisition_complete"": false, ""completed_steps"": [""r2_bearing_right"", ""r1_bearing_right"", ""r1_bearing_left"", ""r2_gear_rod"", ""r2_bearing_left"", ""r2_fasten_first_stand"", ""r2_insert_rod_and_fit_second"", ""r2_fasten_second_stand""], ""head_rotation_deg"": null, ""head_translation_m"": null, ""left_hand_translation_m"": null, ""removed_tool_ids"": [15, 18, 19, 20, 21, 27, 28], ""right_hand_translation_m"": null, ""selected_step"": ""r1_gear_rod"", ""step_attempt"": 8, ""step_elapsed_s"": 8.500809781253338e-05, ""step_event_index"": 1, ""total_hand_translation_m"": null, ""trial_finished_elapsed_s"": null, ""trial_recording"": true, ""trial_required_tool_ids"": [14, 26, 33]}"
2026-09-04T14:07:03.600-04:00,kuber,gesture,hover,hover,r1_gear_rod,Row 1.2: assemble gear rod,ready,8,2,14,GEAR_ROD_ROW1,,,,,,,,,,,,,,,,,,,,,,,"{""acquired_tool_ids"": [], ""acquisition_complete"": false, ""completed_steps"": [""r2_bearing_right"", ""r1_bearing_right"", ""r1_bearing_left"", ""r2_gear_rod"", ""r2_bearing_left"", ""r2_fasten_first_stand"", ""r2_insert_rod_and_fit_second"", ""r2_fasten_second_stand""], ""head_rotation_deg"": null, ""head_translation_m"": null, ""left_hand_translation_m"": null, ""removed_tool_ids"": [15, 18, 19, 20, 21, 27, 28], ""right_hand_translation_m"": null, ""selected_step"": ""r1_gear_rod"", ""step_attempt"": 8, ""step_elapsed_s"": 0.7514027740107849, ""step_event_index"": 2, ""total_hand_translation_m"": null, ""trial_finished_elapsed_s"": null, ""trial_recording"": true, ""trial_required_tool_ids"": [14, 26, 33]}"
2026-09-04T14:07:03.637-04:00,kuber,gesture,tts_queued,lifecycle,r1_gear_rod,Row 1.2: assemble gear rod,ready,8,3,,,,0.788523,,,,,,,,,,,,,,,,Row 1 gear rod,,,replace_hover,,"{""acquired_tool_ids"": [], ""acquisition_complete"": false, ""completed_steps"": [""r2_bearing_right"", ""r1_bearing_right"", ""r1_bearing_left"", ""r2_gear_rod"", ""r2_bearing_left"", ""r2_fasten_first_stand"", ""r2_insert_rod_and_fit_second"", ""r2_fasten_second_stand""], ""head_rotation_deg"": null, ""head_translation_m"": null, ""left_hand_translation_m"": null, ""removed_tool_ids"": [15, 18, 19, 20, 21, 27, 28], ""right_hand_translation_m"": null, ""selected_step"": ""r1_gear_rod"", ""step_attempt"": 8, ""step_elapsed_s"": 0.788535624044016, ""step_event_index"": 3, ""total_hand_translation_m"": null, ""trial_finished_elapsed_s"": null, ""trial_recording"": true, ""trial_required_tool_ids"": [14, 26, 33]}"
2026-09-04T14:07:03.700-04:00,kuber,gesture,tts_started,lifecycle,r1_gear_rod,Row 1.2: assemble gear rod,ready,8,4,,,,0.851367,,,,,,,,,,,,,,,,Row 1 gear rod,,,,,"{""acquired_tool_ids"": [], ""acquisition_complete"": false, ""completed_steps"": [""r2_bearing_right"", ""r1_bearing_right"", ""r1_bearing_left"", ""r2_gear_rod"", ""r2_bearing_left"", ""r2_fasten_first_stand"", ""r2_insert_rod_and_fit_second"", ""r2_fasten_second_stand""], ""head_rotation_deg"": null, ""head_translation_m"": null, ""left_hand_translation_m"": null, ""removed_tool_ids"": [15, 18, 19, 20, 21, 27, 28], ""right_hand_translation_m"": null, ""selected_step"": ""r1_gear_rod"", ""step_attempt"": 8, ""step_elapsed_s"": 0.8513778620399535, ""step_event_index"": 4, ""total_hand_translation_m"": null, ""trial_finished_elapsed_s"": null, ""trial_recording"": true, ""trial_required_tool_ids"": [14, 26, 33]}"
2026-09-04T14:07:04.965-04:00,kuber,gesture,hover,hover,r1_gear_rod,Row 1.2: assemble gear rod,ready,8,5,14,GEAR_ROD_ROW1,,,,,,,,,,,,,,,,,,,,,,,"{""acquired_tool_ids"": [], ""acquisition_complete"": false, ""completed_steps"": [""r2_bearing_right"", ""r1_bearing_right"", ""r1_bearing_left"", ""r2_gear_rod"", ""r2_bearing_left"", ""r2_fasten_first_stand"", ""r2_insert_rod_and_fit_second"", ""r2_fasten_second_stand""], ""head_rotation_deg"": null, ""head_translation_m"": null, ""left_hand_translation_m"": null, ""removed_tool_ids"": [15, 18, 19, 20, 21, 27, 28], ""right_hand_translation_m"": null, ""selected_step"": ""r1_gear_rod"", ""step_attempt"": 8, ""step_elapsed_s"": 2.116649895091541, ""step_event_index"": 5, ""total_hand_translation_m"": null, ""trial_finished_elapsed_s"": null, ""trial_recording"": true, ""trial_required_tool_ids"": [14, 26, 33]}"
2026-09-04T14:07:05.001-04:00,kuber,gesture,tts_queued,lifecycle,r1_gear_rod,Row 1.2: assemble gear rod,ready,8,6,,,,2.151827,,,,,,,,,,,,,,,,Row 1 gear rod,,,replace_hover,,"{""acquired_tool_ids"": [], ""acquisition_complete"": false, ""completed_steps"": [""r2_bearing_right"", ""r1_bearing_right"", ""r1_bearing_left"", ""r2_gear_rod"", ""r2_bearing_left"", ""r2_fasten_first_stand"", ""r2_insert_rod_and_fit_second"", ""r2_fasten_second_stand""], ""head_rotation_deg"": null, ""head_translation_m"": null, ""left_hand_translation_m"": null, ""removed_tool_ids"": [15, 18, 19, 20, 21, 27, 28], ""right_hand_translation_m"": null, ""selected_step"": ""r1_gear_rod"", ""step_attempt"": 8, ""step_elapsed_s"": 2.1518509060842916, ""step_event_index"": 6, ""total_hand_translation_m"": null, ""trial_finished_elapsed_s"": null, ""trial_recording"": true, ""trial_required_tool_ids"": [14, 26, 33]}"
2026-09-04T14:07:05.070-04:00,kuber,gesture,tts_finished,lifecycle,r1_gear_rod,Row 1.2: assemble gear rod,ready,8,7,,,,2.221065,,,,,,,,,,,,,,,,Row 1 gear rod,,,,,"{""acquired_tool_ids"": [], ""acquisition_complete"": false, ""completed_steps"": [""r2_bearing_right"", ""r1_bearing_right"", ""r1_bearing_left"", ""r2_gear_rod"", ""r2_bearing_left"", ""r2_fasten_first_stand"", ""r2_insert_rod_and_fit_second"", ""r2_fasten_second_stand""], ""head_rotation_deg"": null, ""head_translation_m"": null, ""left_hand_translation_m"": null, ""removed_tool_ids"": [15, 18, 19, 20, 21, 27, 28], ""right_hand_translation_m"": null, ""selected_step"": ""r1_gear_rod"", ""step_attempt"": 8, ""step_elapsed_s"": 2.221078674076125, ""step_event_index"": 7, ""total_hand_translation_m"": null, ""trial_finished_elapsed_s"": null, ""trial_recording"": true, ""trial_required_tool_ids"": [14, 26, 33]}"
2026-09-04T14:07:05.128-04:00,kuber,gesture,tts_started,lifecycle,r1_gear_rod,Row 1.2: assemble gear rod,ready,8,8,,,,2.278959,,,,,,,,,,,,,,,,Row 1 gear rod,,,,,"{""acquired_tool_ids"": [], ""acquisition_complete"": false, ""completed_steps"": [""r2_bearing_right"", ""r1_bearing_right"", ""r1_bearing_left"", ""r2_gear_rod"", ""r2_bearing_left"", ""r2_fasten_first_stand"", ""r2_insert_rod_and_fit_second"", ""r2_fasten_second_stand""], ""head_rotation_deg"": null, ""head_translation_m"": null, ""left_hand_translation_m"": null, ""removed_tool_ids"": [15, 18, 19, 20, 21, 27, 28], ""right_hand_translation_m"": null, ""selected_step"": ""r1_gear_rod"", ""step_attempt"": 8, ""step_elapsed_s"": 2.2789724650792778, ""step_event_index"": 8, ""total_hand_translation_m"": null, ""trial_finished_elapsed_s"": null, ""trial_recording"": true, ""trial_required_tool_ids"": [14, 26, 33]}"
2026-09-04T14:07:05.533-04:00,kuber,gesture,part_selection,click,r1_gear_rod,Row 1.2: assemble gear rod,ready,8,9,14,GEAR_ROD_ROW1,2.684466,2.684466,,,,,,,,,,,,,,,1,,,,,,"{""acquired_tool_ids"": [14], ""acquisition_complete"": false, ""completed_steps"": [""r2_bearing_right"", ""r1_bearing_right"", ""r1_bearing_left"", ""r2_gear_rod"", ""r2_bearing_left"", ""r2_fasten_first_stand"", ""r2_insert_rod_and_fit_second"", ""r2_fasten_second_stand""], ""head_rotation_deg"": null, ""head_translation_m"": null, ""left_hand_translation_m"": null, ""removed_tool_ids"": [15, 18, 19, 20, 21, 27, 28], ""right_hand_translation_m"": null, ""selected_step"": ""r1_gear_rod"", ""step_attempt"": 8, ""step_elapsed_s"": 2.6845241230912507, ""step_event_index"": 9, ""total_hand_translation_m"": null, ""trial_finished_elapsed_s"": null, ""trial_recording"": true, ""trial_required_tool_ids"": [14, 26, 33]}"
2026-09-04T14:07:05.551-04:00,kuber,gesture,object_acquired,click,r1_gear_rod,Row 1.2: assemble gear rod,ready,8,10,14,GEAR_ROD_ROW1,2.684466,2.684466,,,,,,,,,,,,,,,1,,,,,,"{""acquired_tool_ids"": [14], ""acquisition_complete"": false, ""completed_steps"": [""r2_bearing_right"", ""r1_bearing_right"", ""r1_bearing_left"", ""r2_gear_rod"", ""r2_bearing_left"", ""r2_fasten_first_stand"", ""r2_insert_rod_and_fit_second"", ""r2_fasten_second_stand""], ""head_rotation_deg"": null, ""head_translation_m"": null, ""left_hand_translation_m"": null, ""removed_tool_ids"": [15, 18, 19, 20, 21, 27, 28], ""right_hand_translation_m"": null, ""selected_step"": ""r1_gear_rod"", ""step_attempt"": 8, ""step_elapsed_s"": 2.702673461055383, ""step_event_index"": 10, ""total_hand_translation_m"": null, ""trial_finished_elapsed_s"": null, ""trial_recording"": true, ""trial_required_tool_ids"": [14, 26, 33]}"
2026-09-04T14:07:05.586-04:00,kuber,gesture,tts_queued,lifecycle,r1_gear_rod,Row 1.2: assemble gear rod,ready,8,11,,,,2.737373,,,,,,,,,,,,,,,,2 parts left.,,,replace,,"{""acquired_tool_ids"": [14], ""acquisition_complete"": false, ""completed_steps"": [""r2_bearing_right"", ""r1_bearing_right"", ""r1_bearing_left"", ""r2_gear_rod"", ""r2_bearing_left"", ""r2_fasten_first_stand"", ""r2_insert_rod_and_fit_second"", ""r2_fasten_second_stand""], ""head_rotation_deg"": null, ""head_translation_m"": null, ""left_hand_translation_m"": null, ""removed_tool_ids"": [15, 18, 19, 20, 21, 27, 28], ""right_hand_translation_m"": null, ""selected_step"": ""r1_gear_rod"", ""step_attempt"": 8, ""step_elapsed_s"": 2.737383177038282, ""step_event_index"": 11, ""total_hand_translation_m"": null, ""trial_finished_elapsed_s"": null, ""trial_recording"": true, ""trial_required_tool_ids"": [14, 26, 33]}"
2026-09-04T14:07:05.621-04:00,kuber,gesture,tts_finished,lifecycle,r1_gear_rod,Row 1.2: assemble gear rod,ready,8,12,,,,2.771929,,,,,,,,,,,,,,,,Row 1 gear rod,,,,,"{""acquired_tool_ids"": [14], ""acquisition_complete"": false, ""completed_steps"": [""r2_bearing_right"", ""r1_bearing_right"", ""r1_bearing_left"", ""r2_gear_rod"", ""r2_bearing_left"", ""r2_fasten_first_stand"", ""r2_insert_rod_and_fit_second"", ""r2_fasten_second_stand""], ""head_rotation_deg"": null, ""head_translation_m"": null, ""left_hand_translation_m"": null, ""removed_tool_ids"": [15, 18, 19, 20, 21, 27, 28], ""right_hand_translation_m"": null, ""selected_step"": ""r1_gear_rod"", ""step_attempt"": 8, ""step_elapsed_s"": 2.7719394291052595, ""step_event_index"": 12, ""total_hand_translation_m"": null, ""trial_finished_elapsed_s"": null, ""trial_recording"": true, ""trial_required_tool_ids"": [14, 26, 33]}"
2026-09-04T14:07:05.650-04:00,kuber,gesture,tts_started,lifecycle,r1_gear_rod,Row 1.2: assemble gear rod,ready,8,13,,,,2.801636,,,,,,,,,,,,,,,,2 parts left.,,,,,"{""acquired_tool_ids"": [14], ""acquisition_complete"": false, ""completed_steps"": [""r2_bearing_right"", ""r1_bearing_right"", ""r1_bearing_left"", ""r2_gear_rod"", ""r2_bearing_left"", ""r2_fasten_first_stand"", ""r2_insert_rod_and_fit_second"", ""r2_fasten_second_stand""], ""head_rotation_deg"": null, ""head_translation_m"": null, ""left_hand_translation_m"": null, ""removed_tool_ids"": [15, 18, 19, 20, 21, 27, 28], ""right_hand_translation_m"": null, ""selected_step"": ""r1_gear_rod"", ""step_attempt"": 8, ""step_elapsed_s"": 2.801645977073349, ""step_event_index"": 13, ""total_hand_translation_m"": null, ""trial_finished_elapsed_s"": null, ""trial_recording"": true, ""trial_required_tool_ids"": [14, 26, 33]}"
2026-09-04T14:07:06.020-04:00,kuber,gesture,hover,hover,r1_gear_rod,Row 1.2: assemble gear rod,ready,8,14,16,GEAR_ROD_ROW3,,,,,,,,,,,,,,,,,,,,,,,"{""acquired_tool_ids"": [14], ""acquisition_complete"": false, ""completed_steps"": [""r2_bearing_right"", ""r1_bearing_right"", ""r1_bearing_left"", ""r2_gear_rod"", ""r2_bearing_left"", ""r2_fasten_first_stand"", ""r2_insert_rod_and_fit_second"", ""r2_fasten_second_stand""], ""head_rotation_deg"": null, ""head_translation_m"": null, ""left_hand_translation_m"": null, ""removed_tool_ids"": [15, 18, 19, 20, 21, 27, 28], ""right_hand_translation_m"": null, ""selected_step"": ""r1_gear_rod"", ""step_attempt"": 8, ""step_elapsed_s"": 3.171242641052231, ""step_event_index"": 14, ""total_hand_translation_m"": null, ""trial_finished_elapsed_s"": null, ""trial_recording"": true, ""trial_required_tool_ids"": [14, 26, 33]}"
2026-09-04T14:07:06.065-04:00,kuber,gesture,tts_queued,lifecycle,r1_gear_rod,Row 1.2: assemble gear rod,ready,8,15,,,,3.215813,,,,,,,,,,,,,,,,Row 3 gear rod,,,replace_hover,,"{""acquired_tool_ids"": [14], ""acquisition_complete"": false, ""completed_steps"": [""r2_bearing_right"", ""r1_bearing_right"", ""r1_bearing_left"", ""r2_gear_rod"", ""r2_bearing_left"", ""r2_fasten_first_stand"", ""r2_insert_rod_and_fit_second"", ""r2_fasten_second_stand""], ""head_rotation_deg"": null, ""head_translation_m"": null, ""left_hand_translation_m"": null, ""removed_tool_ids"": [15, 18, 19, 20, 21, 27, 28], ""right_hand_translation_m"": null, ""selected_step"": ""r1_gear_rod"", ""step_attempt"": 8, ""step_elapsed_s"": 3.2158266890328377, ""step_event_index"": 15, ""total_hand_translation_m"": null, ""trial_finished_elapsed_s"": null, ""trial_recording"": true, ""trial_required_tool_ids"": [14, 26, 33]}"
2026-09-04T14:07:06.135-04:00,kuber,gesture,hover,hover,r1_gear_rod,Row 1.2: assemble gear rod,ready,8,16,17,GEAR_ROD_ROW4,,,,,,,,,,,,,,,,,,,,,,,"{""acquired_tool_ids"": [14], ""acquisition_complete"": false, ""completed_steps"": [""r2_bearing_right"", ""r1_bearing_right"", ""r1_bearing_left"", ""r2_gear_rod"", ""r2_bearing_left"", ""r2_fasten_first_stand"", ""r2_insert_rod_and_fit_second"", ""r2_fasten_second_stand""], ""head_rotation_deg"": null, ""head_translation_m"": null, ""left_hand_translation_m"": null, ""removed_tool_ids"": [15, 18, 19, 20, 21, 27, 28], ""right_hand_translation_m"": null, ""selected_step"": ""r1_gear_rod"", ""step_attempt"": 8, ""step_elapsed_s"": 3.2860264690825716, ""step_event_index"": 16, ""total_hand_translation_m"": null, ""trial_finished_elapsed_s"": null, ""trial_recording"": true, ""trial_required_tool_ids"": [14, 26, 33]}"
2026-09-04T14:07:06.159-04:00,kuber,gesture,tts_queued,lifecycle,r1_gear_rod,Row 1.2: assemble gear rod,ready,8,17,,,,3.310037,,,,,,,,,,,,,,,,Row 4 gear rod,,,replace_hover,,"{""acquired_tool_ids"": [14], ""acquisition_complete"": false, ""completed_steps"": [""r2_bearing_right"", ""r1_bearing_right"", ""r1_bearing_left"", ""r2_gear_rod"", ""r2_bearing_left"", ""r2_fasten_first_stand"", ""r2_insert_rod_and_fit_second"", ""r2_fasten_second_stand""], ""head_rotation_deg"": null, ""head_translation_m"": null, ""left_hand_translation_m"": null, ""removed_tool_ids"": [15, 18, 19, 20, 21, 27, 28], ""right_hand_translation_m"": null, ""selected_step"": ""r1_gear_rod"", ""step_attempt"": 8, ""step_elapsed_s"": 3.3100436890963465, ""step_event_index"": 17, ""total_hand_translation_m"": null, ""trial_finished_elapsed_s"": null, ""trial_recording"": true, ""trial_required_tool_ids"": [14, 26, 33]}"
2026-09-04T14:07:06.216-04:00,kuber,gesture,tts_finished,lifecycle,r1_gear_rod,Row 1.2: assemble gear rod,ready,8,18,,,,3.366732,,,,,,,,,,,,,,,,2 parts left.,,,,,"{""acquired_tool_ids"": [14], ""acquisition_complete"": false, ""completed_steps"": [""r2_bearing_right"", ""r1_bearing_right"", ""r1_bearing_left"", ""r2_gear_rod"", ""r2_bearing_left"", ""r2_fasten_first_stand"", ""r2_insert_rod_and_fit_second"", ""r2_fasten_second_stand""], ""head_rotation_deg"": null, ""head_translation_m"": null, ""left_hand_translation_m"": null, ""removed_tool_ids"": [15, 18, 19, 20, 21, 27, 28], ""right_hand_translation_m"": null, ""selected_step"": ""r1_gear_rod"", ""step_attempt"": 8, ""step_elapsed_s"": 3.3667441200232133, ""step_event_index"": 18, ""total_hand_translation_m"": null, ""trial_finished_elapsed_s"": null, ""trial_recording"": true, ""trial_required_tool_ids"": [14, 26, 33]}"
2026-09-04T14:07:06.256-04:00,kuber,gesture,tts_started,lifecycle,r1_gear_rod,Row 1.2: assemble gear rod,ready,8,19,,,,3.407061,,,,,,,,,,,,,,,,Row 3 gear rod,,,,,"{""acquired_tool_ids"": [14], ""acquisition_complete"": false, ""completed_steps"": [""r2_bearing_right"", ""r1_bearing_right"", ""r1_bearing_left"", ""r2_gear_rod"", ""r2_bearing_left"", ""r2_fasten_first_stand"", ""r2_insert_rod_and_fit_second"", ""r2_fasten_second_stand""], ""head_rotation_deg"": null, ""head_translation_m"": null, ""left_hand_translation_m"": null, ""removed_tool_ids"": [15, 18, 19, 20, 21, 27, 28], ""right_hand_translation_m"": null, ""selected_step"": ""r1_gear_rod"", ""step_attempt"": 8, ""step_elapsed_s"": 3.4070739710005, ""step_event_index"": 19, ""total_hand_translation_m"": null, ""trial_finished_elapsed_s"": null, ""trial_recording"": true, ""trial_required_tool_ids"": [14, 26, 33]}"
2026-09-04T14:07:06.304-04:00,kuber,gesture,tts_finished,lifecycle,r1_gear_rod,Row 1.2: assemble gear rod,ready,8,20,,,,3.455648,,,,,,,,,,,,,,,,Row 3 gear rod,,,,,"{""acquired_tool_ids"": [14], ""acquisition_complete"": false, ""completed_steps"": [""r2_bearing_right"", ""r1_bearing_right"", ""r1_bearing_left"", ""r2_gear_rod"", ""r2_bearing_left"", ""r2_fasten_first_stand"", ""r2_insert_rod_and_fit_second"", ""r2_fasten_second_stand""], ""head_rotation_deg"": null, ""head_translation_m"": null, ""left_hand_translation_m"": null, ""removed_tool_ids"": [15, 18, 19, 20, 21, 27, 28], ""right_hand_translation_m"": null, ""selected_step"": ""r1_gear_rod"", ""step_attempt"": 8, ""step_elapsed_s"": 3.4556609900901094, ""step_event_index"": 20, ""total_hand_translation_m"": null, ""trial_finished_elapsed_s"": null, ""trial_recording"": true, ""trial_required_tool_ids"": [14, 26, 33]}"
2026-09-04T14:07:06.354-04:00,kuber,gesture,tts_started,lifecycle,r1_gear_rod,Row 1.2: assemble gear rod,ready,8,21,,,,3.504839,,,,,,,,,,,,,,,,Row 4 gear rod,,,,,"{""acquired_tool_ids"": [14], ""acquisition_complete"": false, ""completed_steps"": [""r2_bearing_right"", ""r1_bearing_right"", ""r1_bearing_left"", ""r2_gear_rod"", ""r2_bearing_left"", ""r2_fasten_first_stand"", ""r2_insert_rod_and_fit_second"", ""r2_fasten_second_stand""], ""head_rotation_deg"": null, ""head_translation_m"": null, ""left_hand_translation_m"": null, ""removed_tool_ids"": [15, 18, 19, 20, 21, 27, 28], ""right_hand_translation_m"": null, ""selected_step"": ""r1_gear_rod"", ""step_attempt"": 8, ""step_elapsed_s"": 3.5048509651096538, ""step_event_index"": 21, ""total_hand_translation_m"": null, ""trial_finished_elapsed_s"": null, ""trial_recording"": true, ""trial_required_tool_ids"": [14, 26, 33]}"
2026-09-04T14:07:06.405-04:00,kuber,gesture,hover,hover,r1_gear_rod,Row 1.2: assemble gear rod,ready,8,22,29,GEAR_ROW3_LEFT,,,,,,,,,,,,,,,,,,,,,,,"{""acquired_tool_ids"": [14], ""acquisition_complete"": false, ""completed_steps"": [""r2_bearing_right"", ""r1_bearing_right"", ""r1_bearing_left"", ""r2_gear_rod"", ""r2_bearing_left"", ""r2_fasten_first_stand"", ""r2_insert_rod_and_fit_second"", ""r2_fasten_second_stand""], ""head_rotation_deg"": null, ""head_translation_m"": null, ""left_hand_translation_m"": null, ""removed_tool_ids"": [15, 18, 19, 20, 21, 27, 28], ""right_hand_translation_m"": null, ""selected_step"": ""r1_gear_rod"", ""step_attempt"": 8, ""step_elapsed_s"": 3.555991718079895, ""step_event_index"": 22, ""total_hand_translation_m"": null, ""trial_finished_elapsed_s"": null, ""trial_recording"": true, ""trial_required_tool_ids"": [14, 26, 33]}"
2026-09-04T14:07:06.443-04:00,kuber,gesture,tts_queued,lifecycle,r1_gear_rod,Row 1.2: assemble gear rod,ready,8,23,,,,3.594306,,,,,,,,,,,,,,,,Row 3 left gear,,,replace_hover,,"{""acquired_tool_ids"": [14], ""acquisition_complete"": false, ""completed_steps"": [""r2_bearing_right"", ""r1_bearing_right"", ""r1_bearing_left"", ""r2_gear_rod"", ""r2_bearing_left"", ""r2_fasten_first_stand"", ""r2_insert_rod_and_fit_second"", ""r2_fasten_second_stand""], ""head_rotation_deg"": null, ""head_translation_m"": null, ""left_hand_translation_m"": null, ""removed_tool_ids"": [15, 18, 19, 20, 21, 27, 28], ""right_hand_translation_m"": null, ""selected_step"": ""r1_gear_rod"", ""step_attempt"": 8, ""step_elapsed_s"": 3.5943203690694645, ""step_event_index"": 23, ""total_hand_translation_m"": null, ""trial_finished_elapsed_s"": null, ""trial_recording"": true, ""trial_required_tool_ids"": [14, 26, 33]}"
2026-09-04T14:07:06.519-04:00,kuber,gesture,hover,hover,r1_gear_rod,Row 1.2: assemble gear rod,ready,8,24,30,GEAR_ROW3_RIGHT,,,,,,,,,,,,,,,,,,,,,,,"{""acquired_tool_ids"": [14], ""acquisition_complete"": false, ""completed_steps"": [""r2_bearing_right"", ""r1_bearing_right"", ""r1_bearing_left"", ""r2_gear_rod"", ""r2_bearing_left"", ""r2_fasten_first_stand"", ""r2_insert_rod_and_fit_second"", ""r2_fasten_second_stand""], ""head_rotation_deg"": null, ""head_translation_m"": null, ""left_hand_translation_m"": null, ""removed_tool_ids"": [15, 18, 19, 20, 21, 27, 28], ""right_hand_translation_m"": null, ""selected_step"": ""r1_gear_rod"", ""step_attempt"": 8, ""step_elapsed_s"": 3.67013564100489, ""step_event_index"": 24, ""total_hand_translation_m"": null, ""trial_finished_elapsed_s"": null, ""trial_recording"": true, ""trial_required_tool_ids"": [14, 26, 33]}"
2026-09-04T14:07:06.544-04:00,kuber,gesture,tts_queued,lifecycle,r1_gear_rod,Row 1.2: assemble gear rod,ready,8,25,,,,3.695013,,,,,,,,,,,,,,,,Row 3 right gear,,,replace_hover,,"{""acquired_tool_ids"": [14], ""acquisition_complete"": false, ""completed_steps"": [""r2_bearing_right"", ""r1_bearing_right"", ""r1_bearing_left"", ""r2_gear_rod"", ""r2_bearing_left"", ""r2_fasten_first_stand"", ""r2_insert_rod_and_fit_second"", ""r2_fasten_second_stand""], ""head_rotation_deg"": null, ""head_translation_m"": null, ""left_hand_translation_m"": null, ""removed_tool_ids"": [15, 18, 19, 20, 21, 27, 28], ""right_hand_translation_m"": null, ""selected_step"": ""r1_gear_rod"", ""step_attempt"": 8, ""step_elapsed_s"": 3.69502608908806, ""step_event_index"": 25, ""total_hand_translation_m"": null, ""trial_finished_elapsed_s"": null, ""trial_recording"": true, ""trial_required_tool_ids"": [14, 26, 33]}"
2026-09-04T14:07:06.608-04:00,kuber,gesture,tts_finished,lifecycle,r1_gear_rod,Row 1.2: assemble gear rod,ready,8,26,,,,3.759007,,,,,,,,,,,,,,,,Row 4 gear rod,,,,,"{""acquired_tool_ids"": [14], ""acquisition_complete"": false, ""completed_steps"": [""r2_bearing_right"", ""r1_bearing_right"", ""r1_bearing_left"", ""r2_gear_rod"", ""r2_bearing_left"", ""r2_fasten_first_stand"", ""r2_insert_rod_and_fit_second"", ""r2_fasten_second_stand""], ""head_rotation_deg"": null, ""head_translation_m"": null, ""left_hand_translation_m"": null, ""removed_tool_ids"": [15, 18, 19, 20, 21, 27, 28], ""right_hand_translation_m"": null, ""selected_step"": ""r1_gear_rod"", ""step_attempt"": 8, ""step_elapsed_s"": 3.759021272067912, ""step_event_index"": 26, ""total_hand_translation_m"": null, ""trial_finished_elapsed_s"": null, ""trial_recording"": true, ""trial_required_tool_ids"": [14, 26, 33]}"
2026-09-04T14:07:06.686-04:00,kuber,gesture,tts_started,lifecycle,r1_gear_rod,Row 1.2: assemble gear rod,ready,8,27,,,,3.837227,,,,,,,,,,,,,,,,Row 3 left gear,,,,,"{""acquired_tool_ids"": [14], ""acquisition_complete"": false, ""completed_steps"": [""r2_bearing_right"", ""r1_bearing_right"", ""r1_bearing_left"", ""r2_gear_rod"", ""r2_bearing_left"", ""r2_fasten_first_stand"", ""r2_insert_rod_and_fit_second"", ""r2_fasten_second_stand""], ""head_rotation_deg"": null, ""head_translation_m"": null, ""left_hand_translation_m"": null, ""removed_tool_ids"": [15, 18, 19, 20, 21, 27, 28], ""right_hand_translation_m"": null, ""selected_step"": ""r1_gear_rod"", ""step_attempt"": 8, ""step_elapsed_s"": 3.8372369770659134, ""step_event_index"": 27, ""total_hand_translation_m"": null, ""trial_finished_elapsed_s"": null, ""trial_recording"": true, ""trial_required_tool_ids"": [14, 26, 33]}"
2026-09-04T14:07:06.726-04:00,kuber,gesture,tts_finished,lifecycle,r1_gear_rod,Row 1.2: assemble gear rod,ready,8,28,,,,3.877245,,,,,,,,,,,,,,,,Row 3 left gear,,,,,"{""acquired_tool_ids"": [14], ""acquisition_complete"": false, ""completed_steps"": [""r2_bearing_right"", ""r1_bearing_right"", ""r1_bearing_left"", ""r2_gear_rod"", ""r2_bearing_left"", ""r2_fasten_first_stand"", ""r2_insert_rod_and_fit_second"", ""r2_fasten_second_stand""], ""head_rotation_deg"": null, ""head_translation_m"": null, ""left_hand_translation_m"": null, ""removed_tool_ids"": [15, 18, 19, 20, 21, 27, 28], ""right_hand_translation_m"": null, ""selected_step"": ""r1_gear_rod"", ""step_attempt"": 8, ""step_elapsed_s"": 3.8772555510513484, ""step_event_index"": 28, ""total_hand_translation_m"": null, ""trial_finished_elapsed_s"": null, ""trial_recording"": true, ""trial_required_tool_ids"": [14, 26, 33]}"
2026-09-04T14:07:06.766-04:00,kuber,gesture,tts_started,lifecycle,r1_gear_rod,Row 1.2: assemble gear rod,ready,8,29,,,,3.917619,,,,,,,,,,,,,,,,Row 3 right gear,,,,,"{""acquired_tool_ids"": [14], ""acquisition_complete"": false, ""completed_steps"": [""r2_bearing_right"", ""r1_bearing_right"", ""r1_bearing_left"", ""r2_gear_rod"", ""r2_bearing_left"", ""r2_fasten_first_stand"", ""r2_insert_rod_and_fit_second"", ""r2_fasten_second_stand""], ""head_rotation_deg"": null, ""head_translation_m"": null, ""left_hand_translation_m"": null, ""removed_tool_ids"": [15, 18, 19, 20, 21, 27, 28], ""right_hand_translation_m"": null, ""selected_step"": ""r1_gear_rod"", ""step_attempt"": 8, ""step_elapsed_s"": 3.917626231093891, ""step_event_index"": 29, ""total_hand_translation_m"": null, ""trial_finished_elapsed_s"": null, ""trial_recording"": true, ""trial_required_tool_ids"": [14, 26, 33]}"
2026-09-04T14:07:06.826-04:00,kuber,gesture,hover,hover,r1_gear_rod,Row 1.2: assemble gear rod,ready,8,30,31,GEAR_ROW4_LEFT,,,,,,,,,,,,,,,,,,,,,,,"{""acquired_tool_ids"": [14], ""acquisition_complete"": false, ""completed_steps"": [""r2_bearing_right"", ""r1_bearing_right"", ""r1_bearing_left"", ""r2_gear_rod"", ""r2_bearing_left"", ""r2_fasten_first_stand"", ""r2_insert_rod_and_fit_second"", ""r2_fasten_second_stand""], ""head_rotation_deg"": null, ""head_translation_m"": null, ""left_hand_translation_m"": null, ""removed_tool_ids"": [15, 18, 19, 20, 21, 27, 28], ""right_hand_translation_m"": null, ""selected_step"": ""r1_gear_rod"", ""step_attempt"": 8, ""step_elapsed_s"": 3.9769254240673035, ""step_event_index"": 30, ""total_hand_translation_m"": null, ""trial_finished_elapsed_s"": null, ""trial_recording"": true, ""trial_required_tool_ids"": [14, 26, 33]}"
2026-09-04T14:07:06.882-04:00,kuber,gesture,tts_queued,lifecycle,r1_gear_rod,Row 1.2: assemble gear rod,ready,8,31,,,,4.032917,,,,,,,,,,,,,,,,Row 4 left gear,,,replace_hover,,"{""acquired_tool_ids"": [14], ""acquisition_complete"": false, ""completed_steps"": [""r2_bearing_right"", ""r1_bearing_right"", ""r1_bearing_left"", ""r2_gear_rod"", ""r2_bearing_left"", ""r2_fasten_first_stand"", ""r2_insert_rod_and_fit_second"", ""r2_fasten_second_stand""], ""head_rotation_deg"": null, ""head_translation_m"": null, ""left_hand_translation_m"": null, ""removed_tool_ids"": [15, 18, 19, 20, 21, 27, 28], ""right_hand_translation_m"": null, ""selected_step"": ""r1_gear_rod"", ""step_attempt"": 8, ""step_elapsed_s"": 4.032931125024334, ""step_event_index"": 31, ""total_hand_translation_m"": null, ""trial_finished_elapsed_s"": null, ""trial_recording"": true, ""trial_required_tool_ids"": [14, 26, 33]}"
2026-09-04T14:07:06.965-04:00,kuber,gesture,hover,hover,r1_gear_rod,Row 1.2: assemble gear rod,ready,8,32,26,GEAR_ROW1_LEFT,,,,,,,,,,,,,,,,,,,,,,,"{""acquired_tool_ids"": [14], ""acquisition_complete"": false, ""completed_steps"": [""r2_bearing_right"", ""r1_bearing_right"", ""r1_bearing_left"", ""r2_gear_rod"", ""r2_bearing_left"", ""r2_fasten_first_stand"", ""r2_insert_rod_and_fit_second"", ""r2_fasten_second_stand""], ""head_rotation_deg"": null, ""head_translation_m"": null, ""left_hand_translation_m"": null, ""removed_tool_ids"": [15, 18, 19, 20, 21, 27, 28], ""right_hand_translation_m"": null, ""selected_step"": ""r1_gear_rod"", ""step_attempt"": 8, ""step_elapsed_s"": 4.11617021006532, ""step_event_index"": 32, ""total_hand_translation_m"": null, ""trial_finished_elapsed_s"": null, ""trial_recording"": true, ""trial_required_tool_ids"": [14, 26, 33]}"
2026-09-04T14:07:07.008-04:00,kuber,gesture,tts_queued,lifecycle,r1_gear_rod,Row 1.2: assemble gear rod,ready,8,33,,,,4.158933,,,,,,,,,,,,,,,,Row 1 left gear,,,replace_hover,,"{""acquired_tool_ids"": [14], ""acquisition_complete"": false, ""completed_steps"": [""r2_bearing_right"", ""r1_bearing_right"", ""r1_bearing_left"", ""r2_gear_rod"", ""r2_bearing_left"", ""r2_fasten_first_stand"", ""r2_insert_rod_and_fit_second"", ""r2_fasten_second_stand""], ""head_rotation_deg"": null, ""head_translation_m"": null, ""left_hand_translation_m"": null, ""removed_tool_ids"": [15, 18, 19, 20, 21, 27, 28], ""right_hand_translation_m"": null, ""selected_step"": ""r1_gear_rod"", ""step_attempt"": 8, ""step_elapsed_s"": 4.158946871059015, ""step_event_index"": 33, ""total_hand_translation_m"": null, ""trial_finished_elapsed_s"": null, ""trial_recording"": true, ""trial_required_tool_ids"": [14, 26, 33]}"
2026-09-04T14:07:07.091-04:00,kuber,gesture,tts_finished,lifecycle,r1_gear_rod,Row 1.2: assemble gear rod,ready,8,34,,,,4.242232,,,,,,,,,,,,,,,,Row 3 right gear,,,,,"{""acquired_tool_ids"": [14], ""acquisition_complete"": false, ""completed_steps"": [""r2_bearing_right"", ""r1_bearing_right"", ""r1_bearing_left"", ""r2_gear_rod"", ""r2_bearing_left"", ""r2_fasten_first_stand"", ""r2_insert_rod_and_fit_second"", ""r2_fasten_second_stand""], ""head_rotation_deg"": null, ""head_translation_m"": null, ""left_hand_translation_m"": null, ""removed_tool_ids"": [15, 18, 19, 20, 21, 27, 28], ""right_hand_translation_m"": null, ""selected_step"": ""r1_gear_rod"", ""step_attempt"": 8, ""step_elapsed_s"": 4.242242567008361, ""step_event_index"": 34, ""total_hand_translation_m"": null, ""trial_finished_elapsed_s"": null, ""trial_recording"": true, ""trial_required_tool_ids"": [14, 26, 33]}"
2026-09-04T14:07:07.134-04:00,kuber,gesture,tts_started,lifecycle,r1_gear_rod,Row 1.2: assemble gear rod,ready,8,35,,,,4.285158,,,,,,,,,,,,,,,,Row 4 left gear,,,,,"{""acquired_tool_ids"": [14], ""acquisition_complete"": false, ""completed_steps"": [""r2_bearing_right"", ""r1_bearing_right"", ""r1_bearing_left"", ""r2_gear_rod"", ""r2_bearing_left"", ""r2_fasten_first_stand"", ""r2_insert_rod_and_fit_second"", ""r2_fasten_second_stand""], ""head_rotation_deg"": null, ""head_translation_m"": null, ""left_hand_translation_m"": null, ""removed_tool_ids"": [15, 18, 19, 20, 21, 27, 28], ""right_hand_translation_m"": null, ""selected_step"": ""r1_gear_rod"", ""step_attempt"": 8, ""step_elapsed_s"": 4.285168425063603, ""step_event_index"": 35, ""total_hand_translation_m"": null, ""trial_finished_elapsed_s"": null, ""trial_recording"": true, ""trial_required_tool_ids"": [14, 26, 33]}"
2026-09-04T14:07:07.215-04:00,kuber,gesture,tts_finished,lifecycle,r1_gear_rod,Row 1.2: assemble gear rod,ready,8,36,,,,4.366192,,,,,,,,,,,,,,,,Row 4 left gear,,,,,"{""acquired_tool_ids"": [14], ""acquisition_complete"": false, ""completed_steps"": [""r2_bearing_right"", ""r1_bearing_right"", ""r1_bearing_left"", ""r2_gear_rod"", ""r2_bearing_left"", ""r2_fasten_first_stand"", ""r2_insert_rod_and_fit_second"", ""r2_fasten_second_stand""], ""head_rotation_deg"": null, ""head_translation_m"": null, ""left_hand_translation_m"": null, ""removed_tool_ids"": [15, 18, 19, 20, 21, 27, 28], ""right_hand_translation_m"": null, ""selected_step"": ""r1_gear_rod"", ""step_attempt"": 8, ""step_elapsed_s"": 4.366205115104094, ""step_event_index"": 36, ""total_hand_translation_m"": null, ""trial_finished_elapsed_s"": null, ""trial_recording"": true, ""trial_required_tool_ids"": [14, 26, 33]}"
2026-09-04T14:07:07.248-04:00,kuber,gesture,tts_started,lifecycle,r1_gear_rod,Row 1.2: assemble gear rod,ready,8,37,,,,4.398961,,,,,,,,,,,,,,,,Row 1 left gear,,,,,"{""acquired_tool_ids"": [14], ""acquisition_complete"": false, ""completed_steps"": [""r2_bearing_right"", ""r1_bearing_right"", ""r1_bearing_left"", ""r2_gear_rod"", ""r2_bearing_left"", ""r2_fasten_first_stand"", ""r2_insert_rod_and_fit_second"", ""r2_fasten_second_stand""], ""head_rotation_deg"": null, ""head_translation_m"": null, ""left_hand_translation_m"": null, ""removed_tool_ids"": [15, 18, 19, 20, 21, 27, 28], ""right_hand_translation_m"": null, ""selected_step"": ""r1_gear_rod"", ""step_attempt"": 8, ""step_elapsed_s"": 4.39896832103841, ""step_event_index"": 37, ""total_hand_translation_m"": null, ""trial_finished_elapsed_s"": null, ""trial_recording"": true, ""trial_required_tool_ids"": [14, 26, 33]}"
2026-09-04T14:07:07.922-04:00,kuber,gesture,hover,hover,r1_gear_rod,Row 1.2: assemble gear rod,ready,8,38,26,GEAR_ROW1_LEFT,,,,,,,,,,,,,,,,,,,,,,,"{""acquired_tool_ids"": [14], ""acquisition_complete"": false, ""completed_steps"": [""r2_bearing_right"", ""r1_bearing_right"", ""r1_bearing_left"", ""r2_gear_rod"", ""r2_bearing_left"", ""r2_fasten_first_stand"", ""r2_insert_rod_and_fit_second"", ""r2_fasten_second_stand""], ""head_rotation_deg"": null, ""head_translation_m"": null, ""left_hand_translation_m"": null, ""removed_tool_ids"": [15, 18, 19, 20, 21, 27, 28], ""right_hand_translation_m"": null, ""selected_step"": ""r1_gear_rod"", ""step_attempt"": 8, ""step_elapsed_s"": 5.073490640032105, ""step_event_index"": 38, ""total_hand_translation_m"": null, ""trial_finished_elapsed_s"": null, ""trial_recording"": true, ""trial_required_tool_ids"": [14, 26, 33]}"
2026-09-04T14:07:07.959-04:00,kuber,gesture,tts_queued,lifecycle,r1_gear_rod,Row 1.2: assemble gear rod,ready,8,39,,,,5.110705,,,,,,,,,,,,,,,,Row 1 left gear,,,replace_hover,,"{""acquired_tool_ids"": [14], ""acquisition_complete"": false, ""completed_steps"": [""r2_bearing_right"", ""r1_bearing_right"", ""r1_bearing_left"", ""r2_gear_rod"", ""r2_bearing_left"", ""r2_fasten_first_stand"", ""r2_insert_rod_and_fit_second"", ""r2_fasten_second_stand""], ""head_rotation_deg"": null, ""head_translation_m"": null, ""left_hand_translation_m"": null, ""removed_tool_ids"": [15, 18, 19, 20, 21, 27, 28], ""right_hand_translation_m"": null, ""selected_step"": ""r1_gear_rod"", ""step_attempt"": 8, ""step_elapsed_s"": 5.11071537504904, ""step_event_index"": 39, ""total_hand_translation_m"": null, ""trial_finished_elapsed_s"": null, ""trial_recording"": true, ""trial_required_tool_ids"": [14, 26, 33]}"
2026-09-04T14:07:08.018-04:00,kuber,gesture,tts_finished,lifecycle,r1_gear_rod,Row 1.2: assemble gear rod,ready,8,40,,,,5.168994,,,,,,,,,,,,,,,,Row 1 left gear,,,,,"{""acquired_tool_ids"": [14], ""acquisition_complete"": false, ""completed_steps"": [""r2_bearing_right"", ""r1_bearing_right"", ""r1_bearing_left"", ""r2_gear_rod"", ""r2_bearing_left"", ""r2_fasten_first_stand"", ""r2_insert_rod_and_fit_second"", ""r2_fasten_second_stand""], ""head_rotation_deg"": null, ""head_translation_m"": null, ""left_hand_translation_m"": null, ""removed_tool_ids"": [15, 18, 19, 20, 21, 27, 28], ""right_hand_translation_m"": null, ""selected_step"": ""r1_gear_rod"", ""step_attempt"": 8, ""step_elapsed_s"": 5.169005071045831, ""step_event_index"": 40, ""total_hand_translation_m"": null, ""trial_finished_elapsed_s"": null, ""trial_recording"": true, ""trial_required_tool_ids"": [14, 26, 33]}"
2026-09-04T14:07:08.053-04:00,kuber,gesture,tts_started,lifecycle,r1_gear_rod,Row 1.2: assemble gear rod,ready,8,41,,,,5.203800,,,,,,,,,,,,,,,,Row 1 left gear,,,,,"{""acquired_tool_ids"": [14], ""acquisition_complete"": false, ""completed_steps"": [""r2_bearing_right"", ""r1_bearing_right"", ""r1_bearing_left"", ""r2_gear_rod"", ""r2_bearing_left"", ""r2_fasten_first_stand"", ""r2_insert_rod_and_fit_second"", ""r2_fasten_second_stand""], ""head_rotation_deg"": null, ""head_translation_m"": null, ""left_hand_translation_m"": null, ""removed_tool_ids"": [15, 18, 19, 20, 21, 27, 28], ""right_hand_translation_m"": null, ""selected_step"": ""r1_gear_rod"", ""step_attempt"": 8, ""step_elapsed_s"": 5.203815572080202, ""step_event_index"": 41, ""total_hand_translation_m"": null, ""trial_finished_elapsed_s"": null, ""trial_recording"": true, ""trial_required_tool_ids"": [14, 26, 33]}"
2026-09-04T14:07:08.542-04:00,kuber,gesture,part_selection,click,r1_gear_rod,Row 1.2: assemble gear rod,ready,8,42,26,GEAR_ROW1_LEFT,3.008743,5.693209,,,,,,,,,,,,,,,1,,,,,,"{""acquired_tool_ids"": [14, 26], ""acquisition_complete"": false, ""completed_steps"": [""r2_bearing_right"", ""r1_bearing_right"", ""r1_bearing_left"", ""r2_gear_rod"", ""r2_bearing_left"", ""r2_fasten_first_stand"", ""r2_insert_rod_and_fit_second"", ""r2_fasten_second_stand""], ""head_rotation_deg"": null, ""head_translation_m"": null, ""left_hand_translation_m"": null, ""removed_tool_ids"": [15, 18, 19, 20, 21, 27, 28], ""right_hand_translation_m"": null, ""selected_step"": ""r1_gear_rod"", ""step_attempt"": 8, ""step_elapsed_s"": 5.693248890107498, ""step_event_index"": 42, ""total_hand_translation_m"": null, ""trial_finished_elapsed_s"": null, ""trial_recording"": true, ""trial_required_tool_ids"": [14, 26, 33]}"
2026-09-04T14:07:08.618-04:00,kuber,gesture,object_acquired,click,r1_gear_rod,Row 1.2: assemble gear rod,ready,8,43,26,GEAR_ROW1_LEFT,3.008743,5.693209,,,,,,,,,,,,,,,1,,,,,,"{""acquired_tool_ids"": [14, 26], ""acquisition_complete"": false, ""completed_steps"": [""r2_bearing_right"", ""r1_bearing_right"", ""r1_bearing_left"", ""r2_gear_rod"", ""r2_bearing_left"", ""r2_fasten_first_stand"", ""r2_insert_rod_and_fit_second"", ""r2_fasten_second_stand""], ""head_rotation_deg"": null, ""head_translation_m"": null, ""left_hand_translation_m"": null, ""removed_tool_ids"": [15, 18, 19, 20, 21, 27, 28], ""right_hand_translation_m"": null, ""selected_step"": ""r1_gear_rod"", ""step_attempt"": 8, ""step_elapsed_s"": 5.7695122139994055, ""step_event_index"": 43, ""total_hand_translation_m"": null, ""trial_finished_elapsed_s"": null, ""trial_recording"": true, ""trial_required_tool_ids"": [14, 26, 33]}"
2026-09-04T14:07:08.674-04:00,kuber,gesture,tts_queued,lifecycle,r1_gear_rod,Row 1.2: assemble gear rod,ready,8,44,,,,5.825293,,,,,,,,,,,,,,,,1 part left.,,,replace,,"{""acquired_tool_ids"": [14, 26], ""acquisition_complete"": false, ""completed_steps"": [""r2_bearing_right"", ""r1_bearing_right"", ""r1_bearing_left"", ""r2_gear_rod"", ""r2_bearing_left"", ""r2_fasten_first_stand"", ""r2_insert_rod_and_fit_second"", ""r2_fasten_second_stand""], ""head_rotation_deg"": null, ""head_translation_m"": null, ""left_hand_translation_m"": null, ""removed_tool_ids"": [15, 18, 19, 20, 21, 27, 28], ""right_hand_translation_m"": null, ""selected_step"": ""r1_gear_rod"", ""step_attempt"": 8, ""step_elapsed_s"": 5.825315530062653, ""step_event_index"": 44, ""total_hand_translation_m"": null, ""trial_finished_elapsed_s"": null, ""trial_recording"": true, ""trial_required_tool_ids"": [14, 26, 33]}"
2026-09-04T14:07:08.725-04:00,kuber,gesture,tts_finished,lifecycle,r1_gear_rod,Row 1.2: assemble gear rod,ready,8,45,,,,5.875929,,,,,,,,,,,,,,,,Row 1 left gear,,,,,"{""acquired_tool_ids"": [14, 26], ""acquisition_complete"": false, ""completed_steps"": [""r2_bearing_right"", ""r1_bearing_right"", ""r1_bearing_left"", ""r2_gear_rod"", ""r2_bearing_left"", ""r2_fasten_first_stand"", ""r2_insert_rod_and_fit_second"", ""r2_fasten_second_stand""], ""head_rotation_deg"": null, ""head_translation_m"": null, ""left_hand_translation_m"": null, ""removed_tool_ids"": [15, 18, 19, 20, 21, 27, 28], ""right_hand_translation_m"": null, ""selected_step"": ""r1_gear_rod"", ""step_attempt"": 8, ""step_elapsed_s"": 5.8759539920138195, ""step_event_index"": 45, ""total_hand_translation_m"": null, ""trial_finished_elapsed_s"": null, ""trial_recording"": true, ""trial_required_tool_ids"": [14, 26, 33]}"
2026-09-04T14:07:08.766-04:00,kuber,gesture,tts_started,lifecycle,r1_gear_rod,Row 1.2: assemble gear rod,ready,8,46,,,,5.916835,,,,,,,,,,,,,,,,1 part left.,,,,,"{""acquired_tool_ids"": [14, 26], ""acquisition_complete"": false, ""completed_steps"": [""r2_bearing_right"", ""r1_bearing_right"", ""r1_bearing_left"", ""r2_gear_rod"", ""r2_bearing_left"", ""r2_fasten_first_stand"", ""r2_insert_rod_and_fit_second"", ""r2_fasten_second_stand""], ""head_rotation_deg"": null, ""head_translation_m"": null, ""left_hand_translation_m"": null, ""removed_tool_ids"": [15, 18, 19, 20, 21, 27, 28], ""right_hand_translation_m"": null, ""selected_step"": ""r1_gear_rod"", ""step_attempt"": 8, ""step_elapsed_s"": 5.916846340056509, ""step_event_index"": 46, ""total_hand_translation_m"": null, ""trial_finished_elapsed_s"": null, ""trial_recording"": true, ""trial_required_tool_ids"": [14, 26, 33]}"
2026-09-04T14:07:09.602-04:00,kuber,gesture,hover,hover,r1_gear_rod,Row 1.2: assemble gear rod,ready,8,47,31,GEAR_ROW4_LEFT,,,,,,,,,,,,,,,,,,,,,,,"{""acquired_tool_ids"": [14, 26], ""acquisition_complete"": false, ""completed_steps"": [""r2_bearing_right"", ""r1_bearing_right"", ""r1_bearing_left"", ""r2_gear_rod"", ""r2_bearing_left"", ""r2_fasten_first_stand"", ""r2_insert_rod_and_fit_second"", ""r2_fasten_second_stand""], ""head_rotation_deg"": null, ""head_translation_m"": null, ""left_hand_translation_m"": null, ""removed_tool_ids"": [15, 18, 19, 20, 21, 27, 28], ""right_hand_translation_m"": null, ""selected_step"": ""r1_gear_rod"", ""step_attempt"": 8, ""step_elapsed_s"": 6.753166706068441, ""step_event_index"": 47, ""total_hand_translation_m"": null, ""trial_finished_elapsed_s"": null, ""trial_recording"": true, ""trial_required_tool_ids"": [14, 26, 33]}"
2026-09-04T14:07:09.653-04:00,kuber,gesture,tts_queued,lifecycle,r1_gear_rod,Row 1.2: assemble gear rod,ready,8,48,,,,6.804310,,,,,,,,,,,,,,,,Row 4 left gear,,,replace_hover,,"{""acquired_tool_ids"": [14, 26], ""acquisition_complete"": false, ""completed_steps"": [""r2_bearing_right"", ""r1_bearing_right"", ""r1_bearing_left"", ""r2_gear_rod"", ""r2_bearing_left"", ""r2_fasten_first_stand"", ""r2_insert_rod_and_fit_second"", ""r2_fasten_second_stand""], ""head_rotation_deg"": null, ""head_translation_m"": null, ""left_hand_translation_m"": null, ""removed_tool_ids"": [15, 18, 19, 20, 21, 27, 28], ""right_hand_translation_m"": null, ""selected_step"": ""r1_gear_rod"", ""step_attempt"": 8, ""step_elapsed_s"": 6.804321907111444, ""step_event_index"": 48, ""total_hand_translation_m"": null, ""trial_finished_elapsed_s"": null, ""trial_recording"": true, ""trial_required_tool_ids"": [14, 26, 33]}"
2026-09-04T14:07:09.724-04:00,kuber,gesture,tts_finished,lifecycle,r1_gear_rod,Row 1.2: assemble gear rod,ready,8,49,,,,6.875547,,,,,,,,,,,,,,,,1 part left.,,,,,"{""acquired_tool_ids"": [14, 26], ""acquisition_complete"": false, ""completed_steps"": [""r2_bearing_right"", ""r1_bearing_right"", ""r1_bearing_left"", ""r2_gear_rod"", ""r2_bearing_left"", ""r2_fasten_first_stand"", ""r2_insert_rod_and_fit_second"", ""r2_fasten_second_stand""], ""head_rotation_deg"": null, ""head_translation_m"": null, ""left_hand_translation_m"": null, ""removed_tool_ids"": [15, 18, 19, 20, 21, 27, 28], ""right_hand_translation_m"": null, ""selected_step"": ""r1_gear_rod"", ""step_attempt"": 8, ""step_elapsed_s"": 6.875560885062441, ""step_event_index"": 49, ""total_hand_translation_m"": null, ""trial_finished_elapsed_s"": null, ""trial_recording"": true, ""trial_required_tool_ids"": [14, 26, 33]}"
2026-09-04T14:07:09.797-04:00,kuber,gesture,tts_started,lifecycle,r1_gear_rod,Row 1.2: assemble gear rod,ready,8,50,,,,6.947844,,,,,,,,,,,,,,,,Row 4 left gear,,,,,"{""acquired_tool_ids"": [14, 26], ""acquisition_complete"": false, ""completed_steps"": [""r2_bearing_right"", ""r1_bearing_right"", ""r1_bearing_left"", ""r2_gear_rod"", ""r2_bearing_left"", ""r2_fasten_first_stand"", ""r2_insert_rod_and_fit_second"", ""r2_fasten_second_stand""], ""head_rotation_deg"": null, ""head_translation_m"": null, ""left_hand_translation_m"": null, ""removed_tool_ids"": [15, 18, 19, 20, 21, 27, 28], ""right_hand_translation_m"": null, ""selected_step"": ""r1_gear_rod"", ""step_attempt"": 8, ""step_elapsed_s"": 6.947857628110796, ""step_event_index"": 50, ""total_hand_translation_m"": null, ""trial_finished_elapsed_s"": null, ""trial_recording"": true, ""trial_required_tool_ids"": [14, 26, 33]}"
2026-09-04T14:07:10.659-04:00,kuber,gesture,hover,hover,r1_gear_rod,Row 1.2: assemble gear rod,ready,8,51,34,BEARINGS,,,,,,,,,,,,,,,,,,,,,,,"{""acquired_tool_ids"": [14, 26], ""acquisition_complete"": false, ""completed_steps"": [""r2_bearing_right"", ""r1_bearing_right"", ""r1_bearing_left"", ""r2_gear_rod"", ""r2_bearing_left"", ""r2_fasten_first_stand"", ""r2_insert_rod_and_fit_second"", ""r2_fasten_second_stand""], ""head_rotation_deg"": null, ""head_translation_m"": null, ""left_hand_translation_m"": null, ""removed_tool_ids"": [15, 18, 19, 20, 21, 27, 28], ""right_hand_translation_m"": null, ""selected_step"": ""r1_gear_rod"", ""step_attempt"": 8, ""step_elapsed_s"": 7.809921353007667, ""step_event_index"": 51, ""total_hand_translation_m"": null, ""trial_finished_elapsed_s"": null, ""trial_recording"": true, ""trial_required_tool_ids"": [14, 26, 33]}"
2026-09-04T14:07:10.714-04:00,kuber,gesture,tts_queued,lifecycle,r1_gear_rod,Row 1.2: assemble gear rod,ready,8,52,,,,7.865499,,,,,,,,,,,,,,,,bearing,,,replace_hover,,"{""acquired_tool_ids"": [14, 26], ""acquisition_complete"": false, ""completed_steps"": [""r2_bearing_right"", ""r1_bearing_right"", ""r1_bearing_left"", ""r2_gear_rod"", ""r2_bearing_left"", ""r2_fasten_first_stand"", ""r2_insert_rod_and_fit_second"", ""r2_fasten_second_stand""], ""head_rotation_deg"": null, ""head_translation_m"": null, ""left_hand_translation_m"": null, ""removed_tool_ids"": [15, 18, 19, 20, 21, 27, 28], ""right_hand_translation_m"": null, ""selected_step"": ""r1_gear_rod"", ""step_attempt"": 8, ""step_elapsed_s"": 7.865510404109955, ""step_event_index"": 52, ""total_hand_translation_m"": null, ""trial_finished_elapsed_s"": null, ""trial_recording"": true, ""trial_required_tool_ids"": [14, 26, 33]}"
2026-09-04T14:07:10.781-04:00,kuber,gesture,hover,hover,r1_gear_rod,Row 1.2: assemble gear rod,ready,8,53,32,CRANK_HANDLE,,,,,,,,,,,,,,,,,,,,,,,"{""acquired_tool_ids"": [14, 26], ""acquisition_complete"": false, ""completed_steps"": [""r2_bearing_right"", ""r1_bearing_right"", ""r1_bearing_left"", ""r2_gear_rod"", ""r2_bearing_left"", ""r2_fasten_first_stand"", ""r2_insert_rod_and_fit_second"", ""r2_fasten_second_stand""], ""head_rotation_deg"": null, ""head_translation_m"": null, ""left_hand_translation_m"": null, ""removed_tool_ids"": [15, 18, 19, 20, 21, 27, 28], ""right_hand_translation_m"": null, ""selected_step"": ""r1_gear_rod"", ""step_attempt"": 8, ""step_elapsed_s"": 7.9324465590761974, ""step_event_index"": 53, ""total_hand_translation_m"": null, ""trial_finished_elapsed_s"": null, ""trial_recording"": true, ""trial_required_tool_ids"": [14, 26, 33]}"
2026-09-04T14:07:10.820-04:00,kuber,gesture,tts_queued,lifecycle,r1_gear_rod,Row 1.2: assemble gear rod,ready,8,54,,,,7.971058,,,,,,,,,,,,,,,,handle,,,replace_hover,,"{""acquired_tool_ids"": [14, 26], ""acquisition_complete"": false, ""completed_steps"": [""r2_bearing_right"", ""r1_bearing_right"", ""r1_bearing_left"", ""r2_gear_rod"", ""r2_bearing_left"", ""r2_fasten_first_stand"", ""r2_insert_rod_and_fit_second"", ""r2_fasten_second_stand""], ""head_rotation_deg"": null, ""head_translation_m"": null, ""left_hand_translation_m"": null, ""removed_tool_ids"": [15, 18, 19, 20, 21, 27, 28], ""right_hand_translation_m"": null, ""selected_step"": ""r1_gear_rod"", ""step_attempt"": 8, ""step_elapsed_s"": 7.97107013000641, ""step_event_index"": 54, ""total_hand_translation_m"": null, ""trial_finished_elapsed_s"": null, ""trial_recording"": true, ""trial_required_tool_ids"": [14, 26, 33]}"
2026-09-04T14:07:10.891-04:00,kuber,gesture,tts_finished,lifecycle,r1_gear_rod,Row 1.2: assemble gear rod,ready,8,55,,,,8.042541,,,,,,,,,,,,,,,,Row 4 left gear,,,,,"{""acquired_tool_ids"": [14, 26], ""acquisition_complete"": false, ""completed_steps"": [""r2_bearing_right"", ""r1_bearing_right"", ""r1_bearing_left"", ""r2_gear_rod"", ""r2_bearing_left"", ""r2_fasten_first_stand"", ""r2_insert_rod_and_fit_second"", ""r2_fasten_second_stand""], ""head_rotation_deg"": null, ""head_translation_m"": null, ""left_hand_translation_m"": null, ""removed_tool_ids"": [15, 18, 19, 20, 21, 27, 28], ""right_hand_translation_m"": null, ""selected_step"": ""r1_gear_rod"", ""step_attempt"": 8, ""step_elapsed_s"": 8.042553320061415, ""step_event_index"": 55, ""total_hand_translation_m"": null, ""trial_finished_elapsed_s"": null, ""trial_recording"": true, ""trial_required_tool_ids"": [14, 26, 33]}"
2026-09-04T14:07:10.973-04:00,kuber,gesture,tts_started,lifecycle,r1_gear_rod,Row 1.2: assemble gear rod,ready,8,56,,,,8.124648,,,,,,,,,,,,,,,,bearing,,,,,"{""acquired_tool_ids"": [14, 26], ""acquisition_complete"": false, ""completed_steps"": [""r2_bearing_right"", ""r1_bearing_right"", ""r1_bearing_left"", ""r2_gear_rod"", ""r2_bearing_left"", ""r2_fasten_first_stand"", ""r2_insert_rod_and_fit_second"", ""r2_fasten_second_stand""], ""head_rotation_deg"": null, ""head_translation_m"": null, ""left_hand_translation_m"": null, ""removed_tool_ids"": [15, 18, 19, 20, 21, 27, 28], ""right_hand_translation_m"": null, ""selected_step"": ""r1_gear_rod"", ""step_attempt"": 8, ""step_elapsed_s"": 8.124660928035155, ""step_event_index"": 56, ""total_hand_translation_m"": null, ""trial_finished_elapsed_s"": null, ""trial_recording"": true, ""trial_required_tool_ids"": [14, 26, 33]}"
2026-09-04T14:07:11.022-04:00,kuber,gesture,tts_finished,lifecycle,r1_gear_rod,Row 1.2: assemble gear rod,ready,8,57,,,,8.173579,,,,,,,,,,,,,,,,bearing,,,,,"{""acquired_tool_ids"": [14, 26], ""acquisition_complete"": false, ""completed_steps"": [""r2_bearing_right"", ""r1_bearing_right"", ""r1_bearing_left"", ""r2_gear_rod"", ""r2_bearing_left"", ""r2_fasten_first_stand"", ""r2_insert_rod_and_fit_second"", ""r2_fasten_second_stand""], ""head_rotation_deg"": null, ""head_translation_m"": null, ""left_hand_translation_m"": null, ""removed_tool_ids"": [15, 18, 19, 20, 21, 27, 28], ""right_hand_translation_m"": null, ""selected_step"": ""r1_gear_rod"", ""step_attempt"": 8, ""step_elapsed_s"": 8.173591978033073, ""step_event_index"": 57, ""total_hand_translation_m"": null, ""trial_finished_elapsed_s"": null, ""trial_recording"": true, ""trial_required_tool_ids"": [14, 26, 33]}"
2026-09-04T14:07:11.088-04:00,kuber,gesture,tts_started,lifecycle,r1_gear_rod,Row 1.2: assemble gear rod,ready,8,58,,,,8.238749,,,,,,,,,,,,,,,,handle,,,,,"{""acquired_tool_ids"": [14, 26], ""acquisition_complete"": false, ""completed_steps"": [""r2_bearing_right"", ""r1_bearing_right"", ""r1_bearing_left"", ""r2_gear_rod"", ""r2_bearing_left"", ""r2_fasten_first_stand"", ""r2_insert_rod_and_fit_second"", ""r2_fasten_second_stand""], ""head_rotation_deg"": null, ""head_translation_m"": null, ""left_hand_translation_m"": null, ""removed_tool_ids"": [15, 18, 19, 20, 21, 27, 28], ""right_hand_translation_m"": null, ""selected_step"": ""r1_gear_rod"", ""step_attempt"": 8, ""step_elapsed_s"": 8.23875947704073, ""step_event_index"": 58, ""total_hand_translation_m"": null, ""trial_finished_elapsed_s"": null, ""trial_recording"": true, ""trial_required_tool_ids"": [14, 26, 33]}"
2026-09-04T14:07:11.663-04:00,kuber,gesture,tts_finished,lifecycle,r1_gear_rod,Row 1.2: assemble gear rod,ready,8,59,,,,8.814345,,,,,,,,,,,,,,,,handle,,,,,"{""acquired_tool_ids"": [14, 26], ""acquisition_complete"": false, ""completed_steps"": [""r2_bearing_right"", ""r1_bearing_right"", ""r1_bearing_left"", ""r2_gear_rod"", ""r2_bearing_left"", ""r2_fasten_first_stand"", ""r2_insert_rod_and_fit_second"", ""r2_fasten_second_stand""], ""head_rotation_deg"": null, ""head_translation_m"": null, ""left_hand_translation_m"": null, ""removed_tool_ids"": [15, 18, 19, 20, 21, 27, 28], ""right_hand_translation_m"": null, ""selected_step"": ""r1_gear_rod"", ""step_attempt"": 8, ""step_elapsed_s"": 8.8143559290329, ""step_event_index"": 59, ""total_hand_translation_m"": null, ""trial_finished_elapsed_s"": null, ""trial_recording"": true, ""trial_required_tool_ids"": [14, 26, 33]}"
2026-09-04T14:07:13.559-04:00,kuber,gesture,hover,hover,r1_gear_rod,Row 1.2: assemble gear rod,ready,8,60,33,PINS,,,,,,,,,,,,,,,,,,,,,,,"{""acquired_tool_ids"": [14, 26], ""acquisition_complete"": false, ""completed_steps"": [""r2_bearing_right"", ""r1_bearing_right"", ""r1_bearing_left"", ""r2_gear_rod"", ""r2_bearing_left"", ""r2_fasten_first_stand"", ""r2_insert_rod_and_fit_second"", ""r2_fasten_second_stand""], ""head_rotation_deg"": null, ""head_translation_m"": null, ""left_hand_translation_m"": null, ""removed_tool_ids"": [15, 18, 19, 20, 21, 27, 28], ""right_hand_translation_m"": null, ""selected_step"": ""r1_gear_rod"", ""step_attempt"": 8, ""step_elapsed_s"": 10.709903568029404, ""step_event_index"": 60, ""total_hand_translation_m"": null, ""trial_finished_elapsed_s"": null, ""trial_recording"": true, ""trial_required_tool_ids"": [14, 26, 33]}"
2026-09-04T14:07:13.633-04:00,kuber,gesture,tts_queued,lifecycle,r1_gear_rod,Row 1.2: assemble gear rod,ready,8,61,,,,10.784276,,,,,,,,,,,,,,,,pin,,,replace_hover,,"{""acquired_tool_ids"": [14, 26], ""acquisition_complete"": false, ""completed_steps"": [""r2_bearing_right"", ""r1_bearing_right"", ""r1_bearing_left"", ""r2_gear_rod"", ""r2_bearing_left"", ""r2_fasten_first_stand"", ""r2_insert_rod_and_fit_second"", ""r2_fasten_second_stand""], ""head_rotation_deg"": null, ""head_translation_m"": null, ""left_hand_translation_m"": null, ""removed_tool_ids"": [15, 18, 19, 20, 21, 27, 28], ""right_hand_translation_m"": null, ""selected_step"": ""r1_gear_rod"", ""step_attempt"": 8, ""step_elapsed_s"": 10.784296659054235, ""step_event_index"": 61, ""total_hand_translation_m"": null, ""trial_finished_elapsed_s"": null, ""trial_recording"": true, ""trial_required_tool_ids"": [14, 26, 33]}"
2026-09-04T14:07:13.701-04:00,kuber,gesture,hover,hover,r1_gear_rod,Row 1.2: assemble gear rod,ready,8,62,32,CRANK_HANDLE,,,,,,,,,,,,,,,,,,,,,,,"{""acquired_tool_ids"": [14, 26], ""acquisition_complete"": false, ""completed_steps"": [""r2_bearing_right"", ""r1_bearing_right"", ""r1_bearing_left"", ""r2_gear_rod"", ""r2_bearing_left"", ""r2_fasten_first_stand"", ""r2_insert_rod_and_fit_second"", ""r2_fasten_second_stand""], ""head_rotation_deg"": null, ""head_translation_m"": null, ""left_hand_translation_m"": null, ""removed_tool_ids"": [15, 18, 19, 20, 21, 27, 28], ""right_hand_translation_m"": null, ""selected_step"": ""r1_gear_rod"", ""step_attempt"": 8, ""step_elapsed_s"": 10.852690939093009, ""step_event_index"": 62, ""total_hand_translation_m"": null, ""trial_finished_elapsed_s"": null, ""trial_recording"": true, ""trial_required_tool_ids"": [14, 26, 33]}"
2026-09-04T14:07:13.730-04:00,kuber,gesture,tts_queued,lifecycle,r1_gear_rod,Row 1.2: assemble gear rod,ready,8,63,,,,10.880880,,,,,,,,,,,,,,,,handle,,,replace_hover,,"{""acquired_tool_ids"": [14, 26], ""acquisition_complete"": false, ""completed_steps"": [""r2_bearing_right"", ""r1_bearing_right"", ""r1_bearing_left"", ""r2_gear_rod"", ""r2_bearing_left"", ""r2_fasten_first_stand"", ""r2_insert_rod_and_fit_second"", ""r2_fasten_second_stand""], ""head_rotation_deg"": null, ""head_translation_m"": null, ""left_hand_translation_m"": null, ""removed_tool_ids"": [15, 18, 19, 20, 21, 27, 28], ""right_hand_translation_m"": null, ""selected_step"": ""r1_gear_rod"", ""step_attempt"": 8, ""step_elapsed_s"": 10.880890646018088, ""step_event_index"": 63, ""total_hand_translation_m"": null, ""trial_finished_elapsed_s"": null, ""trial_recording"": true, ""trial_required_tool_ids"": [14, 26, 33]}"
2026-09-04T14:07:13.827-04:00,kuber,gesture,hover,hover,r1_gear_rod,Row 1.2: assemble gear rod,ready,8,64,34,BEARINGS,,,,,,,,,,,,,,,,,,,,,,,"{""acquired_tool_ids"": [14, 26], ""acquisition_complete"": false, ""completed_steps"": [""r2_bearing_right"", ""r1_bearing_right"", ""r1_bearing_left"", ""r2_gear_rod"", ""r2_bearing_left"", ""r2_fasten_first_stand"", ""r2_insert_rod_and_fit_second"", ""r2_fasten_second_stand""], ""head_rotation_deg"": null, ""head_translation_m"": null, ""left_hand_translation_m"": null, ""removed_tool_ids"": [15, 18, 19, 20, 21, 27, 28], ""right_hand_translation_m"": null, ""selected_step"": ""r1_gear_rod"", ""step_attempt"": 8, ""step_elapsed_s"": 10.97869087709114, ""step_event_index"": 64, ""total_hand_translation_m"": null, ""trial_finished_elapsed_s"": null, ""trial_recording"": true, ""trial_required_tool_ids"": [14, 26, 33]}"
2026-09-04T14:07:13.887-04:00,kuber,gesture,tts_queued,lifecycle,r1_gear_rod,Row 1.2: assemble gear rod,ready,8,65,,,,11.038658,,,,,,,,,,,,,,,,bearing,,,replace_hover,,"{""acquired_tool_ids"": [14, 26], ""acquisition_complete"": false, ""completed_steps"": [""r2_bearing_right"", ""r1_bearing_right"", ""r1_bearing_left"", ""r2_gear_rod"", ""r2_bearing_left"", ""r2_fasten_first_stand"", ""r2_insert_rod_and_fit_second"", ""r2_fasten_second_stand""], ""head_rotation_deg"": null, ""head_translation_m"": null, ""left_hand_translation_m"": null, ""removed_tool_ids"": [15, 18, 19, 20, 21, 27, 28], ""right_hand_translation_m"": null, ""selected_step"": ""r1_gear_rod"", ""step_attempt"": 8, ""step_elapsed_s"": 11.038666396052577, ""step_event_index"": 65, ""total_hand_translation_m"": null, ""trial_finished_elapsed_s"": null, ""trial_recording"": true, ""trial_required_tool_ids"": [14, 26, 33]}"
2026-09-04T14:07:13.970-04:00,kuber,gesture,tts_started,lifecycle,r1_gear_rod,Row 1.2: assemble gear rod,ready,8,66,,,,11.121034,,,,,,,,,,,,,,,,pin,,,,,"{""acquired_tool_ids"": [14, 26], ""acquisition_complete"": false, ""completed_steps"": [""r2_bearing_right"", ""r1_bearing_right"", ""r1_bearing_left"", ""r2_gear_rod"", ""r2_bearing_left"", ""r2_fasten_first_stand"", ""r2_insert_rod_and_fit_second"", ""r2_fasten_second_stand""], ""head_rotation_deg"": null, ""head_translation_m"": null, ""left_hand_translation_m"": null, ""removed_tool_ids"": [15, 18, 19, 20, 21, 27, 28], ""right_hand_translation_m"": null, ""selected_step"": ""r1_gear_rod"", ""step_attempt"": 8, ""step_elapsed_s"": 11.121046937070787, ""step_event_index"": 66, ""total_hand_translation_m"": null, ""trial_finished_elapsed_s"": null, ""trial_recording"": true, ""trial_required_tool_ids"": [14, 26, 33]}"
2026-09-04T14:07:14.038-04:00,kuber,gesture,tts_finished,lifecycle,r1_gear_rod,Row 1.2: assemble gear rod,ready,8,67,,,,11.188871,,,,,,,,,,,,,,,,pin,,,,,"{""acquired_tool_ids"": [14, 26], ""acquisition_complete"": false, ""completed_steps"": [""r2_bearing_right"", ""r1_bearing_right"", ""r1_bearing_left"", ""r2_gear_rod"", ""r2_bearing_left"", ""r2_fasten_first_stand"", ""r2_insert_rod_and_fit_second"", ""r2_fasten_second_stand""], ""head_rotation_deg"": null, ""head_translation_m"": null, ""left_hand_translation_m"": null, ""removed_tool_ids"": [15, 18, 19, 20, 21, 27, 28], ""right_hand_translation_m"": null, ""selected_step"": ""r1_gear_rod"", ""step_attempt"": 8, ""step_elapsed_s"": 11.188880483037792, ""step_event_index"": 67, ""total_hand_translation_m"": null, ""trial_finished_elapsed_s"": null, ""trial_recording"": true, ""trial_required_tool_ids"": [14, 26, 33]}"
2026-09-04T14:07:14.083-04:00,kuber,gesture,tts_started,lifecycle,r1_gear_rod,Row 1.2: assemble gear rod,ready,8,68,,,,11.234607,,,,,,,,,,,,,,,,handle,,,,,"{""acquired_tool_ids"": [14, 26], ""acquisition_complete"": false, ""completed_steps"": [""r2_bearing_right"", ""r1_bearing_right"", ""r1_bearing_left"", ""r2_gear_rod"", ""r2_bearing_left"", ""r2_fasten_first_stand"", ""r2_insert_rod_and_fit_second"", ""r2_fasten_second_stand""], ""head_rotation_deg"": null, ""head_translation_m"": null, ""left_hand_translation_m"": null, ""removed_tool_ids"": [15, 18, 19, 20, 21, 27, 28], ""right_hand_translation_m"": null, ""selected_step"": ""r1_gear_rod"", ""step_attempt"": 8, ""step_elapsed_s"": 11.234615331050009, ""step_event_index"": 68, ""total_hand_translation_m"": null, ""trial_finished_elapsed_s"": null, ""trial_recording"": true, ""trial_required_tool_ids"": [14, 26, 33]}"
2026-09-04T14:07:14.131-04:00,kuber,gesture,tts_finished,lifecycle,r1_gear_rod,Row 1.2: assemble gear rod,ready,8,69,,,,11.281787,,,,,,,,,,,,,,,,handle,,,,,"{""acquired_tool_ids"": [14, 26], ""acquisition_complete"": false, ""completed_steps"": [""r2_bearing_right"", ""r1_bearing_right"", ""r1_bearing_left"", ""r2_gear_rod"", ""r2_bearing_left"", ""r2_fasten_first_stand"", ""r2_insert_rod_and_fit_second"", ""r2_fasten_second_stand""], ""head_rotation_deg"": null, ""head_translation_m"": null, ""left_hand_translation_m"": null, ""removed_tool_ids"": [15, 18, 19, 20, 21, 27, 28], ""right_hand_translation_m"": null, ""selected_step"": ""r1_gear_rod"", ""step_attempt"": 8, ""step_elapsed_s"": 11.28179507306777, ""step_event_index"": 69, ""total_hand_translation_m"": null, ""trial_finished_elapsed_s"": null, ""trial_recording"": true, ""trial_required_tool_ids"": [14, 26, 33]}"
2026-09-04T14:07:14.175-04:00,kuber,gesture,tts_started,lifecycle,r1_gear_rod,Row 1.2: assemble gear rod,ready,8,70,,,,11.325909,,,,,,,,,,,,,,,,bearing,,,,,"{""acquired_tool_ids"": [14, 26], ""acquisition_complete"": false, ""completed_steps"": [""r2_bearing_right"", ""r1_bearing_right"", ""r1_bearing_left"", ""r2_gear_rod"", ""r2_bearing_left"", ""r2_fasten_first_stand"", ""r2_insert_rod_and_fit_second"", ""r2_fasten_second_stand""], ""head_rotation_deg"": null, ""head_translation_m"": null, ""left_hand_translation_m"": null, ""removed_tool_ids"": [15, 18, 19, 20, 21, 27, 28], ""right_hand_translation_m"": null, ""selected_step"": ""r1_gear_rod"", ""step_attempt"": 8, ""step_elapsed_s"": 11.32591943105217, ""step_event_index"": 70, ""total_hand_translation_m"": null, ""trial_finished_elapsed_s"": null, ""trial_recording"": true, ""trial_required_tool_ids"": [14, 26, 33]}"
2026-09-04T14:07:14.254-04:00,kuber,gesture,hover,hover,r1_gear_rod,Row 1.2: assemble gear rod,ready,8,71,32,CRANK_HANDLE,,,,,,,,,,,,,,,,,,,,,,,"{""acquired_tool_ids"": [14, 26], ""acquisition_complete"": false, ""completed_steps"": [""r2_bearing_right"", ""r1_bearing_right"", ""r1_bearing_left"", ""r2_gear_rod"", ""r2_bearing_left"", ""r2_fasten_first_stand"", ""r2_insert_rod_and_fit_second"", ""r2_fasten_second_stand""], ""head_rotation_deg"": null, ""head_translation_m"": null, ""left_hand_translation_m"": null, ""removed_tool_ids"": [15, 18, 19, 20, 21, 27, 28], ""right_hand_translation_m"": null, ""selected_step"": ""r1_gear_rod"", ""step_attempt"": 8, ""step_elapsed_s"": 11.405412362073548, ""step_event_index"": 71, ""total_hand_translation_m"": null, ""trial_finished_elapsed_s"": null, ""trial_recording"": true, ""trial_required_tool_ids"": [14, 26, 33]}"
2026-09-04T14:07:14.295-04:00,kuber,gesture,tts_queued,lifecycle,r1_gear_rod,Row 1.2: assemble gear rod,ready,8,72,,,,11.446636,,,,,,,,,,,,,,,,handle,,,replace_hover,,"{""acquired_tool_ids"": [14, 26], ""acquisition_complete"": false, ""completed_steps"": [""r2_bearing_right"", ""r1_bearing_right"", ""r1_bearing_left"", ""r2_gear_rod"", ""r2_bearing_left"", ""r2_fasten_first_stand"", ""r2_insert_rod_and_fit_second"", ""r2_fasten_second_stand""], ""head_rotation_deg"": null, ""head_translation_m"": null, ""left_hand_translation_m"": null, ""removed_tool_ids"": [15, 18, 19, 20, 21, 27, 28], ""right_hand_translation_m"": null, ""selected_step"": ""r1_gear_rod"", ""step_attempt"": 8, ""step_elapsed_s"": 11.446648686076514, ""step_event_index"": 72, ""total_hand_translation_m"": null, ""trial_finished_elapsed_s"": null, ""trial_recording"": true, ""trial_required_tool_ids"": [14, 26, 33]}"
2026-09-04T14:07:14.384-04:00,kuber,gesture,tts_finished,lifecycle,r1_gear_rod,Row 1.2: assemble gear rod,ready,8,73,,,,11.535598,,,,,,,,,,,,,,,,bearing,,,,,"{""acquired_tool_ids"": [14, 26], ""acquisition_complete"": false, ""completed_steps"": [""r2_bearing_right"", ""r1_bearing_right"", ""r1_bearing_left"", ""r2_gear_rod"", ""r2_bearing_left"", ""r2_fasten_first_stand"", ""r2_insert_rod_and_fit_second"", ""r2_fasten_second_stand""], ""head_rotation_deg"": null, ""head_translation_m"": null, ""left_hand_translation_m"": null, ""removed_tool_ids"": [15, 18, 19, 20, 21, 27, 28], ""right_hand_translation_m"": null, ""selected_step"": ""r1_gear_rod"", ""step_attempt"": 8, ""step_elapsed_s"": 11.535610907012597, ""step_event_index"": 73, ""total_hand_translation_m"": null, ""trial_finished_elapsed_s"": null, ""trial_recording"": true, ""trial_required_tool_ids"": [14, 26, 33]}"
2026-09-04T14:07:14.441-04:00,kuber,gesture,tts_started,lifecycle,r1_gear_rod,Row 1.2: assemble gear rod,ready,8,74,,,,11.592280,,,,,,,,,,,,,,,,handle,,,,,"{""acquired_tool_ids"": [14, 26], ""acquisition_complete"": false, ""completed_steps"": [""r2_bearing_right"", ""r1_bearing_right"", ""r1_bearing_left"", ""r2_gear_rod"", ""r2_bearing_left"", ""r2_fasten_first_stand"", ""r2_insert_rod_and_fit_second"", ""r2_fasten_second_stand""], ""head_rotation_deg"": null, ""head_translation_m"": null, ""left_hand_translation_m"": null, ""removed_tool_ids"": [15, 18, 19, 20, 21, 27, 28], ""right_hand_translation_m"": null, ""selected_step"": ""r1_gear_rod"", ""step_attempt"": 8, ""step_elapsed_s"": 11.59229680011049, ""step_event_index"": 74, ""total_hand_translation_m"": null, ""trial_finished_elapsed_s"": null, ""trial_recording"": true, ""trial_required_tool_ids"": [14, 26, 33]}"
2026-09-04T14:07:14.803-04:00,kuber,gesture,hover,hover,r1_gear_rod,Row 1.2: assemble gear rod,ready,8,75,33,PINS,,,,,,,,,,,,,,,,,,,,,,,"{""acquired_tool_ids"": [14, 26], ""acquisition_complete"": false, ""completed_steps"": [""r2_bearing_right"", ""r1_bearing_right"", ""r1_bearing_left"", ""r2_gear_rod"", ""r2_bearing_left"", ""r2_fasten_first_stand"", ""r2_insert_rod_and_fit_second"", ""r2_fasten_second_stand""], ""head_rotation_deg"": null, ""head_translation_m"": null, ""left_hand_translation_m"": null, ""removed_tool_ids"": [15, 18, 19, 20, 21, 27, 28], ""right_hand_translation_m"": null, ""selected_step"": ""r1_gear_rod"", ""step_attempt"": 8, ""step_elapsed_s"": 11.954303832026199, ""step_event_index"": 75, ""total_hand_translation_m"": null, ""trial_finished_elapsed_s"": null, ""trial_recording"": true, ""trial_required_tool_ids"": [14, 26, 33]}"
2026-09-04T14:07:14.837-04:00,kuber,gesture,tts_queued,lifecycle,r1_gear_rod,Row 1.2: assemble gear rod,ready,8,76,,,,11.988543,,,,,,,,,,,,,,,,pin,,,replace_hover,,"{""acquired_tool_ids"": [14, 26], ""acquisition_complete"": false, ""completed_steps"": [""r2_bearing_right"", ""r1_bearing_right"", ""r1_bearing_left"", ""r2_gear_rod"", ""r2_bearing_left"", ""r2_fasten_first_stand"", ""r2_insert_rod_and_fit_second"", ""r2_fasten_second_stand""], ""head_rotation_deg"": null, ""head_translation_m"": null, ""left_hand_translation_m"": null, ""removed_tool_ids"": [15, 18, 19, 20, 21, 27, 28], ""right_hand_translation_m"": null, ""selected_step"": ""r1_gear_rod"", ""step_attempt"": 8, ""step_elapsed_s"": 11.988556238007732, ""step_event_index"": 76, ""total_hand_translation_m"": null, ""trial_finished_elapsed_s"": null, ""trial_recording"": true, ""trial_required_tool_ids"": [14, 26, 33]}"
2026-09-04T14:07:14.902-04:00,kuber,gesture,tts_finished,lifecycle,r1_gear_rod,Row 1.2: assemble gear rod,ready,8,77,,,,12.053023,,,,,,,,,,,,,,,,handle,,,,,"{""acquired_tool_ids"": [14, 26], ""acquisition_complete"": false, ""completed_steps"": [""r2_bearing_right"", ""r1_bearing_right"", ""r1_bearing_left"", ""r2_gear_rod"", ""r2_bearing_left"", ""r2_fasten_first_stand"", ""r2_insert_rod_and_fit_second"", ""r2_fasten_second_stand""], ""head_rotation_deg"": null, ""head_translation_m"": null, ""left_hand_translation_m"": null, ""removed_tool_ids"": [15, 18, 19, 20, 21, 27, 28], ""right_hand_translation_m"": null, ""selected_step"": ""r1_gear_rod"", ""step_attempt"": 8, ""step_elapsed_s"": 12.05303177505266, ""step_event_index"": 77, ""total_hand_translation_m"": null, ""trial_finished_elapsed_s"": null, ""trial_recording"": true, ""trial_required_tool_ids"": [14, 26, 33]}"
2026-09-04T14:07:14.941-04:00,kuber,gesture,tts_started,lifecycle,r1_gear_rod,Row 1.2: assemble gear rod,ready,8,78,,,,12.092307,,,,,,,,,,,,,,,,pin,,,,,"{""acquired_tool_ids"": [14, 26], ""acquisition_complete"": false, ""completed_steps"": [""r2_bearing_right"", ""r1_bearing_right"", ""r1_bearing_left"", ""r2_gear_rod"", ""r2_bearing_left"", ""r2_fasten_first_stand"", ""r2_insert_rod_and_fit_second"", ""r2_fasten_second_stand""], ""head_rotation_deg"": null, ""head_translation_m"": null, ""left_hand_translation_m"": null, ""removed_tool_ids"": [15, 18, 19, 20, 21, 27, 28], ""right_hand_translation_m"": null, ""selected_step"": ""r1_gear_rod"", ""step_attempt"": 8, ""step_elapsed_s"": 12.092319060000591, ""step_event_index"": 78, ""total_hand_translation_m"": null, ""trial_finished_elapsed_s"": null, ""trial_recording"": true, ""trial_required_tool_ids"": [14, 26, 33]}"
2026-09-04T14:07:15.465-04:00,kuber,gesture,tts_finished,lifecycle,r1_gear_rod,Row 1.2: assemble gear rod,ready,8,79,,,,12.616306,,,,,,,,,,,,,,,,pin,,,,,"{""acquired_tool_ids"": [14, 26], ""acquisition_complete"": false, ""completed_steps"": [""r2_bearing_right"", ""r1_bearing_right"", ""r1_bearing_left"", ""r2_gear_rod"", ""r2_bearing_left"", ""r2_fasten_first_stand"", ""r2_insert_rod_and_fit_second"", ""r2_fasten_second_stand""], ""head_rotation_deg"": null, ""head_translation_m"": null, ""left_hand_translation_m"": null, ""removed_tool_ids"": [15, 18, 19, 20, 21, 27, 28], ""right_hand_translation_m"": null, ""selected_step"": ""r1_gear_rod"", ""step_attempt"": 8, ""step_elapsed_s"": 12.616316674044356, ""step_event_index"": 79, ""total_hand_translation_m"": null, ""trial_finished_elapsed_s"": null, ""trial_recording"": true, ""trial_required_tool_ids"": [14, 26, 33]}"
2026-09-04T14:07:15.613-04:00,kuber,gesture,part_selection,click,r1_gear_rod,Row 1.2: assemble gear rod,ready,8,80,33,PINS,7.070980,12.764189,,,,,,,,,,,,,,,1,,,,,,"{""acquired_tool_ids"": [14, 26, 33], ""acquisition_complete"": false, ""completed_steps"": [""r2_bearing_right"", ""r1_bearing_right"", ""r1_bearing_left"", ""r2_gear_rod"", ""r2_bearing_left"", ""r2_fasten_first_stand"", ""r2_insert_rod_and_fit_second"", ""r2_fasten_second_stand""], ""head_rotation_deg"": null, ""head_translation_m"": null, ""left_hand_translation_m"": null, ""removed_tool_ids"": [15, 18, 19, 20, 21, 27, 28], ""right_hand_translation_m"": null, ""selected_step"": ""r1_gear_rod"", ""step_attempt"": 8, ""step_elapsed_s"": 12.764323689043522, ""step_event_index"": 80, ""total_hand_translation_m"": null, ""trial_finished_elapsed_s"": null, ""trial_recording"": true, ""trial_required_tool_ids"": [14, 26, 33]}"
2026-09-04T14:07:15.663-04:00,kuber,gesture,object_acquired,click,r1_gear_rod,Row 1.2: assemble gear rod,ready,8,81,33,PINS,7.070980,12.764189,,,,,,,,,,,,,,,1,,,,,,"{""acquired_tool_ids"": [14, 26, 33], ""acquisition_complete"": false, ""completed_steps"": [""r2_bearing_right"", ""r1_bearing_right"", ""r1_bearing_left"", ""r2_gear_rod"", ""r2_bearing_left"", ""r2_fasten_first_stand"", ""r2_insert_rod_and_fit_second"", ""r2_fasten_second_stand""], ""head_rotation_deg"": null, ""head_translation_m"": null, ""left_hand_translation_m"": null, ""removed_tool_ids"": [15, 18, 19, 20, 21, 27, 28], ""right_hand_translation_m"": null, ""selected_step"": ""r1_gear_rod"", ""step_attempt"": 8, ""step_elapsed_s"": 12.814121660077944, ""step_event_index"": 81, ""total_hand_translation_m"": null, ""trial_finished_elapsed_s"": null, ""trial_recording"": true, ""trial_required_tool_ids"": [14, 26, 33]}"
2026-09-04T14:07:15.704-04:00,kuber,gesture,step_acquisition_complete,click,r1_gear_rod,Row 1.2: assemble gear rod,ready,8,82,,,,12.854252,0.145278,50.768488,0.174929,0.564625,0.739554,0.000000,2.975928,2.975928,27.670328,0,14,0.000000,0.105231,0.105231,,,,,,,"{""acquired_tool_ids"": [14, 26, 33], ""acquisition_complete"": true, ""any_hover_time_s"": 2.9759278688579798, ""completed_steps"": [""r2_bearing_right"", ""r1_bearing_right"", ""r1_bearing_left"", ""r2_gear_rod"", ""r2_bearing_left"", ""r2_fasten_first_stand"", ""r2_insert_rod_and_fit_second"", ""r2_fasten_second_stand""], ""head_rotation_deg"": 50.768487726281464, ""head_translation_m"": 0.14527815742838232, ""hover_time_percent"": 27.670327733625285, ""left_hand_translation_m"": 0.17492865689022014, ""left_hover_episodes"": 0, ""left_hover_time_s"": 0.0, ""left_hover_translation_m"": 0.0, ""removed_tool_ids"": [14, 15, 18, 19, 20, 21, 26, 27, 28], ""right_hand_translation_m"": 0.5646252164569383, ""right_hover_episodes"": 14, ""right_hover_time_s"": 2.9759278688579798, ""right_hover_translation_m"": 0.10523142687585778, ""selected_step"": ""r1_gear_rod"", ""step_attempt"": 8, ""step_elapsed_s"": 12.854251955053769, ""step_event_index"": 82, ""total_hand_translation_m"": 0.7395538733471585, ""total_hover_translation_m"": 0.10523142687585778, ""trial_finished_elapsed_s"": 12.854251955053769, ""trial_recording"": false, ""trial_required_tool_ids"": [14, 26, 33]}"
2026-09-04T14:07:15.785-04:00,kuber,gesture,graph_complete,,r1_gear_rod,Row 1.2: assemble gear rod,complete,8,83,,,,,,,,,,,,,,,,,,,,,,,,,"{""acquired_tool_ids"": [14, 26, 33], ""acquisition_complete"": true, ""any_hover_time_s"": 2.9759278688579798, ""completed_steps"": [""r2_bearing_right"", ""r1_bearing_right"", ""r1_bearing_left"", ""r2_gear_rod"", ""r2_bearing_left"", ""r2_fasten_first_stand"", ""r2_insert_rod_and_fit_second"", ""r2_fasten_second_stand"", ""r1_gear_rod""], ""head_rotation_deg"": 50.768487726281464, ""head_translation_m"": 0.14527815742838232, ""hover_time_percent"": 27.670327733625285, ""left_hand_translation_m"": 0.17492865689022014, ""left_hover_episodes"": 0, ""left_hover_time_s"": 0.0, ""left_hover_translation_m"": 0.0, ""removed_tool_ids"": [14, 15, 18, 19, 20, 21, 26, 27, 28], ""right_hand_translation_m"": 0.5646252164569383, ""right_hover_episodes"": 14, ""right_hover_time_s"": 2.9759278688579798, ""right_hover_translation_m"": 0.10523142687585778, ""selected_step"": ""r1_gear_rod"", ""step_attempt"": 8, ""step_elapsed_s"": 12.854251955053769, ""step_event_index"": 83, ""total_hand_translation_m"": 0.7395538733471585, ""total_hover_translation_m"": 0.10523142687585778, ""trial_finished_elapsed_s"": 12.854251955053769, ""trial_recording"": false, ""trial_required_tool_ids"": [14, 26, 33]}"
2026-09-04T14:07:26.837-04:00,kuber,gesture,step_started,keyboard,r1_fasten_first_stand,Row 1.4: fasten right stand,ready,9,1,,,,,,,,,,,,,,,,,,,,,,,,,"{""acquired_tool_ids"": [], ""acquisition_complete"": false, ""completed_steps"": [""r2_bearing_right"", ""r1_bearing_right"", ""r1_bearing_left"", ""r2_gear_rod"", ""r2_bearing_left"", ""r2_fasten_first_stand"", ""r2_insert_rod_and_fit_second"", ""r2_fasten_second_stand"", ""r1_gear_rod""], ""head_rotation_deg"": null, ""head_translation_m"": null, ""left_hand_translation_m"": null, ""removed_tool_ids"": [14, 15, 18, 19, 20, 21, 26, 27, 28], ""right_hand_translation_m"": null, ""selected_step"": ""r1_fasten_first_stand"", ""step_attempt"": 9, ""step_elapsed_s"": 0.00018124899361282587, ""step_event_index"": 1, ""total_hand_translation_m"": null, ""trial_finished_elapsed_s"": null, ""trial_recording"": true, ""trial_required_tool_ids"": [7, 35, 36]}"
2026-09-04T14:07:28.105-04:00,kuber,gesture,hover,hover,r1_fasten_first_stand,Row 1.4: fasten right stand,ready,9,2,10,PHILIPS_SCREWDRIVER,,,,,,,,,,,,,,,,,,,,,,,"{""acquired_tool_ids"": [], ""acquisition_complete"": false, ""completed_steps"": [""r2_bearing_right"", ""r1_bearing_right"", ""r1_bearing_left"", ""r2_gear_rod"", ""r2_bearing_left"", ""r2_fasten_first_stand"", ""r2_insert_rod_and_fit_second"", ""r2_fasten_second_stand"", ""r1_gear_rod""], ""head_rotation_deg"": null, ""head_translation_m"": null, ""left_hand_translation_m"": null, ""removed_tool_ids"": [14, 15, 18, 19, 20, 21, 26, 27, 28], ""right_hand_translation_m"": null, ""selected_step"": ""r1_fasten_first_stand"", ""step_attempt"": 9, ""step_elapsed_s"": 1.2681827809428796, ""step_event_index"": 2, ""total_hand_translation_m"": null, ""trial_finished_elapsed_s"": null, ""trial_recording"": true, ""trial_required_tool_ids"": [7, 35, 36]}"
2026-09-04T14:07:28.139-04:00,kuber,gesture,tts_queued,lifecycle,r1_fasten_first_stand,Row 1.4: fasten right stand,ready,9,3,,,,1.301853,,,,,,,,,,,,,,,,phillips screwdriver,,,replace_hover,,"{""acquired_tool_ids"": [], ""acquisition_complete"": false, ""completed_steps"": [""r2_bearing_right"", ""r1_bearing_right"", ""r1_bearing_left"", ""r2_gear_rod"", ""r2_bearing_left"", ""r2_fasten_first_stand"", ""r2_insert_rod_and_fit_second"", ""r2_fasten_second_stand"", ""r1_gear_rod""], ""head_rotation_deg"": null, ""head_translation_m"": null, ""left_hand_translation_m"": null, ""removed_tool_ids"": [14, 15, 18, 19, 20, 21, 26, 27, 28], ""right_hand_translation_m"": null, ""selected_step"": ""r1_fasten_first_stand"", ""step_attempt"": 9, ""step_elapsed_s"": 1.3018662380054593, ""step_event_index"": 3, ""total_hand_translation_m"": null, ""trial_finished_elapsed_s"": null, ""trial_recording"": true, ""trial_required_tool_ids"": [7, 35, 36]}"
2026-09-04T14:07:28.223-04:00,kuber,gesture,tts_started,lifecycle,r1_fasten_first_stand,Row 1.4: fasten right stand,ready,9,4,,,,1.386478,,,,,,,,,,,,,,,,phillips screwdriver,,,,,"{""acquired_tool_ids"": [], ""acquisition_complete"": false, ""completed_steps"": [""r2_bearing_right"", ""r1_bearing_right"", ""r1_bearing_left"", ""r2_gear_rod"", ""r2_bearing_left"", ""r2_fasten_first_stand"", ""r2_insert_rod_and_fit_second"", ""r2_fasten_second_stand"", ""r1_gear_rod""], ""head_rotation_deg"": null, ""head_translation_m"": null, ""left_hand_translation_m"": null, ""removed_tool_ids"": [14, 15, 18, 19, 20, 21, 26, 27, 28], ""right_hand_translation_m"": null, ""selected_step"": ""r1_fasten_first_stand"", ""step_attempt"": 9, ""step_elapsed_s"": 1.3864927709801123, ""step_event_index"": 4, ""total_hand_translation_m"": null, ""trial_finished_elapsed_s"": null, ""trial_recording"": true, ""trial_required_tool_ids"": [7, 35, 36]}"
2026-09-04T14:07:29.546-04:00,kuber,gesture,hover,hover,r1_fasten_first_stand,Row 1.4: fasten right stand,ready,9,5,7,BIT_SCREWDRIVER,,,,,,,,,,,,,,,,,,,,,,,"{""acquired_tool_ids"": [], ""acquisition_complete"": false, ""completed_steps"": [""r2_bearing_right"", ""r1_bearing_right"", ""r1_bearing_left"", ""r2_gear_rod"", ""r2_bearing_left"", ""r2_fasten_first_stand"", ""r2_insert_rod_and_fit_second"", ""r2_fasten_second_stand"", ""r1_gear_rod""], ""head_rotation_deg"": null, ""head_translation_m"": null, ""left_hand_translation_m"": null, ""removed_tool_ids"": [14, 15, 18, 19, 20, 21, 26, 27, 28], ""right_hand_translation_m"": null, ""selected_step"": ""r1_fasten_first_stand"", ""step_attempt"": 9, ""step_elapsed_s"": 2.7094449299620464, ""step_event_index"": 5, ""total_hand_translation_m"": null, ""trial_finished_elapsed_s"": null, ""trial_recording"": true, ""trial_required_tool_ids"": [7, 35, 36]}"
2026-09-04T14:07:29.575-04:00,kuber,gesture,tts_queued,lifecycle,r1_fasten_first_stand,Row 1.4: fasten right stand,ready,9,6,,,,2.738793,,,,,,,,,,,,,,,,interchangeable-bit screwdriver,,,replace_hover,,"{""acquired_tool_ids"": [], ""acquisition_complete"": false, ""completed_steps"": [""r2_bearing_right"", ""r1_bearing_right"", ""r1_bearing_left"", ""r2_gear_rod"", ""r2_bearing_left"", ""r2_fasten_first_stand"", ""r2_insert_rod_and_fit_second"", ""r2_fasten_second_stand"", ""r1_gear_rod""], ""head_rotation_deg"": null, ""head_translation_m"": null, ""left_hand_translation_m"": null, ""removed_tool_ids"": [14, 15, 18, 19, 20, 21, 26, 27, 28], ""right_hand_translation_m"": null, ""selected_step"": ""r1_fasten_first_stand"", ""step_attempt"": 9, ""step_elapsed_s"": 2.7388118009548634, ""step_event_index"": 6, ""total_hand_translation_m"": null, ""trial_finished_elapsed_s"": null, ""trial_recording"": true, ""trial_required_tool_ids"": [7, 35, 36]}"
2026-09-04T14:07:29.641-04:00,kuber,gesture,tts_finished,lifecycle,r1_fasten_first_stand,Row 1.4: fasten right stand,ready,9,7,,,,2.804160,,,,,,,,,,,,,,,,phillips screwdriver,,,,,"{""acquired_tool_ids"": [], ""acquisition_complete"": false, ""completed_steps"": [""r2_bearing_right"", ""r1_bearing_right"", ""r1_bearing_left"", ""r2_gear_rod"", ""r2_bearing_left"", ""r2_fasten_first_stand"", ""r2_insert_rod_and_fit_second"", ""r2_fasten_second_stand"", ""r1_gear_rod""], ""head_rotation_deg"": null, ""head_translation_m"": null, ""left_hand_translation_m"": null, ""removed_tool_ids"": [14, 15, 18, 19, 20, 21, 26, 27, 28], ""right_hand_translation_m"": null, ""selected_step"": ""r1_fasten_first_stand"", ""step_attempt"": 9, ""step_elapsed_s"": 2.8041715889703482, ""step_event_index"": 7, ""total_hand_translation_m"": null, ""trial_finished_elapsed_s"": null, ""trial_recording"": true, ""trial_required_tool_ids"": [7, 35, 36]}"
2026-09-04T14:07:29.681-04:00,kuber,gesture,tts_started,lifecycle,r1_fasten_first_stand,Row 1.4: fasten right stand,ready,9,8,,,,2.844437,,,,,,,,,,,,,,,,interchangeable-bit screwdriver,,,,,"{""acquired_tool_ids"": [], ""acquisition_complete"": false, ""completed_steps"": [""r2_bearing_right"", ""r1_bearing_right"", ""r1_bearing_left"", ""r2_gear_rod"", ""r2_bearing_left"", ""r2_fasten_first_stand"", ""r2_insert_rod_and_fit_second"", ""r2_fasten_second_stand"", ""r1_gear_rod""], ""head_rotation_deg"": null, ""head_translation_m"": null, ""left_hand_translation_m"": null, ""removed_tool_ids"": [14, 15, 18, 19, 20, 21, 26, 27, 28], ""right_hand_translation_m"": null, ""selected_step"": ""r1_fasten_first_stand"", ""step_attempt"": 9, ""step_elapsed_s"": 2.8444518599426374, ""step_event_index"": 8, ""total_hand_translation_m"": null, ""trial_finished_elapsed_s"": null, ""trial_recording"": true, ""trial_required_tool_ids"": [7, 35, 36]}"
2026-09-04T14:07:30.119-04:00,kuber,gesture,part_selection,click,r1_fasten_first_stand,Row 1.4: fasten right stand,ready,9,9,7,BIT_SCREWDRIVER,3.281787,3.281787,,,,,,,,,,,,,,,1,,,,,,"{""acquired_tool_ids"": [7], ""acquisition_complete"": false, ""completed_steps"": [""r2_bearing_right"", ""r1_bearing_right"", ""r1_bearing_left"", ""r2_gear_rod"", ""r2_bearing_left"", ""r2_fasten_first_stand"", ""r2_insert_rod_and_fit_second"", ""r2_fasten_second_stand"", ""r1_gear_rod""], ""head_rotation_deg"": null, ""head_translation_m"": null, ""left_hand_translation_m"": null, ""removed_tool_ids"": [14, 15, 18, 19, 20, 21, 26, 27, 28], ""right_hand_translation_m"": null, ""selected_step"": ""r1_fasten_first_stand"", ""step_attempt"": 9, ""step_elapsed_s"": 3.2818300490034744, ""step_event_index"": 9, ""total_hand_translation_m"": null, ""trial_finished_elapsed_s"": null, ""trial_recording"": true, ""trial_required_tool_ids"": [7, 35, 36]}"
2026-09-04T14:07:30.158-04:00,kuber,gesture,object_acquired,click,r1_fasten_first_stand,Row 1.4: fasten right stand,ready,9,10,7,BIT_SCREWDRIVER,3.281787,3.281787,,,,,,,,,,,,,,,1,,,,,,"{""acquired_tool_ids"": [7], ""acquisition_complete"": false, ""completed_steps"": [""r2_bearing_right"", ""r1_bearing_right"", ""r1_bearing_left"", ""r2_gear_rod"", ""r2_bearing_left"", ""r2_fasten_first_stand"", ""r2_insert_rod_and_fit_second"", ""r2_fasten_second_stand"", ""r1_gear_rod""], ""head_rotation_deg"": null, ""head_translation_m"": null, ""left_hand_translation_m"": null, ""removed_tool_ids"": [14, 15, 18, 19, 20, 21, 26, 27, 28], ""right_hand_translation_m"": null, ""selected_step"": ""r1_fasten_first_stand"", ""step_attempt"": 9, ""step_elapsed_s"": 3.321284828009084, ""step_event_index"": 10, ""total_hand_translation_m"": null, ""trial_finished_elapsed_s"": null, ""trial_recording"": true, ""trial_required_tool_ids"": [7, 35, 36]}"
2026-09-04T14:07:30.184-04:00,kuber,gesture,tts_queued,lifecycle,r1_fasten_first_stand,Row 1.4: fasten right stand,ready,9,11,,,,3.347147,,,,,,,,,,,,,,,,2 parts left.,,,replace,,"{""acquired_tool_ids"": [7], ""acquisition_complete"": false, ""completed_steps"": [""r2_bearing_right"", ""r1_bearing_right"", ""r1_bearing_left"", ""r2_gear_rod"", ""r2_bearing_left"", ""r2_fasten_first_stand"", ""r2_insert_rod_and_fit_second"", ""r2_fasten_second_stand"", ""r1_gear_rod""], ""head_rotation_deg"": null, ""head_translation_m"": null, ""left_hand_translation_m"": null, ""removed_tool_ids"": [14, 15, 18, 19, 20, 21, 26, 27, 28], ""right_hand_translation_m"": null, ""selected_step"": ""r1_fasten_first_stand"", ""step_attempt"": 9, ""step_elapsed_s"": 3.347156596952118, ""step_event_index"": 11, ""total_hand_translation_m"": null, ""trial_finished_elapsed_s"": null, ""trial_recording"": true, ""trial_required_tool_ids"": [7, 35, 36]}"
2026-09-04T14:07:30.229-04:00,kuber,gesture,tts_finished,lifecycle,r1_fasten_first_stand,Row 1.4: fasten right stand,ready,9,12,,,,3.391852,,,,,,,,,,,,,,,,interchangeable-bit screwdriver,,,,,"{""acquired_tool_ids"": [7], ""acquisition_complete"": false, ""completed_steps"": [""r2_bearing_right"", ""r1_bearing_right"", ""r1_bearing_left"", ""r2_gear_rod"", ""r2_bearing_left"", ""r2_fasten_first_stand"", ""r2_insert_rod_and_fit_second"", ""r2_fasten_second_stand"", ""r1_gear_rod""], ""head_rotation_deg"": null, ""head_translation_m"": null, ""left_hand_translation_m"": null, ""removed_tool_ids"": [14, 15, 18, 19, 20, 21, 26, 27, 28], ""right_hand_translation_m"": null, ""selected_step"": ""r1_fasten_first_stand"", ""step_attempt"": 9, ""step_elapsed_s"": 3.3918635490117595, ""step_event_index"": 12, ""total_hand_translation_m"": null, ""trial_finished_elapsed_s"": null, ""trial_recording"": true, ""trial_required_tool_ids"": [7, 35, 36]}"
2026-09-04T14:07:30.263-04:00,kuber,gesture,tts_started,lifecycle,r1_fasten_first_stand,Row 1.4: fasten right stand,ready,9,13,,,,3.425852,,,,,,,,,,,,,,,,2 parts left.,,,,,"{""acquired_tool_ids"": [7], ""acquisition_complete"": false, ""completed_steps"": [""r2_bearing_right"", ""r1_bearing_right"", ""r1_bearing_left"", ""r2_gear_rod"", ""r2_bearing_left"", ""r2_fasten_first_stand"", ""r2_insert_rod_and_fit_second"", ""r2_fasten_second_stand"", ""r1_gear_rod""], ""head_rotation_deg"": null, ""head_translation_m"": null, ""left_hand_translation_m"": null, ""removed_tool_ids"": [14, 15, 18, 19, 20, 21, 26, 27, 28], ""right_hand_translation_m"": null, ""selected_step"": ""r1_fasten_first_stand"", ""step_attempt"": 9, ""step_elapsed_s"": 3.4258669739356264, ""step_event_index"": 13, ""total_hand_translation_m"": null, ""trial_finished_elapsed_s"": null, ""trial_recording"": true, ""trial_required_tool_ids"": [7, 35, 36]}"
2026-09-04T14:07:30.732-04:00,kuber,gesture,hover,hover,r1_fasten_first_stand,Row 1.4: fasten right stand,ready,9,14,10,PHILIPS_SCREWDRIVER,,,,,,,,,,,,,,,,,,,,,,,"{""acquired_tool_ids"": [7], ""acquisition_complete"": false, ""completed_steps"": [""r2_bearing_right"", ""r1_bearing_right"", ""r1_bearing_left"", ""r2_gear_rod"", ""r2_bearing_left"", ""r2_fasten_first_stand"", ""r2_insert_rod_and_fit_second"", ""r2_fasten_second_stand"", ""r1_gear_rod""], ""head_rotation_deg"": null, ""head_translation_m"": null, ""left_hand_translation_m"": null, ""removed_tool_ids"": [14, 15, 18, 19, 20, 21, 26, 27, 28], ""right_hand_translation_m"": null, ""selected_step"": ""r1_fasten_first_stand"", ""step_attempt"": 9, ""step_elapsed_s"": 3.8951271179830655, ""step_event_index"": 14, ""total_hand_translation_m"": null, ""trial_finished_elapsed_s"": null, ""trial_recording"": true, ""trial_required_tool_ids"": [7, 35, 36]}"
2026-09-04T14:07:30.750-04:00,kuber,gesture,tts_queued,lifecycle,r1_fasten_first_stand,Row 1.4: fasten right stand,ready,9,15,,,,3.913354,,,,,,,,,,,,,,,,phillips screwdriver,,,replace_hover,,"{""acquired_tool_ids"": [7], ""acquisition_complete"": false, ""completed_steps"": [""r2_bearing_right"", ""r1_bearing_right"", ""r1_bearing_left"", ""r2_gear_rod"", ""r2_bearing_left"", ""r2_fasten_first_stand"", ""r2_insert_rod_and_fit_second"", ""r2_fasten_second_stand"", ""r1_gear_rod""], ""head_rotation_deg"": null, ""head_translation_m"": null, ""left_hand_translation_m"": null, ""removed_tool_ids"": [14, 15, 18, 19, 20, 21, 26, 27, 28], ""right_hand_translation_m"": null, ""selected_step"": ""r1_fasten_first_stand"", ""step_attempt"": 9, ""step_elapsed_s"": 3.9133655689656734, ""step_event_index"": 15, ""total_hand_translation_m"": null, ""trial_finished_elapsed_s"": null, ""trial_recording"": true, ""trial_required_tool_ids"": [7, 35, 36]}"
2026-09-04T14:07:30.812-04:00,kuber,gesture,tts_finished,lifecycle,r1_fasten_first_stand,Row 1.4: fasten right stand,ready,9,16,,,,3.974967,,,,,,,,,,,,,,,,2 parts left.,,,,,"{""acquired_tool_ids"": [7], ""acquisition_complete"": false, ""completed_steps"": [""r2_bearing_right"", ""r1_bearing_right"", ""r1_bearing_left"", ""r2_gear_rod"", ""r2_bearing_left"", ""r2_fasten_first_stand"", ""r2_insert_rod_and_fit_second"", ""r2_fasten_second_stand"", ""r1_gear_rod""], ""head_rotation_deg"": null, ""head_translation_m"": null, ""left_hand_translation_m"": null, ""removed_tool_ids"": [14, 15, 18, 19, 20, 21, 26, 27, 28], ""right_hand_translation_m"": null, ""selected_step"": ""r1_fasten_first_stand"", ""step_attempt"": 9, ""step_elapsed_s"": 3.974977241945453, ""step_event_index"": 16, ""total_hand_translation_m"": null, ""trial_finished_elapsed_s"": null, ""trial_recording"": true, ""trial_required_tool_ids"": [7, 35, 36]}"
2026-09-04T14:07:30.855-04:00,kuber,gesture,tts_started,lifecycle,r1_fasten_first_stand,Row 1.4: fasten right stand,ready,9,17,,,,4.018443,,,,,,,,,,,,,,,,phillips screwdriver,,,,,"{""acquired_tool_ids"": [7], ""acquisition_complete"": false, ""completed_steps"": [""r2_bearing_right"", ""r1_bearing_right"", ""r1_bearing_left"", ""r2_gear_rod"", ""r2_bearing_left"", ""r2_fasten_first_stand"", ""r2_insert_rod_and_fit_second"", ""r2_fasten_second_stand"", ""r1_gear_rod""], ""head_rotation_deg"": null, ""head_translation_m"": null, ""left_hand_translation_m"": null, ""removed_tool_ids"": [14, 15, 18, 19, 20, 21, 26, 27, 28], ""right_hand_translation_m"": null, ""selected_step"": ""r1_fasten_first_stand"", ""step_attempt"": 9, ""step_elapsed_s"": 4.0184566270327196, ""step_event_index"": 17, ""total_hand_translation_m"": null, ""trial_finished_elapsed_s"": null, ""trial_recording"": true, ""trial_required_tool_ids"": [7, 35, 36]}"
2026-09-04T14:07:31.004-04:00,kuber,gesture,hover,hover,r1_fasten_first_stand,Row 1.4: fasten right stand,ready,9,18,11,FLATHEAD_SCREWDRIVER,,,,,,,,,,,,,,,,,,,,,,,"{""acquired_tool_ids"": [7], ""acquisition_complete"": false, ""completed_steps"": [""r2_bearing_right"", ""r1_bearing_right"", ""r1_bearing_left"", ""r2_gear_rod"", ""r2_bearing_left"", ""r2_fasten_first_stand"", ""r2_insert_rod_and_fit_second"", ""r2_fasten_second_stand"", ""r1_gear_rod""], ""head_rotation_deg"": null, ""head_translation_m"": null, ""left_hand_translation_m"": null, ""removed_tool_ids"": [14, 15, 18, 19, 20, 21, 26, 27, 28], ""right_hand_translation_m"": null, ""selected_step"": ""r1_fasten_first_stand"", ""step_attempt"": 9, ""step_elapsed_s"": 4.167288103024475, ""step_event_index"": 18, ""total_hand_translation_m"": null, ""trial_finished_elapsed_s"": null, ""trial_recording"": true, ""trial_required_tool_ids"": [7, 35, 36]}"
2026-09-04T14:07:31.047-04:00,kuber,gesture,tts_queued,lifecycle,r1_fasten_first_stand,Row 1.4: fasten right stand,ready,9,19,,,,4.210552,,,,,,,,,,,,,,,,part,,,replace_hover,,"{""acquired_tool_ids"": [7], ""acquisition_complete"": false, ""completed_steps"": [""r2_bearing_right"", ""r1_bearing_right"", ""r1_bearing_left"", ""r2_gear_rod"", ""r2_bearing_left"", ""r2_fasten_first_stand"", ""r2_insert_rod_and_fit_second"", ""r2_fasten_second_stand"", ""r1_gear_rod""], ""head_rotation_deg"": null, ""head_translation_m"": null, ""left_hand_translation_m"": null, ""removed_tool_ids"": [14, 15, 18, 19, 20, 21, 26, 27, 28], ""right_hand_translation_m"": null, ""selected_step"": ""r1_fasten_first_stand"", ""step_attempt"": 9, ""step_elapsed_s"": 4.210563714033924, ""step_event_index"": 19, ""total_hand_translation_m"": null, ""trial_finished_elapsed_s"": null, ""trial_recording"": true, ""trial_required_tool_ids"": [7, 35, 36]}"
2026-09-04T14:07:31.149-04:00,kuber,gesture,hover,hover,r1_fasten_first_stand,Row 1.4: fasten right stand,ready,9,20,13,MAGNET_POLE_CHECKER,,,,,,,,,,,,,,,,,,,,,,,"{""acquired_tool_ids"": [7], ""acquisition_complete"": false, ""completed_steps"": [""r2_bearing_right"", ""r1_bearing_right"", ""r1_bearing_left"", ""r2_gear_rod"", ""r2_bearing_left"", ""r2_fasten_first_stand"", ""r2_insert_rod_and_fit_second"", ""r2_fasten_second_stand"", ""r1_gear_rod""], ""head_rotation_deg"": null, ""head_translation_m"": null, ""left_hand_translation_m"": null, ""removed_tool_ids"": [14, 15, 18, 19, 20, 21, 26, 27, 28], ""right_hand_translation_m"": null, ""selected_step"": ""r1_fasten_first_stand"", ""step_attempt"": 9, ""step_elapsed_s"": 4.312239732942544, ""step_event_index"": 20, ""total_hand_translation_m"": null, ""trial_finished_elapsed_s"": null, ""trial_recording"": true, ""trial_required_tool_ids"": [7, 35, 36]}"
2026-09-04T14:07:31.226-04:00,kuber,gesture,tts_queued,lifecycle,r1_fasten_first_stand,Row 1.4: fasten right stand,ready,9,21,,,,4.388963,,,,,,,,,,,,,,,,part,,,replace_hover,,"{""acquired_tool_ids"": [7], ""acquisition_complete"": false, ""completed_steps"": [""r2_bearing_right"", ""r1_bearing_right"", ""r1_bearing_left"", ""r2_gear_rod"", ""r2_bearing_left"", ""r2_fasten_first_stand"", ""r2_insert_rod_and_fit_second"", ""r2_fasten_second_stand"", ""r1_gear_rod""], ""head_rotation_deg"": null, ""head_translation_m"": null, ""left_hand_translation_m"": null, ""removed_tool_ids"": [14, 15, 18, 19, 20, 21, 26, 27, 28], ""right_hand_translation_m"": null, ""selected_step"": ""r1_fasten_first_stand"", ""step_attempt"": 9, ""step_elapsed_s"": 4.388974095927551, ""step_event_index"": 21, ""total_hand_translation_m"": null, ""trial_finished_elapsed_s"": null, ""trial_recording"": true, ""trial_required_tool_ids"": [7, 35, 36]}"
2026-09-04T14:07:31.295-04:00,kuber,gesture,tts_finished,lifecycle,r1_fasten_first_stand,Row 1.4: fasten right stand,ready,9,22,,,,4.458177,,,,,,,,,,,,,,,,phillips screwdriver,,,,,"{""acquired_tool_ids"": [7], ""acquisition_complete"": false, ""completed_steps"": [""r2_bearing_right"", ""r1_bearing_right"", ""r1_bearing_left"", ""r2_gear_rod"", ""r2_bearing_left"", ""r2_fasten_first_stand"", ""r2_insert_rod_and_fit_second"", ""r2_fasten_second_stand"", ""r1_gear_rod""], ""head_rotation_deg"": null, ""head_translation_m"": null, ""left_hand_translation_m"": null, ""removed_tool_ids"": [14, 15, 18, 19, 20, 21, 26, 27, 28], ""right_hand_translation_m"": null, ""selected_step"": ""r1_fasten_first_stand"", ""step_attempt"": 9, ""step_elapsed_s"": 4.458187585929409, ""step_event_index"": 22, ""total_hand_translation_m"": null, ""trial_finished_elapsed_s"": null, ""trial_recording"": true, ""trial_required_tool_ids"": [7, 35, 36]}"
2026-09-04T14:07:31.359-04:00,kuber,gesture,tts_started,lifecycle,r1_fasten_first_stand,Row 1.4: fasten right stand,ready,9,23,,,,4.522328,,,,,,,,,,,,,,,,part,,,,,"{""acquired_tool_ids"": [7], ""acquisition_complete"": false, ""completed_steps"": [""r2_bearing_right"", ""r1_bearing_right"", ""r1_bearing_left"", ""r2_gear_rod"", ""r2_bearing_left"", ""r2_fasten_first_stand"", ""r2_insert_rod_and_fit_second"", ""r2_fasten_second_stand"", ""r1_gear_rod""], ""head_rotation_deg"": null, ""head_translation_m"": null, ""left_hand_translation_m"": null, ""removed_tool_ids"": [14, 15, 18, 19, 20, 21, 26, 27, 28], ""right_hand_translation_m"": null, ""selected_step"": ""r1_fasten_first_stand"", ""step_attempt"": 9, ""step_elapsed_s"": 4.522343609947711, ""step_event_index"": 23, ""total_hand_translation_m"": null, ""trial_finished_elapsed_s"": null, ""trial_recording"": true, ""trial_required_tool_ids"": [7, 35, 36]}"
2026-09-04T14:07:31.398-04:00,kuber,gesture,tts_finished,lifecycle,r1_fasten_first_stand,Row 1.4: fasten right stand,ready,9,24,,,,4.561792,,,,,,,,,,,,,,,,part,,,,,"{""acquired_tool_ids"": [7], ""acquisition_complete"": false, ""completed_steps"": [""r2_bearing_right"", ""r1_bearing_right"", ""r1_bearing_left"", ""r2_gear_rod"", ""r2_bearing_left"", ""r2_fasten_first_stand"", ""r2_insert_rod_and_fit_second"", ""r2_fasten_second_stand"", ""r1_gear_rod""], ""head_rotation_deg"": null, ""head_translation_m"": null, ""left_hand_translation_m"": null, ""removed_tool_ids"": [14, 15, 18, 19, 20, 21, 26, 27, 28], ""right_hand_translation_m"": null, ""selected_step"": ""r1_fasten_first_stand"", ""step_attempt"": 9, ""step_elapsed_s"": 4.561804231023416, ""step_event_index"": 24, ""total_hand_translation_m"": null, ""trial_finished_elapsed_s"": null, ""trial_recording"": true, ""trial_required_tool_ids"": [7, 35, 36]}"
2026-09-04T14:07:31.435-04:00,kuber,gesture,tts_started,lifecycle,r1_fasten_first_stand,Row 1.4: fasten right stand,ready,9,25,,,,4.598763,,,,,,,,,,,,,,,,part,,,,,"{""acquired_tool_ids"": [7], ""acquisition_complete"": false, ""completed_steps"": [""r2_bearing_right"", ""r1_bearing_right"", ""r1_bearing_left"", ""r2_gear_rod"", ""r2_bearing_left"", ""r2_fasten_first_stand"", ""r2_insert_rod_and_fit_second"", ""r2_fasten_second_stand"", ""r1_gear_rod""], ""head_rotation_deg"": null, ""head_translation_m"": null, ""left_hand_translation_m"": null, ""removed_tool_ids"": [14, 15, 18, 19, 20, 21, 26, 27, 28], ""right_hand_translation_m"": null, ""selected_step"": ""r1_fasten_first_stand"", ""step_attempt"": 9, ""step_elapsed_s"": 4.598777676932514, ""step_event_index"": 25, ""total_hand_translation_m"": null, ""trial_finished_elapsed_s"": null, ""trial_recording"": true, ""trial_required_tool_ids"": [7, 35, 36]}"
2026-09-04T14:07:31.641-04:00,kuber,gesture,hover,hover,r1_fasten_first_stand,Row 1.4: fasten right stand,ready,9,26,37,BITHOLDER2,,,,,,,,,,,,,,,,,,,,,,,"{""acquired_tool_ids"": [7], ""acquisition_complete"": false, ""completed_steps"": [""r2_bearing_right"", ""r1_bearing_right"", ""r1_bearing_left"", ""r2_gear_rod"", ""r2_bearing_left"", ""r2_fasten_first_stand"", ""r2_insert_rod_and_fit_second"", ""r2_fasten_second_stand"", ""r1_gear_rod""], ""head_rotation_deg"": null, ""head_translation_m"": null, ""left_hand_translation_m"": null, ""removed_tool_ids"": [14, 15, 18, 19, 20, 21, 26, 27, 28], ""right_hand_translation_m"": null, ""selected_step"": ""r1_fasten_first_stand"", ""step_attempt"": 9, ""step_elapsed_s"": 4.804373483988456, ""step_event_index"": 26, ""total_hand_translation_m"": null, ""trial_finished_elapsed_s"": null, ""trial_recording"": true, ""trial_required_tool_ids"": [7, 35, 36]}"
2026-09-04T14:07:31.676-04:00,kuber,gesture,tts_queued,lifecycle,r1_fasten_first_stand,Row 1.4: fasten right stand,ready,9,27,,,,4.839439,,,,,,,,,,,,,,,,bit holder2,,,replace_hover,,"{""acquired_tool_ids"": [7], ""acquisition_complete"": false, ""completed_steps"": [""r2_bearing_right"", ""r1_bearing_right"", ""r1_bearing_left"", ""r2_gear_rod"", ""r2_bearing_left"", ""r2_fasten_first_stand"", ""r2_insert_rod_and_fit_second"", ""r2_fasten_second_stand"", ""r1_gear_rod""], ""head_rotation_deg"": null, ""head_translation_m"": null, ""left_hand_translation_m"": null, ""removed_tool_ids"": [14, 15, 18, 19, 20, 21, 26, 27, 28], ""right_hand_translation_m"": null, ""selected_step"": ""r1_fasten_first_stand"", ""step_attempt"": 9, ""step_elapsed_s"": 4.839451553998515, ""step_event_index"": 27, ""total_hand_translation_m"": null, ""trial_finished_elapsed_s"": null, ""trial_recording"": true, ""trial_required_tool_ids"": [7, 35, 36]}"
2026-09-04T14:07:31.736-04:00,kuber,gesture,tts_finished,lifecycle,r1_fasten_first_stand,Row 1.4: fasten right stand,ready,9,28,,,,4.899114,,,,,,,,,,,,,,,,part,,,,,"{""acquired_tool_ids"": [7], ""acquisition_complete"": false, ""completed_steps"": [""r2_bearing_right"", ""r1_bearing_right"", ""r1_bearing_left"", ""r2_gear_rod"", ""r2_bearing_left"", ""r2_fasten_first_stand"", ""r2_insert_rod_and_fit_second"", ""r2_fasten_second_stand"", ""r1_gear_rod""], ""head_rotation_deg"": null, ""head_translation_m"": null, ""left_hand_translation_m"": null, ""removed_tool_ids"": [14, 15, 18, 19, 20, 21, 26, 27, 28], ""right_hand_translation_m"": null, ""selected_step"": ""r1_fasten_first_stand"", ""step_attempt"": 9, ""step_elapsed_s"": 4.899128022952937, ""step_event_index"": 28, ""total_hand_translation_m"": null, ""trial_finished_elapsed_s"": null, ""trial_recording"": true, ""trial_required_tool_ids"": [7, 35, 36]}"
2026-09-04T14:07:31.769-04:00,kuber,gesture,tts_started,lifecycle,r1_fasten_first_stand,Row 1.4: fasten right stand,ready,9,29,,,,4.931952,,,,,,,,,,,,,,,,bit holder2,,,,,"{""acquired_tool_ids"": [7], ""acquisition_complete"": false, ""completed_steps"": [""r2_bearing_right"", ""r1_bearing_right"", ""r1_bearing_left"", ""r2_gear_rod"", ""r2_bearing_left"", ""r2_fasten_first_stand"", ""r2_insert_rod_and_fit_second"", ""r2_fasten_second_stand"", ""r1_gear_rod""], ""head_rotation_deg"": null, ""head_translation_m"": null, ""left_hand_translation_m"": null, ""removed_tool_ids"": [14, 15, 18, 19, 20, 21, 26, 27, 28], ""right_hand_translation_m"": null, ""selected_step"": ""r1_fasten_first_stand"", ""step_attempt"": 9, ""step_elapsed_s"": 4.931966700940393, ""step_event_index"": 29, ""total_hand_translation_m"": null, ""trial_finished_elapsed_s"": null, ""trial_recording"": true, ""trial_required_tool_ids"": [7, 35, 36]}"
2026-09-04T14:07:32.208-04:00,kuber,gesture,hover,hover,r1_fasten_first_stand,Row 1.4: fasten right stand,ready,9,30,36,BITHOLDER1,,,,,,,,,,,,,,,,,,,,,,,"{""acquired_tool_ids"": [7], ""acquisition_complete"": false, ""completed_steps"": [""r2_bearing_right"", ""r1_bearing_right"", ""r1_bearing_left"", ""r2_gear_rod"", ""r2_bearing_left"", ""r2_fasten_first_stand"", ""r2_insert_rod_and_fit_second"", ""r2_fasten_second_stand"", ""r1_gear_rod""], ""head_rotation_deg"": null, ""head_translation_m"": null, ""left_hand_translation_m"": null, ""removed_tool_ids"": [14, 15, 18, 19, 20, 21, 26, 27, 28], ""right_hand_translation_m"": null, ""selected_step"": ""r1_fasten_first_stand"", ""step_attempt"": 9, ""step_elapsed_s"": 5.371371262939647, ""step_event_index"": 30, ""total_hand_translation_m"": null, ""trial_finished_elapsed_s"": null, ""trial_recording"": true, ""trial_required_tool_ids"": [7, 35, 36]}"
2026-09-04T14:07:32.266-04:00,kuber,gesture,tts_queued,lifecycle,r1_fasten_first_stand,Row 1.4: fasten right stand,ready,9,31,,,,5.429006,,,,,,,,,,,,,,,,bit holder1,,,replace_hover,,"{""acquired_tool_ids"": [7], ""acquisition_complete"": false, ""completed_steps"": [""r2_bearing_right"", ""r1_bearing_right"", ""r1_bearing_left"", ""r2_gear_rod"", ""r2_bearing_left"", ""r2_fasten_first_stand"", ""r2_insert_rod_and_fit_second"", ""r2_fasten_second_stand"", ""r1_gear_rod""], ""head_rotation_deg"": null, ""head_translation_m"": null, ""left_hand_translation_m"": null, ""removed_tool_ids"": [14, 15, 18, 19, 20, 21, 26, 27, 28], ""right_hand_translation_m"": null, ""selected_step"": ""r1_fasten_first_stand"", ""step_attempt"": 9, ""step_elapsed_s"": 5.429024528013542, ""step_event_index"": 31, ""total_hand_translation_m"": null, ""trial_finished_elapsed_s"": null, ""trial_recording"": true, ""trial_required_tool_ids"": [7, 35, 36]}"
2026-09-04T14:07:32.341-04:00,kuber,gesture,tts_finished,lifecycle,r1_fasten_first_stand,Row 1.4: fasten right stand,ready,9,32,,,,5.504523,,,,,,,,,,,,,,,,bit holder2,,,,,"{""acquired_tool_ids"": [7], ""acquisition_complete"": false, ""completed_steps"": [""r2_bearing_right"", ""r1_bearing_right"", ""r1_bearing_left"", ""r2_gear_rod"", ""r2_bearing_left"", ""r2_fasten_first_stand"", ""r2_insert_rod_and_fit_second"", ""r2_fasten_second_stand"", ""r1_gear_rod""], ""head_rotation_deg"": null, ""head_translation_m"": null, ""left_hand_translation_m"": null, ""removed_tool_ids"": [14, 15, 18, 19, 20, 21, 26, 27, 28], ""right_hand_translation_m"": null, ""selected_step"": ""r1_fasten_first_stand"", ""step_attempt"": 9, ""step_elapsed_s"": 5.504538757028058, ""step_event_index"": 32, ""total_hand_translation_m"": null, ""trial_finished_elapsed_s"": null, ""trial_recording"": true, ""trial_required_tool_ids"": [7, 35, 36]}"
2026-09-04T14:07:32.400-04:00,kuber,gesture,tts_started,lifecycle,r1_fasten_first_stand,Row 1.4: fasten right stand,ready,9,33,,,,5.562934,,,,,,,,,,,,,,,,bit holder1,,,,,"{""acquired_tool_ids"": [7], ""acquisition_complete"": false, ""completed_steps"": [""r2_bearing_right"", ""r1_bearing_right"", ""r1_bearing_left"", ""r2_gear_rod"", ""r2_bearing_left"", ""r2_fasten_first_stand"", ""r2_insert_rod_and_fit_second"", ""r2_fasten_second_stand"", ""r1_gear_rod""], ""head_rotation_deg"": null, ""head_translation_m"": null, ""left_hand_translation_m"": null, ""removed_tool_ids"": [14, 15, 18, 19, 20, 21, 26, 27, 28], ""right_hand_translation_m"": null, ""selected_step"": ""r1_fasten_first_stand"", ""step_attempt"": 9, ""step_elapsed_s"": 5.562947198981419, ""step_event_index"": 33, ""total_hand_translation_m"": null, ""trial_finished_elapsed_s"": null, ""trial_recording"": true, ""trial_required_tool_ids"": [7, 35, 36]}"
2026-09-04T14:07:33.265-04:00,kuber,gesture,hover,hover,r1_fasten_first_stand,Row 1.4: fasten right stand,ready,9,34,36,BITHOLDER1,,,,,,,,,,,,,,,,,,,,,,,"{""acquired_tool_ids"": [7], ""acquisition_complete"": false, ""completed_steps"": [""r2_bearing_right"", ""r1_bearing_right"", ""r1_bearing_left"", ""r2_gear_rod"", ""r2_bearing_left"", ""r2_fasten_first_stand"", ""r2_insert_rod_and_fit_second"", ""r2_fasten_second_stand"", ""r1_gear_rod""], ""head_rotation_deg"": null, ""head_translation_m"": null, ""left_hand_translation_m"": null, ""removed_tool_ids"": [14, 15, 18, 19, 20, 21, 26, 27, 28], ""right_hand_translation_m"": null, ""selected_step"": ""r1_fasten_first_stand"", ""step_attempt"": 9, ""step_elapsed_s"": 6.4284430019324645, ""step_event_index"": 34, ""total_hand_translation_m"": null, ""trial_finished_elapsed_s"": null, ""trial_recording"": true, ""trial_required_tool_ids"": [7, 35, 36]}"
2026-09-04T14:07:33.315-04:00,kuber,gesture,tts_queued,lifecycle,r1_fasten_first_stand,Row 1.4: fasten right stand,ready,9,35,,,,6.477972,,,,,,,,,,,,,,,,bit holder1,,,replace_hover,,"{""acquired_tool_ids"": [7], ""acquisition_complete"": false, ""completed_steps"": [""r2_bearing_right"", ""r1_bearing_right"", ""r1_bearing_left"", ""r2_gear_rod"", ""r2_bearing_left"", ""r2_fasten_first_stand"", ""r2_insert_rod_and_fit_second"", ""r2_fasten_second_stand"", ""r1_gear_rod""], ""head_rotation_deg"": null, ""head_translation_m"": null, ""left_hand_translation_m"": null, ""removed_tool_ids"": [14, 15, 18, 19, 20, 21, 26, 27, 28], ""right_hand_translation_m"": null, ""selected_step"": ""r1_fasten_first_stand"", ""step_attempt"": 9, ""step_elapsed_s"": 6.477986746001989, ""step_event_index"": 35, ""total_hand_translation_m"": null, ""trial_finished_elapsed_s"": null, ""trial_recording"": true, ""trial_required_tool_ids"": [7, 35, 36]}"
2026-09-04T14:07:33.379-04:00,kuber,gesture,tts_finished,lifecycle,r1_fasten_first_stand,Row 1.4: fasten right stand,ready,9,36,,,,6.542701,,,,,,,,,,,,,,,,bit holder1,,,,,"{""acquired_tool_ids"": [7], ""acquisition_complete"": false, ""completed_steps"": [""r2_bearing_right"", ""r1_bearing_right"", ""r1_bearing_left"", ""r2_gear_rod"", ""r2_bearing_left"", ""r2_fasten_first_stand"", ""r2_insert_rod_and_fit_second"", ""r2_fasten_second_stand"", ""r1_gear_rod""], ""head_rotation_deg"": null, ""head_translation_m"": null, ""left_hand_translation_m"": null, ""removed_tool_ids"": [14, 15, 18, 19, 20, 21, 26, 27, 28], ""right_hand_translation_m"": null, ""selected_step"": ""r1_fasten_first_stand"", ""step_attempt"": 9, ""step_elapsed_s"": 6.54271226702258, ""step_event_index"": 36, ""total_hand_translation_m"": null, ""trial_finished_elapsed_s"": null, ""trial_recording"": true, ""trial_required_tool_ids"": [7, 35, 36]}"
2026-09-04T14:07:33.416-04:00,kuber,gesture,tts_started,lifecycle,r1_fasten_first_stand,Row 1.4: fasten right stand,ready,9,37,,,,6.579506,,,,,,,,,,,,,,,,bit holder1,,,,,"{""acquired_tool_ids"": [7], ""acquisition_complete"": false, ""completed_steps"": [""r2_bearing_right"", ""r1_bearing_right"", ""r1_bearing_left"", ""r2_gear_rod"", ""r2_bearing_left"", ""r2_fasten_first_stand"", ""r2_insert_rod_and_fit_second"", ""r2_fasten_second_stand"", ""r1_gear_rod""], ""head_rotation_deg"": null, ""head_translation_m"": null, ""left_hand_translation_m"": null, ""removed_tool_ids"": [14, 15, 18, 19, 20, 21, 26, 27, 28], ""right_hand_translation_m"": null, ""selected_step"": ""r1_fasten_first_stand"", ""step_attempt"": 9, ""step_elapsed_s"": 6.579521665931679, ""step_event_index"": 37, ""total_hand_translation_m"": null, ""trial_finished_elapsed_s"": null, ""trial_recording"": true, ""trial_required_tool_ids"": [7, 35, 36]}"
2026-09-04T14:07:33.789-04:00,kuber,gesture,part_selection,click,r1_fasten_first_stand,Row 1.4: fasten right stand,ready,9,38,36,BITHOLDER1,3.670608,6.952395,,,,,,,,,,,,,,,1,,,,,,"{""acquired_tool_ids"": [7, 36], ""acquisition_complete"": false, ""completed_steps"": [""r2_bearing_right"", ""r1_bearing_right"", ""r1_bearing_left"", ""r2_gear_rod"", ""r2_bearing_left"", ""r2_fasten_first_stand"", ""r2_insert_rod_and_fit_second"", ""r2_fasten_second_stand"", ""r1_gear_rod""], ""head_rotation_deg"": null, ""head_translation_m"": null, ""left_hand_translation_m"": null, ""removed_tool_ids"": [14, 15, 18, 19, 20, 21, 26, 27, 28], ""right_hand_translation_m"": null, ""selected_step"": ""r1_fasten_first_stand"", ""step_attempt"": 9, ""step_elapsed_s"": 6.952437077998184, ""step_event_index"": 38, ""total_hand_translation_m"": null, ""trial_finished_elapsed_s"": null, ""trial_recording"": true, ""trial_required_tool_ids"": [7, 35, 36]}"
2026-09-04T14:07:33.843-04:00,kuber,gesture,object_acquired,click,r1_fasten_first_stand,Row 1.4: fasten right stand,ready,9,39,36,BITHOLDER1,3.670608,6.952395,,,,,,,,,,,,,,,1,,,,,,"{""acquired_tool_ids"": [7, 36], ""acquisition_complete"": false, ""completed_steps"": [""r2_bearing_right"", ""r1_bearing_right"", ""r1_bearing_left"", ""r2_gear_rod"", ""r2_bearing_left"", ""r2_fasten_first_stand"", ""r2_insert_rod_and_fit_second"", ""r2_fasten_second_stand"", ""r1_gear_rod""], ""head_rotation_deg"": null, ""head_translation_m"": null, ""left_hand_translation_m"": null, ""removed_tool_ids"": [14, 15, 18, 19, 20, 21, 26, 27, 28], ""right_hand_translation_m"": null, ""selected_step"": ""r1_fasten_first_stand"", ""step_attempt"": 9, ""step_elapsed_s"": 7.006189537001774, ""step_event_index"": 39, ""total_hand_translation_m"": null, ""trial_finished_elapsed_s"": null, ""trial_recording"": true, ""trial_required_tool_ids"": [7, 35, 36]}"
2026-09-04T14:07:33.882-04:00,kuber,gesture,tts_queued,lifecycle,r1_fasten_first_stand,Row 1.4: fasten right stand,ready,9,40,,,,7.045428,,,,,,,,,,,,,,,,1 part left.,,,replace,,"{""acquired_tool_ids"": [7, 36], ""acquisition_complete"": false, ""completed_steps"": [""r2_bearing_right"", ""r1_bearing_right"", ""r1_bearing_left"", ""r2_gear_rod"", ""r2_bearing_left"", ""r2_fasten_first_stand"", ""r2_insert_rod_and_fit_second"", ""r2_fasten_second_stand"", ""r1_gear_rod""], ""head_rotation_deg"": null, ""head_translation_m"": null, ""left_hand_translation_m"": null, ""removed_tool_ids"": [14, 15, 18, 19, 20, 21, 26, 27, 28], ""right_hand_translation_m"": null, ""selected_step"": ""r1_fasten_first_stand"", ""step_attempt"": 9, ""step_elapsed_s"": 7.045462504960597, ""step_event_index"": 40, ""total_hand_translation_m"": null, ""trial_finished_elapsed_s"": null, ""trial_recording"": true, ""trial_required_tool_ids"": [7, 35, 36]}"
2026-09-04T14:07:33.913-04:00,kuber,gesture,tts_finished,lifecycle,r1_fasten_first_stand,Row 1.4: fasten right stand,ready,9,41,,,,7.076649,,,,,,,,,,,,,,,,bit holder1,,,,,"{""acquired_tool_ids"": [7, 36], ""acquisition_complete"": false, ""completed_steps"": [""r2_bearing_right"", ""r1_bearing_right"", ""r1_bearing_left"", ""r2_gear_rod"", ""r2_bearing_left"", ""r2_fasten_first_stand"", ""r2_insert_rod_and_fit_second"", ""r2_fasten_second_stand"", ""r1_gear_rod""], ""head_rotation_deg"": null, ""head_translation_m"": null, ""left_hand_translation_m"": null, ""removed_tool_ids"": [14, 15, 18, 19, 20, 21, 26, 27, 28], ""right_hand_translation_m"": null, ""selected_step"": ""r1_fasten_first_stand"", ""step_attempt"": 9, ""step_elapsed_s"": 7.076662627980113, ""step_event_index"": 41, ""total_hand_translation_m"": null, ""trial_finished_elapsed_s"": null, ""trial_recording"": true, ""trial_required_tool_ids"": [7, 35, 36]}"
2026-09-04T14:07:33.969-04:00,kuber,gesture,tts_started,lifecycle,r1_fasten_first_stand,Row 1.4: fasten right stand,ready,9,42,,,,7.132109,,,,,,,,,,,,,,,,1 part left.,,,,,"{""acquired_tool_ids"": [7, 36], ""acquisition_complete"": false, ""completed_steps"": [""r2_bearing_right"", ""r1_bearing_right"", ""r1_bearing_left"", ""r2_gear_rod"", ""r2_bearing_left"", ""r2_fasten_first_stand"", ""r2_insert_rod_and_fit_second"", ""r2_fasten_second_stand"", ""r1_gear_rod""], ""head_rotation_deg"": null, ""head_translation_m"": null, ""left_hand_translation_m"": null, ""removed_tool_ids"": [14, 15, 18, 19, 20, 21, 26, 27, 28], ""right_hand_translation_m"": null, ""selected_step"": ""r1_fasten_first_stand"", ""step_attempt"": 9, ""step_elapsed_s"": 7.132121269940399, ""step_event_index"": 42, ""total_hand_translation_m"": null, ""trial_finished_elapsed_s"": null, ""trial_recording"": true, ""trial_required_tool_ids"": [7, 35, 36]}"
2026-09-04T14:07:34.489-04:00,kuber,gesture,hover,hover,r1_fasten_first_stand,Row 1.4: fasten right stand,ready,9,43,37,BITHOLDER2,,,,,,,,,,,,,,,,,,,,,,,"{""acquired_tool_ids"": [7, 36], ""acquisition_complete"": false, ""completed_steps"": [""r2_bearing_right"", ""r1_bearing_right"", ""r1_bearing_left"", ""r2_gear_rod"", ""r2_bearing_left"", ""r2_fasten_first_stand"", ""r2_insert_rod_and_fit_second"", ""r2_fasten_second_stand"", ""r1_gear_rod""], ""head_rotation_deg"": null, ""head_translation_m"": null, ""left_hand_translation_m"": null, ""removed_tool_ids"": [14, 15, 18, 19, 20, 21, 26, 27, 28], ""right_hand_translation_m"": null, ""selected_step"": ""r1_fasten_first_stand"", ""step_attempt"": 9, ""step_elapsed_s"": 7.652150723035447, ""step_event_index"": 43, ""total_hand_translation_m"": null, ""trial_finished_elapsed_s"": null, ""trial_recording"": true, ""trial_required_tool_ids"": [7, 35, 36]}"
2026-09-04T14:07:34.521-04:00,kuber,gesture,tts_queued,lifecycle,r1_fasten_first_stand,Row 1.4: fasten right stand,ready,9,44,,,,7.684422,,,,,,,,,,,,,,,,bit holder2,,,replace_hover,,"{""acquired_tool_ids"": [7, 36], ""acquisition_complete"": false, ""completed_steps"": [""r2_bearing_right"", ""r1_bearing_right"", ""r1_bearing_left"", ""r2_gear_rod"", ""r2_bearing_left"", ""r2_fasten_first_stand"", ""r2_insert_rod_and_fit_second"", ""r2_fasten_second_stand"", ""r1_gear_rod""], ""head_rotation_deg"": null, ""head_translation_m"": null, ""left_hand_translation_m"": null, ""removed_tool_ids"": [14, 15, 18, 19, 20, 21, 26, 27, 28], ""right_hand_translation_m"": null, ""selected_step"": ""r1_fasten_first_stand"", ""step_attempt"": 9, ""step_elapsed_s"": 7.68443555792328, ""step_event_index"": 44, ""total_hand_translation_m"": null, ""trial_finished_elapsed_s"": null, ""trial_recording"": true, ""trial_required_tool_ids"": [7, 35, 36]}"
2026-09-04T14:07:34.585-04:00,kuber,gesture,hover,hover,r1_fasten_first_stand,Row 1.4: fasten right stand,ready,9,45,13,MAGNET_POLE_CHECKER,,,,,,,,,,,,,,,,,,,,,,,"{""acquired_tool_ids"": [7, 36], ""acquisition_complete"": false, ""completed_steps"": [""r2_bearing_right"", ""r1_bearing_right"", ""r1_bearing_left"", ""r2_gear_rod"", ""r2_bearing_left"", ""r2_fasten_first_stand"", ""r2_insert_rod_and_fit_second"", ""r2_fasten_second_stand"", ""r1_gear_rod""], ""head_rotation_deg"": null, ""head_translation_m"": null, ""left_hand_translation_m"": null, ""removed_tool_ids"": [14, 15, 18, 19, 20, 21, 26, 27, 28], ""right_hand_translation_m"": null, ""selected_step"": ""r1_fasten_first_stand"", ""step_attempt"": 9, ""step_elapsed_s"": 7.7480035399785265, ""step_event_index"": 45, ""total_hand_translation_m"": null, ""trial_finished_elapsed_s"": null, ""trial_recording"": true, ""trial_required_tool_ids"": [7, 35, 36]}"
2026-09-04T14:07:34.620-04:00,kuber,gesture,tts_queued,lifecycle,r1_fasten_first_stand,Row 1.4: fasten right stand,ready,9,46,,,,7.783709,,,,,,,,,,,,,,,,part,,,replace_hover,,"{""acquired_tool_ids"": [7, 36], ""acquisition_complete"": false, ""completed_steps"": [""r2_bearing_right"", ""r1_bearing_right"", ""r1_bearing_left"", ""r2_gear_rod"", ""r2_bearing_left"", ""r2_fasten_first_stand"", ""r2_insert_rod_and_fit_second"", ""r2_fasten_second_stand"", ""r1_gear_rod""], ""head_rotation_deg"": null, ""head_translation_m"": null, ""left_hand_translation_m"": null, ""removed_tool_ids"": [14, 15, 18, 19, 20, 21, 26, 27, 28], ""right_hand_translation_m"": null, ""selected_step"": ""r1_fasten_first_stand"", ""step_attempt"": 9, ""step_elapsed_s"": 7.7837213849416, ""step_event_index"": 46, ""total_hand_translation_m"": null, ""trial_finished_elapsed_s"": null, ""trial_recording"": true, ""trial_required_tool_ids"": [7, 35, 36]}"
2026-09-04T14:07:34.703-04:00,kuber,gesture,hover,hover,r1_fasten_first_stand,Row 1.4: fasten right stand,ready,9,47,11,FLATHEAD_SCREWDRIVER,,,,,,,,,,,,,,,,,,,,,,,"{""acquired_tool_ids"": [7, 36], ""acquisition_complete"": false, ""completed_steps"": [""r2_bearing_right"", ""r1_bearing_right"", ""r1_bearing_left"", ""r2_gear_rod"", ""r2_bearing_left"", ""r2_fasten_first_stand"", ""r2_insert_rod_and_fit_second"", ""r2_fasten_second_stand"", ""r1_gear_rod""], ""head_rotation_deg"": null, ""head_translation_m"": null, ""left_hand_translation_m"": null, ""removed_tool_ids"": [14, 15, 18, 19, 20, 21, 26, 27, 28], ""right_hand_translation_m"": null, ""selected_step"": ""r1_fasten_first_stand"", ""step_attempt"": 9, ""step_elapsed_s"": 7.8662867549574, ""step_event_index"": 47, ""total_hand_translation_m"": null, ""trial_finished_elapsed_s"": null, ""trial_recording"": true, ""trial_required_tool_ids"": [7, 35, 36]}"
2026-09-04T14:07:34.762-04:00,kuber,gesture,tts_queued,lifecycle,r1_fasten_first_stand,Row 1.4: fasten right stand,ready,9,48,,,,7.925482,,,,,,,,,,,,,,,,part,,,replace_hover,,"{""acquired_tool_ids"": [7, 36], ""acquisition_complete"": false, ""completed_steps"": [""r2_bearing_right"", ""r1_bearing_right"", ""r1_bearing_left"", ""r2_gear_rod"", ""r2_bearing_left"", ""r2_fasten_first_stand"", ""r2_insert_rod_and_fit_second"", ""r2_fasten_second_stand"", ""r1_gear_rod""], ""head_rotation_deg"": null, ""head_translation_m"": null, ""left_hand_translation_m"": null, ""removed_tool_ids"": [14, 15, 18, 19, 20, 21, 26, 27, 28], ""right_hand_translation_m"": null, ""selected_step"": ""r1_fasten_first_stand"", ""step_attempt"": 9, ""step_elapsed_s"": 7.925496926996857, ""step_event_index"": 48, ""total_hand_translation_m"": null, ""trial_finished_elapsed_s"": null, ""trial_recording"": true, ""trial_required_tool_ids"": [7, 35, 36]}"
2026-09-04T14:07:34.829-04:00,kuber,gesture,hover,hover,r1_fasten_first_stand,Row 1.4: fasten right stand,ready,9,49,23,GEAR_STAND_ROW3_RIGHT,,,,,,,,,,,,,,,,,,,,,,,"{""acquired_tool_ids"": [7, 36], ""acquisition_complete"": false, ""completed_steps"": [""r2_bearing_right"", ""r1_bearing_right"", ""r1_bearing_left"", ""r2_gear_rod"", ""r2_bearing_left"", ""r2_fasten_first_stand"", ""r2_insert_rod_and_fit_second"", ""r2_fasten_second_stand"", ""r1_gear_rod""], ""head_rotation_deg"": null, ""head_translation_m"": null, ""left_hand_translation_m"": null, ""removed_tool_ids"": [14, 15, 18, 19, 20, 21, 26, 27, 28], ""right_hand_translation_m"": null, ""selected_step"": ""r1_fasten_first_stand"", ""step_attempt"": 9, ""step_elapsed_s"": 7.992429798934609, ""step_event_index"": 49, ""total_hand_translation_m"": null, ""trial_finished_elapsed_s"": null, ""trial_recording"": true, ""trial_required_tool_ids"": [7, 35, 36]}"
2026-09-04T14:07:34.876-04:00,kuber,gesture,tts_queued,lifecycle,r1_fasten_first_stand,Row 1.4: fasten right stand,ready,9,50,,,,8.039052,,,,,,,,,,,,,,,,Row 3 right stand,,,replace_hover,,"{""acquired_tool_ids"": [7, 36], ""acquisition_complete"": false, ""completed_steps"": [""r2_bearing_right"", ""r1_bearing_right"", ""r1_bearing_left"", ""r2_gear_rod"", ""r2_bearing_left"", ""r2_fasten_first_stand"", ""r2_insert_rod_and_fit_second"", ""r2_fasten_second_stand"", ""r1_gear_rod""], ""head_rotation_deg"": null, ""head_translation_m"": null, ""left_hand_translation_m"": null, ""removed_tool_ids"": [14, 15, 18, 19, 20, 21, 26, 27, 28], ""right_hand_translation_m"": null, ""selected_step"": ""r1_fasten_first_stand"", ""step_attempt"": 9, ""step_elapsed_s"": 8.039066526922397, ""step_event_index"": 50, ""total_hand_translation_m"": null, ""trial_finished_elapsed_s"": null, ""trial_recording"": true, ""trial_required_tool_ids"": [7, 35, 36]}"
2026-09-04T14:07:34.950-04:00,kuber,gesture,tts_finished,lifecycle,r1_fasten_first_stand,Row 1.4: fasten right stand,ready,9,51,,,,8.113310,,,,,,,,,,,,,,,,1 part left.,,,,,"{""acquired_tool_ids"": [7, 36], ""acquisition_complete"": false, ""completed_steps"": [""r2_bearing_right"", ""r1_bearing_right"", ""r1_bearing_left"", ""r2_gear_rod"", ""r2_bearing_left"", ""r2_fasten_first_stand"", ""r2_insert_rod_and_fit_second"", ""r2_fasten_second_stand"", ""r1_gear_rod""], ""head_rotation_deg"": null, ""head_translation_m"": null, ""left_hand_translation_m"": null, ""removed_tool_ids"": [14, 15, 18, 19, 20, 21, 26, 27, 28], ""right_hand_translation_m"": null, ""selected_step"": ""r1_fasten_first_stand"", ""step_attempt"": 9, ""step_elapsed_s"": 8.113321027019992, ""step_event_index"": 51, ""total_hand_translation_m"": null, ""trial_finished_elapsed_s"": null, ""trial_recording"": true, ""trial_required_tool_ids"": [7, 35, 36]}"
2026-09-04T14:07:34.994-04:00,kuber,gesture,tts_started,lifecycle,r1_fasten_first_stand,Row 1.4: fasten right stand,ready,9,52,,,,8.157622,,,,,,,,,,,,,,,,bit holder2,,,,,"{""acquired_tool_ids"": [7, 36], ""acquisition_complete"": false, ""completed_steps"": [""r2_bearing_right"", ""r1_bearing_right"", ""r1_bearing_left"", ""r2_gear_rod"", ""r2_bearing_left"", ""r2_fasten_first_stand"", ""r2_insert_rod_and_fit_second"", ""r2_fasten_second_stand"", ""r1_gear_rod""], ""head_rotation_deg"": null, ""head_translation_m"": null, ""left_hand_translation_m"": null, ""removed_tool_ids"": [14, 15, 18, 19, 20, 21, 26, 27, 28], ""right_hand_translation_m"": null, ""selected_step"": ""r1_fasten_first_stand"", ""step_attempt"": 9, ""step_elapsed_s"": 8.157634682953358, ""step_event_index"": 52, ""total_hand_translation_m"": null, ""trial_finished_elapsed_s"": null, ""trial_recording"": true, ""trial_required_tool_ids"": [7, 35, 36]}"
2026-09-04T14:07:35.086-04:00,kuber,gesture,tts_finished,lifecycle,r1_fasten_first_stand,Row 1.4: fasten right stand,ready,9,53,,,,8.248998,,,,,,,,,,,,,,,,bit holder2,,,,,"{""acquired_tool_ids"": [7, 36], ""acquisition_complete"": false, ""completed_steps"": [""r2_bearing_right"", ""r1_bearing_right"", ""r1_bearing_left"", ""r2_gear_rod"", ""r2_bearing_left"", ""r2_fasten_first_stand"", ""r2_insert_rod_and_fit_second"", ""r2_fasten_second_stand"", ""r1_gear_rod""], ""head_rotation_deg"": null, ""head_translation_m"": null, ""left_hand_translation_m"": null, ""removed_tool_ids"": [14, 15, 18, 19, 20, 21, 26, 27, 28], ""right_hand_translation_m"": null, ""selected_step"": ""r1_fasten_first_stand"", ""step_attempt"": 9, ""step_elapsed_s"": 8.249013631022535, ""step_event_index"": 53, ""total_hand_translation_m"": null, ""trial_finished_elapsed_s"": null, ""trial_recording"": true, ""trial_required_tool_ids"": [7, 35, 36]}"
2026-09-04T14:07:35.154-04:00,kuber,gesture,tts_started,lifecycle,r1_fasten_first_stand,Row 1.4: fasten right stand,ready,9,54,,,,8.317564,,,,,,,,,,,,,,,,part,,,,,"{""acquired_tool_ids"": [7, 36], ""acquisition_complete"": false, ""completed_steps"": [""r2_bearing_right"", ""r1_bearing_right"", ""r1_bearing_left"", ""r2_gear_rod"", ""r2_bearing_left"", ""r2_fasten_first_stand"", ""r2_insert_rod_and_fit_second"", ""r2_fasten_second_stand"", ""r1_gear_rod""], ""head_rotation_deg"": null, ""head_translation_m"": null, ""left_hand_translation_m"": null, ""removed_tool_ids"": [14, 15, 18, 19, 20, 21, 26, 27, 28], ""right_hand_translation_m"": null, ""selected_step"": ""r1_fasten_first_stand"", ""step_attempt"": 9, ""step_elapsed_s"": 8.317574976943433, ""step_event_index"": 54, ""total_hand_translation_m"": null, ""trial_finished_elapsed_s"": null, ""trial_recording"": true, ""trial_required_tool_ids"": [7, 35, 36]}"
2026-09-04T14:07:35.208-04:00,kuber,gesture,tts_finished,lifecycle,r1_fasten_first_stand,Row 1.4: fasten right stand,ready,9,55,,,,8.371422,,,,,,,,,,,,,,,,part,,,,,"{""acquired_tool_ids"": [7, 36], ""acquisition_complete"": false, ""completed_steps"": [""r2_bearing_right"", ""r1_bearing_right"", ""r1_bearing_left"", ""r2_gear_rod"", ""r2_bearing_left"", ""r2_fasten_first_stand"", ""r2_insert_rod_and_fit_second"", ""r2_fasten_second_stand"", ""r1_gear_rod""], ""head_rotation_deg"": null, ""head_translation_m"": null, ""left_hand_translation_m"": null, ""removed_tool_ids"": [14, 15, 18, 19, 20, 21, 26, 27, 28], ""right_hand_translation_m"": null, ""selected_step"": ""r1_fasten_first_stand"", ""step_attempt"": 9, ""step_elapsed_s"": 8.371435015928, ""step_event_index"": 55, ""total_hand_translation_m"": null, ""trial_finished_elapsed_s"": null, ""trial_recording"": true, ""trial_required_tool_ids"": [7, 35, 36]}"
2026-09-04T14:07:35.250-04:00,kuber,gesture,tts_started,lifecycle,r1_fasten_first_stand,Row 1.4: fasten right stand,ready,9,56,,,,8.412948,,,,,,,,,,,,,,,,part,,,,,"{""acquired_tool_ids"": [7, 36], ""acquisition_complete"": false, ""completed_steps"": [""r2_bearing_right"", ""r1_bearing_right"", ""r1_bearing_left"", ""r2_gear_rod"", ""r2_bearing_left"", ""r2_fasten_first_stand"", ""r2_insert_rod_and_fit_second"", ""r2_fasten_second_stand"", ""r1_gear_rod""], ""head_rotation_deg"": null, ""head_translation_m"": null, ""left_hand_translation_m"": null, ""removed_tool_ids"": [14, 15, 18, 19, 20, 21, 26, 27, 28], ""right_hand_translation_m"": null, ""selected_step"": ""r1_fasten_first_stand"", ""step_attempt"": 9, ""step_elapsed_s"": 8.41296103503555, ""step_event_index"": 56, ""total_hand_translation_m"": null, ""trial_finished_elapsed_s"": null, ""trial_recording"": true, ""trial_required_tool_ids"": [7, 35, 36]}"
2026-09-04T14:07:35.315-04:00,kuber,gesture,tts_finished,lifecycle,r1_fasten_first_stand,Row 1.4: fasten right stand,ready,9,57,,,,8.478008,,,,,,,,,,,,,,,,part,,,,,"{""acquired_tool_ids"": [7, 36], ""acquisition_complete"": false, ""completed_steps"": [""r2_bearing_right"", ""r1_bearing_right"", ""r1_bearing_left"", ""r2_gear_rod"", ""r2_bearing_left"", ""r2_fasten_first_stand"", ""r2_insert_rod_and_fit_second"", ""r2_fasten_second_stand"", ""r1_gear_rod""], ""head_rotation_deg"": null, ""head_translation_m"": null, ""left_hand_translation_m"": null, ""removed_tool_ids"": [14, 15, 18, 19, 20, 21, 26, 27, 28], ""right_hand_translation_m"": null, ""selected_step"": ""r1_fasten_first_stand"", ""step_attempt"": 9, ""step_elapsed_s"": 8.478020466980524, ""step_event_index"": 57, ""total_hand_translation_m"": null, ""trial_finished_elapsed_s"": null, ""trial_recording"": true, ""trial_required_tool_ids"": [7, 35, 36]}"
2026-09-04T14:07:35.366-04:00,kuber,gesture,tts_started,lifecycle,r1_fasten_first_stand,Row 1.4: fasten right stand,ready,9,58,,,,8.528856,,,,,,,,,,,,,,,,Row 3 right stand,,,,,"{""acquired_tool_ids"": [7, 36], ""acquisition_complete"": false, ""completed_steps"": [""r2_bearing_right"", ""r1_bearing_right"", ""r1_bearing_left"", ""r2_gear_rod"", ""r2_bearing_left"", ""r2_fasten_first_stand"", ""r2_insert_rod_and_fit_second"", ""r2_fasten_second_stand"", ""r1_gear_rod""], ""head_rotation_deg"": null, ""head_translation_m"": null, ""left_hand_translation_m"": null, ""removed_tool_ids"": [14, 15, 18, 19, 20, 21, 26, 27, 28], ""right_hand_translation_m"": null, ""selected_step"": ""r1_fasten_first_stand"", ""step_attempt"": 9, ""step_elapsed_s"": 8.528872078983113, ""step_event_index"": 58, ""total_hand_translation_m"": null, ""trial_finished_elapsed_s"": null, ""trial_recording"": true, ""trial_required_tool_ids"": [7, 35, 36]}"
2026-09-04T14:07:35.435-04:00,kuber,gesture,hover,hover,r1_fasten_first_stand,Row 1.4: fasten right stand,ready,9,59,29,GEAR_ROW3_LEFT,,,,,,,,,,,,,,,,,,,,,,,"{""acquired_tool_ids"": [7, 36], ""acquisition_complete"": false, ""completed_steps"": [""r2_bearing_right"", ""r1_bearing_right"", ""r1_bearing_left"", ""r2_gear_rod"", ""r2_bearing_left"", ""r2_fasten_first_stand"", ""r2_insert_rod_and_fit_second"", ""r2_fasten_second_stand"", ""r1_gear_rod""], ""head_rotation_deg"": null, ""head_translation_m"": null, ""left_hand_translation_m"": null, ""removed_tool_ids"": [14, 15, 18, 19, 20, 21, 26, 27, 28], ""right_hand_translation_m"": null, ""selected_step"": ""r1_fasten_first_stand"", ""step_attempt"": 9, ""step_elapsed_s"": 8.598761848988943, ""step_event_index"": 59, ""total_hand_translation_m"": null, ""trial_finished_elapsed_s"": null, ""trial_recording"": true, ""trial_required_tool_ids"": [7, 35, 36]}"
2026-09-04T14:07:35.492-04:00,kuber,gesture,tts_queued,lifecycle,r1_fasten_first_stand,Row 1.4: fasten right stand,ready,9,60,,,,8.654948,,,,,,,,,,,,,,,,Row 3 left gear,,,replace_hover,,"{""acquired_tool_ids"": [7, 36], ""acquisition_complete"": false, ""completed_steps"": [""r2_bearing_right"", ""r1_bearing_right"", ""r1_bearing_left"", ""r2_gear_rod"", ""r2_bearing_left"", ""r2_fasten_first_stand"", ""r2_insert_rod_and_fit_second"", ""r2_fasten_second_stand"", ""r1_gear_rod""], ""head_rotation_deg"": null, ""head_translation_m"": null, ""left_hand_translation_m"": null, ""removed_tool_ids"": [14, 15, 18, 19, 20, 21, 26, 27, 28], ""right_hand_translation_m"": null, ""selected_step"": ""r1_fasten_first_stand"", ""step_attempt"": 9, ""step_elapsed_s"": 8.65496020403225, ""step_event_index"": 60, ""total_hand_translation_m"": null, ""trial_finished_elapsed_s"": null, ""trial_recording"": true, ""trial_required_tool_ids"": [7, 35, 36]}"
2026-09-04T14:07:35.601-04:00,kuber,gesture,hover,hover,r1_fasten_first_stand,Row 1.4: fasten right stand,ready,9,61,35,SCREWS,,,,,,,,,,,,,,,,,,,,,,,"{""acquired_tool_ids"": [7, 36], ""acquisition_complete"": false, ""completed_steps"": [""r2_bearing_right"", ""r1_bearing_right"", ""r1_bearing_left"", ""r2_gear_rod"", ""r2_bearing_left"", ""r2_fasten_first_stand"", ""r2_insert_rod_and_fit_second"", ""r2_fasten_second_stand"", ""r1_gear_rod""], ""head_rotation_deg"": null, ""head_translation_m"": null, ""left_hand_translation_m"": null, ""removed_tool_ids"": [14, 15, 18, 19, 20, 21, 26, 27, 28], ""right_hand_translation_m"": null, ""selected_step"": ""r1_fasten_first_stand"", ""step_attempt"": 9, ""step_elapsed_s"": 8.764014512998983, ""step_event_index"": 61, ""total_hand_translation_m"": null, ""trial_finished_elapsed_s"": null, ""trial_recording"": true, ""trial_required_tool_ids"": [7, 35, 36]}"
2026-09-04T14:07:35.679-04:00,kuber,gesture,tts_queued,lifecycle,r1_fasten_first_stand,Row 1.4: fasten right stand,ready,9,62,,,,8.842456,,,,,,,,,,,,,,,,screw,,,replace_hover,,"{""acquired_tool_ids"": [7, 36], ""acquisition_complete"": false, ""completed_steps"": [""r2_bearing_right"", ""r1_bearing_right"", ""r1_bearing_left"", ""r2_gear_rod"", ""r2_bearing_left"", ""r2_fasten_first_stand"", ""r2_insert_rod_and_fit_second"", ""r2_fasten_second_stand"", ""r1_gear_rod""], ""head_rotation_deg"": null, ""head_translation_m"": null, ""left_hand_translation_m"": null, ""removed_tool_ids"": [14, 15, 18, 19, 20, 21, 26, 27, 28], ""right_hand_translation_m"": null, ""selected_step"": ""r1_fasten_first_stand"", ""step_attempt"": 9, ""step_elapsed_s"": 8.842471097013913, ""step_event_index"": 62, ""total_hand_translation_m"": null, ""trial_finished_elapsed_s"": null, ""trial_recording"": true, ""trial_required_tool_ids"": [7, 35, 36]}"
2026-09-04T14:07:35.814-04:00,kuber,gesture,tts_finished,lifecycle,r1_fasten_first_stand,Row 1.4: fasten right stand,ready,9,63,,,,8.977755,,,,,,,,,,,,,,,,Row 3 right stand,,,,,"{""acquired_tool_ids"": [7, 36], ""acquisition_complete"": false, ""completed_steps"": [""r2_bearing_right"", ""r1_bearing_right"", ""r1_bearing_left"", ""r2_gear_rod"", ""r2_bearing_left"", ""r2_fasten_first_stand"", ""r2_insert_rod_and_fit_second"", ""r2_fasten_second_stand"", ""r1_gear_rod""], ""head_rotation_deg"": null, ""head_translation_m"": null, ""left_hand_translation_m"": null, ""removed_tool_ids"": [14, 15, 18, 19, 20, 21, 26, 27, 28], ""right_hand_translation_m"": null, ""selected_step"": ""r1_fasten_first_stand"", ""step_attempt"": 9, ""step_elapsed_s"": 8.977767565986142, ""step_event_index"": 63, ""total_hand_translation_m"": null, ""trial_finished_elapsed_s"": null, ""trial_recording"": true, ""trial_required_tool_ids"": [7, 35, 36]}"
2026-09-04T14:07:35.891-04:00,kuber,gesture,tts_started,lifecycle,r1_fasten_first_stand,Row 1.4: fasten right stand,ready,9,64,,,,9.054043,,,,,,,,,,,,,,,,Row 3 left gear,,,,,"{""acquired_tool_ids"": [7, 36], ""acquisition_complete"": false, ""completed_steps"": [""r2_bearing_right"", ""r1_bearing_right"", ""r1_bearing_left"", ""r2_gear_rod"", ""r2_bearing_left"", ""r2_fasten_first_stand"", ""r2_insert_rod_and_fit_second"", ""r2_fasten_second_stand"", ""r1_gear_rod""], ""head_rotation_deg"": null, ""head_translation_m"": null, ""left_hand_translation_m"": null, ""removed_tool_ids"": [14, 15, 18, 19, 20, 21, 26, 27, 28], ""right_hand_translation_m"": null, ""selected_step"": ""r1_fasten_first_stand"", ""step_attempt"": 9, ""step_elapsed_s"": 9.054053831961937, ""step_event_index"": 64, ""total_hand_translation_m"": null, ""trial_finished_elapsed_s"": null, ""trial_recording"": true, ""trial_required_tool_ids"": [7, 35, 36]}"
2026-09-04T14:07:35.989-04:00,kuber,gesture,tts_finished,lifecycle,r1_fasten_first_stand,Row 1.4: fasten right stand,ready,9,65,,,,9.152708,,,,,,,,,,,,,,,,Row 3 left gear,,,,,"{""acquired_tool_ids"": [7, 36], ""acquisition_complete"": false, ""completed_steps"": [""r2_bearing_right"", ""r1_bearing_right"", ""r1_bearing_left"", ""r2_gear_rod"", ""r2_bearing_left"", ""r2_fasten_first_stand"", ""r2_insert_rod_and_fit_second"", ""r2_fasten_second_stand"", ""r1_gear_rod""], ""head_rotation_deg"": null, ""head_translation_m"": null, ""left_hand_translation_m"": null, ""removed_tool_ids"": [14, 15, 18, 19, 20, 21, 26, 27, 28], ""right_hand_translation_m"": null, ""selected_step"": ""r1_fasten_first_stand"", ""step_attempt"": 9, ""step_elapsed_s"": 9.152720910031348, ""step_event_index"": 65, ""total_hand_translation_m"": null, ""trial_finished_elapsed_s"": null, ""trial_recording"": true, ""trial_required_tool_ids"": [7, 35, 36]}"
2026-09-04T14:07:36.115-04:00,kuber,gesture,tts_started,lifecycle,r1_fasten_first_stand,Row 1.4: fasten right stand,ready,9,66,,,,9.277818,,,,,,,,,,,,,,,,screw,,,,,"{""acquired_tool_ids"": [7, 36], ""acquisition_complete"": false, ""completed_steps"": [""r2_bearing_right"", ""r1_bearing_right"", ""r1_bearing_left"", ""r2_gear_rod"", ""r2_bearing_left"", ""r2_fasten_first_stand"", ""r2_insert_rod_and_fit_second"", ""r2_fasten_second_stand"", ""r1_gear_rod""], ""head_rotation_deg"": null, ""head_translation_m"": null, ""left_hand_translation_m"": null, ""removed_tool_ids"": [14, 15, 18, 19, 20, 21, 26, 27, 28], ""right_hand_translation_m"": null, ""selected_step"": ""r1_fasten_first_stand"", ""step_attempt"": 9, ""step_elapsed_s"": 9.277833338011988, ""step_event_index"": 66, ""total_hand_translation_m"": null, ""trial_finished_elapsed_s"": null, ""trial_recording"": true, ""trial_required_tool_ids"": [7, 35, 36]}"
2026-09-04T14:07:36.286-04:00,kuber,gesture,tts_finished,lifecycle,r1_fasten_first_stand,Row 1.4: fasten right stand,ready,9,67,,,,9.449351,,,,,,,,,,,,,,,,screw,,,,,"{""acquired_tool_ids"": [7, 36], ""acquisition_complete"": false, ""completed_steps"": [""r2_bearing_right"", ""r1_bearing_right"", ""r1_bearing_left"", ""r2_gear_rod"", ""r2_bearing_left"", ""r2_fasten_first_stand"", ""r2_insert_rod_and_fit_second"", ""r2_fasten_second_stand"", ""r1_gear_rod""], ""head_rotation_deg"": null, ""head_translation_m"": null, ""left_hand_translation_m"": null, ""removed_tool_ids"": [14, 15, 18, 19, 20, 21, 26, 27, 28], ""right_hand_translation_m"": null, ""selected_step"": ""r1_fasten_first_stand"", ""step_attempt"": 9, ""step_elapsed_s"": 9.449361399980262, ""step_event_index"": 67, ""total_hand_translation_m"": null, ""trial_finished_elapsed_s"": null, ""trial_recording"": true, ""trial_required_tool_ids"": [7, 35, 36]}"
2026-09-04T14:07:36.976-04:00,kuber,gesture,part_selection,click,r1_fasten_first_stand,Row 1.4: fasten right stand,ready,9,68,35,SCREWS,3.186593,10.138988,,,,,,,,,,,,,,,1,,,,,,"{""acquired_tool_ids"": [7, 35, 36], ""acquisition_complete"": false, ""completed_steps"": [""r2_bearing_right"", ""r1_bearing_right"", ""r1_bearing_left"", ""r2_gear_rod"", ""r2_bearing_left"", ""r2_fasten_first_stand"", ""r2_insert_rod_and_fit_second"", ""r2_fasten_second_stand"", ""r1_gear_rod""], ""head_rotation_deg"": null, ""head_translation_m"": null, ""left_hand_translation_m"": null, ""removed_tool_ids"": [14, 15, 18, 19, 20, 21, 26, 27, 28], ""right_hand_translation_m"": null, ""selected_step"": ""r1_fasten_first_stand"", ""step_attempt"": 9, ""step_elapsed_s"": 10.139028167934157, ""step_event_index"": 68, ""total_hand_translation_m"": null, ""trial_finished_elapsed_s"": null, ""trial_recording"": true, ""trial_required_tool_ids"": [7, 35, 36]}"
2026-09-04T14:07:37.055-04:00,kuber,gesture,object_acquired,click,r1_fasten_first_stand,Row 1.4: fasten right stand,ready,9,69,35,SCREWS,3.186593,10.138988,,,,,,,,,,,,,,,1,,,,,,"{""acquired_tool_ids"": [7, 35, 36], ""acquisition_complete"": false, ""completed_steps"": [""r2_bearing_right"", ""r1_bearing_right"", ""r1_bearing_left"", ""r2_gear_rod"", ""r2_bearing_left"", ""r2_fasten_first_stand"", ""r2_insert_rod_and_fit_second"", ""r2_fasten_second_stand"", ""r1_gear_rod""], ""head_rotation_deg"": null, ""head_translation_m"": null, ""left_hand_translation_m"": null, ""removed_tool_ids"": [14, 15, 18, 19, 20, 21, 26, 27, 28], ""right_hand_translation_m"": null, ""selected_step"": ""r1_fasten_first_stand"", ""step_attempt"": 9, ""step_elapsed_s"": 10.218041508924216, ""step_event_index"": 69, ""total_hand_translation_m"": null, ""trial_finished_elapsed_s"": null, ""trial_recording"": true, ""trial_required_tool_ids"": [7, 35, 36]}"
2026-09-04T14:07:37.106-04:00,kuber,gesture,step_acquisition_complete,click,r1_fasten_first_stand,Row 1.4: fasten right stand,ready,9,70,,,,10.267038,0.110759,33.310756,0.028193,0.329050,0.357243,0.000000,5.137573,5.137573,51.102858,0,15,0.000000,0.153301,0.153301,,,,,,,"{""acquired_tool_ids"": [7, 35, 36], ""acquisition_complete"": true, ""any_hover_time_s"": 5.137573492014781, ""completed_steps"": [""r2_bearing_right"", ""r1_bearing_right"", ""r1_bearing_left"", ""r2_gear_rod"", ""r2_bearing_left"", ""r2_fasten_first_stand"", ""r2_insert_rod_and_fit_second"", ""r2_fasten_second_stand"", ""r1_gear_rod""], ""head_rotation_deg"": 33.310755742998346, ""head_translation_m"": 0.11075914500195357, ""hover_time_percent"": 51.10285799001756, ""left_hand_translation_m"": 0.028193418566209605, ""left_hover_episodes"": 0, ""left_hover_time_s"": 0.0, ""left_hover_translation_m"": 0.0, ""removed_tool_ids"": [14, 15, 18, 19, 20, 21, 26, 27, 28], ""right_hand_translation_m"": 0.32904982653561315, ""right_hover_episodes"": 15, ""right_hover_time_s"": 5.137573492014781, ""right_hover_translation_m"": 0.15330105951470255, ""selected_step"": ""r1_fasten_first_stand"", ""step_attempt"": 9, ""step_elapsed_s"": 10.267037658952177, ""step_event_index"": 70, ""total_hand_translation_m"": 0.35724324510182276, ""total_hover_translation_m"": 0.15330105951470255, ""trial_finished_elapsed_s"": 10.267037658952177, ""trial_recording"": false, ""trial_required_tool_ids"": [7, 35, 36]}"
2026-09-04T14:07:37.144-04:00,kuber,gesture,graph_complete,,r1_fasten_first_stand,Row 1.4: fasten right stand,complete,9,71,,,,,,,,,,,,,,,,,,,,,,,,,"{""acquired_tool_ids"": [7, 35, 36], ""acquisition_complete"": true, ""any_hover_time_s"": 5.137573492014781, ""completed_steps"": [""r2_bearing_right"", ""r1_bearing_right"", ""r1_bearing_left"", ""r2_gear_rod"", ""r2_bearing_left"", ""r2_fasten_first_stand"", ""r2_insert_rod_and_fit_second"", ""r2_fasten_second_stand"", ""r1_gear_rod"", ""r1_fasten_first_stand"", ""r1_insert_rod_and_fit_second"", ""r1_fasten_second_stand""], ""head_rotation_deg"": 33.310755742998346, ""head_translation_m"": 0.11075914500195357, ""hover_time_percent"": 51.10285799001756, ""left_hand_translation_m"": 0.028193418566209605, ""left_hover_episodes"": 0, ""left_hover_time_s"": 0.0, ""left_hover_translation_m"": 0.0, ""removed_tool_ids"": [14, 15, 18, 19, 20, 21, 26, 27, 28], ""right_hand_translation_m"": 0.32904982653561315, ""right_hover_episodes"": 15, ""right_hover_time_s"": 5.137573492014781, ""right_hover_translation_m"": 0.15330105951470255, ""selected_step"": ""r1_fasten_first_stand"", ""step_attempt"": 9, ""step_elapsed_s"": 10.267037658952177, ""step_event_index"": 71, ""total_hand_translation_m"": 0.35724324510182276, ""total_hover_translation_m"": 0.15330105951470255, ""trial_finished_elapsed_s"": 10.267037658952177, ""trial_recording"": false, ""trial_required_tool_ids"": [7, 35, 36]}"
