timestamp,participant_id,condition,event_type,modality,step_id,step_title,step_state,step_attempt,step_event_index,tool_id,tool_name,part_elapsed_s,step_elapsed_s,head_translation_m,head_rotation_deg,left_hand_translation_m,right_hand_translation_m,total_hand_translation_m,left_hover_time_s,right_hover_time_s,any_hover_time_s,hover_time_percent,left_hover_episodes,right_hover_episodes,left_hover_translation_m,right_hover_translation_m,total_hover_translation_m,correct,transcript,vlm_prediction,vlm_raw,graph_decision,spoken_response,state_json
2026-09-04T14:20:59.580-04:00,kuber,task_aware,step_started,keyboard,r2_bearing_right,Row 2.1: bearing into right stand,ready,3,1,,,,,,,,,,,,,,,,,,,,,,,,,"{""acquired_tool_ids"": [], ""acquisition_complete"": false, ""completed_steps"": [], ""head_rotation_deg"": null, ""head_translation_m"": null, ""left_hand_translation_m"": null, ""removed_tool_ids"": [], ""right_hand_translation_m"": null, ""selected_step"": ""r2_bearing_right"", ""step_attempt"": 3, ""step_elapsed_s"": 4.9873022362589836e-05, ""step_event_index"": 1, ""total_hand_translation_m"": null, ""trial_finished_elapsed_s"": null, ""trial_recording"": true, ""trial_required_tool_ids"": [21, 34]}"
2026-09-04T14:20:59.617-04:00,kuber,task_aware,task_aware_highlight_presented,system,r2_bearing_right,Row 2.1: bearing into right stand,ready,3,2,,,,,,,,,,,,,,,,,,,,,"[34, 21]",,task_aware_proactive_highlight,,"{""acquired_tool_ids"": [], ""acquisition_complete"": false, ""completed_steps"": [], ""head_rotation_deg"": null, ""head_translation_m"": null, ""left_hand_translation_m"": null, ""removed_tool_ids"": [], ""right_hand_translation_m"": null, ""selected_step"": ""r2_bearing_right"", ""step_attempt"": 3, ""step_elapsed_s"": 0.03662664501462132, ""step_event_index"": 2, ""total_hand_translation_m"": null, ""trial_finished_elapsed_s"": null, ""trial_recording"": true, ""trial_required_tool_ids"": [21, 34]}"
2026-09-04T14:21:04.927-04:00,kuber,task_aware,participant_speech_submitted,speech,r2_bearing_right,Row 2.1: bearing into right stand,ready,3,3,,,,5.347326,,,,,,,,,,,,,,,,give me one of the parts,,,speech_proxy,,"{""acquired_tool_ids"": [], ""acquisition_complete"": false, ""completed_steps"": [], ""head_rotation_deg"": null, ""head_translation_m"": null, ""left_hand_translation_m"": null, ""removed_tool_ids"": [], ""right_hand_translation_m"": null, ""selected_step"": ""r2_bearing_right"", ""step_attempt"": 3, ""step_elapsed_s"": 5.347348997020163, ""step_event_index"": 3, ""total_hand_translation_m"": null, ""trial_finished_elapsed_s"": null, ""trial_recording"": true, ""trial_required_tool_ids"": [21, 34]}"
2026-09-04T14:21:04.982-04:00,kuber,task_aware,vlm_request_submitted,speech,r2_bearing_right,Row 2.1: bearing into right stand,ready,3,4,,,,5.401430,,,,,,,,,,,,,,,,give me one of the parts,,,speech_proxy,,"{""acquired_tool_ids"": [], ""acquisition_complete"": false, ""completed_steps"": [], ""head_rotation_deg"": null, ""head_translation_m"": null, ""left_hand_translation_m"": null, ""removed_tool_ids"": [], ""right_hand_translation_m"": null, ""selected_step"": ""r2_bearing_right"", ""step_attempt"": 3, ""step_elapsed_s"": 5.401441105059348, ""step_event_index"": 4, ""total_hand_translation_m"": null, ""trial_finished_elapsed_s"": null, ""trial_recording"": true, ""trial_required_tool_ids"": [21, 34]}"
2026-09-04T14:21:09.436-04:00,kuber,task_aware,vlm_inference_completed,lifecycle,r2_bearing_right,Row 2.1: bearing into right stand,ready,3,5,,,,9.856069,,,,,,,,,,,,,,,,give me one of the parts,,,AMBIGUOUS,,"{""acquired_tool_ids"": [], ""acquisition_complete"": false, ""completed_steps"": [], ""head_rotation_deg"": null, ""head_translation_m"": null, ""left_hand_translation_m"": null, ""removed_tool_ids"": [], ""right_hand_translation_m"": null, ""selected_step"": ""r2_bearing_right"", ""step_attempt"": 3, ""step_elapsed_s"": 9.85607910505496, ""step_event_index"": 5, ""total_hand_translation_m"": null, ""trial_finished_elapsed_s"": null, ""trial_recording"": true, ""trial_required_tool_ids"": [21, 34]}"
2026-09-04T14:21:09.484-04:00,kuber,task_aware,vlm_interaction,language,r2_bearing_right,Row 2.1: bearing into right stand,ready,3,6,,,,,,,,,,,,,,,,,,,,give me one of the parts,BEARINGS,"{""intent"":""part_reference"",""part_action"":""fetch"",""reference_relation"":""member_of_recent_set"",""step_scope"":"""",""target"":""AMBIGUOUS"",""candidates"":[],""exclude_labels"":[]}",selected_step_physical_cycle,I identified and highlighted the bearing.,"{""acquired_tool_ids"": [], ""acquisition_complete"": false, ""completed_steps"": [], ""head_rotation_deg"": null, ""head_translation_m"": null, ""left_hand_translation_m"": null, ""removed_tool_ids"": [], ""right_hand_translation_m"": null, ""selected_step"": ""r2_bearing_right"", ""step_attempt"": 3, ""step_elapsed_s"": 9.903996480046771, ""step_event_index"": 6, ""total_hand_translation_m"": null, ""trial_finished_elapsed_s"": null, ""trial_recording"": true, ""trial_required_tool_ids"": [21, 34]}"
2026-09-04T14:21:09.499-04:00,kuber,task_aware,part_selection,language,r2_bearing_right,Row 2.1: bearing into right stand,ready,3,7,34,BEARINGS,9.919024,9.919024,,,,,,,,,,,,,,,1,,,,,,"{""acquired_tool_ids"": [34], ""acquisition_complete"": false, ""completed_steps"": [], ""head_rotation_deg"": null, ""head_translation_m"": null, ""left_hand_translation_m"": null, ""removed_tool_ids"": [], ""right_hand_translation_m"": null, ""selected_step"": ""r2_bearing_right"", ""step_attempt"": 3, ""step_elapsed_s"": 9.91909276403021, ""step_event_index"": 7, ""total_hand_translation_m"": null, ""trial_finished_elapsed_s"": null, ""trial_recording"": true, ""trial_required_tool_ids"": [21, 34]}"
2026-09-04T14:21:09.522-04:00,kuber,task_aware,object_acquired,language,r2_bearing_right,Row 2.1: bearing into right stand,ready,3,8,34,BEARINGS,9.919024,9.919024,,,,,,,,,,,,,,,1,,,,,,"{""acquired_tool_ids"": [34], ""acquisition_complete"": false, ""completed_steps"": [], ""head_rotation_deg"": null, ""head_translation_m"": null, ""left_hand_translation_m"": null, ""removed_tool_ids"": [], ""right_hand_translation_m"": null, ""selected_step"": ""r2_bearing_right"", ""step_attempt"": 3, ""step_elapsed_s"": 9.94170278601814, ""step_event_index"": 8, ""total_hand_translation_m"": null, ""trial_finished_elapsed_s"": null, ""trial_recording"": true, ""trial_required_tool_ids"": [21, 34]}"
2026-09-04T14:21:09.570-04:00,kuber,task_aware,tts_queued,lifecycle,r2_bearing_right,Row 2.1: bearing into right stand,ready,3,9,,,,9.989497,,,,,,,,,,,,,,,,1 part left.,,,replace,,"{""acquired_tool_ids"": [34], ""acquisition_complete"": false, ""completed_steps"": [], ""head_rotation_deg"": null, ""head_translation_m"": null, ""left_hand_translation_m"": null, ""removed_tool_ids"": [], ""right_hand_translation_m"": null, ""selected_step"": ""r2_bearing_right"", ""step_attempt"": 3, ""step_elapsed_s"": 9.989506904035807, ""step_event_index"": 9, ""total_hand_translation_m"": null, ""trial_finished_elapsed_s"": null, ""trial_recording"": true, ""trial_required_tool_ids"": [21, 34]}"
2026-09-04T14:21:09.632-04:00,kuber,task_aware,tts_started,lifecycle,r2_bearing_right,Row 2.1: bearing into right stand,ready,3,10,,,,10.051705,,,,,,,,,,,,,,,,1 part left.,,,,,"{""acquired_tool_ids"": [34], ""acquisition_complete"": false, ""completed_steps"": [], ""head_rotation_deg"": null, ""head_translation_m"": null, ""left_hand_translation_m"": null, ""removed_tool_ids"": [], ""right_hand_translation_m"": null, ""selected_step"": ""r2_bearing_right"", ""step_attempt"": 3, ""step_elapsed_s"": 10.051721420022659, ""step_event_index"": 10, ""total_hand_translation_m"": null, ""trial_finished_elapsed_s"": null, ""trial_recording"": true, ""trial_required_tool_ids"": [21, 34]}"
2026-09-04T14:21:11.304-04:00,kuber,task_aware,tts_finished,lifecycle,r2_bearing_right,Row 2.1: bearing into right stand,ready,3,11,,,,11.723747,,,,,,,,,,,,,,,,1 part left.,,,,,"{""acquired_tool_ids"": [34], ""acquisition_complete"": false, ""completed_steps"": [], ""head_rotation_deg"": null, ""head_translation_m"": null, ""left_hand_translation_m"": null, ""removed_tool_ids"": [], ""right_hand_translation_m"": null, ""selected_step"": ""r2_bearing_right"", ""step_attempt"": 3, ""step_elapsed_s"": 11.723758724052459, ""step_event_index"": 11, ""total_hand_translation_m"": null, ""trial_finished_elapsed_s"": null, ""trial_recording"": true, ""trial_required_tool_ids"": [21, 34]}"
2026-09-04T14:21:16.655-04:00,kuber,task_aware,participant_speech_submitted,speech,r2_bearing_right,Row 2.1: bearing into right stand,ready,3,12,,,,17.074989,,,,,,,,,,,,,,,,other one,,,speech_proxy,,"{""acquired_tool_ids"": [34], ""acquisition_complete"": false, ""completed_steps"": [], ""head_rotation_deg"": null, ""head_translation_m"": null, ""left_hand_translation_m"": null, ""removed_tool_ids"": [], ""right_hand_translation_m"": null, ""selected_step"": ""r2_bearing_right"", ""step_attempt"": 3, ""step_elapsed_s"": 17.075001119985245, ""step_event_index"": 12, ""total_hand_translation_m"": null, ""trial_finished_elapsed_s"": null, ""trial_recording"": true, ""trial_required_tool_ids"": [21, 34]}"
2026-09-04T14:21:16.687-04:00,kuber,task_aware,vlm_request_submitted,speech,r2_bearing_right,Row 2.1: bearing into right stand,ready,3,13,,,,17.106915,,,,,,,,,,,,,,,,other one,,,speech_proxy,,"{""acquired_tool_ids"": [34], ""acquisition_complete"": false, ""completed_steps"": [], ""head_rotation_deg"": null, ""head_translation_m"": null, ""left_hand_translation_m"": null, ""removed_tool_ids"": [], ""right_hand_translation_m"": null, ""selected_step"": ""r2_bearing_right"", ""step_attempt"": 3, ""step_elapsed_s"": 17.10693187697325, ""step_event_index"": 13, ""total_hand_translation_m"": null, ""trial_finished_elapsed_s"": null, ""trial_recording"": true, ""trial_required_tool_ids"": [21, 34]}"
2026-09-04T14:21:20.690-04:00,kuber,task_aware,vlm_inference_completed,lifecycle,r2_bearing_right,Row 2.1: bearing into right stand,ready,3,14,,,,21.109959,,,,,,,,,,,,,,,,other one,,,STEP_ITEMS,,"{""acquired_tool_ids"": [34], ""acquisition_complete"": false, ""completed_steps"": [], ""head_rotation_deg"": null, ""head_translation_m"": null, ""left_hand_translation_m"": null, ""removed_tool_ids"": [], ""right_hand_translation_m"": null, ""selected_step"": ""r2_bearing_right"", ""step_attempt"": 3, ""step_elapsed_s"": 21.109971947036684, ""step_event_index"": 14, ""total_hand_translation_m"": null, ""trial_finished_elapsed_s"": null, ""trial_recording"": true, ""trial_required_tool_ids"": [21, 34]}"
2026-09-04T14:21:20.732-04:00,kuber,task_aware,vlm_interaction,language,r2_bearing_right,Row 2.1: bearing into right stand,ready,3,15,,,,,,,,,,,,,,,,,,,,other one,GEAR_STAND_ROW2_RIGHT,"{""intent"":""step_items_request"",""item_scope"":""parts"",""part_action"":""reference"",""reference_relation"":""alternative_to_previous"",""step_scope"":""selected_step"",""target"":"""",""candidates"":[],""exclude_labels"":[]}",selected_step_physical_cycle,I identified and highlighted the Row 2 right stand.,"{""acquired_tool_ids"": [34], ""acquisition_complete"": false, ""completed_steps"": [], ""head_rotation_deg"": null, ""head_translation_m"": null, ""left_hand_translation_m"": null, ""removed_tool_ids"": [], ""right_hand_translation_m"": null, ""selected_step"": ""r2_bearing_right"", ""step_attempt"": 3, ""step_elapsed_s"": 21.151926981983706, ""step_event_index"": 15, ""total_hand_translation_m"": null, ""trial_finished_elapsed_s"": null, ""trial_recording"": true, ""trial_required_tool_ids"": [21, 34]}"
2026-09-04T14:21:20.776-04:00,kuber,task_aware,part_selection,language,r2_bearing_right,Row 2.1: bearing into right stand,ready,3,16,21,GEAR_STAND_ROW2_RIGHT,11.276794,21.195818,,,,,,,,,,,,,,,1,,,,,,"{""acquired_tool_ids"": [21, 34], ""acquisition_complete"": false, ""completed_steps"": [], ""head_rotation_deg"": null, ""head_translation_m"": null, ""left_hand_translation_m"": null, ""removed_tool_ids"": [], ""right_hand_translation_m"": null, ""selected_step"": ""r2_bearing_right"", ""step_attempt"": 3, ""step_elapsed_s"": 21.195861715008505, ""step_event_index"": 16, ""total_hand_translation_m"": null, ""trial_finished_elapsed_s"": null, ""trial_recording"": true, ""trial_required_tool_ids"": [21, 34]}"
2026-09-04T14:21:20.795-04:00,kuber,task_aware,object_acquired,language,r2_bearing_right,Row 2.1: bearing into right stand,ready,3,17,21,GEAR_STAND_ROW2_RIGHT,11.276794,21.195818,,,,,,,,,,,,,,,1,,,,,,"{""acquired_tool_ids"": [21, 34], ""acquisition_complete"": false, ""completed_steps"": [], ""head_rotation_deg"": null, ""head_translation_m"": null, ""left_hand_translation_m"": null, ""removed_tool_ids"": [], ""right_hand_translation_m"": null, ""selected_step"": ""r2_bearing_right"", ""step_attempt"": 3, ""step_elapsed_s"": 21.21469029202126, ""step_event_index"": 17, ""total_hand_translation_m"": null, ""trial_finished_elapsed_s"": null, ""trial_recording"": true, ""trial_required_tool_ids"": [21, 34]}"
2026-09-04T14:21:20.828-04:00,kuber,task_aware,step_acquisition_complete,language,r2_bearing_right,Row 2.1: bearing into right stand,ready,3,18,,,,21.246865,0.217658,81.253408,0.050095,0.644042,0.694137,0.000000,0.000000,0.000000,0.000000,0,0,0.000000,0.000000,0.000000,,,,,,,"{""acquired_tool_ids"": [21, 34], ""acquisition_complete"": true, ""any_hover_time_s"": 0.0, ""completed_steps"": [], ""head_rotation_deg"": 81.25340759833503, ""head_translation_m"": 0.21765831039631964, ""hover_time_percent"": 0.0, ""left_hand_translation_m"": 0.050094913604465996, ""left_hover_episodes"": 0, ""left_hover_time_s"": 0.0, ""left_hover_translation_m"": 0.0, ""removed_tool_ids"": [21], ""right_hand_translation_m"": 0.6440417718443511, ""right_hover_episodes"": 0, ""right_hover_time_s"": 0.0, ""right_hover_translation_m"": 0.0, ""selected_step"": ""r2_bearing_right"", ""step_attempt"": 3, ""step_elapsed_s"": 21.24686528404709, ""step_event_index"": 18, ""total_hand_translation_m"": 0.6941366854488171, ""total_hover_translation_m"": 0.0, ""trial_finished_elapsed_s"": 21.24686528404709, ""trial_recording"": false, ""trial_required_tool_ids"": [21, 34]}"
2026-09-04T14:21:20.848-04:00,kuber,task_aware,graph_complete,,r2_bearing_right,Row 2.1: bearing into right stand,complete,3,19,,,,,,,,,,,,,,,,,,,,,,,,,"{""acquired_tool_ids"": [21, 34], ""acquisition_complete"": true, ""any_hover_time_s"": 0.0, ""completed_steps"": [""r2_bearing_right""], ""head_rotation_deg"": 81.25340759833503, ""head_translation_m"": 0.21765831039631964, ""hover_time_percent"": 0.0, ""left_hand_translation_m"": 0.050094913604465996, ""left_hover_episodes"": 0, ""left_hover_time_s"": 0.0, ""left_hover_translation_m"": 0.0, ""removed_tool_ids"": [21], ""right_hand_translation_m"": 0.6440417718443511, ""right_hover_episodes"": 0, ""right_hover_time_s"": 0.0, ""right_hover_translation_m"": 0.0, ""selected_step"": ""r2_bearing_right"", ""step_attempt"": 3, ""step_elapsed_s"": 21.24686528404709, ""step_event_index"": 19, ""total_hand_translation_m"": 0.6941366854488171, ""total_hover_translation_m"": 0.0, ""trial_finished_elapsed_s"": 21.24686528404709, ""trial_recording"": false, ""trial_required_tool_ids"": [21, 34]}"
2026-09-04T14:21:36.031-04:00,kuber,task_aware,step_started,keyboard,r2_bearing_left,Row 2.3: bearing into left stand,ready,4,1,,,,,,,,,,,,,,,,,,,,,,,,,"{""acquired_tool_ids"": [], ""acquisition_complete"": false, ""completed_steps"": [""r2_bearing_right""], ""head_rotation_deg"": null, ""head_translation_m"": null, ""left_hand_translation_m"": null, ""removed_tool_ids"": [21], ""right_hand_translation_m"": null, ""selected_step"": ""r2_bearing_left"", ""step_attempt"": 4, ""step_elapsed_s"": 0.0008769469568505883, ""step_event_index"": 1, ""total_hand_translation_m"": null, ""trial_finished_elapsed_s"": null, ""trial_recording"": true, ""trial_required_tool_ids"": [20]}"
2026-09-04T14:21:36.073-04:00,kuber,task_aware,task_aware_highlight_presented,system,r2_bearing_left,Row 2.3: bearing into left stand,ready,4,2,,,,,,,,,,,,,,,,,,,,,"[34, 20]",,task_aware_proactive_highlight,,"{""acquired_tool_ids"": [], ""acquisition_complete"": false, ""completed_steps"": [""r2_bearing_right""], ""head_rotation_deg"": null, ""head_translation_m"": null, ""left_hand_translation_m"": null, ""removed_tool_ids"": [21], ""right_hand_translation_m"": null, ""selected_step"": ""r2_bearing_left"", ""step_attempt"": 4, ""step_elapsed_s"": 0.041993638034909964, ""step_event_index"": 2, ""total_hand_translation_m"": null, ""trial_finished_elapsed_s"": null, ""trial_recording"": true, ""trial_required_tool_ids"": [20]}"
2026-09-04T14:21:46.827-04:00,kuber,task_aware,participant_speech_submitted,speech,r2_bearing_left,Row 2.3: bearing into left stand,ready,4,3,,,,10.796379,,,,,,,,,,,,,,,,gearstand,,,speech_proxy,,"{""acquired_tool_ids"": [], ""acquisition_complete"": false, ""completed_steps"": [""r2_bearing_right""], ""head_rotation_deg"": null, ""head_translation_m"": null, ""left_hand_translation_m"": null, ""removed_tool_ids"": [21], ""right_hand_translation_m"": null, ""selected_step"": ""r2_bearing_left"", ""step_attempt"": 4, ""step_elapsed_s"": 10.796396060963161, ""step_event_index"": 3, ""total_hand_translation_m"": null, ""trial_finished_elapsed_s"": null, ""trial_recording"": true, ""trial_required_tool_ids"": [20]}"
2026-09-04T14:21:46.865-04:00,kuber,task_aware,vlm_request_submitted,speech,r2_bearing_left,Row 2.3: bearing into left stand,ready,4,4,,,,10.833934,,,,,,,,,,,,,,,,gearstand,,,speech_proxy,,"{""acquired_tool_ids"": [], ""acquisition_complete"": false, ""completed_steps"": [""r2_bearing_right""], ""head_rotation_deg"": null, ""head_translation_m"": null, ""left_hand_translation_m"": null, ""removed_tool_ids"": [21], ""right_hand_translation_m"": null, ""selected_step"": ""r2_bearing_left"", ""step_attempt"": 4, ""step_elapsed_s"": 10.833953564986587, ""step_event_index"": 4, ""total_hand_translation_m"": null, ""trial_finished_elapsed_s"": null, ""trial_recording"": true, ""trial_required_tool_ids"": [20]}"
2026-09-04T14:21:50.805-04:00,kuber,task_aware,vlm_inference_completed,lifecycle,r2_bearing_left,Row 2.3: bearing into left stand,ready,4,5,,,,14.774763,,,,,,,,,,,,,,,,gearstand,,,STAND_ROW2_LEFT,,"{""acquired_tool_ids"": [], ""acquisition_complete"": false, ""completed_steps"": [""r2_bearing_right""], ""head_rotation_deg"": null, ""head_translation_m"": null, ""left_hand_translation_m"": null, ""removed_tool_ids"": [21], ""right_hand_translation_m"": null, ""selected_step"": ""r2_bearing_left"", ""step_attempt"": 4, ""step_elapsed_s"": 14.774773317039944, ""step_event_index"": 5, ""total_hand_translation_m"": null, ""trial_finished_elapsed_s"": null, ""trial_recording"": true, ""trial_required_tool_ids"": [20]}"
2026-09-04T14:21:50.847-04:00,kuber,task_aware,vlm_interaction,language,r2_bearing_left,Row 2.3: bearing into left stand,ready,4,6,,,,,,,,,,,,,,,,,,,,gearstand,STAND_ROW2_LEFT,"{""intent"":""part_reference"",""part_action"":""reference"",""reference_relation"":""direct"",""step_scope"":""selected_step"",""target"":""STAND_ROW2_LEFT"",""candidates"":[],""exclude_labels"":[]}",language_grounded,I identified and highlighted the Row 2 left stand.,"{""acquired_tool_ids"": [], ""acquisition_complete"": false, ""completed_steps"": [""r2_bearing_right""], ""head_rotation_deg"": null, ""head_translation_m"": null, ""left_hand_translation_m"": null, ""removed_tool_ids"": [21], ""right_hand_translation_m"": null, ""selected_step"": ""r2_bearing_left"", ""step_attempt"": 4, ""step_elapsed_s"": 14.816437021945603, ""step_event_index"": 6, ""total_hand_translation_m"": null, ""trial_finished_elapsed_s"": null, ""trial_recording"": true, ""trial_required_tool_ids"": [20]}"
2026-09-04T14:21:50.869-04:00,kuber,task_aware,part_selection,language,r2_bearing_left,Row 2.3: bearing into left stand,ready,4,7,20,GEAR_STAND_ROW2_LEFT,14.838210,14.838210,,,,,,,,,,,,,,,1,,,,,,"{""acquired_tool_ids"": [20], ""acquisition_complete"": false, ""completed_steps"": [""r2_bearing_right""], ""head_rotation_deg"": null, ""head_translation_m"": null, ""left_hand_translation_m"": null, ""removed_tool_ids"": [21], ""right_hand_translation_m"": null, ""selected_step"": ""r2_bearing_left"", ""step_attempt"": 4, ""step_elapsed_s"": 14.83825186395552, ""step_event_index"": 7, ""total_hand_translation_m"": null, ""trial_finished_elapsed_s"": null, ""trial_recording"": true, ""trial_required_tool_ids"": [20]}"
2026-09-04T14:21:50.879-04:00,kuber,task_aware,object_acquired,language,r2_bearing_left,Row 2.3: bearing into left stand,ready,4,8,20,GEAR_STAND_ROW2_LEFT,14.838210,14.838210,,,,,,,,,,,,,,,1,,,,,,"{""acquired_tool_ids"": [20], ""acquisition_complete"": false, ""completed_steps"": [""r2_bearing_right""], ""head_rotation_deg"": null, ""head_translation_m"": null, ""left_hand_translation_m"": null, ""removed_tool_ids"": [21], ""right_hand_translation_m"": null, ""selected_step"": ""r2_bearing_left"", ""step_attempt"": 4, ""step_elapsed_s"": 14.84807045897469, ""step_event_index"": 8, ""total_hand_translation_m"": null, ""trial_finished_elapsed_s"": null, ""trial_recording"": true, ""trial_required_tool_ids"": [20]}"
2026-09-04T14:21:50.907-04:00,kuber,task_aware,step_acquisition_complete,language,r2_bearing_left,Row 2.3: bearing into left stand,ready,4,9,,,,14.875186,0.286597,141.897037,0.057233,0.484986,0.542218,0.000000,0.000000,0.000000,0.000000,0,0,0.000000,0.000000,0.000000,,,,,,,"{""acquired_tool_ids"": [20], ""acquisition_complete"": true, ""any_hover_time_s"": 0.0, ""completed_steps"": [""r2_bearing_right""], ""head_rotation_deg"": 141.8970366506485, ""head_translation_m"": 0.28659669459396087, ""hover_time_percent"": 0.0, ""left_hand_translation_m"": 0.0572326681937195, ""left_hover_episodes"": 0, ""left_hover_time_s"": 0.0, ""left_hover_translation_m"": 0.0, ""removed_tool_ids"": [20, 21], ""right_hand_translation_m"": 0.48498550073563196, ""right_hover_episodes"": 0, ""right_hover_time_s"": 0.0, ""right_hover_translation_m"": 0.0, ""selected_step"": ""r2_bearing_left"", ""step_attempt"": 4, ""step_elapsed_s"": 14.87518640095368, ""step_event_index"": 9, ""total_hand_translation_m"": 0.5422181689293515, ""total_hover_translation_m"": 0.0, ""trial_finished_elapsed_s"": 14.87518640095368, ""trial_recording"": false, ""trial_required_tool_ids"": [20]}"
2026-09-04T14:21:50.920-04:00,kuber,task_aware,graph_complete,,r2_bearing_left,Row 2.3: bearing into left stand,complete,4,10,,,,,,,,,,,,,,,,,,,,,,,,,"{""acquired_tool_ids"": [20], ""acquisition_complete"": true, ""any_hover_time_s"": 0.0, ""completed_steps"": [""r2_bearing_right"", ""r2_bearing_left""], ""head_rotation_deg"": 141.8970366506485, ""head_translation_m"": 0.28659669459396087, ""hover_time_percent"": 0.0, ""left_hand_translation_m"": 0.0572326681937195, ""left_hover_episodes"": 0, ""left_hover_time_s"": 0.0, ""left_hover_translation_m"": 0.0, ""removed_tool_ids"": [20, 21], ""right_hand_translation_m"": 0.48498550073563196, ""right_hover_episodes"": 0, ""right_hover_time_s"": 0.0, ""right_hover_translation_m"": 0.0, ""selected_step"": ""r2_bearing_left"", ""step_attempt"": 4, ""step_elapsed_s"": 14.87518640095368, ""step_event_index"": 10, ""total_hand_translation_m"": 0.5422181689293515, ""total_hover_translation_m"": 0.0, ""trial_finished_elapsed_s"": 14.87518640095368, ""trial_recording"": false, ""trial_required_tool_ids"": [20]}"
2026-09-04T14:21:59.275-04:00,kuber,task_aware,step_started,keyboard,r2_gear_rod,Row 2.2: assemble gear rod,ready,5,1,,,,,,,,,,,,,,,,,,,,,,,,,"{""acquired_tool_ids"": [], ""acquisition_complete"": false, ""completed_steps"": [""r2_bearing_right"", ""r2_bearing_left""], ""head_rotation_deg"": null, ""head_translation_m"": null, ""left_hand_translation_m"": null, ""removed_tool_ids"": [20, 21], ""right_hand_translation_m"": null, ""selected_step"": ""r2_gear_rod"", ""step_attempt"": 5, ""step_elapsed_s"": 0.0004703450249508023, ""step_event_index"": 1, ""total_hand_translation_m"": null, ""trial_finished_elapsed_s"": null, ""trial_recording"": true, ""trial_required_tool_ids"": [15, 27, 28, 33]}"
2026-09-04T14:21:59.289-04:00,kuber,task_aware,task_aware_highlight_presented,system,r2_gear_rod,Row 2.2: assemble gear rod,ready,5,2,,,,,,,,,,,,,,,,,,,,,"[15, 27, 28, 33]",,task_aware_proactive_highlight,,"{""acquired_tool_ids"": [], ""acquisition_complete"": false, ""completed_steps"": [""r2_bearing_right"", ""r2_bearing_left""], ""head_rotation_deg"": null, ""head_translation_m"": null, ""left_hand_translation_m"": null, ""removed_tool_ids"": [20, 21], ""right_hand_translation_m"": null, ""selected_step"": ""r2_gear_rod"", ""step_attempt"": 5, ""step_elapsed_s"": 0.014494857983663678, ""step_event_index"": 2, ""total_hand_translation_m"": null, ""trial_finished_elapsed_s"": null, ""trial_recording"": true, ""trial_required_tool_ids"": [15, 27, 28, 33]}"
2026-09-04T14:22:02.411-04:00,kuber,task_aware,participant_speech_submitted,speech,r2_gear_rod,Row 2.2: assemble gear rod,ready,5,3,,,,3.135677,,,,,,,,,,,,,,,,rod,,,speech_proxy,,"{""acquired_tool_ids"": [], ""acquisition_complete"": false, ""completed_steps"": [""r2_bearing_right"", ""r2_bearing_left""], ""head_rotation_deg"": null, ""head_translation_m"": null, ""left_hand_translation_m"": null, ""removed_tool_ids"": [20, 21], ""right_hand_translation_m"": null, ""selected_step"": ""r2_gear_rod"", ""step_attempt"": 5, ""step_elapsed_s"": 3.1356917270459235, ""step_event_index"": 3, ""total_hand_translation_m"": null, ""trial_finished_elapsed_s"": null, ""trial_recording"": true, ""trial_required_tool_ids"": [15, 27, 28, 33]}"
2026-09-04T14:22:02.461-04:00,kuber,task_aware,vlm_request_submitted,speech,r2_gear_rod,Row 2.2: assemble gear rod,ready,5,4,,,,3.186104,,,,,,,,,,,,,,,,rod,,,speech_proxy,,"{""acquired_tool_ids"": [], ""acquisition_complete"": false, ""completed_steps"": [""r2_bearing_right"", ""r2_bearing_left""], ""head_rotation_deg"": null, ""head_translation_m"": null, ""left_hand_translation_m"": null, ""removed_tool_ids"": [20, 21], ""right_hand_translation_m"": null, ""selected_step"": ""r2_gear_rod"", ""step_attempt"": 5, ""step_elapsed_s"": 3.1861144540598616, ""step_event_index"": 4, ""total_hand_translation_m"": null, ""trial_finished_elapsed_s"": null, ""trial_recording"": true, ""trial_required_tool_ids"": [15, 27, 28, 33]}"
2026-09-04T14:22:06.478-04:00,kuber,task_aware,vlm_inference_completed,lifecycle,r2_gear_rod,Row 2.2: assemble gear rod,ready,5,5,,,,7.203169,,,,,,,,,,,,,,,,rod,,,GEAR_ROD_ROW2,,"{""acquired_tool_ids"": [], ""acquisition_complete"": false, ""completed_steps"": [""r2_bearing_right"", ""r2_bearing_left""], ""head_rotation_deg"": null, ""head_translation_m"": null, ""left_hand_translation_m"": null, ""removed_tool_ids"": [20, 21], ""right_hand_translation_m"": null, ""selected_step"": ""r2_gear_rod"", ""step_attempt"": 5, ""step_elapsed_s"": 7.20318082801532, ""step_event_index"": 5, ""total_hand_translation_m"": null, ""trial_finished_elapsed_s"": null, ""trial_recording"": true, ""trial_required_tool_ids"": [15, 27, 28, 33]}"
2026-09-04T14:22:06.547-04:00,kuber,task_aware,vlm_interaction,language,r2_gear_rod,Row 2.2: assemble gear rod,ready,5,6,,,,,,,,,,,,,,,,,,,,rod,GEAR_ROD_ROW2,"{""intent"":""part_reference"",""part_action"":""reference"",""reference_relation"":""direct"",""step_scope"":""selected_step"",""target"":""GEAR_ROD_ROW2"",""candidates"":[],""exclude_labels"":[]}",language_grounded,I identified and highlighted the Row 2 gear rod.,"{""acquired_tool_ids"": [], ""acquisition_complete"": false, ""completed_steps"": [""r2_bearing_right"", ""r2_bearing_left""], ""head_rotation_deg"": null, ""head_translation_m"": null, ""left_hand_translation_m"": null, ""removed_tool_ids"": [20, 21], ""right_hand_translation_m"": null, ""selected_step"": ""r2_gear_rod"", ""step_attempt"": 5, ""step_elapsed_s"": 7.272361877025105, ""step_event_index"": 6, ""total_hand_translation_m"": null, ""trial_finished_elapsed_s"": null, ""trial_recording"": true, ""trial_required_tool_ids"": [15, 27, 28, 33]}"
2026-09-04T14:22:06.579-04:00,kuber,task_aware,part_selection,language,r2_gear_rod,Row 2.2: assemble gear rod,ready,5,7,15,GEAR_ROD_ROW2,7.303754,7.303754,,,,,,,,,,,,,,,1,,,,,,"{""acquired_tool_ids"": [15], ""acquisition_complete"": false, ""completed_steps"": [""r2_bearing_right"", ""r2_bearing_left""], ""head_rotation_deg"": null, ""head_translation_m"": null, ""left_hand_translation_m"": null, ""removed_tool_ids"": [20, 21], ""right_hand_translation_m"": null, ""selected_step"": ""r2_gear_rod"", ""step_attempt"": 5, ""step_elapsed_s"": 7.303796139080077, ""step_event_index"": 7, ""total_hand_translation_m"": null, ""trial_finished_elapsed_s"": null, ""trial_recording"": true, ""trial_required_tool_ids"": [15, 27, 28, 33]}"
2026-09-04T14:22:06.642-04:00,kuber,task_aware,object_acquired,language,r2_gear_rod,Row 2.2: assemble gear rod,ready,5,8,15,GEAR_ROD_ROW2,7.303754,7.303754,,,,,,,,,,,,,,,1,,,,,,"{""acquired_tool_ids"": [15], ""acquisition_complete"": false, ""completed_steps"": [""r2_bearing_right"", ""r2_bearing_left""], ""head_rotation_deg"": null, ""head_translation_m"": null, ""left_hand_translation_m"": null, ""removed_tool_ids"": [20, 21], ""right_hand_translation_m"": null, ""selected_step"": ""r2_gear_rod"", ""step_attempt"": 5, ""step_elapsed_s"": 7.367277911980636, ""step_event_index"": 8, ""total_hand_translation_m"": null, ""trial_finished_elapsed_s"": null, ""trial_recording"": true, ""trial_required_tool_ids"": [15, 27, 28, 33]}"
2026-09-04T14:22:06.684-04:00,kuber,task_aware,tts_queued,lifecycle,r2_gear_rod,Row 2.2: assemble gear rod,ready,5,9,,,,7.408931,,,,,,,,,,,,,,,,3 parts left.,,,replace,,"{""acquired_tool_ids"": [15], ""acquisition_complete"": false, ""completed_steps"": [""r2_bearing_right"", ""r2_bearing_left""], ""head_rotation_deg"": null, ""head_translation_m"": null, ""left_hand_translation_m"": null, ""removed_tool_ids"": [20, 21], ""right_hand_translation_m"": null, ""selected_step"": ""r2_gear_rod"", ""step_attempt"": 5, ""step_elapsed_s"": 7.408940140041523, ""step_event_index"": 9, ""total_hand_translation_m"": null, ""trial_finished_elapsed_s"": null, ""trial_recording"": true, ""trial_required_tool_ids"": [15, 27, 28, 33]}"
2026-09-04T14:22:06.722-04:00,kuber,task_aware,tts_started,lifecycle,r2_gear_rod,Row 2.2: assemble gear rod,ready,5,10,,,,7.447212,,,,,,,,,,,,,,,,3 parts left.,,,,,"{""acquired_tool_ids"": [15], ""acquisition_complete"": false, ""completed_steps"": [""r2_bearing_right"", ""r2_bearing_left""], ""head_rotation_deg"": null, ""head_translation_m"": null, ""left_hand_translation_m"": null, ""removed_tool_ids"": [20, 21], ""right_hand_translation_m"": null, ""selected_step"": ""r2_gear_rod"", ""step_attempt"": 5, ""step_elapsed_s"": 7.447223882074468, ""step_event_index"": 10, ""total_hand_translation_m"": null, ""trial_finished_elapsed_s"": null, ""trial_recording"": true, ""trial_required_tool_ids"": [15, 27, 28, 33]}"
2026-09-04T14:22:08.084-04:00,kuber,task_aware,tts_finished,lifecycle,r2_gear_rod,Row 2.2: assemble gear rod,ready,5,11,,,,8.809446,,,,,,,,,,,,,,,,3 parts left.,,,,,"{""acquired_tool_ids"": [15], ""acquisition_complete"": false, ""completed_steps"": [""r2_bearing_right"", ""r2_bearing_left""], ""head_rotation_deg"": null, ""head_translation_m"": null, ""left_hand_translation_m"": null, ""removed_tool_ids"": [20, 21], ""right_hand_translation_m"": null, ""selected_step"": ""r2_gear_rod"", ""step_attempt"": 5, ""step_elapsed_s"": 8.809456163085997, ""step_event_index"": 11, ""total_hand_translation_m"": null, ""trial_finished_elapsed_s"": null, ""trial_recording"": true, ""trial_required_tool_ids"": [15, 27, 28, 33]}"
2026-09-04T14:22:10.716-04:00,kuber,task_aware,participant_speech_submitted,speech,r2_gear_rod,Row 2.2: assemble gear rod,ready,5,12,,,,11.440864,,,,,,,,,,,,,,,,left gear,,,speech_proxy,,"{""acquired_tool_ids"": [15], ""acquisition_complete"": false, ""completed_steps"": [""r2_bearing_right"", ""r2_bearing_left""], ""head_rotation_deg"": null, ""head_translation_m"": null, ""left_hand_translation_m"": null, ""removed_tool_ids"": [20, 21], ""right_hand_translation_m"": null, ""selected_step"": ""r2_gear_rod"", ""step_attempt"": 5, ""step_elapsed_s"": 11.440874916035682, ""step_event_index"": 12, ""total_hand_translation_m"": null, ""trial_finished_elapsed_s"": null, ""trial_recording"": true, ""trial_required_tool_ids"": [15, 27, 28, 33]}"
2026-09-04T14:22:10.798-04:00,kuber,task_aware,vlm_request_submitted,speech,r2_gear_rod,Row 2.2: assemble gear rod,ready,5,13,,,,11.523392,,,,,,,,,,,,,,,,left gear,,,speech_proxy,,"{""acquired_tool_ids"": [15], ""acquisition_complete"": false, ""completed_steps"": [""r2_bearing_right"", ""r2_bearing_left""], ""head_rotation_deg"": null, ""head_translation_m"": null, ""left_hand_translation_m"": null, ""removed_tool_ids"": [20, 21], ""right_hand_translation_m"": null, ""selected_step"": ""r2_gear_rod"", ""step_attempt"": 5, ""step_elapsed_s"": 11.523411556030624, ""step_event_index"": 13, ""total_hand_translation_m"": null, ""trial_finished_elapsed_s"": null, ""trial_recording"": true, ""trial_required_tool_ids"": [15, 27, 28, 33]}"
2026-09-04T14:22:14.883-04:00,kuber,task_aware,vlm_inference_completed,lifecycle,r2_gear_rod,Row 2.2: assemble gear rod,ready,5,14,,,,15.607875,,,,,,,,,,,,,,,,left gear,,,GEAR_ROW2_LEFT,,"{""acquired_tool_ids"": [15], ""acquisition_complete"": false, ""completed_steps"": [""r2_bearing_right"", ""r2_bearing_left""], ""head_rotation_deg"": null, ""head_translation_m"": null, ""left_hand_translation_m"": null, ""removed_tool_ids"": [20, 21], ""right_hand_translation_m"": null, ""selected_step"": ""r2_gear_rod"", ""step_attempt"": 5, ""step_elapsed_s"": 15.607885717996396, ""step_event_index"": 14, ""total_hand_translation_m"": null, ""trial_finished_elapsed_s"": null, ""trial_recording"": true, ""trial_required_tool_ids"": [15, 27, 28, 33]}"
2026-09-04T14:22:14.957-04:00,kuber,task_aware,vlm_interaction,language,r2_gear_rod,Row 2.2: assemble gear rod,ready,5,15,,,,,,,,,,,,,,,,,,,,left gear,GEAR_ROW2_LEFT,"{""intent"":""part_reference"",""part_action"":""reference"",""reference_relation"":""direct"",""step_scope"":""selected_step"",""target"":""GEAR_ROW2_LEFT"",""candidates"":[],""exclude_labels"":[]}",language_grounded,I identified and highlighted the Row 2 left gear.,"{""acquired_tool_ids"": [15], ""acquisition_complete"": false, ""completed_steps"": [""r2_bearing_right"", ""r2_bearing_left""], ""head_rotation_deg"": null, ""head_translation_m"": null, ""left_hand_translation_m"": null, ""removed_tool_ids"": [20, 21], ""right_hand_translation_m"": null, ""selected_step"": ""r2_gear_rod"", ""step_attempt"": 5, ""step_elapsed_s"": 15.682230549049564, ""step_event_index"": 15, ""total_hand_translation_m"": null, ""trial_finished_elapsed_s"": null, ""trial_recording"": true, ""trial_required_tool_ids"": [15, 27, 28, 33]}"
2026-09-04T14:22:14.985-04:00,kuber,task_aware,part_selection,language,r2_gear_rod,Row 2.2: assemble gear rod,ready,5,16,27,GEAR_ROW2_LEFT,8.406480,15.710234,,,,,,,,,,,,,,,1,,,,,,"{""acquired_tool_ids"": [15, 27], ""acquisition_complete"": false, ""completed_steps"": [""r2_bearing_right"", ""r2_bearing_left""], ""head_rotation_deg"": null, ""head_translation_m"": null, ""left_hand_translation_m"": null, ""removed_tool_ids"": [20, 21], ""right_hand_translation_m"": null, ""selected_step"": ""r2_gear_rod"", ""step_attempt"": 5, ""step_elapsed_s"": 15.710306968074292, ""step_event_index"": 16, ""total_hand_translation_m"": null, ""trial_finished_elapsed_s"": null, ""trial_recording"": true, ""trial_required_tool_ids"": [15, 27, 28, 33]}"
2026-09-04T14:22:14.995-04:00,kuber,task_aware,object_acquired,language,r2_gear_rod,Row 2.2: assemble gear rod,ready,5,17,27,GEAR_ROW2_LEFT,8.406480,15.710234,,,,,,,,,,,,,,,1,,,,,,"{""acquired_tool_ids"": [15, 27], ""acquisition_complete"": false, ""completed_steps"": [""r2_bearing_right"", ""r2_bearing_left""], ""head_rotation_deg"": null, ""head_translation_m"": null, ""left_hand_translation_m"": null, ""removed_tool_ids"": [20, 21], ""right_hand_translation_m"": null, ""selected_step"": ""r2_gear_rod"", ""step_attempt"": 5, ""step_elapsed_s"": 15.7198387630051, ""step_event_index"": 17, ""total_hand_translation_m"": null, ""trial_finished_elapsed_s"": null, ""trial_recording"": true, ""trial_required_tool_ids"": [15, 27, 28, 33]}"
2026-09-04T14:22:15.046-04:00,kuber,task_aware,tts_queued,lifecycle,r2_gear_rod,Row 2.2: assemble gear rod,ready,5,18,,,,15.770625,,,,,,,,,,,,,,,,2 parts left.,,,replace,,"{""acquired_tool_ids"": [15, 27], ""acquisition_complete"": false, ""completed_steps"": [""r2_bearing_right"", ""r2_bearing_left""], ""head_rotation_deg"": null, ""head_translation_m"": null, ""left_hand_translation_m"": null, ""removed_tool_ids"": [20, 21], ""right_hand_translation_m"": null, ""selected_step"": ""r2_gear_rod"", ""step_attempt"": 5, ""step_elapsed_s"": 15.770642633084208, ""step_event_index"": 18, ""total_hand_translation_m"": null, ""trial_finished_elapsed_s"": null, ""trial_recording"": true, ""trial_required_tool_ids"": [15, 27, 28, 33]}"
2026-09-04T14:22:15.124-04:00,kuber,task_aware,tts_started,lifecycle,r2_gear_rod,Row 2.2: assemble gear rod,ready,5,19,,,,15.848691,,,,,,,,,,,,,,,,2 parts left.,,,,,"{""acquired_tool_ids"": [15, 27], ""acquisition_complete"": false, ""completed_steps"": [""r2_bearing_right"", ""r2_bearing_left""], ""head_rotation_deg"": null, ""head_translation_m"": null, ""left_hand_translation_m"": null, ""removed_tool_ids"": [20, 21], ""right_hand_translation_m"": null, ""selected_step"": ""r2_gear_rod"", ""step_attempt"": 5, ""step_elapsed_s"": 15.848705274052918, ""step_event_index"": 19, ""total_hand_translation_m"": null, ""trial_finished_elapsed_s"": null, ""trial_recording"": true, ""trial_required_tool_ids"": [15, 27, 28, 33]}"
2026-09-04T14:22:16.234-04:00,kuber,task_aware,tts_finished,lifecycle,r2_gear_rod,Row 2.2: assemble gear rod,ready,5,20,,,,16.959521,,,,,,,,,,,,,,,,2 parts left.,,,,,"{""acquired_tool_ids"": [15, 27], ""acquisition_complete"": false, ""completed_steps"": [""r2_bearing_right"", ""r2_bearing_left""], ""head_rotation_deg"": null, ""head_translation_m"": null, ""left_hand_translation_m"": null, ""removed_tool_ids"": [20, 21], ""right_hand_translation_m"": null, ""selected_step"": ""r2_gear_rod"", ""step_attempt"": 5, ""step_elapsed_s"": 16.959534495021217, ""step_event_index"": 20, ""total_hand_translation_m"": null, ""trial_finished_elapsed_s"": null, ""trial_recording"": true, ""trial_required_tool_ids"": [15, 27, 28, 33]}"
2026-09-04T14:22:17.984-04:00,kuber,task_aware,participant_speech_submitted,speech,r2_gear_rod,Row 2.2: assemble gear rod,ready,5,21,,,,18.708969,,,,,,,,,,,,,,,,right gear,,,speech_proxy,,"{""acquired_tool_ids"": [15, 27], ""acquisition_complete"": false, ""completed_steps"": [""r2_bearing_right"", ""r2_bearing_left""], ""head_rotation_deg"": null, ""head_translation_m"": null, ""left_hand_translation_m"": null, ""removed_tool_ids"": [20, 21], ""right_hand_translation_m"": null, ""selected_step"": ""r2_gear_rod"", ""step_attempt"": 5, ""step_elapsed_s"": 18.70899035606999, ""step_event_index"": 21, ""total_hand_translation_m"": null, ""trial_finished_elapsed_s"": null, ""trial_recording"": true, ""trial_required_tool_ids"": [15, 27, 28, 33]}"
2026-09-04T14:22:18.021-04:00,kuber,task_aware,vlm_request_submitted,speech,r2_gear_rod,Row 2.2: assemble gear rod,ready,5,22,,,,18.745532,,,,,,,,,,,,,,,,right gear,,,speech_proxy,,"{""acquired_tool_ids"": [15, 27], ""acquisition_complete"": false, ""completed_steps"": [""r2_bearing_right"", ""r2_bearing_left""], ""head_rotation_deg"": null, ""head_translation_m"": null, ""left_hand_translation_m"": null, ""removed_tool_ids"": [20, 21], ""right_hand_translation_m"": null, ""selected_step"": ""r2_gear_rod"", ""step_attempt"": 5, ""step_elapsed_s"": 18.745551496976987, ""step_event_index"": 22, ""total_hand_translation_m"": null, ""trial_finished_elapsed_s"": null, ""trial_recording"": true, ""trial_required_tool_ids"": [15, 27, 28, 33]}"
2026-09-04T14:22:22.053-04:00,kuber,task_aware,vlm_inference_completed,lifecycle,r2_gear_rod,Row 2.2: assemble gear rod,ready,5,23,,,,22.777885,,,,,,,,,,,,,,,,right gear,,,GEAR_ROW2_RIGHT,,"{""acquired_tool_ids"": [15, 27], ""acquisition_complete"": false, ""completed_steps"": [""r2_bearing_right"", ""r2_bearing_left""], ""head_rotation_deg"": null, ""head_translation_m"": null, ""left_hand_translation_m"": null, ""removed_tool_ids"": [20, 21], ""right_hand_translation_m"": null, ""selected_step"": ""r2_gear_rod"", ""step_attempt"": 5, ""step_elapsed_s"": 22.77789633604698, ""step_event_index"": 23, ""total_hand_translation_m"": null, ""trial_finished_elapsed_s"": null, ""trial_recording"": true, ""trial_required_tool_ids"": [15, 27, 28, 33]}"
2026-09-04T14:22:22.127-04:00,kuber,task_aware,vlm_interaction,language,r2_gear_rod,Row 2.2: assemble gear rod,ready,5,24,,,,,,,,,,,,,,,,,,,,right gear,GEAR_ROW2_RIGHT,"{""intent"":""part_reference"",""part_action"":""reference"",""reference_relation"":""direct"",""step_scope"":""selected_step"",""target"":""GEAR_ROW2_RIGHT"",""candidates"":[],""exclude_labels"":[]}",language_grounded,I identified and highlighted the Row 2 right gear.,"{""acquired_tool_ids"": [15, 27], ""acquisition_complete"": false, ""completed_steps"": [""r2_bearing_right"", ""r2_bearing_left""], ""head_rotation_deg"": null, ""head_translation_m"": null, ""left_hand_translation_m"": null, ""removed_tool_ids"": [20, 21], ""right_hand_translation_m"": null, ""selected_step"": ""r2_gear_rod"", ""step_attempt"": 5, ""step_elapsed_s"": 22.85226394701749, ""step_event_index"": 24, ""total_hand_translation_m"": null, ""trial_finished_elapsed_s"": null, ""trial_recording"": true, ""trial_required_tool_ids"": [15, 27, 28, 33]}"
2026-09-04T14:22:22.178-04:00,kuber,task_aware,part_selection,language,r2_gear_rod,Row 2.2: assemble gear rod,ready,5,25,28,GEAR_ROW2_RIGHT,7.192693,22.902927,,,,,,,,,,,,,,,1,,,,,,"{""acquired_tool_ids"": [15, 27, 28], ""acquisition_complete"": false, ""completed_steps"": [""r2_bearing_right"", ""r2_bearing_left""], ""head_rotation_deg"": null, ""head_translation_m"": null, ""left_hand_translation_m"": null, ""removed_tool_ids"": [20, 21], ""right_hand_translation_m"": null, ""selected_step"": ""r2_gear_rod"", ""step_attempt"": 5, ""step_elapsed_s"": 22.902992855990306, ""step_event_index"": 25, ""total_hand_translation_m"": null, ""trial_finished_elapsed_s"": null, ""trial_recording"": true, ""trial_required_tool_ids"": [15, 27, 28, 33]}"
2026-09-04T14:22:22.200-04:00,kuber,task_aware,object_acquired,language,r2_gear_rod,Row 2.2: assemble gear rod,ready,5,26,28,GEAR_ROW2_RIGHT,7.192693,22.902927,,,,,,,,,,,,,,,1,,,,,,"{""acquired_tool_ids"": [15, 27, 28], ""acquisition_complete"": false, ""completed_steps"": [""r2_bearing_right"", ""r2_bearing_left""], ""head_rotation_deg"": null, ""head_translation_m"": null, ""left_hand_translation_m"": null, ""removed_tool_ids"": [20, 21], ""right_hand_translation_m"": null, ""selected_step"": ""r2_gear_rod"", ""step_attempt"": 5, ""step_elapsed_s"": 22.92483539006207, ""step_event_index"": 26, ""total_hand_translation_m"": null, ""trial_finished_elapsed_s"": null, ""trial_recording"": true, ""trial_required_tool_ids"": [15, 27, 28, 33]}"
2026-09-04T14:22:22.227-04:00,kuber,task_aware,tts_queued,lifecycle,r2_gear_rod,Row 2.2: assemble gear rod,ready,5,27,,,,22.951686,,,,,,,,,,,,,,,,1 part left.,,,replace,,"{""acquired_tool_ids"": [15, 27, 28], ""acquisition_complete"": false, ""completed_steps"": [""r2_bearing_right"", ""r2_bearing_left""], ""head_rotation_deg"": null, ""head_translation_m"": null, ""left_hand_translation_m"": null, ""removed_tool_ids"": [20, 21], ""right_hand_translation_m"": null, ""selected_step"": ""r2_gear_rod"", ""step_attempt"": 5, ""step_elapsed_s"": 22.951698401011527, ""step_event_index"": 27, ""total_hand_translation_m"": null, ""trial_finished_elapsed_s"": null, ""trial_recording"": true, ""trial_required_tool_ids"": [15, 27, 28, 33]}"
2026-09-04T14:22:22.268-04:00,kuber,task_aware,tts_started,lifecycle,r2_gear_rod,Row 2.2: assemble gear rod,ready,5,28,,,,22.993147,,,,,,,,,,,,,,,,1 part left.,,,,,"{""acquired_tool_ids"": [15, 27, 28], ""acquisition_complete"": false, ""completed_steps"": [""r2_bearing_right"", ""r2_bearing_left""], ""head_rotation_deg"": null, ""head_translation_m"": null, ""left_hand_translation_m"": null, ""removed_tool_ids"": [20, 21], ""right_hand_translation_m"": null, ""selected_step"": ""r2_gear_rod"", ""step_attempt"": 5, ""step_elapsed_s"": 22.993159867008217, ""step_event_index"": 28, ""total_hand_translation_m"": null, ""trial_finished_elapsed_s"": null, ""trial_recording"": true, ""trial_required_tool_ids"": [15, 27, 28, 33]}"
2026-09-04T14:22:23.703-04:00,kuber,task_aware,tts_finished,lifecycle,r2_gear_rod,Row 2.2: assemble gear rod,ready,5,29,,,,24.427846,,,,,,,,,,,,,,,,1 part left.,,,,,"{""acquired_tool_ids"": [15, 27, 28], ""acquisition_complete"": false, ""completed_steps"": [""r2_bearing_right"", ""r2_bearing_left""], ""head_rotation_deg"": null, ""head_translation_m"": null, ""left_hand_translation_m"": null, ""removed_tool_ids"": [20, 21], ""right_hand_translation_m"": null, ""selected_step"": ""r2_gear_rod"", ""step_attempt"": 5, ""step_elapsed_s"": 24.42785807803739, ""step_event_index"": 29, ""total_hand_translation_m"": null, ""trial_finished_elapsed_s"": null, ""trial_recording"": true, ""trial_required_tool_ids"": [15, 27, 28, 33]}"
2026-09-04T14:22:27.405-04:00,kuber,task_aware,participant_speech_submitted,speech,r2_gear_rod,Row 2.2: assemble gear rod,ready,5,30,,,,28.130221,,,,,,,,,,,,,,,,final part,,,speech_proxy,,"{""acquired_tool_ids"": [15, 27, 28], ""acquisition_complete"": false, ""completed_steps"": [""r2_bearing_right"", ""r2_bearing_left""], ""head_rotation_deg"": null, ""head_translation_m"": null, ""left_hand_translation_m"": null, ""removed_tool_ids"": [20, 21], ""right_hand_translation_m"": null, ""selected_step"": ""r2_gear_rod"", ""step_attempt"": 5, ""step_elapsed_s"": 28.130245378008112, ""step_event_index"": 30, ""total_hand_translation_m"": null, ""trial_finished_elapsed_s"": null, ""trial_recording"": true, ""trial_required_tool_ids"": [15, 27, 28, 33]}"
2026-09-04T14:22:27.466-04:00,kuber,task_aware,vlm_request_submitted,speech,r2_gear_rod,Row 2.2: assemble gear rod,ready,5,31,,,,28.191310,,,,,,,,,,,,,,,,final part,,,speech_proxy,,"{""acquired_tool_ids"": [15, 27, 28], ""acquisition_complete"": false, ""completed_steps"": [""r2_bearing_right"", ""r2_bearing_left""], ""head_rotation_deg"": null, ""head_translation_m"": null, ""left_hand_translation_m"": null, ""removed_tool_ids"": [20, 21], ""right_hand_translation_m"": null, ""selected_step"": ""r2_gear_rod"", ""step_attempt"": 5, ""step_elapsed_s"": 28.191325393039733, ""step_event_index"": 31, ""total_hand_translation_m"": null, ""trial_finished_elapsed_s"": null, ""trial_recording"": true, ""trial_required_tool_ids"": [15, 27, 28, 33]}"
2026-09-04T14:22:32.174-04:00,kuber,task_aware,vlm_inference_completed,lifecycle,r2_gear_rod,Row 2.2: assemble gear rod,ready,5,32,,,,32.899438,,,,,,,,,,,,,,,,final part,,,AMBIGUOUS,,"{""acquired_tool_ids"": [15, 27, 28], ""acquisition_complete"": false, ""completed_steps"": [""r2_bearing_right"", ""r2_bearing_left""], ""head_rotation_deg"": null, ""head_translation_m"": null, ""left_hand_translation_m"": null, ""removed_tool_ids"": [20, 21], ""right_hand_translation_m"": null, ""selected_step"": ""r2_gear_rod"", ""step_attempt"": 5, ""step_elapsed_s"": 32.89944807300344, ""step_event_index"": 32, ""total_hand_translation_m"": null, ""trial_finished_elapsed_s"": null, ""trial_recording"": true, ""trial_required_tool_ids"": [15, 27, 28, 33]}"
2026-09-04T14:22:32.236-04:00,kuber,task_aware,vlm_interaction,language,r2_gear_rod,Row 2.2: assemble gear rod,ready,5,33,,,,,,,,,,,,,,,,,,,,final part,AMBIGUOUS,"{""intent"":""part_reference"",""part_action"":""reference"",""reference_relation"":""member_of_recent_set"",""step_scope"":"""",""target"":""AMBIGUOUS"",""candidates"":[""GEAR_ROW2_LEFT"",""PIN_ROW2_LEFT"",""PIN_ROW2_RIGHT""],""exclude_labels"":[]}",step_cycle_empty,There are no remaining pegboard objects for this step.,"{""acquired_tool_ids"": [15, 27, 28], ""acquisition_complete"": false, ""completed_steps"": [""r2_bearing_right"", ""r2_bearing_left""], ""head_rotation_deg"": null, ""head_translation_m"": null, ""left_hand_translation_m"": null, ""removed_tool_ids"": [20, 21], ""right_hand_translation_m"": null, ""selected_step"": ""r2_gear_rod"", ""step_attempt"": 5, ""step_elapsed_s"": 32.96057429199573, ""step_event_index"": 33, ""total_hand_translation_m"": null, ""trial_finished_elapsed_s"": null, ""trial_recording"": true, ""trial_required_tool_ids"": [15, 27, 28, 33]}"
2026-09-04T14:22:38.310-04:00,kuber,task_aware,participant_speech_submitted,speech,r2_gear_rod,Row 2.2: assemble gear rod,ready,5,34,,,,39.034904,,,,,,,,,,,,,,,,pin,,,speech_proxy,,"{""acquired_tool_ids"": [15, 27, 28], ""acquisition_complete"": false, ""completed_steps"": [""r2_bearing_right"", ""r2_bearing_left""], ""head_rotation_deg"": null, ""head_translation_m"": null, ""left_hand_translation_m"": null, ""removed_tool_ids"": [20, 21], ""right_hand_translation_m"": null, ""selected_step"": ""r2_gear_rod"", ""step_attempt"": 5, ""step_elapsed_s"": 39.03491647797637, ""step_event_index"": 34, ""total_hand_translation_m"": null, ""trial_finished_elapsed_s"": null, ""trial_recording"": true, ""trial_required_tool_ids"": [15, 27, 28, 33]}"
2026-09-04T14:22:38.368-04:00,kuber,task_aware,vlm_request_submitted,speech,r2_gear_rod,Row 2.2: assemble gear rod,ready,5,35,,,,39.093382,,,,,,,,,,,,,,,,pin,,,speech_proxy,,"{""acquired_tool_ids"": [15, 27, 28], ""acquisition_complete"": false, ""completed_steps"": [""r2_bearing_right"", ""r2_bearing_left""], ""head_rotation_deg"": null, ""head_translation_m"": null, ""left_hand_translation_m"": null, ""removed_tool_ids"": [20, 21], ""right_hand_translation_m"": null, ""selected_step"": ""r2_gear_rod"", ""step_attempt"": 5, ""step_elapsed_s"": 39.0933945060242, ""step_event_index"": 35, ""total_hand_translation_m"": null, ""trial_finished_elapsed_s"": null, ""trial_recording"": true, ""trial_required_tool_ids"": [15, 27, 28, 33]}"
2026-09-04T14:22:42.229-04:00,kuber,task_aware,vlm_inference_completed,lifecycle,r2_gear_rod,Row 2.2: assemble gear rod,ready,5,36,,,,42.953588,,,,,,,,,,,,,,,,pin,,,PIN,,"{""acquired_tool_ids"": [15, 27, 28], ""acquisition_complete"": false, ""completed_steps"": [""r2_bearing_right"", ""r2_bearing_left""], ""head_rotation_deg"": null, ""head_translation_m"": null, ""left_hand_translation_m"": null, ""removed_tool_ids"": [20, 21], ""right_hand_translation_m"": null, ""selected_step"": ""r2_gear_rod"", ""step_attempt"": 5, ""step_elapsed_s"": 42.95359760208521, ""step_event_index"": 36, ""total_hand_translation_m"": null, ""trial_finished_elapsed_s"": null, ""trial_recording"": true, ""trial_required_tool_ids"": [15, 27, 28, 33]}"
2026-09-04T14:22:42.293-04:00,kuber,task_aware,vlm_interaction,language,r2_gear_rod,Row 2.2: assemble gear rod,ready,5,37,,,,,,,,,,,,,,,,,,,,pin,PIN,"{""intent"":""part_reference"",""part_action"":""reference"",""reference_relation"":""direct"",""step_scope"":""selected_step"",""target"":""PIN"",""candidates"":[],""exclude_labels"":[]}",language_grounded,I identified and highlighted the wooden retaining pin.,"{""acquired_tool_ids"": [15, 27, 28], ""acquisition_complete"": false, ""completed_steps"": [""r2_bearing_right"", ""r2_bearing_left""], ""head_rotation_deg"": null, ""head_translation_m"": null, ""left_hand_translation_m"": null, ""removed_tool_ids"": [20, 21], ""right_hand_translation_m"": null, ""selected_step"": ""r2_gear_rod"", ""step_attempt"": 5, ""step_elapsed_s"": 43.01788644702174, ""step_event_index"": 37, ""total_hand_translation_m"": null, ""trial_finished_elapsed_s"": null, ""trial_recording"": true, ""trial_required_tool_ids"": [15, 27, 28, 33]}"
2026-09-04T14:22:42.345-04:00,kuber,task_aware,part_selection,language,r2_gear_rod,Row 2.2: assemble gear rod,ready,5,38,33,PINS,20.167273,43.070200,,,,,,,,,,,,,,,1,,,,,,"{""acquired_tool_ids"": [15, 27, 28, 33], ""acquisition_complete"": false, ""completed_steps"": [""r2_bearing_right"", ""r2_bearing_left""], ""head_rotation_deg"": null, ""head_translation_m"": null, ""left_hand_translation_m"": null, ""removed_tool_ids"": [20, 21], ""right_hand_translation_m"": null, ""selected_step"": ""r2_gear_rod"", ""step_attempt"": 5, ""step_elapsed_s"": 43.07024511205964, ""step_event_index"": 38, ""total_hand_translation_m"": null, ""trial_finished_elapsed_s"": null, ""trial_recording"": true, ""trial_required_tool_ids"": [15, 27, 28, 33]}"
2026-09-04T14:22:42.391-04:00,kuber,task_aware,object_acquired,language,r2_gear_rod,Row 2.2: assemble gear rod,ready,5,39,33,PINS,20.167273,43.070200,,,,,,,,,,,,,,,1,,,,,,"{""acquired_tool_ids"": [15, 27, 28, 33], ""acquisition_complete"": false, ""completed_steps"": [""r2_bearing_right"", ""r2_bearing_left""], ""head_rotation_deg"": null, ""head_translation_m"": null, ""left_hand_translation_m"": null, ""removed_tool_ids"": [20, 21], ""right_hand_translation_m"": null, ""selected_step"": ""r2_gear_rod"", ""step_attempt"": 5, ""step_elapsed_s"": 43.11573560000397, ""step_event_index"": 39, ""total_hand_translation_m"": null, ""trial_finished_elapsed_s"": null, ""trial_recording"": true, ""trial_required_tool_ids"": [15, 27, 28, 33]}"
2026-09-04T14:22:42.422-04:00,kuber,task_aware,step_acquisition_complete,language,r2_gear_rod,Row 2.2: assemble gear rod,ready,5,40,,,,43.146290,0.324952,148.857133,0.051984,0.657321,0.709306,0.000000,0.000000,0.000000,0.000000,0,0,0.000000,0.000000,0.000000,,,,,,,"{""acquired_tool_ids"": [15, 27, 28, 33], ""acquisition_complete"": true, ""any_hover_time_s"": 0.0, ""completed_steps"": [""r2_bearing_right"", ""r2_bearing_left""], ""head_rotation_deg"": 148.85713293212035, ""head_translation_m"": 0.32495243622328135, ""hover_time_percent"": 0.0, ""left_hand_translation_m"": 0.05198437574413779, ""left_hover_episodes"": 0, ""left_hover_time_s"": 0.0, ""left_hover_translation_m"": 0.0, ""removed_tool_ids"": [15, 20, 21, 27, 28], ""right_hand_translation_m"": 0.6573214564745742, ""right_hover_episodes"": 0, ""right_hover_time_s"": 0.0, ""right_hover_translation_m"": 0.0, ""selected_step"": ""r2_gear_rod"", ""step_attempt"": 5, ""step_elapsed_s"": 43.146290441975, ""step_event_index"": 40, ""total_hand_translation_m"": 0.709305832218712, ""total_hover_translation_m"": 0.0, ""trial_finished_elapsed_s"": 43.146290441975, ""trial_recording"": false, ""trial_required_tool_ids"": [15, 27, 28, 33]}"
2026-09-04T14:22:42.547-04:00,kuber,task_aware,graph_complete,,r2_gear_rod,Row 2.2: assemble gear rod,complete,5,41,,,,,,,,,,,,,,,,,,,,,,,,,"{""acquired_tool_ids"": [15, 27, 28, 33], ""acquisition_complete"": true, ""any_hover_time_s"": 0.0, ""completed_steps"": [""r2_bearing_right"", ""r2_bearing_left"", ""r2_gear_rod""], ""head_rotation_deg"": 148.85713293212035, ""head_translation_m"": 0.32495243622328135, ""hover_time_percent"": 0.0, ""left_hand_translation_m"": 0.05198437574413779, ""left_hover_episodes"": 0, ""left_hover_time_s"": 0.0, ""left_hover_translation_m"": 0.0, ""removed_tool_ids"": [15, 20, 21, 27, 28], ""right_hand_translation_m"": 0.6573214564745742, ""right_hover_episodes"": 0, ""right_hover_time_s"": 0.0, ""right_hover_translation_m"": 0.0, ""selected_step"": ""r2_gear_rod"", ""step_attempt"": 5, ""step_elapsed_s"": 43.146290441975, ""step_event_index"": 41, ""total_hand_translation_m"": 0.709305832218712, ""total_hover_translation_m"": 0.0, ""trial_finished_elapsed_s"": 43.146290441975, ""trial_recording"": false, ""trial_required_tool_ids"": [15, 27, 28, 33]}"
2026-09-04T14:22:54.935-04:00,kuber,task_aware,step_started,keyboard,r2_fasten_first_stand,Row 2.4: fasten right stand,ready,6,1,,,,,,,,,,,,,,,,,,,,,,,,,"{""acquired_tool_ids"": [], ""acquisition_complete"": false, ""completed_steps"": [""r2_bearing_right"", ""r2_bearing_left"", ""r2_gear_rod""], ""head_rotation_deg"": null, ""head_translation_m"": null, ""left_hand_translation_m"": null, ""removed_tool_ids"": [15, 20, 21, 27, 28], ""right_hand_translation_m"": null, ""selected_step"": ""r2_fasten_first_stand"", ""step_attempt"": 6, ""step_elapsed_s"": 0.0005375229520723224, ""step_event_index"": 1, ""total_hand_translation_m"": null, ""trial_finished_elapsed_s"": null, ""trial_recording"": true, ""trial_required_tool_ids"": [7, 35, 37]}"
2026-09-04T14:22:54.966-04:00,kuber,task_aware,task_aware_highlight_presented,system,r2_fasten_first_stand,Row 2.4: fasten right stand,ready,6,2,,,,,,,,,,,,,,,,,,,,,"[35, 7, 37]",,task_aware_proactive_highlight,,"{""acquired_tool_ids"": [], ""acquisition_complete"": false, ""completed_steps"": [""r2_bearing_right"", ""r2_bearing_left"", ""r2_gear_rod""], ""head_rotation_deg"": null, ""head_translation_m"": null, ""left_hand_translation_m"": null, ""removed_tool_ids"": [15, 20, 21, 27, 28], ""right_hand_translation_m"": null, ""selected_step"": ""r2_fasten_first_stand"", ""step_attempt"": 6, ""step_elapsed_s"": 0.031572451000101864, ""step_event_index"": 2, ""total_hand_translation_m"": null, ""trial_finished_elapsed_s"": null, ""trial_recording"": true, ""trial_required_tool_ids"": [7, 35, 37]}"
2026-09-04T14:22:57.911-04:00,kuber,task_aware,participant_speech_submitted,speech,r2_fasten_first_stand,Row 2.4: fasten right stand,ready,6,3,,,,2.976717,,,,,,,,,,,,,,,,screwdriver,,,speech_proxy,,"{""acquired_tool_ids"": [], ""acquisition_complete"": false, ""completed_steps"": [""r2_bearing_right"", ""r2_bearing_left"", ""r2_gear_rod""], ""head_rotation_deg"": null, ""head_translation_m"": null, ""left_hand_translation_m"": null, ""removed_tool_ids"": [15, 20, 21, 27, 28], ""right_hand_translation_m"": null, ""selected_step"": ""r2_fasten_first_stand"", ""step_attempt"": 6, ""step_elapsed_s"": 2.976737682009116, ""step_event_index"": 3, ""total_hand_translation_m"": null, ""trial_finished_elapsed_s"": null, ""trial_recording"": true, ""trial_required_tool_ids"": [7, 35, 37]}"
2026-09-04T14:22:57.984-04:00,kuber,task_aware,vlm_request_submitted,speech,r2_fasten_first_stand,Row 2.4: fasten right stand,ready,6,4,,,,3.048937,,,,,,,,,,,,,,,,screwdriver,,,speech_proxy,,"{""acquired_tool_ids"": [], ""acquisition_complete"": false, ""completed_steps"": [""r2_bearing_right"", ""r2_bearing_left"", ""r2_gear_rod""], ""head_rotation_deg"": null, ""head_translation_m"": null, ""left_hand_translation_m"": null, ""removed_tool_ids"": [15, 20, 21, 27, 28], ""right_hand_translation_m"": null, ""selected_step"": ""r2_fasten_first_stand"", ""step_attempt"": 6, ""step_elapsed_s"": 3.048947341972962, ""step_event_index"": 4, ""total_hand_translation_m"": null, ""trial_finished_elapsed_s"": null, ""trial_recording"": true, ""trial_required_tool_ids"": [7, 35, 37]}"
2026-09-04T14:23:01.924-04:00,kuber,task_aware,vlm_inference_completed,lifecycle,r2_fasten_first_stand,Row 2.4: fasten right stand,ready,6,5,,,,6.989776,,,,,,,,,,,,,,,,screwdriver,,,BIT_SCREWDRIVER,,"{""acquired_tool_ids"": [], ""acquisition_complete"": false, ""completed_steps"": [""r2_bearing_right"", ""r2_bearing_left"", ""r2_gear_rod""], ""head_rotation_deg"": null, ""head_translation_m"": null, ""left_hand_translation_m"": null, ""removed_tool_ids"": [15, 20, 21, 27, 28], ""right_hand_translation_m"": null, ""selected_step"": ""r2_fasten_first_stand"", ""step_attempt"": 6, ""step_elapsed_s"": 6.9897869429551065, ""step_event_index"": 5, ""total_hand_translation_m"": null, ""trial_finished_elapsed_s"": null, ""trial_recording"": true, ""trial_required_tool_ids"": [7, 35, 37]}"
2026-09-04T14:23:01.956-04:00,kuber,task_aware,vlm_interaction,language,r2_fasten_first_stand,Row 2.4: fasten right stand,ready,6,6,,,,,,,,,,,,,,,,,,,,screwdriver,BIT_SCREWDRIVER,"{""intent"":""part_reference"",""part_action"":""reference"",""reference_relation"":""direct"",""step_scope"":"""",""target"":""BIT_SCREWDRIVER"",""candidates"":[],""exclude_labels"":[]}",language_grounded,I identified and highlighted the interchangeable-bit screwdriver.,"{""acquired_tool_ids"": [], ""acquisition_complete"": false, ""completed_steps"": [""r2_bearing_right"", ""r2_bearing_left"", ""r2_gear_rod""], ""head_rotation_deg"": null, ""head_translation_m"": null, ""left_hand_translation_m"": null, ""removed_tool_ids"": [15, 20, 21, 27, 28], ""right_hand_translation_m"": null, ""selected_step"": ""r2_fasten_first_stand"", ""step_attempt"": 6, ""step_elapsed_s"": 7.021864400012419, ""step_event_index"": 6, ""total_hand_translation_m"": null, ""trial_finished_elapsed_s"": null, ""trial_recording"": true, ""trial_required_tool_ids"": [7, 35, 37]}"
2026-09-04T14:23:02.003-04:00,kuber,task_aware,part_selection,language,r2_fasten_first_stand,Row 2.4: fasten right stand,ready,6,7,7,BIT_SCREWDRIVER,7.068521,7.068521,,,,,,,,,,,,,,,1,,,,,,"{""acquired_tool_ids"": [7], ""acquisition_complete"": false, ""completed_steps"": [""r2_bearing_right"", ""r2_bearing_left"", ""r2_gear_rod""], ""head_rotation_deg"": null, ""head_translation_m"": null, ""left_hand_translation_m"": null, ""removed_tool_ids"": [15, 20, 21, 27, 28], ""right_hand_translation_m"": null, ""selected_step"": ""r2_fasten_first_stand"", ""step_attempt"": 6, ""step_elapsed_s"": 7.068571971962228, ""step_event_index"": 7, ""total_hand_translation_m"": null, ""trial_finished_elapsed_s"": null, ""trial_recording"": true, ""trial_required_tool_ids"": [7, 35, 37]}"
2026-09-04T14:23:02.023-04:00,kuber,task_aware,object_acquired,language,r2_fasten_first_stand,Row 2.4: fasten right stand,ready,6,8,7,BIT_SCREWDRIVER,7.068521,7.068521,,,,,,,,,,,,,,,1,,,,,,"{""acquired_tool_ids"": [7], ""acquisition_complete"": false, ""completed_steps"": [""r2_bearing_right"", ""r2_bearing_left"", ""r2_gear_rod""], ""head_rotation_deg"": null, ""head_translation_m"": null, ""left_hand_translation_m"": null, ""removed_tool_ids"": [15, 20, 21, 27, 28], ""right_hand_translation_m"": null, ""selected_step"": ""r2_fasten_first_stand"", ""step_attempt"": 6, ""step_elapsed_s"": 7.08863775304053, ""step_event_index"": 8, ""total_hand_translation_m"": null, ""trial_finished_elapsed_s"": null, ""trial_recording"": true, ""trial_required_tool_ids"": [7, 35, 37]}"
2026-09-04T14:23:02.051-04:00,kuber,task_aware,tts_queued,lifecycle,r2_fasten_first_stand,Row 2.4: fasten right stand,ready,6,9,,,,7.116734,,,,,,,,,,,,,,,,2 parts left.,,,replace,,"{""acquired_tool_ids"": [7], ""acquisition_complete"": false, ""completed_steps"": [""r2_bearing_right"", ""r2_bearing_left"", ""r2_gear_rod""], ""head_rotation_deg"": null, ""head_translation_m"": null, ""left_hand_translation_m"": null, ""removed_tool_ids"": [15, 20, 21, 27, 28], ""right_hand_translation_m"": null, ""selected_step"": ""r2_fasten_first_stand"", ""step_attempt"": 6, ""step_elapsed_s"": 7.1167439999990165, ""step_event_index"": 9, ""total_hand_translation_m"": null, ""trial_finished_elapsed_s"": null, ""trial_recording"": true, ""trial_required_tool_ids"": [7, 35, 37]}"
2026-09-04T14:23:02.083-04:00,kuber,task_aware,tts_started,lifecycle,r2_fasten_first_stand,Row 2.4: fasten right stand,ready,6,10,,,,7.147912,,,,,,,,,,,,,,,,2 parts left.,,,,,"{""acquired_tool_ids"": [7], ""acquisition_complete"": false, ""completed_steps"": [""r2_bearing_right"", ""r2_bearing_left"", ""r2_gear_rod""], ""head_rotation_deg"": null, ""head_translation_m"": null, ""left_hand_translation_m"": null, ""removed_tool_ids"": [15, 20, 21, 27, 28], ""right_hand_translation_m"": null, ""selected_step"": ""r2_fasten_first_stand"", ""step_attempt"": 6, ""step_elapsed_s"": 7.147926938952878, ""step_event_index"": 10, ""total_hand_translation_m"": null, ""trial_finished_elapsed_s"": null, ""trial_recording"": true, ""trial_required_tool_ids"": [7, 35, 37]}"
2026-09-04T14:23:03.339-04:00,kuber,task_aware,tts_finished,lifecycle,r2_fasten_first_stand,Row 2.4: fasten right stand,ready,6,11,,,,8.404091,,,,,,,,,,,,,,,,2 parts left.,,,,,"{""acquired_tool_ids"": [7], ""acquisition_complete"": false, ""completed_steps"": [""r2_bearing_right"", ""r2_bearing_left"", ""r2_gear_rod""], ""head_rotation_deg"": null, ""head_translation_m"": null, ""left_hand_translation_m"": null, ""removed_tool_ids"": [15, 20, 21, 27, 28], ""right_hand_translation_m"": null, ""selected_step"": ""r2_fasten_first_stand"", ""step_attempt"": 6, ""step_elapsed_s"": 8.404103816021234, ""step_event_index"": 11, ""total_hand_translation_m"": null, ""trial_finished_elapsed_s"": null, ""trial_recording"": true, ""trial_required_tool_ids"": [7, 35, 37]}"
2026-09-04T14:23:06.991-04:00,kuber,task_aware,participant_speech_submitted,speech,r2_fasten_first_stand,Row 2.4: fasten right stand,ready,6,12,,,,12.056041,,,,,,,,,,,,,,,,bit holder,,,speech_proxy,,"{""acquired_tool_ids"": [7], ""acquisition_complete"": false, ""completed_steps"": [""r2_bearing_right"", ""r2_bearing_left"", ""r2_gear_rod""], ""head_rotation_deg"": null, ""head_translation_m"": null, ""left_hand_translation_m"": null, ""removed_tool_ids"": [15, 20, 21, 27, 28], ""right_hand_translation_m"": null, ""selected_step"": ""r2_fasten_first_stand"", ""step_attempt"": 6, ""step_elapsed_s"": 12.056062623043545, ""step_event_index"": 12, ""total_hand_translation_m"": null, ""trial_finished_elapsed_s"": null, ""trial_recording"": true, ""trial_required_tool_ids"": [7, 35, 37]}"
2026-09-04T14:23:07.064-04:00,kuber,task_aware,vlm_request_submitted,speech,r2_fasten_first_stand,Row 2.4: fasten right stand,ready,6,13,,,,12.128987,,,,,,,,,,,,,,,,bit holder,,,speech_proxy,,"{""acquired_tool_ids"": [7], ""acquisition_complete"": false, ""completed_steps"": [""r2_bearing_right"", ""r2_bearing_left"", ""r2_gear_rod""], ""head_rotation_deg"": null, ""head_translation_m"": null, ""left_hand_translation_m"": null, ""removed_tool_ids"": [15, 20, 21, 27, 28], ""right_hand_translation_m"": null, ""selected_step"": ""r2_fasten_first_stand"", ""step_attempt"": 6, ""step_elapsed_s"": 12.128999031963758, ""step_event_index"": 13, ""total_hand_translation_m"": null, ""trial_finished_elapsed_s"": null, ""trial_recording"": true, ""trial_required_tool_ids"": [7, 35, 37]}"
2026-09-04T14:23:10.955-04:00,kuber,task_aware,vlm_inference_completed,lifecycle,r2_fasten_first_stand,Row 2.4: fasten right stand,ready,6,14,,,,16.020359,,,,,,,,,,,,,,,,bit holder,,,BIT_HOLDER1,,"{""acquired_tool_ids"": [7], ""acquisition_complete"": false, ""completed_steps"": [""r2_bearing_right"", ""r2_bearing_left"", ""r2_gear_rod""], ""head_rotation_deg"": null, ""head_translation_m"": null, ""left_hand_translation_m"": null, ""removed_tool_ids"": [15, 20, 21, 27, 28], ""right_hand_translation_m"": null, ""selected_step"": ""r2_fasten_first_stand"", ""step_attempt"": 6, ""step_elapsed_s"": 16.02036841097288, ""step_event_index"": 14, ""total_hand_translation_m"": null, ""trial_finished_elapsed_s"": null, ""trial_recording"": true, ""trial_required_tool_ids"": [7, 35, 37]}"
2026-09-04T14:23:10.993-04:00,kuber,task_aware,vlm_interaction,language,r2_fasten_first_stand,Row 2.4: fasten right stand,ready,6,15,,,,,,,,,,,,,,,,,,,,bit holder,BIT_HOLDER1,"{""intent"":""part_reference"",""part_action"":""reference"",""reference_relation"":""direct"",""step_scope"":"""",""target"":""BIT_HOLDER1"",""candidates"":[],""exclude_labels"":[]}",outside_selected_step_search_space,That object is not required for the selected step. This step is to screw the right stand to the board.,"{""acquired_tool_ids"": [7], ""acquisition_complete"": false, ""completed_steps"": [""r2_bearing_right"", ""r2_bearing_left"", ""r2_gear_rod""], ""head_rotation_deg"": null, ""head_translation_m"": null, ""left_hand_translation_m"": null, ""removed_tool_ids"": [15, 20, 21, 27, 28], ""right_hand_translation_m"": null, ""selected_step"": ""r2_fasten_first_stand"", ""step_attempt"": 6, ""step_elapsed_s"": 16.058337511960417, ""step_event_index"": 15, ""total_hand_translation_m"": null, ""trial_finished_elapsed_s"": null, ""trial_recording"": true, ""trial_required_tool_ids"": [7, 35, 37]}"
2026-09-04T14:23:18.546-04:00,kuber,task_aware,participant_speech_submitted,speech,r2_fasten_first_stand,Row 2.4: fasten right stand,ready,6,16,,,,23.611206,,,,,,,,,,,,,,,,bit holder2,,,speech_proxy,,"{""acquired_tool_ids"": [7], ""acquisition_complete"": false, ""completed_steps"": [""r2_bearing_right"", ""r2_bearing_left"", ""r2_gear_rod""], ""head_rotation_deg"": null, ""head_translation_m"": null, ""left_hand_translation_m"": null, ""removed_tool_ids"": [15, 20, 21, 27, 28], ""right_hand_translation_m"": null, ""selected_step"": ""r2_fasten_first_stand"", ""step_attempt"": 6, ""step_elapsed_s"": 23.61121841694694, ""step_event_index"": 16, ""total_hand_translation_m"": null, ""trial_finished_elapsed_s"": null, ""trial_recording"": true, ""trial_required_tool_ids"": [7, 35, 37]}"
2026-09-04T14:23:18.615-04:00,kuber,task_aware,vlm_request_submitted,speech,r2_fasten_first_stand,Row 2.4: fasten right stand,ready,6,17,,,,23.680178,,,,,,,,,,,,,,,,bit holder2,,,speech_proxy,,"{""acquired_tool_ids"": [7], ""acquisition_complete"": false, ""completed_steps"": [""r2_bearing_right"", ""r2_bearing_left"", ""r2_gear_rod""], ""head_rotation_deg"": null, ""head_translation_m"": null, ""left_hand_translation_m"": null, ""removed_tool_ids"": [15, 20, 21, 27, 28], ""right_hand_translation_m"": null, ""selected_step"": ""r2_fasten_first_stand"", ""step_attempt"": 6, ""step_elapsed_s"": 23.6801900860155, ""step_event_index"": 17, ""total_hand_translation_m"": null, ""trial_finished_elapsed_s"": null, ""trial_recording"": true, ""trial_required_tool_ids"": [7, 35, 37]}"
2026-09-04T14:23:22.533-04:00,kuber,task_aware,vlm_inference_completed,lifecycle,r2_fasten_first_stand,Row 2.4: fasten right stand,ready,6,18,,,,27.598028,,,,,,,,,,,,,,,,bit holder2,,,BIT_HOLDER2,,"{""acquired_tool_ids"": [7], ""acquisition_complete"": false, ""completed_steps"": [""r2_bearing_right"", ""r2_bearing_left"", ""r2_gear_rod""], ""head_rotation_deg"": null, ""head_translation_m"": null, ""left_hand_translation_m"": null, ""removed_tool_ids"": [15, 20, 21, 27, 28], ""right_hand_translation_m"": null, ""selected_step"": ""r2_fasten_first_stand"", ""step_attempt"": 6, ""step_elapsed_s"": 27.598039558972232, ""step_event_index"": 18, ""total_hand_translation_m"": null, ""trial_finished_elapsed_s"": null, ""trial_recording"": true, ""trial_required_tool_ids"": [7, 35, 37]}"
2026-09-04T14:23:22.562-04:00,kuber,task_aware,vlm_interaction,language,r2_fasten_first_stand,Row 2.4: fasten right stand,ready,6,19,,,,,,,,,,,,,,,,,,,,bit holder2,BIT_HOLDER2,"{""intent"":""part_reference"",""part_action"":""reference"",""reference_relation"":""direct"",""step_scope"":"""",""target"":""BIT_HOLDER2"",""candidates"":[],""exclude_labels"":[]}",language_grounded,"I identified and highlighted the Bit Holder 2, containing the T25 Torx bit.","{""acquired_tool_ids"": [7], ""acquisition_complete"": false, ""completed_steps"": [""r2_bearing_right"", ""r2_bearing_left"", ""r2_gear_rod""], ""head_rotation_deg"": null, ""head_translation_m"": null, ""left_hand_translation_m"": null, ""removed_tool_ids"": [15, 20, 21, 27, 28], ""right_hand_translation_m"": null, ""selected_step"": ""r2_fasten_first_stand"", ""step_attempt"": 6, ""step_elapsed_s"": 27.62696948403027, ""step_event_index"": 19, ""total_hand_translation_m"": null, ""trial_finished_elapsed_s"": null, ""trial_recording"": true, ""trial_required_tool_ids"": [7, 35, 37]}"
2026-09-04T14:23:22.589-04:00,kuber,task_aware,part_selection,language,r2_fasten_first_stand,Row 2.4: fasten right stand,ready,6,20,37,BITHOLDER2,20.585459,27.653981,,,,,,,,,,,,,,,1,,,,,,"{""acquired_tool_ids"": [7, 37], ""acquisition_complete"": false, ""completed_steps"": [""r2_bearing_right"", ""r2_bearing_left"", ""r2_gear_rod""], ""head_rotation_deg"": null, ""head_translation_m"": null, ""left_hand_translation_m"": null, ""removed_tool_ids"": [15, 20, 21, 27, 28], ""right_hand_translation_m"": null, ""selected_step"": ""r2_fasten_first_stand"", ""step_attempt"": 6, ""step_elapsed_s"": 27.654021583963186, ""step_event_index"": 20, ""total_hand_translation_m"": null, ""trial_finished_elapsed_s"": null, ""trial_recording"": true, ""trial_required_tool_ids"": [7, 35, 37]}"
2026-09-04T14:23:22.624-04:00,kuber,task_aware,object_acquired,language,r2_fasten_first_stand,Row 2.4: fasten right stand,ready,6,21,37,BITHOLDER2,20.585459,27.653981,,,,,,,,,,,,,,,1,,,,,,"{""acquired_tool_ids"": [7, 37], ""acquisition_complete"": false, ""completed_steps"": [""r2_bearing_right"", ""r2_bearing_left"", ""r2_gear_rod""], ""head_rotation_deg"": null, ""head_translation_m"": null, ""left_hand_translation_m"": null, ""removed_tool_ids"": [15, 20, 21, 27, 28], ""right_hand_translation_m"": null, ""selected_step"": ""r2_fasten_first_stand"", ""step_attempt"": 6, ""step_elapsed_s"": 27.68904922204092, ""step_event_index"": 21, ""total_hand_translation_m"": null, ""trial_finished_elapsed_s"": null, ""trial_recording"": true, ""trial_required_tool_ids"": [7, 35, 37]}"
2026-09-04T14:23:22.642-04:00,kuber,task_aware,tts_queued,lifecycle,r2_fasten_first_stand,Row 2.4: fasten right stand,ready,6,22,,,,27.707211,,,,,,,,,,,,,,,,1 part left.,,,replace,,"{""acquired_tool_ids"": [7, 37], ""acquisition_complete"": false, ""completed_steps"": [""r2_bearing_right"", ""r2_bearing_left"", ""r2_gear_rod""], ""head_rotation_deg"": null, ""head_translation_m"": null, ""left_hand_translation_m"": null, ""removed_tool_ids"": [15, 20, 21, 27, 28], ""right_hand_translation_m"": null, ""selected_step"": ""r2_fasten_first_stand"", ""step_attempt"": 6, ""step_elapsed_s"": 27.70722032804042, ""step_event_index"": 22, ""total_hand_translation_m"": null, ""trial_finished_elapsed_s"": null, ""trial_recording"": true, ""trial_required_tool_ids"": [7, 35, 37]}"
2026-09-04T14:23:22.664-04:00,kuber,task_aware,tts_started,lifecycle,r2_fasten_first_stand,Row 2.4: fasten right stand,ready,6,23,,,,27.729130,,,,,,,,,,,,,,,,1 part left.,,,,,"{""acquired_tool_ids"": [7, 37], ""acquisition_complete"": false, ""completed_steps"": [""r2_bearing_right"", ""r2_bearing_left"", ""r2_gear_rod""], ""head_rotation_deg"": null, ""head_translation_m"": null, ""left_hand_translation_m"": null, ""removed_tool_ids"": [15, 20, 21, 27, 28], ""right_hand_translation_m"": null, ""selected_step"": ""r2_fasten_first_stand"", ""step_attempt"": 6, ""step_elapsed_s"": 27.729144042008556, ""step_event_index"": 23, ""total_hand_translation_m"": null, ""trial_finished_elapsed_s"": null, ""trial_recording"": true, ""trial_required_tool_ids"": [7, 35, 37]}"
2026-09-04T14:23:24.364-04:00,kuber,task_aware,tts_finished,lifecycle,r2_fasten_first_stand,Row 2.4: fasten right stand,ready,6,24,,,,29.429703,,,,,,,,,,,,,,,,1 part left.,,,,,"{""acquired_tool_ids"": [7, 37], ""acquisition_complete"": false, ""completed_steps"": [""r2_bearing_right"", ""r2_bearing_left"", ""r2_gear_rod""], ""head_rotation_deg"": null, ""head_translation_m"": null, ""left_hand_translation_m"": null, ""removed_tool_ids"": [15, 20, 21, 27, 28], ""right_hand_translation_m"": null, ""selected_step"": ""r2_fasten_first_stand"", ""step_attempt"": 6, ""step_elapsed_s"": 29.42971659102477, ""step_event_index"": 24, ""total_hand_translation_m"": null, ""trial_finished_elapsed_s"": null, ""trial_recording"": true, ""trial_required_tool_ids"": [7, 35, 37]}"
2026-09-04T14:23:26.616-04:00,kuber,task_aware,participant_speech_submitted,speech,r2_fasten_first_stand,Row 2.4: fasten right stand,ready,6,25,,,,31.681245,,,,,,,,,,,,,,,,screw,,,speech_proxy,,"{""acquired_tool_ids"": [7, 37], ""acquisition_complete"": false, ""completed_steps"": [""r2_bearing_right"", ""r2_bearing_left"", ""r2_gear_rod""], ""head_rotation_deg"": null, ""head_translation_m"": null, ""left_hand_translation_m"": null, ""removed_tool_ids"": [15, 20, 21, 27, 28], ""right_hand_translation_m"": null, ""selected_step"": ""r2_fasten_first_stand"", ""step_attempt"": 6, ""step_elapsed_s"": 31.68125834793318, ""step_event_index"": 25, ""total_hand_translation_m"": null, ""trial_finished_elapsed_s"": null, ""trial_recording"": true, ""trial_required_tool_ids"": [7, 35, 37]}"
2026-09-04T14:23:26.645-04:00,kuber,task_aware,vlm_request_submitted,speech,r2_fasten_first_stand,Row 2.4: fasten right stand,ready,6,26,,,,31.710467,,,,,,,,,,,,,,,,screw,,,speech_proxy,,"{""acquired_tool_ids"": [7, 37], ""acquisition_complete"": false, ""completed_steps"": [""r2_bearing_right"", ""r2_bearing_left"", ""r2_gear_rod""], ""head_rotation_deg"": null, ""head_translation_m"": null, ""left_hand_translation_m"": null, ""removed_tool_ids"": [15, 20, 21, 27, 28], ""right_hand_translation_m"": null, ""selected_step"": ""r2_fasten_first_stand"", ""step_attempt"": 6, ""step_elapsed_s"": 31.71047816099599, ""step_event_index"": 26, ""total_hand_translation_m"": null, ""trial_finished_elapsed_s"": null, ""trial_recording"": true, ""trial_required_tool_ids"": [7, 35, 37]}"
2026-09-04T14:23:30.717-04:00,kuber,task_aware,vlm_inference_completed,lifecycle,r2_fasten_first_stand,Row 2.4: fasten right stand,ready,6,27,,,,35.782503,,,,,,,,,,,,,,,,screw,,,SCREW_ROW2,,"{""acquired_tool_ids"": [7, 37], ""acquisition_complete"": false, ""completed_steps"": [""r2_bearing_right"", ""r2_bearing_left"", ""r2_gear_rod""], ""head_rotation_deg"": null, ""head_translation_m"": null, ""left_hand_translation_m"": null, ""removed_tool_ids"": [15, 20, 21, 27, 28], ""right_hand_translation_m"": null, ""selected_step"": ""r2_fasten_first_stand"", ""step_attempt"": 6, ""step_elapsed_s"": 35.78251130494755, ""step_event_index"": 27, ""total_hand_translation_m"": null, ""trial_finished_elapsed_s"": null, ""trial_recording"": true, ""trial_required_tool_ids"": [7, 35, 37]}"
2026-09-04T14:23:30.819-04:00,kuber,task_aware,vlm_interaction,language,r2_fasten_first_stand,Row 2.4: fasten right stand,ready,6,28,,,,,,,,,,,,,,,,,,,,screw,SCREW_ROW2,"{""intent"":""part_reference"",""part_action"":""reference"",""reference_relation"":""direct"",""step_scope"":""selected_step"",""target"":""SCREW_ROW2_RIGHT"",""candidates"":[],""exclude_labels"":[]}",language_grounded,I identified and highlighted the Row 2 mounting screw.,"{""acquired_tool_ids"": [7, 37], ""acquisition_complete"": false, ""completed_steps"": [""r2_bearing_right"", ""r2_bearing_left"", ""r2_gear_rod""], ""head_rotation_deg"": null, ""head_translation_m"": null, ""left_hand_translation_m"": null, ""removed_tool_ids"": [15, 20, 21, 27, 28], ""right_hand_translation_m"": null, ""selected_step"": ""r2_fasten_first_stand"", ""step_attempt"": 6, ""step_elapsed_s"": 35.88412004802376, ""step_event_index"": 28, ""total_hand_translation_m"": null, ""trial_finished_elapsed_s"": null, ""trial_recording"": true, ""trial_required_tool_ids"": [7, 35, 37]}"
2026-09-04T14:23:30.859-04:00,kuber,task_aware,part_selection,language,r2_fasten_first_stand,Row 2.4: fasten right stand,ready,6,29,35,SCREWS,8.270727,35.924708,,,,,,,,,,,,,,,1,,,,,,"{""acquired_tool_ids"": [7, 35, 37], ""acquisition_complete"": false, ""completed_steps"": [""r2_bearing_right"", ""r2_bearing_left"", ""r2_gear_rod""], ""head_rotation_deg"": null, ""head_translation_m"": null, ""left_hand_translation_m"": null, ""removed_tool_ids"": [15, 20, 21, 27, 28], ""right_hand_translation_m"": null, ""selected_step"": ""r2_fasten_first_stand"", ""step_attempt"": 6, ""step_elapsed_s"": 35.92474453302566, ""step_event_index"": 29, ""total_hand_translation_m"": null, ""trial_finished_elapsed_s"": null, ""trial_recording"": true, ""trial_required_tool_ids"": [7, 35, 37]}"
2026-09-04T14:23:30.888-04:00,kuber,task_aware,object_acquired,language,r2_fasten_first_stand,Row 2.4: fasten right stand,ready,6,30,35,SCREWS,8.270727,35.924708,,,,,,,,,,,,,,,1,,,,,,"{""acquired_tool_ids"": [7, 35, 37], ""acquisition_complete"": false, ""completed_steps"": [""r2_bearing_right"", ""r2_bearing_left"", ""r2_gear_rod""], ""head_rotation_deg"": null, ""head_translation_m"": null, ""left_hand_translation_m"": null, ""removed_tool_ids"": [15, 20, 21, 27, 28], ""right_hand_translation_m"": null, ""selected_step"": ""r2_fasten_first_stand"", ""step_attempt"": 6, ""step_elapsed_s"": 35.95292108296417, ""step_event_index"": 30, ""total_hand_translation_m"": null, ""trial_finished_elapsed_s"": null, ""trial_recording"": true, ""trial_required_tool_ids"": [7, 35, 37]}"
2026-09-04T14:23:30.920-04:00,kuber,task_aware,step_acquisition_complete,language,r2_fasten_first_stand,Row 2.4: fasten right stand,ready,6,31,,,,35.984190,0.855437,348.669795,0.230760,1.242826,1.473586,0.000000,0.000000,0.000000,0.000000,0,0,0.000000,0.000000,0.000000,,,,,,,"{""acquired_tool_ids"": [7, 35, 37], ""acquisition_complete"": true, ""any_hover_time_s"": 0.0, ""completed_steps"": [""r2_bearing_right"", ""r2_bearing_left"", ""r2_gear_rod""], ""head_rotation_deg"": 348.6697954046694, ""head_translation_m"": 0.8554369230351936, ""hover_time_percent"": 0.0, ""left_hand_translation_m"": 0.2307601987643276, ""left_hover_episodes"": 0, ""left_hover_time_s"": 0.0, ""left_hover_translation_m"": 0.0, ""removed_tool_ids"": [15, 20, 21, 27, 28], ""right_hand_translation_m"": 1.2428258452951022, ""right_hover_episodes"": 0, ""right_hover_time_s"": 0.0, ""right_hover_translation_m"": 0.0, ""selected_step"": ""r2_fasten_first_stand"", ""step_attempt"": 6, ""step_elapsed_s"": 35.984190140035935, ""step_event_index"": 31, ""total_hand_translation_m"": 1.4735860440594297, ""total_hover_translation_m"": 0.0, ""trial_finished_elapsed_s"": 35.984190140035935, ""trial_recording"": false, ""trial_required_tool_ids"": [7, 35, 37]}"
2026-09-04T14:23:30.936-04:00,kuber,task_aware,graph_complete,,r2_fasten_first_stand,Row 2.4: fasten right stand,complete,6,32,,,,,,,,,,,,,,,,,,,,,,,,,"{""acquired_tool_ids"": [7, 35, 37], ""acquisition_complete"": true, ""any_hover_time_s"": 0.0, ""completed_steps"": [""r2_bearing_right"", ""r2_bearing_left"", ""r2_gear_rod"", ""r2_fasten_first_stand"", ""r2_insert_rod_and_fit_second"", ""r2_fasten_second_stand""], ""head_rotation_deg"": 348.6697954046694, ""head_translation_m"": 0.8554369230351936, ""hover_time_percent"": 0.0, ""left_hand_translation_m"": 0.2307601987643276, ""left_hover_episodes"": 0, ""left_hover_time_s"": 0.0, ""left_hover_translation_m"": 0.0, ""removed_tool_ids"": [15, 20, 21, 27, 28], ""right_hand_translation_m"": 1.2428258452951022, ""right_hover_episodes"": 0, ""right_hover_time_s"": 0.0, ""right_hover_translation_m"": 0.0, ""selected_step"": ""r2_fasten_first_stand"", ""step_attempt"": 6, ""step_elapsed_s"": 35.984190140035935, ""step_event_index"": 32, ""total_hand_translation_m"": 1.4735860440594297, ""total_hover_translation_m"": 0.0, ""trial_finished_elapsed_s"": 35.984190140035935, ""trial_recording"": false, ""trial_required_tool_ids"": [7, 35, 37]}"
2026-09-04T14:23:41.057-04:00,kuber,task_aware,step_started,keyboard,r1_gear_rod,Row 1.2: assemble gear rod,ready,7,1,,,,,,,,,,,,,,,,,,,,,,,,,"{""acquired_tool_ids"": [], ""acquisition_complete"": false, ""completed_steps"": [""r2_bearing_right"", ""r2_bearing_left"", ""r2_gear_rod"", ""r2_fasten_first_stand"", ""r2_insert_rod_and_fit_second"", ""r2_fasten_second_stand""], ""head_rotation_deg"": null, ""head_translation_m"": null, ""left_hand_translation_m"": null, ""removed_tool_ids"": [15, 20, 21, 27, 28], ""right_hand_translation_m"": null, ""selected_step"": ""r1_gear_rod"", ""step_attempt"": 7, ""step_elapsed_s"": 0.0011156749678775668, ""step_event_index"": 1, ""total_hand_translation_m"": null, ""trial_finished_elapsed_s"": null, ""trial_recording"": true, ""trial_required_tool_ids"": [14, 26, 33]}"
2026-09-04T14:23:41.097-04:00,kuber,task_aware,task_aware_highlight_presented,system,r1_gear_rod,Row 1.2: assemble gear rod,ready,7,2,,,,,,,,,,,,,,,,,,,,,"[14, 26, 33]",,task_aware_proactive_highlight,,"{""acquired_tool_ids"": [], ""acquisition_complete"": false, ""completed_steps"": [""r2_bearing_right"", ""r2_bearing_left"", ""r2_gear_rod"", ""r2_fasten_first_stand"", ""r2_insert_rod_and_fit_second"", ""r2_fasten_second_stand""], ""head_rotation_deg"": null, ""head_translation_m"": null, ""left_hand_translation_m"": null, ""removed_tool_ids"": [15, 20, 21, 27, 28], ""right_hand_translation_m"": null, ""selected_step"": ""r1_gear_rod"", ""step_attempt"": 7, ""step_elapsed_s"": 0.04109983402304351, ""step_event_index"": 2, ""total_hand_translation_m"": null, ""trial_finished_elapsed_s"": null, ""trial_recording"": true, ""trial_required_tool_ids"": [14, 26, 33]}"
2026-09-04T14:23:43.561-04:00,kuber,task_aware,participant_speech_submitted,speech,r1_gear_rod,Row 1.2: assemble gear rod,ready,7,3,,,,2.505224,,,,,,,,,,,,,,,,rod,,,speech_proxy,,"{""acquired_tool_ids"": [], ""acquisition_complete"": false, ""completed_steps"": [""r2_bearing_right"", ""r2_bearing_left"", ""r2_gear_rod"", ""r2_fasten_first_stand"", ""r2_insert_rod_and_fit_second"", ""r2_fasten_second_stand""], ""head_rotation_deg"": null, ""head_translation_m"": null, ""left_hand_translation_m"": null, ""removed_tool_ids"": [15, 20, 21, 27, 28], ""right_hand_translation_m"": null, ""selected_step"": ""r1_gear_rod"", ""step_attempt"": 7, ""step_elapsed_s"": 2.50523528305348, ""step_event_index"": 3, ""total_hand_translation_m"": null, ""trial_finished_elapsed_s"": null, ""trial_recording"": true, ""trial_required_tool_ids"": [14, 26, 33]}"
2026-09-04T14:23:43.586-04:00,kuber,task_aware,vlm_request_submitted,speech,r1_gear_rod,Row 1.2: assemble gear rod,ready,7,4,,,,2.530028,,,,,,,,,,,,,,,,rod,,,speech_proxy,,"{""acquired_tool_ids"": [], ""acquisition_complete"": false, ""completed_steps"": [""r2_bearing_right"", ""r2_bearing_left"", ""r2_gear_rod"", ""r2_fasten_first_stand"", ""r2_insert_rod_and_fit_second"", ""r2_fasten_second_stand""], ""head_rotation_deg"": null, ""head_translation_m"": null, ""left_hand_translation_m"": null, ""removed_tool_ids"": [15, 20, 21, 27, 28], ""right_hand_translation_m"": null, ""selected_step"": ""r1_gear_rod"", ""step_attempt"": 7, ""step_elapsed_s"": 2.530038486002013, ""step_event_index"": 4, ""total_hand_translation_m"": null, ""trial_finished_elapsed_s"": null, ""trial_recording"": true, ""trial_required_tool_ids"": [14, 26, 33]}"
2026-09-04T14:23:47.734-04:00,kuber,task_aware,vlm_inference_completed,lifecycle,r1_gear_rod,Row 1.2: assemble gear rod,ready,7,5,,,,6.677840,,,,,,,,,,,,,,,,rod,,,GEAR_ROD_ROW1,,"{""acquired_tool_ids"": [], ""acquisition_complete"": false, ""completed_steps"": [""r2_bearing_right"", ""r2_bearing_left"", ""r2_gear_rod"", ""r2_fasten_first_stand"", ""r2_insert_rod_and_fit_second"", ""r2_fasten_second_stand""], ""head_rotation_deg"": null, ""head_translation_m"": null, ""left_hand_translation_m"": null, ""removed_tool_ids"": [15, 20, 21, 27, 28], ""right_hand_translation_m"": null, ""selected_step"": ""r1_gear_rod"", ""step_attempt"": 7, ""step_elapsed_s"": 6.677850004984066, ""step_event_index"": 5, ""total_hand_translation_m"": null, ""trial_finished_elapsed_s"": null, ""trial_recording"": true, ""trial_required_tool_ids"": [14, 26, 33]}"
2026-09-04T14:23:47.772-04:00,kuber,task_aware,vlm_interaction,language,r1_gear_rod,Row 1.2: assemble gear rod,ready,7,6,,,,,,,,,,,,,,,,,,,,rod,GEAR_ROD_ROW1,"{""intent"":""part_reference"",""part_action"":""reference"",""reference_relation"":""direct"",""step_scope"":""selected_step"",""target"":""GEAR_ROD_ROW1"",""candidates"":[],""exclude_labels"":[]}",language_grounded,I identified and highlighted the Row 1 gear rod.,"{""acquired_tool_ids"": [], ""acquisition_complete"": false, ""completed_steps"": [""r2_bearing_right"", ""r2_bearing_left"", ""r2_gear_rod"", ""r2_fasten_first_stand"", ""r2_insert_rod_and_fit_second"", ""r2_fasten_second_stand""], ""head_rotation_deg"": null, ""head_translation_m"": null, ""left_hand_translation_m"": null, ""removed_tool_ids"": [15, 20, 21, 27, 28], ""right_hand_translation_m"": null, ""selected_step"": ""r1_gear_rod"", ""step_attempt"": 7, ""step_elapsed_s"": 6.716142278979532, ""step_event_index"": 6, ""total_hand_translation_m"": null, ""trial_finished_elapsed_s"": null, ""trial_recording"": true, ""trial_required_tool_ids"": [14, 26, 33]}"
2026-09-04T14:23:47.803-04:00,kuber,task_aware,part_selection,language,r1_gear_rod,Row 1.2: assemble gear rod,ready,7,7,14,GEAR_ROD_ROW1,6.746732,6.746732,,,,,,,,,,,,,,,1,,,,,,"{""acquired_tool_ids"": [14], ""acquisition_complete"": false, ""completed_steps"": [""r2_bearing_right"", ""r2_bearing_left"", ""r2_gear_rod"", ""r2_fasten_first_stand"", ""r2_insert_rod_and_fit_second"", ""r2_fasten_second_stand""], ""head_rotation_deg"": null, ""head_translation_m"": null, ""left_hand_translation_m"": null, ""removed_tool_ids"": [15, 20, 21, 27, 28], ""right_hand_translation_m"": null, ""selected_step"": ""r1_gear_rod"", ""step_attempt"": 7, ""step_elapsed_s"": 6.746805967064574, ""step_event_index"": 7, ""total_hand_translation_m"": null, ""trial_finished_elapsed_s"": null, ""trial_recording"": true, ""trial_required_tool_ids"": [14, 26, 33]}"
2026-09-04T14:23:47.824-04:00,kuber,task_aware,object_acquired,language,r1_gear_rod,Row 1.2: assemble gear rod,ready,7,8,14,GEAR_ROD_ROW1,6.746732,6.746732,,,,,,,,,,,,,,,1,,,,,,"{""acquired_tool_ids"": [14], ""acquisition_complete"": false, ""completed_steps"": [""r2_bearing_right"", ""r2_bearing_left"", ""r2_gear_rod"", ""r2_fasten_first_stand"", ""r2_insert_rod_and_fit_second"", ""r2_fasten_second_stand""], ""head_rotation_deg"": null, ""head_translation_m"": null, ""left_hand_translation_m"": null, ""removed_tool_ids"": [15, 20, 21, 27, 28], ""right_hand_translation_m"": null, ""selected_step"": ""r1_gear_rod"", ""step_attempt"": 7, ""step_elapsed_s"": 6.767991884960793, ""step_event_index"": 8, ""total_hand_translation_m"": null, ""trial_finished_elapsed_s"": null, ""trial_recording"": true, ""trial_required_tool_ids"": [14, 26, 33]}"
2026-09-04T14:23:47.835-04:00,kuber,task_aware,tts_queued,lifecycle,r1_gear_rod,Row 1.2: assemble gear rod,ready,7,9,,,,6.778878,,,,,,,,,,,,,,,,2 parts left.,,,replace,,"{""acquired_tool_ids"": [14], ""acquisition_complete"": false, ""completed_steps"": [""r2_bearing_right"", ""r2_bearing_left"", ""r2_gear_rod"", ""r2_fasten_first_stand"", ""r2_insert_rod_and_fit_second"", ""r2_fasten_second_stand""], ""head_rotation_deg"": null, ""head_translation_m"": null, ""left_hand_translation_m"": null, ""removed_tool_ids"": [15, 20, 21, 27, 28], ""right_hand_translation_m"": null, ""selected_step"": ""r1_gear_rod"", ""step_attempt"": 7, ""step_elapsed_s"": 6.778885893989354, ""step_event_index"": 9, ""total_hand_translation_m"": null, ""trial_finished_elapsed_s"": null, ""trial_recording"": true, ""trial_required_tool_ids"": [14, 26, 33]}"
2026-09-04T14:23:47.859-04:00,kuber,task_aware,tts_started,lifecycle,r1_gear_rod,Row 1.2: assemble gear rod,ready,7,10,,,,6.802775,,,,,,,,,,,,,,,,2 parts left.,,,,,"{""acquired_tool_ids"": [14], ""acquisition_complete"": false, ""completed_steps"": [""r2_bearing_right"", ""r2_bearing_left"", ""r2_gear_rod"", ""r2_fasten_first_stand"", ""r2_insert_rod_and_fit_second"", ""r2_fasten_second_stand""], ""head_rotation_deg"": null, ""head_translation_m"": null, ""left_hand_translation_m"": null, ""removed_tool_ids"": [15, 20, 21, 27, 28], ""right_hand_translation_m"": null, ""selected_step"": ""r1_gear_rod"", ""step_attempt"": 7, ""step_elapsed_s"": 6.802784304018132, ""step_event_index"": 10, ""total_hand_translation_m"": null, ""trial_finished_elapsed_s"": null, ""trial_recording"": true, ""trial_required_tool_ids"": [14, 26, 33]}"
2026-09-04T14:23:49.209-04:00,kuber,task_aware,tts_finished,lifecycle,r1_gear_rod,Row 1.2: assemble gear rod,ready,7,11,,,,8.153226,,,,,,,,,,,,,,,,2 parts left.,,,,,"{""acquired_tool_ids"": [14], ""acquisition_complete"": false, ""completed_steps"": [""r2_bearing_right"", ""r2_bearing_left"", ""r2_gear_rod"", ""r2_fasten_first_stand"", ""r2_insert_rod_and_fit_second"", ""r2_fasten_second_stand""], ""head_rotation_deg"": null, ""head_translation_m"": null, ""left_hand_translation_m"": null, ""removed_tool_ids"": [15, 20, 21, 27, 28], ""right_hand_translation_m"": null, ""selected_step"": ""r1_gear_rod"", ""step_attempt"": 7, ""step_elapsed_s"": 8.153235733043402, ""step_event_index"": 11, ""total_hand_translation_m"": null, ""trial_finished_elapsed_s"": null, ""trial_recording"": true, ""trial_required_tool_ids"": [14, 26, 33]}"
2026-09-04T14:23:51.145-04:00,kuber,task_aware,participant_speech_submitted,speech,r1_gear_rod,Row 1.2: assemble gear rod,ready,7,12,,,,10.088615,,,,,,,,,,,,,,,,gear,,,speech_proxy,,"{""acquired_tool_ids"": [14], ""acquisition_complete"": false, ""completed_steps"": [""r2_bearing_right"", ""r2_bearing_left"", ""r2_gear_rod"", ""r2_fasten_first_stand"", ""r2_insert_rod_and_fit_second"", ""r2_fasten_second_stand""], ""head_rotation_deg"": null, ""head_translation_m"": null, ""left_hand_translation_m"": null, ""removed_tool_ids"": [15, 20, 21, 27, 28], ""right_hand_translation_m"": null, ""selected_step"": ""r1_gear_rod"", ""step_attempt"": 7, ""step_elapsed_s"": 10.088626887067221, ""step_event_index"": 12, ""total_hand_translation_m"": null, ""trial_finished_elapsed_s"": null, ""trial_recording"": true, ""trial_required_tool_ids"": [14, 26, 33]}"
2026-09-04T14:23:51.167-04:00,kuber,task_aware,vlm_request_submitted,speech,r1_gear_rod,Row 1.2: assemble gear rod,ready,7,13,,,,10.111602,,,,,,,,,,,,,,,,gear,,,speech_proxy,,"{""acquired_tool_ids"": [14], ""acquisition_complete"": false, ""completed_steps"": [""r2_bearing_right"", ""r2_bearing_left"", ""r2_gear_rod"", ""r2_fasten_first_stand"", ""r2_insert_rod_and_fit_second"", ""r2_fasten_second_stand""], ""head_rotation_deg"": null, ""head_translation_m"": null, ""left_hand_translation_m"": null, ""removed_tool_ids"": [15, 20, 21, 27, 28], ""right_hand_translation_m"": null, ""selected_step"": ""r1_gear_rod"", ""step_attempt"": 7, ""step_elapsed_s"": 10.111616594018415, ""step_event_index"": 13, ""total_hand_translation_m"": null, ""trial_finished_elapsed_s"": null, ""trial_recording"": true, ""trial_required_tool_ids"": [14, 26, 33]}"
2026-09-04T14:23:55.312-04:00,kuber,task_aware,vlm_inference_completed,lifecycle,r1_gear_rod,Row 1.2: assemble gear rod,ready,7,14,,,,14.256610,,,,,,,,,,,,,,,,gear,,,GEAR_ROW1_LEFT,,"{""acquired_tool_ids"": [14], ""acquisition_complete"": false, ""completed_steps"": [""r2_bearing_right"", ""r2_bearing_left"", ""r2_gear_rod"", ""r2_fasten_first_stand"", ""r2_insert_rod_and_fit_second"", ""r2_fasten_second_stand""], ""head_rotation_deg"": null, ""head_translation_m"": null, ""left_hand_translation_m"": null, ""removed_tool_ids"": [15, 20, 21, 27, 28], ""right_hand_translation_m"": null, ""selected_step"": ""r1_gear_rod"", ""step_attempt"": 7, ""step_elapsed_s"": 14.256620474974625, ""step_event_index"": 14, ""total_hand_translation_m"": null, ""trial_finished_elapsed_s"": null, ""trial_recording"": true, ""trial_required_tool_ids"": [14, 26, 33]}"
2026-09-04T14:23:55.360-04:00,kuber,task_aware,vlm_interaction,language,r1_gear_rod,Row 1.2: assemble gear rod,ready,7,15,,,,,,,,,,,,,,,,,,,,gear,GEAR_ROW1_LEFT,"{""intent"":""part_reference"",""part_action"":""reference"",""reference_relation"":""direct"",""step_scope"":""selected_step"",""target"":""GEAR_ROW1_LEFT"",""candidates"":[],""exclude_labels"":[]}",language_grounded,I identified and highlighted the Row 1 left gear.,"{""acquired_tool_ids"": [14], ""acquisition_complete"": false, ""completed_steps"": [""r2_bearing_right"", ""r2_bearing_left"", ""r2_gear_rod"", ""r2_fasten_first_stand"", ""r2_insert_rod_and_fit_second"", ""r2_fasten_second_stand""], ""head_rotation_deg"": null, ""head_translation_m"": null, ""left_hand_translation_m"": null, ""removed_tool_ids"": [15, 20, 21, 27, 28], ""right_hand_translation_m"": null, ""selected_step"": ""r1_gear_rod"", ""step_attempt"": 7, ""step_elapsed_s"": 14.30461773602292, ""step_event_index"": 15, ""total_hand_translation_m"": null, ""trial_finished_elapsed_s"": null, ""trial_recording"": true, ""trial_required_tool_ids"": [14, 26, 33]}"
2026-09-04T14:23:55.383-04:00,kuber,task_aware,part_selection,language,r1_gear_rod,Row 1.2: assemble gear rod,ready,7,16,26,GEAR_ROW1_LEFT,7.580448,14.327180,,,,,,,,,,,,,,,1,,,,,,"{""acquired_tool_ids"": [14, 26], ""acquisition_complete"": false, ""completed_steps"": [""r2_bearing_right"", ""r2_bearing_left"", ""r2_gear_rod"", ""r2_fasten_first_stand"", ""r2_insert_rod_and_fit_second"", ""r2_fasten_second_stand""], ""head_rotation_deg"": null, ""head_translation_m"": null, ""left_hand_translation_m"": null, ""removed_tool_ids"": [15, 20, 21, 27, 28], ""right_hand_translation_m"": null, ""selected_step"": ""r1_gear_rod"", ""step_attempt"": 7, ""step_elapsed_s"": 14.327258161036298, ""step_event_index"": 16, ""total_hand_translation_m"": null, ""trial_finished_elapsed_s"": null, ""trial_recording"": true, ""trial_required_tool_ids"": [14, 26, 33]}"
2026-09-04T14:23:55.394-04:00,kuber,task_aware,object_acquired,language,r1_gear_rod,Row 1.2: assemble gear rod,ready,7,17,26,GEAR_ROW1_LEFT,7.580448,14.327180,,,,,,,,,,,,,,,1,,,,,,"{""acquired_tool_ids"": [14, 26], ""acquisition_complete"": false, ""completed_steps"": [""r2_bearing_right"", ""r2_bearing_left"", ""r2_gear_rod"", ""r2_fasten_first_stand"", ""r2_insert_rod_and_fit_second"", ""r2_fasten_second_stand""], ""head_rotation_deg"": null, ""head_translation_m"": null, ""left_hand_translation_m"": null, ""removed_tool_ids"": [15, 20, 21, 27, 28], ""right_hand_translation_m"": null, ""selected_step"": ""r1_gear_rod"", ""step_attempt"": 7, ""step_elapsed_s"": 14.33854364301078, ""step_event_index"": 17, ""total_hand_translation_m"": null, ""trial_finished_elapsed_s"": null, ""trial_recording"": true, ""trial_required_tool_ids"": [14, 26, 33]}"
2026-09-04T14:23:55.404-04:00,kuber,task_aware,tts_queued,lifecycle,r1_gear_rod,Row 1.2: assemble gear rod,ready,7,18,,,,14.348576,,,,,,,,,,,,,,,,1 part left.,,,replace,,"{""acquired_tool_ids"": [14, 26], ""acquisition_complete"": false, ""completed_steps"": [""r2_bearing_right"", ""r2_bearing_left"", ""r2_gear_rod"", ""r2_fasten_first_stand"", ""r2_insert_rod_and_fit_second"", ""r2_fasten_second_stand""], ""head_rotation_deg"": null, ""head_translation_m"": null, ""left_hand_translation_m"": null, ""removed_tool_ids"": [15, 20, 21, 27, 28], ""right_hand_translation_m"": null, ""selected_step"": ""r1_gear_rod"", ""step_attempt"": 7, ""step_elapsed_s"": 14.348586509004235, ""step_event_index"": 18, ""total_hand_translation_m"": null, ""trial_finished_elapsed_s"": null, ""trial_recording"": true, ""trial_required_tool_ids"": [14, 26, 33]}"
2026-09-04T14:23:55.426-04:00,kuber,task_aware,tts_started,lifecycle,r1_gear_rod,Row 1.2: assemble gear rod,ready,7,19,,,,14.369832,,,,,,,,,,,,,,,,1 part left.,,,,,"{""acquired_tool_ids"": [14, 26], ""acquisition_complete"": false, ""completed_steps"": [""r2_bearing_right"", ""r2_bearing_left"", ""r2_gear_rod"", ""r2_fasten_first_stand"", ""r2_insert_rod_and_fit_second"", ""r2_fasten_second_stand""], ""head_rotation_deg"": null, ""head_translation_m"": null, ""left_hand_translation_m"": null, ""removed_tool_ids"": [15, 20, 21, 27, 28], ""right_hand_translation_m"": null, ""selected_step"": ""r1_gear_rod"", ""step_attempt"": 7, ""step_elapsed_s"": 14.369841940002516, ""step_event_index"": 19, ""total_hand_translation_m"": null, ""trial_finished_elapsed_s"": null, ""trial_recording"": true, ""trial_required_tool_ids"": [14, 26, 33]}"
2026-09-04T14:23:56.646-04:00,kuber,task_aware,tts_finished,lifecycle,r1_gear_rod,Row 1.2: assemble gear rod,ready,7,20,,,,15.590287,,,,,,,,,,,,,,,,1 part left.,,,,,"{""acquired_tool_ids"": [14, 26], ""acquisition_complete"": false, ""completed_steps"": [""r2_bearing_right"", ""r2_bearing_left"", ""r2_gear_rod"", ""r2_fasten_first_stand"", ""r2_insert_rod_and_fit_second"", ""r2_fasten_second_stand""], ""head_rotation_deg"": null, ""head_translation_m"": null, ""left_hand_translation_m"": null, ""removed_tool_ids"": [15, 20, 21, 27, 28], ""right_hand_translation_m"": null, ""selected_step"": ""r1_gear_rod"", ""step_attempt"": 7, ""step_elapsed_s"": 15.590297710965388, ""step_event_index"": 20, ""total_hand_translation_m"": null, ""trial_finished_elapsed_s"": null, ""trial_recording"": true, ""trial_required_tool_ids"": [14, 26, 33]}"
2026-09-04T14:23:59.681-04:00,kuber,task_aware,participant_speech_submitted,speech,r1_gear_rod,Row 1.2: assemble gear rod,ready,7,21,,,,18.624617,,,,,,,,,,,,,,,,pin,,,speech_proxy,,"{""acquired_tool_ids"": [14, 26], ""acquisition_complete"": false, ""completed_steps"": [""r2_bearing_right"", ""r2_bearing_left"", ""r2_gear_rod"", ""r2_fasten_first_stand"", ""r2_insert_rod_and_fit_second"", ""r2_fasten_second_stand""], ""head_rotation_deg"": null, ""head_translation_m"": null, ""left_hand_translation_m"": null, ""removed_tool_ids"": [15, 20, 21, 27, 28], ""right_hand_translation_m"": null, ""selected_step"": ""r1_gear_rod"", ""step_attempt"": 7, ""step_elapsed_s"": 18.624628696008585, ""step_event_index"": 21, ""total_hand_translation_m"": null, ""trial_finished_elapsed_s"": null, ""trial_recording"": true, ""trial_required_tool_ids"": [14, 26, 33]}"
2026-09-04T14:23:59.754-04:00,kuber,task_aware,vlm_request_submitted,speech,r1_gear_rod,Row 1.2: assemble gear rod,ready,7,22,,,,18.698588,,,,,,,,,,,,,,,,pin,,,speech_proxy,,"{""acquired_tool_ids"": [14, 26], ""acquisition_complete"": false, ""completed_steps"": [""r2_bearing_right"", ""r2_bearing_left"", ""r2_gear_rod"", ""r2_fasten_first_stand"", ""r2_insert_rod_and_fit_second"", ""r2_fasten_second_stand""], ""head_rotation_deg"": null, ""head_translation_m"": null, ""left_hand_translation_m"": null, ""removed_tool_ids"": [15, 20, 21, 27, 28], ""right_hand_translation_m"": null, ""selected_step"": ""r1_gear_rod"", ""step_attempt"": 7, ""step_elapsed_s"": 18.69859855796676, ""step_event_index"": 22, ""total_hand_translation_m"": null, ""trial_finished_elapsed_s"": null, ""trial_recording"": true, ""trial_required_tool_ids"": [14, 26, 33]}"
2026-09-04T14:24:03.883-04:00,kuber,task_aware,vlm_inference_completed,lifecycle,r1_gear_rod,Row 1.2: assemble gear rod,ready,7,23,,,,22.827215,,,,,,,,,,,,,,,,pin,,,PIN_ROW1,,"{""acquired_tool_ids"": [14, 26], ""acquisition_complete"": false, ""completed_steps"": [""r2_bearing_right"", ""r2_bearing_left"", ""r2_gear_rod"", ""r2_fasten_first_stand"", ""r2_insert_rod_and_fit_second"", ""r2_fasten_second_stand""], ""head_rotation_deg"": null, ""head_translation_m"": null, ""left_hand_translation_m"": null, ""removed_tool_ids"": [15, 20, 21, 27, 28], ""right_hand_translation_m"": null, ""selected_step"": ""r1_gear_rod"", ""step_attempt"": 7, ""step_elapsed_s"": 22.827225722023286, ""step_event_index"": 23, ""total_hand_translation_m"": null, ""trial_finished_elapsed_s"": null, ""trial_recording"": true, ""trial_required_tool_ids"": [14, 26, 33]}"
2026-09-04T14:24:03.933-04:00,kuber,task_aware,vlm_interaction,language,r1_gear_rod,Row 1.2: assemble gear rod,ready,7,24,,,,,,,,,,,,,,,,,,,,pin,PIN_ROW1,"{""intent"":""part_reference"",""part_action"":""reference"",""reference_relation"":""direct"",""step_scope"":""selected_step"",""target"":""PIN_ROW1_LEFT"",""candidates"":[],""exclude_labels"":[]}",language_grounded,I identified and highlighted the Row 1 wooden retaining pins.,"{""acquired_tool_ids"": [14, 26], ""acquisition_complete"": false, ""completed_steps"": [""r2_bearing_right"", ""r2_bearing_left"", ""r2_gear_rod"", ""r2_fasten_first_stand"", ""r2_insert_rod_and_fit_second"", ""r2_fasten_second_stand""], ""head_rotation_deg"": null, ""head_translation_m"": null, ""left_hand_translation_m"": null, ""removed_tool_ids"": [15, 20, 21, 27, 28], ""right_hand_translation_m"": null, ""selected_step"": ""r1_gear_rod"", ""step_attempt"": 7, ""step_elapsed_s"": 22.877515092957765, ""step_event_index"": 24, ""total_hand_translation_m"": null, ""trial_finished_elapsed_s"": null, ""trial_recording"": true, ""trial_required_tool_ids"": [14, 26, 33]}"
2026-09-04T14:24:03.967-04:00,kuber,task_aware,part_selection,language,r1_gear_rod,Row 1.2: assemble gear rod,ready,7,25,33,PINS,8.584186,22.911366,,,,,,,,,,,,,,,1,,,,,,"{""acquired_tool_ids"": [14, 26, 33], ""acquisition_complete"": false, ""completed_steps"": [""r2_bearing_right"", ""r2_bearing_left"", ""r2_gear_rod"", ""r2_fasten_first_stand"", ""r2_insert_rod_and_fit_second"", ""r2_fasten_second_stand""], ""head_rotation_deg"": null, ""head_translation_m"": null, ""left_hand_translation_m"": null, ""removed_tool_ids"": [15, 20, 21, 27, 28], ""right_hand_translation_m"": null, ""selected_step"": ""r1_gear_rod"", ""step_attempt"": 7, ""step_elapsed_s"": 22.911407910985872, ""step_event_index"": 25, ""total_hand_translation_m"": null, ""trial_finished_elapsed_s"": null, ""trial_recording"": true, ""trial_required_tool_ids"": [14, 26, 33]}"
2026-09-04T14:24:04.000-04:00,kuber,task_aware,object_acquired,language,r1_gear_rod,Row 1.2: assemble gear rod,ready,7,26,33,PINS,8.584186,22.911366,,,,,,,,,,,,,,,1,,,,,,"{""acquired_tool_ids"": [14, 26, 33], ""acquisition_complete"": false, ""completed_steps"": [""r2_bearing_right"", ""r2_bearing_left"", ""r2_gear_rod"", ""r2_fasten_first_stand"", ""r2_insert_rod_and_fit_second"", ""r2_fasten_second_stand""], ""head_rotation_deg"": null, ""head_translation_m"": null, ""left_hand_translation_m"": null, ""removed_tool_ids"": [15, 20, 21, 27, 28], ""right_hand_translation_m"": null, ""selected_step"": ""r1_gear_rod"", ""step_attempt"": 7, ""step_elapsed_s"": 22.944403102970682, ""step_event_index"": 26, ""total_hand_translation_m"": null, ""trial_finished_elapsed_s"": null, ""trial_recording"": true, ""trial_required_tool_ids"": [14, 26, 33]}"
2026-09-04T14:24:04.029-04:00,kuber,task_aware,step_acquisition_complete,language,r1_gear_rod,Row 1.2: assemble gear rod,ready,7,27,,,,22.972100,0.239048,69.062074,0.067886,0.391183,0.459069,0.000000,0.000000,0.000000,0.000000,0,0,0.000000,0.000000,0.000000,,,,,,,"{""acquired_tool_ids"": [14, 26, 33], ""acquisition_complete"": true, ""any_hover_time_s"": 0.0, ""completed_steps"": [""r2_bearing_right"", ""r2_bearing_left"", ""r2_gear_rod"", ""r2_fasten_first_stand"", ""r2_insert_rod_and_fit_second"", ""r2_fasten_second_stand""], ""head_rotation_deg"": 69.06207408668043, ""head_translation_m"": 0.23904833656541183, ""hover_time_percent"": 0.0, ""left_hand_translation_m"": 0.067886411316784, ""left_hover_episodes"": 0, ""left_hover_time_s"": 0.0, ""left_hover_translation_m"": 0.0, ""removed_tool_ids"": [14, 15, 20, 21, 26, 27, 28], ""right_hand_translation_m"": 0.39118284410720383, ""right_hover_episodes"": 0, ""right_hover_time_s"": 0.0, ""right_hover_translation_m"": 0.0, ""selected_step"": ""r1_gear_rod"", ""step_attempt"": 7, ""step_elapsed_s"": 22.97210042201914, ""step_event_index"": 27, ""total_hand_translation_m"": 0.4590692554239878, ""total_hover_translation_m"": 0.0, ""trial_finished_elapsed_s"": 22.97210042201914, ""trial_recording"": false, ""trial_required_tool_ids"": [14, 26, 33]}"
2026-09-04T14:24:04.051-04:00,kuber,task_aware,graph_complete,,r1_gear_rod,Row 1.2: assemble gear rod,complete,7,28,,,,,,,,,,,,,,,,,,,,,,,,,"{""acquired_tool_ids"": [14, 26, 33], ""acquisition_complete"": true, ""any_hover_time_s"": 0.0, ""completed_steps"": [""r2_bearing_right"", ""r2_bearing_left"", ""r2_gear_rod"", ""r2_fasten_first_stand"", ""r2_insert_rod_and_fit_second"", ""r2_fasten_second_stand"", ""r1_gear_rod""], ""head_rotation_deg"": 69.06207408668043, ""head_translation_m"": 0.23904833656541183, ""hover_time_percent"": 0.0, ""left_hand_translation_m"": 0.067886411316784, ""left_hover_episodes"": 0, ""left_hover_time_s"": 0.0, ""left_hover_translation_m"": 0.0, ""removed_tool_ids"": [14, 15, 20, 21, 26, 27, 28], ""right_hand_translation_m"": 0.39118284410720383, ""right_hover_episodes"": 0, ""right_hover_time_s"": 0.0, ""right_hover_translation_m"": 0.0, ""selected_step"": ""r1_gear_rod"", ""step_attempt"": 7, ""step_elapsed_s"": 22.97210042201914, ""step_event_index"": 28, ""total_hand_translation_m"": 0.4590692554239878, ""total_hover_translation_m"": 0.0, ""trial_finished_elapsed_s"": 22.97210042201914, ""trial_recording"": false, ""trial_required_tool_ids"": [14, 26, 33]}"
2026-09-04T14:24:12.589-04:00,kuber,task_aware,step_started,keyboard,r1_bearing_right,Row 1.1: bearing into right stand,ready,8,1,,,,,,,,,,,,,,,,,,,,,,,,,"{""acquired_tool_ids"": [], ""acquisition_complete"": false, ""completed_steps"": [""r2_bearing_right"", ""r2_bearing_left"", ""r2_gear_rod"", ""r2_fasten_first_stand"", ""r2_insert_rod_and_fit_second"", ""r2_fasten_second_stand"", ""r1_gear_rod""], ""head_rotation_deg"": null, ""head_translation_m"": null, ""left_hand_translation_m"": null, ""removed_tool_ids"": [14, 15, 20, 21, 26, 27, 28], ""right_hand_translation_m"": null, ""selected_step"": ""r1_bearing_right"", ""step_attempt"": 8, ""step_elapsed_s"": 0.0017215990228578448, ""step_event_index"": 1, ""total_hand_translation_m"": null, ""trial_finished_elapsed_s"": null, ""trial_recording"": true, ""trial_required_tool_ids"": [19, 34]}"
2026-09-04T14:24:12.630-04:00,kuber,task_aware,task_aware_highlight_presented,system,r1_bearing_right,Row 1.1: bearing into right stand,ready,8,2,,,,,,,,,,,,,,,,,,,,,"[34, 19]",,task_aware_proactive_highlight,,"{""acquired_tool_ids"": [], ""acquisition_complete"": false, ""completed_steps"": [""r2_bearing_right"", ""r2_bearing_left"", ""r2_gear_rod"", ""r2_fasten_first_stand"", ""r2_insert_rod_and_fit_second"", ""r2_fasten_second_stand"", ""r1_gear_rod""], ""head_rotation_deg"": null, ""head_translation_m"": null, ""left_hand_translation_m"": null, ""removed_tool_ids"": [14, 15, 20, 21, 26, 27, 28], ""right_hand_translation_m"": null, ""selected_step"": ""r1_bearing_right"", ""step_attempt"": 8, ""step_elapsed_s"": 0.042312773992307484, ""step_event_index"": 2, ""total_hand_translation_m"": null, ""trial_finished_elapsed_s"": null, ""trial_recording"": true, ""trial_required_tool_ids"": [19, 34]}"
2026-09-04T14:24:16.673-04:00,kuber,task_aware,participant_speech_submitted,speech,r1_bearing_right,Row 1.1: bearing into right stand,ready,8,3,,,,4.085545,,,,,,,,,,,,,,,,gearstand,,,speech_proxy,,"{""acquired_tool_ids"": [], ""acquisition_complete"": false, ""completed_steps"": [""r2_bearing_right"", ""r2_bearing_left"", ""r2_gear_rod"", ""r2_fasten_first_stand"", ""r2_insert_rod_and_fit_second"", ""r2_fasten_second_stand"", ""r1_gear_rod""], ""head_rotation_deg"": null, ""head_translation_m"": null, ""left_hand_translation_m"": null, ""removed_tool_ids"": [14, 15, 20, 21, 26, 27, 28], ""right_hand_translation_m"": null, ""selected_step"": ""r1_bearing_right"", ""step_attempt"": 8, ""step_elapsed_s"": 4.085565055022016, ""step_event_index"": 3, ""total_hand_translation_m"": null, ""trial_finished_elapsed_s"": null, ""trial_recording"": true, ""trial_required_tool_ids"": [19, 34]}"
2026-09-04T14:24:16.709-04:00,kuber,task_aware,vlm_request_submitted,speech,r1_bearing_right,Row 1.1: bearing into right stand,ready,8,4,,,,4.121870,,,,,,,,,,,,,,,,gearstand,,,speech_proxy,,"{""acquired_tool_ids"": [], ""acquisition_complete"": false, ""completed_steps"": [""r2_bearing_right"", ""r2_bearing_left"", ""r2_gear_rod"", ""r2_fasten_first_stand"", ""r2_insert_rod_and_fit_second"", ""r2_fasten_second_stand"", ""r1_gear_rod""], ""head_rotation_deg"": null, ""head_translation_m"": null, ""left_hand_translation_m"": null, ""removed_tool_ids"": [14, 15, 20, 21, 26, 27, 28], ""right_hand_translation_m"": null, ""selected_step"": ""r1_bearing_right"", ""step_attempt"": 8, ""step_elapsed_s"": 4.121887495042756, ""step_event_index"": 4, ""total_hand_translation_m"": null, ""trial_finished_elapsed_s"": null, ""trial_recording"": true, ""trial_required_tool_ids"": [19, 34]}"
2026-09-04T14:24:20.711-04:00,kuber,task_aware,vlm_inference_completed,lifecycle,r1_bearing_right,Row 1.1: bearing into right stand,ready,8,5,,,,8.123384,,,,,,,,,,,,,,,,gearstand,,,STAND_ROW1_RIGHT,,"{""acquired_tool_ids"": [], ""acquisition_complete"": false, ""completed_steps"": [""r2_bearing_right"", ""r2_bearing_left"", ""r2_gear_rod"", ""r2_fasten_first_stand"", ""r2_insert_rod_and_fit_second"", ""r2_fasten_second_stand"", ""r1_gear_rod""], ""head_rotation_deg"": null, ""head_translation_m"": null, ""left_hand_translation_m"": null, ""removed_tool_ids"": [14, 15, 20, 21, 26, 27, 28], ""right_hand_translation_m"": null, ""selected_step"": ""r1_bearing_right"", ""step_attempt"": 8, ""step_elapsed_s"": 8.123401652090251, ""step_event_index"": 5, ""total_hand_translation_m"": null, ""trial_finished_elapsed_s"": null, ""trial_recording"": true, ""trial_required_tool_ids"": [19, 34]}"
2026-09-04T14:24:20.763-04:00,kuber,task_aware,vlm_interaction,language,r1_bearing_right,Row 1.1: bearing into right stand,ready,8,6,,,,,,,,,,,,,,,,,,,,gearstand,STAND_ROW1_RIGHT,"{""intent"":""part_reference"",""part_action"":""reference"",""reference_relation"":""direct"",""step_scope"":"""",""target"":""STAND_ROW1_RIGHT"",""candidates"":[],""exclude_labels"":[]}",language_grounded,I identified and highlighted the Row 1 right stand.,"{""acquired_tool_ids"": [], ""acquisition_complete"": false, ""completed_steps"": [""r2_bearing_right"", ""r2_bearing_left"", ""r2_gear_rod"", ""r2_fasten_first_stand"", ""r2_insert_rod_and_fit_second"", ""r2_fasten_second_stand"", ""r1_gear_rod""], ""head_rotation_deg"": null, ""head_translation_m"": null, ""left_hand_translation_m"": null, ""removed_tool_ids"": [14, 15, 20, 21, 26, 27, 28], ""right_hand_translation_m"": null, ""selected_step"": ""r1_bearing_right"", ""step_attempt"": 8, ""step_elapsed_s"": 8.17556801601313, ""step_event_index"": 6, ""total_hand_translation_m"": null, ""trial_finished_elapsed_s"": null, ""trial_recording"": true, ""trial_required_tool_ids"": [19, 34]}"
2026-09-04T14:24:20.789-04:00,kuber,task_aware,part_selection,language,r1_bearing_right,Row 1.1: bearing into right stand,ready,8,7,19,GEAR_STAND_ROW1_RIGHT,8.201481,8.201481,,,,,,,,,,,,,,,1,,,,,,"{""acquired_tool_ids"": [19], ""acquisition_complete"": false, ""completed_steps"": [""r2_bearing_right"", ""r2_bearing_left"", ""r2_gear_rod"", ""r2_fasten_first_stand"", ""r2_insert_rod_and_fit_second"", ""r2_fasten_second_stand"", ""r1_gear_rod""], ""head_rotation_deg"": null, ""head_translation_m"": null, ""left_hand_translation_m"": null, ""removed_tool_ids"": [14, 15, 20, 21, 26, 27, 28], ""right_hand_translation_m"": null, ""selected_step"": ""r1_bearing_right"", ""step_attempt"": 8, ""step_elapsed_s"": 8.20154466398526, ""step_event_index"": 7, ""total_hand_translation_m"": null, ""trial_finished_elapsed_s"": null, ""trial_recording"": true, ""trial_required_tool_ids"": [19, 34]}"
2026-09-04T14:24:20.816-04:00,kuber,task_aware,object_acquired,language,r1_bearing_right,Row 1.1: bearing into right stand,ready,8,8,19,GEAR_STAND_ROW1_RIGHT,8.201481,8.201481,,,,,,,,,,,,,,,1,,,,,,"{""acquired_tool_ids"": [19], ""acquisition_complete"": false, ""completed_steps"": [""r2_bearing_right"", ""r2_bearing_left"", ""r2_gear_rod"", ""r2_fasten_first_stand"", ""r2_insert_rod_and_fit_second"", ""r2_fasten_second_stand"", ""r1_gear_rod""], ""head_rotation_deg"": null, ""head_translation_m"": null, ""left_hand_translation_m"": null, ""removed_tool_ids"": [14, 15, 20, 21, 26, 27, 28], ""right_hand_translation_m"": null, ""selected_step"": ""r1_bearing_right"", ""step_attempt"": 8, ""step_elapsed_s"": 8.22828953503631, ""step_event_index"": 8, ""total_hand_translation_m"": null, ""trial_finished_elapsed_s"": null, ""trial_recording"": true, ""trial_required_tool_ids"": [19, 34]}"
2026-09-04T14:24:20.843-04:00,kuber,task_aware,tts_queued,lifecycle,r1_bearing_right,Row 1.1: bearing into right stand,ready,8,9,,,,8.255658,,,,,,,,,,,,,,,,1 part left.,,,replace,,"{""acquired_tool_ids"": [19], ""acquisition_complete"": false, ""completed_steps"": [""r2_bearing_right"", ""r2_bearing_left"", ""r2_gear_rod"", ""r2_fasten_first_stand"", ""r2_insert_rod_and_fit_second"", ""r2_fasten_second_stand"", ""r1_gear_rod""], ""head_rotation_deg"": null, ""head_translation_m"": null, ""left_hand_translation_m"": null, ""removed_tool_ids"": [14, 15, 20, 21, 26, 27, 28], ""right_hand_translation_m"": null, ""selected_step"": ""r1_bearing_right"", ""step_attempt"": 8, ""step_elapsed_s"": 8.255665984004736, ""step_event_index"": 9, ""total_hand_translation_m"": null, ""trial_finished_elapsed_s"": null, ""trial_recording"": true, ""trial_required_tool_ids"": [19, 34]}"
2026-09-04T14:24:20.882-04:00,kuber,task_aware,tts_started,lifecycle,r1_bearing_right,Row 1.1: bearing into right stand,ready,8,10,,,,8.294219,,,,,,,,,,,,,,,,1 part left.,,,,,"{""acquired_tool_ids"": [19], ""acquisition_complete"": false, ""completed_steps"": [""r2_bearing_right"", ""r2_bearing_left"", ""r2_gear_rod"", ""r2_fasten_first_stand"", ""r2_insert_rod_and_fit_second"", ""r2_fasten_second_stand"", ""r1_gear_rod""], ""head_rotation_deg"": null, ""head_translation_m"": null, ""left_hand_translation_m"": null, ""removed_tool_ids"": [14, 15, 20, 21, 26, 27, 28], ""right_hand_translation_m"": null, ""selected_step"": ""r1_bearing_right"", ""step_attempt"": 8, ""step_elapsed_s"": 8.294232211075723, ""step_event_index"": 10, ""total_hand_translation_m"": null, ""trial_finished_elapsed_s"": null, ""trial_recording"": true, ""trial_required_tool_ids"": [19, 34]}"
2026-09-04T14:24:22.108-04:00,kuber,task_aware,tts_finished,lifecycle,r1_bearing_right,Row 1.1: bearing into right stand,ready,8,11,,,,9.520892,,,,,,,,,,,,,,,,1 part left.,,,,,"{""acquired_tool_ids"": [19], ""acquisition_complete"": false, ""completed_steps"": [""r2_bearing_right"", ""r2_bearing_left"", ""r2_gear_rod"", ""r2_fasten_first_stand"", ""r2_insert_rod_and_fit_second"", ""r2_fasten_second_stand"", ""r1_gear_rod""], ""head_rotation_deg"": null, ""head_translation_m"": null, ""left_hand_translation_m"": null, ""removed_tool_ids"": [14, 15, 20, 21, 26, 27, 28], ""right_hand_translation_m"": null, ""selected_step"": ""r1_bearing_right"", ""step_attempt"": 8, ""step_elapsed_s"": 9.520903462078422, ""step_event_index"": 11, ""total_hand_translation_m"": null, ""trial_finished_elapsed_s"": null, ""trial_recording"": true, ""trial_required_tool_ids"": [19, 34]}"
2026-09-04T14:24:23.327-04:00,kuber,task_aware,participant_speech_submitted,speech,r1_bearing_right,Row 1.1: bearing into right stand,ready,8,12,,,,10.739719,,,,,,,,,,,,,,,,bearing,,,speech_proxy,,"{""acquired_tool_ids"": [19], ""acquisition_complete"": false, ""completed_steps"": [""r2_bearing_right"", ""r2_bearing_left"", ""r2_gear_rod"", ""r2_fasten_first_stand"", ""r2_insert_rod_and_fit_second"", ""r2_fasten_second_stand"", ""r1_gear_rod""], ""head_rotation_deg"": null, ""head_translation_m"": null, ""left_hand_translation_m"": null, ""removed_tool_ids"": [14, 15, 20, 21, 26, 27, 28], ""right_hand_translation_m"": null, ""selected_step"": ""r1_bearing_right"", ""step_attempt"": 8, ""step_elapsed_s"": 10.739731610985473, ""step_event_index"": 12, ""total_hand_translation_m"": null, ""trial_finished_elapsed_s"": null, ""trial_recording"": true, ""trial_required_tool_ids"": [19, 34]}"
2026-09-04T14:24:23.388-04:00,kuber,task_aware,vlm_request_submitted,speech,r1_bearing_right,Row 1.1: bearing into right stand,ready,8,13,,,,10.800324,,,,,,,,,,,,,,,,bearing,,,speech_proxy,,"{""acquired_tool_ids"": [19], ""acquisition_complete"": false, ""completed_steps"": [""r2_bearing_right"", ""r2_bearing_left"", ""r2_gear_rod"", ""r2_fasten_first_stand"", ""r2_insert_rod_and_fit_second"", ""r2_fasten_second_stand"", ""r1_gear_rod""], ""head_rotation_deg"": null, ""head_translation_m"": null, ""left_hand_translation_m"": null, ""removed_tool_ids"": [14, 15, 20, 21, 26, 27, 28], ""right_hand_translation_m"": null, ""selected_step"": ""r1_bearing_right"", ""step_attempt"": 8, ""step_elapsed_s"": 10.800335591076873, ""step_event_index"": 13, ""total_hand_translation_m"": null, ""trial_finished_elapsed_s"": null, ""trial_recording"": true, ""trial_required_tool_ids"": [19, 34]}"
2026-09-04T14:24:27.580-04:00,kuber,task_aware,vlm_inference_completed,lifecycle,r1_bearing_right,Row 1.1: bearing into right stand,ready,8,14,,,,14.992289,,,,,,,,,,,,,,,,bearing,,,BEARING_ROW1,,"{""acquired_tool_ids"": [19], ""acquisition_complete"": false, ""completed_steps"": [""r2_bearing_right"", ""r2_bearing_left"", ""r2_gear_rod"", ""r2_fasten_first_stand"", ""r2_insert_rod_and_fit_second"", ""r2_fasten_second_stand"", ""r1_gear_rod""], ""head_rotation_deg"": null, ""head_translation_m"": null, ""left_hand_translation_m"": null, ""removed_tool_ids"": [14, 15, 20, 21, 26, 27, 28], ""right_hand_translation_m"": null, ""selected_step"": ""r1_bearing_right"", ""step_attempt"": 8, ""step_elapsed_s"": 14.992298415047117, ""step_event_index"": 14, ""total_hand_translation_m"": null, ""trial_finished_elapsed_s"": null, ""trial_recording"": true, ""trial_required_tool_ids"": [19, 34]}"
2026-09-04T14:24:27.608-04:00,kuber,task_aware,vlm_interaction,language,r1_bearing_right,Row 1.1: bearing into right stand,ready,8,15,,,,,,,,,,,,,,,,,,,,bearing,BEARING_ROW1,"{""intent"":""part_reference"",""part_action"":""reference"",""reference_relation"":""direct"",""step_scope"":""selected_step"",""target"":""BEARING_ROW1_RIGHT"",""candidates"":[],""exclude_labels"":[]}",language_grounded,I identified and highlighted the Row 1 bearings.,"{""acquired_tool_ids"": [19], ""acquisition_complete"": false, ""completed_steps"": [""r2_bearing_right"", ""r2_bearing_left"", ""r2_gear_rod"", ""r2_fasten_first_stand"", ""r2_insert_rod_and_fit_second"", ""r2_fasten_second_stand"", ""r1_gear_rod""], ""head_rotation_deg"": null, ""head_translation_m"": null, ""left_hand_translation_m"": null, ""removed_tool_ids"": [14, 15, 20, 21, 26, 27, 28], ""right_hand_translation_m"": null, ""selected_step"": ""r1_bearing_right"", ""step_attempt"": 8, ""step_elapsed_s"": 15.020164658082649, ""step_event_index"": 15, ""total_hand_translation_m"": null, ""trial_finished_elapsed_s"": null, ""trial_recording"": true, ""trial_required_tool_ids"": [19, 34]}"
2026-09-04T14:24:27.631-04:00,kuber,task_aware,part_selection,language,r1_bearing_right,Row 1.1: bearing into right stand,ready,8,16,34,BEARINGS,6.841799,15.043280,,,,,,,,,,,,,,,1,,,,,,"{""acquired_tool_ids"": [19, 34], ""acquisition_complete"": false, ""completed_steps"": [""r2_bearing_right"", ""r2_bearing_left"", ""r2_gear_rod"", ""r2_fasten_first_stand"", ""r2_insert_rod_and_fit_second"", ""r2_fasten_second_stand"", ""r1_gear_rod""], ""head_rotation_deg"": null, ""head_translation_m"": null, ""left_hand_translation_m"": null, ""removed_tool_ids"": [14, 15, 20, 21, 26, 27, 28], ""right_hand_translation_m"": null, ""selected_step"": ""r1_bearing_right"", ""step_attempt"": 8, ""step_elapsed_s"": 15.043331228080206, ""step_event_index"": 16, ""total_hand_translation_m"": null, ""trial_finished_elapsed_s"": null, ""trial_recording"": true, ""trial_required_tool_ids"": [19, 34]}"
2026-09-04T14:24:27.640-04:00,kuber,task_aware,object_acquired,language,r1_bearing_right,Row 1.1: bearing into right stand,ready,8,17,34,BEARINGS,6.841799,15.043280,,,,,,,,,,,,,,,1,,,,,,"{""acquired_tool_ids"": [19, 34], ""acquisition_complete"": false, ""completed_steps"": [""r2_bearing_right"", ""r2_bearing_left"", ""r2_gear_rod"", ""r2_fasten_first_stand"", ""r2_insert_rod_and_fit_second"", ""r2_fasten_second_stand"", ""r1_gear_rod""], ""head_rotation_deg"": null, ""head_translation_m"": null, ""left_hand_translation_m"": null, ""removed_tool_ids"": [14, 15, 20, 21, 26, 27, 28], ""right_hand_translation_m"": null, ""selected_step"": ""r1_bearing_right"", ""step_attempt"": 8, ""step_elapsed_s"": 15.052572831045836, ""step_event_index"": 17, ""total_hand_translation_m"": null, ""trial_finished_elapsed_s"": null, ""trial_recording"": true, ""trial_required_tool_ids"": [19, 34]}"
2026-09-04T14:24:27.670-04:00,kuber,task_aware,step_acquisition_complete,language,r1_bearing_right,Row 1.1: bearing into right stand,ready,8,18,,,,15.081626,0.387050,194.562565,0.065595,0.212551,0.278146,0.000000,0.000000,0.000000,0.000000,0,0,0.000000,0.000000,0.000000,,,,,,,"{""acquired_tool_ids"": [19, 34], ""acquisition_complete"": true, ""any_hover_time_s"": 0.0, ""completed_steps"": [""r2_bearing_right"", ""r2_bearing_left"", ""r2_gear_rod"", ""r2_fasten_first_stand"", ""r2_insert_rod_and_fit_second"", ""r2_fasten_second_stand"", ""r1_gear_rod""], ""head_rotation_deg"": 194.56256485531475, ""head_translation_m"": 0.3870501074825779, ""hover_time_percent"": 0.0, ""left_hand_translation_m"": 0.06559492645622306, ""left_hover_episodes"": 0, ""left_hover_time_s"": 0.0, ""left_hover_translation_m"": 0.0, ""removed_tool_ids"": [14, 15, 19, 20, 21, 26, 27, 28], ""right_hand_translation_m"": 0.21255080279114658, ""right_hover_episodes"": 0, ""right_hover_time_s"": 0.0, ""right_hover_translation_m"": 0.0, ""selected_step"": ""r1_bearing_right"", ""step_attempt"": 8, ""step_elapsed_s"": 15.081625803024508, ""step_event_index"": 18, ""total_hand_translation_m"": 0.27814572924736963, ""total_hover_translation_m"": 0.0, ""trial_finished_elapsed_s"": 15.081625803024508, ""trial_recording"": false, ""trial_required_tool_ids"": [19, 34]}"
2026-09-04T14:24:27.692-04:00,kuber,task_aware,graph_complete,,r1_bearing_right,Row 1.1: bearing into right stand,complete,8,19,,,,,,,,,,,,,,,,,,,,,,,,,"{""acquired_tool_ids"": [19, 34], ""acquisition_complete"": true, ""any_hover_time_s"": 0.0, ""completed_steps"": [""r2_bearing_right"", ""r2_bearing_left"", ""r2_gear_rod"", ""r2_fasten_first_stand"", ""r2_insert_rod_and_fit_second"", ""r2_fasten_second_stand"", ""r1_gear_rod"", ""r1_bearing_right""], ""head_rotation_deg"": 194.56256485531475, ""head_translation_m"": 0.3870501074825779, ""hover_time_percent"": 0.0, ""left_hand_translation_m"": 0.06559492645622306, ""left_hover_episodes"": 0, ""left_hover_time_s"": 0.0, ""left_hover_translation_m"": 0.0, ""removed_tool_ids"": [14, 15, 19, 20, 21, 26, 27, 28], ""right_hand_translation_m"": 0.21255080279114658, ""right_hover_episodes"": 0, ""right_hover_time_s"": 0.0, ""right_hover_translation_m"": 0.0, ""selected_step"": ""r1_bearing_right"", ""step_attempt"": 8, ""step_elapsed_s"": 15.081625803024508, ""step_event_index"": 19, ""total_hand_translation_m"": 0.27814572924736963, ""total_hover_translation_m"": 0.0, ""trial_finished_elapsed_s"": 15.081625803024508, ""trial_recording"": false, ""trial_required_tool_ids"": [19, 34]}"
2026-09-04T14:24:35.648-04:00,kuber,task_aware,step_started,keyboard,r1_bearing_left,Row 1.3: bearing into left stand,ready,9,1,,,,,,,,,,,,,,,,,,,,,,,,,"{""acquired_tool_ids"": [], ""acquisition_complete"": false, ""completed_steps"": [""r2_bearing_right"", ""r2_bearing_left"", ""r2_gear_rod"", ""r2_fasten_first_stand"", ""r2_insert_rod_and_fit_second"", ""r2_fasten_second_stand"", ""r1_gear_rod"", ""r1_bearing_right""], ""head_rotation_deg"": null, ""head_translation_m"": null, ""left_hand_translation_m"": null, ""removed_tool_ids"": [14, 15, 19, 20, 21, 26, 27, 28], ""right_hand_translation_m"": null, ""selected_step"": ""r1_bearing_left"", ""step_attempt"": 9, ""step_elapsed_s"": 0.0005465670255944133, ""step_event_index"": 1, ""total_hand_translation_m"": null, ""trial_finished_elapsed_s"": null, ""trial_recording"": true, ""trial_required_tool_ids"": [18]}"
2026-09-04T14:24:35.665-04:00,kuber,task_aware,task_aware_highlight_presented,system,r1_bearing_left,Row 1.3: bearing into left stand,ready,9,2,,,,,,,,,,,,,,,,,,,,,"[34, 18]",,task_aware_proactive_highlight,,"{""acquired_tool_ids"": [], ""acquisition_complete"": false, ""completed_steps"": [""r2_bearing_right"", ""r2_bearing_left"", ""r2_gear_rod"", ""r2_fasten_first_stand"", ""r2_insert_rod_and_fit_second"", ""r2_fasten_second_stand"", ""r1_gear_rod"", ""r1_bearing_right""], ""head_rotation_deg"": null, ""head_translation_m"": null, ""left_hand_translation_m"": null, ""removed_tool_ids"": [14, 15, 19, 20, 21, 26, 27, 28], ""right_hand_translation_m"": null, ""selected_step"": ""r1_bearing_left"", ""step_attempt"": 9, ""step_elapsed_s"": 0.017308413982391357, ""step_event_index"": 2, ""total_hand_translation_m"": null, ""trial_finished_elapsed_s"": null, ""trial_recording"": true, ""trial_required_tool_ids"": [18]}"
2026-09-04T14:24:40.860-04:00,kuber,task_aware,participant_speech_submitted,speech,r1_bearing_left,Row 1.3: bearing into left stand,ready,9,3,,,,5.212029,,,,,,,,,,,,,,,,gearstand,,,speech_proxy,,"{""acquired_tool_ids"": [], ""acquisition_complete"": false, ""completed_steps"": [""r2_bearing_right"", ""r2_bearing_left"", ""r2_gear_rod"", ""r2_fasten_first_stand"", ""r2_insert_rod_and_fit_second"", ""r2_fasten_second_stand"", ""r1_gear_rod"", ""r1_bearing_right""], ""head_rotation_deg"": null, ""head_translation_m"": null, ""left_hand_translation_m"": null, ""removed_tool_ids"": [14, 15, 19, 20, 21, 26, 27, 28], ""right_hand_translation_m"": null, ""selected_step"": ""r1_bearing_left"", ""step_attempt"": 9, ""step_elapsed_s"": 5.212044770014472, ""step_event_index"": 3, ""total_hand_translation_m"": null, ""trial_finished_elapsed_s"": null, ""trial_recording"": true, ""trial_required_tool_ids"": [18]}"
2026-09-04T14:24:40.940-04:00,kuber,task_aware,vlm_request_submitted,speech,r1_bearing_left,Row 1.3: bearing into left stand,ready,9,4,,,,5.292263,,,,,,,,,,,,,,,,gearstand,,,speech_proxy,,"{""acquired_tool_ids"": [], ""acquisition_complete"": false, ""completed_steps"": [""r2_bearing_right"", ""r2_bearing_left"", ""r2_gear_rod"", ""r2_fasten_first_stand"", ""r2_insert_rod_and_fit_second"", ""r2_fasten_second_stand"", ""r1_gear_rod"", ""r1_bearing_right""], ""head_rotation_deg"": null, ""head_translation_m"": null, ""left_hand_translation_m"": null, ""removed_tool_ids"": [14, 15, 19, 20, 21, 26, 27, 28], ""right_hand_translation_m"": null, ""selected_step"": ""r1_bearing_left"", ""step_attempt"": 9, ""step_elapsed_s"": 5.292277524014935, ""step_event_index"": 4, ""total_hand_translation_m"": null, ""trial_finished_elapsed_s"": null, ""trial_recording"": true, ""trial_required_tool_ids"": [18]}"
2026-09-04T14:24:45.112-04:00,kuber,task_aware,vlm_inference_completed,lifecycle,r1_bearing_left,Row 1.3: bearing into left stand,ready,9,5,,,,9.463848,,,,,,,,,,,,,,,,gearstand,,,STAND_ROW1_LEFT,,"{""acquired_tool_ids"": [], ""acquisition_complete"": false, ""completed_steps"": [""r2_bearing_right"", ""r2_bearing_left"", ""r2_gear_rod"", ""r2_fasten_first_stand"", ""r2_insert_rod_and_fit_second"", ""r2_fasten_second_stand"", ""r1_gear_rod"", ""r1_bearing_right""], ""head_rotation_deg"": null, ""head_translation_m"": null, ""left_hand_translation_m"": null, ""removed_tool_ids"": [14, 15, 19, 20, 21, 26, 27, 28], ""right_hand_translation_m"": null, ""selected_step"": ""r1_bearing_left"", ""step_attempt"": 9, ""step_elapsed_s"": 9.4638605969958, ""step_event_index"": 5, ""total_hand_translation_m"": null, ""trial_finished_elapsed_s"": null, ""trial_recording"": true, ""trial_required_tool_ids"": [18]}"
2026-09-04T14:24:45.542-04:00,kuber,task_aware,vlm_interaction,language,r1_bearing_left,Row 1.3: bearing into left stand,ready,9,6,,,,,,,,,,,,,,,,,,,,gearstand,STAND_ROW1_LEFT,"{""intent"":""part_reference"",""part_action"":""reference"",""reference_relation"":""direct"",""step_scope"":""selected_step"",""target"":""STAND_ROW1_LEFT"",""candidates"":[],""exclude_labels"":[]}",language_grounded,I identified and highlighted the Row 1 left stand.,"{""acquired_tool_ids"": [], ""acquisition_complete"": false, ""completed_steps"": [""r2_bearing_right"", ""r2_bearing_left"", ""r2_gear_rod"", ""r2_fasten_first_stand"", ""r2_insert_rod_and_fit_second"", ""r2_fasten_second_stand"", ""r1_gear_rod"", ""r1_bearing_right""], ""head_rotation_deg"": null, ""head_translation_m"": null, ""left_hand_translation_m"": null, ""removed_tool_ids"": [14, 15, 19, 20, 21, 26, 27, 28], ""right_hand_translation_m"": null, ""selected_step"": ""r1_bearing_left"", ""step_attempt"": 9, ""step_elapsed_s"": 9.894097913056612, ""step_event_index"": 6, ""total_hand_translation_m"": null, ""trial_finished_elapsed_s"": null, ""trial_recording"": true, ""trial_required_tool_ids"": [18]}"
2026-09-04T14:24:45.609-04:00,kuber,task_aware,part_selection,language,r1_bearing_left,Row 1.3: bearing into left stand,ready,9,7,18,GEAR_STAND_ROW1_LEFT,9.961318,9.961318,,,,,,,,,,,,,,,1,,,,,,"{""acquired_tool_ids"": [18], ""acquisition_complete"": false, ""completed_steps"": [""r2_bearing_right"", ""r2_bearing_left"", ""r2_gear_rod"", ""r2_fasten_first_stand"", ""r2_insert_rod_and_fit_second"", ""r2_fasten_second_stand"", ""r1_gear_rod"", ""r1_bearing_right""], ""head_rotation_deg"": null, ""head_translation_m"": null, ""left_hand_translation_m"": null, ""removed_tool_ids"": [14, 15, 19, 20, 21, 26, 27, 28], ""right_hand_translation_m"": null, ""selected_step"": ""r1_bearing_left"", ""step_attempt"": 9, ""step_elapsed_s"": 9.961364727001637, ""step_event_index"": 7, ""total_hand_translation_m"": null, ""trial_finished_elapsed_s"": null, ""trial_recording"": true, ""trial_required_tool_ids"": [18]}"
2026-09-04T14:24:45.651-04:00,kuber,task_aware,object_acquired,language,r1_bearing_left,Row 1.3: bearing into left stand,ready,9,8,18,GEAR_STAND_ROW1_LEFT,9.961318,9.961318,,,,,,,,,,,,,,,1,,,,,,"{""acquired_tool_ids"": [18], ""acquisition_complete"": false, ""completed_steps"": [""r2_bearing_right"", ""r2_bearing_left"", ""r2_gear_rod"", ""r2_fasten_first_stand"", ""r2_insert_rod_and_fit_second"", ""r2_fasten_second_stand"", ""r1_gear_rod"", ""r1_bearing_right""], ""head_rotation_deg"": null, ""head_translation_m"": null, ""left_hand_translation_m"": null, ""removed_tool_ids"": [14, 15, 19, 20, 21, 26, 27, 28], ""right_hand_translation_m"": null, ""selected_step"": ""r1_bearing_left"", ""step_attempt"": 9, ""step_elapsed_s"": 10.003488079062663, ""step_event_index"": 8, ""total_hand_translation_m"": null, ""trial_finished_elapsed_s"": null, ""trial_recording"": true, ""trial_required_tool_ids"": [18]}"
2026-09-04T14:24:45.663-04:00,kuber,task_aware,step_acquisition_complete,language,r1_bearing_left,Row 1.3: bearing into left stand,ready,9,9,,,,10.014341,0.013654,5.825536,0.003636,0.003636,0.007272,0.000000,0.000000,0.000000,0.000000,0,0,0.000000,0.000000,0.000000,,,,,,,"{""acquired_tool_ids"": [18], ""acquisition_complete"": true, ""any_hover_time_s"": 0.0, ""completed_steps"": [""r2_bearing_right"", ""r2_bearing_left"", ""r2_gear_rod"", ""r2_fasten_first_stand"", ""r2_insert_rod_and_fit_second"", ""r2_fasten_second_stand"", ""r1_gear_rod"", ""r1_bearing_right""], ""head_rotation_deg"": 5.825536064022474, ""head_translation_m"": 0.013653695011162344, ""hover_time_percent"": 0.0, ""left_hand_translation_m"": 0.0036358194845123467, ""left_hover_episodes"": 0, ""left_hover_time_s"": 0.0, ""left_hover_translation_m"": 0.0, ""removed_tool_ids"": [14, 15, 18, 19, 20, 21, 26, 27, 28], ""right_hand_translation_m"": 0.003635778995840306, ""right_hover_episodes"": 0, ""right_hover_time_s"": 0.0, ""right_hover_translation_m"": 0.0, ""selected_step"": ""r1_bearing_left"", ""step_attempt"": 9, ""step_elapsed_s"": 10.014340888010338, ""step_event_index"": 9, ""total_hand_translation_m"": 0.007271598480352652, ""total_hover_translation_m"": 0.0, ""trial_finished_elapsed_s"": 10.014340888010338, ""trial_recording"": false, ""trial_required_tool_ids"": [18]}"
2026-09-04T14:24:45.674-04:00,kuber,task_aware,graph_complete,,r1_bearing_left,Row 1.3: bearing into left stand,complete,9,10,,,,,,,,,,,,,,,,,,,,,,,,,"{""acquired_tool_ids"": [18], ""acquisition_complete"": true, ""any_hover_time_s"": 0.0, ""completed_steps"": [""r2_bearing_right"", ""r2_bearing_left"", ""r2_gear_rod"", ""r2_fasten_first_stand"", ""r2_insert_rod_and_fit_second"", ""r2_fasten_second_stand"", ""r1_gear_rod"", ""r1_bearing_right"", ""r1_bearing_left""], ""head_rotation_deg"": 5.825536064022474, ""head_translation_m"": 0.013653695011162344, ""hover_time_percent"": 0.0, ""left_hand_translation_m"": 0.0036358194845123467, ""left_hover_episodes"": 0, ""left_hover_time_s"": 0.0, ""left_hover_translation_m"": 0.0, ""removed_tool_ids"": [14, 15, 18, 19, 20, 21, 26, 27, 28], ""right_hand_translation_m"": 0.003635778995840306, ""right_hover_episodes"": 0, ""right_hover_time_s"": 0.0, ""right_hover_translation_m"": 0.0, ""selected_step"": ""r1_bearing_left"", ""step_attempt"": 9, ""step_elapsed_s"": 10.014340888010338, ""step_event_index"": 10, ""total_hand_translation_m"": 0.007271598480352652, ""total_hover_translation_m"": 0.0, ""trial_finished_elapsed_s"": 10.014340888010338, ""trial_recording"": false, ""trial_required_tool_ids"": [18]}"
2026-09-04T14:24:59.377-04:00,kuber,task_aware,step_started,keyboard,r1_fasten_first_stand,Row 1.4: fasten right stand,ready,10,1,,,,,,,,,,,,,,,,,,,,,,,,,"{""acquired_tool_ids"": [], ""acquisition_complete"": false, ""completed_steps"": [""r2_bearing_right"", ""r2_bearing_left"", ""r2_gear_rod"", ""r2_fasten_first_stand"", ""r2_insert_rod_and_fit_second"", ""r2_fasten_second_stand"", ""r1_gear_rod"", ""r1_bearing_right"", ""r1_bearing_left""], ""head_rotation_deg"": null, ""head_translation_m"": null, ""left_hand_translation_m"": null, ""removed_tool_ids"": [14, 15, 18, 19, 20, 21, 26, 27, 28], ""right_hand_translation_m"": null, ""selected_step"": ""r1_fasten_first_stand"", ""step_attempt"": 10, ""step_elapsed_s"": 0.0009204830275848508, ""step_event_index"": 1, ""total_hand_translation_m"": null, ""trial_finished_elapsed_s"": null, ""trial_recording"": true, ""trial_required_tool_ids"": [7, 35, 36]}"
2026-09-04T14:24:59.407-04:00,kuber,task_aware,task_aware_highlight_presented,system,r1_fasten_first_stand,Row 1.4: fasten right stand,ready,10,2,,,,,,,,,,,,,,,,,,,,,"[35, 7, 36]",,task_aware_proactive_highlight,,"{""acquired_tool_ids"": [], ""acquisition_complete"": false, ""completed_steps"": [""r2_bearing_right"", ""r2_bearing_left"", ""r2_gear_rod"", ""r2_fasten_first_stand"", ""r2_insert_rod_and_fit_second"", ""r2_fasten_second_stand"", ""r1_gear_rod"", ""r1_bearing_right"", ""r1_bearing_left""], ""head_rotation_deg"": null, ""head_translation_m"": null, ""left_hand_translation_m"": null, ""removed_tool_ids"": [14, 15, 18, 19, 20, 21, 26, 27, 28], ""right_hand_translation_m"": null, ""selected_step"": ""r1_fasten_first_stand"", ""step_attempt"": 10, ""step_elapsed_s"": 0.030875331023707986, ""step_event_index"": 2, ""total_hand_translation_m"": null, ""trial_finished_elapsed_s"": null, ""trial_recording"": true, ""trial_required_tool_ids"": [7, 35, 36]}"
2026-09-04T14:25:04.295-04:00,kuber,task_aware,participant_speech_submitted,speech,r1_fasten_first_stand,Row 1.4: fasten right stand,ready,10,3,,,,4.918270,,,,,,,,,,,,,,,,screwdriver,,,speech_proxy,,"{""acquired_tool_ids"": [], ""acquisition_complete"": false, ""completed_steps"": [""r2_bearing_right"", ""r2_bearing_left"", ""r2_gear_rod"", ""r2_fasten_first_stand"", ""r2_insert_rod_and_fit_second"", ""r2_fasten_second_stand"", ""r1_gear_rod"", ""r1_bearing_right"", ""r1_bearing_left""], ""head_rotation_deg"": null, ""head_translation_m"": null, ""left_hand_translation_m"": null, ""removed_tool_ids"": [14, 15, 18, 19, 20, 21, 26, 27, 28], ""right_hand_translation_m"": null, ""selected_step"": ""r1_fasten_first_stand"", ""step_attempt"": 10, ""step_elapsed_s"": 4.918282813974656, ""step_event_index"": 3, ""total_hand_translation_m"": null, ""trial_finished_elapsed_s"": null, ""trial_recording"": true, ""trial_required_tool_ids"": [7, 35, 36]}"
2026-09-04T14:25:04.335-04:00,kuber,task_aware,vlm_request_submitted,speech,r1_fasten_first_stand,Row 1.4: fasten right stand,ready,10,4,,,,4.958485,,,,,,,,,,,,,,,,screwdriver,,,speech_proxy,,"{""acquired_tool_ids"": [], ""acquisition_complete"": false, ""completed_steps"": [""r2_bearing_right"", ""r2_bearing_left"", ""r2_gear_rod"", ""r2_fasten_first_stand"", ""r2_insert_rod_and_fit_second"", ""r2_fasten_second_stand"", ""r1_gear_rod"", ""r1_bearing_right"", ""r1_bearing_left""], ""head_rotation_deg"": null, ""head_translation_m"": null, ""left_hand_translation_m"": null, ""removed_tool_ids"": [14, 15, 18, 19, 20, 21, 26, 27, 28], ""right_hand_translation_m"": null, ""selected_step"": ""r1_fasten_first_stand"", ""step_attempt"": 10, ""step_elapsed_s"": 4.958494059043005, ""step_event_index"": 4, ""total_hand_translation_m"": null, ""trial_finished_elapsed_s"": null, ""trial_recording"": true, ""trial_required_tool_ids"": [7, 35, 36]}"
2026-09-04T14:25:08.430-04:00,kuber,task_aware,vlm_inference_completed,lifecycle,r1_fasten_first_stand,Row 1.4: fasten right stand,ready,10,5,,,,9.053424,,,,,,,,,,,,,,,,screwdriver,,,BIT_SCREWDRIVER,,"{""acquired_tool_ids"": [], ""acquisition_complete"": false, ""completed_steps"": [""r2_bearing_right"", ""r2_bearing_left"", ""r2_gear_rod"", ""r2_fasten_first_stand"", ""r2_insert_rod_and_fit_second"", ""r2_fasten_second_stand"", ""r1_gear_rod"", ""r1_bearing_right"", ""r1_bearing_left""], ""head_rotation_deg"": null, ""head_translation_m"": null, ""left_hand_translation_m"": null, ""removed_tool_ids"": [14, 15, 18, 19, 20, 21, 26, 27, 28], ""right_hand_translation_m"": null, ""selected_step"": ""r1_fasten_first_stand"", ""step_attempt"": 10, ""step_elapsed_s"": 9.053435008972883, ""step_event_index"": 5, ""total_hand_translation_m"": null, ""trial_finished_elapsed_s"": null, ""trial_recording"": true, ""trial_required_tool_ids"": [7, 35, 36]}"
2026-09-04T14:25:08.456-04:00,kuber,task_aware,vlm_interaction,language,r1_fasten_first_stand,Row 1.4: fasten right stand,ready,10,6,,,,,,,,,,,,,,,,,,,,screwdriver,BIT_SCREWDRIVER,"{""intent"":""part_reference"",""part_action"":""reference"",""reference_relation"":""direct"",""step_scope"":"""",""target"":""BIT_SCREWDRIVER"",""candidates"":[],""exclude_labels"":[]}",language_grounded,I identified and highlighted the interchangeable-bit screwdriver.,"{""acquired_tool_ids"": [], ""acquisition_complete"": false, ""completed_steps"": [""r2_bearing_right"", ""r2_bearing_left"", ""r2_gear_rod"", ""r2_fasten_first_stand"", ""r2_insert_rod_and_fit_second"", ""r2_fasten_second_stand"", ""r1_gear_rod"", ""r1_bearing_right"", ""r1_bearing_left""], ""head_rotation_deg"": null, ""head_translation_m"": null, ""left_hand_translation_m"": null, ""removed_tool_ids"": [14, 15, 18, 19, 20, 21, 26, 27, 28], ""right_hand_translation_m"": null, ""selected_step"": ""r1_fasten_first_stand"", ""step_attempt"": 10, ""step_elapsed_s"": 9.079335647053085, ""step_event_index"": 6, ""total_hand_translation_m"": null, ""trial_finished_elapsed_s"": null, ""trial_recording"": true, ""trial_required_tool_ids"": [7, 35, 36]}"
2026-09-04T14:25:08.486-04:00,kuber,task_aware,part_selection,language,r1_fasten_first_stand,Row 1.4: fasten right stand,ready,10,7,7,BIT_SCREWDRIVER,9.109954,9.109954,,,,,,,,,,,,,,,1,,,,,,"{""acquired_tool_ids"": [7], ""acquisition_complete"": false, ""completed_steps"": [""r2_bearing_right"", ""r2_bearing_left"", ""r2_gear_rod"", ""r2_fasten_first_stand"", ""r2_insert_rod_and_fit_second"", ""r2_fasten_second_stand"", ""r1_gear_rod"", ""r1_bearing_right"", ""r1_bearing_left""], ""head_rotation_deg"": null, ""head_translation_m"": null, ""left_hand_translation_m"": null, ""removed_tool_ids"": [14, 15, 18, 19, 20, 21, 26, 27, 28], ""right_hand_translation_m"": null, ""selected_step"": ""r1_fasten_first_stand"", ""step_attempt"": 10, ""step_elapsed_s"": 9.11000415100716, ""step_event_index"": 7, ""total_hand_translation_m"": null, ""trial_finished_elapsed_s"": null, ""trial_recording"": true, ""trial_required_tool_ids"": [7, 35, 36]}"
2026-09-04T14:25:08.496-04:00,kuber,task_aware,object_acquired,language,r1_fasten_first_stand,Row 1.4: fasten right stand,ready,10,8,7,BIT_SCREWDRIVER,9.109954,9.109954,,,,,,,,,,,,,,,1,,,,,,"{""acquired_tool_ids"": [7], ""acquisition_complete"": false, ""completed_steps"": [""r2_bearing_right"", ""r2_bearing_left"", ""r2_gear_rod"", ""r2_fasten_first_stand"", ""r2_insert_rod_and_fit_second"", ""r2_fasten_second_stand"", ""r1_gear_rod"", ""r1_bearing_right"", ""r1_bearing_left""], ""head_rotation_deg"": null, ""head_translation_m"": null, ""left_hand_translation_m"": null, ""removed_tool_ids"": [14, 15, 18, 19, 20, 21, 26, 27, 28], ""right_hand_translation_m"": null, ""selected_step"": ""r1_fasten_first_stand"", ""step_attempt"": 10, ""step_elapsed_s"": 9.119782262016088, ""step_event_index"": 8, ""total_hand_translation_m"": null, ""trial_finished_elapsed_s"": null, ""trial_recording"": true, ""trial_required_tool_ids"": [7, 35, 36]}"
2026-09-04T14:25:08.509-04:00,kuber,task_aware,tts_queued,lifecycle,r1_fasten_first_stand,Row 1.4: fasten right stand,ready,10,9,,,,9.132459,,,,,,,,,,,,,,,,2 parts left.,,,replace,,"{""acquired_tool_ids"": [7], ""acquisition_complete"": false, ""completed_steps"": [""r2_bearing_right"", ""r2_bearing_left"", ""r2_gear_rod"", ""r2_fasten_first_stand"", ""r2_insert_rod_and_fit_second"", ""r2_fasten_second_stand"", ""r1_gear_rod"", ""r1_bearing_right"", ""r1_bearing_left""], ""head_rotation_deg"": null, ""head_translation_m"": null, ""left_hand_translation_m"": null, ""removed_tool_ids"": [14, 15, 18, 19, 20, 21, 26, 27, 28], ""right_hand_translation_m"": null, ""selected_step"": ""r1_fasten_first_stand"", ""step_attempt"": 10, ""step_elapsed_s"": 9.132476988015696, ""step_event_index"": 9, ""total_hand_translation_m"": null, ""trial_finished_elapsed_s"": null, ""trial_recording"": true, ""trial_required_tool_ids"": [7, 35, 36]}"
2026-09-04T14:25:08.542-04:00,kuber,task_aware,tts_started,lifecycle,r1_fasten_first_stand,Row 1.4: fasten right stand,ready,10,10,,,,9.165206,,,,,,,,,,,,,,,,2 parts left.,,,,,"{""acquired_tool_ids"": [7], ""acquisition_complete"": false, ""completed_steps"": [""r2_bearing_right"", ""r2_bearing_left"", ""r2_gear_rod"", ""r2_fasten_first_stand"", ""r2_insert_rod_and_fit_second"", ""r2_fasten_second_stand"", ""r1_gear_rod"", ""r1_bearing_right"", ""r1_bearing_left""], ""head_rotation_deg"": null, ""head_translation_m"": null, ""left_hand_translation_m"": null, ""removed_tool_ids"": [14, 15, 18, 19, 20, 21, 26, 27, 28], ""right_hand_translation_m"": null, ""selected_step"": ""r1_fasten_first_stand"", ""step_attempt"": 10, ""step_elapsed_s"": 9.165217117057182, ""step_event_index"": 10, ""total_hand_translation_m"": null, ""trial_finished_elapsed_s"": null, ""trial_recording"": true, ""trial_required_tool_ids"": [7, 35, 36]}"
2026-09-04T14:25:09.730-04:00,kuber,task_aware,tts_finished,lifecycle,r1_fasten_first_stand,Row 1.4: fasten right stand,ready,10,11,,,,10.353890,,,,,,,,,,,,,,,,2 parts left.,,,,,"{""acquired_tool_ids"": [7], ""acquisition_complete"": false, ""completed_steps"": [""r2_bearing_right"", ""r2_bearing_left"", ""r2_gear_rod"", ""r2_fasten_first_stand"", ""r2_insert_rod_and_fit_second"", ""r2_fasten_second_stand"", ""r1_gear_rod"", ""r1_bearing_right"", ""r1_bearing_left""], ""head_rotation_deg"": null, ""head_translation_m"": null, ""left_hand_translation_m"": null, ""removed_tool_ids"": [14, 15, 18, 19, 20, 21, 26, 27, 28], ""right_hand_translation_m"": null, ""selected_step"": ""r1_fasten_first_stand"", ""step_attempt"": 10, ""step_elapsed_s"": 10.353901898022741, ""step_event_index"": 11, ""total_hand_translation_m"": null, ""trial_finished_elapsed_s"": null, ""trial_recording"": true, ""trial_required_tool_ids"": [7, 35, 36]}"
2026-09-04T14:25:13.666-04:00,kuber,task_aware,participant_speech_submitted,speech,r1_fasten_first_stand,Row 1.4: fasten right stand,ready,10,12,,,,14.289880,,,,,,,,,,,,,,,,bit holder,,,speech_proxy,,"{""acquired_tool_ids"": [7], ""acquisition_complete"": false, ""completed_steps"": [""r2_bearing_right"", ""r2_bearing_left"", ""r2_gear_rod"", ""r2_fasten_first_stand"", ""r2_insert_rod_and_fit_second"", ""r2_fasten_second_stand"", ""r1_gear_rod"", ""r1_bearing_right"", ""r1_bearing_left""], ""head_rotation_deg"": null, ""head_translation_m"": null, ""left_hand_translation_m"": null, ""removed_tool_ids"": [14, 15, 18, 19, 20, 21, 26, 27, 28], ""right_hand_translation_m"": null, ""selected_step"": ""r1_fasten_first_stand"", ""step_attempt"": 10, ""step_elapsed_s"": 14.28989322995767, ""step_event_index"": 12, ""total_hand_translation_m"": null, ""trial_finished_elapsed_s"": null, ""trial_recording"": true, ""trial_required_tool_ids"": [7, 35, 36]}"
2026-09-04T14:25:13.731-04:00,kuber,task_aware,vlm_request_submitted,speech,r1_fasten_first_stand,Row 1.4: fasten right stand,ready,10,13,,,,14.354547,,,,,,,,,,,,,,,,bit holder,,,speech_proxy,,"{""acquired_tool_ids"": [7], ""acquisition_complete"": false, ""completed_steps"": [""r2_bearing_right"", ""r2_bearing_left"", ""r2_gear_rod"", ""r2_fasten_first_stand"", ""r2_insert_rod_and_fit_second"", ""r2_fasten_second_stand"", ""r1_gear_rod"", ""r1_bearing_right"", ""r1_bearing_left""], ""head_rotation_deg"": null, ""head_translation_m"": null, ""left_hand_translation_m"": null, ""removed_tool_ids"": [14, 15, 18, 19, 20, 21, 26, 27, 28], ""right_hand_translation_m"": null, ""selected_step"": ""r1_fasten_first_stand"", ""step_attempt"": 10, ""step_elapsed_s"": 14.354574369033799, ""step_event_index"": 13, ""total_hand_translation_m"": null, ""trial_finished_elapsed_s"": null, ""trial_recording"": true, ""trial_required_tool_ids"": [7, 35, 36]}"
2026-09-04T14:25:17.734-04:00,kuber,task_aware,vlm_inference_completed,lifecycle,r1_fasten_first_stand,Row 1.4: fasten right stand,ready,10,14,,,,18.357529,,,,,,,,,,,,,,,,bit holder,,,BIT_HOLDER1,,"{""acquired_tool_ids"": [7], ""acquisition_complete"": false, ""completed_steps"": [""r2_bearing_right"", ""r2_bearing_left"", ""r2_gear_rod"", ""r2_fasten_first_stand"", ""r2_insert_rod_and_fit_second"", ""r2_fasten_second_stand"", ""r1_gear_rod"", ""r1_bearing_right"", ""r1_bearing_left""], ""head_rotation_deg"": null, ""head_translation_m"": null, ""left_hand_translation_m"": null, ""removed_tool_ids"": [14, 15, 18, 19, 20, 21, 26, 27, 28], ""right_hand_translation_m"": null, ""selected_step"": ""r1_fasten_first_stand"", ""step_attempt"": 10, ""step_elapsed_s"": 18.357539406977594, ""step_event_index"": 14, ""total_hand_translation_m"": null, ""trial_finished_elapsed_s"": null, ""trial_recording"": true, ""trial_required_tool_ids"": [7, 35, 36]}"
2026-09-04T14:25:17.779-04:00,kuber,task_aware,vlm_interaction,language,r1_fasten_first_stand,Row 1.4: fasten right stand,ready,10,15,,,,,,,,,,,,,,,,,,,,bit holder,BIT_HOLDER1,"{""intent"":""part_reference"",""part_action"":""reference"",""reference_relation"":""direct"",""step_scope"":"""",""target"":""BIT_HOLDER1"",""candidates"":[],""exclude_labels"":[]}",language_grounded,"I identified and highlighted the Bit Holder 1, containing the H5 and H3 hex bits.","{""acquired_tool_ids"": [7], ""acquisition_complete"": false, ""completed_steps"": [""r2_bearing_right"", ""r2_bearing_left"", ""r2_gear_rod"", ""r2_fasten_first_stand"", ""r2_insert_rod_and_fit_second"", ""r2_fasten_second_stand"", ""r1_gear_rod"", ""r1_bearing_right"", ""r1_bearing_left""], ""head_rotation_deg"": null, ""head_translation_m"": null, ""left_hand_translation_m"": null, ""removed_tool_ids"": [14, 15, 18, 19, 20, 21, 26, 27, 28], ""right_hand_translation_m"": null, ""selected_step"": ""r1_fasten_first_stand"", ""step_attempt"": 10, ""step_elapsed_s"": 18.402249280014075, ""step_event_index"": 15, ""total_hand_translation_m"": null, ""trial_finished_elapsed_s"": null, ""trial_recording"": true, ""trial_required_tool_ids"": [7, 35, 36]}"
2026-09-04T14:25:17.815-04:00,kuber,task_aware,part_selection,language,r1_fasten_first_stand,Row 1.4: fasten right stand,ready,10,16,36,BITHOLDER1,9.328560,18.438514,,,,,,,,,,,,,,,1,,,,,,"{""acquired_tool_ids"": [7, 36], ""acquisition_complete"": false, ""completed_steps"": [""r2_bearing_right"", ""r2_bearing_left"", ""r2_gear_rod"", ""r2_fasten_first_stand"", ""r2_insert_rod_and_fit_second"", ""r2_fasten_second_stand"", ""r1_gear_rod"", ""r1_bearing_right"", ""r1_bearing_left""], ""head_rotation_deg"": null, ""head_translation_m"": null, ""left_hand_translation_m"": null, ""removed_tool_ids"": [14, 15, 18, 19, 20, 21, 26, 27, 28], ""right_hand_translation_m"": null, ""selected_step"": ""r1_fasten_first_stand"", ""step_attempt"": 10, ""step_elapsed_s"": 18.4385611260077, ""step_event_index"": 16, ""total_hand_translation_m"": null, ""trial_finished_elapsed_s"": null, ""trial_recording"": true, ""trial_required_tool_ids"": [7, 35, 36]}"
2026-09-04T14:25:17.825-04:00,kuber,task_aware,object_acquired,language,r1_fasten_first_stand,Row 1.4: fasten right stand,ready,10,17,36,BITHOLDER1,9.328560,18.438514,,,,,,,,,,,,,,,1,,,,,,"{""acquired_tool_ids"": [7, 36], ""acquisition_complete"": false, ""completed_steps"": [""r2_bearing_right"", ""r2_bearing_left"", ""r2_gear_rod"", ""r2_fasten_first_stand"", ""r2_insert_rod_and_fit_second"", ""r2_fasten_second_stand"", ""r1_gear_rod"", ""r1_bearing_right"", ""r1_bearing_left""], ""head_rotation_deg"": null, ""head_translation_m"": null, ""left_hand_translation_m"": null, ""removed_tool_ids"": [14, 15, 18, 19, 20, 21, 26, 27, 28], ""right_hand_translation_m"": null, ""selected_step"": ""r1_fasten_first_stand"", ""step_attempt"": 10, ""step_elapsed_s"": 18.448256739065982, ""step_event_index"": 17, ""total_hand_translation_m"": null, ""trial_finished_elapsed_s"": null, ""trial_recording"": true, ""trial_required_tool_ids"": [7, 35, 36]}"
2026-09-04T14:25:17.836-04:00,kuber,task_aware,tts_queued,lifecycle,r1_fasten_first_stand,Row 1.4: fasten right stand,ready,10,18,,,,18.459844,,,,,,,,,,,,,,,,1 part left.,,,replace,,"{""acquired_tool_ids"": [7, 36], ""acquisition_complete"": false, ""completed_steps"": [""r2_bearing_right"", ""r2_bearing_left"", ""r2_gear_rod"", ""r2_fasten_first_stand"", ""r2_insert_rod_and_fit_second"", ""r2_fasten_second_stand"", ""r1_gear_rod"", ""r1_bearing_right"", ""r1_bearing_left""], ""head_rotation_deg"": null, ""head_translation_m"": null, ""left_hand_translation_m"": null, ""removed_tool_ids"": [14, 15, 18, 19, 20, 21, 26, 27, 28], ""right_hand_translation_m"": null, ""selected_step"": ""r1_fasten_first_stand"", ""step_attempt"": 10, ""step_elapsed_s"": 18.459853671025485, ""step_event_index"": 18, ""total_hand_translation_m"": null, ""trial_finished_elapsed_s"": null, ""trial_recording"": true, ""trial_required_tool_ids"": [7, 35, 36]}"
2026-09-04T14:25:17.863-04:00,kuber,task_aware,tts_started,lifecycle,r1_fasten_first_stand,Row 1.4: fasten right stand,ready,10,19,,,,18.486586,,,,,,,,,,,,,,,,1 part left.,,,,,"{""acquired_tool_ids"": [7, 36], ""acquisition_complete"": false, ""completed_steps"": [""r2_bearing_right"", ""r2_bearing_left"", ""r2_gear_rod"", ""r2_fasten_first_stand"", ""r2_insert_rod_and_fit_second"", ""r2_fasten_second_stand"", ""r1_gear_rod"", ""r1_bearing_right"", ""r1_bearing_left""], ""head_rotation_deg"": null, ""head_translation_m"": null, ""left_hand_translation_m"": null, ""removed_tool_ids"": [14, 15, 18, 19, 20, 21, 26, 27, 28], ""right_hand_translation_m"": null, ""selected_step"": ""r1_fasten_first_stand"", ""step_attempt"": 10, ""step_elapsed_s"": 18.486599309020676, ""step_event_index"": 19, ""total_hand_translation_m"": null, ""trial_finished_elapsed_s"": null, ""trial_recording"": true, ""trial_required_tool_ids"": [7, 35, 36]}"
2026-09-04T14:25:19.218-04:00,kuber,task_aware,tts_finished,lifecycle,r1_fasten_first_stand,Row 1.4: fasten right stand,ready,10,20,,,,19.841744,,,,,,,,,,,,,,,,1 part left.,,,,,"{""acquired_tool_ids"": [7, 36], ""acquisition_complete"": false, ""completed_steps"": [""r2_bearing_right"", ""r2_bearing_left"", ""r2_gear_rod"", ""r2_fasten_first_stand"", ""r2_insert_rod_and_fit_second"", ""r2_fasten_second_stand"", ""r1_gear_rod"", ""r1_bearing_right"", ""r1_bearing_left""], ""head_rotation_deg"": null, ""head_translation_m"": null, ""left_hand_translation_m"": null, ""removed_tool_ids"": [14, 15, 18, 19, 20, 21, 26, 27, 28], ""right_hand_translation_m"": null, ""selected_step"": ""r1_fasten_first_stand"", ""step_attempt"": 10, ""step_elapsed_s"": 19.841757502988912, ""step_event_index"": 20, ""total_hand_translation_m"": null, ""trial_finished_elapsed_s"": null, ""trial_recording"": true, ""trial_required_tool_ids"": [7, 35, 36]}"
2026-09-04T14:25:20.468-04:00,kuber,task_aware,participant_speech_submitted,speech,r1_fasten_first_stand,Row 1.4: fasten right stand,ready,10,21,,,,21.091910,,,,,,,,,,,,,,,,screw,,,speech_proxy,,"{""acquired_tool_ids"": [7, 36], ""acquisition_complete"": false, ""completed_steps"": [""r2_bearing_right"", ""r2_bearing_left"", ""r2_gear_rod"", ""r2_fasten_first_stand"", ""r2_insert_rod_and_fit_second"", ""r2_fasten_second_stand"", ""r1_gear_rod"", ""r1_bearing_right"", ""r1_bearing_left""], ""head_rotation_deg"": null, ""head_translation_m"": null, ""left_hand_translation_m"": null, ""removed_tool_ids"": [14, 15, 18, 19, 20, 21, 26, 27, 28], ""right_hand_translation_m"": null, ""selected_step"": ""r1_fasten_first_stand"", ""step_attempt"": 10, ""step_elapsed_s"": 21.091919176047668, ""step_event_index"": 21, ""total_hand_translation_m"": null, ""trial_finished_elapsed_s"": null, ""trial_recording"": true, ""trial_required_tool_ids"": [7, 35, 36]}"
2026-09-04T14:25:20.501-04:00,kuber,task_aware,vlm_request_submitted,speech,r1_fasten_first_stand,Row 1.4: fasten right stand,ready,10,22,,,,21.124101,,,,,,,,,,,,,,,,screw,,,speech_proxy,,"{""acquired_tool_ids"": [7, 36], ""acquisition_complete"": false, ""completed_steps"": [""r2_bearing_right"", ""r2_bearing_left"", ""r2_gear_rod"", ""r2_fasten_first_stand"", ""r2_insert_rod_and_fit_second"", ""r2_fasten_second_stand"", ""r1_gear_rod"", ""r1_bearing_right"", ""r1_bearing_left""], ""head_rotation_deg"": null, ""head_translation_m"": null, ""left_hand_translation_m"": null, ""removed_tool_ids"": [14, 15, 18, 19, 20, 21, 26, 27, 28], ""right_hand_translation_m"": null, ""selected_step"": ""r1_fasten_first_stand"", ""step_attempt"": 10, ""step_elapsed_s"": 21.124110301025212, ""step_event_index"": 22, ""total_hand_translation_m"": null, ""trial_finished_elapsed_s"": null, ""trial_recording"": true, ""trial_required_tool_ids"": [7, 35, 36]}"
2026-09-04T14:25:24.573-04:00,kuber,task_aware,vlm_inference_completed,lifecycle,r1_fasten_first_stand,Row 1.4: fasten right stand,ready,10,23,,,,25.196643,,,,,,,,,,,,,,,,screw,,,BIT_HOLDER1,,"{""acquired_tool_ids"": [7, 36], ""acquisition_complete"": false, ""completed_steps"": [""r2_bearing_right"", ""r2_bearing_left"", ""r2_gear_rod"", ""r2_fasten_first_stand"", ""r2_insert_rod_and_fit_second"", ""r2_fasten_second_stand"", ""r1_gear_rod"", ""r1_bearing_right"", ""r1_bearing_left""], ""head_rotation_deg"": null, ""head_translation_m"": null, ""left_hand_translation_m"": null, ""removed_tool_ids"": [14, 15, 18, 19, 20, 21, 26, 27, 28], ""right_hand_translation_m"": null, ""selected_step"": ""r1_fasten_first_stand"", ""step_attempt"": 10, ""step_elapsed_s"": 25.196656325017102, ""step_event_index"": 23, ""total_hand_translation_m"": null, ""trial_finished_elapsed_s"": null, ""trial_recording"": true, ""trial_required_tool_ids"": [7, 35, 36]}"
2026-09-04T14:25:24.608-04:00,kuber,task_aware,vlm_interaction,language,r1_fasten_first_stand,Row 1.4: fasten right stand,ready,10,24,,,,,,,,,,,,,,,,,,,,screw,BIT_HOLDER1,"{""intent"":""part_reference"",""part_action"":""fetch"",""reference_relation"":""same_as_previous"",""step_scope"":"""",""target"":""BIT_HOLDER1"",""candidates"":[],""exclude_labels"":[]}",selected_step_object_already_acquired,"Bit holder 1, containing the h5 and h3 hex bits is already covered by bit holder1, which you selected. The remaining object for this step is screw.","{""acquired_tool_ids"": [7, 36], ""acquisition_complete"": false, ""completed_steps"": [""r2_bearing_right"", ""r2_bearing_left"", ""r2_gear_rod"", ""r2_fasten_first_stand"", ""r2_insert_rod_and_fit_second"", ""r2_fasten_second_stand"", ""r1_gear_rod"", ""r1_bearing_right"", ""r1_bearing_left""], ""head_rotation_deg"": null, ""head_translation_m"": null, ""left_hand_translation_m"": null, ""removed_tool_ids"": [14, 15, 18, 19, 20, 21, 26, 27, 28], ""right_hand_translation_m"": null, ""selected_step"": ""r1_fasten_first_stand"", ""step_attempt"": 10, ""step_elapsed_s"": 25.23167391505558, ""step_event_index"": 24, ""total_hand_translation_m"": null, ""trial_finished_elapsed_s"": null, ""trial_recording"": true, ""trial_required_tool_ids"": [7, 35, 36]}"
2026-09-04T14:25:28.890-04:00,kuber,task_aware,participant_speech_submitted,speech,r1_fasten_first_stand,Row 1.4: fasten right stand,ready,10,25,,,,29.513732,,,,,,,,,,,,,,,,screw,,,speech_proxy,,"{""acquired_tool_ids"": [7, 36], ""acquisition_complete"": false, ""completed_steps"": [""r2_bearing_right"", ""r2_bearing_left"", ""r2_gear_rod"", ""r2_fasten_first_stand"", ""r2_insert_rod_and_fit_second"", ""r2_fasten_second_stand"", ""r1_gear_rod"", ""r1_bearing_right"", ""r1_bearing_left""], ""head_rotation_deg"": null, ""head_translation_m"": null, ""left_hand_translation_m"": null, ""removed_tool_ids"": [14, 15, 18, 19, 20, 21, 26, 27, 28], ""right_hand_translation_m"": null, ""selected_step"": ""r1_fasten_first_stand"", ""step_attempt"": 10, ""step_elapsed_s"": 29.513745167991146, ""step_event_index"": 25, ""total_hand_translation_m"": null, ""trial_finished_elapsed_s"": null, ""trial_recording"": true, ""trial_required_tool_ids"": [7, 35, 36]}"
2026-09-04T14:25:28.974-04:00,kuber,task_aware,vlm_request_submitted,speech,r1_fasten_first_stand,Row 1.4: fasten right stand,ready,10,26,,,,29.597522,,,,,,,,,,,,,,,,screw,,,speech_proxy,,"{""acquired_tool_ids"": [7, 36], ""acquisition_complete"": false, ""completed_steps"": [""r2_bearing_right"", ""r2_bearing_left"", ""r2_gear_rod"", ""r2_fasten_first_stand"", ""r2_insert_rod_and_fit_second"", ""r2_fasten_second_stand"", ""r1_gear_rod"", ""r1_bearing_right"", ""r1_bearing_left""], ""head_rotation_deg"": null, ""head_translation_m"": null, ""left_hand_translation_m"": null, ""removed_tool_ids"": [14, 15, 18, 19, 20, 21, 26, 27, 28], ""right_hand_translation_m"": null, ""selected_step"": ""r1_fasten_first_stand"", ""step_attempt"": 10, ""step_elapsed_s"": 29.597536229062825, ""step_event_index"": 26, ""total_hand_translation_m"": null, ""trial_finished_elapsed_s"": null, ""trial_recording"": true, ""trial_required_tool_ids"": [7, 35, 36]}"
2026-09-04T14:25:33.161-04:00,kuber,task_aware,vlm_inference_completed,lifecycle,r1_fasten_first_stand,Row 1.4: fasten right stand,ready,10,27,,,,33.784905,,,,,,,,,,,,,,,,screw,,,SCREW_ROW1,,"{""acquired_tool_ids"": [7, 36], ""acquisition_complete"": false, ""completed_steps"": [""r2_bearing_right"", ""r2_bearing_left"", ""r2_gear_rod"", ""r2_fasten_first_stand"", ""r2_insert_rod_and_fit_second"", ""r2_fasten_second_stand"", ""r1_gear_rod"", ""r1_bearing_right"", ""r1_bearing_left""], ""head_rotation_deg"": null, ""head_translation_m"": null, ""left_hand_translation_m"": null, ""removed_tool_ids"": [14, 15, 18, 19, 20, 21, 26, 27, 28], ""right_hand_translation_m"": null, ""selected_step"": ""r1_fasten_first_stand"", ""step_attempt"": 10, ""step_elapsed_s"": 33.784917084965855, ""step_event_index"": 27, ""total_hand_translation_m"": null, ""trial_finished_elapsed_s"": null, ""trial_recording"": true, ""trial_required_tool_ids"": [7, 35, 36]}"
2026-09-04T14:25:33.200-04:00,kuber,task_aware,vlm_interaction,language,r1_fasten_first_stand,Row 1.4: fasten right stand,ready,10,28,,,,,,,,,,,,,,,,,,,,screw,SCREW_ROW1,"{""intent"":""part_reference"",""part_action"":""reference"",""reference_relation"":""direct"",""step_scope"":""selected_step"",""target"":""SCREW_ROW1_RIGHT"",""candidates"":[],""exclude_labels"":[]}",language_grounded,I identified and highlighted the Row 1 mounting screw.,"{""acquired_tool_ids"": [7, 36], ""acquisition_complete"": false, ""completed_steps"": [""r2_bearing_right"", ""r2_bearing_left"", ""r2_gear_rod"", ""r2_fasten_first_stand"", ""r2_insert_rod_and_fit_second"", ""r2_fasten_second_stand"", ""r1_gear_rod"", ""r1_bearing_right"", ""r1_bearing_left""], ""head_rotation_deg"": null, ""head_translation_m"": null, ""left_hand_translation_m"": null, ""removed_tool_ids"": [14, 15, 18, 19, 20, 21, 26, 27, 28], ""right_hand_translation_m"": null, ""selected_step"": ""r1_fasten_first_stand"", ""step_attempt"": 10, ""step_elapsed_s"": 33.82374540704768, ""step_event_index"": 28, ""total_hand_translation_m"": null, ""trial_finished_elapsed_s"": null, ""trial_recording"": true, ""trial_required_tool_ids"": [7, 35, 36]}"
2026-09-04T14:25:33.226-04:00,kuber,task_aware,part_selection,language,r1_fasten_first_stand,Row 1.4: fasten right stand,ready,10,29,35,SCREWS,15.411164,33.849678,,,,,,,,,,,,,,,1,,,,,,"{""acquired_tool_ids"": [7, 35, 36], ""acquisition_complete"": false, ""completed_steps"": [""r2_bearing_right"", ""r2_bearing_left"", ""r2_gear_rod"", ""r2_fasten_first_stand"", ""r2_insert_rod_and_fit_second"", ""r2_fasten_second_stand"", ""r1_gear_rod"", ""r1_bearing_right"", ""r1_bearing_left""], ""head_rotation_deg"": null, ""head_translation_m"": null, ""left_hand_translation_m"": null, ""removed_tool_ids"": [14, 15, 18, 19, 20, 21, 26, 27, 28], ""right_hand_translation_m"": null, ""selected_step"": ""r1_fasten_first_stand"", ""step_attempt"": 10, ""step_elapsed_s"": 33.849760049022734, ""step_event_index"": 29, ""total_hand_translation_m"": null, ""trial_finished_elapsed_s"": null, ""trial_recording"": true, ""trial_required_tool_ids"": [7, 35, 36]}"
2026-09-04T14:25:33.241-04:00,kuber,task_aware,object_acquired,language,r1_fasten_first_stand,Row 1.4: fasten right stand,ready,10,30,35,SCREWS,15.411164,33.849678,,,,,,,,,,,,,,,1,,,,,,"{""acquired_tool_ids"": [7, 35, 36], ""acquisition_complete"": false, ""completed_steps"": [""r2_bearing_right"", ""r2_bearing_left"", ""r2_gear_rod"", ""r2_fasten_first_stand"", ""r2_insert_rod_and_fit_second"", ""r2_fasten_second_stand"", ""r1_gear_rod"", ""r1_bearing_right"", ""r1_bearing_left""], ""head_rotation_deg"": null, ""head_translation_m"": null, ""left_hand_translation_m"": null, ""removed_tool_ids"": [14, 15, 18, 19, 20, 21, 26, 27, 28], ""right_hand_translation_m"": null, ""selected_step"": ""r1_fasten_first_stand"", ""step_attempt"": 10, ""step_elapsed_s"": 33.86436898703687, ""step_event_index"": 30, ""total_hand_translation_m"": null, ""trial_finished_elapsed_s"": null, ""trial_recording"": true, ""trial_required_tool_ids"": [7, 35, 36]}"
2026-09-04T14:25:33.265-04:00,kuber,task_aware,step_acquisition_complete,language,r1_fasten_first_stand,Row 1.4: fasten right stand,ready,10,31,,,,33.887703,0.086845,38.057997,0.032209,0.149574,0.181784,0.000000,0.000000,0.000000,0.000000,0,0,0.000000,0.000000,0.000000,,,,,,,"{""acquired_tool_ids"": [7, 35, 36], ""acquisition_complete"": true, ""any_hover_time_s"": 0.0, ""completed_steps"": [""r2_bearing_right"", ""r2_bearing_left"", ""r2_gear_rod"", ""r2_fasten_first_stand"", ""r2_insert_rod_and_fit_second"", ""r2_fasten_second_stand"", ""r1_gear_rod"", ""r1_bearing_right"", ""r1_bearing_left""], ""head_rotation_deg"": 38.05799739447017, ""head_translation_m"": 0.08684450542068041, ""hover_time_percent"": 0.0, ""left_hand_translation_m"": 0.03220943691548413, ""left_hover_episodes"": 0, ""left_hover_time_s"": 0.0, ""left_hover_translation_m"": 0.0, ""removed_tool_ids"": [14, 15, 18, 19, 20, 21, 26, 27, 28], ""right_hand_translation_m"": 0.149574245299032, ""right_hover_episodes"": 0, ""right_hover_time_s"": 0.0, ""right_hover_translation_m"": 0.0, ""selected_step"": ""r1_fasten_first_stand"", ""step_attempt"": 10, ""step_elapsed_s"": 33.88770303304773, ""step_event_index"": 31, ""total_hand_translation_m"": 0.18178368221451613, ""total_hover_translation_m"": 0.0, ""trial_finished_elapsed_s"": 33.88770303304773, ""trial_recording"": false, ""trial_required_tool_ids"": [7, 35, 36]}"
2026-09-04T14:25:33.280-04:00,kuber,task_aware,graph_complete,,r1_fasten_first_stand,Row 1.4: fasten right stand,complete,10,32,,,,,,,,,,,,,,,,,,,,,,,,,"{""acquired_tool_ids"": [7, 35, 36], ""acquisition_complete"": true, ""any_hover_time_s"": 0.0, ""completed_steps"": [""r2_bearing_right"", ""r2_bearing_left"", ""r2_gear_rod"", ""r2_fasten_first_stand"", ""r2_insert_rod_and_fit_second"", ""r2_fasten_second_stand"", ""r1_gear_rod"", ""r1_bearing_right"", ""r1_bearing_left"", ""r1_fasten_first_stand"", ""r1_insert_rod_and_fit_second"", ""r1_fasten_second_stand""], ""head_rotation_deg"": 38.05799739447017, ""head_translation_m"": 0.08684450542068041, ""hover_time_percent"": 0.0, ""left_hand_translation_m"": 0.03220943691548413, ""left_hover_episodes"": 0, ""left_hover_time_s"": 0.0, ""left_hover_translation_m"": 0.0, ""removed_tool_ids"": [14, 15, 18, 19, 20, 21, 26, 27, 28], ""right_hand_translation_m"": 0.149574245299032, ""right_hover_episodes"": 0, ""right_hover_time_s"": 0.0, ""right_hover_translation_m"": 0.0, ""selected_step"": ""r1_fasten_first_stand"", ""step_attempt"": 10, ""step_elapsed_s"": 33.88770303304773, ""step_event_index"": 32, ""total_hand_translation_m"": 0.18178368221451613, ""total_hover_translation_m"": 0.0, ""trial_finished_elapsed_s"": 33.88770303304773, ""trial_recording"": false, ""trial_required_tool_ids"": [7, 35, 36]}"
