timestamp,participant_id,condition,event_type,modality,step_id,step_title,step_state,step_attempt,step_event_index,tool_id,tool_name,part_elapsed_s,step_elapsed_s,head_translation_m,head_rotation_deg,left_hand_translation_m,right_hand_translation_m,total_hand_translation_m,left_hover_time_s,right_hover_time_s,any_hover_time_s,hover_time_percent,left_hover_episodes,right_hover_episodes,left_hover_translation_m,right_hover_translation_m,total_hover_translation_m,correct,transcript,vlm_prediction,vlm_raw,graph_decision,spoken_response,state_json
2026-09-03T16:48:43.903-04:00,sandeep,language,step_started,keyboard,r1_gear_rod,Row 1.2: assemble gear rod,ready,1,1,,,,,,,,,,,,,,,,,,,,,,,,,"{""acquired_tool_ids"": [], ""acquisition_complete"": false, ""completed_steps"": [], ""head_rotation_deg"": null, ""head_translation_m"": null, ""left_hand_translation_m"": null, ""removed_tool_ids"": [], ""right_hand_translation_m"": null, ""selected_step"": ""r1_gear_rod"", ""step_attempt"": 1, ""step_elapsed_s"": 4.8249028623104095e-05, ""step_event_index"": 1, ""total_hand_translation_m"": null, ""trial_finished_elapsed_s"": null, ""trial_recording"": true, ""trial_required_tool_ids"": [14, 26, 33]}"
2026-09-03T16:48:49.080-04:00,sandeep,language,participant_speech_submitted,speech,r1_gear_rod,Row 1.2: assemble gear rod,ready,1,2,,,,5.176802,,,,,,,,,,,,,,,,row1 gear rod,,,speech_proxy,,"{""acquired_tool_ids"": [], ""acquisition_complete"": false, ""completed_steps"": [], ""head_rotation_deg"": null, ""head_translation_m"": null, ""left_hand_translation_m"": null, ""removed_tool_ids"": [], ""right_hand_translation_m"": null, ""selected_step"": ""r1_gear_rod"", ""step_attempt"": 1, ""step_elapsed_s"": 5.1768121650093235, ""step_event_index"": 2, ""total_hand_translation_m"": null, ""trial_finished_elapsed_s"": null, ""trial_recording"": true, ""trial_required_tool_ids"": [14, 26, 33]}"
2026-09-03T16:48:49.114-04:00,sandeep,language,vlm_request_submitted,speech,r1_gear_rod,Row 1.2: assemble gear rod,ready,1,3,,,,5.211005,,,,,,,,,,,,,,,,row1 gear rod,,,speech_proxy,,"{""acquired_tool_ids"": [], ""acquisition_complete"": false, ""completed_steps"": [], ""head_rotation_deg"": null, ""head_translation_m"": null, ""left_hand_translation_m"": null, ""removed_tool_ids"": [], ""right_hand_translation_m"": null, ""selected_step"": ""r1_gear_rod"", ""step_attempt"": 1, ""step_elapsed_s"": 5.211012305051554, ""step_event_index"": 3, ""total_hand_translation_m"": null, ""trial_finished_elapsed_s"": null, ""trial_recording"": true, ""trial_required_tool_ids"": [14, 26, 33]}"
2026-09-03T16:48:52.324-04:00,sandeep,language,vlm_inference_completed,lifecycle,r1_gear_rod,Row 1.2: assemble gear rod,ready,1,4,,,,8.420543,,,,,,,,,,,,,,,,row1 gear rod,,,GEAR_ROD_ROW1,,"{""acquired_tool_ids"": [], ""acquisition_complete"": false, ""completed_steps"": [], ""head_rotation_deg"": null, ""head_translation_m"": null, ""left_hand_translation_m"": null, ""removed_tool_ids"": [], ""right_hand_translation_m"": null, ""selected_step"": ""r1_gear_rod"", ""step_attempt"": 1, ""step_elapsed_s"": 8.420553296047729, ""step_event_index"": 4, ""total_hand_translation_m"": null, ""trial_finished_elapsed_s"": null, ""trial_recording"": true, ""trial_required_tool_ids"": [14, 26, 33]}"
2026-09-03T16:48:52.351-04:00,sandeep,language,vlm_interaction,language,r1_gear_rod,Row 1.2: assemble gear rod,ready,1,5,,,,,,,,,,,,,,,,,,,,row1 gear rod,GEAR_ROD_ROW1,"{""intent"":""part_reference"",""part_action"":""reference"",""reference_relation"":""direct"",""step_scope"":"""",""target"":""GEAR_ROD_ROW1"",""candidates"":[],""exclude_labels"":[]}",language_grounded,I identified and highlighted the Row 1 gear rod.,"{""acquired_tool_ids"": [], ""acquisition_complete"": false, ""completed_steps"": [], ""head_rotation_deg"": null, ""head_translation_m"": null, ""left_hand_translation_m"": null, ""removed_tool_ids"": [], ""right_hand_translation_m"": null, ""selected_step"": ""r1_gear_rod"", ""step_attempt"": 1, ""step_elapsed_s"": 8.447868385002948, ""step_event_index"": 5, ""total_hand_translation_m"": null, ""trial_finished_elapsed_s"": null, ""trial_recording"": true, ""trial_required_tool_ids"": [14, 26, 33]}"
2026-09-03T16:48:52.375-04:00,sandeep,language,part_selection,language,r1_gear_rod,Row 1.2: assemble gear rod,ready,1,6,14,GEAR_ROD_ROW1,8.471689,8.471689,,,,,,,,,,,,,,,1,,,,,,"{""acquired_tool_ids"": [14], ""acquisition_complete"": false, ""completed_steps"": [], ""head_rotation_deg"": null, ""head_translation_m"": null, ""left_hand_translation_m"": null, ""removed_tool_ids"": [], ""right_hand_translation_m"": null, ""selected_step"": ""r1_gear_rod"", ""step_attempt"": 1, ""step_elapsed_s"": 8.471761908032931, ""step_event_index"": 6, ""total_hand_translation_m"": null, ""trial_finished_elapsed_s"": null, ""trial_recording"": true, ""trial_required_tool_ids"": [14, 26, 33]}"
2026-09-03T16:48:52.388-04:00,sandeep,language,object_acquired,language,r1_gear_rod,Row 1.2: assemble gear rod,ready,1,7,14,GEAR_ROD_ROW1,8.471689,8.471689,,,,,,,,,,,,,,,1,,,,,,"{""acquired_tool_ids"": [14], ""acquisition_complete"": false, ""completed_steps"": [], ""head_rotation_deg"": null, ""head_translation_m"": null, ""left_hand_translation_m"": null, ""removed_tool_ids"": [], ""right_hand_translation_m"": null, ""selected_step"": ""r1_gear_rod"", ""step_attempt"": 1, ""step_elapsed_s"": 8.48452942003496, ""step_event_index"": 7, ""total_hand_translation_m"": null, ""trial_finished_elapsed_s"": null, ""trial_recording"": true, ""trial_required_tool_ids"": [14, 26, 33]}"
2026-09-03T16:48:52.415-04:00,sandeep,language,tts_queued,lifecycle,r1_gear_rod,Row 1.2: assemble gear rod,ready,1,8,,,,8.511794,,,,,,,,,,,,,,,,2 parts left.,,,replace,,"{""acquired_tool_ids"": [14], ""acquisition_complete"": false, ""completed_steps"": [], ""head_rotation_deg"": null, ""head_translation_m"": null, ""left_hand_translation_m"": null, ""removed_tool_ids"": [], ""right_hand_translation_m"": null, ""selected_step"": ""r1_gear_rod"", ""step_attempt"": 1, ""step_elapsed_s"": 8.511802574037574, ""step_event_index"": 8, ""total_hand_translation_m"": null, ""trial_finished_elapsed_s"": null, ""trial_recording"": true, ""trial_required_tool_ids"": [14, 26, 33]}"
2026-09-03T16:48:52.451-04:00,sandeep,language,tts_started,lifecycle,r1_gear_rod,Row 1.2: assemble gear rod,ready,1,9,,,,8.547562,,,,,,,,,,,,,,,,2 parts left.,,,,,"{""acquired_tool_ids"": [14], ""acquisition_complete"": false, ""completed_steps"": [], ""head_rotation_deg"": null, ""head_translation_m"": null, ""left_hand_translation_m"": null, ""removed_tool_ids"": [], ""right_hand_translation_m"": null, ""selected_step"": ""r1_gear_rod"", ""step_attempt"": 1, ""step_elapsed_s"": 8.5475697540096, ""step_event_index"": 9, ""total_hand_translation_m"": null, ""trial_finished_elapsed_s"": null, ""trial_recording"": true, ""trial_required_tool_ids"": [14, 26, 33]}"
2026-09-03T16:48:53.741-04:00,sandeep,language,tts_finished,lifecycle,r1_gear_rod,Row 1.2: assemble gear rod,ready,1,10,,,,9.837654,,,,,,,,,,,,,,,,2 parts left.,,,,,"{""acquired_tool_ids"": [14], ""acquisition_complete"": false, ""completed_steps"": [], ""head_rotation_deg"": null, ""head_translation_m"": null, ""left_hand_translation_m"": null, ""removed_tool_ids"": [], ""right_hand_translation_m"": null, ""selected_step"": ""r1_gear_rod"", ""step_attempt"": 1, ""step_elapsed_s"": 9.837664368038531, ""step_event_index"": 10, ""total_hand_translation_m"": null, ""trial_finished_elapsed_s"": null, ""trial_recording"": true, ""trial_required_tool_ids"": [14, 26, 33]}"
2026-09-03T16:48:58.261-04:00,sandeep,language,participant_speech_submitted,speech,r1_gear_rod,Row 1.2: assemble gear rod,ready,1,11,,,,14.357333,,,,,,,,,,,,,,,,larger white gear,,,speech_proxy,,"{""acquired_tool_ids"": [14], ""acquisition_complete"": false, ""completed_steps"": [], ""head_rotation_deg"": null, ""head_translation_m"": null, ""left_hand_translation_m"": null, ""removed_tool_ids"": [], ""right_hand_translation_m"": null, ""selected_step"": ""r1_gear_rod"", ""step_attempt"": 1, ""step_elapsed_s"": 14.357344134012237, ""step_event_index"": 11, ""total_hand_translation_m"": null, ""trial_finished_elapsed_s"": null, ""trial_recording"": true, ""trial_required_tool_ids"": [14, 26, 33]}"
2026-09-03T16:48:58.298-04:00,sandeep,language,vlm_request_submitted,speech,r1_gear_rod,Row 1.2: assemble gear rod,ready,1,12,,,,14.394826,,,,,,,,,,,,,,,,larger white gear,,,speech_proxy,,"{""acquired_tool_ids"": [14], ""acquisition_complete"": false, ""completed_steps"": [], ""head_rotation_deg"": null, ""head_translation_m"": null, ""left_hand_translation_m"": null, ""removed_tool_ids"": [], ""right_hand_translation_m"": null, ""selected_step"": ""r1_gear_rod"", ""step_attempt"": 1, ""step_elapsed_s"": 14.394839865039103, ""step_event_index"": 12, ""total_hand_translation_m"": null, ""trial_finished_elapsed_s"": null, ""trial_recording"": true, ""trial_required_tool_ids"": [14, 26, 33]}"
2026-09-03T16:49:01.345-04:00,sandeep,language,vlm_inference_completed,lifecycle,r1_gear_rod,Row 1.2: assemble gear rod,ready,1,13,,,,17.441553,,,,,,,,,,,,,,,,larger white gear,,,GEAR_ROW1_LEFT,,"{""acquired_tool_ids"": [14], ""acquisition_complete"": false, ""completed_steps"": [], ""head_rotation_deg"": null, ""head_translation_m"": null, ""left_hand_translation_m"": null, ""removed_tool_ids"": [], ""right_hand_translation_m"": null, ""selected_step"": ""r1_gear_rod"", ""step_attempt"": 1, ""step_elapsed_s"": 17.441562824998982, ""step_event_index"": 13, ""total_hand_translation_m"": null, ""trial_finished_elapsed_s"": null, ""trial_recording"": true, ""trial_required_tool_ids"": [14, 26, 33]}"
2026-09-03T16:49:01.387-04:00,sandeep,language,vlm_interaction,language,r1_gear_rod,Row 1.2: assemble gear rod,ready,1,14,,,,,,,,,,,,,,,,,,,,larger white gear,GEAR_ROW1_LEFT,"{""intent"":""part_reference"",""part_action"":""reference"",""reference_relation"":""direct"",""step_scope"":"""",""target"":""GEAR_ROW1_LEFT"",""candidates"":[],""exclude_labels"":[]}",language_grounded,I identified and highlighted the Row 1 left gear.,"{""acquired_tool_ids"": [14], ""acquisition_complete"": false, ""completed_steps"": [], ""head_rotation_deg"": null, ""head_translation_m"": null, ""left_hand_translation_m"": null, ""removed_tool_ids"": [], ""right_hand_translation_m"": null, ""selected_step"": ""r1_gear_rod"", ""step_attempt"": 1, ""step_elapsed_s"": 17.483715521055274, ""step_event_index"": 14, ""total_hand_translation_m"": null, ""trial_finished_elapsed_s"": null, ""trial_recording"": true, ""trial_required_tool_ids"": [14, 26, 33]}"
2026-09-03T16:49:01.435-04:00,sandeep,language,part_selection,language,r1_gear_rod,Row 1.2: assemble gear rod,ready,1,15,26,GEAR_ROW1_LEFT,9.059764,17.531454,,,,,,,,,,,,,,,1,,,,,,"{""acquired_tool_ids"": [14, 26], ""acquisition_complete"": false, ""completed_steps"": [], ""head_rotation_deg"": null, ""head_translation_m"": null, ""left_hand_translation_m"": null, ""removed_tool_ids"": [], ""right_hand_translation_m"": null, ""selected_step"": ""r1_gear_rod"", ""step_attempt"": 1, ""step_elapsed_s"": 17.531522596022114, ""step_event_index"": 15, ""total_hand_translation_m"": null, ""trial_finished_elapsed_s"": null, ""trial_recording"": true, ""trial_required_tool_ids"": [14, 26, 33]}"
2026-09-03T16:49:01.450-04:00,sandeep,language,object_acquired,language,r1_gear_rod,Row 1.2: assemble gear rod,ready,1,16,26,GEAR_ROW1_LEFT,9.059764,17.531454,,,,,,,,,,,,,,,1,,,,,,"{""acquired_tool_ids"": [14, 26], ""acquisition_complete"": false, ""completed_steps"": [], ""head_rotation_deg"": null, ""head_translation_m"": null, ""left_hand_translation_m"": null, ""removed_tool_ids"": [], ""right_hand_translation_m"": null, ""selected_step"": ""r1_gear_rod"", ""step_attempt"": 1, ""step_elapsed_s"": 17.54717638605507, ""step_event_index"": 16, ""total_hand_translation_m"": null, ""trial_finished_elapsed_s"": null, ""trial_recording"": true, ""trial_required_tool_ids"": [14, 26, 33]}"
2026-09-03T16:49:01.467-04:00,sandeep,language,tts_queued,lifecycle,r1_gear_rod,Row 1.2: assemble gear rod,ready,1,17,,,,17.563273,,,,,,,,,,,,,,,,1 part left.,,,replace,,"{""acquired_tool_ids"": [14, 26], ""acquisition_complete"": false, ""completed_steps"": [], ""head_rotation_deg"": null, ""head_translation_m"": null, ""left_hand_translation_m"": null, ""removed_tool_ids"": [], ""right_hand_translation_m"": null, ""selected_step"": ""r1_gear_rod"", ""step_attempt"": 1, ""step_elapsed_s"": 17.563279706053436, ""step_event_index"": 17, ""total_hand_translation_m"": null, ""trial_finished_elapsed_s"": null, ""trial_recording"": true, ""trial_required_tool_ids"": [14, 26, 33]}"
2026-09-03T16:49:01.504-04:00,sandeep,language,tts_started,lifecycle,r1_gear_rod,Row 1.2: assemble gear rod,ready,1,18,,,,17.600442,,,,,,,,,,,,,,,,1 part left.,,,,,"{""acquired_tool_ids"": [14, 26], ""acquisition_complete"": false, ""completed_steps"": [], ""head_rotation_deg"": null, ""head_translation_m"": null, ""left_hand_translation_m"": null, ""removed_tool_ids"": [], ""right_hand_translation_m"": null, ""selected_step"": ""r1_gear_rod"", ""step_attempt"": 1, ""step_elapsed_s"": 17.60045039904071, ""step_event_index"": 18, ""total_hand_translation_m"": null, ""trial_finished_elapsed_s"": null, ""trial_recording"": true, ""trial_required_tool_ids"": [14, 26, 33]}"
2026-09-03T16:49:02.796-04:00,sandeep,language,tts_finished,lifecycle,r1_gear_rod,Row 1.2: assemble gear rod,ready,1,19,,,,18.892235,,,,,,,,,,,,,,,,1 part left.,,,,,"{""acquired_tool_ids"": [14, 26], ""acquisition_complete"": false, ""completed_steps"": [], ""head_rotation_deg"": null, ""head_translation_m"": null, ""left_hand_translation_m"": null, ""removed_tool_ids"": [], ""right_hand_translation_m"": null, ""selected_step"": ""r1_gear_rod"", ""step_attempt"": 1, ""step_elapsed_s"": 18.892244993010536, ""step_event_index"": 19, ""total_hand_translation_m"": null, ""trial_finished_elapsed_s"": null, ""trial_recording"": true, ""trial_required_tool_ids"": [14, 26, 33]}"
2026-09-03T16:49:07.431-04:00,sandeep,language,participant_speech_submitted,speech,r1_gear_rod,Row 1.2: assemble gear rod,ready,1,20,,,,23.527964,,,,,,,,,,,,,,,,bearing,,,speech_proxy,,"{""acquired_tool_ids"": [14, 26], ""acquisition_complete"": false, ""completed_steps"": [], ""head_rotation_deg"": null, ""head_translation_m"": null, ""left_hand_translation_m"": null, ""removed_tool_ids"": [], ""right_hand_translation_m"": null, ""selected_step"": ""r1_gear_rod"", ""step_attempt"": 1, ""step_elapsed_s"": 23.52798235003138, ""step_event_index"": 20, ""total_hand_translation_m"": null, ""trial_finished_elapsed_s"": null, ""trial_recording"": true, ""trial_required_tool_ids"": [14, 26, 33]}"
2026-09-03T16:49:07.470-04:00,sandeep,language,vlm_request_submitted,speech,r1_gear_rod,Row 1.2: assemble gear rod,ready,1,21,,,,23.566219,,,,,,,,,,,,,,,,bearing,,,speech_proxy,,"{""acquired_tool_ids"": [14, 26], ""acquisition_complete"": false, ""completed_steps"": [], ""head_rotation_deg"": null, ""head_translation_m"": null, ""left_hand_translation_m"": null, ""removed_tool_ids"": [], ""right_hand_translation_m"": null, ""selected_step"": ""r1_gear_rod"", ""step_attempt"": 1, ""step_elapsed_s"": 23.566236013022717, ""step_event_index"": 21, ""total_hand_translation_m"": null, ""trial_finished_elapsed_s"": null, ""trial_recording"": true, ""trial_required_tool_ids"": [14, 26, 33]}"
2026-09-03T16:49:10.382-04:00,sandeep,language,vlm_inference_completed,lifecycle,r1_gear_rod,Row 1.2: assemble gear rod,ready,1,22,,,,26.478557,,,,,,,,,,,,,,,,bearing,,,BEARING,,"{""acquired_tool_ids"": [14, 26], ""acquisition_complete"": false, ""completed_steps"": [], ""head_rotation_deg"": null, ""head_translation_m"": null, ""left_hand_translation_m"": null, ""removed_tool_ids"": [], ""right_hand_translation_m"": null, ""selected_step"": ""r1_gear_rod"", ""step_attempt"": 1, ""step_elapsed_s"": 26.478565684054047, ""step_event_index"": 22, ""total_hand_translation_m"": null, ""trial_finished_elapsed_s"": null, ""trial_recording"": true, ""trial_required_tool_ids"": [14, 26, 33]}"
2026-09-03T16:49:10.424-04:00,sandeep,language,vlm_interaction,language,r1_gear_rod,Row 1.2: assemble gear rod,ready,1,23,,,,,,,,,,,,,,,,,,,,bearing,BEARING,"{""intent"":""part_reference"",""part_action"":""reference"",""reference_relation"":""direct"",""step_scope"":"""",""target"":""BEARING"",""candidates"":[],""exclude_labels"":[]}",language_grounded,I identified and highlighted the bearing.,"{""acquired_tool_ids"": [14, 26], ""acquisition_complete"": false, ""completed_steps"": [], ""head_rotation_deg"": null, ""head_translation_m"": null, ""left_hand_translation_m"": null, ""removed_tool_ids"": [], ""right_hand_translation_m"": null, ""selected_step"": ""r1_gear_rod"", ""step_attempt"": 1, ""step_elapsed_s"": 26.520873478031717, ""step_event_index"": 23, ""total_hand_translation_m"": null, ""trial_finished_elapsed_s"": null, ""trial_recording"": true, ""trial_required_tool_ids"": [14, 26, 33]}"
2026-09-03T16:49:27.624-04:00,sandeep,language,participant_speech_submitted,speech,r1_gear_rod,Row 1.2: assemble gear rod,ready,1,24,,,,43.720983,,,,,,,,,,,,,,,,wooden pin,,,speech_proxy,,"{""acquired_tool_ids"": [14, 26], ""acquisition_complete"": false, ""completed_steps"": [], ""head_rotation_deg"": null, ""head_translation_m"": null, ""left_hand_translation_m"": null, ""removed_tool_ids"": [], ""right_hand_translation_m"": null, ""selected_step"": ""r1_gear_rod"", ""step_attempt"": 1, ""step_elapsed_s"": 43.72100288601359, ""step_event_index"": 24, ""total_hand_translation_m"": null, ""trial_finished_elapsed_s"": null, ""trial_recording"": true, ""trial_required_tool_ids"": [14, 26, 33]}"
2026-09-03T16:49:27.682-04:00,sandeep,language,vlm_request_submitted,speech,r1_gear_rod,Row 1.2: assemble gear rod,ready,1,25,,,,43.778649,,,,,,,,,,,,,,,,wooden pin,,,speech_proxy,,"{""acquired_tool_ids"": [14, 26], ""acquisition_complete"": false, ""completed_steps"": [], ""head_rotation_deg"": null, ""head_translation_m"": null, ""left_hand_translation_m"": null, ""removed_tool_ids"": [], ""right_hand_translation_m"": null, ""selected_step"": ""r1_gear_rod"", ""step_attempt"": 1, ""step_elapsed_s"": 43.77866559202084, ""step_event_index"": 25, ""total_hand_translation_m"": null, ""trial_finished_elapsed_s"": null, ""trial_recording"": true, ""trial_required_tool_ids"": [14, 26, 33]}"
2026-09-03T16:49:30.576-04:00,sandeep,language,vlm_inference_completed,lifecycle,r1_gear_rod,Row 1.2: assemble gear rod,ready,1,26,,,,46.672828,,,,,,,,,,,,,,,,wooden pin,,,PIN,,"{""acquired_tool_ids"": [14, 26], ""acquisition_complete"": false, ""completed_steps"": [], ""head_rotation_deg"": null, ""head_translation_m"": null, ""left_hand_translation_m"": null, ""removed_tool_ids"": [], ""right_hand_translation_m"": null, ""selected_step"": ""r1_gear_rod"", ""step_attempt"": 1, ""step_elapsed_s"": 46.672838242026046, ""step_event_index"": 26, ""total_hand_translation_m"": null, ""trial_finished_elapsed_s"": null, ""trial_recording"": true, ""trial_required_tool_ids"": [14, 26, 33]}"
2026-09-03T16:49:30.622-04:00,sandeep,language,vlm_interaction,language,r1_gear_rod,Row 1.2: assemble gear rod,ready,1,27,,,,,,,,,,,,,,,,,,,,wooden pin,PIN,"{""intent"":""part_reference"",""part_action"":""reference"",""reference_relation"":""direct"",""step_scope"":"""",""target"":""PIN"",""candidates"":[],""exclude_labels"":[]}",language_grounded,I identified and highlighted the wooden retaining pin.,"{""acquired_tool_ids"": [14, 26], ""acquisition_complete"": false, ""completed_steps"": [], ""head_rotation_deg"": null, ""head_translation_m"": null, ""left_hand_translation_m"": null, ""removed_tool_ids"": [], ""right_hand_translation_m"": null, ""selected_step"": ""r1_gear_rod"", ""step_attempt"": 1, ""step_elapsed_s"": 46.718504070013296, ""step_event_index"": 27, ""total_hand_translation_m"": null, ""trial_finished_elapsed_s"": null, ""trial_recording"": true, ""trial_required_tool_ids"": [14, 26, 33]}"
2026-09-03T16:49:30.640-04:00,sandeep,language,part_selection,language,r1_gear_rod,Row 1.2: assemble gear rod,ready,1,28,33,PINS,29.205134,46.736588,,,,,,,,,,,,,,,1,,,,,,"{""acquired_tool_ids"": [14, 26, 33], ""acquisition_complete"": false, ""completed_steps"": [], ""head_rotation_deg"": null, ""head_translation_m"": null, ""left_hand_translation_m"": null, ""removed_tool_ids"": [], ""right_hand_translation_m"": null, ""selected_step"": ""r1_gear_rod"", ""step_attempt"": 1, ""step_elapsed_s"": 46.736630099010654, ""step_event_index"": 28, ""total_hand_translation_m"": null, ""trial_finished_elapsed_s"": null, ""trial_recording"": true, ""trial_required_tool_ids"": [14, 26, 33]}"
2026-09-03T16:49:30.658-04:00,sandeep,language,object_acquired,language,r1_gear_rod,Row 1.2: assemble gear rod,ready,1,29,33,PINS,29.205134,46.736588,,,,,,,,,,,,,,,1,,,,,,"{""acquired_tool_ids"": [14, 26, 33], ""acquisition_complete"": false, ""completed_steps"": [], ""head_rotation_deg"": null, ""head_translation_m"": null, ""left_hand_translation_m"": null, ""removed_tool_ids"": [], ""right_hand_translation_m"": null, ""selected_step"": ""r1_gear_rod"", ""step_attempt"": 1, ""step_elapsed_s"": 46.75446816103067, ""step_event_index"": 29, ""total_hand_translation_m"": null, ""trial_finished_elapsed_s"": null, ""trial_recording"": true, ""trial_required_tool_ids"": [14, 26, 33]}"
2026-09-03T16:49:30.674-04:00,sandeep,language,step_acquisition_complete,language,r1_gear_rod,Row 1.2: assemble gear rod,ready,1,30,,,,46.769071,0.000000,0.000000,0.000000,0.000000,0.000000,0.000000,0.000000,0.000000,0.000000,0,0,0.000000,0.000000,0.000000,,,,,,,"{""acquired_tool_ids"": [14, 26, 33], ""acquisition_complete"": true, ""any_hover_time_s"": 0.0, ""completed_steps"": [], ""head_rotation_deg"": 0.0, ""head_translation_m"": 0.0, ""hover_time_percent"": 0.0, ""left_hand_translation_m"": 0.0, ""left_hover_episodes"": 0, ""left_hover_time_s"": 0.0, ""left_hover_translation_m"": 0.0, ""removed_tool_ids"": [14, 26], ""right_hand_translation_m"": 0.0, ""right_hover_episodes"": 0, ""right_hover_time_s"": 0.0, ""right_hover_translation_m"": 0.0, ""selected_step"": ""r1_gear_rod"", ""step_attempt"": 1, ""step_elapsed_s"": 46.769070847018156, ""step_event_index"": 30, ""total_hand_translation_m"": 0.0, ""total_hover_translation_m"": 0.0, ""trial_finished_elapsed_s"": 46.769070847018156, ""trial_recording"": false, ""trial_required_tool_ids"": [14, 26, 33]}"
2026-09-03T16:49:30.689-04:00,sandeep,language,graph_complete,,r1_gear_rod,Row 1.2: assemble gear rod,complete,1,31,,,,,,,,,,,,,,,,,,,,,,,,,"{""acquired_tool_ids"": [14, 26, 33], ""acquisition_complete"": true, ""any_hover_time_s"": 0.0, ""completed_steps"": [""r1_gear_rod""], ""head_rotation_deg"": 0.0, ""head_translation_m"": 0.0, ""hover_time_percent"": 0.0, ""left_hand_translation_m"": 0.0, ""left_hover_episodes"": 0, ""left_hover_time_s"": 0.0, ""left_hover_translation_m"": 0.0, ""removed_tool_ids"": [14, 26], ""right_hand_translation_m"": 0.0, ""right_hover_episodes"": 0, ""right_hover_time_s"": 0.0, ""right_hover_translation_m"": 0.0, ""selected_step"": ""r1_gear_rod"", ""step_attempt"": 1, ""step_elapsed_s"": 46.769070847018156, ""step_event_index"": 31, ""total_hand_translation_m"": 0.0, ""total_hover_translation_m"": 0.0, ""trial_finished_elapsed_s"": 46.769070847018156, ""trial_recording"": false, ""trial_required_tool_ids"": [14, 26, 33]}"
2026-09-03T16:49:41.830-04:00,sandeep,language,step_started,keyboard,r1_bearing_right,Row 1.1: bearing into right stand,ready,2,1,,,,,,,,,,,,,,,,,,,,,,,,,"{""acquired_tool_ids"": [], ""acquisition_complete"": false, ""completed_steps"": [""r1_gear_rod""], ""head_rotation_deg"": null, ""head_translation_m"": null, ""left_hand_translation_m"": null, ""removed_tool_ids"": [14, 26], ""right_hand_translation_m"": null, ""selected_step"": ""r1_bearing_right"", ""step_attempt"": 2, ""step_elapsed_s"": 0.0005376869812607765, ""step_event_index"": 1, ""total_hand_translation_m"": null, ""trial_finished_elapsed_s"": null, ""trial_recording"": true, ""trial_required_tool_ids"": [19, 34]}"
2026-09-03T16:49:48.084-04:00,sandeep,language,participant_speech_submitted,speech,r1_bearing_right,Row 1.1: bearing into right stand,ready,2,2,,,,6.253764,,,,,,,,,,,,,,,,right white gear stand,,,speech_proxy,,"{""acquired_tool_ids"": [], ""acquisition_complete"": false, ""completed_steps"": [""r1_gear_rod""], ""head_rotation_deg"": null, ""head_translation_m"": null, ""left_hand_translation_m"": null, ""removed_tool_ids"": [14, 26], ""right_hand_translation_m"": null, ""selected_step"": ""r1_bearing_right"", ""step_attempt"": 2, ""step_elapsed_s"": 6.253781215986237, ""step_event_index"": 2, ""total_hand_translation_m"": null, ""trial_finished_elapsed_s"": null, ""trial_recording"": true, ""trial_required_tool_ids"": [19, 34]}"
2026-09-03T16:49:48.137-04:00,sandeep,language,vlm_request_submitted,speech,r1_bearing_right,Row 1.1: bearing into right stand,ready,2,3,,,,6.307480,,,,,,,,,,,,,,,,right white gear stand,,,speech_proxy,,"{""acquired_tool_ids"": [], ""acquisition_complete"": false, ""completed_steps"": [""r1_gear_rod""], ""head_rotation_deg"": null, ""head_translation_m"": null, ""left_hand_translation_m"": null, ""removed_tool_ids"": [14, 26], ""right_hand_translation_m"": null, ""selected_step"": ""r1_bearing_right"", ""step_attempt"": 2, ""step_elapsed_s"": 6.307494161999784, ""step_event_index"": 3, ""total_hand_translation_m"": null, ""trial_finished_elapsed_s"": null, ""trial_recording"": true, ""trial_required_tool_ids"": [19, 34]}"
2026-09-03T16:49:51.169-04:00,sandeep,language,vlm_inference_completed,lifecycle,r1_bearing_right,Row 1.1: bearing into right stand,ready,2,4,,,,9.338577,,,,,,,,,,,,,,,,right white gear stand,,,STAND_ROW1_RIGHT,,"{""acquired_tool_ids"": [], ""acquisition_complete"": false, ""completed_steps"": [""r1_gear_rod""], ""head_rotation_deg"": null, ""head_translation_m"": null, ""left_hand_translation_m"": null, ""removed_tool_ids"": [14, 26], ""right_hand_translation_m"": null, ""selected_step"": ""r1_bearing_right"", ""step_attempt"": 2, ""step_elapsed_s"": 9.338587819016539, ""step_event_index"": 4, ""total_hand_translation_m"": null, ""trial_finished_elapsed_s"": null, ""trial_recording"": true, ""trial_required_tool_ids"": [19, 34]}"
2026-09-03T16:49:51.225-04:00,sandeep,language,vlm_interaction,language,r1_bearing_right,Row 1.1: bearing into right stand,ready,2,5,,,,,,,,,,,,,,,,,,,,right white gear stand,STAND_ROW1_RIGHT,"{""intent"":""part_reference"",""part_action"":""reference"",""reference_relation"":""direct"",""step_scope"":"""",""target"":""STAND_ROW1_RIGHT"",""candidates"":[],""exclude_labels"":[]}",language_grounded,I identified and highlighted the Row 1 right stand.,"{""acquired_tool_ids"": [], ""acquisition_complete"": false, ""completed_steps"": [""r1_gear_rod""], ""head_rotation_deg"": null, ""head_translation_m"": null, ""left_hand_translation_m"": null, ""removed_tool_ids"": [14, 26], ""right_hand_translation_m"": null, ""selected_step"": ""r1_bearing_right"", ""step_attempt"": 2, ""step_elapsed_s"": 9.395124383969232, ""step_event_index"": 5, ""total_hand_translation_m"": null, ""trial_finished_elapsed_s"": null, ""trial_recording"": true, ""trial_required_tool_ids"": [19, 34]}"
2026-09-03T16:49:51.257-04:00,sandeep,language,part_selection,language,r1_bearing_right,Row 1.1: bearing into right stand,ready,2,6,19,GEAR_STAND_ROW1_RIGHT,9.427153,9.427153,,,,,,,,,,,,,,,1,,,,,,"{""acquired_tool_ids"": [19], ""acquisition_complete"": false, ""completed_steps"": [""r1_gear_rod""], ""head_rotation_deg"": null, ""head_translation_m"": null, ""left_hand_translation_m"": null, ""removed_tool_ids"": [14, 26], ""right_hand_translation_m"": null, ""selected_step"": ""r1_bearing_right"", ""step_attempt"": 2, ""step_elapsed_s"": 9.427218652970623, ""step_event_index"": 6, ""total_hand_translation_m"": null, ""trial_finished_elapsed_s"": null, ""trial_recording"": true, ""trial_required_tool_ids"": [19, 34]}"
2026-09-03T16:49:51.276-04:00,sandeep,language,object_acquired,language,r1_bearing_right,Row 1.1: bearing into right stand,ready,2,7,19,GEAR_STAND_ROW1_RIGHT,9.427153,9.427153,,,,,,,,,,,,,,,1,,,,,,"{""acquired_tool_ids"": [19], ""acquisition_complete"": false, ""completed_steps"": [""r1_gear_rod""], ""head_rotation_deg"": null, ""head_translation_m"": null, ""left_hand_translation_m"": null, ""removed_tool_ids"": [14, 26], ""right_hand_translation_m"": null, ""selected_step"": ""r1_bearing_right"", ""step_attempt"": 2, ""step_elapsed_s"": 9.44636687001912, ""step_event_index"": 7, ""total_hand_translation_m"": null, ""trial_finished_elapsed_s"": null, ""trial_recording"": true, ""trial_required_tool_ids"": [19, 34]}"
2026-09-03T16:49:51.288-04:00,sandeep,language,tts_queued,lifecycle,r1_bearing_right,Row 1.1: bearing into right stand,ready,2,8,,,,9.458284,,,,,,,,,,,,,,,,1 part left.,,,replace,,"{""acquired_tool_ids"": [19], ""acquisition_complete"": false, ""completed_steps"": [""r1_gear_rod""], ""head_rotation_deg"": null, ""head_translation_m"": null, ""left_hand_translation_m"": null, ""removed_tool_ids"": [14, 26], ""right_hand_translation_m"": null, ""selected_step"": ""r1_bearing_right"", ""step_attempt"": 2, ""step_elapsed_s"": 9.458299316000193, ""step_event_index"": 8, ""total_hand_translation_m"": null, ""trial_finished_elapsed_s"": null, ""trial_recording"": true, ""trial_required_tool_ids"": [19, 34]}"
2026-09-03T16:49:51.325-04:00,sandeep,language,tts_started,lifecycle,r1_bearing_right,Row 1.1: bearing into right stand,ready,2,9,,,,9.495000,,,,,,,,,,,,,,,,1 part left.,,,,,"{""acquired_tool_ids"": [19], ""acquisition_complete"": false, ""completed_steps"": [""r1_gear_rod""], ""head_rotation_deg"": null, ""head_translation_m"": null, ""left_hand_translation_m"": null, ""removed_tool_ids"": [14, 26], ""right_hand_translation_m"": null, ""selected_step"": ""r1_bearing_right"", ""step_attempt"": 2, ""step_elapsed_s"": 9.495011926977895, ""step_event_index"": 9, ""total_hand_translation_m"": null, ""trial_finished_elapsed_s"": null, ""trial_recording"": true, ""trial_required_tool_ids"": [19, 34]}"
2026-09-03T16:49:52.557-04:00,sandeep,language,tts_finished,lifecycle,r1_bearing_right,Row 1.1: bearing into right stand,ready,2,10,,,,10.727526,,,,,,,,,,,,,,,,1 part left.,,,,,"{""acquired_tool_ids"": [19], ""acquisition_complete"": false, ""completed_steps"": [""r1_gear_rod""], ""head_rotation_deg"": null, ""head_translation_m"": null, ""left_hand_translation_m"": null, ""removed_tool_ids"": [14, 26], ""right_hand_translation_m"": null, ""selected_step"": ""r1_bearing_right"", ""step_attempt"": 2, ""step_elapsed_s"": 10.727535530983005, ""step_event_index"": 10, ""total_hand_translation_m"": null, ""trial_finished_elapsed_s"": null, ""trial_recording"": true, ""trial_required_tool_ids"": [19, 34]}"
2026-09-03T16:49:55.104-04:00,sandeep,language,participant_speech_submitted,speech,r1_bearing_right,Row 1.1: bearing into right stand,ready,2,11,,,,13.273771,,,,,,,,,,,,,,,,bearing,,,speech_proxy,,"{""acquired_tool_ids"": [19], ""acquisition_complete"": false, ""completed_steps"": [""r1_gear_rod""], ""head_rotation_deg"": null, ""head_translation_m"": null, ""left_hand_translation_m"": null, ""removed_tool_ids"": [14, 26], ""right_hand_translation_m"": null, ""selected_step"": ""r1_bearing_right"", ""step_attempt"": 2, ""step_elapsed_s"": 13.273787021986209, ""step_event_index"": 11, ""total_hand_translation_m"": null, ""trial_finished_elapsed_s"": null, ""trial_recording"": true, ""trial_required_tool_ids"": [19, 34]}"
2026-09-03T16:49:55.130-04:00,sandeep,language,vlm_request_submitted,speech,r1_bearing_right,Row 1.1: bearing into right stand,ready,2,12,,,,13.300397,,,,,,,,,,,,,,,,bearing,,,speech_proxy,,"{""acquired_tool_ids"": [19], ""acquisition_complete"": false, ""completed_steps"": [""r1_gear_rod""], ""head_rotation_deg"": null, ""head_translation_m"": null, ""left_hand_translation_m"": null, ""removed_tool_ids"": [14, 26], ""right_hand_translation_m"": null, ""selected_step"": ""r1_bearing_right"", ""step_attempt"": 2, ""step_elapsed_s"": 13.300411764997989, ""step_event_index"": 12, ""total_hand_translation_m"": null, ""trial_finished_elapsed_s"": null, ""trial_recording"": true, ""trial_required_tool_ids"": [19, 34]}"
2026-09-03T16:49:58.038-04:00,sandeep,language,vlm_inference_completed,lifecycle,r1_bearing_right,Row 1.1: bearing into right stand,ready,2,13,,,,16.207992,,,,,,,,,,,,,,,,bearing,,,BEARING,,"{""acquired_tool_ids"": [19], ""acquisition_complete"": false, ""completed_steps"": [""r1_gear_rod""], ""head_rotation_deg"": null, ""head_translation_m"": null, ""left_hand_translation_m"": null, ""removed_tool_ids"": [14, 26], ""right_hand_translation_m"": null, ""selected_step"": ""r1_bearing_right"", ""step_attempt"": 2, ""step_elapsed_s"": 16.208000712969806, ""step_event_index"": 13, ""total_hand_translation_m"": null, ""trial_finished_elapsed_s"": null, ""trial_recording"": true, ""trial_required_tool_ids"": [19, 34]}"
2026-09-03T16:49:58.070-04:00,sandeep,language,vlm_interaction,language,r1_bearing_right,Row 1.1: bearing into right stand,ready,2,14,,,,,,,,,,,,,,,,,,,,bearing,BEARING,"{""intent"":""part_reference"",""part_action"":""reference"",""reference_relation"":""direct"",""step_scope"":"""",""target"":""BEARING"",""candidates"":[],""exclude_labels"":[]}",language_grounded,I identified and highlighted the bearing.,"{""acquired_tool_ids"": [19], ""acquisition_complete"": false, ""completed_steps"": [""r1_gear_rod""], ""head_rotation_deg"": null, ""head_translation_m"": null, ""left_hand_translation_m"": null, ""removed_tool_ids"": [14, 26], ""right_hand_translation_m"": null, ""selected_step"": ""r1_bearing_right"", ""step_attempt"": 2, ""step_elapsed_s"": 16.23977726296289, ""step_event_index"": 14, ""total_hand_translation_m"": null, ""trial_finished_elapsed_s"": null, ""trial_recording"": true, ""trial_required_tool_ids"": [19, 34]}"
2026-09-03T16:49:58.099-04:00,sandeep,language,part_selection,language,r1_bearing_right,Row 1.1: bearing into right stand,ready,2,15,34,BEARINGS,6.841550,16.268703,,,,,,,,,,,,,,,1,,,,,,"{""acquired_tool_ids"": [19, 34], ""acquisition_complete"": false, ""completed_steps"": [""r1_gear_rod""], ""head_rotation_deg"": null, ""head_translation_m"": null, ""left_hand_translation_m"": null, ""removed_tool_ids"": [14, 26], ""right_hand_translation_m"": null, ""selected_step"": ""r1_bearing_right"", ""step_attempt"": 2, ""step_elapsed_s"": 16.268767661007587, ""step_event_index"": 15, ""total_hand_translation_m"": null, ""trial_finished_elapsed_s"": null, ""trial_recording"": true, ""trial_required_tool_ids"": [19, 34]}"
2026-09-03T16:49:58.111-04:00,sandeep,language,object_acquired,language,r1_bearing_right,Row 1.1: bearing into right stand,ready,2,16,34,BEARINGS,6.841550,16.268703,,,,,,,,,,,,,,,1,,,,,,"{""acquired_tool_ids"": [19, 34], ""acquisition_complete"": false, ""completed_steps"": [""r1_gear_rod""], ""head_rotation_deg"": null, ""head_translation_m"": null, ""left_hand_translation_m"": null, ""removed_tool_ids"": [14, 26], ""right_hand_translation_m"": null, ""selected_step"": ""r1_bearing_right"", ""step_attempt"": 2, ""step_elapsed_s"": 16.280605531996116, ""step_event_index"": 16, ""total_hand_translation_m"": null, ""trial_finished_elapsed_s"": null, ""trial_recording"": true, ""trial_required_tool_ids"": [19, 34]}"
2026-09-03T16:49:58.140-04:00,sandeep,language,step_acquisition_complete,language,r1_bearing_right,Row 1.1: bearing into right stand,ready,2,17,,,,16.308467,0.000000,0.000000,0.000000,0.000000,0.000000,0.000000,0.000000,0.000000,0.000000,0,0,0.000000,0.000000,0.000000,,,,,,,"{""acquired_tool_ids"": [19, 34], ""acquisition_complete"": true, ""any_hover_time_s"": 0.0, ""completed_steps"": [""r1_gear_rod""], ""head_rotation_deg"": 0.0, ""head_translation_m"": 0.0, ""hover_time_percent"": 0.0, ""left_hand_translation_m"": 0.0, ""left_hover_episodes"": 0, ""left_hover_time_s"": 0.0, ""left_hover_translation_m"": 0.0, ""removed_tool_ids"": [14, 19, 26], ""right_hand_translation_m"": 0.0, ""right_hover_episodes"": 0, ""right_hover_time_s"": 0.0, ""right_hover_translation_m"": 0.0, ""selected_step"": ""r1_bearing_right"", ""step_attempt"": 2, ""step_elapsed_s"": 16.308467468013987, ""step_event_index"": 17, ""total_hand_translation_m"": 0.0, ""total_hover_translation_m"": 0.0, ""trial_finished_elapsed_s"": 16.308467468013987, ""trial_recording"": false, ""trial_required_tool_ids"": [19, 34]}"
2026-09-03T16:49:58.172-04:00,sandeep,language,graph_complete,,r1_bearing_right,Row 1.1: bearing into right stand,complete,2,18,,,,,,,,,,,,,,,,,,,,,,,,,"{""acquired_tool_ids"": [19, 34], ""acquisition_complete"": true, ""any_hover_time_s"": 0.0, ""completed_steps"": [""r1_gear_rod"", ""r1_bearing_right""], ""head_rotation_deg"": 0.0, ""head_translation_m"": 0.0, ""hover_time_percent"": 0.0, ""left_hand_translation_m"": 0.0, ""left_hover_episodes"": 0, ""left_hover_time_s"": 0.0, ""left_hover_translation_m"": 0.0, ""removed_tool_ids"": [14, 19, 26], ""right_hand_translation_m"": 0.0, ""right_hover_episodes"": 0, ""right_hover_time_s"": 0.0, ""right_hover_translation_m"": 0.0, ""selected_step"": ""r1_bearing_right"", ""step_attempt"": 2, ""step_elapsed_s"": 16.308467468013987, ""step_event_index"": 18, ""total_hand_translation_m"": 0.0, ""total_hover_translation_m"": 0.0, ""trial_finished_elapsed_s"": 16.308467468013987, ""trial_recording"": false, ""trial_required_tool_ids"": [19, 34]}"
2026-09-03T16:50:10.894-04:00,sandeep,language,step_started,keyboard,r1_bearing_left,Row 1.3: bearing into left stand,ready,3,1,,,,,,,,,,,,,,,,,,,,,,,,,"{""acquired_tool_ids"": [], ""acquisition_complete"": false, ""completed_steps"": [""r1_gear_rod"", ""r1_bearing_right""], ""head_rotation_deg"": null, ""head_translation_m"": null, ""left_hand_translation_m"": null, ""removed_tool_ids"": [14, 19, 26], ""right_hand_translation_m"": null, ""selected_step"": ""r1_bearing_left"", ""step_attempt"": 3, ""step_elapsed_s"": 0.000545723014511168, ""step_event_index"": 1, ""total_hand_translation_m"": null, ""trial_finished_elapsed_s"": null, ""trial_recording"": true, ""trial_required_tool_ids"": [18]}"
2026-09-03T16:50:15.564-04:00,sandeep,language,participant_speech_submitted,speech,r1_bearing_left,Row 1.3: bearing into left stand,ready,3,2,,,,4.670406,,,,,,,,,,,,,,,,left white gear stand,,,speech_proxy,,"{""acquired_tool_ids"": [], ""acquisition_complete"": false, ""completed_steps"": [""r1_gear_rod"", ""r1_bearing_right""], ""head_rotation_deg"": null, ""head_translation_m"": null, ""left_hand_translation_m"": null, ""removed_tool_ids"": [14, 19, 26], ""right_hand_translation_m"": null, ""selected_step"": ""r1_bearing_left"", ""step_attempt"": 3, ""step_elapsed_s"": 4.670427347009536, ""step_event_index"": 2, ""total_hand_translation_m"": null, ""trial_finished_elapsed_s"": null, ""trial_recording"": true, ""trial_required_tool_ids"": [18]}"
2026-09-03T16:50:15.598-04:00,sandeep,language,vlm_request_submitted,speech,r1_bearing_left,Row 1.3: bearing into left stand,ready,3,3,,,,4.704091,,,,,,,,,,,,,,,,left white gear stand,,,speech_proxy,,"{""acquired_tool_ids"": [], ""acquisition_complete"": false, ""completed_steps"": [""r1_gear_rod"", ""r1_bearing_right""], ""head_rotation_deg"": null, ""head_translation_m"": null, ""left_hand_translation_m"": null, ""removed_tool_ids"": [14, 19, 26], ""right_hand_translation_m"": null, ""selected_step"": ""r1_bearing_left"", ""step_attempt"": 3, ""step_elapsed_s"": 4.704106951016001, ""step_event_index"": 3, ""total_hand_translation_m"": null, ""trial_finished_elapsed_s"": null, ""trial_recording"": true, ""trial_required_tool_ids"": [18]}"
2026-09-03T16:50:18.631-04:00,sandeep,language,vlm_inference_completed,lifecycle,r1_bearing_left,Row 1.3: bearing into left stand,ready,3,4,,,,7.736935,,,,,,,,,,,,,,,,left white gear stand,,,STAND_ROW1_LEFT,,"{""acquired_tool_ids"": [], ""acquisition_complete"": false, ""completed_steps"": [""r1_gear_rod"", ""r1_bearing_right""], ""head_rotation_deg"": null, ""head_translation_m"": null, ""left_hand_translation_m"": null, ""removed_tool_ids"": [14, 19, 26], ""right_hand_translation_m"": null, ""selected_step"": ""r1_bearing_left"", ""step_attempt"": 3, ""step_elapsed_s"": 7.736945039010607, ""step_event_index"": 4, ""total_hand_translation_m"": null, ""trial_finished_elapsed_s"": null, ""trial_recording"": true, ""trial_required_tool_ids"": [18]}"
2026-09-03T16:50:18.689-04:00,sandeep,language,vlm_interaction,language,r1_bearing_left,Row 1.3: bearing into left stand,ready,3,5,,,,,,,,,,,,,,,,,,,,left white gear stand,STAND_ROW1_LEFT,"{""intent"":""part_reference"",""part_action"":""reference"",""reference_relation"":""direct"",""step_scope"":"""",""target"":""STAND_ROW1_LEFT"",""candidates"":[],""exclude_labels"":[]}",language_grounded,I identified and highlighted the Row 1 left stand.,"{""acquired_tool_ids"": [], ""acquisition_complete"": false, ""completed_steps"": [""r1_gear_rod"", ""r1_bearing_right""], ""head_rotation_deg"": null, ""head_translation_m"": null, ""left_hand_translation_m"": null, ""removed_tool_ids"": [14, 19, 26], ""right_hand_translation_m"": null, ""selected_step"": ""r1_bearing_left"", ""step_attempt"": 3, ""step_elapsed_s"": 7.794964029977564, ""step_event_index"": 5, ""total_hand_translation_m"": null, ""trial_finished_elapsed_s"": null, ""trial_recording"": true, ""trial_required_tool_ids"": [18]}"
2026-09-03T16:50:18.727-04:00,sandeep,language,part_selection,language,r1_bearing_left,Row 1.3: bearing into left stand,ready,3,6,18,GEAR_STAND_ROW1_LEFT,7.833468,7.833468,,,,,,,,,,,,,,,1,,,,,,"{""acquired_tool_ids"": [18], ""acquisition_complete"": false, ""completed_steps"": [""r1_gear_rod"", ""r1_bearing_right""], ""head_rotation_deg"": null, ""head_translation_m"": null, ""left_hand_translation_m"": null, ""removed_tool_ids"": [14, 19, 26], ""right_hand_translation_m"": null, ""selected_step"": ""r1_bearing_left"", ""step_attempt"": 3, ""step_elapsed_s"": 7.833524209971074, ""step_event_index"": 6, ""total_hand_translation_m"": null, ""trial_finished_elapsed_s"": null, ""trial_recording"": true, ""trial_required_tool_ids"": [18]}"
2026-09-03T16:50:18.739-04:00,sandeep,language,object_acquired,language,r1_bearing_left,Row 1.3: bearing into left stand,ready,3,7,18,GEAR_STAND_ROW1_LEFT,7.833468,7.833468,,,,,,,,,,,,,,,1,,,,,,"{""acquired_tool_ids"": [18], ""acquisition_complete"": false, ""completed_steps"": [""r1_gear_rod"", ""r1_bearing_right""], ""head_rotation_deg"": null, ""head_translation_m"": null, ""left_hand_translation_m"": null, ""removed_tool_ids"": [14, 19, 26], ""right_hand_translation_m"": null, ""selected_step"": ""r1_bearing_left"", ""step_attempt"": 3, ""step_elapsed_s"": 7.845100170990918, ""step_event_index"": 7, ""total_hand_translation_m"": null, ""trial_finished_elapsed_s"": null, ""trial_recording"": true, ""trial_required_tool_ids"": [18]}"
2026-09-03T16:50:18.774-04:00,sandeep,language,step_acquisition_complete,language,r1_bearing_left,Row 1.3: bearing into left stand,ready,3,8,,,,7.878880,0.000000,0.000000,0.000000,0.000000,0.000000,0.000000,0.000000,0.000000,0.000000,0,0,0.000000,0.000000,0.000000,,,,,,,"{""acquired_tool_ids"": [18], ""acquisition_complete"": true, ""any_hover_time_s"": 0.0, ""completed_steps"": [""r1_gear_rod"", ""r1_bearing_right""], ""head_rotation_deg"": 0.0, ""head_translation_m"": 0.0, ""hover_time_percent"": 0.0, ""left_hand_translation_m"": 0.0, ""left_hover_episodes"": 0, ""left_hover_time_s"": 0.0, ""left_hover_translation_m"": 0.0, ""removed_tool_ids"": [14, 18, 19, 26], ""right_hand_translation_m"": 0.0, ""right_hover_episodes"": 0, ""right_hover_time_s"": 0.0, ""right_hover_translation_m"": 0.0, ""selected_step"": ""r1_bearing_left"", ""step_attempt"": 3, ""step_elapsed_s"": 7.8788797369925305, ""step_event_index"": 8, ""total_hand_translation_m"": 0.0, ""total_hover_translation_m"": 0.0, ""trial_finished_elapsed_s"": 7.8788797369925305, ""trial_recording"": false, ""trial_required_tool_ids"": [18]}"
2026-09-03T16:50:18.794-04:00,sandeep,language,graph_complete,,r1_bearing_left,Row 1.3: bearing into left stand,complete,3,9,,,,,,,,,,,,,,,,,,,,,,,,,"{""acquired_tool_ids"": [18], ""acquisition_complete"": true, ""any_hover_time_s"": 0.0, ""completed_steps"": [""r1_gear_rod"", ""r1_bearing_right"", ""r1_bearing_left""], ""head_rotation_deg"": 0.0, ""head_translation_m"": 0.0, ""hover_time_percent"": 0.0, ""left_hand_translation_m"": 0.0, ""left_hover_episodes"": 0, ""left_hover_time_s"": 0.0, ""left_hover_translation_m"": 0.0, ""removed_tool_ids"": [14, 18, 19, 26], ""right_hand_translation_m"": 0.0, ""right_hover_episodes"": 0, ""right_hover_time_s"": 0.0, ""right_hover_translation_m"": 0.0, ""selected_step"": ""r1_bearing_left"", ""step_attempt"": 3, ""step_elapsed_s"": 7.8788797369925305, ""step_event_index"": 9, ""total_hand_translation_m"": 0.0, ""total_hover_translation_m"": 0.0, ""trial_finished_elapsed_s"": 7.8788797369925305, ""trial_recording"": false, ""trial_required_tool_ids"": [18]}"
2026-09-03T16:50:28.168-04:00,sandeep,language,step_started,keyboard,r2_bearing_right,Row 2.1: bearing into right stand,ready,4,1,,,,,,,,,,,,,,,,,,,,,,,,,"{""acquired_tool_ids"": [], ""acquisition_complete"": false, ""completed_steps"": [""r1_gear_rod"", ""r1_bearing_right"", ""r1_bearing_left""], ""head_rotation_deg"": null, ""head_translation_m"": null, ""left_hand_translation_m"": null, ""removed_tool_ids"": [14, 18, 19, 26], ""right_hand_translation_m"": null, ""selected_step"": ""r2_bearing_right"", ""step_attempt"": 4, ""step_elapsed_s"": 0.0007038319599814713, ""step_event_index"": 1, ""total_hand_translation_m"": null, ""trial_finished_elapsed_s"": null, ""trial_recording"": true, ""trial_required_tool_ids"": [21, 34]}"
2026-09-03T16:50:34.238-04:00,sandeep,language,participant_speech_submitted,speech,r2_bearing_right,Row 2.1: bearing into right stand,ready,4,2,,,,6.070322,,,,,,,,,,,,,,,,red right geartsand,,,speech_proxy,,"{""acquired_tool_ids"": [], ""acquisition_complete"": false, ""completed_steps"": [""r1_gear_rod"", ""r1_bearing_right"", ""r1_bearing_left""], ""head_rotation_deg"": null, ""head_translation_m"": null, ""left_hand_translation_m"": null, ""removed_tool_ids"": [14, 18, 19, 26], ""right_hand_translation_m"": null, ""selected_step"": ""r2_bearing_right"", ""step_attempt"": 4, ""step_elapsed_s"": 6.070338397985324, ""step_event_index"": 2, ""total_hand_translation_m"": null, ""trial_finished_elapsed_s"": null, ""trial_recording"": true, ""trial_required_tool_ids"": [21, 34]}"
2026-09-03T16:50:34.280-04:00,sandeep,language,vlm_request_submitted,speech,r2_bearing_right,Row 2.1: bearing into right stand,ready,4,3,,,,6.112750,,,,,,,,,,,,,,,,red right geartsand,,,speech_proxy,,"{""acquired_tool_ids"": [], ""acquisition_complete"": false, ""completed_steps"": [""r1_gear_rod"", ""r1_bearing_right"", ""r1_bearing_left""], ""head_rotation_deg"": null, ""head_translation_m"": null, ""left_hand_translation_m"": null, ""removed_tool_ids"": [14, 18, 19, 26], ""right_hand_translation_m"": null, ""selected_step"": ""r2_bearing_right"", ""step_attempt"": 4, ""step_elapsed_s"": 6.112765273952391, ""step_event_index"": 3, ""total_hand_translation_m"": null, ""trial_finished_elapsed_s"": null, ""trial_recording"": true, ""trial_required_tool_ids"": [21, 34]}"
2026-09-03T16:50:40.073-04:00,sandeep,language,vlm_inference_completed,lifecycle,r2_bearing_right,Row 2.1: bearing into right stand,ready,4,4,,,,11.905710,,,,,,,,,,,,,,,,red right geartsand,,,AMBIGUOUS,,"{""acquired_tool_ids"": [], ""acquisition_complete"": false, ""completed_steps"": [""r1_gear_rod"", ""r1_bearing_right"", ""r1_bearing_left""], ""head_rotation_deg"": null, ""head_translation_m"": null, ""left_hand_translation_m"": null, ""removed_tool_ids"": [14, 18, 19, 26], ""right_hand_translation_m"": null, ""selected_step"": ""r2_bearing_right"", ""step_attempt"": 4, ""step_elapsed_s"": 11.905719614995178, ""step_event_index"": 4, ""total_hand_translation_m"": null, ""trial_finished_elapsed_s"": null, ""trial_recording"": true, ""trial_required_tool_ids"": [21, 34]}"
2026-09-03T16:50:40.123-04:00,sandeep,language,vlm_interaction,language,r2_bearing_right,Row 2.1: bearing into right stand,ready,4,5,,,,,,,,,,,,,,,,,,,,red right geartsand,AMBIGUOUS,"{""intent"":""part_reference"",""part_action"":""reference"",""reference_relation"":""direct"",""step_scope"":"""",""target"":""AMBIGUOUS"",""candidates"":[""BEARING_STAND_ROW2_RIGHT_ASSEMBLY"",""GEAR_ROD_ROW2_ASSEMBLY"",""BEARING_STAND_ROW2_LEFT_ASSEMBLY"",""FASTENED_STAND_ROW2_RIGHT_ASSEMBLY"",""UNFASTENED_SECOND_STAND_ROW2_ASSEMBLY"",""MOUNTED_ROW2_ASSEMBLY""],""exclude_labels"":[]}",language_ambiguous,"Which gear do you mean? Please give its row, color, size, or position.","{""acquired_tool_ids"": [], ""acquisition_complete"": false, ""completed_steps"": [""r1_gear_rod"", ""r1_bearing_right"", ""r1_bearing_left""], ""head_rotation_deg"": null, ""head_translation_m"": null, ""left_hand_translation_m"": null, ""removed_tool_ids"": [14, 18, 19, 26], ""right_hand_translation_m"": null, ""selected_step"": ""r2_bearing_right"", ""step_attempt"": 4, ""step_elapsed_s"": 11.95551068696659, ""step_event_index"": 5, ""total_hand_translation_m"": null, ""trial_finished_elapsed_s"": null, ""trial_recording"": true, ""trial_required_tool_ids"": [21, 34]}"
2026-09-03T16:50:46.229-04:00,sandeep,language,participant_speech_submitted,speech,r2_bearing_right,Row 2.1: bearing into right stand,ready,4,6,,,,18.060957,,,,,,,,,,,,,,,,red right gearstand,,,speech_proxy,,"{""acquired_tool_ids"": [], ""acquisition_complete"": false, ""completed_steps"": [""r1_gear_rod"", ""r1_bearing_right"", ""r1_bearing_left""], ""head_rotation_deg"": null, ""head_translation_m"": null, ""left_hand_translation_m"": null, ""removed_tool_ids"": [14, 18, 19, 26], ""right_hand_translation_m"": null, ""selected_step"": ""r2_bearing_right"", ""step_attempt"": 4, ""step_elapsed_s"": 18.060974218999036, ""step_event_index"": 6, ""total_hand_translation_m"": null, ""trial_finished_elapsed_s"": null, ""trial_recording"": true, ""trial_required_tool_ids"": [21, 34]}"
2026-09-03T16:50:46.254-04:00,sandeep,language,vlm_request_submitted,speech,r2_bearing_right,Row 2.1: bearing into right stand,ready,4,7,,,,18.086463,,,,,,,,,,,,,,,,red right gearstand,,,speech_proxy,,"{""acquired_tool_ids"": [], ""acquisition_complete"": false, ""completed_steps"": [""r1_gear_rod"", ""r1_bearing_right"", ""r1_bearing_left""], ""head_rotation_deg"": null, ""head_translation_m"": null, ""left_hand_translation_m"": null, ""removed_tool_ids"": [14, 18, 19, 26], ""right_hand_translation_m"": null, ""selected_step"": ""r2_bearing_right"", ""step_attempt"": 4, ""step_elapsed_s"": 18.086478676996194, ""step_event_index"": 7, ""total_hand_translation_m"": null, ""trial_finished_elapsed_s"": null, ""trial_recording"": true, ""trial_required_tool_ids"": [21, 34]}"
2026-09-03T16:50:49.328-04:00,sandeep,language,vlm_inference_completed,lifecycle,r2_bearing_right,Row 2.1: bearing into right stand,ready,4,8,,,,21.160100,,,,,,,,,,,,,,,,red right gearstand,,,STAND_ROW2_RIGHT,,"{""acquired_tool_ids"": [], ""acquisition_complete"": false, ""completed_steps"": [""r1_gear_rod"", ""r1_bearing_right"", ""r1_bearing_left""], ""head_rotation_deg"": null, ""head_translation_m"": null, ""left_hand_translation_m"": null, ""removed_tool_ids"": [14, 18, 19, 26], ""right_hand_translation_m"": null, ""selected_step"": ""r2_bearing_right"", ""step_attempt"": 4, ""step_elapsed_s"": 21.160109290969558, ""step_event_index"": 8, ""total_hand_translation_m"": null, ""trial_finished_elapsed_s"": null, ""trial_recording"": true, ""trial_required_tool_ids"": [21, 34]}"
2026-09-03T16:50:49.363-04:00,sandeep,language,vlm_interaction,language,r2_bearing_right,Row 2.1: bearing into right stand,ready,4,9,,,,,,,,,,,,,,,,,,,,red right gearstand,STAND_ROW2_RIGHT,"{""intent"":""part_reference"",""part_action"":""reference"",""reference_relation"":""direct"",""step_scope"":"""",""target"":""STAND_ROW2_RIGHT"",""candidates"":[],""exclude_labels"":[]}",language_grounded,I identified and highlighted the Row 2 right stand.,"{""acquired_tool_ids"": [], ""acquisition_complete"": false, ""completed_steps"": [""r1_gear_rod"", ""r1_bearing_right"", ""r1_bearing_left""], ""head_rotation_deg"": null, ""head_translation_m"": null, ""left_hand_translation_m"": null, ""removed_tool_ids"": [14, 18, 19, 26], ""right_hand_translation_m"": null, ""selected_step"": ""r2_bearing_right"", ""step_attempt"": 4, ""step_elapsed_s"": 21.195755841967184, ""step_event_index"": 9, ""total_hand_translation_m"": null, ""trial_finished_elapsed_s"": null, ""trial_recording"": true, ""trial_required_tool_ids"": [21, 34]}"
2026-09-03T16:50:49.415-04:00,sandeep,language,part_selection,language,r2_bearing_right,Row 2.1: bearing into right stand,ready,4,10,21,GEAR_STAND_ROW2_RIGHT,21.246780,21.246780,,,,,,,,,,,,,,,1,,,,,,"{""acquired_tool_ids"": [21], ""acquisition_complete"": false, ""completed_steps"": [""r1_gear_rod"", ""r1_bearing_right"", ""r1_bearing_left""], ""head_rotation_deg"": null, ""head_translation_m"": null, ""left_hand_translation_m"": null, ""removed_tool_ids"": [14, 18, 19, 26], ""right_hand_translation_m"": null, ""selected_step"": ""r2_bearing_right"", ""step_attempt"": 4, ""step_elapsed_s"": 21.246839458006434, ""step_event_index"": 10, ""total_hand_translation_m"": null, ""trial_finished_elapsed_s"": null, ""trial_recording"": true, ""trial_required_tool_ids"": [21, 34]}"
2026-09-03T16:50:49.443-04:00,sandeep,language,object_acquired,language,r2_bearing_right,Row 2.1: bearing into right stand,ready,4,11,21,GEAR_STAND_ROW2_RIGHT,21.246780,21.246780,,,,,,,,,,,,,,,1,,,,,,"{""acquired_tool_ids"": [21], ""acquisition_complete"": false, ""completed_steps"": [""r1_gear_rod"", ""r1_bearing_right"", ""r1_bearing_left""], ""head_rotation_deg"": null, ""head_translation_m"": null, ""left_hand_translation_m"": null, ""removed_tool_ids"": [14, 18, 19, 26], ""right_hand_translation_m"": null, ""selected_step"": ""r2_bearing_right"", ""step_attempt"": 4, ""step_elapsed_s"": 21.275256106979214, ""step_event_index"": 11, ""total_hand_translation_m"": null, ""trial_finished_elapsed_s"": null, ""trial_recording"": true, ""trial_required_tool_ids"": [21, 34]}"
2026-09-03T16:50:49.467-04:00,sandeep,language,tts_queued,lifecycle,r2_bearing_right,Row 2.1: bearing into right stand,ready,4,12,,,,21.299383,,,,,,,,,,,,,,,,1 part left.,,,replace,,"{""acquired_tool_ids"": [21], ""acquisition_complete"": false, ""completed_steps"": [""r1_gear_rod"", ""r1_bearing_right"", ""r1_bearing_left""], ""head_rotation_deg"": null, ""head_translation_m"": null, ""left_hand_translation_m"": null, ""removed_tool_ids"": [14, 18, 19, 26], ""right_hand_translation_m"": null, ""selected_step"": ""r2_bearing_right"", ""step_attempt"": 4, ""step_elapsed_s"": 21.299392664979678, ""step_event_index"": 12, ""total_hand_translation_m"": null, ""trial_finished_elapsed_s"": null, ""trial_recording"": true, ""trial_required_tool_ids"": [21, 34]}"
2026-09-03T16:50:49.503-04:00,sandeep,language,tts_started,lifecycle,r2_bearing_right,Row 2.1: bearing into right stand,ready,4,13,,,,21.334824,,,,,,,,,,,,,,,,1 part left.,,,,,"{""acquired_tool_ids"": [21], ""acquisition_complete"": false, ""completed_steps"": [""r1_gear_rod"", ""r1_bearing_right"", ""r1_bearing_left""], ""head_rotation_deg"": null, ""head_translation_m"": null, ""left_hand_translation_m"": null, ""removed_tool_ids"": [14, 18, 19, 26], ""right_hand_translation_m"": null, ""selected_step"": ""r2_bearing_right"", ""step_attempt"": 4, ""step_elapsed_s"": 21.3348359829979, ""step_event_index"": 13, ""total_hand_translation_m"": null, ""trial_finished_elapsed_s"": null, ""trial_recording"": true, ""trial_required_tool_ids"": [21, 34]}"
2026-09-03T16:50:50.912-04:00,sandeep,language,tts_finished,lifecycle,r2_bearing_right,Row 2.1: bearing into right stand,ready,4,14,,,,22.744020,,,,,,,,,,,,,,,,1 part left.,,,,,"{""acquired_tool_ids"": [21], ""acquisition_complete"": false, ""completed_steps"": [""r1_gear_rod"", ""r1_bearing_right"", ""r1_bearing_left""], ""head_rotation_deg"": null, ""head_translation_m"": null, ""left_hand_translation_m"": null, ""removed_tool_ids"": [14, 18, 19, 26], ""right_hand_translation_m"": null, ""selected_step"": ""r2_bearing_right"", ""step_attempt"": 4, ""step_elapsed_s"": 22.744029868976213, ""step_event_index"": 14, ""total_hand_translation_m"": null, ""trial_finished_elapsed_s"": null, ""trial_recording"": true, ""trial_required_tool_ids"": [21, 34]}"
2026-09-03T16:50:52.463-04:00,sandeep,language,participant_speech_submitted,speech,r2_bearing_right,Row 2.1: bearing into right stand,ready,4,15,,,,24.295647,,,,,,,,,,,,,,,,bearing,,,speech_proxy,,"{""acquired_tool_ids"": [21], ""acquisition_complete"": false, ""completed_steps"": [""r1_gear_rod"", ""r1_bearing_right"", ""r1_bearing_left""], ""head_rotation_deg"": null, ""head_translation_m"": null, ""left_hand_translation_m"": null, ""removed_tool_ids"": [14, 18, 19, 26], ""right_hand_translation_m"": null, ""selected_step"": ""r2_bearing_right"", ""step_attempt"": 4, ""step_elapsed_s"": 24.29566767497454, ""step_event_index"": 15, ""total_hand_translation_m"": null, ""trial_finished_elapsed_s"": null, ""trial_recording"": true, ""trial_required_tool_ids"": [21, 34]}"
2026-09-03T16:50:52.496-04:00,sandeep,language,vlm_request_submitted,speech,r2_bearing_right,Row 2.1: bearing into right stand,ready,4,16,,,,24.327918,,,,,,,,,,,,,,,,bearing,,,speech_proxy,,"{""acquired_tool_ids"": [21], ""acquisition_complete"": false, ""completed_steps"": [""r1_gear_rod"", ""r1_bearing_right"", ""r1_bearing_left""], ""head_rotation_deg"": null, ""head_translation_m"": null, ""left_hand_translation_m"": null, ""removed_tool_ids"": [14, 18, 19, 26], ""right_hand_translation_m"": null, ""selected_step"": ""r2_bearing_right"", ""step_attempt"": 4, ""step_elapsed_s"": 24.327932371990755, ""step_event_index"": 16, ""total_hand_translation_m"": null, ""trial_finished_elapsed_s"": null, ""trial_recording"": true, ""trial_required_tool_ids"": [21, 34]}"
2026-09-03T16:50:55.432-04:00,sandeep,language,vlm_inference_completed,lifecycle,r2_bearing_right,Row 2.1: bearing into right stand,ready,4,17,,,,27.263906,,,,,,,,,,,,,,,,bearing,,,BEARING,,"{""acquired_tool_ids"": [21], ""acquisition_complete"": false, ""completed_steps"": [""r1_gear_rod"", ""r1_bearing_right"", ""r1_bearing_left""], ""head_rotation_deg"": null, ""head_translation_m"": null, ""left_hand_translation_m"": null, ""removed_tool_ids"": [14, 18, 19, 26], ""right_hand_translation_m"": null, ""selected_step"": ""r2_bearing_right"", ""step_attempt"": 4, ""step_elapsed_s"": 27.26391605596291, ""step_event_index"": 17, ""total_hand_translation_m"": null, ""trial_finished_elapsed_s"": null, ""trial_recording"": true, ""trial_required_tool_ids"": [21, 34]}"
2026-09-03T16:50:55.464-04:00,sandeep,language,vlm_interaction,language,r2_bearing_right,Row 2.1: bearing into right stand,ready,4,18,,,,,,,,,,,,,,,,,,,,bearing,BEARING,"{""intent"":""part_reference"",""part_action"":""reference"",""reference_relation"":""direct"",""step_scope"":"""",""target"":""BEARING"",""candidates"":[],""exclude_labels"":[]}",language_grounded,I identified and highlighted the bearing.,"{""acquired_tool_ids"": [21], ""acquisition_complete"": false, ""completed_steps"": [""r1_gear_rod"", ""r1_bearing_right"", ""r1_bearing_left""], ""head_rotation_deg"": null, ""head_translation_m"": null, ""left_hand_translation_m"": null, ""removed_tool_ids"": [14, 18, 19, 26], ""right_hand_translation_m"": null, ""selected_step"": ""r2_bearing_right"", ""step_attempt"": 4, ""step_elapsed_s"": 27.29625993600348, ""step_event_index"": 18, ""total_hand_translation_m"": null, ""trial_finished_elapsed_s"": null, ""trial_recording"": true, ""trial_required_tool_ids"": [21, 34]}"
2026-09-03T16:50:55.479-04:00,sandeep,language,part_selection,language,r2_bearing_right,Row 2.1: bearing into right stand,ready,4,19,34,BEARINGS,6.064469,27.311250,,,,,,,,,,,,,,,1,,,,,,"{""acquired_tool_ids"": [21, 34], ""acquisition_complete"": false, ""completed_steps"": [""r1_gear_rod"", ""r1_bearing_right"", ""r1_bearing_left""], ""head_rotation_deg"": null, ""head_translation_m"": null, ""left_hand_translation_m"": null, ""removed_tool_ids"": [14, 18, 19, 26], ""right_hand_translation_m"": null, ""selected_step"": ""r2_bearing_right"", ""step_attempt"": 4, ""step_elapsed_s"": 27.311314015998505, ""step_event_index"": 19, ""total_hand_translation_m"": null, ""trial_finished_elapsed_s"": null, ""trial_recording"": true, ""trial_required_tool_ids"": [21, 34]}"
2026-09-03T16:50:55.501-04:00,sandeep,language,object_acquired,language,r2_bearing_right,Row 2.1: bearing into right stand,ready,4,20,34,BEARINGS,6.064469,27.311250,,,,,,,,,,,,,,,1,,,,,,"{""acquired_tool_ids"": [21, 34], ""acquisition_complete"": false, ""completed_steps"": [""r1_gear_rod"", ""r1_bearing_right"", ""r1_bearing_left""], ""head_rotation_deg"": null, ""head_translation_m"": null, ""left_hand_translation_m"": null, ""removed_tool_ids"": [14, 18, 19, 26], ""right_hand_translation_m"": null, ""selected_step"": ""r2_bearing_right"", ""step_attempt"": 4, ""step_elapsed_s"": 27.33300948800752, ""step_event_index"": 20, ""total_hand_translation_m"": null, ""trial_finished_elapsed_s"": null, ""trial_recording"": true, ""trial_required_tool_ids"": [21, 34]}"
2026-09-03T16:50:55.513-04:00,sandeep,language,step_acquisition_complete,language,r2_bearing_right,Row 2.1: bearing into right stand,ready,4,21,,,,27.344866,0.000000,0.000000,0.000000,0.000000,0.000000,0.000000,0.000000,0.000000,0.000000,0,0,0.000000,0.000000,0.000000,,,,,,,"{""acquired_tool_ids"": [21, 34], ""acquisition_complete"": true, ""any_hover_time_s"": 0.0, ""completed_steps"": [""r1_gear_rod"", ""r1_bearing_right"", ""r1_bearing_left""], ""head_rotation_deg"": 0.0, ""head_translation_m"": 0.0, ""hover_time_percent"": 0.0, ""left_hand_translation_m"": 0.0, ""left_hover_episodes"": 0, ""left_hover_time_s"": 0.0, ""left_hover_translation_m"": 0.0, ""removed_tool_ids"": [14, 18, 19, 21, 26], ""right_hand_translation_m"": 0.0, ""right_hover_episodes"": 0, ""right_hover_time_s"": 0.0, ""right_hover_translation_m"": 0.0, ""selected_step"": ""r2_bearing_right"", ""step_attempt"": 4, ""step_elapsed_s"": 27.34486635500798, ""step_event_index"": 21, ""total_hand_translation_m"": 0.0, ""total_hover_translation_m"": 0.0, ""trial_finished_elapsed_s"": 27.34486635500798, ""trial_recording"": false, ""trial_required_tool_ids"": [21, 34]}"
2026-09-03T16:50:55.528-04:00,sandeep,language,graph_complete,,r2_bearing_right,Row 2.1: bearing into right stand,complete,4,22,,,,,,,,,,,,,,,,,,,,,,,,,"{""acquired_tool_ids"": [21, 34], ""acquisition_complete"": true, ""any_hover_time_s"": 0.0, ""completed_steps"": [""r1_gear_rod"", ""r1_bearing_right"", ""r1_bearing_left"", ""r2_bearing_right""], ""head_rotation_deg"": 0.0, ""head_translation_m"": 0.0, ""hover_time_percent"": 0.0, ""left_hand_translation_m"": 0.0, ""left_hover_episodes"": 0, ""left_hover_time_s"": 0.0, ""left_hover_translation_m"": 0.0, ""removed_tool_ids"": [14, 18, 19, 21, 26], ""right_hand_translation_m"": 0.0, ""right_hover_episodes"": 0, ""right_hover_time_s"": 0.0, ""right_hover_translation_m"": 0.0, ""selected_step"": ""r2_bearing_right"", ""step_attempt"": 4, ""step_elapsed_s"": 27.34486635500798, ""step_event_index"": 22, ""total_hand_translation_m"": 0.0, ""total_hover_translation_m"": 0.0, ""trial_finished_elapsed_s"": 27.34486635500798, ""trial_recording"": false, ""trial_required_tool_ids"": [21, 34]}"
2026-09-03T16:51:17.559-04:00,sandeep,language,step_started,keyboard,r2_gear_rod,Row 2.2: assemble gear rod,ready,5,1,,,,,,,,,,,,,,,,,,,,,,,,,"{""acquired_tool_ids"": [], ""acquisition_complete"": false, ""completed_steps"": [""r1_gear_rod"", ""r1_bearing_right"", ""r1_bearing_left"", ""r2_bearing_right""], ""head_rotation_deg"": null, ""head_translation_m"": null, ""left_hand_translation_m"": null, ""removed_tool_ids"": [14, 18, 19, 21, 26], ""right_hand_translation_m"": null, ""selected_step"": ""r2_gear_rod"", ""step_attempt"": 5, ""step_elapsed_s"": 0.0009376840316690505, ""step_event_index"": 1, ""total_hand_translation_m"": null, ""trial_finished_elapsed_s"": null, ""trial_recording"": true, ""trial_required_tool_ids"": [15, 27, 28, 33]}"
2026-09-03T16:51:20.760-04:00,sandeep,language,participant_speech_submitted,speech,r2_gear_rod,Row 2.2: assemble gear rod,ready,5,2,,,,3.202323,,,,,,,,,,,,,,,,red gear rod,,,speech_proxy,,"{""acquired_tool_ids"": [], ""acquisition_complete"": false, ""completed_steps"": [""r1_gear_rod"", ""r1_bearing_right"", ""r1_bearing_left"", ""r2_bearing_right""], ""head_rotation_deg"": null, ""head_translation_m"": null, ""left_hand_translation_m"": null, ""removed_tool_ids"": [14, 18, 19, 21, 26], ""right_hand_translation_m"": null, ""selected_step"": ""r2_gear_rod"", ""step_attempt"": 5, ""step_elapsed_s"": 3.2023409079993144, ""step_event_index"": 2, ""total_hand_translation_m"": null, ""trial_finished_elapsed_s"": null, ""trial_recording"": true, ""trial_required_tool_ids"": [15, 27, 28, 33]}"
2026-09-03T16:51:20.794-04:00,sandeep,language,vlm_request_submitted,speech,r2_gear_rod,Row 2.2: assemble gear rod,ready,5,3,,,,3.235540,,,,,,,,,,,,,,,,red gear rod,,,speech_proxy,,"{""acquired_tool_ids"": [], ""acquisition_complete"": false, ""completed_steps"": [""r1_gear_rod"", ""r1_bearing_right"", ""r1_bearing_left"", ""r2_bearing_right""], ""head_rotation_deg"": null, ""head_translation_m"": null, ""left_hand_translation_m"": null, ""removed_tool_ids"": [14, 18, 19, 21, 26], ""right_hand_translation_m"": null, ""selected_step"": ""r2_gear_rod"", ""step_attempt"": 5, ""step_elapsed_s"": 3.235552527010441, ""step_event_index"": 3, ""total_hand_translation_m"": null, ""trial_finished_elapsed_s"": null, ""trial_recording"": true, ""trial_required_tool_ids"": [15, 27, 28, 33]}"
2026-09-03T16:51:23.911-04:00,sandeep,language,vlm_inference_completed,lifecycle,r2_gear_rod,Row 2.2: assemble gear rod,ready,5,4,,,,6.353478,,,,,,,,,,,,,,,,red gear rod,,,GEAR_ROD_ROW2,,"{""acquired_tool_ids"": [], ""acquisition_complete"": false, ""completed_steps"": [""r1_gear_rod"", ""r1_bearing_right"", ""r1_bearing_left"", ""r2_bearing_right""], ""head_rotation_deg"": null, ""head_translation_m"": null, ""left_hand_translation_m"": null, ""removed_tool_ids"": [14, 18, 19, 21, 26], ""right_hand_translation_m"": null, ""selected_step"": ""r2_gear_rod"", ""step_attempt"": 5, ""step_elapsed_s"": 6.353487553016748, ""step_event_index"": 4, ""total_hand_translation_m"": null, ""trial_finished_elapsed_s"": null, ""trial_recording"": true, ""trial_required_tool_ids"": [15, 27, 28, 33]}"
2026-09-03T16:51:23.955-04:00,sandeep,language,vlm_interaction,language,r2_gear_rod,Row 2.2: assemble gear rod,ready,5,5,,,,,,,,,,,,,,,,,,,,red gear rod,GEAR_ROD_ROW2,"{""intent"":""part_reference"",""part_action"":""reference"",""reference_relation"":""direct"",""step_scope"":"""",""target"":""GEAR_ROD_ROW2"",""candidates"":[],""exclude_labels"":[]}",language_grounded,I identified and highlighted the Row 2 gear rod.,"{""acquired_tool_ids"": [], ""acquisition_complete"": false, ""completed_steps"": [""r1_gear_rod"", ""r1_bearing_right"", ""r1_bearing_left"", ""r2_bearing_right""], ""head_rotation_deg"": null, ""head_translation_m"": null, ""left_hand_translation_m"": null, ""removed_tool_ids"": [14, 18, 19, 21, 26], ""right_hand_translation_m"": null, ""selected_step"": ""r2_gear_rod"", ""step_attempt"": 5, ""step_elapsed_s"": 6.397182704997249, ""step_event_index"": 5, ""total_hand_translation_m"": null, ""trial_finished_elapsed_s"": null, ""trial_recording"": true, ""trial_required_tool_ids"": [15, 27, 28, 33]}"
2026-09-03T16:51:23.991-04:00,sandeep,language,part_selection,language,r2_gear_rod,Row 2.2: assemble gear rod,ready,5,6,15,GEAR_ROD_ROW2,6.433009,6.433009,,,,,,,,,,,,,,,1,,,,,,"{""acquired_tool_ids"": [15], ""acquisition_complete"": false, ""completed_steps"": [""r1_gear_rod"", ""r1_bearing_right"", ""r1_bearing_left"", ""r2_bearing_right""], ""head_rotation_deg"": null, ""head_translation_m"": null, ""left_hand_translation_m"": null, ""removed_tool_ids"": [14, 18, 19, 21, 26], ""right_hand_translation_m"": null, ""selected_step"": ""r2_gear_rod"", ""step_attempt"": 5, ""step_elapsed_s"": 6.433053512009792, ""step_event_index"": 6, ""total_hand_translation_m"": null, ""trial_finished_elapsed_s"": null, ""trial_recording"": true, ""trial_required_tool_ids"": [15, 27, 28, 33]}"
2026-09-03T16:51:24.005-04:00,sandeep,language,object_acquired,language,r2_gear_rod,Row 2.2: assemble gear rod,ready,5,7,15,GEAR_ROD_ROW2,6.433009,6.433009,,,,,,,,,,,,,,,1,,,,,,"{""acquired_tool_ids"": [15], ""acquisition_complete"": false, ""completed_steps"": [""r1_gear_rod"", ""r1_bearing_right"", ""r1_bearing_left"", ""r2_bearing_right""], ""head_rotation_deg"": null, ""head_translation_m"": null, ""left_hand_translation_m"": null, ""removed_tool_ids"": [14, 18, 19, 21, 26], ""right_hand_translation_m"": null, ""selected_step"": ""r2_gear_rod"", ""step_attempt"": 5, ""step_elapsed_s"": 6.446656732994597, ""step_event_index"": 7, ""total_hand_translation_m"": null, ""trial_finished_elapsed_s"": null, ""trial_recording"": true, ""trial_required_tool_ids"": [15, 27, 28, 33]}"
2026-09-03T16:51:24.042-04:00,sandeep,language,tts_queued,lifecycle,r2_gear_rod,Row 2.2: assemble gear rod,ready,5,8,,,,6.483826,,,,,,,,,,,,,,,,3 parts left.,,,replace,,"{""acquired_tool_ids"": [15], ""acquisition_complete"": false, ""completed_steps"": [""r1_gear_rod"", ""r1_bearing_right"", ""r1_bearing_left"", ""r2_bearing_right""], ""head_rotation_deg"": null, ""head_translation_m"": null, ""left_hand_translation_m"": null, ""removed_tool_ids"": [14, 18, 19, 21, 26], ""right_hand_translation_m"": null, ""selected_step"": ""r2_gear_rod"", ""step_attempt"": 5, ""step_elapsed_s"": 6.483835763996467, ""step_event_index"": 8, ""total_hand_translation_m"": null, ""trial_finished_elapsed_s"": null, ""trial_recording"": true, ""trial_required_tool_ids"": [15, 27, 28, 33]}"
2026-09-03T16:51:24.092-04:00,sandeep,language,tts_started,lifecycle,r2_gear_rod,Row 2.2: assemble gear rod,ready,5,9,,,,6.534293,,,,,,,,,,,,,,,,3 parts left.,,,,,"{""acquired_tool_ids"": [15], ""acquisition_complete"": false, ""completed_steps"": [""r1_gear_rod"", ""r1_bearing_right"", ""r1_bearing_left"", ""r2_bearing_right""], ""head_rotation_deg"": null, ""head_translation_m"": null, ""left_hand_translation_m"": null, ""removed_tool_ids"": [14, 18, 19, 21, 26], ""right_hand_translation_m"": null, ""selected_step"": ""r2_gear_rod"", ""step_attempt"": 5, ""step_elapsed_s"": 6.534310306014959, ""step_event_index"": 9, ""total_hand_translation_m"": null, ""trial_finished_elapsed_s"": null, ""trial_recording"": true, ""trial_required_tool_ids"": [15, 27, 28, 33]}"
2026-09-03T16:51:24.928-04:00,sandeep,language,participant_speech_submitted,speech,r2_gear_rod,Row 2.2: assemble gear rod,ready,5,10,,,,7.370331,,,,,,,,,,,,,,,,smaller red gear,,,speech_proxy,,"{""acquired_tool_ids"": [15], ""acquisition_complete"": false, ""completed_steps"": [""r1_gear_rod"", ""r1_bearing_right"", ""r1_bearing_left"", ""r2_bearing_right""], ""head_rotation_deg"": null, ""head_translation_m"": null, ""left_hand_translation_m"": null, ""removed_tool_ids"": [14, 18, 19, 21, 26], ""right_hand_translation_m"": null, ""selected_step"": ""r2_gear_rod"", ""step_attempt"": 5, ""step_elapsed_s"": 7.370358882995788, ""step_event_index"": 10, ""total_hand_translation_m"": null, ""trial_finished_elapsed_s"": null, ""trial_recording"": true, ""trial_required_tool_ids"": [15, 27, 28, 33]}"
2026-09-03T16:51:24.970-04:00,sandeep,language,vlm_request_submitted,speech,r2_gear_rod,Row 2.2: assemble gear rod,ready,5,11,,,,7.412362,,,,,,,,,,,,,,,,smaller red gear,,,speech_proxy,,"{""acquired_tool_ids"": [15], ""acquisition_complete"": false, ""completed_steps"": [""r1_gear_rod"", ""r1_bearing_right"", ""r1_bearing_left"", ""r2_bearing_right""], ""head_rotation_deg"": null, ""head_translation_m"": null, ""left_hand_translation_m"": null, ""removed_tool_ids"": [14, 18, 19, 21, 26], ""right_hand_translation_m"": null, ""selected_step"": ""r2_gear_rod"", ""step_attempt"": 5, ""step_elapsed_s"": 7.412387226999272, ""step_event_index"": 11, ""total_hand_translation_m"": null, ""trial_finished_elapsed_s"": null, ""trial_recording"": true, ""trial_required_tool_ids"": [15, 27, 28, 33]}"
2026-09-03T16:51:25.195-04:00,sandeep,language,tts_finished,lifecycle,r2_gear_rod,Row 2.2: assemble gear rod,ready,5,12,,,,7.636645,,,,,,,,,,,,,,,,3 parts left.,,,,,"{""acquired_tool_ids"": [15], ""acquisition_complete"": false, ""completed_steps"": [""r1_gear_rod"", ""r1_bearing_right"", ""r1_bearing_left"", ""r2_bearing_right""], ""head_rotation_deg"": null, ""head_translation_m"": null, ""left_hand_translation_m"": null, ""removed_tool_ids"": [14, 18, 19, 21, 26], ""right_hand_translation_m"": null, ""selected_step"": ""r2_gear_rod"", ""step_attempt"": 5, ""step_elapsed_s"": 7.636654301022645, ""step_event_index"": 12, ""total_hand_translation_m"": null, ""trial_finished_elapsed_s"": null, ""trial_recording"": true, ""trial_required_tool_ids"": [15, 27, 28, 33]}"
2026-09-03T16:51:28.048-04:00,sandeep,language,vlm_inference_completed,lifecycle,r2_gear_rod,Row 2.2: assemble gear rod,ready,5,13,,,,10.489820,,,,,,,,,,,,,,,,smaller red gear,,,GEAR_ROW2_LEFT,,"{""acquired_tool_ids"": [15], ""acquisition_complete"": false, ""completed_steps"": [""r1_gear_rod"", ""r1_bearing_right"", ""r1_bearing_left"", ""r2_bearing_right""], ""head_rotation_deg"": null, ""head_translation_m"": null, ""left_hand_translation_m"": null, ""removed_tool_ids"": [14, 18, 19, 21, 26], ""right_hand_translation_m"": null, ""selected_step"": ""r2_gear_rod"", ""step_attempt"": 5, ""step_elapsed_s"": 10.489829316036776, ""step_event_index"": 13, ""total_hand_translation_m"": null, ""trial_finished_elapsed_s"": null, ""trial_recording"": true, ""trial_required_tool_ids"": [15, 27, 28, 33]}"
2026-09-03T16:51:28.088-04:00,sandeep,language,vlm_interaction,language,r2_gear_rod,Row 2.2: assemble gear rod,ready,5,14,,,,,,,,,,,,,,,,,,,,smaller red gear,GEAR_ROW2_LEFT,"{""intent"":""part_reference"",""part_action"":""reference"",""reference_relation"":""direct"",""step_scope"":"""",""target"":""GEAR_ROW2_LEFT"",""candidates"":[],""exclude_labels"":[]}",language_grounded,I identified and highlighted the Row 2 left gear.,"{""acquired_tool_ids"": [15], ""acquisition_complete"": false, ""completed_steps"": [""r1_gear_rod"", ""r1_bearing_right"", ""r1_bearing_left"", ""r2_bearing_right""], ""head_rotation_deg"": null, ""head_translation_m"": null, ""left_hand_translation_m"": null, ""removed_tool_ids"": [14, 18, 19, 21, 26], ""right_hand_translation_m"": null, ""selected_step"": ""r2_gear_rod"", ""step_attempt"": 5, ""step_elapsed_s"": 10.530368525011, ""step_event_index"": 14, ""total_hand_translation_m"": null, ""trial_finished_elapsed_s"": null, ""trial_recording"": true, ""trial_required_tool_ids"": [15, 27, 28, 33]}"
2026-09-03T16:51:28.101-04:00,sandeep,language,part_selection,language,r2_gear_rod,Row 2.2: assemble gear rod,ready,5,15,27,GEAR_ROW2_LEFT,4.110179,10.543188,,,,,,,,,,,,,,,1,,,,,,"{""acquired_tool_ids"": [15, 27], ""acquisition_complete"": false, ""completed_steps"": [""r1_gear_rod"", ""r1_bearing_right"", ""r1_bearing_left"", ""r2_bearing_right""], ""head_rotation_deg"": null, ""head_translation_m"": null, ""left_hand_translation_m"": null, ""removed_tool_ids"": [14, 18, 19, 21, 26], ""right_hand_translation_m"": null, ""selected_step"": ""r2_gear_rod"", ""step_attempt"": 5, ""step_elapsed_s"": 10.543235307035502, ""step_event_index"": 15, ""total_hand_translation_m"": null, ""trial_finished_elapsed_s"": null, ""trial_recording"": true, ""trial_required_tool_ids"": [15, 27, 28, 33]}"
2026-09-03T16:51:28.110-04:00,sandeep,language,object_acquired,language,r2_gear_rod,Row 2.2: assemble gear rod,ready,5,16,27,GEAR_ROW2_LEFT,4.110179,10.543188,,,,,,,,,,,,,,,1,,,,,,"{""acquired_tool_ids"": [15, 27], ""acquisition_complete"": false, ""completed_steps"": [""r1_gear_rod"", ""r1_bearing_right"", ""r1_bearing_left"", ""r2_bearing_right""], ""head_rotation_deg"": null, ""head_translation_m"": null, ""left_hand_translation_m"": null, ""removed_tool_ids"": [14, 18, 19, 21, 26], ""right_hand_translation_m"": null, ""selected_step"": ""r2_gear_rod"", ""step_attempt"": 5, ""step_elapsed_s"": 10.55234154703794, ""step_event_index"": 16, ""total_hand_translation_m"": null, ""trial_finished_elapsed_s"": null, ""trial_recording"": true, ""trial_required_tool_ids"": [15, 27, 28, 33]}"
2026-09-03T16:51:28.125-04:00,sandeep,language,tts_queued,lifecycle,r2_gear_rod,Row 2.2: assemble gear rod,ready,5,17,,,,10.567097,,,,,,,,,,,,,,,,2 parts left.,,,replace,,"{""acquired_tool_ids"": [15, 27], ""acquisition_complete"": false, ""completed_steps"": [""r1_gear_rod"", ""r1_bearing_right"", ""r1_bearing_left"", ""r2_bearing_right""], ""head_rotation_deg"": null, ""head_translation_m"": null, ""left_hand_translation_m"": null, ""removed_tool_ids"": [14, 18, 19, 21, 26], ""right_hand_translation_m"": null, ""selected_step"": ""r2_gear_rod"", ""step_attempt"": 5, ""step_elapsed_s"": 10.567104890011251, ""step_event_index"": 17, ""total_hand_translation_m"": null, ""trial_finished_elapsed_s"": null, ""trial_recording"": true, ""trial_required_tool_ids"": [15, 27, 28, 33]}"
2026-09-03T16:51:28.148-04:00,sandeep,language,tts_started,lifecycle,r2_gear_rod,Row 2.2: assemble gear rod,ready,5,18,,,,10.589578,,,,,,,,,,,,,,,,2 parts left.,,,,,"{""acquired_tool_ids"": [15, 27], ""acquisition_complete"": false, ""completed_steps"": [""r1_gear_rod"", ""r1_bearing_right"", ""r1_bearing_left"", ""r2_bearing_right""], ""head_rotation_deg"": null, ""head_translation_m"": null, ""left_hand_translation_m"": null, ""removed_tool_ids"": [14, 18, 19, 21, 26], ""right_hand_translation_m"": null, ""selected_step"": ""r2_gear_rod"", ""step_attempt"": 5, ""step_elapsed_s"": 10.589587891008705, ""step_event_index"": 18, ""total_hand_translation_m"": null, ""trial_finished_elapsed_s"": null, ""trial_recording"": true, ""trial_required_tool_ids"": [15, 27, 28, 33]}"
2026-09-03T16:51:29.313-04:00,sandeep,language,tts_finished,lifecycle,r2_gear_rod,Row 2.2: assemble gear rod,ready,5,19,,,,11.755034,,,,,,,,,,,,,,,,2 parts left.,,,,,"{""acquired_tool_ids"": [15, 27], ""acquisition_complete"": false, ""completed_steps"": [""r1_gear_rod"", ""r1_bearing_right"", ""r1_bearing_left"", ""r2_bearing_right""], ""head_rotation_deg"": null, ""head_translation_m"": null, ""left_hand_translation_m"": null, ""removed_tool_ids"": [14, 18, 19, 21, 26], ""right_hand_translation_m"": null, ""selected_step"": ""r2_gear_rod"", ""step_attempt"": 5, ""step_elapsed_s"": 11.755045229045209, ""step_event_index"": 19, ""total_hand_translation_m"": null, ""trial_finished_elapsed_s"": null, ""trial_recording"": true, ""trial_required_tool_ids"": [15, 27, 28, 33]}"
2026-09-03T16:51:29.965-04:00,sandeep,language,participant_speech_submitted,speech,r2_gear_rod,Row 2.2: assemble gear rod,ready,5,20,,,,12.406608,,,,,,,,,,,,,,,,larger red gear,,,speech_proxy,,"{""acquired_tool_ids"": [15, 27], ""acquisition_complete"": false, ""completed_steps"": [""r1_gear_rod"", ""r1_bearing_right"", ""r1_bearing_left"", ""r2_bearing_right""], ""head_rotation_deg"": null, ""head_translation_m"": null, ""left_hand_translation_m"": null, ""removed_tool_ids"": [14, 18, 19, 21, 26], ""right_hand_translation_m"": null, ""selected_step"": ""r2_gear_rod"", ""step_attempt"": 5, ""step_elapsed_s"": 12.406618110020645, ""step_event_index"": 20, ""total_hand_translation_m"": null, ""trial_finished_elapsed_s"": null, ""trial_recording"": true, ""trial_required_tool_ids"": [15, 27, 28, 33]}"
2026-09-03T16:51:30.019-04:00,sandeep,language,vlm_request_submitted,speech,r2_gear_rod,Row 2.2: assemble gear rod,ready,5,21,,,,12.461273,,,,,,,,,,,,,,,,larger red gear,,,speech_proxy,,"{""acquired_tool_ids"": [15, 27], ""acquisition_complete"": false, ""completed_steps"": [""r1_gear_rod"", ""r1_bearing_right"", ""r1_bearing_left"", ""r2_bearing_right""], ""head_rotation_deg"": null, ""head_translation_m"": null, ""left_hand_translation_m"": null, ""removed_tool_ids"": [14, 18, 19, 21, 26], ""right_hand_translation_m"": null, ""selected_step"": ""r2_gear_rod"", ""step_attempt"": 5, ""step_elapsed_s"": 12.461284724005964, ""step_event_index"": 21, ""total_hand_translation_m"": null, ""trial_finished_elapsed_s"": null, ""trial_recording"": true, ""trial_required_tool_ids"": [15, 27, 28, 33]}"
2026-09-03T16:51:33.098-04:00,sandeep,language,vlm_inference_completed,lifecycle,r2_gear_rod,Row 2.2: assemble gear rod,ready,5,22,,,,15.540494,,,,,,,,,,,,,,,,larger red gear,,,GEAR_ROW2_RIGHT,,"{""acquired_tool_ids"": [15, 27], ""acquisition_complete"": false, ""completed_steps"": [""r1_gear_rod"", ""r1_bearing_right"", ""r1_bearing_left"", ""r2_bearing_right""], ""head_rotation_deg"": null, ""head_translation_m"": null, ""left_hand_translation_m"": null, ""removed_tool_ids"": [14, 18, 19, 21, 26], ""right_hand_translation_m"": null, ""selected_step"": ""r2_gear_rod"", ""step_attempt"": 5, ""step_elapsed_s"": 15.54050347203156, ""step_event_index"": 22, ""total_hand_translation_m"": null, ""trial_finished_elapsed_s"": null, ""trial_recording"": true, ""trial_required_tool_ids"": [15, 27, 28, 33]}"
2026-09-03T16:51:33.153-04:00,sandeep,language,vlm_interaction,language,r2_gear_rod,Row 2.2: assemble gear rod,ready,5,23,,,,,,,,,,,,,,,,,,,,larger red gear,GEAR_ROW2_RIGHT,"{""intent"":""part_reference"",""part_action"":""reference"",""reference_relation"":""direct"",""step_scope"":"""",""target"":""GEAR_ROW2_RIGHT"",""candidates"":[],""exclude_labels"":[]}",language_grounded,I identified and highlighted the Row 2 right gear.,"{""acquired_tool_ids"": [15, 27], ""acquisition_complete"": false, ""completed_steps"": [""r1_gear_rod"", ""r1_bearing_right"", ""r1_bearing_left"", ""r2_bearing_right""], ""head_rotation_deg"": null, ""head_translation_m"": null, ""left_hand_translation_m"": null, ""removed_tool_ids"": [14, 18, 19, 21, 26], ""right_hand_translation_m"": null, ""selected_step"": ""r2_gear_rod"", ""step_attempt"": 5, ""step_elapsed_s"": 15.594969797006343, ""step_event_index"": 23, ""total_hand_translation_m"": null, ""trial_finished_elapsed_s"": null, ""trial_recording"": true, ""trial_required_tool_ids"": [15, 27, 28, 33]}"
2026-09-03T16:51:33.201-04:00,sandeep,language,part_selection,language,r2_gear_rod,Row 2.2: assemble gear rod,ready,5,24,28,GEAR_ROW2_RIGHT,5.100000,15.643189,,,,,,,,,,,,,,,1,,,,,,"{""acquired_tool_ids"": [15, 27, 28], ""acquisition_complete"": false, ""completed_steps"": [""r1_gear_rod"", ""r1_bearing_right"", ""r1_bearing_left"", ""r2_bearing_right""], ""head_rotation_deg"": null, ""head_translation_m"": null, ""left_hand_translation_m"": null, ""removed_tool_ids"": [14, 18, 19, 21, 26], ""right_hand_translation_m"": null, ""selected_step"": ""r2_gear_rod"", ""step_attempt"": 5, ""step_elapsed_s"": 15.643251747998875, ""step_event_index"": 24, ""total_hand_translation_m"": null, ""trial_finished_elapsed_s"": null, ""trial_recording"": true, ""trial_required_tool_ids"": [15, 27, 28, 33]}"
2026-09-03T16:51:33.215-04:00,sandeep,language,object_acquired,language,r2_gear_rod,Row 2.2: assemble gear rod,ready,5,25,28,GEAR_ROW2_RIGHT,5.100000,15.643189,,,,,,,,,,,,,,,1,,,,,,"{""acquired_tool_ids"": [15, 27, 28], ""acquisition_complete"": false, ""completed_steps"": [""r1_gear_rod"", ""r1_bearing_right"", ""r1_bearing_left"", ""r2_bearing_right""], ""head_rotation_deg"": null, ""head_translation_m"": null, ""left_hand_translation_m"": null, ""removed_tool_ids"": [14, 18, 19, 21, 26], ""right_hand_translation_m"": null, ""selected_step"": ""r2_gear_rod"", ""step_attempt"": 5, ""step_elapsed_s"": 15.656797010044102, ""step_event_index"": 25, ""total_hand_translation_m"": null, ""trial_finished_elapsed_s"": null, ""trial_recording"": true, ""trial_required_tool_ids"": [15, 27, 28, 33]}"
2026-09-03T16:51:33.227-04:00,sandeep,language,tts_queued,lifecycle,r2_gear_rod,Row 2.2: assemble gear rod,ready,5,26,,,,15.668935,,,,,,,,,,,,,,,,1 part left.,,,replace,,"{""acquired_tool_ids"": [15, 27, 28], ""acquisition_complete"": false, ""completed_steps"": [""r1_gear_rod"", ""r1_bearing_right"", ""r1_bearing_left"", ""r2_bearing_right""], ""head_rotation_deg"": null, ""head_translation_m"": null, ""left_hand_translation_m"": null, ""removed_tool_ids"": [14, 18, 19, 21, 26], ""right_hand_translation_m"": null, ""selected_step"": ""r2_gear_rod"", ""step_attempt"": 5, ""step_elapsed_s"": 15.668943229014985, ""step_event_index"": 26, ""total_hand_translation_m"": null, ""trial_finished_elapsed_s"": null, ""trial_recording"": true, ""trial_required_tool_ids"": [15, 27, 28, 33]}"
2026-09-03T16:51:33.250-04:00,sandeep,language,tts_started,lifecycle,r2_gear_rod,Row 2.2: assemble gear rod,ready,5,27,,,,15.692132,,,,,,,,,,,,,,,,1 part left.,,,,,"{""acquired_tool_ids"": [15, 27, 28], ""acquisition_complete"": false, ""completed_steps"": [""r1_gear_rod"", ""r1_bearing_right"", ""r1_bearing_left"", ""r2_bearing_right""], ""head_rotation_deg"": null, ""head_translation_m"": null, ""left_hand_translation_m"": null, ""removed_tool_ids"": [14, 18, 19, 21, 26], ""right_hand_translation_m"": null, ""selected_step"": ""r2_gear_rod"", ""step_attempt"": 5, ""step_elapsed_s"": 15.692196923017036, ""step_event_index"": 27, ""total_hand_translation_m"": null, ""trial_finished_elapsed_s"": null, ""trial_recording"": true, ""trial_required_tool_ids"": [15, 27, 28, 33]}"
2026-09-03T16:51:34.297-04:00,sandeep,language,participant_speech_submitted,speech,r2_gear_rod,Row 2.2: assemble gear rod,ready,5,28,,,,16.738869,,,,,,,,,,,,,,,,wooden pin,,,speech_proxy,,"{""acquired_tool_ids"": [15, 27, 28], ""acquisition_complete"": false, ""completed_steps"": [""r1_gear_rod"", ""r1_bearing_right"", ""r1_bearing_left"", ""r2_bearing_right""], ""head_rotation_deg"": null, ""head_translation_m"": null, ""left_hand_translation_m"": null, ""removed_tool_ids"": [14, 18, 19, 21, 26], ""right_hand_translation_m"": null, ""selected_step"": ""r2_gear_rod"", ""step_attempt"": 5, ""step_elapsed_s"": 16.73889091599267, ""step_event_index"": 28, ""total_hand_translation_m"": null, ""trial_finished_elapsed_s"": null, ""trial_recording"": true, ""trial_required_tool_ids"": [15, 27, 28, 33]}"
2026-09-03T16:51:34.369-04:00,sandeep,language,vlm_request_submitted,speech,r2_gear_rod,Row 2.2: assemble gear rod,ready,5,29,,,,16.810867,,,,,,,,,,,,,,,,wooden pin,,,speech_proxy,,"{""acquired_tool_ids"": [15, 27, 28], ""acquisition_complete"": false, ""completed_steps"": [""r1_gear_rod"", ""r1_bearing_right"", ""r1_bearing_left"", ""r2_bearing_right""], ""head_rotation_deg"": null, ""head_translation_m"": null, ""left_hand_translation_m"": null, ""removed_tool_ids"": [14, 18, 19, 21, 26], ""right_hand_translation_m"": null, ""selected_step"": ""r2_gear_rod"", ""step_attempt"": 5, ""step_elapsed_s"": 16.810893187997863, ""step_event_index"": 29, ""total_hand_translation_m"": null, ""trial_finished_elapsed_s"": null, ""trial_recording"": true, ""trial_required_tool_ids"": [15, 27, 28, 33]}"
2026-09-03T16:51:34.584-04:00,sandeep,language,tts_finished,lifecycle,r2_gear_rod,Row 2.2: assemble gear rod,ready,5,30,,,,17.025666,,,,,,,,,,,,,,,,1 part left.,,,,,"{""acquired_tool_ids"": [15, 27, 28], ""acquisition_complete"": false, ""completed_steps"": [""r1_gear_rod"", ""r1_bearing_right"", ""r1_bearing_left"", ""r2_bearing_right""], ""head_rotation_deg"": null, ""head_translation_m"": null, ""left_hand_translation_m"": null, ""removed_tool_ids"": [14, 18, 19, 21, 26], ""right_hand_translation_m"": null, ""selected_step"": ""r2_gear_rod"", ""step_attempt"": 5, ""step_elapsed_s"": 17.025676454009954, ""step_event_index"": 30, ""total_hand_translation_m"": null, ""trial_finished_elapsed_s"": null, ""trial_recording"": true, ""trial_required_tool_ids"": [15, 27, 28, 33]}"
2026-09-03T16:51:37.268-04:00,sandeep,language,vlm_inference_completed,lifecycle,r2_gear_rod,Row 2.2: assemble gear rod,ready,5,31,,,,19.709976,,,,,,,,,,,,,,,,wooden pin,,,PIN,,"{""acquired_tool_ids"": [15, 27, 28], ""acquisition_complete"": false, ""completed_steps"": [""r1_gear_rod"", ""r1_bearing_right"", ""r1_bearing_left"", ""r2_bearing_right""], ""head_rotation_deg"": null, ""head_translation_m"": null, ""left_hand_translation_m"": null, ""removed_tool_ids"": [14, 18, 19, 21, 26], ""right_hand_translation_m"": null, ""selected_step"": ""r2_gear_rod"", ""step_attempt"": 5, ""step_elapsed_s"": 19.709984346001875, ""step_event_index"": 31, ""total_hand_translation_m"": null, ""trial_finished_elapsed_s"": null, ""trial_recording"": true, ""trial_required_tool_ids"": [15, 27, 28, 33]}"
2026-09-03T16:51:37.318-04:00,sandeep,language,vlm_interaction,language,r2_gear_rod,Row 2.2: assemble gear rod,ready,5,32,,,,,,,,,,,,,,,,,,,,wooden pin,PIN,"{""intent"":""part_reference"",""part_action"":""reference"",""reference_relation"":""direct"",""step_scope"":"""",""target"":""PIN"",""candidates"":[],""exclude_labels"":[]}",language_grounded,I identified and highlighted the wooden retaining pin.,"{""acquired_tool_ids"": [15, 27, 28], ""acquisition_complete"": false, ""completed_steps"": [""r1_gear_rod"", ""r1_bearing_right"", ""r1_bearing_left"", ""r2_bearing_right""], ""head_rotation_deg"": null, ""head_translation_m"": null, ""left_hand_translation_m"": null, ""removed_tool_ids"": [14, 18, 19, 21, 26], ""right_hand_translation_m"": null, ""selected_step"": ""r2_gear_rod"", ""step_attempt"": 5, ""step_elapsed_s"": 19.76053030003095, ""step_event_index"": 32, ""total_hand_translation_m"": null, ""trial_finished_elapsed_s"": null, ""trial_recording"": true, ""trial_required_tool_ids"": [15, 27, 28, 33]}"
2026-09-03T16:51:37.354-04:00,sandeep,language,part_selection,language,r2_gear_rod,Row 2.2: assemble gear rod,ready,5,33,33,PINS,4.153101,19.796289,,,,,,,,,,,,,,,1,,,,,,"{""acquired_tool_ids"": [15, 27, 28, 33], ""acquisition_complete"": false, ""completed_steps"": [""r1_gear_rod"", ""r1_bearing_right"", ""r1_bearing_left"", ""r2_bearing_right""], ""head_rotation_deg"": null, ""head_translation_m"": null, ""left_hand_translation_m"": null, ""removed_tool_ids"": [14, 18, 19, 21, 26], ""right_hand_translation_m"": null, ""selected_step"": ""r2_gear_rod"", ""step_attempt"": 5, ""step_elapsed_s"": 19.796361359010916, ""step_event_index"": 33, ""total_hand_translation_m"": null, ""trial_finished_elapsed_s"": null, ""trial_recording"": true, ""trial_required_tool_ids"": [15, 27, 28, 33]}"
2026-09-03T16:51:37.372-04:00,sandeep,language,object_acquired,language,r2_gear_rod,Row 2.2: assemble gear rod,ready,5,34,33,PINS,4.153101,19.796289,,,,,,,,,,,,,,,1,,,,,,"{""acquired_tool_ids"": [15, 27, 28, 33], ""acquisition_complete"": false, ""completed_steps"": [""r1_gear_rod"", ""r1_bearing_right"", ""r1_bearing_left"", ""r2_bearing_right""], ""head_rotation_deg"": null, ""head_translation_m"": null, ""left_hand_translation_m"": null, ""removed_tool_ids"": [14, 18, 19, 21, 26], ""right_hand_translation_m"": null, ""selected_step"": ""r2_gear_rod"", ""step_attempt"": 5, ""step_elapsed_s"": 19.81379033101257, ""step_event_index"": 34, ""total_hand_translation_m"": null, ""trial_finished_elapsed_s"": null, ""trial_recording"": true, ""trial_required_tool_ids"": [15, 27, 28, 33]}"
2026-09-03T16:51:37.389-04:00,sandeep,language,step_acquisition_complete,language,r2_gear_rod,Row 2.2: assemble gear rod,ready,5,35,,,,19.830133,0.000000,0.000000,0.000000,0.000000,0.000000,0.000000,0.000000,0.000000,0.000000,0,0,0.000000,0.000000,0.000000,,,,,,,"{""acquired_tool_ids"": [15, 27, 28, 33], ""acquisition_complete"": true, ""any_hover_time_s"": 0.0, ""completed_steps"": [""r1_gear_rod"", ""r1_bearing_right"", ""r1_bearing_left"", ""r2_bearing_right""], ""head_rotation_deg"": 0.0, ""head_translation_m"": 0.0, ""hover_time_percent"": 0.0, ""left_hand_translation_m"": 0.0, ""left_hover_episodes"": 0, ""left_hover_time_s"": 0.0, ""left_hover_translation_m"": 0.0, ""removed_tool_ids"": [14, 15, 18, 19, 21, 26, 27, 28], ""right_hand_translation_m"": 0.0, ""right_hover_episodes"": 0, ""right_hover_time_s"": 0.0, ""right_hover_translation_m"": 0.0, ""selected_step"": ""r2_gear_rod"", ""step_attempt"": 5, ""step_elapsed_s"": 19.830133176001254, ""step_event_index"": 35, ""total_hand_translation_m"": 0.0, ""total_hover_translation_m"": 0.0, ""trial_finished_elapsed_s"": 19.830133176001254, ""trial_recording"": false, ""trial_required_tool_ids"": [15, 27, 28, 33]}"
2026-09-03T16:51:37.411-04:00,sandeep,language,graph_complete,,r2_gear_rod,Row 2.2: assemble gear rod,complete,5,36,,,,,,,,,,,,,,,,,,,,,,,,,"{""acquired_tool_ids"": [15, 27, 28, 33], ""acquisition_complete"": true, ""any_hover_time_s"": 0.0, ""completed_steps"": [""r1_gear_rod"", ""r1_bearing_right"", ""r1_bearing_left"", ""r2_bearing_right"", ""r2_gear_rod""], ""head_rotation_deg"": 0.0, ""head_translation_m"": 0.0, ""hover_time_percent"": 0.0, ""left_hand_translation_m"": 0.0, ""left_hover_episodes"": 0, ""left_hover_time_s"": 0.0, ""left_hover_translation_m"": 0.0, ""removed_tool_ids"": [14, 15, 18, 19, 21, 26, 27, 28], ""right_hand_translation_m"": 0.0, ""right_hover_episodes"": 0, ""right_hover_time_s"": 0.0, ""right_hover_translation_m"": 0.0, ""selected_step"": ""r2_gear_rod"", ""step_attempt"": 5, ""step_elapsed_s"": 19.830133176001254, ""step_event_index"": 36, ""total_hand_translation_m"": 0.0, ""total_hover_translation_m"": 0.0, ""trial_finished_elapsed_s"": 19.830133176001254, ""trial_recording"": false, ""trial_required_tool_ids"": [15, 27, 28, 33]}"
2026-09-03T16:51:47.440-04:00,sandeep,language,step_started,keyboard,r2_bearing_left,Row 2.3: bearing into left stand,ready,6,1,,,,,,,,,,,,,,,,,,,,,,,,,"{""acquired_tool_ids"": [], ""acquisition_complete"": false, ""completed_steps"": [""r1_gear_rod"", ""r1_bearing_right"", ""r1_bearing_left"", ""r2_bearing_right"", ""r2_gear_rod""], ""head_rotation_deg"": null, ""head_translation_m"": null, ""left_hand_translation_m"": null, ""removed_tool_ids"": [14, 15, 18, 19, 21, 26, 27, 28], ""right_hand_translation_m"": null, ""selected_step"": ""r2_bearing_left"", ""step_attempt"": 6, ""step_elapsed_s"": 0.0009254280012100935, ""step_event_index"": 1, ""total_hand_translation_m"": null, ""trial_finished_elapsed_s"": null, ""trial_recording"": true, ""trial_required_tool_ids"": [20, 34]}"
2026-09-03T16:51:52.208-04:00,sandeep,language,participant_speech_submitted,speech,r2_bearing_left,Row 2.3: bearing into left stand,ready,6,2,,,,4.768431,,,,,,,,,,,,,,,,left red gear stand,,,speech_proxy,,"{""acquired_tool_ids"": [], ""acquisition_complete"": false, ""completed_steps"": [""r1_gear_rod"", ""r1_bearing_right"", ""r1_bearing_left"", ""r2_bearing_right"", ""r2_gear_rod""], ""head_rotation_deg"": null, ""head_translation_m"": null, ""left_hand_translation_m"": null, ""removed_tool_ids"": [14, 15, 18, 19, 21, 26, 27, 28], ""right_hand_translation_m"": null, ""selected_step"": ""r2_bearing_left"", ""step_attempt"": 6, ""step_elapsed_s"": 4.768442765984219, ""step_event_index"": 2, ""total_hand_translation_m"": null, ""trial_finished_elapsed_s"": null, ""trial_recording"": true, ""trial_required_tool_ids"": [20, 34]}"
2026-09-03T16:51:52.237-04:00,sandeep,language,vlm_request_submitted,speech,r2_bearing_left,Row 2.3: bearing into left stand,ready,6,3,,,,4.798301,,,,,,,,,,,,,,,,left red gear stand,,,speech_proxy,,"{""acquired_tool_ids"": [], ""acquisition_complete"": false, ""completed_steps"": [""r1_gear_rod"", ""r1_bearing_right"", ""r1_bearing_left"", ""r2_bearing_right"", ""r2_gear_rod""], ""head_rotation_deg"": null, ""head_translation_m"": null, ""left_hand_translation_m"": null, ""removed_tool_ids"": [14, 15, 18, 19, 21, 26, 27, 28], ""right_hand_translation_m"": null, ""selected_step"": ""r2_bearing_left"", ""step_attempt"": 6, ""step_elapsed_s"": 4.798311892023776, ""step_event_index"": 3, ""total_hand_translation_m"": null, ""trial_finished_elapsed_s"": null, ""trial_recording"": true, ""trial_required_tool_ids"": [20, 34]}"
2026-09-03T16:51:55.264-04:00,sandeep,language,vlm_inference_completed,lifecycle,r2_bearing_left,Row 2.3: bearing into left stand,ready,6,4,,,,7.824984,,,,,,,,,,,,,,,,left red gear stand,,,STAND_ROW2_LEFT,,"{""acquired_tool_ids"": [], ""acquisition_complete"": false, ""completed_steps"": [""r1_gear_rod"", ""r1_bearing_right"", ""r1_bearing_left"", ""r2_bearing_right"", ""r2_gear_rod""], ""head_rotation_deg"": null, ""head_translation_m"": null, ""left_hand_translation_m"": null, ""removed_tool_ids"": [14, 15, 18, 19, 21, 26, 27, 28], ""right_hand_translation_m"": null, ""selected_step"": ""r2_bearing_left"", ""step_attempt"": 6, ""step_elapsed_s"": 7.8249944419949315, ""step_event_index"": 4, ""total_hand_translation_m"": null, ""trial_finished_elapsed_s"": null, ""trial_recording"": true, ""trial_required_tool_ids"": [20, 34]}"
2026-09-03T16:51:55.316-04:00,sandeep,language,vlm_interaction,language,r2_bearing_left,Row 2.3: bearing into left stand,ready,6,5,,,,,,,,,,,,,,,,,,,,left red gear stand,STAND_ROW2_LEFT,"{""intent"":""part_reference"",""part_action"":""reference"",""reference_relation"":""direct"",""step_scope"":"""",""target"":""STAND_ROW2_LEFT"",""candidates"":[],""exclude_labels"":[]}",language_grounded,I identified and highlighted the Row 2 left stand.,"{""acquired_tool_ids"": [], ""acquisition_complete"": false, ""completed_steps"": [""r1_gear_rod"", ""r1_bearing_right"", ""r1_bearing_left"", ""r2_bearing_right"", ""r2_gear_rod""], ""head_rotation_deg"": null, ""head_translation_m"": null, ""left_hand_translation_m"": null, ""removed_tool_ids"": [14, 15, 18, 19, 21, 26, 27, 28], ""right_hand_translation_m"": null, ""selected_step"": ""r2_bearing_left"", ""step_attempt"": 6, ""step_elapsed_s"": 7.877076090022456, ""step_event_index"": 5, ""total_hand_translation_m"": null, ""trial_finished_elapsed_s"": null, ""trial_recording"": true, ""trial_required_tool_ids"": [20, 34]}"
2026-09-03T16:51:55.357-04:00,sandeep,language,part_selection,language,r2_bearing_left,Row 2.3: bearing into left stand,ready,6,6,20,GEAR_STAND_ROW2_LEFT,7.917402,7.917402,,,,,,,,,,,,,,,1,,,,,,"{""acquired_tool_ids"": [20], ""acquisition_complete"": false, ""completed_steps"": [""r1_gear_rod"", ""r1_bearing_right"", ""r1_bearing_left"", ""r2_bearing_right"", ""r2_gear_rod""], ""head_rotation_deg"": null, ""head_translation_m"": null, ""left_hand_translation_m"": null, ""removed_tool_ids"": [14, 15, 18, 19, 21, 26, 27, 28], ""right_hand_translation_m"": null, ""selected_step"": ""r2_bearing_left"", ""step_attempt"": 6, ""step_elapsed_s"": 7.91746216401225, ""step_event_index"": 6, ""total_hand_translation_m"": null, ""trial_finished_elapsed_s"": null, ""trial_recording"": true, ""trial_required_tool_ids"": [20, 34]}"
2026-09-03T16:51:55.371-04:00,sandeep,language,object_acquired,language,r2_bearing_left,Row 2.3: bearing into left stand,ready,6,7,20,GEAR_STAND_ROW2_LEFT,7.917402,7.917402,,,,,,,,,,,,,,,1,,,,,,"{""acquired_tool_ids"": [20], ""acquisition_complete"": false, ""completed_steps"": [""r1_gear_rod"", ""r1_bearing_right"", ""r1_bearing_left"", ""r2_bearing_right"", ""r2_gear_rod""], ""head_rotation_deg"": null, ""head_translation_m"": null, ""left_hand_translation_m"": null, ""removed_tool_ids"": [14, 15, 18, 19, 21, 26, 27, 28], ""right_hand_translation_m"": null, ""selected_step"": ""r2_bearing_left"", ""step_attempt"": 6, ""step_elapsed_s"": 7.931500977021642, ""step_event_index"": 7, ""total_hand_translation_m"": null, ""trial_finished_elapsed_s"": null, ""trial_recording"": true, ""trial_required_tool_ids"": [20, 34]}"
2026-09-03T16:51:55.395-04:00,sandeep,language,tts_queued,lifecycle,r2_bearing_left,Row 2.3: bearing into left stand,ready,6,8,,,,7.955645,,,,,,,,,,,,,,,,1 part left.,,,replace,,"{""acquired_tool_ids"": [20], ""acquisition_complete"": false, ""completed_steps"": [""r1_gear_rod"", ""r1_bearing_right"", ""r1_bearing_left"", ""r2_bearing_right"", ""r2_gear_rod""], ""head_rotation_deg"": null, ""head_translation_m"": null, ""left_hand_translation_m"": null, ""removed_tool_ids"": [14, 15, 18, 19, 21, 26, 27, 28], ""right_hand_translation_m"": null, ""selected_step"": ""r2_bearing_left"", ""step_attempt"": 6, ""step_elapsed_s"": 7.955658451013733, ""step_event_index"": 8, ""total_hand_translation_m"": null, ""trial_finished_elapsed_s"": null, ""trial_recording"": true, ""trial_required_tool_ids"": [20, 34]}"
2026-09-03T16:51:55.477-04:00,sandeep,language,tts_started,lifecycle,r2_bearing_left,Row 2.3: bearing into left stand,ready,6,9,,,,8.037975,,,,,,,,,,,,,,,,1 part left.,,,,,"{""acquired_tool_ids"": [20], ""acquisition_complete"": false, ""completed_steps"": [""r1_gear_rod"", ""r1_bearing_right"", ""r1_bearing_left"", ""r2_bearing_right"", ""r2_gear_rod""], ""head_rotation_deg"": null, ""head_translation_m"": null, ""left_hand_translation_m"": null, ""removed_tool_ids"": [14, 15, 18, 19, 21, 26, 27, 28], ""right_hand_translation_m"": null, ""selected_step"": ""r2_bearing_left"", ""step_attempt"": 6, ""step_elapsed_s"": 8.037986455019563, ""step_event_index"": 9, ""total_hand_translation_m"": null, ""trial_finished_elapsed_s"": null, ""trial_recording"": true, ""trial_required_tool_ids"": [20, 34]}"
2026-09-03T16:51:56.726-04:00,sandeep,language,tts_finished,lifecycle,r2_bearing_left,Row 2.3: bearing into left stand,ready,6,10,,,,9.286420,,,,,,,,,,,,,,,,1 part left.,,,,,"{""acquired_tool_ids"": [20], ""acquisition_complete"": false, ""completed_steps"": [""r1_gear_rod"", ""r1_bearing_right"", ""r1_bearing_left"", ""r2_bearing_right"", ""r2_gear_rod""], ""head_rotation_deg"": null, ""head_translation_m"": null, ""left_hand_translation_m"": null, ""removed_tool_ids"": [14, 15, 18, 19, 21, 26, 27, 28], ""right_hand_translation_m"": null, ""selected_step"": ""r2_bearing_left"", ""step_attempt"": 6, ""step_elapsed_s"": 9.286429019004572, ""step_event_index"": 10, ""total_hand_translation_m"": null, ""trial_finished_elapsed_s"": null, ""trial_recording"": true, ""trial_required_tool_ids"": [20, 34]}"
2026-09-03T16:51:59.929-04:00,sandeep,language,participant_speech_submitted,speech,r2_bearing_left,Row 2.3: bearing into left stand,ready,6,11,,,,12.489738,,,,,,,,,,,,,,,,bearing,,,speech_proxy,,"{""acquired_tool_ids"": [20], ""acquisition_complete"": false, ""completed_steps"": [""r1_gear_rod"", ""r1_bearing_right"", ""r1_bearing_left"", ""r2_bearing_right"", ""r2_gear_rod""], ""head_rotation_deg"": null, ""head_translation_m"": null, ""left_hand_translation_m"": null, ""removed_tool_ids"": [14, 15, 18, 19, 21, 26, 27, 28], ""right_hand_translation_m"": null, ""selected_step"": ""r2_bearing_left"", ""step_attempt"": 6, ""step_elapsed_s"": 12.48975975200301, ""step_event_index"": 11, ""total_hand_translation_m"": null, ""trial_finished_elapsed_s"": null, ""trial_recording"": true, ""trial_required_tool_ids"": [20, 34]}"
2026-09-03T16:51:59.958-04:00,sandeep,language,vlm_request_submitted,speech,r2_bearing_left,Row 2.3: bearing into left stand,ready,6,12,,,,12.518528,,,,,,,,,,,,,,,,bearing,,,speech_proxy,,"{""acquired_tool_ids"": [20], ""acquisition_complete"": false, ""completed_steps"": [""r1_gear_rod"", ""r1_bearing_right"", ""r1_bearing_left"", ""r2_bearing_right"", ""r2_gear_rod""], ""head_rotation_deg"": null, ""head_translation_m"": null, ""left_hand_translation_m"": null, ""removed_tool_ids"": [14, 15, 18, 19, 21, 26, 27, 28], ""right_hand_translation_m"": null, ""selected_step"": ""r2_bearing_left"", ""step_attempt"": 6, ""step_elapsed_s"": 12.51854421198368, ""step_event_index"": 12, ""total_hand_translation_m"": null, ""trial_finished_elapsed_s"": null, ""trial_recording"": true, ""trial_required_tool_ids"": [20, 34]}"
2026-09-03T16:52:02.913-04:00,sandeep,language,vlm_inference_completed,lifecycle,r2_bearing_left,Row 2.3: bearing into left stand,ready,6,13,,,,15.473656,,,,,,,,,,,,,,,,bearing,,,BEARING,,"{""acquired_tool_ids"": [20], ""acquisition_complete"": false, ""completed_steps"": [""r1_gear_rod"", ""r1_bearing_right"", ""r1_bearing_left"", ""r2_bearing_right"", ""r2_gear_rod""], ""head_rotation_deg"": null, ""head_translation_m"": null, ""left_hand_translation_m"": null, ""removed_tool_ids"": [14, 15, 18, 19, 21, 26, 27, 28], ""right_hand_translation_m"": null, ""selected_step"": ""r2_bearing_left"", ""step_attempt"": 6, ""step_elapsed_s"": 15.473666800011415, ""step_event_index"": 13, ""total_hand_translation_m"": null, ""trial_finished_elapsed_s"": null, ""trial_recording"": true, ""trial_required_tool_ids"": [20, 34]}"
2026-09-03T16:52:02.956-04:00,sandeep,language,vlm_interaction,language,r2_bearing_left,Row 2.3: bearing into left stand,ready,6,14,,,,,,,,,,,,,,,,,,,,bearing,BEARING,"{""intent"":""part_reference"",""part_action"":""reference"",""reference_relation"":""direct"",""step_scope"":"""",""target"":""BEARING"",""candidates"":[],""exclude_labels"":[]}",language_grounded,I identified and highlighted the bearing.,"{""acquired_tool_ids"": [20], ""acquisition_complete"": false, ""completed_steps"": [""r1_gear_rod"", ""r1_bearing_right"", ""r1_bearing_left"", ""r2_bearing_right"", ""r2_gear_rod""], ""head_rotation_deg"": null, ""head_translation_m"": null, ""left_hand_translation_m"": null, ""removed_tool_ids"": [14, 15, 18, 19, 21, 26, 27, 28], ""right_hand_translation_m"": null, ""selected_step"": ""r2_bearing_left"", ""step_attempt"": 6, ""step_elapsed_s"": 15.517219621979166, ""step_event_index"": 14, ""total_hand_translation_m"": null, ""trial_finished_elapsed_s"": null, ""trial_recording"": true, ""trial_required_tool_ids"": [20, 34]}"
2026-09-03T16:52:02.980-04:00,sandeep,language,part_selection,language,r2_bearing_left,Row 2.3: bearing into left stand,ready,6,15,34,BEARINGS,7.623672,15.541075,,,,,,,,,,,,,,,1,,,,,,"{""acquired_tool_ids"": [20, 34], ""acquisition_complete"": false, ""completed_steps"": [""r1_gear_rod"", ""r1_bearing_right"", ""r1_bearing_left"", ""r2_bearing_right"", ""r2_gear_rod""], ""head_rotation_deg"": null, ""head_translation_m"": null, ""left_hand_translation_m"": null, ""removed_tool_ids"": [14, 15, 18, 19, 21, 26, 27, 28], ""right_hand_translation_m"": null, ""selected_step"": ""r2_bearing_left"", ""step_attempt"": 6, ""step_elapsed_s"": 15.541128549026325, ""step_event_index"": 15, ""total_hand_translation_m"": null, ""trial_finished_elapsed_s"": null, ""trial_recording"": true, ""trial_required_tool_ids"": [20, 34]}"
2026-09-03T16:52:02.989-04:00,sandeep,language,object_acquired,language,r2_bearing_left,Row 2.3: bearing into left stand,ready,6,16,34,BEARINGS,7.623672,15.541075,,,,,,,,,,,,,,,1,,,,,,"{""acquired_tool_ids"": [20, 34], ""acquisition_complete"": false, ""completed_steps"": [""r1_gear_rod"", ""r1_bearing_right"", ""r1_bearing_left"", ""r2_bearing_right"", ""r2_gear_rod""], ""head_rotation_deg"": null, ""head_translation_m"": null, ""left_hand_translation_m"": null, ""removed_tool_ids"": [14, 15, 18, 19, 21, 26, 27, 28], ""right_hand_translation_m"": null, ""selected_step"": ""r2_bearing_left"", ""step_attempt"": 6, ""step_elapsed_s"": 15.550317189015914, ""step_event_index"": 16, ""total_hand_translation_m"": null, ""trial_finished_elapsed_s"": null, ""trial_recording"": true, ""trial_required_tool_ids"": [20, 34]}"
2026-09-03T16:52:03.000-04:00,sandeep,language,step_acquisition_complete,language,r2_bearing_left,Row 2.3: bearing into left stand,ready,6,17,,,,15.560173,0.000000,0.000000,0.000000,0.000000,0.000000,0.000000,0.000000,0.000000,0.000000,0,0,0.000000,0.000000,0.000000,,,,,,,"{""acquired_tool_ids"": [20, 34], ""acquisition_complete"": true, ""any_hover_time_s"": 0.0, ""completed_steps"": [""r1_gear_rod"", ""r1_bearing_right"", ""r1_bearing_left"", ""r2_bearing_right"", ""r2_gear_rod""], ""head_rotation_deg"": 0.0, ""head_translation_m"": 0.0, ""hover_time_percent"": 0.0, ""left_hand_translation_m"": 0.0, ""left_hover_episodes"": 0, ""left_hover_time_s"": 0.0, ""left_hover_translation_m"": 0.0, ""removed_tool_ids"": [14, 15, 18, 19, 20, 21, 26, 27, 28], ""right_hand_translation_m"": 0.0, ""right_hover_episodes"": 0, ""right_hover_time_s"": 0.0, ""right_hover_translation_m"": 0.0, ""selected_step"": ""r2_bearing_left"", ""step_attempt"": 6, ""step_elapsed_s"": 15.560172614990734, ""step_event_index"": 17, ""total_hand_translation_m"": 0.0, ""total_hover_translation_m"": 0.0, ""trial_finished_elapsed_s"": 15.560172614990734, ""trial_recording"": false, ""trial_required_tool_ids"": [20, 34]}"
2026-09-03T16:52:03.010-04:00,sandeep,language,graph_complete,,r2_bearing_left,Row 2.3: bearing into left stand,complete,6,18,,,,,,,,,,,,,,,,,,,,,,,,,"{""acquired_tool_ids"": [20, 34], ""acquisition_complete"": true, ""any_hover_time_s"": 0.0, ""completed_steps"": [""r1_gear_rod"", ""r1_bearing_right"", ""r1_bearing_left"", ""r2_bearing_right"", ""r2_gear_rod"", ""r2_bearing_left""], ""head_rotation_deg"": 0.0, ""head_translation_m"": 0.0, ""hover_time_percent"": 0.0, ""left_hand_translation_m"": 0.0, ""left_hover_episodes"": 0, ""left_hover_time_s"": 0.0, ""left_hover_translation_m"": 0.0, ""removed_tool_ids"": [14, 15, 18, 19, 20, 21, 26, 27, 28], ""right_hand_translation_m"": 0.0, ""right_hover_episodes"": 0, ""right_hover_time_s"": 0.0, ""right_hover_translation_m"": 0.0, ""selected_step"": ""r2_bearing_left"", ""step_attempt"": 6, ""step_elapsed_s"": 15.560172614990734, ""step_event_index"": 18, ""total_hand_translation_m"": 0.0, ""total_hover_translation_m"": 0.0, ""trial_finished_elapsed_s"": 15.560172614990734, ""trial_recording"": false, ""trial_required_tool_ids"": [20, 34]}"
2026-09-03T16:52:19.770-04:00,sandeep,language,step_started,keyboard,r1_fasten_first_stand,Row 1.4: fasten right stand,ready,7,1,,,,,,,,,,,,,,,,,,,,,,,,,"{""acquired_tool_ids"": [], ""acquisition_complete"": false, ""completed_steps"": [""r1_gear_rod"", ""r1_bearing_right"", ""r1_bearing_left"", ""r2_bearing_right"", ""r2_gear_rod"", ""r2_bearing_left""], ""head_rotation_deg"": null, ""head_translation_m"": null, ""left_hand_translation_m"": null, ""removed_tool_ids"": [14, 15, 18, 19, 20, 21, 26, 27, 28], ""right_hand_translation_m"": null, ""selected_step"": ""r1_fasten_first_stand"", ""step_attempt"": 7, ""step_elapsed_s"": 0.0006256619817577302, ""step_event_index"": 1, ""total_hand_translation_m"": null, ""trial_finished_elapsed_s"": null, ""trial_recording"": true, ""trial_required_tool_ids"": [7, 35, 36]}"
2026-09-03T16:52:24.560-04:00,sandeep,language,participant_speech_submitted,speech,r1_fasten_first_stand,Row 1.4: fasten right stand,ready,7,2,,,,4.790738,,,,,,,,,,,,,,,,bit holder1,,,speech_proxy,,"{""acquired_tool_ids"": [], ""acquisition_complete"": false, ""completed_steps"": [""r1_gear_rod"", ""r1_bearing_right"", ""r1_bearing_left"", ""r2_bearing_right"", ""r2_gear_rod"", ""r2_bearing_left""], ""head_rotation_deg"": null, ""head_translation_m"": null, ""left_hand_translation_m"": null, ""removed_tool_ids"": [14, 15, 18, 19, 20, 21, 26, 27, 28], ""right_hand_translation_m"": null, ""selected_step"": ""r1_fasten_first_stand"", ""step_attempt"": 7, ""step_elapsed_s"": 4.790759444003925, ""step_event_index"": 2, ""total_hand_translation_m"": null, ""trial_finished_elapsed_s"": null, ""trial_recording"": true, ""trial_required_tool_ids"": [7, 35, 36]}"
2026-09-03T16:52:24.638-04:00,sandeep,language,vlm_request_submitted,speech,r1_fasten_first_stand,Row 1.4: fasten right stand,ready,7,3,,,,4.868117,,,,,,,,,,,,,,,,bit holder1,,,speech_proxy,,"{""acquired_tool_ids"": [], ""acquisition_complete"": false, ""completed_steps"": [""r1_gear_rod"", ""r1_bearing_right"", ""r1_bearing_left"", ""r2_bearing_right"", ""r2_gear_rod"", ""r2_bearing_left""], ""head_rotation_deg"": null, ""head_translation_m"": null, ""left_hand_translation_m"": null, ""removed_tool_ids"": [14, 15, 18, 19, 20, 21, 26, 27, 28], ""right_hand_translation_m"": null, ""selected_step"": ""r1_fasten_first_stand"", ""step_attempt"": 7, ""step_elapsed_s"": 4.868134327000007, ""step_event_index"": 3, ""total_hand_translation_m"": null, ""trial_finished_elapsed_s"": null, ""trial_recording"": true, ""trial_required_tool_ids"": [7, 35, 36]}"
2026-09-03T16:52:27.657-04:00,sandeep,language,vlm_inference_completed,lifecycle,r1_fasten_first_stand,Row 1.4: fasten right stand,ready,7,4,,,,7.887087,,,,,,,,,,,,,,,,bit holder1,,,BIT_HOLDER1,,"{""acquired_tool_ids"": [], ""acquisition_complete"": false, ""completed_steps"": [""r1_gear_rod"", ""r1_bearing_right"", ""r1_bearing_left"", ""r2_bearing_right"", ""r2_gear_rod"", ""r2_bearing_left""], ""head_rotation_deg"": null, ""head_translation_m"": null, ""left_hand_translation_m"": null, ""removed_tool_ids"": [14, 15, 18, 19, 20, 21, 26, 27, 28], ""right_hand_translation_m"": null, ""selected_step"": ""r1_fasten_first_stand"", ""step_attempt"": 7, ""step_elapsed_s"": 7.887098009989131, ""step_event_index"": 4, ""total_hand_translation_m"": null, ""trial_finished_elapsed_s"": null, ""trial_recording"": true, ""trial_required_tool_ids"": [7, 35, 36]}"
2026-09-03T16:52:27.712-04:00,sandeep,language,vlm_interaction,language,r1_fasten_first_stand,Row 1.4: fasten right stand,ready,7,5,,,,,,,,,,,,,,,,,,,,bit holder1,BIT_HOLDER1,"{""intent"":""part_reference"",""part_action"":""reference"",""reference_relation"":""direct"",""step_scope"":"""",""target"":""BIT_HOLDER1"",""candidates"":[],""exclude_labels"":[]}",language_grounded,"I identified and highlighted the Bit Holder 1, containing the H5 and H3 hex bits.","{""acquired_tool_ids"": [], ""acquisition_complete"": false, ""completed_steps"": [""r1_gear_rod"", ""r1_bearing_right"", ""r1_bearing_left"", ""r2_bearing_right"", ""r2_gear_rod"", ""r2_bearing_left""], ""head_rotation_deg"": null, ""head_translation_m"": null, ""left_hand_translation_m"": null, ""removed_tool_ids"": [14, 15, 18, 19, 20, 21, 26, 27, 28], ""right_hand_translation_m"": null, ""selected_step"": ""r1_fasten_first_stand"", ""step_attempt"": 7, ""step_elapsed_s"": 7.942622517992277, ""step_event_index"": 5, ""total_hand_translation_m"": null, ""trial_finished_elapsed_s"": null, ""trial_recording"": true, ""trial_required_tool_ids"": [7, 35, 36]}"
2026-09-03T16:52:27.755-04:00,sandeep,language,part_selection,language,r1_fasten_first_stand,Row 1.4: fasten right stand,ready,7,6,36,BITHOLDER1,7.985436,7.985436,,,,,,,,,,,,,,,1,,,,,,"{""acquired_tool_ids"": [36], ""acquisition_complete"": false, ""completed_steps"": [""r1_gear_rod"", ""r1_bearing_right"", ""r1_bearing_left"", ""r2_bearing_right"", ""r2_gear_rod"", ""r2_bearing_left""], ""head_rotation_deg"": null, ""head_translation_m"": null, ""left_hand_translation_m"": null, ""removed_tool_ids"": [14, 15, 18, 19, 20, 21, 26, 27, 28], ""right_hand_translation_m"": null, ""selected_step"": ""r1_fasten_first_stand"", ""step_attempt"": 7, ""step_elapsed_s"": 7.9855089109623805, ""step_event_index"": 6, ""total_hand_translation_m"": null, ""trial_finished_elapsed_s"": null, ""trial_recording"": true, ""trial_required_tool_ids"": [7, 35, 36]}"
2026-09-03T16:52:27.812-04:00,sandeep,language,object_acquired,language,r1_fasten_first_stand,Row 1.4: fasten right stand,ready,7,7,36,BITHOLDER1,7.985436,7.985436,,,,,,,,,,,,,,,1,,,,,,"{""acquired_tool_ids"": [36], ""acquisition_complete"": false, ""completed_steps"": [""r1_gear_rod"", ""r1_bearing_right"", ""r1_bearing_left"", ""r2_bearing_right"", ""r2_gear_rod"", ""r2_bearing_left""], ""head_rotation_deg"": null, ""head_translation_m"": null, ""left_hand_translation_m"": null, ""removed_tool_ids"": [14, 15, 18, 19, 20, 21, 26, 27, 28], ""right_hand_translation_m"": null, ""selected_step"": ""r1_fasten_first_stand"", ""step_attempt"": 7, ""step_elapsed_s"": 8.04228976595914, ""step_event_index"": 7, ""total_hand_translation_m"": null, ""trial_finished_elapsed_s"": null, ""trial_recording"": true, ""trial_required_tool_ids"": [7, 35, 36]}"
2026-09-03T16:52:27.838-04:00,sandeep,language,tts_queued,lifecycle,r1_fasten_first_stand,Row 1.4: fasten right stand,ready,7,8,,,,8.068671,,,,,,,,,,,,,,,,2 parts left.,,,replace,,"{""acquired_tool_ids"": [36], ""acquisition_complete"": false, ""completed_steps"": [""r1_gear_rod"", ""r1_bearing_right"", ""r1_bearing_left"", ""r2_bearing_right"", ""r2_gear_rod"", ""r2_bearing_left""], ""head_rotation_deg"": null, ""head_translation_m"": null, ""left_hand_translation_m"": null, ""removed_tool_ids"": [14, 15, 18, 19, 20, 21, 26, 27, 28], ""right_hand_translation_m"": null, ""selected_step"": ""r1_fasten_first_stand"", ""step_attempt"": 7, ""step_elapsed_s"": 8.06868518498959, ""step_event_index"": 8, ""total_hand_translation_m"": null, ""trial_finished_elapsed_s"": null, ""trial_recording"": true, ""trial_required_tool_ids"": [7, 35, 36]}"
2026-09-03T16:52:27.939-04:00,sandeep,language,tts_started,lifecycle,r1_fasten_first_stand,Row 1.4: fasten right stand,ready,7,9,,,,8.169118,,,,,,,,,,,,,,,,2 parts left.,,,,,"{""acquired_tool_ids"": [36], ""acquisition_complete"": false, ""completed_steps"": [""r1_gear_rod"", ""r1_bearing_right"", ""r1_bearing_left"", ""r2_bearing_right"", ""r2_gear_rod"", ""r2_bearing_left""], ""head_rotation_deg"": null, ""head_translation_m"": null, ""left_hand_translation_m"": null, ""removed_tool_ids"": [14, 15, 18, 19, 20, 21, 26, 27, 28], ""right_hand_translation_m"": null, ""selected_step"": ""r1_fasten_first_stand"", ""step_attempt"": 7, ""step_elapsed_s"": 8.169130394002423, ""step_event_index"": 9, ""total_hand_translation_m"": null, ""trial_finished_elapsed_s"": null, ""trial_recording"": true, ""trial_required_tool_ids"": [7, 35, 36]}"
2026-09-03T16:52:28.992-04:00,sandeep,language,tts_finished,lifecycle,r1_fasten_first_stand,Row 1.4: fasten right stand,ready,7,10,,,,9.222379,,,,,,,,,,,,,,,,2 parts left.,,,,,"{""acquired_tool_ids"": [36], ""acquisition_complete"": false, ""completed_steps"": [""r1_gear_rod"", ""r1_bearing_right"", ""r1_bearing_left"", ""r2_bearing_right"", ""r2_gear_rod"", ""r2_bearing_left""], ""head_rotation_deg"": null, ""head_translation_m"": null, ""left_hand_translation_m"": null, ""removed_tool_ids"": [14, 15, 18, 19, 20, 21, 26, 27, 28], ""right_hand_translation_m"": null, ""selected_step"": ""r1_fasten_first_stand"", ""step_attempt"": 7, ""step_elapsed_s"": 9.22238827397814, ""step_event_index"": 10, ""total_hand_translation_m"": null, ""trial_finished_elapsed_s"": null, ""trial_recording"": true, ""trial_required_tool_ids"": [7, 35, 36]}"
2026-09-03T16:52:30.959-04:00,sandeep,language,participant_speech_submitted,speech,r1_fasten_first_stand,Row 1.4: fasten right stand,ready,7,11,,,,11.189374,,,,,,,,,,,,,,,,screw,,,speech_proxy,,"{""acquired_tool_ids"": [36], ""acquisition_complete"": false, ""completed_steps"": [""r1_gear_rod"", ""r1_bearing_right"", ""r1_bearing_left"", ""r2_bearing_right"", ""r2_gear_rod"", ""r2_bearing_left""], ""head_rotation_deg"": null, ""head_translation_m"": null, ""left_hand_translation_m"": null, ""removed_tool_ids"": [14, 15, 18, 19, 20, 21, 26, 27, 28], ""right_hand_translation_m"": null, ""selected_step"": ""r1_fasten_first_stand"", ""step_attempt"": 7, ""step_elapsed_s"": 11.189392079948448, ""step_event_index"": 11, ""total_hand_translation_m"": null, ""trial_finished_elapsed_s"": null, ""trial_recording"": true, ""trial_required_tool_ids"": [7, 35, 36]}"
2026-09-03T16:52:31.037-04:00,sandeep,language,vlm_request_submitted,speech,r1_fasten_first_stand,Row 1.4: fasten right stand,ready,7,12,,,,11.267521,,,,,,,,,,,,,,,,screw,,,speech_proxy,,"{""acquired_tool_ids"": [36], ""acquisition_complete"": false, ""completed_steps"": [""r1_gear_rod"", ""r1_bearing_right"", ""r1_bearing_left"", ""r2_bearing_right"", ""r2_gear_rod"", ""r2_bearing_left""], ""head_rotation_deg"": null, ""head_translation_m"": null, ""left_hand_translation_m"": null, ""removed_tool_ids"": [14, 15, 18, 19, 20, 21, 26, 27, 28], ""right_hand_translation_m"": null, ""selected_step"": ""r1_fasten_first_stand"", ""step_attempt"": 7, ""step_elapsed_s"": 11.267541373963468, ""step_event_index"": 12, ""total_hand_translation_m"": null, ""trial_finished_elapsed_s"": null, ""trial_recording"": true, ""trial_required_tool_ids"": [7, 35, 36]}"
2026-09-03T16:52:33.977-04:00,sandeep,language,vlm_inference_completed,lifecycle,r1_fasten_first_stand,Row 1.4: fasten right stand,ready,7,13,,,,14.207251,,,,,,,,,,,,,,,,screw,,,SCREW,,"{""acquired_tool_ids"": [36], ""acquisition_complete"": false, ""completed_steps"": [""r1_gear_rod"", ""r1_bearing_right"", ""r1_bearing_left"", ""r2_bearing_right"", ""r2_gear_rod"", ""r2_bearing_left""], ""head_rotation_deg"": null, ""head_translation_m"": null, ""left_hand_translation_m"": null, ""removed_tool_ids"": [14, 15, 18, 19, 20, 21, 26, 27, 28], ""right_hand_translation_m"": null, ""selected_step"": ""r1_fasten_first_stand"", ""step_attempt"": 7, ""step_elapsed_s"": 14.207261978997849, ""step_event_index"": 13, ""total_hand_translation_m"": null, ""trial_finished_elapsed_s"": null, ""trial_recording"": true, ""trial_required_tool_ids"": [7, 35, 36]}"
2026-09-03T16:52:34.016-04:00,sandeep,language,vlm_interaction,language,r1_fasten_first_stand,Row 1.4: fasten right stand,ready,7,14,,,,,,,,,,,,,,,,,,,,screw,SCREW,"{""intent"":""part_reference"",""part_action"":""reference"",""reference_relation"":""direct"",""step_scope"":"""",""target"":""SCREW"",""candidates"":[],""exclude_labels"":[]}",language_grounded,I identified and highlighted the Row 1 left screw.,"{""acquired_tool_ids"": [36], ""acquisition_complete"": false, ""completed_steps"": [""r1_gear_rod"", ""r1_bearing_right"", ""r1_bearing_left"", ""r2_bearing_right"", ""r2_gear_rod"", ""r2_bearing_left""], ""head_rotation_deg"": null, ""head_translation_m"": null, ""left_hand_translation_m"": null, ""removed_tool_ids"": [14, 15, 18, 19, 20, 21, 26, 27, 28], ""right_hand_translation_m"": null, ""selected_step"": ""r1_fasten_first_stand"", ""step_attempt"": 7, ""step_elapsed_s"": 14.246176384971477, ""step_event_index"": 14, ""total_hand_translation_m"": null, ""trial_finished_elapsed_s"": null, ""trial_recording"": true, ""trial_required_tool_ids"": [7, 35, 36]}"
2026-09-03T16:52:34.048-04:00,sandeep,language,part_selection,language,r1_fasten_first_stand,Row 1.4: fasten right stand,ready,7,15,35,SCREWS,6.292466,14.277902,,,,,,,,,,,,,,,1,,,,,,"{""acquired_tool_ids"": [35, 36], ""acquisition_complete"": false, ""completed_steps"": [""r1_gear_rod"", ""r1_bearing_right"", ""r1_bearing_left"", ""r2_bearing_right"", ""r2_gear_rod"", ""r2_bearing_left""], ""head_rotation_deg"": null, ""head_translation_m"": null, ""left_hand_translation_m"": null, ""removed_tool_ids"": [14, 15, 18, 19, 20, 21, 26, 27, 28], ""right_hand_translation_m"": null, ""selected_step"": ""r1_fasten_first_stand"", ""step_attempt"": 7, ""step_elapsed_s"": 14.277948218979873, ""step_event_index"": 15, ""total_hand_translation_m"": null, ""trial_finished_elapsed_s"": null, ""trial_recording"": true, ""trial_required_tool_ids"": [7, 35, 36]}"
2026-09-03T16:52:34.068-04:00,sandeep,language,object_acquired,language,r1_fasten_first_stand,Row 1.4: fasten right stand,ready,7,16,35,SCREWS,6.292466,14.277902,,,,,,,,,,,,,,,1,,,,,,"{""acquired_tool_ids"": [35, 36], ""acquisition_complete"": false, ""completed_steps"": [""r1_gear_rod"", ""r1_bearing_right"", ""r1_bearing_left"", ""r2_bearing_right"", ""r2_gear_rod"", ""r2_bearing_left""], ""head_rotation_deg"": null, ""head_translation_m"": null, ""left_hand_translation_m"": null, ""removed_tool_ids"": [14, 15, 18, 19, 20, 21, 26, 27, 28], ""right_hand_translation_m"": null, ""selected_step"": ""r1_fasten_first_stand"", ""step_attempt"": 7, ""step_elapsed_s"": 14.298520288954023, ""step_event_index"": 16, ""total_hand_translation_m"": null, ""trial_finished_elapsed_s"": null, ""trial_recording"": true, ""trial_required_tool_ids"": [7, 35, 36]}"
2026-09-03T16:52:34.077-04:00,sandeep,language,tts_queued,lifecycle,r1_fasten_first_stand,Row 1.4: fasten right stand,ready,7,17,,,,14.307338,,,,,,,,,,,,,,,,1 part left.,,,replace,,"{""acquired_tool_ids"": [35, 36], ""acquisition_complete"": false, ""completed_steps"": [""r1_gear_rod"", ""r1_bearing_right"", ""r1_bearing_left"", ""r2_bearing_right"", ""r2_gear_rod"", ""r2_bearing_left""], ""head_rotation_deg"": null, ""head_translation_m"": null, ""left_hand_translation_m"": null, ""removed_tool_ids"": [14, 15, 18, 19, 20, 21, 26, 27, 28], ""right_hand_translation_m"": null, ""selected_step"": ""r1_fasten_first_stand"", ""step_attempt"": 7, ""step_elapsed_s"": 14.307344456959981, ""step_event_index"": 17, ""total_hand_translation_m"": null, ""trial_finished_elapsed_s"": null, ""trial_recording"": true, ""trial_required_tool_ids"": [7, 35, 36]}"
2026-09-03T16:52:34.095-04:00,sandeep,language,tts_started,lifecycle,r1_fasten_first_stand,Row 1.4: fasten right stand,ready,7,18,,,,14.324789,,,,,,,,,,,,,,,,1 part left.,,,,,"{""acquired_tool_ids"": [35, 36], ""acquisition_complete"": false, ""completed_steps"": [""r1_gear_rod"", ""r1_bearing_right"", ""r1_bearing_left"", ""r2_bearing_right"", ""r2_gear_rod"", ""r2_bearing_left""], ""head_rotation_deg"": null, ""head_translation_m"": null, ""left_hand_translation_m"": null, ""removed_tool_ids"": [14, 15, 18, 19, 20, 21, 26, 27, 28], ""right_hand_translation_m"": null, ""selected_step"": ""r1_fasten_first_stand"", ""step_attempt"": 7, ""step_elapsed_s"": 14.32479958597105, ""step_event_index"": 18, ""total_hand_translation_m"": null, ""trial_finished_elapsed_s"": null, ""trial_recording"": true, ""trial_required_tool_ids"": [7, 35, 36]}"
2026-09-03T16:52:35.478-04:00,sandeep,language,tts_finished,lifecycle,r1_fasten_first_stand,Row 1.4: fasten right stand,ready,7,19,,,,15.707991,,,,,,,,,,,,,,,,1 part left.,,,,,"{""acquired_tool_ids"": [35, 36], ""acquisition_complete"": false, ""completed_steps"": [""r1_gear_rod"", ""r1_bearing_right"", ""r1_bearing_left"", ""r2_bearing_right"", ""r2_gear_rod"", ""r2_bearing_left""], ""head_rotation_deg"": null, ""head_translation_m"": null, ""left_hand_translation_m"": null, ""removed_tool_ids"": [14, 15, 18, 19, 20, 21, 26, 27, 28], ""right_hand_translation_m"": null, ""selected_step"": ""r1_fasten_first_stand"", ""step_attempt"": 7, ""step_elapsed_s"": 15.708003776962869, ""step_event_index"": 19, ""total_hand_translation_m"": null, ""trial_finished_elapsed_s"": null, ""trial_recording"": true, ""trial_required_tool_ids"": [7, 35, 36]}"
2026-09-03T16:52:42.364-04:00,sandeep,language,participant_speech_submitted,speech,r1_fasten_first_stand,Row 1.4: fasten right stand,ready,7,20,,,,22.594688,,,,,,,,,,,,,,,,screw for row1,,,speech_proxy,,"{""acquired_tool_ids"": [35, 36], ""acquisition_complete"": false, ""completed_steps"": [""r1_gear_rod"", ""r1_bearing_right"", ""r1_bearing_left"", ""r2_bearing_right"", ""r2_gear_rod"", ""r2_bearing_left""], ""head_rotation_deg"": null, ""head_translation_m"": null, ""left_hand_translation_m"": null, ""removed_tool_ids"": [14, 15, 18, 19, 20, 21, 26, 27, 28], ""right_hand_translation_m"": null, ""selected_step"": ""r1_fasten_first_stand"", ""step_attempt"": 7, ""step_elapsed_s"": 22.59470583294751, ""step_event_index"": 20, ""total_hand_translation_m"": null, ""trial_finished_elapsed_s"": null, ""trial_recording"": true, ""trial_required_tool_ids"": [7, 35, 36]}"
2026-09-03T16:52:42.417-04:00,sandeep,language,vlm_request_submitted,speech,r1_fasten_first_stand,Row 1.4: fasten right stand,ready,7,21,,,,22.646799,,,,,,,,,,,,,,,,screw for row1,,,speech_proxy,,"{""acquired_tool_ids"": [35, 36], ""acquisition_complete"": false, ""completed_steps"": [""r1_gear_rod"", ""r1_bearing_right"", ""r1_bearing_left"", ""r2_bearing_right"", ""r2_gear_rod"", ""r2_bearing_left""], ""head_rotation_deg"": null, ""head_translation_m"": null, ""left_hand_translation_m"": null, ""removed_tool_ids"": [14, 15, 18, 19, 20, 21, 26, 27, 28], ""right_hand_translation_m"": null, ""selected_step"": ""r1_fasten_first_stand"", ""step_attempt"": 7, ""step_elapsed_s"": 22.64681392197963, ""step_event_index"": 21, ""total_hand_translation_m"": null, ""trial_finished_elapsed_s"": null, ""trial_recording"": true, ""trial_required_tool_ids"": [7, 35, 36]}"
2026-09-03T16:52:45.482-04:00,sandeep,language,vlm_inference_completed,lifecycle,r1_fasten_first_stand,Row 1.4: fasten right stand,ready,7,22,,,,25.712081,,,,,,,,,,,,,,,,screw for row1,,,SCREW_ROW1,,"{""acquired_tool_ids"": [35, 36], ""acquisition_complete"": false, ""completed_steps"": [""r1_gear_rod"", ""r1_bearing_right"", ""r1_bearing_left"", ""r2_bearing_right"", ""r2_gear_rod"", ""r2_bearing_left""], ""head_rotation_deg"": null, ""head_translation_m"": null, ""left_hand_translation_m"": null, ""removed_tool_ids"": [14, 15, 18, 19, 20, 21, 26, 27, 28], ""right_hand_translation_m"": null, ""selected_step"": ""r1_fasten_first_stand"", ""step_attempt"": 7, ""step_elapsed_s"": 25.712091745983344, ""step_event_index"": 22, ""total_hand_translation_m"": null, ""trial_finished_elapsed_s"": null, ""trial_recording"": true, ""trial_required_tool_ids"": [7, 35, 36]}"
2026-09-03T16:52:45.537-04:00,sandeep,language,vlm_interaction,language,r1_fasten_first_stand,Row 1.4: fasten right stand,ready,7,23,,,,,,,,,,,,,,,,,,,,screw for row1,SCREW_ROW1,"{""intent"":""part_reference"",""part_action"":""reference"",""reference_relation"":""direct"",""step_scope"":"""",""target"":""SCREW_ROW1_LEFT"",""candidates"":[],""exclude_labels"":[]}",language_grounded,I identified and highlighted the Row 1 mounting screw.,"{""acquired_tool_ids"": [35, 36], ""acquisition_complete"": false, ""completed_steps"": [""r1_gear_rod"", ""r1_bearing_right"", ""r1_bearing_left"", ""r2_bearing_right"", ""r2_gear_rod"", ""r2_bearing_left""], ""head_rotation_deg"": null, ""head_translation_m"": null, ""left_hand_translation_m"": null, ""removed_tool_ids"": [14, 15, 18, 19, 20, 21, 26, 27, 28], ""right_hand_translation_m"": null, ""selected_step"": ""r1_fasten_first_stand"", ""step_attempt"": 7, ""step_elapsed_s"": 25.767002959968522, ""step_event_index"": 23, ""total_hand_translation_m"": null, ""trial_finished_elapsed_s"": null, ""trial_recording"": true, ""trial_required_tool_ids"": [7, 35, 36]}"
2026-09-03T16:52:54.120-04:00,sandeep,language,participant_speech_submitted,speech,r1_fasten_first_stand,Row 1.4: fasten right stand,ready,7,24,,,,34.350069,,,,,,,,,,,,,,,,interachangeable screwdriver,,,speech_proxy,,"{""acquired_tool_ids"": [35, 36], ""acquisition_complete"": false, ""completed_steps"": [""r1_gear_rod"", ""r1_bearing_right"", ""r1_bearing_left"", ""r2_bearing_right"", ""r2_gear_rod"", ""r2_bearing_left""], ""head_rotation_deg"": null, ""head_translation_m"": null, ""left_hand_translation_m"": null, ""removed_tool_ids"": [14, 15, 18, 19, 20, 21, 26, 27, 28], ""right_hand_translation_m"": null, ""selected_step"": ""r1_fasten_first_stand"", ""step_attempt"": 7, ""step_elapsed_s"": 34.35008843796095, ""step_event_index"": 24, ""total_hand_translation_m"": null, ""trial_finished_elapsed_s"": null, ""trial_recording"": true, ""trial_required_tool_ids"": [7, 35, 36]}"
2026-09-03T16:52:54.156-04:00,sandeep,language,vlm_request_submitted,speech,r1_fasten_first_stand,Row 1.4: fasten right stand,ready,7,25,,,,34.385918,,,,,,,,,,,,,,,,interachangeable screwdriver,,,speech_proxy,,"{""acquired_tool_ids"": [35, 36], ""acquisition_complete"": false, ""completed_steps"": [""r1_gear_rod"", ""r1_bearing_right"", ""r1_bearing_left"", ""r2_bearing_right"", ""r2_gear_rod"", ""r2_bearing_left""], ""head_rotation_deg"": null, ""head_translation_m"": null, ""left_hand_translation_m"": null, ""removed_tool_ids"": [14, 15, 18, 19, 20, 21, 26, 27, 28], ""right_hand_translation_m"": null, ""selected_step"": ""r1_fasten_first_stand"", ""step_attempt"": 7, ""step_elapsed_s"": 34.38592685695039, ""step_event_index"": 25, ""total_hand_translation_m"": null, ""trial_finished_elapsed_s"": null, ""trial_recording"": true, ""trial_required_tool_ids"": [7, 35, 36]}"
2026-09-03T16:52:57.271-04:00,sandeep,language,vlm_inference_completed,lifecycle,r1_fasten_first_stand,Row 1.4: fasten right stand,ready,7,26,,,,37.500820,,,,,,,,,,,,,,,,interachangeable screwdriver,,,BIT_SCREWDRIVER,,"{""acquired_tool_ids"": [35, 36], ""acquisition_complete"": false, ""completed_steps"": [""r1_gear_rod"", ""r1_bearing_right"", ""r1_bearing_left"", ""r2_bearing_right"", ""r2_gear_rod"", ""r2_bearing_left""], ""head_rotation_deg"": null, ""head_translation_m"": null, ""left_hand_translation_m"": null, ""removed_tool_ids"": [14, 15, 18, 19, 20, 21, 26, 27, 28], ""right_hand_translation_m"": null, ""selected_step"": ""r1_fasten_first_stand"", ""step_attempt"": 7, ""step_elapsed_s"": 37.50083110597916, ""step_event_index"": 26, ""total_hand_translation_m"": null, ""trial_finished_elapsed_s"": null, ""trial_recording"": true, ""trial_required_tool_ids"": [7, 35, 36]}"
2026-09-03T16:52:57.305-04:00,sandeep,language,vlm_interaction,language,r1_fasten_first_stand,Row 1.4: fasten right stand,ready,7,27,,,,,,,,,,,,,,,,,,,,interachangeable screwdriver,BIT_SCREWDRIVER,"{""intent"":""part_reference"",""part_action"":""reference"",""reference_relation"":""direct"",""step_scope"":"""",""target"":""BIT_SCREWDRIVER"",""candidates"":[],""exclude_labels"":[]}",language_grounded,I identified and highlighted the interchangeable-bit screwdriver.,"{""acquired_tool_ids"": [35, 36], ""acquisition_complete"": false, ""completed_steps"": [""r1_gear_rod"", ""r1_bearing_right"", ""r1_bearing_left"", ""r2_bearing_right"", ""r2_gear_rod"", ""r2_bearing_left""], ""head_rotation_deg"": null, ""head_translation_m"": null, ""left_hand_translation_m"": null, ""removed_tool_ids"": [14, 15, 18, 19, 20, 21, 26, 27, 28], ""right_hand_translation_m"": null, ""selected_step"": ""r1_fasten_first_stand"", ""step_attempt"": 7, ""step_elapsed_s"": 37.53491946897702, ""step_event_index"": 27, ""total_hand_translation_m"": null, ""trial_finished_elapsed_s"": null, ""trial_recording"": true, ""trial_required_tool_ids"": [7, 35, 36]}"
2026-09-03T16:52:57.360-04:00,sandeep,language,part_selection,language,r1_fasten_first_stand,Row 1.4: fasten right stand,ready,7,28,7,BIT_SCREWDRIVER,23.312675,37.590578,,,,,,,,,,,,,,,1,,,,,,"{""acquired_tool_ids"": [7, 35, 36], ""acquisition_complete"": false, ""completed_steps"": [""r1_gear_rod"", ""r1_bearing_right"", ""r1_bearing_left"", ""r2_bearing_right"", ""r2_gear_rod"", ""r2_bearing_left""], ""head_rotation_deg"": null, ""head_translation_m"": null, ""left_hand_translation_m"": null, ""removed_tool_ids"": [14, 15, 18, 19, 20, 21, 26, 27, 28], ""right_hand_translation_m"": null, ""selected_step"": ""r1_fasten_first_stand"", ""step_attempt"": 7, ""step_elapsed_s"": 37.590623637952376, ""step_event_index"": 28, ""total_hand_translation_m"": null, ""trial_finished_elapsed_s"": null, ""trial_recording"": true, ""trial_required_tool_ids"": [7, 35, 36]}"
2026-09-03T16:52:57.397-04:00,sandeep,language,object_acquired,language,r1_fasten_first_stand,Row 1.4: fasten right stand,ready,7,29,7,BIT_SCREWDRIVER,23.312675,37.590578,,,,,,,,,,,,,,,1,,,,,,"{""acquired_tool_ids"": [7, 35, 36], ""acquisition_complete"": false, ""completed_steps"": [""r1_gear_rod"", ""r1_bearing_right"", ""r1_bearing_left"", ""r2_bearing_right"", ""r2_gear_rod"", ""r2_bearing_left""], ""head_rotation_deg"": null, ""head_translation_m"": null, ""left_hand_translation_m"": null, ""removed_tool_ids"": [14, 15, 18, 19, 20, 21, 26, 27, 28], ""right_hand_translation_m"": null, ""selected_step"": ""r1_fasten_first_stand"", ""step_attempt"": 7, ""step_elapsed_s"": 37.6269689379842, ""step_event_index"": 29, ""total_hand_translation_m"": null, ""trial_finished_elapsed_s"": null, ""trial_recording"": true, ""trial_required_tool_ids"": [7, 35, 36]}"
2026-09-03T16:52:57.459-04:00,sandeep,language,step_acquisition_complete,language,r1_fasten_first_stand,Row 1.4: fasten right stand,ready,7,30,,,,37.687996,0.000000,0.000000,0.000000,0.000000,0.000000,0.000000,0.000000,0.000000,0.000000,0,0,0.000000,0.000000,0.000000,,,,,,,"{""acquired_tool_ids"": [7, 35, 36], ""acquisition_complete"": true, ""any_hover_time_s"": 0.0, ""completed_steps"": [""r1_gear_rod"", ""r1_bearing_right"", ""r1_bearing_left"", ""r2_bearing_right"", ""r2_gear_rod"", ""r2_bearing_left""], ""head_rotation_deg"": 0.0, ""head_translation_m"": 0.0, ""hover_time_percent"": 0.0, ""left_hand_translation_m"": 0.0, ""left_hover_episodes"": 0, ""left_hover_time_s"": 0.0, ""left_hover_translation_m"": 0.0, ""removed_tool_ids"": [14, 15, 18, 19, 20, 21, 26, 27, 28], ""right_hand_translation_m"": 0.0, ""right_hover_episodes"": 0, ""right_hover_time_s"": 0.0, ""right_hover_translation_m"": 0.0, ""selected_step"": ""r1_fasten_first_stand"", ""step_attempt"": 7, ""step_elapsed_s"": 37.6879964999971, ""step_event_index"": 30, ""total_hand_translation_m"": 0.0, ""total_hover_translation_m"": 0.0, ""trial_finished_elapsed_s"": 37.6879964999971, ""trial_recording"": false, ""trial_required_tool_ids"": [7, 35, 36]}"
2026-09-03T16:52:57.501-04:00,sandeep,language,graph_complete,,r1_fasten_first_stand,Row 1.4: fasten right stand,complete,7,31,,,,,,,,,,,,,,,,,,,,,,,,,"{""acquired_tool_ids"": [7, 35, 36], ""acquisition_complete"": true, ""any_hover_time_s"": 0.0, ""completed_steps"": [""r1_gear_rod"", ""r1_bearing_right"", ""r1_bearing_left"", ""r2_bearing_right"", ""r2_gear_rod"", ""r2_bearing_left"", ""r1_fasten_first_stand"", ""r1_insert_rod_and_fit_second"", ""r1_fasten_second_stand""], ""head_rotation_deg"": 0.0, ""head_translation_m"": 0.0, ""hover_time_percent"": 0.0, ""left_hand_translation_m"": 0.0, ""left_hover_episodes"": 0, ""left_hover_time_s"": 0.0, ""left_hover_translation_m"": 0.0, ""removed_tool_ids"": [14, 15, 18, 19, 20, 21, 26, 27, 28], ""right_hand_translation_m"": 0.0, ""right_hover_episodes"": 0, ""right_hover_time_s"": 0.0, ""right_hover_translation_m"": 0.0, ""selected_step"": ""r1_fasten_first_stand"", ""step_attempt"": 7, ""step_elapsed_s"": 37.6879964999971, ""step_event_index"": 31, ""total_hand_translation_m"": 0.0, ""total_hover_translation_m"": 0.0, ""trial_finished_elapsed_s"": 37.6879964999971, ""trial_recording"": false, ""trial_required_tool_ids"": [7, 35, 36]}"
2026-09-03T16:53:07.059-04:00,sandeep,language,step_started,keyboard,r2_fasten_first_stand,Row 2.4: fasten right stand,ready,8,1,,,,,,,,,,,,,,,,,,,,,,,,,"{""acquired_tool_ids"": [], ""acquisition_complete"": false, ""completed_steps"": [""r1_gear_rod"", ""r1_bearing_right"", ""r1_bearing_left"", ""r2_bearing_right"", ""r2_gear_rod"", ""r2_bearing_left"", ""r1_fasten_first_stand"", ""r1_insert_rod_and_fit_second"", ""r1_fasten_second_stand""], ""head_rotation_deg"": null, ""head_translation_m"": null, ""left_hand_translation_m"": null, ""removed_tool_ids"": [14, 15, 18, 19, 20, 21, 26, 27, 28], ""right_hand_translation_m"": null, ""selected_step"": ""r2_fasten_first_stand"", ""step_attempt"": 8, ""step_elapsed_s"": 0.0005041389958932996, ""step_event_index"": 1, ""total_hand_translation_m"": null, ""trial_finished_elapsed_s"": null, ""trial_recording"": true, ""trial_required_tool_ids"": [37]}"
2026-09-03T16:53:09.875-04:00,sandeep,language,participant_speech_submitted,speech,r2_fasten_first_stand,Row 2.4: fasten right stand,ready,8,2,,,,2.816588,,,,,,,,,,,,,,,,bit holder2,,,speech_proxy,,"{""acquired_tool_ids"": [], ""acquisition_complete"": false, ""completed_steps"": [""r1_gear_rod"", ""r1_bearing_right"", ""r1_bearing_left"", ""r2_bearing_right"", ""r2_gear_rod"", ""r2_bearing_left"", ""r1_fasten_first_stand"", ""r1_insert_rod_and_fit_second"", ""r1_fasten_second_stand""], ""head_rotation_deg"": null, ""head_translation_m"": null, ""left_hand_translation_m"": null, ""removed_tool_ids"": [14, 15, 18, 19, 20, 21, 26, 27, 28], ""right_hand_translation_m"": null, ""selected_step"": ""r2_fasten_first_stand"", ""step_attempt"": 8, ""step_elapsed_s"": 2.816606039996259, ""step_event_index"": 2, ""total_hand_translation_m"": null, ""trial_finished_elapsed_s"": null, ""trial_recording"": true, ""trial_required_tool_ids"": [37]}"
2026-09-03T16:53:09.926-04:00,sandeep,language,vlm_request_submitted,speech,r2_fasten_first_stand,Row 2.4: fasten right stand,ready,8,3,,,,2.867262,,,,,,,,,,,,,,,,bit holder2,,,speech_proxy,,"{""acquired_tool_ids"": [], ""acquisition_complete"": false, ""completed_steps"": [""r1_gear_rod"", ""r1_bearing_right"", ""r1_bearing_left"", ""r2_bearing_right"", ""r2_gear_rod"", ""r2_bearing_left"", ""r1_fasten_first_stand"", ""r1_insert_rod_and_fit_second"", ""r1_fasten_second_stand""], ""head_rotation_deg"": null, ""head_translation_m"": null, ""left_hand_translation_m"": null, ""removed_tool_ids"": [14, 15, 18, 19, 20, 21, 26, 27, 28], ""right_hand_translation_m"": null, ""selected_step"": ""r2_fasten_first_stand"", ""step_attempt"": 8, ""step_elapsed_s"": 2.8672787719988264, ""step_event_index"": 3, ""total_hand_translation_m"": null, ""trial_finished_elapsed_s"": null, ""trial_recording"": true, ""trial_required_tool_ids"": [37]}"
2026-09-03T16:53:12.945-04:00,sandeep,language,vlm_inference_completed,lifecycle,r2_fasten_first_stand,Row 2.4: fasten right stand,ready,8,4,,,,5.886299,,,,,,,,,,,,,,,,bit holder2,,,BIT_HOLDER2,,"{""acquired_tool_ids"": [], ""acquisition_complete"": false, ""completed_steps"": [""r1_gear_rod"", ""r1_bearing_right"", ""r1_bearing_left"", ""r2_bearing_right"", ""r2_gear_rod"", ""r2_bearing_left"", ""r1_fasten_first_stand"", ""r1_insert_rod_and_fit_second"", ""r1_fasten_second_stand""], ""head_rotation_deg"": null, ""head_translation_m"": null, ""left_hand_translation_m"": null, ""removed_tool_ids"": [14, 15, 18, 19, 20, 21, 26, 27, 28], ""right_hand_translation_m"": null, ""selected_step"": ""r2_fasten_first_stand"", ""step_attempt"": 8, ""step_elapsed_s"": 5.886309507011902, ""step_event_index"": 4, ""total_hand_translation_m"": null, ""trial_finished_elapsed_s"": null, ""trial_recording"": true, ""trial_required_tool_ids"": [37]}"
2026-09-03T16:53:12.967-04:00,sandeep,language,vlm_interaction,language,r2_fasten_first_stand,Row 2.4: fasten right stand,ready,8,5,,,,,,,,,,,,,,,,,,,,bit holder2,BIT_HOLDER2,"{""intent"":""part_reference"",""part_action"":""reference"",""reference_relation"":""direct"",""step_scope"":"""",""target"":""BIT_HOLDER2"",""candidates"":[],""exclude_labels"":[]}",language_grounded,"I identified and highlighted the Bit Holder 2, containing the T25 Torx bit.","{""acquired_tool_ids"": [], ""acquisition_complete"": false, ""completed_steps"": [""r1_gear_rod"", ""r1_bearing_right"", ""r1_bearing_left"", ""r2_bearing_right"", ""r2_gear_rod"", ""r2_bearing_left"", ""r1_fasten_first_stand"", ""r1_insert_rod_and_fit_second"", ""r1_fasten_second_stand""], ""head_rotation_deg"": null, ""head_translation_m"": null, ""left_hand_translation_m"": null, ""removed_tool_ids"": [14, 15, 18, 19, 20, 21, 26, 27, 28], ""right_hand_translation_m"": null, ""selected_step"": ""r2_fasten_first_stand"", ""step_attempt"": 8, ""step_elapsed_s"": 5.908548598003108, ""step_event_index"": 5, ""total_hand_translation_m"": null, ""trial_finished_elapsed_s"": null, ""trial_recording"": true, ""trial_required_tool_ids"": [37]}"
2026-09-03T16:53:13.014-04:00,sandeep,language,part_selection,language,r2_fasten_first_stand,Row 2.4: fasten right stand,ready,8,6,37,BITHOLDER2,5.955006,5.955006,,,,,,,,,,,,,,,1,,,,,,"{""acquired_tool_ids"": [37], ""acquisition_complete"": false, ""completed_steps"": [""r1_gear_rod"", ""r1_bearing_right"", ""r1_bearing_left"", ""r2_bearing_right"", ""r2_gear_rod"", ""r2_bearing_left"", ""r1_fasten_first_stand"", ""r1_insert_rod_and_fit_second"", ""r1_fasten_second_stand""], ""head_rotation_deg"": null, ""head_translation_m"": null, ""left_hand_translation_m"": null, ""removed_tool_ids"": [14, 15, 18, 19, 20, 21, 26, 27, 28], ""right_hand_translation_m"": null, ""selected_step"": ""r2_fasten_first_stand"", ""step_attempt"": 8, ""step_elapsed_s"": 5.955094842007384, ""step_event_index"": 6, ""total_hand_translation_m"": null, ""trial_finished_elapsed_s"": null, ""trial_recording"": true, ""trial_required_tool_ids"": [37]}"
2026-09-03T16:53:13.033-04:00,sandeep,language,object_acquired,language,r2_fasten_first_stand,Row 2.4: fasten right stand,ready,8,7,37,BITHOLDER2,5.955006,5.955006,,,,,,,,,,,,,,,1,,,,,,"{""acquired_tool_ids"": [37], ""acquisition_complete"": false, ""completed_steps"": [""r1_gear_rod"", ""r1_bearing_right"", ""r1_bearing_left"", ""r2_bearing_right"", ""r2_gear_rod"", ""r2_bearing_left"", ""r1_fasten_first_stand"", ""r1_insert_rod_and_fit_second"", ""r1_fasten_second_stand""], ""head_rotation_deg"": null, ""head_translation_m"": null, ""left_hand_translation_m"": null, ""removed_tool_ids"": [14, 15, 18, 19, 20, 21, 26, 27, 28], ""right_hand_translation_m"": null, ""selected_step"": ""r2_fasten_first_stand"", ""step_attempt"": 8, ""step_elapsed_s"": 5.9748263350338675, ""step_event_index"": 7, ""total_hand_translation_m"": null, ""trial_finished_elapsed_s"": null, ""trial_recording"": true, ""trial_required_tool_ids"": [37]}"
2026-09-03T16:53:13.064-04:00,sandeep,language,step_acquisition_complete,language,r2_fasten_first_stand,Row 2.4: fasten right stand,ready,8,8,,,,6.004018,0.000000,0.000000,0.000000,0.000000,0.000000,0.000000,0.000000,0.000000,0.000000,0,0,0.000000,0.000000,0.000000,,,,,,,"{""acquired_tool_ids"": [37], ""acquisition_complete"": true, ""any_hover_time_s"": 0.0, ""completed_steps"": [""r1_gear_rod"", ""r1_bearing_right"", ""r1_bearing_left"", ""r2_bearing_right"", ""r2_gear_rod"", ""r2_bearing_left"", ""r1_fasten_first_stand"", ""r1_insert_rod_and_fit_second"", ""r1_fasten_second_stand""], ""head_rotation_deg"": 0.0, ""head_translation_m"": 0.0, ""hover_time_percent"": 0.0, ""left_hand_translation_m"": 0.0, ""left_hover_episodes"": 0, ""left_hover_time_s"": 0.0, ""left_hover_translation_m"": 0.0, ""removed_tool_ids"": [14, 15, 18, 19, 20, 21, 26, 27, 28], ""right_hand_translation_m"": 0.0, ""right_hover_episodes"": 0, ""right_hover_time_s"": 0.0, ""right_hover_translation_m"": 0.0, ""selected_step"": ""r2_fasten_first_stand"", ""step_attempt"": 8, ""step_elapsed_s"": 6.00401806802256, ""step_event_index"": 8, ""total_hand_translation_m"": 0.0, ""total_hover_translation_m"": 0.0, ""trial_finished_elapsed_s"": 6.00401806802256, ""trial_recording"": false, ""trial_required_tool_ids"": [37]}"
2026-09-03T16:53:13.080-04:00,sandeep,language,graph_complete,,r2_fasten_first_stand,Row 2.4: fasten right stand,complete,8,9,,,,,,,,,,,,,,,,,,,,,,,,,"{""acquired_tool_ids"": [37], ""acquisition_complete"": true, ""any_hover_time_s"": 0.0, ""completed_steps"": [""r1_gear_rod"", ""r1_bearing_right"", ""r1_bearing_left"", ""r2_bearing_right"", ""r2_gear_rod"", ""r2_bearing_left"", ""r1_fasten_first_stand"", ""r1_insert_rod_and_fit_second"", ""r1_fasten_second_stand"", ""r2_fasten_first_stand"", ""r2_insert_rod_and_fit_second"", ""r2_fasten_second_stand""], ""head_rotation_deg"": 0.0, ""head_translation_m"": 0.0, ""hover_time_percent"": 0.0, ""left_hand_translation_m"": 0.0, ""left_hover_episodes"": 0, ""left_hover_time_s"": 0.0, ""left_hover_translation_m"": 0.0, ""removed_tool_ids"": [14, 15, 18, 19, 20, 21, 26, 27, 28], ""right_hand_translation_m"": 0.0, ""right_hover_episodes"": 0, ""right_hover_time_s"": 0.0, ""right_hover_translation_m"": 0.0, ""selected_step"": ""r2_fasten_first_stand"", ""step_attempt"": 8, ""step_elapsed_s"": 6.00401806802256, ""step_event_index"": 9, ""total_hand_translation_m"": 0.0, ""total_hover_translation_m"": 0.0, ""trial_finished_elapsed_s"": 6.00401806802256, ""trial_recording"": false, ""trial_required_tool_ids"": [37]}"
