timestamp,participant_id,condition,event_type,modality,step_id,step_title,step_state,step_attempt,step_event_index,tool_id,tool_name,part_elapsed_s,step_elapsed_s,head_translation_m,head_rotation_deg,left_hand_translation_m,right_hand_translation_m,total_hand_translation_m,left_hover_time_s,right_hover_time_s,any_hover_time_s,hover_time_percent,left_hover_episodes,right_hover_episodes,left_hover_translation_m,right_hover_translation_m,total_hover_translation_m,correct,transcript,vlm_prediction,vlm_raw,graph_decision,spoken_response,state_json
2026-09-03T16:55:18.354-04:00,sandeep,task_aware,step_started,keyboard,r2_gear_rod,Row 2.2: assemble gear rod,ready,1,1,,,,,,,,,,,,,,,,,,,,,,,,,"{""acquired_tool_ids"": [], ""acquisition_complete"": false, ""completed_steps"": [], ""head_rotation_deg"": null, ""head_translation_m"": null, ""left_hand_translation_m"": null, ""removed_tool_ids"": [], ""right_hand_translation_m"": null, ""selected_step"": ""r2_gear_rod"", ""step_attempt"": 1, ""step_elapsed_s"": 4.7043024096637964e-05, ""step_event_index"": 1, ""total_hand_translation_m"": null, ""trial_finished_elapsed_s"": null, ""trial_recording"": true, ""trial_required_tool_ids"": [15, 27, 28, 33]}"
2026-09-03T16:55:18.376-04:00,sandeep,task_aware,task_aware_highlight_presented,system,r2_gear_rod,Row 2.2: assemble gear rod,ready,1,2,,,,,,,,,,,,,,,,,,,,,"[15, 27, 28, 33]",,task_aware_proactive_highlight,,"{""acquired_tool_ids"": [], ""acquisition_complete"": false, ""completed_steps"": [], ""head_rotation_deg"": null, ""head_translation_m"": null, ""left_hand_translation_m"": null, ""removed_tool_ids"": [], ""right_hand_translation_m"": null, ""selected_step"": ""r2_gear_rod"", ""step_attempt"": 1, ""step_elapsed_s"": 0.02243949397234246, ""step_event_index"": 2, ""total_hand_translation_m"": null, ""trial_finished_elapsed_s"": null, ""trial_recording"": true, ""trial_required_tool_ids"": [15, 27, 28, 33]}"
2026-09-03T16:55:23.545-04:00,sandeep,task_aware,participant_speech_submitted,speech,r2_gear_rod,Row 2.2: assemble gear rod,ready,1,3,,,,5.191522,,,,,,,,,,,,,,,,gear rod,,,speech_proxy,,"{""acquired_tool_ids"": [], ""acquisition_complete"": false, ""completed_steps"": [], ""head_rotation_deg"": null, ""head_translation_m"": null, ""left_hand_translation_m"": null, ""removed_tool_ids"": [], ""right_hand_translation_m"": null, ""selected_step"": ""r2_gear_rod"", ""step_attempt"": 1, ""step_elapsed_s"": 5.191538639017381, ""step_event_index"": 3, ""total_hand_translation_m"": null, ""trial_finished_elapsed_s"": null, ""trial_recording"": true, ""trial_required_tool_ids"": [15, 27, 28, 33]}"
2026-09-03T16:55:23.577-04:00,sandeep,task_aware,vlm_request_submitted,speech,r2_gear_rod,Row 2.2: assemble gear rod,ready,1,4,,,,5.222933,,,,,,,,,,,,,,,,gear rod,,,speech_proxy,,"{""acquired_tool_ids"": [], ""acquisition_complete"": false, ""completed_steps"": [], ""head_rotation_deg"": null, ""head_translation_m"": null, ""left_hand_translation_m"": null, ""removed_tool_ids"": [], ""right_hand_translation_m"": null, ""selected_step"": ""r2_gear_rod"", ""step_attempt"": 1, ""step_elapsed_s"": 5.2229479309753515, ""step_event_index"": 4, ""total_hand_translation_m"": null, ""trial_finished_elapsed_s"": null, ""trial_recording"": true, ""trial_required_tool_ids"": [15, 27, 28, 33]}"
2026-09-03T16:55:27.074-04:00,sandeep,task_aware,vlm_inference_completed,lifecycle,r2_gear_rod,Row 2.2: assemble gear rod,ready,1,5,,,,8.719926,,,,,,,,,,,,,,,,gear rod,,,GEAR_ROD_ROW2,,"{""acquired_tool_ids"": [], ""acquisition_complete"": false, ""completed_steps"": [], ""head_rotation_deg"": null, ""head_translation_m"": null, ""left_hand_translation_m"": null, ""removed_tool_ids"": [], ""right_hand_translation_m"": null, ""selected_step"": ""r2_gear_rod"", ""step_attempt"": 1, ""step_elapsed_s"": 8.719935784989502, ""step_event_index"": 5, ""total_hand_translation_m"": null, ""trial_finished_elapsed_s"": null, ""trial_recording"": true, ""trial_required_tool_ids"": [15, 27, 28, 33]}"
2026-09-03T16:55:27.125-04:00,sandeep,task_aware,vlm_interaction,language,r2_gear_rod,Row 2.2: assemble gear rod,ready,1,6,,,,,,,,,,,,,,,,,,,,gear rod,GEAR_ROD_ROW2,"{""intent"":""part_reference"",""part_action"":""reference"",""reference_relation"":""direct"",""step_scope"":"""",""target"":""GEAR_ROD_ROW2"",""candidates"":[],""exclude_labels"":[]}",language_grounded,I identified and highlighted the Row 2 gear rod.,"{""acquired_tool_ids"": [], ""acquisition_complete"": false, ""completed_steps"": [], ""head_rotation_deg"": null, ""head_translation_m"": null, ""left_hand_translation_m"": null, ""removed_tool_ids"": [], ""right_hand_translation_m"": null, ""selected_step"": ""r2_gear_rod"", ""step_attempt"": 1, ""step_elapsed_s"": 8.771502827992663, ""step_event_index"": 6, ""total_hand_translation_m"": null, ""trial_finished_elapsed_s"": null, ""trial_recording"": true, ""trial_required_tool_ids"": [15, 27, 28, 33]}"
2026-09-03T16:55:27.177-04:00,sandeep,task_aware,part_selection,language,r2_gear_rod,Row 2.2: assemble gear rod,ready,1,7,15,GEAR_ROD_ROW2,8.823507,8.823507,,,,,,,,,,,,,,,1,,,,,,"{""acquired_tool_ids"": [15], ""acquisition_complete"": false, ""completed_steps"": [], ""head_rotation_deg"": null, ""head_translation_m"": null, ""left_hand_translation_m"": null, ""removed_tool_ids"": [], ""right_hand_translation_m"": null, ""selected_step"": ""r2_gear_rod"", ""step_attempt"": 1, ""step_elapsed_s"": 8.82357420399785, ""step_event_index"": 7, ""total_hand_translation_m"": null, ""trial_finished_elapsed_s"": null, ""trial_recording"": true, ""trial_required_tool_ids"": [15, 27, 28, 33]}"
2026-09-03T16:55:27.202-04:00,sandeep,task_aware,object_acquired,language,r2_gear_rod,Row 2.2: assemble gear rod,ready,1,8,15,GEAR_ROD_ROW2,8.823507,8.823507,,,,,,,,,,,,,,,1,,,,,,"{""acquired_tool_ids"": [15], ""acquisition_complete"": false, ""completed_steps"": [], ""head_rotation_deg"": null, ""head_translation_m"": null, ""left_hand_translation_m"": null, ""removed_tool_ids"": [], ""right_hand_translation_m"": null, ""selected_step"": ""r2_gear_rod"", ""step_attempt"": 1, ""step_elapsed_s"": 8.848528806993272, ""step_event_index"": 8, ""total_hand_translation_m"": null, ""trial_finished_elapsed_s"": null, ""trial_recording"": true, ""trial_required_tool_ids"": [15, 27, 28, 33]}"
2026-09-03T16:55:27.222-04:00,sandeep,task_aware,tts_queued,lifecycle,r2_gear_rod,Row 2.2: assemble gear rod,ready,1,9,,,,8.868249,,,,,,,,,,,,,,,,3 parts left.,,,replace,,"{""acquired_tool_ids"": [15], ""acquisition_complete"": false, ""completed_steps"": [], ""head_rotation_deg"": null, ""head_translation_m"": null, ""left_hand_translation_m"": null, ""removed_tool_ids"": [], ""right_hand_translation_m"": null, ""selected_step"": ""r2_gear_rod"", ""step_attempt"": 1, ""step_elapsed_s"": 8.86826233600732, ""step_event_index"": 9, ""total_hand_translation_m"": null, ""trial_finished_elapsed_s"": null, ""trial_recording"": true, ""trial_required_tool_ids"": [15, 27, 28, 33]}"
2026-09-03T16:55:27.254-04:00,sandeep,task_aware,tts_started,lifecycle,r2_gear_rod,Row 2.2: assemble gear rod,ready,1,10,,,,8.900098,,,,,,,,,,,,,,,,3 parts left.,,,,,"{""acquired_tool_ids"": [15], ""acquisition_complete"": false, ""completed_steps"": [], ""head_rotation_deg"": null, ""head_translation_m"": null, ""left_hand_translation_m"": null, ""removed_tool_ids"": [], ""right_hand_translation_m"": null, ""selected_step"": ""r2_gear_rod"", ""step_attempt"": 1, ""step_elapsed_s"": 8.900110237998888, ""step_event_index"": 10, ""total_hand_translation_m"": null, ""trial_finished_elapsed_s"": null, ""trial_recording"": true, ""trial_required_tool_ids"": [15, 27, 28, 33]}"
2026-09-03T16:55:28.325-04:00,sandeep,task_aware,tts_finished,lifecycle,r2_gear_rod,Row 2.2: assemble gear rod,ready,1,11,,,,9.970845,,,,,,,,,,,,,,,,3 parts left.,,,,,"{""acquired_tool_ids"": [15], ""acquisition_complete"": false, ""completed_steps"": [], ""head_rotation_deg"": null, ""head_translation_m"": null, ""left_hand_translation_m"": null, ""removed_tool_ids"": [], ""right_hand_translation_m"": null, ""selected_step"": ""r2_gear_rod"", ""step_attempt"": 1, ""step_elapsed_s"": 9.970864652015734, ""step_event_index"": 11, ""total_hand_translation_m"": null, ""trial_finished_elapsed_s"": null, ""trial_recording"": true, ""trial_required_tool_ids"": [15, 27, 28, 33]}"
2026-09-03T16:55:38.630-04:00,sandeep,task_aware,participant_speech_submitted,speech,r2_gear_rod,Row 2.2: assemble gear rod,ready,1,12,,,,20.275968,,,,,,,,,,,,,,,,first gear,,,speech_proxy,,"{""acquired_tool_ids"": [15], ""acquisition_complete"": false, ""completed_steps"": [], ""head_rotation_deg"": null, ""head_translation_m"": null, ""left_hand_translation_m"": null, ""removed_tool_ids"": [], ""right_hand_translation_m"": null, ""selected_step"": ""r2_gear_rod"", ""step_attempt"": 1, ""step_elapsed_s"": 20.275984940002672, ""step_event_index"": 12, ""total_hand_translation_m"": null, ""trial_finished_elapsed_s"": null, ""trial_recording"": true, ""trial_required_tool_ids"": [15, 27, 28, 33]}"
2026-09-03T16:55:38.766-04:00,sandeep,task_aware,vlm_request_submitted,speech,r2_gear_rod,Row 2.2: assemble gear rod,ready,1,13,,,,20.412033,,,,,,,,,,,,,,,,first gear,,,speech_proxy,,"{""acquired_tool_ids"": [15], ""acquisition_complete"": false, ""completed_steps"": [], ""head_rotation_deg"": null, ""head_translation_m"": null, ""left_hand_translation_m"": null, ""removed_tool_ids"": [], ""right_hand_translation_m"": null, ""selected_step"": ""r2_gear_rod"", ""step_attempt"": 1, ""step_elapsed_s"": 20.412051076011267, ""step_event_index"": 13, ""total_hand_translation_m"": null, ""trial_finished_elapsed_s"": null, ""trial_recording"": true, ""trial_required_tool_ids"": [15, 27, 28, 33]}"
2026-09-03T16:55:42.298-04:00,sandeep,task_aware,vlm_inference_completed,lifecycle,r2_gear_rod,Row 2.2: assemble gear rod,ready,1,14,,,,23.944701,,,,,,,,,,,,,,,,first gear,,,GEAR_ROW2_LEFT,,"{""acquired_tool_ids"": [15], ""acquisition_complete"": false, ""completed_steps"": [], ""head_rotation_deg"": null, ""head_translation_m"": null, ""left_hand_translation_m"": null, ""removed_tool_ids"": [], ""right_hand_translation_m"": null, ""selected_step"": ""r2_gear_rod"", ""step_attempt"": 1, ""step_elapsed_s"": 23.94471049902495, ""step_event_index"": 14, ""total_hand_translation_m"": null, ""trial_finished_elapsed_s"": null, ""trial_recording"": true, ""trial_required_tool_ids"": [15, 27, 28, 33]}"
2026-09-03T16:55:42.338-04:00,sandeep,task_aware,vlm_interaction,language,r2_gear_rod,Row 2.2: assemble gear rod,ready,1,15,,,,,,,,,,,,,,,,,,,,first gear,GEAR_ROW2_LEFT,"{""intent"":""part_reference"",""part_action"":""reference"",""reference_relation"":""direct"",""step_scope"":""selected_step"",""target"":""GEAR_ROW2_LEFT"",""candidates"":[],""exclude_labels"":[]}",language_grounded,I identified and highlighted the Row 2 left gear.,"{""acquired_tool_ids"": [15], ""acquisition_complete"": false, ""completed_steps"": [], ""head_rotation_deg"": null, ""head_translation_m"": null, ""left_hand_translation_m"": null, ""removed_tool_ids"": [], ""right_hand_translation_m"": null, ""selected_step"": ""r2_gear_rod"", ""step_attempt"": 1, ""step_elapsed_s"": 23.984778643993195, ""step_event_index"": 15, ""total_hand_translation_m"": null, ""trial_finished_elapsed_s"": null, ""trial_recording"": true, ""trial_required_tool_ids"": [15, 27, 28, 33]}"
2026-09-03T16:55:42.380-04:00,sandeep,task_aware,part_selection,language,r2_gear_rod,Row 2.2: assemble gear rod,ready,1,16,27,GEAR_ROW2_LEFT,15.202744,24.026252,,,,,,,,,,,,,,,1,,,,,,"{""acquired_tool_ids"": [15, 27], ""acquisition_complete"": false, ""completed_steps"": [], ""head_rotation_deg"": null, ""head_translation_m"": null, ""left_hand_translation_m"": null, ""removed_tool_ids"": [], ""right_hand_translation_m"": null, ""selected_step"": ""r2_gear_rod"", ""step_attempt"": 1, ""step_elapsed_s"": 24.026290283014532, ""step_event_index"": 16, ""total_hand_translation_m"": null, ""trial_finished_elapsed_s"": null, ""trial_recording"": true, ""trial_required_tool_ids"": [15, 27, 28, 33]}"
2026-09-03T16:55:42.396-04:00,sandeep,task_aware,object_acquired,language,r2_gear_rod,Row 2.2: assemble gear rod,ready,1,17,27,GEAR_ROW2_LEFT,15.202744,24.026252,,,,,,,,,,,,,,,1,,,,,,"{""acquired_tool_ids"": [15, 27], ""acquisition_complete"": false, ""completed_steps"": [], ""head_rotation_deg"": null, ""head_translation_m"": null, ""left_hand_translation_m"": null, ""removed_tool_ids"": [], ""right_hand_translation_m"": null, ""selected_step"": ""r2_gear_rod"", ""step_attempt"": 1, ""step_elapsed_s"": 24.042272006976418, ""step_event_index"": 17, ""total_hand_translation_m"": null, ""trial_finished_elapsed_s"": null, ""trial_recording"": true, ""trial_required_tool_ids"": [15, 27, 28, 33]}"
2026-09-03T16:55:42.405-04:00,sandeep,task_aware,tts_queued,lifecycle,r2_gear_rod,Row 2.2: assemble gear rod,ready,1,18,,,,24.051439,,,,,,,,,,,,,,,,2 parts left.,,,replace,,"{""acquired_tool_ids"": [15, 27], ""acquisition_complete"": false, ""completed_steps"": [], ""head_rotation_deg"": null, ""head_translation_m"": null, ""left_hand_translation_m"": null, ""removed_tool_ids"": [], ""right_hand_translation_m"": null, ""selected_step"": ""r2_gear_rod"", ""step_attempt"": 1, ""step_elapsed_s"": 24.051446228986606, ""step_event_index"": 18, ""total_hand_translation_m"": null, ""trial_finished_elapsed_s"": null, ""trial_recording"": true, ""trial_required_tool_ids"": [15, 27, 28, 33]}"
2026-09-03T16:55:42.428-04:00,sandeep,task_aware,tts_started,lifecycle,r2_gear_rod,Row 2.2: assemble gear rod,ready,1,19,,,,24.074584,,,,,,,,,,,,,,,,2 parts left.,,,,,"{""acquired_tool_ids"": [15, 27], ""acquisition_complete"": false, ""completed_steps"": [], ""head_rotation_deg"": null, ""head_translation_m"": null, ""left_hand_translation_m"": null, ""removed_tool_ids"": [], ""right_hand_translation_m"": null, ""selected_step"": ""r2_gear_rod"", ""step_attempt"": 1, ""step_elapsed_s"": 24.074594488018192, ""step_event_index"": 19, ""total_hand_translation_m"": null, ""trial_finished_elapsed_s"": null, ""trial_recording"": true, ""trial_required_tool_ids"": [15, 27, 28, 33]}"
2026-09-03T16:55:43.548-04:00,sandeep,task_aware,tts_finished,lifecycle,r2_gear_rod,Row 2.2: assemble gear rod,ready,1,20,,,,25.194370,,,,,,,,,,,,,,,,2 parts left.,,,,,"{""acquired_tool_ids"": [15, 27], ""acquisition_complete"": false, ""completed_steps"": [], ""head_rotation_deg"": null, ""head_translation_m"": null, ""left_hand_translation_m"": null, ""removed_tool_ids"": [], ""right_hand_translation_m"": null, ""selected_step"": ""r2_gear_rod"", ""step_attempt"": 1, ""step_elapsed_s"": 25.194379595981445, ""step_event_index"": 20, ""total_hand_translation_m"": null, ""trial_finished_elapsed_s"": null, ""trial_recording"": true, ""trial_required_tool_ids"": [15, 27, 28, 33]}"
2026-09-03T16:55:47.852-04:00,sandeep,task_aware,participant_speech_submitted,speech,r2_gear_rod,Row 2.2: assemble gear rod,ready,1,21,,,,29.498413,,,,,,,,,,,,,,,,second gear,,,speech_proxy,,"{""acquired_tool_ids"": [15, 27], ""acquisition_complete"": false, ""completed_steps"": [], ""head_rotation_deg"": null, ""head_translation_m"": null, ""left_hand_translation_m"": null, ""removed_tool_ids"": [], ""right_hand_translation_m"": null, ""selected_step"": ""r2_gear_rod"", ""step_attempt"": 1, ""step_elapsed_s"": 29.498429694969673, ""step_event_index"": 21, ""total_hand_translation_m"": null, ""trial_finished_elapsed_s"": null, ""trial_recording"": true, ""trial_required_tool_ids"": [15, 27, 28, 33]}"
2026-09-03T16:55:47.913-04:00,sandeep,task_aware,vlm_request_submitted,speech,r2_gear_rod,Row 2.2: assemble gear rod,ready,1,22,,,,29.559189,,,,,,,,,,,,,,,,second gear,,,speech_proxy,,"{""acquired_tool_ids"": [15, 27], ""acquisition_complete"": false, ""completed_steps"": [], ""head_rotation_deg"": null, ""head_translation_m"": null, ""left_hand_translation_m"": null, ""removed_tool_ids"": [], ""right_hand_translation_m"": null, ""selected_step"": ""r2_gear_rod"", ""step_attempt"": 1, ""step_elapsed_s"": 29.559198211994953, ""step_event_index"": 22, ""total_hand_translation_m"": null, ""trial_finished_elapsed_s"": null, ""trial_recording"": true, ""trial_required_tool_ids"": [15, 27, 28, 33]}"
2026-09-03T16:55:51.369-04:00,sandeep,task_aware,vlm_inference_completed,lifecycle,r2_gear_rod,Row 2.2: assemble gear rod,ready,1,23,,,,33.015468,,,,,,,,,,,,,,,,second gear,,,GEAR_ROW2_RIGHT,,"{""acquired_tool_ids"": [15, 27], ""acquisition_complete"": false, ""completed_steps"": [], ""head_rotation_deg"": null, ""head_translation_m"": null, ""left_hand_translation_m"": null, ""removed_tool_ids"": [], ""right_hand_translation_m"": null, ""selected_step"": ""r2_gear_rod"", ""step_attempt"": 1, ""step_elapsed_s"": 33.01547748199664, ""step_event_index"": 23, ""total_hand_translation_m"": null, ""trial_finished_elapsed_s"": null, ""trial_recording"": true, ""trial_required_tool_ids"": [15, 27, 28, 33]}"
2026-09-03T16:55:51.417-04:00,sandeep,task_aware,vlm_interaction,language,r2_gear_rod,Row 2.2: assemble gear rod,ready,1,24,,,,,,,,,,,,,,,,,,,,second gear,GEAR_ROW2_RIGHT,"{""intent"":""part_reference"",""part_action"":""reference"",""reference_relation"":""direct"",""step_scope"":""selected_step"",""target"":""GEAR_ROW2_RIGHT"",""candidates"":[],""exclude_labels"":[]}",language_grounded,I identified and highlighted the Row 2 right gear.,"{""acquired_tool_ids"": [15, 27], ""acquisition_complete"": false, ""completed_steps"": [], ""head_rotation_deg"": null, ""head_translation_m"": null, ""left_hand_translation_m"": null, ""removed_tool_ids"": [], ""right_hand_translation_m"": null, ""selected_step"": ""r2_gear_rod"", ""step_attempt"": 1, ""step_elapsed_s"": 33.063150882022455, ""step_event_index"": 24, ""total_hand_translation_m"": null, ""trial_finished_elapsed_s"": null, ""trial_recording"": true, ""trial_required_tool_ids"": [15, 27, 28, 33]}"
2026-09-03T16:55:51.474-04:00,sandeep,task_aware,part_selection,language,r2_gear_rod,Row 2.2: assemble gear rod,ready,1,25,28,GEAR_ROW2_RIGHT,9.094211,33.120462,,,,,,,,,,,,,,,1,,,,,,"{""acquired_tool_ids"": [15, 27, 28], ""acquisition_complete"": false, ""completed_steps"": [], ""head_rotation_deg"": null, ""head_translation_m"": null, ""left_hand_translation_m"": null, ""removed_tool_ids"": [], ""right_hand_translation_m"": null, ""selected_step"": ""r2_gear_rod"", ""step_attempt"": 1, ""step_elapsed_s"": 33.12049711297732, ""step_event_index"": 25, ""total_hand_translation_m"": null, ""trial_finished_elapsed_s"": null, ""trial_recording"": true, ""trial_required_tool_ids"": [15, 27, 28, 33]}"
2026-09-03T16:55:51.504-04:00,sandeep,task_aware,object_acquired,language,r2_gear_rod,Row 2.2: assemble gear rod,ready,1,26,28,GEAR_ROW2_RIGHT,9.094211,33.120462,,,,,,,,,,,,,,,1,,,,,,"{""acquired_tool_ids"": [15, 27, 28], ""acquisition_complete"": false, ""completed_steps"": [], ""head_rotation_deg"": null, ""head_translation_m"": null, ""left_hand_translation_m"": null, ""removed_tool_ids"": [], ""right_hand_translation_m"": null, ""selected_step"": ""r2_gear_rod"", ""step_attempt"": 1, ""step_elapsed_s"": 33.14986785198562, ""step_event_index"": 26, ""total_hand_translation_m"": null, ""trial_finished_elapsed_s"": null, ""trial_recording"": true, ""trial_required_tool_ids"": [15, 27, 28, 33]}"
2026-09-03T16:55:51.527-04:00,sandeep,task_aware,tts_queued,lifecycle,r2_gear_rod,Row 2.2: assemble gear rod,ready,1,27,,,,33.172989,,,,,,,,,,,,,,,,1 part left.,,,replace,,"{""acquired_tool_ids"": [15, 27, 28], ""acquisition_complete"": false, ""completed_steps"": [], ""head_rotation_deg"": null, ""head_translation_m"": null, ""left_hand_translation_m"": null, ""removed_tool_ids"": [], ""right_hand_translation_m"": null, ""selected_step"": ""r2_gear_rod"", ""step_attempt"": 1, ""step_elapsed_s"": 33.172995821980294, ""step_event_index"": 27, ""total_hand_translation_m"": null, ""trial_finished_elapsed_s"": null, ""trial_recording"": true, ""trial_required_tool_ids"": [15, 27, 28, 33]}"
2026-09-03T16:55:51.562-04:00,sandeep,task_aware,tts_started,lifecycle,r2_gear_rod,Row 2.2: assemble gear rod,ready,1,28,,,,33.208433,,,,,,,,,,,,,,,,1 part left.,,,,,"{""acquired_tool_ids"": [15, 27, 28], ""acquisition_complete"": false, ""completed_steps"": [], ""head_rotation_deg"": null, ""head_translation_m"": null, ""left_hand_translation_m"": null, ""removed_tool_ids"": [], ""right_hand_translation_m"": null, ""selected_step"": ""r2_gear_rod"", ""step_attempt"": 1, ""step_elapsed_s"": 33.20844259299338, ""step_event_index"": 28, ""total_hand_translation_m"": null, ""trial_finished_elapsed_s"": null, ""trial_recording"": true, ""trial_required_tool_ids"": [15, 27, 28, 33]}"
2026-09-03T16:55:52.719-04:00,sandeep,task_aware,tts_finished,lifecycle,r2_gear_rod,Row 2.2: assemble gear rod,ready,1,29,,,,34.365581,,,,,,,,,,,,,,,,1 part left.,,,,,"{""acquired_tool_ids"": [15, 27, 28], ""acquisition_complete"": false, ""completed_steps"": [], ""head_rotation_deg"": null, ""head_translation_m"": null, ""left_hand_translation_m"": null, ""removed_tool_ids"": [], ""right_hand_translation_m"": null, ""selected_step"": ""r2_gear_rod"", ""step_attempt"": 1, ""step_elapsed_s"": 34.36559204699006, ""step_event_index"": 29, ""total_hand_translation_m"": null, ""trial_finished_elapsed_s"": null, ""trial_recording"": true, ""trial_required_tool_ids"": [15, 27, 28, 33]}"
2026-09-03T16:55:55.621-04:00,sandeep,task_aware,participant_speech_submitted,speech,r2_gear_rod,Row 2.2: assemble gear rod,ready,1,30,,,,37.267328,,,,,,,,,,,,,,,,pin,,,speech_proxy,,"{""acquired_tool_ids"": [15, 27, 28], ""acquisition_complete"": false, ""completed_steps"": [], ""head_rotation_deg"": null, ""head_translation_m"": null, ""left_hand_translation_m"": null, ""removed_tool_ids"": [], ""right_hand_translation_m"": null, ""selected_step"": ""r2_gear_rod"", ""step_attempt"": 1, ""step_elapsed_s"": 37.26734296500217, ""step_event_index"": 30, ""total_hand_translation_m"": null, ""trial_finished_elapsed_s"": null, ""trial_recording"": true, ""trial_required_tool_ids"": [15, 27, 28, 33]}"
2026-09-03T16:55:55.676-04:00,sandeep,task_aware,vlm_request_submitted,speech,r2_gear_rod,Row 2.2: assemble gear rod,ready,1,31,,,,37.322251,,,,,,,,,,,,,,,,pin,,,speech_proxy,,"{""acquired_tool_ids"": [15, 27, 28], ""acquisition_complete"": false, ""completed_steps"": [], ""head_rotation_deg"": null, ""head_translation_m"": null, ""left_hand_translation_m"": null, ""removed_tool_ids"": [], ""right_hand_translation_m"": null, ""selected_step"": ""r2_gear_rod"", ""step_attempt"": 1, ""step_elapsed_s"": 37.3222693449934, ""step_event_index"": 31, ""total_hand_translation_m"": null, ""trial_finished_elapsed_s"": null, ""trial_recording"": true, ""trial_required_tool_ids"": [15, 27, 28, 33]}"
2026-09-03T16:55:58.822-04:00,sandeep,task_aware,vlm_inference_completed,lifecycle,r2_gear_rod,Row 2.2: assemble gear rod,ready,1,32,,,,40.468128,,,,,,,,,,,,,,,,pin,,,PIN,,"{""acquired_tool_ids"": [15, 27, 28], ""acquisition_complete"": false, ""completed_steps"": [], ""head_rotation_deg"": null, ""head_translation_m"": null, ""left_hand_translation_m"": null, ""removed_tool_ids"": [], ""right_hand_translation_m"": null, ""selected_step"": ""r2_gear_rod"", ""step_attempt"": 1, ""step_elapsed_s"": 40.46813833800843, ""step_event_index"": 32, ""total_hand_translation_m"": null, ""trial_finished_elapsed_s"": null, ""trial_recording"": true, ""trial_required_tool_ids"": [15, 27, 28, 33]}"
2026-09-03T16:55:58.862-04:00,sandeep,task_aware,vlm_interaction,language,r2_gear_rod,Row 2.2: assemble gear rod,ready,1,33,,,,,,,,,,,,,,,,,,,,pin,PIN,"{""intent"":""part_reference"",""part_action"":""reference"",""reference_relation"":""direct"",""step_scope"":"""",""target"":""PIN"",""candidates"":[],""exclude_labels"":[]}",language_grounded,I identified and highlighted the wooden retaining pin.,"{""acquired_tool_ids"": [15, 27, 28], ""acquisition_complete"": false, ""completed_steps"": [], ""head_rotation_deg"": null, ""head_translation_m"": null, ""left_hand_translation_m"": null, ""removed_tool_ids"": [], ""right_hand_translation_m"": null, ""selected_step"": ""r2_gear_rod"", ""step_attempt"": 1, ""step_elapsed_s"": 40.50833054498071, ""step_event_index"": 33, ""total_hand_translation_m"": null, ""trial_finished_elapsed_s"": null, ""trial_recording"": true, ""trial_required_tool_ids"": [15, 27, 28, 33]}"
2026-09-03T16:55:58.889-04:00,sandeep,task_aware,part_selection,language,r2_gear_rod,Row 2.2: assemble gear rod,ready,1,34,33,PINS,7.414512,40.534975,,,,,,,,,,,,,,,1,,,,,,"{""acquired_tool_ids"": [15, 27, 28, 33], ""acquisition_complete"": false, ""completed_steps"": [], ""head_rotation_deg"": null, ""head_translation_m"": null, ""left_hand_translation_m"": null, ""removed_tool_ids"": [], ""right_hand_translation_m"": null, ""selected_step"": ""r2_gear_rod"", ""step_attempt"": 1, ""step_elapsed_s"": 40.535030470986385, ""step_event_index"": 34, ""total_hand_translation_m"": null, ""trial_finished_elapsed_s"": null, ""trial_recording"": true, ""trial_required_tool_ids"": [15, 27, 28, 33]}"
2026-09-03T16:55:58.934-04:00,sandeep,task_aware,object_acquired,language,r2_gear_rod,Row 2.2: assemble gear rod,ready,1,35,33,PINS,7.414512,40.534975,,,,,,,,,,,,,,,1,,,,,,"{""acquired_tool_ids"": [15, 27, 28, 33], ""acquisition_complete"": false, ""completed_steps"": [], ""head_rotation_deg"": null, ""head_translation_m"": null, ""left_hand_translation_m"": null, ""removed_tool_ids"": [], ""right_hand_translation_m"": null, ""selected_step"": ""r2_gear_rod"", ""step_attempt"": 1, ""step_elapsed_s"": 40.58047965797596, ""step_event_index"": 35, ""total_hand_translation_m"": null, ""trial_finished_elapsed_s"": null, ""trial_recording"": true, ""trial_required_tool_ids"": [15, 27, 28, 33]}"
2026-09-03T16:55:58.948-04:00,sandeep,task_aware,step_acquisition_complete,language,r2_gear_rod,Row 2.2: assemble gear rod,ready,1,36,,,,40.592884,0.000000,0.000000,0.000000,0.000000,0.000000,0.000000,0.000000,0.000000,0.000000,0,0,0.000000,0.000000,0.000000,,,,,,,"{""acquired_tool_ids"": [15, 27, 28, 33], ""acquisition_complete"": true, ""any_hover_time_s"": 0.0, ""completed_steps"": [], ""head_rotation_deg"": 0.0, ""head_translation_m"": 0.0, ""hover_time_percent"": 0.0, ""left_hand_translation_m"": 0.0, ""left_hover_episodes"": 0, ""left_hover_time_s"": 0.0, ""left_hover_translation_m"": 0.0, ""removed_tool_ids"": [15, 27, 28], ""right_hand_translation_m"": 0.0, ""right_hover_episodes"": 0, ""right_hover_time_s"": 0.0, ""right_hover_translation_m"": 0.0, ""selected_step"": ""r2_gear_rod"", ""step_attempt"": 1, ""step_elapsed_s"": 40.59288365399698, ""step_event_index"": 36, ""total_hand_translation_m"": 0.0, ""total_hover_translation_m"": 0.0, ""trial_finished_elapsed_s"": 40.59288365399698, ""trial_recording"": false, ""trial_required_tool_ids"": [15, 27, 28, 33]}"
2026-09-03T16:55:58.962-04:00,sandeep,task_aware,graph_complete,,r2_gear_rod,Row 2.2: assemble gear rod,complete,1,37,,,,,,,,,,,,,,,,,,,,,,,,,"{""acquired_tool_ids"": [15, 27, 28, 33], ""acquisition_complete"": true, ""any_hover_time_s"": 0.0, ""completed_steps"": [""r2_gear_rod""], ""head_rotation_deg"": 0.0, ""head_translation_m"": 0.0, ""hover_time_percent"": 0.0, ""left_hand_translation_m"": 0.0, ""left_hover_episodes"": 0, ""left_hover_time_s"": 0.0, ""left_hover_translation_m"": 0.0, ""removed_tool_ids"": [15, 27, 28], ""right_hand_translation_m"": 0.0, ""right_hover_episodes"": 0, ""right_hover_time_s"": 0.0, ""right_hover_translation_m"": 0.0, ""selected_step"": ""r2_gear_rod"", ""step_attempt"": 1, ""step_elapsed_s"": 40.59288365399698, ""step_event_index"": 37, ""total_hand_translation_m"": 0.0, ""total_hover_translation_m"": 0.0, ""trial_finished_elapsed_s"": 40.59288365399698, ""trial_recording"": false, ""trial_required_tool_ids"": [15, 27, 28, 33]}"
2026-09-03T16:56:11.829-04:00,sandeep,task_aware,step_started,keyboard,r1_bearing_right,Row 1.1: bearing into right stand,ready,2,1,,,,,,,,,,,,,,,,,,,,,,,,,"{""acquired_tool_ids"": [], ""acquisition_complete"": false, ""completed_steps"": [""r2_gear_rod""], ""head_rotation_deg"": null, ""head_translation_m"": null, ""left_hand_translation_m"": null, ""removed_tool_ids"": [15, 27, 28], ""right_hand_translation_m"": null, ""selected_step"": ""r1_bearing_right"", ""step_attempt"": 2, ""step_elapsed_s"": 0.0007073460146784782, ""step_event_index"": 1, ""total_hand_translation_m"": null, ""trial_finished_elapsed_s"": null, ""trial_recording"": true, ""trial_required_tool_ids"": [19, 34]}"
2026-09-03T16:56:11.869-04:00,sandeep,task_aware,task_aware_highlight_presented,system,r1_bearing_right,Row 1.1: bearing into right stand,ready,2,2,,,,,,,,,,,,,,,,,,,,,"[34, 19]",,task_aware_proactive_highlight,,"{""acquired_tool_ids"": [], ""acquisition_complete"": false, ""completed_steps"": [""r2_gear_rod""], ""head_rotation_deg"": null, ""head_translation_m"": null, ""left_hand_translation_m"": null, ""removed_tool_ids"": [15, 27, 28], ""right_hand_translation_m"": null, ""selected_step"": ""r1_bearing_right"", ""step_attempt"": 2, ""step_elapsed_s"": 0.04163856798550114, ""step_event_index"": 2, ""total_hand_translation_m"": null, ""trial_finished_elapsed_s"": null, ""trial_recording"": true, ""trial_required_tool_ids"": [19, 34]}"
2026-09-03T16:56:16.277-04:00,sandeep,task_aware,participant_speech_submitted,speech,r1_bearing_right,Row 1.1: bearing into right stand,ready,2,3,,,,4.449117,,,,,,,,,,,,,,,,gear stand,,,speech_proxy,,"{""acquired_tool_ids"": [], ""acquisition_complete"": false, ""completed_steps"": [""r2_gear_rod""], ""head_rotation_deg"": null, ""head_translation_m"": null, ""left_hand_translation_m"": null, ""removed_tool_ids"": [15, 27, 28], ""right_hand_translation_m"": null, ""selected_step"": ""r1_bearing_right"", ""step_attempt"": 2, ""step_elapsed_s"": 4.44913613301469, ""step_event_index"": 3, ""total_hand_translation_m"": null, ""trial_finished_elapsed_s"": null, ""trial_recording"": true, ""trial_required_tool_ids"": [19, 34]}"
2026-09-03T16:56:16.302-04:00,sandeep,task_aware,vlm_request_submitted,speech,r1_bearing_right,Row 1.1: bearing into right stand,ready,2,4,,,,4.473767,,,,,,,,,,,,,,,,gear stand,,,speech_proxy,,"{""acquired_tool_ids"": [], ""acquisition_complete"": false, ""completed_steps"": [""r2_gear_rod""], ""head_rotation_deg"": null, ""head_translation_m"": null, ""left_hand_translation_m"": null, ""removed_tool_ids"": [15, 27, 28], ""right_hand_translation_m"": null, ""selected_step"": ""r1_bearing_right"", ""step_attempt"": 2, ""step_elapsed_s"": 4.473780348023865, ""step_event_index"": 4, ""total_hand_translation_m"": null, ""trial_finished_elapsed_s"": null, ""trial_recording"": true, ""trial_required_tool_ids"": [19, 34]}"
2026-09-03T16:56:19.715-04:00,sandeep,task_aware,vlm_inference_completed,lifecycle,r1_bearing_right,Row 1.1: bearing into right stand,ready,2,5,,,,7.887406,,,,,,,,,,,,,,,,gear stand,,,STAND_ROW1_RIGHT,,"{""acquired_tool_ids"": [], ""acquisition_complete"": false, ""completed_steps"": [""r2_gear_rod""], ""head_rotation_deg"": null, ""head_translation_m"": null, ""left_hand_translation_m"": null, ""removed_tool_ids"": [15, 27, 28], ""right_hand_translation_m"": null, ""selected_step"": ""r1_bearing_right"", ""step_attempt"": 2, ""step_elapsed_s"": 7.887415630975738, ""step_event_index"": 5, ""total_hand_translation_m"": null, ""trial_finished_elapsed_s"": null, ""trial_recording"": true, ""trial_required_tool_ids"": [19, 34]}"
2026-09-03T16:56:19.758-04:00,sandeep,task_aware,vlm_interaction,language,r1_bearing_right,Row 1.1: bearing into right stand,ready,2,6,,,,,,,,,,,,,,,,,,,,gear stand,STAND_ROW1_RIGHT,"{""intent"":""part_reference"",""part_action"":""reference"",""reference_relation"":""direct"",""step_scope"":"""",""target"":""STAND_ROW1_RIGHT"",""candidates"":[],""exclude_labels"":[]}",language_grounded,I identified and highlighted the Row 1 right stand.,"{""acquired_tool_ids"": [], ""acquisition_complete"": false, ""completed_steps"": [""r2_gear_rod""], ""head_rotation_deg"": null, ""head_translation_m"": null, ""left_hand_translation_m"": null, ""removed_tool_ids"": [15, 27, 28], ""right_hand_translation_m"": null, ""selected_step"": ""r1_bearing_right"", ""step_attempt"": 2, ""step_elapsed_s"": 7.930008583003655, ""step_event_index"": 6, ""total_hand_translation_m"": null, ""trial_finished_elapsed_s"": null, ""trial_recording"": true, ""trial_required_tool_ids"": [19, 34]}"
2026-09-03T16:56:19.798-04:00,sandeep,task_aware,part_selection,language,r1_bearing_right,Row 1.1: bearing into right stand,ready,2,7,19,GEAR_STAND_ROW1_RIGHT,7.970363,7.970363,,,,,,,,,,,,,,,1,,,,,,"{""acquired_tool_ids"": [19], ""acquisition_complete"": false, ""completed_steps"": [""r2_gear_rod""], ""head_rotation_deg"": null, ""head_translation_m"": null, ""left_hand_translation_m"": null, ""removed_tool_ids"": [15, 27, 28], ""right_hand_translation_m"": null, ""selected_step"": ""r1_bearing_right"", ""step_attempt"": 2, ""step_elapsed_s"": 7.970408134977333, ""step_event_index"": 7, ""total_hand_translation_m"": null, ""trial_finished_elapsed_s"": null, ""trial_recording"": true, ""trial_required_tool_ids"": [19, 34]}"
2026-09-03T16:56:19.824-04:00,sandeep,task_aware,object_acquired,language,r1_bearing_right,Row 1.1: bearing into right stand,ready,2,8,19,GEAR_STAND_ROW1_RIGHT,7.970363,7.970363,,,,,,,,,,,,,,,1,,,,,,"{""acquired_tool_ids"": [19], ""acquisition_complete"": false, ""completed_steps"": [""r2_gear_rod""], ""head_rotation_deg"": null, ""head_translation_m"": null, ""left_hand_translation_m"": null, ""removed_tool_ids"": [15, 27, 28], ""right_hand_translation_m"": null, ""selected_step"": ""r1_bearing_right"", ""step_attempt"": 2, ""step_elapsed_s"": 7.996577913989313, ""step_event_index"": 8, ""total_hand_translation_m"": null, ""trial_finished_elapsed_s"": null, ""trial_recording"": true, ""trial_required_tool_ids"": [19, 34]}"
2026-09-03T16:56:19.863-04:00,sandeep,task_aware,tts_queued,lifecycle,r1_bearing_right,Row 1.1: bearing into right stand,ready,2,9,,,,8.035048,,,,,,,,,,,,,,,,1 part left.,,,replace,,"{""acquired_tool_ids"": [19], ""acquisition_complete"": false, ""completed_steps"": [""r2_gear_rod""], ""head_rotation_deg"": null, ""head_translation_m"": null, ""left_hand_translation_m"": null, ""removed_tool_ids"": [15, 27, 28], ""right_hand_translation_m"": null, ""selected_step"": ""r1_bearing_right"", ""step_attempt"": 2, ""step_elapsed_s"": 8.035062882001512, ""step_event_index"": 9, ""total_hand_translation_m"": null, ""trial_finished_elapsed_s"": null, ""trial_recording"": true, ""trial_required_tool_ids"": [19, 34]}"
2026-09-03T16:56:19.904-04:00,sandeep,task_aware,tts_started,lifecycle,r1_bearing_right,Row 1.1: bearing into right stand,ready,2,10,,,,8.076580,,,,,,,,,,,,,,,,1 part left.,,,,,"{""acquired_tool_ids"": [19], ""acquisition_complete"": false, ""completed_steps"": [""r2_gear_rod""], ""head_rotation_deg"": null, ""head_translation_m"": null, ""left_hand_translation_m"": null, ""removed_tool_ids"": [15, 27, 28], ""right_hand_translation_m"": null, ""selected_step"": ""r1_bearing_right"", ""step_attempt"": 2, ""step_elapsed_s"": 8.076590057986323, ""step_event_index"": 10, ""total_hand_translation_m"": null, ""trial_finished_elapsed_s"": null, ""trial_recording"": true, ""trial_required_tool_ids"": [19, 34]}"
2026-09-03T16:56:20.499-04:00,sandeep,task_aware,participant_speech_submitted,speech,r1_bearing_right,Row 1.1: bearing into right stand,ready,2,11,,,,8.671619,,,,,,,,,,,,,,,,bearing,,,speech_proxy,,"{""acquired_tool_ids"": [19], ""acquisition_complete"": false, ""completed_steps"": [""r2_gear_rod""], ""head_rotation_deg"": null, ""head_translation_m"": null, ""left_hand_translation_m"": null, ""removed_tool_ids"": [15, 27, 28], ""right_hand_translation_m"": null, ""selected_step"": ""r1_bearing_right"", ""step_attempt"": 2, ""step_elapsed_s"": 8.671642565983348, ""step_event_index"": 11, ""total_hand_translation_m"": null, ""trial_finished_elapsed_s"": null, ""trial_recording"": true, ""trial_required_tool_ids"": [19, 34]}"
2026-09-03T16:56:20.538-04:00,sandeep,task_aware,vlm_request_submitted,speech,r1_bearing_right,Row 1.1: bearing into right stand,ready,2,12,,,,8.710430,,,,,,,,,,,,,,,,bearing,,,speech_proxy,,"{""acquired_tool_ids"": [19], ""acquisition_complete"": false, ""completed_steps"": [""r2_gear_rod""], ""head_rotation_deg"": null, ""head_translation_m"": null, ""left_hand_translation_m"": null, ""removed_tool_ids"": [15, 27, 28], ""right_hand_translation_m"": null, ""selected_step"": ""r1_bearing_right"", ""step_attempt"": 2, ""step_elapsed_s"": 8.710449562000576, ""step_event_index"": 12, ""total_hand_translation_m"": null, ""trial_finished_elapsed_s"": null, ""trial_recording"": true, ""trial_required_tool_ids"": [19, 34]}"
2026-09-03T16:56:21.116-04:00,sandeep,task_aware,tts_finished,lifecycle,r1_bearing_right,Row 1.1: bearing into right stand,ready,2,13,,,,9.288474,,,,,,,,,,,,,,,,1 part left.,,,,,"{""acquired_tool_ids"": [19], ""acquisition_complete"": false, ""completed_steps"": [""r2_gear_rod""], ""head_rotation_deg"": null, ""head_translation_m"": null, ""left_hand_translation_m"": null, ""removed_tool_ids"": [15, 27, 28], ""right_hand_translation_m"": null, ""selected_step"": ""r1_bearing_right"", ""step_attempt"": 2, ""step_elapsed_s"": 9.288484867021907, ""step_event_index"": 13, ""total_hand_translation_m"": null, ""trial_finished_elapsed_s"": null, ""trial_recording"": true, ""trial_required_tool_ids"": [19, 34]}"
2026-09-03T16:56:23.833-04:00,sandeep,task_aware,vlm_inference_completed,lifecycle,r1_bearing_right,Row 1.1: bearing into right stand,ready,2,14,,,,12.005298,,,,,,,,,,,,,,,,bearing,,,BEARING,,"{""acquired_tool_ids"": [19], ""acquisition_complete"": false, ""completed_steps"": [""r2_gear_rod""], ""head_rotation_deg"": null, ""head_translation_m"": null, ""left_hand_translation_m"": null, ""removed_tool_ids"": [15, 27, 28], ""right_hand_translation_m"": null, ""selected_step"": ""r1_bearing_right"", ""step_attempt"": 2, ""step_elapsed_s"": 12.00530818401603, ""step_event_index"": 14, ""total_hand_translation_m"": null, ""trial_finished_elapsed_s"": null, ""trial_recording"": true, ""trial_required_tool_ids"": [19, 34]}"
2026-09-03T16:56:23.885-04:00,sandeep,task_aware,vlm_interaction,language,r1_bearing_right,Row 1.1: bearing into right stand,ready,2,15,,,,,,,,,,,,,,,,,,,,bearing,BEARING,"{""intent"":""part_reference"",""part_action"":""reference"",""reference_relation"":""direct"",""step_scope"":"""",""target"":""BEARING"",""candidates"":[],""exclude_labels"":[]}",language_grounded,I identified and highlighted the bearing.,"{""acquired_tool_ids"": [19], ""acquisition_complete"": false, ""completed_steps"": [""r2_gear_rod""], ""head_rotation_deg"": null, ""head_translation_m"": null, ""left_hand_translation_m"": null, ""removed_tool_ids"": [15, 27, 28], ""right_hand_translation_m"": null, ""selected_step"": ""r1_bearing_right"", ""step_attempt"": 2, ""step_elapsed_s"": 12.05729780998081, ""step_event_index"": 15, ""total_hand_translation_m"": null, ""trial_finished_elapsed_s"": null, ""trial_recording"": true, ""trial_required_tool_ids"": [19, 34]}"
2026-09-03T16:56:23.928-04:00,sandeep,task_aware,part_selection,language,r1_bearing_right,Row 1.1: bearing into right stand,ready,2,16,34,BEARINGS,4.129316,12.099679,,,,,,,,,,,,,,,1,,,,,,"{""acquired_tool_ids"": [19, 34], ""acquisition_complete"": false, ""completed_steps"": [""r2_gear_rod""], ""head_rotation_deg"": null, ""head_translation_m"": null, ""left_hand_translation_m"": null, ""removed_tool_ids"": [15, 27, 28], ""right_hand_translation_m"": null, ""selected_step"": ""r1_bearing_right"", ""step_attempt"": 2, ""step_elapsed_s"": 12.099751804023981, ""step_event_index"": 16, ""total_hand_translation_m"": null, ""trial_finished_elapsed_s"": null, ""trial_recording"": true, ""trial_required_tool_ids"": [19, 34]}"
2026-09-03T16:56:23.941-04:00,sandeep,task_aware,object_acquired,language,r1_bearing_right,Row 1.1: bearing into right stand,ready,2,17,34,BEARINGS,4.129316,12.099679,,,,,,,,,,,,,,,1,,,,,,"{""acquired_tool_ids"": [19, 34], ""acquisition_complete"": false, ""completed_steps"": [""r2_gear_rod""], ""head_rotation_deg"": null, ""head_translation_m"": null, ""left_hand_translation_m"": null, ""removed_tool_ids"": [15, 27, 28], ""right_hand_translation_m"": null, ""selected_step"": ""r1_bearing_right"", ""step_attempt"": 2, ""step_elapsed_s"": 12.11348313500639, ""step_event_index"": 17, ""total_hand_translation_m"": null, ""trial_finished_elapsed_s"": null, ""trial_recording"": true, ""trial_required_tool_ids"": [19, 34]}"
2026-09-03T16:56:23.964-04:00,sandeep,task_aware,step_acquisition_complete,language,r1_bearing_right,Row 1.1: bearing into right stand,ready,2,18,,,,12.135398,0.000000,0.000000,0.000000,0.000000,0.000000,0.000000,0.000000,0.000000,0.000000,0,0,0.000000,0.000000,0.000000,,,,,,,"{""acquired_tool_ids"": [19, 34], ""acquisition_complete"": true, ""any_hover_time_s"": 0.0, ""completed_steps"": [""r2_gear_rod""], ""head_rotation_deg"": 0.0, ""head_translation_m"": 0.0, ""hover_time_percent"": 0.0, ""left_hand_translation_m"": 0.0, ""left_hover_episodes"": 0, ""left_hover_time_s"": 0.0, ""left_hover_translation_m"": 0.0, ""removed_tool_ids"": [15, 19, 27, 28], ""right_hand_translation_m"": 0.0, ""right_hover_episodes"": 0, ""right_hover_time_s"": 0.0, ""right_hover_translation_m"": 0.0, ""selected_step"": ""r1_bearing_right"", ""step_attempt"": 2, ""step_elapsed_s"": 12.13539774500532, ""step_event_index"": 18, ""total_hand_translation_m"": 0.0, ""total_hover_translation_m"": 0.0, ""trial_finished_elapsed_s"": 12.13539774500532, ""trial_recording"": false, ""trial_required_tool_ids"": [19, 34]}"
2026-09-03T16:56:23.980-04:00,sandeep,task_aware,graph_complete,,r1_bearing_right,Row 1.1: bearing into right stand,complete,2,19,,,,,,,,,,,,,,,,,,,,,,,,,"{""acquired_tool_ids"": [19, 34], ""acquisition_complete"": true, ""any_hover_time_s"": 0.0, ""completed_steps"": [""r2_gear_rod"", ""r1_bearing_right""], ""head_rotation_deg"": 0.0, ""head_translation_m"": 0.0, ""hover_time_percent"": 0.0, ""left_hand_translation_m"": 0.0, ""left_hover_episodes"": 0, ""left_hover_time_s"": 0.0, ""left_hover_translation_m"": 0.0, ""removed_tool_ids"": [15, 19, 27, 28], ""right_hand_translation_m"": 0.0, ""right_hover_episodes"": 0, ""right_hover_time_s"": 0.0, ""right_hover_translation_m"": 0.0, ""selected_step"": ""r1_bearing_right"", ""step_attempt"": 2, ""step_elapsed_s"": 12.13539774500532, ""step_event_index"": 19, ""total_hand_translation_m"": 0.0, ""total_hover_translation_m"": 0.0, ""trial_finished_elapsed_s"": 12.13539774500532, ""trial_recording"": false, ""trial_required_tool_ids"": [19, 34]}"
2026-09-03T16:56:35.539-04:00,sandeep,task_aware,step_started,keyboard,r1_bearing_left,Row 1.3: bearing into left stand,ready,3,1,,,,,,,,,,,,,,,,,,,,,,,,,"{""acquired_tool_ids"": [], ""acquisition_complete"": false, ""completed_steps"": [""r2_gear_rod"", ""r1_bearing_right""], ""head_rotation_deg"": null, ""head_translation_m"": null, ""left_hand_translation_m"": null, ""removed_tool_ids"": [15, 19, 27, 28], ""right_hand_translation_m"": null, ""selected_step"": ""r1_bearing_left"", ""step_attempt"": 3, ""step_elapsed_s"": 0.0005408930010162294, ""step_event_index"": 1, ""total_hand_translation_m"": null, ""trial_finished_elapsed_s"": null, ""trial_recording"": true, ""trial_required_tool_ids"": [18]}"
2026-09-03T16:56:35.578-04:00,sandeep,task_aware,task_aware_highlight_presented,system,r1_bearing_left,Row 1.3: bearing into left stand,ready,3,2,,,,,,,,,,,,,,,,,,,,,"[34, 18]",,task_aware_proactive_highlight,,"{""acquired_tool_ids"": [], ""acquisition_complete"": false, ""completed_steps"": [""r2_gear_rod"", ""r1_bearing_right""], ""head_rotation_deg"": null, ""head_translation_m"": null, ""left_hand_translation_m"": null, ""removed_tool_ids"": [15, 19, 27, 28], ""right_hand_translation_m"": null, ""selected_step"": ""r1_bearing_left"", ""step_attempt"": 3, ""step_elapsed_s"": 0.03981663205195218, ""step_event_index"": 2, ""total_hand_translation_m"": null, ""trial_finished_elapsed_s"": null, ""trial_recording"": true, ""trial_required_tool_ids"": [18]}"
2026-09-03T16:56:39.074-04:00,sandeep,task_aware,participant_speech_submitted,speech,r1_bearing_left,Row 1.3: bearing into left stand,ready,3,3,,,,3.535825,,,,,,,,,,,,,,,,gear stasnd,,,speech_proxy,,"{""acquired_tool_ids"": [], ""acquisition_complete"": false, ""completed_steps"": [""r2_gear_rod"", ""r1_bearing_right""], ""head_rotation_deg"": null, ""head_translation_m"": null, ""left_hand_translation_m"": null, ""removed_tool_ids"": [15, 19, 27, 28], ""right_hand_translation_m"": null, ""selected_step"": ""r1_bearing_left"", ""step_attempt"": 3, ""step_elapsed_s"": 3.535845711012371, ""step_event_index"": 3, ""total_hand_translation_m"": null, ""trial_finished_elapsed_s"": null, ""trial_recording"": true, ""trial_required_tool_ids"": [18]}"
2026-09-03T16:56:39.109-04:00,sandeep,task_aware,vlm_request_submitted,speech,r1_bearing_left,Row 1.3: bearing into left stand,ready,3,4,,,,3.570107,,,,,,,,,,,,,,,,gear stasnd,,,speech_proxy,,"{""acquired_tool_ids"": [], ""acquisition_complete"": false, ""completed_steps"": [""r2_gear_rod"", ""r1_bearing_right""], ""head_rotation_deg"": null, ""head_translation_m"": null, ""left_hand_translation_m"": null, ""removed_tool_ids"": [15, 19, 27, 28], ""right_hand_translation_m"": null, ""selected_step"": ""r1_bearing_left"", ""step_attempt"": 3, ""step_elapsed_s"": 3.5701236680033617, ""step_event_index"": 4, ""total_hand_translation_m"": null, ""trial_finished_elapsed_s"": null, ""trial_recording"": true, ""trial_required_tool_ids"": [18]}"
2026-09-03T16:56:42.528-04:00,sandeep,task_aware,vlm_inference_completed,lifecycle,r1_bearing_left,Row 1.3: bearing into left stand,ready,3,5,,,,6.989034,,,,,,,,,,,,,,,,gear stasnd,,,STAND_ROW1_LEFT,,"{""acquired_tool_ids"": [], ""acquisition_complete"": false, ""completed_steps"": [""r2_gear_rod"", ""r1_bearing_right""], ""head_rotation_deg"": null, ""head_translation_m"": null, ""left_hand_translation_m"": null, ""removed_tool_ids"": [15, 19, 27, 28], ""right_hand_translation_m"": null, ""selected_step"": ""r1_bearing_left"", ""step_attempt"": 3, ""step_elapsed_s"": 6.989045109017752, ""step_event_index"": 5, ""total_hand_translation_m"": null, ""trial_finished_elapsed_s"": null, ""trial_recording"": true, ""trial_required_tool_ids"": [18]}"
2026-09-03T16:56:42.572-04:00,sandeep,task_aware,vlm_interaction,language,r1_bearing_left,Row 1.3: bearing into left stand,ready,3,6,,,,,,,,,,,,,,,,,,,,gear stasnd,STAND_ROW1_LEFT,"{""intent"":""part_reference"",""part_action"":""reference"",""reference_relation"":""direct"",""step_scope"":"""",""target"":""STAND_ROW1_LEFT"",""candidates"":[],""exclude_labels"":[]}",language_grounded,I identified and highlighted the Row 1 left stand.,"{""acquired_tool_ids"": [], ""acquisition_complete"": false, ""completed_steps"": [""r2_gear_rod"", ""r1_bearing_right""], ""head_rotation_deg"": null, ""head_translation_m"": null, ""left_hand_translation_m"": null, ""removed_tool_ids"": [15, 19, 27, 28], ""right_hand_translation_m"": null, ""selected_step"": ""r1_bearing_left"", ""step_attempt"": 3, ""step_elapsed_s"": 7.033386189024895, ""step_event_index"": 6, ""total_hand_translation_m"": null, ""trial_finished_elapsed_s"": null, ""trial_recording"": true, ""trial_required_tool_ids"": [18]}"
2026-09-03T16:56:42.596-04:00,sandeep,task_aware,part_selection,language,r1_bearing_left,Row 1.3: bearing into left stand,ready,3,7,18,GEAR_STAND_ROW1_LEFT,7.057895,7.057895,,,,,,,,,,,,,,,1,,,,,,"{""acquired_tool_ids"": [18], ""acquisition_complete"": false, ""completed_steps"": [""r2_gear_rod"", ""r1_bearing_right""], ""head_rotation_deg"": null, ""head_translation_m"": null, ""left_hand_translation_m"": null, ""removed_tool_ids"": [15, 19, 27, 28], ""right_hand_translation_m"": null, ""selected_step"": ""r1_bearing_left"", ""step_attempt"": 3, ""step_elapsed_s"": 7.057955619005952, ""step_event_index"": 7, ""total_hand_translation_m"": null, ""trial_finished_elapsed_s"": null, ""trial_recording"": true, ""trial_required_tool_ids"": [18]}"
2026-09-03T16:56:42.626-04:00,sandeep,task_aware,object_acquired,language,r1_bearing_left,Row 1.3: bearing into left stand,ready,3,8,18,GEAR_STAND_ROW1_LEFT,7.057895,7.057895,,,,,,,,,,,,,,,1,,,,,,"{""acquired_tool_ids"": [18], ""acquisition_complete"": false, ""completed_steps"": [""r2_gear_rod"", ""r1_bearing_right""], ""head_rotation_deg"": null, ""head_translation_m"": null, ""left_hand_translation_m"": null, ""removed_tool_ids"": [15, 19, 27, 28], ""right_hand_translation_m"": null, ""selected_step"": ""r1_bearing_left"", ""step_attempt"": 3, ""step_elapsed_s"": 7.087150514009409, ""step_event_index"": 8, ""total_hand_translation_m"": null, ""trial_finished_elapsed_s"": null, ""trial_recording"": true, ""trial_required_tool_ids"": [18]}"
2026-09-03T16:56:42.655-04:00,sandeep,task_aware,step_acquisition_complete,language,r1_bearing_left,Row 1.3: bearing into left stand,ready,3,9,,,,7.116095,0.000000,0.000000,0.000000,0.000000,0.000000,0.000000,0.000000,0.000000,0.000000,0,0,0.000000,0.000000,0.000000,,,,,,,"{""acquired_tool_ids"": [18], ""acquisition_complete"": true, ""any_hover_time_s"": 0.0, ""completed_steps"": [""r2_gear_rod"", ""r1_bearing_right""], ""head_rotation_deg"": 0.0, ""head_translation_m"": 0.0, ""hover_time_percent"": 0.0, ""left_hand_translation_m"": 0.0, ""left_hover_episodes"": 0, ""left_hover_time_s"": 0.0, ""left_hover_translation_m"": 0.0, ""removed_tool_ids"": [15, 18, 19, 27, 28], ""right_hand_translation_m"": 0.0, ""right_hover_episodes"": 0, ""right_hover_time_s"": 0.0, ""right_hover_translation_m"": 0.0, ""selected_step"": ""r1_bearing_left"", ""step_attempt"": 3, ""step_elapsed_s"": 7.116095250996295, ""step_event_index"": 9, ""total_hand_translation_m"": 0.0, ""total_hover_translation_m"": 0.0, ""trial_finished_elapsed_s"": 7.116095250996295, ""trial_recording"": false, ""trial_required_tool_ids"": [18]}"
2026-09-03T16:56:42.690-04:00,sandeep,task_aware,graph_complete,,r1_bearing_left,Row 1.3: bearing into left stand,complete,3,10,,,,,,,,,,,,,,,,,,,,,,,,,"{""acquired_tool_ids"": [18], ""acquisition_complete"": true, ""any_hover_time_s"": 0.0, ""completed_steps"": [""r2_gear_rod"", ""r1_bearing_right"", ""r1_bearing_left""], ""head_rotation_deg"": 0.0, ""head_translation_m"": 0.0, ""hover_time_percent"": 0.0, ""left_hand_translation_m"": 0.0, ""left_hover_episodes"": 0, ""left_hover_time_s"": 0.0, ""left_hover_translation_m"": 0.0, ""removed_tool_ids"": [15, 18, 19, 27, 28], ""right_hand_translation_m"": 0.0, ""right_hover_episodes"": 0, ""right_hover_time_s"": 0.0, ""right_hover_translation_m"": 0.0, ""selected_step"": ""r1_bearing_left"", ""step_attempt"": 3, ""step_elapsed_s"": 7.116095250996295, ""step_event_index"": 10, ""total_hand_translation_m"": 0.0, ""total_hover_translation_m"": 0.0, ""trial_finished_elapsed_s"": 7.116095250996295, ""trial_recording"": false, ""trial_required_tool_ids"": [18]}"
2026-09-03T16:56:57.383-04:00,sandeep,task_aware,step_started,keyboard,r1_fasten_first_stand,Row 1.4: fasten right stand,ready,4,1,,,,,,,,,,,,,,,,,,,,,,,,,"{""acquired_tool_ids"": [], ""acquisition_complete"": false, ""completed_steps"": [""r2_gear_rod"", ""r1_bearing_right"", ""r1_bearing_left""], ""head_rotation_deg"": null, ""head_translation_m"": null, ""left_hand_translation_m"": null, ""removed_tool_ids"": [15, 18, 19, 27, 28], ""right_hand_translation_m"": null, ""selected_step"": ""r1_fasten_first_stand"", ""step_attempt"": 4, ""step_elapsed_s"": 0.0005179960280656815, ""step_event_index"": 1, ""total_hand_translation_m"": null, ""trial_finished_elapsed_s"": null, ""trial_recording"": true, ""trial_required_tool_ids"": [7, 35, 36]}"
2026-09-03T16:56:57.433-04:00,sandeep,task_aware,task_aware_highlight_presented,system,r1_fasten_first_stand,Row 1.4: fasten right stand,ready,4,2,,,,,,,,,,,,,,,,,,,,,"[35, 7, 36]",,task_aware_proactive_highlight,,"{""acquired_tool_ids"": [], ""acquisition_complete"": false, ""completed_steps"": [""r2_gear_rod"", ""r1_bearing_right"", ""r1_bearing_left""], ""head_rotation_deg"": null, ""head_translation_m"": null, ""left_hand_translation_m"": null, ""removed_tool_ids"": [15, 18, 19, 27, 28], ""right_hand_translation_m"": null, ""selected_step"": ""r1_fasten_first_stand"", ""step_attempt"": 4, ""step_elapsed_s"": 0.05109702399931848, ""step_event_index"": 2, ""total_hand_translation_m"": null, ""trial_finished_elapsed_s"": null, ""trial_recording"": true, ""trial_required_tool_ids"": [7, 35, 36]}"
2026-09-03T16:56:59.768-04:00,sandeep,task_aware,participant_speech_submitted,speech,r1_fasten_first_stand,Row 1.4: fasten right stand,ready,4,3,,,,2.385203,,,,,,,,,,,,,,,,bit holder,,,speech_proxy,,"{""acquired_tool_ids"": [], ""acquisition_complete"": false, ""completed_steps"": [""r2_gear_rod"", ""r1_bearing_right"", ""r1_bearing_left""], ""head_rotation_deg"": null, ""head_translation_m"": null, ""left_hand_translation_m"": null, ""removed_tool_ids"": [15, 18, 19, 27, 28], ""right_hand_translation_m"": null, ""selected_step"": ""r1_fasten_first_stand"", ""step_attempt"": 4, ""step_elapsed_s"": 2.385222645010799, ""step_event_index"": 3, ""total_hand_translation_m"": null, ""trial_finished_elapsed_s"": null, ""trial_recording"": true, ""trial_required_tool_ids"": [7, 35, 36]}"
2026-09-03T16:56:59.803-04:00,sandeep,task_aware,vlm_request_submitted,speech,r1_fasten_first_stand,Row 1.4: fasten right stand,ready,4,4,,,,2.420237,,,,,,,,,,,,,,,,bit holder,,,speech_proxy,,"{""acquired_tool_ids"": [], ""acquisition_complete"": false, ""completed_steps"": [""r2_gear_rod"", ""r1_bearing_right"", ""r1_bearing_left""], ""head_rotation_deg"": null, ""head_translation_m"": null, ""left_hand_translation_m"": null, ""removed_tool_ids"": [15, 18, 19, 27, 28], ""right_hand_translation_m"": null, ""selected_step"": ""r1_fasten_first_stand"", ""step_attempt"": 4, ""step_elapsed_s"": 2.42025216401089, ""step_event_index"": 4, ""total_hand_translation_m"": null, ""trial_finished_elapsed_s"": null, ""trial_recording"": true, ""trial_required_tool_ids"": [7, 35, 36]}"
2026-09-03T16:57:03.302-04:00,sandeep,task_aware,vlm_inference_completed,lifecycle,r1_fasten_first_stand,Row 1.4: fasten right stand,ready,4,5,,,,5.919963,,,,,,,,,,,,,,,,bit holder,,,BIT_HOLDER1,,"{""acquired_tool_ids"": [], ""acquisition_complete"": false, ""completed_steps"": [""r2_gear_rod"", ""r1_bearing_right"", ""r1_bearing_left""], ""head_rotation_deg"": null, ""head_translation_m"": null, ""left_hand_translation_m"": null, ""removed_tool_ids"": [15, 18, 19, 27, 28], ""right_hand_translation_m"": null, ""selected_step"": ""r1_fasten_first_stand"", ""step_attempt"": 4, ""step_elapsed_s"": 5.919974436983466, ""step_event_index"": 5, ""total_hand_translation_m"": null, ""trial_finished_elapsed_s"": null, ""trial_recording"": true, ""trial_required_tool_ids"": [7, 35, 36]}"
2026-09-03T16:57:03.358-04:00,sandeep,task_aware,vlm_interaction,language,r1_fasten_first_stand,Row 1.4: fasten right stand,ready,4,6,,,,,,,,,,,,,,,,,,,,bit holder,BIT_HOLDER1,"{""intent"":""part_reference"",""part_action"":""reference"",""reference_relation"":""direct"",""step_scope"":"""",""target"":""BIT_HOLDER1"",""candidates"":[],""exclude_labels"":[]}",language_grounded,"I identified and highlighted the Bit Holder 1, containing the H5 and H3 hex bits.","{""acquired_tool_ids"": [], ""acquisition_complete"": false, ""completed_steps"": [""r2_gear_rod"", ""r1_bearing_right"", ""r1_bearing_left""], ""head_rotation_deg"": null, ""head_translation_m"": null, ""left_hand_translation_m"": null, ""removed_tool_ids"": [15, 18, 19, 27, 28], ""right_hand_translation_m"": null, ""selected_step"": ""r1_fasten_first_stand"", ""step_attempt"": 4, ""step_elapsed_s"": 5.976159085985273, ""step_event_index"": 6, ""total_hand_translation_m"": null, ""trial_finished_elapsed_s"": null, ""trial_recording"": true, ""trial_required_tool_ids"": [7, 35, 36]}"
2026-09-03T16:57:03.408-04:00,sandeep,task_aware,part_selection,language,r1_fasten_first_stand,Row 1.4: fasten right stand,ready,4,7,36,BITHOLDER1,6.025748,6.025748,,,,,,,,,,,,,,,1,,,,,,"{""acquired_tool_ids"": [36], ""acquisition_complete"": false, ""completed_steps"": [""r2_gear_rod"", ""r1_bearing_right"", ""r1_bearing_left""], ""head_rotation_deg"": null, ""head_translation_m"": null, ""left_hand_translation_m"": null, ""removed_tool_ids"": [15, 18, 19, 27, 28], ""right_hand_translation_m"": null, ""selected_step"": ""r1_fasten_first_stand"", ""step_attempt"": 4, ""step_elapsed_s"": 6.025814266002271, ""step_event_index"": 7, ""total_hand_translation_m"": null, ""trial_finished_elapsed_s"": null, ""trial_recording"": true, ""trial_required_tool_ids"": [7, 35, 36]}"
2026-09-03T16:57:03.428-04:00,sandeep,task_aware,object_acquired,language,r1_fasten_first_stand,Row 1.4: fasten right stand,ready,4,8,36,BITHOLDER1,6.025748,6.025748,,,,,,,,,,,,,,,1,,,,,,"{""acquired_tool_ids"": [36], ""acquisition_complete"": false, ""completed_steps"": [""r2_gear_rod"", ""r1_bearing_right"", ""r1_bearing_left""], ""head_rotation_deg"": null, ""head_translation_m"": null, ""left_hand_translation_m"": null, ""removed_tool_ids"": [15, 18, 19, 27, 28], ""right_hand_translation_m"": null, ""selected_step"": ""r1_fasten_first_stand"", ""step_attempt"": 4, ""step_elapsed_s"": 6.045956036017742, ""step_event_index"": 8, ""total_hand_translation_m"": null, ""trial_finished_elapsed_s"": null, ""trial_recording"": true, ""trial_required_tool_ids"": [7, 35, 36]}"
2026-09-03T16:57:03.443-04:00,sandeep,task_aware,tts_queued,lifecycle,r1_fasten_first_stand,Row 1.4: fasten right stand,ready,4,9,,,,6.061179,,,,,,,,,,,,,,,,2 parts left.,,,replace,,"{""acquired_tool_ids"": [36], ""acquisition_complete"": false, ""completed_steps"": [""r2_gear_rod"", ""r1_bearing_right"", ""r1_bearing_left""], ""head_rotation_deg"": null, ""head_translation_m"": null, ""left_hand_translation_m"": null, ""removed_tool_ids"": [15, 18, 19, 27, 28], ""right_hand_translation_m"": null, ""selected_step"": ""r1_fasten_first_stand"", ""step_attempt"": 4, ""step_elapsed_s"": 6.061193605011795, ""step_event_index"": 9, ""total_hand_translation_m"": null, ""trial_finished_elapsed_s"": null, ""trial_recording"": true, ""trial_required_tool_ids"": [7, 35, 36]}"
2026-09-03T16:57:03.481-04:00,sandeep,task_aware,tts_started,lifecycle,r1_fasten_first_stand,Row 1.4: fasten right stand,ready,4,10,,,,6.098755,,,,,,,,,,,,,,,,2 parts left.,,,,,"{""acquired_tool_ids"": [36], ""acquisition_complete"": false, ""completed_steps"": [""r2_gear_rod"", ""r1_bearing_right"", ""r1_bearing_left""], ""head_rotation_deg"": null, ""head_translation_m"": null, ""left_hand_translation_m"": null, ""removed_tool_ids"": [15, 18, 19, 27, 28], ""right_hand_translation_m"": null, ""selected_step"": ""r1_fasten_first_stand"", ""step_attempt"": 4, ""step_elapsed_s"": 6.098765369039029, ""step_event_index"": 10, ""total_hand_translation_m"": null, ""trial_finished_elapsed_s"": null, ""trial_recording"": true, ""trial_required_tool_ids"": [7, 35, 36]}"
2026-09-03T16:57:04.453-04:00,sandeep,task_aware,participant_speech_submitted,speech,r1_fasten_first_stand,Row 1.4: fasten right stand,ready,4,11,,,,7.070733,,,,,,,,,,,,,,,,screw driver,,,speech_proxy,,"{""acquired_tool_ids"": [36], ""acquisition_complete"": false, ""completed_steps"": [""r2_gear_rod"", ""r1_bearing_right"", ""r1_bearing_left""], ""head_rotation_deg"": null, ""head_translation_m"": null, ""left_hand_translation_m"": null, ""removed_tool_ids"": [15, 18, 19, 27, 28], ""right_hand_translation_m"": null, ""selected_step"": ""r1_fasten_first_stand"", ""step_attempt"": 4, ""step_elapsed_s"": 7.070756592031103, ""step_event_index"": 11, ""total_hand_translation_m"": null, ""trial_finished_elapsed_s"": null, ""trial_recording"": true, ""trial_required_tool_ids"": [7, 35, 36]}"
2026-09-03T16:57:04.494-04:00,sandeep,task_aware,vlm_request_submitted,speech,r1_fasten_first_stand,Row 1.4: fasten right stand,ready,4,12,,,,7.111633,,,,,,,,,,,,,,,,screw driver,,,speech_proxy,,"{""acquired_tool_ids"": [36], ""acquisition_complete"": false, ""completed_steps"": [""r2_gear_rod"", ""r1_bearing_right"", ""r1_bearing_left""], ""head_rotation_deg"": null, ""head_translation_m"": null, ""left_hand_translation_m"": null, ""removed_tool_ids"": [15, 18, 19, 27, 28], ""right_hand_translation_m"": null, ""selected_step"": ""r1_fasten_first_stand"", ""step_attempt"": 4, ""step_elapsed_s"": 7.111657822038978, ""step_event_index"": 12, ""total_hand_translation_m"": null, ""trial_finished_elapsed_s"": null, ""trial_recording"": true, ""trial_required_tool_ids"": [7, 35, 36]}"
2026-09-03T16:57:04.520-04:00,sandeep,task_aware,tts_finished,lifecycle,r1_fasten_first_stand,Row 1.4: fasten right stand,ready,4,13,,,,7.137068,,,,,,,,,,,,,,,,2 parts left.,,,,,"{""acquired_tool_ids"": [36], ""acquisition_complete"": false, ""completed_steps"": [""r2_gear_rod"", ""r1_bearing_right"", ""r1_bearing_left""], ""head_rotation_deg"": null, ""head_translation_m"": null, ""left_hand_translation_m"": null, ""removed_tool_ids"": [15, 18, 19, 27, 28], ""right_hand_translation_m"": null, ""selected_step"": ""r1_fasten_first_stand"", ""step_attempt"": 4, ""step_elapsed_s"": 7.137074459984433, ""step_event_index"": 13, ""total_hand_translation_m"": null, ""trial_finished_elapsed_s"": null, ""trial_recording"": true, ""trial_required_tool_ids"": [7, 35, 36]}"
2026-09-03T16:57:08.054-04:00,sandeep,task_aware,vlm_inference_completed,lifecycle,r1_fasten_first_stand,Row 1.4: fasten right stand,ready,4,14,,,,10.671580,,,,,,,,,,,,,,,,screw driver,,,BIT_SCREWDRIVER,,"{""acquired_tool_ids"": [36], ""acquisition_complete"": false, ""completed_steps"": [""r2_gear_rod"", ""r1_bearing_right"", ""r1_bearing_left""], ""head_rotation_deg"": null, ""head_translation_m"": null, ""left_hand_translation_m"": null, ""removed_tool_ids"": [15, 18, 19, 27, 28], ""right_hand_translation_m"": null, ""selected_step"": ""r1_fasten_first_stand"", ""step_attempt"": 4, ""step_elapsed_s"": 10.671591298014391, ""step_event_index"": 14, ""total_hand_translation_m"": null, ""trial_finished_elapsed_s"": null, ""trial_recording"": true, ""trial_required_tool_ids"": [7, 35, 36]}"
2026-09-03T16:57:08.094-04:00,sandeep,task_aware,vlm_interaction,language,r1_fasten_first_stand,Row 1.4: fasten right stand,ready,4,15,,,,,,,,,,,,,,,,,,,,screw driver,BIT_SCREWDRIVER,"{""intent"":""part_reference"",""part_action"":""reference"",""reference_relation"":""direct"",""step_scope"":"""",""target"":""BIT_SCREWDRIVER"",""candidates"":[],""exclude_labels"":[]}",language_grounded,I identified and highlighted the interchangeable-bit screwdriver.,"{""acquired_tool_ids"": [36], ""acquisition_complete"": false, ""completed_steps"": [""r2_gear_rod"", ""r1_bearing_right"", ""r1_bearing_left""], ""head_rotation_deg"": null, ""head_translation_m"": null, ""left_hand_translation_m"": null, ""removed_tool_ids"": [15, 18, 19, 27, 28], ""right_hand_translation_m"": null, ""selected_step"": ""r1_fasten_first_stand"", ""step_attempt"": 4, ""step_elapsed_s"": 10.711654121987522, ""step_event_index"": 15, ""total_hand_translation_m"": null, ""trial_finished_elapsed_s"": null, ""trial_recording"": true, ""trial_required_tool_ids"": [7, 35, 36]}"
2026-09-03T16:57:08.128-04:00,sandeep,task_aware,part_selection,language,r1_fasten_first_stand,Row 1.4: fasten right stand,ready,4,16,7,BIT_SCREWDRIVER,4.720357,10.746105,,,,,,,,,,,,,,,1,,,,,,"{""acquired_tool_ids"": [7, 36], ""acquisition_complete"": false, ""completed_steps"": [""r2_gear_rod"", ""r1_bearing_right"", ""r1_bearing_left""], ""head_rotation_deg"": null, ""head_translation_m"": null, ""left_hand_translation_m"": null, ""removed_tool_ids"": [15, 18, 19, 27, 28], ""right_hand_translation_m"": null, ""selected_step"": ""r1_fasten_first_stand"", ""step_attempt"": 4, ""step_elapsed_s"": 10.74616334203165, ""step_event_index"": 16, ""total_hand_translation_m"": null, ""trial_finished_elapsed_s"": null, ""trial_recording"": true, ""trial_required_tool_ids"": [7, 35, 36]}"
2026-09-03T16:57:08.156-04:00,sandeep,task_aware,object_acquired,language,r1_fasten_first_stand,Row 1.4: fasten right stand,ready,4,17,7,BIT_SCREWDRIVER,4.720357,10.746105,,,,,,,,,,,,,,,1,,,,,,"{""acquired_tool_ids"": [7, 36], ""acquisition_complete"": false, ""completed_steps"": [""r2_gear_rod"", ""r1_bearing_right"", ""r1_bearing_left""], ""head_rotation_deg"": null, ""head_translation_m"": null, ""left_hand_translation_m"": null, ""removed_tool_ids"": [15, 18, 19, 27, 28], ""right_hand_translation_m"": null, ""selected_step"": ""r1_fasten_first_stand"", ""step_attempt"": 4, ""step_elapsed_s"": 10.773488235019613, ""step_event_index"": 17, ""total_hand_translation_m"": null, ""trial_finished_elapsed_s"": null, ""trial_recording"": true, ""trial_required_tool_ids"": [7, 35, 36]}"
2026-09-03T16:57:08.177-04:00,sandeep,task_aware,tts_queued,lifecycle,r1_fasten_first_stand,Row 1.4: fasten right stand,ready,4,18,,,,10.795108,,,,,,,,,,,,,,,,1 part left.,,,replace,,"{""acquired_tool_ids"": [7, 36], ""acquisition_complete"": false, ""completed_steps"": [""r2_gear_rod"", ""r1_bearing_right"", ""r1_bearing_left""], ""head_rotation_deg"": null, ""head_translation_m"": null, ""left_hand_translation_m"": null, ""removed_tool_ids"": [15, 18, 19, 27, 28], ""right_hand_translation_m"": null, ""selected_step"": ""r1_fasten_first_stand"", ""step_attempt"": 4, ""step_elapsed_s"": 10.79512074100785, ""step_event_index"": 18, ""total_hand_translation_m"": null, ""trial_finished_elapsed_s"": null, ""trial_recording"": true, ""trial_required_tool_ids"": [7, 35, 36]}"
2026-09-03T16:57:08.227-04:00,sandeep,task_aware,tts_started,lifecycle,r1_fasten_first_stand,Row 1.4: fasten right stand,ready,4,19,,,,10.845131,,,,,,,,,,,,,,,,1 part left.,,,,,"{""acquired_tool_ids"": [7, 36], ""acquisition_complete"": false, ""completed_steps"": [""r2_gear_rod"", ""r1_bearing_right"", ""r1_bearing_left""], ""head_rotation_deg"": null, ""head_translation_m"": null, ""left_hand_translation_m"": null, ""removed_tool_ids"": [15, 18, 19, 27, 28], ""right_hand_translation_m"": null, ""selected_step"": ""r1_fasten_first_stand"", ""step_attempt"": 4, ""step_elapsed_s"": 10.845140939985868, ""step_event_index"": 19, ""total_hand_translation_m"": null, ""trial_finished_elapsed_s"": null, ""trial_recording"": true, ""trial_required_tool_ids"": [7, 35, 36]}"
2026-09-03T16:57:09.455-04:00,sandeep,task_aware,tts_finished,lifecycle,r1_fasten_first_stand,Row 1.4: fasten right stand,ready,4,20,,,,12.072229,,,,,,,,,,,,,,,,1 part left.,,,,,"{""acquired_tool_ids"": [7, 36], ""acquisition_complete"": false, ""completed_steps"": [""r2_gear_rod"", ""r1_bearing_right"", ""r1_bearing_left""], ""head_rotation_deg"": null, ""head_translation_m"": null, ""left_hand_translation_m"": null, ""removed_tool_ids"": [15, 18, 19, 27, 28], ""right_hand_translation_m"": null, ""selected_step"": ""r1_fasten_first_stand"", ""step_attempt"": 4, ""step_elapsed_s"": 12.07223964703735, ""step_event_index"": 20, ""total_hand_translation_m"": null, ""trial_finished_elapsed_s"": null, ""trial_recording"": true, ""trial_required_tool_ids"": [7, 35, 36]}"
2026-09-03T16:57:11.192-04:00,sandeep,task_aware,participant_speech_submitted,speech,r1_fasten_first_stand,Row 1.4: fasten right stand,ready,4,21,,,,13.809833,,,,,,,,,,,,,,,,screw,,,speech_proxy,,"{""acquired_tool_ids"": [7, 36], ""acquisition_complete"": false, ""completed_steps"": [""r2_gear_rod"", ""r1_bearing_right"", ""r1_bearing_left""], ""head_rotation_deg"": null, ""head_translation_m"": null, ""left_hand_translation_m"": null, ""removed_tool_ids"": [15, 18, 19, 27, 28], ""right_hand_translation_m"": null, ""selected_step"": ""r1_fasten_first_stand"", ""step_attempt"": 4, ""step_elapsed_s"": 13.809852284030057, ""step_event_index"": 21, ""total_hand_translation_m"": null, ""trial_finished_elapsed_s"": null, ""trial_recording"": true, ""trial_required_tool_ids"": [7, 35, 36]}"
2026-09-03T16:57:11.241-04:00,sandeep,task_aware,vlm_request_submitted,speech,r1_fasten_first_stand,Row 1.4: fasten right stand,ready,4,22,,,,13.858385,,,,,,,,,,,,,,,,screw,,,speech_proxy,,"{""acquired_tool_ids"": [7, 36], ""acquisition_complete"": false, ""completed_steps"": [""r2_gear_rod"", ""r1_bearing_right"", ""r1_bearing_left""], ""head_rotation_deg"": null, ""head_translation_m"": null, ""left_hand_translation_m"": null, ""removed_tool_ids"": [15, 18, 19, 27, 28], ""right_hand_translation_m"": null, ""selected_step"": ""r1_fasten_first_stand"", ""step_attempt"": 4, ""step_elapsed_s"": 13.858402134035714, ""step_event_index"": 22, ""total_hand_translation_m"": null, ""trial_finished_elapsed_s"": null, ""trial_recording"": true, ""trial_required_tool_ids"": [7, 35, 36]}"
2026-09-03T16:57:14.891-04:00,sandeep,task_aware,vlm_inference_completed,lifecycle,r1_fasten_first_stand,Row 1.4: fasten right stand,ready,4,23,,,,17.508366,,,,,,,,,,,,,,,,screw,,,SCREW_ROW1,,"{""acquired_tool_ids"": [7, 36], ""acquisition_complete"": false, ""completed_steps"": [""r2_gear_rod"", ""r1_bearing_right"", ""r1_bearing_left""], ""head_rotation_deg"": null, ""head_translation_m"": null, ""left_hand_translation_m"": null, ""removed_tool_ids"": [15, 18, 19, 27, 28], ""right_hand_translation_m"": null, ""selected_step"": ""r1_fasten_first_stand"", ""step_attempt"": 4, ""step_elapsed_s"": 17.508375709003303, ""step_event_index"": 23, ""total_hand_translation_m"": null, ""trial_finished_elapsed_s"": null, ""trial_recording"": true, ""trial_required_tool_ids"": [7, 35, 36]}"
2026-09-03T16:57:14.936-04:00,sandeep,task_aware,vlm_interaction,language,r1_fasten_first_stand,Row 1.4: fasten right stand,ready,4,24,,,,,,,,,,,,,,,,,,,,screw,SCREW_ROW1,"{""intent"":""part_reference"",""part_action"":""reference"",""reference_relation"":""direct"",""step_scope"":""selected_step"",""target"":""SCREW_ROW1_RIGHT"",""candidates"":[],""exclude_labels"":[]}",language_grounded,I identified and highlighted the Row 1 mounting screw.,"{""acquired_tool_ids"": [7, 36], ""acquisition_complete"": false, ""completed_steps"": [""r2_gear_rod"", ""r1_bearing_right"", ""r1_bearing_left""], ""head_rotation_deg"": null, ""head_translation_m"": null, ""left_hand_translation_m"": null, ""removed_tool_ids"": [15, 18, 19, 27, 28], ""right_hand_translation_m"": null, ""selected_step"": ""r1_fasten_first_stand"", ""step_attempt"": 4, ""step_elapsed_s"": 17.55356288701296, ""step_event_index"": 24, ""total_hand_translation_m"": null, ""trial_finished_elapsed_s"": null, ""trial_recording"": true, ""trial_required_tool_ids"": [7, 35, 36]}"
2026-09-03T16:57:14.954-04:00,sandeep,task_aware,part_selection,language,r1_fasten_first_stand,Row 1.4: fasten right stand,ready,4,25,35,SCREWS,6.825106,17.571211,,,,,,,,,,,,,,,1,,,,,,"{""acquired_tool_ids"": [7, 35, 36], ""acquisition_complete"": false, ""completed_steps"": [""r2_gear_rod"", ""r1_bearing_right"", ""r1_bearing_left""], ""head_rotation_deg"": null, ""head_translation_m"": null, ""left_hand_translation_m"": null, ""removed_tool_ids"": [15, 18, 19, 27, 28], ""right_hand_translation_m"": null, ""selected_step"": ""r1_fasten_first_stand"", ""step_attempt"": 4, ""step_elapsed_s"": 17.57126772403717, ""step_event_index"": 25, ""total_hand_translation_m"": null, ""trial_finished_elapsed_s"": null, ""trial_recording"": true, ""trial_required_tool_ids"": [7, 35, 36]}"
2026-09-03T16:57:14.967-04:00,sandeep,task_aware,object_acquired,language,r1_fasten_first_stand,Row 1.4: fasten right stand,ready,4,26,35,SCREWS,6.825106,17.571211,,,,,,,,,,,,,,,1,,,,,,"{""acquired_tool_ids"": [7, 35, 36], ""acquisition_complete"": false, ""completed_steps"": [""r2_gear_rod"", ""r1_bearing_right"", ""r1_bearing_left""], ""head_rotation_deg"": null, ""head_translation_m"": null, ""left_hand_translation_m"": null, ""removed_tool_ids"": [15, 18, 19, 27, 28], ""right_hand_translation_m"": null, ""selected_step"": ""r1_fasten_first_stand"", ""step_attempt"": 4, ""step_elapsed_s"": 17.584596291009802, ""step_event_index"": 26, ""total_hand_translation_m"": null, ""trial_finished_elapsed_s"": null, ""trial_recording"": true, ""trial_required_tool_ids"": [7, 35, 36]}"
2026-09-03T16:57:14.982-04:00,sandeep,task_aware,step_acquisition_complete,language,r1_fasten_first_stand,Row 1.4: fasten right stand,ready,4,27,,,,17.597254,0.000000,0.000000,0.000000,0.000000,0.000000,0.000000,0.000000,0.000000,0.000000,0,0,0.000000,0.000000,0.000000,,,,,,,"{""acquired_tool_ids"": [7, 35, 36], ""acquisition_complete"": true, ""any_hover_time_s"": 0.0, ""completed_steps"": [""r2_gear_rod"", ""r1_bearing_right"", ""r1_bearing_left""], ""head_rotation_deg"": 0.0, ""head_translation_m"": 0.0, ""hover_time_percent"": 0.0, ""left_hand_translation_m"": 0.0, ""left_hover_episodes"": 0, ""left_hover_time_s"": 0.0, ""left_hover_translation_m"": 0.0, ""removed_tool_ids"": [15, 18, 19, 27, 28], ""right_hand_translation_m"": 0.0, ""right_hover_episodes"": 0, ""right_hover_time_s"": 0.0, ""right_hover_translation_m"": 0.0, ""selected_step"": ""r1_fasten_first_stand"", ""step_attempt"": 4, ""step_elapsed_s"": 17.59725424402859, ""step_event_index"": 27, ""total_hand_translation_m"": 0.0, ""total_hover_translation_m"": 0.0, ""trial_finished_elapsed_s"": 17.59725424402859, ""trial_recording"": false, ""trial_required_tool_ids"": [7, 35, 36]}"
2026-09-03T16:57:14.996-04:00,sandeep,task_aware,graph_complete,,r1_fasten_first_stand,Row 1.4: fasten right stand,complete,4,28,,,,,,,,,,,,,,,,,,,,,,,,,"{""acquired_tool_ids"": [7, 35, 36], ""acquisition_complete"": true, ""any_hover_time_s"": 0.0, ""completed_steps"": [""r2_gear_rod"", ""r1_bearing_right"", ""r1_bearing_left"", ""r1_fasten_first_stand""], ""head_rotation_deg"": 0.0, ""head_translation_m"": 0.0, ""hover_time_percent"": 0.0, ""left_hand_translation_m"": 0.0, ""left_hover_episodes"": 0, ""left_hover_time_s"": 0.0, ""left_hover_translation_m"": 0.0, ""removed_tool_ids"": [15, 18, 19, 27, 28], ""right_hand_translation_m"": 0.0, ""right_hover_episodes"": 0, ""right_hover_time_s"": 0.0, ""right_hover_translation_m"": 0.0, ""selected_step"": ""r1_fasten_first_stand"", ""step_attempt"": 4, ""step_elapsed_s"": 17.59725424402859, ""step_event_index"": 28, ""total_hand_translation_m"": 0.0, ""total_hover_translation_m"": 0.0, ""trial_finished_elapsed_s"": 17.59725424402859, ""trial_recording"": false, ""trial_required_tool_ids"": [7, 35, 36]}"
2026-09-03T16:57:26.963-04:00,sandeep,task_aware,step_started,keyboard,r1_gear_rod,Row 1.2: assemble gear rod,ready,5,1,,,,,,,,,,,,,,,,,,,,,,,,,"{""acquired_tool_ids"": [], ""acquisition_complete"": false, ""completed_steps"": [""r2_gear_rod"", ""r1_bearing_right"", ""r1_bearing_left"", ""r1_fasten_first_stand""], ""head_rotation_deg"": null, ""head_translation_m"": null, ""left_hand_translation_m"": null, ""removed_tool_ids"": [15, 18, 19, 27, 28], ""right_hand_translation_m"": null, ""selected_step"": ""r1_gear_rod"", ""step_attempt"": 5, ""step_elapsed_s"": 0.0004928809939883649, ""step_event_index"": 1, ""total_hand_translation_m"": null, ""trial_finished_elapsed_s"": null, ""trial_recording"": true, ""trial_required_tool_ids"": [14, 26, 33]}"
2026-09-03T16:57:27.033-04:00,sandeep,task_aware,task_aware_highlight_presented,system,r1_gear_rod,Row 1.2: assemble gear rod,ready,5,2,,,,,,,,,,,,,,,,,,,,,"[14, 26, 33]",,task_aware_proactive_highlight,,"{""acquired_tool_ids"": [], ""acquisition_complete"": false, ""completed_steps"": [""r2_gear_rod"", ""r1_bearing_right"", ""r1_bearing_left"", ""r1_fasten_first_stand""], ""head_rotation_deg"": null, ""head_translation_m"": null, ""left_hand_translation_m"": null, ""removed_tool_ids"": [15, 18, 19, 27, 28], ""right_hand_translation_m"": null, ""selected_step"": ""r1_gear_rod"", ""step_attempt"": 5, ""step_elapsed_s"": 0.06996987597085536, ""step_event_index"": 2, ""total_hand_translation_m"": null, ""trial_finished_elapsed_s"": null, ""trial_recording"": true, ""trial_required_tool_ids"": [14, 26, 33]}"
2026-09-03T16:57:30.220-04:00,sandeep,task_aware,participant_speech_submitted,speech,r1_gear_rod,Row 1.2: assemble gear rod,ready,5,3,,,,3.257020,,,,,,,,,,,,,,,,gear rod,,,speech_proxy,,"{""acquired_tool_ids"": [], ""acquisition_complete"": false, ""completed_steps"": [""r2_gear_rod"", ""r1_bearing_right"", ""r1_bearing_left"", ""r1_fasten_first_stand""], ""head_rotation_deg"": null, ""head_translation_m"": null, ""left_hand_translation_m"": null, ""removed_tool_ids"": [15, 18, 19, 27, 28], ""right_hand_translation_m"": null, ""selected_step"": ""r1_gear_rod"", ""step_attempt"": 5, ""step_elapsed_s"": 3.257040128984954, ""step_event_index"": 3, ""total_hand_translation_m"": null, ""trial_finished_elapsed_s"": null, ""trial_recording"": true, ""trial_required_tool_ids"": [14, 26, 33]}"
2026-09-03T16:57:30.344-04:00,sandeep,task_aware,vlm_request_submitted,speech,r1_gear_rod,Row 1.2: assemble gear rod,ready,5,4,,,,3.381325,,,,,,,,,,,,,,,,gear rod,,,speech_proxy,,"{""acquired_tool_ids"": [], ""acquisition_complete"": false, ""completed_steps"": [""r2_gear_rod"", ""r1_bearing_right"", ""r1_bearing_left"", ""r1_fasten_first_stand""], ""head_rotation_deg"": null, ""head_translation_m"": null, ""left_hand_translation_m"": null, ""removed_tool_ids"": [15, 18, 19, 27, 28], ""right_hand_translation_m"": null, ""selected_step"": ""r1_gear_rod"", ""step_attempt"": 5, ""step_elapsed_s"": 3.3813431509770453, ""step_event_index"": 4, ""total_hand_translation_m"": null, ""trial_finished_elapsed_s"": null, ""trial_recording"": true, ""trial_required_tool_ids"": [14, 26, 33]}"
2026-09-03T16:57:34.073-04:00,sandeep,task_aware,vlm_inference_completed,lifecycle,r1_gear_rod,Row 1.2: assemble gear rod,ready,5,5,,,,7.110803,,,,,,,,,,,,,,,,gear rod,,,GEAR_ROD_ROW1,,"{""acquired_tool_ids"": [], ""acquisition_complete"": false, ""completed_steps"": [""r2_gear_rod"", ""r1_bearing_right"", ""r1_bearing_left"", ""r1_fasten_first_stand""], ""head_rotation_deg"": null, ""head_translation_m"": null, ""left_hand_translation_m"": null, ""removed_tool_ids"": [15, 18, 19, 27, 28], ""right_hand_translation_m"": null, ""selected_step"": ""r1_gear_rod"", ""step_attempt"": 5, ""step_elapsed_s"": 7.1108113109949045, ""step_event_index"": 5, ""total_hand_translation_m"": null, ""trial_finished_elapsed_s"": null, ""trial_recording"": true, ""trial_required_tool_ids"": [14, 26, 33]}"
2026-09-03T16:57:34.134-04:00,sandeep,task_aware,vlm_interaction,language,r1_gear_rod,Row 1.2: assemble gear rod,ready,5,6,,,,,,,,,,,,,,,,,,,,gear rod,GEAR_ROD_ROW1,"{""intent"":""part_reference"",""part_action"":""reference"",""reference_relation"":""direct"",""step_scope"":""selected_step"",""target"":""GEAR_ROD_ROW1"",""candidates"":[],""exclude_labels"":[]}",language_grounded,I identified and highlighted the Row 1 gear rod.,"{""acquired_tool_ids"": [], ""acquisition_complete"": false, ""completed_steps"": [""r2_gear_rod"", ""r1_bearing_right"", ""r1_bearing_left"", ""r1_fasten_first_stand""], ""head_rotation_deg"": null, ""head_translation_m"": null, ""left_hand_translation_m"": null, ""removed_tool_ids"": [15, 18, 19, 27, 28], ""right_hand_translation_m"": null, ""selected_step"": ""r1_gear_rod"", ""step_attempt"": 5, ""step_elapsed_s"": 7.17101577995345, ""step_event_index"": 6, ""total_hand_translation_m"": null, ""trial_finished_elapsed_s"": null, ""trial_recording"": true, ""trial_required_tool_ids"": [14, 26, 33]}"
2026-09-03T16:57:34.163-04:00,sandeep,task_aware,part_selection,language,r1_gear_rod,Row 1.2: assemble gear rod,ready,5,7,14,GEAR_ROD_ROW1,7.200425,7.200425,,,,,,,,,,,,,,,1,,,,,,"{""acquired_tool_ids"": [14], ""acquisition_complete"": false, ""completed_steps"": [""r2_gear_rod"", ""r1_bearing_right"", ""r1_bearing_left"", ""r1_fasten_first_stand""], ""head_rotation_deg"": null, ""head_translation_m"": null, ""left_hand_translation_m"": null, ""removed_tool_ids"": [15, 18, 19, 27, 28], ""right_hand_translation_m"": null, ""selected_step"": ""r1_gear_rod"", ""step_attempt"": 5, ""step_elapsed_s"": 7.200470615003724, ""step_event_index"": 7, ""total_hand_translation_m"": null, ""trial_finished_elapsed_s"": null, ""trial_recording"": true, ""trial_required_tool_ids"": [14, 26, 33]}"
2026-09-03T16:57:34.203-04:00,sandeep,task_aware,object_acquired,language,r1_gear_rod,Row 1.2: assemble gear rod,ready,5,8,14,GEAR_ROD_ROW1,7.200425,7.200425,,,,,,,,,,,,,,,1,,,,,,"{""acquired_tool_ids"": [14], ""acquisition_complete"": false, ""completed_steps"": [""r2_gear_rod"", ""r1_bearing_right"", ""r1_bearing_left"", ""r1_fasten_first_stand""], ""head_rotation_deg"": null, ""head_translation_m"": null, ""left_hand_translation_m"": null, ""removed_tool_ids"": [15, 18, 19, 27, 28], ""right_hand_translation_m"": null, ""selected_step"": ""r1_gear_rod"", ""step_attempt"": 5, ""step_elapsed_s"": 7.2400322709581815, ""step_event_index"": 8, ""total_hand_translation_m"": null, ""trial_finished_elapsed_s"": null, ""trial_recording"": true, ""trial_required_tool_ids"": [14, 26, 33]}"
2026-09-03T16:57:34.242-04:00,sandeep,task_aware,tts_queued,lifecycle,r1_gear_rod,Row 1.2: assemble gear rod,ready,5,9,,,,7.279137,,,,,,,,,,,,,,,,2 parts left.,,,replace,,"{""acquired_tool_ids"": [14], ""acquisition_complete"": false, ""completed_steps"": [""r2_gear_rod"", ""r1_bearing_right"", ""r1_bearing_left"", ""r1_fasten_first_stand""], ""head_rotation_deg"": null, ""head_translation_m"": null, ""left_hand_translation_m"": null, ""removed_tool_ids"": [15, 18, 19, 27, 28], ""right_hand_translation_m"": null, ""selected_step"": ""r1_gear_rod"", ""step_attempt"": 5, ""step_elapsed_s"": 7.27914779400453, ""step_event_index"": 9, ""total_hand_translation_m"": null, ""trial_finished_elapsed_s"": null, ""trial_recording"": true, ""trial_required_tool_ids"": [14, 26, 33]}"
2026-09-03T16:57:34.274-04:00,sandeep,task_aware,tts_started,lifecycle,r1_gear_rod,Row 1.2: assemble gear rod,ready,5,10,,,,7.311527,,,,,,,,,,,,,,,,2 parts left.,,,,,"{""acquired_tool_ids"": [14], ""acquisition_complete"": false, ""completed_steps"": [""r2_gear_rod"", ""r1_bearing_right"", ""r1_bearing_left"", ""r1_fasten_first_stand""], ""head_rotation_deg"": null, ""head_translation_m"": null, ""left_hand_translation_m"": null, ""removed_tool_ids"": [15, 18, 19, 27, 28], ""right_hand_translation_m"": null, ""selected_step"": ""r1_gear_rod"", ""step_attempt"": 5, ""step_elapsed_s"": 7.311539296992123, ""step_event_index"": 10, ""total_hand_translation_m"": null, ""trial_finished_elapsed_s"": null, ""trial_recording"": true, ""trial_required_tool_ids"": [14, 26, 33]}"
2026-09-03T16:57:35.383-04:00,sandeep,task_aware,tts_finished,lifecycle,r1_gear_rod,Row 1.2: assemble gear rod,ready,5,11,,,,8.420805,,,,,,,,,,,,,,,,2 parts left.,,,,,"{""acquired_tool_ids"": [14], ""acquisition_complete"": false, ""completed_steps"": [""r2_gear_rod"", ""r1_bearing_right"", ""r1_bearing_left"", ""r1_fasten_first_stand""], ""head_rotation_deg"": null, ""head_translation_m"": null, ""left_hand_translation_m"": null, ""removed_tool_ids"": [15, 18, 19, 27, 28], ""right_hand_translation_m"": null, ""selected_step"": ""r1_gear_rod"", ""step_attempt"": 5, ""step_elapsed_s"": 8.420815941004548, ""step_event_index"": 11, ""total_hand_translation_m"": null, ""trial_finished_elapsed_s"": null, ""trial_recording"": true, ""trial_required_tool_ids"": [14, 26, 33]}"
2026-09-03T16:57:37.071-04:00,sandeep,task_aware,participant_speech_submitted,speech,r1_gear_rod,Row 1.2: assemble gear rod,ready,5,12,,,,10.108746,,,,,,,,,,,,,,,,gear,,,speech_proxy,,"{""acquired_tool_ids"": [14], ""acquisition_complete"": false, ""completed_steps"": [""r2_gear_rod"", ""r1_bearing_right"", ""r1_bearing_left"", ""r1_fasten_first_stand""], ""head_rotation_deg"": null, ""head_translation_m"": null, ""left_hand_translation_m"": null, ""removed_tool_ids"": [15, 18, 19, 27, 28], ""right_hand_translation_m"": null, ""selected_step"": ""r1_gear_rod"", ""step_attempt"": 5, ""step_elapsed_s"": 10.108760364993941, ""step_event_index"": 12, ""total_hand_translation_m"": null, ""trial_finished_elapsed_s"": null, ""trial_recording"": true, ""trial_required_tool_ids"": [14, 26, 33]}"
2026-09-03T16:57:37.128-04:00,sandeep,task_aware,vlm_request_submitted,speech,r1_gear_rod,Row 1.2: assemble gear rod,ready,5,13,,,,10.165107,,,,,,,,,,,,,,,,gear,,,speech_proxy,,"{""acquired_tool_ids"": [14], ""acquisition_complete"": false, ""completed_steps"": [""r2_gear_rod"", ""r1_bearing_right"", ""r1_bearing_left"", ""r1_fasten_first_stand""], ""head_rotation_deg"": null, ""head_translation_m"": null, ""left_hand_translation_m"": null, ""removed_tool_ids"": [15, 18, 19, 27, 28], ""right_hand_translation_m"": null, ""selected_step"": ""r1_gear_rod"", ""step_attempt"": 5, ""step_elapsed_s"": 10.165122367965523, ""step_event_index"": 13, ""total_hand_translation_m"": null, ""trial_finished_elapsed_s"": null, ""trial_recording"": true, ""trial_required_tool_ids"": [14, 26, 33]}"
2026-09-03T16:57:40.820-04:00,sandeep,task_aware,vlm_inference_completed,lifecycle,r1_gear_rod,Row 1.2: assemble gear rod,ready,5,14,,,,13.857210,,,,,,,,,,,,,,,,gear,,,GEAR_ROW1_LEFT,,"{""acquired_tool_ids"": [14], ""acquisition_complete"": false, ""completed_steps"": [""r2_gear_rod"", ""r1_bearing_right"", ""r1_bearing_left"", ""r1_fasten_first_stand""], ""head_rotation_deg"": null, ""head_translation_m"": null, ""left_hand_translation_m"": null, ""removed_tool_ids"": [15, 18, 19, 27, 28], ""right_hand_translation_m"": null, ""selected_step"": ""r1_gear_rod"", ""step_attempt"": 5, ""step_elapsed_s"": 13.857220328995027, ""step_event_index"": 14, ""total_hand_translation_m"": null, ""trial_finished_elapsed_s"": null, ""trial_recording"": true, ""trial_required_tool_ids"": [14, 26, 33]}"
2026-09-03T16:57:40.874-04:00,sandeep,task_aware,vlm_interaction,language,r1_gear_rod,Row 1.2: assemble gear rod,ready,5,15,,,,,,,,,,,,,,,,,,,,gear,GEAR_ROW1_LEFT,"{""intent"":""part_reference"",""part_action"":""reference"",""reference_relation"":""direct"",""step_scope"":""selected_step"",""target"":""GEAR_ROW1_LEFT"",""candidates"":[],""exclude_labels"":[]}",language_grounded,I identified and highlighted the Row 1 left gear.,"{""acquired_tool_ids"": [14], ""acquisition_complete"": false, ""completed_steps"": [""r2_gear_rod"", ""r1_bearing_right"", ""r1_bearing_left"", ""r1_fasten_first_stand""], ""head_rotation_deg"": null, ""head_translation_m"": null, ""left_hand_translation_m"": null, ""removed_tool_ids"": [15, 18, 19, 27, 28], ""right_hand_translation_m"": null, ""selected_step"": ""r1_gear_rod"", ""step_attempt"": 5, ""step_elapsed_s"": 13.910925218951888, ""step_event_index"": 15, ""total_hand_translation_m"": null, ""trial_finished_elapsed_s"": null, ""trial_recording"": true, ""trial_required_tool_ids"": [14, 26, 33]}"
2026-09-03T16:57:40.912-04:00,sandeep,task_aware,part_selection,language,r1_gear_rod,Row 1.2: assemble gear rod,ready,5,16,26,GEAR_ROW1_LEFT,6.749095,13.949520,,,,,,,,,,,,,,,1,,,,,,"{""acquired_tool_ids"": [14, 26], ""acquisition_complete"": false, ""completed_steps"": [""r2_gear_rod"", ""r1_bearing_right"", ""r1_bearing_left"", ""r1_fasten_first_stand""], ""head_rotation_deg"": null, ""head_translation_m"": null, ""left_hand_translation_m"": null, ""removed_tool_ids"": [15, 18, 19, 27, 28], ""right_hand_translation_m"": null, ""selected_step"": ""r1_gear_rod"", ""step_attempt"": 5, ""step_elapsed_s"": 13.949589104973711, ""step_event_index"": 16, ""total_hand_translation_m"": null, ""trial_finished_elapsed_s"": null, ""trial_recording"": true, ""trial_required_tool_ids"": [14, 26, 33]}"
2026-09-03T16:57:40.924-04:00,sandeep,task_aware,object_acquired,language,r1_gear_rod,Row 1.2: assemble gear rod,ready,5,17,26,GEAR_ROW1_LEFT,6.749095,13.949520,,,,,,,,,,,,,,,1,,,,,,"{""acquired_tool_ids"": [14, 26], ""acquisition_complete"": false, ""completed_steps"": [""r2_gear_rod"", ""r1_bearing_right"", ""r1_bearing_left"", ""r1_fasten_first_stand""], ""head_rotation_deg"": null, ""head_translation_m"": null, ""left_hand_translation_m"": null, ""removed_tool_ids"": [15, 18, 19, 27, 28], ""right_hand_translation_m"": null, ""selected_step"": ""r1_gear_rod"", ""step_attempt"": 5, ""step_elapsed_s"": 13.961149590963032, ""step_event_index"": 17, ""total_hand_translation_m"": null, ""trial_finished_elapsed_s"": null, ""trial_recording"": true, ""trial_required_tool_ids"": [14, 26, 33]}"
2026-09-03T16:57:40.934-04:00,sandeep,task_aware,tts_queued,lifecycle,r1_gear_rod,Row 1.2: assemble gear rod,ready,5,18,,,,13.971100,,,,,,,,,,,,,,,,1 part left.,,,replace,,"{""acquired_tool_ids"": [14, 26], ""acquisition_complete"": false, ""completed_steps"": [""r2_gear_rod"", ""r1_bearing_right"", ""r1_bearing_left"", ""r1_fasten_first_stand""], ""head_rotation_deg"": null, ""head_translation_m"": null, ""left_hand_translation_m"": null, ""removed_tool_ids"": [15, 18, 19, 27, 28], ""right_hand_translation_m"": null, ""selected_step"": ""r1_gear_rod"", ""step_attempt"": 5, ""step_elapsed_s"": 13.971111988998018, ""step_event_index"": 18, ""total_hand_translation_m"": null, ""trial_finished_elapsed_s"": null, ""trial_recording"": true, ""trial_required_tool_ids"": [14, 26, 33]}"
2026-09-03T16:57:40.955-04:00,sandeep,task_aware,tts_started,lifecycle,r1_gear_rod,Row 1.2: assemble gear rod,ready,5,19,,,,13.992142,,,,,,,,,,,,,,,,1 part left.,,,,,"{""acquired_tool_ids"": [14, 26], ""acquisition_complete"": false, ""completed_steps"": [""r2_gear_rod"", ""r1_bearing_right"", ""r1_bearing_left"", ""r1_fasten_first_stand""], ""head_rotation_deg"": null, ""head_translation_m"": null, ""left_hand_translation_m"": null, ""removed_tool_ids"": [15, 18, 19, 27, 28], ""right_hand_translation_m"": null, ""selected_step"": ""r1_gear_rod"", ""step_attempt"": 5, ""step_elapsed_s"": 13.992149642959703, ""step_event_index"": 19, ""total_hand_translation_m"": null, ""trial_finished_elapsed_s"": null, ""trial_recording"": true, ""trial_required_tool_ids"": [14, 26, 33]}"
2026-09-03T16:57:42.287-04:00,sandeep,task_aware,tts_finished,lifecycle,r1_gear_rod,Row 1.2: assemble gear rod,ready,5,20,,,,15.324297,,,,,,,,,,,,,,,,1 part left.,,,,,"{""acquired_tool_ids"": [14, 26], ""acquisition_complete"": false, ""completed_steps"": [""r2_gear_rod"", ""r1_bearing_right"", ""r1_bearing_left"", ""r1_fasten_first_stand""], ""head_rotation_deg"": null, ""head_translation_m"": null, ""left_hand_translation_m"": null, ""removed_tool_ids"": [15, 18, 19, 27, 28], ""right_hand_translation_m"": null, ""selected_step"": ""r1_gear_rod"", ""step_attempt"": 5, ""step_elapsed_s"": 15.324306349968538, ""step_event_index"": 20, ""total_hand_translation_m"": null, ""trial_finished_elapsed_s"": null, ""trial_recording"": true, ""trial_required_tool_ids"": [14, 26, 33]}"
2026-09-03T16:57:43.355-04:00,sandeep,task_aware,participant_speech_submitted,speech,r1_gear_rod,Row 1.2: assemble gear rod,ready,5,21,,,,16.392201,,,,,,,,,,,,,,,,pin,,,speech_proxy,,"{""acquired_tool_ids"": [14, 26], ""acquisition_complete"": false, ""completed_steps"": [""r2_gear_rod"", ""r1_bearing_right"", ""r1_bearing_left"", ""r1_fasten_first_stand""], ""head_rotation_deg"": null, ""head_translation_m"": null, ""left_hand_translation_m"": null, ""removed_tool_ids"": [15, 18, 19, 27, 28], ""right_hand_translation_m"": null, ""selected_step"": ""r1_gear_rod"", ""step_attempt"": 5, ""step_elapsed_s"": 16.392212659993675, ""step_event_index"": 21, ""total_hand_translation_m"": null, ""trial_finished_elapsed_s"": null, ""trial_recording"": true, ""trial_required_tool_ids"": [14, 26, 33]}"
2026-09-03T16:57:43.401-04:00,sandeep,task_aware,vlm_request_submitted,speech,r1_gear_rod,Row 1.2: assemble gear rod,ready,5,22,,,,16.438694,,,,,,,,,,,,,,,,pin,,,speech_proxy,,"{""acquired_tool_ids"": [14, 26], ""acquisition_complete"": false, ""completed_steps"": [""r2_gear_rod"", ""r1_bearing_right"", ""r1_bearing_left"", ""r1_fasten_first_stand""], ""head_rotation_deg"": null, ""head_translation_m"": null, ""left_hand_translation_m"": null, ""removed_tool_ids"": [15, 18, 19, 27, 28], ""right_hand_translation_m"": null, ""selected_step"": ""r1_gear_rod"", ""step_attempt"": 5, ""step_elapsed_s"": 16.4387021039729, ""step_event_index"": 22, ""total_hand_translation_m"": null, ""trial_finished_elapsed_s"": null, ""trial_recording"": true, ""trial_required_tool_ids"": [14, 26, 33]}"
2026-09-03T16:57:47.073-04:00,sandeep,task_aware,vlm_inference_completed,lifecycle,r1_gear_rod,Row 1.2: assemble gear rod,ready,5,23,,,,20.109905,,,,,,,,,,,,,,,,pin,,,PIN_ROW1,,"{""acquired_tool_ids"": [14, 26], ""acquisition_complete"": false, ""completed_steps"": [""r2_gear_rod"", ""r1_bearing_right"", ""r1_bearing_left"", ""r1_fasten_first_stand""], ""head_rotation_deg"": null, ""head_translation_m"": null, ""left_hand_translation_m"": null, ""removed_tool_ids"": [15, 18, 19, 27, 28], ""right_hand_translation_m"": null, ""selected_step"": ""r1_gear_rod"", ""step_attempt"": 5, ""step_elapsed_s"": 20.10991554299835, ""step_event_index"": 23, ""total_hand_translation_m"": null, ""trial_finished_elapsed_s"": null, ""trial_recording"": true, ""trial_required_tool_ids"": [14, 26, 33]}"
2026-09-03T16:57:47.124-04:00,sandeep,task_aware,vlm_interaction,language,r1_gear_rod,Row 1.2: assemble gear rod,ready,5,24,,,,,,,,,,,,,,,,,,,,pin,PIN_ROW1,"{""intent"":""part_reference"",""part_action"":""reference"",""reference_relation"":""direct"",""step_scope"":""selected_step"",""target"":""PIN_ROW1_LEFT"",""candidates"":[],""exclude_labels"":[]}",language_grounded,I identified and highlighted the Row 1 wooden retaining pins.,"{""acquired_tool_ids"": [14, 26], ""acquisition_complete"": false, ""completed_steps"": [""r2_gear_rod"", ""r1_bearing_right"", ""r1_bearing_left"", ""r1_fasten_first_stand""], ""head_rotation_deg"": null, ""head_translation_m"": null, ""left_hand_translation_m"": null, ""removed_tool_ids"": [15, 18, 19, 27, 28], ""right_hand_translation_m"": null, ""selected_step"": ""r1_gear_rod"", ""step_attempt"": 5, ""step_elapsed_s"": 20.161427988961805, ""step_event_index"": 24, ""total_hand_translation_m"": null, ""trial_finished_elapsed_s"": null, ""trial_recording"": true, ""trial_required_tool_ids"": [14, 26, 33]}"
2026-09-03T16:57:47.161-04:00,sandeep,task_aware,part_selection,language,r1_gear_rod,Row 1.2: assemble gear rod,ready,5,25,33,PINS,6.248483,20.198003,,,,,,,,,,,,,,,1,,,,,,"{""acquired_tool_ids"": [14, 26, 33], ""acquisition_complete"": false, ""completed_steps"": [""r2_gear_rod"", ""r1_bearing_right"", ""r1_bearing_left"", ""r1_fasten_first_stand""], ""head_rotation_deg"": null, ""head_translation_m"": null, ""left_hand_translation_m"": null, ""removed_tool_ids"": [15, 18, 19, 27, 28], ""right_hand_translation_m"": null, ""selected_step"": ""r1_gear_rod"", ""step_attempt"": 5, ""step_elapsed_s"": 20.198072501982097, ""step_event_index"": 25, ""total_hand_translation_m"": null, ""trial_finished_elapsed_s"": null, ""trial_recording"": true, ""trial_required_tool_ids"": [14, 26, 33]}"
2026-09-03T16:57:47.186-04:00,sandeep,task_aware,object_acquired,language,r1_gear_rod,Row 1.2: assemble gear rod,ready,5,26,33,PINS,6.248483,20.198003,,,,,,,,,,,,,,,1,,,,,,"{""acquired_tool_ids"": [14, 26, 33], ""acquisition_complete"": false, ""completed_steps"": [""r2_gear_rod"", ""r1_bearing_right"", ""r1_bearing_left"", ""r1_fasten_first_stand""], ""head_rotation_deg"": null, ""head_translation_m"": null, ""left_hand_translation_m"": null, ""removed_tool_ids"": [15, 18, 19, 27, 28], ""right_hand_translation_m"": null, ""selected_step"": ""r1_gear_rod"", ""step_attempt"": 5, ""step_elapsed_s"": 20.22366738296114, ""step_event_index"": 26, ""total_hand_translation_m"": null, ""trial_finished_elapsed_s"": null, ""trial_recording"": true, ""trial_required_tool_ids"": [14, 26, 33]}"
2026-09-03T16:57:47.211-04:00,sandeep,task_aware,step_acquisition_complete,language,r1_gear_rod,Row 1.2: assemble gear rod,ready,5,27,,,,20.245901,0.000000,0.000000,0.000000,0.000000,0.000000,0.000000,0.000000,0.000000,0.000000,0,0,0.000000,0.000000,0.000000,,,,,,,"{""acquired_tool_ids"": [14, 26, 33], ""acquisition_complete"": true, ""any_hover_time_s"": 0.0, ""completed_steps"": [""r2_gear_rod"", ""r1_bearing_right"", ""r1_bearing_left"", ""r1_fasten_first_stand""], ""head_rotation_deg"": 0.0, ""head_translation_m"": 0.0, ""hover_time_percent"": 0.0, ""left_hand_translation_m"": 0.0, ""left_hover_episodes"": 0, ""left_hover_time_s"": 0.0, ""left_hover_translation_m"": 0.0, ""removed_tool_ids"": [14, 15, 18, 19, 26, 27, 28], ""right_hand_translation_m"": 0.0, ""right_hover_episodes"": 0, ""right_hover_time_s"": 0.0, ""right_hover_translation_m"": 0.0, ""selected_step"": ""r1_gear_rod"", ""step_attempt"": 5, ""step_elapsed_s"": 20.245901251968462, ""step_event_index"": 27, ""total_hand_translation_m"": 0.0, ""total_hover_translation_m"": 0.0, ""trial_finished_elapsed_s"": 20.245901251968462, ""trial_recording"": false, ""trial_required_tool_ids"": [14, 26, 33]}"
2026-09-03T16:57:47.229-04:00,sandeep,task_aware,graph_complete,,r1_gear_rod,Row 1.2: assemble gear rod,complete,5,28,,,,,,,,,,,,,,,,,,,,,,,,,"{""acquired_tool_ids"": [14, 26, 33], ""acquisition_complete"": true, ""any_hover_time_s"": 0.0, ""completed_steps"": [""r2_gear_rod"", ""r1_bearing_right"", ""r1_bearing_left"", ""r1_fasten_first_stand"", ""r1_gear_rod"", ""r1_insert_rod_and_fit_second"", ""r1_fasten_second_stand""], ""head_rotation_deg"": 0.0, ""head_translation_m"": 0.0, ""hover_time_percent"": 0.0, ""left_hand_translation_m"": 0.0, ""left_hover_episodes"": 0, ""left_hover_time_s"": 0.0, ""left_hover_translation_m"": 0.0, ""removed_tool_ids"": [14, 15, 18, 19, 26, 27, 28], ""right_hand_translation_m"": 0.0, ""right_hover_episodes"": 0, ""right_hover_time_s"": 0.0, ""right_hover_translation_m"": 0.0, ""selected_step"": ""r1_gear_rod"", ""step_attempt"": 5, ""step_elapsed_s"": 20.245901251968462, ""step_event_index"": 28, ""total_hand_translation_m"": 0.0, ""total_hover_translation_m"": 0.0, ""trial_finished_elapsed_s"": 20.245901251968462, ""trial_recording"": false, ""trial_required_tool_ids"": [14, 26, 33]}"
2026-09-03T16:57:56.910-04:00,sandeep,task_aware,step_started,keyboard,r2_bearing_right,Row 2.1: bearing into right stand,ready,6,1,,,,,,,,,,,,,,,,,,,,,,,,,"{""acquired_tool_ids"": [], ""acquisition_complete"": false, ""completed_steps"": [""r2_gear_rod"", ""r1_bearing_right"", ""r1_bearing_left"", ""r1_fasten_first_stand"", ""r1_gear_rod"", ""r1_insert_rod_and_fit_second"", ""r1_fasten_second_stand""], ""head_rotation_deg"": null, ""head_translation_m"": null, ""left_hand_translation_m"": null, ""removed_tool_ids"": [14, 15, 18, 19, 26, 27, 28], ""right_hand_translation_m"": null, ""selected_step"": ""r2_bearing_right"", ""step_attempt"": 6, ""step_elapsed_s"": 0.0005282619968056679, ""step_event_index"": 1, ""total_hand_translation_m"": null, ""trial_finished_elapsed_s"": null, ""trial_recording"": true, ""trial_required_tool_ids"": [21, 34]}"
2026-09-03T16:57:56.941-04:00,sandeep,task_aware,task_aware_highlight_presented,system,r2_bearing_right,Row 2.1: bearing into right stand,ready,6,2,,,,,,,,,,,,,,,,,,,,,"[34, 21]",,task_aware_proactive_highlight,,"{""acquired_tool_ids"": [], ""acquisition_complete"": false, ""completed_steps"": [""r2_gear_rod"", ""r1_bearing_right"", ""r1_bearing_left"", ""r1_fasten_first_stand"", ""r1_gear_rod"", ""r1_insert_rod_and_fit_second"", ""r1_fasten_second_stand""], ""head_rotation_deg"": null, ""head_translation_m"": null, ""left_hand_translation_m"": null, ""removed_tool_ids"": [14, 15, 18, 19, 26, 27, 28], ""right_hand_translation_m"": null, ""selected_step"": ""r2_bearing_right"", ""step_attempt"": 6, ""step_elapsed_s"": 0.030737258959561586, ""step_event_index"": 2, ""total_hand_translation_m"": null, ""trial_finished_elapsed_s"": null, ""trial_recording"": true, ""trial_required_tool_ids"": [21, 34]}"
2026-09-03T16:58:00.343-04:00,sandeep,task_aware,participant_speech_submitted,speech,r2_bearing_right,Row 2.1: bearing into right stand,ready,6,3,,,,3.432756,,,,,,,,,,,,,,,,gear stand,,,speech_proxy,,"{""acquired_tool_ids"": [], ""acquisition_complete"": false, ""completed_steps"": [""r2_gear_rod"", ""r1_bearing_right"", ""r1_bearing_left"", ""r1_fasten_first_stand"", ""r1_gear_rod"", ""r1_insert_rod_and_fit_second"", ""r1_fasten_second_stand""], ""head_rotation_deg"": null, ""head_translation_m"": null, ""left_hand_translation_m"": null, ""removed_tool_ids"": [14, 15, 18, 19, 26, 27, 28], ""right_hand_translation_m"": null, ""selected_step"": ""r2_bearing_right"", ""step_attempt"": 6, ""step_elapsed_s"": 3.432774054002948, ""step_event_index"": 3, ""total_hand_translation_m"": null, ""trial_finished_elapsed_s"": null, ""trial_recording"": true, ""trial_required_tool_ids"": [21, 34]}"
2026-09-03T16:58:00.401-04:00,sandeep,task_aware,vlm_request_submitted,speech,r2_bearing_right,Row 2.1: bearing into right stand,ready,6,4,,,,3.491258,,,,,,,,,,,,,,,,gear stand,,,speech_proxy,,"{""acquired_tool_ids"": [], ""acquisition_complete"": false, ""completed_steps"": [""r2_gear_rod"", ""r1_bearing_right"", ""r1_bearing_left"", ""r1_fasten_first_stand"", ""r1_gear_rod"", ""r1_insert_rod_and_fit_second"", ""r1_fasten_second_stand""], ""head_rotation_deg"": null, ""head_translation_m"": null, ""left_hand_translation_m"": null, ""removed_tool_ids"": [14, 15, 18, 19, 26, 27, 28], ""right_hand_translation_m"": null, ""selected_step"": ""r2_bearing_right"", ""step_attempt"": 6, ""step_elapsed_s"": 3.4912760329898447, ""step_event_index"": 4, ""total_hand_translation_m"": null, ""trial_finished_elapsed_s"": null, ""trial_recording"": true, ""trial_required_tool_ids"": [21, 34]}"
2026-09-03T16:58:04.013-04:00,sandeep,task_aware,vlm_inference_completed,lifecycle,r2_bearing_right,Row 2.1: bearing into right stand,ready,6,5,,,,7.103528,,,,,,,,,,,,,,,,gear stand,,,STAND_ROW2_RIGHT,,"{""acquired_tool_ids"": [], ""acquisition_complete"": false, ""completed_steps"": [""r2_gear_rod"", ""r1_bearing_right"", ""r1_bearing_left"", ""r1_fasten_first_stand"", ""r1_gear_rod"", ""r1_insert_rod_and_fit_second"", ""r1_fasten_second_stand""], ""head_rotation_deg"": null, ""head_translation_m"": null, ""left_hand_translation_m"": null, ""removed_tool_ids"": [14, 15, 18, 19, 26, 27, 28], ""right_hand_translation_m"": null, ""selected_step"": ""r2_bearing_right"", ""step_attempt"": 6, ""step_elapsed_s"": 7.10353809397202, ""step_event_index"": 5, ""total_hand_translation_m"": null, ""trial_finished_elapsed_s"": null, ""trial_recording"": true, ""trial_required_tool_ids"": [21, 34]}"
2026-09-03T16:58:04.055-04:00,sandeep,task_aware,vlm_interaction,language,r2_bearing_right,Row 2.1: bearing into right stand,ready,6,6,,,,,,,,,,,,,,,,,,,,gear stand,STAND_ROW2_RIGHT,"{""intent"":""part_reference"",""part_action"":""reference"",""reference_relation"":""direct"",""step_scope"":"""",""target"":""STAND_ROW2_RIGHT"",""candidates"":[],""exclude_labels"":[]}",language_grounded,I identified and highlighted the Row 2 right stand.,"{""acquired_tool_ids"": [], ""acquisition_complete"": false, ""completed_steps"": [""r2_gear_rod"", ""r1_bearing_right"", ""r1_bearing_left"", ""r1_fasten_first_stand"", ""r1_gear_rod"", ""r1_insert_rod_and_fit_second"", ""r1_fasten_second_stand""], ""head_rotation_deg"": null, ""head_translation_m"": null, ""left_hand_translation_m"": null, ""removed_tool_ids"": [14, 15, 18, 19, 26, 27, 28], ""right_hand_translation_m"": null, ""selected_step"": ""r2_bearing_right"", ""step_attempt"": 6, ""step_elapsed_s"": 7.145459994964767, ""step_event_index"": 6, ""total_hand_translation_m"": null, ""trial_finished_elapsed_s"": null, ""trial_recording"": true, ""trial_required_tool_ids"": [21, 34]}"
2026-09-03T16:58:04.095-04:00,sandeep,task_aware,part_selection,language,r2_bearing_right,Row 2.1: bearing into right stand,ready,6,7,21,GEAR_STAND_ROW2_RIGHT,7.185190,7.185190,,,,,,,,,,,,,,,1,,,,,,"{""acquired_tool_ids"": [21], ""acquisition_complete"": false, ""completed_steps"": [""r2_gear_rod"", ""r1_bearing_right"", ""r1_bearing_left"", ""r1_fasten_first_stand"", ""r1_gear_rod"", ""r1_insert_rod_and_fit_second"", ""r1_fasten_second_stand""], ""head_rotation_deg"": null, ""head_translation_m"": null, ""left_hand_translation_m"": null, ""removed_tool_ids"": [14, 15, 18, 19, 26, 27, 28], ""right_hand_translation_m"": null, ""selected_step"": ""r2_bearing_right"", ""step_attempt"": 6, ""step_elapsed_s"": 7.185230269969907, ""step_event_index"": 7, ""total_hand_translation_m"": null, ""trial_finished_elapsed_s"": null, ""trial_recording"": true, ""trial_required_tool_ids"": [21, 34]}"
2026-09-03T16:58:04.115-04:00,sandeep,task_aware,object_acquired,language,r2_bearing_right,Row 2.1: bearing into right stand,ready,6,8,21,GEAR_STAND_ROW2_RIGHT,7.185190,7.185190,,,,,,,,,,,,,,,1,,,,,,"{""acquired_tool_ids"": [21], ""acquisition_complete"": false, ""completed_steps"": [""r2_gear_rod"", ""r1_bearing_right"", ""r1_bearing_left"", ""r1_fasten_first_stand"", ""r1_gear_rod"", ""r1_insert_rod_and_fit_second"", ""r1_fasten_second_stand""], ""head_rotation_deg"": null, ""head_translation_m"": null, ""left_hand_translation_m"": null, ""removed_tool_ids"": [14, 15, 18, 19, 26, 27, 28], ""right_hand_translation_m"": null, ""selected_step"": ""r2_bearing_right"", ""step_attempt"": 6, ""step_elapsed_s"": 7.204932187974919, ""step_event_index"": 8, ""total_hand_translation_m"": null, ""trial_finished_elapsed_s"": null, ""trial_recording"": true, ""trial_required_tool_ids"": [21, 34]}"
2026-09-03T16:58:04.147-04:00,sandeep,task_aware,tts_queued,lifecycle,r2_bearing_right,Row 2.1: bearing into right stand,ready,6,9,,,,7.236859,,,,,,,,,,,,,,,,1 part left.,,,replace,,"{""acquired_tool_ids"": [21], ""acquisition_complete"": false, ""completed_steps"": [""r2_gear_rod"", ""r1_bearing_right"", ""r1_bearing_left"", ""r1_fasten_first_stand"", ""r1_gear_rod"", ""r1_insert_rod_and_fit_second"", ""r1_fasten_second_stand""], ""head_rotation_deg"": null, ""head_translation_m"": null, ""left_hand_translation_m"": null, ""removed_tool_ids"": [14, 15, 18, 19, 26, 27, 28], ""right_hand_translation_m"": null, ""selected_step"": ""r2_bearing_right"", ""step_attempt"": 6, ""step_elapsed_s"": 7.236871525994502, ""step_event_index"": 9, ""total_hand_translation_m"": null, ""trial_finished_elapsed_s"": null, ""trial_recording"": true, ""trial_required_tool_ids"": [21, 34]}"
2026-09-03T16:58:04.188-04:00,sandeep,task_aware,tts_started,lifecycle,r2_bearing_right,Row 2.1: bearing into right stand,ready,6,10,,,,7.278134,,,,,,,,,,,,,,,,1 part left.,,,,,"{""acquired_tool_ids"": [21], ""acquisition_complete"": false, ""completed_steps"": [""r2_gear_rod"", ""r1_bearing_right"", ""r1_bearing_left"", ""r1_fasten_first_stand"", ""r1_gear_rod"", ""r1_insert_rod_and_fit_second"", ""r1_fasten_second_stand""], ""head_rotation_deg"": null, ""head_translation_m"": null, ""left_hand_translation_m"": null, ""removed_tool_ids"": [14, 15, 18, 19, 26, 27, 28], ""right_hand_translation_m"": null, ""selected_step"": ""r2_bearing_right"", ""step_attempt"": 6, ""step_elapsed_s"": 7.278143984964117, ""step_event_index"": 10, ""total_hand_translation_m"": null, ""trial_finished_elapsed_s"": null, ""trial_recording"": true, ""trial_required_tool_ids"": [21, 34]}"
2026-09-03T16:58:04.684-04:00,sandeep,task_aware,participant_speech_submitted,speech,r2_bearing_right,Row 2.1: bearing into right stand,ready,6,11,,,,7.774560,,,,,,,,,,,,,,,,bearing,,,speech_proxy,,"{""acquired_tool_ids"": [21], ""acquisition_complete"": false, ""completed_steps"": [""r2_gear_rod"", ""r1_bearing_right"", ""r1_bearing_left"", ""r1_fasten_first_stand"", ""r1_gear_rod"", ""r1_insert_rod_and_fit_second"", ""r1_fasten_second_stand""], ""head_rotation_deg"": null, ""head_translation_m"": null, ""left_hand_translation_m"": null, ""removed_tool_ids"": [14, 15, 18, 19, 26, 27, 28], ""right_hand_translation_m"": null, ""selected_step"": ""r2_bearing_right"", ""step_attempt"": 6, ""step_elapsed_s"": 7.774575274961535, ""step_event_index"": 11, ""total_hand_translation_m"": null, ""trial_finished_elapsed_s"": null, ""trial_recording"": true, ""trial_required_tool_ids"": [21, 34]}"
2026-09-03T16:58:04.740-04:00,sandeep,task_aware,vlm_request_submitted,speech,r2_bearing_right,Row 2.1: bearing into right stand,ready,6,12,,,,7.829708,,,,,,,,,,,,,,,,bearing,,,speech_proxy,,"{""acquired_tool_ids"": [21], ""acquisition_complete"": false, ""completed_steps"": [""r2_gear_rod"", ""r1_bearing_right"", ""r1_bearing_left"", ""r1_fasten_first_stand"", ""r1_gear_rod"", ""r1_insert_rod_and_fit_second"", ""r1_fasten_second_stand""], ""head_rotation_deg"": null, ""head_translation_m"": null, ""left_hand_translation_m"": null, ""removed_tool_ids"": [14, 15, 18, 19, 26, 27, 28], ""right_hand_translation_m"": null, ""selected_step"": ""r2_bearing_right"", ""step_attempt"": 6, ""step_elapsed_s"": 7.829718403983861, ""step_event_index"": 12, ""total_hand_translation_m"": null, ""trial_finished_elapsed_s"": null, ""trial_recording"": true, ""trial_required_tool_ids"": [21, 34]}"
2026-09-03T16:58:05.382-04:00,sandeep,task_aware,tts_finished,lifecycle,r2_bearing_right,Row 2.1: bearing into right stand,ready,6,13,,,,8.472103,,,,,,,,,,,,,,,,1 part left.,,,,,"{""acquired_tool_ids"": [21], ""acquisition_complete"": false, ""completed_steps"": [""r2_gear_rod"", ""r1_bearing_right"", ""r1_bearing_left"", ""r1_fasten_first_stand"", ""r1_gear_rod"", ""r1_insert_rod_and_fit_second"", ""r1_fasten_second_stand""], ""head_rotation_deg"": null, ""head_translation_m"": null, ""left_hand_translation_m"": null, ""removed_tool_ids"": [14, 15, 18, 19, 26, 27, 28], ""right_hand_translation_m"": null, ""selected_step"": ""r2_bearing_right"", ""step_attempt"": 6, ""step_elapsed_s"": 8.472113109950442, ""step_event_index"": 13, ""total_hand_translation_m"": null, ""trial_finished_elapsed_s"": null, ""trial_recording"": true, ""trial_required_tool_ids"": [21, 34]}"
2026-09-03T16:58:08.549-04:00,sandeep,task_aware,vlm_inference_completed,lifecycle,r2_bearing_right,Row 2.1: bearing into right stand,ready,6,14,,,,11.638957,,,,,,,,,,,,,,,,bearing,,,BEARING_ROW2,,"{""acquired_tool_ids"": [21], ""acquisition_complete"": false, ""completed_steps"": [""r2_gear_rod"", ""r1_bearing_right"", ""r1_bearing_left"", ""r1_fasten_first_stand"", ""r1_gear_rod"", ""r1_insert_rod_and_fit_second"", ""r1_fasten_second_stand""], ""head_rotation_deg"": null, ""head_translation_m"": null, ""left_hand_translation_m"": null, ""removed_tool_ids"": [14, 15, 18, 19, 26, 27, 28], ""right_hand_translation_m"": null, ""selected_step"": ""r2_bearing_right"", ""step_attempt"": 6, ""step_elapsed_s"": 11.638967222999781, ""step_event_index"": 14, ""total_hand_translation_m"": null, ""trial_finished_elapsed_s"": null, ""trial_recording"": true, ""trial_required_tool_ids"": [21, 34]}"
2026-09-03T16:58:08.597-04:00,sandeep,task_aware,vlm_interaction,language,r2_bearing_right,Row 2.1: bearing into right stand,ready,6,15,,,,,,,,,,,,,,,,,,,,bearing,BEARING_ROW2,"{""intent"":""part_reference"",""part_action"":""reference"",""reference_relation"":""direct"",""step_scope"":""selected_step"",""target"":""BEARING_ROW2_RIGHT"",""candidates"":[],""exclude_labels"":[]}",language_grounded,I identified and highlighted the Row 2 bearings.,"{""acquired_tool_ids"": [21], ""acquisition_complete"": false, ""completed_steps"": [""r2_gear_rod"", ""r1_bearing_right"", ""r1_bearing_left"", ""r1_fasten_first_stand"", ""r1_gear_rod"", ""r1_insert_rod_and_fit_second"", ""r1_fasten_second_stand""], ""head_rotation_deg"": null, ""head_translation_m"": null, ""left_hand_translation_m"": null, ""removed_tool_ids"": [14, 15, 18, 19, 26, 27, 28], ""right_hand_translation_m"": null, ""selected_step"": ""r2_bearing_right"", ""step_attempt"": 6, ""step_elapsed_s"": 11.686784981982782, ""step_event_index"": 15, ""total_hand_translation_m"": null, ""trial_finished_elapsed_s"": null, ""trial_recording"": true, ""trial_required_tool_ids"": [21, 34]}"
2026-09-03T16:58:08.618-04:00,sandeep,task_aware,part_selection,language,r2_bearing_right,Row 2.1: bearing into right stand,ready,6,16,34,BEARINGS,4.523371,11.708561,,,,,,,,,,,,,,,1,,,,,,"{""acquired_tool_ids"": [21, 34], ""acquisition_complete"": false, ""completed_steps"": [""r2_gear_rod"", ""r1_bearing_right"", ""r1_bearing_left"", ""r1_fasten_first_stand"", ""r1_gear_rod"", ""r1_insert_rod_and_fit_second"", ""r1_fasten_second_stand""], ""head_rotation_deg"": null, ""head_translation_m"": null, ""left_hand_translation_m"": null, ""removed_tool_ids"": [14, 15, 18, 19, 26, 27, 28], ""right_hand_translation_m"": null, ""selected_step"": ""r2_bearing_right"", ""step_attempt"": 6, ""step_elapsed_s"": 11.708630019973498, ""step_event_index"": 16, ""total_hand_translation_m"": null, ""trial_finished_elapsed_s"": null, ""trial_recording"": true, ""trial_required_tool_ids"": [21, 34]}"
2026-09-03T16:58:08.658-04:00,sandeep,task_aware,object_acquired,language,r2_bearing_right,Row 2.1: bearing into right stand,ready,6,17,34,BEARINGS,4.523371,11.708561,,,,,,,,,,,,,,,1,,,,,,"{""acquired_tool_ids"": [21, 34], ""acquisition_complete"": false, ""completed_steps"": [""r2_gear_rod"", ""r1_bearing_right"", ""r1_bearing_left"", ""r1_fasten_first_stand"", ""r1_gear_rod"", ""r1_insert_rod_and_fit_second"", ""r1_fasten_second_stand""], ""head_rotation_deg"": null, ""head_translation_m"": null, ""left_hand_translation_m"": null, ""removed_tool_ids"": [14, 15, 18, 19, 26, 27, 28], ""right_hand_translation_m"": null, ""selected_step"": ""r2_bearing_right"", ""step_attempt"": 6, ""step_elapsed_s"": 11.748308232985437, ""step_event_index"": 17, ""total_hand_translation_m"": null, ""trial_finished_elapsed_s"": null, ""trial_recording"": true, ""trial_required_tool_ids"": [21, 34]}"
2026-09-03T16:58:08.680-04:00,sandeep,task_aware,step_acquisition_complete,language,r2_bearing_right,Row 2.1: bearing into right stand,ready,6,18,,,,11.768871,0.000000,0.000000,0.000000,0.000000,0.000000,0.000000,0.000000,0.000000,0.000000,0,0,0.000000,0.000000,0.000000,,,,,,,"{""acquired_tool_ids"": [21, 34], ""acquisition_complete"": true, ""any_hover_time_s"": 0.0, ""completed_steps"": [""r2_gear_rod"", ""r1_bearing_right"", ""r1_bearing_left"", ""r1_fasten_first_stand"", ""r1_gear_rod"", ""r1_insert_rod_and_fit_second"", ""r1_fasten_second_stand""], ""head_rotation_deg"": 0.0, ""head_translation_m"": 0.0, ""hover_time_percent"": 0.0, ""left_hand_translation_m"": 0.0, ""left_hover_episodes"": 0, ""left_hover_time_s"": 0.0, ""left_hover_translation_m"": 0.0, ""removed_tool_ids"": [14, 15, 18, 19, 21, 26, 27, 28], ""right_hand_translation_m"": 0.0, ""right_hover_episodes"": 0, ""right_hover_time_s"": 0.0, ""right_hover_translation_m"": 0.0, ""selected_step"": ""r2_bearing_right"", ""step_attempt"": 6, ""step_elapsed_s"": 11.768870639964007, ""step_event_index"": 18, ""total_hand_translation_m"": 0.0, ""total_hover_translation_m"": 0.0, ""trial_finished_elapsed_s"": 11.768870639964007, ""trial_recording"": false, ""trial_required_tool_ids"": [21, 34]}"
2026-09-03T16:58:08.698-04:00,sandeep,task_aware,graph_complete,,r2_bearing_right,Row 2.1: bearing into right stand,complete,6,19,,,,,,,,,,,,,,,,,,,,,,,,,"{""acquired_tool_ids"": [21, 34], ""acquisition_complete"": true, ""any_hover_time_s"": 0.0, ""completed_steps"": [""r2_gear_rod"", ""r1_bearing_right"", ""r1_bearing_left"", ""r1_fasten_first_stand"", ""r1_gear_rod"", ""r1_insert_rod_and_fit_second"", ""r1_fasten_second_stand"", ""r2_bearing_right""], ""head_rotation_deg"": 0.0, ""head_translation_m"": 0.0, ""hover_time_percent"": 0.0, ""left_hand_translation_m"": 0.0, ""left_hover_episodes"": 0, ""left_hover_time_s"": 0.0, ""left_hover_translation_m"": 0.0, ""removed_tool_ids"": [14, 15, 18, 19, 21, 26, 27, 28], ""right_hand_translation_m"": 0.0, ""right_hover_episodes"": 0, ""right_hover_time_s"": 0.0, ""right_hover_translation_m"": 0.0, ""selected_step"": ""r2_bearing_right"", ""step_attempt"": 6, ""step_elapsed_s"": 11.768870639964007, ""step_event_index"": 19, ""total_hand_translation_m"": 0.0, ""total_hover_translation_m"": 0.0, ""trial_finished_elapsed_s"": 11.768870639964007, ""trial_recording"": false, ""trial_required_tool_ids"": [21, 34]}"
2026-09-03T16:58:17.521-04:00,sandeep,task_aware,step_started,keyboard,r2_bearing_left,Row 2.3: bearing into left stand,ready,7,1,,,,,,,,,,,,,,,,,,,,,,,,,"{""acquired_tool_ids"": [], ""acquisition_complete"": false, ""completed_steps"": [""r2_gear_rod"", ""r1_bearing_right"", ""r1_bearing_left"", ""r1_fasten_first_stand"", ""r1_gear_rod"", ""r1_insert_rod_and_fit_second"", ""r1_fasten_second_stand"", ""r2_bearing_right""], ""head_rotation_deg"": null, ""head_translation_m"": null, ""left_hand_translation_m"": null, ""removed_tool_ids"": [14, 15, 18, 19, 21, 26, 27, 28], ""right_hand_translation_m"": null, ""selected_step"": ""r2_bearing_left"", ""step_attempt"": 7, ""step_elapsed_s"": 0.0012411809875629842, ""step_event_index"": 1, ""total_hand_translation_m"": null, ""trial_finished_elapsed_s"": null, ""trial_recording"": true, ""trial_required_tool_ids"": [20]}"
2026-09-03T16:58:17.545-04:00,sandeep,task_aware,task_aware_highlight_presented,system,r2_bearing_left,Row 2.3: bearing into left stand,ready,7,2,,,,,,,,,,,,,,,,,,,,,"[34, 20]",,task_aware_proactive_highlight,,"{""acquired_tool_ids"": [], ""acquisition_complete"": false, ""completed_steps"": [""r2_gear_rod"", ""r1_bearing_right"", ""r1_bearing_left"", ""r1_fasten_first_stand"", ""r1_gear_rod"", ""r1_insert_rod_and_fit_second"", ""r1_fasten_second_stand"", ""r2_bearing_right""], ""head_rotation_deg"": null, ""head_translation_m"": null, ""left_hand_translation_m"": null, ""removed_tool_ids"": [14, 15, 18, 19, 21, 26, 27, 28], ""right_hand_translation_m"": null, ""selected_step"": ""r2_bearing_left"", ""step_attempt"": 7, ""step_elapsed_s"": 0.02554150397190824, ""step_event_index"": 2, ""total_hand_translation_m"": null, ""trial_finished_elapsed_s"": null, ""trial_recording"": true, ""trial_required_tool_ids"": [20]}"
2026-09-03T16:58:23.504-04:00,sandeep,task_aware,participant_speech_submitted,speech,r2_bearing_left,Row 2.3: bearing into left stand,ready,7,3,,,,5.984069,,,,,,,,,,,,,,,,gear stand,,,speech_proxy,,"{""acquired_tool_ids"": [], ""acquisition_complete"": false, ""completed_steps"": [""r2_gear_rod"", ""r1_bearing_right"", ""r1_bearing_left"", ""r1_fasten_first_stand"", ""r1_gear_rod"", ""r1_insert_rod_and_fit_second"", ""r1_fasten_second_stand"", ""r2_bearing_right""], ""head_rotation_deg"": null, ""head_translation_m"": null, ""left_hand_translation_m"": null, ""removed_tool_ids"": [14, 15, 18, 19, 21, 26, 27, 28], ""right_hand_translation_m"": null, ""selected_step"": ""r2_bearing_left"", ""step_attempt"": 7, ""step_elapsed_s"": 5.9840885369922034, ""step_event_index"": 3, ""total_hand_translation_m"": null, ""trial_finished_elapsed_s"": null, ""trial_recording"": true, ""trial_required_tool_ids"": [20]}"
2026-09-03T16:58:23.553-04:00,sandeep,task_aware,vlm_request_submitted,speech,r2_bearing_left,Row 2.3: bearing into left stand,ready,7,4,,,,6.033100,,,,,,,,,,,,,,,,gear stand,,,speech_proxy,,"{""acquired_tool_ids"": [], ""acquisition_complete"": false, ""completed_steps"": [""r2_gear_rod"", ""r1_bearing_right"", ""r1_bearing_left"", ""r1_fasten_first_stand"", ""r1_gear_rod"", ""r1_insert_rod_and_fit_second"", ""r1_fasten_second_stand"", ""r2_bearing_right""], ""head_rotation_deg"": null, ""head_translation_m"": null, ""left_hand_translation_m"": null, ""removed_tool_ids"": [14, 15, 18, 19, 21, 26, 27, 28], ""right_hand_translation_m"": null, ""selected_step"": ""r2_bearing_left"", ""step_attempt"": 7, ""step_elapsed_s"": 6.033117907005362, ""step_event_index"": 4, ""total_hand_translation_m"": null, ""trial_finished_elapsed_s"": null, ""trial_recording"": true, ""trial_required_tool_ids"": [20]}"
2026-09-03T16:58:27.275-04:00,sandeep,task_aware,vlm_inference_completed,lifecycle,r2_bearing_left,Row 2.3: bearing into left stand,ready,7,5,,,,9.755136,,,,,,,,,,,,,,,,gear stand,,,STAND_ROW2_LEFT,,"{""acquired_tool_ids"": [], ""acquisition_complete"": false, ""completed_steps"": [""r2_gear_rod"", ""r1_bearing_right"", ""r1_bearing_left"", ""r1_fasten_first_stand"", ""r1_gear_rod"", ""r1_insert_rod_and_fit_second"", ""r1_fasten_second_stand"", ""r2_bearing_right""], ""head_rotation_deg"": null, ""head_translation_m"": null, ""left_hand_translation_m"": null, ""removed_tool_ids"": [14, 15, 18, 19, 21, 26, 27, 28], ""right_hand_translation_m"": null, ""selected_step"": ""r2_bearing_left"", ""step_attempt"": 7, ""step_elapsed_s"": 9.755147891002707, ""step_event_index"": 5, ""total_hand_translation_m"": null, ""trial_finished_elapsed_s"": null, ""trial_recording"": true, ""trial_required_tool_ids"": [20]}"
2026-09-03T16:58:27.306-04:00,sandeep,task_aware,vlm_interaction,language,r2_bearing_left,Row 2.3: bearing into left stand,ready,7,6,,,,,,,,,,,,,,,,,,,,gear stand,STAND_ROW2_LEFT,"{""intent"":""part_reference"",""part_action"":""reference"",""reference_relation"":""direct"",""step_scope"":""selected_step"",""target"":""STAND_ROW2_LEFT"",""candidates"":[],""exclude_labels"":[]}",language_grounded,I identified and highlighted the Row 2 left stand.,"{""acquired_tool_ids"": [], ""acquisition_complete"": false, ""completed_steps"": [""r2_gear_rod"", ""r1_bearing_right"", ""r1_bearing_left"", ""r1_fasten_first_stand"", ""r1_gear_rod"", ""r1_insert_rod_and_fit_second"", ""r1_fasten_second_stand"", ""r2_bearing_right""], ""head_rotation_deg"": null, ""head_translation_m"": null, ""left_hand_translation_m"": null, ""removed_tool_ids"": [14, 15, 18, 19, 21, 26, 27, 28], ""right_hand_translation_m"": null, ""selected_step"": ""r2_bearing_left"", ""step_attempt"": 7, ""step_elapsed_s"": 9.78662266797619, ""step_event_index"": 6, ""total_hand_translation_m"": null, ""trial_finished_elapsed_s"": null, ""trial_recording"": true, ""trial_required_tool_ids"": [20]}"
2026-09-03T16:58:27.347-04:00,sandeep,task_aware,part_selection,language,r2_bearing_left,Row 2.3: bearing into left stand,ready,7,7,20,GEAR_STAND_ROW2_LEFT,9.827720,9.827720,,,,,,,,,,,,,,,1,,,,,,"{""acquired_tool_ids"": [20], ""acquisition_complete"": false, ""completed_steps"": [""r2_gear_rod"", ""r1_bearing_right"", ""r1_bearing_left"", ""r1_fasten_first_stand"", ""r1_gear_rod"", ""r1_insert_rod_and_fit_second"", ""r1_fasten_second_stand"", ""r2_bearing_right""], ""head_rotation_deg"": null, ""head_translation_m"": null, ""left_hand_translation_m"": null, ""removed_tool_ids"": [14, 15, 18, 19, 21, 26, 27, 28], ""right_hand_translation_m"": null, ""selected_step"": ""r2_bearing_left"", ""step_attempt"": 7, ""step_elapsed_s"": 9.827773896977305, ""step_event_index"": 7, ""total_hand_translation_m"": null, ""trial_finished_elapsed_s"": null, ""trial_recording"": true, ""trial_required_tool_ids"": [20]}"
2026-09-03T16:58:27.369-04:00,sandeep,task_aware,object_acquired,language,r2_bearing_left,Row 2.3: bearing into left stand,ready,7,8,20,GEAR_STAND_ROW2_LEFT,9.827720,9.827720,,,,,,,,,,,,,,,1,,,,,,"{""acquired_tool_ids"": [20], ""acquisition_complete"": false, ""completed_steps"": [""r2_gear_rod"", ""r1_bearing_right"", ""r1_bearing_left"", ""r1_fasten_first_stand"", ""r1_gear_rod"", ""r1_insert_rod_and_fit_second"", ""r1_fasten_second_stand"", ""r2_bearing_right""], ""head_rotation_deg"": null, ""head_translation_m"": null, ""left_hand_translation_m"": null, ""removed_tool_ids"": [14, 15, 18, 19, 21, 26, 27, 28], ""right_hand_translation_m"": null, ""selected_step"": ""r2_bearing_left"", ""step_attempt"": 7, ""step_elapsed_s"": 9.849666054011323, ""step_event_index"": 8, ""total_hand_translation_m"": null, ""trial_finished_elapsed_s"": null, ""trial_recording"": true, ""trial_required_tool_ids"": [20]}"
2026-09-03T16:58:27.381-04:00,sandeep,task_aware,step_acquisition_complete,language,r2_bearing_left,Row 2.3: bearing into left stand,ready,7,9,,,,9.861270,0.000000,0.000000,0.000000,0.000000,0.000000,0.000000,0.000000,0.000000,0.000000,0,0,0.000000,0.000000,0.000000,,,,,,,"{""acquired_tool_ids"": [20], ""acquisition_complete"": true, ""any_hover_time_s"": 0.0, ""completed_steps"": [""r2_gear_rod"", ""r1_bearing_right"", ""r1_bearing_left"", ""r1_fasten_first_stand"", ""r1_gear_rod"", ""r1_insert_rod_and_fit_second"", ""r1_fasten_second_stand"", ""r2_bearing_right""], ""head_rotation_deg"": 0.0, ""head_translation_m"": 0.0, ""hover_time_percent"": 0.0, ""left_hand_translation_m"": 0.0, ""left_hover_episodes"": 0, ""left_hover_time_s"": 0.0, ""left_hover_translation_m"": 0.0, ""removed_tool_ids"": [14, 15, 18, 19, 20, 21, 26, 27, 28], ""right_hand_translation_m"": 0.0, ""right_hover_episodes"": 0, ""right_hover_time_s"": 0.0, ""right_hover_translation_m"": 0.0, ""selected_step"": ""r2_bearing_left"", ""step_attempt"": 7, ""step_elapsed_s"": 9.8612701909733, ""step_event_index"": 9, ""total_hand_translation_m"": 0.0, ""total_hover_translation_m"": 0.0, ""trial_finished_elapsed_s"": 9.8612701909733, ""trial_recording"": false, ""trial_required_tool_ids"": [20]}"
2026-09-03T16:58:27.392-04:00,sandeep,task_aware,graph_complete,,r2_bearing_left,Row 2.3: bearing into left stand,complete,7,10,,,,,,,,,,,,,,,,,,,,,,,,,"{""acquired_tool_ids"": [20], ""acquisition_complete"": true, ""any_hover_time_s"": 0.0, ""completed_steps"": [""r2_gear_rod"", ""r1_bearing_right"", ""r1_bearing_left"", ""r1_fasten_first_stand"", ""r1_gear_rod"", ""r1_insert_rod_and_fit_second"", ""r1_fasten_second_stand"", ""r2_bearing_right"", ""r2_bearing_left""], ""head_rotation_deg"": 0.0, ""head_translation_m"": 0.0, ""hover_time_percent"": 0.0, ""left_hand_translation_m"": 0.0, ""left_hover_episodes"": 0, ""left_hover_time_s"": 0.0, ""left_hover_translation_m"": 0.0, ""removed_tool_ids"": [14, 15, 18, 19, 20, 21, 26, 27, 28], ""right_hand_translation_m"": 0.0, ""right_hover_episodes"": 0, ""right_hover_time_s"": 0.0, ""right_hover_translation_m"": 0.0, ""selected_step"": ""r2_bearing_left"", ""step_attempt"": 7, ""step_elapsed_s"": 9.8612701909733, ""step_event_index"": 10, ""total_hand_translation_m"": 0.0, ""total_hover_translation_m"": 0.0, ""trial_finished_elapsed_s"": 9.8612701909733, ""trial_recording"": false, ""trial_required_tool_ids"": [20]}"
2026-09-03T16:58:35.295-04:00,sandeep,task_aware,step_started,keyboard,r2_fasten_first_stand,Row 2.4: fasten right stand,ready,8,1,,,,,,,,,,,,,,,,,,,,,,,,,"{""acquired_tool_ids"": [], ""acquisition_complete"": false, ""completed_steps"": [""r2_gear_rod"", ""r1_bearing_right"", ""r1_bearing_left"", ""r1_fasten_first_stand"", ""r1_gear_rod"", ""r1_insert_rod_and_fit_second"", ""r1_fasten_second_stand"", ""r2_bearing_right"", ""r2_bearing_left""], ""head_rotation_deg"": null, ""head_translation_m"": null, ""left_hand_translation_m"": null, ""removed_tool_ids"": [14, 15, 18, 19, 20, 21, 26, 27, 28], ""right_hand_translation_m"": null, ""selected_step"": ""r2_fasten_first_stand"", ""step_attempt"": 8, ""step_elapsed_s"": 0.00046972697600722313, ""step_event_index"": 1, ""total_hand_translation_m"": null, ""trial_finished_elapsed_s"": null, ""trial_recording"": true, ""trial_required_tool_ids"": [7, 35, 37]}"
2026-09-03T16:58:35.343-04:00,sandeep,task_aware,task_aware_highlight_presented,system,r2_fasten_first_stand,Row 2.4: fasten right stand,ready,8,2,,,,,,,,,,,,,,,,,,,,,"[35, 7, 37]",,task_aware_proactive_highlight,,"{""acquired_tool_ids"": [], ""acquisition_complete"": false, ""completed_steps"": [""r2_gear_rod"", ""r1_bearing_right"", ""r1_bearing_left"", ""r1_fasten_first_stand"", ""r1_gear_rod"", ""r1_insert_rod_and_fit_second"", ""r1_fasten_second_stand"", ""r2_bearing_right"", ""r2_bearing_left""], ""head_rotation_deg"": null, ""head_translation_m"": null, ""left_hand_translation_m"": null, ""removed_tool_ids"": [14, 15, 18, 19, 20, 21, 26, 27, 28], ""right_hand_translation_m"": null, ""selected_step"": ""r2_fasten_first_stand"", ""step_attempt"": 8, ""step_elapsed_s"": 0.048520896991249174, ""step_event_index"": 2, ""total_hand_translation_m"": null, ""trial_finished_elapsed_s"": null, ""trial_recording"": true, ""trial_required_tool_ids"": [7, 35, 37]}"
2026-09-03T16:58:38.502-04:00,sandeep,task_aware,participant_speech_submitted,speech,r2_fasten_first_stand,Row 2.4: fasten right stand,ready,8,3,,,,3.207521,,,,,,,,,,,,,,,,bit holder,,,speech_proxy,,"{""acquired_tool_ids"": [], ""acquisition_complete"": false, ""completed_steps"": [""r2_gear_rod"", ""r1_bearing_right"", ""r1_bearing_left"", ""r1_fasten_first_stand"", ""r1_gear_rod"", ""r1_insert_rod_and_fit_second"", ""r1_fasten_second_stand"", ""r2_bearing_right"", ""r2_bearing_left""], ""head_rotation_deg"": null, ""head_translation_m"": null, ""left_hand_translation_m"": null, ""removed_tool_ids"": [14, 15, 18, 19, 20, 21, 26, 27, 28], ""right_hand_translation_m"": null, ""selected_step"": ""r2_fasten_first_stand"", ""step_attempt"": 8, ""step_elapsed_s"": 3.2075402769842185, ""step_event_index"": 3, ""total_hand_translation_m"": null, ""trial_finished_elapsed_s"": null, ""trial_recording"": true, ""trial_required_tool_ids"": [7, 35, 37]}"
2026-09-03T16:58:38.533-04:00,sandeep,task_aware,vlm_request_submitted,speech,r2_fasten_first_stand,Row 2.4: fasten right stand,ready,8,4,,,,3.238914,,,,,,,,,,,,,,,,bit holder,,,speech_proxy,,"{""acquired_tool_ids"": [], ""acquisition_complete"": false, ""completed_steps"": [""r2_gear_rod"", ""r1_bearing_right"", ""r1_bearing_left"", ""r1_fasten_first_stand"", ""r1_gear_rod"", ""r1_insert_rod_and_fit_second"", ""r1_fasten_second_stand"", ""r2_bearing_right"", ""r2_bearing_left""], ""head_rotation_deg"": null, ""head_translation_m"": null, ""left_hand_translation_m"": null, ""removed_tool_ids"": [14, 15, 18, 19, 20, 21, 26, 27, 28], ""right_hand_translation_m"": null, ""selected_step"": ""r2_fasten_first_stand"", ""step_attempt"": 8, ""step_elapsed_s"": 3.23892952199094, ""step_event_index"": 4, ""total_hand_translation_m"": null, ""trial_finished_elapsed_s"": null, ""trial_recording"": true, ""trial_required_tool_ids"": [7, 35, 37]}"
2026-09-03T16:58:42.098-04:00,sandeep,task_aware,vlm_inference_completed,lifecycle,r2_fasten_first_stand,Row 2.4: fasten right stand,ready,8,5,,,,6.803156,,,,,,,,,,,,,,,,bit holder,,,BIT_HOLDER1,,"{""acquired_tool_ids"": [], ""acquisition_complete"": false, ""completed_steps"": [""r2_gear_rod"", ""r1_bearing_right"", ""r1_bearing_left"", ""r1_fasten_first_stand"", ""r1_gear_rod"", ""r1_insert_rod_and_fit_second"", ""r1_fasten_second_stand"", ""r2_bearing_right"", ""r2_bearing_left""], ""head_rotation_deg"": null, ""head_translation_m"": null, ""left_hand_translation_m"": null, ""removed_tool_ids"": [14, 15, 18, 19, 20, 21, 26, 27, 28], ""right_hand_translation_m"": null, ""selected_step"": ""r2_fasten_first_stand"", ""step_attempt"": 8, ""step_elapsed_s"": 6.803168515965808, ""step_event_index"": 5, ""total_hand_translation_m"": null, ""trial_finished_elapsed_s"": null, ""trial_recording"": true, ""trial_required_tool_ids"": [7, 35, 37]}"
2026-09-03T16:58:42.150-04:00,sandeep,task_aware,vlm_interaction,language,r2_fasten_first_stand,Row 2.4: fasten right stand,ready,8,6,,,,,,,,,,,,,,,,,,,,bit holder,BIT_HOLDER1,"{""intent"":""part_reference"",""part_action"":""reference"",""reference_relation"":""direct"",""step_scope"":"""",""target"":""BIT_HOLDER1"",""candidates"":[],""exclude_labels"":[]}",outside_selected_step_search_space,That object is not required for the selected step. This step is to screw the right stand to the board.,"{""acquired_tool_ids"": [], ""acquisition_complete"": false, ""completed_steps"": [""r2_gear_rod"", ""r1_bearing_right"", ""r1_bearing_left"", ""r1_fasten_first_stand"", ""r1_gear_rod"", ""r1_insert_rod_and_fit_second"", ""r1_fasten_second_stand"", ""r2_bearing_right"", ""r2_bearing_left""], ""head_rotation_deg"": null, ""head_translation_m"": null, ""left_hand_translation_m"": null, ""removed_tool_ids"": [14, 15, 18, 19, 20, 21, 26, 27, 28], ""right_hand_translation_m"": null, ""selected_step"": ""r2_fasten_first_stand"", ""step_attempt"": 8, ""step_elapsed_s"": 6.8558380079921335, ""step_event_index"": 6, ""total_hand_translation_m"": null, ""trial_finished_elapsed_s"": null, ""trial_recording"": true, ""trial_required_tool_ids"": [7, 35, 37]}"
2026-09-03T16:58:42.912-04:00,sandeep,task_aware,participant_speech_submitted,speech,r2_fasten_first_stand,Row 2.4: fasten right stand,ready,8,7,,,,7.617192,,,,,,,,,,,,,,,,screw driver,,,speech_proxy,,"{""acquired_tool_ids"": [], ""acquisition_complete"": false, ""completed_steps"": [""r2_gear_rod"", ""r1_bearing_right"", ""r1_bearing_left"", ""r1_fasten_first_stand"", ""r1_gear_rod"", ""r1_insert_rod_and_fit_second"", ""r1_fasten_second_stand"", ""r2_bearing_right"", ""r2_bearing_left""], ""head_rotation_deg"": null, ""head_translation_m"": null, ""left_hand_translation_m"": null, ""removed_tool_ids"": [14, 15, 18, 19, 20, 21, 26, 27, 28], ""right_hand_translation_m"": null, ""selected_step"": ""r2_fasten_first_stand"", ""step_attempt"": 8, ""step_elapsed_s"": 7.617211153963581, ""step_event_index"": 7, ""total_hand_translation_m"": null, ""trial_finished_elapsed_s"": null, ""trial_recording"": true, ""trial_required_tool_ids"": [7, 35, 37]}"
2026-09-03T16:58:42.945-04:00,sandeep,task_aware,vlm_request_submitted,speech,r2_fasten_first_stand,Row 2.4: fasten right stand,ready,8,8,,,,7.650559,,,,,,,,,,,,,,,,screw driver,,,speech_proxy,,"{""acquired_tool_ids"": [], ""acquisition_complete"": false, ""completed_steps"": [""r2_gear_rod"", ""r1_bearing_right"", ""r1_bearing_left"", ""r1_fasten_first_stand"", ""r1_gear_rod"", ""r1_insert_rod_and_fit_second"", ""r1_fasten_second_stand"", ""r2_bearing_right"", ""r2_bearing_left""], ""head_rotation_deg"": null, ""head_translation_m"": null, ""left_hand_translation_m"": null, ""removed_tool_ids"": [14, 15, 18, 19, 20, 21, 26, 27, 28], ""right_hand_translation_m"": null, ""selected_step"": ""r2_fasten_first_stand"", ""step_attempt"": 8, ""step_elapsed_s"": 7.650574906961992, ""step_event_index"": 8, ""total_hand_translation_m"": null, ""trial_finished_elapsed_s"": null, ""trial_recording"": true, ""trial_required_tool_ids"": [7, 35, 37]}"
2026-09-03T16:58:46.600-04:00,sandeep,task_aware,vlm_inference_completed,lifecycle,r2_fasten_first_stand,Row 2.4: fasten right stand,ready,8,9,,,,11.305613,,,,,,,,,,,,,,,,screw driver,,,BIT_SCREWDRIVER,,"{""acquired_tool_ids"": [], ""acquisition_complete"": false, ""completed_steps"": [""r2_gear_rod"", ""r1_bearing_right"", ""r1_bearing_left"", ""r1_fasten_first_stand"", ""r1_gear_rod"", ""r1_insert_rod_and_fit_second"", ""r1_fasten_second_stand"", ""r2_bearing_right"", ""r2_bearing_left""], ""head_rotation_deg"": null, ""head_translation_m"": null, ""left_hand_translation_m"": null, ""removed_tool_ids"": [14, 15, 18, 19, 20, 21, 26, 27, 28], ""right_hand_translation_m"": null, ""selected_step"": ""r2_fasten_first_stand"", ""step_attempt"": 8, ""step_elapsed_s"": 11.305623632972129, ""step_event_index"": 9, ""total_hand_translation_m"": null, ""trial_finished_elapsed_s"": null, ""trial_recording"": true, ""trial_required_tool_ids"": [7, 35, 37]}"
2026-09-03T16:58:46.641-04:00,sandeep,task_aware,vlm_interaction,language,r2_fasten_first_stand,Row 2.4: fasten right stand,ready,8,10,,,,,,,,,,,,,,,,,,,,screw driver,BIT_SCREWDRIVER,"{""intent"":""part_reference"",""part_action"":""reference"",""reference_relation"":""direct"",""step_scope"":"""",""target"":""BIT_SCREWDRIVER"",""candidates"":[],""exclude_labels"":[]}",language_grounded,I identified and highlighted the interchangeable-bit screwdriver.,"{""acquired_tool_ids"": [], ""acquisition_complete"": false, ""completed_steps"": [""r2_gear_rod"", ""r1_bearing_right"", ""r1_bearing_left"", ""r1_fasten_first_stand"", ""r1_gear_rod"", ""r1_insert_rod_and_fit_second"", ""r1_fasten_second_stand"", ""r2_bearing_right"", ""r2_bearing_left""], ""head_rotation_deg"": null, ""head_translation_m"": null, ""left_hand_translation_m"": null, ""removed_tool_ids"": [14, 15, 18, 19, 20, 21, 26, 27, 28], ""right_hand_translation_m"": null, ""selected_step"": ""r2_fasten_first_stand"", ""step_attempt"": 8, ""step_elapsed_s"": 11.346545173961204, ""step_event_index"": 10, ""total_hand_translation_m"": null, ""trial_finished_elapsed_s"": null, ""trial_recording"": true, ""trial_required_tool_ids"": [7, 35, 37]}"
2026-09-03T16:58:46.656-04:00,sandeep,task_aware,part_selection,language,r2_fasten_first_stand,Row 2.4: fasten right stand,ready,8,11,7,BIT_SCREWDRIVER,11.361561,11.361561,,,,,,,,,,,,,,,1,,,,,,"{""acquired_tool_ids"": [7], ""acquisition_complete"": false, ""completed_steps"": [""r2_gear_rod"", ""r1_bearing_right"", ""r1_bearing_left"", ""r1_fasten_first_stand"", ""r1_gear_rod"", ""r1_insert_rod_and_fit_second"", ""r1_fasten_second_stand"", ""r2_bearing_right"", ""r2_bearing_left""], ""head_rotation_deg"": null, ""head_translation_m"": null, ""left_hand_translation_m"": null, ""removed_tool_ids"": [14, 15, 18, 19, 20, 21, 26, 27, 28], ""right_hand_translation_m"": null, ""selected_step"": ""r2_fasten_first_stand"", ""step_attempt"": 8, ""step_elapsed_s"": 11.361608167993836, ""step_event_index"": 11, ""total_hand_translation_m"": null, ""trial_finished_elapsed_s"": null, ""trial_recording"": true, ""trial_required_tool_ids"": [7, 35, 37]}"
2026-09-03T16:58:46.668-04:00,sandeep,task_aware,object_acquired,language,r2_fasten_first_stand,Row 2.4: fasten right stand,ready,8,12,7,BIT_SCREWDRIVER,11.361561,11.361561,,,,,,,,,,,,,,,1,,,,,,"{""acquired_tool_ids"": [7], ""acquisition_complete"": false, ""completed_steps"": [""r2_gear_rod"", ""r1_bearing_right"", ""r1_bearing_left"", ""r1_fasten_first_stand"", ""r1_gear_rod"", ""r1_insert_rod_and_fit_second"", ""r1_fasten_second_stand"", ""r2_bearing_right"", ""r2_bearing_left""], ""head_rotation_deg"": null, ""head_translation_m"": null, ""left_hand_translation_m"": null, ""removed_tool_ids"": [14, 15, 18, 19, 20, 21, 26, 27, 28], ""right_hand_translation_m"": null, ""selected_step"": ""r2_fasten_first_stand"", ""step_attempt"": 8, ""step_elapsed_s"": 11.373569077986758, ""step_event_index"": 12, ""total_hand_translation_m"": null, ""trial_finished_elapsed_s"": null, ""trial_recording"": true, ""trial_required_tool_ids"": [7, 35, 37]}"
2026-09-03T16:58:46.680-04:00,sandeep,task_aware,tts_queued,lifecycle,r2_fasten_first_stand,Row 2.4: fasten right stand,ready,8,13,,,,11.385673,,,,,,,,,,,,,,,,2 parts left.,,,replace,,"{""acquired_tool_ids"": [7], ""acquisition_complete"": false, ""completed_steps"": [""r2_gear_rod"", ""r1_bearing_right"", ""r1_bearing_left"", ""r1_fasten_first_stand"", ""r1_gear_rod"", ""r1_insert_rod_and_fit_second"", ""r1_fasten_second_stand"", ""r2_bearing_right"", ""r2_bearing_left""], ""head_rotation_deg"": null, ""head_translation_m"": null, ""left_hand_translation_m"": null, ""removed_tool_ids"": [14, 15, 18, 19, 20, 21, 26, 27, 28], ""right_hand_translation_m"": null, ""selected_step"": ""r2_fasten_first_stand"", ""step_attempt"": 8, ""step_elapsed_s"": 11.385687423986383, ""step_event_index"": 13, ""total_hand_translation_m"": null, ""trial_finished_elapsed_s"": null, ""trial_recording"": true, ""trial_required_tool_ids"": [7, 35, 37]}"
2026-09-03T16:58:46.698-04:00,sandeep,task_aware,tts_started,lifecycle,r2_fasten_first_stand,Row 2.4: fasten right stand,ready,8,14,,,,11.403371,,,,,,,,,,,,,,,,2 parts left.,,,,,"{""acquired_tool_ids"": [7], ""acquisition_complete"": false, ""completed_steps"": [""r2_gear_rod"", ""r1_bearing_right"", ""r1_bearing_left"", ""r1_fasten_first_stand"", ""r1_gear_rod"", ""r1_insert_rod_and_fit_second"", ""r1_fasten_second_stand"", ""r2_bearing_right"", ""r2_bearing_left""], ""head_rotation_deg"": null, ""head_translation_m"": null, ""left_hand_translation_m"": null, ""removed_tool_ids"": [14, 15, 18, 19, 20, 21, 26, 27, 28], ""right_hand_translation_m"": null, ""selected_step"": ""r2_fasten_first_stand"", ""step_attempt"": 8, ""step_elapsed_s"": 11.403380331001244, ""step_event_index"": 14, ""total_hand_translation_m"": null, ""trial_finished_elapsed_s"": null, ""trial_recording"": true, ""trial_required_tool_ids"": [7, 35, 37]}"
2026-09-03T16:58:47.917-04:00,sandeep,task_aware,tts_finished,lifecycle,r2_fasten_first_stand,Row 2.4: fasten right stand,ready,8,15,,,,12.622599,,,,,,,,,,,,,,,,2 parts left.,,,,,"{""acquired_tool_ids"": [7], ""acquisition_complete"": false, ""completed_steps"": [""r2_gear_rod"", ""r1_bearing_right"", ""r1_bearing_left"", ""r1_fasten_first_stand"", ""r1_gear_rod"", ""r1_insert_rod_and_fit_second"", ""r1_fasten_second_stand"", ""r2_bearing_right"", ""r2_bearing_left""], ""head_rotation_deg"": null, ""head_translation_m"": null, ""left_hand_translation_m"": null, ""removed_tool_ids"": [14, 15, 18, 19, 20, 21, 26, 27, 28], ""right_hand_translation_m"": null, ""selected_step"": ""r2_fasten_first_stand"", ""step_attempt"": 8, ""step_elapsed_s"": 12.622610316961072, ""step_event_index"": 15, ""total_hand_translation_m"": null, ""trial_finished_elapsed_s"": null, ""trial_recording"": true, ""trial_required_tool_ids"": [7, 35, 37]}"
2026-09-03T16:58:49.683-04:00,sandeep,task_aware,participant_speech_submitted,speech,r2_fasten_first_stand,Row 2.4: fasten right stand,ready,8,16,,,,14.388799,,,,,,,,,,,,,,,,screw,,,speech_proxy,,"{""acquired_tool_ids"": [7], ""acquisition_complete"": false, ""completed_steps"": [""r2_gear_rod"", ""r1_bearing_right"", ""r1_bearing_left"", ""r1_fasten_first_stand"", ""r1_gear_rod"", ""r1_insert_rod_and_fit_second"", ""r1_fasten_second_stand"", ""r2_bearing_right"", ""r2_bearing_left""], ""head_rotation_deg"": null, ""head_translation_m"": null, ""left_hand_translation_m"": null, ""removed_tool_ids"": [14, 15, 18, 19, 20, 21, 26, 27, 28], ""right_hand_translation_m"": null, ""selected_step"": ""r2_fasten_first_stand"", ""step_attempt"": 8, ""step_elapsed_s"": 14.388817203987855, ""step_event_index"": 16, ""total_hand_translation_m"": null, ""trial_finished_elapsed_s"": null, ""trial_recording"": true, ""trial_required_tool_ids"": [7, 35, 37]}"
2026-09-03T16:58:49.725-04:00,sandeep,task_aware,vlm_request_submitted,speech,r2_fasten_first_stand,Row 2.4: fasten right stand,ready,8,17,,,,14.430144,,,,,,,,,,,,,,,,screw,,,speech_proxy,,"{""acquired_tool_ids"": [7], ""acquisition_complete"": false, ""completed_steps"": [""r2_gear_rod"", ""r1_bearing_right"", ""r1_bearing_left"", ""r1_fasten_first_stand"", ""r1_gear_rod"", ""r1_insert_rod_and_fit_second"", ""r1_fasten_second_stand"", ""r2_bearing_right"", ""r2_bearing_left""], ""head_rotation_deg"": null, ""head_translation_m"": null, ""left_hand_translation_m"": null, ""removed_tool_ids"": [14, 15, 18, 19, 20, 21, 26, 27, 28], ""right_hand_translation_m"": null, ""selected_step"": ""r2_fasten_first_stand"", ""step_attempt"": 8, ""step_elapsed_s"": 14.430169600993395, ""step_event_index"": 17, ""total_hand_translation_m"": null, ""trial_finished_elapsed_s"": null, ""trial_recording"": true, ""trial_required_tool_ids"": [7, 35, 37]}"
2026-09-03T16:58:53.470-04:00,sandeep,task_aware,vlm_inference_completed,lifecycle,r2_fasten_first_stand,Row 2.4: fasten right stand,ready,8,18,,,,18.175981,,,,,,,,,,,,,,,,screw,,,SCREW_ROW2,,"{""acquired_tool_ids"": [7], ""acquisition_complete"": false, ""completed_steps"": [""r2_gear_rod"", ""r1_bearing_right"", ""r1_bearing_left"", ""r1_fasten_first_stand"", ""r1_gear_rod"", ""r1_insert_rod_and_fit_second"", ""r1_fasten_second_stand"", ""r2_bearing_right"", ""r2_bearing_left""], ""head_rotation_deg"": null, ""head_translation_m"": null, ""left_hand_translation_m"": null, ""removed_tool_ids"": [14, 15, 18, 19, 20, 21, 26, 27, 28], ""right_hand_translation_m"": null, ""selected_step"": ""r2_fasten_first_stand"", ""step_attempt"": 8, ""step_elapsed_s"": 18.17599253100343, ""step_event_index"": 18, ""total_hand_translation_m"": null, ""trial_finished_elapsed_s"": null, ""trial_recording"": true, ""trial_required_tool_ids"": [7, 35, 37]}"
2026-09-03T16:58:53.498-04:00,sandeep,task_aware,vlm_interaction,language,r2_fasten_first_stand,Row 2.4: fasten right stand,ready,8,19,,,,,,,,,,,,,,,,,,,,screw,SCREW_ROW2,"{""intent"":""part_reference"",""part_action"":""reference"",""reference_relation"":""direct"",""step_scope"":""selected_step"",""target"":""SCREW_ROW2_RIGHT"",""candidates"":[],""exclude_labels"":[]}",language_grounded,I identified and highlighted the Row 2 mounting screw.,"{""acquired_tool_ids"": [7], ""acquisition_complete"": false, ""completed_steps"": [""r2_gear_rod"", ""r1_bearing_right"", ""r1_bearing_left"", ""r1_fasten_first_stand"", ""r1_gear_rod"", ""r1_insert_rod_and_fit_second"", ""r1_fasten_second_stand"", ""r2_bearing_right"", ""r2_bearing_left""], ""head_rotation_deg"": null, ""head_translation_m"": null, ""left_hand_translation_m"": null, ""removed_tool_ids"": [14, 15, 18, 19, 20, 21, 26, 27, 28], ""right_hand_translation_m"": null, ""selected_step"": ""r2_fasten_first_stand"", ""step_attempt"": 8, ""step_elapsed_s"": 18.203345291956794, ""step_event_index"": 19, ""total_hand_translation_m"": null, ""trial_finished_elapsed_s"": null, ""trial_recording"": true, ""trial_required_tool_ids"": [7, 35, 37]}"
2026-09-03T16:58:53.536-04:00,sandeep,task_aware,part_selection,language,r2_fasten_first_stand,Row 2.4: fasten right stand,ready,8,20,35,SCREWS,6.879473,18.241033,,,,,,,,,,,,,,,1,,,,,,"{""acquired_tool_ids"": [7, 35], ""acquisition_complete"": false, ""completed_steps"": [""r2_gear_rod"", ""r1_bearing_right"", ""r1_bearing_left"", ""r1_fasten_first_stand"", ""r1_gear_rod"", ""r1_insert_rod_and_fit_second"", ""r1_fasten_second_stand"", ""r2_bearing_right"", ""r2_bearing_left""], ""head_rotation_deg"": null, ""head_translation_m"": null, ""left_hand_translation_m"": null, ""removed_tool_ids"": [14, 15, 18, 19, 20, 21, 26, 27, 28], ""right_hand_translation_m"": null, ""selected_step"": ""r2_fasten_first_stand"", ""step_attempt"": 8, ""step_elapsed_s"": 18.241091942996718, ""step_event_index"": 20, ""total_hand_translation_m"": null, ""trial_finished_elapsed_s"": null, ""trial_recording"": true, ""trial_required_tool_ids"": [7, 35, 37]}"
2026-09-03T16:58:53.555-04:00,sandeep,task_aware,object_acquired,language,r2_fasten_first_stand,Row 2.4: fasten right stand,ready,8,21,35,SCREWS,6.879473,18.241033,,,,,,,,,,,,,,,1,,,,,,"{""acquired_tool_ids"": [7, 35], ""acquisition_complete"": false, ""completed_steps"": [""r2_gear_rod"", ""r1_bearing_right"", ""r1_bearing_left"", ""r1_fasten_first_stand"", ""r1_gear_rod"", ""r1_insert_rod_and_fit_second"", ""r1_fasten_second_stand"", ""r2_bearing_right"", ""r2_bearing_left""], ""head_rotation_deg"": null, ""head_translation_m"": null, ""left_hand_translation_m"": null, ""removed_tool_ids"": [14, 15, 18, 19, 20, 21, 26, 27, 28], ""right_hand_translation_m"": null, ""selected_step"": ""r2_fasten_first_stand"", ""step_attempt"": 8, ""step_elapsed_s"": 18.260613071965054, ""step_event_index"": 21, ""total_hand_translation_m"": null, ""trial_finished_elapsed_s"": null, ""trial_recording"": true, ""trial_required_tool_ids"": [7, 35, 37]}"
2026-09-03T16:58:53.569-04:00,sandeep,task_aware,tts_queued,lifecycle,r2_fasten_first_stand,Row 2.4: fasten right stand,ready,8,22,,,,18.274658,,,,,,,,,,,,,,,,1 part left.,,,replace,,"{""acquired_tool_ids"": [7, 35], ""acquisition_complete"": false, ""completed_steps"": [""r2_gear_rod"", ""r1_bearing_right"", ""r1_bearing_left"", ""r1_fasten_first_stand"", ""r1_gear_rod"", ""r1_insert_rod_and_fit_second"", ""r1_fasten_second_stand"", ""r2_bearing_right"", ""r2_bearing_left""], ""head_rotation_deg"": null, ""head_translation_m"": null, ""left_hand_translation_m"": null, ""removed_tool_ids"": [14, 15, 18, 19, 20, 21, 26, 27, 28], ""right_hand_translation_m"": null, ""selected_step"": ""r2_fasten_first_stand"", ""step_attempt"": 8, ""step_elapsed_s"": 18.274671259976458, ""step_event_index"": 22, ""total_hand_translation_m"": null, ""trial_finished_elapsed_s"": null, ""trial_recording"": true, ""trial_required_tool_ids"": [7, 35, 37]}"
2026-09-03T16:58:53.589-04:00,sandeep,task_aware,tts_started,lifecycle,r2_fasten_first_stand,Row 2.4: fasten right stand,ready,8,23,,,,18.294156,,,,,,,,,,,,,,,,1 part left.,,,,,"{""acquired_tool_ids"": [7, 35], ""acquisition_complete"": false, ""completed_steps"": [""r2_gear_rod"", ""r1_bearing_right"", ""r1_bearing_left"", ""r1_fasten_first_stand"", ""r1_gear_rod"", ""r1_insert_rod_and_fit_second"", ""r1_fasten_second_stand"", ""r2_bearing_right"", ""r2_bearing_left""], ""head_rotation_deg"": null, ""head_translation_m"": null, ""left_hand_translation_m"": null, ""removed_tool_ids"": [14, 15, 18, 19, 20, 21, 26, 27, 28], ""right_hand_translation_m"": null, ""selected_step"": ""r2_fasten_first_stand"", ""step_attempt"": 8, ""step_elapsed_s"": 18.29416755499551, ""step_event_index"": 23, ""total_hand_translation_m"": null, ""trial_finished_elapsed_s"": null, ""trial_recording"": true, ""trial_required_tool_ids"": [7, 35, 37]}"
2026-09-03T16:58:54.771-04:00,sandeep,task_aware,tts_finished,lifecycle,r2_fasten_first_stand,Row 2.4: fasten right stand,ready,8,24,,,,19.476344,,,,,,,,,,,,,,,,1 part left.,,,,,"{""acquired_tool_ids"": [7, 35], ""acquisition_complete"": false, ""completed_steps"": [""r2_gear_rod"", ""r1_bearing_right"", ""r1_bearing_left"", ""r1_fasten_first_stand"", ""r1_gear_rod"", ""r1_insert_rod_and_fit_second"", ""r1_fasten_second_stand"", ""r2_bearing_right"", ""r2_bearing_left""], ""head_rotation_deg"": null, ""head_translation_m"": null, ""left_hand_translation_m"": null, ""removed_tool_ids"": [14, 15, 18, 19, 20, 21, 26, 27, 28], ""right_hand_translation_m"": null, ""selected_step"": ""r2_fasten_first_stand"", ""step_attempt"": 8, ""step_elapsed_s"": 19.47635478299344, ""step_event_index"": 24, ""total_hand_translation_m"": null, ""trial_finished_elapsed_s"": null, ""trial_recording"": true, ""trial_required_tool_ids"": [7, 35, 37]}"
2026-09-03T16:59:15.531-04:00,sandeep,task_aware,participant_speech_submitted,speech,r2_fasten_first_stand,Row 2.4: fasten right stand,ready,8,25,,,,40.236342,,,,,,,,,,,,,,,,other bit holder,,,speech_proxy,,"{""acquired_tool_ids"": [7, 35], ""acquisition_complete"": false, ""completed_steps"": [""r2_gear_rod"", ""r1_bearing_right"", ""r1_bearing_left"", ""r1_fasten_first_stand"", ""r1_gear_rod"", ""r1_insert_rod_and_fit_second"", ""r1_fasten_second_stand"", ""r2_bearing_right"", ""r2_bearing_left""], ""head_rotation_deg"": null, ""head_translation_m"": null, ""left_hand_translation_m"": null, ""removed_tool_ids"": [14, 15, 18, 19, 20, 21, 26, 27, 28], ""right_hand_translation_m"": null, ""selected_step"": ""r2_fasten_first_stand"", ""step_attempt"": 8, ""step_elapsed_s"": 40.23635860695504, ""step_event_index"": 25, ""total_hand_translation_m"": null, ""trial_finished_elapsed_s"": null, ""trial_recording"": true, ""trial_required_tool_ids"": [7, 35, 37]}"
2026-09-03T16:59:15.586-04:00,sandeep,task_aware,vlm_request_submitted,speech,r2_fasten_first_stand,Row 2.4: fasten right stand,ready,8,26,,,,40.291930,,,,,,,,,,,,,,,,other bit holder,,,speech_proxy,,"{""acquired_tool_ids"": [7, 35], ""acquisition_complete"": false, ""completed_steps"": [""r2_gear_rod"", ""r1_bearing_right"", ""r1_bearing_left"", ""r1_fasten_first_stand"", ""r1_gear_rod"", ""r1_insert_rod_and_fit_second"", ""r1_fasten_second_stand"", ""r2_bearing_right"", ""r2_bearing_left""], ""head_rotation_deg"": null, ""head_translation_m"": null, ""left_hand_translation_m"": null, ""removed_tool_ids"": [14, 15, 18, 19, 20, 21, 26, 27, 28], ""right_hand_translation_m"": null, ""selected_step"": ""r2_fasten_first_stand"", ""step_attempt"": 8, ""step_elapsed_s"": 40.29194591596024, ""step_event_index"": 26, ""total_hand_translation_m"": null, ""trial_finished_elapsed_s"": null, ""trial_recording"": true, ""trial_required_tool_ids"": [7, 35, 37]}"
2026-09-03T16:59:19.683-04:00,sandeep,task_aware,vlm_inference_completed,lifecycle,r2_fasten_first_stand,Row 2.4: fasten right stand,ready,8,27,,,,44.388060,,,,,,,,,,,,,,,,other bit holder,,,AMBIGUOUS,,"{""acquired_tool_ids"": [7, 35], ""acquisition_complete"": false, ""completed_steps"": [""r2_gear_rod"", ""r1_bearing_right"", ""r1_bearing_left"", ""r1_fasten_first_stand"", ""r1_gear_rod"", ""r1_insert_rod_and_fit_second"", ""r1_fasten_second_stand"", ""r2_bearing_right"", ""r2_bearing_left""], ""head_rotation_deg"": null, ""head_translation_m"": null, ""left_hand_translation_m"": null, ""removed_tool_ids"": [14, 15, 18, 19, 20, 21, 26, 27, 28], ""right_hand_translation_m"": null, ""selected_step"": ""r2_fasten_first_stand"", ""step_attempt"": 8, ""step_elapsed_s"": 44.38806923100492, ""step_event_index"": 27, ""total_hand_translation_m"": null, ""trial_finished_elapsed_s"": null, ""trial_recording"": true, ""trial_required_tool_ids"": [7, 35, 37]}"
2026-09-03T16:59:19.723-04:00,sandeep,task_aware,vlm_interaction,language,r2_fasten_first_stand,Row 2.4: fasten right stand,ready,8,28,,,,,,,,,,,,,,,,,,,,other bit holder,BITHOLDER2,"{""intent"":""part_reference"",""part_action"":""reference"",""reference_relation"":""alternative_to_previous"",""step_scope"":"""",""target"":""AMBIGUOUS"",""candidates"":[""BIT_HOLDER1"",""BIT_HOLDER2""],""exclude_labels"":[]}",language_colocated_grounded,I identified and highlighted the part.,"{""acquired_tool_ids"": [7, 35], ""acquisition_complete"": false, ""completed_steps"": [""r2_gear_rod"", ""r1_bearing_right"", ""r1_bearing_left"", ""r1_fasten_first_stand"", ""r1_gear_rod"", ""r1_insert_rod_and_fit_second"", ""r1_fasten_second_stand"", ""r2_bearing_right"", ""r2_bearing_left""], ""head_rotation_deg"": null, ""head_translation_m"": null, ""left_hand_translation_m"": null, ""removed_tool_ids"": [14, 15, 18, 19, 20, 21, 26, 27, 28], ""right_hand_translation_m"": null, ""selected_step"": ""r2_fasten_first_stand"", ""step_attempt"": 8, ""step_elapsed_s"": 44.42899231496267, ""step_event_index"": 28, ""total_hand_translation_m"": null, ""trial_finished_elapsed_s"": null, ""trial_recording"": true, ""trial_required_tool_ids"": [7, 35, 37]}"
2026-09-03T16:59:19.745-04:00,sandeep,task_aware,part_selection,language,r2_fasten_first_stand,Row 2.4: fasten right stand,ready,8,29,37,BITHOLDER2,26.209396,44.450430,,,,,,,,,,,,,,,1,,,,,,"{""acquired_tool_ids"": [7, 35, 37], ""acquisition_complete"": false, ""completed_steps"": [""r2_gear_rod"", ""r1_bearing_right"", ""r1_bearing_left"", ""r1_fasten_first_stand"", ""r1_gear_rod"", ""r1_insert_rod_and_fit_second"", ""r1_fasten_second_stand"", ""r2_bearing_right"", ""r2_bearing_left""], ""head_rotation_deg"": null, ""head_translation_m"": null, ""left_hand_translation_m"": null, ""removed_tool_ids"": [14, 15, 18, 19, 20, 21, 26, 27, 28], ""right_hand_translation_m"": null, ""selected_step"": ""r2_fasten_first_stand"", ""step_attempt"": 8, ""step_elapsed_s"": 44.45049393095542, ""step_event_index"": 29, ""total_hand_translation_m"": null, ""trial_finished_elapsed_s"": null, ""trial_recording"": true, ""trial_required_tool_ids"": [7, 35, 37]}"
2026-09-03T16:59:19.773-04:00,sandeep,task_aware,object_acquired,language,r2_fasten_first_stand,Row 2.4: fasten right stand,ready,8,30,37,BITHOLDER2,26.209396,44.450430,,,,,,,,,,,,,,,1,,,,,,"{""acquired_tool_ids"": [7, 35, 37], ""acquisition_complete"": false, ""completed_steps"": [""r2_gear_rod"", ""r1_bearing_right"", ""r1_bearing_left"", ""r1_fasten_first_stand"", ""r1_gear_rod"", ""r1_insert_rod_and_fit_second"", ""r1_fasten_second_stand"", ""r2_bearing_right"", ""r2_bearing_left""], ""head_rotation_deg"": null, ""head_translation_m"": null, ""left_hand_translation_m"": null, ""removed_tool_ids"": [14, 15, 18, 19, 20, 21, 26, 27, 28], ""right_hand_translation_m"": null, ""selected_step"": ""r2_fasten_first_stand"", ""step_attempt"": 8, ""step_elapsed_s"": 44.47856450098334, ""step_event_index"": 30, ""total_hand_translation_m"": null, ""trial_finished_elapsed_s"": null, ""trial_recording"": true, ""trial_required_tool_ids"": [7, 35, 37]}"
2026-09-03T16:59:19.796-04:00,sandeep,task_aware,step_acquisition_complete,language,r2_fasten_first_stand,Row 2.4: fasten right stand,ready,8,31,,,,44.501456,0.000000,0.000000,0.000000,0.000000,0.000000,0.000000,0.000000,0.000000,0.000000,0,0,0.000000,0.000000,0.000000,,,,,,,"{""acquired_tool_ids"": [7, 35, 37], ""acquisition_complete"": true, ""any_hover_time_s"": 0.0, ""completed_steps"": [""r2_gear_rod"", ""r1_bearing_right"", ""r1_bearing_left"", ""r1_fasten_first_stand"", ""r1_gear_rod"", ""r1_insert_rod_and_fit_second"", ""r1_fasten_second_stand"", ""r2_bearing_right"", ""r2_bearing_left""], ""head_rotation_deg"": 0.0, ""head_translation_m"": 0.0, ""hover_time_percent"": 0.0, ""left_hand_translation_m"": 0.0, ""left_hover_episodes"": 0, ""left_hover_time_s"": 0.0, ""left_hover_translation_m"": 0.0, ""removed_tool_ids"": [14, 15, 18, 19, 20, 21, 26, 27, 28], ""right_hand_translation_m"": 0.0, ""right_hover_episodes"": 0, ""right_hover_time_s"": 0.0, ""right_hover_translation_m"": 0.0, ""selected_step"": ""r2_fasten_first_stand"", ""step_attempt"": 8, ""step_elapsed_s"": 44.50145568000153, ""step_event_index"": 31, ""total_hand_translation_m"": 0.0, ""total_hover_translation_m"": 0.0, ""trial_finished_elapsed_s"": 44.50145568000153, ""trial_recording"": false, ""trial_required_tool_ids"": [7, 35, 37]}"
2026-09-03T16:59:19.839-04:00,sandeep,task_aware,graph_complete,,r2_fasten_first_stand,Row 2.4: fasten right stand,complete,8,32,,,,,,,,,,,,,,,,,,,,,,,,,"{""acquired_tool_ids"": [7, 35, 37], ""acquisition_complete"": true, ""any_hover_time_s"": 0.0, ""completed_steps"": [""r2_gear_rod"", ""r1_bearing_right"", ""r1_bearing_left"", ""r1_fasten_first_stand"", ""r1_gear_rod"", ""r1_insert_rod_and_fit_second"", ""r1_fasten_second_stand"", ""r2_bearing_right"", ""r2_bearing_left"", ""r2_fasten_first_stand"", ""r2_insert_rod_and_fit_second"", ""r2_fasten_second_stand""], ""head_rotation_deg"": 0.0, ""head_translation_m"": 0.0, ""hover_time_percent"": 0.0, ""left_hand_translation_m"": 0.0, ""left_hover_episodes"": 0, ""left_hover_time_s"": 0.0, ""left_hover_translation_m"": 0.0, ""removed_tool_ids"": [14, 15, 18, 19, 20, 21, 26, 27, 28], ""right_hand_translation_m"": 0.0, ""right_hover_episodes"": 0, ""right_hover_time_s"": 0.0, ""right_hover_translation_m"": 0.0, ""selected_step"": ""r2_fasten_first_stand"", ""step_attempt"": 8, ""step_elapsed_s"": 44.50145568000153, ""step_event_index"": 32, ""total_hand_translation_m"": 0.0, ""total_hover_translation_m"": 0.0, ""trial_finished_elapsed_s"": 44.50145568000153, ""trial_recording"": false, ""trial_required_tool_ids"": [7, 35, 37]}"
