# OBJ generated by ONSHAPE BY PTC INC, 1.217 Units = meters
mtllib baseboard.mtl
g Part 2
v 0.0225951 0.0891675 -0.0211 
v 0.02273 0.0883447 -0.0211 
v 0.0229531 0.0875414 -0.0211 
v 0.0232617 0.0867669 -0.0211 
v 0.0236522 0.0860302 -0.0211 
v 0.0241201 0.0853402 -0.0211 
v 0.0246598 0.0847047 -0.0211 
v 0.0252651 0.0841314 -0.0211 
v 0.0259289 0.0836268 -0.0211 
v 0.0266433 0.083197 -0.0211 
v 0.0273999 0.0828469 -0.0211 
v 0.02819 0.0825807 -0.0211 
v 0.0290043 0.0824014 -0.0211 
v 0.0298331 0.0823113 -0.0211 
v 0.0306669 0.0823113 -0.0211 
v 0.0314957 0.0824014 -0.0211 
v 0.03231 0.0825807 -0.0211 
v 0.0331001 0.0828469 -0.0211 
v 0.0338567 0.083197 -0.0211 
v 0.0345711 0.0836268 -0.0211 
v 0.0352349 0.0841314 -0.0211 
v 0.0358402 0.0847047 -0.0211 
v 0.0363799 0.0853402 -0.0211 
v 0.0368478 0.0860302 -0.0211 
v 0.0372383 0.0867669 -0.0211 
v 0.0375469 0.0875414 -0.0211 
v 0.03777 0.0883447 -0.0211 
v 0.0379049 0.0891675 -0.0211 
v 0.03795 0.09 -0.0211 
v 0.0379049 0.0908325 -0.0211 
v 0.03777 0.0916553 -0.0211 
v 0.0375469 0.0924586 -0.0211 
v 0.0372383 0.0932331 -0.0211 
v 0.0368478 0.0939698 -0.0211 
v 0.0363799 0.0946598 -0.0211 
v 0.0358402 0.0952953 -0.0211 
v 0.0352349 0.0958686 -0.0211 
v 0.0345711 0.0963732 -0.0211 
v 0.0338567 0.096803 -0.0211 
v 0.0331001 0.0971531 -0.0211 
v 0.03231 0.0974193 -0.0211 
v 0.0314957 0.0975986 -0.0211 
v 0.0306669 0.0976887 -0.0211 
v 0.0298331 0.0976887 -0.0211 
v 0.0290043 0.0975986 -0.0211 
v 0.02819 0.0974193 -0.0211 
v 0.0273999 0.0971531 -0.0211 
v 0.0266433 0.096803 -0.0211 
v 0.0259289 0.0963732 -0.0211 
v 0.0252651 0.0958686 -0.0211 
v 0.0246598 0.0952953 -0.0211 
v 0.0241201 0.0946598 -0.0211 
v 0.0236522 0.0939698 -0.0211 
v 0.0232617 0.0932331 -0.0211 
v 0.0229531 0.0924586 -0.0211 
v 0.02273 0.0916553 -0.0211 
v 0.0225951 0.0908325 -0.0211 
v 0.02255 0.09 -0.0211 
v 0.03025 0.09 -0.0211 
v 0.03795 0.09 -0.019 
v 0.0379049 0.0908325 -0.019 
v 0.03777 0.0916553 -0.019 
v 0.0375469 0.0924586 -0.019 
v 0.0372383 0.0932331 -0.019 
v 0.0368478 0.0939698 -0.019 
v 0.0363799 0.0946598 -0.019 
v 0.0358402 0.0952953 -0.019 
v 0.0352349 0.0958686 -0.019 
v 0.0345711 0.0963732 -0.019 
v 0.0338567 0.096803 -0.019 
v 0.0331001 0.0971531 -0.019 
v 0.03231 0.0974193 -0.019 
v 0.0314957 0.0975986 -0.019 
v 0.0306669 0.0976887 -0.019 
v 0.0298331 0.0976887 -0.019 
v 0.0290043 0.0975986 -0.019 
v 0.02819 0.0974193 -0.019 
v 0.0273999 0.0971531 -0.019 
v 0.0266433 0.096803 -0.019 
v 0.0259289 0.0963732 -0.019 
v 0.0252651 0.0958686 -0.019 
v 0.0246598 0.0952953 -0.019 
v 0.0241201 0.0946598 -0.019 
v 0.0236522 0.0939698 -0.019 
v 0.0232617 0.0932331 -0.019 
v 0.0229531 0.0924586 -0.019 
v 0.02273 0.0916553 -0.019 
v 0.0225951 0.0908325 -0.019 
v 0.02255 0.09 -0.019 
v 0.0225951 0.0891675 -0.019 
v 0.02273 0.0883447 -0.019 
v 0.0229531 0.0875414 -0.019 
v 0.0232617 0.0867669 -0.019 
v 0.0236522 0.0860302 -0.019 
v 0.0241201 0.0853402 -0.019 
v 0.0246598 0.0847047 -0.019 
v 0.0252651 0.0841314 -0.019 
v 0.0259289 0.0836268 -0.019 
v 0.0266433 0.083197 -0.019 
v 0.0273999 0.0828469 -0.019 
v 0.02819 0.0825807 -0.019 
v 0.0290043 0.0824014 -0.019 
v 0.0298331 0.0823113 -0.019 
v 0.0306669 0.0823113 -0.019 
v 0.0314957 0.0824014 -0.019 
v 0.03231 0.0825807 -0.019 
v 0.0331001 0.0828469 -0.019 
v 0.0338567 0.083197 -0.019 
v 0.0345711 0.0836268 -0.019 
v 0.0352349 0.0841314 -0.019 
v 0.0358402 0.0847047 -0.019 
v 0.0363799 0.0853402 -0.019 
v 0.0368478 0.0860302 -0.019 
v 0.0372383 0.0867669 -0.019 
v 0.0375469 0.0875414 -0.019 
v 0.03777 0.0883447 -0.019 
v 0.0379049 0.0891675 -0.019 
v 0.06819 0.0825807 -0.019 
v 0.0504124 0.0870044 -0.019 
v 0.0690043 0.0824014 -0.019 
v 0.01975 0.0795 -0.019 
v 0.08075 0.0795 -0.019 
v 0.0763799 0.0853402 -0.019 
v 0.0758402 0.0847047 -0.019 
v 0.01975 0.1005 -0.019 
v 0.0500876 0.0870044 -0.019 
v 0.0698331 0.0823113 -0.019 
v 0.0768478 0.0860302 -0.019 
v 0.0772383 0.0867669 -0.019 
v 0.0775469 0.0875414 -0.019 
v 0.0779049 0.0891675 -0.019 
v 0.07777 0.0883447 -0.019 
v 0.06075 0.1005 -0.019 
v 0.0641201 0.0946598 -0.019 
v 0.0646598 0.0952953 -0.019 
v 0.0706669 0.0823113 -0.019 
v 0.07231 0.0825807 -0.019 
v 0.0714957 0.0824014 -0.019 
v 0.0752349 0.0841314 -0.019 
v 0.0745711 0.0836268 -0.019 
v 0.0636522 0.0939698 -0.019 
v 0.0519336 0.0924831 -0.019 
v 0.0632617 0.0932331 -0.019 
v 0.06273 0.0916553 -0.019 
v 0.052428 0.0920631 -0.019 
v 0.0526383 0.0918155 -0.019 
v 0.0497647 0.0870395 -0.019 
v 0.0738567 0.083197 -0.019 
v 0.0731001 0.0828469 -0.019 
v 0.0478617 0.0918155 -0.019 
v 0.048072 0.0920631 -0.019 
v 0.03975 0.1005 -0.019 
v 0.08075 0.1005 -0.019 
v 0.0738567 0.096803 -0.019 
v 0.0745711 0.0963732 -0.019 
v 0.0706669 0.0976887 -0.019 
v 0.0714957 0.0975986 -0.019 
v 0.0698331 0.0976887 -0.019 
v 0.0625951 0.0908325 -0.019 
v 0.0629531 0.0924586 -0.019 
v 0.0521922 0.0922865 -0.019 
v 0.04725 0.09 -0.019 
v 0.0473201 0.0893551 -0.019 
v 0.0472676 0.0896756 -0.019 
v 0.0475273 0.0887403 -0.019 
v 0.047407 0.0890421 -0.019 
v 0.0758402 0.0952953 -0.019 
v 0.0763799 0.0946598 -0.019 
v 0.0752349 0.0958686 -0.019 
v 0.06819 0.0974193 -0.019 
v 0.0690043 0.0975986 -0.019 
v 0.0473201 0.0906449 -0.019 
v 0.047407 0.0909579 -0.019 
v 0.0472676 0.0903244 -0.019 
v 0.0478617 0.0881845 -0.019 
v 0.0476794 0.0884533 -0.019 
v 0.0485664 0.0875169 -0.019 
v 0.0483078 0.0877135 -0.019 
v 0.0483078 0.0922865 -0.019 
v 0.0775469 0.0924586 -0.019 
v 0.07777 0.0916553 -0.019 
v 0.0768478 0.0939698 -0.019 
v 0.0772383 0.0932331 -0.019 
v 0.07231 0.0974193 -0.019 
v 0.0731001 0.0971531 -0.019 
v 0.0666433 0.096803 -0.019 
v 0.0673999 0.0971531 -0.019 
v 0.0652651 0.0958686 -0.019 
v 0.0659289 0.0963732 -0.019 
v 0.0532324 0.0903244 -0.019 
v 0.05325 0.09 -0.019 
v 0.0494474 0.0871094 -0.019 
v 0.0521922 0.0877135 -0.019 
v 0.0673999 0.0828469 -0.019 
v 0.0475273 0.0912597 -0.019 
v 0.0476794 0.0915467 -0.019 
v 0.048072 0.0879369 -0.019 
v 0.0625951 0.0891675 -0.019 
v 0.06255 0.09 -0.019 
v 0.0529727 0.0912597 -0.019 
v 0.053093 0.0909579 -0.019 
v 0.07795 0.09 -0.019 
v 0.0510526 0.0871094 -0.019 
v 0.0507353 0.0870395 -0.019 
v 0.0516552 0.0873495 -0.019 
v 0.0513604 0.0872131 -0.019 
v 0.0519336 0.0875169 -0.019 
v 0.0526383 0.0881845 -0.019 
v 0.052428 0.0879369 -0.019 
v 0.0529727 0.0887403 -0.019 
v 0.0666433 0.083197 -0.019 
v 0.0531799 0.0906449 -0.019 
v 0.0528206 0.0915467 -0.019 
v 0.0659289 0.0836268 -0.019 
v 0.0488448 0.0926505 -0.019 
v 0.0491396 0.0927869 -0.019 
v 0.0531799 0.0893551 -0.019 
v 0.053093 0.0890421 -0.019 
v 0.0532324 0.0896756 -0.019 
v 0.0491396 0.0872131 -0.019 
v 0.0779049 0.0908325 -0.019 
v 0.0629531 0.0875414 -0.019 
v 0.06273 0.0883447 -0.019 
v 0.0636522 0.0860302 -0.019 
v 0.0632617 0.0867669 -0.019 
v 0.0646598 0.0847047 -0.019 
v 0.0641201 0.0853402 -0.019 
v 0.0652651 0.0841314 -0.019 
v 0.0510526 0.0928906 -0.019 
v 0.0513604 0.0927869 -0.019 
v 0.0494474 0.0928906 -0.019 
v 0.0497647 0.0929605 -0.019 
v 0.0485664 0.0924831 -0.019 
v 0.0528206 0.0884533 -0.019 
v 0.0488448 0.0873495 -0.019 
v 0.0516552 0.0926505 -0.019 
v 0.0504124 0.0929956 -0.019 
v 0.0507353 0.0929605 -0.019 
v 0.06075 0.1105 -0.019 
v 0.03975 0.1105 -0.019 
v 0.0500876 0.0929956 -0.019 
v 0.03975 0.1105 -0.002 
v 0.03975 0.1005 -0.002 
v 0.06075 0.1105 -0.002 
v 0.06075 0.1005 -0.002 
v 0.08075 0.1005 -0.002 
v 0.08075 0.0795 -0.002 
v 0.01975 0.0795 -0.002 
v 0.01975 0.1005 -0.002 
v 0.08575 0.1055 0.001 
v 0.08575 0.0745 0.001 
v 0.01475 0.0745 0.001 
v 0.06575 0.1055 0.001 
v 0.01475 0.1055 0.001 
v 0.06575 0.1155 0.001 
v 0.03475 0.1055 0.001 
v 0.03475 0.1155 0.001 
v 0.0779049 0.0908325 -0.0211 
v 0.07795 0.09 -0.0211 
v 0.07777 0.0916553 -0.0211 
v 0.0775469 0.0924586 -0.0211 
v 0.0772383 0.0932331 -0.0211 
v 0.0768478 0.0939698 -0.0211 
v 0.0763799 0.0946598 -0.0211 
v 0.0758402 0.0952953 -0.0211 
v 0.0752349 0.0958686 -0.0211 
v 0.0745711 0.0963732 -0.0211 
v 0.0738567 0.096803 -0.0211 
v 0.0731001 0.0971531 -0.0211 
v 0.07231 0.0974193 -0.0211 
v 0.0714957 0.0975986 -0.0211 
v 0.0706669 0.0976887 -0.0211 
v 0.0698331 0.0976887 -0.0211 
v 0.0690043 0.0975986 -0.0211 
v 0.06819 0.0974193 -0.0211 
v 0.0673999 0.0971531 -0.0211 
v 0.0666433 0.096803 -0.0211 
v 0.0659289 0.0963732 -0.0211 
v 0.0652651 0.0958686 -0.0211 
v 0.0646598 0.0952953 -0.0211 
v 0.0641201 0.0946598 -0.0211 
v 0.0636522 0.0939698 -0.0211 
v 0.0632617 0.0932331 -0.0211 
v 0.0629531 0.0924586 -0.0211 
v 0.06273 0.0916553 -0.0211 
v 0.0625951 0.0908325 -0.0211 
v 0.06255 0.09 -0.0211 
v 0.0625951 0.0891675 -0.0211 
v 0.06273 0.0883447 -0.0211 
v 0.0629531 0.0875414 -0.0211 
v 0.0632617 0.0867669 -0.0211 
v 0.0636522 0.0860302 -0.0211 
v 0.0641201 0.0853402 -0.0211 
v 0.0646598 0.0847047 -0.0211 
v 0.0652651 0.0841314 -0.0211 
v 0.0659289 0.0836268 -0.0211 
v 0.0666433 0.083197 -0.0211 
v 0.0673999 0.0828469 -0.0211 
v 0.06819 0.0825807 -0.0211 
v 0.0690043 0.0824014 -0.0211 
v 0.0698331 0.0823113 -0.0211 
v 0.0706669 0.0823113 -0.0211 
v 0.0714957 0.0824014 -0.0211 
v 0.07231 0.0825807 -0.0211 
v 0.0731001 0.0828469 -0.0211 
v 0.0738567 0.083197 -0.0211 
v 0.0745711 0.0836268 -0.0211 
v 0.0752349 0.0841314 -0.0211 
v 0.0758402 0.0847047 -0.0211 
v 0.0763799 0.0853402 -0.0211 
v 0.0768478 0.0860302 -0.0211 
v 0.0772383 0.0867669 -0.0211 
v 0.0775469 0.0875414 -0.0211 
v 0.07777 0.0883447 -0.0211 
v 0.0779049 0.0891675 -0.0211 
v 0.07025 0.09 -0.0211 
v 0.04725 0.09 -0.024 
v 0.0472676 0.0903244 -0.024 
v 0.0473201 0.0906449 -0.024 
v 0.047407 0.0909579 -0.024 
v 0.0475273 0.0912597 -0.024 
v 0.0476794 0.0915467 -0.024 
v 0.0478617 0.0918155 -0.024 
v 0.048072 0.0920631 -0.024 
v 0.0483078 0.0922865 -0.024 
v 0.0485664 0.0924831 -0.024 
v 0.0488448 0.0926505 -0.024 
v 0.0491396 0.0927869 -0.024 
v 0.0494474 0.0928906 -0.024 
v 0.0497647 0.0929605 -0.024 
v 0.0500876 0.0929956 -0.024 
v 0.0504124 0.0929956 -0.024 
v 0.0507353 0.0929605 -0.024 
v 0.0510526 0.0928906 -0.024 
v 0.0513604 0.0927869 -0.024 
v 0.0516552 0.0926505 -0.024 
v 0.0519336 0.0924831 -0.024 
v 0.0521922 0.0922865 -0.024 
v 0.052428 0.0920631 -0.024 
v 0.0526383 0.0918155 -0.024 
v 0.0528206 0.0915467 -0.024 
v 0.0529727 0.0912597 -0.024 
v 0.053093 0.0909579 -0.024 
v 0.0531799 0.0906449 -0.024 
v 0.0532324 0.0903244 -0.024 
v 0.05325 0.09 -0.024 
v 0.0532324 0.0896756 -0.024 
v 0.0531799 0.0893551 -0.024 
v 0.053093 0.0890421 -0.024 
v 0.0529727 0.0887403 -0.024 
v 0.0528206 0.0884533 -0.024 
v 0.0526383 0.0881845 -0.024 
v 0.052428 0.0879369 -0.024 
v 0.0521922 0.0877135 -0.024 
v 0.0519336 0.0875169 -0.024 
v 0.0516552 0.0873495 -0.024 
v 0.0513604 0.0872131 -0.024 
v 0.0510526 0.0871094 -0.024 
v 0.0507353 0.0870395 -0.024 
v 0.0504124 0.0870044 -0.024 
v 0.0500876 0.0870044 -0.024 
v 0.0497647 0.0870395 -0.024 
v 0.0494474 0.0871094 -0.024 
v 0.0491396 0.0872131 -0.024 
v 0.0488448 0.0873495 -0.024 
v 0.0485664 0.0875169 -0.024 
v 0.0483078 0.0877135 -0.024 
v 0.048072 0.0879369 -0.024 
v 0.0478617 0.0881845 -0.024 
v 0.0476794 0.0884533 -0.024 
v 0.0475273 0.0887403 -0.024 
v 0.047407 0.0890421 -0.024 
v 0.0473201 0.0893551 -0.024 
v 0.0472676 0.0896756 -0.024 
v -0.1005 0.125 -0.024 
v -0.0504124 0.0929956 -0.024 
v -0.0507353 0.0929605 -0.024 
v -0.0510526 0.0928906 -0.024 
v -0.0513604 0.0927869 -0.024 
v -0.01125 0.125 -0.024 
v -0.0500876 0.0929956 -0.024 
v -0.1005 0.0685 -0.024 
v -0.0510526 0.0871094 -0.024 
v -0.0507353 0.0870395 -0.024 
v -0.0516552 0.0873495 -0.024 
v -0.0513604 0.0872131 -0.024 
v -0.0516552 0.0926505 -0.024 
v -0.0519336 0.0924831 -0.024 
v -0.01125 0.0825 -0.024 
v -0.0500876 0.0870044 -0.024 
v -0.0497647 0.0870395 -0.024 
v -0.0504124 0.0870044 -0.024 
v -0.0521922 0.0877135 -0.024 
v -0.0519336 0.0875169 -0.024 
v -0.0521922 0.0922865 -0.024 
v -0.052428 0.0920631 -0.024 
v -0.0494474 0.0928906 -0.024 
v -0.0497647 0.0929605 -0.024 
v -0.0473201 0.0893551 -0.024 
v -0.0472676 0.0896756 -0.024 
v -0.0494474 0.0871094 -0.024 
v -0.0491396 0.0872131 -0.024 
v -0.0526383 0.0881845 -0.024 
v -0.052428 0.0879369 -0.024 
v -0.0526383 0.0918155 -0.024 
v -0.0485664 0.0924831 -0.024 
v -0.0488448 0.0926505 -0.024 
v -0.047407 0.0890421 -0.024 
v -0.0478617 0.0881845 -0.024 
v -0.0476794 0.0884533 -0.024 
v -0.0485664 0.0875169 -0.024 
v -0.0483078 0.0877135 -0.024 
v -0.0488448 0.0873495 -0.024 
v -0.0528206 0.0884533 -0.024 
v -0.0529727 0.0912597 -0.024 
v -0.053093 0.0909579 -0.024 
v -0.0491396 0.0927869 -0.024 
v -0.0476794 0.0915467 -0.024 
v -0.0478617 0.0918155 -0.024 
v -0.047407 0.0909579 -0.024 
v -0.0475273 0.0912597 -0.024 
v -0.0475273 0.0887403 -0.024 
v -0.048072 0.0879369 -0.024 
v -0.0531799 0.0906449 -0.024 
v -0.0532324 0.0903244 -0.024 
v -0.0528206 0.0915467 -0.024 
v -0.048072 0.0920631 -0.024 
v -0.0483078 0.0922865 -0.024 
v -0.0473201 0.0906449 -0.024 
v -0.04725 0.09 -0.024 
v -0.0472676 0.0903244 -0.024 
v -0.0531799 0.0893551 -0.024 
v -0.053093 0.0890421 -0.024 
v -0.0529727 0.0887403 -0.024 
v -0.05325 0.09 -0.024 
v -0.0532324 0.0896756 -0.024 
v 0.01125 0.125 -0.024 
v 0.01125 0.0825 -0.024 
v 0.1005 0.125 -0.024 
v 0.1005 0.0685 -0.024 
v 0 0.0825 -0.024 
v 0.1005 -0.125 -0.024 
v 0.0521922 -0.0922865 -0.024 
v 0.052428 -0.0920631 -0.024 
v 0.0516552 -0.0926505 -0.024 
v 0.0519336 -0.0924831 -0.024 
v 0.0510526 -0.0928906 -0.024 
v 0.0513604 -0.0927869 -0.024 
v 0.0504124 -0.0929956 -0.024 
v 0.0507353 -0.0929605 -0.024 
v 0.05005 -0.05 -0.024 
v 0.0485664 -0.0875169 -0.024 
v 0.0483078 -0.0877135 -0.024 
v 0.0494474 -0.0871094 -0.024 
v 0.0491396 -0.0872131 -0.024 
v 0.01125 -0.125 -0.024 
v 0.0488448 -0.0926505 -0.024 
v 0.0491396 -0.0927869 -0.024 
v 0.01125 -0.0825 -0.024 
v 0.0473201 -0.0906449 -0.024 
v 0.0475273 -0.0887403 -0.024 
v 0.047407 -0.0890421 -0.024 
v 0.048072 -0.0879369 -0.024 
v 0.0488448 -0.0873495 -0.024 
v 0.0531799 -0.0906449 -0.024 
v 0.0532324 -0.0903244 -0.024 
v 0.0529727 -0.0912597 -0.024 
v 0.053093 -0.0909579 -0.024 
v 0.0500876 -0.0929956 -0.024 
v 0.0494474 -0.0928906 -0.024 
v 0.0497647 -0.0929605 -0.024 
v 0.0485664 -0.0924831 -0.024 
v 0.047407 -0.0909579 -0.024 
v 0.04725 -0.09 -0.024 
v 0.0472676 -0.0903244 -0.024 
v 0.0473201 -0.0893551 -0.024 
v 0.0478617 -0.0881845 -0.024 
v 0.0476794 -0.0884533 -0.024 
v 0.0500876 -0.0870044 -0.024 
v 0.0497647 -0.0870395 -0.024 
v 0.0526383 -0.0918155 -0.024 
v 0.0528206 -0.0915467 -0.024 
v 0.048072 -0.0920631 -0.024 
v 0.0483078 -0.0922865 -0.024 
v 0.0475273 -0.0912597 -0.024 
v 0.0476794 -0.0915467 -0.024 
v 0.05025 -0.05 -0.024 
v 0.0516552 -0.0873495 -0.024 
v 0.0513604 -0.0872131 -0.024 
v 0.0531799 -0.0893551 -0.024 
v 0.053093 -0.0890421 -0.024 
v 0.0478617 -0.0918155 -0.024 
v 0.058 0.01125 -0.024 
v 0.05325 -0.09 -0.024 
v 0.0532324 -0.0896756 -0.024 
v 0.0510526 -0.0871094 -0.024 
v 0.0507353 -0.0870395 -0.024 
v 0.0519336 -0.0875169 -0.024 
v 0.052428 -0.0879369 -0.024 
v 0.0521922 -0.0877135 -0.024 
v 0.0528206 -0.0884533 -0.024 
v 0.0526383 -0.0881845 -0.024 
v 0.0529727 -0.0887403 -0.024 
v 0.05025 0.05 -0.024 
v 0.1005 0.01125 -0.024 
v 0.0504124 -0.0870044 -0.024 
v 0.058 -0.01125 -0.024 
v 0.05005 0.05 -0.024 
v 0.0472676 -0.0896756 -0.024 
v 0 -0.0825 -0.024 
v -0.1005 -0.01125 -0.024 
v -0.0507353 -0.0870395 -0.024 
v -0.0510526 -0.0871094 -0.024 
v -0.01125 -0.125 -0.024 
v -0.0513604 -0.0927869 -0.024 
v -0.0510526 -0.0928906 -0.024 
v -0.0513604 -0.0872131 -0.024 
v -0.0500876 -0.0870044 -0.024 
v -0.0504124 -0.0870044 -0.024 
v -0.0507353 -0.0929605 -0.024 
v -0.1005 -0.125 -0.024 
v -0.0516552 -0.0926505 -0.024 
v -0.0516552 -0.0873495 -0.024 
v -0.0519336 -0.0875169 -0.024 
v -0.0504124 -0.0929956 -0.024 
v -0.0500876 -0.0929956 -0.024 
v -0.0521922 -0.0922865 -0.024 
v -0.0519336 -0.0924831 -0.024 
v -0.0521922 -0.0877135 -0.024 
v -0.052428 -0.0879369 -0.024 
v -0.0494474 -0.0871094 -0.024 
v -0.0497647 -0.0870395 -0.024 
v -0.01125 -0.0825 -0.024 
v -0.0488448 -0.0873495 -0.024 
v -0.0491396 -0.0872131 -0.024 
v -0.0473201 -0.0906449 -0.024 
v -0.0472676 -0.0903244 -0.024 
v -0.047407 -0.0909579 -0.024 
v -0.0494474 -0.0928906 -0.024 
v -0.0491396 -0.0927869 -0.024 
v -0.0497647 -0.0929605 -0.024 
v -0.0526383 -0.0918155 -0.024 
v -0.052428 -0.0920631 -0.024 
v -0.0526383 -0.0881845 -0.024 
v -0.0485664 -0.0875169 -0.024 
v -0.0478617 -0.0918155 -0.024 
v -0.0476794 -0.0915467 -0.024 
v -0.0485664 -0.0924831 -0.024 
v -0.0483078 -0.0922865 -0.024 
v -0.0488448 -0.0926505 -0.024 
v -0.0528206 -0.0915467 -0.024 
v -0.0528206 -0.0884533 -0.024 
v -0.0529727 -0.0887403 -0.024 
v -0.0476794 -0.0884533 -0.024 
v -0.0478617 -0.0881845 -0.024 
v -0.047407 -0.0890421 -0.024 
v -0.0475273 -0.0887403 -0.024 
v -0.0475273 -0.0912597 -0.024 
v -0.048072 -0.0920631 -0.024 
v -0.0531799 -0.0893551 -0.024 
v -0.053093 -0.0890421 -0.024 
v -0.048072 -0.0879369 -0.024 
v -0.0483078 -0.0877135 -0.024 
v -0.04725 -0.09 -0.024 
v -0.0472676 -0.0896756 -0.024 
v -0.0531799 -0.0906449 -0.024 
v -0.053093 -0.0909579 -0.024 
v -0.0532324 -0.0896756 -0.024 
v -0.0473201 -0.0893551 -0.024 
v -0.0529727 -0.0912597 -0.024 
v -0.05325 -0.09 -0.024 
v -0.0532324 -0.0903244 -0.024 
v -0.058 -0.01125 -0.024 
v -0.058 0.01125 -0.024 
v -0.1005 0.01125 -0.024 
v 0.1005 -0.01125 -0.024 
v 0 0.0685 -0.024 
v 0.05025 0.05 0.001 
v 0.05025 -0.05 0.001 
v 0.05005 -0.05 0 
v 0.05005 -0.05 0.001 
v 0.05005 0.05 0 
v 0.05005 0.05 0.001 
v 0.05005 0.05005 0.001 
v 0.05005 0.05005 0 
v -0.05005 0.05005 0 
v 0 0.05005 0.001 
v -0.05005 0.05005 0.001 
v -0.05005 -0.05005 0 
v 0.05005 -0.05005 0 
v -0.05005 -0.05005 0.001 
v 0 -0.05005 0.001 
v 0.05005 -0.05005 0.001 
v 0.1005 -0.01125 -0.023 
v 0.058 -0.01125 -0.023 
v 0.058 0.01125 -0.023 
v 0.1005 0.01125 -0.023 
v -0.01125 -0.125 -0.023 
v -0.01125 -0.0825 -0.023 
v 0.01125 -0.0825 -0.023 
v 0.01125 -0.125 -0.023 
v 0.01125 0.125 -0.023 
v 0.01125 0.0825 -0.023 
v -0.01125 0.0825 -0.023 
v -0.01125 0.125 -0.023 
v -0.1005 0.01125 -0.023 
v -0.058 0.01125 -0.023 
v -0.058 -0.01125 -0.023 
v -0.1005 -0.01125 -0.023 
v -0.0532324 0.0903244 -0.019 
v -0.05325 0.09 -0.019 
v -0.0531799 0.0906449 -0.019 
v -0.053093 0.0909579 -0.019 
v -0.0529727 0.0912597 -0.019 
v -0.0528206 0.0915467 -0.019 
v -0.0526383 0.0918155 -0.019 
v -0.052428 0.0920631 -0.019 
v -0.0521922 0.0922865 -0.019 
v -0.0519336 0.0924831 -0.019 
v -0.0516552 0.0926505 -0.019 
v -0.0513604 0.0927869 -0.019 
v -0.0510526 0.0928906 -0.019 
v -0.0507353 0.0929605 -0.019 
v -0.0504124 0.0929956 -0.019 
v -0.0500876 0.0929956 -0.019 
v -0.0497647 0.0929605 -0.019 
v -0.0494474 0.0928906 -0.019 
v -0.0491396 0.0927869 -0.019 
v -0.0488448 0.0926505 -0.019 
v -0.0485664 0.0924831 -0.019 
v -0.0483078 0.0922865 -0.019 
v -0.048072 0.0920631 -0.019 
v -0.0478617 0.0918155 -0.019 
v -0.0476794 0.0915467 -0.019 
v -0.0475273 0.0912597 -0.019 
v -0.047407 0.0909579 -0.019 
v -0.0473201 0.0906449 -0.019 
v -0.0472676 0.0903244 -0.019 
v -0.04725 0.09 -0.019 
v -0.0472676 0.0896756 -0.019 
v -0.0473201 0.0893551 -0.019 
v -0.047407 0.0890421 -0.019 
v -0.0475273 0.0887403 -0.019 
v -0.0476794 0.0884533 -0.019 
v -0.0478617 0.0881845 -0.019 
v -0.048072 0.0879369 -0.019 
v -0.0483078 0.0877135 -0.019 
v -0.0485664 0.0875169 -0.019 
v -0.0488448 0.0873495 -0.019 
v -0.0491396 0.0872131 -0.019 
v -0.0494474 0.0871094 -0.019 
v -0.0497647 0.0870395 -0.019 
v -0.0500876 0.0870044 -0.019 
v -0.0504124 0.0870044 -0.019 
v -0.0507353 0.0870395 -0.019 
v -0.0510526 0.0871094 -0.019 
v -0.0513604 0.0872131 -0.019 
v -0.0516552 0.0873495 -0.019 
v -0.0519336 0.0875169 -0.019 
v -0.0521922 0.0877135 -0.019 
v -0.052428 0.0879369 -0.019 
v -0.0526383 0.0881845 -0.019 
v -0.0528206 0.0884533 -0.019 
v -0.0529727 0.0887403 -0.019 
v -0.053093 0.0890421 -0.019 
v -0.0531799 0.0893551 -0.019 
v -0.0532324 0.0896756 -0.019 
v -0.0532324 -0.0896756 -0.019 
v -0.05325 -0.09 -0.019 
v -0.0531799 -0.0893551 -0.019 
v -0.053093 -0.0890421 -0.019 
v -0.0529727 -0.0887403 -0.019 
v -0.0528206 -0.0884533 -0.019 
v -0.0526383 -0.0881845 -0.019 
v -0.052428 -0.0879369 -0.019 
v -0.0521922 -0.0877135 -0.019 
v -0.0519336 -0.0875169 -0.019 
v -0.0516552 -0.0873495 -0.019 
v -0.0513604 -0.0872131 -0.019 
v -0.0510526 -0.0871094 -0.019 
v -0.0507353 -0.0870395 -0.019 
v -0.0504124 -0.0870044 -0.019 
v -0.0500876 -0.0870044 -0.019 
v -0.0497647 -0.0870395 -0.019 
v -0.0494474 -0.0871094 -0.019 
v -0.0491396 -0.0872131 -0.019 
v -0.0488448 -0.0873495 -0.019 
v -0.0485664 -0.0875169 -0.019 
v -0.0483078 -0.0877135 -0.019 
v -0.048072 -0.0879369 -0.019 
v -0.0478617 -0.0881845 -0.019 
v -0.0476794 -0.0884533 -0.019 
v -0.0475273 -0.0887403 -0.019 
v -0.047407 -0.0890421 -0.019 
v -0.0473201 -0.0893551 -0.019 
v -0.0472676 -0.0896756 -0.019 
v -0.04725 -0.09 -0.019 
v -0.0472676 -0.0903244 -0.019 
v -0.0473201 -0.0906449 -0.019 
v -0.047407 -0.0909579 -0.019 
v -0.0475273 -0.0912597 -0.019 
v -0.0476794 -0.0915467 -0.019 
v -0.0478617 -0.0918155 -0.019 
v -0.048072 -0.0920631 -0.019 
v -0.0483078 -0.0922865 -0.019 
v -0.0485664 -0.0924831 -0.019 
v -0.0488448 -0.0926505 -0.019 
v -0.0491396 -0.0927869 -0.019 
v -0.0494474 -0.0928906 -0.019 
v -0.0497647 -0.0929605 -0.019 
v -0.0500876 -0.0929956 -0.019 
v -0.0504124 -0.0929956 -0.019 
v -0.0507353 -0.0929605 -0.019 
v -0.0510526 -0.0928906 -0.019 
v -0.0513604 -0.0927869 -0.019 
v -0.0516552 -0.0926505 -0.019 
v -0.0519336 -0.0924831 -0.019 
v -0.0521922 -0.0922865 -0.019 
v -0.052428 -0.0920631 -0.019 
v -0.0526383 -0.0918155 -0.019 
v -0.0528206 -0.0915467 -0.019 
v -0.0529727 -0.0912597 -0.019 
v -0.053093 -0.0909579 -0.019 
v -0.0531799 -0.0906449 -0.019 
v -0.0532324 -0.0903244 -0.019 
v 0.0472676 -0.0896756 -0.019 
v 0.04725 -0.09 -0.019 
v 0.0473201 -0.0893551 -0.019 
v 0.047407 -0.0890421 -0.019 
v 0.0475273 -0.0887403 -0.019 
v 0.0476794 -0.0884533 -0.019 
v 0.0478617 -0.0881845 -0.019 
v 0.048072 -0.0879369 -0.019 
v 0.0483078 -0.0877135 -0.019 
v 0.0485664 -0.0875169 -0.019 
v 0.0488448 -0.0873495 -0.019 
v 0.0491396 -0.0872131 -0.019 
v 0.0494474 -0.0871094 -0.019 
v 0.0497647 -0.0870395 -0.019 
v 0.0500876 -0.0870044 -0.019 
v 0.0504124 -0.0870044 -0.019 
v 0.0507353 -0.0870395 -0.019 
v 0.0510526 -0.0871094 -0.019 
v 0.0513604 -0.0872131 -0.019 
v 0.0516552 -0.0873495 -0.019 
v 0.0519336 -0.0875169 -0.019 
v 0.0521922 -0.0877135 -0.019 
v 0.052428 -0.0879369 -0.019 
v 0.0526383 -0.0881845 -0.019 
v 0.0528206 -0.0884533 -0.019 
v 0.0529727 -0.0887403 -0.019 
v 0.053093 -0.0890421 -0.019 
v 0.0531799 -0.0893551 -0.019 
v 0.0532324 -0.0896756 -0.019 
v 0.05325 -0.09 -0.019 
v 0.0532324 -0.0903244 -0.019 
v 0.0531799 -0.0906449 -0.019 
v 0.053093 -0.0909579 -0.019 
v 0.0529727 -0.0912597 -0.019 
v 0.0528206 -0.0915467 -0.019 
v 0.0526383 -0.0918155 -0.019 
v 0.052428 -0.0920631 -0.019 
v 0.0521922 -0.0922865 -0.019 
v 0.0519336 -0.0924831 -0.019 
v 0.0516552 -0.0926505 -0.019 
v 0.0513604 -0.0927869 -0.019 
v 0.0510526 -0.0928906 -0.019 
v 0.0507353 -0.0929605 -0.019 
v 0.0504124 -0.0929956 -0.019 
v 0.0500876 -0.0929956 -0.019 
v 0.0497647 -0.0929605 -0.019 
v 0.0494474 -0.0928906 -0.019 
v 0.0491396 -0.0927869 -0.019 
v 0.0488448 -0.0926505 -0.019 
v 0.0485664 -0.0924831 -0.019 
v 0.0483078 -0.0922865 -0.019 
v 0.048072 -0.0920631 -0.019 
v 0.0478617 -0.0918155 -0.019 
v 0.0476794 -0.0915467 -0.019 
v 0.0475273 -0.0912597 -0.019 
v 0.047407 -0.0909579 -0.019 
v 0.0473201 -0.0906449 -0.019 
v 0.0472676 -0.0903244 -0.019 
v 0.01125 -0.125 8.67362e-19 
v -0.01125 -0.125 8.67362e-19 
v -0.1005 -0.125 0.001 
v 0.1005 -0.125 0.001 
v 0.01125 -0.125 0.001 
v -0.01125 -0.125 0.001 
v 0.01125 -0.0825 0.001 
v 0.01125 -0.0825 8.67362e-19 
v 0 -0.0825 0.001 
v -0.01125 -0.0825 8.67362e-19 
v -0.01125 -0.0825 0.001 
v -0.01125 0.125 8.67362e-19 
v 0.01125 0.125 8.67362e-19 
v 0.1005 0.125 0.001 
v -0.1005 0.125 0.001 
v -0.01125 0.125 0.001 
v 0.01125 0.125 0.001 
v -0.01125 0.0825 0.001 
v -0.01125 0.0825 8.67362e-19 
v 0 0.0825 0.001 
v 0.01125 0.0825 8.67362e-19 
v 0.01125 0.0825 0.001 
v -0.1005 0.062275 0.001 
v -0.1005 0.01125 8.67362e-19 
v -0.1005 -0.01125 8.67362e-19 
v -0.1005 0.01125 0.001 
v -0.1005 -0.01125 0.001 
v -0.058 0.01125 8.67362e-19 
v -0.058 0.01125 0.001 
v -0.058 -0.01125 0.001 
v -0.058 -0.01125 8.67362e-19 
v 0.1005 0.01125 8.67362e-19 
v 0.1005 -0.01125 0 
v 0.1005 0.062275 0.001 
v 0.1005 0.01125 0.001 
v 0.1005 -0.01125 0.001 
v 0.09055 -0.01125 8.67362e-19 
v 0.09055 -0.01125 0.001 
v 0.09055 -0.0553 0.001 
v 0.09055 -0.0553 0 
v 0.05945 -0.0553 0.001 
v 0.05945 -0.0553 0 
v 0.05945 -0.01125 8.67362e-19 
v 0.05945 -0.01125 0.001 
v 0.09055 0.01125 0.001 
v 0.09055 0.01125 8.67362e-19 
v 0.09055 0.0553 0.001 
v 0.09055 0.0553 0 
v 0.05945 0.0553 0.001 
v 0.05945 0.0553 0 
v 0.05945 0.01125 0.001 
v 0.05945 0.01125 8.67362e-19 
v 0.058 -0.01125 8.67362e-19 
v 0.058 0.01125 8.67362e-19 
v 0.058 0.01125 0.001 
v 0.058 -0.01125 0.001 
v 0.01975 -0.0795 -0.019 
v 0.0246598 -0.0847047 -0.019 
v 0.0252651 -0.0841314 -0.019 
v 0.03231 -0.0825807 -0.019 
v 0.0314957 -0.0824014 -0.019 
v 0.06819 -0.0825807 -0.019 
v 0.0241201 -0.0853402 -0.019 
v 0.08075 -0.0795 -0.019 
v 0.0738567 -0.083197 -0.019 
v 0.0745711 -0.0836268 -0.019 
v 0.0690043 -0.0824014 -0.019 
v 0.0306669 -0.0823113 -0.019 
v 0.0236522 -0.0860302 -0.019 
v 0.0758402 -0.0847047 -0.019 
v 0.0763799 -0.0853402 -0.019 
v 0.0752349 -0.0841314 -0.019 
v 0.0706669 -0.0823113 -0.019 
v 0.0714957 -0.0824014 -0.019 
v 0.0298331 -0.0823113 -0.019 
v 0.0232617 -0.0867669 -0.019 
v 0.01975 -0.1005 -0.019 
v 0.0241201 -0.0946598 -0.019 
v 0.0236522 -0.0939698 -0.019 
v 0.0266433 -0.096803 -0.019 
v 0.0259289 -0.0963732 -0.019 
v 0.0775469 -0.0875414 -0.019 
v 0.07777 -0.0883447 -0.019 
v 0.0768478 -0.0860302 -0.019 
v 0.0772383 -0.0867669 -0.019 
v 0.07231 -0.0825807 -0.019 
v 0.0731001 -0.0828469 -0.019 
v 0.0698331 -0.0823113 -0.019 
v 0.0229531 -0.0875414 -0.019 
v 0.0246598 -0.0952953 -0.019 
v 0.0252651 -0.0958686 -0.019 
v 0.0298331 -0.0976887 -0.019 
v 0.0290043 -0.0975986 -0.019 
v 0.03975 -0.1005 -0.019 
v 0.0306669 -0.0976887 -0.019 
v 0.02819 -0.0825807 -0.019 
v 0.0290043 -0.0824014 -0.019 
v 0.0259289 -0.0836268 -0.019 
v 0.0225951 -0.0891675 -0.019 
v 0.02273 -0.0883447 -0.019 
v 0.02819 -0.0974193 -0.019 
v 0.0273999 -0.0971531 -0.019 
v 0.03231 -0.0974193 -0.019 
v 0.0314957 -0.0975986 -0.019 
v 0.0338567 -0.083197 -0.019 
v 0.0345711 -0.0836268 -0.019 
v 0.0266433 -0.083197 -0.019 
v 0.0273999 -0.0828469 -0.019 
v 0.0225951 -0.0908325 -0.019 
v 0.02255 -0.09 -0.019 
v 0.0229531 -0.0924586 -0.019 
v 0.02273 -0.0916553 -0.019 
v 0.0338567 -0.096803 -0.019 
v 0.0331001 -0.0971531 -0.019 
v 0.08075 -0.1005 -0.019 
v 0.0763799 -0.0946598 -0.019 
v 0.0758402 -0.0952953 -0.019 
v 0.0641201 -0.0853402 -0.019 
v 0.0646598 -0.0847047 -0.019 
v 0.0232617 -0.0932331 -0.019 
v 0.0352349 -0.0958686 -0.019 
v 0.0345711 -0.0963732 -0.019 
v 0.0363799 -0.0946598 -0.019 
v 0.0358402 -0.0952953 -0.019 
v 0.0372383 -0.0932331 -0.019 
v 0.0368478 -0.0939698 -0.019 
v 0.0375469 -0.0924586 -0.019 
v 0.0768478 -0.0939698 -0.019 
v 0.0636522 -0.0860302 -0.019 
v 0.06273 -0.0883447 -0.019 
v 0.0379049 -0.0908325 -0.019 
v 0.03777 -0.0916553 -0.019 
v 0.06075 -0.1005 -0.019 
v 0.0673999 -0.0971531 -0.019 
v 0.0666433 -0.096803 -0.019 
v 0.0772383 -0.0932331 -0.019 
v 0.0632617 -0.0867669 -0.019 
v 0.0625951 -0.0891675 -0.019 
v 0.0629531 -0.0875414 -0.019 
v 0.0331001 -0.0828469 -0.019 
v 0.06819 -0.0974193 -0.019 
v 0.0698331 -0.0976887 -0.019 
v 0.0690043 -0.0975986 -0.019 
v 0.0706669 -0.0976887 -0.019 
v 0.0775469 -0.0924586 -0.019 
v 0.0779049 -0.0908325 -0.019 
v 0.07777 -0.0916553 -0.019 
v 0.0625951 -0.0908325 -0.019 
v 0.06255 -0.09 -0.019 
v 0.0779049 -0.0891675 -0.019 
v 0.07231 -0.0974193 -0.019 
v 0.0714957 -0.0975986 -0.019 
v 0.0752349 -0.0958686 -0.019 
v 0.0745711 -0.0963732 -0.019 
v 0.0652651 -0.0841314 -0.019 
v 0.0659289 -0.0836268 -0.019 
v 0.0659289 -0.0963732 -0.019 
v 0.03795 -0.09 -0.019 
v 0.0738567 -0.096803 -0.019 
v 0.0731001 -0.0971531 -0.019 
v 0.0666433 -0.083197 -0.019 
v 0.0673999 -0.0828469 -0.019 
v 0.0629531 -0.0924586 -0.019 
v 0.06273 -0.0916553 -0.019 
v 0.0636522 -0.0939698 -0.019 
v 0.0632617 -0.0932331 -0.019 
v 0.0646598 -0.0952953 -0.019 
v 0.0641201 -0.0946598 -0.019 
v 0.0652651 -0.0958686 -0.019 
v 0.07795 -0.09 -0.019 
v 0.0375469 -0.0875414 -0.019 
v 0.03777 -0.0883447 -0.019 
v 0.0368478 -0.0860302 -0.019 
v 0.0372383 -0.0867669 -0.019 
v 0.0358402 -0.0847047 -0.019 
v 0.0363799 -0.0853402 -0.019 
v 0.0352349 -0.0841314 -0.019 
v 0.06075 -0.1105 -0.019 
v 0.0379049 -0.0891675 -0.019 
v 0.03975 -0.1105 -0.019 
v 0.01975 -0.0795 -0.002 
v 0.01975 -0.1005 -0.002 
v 0.08075 -0.0795 -0.002 
v 0.08075 -0.1005 -0.002 
v 0.08575 -0.0745 0.001 
v 0.01475 -0.0745 0.001 
v 0.06075 -0.1005 -0.002 
v 0.08575 -0.1055 0.001 
v 0.06075 -0.1105 -0.002 
v 0.06575 -0.1055 0.001 
v 0.03975 -0.1105 -0.002 
v 0.06575 -0.1155 0.001 
v 0.03975 -0.1005 -0.002 
v 0.03475 -0.1155 0.001 
v 0.01475 -0.1055 0.001 
v 0.03475 -0.1055 0.001 
v 0.0379049 -0.0891675 -0.0211 
v 0.03795 -0.09 -0.0211 
v 0.03777 -0.0883447 -0.0211 
v 0.0375469 -0.0875414 -0.0211 
v 0.0372383 -0.0867669 -0.0211 
v 0.0368478 -0.0860302 -0.0211 
v 0.0363799 -0.0853402 -0.0211 
v 0.0358402 -0.0847047 -0.0211 
v 0.0352349 -0.0841314 -0.0211 
v 0.0345711 -0.0836268 -0.0211 
v 0.0338567 -0.083197 -0.0211 
v 0.0331001 -0.0828469 -0.0211 
v 0.03231 -0.0825807 -0.0211 
v 0.0314957 -0.0824014 -0.0211 
v 0.0306669 -0.0823113 -0.0211 
v 0.0298331 -0.0823113 -0.0211 
v 0.0290043 -0.0824014 -0.0211 
v 0.02819 -0.0825807 -0.0211 
v 0.0273999 -0.0828469 -0.0211 
v 0.0266433 -0.083197 -0.0211 
v 0.0259289 -0.0836268 -0.0211 
v 0.0252651 -0.0841314 -0.0211 
v 0.0246598 -0.0847047 -0.0211 
v 0.0241201 -0.0853402 -0.0211 
v 0.0236522 -0.0860302 -0.0211 
v 0.0232617 -0.0867669 -0.0211 
v 0.0229531 -0.0875414 -0.0211 
v 0.02273 -0.0883447 -0.0211 
v 0.0225951 -0.0891675 -0.0211 
v 0.02255 -0.09 -0.0211 
v 0.0225951 -0.0908325 -0.0211 
v 0.02273 -0.0916553 -0.0211 
v 0.0229531 -0.0924586 -0.0211 
v 0.0232617 -0.0932331 -0.0211 
v 0.0236522 -0.0939698 -0.0211 
v 0.0241201 -0.0946598 -0.0211 
v 0.0246598 -0.0952953 -0.0211 
v 0.0252651 -0.0958686 -0.0211 
v 0.0259289 -0.0963732 -0.0211 
v 0.0266433 -0.096803 -0.0211 
v 0.0273999 -0.0971531 -0.0211 
v 0.02819 -0.0974193 -0.0211 
v 0.0290043 -0.0975986 -0.0211 
v 0.0298331 -0.0976887 -0.0211 
v 0.0306669 -0.0976887 -0.0211 
v 0.0314957 -0.0975986 -0.0211 
v 0.03231 -0.0974193 -0.0211 
v 0.0331001 -0.0971531 -0.0211 
v 0.0338567 -0.096803 -0.0211 
v 0.0345711 -0.0963732 -0.0211 
v 0.0352349 -0.0958686 -0.0211 
v 0.0358402 -0.0952953 -0.0211 
v 0.0363799 -0.0946598 -0.0211 
v 0.0368478 -0.0939698 -0.0211 
v 0.0372383 -0.0932331 -0.0211 
v 0.0375469 -0.0924586 -0.0211 
v 0.03777 -0.0916553 -0.0211 
v 0.0379049 -0.0908325 -0.0211 
v 0.03025 -0.09 -0.0211 
v 0.0779049 -0.0891675 -0.0211 
v 0.07795 -0.09 -0.0211 
v 0.07777 -0.0883447 -0.0211 
v 0.0775469 -0.0875414 -0.0211 
v 0.0772383 -0.0867669 -0.0211 
v 0.0768478 -0.0860302 -0.0211 
v 0.0763799 -0.0853402 -0.0211 
v 0.0758402 -0.0847047 -0.0211 
v 0.0752349 -0.0841314 -0.0211 
v 0.0745711 -0.0836268 -0.0211 
v 0.0738567 -0.083197 -0.0211 
v 0.0731001 -0.0828469 -0.0211 
v 0.07231 -0.0825807 -0.0211 
v 0.0714957 -0.0824014 -0.0211 
v 0.0706669 -0.0823113 -0.0211 
v 0.0698331 -0.0823113 -0.0211 
v 0.0690043 -0.0824014 -0.0211 
v 0.06819 -0.0825807 -0.0211 
v 0.0673999 -0.0828469 -0.0211 
v 0.0666433 -0.083197 -0.0211 
v 0.0659289 -0.0836268 -0.0211 
v 0.0652651 -0.0841314 -0.0211 
v 0.0646598 -0.0847047 -0.0211 
v 0.0641201 -0.0853402 -0.0211 
v 0.0636522 -0.0860302 -0.0211 
v 0.0632617 -0.0867669 -0.0211 
v 0.0629531 -0.0875414 -0.0211 
v 0.06273 -0.0883447 -0.0211 
v 0.0625951 -0.0891675 -0.0211 
v 0.06255 -0.09 -0.0211 
v 0.0625951 -0.0908325 -0.0211 
v 0.06273 -0.0916553 -0.0211 
v 0.0629531 -0.0924586 -0.0211 
v 0.0632617 -0.0932331 -0.0211 
v 0.0636522 -0.0939698 -0.0211 
v 0.0641201 -0.0946598 -0.0211 
v 0.0646598 -0.0952953 -0.0211 
v 0.0652651 -0.0958686 -0.0211 
v 0.0659289 -0.0963732 -0.0211 
v 0.0666433 -0.096803 -0.0211 
v 0.0673999 -0.0971531 -0.0211 
v 0.06819 -0.0974193 -0.0211 
v 0.0690043 -0.0975986 -0.0211 
v 0.0698331 -0.0976887 -0.0211 
v 0.0706669 -0.0976887 -0.0211 
v 0.0714957 -0.0975986 -0.0211 
v 0.07231 -0.0974193 -0.0211 
v 0.0731001 -0.0971531 -0.0211 
v 0.0738567 -0.096803 -0.0211 
v 0.0745711 -0.0963732 -0.0211 
v 0.0752349 -0.0958686 -0.0211 
v 0.0758402 -0.0952953 -0.0211 
v 0.0763799 -0.0946598 -0.0211 
v 0.0768478 -0.0939698 -0.0211 
v 0.0772383 -0.0932331 -0.0211 
v 0.0775469 -0.0924586 -0.0211 
v 0.07777 -0.0916553 -0.0211 
v 0.0779049 -0.0908325 -0.0211 
v 0.07025 -0.09 -0.0211 
v -0.03231 -0.0825807 -0.019 
v -0.06819 -0.0825807 -0.019 
v -0.0690043 -0.0824014 -0.019 
v -0.01975 -0.0795 -0.019 
v -0.0314957 -0.0824014 -0.019 
v -0.0306669 -0.0823113 -0.019 
v -0.0298331 -0.0823113 -0.019 
v -0.08075 -0.0795 -0.019 
v -0.0698331 -0.0823113 -0.019 
v -0.06075 -0.1005 -0.019 
v -0.0698331 -0.0976887 -0.019 
v -0.0706669 -0.0976887 -0.019 
v -0.0706669 -0.0823113 -0.019 
v -0.08075 -0.1005 -0.019 
v -0.0290043 -0.0824014 -0.019 
v -0.0714957 -0.0824014 -0.019 
v -0.0690043 -0.0975986 -0.019 
v -0.0731001 -0.0828469 -0.019 
v -0.07231 -0.0825807 -0.019 
v -0.0714957 -0.0975986 -0.019 
v -0.06819 -0.0974193 -0.019 
v -0.02819 -0.0825807 -0.019 
v -0.0273999 -0.0828469 -0.019 
v -0.0731001 -0.0971531 -0.019 
v -0.0738567 -0.096803 -0.019 
v -0.07231 -0.0974193 -0.019 
v -0.0629531 -0.0924586 -0.019 
v -0.0752349 -0.0841314 -0.019 
v -0.0745711 -0.0836268 -0.019 
v -0.0779049 -0.0891675 -0.019 
v -0.07777 -0.0883447 -0.019 
v -0.0745711 -0.0963732 -0.019 
v -0.0673999 -0.0971531 -0.019 
v -0.0652651 -0.0958686 -0.019 
v -0.0659289 -0.0963732 -0.019 
v -0.0632617 -0.0932331 -0.019 
v -0.0636522 -0.0939698 -0.019 
v -0.0625951 -0.0908325 -0.019 
v -0.06273 -0.0916553 -0.019 
v -0.0738567 -0.083197 -0.019 
v -0.0673999 -0.0828469 -0.019 
v -0.0772383 -0.0867669 -0.019 
v -0.0768478 -0.0860302 -0.019 
v -0.0775469 -0.0875414 -0.019 
v -0.0763799 -0.0946598 -0.019 
v -0.0768478 -0.0939698 -0.019 
v -0.0752349 -0.0958686 -0.019 
v -0.0758402 -0.0952953 -0.019 
v -0.0666433 -0.096803 -0.019 
v -0.0763799 -0.0853402 -0.019 
v -0.0758402 -0.0847047 -0.019 
v -0.0779049 -0.0908325 -0.019 
v -0.07795 -0.09 -0.019 
v -0.0775469 -0.0924586 -0.019 
v -0.07777 -0.0916553 -0.019 
v -0.0259289 -0.0836268 -0.019 
v -0.0252651 -0.0841314 -0.019 
v -0.0266433 -0.083197 -0.019 
v -0.0772383 -0.0932331 -0.019 
v -0.0379049 -0.0891675 -0.019 
v -0.0641201 -0.0946598 -0.019 
v -0.0646598 -0.0952953 -0.019 
v -0.03975 -0.1005 -0.019 
v -0.01975 -0.1005 -0.019 
v -0.0298331 -0.0976887 -0.019 
v -0.03777 -0.0883447 -0.019 
v -0.0375469 -0.0924586 -0.019 
v -0.03777 -0.0916553 -0.019 
v -0.0229531 -0.0875414 -0.019 
v -0.02273 -0.0883447 -0.019 
v -0.0246598 -0.0847047 -0.019 
v -0.0241201 -0.0853402 -0.019 
v -0.06255 -0.09 -0.019 
v -0.0306669 -0.0976887 -0.019 
v -0.0314957 -0.0975986 -0.019 
v -0.0290043 -0.0975986 -0.019 
v -0.0232617 -0.0932331 -0.019 
v -0.0236522 -0.0939698 -0.019 
v -0.03795 -0.09 -0.019 
v -0.0379049 -0.0908325 -0.019 
v -0.0358402 -0.0847047 -0.019 
v -0.0352349 -0.0841314 -0.019 
v -0.0363799 -0.0853402 -0.019 
v -0.0232617 -0.0867669 -0.019 
v -0.0236522 -0.0860302 -0.019 
v -0.0641201 -0.0853402 -0.019 
v -0.0636522 -0.0860302 -0.019 
v -0.0652651 -0.0841314 -0.019 
v -0.0646598 -0.0847047 -0.019 
v -0.03231 -0.0974193 -0.019 
v -0.0331001 -0.0971531 -0.019 
v -0.0241201 -0.0946598 -0.019 
v -0.0375469 -0.0875414 -0.019 
v -0.0372383 -0.0932331 -0.019 
v -0.0345711 -0.0836268 -0.019 
v -0.0666433 -0.083197 -0.019 
v -0.0629531 -0.0875414 -0.019 
v -0.06273 -0.0883447 -0.019 
v -0.0659289 -0.0836268 -0.019 
v -0.02819 -0.0974193 -0.019 
v -0.0266433 -0.096803 -0.019 
v -0.0273999 -0.0971531 -0.019 
v -0.0338567 -0.096803 -0.019 
v -0.0252651 -0.0958686 -0.019 
v -0.0259289 -0.0963732 -0.019 
v -0.0246598 -0.0952953 -0.019 
v -0.0225951 -0.0908325 -0.019 
v -0.02273 -0.0916553 -0.019 
v -0.0372383 -0.0867669 -0.019 
v -0.0368478 -0.0860302 -0.019 
v -0.0358402 -0.0952953 -0.019 
v -0.0363799 -0.0946598 -0.019 
v -0.0338567 -0.083197 -0.019 
v -0.0225951 -0.0891675 -0.019 
v -0.0632617 -0.0867669 -0.019 
v -0.0229531 -0.0924586 -0.019 
v -0.0368478 -0.0939698 -0.019 
v -0.0345711 -0.0963732 -0.019 
v -0.0331001 -0.0828469 -0.019 
v -0.02255 -0.09 -0.019 
v -0.03975 -0.1105 -0.019 
v -0.0352349 -0.0958686 -0.019 
v -0.0625951 -0.0891675 -0.019 
v -0.06075 -0.1105 -0.019 
v -0.06075 -0.1105 -0.002 
v -0.03975 -0.1105 -0.002 
v -0.06075 -0.1005 -0.002 
v -0.08075 -0.1005 -0.002 
v -0.06575 -0.1055 0.001 
v -0.06575 -0.1155 0.001 
v -0.08075 -0.0795 -0.002 
v -0.08575 -0.1055 0.001 
v -0.01975 -0.0795 -0.002 
v -0.08575 -0.0745 0.001 
v -0.01975 -0.1005 -0.002 
v -0.01475 -0.0745 0.001 
v -0.03975 -0.1005 -0.002 
v -0.01475 -0.1055 0.001 
v -0.03475 -0.1055 0.001 
v -0.03475 -0.1155 0.001 
v -0.0225951 -0.0891675 -0.0211 
v -0.02255 -0.09 -0.0211 
v -0.02273 -0.0883447 -0.0211 
v -0.0229531 -0.0875414 -0.0211 
v -0.0232617 -0.0867669 -0.0211 
v -0.0236522 -0.0860302 -0.0211 
v -0.0241201 -0.0853402 -0.0211 
v -0.0246598 -0.0847047 -0.0211 
v -0.0252651 -0.0841314 -0.0211 
v -0.0259289 -0.0836268 -0.0211 
v -0.0266433 -0.083197 -0.0211 
v -0.0273999 -0.0828469 -0.0211 
v -0.02819 -0.0825807 -0.0211 
v -0.0290043 -0.0824014 -0.0211 
v -0.0298331 -0.0823113 -0.0211 
v -0.0306669 -0.0823113 -0.0211 
v -0.0314957 -0.0824014 -0.0211 
v -0.03231 -0.0825807 -0.0211 
v -0.0331001 -0.0828469 -0.0211 
v -0.0338567 -0.083197 -0.0211 
v -0.0345711 -0.0836268 -0.0211 
v -0.0352349 -0.0841314 -0.0211 
v -0.0358402 -0.0847047 -0.0211 
v -0.0363799 -0.0853402 -0.0211 
v -0.0368478 -0.0860302 -0.0211 
v -0.0372383 -0.0867669 -0.0211 
v -0.0375469 -0.0875414 -0.0211 
v -0.03777 -0.0883447 -0.0211 
v -0.0379049 -0.0891675 -0.0211 
v -0.03795 -0.09 -0.0211 
v -0.0379049 -0.0908325 -0.0211 
v -0.03777 -0.0916553 -0.0211 
v -0.0375469 -0.0924586 -0.0211 
v -0.0372383 -0.0932331 -0.0211 
v -0.0368478 -0.0939698 -0.0211 
v -0.0363799 -0.0946598 -0.0211 
v -0.0358402 -0.0952953 -0.0211 
v -0.0352349 -0.0958686 -0.0211 
v -0.0345711 -0.0963732 -0.0211 
v -0.0338567 -0.096803 -0.0211 
v -0.0331001 -0.0971531 -0.0211 
v -0.03231 -0.0974193 -0.0211 
v -0.0314957 -0.0975986 -0.0211 
v -0.0306669 -0.0976887 -0.0211 
v -0.0298331 -0.0976887 -0.0211 
v -0.0290043 -0.0975986 -0.0211 
v -0.02819 -0.0974193 -0.0211 
v -0.0273999 -0.0971531 -0.0211 
v -0.0266433 -0.096803 -0.0211 
v -0.0259289 -0.0963732 -0.0211 
v -0.0252651 -0.0958686 -0.0211 
v -0.0246598 -0.0952953 -0.0211 
v -0.0241201 -0.0946598 -0.0211 
v -0.0236522 -0.0939698 -0.0211 
v -0.0232617 -0.0932331 -0.0211 
v -0.0229531 -0.0924586 -0.0211 
v -0.02273 -0.0916553 -0.0211 
v -0.0225951 -0.0908325 -0.0211 
v -0.03025 -0.09 -0.0211 
v -0.0625951 -0.0891675 -0.0211 
v -0.06255 -0.09 -0.0211 
v -0.06273 -0.0883447 -0.0211 
v -0.0629531 -0.0875414 -0.0211 
v -0.0632617 -0.0867669 -0.0211 
v -0.0636522 -0.0860302 -0.0211 
v -0.0641201 -0.0853402 -0.0211 
v -0.0646598 -0.0847047 -0.0211 
v -0.0652651 -0.0841314 -0.0211 
v -0.0659289 -0.0836268 -0.0211 
v -0.0666433 -0.083197 -0.0211 
v -0.0673999 -0.0828469 -0.0211 
v -0.06819 -0.0825807 -0.0211 
v -0.0690043 -0.0824014 -0.0211 
v -0.0698331 -0.0823113 -0.0211 
v -0.0706669 -0.0823113 -0.0211 
v -0.0714957 -0.0824014 -0.0211 
v -0.07231 -0.0825807 -0.0211 
v -0.0731001 -0.0828469 -0.0211 
v -0.0738567 -0.083197 -0.0211 
v -0.0745711 -0.0836268 -0.0211 
v -0.0752349 -0.0841314 -0.0211 
v -0.0758402 -0.0847047 -0.0211 
v -0.0763799 -0.0853402 -0.0211 
v -0.0768478 -0.0860302 -0.0211 
v -0.0772383 -0.0867669 -0.0211 
v -0.0775469 -0.0875414 -0.0211 
v -0.07777 -0.0883447 -0.0211 
v -0.0779049 -0.0891675 -0.0211 
v -0.07795 -0.09 -0.0211 
v -0.0779049 -0.0908325 -0.0211 
v -0.07777 -0.0916553 -0.0211 
v -0.0775469 -0.0924586 -0.0211 
v -0.0772383 -0.0932331 -0.0211 
v -0.0768478 -0.0939698 -0.0211 
v -0.0763799 -0.0946598 -0.0211 
v -0.0758402 -0.0952953 -0.0211 
v -0.0752349 -0.0958686 -0.0211 
v -0.0745711 -0.0963732 -0.0211 
v -0.0738567 -0.096803 -0.0211 
v -0.0731001 -0.0971531 -0.0211 
v -0.07231 -0.0974193 -0.0211 
v -0.0714957 -0.0975986 -0.0211 
v -0.0706669 -0.0976887 -0.0211 
v -0.0698331 -0.0976887 -0.0211 
v -0.0690043 -0.0975986 -0.0211 
v -0.06819 -0.0974193 -0.0211 
v -0.0673999 -0.0971531 -0.0211 
v -0.0666433 -0.096803 -0.0211 
v -0.0659289 -0.0963732 -0.0211 
v -0.0652651 -0.0958686 -0.0211 
v -0.0646598 -0.0952953 -0.0211 
v -0.0641201 -0.0946598 -0.0211 
v -0.0636522 -0.0939698 -0.0211 
v -0.0632617 -0.0932331 -0.0211 
v -0.0629531 -0.0924586 -0.0211 
v -0.06273 -0.0916553 -0.0211 
v -0.0625951 -0.0908325 -0.0211 
v -0.07025 -0.09 -0.0211 
v -0.01475 0.1055 0.001 
v -0.03475 0.1155 0.001 
v -0.06575 0.1155 0.001 
v -0.08575 0.1055 0.001 
v -0.06575 0.1055 0.001 
v -0.08575 0.0745 0.001 
v -0.01475 0.0745 0.001 
v -0.03475 0.1055 0.001 
v 0 0.062275 0.001 
v -0.01975 0.1005 -0.002 
v -0.01975 0.0795 -0.002 
v -0.08075 0.0795 -0.002 
v -0.01975 0.1005 -0.019 
v -0.01975 0.0795 -0.019 
v -0.03975 0.1005 -0.002 
v -0.03975 0.1005 -0.019 
v -0.03975 0.1105 -0.002 
v -0.03975 0.1105 -0.019 
v -0.06075 0.1105 -0.002 
v -0.06075 0.1105 -0.019 
v -0.06075 0.1005 -0.002 
v -0.08075 0.0795 -0.019 
v -0.08075 0.1005 -0.002 
v -0.08075 0.1005 -0.019 
v -0.06075 0.1005 -0.019 
v -0.0698331 0.0823113 -0.019 
v -0.0706669 0.0823113 -0.019 
v -0.06273 0.0883447 -0.019 
v -0.0314957 0.0824014 -0.019 
v -0.0690043 0.0824014 -0.019 
v -0.03231 0.0825807 -0.019 
v -0.0714957 0.0824014 -0.019 
v -0.06819 0.0825807 -0.019 
v -0.0625951 0.0891675 -0.019 
v -0.0306669 0.0823113 -0.019 
v -0.0290043 0.0824014 -0.019 
v -0.0298331 0.0823113 -0.019 
v -0.0731001 0.0828469 -0.019 
v -0.0738567 0.083197 -0.019 
v -0.07231 0.0825807 -0.019 
v -0.0232617 0.0867669 -0.019 
v -0.0236522 0.0860302 -0.019 
v -0.0306669 0.0976887 -0.019 
v -0.0298331 0.0976887 -0.019 
v -0.0779049 0.0908325 -0.019 
v -0.07777 0.0916553 -0.019 
v -0.0745711 0.0836268 -0.019 
v -0.0673999 0.0828469 -0.019 
v -0.0652651 0.0841314 -0.019 
v -0.0659289 0.0836268 -0.019 
v -0.02819 0.0825807 -0.019 
v -0.0241201 0.0853402 -0.019 
v -0.0706669 0.0976887 -0.019 
v -0.0698331 0.0976887 -0.019 
v -0.0379049 0.0908325 -0.019 
v -0.03231 0.0974193 -0.019 
v -0.0314957 0.0975986 -0.019 
v -0.0772383 0.0932331 -0.019 
v -0.0768478 0.0939698 -0.019 
v -0.0775469 0.0924586 -0.019 
v -0.0763799 0.0853402 -0.019 
v -0.0768478 0.0860302 -0.019 
v -0.0752349 0.0841314 -0.019 
v -0.0758402 0.0847047 -0.019 
v -0.0666433 0.083197 -0.019 
v -0.0632617 0.0867669 -0.019 
v -0.0636522 0.0860302 -0.019 
v -0.0629531 0.0875414 -0.019 
v -0.0252651 0.0841314 -0.019 
v -0.0259289 0.0836268 -0.019 
v -0.0246598 0.0847047 -0.019 
v -0.0225951 0.0891675 -0.019 
v -0.02273 0.0883447 -0.019 
v -0.0690043 0.0975986 -0.019 
v -0.07231 0.0974193 -0.019 
v -0.0714957 0.0975986 -0.019 
v -0.0358402 0.0952953 -0.019 
v -0.0763799 0.0946598 -0.019 
v -0.0758402 0.0952953 -0.019 
v -0.07795 0.09 -0.019 
v -0.0775469 0.0875414 -0.019 
v -0.07777 0.0883447 -0.019 
v -0.0266433 0.083197 -0.019 
v -0.0273999 0.0828469 -0.019 
v -0.0229531 0.0875414 -0.019 
v -0.06819 0.0974193 -0.019 
v -0.0673999 0.0971531 -0.019 
v -0.0632617 0.0932331 -0.019 
v -0.0629531 0.0924586 -0.019 
v -0.0641201 0.0946598 -0.019 
v -0.0636522 0.0939698 -0.019 
v -0.0652651 0.0958686 -0.019 
v -0.0646598 0.0952953 -0.019 
v -0.0666433 0.096803 -0.019 
v -0.0625951 0.0908325 -0.019 
v -0.06255 0.09 -0.019 
v -0.03777 0.0916553 -0.019 
v -0.0375469 0.0875414 -0.019 
v -0.03777 0.0883447 -0.019 
v -0.02819 0.0974193 -0.019 
v -0.0273999 0.0971531 -0.019 
v -0.0290043 0.0975986 -0.019 
v -0.0352349 0.0958686 -0.019 
v -0.0752349 0.0958686 -0.019 
v -0.0745711 0.0963732 -0.019 
v -0.0779049 0.0891675 -0.019 
v -0.0772383 0.0867669 -0.019 
v -0.0641201 0.0853402 -0.019 
v -0.0646598 0.0847047 -0.019 
v -0.0659289 0.0963732 -0.019 
v -0.03795 0.09 -0.019 
v -0.0379049 0.0891675 -0.019 
v -0.0229531 0.0924586 -0.019 
v -0.02273 0.0916553 -0.019 
v -0.0246598 0.0952953 -0.019 
v -0.0241201 0.0946598 -0.019 
v -0.0259289 0.0963732 -0.019 
v -0.0252651 0.0958686 -0.019 
v -0.0338567 0.096803 -0.019 
v -0.0331001 0.0971531 -0.019 
v -0.0731001 0.0971531 -0.019 
v -0.0738567 0.096803 -0.019 
v -0.02255 0.09 -0.019 
v -0.0372383 0.0932331 -0.019 
v -0.0368478 0.0939698 -0.019 
v -0.0375469 0.0924586 -0.019 
v -0.0372383 0.0867669 -0.019 
v -0.0232617 0.0932331 -0.019 
v -0.0236522 0.0939698 -0.019 
v -0.0266433 0.096803 -0.019 
v -0.0345711 0.0963732 -0.019 
v -0.0331001 0.0828469 -0.019 
v -0.0338567 0.083197 -0.019 
v -0.06273 0.0916553 -0.019 
v -0.0363799 0.0946598 -0.019 
v -0.0358402 0.0847047 -0.019 
v -0.0363799 0.0853402 -0.019 
v -0.0225951 0.0908325 -0.019 
v -0.0368478 0.0860302 -0.019 
v -0.0345711 0.0836268 -0.019 
v -0.0352349 0.0841314 -0.019 
v -0.0225951 0.0908325 -0.0211 
v -0.02255 0.09 -0.0211 
v -0.02273 0.0916553 -0.0211 
v -0.0229531 0.0924586 -0.0211 
v -0.0232617 0.0932331 -0.0211 
v -0.0236522 0.0939698 -0.0211 
v -0.0241201 0.0946598 -0.0211 
v -0.0246598 0.0952953 -0.0211 
v -0.0252651 0.0958686 -0.0211 
v -0.0259289 0.0963732 -0.0211 
v -0.0266433 0.096803 -0.0211 
v -0.0273999 0.0971531 -0.0211 
v -0.02819 0.0974193 -0.0211 
v -0.0290043 0.0975986 -0.0211 
v -0.0298331 0.0976887 -0.0211 
v -0.0306669 0.0976887 -0.0211 
v -0.0314957 0.0975986 -0.0211 
v -0.03231 0.0974193 -0.0211 
v -0.0331001 0.0971531 -0.0211 
v -0.0338567 0.096803 -0.0211 
v -0.0345711 0.0963732 -0.0211 
v -0.0352349 0.0958686 -0.0211 
v -0.0358402 0.0952953 -0.0211 
v -0.0363799 0.0946598 -0.0211 
v -0.0368478 0.0939698 -0.0211 
v -0.0372383 0.0932331 -0.0211 
v -0.0375469 0.0924586 -0.0211 
v -0.03777 0.0916553 -0.0211 
v -0.0379049 0.0908325 -0.0211 
v -0.03795 0.09 -0.0211 
v -0.0379049 0.0891675 -0.0211 
v -0.03777 0.0883447 -0.0211 
v -0.0375469 0.0875414 -0.0211 
v -0.0372383 0.0867669 -0.0211 
v -0.0368478 0.0860302 -0.0211 
v -0.0363799 0.0853402 -0.0211 
v -0.0358402 0.0847047 -0.0211 
v -0.0352349 0.0841314 -0.0211 
v -0.0345711 0.0836268 -0.0211 
v -0.0338567 0.083197 -0.0211 
v -0.0331001 0.0828469 -0.0211 
v -0.03231 0.0825807 -0.0211 
v -0.0314957 0.0824014 -0.0211 
v -0.0306669 0.0823113 -0.0211 
v -0.0298331 0.0823113 -0.0211 
v -0.0290043 0.0824014 -0.0211 
v -0.02819 0.0825807 -0.0211 
v -0.0273999 0.0828469 -0.0211 
v -0.0266433 0.083197 -0.0211 
v -0.0259289 0.0836268 -0.0211 
v -0.0252651 0.0841314 -0.0211 
v -0.0246598 0.0847047 -0.0211 
v -0.0241201 0.0853402 -0.0211 
v -0.0236522 0.0860302 -0.0211 
v -0.0232617 0.0867669 -0.0211 
v -0.0229531 0.0875414 -0.0211 
v -0.02273 0.0883447 -0.0211 
v -0.0225951 0.0891675 -0.0211 
v -0.03025 0.09 -0.0211 
v -0.0625951 0.0908325 -0.0211 
v -0.06255 0.09 -0.0211 
v -0.06273 0.0916553 -0.0211 
v -0.0629531 0.0924586 -0.0211 
v -0.0632617 0.0932331 -0.0211 
v -0.0636522 0.0939698 -0.0211 
v -0.0641201 0.0946598 -0.0211 
v -0.0646598 0.0952953 -0.0211 
v -0.0652651 0.0958686 -0.0211 
v -0.0659289 0.0963732 -0.0211 
v -0.0666433 0.096803 -0.0211 
v -0.0673999 0.0971531 -0.0211 
v -0.06819 0.0974193 -0.0211 
v -0.0690043 0.0975986 -0.0211 
v -0.0698331 0.0976887 -0.0211 
v -0.0706669 0.0976887 -0.0211 
v -0.0714957 0.0975986 -0.0211 
v -0.07231 0.0974193 -0.0211 
v -0.0731001 0.0971531 -0.0211 
v -0.0738567 0.096803 -0.0211 
v -0.0745711 0.0963732 -0.0211 
v -0.0752349 0.0958686 -0.0211 
v -0.0758402 0.0952953 -0.0211 
v -0.0763799 0.0946598 -0.0211 
v -0.0768478 0.0939698 -0.0211 
v -0.0772383 0.0932331 -0.0211 
v -0.0775469 0.0924586 -0.0211 
v -0.07777 0.0916553 -0.0211 
v -0.0779049 0.0908325 -0.0211 
v -0.07795 0.09 -0.0211 
v -0.0779049 0.0891675 -0.0211 
v -0.07777 0.0883447 -0.0211 
v -0.0775469 0.0875414 -0.0211 
v -0.0772383 0.0867669 -0.0211 
v -0.0768478 0.0860302 -0.0211 
v -0.0763799 0.0853402 -0.0211 
v -0.0758402 0.0847047 -0.0211 
v -0.0752349 0.0841314 -0.0211 
v -0.0745711 0.0836268 -0.0211 
v -0.0738567 0.083197 -0.0211 
v -0.0731001 0.0828469 -0.0211 
v -0.07231 0.0825807 -0.0211 
v -0.0714957 0.0824014 -0.0211 
v -0.0706669 0.0823113 -0.0211 
v -0.0698331 0.0823113 -0.0211 
v -0.0690043 0.0824014 -0.0211 
v -0.06819 0.0825807 -0.0211 
v -0.0673999 0.0828469 -0.0211 
v -0.0666433 0.083197 -0.0211 
v -0.0659289 0.0836268 -0.0211 
v -0.0652651 0.0841314 -0.0211 
v -0.0646598 0.0847047 -0.0211 
v -0.0641201 0.0853402 -0.0211 
v -0.0636522 0.0860302 -0.0211 
v -0.0632617 0.0867669 -0.0211 
v -0.0629531 0.0875414 -0.0211 
v -0.06273 0.0883447 -0.0211 
v -0.0625951 0.0891675 -0.0211 
v -0.07025 0.09 -0.0211 
vn 0 0 1 
vn -0.994138 -0.108119 0 
vn -1 -2.44929e-16 0 
vn -0.976621 -0.21497 0 
vn -0.994138 -0.108119 0 
vn -0.947653 -0.319302 0 
vn -0.976621 -0.21497 0 
vn -0.907575 -0.419889 0 
vn -0.947653 -0.319302 0 
vn -0.856857 -0.515554 0 
vn -0.907575 -0.419889 0 
vn -0.796093 -0.605174 0 
vn -0.856857 -0.515554 0 
vn -0.725995 -0.687699 0 
vn -0.796093 -0.605174 0 
vn -0.647386 -0.762162 0 
vn -0.725995 -0.687699 0 
vn -0.561187 -0.827689 0 
vn -0.647386 -0.762162 0 
vn -0.468408 -0.883512 0 
vn -0.561187 -0.827689 0 
vn -0.370138 -0.928977 0 
vn -0.468408 -0.883512 0 
vn -0.267528 -0.96355 0 
vn -0.370138 -0.928977 0 
vn -0.161782 -0.986827 0 
vn -0.267528 -0.96355 0 
vn -0.0541389 -0.998533 0 
vn -0.161782 -0.986827 0 
vn 0.0541389 -0.998533 0 
vn -0.0541389 -0.998533 0 
vn 0.161782 -0.986827 0 
vn 0.0541389 -0.998533 0 
vn 0.267528 -0.96355 0 
vn 0.161782 -0.986827 0 
vn 0.370138 -0.928977 0 
vn 0.267528 -0.96355 0 
vn 0.468408 -0.883512 0 
vn 0.370138 -0.928977 0 
vn 0.561187 -0.827689 0 
vn 0.468408 -0.883512 0 
vn 0.647386 -0.762162 0 
vn 0.561187 -0.827689 0 
vn 0.725995 -0.687699 0 
vn 0.647386 -0.762162 0 
vn 0.796093 -0.605174 0 
vn 0.725995 -0.687699 0 
vn 0.856857 -0.515554 0 
vn 0.796093 -0.605174 0 
vn 0.907575 -0.419889 0 
vn 0.856857 -0.515554 0 
vn 0.947653 -0.319302 0 
vn 0.907575 -0.419889 0 
vn 0.976621 -0.21497 0 
vn 0.947653 -0.319302 0 
vn 0.994138 -0.108119 0 
vn 0.976621 -0.21497 0 
vn 1 1.22465e-16 0 
vn 0.994138 -0.108119 0 
vn 0.994138 0.108119 0 
vn 1 1.22465e-16 0 
vn 0.976621 0.21497 0 
vn 0.994138 0.108119 0 
vn 0.947653 0.319302 0 
vn 0.976621 0.21497 0 
vn 0.907575 0.419889 0 
vn 0.947653 0.319302 0 
vn 0.856857 0.515554 0 
vn 0.907575 0.419889 0 
vn 0.796093 0.605174 0 
vn 0.856857 0.515554 0 
vn 0.725995 0.687699 0 
vn 0.796093 0.605174 0 
vn 0.647386 0.762162 0 
vn 0.725995 0.687699 0 
vn 0.561187 0.827689 0 
vn 0.647386 0.762162 0 
vn 0.468408 0.883512 0 
vn 0.561187 0.827689 0 
vn 0.370138 0.928977 0 
vn 0.468408 0.883512 0 
vn 0.267528 0.96355 0 
vn 0.370138 0.928977 0 
vn 0.161782 0.986827 0 
vn 0.267528 0.96355 0 
vn 0.0541389 0.998533 0 
vn 0.161782 0.986827 0 
vn -0.0541389 0.998533 0 
vn 0.0541389 0.998533 0 
vn -0.161782 0.986827 0 
vn -0.0541389 0.998533 0 
vn -0.267528 0.96355 0 
vn -0.161782 0.986827 0 
vn -0.370138 0.928977 0 
vn -0.267528 0.96355 0 
vn -0.468408 0.883512 0 
vn -0.370138 0.928977 0 
vn -0.561187 0.827689 0 
vn -0.468408 0.883512 0 
vn -0.647386 0.762162 0 
vn -0.561187 0.827689 0 
vn -0.725995 0.687699 0 
vn -0.647386 0.762162 0 
vn -0.796093 0.605174 0 
vn -0.725995 0.687699 0 
vn -0.856857 0.515554 0 
vn -0.796093 0.605174 0 
vn -0.907575 0.419889 0 
vn -0.856857 0.515554 0 
vn -0.947653 0.319302 0 
vn -0.907575 0.419889 0 
vn -0.976621 0.21497 0 
vn -0.947653 0.319302 0 
vn -0.994138 0.108119 0 
vn -0.976621 0.21497 0 
vn 0 0 1 
vn 1 0 0 
vn 0 -1 0 
vn -1 0 0 
vn 0 1 0 
vn 1 0 0 
vn -6.93889e-16 -1 0 
vn -0.514496 8.92508e-17 0.857493 
vn 0 0.514496 0.857493 
vn -3.57003e-16 -0.514496 0.857493 
vn 0.514496 0 0.857493 
vn -0.514496 0 0.857493 
vn -3.57003e-16 -0.514496 0.857493 
vn 0.514496 0 0.857493 
vn -0.994138 -0.108119 0 
vn -1 -2.44929e-16 0 
vn -0.976621 -0.21497 0 
vn -0.994138 -0.108119 0 
vn -0.947653 -0.319302 0 
vn -0.976621 -0.21497 0 
vn -0.907575 -0.419889 0 
vn -0.947653 -0.319302 0 
vn -0.856857 -0.515554 0 
vn -0.907575 -0.419889 0 
vn -0.796093 -0.605174 0 
vn -0.856857 -0.515554 0 
vn -0.725995 -0.687699 0 
vn -0.796093 -0.605174 0 
vn -0.647386 -0.762162 0 
vn -0.725995 -0.687699 0 
vn -0.561187 -0.827689 0 
vn -0.647386 -0.762162 0 
vn -0.468408 -0.883512 0 
vn -0.561187 -0.827689 0 
vn -0.370138 -0.928977 0 
vn -0.468408 -0.883512 0 
vn -0.267528 -0.96355 0 
vn -0.370138 -0.928977 0 
vn -0.161782 -0.986827 0 
vn -0.267528 -0.96355 0 
vn -0.0541389 -0.998533 0 
vn -0.161782 -0.986827 0 
vn 0.0541389 -0.998533 0 
vn -0.0541389 -0.998533 0 
vn 0.161782 -0.986827 0 
vn 0.0541389 -0.998533 0 
vn 0.267528 -0.96355 0 
vn 0.161782 -0.986827 0 
vn 0.370138 -0.928977 0 
vn 0.267528 -0.96355 0 
vn 0.468408 -0.883512 0 
vn 0.370138 -0.928977 0 
vn 0.561187 -0.827689 0 
vn 0.468408 -0.883512 0 
vn 0.647386 -0.762162 0 
vn 0.561187 -0.827689 0 
vn 0.725995 -0.687699 0 
vn 0.647386 -0.762162 0 
vn 0.796093 -0.605174 0 
vn 0.725995 -0.687699 0 
vn 0.856857 -0.515554 0 
vn 0.796093 -0.605174 0 
vn 0.907575 -0.419889 0 
vn 0.856857 -0.515554 0 
vn 0.947653 -0.319302 0 
vn 0.907575 -0.419889 0 
vn 0.976621 -0.21497 0 
vn 0.947653 -0.319302 0 
vn 0.994138 -0.108119 0 
vn 0.976621 -0.21497 0 
vn 1 1.22465e-16 0 
vn 0.994138 -0.108119 0 
vn 0.994138 0.108119 0 
vn 1 1.22465e-16 0 
vn 0.976621 0.21497 0 
vn 0.994138 0.108119 0 
vn 0.947653 0.319302 0 
vn 0.976621 0.21497 0 
vn 0.907575 0.419889 0 
vn 0.947653 0.319302 0 
vn 0.856857 0.515554 0 
vn 0.907575 0.419889 0 
vn 0.796093 0.605174 0 
vn 0.856857 0.515554 0 
vn 0.725995 0.687699 0 
vn 0.796093 0.605174 0 
vn 0.647386 0.762162 0 
vn 0.725995 0.687699 0 
vn 0.561187 0.827689 0 
vn 0.647386 0.762162 0 
vn 0.468408 0.883512 0 
vn 0.561187 0.827689 0 
vn 0.370138 0.928977 0 
vn 0.468408 0.883512 0 
vn 0.267528 0.96355 0 
vn 0.370138 0.928977 0 
vn 0.161782 0.986827 0 
vn 0.267528 0.96355 0 
vn 0.0541389 0.998533 0 
vn 0.161782 0.986827 0 
vn -0.0541389 0.998533 0 
vn 0.0541389 0.998533 0 
vn -0.161782 0.986827 0 
vn -0.0541389 0.998533 0 
vn -0.267528 0.96355 0 
vn -0.161782 0.986827 0 
vn -0.370138 0.928977 0 
vn -0.267528 0.96355 0 
vn -0.468408 0.883512 0 
vn -0.370138 0.928977 0 
vn -0.561187 0.827689 0 
vn -0.468408 0.883512 0 
vn -0.647386 0.762162 0 
vn -0.561187 0.827689 0 
vn -0.725995 0.687699 0 
vn -0.647386 0.762162 0 
vn -0.796093 0.605174 0 
vn -0.725995 0.687699 0 
vn -0.856857 0.515554 0 
vn -0.796093 0.605174 0 
vn -0.907575 0.419889 0 
vn -0.856857 0.515554 0 
vn -0.947653 0.319302 0 
vn -0.907575 0.419889 0 
vn -0.976621 0.21497 0 
vn -0.947653 0.319302 0 
vn -0.994138 0.108119 0 
vn -0.976621 0.21497 0 
vn 0 0 1 
vn 0.994138 -0.108119 0 
vn 1 -2.44929e-16 0 
vn 0.976621 -0.21497 0 
vn 0.994138 -0.108119 0 
vn 0.947653 -0.319302 0 
vn 0.976621 -0.21497 0 
vn 0.907575 -0.419889 0 
vn 0.947653 -0.319302 0 
vn 0.856857 -0.515554 0 
vn 0.907575 -0.419889 0 
vn 0.796093 -0.605174 0 
vn 0.856857 -0.515554 0 
vn 0.725995 -0.687699 0 
vn 0.796093 -0.605174 0 
vn 0.647386 -0.762162 0 
vn 0.725995 -0.687699 0 
vn 0.561187 -0.827689 0 
vn 0.647386 -0.762162 0 
vn 0.468408 -0.883512 0 
vn 0.561187 -0.827689 0 
vn 0.370138 -0.928977 0 
vn 0.468408 -0.883512 0 
vn 0.267528 -0.96355 0 
vn 0.370138 -0.928977 0 
vn 0.161782 -0.986827 0 
vn 0.267528 -0.96355 0 
vn 0.0541389 -0.998533 0 
vn 0.161782 -0.986827 0 
vn -0.0541389 -0.998533 0 
vn 0.0541389 -0.998533 0 
vn -0.161782 -0.986827 0 
vn -0.0541389 -0.998533 0 
vn -0.267528 -0.96355 0 
vn -0.161782 -0.986827 0 
vn -0.370138 -0.928977 0 
vn -0.267528 -0.96355 0 
vn -0.468408 -0.883512 0 
vn -0.370138 -0.928977 0 
vn -0.561187 -0.827689 0 
vn -0.468408 -0.883512 0 
vn -0.647386 -0.762162 0 
vn -0.561187 -0.827689 0 
vn -0.725995 -0.687699 0 
vn -0.647386 -0.762162 0 
vn -0.796093 -0.605174 0 
vn -0.725995 -0.687699 0 
vn -0.856857 -0.515554 0 
vn -0.796093 -0.605174 0 
vn -0.907575 -0.419889 0 
vn -0.856857 -0.515554 0 
vn -0.947653 -0.319302 0 
vn -0.907575 -0.419889 0 
vn -0.976621 -0.21497 0 
vn -0.947653 -0.319302 0 
vn -0.994138 -0.108119 0 
vn -0.976621 -0.21497 0 
vn -1 1.22465e-16 0 
vn -0.994138 -0.108119 0 
vn -0.994138 0.108119 0 
vn -1 1.22465e-16 0 
vn -0.976621 0.21497 0 
vn -0.994138 0.108119 0 
vn -0.947653 0.319302 0 
vn -0.976621 0.21497 0 
vn -0.907575 0.419889 0 
vn -0.947653 0.319302 0 
vn -0.856857 0.515554 0 
vn -0.907575 0.419889 0 
vn -0.796093 0.605174 0 
vn -0.856857 0.515554 0 
vn -0.725995 0.687699 0 
vn -0.796093 0.605174 0 
vn -0.647386 0.762162 0 
vn -0.725995 0.687699 0 
vn -0.561187 0.827689 0 
vn -0.647386 0.762162 0 
vn -0.468408 0.883512 0 
vn -0.561187 0.827689 0 
vn -0.370138 0.928977 0 
vn -0.468408 0.883512 0 
vn -0.267528 0.96355 0 
vn -0.370138 0.928977 0 
vn -0.161782 0.986827 0 
vn -0.267528 0.96355 0 
vn -0.0541389 0.998533 0 
vn -0.161782 0.986827 0 
vn 0.0541389 0.998533 0 
vn -0.0541389 0.998533 0 
vn 0.161782 0.986827 0 
vn 0.0541389 0.998533 0 
vn 0.267528 0.96355 0 
vn 0.161782 0.986827 0 
vn 0.370138 0.928977 0 
vn 0.267528 0.96355 0 
vn 0.468408 0.883512 0 
vn 0.370138 0.928977 0 
vn 0.561187 0.827689 0 
vn 0.468408 0.883512 0 
vn 0.647386 0.762162 0 
vn 0.561187 0.827689 0 
vn 0.725995 0.687699 0 
vn 0.647386 0.762162 0 
vn 0.796093 0.605174 0 
vn 0.725995 0.687699 0 
vn 0.856857 0.515554 0 
vn 0.796093 0.605174 0 
vn 0.907575 0.419889 0 
vn 0.856857 0.515554 0 
vn 0.947653 0.319302 0 
vn 0.907575 0.419889 0 
vn 0.976621 0.21497 0 
vn 0.947653 0.319302 0 
vn 0.994138 0.108119 0 
vn 0.976621 0.21497 0 
vn 0 0 -1 
vn -1 0 0 
vn 0 1 0 
vn 0 -1 0 
vn 1 0 0 
vn -1 1.38778e-16 0 
vn 1.38639e-16 -1 0 
vn 0 0 1 
vn 1 0 0 
vn -1.38639e-16 1 0 
vn -1 1.38778e-16 0 
vn 1 0 0 
vn 0 -1 0 
vn 0 0 -1 
vn 1 2.04085e-16 0 
vn 0 -1 0 
vn -1 -2.04085e-16 0 
vn 0 0 -1 
vn 0 1 0 
vn 1 8.1634e-17 0 
vn 0 0 -1 
vn -8.1634e-17 -1 0 
vn -1 0 0 
vn 8.1634e-17 1 0 
vn 0 0 -1 
vn 0.994138 -0.108119 0 
vn 1 -2.44929e-16 0 
vn 0.976621 -0.21497 0 
vn 0.994138 -0.108119 0 
vn 0.947653 -0.319302 0 
vn 0.976621 -0.21497 0 
vn 0.907575 -0.419889 0 
vn 0.947653 -0.319302 0 
vn 0.856857 -0.515554 0 
vn 0.907575 -0.419889 0 
vn 0.796093 -0.605174 0 
vn 0.856857 -0.515554 0 
vn 0.725995 -0.687699 0 
vn 0.796093 -0.605174 0 
vn 0.647386 -0.762162 0 
vn 0.725995 -0.687699 0 
vn 0.561187 -0.827689 0 
vn 0.647386 -0.762162 0 
vn 0.468408 -0.883512 0 
vn 0.561187 -0.827689 0 
vn 0.370138 -0.928977 0 
vn 0.468408 -0.883512 0 
vn 0.267528 -0.96355 0 
vn 0.370138 -0.928977 0 
vn 0.161782 -0.986827 0 
vn 0.267528 -0.96355 0 
vn 0.0541389 -0.998533 0 
vn 0.161782 -0.986827 0 
vn -0.0541389 -0.998533 0 
vn 0.0541389 -0.998533 0 
vn -0.161782 -0.986827 0 
vn -0.0541389 -0.998533 0 
vn -0.267528 -0.96355 0 
vn -0.161782 -0.986827 0 
vn -0.370138 -0.928977 0 
vn -0.267528 -0.96355 0 
vn -0.468408 -0.883512 0 
vn -0.370138 -0.928977 0 
vn -0.561187 -0.827689 0 
vn -0.468408 -0.883512 0 
vn -0.647386 -0.762162 0 
vn -0.561187 -0.827689 0 
vn -0.725995 -0.687699 0 
vn -0.647386 -0.762162 0 
vn -0.796093 -0.605174 0 
vn -0.725995 -0.687699 0 
vn -0.856857 -0.515554 0 
vn -0.796093 -0.605174 0 
vn -0.907575 -0.419889 0 
vn -0.856857 -0.515554 0 
vn -0.947653 -0.319302 0 
vn -0.907575 -0.419889 0 
vn -0.976621 -0.21497 0 
vn -0.947653 -0.319302 0 
vn -0.994138 -0.108119 0 
vn -0.976621 -0.21497 0 
vn -1 1.22465e-16 0 
vn -0.994138 -0.108119 0 
vn -0.994138 0.108119 0 
vn -1 1.22465e-16 0 
vn -0.976621 0.21497 0 
vn -0.994138 0.108119 0 
vn -0.947653 0.319302 0 
vn -0.976621 0.21497 0 
vn -0.907575 0.419889 0 
vn -0.947653 0.319302 0 
vn -0.856857 0.515554 0 
vn -0.907575 0.419889 0 
vn -0.796093 0.605174 0 
vn -0.856857 0.515554 0 
vn -0.725995 0.687699 0 
vn -0.796093 0.605174 0 
vn -0.647386 0.762162 0 
vn -0.725995 0.687699 0 
vn -0.561187 0.827689 0 
vn -0.647386 0.762162 0 
vn -0.468408 0.883512 0 
vn -0.561187 0.827689 0 
vn -0.370138 0.928977 0 
vn -0.468408 0.883512 0 
vn -0.267528 0.96355 0 
vn -0.370138 0.928977 0 
vn -0.161782 0.986827 0 
vn -0.267528 0.96355 0 
vn -0.0541389 0.998533 0 
vn -0.161782 0.986827 0 
vn 0.0541389 0.998533 0 
vn -0.0541389 0.998533 0 
vn 0.161782 0.986827 0 
vn 0.0541389 0.998533 0 
vn 0.267528 0.96355 0 
vn 0.161782 0.986827 0 
vn 0.370138 0.928977 0 
vn 0.267528 0.96355 0 
vn 0.468408 0.883512 0 
vn 0.370138 0.928977 0 
vn 0.561187 0.827689 0 
vn 0.468408 0.883512 0 
vn 0.647386 0.762162 0 
vn 0.561187 0.827689 0 
vn 0.725995 0.687699 0 
vn 0.647386 0.762162 0 
vn 0.796093 0.605174 0 
vn 0.725995 0.687699 0 
vn 0.856857 0.515554 0 
vn 0.796093 0.605174 0 
vn 0.907575 0.419889 0 
vn 0.856857 0.515554 0 
vn 0.947653 0.319302 0 
vn 0.907575 0.419889 0 
vn 0.976621 0.21497 0 
vn 0.947653 0.319302 0 
vn 0.994138 0.108119 0 
vn 0.976621 0.21497 0 
vn 0.994138 -0.108119 0 
vn 1 -2.44929e-16 0 
vn 0.976621 -0.21497 0 
vn 0.994138 -0.108119 0 
vn 0.947653 -0.319302 0 
vn 0.976621 -0.21497 0 
vn 0.907575 -0.419889 0 
vn 0.947653 -0.319302 0 
vn 0.856857 -0.515554 0 
vn 0.907575 -0.419889 0 
vn 0.796093 -0.605174 0 
vn 0.856857 -0.515554 0 
vn 0.725995 -0.687699 0 
vn 0.796093 -0.605174 0 
vn 0.647386 -0.762162 0 
vn 0.725995 -0.687699 0 
vn 0.561187 -0.827689 0 
vn 0.647386 -0.762162 0 
vn 0.468408 -0.883512 0 
vn 0.561187 -0.827689 0 
vn 0.370138 -0.928977 0 
vn 0.468408 -0.883512 0 
vn 0.267528 -0.96355 0 
vn 0.370138 -0.928977 0 
vn 0.161782 -0.986827 0 
vn 0.267528 -0.96355 0 
vn 0.0541389 -0.998533 0 
vn 0.161782 -0.986827 0 
vn -0.0541389 -0.998533 0 
vn 0.0541389 -0.998533 0 
vn -0.161782 -0.986827 0 
vn -0.0541389 -0.998533 0 
vn -0.267528 -0.96355 0 
vn -0.161782 -0.986827 0 
vn -0.370138 -0.928977 0 
vn -0.267528 -0.96355 0 
vn -0.468408 -0.883512 0 
vn -0.370138 -0.928977 0 
vn -0.561187 -0.827689 0 
vn -0.468408 -0.883512 0 
vn -0.647386 -0.762162 0 
vn -0.561187 -0.827689 0 
vn -0.725995 -0.687699 0 
vn -0.647386 -0.762162 0 
vn -0.796093 -0.605174 0 
vn -0.725995 -0.687699 0 
vn -0.856857 -0.515554 0 
vn -0.796093 -0.605174 0 
vn -0.907575 -0.419889 0 
vn -0.856857 -0.515554 0 
vn -0.947653 -0.319302 0 
vn -0.907575 -0.419889 0 
vn -0.976621 -0.21497 0 
vn -0.947653 -0.319302 0 
vn -0.994138 -0.108119 0 
vn -0.976621 -0.21497 0 
vn -1 1.22465e-16 0 
vn -0.994138 -0.108119 0 
vn -0.994138 0.108119 0 
vn -1 1.22465e-16 0 
vn -0.976621 0.21497 0 
vn -0.994138 0.108119 0 
vn -0.947653 0.319302 0 
vn -0.976621 0.21497 0 
vn -0.907575 0.419889 0 
vn -0.947653 0.319302 0 
vn -0.856857 0.515554 0 
vn -0.907575 0.419889 0 
vn -0.796093 0.605174 0 
vn -0.856857 0.515554 0 
vn -0.725995 0.687699 0 
vn -0.796093 0.605174 0 
vn -0.647386 0.762162 0 
vn -0.725995 0.687699 0 
vn -0.561187 0.827689 0 
vn -0.647386 0.762162 0 
vn -0.468408 0.883512 0 
vn -0.561187 0.827689 0 
vn -0.370138 0.928977 0 
vn -0.468408 0.883512 0 
vn -0.267528 0.96355 0 
vn -0.370138 0.928977 0 
vn -0.161782 0.986827 0 
vn -0.267528 0.96355 0 
vn -0.0541389 0.998533 0 
vn -0.161782 0.986827 0 
vn 0.0541389 0.998533 0 
vn -0.0541389 0.998533 0 
vn 0.161782 0.986827 0 
vn 0.0541389 0.998533 0 
vn 0.267528 0.96355 0 
vn 0.161782 0.986827 0 
vn 0.370138 0.928977 0 
vn 0.267528 0.96355 0 
vn 0.468408 0.883512 0 
vn 0.370138 0.928977 0 
vn 0.561187 0.827689 0 
vn 0.468408 0.883512 0 
vn 0.647386 0.762162 0 
vn 0.561187 0.827689 0 
vn 0.725995 0.687699 0 
vn 0.647386 0.762162 0 
vn 0.796093 0.605174 0 
vn 0.725995 0.687699 0 
vn 0.856857 0.515554 0 
vn 0.796093 0.605174 0 
vn 0.907575 0.419889 0 
vn 0.856857 0.515554 0 
vn 0.947653 0.319302 0 
vn 0.907575 0.419889 0 
vn 0.976621 0.21497 0 
vn 0.947653 0.319302 0 
vn 0.994138 0.108119 0 
vn 0.976621 0.21497 0 
vn 0.994138 -0.108119 0 
vn 1 -2.44929e-16 0 
vn 0.976621 -0.21497 0 
vn 0.994138 -0.108119 0 
vn 0.947653 -0.319302 0 
vn 0.976621 -0.21497 0 
vn 0.907575 -0.419889 0 
vn 0.947653 -0.319302 0 
vn 0.856857 -0.515554 0 
vn 0.907575 -0.419889 0 
vn 0.796093 -0.605174 0 
vn 0.856857 -0.515554 0 
vn 0.725995 -0.687699 0 
vn 0.796093 -0.605174 0 
vn 0.647386 -0.762162 0 
vn 0.725995 -0.687699 0 
vn 0.561187 -0.827689 0 
vn 0.647386 -0.762162 0 
vn 0.468408 -0.883512 0 
vn 0.561187 -0.827689 0 
vn 0.370138 -0.928977 0 
vn 0.468408 -0.883512 0 
vn 0.267528 -0.96355 0 
vn 0.370138 -0.928977 0 
vn 0.161782 -0.986827 0 
vn 0.267528 -0.96355 0 
vn 0.0541389 -0.998533 0 
vn 0.161782 -0.986827 0 
vn -0.0541389 -0.998533 0 
vn 0.0541389 -0.998533 0 
vn -0.161782 -0.986827 0 
vn -0.0541389 -0.998533 0 
vn -0.267528 -0.96355 0 
vn -0.161782 -0.986827 0 
vn -0.370138 -0.928977 0 
vn -0.267528 -0.96355 0 
vn -0.468408 -0.883512 0 
vn -0.370138 -0.928977 0 
vn -0.561187 -0.827689 0 
vn -0.468408 -0.883512 0 
vn -0.647386 -0.762162 0 
vn -0.561187 -0.827689 0 
vn -0.725995 -0.687699 0 
vn -0.647386 -0.762162 0 
vn -0.796093 -0.605174 0 
vn -0.725995 -0.687699 0 
vn -0.856857 -0.515554 0 
vn -0.796093 -0.605174 0 
vn -0.907575 -0.419889 0 
vn -0.856857 -0.515554 0 
vn -0.947653 -0.319302 0 
vn -0.907575 -0.419889 0 
vn -0.976621 -0.21497 0 
vn -0.947653 -0.319302 0 
vn -0.994138 -0.108119 0 
vn -0.976621 -0.21497 0 
vn -1 1.22465e-16 0 
vn -0.994138 -0.108119 0 
vn -0.994138 0.108119 0 
vn -1 1.22465e-16 0 
vn -0.976621 0.21497 0 
vn -0.994138 0.108119 0 
vn -0.947653 0.319302 0 
vn -0.976621 0.21497 0 
vn -0.907575 0.419889 0 
vn -0.947653 0.319302 0 
vn -0.856857 0.515554 0 
vn -0.907575 0.419889 0 
vn -0.796093 0.605174 0 
vn -0.856857 0.515554 0 
vn -0.725995 0.687699 0 
vn -0.796093 0.605174 0 
vn -0.647386 0.762162 0 
vn -0.725995 0.687699 0 
vn -0.561187 0.827689 0 
vn -0.647386 0.762162 0 
vn -0.468408 0.883512 0 
vn -0.561187 0.827689 0 
vn -0.370138 0.928977 0 
vn -0.468408 0.883512 0 
vn -0.267528 0.96355 0 
vn -0.370138 0.928977 0 
vn -0.161782 0.986827 0 
vn -0.267528 0.96355 0 
vn -0.0541389 0.998533 0 
vn -0.161782 0.986827 0 
vn 0.0541389 0.998533 0 
vn -0.0541389 0.998533 0 
vn 0.161782 0.986827 0 
vn 0.0541389 0.998533 0 
vn 0.267528 0.96355 0 
vn 0.161782 0.986827 0 
vn 0.370138 0.928977 0 
vn 0.267528 0.96355 0 
vn 0.468408 0.883512 0 
vn 0.370138 0.928977 0 
vn 0.561187 0.827689 0 
vn 0.468408 0.883512 0 
vn 0.647386 0.762162 0 
vn 0.561187 0.827689 0 
vn 0.725995 0.687699 0 
vn 0.647386 0.762162 0 
vn 0.796093 0.605174 0 
vn 0.725995 0.687699 0 
vn 0.856857 0.515554 0 
vn 0.796093 0.605174 0 
vn 0.907575 0.419889 0 
vn 0.856857 0.515554 0 
vn 0.947653 0.319302 0 
vn 0.907575 0.419889 0 
vn 0.976621 0.21497 0 
vn 0.947653 0.319302 0 
vn 0.994138 0.108119 0 
vn 0.976621 0.21497 0 
vn 0 -1 0 
vn -1 -2.04085e-16 0 
vn 1 2.04085e-16 0 
vn 0 0 1 
vn 0 1 0 
vn 1 8.1634e-17 0 
vn -1 -8.1634e-17 0 
vn 0 0 1 
vn -8.1634e-17 -1 0 
vn 8.1634e-17 1 0 
vn -1 0 0 
vn 0 0 1 
vn 1 -6.12323e-17 0 
vn 0 1 0 
vn -1 -1.89243e-16 0 
vn 1 1.26162e-16 0 
vn 0 -1 0 
vn -1 -1.89243e-16 0 
vn 1 1.26162e-16 0 
vn 0 0 1 
vn 0 -1 0 
vn 1 0 0 
vn 0 1 0 
vn 0 0 1 
vn 1 0 0 
vn 0 -1 0 
vn -1 1.73472e-16 0 
vn 0 -0.514496 0.857493 
vn -6.93889e-16 1 0 
vn -0.514496 8.92508e-17 0.857493 
vn -1 0 0 
vn -3.57003e-16 0.514496 0.857493 
vn 0 1 0 
vn -0.514496 0 0.857493 
vn 1 0 0 
vn 0 0.514496 0.857493 
vn -6.93889e-16 1 0 
vn 0.514496 0 0.857493 
vn -3.57003e-16 0.514496 0.857493 
vn -0.994138 -0.108119 0 
vn -1 -2.44929e-16 0 
vn -0.976621 -0.21497 0 
vn -0.994138 -0.108119 0 
vn -0.947653 -0.319302 0 
vn -0.976621 -0.21497 0 
vn -0.907575 -0.419889 0 
vn -0.947653 -0.319302 0 
vn -0.856857 -0.515554 0 
vn -0.907575 -0.419889 0 
vn -0.796093 -0.605174 0 
vn -0.856857 -0.515554 0 
vn -0.725995 -0.687699 0 
vn -0.796093 -0.605174 0 
vn -0.647386 -0.762162 0 
vn -0.725995 -0.687699 0 
vn -0.561187 -0.827689 0 
vn -0.647386 -0.762162 0 
vn -0.468408 -0.883512 0 
vn -0.561187 -0.827689 0 
vn -0.370138 -0.928977 0 
vn -0.468408 -0.883512 0 
vn -0.267528 -0.96355 0 
vn -0.370138 -0.928977 0 
vn -0.161782 -0.986827 0 
vn -0.267528 -0.96355 0 
vn -0.0541389 -0.998533 0 
vn -0.161782 -0.986827 0 
vn 0.0541389 -0.998533 0 
vn -0.0541389 -0.998533 0 
vn 0.161782 -0.986827 0 
vn 0.0541389 -0.998533 0 
vn 0.267528 -0.96355 0 
vn 0.161782 -0.986827 0 
vn 0.370138 -0.928977 0 
vn 0.267528 -0.96355 0 
vn 0.468408 -0.883512 0 
vn 0.370138 -0.928977 0 
vn 0.561187 -0.827689 0 
vn 0.468408 -0.883512 0 
vn 0.647386 -0.762162 0 
vn 0.561187 -0.827689 0 
vn 0.725995 -0.687699 0 
vn 0.647386 -0.762162 0 
vn 0.796093 -0.605174 0 
vn 0.725995 -0.687699 0 
vn 0.856857 -0.515554 0 
vn 0.796093 -0.605174 0 
vn 0.907575 -0.419889 0 
vn 0.856857 -0.515554 0 
vn 0.947653 -0.319302 0 
vn 0.907575 -0.419889 0 
vn 0.976621 -0.21497 0 
vn 0.947653 -0.319302 0 
vn 0.994138 -0.108119 0 
vn 0.976621 -0.21497 0 
vn 1 1.22465e-16 0 
vn 0.994138 -0.108119 0 
vn 0.994138 0.108119 0 
vn 1 1.22465e-16 0 
vn 0.976621 0.21497 0 
vn 0.994138 0.108119 0 
vn 0.947653 0.319302 0 
vn 0.976621 0.21497 0 
vn 0.907575 0.419889 0 
vn 0.947653 0.319302 0 
vn 0.856857 0.515554 0 
vn 0.907575 0.419889 0 
vn 0.796093 0.605174 0 
vn 0.856857 0.515554 0 
vn 0.725995 0.687699 0 
vn 0.796093 0.605174 0 
vn 0.647386 0.762162 0 
vn 0.725995 0.687699 0 
vn 0.561187 0.827689 0 
vn 0.647386 0.762162 0 
vn 0.468408 0.883512 0 
vn 0.561187 0.827689 0 
vn 0.370138 0.928977 0 
vn 0.468408 0.883512 0 
vn 0.267528 0.96355 0 
vn 0.370138 0.928977 0 
vn 0.161782 0.986827 0 
vn 0.267528 0.96355 0 
vn 0.0541389 0.998533 0 
vn 0.161782 0.986827 0 
vn -0.0541389 0.998533 0 
vn 0.0541389 0.998533 0 
vn -0.161782 0.986827 0 
vn -0.0541389 0.998533 0 
vn -0.267528 0.96355 0 
vn -0.161782 0.986827 0 
vn -0.370138 0.928977 0 
vn -0.267528 0.96355 0 
vn -0.468408 0.883512 0 
vn -0.370138 0.928977 0 
vn -0.561187 0.827689 0 
vn -0.468408 0.883512 0 
vn -0.647386 0.762162 0 
vn -0.561187 0.827689 0 
vn -0.725995 0.687699 0 
vn -0.647386 0.762162 0 
vn -0.796093 0.605174 0 
vn -0.725995 0.687699 0 
vn -0.856857 0.515554 0 
vn -0.796093 0.605174 0 
vn -0.907575 0.419889 0 
vn -0.856857 0.515554 0 
vn -0.947653 0.319302 0 
vn -0.907575 0.419889 0 
vn -0.976621 0.21497 0 
vn -0.947653 0.319302 0 
vn -0.994138 0.108119 0 
vn -0.976621 0.21497 0 
vn 0 0 1 
vn -0.994138 -0.108119 0 
vn -1 -2.44929e-16 0 
vn -0.976621 -0.21497 0 
vn -0.994138 -0.108119 0 
vn -0.947653 -0.319302 0 
vn -0.976621 -0.21497 0 
vn -0.907575 -0.419889 0 
vn -0.947653 -0.319302 0 
vn -0.856857 -0.515554 0 
vn -0.907575 -0.419889 0 
vn -0.796093 -0.605174 0 
vn -0.856857 -0.515554 0 
vn -0.725995 -0.687699 0 
vn -0.796093 -0.605174 0 
vn -0.647386 -0.762162 0 
vn -0.725995 -0.687699 0 
vn -0.561187 -0.827689 0 
vn -0.647386 -0.762162 0 
vn -0.468408 -0.883512 0 
vn -0.561187 -0.827689 0 
vn -0.370138 -0.928977 0 
vn -0.468408 -0.883512 0 
vn -0.267528 -0.96355 0 
vn -0.370138 -0.928977 0 
vn -0.161782 -0.986827 0 
vn -0.267528 -0.96355 0 
vn -0.0541389 -0.998533 0 
vn -0.161782 -0.986827 0 
vn 0.0541389 -0.998533 0 
vn -0.0541389 -0.998533 0 
vn 0.161782 -0.986827 0 
vn 0.0541389 -0.998533 0 
vn 0.267528 -0.96355 0 
vn 0.161782 -0.986827 0 
vn 0.370138 -0.928977 0 
vn 0.267528 -0.96355 0 
vn 0.468408 -0.883512 0 
vn 0.370138 -0.928977 0 
vn 0.561187 -0.827689 0 
vn 0.468408 -0.883512 0 
vn 0.647386 -0.762162 0 
vn 0.561187 -0.827689 0 
vn 0.725995 -0.687699 0 
vn 0.647386 -0.762162 0 
vn 0.796093 -0.605174 0 
vn 0.725995 -0.687699 0 
vn 0.856857 -0.515554 0 
vn 0.796093 -0.605174 0 
vn 0.907575 -0.419889 0 
vn 0.856857 -0.515554 0 
vn 0.947653 -0.319302 0 
vn 0.907575 -0.419889 0 
vn 0.976621 -0.21497 0 
vn 0.947653 -0.319302 0 
vn 0.994138 -0.108119 0 
vn 0.976621 -0.21497 0 
vn 1 1.22465e-16 0 
vn 0.994138 -0.108119 0 
vn 0.994138 0.108119 0 
vn 1 1.22465e-16 0 
vn 0.976621 0.21497 0 
vn 0.994138 0.108119 0 
vn 0.947653 0.319302 0 
vn 0.976621 0.21497 0 
vn 0.907575 0.419889 0 
vn 0.947653 0.319302 0 
vn 0.856857 0.515554 0 
vn 0.907575 0.419889 0 
vn 0.796093 0.605174 0 
vn 0.856857 0.515554 0 
vn 0.725995 0.687699 0 
vn 0.796093 0.605174 0 
vn 0.647386 0.762162 0 
vn 0.725995 0.687699 0 
vn 0.561187 0.827689 0 
vn 0.647386 0.762162 0 
vn 0.468408 0.883512 0 
vn 0.561187 0.827689 0 
vn 0.370138 0.928977 0 
vn 0.468408 0.883512 0 
vn 0.267528 0.96355 0 
vn 0.370138 0.928977 0 
vn 0.161782 0.986827 0 
vn 0.267528 0.96355 0 
vn 0.0541389 0.998533 0 
vn 0.161782 0.986827 0 
vn -0.0541389 0.998533 0 
vn 0.0541389 0.998533 0 
vn -0.161782 0.986827 0 
vn -0.0541389 0.998533 0 
vn -0.267528 0.96355 0 
vn -0.161782 0.986827 0 
vn -0.370138 0.928977 0 
vn -0.267528 0.96355 0 
vn -0.468408 0.883512 0 
vn -0.370138 0.928977 0 
vn -0.561187 0.827689 0 
vn -0.468408 0.883512 0 
vn -0.647386 0.762162 0 
vn -0.561187 0.827689 0 
vn -0.725995 0.687699 0 
vn -0.647386 0.762162 0 
vn -0.796093 0.605174 0 
vn -0.725995 0.687699 0 
vn -0.856857 0.515554 0 
vn -0.796093 0.605174 0 
vn -0.907575 0.419889 0 
vn -0.856857 0.515554 0 
vn -0.947653 0.319302 0 
vn -0.907575 0.419889 0 
vn -0.976621 0.21497 0 
vn -0.947653 0.319302 0 
vn -0.994138 0.108119 0 
vn -0.976621 0.21497 0 
vn 0 0 1 
vn 0 1 0 
vn 1 0 0 
vn 0.514496 0 0.857493 
vn 0 0.514496 0.857493 
vn 0 -1 0 
vn 0.514496 7.14006e-16 0.857493 
vn -1 -6.93889e-16 0 
vn 0 -0.514496 0.857493 
vn 0 1 0 
vn -0.514496 -3.57003e-16 0.857493 
vn -1 0 0 
vn 0 0.514496 0.857493 
vn -0.514496 0 0.857493 
vn -0.994138 -0.108119 0 
vn -1 -2.44929e-16 0 
vn -0.976621 -0.21497 0 
vn -0.994138 -0.108119 0 
vn -0.947653 -0.319302 0 
vn -0.976621 -0.21497 0 
vn -0.907575 -0.419889 0 
vn -0.947653 -0.319302 0 
vn -0.856857 -0.515554 0 
vn -0.907575 -0.419889 0 
vn -0.796093 -0.605174 0 
vn -0.856857 -0.515554 0 
vn -0.725995 -0.687699 0 
vn -0.796093 -0.605174 0 
vn -0.647386 -0.762162 0 
vn -0.725995 -0.687699 0 
vn -0.561187 -0.827689 0 
vn -0.647386 -0.762162 0 
vn -0.468408 -0.883512 0 
vn -0.561187 -0.827689 0 
vn -0.370138 -0.928977 0 
vn -0.468408 -0.883512 0 
vn -0.267528 -0.96355 0 
vn -0.370138 -0.928977 0 
vn -0.161782 -0.986827 0 
vn -0.267528 -0.96355 0 
vn -0.0541389 -0.998533 0 
vn -0.161782 -0.986827 0 
vn 0.0541389 -0.998533 0 
vn -0.0541389 -0.998533 0 
vn 0.161782 -0.986827 0 
vn 0.0541389 -0.998533 0 
vn 0.267528 -0.96355 0 
vn 0.161782 -0.986827 0 
vn 0.370138 -0.928977 0 
vn 0.267528 -0.96355 0 
vn 0.468408 -0.883512 0 
vn 0.370138 -0.928977 0 
vn 0.561187 -0.827689 0 
vn 0.468408 -0.883512 0 
vn 0.647386 -0.762162 0 
vn 0.561187 -0.827689 0 
vn 0.725995 -0.687699 0 
vn 0.647386 -0.762162 0 
vn 0.796093 -0.605174 0 
vn 0.725995 -0.687699 0 
vn 0.856857 -0.515554 0 
vn 0.796093 -0.605174 0 
vn 0.907575 -0.419889 0 
vn 0.856857 -0.515554 0 
vn 0.947653 -0.319302 0 
vn 0.907575 -0.419889 0 
vn 0.976621 -0.21497 0 
vn 0.947653 -0.319302 0 
vn 0.994138 -0.108119 0 
vn 0.976621 -0.21497 0 
vn 1 1.22465e-16 0 
vn 0.994138 -0.108119 0 
vn 0.994138 0.108119 0 
vn 1 1.22465e-16 0 
vn 0.976621 0.21497 0 
vn 0.994138 0.108119 0 
vn 0.947653 0.319302 0 
vn 0.976621 0.21497 0 
vn 0.907575 0.419889 0 
vn 0.947653 0.319302 0 
vn 0.856857 0.515554 0 
vn 0.907575 0.419889 0 
vn 0.796093 0.605174 0 
vn 0.856857 0.515554 0 
vn 0.725995 0.687699 0 
vn 0.796093 0.605174 0 
vn 0.647386 0.762162 0 
vn 0.725995 0.687699 0 
vn 0.561187 0.827689 0 
vn 0.647386 0.762162 0 
vn 0.468408 0.883512 0 
vn 0.561187 0.827689 0 
vn 0.370138 0.928977 0 
vn 0.468408 0.883512 0 
vn 0.267528 0.96355 0 
vn 0.370138 0.928977 0 
vn 0.161782 0.986827 0 
vn 0.267528 0.96355 0 
vn 0.0541389 0.998533 0 
vn 0.161782 0.986827 0 
vn -0.0541389 0.998533 0 
vn 0.0541389 0.998533 0 
vn -0.161782 0.986827 0 
vn -0.0541389 0.998533 0 
vn -0.267528 0.96355 0 
vn -0.161782 0.986827 0 
vn -0.370138 0.928977 0 
vn -0.267528 0.96355 0 
vn -0.468408 0.883512 0 
vn -0.370138 0.928977 0 
vn -0.561187 0.827689 0 
vn -0.468408 0.883512 0 
vn -0.647386 0.762162 0 
vn -0.561187 0.827689 0 
vn -0.725995 0.687699 0 
vn -0.647386 0.762162 0 
vn -0.796093 0.605174 0 
vn -0.725995 0.687699 0 
vn -0.856857 0.515554 0 
vn -0.796093 0.605174 0 
vn -0.907575 0.419889 0 
vn -0.856857 0.515554 0 
vn -0.947653 0.319302 0 
vn -0.907575 0.419889 0 
vn -0.976621 0.21497 0 
vn -0.947653 0.319302 0 
vn -0.994138 0.108119 0 
vn -0.976621 0.21497 0 
vn 0 0 1 
vn -0.994138 -0.108119 0 
vn -1 -2.44929e-16 0 
vn -0.976621 -0.21497 0 
vn -0.994138 -0.108119 0 
vn -0.947653 -0.319302 0 
vn -0.976621 -0.21497 0 
vn -0.907575 -0.419889 0 
vn -0.947653 -0.319302 0 
vn -0.856857 -0.515554 0 
vn -0.907575 -0.419889 0 
vn -0.796093 -0.605174 0 
vn -0.856857 -0.515554 0 
vn -0.725995 -0.687699 0 
vn -0.796093 -0.605174 0 
vn -0.647386 -0.762162 0 
vn -0.725995 -0.687699 0 
vn -0.561187 -0.827689 0 
vn -0.647386 -0.762162 0 
vn -0.468408 -0.883512 0 
vn -0.561187 -0.827689 0 
vn -0.370138 -0.928977 0 
vn -0.468408 -0.883512 0 
vn -0.267528 -0.96355 0 
vn -0.370138 -0.928977 0 
vn -0.161782 -0.986827 0 
vn -0.267528 -0.96355 0 
vn -0.0541389 -0.998533 0 
vn -0.161782 -0.986827 0 
vn 0.0541389 -0.998533 0 
vn -0.0541389 -0.998533 0 
vn 0.161782 -0.986827 0 
vn 0.0541389 -0.998533 0 
vn 0.267528 -0.96355 0 
vn 0.161782 -0.986827 0 
vn 0.370138 -0.928977 0 
vn 0.267528 -0.96355 0 
vn 0.468408 -0.883512 0 
vn 0.370138 -0.928977 0 
vn 0.561187 -0.827689 0 
vn 0.468408 -0.883512 0 
vn 0.647386 -0.762162 0 
vn 0.561187 -0.827689 0 
vn 0.725995 -0.687699 0 
vn 0.647386 -0.762162 0 
vn 0.796093 -0.605174 0 
vn 0.725995 -0.687699 0 
vn 0.856857 -0.515554 0 
vn 0.796093 -0.605174 0 
vn 0.907575 -0.419889 0 
vn 0.856857 -0.515554 0 
vn 0.947653 -0.319302 0 
vn 0.907575 -0.419889 0 
vn 0.976621 -0.21497 0 
vn 0.947653 -0.319302 0 
vn 0.994138 -0.108119 0 
vn 0.976621 -0.21497 0 
vn 1 1.22465e-16 0 
vn 0.994138 -0.108119 0 
vn 0.994138 0.108119 0 
vn 1 1.22465e-16 0 
vn 0.976621 0.21497 0 
vn 0.994138 0.108119 0 
vn 0.947653 0.319302 0 
vn 0.976621 0.21497 0 
vn 0.907575 0.419889 0 
vn 0.947653 0.319302 0 
vn 0.856857 0.515554 0 
vn 0.907575 0.419889 0 
vn 0.796093 0.605174 0 
vn 0.856857 0.515554 0 
vn 0.725995 0.687699 0 
vn 0.796093 0.605174 0 
vn 0.647386 0.762162 0 
vn 0.725995 0.687699 0 
vn 0.561187 0.827689 0 
vn 0.647386 0.762162 0 
vn 0.468408 0.883512 0 
vn 0.561187 0.827689 0 
vn 0.370138 0.928977 0 
vn 0.468408 0.883512 0 
vn 0.267528 0.96355 0 
vn 0.370138 0.928977 0 
vn 0.161782 0.986827 0 
vn 0.267528 0.96355 0 
vn 0.0541389 0.998533 0 
vn 0.161782 0.986827 0 
vn -0.0541389 0.998533 0 
vn 0.0541389 0.998533 0 
vn -0.161782 0.986827 0 
vn -0.0541389 0.998533 0 
vn -0.267528 0.96355 0 
vn -0.161782 0.986827 0 
vn -0.370138 0.928977 0 
vn -0.267528 0.96355 0 
vn -0.468408 0.883512 0 
vn -0.370138 0.928977 0 
vn -0.561187 0.827689 0 
vn -0.468408 0.883512 0 
vn -0.647386 0.762162 0 
vn -0.561187 0.827689 0 
vn -0.725995 0.687699 0 
vn -0.647386 0.762162 0 
vn -0.796093 0.605174 0 
vn -0.725995 0.687699 0 
vn -0.856857 0.515554 0 
vn -0.796093 0.605174 0 
vn -0.907575 0.419889 0 
vn -0.856857 0.515554 0 
vn -0.947653 0.319302 0 
vn -0.907575 0.419889 0 
vn -0.976621 0.21497 0 
vn -0.947653 0.319302 0 
vn -0.994138 0.108119 0 
vn -0.976621 0.21497 0 
vn 0 0 1 
vn -0.514496 7.14006e-16 0.857493 
vn 2.38002e-16 0.514496 0.857493 
vn -1 1.38778e-15 0 
vn 0 -0.514496 0.857493 
vn 0 -1 0 
vn -0.514496 0 0.857493 
vn -1 0 0 
vn 0 -0.514496 0.857493 
vn 0 -1 0 
vn 0.514496 0 0.857493 
vn 4.62593e-16 1 0 
vn 1 0 0 
vn 0 -1 0 
vn 0 -0.514496 0.857493 
vn 0 0 1 
vn -0.994138 -0.108119 0 
vn -1 -2.44929e-16 0 
vn -0.976621 -0.21497 0 
vn -0.994138 -0.108119 0 
vn -0.947653 -0.319302 0 
vn -0.976621 -0.21497 0 
vn -0.907575 -0.419889 0 
vn -0.947653 -0.319302 0 
vn -0.856857 -0.515554 0 
vn -0.907575 -0.419889 0 
vn -0.796093 -0.605174 0 
vn -0.856857 -0.515554 0 
vn -0.725995 -0.687699 0 
vn -0.796093 -0.605174 0 
vn -0.647386 -0.762162 0 
vn -0.725995 -0.687699 0 
vn -0.561187 -0.827689 0 
vn -0.647386 -0.762162 0 
vn -0.468408 -0.883512 0 
vn -0.561187 -0.827689 0 
vn -0.370138 -0.928977 0 
vn -0.468408 -0.883512 0 
vn -0.267528 -0.96355 0 
vn -0.370138 -0.928977 0 
vn -0.161782 -0.986827 0 
vn -0.267528 -0.96355 0 
vn -0.0541389 -0.998533 0 
vn -0.161782 -0.986827 0 
vn 0.0541389 -0.998533 0 
vn -0.0541389 -0.998533 0 
vn 0.161782 -0.986827 0 
vn 0.0541389 -0.998533 0 
vn 0.267528 -0.96355 0 
vn 0.161782 -0.986827 0 
vn 0.370138 -0.928977 0 
vn 0.267528 -0.96355 0 
vn 0.468408 -0.883512 0 
vn 0.370138 -0.928977 0 
vn 0.561187 -0.827689 0 
vn 0.468408 -0.883512 0 
vn 0.647386 -0.762162 0 
vn 0.561187 -0.827689 0 
vn 0.725995 -0.687699 0 
vn 0.647386 -0.762162 0 
vn 0.796093 -0.605174 0 
vn 0.725995 -0.687699 0 
vn 0.856857 -0.515554 0 
vn 0.796093 -0.605174 0 
vn 0.907575 -0.419889 0 
vn 0.856857 -0.515554 0 
vn 0.947653 -0.319302 0 
vn 0.907575 -0.419889 0 
vn 0.976621 -0.21497 0 
vn 0.947653 -0.319302 0 
vn 0.994138 -0.108119 0 
vn 0.976621 -0.21497 0 
vn 1 1.22465e-16 0 
vn 0.994138 -0.108119 0 
vn 0.994138 0.108119 0 
vn 1 1.22465e-16 0 
vn 0.976621 0.21497 0 
vn 0.994138 0.108119 0 
vn 0.947653 0.319302 0 
vn 0.976621 0.21497 0 
vn 0.907575 0.419889 0 
vn 0.947653 0.319302 0 
vn 0.856857 0.515554 0 
vn 0.907575 0.419889 0 
vn 0.796093 0.605174 0 
vn 0.856857 0.515554 0 
vn 0.725995 0.687699 0 
vn 0.796093 0.605174 0 
vn 0.647386 0.762162 0 
vn 0.725995 0.687699 0 
vn 0.561187 0.827689 0 
vn 0.647386 0.762162 0 
vn 0.468408 0.883512 0 
vn 0.561187 0.827689 0 
vn 0.370138 0.928977 0 
vn 0.468408 0.883512 0 
vn 0.267528 0.96355 0 
vn 0.370138 0.928977 0 
vn 0.161782 0.986827 0 
vn 0.267528 0.96355 0 
vn 0.0541389 0.998533 0 
vn 0.161782 0.986827 0 
vn -0.0541389 0.998533 0 
vn 0.0541389 0.998533 0 
vn -0.161782 0.986827 0 
vn -0.0541389 0.998533 0 
vn -0.267528 0.96355 0 
vn -0.161782 0.986827 0 
vn -0.370138 0.928977 0 
vn -0.267528 0.96355 0 
vn -0.468408 0.883512 0 
vn -0.370138 0.928977 0 
vn -0.561187 0.827689 0 
vn -0.468408 0.883512 0 
vn -0.647386 0.762162 0 
vn -0.561187 0.827689 0 
vn -0.725995 0.687699 0 
vn -0.647386 0.762162 0 
vn -0.796093 0.605174 0 
vn -0.725995 0.687699 0 
vn -0.856857 0.515554 0 
vn -0.796093 0.605174 0 
vn -0.907575 0.419889 0 
vn -0.856857 0.515554 0 
vn -0.947653 0.319302 0 
vn -0.907575 0.419889 0 
vn -0.976621 0.21497 0 
vn -0.947653 0.319302 0 
vn -0.994138 0.108119 0 
vn -0.976621 0.21497 0 
vn 0 0 1 
vn -0.994138 -0.108119 0 
vn -1 -2.44929e-16 0 
vn -0.976621 -0.21497 0 
vn -0.994138 -0.108119 0 
vn -0.947653 -0.319302 0 
vn -0.976621 -0.21497 0 
vn -0.907575 -0.419889 0 
vn -0.947653 -0.319302 0 
vn -0.856857 -0.515554 0 
vn -0.907575 -0.419889 0 
vn -0.796093 -0.605174 0 
vn -0.856857 -0.515554 0 
vn -0.725995 -0.687699 0 
vn -0.796093 -0.605174 0 
vn -0.647386 -0.762162 0 
vn -0.725995 -0.687699 0 
vn -0.561187 -0.827689 0 
vn -0.647386 -0.762162 0 
vn -0.468408 -0.883512 0 
vn -0.561187 -0.827689 0 
vn -0.370138 -0.928977 0 
vn -0.468408 -0.883512 0 
vn -0.267528 -0.96355 0 
vn -0.370138 -0.928977 0 
vn -0.161782 -0.986827 0 
vn -0.267528 -0.96355 0 
vn -0.0541389 -0.998533 0 
vn -0.161782 -0.986827 0 
vn 0.0541389 -0.998533 0 
vn -0.0541389 -0.998533 0 
vn 0.161782 -0.986827 0 
vn 0.0541389 -0.998533 0 
vn 0.267528 -0.96355 0 
vn 0.161782 -0.986827 0 
vn 0.370138 -0.928977 0 
vn 0.267528 -0.96355 0 
vn 0.468408 -0.883512 0 
vn 0.370138 -0.928977 0 
vn 0.561187 -0.827689 0 
vn 0.468408 -0.883512 0 
vn 0.647386 -0.762162 0 
vn 0.561187 -0.827689 0 
vn 0.725995 -0.687699 0 
vn 0.647386 -0.762162 0 
vn 0.796093 -0.605174 0 
vn 0.725995 -0.687699 0 
vn 0.856857 -0.515554 0 
vn 0.796093 -0.605174 0 
vn 0.907575 -0.419889 0 
vn 0.856857 -0.515554 0 
vn 0.947653 -0.319302 0 
vn 0.907575 -0.419889 0 
vn 0.976621 -0.21497 0 
vn 0.947653 -0.319302 0 
vn 0.994138 -0.108119 0 
vn 0.976621 -0.21497 0 
vn 1 1.22465e-16 0 
vn 0.994138 -0.108119 0 
vn 0.994138 0.108119 0 
vn 1 1.22465e-16 0 
vn 0.976621 0.21497 0 
vn 0.994138 0.108119 0 
vn 0.947653 0.319302 0 
vn 0.976621 0.21497 0 
vn 0.907575 0.419889 0 
vn 0.947653 0.319302 0 
vn 0.856857 0.515554 0 
vn 0.907575 0.419889 0 
vn 0.796093 0.605174 0 
vn 0.856857 0.515554 0 
vn 0.725995 0.687699 0 
vn 0.796093 0.605174 0 
vn 0.647386 0.762162 0 
vn 0.725995 0.687699 0 
vn 0.561187 0.827689 0 
vn 0.647386 0.762162 0 
vn 0.468408 0.883512 0 
vn 0.561187 0.827689 0 
vn 0.370138 0.928977 0 
vn 0.468408 0.883512 0 
vn 0.267528 0.96355 0 
vn 0.370138 0.928977 0 
vn 0.161782 0.986827 0 
vn 0.267528 0.96355 0 
vn 0.0541389 0.998533 0 
vn 0.161782 0.986827 0 
vn -0.0541389 0.998533 0 
vn 0.0541389 0.998533 0 
vn -0.161782 0.986827 0 
vn -0.0541389 0.998533 0 
vn -0.267528 0.96355 0 
vn -0.161782 0.986827 0 
vn -0.370138 0.928977 0 
vn -0.267528 0.96355 0 
vn -0.468408 0.883512 0 
vn -0.370138 0.928977 0 
vn -0.561187 0.827689 0 
vn -0.468408 0.883512 0 
vn -0.647386 0.762162 0 
vn -0.561187 0.827689 0 
vn -0.725995 0.687699 0 
vn -0.647386 0.762162 0 
vn -0.796093 0.605174 0 
vn -0.725995 0.687699 0 
vn -0.856857 0.515554 0 
vn -0.796093 0.605174 0 
vn -0.907575 0.419889 0 
vn -0.856857 0.515554 0 
vn -0.947653 0.319302 0 
vn -0.907575 0.419889 0 
vn -0.976621 0.21497 0 
vn -0.947653 0.319302 0 
vn -0.994138 0.108119 0 
vn -0.976621 0.21497 0 
vn 0 0 1 
usemtl 0.615686_0.811765_0.929412_0.000000_0.000000
o mesh0
f 59//1 1//1 2//1 
f 2//1 3//1 59//1 
f 3//1 4//1 59//1 
f 4//1 5//1 59//1 
f 5//1 6//1 59//1 
f 6//1 7//1 59//1 
f 7//1 8//1 59//1 
f 8//1 9//1 59//1 
f 9//1 10//1 59//1 
f 10//1 11//1 59//1 
f 11//1 12//1 59//1 
f 12//1 13//1 59//1 
f 13//1 14//1 59//1 
f 14//1 15//1 59//1 
f 15//1 16//1 59//1 
f 16//1 17//1 59//1 
f 17//1 18//1 59//1 
f 18//1 19//1 59//1 
f 19//1 20//1 59//1 
f 20//1 21//1 59//1 
f 21//1 22//1 59//1 
f 22//1 23//1 59//1 
f 23//1 24//1 59//1 
f 24//1 25//1 59//1 
f 25//1 26//1 59//1 
f 26//1 27//1 59//1 
f 27//1 28//1 59//1 
f 28//1 29//1 59//1 
f 29//1 30//1 59//1 
f 30//1 31//1 59//1 
f 31//1 32//1 59//1 
f 32//1 33//1 59//1 
f 33//1 34//1 59//1 
f 34//1 35//1 59//1 
f 35//1 36//1 59//1 
f 36//1 37//1 59//1 
f 37//1 38//1 59//1 
f 38//1 39//1 59//1 
f 39//1 40//1 59//1 
f 40//1 41//1 59//1 
f 41//1 42//1 59//1 
f 42//1 43//1 59//1 
f 43//1 44//1 59//1 
f 44//1 45//1 59//1 
f 45//1 46//1 59//1 
f 46//1 47//1 59//1 
f 47//1 48//1 59//1 
f 48//1 49//1 59//1 
f 49//1 50//1 59//1 
f 50//1 51//1 59//1 
f 51//1 52//1 59//1 
f 52//1 53//1 59//1 
f 53//1 54//1 59//1 
f 54//1 55//1 59//1 
f 55//1 56//1 59//1 
f 56//1 57//1 59//1 
f 57//1 58//1 59//1 
f 58//1 1//1 59//1 
o mesh1
f 30//2 29//3 60//3 
f 31//4 30//2 61//5 
f 32//6 31//4 62//7 
f 33//8 32//6 63//9 
f 34//10 33//8 64//11 
f 35//12 34//10 65//13 
f 36//14 35//12 66//15 
f 37//16 36//14 67//17 
f 38//18 37//16 68//19 
f 39//20 38//18 69//21 
f 40//22 39//20 70//23 
f 41//24 40//22 71//25 
f 42//26 41//24 72//27 
f 43//28 42//26 73//29 
f 44//30 43//28 74//31 
f 45//32 44//30 75//33 
f 46//34 45//32 76//35 
f 47//36 46//34 77//37 
f 48//38 47//36 78//39 
f 49//40 48//38 79//41 
f 50//42 49//40 80//43 
f 51//44 50//42 81//45 
f 52//46 51//44 82//47 
f 53//48 52//46 83//49 
f 54//50 53//48 84//51 
f 55//52 54//50 85//53 
f 56//54 55//52 86//55 
f 57//56 56//54 87//57 
f 58//58 57//56 88//59 
f 1//60 58//58 89//61 
f 2//62 1//60 90//63 
f 3//64 2//62 91//65 
f 4//66 3//64 92//67 
f 5//68 4//66 93//69 
f 6//70 5//68 94//71 
f 7//72 6//70 95//73 
f 8//74 7//72 96//75 
f 9//76 8//74 97//77 
f 10//78 9//76 98//79 
f 11//80 10//78 99//81 
f 12//82 11//80 100//83 
f 13//84 12//82 101//85 
f 14//86 13//84 102//87 
f 15//88 14//86 103//89 
f 16//90 15//88 104//91 
f 17//92 16//90 105//93 
f 18//94 17//92 106//95 
f 19//96 18//94 107//97 
f 20//98 19//96 108//99 
f 21//100 20//98 109//101 
f 22//102 21//100 110//103 
f 23//104 22//102 111//105 
f 24//106 23//104 112//107 
f 25//108 24//106 113//109 
f 26//110 25//108 114//111 
f 27//112 26//110 115//113 
f 28//114 27//112 116//115 
f 29//3 28//114 117//114 
f 117//114 60//3 29//3 
f 116//115 117//114 28//114 
f 115//113 116//115 27//112 
f 114//111 115//113 26//110 
f 113//109 114//111 25//108 
f 112//107 113//109 24//106 
f 111//105 112//107 23//104 
f 110//103 111//105 22//102 
f 109//101 110//103 21//100 
f 108//99 109//101 20//98 
f 107//97 108//99 19//96 
f 106//95 107//97 18//94 
f 105//93 106//95 17//92 
f 104//91 105//93 16//90 
f 103//89 104//91 15//88 
f 102//87 103//89 14//86 
f 101//85 102//87 13//84 
f 100//83 101//85 12//82 
f 99//81 100//83 11//80 
f 98//79 99//81 10//78 
f 97//77 98//79 9//76 
f 96//75 97//77 8//74 
f 95//73 96//75 7//72 
f 94//71 95//73 6//70 
f 93//69 94//71 5//68 
f 92//67 93//69 4//66 
f 91//65 92//67 3//64 
f 90//63 91//65 2//62 
f 89//61 90//63 1//60 
f 88//59 89//61 58//58 
f 87//57 88//59 57//56 
f 86//55 87//57 56//54 
f 85//53 86//55 55//52 
f 84//51 85//53 54//50 
f 83//49 84//51 53//48 
f 82//47 83//49 52//46 
f 81//45 82//47 51//44 
f 80//43 81//45 50//42 
f 79//41 80//43 49//40 
f 78//39 79//41 48//38 
f 77//37 78//39 47//36 
f 76//35 77//37 46//34 
f 75//33 76//35 45//32 
f 74//31 75//33 44//30 
f 73//29 74//31 43//28 
f 72//27 73//29 42//26 
f 71//25 72//27 41//24 
f 70//23 71//25 40//22 
f 69//21 70//23 39//20 
f 68//19 69//21 38//18 
f 67//17 68//19 37//16 
f 66//15 67//17 36//14 
f 65//13 66//15 35//12 
f 64//11 65//13 34//10 
f 63//9 64//11 33//8 
f 62//7 63//9 32//6 
f 61//5 62//7 31//4 
f 60//3 61//5 30//2 
o mesh2
f 106//116 118//116 119//116 
f 120//116 118//116 106//116 
f 121//116 120//116 105//116 
f 106//116 105//116 120//116 
f 122//116 123//116 124//116 
f 125//116 82//116 81//116 
f 121//116 103//116 102//116 
f 119//116 126//116 106//116 
f 121//116 122//116 127//116 
f 122//116 128//116 123//116 
f 125//116 83//116 82//116 
f 121//116 95//116 94//116 
f 121//116 99//116 98//116 
f 121//116 104//116 103//116 
f 127//116 120//116 121//116 
f 122//116 129//116 128//116 
f 125//116 84//116 83//116 
f 121//116 96//116 95//116 
f 98//116 97//116 121//116 
f 105//116 104//116 121//116 
f 122//116 130//116 129//116 
f 122//116 131//116 132//116 
f 133//116 134//116 135//116 
f 125//116 85//116 84//116 
f 97//116 96//116 121//116 
f 121//116 101//116 100//116 
f 122//116 136//116 127//116 
f 122//116 137//116 138//116 
f 122//116 139//116 140//116 
f 132//116 130//116 122//116 
f 133//116 141//116 134//116 
f 142//116 143//116 141//116 
f 144//116 145//116 146//116 
f 126//116 110//116 109//116 
f 126//116 112//116 111//116 
f 115//116 126//116 147//116 
f 125//116 86//116 85//116 
f 100//116 99//116 121//116 
f 138//116 136//116 122//116 
f 122//116 148//116 149//116 
f 124//116 139//116 122//116 
f 62//116 61//116 150//116 
f 151//116 152//116 65//116 
f 153//116 154//116 155//116 
f 153//116 156//116 157//116 
f 133//116 158//116 156//116 
f 141//116 133//116 142//116 
f 146//116 159//116 144//116 
f 160//116 142//116 161//116 
f 111//116 110//116 126//116 
f 126//116 114//116 113//116 
f 147//116 117//116 116//116 
f 125//116 78//116 77//116 
f 81//116 80//116 125//116 
f 125//116 88//116 87//116 
f 121//116 92//116 91//116 
f 102//116 101//116 121//116 
f 140//116 148//116 122//116 
f 61//116 60//116 162//116 
f 60//116 163//116 164//116 
f 60//116 165//116 166//116 
f 151//116 63//116 62//116 
f 65//116 64//116 151//116 
f 152//116 67//116 66//116 
f 152//116 75//116 74//116 
f 153//116 167//116 168//116 
f 155//116 169//116 153//116 
f 156//116 153//116 133//116 
f 133//116 170//116 171//116 
f 142//116 160//116 143//116 
f 161//116 145//116 160//116 
f 113//116 112//116 126//116 
f 147//116 116//116 115//116 
f 125//116 79//116 78//116 
f 87//116 86//116 125//116 
f 125//116 121//116 89//116 
f 121//116 93//116 92//116 
f 149//116 137//116 122//116 
f 61//116 172//116 173//116 
f 162//116 174//116 61//116 
f 166//116 163//116 60//116 
f 60//116 175//116 176//116 
f 60//116 177//116 178//116 
f 152//116 151//116 179//116 
f 64//116 63//116 151//116 
f 152//116 68//116 67//116 
f 152//116 70//116 69//116 
f 74//116 73//116 152//116 
f 152//116 77//116 76//116 
f 153//116 180//116 181//116 
f 153//116 182//116 183//116 
f 169//116 167//116 153//116 
f 153//116 184//116 185//116 
f 171//116 158//116 133//116 
f 133//116 186//116 187//116 
f 133//116 188//116 189//116 
f 144//116 160//116 145//116 
f 159//116 190//116 191//116 
f 115//116 114//116 126//116 
f 117//116 147//116 192//116 
f 80//116 79//116 125//116 
f 121//116 90//116 89//116 
f 94//116 93//116 121//116 
f 193//116 118//116 194//116 
f 61//116 195//116 196//116 
f 174//116 172//116 61//116 
f 176//116 165//116 60//116 
f 178//116 197//116 60//116 
f 150//116 151//116 62//116 
f 69//116 68//116 152//116 
f 152//116 72//116 71//116 
f 76//116 75//116 152//116 
f 183//116 180//116 153//116 
f 185//116 154//116 153//116 
f 187//116 170//116 133//116 
f 135//116 188//116 133//116 
f 191//116 198//116 199//116 
f 159//116 200//116 201//116 
f 126//116 108//116 107//116 
f 192//116 60//116 117//116 
f 89//116 88//116 125//116 
f 122//116 202//116 131//116 
f 118//116 203//116 204//116 
f 118//116 205//116 206//116 
f 118//116 193//116 207//116 
f 194//116 208//116 209//116 
f 210//116 194//116 211//116 
f 173//116 195//116 61//116 
f 197//116 175//116 60//116 
f 66//116 65//116 152//116 
f 73//116 72//116 152//116 
f 168//116 182//116 153//116 
f 189//116 186//116 133//116 
f 159//116 212//116 190//116 
f 159//116 213//116 200//116 
f 191//116 211//116 214//116 
f 133//116 215//116 216//116 
f 109//116 108//116 126//116 
f 91//116 90//116 121//116 
f 206//116 203//116 118//116 
f 194//116 209//116 193//116 
f 211//116 217//116 218//116 
f 211//116 191//116 219//116 
f 164//116 162//116 60//116 
f 71//116 70//116 152//116 
f 60//116 192//116 220//116 
f 153//116 221//116 202//116 
f 157//116 184//116 153//116 
f 201//116 212//116 159//116 
f 191//116 222//116 223//116 
f 191//116 224//116 225//116 
f 191//116 226//116 227//116 
f 214//116 228//116 191//116 
f 133//116 229//116 230//116 
f 133//116 231//116 232//116 
f 133//116 233//116 215//116 
f 77//116 152//116 125//116 
f 207//116 205//116 118//116 
f 194//116 210//116 234//116 
f 219//116 217//116 211//116 
f 179//116 233//116 152//116 
f 220//116 235//116 60//116 
f 152//116 233//116 133//116 
f 181//116 221//116 153//116 
f 159//116 146//116 213//116 
f 225//116 222//116 191//116 
f 228//116 226//116 191//116 
f 230//116 236//116 133//116 
f 133//116 237//116 238//116 
f 216//116 231//116 133//116 
f 204//116 119//116 118//116 
f 211//116 218//116 210//116 
f 235//116 177//116 60//116 
f 239//116 240//116 152//116 
f 191//116 199//116 159//116 
f 227//116 224//116 191//116 
f 238//116 229//116 133//116 
f 232//116 241//116 133//116 
f 234//116 208//116 194//116 
f 133//116 239//116 152//116 
f 223//116 198//116 191//116 
f 241//116 237//116 133//116 
f 196//116 150//116 61//116 
f 236//116 142//116 133//116 
f 202//116 122//116 153//116 
f 107//116 106//116 126//116 
o mesh3
f 152//117 240//117 242//117 
f 242//117 243//117 152//117 
o mesh4
f 240//118 239//118 244//118 
f 244//118 242//118 240//118 
o mesh5
f 239//119 133//119 245//119 
f 245//119 244//119 239//119 
o mesh6
f 133//118 153//118 246//118 
f 246//118 245//118 133//118 
o mesh7
f 153//119 122//119 247//119 
f 247//119 246//119 153//119 
o mesh8
f 122//120 121//120 248//120 
f 248//120 247//120 122//120 
o mesh9
f 121//121 125//121 249//121 
f 249//121 248//121 121//121 
o mesh10
f 125//122 152//122 243//122 
f 243//122 249//122 125//122 
o mesh11
f 250//123 246//123 247//123 
f 247//123 251//123 250//123 
o mesh12
f 252//124 251//124 247//124 
f 247//124 248//124 252//124 
o mesh13
f 246//125 250//125 253//125 
f 253//125 245//125 246//125 
o mesh14
f 254//126 252//126 248//126 
f 248//126 249//126 254//126 
o mesh15
f 253//127 255//127 244//127 
f 244//127 245//127 253//127 
o mesh16
f 256//128 254//128 249//128 
f 249//128 243//128 256//128 
o mesh17
f 257//128 242//128 244//128 
f 244//128 255//128 257//128 
o mesh18
f 256//129 243//129 242//129 
f 242//129 257//129 256//129 
o mesh19
f 258//130 259//131 202//131 
f 260//132 258//130 221//133 
f 261//134 260//132 181//135 
f 262//136 261//134 180//137 
f 263//138 262//136 183//139 
f 264//140 263//138 182//141 
f 265//142 264//140 168//143 
f 266//144 265//142 167//145 
f 267//146 266//144 169//147 
f 268//148 267//146 155//149 
f 269//150 268//148 154//151 
f 270//152 269//150 185//153 
f 271//154 270//152 184//155 
f 272//156 271//154 157//157 
f 273//158 272//156 156//159 
f 274//160 273//158 158//161 
f 275//162 274//160 171//163 
f 276//164 275//162 170//165 
f 277//166 276//164 187//167 
f 278//168 277//166 186//169 
f 279//170 278//168 189//171 
f 280//172 279//170 188//173 
f 281//174 280//172 135//175 
f 282//176 281//174 134//177 
f 283//178 282//176 141//179 
f 284//180 283//178 143//181 
f 285//182 284//180 160//183 
f 286//184 285//182 144//185 
f 287//186 286//184 159//187 
f 288//188 287//186 199//189 
f 289//190 288//188 198//191 
f 290//192 289//190 223//193 
f 291//194 290//192 222//195 
f 292//196 291//194 225//197 
f 293//198 292//196 224//199 
f 294//200 293//198 227//201 
f 295//202 294//200 226//203 
f 296//204 295//202 228//205 
f 297//206 296//204 214//207 
f 298//208 297//206 211//209 
f 299//210 298//208 194//211 
f 300//212 299//210 118//213 
f 301//214 300//212 120//215 
f 302//216 301//214 127//217 
f 303//218 302//216 136//219 
f 304//220 303//218 138//221 
f 305//222 304//220 137//223 
f 306//224 305//222 149//225 
f 307//226 306//224 148//227 
f 308//228 307//226 140//229 
f 309//230 308//228 139//231 
f 310//232 309//230 124//233 
f 311//234 310//232 123//235 
f 312//236 311//234 128//237 
f 313//238 312//236 129//239 
f 314//240 313//238 130//241 
f 315//242 314//240 132//243 
f 259//131 315//242 131//242 
f 131//242 202//131 259//131 
f 132//243 131//242 315//242 
f 130//241 132//243 314//240 
f 129//239 130//241 313//238 
f 128//237 129//239 312//236 
f 123//235 128//237 311//234 
f 124//233 123//235 310//232 
f 139//231 124//233 309//230 
f 140//229 139//231 308//228 
f 148//227 140//229 307//226 
f 149//225 148//227 306//224 
f 137//223 149//225 305//222 
f 138//221 137//223 304//220 
f 136//219 138//221 303//218 
f 127//217 136//219 302//216 
f 120//215 127//217 301//214 
f 118//213 120//215 300//212 
f 194//211 118//213 299//210 
f 211//209 194//211 298//208 
f 214//207 211//209 297//206 
f 228//205 214//207 296//204 
f 226//203 228//205 295//202 
f 227//201 226//203 294//200 
f 224//199 227//201 293//198 
f 225//197 224//199 292//196 
f 222//195 225//197 291//194 
f 223//193 222//195 290//192 
f 198//191 223//193 289//190 
f 199//189 198//191 288//188 
f 159//187 199//189 287//186 
f 144//185 159//187 286//184 
f 160//183 144//185 285//182 
f 143//181 160//183 284//180 
f 141//179 143//181 283//178 
f 134//177 141//179 282//176 
f 135//175 134//177 281//174 
f 188//173 135//175 280//172 
f 189//171 188//173 279//170 
f 186//169 189//171 278//168 
f 187//167 186//169 277//166 
f 170//165 187//167 276//164 
f 171//163 170//165 275//162 
f 158//161 171//163 274//160 
f 156//159 158//161 273//158 
f 157//157 156//159 272//156 
f 184//155 157//157 271//154 
f 185//153 184//155 270//152 
f 154//151 185//153 269//150 
f 155//149 154//151 268//148 
f 169//147 155//149 267//146 
f 167//145 169//147 266//144 
f 168//143 167//145 265//142 
f 182//141 168//143 264//140 
f 183//139 182//141 263//138 
f 180//137 183//139 262//136 
f 181//135 180//137 261//134 
f 221//133 181//135 260//132 
f 202//131 221//133 258//130 
o mesh20
f 316//244 288//244 289//244 
f 289//244 290//244 316//244 
f 290//244 291//244 316//244 
f 291//244 292//244 316//244 
f 292//244 293//244 316//244 
f 293//244 294//244 316//244 
f 294//244 295//244 316//244 
f 295//244 296//244 316//244 
f 296//244 297//244 316//244 
f 297//244 298//244 316//244 
f 298//244 299//244 316//244 
f 299//244 300//244 316//244 
f 300//244 301//244 316//244 
f 301//244 302//244 316//244 
f 302//244 303//244 316//244 
f 303//244 304//244 316//244 
f 304//244 305//244 316//244 
f 305//244 306//244 316//244 
f 306//244 307//244 316//244 
f 307//244 308//244 316//244 
f 308//244 309//244 316//244 
f 309//244 310//244 316//244 
f 310//244 311//244 316//244 
f 311//244 312//244 316//244 
f 312//244 313//244 316//244 
f 313//244 314//244 316//244 
f 314//244 315//244 316//244 
f 315//244 259//244 316//244 
f 259//244 258//244 316//244 
f 258//244 260//244 316//244 
f 260//244 261//244 316//244 
f 261//244 262//244 316//244 
f 262//244 263//244 316//244 
f 263//244 264//244 316//244 
f 264//244 265//244 316//244 
f 265//244 266//244 316//244 
f 266//244 267//244 316//244 
f 267//244 268//244 316//244 
f 268//244 269//244 316//244 
f 269//244 270//244 316//244 
f 270//244 271//244 316//244 
f 271//244 272//244 316//244 
f 272//244 273//244 316//244 
f 273//244 274//244 316//244 
f 274//244 275//244 316//244 
f 275//244 276//244 316//244 
f 276//244 277//244 316//244 
f 277//244 278//244 316//244 
f 278//244 279//244 316//244 
f 279//244 280//244 316//244 
f 280//244 281//244 316//244 
f 281//244 282//244 316//244 
f 282//244 283//244 316//244 
f 283//244 284//244 316//244 
f 284//244 285//244 316//244 
f 285//244 286//244 316//244 
f 286//244 287//244 316//244 
f 287//244 288//244 316//244 
o mesh21
f 174//245 162//246 317//246 
f 172//247 174//245 318//248 
f 173//249 172//247 319//250 
f 195//251 173//249 320//252 
f 196//253 195//251 321//254 
f 150//255 196//253 322//256 
f 151//257 150//255 323//258 
f 179//259 151//257 324//260 
f 233//261 179//259 325//262 
f 215//263 233//261 326//264 
f 216//265 215//263 327//266 
f 231//267 216//265 328//268 
f 232//269 231//267 329//270 
f 241//271 232//269 330//272 
f 237//273 241//271 331//274 
f 238//275 237//273 332//276 
f 229//277 238//275 333//278 
f 230//279 229//277 334//280 
f 236//281 230//279 335//282 
f 142//283 236//281 336//284 
f 161//285 142//283 337//286 
f 145//287 161//285 338//288 
f 146//289 145//287 339//290 
f 213//291 146//289 340//292 
f 200//293 213//291 341//294 
f 201//295 200//293 342//296 
f 212//297 201//295 343//298 
f 190//299 212//297 344//300 
f 191//301 190//299 345//302 
f 219//303 191//301 346//304 
f 217//305 219//303 347//306 
f 218//307 217//305 348//308 
f 210//309 218//307 349//310 
f 234//311 210//309 350//312 
f 208//313 234//311 351//314 
f 209//315 208//313 352//316 
f 193//317 209//315 353//318 
f 207//319 193//317 354//320 
f 205//321 207//319 355//322 
f 206//323 205//321 356//324 
f 203//325 206//323 357//326 
f 204//327 203//325 358//328 
f 119//329 204//327 359//330 
f 126//331 119//329 360//332 
f 147//333 126//331 361//334 
f 192//335 147//333 362//336 
f 220//337 192//335 363//338 
f 235//339 220//337 364//340 
f 177//341 235//339 365//342 
f 178//343 177//341 366//344 
f 197//345 178//343 367//346 
f 175//347 197//345 368//348 
f 176//349 175//347 369//350 
f 165//351 176//349 370//352 
f 166//353 165//351 371//354 
f 163//355 166//353 372//356 
f 164//357 163//355 373//358 
f 162//246 164//357 374//357 
f 374//357 317//246 162//246 
f 373//358 374//357 164//357 
f 372//356 373//358 163//355 
f 371//354 372//356 166//353 
f 370//352 371//354 165//351 
f 369//350 370//352 176//349 
f 368//348 369//350 175//347 
f 367//346 368//348 197//345 
f 366//344 367//346 178//343 
f 365//342 366//344 177//341 
f 364//340 365//342 235//339 
f 363//338 364//340 220//337 
f 362//336 363//338 192//335 
f 361//334 362//336 147//333 
f 360//332 361//334 126//331 
f 359//330 360//332 119//329 
f 358//328 359//330 204//327 
f 357//326 358//328 203//325 
f 356//324 357//326 206//323 
f 355//322 356//324 205//321 
f 354//320 355//322 207//319 
f 353//318 354//320 193//317 
f 352//316 353//318 209//315 
f 351//314 352//316 208//313 
f 350//312 351//314 234//311 
f 349//310 350//312 210//309 
f 348//308 349//310 218//307 
f 347//306 348//308 217//305 
f 346//304 347//306 219//303 
f 345//302 346//304 191//301 
f 344//300 345//302 190//299 
f 343//298 344//300 212//297 
f 342//296 343//298 201//295 
f 341//294 342//296 200//293 
f 340//292 341//294 213//291 
f 339//290 340//292 146//289 
f 338//288 339//290 145//287 
f 337//286 338//288 161//285 
f 336//284 337//286 142//283 
f 335//282 336//284 236//281 
f 334//280 335//282 230//279 
f 333//278 334//280 229//277 
f 332//276 333//278 238//275 
f 331//274 332//276 237//273 
f 330//272 331//274 241//271 
f 329//270 330//272 232//269 
f 328//268 329//270 231//267 
f 327//266 328//268 216//265 
f 326//264 327//266 215//263 
f 325//262 326//264 233//261 
f 324//260 325//262 179//259 
f 323//258 324//260 151//257 
f 322//256 323//258 150//255 
f 321//254 322//256 196//253 
f 320//252 321//254 195//251 
f 319//250 320//252 173//249 
f 318//248 319//250 172//247 
f 317//246 318//248 174//245 
o mesh22
f 375//359 376//359 377//359 
f 377//359 378//359 375//359 
f 378//359 379//359 375//359 
f 380//359 381//359 376//359 
f 382//359 383//359 384//359 
f 382//359 385//359 386//359 
f 375//359 387//359 388//359 
f 376//359 375//359 380//359 
f 389//359 390//359 391//359 
f 382//359 392//359 390//359 
f 386//359 383//359 382//359 
f 382//359 393//359 394//359 
f 375//359 395//359 396//359 
f 379//359 387//359 375//359 
f 380//359 397//359 398//359 
f 389//359 399//359 400//359 
f 389//359 401//359 402//359 
f 390//359 389//359 382//359 
f 394//359 385//359 382//359 
f 382//359 403//359 404//359 
f 396//359 405//359 375//359 
f 398//359 381//359 380//359 
f 380//359 406//359 407//359 
f 389//359 408//359 399//359 
f 389//359 409//359 410//359 
f 389//359 411//359 412//359 
f 402//359 413//359 389//359 
f 384//359 392//359 382//359 
f 382//359 414//359 403//359 
f 375//359 415//359 416//359 
f 388//359 395//359 375//359 
f 407//359 417//359 380//359 
f 380//359 418//359 419//359 
f 380//359 420//359 421//359 
f 389//359 422//359 408//359 
f 389//359 423//359 409//359 
f 413//359 411//359 389//359 
f 404//359 393//359 382//359 
f 375//359 424//359 425//359 
f 375//359 426//359 415//359 
f 417//359 397//359 380//359 
f 380//359 427//359 428//359 
f 421//359 418//359 380//359 
f 380//359 389//359 429//359 
f 389//359 430//359 431//359 
f 410//359 422//359 389//359 
f 391//359 401//359 389//359 
f 382//359 432//359 433//359 
f 425//359 382//359 375//359 
f 405//359 426//359 375//359 
f 419//359 427//359 380//359 
f 431//359 429//359 389//359 
f 412//359 423//359 389//359 
f 433//359 434//359 382//359 
f 416//359 424//359 375//359 
f 429//359 420//359 380//359 
f 434//359 414//359 382//359 
f 382//359 435//359 436//359 
f 428//359 406//359 380//359 
f 436//359 432//359 382//359 
f 577//359 382//359 389//359 
f 400//359 430//359 389//359 
f 425//359 435//359 382//359 
f 437//359 320//359 319//359 
f 437//359 326//359 325//359 
f 437//359 329//359 328//359 
f 438//359 319//359 318//359 
f 437//359 321//359 320//359 
f 325//359 324//359 437//359 
f 328//359 327//359 437//359 
f 439//359 339//359 338//359 
f 439//359 344//359 343//359 
f 440//359 346//359 345//359 
f 440//359 354//359 353//359 
f 440//359 356//359 355//359 
f 440//359 358//359 357//359 
f 440//359 360//359 359//359 
f 319//359 438//359 437//359 
f 437//359 323//359 322//359 
f 327//359 326//359 437//359 
f 439//359 340//359 339//359 
f 343//359 342//359 439//359 
f 345//359 439//359 440//359 
f 440//359 348//359 347//359 
f 440//359 350//359 349//359 
f 355//359 354//359 440//359 
f 359//359 358//359 440//359 
f 577//359 366//359 365//359 
f 322//359 321//359 437//359 
f 437//359 330//359 329//359 
f 439//359 334//359 333//359 
f 439//359 336//359 335//359 
f 439//359 341//359 340//359 
f 345//359 344//359 439//359 
f 349//359 348//359 440//359 
f 440//359 352//359 351//359 
f 357//359 356//359 440//359 
f 440//359 577//359 361//359 
f 577//359 363//359 362//359 
f 365//359 364//359 577//359 
f 372//359 577//359 438//359 
f 324//359 323//359 437//359 
f 437//359 332//359 331//359 
f 333//359 437//359 439//359 
f 439//359 337//359 336//359 
f 342//359 341//359 439//359 
f 351//359 350//359 440//359 
f 361//359 360//359 440//359 
f 364//359 363//359 577//359 
f 438//359 373//359 372//359 
f 438//359 317//359 374//359 
f 331//359 330//359 437//359 
f 335//359 334//359 439//359 
f 347//359 346//359 440//359 
f 362//359 361//359 577//359 
f 577//359 368//359 367//359 
f 577//359 371//359 370//359 
f 374//359 373//359 438//359 
f 333//359 332//359 437//359 
f 353//359 352//359 440//359 
f 577//359 369//359 368//359 
f 372//359 371//359 577//359 
f 338//359 337//359 439//359 
f 370//359 369//359 577//359 
f 367//359 366//359 577//359 
f 577//359 441//359 438//359 
f 442//359 443//359 444//359 
f 442//359 445//359 446//359 
f 442//359 447//359 448//359 
f 442//359 449//359 450//359 
f 451//359 452//359 453//359 
f 451//359 454//359 455//359 
f 446//359 443//359 442//359 
f 450//359 447//359 442//359 
f 456//359 457//359 458//359 
f 456//359 459//359 460//359 
f 451//359 461//359 462//359 
f 453//359 463//359 451//359 
f 455//359 464//359 451//359 
f 442//359 465//359 466//359 
f 442//359 467//359 468//359 
f 448//359 445//359 442//359 
f 456//359 469//359 449//359 
f 456//359 470//359 471//359 
f 456//359 472//359 457//359 
f 460//359 473//359 456//359 
f 459//359 474//359 475//359 
f 462//359 476//359 451//359 
f 451//359 477//359 478//359 
f 464//359 452//359 451//359 
f 451//359 479//359 480//359 
f 468//359 465//359 442//359 
f 442//359 481//359 482//359 
f 449//359 442//359 456//359 
f 458//359 470//359 456//359 
f 456//359 483//359 484//359 
f 456//359 485//359 486//359 
f 475//359 460//359 459//359 
f 478//359 461//359 451//359 
f 480//359 454//359 451//359 
f 487//359 488//359 489//359 
f 487//359 490//359 491//359 
f 482//359 467//359 442//359 
f 471//359 469//359 456//359 
f 456//359 492//359 483//359 
f 473//359 485//359 456//359 
f 493//359 494//359 495//359 
f 463//359 477//359 451//359 
f 479//359 451//359 487//359 
f 487//359 496//359 497//359 
f 487//359 498//359 488//359 
f 487//359 499//359 500//359 
f 487//359 501//359 502//359 
f 491//359 503//359 487//359 
f 444//359 481//359 442//359 
f 486//359 492//359 456//359 
f 495//359 504//359 493//359 
f 440//359 505//359 493//359 
f 487//359 506//359 479//359 
f 489//359 496//359 487//359 
f 502//359 499//359 487//359 
f 487//359 495//359 490//359 
f 484//359 472//359 456//359 
f 507//359 466//359 494//359 
f 577//359 440//359 504//359 
f 493//359 504//359 440//359 
f 497//359 506//359 487//359 
f 503//359 501//359 487//359 
f 577//359 474//359 459//359 
f 494//359 493//359 507//359 
f 495//359 487//359 504//359 
f 500//359 498//359 487//359 
f 577//359 508//359 451//359 
f 466//359 507//359 442//359 
f 476//359 509//359 451//359 
f 451//359 509//359 577//359 
f 459//359 510//359 577//359 
f 509//359 474//359 577//359 
f 504//359 508//359 577//359 
f 511//359 512//359 513//359 
f 514//359 515//359 516//359 
f 513//359 517//359 511//359 
f 511//359 518//359 519//359 
f 516//359 520//359 514//359 
f 521//359 522//359 515//359 
f 511//359 523//359 524//359 
f 519//359 512//359 511//359 
f 514//359 525//359 526//359 
f 515//359 514//359 521//359 
f 521//359 527//359 528//359 
f 511//359 529//359 530//359 
f 517//359 523//359 511//359 
f 511//359 531//359 532//359 
f 533//359 534//359 535//359 
f 533//359 536//359 537//359 
f 514//359 538//359 536//359 
f 514//359 539//359 540//359 
f 526//359 541//359 514//359 
f 528//359 522//359 521//359 
f 521//359 542//359 543//359 
f 530//359 544//359 511//359 
f 532//359 518//359 511//359 
f 533//359 545//359 534//359 
f 536//359 533//359 514//359 
f 514//359 546//359 547//359 
f 514//359 548//359 549//359 
f 540//359 550//359 514//359 
f 520//359 525//359 514//359 
f 521//359 551//359 542//359 
f 511//359 552//359 553//359 
f 524//359 529//359 511//359 
f 535//359 511//359 533//359 
f 533//359 554//359 555//359 
f 533//359 556//359 557//359 
f 514//359 558//359 538//359 
f 514//359 559//359 546//359 
f 550//359 548//359 514//359 
f 543//359 527//359 521//359 
f 521//359 511//359 560//359 
f 553//359 561//359 511//359 
f 535//359 531//359 511//359 
f 533//359 562//359 563//359 
f 557//359 554//359 533//359 
f 533//359 564//359 565//359 
f 547//359 558//359 514//359 
f 541//359 539//359 514//359 
f 521//359 566//359 567//359 
f 560//359 568//359 521//359 
f 544//359 552//359 511//359 
f 555//359 562//359 533//359 
f 565//359 569//359 533//359 
f 549//359 559//359 514//359 
f 567//359 570//359 521//359 
f 561//359 560//359 511//359 
f 569//359 556//359 533//359 
f 570//359 551//359 521//359 
f 521//359 571//359 572//359 
f 563//359 545//359 533//359 
f 572//359 566//359 521//359 
f 577//359 510//359 573//359 
f 573//359 510//359 533//359 
f 537//359 564//359 533//359 
f 533//359 511//359 573//359 
f 382//359 577//359 574//359 
f 573//359 574//359 577//359 
f 568//359 571//359 521//359 
f 574//359 575//359 382//359 
f 507//359 576//359 442//359 
f 318//359 317//359 438//359 
f 389//359 441//359 577//359 
o mesh23
f 578//360 504//360 487//360 
f 487//360 579//360 578//360 
o mesh24
f 487//361 451//361 580//361 
f 580//361 579//361 487//361 
f 580//361 581//361 579//361 
o mesh25
f 504//362 578//362 582//362 
f 578//362 583//362 582//362 
f 582//362 508//362 504//362 
o mesh26
f 451//363 508//363 582//363 
f 582//363 580//363 451//363 
o mesh27
f 582//364 583//364 584//364 
f 584//364 585//364 582//364 
o mesh28
f 586//365 585//365 587//365 
f 585//365 584//365 587//365 
f 587//365 588//365 586//365 
o mesh29
f 586//366 580//366 582//366 
f 589//366 590//366 580//366 
f 580//366 586//366 589//366 
f 582//366 585//366 586//366 
o mesh30
f 591//367 589//367 586//367 
f 586//367 588//367 591//367 
o mesh31
f 590//368 589//368 592//368 
f 589//368 591//368 592//368 
f 592//368 593//368 590//368 
o mesh32
f 593//369 581//369 580//369 
f 580//369 590//369 593//369 
o mesh33
f 594//368 576//368 507//368 
f 507//368 595//368 594//368 
o mesh34
f 595//370 507//370 493//370 
f 493//370 596//370 595//370 
o mesh35
f 596//371 493//371 505//371 
f 505//371 597//371 596//371 
o mesh36
f 596//372 597//372 594//372 
f 594//372 595//372 596//372 
o mesh37
f 598//373 514//373 533//373 
f 533//373 599//373 598//373 
o mesh38
f 599//374 533//374 510//374 
f 510//374 600//374 599//374 
f 510//374 459//374 600//374 
o mesh39
f 600//375 459//375 456//375 
f 456//375 601//375 600//375 
o mesh40
f 600//376 601//376 598//376 
f 598//376 599//376 600//376 
o mesh41
f 602//375 437//375 438//375 
f 438//375 603//375 602//375 
o mesh42
f 603//377 438//377 441//377 
f 441//377 604//377 603//377 
f 441//377 389//377 604//377 
o mesh43
f 604//378 389//378 380//378 
f 380//378 605//378 604//378 
o mesh44
f 604//379 605//379 602//379 
f 602//379 603//379 604//379 
o mesh45
f 606//380 575//380 574//380 
f 574//380 607//380 606//380 
o mesh46
f 607//381 574//381 573//381 
f 573//381 608//381 607//381 
o mesh47
f 608//382 573//382 511//382 
f 511//382 609//382 608//382 
o mesh48
f 609//383 606//383 607//383 
f 607//383 608//383 609//383 
o mesh49
f 610//384 611//385 435//385 
f 612//386 610//384 425//387 
f 613//388 612//386 424//389 
f 614//390 613//388 416//391 
f 615//392 614//390 415//393 
f 616//394 615//392 426//395 
f 617//396 616//394 405//397 
f 618//398 617//396 396//399 
f 619//400 618//398 395//401 
f 620//402 619//400 388//403 
f 621//404 620//402 387//405 
f 622//406 621//404 379//407 
f 623//408 622//406 378//409 
f 624//410 623//408 377//411 
f 625//412 624//410 376//413 
f 626//414 625//412 381//415 
f 627//416 626//414 398//417 
f 628//418 627//416 397//419 
f 629//420 628//418 417//421 
f 630//422 629//420 407//423 
f 631//424 630//422 406//425 
f 632//426 631//424 428//427 
f 633//428 632//426 427//429 
f 634//430 633//428 419//431 
f 635//432 634//430 418//433 
f 636//434 635//432 421//435 
f 637//436 636//434 420//437 
f 638//438 637//436 429//439 
f 639//440 638//438 431//441 
f 640//442 639//440 430//443 
f 641//444 640//442 400//445 
f 642//446 641//444 399//447 
f 643//448 642//446 408//449 
f 644//450 643//448 422//451 
f 645//452 644//450 410//453 
f 646//454 645//452 409//455 
f 647//456 646//454 423//457 
f 648//458 647//456 412//459 
f 649//460 648//458 411//461 
f 650//462 649//460 413//463 
f 651//464 650//462 402//465 
f 652//466 651//464 401//467 
f 653//468 652//466 391//469 
f 654//470 653//468 390//471 
f 655//472 654//470 392//473 
f 656//474 655//472 384//475 
f 657//476 656//474 383//477 
f 658//478 657//476 386//479 
f 659//480 658//478 385//481 
f 660//482 659//480 394//483 
f 661//484 660//482 393//485 
f 662//486 661//484 404//487 
f 663//488 662//486 403//489 
f 664//490 663//488 414//491 
f 665//492 664//490 434//493 
f 666//494 665//492 433//495 
f 667//496 666//494 432//497 
f 611//385 667//496 436//496 
f 436//496 435//385 611//385 
f 432//497 436//496 667//496 
f 433//495 432//497 666//494 
f 434//493 433//495 665//492 
f 414//491 434//493 664//490 
f 403//489 414//491 663//488 
f 404//487 403//489 662//486 
f 393//485 404//487 661//484 
f 394//483 393//485 660//482 
f 385//481 394//483 659//480 
f 386//479 385//481 658//478 
f 383//477 386//479 657//476 
f 384//475 383//477 656//474 
f 392//473 384//475 655//472 
f 390//471 392//473 654//470 
f 391//469 390//471 653//468 
f 401//467 391//469 652//466 
f 402//465 401//467 651//464 
f 413//463 402//465 650//462 
f 411//461 413//463 649//460 
f 412//459 411//461 648//458 
f 423//457 412//459 647//456 
f 409//455 423//457 646//454 
f 410//453 409//455 645//452 
f 422//451 410//453 644//450 
f 408//449 422//451 643//448 
f 399//447 408//449 642//446 
f 400//445 399//447 641//444 
f 430//443 400//445 640//442 
f 431//441 430//443 639//440 
f 429//439 431//441 638//438 
f 420//437 429//439 637//436 
f 421//435 420//437 636//434 
f 418//433 421//435 635//432 
f 419//431 418//433 634//430 
f 427//429 419//431 633//428 
f 428//427 427//429 632//426 
f 406//425 428//427 631//424 
f 407//423 406//425 630//422 
f 417//421 407//423 629//420 
f 397//419 417//421 628//418 
f 398//417 397//419 627//416 
f 381//415 398//417 626//414 
f 376//413 381//415 625//412 
f 377//411 376//413 624//410 
f 378//409 377//411 623//408 
f 379//407 378//409 622//406 
f 387//405 379//407 621//404 
f 388//403 387//405 620//402 
f 395//401 388//403 619//400 
f 396//399 395//401 618//398 
f 405//397 396//399 617//396 
f 426//395 405//397 616//394 
f 415//393 426//395 615//392 
f 416//391 415//393 614//390 
f 424//389 416//391 613//388 
f 425//387 424//389 612//386 
f 435//385 425//387 610//384 
o mesh50
f 668//498 669//499 571//499 
f 670//500 668//498 568//501 
f 671//502 670//500 560//503 
f 672//504 671//502 561//505 
f 673//506 672//504 553//507 
f 674//508 673//506 552//509 
f 675//510 674//508 544//511 
f 676//512 675//510 530//513 
f 677//514 676//512 529//515 
f 678//516 677//514 524//517 
f 679//518 678//516 523//519 
f 680//520 679//518 517//521 
f 681//522 680//520 513//523 
f 682//524 681//522 512//525 
f 683//526 682//524 519//527 
f 684//528 683//526 518//529 
f 685//530 684//528 532//531 
f 686//532 685//530 531//533 
f 687//534 686//532 535//535 
f 688//536 687//534 534//537 
f 689//538 688//536 545//539 
f 690//540 689//538 563//541 
f 691//542 690//540 562//543 
f 692//544 691//542 555//545 
f 693//546 692//544 554//547 
f 694//548 693//546 557//549 
f 695//550 694//548 556//551 
f 696//552 695//550 569//553 
f 697//554 696//552 565//555 
f 698//556 697//554 564//557 
f 699//558 698//556 537//559 
f 700//560 699//558 536//561 
f 701//562 700//560 538//563 
f 702//564 701//562 558//565 
f 703//566 702//564 547//567 
f 704//568 703//566 546//569 
f 705//570 704//568 559//571 
f 706//572 705//570 549//573 
f 707//574 706//572 548//575 
f 708//576 707//574 550//577 
f 709//578 708//576 540//579 
f 710//580 709//578 539//581 
f 711//582 710//580 541//583 
f 712//584 711//582 526//585 
f 713//586 712//584 525//587 
f 714//588 713//586 520//589 
f 715//590 714//588 516//591 
f 716//592 715//590 515//593 
f 717//594 716//592 522//595 
f 718//596 717//594 528//597 
f 719//598 718//596 527//599 
f 720//600 719//598 543//601 
f 721//602 720//600 542//603 
f 722//604 721//602 551//605 
f 723//606 722//604 570//607 
f 724//608 723//606 567//609 
f 725//610 724//608 566//611 
f 669//499 725//610 572//610 
f 572//610 571//499 669//499 
f 566//611 572//610 725//610 
f 567//609 566//611 724//608 
f 570//607 567//609 723//606 
f 551//605 570//607 722//604 
f 542//603 551//605 721//602 
f 543//601 542//603 720//600 
f 527//599 543//601 719//598 
f 528//597 527//599 718//596 
f 522//595 528//597 717//594 
f 515//593 522//595 716//592 
f 516//591 515//593 715//590 
f 520//589 516//591 714//588 
f 525//587 520//589 713//586 
f 526//585 525//587 712//584 
f 541//583 526//585 711//582 
f 539//581 541//583 710//580 
f 540//579 539//581 709//578 
f 550//577 540//579 708//576 
f 548//575 550//577 707//574 
f 549//573 548//575 706//572 
f 559//571 549//573 705//570 
f 546//569 559//571 704//568 
f 547//567 546//569 703//566 
f 558//565 547//567 702//564 
f 538//563 558//565 701//562 
f 536//561 538//563 700//560 
f 537//559 536//561 699//558 
f 564//557 537//559 698//556 
f 565//555 564//557 697//554 
f 569//553 565//555 696//552 
f 556//551 569//553 695//550 
f 557//549 556//551 694//548 
f 554//547 557//549 693//546 
f 555//545 554//547 692//544 
f 562//543 555//545 691//542 
f 563//541 562//543 690//540 
f 545//539 563//541 689//538 
f 534//537 545//539 688//536 
f 535//535 534//537 687//534 
f 531//533 535//535 686//532 
f 532//531 531//533 685//530 
f 518//529 532//531 684//528 
f 519//527 518//529 683//526 
f 512//525 519//527 682//524 
f 513//523 512//525 681//522 
f 517//521 513//523 680//520 
f 523//519 517//521 679//518 
f 524//517 523//519 678//516 
f 529//515 524//517 677//514 
f 530//513 529//515 676//512 
f 544//511 530//513 675//510 
f 552//509 544//511 674//508 
f 553//507 552//509 673//506 
f 561//505 553//507 672//504 
f 560//503 561//505 671//502 
f 568//501 560//503 670//500 
f 571//499 568//501 668//498 
o mesh51
f 726//612 727//613 474//613 
f 728//614 726//612 509//615 
f 729//616 728//614 476//617 
f 730//618 729//616 462//619 
f 731//620 730//618 461//621 
f 732//622 731//620 478//623 
f 733//624 732//622 477//625 
f 734//626 733//624 463//627 
f 735//628 734//626 453//629 
f 736//630 735//628 452//631 
f 737//632 736//630 464//633 
f 738//634 737//632 455//635 
f 739//636 738//634 454//637 
f 740//638 739//636 480//639 
f 741//640 740//638 479//641 
f 742//642 741//640 506//643 
f 743//644 742//642 497//645 
f 744//646 743//644 496//647 
f 745//648 744//646 489//649 
f 746//650 745//648 488//651 
f 747//652 746//650 498//653 
f 748//654 747//652 500//655 
f 749//656 748//654 499//657 
f 750//658 749//656 502//659 
f 751//660 750//658 501//661 
f 752//662 751//660 503//663 
f 753//664 752//662 491//665 
f 754//666 753//664 490//667 
f 755//668 754//666 495//669 
f 756//670 755//668 494//671 
f 757//672 756//670 466//673 
f 758//674 757//672 465//675 
f 759//676 758//674 468//677 
f 760//678 759//676 467//679 
f 761//680 760//678 482//681 
f 762//682 761//680 481//683 
f 763//684 762//682 444//685 
f 764//686 763//684 443//687 
f 765//688 764//686 446//689 
f 766//690 765//688 445//691 
f 767//692 766//690 448//693 
f 768//694 767//692 447//695 
f 769//696 768//694 450//697 
f 770//698 769//696 449//699 
f 771//700 770//698 469//701 
f 772//702 771//700 471//703 
f 773//704 772//702 470//705 
f 774//706 773//704 458//707 
f 775//708 774//706 457//709 
f 776//710 775//708 472//711 
f 777//712 776//710 484//713 
f 778//714 777//712 483//715 
f 779//716 778//714 492//717 
f 780//718 779//716 486//719 
f 781//720 780//718 485//721 
f 782//722 781//720 473//723 
f 783//724 782//722 460//725 
f 727//613 783//724 475//724 
f 475//724 474//613 727//613 
f 460//725 475//724 783//724 
f 473//723 460//725 782//722 
f 485//721 473//723 781//720 
f 486//719 485//721 780//718 
f 492//717 486//719 779//716 
f 483//715 492//717 778//714 
f 484//713 483//715 777//712 
f 472//711 484//713 776//710 
f 457//709 472//711 775//708 
f 458//707 457//709 774//706 
f 470//705 458//707 773//704 
f 471//703 470//705 772//702 
f 469//701 471//703 771//700 
f 449//699 469//701 770//698 
f 450//697 449//699 769//696 
f 447//695 450//697 768//694 
f 448//693 447//695 767//692 
f 445//691 448//693 766//690 
f 446//689 445//691 765//688 
f 443//687 446//689 764//686 
f 444//685 443//687 763//684 
f 481//683 444//685 762//682 
f 482//681 481//683 761//680 
f 467//679 482//681 760//678 
f 468//677 467//679 759//676 
f 465//675 468//677 758//674 
f 466//673 465//675 757//672 
f 494//671 466//673 756//670 
f 495//669 494//671 755//668 
f 490//667 495//669 754//666 
f 491//665 490//667 753//664 
f 503//663 491//665 752//662 
f 501//661 503//663 751//660 
f 502//659 501//661 750//658 
f 499//657 502//659 749//656 
f 500//655 499//657 748//654 
f 498//653 500//655 747//652 
f 488//651 498//653 746//650 
f 489//649 488//651 745//648 
f 496//647 489//649 744//646 
f 497//645 496//647 743//644 
f 506//643 497//645 742//642 
f 479//641 506//643 741//640 
f 480//639 479//641 740//638 
f 454//637 480//639 739//636 
f 455//635 454//637 738//634 
f 464//633 455//635 737//632 
f 452//631 464//633 736//630 
f 453//629 452//631 735//628 
f 463//627 453//629 734//626 
f 477//625 463//627 733//624 
f 478//623 477//625 732//622 
f 461//621 478//623 731//620 
f 462//619 461//621 730//618 
f 476//617 462//619 729//616 
f 509//615 476//617 728//614 
f 474//613 509//615 726//612 
o mesh52
f 784//726 785//726 598//726 
f 521//726 514//726 598//726 
f 786//726 521//726 785//726 
f 598//726 785//726 521//726 
f 598//726 601//726 784//726 
f 787//726 788//726 784//726 
f 442//726 787//726 601//726 
f 784//726 601//726 787//726 
f 785//726 789//726 786//726 
f 601//726 456//726 442//726 
o mesh53
f 784//727 788//727 790//727 
f 790//727 791//727 784//727 
o mesh54
f 791//726 790//726 792//726 
f 792//726 793//726 791//726 
f 792//726 794//726 793//726 
o mesh55
f 793//728 794//728 789//728 
f 789//728 785//728 793//728 
o mesh56
f 793//729 785//729 784//729 
f 784//729 791//729 793//729 
o mesh57
f 795//730 796//730 602//730 
f 439//730 437//730 602//730 
f 797//730 439//730 796//730 
f 602//730 796//730 439//730 
f 602//730 605//730 795//730 
f 798//730 799//730 795//730 
f 375//730 798//730 605//730 
f 795//730 605//730 798//730 
f 796//730 800//730 797//730 
f 605//730 380//730 375//730 
o mesh58
f 795//731 799//731 801//731 
f 801//731 802//731 795//731 
o mesh59
f 802//730 801//730 803//730 
f 803//730 804//730 802//730 
f 803//730 805//730 804//730 
o mesh60
f 804//732 805//732 800//732 
f 800//732 796//732 804//732 
o mesh61
f 804//733 796//733 795//733 
f 795//733 802//733 804//733 
o mesh62
f 798//732 375//732 382//732 
f 806//732 382//732 807//732 
f 808//732 807//732 606//732 
f 382//732 575//732 606//732 
f 807//732 809//732 806//732 
f 606//732 807//732 382//732 
f 606//732 609//732 808//732 
f 786//732 810//732 808//732 
f 521//732 786//732 609//732 
f 808//732 609//732 786//732 
f 382//732 806//732 798//732 
f 609//732 511//732 521//732 
o mesh63
f 811//734 812//734 809//734 
f 809//734 807//734 811//734 
o mesh64
f 808//735 810//735 813//735 
f 813//735 814//735 808//735 
o mesh65
f 814//736 813//736 812//736 
f 812//736 811//736 814//736 
o mesh66
f 814//737 811//737 807//737 
f 807//737 808//737 814//737 
o mesh67
f 815//738 816//738 594//738 
f 442//738 576//738 594//738 
f 787//738 442//738 816//738 
f 594//738 816//738 442//738 
f 797//738 817//738 440//738 
f 440//738 817//738 597//738 
f 594//738 597//738 815//738 
f 817//738 818//738 815//738 
f 597//738 505//738 440//738 
f 815//738 597//738 817//738 
f 816//738 819//738 787//738 
f 440//738 439//738 797//738 
o mesh68
f 819//739 816//739 820//739 
f 820//739 821//739 819//739 
o mesh69
f 822//740 821//740 820//740 
f 820//740 823//740 822//740 
o mesh70
f 824//739 822//739 823//739 
f 823//739 825//739 824//739 
o mesh71
f 824//741 825//741 826//741 
f 826//741 827//741 824//741 
o mesh72
f 828//742 829//742 815//742 
f 815//742 818//742 828//742 
o mesh73
f 830//743 831//743 829//743 
f 829//743 828//743 830//743 
o mesh74
f 832//742 833//742 831//742 
f 831//742 830//742 832//742 
o mesh75
f 832//744 834//744 835//744 
f 835//744 833//744 832//744 
o mesh76
f 823//745 820//745 826//745 
f 833//745 835//745 829//745 
f 820//745 835//745 826//745 
f 836//745 826//745 835//745 
f 835//745 820//745 829//745 
f 815//745 829//745 820//745 
f 835//745 837//745 836//745 
f 820//745 816//745 815//745 
f 829//745 831//745 833//745 
f 826//745 825//745 823//745 
o mesh77
f 837//746 835//746 834//746 
f 834//746 838//746 837//746 
o mesh78
f 837//747 838//747 839//747 
f 839//747 836//747 837//747 
o mesh79
f 827//748 826//748 836//748 
f 836//748 839//748 827//748 
o mesh80
f 840//749 841//749 842//749 
f 843//749 740//749 741//749 
f 844//749 843//749 845//749 
f 840//749 846//749 841//749 
f 847//749 848//749 849//749 
f 847//749 844//749 850//749 
f 845//749 850//749 844//749 
f 847//749 840//749 851//749 
f 840//749 852//749 846//749 
f 847//749 853//749 854//749 
f 849//749 855//749 847//749 
f 847//749 856//749 857//749 
f 741//749 845//749 843//749 
f 840//749 858//749 851//749 
f 840//749 859//749 852//749 
f 860//749 861//749 862//749 
f 860//749 863//749 864//749 
f 847//749 865//749 866//749 
f 847//749 867//749 868//749 
f 855//749 853//749 847//749 
f 847//749 869//749 870//749 
f 847//749 871//749 856//749 
f 851//749 844//749 847//749 
f 840//749 872//749 859//749 
f 860//749 873//749 861//749 
f 864//749 874//749 860//749 
f 860//749 875//749 876//749 
f 877//749 878//749 875//749 
f 868//749 865//749 847//749 
f 870//749 848//749 847//749 
f 850//749 871//749 847//749 
f 840//749 879//749 880//749 
f 842//749 881//749 840//749 
f 840//749 882//749 883//749 
f 874//749 873//749 860//749 
f 860//749 884//749 885//749 
f 875//749 860//749 877//749 
f 877//749 886//749 887//749 
f 888//749 736//749 737//749 
f 888//749 733//749 734//749 
f 730//749 888//749 889//749 
f 854//749 867//749 847//749 
f 880//749 858//749 840//749 
f 840//749 890//749 891//749 
f 883//749 872//749 840//749 
f 885//749 863//749 860//749 
f 887//749 878//749 877//749 
f 888//749 735//749 736//749 
f 888//749 732//749 733//749 
f 889//749 728//749 729//749 
f 889//749 727//749 726//749 
f 889//749 782//749 783//749 
f 889//749 780//749 781//749 
f 857//749 869//749 847//749 
f 881//749 890//749 840//749 
f 860//749 892//749 893//749 
f 860//749 894//749 895//749 
f 876//749 884//749 860//749 
f 877//749 896//749 897//749 
f 888//749 738//749 739//749 
f 734//749 735//749 888//749 
f 888//749 730//749 731//749 
f 726//749 728//749 889//749 
f 781//749 782//749 889//749 
f 889//749 778//749 779//749 
f 889//749 775//749 776//749 
f 898//749 899//749 900//749 
f 746//749 901//749 902//749 
f 891//749 879//749 840//749 
f 893//749 840//749 860//749 
f 860//749 903//749 894//749 
f 897//749 886//749 877//749 
f 737//749 738//749 888//749 
f 889//749 729//749 730//749 
f 779//749 780//749 889//749 
f 776//749 777//749 889//749 
f 877//749 904//749 905//749 
f 877//749 906//749 907//749 
f 770//749 908//749 909//749 
f 910//749 770//749 771//749 
f 898//749 911//749 899//749 
f 746//749 912//749 901//749 
f 913//749 748//749 749//749 
f 893//749 882//749 840//749 
f 862//749 903//749 860//749 
f 731//749 732//749 888//749 
f 777//749 778//749 889//749 
f 907//749 904//749 877//749 
f 909//749 877//749 770//749 
f 771//749 914//749 915//749 
f 760//749 761//749 916//749 
f 759//749 917//749 918//749 
f 898//749 919//749 911//749 
f 746//749 920//749 912//749 
f 749//749 921//749 913//749 
f 922//749 746//749 747//749 
f 921//749 754//749 755//749 
f 895//749 892//749 860//749 
f 783//749 727//749 889//749 
f 740//749 843//749 923//749 
f 909//749 906//749 877//749 
f 771//749 915//749 910//749 
f 916//749 924//749 917//749 
f 918//749 757//749 758//749 
f 918//749 755//749 756//749 
f 916//749 925//749 926//749 
f 916//749 898//749 927//749 
f 898//749 928//749 919//749 
f 898//749 929//749 930//749 
f 746//749 922//749 920//749 
f 747//749 748//749 922//749 
f 755//749 931//749 932//749 
f 921//749 751//749 752//749 
f 845//749 743//749 744//749 
f 866//749 933//749 847//749 
f 923//749 888//749 740//749 
f 910//749 908//749 770//749 
f 914//749 771//749 772//749 
f 917//749 759//749 760//749 
f 756//749 757//749 918//749 
f 927//749 925//749 916//749 
f 898//749 934//749 935//749 
f 898//749 936//749 937//749 
f 930//749 928//749 898//749 
f 746//749 938//749 939//749 
f 913//749 922//749 748//749 
f 921//749 753//749 754//749 
f 921//749 750//749 751//749 
f 755//749 918//749 940//749 
f 744//749 745//749 845//749 
f 845//749 741//749 742//749 
f 739//749 740//749 888//749 
f 772//749 941//749 914//749 
f 918//749 758//749 759//749 
f 935//749 927//749 898//749 
f 898//749 942//749 943//749 
f 900//749 936//749 898//749 
f 746//749 944//749 945//749 
f 902//749 938//749 746//749 
f 752//749 753//749 921//749 
f 755//749 946//749 947//749 
f 755//749 948//749 949//749 
f 755//749 950//749 951//749 
f 940//749 952//749 755//749 
f 742//749 743//749 845//749 
f 905//749 896//749 877//749 
f 877//749 765//749 766//749 
f 926//749 924//749 916//749 
f 937//749 942//749 898//749 
f 939//749 944//749 746//749 
f 921//749 749//749 750//749 
f 949//749 946//749 755//749 
f 952//749 950//749 755//749 
f 933//749 953//749 847//749 
f 877//749 767//749 768//749 
f 877//749 764//749 765//749 
f 775//749 954//749 955//749 
f 775//749 956//749 957//749 
f 775//749 958//749 959//749 
f 775//749 889//749 960//749 
f 943//749 934//749 898//749 
f 898//749 847//749 953//749 
f 961//749 764//749 877//749 
f 764//749 961//749 916//749 
f 755//749 932//749 921//749 
f 951//749 948//749 755//749 
f 877//749 769//749 770//749 
f 766//749 767//749 877//749 
f 941//749 774//749 775//749 
f 941//749 772//749 773//749 
f 957//749 954//749 775//749 
f 960//749 958//749 775//749 
f 953//749 929//749 898//749 
f 916//749 763//749 764//749 
f 947//749 931//749 755//749 
f 768//749 769//749 877//749 
f 773//749 774//749 941//749 
f 959//749 956//749 775//749 
f 916//749 917//749 760//749 
f 916//749 762//749 763//749 
f 745//749 746//749 845//749 
f 955//749 962//749 775//749 
f 877//749 963//749 961//749 
f 775//749 962//749 941//749 
f 945//749 845//749 746//749 
f 761//749 762//749 916//749 
o mesh81
f 860//750 840//750 964//750 
f 964//750 965//750 860//750 
o mesh82
f 840//751 847//751 966//751 
f 966//751 964//751 840//751 
o mesh83
f 847//752 898//752 967//752 
f 967//752 966//752 847//752 
o mesh84
f 968//753 969//753 964//753 
f 964//753 966//753 968//753 
o mesh85
f 898//754 916//754 970//754 
f 970//754 967//754 898//754 
o mesh86
f 971//755 968//755 966//755 
f 966//755 967//755 971//755 
o mesh87
f 916//756 961//756 972//756 
f 972//756 970//756 916//756 
o mesh88
f 973//757 971//757 967//757 
f 967//757 970//757 973//757 
o mesh89
f 961//758 963//758 974//758 
f 974//758 972//758 961//758 
o mesh90
f 973//759 970//759 972//759 
f 972//759 975//759 973//759 
o mesh91
f 963//760 877//760 976//760 
f 976//760 974//760 963//760 
o mesh92
f 977//761 975//761 972//761 
f 972//761 974//761 977//761 
o mesh93
f 877//762 860//762 965//762 
f 965//762 976//762 877//762 
o mesh94
f 978//763 965//763 964//763 
f 964//763 969//763 978//763 
o mesh95
f 965//764 978//764 979//764 
f 979//764 976//764 965//764 
o mesh96
f 979//763 977//763 974//763 
f 974//763 976//763 979//763 
o mesh97
f 980//765 981//766 941//766 
f 982//767 980//765 962//768 
f 983//769 982//767 955//770 
f 984//771 983//769 954//772 
f 985//773 984//771 957//774 
f 986//775 985//773 956//776 
f 987//777 986//775 959//778 
f 988//779 987//777 958//780 
f 989//781 988//779 960//782 
f 990//783 989//781 889//784 
f 991//785 990//783 888//786 
f 992//787 991//785 923//788 
f 993//789 992//787 843//790 
f 994//791 993//789 844//792 
f 995//793 994//791 851//794 
f 996//795 995//793 858//796 
f 997//797 996//795 880//798 
f 998//799 997//797 879//800 
f 999//801 998//799 891//802 
f 1000//803 999//801 890//804 
f 1001//805 1000//803 881//806 
f 1002//807 1001//805 842//808 
f 1003//809 1002//807 841//810 
f 1004//811 1003//809 846//812 
f 1005//813 1004//811 852//814 
f 1006//815 1005//813 859//816 
f 1007//817 1006//815 872//818 
f 1008//819 1007//817 883//820 
f 1009//821 1008//819 882//822 
f 1010//823 1009//821 893//824 
f 1011//825 1010//823 892//826 
f 1012//827 1011//825 895//828 
f 1013//829 1012//827 894//830 
f 1014//831 1013//829 903//832 
f 1015//833 1014//831 862//834 
f 1016//835 1015//833 861//836 
f 1017//837 1016//835 873//838 
f 1018//839 1017//837 874//840 
f 1019//841 1018//839 864//842 
f 1020//843 1019//841 863//844 
f 1021//845 1020//843 885//846 
f 1022//847 1021//845 884//848 
f 1023//849 1022//847 876//850 
f 1024//851 1023//849 875//852 
f 1025//853 1024//851 878//854 
f 1026//855 1025//853 887//856 
f 1027//857 1026//855 886//858 
f 1028//859 1027//857 897//860 
f 1029//861 1028//859 896//862 
f 1030//863 1029//861 905//864 
f 1031//865 1030//863 904//866 
f 1032//867 1031//865 907//868 
f 1033//869 1032//867 906//870 
f 1034//871 1033//869 909//872 
f 1035//873 1034//871 908//874 
f 1036//875 1035//873 910//876 
f 1037//877 1036//875 915//878 
f 981//766 1037//877 914//877 
f 914//877 941//766 981//766 
f 915//878 914//877 1037//877 
f 910//876 915//878 1036//875 
f 908//874 910//876 1035//873 
f 909//872 908//874 1034//871 
f 906//870 909//872 1033//869 
f 907//868 906//870 1032//867 
f 904//866 907//868 1031//865 
f 905//864 904//866 1030//863 
f 896//862 905//864 1029//861 
f 897//860 896//862 1028//859 
f 886//858 897//860 1027//857 
f 887//856 886//858 1026//855 
f 878//854 887//856 1025//853 
f 875//852 878//854 1024//851 
f 876//850 875//852 1023//849 
f 884//848 876//850 1022//847 
f 885//846 884//848 1021//845 
f 863//844 885//846 1020//843 
f 864//842 863//844 1019//841 
f 874//840 864//842 1018//839 
f 873//838 874//840 1017//837 
f 861//836 873//838 1016//835 
f 862//834 861//836 1015//833 
f 903//832 862//834 1014//831 
f 894//830 903//832 1013//829 
f 895//828 894//830 1012//827 
f 892//826 895//828 1011//825 
f 893//824 892//826 1010//823 
f 882//822 893//824 1009//821 
f 883//820 882//822 1008//819 
f 872//818 883//820 1007//817 
f 859//816 872//818 1006//815 
f 852//814 859//816 1005//813 
f 846//812 852//814 1004//811 
f 841//810 846//812 1003//809 
f 842//808 841//810 1002//807 
f 881//806 842//808 1001//805 
f 890//804 881//806 1000//803 
f 891//802 890//804 999//801 
f 879//800 891//802 998//799 
f 880//798 879//800 997//797 
f 858//796 880//798 996//795 
f 851//794 858//796 995//793 
f 844//792 851//794 994//791 
f 843//790 844//792 993//789 
f 923//788 843//790 992//787 
f 888//786 923//788 991//785 
f 889//784 888//786 990//783 
f 960//782 889//784 989//781 
f 958//780 960//782 988//779 
f 959//778 958//780 987//777 
f 956//776 959//778 986//775 
f 957//774 956//776 985//773 
f 954//772 957//774 984//771 
f 955//770 954//772 983//769 
f 962//768 955//770 982//767 
f 941//766 962//768 980//765 
o mesh98
f 1038//879 1010//879 1011//879 
f 1011//879 1012//879 1038//879 
f 1012//879 1013//879 1038//879 
f 1013//879 1014//879 1038//879 
f 1014//879 1015//879 1038//879 
f 1015//879 1016//879 1038//879 
f 1016//879 1017//879 1038//879 
f 1017//879 1018//879 1038//879 
f 1018//879 1019//879 1038//879 
f 1019//879 1020//879 1038//879 
f 1020//879 1021//879 1038//879 
f 1021//879 1022//879 1038//879 
f 1022//879 1023//879 1038//879 
f 1023//879 1024//879 1038//879 
f 1024//879 1025//879 1038//879 
f 1025//879 1026//879 1038//879 
f 1026//879 1027//879 1038//879 
f 1027//879 1028//879 1038//879 
f 1028//879 1029//879 1038//879 
f 1029//879 1030//879 1038//879 
f 1030//879 1031//879 1038//879 
f 1031//879 1032//879 1038//879 
f 1032//879 1033//879 1038//879 
f 1033//879 1034//879 1038//879 
f 1034//879 1035//879 1038//879 
f 1035//879 1036//879 1038//879 
f 1036//879 1037//879 1038//879 
f 1037//879 981//879 1038//879 
f 981//879 980//879 1038//879 
f 980//879 982//879 1038//879 
f 982//879 983//879 1038//879 
f 983//879 984//879 1038//879 
f 984//879 985//879 1038//879 
f 985//879 986//879 1038//879 
f 986//879 987//879 1038//879 
f 987//879 988//879 1038//879 
f 988//879 989//879 1038//879 
f 989//879 990//879 1038//879 
f 990//879 991//879 1038//879 
f 991//879 992//879 1038//879 
f 992//879 993//879 1038//879 
f 993//879 994//879 1038//879 
f 994//879 995//879 1038//879 
f 995//879 996//879 1038//879 
f 996//879 997//879 1038//879 
f 997//879 998//879 1038//879 
f 998//879 999//879 1038//879 
f 999//879 1000//879 1038//879 
f 1000//879 1001//879 1038//879 
f 1001//879 1002//879 1038//879 
f 1002//879 1003//879 1038//879 
f 1003//879 1004//879 1038//879 
f 1004//879 1005//879 1038//879 
f 1005//879 1006//879 1038//879 
f 1006//879 1007//879 1038//879 
f 1007//879 1008//879 1038//879 
f 1008//879 1009//879 1038//879 
f 1009//879 1010//879 1038//879 
o mesh99
f 1039//880 1040//881 953//881 
f 1041//882 1039//880 933//883 
f 1042//884 1041//882 866//885 
f 1043//886 1042//884 865//887 
f 1044//888 1043//886 868//889 
f 1045//890 1044//888 867//891 
f 1046//892 1045//890 854//893 
f 1047//894 1046//892 853//895 
f 1048//896 1047//894 855//897 
f 1049//898 1048//896 849//899 
f 1050//900 1049//898 848//901 
f 1051//902 1050//900 870//903 
f 1052//904 1051//902 869//905 
f 1053//906 1052//904 857//907 
f 1054//908 1053//906 856//909 
f 1055//910 1054//908 871//911 
f 1056//912 1055//910 850//913 
f 1057//914 1056//912 845//915 
f 1058//916 1057//914 945//917 
f 1059//918 1058//916 944//919 
f 1060//920 1059//918 939//921 
f 1061//922 1060//920 938//923 
f 1062//924 1061//922 902//925 
f 1063//926 1062//924 901//927 
f 1064//928 1063//926 912//929 
f 1065//930 1064//928 920//931 
f 1066//932 1065//930 922//933 
f 1067//934 1066//932 913//935 
f 1068//936 1067//934 921//937 
f 1069//938 1068//936 932//939 
f 1070//940 1069//938 931//941 
f 1071//942 1070//940 947//943 
f 1072//944 1071//942 946//945 
f 1073//946 1072//944 949//947 
f 1074//948 1073//946 948//949 
f 1075//950 1074//948 951//951 
f 1076//952 1075//950 950//953 
f 1077//954 1076//952 952//955 
f 1078//956 1077//954 940//957 
f 1079//958 1078//956 918//959 
f 1080//960 1079//958 917//961 
f 1081//962 1080//960 924//963 
f 1082//964 1081//962 926//965 
f 1083//966 1082//964 925//967 
f 1084//968 1083//966 927//969 
f 1085//970 1084//968 935//971 
f 1086//972 1085//970 934//973 
f 1087//974 1086//972 943//975 
f 1088//976 1087//974 942//977 
f 1089//978 1088//976 937//979 
f 1090//980 1089//978 936//981 
f 1091//982 1090//980 900//983 
f 1092//984 1091//982 899//985 
f 1093//986 1092//984 911//987 
f 1094//988 1093//986 919//989 
f 1095//990 1094//988 928//991 
f 1096//992 1095//990 930//993 
f 1040//881 1096//992 929//992 
f 929//992 953//881 1040//881 
f 930//993 929//992 1096//992 
f 928//991 930//993 1095//990 
f 919//989 928//991 1094//988 
f 911//987 919//989 1093//986 
f 899//985 911//987 1092//984 
f 900//983 899//985 1091//982 
f 936//981 900//983 1090//980 
f 937//979 936//981 1089//978 
f 942//977 937//979 1088//976 
f 943//975 942//977 1087//974 
f 934//973 943//975 1086//972 
f 935//971 934//973 1085//970 
f 927//969 935//971 1084//968 
f 925//967 927//969 1083//966 
f 926//965 925//967 1082//964 
f 924//963 926//965 1081//962 
f 917//961 924//963 1080//960 
f 918//959 917//961 1079//958 
f 940//957 918//959 1078//956 
f 952//955 940//957 1077//954 
f 950//953 952//955 1076//952 
f 951//951 950//953 1075//950 
f 948//949 951//951 1074//948 
f 949//947 948//949 1073//946 
f 946//945 949//947 1072//944 
f 947//943 946//945 1071//942 
f 931//941 947//943 1070//940 
f 932//939 931//941 1069//938 
f 921//937 932//939 1068//936 
f 913//935 921//937 1067//934 
f 922//933 913//935 1066//932 
f 920//931 922//933 1065//930 
f 912//929 920//931 1064//928 
f 901//927 912//929 1063//926 
f 902//925 901//927 1062//924 
f 938//923 902//925 1061//922 
f 939//921 938//923 1060//920 
f 944//919 939//921 1059//918 
f 945//917 944//919 1058//916 
f 845//915 945//917 1057//914 
f 850//913 845//915 1056//912 
f 871//911 850//913 1055//910 
f 856//909 871//911 1054//908 
f 857//907 856//909 1053//906 
f 869//905 857//907 1052//904 
f 870//903 869//905 1051//902 
f 848//901 870//903 1050//900 
f 849//899 848//901 1049//898 
f 855//897 849//899 1048//896 
f 853//895 855//897 1047//894 
f 854//893 853//895 1046//892 
f 867//891 854//893 1045//890 
f 868//889 867//891 1044//888 
f 865//887 868//889 1043//886 
f 866//885 865//887 1042//884 
f 933//883 866//885 1041//882 
f 953//881 933//883 1039//880 
o mesh100
f 1097//994 1069//994 1070//994 
f 1070//994 1071//994 1097//994 
f 1071//994 1072//994 1097//994 
f 1072//994 1073//994 1097//994 
f 1073//994 1074//994 1097//994 
f 1074//994 1075//994 1097//994 
f 1075//994 1076//994 1097//994 
f 1076//994 1077//994 1097//994 
f 1077//994 1078//994 1097//994 
f 1078//994 1079//994 1097//994 
f 1079//994 1080//994 1097//994 
f 1080//994 1081//994 1097//994 
f 1081//994 1082//994 1097//994 
f 1082//994 1083//994 1097//994 
f 1083//994 1084//994 1097//994 
f 1084//994 1085//994 1097//994 
f 1085//994 1086//994 1097//994 
f 1086//994 1087//994 1097//994 
f 1087//994 1088//994 1097//994 
f 1088//994 1089//994 1097//994 
f 1089//994 1090//994 1097//994 
f 1090//994 1091//994 1097//994 
f 1091//994 1092//994 1097//994 
f 1092//994 1093//994 1097//994 
f 1093//994 1094//994 1097//994 
f 1094//994 1095//994 1097//994 
f 1095//994 1096//994 1097//994 
f 1096//994 1040//994 1097//994 
f 1040//994 1039//994 1097//994 
f 1039//994 1041//994 1097//994 
f 1041//994 1042//994 1097//994 
f 1042//994 1043//994 1097//994 
f 1043//994 1044//994 1097//994 
f 1044//994 1045//994 1097//994 
f 1045//994 1046//994 1097//994 
f 1046//994 1047//994 1097//994 
f 1047//994 1048//994 1097//994 
f 1048//994 1049//994 1097//994 
f 1049//994 1050//994 1097//994 
f 1050//994 1051//994 1097//994 
f 1051//994 1052//994 1097//994 
f 1052//994 1053//994 1097//994 
f 1053//994 1054//994 1097//994 
f 1054//994 1055//994 1097//994 
f 1055//994 1056//994 1097//994 
f 1056//994 1057//994 1097//994 
f 1057//994 1058//994 1097//994 
f 1058//994 1059//994 1097//994 
f 1059//994 1060//994 1097//994 
f 1060//994 1061//994 1097//994 
f 1061//994 1062//994 1097//994 
f 1062//994 1063//994 1097//994 
f 1063//994 1064//994 1097//994 
f 1064//994 1065//994 1097//994 
f 1065//994 1066//994 1097//994 
f 1066//994 1067//994 1097//994 
f 1067//994 1068//994 1097//994 
f 1068//994 1069//994 1097//994 
o mesh101
f 1098//994 1099//994 682//994 
f 1100//994 1099//994 1098//994 
f 1101//994 1100//994 1102//994 
f 1098//994 1102//994 1100//994 
f 1101//994 1103//994 1104//994 
f 682//994 683//994 1098//994 
f 1101//994 1105//994 1106//994 
f 1107//994 1108//994 1109//994 
f 1102//994 1103//994 1101//994 
f 1105//994 1110//994 1106//994 
f 1109//994 1111//994 1107//994 
f 1104//994 1112//994 1101//994 
f 1105//994 1113//994 1110//994 
f 1099//994 679//994 680//994 
f 1107//994 1114//994 1108//994 
f 1106//994 1100//994 1101//994 
f 1105//994 1115//994 1116//994 
f 680//994 681//994 1099//994 
f 1109//994 1117//994 1111//994 
f 1116//994 1113//994 1105//994 
f 1099//994 678//994 679//994 
f 1107//994 1118//994 1114//994 
f 1101//994 1119//994 1120//994 
f 681//994 682//994 1099//994 
f 1111//994 1121//994 1122//994 
f 1117//994 1123//994 1111//994 
f 1124//994 712//994 713//994 
f 1112//994 1119//994 1101//994 
f 1099//994 676//994 677//994 
f 1105//994 1125//994 1126//994 
f 1105//994 1127//994 1128//994 
f 1122//994 1129//994 1111//994 
f 1107//994 1130//994 1118//994 
f 1107//994 1131//994 1132//994 
f 712//994 1133//994 1134//994 
f 713//994 1135//994 1136//994 
f 677//994 678//994 1099//994 
f 1126//994 1137//994 1105//994 
f 676//994 1099//994 1138//994 
f 1105//994 1139//994 1140//994 
f 1128//994 1141//994 1105//994 
f 1111//994 1142//994 1143//994 
f 1111//994 1144//994 1145//994 
f 1123//994 1121//994 1111//994 
f 1132//994 1146//994 1107//994 
f 1134//994 1107//994 712//994 
f 713//994 1136//994 1124//994 
f 1098//994 683//994 684//994 
f 1137//994 1115//994 1105//994 
f 1138//994 674//994 675//994 
f 1105//994 1147//994 1148//994 
f 1141//994 1139//994 1105//994 
f 1111//994 1149//994 1150//994 
f 1111//994 1151//994 1152//994 
f 1145//994 1142//994 1111//994 
f 1146//994 1130//994 1107//994 
f 1124//994 1133//994 712//994 
f 1101//994 1153//994 1154//994 
f 1120//994 1155//994 1101//994 
f 1138//994 673//994 674//994 
f 1140//994 1147//994 1105//994 
f 1150//994 1105//994 1111//994 
f 1111//994 1156//994 1151//994 
f 1129//994 1144//994 1111//994 
f 1107//994 711//994 712//994 
f 1107//994 709//994 710//994 
f 1157//994 696//994 697//994 
f 1101//994 1155//994 1153//994 
f 1138//994 675//994 676//994 
f 1150//994 1127//994 1105//994 
f 1143//994 1156//994 1111//994 
f 1107//994 1158//994 1159//994 
f 710//994 711//994 1107//994 
f 1157//994 695//994 696//994 
f 684//994 685//994 1098//994 
f 1152//994 1149//994 1111//994 
f 1134//994 1158//994 1107//994 
f 1135//994 713//994 714//994 
f 1160//994 1161//994 1162//994 
f 694//994 1157//994 1163//994 
f 1157//994 694//994 695//994 
f 697//994 1164//994 1165//994 
f 1101//994 1166//994 1167//994 
f 1101//994 1168//994 1169//994 
f 1098//994 686//994 687//994 
f 1148//994 1125//994 1105//994 
f 714//994 1170//994 1135//994 
f 702//994 703//994 1160//994 
f 1160//994 1171//994 1172//994 
f 1161//994 1173//994 1162//994 
f 1161//994 1174//994 1175//994 
f 697//994 1176//994 1157//994 
f 1165//994 1177//994 697//994 
f 692//994 1178//994 1179//994 
f 693//994 694//994 1180//994 
f 1101//994 1181//994 1166//994 
f 1169//994 1182//994 1101//994 
f 1098//994 685//994 686//994 
f 1159//994 1131//994 1107//994 
f 1107//994 707//994 708//994 
f 724//994 1183//994 1184//994 
f 724//994 1185//994 1186//994 
f 1160//994 1187//994 1188//994 
f 1162//994 1171//994 1160//994 
f 1175//994 1189//994 1161//994 
f 1163//994 1190//994 694//994 
f 697//994 1191//994 1164//994 
f 1179//994 1192//994 692//994 
f 1178//994 692//994 693//994 
f 1182//994 1181//994 1101//994 
f 1154//994 1168//994 1101//994 
f 1107//994 706//994 707//994 
f 672//994 1138//994 1193//994 
f 1170//994 723//994 724//994 
f 724//994 1194//994 1195//994 
f 1186//994 1183//994 724//994 
f 724//994 1193//994 1196//994 
f 1188//994 701//994 702//994 
f 1161//994 1197//994 1173//994 
f 1161//994 1198//994 1199//994 
f 1200//994 697//994 698//994 
f 1161//994 1201//994 1202//994 
f 1189//994 1203//994 1161//994 
f 1161//994 1204//994 1205//994 
f 694//994 1206//994 1207//994 
f 1177//994 1176//994 697//994 
f 697//994 1208//994 1209//994 
f 1180//994 1178//994 693//994 
f 1210//994 690//994 691//994 
f 1167//994 1211//994 1101//994 
f 708//994 709//994 1107//994 
f 1193//994 670//994 671//994 
f 1193//994 725//994 669//994 
f 1170//994 722//994 723//994 
f 724//994 1212//994 1194//994 
f 1196//994 1185//994 724//994 
f 1170//994 718//994 719//994 
f 1170//994 716//994 717//994 
f 1170//994 714//994 715//994 
f 1160//994 1188//994 702//994 
f 1199//994 1197//994 1161//994 
f 701//994 1188//994 1200//994 
f 698//994 699//994 1200//994 
f 1203//994 1201//994 1161//994 
f 1205//994 1213//994 1161//994 
f 1190//994 1206//994 694//994 
f 1209//994 1214//994 697//994 
f 697//994 1200//994 1215//994 
f 691//994 692//994 1210//994 
f 689//994 690//994 1216//994 
f 687//994 688//994 1098//994 
f 1193//994 671//994 672//994 
f 669//994 668//994 1193//994 
f 1170//994 721//994 722//994 
f 1184//994 1212//994 724//994 
f 719//994 720//994 1170//994 
f 715//994 716//994 1170//994 
f 1172//994 1187//994 1160//994 
f 699//994 700//994 1200//994 
f 1213//994 1174//994 1161//994 
f 1161//994 1101//994 1217//994 
f 1218//994 706//994 1107//994 
f 706//994 1218//994 1160//994 
f 1214//994 1191//994 697//994 
f 1215//994 1219//994 697//994 
f 1192//994 1210//994 692//994 
f 1098//994 688//994 689//994 
f 672//994 673//994 1138//994 
f 1193//994 724//994 725//994 
f 1195//994 1220//994 724//994 
f 717//994 718//994 1170//994 
f 1200//994 700//994 701//994 
f 1217//994 1204//994 1161//994 
f 1160//994 705//994 706//994 
f 1219//994 1208//994 697//994 
f 1216//994 1098//994 689//994 
f 668//994 670//994 1193//994 
f 720//994 721//994 1170//994 
f 1202//994 1198//994 1161//994 
f 1160//994 704//994 705//994 
f 1210//994 1216//994 690//994 
f 724//994 1220//994 1170//994 
f 1107//994 1221//994 1218//994 
f 1211//994 1217//994 1101//994 
f 1207//994 1180//994 694//994 
f 703//994 704//994 1160//994 
o mesh102
f 1218//995 1221//995 1222//995 
f 1222//995 1223//995 1218//995 
o mesh103
f 1221//996 1107//996 1224//996 
f 1224//996 1222//996 1221//996 
o mesh104
f 1107//995 1111//995 1225//995 
f 1225//995 1224//995 1107//995 
o mesh105
f 1226//997 1227//997 1222//997 
f 1222//997 1224//997 1226//997 
o mesh106
f 1111//996 1105//996 1228//996 
f 1228//996 1225//996 1111//996 
o mesh107
f 1226//998 1224//998 1225//998 
f 1225//998 1229//998 1226//998 
o mesh108
f 1105//999 1101//999 1230//999 
f 1230//999 1228//999 1105//999 
o mesh109
f 1229//1000 1225//1000 1228//1000 
f 1228//1000 1231//1000 1229//1000 
o mesh110
f 1101//1001 1161//1001 1232//1001 
f 1232//1001 1230//1001 1101//1001 
o mesh111
f 1233//1002 1231//1002 1228//1002 
f 1228//1002 1230//1002 1233//1002 
o mesh112
f 1161//1003 1160//1003 1234//1003 
f 1234//1003 1232//1003 1161//1003 
o mesh113
f 1235//1004 1233//1004 1230//1004 
f 1230//1004 1232//1004 1235//1004 
o mesh114
f 1160//1005 1218//1005 1223//1005 
f 1223//1005 1234//1005 1160//1005 
o mesh115
f 1236//1006 1235//1006 1232//1006 
f 1232//1006 1234//1006 1236//1006 
o mesh116
f 1236//1007 1234//1007 1223//1007 
f 1223//1007 1237//1007 1236//1007 
o mesh117
f 1227//1006 1237//1006 1223//1006 
f 1223//1006 1222//1006 1227//1006 
o mesh118
f 1238//1008 1239//1009 1217//1009 
f 1240//1010 1238//1008 1211//1011 
f 1241//1012 1240//1010 1167//1013 
f 1242//1014 1241//1012 1166//1015 
f 1243//1016 1242//1014 1181//1017 
f 1244//1018 1243//1016 1182//1019 
f 1245//1020 1244//1018 1169//1021 
f 1246//1022 1245//1020 1168//1023 
f 1247//1024 1246//1022 1154//1025 
f 1248//1026 1247//1024 1153//1027 
f 1249//1028 1248//1026 1155//1029 
f 1250//1030 1249//1028 1120//1031 
f 1251//1032 1250//1030 1119//1033 
f 1252//1034 1251//1032 1112//1035 
f 1253//1036 1252//1034 1104//1037 
f 1254//1038 1253//1036 1103//1039 
f 1255//1040 1254//1038 1102//1041 
f 1256//1042 1255//1040 1098//1043 
f 1257//1044 1256//1042 1216//1045 
f 1258//1046 1257//1044 1210//1047 
f 1259//1048 1258//1046 1192//1049 
f 1260//1050 1259//1048 1179//1051 
f 1261//1052 1260//1050 1178//1053 
f 1262//1054 1261//1052 1180//1055 
f 1263//1056 1262//1054 1207//1057 
f 1264//1058 1263//1056 1206//1059 
f 1265//1060 1264//1058 1190//1061 
f 1266//1062 1265//1060 1163//1063 
f 1267//1064 1266//1062 1157//1065 
f 1268//1066 1267//1064 1176//1067 
f 1269//1068 1268//1066 1177//1069 
f 1270//1070 1269//1068 1165//1071 
f 1271//1072 1270//1070 1164//1073 
f 1272//1074 1271//1072 1191//1075 
f 1273//1076 1272//1074 1214//1077 
f 1274//1078 1273//1076 1209//1079 
f 1275//1080 1274//1078 1208//1081 
f 1276//1082 1275//1080 1219//1083 
f 1277//1084 1276//1082 1215//1085 
f 1278//1086 1277//1084 1200//1087 
f 1279//1088 1278//1086 1188//1089 
f 1280//1090 1279//1088 1187//1091 
f 1281//1092 1280//1090 1172//1093 
f 1282//1094 1281//1092 1171//1095 
f 1283//1096 1282//1094 1162//1097 
f 1284//1098 1283//1096 1173//1099 
f 1285//1100 1284//1098 1197//1101 
f 1286//1102 1285//1100 1199//1103 
f 1287//1104 1286//1102 1198//1105 
f 1288//1106 1287//1104 1202//1107 
f 1289//1108 1288//1106 1201//1109 
f 1290//1110 1289//1108 1203//1111 
f 1291//1112 1290//1110 1189//1113 
f 1292//1114 1291//1112 1175//1115 
f 1293//1116 1292//1114 1174//1117 
f 1294//1118 1293//1116 1213//1119 
f 1295//1120 1294//1118 1205//1121 
f 1239//1009 1295//1120 1204//1120 
f 1204//1120 1217//1009 1239//1009 
f 1205//1121 1204//1120 1295//1120 
f 1213//1119 1205//1121 1294//1118 
f 1174//1117 1213//1119 1293//1116 
f 1175//1115 1174//1117 1292//1114 
f 1189//1113 1175//1115 1291//1112 
f 1203//1111 1189//1113 1290//1110 
f 1201//1109 1203//1111 1289//1108 
f 1202//1107 1201//1109 1288//1106 
f 1198//1105 1202//1107 1287//1104 
f 1199//1103 1198//1105 1286//1102 
f 1197//1101 1199//1103 1285//1100 
f 1173//1099 1197//1101 1284//1098 
f 1162//1097 1173//1099 1283//1096 
f 1171//1095 1162//1097 1282//1094 
f 1172//1093 1171//1095 1281//1092 
f 1187//1091 1172//1093 1280//1090 
f 1188//1089 1187//1091 1279//1088 
f 1200//1087 1188//1089 1278//1086 
f 1215//1085 1200//1087 1277//1084 
f 1219//1083 1215//1085 1276//1082 
f 1208//1081 1219//1083 1275//1080 
f 1209//1079 1208//1081 1274//1078 
f 1214//1077 1209//1079 1273//1076 
f 1191//1075 1214//1077 1272//1074 
f 1164//1073 1191//1075 1271//1072 
f 1165//1071 1164//1073 1270//1070 
f 1177//1069 1165//1071 1269//1068 
f 1176//1067 1177//1069 1268//1066 
f 1157//1065 1176//1067 1267//1064 
f 1163//1063 1157//1065 1266//1062 
f 1190//1061 1163//1063 1265//1060 
f 1206//1059 1190//1061 1264//1058 
f 1207//1057 1206//1059 1263//1056 
f 1180//1055 1207//1057 1262//1054 
f 1178//1053 1180//1055 1261//1052 
f 1179//1051 1178//1053 1260//1050 
f 1192//1049 1179//1051 1259//1048 
f 1210//1047 1192//1049 1258//1046 
f 1216//1045 1210//1047 1257//1044 
f 1098//1043 1216//1045 1256//1042 
f 1102//1041 1098//1043 1255//1040 
f 1103//1039 1102//1041 1254//1038 
f 1104//1037 1103//1039 1253//1036 
f 1112//1035 1104//1037 1252//1034 
f 1119//1033 1112//1035 1251//1032 
f 1120//1031 1119//1033 1250//1030 
f 1155//1029 1120//1031 1249//1028 
f 1153//1027 1155//1029 1248//1026 
f 1154//1025 1153//1027 1247//1024 
f 1168//1023 1154//1025 1246//1022 
f 1169//1021 1168//1023 1245//1020 
f 1182//1019 1169//1021 1244//1018 
f 1181//1017 1182//1019 1243//1016 
f 1166//1015 1181//1017 1242//1014 
f 1167//1013 1166//1015 1241//1012 
f 1211//1011 1167//1013 1240//1010 
f 1217//1009 1211//1011 1238//1008 
o mesh119
f 1296//1122 1268//1122 1269//1122 
f 1269//1122 1270//1122 1296//1122 
f 1270//1122 1271//1122 1296//1122 
f 1271//1122 1272//1122 1296//1122 
f 1272//1122 1273//1122 1296//1122 
f 1273//1122 1274//1122 1296//1122 
f 1274//1122 1275//1122 1296//1122 
f 1275//1122 1276//1122 1296//1122 
f 1276//1122 1277//1122 1296//1122 
f 1277//1122 1278//1122 1296//1122 
f 1278//1122 1279//1122 1296//1122 
f 1279//1122 1280//1122 1296//1122 
f 1280//1122 1281//1122 1296//1122 
f 1281//1122 1282//1122 1296//1122 
f 1282//1122 1283//1122 1296//1122 
f 1283//1122 1284//1122 1296//1122 
f 1284//1122 1285//1122 1296//1122 
f 1285//1122 1286//1122 1296//1122 
f 1286//1122 1287//1122 1296//1122 
f 1287//1122 1288//1122 1296//1122 
f 1288//1122 1289//1122 1296//1122 
f 1289//1122 1290//1122 1296//1122 
f 1290//1122 1291//1122 1296//1122 
f 1291//1122 1292//1122 1296//1122 
f 1292//1122 1293//1122 1296//1122 
f 1293//1122 1294//1122 1296//1122 
f 1294//1122 1295//1122 1296//1122 
f 1295//1122 1239//1122 1296//1122 
f 1239//1122 1238//1122 1296//1122 
f 1238//1122 1240//1122 1296//1122 
f 1240//1122 1241//1122 1296//1122 
f 1241//1122 1242//1122 1296//1122 
f 1242//1122 1243//1122 1296//1122 
f 1243//1122 1244//1122 1296//1122 
f 1244//1122 1245//1122 1296//1122 
f 1245//1122 1246//1122 1296//1122 
f 1246//1122 1247//1122 1296//1122 
f 1247//1122 1248//1122 1296//1122 
f 1248//1122 1249//1122 1296//1122 
f 1249//1122 1250//1122 1296//1122 
f 1250//1122 1251//1122 1296//1122 
f 1251//1122 1252//1122 1296//1122 
f 1252//1122 1253//1122 1296//1122 
f 1253//1122 1254//1122 1296//1122 
f 1254//1122 1255//1122 1296//1122 
f 1255//1122 1256//1122 1296//1122 
f 1256//1122 1257//1122 1296//1122 
f 1257//1122 1258//1122 1296//1122 
f 1258//1122 1259//1122 1296//1122 
f 1259//1122 1260//1122 1296//1122 
f 1260//1122 1261//1122 1296//1122 
f 1261//1122 1262//1122 1296//1122 
f 1262//1122 1263//1122 1296//1122 
f 1263//1122 1264//1122 1296//1122 
f 1264//1122 1265//1122 1296//1122 
f 1265//1122 1266//1122 1296//1122 
f 1266//1122 1267//1122 1296//1122 
f 1267//1122 1268//1122 1296//1122 
o mesh120
f 1297//1123 1298//1124 1170//1124 
f 1299//1125 1297//1123 1220//1126 
f 1300//1127 1299//1125 1195//1128 
f 1301//1129 1300//1127 1194//1130 
f 1302//1131 1301//1129 1212//1132 
f 1303//1133 1302//1131 1184//1134 
f 1304//1135 1303//1133 1183//1136 
f 1305//1137 1304//1135 1186//1138 
f 1306//1139 1305//1137 1185//1140 
f 1307//1141 1306//1139 1196//1142 
f 1308//1143 1307//1141 1193//1144 
f 1309//1145 1308//1143 1138//1146 
f 1310//1147 1309//1145 1099//1148 
f 1311//1149 1310//1147 1100//1150 
f 1312//1151 1311//1149 1106//1152 
f 1313//1153 1312//1151 1110//1154 
f 1314//1155 1313//1153 1113//1156 
f 1315//1157 1314//1155 1116//1158 
f 1316//1159 1315//1157 1115//1160 
f 1317//1161 1316//1159 1137//1162 
f 1318//1163 1317//1161 1126//1164 
f 1319//1165 1318//1163 1125//1166 
f 1320//1167 1319//1165 1148//1168 
f 1321//1169 1320//1167 1147//1170 
f 1322//1171 1321//1169 1140//1172 
f 1323//1173 1322//1171 1139//1174 
f 1324//1175 1323//1173 1141//1176 
f 1325//1177 1324//1175 1128//1178 
f 1326//1179 1325//1177 1127//1180 
f 1327//1181 1326//1179 1150//1182 
f 1328//1183 1327//1181 1149//1184 
f 1329//1185 1328//1183 1152//1186 
f 1330//1187 1329//1185 1151//1188 
f 1331//1189 1330//1187 1156//1190 
f 1332//1191 1331//1189 1143//1192 
f 1333//1193 1332//1191 1142//1194 
f 1334//1195 1333//1193 1145//1196 
f 1335//1197 1334//1195 1144//1198 
f 1336//1199 1335//1197 1129//1200 
f 1337//1201 1336//1199 1122//1202 
f 1338//1203 1337//1201 1121//1204 
f 1339//1205 1338//1203 1123//1206 
f 1340//1207 1339//1205 1117//1208 
f 1341//1209 1340//1207 1109//1210 
f 1342//1211 1341//1209 1108//1212 
f 1343//1213 1342//1211 1114//1214 
f 1344//1215 1343//1213 1118//1216 
f 1345//1217 1344//1215 1130//1218 
f 1346//1219 1345//1217 1146//1220 
f 1347//1221 1346//1219 1132//1222 
f 1348//1223 1347//1221 1131//1224 
f 1349//1225 1348//1223 1159//1226 
f 1350//1227 1349//1225 1158//1228 
f 1351//1229 1350//1227 1134//1230 
f 1352//1231 1351//1229 1133//1232 
f 1353//1233 1352//1231 1124//1234 
f 1354//1235 1353//1233 1136//1236 
f 1298//1124 1354//1235 1135//1235 
f 1135//1235 1170//1124 1298//1124 
f 1136//1236 1135//1235 1354//1235 
f 1124//1234 1136//1236 1353//1233 
f 1133//1232 1124//1234 1352//1231 
f 1134//1230 1133//1232 1351//1229 
f 1158//1228 1134//1230 1350//1227 
f 1159//1226 1158//1228 1349//1225 
f 1131//1224 1159//1226 1348//1223 
f 1132//1222 1131//1224 1347//1221 
f 1146//1220 1132//1222 1346//1219 
f 1130//1218 1146//1220 1345//1217 
f 1118//1216 1130//1218 1344//1215 
f 1114//1214 1118//1216 1343//1213 
f 1108//1212 1114//1214 1342//1211 
f 1109//1210 1108//1212 1341//1209 
f 1117//1208 1109//1210 1340//1207 
f 1123//1206 1117//1208 1339//1205 
f 1121//1204 1123//1206 1338//1203 
f 1122//1202 1121//1204 1337//1201 
f 1129//1200 1122//1202 1336//1199 
f 1144//1198 1129//1200 1335//1197 
f 1145//1196 1144//1198 1334//1195 
f 1142//1194 1145//1196 1333//1193 
f 1143//1192 1142//1194 1332//1191 
f 1156//1190 1143//1192 1331//1189 
f 1151//1188 1156//1190 1330//1187 
f 1152//1186 1151//1188 1329//1185 
f 1149//1184 1152//1186 1328//1183 
f 1150//1182 1149//1184 1327//1181 
f 1127//1180 1150//1182 1326//1179 
f 1128//1178 1127//1180 1325//1177 
f 1141//1176 1128//1178 1324//1175 
f 1139//1174 1141//1176 1323//1173 
f 1140//1172 1139//1174 1322//1171 
f 1147//1170 1140//1172 1321//1169 
f 1148//1168 1147//1170 1320//1167 
f 1125//1166 1148//1168 1319//1165 
f 1126//1164 1125//1166 1318//1163 
f 1137//1162 1126//1164 1317//1161 
f 1115//1160 1137//1162 1316//1159 
f 1116//1158 1115//1160 1315//1157 
f 1113//1156 1116//1158 1314//1155 
f 1110//1154 1113//1156 1313//1153 
f 1106//1152 1110//1154 1312//1151 
f 1100//1150 1106//1152 1311//1149 
f 1099//1148 1100//1150 1310//1147 
f 1138//1146 1099//1148 1309//1145 
f 1193//1144 1138//1146 1308//1143 
f 1196//1142 1193//1144 1307//1141 
f 1185//1140 1196//1142 1306//1139 
f 1186//1138 1185//1140 1305//1137 
f 1183//1136 1186//1138 1304//1135 
f 1184//1134 1183//1136 1303//1133 
f 1212//1132 1184//1134 1302//1131 
f 1194//1130 1212//1132 1301//1129 
f 1195//1128 1194//1130 1300//1127 
f 1220//1126 1195//1128 1299//1125 
f 1170//1124 1220//1126 1297//1123 
o mesh121
f 1355//1237 1327//1237 1328//1237 
f 1328//1237 1329//1237 1355//1237 
f 1329//1237 1330//1237 1355//1237 
f 1330//1237 1331//1237 1355//1237 
f 1331//1237 1332//1237 1355//1237 
f 1332//1237 1333//1237 1355//1237 
f 1333//1237 1334//1237 1355//1237 
f 1334//1237 1335//1237 1355//1237 
f 1335//1237 1336//1237 1355//1237 
f 1336//1237 1337//1237 1355//1237 
f 1337//1237 1338//1237 1355//1237 
f 1338//1237 1339//1237 1355//1237 
f 1339//1237 1340//1237 1355//1237 
f 1340//1237 1341//1237 1355//1237 
f 1341//1237 1342//1237 1355//1237 
f 1342//1237 1343//1237 1355//1237 
f 1343//1237 1344//1237 1355//1237 
f 1344//1237 1345//1237 1355//1237 
f 1345//1237 1346//1237 1355//1237 
f 1346//1237 1347//1237 1355//1237 
f 1347//1237 1348//1237 1355//1237 
f 1348//1237 1349//1237 1355//1237 
f 1349//1237 1350//1237 1355//1237 
f 1350//1237 1351//1237 1355//1237 
f 1351//1237 1352//1237 1355//1237 
f 1352//1237 1353//1237 1355//1237 
f 1353//1237 1354//1237 1355//1237 
f 1354//1237 1298//1237 1355//1237 
f 1298//1237 1297//1237 1355//1237 
f 1297//1237 1299//1237 1355//1237 
f 1299//1237 1300//1237 1355//1237 
f 1300//1237 1301//1237 1355//1237 
f 1301//1237 1302//1237 1355//1237 
f 1302//1237 1303//1237 1355//1237 
f 1303//1237 1304//1237 1355//1237 
f 1304//1237 1305//1237 1355//1237 
f 1305//1237 1306//1237 1355//1237 
f 1306//1237 1307//1237 1355//1237 
f 1307//1237 1308//1237 1355//1237 
f 1308//1237 1309//1237 1355//1237 
f 1309//1237 1310//1237 1355//1237 
f 1310//1237 1311//1237 1355//1237 
f 1311//1237 1312//1237 1355//1237 
f 1312//1237 1313//1237 1355//1237 
f 1313//1237 1314//1237 1355//1237 
f 1314//1237 1315//1237 1355//1237 
f 1315//1237 1316//1237 1355//1237 
f 1316//1237 1317//1237 1355//1237 
f 1317//1237 1318//1237 1355//1237 
f 1318//1237 1319//1237 1355//1237 
f 1319//1237 1320//1237 1355//1237 
f 1320//1237 1321//1237 1355//1237 
f 1321//1237 1322//1237 1355//1237 
f 1322//1237 1323//1237 1355//1237 
f 1323//1237 1324//1237 1355//1237 
f 1324//1237 1325//1237 1355//1237 
f 1325//1237 1326//1237 1355//1237 
f 1326//1237 1327//1237 1355//1237 
o mesh122
f 255//1237 253//1237 250//1237 
f 800//1237 257//1237 255//1237 
f 1364//1237 252//1237 805//1237 
f 1364//1237 817//1237 251//1237 
f 255//1237 797//1237 800//1237 
f 254//1237 256//1237 257//1237 
f 251//1237 252//1237 1364//1237 
f 817//1237 797//1237 250//1237 
f 257//1237 800//1237 254//1237 
f 805//1237 252//1237 254//1237 
f 250//1237 251//1237 817//1237 
f 254//1237 800//1237 805//1237 
f 250//1237 797//1237 255//1237 
f 1356//1237 799//1237 1357//1237 
f 799//1237 798//1237 1358//1237 
f 1358//1237 1357//1237 799//1237 
f 1358//1237 798//1237 1359//1237 
f 1359//1237 1360//1237 1358//1237 
f 806//1237 1361//1237 1359//1237 
f 806//1237 1364//1237 1362//1237 
f 1364//1237 803//1237 801//1237 
f 1359//1237 798//1237 806//1237 
f 801//1237 1362//1237 1364//1237 
f 801//1237 799//1237 1356//1237 
f 1362//1237 1361//1237 806//1237 
f 1357//1237 1363//1237 1356//1237 
f 834//1237 832//1237 578//1237 
f 584//1237 583//1237 578//1237 
f 818//1237 817//1237 830//1237 
f 817//1237 1364//1237 832//1237 
f 578//1237 832//1237 584//1237 
f 1364//1237 587//1237 584//1237 
f 832//1237 830//1237 817//1237 
f 584//1237 832//1237 1364//1237 
f 593//1237 824//1237 579//1237 
f 827//1237 839//1237 579//1237 
f 578//1237 838//1237 834//1237 
f 578//1237 579//1237 839//1237 
f 969//1237 824//1237 593//1237 
f 579//1237 824//1237 827//1237 
f 839//1237 838//1237 578//1237 
f 579//1237 581//1237 593//1237 
f 593//1237 592//1237 969//1237 
f 968//1237 822//1237 824//1237 
f 790//1237 788//1237 978//1237 
f 824//1237 969//1237 968//1237 
f 969//1237 592//1237 790//1237 
f 978//1237 969//1237 790//1237 
f 978//1237 788//1237 977//1237 
f 977//1237 979//1237 978//1237 
f 788//1237 787//1237 975//1237 
f 975//1237 977//1237 788//1237 
f 975//1237 787//1237 971//1237 
f 787//1237 822//1237 968//1237 
f 819//1237 821//1237 822//1237 
f 971//1237 973//1237 975//1237 
f 822//1237 787//1237 819//1237 
f 968//1237 971//1237 787//1237 
f 592//1237 792//1237 790//1237 
f 786//1237 1229//1237 1231//1237 
f 1231//1237 810//1237 786//1237 
f 1227//1237 1226//1237 1229//1237 
f 1229//1237 786//1237 1227//1237 
f 789//1237 1237//1237 1227//1237 
f 1235//1237 1236//1237 1237//1237 
f 792//1237 592//1237 1233//1237 
f 1227//1237 786//1237 789//1237 
f 789//1237 794//1237 1235//1237 
f 591//1237 588//1237 812//1237 
f 1233//1237 1235//1237 794//1237 
f 1237//1237 789//1237 1235//1237 
f 812//1237 813//1237 591//1237 
f 1233//1237 592//1237 591//1237 
f 1231//1237 813//1237 810//1237 
f 591//1237 1231//1237 1233//1237 
f 813//1237 1231//1237 591//1237 
f 806//1237 809//1237 812//1237 
f 1364//1237 806//1237 588//1237 
f 812//1237 588//1237 806//1237 
f 1233//1237 794//1237 792//1237 
f 588//1237 587//1237 1364//1237 
f 830//1237 828//1237 818//1237 
f 1356//1237 1362//1237 801//1237 
f 805//1237 803//1237 1364//1237 
o mesh123
f 1356//1238 1365//1238 1366//1238 
f 1366//1238 1362//1238 1356//1238 
o mesh124
f 1361//1239 1362//1239 1366//1239 
f 1366//1239 1367//1239 1361//1239 
o mesh125
f 1368//1240 1369//1240 1366//1240 
f 1366//1240 1365//1240 1368//1240 
o mesh126
f 1365//1241 1356//1241 1363//1241 
f 1363//1241 1370//1241 1365//1241 
o mesh127
f 1371//1242 1368//1242 1365//1242 
f 1365//1242 1370//1242 1371//1242 
o mesh128
f 1363//1243 1357//1243 1372//1243 
f 1372//1243 1370//1243 1363//1243 
o mesh129
f 1373//1244 1371//1244 1370//1244 
f 1370//1244 1372//1244 1373//1244 
o mesh130
f 1357//1245 1358//1245 1374//1245 
f 1374//1245 1372//1245 1357//1245 
o mesh131
f 1375//1246 1373//1246 1372//1246 
f 1372//1246 1374//1246 1375//1246 
o mesh132
f 1360//1247 1376//1247 1374//1247 
f 1374//1247 1358//1247 1360//1247 
o mesh133
f 1369//1248 1377//1248 1367//1248 
f 1367//1248 1366//1248 1369//1248 
o mesh134
f 1359//1247 1361//1247 1367//1247 
f 1367//1247 1378//1247 1359//1247 
o mesh135
f 1377//1249 1379//1249 1378//1249 
f 1378//1249 1367//1249 1377//1249 
o mesh136
f 1379//1250 1380//1250 1376//1250 
f 1376//1250 1378//1250 1379//1250 
o mesh137
f 1380//1249 1375//1249 1374//1249 
f 1374//1249 1376//1249 1380//1249 
o mesh138
f 1360//1251 1359//1251 1378//1251 
f 1378//1251 1376//1251 1360//1251 
o mesh139
f 1377//1252 1381//1252 1382//1252 
f 1383//1252 1369//1252 1384//1252 
f 1377//1252 1385//1252 1381//1252 
f 1384//1252 1386//1252 1383//1252 
f 1382//1252 1387//1252 1377//1252 
f 1369//1252 1388//1252 1385//1252 
f 1386//1252 1389//1252 1383//1252 
f 1385//1252 1377//1252 1369//1252 
f 1369//1252 1390//1252 1384//1252 
f 1369//1252 1391//1252 1392//1252 
f 1377//1252 1393//1252 1394//1252 
f 1387//1252 1395//1252 1377//1252 
f 1392//1252 1390//1252 1369//1252 
f 1369//1252 1396//1252 1397//1252 
f 1371//1252 1398//1252 1399//1252 
f 1379//1252 1400//1252 1401//1252 
f 1394//1252 1402//1252 1377//1252 
f 1369//1252 1403//1252 1388//1252 
f 1369//1252 1404//1252 1405//1252 
f 1369//1252 1406//1252 1391//1252 
f 1397//1252 1407//1252 1369//1252 
f 1380//1252 1408//1252 1409//1252 
f 1410//1252 638//1252 639//1252 
f 1399//1252 1368//1252 1371//1252 
f 1371//1252 1411//1252 1412//1252 
f 1379//1252 1413//1252 1414//1252 
f 1401//1252 1415//1252 1379//1252 
f 1377//1252 1416//1252 1417//1252 
f 1377//1252 1418//1252 1419//1252 
f 1395//1252 1393//1252 1377//1252 
f 1405//1252 1420//1252 1369//1252 
f 1369//1252 1421//1252 1422//1252 
f 1383//1252 1423//1252 1369//1252 
f 1369//1252 1424//1252 1425//1252 
f 1407//1252 1426//1252 1369//1252 
f 1369//1252 1427//1252 1428//1252 
f 615//1252 616//1252 1380//1252 
f 1409//1252 1429//1252 1380//1252 
f 1380//1252 1430//1252 1431//1252 
f 1410//1252 637//1252 638//1252 
f 1412//1252 1398//1252 1371//1252 
f 635//1252 636//1252 1432//1252 
f 1379//1252 1433//1252 1434//1252 
f 1415//1252 1413//1252 1379//1252 
f 1379//1252 1377//1252 1435//1252 
f 1377//1252 1436//1252 1437//1252 
f 1419//1252 1416//1252 1377//1252 
f 1420//1252 1403//1252 1369//1252 
f 1423//1252 1421//1252 1369//1252 
f 1369//1252 1438//1252 1439//1252 
f 1426//1252 1424//1252 1369//1252 
f 1428//1252 1440//1252 1369//1252 
f 1389//1252 1386//1252 655//1252 
f 1380//1252 1441//1252 1442//1252 
f 1431//1252 1408//1252 1380//1252 
f 613//1252 1443//1252 1444//1252 
f 615//1252 1445//1252 1446//1252 
f 615//1252 1447//1252 1448//1252 
f 615//1252 1442//1252 1449//1252 
f 1450//1252 1451//1252 611//1252 
f 636//1252 1410//1252 1452//1252 
f 1410//1252 636//1252 637//1252 
f 639//1252 1453//1252 1454//1252 
f 1368//1252 1455//1252 1456//1252 
f 1399//1252 1457//1252 1368//1252 
f 1458//1252 634//1252 635//1252 
f 1379//1252 1459//1252 1460//1252 
f 1414//1252 1433//1252 1379//1252 
f 1377//1252 1461//1252 1435//1252 
f 1377//1252 1462//1252 1436//1252 
f 1402//1252 1418//1252 1377//1252 
f 1369//1252 1463//1252 1464//1252 
f 1439//1252 1406//1252 1369//1252 
f 1440//1252 1396//1252 1369//1252 
f 655//1252 656//1252 1389//1252 
f 1386//1252 653//1252 654//1252 
f 1380//1252 616//1252 617//1252 
f 1429//1252 1441//1252 1380//1252 
f 1444//1252 612//1252 613//1252 
f 1448//1252 1445//1252 615//1252 
f 1449//1252 1465//1252 615//1252 
f 1451//1252 667//1252 611//1252 
f 639//1252 1466//1252 1410//1252 
f 1454//1252 1467//1252 639//1252 
f 1368//1252 1468//1252 1469//1252 
f 1368//1252 1470//1252 1471//1252 
f 1368//1252 1472//1252 1473//1252 
f 1457//1252 1455//1252 1368//1252 
f 1371//1252 1474//1252 1475//1252 
f 1432//1252 1458//1252 635//1252 
f 1371//1252 633//1252 634//1252 
f 1379//1252 1476//1252 1430//1252 
f 1460//1252 1477//1252 1379//1252 
f 1435//1252 1400//1252 1379//1252 
f 1417//1252 1462//1252 1377//1252 
f 1422//1252 1463//1252 1369//1252 
f 1369//1252 1478//1252 1427//1252 
f 654//1252 655//1252 1386//1252 
f 1386//1252 651//1252 652//1252 
f 1380//1252 1442//1252 615//1252 
f 613//1252 614//1252 1443//1252 
f 1465//1252 1447//1252 615//1252 
f 611//1252 610//1252 1450//1252 
f 1451//1252 660//1252 661//1252 
f 1451//1252 658//1252 659//1252 
f 1451//1252 656//1252 657//1252 
f 636//1252 1479//1252 1480//1252 
f 1452//1252 1481//1252 636//1252 
f 639//1252 1482//1252 1453//1252 
f 1368//1252 1483//1252 1468//1252 
f 1471//1252 1484//1252 1368//1252 
f 1368//1252 1485//1252 1472//1252 
f 1475//1252 1411//1252 1371//1252 
f 1458//1252 1486//1252 634//1252 
f 1371//1252 632//1252 633//1252 
f 1477//1252 1476//1252 1379//1252 
f 1437//1252 1461//1252 1377//1252 
f 1425//1252 1438//1252 1369//1252 
f 652//1252 653//1252 1386//1252 
f 1386//1252 649//1252 650//1252 
f 647//1252 1386//1252 1487//1252 
f 1488//1252 639//1252 640//1252 
f 617//1252 618//1252 1380//1252 
f 1446//1252 1443//1252 615//1252 
f 1451//1252 666//1252 667//1252 
f 612//1252 1444//1252 1489//1252 
f 1451//1252 664//1252 665//1252 
f 661//1252 662//1252 1451//1252 
f 657//1252 658//1252 1451//1252 
f 1480//1252 1490//1252 636//1252 
f 1467//1252 1466//1252 639//1252 
f 639//1252 1491//1252 1492//1252 
f 1368//1252 1493//1252 1478//1252 
f 1484//1252 1483//1252 1368//1252 
f 1456//1252 1485//1252 1368//1252 
f 634//1252 1474//1252 1371//1252 
f 1371//1252 622//1252 623//1252 
f 1371//1252 620//1252 621//1252 
f 1434//1252 1459//1252 1379//1252 
f 656//1252 1451//1252 1389//1252 
f 1386//1252 648//1252 649//1252 
f 1487//1252 646//1252 647//1252 
f 1487//1252 643//1252 644//1252 
f 643//1252 1487//1252 1488//1252 
f 640//1252 641//1252 1488//1252 
f 614//1252 615//1252 1443//1252 
f 1489//1252 1450//1252 612//1252 
f 1451//1252 663//1252 664//1252 
f 659//1252 660//1252 1451//1252 
f 1481//1252 1479//1252 636//1252 
f 1492//1252 1494//1252 639//1252 
f 639//1252 1488//1252 1495//1252 
f 1469//1252 1493//1252 1368//1252 
f 1486//1252 1474//1252 634//1252 
f 623//1252 624//1252 1371//1252 
f 1371//1252 619//1252 620//1252 
f 1464//1252 1404//1252 1369//1252 
f 647//1252 648//1252 1386//1252 
f 644//1252 645//1252 1487//1252 
f 641//1252 642//1252 1488//1252 
f 610//1252 612//1252 1450//1252 
f 662//1252 663//1252 1451//1252 
f 1380//1252 619//1252 1371//1252 
f 1494//1252 1482//1252 639//1252 
f 1495//1252 1496//1252 639//1252 
f 1473//1252 1470//1252 1368//1252 
f 1371//1252 630//1252 631//1252 
f 1371//1252 628//1252 629//1252 
f 1371//1252 625//1252 626//1252 
f 621//1252 622//1252 1371//1252 
f 650//1252 651//1252 1386//1252 
f 1488//1252 642//1252 643//1252 
f 665//1252 666//1252 1451//1252 
f 1373//1252 1375//1252 1380//1252 
f 1496//1252 1491//1252 639//1252 
f 631//1252 632//1252 1371//1252 
f 1371//1252 627//1252 628//1252 
f 624//1252 625//1252 1371//1252 
f 645//1252 646//1252 1487//1252 
f 1371//1252 1373//1252 1380//1252 
f 1478//1252 1369//1252 1368//1252 
f 626//1252 627//1252 1371//1252 
f 618//1252 619//1252 1380//1252 
f 629//1252 630//1252 1371//1252 
f 1490//1252 1432//1252 636//1252 
f 1430//1252 1380//1252 1379//1252 
o mesh140
f 1497//1253 1498//1254 1478//1254 
f 1499//1255 1497//1253 1493//1256 
f 1500//1257 1499//1255 1469//1258 
f 1501//1259 1500//1257 1468//1260 
f 1502//1261 1501//1259 1483//1262 
f 1503//1263 1502//1261 1484//1264 
f 1504//1265 1503//1263 1471//1266 
f 1505//1267 1504//1265 1470//1268 
f 1506//1269 1505//1267 1473//1270 
f 1507//1271 1506//1269 1472//1272 
f 1508//1273 1507//1271 1485//1274 
f 1509//1275 1508//1273 1456//1276 
f 1510//1277 1509//1275 1455//1278 
f 1511//1279 1510//1277 1457//1280 
f 1512//1281 1511//1279 1399//1282 
f 1513//1283 1512//1281 1398//1284 
f 1514//1285 1513//1283 1412//1286 
f 1515//1287 1514//1285 1411//1288 
f 1516//1289 1515//1287 1475//1290 
f 1517//1291 1516//1289 1474//1292 
f 1518//1293 1517//1291 1486//1294 
f 1519//1295 1518//1293 1458//1296 
f 1520//1297 1519//1295 1432//1298 
f 1521//1299 1520//1297 1490//1300 
f 1522//1301 1521//1299 1480//1302 
f 1523//1303 1522//1301 1479//1304 
f 1524//1305 1523//1303 1481//1306 
f 1525//1307 1524//1305 1452//1308 
f 1526//1309 1525//1307 1410//1310 
f 1527//1311 1526//1309 1466//1312 
f 1528//1313 1527//1311 1467//1314 
f 1529//1315 1528//1313 1454//1316 
f 1530//1317 1529//1315 1453//1318 
f 1531//1319 1530//1317 1482//1320 
f 1532//1321 1531//1319 1494//1322 
f 1533//1323 1532//1321 1492//1324 
f 1534//1325 1533//1323 1491//1326 
f 1535//1327 1534//1325 1496//1328 
f 1536//1329 1535//1327 1495//1330 
f 1537//1331 1536//1329 1488//1332 
f 1538//1333 1537//1331 1487//1334 
f 1539//1335 1538//1333 1386//1336 
f 1540//1337 1539//1335 1384//1338 
f 1541//1339 1540//1337 1390//1340 
f 1542//1341 1541//1339 1392//1342 
f 1543//1343 1542//1341 1391//1344 
f 1544//1345 1543//1343 1406//1346 
f 1545//1347 1544//1345 1439//1348 
f 1546//1349 1545//1347 1438//1350 
f 1547//1351 1546//1349 1425//1352 
f 1548//1353 1547//1351 1424//1354 
f 1549//1355 1548//1353 1426//1356 
f 1550//1357 1549//1355 1407//1358 
f 1551//1359 1550//1357 1397//1360 
f 1552//1361 1551//1359 1396//1362 
f 1553//1363 1552//1361 1440//1364 
f 1554//1365 1553//1363 1428//1366 
f 1498//1254 1554//1365 1427//1365 
f 1427//1365 1478//1254 1498//1254 
f 1428//1366 1427//1365 1554//1365 
f 1440//1364 1428//1366 1553//1363 
f 1396//1362 1440//1364 1552//1361 
f 1397//1360 1396//1362 1551//1359 
f 1407//1358 1397//1360 1550//1357 
f 1426//1356 1407//1358 1549//1355 
f 1424//1354 1426//1356 1548//1353 
f 1425//1352 1424//1354 1547//1351 
f 1438//1350 1425//1352 1546//1349 
f 1439//1348 1438//1350 1545//1347 
f 1406//1346 1439//1348 1544//1345 
f 1391//1344 1406//1346 1543//1343 
f 1392//1342 1391//1344 1542//1341 
f 1390//1340 1392//1342 1541//1339 
f 1384//1338 1390//1340 1540//1337 
f 1386//1336 1384//1338 1539//1335 
f 1487//1334 1386//1336 1538//1333 
f 1488//1332 1487//1334 1537//1331 
f 1495//1330 1488//1332 1536//1329 
f 1496//1328 1495//1330 1535//1327 
f 1491//1326 1496//1328 1534//1325 
f 1492//1324 1491//1326 1533//1323 
f 1494//1322 1492//1324 1532//1321 
f 1482//1320 1494//1322 1531//1319 
f 1453//1318 1482//1320 1530//1317 
f 1454//1316 1453//1318 1529//1315 
f 1467//1314 1454//1316 1528//1313 
f 1466//1312 1467//1314 1527//1311 
f 1410//1310 1466//1312 1526//1309 
f 1452//1308 1410//1310 1525//1307 
f 1481//1306 1452//1308 1524//1305 
f 1479//1304 1481//1306 1523//1303 
f 1480//1302 1479//1304 1522//1301 
f 1490//1300 1480//1302 1521//1299 
f 1432//1298 1490//1300 1520//1297 
f 1458//1296 1432//1298 1519//1295 
f 1486//1294 1458//1296 1518//1293 
f 1474//1292 1486//1294 1517//1291 
f 1475//1290 1474//1292 1516//1289 
f 1411//1288 1475//1290 1515//1287 
f 1412//1286 1411//1288 1514//1285 
f 1398//1284 1412//1286 1513//1283 
f 1399//1282 1398//1284 1512//1281 
f 1457//1280 1399//1282 1511//1279 
f 1455//1278 1457//1280 1510//1277 
f 1456//1276 1455//1278 1509//1275 
f 1485//1274 1456//1276 1508//1273 
f 1472//1272 1485//1274 1507//1271 
f 1473//1270 1472//1272 1506//1269 
f 1470//1268 1473//1270 1505//1267 
f 1471//1266 1470//1268 1504//1265 
f 1484//1264 1471//1266 1503//1263 
f 1483//1262 1484//1264 1502//1261 
f 1468//1260 1483//1262 1501//1259 
f 1469//1258 1468//1260 1500//1257 
f 1493//1256 1469//1258 1499//1255 
f 1478//1254 1493//1256 1497//1253 
o mesh141
f 1555//1367 1527//1367 1528//1367 
f 1528//1367 1529//1367 1555//1367 
f 1529//1367 1530//1367 1555//1367 
f 1530//1367 1531//1367 1555//1367 
f 1531//1367 1532//1367 1555//1367 
f 1532//1367 1533//1367 1555//1367 
f 1533//1367 1534//1367 1555//1367 
f 1534//1367 1535//1367 1555//1367 
f 1535//1367 1536//1367 1555//1367 
f 1536//1367 1537//1367 1555//1367 
f 1537//1367 1538//1367 1555//1367 
f 1538//1367 1539//1367 1555//1367 
f 1539//1367 1540//1367 1555//1367 
f 1540//1367 1541//1367 1555//1367 
f 1541//1367 1542//1367 1555//1367 
f 1542//1367 1543//1367 1555//1367 
f 1543//1367 1544//1367 1555//1367 
f 1544//1367 1545//1367 1555//1367 
f 1545//1367 1546//1367 1555//1367 
f 1546//1367 1547//1367 1555//1367 
f 1547//1367 1548//1367 1555//1367 
f 1548//1367 1549//1367 1555//1367 
f 1549//1367 1550//1367 1555//1367 
f 1550//1367 1551//1367 1555//1367 
f 1551//1367 1552//1367 1555//1367 
f 1552//1367 1553//1367 1555//1367 
f 1553//1367 1554//1367 1555//1367 
f 1554//1367 1498//1367 1555//1367 
f 1498//1367 1497//1367 1555//1367 
f 1497//1367 1499//1367 1555//1367 
f 1499//1367 1500//1367 1555//1367 
f 1500//1367 1501//1367 1555//1367 
f 1501//1367 1502//1367 1555//1367 
f 1502//1367 1503//1367 1555//1367 
f 1503//1367 1504//1367 1555//1367 
f 1504//1367 1505//1367 1555//1367 
f 1505//1367 1506//1367 1555//1367 
f 1506//1367 1507//1367 1555//1367 
f 1507//1367 1508//1367 1555//1367 
f 1508//1367 1509//1367 1555//1367 
f 1509//1367 1510//1367 1555//1367 
f 1510//1367 1511//1367 1555//1367 
f 1511//1367 1512//1367 1555//1367 
f 1512//1367 1513//1367 1555//1367 
f 1513//1367 1514//1367 1555//1367 
f 1514//1367 1515//1367 1555//1367 
f 1515//1367 1516//1367 1555//1367 
f 1516//1367 1517//1367 1555//1367 
f 1517//1367 1518//1367 1555//1367 
f 1518//1367 1519//1367 1555//1367 
f 1519//1367 1520//1367 1555//1367 
f 1520//1367 1521//1367 1555//1367 
f 1521//1367 1522//1367 1555//1367 
f 1522//1367 1523//1367 1555//1367 
f 1523//1367 1524//1367 1555//1367 
f 1524//1367 1525//1367 1555//1367 
f 1525//1367 1526//1367 1555//1367 
f 1526//1367 1527//1367 1555//1367 
o mesh142
f 1556//1368 1557//1369 1451//1369 
f 1558//1370 1556//1368 1450//1371 
f 1559//1372 1558//1370 1489//1373 
f 1560//1374 1559//1372 1444//1375 
f 1561//1376 1560//1374 1443//1377 
f 1562//1378 1561//1376 1446//1379 
f 1563//1380 1562//1378 1445//1381 
f 1564//1382 1563//1380 1448//1383 
f 1565//1384 1564//1382 1447//1385 
f 1566//1386 1565//1384 1465//1387 
f 1567//1388 1566//1386 1449//1389 
f 1568//1390 1567//1388 1442//1391 
f 1569//1392 1568//1390 1441//1393 
f 1570//1394 1569//1392 1429//1395 
f 1571//1396 1570//1394 1409//1397 
f 1572//1398 1571//1396 1408//1399 
f 1573//1400 1572//1398 1431//1401 
f 1574//1402 1573//1400 1430//1403 
f 1575//1404 1574//1402 1476//1405 
f 1576//1406 1575//1404 1477//1407 
f 1577//1408 1576//1406 1460//1409 
f 1578//1410 1577//1408 1459//1411 
f 1579//1412 1578//1410 1434//1413 
f 1580//1414 1579//1412 1433//1415 
f 1581//1416 1580//1414 1414//1417 
f 1582//1418 1581//1416 1413//1419 
f 1583//1420 1582//1418 1415//1421 
f 1584//1422 1583//1420 1401//1423 
f 1585//1424 1584//1422 1400//1425 
f 1586//1426 1585//1424 1435//1427 
f 1587//1428 1586//1426 1461//1429 
f 1588//1430 1587//1428 1437//1431 
f 1589//1432 1588//1430 1436//1433 
f 1590//1434 1589//1432 1462//1435 
f 1591//1436 1590//1434 1417//1437 
f 1592//1438 1591//1436 1416//1439 
f 1593//1440 1592//1438 1419//1441 
f 1594//1442 1593//1440 1418//1443 
f 1595//1444 1594//1442 1402//1445 
f 1596//1446 1595//1444 1394//1447 
f 1597//1448 1596//1446 1393//1449 
f 1598//1450 1597//1448 1395//1451 
f 1599//1452 1598//1450 1387//1453 
f 1600//1454 1599//1452 1382//1455 
f 1601//1456 1600//1454 1381//1457 
f 1602//1458 1601//1456 1385//1459 
f 1603//1460 1602//1458 1388//1461 
f 1604//1462 1603//1460 1403//1463 
f 1605//1464 1604//1462 1420//1465 
f 1606//1466 1605//1464 1405//1467 
f 1607//1468 1606//1466 1404//1469 
f 1608//1470 1607//1468 1464//1471 
f 1609//1472 1608//1470 1463//1473 
f 1610//1474 1609//1472 1422//1475 
f 1611//1476 1610//1474 1421//1477 
f 1612//1478 1611//1476 1423//1479 
f 1613//1480 1612//1478 1383//1481 
f 1557//1369 1613//1480 1389//1480 
f 1389//1480 1451//1369 1557//1369 
f 1383//1481 1389//1480 1613//1480 
f 1423//1479 1383//1481 1612//1478 
f 1421//1477 1423//1479 1611//1476 
f 1422//1475 1421//1477 1610//1474 
f 1463//1473 1422//1475 1609//1472 
f 1464//1471 1463//1473 1608//1470 
f 1404//1469 1464//1471 1607//1468 
f 1405//1467 1404//1469 1606//1466 
f 1420//1465 1405//1467 1605//1464 
f 1403//1463 1420//1465 1604//1462 
f 1388//1461 1403//1463 1603//1460 
f 1385//1459 1388//1461 1602//1458 
f 1381//1457 1385//1459 1601//1456 
f 1382//1455 1381//1457 1600//1454 
f 1387//1453 1382//1455 1599//1452 
f 1395//1451 1387//1453 1598//1450 
f 1393//1449 1395//1451 1597//1448 
f 1394//1447 1393//1449 1596//1446 
f 1402//1445 1394//1447 1595//1444 
f 1418//1443 1402//1445 1594//1442 
f 1419//1441 1418//1443 1593//1440 
f 1416//1439 1419//1441 1592//1438 
f 1417//1437 1416//1439 1591//1436 
f 1462//1435 1417//1437 1590//1434 
f 1436//1433 1462//1435 1589//1432 
f 1437//1431 1436//1433 1588//1430 
f 1461//1429 1437//1431 1587//1428 
f 1435//1427 1461//1429 1586//1426 
f 1400//1425 1435//1427 1585//1424 
f 1401//1423 1400//1425 1584//1422 
f 1415//1421 1401//1423 1583//1420 
f 1413//1419 1415//1421 1582//1418 
f 1414//1417 1413//1419 1581//1416 
f 1433//1415 1414//1417 1580//1414 
f 1434//1413 1433//1415 1579//1412 
f 1459//1411 1434//1413 1578//1410 
f 1460//1409 1459//1411 1577//1408 
f 1477//1407 1460//1409 1576//1406 
f 1476//1405 1477//1407 1575//1404 
f 1430//1403 1476//1405 1574//1402 
f 1431//1401 1430//1403 1573//1400 
f 1408//1399 1431//1401 1572//1398 
f 1409//1397 1408//1399 1571//1396 
f 1429//1395 1409//1397 1570//1394 
f 1441//1393 1429//1395 1569//1392 
f 1442//1391 1441//1393 1568//1390 
f 1449//1389 1442//1391 1567//1388 
f 1465//1387 1449//1389 1566//1386 
f 1447//1385 1465//1387 1565//1384 
f 1448//1383 1447//1385 1564//1382 
f 1445//1381 1448//1383 1563//1380 
f 1446//1379 1445//1381 1562//1378 
f 1443//1377 1446//1379 1561//1376 
f 1444//1375 1443//1377 1560//1374 
f 1489//1373 1444//1375 1559//1372 
f 1450//1371 1489//1373 1558//1370 
f 1451//1369 1450//1371 1556//1368 
o mesh143
f 1614//1482 1586//1482 1587//1482 
f 1587//1482 1588//1482 1614//1482 
f 1588//1482 1589//1482 1614//1482 
f 1589//1482 1590//1482 1614//1482 
f 1590//1482 1591//1482 1614//1482 
f 1591//1482 1592//1482 1614//1482 
f 1592//1482 1593//1482 1614//1482 
f 1593//1482 1594//1482 1614//1482 
f 1594//1482 1595//1482 1614//1482 
f 1595//1482 1596//1482 1614//1482 
f 1596//1482 1597//1482 1614//1482 
f 1597//1482 1598//1482 1614//1482 
f 1598//1482 1599//1482 1614//1482 
f 1599//1482 1600//1482 1614//1482 
f 1600//1482 1601//1482 1614//1482 
f 1601//1482 1602//1482 1614//1482 
f 1602//1482 1603//1482 1614//1482 
f 1603//1482 1604//1482 1614//1482 
f 1604//1482 1605//1482 1614//1482 
f 1605//1482 1606//1482 1614//1482 
f 1606//1482 1607//1482 1614//1482 
f 1607//1482 1608//1482 1614//1482 
f 1608//1482 1609//1482 1614//1482 
f 1609//1482 1610//1482 1614//1482 
f 1610//1482 1611//1482 1614//1482 
f 1611//1482 1612//1482 1614//1482 
f 1612//1482 1613//1482 1614//1482 
f 1613//1482 1557//1482 1614//1482 
f 1557//1482 1556//1482 1614//1482 
f 1556//1482 1558//1482 1614//1482 
f 1558//1482 1559//1482 1614//1482 
f 1559//1482 1560//1482 1614//1482 
f 1560//1482 1561//1482 1614//1482 
f 1561//1482 1562//1482 1614//1482 
f 1562//1482 1563//1482 1614//1482 
f 1563//1482 1564//1482 1614//1482 
f 1564//1482 1565//1482 1614//1482 
f 1565//1482 1566//1482 1614//1482 
f 1566//1482 1567//1482 1614//1482 
f 1567//1482 1568//1482 1614//1482 
f 1568//1482 1569//1482 1614//1482 
f 1569//1482 1570//1482 1614//1482 
f 1570//1482 1571//1482 1614//1482 
f 1571//1482 1572//1482 1614//1482 
f 1572//1482 1573//1482 1614//1482 
f 1573//1482 1574//1482 1614//1482 
f 1574//1482 1575//1482 1614//1482 
f 1575//1482 1576//1482 1614//1482 
f 1576//1482 1577//1482 1614//1482 
f 1577//1482 1578//1482 1614//1482 
f 1578//1482 1579//1482 1614//1482 
f 1579//1482 1580//1482 1614//1482 
f 1580//1482 1581//1482 1614//1482 
f 1581//1482 1582//1482 1614//1482 
f 1582//1482 1583//1482 1614//1482 
f 1583//1482 1584//1482 1614//1482 
f 1584//1482 1585//1482 1614//1482 
f 1585//1482 1586//1482 1614//1482 
