# OBJ generated by ONSHAPE BY PTC INC, 1.219 Units = meters
mtllib HalfBoard.mtl
g Part 1
v 0.0347661 0.0919527 -0.01 
v 0.03475 0.09225 -0.01 
v 0.03475 0.09225 -0.005 
v 0.0348143 0.0916588 -0.01 
v 0.0347661 0.0919527 -0.005 
v 0.034894 0.0913719 -0.01 
v 0.0348143 0.0916588 -0.005 
v 0.0350042 0.0910953 -0.01 
v 0.034894 0.0913719 -0.005 
v 0.0351436 0.0908322 -0.01 
v 0.0350042 0.0910953 -0.005 
v 0.0353107 0.0905858 -0.01 
v 0.0351436 0.0908322 -0.005 
v 0.0355035 0.0903588 -0.01 
v 0.0353107 0.0905858 -0.005 
v 0.0357197 0.0901541 -0.01 
v 0.0355035 0.0903588 -0.005 
v 0.0359567 0.0899739 -0.01 
v 0.0357197 0.0901541 -0.005 
v 0.0362119 0.0898203 -0.01 
v 0.0359567 0.0899739 -0.005 
v 0.0364821 0.0896953 -0.01 
v 0.0362119 0.0898203 -0.005 
v 0.0367643 0.0896002 -0.01 
v 0.0364821 0.0896953 -0.005 
v 0.0370551 0.0895362 -0.01 
v 0.0367643 0.0896002 -0.005 
v 0.0373511 0.089504 -0.01 
v 0.0370551 0.0895362 -0.005 
v 0.0376489 0.089504 -0.01 
v 0.0373511 0.089504 -0.005 
v 0.0379449 0.0895362 -0.01 
v 0.0376489 0.089504 -0.005 
v 0.0382357 0.0896002 -0.01 
v 0.0379449 0.0895362 -0.005 
v 0.0385179 0.0896953 -0.01 
v 0.0382357 0.0896002 -0.005 
v 0.0387881 0.0898203 -0.01 
v 0.0385179 0.0896953 -0.005 
v 0.0390433 0.0899739 -0.01 
v 0.0387881 0.0898203 -0.005 
v 0.0392803 0.0901541 -0.01 
v 0.0390433 0.0899739 -0.005 
v 0.0394965 0.0903588 -0.01 
v 0.0392803 0.0901541 -0.005 
v 0.0396893 0.0905858 -0.01 
v 0.0394965 0.0903588 -0.005 
v 0.0398564 0.0908322 -0.01 
v 0.0396893 0.0905858 -0.005 
v 0.0399958 0.0910953 -0.01 
v 0.0398564 0.0908322 -0.005 
v 0.040106 0.0913719 -0.01 
v 0.0399958 0.0910953 -0.005 
v 0.0401857 0.0916588 -0.01 
v 0.040106 0.0913719 -0.005 
v 0.0402339 0.0919527 -0.01 
v 0.0401857 0.0916588 -0.005 
v 0.04025 0.09225 -0.01 
v 0.0402339 0.0919527 -0.005 
v 0.0402339 0.0925473 -0.01 
v 0.04025 0.09225 -0.005 
v 0.0401857 0.0928412 -0.01 
v 0.0402339 0.0925473 -0.005 
v 0.040106 0.0931281 -0.01 
v 0.0401857 0.0928412 -0.005 
v 0.0399958 0.0934047 -0.01 
v 0.040106 0.0931281 -0.005 
v 0.0398564 0.0936678 -0.01 
v 0.0399958 0.0934047 -0.005 
v 0.0396893 0.0939142 -0.01 
v 0.0398564 0.0936678 -0.005 
v 0.0394965 0.0941412 -0.01 
v 0.0396893 0.0939142 -0.005 
v 0.0392803 0.0943459 -0.01 
v 0.0394965 0.0941412 -0.005 
v 0.0390433 0.0945261 -0.01 
v 0.0392803 0.0943459 -0.005 
v 0.0387881 0.0946797 -0.01 
v 0.0390433 0.0945261 -0.005 
v 0.0385179 0.0948047 -0.01 
v 0.0387881 0.0946797 -0.005 
v 0.0382357 0.0948998 -0.01 
v 0.0385179 0.0948047 -0.005 
v 0.0379449 0.0949638 -0.01 
v 0.0382357 0.0948998 -0.005 
v 0.0376489 0.094996 -0.01 
v 0.0379449 0.0949638 -0.005 
v 0.0373511 0.094996 -0.01 
v 0.0376489 0.094996 -0.005 
v 0.0370551 0.0949638 -0.01 
v 0.0373511 0.094996 -0.005 
v 0.0367643 0.0948998 -0.01 
v 0.0370551 0.0949638 -0.005 
v 0.0364821 0.0948047 -0.01 
v 0.0367643 0.0948998 -0.005 
v 0.0362119 0.0946797 -0.01 
v 0.0364821 0.0948047 -0.005 
v 0.0359567 0.0945261 -0.01 
v 0.0362119 0.0946797 -0.005 
v 0.0357197 0.0943459 -0.01 
v 0.0359567 0.0945261 -0.005 
v 0.0355035 0.0941412 -0.01 
v 0.0357197 0.0943459 -0.005 
v 0.0353107 0.0939142 -0.01 
v 0.0355035 0.0941412 -0.005 
v 0.0351436 0.0936678 -0.01 
v 0.0353107 0.0939142 -0.005 
v 0.0350042 0.0934047 -0.01 
v 0.0351436 0.0936678 -0.005 
v 0.034894 0.0931281 -0.01 
v 0.0350042 0.0934047 -0.005 
v 0.0348143 0.0928412 -0.01 
v 0.034894 0.0931281 -0.005 
v 0.0347661 0.0925473 -0.01 
v 0.0348143 0.0928412 -0.005 
v 0.0347661 0.0925473 -0.005 
v 0.0403059 0.0963884 -0.01 
v 0.0407369 0.0960608 -0.01 
v 0.04113 0.0956885 -0.01 
v 0.0414805 0.0952759 -0.01 
v 0.0407369 0.0884392 -0.01 
v 0.0403059 0.0881116 -0.01 
v 0.0420379 0.0943494 -0.01 
v 0.0422383 0.0938465 -0.01 
v 0.0420379 0.0901506 -0.01 
v 0.0417843 0.0896722 -0.01 
v 0.0414805 0.0892241 -0.01 
v 0.04113 0.0888115 -0.01 
v 0.039842 0.0878324 -0.01 
v 0.0335195 0.0952759 -0.01 
v 0.03387 0.0956885 -0.01 
v 0.039842 0.0966676 -0.01 
v 0.0417843 0.0948278 -0.01 
v 0.0423831 0.0933249 -0.01 
v 0.0424707 0.0927906 -0.01 
v 0.0423831 0.0911751 -0.01 
v 0.0422383 0.0906535 -0.01 
v 0.0393507 0.0876051 -0.01 
v 0.0377707 0.0872573 -0.01 
v 0.0372293 0.0872573 -0.01 
v 0.0335195 0.0892241 -0.01 
v 0.0332157 0.0896722 -0.01 
v 0.0326169 0.0933249 -0.01 
v 0.0327617 0.0938465 -0.01 
v 0.0342631 0.0960608 -0.01 
v 0.0346941 0.0963884 -0.01 
v 0.035158 0.0966676 -0.01 
v 0.0372293 0.0972427 -0.01 
v 0.0377707 0.0972427 -0.01 
v 0.0425 0.09225 -0.01 
v 0.0424707 0.0917094 -0.01 
v 0.0388376 0.0874323 -0.01 
v 0.0383089 0.0873159 -0.01 
v 0.0366911 0.0873159 -0.01 
v 0.0346941 0.0881116 -0.01 
v 0.0342631 0.0884392 -0.01 
v 0.03387 0.0888115 -0.01 
v 0.0326169 0.0911751 -0.01 
v 0.0325293 0.0917094 -0.01 
v 0.0325293 0.0927906 -0.01 
v 0.0329621 0.0943494 -0.01 
v 0.0332157 0.0948278 -0.01 
v 0.0361624 0.0970677 -0.01 
v 0.0366911 0.0971841 -0.01 
v 0.0383089 0.0971841 -0.01 
v 0.0361624 0.0874323 -0.01 
v 0.0356493 0.0876051 -0.01 
v 0.0329621 0.0901506 -0.01 
v 0.0327617 0.0906535 -0.01 
v 0.0325 0.09225 -0.01 
v 0.0356493 0.0968949 -0.01 
v 0.0388376 0.0970677 -0.01 
v 0.0393507 0.0968949 -0.01 
v 0.035158 0.0878324 -0.01 
v 0.0325293 0.0917094 -0.015 
v 0.0325 0.09225 -0.015 
v 0.0326169 0.0911751 -0.015 
v 0.0327617 0.0906535 -0.015 
v 0.0329621 0.0901506 -0.015 
v 0.0332157 0.0896722 -0.015 
v 0.0335195 0.0892241 -0.015 
v 0.03387 0.0888115 -0.015 
v 0.0342631 0.0884392 -0.015 
v 0.0346941 0.0881116 -0.015 
v 0.035158 0.0878324 -0.015 
v 0.0356493 0.0876051 -0.015 
v 0.0361624 0.0874323 -0.015 
v 0.0366911 0.0873159 -0.015 
v 0.0372293 0.0872573 -0.015 
v 0.0377707 0.0872573 -0.015 
v 0.0383089 0.0873159 -0.015 
v 0.0388376 0.0874323 -0.015 
v 0.0393507 0.0876051 -0.015 
v 0.039842 0.0878324 -0.015 
v 0.0403059 0.0881116 -0.015 
v 0.0407369 0.0884392 -0.015 
v 0.04113 0.0888115 -0.015 
v 0.0414805 0.0892241 -0.015 
v 0.0417843 0.0896722 -0.015 
v 0.0420379 0.0901506 -0.015 
v 0.0422383 0.0906535 -0.015 
v 0.0423831 0.0911751 -0.015 
v 0.0424707 0.0917094 -0.015 
v 0.0425 0.09225 -0.015 
v 0.0424707 0.0927906 -0.015 
v 0.0423831 0.0933249 -0.015 
v 0.0422383 0.0938465 -0.015 
v 0.0420379 0.0943494 -0.015 
v 0.0417843 0.0948278 -0.015 
v 0.0414805 0.0952759 -0.015 
v 0.04113 0.0956885 -0.015 
v 0.0407369 0.0960608 -0.015 
v 0.0403059 0.0963884 -0.015 
v 0.039842 0.0966676 -0.015 
v 0.0393507 0.0968949 -0.015 
v 0.0388376 0.0970677 -0.015 
v 0.0383089 0.0971841 -0.015 
v 0.0377707 0.0972427 -0.015 
v 0.0372293 0.0972427 -0.015 
v 0.0366911 0.0971841 -0.015 
v 0.0361624 0.0970677 -0.015 
v 0.0356493 0.0968949 -0.015 
v 0.035158 0.0966676 -0.015 
v 0.0346941 0.0963884 -0.015 
v 0.0342631 0.0960608 -0.015 
v 0.03387 0.0956885 -0.015 
v 0.0335195 0.0952759 -0.015 
v 0.0332157 0.0948278 -0.015 
v 0.0329621 0.0943494 -0.015 
v 0.0327617 0.0938465 -0.015 
v 0.0326169 0.0933249 -0.015 
v 0.0325293 0.0927906 -0.015 
v 0.06075 0.103 -0.005 
v 0.01425 0.103 -0.005 
v 0.01425 0.0815 -0.005 
v 0.06075 0.0815 -0.005 
v 0.01425 0.103 0 
v 0.01425 0.0815 0 
v 0.06075 0.0815 0 
v 0.06075 0.103 0 
v -0.04525 -0.1125 -0.015 
v -0.053158 -0.100418 -0.015 
v -0.0526941 -0.100138 -0.015 
v -0.0536493 -0.100645 -0.015 
v -0.0546911 -0.100934 -0.015 
v -0.0541624 -0.100818 -0.015 
v -0.0505 -0.096 -0.015 
v -0.0505293 -0.0954594 -0.015 
v -0.0557707 -0.100993 -0.015 
v -0.0552293 -0.100993 -0.015 
v -0.08125 -0.1125 -0.015 
v -0.0568376 -0.100818 -0.015 
v -0.0563089 -0.100934 -0.015 
v -0.0522631 -0.0921892 -0.015 
v -0.0526941 -0.0918616 -0.015 
v -0.0507617 -0.0944035 -0.015 
v -0.0509621 -0.0939006 -0.015 
v -0.0506169 -0.0949251 -0.015 
v -0.0505293 -0.0965406 -0.015 
v -0.05187 -0.0994385 -0.015 
v -0.0515195 -0.0990259 -0.015 
v -0.08125 -0.064875 -0.015 
v -0.0568376 -0.0911823 -0.015 
v -0.0573507 -0.0913551 -0.015 
v -0.0563089 -0.0910659 -0.015 
v -0.0536493 -0.0913551 -0.015 
v -0.0541624 -0.0911823 -0.015 
v -0.053158 -0.0915824 -0.015 
v -0.0515195 -0.0929741 -0.015 
v -0.05187 -0.0925615 -0.015 
v -0.0512157 -0.0934222 -0.015 
v -0.0507617 -0.0975965 -0.015 
v -0.0506169 -0.0970749 -0.015 
v -0.0522631 -0.0998108 -0.015 
v -0.05913 -0.0994385 -0.015 
v -0.0587369 -0.0998108 -0.015 
v -0.0603831 -0.0949251 -0.015 
v -0.0604707 -0.0954594 -0.015 
v -0.0546911 -0.0910659 -0.015 
v -0.0552293 -0.0910073 -0.015 
v -0.057842 -0.100418 -0.015 
v -0.0573507 -0.100645 -0.015 
v -0.0594805 -0.0990259 -0.015 
v -0.0602383 -0.0944035 -0.015 
v -0.0597843 -0.0934222 -0.015 
v -0.0600379 -0.0939006 -0.015 
v -0.0583059 -0.0918616 -0.015 
v -0.0587369 -0.0921892 -0.015 
v -0.0557707 -0.0910073 -0.015 
v -0.0512157 -0.0985778 -0.015 
v -0.0509621 -0.0980994 -0.015 
v -0.0583059 -0.100138 -0.015 
v -0.0594805 -0.0929741 -0.015 
v -0.057842 -0.0915824 -0.015 
v -0.0600379 -0.0980994 -0.015 
v -0.0597843 -0.0985778 -0.015 
v -0.0604707 -0.0965406 -0.015 
v -0.0603831 -0.0970749 -0.015 
v -0.05913 -0.0925615 -0.015 
v -0.0602383 -0.0975965 -0.015 
v -0.0605 -0.096 -0.015 
v 0.0346941 -0.0906116 -0.015 
v 0.0342631 -0.0909392 -0.015 
v 0.0356493 -0.0901051 -0.015 
v 0.035158 -0.0903324 -0.015 
v 0.0366911 -0.0898159 -0.015 
v 0.0361624 -0.0899323 -0.015 
v 0.08125 -0.064875 -0.015 
v 0.0372293 -0.0897573 -0.015 
v 0.0327617 -0.0931535 -0.015 
v 0.0326169 -0.0936751 -0.015 
v 0.0361624 -0.0995677 -0.015 
v 0.0366911 -0.0996841 -0.015 
v 0.0329621 -0.0926506 -0.015 
v 0.0335195 -0.0917241 -0.015 
v 0.0332157 -0.0921722 -0.015 
v 0.0388376 -0.0899323 -0.015 
v 0.0383089 -0.0898159 -0.015 
v 0.08125 -0.1125 -0.015 
v 0.0383089 -0.0996841 -0.015 
v 0.0388376 -0.0995677 -0.015 
v 0.035158 -0.0991676 -0.015 
v 0.0356493 -0.0993949 -0.015 
v 0.0335195 -0.0977759 -0.015 
v 0.03387 -0.0981885 -0.015 
v 0.0326169 -0.0958249 -0.015 
v 0.0327617 -0.0963465 -0.015 
v 0.03387 -0.0913115 -0.015 
v 0.0393507 -0.0901051 -0.015 
v 0.0393507 -0.0993949 -0.015 
v 0.0372293 -0.0997427 -0.015 
v 0.0377707 -0.0997427 -0.015 
v 0.0342631 -0.0985608 -0.015 
v 0.0346941 -0.0988884 -0.015 
v 0.0332157 -0.0973278 -0.015 
v 0.0329621 -0.0968494 -0.015 
v 0.039842 -0.0903324 -0.015 
v 0.0407369 -0.0909392 -0.015 
v 0.0403059 -0.0906116 -0.015 
v 0.0422383 -0.0963465 -0.015 
v 0.0423831 -0.0958249 -0.015 
v 0.0325 -0.09475 -0.015 
v 0.0325293 -0.0952906 -0.015 
v 0.0377707 -0.0897573 -0.015 
v 0.0424707 -0.0942094 -0.015 
v 0.0423831 -0.0936751 -0.015 
v 0.0420379 -0.0968494 -0.015 
v 0.039842 -0.0991676 -0.015 
v 0.0403059 -0.0988884 -0.015 
v 0.0414805 -0.0917241 -0.015 
v 0.04113 -0.0913115 -0.015 
v 0.0420379 -0.0926506 -0.015 
v 0.0417843 -0.0921722 -0.015 
v 0.0422383 -0.0931535 -0.015 
v 0.0417843 -0.0973278 -0.015 
v 0.04113 -0.0981885 -0.015 
v 0.0414805 -0.0977759 -0.015 
v 0.0407369 -0.0985608 -0.015 
v 0.0425 -0.09475 -0.015 
v 0.0325293 -0.0942094 -0.015 
v 0.0424707 -0.0952906 -0.015 
v -0.04625 0.02075 -0.015 
v -0.053158 0.0890824 -0.015 
v -0.0526941 0.0893616 -0.015 
v -0.0536493 0.0888551 -0.015 
v -0.0546911 0.0885659 -0.015 
v -0.0541624 0.0886823 -0.015 
v -0.0557707 0.0885073 -0.015 
v -0.0552293 0.0885073 -0.015 
v -0.08125 0.02075 -0.015 
v -0.0563089 0.0885659 -0.015 
v -0.04525 0.1125 -0.015 
v -0.0522631 0.0973108 -0.015 
v -0.0526941 0.0976384 -0.015 
v -0.0507617 0.0950965 -0.015 
v -0.0509621 0.0955994 -0.015 
v -0.0505293 0.0940406 -0.015 
v -0.0506169 0.0945749 -0.015 
v -0.0505293 0.0929594 -0.015 
v -0.0505 0.0935 -0.015 
v -0.0507617 0.0919035 -0.015 
v -0.0506169 0.0924251 -0.015 
v -0.05187 0.0900615 -0.015 
v -0.0515195 0.0904741 -0.015 
v -0.0568376 0.0886823 -0.015 
v -0.08125 0.1125 -0.015 
v -0.0568376 0.0983177 -0.015 
v -0.0573507 0.0981449 -0.015 
v -0.0563089 0.0984341 -0.015 
v -0.0536493 0.0981449 -0.015 
v -0.0541624 0.0983177 -0.015 
v -0.053158 0.0979176 -0.015 
v -0.0515195 0.0965259 -0.015 
v -0.05187 0.0969385 -0.015 
v -0.0512157 0.0960778 -0.015 
v -0.0522631 0.0896892 -0.015 
v -0.05913 0.0900615 -0.015 
v -0.0587369 0.0896892 -0.015 
v -0.0546911 0.0984341 -0.015 
v -0.0552293 0.0984927 -0.015 
v -0.057842 0.0890824 -0.015 
v -0.0573507 0.0888551 -0.015 
v -0.0594805 0.0904741 -0.015 
v -0.0602383 0.0950965 -0.015 
v -0.0603831 0.0945749 -0.015 
v -0.0597843 0.0960778 -0.015 
v -0.0600379 0.0955994 -0.015 
v -0.0583059 0.0976384 -0.015 
v -0.0587369 0.0973108 -0.015 
v -0.0557707 0.0984927 -0.015 
v -0.0512157 0.0909222 -0.015 
v -0.0509621 0.0914006 -0.015 
v -0.0583059 0.0893616 -0.015 
v -0.0604707 0.0940406 -0.015 
v -0.0594805 0.0965259 -0.015 
v -0.057842 0.0979176 -0.015 
v -0.0603831 0.0924251 -0.015 
v -0.0602383 0.0919035 -0.015 
v -0.0600379 0.0914006 -0.015 
v -0.0604707 0.0929594 -0.015 
v -0.05913 0.0969385 -0.015 
v -0.0597843 0.0909222 -0.015 
v -0.0605 0.0935 -0.015 
v -0.04625 -0.02075 -0.015 
v -0.08125 -0.02075 -0.015 
v 0.08125 0.1125 -0.015 
v 0.04 0.04 -0.015 
v -0.04 0.04 -0.015 
v 0.04 -0.04 -0.015 
v 0.04625 -0.02075 -0.015 
v -0.04 -0.04 -0.015 
v 0.08125 0.02075 -0.015 
v 0.04625 0.02075 -0.015 
v 0.08125 -0.02075 -0.015 
v -0.04525 -0.064875 -0.015 
v -0.08125 0.1125 0 
v -0.01075 0.1125 0 
v 0.08125 0.1125 0 
v 0.08125 -0.1125 0 
v -0.01075 -0.1125 0 
v -0.08125 -0.1125 0 
v -0.04625 0.02075 -0.012 
v -0.08125 0.02075 -0.012 
v -0.04625 -0.02075 -0.012 
v -0.08125 -0.02075 -0.012 
v -0.04 -0.04 -0.014 
v -0.04 0.04 -0.014 
v 0.04 0.04 -0.014 
v 0.04 -0.04 -0.014 
v 0.04625 -0.02075 -0.012 
v 0.04625 0.02075 -0.012 
v 0.08125 0.02075 -0.012 
v 0.08125 -0.02075 -0.012 
v -0.0605 -0.096 -0.01 
v -0.0604707 -0.0965406 -0.01 
v -0.0603831 -0.0970749 -0.01 
v -0.0602383 -0.0975965 -0.01 
v -0.0600379 -0.0980994 -0.01 
v -0.0597843 -0.0985778 -0.01 
v -0.0594805 -0.0990259 -0.01 
v -0.05913 -0.0994385 -0.01 
v -0.0587369 -0.0998108 -0.01 
v -0.0583059 -0.100138 -0.01 
v -0.057842 -0.100418 -0.01 
v -0.0573507 -0.100645 -0.01 
v -0.0568376 -0.100818 -0.01 
v -0.0563089 -0.100934 -0.01 
v -0.0557707 -0.100993 -0.01 
v -0.0552293 -0.100993 -0.01 
v -0.0546911 -0.100934 -0.01 
v -0.0541624 -0.100818 -0.01 
v -0.0536493 -0.100645 -0.01 
v -0.053158 -0.100418 -0.01 
v -0.0526941 -0.100138 -0.01 
v -0.0522631 -0.0998108 -0.01 
v -0.05187 -0.0994385 -0.01 
v -0.0515195 -0.0990259 -0.01 
v -0.0512157 -0.0985778 -0.01 
v -0.0509621 -0.0980994 -0.01 
v -0.0507617 -0.0975965 -0.01 
v -0.0506169 -0.0970749 -0.01 
v -0.0505293 -0.0965406 -0.01 
v -0.0505 -0.096 -0.01 
v -0.0505293 -0.0954594 -0.01 
v -0.0506169 -0.0949251 -0.01 
v -0.0507617 -0.0944035 -0.01 
v -0.0509621 -0.0939006 -0.01 
v -0.0512157 -0.0934222 -0.01 
v -0.0515195 -0.0929741 -0.01 
v -0.05187 -0.0925615 -0.01 
v -0.0522631 -0.0921892 -0.01 
v -0.0526941 -0.0918616 -0.01 
v -0.053158 -0.0915824 -0.01 
v -0.0536493 -0.0913551 -0.01 
v -0.0541624 -0.0911823 -0.01 
v -0.0546911 -0.0910659 -0.01 
v -0.0552293 -0.0910073 -0.01 
v -0.0557707 -0.0910073 -0.01 
v -0.0563089 -0.0910659 -0.01 
v -0.0568376 -0.0911823 -0.01 
v -0.0573507 -0.0913551 -0.01 
v -0.057842 -0.0915824 -0.01 
v -0.0583059 -0.0918616 -0.01 
v -0.0587369 -0.0921892 -0.01 
v -0.05913 -0.0925615 -0.01 
v -0.0594805 -0.0929741 -0.01 
v -0.0597843 -0.0934222 -0.01 
v -0.0600379 -0.0939006 -0.01 
v -0.0602383 -0.0944035 -0.01 
v -0.0603831 -0.0949251 -0.01 
v -0.0604707 -0.0954594 -0.01 
v -0.0550318 -0.0976862 -0.01 
v -0.0548523 -0.0976257 -0.01 
v -0.0552169 -0.0977269 -0.01 
v -0.0568932 -0.0970591 -0.01 
v -0.0567705 -0.0972035 -0.01 
v -0.0569995 -0.0969022 -0.01 
v -0.0568932 -0.0949409 -0.01 
v -0.0569995 -0.0950978 -0.01 
v -0.0567705 -0.0947965 -0.01 
v -0.0550318 -0.0943138 -0.01 
v -0.0548523 -0.0943743 -0.01 
v -0.0554053 -0.0977474 -0.01 
v -0.0555947 -0.0977474 -0.01 
v -0.0557831 -0.0977269 -0.01 
v -0.0559682 -0.0976862 -0.01 
v -0.0561477 -0.0976257 -0.01 
v -0.0566329 -0.0973338 -0.01 
v -0.0570883 -0.0967348 -0.01 
v -0.0571584 -0.0965588 -0.01 
v -0.0570883 -0.0952652 -0.01 
v -0.0571584 -0.0954412 -0.01 
v -0.0566329 -0.0946662 -0.01 
v -0.0559682 -0.0943138 -0.01 
v -0.0561477 -0.0943743 -0.01 
v -0.0557831 -0.0942731 -0.01 
v -0.0555947 -0.0942526 -0.01 
v -0.0554053 -0.0942526 -0.01 
v -0.0552169 -0.0942731 -0.01 
v -0.0563197 -0.0975461 -0.01 
v -0.0564821 -0.0974485 -0.01 
v -0.0564821 -0.0945515 -0.01 
v -0.0563197 -0.0944539 -0.01 
v -0.0546803 -0.0975461 -0.01 
v -0.0545179 -0.0974485 -0.01 
v -0.0546803 -0.0944539 -0.01 
v -0.0545179 -0.0945515 -0.01 
v -0.0538416 -0.0954412 -0.01 
v -0.0539117 -0.0952652 -0.01 
v -0.0537909 -0.0956238 -0.01 
v -0.0540005 -0.0969022 -0.01 
v -0.0539117 -0.0967348 -0.01 
v -0.0541068 -0.0970591 -0.01 
v -0.0543671 -0.0973338 -0.01 
v -0.0542295 -0.0972035 -0.01 
v -0.0543671 -0.0946662 -0.01 
v -0.0542295 -0.0947965 -0.01 
v -0.0540005 -0.0950978 -0.01 
v -0.0541068 -0.0949409 -0.01 
v -0.0537603 -0.0958108 -0.01 
v -0.05375 -0.096 -0.01 
v -0.0537603 -0.0961892 -0.01 
v -0.0538416 -0.0965588 -0.01 
v -0.0537909 -0.0963762 -0.01 
v -0.0572091 -0.0963762 -0.01 
v -0.0572397 -0.0961892 -0.01 
v -0.0572091 -0.0956238 -0.01 
v -0.05725 -0.096 -0.01 
v -0.0572397 -0.0958108 -0.01 
v -0.05725 -0.096 -0.005 
v -0.0572397 -0.0961892 -0.005 
v -0.0572091 -0.0963762 -0.005 
v -0.0571584 -0.0965588 -0.005 
v -0.0570883 -0.0967348 -0.005 
v -0.0569995 -0.0969022 -0.005 
v -0.0568932 -0.0970591 -0.005 
v -0.0567705 -0.0972035 -0.005 
v -0.0566329 -0.0973338 -0.005 
v -0.0564821 -0.0974485 -0.005 
v -0.0563197 -0.0975461 -0.005 
v -0.0561477 -0.0976257 -0.005 
v -0.0559682 -0.0976862 -0.005 
v -0.0557831 -0.0977269 -0.005 
v -0.0555947 -0.0977474 -0.005 
v -0.0554053 -0.0977474 -0.005 
v -0.0552169 -0.0977269 -0.005 
v -0.0550318 -0.0976862 -0.005 
v -0.0548523 -0.0976257 -0.005 
v -0.0546803 -0.0975461 -0.005 
v -0.0545179 -0.0974485 -0.005 
v -0.0543671 -0.0973338 -0.005 
v -0.0542295 -0.0972035 -0.005 
v -0.0541068 -0.0970591 -0.005 
v -0.0540005 -0.0969022 -0.005 
v -0.0539117 -0.0967348 -0.005 
v -0.0538416 -0.0965588 -0.005 
v -0.0537909 -0.0963762 -0.005 
v -0.0537603 -0.0961892 -0.005 
v -0.05375 -0.096 -0.005 
v -0.0537603 -0.0958108 -0.005 
v -0.0537909 -0.0956238 -0.005 
v -0.0538416 -0.0954412 -0.005 
v -0.0539117 -0.0952652 -0.005 
v -0.0540005 -0.0950978 -0.005 
v -0.0541068 -0.0949409 -0.005 
v -0.0542295 -0.0947965 -0.005 
v -0.0543671 -0.0946662 -0.005 
v -0.0545179 -0.0945515 -0.005 
v -0.0546803 -0.0944539 -0.005 
v -0.0548523 -0.0943743 -0.005 
v -0.0550318 -0.0943138 -0.005 
v -0.0552169 -0.0942731 -0.005 
v -0.0554053 -0.0942526 -0.005 
v -0.0555947 -0.0942526 -0.005 
v -0.0557831 -0.0942731 -0.005 
v -0.0559682 -0.0943138 -0.005 
v -0.0561477 -0.0943743 -0.005 
v -0.0563197 -0.0944539 -0.005 
v -0.0564821 -0.0945515 -0.005 
v -0.0566329 -0.0946662 -0.005 
v -0.0567705 -0.0947965 -0.005 
v -0.0568932 -0.0949409 -0.005 
v -0.0569995 -0.0950978 -0.005 
v -0.0570883 -0.0952652 -0.005 
v -0.0571584 -0.0954412 -0.005 
v -0.0572091 -0.0956238 -0.005 
v -0.0572397 -0.0958108 -0.005 
v 0.0325 -0.09475 -0.01 
v 0.0325293 -0.0952906 -0.01 
v 0.0326169 -0.0958249 -0.01 
v 0.0327617 -0.0963465 -0.01 
v 0.0329621 -0.0968494 -0.01 
v 0.0332157 -0.0973278 -0.01 
v 0.0335195 -0.0977759 -0.01 
v 0.03387 -0.0981885 -0.01 
v 0.0342631 -0.0985608 -0.01 
v 0.0346941 -0.0988884 -0.01 
v 0.035158 -0.0991676 -0.01 
v 0.0356493 -0.0993949 -0.01 
v 0.0361624 -0.0995677 -0.01 
v 0.0366911 -0.0996841 -0.01 
v 0.0372293 -0.0997427 -0.01 
v 0.0377707 -0.0997427 -0.01 
v 0.0383089 -0.0996841 -0.01 
v 0.0388376 -0.0995677 -0.01 
v 0.0393507 -0.0993949 -0.01 
v 0.039842 -0.0991676 -0.01 
v 0.0403059 -0.0988884 -0.01 
v 0.0407369 -0.0985608 -0.01 
v 0.04113 -0.0981885 -0.01 
v 0.0414805 -0.0977759 -0.01 
v 0.0417843 -0.0973278 -0.01 
v 0.0420379 -0.0968494 -0.01 
v 0.0422383 -0.0963465 -0.01 
v 0.0423831 -0.0958249 -0.01 
v 0.0424707 -0.0952906 -0.01 
v 0.0425 -0.09475 -0.01 
v 0.0424707 -0.0942094 -0.01 
v 0.0423831 -0.0936751 -0.01 
v 0.0422383 -0.0931535 -0.01 
v 0.0420379 -0.0926506 -0.01 
v 0.0417843 -0.0921722 -0.01 
v 0.0414805 -0.0917241 -0.01 
v 0.04113 -0.0913115 -0.01 
v 0.0407369 -0.0909392 -0.01 
v 0.0403059 -0.0906116 -0.01 
v 0.039842 -0.0903324 -0.01 
v 0.0393507 -0.0901051 -0.01 
v 0.0388376 -0.0899323 -0.01 
v 0.0383089 -0.0898159 -0.01 
v 0.0377707 -0.0897573 -0.01 
v 0.0372293 -0.0897573 -0.01 
v 0.0366911 -0.0898159 -0.01 
v 0.0361624 -0.0899323 -0.01 
v 0.0356493 -0.0901051 -0.01 
v 0.035158 -0.0903324 -0.01 
v 0.0346941 -0.0906116 -0.01 
v 0.0342631 -0.0909392 -0.01 
v 0.03387 -0.0913115 -0.01 
v 0.0335195 -0.0917241 -0.01 
v 0.0332157 -0.0921722 -0.01 
v 0.0329621 -0.0926506 -0.01 
v 0.0327617 -0.0931535 -0.01 
v 0.0326169 -0.0936751 -0.01 
v 0.0325293 -0.0942094 -0.01 
v 0.0390433 -0.0924739 -0.01 
v 0.0387881 -0.0923203 -0.01 
v 0.0392803 -0.0926541 -0.01 
v 0.0394965 -0.0928588 -0.01 
v 0.0396893 -0.0930858 -0.01 
v 0.0392803 -0.0968459 -0.01 
v 0.0394965 -0.0966412 -0.01 
v 0.0390433 -0.0970261 -0.01 
v 0.0399958 -0.0935953 -0.01 
v 0.0398564 -0.0933322 -0.01 
v 0.040106 -0.0938719 -0.01 
v 0.0399958 -0.0959047 -0.01 
v 0.040106 -0.0956281 -0.01 
v 0.0398564 -0.0961678 -0.01 
v 0.0396893 -0.0964142 -0.01 
v 0.0387881 -0.0971797 -0.01 
v 0.0353107 -0.0930858 -0.01 
v 0.0351436 -0.0933322 -0.01 
v 0.0355035 -0.0928588 -0.01 
v 0.0385179 -0.0921953 -0.01 
v 0.0401857 -0.0941588 -0.01 
v 0.0402339 -0.0944527 -0.01 
v 0.0401857 -0.0953412 -0.01 
v 0.0402339 -0.0950473 -0.01 
v 0.0385179 -0.0973047 -0.01 
v 0.0376489 -0.097496 -0.01 
v 0.0379449 -0.0974638 -0.01 
v 0.0373511 -0.097496 -0.01 
v 0.0353107 -0.0964142 -0.01 
v 0.0355035 -0.0966412 -0.01 
v 0.0351436 -0.0961678 -0.01 
v 0.0348143 -0.0941588 -0.01 
v 0.0347661 -0.0944527 -0.01 
v 0.034894 -0.0938719 -0.01 
v 0.0357197 -0.0926541 -0.01 
v 0.0359567 -0.0924739 -0.01 
v 0.0362119 -0.0923203 -0.01 
v 0.0373511 -0.092004 -0.01 
v 0.0370551 -0.0920362 -0.01 
v 0.0376489 -0.092004 -0.01 
v 0.04025 -0.09475 -0.01 
v 0.0382357 -0.0973998 -0.01 
v 0.0370551 -0.0974638 -0.01 
v 0.0359567 -0.0970261 -0.01 
v 0.0362119 -0.0971797 -0.01 
v 0.0357197 -0.0968459 -0.01 
v 0.0348143 -0.0953412 -0.01 
v 0.034894 -0.0956281 -0.01 
v 0.0347661 -0.0950473 -0.01 
v 0.03475 -0.09475 -0.01 
v 0.0350042 -0.0935953 -0.01 
v 0.0367643 -0.0921002 -0.01 
v 0.0364821 -0.0921953 -0.01 
v 0.0379449 -0.0920362 -0.01 
v 0.0367643 -0.0973998 -0.01 
v 0.0364821 -0.0973047 -0.01 
v 0.0350042 -0.0959047 -0.01 
v 0.0382357 -0.0921002 -0.01 
v 0.03475 -0.09475 -0.005 
v 0.0347661 -0.0950473 -0.005 
v 0.0348143 -0.0953412 -0.005 
v 0.034894 -0.0956281 -0.005 
v 0.0350042 -0.0959047 -0.005 
v 0.0351436 -0.0961678 -0.005 
v 0.0353107 -0.0964142 -0.005 
v 0.0355035 -0.0966412 -0.005 
v 0.0357197 -0.0968459 -0.005 
v 0.0359567 -0.0970261 -0.005 
v 0.0362119 -0.0971797 -0.005 
v 0.0364821 -0.0973047 -0.005 
v 0.0367643 -0.0973998 -0.005 
v 0.0370551 -0.0974638 -0.005 
v 0.0373511 -0.097496 -0.005 
v 0.0376489 -0.097496 -0.005 
v 0.0379449 -0.0974638 -0.005 
v 0.0382357 -0.0973998 -0.005 
v 0.0385179 -0.0973047 -0.005 
v 0.0387881 -0.0971797 -0.005 
v 0.0390433 -0.0970261 -0.005 
v 0.0392803 -0.0968459 -0.005 
v 0.0394965 -0.0966412 -0.005 
v 0.0396893 -0.0964142 -0.005 
v 0.0398564 -0.0961678 -0.005 
v 0.0399958 -0.0959047 -0.005 
v 0.040106 -0.0956281 -0.005 
v 0.0401857 -0.0953412 -0.005 
v 0.0402339 -0.0950473 -0.005 
v 0.04025 -0.09475 -0.005 
v 0.0402339 -0.0944527 -0.005 
v 0.0401857 -0.0941588 -0.005 
v 0.040106 -0.0938719 -0.005 
v 0.0399958 -0.0935953 -0.005 
v 0.0398564 -0.0933322 -0.005 
v 0.0396893 -0.0930858 -0.005 
v 0.0394965 -0.0928588 -0.005 
v 0.0392803 -0.0926541 -0.005 
v 0.0390433 -0.0924739 -0.005 
v 0.0387881 -0.0923203 -0.005 
v 0.0385179 -0.0921953 -0.005 
v 0.0382357 -0.0921002 -0.005 
v 0.0379449 -0.0920362 -0.005 
v 0.0376489 -0.092004 -0.005 
v 0.0373511 -0.092004 -0.005 
v 0.0370551 -0.0920362 -0.005 
v 0.0367643 -0.0921002 -0.005 
v 0.0364821 -0.0921953 -0.005 
v 0.0362119 -0.0923203 -0.005 
v 0.0359567 -0.0924739 -0.005 
v 0.0357197 -0.0926541 -0.005 
v 0.0355035 -0.0928588 -0.005 
v 0.0353107 -0.0930858 -0.005 
v 0.0351436 -0.0933322 -0.005 
v 0.0350042 -0.0935953 -0.005 
v 0.034894 -0.0938719 -0.005 
v 0.0348143 -0.0941588 -0.005 
v 0.0347661 -0.0944527 -0.005 
v -0.0605 0.0935 -0.01 
v -0.0604707 0.0929594 -0.01 
v -0.0603831 0.0924251 -0.01 
v -0.0602383 0.0919035 -0.01 
v -0.0600379 0.0914006 -0.01 
v -0.0597843 0.0909222 -0.01 
v -0.0594805 0.0904741 -0.01 
v -0.05913 0.0900615 -0.01 
v -0.0587369 0.0896892 -0.01 
v -0.0583059 0.0893616 -0.01 
v -0.057842 0.0890824 -0.01 
v -0.0573507 0.0888551 -0.01 
v -0.0568376 0.0886823 -0.01 
v -0.0563089 0.0885659 -0.01 
v -0.0557707 0.0885073 -0.01 
v -0.0552293 0.0885073 -0.01 
v -0.0546911 0.0885659 -0.01 
v -0.0541624 0.0886823 -0.01 
v -0.0536493 0.0888551 -0.01 
v -0.053158 0.0890824 -0.01 
v -0.0526941 0.0893616 -0.01 
v -0.0522631 0.0896892 -0.01 
v -0.05187 0.0900615 -0.01 
v -0.0515195 0.0904741 -0.01 
v -0.0512157 0.0909222 -0.01 
v -0.0509621 0.0914006 -0.01 
v -0.0507617 0.0919035 -0.01 
v -0.0506169 0.0924251 -0.01 
v -0.0505293 0.0929594 -0.01 
v -0.0505 0.0935 -0.01 
v -0.0505293 0.0940406 -0.01 
v -0.0506169 0.0945749 -0.01 
v -0.0507617 0.0950965 -0.01 
v -0.0509621 0.0955994 -0.01 
v -0.0512157 0.0960778 -0.01 
v -0.0515195 0.0965259 -0.01 
v -0.05187 0.0969385 -0.01 
v -0.0522631 0.0973108 -0.01 
v -0.0526941 0.0976384 -0.01 
v -0.053158 0.0979176 -0.01 
v -0.0536493 0.0981449 -0.01 
v -0.0541624 0.0983177 -0.01 
v -0.0546911 0.0984341 -0.01 
v -0.0552293 0.0984927 -0.01 
v -0.0557707 0.0984927 -0.01 
v -0.0563089 0.0984341 -0.01 
v -0.0568376 0.0983177 -0.01 
v -0.0573507 0.0981449 -0.01 
v -0.057842 0.0979176 -0.01 
v -0.0583059 0.0976384 -0.01 
v -0.0587369 0.0973108 -0.01 
v -0.05913 0.0969385 -0.01 
v -0.0594805 0.0965259 -0.01 
v -0.0597843 0.0960778 -0.01 
v -0.0600379 0.0955994 -0.01 
v -0.0602383 0.0950965 -0.01 
v -0.0603831 0.0945749 -0.01 
v -0.0604707 0.0940406 -0.01 
v -0.0550318 0.0918138 -0.01 
v -0.0548523 0.0918743 -0.01 
v -0.0552169 0.0917731 -0.01 
v -0.0568932 0.0924409 -0.01 
v -0.0567705 0.0922965 -0.01 
v -0.0569995 0.0925978 -0.01 
v -0.0568932 0.0945591 -0.01 
v -0.0569995 0.0944022 -0.01 
v -0.0567705 0.0947035 -0.01 
v -0.0550318 0.0951862 -0.01 
v -0.0548523 0.0951257 -0.01 
v -0.0554053 0.0917526 -0.01 
v -0.0555947 0.0917526 -0.01 
v -0.0557831 0.0917731 -0.01 
v -0.0559682 0.0918138 -0.01 
v -0.0561477 0.0918743 -0.01 
v -0.0566329 0.0921662 -0.01 
v -0.0570883 0.0927652 -0.01 
v -0.0571584 0.0929412 -0.01 
v -0.0570883 0.0942348 -0.01 
v -0.0571584 0.0940588 -0.01 
v -0.0566329 0.0948338 -0.01 
v -0.0559682 0.0951862 -0.01 
v -0.0561477 0.0951257 -0.01 
v -0.0557831 0.0952269 -0.01 
v -0.0555947 0.0952474 -0.01 
v -0.0554053 0.0952474 -0.01 
v -0.0552169 0.0952269 -0.01 
v -0.0563197 0.0919539 -0.01 
v -0.0564821 0.0920515 -0.01 
v -0.0564821 0.0949485 -0.01 
v -0.0563197 0.0950461 -0.01 
v -0.0546803 0.0919539 -0.01 
v -0.0545179 0.0920515 -0.01 
v -0.0546803 0.0950461 -0.01 
v -0.0545179 0.0949485 -0.01 
v -0.0538416 0.0940588 -0.01 
v -0.0539117 0.0942348 -0.01 
v -0.0537909 0.0938762 -0.01 
v -0.0540005 0.0925978 -0.01 
v -0.0539117 0.0927652 -0.01 
v -0.0541068 0.0924409 -0.01 
v -0.0543671 0.0921662 -0.01 
v -0.0542295 0.0922965 -0.01 
v -0.0543671 0.0948338 -0.01 
v -0.0542295 0.0947035 -0.01 
v -0.0540005 0.0944022 -0.01 
v -0.0541068 0.0945591 -0.01 
v -0.0537603 0.0936892 -0.01 
v -0.05375 0.0935 -0.01 
v -0.0537603 0.0933108 -0.01 
v -0.0538416 0.0929412 -0.01 
v -0.0537909 0.0931238 -0.01 
v -0.0572091 0.0931238 -0.01 
v -0.0572397 0.0933108 -0.01 
v -0.0572091 0.0938762 -0.01 
v -0.05725 0.0935 -0.01 
v -0.0572397 0.0936892 -0.01 
v -0.05725 0.0935 -0.005 
v -0.0572397 0.0933108 -0.005 
v -0.0572091 0.0931238 -0.005 
v -0.0571584 0.0929412 -0.005 
v -0.0570883 0.0927652 -0.005 
v -0.0569995 0.0925978 -0.005 
v -0.0568932 0.0924409 -0.005 
v -0.0567705 0.0922965 -0.005 
v -0.0566329 0.0921662 -0.005 
v -0.0564821 0.0920515 -0.005 
v -0.0563197 0.0919539 -0.005 
v -0.0561477 0.0918743 -0.005 
v -0.0559682 0.0918138 -0.005 
v -0.0557831 0.0917731 -0.005 
v -0.0555947 0.0917526 -0.005 
v -0.0554053 0.0917526 -0.005 
v -0.0552169 0.0917731 -0.005 
v -0.0550318 0.0918138 -0.005 
v -0.0548523 0.0918743 -0.005 
v -0.0546803 0.0919539 -0.005 
v -0.0545179 0.0920515 -0.005 
v -0.0543671 0.0921662 -0.005 
v -0.0542295 0.0922965 -0.005 
v -0.0541068 0.0924409 -0.005 
v -0.0540005 0.0925978 -0.005 
v -0.0539117 0.0927652 -0.005 
v -0.0538416 0.0929412 -0.005 
v -0.0537909 0.0931238 -0.005 
v -0.0537603 0.0933108 -0.005 
v -0.05375 0.0935 -0.005 
v -0.0537603 0.0936892 -0.005 
v -0.0537909 0.0938762 -0.005 
v -0.0538416 0.0940588 -0.005 
v -0.0539117 0.0942348 -0.005 
v -0.0540005 0.0944022 -0.005 
v -0.0541068 0.0945591 -0.005 
v -0.0542295 0.0947035 -0.005 
v -0.0543671 0.0948338 -0.005 
v -0.0545179 0.0949485 -0.005 
v -0.0546803 0.0950461 -0.005 
v -0.0548523 0.0951257 -0.005 
v -0.0550318 0.0951862 -0.005 
v -0.0552169 0.0952269 -0.005 
v -0.0554053 0.0952474 -0.005 
v -0.0555947 0.0952474 -0.005 
v -0.0557831 0.0952269 -0.005 
v -0.0559682 0.0951862 -0.005 
v -0.0561477 0.0951257 -0.005 
v -0.0563197 0.0950461 -0.005 
v -0.0564821 0.0949485 -0.005 
v -0.0566329 0.0948338 -0.005 
v -0.0567705 0.0947035 -0.005 
v -0.0568932 0.0945591 -0.005 
v -0.0569995 0.0944022 -0.005 
v -0.0570883 0.0942348 -0.005 
v -0.0571584 0.0940588 -0.005 
v -0.0572091 0.0938762 -0.005 
v -0.0572397 0.0936892 -0.005 
v 0.08125 0.02075 -0.003 
v 0.08125 0.02075 0 
v 0.08125 -0.062 0 
v 0.08125 -0.02075 -0.003 
v 0.08125 -0.02075 0 
v 0.04625 0.02075 -0.003 
v 0.04625 -0.02075 -0.003 
v 0.04625 0.02075 0 
v 0.04625 -0.02075 0 
v -0.08125 -0.02075 -0.003 
v -0.08125 0.02075 -0.003 
v -0.08125 -0.062 0 
v -0.08125 -0.02075 0 
v -0.08125 0.02075 0 
v -0.04625 0.02075 -0.003 
v -0.04625 -0.02075 -0.003 
v -0.04625 -0.02075 0 
v -0.04625 0.02075 0 
v -0.03575 -0.084 -0.005 
v -0.07525 -0.084 -0.005 
v -0.07525 -0.108 -0.005 
v -0.03575 -0.108 -0.005 
v -0.07525 -0.108 0 
v -0.03575 -0.108 0 
v -0.03575 -0.084 0 
v -0.07525 -0.084 0 
v 0.05825 -0.084 -0.005 
v 0.01675 -0.084 -0.005 
v 0.01675 -0.1055 -0.005 
v 0.05825 -0.1055 -0.005 
v 0.01675 -0.084 0 
v 0.01675 -0.1055 0 
v 0.05825 -0.1055 0 
v 0.05825 -0.084 0 
v -0.03575 0.1055 -0.005 
v -0.07525 0.1055 -0.005 
v -0.07525 0.0815 -0.005 
v -0.03575 0.0815 -0.005 
v -0.07525 0.1055 0 
v -0.07525 0.0815 0 
v -0.03575 0.0815 0 
v -0.03575 0.1055 0 
v 0.04 0.04 0 
v 0.04 -0.04 0 
v -0.01075 0.04 0 
v -0.04 -0.04 0 
v -0.04 0.04 0 
v -0.01075 -0.04 0 
v -0.01075 -0.062 0 
v -0.04 0.04 -0.001 
v -0.04 -0.04 -0.001 
v 0.04 -0.04 -0.001 
v 0.04 0.04 -0.001 
vn 0.994138 0.108119 0 
vn 1 2.44929e-16 0 
vn 0.976621 0.21497 0 
vn 0.994138 0.108119 0 
vn 0.947653 0.319302 0 
vn 0.976621 0.21497 0 
vn 0.907575 0.419889 0 
vn 0.947653 0.319302 0 
vn 0.856857 0.515554 0 
vn 0.907575 0.419889 0 
vn 0.796093 0.605174 0 
vn 0.856857 0.515554 0 
vn 0.725995 0.687699 0 
vn 0.796093 0.605174 0 
vn 0.647386 0.762162 0 
vn 0.725995 0.687699 0 
vn 0.561187 0.827689 0 
vn 0.647386 0.762162 0 
vn 0.468408 0.883512 0 
vn 0.561187 0.827689 0 
vn 0.370138 0.928977 0 
vn 0.468408 0.883512 0 
vn 0.267528 0.96355 0 
vn 0.370138 0.928977 0 
vn 0.161782 0.986827 0 
vn 0.267528 0.96355 0 
vn 0.0541389 0.998533 0 
vn 0.161782 0.986827 0 
vn -0.0541389 0.998533 0 
vn 0.0541389 0.998533 0 
vn -0.161782 0.986827 0 
vn -0.0541389 0.998533 0 
vn -0.267528 0.96355 0 
vn -0.161782 0.986827 0 
vn -0.370138 0.928977 0 
vn -0.267528 0.96355 0 
vn -0.468408 0.883512 0 
vn -0.370138 0.928977 0 
vn -0.561187 0.827689 0 
vn -0.468408 0.883512 0 
vn -0.647386 0.762162 0 
vn -0.561187 0.827689 0 
vn -0.725995 0.687699 0 
vn -0.647386 0.762162 0 
vn -0.796093 0.605174 0 
vn -0.725995 0.687699 0 
vn -0.856857 0.515554 0 
vn -0.796093 0.605174 0 
vn -0.907575 0.419889 0 
vn -0.856857 0.515554 0 
vn -0.947653 0.319302 0 
vn -0.907575 0.419889 0 
vn -0.976621 0.21497 0 
vn -0.947653 0.319302 0 
vn -0.994138 0.108119 0 
vn -0.976621 0.21497 0 
vn -1 -1.22465e-16 0 
vn -0.994138 0.108119 0 
vn -0.994138 -0.108119 0 
vn -1 -1.22465e-16 0 
vn -0.976621 -0.21497 0 
vn -0.994138 -0.108119 0 
vn -0.947653 -0.319302 0 
vn -0.976621 -0.21497 0 
vn -0.907575 -0.419889 0 
vn -0.947653 -0.319302 0 
vn -0.856857 -0.515554 0 
vn -0.907575 -0.419889 0 
vn -0.796093 -0.605174 0 
vn -0.856857 -0.515554 0 
vn -0.725995 -0.687699 0 
vn -0.796093 -0.605174 0 
vn -0.647386 -0.762162 0 
vn -0.725995 -0.687699 0 
vn -0.561187 -0.827689 0 
vn -0.647386 -0.762162 0 
vn -0.468408 -0.883512 0 
vn -0.561187 -0.827689 0 
vn -0.370138 -0.928977 0 
vn -0.468408 -0.883512 0 
vn -0.267528 -0.96355 0 
vn -0.370138 -0.928977 0 
vn -0.161782 -0.986827 0 
vn -0.267528 -0.96355 0 
vn -0.0541389 -0.998533 0 
vn -0.161782 -0.986827 0 
vn 0.0541389 -0.998533 0 
vn -0.0541389 -0.998533 0 
vn 0.161782 -0.986827 0 
vn 0.0541389 -0.998533 0 
vn 0.267528 -0.96355 0 
vn 0.161782 -0.986827 0 
vn 0.370138 -0.928977 0 
vn 0.267528 -0.96355 0 
vn 0.468408 -0.883512 0 
vn 0.370138 -0.928977 0 
vn 0.561187 -0.827689 0 
vn 0.468408 -0.883512 0 
vn 0.647386 -0.762162 0 
vn 0.561187 -0.827689 0 
vn 0.725995 -0.687699 0 
vn 0.647386 -0.762162 0 
vn 0.796093 -0.605174 0 
vn 0.725995 -0.687699 0 
vn 0.856857 -0.515554 0 
vn 0.796093 -0.605174 0 
vn 0.907575 -0.419889 0 
vn 0.856857 -0.515554 0 
vn 0.947653 -0.319302 0 
vn 0.907575 -0.419889 0 
vn 0.976621 -0.21497 0 
vn 0.947653 -0.319302 0 
vn 0.994138 -0.108119 0 
vn 0.976621 -0.21497 0 
vn 0 0 -1 
vn 0.994138 0.108119 0 
vn 1 2.44929e-16 0 
vn 0.976621 0.21497 0 
vn 0.994138 0.108119 0 
vn 0.947653 0.319302 0 
vn 0.976621 0.21497 0 
vn 0.907575 0.419889 0 
vn 0.947653 0.319302 0 
vn 0.856857 0.515554 0 
vn 0.907575 0.419889 0 
vn 0.796093 0.605174 0 
vn 0.856857 0.515554 0 
vn 0.725995 0.687699 0 
vn 0.796093 0.605174 0 
vn 0.647386 0.762162 0 
vn 0.725995 0.687699 0 
vn 0.561187 0.827689 0 
vn 0.647386 0.762162 0 
vn 0.468408 0.883512 0 
vn 0.561187 0.827689 0 
vn 0.370138 0.928977 0 
vn 0.468408 0.883512 0 
vn 0.267528 0.96355 0 
vn 0.370138 0.928977 0 
vn 0.161782 0.986827 0 
vn 0.267528 0.96355 0 
vn 0.0541389 0.998533 0 
vn 0.161782 0.986827 0 
vn -0.0541389 0.998533 0 
vn 0.0541389 0.998533 0 
vn -0.161782 0.986827 0 
vn -0.0541389 0.998533 0 
vn -0.267528 0.96355 0 
vn -0.161782 0.986827 0 
vn -0.370138 0.928977 0 
vn -0.267528 0.96355 0 
vn -0.468408 0.883512 0 
vn -0.370138 0.928977 0 
vn -0.561187 0.827689 0 
vn -0.468408 0.883512 0 
vn -0.647386 0.762162 0 
vn -0.561187 0.827689 0 
vn -0.725995 0.687699 0 
vn -0.647386 0.762162 0 
vn -0.796093 0.605174 0 
vn -0.725995 0.687699 0 
vn -0.856857 0.515554 0 
vn -0.796093 0.605174 0 
vn -0.907575 0.419889 0 
vn -0.856857 0.515554 0 
vn -0.947653 0.319302 0 
vn -0.907575 0.419889 0 
vn -0.976621 0.21497 0 
vn -0.947653 0.319302 0 
vn -0.994138 0.108119 0 
vn -0.976621 0.21497 0 
vn -1 -1.22465e-16 0 
vn -0.994138 0.108119 0 
vn -0.994138 -0.108119 0 
vn -1 -1.22465e-16 0 
vn -0.976621 -0.21497 0 
vn -0.994138 -0.108119 0 
vn -0.947653 -0.319302 0 
vn -0.976621 -0.21497 0 
vn -0.907575 -0.419889 0 
vn -0.947653 -0.319302 0 
vn -0.856857 -0.515554 0 
vn -0.907575 -0.419889 0 
vn -0.796093 -0.605174 0 
vn -0.856857 -0.515554 0 
vn -0.725995 -0.687699 0 
vn -0.796093 -0.605174 0 
vn -0.647386 -0.762162 0 
vn -0.725995 -0.687699 0 
vn -0.561187 -0.827689 0 
vn -0.647386 -0.762162 0 
vn -0.468408 -0.883512 0 
vn -0.561187 -0.827689 0 
vn -0.370138 -0.928977 0 
vn -0.468408 -0.883512 0 
vn -0.267528 -0.96355 0 
vn -0.370138 -0.928977 0 
vn -0.161782 -0.986827 0 
vn -0.267528 -0.96355 0 
vn -0.0541389 -0.998533 0 
vn -0.161782 -0.986827 0 
vn 0.0541389 -0.998533 0 
vn -0.0541389 -0.998533 0 
vn 0.161782 -0.986827 0 
vn 0.0541389 -0.998533 0 
vn 0.267528 -0.96355 0 
vn 0.161782 -0.986827 0 
vn 0.370138 -0.928977 0 
vn 0.267528 -0.96355 0 
vn 0.468408 -0.883512 0 
vn 0.370138 -0.928977 0 
vn 0.561187 -0.827689 0 
vn 0.468408 -0.883512 0 
vn 0.647386 -0.762162 0 
vn 0.561187 -0.827689 0 
vn 0.725995 -0.687699 0 
vn 0.647386 -0.762162 0 
vn 0.796093 -0.605174 0 
vn 0.725995 -0.687699 0 
vn 0.856857 -0.515554 0 
vn 0.796093 -0.605174 0 
vn 0.907575 -0.419889 0 
vn 0.856857 -0.515554 0 
vn 0.947653 -0.319302 0 
vn 0.907575 -0.419889 0 
vn 0.976621 -0.21497 0 
vn 0.947653 -0.319302 0 
vn 0.994138 -0.108119 0 
vn 0.976621 -0.21497 0 
vn 0 0 1 
vn 1 0 0 
vn 0 1 0 
vn -1 0 0 
vn 0 -1 0 
vn 0 0 -1 
vn 0 1 0 
vn 0 -1 0 
vn 0 0 -1 
vn -1 0 0 
vn -9.91271e-17 1 0 
vn 1 0 0 
vn 0 0 -1 
vn -1.73472e-16 -1 0 
vn -1 0 0 
vn 1.73472e-16 1 0 
vn 1 1.67202e-16 0 
vn 0 0 -1 
vn 0 -1 0 
vn 0 1 0 
vn 0.994138 0.108119 0 
vn 1 2.44929e-16 0 
vn 0.976621 0.21497 0 
vn 0.994138 0.108119 0 
vn 0.947653 0.319302 0 
vn 0.976621 0.21497 0 
vn 0.907575 0.419889 0 
vn 0.947653 0.319302 0 
vn 0.856857 0.515554 0 
vn 0.907575 0.419889 0 
vn 0.796093 0.605174 0 
vn 0.856857 0.515554 0 
vn 0.725995 0.687699 0 
vn 0.796093 0.605174 0 
vn 0.647386 0.762162 0 
vn 0.725995 0.687699 0 
vn 0.561187 0.827689 0 
vn 0.647386 0.762162 0 
vn 0.468408 0.883512 0 
vn 0.561187 0.827689 0 
vn 0.370138 0.928977 0 
vn 0.468408 0.883512 0 
vn 0.267528 0.96355 0 
vn 0.370138 0.928977 0 
vn 0.161782 0.986827 0 
vn 0.267528 0.96355 0 
vn 0.0541389 0.998533 0 
vn 0.161782 0.986827 0 
vn -0.0541389 0.998533 0 
vn 0.0541389 0.998533 0 
vn -0.161782 0.986827 0 
vn -0.0541389 0.998533 0 
vn -0.267528 0.96355 0 
vn -0.161782 0.986827 0 
vn -0.370138 0.928977 0 
vn -0.267528 0.96355 0 
vn -0.468408 0.883512 0 
vn -0.370138 0.928977 0 
vn -0.561187 0.827689 0 
vn -0.468408 0.883512 0 
vn -0.647386 0.762162 0 
vn -0.561187 0.827689 0 
vn -0.725995 0.687699 0 
vn -0.647386 0.762162 0 
vn -0.796093 0.605174 0 
vn -0.725995 0.687699 0 
vn -0.856857 0.515554 0 
vn -0.796093 0.605174 0 
vn -0.907575 0.419889 0 
vn -0.856857 0.515554 0 
vn -0.947653 0.319302 0 
vn -0.907575 0.419889 0 
vn -0.976621 0.21497 0 
vn -0.947653 0.319302 0 
vn -0.994138 0.108119 0 
vn -0.976621 0.21497 0 
vn -1 -1.22465e-16 0 
vn -0.994138 0.108119 0 
vn -0.994138 -0.108119 0 
vn -1 -1.22465e-16 0 
vn -0.976621 -0.21497 0 
vn -0.994138 -0.108119 0 
vn -0.947653 -0.319302 0 
vn -0.976621 -0.21497 0 
vn -0.907575 -0.419889 0 
vn -0.947653 -0.319302 0 
vn -0.856857 -0.515554 0 
vn -0.907575 -0.419889 0 
vn -0.796093 -0.605174 0 
vn -0.856857 -0.515554 0 
vn -0.725995 -0.687699 0 
vn -0.796093 -0.605174 0 
vn -0.647386 -0.762162 0 
vn -0.725995 -0.687699 0 
vn -0.561187 -0.827689 0 
vn -0.647386 -0.762162 0 
vn -0.468408 -0.883512 0 
vn -0.561187 -0.827689 0 
vn -0.370138 -0.928977 0 
vn -0.468408 -0.883512 0 
vn -0.267528 -0.96355 0 
vn -0.370138 -0.928977 0 
vn -0.161782 -0.986827 0 
vn -0.267528 -0.96355 0 
vn -0.0541389 -0.998533 0 
vn -0.161782 -0.986827 0 
vn 0.0541389 -0.998533 0 
vn -0.0541389 -0.998533 0 
vn 0.161782 -0.986827 0 
vn 0.0541389 -0.998533 0 
vn 0.267528 -0.96355 0 
vn 0.161782 -0.986827 0 
vn 0.370138 -0.928977 0 
vn 0.267528 -0.96355 0 
vn 0.468408 -0.883512 0 
vn 0.370138 -0.928977 0 
vn 0.561187 -0.827689 0 
vn 0.468408 -0.883512 0 
vn 0.647386 -0.762162 0 
vn 0.561187 -0.827689 0 
vn 0.725995 -0.687699 0 
vn 0.647386 -0.762162 0 
vn 0.796093 -0.605174 0 
vn 0.725995 -0.687699 0 
vn 0.856857 -0.515554 0 
vn 0.796093 -0.605174 0 
vn 0.907575 -0.419889 0 
vn 0.856857 -0.515554 0 
vn 0.947653 -0.319302 0 
vn 0.907575 -0.419889 0 
vn 0.976621 -0.21497 0 
vn 0.947653 -0.319302 0 
vn 0.994138 -0.108119 0 
vn 0.976621 -0.21497 0 
vn 0 0 -1 
vn 0.994138 0.108119 0 
vn 1 2.44929e-16 0 
vn 0.976621 0.21497 0 
vn 0.994138 0.108119 0 
vn 0.947653 0.319302 0 
vn 0.976621 0.21497 0 
vn 0.907575 0.419889 0 
vn 0.947653 0.319302 0 
vn 0.856857 0.515554 0 
vn 0.907575 0.419889 0 
vn 0.796093 0.605174 0 
vn 0.856857 0.515554 0 
vn 0.725995 0.687699 0 
vn 0.796093 0.605174 0 
vn 0.647386 0.762162 0 
vn 0.725995 0.687699 0 
vn 0.561187 0.827689 0 
vn 0.647386 0.762162 0 
vn 0.468408 0.883512 0 
vn 0.561187 0.827689 0 
vn 0.370138 0.928977 0 
vn 0.468408 0.883512 0 
vn 0.267528 0.96355 0 
vn 0.370138 0.928977 0 
vn 0.161782 0.986827 0 
vn 0.267528 0.96355 0 
vn 0.0541389 0.998533 0 
vn 0.161782 0.986827 0 
vn -0.0541389 0.998533 0 
vn 0.0541389 0.998533 0 
vn -0.161782 0.986827 0 
vn -0.0541389 0.998533 0 
vn -0.267528 0.96355 0 
vn -0.161782 0.986827 0 
vn -0.370138 0.928977 0 
vn -0.267528 0.96355 0 
vn -0.468408 0.883512 0 
vn -0.370138 0.928977 0 
vn -0.561187 0.827689 0 
vn -0.468408 0.883512 0 
vn -0.647386 0.762162 0 
vn -0.561187 0.827689 0 
vn -0.725995 0.687699 0 
vn -0.647386 0.762162 0 
vn -0.796093 0.605174 0 
vn -0.725995 0.687699 0 
vn -0.856857 0.515554 0 
vn -0.796093 0.605174 0 
vn -0.907575 0.419889 0 
vn -0.856857 0.515554 0 
vn -0.947653 0.319302 0 
vn -0.907575 0.419889 0 
vn -0.976621 0.21497 0 
vn -0.947653 0.319302 0 
vn -0.994138 0.108119 0 
vn -0.976621 0.21497 0 
vn -1 -1.22465e-16 0 
vn -0.994138 0.108119 0 
vn -0.994138 -0.108119 0 
vn -1 -1.22465e-16 0 
vn -0.976621 -0.21497 0 
vn -0.994138 -0.108119 0 
vn -0.947653 -0.319302 0 
vn -0.976621 -0.21497 0 
vn -0.907575 -0.419889 0 
vn -0.947653 -0.319302 0 
vn -0.856857 -0.515554 0 
vn -0.907575 -0.419889 0 
vn -0.796093 -0.605174 0 
vn -0.856857 -0.515554 0 
vn -0.725995 -0.687699 0 
vn -0.796093 -0.605174 0 
vn -0.647386 -0.762162 0 
vn -0.725995 -0.687699 0 
vn -0.561187 -0.827689 0 
vn -0.647386 -0.762162 0 
vn -0.468408 -0.883512 0 
vn -0.561187 -0.827689 0 
vn -0.370138 -0.928977 0 
vn -0.468408 -0.883512 0 
vn -0.267528 -0.96355 0 
vn -0.370138 -0.928977 0 
vn -0.161782 -0.986827 0 
vn -0.267528 -0.96355 0 
vn -0.0541389 -0.998533 0 
vn -0.161782 -0.986827 0 
vn 0.0541389 -0.998533 0 
vn -0.0541389 -0.998533 0 
vn 0.161782 -0.986827 0 
vn 0.0541389 -0.998533 0 
vn 0.267528 -0.96355 0 
vn 0.161782 -0.986827 0 
vn 0.370138 -0.928977 0 
vn 0.267528 -0.96355 0 
vn 0.468408 -0.883512 0 
vn 0.370138 -0.928977 0 
vn 0.561187 -0.827689 0 
vn 0.468408 -0.883512 0 
vn 0.647386 -0.762162 0 
vn 0.561187 -0.827689 0 
vn 0.725995 -0.687699 0 
vn 0.647386 -0.762162 0 
vn 0.796093 -0.605174 0 
vn 0.725995 -0.687699 0 
vn 0.856857 -0.515554 0 
vn 0.796093 -0.605174 0 
vn 0.907575 -0.419889 0 
vn 0.856857 -0.515554 0 
vn 0.947653 -0.319302 0 
vn 0.907575 -0.419889 0 
vn 0.976621 -0.21497 0 
vn 0.947653 -0.319302 0 
vn 0.994138 -0.108119 0 
vn 0.976621 -0.21497 0 
vn 0.994138 0.108119 0 
vn 1 2.44929e-16 0 
vn 0.976621 0.21497 0 
vn 0.994138 0.108119 0 
vn 0.947653 0.319302 0 
vn 0.976621 0.21497 0 
vn 0.907575 0.419889 0 
vn 0.947653 0.319302 0 
vn 0.856857 0.515554 0 
vn 0.907575 0.419889 0 
vn 0.796093 0.605174 0 
vn 0.856857 0.515554 0 
vn 0.725995 0.687699 0 
vn 0.796093 0.605174 0 
vn 0.647386 0.762162 0 
vn 0.725995 0.687699 0 
vn 0.561187 0.827689 0 
vn 0.647386 0.762162 0 
vn 0.468408 0.883512 0 
vn 0.561187 0.827689 0 
vn 0.370138 0.928977 0 
vn 0.468408 0.883512 0 
vn 0.267528 0.96355 0 
vn 0.370138 0.928977 0 
vn 0.161782 0.986827 0 
vn 0.267528 0.96355 0 
vn 0.0541389 0.998533 0 
vn 0.161782 0.986827 0 
vn -0.0541389 0.998533 0 
vn 0.0541389 0.998533 0 
vn -0.161782 0.986827 0 
vn -0.0541389 0.998533 0 
vn -0.267528 0.96355 0 
vn -0.161782 0.986827 0 
vn -0.370138 0.928977 0 
vn -0.267528 0.96355 0 
vn -0.468408 0.883512 0 
vn -0.370138 0.928977 0 
vn -0.561187 0.827689 0 
vn -0.468408 0.883512 0 
vn -0.647386 0.762162 0 
vn -0.561187 0.827689 0 
vn -0.725995 0.687699 0 
vn -0.647386 0.762162 0 
vn -0.796093 0.605174 0 
vn -0.725995 0.687699 0 
vn -0.856857 0.515554 0 
vn -0.796093 0.605174 0 
vn -0.907575 0.419889 0 
vn -0.856857 0.515554 0 
vn -0.947653 0.319302 0 
vn -0.907575 0.419889 0 
vn -0.976621 0.21497 0 
vn -0.947653 0.319302 0 
vn -0.994138 0.108119 0 
vn -0.976621 0.21497 0 
vn -1 -1.22465e-16 0 
vn -0.994138 0.108119 0 
vn -0.994138 -0.108119 0 
vn -1 -1.22465e-16 0 
vn -0.976621 -0.21497 0 
vn -0.994138 -0.108119 0 
vn -0.947653 -0.319302 0 
vn -0.976621 -0.21497 0 
vn -0.907575 -0.419889 0 
vn -0.947653 -0.319302 0 
vn -0.856857 -0.515554 0 
vn -0.907575 -0.419889 0 
vn -0.796093 -0.605174 0 
vn -0.856857 -0.515554 0 
vn -0.725995 -0.687699 0 
vn -0.796093 -0.605174 0 
vn -0.647386 -0.762162 0 
vn -0.725995 -0.687699 0 
vn -0.561187 -0.827689 0 
vn -0.647386 -0.762162 0 
vn -0.468408 -0.883512 0 
vn -0.561187 -0.827689 0 
vn -0.370138 -0.928977 0 
vn -0.468408 -0.883512 0 
vn -0.267528 -0.96355 0 
vn -0.370138 -0.928977 0 
vn -0.161782 -0.986827 0 
vn -0.267528 -0.96355 0 
vn -0.0541389 -0.998533 0 
vn -0.161782 -0.986827 0 
vn 0.0541389 -0.998533 0 
vn -0.0541389 -0.998533 0 
vn 0.161782 -0.986827 0 
vn 0.0541389 -0.998533 0 
vn 0.267528 -0.96355 0 
vn 0.161782 -0.986827 0 
vn 0.370138 -0.928977 0 
vn 0.267528 -0.96355 0 
vn 0.468408 -0.883512 0 
vn 0.370138 -0.928977 0 
vn 0.561187 -0.827689 0 
vn 0.468408 -0.883512 0 
vn 0.647386 -0.762162 0 
vn 0.561187 -0.827689 0 
vn 0.725995 -0.687699 0 
vn 0.647386 -0.762162 0 
vn 0.796093 -0.605174 0 
vn 0.725995 -0.687699 0 
vn 0.856857 -0.515554 0 
vn 0.796093 -0.605174 0 
vn 0.907575 -0.419889 0 
vn 0.856857 -0.515554 0 
vn 0.947653 -0.319302 0 
vn 0.907575 -0.419889 0 
vn 0.976621 -0.21497 0 
vn 0.947653 -0.319302 0 
vn 0.994138 -0.108119 0 
vn 0.976621 -0.21497 0 
vn 0 0 -1 
vn 0.994138 0.108119 0 
vn 1 2.44929e-16 0 
vn 0.976621 0.21497 0 
vn 0.994138 0.108119 0 
vn 0.947653 0.319302 0 
vn 0.976621 0.21497 0 
vn 0.907575 0.419889 0 
vn 0.947653 0.319302 0 
vn 0.856857 0.515554 0 
vn 0.907575 0.419889 0 
vn 0.796093 0.605174 0 
vn 0.856857 0.515554 0 
vn 0.725995 0.687699 0 
vn 0.796093 0.605174 0 
vn 0.647386 0.762162 0 
vn 0.725995 0.687699 0 
vn 0.561187 0.827689 0 
vn 0.647386 0.762162 0 
vn 0.468408 0.883512 0 
vn 0.561187 0.827689 0 
vn 0.370138 0.928977 0 
vn 0.468408 0.883512 0 
vn 0.267528 0.96355 0 
vn 0.370138 0.928977 0 
vn 0.161782 0.986827 0 
vn 0.267528 0.96355 0 
vn 0.0541389 0.998533 0 
vn 0.161782 0.986827 0 
vn -0.0541389 0.998533 0 
vn 0.0541389 0.998533 0 
vn -0.161782 0.986827 0 
vn -0.0541389 0.998533 0 
vn -0.267528 0.96355 0 
vn -0.161782 0.986827 0 
vn -0.370138 0.928977 0 
vn -0.267528 0.96355 0 
vn -0.468408 0.883512 0 
vn -0.370138 0.928977 0 
vn -0.561187 0.827689 0 
vn -0.468408 0.883512 0 
vn -0.647386 0.762162 0 
vn -0.561187 0.827689 0 
vn -0.725995 0.687699 0 
vn -0.647386 0.762162 0 
vn -0.796093 0.605174 0 
vn -0.725995 0.687699 0 
vn -0.856857 0.515554 0 
vn -0.796093 0.605174 0 
vn -0.907575 0.419889 0 
vn -0.856857 0.515554 0 
vn -0.947653 0.319302 0 
vn -0.907575 0.419889 0 
vn -0.976621 0.21497 0 
vn -0.947653 0.319302 0 
vn -0.994138 0.108119 0 
vn -0.976621 0.21497 0 
vn -1 -1.22465e-16 0 
vn -0.994138 0.108119 0 
vn -0.994138 -0.108119 0 
vn -1 -1.22465e-16 0 
vn -0.976621 -0.21497 0 
vn -0.994138 -0.108119 0 
vn -0.947653 -0.319302 0 
vn -0.976621 -0.21497 0 
vn -0.907575 -0.419889 0 
vn -0.947653 -0.319302 0 
vn -0.856857 -0.515554 0 
vn -0.907575 -0.419889 0 
vn -0.796093 -0.605174 0 
vn -0.856857 -0.515554 0 
vn -0.725995 -0.687699 0 
vn -0.796093 -0.605174 0 
vn -0.647386 -0.762162 0 
vn -0.725995 -0.687699 0 
vn -0.561187 -0.827689 0 
vn -0.647386 -0.762162 0 
vn -0.468408 -0.883512 0 
vn -0.561187 -0.827689 0 
vn -0.370138 -0.928977 0 
vn -0.468408 -0.883512 0 
vn -0.267528 -0.96355 0 
vn -0.370138 -0.928977 0 
vn -0.161782 -0.986827 0 
vn -0.267528 -0.96355 0 
vn -0.0541389 -0.998533 0 
vn -0.161782 -0.986827 0 
vn 0.0541389 -0.998533 0 
vn -0.0541389 -0.998533 0 
vn 0.161782 -0.986827 0 
vn 0.0541389 -0.998533 0 
vn 0.267528 -0.96355 0 
vn 0.161782 -0.986827 0 
vn 0.370138 -0.928977 0 
vn 0.267528 -0.96355 0 
vn 0.468408 -0.883512 0 
vn 0.370138 -0.928977 0 
vn 0.561187 -0.827689 0 
vn 0.468408 -0.883512 0 
vn 0.647386 -0.762162 0 
vn 0.561187 -0.827689 0 
vn 0.725995 -0.687699 0 
vn 0.647386 -0.762162 0 
vn 0.796093 -0.605174 0 
vn 0.725995 -0.687699 0 
vn 0.856857 -0.515554 0 
vn 0.796093 -0.605174 0 
vn 0.907575 -0.419889 0 
vn 0.856857 -0.515554 0 
vn 0.947653 -0.319302 0 
vn 0.907575 -0.419889 0 
vn 0.976621 -0.21497 0 
vn 0.947653 -0.319302 0 
vn 0.994138 -0.108119 0 
vn 0.976621 -0.21497 0 
vn 0.994138 0.108119 0 
vn 1 2.44929e-16 0 
vn 0.976621 0.21497 0 
vn 0.994138 0.108119 0 
vn 0.947653 0.319302 0 
vn 0.976621 0.21497 0 
vn 0.907575 0.419889 0 
vn 0.947653 0.319302 0 
vn 0.856857 0.515554 0 
vn 0.907575 0.419889 0 
vn 0.796093 0.605174 0 
vn 0.856857 0.515554 0 
vn 0.725995 0.687699 0 
vn 0.796093 0.605174 0 
vn 0.647386 0.762162 0 
vn 0.725995 0.687699 0 
vn 0.561187 0.827689 0 
vn 0.647386 0.762162 0 
vn 0.468408 0.883512 0 
vn 0.561187 0.827689 0 
vn 0.370138 0.928977 0 
vn 0.468408 0.883512 0 
vn 0.267528 0.96355 0 
vn 0.370138 0.928977 0 
vn 0.161782 0.986827 0 
vn 0.267528 0.96355 0 
vn 0.0541389 0.998533 0 
vn 0.161782 0.986827 0 
vn -0.0541389 0.998533 0 
vn 0.0541389 0.998533 0 
vn -0.161782 0.986827 0 
vn -0.0541389 0.998533 0 
vn -0.267528 0.96355 0 
vn -0.161782 0.986827 0 
vn -0.370138 0.928977 0 
vn -0.267528 0.96355 0 
vn -0.468408 0.883512 0 
vn -0.370138 0.928977 0 
vn -0.561187 0.827689 0 
vn -0.468408 0.883512 0 
vn -0.647386 0.762162 0 
vn -0.561187 0.827689 0 
vn -0.725995 0.687699 0 
vn -0.647386 0.762162 0 
vn -0.796093 0.605174 0 
vn -0.725995 0.687699 0 
vn -0.856857 0.515554 0 
vn -0.796093 0.605174 0 
vn -0.907575 0.419889 0 
vn -0.856857 0.515554 0 
vn -0.947653 0.319302 0 
vn -0.907575 0.419889 0 
vn -0.976621 0.21497 0 
vn -0.947653 0.319302 0 
vn -0.994138 0.108119 0 
vn -0.976621 0.21497 0 
vn -1 -1.22465e-16 0 
vn -0.994138 0.108119 0 
vn -0.994138 -0.108119 0 
vn -1 -1.22465e-16 0 
vn -0.976621 -0.21497 0 
vn -0.994138 -0.108119 0 
vn -0.947653 -0.319302 0 
vn -0.976621 -0.21497 0 
vn -0.907575 -0.419889 0 
vn -0.947653 -0.319302 0 
vn -0.856857 -0.515554 0 
vn -0.907575 -0.419889 0 
vn -0.796093 -0.605174 0 
vn -0.856857 -0.515554 0 
vn -0.725995 -0.687699 0 
vn -0.796093 -0.605174 0 
vn -0.647386 -0.762162 0 
vn -0.725995 -0.687699 0 
vn -0.561187 -0.827689 0 
vn -0.647386 -0.762162 0 
vn -0.468408 -0.883512 0 
vn -0.561187 -0.827689 0 
vn -0.370138 -0.928977 0 
vn -0.468408 -0.883512 0 
vn -0.267528 -0.96355 0 
vn -0.370138 -0.928977 0 
vn -0.161782 -0.986827 0 
vn -0.267528 -0.96355 0 
vn -0.0541389 -0.998533 0 
vn -0.161782 -0.986827 0 
vn 0.0541389 -0.998533 0 
vn -0.0541389 -0.998533 0 
vn 0.161782 -0.986827 0 
vn 0.0541389 -0.998533 0 
vn 0.267528 -0.96355 0 
vn 0.161782 -0.986827 0 
vn 0.370138 -0.928977 0 
vn 0.267528 -0.96355 0 
vn 0.468408 -0.883512 0 
vn 0.370138 -0.928977 0 
vn 0.561187 -0.827689 0 
vn 0.468408 -0.883512 0 
vn 0.647386 -0.762162 0 
vn 0.561187 -0.827689 0 
vn 0.725995 -0.687699 0 
vn 0.647386 -0.762162 0 
vn 0.796093 -0.605174 0 
vn 0.725995 -0.687699 0 
vn 0.856857 -0.515554 0 
vn 0.796093 -0.605174 0 
vn 0.907575 -0.419889 0 
vn 0.856857 -0.515554 0 
vn 0.947653 -0.319302 0 
vn 0.907575 -0.419889 0 
vn 0.976621 -0.21497 0 
vn 0.947653 -0.319302 0 
vn 0.994138 -0.108119 0 
vn 0.976621 -0.21497 0 
vn 0 0 -1 
vn 0.994138 0.108119 0 
vn 1 2.44929e-16 0 
vn 0.976621 0.21497 0 
vn 0.994138 0.108119 0 
vn 0.947653 0.319302 0 
vn 0.976621 0.21497 0 
vn 0.907575 0.419889 0 
vn 0.947653 0.319302 0 
vn 0.856857 0.515554 0 
vn 0.907575 0.419889 0 
vn 0.796093 0.605174 0 
vn 0.856857 0.515554 0 
vn 0.725995 0.687699 0 
vn 0.796093 0.605174 0 
vn 0.647386 0.762162 0 
vn 0.725995 0.687699 0 
vn 0.561187 0.827689 0 
vn 0.647386 0.762162 0 
vn 0.468408 0.883512 0 
vn 0.561187 0.827689 0 
vn 0.370138 0.928977 0 
vn 0.468408 0.883512 0 
vn 0.267528 0.96355 0 
vn 0.370138 0.928977 0 
vn 0.161782 0.986827 0 
vn 0.267528 0.96355 0 
vn 0.0541389 0.998533 0 
vn 0.161782 0.986827 0 
vn -0.0541389 0.998533 0 
vn 0.0541389 0.998533 0 
vn -0.161782 0.986827 0 
vn -0.0541389 0.998533 0 
vn -0.267528 0.96355 0 
vn -0.161782 0.986827 0 
vn -0.370138 0.928977 0 
vn -0.267528 0.96355 0 
vn -0.468408 0.883512 0 
vn -0.370138 0.928977 0 
vn -0.561187 0.827689 0 
vn -0.468408 0.883512 0 
vn -0.647386 0.762162 0 
vn -0.561187 0.827689 0 
vn -0.725995 0.687699 0 
vn -0.647386 0.762162 0 
vn -0.796093 0.605174 0 
vn -0.725995 0.687699 0 
vn -0.856857 0.515554 0 
vn -0.796093 0.605174 0 
vn -0.907575 0.419889 0 
vn -0.856857 0.515554 0 
vn -0.947653 0.319302 0 
vn -0.907575 0.419889 0 
vn -0.976621 0.21497 0 
vn -0.947653 0.319302 0 
vn -0.994138 0.108119 0 
vn -0.976621 0.21497 0 
vn -1 -1.22465e-16 0 
vn -0.994138 0.108119 0 
vn -0.994138 -0.108119 0 
vn -1 -1.22465e-16 0 
vn -0.976621 -0.21497 0 
vn -0.994138 -0.108119 0 
vn -0.947653 -0.319302 0 
vn -0.976621 -0.21497 0 
vn -0.907575 -0.419889 0 
vn -0.947653 -0.319302 0 
vn -0.856857 -0.515554 0 
vn -0.907575 -0.419889 0 
vn -0.796093 -0.605174 0 
vn -0.856857 -0.515554 0 
vn -0.725995 -0.687699 0 
vn -0.796093 -0.605174 0 
vn -0.647386 -0.762162 0 
vn -0.725995 -0.687699 0 
vn -0.561187 -0.827689 0 
vn -0.647386 -0.762162 0 
vn -0.468408 -0.883512 0 
vn -0.561187 -0.827689 0 
vn -0.370138 -0.928977 0 
vn -0.468408 -0.883512 0 
vn -0.267528 -0.96355 0 
vn -0.370138 -0.928977 0 
vn -0.161782 -0.986827 0 
vn -0.267528 -0.96355 0 
vn -0.0541389 -0.998533 0 
vn -0.161782 -0.986827 0 
vn 0.0541389 -0.998533 0 
vn -0.0541389 -0.998533 0 
vn 0.161782 -0.986827 0 
vn 0.0541389 -0.998533 0 
vn 0.267528 -0.96355 0 
vn 0.161782 -0.986827 0 
vn 0.370138 -0.928977 0 
vn 0.267528 -0.96355 0 
vn 0.468408 -0.883512 0 
vn 0.370138 -0.928977 0 
vn 0.561187 -0.827689 0 
vn 0.468408 -0.883512 0 
vn 0.647386 -0.762162 0 
vn 0.561187 -0.827689 0 
vn 0.725995 -0.687699 0 
vn 0.647386 -0.762162 0 
vn 0.796093 -0.605174 0 
vn 0.725995 -0.687699 0 
vn 0.856857 -0.515554 0 
vn 0.796093 -0.605174 0 
vn 0.907575 -0.419889 0 
vn 0.856857 -0.515554 0 
vn 0.947653 -0.319302 0 
vn 0.907575 -0.419889 0 
vn 0.976621 -0.21497 0 
vn 0.947653 -0.319302 0 
vn 0.994138 -0.108119 0 
vn 0.976621 -0.21497 0 
vn 1 0 0 
vn 0 0 1 
vn 0 1 0 
vn 0 -1 0 
vn -1 2.46716e-16 0 
vn 0 0 1 
vn -9.91271e-17 1 0 
vn -1 0 0 
vn 9.91271e-17 -1 0 
vn 0 0 1 
vn 0 1 0 
vn -1 0 0 
vn 0 -1 0 
vn 1 0 0 
vn 0 0 1 
vn 0 1 0 
vn -1 0 0 
vn 0 -1 0 
vn 0 0 1 
vn 1 0 0 
vn 0 1 0 
vn -1 0 0 
vn 0 -1 0 
vn 0 0 1 
vn 1 0 0 
vn 1.73472e-16 1 0 
vn -1 0 0 
vn -1.73472e-16 -1 0 
usemtl 0.615686_0.811765_0.929412_0.000000_0.000000
o mesh0
f 1//1 2//2 3//2 
f 4//3 1//1 5//4 
f 6//5 4//3 7//6 
f 8//7 6//5 9//8 
f 10//9 8//7 11//10 
f 12//11 10//9 13//12 
f 14//13 12//11 15//14 
f 16//15 14//13 17//16 
f 18//17 16//15 19//18 
f 20//19 18//17 21//20 
f 22//21 20//19 23//22 
f 24//23 22//21 25//24 
f 26//25 24//23 27//26 
f 28//27 26//25 29//28 
f 30//29 28//27 31//30 
f 32//31 30//29 33//32 
f 34//33 32//31 35//34 
f 36//35 34//33 37//36 
f 38//37 36//35 39//38 
f 40//39 38//37 41//40 
f 42//41 40//39 43//42 
f 44//43 42//41 45//44 
f 46//45 44//43 47//46 
f 48//47 46//45 49//48 
f 50//49 48//47 51//50 
f 52//51 50//49 53//52 
f 54//53 52//51 55//54 
f 56//55 54//53 57//56 
f 58//57 56//55 59//58 
f 60//59 58//57 61//60 
f 62//61 60//59 63//62 
f 64//63 62//61 65//64 
f 66//65 64//63 67//66 
f 68//67 66//65 69//68 
f 70//69 68//67 71//70 
f 72//71 70//69 73//72 
f 74//73 72//71 75//74 
f 76//75 74//73 77//76 
f 78//77 76//75 79//78 
f 80//79 78//77 81//80 
f 82//81 80//79 83//82 
f 84//83 82//81 85//84 
f 86//85 84//83 87//86 
f 88//87 86//85 89//88 
f 90//89 88//87 91//90 
f 92//91 90//89 93//92 
f 94//93 92//91 95//94 
f 96//95 94//93 97//96 
f 98//97 96//95 99//98 
f 100//99 98//97 101//100 
f 102//101 100//99 103//102 
f 104//103 102//101 105//104 
f 106//105 104//103 107//106 
f 108//107 106//105 109//108 
f 110//109 108//107 111//110 
f 112//111 110//109 113//112 
f 114//113 112//111 115//114 
f 2//2 114//113 116//113 
f 116//113 3//2 2//2 
f 115//114 116//113 114//113 
f 113//112 115//114 112//111 
f 111//110 113//112 110//109 
f 109//108 111//110 108//107 
f 107//106 109//108 106//105 
f 105//104 107//106 104//103 
f 103//102 105//104 102//101 
f 101//100 103//102 100//99 
f 99//98 101//100 98//97 
f 97//96 99//98 96//95 
f 95//94 97//96 94//93 
f 93//92 95//94 92//91 
f 91//90 93//92 90//89 
f 89//88 91//90 88//87 
f 87//86 89//88 86//85 
f 85//84 87//86 84//83 
f 83//82 85//84 82//81 
f 81//80 83//82 80//79 
f 79//78 81//80 78//77 
f 77//76 79//78 76//75 
f 75//74 77//76 74//73 
f 73//72 75//74 72//71 
f 71//70 73//72 70//69 
f 69//68 71//70 68//67 
f 67//66 69//68 66//65 
f 65//64 67//66 64//63 
f 63//62 65//64 62//61 
f 61//60 63//62 60//59 
f 59//58 61//60 58//57 
f 57//56 59//58 56//55 
f 55//54 57//56 54//53 
f 53//52 55//54 52//51 
f 51//50 53//52 50//49 
f 49//48 51//50 48//47 
f 47//46 49//48 46//45 
f 45//44 47//46 44//43 
f 43//42 45//44 42//41 
f 41//40 43//42 40//39 
f 39//38 41//40 38//37 
f 37//36 39//38 36//35 
f 35//34 37//36 34//33 
f 33//32 35//34 32//31 
f 31//30 33//32 30//29 
f 29//28 31//30 28//27 
f 27//26 29//28 26//25 
f 25//24 27//26 24//23 
f 23//22 25//24 22//21 
f 21//20 23//22 20//19 
f 19//18 21//20 18//17 
f 17//16 19//18 16//15 
f 15//14 17//16 14//13 
f 13//12 15//14 12//11 
f 11//10 13//12 10//9 
f 9//8 11//10 8//7 
f 7//6 9//8 6//5 
f 5//4 7//6 4//3 
f 3//2 5//4 1//1 
o mesh1
f 117//115 76//115 78//115 
f 118//115 74//115 76//115 
f 119//115 72//115 74//115 
f 119//115 120//115 70//115 
f 121//115 42//115 44//115 
f 121//115 122//115 40//115 
f 76//115 117//115 118//115 
f 70//115 72//115 119//115 
f 123//115 66//115 68//115 
f 123//115 124//115 64//115 
f 125//115 50//115 52//115 
f 125//115 126//115 48//115 
f 127//115 46//115 48//115 
f 127//115 128//115 44//115 
f 40//115 42//115 121//115 
f 122//115 129//115 38//115 
f 130//115 104//115 106//115 
f 130//115 131//115 102//115 
f 132//115 78//115 80//115 
f 74//115 118//115 119//115 
f 120//115 133//115 68//115 
f 64//115 66//115 123//115 
f 134//115 62//115 64//115 
f 134//115 135//115 60//115 
f 136//115 54//115 56//115 
f 136//115 137//115 52//115 
f 48//115 50//115 125//115 
f 44//115 46//115 127//115 
f 38//115 40//115 122//115 
f 129//115 138//115 36//115 
f 139//115 30//115 32//115 
f 139//115 140//115 28//115 
f 141//115 12//115 14//115 
f 141//115 142//115 10//115 
f 143//115 112//115 114//115 
f 143//115 144//115 110//115 
f 102//115 104//115 130//115 
f 131//115 145//115 100//115 
f 145//115 146//115 98//115 
f 146//115 147//115 96//115 
f 148//115 88//115 90//115 
f 148//115 149//115 86//115 
f 78//115 132//115 117//115 
f 68//115 133//115 123//115 
f 60//115 62//115 134//115 
f 135//115 150//115 58//115 
f 151//115 56//115 58//115 
f 52//115 54//115 136//115 
f 48//115 126//115 127//115 
f 36//115 38//115 129//115 
f 152//115 34//115 36//115 
f 152//115 153//115 32//115 
f 28//115 30//115 139//115 
f 140//115 154//115 26//115 
f 155//115 18//115 20//115 
f 156//115 16//115 18//115 
f 157//115 14//115 16//115 
f 10//115 12//115 141//115 
f 158//115 4//115 6//115 
f 158//115 159//115 1//115 
f 160//115 114//115 2//115 
f 110//115 112//115 143//115 
f 161//115 108//115 110//115 
f 161//115 162//115 106//115 
f 100//115 102//115 131//115 
f 96//115 98//115 146//115 
f 163//115 92//115 94//115 
f 163//115 164//115 90//115 
f 86//115 88//115 148//115 
f 149//115 165//115 84//115 
f 68//115 70//115 120//115 
f 58//115 60//115 135//115 
f 56//115 151//115 136//115 
f 44//115 128//115 121//115 
f 32//115 34//115 152//115 
f 26//115 28//115 140//115 
f 166//115 24//115 26//115 
f 166//115 167//115 22//115 
f 18//115 155//115 156//115 
f 14//115 157//115 141//115 
f 168//115 8//115 10//115 
f 168//115 169//115 6//115 
f 1//115 4//115 158//115 
f 159//115 170//115 2//115 
f 114//115 160//115 143//115 
f 106//115 108//115 161//115 
f 98//115 100//115 145//115 
f 147//115 171//115 94//115 
f 90//115 92//115 163//115 
f 84//115 86//115 149//115 
f 172//115 82//115 84//115 
f 172//115 173//115 80//115 
f 64//115 124//115 134//115 
f 52//115 137//115 125//115 
f 32//115 153//115 139//115 
f 22//115 24//115 166//115 
f 174//115 20//115 22//115 
f 16//115 156//115 157//115 
f 6//115 8//115 168//115 
f 2//115 1//115 159//115 
f 110//115 144//115 161//115 
f 94//115 96//115 147//115 
f 90//115 164//115 148//115 
f 80//115 82//115 172//115 
f 58//115 150//115 151//115 
f 26//115 154//115 166//115 
f 20//115 174//115 155//115 
f 6//115 169//115 158//115 
f 106//115 162//115 130//115 
f 84//115 165//115 172//115 
f 36//115 138//115 152//115 
f 10//115 142//115 168//115 
f 94//115 171//115 163//115 
f 22//115 167//115 174//115 
f 80//115 173//115 132//115 
f 2//115 170//115 160//115 
o mesh2
f 175//116 176//117 170//117 
f 177//118 175//116 159//119 
f 178//120 177//118 158//121 
f 179//122 178//120 169//123 
f 180//124 179//122 168//125 
f 181//126 180//124 142//127 
f 182//128 181//126 141//129 
f 183//130 182//128 157//131 
f 184//132 183//130 156//133 
f 185//134 184//132 155//135 
f 186//136 185//134 174//137 
f 187//138 186//136 167//139 
f 188//140 187//138 166//141 
f 189//142 188//140 154//143 
f 190//144 189//142 140//145 
f 191//146 190//144 139//147 
f 192//148 191//146 153//149 
f 193//150 192//148 152//151 
f 194//152 193//150 138//153 
f 195//154 194//152 129//155 
f 196//156 195//154 122//157 
f 197//158 196//156 121//159 
f 198//160 197//158 128//161 
f 199//162 198//160 127//163 
f 200//164 199//162 126//165 
f 201//166 200//164 125//167 
f 202//168 201//166 137//169 
f 203//170 202//168 136//171 
f 204//172 203//170 151//173 
f 205//174 204//172 150//175 
f 206//176 205//174 135//177 
f 207//178 206//176 134//179 
f 208//180 207//178 124//181 
f 209//182 208//180 123//183 
f 210//184 209//182 133//185 
f 211//186 210//184 120//187 
f 212//188 211//186 119//189 
f 213//190 212//188 118//191 
f 214//192 213//190 117//193 
f 215//194 214//192 132//195 
f 216//196 215//194 173//197 
f 217//198 216//196 172//199 
f 218//200 217//198 165//201 
f 219//202 218//200 149//203 
f 220//204 219//202 148//205 
f 221//206 220//204 164//207 
f 222//208 221//206 163//209 
f 223//210 222//208 171//211 
f 224//212 223//210 147//213 
f 225//214 224//212 146//215 
f 226//216 225//214 145//217 
f 227//218 226//216 131//219 
f 228//220 227//218 130//221 
f 229//222 228//220 162//223 
f 230//224 229//222 161//225 
f 231//226 230//224 144//227 
f 232//228 231//226 143//229 
f 176//117 232//228 160//228 
f 160//228 170//117 176//117 
f 143//229 160//228 232//228 
f 144//227 143//229 231//226 
f 161//225 144//227 230//224 
f 162//223 161//225 229//222 
f 130//221 162//223 228//220 
f 131//219 130//221 227//218 
f 145//217 131//219 226//216 
f 146//215 145//217 225//214 
f 147//213 146//215 224//212 
f 171//211 147//213 223//210 
f 163//209 171//211 222//208 
f 164//207 163//209 221//206 
f 148//205 164//207 220//204 
f 149//203 148//205 219//202 
f 165//201 149//203 218//200 
f 172//199 165//201 217//198 
f 173//197 172//199 216//196 
f 132//195 173//197 215//194 
f 117//193 132//195 214//192 
f 118//191 117//193 213//190 
f 119//189 118//191 212//188 
f 120//187 119//189 211//186 
f 133//185 120//187 210//184 
f 123//183 133//185 209//182 
f 124//181 123//183 208//180 
f 134//179 124//181 207//178 
f 135//177 134//179 206//176 
f 150//175 135//177 205//174 
f 151//173 150//175 204//172 
f 136//171 151//173 203//170 
f 137//169 136//171 202//168 
f 125//167 137//169 201//166 
f 126//165 125//167 200//164 
f 127//163 126//165 199//162 
f 128//161 127//163 198//160 
f 121//159 128//161 197//158 
f 122//157 121//159 196//156 
f 129//155 122//157 195//154 
f 138//153 129//155 194//152 
f 152//151 138//153 193//150 
f 153//149 152//151 192//148 
f 139//147 153//149 191//146 
f 140//145 139//147 190//144 
f 154//143 140//145 189//142 
f 166//141 154//143 188//140 
f 167//139 166//141 187//138 
f 174//137 167//139 186//136 
f 155//135 174//137 185//134 
f 156//133 155//135 184//132 
f 157//131 156//133 183//130 
f 141//129 157//131 182//128 
f 142//127 141//129 181//126 
f 168//125 142//127 180//124 
f 169//123 168//125 179//122 
f 158//121 169//123 178//120 
f 159//119 158//121 177//118 
f 170//117 159//119 175//116 
o mesh3
f 233//230 77//230 75//230 
f 233//230 81//230 79//230 
f 233//230 234//230 91//230 
f 234//230 109//230 107//230 
f 234//230 116//230 115//230 
f 234//230 235//230 3//230 
f 235//230 9//230 7//230 
f 233//230 71//230 69//230 
f 79//230 77//230 233//230 
f 91//230 89//230 233//230 
f 234//230 103//230 101//230 
f 107//230 105//230 234//230 
f 234//230 113//230 111//230 
f 3//230 116//230 234//230 
f 7//230 5//230 235//230 
f 235//230 13//230 11//230 
f 235//230 17//230 15//230 
f 233//230 67//230 65//230 
f 233//230 73//230 71//230 
f 233//230 83//230 81//230 
f 233//230 87//230 85//230 
f 234//230 93//230 91//230 
f 105//230 103//230 234//230 
f 115//230 113//230 234//230 
f 11//230 9//230 235//230 
f 235//230 19//230 17//230 
f 235//230 23//230 21//230 
f 235//230 236//230 33//230 
f 65//230 63//230 233//230 
f 75//230 73//230 233//230 
f 89//230 87//230 233//230 
f 234//230 97//230 95//230 
f 101//230 99//230 234//230 
f 5//230 3//230 235//230 
f 21//230 19//230 235//230 
f 33//230 31//230 235//230 
f 236//230 47//230 45//230 
f 69//230 67//230 233//230 
f 95//230 93//230 234//230 
f 111//230 109//230 234//230 
f 235//230 25//230 23//230 
f 235//230 29//230 27//230 
f 236//230 35//230 33//230 
f 45//230 43//230 236//230 
f 236//230 51//230 49//230 
f 236//230 55//230 53//230 
f 85//230 83//230 233//230 
f 15//230 13//230 235//230 
f 31//230 29//230 235//230 
f 236//230 39//230 37//230 
f 43//230 41//230 236//230 
f 53//230 51//230 236//230 
f 236//230 59//230 57//230 
f 236//230 233//230 61//230 
f 99//230 97//230 234//230 
f 37//230 35//230 236//230 
f 49//230 47//230 236//230 
f 61//230 59//230 236//230 
f 27//230 25//230 235//230 
f 57//230 55//230 236//230 
f 41//230 39//230 236//230 
f 63//230 61//230 233//230 
o mesh4
f 234//231 237//231 238//231 
f 238//231 235//231 234//231 
o mesh5
f 235//232 238//232 239//232 
f 239//232 236//232 235//232 
o mesh6
f 236//233 239//233 240//233 
f 240//233 233//233 236//233 
o mesh7
f 233//234 240//234 237//234 
f 237//234 234//234 233//234 
o mesh8
f 241//235 242//235 243//235 
f 241//235 244//235 242//235 
f 241//235 245//235 246//235 
f 241//235 247//235 248//235 
f 246//235 244//235 241//235 
f 241//235 249//235 250//235 
f 251//235 252//235 253//235 
f 435//235 254//235 255//235 
f 435//235 256//235 257//235 
f 435//235 248//235 258//235 
f 241//235 259//235 247//235 
f 241//235 260//235 261//235 
f 250//235 245//235 241//235 
f 253//235 241//235 251//235 
f 262//235 263//235 264//235 
f 262//235 435//235 265//235 
f 435//235 266//235 267//235 
f 255//235 268//235 435//235 
f 435//235 269//235 270//235 
f 257//235 271//235 435//235 
f 248//235 435//235 241//235 
f 241//235 272//235 273//235 
f 241//235 274//235 260//235 
f 253//235 249//235 241//235 
f 251//235 275//235 276//235 
f 262//235 277//235 278//235 
f 265//235 263//235 262//235 
f 435//235 279//235 280//235 
f 268//235 266//235 435//235 
f 271//235 269//235 435//235 
f 273//235 259//235 241//235 
f 243//235 274//235 241//235 
f 251//235 281//235 282//235 
f 251//235 283//235 275//235 
f 262//235 284//235 277//235 
f 262//235 285//235 286//235 
f 262//235 287//235 288//235 
f 435//235 289//235 265//235 
f 267//235 279//235 435//235 
f 258//235 256//235 435//235 
f 241//235 290//235 291//235 
f 282//235 252//235 251//235 
f 276//235 292//235 251//235 
f 278//235 251//235 262//235 
f 262//235 293//235 285//235 
f 262//235 294//235 287//235 
f 280//235 289//235 435//235 
f 291//235 272//235 241//235 
f 292//235 281//235 251//235 
f 286//235 284//235 262//235 
f 264//235 294//235 262//235 
f 261//235 290//235 241//235 
f 251//235 295//235 296//235 
f 251//235 297//235 298//235 
f 262//235 299//235 293//235 
f 270//235 254//235 435//235 
f 251//235 300//235 295//235 
f 251//235 301//235 297//235 
f 288//235 299//235 262//235 
f 298//235 300//235 251//235 
f 296//235 283//235 251//235 
f 435//235 302//235 303//235 
f 435//235 304//235 305//235 
f 435//235 306//235 307//235 
f 308//235 309//235 306//235 
f 435//235 310//235 311//235 
f 305//235 302//235 435//235 
f 306//235 435//235 308//235 
f 241//235 312//235 313//235 
f 435//235 314//235 310//235 
f 435//235 315//235 316//235 
f 307//235 304//235 435//235 
f 308//235 317//235 318//235 
f 319//235 320//235 321//235 
f 313//235 319//235 241//235 
f 241//235 322//235 323//235 
f 241//235 324//235 325//235 
f 241//235 326//235 327//235 
f 316//235 314//235 435//235 
f 303//235 328//235 435//235 
f 308//235 329//235 317//235 
f 321//235 330//235 319//235 
f 319//235 331//235 332//235 
f 323//235 312//235 241//235 
f 241//235 333//235 334//235 
f 241//235 335//235 324//235 
f 327//235 336//235 241//235 
f 328//235 315//235 435//235 
f 308//235 337//235 329//235 
f 308//235 338//235 339//235 
f 319//235 340//235 341//235 
f 332//235 320//235 319//235 
f 334//235 322//235 241//235 
f 336//235 335//235 241//235 
f 241//235 342//235 343//235 
f 308//235 344//235 309//235 
f 339//235 337//235 308//235 
f 308//235 345//235 346//235 
f 319//235 347//235 340//235 
f 319//235 348//235 349//235 
f 313//235 331//235 319//235 
f 343//235 326//235 241//235 
f 318//235 344//235 308//235 
f 308//235 350//235 351//235 
f 308//235 352//235 353//235 
f 346//235 354//235 308//235 
f 319//235 355//235 347//235 
f 319//235 356//235 357//235 
f 349//235 358//235 319//235 
f 325//235 333//235 241//235 
f 351//235 338//235 308//235 
f 354//235 352//235 308//235 
f 319//235 359//235 345//235 
f 357//235 355//235 319//235 
f 330//235 348//235 319//235 
f 241//235 435//235 360//235 
f 353//235 350//235 308//235 
f 319//235 361//235 359//235 
f 358//235 356//235 319//235 
f 311//235 360//235 435//235 
f 341//235 361//235 319//235 
f 345//235 308//235 319//235 
f 362//235 363//235 364//235 
f 362//235 365//235 363//235 
f 362//235 366//235 367//235 
f 367//235 365//235 362//235 
f 362//235 368//235 369//235 
f 370//235 371//235 368//235 
f 372//235 373//235 374//235 
f 372//235 375//235 376//235 
f 372//235 377//235 378//235 
f 372//235 379//235 380//235 
f 362//235 381//235 382//235 
f 362//235 383//235 384//235 
f 369//235 366//235 362//235 
f 370//235 385//235 371//235 
f 386//235 387//235 388//235 
f 386//235 372//235 389//235 
f 372//235 390//235 391//235 
f 374//235 392//235 372//235 
f 372//235 393//235 394//235 
f 376//235 395//235 372//235 
f 380//235 377//235 372//235 
f 382//235 372//235 362//235 
f 362//235 396//235 383//235 
f 368//235 362//235 370//235 
f 370//235 397//235 398//235 
f 389//235 387//235 386//235 
f 372//235 399//235 400//235 
f 392//235 390//235 372//235 
f 395//235 393//235 372//235 
f 382//235 379//235 372//235 
f 364//235 396//235 362//235 
f 370//235 401//235 402//235 
f 370//235 403//235 397//235 
f 386//235 404//235 405//235 
f 386//235 406//235 407//235 
f 386//235 408//235 409//235 
f 372//235 410//235 389//235 
f 391//235 399//235 372//235 
f 378//235 375//235 372//235 
f 362//235 411//235 412//235 
f 402//235 385//235 370//235 
f 398//235 413//235 370//235 
f 405//235 414//235 386//235 
f 386//235 415//235 406//235 
f 386//235 416//235 408//235 
f 400//235 410//235 372//235 
f 412//235 381//235 362//235 
f 413//235 401//235 370//235 
f 370//235 386//235 417//235 
f 407//235 404//235 386//235 
f 388//235 416//235 386//235 
f 384//235 411//235 362//235 
f 370//235 418//235 419//235 
f 386//235 420//235 417//235 
f 386//235 421//235 415//235 
f 394//235 373//235 372//235 
f 419//235 422//235 370//235 
f 386//235 423//235 420//235 
f 409//235 421//235 386//235 
f 417//235 418//235 370//235 
f 422//235 403//235 370//235 
f 435//235 424//235 362//235 
f 362//235 372//235 435//235 
f 262//235 425//235 424//235 
f 424//235 435//235 262//235 
f 372//235 224//235 225//235 
f 372//235 222//235 223//235 
f 372//235 220//235 221//235 
f 372//235 230//235 231//235 
f 223//235 224//235 372//235 
f 372//235 219//235 220//235 
f 372//235 229//235 230//235 
f 372//235 227//235 228//235 
f 221//235 222//235 372//235 
f 426//235 216//235 217//235 
f 228//235 229//235 372//235 
f 225//235 226//235 372//235 
f 426//235 215//235 216//235 
f 427//235 191//235 192//235 
f 427//235 187//235 188//235 
f 226//235 227//235 372//235 
f 426//235 218//235 219//235 
f 426//235 214//235 215//235 
f 426//235 212//235 213//235 
f 192//235 193//235 427//235 
f 427//235 186//235 187//235 
f 427//235 428//235 185//235 
f 428//235 181//235 182//235 
f 428//235 177//235 178//235 
f 219//235 372//235 426//235 
f 213//235 214//235 426//235 
f 426//235 205//235 206//235 
f 427//235 190//235 191//235 
f 185//235 186//235 427//235 
f 428//235 183//235 184//235 
f 428//235 180//235 181//235 
f 178//235 179//235 428//235 
f 372//235 175//235 177//235 
f 217//235 218//235 426//235 
f 426//235 210//235 211//235 
f 426//235 208//235 209//235 
f 206//235 207//235 426//235 
f 426//235 201//235 202//235 
f 427//235 189//235 190//235 
f 184//235 185//235 428//235 
f 179//235 180//235 428//235 
f 372//235 176//235 175//235 
f 211//235 212//235 426//235 
f 207//235 208//235 426//235 
f 426//235 200//235 201//235 
f 426//235 427//235 199//235 
f 427//235 194//235 195//235 
f 188//235 189//235 427//235 
f 177//235 428//235 372//235 
f 209//235 210//235 426//235 
f 199//235 200//235 426//235 
f 427//235 197//235 198//235 
f 195//235 196//235 427//235 
f 182//235 183//235 428//235 
f 231//235 232//235 372//235 
f 426//235 203//235 204//235 
f 198//235 199//235 427//235 
f 193//235 194//235 427//235 
f 204//235 205//235 426//235 
f 196//235 197//235 427//235 
f 308//235 429//235 430//235 
f 435//235 431//235 429//235 
f 202//235 203//235 426//235 
f 432//235 433//235 427//235 
f 429//235 308//235 435//235 
f 429//235 427//235 433//235 
f 435//235 372//235 428//235 
f 427//235 426//235 432//235 
f 433//235 430//235 429//235 
f 232//235 176//235 372//235 
f 428//235 431//235 435//235 
f 430//235 434//235 308//235 
f 414//235 423//235 386//235 
f 360//235 342//235 241//235 
f 278//235 301//235 251//235 
o mesh9
f 436//236 437//236 372//236 
f 426//236 372//236 437//236 
f 437//236 438//236 426//236 
f 372//236 386//236 436//236 
o mesh10
f 319//237 439//237 440//237 
f 441//237 251//237 241//237 
f 241//237 440//237 441//237 
f 440//237 241//237 319//237 
o mesh11
f 442//237 443//237 370//237 
f 370//237 362//237 442//237 
o mesh12
f 444//238 445//238 443//238 
f 443//238 442//238 444//238 
o mesh13
f 442//239 362//239 424//239 
f 424//239 444//239 442//239 
o mesh14
f 425//240 445//240 444//240 
f 444//240 424//240 425//240 
o mesh15
f 446//241 431//241 428//241 
f 428//241 447//241 446//241 
o mesh16
f 447//242 448//242 449//242 
f 449//242 446//242 447//242 
o mesh17
f 447//243 428//243 427//243 
f 427//243 448//243 447//243 
o mesh18
f 448//244 427//244 429//244 
f 429//244 449//244 448//244 
o mesh19
f 449//245 429//245 431//245 
f 431//245 446//245 449//245 
o mesh20
f 450//246 430//246 433//246 
f 433//246 451//246 450//246 
o mesh21
f 450//247 451//247 452//247 
f 452//247 453//247 450//247 
o mesh22
f 451//248 433//248 432//248 
f 432//248 452//248 451//248 
o mesh23
f 450//249 453//249 434//249 
f 434//249 430//249 450//249 
o mesh24
f 297//250 301//251 454//251 
f 298//252 297//250 455//253 
f 300//254 298//252 456//255 
f 295//256 300//254 457//257 
f 296//258 295//256 458//259 
f 283//260 296//258 459//261 
f 275//262 283//260 460//263 
f 276//264 275//262 461//265 
f 292//266 276//264 462//267 
f 281//268 292//266 463//269 
f 282//270 281//268 464//271 
f 252//272 282//270 465//273 
f 253//274 252//272 466//275 
f 249//276 253//274 467//277 
f 250//278 249//276 468//279 
f 245//280 250//278 469//281 
f 246//282 245//280 470//283 
f 244//284 246//282 471//285 
f 242//286 244//284 472//287 
f 243//288 242//286 473//289 
f 274//290 243//288 474//291 
f 260//292 274//290 475//293 
f 261//294 260//292 476//295 
f 290//296 261//294 477//297 
f 291//298 290//296 478//299 
f 272//300 291//298 479//301 
f 273//302 272//300 480//303 
f 259//304 273//302 481//305 
f 247//306 259//304 482//307 
f 248//308 247//306 483//309 
f 258//310 248//308 484//311 
f 256//312 258//310 485//313 
f 257//314 256//312 486//315 
f 271//316 257//314 487//317 
f 269//318 271//316 488//319 
f 270//320 269//318 489//321 
f 254//322 270//320 490//323 
f 255//324 254//322 491//325 
f 268//326 255//324 492//327 
f 266//328 268//326 493//329 
f 267//330 266//328 494//331 
f 279//332 267//330 495//333 
f 280//334 279//332 496//335 
f 289//336 280//334 497//337 
f 265//338 289//336 498//339 
f 263//340 265//338 499//341 
f 264//342 263//340 500//343 
f 294//344 264//342 501//345 
f 287//346 294//344 502//347 
f 288//348 287//346 503//349 
f 299//350 288//348 504//351 
f 293//352 299//350 505//353 
f 285//354 293//352 506//355 
f 286//356 285//354 507//357 
f 284//358 286//356 508//359 
f 277//360 284//358 509//361 
f 278//362 277//360 510//363 
f 301//251 278//362 511//362 
f 511//362 454//251 301//251 
f 510//363 511//362 278//362 
f 509//361 510//363 277//360 
f 508//359 509//361 284//358 
f 507//357 508//359 286//356 
f 506//355 507//357 285//354 
f 505//353 506//355 293//352 
f 504//351 505//353 299//350 
f 503//349 504//351 288//348 
f 502//347 503//349 287//346 
f 501//345 502//347 294//344 
f 500//343 501//345 264//342 
f 499//341 500//343 263//340 
f 498//339 499//341 265//338 
f 497//337 498//339 289//336 
f 496//335 497//337 280//334 
f 495//333 496//335 279//332 
f 494//331 495//333 267//330 
f 493//329 494//331 266//328 
f 492//327 493//329 268//326 
f 491//325 492//327 255//324 
f 490//323 491//325 254//322 
f 489//321 490//323 270//320 
f 488//319 489//321 269//318 
f 487//317 488//319 271//316 
f 486//315 487//317 257//314 
f 485//313 486//315 256//312 
f 484//311 485//313 258//310 
f 483//309 484//311 248//308 
f 482//307 483//309 247//306 
f 481//305 482//307 259//304 
f 480//303 481//305 273//302 
f 479//301 480//303 272//300 
f 478//299 479//301 291//298 
f 477//297 478//299 290//296 
f 476//295 477//297 261//294 
f 475//293 476//295 260//292 
f 474//291 475//293 274//290 
f 473//289 474//291 243//288 
f 472//287 473//289 242//286 
f 471//285 472//287 244//284 
f 470//283 471//285 246//282 
f 469//281 470//283 245//280 
f 468//279 469//281 250//278 
f 467//277 468//279 249//276 
f 466//275 467//277 253//274 
f 465//273 466//275 252//272 
f 464//271 465//273 282//270 
f 463//269 464//271 281//268 
f 462//267 463//269 292//266 
f 461//265 462//267 276//264 
f 460//263 461//265 275//262 
f 459//261 460//263 283//260 
f 458//259 459//261 296//258 
f 457//257 458//259 295//256 
f 456//255 457//257 300//254 
f 455//253 456//255 298//252 
f 454//251 455//253 297//250 
o mesh25
f 471//364 512//364 513//364 
f 470//364 514//364 512//364 
f 460//364 515//364 516//364 
f 460//364 459//364 517//364 
f 506//364 518//364 519//364 
f 506//364 505//364 520//364 
f 496//364 495//364 521//364 
f 495//364 494//364 522//364 
f 512//364 471//364 470//364 
f 470//364 469//364 523//364 
f 469//364 468//364 524//364 
f 468//364 467//364 525//364 
f 466//364 526//364 525//364 
f 466//364 465//364 527//364 
f 461//364 516//364 528//364 
f 517//364 515//364 460//364 
f 458//364 529//364 517//364 
f 458//364 457//364 530//364 
f 508//364 531//364 532//364 
f 508//364 507//364 519//364 
f 520//364 518//364 506//364 
f 505//364 504//364 533//364 
f 500//364 534//364 535//364 
f 500//364 499//364 536//364 
f 498//364 537//364 536//364 
f 497//364 538//364 537//364 
f 496//364 539//364 538//364 
f 522//364 521//364 495//364 
f 523//364 514//364 470//364 
f 525//364 524//364 468//364 
f 527//364 526//364 466//364 
f 465//364 464//364 540//364 
f 463//364 541//364 540//364 
f 463//364 462//364 528//364 
f 516//364 461//364 460//364 
f 530//364 529//364 458//364 
f 519//364 531//364 508//364 
f 533//364 520//364 505//364 
f 503//364 542//364 533//364 
f 503//364 502//364 543//364 
f 501//364 535//364 543//364 
f 536//364 534//364 500//364 
f 537//364 498//364 497//364 
f 521//364 539//364 496//364 
f 524//364 523//364 469//364 
f 540//364 527//364 465//364 
f 528//364 541//364 463//364 
f 517//364 459//364 458//364 
f 519//364 507//364 506//364 
f 543//364 542//364 503//364 
f 535//364 501//364 500//364 
f 538//364 497//364 496//364 
f 473//364 544//364 545//364 
f 473//364 472//364 513//364 
f 525//364 467//364 466//364 
f 528//364 462//364 461//364 
f 533//364 504//364 503//364 
f 536//364 499//364 498//364 
f 493//364 546//364 522//364 
f 493//364 492//364 547//364 
f 486//364 548//364 549//364 
f 486//364 485//364 550//364 
f 478//364 551//364 552//364 
f 478//364 477//364 553//364 
f 475//364 554//364 555//364 
f 475//364 474//364 545//364 
f 513//364 544//364 473//364 
f 540//364 464//364 463//364 
f 543//364 502//364 501//364 
f 547//364 546//364 493//364 
f 491//364 556//364 547//364 
f 491//364 490//364 557//364 
f 488//364 558//364 559//364 
f 488//364 487//364 549//364 
f 550//364 548//364 486//364 
f 484//364 560//364 550//364 
f 483//364 561//364 560//364 
f 483//364 482//364 562//364 
f 480//364 563//364 564//364 
f 480//364 479//364 552//364 
f 553//364 551//364 478//364 
f 477//364 476//364 555//364 
f 545//364 554//364 475//364 
f 513//364 472//364 471//364 
f 456//364 565//364 530//364 
f 455//364 566//364 565//364 
f 511//364 510//364 567//364 
f 510//364 509//364 532//364 
f 522//364 494//364 493//364 
f 557//364 556//364 491//364 
f 489//364 559//364 557//364 
f 549//364 558//364 488//364 
f 550//364 485//364 484//364 
f 562//364 561//364 483//364 
f 482//364 481//364 564//364 
f 552//364 563//364 480//364 
f 555//364 553//364 477//364 
f 545//364 474//364 473//364 
f 565//364 456//364 455//364 
f 455//364 454//364 568//364 
f 511//364 569//364 568//364 
f 532//364 567//364 510//364 
f 547//364 492//364 491//364 
f 559//364 489//364 488//364 
f 560//364 484//364 483//364 
f 564//364 481//364 480//364 
f 555//364 476//364 475//364 
f 568//364 566//364 455//364 
f 567//364 569//364 511//364 
f 557//364 490//364 489//364 
f 564//364 562//364 482//364 
f 530//364 457//364 456//364 
f 532//364 509//364 508//364 
f 552//364 479//364 478//364 
f 549//364 487//364 486//364 
f 568//364 454//364 511//364 
o mesh26
f 566//365 568//366 570//366 
f 565//367 566//365 571//368 
f 530//369 565//367 572//370 
f 529//371 530//369 573//372 
f 517//373 529//371 574//374 
f 515//375 517//373 575//376 
f 516//377 515//375 576//378 
f 528//379 516//377 577//380 
f 541//381 528//379 578//382 
f 540//383 541//381 579//384 
f 527//385 540//383 580//386 
f 526//387 527//385 581//388 
f 525//389 526//387 582//390 
f 524//391 525//389 583//392 
f 523//393 524//391 584//394 
f 514//395 523//393 585//396 
f 512//397 514//395 586//398 
f 513//399 512//397 587//400 
f 544//401 513//399 588//402 
f 545//403 544//401 589//404 
f 554//405 545//403 590//406 
f 555//407 554//405 591//408 
f 553//409 555//407 592//410 
f 551//411 553//409 593//412 
f 552//413 551//411 594//414 
f 563//415 552//413 595//416 
f 564//417 563//415 596//418 
f 562//419 564//417 597//420 
f 561//421 562//419 598//422 
f 560//423 561//421 599//424 
f 550//425 560//423 600//426 
f 548//427 550//425 601//428 
f 549//429 548//427 602//430 
f 558//431 549//429 603//432 
f 559//433 558//431 604//434 
f 557//435 559//433 605//436 
f 556//437 557//435 606//438 
f 547//439 556//437 607//440 
f 546//441 547//439 608//442 
f 522//443 546//441 609//444 
f 521//445 522//443 610//446 
f 539//447 521//445 611//448 
f 538//449 539//447 612//450 
f 537//451 538//449 613//452 
f 536//453 537//451 614//454 
f 534//455 536//453 615//456 
f 535//457 534//455 616//458 
f 543//459 535//457 617//460 
f 542//461 543//459 618//462 
f 533//463 542//461 619//464 
f 520//465 533//463 620//466 
f 518//467 520//465 621//468 
f 519//469 518//467 622//470 
f 531//471 519//469 623//472 
f 532//473 531//471 624//474 
f 567//475 532//473 625//476 
f 569//477 567//475 626//478 
f 568//366 569//477 627//477 
f 627//477 570//366 568//366 
f 626//478 627//477 569//477 
f 625//476 626//478 567//475 
f 624//474 625//476 532//473 
f 623//472 624//474 531//471 
f 622//470 623//472 519//469 
f 621//468 622//470 518//467 
f 620//466 621//468 520//465 
f 619//464 620//466 533//463 
f 618//462 619//464 542//461 
f 617//460 618//462 543//459 
f 616//458 617//460 535//457 
f 615//456 616//458 534//455 
f 614//454 615//456 536//453 
f 613//452 614//454 537//451 
f 612//450 613//452 538//449 
f 611//448 612//450 539//447 
f 610//446 611//448 521//445 
f 609//444 610//446 522//443 
f 608//442 609//444 546//441 
f 607//440 608//442 547//439 
f 606//438 607//440 556//437 
f 605//436 606//438 557//435 
f 604//434 605//436 559//433 
f 603//432 604//434 558//431 
f 602//430 603//432 549//429 
f 601//428 602//430 548//427 
f 600//426 601//428 550//425 
f 599//424 600//426 560//423 
f 598//422 599//424 561//421 
f 597//420 598//422 562//419 
f 596//418 597//420 564//417 
f 595//416 596//418 563//415 
f 594//414 595//416 552//413 
f 593//412 594//414 551//411 
f 592//410 593//412 553//409 
f 591//408 592//410 555//407 
f 590//406 591//408 554//405 
f 589//404 590//406 545//403 
f 588//402 589//404 544//401 
f 587//400 588//402 513//399 
f 586//398 587//400 512//397 
f 585//396 586//398 514//395 
f 584//394 585//396 523//393 
f 583//392 584//394 524//391 
f 582//390 583//392 525//389 
f 581//388 582//390 526//387 
f 580//386 581//388 527//385 
f 579//384 580//386 540//383 
f 578//382 579//384 541//381 
f 577//380 578//382 528//379 
f 576//378 577//380 516//377 
f 575//376 576//378 515//375 
f 574//374 575//376 517//373 
f 573//372 574//374 529//371 
f 572//370 573//372 530//369 
f 571//368 572//370 565//367 
f 570//366 571//368 566//365 
o mesh27
f 343//479 342//480 628//480 
f 326//481 343//479 629//482 
f 327//483 326//481 630//484 
f 336//485 327//483 631//486 
f 335//487 336//485 632//488 
f 324//489 335//487 633//490 
f 325//491 324//489 634//492 
f 333//493 325//491 635//494 
f 334//495 333//493 636//496 
f 322//497 334//495 637//498 
f 323//499 322//497 638//500 
f 312//501 323//499 639//502 
f 313//503 312//501 640//504 
f 331//505 313//503 641//506 
f 332//507 331//505 642//508 
f 320//509 332//507 643//510 
f 321//511 320//509 644//512 
f 330//513 321//511 645//514 
f 348//515 330//513 646//516 
f 349//517 348//515 647//518 
f 358//519 349//517 648//520 
f 356//521 358//519 649//522 
f 357//523 356//521 650//524 
f 355//525 357//523 651//526 
f 347//527 355//525 652//528 
f 340//529 347//527 653//530 
f 341//531 340//529 654//532 
f 361//533 341//531 655//534 
f 359//535 361//533 656//536 
f 345//537 359//535 657//538 
f 346//539 345//537 658//540 
f 354//541 346//539 659//542 
f 352//543 354//541 660//544 
f 353//545 352//543 661//546 
f 350//547 353//545 662//548 
f 351//549 350//547 663//550 
f 338//551 351//549 664//552 
f 339//553 338//551 665//554 
f 337//555 339//553 666//556 
f 329//557 337//555 667//558 
f 317//559 329//557 668//560 
f 318//561 317//559 669//562 
f 344//563 318//561 670//564 
f 309//565 344//563 671//566 
f 306//567 309//565 672//568 
f 307//569 306//567 673//570 
f 304//571 307//569 674//572 
f 305//573 304//571 675//574 
f 302//575 305//573 676//576 
f 303//577 302//575 677//578 
f 328//579 303//577 678//580 
f 315//581 328//579 679//582 
f 316//583 315//581 680//584 
f 314//585 316//583 681//586 
f 310//587 314//585 682//588 
f 311//589 310//587 683//590 
f 360//591 311//589 684//592 
f 342//480 360//591 685//591 
f 685//591 628//480 342//480 
f 684//592 685//591 360//591 
f 683//590 684//592 311//589 
f 682//588 683//590 310//587 
f 681//586 682//588 314//585 
f 680//584 681//586 316//583 
f 679//582 680//584 315//581 
f 678//580 679//582 328//579 
f 677//578 678//580 303//577 
f 676//576 677//578 302//575 
f 675//574 676//576 305//573 
f 674//572 675//574 304//571 
f 673//570 674//572 307//569 
f 672//568 673//570 306//567 
f 671//566 672//568 309//565 
f 670//564 671//566 344//563 
f 669//562 670//564 318//561 
f 668//560 669//562 317//559 
f 667//558 668//560 329//557 
f 666//556 667//558 337//555 
f 665//554 666//556 339//553 
f 664//552 665//554 338//551 
f 663//550 664//552 351//549 
f 662//548 663//550 350//547 
f 661//546 662//548 353//545 
f 660//544 661//546 352//543 
f 659//542 660//544 354//541 
f 658//540 659//542 346//539 
f 657//538 658//540 345//537 
f 656//536 657//538 359//535 
f 655//534 656//536 361//533 
f 654//532 655//534 341//531 
f 653//530 654//532 340//529 
f 652//528 653//530 347//527 
f 651//526 652//528 355//525 
f 650//524 651//526 357//523 
f 649//522 650//524 356//521 
f 648//520 649//522 358//519 
f 647//518 648//520 349//517 
f 646//516 647//518 348//515 
f 645//514 646//516 330//513 
f 644//512 645//514 321//511 
f 643//510 644//512 320//509 
f 642//508 643//510 332//507 
f 641//506 642//508 331//505 
f 640//504 641//506 313//503 
f 639//502 640//504 312//501 
f 638//500 639//502 323//499 
f 637//498 638//500 322//497 
f 636//496 637//498 334//495 
f 635//494 636//496 333//493 
f 634//492 635//494 325//491 
f 633//490 634//492 324//489 
f 632//488 633//490 335//487 
f 631//486 632//488 336//485 
f 630//484 631//486 327//483 
f 629//482 630//484 326//481 
f 628//480 629//482 343//479 
o mesh28
f 666//593 686//593 687//593 
f 665//593 688//593 686//593 
f 664//593 689//593 688//593 
f 664//593 663//593 690//593 
f 649//593 691//593 692//593 
f 649//593 648//593 693//593 
f 686//593 666//593 665//593 
f 690//593 689//593 664//593 
f 661//593 694//593 695//593 
f 661//593 660//593 696//593 
f 653//593 697//593 698//593 
f 653//593 652//593 699//593 
f 651//593 700//593 699//593 
f 651//593 650//593 692//593 
f 693//593 691//593 649//593 
f 648//593 647//593 701//593 
f 680//593 702//593 703//593 
f 680//593 679//593 704//593 
f 667//593 687//593 705//593 
f 688//593 665//593 664//593 
f 663//593 662//593 695//593 
f 696//593 694//593 661//593 
f 659//593 706//593 696//593 
f 659//593 658//593 707//593 
f 655//593 708//593 709//593 
f 655//593 654//593 698//593 
f 699//593 697//593 653//593 
f 692//593 700//593 651//593 
f 701//593 693//593 648//593 
f 647//593 646//593 710//593 
f 643//593 711//593 712//593 
f 643//593 642//593 713//593 
f 634//593 714//593 715//593 
f 634//593 633//593 716//593 
f 684//593 717//593 718//593 
f 684//593 683//593 719//593 
f 704//593 702//593 680//593 
f 679//593 678//593 720//593 
f 678//593 677//593 721//593 
f 677//593 676//593 722//593 
f 672//593 723//593 724//593 
f 672//593 671//593 725//593 
f 687//593 667//593 666//593 
f 695//593 662//593 661//593 
f 707//593 706//593 659//593 
f 658//593 657//593 726//593 
f 656//593 709//593 726//593 
f 698//593 708//593 655//593 
f 699//593 652//593 651//593 
f 710//593 701//593 647//593 
f 645//593 727//593 710//593 
f 645//593 644//593 712//593 
f 713//593 711//593 643//593 
f 642//593 641//593 728//593 
f 637//593 729//593 730//593 
f 636//593 731//593 729//593 
f 635//593 715//593 731//593 
f 716//593 714//593 634//593 
f 630//593 732//593 733//593 
f 630//593 629//593 734//593 
f 685//593 718//593 735//593 
f 719//593 717//593 684//593 
f 682//593 736//593 719//593 
f 682//593 681//593 703//593 
f 720//593 704//593 679//593 
f 722//593 721//593 677//593 
f 674//593 737//593 738//593 
f 674//593 673//593 724//593 
f 725//593 723//593 672//593 
f 671//593 670//593 739//593 
f 695//593 690//593 663//593 
f 726//593 707//593 658//593 
f 709//593 656//593 655//593 
f 692//593 650//593 649//593 
f 712//593 727//593 645//593 
f 728//593 713//593 642//593 
f 640//593 740//593 728//593 
f 640//593 639//593 741//593 
f 729//593 637//593 636//593 
f 715//593 635//593 634//593 
f 632//593 742//593 716//593 
f 632//593 631//593 733//593 
f 734//593 732//593 630//593 
f 629//593 628//593 735//593 
f 718//593 685//593 684//593 
f 703//593 736//593 682//593 
f 721//593 720//593 678//593 
f 676//593 675//593 738//593 
f 724//593 737//593 674//593 
f 739//593 725//593 671//593 
f 669//593 743//593 739//593 
f 669//593 668//593 705//593 
f 696//593 660//593 659//593 
f 698//593 654//593 653//593 
f 712//593 644//593 643//593 
f 741//593 740//593 640//593 
f 638//593 730//593 741//593 
f 731//593 636//593 635//593 
f 733//593 742//593 632//593 
f 735//593 734//593 629//593 
f 719//593 683//593 682//593 
f 738//593 722//593 676//593 
f 724//593 673//593 672//593 
f 705//593 743//593 669//593 
f 726//593 657//593 656//593 
f 728//593 641//593 640//593 
f 730//593 638//593 637//593 
f 733//593 631//593 630//593 
f 703//593 681//593 680//593 
f 739//593 670//593 669//593 
f 710//593 646//593 645//593 
f 716//593 633//593 632//593 
f 738//593 675//593 674//593 
f 741//593 639//593 638//593 
f 705//593 668//593 667//593 
f 735//593 628//593 685//593 
o mesh29
f 734//594 735//595 744//595 
f 732//596 734//594 745//597 
f 733//598 732//596 746//599 
f 742//600 733//598 747//601 
f 716//602 742//600 748//603 
f 714//604 716//602 749//605 
f 715//606 714//604 750//607 
f 731//608 715//606 751//609 
f 729//610 731//608 752//611 
f 730//612 729//610 753//613 
f 741//614 730//612 754//615 
f 740//616 741//614 755//617 
f 728//618 740//616 756//619 
f 713//620 728//618 757//621 
f 711//622 713//620 758//623 
f 712//624 711//622 759//625 
f 727//626 712//624 760//627 
f 710//628 727//626 761//629 
f 701//630 710//628 762//631 
f 693//632 701//630 763//633 
f 691//634 693//632 764//635 
f 692//636 691//634 765//637 
f 700//638 692//636 766//639 
f 699//640 700//638 767//641 
f 697//642 699//640 768//643 
f 698//644 697//642 769//645 
f 708//646 698//644 770//647 
f 709//648 708//646 771//649 
f 726//650 709//648 772//651 
f 707//652 726//650 773//653 
f 706//654 707//652 774//655 
f 696//656 706//654 775//657 
f 694//658 696//656 776//659 
f 695//660 694//658 777//661 
f 690//662 695//660 778//663 
f 689//664 690//662 779//665 
f 688//666 689//664 780//667 
f 686//668 688//666 781//669 
f 687//670 686//668 782//671 
f 705//672 687//670 783//673 
f 743//674 705//672 784//675 
f 739//676 743//674 785//677 
f 725//678 739//676 786//679 
f 723//680 725//678 787//681 
f 724//682 723//680 788//683 
f 737//684 724//682 789//685 
f 738//686 737//684 790//687 
f 722//688 738//686 791//689 
f 721//690 722//688 792//691 
f 720//692 721//690 793//693 
f 704//694 720//692 794//695 
f 702//696 704//694 795//697 
f 703//698 702//696 796//699 
f 736//700 703//698 797//701 
f 719//702 736//700 798//703 
f 717//704 719//702 799//705 
f 718//706 717//704 800//707 
f 735//595 718//706 801//706 
f 801//706 744//595 735//595 
f 800//707 801//706 718//706 
f 799//705 800//707 717//704 
f 798//703 799//705 719//702 
f 797//701 798//703 736//700 
f 796//699 797//701 703//698 
f 795//697 796//699 702//696 
f 794//695 795//697 704//694 
f 793//693 794//695 720//692 
f 792//691 793//693 721//690 
f 791//689 792//691 722//688 
f 790//687 791//689 738//686 
f 789//685 790//687 737//684 
f 788//683 789//685 724//682 
f 787//681 788//683 723//680 
f 786//679 787//681 725//678 
f 785//677 786//679 739//676 
f 784//675 785//677 743//674 
f 783//673 784//675 705//672 
f 782//671 783//673 687//670 
f 781//669 782//671 686//668 
f 780//667 781//669 688//666 
f 779//665 780//667 689//664 
f 778//663 779//665 690//662 
f 777//661 778//663 695//660 
f 776//659 777//661 694//658 
f 775//657 776//659 696//656 
f 774//655 775//657 706//654 
f 773//653 774//655 707//652 
f 772//651 773//653 726//650 
f 771//649 772//651 709//648 
f 770//647 771//649 708//646 
f 769//645 770//647 698//644 
f 768//643 769//645 697//642 
f 767//641 768//643 699//640 
f 766//639 767//641 700//638 
f 765//637 766//639 692//636 
f 764//635 765//637 691//634 
f 763//633 764//635 693//632 
f 762//631 763//633 701//630 
f 761//629 762//631 710//628 
f 760//627 761//629 727//626 
f 759//625 760//627 712//624 
f 758//623 759//625 711//622 
f 757//621 758//623 713//620 
f 756//619 757//621 728//618 
f 755//617 756//619 740//616 
f 754//615 755//617 741//614 
f 753//613 754//615 730//612 
f 752//611 753//613 729//610 
f 751//609 752//611 731//608 
f 750//607 751//609 715//606 
f 749//605 750//607 714//604 
f 748//603 749//605 716//602 
f 747//601 748//603 742//600 
f 746//599 747//601 733//598 
f 745//597 746//599 732//596 
f 744//595 745//597 734//594 
o mesh30
f 420//708 423//709 802//709 
f 417//710 420//708 803//711 
f 418//712 417//710 804//713 
f 419//714 418//712 805//715 
f 422//716 419//714 806//717 
f 403//718 422//716 807//719 
f 397//720 403//718 808//721 
f 398//722 397//720 809//723 
f 413//724 398//722 810//725 
f 401//726 413//724 811//727 
f 402//728 401//726 812//729 
f 385//730 402//728 813//731 
f 371//732 385//730 814//733 
f 368//734 371//732 815//735 
f 369//736 368//734 816//737 
f 366//738 369//736 817//739 
f 367//740 366//738 818//741 
f 365//742 367//740 819//743 
f 363//744 365//742 820//745 
f 364//746 363//744 821//747 
f 396//748 364//746 822//749 
f 383//750 396//748 823//751 
f 384//752 383//750 824//753 
f 411//754 384//752 825//755 
f 412//756 411//754 826//757 
f 381//758 412//756 827//759 
f 382//760 381//758 828//761 
f 379//762 382//760 829//763 
f 380//764 379//762 830//765 
f 377//766 380//764 831//767 
f 378//768 377//766 832//769 
f 375//770 378//768 833//771 
f 376//772 375//770 834//773 
f 395//774 376//772 835//775 
f 393//776 395//774 836//777 
f 394//778 393//776 837//779 
f 373//780 394//778 838//781 
f 374//782 373//780 839//783 
f 392//784 374//782 840//785 
f 390//786 392//784 841//787 
f 391//788 390//786 842//789 
f 399//790 391//788 843//791 
f 400//792 399//790 844//793 
f 410//794 400//792 845//795 
f 389//796 410//794 846//797 
f 387//798 389//796 847//799 
f 388//800 387//798 848//801 
f 416//802 388//800 849//803 
f 408//804 416//802 850//805 
f 409//806 408//804 851//807 
f 421//808 409//806 852//809 
f 415//810 421//808 853//811 
f 406//812 415//810 854//813 
f 407//814 406//812 855//815 
f 404//816 407//814 856//817 
f 405//818 404//816 857//819 
f 414//820 405//818 858//821 
f 423//709 414//820 859//820 
f 859//820 802//709 423//709 
f 858//821 859//820 414//820 
f 857//819 858//821 405//818 
f 856//817 857//819 404//816 
f 855//815 856//817 407//814 
f 854//813 855//815 406//812 
f 853//811 854//813 415//810 
f 852//809 853//811 421//808 
f 851//807 852//809 409//806 
f 850//805 851//807 408//804 
f 849//803 850//805 416//802 
f 848//801 849//803 388//800 
f 847//799 848//801 387//798 
f 846//797 847//799 389//796 
f 845//795 846//797 410//794 
f 844//793 845//795 400//792 
f 843//791 844//793 399//790 
f 842//789 843//791 391//788 
f 841//787 842//789 390//786 
f 840//785 841//787 392//784 
f 839//783 840//785 374//782 
f 838//781 839//783 373//780 
f 837//779 838//781 394//778 
f 836//777 837//779 393//776 
f 835//775 836//777 395//774 
f 834//773 835//775 376//772 
f 833//771 834//773 375//770 
f 832//769 833//771 378//768 
f 831//767 832//769 377//766 
f 830//765 831//767 380//764 
f 829//763 830//765 379//762 
f 828//761 829//763 382//760 
f 827//759 828//761 381//758 
f 826//757 827//759 412//756 
f 825//755 826//757 411//754 
f 824//753 825//755 384//752 
f 823//751 824//753 383//750 
f 822//749 823//751 396//748 
f 821//747 822//749 364//746 
f 820//745 821//747 363//744 
f 819//743 820//745 365//742 
f 818//741 819//743 367//740 
f 817//739 818//741 366//738 
f 816//737 817//739 369//736 
f 815//735 816//737 368//734 
f 814//733 815//735 371//732 
f 813//731 814//733 385//730 
f 812//729 813//731 402//728 
f 811//727 812//729 401//726 
f 810//725 811//727 413//724 
f 809//723 810//725 398//722 
f 808//721 809//723 397//720 
f 807//719 808//721 403//718 
f 806//717 807//719 422//716 
f 805//715 806//717 419//714 
f 804//713 805//715 418//712 
f 803//711 804//713 417//710 
f 802//709 803//711 420//708 
o mesh31
f 819//822 860//822 861//822 
f 818//822 862//822 860//822 
f 808//822 863//822 864//822 
f 808//822 807//822 865//822 
f 854//822 866//822 867//822 
f 854//822 853//822 868//822 
f 844//822 843//822 869//822 
f 843//822 842//822 870//822 
f 860//822 819//822 818//822 
f 818//822 817//822 871//822 
f 817//822 816//822 872//822 
f 816//822 815//822 873//822 
f 814//822 874//822 873//822 
f 814//822 813//822 875//822 
f 809//822 864//822 876//822 
f 865//822 863//822 808//822 
f 806//822 877//822 865//822 
f 806//822 805//822 878//822 
f 856//822 879//822 880//822 
f 856//822 855//822 867//822 
f 868//822 866//822 854//822 
f 853//822 852//822 881//822 
f 848//822 882//822 883//822 
f 848//822 847//822 884//822 
f 846//822 885//822 884//822 
f 845//822 886//822 885//822 
f 844//822 887//822 886//822 
f 870//822 869//822 843//822 
f 871//822 862//822 818//822 
f 873//822 872//822 816//822 
f 875//822 874//822 814//822 
f 813//822 812//822 888//822 
f 811//822 889//822 888//822 
f 811//822 810//822 876//822 
f 864//822 809//822 808//822 
f 878//822 877//822 806//822 
f 867//822 879//822 856//822 
f 881//822 868//822 853//822 
f 851//822 890//822 881//822 
f 851//822 850//822 891//822 
f 849//822 883//822 891//822 
f 884//822 882//822 848//822 
f 885//822 846//822 845//822 
f 869//822 887//822 844//822 
f 872//822 871//822 817//822 
f 888//822 875//822 813//822 
f 876//822 889//822 811//822 
f 865//822 807//822 806//822 
f 867//822 855//822 854//822 
f 891//822 890//822 851//822 
f 883//822 849//822 848//822 
f 886//822 845//822 844//822 
f 821//822 892//822 893//822 
f 821//822 820//822 861//822 
f 873//822 815//822 814//822 
f 876//822 810//822 809//822 
f 881//822 852//822 851//822 
f 884//822 847//822 846//822 
f 841//822 894//822 870//822 
f 841//822 840//822 895//822 
f 834//822 896//822 897//822 
f 834//822 833//822 898//822 
f 826//822 899//822 900//822 
f 826//822 825//822 901//822 
f 823//822 902//822 903//822 
f 823//822 822//822 893//822 
f 861//822 892//822 821//822 
f 888//822 812//822 811//822 
f 891//822 850//822 849//822 
f 895//822 894//822 841//822 
f 839//822 904//822 895//822 
f 839//822 838//822 905//822 
f 836//822 906//822 907//822 
f 836//822 835//822 897//822 
f 898//822 896//822 834//822 
f 832//822 908//822 898//822 
f 831//822 909//822 908//822 
f 831//822 830//822 910//822 
f 828//822 911//822 912//822 
f 828//822 827//822 900//822 
f 901//822 899//822 826//822 
f 825//822 824//822 903//822 
f 893//822 902//822 823//822 
f 861//822 820//822 819//822 
f 804//822 913//822 878//822 
f 803//822 914//822 913//822 
f 859//822 858//822 915//822 
f 858//822 857//822 880//822 
f 870//822 842//822 841//822 
f 905//822 904//822 839//822 
f 837//822 907//822 905//822 
f 897//822 906//822 836//822 
f 898//822 833//822 832//822 
f 910//822 909//822 831//822 
f 830//822 829//822 912//822 
f 900//822 911//822 828//822 
f 903//822 901//822 825//822 
f 893//822 822//822 821//822 
f 913//822 804//822 803//822 
f 803//822 802//822 916//822 
f 859//822 917//822 916//822 
f 880//822 915//822 858//822 
f 895//822 840//822 839//822 
f 907//822 837//822 836//822 
f 908//822 832//822 831//822 
f 912//822 829//822 828//822 
f 903//822 824//822 823//822 
f 916//822 914//822 803//822 
f 915//822 917//822 859//822 
f 905//822 838//822 837//822 
f 912//822 910//822 830//822 
f 878//822 805//822 804//822 
f 880//822 857//822 856//822 
f 900//822 827//822 826//822 
f 897//822 835//822 834//822 
f 916//822 802//822 859//822 
o mesh32
f 914//823 916//824 918//824 
f 913//825 914//823 919//826 
f 878//827 913//825 920//828 
f 877//829 878//827 921//830 
f 865//831 877//829 922//832 
f 863//833 865//831 923//834 
f 864//835 863//833 924//836 
f 876//837 864//835 925//838 
f 889//839 876//837 926//840 
f 888//841 889//839 927//842 
f 875//843 888//841 928//844 
f 874//845 875//843 929//846 
f 873//847 874//845 930//848 
f 872//849 873//847 931//850 
f 871//851 872//849 932//852 
f 862//853 871//851 933//854 
f 860//855 862//853 934//856 
f 861//857 860//855 935//858 
f 892//859 861//857 936//860 
f 893//861 892//859 937//862 
f 902//863 893//861 938//864 
f 903//865 902//863 939//866 
f 901//867 903//865 940//868 
f 899//869 901//867 941//870 
f 900//871 899//869 942//872 
f 911//873 900//871 943//874 
f 912//875 911//873 944//876 
f 910//877 912//875 945//878 
f 909//879 910//877 946//880 
f 908//881 909//879 947//882 
f 898//883 908//881 948//884 
f 896//885 898//883 949//886 
f 897//887 896//885 950//888 
f 906//889 897//887 951//890 
f 907//891 906//889 952//892 
f 905//893 907//891 953//894 
f 904//895 905//893 954//896 
f 895//897 904//895 955//898 
f 894//899 895//897 956//900 
f 870//901 894//899 957//902 
f 869//903 870//901 958//904 
f 887//905 869//903 959//906 
f 886//907 887//905 960//908 
f 885//909 886//907 961//910 
f 884//911 885//909 962//912 
f 882//913 884//911 963//914 
f 883//915 882//913 964//916 
f 891//917 883//915 965//918 
f 890//919 891//917 966//920 
f 881//921 890//919 967//922 
f 868//923 881//921 968//924 
f 866//925 868//923 969//926 
f 867//927 866//925 970//928 
f 879//929 867//927 971//930 
f 880//931 879//929 972//932 
f 915//933 880//931 973//934 
f 917//935 915//933 974//936 
f 916//824 917//935 975//935 
f 975//935 918//824 916//824 
f 974//936 975//935 917//935 
f 973//934 974//936 915//933 
f 972//932 973//934 880//931 
f 971//930 972//932 879//929 
f 970//928 971//930 867//927 
f 969//926 970//928 866//925 
f 968//924 969//926 868//923 
f 967//922 968//924 881//921 
f 966//920 967//922 890//919 
f 965//918 966//920 891//917 
f 964//916 965//918 883//915 
f 963//914 964//916 882//913 
f 962//912 963//914 884//911 
f 961//910 962//912 885//909 
f 960//908 961//910 886//907 
f 959//906 960//908 887//905 
f 958//904 959//906 869//903 
f 957//902 958//904 870//901 
f 956//900 957//902 894//899 
f 955//898 956//900 895//897 
f 954//896 955//898 904//895 
f 953//894 954//896 905//893 
f 952//892 953//894 907//891 
f 951//890 952//892 906//889 
f 950//888 951//890 897//887 
f 949//886 950//888 896//885 
f 948//884 949//886 898//883 
f 947//882 948//884 908//881 
f 946//880 947//882 909//879 
f 945//878 946//880 910//877 
f 944//876 945//878 912//875 
f 943//874 944//876 911//873 
f 942//872 943//874 900//871 
f 941//870 942//872 899//869 
f 940//868 941//870 901//867 
f 939//866 940//868 903//865 
f 938//864 939//866 902//863 
f 937//862 938//864 893//861 
f 936//860 937//862 892//859 
f 935//858 936//860 861//857 
f 934//856 935//858 860//855 
f 933//854 934//856 862//853 
f 932//852 933//854 871//851 
f 931//850 932//852 872//849 
f 930//848 931//850 873//847 
f 929//846 930//848 874//845 
f 928//844 929//846 875//843 
f 927//842 928//844 888//841 
f 926//840 927//842 889//839 
f 925//838 926//840 876//837 
f 924//836 925//838 864//835 
f 923//834 924//836 863//833 
f 922//832 923//834 865//831 
f 921//830 922//832 877//829 
f 920//828 921//830 878//827 
f 919//826 920//828 913//825 
f 918//824 919//826 914//823 
o mesh33
f 453//937 452//937 976//937 
f 438//937 977//937 976//937 
f 426//937 438//937 452//937 
f 976//937 452//937 438//937 
f 439//937 319//937 308//937 
f 978//937 308//937 979//937 
f 976//937 979//937 453//937 
f 308//937 434//937 453//937 
f 979//937 980//937 978//937 
f 453//937 979//937 308//937 
f 452//937 432//937 426//937 
f 308//937 978//937 439//937 
o mesh34
f 981//938 982//938 979//938 
f 979//938 976//938 981//938 
o mesh35
f 981//937 983//937 984//937 
f 984//937 982//937 981//937 
o mesh36
f 982//939 984//939 980//939 
f 980//939 979//939 982//939 
o mesh37
f 981//940 976//940 977//940 
f 977//940 983//940 981//940 
o mesh38
f 985//941 986//941 443//941 
f 386//941 370//941 443//941 
f 436//941 386//941 986//941 
f 443//941 986//941 386//941 
f 441//941 987//941 262//941 
f 262//941 987//941 445//941 
f 443//941 445//941 985//941 
f 987//941 988//941 985//941 
f 445//941 425//941 262//941 
f 985//941 445//941 987//941 
f 986//941 989//941 436//941 
f 262//941 251//941 441//941 
o mesh39
f 990//942 986//942 985//942 
f 985//942 991//942 990//942 
o mesh40
f 991//943 985//943 988//943 
f 988//943 992//943 991//943 
o mesh41
f 991//944 992//944 993//944 
f 993//944 990//944 991//944 
o mesh42
f 989//945 986//945 990//945 
f 990//945 993//945 989//945 
o mesh43
f 994//946 613//946 612//946 
f 995//946 615//946 614//946 
f 995//946 623//946 622//946 
f 612//946 611//946 994//946 
f 614//946 994//946 995//946 
f 995//946 617//946 616//946 
f 622//946 621//946 995//946 
f 995//946 625//946 624//946 
f 996//946 577//946 576//946 
f 996//946 997//946 585//946 
f 997//946 588//946 587//946 
f 614//946 613//946 994//946 
f 995//946 618//946 617//946 
f 995//946 620//946 619//946 
f 624//946 623//946 995//946 
f 996//946 575//946 574//946 
f 996//946 578//946 577//946 
f 996//946 583//946 582//946 
f 585//946 584//946 996//946 
f 587//946 586//946 997//946 
f 616//946 615//946 995//946 
f 621//946 620//946 995//946 
f 576//946 575//946 996//946 
f 996//946 580//946 579//946 
f 582//946 581//946 996//946 
f 586//946 585//946 997//946 
f 994//946 610//946 609//946 
f 619//946 618//946 995//946 
f 579//946 578//946 996//946 
f 584//946 583//946 996//946 
f 994//946 605//946 604//946 
f 994//946 608//946 607//946 
f 611//946 610//946 994//946 
f 995//946 627//946 626//946 
f 995//946 996//946 570//946 
f 996//946 573//946 572//946 
f 581//946 580//946 996//946 
f 997//946 590//946 589//946 
f 994//946 606//946 605//946 
f 609//946 608//946 994//946 
f 570//946 627//946 995//946 
f 572//946 571//946 996//946 
f 589//946 588//946 997//946 
f 997//946 592//946 591//946 
f 997//946 595//946 594//946 
f 994//946 603//946 602//946 
f 607//946 606//946 994//946 
f 571//946 570//946 996//946 
f 591//946 590//946 997//946 
f 594//946 593//946 997//946 
f 602//946 601//946 994//946 
f 626//946 625//946 995//946 
f 593//946 592//946 997//946 
f 997//946 597//946 596//946 
f 601//946 600//946 994//946 
f 574//946 573//946 996//946 
f 997//946 598//946 597//946 
f 997//946 994//946 599//946 
f 604//946 603//946 994//946 
f 599//946 598//946 997//946 
f 596//946 595//946 997//946 
f 600//946 599//946 994//946 
o mesh44
f 996//947 998//947 999//947 
f 999//947 997//947 996//947 
o mesh45
f 997//948 999//948 1000//948 
f 1000//948 994//948 997//948 
o mesh46
f 994//949 1000//949 1001//949 
f 1001//949 995//949 994//949 
o mesh47
f 995//950 1001//950 998//950 
f 998//950 996//950 995//950 
o mesh48
f 1002//951 781//951 780//951 
f 1002//951 783//951 782//951 
f 1002//951 1003//951 788//951 
f 1003//951 797//951 796//951 
f 1003//951 801//951 800//951 
f 1003//951 1004//951 744//951 
f 1004//951 747//951 746//951 
f 1002//951 778//951 777//951 
f 782//951 781//951 1002//951 
f 788//951 787//951 1002//951 
f 1003//951 794//951 793//951 
f 796//951 795//951 1003//951 
f 1003//951 799//951 798//951 
f 744//951 801//951 1003//951 
f 746//951 745//951 1004//951 
f 1004//951 749//951 748//951 
f 1004//951 751//951 750//951 
f 1002//951 776//951 775//951 
f 1002//951 779//951 778//951 
f 1002//951 784//951 783//951 
f 1002//951 786//951 785//951 
f 1003//951 789//951 788//951 
f 795//951 794//951 1003//951 
f 800//951 799//951 1003//951 
f 748//951 747//951 1004//951 
f 1004//951 752//951 751//951 
f 1004//951 754//951 753//951 
f 1004//951 1005//951 759//951 
f 775//951 774//951 1002//951 
f 780//951 779//951 1002//951 
f 787//951 786//951 1002//951 
f 1003//951 791//951 790//951 
f 793//951 792//951 1003//951 
f 745//951 744//951 1004//951 
f 753//951 752//951 1004//951 
f 759//951 758//951 1004//951 
f 1005//951 766//951 765//951 
f 777//951 776//951 1002//951 
f 790//951 789//951 1003//951 
f 798//951 797//951 1003//951 
f 1004//951 755//951 754//951 
f 1004//951 757//951 756//951 
f 1005//951 760//951 759//951 
f 765//951 764//951 1005//951 
f 1005//951 768//951 767//951 
f 1005//951 770//951 769//951 
f 785//951 784//951 1002//951 
f 750//951 749//951 1004//951 
f 758//951 757//951 1004//951 
f 1005//951 762//951 761//951 
f 764//951 763//951 1005//951 
f 769//951 768//951 1005//951 
f 1005//951 772//951 771//951 
f 1005//951 1002//951 773//951 
f 792//951 791//951 1003//951 
f 761//951 760//951 1005//951 
f 767//951 766//951 1005//951 
f 773//951 772//951 1005//951 
f 756//951 755//951 1004//951 
f 771//951 770//951 1005//951 
f 763//951 762//951 1005//951 
f 774//951 773//951 1002//951 
o mesh49
f 1003//950 1006//950 1007//950 
f 1007//950 1004//950 1003//950 
o mesh50
f 1004//952 1007//952 1008//952 
f 1008//952 1005//952 1004//952 
o mesh51
f 1005//953 1008//953 1009//953 
f 1009//953 1002//953 1005//953 
o mesh52
f 1002//954 1009//954 1006//954 
f 1006//954 1003//954 1002//954 
o mesh53
f 1010//955 961//955 960//955 
f 1011//955 963//955 962//955 
f 1011//955 971//955 970//955 
f 960//955 959//955 1010//955 
f 962//955 1010//955 1011//955 
f 1011//955 965//955 964//955 
f 970//955 969//955 1011//955 
f 1011//955 973//955 972//955 
f 1012//955 925//955 924//955 
f 1012//955 1013//955 933//955 
f 1013//955 936//955 935//955 
f 962//955 961//955 1010//955 
f 1011//955 966//955 965//955 
f 1011//955 968//955 967//955 
f 972//955 971//955 1011//955 
f 1012//955 923//955 922//955 
f 1012//955 926//955 925//955 
f 1012//955 931//955 930//955 
f 933//955 932//955 1012//955 
f 935//955 934//955 1013//955 
f 964//955 963//955 1011//955 
f 969//955 968//955 1011//955 
f 924//955 923//955 1012//955 
f 1012//955 928//955 927//955 
f 930//955 929//955 1012//955 
f 934//955 933//955 1013//955 
f 1010//955 958//955 957//955 
f 967//955 966//955 1011//955 
f 927//955 926//955 1012//955 
f 932//955 931//955 1012//955 
f 1010//955 953//955 952//955 
f 1010//955 956//955 955//955 
f 959//955 958//955 1010//955 
f 1011//955 975//955 974//955 
f 1011//955 1012//955 918//955 
f 1012//955 921//955 920//955 
f 929//955 928//955 1012//955 
f 1013//955 938//955 937//955 
f 1010//955 954//955 953//955 
f 957//955 956//955 1010//955 
f 918//955 975//955 1011//955 
f 920//955 919//955 1012//955 
f 937//955 936//955 1013//955 
f 1013//955 940//955 939//955 
f 1013//955 943//955 942//955 
f 1010//955 951//955 950//955 
f 955//955 954//955 1010//955 
f 919//955 918//955 1012//955 
f 939//955 938//955 1013//955 
f 942//955 941//955 1013//955 
f 950//955 949//955 1010//955 
f 974//955 973//955 1011//955 
f 941//955 940//955 1013//955 
f 1013//955 945//955 944//955 
f 949//955 948//955 1010//955 
f 922//955 921//955 1012//955 
f 1013//955 946//955 945//955 
f 1013//955 1010//955 947//955 
f 952//955 951//955 1010//955 
f 947//955 946//955 1013//955 
f 944//955 943//955 1013//955 
f 948//955 947//955 1010//955 
o mesh54
f 1011//956 1014//956 1015//956 
f 1015//956 1012//956 1011//956 
o mesh55
f 1012//957 1015//957 1016//957 
f 1016//957 1013//957 1012//957 
o mesh56
f 1013//958 1016//958 1017//958 
f 1017//958 1010//958 1013//958 
o mesh57
f 1010//959 1017//959 1014//959 
f 1014//959 1011//959 1010//959 
o mesh58
f 987//960 1001//960 1000//960 
f 441//960 998//960 1001//960 
f 441//960 440//960 999//960 
f 440//960 1024//960 1000//960 
f 1001//960 987//960 441//960 
f 1000//960 999//960 440//960 
f 999//960 998//960 441//960 
f 440//960 1007//960 1006//960 
f 439//960 1008//960 1007//960 
f 1007//960 440//960 439//960 
f 439//960 978//960 1009//960 
f 978//960 1024//960 1006//960 
f 1009//960 1008//960 439//960 
f 1006//960 1024//960 440//960 
f 977//960 438//960 1018//960 
f 1018//960 1019//960 984//960 
f 438//960 437//960 237//960 
f 437//960 1020//960 238//960 
f 984//960 983//960 1018//960 
f 978//960 980//960 984//960 
f 238//960 237//960 437//960 
f 1018//960 239//960 238//960 
f 1024//960 978//960 1019//960 
f 984//960 1019//960 978//960 
f 238//960 1020//960 1018//960 
f 438//960 240//960 239//960 
f 1018//960 983//960 977//960 
f 239//960 1018//960 438//960 
f 237//960 240//960 438//960 
f 987//960 1021//960 992//960 
f 1021//960 1022//960 993//960 
f 436//960 989//960 1015//960 
f 989//960 993//960 1022//960 
f 993//960 992//960 1021//960 
f 1022//960 1015//960 989//960 
f 1016//960 1015//960 1022//960 
f 437//960 1017//960 1016//960 
f 436//960 1014//960 1017//960 
f 1015//960 1014//960 436//960 
f 1016//960 1020//960 437//960 
f 992//960 988//960 987//960 
f 1017//960 437//960 436//960 
f 1024//960 1023//960 1021//960 
f 1021//960 987//960 1024//960 
f 1022//960 1020//960 1016//960 
f 1019//960 1023//960 1024//960 
f 1006//960 1009//960 978//960 
f 1000//960 1024//960 987//960 
o mesh59
f 1025//961 1022//961 1021//961 
f 1021//961 1026//961 1025//961 
o mesh60
f 1026//960 1027//960 1028//960 
f 1028//960 1025//960 1026//960 
o mesh61
f 1027//962 1026//962 1023//962 
f 1026//962 1021//962 1023//962 
f 1023//962 1019//962 1027//962 
o mesh62
f 1027//963 1019//963 1018//963 
f 1018//963 1028//963 1027//963 
o mesh63
f 1028//964 1018//964 1020//964 
f 1020//964 1025//964 1028//964 
f 1020//964 1022//964 1025//964 
