# OBJ generated by ONSHAPE BY PTC INC, 1.217 Units = meters
mtllib NewBaseBoard.mtl
g Part 2
v 0.0891675 -0.0225951 -0.0211 
v 0.0883447 -0.02273 -0.0211 
v 0.0875414 -0.0229531 -0.0211 
v 0.0867669 -0.0232617 -0.0211 
v 0.0860302 -0.0236522 -0.0211 
v 0.0853402 -0.0241201 -0.0211 
v 0.0847047 -0.0246598 -0.0211 
v 0.0841314 -0.0252651 -0.0211 
v 0.0836268 -0.0259289 -0.0211 
v 0.083197 -0.0266433 -0.0211 
v 0.0828469 -0.0273999 -0.0211 
v 0.0825807 -0.02819 -0.0211 
v 0.0824014 -0.0290043 -0.0211 
v 0.0823113 -0.0298331 -0.0211 
v 0.0823113 -0.0306669 -0.0211 
v 0.0824014 -0.0314957 -0.0211 
v 0.0825807 -0.03231 -0.0211 
v 0.0828469 -0.0331001 -0.0211 
v 0.083197 -0.0338567 -0.0211 
v 0.0836268 -0.0345711 -0.0211 
v 0.0841314 -0.0352349 -0.0211 
v 0.0847047 -0.0358402 -0.0211 
v 0.0853402 -0.0363799 -0.0211 
v 0.0860302 -0.0368478 -0.0211 
v 0.0867669 -0.0372383 -0.0211 
v 0.0875414 -0.0375469 -0.0211 
v 0.0883447 -0.03777 -0.0211 
v 0.0891675 -0.0379049 -0.0211 
v 0.09 -0.03795 -0.0211 
v 0.0908325 -0.0379049 -0.0211 
v 0.0916553 -0.03777 -0.0211 
v 0.0924586 -0.0375469 -0.0211 
v 0.0932331 -0.0372383 -0.0211 
v 0.0939698 -0.0368478 -0.0211 
v 0.0946598 -0.0363799 -0.0211 
v 0.0952953 -0.0358402 -0.0211 
v 0.0958686 -0.0352349 -0.0211 
v 0.0963732 -0.0345711 -0.0211 
v 0.096803 -0.0338567 -0.0211 
v 0.0971531 -0.0331001 -0.0211 
v 0.0974193 -0.03231 -0.0211 
v 0.0975986 -0.0314957 -0.0211 
v 0.0976887 -0.0306669 -0.0211 
v 0.0976887 -0.0298331 -0.0211 
v 0.0975986 -0.0290043 -0.0211 
v 0.0974193 -0.02819 -0.0211 
v 0.0971531 -0.0273999 -0.0211 
v 0.096803 -0.0266433 -0.0211 
v 0.0963732 -0.0259289 -0.0211 
v 0.0958686 -0.0252651 -0.0211 
v 0.0952953 -0.0246598 -0.0211 
v 0.0946598 -0.0241201 -0.0211 
v 0.0939698 -0.0236522 -0.0211 
v 0.0932331 -0.0232617 -0.0211 
v 0.0924586 -0.0229531 -0.0211 
v 0.0916553 -0.02273 -0.0211 
v 0.0908325 -0.0225951 -0.0211 
v 0.09 -0.02255 -0.0211 
v 0.09 -0.03025 -0.0211 
v 0.09 -0.03795 -0.019 
v 0.0908325 -0.0379049 -0.019 
v 0.0916553 -0.03777 -0.019 
v 0.0924586 -0.0375469 -0.019 
v 0.0932331 -0.0372383 -0.019 
v 0.0939698 -0.0368478 -0.019 
v 0.0946598 -0.0363799 -0.019 
v 0.0952953 -0.0358402 -0.019 
v 0.0958686 -0.0352349 -0.019 
v 0.0963732 -0.0345711 -0.019 
v 0.096803 -0.0338567 -0.019 
v 0.0971531 -0.0331001 -0.019 
v 0.0974193 -0.03231 -0.019 
v 0.0975986 -0.0314957 -0.019 
v 0.0976887 -0.0306669 -0.019 
v 0.0976887 -0.0298331 -0.019 
v 0.0975986 -0.0290043 -0.019 
v 0.0974193 -0.02819 -0.019 
v 0.0971531 -0.0273999 -0.019 
v 0.096803 -0.0266433 -0.019 
v 0.0963732 -0.0259289 -0.019 
v 0.0958686 -0.0252651 -0.019 
v 0.0952953 -0.0246598 -0.019 
v 0.0946598 -0.0241201 -0.019 
v 0.0939698 -0.0236522 -0.019 
v 0.0932331 -0.0232617 -0.019 
v 0.0924586 -0.0229531 -0.019 
v 0.0916553 -0.02273 -0.019 
v 0.0908325 -0.0225951 -0.019 
v 0.09 -0.02255 -0.019 
v 0.0891675 -0.0225951 -0.019 
v 0.0883447 -0.02273 -0.019 
v 0.0875414 -0.0229531 -0.019 
v 0.0867669 -0.0232617 -0.019 
v 0.0860302 -0.0236522 -0.019 
v 0.0853402 -0.0241201 -0.019 
v 0.0847047 -0.0246598 -0.019 
v 0.0841314 -0.0252651 -0.019 
v 0.0836268 -0.0259289 -0.019 
v 0.083197 -0.0266433 -0.019 
v 0.0828469 -0.0273999 -0.019 
v 0.0825807 -0.02819 -0.019 
v 0.0824014 -0.0290043 -0.019 
v 0.0823113 -0.0298331 -0.019 
v 0.0823113 -0.0306669 -0.019 
v 0.0824014 -0.0314957 -0.019 
v 0.0825807 -0.03231 -0.019 
v 0.0828469 -0.0331001 -0.019 
v 0.083197 -0.0338567 -0.019 
v 0.0836268 -0.0345711 -0.019 
v 0.0841314 -0.0352349 -0.019 
v 0.0847047 -0.0358402 -0.019 
v 0.0853402 -0.0363799 -0.019 
v 0.0860302 -0.0368478 -0.019 
v 0.0867669 -0.0372383 -0.019 
v 0.0875414 -0.0375469 -0.019 
v 0.0883447 -0.03777 -0.019 
v 0.0891675 -0.0379049 -0.019 
v 0.0825807 -0.06819 -0.019 
v 0.0875037 -0.0503853 -0.019 
v 0.0824014 -0.0690043 -0.019 
v 0.1005 -0.01975 -0.019 
v 0.0875037 -0.0501147 -0.019 
v 0.0795 -0.01975 -0.019 
v 0.0875329 -0.0506545 -0.019 
v 0.0795 -0.08075 -0.019 
v 0.0823113 -0.0698331 -0.019 
v 0.0875329 -0.0498455 -0.019 
v 0.0825807 -0.07231 -0.019 
v 0.0824014 -0.0714957 -0.019 
v 0.0860302 -0.0768478 -0.019 
v 0.0853402 -0.0763799 -0.019 
v 0.0882808 -0.048435 -0.019 
v 0.0884871 -0.0482598 -0.019 
v 0.1005 -0.03975 -0.019 
v 0.0823113 -0.0706669 -0.019 
v 0.0841314 -0.0752349 -0.019 
v 0.0836268 -0.0745711 -0.019 
v 0.0847047 -0.0758402 -0.019 
v 0.083197 -0.0738567 -0.019 
v 0.0828469 -0.0731001 -0.019 
v 0.0877912 -0.049079 -0.019 
v 0.0879308 -0.048847 -0.019 
v 0.0891675 -0.0779049 -0.019 
v 0.0883447 -0.07777 -0.019 
v 0.1005 -0.08075 -0.019 
v 0.09 -0.07795 -0.019 
v 0.0924586 -0.0775469 -0.019 
v 0.0916553 -0.07777 -0.019 
v 0.0976887 -0.0706669 -0.019 
v 0.0975986 -0.0714957 -0.019 
v 0.1005 -0.06075 -0.019 
v 0.0976887 -0.0698331 -0.019 
v 0.0891675 -0.0625951 -0.019 
v 0.0889503 -0.0525189 -0.019 
v 0.0887111 -0.0523921 -0.019 
v 0.0894626 -0.0526916 -0.019 
v 0.0892017 -0.0526191 -0.019 
v 0.09 -0.06255 -0.019 
v 0.0912889 -0.0523921 -0.019 
v 0.0910497 -0.0525189 -0.019 
v 0.0883447 -0.06273 -0.019 
v 0.0879308 -0.051653 -0.019 
v 0.0880946 -0.0486315 -0.019 
v 0.0875414 -0.0775469 -0.019 
v 0.0867669 -0.0772383 -0.019 
v 0.0908325 -0.0779049 -0.019 
v 0.0939698 -0.0768478 -0.019 
v 0.0932331 -0.0772383 -0.019 
v 0.096803 -0.0738567 -0.019 
v 0.0963732 -0.0745711 -0.019 
v 0.0974193 -0.07231 -0.019 
v 0.0971531 -0.0731001 -0.019 
v 0.09 -0.05275 -0.019 
v 0.0907983 -0.0526191 -0.019 
v 0.0917192 -0.052065 -0.019 
v 0.0915129 -0.0522402 -0.019 
v 0.0922088 -0.051421 -0.019 
v 0.0920692 -0.051653 -0.019 
v 0.0924671 -0.0506545 -0.019 
v 0.0924089 -0.0509188 -0.019 
v 0.0877912 -0.051421 -0.019 
v 0.0875414 -0.0629531 -0.019 
v 0.0876776 -0.0493247 -0.019 
v 0.0875911 -0.0495812 -0.019 
v 0.0958686 -0.0752349 -0.019 
v 0.0884871 -0.0522402 -0.019 
v 0.0897297 -0.0527353 -0.019 
v 0.0905374 -0.0526916 -0.019 
v 0.0902703 -0.0527353 -0.019 
v 0.0919054 -0.0518685 -0.019 
v 0.0923224 -0.0511753 -0.019 
v 0.0853402 -0.0641201 -0.019 
v 0.0860302 -0.0636522 -0.019 
v 0.0841314 -0.0652651 -0.019 
v 0.0847047 -0.0646598 -0.019 
v 0.083197 -0.0666433 -0.019 
v 0.0836268 -0.0659289 -0.019 
v 0.0828469 -0.0673999 -0.019 
v 0.096803 -0.0666433 -0.019 
v 0.0971531 -0.0673999 -0.019 
v 0.0946598 -0.0641201 -0.019 
v 0.0952953 -0.0646598 -0.019 
v 0.0916553 -0.06273 -0.019 
v 0.0924963 -0.0503853 -0.019 
v 0.0920692 -0.048847 -0.019 
v 0.1105 -0.03975 -0.019 
v 0.0952953 -0.0758402 -0.019 
v 0.0946598 -0.0763799 -0.019 
v 0.0882808 -0.052065 -0.019 
v 0.0880946 -0.0518685 -0.019 
v 0.0867669 -0.0632617 -0.019 
v 0.0876776 -0.0511753 -0.019 
v 0.0875911 -0.0509188 -0.019 
v 0.0963732 -0.0659289 -0.019 
v 0.0958686 -0.0652651 -0.019 
v 0.0924963 -0.0501147 -0.019 
v 0.0932331 -0.0632617 -0.019 
v 0.0939698 -0.0636522 -0.019 
v 0.0908325 -0.0625951 -0.019 
v 0.0919054 -0.0486315 -0.019 
v 0.0910497 -0.0479811 -0.019 
v 0.0912889 -0.0481079 -0.019 
v 0.0905374 -0.0478084 -0.019 
v 0.0907983 -0.0478809 -0.019 
v 0.0974193 -0.06819 -0.019 
v 0.0975986 -0.0690043 -0.019 
v 0.0924586 -0.0629531 -0.019 
v 0.0917192 -0.048435 -0.019 
v 0.0887111 -0.0481079 -0.019 
v 0.0923224 -0.0493247 -0.019 
v 0.0924089 -0.0495812 -0.019 
v 0.0922088 -0.049079 -0.019 
v 0.0915129 -0.0482598 -0.019 
v 0.09 -0.04775 -0.019 
v 0.0902703 -0.0477647 -0.019 
v 0.0889503 -0.0479811 -0.019 
v 0.0894626 -0.0478084 -0.019 
v 0.0897297 -0.0477647 -0.019 
v 0.0892017 -0.0478809 -0.019 
v 0.0924671 -0.0498455 -0.019 
v 0.1105 -0.06075 -0.019 
v 0.1105 -0.03975 -0.002 
v 0.1005 -0.03975 -0.002 
v 0.1105 -0.06075 -0.002 
v 0.1005 -0.06075 -0.002 
v 0.1005 -0.08075 -0.002 
v 0.0795 -0.08075 -0.002 
v 0.0795 -0.01975 -0.002 
v 0.1005 -0.01975 -0.002 
v 0.1055 -0.08575 0.001 
v 0.0745 -0.08575 0.001 
v 0.0745 -0.01475 0.001 
v 0.1055 -0.06575 0.001 
v 0.1055 -0.01475 0.001 
v 0.1155 -0.06575 0.001 
v 0.1055 -0.03475 0.001 
v 0.1155 -0.03475 0.001 
v 0.09 -0.04775 -0.0255 
v 0.0902703 -0.0477647 -0.0255 
v 0.0905374 -0.0478084 -0.0255 
v 0.0907983 -0.0478809 -0.0255 
v 0.0910497 -0.0479811 -0.0255 
v 0.0912889 -0.0481079 -0.0255 
v 0.0915129 -0.0482598 -0.0255 
v 0.0917192 -0.048435 -0.0255 
v 0.0919054 -0.0486315 -0.0255 
v 0.0920692 -0.048847 -0.0255 
v 0.0922088 -0.049079 -0.0255 
v 0.0923224 -0.0493247 -0.0255 
v 0.0924089 -0.0495812 -0.0255 
v 0.0924671 -0.0498455 -0.0255 
v 0.0924963 -0.0501147 -0.0255 
v 0.0924963 -0.0503853 -0.0255 
v 0.0924671 -0.0506545 -0.0255 
v 0.0924089 -0.0509188 -0.0255 
v 0.0923224 -0.0511753 -0.0255 
v 0.0922088 -0.051421 -0.0255 
v 0.0920692 -0.051653 -0.0255 
v 0.0919054 -0.0518685 -0.0255 
v 0.0917192 -0.052065 -0.0255 
v 0.0915129 -0.0522402 -0.0255 
v 0.0912889 -0.0523921 -0.0255 
v 0.0910497 -0.0525189 -0.0255 
v 0.0907983 -0.0526191 -0.0255 
v 0.0905374 -0.0526916 -0.0255 
v 0.0902703 -0.0527353 -0.0255 
v 0.09 -0.05275 -0.0255 
v 0.0897297 -0.0527353 -0.0255 
v 0.0894626 -0.0526916 -0.0255 
v 0.0892017 -0.0526191 -0.0255 
v 0.0889503 -0.0525189 -0.0255 
v 0.0887111 -0.0523921 -0.0255 
v 0.0884871 -0.0522402 -0.0255 
v 0.0882808 -0.052065 -0.0255 
v 0.0880946 -0.0518685 -0.0255 
v 0.0879308 -0.051653 -0.0255 
v 0.0877912 -0.051421 -0.0255 
v 0.0876776 -0.0511753 -0.0255 
v 0.0875911 -0.0509188 -0.0255 
v 0.0875329 -0.0506545 -0.0255 
v 0.0875037 -0.0503853 -0.0255 
v 0.0875037 -0.0501147 -0.0255 
v 0.0875329 -0.0498455 -0.0255 
v 0.0875911 -0.0495812 -0.0255 
v 0.0876776 -0.0493247 -0.0255 
v 0.0877912 -0.049079 -0.0255 
v 0.0879308 -0.048847 -0.0255 
v 0.0880946 -0.0486315 -0.0255 
v 0.0882808 -0.048435 -0.0255 
v 0.0884871 -0.0482598 -0.0255 
v 0.0887111 -0.0481079 -0.0255 
v 0.0889503 -0.0479811 -0.0255 
v 0.0892017 -0.0478809 -0.0255 
v 0.0894626 -0.0478084 -0.0255 
v 0.0897297 -0.0477647 -0.0255 
v 0.0908325 -0.0779049 -0.0211 
v 0.09 -0.07795 -0.0211 
v 0.0916553 -0.07777 -0.0211 
v 0.0924586 -0.0775469 -0.0211 
v 0.0932331 -0.0772383 -0.0211 
v 0.0939698 -0.0768478 -0.0211 
v 0.0946598 -0.0763799 -0.0211 
v 0.0952953 -0.0758402 -0.0211 
v 0.0958686 -0.0752349 -0.0211 
v 0.0963732 -0.0745711 -0.0211 
v 0.096803 -0.0738567 -0.0211 
v 0.0971531 -0.0731001 -0.0211 
v 0.0974193 -0.07231 -0.0211 
v 0.0975986 -0.0714957 -0.0211 
v 0.0976887 -0.0706669 -0.0211 
v 0.0976887 -0.0698331 -0.0211 
v 0.0975986 -0.0690043 -0.0211 
v 0.0974193 -0.06819 -0.0211 
v 0.0971531 -0.0673999 -0.0211 
v 0.096803 -0.0666433 -0.0211 
v 0.0963732 -0.0659289 -0.0211 
v 0.0958686 -0.0652651 -0.0211 
v 0.0952953 -0.0646598 -0.0211 
v 0.0946598 -0.0641201 -0.0211 
v 0.0939698 -0.0636522 -0.0211 
v 0.0932331 -0.0632617 -0.0211 
v 0.0924586 -0.0629531 -0.0211 
v 0.0916553 -0.06273 -0.0211 
v 0.0908325 -0.0625951 -0.0211 
v 0.09 -0.06255 -0.0211 
v 0.0891675 -0.0625951 -0.0211 
v 0.0883447 -0.06273 -0.0211 
v 0.0875414 -0.0629531 -0.0211 
v 0.0867669 -0.0632617 -0.0211 
v 0.0860302 -0.0636522 -0.0211 
v 0.0853402 -0.0641201 -0.0211 
v 0.0847047 -0.0646598 -0.0211 
v 0.0841314 -0.0652651 -0.0211 
v 0.0836268 -0.0659289 -0.0211 
v 0.083197 -0.0666433 -0.0211 
v 0.0828469 -0.0673999 -0.0211 
v 0.0825807 -0.06819 -0.0211 
v 0.0824014 -0.0690043 -0.0211 
v 0.0823113 -0.0698331 -0.0211 
v 0.0823113 -0.0706669 -0.0211 
v 0.0824014 -0.0714957 -0.0211 
v 0.0825807 -0.07231 -0.0211 
v 0.0828469 -0.0731001 -0.0211 
v 0.083197 -0.0738567 -0.0211 
v 0.0836268 -0.0745711 -0.0211 
v 0.0841314 -0.0752349 -0.0211 
v 0.0847047 -0.0758402 -0.0211 
v 0.0853402 -0.0763799 -0.0211 
v 0.0860302 -0.0768478 -0.0211 
v 0.0867669 -0.0772383 -0.0211 
v 0.0875414 -0.0775469 -0.0211 
v 0.0883447 -0.07777 -0.0211 
v 0.0891675 -0.0779049 -0.0211 
v 0.09 -0.07025 -0.0211 
v 0.0858616 -0.0474441 -0.0255 
v 0.0861892 -0.0470131 -0.0255 
v 0.0874222 -0.0459657 -0.0255 
v 0.0879006 -0.0457121 -0.0255 
v 0.0884035 -0.0455117 -0.0255 
v 0.0889251 -0.0453669 -0.0255 
v 0.0915965 -0.0455117 -0.0255 
v 0.0920994 -0.0457121 -0.0255 
v 0.0925778 -0.0459657 -0.0255 
v 0.0930259 -0.0462695 -0.0255 
v 0.0941384 -0.0474441 -0.0255 
v 0.0944176 -0.047908 -0.0255 
v 0.0865615 -0.04662 -0.0255 
v 0.0938108 -0.0470131 -0.0255 
v 0.0941384 -0.0530559 -0.0255 
v 0.0938108 -0.0534869 -0.0255 
v 0.0920994 -0.0547879 -0.0255 
v 0.0915965 -0.0549883 -0.0255 
v 0.0884035 -0.0549883 -0.0255 
v 0.0879006 -0.0547879 -0.0255 
v 0.0874222 -0.0545343 -0.0255 
v 0.0869741 -0.0542305 -0.0255 
v 0.0858616 -0.0530559 -0.0255 
v 0.0855824 -0.052592 -0.0255 
v 0.0851823 -0.0489124 -0.0255 
v 0.0853551 -0.0483993 -0.0255 
v 0.0855824 -0.047908 -0.0255 
v 0.0869741 -0.0462695 -0.0255 
v 0.0894594 -0.0452793 -0.0255 
v 0.09 -0.04525 -0.0255 
v 0.0905406 -0.0452793 -0.0255 
v 0.0910749 -0.0453669 -0.0255 
v 0.0934385 -0.04662 -0.0255 
v 0.0946449 -0.0483993 -0.0255 
v 0.0948177 -0.0489124 -0.0255 
v 0.0949341 -0.0494411 -0.0255 
v 0.0934385 -0.05388 -0.0255 
v 0.0930259 -0.0542305 -0.0255 
v 0.0925778 -0.0545343 -0.0255 
v 0.0910749 -0.0551331 -0.0255 
v 0.0861892 -0.0534869 -0.0255 
v 0.0948177 -0.0515876 -0.0255 
v 0.0946449 -0.0521007 -0.0255 
v 0.0944176 -0.052592 -0.0255 
v 0.0905406 -0.0552207 -0.0255 
v 0.09 -0.05525 -0.0255 
v 0.0894594 -0.0552207 -0.0255 
v 0.0889251 -0.0551331 -0.0255 
v 0.0865615 -0.05388 -0.0255 
v 0.0853551 -0.0521007 -0.0255 
v 0.0851823 -0.0515876 -0.0255 
v 0.0850659 -0.0510589 -0.0255 
v 0.0949927 -0.0499793 -0.0255 
v 0.0949927 -0.0505207 -0.0255 
v 0.0949341 -0.0510589 -0.0255 
v 0.0850073 -0.0499793 -0.0255 
v 0.0850659 -0.0494411 -0.0255 
v 0.0850073 -0.0505207 -0.0255 
v 0.0894594 -0.0452793 -0.029 
v 0.09 -0.04525 -0.029 
v 0.0889251 -0.0453669 -0.029 
v 0.0884035 -0.0455117 -0.029 
v 0.0879006 -0.0457121 -0.029 
v 0.0874222 -0.0459657 -0.029 
v 0.0869741 -0.0462695 -0.029 
v 0.0865615 -0.04662 -0.029 
v 0.0861892 -0.0470131 -0.029 
v 0.0858616 -0.0474441 -0.029 
v 0.0855824 -0.047908 -0.029 
v 0.0853551 -0.0483993 -0.029 
v 0.0851823 -0.0489124 -0.029 
v 0.0850659 -0.0494411 -0.029 
v 0.0850073 -0.0499793 -0.029 
v 0.0850073 -0.0505207 -0.029 
v 0.0850659 -0.0510589 -0.029 
v 0.0851823 -0.0515876 -0.029 
v 0.0853551 -0.0521007 -0.029 
v 0.0855824 -0.052592 -0.029 
v 0.0858616 -0.0530559 -0.029 
v 0.0861892 -0.0534869 -0.029 
v 0.0865615 -0.05388 -0.029 
v 0.0869741 -0.0542305 -0.029 
v 0.0874222 -0.0545343 -0.029 
v 0.0879006 -0.0547879 -0.029 
v 0.0884035 -0.0549883 -0.029 
v 0.0889251 -0.0551331 -0.029 
v 0.0894594 -0.0552207 -0.029 
v 0.09 -0.05525 -0.029 
v 0.0905406 -0.0552207 -0.029 
v 0.0910749 -0.0551331 -0.029 
v 0.0915965 -0.0549883 -0.029 
v 0.0920994 -0.0547879 -0.029 
v 0.0925778 -0.0545343 -0.029 
v 0.0930259 -0.0542305 -0.029 
v 0.0934385 -0.05388 -0.029 
v 0.0938108 -0.0534869 -0.029 
v 0.0941384 -0.0530559 -0.029 
v 0.0944176 -0.052592 -0.029 
v 0.0946449 -0.0521007 -0.029 
v 0.0948177 -0.0515876 -0.029 
v 0.0949341 -0.0510589 -0.029 
v 0.0949927 -0.0505207 -0.029 
v 0.0949927 -0.0499793 -0.029 
v 0.0949341 -0.0494411 -0.029 
v 0.0948177 -0.0489124 -0.029 
v 0.0946449 -0.0483993 -0.029 
v 0.0944176 -0.047908 -0.029 
v 0.0941384 -0.0474441 -0.029 
v 0.0938108 -0.0470131 -0.029 
v 0.0934385 -0.04662 -0.029 
v 0.0930259 -0.0462695 -0.029 
v 0.0925778 -0.0459657 -0.029 
v 0.0920994 -0.0457121 -0.029 
v 0.0915965 -0.0455117 -0.029 
v 0.0910749 -0.0453669 -0.029 
v 0.0905406 -0.0452793 -0.029 
v 0.125 0.1005 -0.029 
v 0.0947592 0.0534768 -0.029 
v 0.0943824 0.0539725 -0.029 
v 0.0956743 0.0511802 -0.029 
v 0.0955404 0.0517883 -0.029 
v 0.0934798 0.0548275 -0.029 
v 0.0929644 0.0551769 -0.029 
v 0.0950802 0.0529433 -0.029 
v 0.0957416 0.0505613 -0.029 
v 0.0953416 0.0481217 -0.029 
v 0.0955404 0.0487117 -0.029 
v 0.0939543 0.0544245 -0.029 
v 0.0953416 0.0523783 -0.029 
v 0.0957416 0.0499387 -0.029 
v 0.0956743 0.0493198 -0.029 
v 0.0825 0.01125 -0.029 
v 0.0943824 0.0465275 -0.029 
v 0.0947592 0.0470232 -0.029 
v 0.0934798 0.0456725 -0.029 
v 0.0939543 0.0460755 -0.029 
v 0.0950802 0.0475567 -0.029 
v 0.058 -0.058 -0.029 
v 0.0849198 0.0475567 -0.029 
v 0.0852408 0.0470232 -0.029 
v 0.058 0.058 -0.029 
v 0.0846584 0.0481217 -0.029 
v 0.0842584 0.0499387 -0.029 
v 0.0843257 0.0493198 -0.029 
v 0.0825 -0.01125 -0.029 
v 0.0924144 0.0450314 -0.029 
v 0.0929644 0.0453231 -0.029 
v 0.0912361 0.0446344 -0.029 
v 0.091836 0.044801 -0.029 
v 0.088164 0.044801 -0.029 
v 0.0887639 0.0446344 -0.029 
v 0.0856176 0.0465275 -0.029 
v 0.0860457 0.0460755 -0.029 
v 0.0844596 0.0487117 -0.029 
v 0.125 -0.1005 -0.029 
v 0.01125 0.1005 -0.029 
v 0.0887639 0.0558656 -0.029 
v 0.088164 0.055699 -0.029 
v 0.0893783 0.0559663 -0.029 
v 0.09 0.0445 -0.029 
v 0.0906217 0.0445337 -0.029 
v 0.0893783 0.0445337 -0.029 
v 0.0875856 0.0450314 -0.029 
v 0.0865202 0.0456725 -0.029 
v 0.0870356 0.0453231 -0.029 
v 0.0842584 0.0505613 -0.029 
v 0.125 -0.01125 -0.029 
v 0.0860457 0.0544245 -0.029 
v 0.0856176 0.0539725 -0.029 
v 0.0870356 0.0551769 -0.029 
v 0.0865202 0.0548275 -0.029 
v 0.0875856 0.0554686 -0.029 
v 0.0924144 0.0554686 -0.029 
v 0.091836 0.055699 -0.029 
v 0.0846584 0.0523783 -0.029 
v 0.0844596 0.0517883 -0.029 
v 0.0852408 0.0534768 -0.029 
v 0.0906217 0.0559663 -0.029 
v 0.09 0.056 -0.029 
v 0.0912361 0.0558656 -0.029 
v 0.0843257 0.0511802 -0.029 
v 0.0849198 0.0529433 -0.029 
v 0.01125 -0.1005 -0.029 
v 0.01125 -0.058 -0.029 
v 0.125 0.01125 -0.029 
v 0.01125 0.058 -0.029 
v 0.125 -0.01125 -0.026 
v 0.0825 -0.01125 -0.026 
v 0.0825 0.01125 -0.026 
v 0.125 0.01125 -0.026 
v 0.01125 -0.058 -0.02895 
v 0.058 -0.058 -0.02895 
v 0.058 0.058 -0.02895 
v 0.01125 0.058 -0.02895 
v 0.09 0.056 -0.0255 
v 0.0893783 0.0559663 -0.0255 
v 0.0887639 0.0558656 -0.0255 
v 0.088164 0.055699 -0.0255 
v 0.0875856 0.0554686 -0.0255 
v 0.0870356 0.0551769 -0.0255 
v 0.0865202 0.0548275 -0.0255 
v 0.0860457 0.0544245 -0.0255 
v 0.0856176 0.0539725 -0.0255 
v 0.0852408 0.0534768 -0.0255 
v 0.0849198 0.0529433 -0.0255 
v 0.0846584 0.0523783 -0.0255 
v 0.0844596 0.0517883 -0.0255 
v 0.0843257 0.0511802 -0.0255 
v 0.0842584 0.0505613 -0.0255 
v 0.0842584 0.0499387 -0.0255 
v 0.0843257 0.0493198 -0.0255 
v 0.0844596 0.0487117 -0.0255 
v 0.0846584 0.0481217 -0.0255 
v 0.0849198 0.0475567 -0.0255 
v 0.0852408 0.0470232 -0.0255 
v 0.0856176 0.0465275 -0.0255 
v 0.0860457 0.0460755 -0.0255 
v 0.0865202 0.0456725 -0.0255 
v 0.0870356 0.0453231 -0.0255 
v 0.0875856 0.0450314 -0.0255 
v 0.088164 0.044801 -0.0255 
v 0.0887639 0.0446344 -0.0255 
v 0.0893783 0.0445337 -0.0255 
v 0.09 0.0445 -0.0255 
v 0.0906217 0.0445337 -0.0255 
v 0.0912361 0.0446344 -0.0255 
v 0.091836 0.044801 -0.0255 
v 0.0924144 0.0450314 -0.0255 
v 0.0929644 0.0453231 -0.0255 
v 0.0934798 0.0456725 -0.0255 
v 0.0939543 0.0460755 -0.0255 
v 0.0943824 0.0465275 -0.0255 
v 0.0947592 0.0470232 -0.0255 
v 0.0950802 0.0475567 -0.0255 
v 0.0953416 0.0481217 -0.0255 
v 0.0955404 0.0487117 -0.0255 
v 0.0956743 0.0493198 -0.0255 
v 0.0957416 0.0499387 -0.0255 
v 0.0957416 0.0505613 -0.0255 
v 0.0956743 0.0511802 -0.0255 
v 0.0955404 0.0517883 -0.0255 
v 0.0953416 0.0523783 -0.0255 
v 0.0950802 0.0529433 -0.0255 
v 0.0947592 0.0534768 -0.0255 
v 0.0943824 0.0539725 -0.0255 
v 0.0939543 0.0544245 -0.0255 
v 0.0934798 0.0548275 -0.0255 
v 0.0929644 0.0551769 -0.0255 
v 0.0924144 0.0554686 -0.0255 
v 0.091836 0.055699 -0.0255 
v 0.0912361 0.0558656 -0.0255 
v 0.0906217 0.0559663 -0.0255 
v 0.0922865 0.0521922 -0.0255 
v 0.0920631 0.052428 -0.0255 
v 0.0924831 0.0519336 -0.0255 
v 0.0927869 0.0513604 -0.0255 
v 0.0926505 0.0516552 -0.0255 
v 0.0928906 0.0510526 -0.0255 
v 0.0903244 0.0532324 -0.0255 
v 0.09 0.05325 -0.0255 
v 0.0906449 0.0531799 -0.0255 
v 0.0909579 0.053093 -0.0255 
v 0.0912597 0.0529727 -0.0255 
v 0.0918155 0.0526383 -0.0255 
v 0.0920631 0.048072 -0.0255 
v 0.0922865 0.0483078 -0.0255 
v 0.0918155 0.0478617 -0.0255 
v 0.0909579 0.047407 -0.0255 
v 0.0912597 0.0475273 -0.0255 
v 0.0906449 0.0473201 -0.0255 
v 0.0896756 0.0472676 -0.0255 
v 0.09 0.04725 -0.0255 
v 0.0893551 0.0473201 -0.0255 
v 0.0890421 0.047407 -0.0255 
v 0.0887403 0.0475273 -0.0255 
v 0.0884533 0.0528206 -0.0255 
v 0.0881845 0.0526383 -0.0255 
v 0.0887403 0.0529727 -0.0255 
v 0.0890421 0.053093 -0.0255 
v 0.0893551 0.0531799 -0.0255 
v 0.0915467 0.0528206 -0.0255 
v 0.0929605 0.0507353 -0.0255 
v 0.0929956 0.0504124 -0.0255 
v 0.0915467 0.0476794 -0.0255 
v 0.0903244 0.0472676 -0.0255 
v 0.0884533 0.0476794 -0.0255 
v 0.0881845 0.0478617 -0.0255 
v 0.0877135 0.0483078 -0.0255 
v 0.0879369 0.048072 -0.0255 
v 0.0875169 0.0485664 -0.0255 
v 0.0896756 0.0532324 -0.0255 
v 0.0927869 0.0491396 -0.0255 
v 0.0926505 0.0488448 -0.0255 
v 0.0924831 0.0485664 -0.0255 
v 0.0929605 0.0497647 -0.0255 
v 0.0929956 0.0500876 -0.0255 
v 0.0928906 0.0494474 -0.0255 
v 0.0872131 0.0491396 -0.0255 
v 0.0873495 0.0488448 -0.0255 
v 0.0871094 0.0494474 -0.0255 
v 0.0879369 0.052428 -0.0255 
v 0.0877135 0.0521922 -0.0255 
v 0.0870395 0.0497647 -0.0255 
v 0.0870044 0.0500876 -0.0255 
v 0.0872131 0.0513604 -0.0255 
v 0.0873495 0.0516552 -0.0255 
v 0.0875169 0.0519336 -0.0255 
v 0.0870395 0.0507353 -0.0255 
v 0.0870044 0.0504124 -0.0255 
v 0.0871094 0.0510526 -0.0255 
v 0.0903244 0.0532324 -0.019 
v 0.09 0.05325 -0.019 
v 0.0906449 0.0531799 -0.019 
v 0.0909579 0.053093 -0.019 
v 0.0912597 0.0529727 -0.019 
v 0.0915467 0.0528206 -0.019 
v 0.0918155 0.0526383 -0.019 
v 0.0920631 0.052428 -0.019 
v 0.0922865 0.0521922 -0.019 
v 0.0924831 0.0519336 -0.019 
v 0.0926505 0.0516552 -0.019 
v 0.0927869 0.0513604 -0.019 
v 0.0928906 0.0510526 -0.019 
v 0.0929605 0.0507353 -0.019 
v 0.0929956 0.0504124 -0.019 
v 0.0929956 0.0500876 -0.019 
v 0.0929605 0.0497647 -0.019 
v 0.0928906 0.0494474 -0.019 
v 0.0927869 0.0491396 -0.019 
v 0.0926505 0.0488448 -0.019 
v 0.0924831 0.0485664 -0.019 
v 0.0922865 0.0483078 -0.019 
v 0.0920631 0.048072 -0.019 
v 0.0918155 0.0478617 -0.019 
v 0.0915467 0.0476794 -0.019 
v 0.0912597 0.0475273 -0.019 
v 0.0909579 0.047407 -0.019 
v 0.0906449 0.0473201 -0.019 
v 0.0903244 0.0472676 -0.019 
v 0.09 0.04725 -0.019 
v 0.0896756 0.0472676 -0.019 
v 0.0893551 0.0473201 -0.019 
v 0.0890421 0.047407 -0.019 
v 0.0887403 0.0475273 -0.019 
v 0.0884533 0.0476794 -0.019 
v 0.0881845 0.0478617 -0.019 
v 0.0879369 0.048072 -0.019 
v 0.0877135 0.0483078 -0.019 
v 0.0875169 0.0485664 -0.019 
v 0.0873495 0.0488448 -0.019 
v 0.0872131 0.0491396 -0.019 
v 0.0871094 0.0494474 -0.019 
v 0.0870395 0.0497647 -0.019 
v 0.0870044 0.0500876 -0.019 
v 0.0870044 0.0504124 -0.019 
v 0.0870395 0.0507353 -0.019 
v 0.0871094 0.0510526 -0.019 
v 0.0872131 0.0513604 -0.019 
v 0.0873495 0.0516552 -0.019 
v 0.0875169 0.0519336 -0.019 
v 0.0877135 0.0521922 -0.019 
v 0.0879369 0.052428 -0.019 
v 0.0881845 0.0526383 -0.019 
v 0.0884533 0.0528206 -0.019 
v 0.0887403 0.0529727 -0.019 
v 0.0890421 0.053093 -0.019 
v 0.0893551 0.0531799 -0.019 
v 0.0896756 0.0532324 -0.019 
v 0.01125 -0.1005 -0.026 
v 0.01125 -0.058 -0.026 
v -0.01125 -0.058 -0.026 
v -0.01125 -0.058 -0.02895 
v -0.01125 -0.1005 -0.026 
v -0.01125 -0.1005 -0.029 
v -0.01125 -0.058 -0.029 
v -0.058 -0.058 -0.02895 
v -0.058 -0.058 -0.029 
v -0.058 0.058 -0.029 
v -0.058 0.058 -0.02895 
v -0.01125 0.058 -0.029 
v -0.01125 0.058 -0.02895 
v 0.01125 0.1005 -0.026 
v 0.01125 0.058 -0.026 
v -0.01125 0.1005 -0.026 
v -0.01125 0.058 -0.026 
v -0.01125 0.1005 -0.029 
v 0.125 0.01125 -0.002 
v 0.125 -0.01125 -0.002 
v 0.125 -0.1005 0.001 
v 0.125 0.1005 0.001 
v 0.125 0.01125 0.001 
v 0.125 -0.01125 0.001 
v 0.0825 0.01125 0.001 
v 0.0825 0.01125 -0.002 
v 0.0825 -0.01125 0.001 
v 0.0825 -0.01125 -0.002 
v -0.01125 0.1005 -0.002 
v 0.01125 0.1005 -0.002 
v -0.125 0.1005 0.001 
v -0.01125 0.1005 0.001 
v -0.125 0.1005 -0.029 
v 0.01125 0.1005 0.001 
v -0.01125 0.058 -0.002 
v 0.01125 0.058 -0.002 
v 0.01125 0.058 0.00095 
v 0.01125 0.058 0.001 
v -0.01125 0.058 0.001 
v -0.01125 0.058 0.00095 
v -0.058 0.058 0.001 
v -0.058 0.058 0.00095 
v 0.058 0.058 0.001 
v 0.058 0.058 0.00095 
v -0.058 -0.058 0.001 
v -0.058 -0.058 0.00095 
v -0.01125 -0.058 0.001 
v -0.01125 -0.058 0.00095 
v 0.058 -0.058 0.00095 
v 0.058 -0.058 0.001 
v 0.01125 -0.058 0.00095 
v 0.01125 -0.058 0.001 
v 0.01125 -0.1005 -0.002 
v -0.01125 -0.1005 -0.002 
v -0.125 -0.1005 -0.029 
v -0.125 -0.1005 0.001 
v 0.01125 -0.1005 0.001 
v -0.01125 -0.1005 0.001 
v 0.01125 -0.09025 -0.002 
v -0.01125 -0.09025 -0.002 
v -0.01125 -0.09025 0.001 
v 0.01125 -0.09025 0.001 
v 0.055 -0.09025 -0.0065 
v -0.055 -0.09025 -0.0065 
v -0.055 -0.09025 0.001 
v 0.055 -0.09025 0.001 
v 0.055 -0.05975 0.001 
v 0.055 -0.05975 -0.0065 
v -0.055 -0.05975 0.001 
v -0.055 -0.05975 -0.0065 
v -0.01125 -0.05975 -0.002 
v 0.01125 -0.05975 -0.002 
v 0.01125 -0.05975 0.001 
v -0.01125 -0.05975 0.001 
v 0.01125 -0.058 -0.002 
v -0.01125 -0.058 -0.002 
v -0.0852408 0.0534768 -0.029 
v -0.0856176 0.0539725 -0.029 
v -0.0843257 0.0511802 -0.029 
v -0.0844596 0.0517883 -0.029 
v -0.0865202 0.0548275 -0.029 
v -0.0870356 0.0551769 -0.029 
v -0.0849198 0.0529433 -0.029 
v -0.0842584 0.0505613 -0.029 
v -0.0846584 0.0481217 -0.029 
v -0.0844596 0.0487117 -0.029 
v -0.0825 0.01125 -0.029 
v -0.0852408 0.0470232 -0.029 
v -0.0860457 0.0544245 -0.029 
v -0.0846584 0.0523783 -0.029 
v -0.0842584 0.0499387 -0.029 
v -0.0843257 0.0493198 -0.029 
v -0.0856176 0.0465275 -0.029 
v -0.0865202 0.0456725 -0.029 
v -0.0860457 0.0460755 -0.029 
v -0.125 0.01125 -0.029 
v -0.0950802 0.0475567 -0.029 
v -0.0947592 0.0470232 -0.029 
v -0.0957416 0.0499387 -0.029 
v -0.0956743 0.0493198 -0.029 
v -0.0849198 0.0475567 -0.029 
v -0.0875856 0.0450314 -0.029 
v -0.0870356 0.0453231 -0.029 
v -0.0887639 0.0446344 -0.029 
v -0.088164 0.044801 -0.029 
v -0.091836 0.044801 -0.029 
v -0.0912361 0.0446344 -0.029 
v -0.0943824 0.0465275 -0.029 
v -0.0939543 0.0460755 -0.029 
v -0.0953416 0.0481217 -0.029 
v -0.0955404 0.0487117 -0.029 
v -0.125 -0.01125 -0.029 
v -0.0825 -0.01125 -0.029 
v -0.0910749 -0.0453669 -0.029 
v -0.0855824 -0.047908 -0.029 
v -0.0858616 -0.0474441 -0.029 
v -0.0912361 0.0558656 -0.029 
v -0.091836 0.055699 -0.029 
v -0.09 0.0445 -0.029 
v -0.0893783 0.0445337 -0.029 
v -0.0906217 0.0445337 -0.029 
v -0.0924144 0.0450314 -0.029 
v -0.0934798 0.0456725 -0.029 
v -0.0929644 0.0453231 -0.029 
v -0.0957416 0.0505613 -0.029 
v -0.0948177 -0.0489124 -0.029 
v -0.0949341 -0.0494411 -0.029 
v -0.0920994 -0.0457121 -0.029 
v -0.0925778 -0.0459657 -0.029 
v -0.0915965 -0.0455117 -0.029 
v -0.09 -0.04525 -0.029 
v -0.0905406 -0.0452793 -0.029 
v -0.0889251 -0.0453669 -0.029 
v -0.0894594 -0.0452793 -0.029 
v -0.0850659 -0.0494411 -0.029 
v -0.0851823 -0.0489124 -0.029 
v -0.0884035 -0.0549883 -0.029 
v -0.0879006 -0.0547879 -0.029 
v -0.0906217 0.0559663 -0.029 
v -0.0875856 0.0554686 -0.029 
v -0.0946449 -0.0483993 -0.029 
v -0.0934385 -0.04662 -0.029 
v -0.0938108 -0.0470131 -0.029 
v -0.0879006 -0.0457121 -0.029 
v -0.0884035 -0.0455117 -0.029 
v -0.0869741 -0.0462695 -0.029 
v -0.0874222 -0.0459657 -0.029 
v -0.0853551 -0.0483993 -0.029 
v -0.0850073 -0.0499793 -0.029 
v -0.0851823 -0.0515876 -0.029 
v -0.0850659 -0.0510589 -0.029 
v -0.0874222 -0.0545343 -0.029 
v -0.0889251 -0.0551331 -0.029 
v -0.09 -0.05525 -0.029 
v -0.0894594 -0.0552207 -0.029 
v -0.0910749 -0.0551331 -0.029 
v -0.0905406 -0.0552207 -0.029 
v -0.0939543 0.0544245 -0.029 
v -0.0943824 0.0539725 -0.029 
v -0.0929644 0.0551769 -0.029 
v -0.0934798 0.0548275 -0.029 
v -0.0924144 0.0554686 -0.029 
v -0.088164 0.055699 -0.029 
v -0.0944176 -0.047908 -0.029 
v -0.0941384 -0.0474441 -0.029 
v -0.0853551 -0.0521007 -0.029 
v -0.0858616 -0.0530559 -0.029 
v -0.0855824 -0.052592 -0.029 
v -0.0920994 -0.0547879 -0.029 
v -0.0915965 -0.0549883 -0.029 
v -0.0930259 -0.0542305 -0.029 
v -0.0925778 -0.0545343 -0.029 
v -0.0944176 -0.052592 -0.029 
v -0.0941384 -0.0530559 -0.029 
v -0.0949341 -0.0510589 -0.029 
v -0.0948177 -0.0515876 -0.029 
v -0.0956743 0.0511802 -0.029 
v -0.0953416 0.0523783 -0.029 
v -0.0955404 0.0517883 -0.029 
v -0.0947592 0.0534768 -0.029 
v -0.0893783 0.0559663 -0.029 
v -0.09 0.056 -0.029 
v -0.0887639 0.0558656 -0.029 
v -0.0861892 -0.0470131 -0.029 
v -0.0865615 -0.04662 -0.029 
v -0.0850073 -0.0505207 -0.029 
v -0.0869741 -0.0542305 -0.029 
v -0.0865615 -0.05388 -0.029 
v -0.0938108 -0.0534869 -0.029 
v -0.0946449 -0.0521007 -0.029 
v -0.0949927 -0.0505207 -0.029 
v -0.0950802 0.0529433 -0.029 
v -0.0930259 -0.0462695 -0.029 
v -0.0861892 -0.0534869 -0.029 
v -0.0934385 -0.05388 -0.029 
v -0.0949927 -0.0499793 -0.029 
v -0.125 0.01125 -0.026 
v -0.0825 0.01125 -0.026 
v -0.0825 -0.01125 -0.026 
v -0.125 -0.01125 -0.026 
v -0.09 -0.04525 -0.0255 
v -0.0905406 -0.0452793 -0.0255 
v -0.0910749 -0.0453669 -0.0255 
v -0.0915965 -0.0455117 -0.0255 
v -0.0920994 -0.0457121 -0.0255 
v -0.0925778 -0.0459657 -0.0255 
v -0.0930259 -0.0462695 -0.0255 
v -0.0934385 -0.04662 -0.0255 
v -0.0938108 -0.0470131 -0.0255 
v -0.0941384 -0.0474441 -0.0255 
v -0.0944176 -0.047908 -0.0255 
v -0.0946449 -0.0483993 -0.0255 
v -0.0948177 -0.0489124 -0.0255 
v -0.0949341 -0.0494411 -0.0255 
v -0.0949927 -0.0499793 -0.0255 
v -0.0949927 -0.0505207 -0.0255 
v -0.0949341 -0.0510589 -0.0255 
v -0.0948177 -0.0515876 -0.0255 
v -0.0946449 -0.0521007 -0.0255 
v -0.0944176 -0.052592 -0.0255 
v -0.0941384 -0.0530559 -0.0255 
v -0.0938108 -0.0534869 -0.0255 
v -0.0934385 -0.05388 -0.0255 
v -0.0930259 -0.0542305 -0.0255 
v -0.0925778 -0.0545343 -0.0255 
v -0.0920994 -0.0547879 -0.0255 
v -0.0915965 -0.0549883 -0.0255 
v -0.0910749 -0.0551331 -0.0255 
v -0.0905406 -0.0552207 -0.0255 
v -0.09 -0.05525 -0.0255 
v -0.0894594 -0.0552207 -0.0255 
v -0.0889251 -0.0551331 -0.0255 
v -0.0884035 -0.0549883 -0.0255 
v -0.0879006 -0.0547879 -0.0255 
v -0.0874222 -0.0545343 -0.0255 
v -0.0869741 -0.0542305 -0.0255 
v -0.0865615 -0.05388 -0.0255 
v -0.0861892 -0.0534869 -0.0255 
v -0.0858616 -0.0530559 -0.0255 
v -0.0855824 -0.052592 -0.0255 
v -0.0853551 -0.0521007 -0.0255 
v -0.0851823 -0.0515876 -0.0255 
v -0.0850659 -0.0510589 -0.0255 
v -0.0850073 -0.0505207 -0.0255 
v -0.0850073 -0.0499793 -0.0255 
v -0.0850659 -0.0494411 -0.0255 
v -0.0851823 -0.0489124 -0.0255 
v -0.0853551 -0.0483993 -0.0255 
v -0.0855824 -0.047908 -0.0255 
v -0.0858616 -0.0474441 -0.0255 
v -0.0861892 -0.0470131 -0.0255 
v -0.0865615 -0.04662 -0.0255 
v -0.0869741 -0.0462695 -0.0255 
v -0.0874222 -0.0459657 -0.0255 
v -0.0879006 -0.0457121 -0.0255 
v -0.0884035 -0.0455117 -0.0255 
v -0.0889251 -0.0453669 -0.0255 
v -0.0894594 -0.0452793 -0.0255 
v -0.0920692 -0.048847 -0.0255 
v -0.0922088 -0.049079 -0.0255 
v -0.0919054 -0.0486315 -0.0255 
v -0.0912889 -0.0481079 -0.0255 
v -0.0915129 -0.0482598 -0.0255 
v -0.0910497 -0.0479811 -0.0255 
v -0.0907983 -0.0478809 -0.0255 
v -0.0905374 -0.0478084 -0.0255 
v -0.0892017 -0.0478809 -0.0255 
v -0.0894626 -0.0478084 -0.0255 
v -0.0889503 -0.0479811 -0.0255 
v -0.0887111 -0.0481079 -0.0255 
v -0.0884871 -0.0482598 -0.0255 
v -0.0879308 -0.048847 -0.0255 
v -0.0880946 -0.0486315 -0.0255 
v -0.0877912 -0.049079 -0.0255 
v -0.0917192 -0.048435 -0.0255 
v -0.0882808 -0.048435 -0.0255 
v -0.0879308 -0.051653 -0.0255 
v -0.0877912 -0.051421 -0.0255 
v -0.0880946 -0.0518685 -0.0255 
v -0.0889503 -0.0525189 -0.0255 
v -0.0887111 -0.0523921 -0.0255 
v -0.0892017 -0.0526191 -0.0255 
v -0.0907983 -0.0526191 -0.0255 
v -0.0905374 -0.0526916 -0.0255 
v -0.0910497 -0.0525189 -0.0255 
v -0.0912889 -0.0523921 -0.0255 
v -0.0915129 -0.0522402 -0.0255 
v -0.0920692 -0.051653 -0.0255 
v -0.0919054 -0.0518685 -0.0255 
v -0.0922088 -0.051421 -0.0255 
v -0.0924089 -0.0495812 -0.0255 
v -0.0924671 -0.0498455 -0.0255 
v -0.0923224 -0.0493247 -0.0255 
v -0.0902703 -0.0477647 -0.0255 
v -0.09 -0.04775 -0.0255 
v -0.0897297 -0.0477647 -0.0255 
v -0.0876776 -0.0493247 -0.0255 
v -0.0875911 -0.0495812 -0.0255 
v -0.0875329 -0.0498455 -0.0255 
v -0.0882808 -0.052065 -0.0255 
v -0.0884871 -0.0522402 -0.0255 
v -0.0894626 -0.0526916 -0.0255 
v -0.0917192 -0.052065 -0.0255 
v -0.0875911 -0.0509188 -0.0255 
v -0.0875329 -0.0506545 -0.0255 
v -0.0876776 -0.0511753 -0.0255 
v -0.0897297 -0.0527353 -0.0255 
v -0.09 -0.05275 -0.0255 
v -0.0902703 -0.0527353 -0.0255 
v -0.0923224 -0.0511753 -0.0255 
v -0.0924089 -0.0509188 -0.0255 
v -0.0924671 -0.0506545 -0.0255 
v -0.0875037 -0.0503853 -0.0255 
v -0.0875037 -0.0501147 -0.0255 
v -0.0924963 -0.0503853 -0.0255 
v -0.0924963 -0.0501147 -0.0255 
v -0.0897297 -0.0477647 -0.019 
v -0.09 -0.04775 -0.019 
v -0.0894626 -0.0478084 -0.019 
v -0.0892017 -0.0478809 -0.019 
v -0.0889503 -0.0479811 -0.019 
v -0.0887111 -0.0481079 -0.019 
v -0.0884871 -0.0482598 -0.019 
v -0.0882808 -0.048435 -0.019 
v -0.0880946 -0.0486315 -0.019 
v -0.0879308 -0.048847 -0.019 
v -0.0877912 -0.049079 -0.019 
v -0.0876776 -0.0493247 -0.019 
v -0.0875911 -0.0495812 -0.019 
v -0.0875329 -0.0498455 -0.019 
v -0.0875037 -0.0501147 -0.019 
v -0.0875037 -0.0503853 -0.019 
v -0.0875329 -0.0506545 -0.019 
v -0.0875911 -0.0509188 -0.019 
v -0.0876776 -0.0511753 -0.019 
v -0.0877912 -0.051421 -0.019 
v -0.0879308 -0.051653 -0.019 
v -0.0880946 -0.0518685 -0.019 
v -0.0882808 -0.052065 -0.019 
v -0.0884871 -0.0522402 -0.019 
v -0.0887111 -0.0523921 -0.019 
v -0.0889503 -0.0525189 -0.019 
v -0.0892017 -0.0526191 -0.019 
v -0.0894626 -0.0526916 -0.019 
v -0.0897297 -0.0527353 -0.019 
v -0.09 -0.05275 -0.019 
v -0.0902703 -0.0527353 -0.019 
v -0.0905374 -0.0526916 -0.019 
v -0.0907983 -0.0526191 -0.019 
v -0.0910497 -0.0525189 -0.019 
v -0.0912889 -0.0523921 -0.019 
v -0.0915129 -0.0522402 -0.019 
v -0.0917192 -0.052065 -0.019 
v -0.0919054 -0.0518685 -0.019 
v -0.0920692 -0.051653 -0.019 
v -0.0922088 -0.051421 -0.019 
v -0.0923224 -0.0511753 -0.019 
v -0.0924089 -0.0509188 -0.019 
v -0.0924671 -0.0506545 -0.019 
v -0.0924963 -0.0503853 -0.019 
v -0.0924963 -0.0501147 -0.019 
v -0.0924671 -0.0498455 -0.019 
v -0.0924089 -0.0495812 -0.019 
v -0.0923224 -0.0493247 -0.019 
v -0.0922088 -0.049079 -0.019 
v -0.0920692 -0.048847 -0.019 
v -0.0919054 -0.0486315 -0.019 
v -0.0917192 -0.048435 -0.019 
v -0.0915129 -0.0482598 -0.019 
v -0.0912889 -0.0481079 -0.019 
v -0.0910497 -0.0479811 -0.019 
v -0.0907983 -0.0478809 -0.019 
v -0.0905374 -0.0478084 -0.019 
v -0.0902703 -0.0477647 -0.019 
v -0.09 0.056 -0.0255 
v -0.0906217 0.0559663 -0.0255 
v -0.0912361 0.0558656 -0.0255 
v -0.091836 0.055699 -0.0255 
v -0.0924144 0.0554686 -0.0255 
v -0.0929644 0.0551769 -0.0255 
v -0.0934798 0.0548275 -0.0255 
v -0.0939543 0.0544245 -0.0255 
v -0.0943824 0.0539725 -0.0255 
v -0.0947592 0.0534768 -0.0255 
v -0.0950802 0.0529433 -0.0255 
v -0.0953416 0.0523783 -0.0255 
v -0.0955404 0.0517883 -0.0255 
v -0.0956743 0.0511802 -0.0255 
v -0.0957416 0.0505613 -0.0255 
v -0.0957416 0.0499387 -0.0255 
v -0.0956743 0.0493198 -0.0255 
v -0.0955404 0.0487117 -0.0255 
v -0.0953416 0.0481217 -0.0255 
v -0.0950802 0.0475567 -0.0255 
v -0.0947592 0.0470232 -0.0255 
v -0.0943824 0.0465275 -0.0255 
v -0.0939543 0.0460755 -0.0255 
v -0.0934798 0.0456725 -0.0255 
v -0.0929644 0.0453231 -0.0255 
v -0.0924144 0.0450314 -0.0255 
v -0.091836 0.044801 -0.0255 
v -0.0912361 0.0446344 -0.0255 
v -0.0906217 0.0445337 -0.0255 
v -0.09 0.0445 -0.0255 
v -0.0893783 0.0445337 -0.0255 
v -0.0887639 0.0446344 -0.0255 
v -0.088164 0.044801 -0.0255 
v -0.0875856 0.0450314 -0.0255 
v -0.0870356 0.0453231 -0.0255 
v -0.0865202 0.0456725 -0.0255 
v -0.0860457 0.0460755 -0.0255 
v -0.0856176 0.0465275 -0.0255 
v -0.0852408 0.0470232 -0.0255 
v -0.0849198 0.0475567 -0.0255 
v -0.0846584 0.0481217 -0.0255 
v -0.0844596 0.0487117 -0.0255 
v -0.0843257 0.0493198 -0.0255 
v -0.0842584 0.0499387 -0.0255 
v -0.0842584 0.0505613 -0.0255 
v -0.0843257 0.0511802 -0.0255 
v -0.0844596 0.0517883 -0.0255 
v -0.0846584 0.0523783 -0.0255 
v -0.0849198 0.0529433 -0.0255 
v -0.0852408 0.0534768 -0.0255 
v -0.0856176 0.0539725 -0.0255 
v -0.0860457 0.0544245 -0.0255 
v -0.0865202 0.0548275 -0.0255 
v -0.0870356 0.0551769 -0.0255 
v -0.0875856 0.0554686 -0.0255 
v -0.088164 0.055699 -0.0255 
v -0.0887639 0.0558656 -0.0255 
v -0.0893783 0.0559663 -0.0255 
v -0.0877135 0.0521922 -0.0255 
v -0.0879369 0.052428 -0.0255 
v -0.0875169 0.0519336 -0.0255 
v -0.0872131 0.0513604 -0.0255 
v -0.0873495 0.0516552 -0.0255 
v -0.0871094 0.0510526 -0.0255 
v -0.0896756 0.0532324 -0.0255 
v -0.09 0.05325 -0.0255 
v -0.0893551 0.0531799 -0.0255 
v -0.0890421 0.053093 -0.0255 
v -0.0887403 0.0529727 -0.0255 
v -0.0881845 0.0526383 -0.0255 
v -0.0879369 0.048072 -0.0255 
v -0.0877135 0.0483078 -0.0255 
v -0.0881845 0.0478617 -0.0255 
v -0.0890421 0.047407 -0.0255 
v -0.0887403 0.0475273 -0.0255 
v -0.0893551 0.0473201 -0.0255 
v -0.0903244 0.0472676 -0.0255 
v -0.09 0.04725 -0.0255 
v -0.0906449 0.0473201 -0.0255 
v -0.0909579 0.047407 -0.0255 
v -0.0912597 0.0475273 -0.0255 
v -0.0915467 0.0528206 -0.0255 
v -0.0918155 0.0526383 -0.0255 
v -0.0912597 0.0529727 -0.0255 
v -0.0909579 0.053093 -0.0255 
v -0.0906449 0.0531799 -0.0255 
v -0.0884533 0.0528206 -0.0255 
v -0.0870395 0.0507353 -0.0255 
v -0.0870044 0.0504124 -0.0255 
v -0.0884533 0.0476794 -0.0255 
v -0.0896756 0.0472676 -0.0255 
v -0.0915467 0.0476794 -0.0255 
v -0.0918155 0.0478617 -0.0255 
v -0.0922865 0.0483078 -0.0255 
v -0.0920631 0.048072 -0.0255 
v -0.0924831 0.0485664 -0.0255 
v -0.0903244 0.0532324 -0.0255 
v -0.0872131 0.0491396 -0.0255 
v -0.0873495 0.0488448 -0.0255 
v -0.0875169 0.0485664 -0.0255 
v -0.0870395 0.0497647 -0.0255 
v -0.0870044 0.0500876 -0.0255 
v -0.0871094 0.0494474 -0.0255 
v -0.0927869 0.0491396 -0.0255 
v -0.0926505 0.0488448 -0.0255 
v -0.0928906 0.0494474 -0.0255 
v -0.0920631 0.052428 -0.0255 
v -0.0922865 0.0521922 -0.0255 
v -0.0929605 0.0497647 -0.0255 
v -0.0929956 0.0500876 -0.0255 
v -0.0927869 0.0513604 -0.0255 
v -0.0926505 0.0516552 -0.0255 
v -0.0924831 0.0519336 -0.0255 
v -0.0929605 0.0507353 -0.0255 
v -0.0929956 0.0504124 -0.0255 
v -0.0928906 0.0510526 -0.0255 
v -0.0896756 0.0532324 -0.019 
v -0.09 0.05325 -0.019 
v -0.0893551 0.0531799 -0.019 
v -0.0890421 0.053093 -0.019 
v -0.0887403 0.0529727 -0.019 
v -0.0884533 0.0528206 -0.019 
v -0.0881845 0.0526383 -0.019 
v -0.0879369 0.052428 -0.019 
v -0.0877135 0.0521922 -0.019 
v -0.0875169 0.0519336 -0.019 
v -0.0873495 0.0516552 -0.019 
v -0.0872131 0.0513604 -0.019 
v -0.0871094 0.0510526 -0.019 
v -0.0870395 0.0507353 -0.019 
v -0.0870044 0.0504124 -0.019 
v -0.0870044 0.0500876 -0.019 
v -0.0870395 0.0497647 -0.019 
v -0.0871094 0.0494474 -0.019 
v -0.0872131 0.0491396 -0.019 
v -0.0873495 0.0488448 -0.019 
v -0.0875169 0.0485664 -0.019 
v -0.0877135 0.0483078 -0.019 
v -0.0879369 0.048072 -0.019 
v -0.0881845 0.0478617 -0.019 
v -0.0884533 0.0476794 -0.019 
v -0.0887403 0.0475273 -0.019 
v -0.0890421 0.047407 -0.019 
v -0.0893551 0.0473201 -0.019 
v -0.0896756 0.0472676 -0.019 
v -0.09 0.04725 -0.019 
v -0.0903244 0.0472676 -0.019 
v -0.0906449 0.0473201 -0.019 
v -0.0909579 0.047407 -0.019 
v -0.0912597 0.0475273 -0.019 
v -0.0915467 0.0476794 -0.019 
v -0.0918155 0.0478617 -0.019 
v -0.0920631 0.048072 -0.019 
v -0.0922865 0.0483078 -0.019 
v -0.0924831 0.0485664 -0.019 
v -0.0926505 0.0488448 -0.019 
v -0.0927869 0.0491396 -0.019 
v -0.0928906 0.0494474 -0.019 
v -0.0929605 0.0497647 -0.019 
v -0.0929956 0.0500876 -0.019 
v -0.0929956 0.0504124 -0.019 
v -0.0929605 0.0507353 -0.019 
v -0.0928906 0.0510526 -0.019 
v -0.0927869 0.0513604 -0.019 
v -0.0926505 0.0516552 -0.019 
v -0.0924831 0.0519336 -0.019 
v -0.0922865 0.0521922 -0.019 
v -0.0920631 0.052428 -0.019 
v -0.0918155 0.0526383 -0.019 
v -0.0915467 0.0528206 -0.019 
v -0.0912597 0.0529727 -0.019 
v -0.0909579 0.053093 -0.019 
v -0.0906449 0.0531799 -0.019 
v -0.0903244 0.0532324 -0.019 
v -0.125 -0.01125 -0.002 
v -0.125 0.01125 -0.002 
v -0.125 -0.01125 0.001 
v -0.125 0.01125 0.001 
v -0.0825 -0.01125 0.001 
v -0.0825 -0.01125 -0.002 
v -0.0825 0.01125 0.001 
v -0.0825 0.01125 -0.002 
v 0.0745 0.01475 0.001 
v 0.1055 0.01475 0.001 
v 0.1155 0.03475 0.001 
v 0.1055 0.03475 0.001 
v 0.1155 0.06575 0.001 
v 0.1055 0.08575 0.001 
v 0.0745 0.08575 0.001 
v 0.1055 0.06575 0.001 
v 0.1005 0.01975 -0.002 
v 0.0795 0.01975 -0.002 
v 0.0795 0.08075 -0.002 
v 0.1005 0.01975 -0.019 
v 0.0795 0.01975 -0.019 
v 0.1005 0.03975 -0.002 
v 0.1005 0.03975 -0.019 
v 0.1105 0.03975 -0.002 
v 0.1105 0.03975 -0.019 
v 0.1105 0.06075 -0.002 
v 0.1105 0.06075 -0.019 
v 0.1005 0.06075 -0.002 
v 0.0795 0.08075 -0.019 
v 0.1005 0.08075 -0.002 
v 0.1005 0.08075 -0.019 
v 0.1005 0.06075 -0.019 
v 0.0825807 0.06819 -0.019 
v 0.0825807 0.03231 -0.019 
v 0.0824014 0.0690043 -0.019 
v 0.0824014 0.0314957 -0.019 
v 0.0823113 0.0698331 -0.019 
v 0.0823113 0.0706669 -0.019 
v 0.0823113 0.0306669 -0.019 
v 0.0824014 0.0290043 -0.019 
v 0.0823113 0.0298331 -0.019 
v 0.0824014 0.0714957 -0.019 
v 0.0828469 0.0731001 -0.019 
v 0.083197 0.0738567 -0.019 
v 0.0825807 0.02819 -0.019 
v 0.0853402 0.0763799 -0.019 
v 0.0860302 0.0768478 -0.019 
v 0.0841314 0.0752349 -0.019 
v 0.0847047 0.0758402 -0.019 
v 0.0836268 0.0745711 -0.019 
v 0.0825807 0.07231 -0.019 
v 0.0867669 0.0232617 -0.019 
v 0.0860302 0.0236522 -0.019 
v 0.0875414 0.0775469 -0.019 
v 0.0883447 0.07777 -0.019 
v 0.0853402 0.0241201 -0.019 
v 0.0867669 0.0772383 -0.019 
v 0.0841314 0.0252651 -0.019 
v 0.0836268 0.0259289 -0.019 
v 0.0847047 0.0246598 -0.019 
v 0.0891675 0.0225951 -0.019 
v 0.0883447 0.02273 -0.019 
v 0.0976887 0.0706669 -0.019 
v 0.0976887 0.0698331 -0.019 
v 0.0908325 0.0779049 -0.019 
v 0.0916553 0.07777 -0.019 
v 0.083197 0.0266433 -0.019 
v 0.0828469 0.0273999 -0.019 
v 0.0875414 0.0229531 -0.019 
v 0.0908325 0.0225951 -0.019 
v 0.09 0.02255 -0.019 
v 0.0924586 0.0229531 -0.019 
v 0.0916553 0.02273 -0.019 
v 0.0952953 0.0246598 -0.019 
v 0.0946598 0.0241201 -0.019 
v 0.0891675 0.0625951 -0.019 
v 0.0883447 0.06273 -0.019 
v 0.0971531 0.0673999 -0.019 
v 0.096803 0.0666433 -0.019 
v 0.0975986 0.0690043 -0.019 
v 0.0932331 0.0772383 -0.019 
v 0.0939698 0.0768478 -0.019 
v 0.0924586 0.0775469 -0.019 
v 0.0932331 0.0232617 -0.019 
v 0.0939698 0.0236522 -0.019 
v 0.0908325 0.0379049 -0.019 
v 0.0867669 0.0632617 -0.019 
v 0.0860302 0.0636522 -0.019 
v 0.0875414 0.0629531 -0.019 
v 0.0946598 0.0641201 -0.019 
v 0.0939698 0.0636522 -0.019 
v 0.0958686 0.0652651 -0.019 
v 0.0952953 0.0646598 -0.019 
v 0.0963732 0.0659289 -0.019 
v 0.0974193 0.06819 -0.019 
v 0.0946598 0.0763799 -0.019 
v 0.0952953 0.0758402 -0.019 
v 0.09 0.07795 -0.019 
v 0.0891675 0.0779049 -0.019 
v 0.0853402 0.0641201 -0.019 
v 0.0847047 0.0646598 -0.019 
v 0.0924586 0.0629531 -0.019 
v 0.0916553 0.06273 -0.019 
v 0.0932331 0.0632617 -0.019 
v 0.0975986 0.0714957 -0.019 
v 0.0971531 0.0731001 -0.019 
v 0.0974193 0.07231 -0.019 
v 0.0958686 0.0752349 -0.019 
v 0.0963732 0.0745711 -0.019 
v 0.0976887 0.0306669 -0.019 
v 0.0976887 0.0298331 -0.019 
v 0.0916553 0.03777 -0.019 
v 0.0875414 0.0375469 -0.019 
v 0.0883447 0.03777 -0.019 
v 0.0908325 0.0625951 -0.019 
v 0.09 0.06255 -0.019 
v 0.096803 0.0738567 -0.019 
v 0.09 0.03795 -0.019 
v 0.0891675 0.0379049 -0.019 
v 0.0952953 0.0358402 -0.019 
v 0.0958686 0.0352349 -0.019 
v 0.0946598 0.0363799 -0.019 
v 0.0841314 0.0652651 -0.019 
v 0.0836268 0.0659289 -0.019 
v 0.0963732 0.0259289 -0.019 
v 0.0958686 0.0252651 -0.019 
v 0.0974193 0.02819 -0.019 
v 0.0971531 0.0273999 -0.019 
v 0.0975986 0.0290043 -0.019 
v 0.083197 0.0338567 -0.019 
v 0.0924586 0.0375469 -0.019 
v 0.0867669 0.0372383 -0.019 
v 0.0963732 0.0345711 -0.019 
v 0.083197 0.0666433 -0.019 
v 0.0828469 0.0673999 -0.019 
v 0.096803 0.0266433 -0.019 
v 0.0828469 0.0331001 -0.019 
v 0.0932331 0.0372383 -0.019 
v 0.0939698 0.0368478 -0.019 
v 0.0847047 0.0358402 -0.019 
v 0.0853402 0.0363799 -0.019 
v 0.0974193 0.03231 -0.019 
v 0.0975986 0.0314957 -0.019 
v 0.096803 0.0338567 -0.019 
v 0.0971531 0.0331001 -0.019 
v 0.0860302 0.0368478 -0.019 
v 0.0836268 0.0345711 -0.019 
v 0.0841314 0.0352349 -0.019 
v 0.0908325 0.0225951 -0.0211 
v 0.09 0.02255 -0.0211 
v 0.0916553 0.02273 -0.0211 
v 0.0924586 0.0229531 -0.0211 
v 0.0932331 0.0232617 -0.0211 
v 0.0939698 0.0236522 -0.0211 
v 0.0946598 0.0241201 -0.0211 
v 0.0952953 0.0246598 -0.0211 
v 0.0958686 0.0252651 -0.0211 
v 0.0963732 0.0259289 -0.0211 
v 0.096803 0.0266433 -0.0211 
v 0.0971531 0.0273999 -0.0211 
v 0.0974193 0.02819 -0.0211 
v 0.0975986 0.0290043 -0.0211 
v 0.0976887 0.0298331 -0.0211 
v 0.0976887 0.0306669 -0.0211 
v 0.0975986 0.0314957 -0.0211 
v 0.0974193 0.03231 -0.0211 
v 0.0971531 0.0331001 -0.0211 
v 0.096803 0.0338567 -0.0211 
v 0.0963732 0.0345711 -0.0211 
v 0.0958686 0.0352349 -0.0211 
v 0.0952953 0.0358402 -0.0211 
v 0.0946598 0.0363799 -0.0211 
v 0.0939698 0.0368478 -0.0211 
v 0.0932331 0.0372383 -0.0211 
v 0.0924586 0.0375469 -0.0211 
v 0.0916553 0.03777 -0.0211 
v 0.0908325 0.0379049 -0.0211 
v 0.09 0.03795 -0.0211 
v 0.0891675 0.0379049 -0.0211 
v 0.0883447 0.03777 -0.0211 
v 0.0875414 0.0375469 -0.0211 
v 0.0867669 0.0372383 -0.0211 
v 0.0860302 0.0368478 -0.0211 
v 0.0853402 0.0363799 -0.0211 
v 0.0847047 0.0358402 -0.0211 
v 0.0841314 0.0352349 -0.0211 
v 0.0836268 0.0345711 -0.0211 
v 0.083197 0.0338567 -0.0211 
v 0.0828469 0.0331001 -0.0211 
v 0.0825807 0.03231 -0.0211 
v 0.0824014 0.0314957 -0.0211 
v 0.0823113 0.0306669 -0.0211 
v 0.0823113 0.0298331 -0.0211 
v 0.0824014 0.0290043 -0.0211 
v 0.0825807 0.02819 -0.0211 
v 0.0828469 0.0273999 -0.0211 
v 0.083197 0.0266433 -0.0211 
v 0.0836268 0.0259289 -0.0211 
v 0.0841314 0.0252651 -0.0211 
v 0.0847047 0.0246598 -0.0211 
v 0.0853402 0.0241201 -0.0211 
v 0.0860302 0.0236522 -0.0211 
v 0.0867669 0.0232617 -0.0211 
v 0.0875414 0.0229531 -0.0211 
v 0.0883447 0.02273 -0.0211 
v 0.0891675 0.0225951 -0.0211 
v 0.09 0.03025 -0.0211 
v 0.0908325 0.0625951 -0.0211 
v 0.09 0.06255 -0.0211 
v 0.0916553 0.06273 -0.0211 
v 0.0924586 0.0629531 -0.0211 
v 0.0932331 0.0632617 -0.0211 
v 0.0939698 0.0636522 -0.0211 
v 0.0946598 0.0641201 -0.0211 
v 0.0952953 0.0646598 -0.0211 
v 0.0958686 0.0652651 -0.0211 
v 0.0963732 0.0659289 -0.0211 
v 0.096803 0.0666433 -0.0211 
v 0.0971531 0.0673999 -0.0211 
v 0.0974193 0.06819 -0.0211 
v 0.0975986 0.0690043 -0.0211 
v 0.0976887 0.0698331 -0.0211 
v 0.0976887 0.0706669 -0.0211 
v 0.0975986 0.0714957 -0.0211 
v 0.0974193 0.07231 -0.0211 
v 0.0971531 0.0731001 -0.0211 
v 0.096803 0.0738567 -0.0211 
v 0.0963732 0.0745711 -0.0211 
v 0.0958686 0.0752349 -0.0211 
v 0.0952953 0.0758402 -0.0211 
v 0.0946598 0.0763799 -0.0211 
v 0.0939698 0.0768478 -0.0211 
v 0.0932331 0.0772383 -0.0211 
v 0.0924586 0.0775469 -0.0211 
v 0.0916553 0.07777 -0.0211 
v 0.0908325 0.0779049 -0.0211 
v 0.09 0.07795 -0.0211 
v 0.0891675 0.0779049 -0.0211 
v 0.0883447 0.07777 -0.0211 
v 0.0875414 0.0775469 -0.0211 
v 0.0867669 0.0772383 -0.0211 
v 0.0860302 0.0768478 -0.0211 
v 0.0853402 0.0763799 -0.0211 
v 0.0847047 0.0758402 -0.0211 
v 0.0841314 0.0752349 -0.0211 
v 0.0836268 0.0745711 -0.0211 
v 0.083197 0.0738567 -0.0211 
v 0.0828469 0.0731001 -0.0211 
v 0.0825807 0.07231 -0.0211 
v 0.0824014 0.0714957 -0.0211 
v 0.0823113 0.0706669 -0.0211 
v 0.0823113 0.0698331 -0.0211 
v 0.0824014 0.0690043 -0.0211 
v 0.0825807 0.06819 -0.0211 
v 0.0828469 0.0673999 -0.0211 
v 0.083197 0.0666433 -0.0211 
v 0.0836268 0.0659289 -0.0211 
v 0.0841314 0.0652651 -0.0211 
v 0.0847047 0.0646598 -0.0211 
v 0.0853402 0.0641201 -0.0211 
v 0.0860302 0.0636522 -0.0211 
v 0.0867669 0.0632617 -0.0211 
v 0.0875414 0.0629531 -0.0211 
v 0.0883447 0.06273 -0.0211 
v 0.0891675 0.0625951 -0.0211 
v 0.09 0.07025 -0.0211 
v -0.0795 -0.01975 -0.019 
v -0.0847047 -0.0246598 -0.019 
v -0.0841314 -0.0252651 -0.019 
v -0.0860302 -0.0236522 -0.019 
v -0.0853402 -0.0241201 -0.019 
v -0.1005 -0.06075 -0.019 
v -0.0976887 -0.0698331 -0.019 
v -0.0975986 -0.0690043 -0.019 
v -0.1005 -0.08075 -0.019 
v -0.0976887 -0.0706669 -0.019 
v -0.0847047 -0.0358402 -0.019 
v -0.0853402 -0.0363799 -0.019 
v -0.0860302 -0.0368478 -0.019 
v -0.0867669 -0.0232617 -0.019 
v -0.1005 -0.01975 -0.019 
v -0.0946598 -0.0241201 -0.019 
v -0.0939698 -0.0236522 -0.019 
v -0.096803 -0.0266433 -0.019 
v -0.0963732 -0.0259289 -0.019 
v -0.0974193 -0.07231 -0.019 
v -0.0975986 -0.0714957 -0.019 
v -0.0875414 -0.0229531 -0.019 
v -0.0952953 -0.0246598 -0.019 
v -0.0958686 -0.0252651 -0.019 
v -0.0976887 -0.0298331 -0.019 
v -0.0975986 -0.0290043 -0.019 
v -0.1005 -0.03975 -0.019 
v -0.0976887 -0.0306669 -0.019 
v -0.0958686 -0.0352349 -0.019 
v -0.0963732 -0.0345711 -0.019 
v -0.0946598 -0.0363799 -0.019 
v -0.0952953 -0.0358402 -0.019 
v -0.0932331 -0.0372383 -0.019 
v -0.0939698 -0.0368478 -0.019 
v -0.0908325 -0.0379049 -0.019 
v -0.0932331 -0.0632617 -0.019 
v -0.0924586 -0.0629531 -0.019 
v -0.0875414 -0.0629531 -0.019 
v -0.096803 -0.0666433 -0.019 
v -0.0963732 -0.0659289 -0.019 
v -0.0974193 -0.06819 -0.019 
v -0.0971531 -0.0673999 -0.019 
v -0.096803 -0.0738567 -0.019 
v -0.0971531 -0.0731001 -0.019 
v -0.0946598 -0.0763799 -0.019 
v -0.0952953 -0.0758402 -0.019 
v -0.0841314 -0.0352349 -0.019 
v -0.083197 -0.0338567 -0.019 
v -0.0836268 -0.0345711 -0.019 
v -0.0836268 -0.0259289 -0.019 
v -0.0891675 -0.0225951 -0.019 
v -0.0883447 -0.02273 -0.019 
v -0.0974193 -0.02819 -0.019 
v -0.0971531 -0.0273999 -0.019 
v -0.0974193 -0.03231 -0.019 
v -0.0975986 -0.0314957 -0.019 
v -0.0916553 -0.03777 -0.019 
v -0.0939698 -0.0636522 -0.019 
v -0.0891675 -0.0625951 -0.019 
v -0.0867669 -0.0632617 -0.019 
v -0.0860302 -0.0636522 -0.019 
v -0.0958686 -0.0652651 -0.019 
v -0.0963732 -0.0745711 -0.019 
v -0.0958686 -0.0752349 -0.019 
v -0.0908325 -0.0779049 -0.019 
v -0.0916553 -0.07777 -0.019 
v -0.0795 -0.08075 -0.019 
v -0.0853402 -0.0763799 -0.019 
v -0.0860302 -0.0768478 -0.019 
v -0.083197 -0.0738567 -0.019 
v -0.0836268 -0.0745711 -0.019 
v -0.0825807 -0.03231 -0.019 
v -0.0828469 -0.0331001 -0.019 
v -0.083197 -0.0266433 -0.019 
v -0.0828469 -0.0273999 -0.019 
v -0.0924586 -0.0375469 -0.019 
v -0.0891675 -0.0379049 -0.019 
v -0.09 -0.03795 -0.019 
v -0.0908325 -0.0625951 -0.019 
v -0.09 -0.06255 -0.019 
v -0.0883447 -0.06273 -0.019 
v -0.0932331 -0.0772383 -0.019 
v -0.0939698 -0.0768478 -0.019 
v -0.0924586 -0.0775469 -0.019 
v -0.0847047 -0.0758402 -0.019 
v -0.0841314 -0.0752349 -0.019 
v -0.0825807 -0.02819 -0.019 
v -0.0824014 -0.0290043 -0.019 
v -0.0908325 -0.0225951 -0.019 
v -0.09 -0.02255 -0.019 
v -0.0924586 -0.0229531 -0.019 
v -0.0916553 -0.02273 -0.019 
v -0.096803 -0.0338567 -0.019 
v -0.0971531 -0.0331001 -0.019 
v -0.0875414 -0.0375469 -0.019 
v -0.0883447 -0.03777 -0.019 
v -0.0867669 -0.0372383 -0.019 
v -0.0853402 -0.0641201 -0.019 
v -0.0916553 -0.06273 -0.019 
v -0.0825807 -0.07231 -0.019 
v -0.0828469 -0.0731001 -0.019 
v -0.0823113 -0.0706669 -0.019 
v -0.0824014 -0.0714957 -0.019 
v -0.0825807 -0.06819 -0.019 
v -0.0824014 -0.0314957 -0.019 
v -0.0932331 -0.0232617 -0.019 
v -0.0841314 -0.0652651 -0.019 
v -0.0836268 -0.0659289 -0.019 
v -0.0847047 -0.0646598 -0.019 
v -0.0952953 -0.0646598 -0.019 
v -0.0946598 -0.0641201 -0.019 
v -0.09 -0.07795 -0.019 
v -0.0875414 -0.0775469 -0.019 
v -0.0883447 -0.07777 -0.019 
v -0.0823113 -0.0698331 -0.019 
v -0.083197 -0.0666433 -0.019 
v -0.0828469 -0.0673999 -0.019 
v -0.0891675 -0.0779049 -0.019 
v -0.0867669 -0.0772383 -0.019 
v -0.0824014 -0.0690043 -0.019 
v -0.0823113 -0.0306669 -0.019 
v -0.0823113 -0.0298331 -0.019 
v -0.1105 -0.06075 -0.019 
v -0.1105 -0.03975 -0.019 
v -0.0795 -0.01975 -0.002 
v -0.1005 -0.01975 -0.002 
v -0.0795 -0.08075 -0.002 
v -0.1005 -0.08075 -0.002 
v -0.0745 -0.08575 0.001 
v -0.0745 -0.01475 0.001 
v -0.1005 -0.06075 -0.002 
v -0.1055 -0.08575 0.001 
v -0.1105 -0.06075 -0.002 
v -0.1055 -0.06575 0.001 
v -0.1105 -0.03975 -0.002 
v -0.1155 -0.06575 0.001 
v -0.1005 -0.03975 -0.002 
v -0.1155 -0.03475 0.001 
v -0.1055 -0.01475 0.001 
v -0.1055 -0.03475 0.001 
v -0.0891675 -0.0379049 -0.0211 
v -0.09 -0.03795 -0.0211 
v -0.0883447 -0.03777 -0.0211 
v -0.0875414 -0.0375469 -0.0211 
v -0.0867669 -0.0372383 -0.0211 
v -0.0860302 -0.0368478 -0.0211 
v -0.0853402 -0.0363799 -0.0211 
v -0.0847047 -0.0358402 -0.0211 
v -0.0841314 -0.0352349 -0.0211 
v -0.0836268 -0.0345711 -0.0211 
v -0.083197 -0.0338567 -0.0211 
v -0.0828469 -0.0331001 -0.0211 
v -0.0825807 -0.03231 -0.0211 
v -0.0824014 -0.0314957 -0.0211 
v -0.0823113 -0.0306669 -0.0211 
v -0.0823113 -0.0298331 -0.0211 
v -0.0824014 -0.0290043 -0.0211 
v -0.0825807 -0.02819 -0.0211 
v -0.0828469 -0.0273999 -0.0211 
v -0.083197 -0.0266433 -0.0211 
v -0.0836268 -0.0259289 -0.0211 
v -0.0841314 -0.0252651 -0.0211 
v -0.0847047 -0.0246598 -0.0211 
v -0.0853402 -0.0241201 -0.0211 
v -0.0860302 -0.0236522 -0.0211 
v -0.0867669 -0.0232617 -0.0211 
v -0.0875414 -0.0229531 -0.0211 
v -0.0883447 -0.02273 -0.0211 
v -0.0891675 -0.0225951 -0.0211 
v -0.09 -0.02255 -0.0211 
v -0.0908325 -0.0225951 -0.0211 
v -0.0916553 -0.02273 -0.0211 
v -0.0924586 -0.0229531 -0.0211 
v -0.0932331 -0.0232617 -0.0211 
v -0.0939698 -0.0236522 -0.0211 
v -0.0946598 -0.0241201 -0.0211 
v -0.0952953 -0.0246598 -0.0211 
v -0.0958686 -0.0252651 -0.0211 
v -0.0963732 -0.0259289 -0.0211 
v -0.096803 -0.0266433 -0.0211 
v -0.0971531 -0.0273999 -0.0211 
v -0.0974193 -0.02819 -0.0211 
v -0.0975986 -0.0290043 -0.0211 
v -0.0976887 -0.0298331 -0.0211 
v -0.0976887 -0.0306669 -0.0211 
v -0.0975986 -0.0314957 -0.0211 
v -0.0974193 -0.03231 -0.0211 
v -0.0971531 -0.0331001 -0.0211 
v -0.096803 -0.0338567 -0.0211 
v -0.0963732 -0.0345711 -0.0211 
v -0.0958686 -0.0352349 -0.0211 
v -0.0952953 -0.0358402 -0.0211 
v -0.0946598 -0.0363799 -0.0211 
v -0.0939698 -0.0368478 -0.0211 
v -0.0932331 -0.0372383 -0.0211 
v -0.0924586 -0.0375469 -0.0211 
v -0.0916553 -0.03777 -0.0211 
v -0.0908325 -0.0379049 -0.0211 
v -0.09 -0.03025 -0.0211 
v -0.0891675 -0.0779049 -0.0211 
v -0.09 -0.07795 -0.0211 
v -0.0883447 -0.07777 -0.0211 
v -0.0875414 -0.0775469 -0.0211 
v -0.0867669 -0.0772383 -0.0211 
v -0.0860302 -0.0768478 -0.0211 
v -0.0853402 -0.0763799 -0.0211 
v -0.0847047 -0.0758402 -0.0211 
v -0.0841314 -0.0752349 -0.0211 
v -0.0836268 -0.0745711 -0.0211 
v -0.083197 -0.0738567 -0.0211 
v -0.0828469 -0.0731001 -0.0211 
v -0.0825807 -0.07231 -0.0211 
v -0.0824014 -0.0714957 -0.0211 
v -0.0823113 -0.0706669 -0.0211 
v -0.0823113 -0.0698331 -0.0211 
v -0.0824014 -0.0690043 -0.0211 
v -0.0825807 -0.06819 -0.0211 
v -0.0828469 -0.0673999 -0.0211 
v -0.083197 -0.0666433 -0.0211 
v -0.0836268 -0.0659289 -0.0211 
v -0.0841314 -0.0652651 -0.0211 
v -0.0847047 -0.0646598 -0.0211 
v -0.0853402 -0.0641201 -0.0211 
v -0.0860302 -0.0636522 -0.0211 
v -0.0867669 -0.0632617 -0.0211 
v -0.0875414 -0.0629531 -0.0211 
v -0.0883447 -0.06273 -0.0211 
v -0.0891675 -0.0625951 -0.0211 
v -0.09 -0.06255 -0.0211 
v -0.0908325 -0.0625951 -0.0211 
v -0.0916553 -0.06273 -0.0211 
v -0.0924586 -0.0629531 -0.0211 
v -0.0932331 -0.0632617 -0.0211 
v -0.0939698 -0.0636522 -0.0211 
v -0.0946598 -0.0641201 -0.0211 
v -0.0952953 -0.0646598 -0.0211 
v -0.0958686 -0.0652651 -0.0211 
v -0.0963732 -0.0659289 -0.0211 
v -0.096803 -0.0666433 -0.0211 
v -0.0971531 -0.0673999 -0.0211 
v -0.0974193 -0.06819 -0.0211 
v -0.0975986 -0.0690043 -0.0211 
v -0.0976887 -0.0698331 -0.0211 
v -0.0976887 -0.0706669 -0.0211 
v -0.0975986 -0.0714957 -0.0211 
v -0.0974193 -0.07231 -0.0211 
v -0.0971531 -0.0731001 -0.0211 
v -0.096803 -0.0738567 -0.0211 
v -0.0963732 -0.0745711 -0.0211 
v -0.0958686 -0.0752349 -0.0211 
v -0.0952953 -0.0758402 -0.0211 
v -0.0946598 -0.0763799 -0.0211 
v -0.0939698 -0.0768478 -0.0211 
v -0.0932331 -0.0772383 -0.0211 
v -0.0924586 -0.0775469 -0.0211 
v -0.0916553 -0.07777 -0.0211 
v -0.0908325 -0.0779049 -0.0211 
v -0.09 -0.07025 -0.0211 
v -0.0745 0.08575 0.001 
v -0.0745 0.01475 0.001 
v -0.1155 0.06575 0.001 
v -0.1055 0.06575 0.001 
v -0.1055 0.08575 0.001 
v -0.1155 0.03475 0.001 
v -0.1055 0.01475 0.001 
v -0.1055 0.03475 0.001 
v -0.0795 0.01975 -0.002 
v -0.1005 0.01975 -0.002 
v -0.0795 0.08075 -0.002 
v -0.0795 0.08075 -0.019 
v -0.0795 0.01975 -0.019 
v -0.1005 0.08075 -0.002 
v -0.1005 0.08075 -0.019 
v -0.1005 0.06075 -0.002 
v -0.1005 0.06075 -0.019 
v -0.1105 0.06075 -0.002 
v -0.1105 0.06075 -0.019 
v -0.1105 0.03975 -0.002 
v -0.1105 0.03975 -0.019 
v -0.1005 0.03975 -0.002 
v -0.1005 0.01975 -0.019 
v -0.1005 0.03975 -0.019 
v -0.0976887 0.0698331 -0.019 
v -0.0976887 0.0706669 -0.019 
v -0.0975986 0.0690043 -0.019 
v -0.0975986 0.0714957 -0.019 
v -0.0974193 0.06819 -0.019 
v -0.0891675 0.0379049 -0.019 
v -0.0971531 0.0731001 -0.019 
v -0.096803 0.0738567 -0.019 
v -0.0974193 0.07231 -0.019 
v -0.0976887 0.0298331 -0.019 
v -0.0932331 0.0232617 -0.019 
v -0.0939698 0.0236522 -0.019 
v -0.0860302 0.0636522 -0.019 
v -0.0867669 0.0632617 -0.019 
v -0.0891675 0.0779049 -0.019 
v -0.0883447 0.07777 -0.019 
v -0.0963732 0.0745711 -0.019 
v -0.0971531 0.0673999 -0.019 
v -0.0958686 0.0652651 -0.019 
v -0.0963732 0.0659289 -0.019 
v -0.0908325 0.0625951 -0.019 
v -0.0976887 0.0306669 -0.019 
v -0.0975986 0.0314957 -0.019 
v -0.0975986 0.0290043 -0.019 
v -0.0946598 0.0241201 -0.019 
v -0.0883447 0.03777 -0.019 
v -0.0924586 0.0375469 -0.019 
v -0.0916553 0.03777 -0.019 
v -0.0825807 0.03231 -0.019 
v -0.0825807 0.06819 -0.019 
v -0.0824014 0.0690043 -0.019 
v -0.0867669 0.0772383 -0.019 
v -0.0860302 0.0768478 -0.019 
v -0.0875414 0.0775469 -0.019 
v -0.0946598 0.0763799 -0.019 
v -0.0939698 0.0768478 -0.019 
v -0.0958686 0.0752349 -0.019 
v -0.0952953 0.0758402 -0.019 
v -0.096803 0.0666433 -0.019 
v -0.0932331 0.0632617 -0.019 
v -0.0939698 0.0636522 -0.019 
v -0.0916553 0.06273 -0.019 
v -0.0974193 0.03231 -0.019 
v -0.0971531 0.0331001 -0.019 
v -0.0958686 0.0252651 -0.019 
v -0.0963732 0.0259289 -0.019 
v -0.0952953 0.0246598 -0.019 
v -0.0908325 0.0225951 -0.019 
v -0.0916553 0.02273 -0.019 
v -0.09 0.03795 -0.019 
v -0.0908325 0.0379049 -0.019 
v -0.0847047 0.0358402 -0.019 
v -0.0841314 0.0352349 -0.019 
v -0.0853402 0.0363799 -0.019 
v -0.083197 0.0338567 -0.019 
v -0.0824014 0.0314957 -0.019 
v -0.0823113 0.0698331 -0.019 
v -0.0828469 0.0673999 -0.019 
v -0.0853402 0.0763799 -0.019 
v -0.0847047 0.0758402 -0.019 
v -0.0908325 0.0779049 -0.019 
v -0.09 0.07795 -0.019 
v -0.0924586 0.0775469 -0.019 
v -0.0916553 0.07777 -0.019 
v -0.0924586 0.0629531 -0.019 
v -0.0891675 0.0625951 -0.019 
v -0.09 0.06255 -0.019 
v -0.0974193 0.02819 -0.019 
v -0.096803 0.0266433 -0.019 
v -0.0971531 0.0273999 -0.019 
v -0.096803 0.0338567 -0.019 
v -0.0924586 0.0229531 -0.019 
v -0.09 0.02255 -0.019 
v -0.0875414 0.0229531 -0.019 
v -0.0883447 0.02273 -0.019 
v -0.0853402 0.0241201 -0.019 
v -0.0860302 0.0236522 -0.019 
v -0.0875414 0.0375469 -0.019 
v -0.0932331 0.0372383 -0.019 
v -0.0836268 0.0345711 -0.019 
v -0.0823113 0.0706669 -0.019 
v -0.0853402 0.0641201 -0.019 
v -0.0841314 0.0652651 -0.019 
v -0.0847047 0.0646598 -0.019 
v -0.083197 0.0666433 -0.019 
v -0.0828469 0.0731001 -0.019 
v -0.0825807 0.07231 -0.019 
v -0.0841314 0.0752349 -0.019 
v -0.0836268 0.0745711 -0.019 
v -0.0932331 0.0772383 -0.019 
v -0.0946598 0.0641201 -0.019 
v -0.0952953 0.0646598 -0.019 
v -0.0891675 0.0225951 -0.019 
v -0.0867669 0.0232617 -0.019 
v -0.0847047 0.0246598 -0.019 
v -0.0823113 0.0306669 -0.019 
v -0.0823113 0.0298331 -0.019 
v -0.0867669 0.0372383 -0.019 
v -0.0860302 0.0368478 -0.019 
v -0.0952953 0.0358402 -0.019 
v -0.0946598 0.0363799 -0.019 
v -0.0836268 0.0659289 -0.019 
v -0.0824014 0.0714957 -0.019 
v -0.083197 0.0738567 -0.019 
v -0.0875414 0.0629531 -0.019 
v -0.0883447 0.06273 -0.019 
v -0.0836268 0.0259289 -0.019 
v -0.0841314 0.0252651 -0.019 
v -0.0825807 0.02819 -0.019 
v -0.0828469 0.0273999 -0.019 
v -0.0824014 0.0290043 -0.019 
v -0.0939698 0.0368478 -0.019 
v -0.0963732 0.0345711 -0.019 
v -0.0828469 0.0331001 -0.019 
v -0.083197 0.0266433 -0.019 
v -0.0958686 0.0352349 -0.019 
v -0.0891675 0.0225951 -0.0211 
v -0.09 0.02255 -0.0211 
v -0.0883447 0.02273 -0.0211 
v -0.0875414 0.0229531 -0.0211 
v -0.0867669 0.0232617 -0.0211 
v -0.0860302 0.0236522 -0.0211 
v -0.0853402 0.0241201 -0.0211 
v -0.0847047 0.0246598 -0.0211 
v -0.0841314 0.0252651 -0.0211 
v -0.0836268 0.0259289 -0.0211 
v -0.083197 0.0266433 -0.0211 
v -0.0828469 0.0273999 -0.0211 
v -0.0825807 0.02819 -0.0211 
v -0.0824014 0.0290043 -0.0211 
v -0.0823113 0.0298331 -0.0211 
v -0.0823113 0.0306669 -0.0211 
v -0.0824014 0.0314957 -0.0211 
v -0.0825807 0.03231 -0.0211 
v -0.0828469 0.0331001 -0.0211 
v -0.083197 0.0338567 -0.0211 
v -0.0836268 0.0345711 -0.0211 
v -0.0841314 0.0352349 -0.0211 
v -0.0847047 0.0358402 -0.0211 
v -0.0853402 0.0363799 -0.0211 
v -0.0860302 0.0368478 -0.0211 
v -0.0867669 0.0372383 -0.0211 
v -0.0875414 0.0375469 -0.0211 
v -0.0883447 0.03777 -0.0211 
v -0.0891675 0.0379049 -0.0211 
v -0.09 0.03795 -0.0211 
v -0.0908325 0.0379049 -0.0211 
v -0.0916553 0.03777 -0.0211 
v -0.0924586 0.0375469 -0.0211 
v -0.0932331 0.0372383 -0.0211 
v -0.0939698 0.0368478 -0.0211 
v -0.0946598 0.0363799 -0.0211 
v -0.0952953 0.0358402 -0.0211 
v -0.0958686 0.0352349 -0.0211 
v -0.0963732 0.0345711 -0.0211 
v -0.096803 0.0338567 -0.0211 
v -0.0971531 0.0331001 -0.0211 
v -0.0974193 0.03231 -0.0211 
v -0.0975986 0.0314957 -0.0211 
v -0.0976887 0.0306669 -0.0211 
v -0.0976887 0.0298331 -0.0211 
v -0.0975986 0.0290043 -0.0211 
v -0.0974193 0.02819 -0.0211 
v -0.0971531 0.0273999 -0.0211 
v -0.096803 0.0266433 -0.0211 
v -0.0963732 0.0259289 -0.0211 
v -0.0958686 0.0252651 -0.0211 
v -0.0952953 0.0246598 -0.0211 
v -0.0946598 0.0241201 -0.0211 
v -0.0939698 0.0236522 -0.0211 
v -0.0932331 0.0232617 -0.0211 
v -0.0924586 0.0229531 -0.0211 
v -0.0916553 0.02273 -0.0211 
v -0.0908325 0.0225951 -0.0211 
v -0.09 0.03025 -0.0211 
v -0.0891675 0.0625951 -0.0211 
v -0.09 0.06255 -0.0211 
v -0.0883447 0.06273 -0.0211 
v -0.0875414 0.0629531 -0.0211 
v -0.0867669 0.0632617 -0.0211 
v -0.0860302 0.0636522 -0.0211 
v -0.0853402 0.0641201 -0.0211 
v -0.0847047 0.0646598 -0.0211 
v -0.0841314 0.0652651 -0.0211 
v -0.0836268 0.0659289 -0.0211 
v -0.083197 0.0666433 -0.0211 
v -0.0828469 0.0673999 -0.0211 
v -0.0825807 0.06819 -0.0211 
v -0.0824014 0.0690043 -0.0211 
v -0.0823113 0.0698331 -0.0211 
v -0.0823113 0.0706669 -0.0211 
v -0.0824014 0.0714957 -0.0211 
v -0.0825807 0.07231 -0.0211 
v -0.0828469 0.0731001 -0.0211 
v -0.083197 0.0738567 -0.0211 
v -0.0836268 0.0745711 -0.0211 
v -0.0841314 0.0752349 -0.0211 
v -0.0847047 0.0758402 -0.0211 
v -0.0853402 0.0763799 -0.0211 
v -0.0860302 0.0768478 -0.0211 
v -0.0867669 0.0772383 -0.0211 
v -0.0875414 0.0775469 -0.0211 
v -0.0883447 0.07777 -0.0211 
v -0.0891675 0.0779049 -0.0211 
v -0.09 0.07795 -0.0211 
v -0.0908325 0.0779049 -0.0211 
v -0.0916553 0.07777 -0.0211 
v -0.0924586 0.0775469 -0.0211 
v -0.0932331 0.0772383 -0.0211 
v -0.0939698 0.0768478 -0.0211 
v -0.0946598 0.0763799 -0.0211 
v -0.0952953 0.0758402 -0.0211 
v -0.0958686 0.0752349 -0.0211 
v -0.0963732 0.0745711 -0.0211 
v -0.096803 0.0738567 -0.0211 
v -0.0971531 0.0731001 -0.0211 
v -0.0974193 0.07231 -0.0211 
v -0.0975986 0.0714957 -0.0211 
v -0.0976887 0.0706669 -0.0211 
v -0.0976887 0.0698331 -0.0211 
v -0.0975986 0.0690043 -0.0211 
v -0.0974193 0.06819 -0.0211 
v -0.0971531 0.0673999 -0.0211 
v -0.096803 0.0666433 -0.0211 
v -0.0963732 0.0659289 -0.0211 
v -0.0958686 0.0652651 -0.0211 
v -0.0952953 0.0646598 -0.0211 
v -0.0946598 0.0641201 -0.0211 
v -0.0939698 0.0636522 -0.0211 
v -0.0932331 0.0632617 -0.0211 
v -0.0924586 0.0629531 -0.0211 
v -0.0916553 0.06273 -0.0211 
v -0.0908325 0.0625951 -0.0211 
v -0.09 0.07025 -0.0211 
v 0.05 0.05025 0.00095 
v 0.05005 0.05005 0.00095 
v 0.05005 -0.05005 0.00095 
v 0.05 0.05005 0.00095 
v -0.05 0.05025 0.00095 
v -0.05005 0.05005 0.00095 
v -0.05 0.05005 0.00095 
v -0.05005 -0.05005 0.00095 
v 0.05 -0.05025 0.00095 
v -0.05 -0.05025 0.00095 
v -0.05 -0.05005 0.00095 
v 0.05 -0.05005 0.00095 
v 0.05 -0.05025 -0.02895 
v -0.05 -0.05025 -0.02895 
v 0.05 0.05025 0.001 
v 0.05 0.05005 0.001 
v -0.05 0.05025 0.001 
v -0.05 0.05005 0.001 
v 0.05005 0.05005 8.67362e-19 
v -0.05005 0.05005 8.67362e-19 
v 0.05 -0.05005 8.67362e-19 
v 0.05005 -0.05005 8.67362e-19 
v -0.05 -0.05005 8.67362e-19 
v -0.05005 -0.05005 8.67362e-19 
v -0.05 -0.05005 -0.004 
v 0.05 -0.05005 -0.004 
v -0.05 -0.05005 -0.005 
v -0.05 -0.05005 -0.028 
v -0.05 -0.05005 -0.02895 
v 0.05 -0.05005 -0.005 
v 0.05 -0.05005 -0.028 
v 0.05 -0.05005 -0.02895 
v 0.05005 -0.05005 -0.028 
v 0.05005 -0.05005 -0.02895 
v -0.05005 -0.05005 -0.02895 
v -0.05005 -0.05005 -0.028 
v -0.05005 0.05005 -0.028 
v 0.05005 0.05005 -0.028 
v -0.05005 0.05005 -0.02895 
v 0.05005 0.05005 -0.02895 
v 0.05005 -0.05005 -0.004 
v 0.05005 -0.05005 -0.005 
v 0.05005 0.05005 -0.004 
v 0.05005 0.05005 -0.005 
v -0.05005 0.05005 -0.004 
v -0.05005 -0.05005 -0.004 
v -0.05005 0.05005 -0.005 
v -0.05005 -0.05005 -0.005 
v 0.05 0.05025 -0.02895 
v -0.05 0.05025 -0.02895 
v -0.05 0.05005 -0.02895 
v 0.05 0.05005 -0.02895 
v 0.05 0.05005 -0.029 
v -0.05 0.05005 -0.029 
v -0.05 0.05025 -0.029 
v 0.05 0.05025 -0.029 
vn 0 0 1 
vn -0.108119 0.994138 0 
vn -3.06162e-16 1 0 
vn -0.21497 0.976621 0 
vn -0.108119 0.994138 0 
vn -0.319302 0.947653 0 
vn -0.21497 0.976621 0 
vn -0.419889 0.907575 0 
vn -0.319302 0.947653 0 
vn -0.515554 0.856857 0 
vn -0.419889 0.907575 0 
vn -0.605174 0.796093 0 
vn -0.515554 0.856857 0 
vn -0.687699 0.725995 0 
vn -0.605174 0.796093 0 
vn -0.762162 0.647386 0 
vn -0.687699 0.725995 0 
vn -0.827689 0.561187 0 
vn -0.762162 0.647386 0 
vn -0.883512 0.468408 0 
vn -0.827689 0.561187 0 
vn -0.928977 0.370138 0 
vn -0.883512 0.468408 0 
vn -0.96355 0.267528 0 
vn -0.928977 0.370138 0 
vn -0.986827 0.161782 0 
vn -0.96355 0.267528 0 
vn -0.998533 0.0541389 0 
vn -0.986827 0.161782 0 
vn -0.998533 -0.0541389 0 
vn -0.998533 0.0541389 0 
vn -0.986827 -0.161782 0 
vn -0.998533 -0.0541389 0 
vn -0.96355 -0.267528 0 
vn -0.986827 -0.161782 0 
vn -0.928977 -0.370138 0 
vn -0.96355 -0.267528 0 
vn -0.883512 -0.468408 0 
vn -0.928977 -0.370138 0 
vn -0.827689 -0.561187 0 
vn -0.883512 -0.468408 0 
vn -0.762162 -0.647386 0 
vn -0.827689 -0.561187 0 
vn -0.687699 -0.725995 0 
vn -0.762162 -0.647386 0 
vn -0.605174 -0.796093 0 
vn -0.687699 -0.725995 0 
vn -0.515554 -0.856857 0 
vn -0.605174 -0.796093 0 
vn -0.419889 -0.907575 0 
vn -0.515554 -0.856857 0 
vn -0.319302 -0.947653 0 
vn -0.419889 -0.907575 0 
vn -0.21497 -0.976621 0 
vn -0.319302 -0.947653 0 
vn -0.108119 -0.994138 0 
vn -0.21497 -0.976621 0 
vn 1.83697e-16 -1 0 
vn -0.108119 -0.994138 0 
vn 0.108119 -0.994138 0 
vn 1.83697e-16 -1 0 
vn 0.21497 -0.976621 0 
vn 0.108119 -0.994138 0 
vn 0.319302 -0.947653 0 
vn 0.21497 -0.976621 0 
vn 0.419889 -0.907575 0 
vn 0.319302 -0.947653 0 
vn 0.515554 -0.856857 0 
vn 0.419889 -0.907575 0 
vn 0.605174 -0.796093 0 
vn 0.515554 -0.856857 0 
vn 0.687699 -0.725995 0 
vn 0.605174 -0.796093 0 
vn 0.762162 -0.647386 0 
vn 0.687699 -0.725995 0 
vn 0.827689 -0.561187 0 
vn 0.762162 -0.647386 0 
vn 0.883512 -0.468408 0 
vn 0.827689 -0.561187 0 
vn 0.928977 -0.370138 0 
vn 0.883512 -0.468408 0 
vn 0.96355 -0.267528 0 
vn 0.928977 -0.370138 0 
vn 0.986827 -0.161782 0 
vn 0.96355 -0.267528 0 
vn 0.998533 -0.0541389 0 
vn 0.986827 -0.161782 0 
vn 0.998533 0.0541389 0 
vn 0.998533 -0.0541389 0 
vn 0.986827 0.161782 0 
vn 0.998533 0.0541389 0 
vn 0.96355 0.267528 0 
vn 0.986827 0.161782 0 
vn 0.928977 0.370138 0 
vn 0.96355 0.267528 0 
vn 0.883512 0.468408 0 
vn 0.928977 0.370138 0 
vn 0.827689 0.561187 0 
vn 0.883512 0.468408 0 
vn 0.762162 0.647386 0 
vn 0.827689 0.561187 0 
vn 0.687699 0.725995 0 
vn 0.762162 0.647386 0 
vn 0.605174 0.796093 0 
vn 0.687699 0.725995 0 
vn 0.515554 0.856857 0 
vn 0.605174 0.796093 0 
vn 0.419889 0.907575 0 
vn 0.515554 0.856857 0 
vn 0.319302 0.947653 0 
vn 0.419889 0.907575 0 
vn 0.21497 0.976621 0 
vn 0.319302 0.947653 0 
vn 0.108119 0.994138 0 
vn 0.21497 0.976621 0 
vn 0 0 1 
vn 6.12323e-17 -1 0 
vn -1 -6.12323e-17 0 
vn -6.12323e-17 1 0 
vn 1 6.12323e-17 0 
vn 6.12323e-17 -1 0 
vn -1 6.32657e-16 0 
vn 5.7747e-17 0.514496 0.857493 
vn 0.514496 3.15038e-17 0.857493 
vn -0.514496 3.25499e-16 0.857493 
vn 3.15038e-17 -0.514496 0.857493 
vn -3.15038e-17 0.514496 0.857493 
vn -0.514496 3.25499e-16 0.857493 
vn 3.15038e-17 -0.514496 0.857493 
vn -0.108119 -0.994138 0 
vn -1.83697e-16 -1 0 
vn -0.21497 -0.976621 0 
vn -0.108119 -0.994138 0 
vn -0.319302 -0.947653 0 
vn -0.21497 -0.976621 0 
vn -0.419889 -0.907575 0 
vn -0.319302 -0.947653 0 
vn -0.515554 -0.856857 0 
vn -0.419889 -0.907575 0 
vn -0.605174 -0.796093 0 
vn -0.515554 -0.856857 0 
vn -0.687699 -0.725995 0 
vn -0.605174 -0.796093 0 
vn -0.762162 -0.647386 0 
vn -0.687699 -0.725995 0 
vn -0.827689 -0.561187 0 
vn -0.762162 -0.647386 0 
vn -0.883512 -0.468408 0 
vn -0.827689 -0.561187 0 
vn -0.928977 -0.370138 0 
vn -0.883512 -0.468408 0 
vn -0.96355 -0.267528 0 
vn -0.928977 -0.370138 0 
vn -0.986827 -0.161782 0 
vn -0.96355 -0.267528 0 
vn -0.998533 -0.0541389 0 
vn -0.986827 -0.161782 0 
vn -0.998533 0.0541389 0 
vn -0.998533 -0.0541389 0 
vn -0.986827 0.161782 0 
vn -0.998533 0.0541389 0 
vn -0.96355 0.267528 0 
vn -0.986827 0.161782 0 
vn -0.928977 0.370138 0 
vn -0.96355 0.267528 0 
vn -0.883512 0.468408 0 
vn -0.928977 0.370138 0 
vn -0.827689 0.561187 0 
vn -0.883512 0.468408 0 
vn -0.762162 0.647386 0 
vn -0.827689 0.561187 0 
vn -0.687699 0.725995 0 
vn -0.762162 0.647386 0 
vn -0.605174 0.796093 0 
vn -0.687699 0.725995 0 
vn -0.515554 0.856857 0 
vn -0.605174 0.796093 0 
vn -0.419889 0.907575 0 
vn -0.515554 0.856857 0 
vn -0.319302 0.947653 0 
vn -0.419889 0.907575 0 
vn -0.21497 0.976621 0 
vn -0.319302 0.947653 0 
vn -0.108119 0.994138 0 
vn -0.21497 0.976621 0 
vn 6.12323e-17 1 0 
vn -0.108119 0.994138 0 
vn 0.108119 0.994138 0 
vn 6.12323e-17 1 0 
vn 0.21497 0.976621 0 
vn 0.108119 0.994138 0 
vn 0.319302 0.947653 0 
vn 0.21497 0.976621 0 
vn 0.419889 0.907575 0 
vn 0.319302 0.947653 0 
vn 0.515554 0.856857 0 
vn 0.419889 0.907575 0 
vn 0.605174 0.796093 0 
vn 0.515554 0.856857 0 
vn 0.687699 0.725995 0 
vn 0.605174 0.796093 0 
vn 0.762162 0.647386 0 
vn 0.687699 0.725995 0 
vn 0.827689 0.561187 0 
vn 0.762162 0.647386 0 
vn 0.883512 0.468408 0 
vn 0.827689 0.561187 0 
vn 0.928977 0.370138 0 
vn 0.883512 0.468408 0 
vn 0.96355 0.267528 0 
vn 0.928977 0.370138 0 
vn 0.986827 0.161782 0 
vn 0.96355 0.267528 0 
vn 0.998533 0.0541389 0 
vn 0.986827 0.161782 0 
vn 0.998533 -0.0541389 0 
vn 0.998533 0.0541389 0 
vn 0.986827 -0.161782 0 
vn 0.998533 -0.0541389 0 
vn 0.96355 -0.267528 0 
vn 0.986827 -0.161782 0 
vn 0.928977 -0.370138 0 
vn 0.96355 -0.267528 0 
vn 0.883512 -0.468408 0 
vn 0.928977 -0.370138 0 
vn 0.827689 -0.561187 0 
vn 0.883512 -0.468408 0 
vn 0.762162 -0.647386 0 
vn 0.827689 -0.561187 0 
vn 0.687699 -0.725995 0 
vn 0.762162 -0.647386 0 
vn 0.605174 -0.796093 0 
vn 0.687699 -0.725995 0 
vn 0.515554 -0.856857 0 
vn 0.605174 -0.796093 0 
vn 0.419889 -0.907575 0 
vn 0.515554 -0.856857 0 
vn 0.319302 -0.947653 0 
vn 0.419889 -0.907575 0 
vn 0.21497 -0.976621 0 
vn 0.319302 -0.947653 0 
vn 0.108119 -0.994138 0 
vn 0.21497 -0.976621 0 
vn -0.108119 0.994138 0 
vn -3.06162e-16 1 0 
vn -0.21497 0.976621 0 
vn -0.108119 0.994138 0 
vn -0.319302 0.947653 0 
vn -0.21497 0.976621 0 
vn -0.419889 0.907575 0 
vn -0.319302 0.947653 0 
vn -0.515554 0.856857 0 
vn -0.419889 0.907575 0 
vn -0.605174 0.796093 0 
vn -0.515554 0.856857 0 
vn -0.687699 0.725995 0 
vn -0.605174 0.796093 0 
vn -0.762162 0.647386 0 
vn -0.687699 0.725995 0 
vn -0.827689 0.561187 0 
vn -0.762162 0.647386 0 
vn -0.883512 0.468408 0 
vn -0.827689 0.561187 0 
vn -0.928977 0.370138 0 
vn -0.883512 0.468408 0 
vn -0.96355 0.267528 0 
vn -0.928977 0.370138 0 
vn -0.986827 0.161782 0 
vn -0.96355 0.267528 0 
vn -0.998533 0.0541389 0 
vn -0.986827 0.161782 0 
vn -0.998533 -0.0541389 0 
vn -0.998533 0.0541389 0 
vn -0.986827 -0.161782 0 
vn -0.998533 -0.0541389 0 
vn -0.96355 -0.267528 0 
vn -0.986827 -0.161782 0 
vn -0.928977 -0.370138 0 
vn -0.96355 -0.267528 0 
vn -0.883512 -0.468408 0 
vn -0.928977 -0.370138 0 
vn -0.827689 -0.561187 0 
vn -0.883512 -0.468408 0 
vn -0.762162 -0.647386 0 
vn -0.827689 -0.561187 0 
vn -0.687699 -0.725995 0 
vn -0.762162 -0.647386 0 
vn -0.605174 -0.796093 0 
vn -0.687699 -0.725995 0 
vn -0.515554 -0.856857 0 
vn -0.605174 -0.796093 0 
vn -0.419889 -0.907575 0 
vn -0.515554 -0.856857 0 
vn -0.319302 -0.947653 0 
vn -0.419889 -0.907575 0 
vn -0.21497 -0.976621 0 
vn -0.319302 -0.947653 0 
vn -0.108119 -0.994138 0 
vn -0.21497 -0.976621 0 
vn 1.83697e-16 -1 0 
vn -0.108119 -0.994138 0 
vn 0.108119 -0.994138 0 
vn 1.83697e-16 -1 0 
vn 0.21497 -0.976621 0 
vn 0.108119 -0.994138 0 
vn 0.319302 -0.947653 0 
vn 0.21497 -0.976621 0 
vn 0.419889 -0.907575 0 
vn 0.319302 -0.947653 0 
vn 0.515554 -0.856857 0 
vn 0.419889 -0.907575 0 
vn 0.605174 -0.796093 0 
vn 0.515554 -0.856857 0 
vn 0.687699 -0.725995 0 
vn 0.605174 -0.796093 0 
vn 0.762162 -0.647386 0 
vn 0.687699 -0.725995 0 
vn 0.827689 -0.561187 0 
vn 0.762162 -0.647386 0 
vn 0.883512 -0.468408 0 
vn 0.827689 -0.561187 0 
vn 0.928977 -0.370138 0 
vn 0.883512 -0.468408 0 
vn 0.96355 -0.267528 0 
vn 0.928977 -0.370138 0 
vn 0.986827 -0.161782 0 
vn 0.96355 -0.267528 0 
vn 0.998533 -0.0541389 0 
vn 0.986827 -0.161782 0 
vn 0.998533 0.0541389 0 
vn 0.998533 -0.0541389 0 
vn 0.986827 0.161782 0 
vn 0.998533 0.0541389 0 
vn 0.96355 0.267528 0 
vn 0.986827 0.161782 0 
vn 0.928977 0.370138 0 
vn 0.96355 0.267528 0 
vn 0.883512 0.468408 0 
vn 0.928977 0.370138 0 
vn 0.827689 0.561187 0 
vn 0.883512 0.468408 0 
vn 0.762162 0.647386 0 
vn 0.827689 0.561187 0 
vn 0.687699 0.725995 0 
vn 0.762162 0.647386 0 
vn 0.605174 0.796093 0 
vn 0.687699 0.725995 0 
vn 0.515554 0.856857 0 
vn 0.605174 0.796093 0 
vn 0.419889 0.907575 0 
vn 0.515554 0.856857 0 
vn 0.319302 0.947653 0 
vn 0.419889 0.907575 0 
vn 0.21497 0.976621 0 
vn 0.319302 0.947653 0 
vn 0.108119 0.994138 0 
vn 0.21497 0.976621 0 
vn 0 0 1 
vn 0 0 -1 
vn 0.108119 -0.994138 0 
vn 3.06162e-16 -1 0 
vn 0.21497 -0.976621 0 
vn 0.108119 -0.994138 0 
vn 0.319302 -0.947653 0 
vn 0.21497 -0.976621 0 
vn 0.419889 -0.907575 0 
vn 0.319302 -0.947653 0 
vn 0.515554 -0.856857 0 
vn 0.419889 -0.907575 0 
vn 0.605174 -0.796093 0 
vn 0.515554 -0.856857 0 
vn 0.687699 -0.725995 0 
vn 0.605174 -0.796093 0 
vn 0.762162 -0.647386 0 
vn 0.687699 -0.725995 0 
vn 0.827689 -0.561187 0 
vn 0.762162 -0.647386 0 
vn 0.883512 -0.468408 0 
vn 0.827689 -0.561187 0 
vn 0.928977 -0.370138 0 
vn 0.883512 -0.468408 0 
vn 0.96355 -0.267528 0 
vn 0.928977 -0.370138 0 
vn 0.986827 -0.161782 0 
vn 0.96355 -0.267528 0 
vn 0.998533 -0.0541389 0 
vn 0.986827 -0.161782 0 
vn 0.998533 0.0541389 0 
vn 0.998533 -0.0541389 0 
vn 0.986827 0.161782 0 
vn 0.998533 0.0541389 0 
vn 0.96355 0.267528 0 
vn 0.986827 0.161782 0 
vn 0.928977 0.370138 0 
vn 0.96355 0.267528 0 
vn 0.883512 0.468408 0 
vn 0.928977 0.370138 0 
vn 0.827689 0.561187 0 
vn 0.883512 0.468408 0 
vn 0.762162 0.647386 0 
vn 0.827689 0.561187 0 
vn 0.687699 0.725995 0 
vn 0.762162 0.647386 0 
vn 0.605174 0.796093 0 
vn 0.687699 0.725995 0 
vn 0.515554 0.856857 0 
vn 0.605174 0.796093 0 
vn 0.419889 0.907575 0 
vn 0.515554 0.856857 0 
vn 0.319302 0.947653 0 
vn 0.419889 0.907575 0 
vn 0.21497 0.976621 0 
vn 0.319302 0.947653 0 
vn 0.108119 0.994138 0 
vn 0.21497 0.976621 0 
vn -1.83697e-16 1 0 
vn 0.108119 0.994138 0 
vn -0.108119 0.994138 0 
vn -1.83697e-16 1 0 
vn -0.21497 0.976621 0 
vn -0.108119 0.994138 0 
vn -0.319302 0.947653 0 
vn -0.21497 0.976621 0 
vn -0.419889 0.907575 0 
vn -0.319302 0.947653 0 
vn -0.515554 0.856857 0 
vn -0.419889 0.907575 0 
vn -0.605174 0.796093 0 
vn -0.515554 0.856857 0 
vn -0.687699 0.725995 0 
vn -0.605174 0.796093 0 
vn -0.762162 0.647386 0 
vn -0.687699 0.725995 0 
vn -0.827689 0.561187 0 
vn -0.762162 0.647386 0 
vn -0.883512 0.468408 0 
vn -0.827689 0.561187 0 
vn -0.928977 0.370138 0 
vn -0.883512 0.468408 0 
vn -0.96355 0.267528 0 
vn -0.928977 0.370138 0 
vn -0.986827 0.161782 0 
vn -0.96355 0.267528 0 
vn -0.998533 0.0541389 0 
vn -0.986827 0.161782 0 
vn -0.998533 -0.0541389 0 
vn -0.998533 0.0541389 0 
vn -0.986827 -0.161782 0 
vn -0.998533 -0.0541389 0 
vn -0.96355 -0.267528 0 
vn -0.986827 -0.161782 0 
vn -0.928977 -0.370138 0 
vn -0.96355 -0.267528 0 
vn -0.883512 -0.468408 0 
vn -0.928977 -0.370138 0 
vn -0.827689 -0.561187 0 
vn -0.883512 -0.468408 0 
vn -0.762162 -0.647386 0 
vn -0.827689 -0.561187 0 
vn -0.687699 -0.725995 0 
vn -0.762162 -0.647386 0 
vn -0.605174 -0.796093 0 
vn -0.687699 -0.725995 0 
vn -0.515554 -0.856857 0 
vn -0.605174 -0.796093 0 
vn -0.419889 -0.907575 0 
vn -0.515554 -0.856857 0 
vn -0.319302 -0.947653 0 
vn -0.419889 -0.907575 0 
vn -0.21497 -0.976621 0 
vn -0.319302 -0.947653 0 
vn -0.108119 -0.994138 0 
vn -0.21497 -0.976621 0 
vn 0 0 -1 
vn -1.42866e-16 1 0 
vn 1 6.12323e-17 0 
vn 1.42866e-16 -1 0 
vn 0 0 -1 
vn -6.12323e-17 1 0 
vn 6.12323e-17 -1 0 
vn -1 -6.12323e-17 0 
vn 0.108119 -0.994138 0 
vn 3.06162e-16 -1 0 
vn 0.21497 -0.976621 0 
vn 0.108119 -0.994138 0 
vn 0.319302 -0.947653 0 
vn 0.21497 -0.976621 0 
vn 0.419889 -0.907575 0 
vn 0.319302 -0.947653 0 
vn 0.515554 -0.856857 0 
vn 0.419889 -0.907575 0 
vn 0.605174 -0.796093 0 
vn 0.515554 -0.856857 0 
vn 0.687699 -0.725995 0 
vn 0.605174 -0.796093 0 
vn 0.762162 -0.647386 0 
vn 0.687699 -0.725995 0 
vn 0.827689 -0.561187 0 
vn 0.762162 -0.647386 0 
vn 0.883512 -0.468408 0 
vn 0.827689 -0.561187 0 
vn 0.928977 -0.370138 0 
vn 0.883512 -0.468408 0 
vn 0.96355 -0.267528 0 
vn 0.928977 -0.370138 0 
vn 0.986827 -0.161782 0 
vn 0.96355 -0.267528 0 
vn 0.998533 -0.0541389 0 
vn 0.986827 -0.161782 0 
vn 0.998533 0.0541389 0 
vn 0.998533 -0.0541389 0 
vn 0.986827 0.161782 0 
vn 0.998533 0.0541389 0 
vn 0.96355 0.267528 0 
vn 0.986827 0.161782 0 
vn 0.928977 0.370138 0 
vn 0.96355 0.267528 0 
vn 0.883512 0.468408 0 
vn 0.928977 0.370138 0 
vn 0.827689 0.561187 0 
vn 0.883512 0.468408 0 
vn 0.762162 0.647386 0 
vn 0.827689 0.561187 0 
vn 0.687699 0.725995 0 
vn 0.762162 0.647386 0 
vn 0.605174 0.796093 0 
vn 0.687699 0.725995 0 
vn 0.515554 0.856857 0 
vn 0.605174 0.796093 0 
vn 0.419889 0.907575 0 
vn 0.515554 0.856857 0 
vn 0.319302 0.947653 0 
vn 0.419889 0.907575 0 
vn 0.21497 0.976621 0 
vn 0.319302 0.947653 0 
vn 0.108119 0.994138 0 
vn 0.21497 0.976621 0 
vn -1.83697e-16 1 0 
vn 0.108119 0.994138 0 
vn -0.108119 0.994138 0 
vn -1.83697e-16 1 0 
vn -0.21497 0.976621 0 
vn -0.108119 0.994138 0 
vn -0.319302 0.947653 0 
vn -0.21497 0.976621 0 
vn -0.419889 0.907575 0 
vn -0.319302 0.947653 0 
vn -0.515554 0.856857 0 
vn -0.419889 0.907575 0 
vn -0.605174 0.796093 0 
vn -0.515554 0.856857 0 
vn -0.687699 0.725995 0 
vn -0.605174 0.796093 0 
vn -0.762162 0.647386 0 
vn -0.687699 0.725995 0 
vn -0.827689 0.561187 0 
vn -0.762162 0.647386 0 
vn -0.883512 0.468408 0 
vn -0.827689 0.561187 0 
vn -0.928977 0.370138 0 
vn -0.883512 0.468408 0 
vn -0.96355 0.267528 0 
vn -0.928977 0.370138 0 
vn -0.986827 0.161782 0 
vn -0.96355 0.267528 0 
vn -0.998533 0.0541389 0 
vn -0.986827 0.161782 0 
vn -0.998533 -0.0541389 0 
vn -0.998533 0.0541389 0 
vn -0.986827 -0.161782 0 
vn -0.998533 -0.0541389 0 
vn -0.96355 -0.267528 0 
vn -0.986827 -0.161782 0 
vn -0.928977 -0.370138 0 
vn -0.96355 -0.267528 0 
vn -0.883512 -0.468408 0 
vn -0.928977 -0.370138 0 
vn -0.827689 -0.561187 0 
vn -0.883512 -0.468408 0 
vn -0.762162 -0.647386 0 
vn -0.827689 -0.561187 0 
vn -0.687699 -0.725995 0 
vn -0.762162 -0.647386 0 
vn -0.605174 -0.796093 0 
vn -0.687699 -0.725995 0 
vn -0.515554 -0.856857 0 
vn -0.605174 -0.796093 0 
vn -0.419889 -0.907575 0 
vn -0.515554 -0.856857 0 
vn -0.319302 -0.947653 0 
vn -0.419889 -0.907575 0 
vn -0.21497 -0.976621 0 
vn -0.319302 -0.947653 0 
vn -0.108119 -0.994138 0 
vn -0.21497 -0.976621 0 
vn 0 0 -1 
vn -0.108119 -0.994138 0 
vn -1.83697e-16 -1 0 
vn -0.21497 -0.976621 0 
vn -0.108119 -0.994138 0 
vn -0.319302 -0.947653 0 
vn -0.21497 -0.976621 0 
vn -0.419889 -0.907575 0 
vn -0.319302 -0.947653 0 
vn -0.515554 -0.856857 0 
vn -0.419889 -0.907575 0 
vn -0.605174 -0.796093 0 
vn -0.515554 -0.856857 0 
vn -0.687699 -0.725995 0 
vn -0.605174 -0.796093 0 
vn -0.762162 -0.647386 0 
vn -0.687699 -0.725995 0 
vn -0.827689 -0.561187 0 
vn -0.762162 -0.647386 0 
vn -0.883512 -0.468408 0 
vn -0.827689 -0.561187 0 
vn -0.928977 -0.370138 0 
vn -0.883512 -0.468408 0 
vn -0.96355 -0.267528 0 
vn -0.928977 -0.370138 0 
vn -0.986827 -0.161782 0 
vn -0.96355 -0.267528 0 
vn -0.998533 -0.0541389 0 
vn -0.986827 -0.161782 0 
vn -0.998533 0.0541389 0 
vn -0.998533 -0.0541389 0 
vn -0.986827 0.161782 0 
vn -0.998533 0.0541389 0 
vn -0.96355 0.267528 0 
vn -0.986827 0.161782 0 
vn -0.928977 0.370138 0 
vn -0.96355 0.267528 0 
vn -0.883512 0.468408 0 
vn -0.928977 0.370138 0 
vn -0.827689 0.561187 0 
vn -0.883512 0.468408 0 
vn -0.762162 0.647386 0 
vn -0.827689 0.561187 0 
vn -0.687699 0.725995 0 
vn -0.762162 0.647386 0 
vn -0.605174 0.796093 0 
vn -0.687699 0.725995 0 
vn -0.515554 0.856857 0 
vn -0.605174 0.796093 0 
vn -0.419889 0.907575 0 
vn -0.515554 0.856857 0 
vn -0.319302 0.947653 0 
vn -0.419889 0.907575 0 
vn -0.21497 0.976621 0 
vn -0.319302 0.947653 0 
vn -0.108119 0.994138 0 
vn -0.21497 0.976621 0 
vn 6.12323e-17 1 0 
vn -0.108119 0.994138 0 
vn 0.108119 0.994138 0 
vn 6.12323e-17 1 0 
vn 0.21497 0.976621 0 
vn 0.108119 0.994138 0 
vn 0.319302 0.947653 0 
vn 0.21497 0.976621 0 
vn 0.419889 0.907575 0 
vn 0.319302 0.947653 0 
vn 0.515554 0.856857 0 
vn 0.419889 0.907575 0 
vn 0.605174 0.796093 0 
vn 0.515554 0.856857 0 
vn 0.687699 0.725995 0 
vn 0.605174 0.796093 0 
vn 0.762162 0.647386 0 
vn 0.687699 0.725995 0 
vn 0.827689 0.561187 0 
vn 0.762162 0.647386 0 
vn 0.883512 0.468408 0 
vn 0.827689 0.561187 0 
vn 0.928977 0.370138 0 
vn 0.883512 0.468408 0 
vn 0.96355 0.267528 0 
vn 0.928977 0.370138 0 
vn 0.986827 0.161782 0 
vn 0.96355 0.267528 0 
vn 0.998533 0.0541389 0 
vn 0.986827 0.161782 0 
vn 0.998533 -0.0541389 0 
vn 0.998533 0.0541389 0 
vn 0.986827 -0.161782 0 
vn 0.998533 -0.0541389 0 
vn 0.96355 -0.267528 0 
vn 0.986827 -0.161782 0 
vn 0.928977 -0.370138 0 
vn 0.96355 -0.267528 0 
vn 0.883512 -0.468408 0 
vn 0.928977 -0.370138 0 
vn 0.827689 -0.561187 0 
vn 0.883512 -0.468408 0 
vn 0.762162 -0.647386 0 
vn 0.827689 -0.561187 0 
vn 0.687699 -0.725995 0 
vn 0.762162 -0.647386 0 
vn 0.605174 -0.796093 0 
vn 0.687699 -0.725995 0 
vn 0.515554 -0.856857 0 
vn 0.605174 -0.796093 0 
vn 0.419889 -0.907575 0 
vn 0.515554 -0.856857 0 
vn 0.319302 -0.947653 0 
vn 0.419889 -0.907575 0 
vn 0.21497 -0.976621 0 
vn 0.319302 -0.947653 0 
vn 0.108119 -0.994138 0 
vn 0.21497 -0.976621 0 
vn -1 -6.12323e-17 0 
vn 6.12323e-17 -1 0 
vn 0 0 -1 
vn 1 6.12323e-17 0 
vn -6.12323e-17 1 0 
vn 6.12323e-17 -1 0 
vn -1 2.04017e-17 0 
vn 1 -2.04017e-17 0 
vn -6.12323e-17 1 0 
vn 0 0 -1 
vn 1 6.12323e-17 0 
vn 1.42866e-16 -1 0 
vn -1.42866e-16 1 0 
vn 0 0 1 
vn -1 2.04017e-17 0 
vn 1 -2.04017e-17 0 
vn -6.12323e-17 1 0 
vn 6.12323e-17 -1 0 
vn 1 6.12323e-17 0 
vn -6.12323e-17 1 0 
vn -1 -6.12323e-17 0 
vn 0 -1 0 
vn 0 0 1 
vn 1 6.12323e-17 0 
vn -1 -6.12323e-17 0 
vn -2.50475e-16 1 0 
vn 1 6.12323e-17 0 
vn 0 0 1 
vn 1.87394e-16 -1 0 
vn -1 -6.12323e-17 0 
vn 1 6.12323e-17 0 
vn 6.12323e-17 -1 0 
vn 0 0 1 
vn 0 0 -1 
vn 2.65317e-16 -1 0 
vn -1 -6.12323e-17 0 
vn -2.65317e-16 1 0 
vn 0 0 -1 
vn 0.108119 -0.994138 0 
vn 3.06162e-16 -1 0 
vn 0.21497 -0.976621 0 
vn 0.108119 -0.994138 0 
vn 0.319302 -0.947653 0 
vn 0.21497 -0.976621 0 
vn 0.419889 -0.907575 0 
vn 0.319302 -0.947653 0 
vn 0.515554 -0.856857 0 
vn 0.419889 -0.907575 0 
vn 0.605174 -0.796093 0 
vn 0.515554 -0.856857 0 
vn 0.687699 -0.725995 0 
vn 0.605174 -0.796093 0 
vn 0.762162 -0.647386 0 
vn 0.687699 -0.725995 0 
vn 0.827689 -0.561187 0 
vn 0.762162 -0.647386 0 
vn 0.883512 -0.468408 0 
vn 0.827689 -0.561187 0 
vn 0.928977 -0.370138 0 
vn 0.883512 -0.468408 0 
vn 0.96355 -0.267528 0 
vn 0.928977 -0.370138 0 
vn 0.986827 -0.161782 0 
vn 0.96355 -0.267528 0 
vn 0.998533 -0.0541389 0 
vn 0.986827 -0.161782 0 
vn 0.998533 0.0541389 0 
vn 0.998533 -0.0541389 0 
vn 0.986827 0.161782 0 
vn 0.998533 0.0541389 0 
vn 0.96355 0.267528 0 
vn 0.986827 0.161782 0 
vn 0.928977 0.370138 0 
vn 0.96355 0.267528 0 
vn 0.883512 0.468408 0 
vn 0.928977 0.370138 0 
vn 0.827689 0.561187 0 
vn 0.883512 0.468408 0 
vn 0.762162 0.647386 0 
vn 0.827689 0.561187 0 
vn 0.687699 0.725995 0 
vn 0.762162 0.647386 0 
vn 0.605174 0.796093 0 
vn 0.687699 0.725995 0 
vn 0.515554 0.856857 0 
vn 0.605174 0.796093 0 
vn 0.419889 0.907575 0 
vn 0.515554 0.856857 0 
vn 0.319302 0.947653 0 
vn 0.419889 0.907575 0 
vn 0.21497 0.976621 0 
vn 0.319302 0.947653 0 
vn 0.108119 0.994138 0 
vn 0.21497 0.976621 0 
vn -1.83697e-16 1 0 
vn 0.108119 0.994138 0 
vn -0.108119 0.994138 0 
vn -1.83697e-16 1 0 
vn -0.21497 0.976621 0 
vn -0.108119 0.994138 0 
vn -0.319302 0.947653 0 
vn -0.21497 0.976621 0 
vn -0.419889 0.907575 0 
vn -0.319302 0.947653 0 
vn -0.515554 0.856857 0 
vn -0.419889 0.907575 0 
vn -0.605174 0.796093 0 
vn -0.515554 0.856857 0 
vn -0.687699 0.725995 0 
vn -0.605174 0.796093 0 
vn -0.762162 0.647386 0 
vn -0.687699 0.725995 0 
vn -0.827689 0.561187 0 
vn -0.762162 0.647386 0 
vn -0.883512 0.468408 0 
vn -0.827689 0.561187 0 
vn -0.928977 0.370138 0 
vn -0.883512 0.468408 0 
vn -0.96355 0.267528 0 
vn -0.928977 0.370138 0 
vn -0.986827 0.161782 0 
vn -0.96355 0.267528 0 
vn -0.998533 0.0541389 0 
vn -0.986827 0.161782 0 
vn -0.998533 -0.0541389 0 
vn -0.998533 0.0541389 0 
vn -0.986827 -0.161782 0 
vn -0.998533 -0.0541389 0 
vn -0.96355 -0.267528 0 
vn -0.986827 -0.161782 0 
vn -0.928977 -0.370138 0 
vn -0.96355 -0.267528 0 
vn -0.883512 -0.468408 0 
vn -0.928977 -0.370138 0 
vn -0.827689 -0.561187 0 
vn -0.883512 -0.468408 0 
vn -0.762162 -0.647386 0 
vn -0.827689 -0.561187 0 
vn -0.687699 -0.725995 0 
vn -0.762162 -0.647386 0 
vn -0.605174 -0.796093 0 
vn -0.687699 -0.725995 0 
vn -0.515554 -0.856857 0 
vn -0.605174 -0.796093 0 
vn -0.419889 -0.907575 0 
vn -0.515554 -0.856857 0 
vn -0.319302 -0.947653 0 
vn -0.419889 -0.907575 0 
vn -0.21497 -0.976621 0 
vn -0.319302 -0.947653 0 
vn -0.108119 -0.994138 0 
vn -0.21497 -0.976621 0 
vn 0 0 -1 
vn -0.108119 -0.994138 0 
vn -1.83697e-16 -1 0 
vn -0.21497 -0.976621 0 
vn -0.108119 -0.994138 0 
vn -0.319302 -0.947653 0 
vn -0.21497 -0.976621 0 
vn -0.419889 -0.907575 0 
vn -0.319302 -0.947653 0 
vn -0.515554 -0.856857 0 
vn -0.419889 -0.907575 0 
vn -0.605174 -0.796093 0 
vn -0.515554 -0.856857 0 
vn -0.687699 -0.725995 0 
vn -0.605174 -0.796093 0 
vn -0.762162 -0.647386 0 
vn -0.687699 -0.725995 0 
vn -0.827689 -0.561187 0 
vn -0.762162 -0.647386 0 
vn -0.883512 -0.468408 0 
vn -0.827689 -0.561187 0 
vn -0.928977 -0.370138 0 
vn -0.883512 -0.468408 0 
vn -0.96355 -0.267528 0 
vn -0.928977 -0.370138 0 
vn -0.986827 -0.161782 0 
vn -0.96355 -0.267528 0 
vn -0.998533 -0.0541389 0 
vn -0.986827 -0.161782 0 
vn -0.998533 0.0541389 0 
vn -0.998533 -0.0541389 0 
vn -0.986827 0.161782 0 
vn -0.998533 0.0541389 0 
vn -0.96355 0.267528 0 
vn -0.986827 0.161782 0 
vn -0.928977 0.370138 0 
vn -0.96355 0.267528 0 
vn -0.883512 0.468408 0 
vn -0.928977 0.370138 0 
vn -0.827689 0.561187 0 
vn -0.883512 0.468408 0 
vn -0.762162 0.647386 0 
vn -0.827689 0.561187 0 
vn -0.687699 0.725995 0 
vn -0.762162 0.647386 0 
vn -0.605174 0.796093 0 
vn -0.687699 0.725995 0 
vn -0.515554 0.856857 0 
vn -0.605174 0.796093 0 
vn -0.419889 0.907575 0 
vn -0.515554 0.856857 0 
vn -0.319302 0.947653 0 
vn -0.419889 0.907575 0 
vn -0.21497 0.976621 0 
vn -0.319302 0.947653 0 
vn -0.108119 0.994138 0 
vn -0.21497 0.976621 0 
vn 6.12323e-17 1 0 
vn -0.108119 0.994138 0 
vn 0.108119 0.994138 0 
vn 6.12323e-17 1 0 
vn 0.21497 0.976621 0 
vn 0.108119 0.994138 0 
vn 0.319302 0.947653 0 
vn 0.21497 0.976621 0 
vn 0.419889 0.907575 0 
vn 0.319302 0.947653 0 
vn 0.515554 0.856857 0 
vn 0.419889 0.907575 0 
vn 0.605174 0.796093 0 
vn 0.515554 0.856857 0 
vn 0.687699 0.725995 0 
vn 0.605174 0.796093 0 
vn 0.762162 0.647386 0 
vn 0.687699 0.725995 0 
vn 0.827689 0.561187 0 
vn 0.762162 0.647386 0 
vn 0.883512 0.468408 0 
vn 0.827689 0.561187 0 
vn 0.928977 0.370138 0 
vn 0.883512 0.468408 0 
vn 0.96355 0.267528 0 
vn 0.928977 0.370138 0 
vn 0.986827 0.161782 0 
vn 0.96355 0.267528 0 
vn 0.998533 0.0541389 0 
vn 0.986827 0.161782 0 
vn 0.998533 -0.0541389 0 
vn 0.998533 0.0541389 0 
vn 0.986827 -0.161782 0 
vn 0.998533 -0.0541389 0 
vn 0.96355 -0.267528 0 
vn 0.986827 -0.161782 0 
vn 0.928977 -0.370138 0 
vn 0.96355 -0.267528 0 
vn 0.883512 -0.468408 0 
vn 0.928977 -0.370138 0 
vn 0.827689 -0.561187 0 
vn 0.883512 -0.468408 0 
vn 0.762162 -0.647386 0 
vn 0.827689 -0.561187 0 
vn 0.687699 -0.725995 0 
vn 0.762162 -0.647386 0 
vn 0.605174 -0.796093 0 
vn 0.687699 -0.725995 0 
vn 0.515554 -0.856857 0 
vn 0.605174 -0.796093 0 
vn 0.419889 -0.907575 0 
vn 0.515554 -0.856857 0 
vn 0.319302 -0.947653 0 
vn 0.419889 -0.907575 0 
vn 0.21497 -0.976621 0 
vn 0.319302 -0.947653 0 
vn 0.108119 -0.994138 0 
vn 0.21497 -0.976621 0 
vn 3.06162e-16 -1 0 
vn 0.108119 -0.994138 0 
vn 0.319302 -0.947653 0 
vn 0.21497 -0.976621 0 
vn 0.419889 -0.907575 0 
vn 0.319302 -0.947653 0 
vn 0.515554 -0.856857 0 
vn 0.419889 -0.907575 0 
vn 0.605174 -0.796093 0 
vn 0.515554 -0.856857 0 
vn 0.687699 -0.725995 0 
vn 0.605174 -0.796093 0 
vn 0.762162 -0.647386 0 
vn 0.687699 -0.725995 0 
vn 0.827689 -0.561187 0 
vn 0.762162 -0.647386 0 
vn 0.883512 -0.468408 0 
vn 0.827689 -0.561187 0 
vn 0.928977 -0.370138 0 
vn 0.883512 -0.468408 0 
vn 0.96355 -0.267528 0 
vn 0.928977 -0.370138 0 
vn 0.986827 -0.161782 0 
vn 0.96355 -0.267528 0 
vn 0.998533 -0.0541389 0 
vn 0.986827 -0.161782 0 
vn 0.998533 0.0541389 0 
vn 0.998533 -0.0541389 0 
vn 0.986827 0.161782 0 
vn 0.998533 0.0541389 0 
vn 0.96355 0.267528 0 
vn 0.986827 0.161782 0 
vn 0.928977 0.370138 0 
vn 0.96355 0.267528 0 
vn 0.883512 0.468408 0 
vn 0.928977 0.370138 0 
vn 0.827689 0.561187 0 
vn 0.883512 0.468408 0 
vn 0.762162 0.647386 0 
vn 0.827689 0.561187 0 
vn 0.687699 0.725995 0 
vn 0.762162 0.647386 0 
vn 0.605174 0.796093 0 
vn 0.687699 0.725995 0 
vn 0.515554 0.856857 0 
vn 0.605174 0.796093 0 
vn 0.419889 0.907575 0 
vn 0.515554 0.856857 0 
vn 0.319302 0.947653 0 
vn 0.419889 0.907575 0 
vn 0.21497 0.976621 0 
vn 0.319302 0.947653 0 
vn 0.108119 0.994138 0 
vn 0.21497 0.976621 0 
vn -1.83697e-16 1 0 
vn 0.108119 0.994138 0 
vn -0.108119 0.994138 0 
vn -1.83697e-16 1 0 
vn -0.21497 0.976621 0 
vn -0.108119 0.994138 0 
vn -0.319302 0.947653 0 
vn -0.21497 0.976621 0 
vn -0.419889 0.907575 0 
vn -0.319302 0.947653 0 
vn -0.515554 0.856857 0 
vn -0.419889 0.907575 0 
vn -0.605174 0.796093 0 
vn -0.515554 0.856857 0 
vn -0.687699 0.725995 0 
vn -0.605174 0.796093 0 
vn -0.762162 0.647386 0 
vn -0.687699 0.725995 0 
vn -0.827689 0.561187 0 
vn -0.762162 0.647386 0 
vn -0.883512 0.468408 0 
vn -0.827689 0.561187 0 
vn -0.928977 0.370138 0 
vn -0.883512 0.468408 0 
vn -0.96355 0.267528 0 
vn -0.928977 0.370138 0 
vn -0.986827 0.161782 0 
vn -0.96355 0.267528 0 
vn -0.998533 0.0541389 0 
vn -0.986827 0.161782 0 
vn -0.998533 -0.0541389 0 
vn -0.998533 0.0541389 0 
vn -0.986827 -0.161782 0 
vn -0.998533 -0.0541389 0 
vn -0.96355 -0.267528 0 
vn -0.986827 -0.161782 0 
vn -0.928977 -0.370138 0 
vn -0.96355 -0.267528 0 
vn -0.883512 -0.468408 0 
vn -0.928977 -0.370138 0 
vn -0.827689 -0.561187 0 
vn -0.883512 -0.468408 0 
vn -0.762162 -0.647386 0 
vn -0.827689 -0.561187 0 
vn -0.687699 -0.725995 0 
vn -0.762162 -0.647386 0 
vn -0.605174 -0.796093 0 
vn -0.687699 -0.725995 0 
vn -0.515554 -0.856857 0 
vn -0.605174 -0.796093 0 
vn -0.419889 -0.907575 0 
vn -0.515554 -0.856857 0 
vn -0.319302 -0.947653 0 
vn -0.419889 -0.907575 0 
vn -0.21497 -0.976621 0 
vn -0.319302 -0.947653 0 
vn -0.108119 -0.994138 0 
vn -0.21497 -0.976621 0 
vn 0 0 -1 
vn -0.108119 -0.994138 0 
vn -1.83697e-16 -1 0 
vn -0.21497 -0.976621 0 
vn -0.108119 -0.994138 0 
vn -0.319302 -0.947653 0 
vn -0.21497 -0.976621 0 
vn -0.419889 -0.907575 0 
vn -0.319302 -0.947653 0 
vn -0.515554 -0.856857 0 
vn -0.419889 -0.907575 0 
vn -0.605174 -0.796093 0 
vn -0.515554 -0.856857 0 
vn -0.687699 -0.725995 0 
vn -0.605174 -0.796093 0 
vn -0.762162 -0.647386 0 
vn -0.687699 -0.725995 0 
vn -0.827689 -0.561187 0 
vn -0.762162 -0.647386 0 
vn -0.883512 -0.468408 0 
vn -0.827689 -0.561187 0 
vn -0.928977 -0.370138 0 
vn -0.883512 -0.468408 0 
vn -0.96355 -0.267528 0 
vn -0.928977 -0.370138 0 
vn -0.986827 -0.161782 0 
vn -0.96355 -0.267528 0 
vn -0.998533 -0.0541389 0 
vn -0.986827 -0.161782 0 
vn -0.998533 0.0541389 0 
vn -0.998533 -0.0541389 0 
vn -0.986827 0.161782 0 
vn -0.998533 0.0541389 0 
vn -0.96355 0.267528 0 
vn -0.986827 0.161782 0 
vn -0.928977 0.370138 0 
vn -0.96355 0.267528 0 
vn -0.883512 0.468408 0 
vn -0.928977 0.370138 0 
vn -0.827689 0.561187 0 
vn -0.883512 0.468408 0 
vn -0.762162 0.647386 0 
vn -0.827689 0.561187 0 
vn -0.687699 0.725995 0 
vn -0.762162 0.647386 0 
vn -0.605174 0.796093 0 
vn -0.687699 0.725995 0 
vn -0.515554 0.856857 0 
vn -0.605174 0.796093 0 
vn -0.419889 0.907575 0 
vn -0.515554 0.856857 0 
vn -0.319302 0.947653 0 
vn -0.419889 0.907575 0 
vn -0.21497 0.976621 0 
vn -0.319302 0.947653 0 
vn -0.108119 0.994138 0 
vn -0.21497 0.976621 0 
vn 6.12323e-17 1 0 
vn -0.108119 0.994138 0 
vn 0.108119 0.994138 0 
vn 6.12323e-17 1 0 
vn 0.21497 0.976621 0 
vn 0.108119 0.994138 0 
vn 0.319302 0.947653 0 
vn 0.21497 0.976621 0 
vn 0.419889 0.907575 0 
vn 0.319302 0.947653 0 
vn 0.515554 0.856857 0 
vn 0.419889 0.907575 0 
vn 0.605174 0.796093 0 
vn 0.515554 0.856857 0 
vn 0.687699 0.725995 0 
vn 0.605174 0.796093 0 
vn 0.762162 0.647386 0 
vn 0.687699 0.725995 0 
vn 0.827689 0.561187 0 
vn 0.762162 0.647386 0 
vn 0.883512 0.468408 0 
vn 0.827689 0.561187 0 
vn 0.928977 0.370138 0 
vn 0.883512 0.468408 0 
vn 0.96355 0.267528 0 
vn 0.928977 0.370138 0 
vn 0.986827 0.161782 0 
vn 0.96355 0.267528 0 
vn 0.998533 0.0541389 0 
vn 0.986827 0.161782 0 
vn 0.998533 -0.0541389 0 
vn 0.998533 0.0541389 0 
vn 0.986827 -0.161782 0 
vn 0.998533 -0.0541389 0 
vn 0.96355 -0.267528 0 
vn 0.986827 -0.161782 0 
vn 0.928977 -0.370138 0 
vn 0.96355 -0.267528 0 
vn 0.883512 -0.468408 0 
vn 0.928977 -0.370138 0 
vn 0.827689 -0.561187 0 
vn 0.883512 -0.468408 0 
vn 0.762162 -0.647386 0 
vn 0.827689 -0.561187 0 
vn 0.687699 -0.725995 0 
vn 0.762162 -0.647386 0 
vn 0.605174 -0.796093 0 
vn 0.687699 -0.725995 0 
vn 0.515554 -0.856857 0 
vn 0.605174 -0.796093 0 
vn 0.419889 -0.907575 0 
vn 0.515554 -0.856857 0 
vn 0.319302 -0.947653 0 
vn 0.419889 -0.907575 0 
vn 0.21497 -0.976621 0 
vn 0.319302 -0.947653 0 
vn 0.108119 -0.994138 0 
vn 0.21497 -0.976621 0 
vn -1 -6.12323e-17 0 
vn -2.65317e-16 1 0 
vn 2.65317e-16 -1 0 
vn 0 0 1 
vn 6.82503e-16 0.514496 0.857493 
vn 0.514496 -2.06498e-16 0.857493 
vn 1.32655e-15 1 0 
vn -0.514496 -3.15038e-17 0.857493 
vn -1 -6.12323e-17 0 
vn -3.15038e-17 0.514496 0.857493 
vn -6.12323e-17 1 0 
vn -0.514496 -3.15038e-17 0.857493 
vn -1 -6.12323e-17 0 
vn 3.15038e-17 -0.514496 0.857493 
vn 1 -4.01361e-16 0 
vn 6.12323e-17 -1 0 
vn -1 -6.12323e-17 0 
vn -0.514496 -3.15038e-17 0.857493 
vn 0 0 1 
vn -0.108119 0.994138 0 
vn -3.06162e-16 1 0 
vn -0.21497 0.976621 0 
vn -0.108119 0.994138 0 
vn -0.319302 0.947653 0 
vn -0.21497 0.976621 0 
vn -0.419889 0.907575 0 
vn -0.319302 0.947653 0 
vn -0.515554 0.856857 0 
vn -0.419889 0.907575 0 
vn -0.605174 0.796093 0 
vn -0.515554 0.856857 0 
vn -0.687699 0.725995 0 
vn -0.605174 0.796093 0 
vn -0.762162 0.647386 0 
vn -0.687699 0.725995 0 
vn -0.827689 0.561187 0 
vn -0.762162 0.647386 0 
vn -0.883512 0.468408 0 
vn -0.827689 0.561187 0 
vn -0.928977 0.370138 0 
vn -0.883512 0.468408 0 
vn -0.96355 0.267528 0 
vn -0.928977 0.370138 0 
vn -0.986827 0.161782 0 
vn -0.96355 0.267528 0 
vn -0.998533 0.0541389 0 
vn -0.986827 0.161782 0 
vn -0.998533 -0.0541389 0 
vn -0.998533 0.0541389 0 
vn -0.986827 -0.161782 0 
vn -0.998533 -0.0541389 0 
vn -0.96355 -0.267528 0 
vn -0.986827 -0.161782 0 
vn -0.928977 -0.370138 0 
vn -0.96355 -0.267528 0 
vn -0.883512 -0.468408 0 
vn -0.928977 -0.370138 0 
vn -0.827689 -0.561187 0 
vn -0.883512 -0.468408 0 
vn -0.762162 -0.647386 0 
vn -0.827689 -0.561187 0 
vn -0.687699 -0.725995 0 
vn -0.762162 -0.647386 0 
vn -0.605174 -0.796093 0 
vn -0.687699 -0.725995 0 
vn -0.515554 -0.856857 0 
vn -0.605174 -0.796093 0 
vn -0.419889 -0.907575 0 
vn -0.515554 -0.856857 0 
vn -0.319302 -0.947653 0 
vn -0.419889 -0.907575 0 
vn -0.21497 -0.976621 0 
vn -0.319302 -0.947653 0 
vn -0.108119 -0.994138 0 
vn -0.21497 -0.976621 0 
vn 1.83697e-16 -1 0 
vn -0.108119 -0.994138 0 
vn 0.108119 -0.994138 0 
vn 1.83697e-16 -1 0 
vn 0.21497 -0.976621 0 
vn 0.108119 -0.994138 0 
vn 0.319302 -0.947653 0 
vn 0.21497 -0.976621 0 
vn 0.419889 -0.907575 0 
vn 0.319302 -0.947653 0 
vn 0.515554 -0.856857 0 
vn 0.419889 -0.907575 0 
vn 0.605174 -0.796093 0 
vn 0.515554 -0.856857 0 
vn 0.687699 -0.725995 0 
vn 0.605174 -0.796093 0 
vn 0.762162 -0.647386 0 
vn 0.687699 -0.725995 0 
vn 0.827689 -0.561187 0 
vn 0.762162 -0.647386 0 
vn 0.883512 -0.468408 0 
vn 0.827689 -0.561187 0 
vn 0.928977 -0.370138 0 
vn 0.883512 -0.468408 0 
vn 0.96355 -0.267528 0 
vn 0.928977 -0.370138 0 
vn 0.986827 -0.161782 0 
vn 0.96355 -0.267528 0 
vn 0.998533 -0.0541389 0 
vn 0.986827 -0.161782 0 
vn 0.998533 0.0541389 0 
vn 0.998533 -0.0541389 0 
vn 0.986827 0.161782 0 
vn 0.998533 0.0541389 0 
vn 0.96355 0.267528 0 
vn 0.986827 0.161782 0 
vn 0.928977 0.370138 0 
vn 0.96355 0.267528 0 
vn 0.883512 0.468408 0 
vn 0.928977 0.370138 0 
vn 0.827689 0.561187 0 
vn 0.883512 0.468408 0 
vn 0.762162 0.647386 0 
vn 0.827689 0.561187 0 
vn 0.687699 0.725995 0 
vn 0.762162 0.647386 0 
vn 0.605174 0.796093 0 
vn 0.687699 0.725995 0 
vn 0.515554 0.856857 0 
vn 0.605174 0.796093 0 
vn 0.419889 0.907575 0 
vn 0.515554 0.856857 0 
vn 0.319302 0.947653 0 
vn 0.419889 0.907575 0 
vn 0.21497 0.976621 0 
vn 0.319302 0.947653 0 
vn 0.108119 0.994138 0 
vn 0.21497 0.976621 0 
vn 0 0 1 
vn -0.108119 0.994138 0 
vn -3.06162e-16 1 0 
vn -0.21497 0.976621 0 
vn -0.108119 0.994138 0 
vn -0.319302 0.947653 0 
vn -0.21497 0.976621 0 
vn -0.419889 0.907575 0 
vn -0.319302 0.947653 0 
vn -0.515554 0.856857 0 
vn -0.419889 0.907575 0 
vn -0.605174 0.796093 0 
vn -0.515554 0.856857 0 
vn -0.687699 0.725995 0 
vn -0.605174 0.796093 0 
vn -0.762162 0.647386 0 
vn -0.687699 0.725995 0 
vn -0.827689 0.561187 0 
vn -0.762162 0.647386 0 
vn -0.883512 0.468408 0 
vn -0.827689 0.561187 0 
vn -0.928977 0.370138 0 
vn -0.883512 0.468408 0 
vn -0.96355 0.267528 0 
vn -0.928977 0.370138 0 
vn -0.986827 0.161782 0 
vn -0.96355 0.267528 0 
vn -0.998533 0.0541389 0 
vn -0.986827 0.161782 0 
vn -0.998533 -0.0541389 0 
vn -0.998533 0.0541389 0 
vn -0.986827 -0.161782 0 
vn -0.998533 -0.0541389 0 
vn -0.96355 -0.267528 0 
vn -0.986827 -0.161782 0 
vn -0.928977 -0.370138 0 
vn -0.96355 -0.267528 0 
vn -0.883512 -0.468408 0 
vn -0.928977 -0.370138 0 
vn -0.827689 -0.561187 0 
vn -0.883512 -0.468408 0 
vn -0.762162 -0.647386 0 
vn -0.827689 -0.561187 0 
vn -0.687699 -0.725995 0 
vn -0.762162 -0.647386 0 
vn -0.605174 -0.796093 0 
vn -0.687699 -0.725995 0 
vn -0.515554 -0.856857 0 
vn -0.605174 -0.796093 0 
vn -0.419889 -0.907575 0 
vn -0.515554 -0.856857 0 
vn -0.319302 -0.947653 0 
vn -0.419889 -0.907575 0 
vn -0.21497 -0.976621 0 
vn -0.319302 -0.947653 0 
vn -0.108119 -0.994138 0 
vn -0.21497 -0.976621 0 
vn 1.83697e-16 -1 0 
vn -0.108119 -0.994138 0 
vn 0.108119 -0.994138 0 
vn 1.83697e-16 -1 0 
vn 0.21497 -0.976621 0 
vn 0.108119 -0.994138 0 
vn 0.319302 -0.947653 0 
vn 0.21497 -0.976621 0 
vn 0.419889 -0.907575 0 
vn 0.319302 -0.947653 0 
vn 0.515554 -0.856857 0 
vn 0.419889 -0.907575 0 
vn 0.605174 -0.796093 0 
vn 0.515554 -0.856857 0 
vn 0.687699 -0.725995 0 
vn 0.605174 -0.796093 0 
vn 0.762162 -0.647386 0 
vn 0.687699 -0.725995 0 
vn 0.827689 -0.561187 0 
vn 0.762162 -0.647386 0 
vn 0.883512 -0.468408 0 
vn 0.827689 -0.561187 0 
vn 0.928977 -0.370138 0 
vn 0.883512 -0.468408 0 
vn 0.96355 -0.267528 0 
vn 0.928977 -0.370138 0 
vn 0.986827 -0.161782 0 
vn 0.96355 -0.267528 0 
vn 0.998533 -0.0541389 0 
vn 0.986827 -0.161782 0 
vn 0.998533 0.0541389 0 
vn 0.998533 -0.0541389 0 
vn 0.986827 0.161782 0 
vn 0.998533 0.0541389 0 
vn 0.96355 0.267528 0 
vn 0.986827 0.161782 0 
vn 0.928977 0.370138 0 
vn 0.96355 0.267528 0 
vn 0.883512 0.468408 0 
vn 0.928977 0.370138 0 
vn 0.827689 0.561187 0 
vn 0.883512 0.468408 0 
vn 0.762162 0.647386 0 
vn 0.827689 0.561187 0 
vn 0.687699 0.725995 0 
vn 0.762162 0.647386 0 
vn 0.605174 0.796093 0 
vn 0.687699 0.725995 0 
vn 0.515554 0.856857 0 
vn 0.605174 0.796093 0 
vn 0.419889 0.907575 0 
vn 0.515554 0.856857 0 
vn 0.319302 0.947653 0 
vn 0.419889 0.907575 0 
vn 0.21497 0.976621 0 
vn 0.319302 0.947653 0 
vn 0.108119 0.994138 0 
vn 0.21497 0.976621 0 
vn 0 0 1 
vn 6.12323e-17 -1 0 
vn -1 -6.12323e-17 0 
vn 1.1224e-16 1 0 
vn -0.514496 -3.15038e-17 0.857493 
vn 1 7.55122e-16 0 
vn 5.7747e-17 0.514496 0.857493 
vn -6.12323e-17 1 0 
vn 0.514496 3.88507e-16 0.857493 
vn 1 6.12323e-17 0 
vn -3.15038e-17 0.514496 0.857493 
vn 6.12323e-17 -1 0 
vn 0.514496 3.15038e-17 0.857493 
vn 1 7.55122e-16 0 
vn 3.15038e-17 -0.514496 0.857493 
vn 0.514496 3.88507e-16 0.857493 
vn -0.108119 0.994138 0 
vn -3.06162e-16 1 0 
vn -0.21497 0.976621 0 
vn -0.108119 0.994138 0 
vn -0.319302 0.947653 0 
vn -0.21497 0.976621 0 
vn -0.419889 0.907575 0 
vn -0.319302 0.947653 0 
vn -0.515554 0.856857 0 
vn -0.419889 0.907575 0 
vn -0.605174 0.796093 0 
vn -0.515554 0.856857 0 
vn -0.687699 0.725995 0 
vn -0.605174 0.796093 0 
vn -0.762162 0.647386 0 
vn -0.687699 0.725995 0 
vn -0.827689 0.561187 0 
vn -0.762162 0.647386 0 
vn -0.883512 0.468408 0 
vn -0.827689 0.561187 0 
vn -0.928977 0.370138 0 
vn -0.883512 0.468408 0 
vn -0.96355 0.267528 0 
vn -0.928977 0.370138 0 
vn -0.986827 0.161782 0 
vn -0.96355 0.267528 0 
vn -0.998533 0.0541389 0 
vn -0.986827 0.161782 0 
vn -0.998533 -0.0541389 0 
vn -0.998533 0.0541389 0 
vn -0.986827 -0.161782 0 
vn -0.998533 -0.0541389 0 
vn -0.96355 -0.267528 0 
vn -0.986827 -0.161782 0 
vn -0.928977 -0.370138 0 
vn -0.96355 -0.267528 0 
vn -0.883512 -0.468408 0 
vn -0.928977 -0.370138 0 
vn -0.827689 -0.561187 0 
vn -0.883512 -0.468408 0 
vn -0.762162 -0.647386 0 
vn -0.827689 -0.561187 0 
vn -0.687699 -0.725995 0 
vn -0.762162 -0.647386 0 
vn -0.605174 -0.796093 0 
vn -0.687699 -0.725995 0 
vn -0.515554 -0.856857 0 
vn -0.605174 -0.796093 0 
vn -0.419889 -0.907575 0 
vn -0.515554 -0.856857 0 
vn -0.319302 -0.947653 0 
vn -0.419889 -0.907575 0 
vn -0.21497 -0.976621 0 
vn -0.319302 -0.947653 0 
vn -0.108119 -0.994138 0 
vn -0.21497 -0.976621 0 
vn 1.83697e-16 -1 0 
vn -0.108119 -0.994138 0 
vn 0.108119 -0.994138 0 
vn 1.83697e-16 -1 0 
vn 0.21497 -0.976621 0 
vn 0.108119 -0.994138 0 
vn 0.319302 -0.947653 0 
vn 0.21497 -0.976621 0 
vn 0.419889 -0.907575 0 
vn 0.319302 -0.947653 0 
vn 0.515554 -0.856857 0 
vn 0.419889 -0.907575 0 
vn 0.605174 -0.796093 0 
vn 0.515554 -0.856857 0 
vn 0.687699 -0.725995 0 
vn 0.605174 -0.796093 0 
vn 0.762162 -0.647386 0 
vn 0.687699 -0.725995 0 
vn 0.827689 -0.561187 0 
vn 0.762162 -0.647386 0 
vn 0.883512 -0.468408 0 
vn 0.827689 -0.561187 0 
vn 0.928977 -0.370138 0 
vn 0.883512 -0.468408 0 
vn 0.96355 -0.267528 0 
vn 0.928977 -0.370138 0 
vn 0.986827 -0.161782 0 
vn 0.96355 -0.267528 0 
vn 0.998533 -0.0541389 0 
vn 0.986827 -0.161782 0 
vn 0.998533 0.0541389 0 
vn 0.998533 -0.0541389 0 
vn 0.986827 0.161782 0 
vn 0.998533 0.0541389 0 
vn 0.96355 0.267528 0 
vn 0.986827 0.161782 0 
vn 0.928977 0.370138 0 
vn 0.96355 0.267528 0 
vn 0.883512 0.468408 0 
vn 0.928977 0.370138 0 
vn 0.827689 0.561187 0 
vn 0.883512 0.468408 0 
vn 0.762162 0.647386 0 
vn 0.827689 0.561187 0 
vn 0.687699 0.725995 0 
vn 0.762162 0.647386 0 
vn 0.605174 0.796093 0 
vn 0.687699 0.725995 0 
vn 0.515554 0.856857 0 
vn 0.605174 0.796093 0 
vn 0.419889 0.907575 0 
vn 0.515554 0.856857 0 
vn 0.319302 0.947653 0 
vn 0.419889 0.907575 0 
vn 0.21497 0.976621 0 
vn 0.319302 0.947653 0 
vn 0.108119 0.994138 0 
vn 0.21497 0.976621 0 
vn 0 0 1 
vn -0.108119 0.994138 0 
vn -3.06162e-16 1 0 
vn -0.21497 0.976621 0 
vn -0.108119 0.994138 0 
vn -0.319302 0.947653 0 
vn -0.21497 0.976621 0 
vn -0.419889 0.907575 0 
vn -0.319302 0.947653 0 
vn -0.515554 0.856857 0 
vn -0.419889 0.907575 0 
vn -0.605174 0.796093 0 
vn -0.515554 0.856857 0 
vn -0.687699 0.725995 0 
vn -0.605174 0.796093 0 
vn -0.762162 0.647386 0 
vn -0.687699 0.725995 0 
vn -0.827689 0.561187 0 
vn -0.762162 0.647386 0 
vn -0.883512 0.468408 0 
vn -0.827689 0.561187 0 
vn -0.928977 0.370138 0 
vn -0.883512 0.468408 0 
vn -0.96355 0.267528 0 
vn -0.928977 0.370138 0 
vn -0.986827 0.161782 0 
vn -0.96355 0.267528 0 
vn -0.998533 0.0541389 0 
vn -0.986827 0.161782 0 
vn -0.998533 -0.0541389 0 
vn -0.998533 0.0541389 0 
vn -0.986827 -0.161782 0 
vn -0.998533 -0.0541389 0 
vn -0.96355 -0.267528 0 
vn -0.986827 -0.161782 0 
vn -0.928977 -0.370138 0 
vn -0.96355 -0.267528 0 
vn -0.883512 -0.468408 0 
vn -0.928977 -0.370138 0 
vn -0.827689 -0.561187 0 
vn -0.883512 -0.468408 0 
vn -0.762162 -0.647386 0 
vn -0.827689 -0.561187 0 
vn -0.687699 -0.725995 0 
vn -0.762162 -0.647386 0 
vn -0.605174 -0.796093 0 
vn -0.687699 -0.725995 0 
vn -0.515554 -0.856857 0 
vn -0.605174 -0.796093 0 
vn -0.419889 -0.907575 0 
vn -0.515554 -0.856857 0 
vn -0.319302 -0.947653 0 
vn -0.419889 -0.907575 0 
vn -0.21497 -0.976621 0 
vn -0.319302 -0.947653 0 
vn -0.108119 -0.994138 0 
vn -0.21497 -0.976621 0 
vn 1.83697e-16 -1 0 
vn -0.108119 -0.994138 0 
vn 0.108119 -0.994138 0 
vn 1.83697e-16 -1 0 
vn 0.21497 -0.976621 0 
vn 0.108119 -0.994138 0 
vn 0.319302 -0.947653 0 
vn 0.21497 -0.976621 0 
vn 0.419889 -0.907575 0 
vn 0.319302 -0.947653 0 
vn 0.515554 -0.856857 0 
vn 0.419889 -0.907575 0 
vn 0.605174 -0.796093 0 
vn 0.515554 -0.856857 0 
vn 0.687699 -0.725995 0 
vn 0.605174 -0.796093 0 
vn 0.762162 -0.647386 0 
vn 0.687699 -0.725995 0 
vn 0.827689 -0.561187 0 
vn 0.762162 -0.647386 0 
vn 0.883512 -0.468408 0 
vn 0.827689 -0.561187 0 
vn 0.928977 -0.370138 0 
vn 0.883512 -0.468408 0 
vn 0.96355 -0.267528 0 
vn 0.928977 -0.370138 0 
vn 0.986827 -0.161782 0 
vn 0.96355 -0.267528 0 
vn 0.998533 -0.0541389 0 
vn 0.986827 -0.161782 0 
vn 0.998533 0.0541389 0 
vn 0.998533 -0.0541389 0 
vn 0.986827 0.161782 0 
vn 0.998533 0.0541389 0 
vn 0.96355 0.267528 0 
vn 0.986827 0.161782 0 
vn 0.928977 0.370138 0 
vn 0.96355 0.267528 0 
vn 0.883512 0.468408 0 
vn 0.928977 0.370138 0 
vn 0.827689 0.561187 0 
vn 0.883512 0.468408 0 
vn 0.762162 0.647386 0 
vn 0.827689 0.561187 0 
vn 0.687699 0.725995 0 
vn 0.762162 0.647386 0 
vn 0.605174 0.796093 0 
vn 0.687699 0.725995 0 
vn 0.515554 0.856857 0 
vn 0.605174 0.796093 0 
vn 0.419889 0.907575 0 
vn 0.515554 0.856857 0 
vn 0.319302 0.947653 0 
vn 0.419889 0.907575 0 
vn 0.21497 0.976621 0 
vn 0.319302 0.947653 0 
vn 0.108119 0.994138 0 
vn 0.21497 0.976621 0 
vn 0 0 1 
vn -3.88507e-16 0.514496 0.857493 
vn -0.514496 -3.15038e-17 0.857493 
vn -1 -6.12323e-17 0 
vn 7.4551e-16 -0.514496 0.857493 
vn 1.44901e-15 -1 0 
vn 0.514496 3.15038e-17 0.857493 
vn 1 6.12323e-17 0 
vn 3.15038e-17 -0.514496 0.857493 
vn 6.12323e-17 -1 0 
vn 0.514496 3.15038e-17 0.857493 
vn 1 6.12323e-17 0 
vn -3.15038e-17 0.514496 0.857493 
vn -7.55122e-16 1 0 
vn 1 6.12323e-17 0 
vn 0.514496 3.15038e-17 0.857493 
vn 0 0 1 
vn -0.108119 0.994138 0 
vn -3.06162e-16 1 0 
vn -0.21497 0.976621 0 
vn -0.108119 0.994138 0 
vn -0.319302 0.947653 0 
vn -0.21497 0.976621 0 
vn -0.419889 0.907575 0 
vn -0.319302 0.947653 0 
vn -0.515554 0.856857 0 
vn -0.419889 0.907575 0 
vn -0.605174 0.796093 0 
vn -0.515554 0.856857 0 
vn -0.687699 0.725995 0 
vn -0.605174 0.796093 0 
vn -0.762162 0.647386 0 
vn -0.687699 0.725995 0 
vn -0.827689 0.561187 0 
vn -0.762162 0.647386 0 
vn -0.883512 0.468408 0 
vn -0.827689 0.561187 0 
vn -0.928977 0.370138 0 
vn -0.883512 0.468408 0 
vn -0.96355 0.267528 0 
vn -0.928977 0.370138 0 
vn -0.986827 0.161782 0 
vn -0.96355 0.267528 0 
vn -0.998533 0.0541389 0 
vn -0.986827 0.161782 0 
vn -0.998533 -0.0541389 0 
vn -0.998533 0.0541389 0 
vn -0.986827 -0.161782 0 
vn -0.998533 -0.0541389 0 
vn -0.96355 -0.267528 0 
vn -0.986827 -0.161782 0 
vn -0.928977 -0.370138 0 
vn -0.96355 -0.267528 0 
vn -0.883512 -0.468408 0 
vn -0.928977 -0.370138 0 
vn -0.827689 -0.561187 0 
vn -0.883512 -0.468408 0 
vn -0.762162 -0.647386 0 
vn -0.827689 -0.561187 0 
vn -0.687699 -0.725995 0 
vn -0.762162 -0.647386 0 
vn -0.605174 -0.796093 0 
vn -0.687699 -0.725995 0 
vn -0.515554 -0.856857 0 
vn -0.605174 -0.796093 0 
vn -0.419889 -0.907575 0 
vn -0.515554 -0.856857 0 
vn -0.319302 -0.947653 0 
vn -0.419889 -0.907575 0 
vn -0.21497 -0.976621 0 
vn -0.319302 -0.947653 0 
vn -0.108119 -0.994138 0 
vn -0.21497 -0.976621 0 
vn 1.83697e-16 -1 0 
vn -0.108119 -0.994138 0 
vn 0.108119 -0.994138 0 
vn 1.83697e-16 -1 0 
vn 0.21497 -0.976621 0 
vn 0.108119 -0.994138 0 
vn 0.319302 -0.947653 0 
vn 0.21497 -0.976621 0 
vn 0.419889 -0.907575 0 
vn 0.319302 -0.947653 0 
vn 0.515554 -0.856857 0 
vn 0.419889 -0.907575 0 
vn 0.605174 -0.796093 0 
vn 0.515554 -0.856857 0 
vn 0.687699 -0.725995 0 
vn 0.605174 -0.796093 0 
vn 0.762162 -0.647386 0 
vn 0.687699 -0.725995 0 
vn 0.827689 -0.561187 0 
vn 0.762162 -0.647386 0 
vn 0.883512 -0.468408 0 
vn 0.827689 -0.561187 0 
vn 0.928977 -0.370138 0 
vn 0.883512 -0.468408 0 
vn 0.96355 -0.267528 0 
vn 0.928977 -0.370138 0 
vn 0.986827 -0.161782 0 
vn 0.96355 -0.267528 0 
vn 0.998533 -0.0541389 0 
vn 0.986827 -0.161782 0 
vn 0.998533 0.0541389 0 
vn 0.998533 -0.0541389 0 
vn 0.986827 0.161782 0 
vn 0.998533 0.0541389 0 
vn 0.96355 0.267528 0 
vn 0.986827 0.161782 0 
vn 0.928977 0.370138 0 
vn 0.96355 0.267528 0 
vn 0.883512 0.468408 0 
vn 0.928977 0.370138 0 
vn 0.827689 0.561187 0 
vn 0.883512 0.468408 0 
vn 0.762162 0.647386 0 
vn 0.827689 0.561187 0 
vn 0.687699 0.725995 0 
vn 0.762162 0.647386 0 
vn 0.605174 0.796093 0 
vn 0.687699 0.725995 0 
vn 0.515554 0.856857 0 
vn 0.605174 0.796093 0 
vn 0.419889 0.907575 0 
vn 0.515554 0.856857 0 
vn 0.319302 0.947653 0 
vn 0.419889 0.907575 0 
vn 0.21497 0.976621 0 
vn 0.319302 0.947653 0 
vn 0.108119 0.994138 0 
vn 0.21497 0.976621 0 
vn 0 0 1 
vn -0.108119 0.994138 0 
vn -3.06162e-16 1 0 
vn -0.21497 0.976621 0 
vn -0.108119 0.994138 0 
vn -0.319302 0.947653 0 
vn -0.21497 0.976621 0 
vn -0.419889 0.907575 0 
vn -0.319302 0.947653 0 
vn -0.515554 0.856857 0 
vn -0.419889 0.907575 0 
vn -0.605174 0.796093 0 
vn -0.515554 0.856857 0 
vn -0.687699 0.725995 0 
vn -0.605174 0.796093 0 
vn -0.762162 0.647386 0 
vn -0.687699 0.725995 0 
vn -0.827689 0.561187 0 
vn -0.762162 0.647386 0 
vn -0.883512 0.468408 0 
vn -0.827689 0.561187 0 
vn -0.928977 0.370138 0 
vn -0.883512 0.468408 0 
vn -0.96355 0.267528 0 
vn -0.928977 0.370138 0 
vn -0.986827 0.161782 0 
vn -0.96355 0.267528 0 
vn -0.998533 0.0541389 0 
vn -0.986827 0.161782 0 
vn -0.998533 -0.0541389 0 
vn -0.998533 0.0541389 0 
vn -0.986827 -0.161782 0 
vn -0.998533 -0.0541389 0 
vn -0.96355 -0.267528 0 
vn -0.986827 -0.161782 0 
vn -0.928977 -0.370138 0 
vn -0.96355 -0.267528 0 
vn -0.883512 -0.468408 0 
vn -0.928977 -0.370138 0 
vn -0.827689 -0.561187 0 
vn -0.883512 -0.468408 0 
vn -0.762162 -0.647386 0 
vn -0.827689 -0.561187 0 
vn -0.687699 -0.725995 0 
vn -0.762162 -0.647386 0 
vn -0.605174 -0.796093 0 
vn -0.687699 -0.725995 0 
vn -0.515554 -0.856857 0 
vn -0.605174 -0.796093 0 
vn -0.419889 -0.907575 0 
vn -0.515554 -0.856857 0 
vn -0.319302 -0.947653 0 
vn -0.419889 -0.907575 0 
vn -0.21497 -0.976621 0 
vn -0.319302 -0.947653 0 
vn -0.108119 -0.994138 0 
vn -0.21497 -0.976621 0 
vn 1.83697e-16 -1 0 
vn -0.108119 -0.994138 0 
vn 0.108119 -0.994138 0 
vn 1.83697e-16 -1 0 
vn 0.21497 -0.976621 0 
vn 0.108119 -0.994138 0 
vn 0.319302 -0.947653 0 
vn 0.21497 -0.976621 0 
vn 0.419889 -0.907575 0 
vn 0.319302 -0.947653 0 
vn 0.515554 -0.856857 0 
vn 0.419889 -0.907575 0 
vn 0.605174 -0.796093 0 
vn 0.515554 -0.856857 0 
vn 0.687699 -0.725995 0 
vn 0.605174 -0.796093 0 
vn 0.762162 -0.647386 0 
vn 0.687699 -0.725995 0 
vn 0.827689 -0.561187 0 
vn 0.762162 -0.647386 0 
vn 0.883512 -0.468408 0 
vn 0.827689 -0.561187 0 
vn 0.928977 -0.370138 0 
vn 0.883512 -0.468408 0 
vn 0.96355 -0.267528 0 
vn 0.928977 -0.370138 0 
vn 0.986827 -0.161782 0 
vn 0.96355 -0.267528 0 
vn 0.998533 -0.0541389 0 
vn 0.986827 -0.161782 0 
vn 0.998533 0.0541389 0 
vn 0.998533 -0.0541389 0 
vn 0.986827 0.161782 0 
vn 0.998533 0.0541389 0 
vn 0.96355 0.267528 0 
vn 0.986827 0.161782 0 
vn 0.928977 0.370138 0 
vn 0.96355 0.267528 0 
vn 0.883512 0.468408 0 
vn 0.928977 0.370138 0 
vn 0.827689 0.561187 0 
vn 0.883512 0.468408 0 
vn 0.762162 0.647386 0 
vn 0.827689 0.561187 0 
vn 0.687699 0.725995 0 
vn 0.762162 0.647386 0 
vn 0.605174 0.796093 0 
vn 0.687699 0.725995 0 
vn 0.515554 0.856857 0 
vn 0.605174 0.796093 0 
vn 0.419889 0.907575 0 
vn 0.515554 0.856857 0 
vn 0.319302 0.947653 0 
vn 0.419889 0.907575 0 
vn 0.21497 0.976621 0 
vn 0.319302 0.947653 0 
vn 0.108119 0.994138 0 
vn 0.21497 0.976621 0 
vn 0 0 1 
vn -6.12323e-17 1 0 
vn 1 6.12323e-17 0 
vn 0 0 1 
vn -1 -6.12323e-17 0 
vn -6.12323e-17 1 0 
vn -1.46727e-16 -1 0 
vn -1 8.08728e-18 0 
vn 1 -7.74069e-17 0 
vn 0 0 1 
vn 6.12323e-17 -1 0 
vn 1 6.12323e-17 0 
vn -1 -6.12323e-17 0 
vn -6.12323e-17 1 0 
vn 0 0 -1 
vn 1 -7.74069e-17 0 
vn -1 8.08728e-18 0 
vn 6.12323e-17 -1 0 
vn 7.75455e-17 1 0 
vn -1 -1.99872e-16 0 
vn 0 0 -1 
vn 0 0 1 
vn 6.12323e-17 -1 0 
vn 1 1.99872e-16 0 
vn 7.75455e-17 1 0 
vn 0 0 -1 
vn -1.46727e-16 -1 0 
vn 1 6.12323e-17 0 
vn -6.12323e-17 1 0 
vn -1 -6.12323e-17 0 
usemtl 0.615686_0.811765_0.929412_0.000000_0.000000
o mesh0
f 59//1 1//1 2//1 
f 2//1 3//1 59//1 
f 3//1 4//1 59//1 
f 4//1 5//1 59//1 
f 5//1 6//1 59//1 
f 6//1 7//1 59//1 
f 7//1 8//1 59//1 
f 8//1 9//1 59//1 
f 9//1 10//1 59//1 
f 10//1 11//1 59//1 
f 11//1 12//1 59//1 
f 12//1 13//1 59//1 
f 13//1 14//1 59//1 
f 14//1 15//1 59//1 
f 15//1 16//1 59//1 
f 16//1 17//1 59//1 
f 17//1 18//1 59//1 
f 18//1 19//1 59//1 
f 19//1 20//1 59//1 
f 20//1 21//1 59//1 
f 21//1 22//1 59//1 
f 22//1 23//1 59//1 
f 23//1 24//1 59//1 
f 24//1 25//1 59//1 
f 25//1 26//1 59//1 
f 26//1 27//1 59//1 
f 27//1 28//1 59//1 
f 28//1 29//1 59//1 
f 29//1 30//1 59//1 
f 30//1 31//1 59//1 
f 31//1 32//1 59//1 
f 32//1 33//1 59//1 
f 33//1 34//1 59//1 
f 34//1 35//1 59//1 
f 35//1 36//1 59//1 
f 36//1 37//1 59//1 
f 37//1 38//1 59//1 
f 38//1 39//1 59//1 
f 39//1 40//1 59//1 
f 40//1 41//1 59//1 
f 41//1 42//1 59//1 
f 42//1 43//1 59//1 
f 43//1 44//1 59//1 
f 44//1 45//1 59//1 
f 45//1 46//1 59//1 
f 46//1 47//1 59//1 
f 47//1 48//1 59//1 
f 48//1 49//1 59//1 
f 49//1 50//1 59//1 
f 50//1 51//1 59//1 
f 51//1 52//1 59//1 
f 52//1 53//1 59//1 
f 53//1 54//1 59//1 
f 54//1 55//1 59//1 
f 55//1 56//1 59//1 
f 56//1 57//1 59//1 
f 57//1 58//1 59//1 
f 58//1 1//1 59//1 
o mesh1
f 30//2 29//3 60//3 
f 31//4 30//2 61//5 
f 32//6 31//4 62//7 
f 33//8 32//6 63//9 
f 34//10 33//8 64//11 
f 35//12 34//10 65//13 
f 36//14 35//12 66//15 
f 37//16 36//14 67//17 
f 38//18 37//16 68//19 
f 39//20 38//18 69//21 
f 40//22 39//20 70//23 
f 41//24 40//22 71//25 
f 42//26 41//24 72//27 
f 43//28 42//26 73//29 
f 44//30 43//28 74//31 
f 45//32 44//30 75//33 
f 46//34 45//32 76//35 
f 47//36 46//34 77//37 
f 48//38 47//36 78//39 
f 49//40 48//38 79//41 
f 50//42 49//40 80//43 
f 51//44 50//42 81//45 
f 52//46 51//44 82//47 
f 53//48 52//46 83//49 
f 54//50 53//48 84//51 
f 55//52 54//50 85//53 
f 56//54 55//52 86//55 
f 57//56 56//54 87//57 
f 58//58 57//56 88//59 
f 1//60 58//58 89//61 
f 2//62 1//60 90//63 
f 3//64 2//62 91//65 
f 4//66 3//64 92//67 
f 5//68 4//66 93//69 
f 6//70 5//68 94//71 
f 7//72 6//70 95//73 
f 8//74 7//72 96//75 
f 9//76 8//74 97//77 
f 10//78 9//76 98//79 
f 11//80 10//78 99//81 
f 12//82 11//80 100//83 
f 13//84 12//82 101//85 
f 14//86 13//84 102//87 
f 15//88 14//86 103//89 
f 16//90 15//88 104//91 
f 17//92 16//90 105//93 
f 18//94 17//92 106//95 
f 19//96 18//94 107//97 
f 20//98 19//96 108//99 
f 21//100 20//98 109//101 
f 22//102 21//100 110//103 
f 23//104 22//102 111//105 
f 24//106 23//104 112//107 
f 25//108 24//106 113//109 
f 26//110 25//108 114//111 
f 27//112 26//110 115//113 
f 28//114 27//112 116//115 
f 29//3 28//114 117//114 
f 117//114 60//3 29//3 
f 116//115 117//114 28//114 
f 115//113 116//115 27//112 
f 114//111 115//113 26//110 
f 113//109 114//111 25//108 
f 112//107 113//109 24//106 
f 111//105 112//107 23//104 
f 110//103 111//105 22//102 
f 109//101 110//103 21//100 
f 108//99 109//101 20//98 
f 107//97 108//99 19//96 
f 106//95 107//97 18//94 
f 105//93 106//95 17//92 
f 104//91 105//93 16//90 
f 103//89 104//91 15//88 
f 102//87 103//89 14//86 
f 101//85 102//87 13//84 
f 100//83 101//85 12//82 
f 99//81 100//83 11//80 
f 98//79 99//81 10//78 
f 97//77 98//79 9//76 
f 96//75 97//77 8//74 
f 95//73 96//75 7//72 
f 94//71 95//73 6//70 
f 93//69 94//71 5//68 
f 92//67 93//69 4//66 
f 91//65 92//67 3//64 
f 90//63 91//65 2//62 
f 89//61 90//63 1//60 
f 88//59 89//61 58//58 
f 87//57 88//59 57//56 
f 86//55 87//57 56//54 
f 85//53 86//55 55//52 
f 84//51 85//53 54//50 
f 83//49 84//51 53//48 
f 82//47 83//49 52//46 
f 81//45 82//47 51//44 
f 80//43 81//45 50//42 
f 79//41 80//43 49//40 
f 78//39 79//41 48//38 
f 77//37 78//39 47//36 
f 76//35 77//37 46//34 
f 75//33 76//35 45//32 
f 74//31 75//33 44//30 
f 73//29 74//31 43//28 
f 72//27 73//29 42//26 
f 71//25 72//27 41//24 
f 70//23 71//25 40//22 
f 69//21 70//23 39//20 
f 68//19 69//21 38//18 
f 67//17 68//19 37//16 
f 66//15 67//17 36//14 
f 65//13 66//15 35//12 
f 64//11 65//13 34//10 
f 63//9 64//11 33//8 
f 62//7 63//9 32//6 
f 61//5 62//7 31//4 
f 60//3 61//5 30//2 
o mesh2
f 106//116 118//116 119//116 
f 105//116 120//116 118//116 
f 121//116 82//116 81//116 
f 118//116 106//116 105//116 
f 121//116 83//116 82//116 
f 119//116 122//116 106//116 
f 121//116 84//116 83//116 
f 123//116 95//116 94//116 
f 118//116 124//116 119//116 
f 125//116 126//116 120//116 
f 121//116 85//116 84//116 
f 123//116 96//116 95//116 
f 123//116 103//116 102//116 
f 125//116 105//116 104//116 
f 120//116 105//116 125//116 
f 121//116 86//116 85//116 
f 123//116 97//116 96//116 
f 123//116 99//116 98//116 
f 123//116 104//116 103//116 
f 122//116 127//116 106//116 
f 125//116 128//116 129//116 
f 125//116 130//116 131//116 
f 132//116 110//116 109//116 
f 132//116 112//116 111//116 
f 133//116 134//116 64//116 
f 134//116 67//116 66//116 
f 81//116 80//116 121//116 
f 121//116 88//116 87//116 
f 98//116 97//116 123//116 
f 123//116 101//116 100//116 
f 104//116 123//116 125//116 
f 129//116 135//116 125//116 
f 125//116 136//116 137//116 
f 131//116 138//116 125//116 
f 111//116 110//116 132//116 
f 132//116 114//116 113//116 
f 132//116 117//116 116//116 
f 133//116 63//116 62//116 
f 134//116 65//116 64//116 
f 134//116 68//116 67//116 
f 134//116 70//116 69//116 
f 134//116 75//116 74//116 
f 121//116 76//116 75//116 
f 121//116 79//116 78//116 
f 87//116 86//116 121//116 
f 100//116 99//116 123//116 
f 135//116 126//116 125//116 
f 125//116 139//116 140//116 
f 138//116 136//116 125//116 
f 113//116 112//116 132//116 
f 116//116 115//116 132//116 
f 117//116 132//116 133//116 
f 64//116 63//116 133//116 
f 69//116 68//116 134//116 
f 134//116 72//116 71//116 
f 74//116 73//116 134//116 
f 108//116 141//116 142//116 
f 121//116 77//116 76//116 
f 80//116 79//116 121//116 
f 121//116 123//116 89//116 
f 123//116 92//116 91//116 
f 102//116 101//116 123//116 
f 137//116 139//116 125//116 
f 125//116 143//116 144//116 
f 125//116 145//116 146//116 
f 145//116 147//116 148//116 
f 145//116 149//116 150//116 
f 151//116 152//116 149//116 
f 153//116 154//116 155//116 
f 153//116 156//116 157//116 
f 158//116 159//116 160//116 
f 161//116 153//116 162//116 
f 115//116 114//116 132//116 
f 133//116 61//116 60//116 
f 66//116 65//116 134//116 
f 73//116 72//116 134//116 
f 142//116 163//116 108//116 
f 78//116 77//116 121//116 
f 123//116 90//116 89//116 
f 123//116 93//116 92//116 
f 140//116 128//116 125//116 
f 125//116 164//116 165//116 
f 146//116 143//116 125//116 
f 148//116 166//116 145//116 
f 145//116 167//116 168//116 
f 145//116 169//116 170//116 
f 145//116 171//116 172//116 
f 149//116 145//116 151//116 
f 157//116 154//116 153//116 
f 153//116 158//116 173//116 
f 160//116 174//116 158//116 
f 158//116 175//116 176//116 
f 158//116 177//116 178//116 
f 158//116 179//116 180//116 
f 181//116 182//116 161//116 
f 133//116 60//116 117//116 
f 71//116 70//116 134//116 
f 108//116 183//116 141//116 
f 108//116 127//116 184//116 
f 89//116 88//116 121//116 
f 94//116 93//116 123//116 
f 144//116 164//116 125//116 
f 168//116 147//116 145//116 
f 170//116 185//116 145//116 
f 150//116 171//116 145//116 
f 155//116 186//116 153//116 
f 173//116 187//116 153//116 
f 158//116 188//116 189//116 
f 176//116 159//116 158//116 
f 178//116 190//116 158//116 
f 180//116 191//116 158//116 
f 162//116 181//116 161//116 
f 124//116 192//116 193//116 
f 124//116 194//116 195//116 
f 124//116 196//116 197//116 
f 124//116 118//116 198//116 
f 151//116 199//116 200//116 
f 151//116 201//116 202//116 
f 203//116 204//116 179//116 
f 205//116 206//116 134//116 
f 62//116 61//116 133//116 
f 184//116 183//116 108//116 
f 91//116 90//116 123//116 
f 166//116 146//116 145//116 
f 145//116 207//116 208//116 
f 172//116 169//116 145//116 
f 153//116 209//116 210//116 
f 187//116 156//116 153//116 
f 174//116 188//116 158//116 
f 191//116 177//116 158//116 
f 211//116 212//116 213//116 
f 212//116 211//116 182//116 
f 195//116 192//116 124//116 
f 198//116 196//116 124//116 
f 151//116 214//116 199//116 
f 202//116 215//116 151//116 
f 216//116 217//116 218//116 
f 217//116 216//116 204//116 
f 179//116 219//116 203//116 
f 134//116 220//116 205//116 
f 134//116 221//116 222//116 
f 134//116 223//116 224//116 
f 127//116 108//116 107//116 
f 163//116 132//116 108//116 
f 165//116 130//116 125//116 
f 185//116 207//116 145//116 
f 186//116 209//116 153//116 
f 190//116 175//116 158//116 
f 181//116 212//116 182//116 
f 197//116 194//116 124//116 
f 151//116 225//116 226//116 
f 215//116 214//116 151//116 
f 218//116 151//116 216//116 
f 203//116 227//116 204//116 
f 134//116 228//116 220//116 
f 224//116 221//116 134//116 
f 134//116 133//116 229//116 
f 109//116 108//116 132//116 
f 208//116 167//116 145//116 
f 189//116 173//116 158//116 
f 193//116 211//116 124//116 
f 200//116 225//116 151//116 
f 204//116 227//116 217//116 
f 206//116 230//116 231//116 
f 205//116 232//116 206//116 
f 222//116 233//116 134//116 
f 134//116 234//116 235//116 
f 229//116 236//116 134//116 
f 75//116 134//116 121//116 
f 213//116 124//116 211//116 
f 218//116 201//116 151//116 
f 232//116 230//116 206//116 
f 235//116 223//116 134//116 
f 134//116 237//116 238//116 
f 236//116 239//116 134//116 
f 210//116 162//116 153//116 
f 179//116 158//116 219//116 
f 233//116 228//116 134//116 
f 239//116 237//116 134//116 
f 206//116 216//116 151//116 
f 226//116 152//116 151//116 
f 238//116 234//116 134//116 
f 107//116 106//116 127//116 
f 231//116 240//116 206//116 
f 240//116 216//116 206//116 
f 151//116 241//116 206//116 
o mesh3
f 134//117 206//117 242//117 
f 242//117 243//117 134//117 
o mesh4
f 206//118 241//118 244//118 
f 244//118 242//118 206//118 
o mesh5
f 241//119 151//119 245//119 
f 245//119 244//119 241//119 
o mesh6
f 151//118 145//118 246//118 
f 246//118 245//118 151//118 
o mesh7
f 145//119 125//119 247//119 
f 247//119 246//119 145//119 
o mesh8
f 125//120 123//120 248//120 
f 248//120 247//120 125//120 
o mesh9
f 123//121 121//121 249//121 
f 249//121 248//121 123//121 
o mesh10
f 121//122 134//122 243//122 
f 243//122 249//122 121//122 
o mesh11
f 250//123 246//123 247//123 
f 247//123 251//123 250//123 
o mesh12
f 252//124 251//124 247//124 
f 247//124 248//124 252//124 
o mesh13
f 253//125 245//125 246//125 
f 246//125 250//125 253//125 
o mesh14
f 254//126 252//126 248//126 
f 248//126 249//126 254//126 
o mesh15
f 253//127 255//127 244//127 
f 244//127 245//127 253//127 
o mesh16
f 249//128 243//128 256//128 
f 256//128 254//128 249//128 
o mesh17
f 257//128 242//128 244//128 
f 244//128 255//128 257//128 
o mesh18
f 256//129 243//129 242//129 
f 242//129 257//129 256//129 
o mesh19
f 235//130 234//131 258//131 
f 223//132 235//130 259//133 
f 224//134 223//132 260//135 
f 221//136 224//134 261//137 
f 222//138 221//136 262//139 
f 233//140 222//138 263//141 
f 228//142 233//140 264//143 
f 220//144 228//142 265//145 
f 205//146 220//144 266//147 
f 232//148 205//146 267//149 
f 230//150 232//148 268//151 
f 231//152 230//150 269//153 
f 240//154 231//152 270//155 
f 216//156 240//154 271//157 
f 204//158 216//156 272//159 
f 179//160 204//158 273//161 
f 180//162 179//160 274//163 
f 191//164 180//162 275//165 
f 177//166 191//164 276//167 
f 178//168 177//166 277//169 
f 190//170 178//168 278//171 
f 175//172 190//170 279//173 
f 176//174 175//172 280//175 
f 159//176 176//174 281//177 
f 160//178 159//176 282//179 
f 174//180 160//178 283//181 
f 188//182 174//180 284//183 
f 189//184 188//182 285//185 
f 173//186 189//184 286//187 
f 187//188 173//186 287//189 
f 156//190 187//188 288//191 
f 157//192 156//190 289//193 
f 154//194 157//192 290//195 
f 155//196 154//194 291//197 
f 186//198 155//196 292//199 
f 209//200 186//198 293//201 
f 210//202 209//200 294//203 
f 162//204 210//202 295//205 
f 181//206 162//204 296//207 
f 212//208 181//206 297//209 
f 213//210 212//208 298//211 
f 124//212 213//210 299//213 
f 119//214 124//212 300//215 
f 122//216 119//214 301//217 
f 127//218 122//216 302//219 
f 184//220 127//218 303//221 
f 183//222 184//220 304//223 
f 141//224 183//222 305//225 
f 142//226 141//224 306//227 
f 163//228 142//226 307//229 
f 132//230 163//228 308//231 
f 133//232 132//230 309//233 
f 229//234 133//232 310//235 
f 236//236 229//234 311//237 
f 239//238 236//236 312//239 
f 237//240 239//238 313//241 
f 238//242 237//240 314//243 
f 234//131 238//242 315//242 
f 315//242 258//131 234//131 
f 314//243 315//242 238//242 
f 313//241 314//243 237//240 
f 312//239 313//241 239//238 
f 311//237 312//239 236//236 
f 310//235 311//237 229//234 
f 309//233 310//235 133//232 
f 308//231 309//233 132//230 
f 307//229 308//231 163//228 
f 306//227 307//229 142//226 
f 305//225 306//227 141//224 
f 304//223 305//225 183//222 
f 303//221 304//223 184//220 
f 302//219 303//221 127//218 
f 301//217 302//219 122//216 
f 300//215 301//217 119//214 
f 299//213 300//215 124//212 
f 298//211 299//213 213//210 
f 297//209 298//211 212//208 
f 296//207 297//209 181//206 
f 295//205 296//207 162//204 
f 294//203 295//205 210//202 
f 293//201 294//203 209//200 
f 292//199 293//201 186//198 
f 291//197 292//199 155//196 
f 290//195 291//197 154//194 
f 289//193 290//195 157//192 
f 288//191 289//193 156//190 
f 287//189 288//191 187//188 
f 286//187 287//189 173//186 
f 285//185 286//187 189//184 
f 284//183 285//185 188//182 
f 283//181 284//183 174//180 
f 282//179 283//181 160//178 
f 281//177 282//179 159//176 
f 280//175 281//177 176//174 
f 279//173 280//175 175//172 
f 278//171 279//173 190//170 
f 277//169 278//171 178//168 
f 276//167 277//169 177//166 
f 275//165 276//167 191//164 
f 274//163 275//165 180//162 
f 273//161 274//163 179//160 
f 272//159 273//161 204//158 
f 271//157 272//159 216//156 
f 270//155 271//157 240//154 
f 269//153 270//155 231//152 
f 268//151 269//153 230//150 
f 267//149 268//151 232//148 
f 266//147 267//149 205//146 
f 265//145 266//147 220//144 
f 264//143 265//145 228//142 
f 263//141 264//143 233//140 
f 262//139 263//141 222//138 
f 261//137 262//139 221//136 
f 260//135 261//137 224//134 
f 259//133 260//135 223//132 
f 258//131 259//133 235//130 
o mesh20
f 316//244 317//245 146//245 
f 318//246 316//244 166//247 
f 319//248 318//246 148//249 
f 320//250 319//248 147//251 
f 321//252 320//250 168//253 
f 322//254 321//252 167//255 
f 323//256 322//254 208//257 
f 324//258 323//256 207//259 
f 325//260 324//258 185//261 
f 326//262 325//260 170//263 
f 327//264 326//262 169//265 
f 328//266 327//264 172//267 
f 329//268 328//266 171//269 
f 330//270 329//268 150//271 
f 331//272 330//270 149//273 
f 332//274 331//272 152//275 
f 333//276 332//274 226//277 
f 334//278 333//276 225//279 
f 335//280 334//278 200//281 
f 336//282 335//280 199//283 
f 337//284 336//282 214//285 
f 338//286 337//284 215//287 
f 339//288 338//286 202//289 
f 340//290 339//288 201//291 
f 341//292 340//290 218//293 
f 342//294 341//292 217//295 
f 343//296 342//294 227//297 
f 344//298 343//296 203//299 
f 345//300 344//298 219//301 
f 346//302 345//300 158//303 
f 347//304 346//302 153//305 
f 348//306 347//304 161//307 
f 349//308 348//306 182//309 
f 350//310 349//308 211//311 
f 351//312 350//310 193//313 
f 352//314 351//312 192//315 
f 353//316 352//314 195//317 
f 354//318 353//316 194//319 
f 355//320 354//318 197//321 
f 356//322 355//320 196//323 
f 357//324 356//322 198//325 
f 358//326 357//324 118//327 
f 359//328 358//326 120//329 
f 360//330 359//328 126//331 
f 361//332 360//330 135//333 
f 362//334 361//332 129//335 
f 363//336 362//334 128//337 
f 364//338 363//336 140//339 
f 365//340 364//338 139//341 
f 366//342 365//340 137//343 
f 367//344 366//342 136//345 
f 368//346 367//344 138//347 
f 369//348 368//346 131//349 
f 370//350 369//348 130//351 
f 371//352 370//350 165//353 
f 372//354 371//352 164//355 
f 373//356 372//354 144//357 
f 317//245 373//356 143//356 
f 143//356 146//245 317//245 
f 144//357 143//356 373//356 
f 164//355 144//357 372//354 
f 165//353 164//355 371//352 
f 130//351 165//353 370//350 
f 131//349 130//351 369//348 
f 138//347 131//349 368//346 
f 136//345 138//347 367//344 
f 137//343 136//345 366//342 
f 139//341 137//343 365//340 
f 140//339 139//341 364//338 
f 128//337 140//339 363//336 
f 129//335 128//337 362//334 
f 135//333 129//335 361//332 
f 126//331 135//333 360//330 
f 120//329 126//331 359//328 
f 118//327 120//329 358//326 
f 198//325 118//327 357//324 
f 196//323 198//325 356//322 
f 197//321 196//323 355//320 
f 194//319 197//321 354//318 
f 195//317 194//319 353//316 
f 192//315 195//317 352//314 
f 193//313 192//315 351//312 
f 211//311 193//313 350//310 
f 182//309 211//311 349//308 
f 161//307 182//309 348//306 
f 153//305 161//307 347//304 
f 158//303 153//305 346//302 
f 219//301 158//303 345//300 
f 203//299 219//301 344//298 
f 227//297 203//299 343//296 
f 217//295 227//297 342//294 
f 218//293 217//295 341//292 
f 201//291 218//293 340//290 
f 202//289 201//291 339//288 
f 215//287 202//289 338//286 
f 214//285 215//287 337//284 
f 199//283 214//285 336//282 
f 200//281 199//283 335//280 
f 225//279 200//281 334//278 
f 226//277 225//279 333//276 
f 152//275 226//277 332//274 
f 149//273 152//275 331//272 
f 150//271 149//273 330//270 
f 171//269 150//271 329//268 
f 172//267 171//269 328//266 
f 169//265 172//267 327//264 
f 170//263 169//265 326//262 
f 185//261 170//263 325//260 
f 207//259 185//261 324//258 
f 208//257 207//259 323//256 
f 167//255 208//257 322//254 
f 168//253 167//255 321//252 
f 147//251 168//253 320//250 
f 148//249 147//251 319//248 
f 166//247 148//249 318//246 
f 146//245 166//247 316//244 
o mesh21
f 374//358 346//358 347//358 
f 347//358 348//358 374//358 
f 348//358 349//358 374//358 
f 349//358 350//358 374//358 
f 350//358 351//358 374//358 
f 351//358 352//358 374//358 
f 352//358 353//358 374//358 
f 353//358 354//358 374//358 
f 354//358 355//358 374//358 
f 355//358 356//358 374//358 
f 356//358 357//358 374//358 
f 357//358 358//358 374//358 
f 358//358 359//358 374//358 
f 359//358 360//358 374//358 
f 360//358 361//358 374//358 
f 361//358 362//358 374//358 
f 362//358 363//358 374//358 
f 363//358 364//358 374//358 
f 364//358 365//358 374//358 
f 365//358 366//358 374//358 
f 366//358 367//358 374//358 
f 367//358 368//358 374//358 
f 368//358 369//358 374//358 
f 369//358 370//358 374//358 
f 370//358 371//358 374//358 
f 371//358 372//358 374//358 
f 372//358 373//358 374//358 
f 373//358 317//358 374//358 
f 317//358 316//358 374//358 
f 316//358 318//358 374//358 
f 318//358 319//358 374//358 
f 319//358 320//358 374//358 
f 320//358 321//358 374//358 
f 321//358 322//358 374//358 
f 322//358 323//358 374//358 
f 323//358 324//358 374//358 
f 324//358 325//358 374//358 
f 325//358 326//358 374//358 
f 326//358 327//358 374//358 
f 327//358 328//358 374//358 
f 328//358 329//358 374//358 
f 329//358 330//358 374//358 
f 330//358 331//358 374//358 
f 331//358 332//358 374//358 
f 332//358 333//358 374//358 
f 333//358 334//358 374//358 
f 334//358 335//358 374//358 
f 335//358 336//358 374//358 
f 336//358 337//358 374//358 
f 337//358 338//358 374//358 
f 338//358 339//358 374//358 
f 339//358 340//358 374//358 
f 340//358 341//358 374//358 
f 341//358 342//358 374//358 
f 342//358 343//358 374//358 
f 343//358 344//358 374//358 
f 344//358 345//358 374//358 
f 345//358 346//358 374//358 
o mesh22
f 375//359 307//359 306//359 
f 375//359 376//359 308//359 
f 377//359 311//359 310//359 
f 377//359 378//359 312//359 
f 378//359 379//359 313//359 
f 379//359 380//359 314//359 
f 381//359 261//359 260//359 
f 382//359 262//359 261//359 
f 383//359 263//359 262//359 
f 383//359 384//359 264//359 
f 385//359 267//359 266//359 
f 385//359 386//359 268//359 
f 308//359 307//359 375//359 
f 376//359 387//359 309//359 
f 312//359 311//359 377//359 
f 314//359 313//359 379//359 
f 261//359 381//359 382//359 
f 264//359 263//359 383//359 
f 388//359 266//359 265//359 
f 268//359 267//359 385//359 
f 389//359 278//359 277//359 
f 389//359 390//359 279//359 
f 391//359 283//359 282//359 
f 391//359 392//359 284//359 
f 393//359 290//359 289//359 
f 394//359 291//359 290//359 
f 395//359 292//359 291//359 
f 395//359 396//359 293//359 
f 397//359 296//359 295//359 
f 397//359 398//359 297//359 
f 399//359 304//359 303//359 
f 400//359 305//359 304//359 
f 401//359 306//359 305//359 
f 309//359 308//359 376//359 
f 402//359 310//359 309//359 
f 313//359 312//359 378//359 
f 403//359 315//359 314//359 
f 403//359 404//359 258//359 
f 405//359 259//359 258//359 
f 405//359 406//359 260//359 
f 262//359 382//359 383//359 
f 384//359 407//359 265//359 
f 266//359 388//359 385//359 
f 386//359 408//359 269//359 
f 408//359 409//359 270//359 
f 409//359 410//359 271//359 
f 279//359 278//359 389//359 
f 390//359 411//359 280//359 
f 412//359 281//359 280//359 
f 412//359 413//359 282//359 
f 284//359 283//359 391//359 
f 392//359 414//359 285//359 
f 290//359 393//359 394//359 
f 293//359 292//359 395//359 
f 415//359 295//359 294//359 
f 297//359 296//359 397//359 
f 304//359 399//359 400//359 
f 306//359 401//359 375//359 
f 310//359 402//359 377//359 
f 258//359 315//359 403//359 
f 260//359 259//359 405//359 
f 265//359 264//359 384//359 
f 269//359 268//359 386//359 
f 271//359 270//359 409//359 
f 416//359 275//359 274//359 
f 417//359 276//359 275//359 
f 418//359 277//359 276//359 
f 280//359 279//359 390//359 
f 282//359 281//359 412//359 
f 285//359 284//359 392//359 
f 419//359 286//359 285//359 
f 419//359 420//359 287//359 
f 421//359 288//359 287//359 
f 421//359 422//359 289//359 
f 291//359 394//359 395//359 
f 396//359 423//359 294//359 
f 295//359 415//359 397//359 
f 398//359 424//359 298//359 
f 424//359 425//359 299//359 
f 425//359 426//359 300//359 
f 305//359 400//359 401//359 
f 314//359 380//359 403//359 
f 260//359 406//359 381//359 
f 270//359 269//359 408//359 
f 275//359 416//359 417//359 
f 277//359 418//359 389//359 
f 282//359 413//359 391//359 
f 287//359 286//359 419//359 
f 289//359 288//359 421//359 
f 294//359 293//359 396//359 
f 298//359 297//359 398//359 
f 300//359 299//359 425//359 
f 309//359 387//359 402//359 
f 265//359 407//359 388//359 
f 427//359 428//359 273//359 
f 428//359 429//359 274//359 
f 276//359 417//359 418//359 
f 285//359 414//359 419//359 
f 289//359 422//359 393//359 
f 299//359 298//359 424//359 
f 430//359 431//359 303//359 
f 258//359 404//359 405//359 
f 427//359 272//359 271//359 
f 274//359 273//359 428//359 
f 280//359 411//359 412//359 
f 294//359 423//359 415//359 
f 432//359 301//359 300//359 
f 432//359 430//359 302//359 
f 303//359 431//359 399//359 
f 273//359 272//359 427//359 
f 287//359 420//359 421//359 
f 302//359 301//359 432//359 
f 271//359 410//359 427//359 
f 300//359 426//359 432//359 
f 274//359 429//359 416//359 
f 303//359 302//359 430//359 
o mesh23
f 433//360 434//361 404//361 
f 435//362 433//360 403//363 
f 436//364 435//362 380//365 
f 437//366 436//364 379//367 
f 438//368 437//366 378//369 
f 439//370 438//368 377//371 
f 440//372 439//370 402//373 
f 441//374 440//372 387//375 
f 442//376 441//374 376//377 
f 443//378 442//376 375//379 
f 444//380 443//378 401//381 
f 445//382 444//380 400//383 
f 446//384 445//382 399//385 
f 447//386 446//384 431//387 
f 448//388 447//386 430//389 
f 449//390 448//388 432//391 
f 450//392 449//390 426//393 
f 451//394 450//392 425//395 
f 452//396 451//394 424//397 
f 453//398 452//396 398//399 
f 454//400 453//398 397//401 
f 455//402 454//400 415//403 
f 456//404 455//402 423//405 
f 457//406 456//404 396//407 
f 458//408 457//406 395//409 
f 459//410 458//408 394//411 
f 460//412 459//410 393//413 
f 461//414 460//412 422//415 
f 462//416 461//414 421//417 
f 463//418 462//416 420//419 
f 464//420 463//418 419//421 
f 465//422 464//420 414//423 
f 466//424 465//422 392//425 
f 467//426 466//424 391//427 
f 468//428 467//426 413//429 
f 469//430 468//428 412//431 
f 470//432 469//430 411//433 
f 471//434 470//432 390//435 
f 472//436 471//434 389//437 
f 473//438 472//436 418//439 
f 474//440 473//438 417//441 
f 475//442 474//440 416//443 
f 476//444 475//442 429//445 
f 477//446 476//444 428//447 
f 478//448 477//446 427//449 
f 479//450 478//448 410//451 
f 480//452 479//450 409//453 
f 481//454 480//452 408//455 
f 482//456 481//454 386//457 
f 483//458 482//456 385//459 
f 484//460 483//458 388//461 
f 485//462 484//460 407//463 
f 486//464 485//462 384//465 
f 487//466 486//464 383//467 
f 488//468 487//466 382//469 
f 489//470 488//468 381//471 
f 490//472 489//470 406//473 
f 434//361 490//472 405//472 
f 405//472 404//361 434//361 
f 406//473 405//472 490//472 
f 381//471 406//473 489//470 
f 382//469 381//471 488//468 
f 383//467 382//469 487//466 
f 384//465 383//467 486//464 
f 407//463 384//465 485//462 
f 388//461 407//463 484//460 
f 385//459 388//461 483//458 
f 386//457 385//459 482//456 
f 408//455 386//457 481//454 
f 409//453 408//455 480//452 
f 410//451 409//453 479//450 
f 427//449 410//451 478//448 
f 428//447 427//449 477//446 
f 429//445 428//447 476//444 
f 416//443 429//445 475//442 
f 417//441 416//443 474//440 
f 418//439 417//441 473//438 
f 389//437 418//439 472//436 
f 390//435 389//437 471//434 
f 411//433 390//435 470//432 
f 412//431 411//433 469//430 
f 413//429 412//431 468//428 
f 391//427 413//429 467//426 
f 392//425 391//427 466//424 
f 414//423 392//425 465//422 
f 419//421 414//423 464//420 
f 420//419 419//421 463//418 
f 421//417 420//419 462//416 
f 422//415 421//417 461//414 
f 393//413 422//415 460//412 
f 394//411 393//413 459//410 
f 395//409 394//411 458//408 
f 396//407 395//409 457//406 
f 423//405 396//407 456//404 
f 415//403 423//405 455//402 
f 397//401 415//403 454//400 
f 398//399 397//401 453//398 
f 424//397 398//399 452//396 
f 425//395 424//397 451//394 
f 426//393 425//395 450//392 
f 432//391 426//393 449//390 
f 430//389 432//391 448//388 
f 431//387 430//389 447//386 
f 399//385 431//387 446//384 
f 400//383 399//385 445//382 
f 401//381 400//383 444//380 
f 375//379 401//381 443//378 
f 376//377 375//379 442//376 
f 387//375 376//377 441//374 
f 402//373 387//375 440//372 
f 377//371 402//373 439//370 
f 378//369 377//371 438//368 
f 379//367 378//369 437//366 
f 380//365 379//367 436//364 
f 403//363 380//365 435//362 
f 404//361 403//363 433//360 
o mesh24
f 491//474 492//474 493//474 
f 491//474 494//474 495//474 
f 491//474 496//474 497//474 
f 491//474 498//474 492//474 
f 491//474 499//474 494//474 
f 491//474 500//474 501//474 
f 491//474 502//474 496//474 
f 491//474 503//474 498//474 
f 491//474 504//474 499//474 
f 501//474 505//474 491//474 
f 506//474 507//474 508//474 
f 506//474 509//474 510//474 
f 493//474 502//474 491//474 
f 505//474 504//474 491//474 
f 506//474 511//474 500//474 
f 510//474 507//474 506//474 
f 512//474 513//474 514//474 
f 515//474 516//474 513//474 
f 515//474 517//474 518//474 
f 512//474 445//474 446//474 
f 519//474 437//474 438//474 
f 519//474 435//474 436//474 
f 519//474 434//474 433//474 
f 519//474 489//474 490//474 
f 495//474 503//474 491//474 
f 508//474 511//474 506//474 
f 506//474 520//474 521//474 
f 506//474 522//474 523//474 
f 524//474 525//474 506//474 
f 512//474 526//474 527//474 
f 513//474 512//474 515//474 
f 518//474 528//474 515//474 
f 529//474 475//474 476//474 
f 529//474 466//474 467//474 
f 529//474 464//474 465//474 
f 529//474 462//474 463//474 
f 529//474 460//474 461//474 
f 529//474 512//474 458//474 
f 512//474 444//474 445//474 
f 512//474 519//474 442//474 
f 519//474 440//474 441//474 
f 436//474 437//474 519//474 
f 490//474 434//474 519//474 
f 519//474 487//474 488//474 
f 519//474 485//474 486//474 
f 530//474 531//474 532//474 
f 491//474 533//474 531//474 
f 500//474 491//474 506//474 
f 523//474 520//474 506//474 
f 506//474 534//474 535//474 
f 506//474 525//474 536//474 
f 512//474 537//474 524//474 
f 512//474 538//474 539//474 
f 514//474 526//474 512//474 
f 515//474 540//474 517//474 
f 541//474 478//474 479//474 
f 529//474 474//474 475//474 
f 465//474 466//474 529//474 
f 461//474 462//474 529//474 
f 458//474 459//474 529//474 
f 512//474 456//474 457//474 
f 512//474 452//474 453//474 
f 512//474 449//474 450//474 
f 512//474 443//474 444//474 
f 441//474 442//474 519//474 
f 433//474 435//474 519//474 
f 486//474 487//474 519//474 
f 531//474 530//474 491//474 
f 521//474 509//474 506//474 
f 536//474 534//474 506//474 
f 539//474 537//474 512//474 
f 528//474 516//474 515//474 
f 541//474 477//474 478//474 
f 529//474 473//474 474//474 
f 529//474 471//474 472//474 
f 463//474 464//474 529//474 
f 457//474 458//474 512//474 
f 453//474 454//474 512//474 
f 450//474 451//474 512//474 
f 442//474 443//474 512//474 
f 488//474 489//474 519//474 
f 519//474 483//474 484//474 
f 519//474 481//474 482//474 
f 530//474 542//474 543//474 
f 530//474 544//474 545//474 
f 532//474 546//474 530//474 
f 491//474 547//474 548//474 
f 535//474 522//474 506//474 
f 527//474 538//474 512//474 
f 541//474 476//474 477//474 
f 472//474 473//474 529//474 
f 529//474 468//474 469//474 
f 459//474 460//474 529//474 
f 454//474 455//474 512//474 
f 512//474 448//474 449//474 
f 519//474 439//474 440//474 
f 484//474 485//474 519//474 
f 519//474 480//474 481//474 
f 530//474 549//474 550//474 
f 543//474 551//474 530//474 
f 546//474 544//474 530//474 
f 491//474 552//474 553//474 
f 548//474 554//474 491//474 
f 506//474 512//474 524//474 
f 476//474 541//474 529//474 
f 469//474 470//474 529//474 
f 455//474 456//474 512//474 
f 512//474 447//474 448//474 
f 438//474 439//474 519//474 
f 519//474 479//474 480//474 
f 550//474 555//474 530//474 
f 551//474 556//474 530//474 
f 553//474 533//474 491//474 
f 497//474 547//474 491//474 
f 470//474 471//474 529//474 
f 451//474 452//474 512//474 
f 482//474 483//474 519//474 
f 556//474 549//474 530//474 
f 554//474 552//474 491//474 
f 467//474 468//474 529//474 
f 557//474 558//474 512//474 
f 512//474 506//474 519//474 
f 545//474 542//474 530//474 
f 512//474 529//474 557//474 
f 555//474 540//474 530//474 
f 446//474 447//474 512//474 
f 530//474 540//474 515//474 
f 491//474 559//474 506//474 
f 479//474 519//474 541//474 
f 515//474 560//474 530//474 
o mesh25
f 561//475 541//475 519//475 
f 519//475 562//475 561//475 
o mesh26
f 562//476 519//476 506//476 
f 506//476 563//476 562//476 
o mesh27
f 563//477 506//477 559//477 
f 559//477 564//477 563//477 
o mesh28
f 563//478 564//478 561//478 
f 561//478 562//478 563//478 
o mesh29
f 558//479 565//479 566//479 
f 566//479 512//479 558//479 
o mesh30
f 567//480 568//480 560//480 
f 560//480 515//480 567//480 
o mesh31
f 567//481 515//481 512//481 
f 512//481 566//481 567//481 
o mesh32
f 533//482 553//483 569//483 
f 531//484 533//482 570//485 
f 532//486 531//484 571//487 
f 546//488 532//486 572//489 
f 544//490 546//488 573//491 
f 545//492 544//490 574//493 
f 542//494 545//492 575//495 
f 543//496 542//494 576//497 
f 551//498 543//496 577//499 
f 556//500 551//498 578//501 
f 549//502 556//500 579//503 
f 550//504 549//502 580//505 
f 555//506 550//504 581//507 
f 540//508 555//506 582//509 
f 517//510 540//508 583//511 
f 518//512 517//510 584//513 
f 528//514 518//512 585//515 
f 516//516 528//514 586//517 
f 513//518 516//516 587//519 
f 514//520 513//518 588//521 
f 526//522 514//520 589//523 
f 527//524 526//522 590//525 
f 538//526 527//524 591//527 
f 539//528 538//526 592//529 
f 537//530 539//528 593//531 
f 524//532 537//530 594//533 
f 525//534 524//532 595//535 
f 536//536 525//534 596//537 
f 534//538 536//536 597//539 
f 535//540 534//538 598//541 
f 522//542 535//540 599//543 
f 523//544 522//542 600//545 
f 520//546 523//544 601//547 
f 521//548 520//546 602//549 
f 509//550 521//548 603//551 
f 510//552 509//550 604//553 
f 507//554 510//552 605//555 
f 508//556 507//554 606//557 
f 511//558 508//556 607//559 
f 500//560 511//558 608//561 
f 501//562 500//560 609//563 
f 505//564 501//562 610//565 
f 504//566 505//564 611//567 
f 499//568 504//566 612//569 
f 494//570 499//568 613//571 
f 495//572 494//570 614//573 
f 503//574 495//572 615//575 
f 498//576 503//574 616//577 
f 492//578 498//576 617//579 
f 493//580 492//578 618//581 
f 502//582 493//580 619//583 
f 496//584 502//582 620//585 
f 497//586 496//584 621//587 
f 547//588 497//586 622//589 
f 548//590 547//588 623//591 
f 554//592 548//590 624//593 
f 552//594 554//592 625//595 
f 553//483 552//594 626//594 
f 626//594 569//483 553//483 
f 625//595 626//594 552//594 
f 624//593 625//595 554//592 
f 623//591 624//593 548//590 
f 622//589 623//591 547//588 
f 621//587 622//589 497//586 
f 620//585 621//587 496//584 
f 619//583 620//585 502//582 
f 618//581 619//583 493//580 
f 617//579 618//581 492//578 
f 616//577 617//579 498//576 
f 615//575 616//577 503//574 
f 614//573 615//575 495//572 
f 613//571 614//573 494//570 
f 612//569 613//571 499//568 
f 611//567 612//569 504//566 
f 610//565 611//567 505//564 
f 609//563 610//565 501//562 
f 608//561 609//563 500//560 
f 607//559 608//561 511//558 
f 606//557 607//559 508//556 
f 605//555 606//557 507//554 
f 604//553 605//555 510//552 
f 603//551 604//553 509//550 
f 602//549 603//551 521//548 
f 601//547 602//549 520//546 
f 600//545 601//547 523//544 
f 599//543 600//545 522//542 
f 598//541 599//543 535//540 
f 597//539 598//541 534//538 
f 596//537 597//539 536//536 
f 595//535 596//537 525//534 
f 594//533 595//535 524//532 
f 593//531 594//533 537//530 
f 592//529 593//531 539//528 
f 591//527 592//529 538//526 
f 590//525 591//527 527//524 
f 589//523 590//525 526//522 
f 588//521 589//523 514//520 
f 587//519 588//521 513//518 
f 586//517 587//519 516//516 
f 585//515 586//517 528//514 
f 584//513 585//515 518//512 
f 583//511 584//513 517//510 
f 582//509 583//511 540//508 
f 581//507 582//509 555//506 
f 580//505 581//507 550//504 
f 579//503 580//505 549//502 
f 578//501 579//503 556//500 
f 577//499 578//501 551//498 
f 576//497 577//499 543//496 
f 575//495 576//497 542//494 
f 574//493 575//495 545//492 
f 573//491 574//493 544//490 
f 572//489 573//491 546//488 
f 571//487 572//489 532//486 
f 570//485 571//487 531//484 
f 569//483 570//485 533//482 
o mesh33
f 619//596 627//596 628//596 
f 619//596 618//596 629//596 
f 616//596 630//596 631//596 
f 615//596 632//596 630//596 
f 626//596 633//596 634//596 
f 626//596 625//596 635//596 
f 624//596 636//596 635//596 
f 624//596 623//596 637//596 
f 620//596 628//596 638//596 
f 629//596 627//596 619//596 
f 618//596 617//596 631//596 
f 630//596 616//596 615//596 
f 605//596 639//596 640//596 
f 605//596 604//596 641//596 
f 601//596 642//596 643//596 
f 601//596 600//596 644//596 
f 597//596 645//596 646//596 
f 597//596 596//596 647//596 
f 595//596 648//596 647//596 
f 595//596 594//596 649//596 
f 574//596 650//596 651//596 
f 573//596 652//596 650//596 
f 572//596 653//596 652//596 
f 572//596 571//596 654//596 
f 635//596 633//596 626//596 
f 637//596 636//596 624//596 
f 623//596 622//596 655//596 
f 622//596 621//596 638//596 
f 628//596 620//596 619//596 
f 631//596 617//596 616//596 
f 614//596 656//596 632//596 
f 614//596 613//596 657//596 
f 641//596 639//596 605//596 
f 604//596 603//596 658//596 
f 602//596 643//596 658//596 
f 644//596 642//596 601//596 
f 599//596 659//596 644//596 
f 599//596 598//596 646//596 
f 647//596 645//596 597//596 
f 649//596 648//596 595//596 
f 594//596 593//596 660//596 
f 593//596 592//596 661//596 
f 590//596 662//596 663//596 
f 590//596 589//596 664//596 
f 650//596 574//596 573//596 
f 654//596 653//596 572//596 
f 570//596 665//596 654//596 
f 570//596 569//596 634//596 
f 635//596 625//596 624//596 
f 638//596 655//596 622//596 
f 631//596 629//596 618//596 
f 657//596 656//596 614//596 
f 610//596 609//596 666//596 
f 609//596 608//596 667//596 
f 606//596 640//596 668//596 
f 658//596 641//596 604//596 
f 643//596 602//596 601//596 
f 646//596 659//596 599//596 
f 647//596 596//596 595//596 
f 661//596 660//596 593//596 
f 591//596 663//596 661//596 
f 664//596 662//596 590//596 
f 652//596 573//596 572//596 
f 634//596 665//596 570//596 
f 655//596 637//596 623//596 
f 632//596 615//596 614//596 
f 611//596 669//596 670//596 
f 611//596 610//596 671//596 
f 667//596 666//596 609//596 
f 608//596 607//596 668//596 
f 640//596 606//596 605//596 
f 644//596 600//596 599//596 
f 660//596 649//596 594//596 
f 663//596 591//596 590//596 
f 654//596 571//596 570//596 
f 638//596 621//596 620//596 
f 671//596 669//596 611//596 
f 668//596 667//596 608//596 
f 658//596 603//596 602//596 
f 661//596 592//596 591//596 
f 587//596 672//596 673//596 
f 586//596 674//596 672//596 
f 576//596 675//596 676//596 
f 576//596 575//596 651//596 
f 634//596 569//596 626//596 
f 613//596 612//596 670//596 
f 666//596 671//596 610//596 
f 646//596 598//596 597//596 
f 588//596 673//596 664//596 
f 672//596 587//596 586//596 
f 585//596 677//596 674//596 
f 585//596 584//596 678//596 
f 581//596 580//596 679//596 
f 580//596 579//596 680//596 
f 577//596 676//596 681//596 
f 651//596 675//596 576//596 
f 670//596 657//596 613//596 
f 668//596 607//596 606//596 
f 673//596 588//596 587//596 
f 678//596 677//596 585//596 
f 582//596 682//596 683//596 
f 582//596 581//596 684//596 
f 680//596 679//596 580//596 
f 579//596 578//596 681//596 
f 676//596 577//596 576//596 
f 670//596 612//596 611//596 
f 674//596 586//596 585//596 
f 584//596 583//596 683//596 
f 684//596 682//596 582//596 
f 681//596 680//596 579//596 
f 651//596 575//596 574//596 
f 683//596 678//596 584//596 
f 679//596 684//596 581//596 
f 664//596 589//596 588//596 
f 681//596 578//596 577//596 
f 683//596 583//596 582//596 
o mesh34
f 685//597 686//598 634//598 
f 687//599 685//597 633//600 
f 688//601 687//599 635//602 
f 689//603 688//601 636//604 
f 690//605 689//603 637//606 
f 691//607 690//605 655//608 
f 692//609 691//607 638//610 
f 693//611 692//609 628//612 
f 694//613 693//611 627//614 
f 695//615 694//613 629//616 
f 696//617 695//615 631//618 
f 697//619 696//617 630//620 
f 698//621 697//619 632//622 
f 699//623 698//621 656//624 
f 700//625 699//623 657//626 
f 701//627 700//625 670//628 
f 702//629 701//627 669//630 
f 703//631 702//629 671//632 
f 704//633 703//631 666//634 
f 705//635 704//633 667//636 
f 706//637 705//635 668//638 
f 707//639 706//637 640//640 
f 708//641 707//639 639//642 
f 709//643 708//641 641//644 
f 710//645 709//643 658//646 
f 711//647 710//645 643//648 
f 712//649 711//647 642//650 
f 713//651 712//649 644//652 
f 714//653 713//651 659//654 
f 715//655 714//653 646//656 
f 716//657 715//655 645//658 
f 717//659 716//657 647//660 
f 718//661 717//659 648//662 
f 719//663 718//661 649//664 
f 720//665 719//663 660//666 
f 721//667 720//665 661//668 
f 722//669 721//667 663//670 
f 723//671 722//669 662//672 
f 724//673 723//671 664//674 
f 725//675 724//673 673//676 
f 726//677 725//675 672//678 
f 727//679 726//677 674//680 
f 728//681 727//679 677//682 
f 729//683 728//681 678//684 
f 730//685 729//683 683//686 
f 731//687 730//685 682//688 
f 732//689 731//687 684//690 
f 733//691 732//689 679//692 
f 734//693 733//691 680//694 
f 735//695 734//693 681//696 
f 736//697 735//695 676//698 
f 737//699 736//697 675//700 
f 738//701 737//699 651//702 
f 739//703 738//701 650//704 
f 740//705 739//703 652//706 
f 741//707 740//705 653//708 
f 742//709 741//707 654//710 
f 686//598 742//709 665//709 
f 665//709 634//598 686//598 
f 654//710 665//709 742//709 
f 653//708 654//710 741//707 
f 652//706 653//708 740//705 
f 650//704 652//706 739//703 
f 651//702 650//704 738//701 
f 675//700 651//702 737//699 
f 676//698 675//700 736//697 
f 681//696 676//698 735//695 
f 680//694 681//696 734//693 
f 679//692 680//694 733//691 
f 684//690 679//692 732//689 
f 682//688 684//690 731//687 
f 683//686 682//688 730//685 
f 678//684 683//686 729//683 
f 677//682 678//684 728//681 
f 674//680 677//682 727//679 
f 672//678 674//680 726//677 
f 673//676 672//678 725//675 
f 664//674 673//676 724//673 
f 662//672 664//674 723//671 
f 663//670 662//672 722//669 
f 661//668 663//670 721//667 
f 660//666 661//668 720//665 
f 649//664 660//666 719//663 
f 648//662 649//664 718//661 
f 647//660 648//662 717//659 
f 645//658 647//660 716//657 
f 646//656 645//658 715//655 
f 659//654 646//656 714//653 
f 644//652 659//654 713//651 
f 642//650 644//652 712//649 
f 643//648 642//650 711//647 
f 658//646 643//648 710//645 
f 641//644 658//646 709//643 
f 639//642 641//644 708//641 
f 640//640 639//642 707//639 
f 668//638 640//640 706//637 
f 667//636 668//638 705//635 
f 666//634 667//636 704//633 
f 671//632 666//634 703//631 
f 669//630 671//632 702//629 
f 670//628 669//630 701//627 
f 657//626 670//628 700//625 
f 656//624 657//626 699//623 
f 632//622 656//624 698//621 
f 630//620 632//622 697//619 
f 631//618 630//620 696//617 
f 629//616 631//618 695//615 
f 627//614 629//616 694//613 
f 628//612 627//614 693//611 
f 638//610 628//612 692//609 
f 655//608 638//610 691//607 
f 637//606 655//608 690//605 
f 636//604 637//606 689//603 
f 635//602 636//604 688//601 
f 633//600 635//602 687//599 
f 634//598 633//600 685//597 
o mesh35
f 743//711 744//711 565//711 
f 565//711 557//711 743//711 
f 565//711 558//711 557//711 
o mesh36
f 745//712 746//712 565//712 
f 565//712 744//712 745//712 
o mesh37
f 744//713 743//713 747//713 
f 747//713 745//713 744//713 
o mesh38
f 748//714 749//714 746//714 
f 746//714 747//714 748//714 
f 746//714 745//714 747//714 
o mesh39
f 750//715 746//715 749//715 
f 749//715 751//715 750//715 
o mesh40
f 750//714 751//714 752//714 
f 752//714 753//714 750//714 
o mesh41
f 754//716 755//716 753//716 
f 753//716 752//716 754//716 
o mesh42
f 530//717 560//717 568//717 
f 568//717 756//717 530//717 
f 568//717 757//717 756//717 
o mesh43
f 758//718 759//718 755//718 
f 755//718 760//718 758//718 
f 755//718 754//718 760//718 
o mesh44
f 759//719 757//719 568//719 
f 568//719 755//719 759//719 
o mesh45
f 758//720 756//720 757//720 
f 757//720 759//720 758//720 
o mesh46
f 761//721 762//721 561//721 
f 529//721 541//721 561//721 
f 763//721 529//721 762//721 
f 561//721 762//721 529//721 
f 561//721 564//721 761//721 
f 764//721 765//721 761//721 
f 491//721 764//721 564//721 
f 761//721 564//721 764//721 
f 762//721 766//721 763//721 
f 564//721 559//721 491//721 
o mesh47
f 761//722 765//722 767//722 
f 767//722 768//722 761//722 
o mesh48
f 768//721 767//721 769//721 
f 769//721 770//721 768//721 
o mesh49
f 770//723 769//723 766//723 
f 766//723 762//723 770//723 
o mesh50
f 770//724 762//724 761//724 
f 761//724 768//724 770//724 
o mesh51
f 771//723 772//723 756//723 
f 491//723 530//723 756//723 
f 764//723 491//723 772//723 
f 756//723 772//723 491//723 
f 756//723 758//723 771//723 
f 773//723 774//723 771//723 
f 775//723 773//723 758//723 
f 771//723 758//723 773//723 
f 772//723 776//723 764//723 
f 758//723 760//723 775//723 
o mesh52
f 777//724 778//724 772//724 
f 772//724 771//724 777//724 
o mesh53
f 772//725 778//725 779//725 
f 779//725 776//725 772//725 
f 779//725 780//725 776//725 
o mesh54
f 774//726 781//726 782//726 
f 782//726 771//726 774//726 
f 782//726 777//726 771//726 
o mesh55
f 777//727 782//727 779//727 
f 779//727 778//727 777//727 
o mesh56
f 782//728 781//728 783//728 
f 783//728 784//728 782//728 
o mesh57
f 785//728 780//728 779//728 
f 779//728 786//728 785//728 
o mesh58
f 784//729 783//729 787//729 
f 787//729 788//729 784//729 
o mesh59
f 789//730 790//730 788//730 
f 788//730 787//730 789//730 
o mesh60
f 791//731 792//731 785//731 
f 785//731 786//731 791//731 
o mesh61
f 791//730 793//730 794//730 
f 794//730 792//730 791//730 
o mesh62
f 795//732 796//732 747//732 
f 797//732 748//732 747//732 
f 798//732 797//732 796//732 
f 747//732 796//732 797//732 
f 747//732 743//732 795//732 
f 763//732 799//732 795//732 
f 529//732 763//732 743//732 
f 795//732 743//732 763//732 
f 796//732 800//732 798//732 
f 743//732 557//732 529//732 
o mesh63
f 795//733 801//733 802//733 
f 802//733 796//733 795//733 
o mesh64
f 796//734 802//734 803//734 
f 803//734 800//734 796//734 
o mesh65
f 804//735 801//735 795//735 
f 795//735 799//735 804//735 
o mesh66
f 805//736 806//736 802//736 
f 807//736 803//736 802//736 
f 808//736 805//736 801//736 
f 802//736 806//736 807//736 
f 802//736 801//736 805//736 
f 801//736 804//736 808//736 
o mesh67
f 809//735 810//735 805//735 
f 805//735 808//735 809//735 
o mesh68
f 811//737 807//737 806//737 
f 806//737 812//737 811//737 
o mesh69
f 810//738 812//738 806//738 
f 806//738 805//738 810//738 
o mesh70
f 811//739 812//739 813//739 
f 812//739 810//739 814//739 
f 814//739 813//739 812//739 
f 809//739 815//739 814//739 
f 814//739 810//739 809//739 
f 813//739 816//739 811//739 
o mesh71
f 814//740 815//740 793//740 
f 815//740 794//740 793//740 
f 793//740 817//740 814//740 
o mesh72
f 813//741 818//741 790//741 
f 790//741 816//741 813//741 
f 790//741 789//741 816//741 
o mesh73
f 818//742 817//742 793//742 
f 793//742 790//742 818//742 
o mesh74
f 813//743 814//743 817//743 
f 817//743 818//743 813//743 
o mesh75
f 752//744 819//744 820//744 
f 752//744 821//744 822//744 
f 752//744 823//744 824//744 
f 752//744 825//744 819//744 
f 752//744 826//744 821//744 
f 752//744 827//744 828//744 
f 752//744 829//744 830//744 
f 752//744 831//744 823//744 
f 752//744 832//744 825//744 
f 752//744 833//744 826//744 
f 828//744 834//744 752//744 
f 829//744 835//744 830//744 
f 829//744 836//744 837//744 
f 820//744 831//744 752//744 
f 834//744 833//744 752//744 
f 837//744 835//744 829//744 
f 838//744 839//744 840//744 
f 838//744 841//744 842//744 
f 822//744 832//744 752//744 
f 830//744 843//744 752//744 
f 829//744 844//744 845//744 
f 829//744 846//744 847//744 
f 838//744 848//744 849//744 
f 838//744 850//744 851//744 
f 838//744 852//744 839//744 
f 842//744 853//744 838//744 
f 854//744 855//744 856//744 
f 751//744 857//744 858//744 
f 775//744 859//744 860//744 
f 843//744 827//744 752//744 
f 847//744 844//744 829//744 
f 829//744 861//744 862//744 
f 829//744 849//744 863//744 
f 838//744 864//744 848//744 
f 838//744 865//744 866//744 
f 840//744 850//744 838//744 
f 838//744 867//744 841//744 
f 854//744 868//744 869//744 
f 854//744 870//744 871//744 
f 856//744 872//744 854//744 
f 855//744 873//744 874//744 
f 855//744 875//744 876//744 
f 858//744 855//744 751//744 
f 751//744 877//744 878//744 
f 797//744 879//744 880//744 
f 775//744 881//744 859//744 
f 775//744 752//744 882//744 
f 845//744 836//744 829//744 
f 863//744 861//744 829//744 
f 866//744 864//744 838//744 
f 853//744 852//744 838//744 
f 854//744 883//744 868//744 
f 854//744 884//744 885//744 
f 872//744 870//744 854//744 
f 876//744 873//744 855//744 
f 855//744 886//744 887//744 
f 855//744 888//744 889//744 
f 751//744 890//744 857//744 
f 751//744 891//744 877//744 
f 751//744 892//744 893//744 
f 751//744 880//744 894//744 
f 797//744 895//744 879//744 
f 797//744 896//744 897//744 
f 797//744 898//744 899//744 
f 775//744 900//744 901//744 
f 775//744 902//744 903//744 
f 860//744 904//744 775//744 
f 882//744 905//744 775//744 
f 862//744 846//744 829//744 
f 851//744 865//744 838//744 
f 854//744 906//744 883//744 
f 885//744 907//744 854//744 
f 874//744 856//744 855//744 
f 889//744 886//744 855//744 
f 878//744 890//744 751//744 
f 751//744 908//744 892//744 
f 751//744 909//744 910//744 
f 880//744 751//744 797//744 
f 899//744 896//744 797//744 
f 797//744 911//744 912//744 
f 797//744 913//744 914//744 
f 797//744 915//744 916//744 
f 797//744 917//744 918//744 
f 775//744 919//744 867//744 
f 775//744 920//744 921//744 
f 901//744 922//744 775//744 
f 904//744 902//744 775//744 
f 775//744 923//744 924//744 
f 905//744 925//744 775//744 
f 849//744 829//744 838//744 
f 907//744 906//744 854//744 
f 887//744 875//744 855//744 
f 855//744 926//744 927//744 
f 751//744 928//744 891//744 
f 910//744 908//744 751//744 
f 751//744 929//744 930//744 
f 897//744 895//744 797//744 
f 914//744 911//744 797//744 
f 916//744 931//744 797//744 
f 918//744 932//744 797//744 
f 797//744 854//744 933//744 
f 921//744 919//744 775//744 
f 922//744 934//744 775//744 
f 924//744 881//744 775//744 
f 824//744 882//744 752//744 
f 854//744 935//744 884//744 
f 927//744 888//744 855//744 
f 893//744 928//744 751//744 
f 930//744 936//744 751//744 
f 912//744 898//744 797//744 
f 931//744 937//744 797//744 
f 933//744 917//744 797//744 
f 934//744 920//744 775//744 
f 925//744 923//744 775//744 
f 871//744 935//744 854//744 
f 936//744 909//744 751//744 
f 937//744 913//744 797//744 
f 854//744 938//744 933//744 
f 903//744 900//744 775//744 
f 752//744 751//744 855//744 
f 858//744 926//744 855//744 
f 932//744 915//744 797//744 
f 855//744 829//744 752//744 
f 894//744 929//744 751//744 
f 748//744 797//744 751//744 
f 869//744 938//744 854//744 
f 867//744 838//744 775//744 
f 760//744 754//744 752//744 
f 752//744 775//744 760//744 
f 751//744 749//744 748//744 
o mesh76
f 939//745 838//745 829//745 
f 829//745 940//745 939//745 
o mesh77
f 940//746 829//746 855//746 
f 855//746 941//746 940//746 
o mesh78
f 941//747 855//747 854//747 
f 854//747 942//747 941//747 
o mesh79
f 941//748 942//748 939//748 
f 939//748 940//748 941//748 
o mesh80
f 874//749 873//750 943//750 
f 856//751 874//749 944//752 
f 872//753 856//751 945//754 
f 870//755 872//753 946//756 
f 871//757 870//755 947//758 
f 935//759 871//757 948//760 
f 884//761 935//759 949//762 
f 885//763 884//761 950//764 
f 907//765 885//763 951//766 
f 906//767 907//765 952//768 
f 883//769 906//767 953//770 
f 868//771 883//769 954//772 
f 869//773 868//771 955//774 
f 938//775 869//773 956//776 
f 933//777 938//775 957//778 
f 917//779 933//777 958//780 
f 918//781 917//779 959//782 
f 932//783 918//781 960//784 
f 915//785 932//783 961//786 
f 916//787 915//785 962//788 
f 931//789 916//787 963//790 
f 937//791 931//789 964//792 
f 913//793 937//791 965//794 
f 914//795 913//793 966//796 
f 911//797 914//795 967//798 
f 912//799 911//797 968//800 
f 898//801 912//799 969//802 
f 899//803 898//801 970//804 
f 896//805 899//803 971//806 
f 897//807 896//805 972//808 
f 895//809 897//807 973//810 
f 879//811 895//809 974//812 
f 880//813 879//811 975//814 
f 894//815 880//813 976//816 
f 929//817 894//815 977//818 
f 930//819 929//817 978//820 
f 936//821 930//819 979//822 
f 909//823 936//821 980//824 
f 910//825 909//823 981//826 
f 908//827 910//825 982//828 
f 892//829 908//827 983//830 
f 893//831 892//829 984//832 
f 928//833 893//831 985//834 
f 891//835 928//833 986//836 
f 877//837 891//835 987//838 
f 878//839 877//837 988//840 
f 890//841 878//839 989//842 
f 857//843 890//841 990//844 
f 858//845 857//843 991//846 
f 926//847 858//845 992//848 
f 927//849 926//847 993//850 
f 888//851 927//849 994//852 
f 889//853 888//851 995//854 
f 886//855 889//853 996//856 
f 887//857 886//855 997//858 
f 875//859 887//857 998//860 
f 876//861 875//859 999//862 
f 873//750 876//861 1000//861 
f 1000//861 943//750 873//750 
f 999//862 1000//861 876//861 
f 998//860 999//862 875//859 
f 997//858 998//860 887//857 
f 996//856 997//858 886//855 
f 995//854 996//856 889//853 
f 994//852 995//854 888//851 
f 993//850 994//852 927//849 
f 992//848 993//850 926//847 
f 991//846 992//848 858//845 
f 990//844 991//846 857//843 
f 989//842 990//844 890//841 
f 988//840 989//842 878//839 
f 987//838 988//840 877//837 
f 986//836 987//838 891//835 
f 985//834 986//836 928//833 
f 984//832 985//834 893//831 
f 983//830 984//832 892//829 
f 982//828 983//830 908//827 
f 981//826 982//828 910//825 
f 980//824 981//826 909//823 
f 979//822 980//824 936//821 
f 978//820 979//822 930//819 
f 977//818 978//820 929//817 
f 976//816 977//818 894//815 
f 975//814 976//816 880//813 
f 974//812 975//814 879//811 
f 973//810 974//812 895//809 
f 972//808 973//810 897//807 
f 971//806 972//808 896//805 
f 970//804 971//806 899//803 
f 969//802 970//804 898//801 
f 968//800 969//802 912//799 
f 967//798 968//800 911//797 
f 966//796 967//798 914//795 
f 965//794 966//796 913//793 
f 964//792 965//794 937//791 
f 963//790 964//792 931//789 
f 962//788 963//790 916//787 
f 961//786 962//788 915//785 
f 960//784 961//786 932//783 
f 959//782 960//784 918//781 
f 958//780 959//782 917//779 
f 957//778 958//780 933//777 
f 956//776 957//778 938//775 
f 955//774 956//776 869//773 
f 954//772 955//774 868//771 
f 953//770 954//772 883//769 
f 952//768 953//770 906//767 
f 951//766 952//768 907//765 
f 950//764 951//766 885//763 
f 949//762 950//764 884//761 
f 948//760 949//762 935//759 
f 947//758 948//760 871//757 
f 946//756 947//758 870//755 
f 945//754 946//756 872//753 
f 944//752 945//754 856//751 
f 943//750 944//752 874//749 
o mesh81
f 952//863 1001//863 1002//863 
f 952//863 951//863 1003//863 
f 948//863 1004//863 1005//863 
f 948//863 947//863 1006//863 
f 947//863 946//863 1007//863 
f 946//863 945//863 1008//863 
f 998//863 1009//863 1010//863 
f 997//863 1011//863 1009//863 
f 996//863 1012//863 1011//863 
f 996//863 995//863 1013//863 
f 992//863 1014//863 1015//863 
f 992//863 991//863 1016//863 
f 1003//863 1001//863 952//863 
f 951//863 950//863 1017//863 
f 1006//863 1004//863 948//863 
f 1008//863 1007//863 946//863 
f 1009//863 998//863 997//863 
f 1013//863 1012//863 996//863 
f 993//863 1015//863 1018//863 
f 1016//863 1014//863 992//863 
f 981//863 1019//863 1020//863 
f 981//863 980//863 1021//863 
f 976//863 1022//863 1023//863 
f 976//863 975//863 1024//863 
f 969//863 1025//863 1026//863 
f 968//863 1027//863 1025//863 
f 967//863 1028//863 1027//863 
f 967//863 966//863 1029//863 
f 963//863 1030//863 1031//863 
f 963//863 962//863 1032//863 
f 955//863 1033//863 1034//863 
f 954//863 1035//863 1033//863 
f 953//863 1002//863 1035//863 
f 1017//863 1003//863 951//863 
f 949//863 1005//863 1017//863 
f 1007//863 1006//863 947//863 
f 944//863 1036//863 1008//863 
f 944//863 943//863 1037//863 
f 1000//863 1038//863 1037//863 
f 1000//863 999//863 1010//863 
f 1011//863 997//863 996//863 
f 995//863 994//863 1018//863 
f 1015//863 993//863 992//863 
f 991//863 990//863 1039//863 
f 990//863 989//863 1040//863 
f 989//863 988//863 1041//863 
f 1021//863 1019//863 981//863 
f 980//863 979//863 1042//863 
f 978//863 1043//863 1042//863 
f 978//863 977//863 1023//863 
f 1024//863 1022//863 976//863 
f 975//863 974//863 1044//863 
f 1025//863 969//863 968//863 
f 1029//863 1028//863 967//863 
f 964//863 1031//863 1045//863 
f 1032//863 1030//863 963//863 
f 1033//863 955//863 954//863 
f 1002//863 953//863 952//863 
f 1005//863 949//863 948//863 
f 1037//863 1036//863 944//863 
f 1010//863 1038//863 1000//863 
f 1018//863 1013//863 995//863 
f 1039//863 1016//863 991//863 
f 1041//863 1040//863 989//863 
f 984//863 1046//863 1047//863 
f 983//863 1048//863 1046//863 
f 982//863 1020//863 1048//863 
f 1042//863 1021//863 980//863 
f 1023//863 1043//863 978//863 
f 1044//863 1024//863 975//863 
f 973//863 1049//863 1044//863 
f 973//863 972//863 1050//863 
f 971//863 1051//863 1050//863 
f 971//863 970//863 1026//863 
f 1027//863 968//863 967//863 
f 966//863 965//863 1045//863 
f 1031//863 964//863 963//863 
f 962//863 961//863 1052//863 
f 961//863 960//863 1053//863 
f 960//863 959//863 1054//863 
f 1035//863 954//863 953//863 
f 1008//863 945//863 944//863 
f 1010//863 999//863 998//863 
f 1040//863 1039//863 990//863 
f 1046//863 984//863 983//863 
f 1020//863 982//863 981//863 
f 1023//863 977//863 976//863 
f 1050//863 1049//863 973//863 
f 1026//863 1051//863 971//863 
f 1045//863 1029//863 966//863 
f 1052//863 1032//863 962//863 
f 1054//863 1053//863 960//863 
f 1017//863 950//863 949//863 
f 1018//863 994//863 993//863 
f 987//863 986//863 1055//863 
f 986//863 985//863 1047//863 
f 1048//863 983//863 982//863 
f 1044//863 974//863 973//863 
f 1026//863 970//863 969//863 
f 1053//863 1052//863 961//863 
f 957//863 956//863 1034//863 
f 1037//863 943//863 1000//863 
f 987//863 1056//863 1041//863 
f 1047//863 1055//863 986//863 
f 1042//863 979//863 978//863 
f 1045//863 965//863 964//863 
f 958//863 1057//863 1054//863 
f 958//863 957//863 1058//863 
f 1034//863 956//863 955//863 
f 1055//863 1056//863 987//863 
f 1050//863 972//863 971//863 
f 1058//863 1057//863 958//863 
f 1041//863 988//863 987//863 
f 1054//863 959//863 958//863 
f 1047//863 985//863 984//863 
f 1034//863 1058//863 957//863 
o mesh82
f 1059//864 1060//865 1037//865 
f 1061//866 1059//864 1038//867 
f 1062//868 1061//866 1010//869 
f 1063//870 1062//868 1009//871 
f 1064//872 1063//870 1011//873 
f 1065//874 1064//872 1012//875 
f 1066//876 1065//874 1013//877 
f 1067//878 1066//876 1018//879 
f 1068//880 1067//878 1015//881 
f 1069//882 1068//880 1014//883 
f 1070//884 1069//882 1016//885 
f 1071//886 1070//884 1039//887 
f 1072//888 1071//886 1040//889 
f 1073//890 1072//888 1041//891 
f 1074//892 1073//890 1056//893 
f 1075//894 1074//892 1055//895 
f 1076//896 1075//894 1047//897 
f 1077//898 1076//896 1046//899 
f 1078//900 1077//898 1048//901 
f 1079//902 1078//900 1020//903 
f 1080//904 1079//902 1019//905 
f 1081//906 1080//904 1021//907 
f 1082//908 1081//906 1042//909 
f 1083//910 1082//908 1043//911 
f 1084//912 1083//910 1023//913 
f 1085//914 1084//912 1022//915 
f 1086//916 1085//914 1024//917 
f 1087//918 1086//916 1044//919 
f 1088//920 1087//918 1049//921 
f 1089//922 1088//920 1050//923 
f 1090//924 1089//922 1051//925 
f 1091//926 1090//924 1026//927 
f 1092//928 1091//926 1025//929 
f 1093//930 1092//928 1027//931 
f 1094//932 1093//930 1028//933 
f 1095//934 1094//932 1029//935 
f 1096//936 1095//934 1045//937 
f 1097//938 1096//936 1031//939 
f 1098//940 1097//938 1030//941 
f 1099//942 1098//940 1032//943 
f 1100//944 1099//942 1052//945 
f 1101//946 1100//944 1053//947 
f 1102//948 1101//946 1054//949 
f 1103//950 1102//948 1057//951 
f 1104//952 1103//950 1058//953 
f 1105//954 1104//952 1034//955 
f 1106//956 1105//954 1033//957 
f 1107//958 1106//956 1035//959 
f 1108//960 1107//958 1002//961 
f 1109//962 1108//960 1001//963 
f 1110//964 1109//962 1003//965 
f 1111//966 1110//964 1017//967 
f 1112//968 1111//966 1005//969 
f 1113//970 1112//968 1004//971 
f 1114//972 1113//970 1006//973 
f 1115//974 1114//972 1007//975 
f 1116//976 1115//974 1008//977 
f 1060//865 1116//976 1036//976 
f 1036//976 1037//865 1060//865 
f 1008//977 1036//976 1116//976 
f 1007//975 1008//977 1115//974 
f 1006//973 1007//975 1114//972 
f 1004//971 1006//973 1113//970 
f 1005//969 1004//971 1112//968 
f 1017//967 1005//969 1111//966 
f 1003//965 1017//967 1110//964 
f 1001//963 1003//965 1109//962 
f 1002//961 1001//963 1108//960 
f 1035//959 1002//961 1107//958 
f 1033//957 1035//959 1106//956 
f 1034//955 1033//957 1105//954 
f 1058//953 1034//955 1104//952 
f 1057//951 1058//953 1103//950 
f 1054//949 1057//951 1102//948 
f 1053//947 1054//949 1101//946 
f 1052//945 1053//947 1100//944 
f 1032//943 1052//945 1099//942 
f 1030//941 1032//943 1098//940 
f 1031//939 1030//941 1097//938 
f 1045//937 1031//939 1096//936 
f 1029//935 1045//937 1095//934 
f 1028//933 1029//935 1094//932 
f 1027//931 1028//933 1093//930 
f 1025//929 1027//931 1092//928 
f 1026//927 1025//929 1091//926 
f 1051//925 1026//927 1090//924 
f 1050//923 1051//925 1089//922 
f 1049//921 1050//923 1088//920 
f 1044//919 1049//921 1087//918 
f 1024//917 1044//919 1086//916 
f 1022//915 1024//917 1085//914 
f 1023//913 1022//915 1084//912 
f 1043//911 1023//913 1083//910 
f 1042//909 1043//911 1082//908 
f 1021//907 1042//909 1081//906 
f 1019//905 1021//907 1080//904 
f 1020//903 1019//905 1079//902 
f 1048//901 1020//903 1078//900 
f 1046//899 1048//901 1077//898 
f 1047//897 1046//899 1076//896 
f 1055//895 1047//897 1075//894 
f 1056//893 1055//895 1074//892 
f 1041//891 1056//893 1073//890 
f 1040//889 1041//891 1072//888 
f 1039//887 1040//889 1071//886 
f 1016//885 1039//887 1070//884 
f 1014//883 1016//885 1069//882 
f 1015//881 1014//883 1068//880 
f 1018//879 1015//881 1067//878 
f 1013//877 1018//879 1066//876 
f 1012//875 1013//877 1065//874 
f 1011//873 1012//875 1064//872 
f 1009//871 1011//873 1063//870 
f 1010//869 1009//871 1062//868 
f 1038//867 1010//869 1061//866 
f 1037//865 1038//867 1059//864 
o mesh83
f 881//976 924//978 1117//978 
f 859//977 881//976 1118//979 
f 860//980 859//977 1119//981 
f 904//982 860//980 1120//983 
f 902//984 904//982 1121//985 
f 903//986 902//984 1122//987 
f 900//988 903//986 1123//989 
f 901//990 900//988 1124//991 
f 922//992 901//990 1125//993 
f 934//994 922//992 1126//995 
f 920//996 934//994 1127//997 
f 921//998 920//996 1128//999 
f 919//1000 921//998 1129//1001 
f 867//1002 919//1000 1130//1003 
f 841//1004 867//1002 1131//1005 
f 842//1006 841//1004 1132//1007 
f 853//1008 842//1006 1133//1009 
f 852//1010 853//1008 1134//1011 
f 839//1012 852//1010 1135//1013 
f 840//1014 839//1012 1136//1015 
f 850//1016 840//1014 1137//1017 
f 851//1018 850//1016 1138//1019 
f 865//1020 851//1018 1139//1021 
f 866//1022 865//1020 1140//1023 
f 864//1024 866//1022 1141//1025 
f 848//1026 864//1024 1142//1027 
f 849//1028 848//1026 1143//1029 
f 863//1030 849//1028 1144//1031 
f 861//1032 863//1030 1145//1033 
f 862//1034 861//1032 1146//1035 
f 846//1036 862//1034 1147//1037 
f 847//1038 846//1036 1148//1039 
f 844//1040 847//1038 1149//1041 
f 845//1042 844//1040 1150//1043 
f 836//1044 845//1042 1151//1045 
f 837//1046 836//1044 1152//1047 
f 835//1048 837//1046 1153//1049 
f 830//1050 835//1048 1154//1051 
f 843//1052 830//1050 1155//1053 
f 827//1054 843//1052 1156//1055 
f 828//1056 827//1054 1157//1057 
f 834//1058 828//1056 1158//1059 
f 833//1060 834//1058 1159//1061 
f 826//1062 833//1060 1160//1063 
f 821//1064 826//1062 1161//1065 
f 822//1066 821//1064 1162//1067 
f 832//1068 822//1066 1163//1069 
f 825//1070 832//1068 1164//1071 
f 819//1072 825//1070 1165//1073 
f 820//1074 819//1072 1166//1075 
f 831//1076 820//1074 1167//1077 
f 823//1078 831//1076 1168//1079 
f 824//1080 823//1078 1169//1081 
f 882//1082 824//1080 1170//1083 
f 905//1084 882//1082 1171//1085 
f 925//1086 905//1084 1172//1087 
f 923//1088 925//1086 1173//1089 
f 924//978 923//1088 1174//1088 
f 1174//1088 1117//978 924//978 
f 1173//1089 1174//1088 923//1088 
f 1172//1087 1173//1089 925//1086 
f 1171//1085 1172//1087 905//1084 
f 1170//1083 1171//1085 882//1082 
f 1169//1081 1170//1083 824//1080 
f 1168//1079 1169//1081 823//1078 
f 1167//1077 1168//1079 831//1076 
f 1166//1075 1167//1077 820//1074 
f 1165//1073 1166//1075 819//1072 
f 1164//1071 1165//1073 825//1070 
f 1163//1069 1164//1071 832//1068 
f 1162//1067 1163//1069 822//1066 
f 1161//1065 1162//1067 821//1064 
f 1160//1063 1161//1065 826//1062 
f 1159//1061 1160//1063 833//1060 
f 1158//1059 1159//1061 834//1058 
f 1157//1057 1158//1059 828//1056 
f 1156//1055 1157//1057 827//1054 
f 1155//1053 1156//1055 843//1052 
f 1154//1051 1155//1053 830//1050 
f 1153//1049 1154//1051 835//1048 
f 1152//1047 1153//1049 837//1046 
f 1151//1045 1152//1047 836//1044 
f 1150//1043 1151//1045 845//1042 
f 1149//1041 1150//1043 844//1040 
f 1148//1039 1149//1041 847//1038 
f 1147//1037 1148//1039 846//1036 
f 1146//1035 1147//1037 862//1034 
f 1145//1033 1146//1035 861//1032 
f 1144//1031 1145//1033 863//1030 
f 1143//1029 1144//1031 849//1028 
f 1142//1027 1143//1029 848//1026 
f 1141//1025 1142//1027 864//1024 
f 1140//1023 1141//1025 866//1022 
f 1139//1021 1140//1023 865//1020 
f 1138//1019 1139//1021 851//1018 
f 1137//1017 1138//1019 850//1016 
f 1136//1015 1137//1017 840//1014 
f 1135//1013 1136//1015 839//1012 
f 1134//1011 1135//1013 852//1010 
f 1133//1009 1134//1011 853//1008 
f 1132//1007 1133//1009 842//1006 
f 1131//1005 1132//1007 841//1004 
f 1130//1003 1131//1005 867//1002 
f 1129//1001 1130//1003 919//1000 
f 1128//999 1129//1001 921//998 
f 1127//997 1128//999 920//996 
f 1126//995 1127//997 934//994 
f 1125//993 1126//995 922//992 
f 1124//991 1125//993 901//990 
f 1123//989 1124//991 900//988 
f 1122//987 1123//989 903//986 
f 1121//985 1122//987 902//984 
f 1120//983 1121//985 904//982 
f 1119//981 1120//983 860//980 
f 1118//979 1119//981 859//977 
f 1117//978 1118//979 881//976 
o mesh84
f 1167//1090 1175//1090 1176//1090 
f 1167//1090 1166//1090 1177//1090 
f 1164//1090 1178//1090 1179//1090 
f 1163//1090 1180//1090 1178//1090 
f 1174//1090 1181//1090 1182//1090 
f 1174//1090 1173//1090 1183//1090 
f 1172//1090 1184//1090 1183//1090 
f 1172//1090 1171//1090 1185//1090 
f 1168//1090 1176//1090 1186//1090 
f 1177//1090 1175//1090 1167//1090 
f 1166//1090 1165//1090 1179//1090 
f 1178//1090 1164//1090 1163//1090 
f 1153//1090 1187//1090 1188//1090 
f 1153//1090 1152//1090 1189//1090 
f 1149//1090 1190//1090 1191//1090 
f 1149//1090 1148//1090 1192//1090 
f 1145//1090 1193//1090 1194//1090 
f 1145//1090 1144//1090 1195//1090 
f 1143//1090 1196//1090 1195//1090 
f 1143//1090 1142//1090 1197//1090 
f 1122//1090 1198//1090 1199//1090 
f 1121//1090 1200//1090 1198//1090 
f 1120//1090 1201//1090 1200//1090 
f 1120//1090 1119//1090 1202//1090 
f 1183//1090 1181//1090 1174//1090 
f 1185//1090 1184//1090 1172//1090 
f 1171//1090 1170//1090 1203//1090 
f 1170//1090 1169//1090 1186//1090 
f 1176//1090 1168//1090 1167//1090 
f 1179//1090 1165//1090 1164//1090 
f 1162//1090 1204//1090 1180//1090 
f 1162//1090 1161//1090 1205//1090 
f 1189//1090 1187//1090 1153//1090 
f 1152//1090 1151//1090 1206//1090 
f 1150//1090 1191//1090 1206//1090 
f 1192//1090 1190//1090 1149//1090 
f 1147//1090 1207//1090 1192//1090 
f 1147//1090 1146//1090 1194//1090 
f 1195//1090 1193//1090 1145//1090 
f 1197//1090 1196//1090 1143//1090 
f 1142//1090 1141//1090 1208//1090 
f 1141//1090 1140//1090 1209//1090 
f 1138//1090 1210//1090 1211//1090 
f 1138//1090 1137//1090 1212//1090 
f 1198//1090 1122//1090 1121//1090 
f 1202//1090 1201//1090 1120//1090 
f 1118//1090 1213//1090 1202//1090 
f 1118//1090 1117//1090 1182//1090 
f 1183//1090 1173//1090 1172//1090 
f 1186//1090 1203//1090 1170//1090 
f 1179//1090 1177//1090 1166//1090 
f 1205//1090 1204//1090 1162//1090 
f 1158//1090 1157//1090 1214//1090 
f 1157//1090 1156//1090 1215//1090 
f 1154//1090 1188//1090 1216//1090 
f 1206//1090 1189//1090 1152//1090 
f 1191//1090 1150//1090 1149//1090 
f 1194//1090 1207//1090 1147//1090 
f 1195//1090 1144//1090 1143//1090 
f 1209//1090 1208//1090 1141//1090 
f 1139//1090 1211//1090 1209//1090 
f 1212//1090 1210//1090 1138//1090 
f 1200//1090 1121//1090 1120//1090 
f 1182//1090 1213//1090 1118//1090 
f 1203//1090 1185//1090 1171//1090 
f 1180//1090 1163//1090 1162//1090 
f 1159//1090 1217//1090 1218//1090 
f 1159//1090 1158//1090 1219//1090 
f 1215//1090 1214//1090 1157//1090 
f 1156//1090 1155//1090 1216//1090 
f 1188//1090 1154//1090 1153//1090 
f 1192//1090 1148//1090 1147//1090 
f 1208//1090 1197//1090 1142//1090 
f 1211//1090 1139//1090 1138//1090 
f 1202//1090 1119//1090 1118//1090 
f 1186//1090 1169//1090 1168//1090 
f 1219//1090 1217//1090 1159//1090 
f 1216//1090 1215//1090 1156//1090 
f 1206//1090 1151//1090 1150//1090 
f 1209//1090 1140//1090 1139//1090 
f 1135//1090 1220//1090 1221//1090 
f 1134//1090 1222//1090 1220//1090 
f 1124//1090 1223//1090 1224//1090 
f 1124//1090 1123//1090 1199//1090 
f 1182//1090 1117//1090 1174//1090 
f 1161//1090 1160//1090 1218//1090 
f 1214//1090 1219//1090 1158//1090 
f 1194//1090 1146//1090 1145//1090 
f 1136//1090 1221//1090 1212//1090 
f 1220//1090 1135//1090 1134//1090 
f 1133//1090 1225//1090 1222//1090 
f 1133//1090 1132//1090 1226//1090 
f 1129//1090 1128//1090 1227//1090 
f 1128//1090 1127//1090 1228//1090 
f 1125//1090 1224//1090 1229//1090 
f 1199//1090 1223//1090 1124//1090 
f 1218//1090 1205//1090 1161//1090 
f 1216//1090 1155//1090 1154//1090 
f 1221//1090 1136//1090 1135//1090 
f 1226//1090 1225//1090 1133//1090 
f 1130//1090 1230//1090 1231//1090 
f 1130//1090 1129//1090 1232//1090 
f 1228//1090 1227//1090 1128//1090 
f 1127//1090 1126//1090 1229//1090 
f 1224//1090 1125//1090 1124//1090 
f 1218//1090 1160//1090 1159//1090 
f 1222//1090 1134//1090 1133//1090 
f 1132//1090 1131//1090 1231//1090 
f 1232//1090 1230//1090 1130//1090 
f 1229//1090 1228//1090 1127//1090 
f 1199//1090 1123//1090 1122//1090 
f 1231//1090 1226//1090 1132//1090 
f 1227//1090 1232//1090 1129//1090 
f 1212//1090 1137//1090 1136//1090 
f 1229//1090 1126//1090 1125//1090 
f 1231//1090 1131//1090 1130//1090 
o mesh85
f 1233//1091 1234//1092 1182//1092 
f 1235//1093 1233//1091 1181//1094 
f 1236//1095 1235//1093 1183//1096 
f 1237//1097 1236//1095 1184//1098 
f 1238//1099 1237//1097 1185//1100 
f 1239//1101 1238//1099 1203//1102 
f 1240//1103 1239//1101 1186//1104 
f 1241//1105 1240//1103 1176//1106 
f 1242//1107 1241//1105 1175//1108 
f 1243//1109 1242//1107 1177//1110 
f 1244//1111 1243//1109 1179//1112 
f 1245//1113 1244//1111 1178//1114 
f 1246//1115 1245//1113 1180//1116 
f 1247//1117 1246//1115 1204//1118 
f 1248//1119 1247//1117 1205//1120 
f 1249//1121 1248//1119 1218//1122 
f 1250//1123 1249//1121 1217//1124 
f 1251//1125 1250//1123 1219//1126 
f 1252//1127 1251//1125 1214//1128 
f 1253//1129 1252//1127 1215//1130 
f 1254//1131 1253//1129 1216//1132 
f 1255//1133 1254//1131 1188//1134 
f 1256//1135 1255//1133 1187//1136 
f 1257//1137 1256//1135 1189//1138 
f 1258//1139 1257//1137 1206//1140 
f 1259//1141 1258//1139 1191//1142 
f 1260//1143 1259//1141 1190//1144 
f 1261//1145 1260//1143 1192//1146 
f 1262//1147 1261//1145 1207//1148 
f 1263//1149 1262//1147 1194//1150 
f 1264//1151 1263//1149 1193//1152 
f 1265//1153 1264//1151 1195//1154 
f 1266//1155 1265//1153 1196//1156 
f 1267//1157 1266//1155 1197//1158 
f 1268//1159 1267//1157 1208//1160 
f 1269//1161 1268//1159 1209//1162 
f 1270//1163 1269//1161 1211//1164 
f 1271//1165 1270//1163 1210//1166 
f 1272//1167 1271//1165 1212//1168 
f 1273//1169 1272//1167 1221//1170 
f 1274//1171 1273//1169 1220//1172 
f 1275//1173 1274//1171 1222//1174 
f 1276//1175 1275//1173 1225//1176 
f 1277//1177 1276//1175 1226//1178 
f 1278//1179 1277//1177 1231//1180 
f 1279//1181 1278//1179 1230//1182 
f 1280//1183 1279//1181 1232//1184 
f 1281//1185 1280//1183 1227//1186 
f 1282//1187 1281//1185 1228//1188 
f 1283//1189 1282//1187 1229//1190 
f 1284//1191 1283//1189 1224//1192 
f 1285//1193 1284//1191 1223//1194 
f 1286//1195 1285//1193 1199//1196 
f 1287//1197 1286//1195 1198//1198 
f 1288//1199 1287//1197 1200//1200 
f 1289//1201 1288//1199 1201//1202 
f 1290//1203 1289//1201 1202//1204 
f 1234//1092 1290//1203 1213//1203 
f 1213//1203 1182//1092 1234//1092 
f 1202//1204 1213//1203 1290//1203 
f 1201//1202 1202//1204 1289//1201 
f 1200//1200 1201//1202 1288//1199 
f 1198//1198 1200//1200 1287//1197 
f 1199//1196 1198//1198 1286//1195 
f 1223//1194 1199//1196 1285//1193 
f 1224//1192 1223//1194 1284//1191 
f 1229//1190 1224//1192 1283//1189 
f 1228//1188 1229//1190 1282//1187 
f 1227//1186 1228//1188 1281//1185 
f 1232//1184 1227//1186 1280//1183 
f 1230//1182 1232//1184 1279//1181 
f 1231//1180 1230//1182 1278//1179 
f 1226//1178 1231//1180 1277//1177 
f 1225//1176 1226//1178 1276//1175 
f 1222//1174 1225//1176 1275//1173 
f 1220//1172 1222//1174 1274//1171 
f 1221//1170 1220//1172 1273//1169 
f 1212//1168 1221//1170 1272//1167 
f 1210//1166 1212//1168 1271//1165 
f 1211//1164 1210//1166 1270//1163 
f 1209//1162 1211//1164 1269//1161 
f 1208//1160 1209//1162 1268//1159 
f 1197//1158 1208//1160 1267//1157 
f 1196//1156 1197//1158 1266//1155 
f 1195//1154 1196//1156 1265//1153 
f 1193//1152 1195//1154 1264//1151 
f 1194//1150 1193//1152 1263//1149 
f 1207//1148 1194//1150 1262//1147 
f 1192//1146 1207//1148 1261//1145 
f 1190//1144 1192//1146 1260//1143 
f 1191//1142 1190//1144 1259//1141 
f 1206//1140 1191//1142 1258//1139 
f 1189//1138 1206//1140 1257//1137 
f 1187//1136 1189//1138 1256//1135 
f 1188//1134 1187//1136 1255//1133 
f 1216//1132 1188//1134 1254//1131 
f 1215//1130 1216//1132 1253//1129 
f 1214//1128 1215//1130 1252//1127 
f 1219//1126 1214//1128 1251//1125 
f 1217//1124 1219//1126 1250//1123 
f 1218//1122 1217//1124 1249//1121 
f 1205//1120 1218//1122 1248//1119 
f 1204//1118 1205//1120 1247//1117 
f 1180//1116 1204//1118 1246//1115 
f 1178//1114 1180//1116 1245//1113 
f 1179//1112 1178//1114 1244//1111 
f 1177//1110 1179//1112 1243//1109 
f 1175//1108 1177//1110 1242//1107 
f 1176//1106 1175//1108 1241//1105 
f 1186//1104 1176//1106 1240//1103 
f 1203//1102 1186//1104 1239//1101 
f 1185//1100 1203//1102 1238//1099 
f 1184//1098 1185//1100 1237//1097 
f 1183//1096 1184//1098 1236//1095 
f 1181//1094 1183//1096 1235//1093 
f 1182//1092 1181//1094 1233//1091 
o mesh86
f 1291//1205 1292//1205 939//1205 
f 775//1205 838//1205 939//1205 
f 773//1205 775//1205 1292//1205 
f 939//1205 1292//1205 775//1205 
f 939//1205 942//1205 1291//1205 
f 798//1205 1293//1205 1291//1205 
f 797//1205 798//1205 942//1205 
f 1291//1205 942//1205 798//1205 
f 1292//1205 1294//1205 773//1205 
f 942//1205 854//1205 797//1205 
o mesh87
f 1291//1206 1293//1206 1295//1206 
f 1295//1206 1296//1206 1291//1206 
o mesh88
f 1296//1205 1295//1205 1297//1205 
f 1297//1205 1298//1205 1296//1205 
o mesh89
f 1298//1207 1297//1207 1294//1207 
f 1294//1207 1292//1207 1298//1207 
o mesh90
f 1298//1208 1292//1208 1291//1208 
f 1291//1208 1296//1208 1298//1208 
o mesh91
f 1299//1208 252//1208 767//1208 
f 767//1208 1300//1208 1299//1208 
f 1299//1208 785//1208 252//1208 
f 1300//1208 765//1208 1301//1208 
f 763//1208 250//1208 251//1208 
f 255//1208 253//1208 250//1208 
f 766//1208 257//1208 255//1208 
f 1301//1208 1302//1208 1300//1208 
f 765//1208 764//1208 1303//1208 
f 251//1208 808//1208 763//1208 
f 255//1208 763//1208 766//1208 
f 254//1208 256//1208 257//1208 
f 1303//1208 1301//1208 765//1208 
f 252//1208 254//1208 769//1208 
f 799//1208 763//1208 808//1208 
f 250//1208 763//1208 255//1208 
f 794//1208 815//1208 809//1208 
f 766//1208 769//1208 254//1208 
f 769//1208 767//1208 252//1208 
f 251//1208 809//1208 808//1208 
f 809//1208 792//1208 794//1208 
f 767//1208 765//1208 1300//1208 
f 792//1208 251//1208 252//1208 
f 1303//1208 764//1208 1304//1208 
f 764//1208 776//1208 1305//1208 
f 776//1208 780//1208 785//1208 
f 809//1208 251//1208 792//1208 
f 252//1208 785//1208 792//1208 
f 1305//1208 1304//1208 764//1208 
f 785//1208 1305//1208 776//1208 
f 257//1208 766//1208 254//1208 
f 785//1208 1299//1208 1305//1208 
f 1304//1208 1306//1208 1303//1208 
f 808//1208 804//1208 799//1208 
o mesh92
f 1300//1209 1307//1209 1308//1209 
f 1308//1209 1299//1209 1300//1209 
o mesh93
f 1299//1210 1308//1210 1309//1210 
f 1309//1210 1305//1210 1299//1210 
o mesh94
f 1310//1211 1311//1211 1308//1211 
f 1308//1211 1307//1211 1310//1211 
o mesh95
f 1307//1212 1300//1212 1302//1212 
f 1302//1212 1312//1212 1307//1212 
o mesh96
f 1313//1213 1310//1213 1307//1213 
f 1307//1213 1312//1213 1313//1213 
o mesh97
f 1302//1214 1301//1214 1314//1214 
f 1314//1214 1312//1214 1302//1214 
o mesh98
f 1315//1215 1313//1215 1312//1215 
f 1312//1215 1314//1215 1315//1215 
o mesh99
f 1303//1216 1316//1216 1314//1216 
f 1314//1216 1301//1216 1303//1216 
o mesh100
f 1317//1217 1315//1217 1314//1217 
f 1314//1217 1316//1217 1317//1217 
o mesh101
f 1316//1218 1303//1218 1306//1218 
f 1306//1218 1318//1218 1316//1218 
o mesh102
f 1311//1219 1319//1219 1309//1219 
f 1309//1219 1308//1219 1311//1219 
o mesh103
f 1304//1218 1305//1218 1309//1218 
f 1309//1218 1320//1218 1304//1218 
o mesh104
f 1319//1220 1321//1220 1320//1220 
f 1320//1220 1309//1220 1319//1220 
o mesh105
f 1321//1221 1322//1221 1318//1221 
f 1318//1221 1320//1221 1321//1221 
o mesh106
f 1322//1220 1317//1220 1316//1220 
f 1316//1220 1318//1220 1322//1220 
o mesh107
f 1306//1222 1304//1222 1320//1222 
f 1320//1222 1318//1222 1306//1222 
o mesh108
f 1323//1223 1324//1223 728//1223 
f 1325//1223 1326//1223 1324//1223 
f 1319//1223 1327//1223 1328//1223 
f 1311//1223 1325//1223 1327//1223 
f 1324//1223 1323//1223 1325//1223 
f 1311//1223 1329//1223 1326//1223 
f 1327//1223 1319//1223 1311//1223 
f 1326//1223 1325//1223 1311//1223 
f 1311//1223 1330//1223 1331//1223 
f 1328//1223 1332//1223 1319//1223 
f 1331//1223 1329//1223 1311//1223 
f 728//1223 729//1223 1323//1223 
f 1319//1223 1333//1223 1334//1223 
f 1311//1223 1335//1223 1330//1223 
f 1319//1223 1336//1223 1337//1223 
f 1319//1223 1338//1223 1339//1223 
f 1334//1223 1340//1223 1319//1223 
f 1332//1223 1341//1223 1319//1223 
f 1311//1223 1342//1223 1343//1223 
f 1323//1223 729//1223 730//1223 
f 1319//1223 1344//1223 1345//1223 
f 1339//1223 1336//1223 1319//1223 
f 1341//1223 1333//1223 1319//1223 
f 1343//1223 1346//1223 1311//1223 
f 730//1223 731//1223 1323//1223 
f 1319//1223 1347//1223 1344//1223 
f 1340//1223 1338//1223 1319//1223 
f 1311//1223 1348//1223 1349//1223 
f 1346//1223 1350//1223 1311//1223 
f 1311//1223 1351//1223 1352//1223 
f 1322//1223 1353//1223 1354//1223 
f 1321//1223 1355//1223 1356//1223 
f 1323//1223 733//1223 734//1223 
f 731//1223 732//1223 1323//1223 
f 1337//1223 1347//1223 1319//1223 
f 1311//1223 1357//1223 1358//1223 
f 1350//1223 1348//1223 1311//1223 
f 1352//1223 1359//1223 1311//1223 
f 1310//1223 1360//1223 1361//1223 
f 1310//1223 1362//1223 1363//1223 
f 1310//1223 1364//1223 1365//1223 
f 737//1223 1366//1223 1367//1223 
f 1322//1223 1368//1223 1369//1223 
f 1354//1223 1370//1223 1322//1223 
f 1321//1223 1371//1223 1372//1223 
f 1356//1223 1373//1223 1321//1223 
f 732//1223 733//1223 1323//1223 
f 1358//1223 1335//1223 1311//1223 
f 1359//1223 1342//1223 1311//1223 
f 1361//1223 1311//1223 1310//1223 
f 1310//1223 1374//1223 1362//1223 
f 1365//1223 1375//1223 1310//1223 
f 1376//1223 713//1223 714//1223 
f 737//1223 1377//1223 1378//1223 
f 1367//1223 1379//1223 737//1223 
f 1322//1223 1380//1223 1381//1223 
f 1322//1223 1382//1223 1383//1223 
f 1369//1223 1384//1223 1322//1223 
f 1370//1223 1385//1223 1322//1223 
f 1321//1223 1386//1223 1387//1223 
f 1373//1223 1371//1223 1321//1223 
f 1321//1223 1319//1223 1388//1223 
f 1345//1223 1389//1223 1319//1223 
f 1324//1223 726//1223 727//1223 
f 1361//1223 1351//1223 1311//1223 
f 1375//1223 1374//1223 1310//1223 
f 1376//1223 712//1223 713//1223 
f 737//1223 1390//1223 1391//1223 
f 1379//1223 1377//1223 737//1223 
f 1366//1223 737//1223 738//1223 
f 738//1223 1392//1223 1393//1223 
f 738//1223 1322//1223 1394//1223 
f 1383//1223 1380//1223 1322//1223 
f 1385//1223 1368//1223 1322//1223 
f 1321//1223 1395//1223 1353//1223 
f 1321//1223 1396//1223 1397//1223 
f 1321//1223 1398//1223 1399//1223 
f 1372//1223 1386//1223 1321//1223 
f 1319//1223 1389//1223 1388//1223 
f 727//1223 728//1223 1324//1223 
f 1363//1223 1360//1223 1310//1223 
f 1313//1223 1400//1223 1401//1223 
f 711//1223 1376//1223 1402//1223 
f 1376//1223 711//1223 712//1223 
f 714//1223 1403//1223 1404//1223 
f 1378//1223 1390//1223 737//1223 
f 738//1223 1405//1223 1406//1223 
f 1394//1223 1392//1223 738//1223 
f 1384//1223 1382//1223 1322//1223 
f 1397//1223 1395//1223 1321//1223 
f 1399//1223 1407//1223 1321//1223 
f 1388//1223 1355//1223 1321//1223 
f 1349//1223 1357//1223 1311//1223 
f 1401//1223 1310//1223 1313//1223 
f 714//1223 1408//1223 1376//1223 
f 1404//1223 1409//1223 714//1223 
f 709//1223 1410//1223 1411//1223 
f 710//1223 711//1223 1412//1223 
f 1313//1223 705//1223 706//1223 
f 737//1223 1413//1223 1414//1223 
f 738//1223 1406//1223 1366//1223 
f 1381//1223 1394//1223 1322//1223 
f 1407//1223 1396//1223 1321//1223 
f 734//1223 735//1223 1323//1223 
f 1324//1223 723//1223 724//1223 
f 1310//1223 1415//1223 1416//1223 
f 1310//1223 1417//1223 1418//1223 
f 1401//1223 1419//1223 1310//1223 
f 1420//1223 714//1223 715//1223 
f 1402//1223 1421//1223 711//1223 
f 714//1223 1422//1223 1403//1223 
f 1411//1223 1423//1223 709//1223 
f 1410//1223 709//1223 710//1223 
f 1313//1223 708//1223 709//1223 
f 706//1223 707//1223 1313//1223 
f 1317//1223 696//1223 697//1223 
f 1414//1223 1424//1223 737//1223 
f 1393//1223 1405//1223 738//1223 
f 735//1223 736//1223 1425//1223 
f 1387//1223 1398//1223 1321//1223 
f 724//1223 725//1223 1324//1223 
f 1310//1223 1426//1223 1415//1223 
f 1419//1223 1417//1223 1310//1223 
f 1427//1223 718//1223 719//1223 
f 718//1223 1427//1223 1420//1223 
f 715//1223 716//1223 1420//1223 
f 711//1223 1428//1223 1429//1223 
f 1409//1223 1408//1223 714//1223 
f 714//1223 1430//1223 1431//1223 
f 1313//1223 1432//1223 1433//1223 
f 1313//1223 1434//1223 1435//1223 
f 1412//1223 1410//1223 710//1223 
f 707//1223 708//1223 1313//1223 
f 1313//1223 703//1223 704//1223 
f 697//1223 698//1223 1317//1223 
f 694//1223 1317//1223 1322//1223 
f 1391//1223 1413//1223 737//1223 
f 1425//1223 1323//1223 735//1223 
f 725//1223 726//1223 1324//1223 
f 1418//1223 1426//1223 1310//1223 
f 722//1223 1324//1223 1427//1223 
f 719//1223 720//1223 1427//1223 
f 716//1223 717//1223 1420//1223 
f 1421//1223 1428//1223 711//1223 
f 1431//1223 1436//1223 714//1223 
f 714//1223 1420//1223 1437//1223 
f 1435//1223 1432//1223 1313//1223 
f 709//1223 1434//1223 1313//1223 
f 1313//1223 702//1223 703//1223 
f 1313//1223 700//1223 701//1223 
f 1317//1223 695//1223 696//1223 
f 1322//1223 693//1223 694//1223 
f 1322//1223 691//1223 692//1223 
f 736//1223 737//1223 1425//1223 
f 1416//1223 1364//1223 1310//1223 
f 1427//1223 721//1223 722//1223 
f 1420//1223 717//1223 718//1223 
f 1436//1223 1422//1223 714//1223 
f 1437//1223 1438//1223 714//1223 
f 1423//1223 1434//1223 709//1223 
f 701//1223 702//1223 1313//1223 
f 694//1223 695//1223 1317//1223 
f 1322//1223 690//1223 691//1223 
f 1322//1223 687//1223 688//1223 
f 1322//1223 742//1223 686//1223 
f 1353//1223 1322//1223 1321//1223 
f 720//1223 721//1223 1427//1223 
f 1438//1223 1430//1223 714//1223 
f 704//1223 705//1223 1313//1223 
f 692//1223 693//1223 1322//1223 
f 688//1223 689//1223 1322//1223 
f 686//1223 685//1223 1322//1223 
f 1317//1223 700//1223 1313//1223 
f 722//1223 723//1223 1324//1223 
f 1433//1223 1400//1223 1313//1223 
f 689//1223 690//1223 1322//1223 
f 1322//1223 741//1223 742//1223 
f 1322//1223 738//1223 739//1223 
f 1317//1223 699//1223 700//1223 
f 1429//1223 1412//1223 711//1223 
f 685//1223 687//1223 1322//1223 
f 739//1223 740//1223 1322//1223 
f 1424//1223 1425//1223 737//1223 
f 740//1223 741//1223 1322//1223 
f 698//1223 699//1223 1317//1223 
f 1313//1223 1315//1223 1317//1223 
o mesh109
f 1439//1224 1440//1225 1361//1225 
f 1441//1226 1439//1224 1360//1227 
f 1442//1228 1441//1226 1363//1229 
f 1443//1230 1442//1228 1362//1231 
f 1444//1232 1443//1230 1374//1233 
f 1445//1234 1444//1232 1375//1235 
f 1446//1236 1445//1234 1365//1237 
f 1447//1238 1446//1236 1364//1239 
f 1448//1240 1447//1238 1416//1241 
f 1449//1242 1448//1240 1415//1243 
f 1450//1244 1449//1242 1426//1245 
f 1451//1246 1450//1244 1418//1247 
f 1452//1248 1451//1246 1417//1249 
f 1453//1250 1452//1248 1419//1251 
f 1454//1252 1453//1250 1401//1253 
f 1455//1254 1454//1252 1400//1255 
f 1456//1256 1455//1254 1433//1257 
f 1457//1258 1456//1256 1432//1259 
f 1458//1260 1457//1258 1435//1261 
f 1459//1262 1458//1260 1434//1263 
f 1460//1264 1459//1262 1423//1265 
f 1461//1266 1460//1264 1411//1267 
f 1462//1268 1461//1266 1410//1269 
f 1463//1270 1462//1268 1412//1271 
f 1464//1272 1463//1270 1429//1273 
f 1465//1274 1464//1272 1428//1275 
f 1466//1276 1465//1274 1421//1277 
f 1467//1278 1466//1276 1402//1279 
f 1468//1280 1467//1278 1376//1281 
f 1469//1282 1468//1280 1408//1283 
f 1470//1284 1469//1282 1409//1285 
f 1471//1286 1470//1284 1404//1287 
f 1472//1288 1471//1286 1403//1289 
f 1473//1290 1472//1288 1422//1291 
f 1474//1292 1473//1290 1436//1293 
f 1475//1294 1474//1292 1431//1295 
f 1476//1296 1475//1294 1430//1297 
f 1477//1298 1476//1296 1438//1299 
f 1478//1300 1477//1298 1437//1301 
f 1479//1302 1478//1300 1420//1303 
f 1480//1304 1479//1302 1427//1305 
f 1481//1306 1480//1304 1324//1307 
f 1482//1308 1481//1306 1326//1309 
f 1483//1310 1482//1308 1329//1311 
f 1484//1312 1483//1310 1331//1313 
f 1485//1314 1484//1312 1330//1315 
f 1486//1316 1485//1314 1335//1317 
f 1487//1318 1486//1316 1358//1319 
f 1488//1320 1487//1318 1357//1321 
f 1489//1322 1488//1320 1349//1323 
f 1490//1324 1489//1322 1348//1325 
f 1491//1326 1490//1324 1350//1327 
f 1492//1328 1491//1326 1346//1329 
f 1493//1330 1492//1328 1343//1331 
f 1494//1332 1493//1330 1342//1333 
f 1495//1334 1494//1332 1359//1335 
f 1496//1336 1495//1334 1352//1337 
f 1440//1225 1496//1336 1351//1336 
f 1351//1336 1361//1225 1440//1225 
f 1352//1337 1351//1336 1496//1336 
f 1359//1335 1352//1337 1495//1334 
f 1342//1333 1359//1335 1494//1332 
f 1343//1331 1342//1333 1493//1330 
f 1346//1329 1343//1331 1492//1328 
f 1350//1327 1346//1329 1491//1326 
f 1348//1325 1350//1327 1490//1324 
f 1349//1323 1348//1325 1489//1322 
f 1357//1321 1349//1323 1488//1320 
f 1358//1319 1357//1321 1487//1318 
f 1335//1317 1358//1319 1486//1316 
f 1330//1315 1335//1317 1485//1314 
f 1331//1313 1330//1315 1484//1312 
f 1329//1311 1331//1313 1483//1310 
f 1326//1309 1329//1311 1482//1308 
f 1324//1307 1326//1309 1481//1306 
f 1427//1305 1324//1307 1480//1304 
f 1420//1303 1427//1305 1479//1302 
f 1437//1301 1420//1303 1478//1300 
f 1438//1299 1437//1301 1477//1298 
f 1430//1297 1438//1299 1476//1296 
f 1431//1295 1430//1297 1475//1294 
f 1436//1293 1431//1295 1474//1292 
f 1422//1291 1436//1293 1473//1290 
f 1403//1289 1422//1291 1472//1288 
f 1404//1287 1403//1289 1471//1286 
f 1409//1285 1404//1287 1470//1284 
f 1408//1283 1409//1285 1469//1282 
f 1376//1281 1408//1283 1468//1280 
f 1402//1279 1376//1281 1467//1278 
f 1421//1277 1402//1279 1466//1276 
f 1428//1275 1421//1277 1465//1274 
f 1429//1273 1428//1275 1464//1272 
f 1412//1271 1429//1273 1463//1270 
f 1410//1269 1412//1271 1462//1268 
f 1411//1267 1410//1269 1461//1266 
f 1423//1265 1411//1267 1460//1264 
f 1434//1263 1423//1265 1459//1262 
f 1435//1261 1434//1263 1458//1260 
f 1432//1259 1435//1261 1457//1258 
f 1433//1257 1432//1259 1456//1256 
f 1400//1255 1433//1257 1455//1254 
f 1401//1253 1400//1255 1454//1252 
f 1419//1251 1401//1253 1453//1250 
f 1417//1249 1419//1251 1452//1248 
f 1418//1247 1417//1249 1451//1246 
f 1426//1245 1418//1247 1450//1244 
f 1415//1243 1426//1245 1449//1242 
f 1416//1241 1415//1243 1448//1240 
f 1364//1239 1416//1241 1447//1238 
f 1365//1237 1364//1239 1446//1236 
f 1375//1235 1365//1237 1445//1234 
f 1374//1233 1375//1235 1444//1232 
f 1362//1231 1374//1233 1443//1230 
f 1363//1229 1362//1231 1442//1228 
f 1360//1227 1363//1229 1441//1226 
f 1361//1225 1360//1227 1439//1224 
o mesh110
f 1497//1338 1469//1338 1470//1338 
f 1470//1338 1471//1338 1497//1338 
f 1471//1338 1472//1338 1497//1338 
f 1472//1338 1473//1338 1497//1338 
f 1473//1338 1474//1338 1497//1338 
f 1474//1338 1475//1338 1497//1338 
f 1475//1338 1476//1338 1497//1338 
f 1476//1338 1477//1338 1497//1338 
f 1477//1338 1478//1338 1497//1338 
f 1478//1338 1479//1338 1497//1338 
f 1479//1338 1480//1338 1497//1338 
f 1480//1338 1481//1338 1497//1338 
f 1481//1338 1482//1338 1497//1338 
f 1482//1338 1483//1338 1497//1338 
f 1483//1338 1484//1338 1497//1338 
f 1484//1338 1485//1338 1497//1338 
f 1485//1338 1486//1338 1497//1338 
f 1486//1338 1487//1338 1497//1338 
f 1487//1338 1488//1338 1497//1338 
f 1488//1338 1489//1338 1497//1338 
f 1489//1338 1490//1338 1497//1338 
f 1490//1338 1491//1338 1497//1338 
f 1491//1338 1492//1338 1497//1338 
f 1492//1338 1493//1338 1497//1338 
f 1493//1338 1494//1338 1497//1338 
f 1494//1338 1495//1338 1497//1338 
f 1495//1338 1496//1338 1497//1338 
f 1496//1338 1440//1338 1497//1338 
f 1440//1338 1439//1338 1497//1338 
f 1439//1338 1441//1338 1497//1338 
f 1441//1338 1442//1338 1497//1338 
f 1442//1338 1443//1338 1497//1338 
f 1443//1338 1444//1338 1497//1338 
f 1444//1338 1445//1338 1497//1338 
f 1445//1338 1446//1338 1497//1338 
f 1446//1338 1447//1338 1497//1338 
f 1447//1338 1448//1338 1497//1338 
f 1448//1338 1449//1338 1497//1338 
f 1449//1338 1450//1338 1497//1338 
f 1450//1338 1451//1338 1497//1338 
f 1451//1338 1452//1338 1497//1338 
f 1452//1338 1453//1338 1497//1338 
f 1453//1338 1454//1338 1497//1338 
f 1454//1338 1455//1338 1497//1338 
f 1455//1338 1456//1338 1497//1338 
f 1456//1338 1457//1338 1497//1338 
f 1457//1338 1458//1338 1497//1338 
f 1458//1338 1459//1338 1497//1338 
f 1459//1338 1460//1338 1497//1338 
f 1460//1338 1461//1338 1497//1338 
f 1461//1338 1462//1338 1497//1338 
f 1462//1338 1463//1338 1497//1338 
f 1463//1338 1464//1338 1497//1338 
f 1464//1338 1465//1338 1497//1338 
f 1465//1338 1466//1338 1497//1338 
f 1466//1338 1467//1338 1497//1338 
f 1467//1338 1468//1338 1497//1338 
f 1468//1338 1469//1338 1497//1338 
o mesh111
f 1498//1339 1499//1340 1406//1340 
f 1500//1341 1498//1339 1405//1342 
f 1501//1343 1500//1341 1393//1344 
f 1502//1345 1501//1343 1392//1346 
f 1503//1347 1502//1345 1394//1348 
f 1504//1349 1503//1347 1381//1350 
f 1505//1351 1504//1349 1380//1352 
f 1506//1353 1505//1351 1383//1354 
f 1507//1355 1506//1353 1382//1356 
f 1508//1357 1507//1355 1384//1358 
f 1509//1359 1508//1357 1369//1360 
f 1510//1361 1509//1359 1368//1362 
f 1511//1363 1510//1361 1385//1364 
f 1512//1365 1511//1363 1370//1366 
f 1513//1367 1512//1365 1354//1368 
f 1514//1369 1513//1367 1353//1370 
f 1515//1371 1514//1369 1395//1372 
f 1516//1373 1515//1371 1397//1374 
f 1517//1375 1516//1373 1396//1376 
f 1518//1377 1517//1375 1407//1378 
f 1519//1379 1518//1377 1399//1380 
f 1520//1381 1519//1379 1398//1382 
f 1521//1383 1520//1381 1387//1384 
f 1522//1385 1521//1383 1386//1386 
f 1523//1387 1522//1385 1372//1388 
f 1524//1389 1523//1387 1371//1390 
f 1525//1391 1524//1389 1373//1392 
f 1526//1393 1525//1391 1356//1394 
f 1527//1395 1526//1393 1355//1396 
f 1528//1397 1527//1395 1388//1398 
f 1529//1399 1528//1397 1389//1400 
f 1530//1401 1529//1399 1345//1402 
f 1531//1403 1530//1401 1344//1404 
f 1532//1405 1531//1403 1347//1406 
f 1533//1407 1532//1405 1337//1408 
f 1534//1409 1533//1407 1336//1410 
f 1535//1411 1534//1409 1339//1412 
f 1536//1413 1535//1411 1338//1414 
f 1537//1415 1536//1413 1340//1416 
f 1538//1417 1537//1415 1334//1418 
f 1539//1419 1538//1417 1333//1420 
f 1540//1421 1539//1419 1341//1422 
f 1541//1423 1540//1421 1332//1424 
f 1542//1425 1541//1423 1328//1426 
f 1543//1427 1542//1425 1327//1428 
f 1544//1429 1543//1427 1325//1430 
f 1545//1431 1544//1429 1323//1432 
f 1546//1433 1545//1431 1425//1434 
f 1547//1435 1546//1433 1424//1436 
f 1548//1437 1547//1435 1414//1438 
f 1549//1439 1548//1437 1413//1440 
f 1550//1441 1549//1439 1391//1442 
f 1551//1443 1550//1441 1390//1444 
f 1552//1445 1551//1443 1378//1446 
f 1553//1447 1552//1445 1377//1448 
f 1554//1449 1553//1447 1379//1450 
f 1555//1451 1554//1449 1367//1452 
f 1499//1340 1555//1451 1366//1451 
f 1366//1451 1406//1340 1499//1340 
f 1367//1452 1366//1451 1555//1451 
f 1379//1450 1367//1452 1554//1449 
f 1377//1448 1379//1450 1553//1447 
f 1378//1446 1377//1448 1552//1445 
f 1390//1444 1378//1446 1551//1443 
f 1391//1442 1390//1444 1550//1441 
f 1413//1440 1391//1442 1549//1439 
f 1414//1438 1413//1440 1548//1437 
f 1424//1436 1414//1438 1547//1435 
f 1425//1434 1424//1436 1546//1433 
f 1323//1432 1425//1434 1545//1431 
f 1325//1430 1323//1432 1544//1429 
f 1327//1428 1325//1430 1543//1427 
f 1328//1426 1327//1428 1542//1425 
f 1332//1424 1328//1426 1541//1423 
f 1341//1422 1332//1424 1540//1421 
f 1333//1420 1341//1422 1539//1419 
f 1334//1418 1333//1420 1538//1417 
f 1340//1416 1334//1418 1537//1415 
f 1338//1414 1340//1416 1536//1413 
f 1339//1412 1338//1414 1535//1411 
f 1336//1410 1339//1412 1534//1409 
f 1337//1408 1336//1410 1533//1407 
f 1347//1406 1337//1408 1532//1405 
f 1344//1404 1347//1406 1531//1403 
f 1345//1402 1344//1404 1530//1401 
f 1389//1400 1345//1402 1529//1399 
f 1388//1398 1389//1400 1528//1397 
f 1355//1396 1388//1398 1527//1395 
f 1356//1394 1355//1396 1526//1393 
f 1373//1392 1356//1394 1525//1391 
f 1371//1390 1373//1392 1524//1389 
f 1372//1388 1371//1390 1523//1387 
f 1386//1386 1372//1388 1522//1385 
f 1387//1384 1386//1386 1521//1383 
f 1398//1382 1387//1384 1520//1381 
f 1399//1380 1398//1382 1519//1379 
f 1407//1378 1399//1380 1518//1377 
f 1396//1376 1407//1378 1517//1375 
f 1397//1374 1396//1376 1516//1373 
f 1395//1372 1397//1374 1515//1371 
f 1353//1370 1395//1372 1514//1369 
f 1354//1368 1353//1370 1513//1367 
f 1370//1366 1354//1368 1512//1365 
f 1385//1364 1370//1366 1511//1363 
f 1368//1362 1385//1364 1510//1361 
f 1369//1360 1368//1362 1509//1359 
f 1384//1358 1369//1360 1508//1357 
f 1382//1356 1384//1358 1507//1355 
f 1383//1354 1382//1356 1506//1353 
f 1380//1352 1383//1354 1505//1351 
f 1381//1350 1380//1352 1504//1349 
f 1394//1348 1381//1350 1503//1347 
f 1392//1346 1394//1348 1502//1345 
f 1393//1344 1392//1346 1501//1343 
f 1405//1342 1393//1344 1500//1341 
f 1406//1340 1405//1342 1498//1339 
o mesh112
f 1556//1453 1528//1453 1529//1453 
f 1529//1453 1530//1453 1556//1453 
f 1530//1453 1531//1453 1556//1453 
f 1531//1453 1532//1453 1556//1453 
f 1532//1453 1533//1453 1556//1453 
f 1533//1453 1534//1453 1556//1453 
f 1534//1453 1535//1453 1556//1453 
f 1535//1453 1536//1453 1556//1453 
f 1536//1453 1537//1453 1556//1453 
f 1537//1453 1538//1453 1556//1453 
f 1538//1453 1539//1453 1556//1453 
f 1539//1453 1540//1453 1556//1453 
f 1540//1453 1541//1453 1556//1453 
f 1541//1453 1542//1453 1556//1453 
f 1542//1453 1543//1453 1556//1453 
f 1543//1453 1544//1453 1556//1453 
f 1544//1453 1545//1453 1556//1453 
f 1545//1453 1546//1453 1556//1453 
f 1546//1453 1547//1453 1556//1453 
f 1547//1453 1548//1453 1556//1453 
f 1548//1453 1549//1453 1556//1453 
f 1549//1453 1550//1453 1556//1453 
f 1550//1453 1551//1453 1556//1453 
f 1551//1453 1552//1453 1556//1453 
f 1552//1453 1553//1453 1556//1453 
f 1553//1453 1554//1453 1556//1453 
f 1554//1453 1555//1453 1556//1453 
f 1555//1453 1499//1453 1556//1453 
f 1499//1453 1498//1453 1556//1453 
f 1498//1453 1500//1453 1556//1453 
f 1500//1453 1501//1453 1556//1453 
f 1501//1453 1502//1453 1556//1453 
f 1502//1453 1503//1453 1556//1453 
f 1503//1453 1504//1453 1556//1453 
f 1504//1453 1505//1453 1556//1453 
f 1505//1453 1506//1453 1556//1453 
f 1506//1453 1507//1453 1556//1453 
f 1507//1453 1508//1453 1556//1453 
f 1508//1453 1509//1453 1556//1453 
f 1509//1453 1510//1453 1556//1453 
f 1510//1453 1511//1453 1556//1453 
f 1511//1453 1512//1453 1556//1453 
f 1512//1453 1513//1453 1556//1453 
f 1513//1453 1514//1453 1556//1453 
f 1514//1453 1515//1453 1556//1453 
f 1515//1453 1516//1453 1556//1453 
f 1516//1453 1517//1453 1556//1453 
f 1517//1453 1518//1453 1556//1453 
f 1518//1453 1519//1453 1556//1453 
f 1519//1453 1520//1453 1556//1453 
f 1520//1453 1521//1453 1556//1453 
f 1521//1453 1522//1453 1556//1453 
f 1522//1453 1523//1453 1556//1453 
f 1523//1453 1524//1453 1556//1453 
f 1524//1453 1525//1453 1556//1453 
f 1525//1453 1526//1453 1556//1453 
f 1526//1453 1527//1453 1556//1453 
f 1527//1453 1528//1453 1556//1453 
o mesh113
f 1557//1453 1558//1453 1559//1453 
f 1557//1453 1560//1453 1561//1453 
f 1561//1453 1558//1453 1557//1453 
f 1562//1453 1563//1453 1564//1453 
f 1562//1453 1565//1453 1566//1453 
f 1063//1453 1567//1453 1568//1453 
f 1062//1453 1568//1453 1569//1453 
f 1557//1453 1570//1453 1560//1453 
f 1571//1453 1572//1453 1573//1453 
f 1571//1453 1574//1453 1575//1453 
f 1566//1453 1563//1453 1562//1453 
f 1565//1453 1576//1453 1577//1453 
f 1569//1453 1061//1453 1062//1453 
f 1557//1453 1578//1453 1570//1453 
f 1571//1453 1579//1453 1572//1453 
f 1575//1453 1580//1453 1571//1453 
f 1571//1453 1581//1453 1582//1453 
f 1583//1453 1584//1453 1581//1453 
f 1583//1453 1585//1453 1586//1453 
f 1583//1453 1587//1453 1588//1453 
f 1110//1453 1589//1453 1590//1453 
f 1591//1453 1116//1453 1060//1453 
f 1591//1453 1113//1453 1114//1453 
f 1591//1453 1111//1453 1112//1453 
f 1091//1453 1592//1453 1593//1453 
f 1085//1453 1086//1453 1594//1453 
f 1562//1453 1595//1453 1596//1453 
f 1562//1453 1597//1453 1598//1453 
f 1577//1453 1566//1453 1565//1453 
f 1565//1453 1599//1453 1600//1453 
f 1565//1453 1601//1453 1602//1453 
f 1063//1453 1603//1453 1567//1453 
f 1063//1453 1604//1453 1605//1453 
f 1559//1453 1606//1453 1557//1453 
f 1557//1453 1607//1453 1608//1453 
f 1580//1453 1579//1453 1571//1453 
f 1571//1453 1609//1453 1610//1453 
f 1581//1453 1571//1453 1583//1453 
f 1583//1453 1611//1453 1612//1453 
f 1588//1453 1585//1453 1583//1453 
f 1590//1453 1583//1453 1110//1453 
f 1110//1453 1591//1453 1613//1453 
f 1591//1453 1115//1453 1116//1453 
f 1112//1453 1113//1453 1591//1453 
f 1614//1453 1092//1453 1093//1453 
f 1091//1453 1614//1453 1592//1453 
f 1615//1453 1087//1453 1088//1453 
f 1594//1453 1616//1453 1085//1453 
f 1617//1453 1083//1453 1084//1453 
f 1617//1453 1078//1453 1079//1453 
f 1596//1453 1618//1453 1562//1453 
f 1564//1453 1597//1453 1562//1453 
f 1565//1453 1619//1453 1599//1453 
f 1602//1453 1620//1453 1565//1453 
f 1565//1453 1621//1453 1622//1453 
f 1623//1453 1624//1453 1625//1453 
f 1623//1453 1626//1453 1627//1453 
f 1068//1453 1628//1453 1629//1453 
f 1604//1453 1063//1453 1064//1453 
f 1605//1453 1603//1453 1063//1453 
f 1557//1453 1630//1453 1631//1453 
f 1608//1453 1578//1453 1557//1453 
f 1610//1453 1574//1453 1571//1453 
f 1612//1453 1584//1453 1583//1453 
f 1590//1453 1587//1453 1583//1453 
f 1613//1453 1632//1453 1110//1453 
f 1060//1453 1633//1453 1634//1453 
f 1591//1453 1110//1453 1111//1453 
f 1583//1453 1107//1453 1108//1453 
f 1093//1453 1562//1453 1614//1453 
f 1593//1453 1090//1453 1091//1453 
f 1635//1453 1636//1453 1088//1453 
f 1086//1453 1615//1453 1637//1453 
f 1615//1453 1086//1453 1087//1453 
f 1084//1453 1085//1453 1617//1453 
f 1617//1453 1081//1453 1082//1453 
f 1079//1453 1080//1453 1617//1453 
f 1598//1453 1595//1453 1562//1453 
f 1620//1453 1619//1453 1565//1453 
f 1565//1453 1638//1453 1639//1453 
f 1622//1453 1640//1453 1565//1453 
f 1623//1453 1641//1453 1624//1453 
f 1627//1453 1642//1453 1623//1453 
f 1629//1453 1067//1453 1068//1453 
f 1568//1453 1062//1453 1063//1453 
f 1557//1453 1643//1453 1644//1453 
f 1606//1453 1630//1453 1557//1453 
f 1571//1453 1645//1453 1646//1453 
f 1571//1453 1647//1453 1648//1453 
f 1582//1453 1609//1453 1571//1453 
f 1583//1453 1649//1453 1650//1453 
f 1632//1453 1589//1453 1110//1453 
f 1114//1453 1115//1453 1591//1453 
f 1060//1453 1651//1453 1652//1453 
f 1060//1453 1569//1453 1653//1453 
f 1108//1453 1109//1453 1583//1453 
f 1075//1453 1617//1453 1654//1453 
f 1091//1453 1092//1453 1614//1453 
f 1088//1453 1089//1453 1635//1453 
f 1090//1453 1593//1453 1655//1453 
f 1088//1453 1636//1453 1615//1453 
f 1082//1453 1083//1453 1617//1453 
f 1617//1453 1077//1453 1078//1453 
f 1617//1453 1075//1453 1076//1453 
f 1600//1453 1576//1453 1565//1453 
f 1640//1453 1638//1453 1565//1453 
f 1642//1453 1641//1453 1623//1453 
f 1623//1453 1656//1453 1657//1453 
f 1623//1453 1658//1453 1659//1453 
f 1660//1453 1661//1453 1628//1453 
f 1629//1453 1066//1453 1067//1453 
f 1064//1453 1065//1453 1604//1453 
f 1569//1453 1060//1453 1059//1453 
f 1631//1453 1643//1453 1557//1453 
f 1646//1453 1557//1453 1571//1453 
f 1571//1453 1662//1453 1647//1453 
f 1650//1453 1611//1453 1583//1453 
f 1060//1453 1634//1453 1591//1453 
f 1653//1453 1651//1453 1060//1453 
f 1583//1453 1106//1453 1107//1453 
f 1583//1453 1104//1453 1105//1453 
f 1075//1453 1663//1453 1664//1453 
f 1654//1453 1665//1453 1075//1453 
f 1093//1453 1094//1453 1562//1453 
f 1655//1453 1635//1453 1090//1453 
f 1616//1453 1617//1453 1085//1453 
f 1076//1453 1077//1453 1617//1453 
f 1562//1453 1666//1453 1667//1453 
f 1639//1453 1601//1453 1565//1453 
f 1565//1453 1623//1453 1668//1453 
f 1623//1453 1669//1453 1670//1453 
f 1657//1453 1626//1453 1623//1453 
f 1623//1453 1671//1453 1658//1453 
f 1628//1453 1073//1453 1660//1453 
f 1628//1453 1070//1453 1071//1453 
f 1068//1453 1069//1453 1628//1453 
f 1059//1453 1061//1453 1569//1453 
f 1646//1453 1607//1453 1557//1453 
f 1573//1453 1662//1453 1571//1453 
f 1652//1453 1633//1453 1060//1453 
f 1105//1453 1106//1453 1583//1453 
f 1075//1453 1672//1453 1673//1453 
f 1665//1453 1663//1453 1075//1453 
f 1089//1453 1090//1453 1635//1453 
f 1080//1453 1081//1453 1617//1453 
f 1618//1453 1666//1453 1562//1453 
f 1623//1453 1674//1453 1668//1453 
f 1623//1453 1675//1453 1669//1453 
f 1659//1453 1656//1453 1623//1453 
f 1073//1453 1074//1453 1660//1453 
f 1069//1453 1070//1453 1628//1453 
f 1066//1453 1629//1453 1604//1453 
f 1648//1453 1645//1453 1571//1453 
f 1109//1453 1110//1453 1583//1453 
f 1664//1453 1672//1453 1075//1453 
f 1637//1453 1594//1453 1086//1453 
f 1668//1453 1621//1453 1565//1453 
f 1625//1453 1675//1453 1623//1453 
f 1623//1453 1661//1453 1676//1453 
f 1660//1453 1676//1453 1661//1453 
f 1623//1453 1557//1453 1677//1453 
f 1065//1453 1066//1453 1604//1453 
f 1586//1453 1649//1453 1583//1453 
f 1094//1453 1095//1453 1562//1453 
f 1670//1453 1674//1453 1623//1453 
f 1074//1453 1075//1453 1660//1453 
f 1557//1453 1678//1453 1677//1453 
f 1679//1453 1097//1453 1583//1453 
f 1097//1453 1679//1453 1562//1453 
f 1644//1453 1678//1453 1557//1453 
f 1583//1453 1102//1453 1103//1453 
f 1583//1453 1097//1453 1098//1453 
f 1667//1453 1614//1453 1562//1453 
f 1677//1453 1661//1453 1623//1453 
f 1562//1453 1096//1453 1097//1453 
f 1071//1453 1072//1453 1628//1453 
f 1583//1453 1101//1453 1102//1453 
f 1098//1453 1099//1453 1583//1453 
f 1676//1453 1671//1453 1623//1453 
f 1562//1453 1095//1453 1096//1453 
f 1103//1453 1104//1453 1583//1453 
f 1099//1453 1100//1453 1583//1453 
f 1583//1453 1680//1453 1679//1453 
f 1100//1453 1101//1453 1583//1453 
f 1072//1453 1073//1453 1628//1453 
f 1673//1453 1660//1453 1075//1453 
o mesh114
f 1571//1454 1557//1454 1681//1454 
f 1681//1454 1682//1454 1571//1454 
o mesh115
f 1557//1455 1623//1455 1683//1455 
f 1683//1455 1681//1455 1557//1455 
o mesh116
f 1623//1456 1565//1456 1684//1456 
f 1684//1456 1683//1456 1623//1456 
o mesh117
f 1685//1457 1686//1457 1681//1457 
f 1681//1457 1683//1457 1685//1457 
o mesh118
f 1565//1458 1562//1458 1687//1458 
f 1687//1458 1684//1458 1565//1458 
o mesh119
f 1688//1459 1685//1459 1683//1459 
f 1683//1459 1684//1459 1688//1459 
o mesh120
f 1562//1460 1679//1460 1689//1460 
f 1689//1460 1687//1460 1562//1460 
o mesh121
f 1690//1461 1688//1461 1684//1461 
f 1684//1461 1687//1461 1690//1461 
o mesh122
f 1679//1462 1680//1462 1691//1462 
f 1691//1462 1689//1462 1679//1462 
o mesh123
f 1689//1463 1692//1463 1690//1463 
f 1690//1463 1687//1463 1689//1463 
o mesh124
f 1680//1464 1583//1464 1693//1464 
f 1693//1464 1691//1464 1680//1464 
o mesh125
f 1694//1465 1692//1465 1689//1465 
f 1689//1465 1691//1465 1694//1465 
o mesh126
f 1583//1466 1571//1466 1682//1466 
f 1682//1466 1693//1466 1583//1466 
o mesh127
f 1695//1467 1682//1467 1681//1467 
f 1681//1467 1686//1467 1695//1467 
o mesh128
f 1696//1468 1693//1468 1682//1468 
f 1682//1468 1695//1468 1696//1468 
o mesh129
f 1696//1467 1694//1467 1691//1467 
f 1691//1467 1693//1467 1696//1467 
o mesh130
f 1697//1469 1698//1470 1634//1470 
f 1699//1471 1697//1469 1633//1472 
f 1700//1473 1699//1471 1652//1474 
f 1701//1475 1700//1473 1651//1476 
f 1702//1477 1701//1475 1653//1478 
f 1703//1479 1702//1477 1569//1480 
f 1704//1481 1703//1479 1568//1482 
f 1705//1483 1704//1481 1567//1484 
f 1706//1485 1705//1483 1603//1486 
f 1707//1487 1706//1485 1605//1488 
f 1708//1489 1707//1487 1604//1490 
f 1709//1491 1708//1489 1629//1492 
f 1710//1493 1709//1491 1628//1494 
f 1711//1495 1710//1493 1661//1496 
f 1712//1497 1711//1495 1677//1498 
f 1713//1499 1712//1497 1678//1500 
f 1714//1501 1713//1499 1644//1502 
f 1715//1503 1714//1501 1643//1504 
f 1716//1505 1715//1503 1631//1506 
f 1717//1507 1716//1505 1630//1508 
f 1718//1509 1717//1507 1606//1510 
f 1719//1511 1718//1509 1559//1512 
f 1720//1513 1719//1511 1558//1514 
f 1721//1515 1720//1513 1561//1516 
f 1722//1517 1721//1515 1560//1518 
f 1723//1519 1722//1517 1570//1520 
f 1724//1521 1723//1519 1578//1522 
f 1725//1523 1724//1521 1608//1524 
f 1726//1525 1725//1523 1607//1526 
f 1727//1527 1726//1525 1646//1528 
f 1728//1529 1727//1527 1645//1530 
f 1729//1531 1728//1529 1648//1532 
f 1730//1533 1729//1531 1647//1534 
f 1731//1535 1730//1533 1662//1536 
f 1732//1537 1731//1535 1573//1538 
f 1733//1539 1732//1537 1572//1540 
f 1734//1541 1733//1539 1579//1542 
f 1735//1543 1734//1541 1580//1544 
f 1736//1545 1735//1543 1575//1546 
f 1737//1547 1736//1545 1574//1548 
f 1738//1549 1737//1547 1610//1550 
f 1739//1551 1738//1549 1609//1552 
f 1740//1553 1739//1551 1582//1554 
f 1741//1555 1740//1553 1581//1556 
f 1742//1557 1741//1555 1584//1558 
f 1743//1559 1742//1557 1612//1560 
f 1744//1561 1743//1559 1611//1562 
f 1745//1563 1744//1561 1650//1564 
f 1746//1565 1745//1563 1649//1566 
f 1747//1567 1746//1565 1586//1568 
f 1748//1569 1747//1567 1585//1570 
f 1749//1571 1748//1569 1588//1572 
f 1750//1573 1749//1571 1587//1574 
f 1751//1575 1750//1573 1590//1576 
f 1752//1577 1751//1575 1589//1578 
f 1753//1579 1752//1577 1632//1580 
f 1754//1581 1753//1579 1613//1582 
f 1698//1470 1754//1581 1591//1581 
f 1591//1581 1634//1470 1698//1470 
f 1613//1582 1591//1581 1754//1581 
f 1632//1580 1613//1582 1753//1579 
f 1589//1578 1632//1580 1752//1577 
f 1590//1576 1589//1578 1751//1575 
f 1587//1574 1590//1576 1750//1573 
f 1588//1572 1587//1574 1749//1571 
f 1585//1570 1588//1572 1748//1569 
f 1586//1568 1585//1570 1747//1567 
f 1649//1566 1586//1568 1746//1565 
f 1650//1564 1649//1566 1745//1563 
f 1611//1562 1650//1564 1744//1561 
f 1612//1560 1611//1562 1743//1559 
f 1584//1558 1612//1560 1742//1557 
f 1581//1556 1584//1558 1741//1555 
f 1582//1554 1581//1556 1740//1553 
f 1609//1552 1582//1554 1739//1551 
f 1610//1550 1609//1552 1738//1549 
f 1574//1548 1610//1550 1737//1547 
f 1575//1546 1574//1548 1736//1545 
f 1580//1544 1575//1546 1735//1543 
f 1579//1542 1580//1544 1734//1541 
f 1572//1540 1579//1542 1733//1539 
f 1573//1538 1572//1540 1732//1537 
f 1662//1536 1573//1538 1731//1535 
f 1647//1534 1662//1536 1730//1533 
f 1648//1532 1647//1534 1729//1531 
f 1645//1530 1648//1532 1728//1529 
f 1646//1528 1645//1530 1727//1527 
f 1607//1526 1646//1528 1726//1525 
f 1608//1524 1607//1526 1725//1523 
f 1578//1522 1608//1524 1724//1521 
f 1570//1520 1578//1522 1723//1519 
f 1560//1518 1570//1520 1722//1517 
f 1561//1516 1560//1518 1721//1515 
f 1558//1514 1561//1516 1720//1513 
f 1559//1512 1558//1514 1719//1511 
f 1606//1510 1559//1512 1718//1509 
f 1630//1508 1606//1510 1717//1507 
f 1631//1506 1630//1508 1716//1505 
f 1643//1504 1631//1506 1715//1503 
f 1644//1502 1643//1504 1714//1501 
f 1678//1500 1644//1502 1713//1499 
f 1677//1498 1678//1500 1712//1497 
f 1661//1496 1677//1498 1711//1495 
f 1628//1494 1661//1496 1710//1493 
f 1629//1492 1628//1494 1709//1491 
f 1604//1490 1629//1492 1708//1489 
f 1605//1488 1604//1490 1707//1487 
f 1603//1486 1605//1488 1706//1485 
f 1567//1484 1603//1486 1705//1483 
f 1568//1482 1567//1484 1704//1481 
f 1569//1480 1568//1482 1703//1479 
f 1653//1478 1569//1480 1702//1477 
f 1651//1476 1653//1478 1701//1475 
f 1652//1474 1651//1476 1700//1473 
f 1633//1472 1652//1474 1699//1471 
f 1634//1470 1633//1472 1697//1469 
o mesh131
f 1755//1583 1727//1583 1728//1583 
f 1728//1583 1729//1583 1755//1583 
f 1729//1583 1730//1583 1755//1583 
f 1730//1583 1731//1583 1755//1583 
f 1731//1583 1732//1583 1755//1583 
f 1732//1583 1733//1583 1755//1583 
f 1733//1583 1734//1583 1755//1583 
f 1734//1583 1735//1583 1755//1583 
f 1735//1583 1736//1583 1755//1583 
f 1736//1583 1737//1583 1755//1583 
f 1737//1583 1738//1583 1755//1583 
f 1738//1583 1739//1583 1755//1583 
f 1739//1583 1740//1583 1755//1583 
f 1740//1583 1741//1583 1755//1583 
f 1741//1583 1742//1583 1755//1583 
f 1742//1583 1743//1583 1755//1583 
f 1743//1583 1744//1583 1755//1583 
f 1744//1583 1745//1583 1755//1583 
f 1745//1583 1746//1583 1755//1583 
f 1746//1583 1747//1583 1755//1583 
f 1747//1583 1748//1583 1755//1583 
f 1748//1583 1749//1583 1755//1583 
f 1749//1583 1750//1583 1755//1583 
f 1750//1583 1751//1583 1755//1583 
f 1751//1583 1752//1583 1755//1583 
f 1752//1583 1753//1583 1755//1583 
f 1753//1583 1754//1583 1755//1583 
f 1754//1583 1698//1583 1755//1583 
f 1698//1583 1697//1583 1755//1583 
f 1697//1583 1699//1583 1755//1583 
f 1699//1583 1700//1583 1755//1583 
f 1700//1583 1701//1583 1755//1583 
f 1701//1583 1702//1583 1755//1583 
f 1702//1583 1703//1583 1755//1583 
f 1703//1583 1704//1583 1755//1583 
f 1704//1583 1705//1583 1755//1583 
f 1705//1583 1706//1583 1755//1583 
f 1706//1583 1707//1583 1755//1583 
f 1707//1583 1708//1583 1755//1583 
f 1708//1583 1709//1583 1755//1583 
f 1709//1583 1710//1583 1755//1583 
f 1710//1583 1711//1583 1755//1583 
f 1711//1583 1712//1583 1755//1583 
f 1712//1583 1713//1583 1755//1583 
f 1713//1583 1714//1583 1755//1583 
f 1714//1583 1715//1583 1755//1583 
f 1715//1583 1716//1583 1755//1583 
f 1716//1583 1717//1583 1755//1583 
f 1717//1583 1718//1583 1755//1583 
f 1718//1583 1719//1583 1755//1583 
f 1719//1583 1720//1583 1755//1583 
f 1720//1583 1721//1583 1755//1583 
f 1721//1583 1722//1583 1755//1583 
f 1722//1583 1723//1583 1755//1583 
f 1723//1583 1724//1583 1755//1583 
f 1724//1583 1725//1583 1755//1583 
f 1725//1583 1726//1583 1755//1583 
f 1726//1583 1727//1583 1755//1583 
o mesh132
f 1756//1584 1757//1585 1668//1585 
f 1758//1586 1756//1584 1674//1587 
f 1759//1588 1758//1586 1670//1589 
f 1760//1590 1759//1588 1669//1591 
f 1761//1592 1760//1590 1675//1593 
f 1762//1594 1761//1592 1625//1595 
f 1763//1596 1762//1594 1624//1597 
f 1764//1598 1763//1596 1641//1599 
f 1765//1600 1764//1598 1642//1601 
f 1766//1602 1765//1600 1627//1603 
f 1767//1604 1766//1602 1626//1605 
f 1768//1606 1767//1604 1657//1607 
f 1769//1608 1768//1606 1656//1609 
f 1770//1610 1769//1608 1659//1611 
f 1771//1612 1770//1610 1658//1613 
f 1772//1614 1771//1612 1671//1615 
f 1773//1616 1772//1614 1676//1617 
f 1774//1618 1773//1616 1660//1619 
f 1775//1620 1774//1618 1673//1621 
f 1776//1622 1775//1620 1672//1623 
f 1777//1624 1776//1622 1664//1625 
f 1778//1626 1777//1624 1663//1627 
f 1779//1628 1778//1626 1665//1629 
f 1780//1630 1779//1628 1654//1631 
f 1781//1632 1780//1630 1617//1633 
f 1782//1634 1781//1632 1616//1635 
f 1783//1636 1782//1634 1594//1637 
f 1784//1638 1783//1636 1637//1639 
f 1785//1640 1784//1638 1615//1641 
f 1786//1642 1785//1640 1636//1643 
f 1787//1644 1786//1642 1635//1645 
f 1788//1646 1787//1644 1655//1647 
f 1789//1648 1788//1646 1593//1649 
f 1790//1650 1789//1648 1592//1651 
f 1791//1652 1790//1650 1614//1653 
f 1792//1654 1791//1652 1667//1655 
f 1793//1656 1792//1654 1666//1657 
f 1794//1658 1793//1656 1618//1659 
f 1795//1660 1794//1658 1596//1661 
f 1796//1662 1795//1660 1595//1663 
f 1797//1664 1796//1662 1598//1665 
f 1798//1666 1797//1664 1597//1667 
f 1799//1668 1798//1666 1564//1669 
f 1800//1670 1799//1668 1563//1671 
f 1801//1672 1800//1670 1566//1673 
f 1802//1674 1801//1672 1577//1675 
f 1803//1676 1802//1674 1576//1677 
f 1804//1678 1803//1676 1600//1679 
f 1805//1680 1804//1678 1599//1681 
f 1806//1682 1805//1680 1619//1683 
f 1807//1684 1806//1682 1620//1685 
f 1808//1686 1807//1684 1602//1687 
f 1809//1688 1808//1686 1601//1689 
f 1810//1690 1809//1688 1639//1691 
f 1811//1692 1810//1690 1638//1693 
f 1812//1694 1811//1692 1640//1695 
f 1813//1696 1812//1694 1622//1697 
f 1757//1585 1813//1696 1621//1696 
f 1621//1696 1668//1585 1757//1585 
f 1622//1697 1621//1696 1813//1696 
f 1640//1695 1622//1697 1812//1694 
f 1638//1693 1640//1695 1811//1692 
f 1639//1691 1638//1693 1810//1690 
f 1601//1689 1639//1691 1809//1688 
f 1602//1687 1601//1689 1808//1686 
f 1620//1685 1602//1687 1807//1684 
f 1619//1683 1620//1685 1806//1682 
f 1599//1681 1619//1683 1805//1680 
f 1600//1679 1599//1681 1804//1678 
f 1576//1677 1600//1679 1803//1676 
f 1577//1675 1576//1677 1802//1674 
f 1566//1673 1577//1675 1801//1672 
f 1563//1671 1566//1673 1800//1670 
f 1564//1669 1563//1671 1799//1668 
f 1597//1667 1564//1669 1798//1666 
f 1598//1665 1597//1667 1797//1664 
f 1595//1663 1598//1665 1796//1662 
f 1596//1661 1595//1663 1795//1660 
f 1618//1659 1596//1661 1794//1658 
f 1666//1657 1618//1659 1793//1656 
f 1667//1655 1666//1657 1792//1654 
f 1614//1653 1667//1655 1791//1652 
f 1592//1651 1614//1653 1790//1650 
f 1593//1649 1592//1651 1789//1648 
f 1655//1647 1593//1649 1788//1646 
f 1635//1645 1655//1647 1787//1644 
f 1636//1643 1635//1645 1786//1642 
f 1615//1641 1636//1643 1785//1640 
f 1637//1639 1615//1641 1784//1638 
f 1594//1637 1637//1639 1783//1636 
f 1616//1635 1594//1637 1782//1634 
f 1617//1633 1616//1635 1781//1632 
f 1654//1631 1617//1633 1780//1630 
f 1665//1629 1654//1631 1779//1628 
f 1663//1627 1665//1629 1778//1626 
f 1664//1625 1663//1627 1777//1624 
f 1672//1623 1664//1625 1776//1622 
f 1673//1621 1672//1623 1775//1620 
f 1660//1619 1673//1621 1774//1618 
f 1676//1617 1660//1619 1773//1616 
f 1671//1615 1676//1617 1772//1614 
f 1658//1613 1671//1615 1771//1612 
f 1659//1611 1658//1613 1770//1610 
f 1656//1609 1659//1611 1769//1608 
f 1657//1607 1656//1609 1768//1606 
f 1626//1605 1657//1607 1767//1604 
f 1627//1603 1626//1605 1766//1602 
f 1642//1601 1627//1603 1765//1600 
f 1641//1599 1642//1601 1764//1598 
f 1624//1597 1641//1599 1763//1596 
f 1625//1595 1624//1597 1762//1594 
f 1675//1593 1625//1595 1761//1592 
f 1669//1591 1675//1593 1760//1590 
f 1670//1589 1669//1591 1759//1588 
f 1674//1587 1670//1589 1758//1586 
f 1668//1585 1674//1587 1756//1584 
o mesh133
f 1814//1698 1786//1698 1787//1698 
f 1787//1698 1788//1698 1814//1698 
f 1788//1698 1789//1698 1814//1698 
f 1789//1698 1790//1698 1814//1698 
f 1790//1698 1791//1698 1814//1698 
f 1791//1698 1792//1698 1814//1698 
f 1792//1698 1793//1698 1814//1698 
f 1793//1698 1794//1698 1814//1698 
f 1794//1698 1795//1698 1814//1698 
f 1795//1698 1796//1698 1814//1698 
f 1796//1698 1797//1698 1814//1698 
f 1797//1698 1798//1698 1814//1698 
f 1798//1698 1799//1698 1814//1698 
f 1799//1698 1800//1698 1814//1698 
f 1800//1698 1801//1698 1814//1698 
f 1801//1698 1802//1698 1814//1698 
f 1802//1698 1803//1698 1814//1698 
f 1803//1698 1804//1698 1814//1698 
f 1804//1698 1805//1698 1814//1698 
f 1805//1698 1806//1698 1814//1698 
f 1806//1698 1807//1698 1814//1698 
f 1807//1698 1808//1698 1814//1698 
f 1808//1698 1809//1698 1814//1698 
f 1809//1698 1810//1698 1814//1698 
f 1810//1698 1811//1698 1814//1698 
f 1811//1698 1812//1698 1814//1698 
f 1812//1698 1813//1698 1814//1698 
f 1813//1698 1757//1698 1814//1698 
f 1757//1698 1756//1698 1814//1698 
f 1756//1698 1758//1698 1814//1698 
f 1758//1698 1759//1698 1814//1698 
f 1759//1698 1760//1698 1814//1698 
f 1760//1698 1761//1698 1814//1698 
f 1761//1698 1762//1698 1814//1698 
f 1762//1698 1763//1698 1814//1698 
f 1763//1698 1764//1698 1814//1698 
f 1764//1698 1765//1698 1814//1698 
f 1765//1698 1766//1698 1814//1698 
f 1766//1698 1767//1698 1814//1698 
f 1767//1698 1768//1698 1814//1698 
f 1768//1698 1769//1698 1814//1698 
f 1769//1698 1770//1698 1814//1698 
f 1770//1698 1771//1698 1814//1698 
f 1771//1698 1772//1698 1814//1698 
f 1772//1698 1773//1698 1814//1698 
f 1773//1698 1774//1698 1814//1698 
f 1774//1698 1775//1698 1814//1698 
f 1775//1698 1776//1698 1814//1698 
f 1776//1698 1777//1698 1814//1698 
f 1777//1698 1778//1698 1814//1698 
f 1778//1698 1779//1698 1814//1698 
f 1779//1698 1780//1698 1814//1698 
f 1780//1698 1781//1698 1814//1698 
f 1781//1698 1782//1698 1814//1698 
f 1782//1698 1783//1698 1814//1698 
f 1783//1698 1784//1698 1814//1698 
f 1784//1698 1785//1698 1814//1698 
f 1785//1698 1786//1698 1814//1698 
o mesh134
f 1685//1698 800//1698 807//1698 
f 807//1698 1686//1698 1685//1698 
f 1815//1698 807//1698 787//1698 
f 807//1698 1816//1698 1686//1698 
f 1817//1698 1818//1698 1819//1698 
f 1294//1698 1820//1698 1817//1698 
f 807//1698 1815//1698 1816//1698 
f 773//1698 1819//1698 1815//1698 
f 1817//1698 773//1698 1294//1698 
f 1816//1698 1297//1698 1295//1698 
f 774//1698 1815//1698 783//1698 
f 787//1698 783//1698 1815//1698 
f 1819//1698 773//1698 1817//1698 
f 1821//1698 1822//1698 1820//1698 
f 1295//1698 1686//1698 1816//1698 
f 1297//1698 1816//1698 1821//1698 
f 1692//1698 798//1698 1688//1698 
f 798//1698 800//1698 1685//1698 
f 789//1698 787//1698 811//1698 
f 807//1698 811//1698 787//1698 
f 1820//1698 1294//1698 1821//1698 
f 1821//1698 1294//1698 1297//1698 
f 1695//1698 1293//1698 1694//1698 
f 1293//1698 798//1698 1692//1698 
f 1685//1698 1688//1698 798//1698 
f 783//1698 781//1698 774//1698 
f 1295//1698 1695//1698 1686//1698 
f 1694//1698 1696//1698 1695//1698 
f 1688//1698 1690//1698 1692//1698 
f 800//1698 803//1698 807//1698 
f 1695//1698 1295//1698 1293//1698 
f 811//1698 816//1698 789//1698 
f 1692//1698 1694//1698 1293//1698 
f 1815//1698 774//1698 773//1698 
o mesh135
f 1821//1699 1816//1699 1823//1699 
f 1823//1699 1824//1699 1821//1699 
o mesh136
f 1815//1700 1825//1700 1823//1700 
f 1823//1700 1816//1700 1815//1700 
o mesh137
f 1826//1701 1827//1701 1823//1701 
f 1823//1701 1825//1701 1826//1701 
o mesh138
f 1819//1702 1828//1702 1825//1702 
f 1825//1702 1815//1702 1819//1702 
o mesh139
f 1829//1703 1826//1703 1825//1703 
f 1825//1703 1828//1703 1829//1703 
o mesh140
f 1828//1704 1819//1704 1818//1704 
f 1818//1704 1830//1704 1828//1704 
o mesh141
f 1831//1705 1829//1705 1828//1705 
f 1828//1705 1830//1705 1831//1705 
o mesh142
f 1818//1706 1817//1706 1832//1706 
f 1832//1706 1830//1706 1818//1706 
o mesh143
f 1833//1707 1831//1707 1830//1707 
f 1830//1707 1832//1707 1833//1707 
o mesh144
f 1820//1708 1834//1708 1832//1708 
f 1832//1708 1817//1708 1820//1708 
o mesh145
f 1835//1709 1833//1709 1832//1709 
f 1832//1709 1834//1709 1835//1709 
o mesh146
f 1822//1710 1836//1710 1834//1710 
f 1834//1710 1820//1710 1822//1710 
o mesh147
f 1827//1711 1837//1711 1824//1711 
f 1824//1711 1823//1711 1827//1711 
o mesh148
f 1837//1712 1838//1712 1836//1712 
f 1836//1712 1824//1712 1837//1712 
o mesh149
f 1838//1711 1835//1711 1834//1711 
f 1834//1711 1836//1711 1838//1711 
o mesh150
f 1822//1713 1821//1713 1824//1713 
f 1824//1713 1836//1713 1822//1713 
o mesh151
f 1831//1714 1839//1714 1840//1714 
f 1840//1714 1829//1714 1831//1714 
f 1831//1714 1841//1714 1839//1714 
f 1840//1714 1842//1714 1829//1714 
f 1831//1714 1843//1714 1841//1714 
f 1844//1714 1261//1714 1262//1714 
f 1829//1714 1845//1714 1846//1714 
f 1842//1714 1847//1714 1829//1714 
f 1838//1714 1837//1714 1848//1714 
f 1837//1714 1849//1714 1850//1714 
f 1844//1714 1260//1714 1261//1714 
f 1236//1714 1851//1714 1852//1714 
f 1826//1714 1853//1714 1854//1714 
f 1846//1714 1855//1714 1829//1714 
f 1831//1714 1856//1714 1843//1714 
f 1831//1714 1857//1714 1858//1714 
f 1859//1714 1288//1714 1289//1714 
f 1267//1714 1268//1714 1838//1714 
f 1838//1714 1860//1714 1861//1714 
f 1837//1714 1862//1714 1848//1714 
f 1850//1714 1863//1714 1837//1714 
f 1259//1714 1844//1714 1864//1714 
f 1844//1714 1259//1714 1260//1714 
f 1262//1714 1865//1714 1866//1714 
f 1867//1714 1868//1714 1247//1714 
f 1869//1714 1868//1714 1867//1714 
f 1868//1714 1244//1714 1245//1714 
f 1852//1714 1235//1714 1236//1714 
f 1826//1714 1870//1714 1871//1714 
f 1854//1714 1872//1714 1826//1714 
f 1829//1714 1873//1714 1874//1714 
f 1829//1714 1875//1714 1876//1714 
f 1847//1714 1845//1714 1829//1714 
f 1858//1714 1877//1714 1831//1714 
f 1285//1714 1878//1714 1879//1714 
f 1285//1714 1859//1714 1880//1714 
f 1859//1714 1287//1714 1288//1714 
f 1838//1714 1881//1714 1882//1714 
f 1848//1714 1860//1714 1838//1714 
f 1837//1714 1883//1714 1884//1714 
f 1863//1714 1885//1714 1837//1714 
f 1837//1714 1886//1714 1887//1714 
f 1262//1714 1888//1714 1844//1714 
f 1866//1714 1889//1714 1262//1714 
f 1257//1714 1890//1714 1891//1714 
f 1258//1714 1259//1714 1892//1714 
f 1893//1714 1253//1714 1254//1714 
f 1827//1714 1869//1714 1894//1714 
f 1867//1714 1894//1714 1869//1714 
f 1827//1714 1826//1714 1895//1714 
f 1245//1714 1246//1714 1868//1714 
f 1241//1714 1868//1714 1896//1714 
f 1236//1714 1237//1714 1851//1714 
f 1826//1714 1897//1714 1898//1714 
f 1872//1714 1870//1714 1826//1714 
f 1829//1714 1899//1714 1900//1714 
f 1829//1714 1901//1714 1902//1714 
f 1876//1714 1873//1714 1829//1714 
f 1877//1714 1856//1714 1831//1714 
f 1879//1714 1831//1714 1285//1714 
f 1880//1714 1903//1714 1285//1714 
f 1289//1714 1904//1714 1905//1714 
f 1882//1714 1266//1714 1267//1714 
f 1837//1714 1906//1714 1862//1714 
f 1837//1714 1907//1714 1908//1714 
f 1909//1714 1262//1714 1263//1714 
f 1885//1714 1883//1714 1837//1714 
f 1887//1714 1910//1714 1837//1714 
f 1837//1714 1827//1714 1911//1714 
f 1827//1714 1912//1714 1913//1714 
f 1827//1714 1914//1714 1915//1714 
f 1864//1714 1916//1714 1259//1714 
f 1262//1714 1917//1714 1865//1714 
f 1891//1714 1918//1714 1257//1714 
f 1890//1714 1257//1714 1258//1714 
f 1254//1714 1255//1714 1893//1714 
f 1247//1714 1248//1714 1867//1714 
f 1826//1714 1919//1714 1895//1714 
f 1868//1714 1243//1714 1244//1714 
f 1868//1714 1241//1714 1242//1714 
f 1896//1714 1239//1714 1240//1714 
f 1238//1714 1920//1714 1851//1714 
f 1238//1714 1921//1714 1922//1714 
f 1238//1714 1896//1714 1923//1714 
f 1826//1714 1924//1714 1925//1714 
f 1826//1714 1926//1714 1927//1714 
f 1871//1714 1897//1714 1826//1714 
f 1900//1714 1826//1714 1829//1714 
f 1829//1714 1928//1714 1901//1714 
f 1855//1714 1875//1714 1829//1714 
f 1831//1714 1929//1714 1930//1714 
f 1903//1714 1878//1714 1285//1714 
f 1859//1714 1286//1714 1287//1714 
f 1831//1714 1277//1714 1278//1714 
f 1838//1714 1882//1714 1267//1714 
f 1908//1714 1906//1714 1837//1714 
f 1266//1714 1882//1714 1909//1714 
f 1263//1714 1264//1714 1909//1714 
f 1910//1714 1849//1714 1837//1714 
f 1827//1714 1931//1714 1911//1714 
f 1827//1714 1932//1714 1912//1714 
f 1827//1714 1933//1714 1914//1714 
f 1827//1714 1934//1714 1935//1714 
f 1259//1714 1936//1714 1937//1714 
f 1889//1714 1888//1714 1262//1714 
f 1262//1714 1938//1714 1939//1714 
f 1892//1714 1890//1714 1258//1714 
f 1255//1714 1256//1714 1893//1714 
f 1867//1714 1251//1714 1252//1714 
f 1867//1714 1248//1714 1249//1714 
f 1895//1714 1869//1714 1827//1714 
f 1242//1714 1243//1714 1868//1714 
f 1896//1714 1238//1714 1239//1714 
f 1922//1714 1920//1714 1238//1714 
f 1923//1714 1940//1714 1238//1714 
f 1852//1714 1290//1714 1234//1714 
f 1925//1714 1941//1714 1826//1714 
f 1927//1714 1942//1714 1826//1714 
f 1900//1714 1853//1714 1826//1714 
f 1874//1714 1928//1714 1829//1714 
f 1879//1714 1929//1714 1831//1714 
f 1859//1714 1285//1714 1286//1714 
f 1289//1714 1943//1714 1944//1714 
f 1278//1714 1279//1714 1831//1714 
f 1861//1714 1881//1714 1838//1714 
f 1264//1714 1265//1714 1909//1714 
f 1911//1714 1886//1714 1837//1714 
f 1915//1714 1932//1714 1827//1714 
f 1827//1714 1945//1714 1946//1714 
f 1827//1714 1947//1714 1948//1714 
f 1935//1714 1949//1714 1827//1714 
f 1916//1714 1936//1714 1259//1714 
f 1939//1714 1950//1714 1262//1714 
f 1262//1714 1909//1714 1951//1714 
f 1253//1714 1893//1714 1952//1714 
f 1256//1714 1257//1714 1893//1714 
f 1867//1714 1250//1714 1251//1714 
f 1894//1714 1934//1714 1827//1714 
f 1896//1714 1240//1714 1241//1714 
f 1940//1714 1921//1714 1238//1714 
f 1234//1714 1233//1714 1852//1714 
f 1942//1714 1924//1714 1826//1714 
f 1902//1714 1899//1714 1829//1714 
f 1289//1714 1905//1714 1859//1714 
f 1289//1714 1852//1714 1943//1714 
f 1831//1714 1281//1714 1282//1714 
f 1279//1714 1280//1714 1831//1714 
f 1909//1714 1265//1714 1266//1714 
f 1913//1714 1931//1714 1827//1714 
f 1827//1714 1953//1714 1945//1714 
f 1949//1714 1947//1714 1827//1714 
f 1950//1714 1917//1714 1262//1714 
f 1951//1714 1954//1714 1262//1714 
f 1918//1714 1893//1714 1257//1714 
f 1249//1714 1250//1714 1867//1714 
f 1237//1714 1238//1714 1851//1714 
f 1852//1714 1289//1714 1290//1714 
f 1898//1714 1926//1714 1826//1714 
f 1944//1714 1904//1714 1289//1714 
f 1280//1714 1281//1714 1831//1714 
f 1884//1714 1907//1714 1837//1714 
f 1948//1714 1953//1714 1827//1714 
f 1954//1714 1938//1714 1262//1714 
f 1252//1714 1253//1714 1867//1714 
f 1835//1714 1271//1714 1831//1714 
f 1271//1714 1835//1714 1838//1714 
f 1233//1714 1235//1714 1852//1714 
f 1930//1714 1857//1714 1831//1714 
f 1831//1714 1276//1714 1277//1714 
f 1831//1714 1274//1714 1275//1714 
f 1831//1714 1271//1714 1272//1714 
f 1946//1714 1933//1714 1827//1714 
f 1952//1714 1867//1714 1253//1714 
f 1838//1714 1270//1714 1271//1714 
f 1941//1714 1919//1714 1826//1714 
f 1831//1714 1283//1714 1284//1714 
f 1275//1714 1276//1714 1831//1714 
f 1272//1714 1273//1714 1831//1714 
f 1937//1714 1892//1714 1259//1714 
f 1838//1714 1269//1714 1270//1714 
f 1284//1714 1285//1714 1831//1714 
f 1273//1714 1274//1714 1831//1714 
f 1831//1714 1833//1714 1835//1714 
f 1282//1714 1283//1714 1831//1714 
f 1246//1714 1247//1714 1868//1714 
f 1268//1714 1269//1714 1838//1714 
o mesh152
f 1955//1715 1956//1716 1911//1716 
f 1957//1717 1955//1715 1931//1718 
f 1958//1719 1957//1717 1913//1720 
f 1959//1721 1958//1719 1912//1722 
f 1960//1723 1959//1721 1932//1724 
f 1961//1725 1960//1723 1915//1726 
f 1962//1727 1961//1725 1914//1728 
f 1963//1729 1962//1727 1933//1730 
f 1964//1731 1963//1729 1946//1732 
f 1965//1733 1964//1731 1945//1734 
f 1966//1735 1965//1733 1953//1736 
f 1967//1737 1966//1735 1948//1738 
f 1968//1739 1967//1737 1947//1740 
f 1969//1741 1968//1739 1949//1742 
f 1970//1743 1969//1741 1935//1744 
f 1971//1745 1970//1743 1934//1746 
f 1972//1747 1971//1745 1894//1748 
f 1973//1749 1972//1747 1867//1750 
f 1974//1751 1973//1749 1952//1752 
f 1975//1753 1974//1751 1893//1754 
f 1976//1755 1975//1753 1918//1756 
f 1977//1757 1976//1755 1891//1758 
f 1978//1759 1977//1757 1890//1760 
f 1979//1761 1978//1759 1892//1762 
f 1980//1763 1979//1761 1937//1764 
f 1981//1765 1980//1763 1936//1766 
f 1982//1767 1981//1765 1916//1768 
f 1983//1769 1982//1767 1864//1770 
f 1984//1771 1983//1769 1844//1772 
f 1985//1773 1984//1771 1888//1774 
f 1986//1775 1985//1773 1889//1776 
f 1987//1777 1986//1775 1866//1778 
f 1988//1779 1987//1777 1865//1780 
f 1989//1781 1988//1779 1917//1782 
f 1990//1783 1989//1781 1950//1784 
f 1991//1785 1990//1783 1939//1786 
f 1992//1787 1991//1785 1938//1788 
f 1993//1789 1992//1787 1954//1790 
f 1994//1791 1993//1789 1951//1792 
f 1995//1793 1994//1791 1909//1794 
f 1996//1795 1995//1793 1882//1796 
f 1997//1797 1996//1795 1881//1798 
f 1998//1799 1997//1797 1861//1800 
f 1999//1801 1998//1799 1860//1802 
f 2000//1803 1999//1801 1848//1804 
f 2001//1805 2000//1803 1862//1806 
f 2002//1807 2001//1805 1906//1808 
f 2003//1809 2002//1807 1908//1810 
f 2004//1811 2003//1809 1907//1812 
f 2005//1813 2004//1811 1884//1814 
f 2006//1815 2005//1813 1883//1816 
f 2007//1817 2006//1815 1885//1818 
f 2008//1819 2007//1817 1863//1820 
f 2009//1821 2008//1819 1850//1822 
f 2010//1823 2009//1821 1849//1824 
f 2011//1825 2010//1823 1910//1826 
f 2012//1827 2011//1825 1887//1828 
f 1956//1716 2012//1827 1886//1827 
f 1886//1827 1911//1716 1956//1716 
f 1887//1828 1886//1827 2012//1827 
f 1910//1826 1887//1828 2011//1825 
f 1849//1824 1910//1826 2010//1823 
f 1850//1822 1849//1824 2009//1821 
f 1863//1820 1850//1822 2008//1819 
f 1885//1818 1863//1820 2007//1817 
f 1883//1816 1885//1818 2006//1815 
f 1884//1814 1883//1816 2005//1813 
f 1907//1812 1884//1814 2004//1811 
f 1908//1810 1907//1812 2003//1809 
f 1906//1808 1908//1810 2002//1807 
f 1862//1806 1906//1808 2001//1805 
f 1848//1804 1862//1806 2000//1803 
f 1860//1802 1848//1804 1999//1801 
f 1861//1800 1860//1802 1998//1799 
f 1881//1798 1861//1800 1997//1797 
f 1882//1796 1881//1798 1996//1795 
f 1909//1794 1882//1796 1995//1793 
f 1951//1792 1909//1794 1994//1791 
f 1954//1790 1951//1792 1993//1789 
f 1938//1788 1954//1790 1992//1787 
f 1939//1786 1938//1788 1991//1785 
f 1950//1784 1939//1786 1990//1783 
f 1917//1782 1950//1784 1989//1781 
f 1865//1780 1917//1782 1988//1779 
f 1866//1778 1865//1780 1987//1777 
f 1889//1776 1866//1778 1986//1775 
f 1888//1774 1889//1776 1985//1773 
f 1844//1772 1888//1774 1984//1771 
f 1864//1770 1844//1772 1983//1769 
f 1916//1768 1864//1770 1982//1767 
f 1936//1766 1916//1768 1981//1765 
f 1937//1764 1936//1766 1980//1763 
f 1892//1762 1937//1764 1979//1761 
f 1890//1760 1892//1762 1978//1759 
f 1891//1758 1890//1760 1977//1757 
f 1918//1756 1891//1758 1976//1755 
f 1893//1754 1918//1756 1975//1753 
f 1952//1752 1893//1754 1974//1751 
f 1867//1750 1952//1752 1973//1749 
f 1894//1748 1867//1750 1972//1747 
f 1934//1746 1894//1748 1971//1745 
f 1935//1744 1934//1746 1970//1743 
f 1949//1742 1935//1744 1969//1741 
f 1947//1740 1949//1742 1968//1739 
f 1948//1738 1947//1740 1967//1737 
f 1953//1736 1948//1738 1966//1735 
f 1945//1734 1953//1736 1965//1733 
f 1946//1732 1945//1734 1964//1731 
f 1933//1730 1946//1732 1963//1729 
f 1914//1728 1933//1730 1962//1727 
f 1915//1726 1914//1728 1961//1725 
f 1932//1724 1915//1726 1960//1723 
f 1912//1722 1932//1724 1959//1721 
f 1913//1720 1912//1722 1958//1719 
f 1931//1718 1913//1720 1957//1717 
f 1911//1716 1931//1718 1955//1715 
o mesh153
f 2013//1829 1985//1829 1986//1829 
f 1986//1829 1987//1829 2013//1829 
f 1987//1829 1988//1829 2013//1829 
f 1988//1829 1989//1829 2013//1829 
f 1989//1829 1990//1829 2013//1829 
f 1990//1829 1991//1829 2013//1829 
f 1991//1829 1992//1829 2013//1829 
f 1992//1829 1993//1829 2013//1829 
f 1993//1829 1994//1829 2013//1829 
f 1994//1829 1995//1829 2013//1829 
f 1995//1829 1996//1829 2013//1829 
f 1996//1829 1997//1829 2013//1829 
f 1997//1829 1998//1829 2013//1829 
f 1998//1829 1999//1829 2013//1829 
f 1999//1829 2000//1829 2013//1829 
f 2000//1829 2001//1829 2013//1829 
f 2001//1829 2002//1829 2013//1829 
f 2002//1829 2003//1829 2013//1829 
f 2003//1829 2004//1829 2013//1829 
f 2004//1829 2005//1829 2013//1829 
f 2005//1829 2006//1829 2013//1829 
f 2006//1829 2007//1829 2013//1829 
f 2007//1829 2008//1829 2013//1829 
f 2008//1829 2009//1829 2013//1829 
f 2009//1829 2010//1829 2013//1829 
f 2010//1829 2011//1829 2013//1829 
f 2011//1829 2012//1829 2013//1829 
f 2012//1829 1956//1829 2013//1829 
f 1956//1829 1955//1829 2013//1829 
f 1955//1829 1957//1829 2013//1829 
f 1957//1829 1958//1829 2013//1829 
f 1958//1829 1959//1829 2013//1829 
f 1959//1829 1960//1829 2013//1829 
f 1960//1829 1961//1829 2013//1829 
f 1961//1829 1962//1829 2013//1829 
f 1962//1829 1963//1829 2013//1829 
f 1963//1829 1964//1829 2013//1829 
f 1964//1829 1965//1829 2013//1829 
f 1965//1829 1966//1829 2013//1829 
f 1966//1829 1967//1829 2013//1829 
f 1967//1829 1968//1829 2013//1829 
f 1968//1829 1969//1829 2013//1829 
f 1969//1829 1970//1829 2013//1829 
f 1970//1829 1971//1829 2013//1829 
f 1971//1829 1972//1829 2013//1829 
f 1972//1829 1973//1829 2013//1829 
f 1973//1829 1974//1829 2013//1829 
f 1974//1829 1975//1829 2013//1829 
f 1975//1829 1976//1829 2013//1829 
f 1976//1829 1977//1829 2013//1829 
f 1977//1829 1978//1829 2013//1829 
f 1978//1829 1979//1829 2013//1829 
f 1979//1829 1980//1829 2013//1829 
f 1980//1829 1981//1829 2013//1829 
f 1981//1829 1982//1829 2013//1829 
f 1982//1829 1983//1829 2013//1829 
f 1983//1829 1984//1829 2013//1829 
f 1984//1829 1985//1829 2013//1829 
o mesh154
f 2014//1830 2015//1831 1905//1831 
f 2016//1832 2014//1830 1904//1833 
f 2017//1834 2016//1832 1944//1835 
f 2018//1836 2017//1834 1943//1837 
f 2019//1838 2018//1836 1852//1839 
f 2020//1840 2019//1838 1851//1841 
f 2021//1842 2020//1840 1920//1843 
f 2022//1844 2021//1842 1922//1845 
f 2023//1846 2022//1844 1921//1847 
f 2024//1848 2023//1846 1940//1849 
f 2025//1850 2024//1848 1923//1851 
f 2026//1852 2025//1850 1896//1853 
f 2027//1854 2026//1852 1868//1855 
f 2028//1856 2027//1854 1869//1857 
f 2029//1858 2028//1856 1895//1859 
f 2030//1860 2029//1858 1919//1861 
f 2031//1862 2030//1860 1941//1863 
f 2032//1864 2031//1862 1925//1865 
f 2033//1866 2032//1864 1924//1867 
f 2034//1868 2033//1866 1942//1869 
f 2035//1870 2034//1868 1927//1871 
f 2036//1872 2035//1870 1926//1873 
f 2037//1874 2036//1872 1898//1875 
f 2038//1876 2037//1874 1897//1877 
f 2039//1878 2038//1876 1871//1879 
f 2040//1880 2039//1878 1870//1881 
f 2041//1882 2040//1880 1872//1883 
f 2042//1884 2041//1882 1854//1885 
f 2043//1886 2042//1884 1853//1887 
f 2044//1888 2043//1886 1900//1889 
f 2045//1890 2044//1888 1899//1891 
f 2046//1892 2045//1890 1902//1893 
f 2047//1894 2046//1892 1901//1895 
f 2048//1896 2047//1894 1928//1897 
f 2049//1898 2048//1896 1874//1899 
f 2050//1900 2049//1898 1873//1901 
f 2051//1902 2050//1900 1876//1903 
f 2052//1904 2051//1902 1875//1905 
f 2053//1906 2052//1904 1855//1907 
f 2054//1908 2053//1906 1846//1909 
f 2055//1910 2054//1908 1845//1911 
f 2056//1912 2055//1910 1847//1913 
f 2057//1914 2056//1912 1842//1915 
f 2058//1916 2057//1914 1840//1917 
f 2059//1918 2058//1916 1839//1919 
f 2060//1920 2059//1918 1841//1921 
f 2061//1922 2060//1920 1843//1923 
f 2062//1924 2061//1922 1856//1925 
f 2063//1926 2062//1924 1877//1927 
f 2064//1928 2063//1926 1858//1929 
f 2065//1930 2064//1928 1857//1931 
f 2066//1932 2065//1930 1930//1933 
f 2067//1934 2066//1932 1929//1935 
f 2068//1936 2067//1934 1879//1937 
f 2069//1938 2068//1936 1878//1939 
f 2070//1940 2069//1938 1903//1941 
f 2071//1942 2070//1940 1880//1943 
f 2015//1831 2071//1942 1859//1942 
f 1859//1942 1905//1831 2015//1831 
f 1880//1943 1859//1942 2071//1942 
f 1903//1941 1880//1943 2070//1940 
f 1878//1939 1903//1941 2069//1938 
f 1879//1937 1878//1939 2068//1936 
f 1929//1935 1879//1937 2067//1934 
f 1930//1933 1929//1935 2066//1932 
f 1857//1931 1930//1933 2065//1930 
f 1858//1929 1857//1931 2064//1928 
f 1877//1927 1858//1929 2063//1926 
f 1856//1925 1877//1927 2062//1924 
f 1843//1923 1856//1925 2061//1922 
f 1841//1921 1843//1923 2060//1920 
f 1839//1919 1841//1921 2059//1918 
f 1840//1917 1839//1919 2058//1916 
f 1842//1915 1840//1917 2057//1914 
f 1847//1913 1842//1915 2056//1912 
f 1845//1911 1847//1913 2055//1910 
f 1846//1909 1845//1911 2054//1908 
f 1855//1907 1846//1909 2053//1906 
f 1875//1905 1855//1907 2052//1904 
f 1876//1903 1875//1905 2051//1902 
f 1873//1901 1876//1903 2050//1900 
f 1874//1899 1873//1901 2049//1898 
f 1928//1897 1874//1899 2048//1896 
f 1901//1895 1928//1897 2047//1894 
f 1902//1893 1901//1895 2046//1892 
f 1899//1891 1902//1893 2045//1890 
f 1900//1889 1899//1891 2044//1888 
f 1853//1887 1900//1889 2043//1886 
f 1854//1885 1853//1887 2042//1884 
f 1872//1883 1854//1885 2041//1882 
f 1870//1881 1872//1883 2040//1880 
f 1871//1879 1870//1881 2039//1878 
f 1897//1877 1871//1879 2038//1876 
f 1898//1875 1897//1877 2037//1874 
f 1926//1873 1898//1875 2036//1872 
f 1927//1871 1926//1873 2035//1870 
f 1942//1869 1927//1871 2034//1868 
f 1924//1867 1942//1869 2033//1866 
f 1925//1865 1924//1867 2032//1864 
f 1941//1863 1925//1865 2031//1862 
f 1919//1861 1941//1863 2030//1860 
f 1895//1859 1919//1861 2029//1858 
f 1869//1857 1895//1859 2028//1856 
f 1868//1855 1869//1857 2027//1854 
f 1896//1853 1868//1855 2026//1852 
f 1923//1851 1896//1853 2025//1850 
f 1940//1849 1923//1851 2024//1848 
f 1921//1847 1940//1849 2023//1846 
f 1922//1845 1921//1847 2022//1844 
f 1920//1843 1922//1845 2021//1842 
f 1851//1841 1920//1843 2020//1840 
f 1852//1839 1851//1841 2019//1838 
f 1943//1837 1852//1839 2018//1836 
f 1944//1835 1943//1837 2017//1834 
f 1904//1833 1944//1835 2016//1832 
f 1905//1831 1904//1833 2014//1830 
o mesh155
f 2072//1944 2044//1944 2045//1944 
f 2045//1944 2046//1944 2072//1944 
f 2046//1944 2047//1944 2072//1944 
f 2047//1944 2048//1944 2072//1944 
f 2048//1944 2049//1944 2072//1944 
f 2049//1944 2050//1944 2072//1944 
f 2050//1944 2051//1944 2072//1944 
f 2051//1944 2052//1944 2072//1944 
f 2052//1944 2053//1944 2072//1944 
f 2053//1944 2054//1944 2072//1944 
f 2054//1944 2055//1944 2072//1944 
f 2055//1944 2056//1944 2072//1944 
f 2056//1944 2057//1944 2072//1944 
f 2057//1944 2058//1944 2072//1944 
f 2058//1944 2059//1944 2072//1944 
f 2059//1944 2060//1944 2072//1944 
f 2060//1944 2061//1944 2072//1944 
f 2061//1944 2062//1944 2072//1944 
f 2062//1944 2063//1944 2072//1944 
f 2063//1944 2064//1944 2072//1944 
f 2064//1944 2065//1944 2072//1944 
f 2065//1944 2066//1944 2072//1944 
f 2066//1944 2067//1944 2072//1944 
f 2067//1944 2068//1944 2072//1944 
f 2068//1944 2069//1944 2072//1944 
f 2069//1944 2070//1944 2072//1944 
f 2070//1944 2071//1944 2072//1944 
f 2071//1944 2015//1944 2072//1944 
f 2015//1944 2014//1944 2072//1944 
f 2014//1944 2016//1944 2072//1944 
f 2016//1944 2017//1944 2072//1944 
f 2017//1944 2018//1944 2072//1944 
f 2018//1944 2019//1944 2072//1944 
f 2019//1944 2020//1944 2072//1944 
f 2020//1944 2021//1944 2072//1944 
f 2021//1944 2022//1944 2072//1944 
f 2022//1944 2023//1944 2072//1944 
f 2023//1944 2024//1944 2072//1944 
f 2024//1944 2025//1944 2072//1944 
f 2025//1944 2026//1944 2072//1944 
f 2026//1944 2027//1944 2072//1944 
f 2027//1944 2028//1944 2072//1944 
f 2028//1944 2029//1944 2072//1944 
f 2029//1944 2030//1944 2072//1944 
f 2030//1944 2031//1944 2072//1944 
f 2031//1944 2032//1944 2072//1944 
f 2032//1944 2033//1944 2072//1944 
f 2033//1944 2034//1944 2072//1944 
f 2034//1944 2035//1944 2072//1944 
f 2035//1944 2036//1944 2072//1944 
f 2036//1944 2037//1944 2072//1944 
f 2037//1944 2038//1944 2072//1944 
f 2038//1944 2039//1944 2072//1944 
f 2039//1944 2040//1944 2072//1944 
f 2040//1944 2041//1944 2072//1944 
f 2041//1944 2042//1944 2072//1944 
f 2042//1944 2043//1944 2072//1944 
f 2043//1944 2044//1944 2072//1944 
o mesh156
f 2073//1944 779//1944 782//1944 
f 786//1944 2074//1944 2075//1944 
f 2073//1944 2076//1944 2074//1944 
f 782//1944 2077//1944 2073//1944 
f 2074//1944 786//1944 2073//1944 
f 2073//1944 786//1944 779//1944 
f 782//1944 784//1944 2077//1944 
f 2077//1944 784//1944 2078//1944 
f 2078//1944 2079//1944 2077//1944 
f 788//1944 2080//1944 2078//1944 
f 2081//1944 2082//1944 790//1944 
f 2078//1944 784//1944 788//1944 
f 2082//1944 2083//1944 2080//1944 
f 790//1944 793//1944 2081//1944 
f 2080//1944 788//1944 2082//1944 
f 2082//1944 788//1944 790//1944 
f 793//1944 791//1944 2081//1944 
f 2081//1944 791//1944 2075//1944 
f 2075//1944 2084//1944 2081//1944 
f 2075//1944 791//1944 786//1944 
o mesh157
f 2082//1945 2081//1945 2085//1945 
f 2085//1945 2086//1945 2082//1945 
o mesh158
f 2087//1946 2088//1946 2076//1946 
f 2076//1946 2073//1946 2087//1946 
o mesh159
f 2089//1947 2090//1947 2088//1947 
f 2088//1947 2087//1947 2089//1947 
o mesh160
f 2077//1948 2079//1948 2090//1948 
f 2090//1948 2089//1948 2077//1948 
o mesh161
f 2077//1949 2089//1949 2087//1949 
f 2087//1949 2073//1949 2077//1949 
o mesh162
f 2090//1950 2079//1950 2076//1950 
f 2091//1950 2074//1950 2076//1950 
f 2092//1950 2091//1950 2079//1950 
f 2076//1950 2079//1950 2091//1950 
f 2076//1950 2088//1950 2090//1950 
f 2079//1950 2078//1950 2092//1950 
o mesh163
f 2093//1949 2084//1949 2075//1949 
f 2075//1949 2094//1949 2093//1949 
o mesh164
f 2080//1949 2083//1949 2095//1949 
f 2095//1949 2096//1949 2080//1949 
o mesh165
f 2094//1951 2075//1951 2074//1951 
f 2074//1951 2091//1951 2094//1951 
o mesh166
f 2078//1952 2080//1952 2096//1952 
f 2096//1952 2092//1952 2078//1952 
o mesh167
f 2091//1953 2095//1953 2093//1953 
f 2092//1953 2096//1953 2095//1953 
f 2095//1953 2091//1953 2092//1953 
f 2093//1953 2094//1953 2091//1953 
o mesh168
f 2097//1954 2098//1954 2093//1954 
f 2093//1954 2095//1954 2097//1954 
o mesh169
f 2082//1955 2097//1955 2095//1955 
f 2082//1955 2099//1955 2097//1955 
f 2086//1955 2100//1955 2099//1955 
f 2099//1955 2082//1955 2086//1955 
f 2086//1955 2101//1955 2100//1955 
f 2095//1955 2083//1955 2082//1955 
o mesh170
f 2085//1956 2081//1956 2102//1956 
f 2102//1956 2103//1956 2085//1956 
f 2081//1956 2098//1956 2102//1956 
f 2081//1956 2093//1956 2098//1956 
f 2081//1956 2084//1956 2093//1956 
f 2103//1956 2104//1956 2085//1956 
o mesh171
f 2105//1957 2106//1957 2104//1957 
f 2104//1957 2103//1957 2105//1957 
o mesh172
f 2100//1957 2101//1957 2107//1957 
f 2107//1957 2108//1957 2100//1957 
o mesh173
f 2109//1958 2103//1958 2100//1958 
f 2110//1958 2105//1958 2103//1958 
f 2103//1958 2109//1958 2110//1958 
f 2100//1958 2108//1958 2109//1958 
o mesh174
f 2108//1959 2107//1959 2111//1959 
f 2111//1959 2109//1959 2108//1959 
o mesh175
f 2105//1960 2110//1960 2112//1960 
f 2112//1960 2106//1960 2105//1960 
o mesh176
f 2099//1961 2100//1961 2103//1961 
f 2103//1961 2102//1961 2099//1961 
o mesh177
f 2102//1962 2098//1962 2113//1962 
f 2113//1962 2114//1962 2102//1962 
o mesh178
f 2115//1963 2116//1963 2114//1963 
f 2114//1963 2113//1963 2115//1963 
o mesh179
f 2117//1964 2098//1964 2097//1964 
f 2115//1964 2113//1964 2098//1964 
f 2098//1964 2117//1964 2115//1964 
f 2097//1964 2118//1964 2117//1964 
o mesh180
f 2116//1965 2099//1965 2102//1965 
f 2119//1965 2120//1965 2099//1965 
f 2099//1965 2116//1965 2119//1965 
f 2102//1965 2114//1965 2116//1965 
o mesh181
f 2117//1966 2119//1966 2116//1966 
f 2116//1966 2115//1966 2117//1966 
o mesh182
f 2118//1967 2120//1967 2119//1967 
f 2119//1967 2117//1967 2118//1967 
o mesh183
f 2118//1968 2097//1968 2099//1968 
f 2099//1968 2120//1968 2118//1968 
o mesh184
f 2121//1969 2122//1969 755//1969 
f 755//1969 568//1969 2121//1969 
f 2122//1969 2123//1969 2111//1969 
f 2122//1969 753//1969 755//1969 
f 568//1969 567//1969 2121//1969 
f 2121//1969 567//1969 2112//1969 
f 2112//1969 2124//1969 2121//1969 
f 567//1969 566//1969 2106//1969 
f 2086//1969 2085//1969 565//1969 
f 2106//1969 2112//1969 567//1969 
f 2085//1969 2104//1969 2106//1969 
f 565//1969 746//1969 2086//1969 
f 2106//1969 566//1969 2085//1969 
f 2085//1969 566//1969 565//1969 
f 2086//1969 750//1969 2107//1969 
f 750//1969 753//1969 2111//1969 
f 746//1969 750//1969 2086//1969 
f 2111//1969 2107//1969 750//1969 
f 2107//1969 2101//1969 2086//1969 
f 2111//1969 753//1969 2122//1969 
o mesh185
f 2125//1970 2124//1970 2123//1970 
f 2109//1970 2111//1970 2123//1970 
f 2110//1970 2109//1970 2124//1970 
f 2123//1970 2124//1970 2109//1970 
f 2123//1970 2126//1970 2125//1970 
f 2124//1970 2112//1970 2110//1970 
o mesh186
f 2127//1969 2128//1969 2125//1969 
f 2125//1969 2126//1969 2127//1969 
o mesh187
f 2121//1971 2124//1971 2125//1971 
f 2125//1971 2128//1971 2121//1971 
o mesh188
f 2121//1972 2128//1972 2127//1972 
f 2127//1972 2122//1972 2121//1972 
o mesh189
f 2127//1973 2126//1973 2123//1973 
f 2123//1973 2122//1973 2127//1973 
