timestamp,participant_id,condition,event_type,modality,step_id,step_title,step_state,step_attempt,step_event_index,tool_id,tool_name,part_elapsed_s,step_elapsed_s,head_translation_m,head_rotation_deg,left_hand_translation_m,right_hand_translation_m,total_hand_translation_m,left_hover_time_s,right_hover_time_s,any_hover_time_s,hover_time_percent,left_hover_episodes,right_hover_episodes,left_hover_translation_m,right_hover_translation_m,total_hover_translation_m,correct,transcript,vlm_prediction,vlm_raw,graph_decision,spoken_response,state_json
2026-09-03T21:26:33.941-04:00,junhyun,gesture,step_started,keyboard,r1_bearing_right,Row 1.1: bearing into right stand,ready,1,1,,,,,,,,,,,,,,,,,,,,,,,,,"{""acquired_tool_ids"": [], ""acquisition_complete"": false, ""completed_steps"": [], ""head_rotation_deg"": null, ""head_translation_m"": null, ""left_hand_translation_m"": null, ""removed_tool_ids"": [], ""right_hand_translation_m"": null, ""selected_step"": ""r1_bearing_right"", ""step_attempt"": 1, ""step_elapsed_s"": 5.326000973582268e-05, ""step_event_index"": 1, ""total_hand_translation_m"": null, ""trial_finished_elapsed_s"": null, ""trial_recording"": true, ""trial_required_tool_ids"": [19, 34]}"
2026-09-03T21:26:51.793-04:00,junhyun,gesture,hover,hover,r1_bearing_right,Row 1.1: bearing into right stand,ready,1,2,31,GEAR_ROW4_LEFT,,,,,,,,,,,,,,,,,,,,,,,"{""acquired_tool_ids"": [], ""acquisition_complete"": false, ""completed_steps"": [], ""head_rotation_deg"": null, ""head_translation_m"": null, ""left_hand_translation_m"": null, ""removed_tool_ids"": [], ""right_hand_translation_m"": null, ""selected_step"": ""r1_bearing_right"", ""step_attempt"": 1, ""step_elapsed_s"": 17.851800203090534, ""step_event_index"": 2, ""total_hand_translation_m"": null, ""trial_finished_elapsed_s"": null, ""trial_recording"": true, ""trial_required_tool_ids"": [19, 34]}"
2026-09-03T21:26:51.833-04:00,junhyun,gesture,tts_queued,lifecycle,r1_bearing_right,Row 1.1: bearing into right stand,ready,1,3,,,,17.892346,,,,,,,,,,,,,,,,Row 4 left gear,,,replace_hover,,"{""acquired_tool_ids"": [], ""acquisition_complete"": false, ""completed_steps"": [], ""head_rotation_deg"": null, ""head_translation_m"": null, ""left_hand_translation_m"": null, ""removed_tool_ids"": [], ""right_hand_translation_m"": null, ""selected_step"": ""r1_bearing_right"", ""step_attempt"": 1, ""step_elapsed_s"": 17.892358265002258, ""step_event_index"": 3, ""total_hand_translation_m"": null, ""trial_finished_elapsed_s"": null, ""trial_recording"": true, ""trial_required_tool_ids"": [19, 34]}"
2026-09-03T21:26:51.953-04:00,junhyun,gesture,hover,hover,r1_bearing_right,Row 1.1: bearing into right stand,ready,1,4,25,GEAR_STAND_ROW4_RIGHT,,,,,,,,,,,,,,,,,,,,,,,"{""acquired_tool_ids"": [], ""acquisition_complete"": false, ""completed_steps"": [], ""head_rotation_deg"": null, ""head_translation_m"": null, ""left_hand_translation_m"": null, ""removed_tool_ids"": [], ""right_hand_translation_m"": null, ""selected_step"": ""r1_bearing_right"", ""step_attempt"": 1, ""step_elapsed_s"": 18.011721731047146, ""step_event_index"": 4, ""total_hand_translation_m"": null, ""trial_finished_elapsed_s"": null, ""trial_recording"": true, ""trial_required_tool_ids"": [19, 34]}"
2026-09-03T21:26:51.996-04:00,junhyun,gesture,tts_queued,lifecycle,r1_bearing_right,Row 1.1: bearing into right stand,ready,1,5,,,,18.054781,,,,,,,,,,,,,,,,Row 4 right stand,,,replace_hover,,"{""acquired_tool_ids"": [], ""acquisition_complete"": false, ""completed_steps"": [], ""head_rotation_deg"": null, ""head_translation_m"": null, ""left_hand_translation_m"": null, ""removed_tool_ids"": [], ""right_hand_translation_m"": null, ""selected_step"": ""r1_bearing_right"", ""step_attempt"": 1, ""step_elapsed_s"": 18.054797176038846, ""step_event_index"": 5, ""total_hand_translation_m"": null, ""trial_finished_elapsed_s"": null, ""trial_recording"": true, ""trial_required_tool_ids"": [19, 34]}"
2026-09-03T21:26:52.120-04:00,junhyun,gesture,hover,hover,r1_bearing_right,Row 1.1: bearing into right stand,ready,1,6,22,GEAR_STAND_ROW3_LEFT,,,,,,,,,,,,,,,,,,,,,,,"{""acquired_tool_ids"": [], ""acquisition_complete"": false, ""completed_steps"": [], ""head_rotation_deg"": null, ""head_translation_m"": null, ""left_hand_translation_m"": null, ""removed_tool_ids"": [], ""right_hand_translation_m"": null, ""selected_step"": ""r1_bearing_right"", ""step_attempt"": 1, ""step_elapsed_s"": 18.1787581309909, ""step_event_index"": 6, ""total_hand_translation_m"": null, ""trial_finished_elapsed_s"": null, ""trial_recording"": true, ""trial_required_tool_ids"": [19, 34]}"
2026-09-03T21:26:52.154-04:00,junhyun,gesture,tts_queued,lifecycle,r1_bearing_right,Row 1.1: bearing into right stand,ready,1,7,,,,18.213237,,,,,,,,,,,,,,,,Row 3 left stand,,,replace_hover,,"{""acquired_tool_ids"": [], ""acquisition_complete"": false, ""completed_steps"": [], ""head_rotation_deg"": null, ""head_translation_m"": null, ""left_hand_translation_m"": null, ""removed_tool_ids"": [], ""right_hand_translation_m"": null, ""selected_step"": ""r1_bearing_right"", ""step_attempt"": 1, ""step_elapsed_s"": 18.21325017802883, ""step_event_index"": 7, ""total_hand_translation_m"": null, ""trial_finished_elapsed_s"": null, ""trial_recording"": true, ""trial_required_tool_ids"": [19, 34]}"
2026-09-03T21:26:52.261-04:00,junhyun,gesture,tts_started,lifecycle,r1_bearing_right,Row 1.1: bearing into right stand,ready,1,8,,,,18.319795,,,,,,,,,,,,,,,,Row 4 left gear,,,,,"{""acquired_tool_ids"": [], ""acquisition_complete"": false, ""completed_steps"": [], ""head_rotation_deg"": null, ""head_translation_m"": null, ""left_hand_translation_m"": null, ""removed_tool_ids"": [], ""right_hand_translation_m"": null, ""selected_step"": ""r1_bearing_right"", ""step_attempt"": 1, ""step_elapsed_s"": 18.319804726052098, ""step_event_index"": 8, ""total_hand_translation_m"": null, ""trial_finished_elapsed_s"": null, ""trial_recording"": true, ""trial_required_tool_ids"": [19, 34]}"
2026-09-03T21:26:52.319-04:00,junhyun,gesture,tts_finished,lifecycle,r1_bearing_right,Row 1.1: bearing into right stand,ready,1,9,,,,18.377545,,,,,,,,,,,,,,,,Row 4 left gear,,,,,"{""acquired_tool_ids"": [], ""acquisition_complete"": false, ""completed_steps"": [], ""head_rotation_deg"": null, ""head_translation_m"": null, ""left_hand_translation_m"": null, ""removed_tool_ids"": [], ""right_hand_translation_m"": null, ""selected_step"": ""r1_bearing_right"", ""step_attempt"": 1, ""step_elapsed_s"": 18.377556290011853, ""step_event_index"": 9, ""total_hand_translation_m"": null, ""trial_finished_elapsed_s"": null, ""trial_recording"": true, ""trial_required_tool_ids"": [19, 34]}"
2026-09-03T21:26:52.375-04:00,junhyun,gesture,tts_started,lifecycle,r1_bearing_right,Row 1.1: bearing into right stand,ready,1,10,,,,18.433596,,,,,,,,,,,,,,,,Row 4 right stand,,,,,"{""acquired_tool_ids"": [], ""acquisition_complete"": false, ""completed_steps"": [], ""head_rotation_deg"": null, ""head_translation_m"": null, ""left_hand_translation_m"": null, ""removed_tool_ids"": [], ""right_hand_translation_m"": null, ""selected_step"": ""r1_bearing_right"", ""step_attempt"": 1, ""step_elapsed_s"": 18.433606945094652, ""step_event_index"": 10, ""total_hand_translation_m"": null, ""trial_finished_elapsed_s"": null, ""trial_recording"": true, ""trial_required_tool_ids"": [19, 34]}"
2026-09-03T21:26:52.420-04:00,junhyun,gesture,tts_finished,lifecycle,r1_bearing_right,Row 1.1: bearing into right stand,ready,1,11,,,,18.478914,,,,,,,,,,,,,,,,Row 4 right stand,,,,,"{""acquired_tool_ids"": [], ""acquisition_complete"": false, ""completed_steps"": [], ""head_rotation_deg"": null, ""head_translation_m"": null, ""left_hand_translation_m"": null, ""removed_tool_ids"": [], ""right_hand_translation_m"": null, ""selected_step"": ""r1_bearing_right"", ""step_attempt"": 1, ""step_elapsed_s"": 18.478921541012824, ""step_event_index"": 11, ""total_hand_translation_m"": null, ""trial_finished_elapsed_s"": null, ""trial_recording"": true, ""trial_required_tool_ids"": [19, 34]}"
2026-09-03T21:26:52.470-04:00,junhyun,gesture,tts_started,lifecycle,r1_bearing_right,Row 1.1: bearing into right stand,ready,1,12,,,,18.528672,,,,,,,,,,,,,,,,Row 3 left stand,,,,,"{""acquired_tool_ids"": [], ""acquisition_complete"": false, ""completed_steps"": [], ""head_rotation_deg"": null, ""head_translation_m"": null, ""left_hand_translation_m"": null, ""removed_tool_ids"": [], ""right_hand_translation_m"": null, ""selected_step"": ""r1_bearing_right"", ""step_attempt"": 1, ""step_elapsed_s"": 18.528679789043963, ""step_event_index"": 12, ""total_hand_translation_m"": null, ""trial_finished_elapsed_s"": null, ""trial_recording"": true, ""trial_required_tool_ids"": [19, 34]}"
2026-09-03T21:26:52.717-04:00,junhyun,gesture,hover,hover,r1_bearing_right,Row 1.1: bearing into right stand,ready,1,13,24,GEAR_STAND_ROW4_LEFT,,,,,,,,,,,,,,,,,,,,,,,"{""acquired_tool_ids"": [], ""acquisition_complete"": false, ""completed_steps"": [], ""head_rotation_deg"": null, ""head_translation_m"": null, ""left_hand_translation_m"": null, ""removed_tool_ids"": [], ""right_hand_translation_m"": null, ""selected_step"": ""r1_bearing_right"", ""step_attempt"": 1, ""step_elapsed_s"": 18.775942974025384, ""step_event_index"": 13, ""total_hand_translation_m"": null, ""trial_finished_elapsed_s"": null, ""trial_recording"": true, ""trial_required_tool_ids"": [19, 34]}"
2026-09-03T21:26:52.757-04:00,junhyun,gesture,tts_queued,lifecycle,r1_bearing_right,Row 1.1: bearing into right stand,ready,1,14,,,,18.816120,,,,,,,,,,,,,,,,Row 4 left stand,,,replace_hover,,"{""acquired_tool_ids"": [], ""acquisition_complete"": false, ""completed_steps"": [], ""head_rotation_deg"": null, ""head_translation_m"": null, ""left_hand_translation_m"": null, ""removed_tool_ids"": [], ""right_hand_translation_m"": null, ""selected_step"": ""r1_bearing_right"", ""step_attempt"": 1, ""step_elapsed_s"": 18.816133046057075, ""step_event_index"": 14, ""total_hand_translation_m"": null, ""trial_finished_elapsed_s"": null, ""trial_recording"": true, ""trial_required_tool_ids"": [19, 34]}"
2026-09-03T21:26:52.862-04:00,junhyun,gesture,hover,hover,r1_bearing_right,Row 1.1: bearing into right stand,ready,1,15,25,GEAR_STAND_ROW4_RIGHT,,,,,,,,,,,,,,,,,,,,,,,"{""acquired_tool_ids"": [], ""acquisition_complete"": false, ""completed_steps"": [], ""head_rotation_deg"": null, ""head_translation_m"": null, ""left_hand_translation_m"": null, ""removed_tool_ids"": [], ""right_hand_translation_m"": null, ""selected_step"": ""r1_bearing_right"", ""step_attempt"": 1, ""step_elapsed_s"": 18.92059696803335, ""step_event_index"": 15, ""total_hand_translation_m"": null, ""trial_finished_elapsed_s"": null, ""trial_recording"": true, ""trial_required_tool_ids"": [19, 34]}"
2026-09-03T21:26:52.907-04:00,junhyun,gesture,tts_queued,lifecycle,r1_bearing_right,Row 1.1: bearing into right stand,ready,1,16,,,,18.965871,,,,,,,,,,,,,,,,Row 4 right stand,,,replace_hover,,"{""acquired_tool_ids"": [], ""acquisition_complete"": false, ""completed_steps"": [], ""head_rotation_deg"": null, ""head_translation_m"": null, ""left_hand_translation_m"": null, ""removed_tool_ids"": [], ""right_hand_translation_m"": null, ""selected_step"": ""r1_bearing_right"", ""step_attempt"": 1, ""step_elapsed_s"": 18.965883139055222, ""step_event_index"": 16, ""total_hand_translation_m"": null, ""trial_finished_elapsed_s"": null, ""trial_recording"": true, ""trial_required_tool_ids"": [19, 34]}"
2026-09-03T21:26:52.987-04:00,junhyun,gesture,tts_finished,lifecycle,r1_bearing_right,Row 1.1: bearing into right stand,ready,1,17,,,,19.045907,,,,,,,,,,,,,,,,Row 3 left stand,,,,,"{""acquired_tool_ids"": [], ""acquisition_complete"": false, ""completed_steps"": [], ""head_rotation_deg"": null, ""head_translation_m"": null, ""left_hand_translation_m"": null, ""removed_tool_ids"": [], ""right_hand_translation_m"": null, ""selected_step"": ""r1_bearing_right"", ""step_attempt"": 1, ""step_elapsed_s"": 19.04591641400475, ""step_event_index"": 17, ""total_hand_translation_m"": null, ""trial_finished_elapsed_s"": null, ""trial_recording"": true, ""trial_required_tool_ids"": [19, 34]}"
2026-09-03T21:26:53.059-04:00,junhyun,gesture,tts_started,lifecycle,r1_bearing_right,Row 1.1: bearing into right stand,ready,1,18,,,,19.118360,,,,,,,,,,,,,,,,Row 4 left stand,,,,,"{""acquired_tool_ids"": [], ""acquisition_complete"": false, ""completed_steps"": [], ""head_rotation_deg"": null, ""head_translation_m"": null, ""left_hand_translation_m"": null, ""removed_tool_ids"": [], ""right_hand_translation_m"": null, ""selected_step"": ""r1_bearing_right"", ""step_attempt"": 1, ""step_elapsed_s"": 19.118371588992886, ""step_event_index"": 18, ""total_hand_translation_m"": null, ""trial_finished_elapsed_s"": null, ""trial_recording"": true, ""trial_required_tool_ids"": [19, 34]}"
2026-09-03T21:26:53.094-04:00,junhyun,gesture,tts_finished,lifecycle,r1_bearing_right,Row 1.1: bearing into right stand,ready,1,19,,,,19.153408,,,,,,,,,,,,,,,,Row 4 left stand,,,,,"{""acquired_tool_ids"": [], ""acquisition_complete"": false, ""completed_steps"": [], ""head_rotation_deg"": null, ""head_translation_m"": null, ""left_hand_translation_m"": null, ""removed_tool_ids"": [], ""right_hand_translation_m"": null, ""selected_step"": ""r1_bearing_right"", ""step_attempt"": 1, ""step_elapsed_s"": 19.153418597066775, ""step_event_index"": 19, ""total_hand_translation_m"": null, ""trial_finished_elapsed_s"": null, ""trial_recording"": true, ""trial_required_tool_ids"": [19, 34]}"
2026-09-03T21:26:53.180-04:00,junhyun,gesture,tts_started,lifecycle,r1_bearing_right,Row 1.1: bearing into right stand,ready,1,20,,,,19.238737,,,,,,,,,,,,,,,,Row 4 right stand,,,,,"{""acquired_tool_ids"": [], ""acquisition_complete"": false, ""completed_steps"": [], ""head_rotation_deg"": null, ""head_translation_m"": null, ""left_hand_translation_m"": null, ""removed_tool_ids"": [], ""right_hand_translation_m"": null, ""selected_step"": ""r1_bearing_right"", ""step_attempt"": 1, ""step_elapsed_s"": 19.238750109099783, ""step_event_index"": 20, ""total_hand_translation_m"": null, ""trial_finished_elapsed_s"": null, ""trial_recording"": true, ""trial_required_tool_ids"": [19, 34]}"
2026-09-03T21:26:54.565-04:00,junhyun,gesture,tts_finished,lifecycle,r1_bearing_right,Row 1.1: bearing into right stand,ready,1,21,,,,20.623725,,,,,,,,,,,,,,,,Row 4 right stand,,,,,"{""acquired_tool_ids"": [], ""acquisition_complete"": false, ""completed_steps"": [], ""head_rotation_deg"": null, ""head_translation_m"": null, ""left_hand_translation_m"": null, ""removed_tool_ids"": [], ""right_hand_translation_m"": null, ""selected_step"": ""r1_bearing_right"", ""step_attempt"": 1, ""step_elapsed_s"": 20.62373789807316, ""step_event_index"": 21, ""total_hand_translation_m"": null, ""trial_finished_elapsed_s"": null, ""trial_recording"": true, ""trial_required_tool_ids"": [19, 34]}"
2026-09-03T21:26:56.045-04:00,junhyun,gesture,hover,hover,r1_bearing_right,Row 1.1: bearing into right stand,ready,1,22,23,GEAR_STAND_ROW3_RIGHT,,,,,,,,,,,,,,,,,,,,,,,"{""acquired_tool_ids"": [], ""acquisition_complete"": false, ""completed_steps"": [], ""head_rotation_deg"": null, ""head_translation_m"": null, ""left_hand_translation_m"": null, ""removed_tool_ids"": [], ""right_hand_translation_m"": null, ""selected_step"": ""r1_bearing_right"", ""step_attempt"": 1, ""step_elapsed_s"": 22.10449945309665, ""step_event_index"": 22, ""total_hand_translation_m"": null, ""trial_finished_elapsed_s"": null, ""trial_recording"": true, ""trial_required_tool_ids"": [19, 34]}"
2026-09-03T21:26:56.104-04:00,junhyun,gesture,tts_queued,lifecycle,r1_bearing_right,Row 1.1: bearing into right stand,ready,1,23,,,,22.163266,,,,,,,,,,,,,,,,Row 3 right stand,,,replace_hover,,"{""acquired_tool_ids"": [], ""acquisition_complete"": false, ""completed_steps"": [], ""head_rotation_deg"": null, ""head_translation_m"": null, ""left_hand_translation_m"": null, ""removed_tool_ids"": [], ""right_hand_translation_m"": null, ""selected_step"": ""r1_bearing_right"", ""step_attempt"": 1, ""step_elapsed_s"": 22.163278999039903, ""step_event_index"": 23, ""total_hand_translation_m"": null, ""trial_finished_elapsed_s"": null, ""trial_recording"": true, ""trial_required_tool_ids"": [19, 34]}"
2026-09-03T21:26:56.173-04:00,junhyun,gesture,tts_started,lifecycle,r1_bearing_right,Row 1.1: bearing into right stand,ready,1,24,,,,22.232458,,,,,,,,,,,,,,,,Row 3 right stand,,,,,"{""acquired_tool_ids"": [], ""acquisition_complete"": false, ""completed_steps"": [], ""head_rotation_deg"": null, ""head_translation_m"": null, ""left_hand_translation_m"": null, ""removed_tool_ids"": [], ""right_hand_translation_m"": null, ""selected_step"": ""r1_bearing_right"", ""step_attempt"": 1, ""step_elapsed_s"": 22.23246901901439, ""step_event_index"": 24, ""total_hand_translation_m"": null, ""trial_finished_elapsed_s"": null, ""trial_recording"": true, ""trial_required_tool_ids"": [19, 34]}"
2026-09-03T21:26:57.718-04:00,junhyun,gesture,tts_finished,lifecycle,r1_bearing_right,Row 1.1: bearing into right stand,ready,1,25,,,,23.777242,,,,,,,,,,,,,,,,Row 3 right stand,,,,,"{""acquired_tool_ids"": [], ""acquisition_complete"": false, ""completed_steps"": [], ""head_rotation_deg"": null, ""head_translation_m"": null, ""left_hand_translation_m"": null, ""removed_tool_ids"": [], ""right_hand_translation_m"": null, ""selected_step"": ""r1_bearing_right"", ""step_attempt"": 1, ""step_elapsed_s"": 23.77725405804813, ""step_event_index"": 25, ""total_hand_translation_m"": null, ""trial_finished_elapsed_s"": null, ""trial_recording"": true, ""trial_required_tool_ids"": [19, 34]}"
2026-09-03T21:26:58.975-04:00,junhyun,gesture,hover,hover,r1_bearing_right,Row 1.1: bearing into right stand,ready,1,26,25,GEAR_STAND_ROW4_RIGHT,,,,,,,,,,,,,,,,,,,,,,,"{""acquired_tool_ids"": [], ""acquisition_complete"": false, ""completed_steps"": [], ""head_rotation_deg"": null, ""head_translation_m"": null, ""left_hand_translation_m"": null, ""removed_tool_ids"": [], ""right_hand_translation_m"": null, ""selected_step"": ""r1_bearing_right"", ""step_attempt"": 1, ""step_elapsed_s"": 25.034191037062556, ""step_event_index"": 26, ""total_hand_translation_m"": null, ""trial_finished_elapsed_s"": null, ""trial_recording"": true, ""trial_required_tool_ids"": [19, 34]}"
2026-09-03T21:26:59.018-04:00,junhyun,gesture,tts_queued,lifecycle,r1_bearing_right,Row 1.1: bearing into right stand,ready,1,27,,,,25.076622,,,,,,,,,,,,,,,,Row 4 right stand,,,replace_hover,,"{""acquired_tool_ids"": [], ""acquisition_complete"": false, ""completed_steps"": [], ""head_rotation_deg"": null, ""head_translation_m"": null, ""left_hand_translation_m"": null, ""removed_tool_ids"": [], ""right_hand_translation_m"": null, ""selected_step"": ""r1_bearing_right"", ""step_attempt"": 1, ""step_elapsed_s"": 25.076633770018816, ""step_event_index"": 27, ""total_hand_translation_m"": null, ""trial_finished_elapsed_s"": null, ""trial_recording"": true, ""trial_required_tool_ids"": [19, 34]}"
2026-09-03T21:26:59.091-04:00,junhyun,gesture,tts_started,lifecycle,r1_bearing_right,Row 1.1: bearing into right stand,ready,1,28,,,,25.150492,,,,,,,,,,,,,,,,Row 4 right stand,,,,,"{""acquired_tool_ids"": [], ""acquisition_complete"": false, ""completed_steps"": [], ""head_rotation_deg"": null, ""head_translation_m"": null, ""left_hand_translation_m"": null, ""removed_tool_ids"": [], ""right_hand_translation_m"": null, ""selected_step"": ""r1_bearing_right"", ""step_attempt"": 1, ""step_elapsed_s"": 25.1505041080527, ""step_event_index"": 28, ""total_hand_translation_m"": null, ""trial_finished_elapsed_s"": null, ""trial_recording"": true, ""trial_required_tool_ids"": [19, 34]}"
2026-09-03T21:27:00.520-04:00,junhyun,gesture,hover,hover,r1_bearing_right,Row 1.1: bearing into right stand,ready,1,29,23,GEAR_STAND_ROW3_RIGHT,,,,,,,,,,,,,,,,,,,,,,,"{""acquired_tool_ids"": [], ""acquisition_complete"": false, ""completed_steps"": [], ""head_rotation_deg"": null, ""head_translation_m"": null, ""left_hand_translation_m"": null, ""removed_tool_ids"": [], ""right_hand_translation_m"": null, ""selected_step"": ""r1_bearing_right"", ""step_attempt"": 1, ""step_elapsed_s"": 26.579278209013864, ""step_event_index"": 29, ""total_hand_translation_m"": null, ""trial_finished_elapsed_s"": null, ""trial_recording"": true, ""trial_required_tool_ids"": [19, 34]}"
2026-09-03T21:27:00.567-04:00,junhyun,gesture,tts_queued,lifecycle,r1_bearing_right,Row 1.1: bearing into right stand,ready,1,30,,,,26.626091,,,,,,,,,,,,,,,,Row 3 right stand,,,replace_hover,,"{""acquired_tool_ids"": [], ""acquisition_complete"": false, ""completed_steps"": [], ""head_rotation_deg"": null, ""head_translation_m"": null, ""left_hand_translation_m"": null, ""removed_tool_ids"": [], ""right_hand_translation_m"": null, ""selected_step"": ""r1_bearing_right"", ""step_attempt"": 1, ""step_elapsed_s"": 26.62610202108044, ""step_event_index"": 30, ""total_hand_translation_m"": null, ""trial_finished_elapsed_s"": null, ""trial_recording"": true, ""trial_required_tool_ids"": [19, 34]}"
2026-09-03T21:27:00.649-04:00,junhyun,gesture,tts_finished,lifecycle,r1_bearing_right,Row 1.1: bearing into right stand,ready,1,31,,,,26.708346,,,,,,,,,,,,,,,,Row 4 right stand,,,,,"{""acquired_tool_ids"": [], ""acquisition_complete"": false, ""completed_steps"": [], ""head_rotation_deg"": null, ""head_translation_m"": null, ""left_hand_translation_m"": null, ""removed_tool_ids"": [], ""right_hand_translation_m"": null, ""selected_step"": ""r1_bearing_right"", ""step_attempt"": 1, ""step_elapsed_s"": 26.708355962997302, ""step_event_index"": 31, ""total_hand_translation_m"": null, ""trial_finished_elapsed_s"": null, ""trial_recording"": true, ""trial_required_tool_ids"": [19, 34]}"
2026-09-03T21:27:00.715-04:00,junhyun,gesture,tts_started,lifecycle,r1_bearing_right,Row 1.1: bearing into right stand,ready,1,32,,,,26.774071,,,,,,,,,,,,,,,,Row 3 right stand,,,,,"{""acquired_tool_ids"": [], ""acquisition_complete"": false, ""completed_steps"": [], ""head_rotation_deg"": null, ""head_translation_m"": null, ""left_hand_translation_m"": null, ""removed_tool_ids"": [], ""right_hand_translation_m"": null, ""selected_step"": ""r1_bearing_right"", ""step_attempt"": 1, ""step_elapsed_s"": 26.774082607007585, ""step_event_index"": 32, ""total_hand_translation_m"": null, ""trial_finished_elapsed_s"": null, ""trial_recording"": true, ""trial_required_tool_ids"": [19, 34]}"
2026-09-03T21:27:00.810-04:00,junhyun,gesture,hover,hover,r1_bearing_right,Row 1.1: bearing into right stand,ready,1,33,21,GEAR_STAND_ROW2_RIGHT,,,,,,,,,,,,,,,,,,,,,,,"{""acquired_tool_ids"": [], ""acquisition_complete"": false, ""completed_steps"": [], ""head_rotation_deg"": null, ""head_translation_m"": null, ""left_hand_translation_m"": null, ""removed_tool_ids"": [], ""right_hand_translation_m"": null, ""selected_step"": ""r1_bearing_right"", ""step_attempt"": 1, ""step_elapsed_s"": 26.869319427059963, ""step_event_index"": 33, ""total_hand_translation_m"": null, ""trial_finished_elapsed_s"": null, ""trial_recording"": true, ""trial_required_tool_ids"": [19, 34]}"
2026-09-03T21:27:00.871-04:00,junhyun,gesture,tts_queued,lifecycle,r1_bearing_right,Row 1.1: bearing into right stand,ready,1,34,,,,26.930224,,,,,,,,,,,,,,,,Row 2 right stand,,,replace_hover,,"{""acquired_tool_ids"": [], ""acquisition_complete"": false, ""completed_steps"": [], ""head_rotation_deg"": null, ""head_translation_m"": null, ""left_hand_translation_m"": null, ""removed_tool_ids"": [], ""right_hand_translation_m"": null, ""selected_step"": ""r1_bearing_right"", ""step_attempt"": 1, ""step_elapsed_s"": 26.930238792090677, ""step_event_index"": 34, ""total_hand_translation_m"": null, ""trial_finished_elapsed_s"": null, ""trial_recording"": true, ""trial_required_tool_ids"": [19, 34]}"
2026-09-03T21:27:00.959-04:00,junhyun,gesture,tts_finished,lifecycle,r1_bearing_right,Row 1.1: bearing into right stand,ready,1,35,,,,27.017844,,,,,,,,,,,,,,,,Row 3 right stand,,,,,"{""acquired_tool_ids"": [], ""acquisition_complete"": false, ""completed_steps"": [], ""head_rotation_deg"": null, ""head_translation_m"": null, ""left_hand_translation_m"": null, ""removed_tool_ids"": [], ""right_hand_translation_m"": null, ""selected_step"": ""r1_bearing_right"", ""step_attempt"": 1, ""step_elapsed_s"": 27.017854844103567, ""step_event_index"": 35, ""total_hand_translation_m"": null, ""trial_finished_elapsed_s"": null, ""trial_recording"": true, ""trial_required_tool_ids"": [19, 34]}"
2026-09-03T21:27:01.050-04:00,junhyun,gesture,tts_started,lifecycle,r1_bearing_right,Row 1.1: bearing into right stand,ready,1,36,,,,27.109052,,,,,,,,,,,,,,,,Row 2 right stand,,,,,"{""acquired_tool_ids"": [], ""acquisition_complete"": false, ""completed_steps"": [], ""head_rotation_deg"": null, ""head_translation_m"": null, ""left_hand_translation_m"": null, ""removed_tool_ids"": [], ""right_hand_translation_m"": null, ""selected_step"": ""r1_bearing_right"", ""step_attempt"": 1, ""step_elapsed_s"": 27.109064768999815, ""step_event_index"": 36, ""total_hand_translation_m"": null, ""trial_finished_elapsed_s"": null, ""trial_recording"": true, ""trial_required_tool_ids"": [19, 34]}"
2026-09-03T21:27:01.153-04:00,junhyun,gesture,hover,hover,r1_bearing_right,Row 1.1: bearing into right stand,ready,1,37,19,GEAR_STAND_ROW1_RIGHT,,,,,,,,,,,,,,,,,,,,,,,"{""acquired_tool_ids"": [], ""acquisition_complete"": false, ""completed_steps"": [], ""head_rotation_deg"": null, ""head_translation_m"": null, ""left_hand_translation_m"": null, ""removed_tool_ids"": [], ""right_hand_translation_m"": null, ""selected_step"": ""r1_bearing_right"", ""step_attempt"": 1, ""step_elapsed_s"": 27.211872952990234, ""step_event_index"": 37, ""total_hand_translation_m"": null, ""trial_finished_elapsed_s"": null, ""trial_recording"": true, ""trial_required_tool_ids"": [19, 34]}"
2026-09-03T21:27:01.181-04:00,junhyun,gesture,tts_queued,lifecycle,r1_bearing_right,Row 1.1: bearing into right stand,ready,1,38,,,,27.240505,,,,,,,,,,,,,,,,Row 1 right stand,,,replace_hover,,"{""acquired_tool_ids"": [], ""acquisition_complete"": false, ""completed_steps"": [], ""head_rotation_deg"": null, ""head_translation_m"": null, ""left_hand_translation_m"": null, ""removed_tool_ids"": [], ""right_hand_translation_m"": null, ""selected_step"": ""r1_bearing_right"", ""step_attempt"": 1, ""step_elapsed_s"": 27.24051610706374, ""step_event_index"": 38, ""total_hand_translation_m"": null, ""trial_finished_elapsed_s"": null, ""trial_recording"": true, ""trial_required_tool_ids"": [19, 34]}"
2026-09-03T21:27:01.257-04:00,junhyun,gesture,tts_finished,lifecycle,r1_bearing_right,Row 1.1: bearing into right stand,ready,1,39,,,,27.316269,,,,,,,,,,,,,,,,Row 2 right stand,,,,,"{""acquired_tool_ids"": [], ""acquisition_complete"": false, ""completed_steps"": [], ""head_rotation_deg"": null, ""head_translation_m"": null, ""left_hand_translation_m"": null, ""removed_tool_ids"": [], ""right_hand_translation_m"": null, ""selected_step"": ""r1_bearing_right"", ""step_attempt"": 1, ""step_elapsed_s"": 27.31628000107594, ""step_event_index"": 39, ""total_hand_translation_m"": null, ""trial_finished_elapsed_s"": null, ""trial_recording"": true, ""trial_required_tool_ids"": [19, 34]}"
2026-09-03T21:27:01.322-04:00,junhyun,gesture,tts_started,lifecycle,r1_bearing_right,Row 1.1: bearing into right stand,ready,1,40,,,,27.381123,,,,,,,,,,,,,,,,Row 1 right stand,,,,,"{""acquired_tool_ids"": [], ""acquisition_complete"": false, ""completed_steps"": [], ""head_rotation_deg"": null, ""head_translation_m"": null, ""left_hand_translation_m"": null, ""removed_tool_ids"": [], ""right_hand_translation_m"": null, ""selected_step"": ""r1_bearing_right"", ""step_attempt"": 1, ""step_elapsed_s"": 27.381135398056358, ""step_event_index"": 40, ""total_hand_translation_m"": null, ""trial_finished_elapsed_s"": null, ""trial_recording"": true, ""trial_required_tool_ids"": [19, 34]}"
2026-09-03T21:27:02.293-04:00,junhyun,gesture,hover,hover,r1_bearing_right,Row 1.1: bearing into right stand,ready,1,41,19,GEAR_STAND_ROW1_RIGHT,,,,,,,,,,,,,,,,,,,,,,,"{""acquired_tool_ids"": [], ""acquisition_complete"": false, ""completed_steps"": [], ""head_rotation_deg"": null, ""head_translation_m"": null, ""left_hand_translation_m"": null, ""removed_tool_ids"": [], ""right_hand_translation_m"": null, ""selected_step"": ""r1_bearing_right"", ""step_attempt"": 1, ""step_elapsed_s"": 28.351914019091055, ""step_event_index"": 41, ""total_hand_translation_m"": null, ""trial_finished_elapsed_s"": null, ""trial_recording"": true, ""trial_required_tool_ids"": [19, 34]}"
2026-09-03T21:27:02.337-04:00,junhyun,gesture,tts_queued,lifecycle,r1_bearing_right,Row 1.1: bearing into right stand,ready,1,42,,,,28.396019,,,,,,,,,,,,,,,,Row 1 right stand,,,replace_hover,,"{""acquired_tool_ids"": [], ""acquisition_complete"": false, ""completed_steps"": [], ""head_rotation_deg"": null, ""head_translation_m"": null, ""left_hand_translation_m"": null, ""removed_tool_ids"": [], ""right_hand_translation_m"": null, ""selected_step"": ""r1_bearing_right"", ""step_attempt"": 1, ""step_elapsed_s"": 28.396032454096712, ""step_event_index"": 42, ""total_hand_translation_m"": null, ""trial_finished_elapsed_s"": null, ""trial_recording"": true, ""trial_required_tool_ids"": [19, 34]}"
2026-09-03T21:27:02.410-04:00,junhyun,gesture,tts_finished,lifecycle,r1_bearing_right,Row 1.1: bearing into right stand,ready,1,43,,,,28.468716,,,,,,,,,,,,,,,,Row 1 right stand,,,,,"{""acquired_tool_ids"": [], ""acquisition_complete"": false, ""completed_steps"": [], ""head_rotation_deg"": null, ""head_translation_m"": null, ""left_hand_translation_m"": null, ""removed_tool_ids"": [], ""right_hand_translation_m"": null, ""selected_step"": ""r1_bearing_right"", ""step_attempt"": 1, ""step_elapsed_s"": 28.46872957900632, ""step_event_index"": 43, ""total_hand_translation_m"": null, ""trial_finished_elapsed_s"": null, ""trial_recording"": true, ""trial_required_tool_ids"": [19, 34]}"
2026-09-03T21:27:02.550-04:00,junhyun,gesture,tts_started,lifecycle,r1_bearing_right,Row 1.1: bearing into right stand,ready,1,44,,,,28.608588,,,,,,,,,,,,,,,,Row 1 right stand,,,,,"{""acquired_tool_ids"": [], ""acquisition_complete"": false, ""completed_steps"": [], ""head_rotation_deg"": null, ""head_translation_m"": null, ""left_hand_translation_m"": null, ""removed_tool_ids"": [], ""right_hand_translation_m"": null, ""selected_step"": ""r1_bearing_right"", ""step_attempt"": 1, ""step_elapsed_s"": 28.608603622065857, ""step_event_index"": 44, ""total_hand_translation_m"": null, ""trial_finished_elapsed_s"": null, ""trial_recording"": true, ""trial_required_tool_ids"": [19, 34]}"
2026-09-03T21:27:03.737-04:00,junhyun,gesture,tts_finished,lifecycle,r1_bearing_right,Row 1.1: bearing into right stand,ready,1,45,,,,29.795602,,,,,,,,,,,,,,,,Row 1 right stand,,,,,"{""acquired_tool_ids"": [], ""acquisition_complete"": false, ""completed_steps"": [], ""head_rotation_deg"": null, ""head_translation_m"": null, ""left_hand_translation_m"": null, ""removed_tool_ids"": [], ""right_hand_translation_m"": null, ""selected_step"": ""r1_bearing_right"", ""step_attempt"": 1, ""step_elapsed_s"": 29.795613727066666, ""step_event_index"": 45, ""total_hand_translation_m"": null, ""trial_finished_elapsed_s"": null, ""trial_recording"": true, ""trial_required_tool_ids"": [19, 34]}"
2026-09-03T21:27:06.367-04:00,junhyun,gesture,hover,hover,r1_bearing_right,Row 1.1: bearing into right stand,ready,1,46,21,GEAR_STAND_ROW2_RIGHT,,,,,,,,,,,,,,,,,,,,,,,"{""acquired_tool_ids"": [], ""acquisition_complete"": false, ""completed_steps"": [], ""head_rotation_deg"": null, ""head_translation_m"": null, ""left_hand_translation_m"": null, ""removed_tool_ids"": [], ""right_hand_translation_m"": null, ""selected_step"": ""r1_bearing_right"", ""step_attempt"": 1, ""step_elapsed_s"": 32.426406915066764, ""step_event_index"": 46, ""total_hand_translation_m"": null, ""trial_finished_elapsed_s"": null, ""trial_recording"": true, ""trial_required_tool_ids"": [19, 34]}"
2026-09-03T21:27:06.426-04:00,junhyun,gesture,tts_queued,lifecycle,r1_bearing_right,Row 1.1: bearing into right stand,ready,1,47,,,,32.484845,,,,,,,,,,,,,,,,Row 2 right stand,,,replace_hover,,"{""acquired_tool_ids"": [], ""acquisition_complete"": false, ""completed_steps"": [], ""head_rotation_deg"": null, ""head_translation_m"": null, ""left_hand_translation_m"": null, ""removed_tool_ids"": [], ""right_hand_translation_m"": null, ""selected_step"": ""r1_bearing_right"", ""step_attempt"": 1, ""step_elapsed_s"": 32.484857937088236, ""step_event_index"": 47, ""total_hand_translation_m"": null, ""trial_finished_elapsed_s"": null, ""trial_recording"": true, ""trial_required_tool_ids"": [19, 34]}"
2026-09-03T21:27:06.557-04:00,junhyun,gesture,tts_started,lifecycle,r1_bearing_right,Row 1.1: bearing into right stand,ready,1,48,,,,32.615800,,,,,,,,,,,,,,,,Row 2 right stand,,,,,"{""acquired_tool_ids"": [], ""acquisition_complete"": false, ""completed_steps"": [], ""head_rotation_deg"": null, ""head_translation_m"": null, ""left_hand_translation_m"": null, ""removed_tool_ids"": [], ""right_hand_translation_m"": null, ""selected_step"": ""r1_bearing_right"", ""step_attempt"": 1, ""step_elapsed_s"": 32.6158137320308, ""step_event_index"": 48, ""total_hand_translation_m"": null, ""trial_finished_elapsed_s"": null, ""trial_recording"": true, ""trial_required_tool_ids"": [19, 34]}"
2026-09-03T21:27:06.988-04:00,junhyun,gesture,hover,hover,r1_bearing_right,Row 1.1: bearing into right stand,ready,1,49,19,GEAR_STAND_ROW1_RIGHT,,,,,,,,,,,,,,,,,,,,,,,"{""acquired_tool_ids"": [], ""acquisition_complete"": false, ""completed_steps"": [], ""head_rotation_deg"": null, ""head_translation_m"": null, ""left_hand_translation_m"": null, ""removed_tool_ids"": [], ""right_hand_translation_m"": null, ""selected_step"": ""r1_bearing_right"", ""step_attempt"": 1, ""step_elapsed_s"": 33.04668232705444, ""step_event_index"": 49, ""total_hand_translation_m"": null, ""trial_finished_elapsed_s"": null, ""trial_recording"": true, ""trial_required_tool_ids"": [19, 34]}"
2026-09-03T21:27:07.066-04:00,junhyun,gesture,tts_queued,lifecycle,r1_bearing_right,Row 1.1: bearing into right stand,ready,1,50,,,,33.125349,,,,,,,,,,,,,,,,Row 1 right stand,,,replace_hover,,"{""acquired_tool_ids"": [], ""acquisition_complete"": false, ""completed_steps"": [], ""head_rotation_deg"": null, ""head_translation_m"": null, ""left_hand_translation_m"": null, ""removed_tool_ids"": [], ""right_hand_translation_m"": null, ""selected_step"": ""r1_bearing_right"", ""step_attempt"": 1, ""step_elapsed_s"": 33.12535959202796, ""step_event_index"": 50, ""total_hand_translation_m"": null, ""trial_finished_elapsed_s"": null, ""trial_recording"": true, ""trial_required_tool_ids"": [19, 34]}"
2026-09-03T21:27:07.253-04:00,junhyun,gesture,tts_finished,lifecycle,r1_bearing_right,Row 1.1: bearing into right stand,ready,1,51,,,,33.311578,,,,,,,,,,,,,,,,Row 2 right stand,,,,,"{""acquired_tool_ids"": [], ""acquisition_complete"": false, ""completed_steps"": [], ""head_rotation_deg"": null, ""head_translation_m"": null, ""left_hand_translation_m"": null, ""removed_tool_ids"": [], ""right_hand_translation_m"": null, ""selected_step"": ""r1_bearing_right"", ""step_attempt"": 1, ""step_elapsed_s"": 33.31158795906231, ""step_event_index"": 51, ""total_hand_translation_m"": null, ""trial_finished_elapsed_s"": null, ""trial_recording"": true, ""trial_required_tool_ids"": [19, 34]}"
2026-09-03T21:27:07.308-04:00,junhyun,gesture,tts_started,lifecycle,r1_bearing_right,Row 1.1: bearing into right stand,ready,1,52,,,,33.366961,,,,,,,,,,,,,,,,Row 1 right stand,,,,,"{""acquired_tool_ids"": [], ""acquisition_complete"": false, ""completed_steps"": [], ""head_rotation_deg"": null, ""head_translation_m"": null, ""left_hand_translation_m"": null, ""removed_tool_ids"": [], ""right_hand_translation_m"": null, ""selected_step"": ""r1_bearing_right"", ""step_attempt"": 1, ""step_elapsed_s"": 33.36697178799659, ""step_event_index"": 52, ""total_hand_translation_m"": null, ""trial_finished_elapsed_s"": null, ""trial_recording"": true, ""trial_required_tool_ids"": [19, 34]}"
2026-09-03T21:27:08.537-04:00,junhyun,gesture,tts_finished,lifecycle,r1_bearing_right,Row 1.1: bearing into right stand,ready,1,53,,,,34.596339,,,,,,,,,,,,,,,,Row 1 right stand,,,,,"{""acquired_tool_ids"": [], ""acquisition_complete"": false, ""completed_steps"": [], ""head_rotation_deg"": null, ""head_translation_m"": null, ""left_hand_translation_m"": null, ""removed_tool_ids"": [], ""right_hand_translation_m"": null, ""selected_step"": ""r1_bearing_right"", ""step_attempt"": 1, ""step_elapsed_s"": 34.59635258303024, ""step_event_index"": 53, ""total_hand_translation_m"": null, ""trial_finished_elapsed_s"": null, ""trial_recording"": true, ""trial_required_tool_ids"": [19, 34]}"
2026-09-03T21:27:16.209-04:00,junhyun,gesture,hover,hover,r1_bearing_right,Row 1.1: bearing into right stand,ready,1,54,19,GEAR_STAND_ROW1_RIGHT,,,,,,,,,,,,,,,,,,,,,,,"{""acquired_tool_ids"": [], ""acquisition_complete"": false, ""completed_steps"": [], ""head_rotation_deg"": null, ""head_translation_m"": null, ""left_hand_translation_m"": null, ""removed_tool_ids"": [], ""right_hand_translation_m"": null, ""selected_step"": ""r1_bearing_right"", ""step_attempt"": 1, ""step_elapsed_s"": 42.26821283099707, ""step_event_index"": 54, ""total_hand_translation_m"": null, ""trial_finished_elapsed_s"": null, ""trial_recording"": true, ""trial_required_tool_ids"": [19, 34]}"
2026-09-03T21:27:16.309-04:00,junhyun,gesture,tts_queued,lifecycle,r1_bearing_right,Row 1.1: bearing into right stand,ready,1,55,,,,42.368253,,,,,,,,,,,,,,,,Row 1 right stand,,,replace_hover,,"{""acquired_tool_ids"": [], ""acquisition_complete"": false, ""completed_steps"": [], ""head_rotation_deg"": null, ""head_translation_m"": null, ""left_hand_translation_m"": null, ""removed_tool_ids"": [], ""right_hand_translation_m"": null, ""selected_step"": ""r1_bearing_right"", ""step_attempt"": 1, ""step_elapsed_s"": 42.368265103083104, ""step_event_index"": 55, ""total_hand_translation_m"": null, ""trial_finished_elapsed_s"": null, ""trial_recording"": true, ""trial_required_tool_ids"": [19, 34]}"
2026-09-03T21:27:16.382-04:00,junhyun,gesture,tts_started,lifecycle,r1_bearing_right,Row 1.1: bearing into right stand,ready,1,56,,,,42.440953,,,,,,,,,,,,,,,,Row 1 right stand,,,,,"{""acquired_tool_ids"": [], ""acquisition_complete"": false, ""completed_steps"": [], ""head_rotation_deg"": null, ""head_translation_m"": null, ""left_hand_translation_m"": null, ""removed_tool_ids"": [], ""right_hand_translation_m"": null, ""selected_step"": ""r1_bearing_right"", ""step_attempt"": 1, ""step_elapsed_s"": 42.440966792055406, ""step_event_index"": 56, ""total_hand_translation_m"": null, ""trial_finished_elapsed_s"": null, ""trial_recording"": true, ""trial_required_tool_ids"": [19, 34]}"
2026-09-03T21:27:16.748-04:00,junhyun,gesture,hover,hover,r1_bearing_right,Row 1.1: bearing into right stand,ready,1,57,21,GEAR_STAND_ROW2_RIGHT,,,,,,,,,,,,,,,,,,,,,,,"{""acquired_tool_ids"": [], ""acquisition_complete"": false, ""completed_steps"": [], ""head_rotation_deg"": null, ""head_translation_m"": null, ""left_hand_translation_m"": null, ""removed_tool_ids"": [], ""right_hand_translation_m"": null, ""selected_step"": ""r1_bearing_right"", ""step_attempt"": 1, ""step_elapsed_s"": 42.80677294405177, ""step_event_index"": 57, ""total_hand_translation_m"": null, ""trial_finished_elapsed_s"": null, ""trial_recording"": true, ""trial_required_tool_ids"": [19, 34]}"
2026-09-03T21:27:16.806-04:00,junhyun,gesture,tts_queued,lifecycle,r1_bearing_right,Row 1.1: bearing into right stand,ready,1,58,,,,42.865395,,,,,,,,,,,,,,,,Row 2 right stand,,,replace_hover,,"{""acquired_tool_ids"": [], ""acquisition_complete"": false, ""completed_steps"": [], ""head_rotation_deg"": null, ""head_translation_m"": null, ""left_hand_translation_m"": null, ""removed_tool_ids"": [], ""right_hand_translation_m"": null, ""selected_step"": ""r1_bearing_right"", ""step_attempt"": 1, ""step_elapsed_s"": 42.865417857072316, ""step_event_index"": 58, ""total_hand_translation_m"": null, ""trial_finished_elapsed_s"": null, ""trial_recording"": true, ""trial_required_tool_ids"": [19, 34]}"
2026-09-03T21:27:16.886-04:00,junhyun,gesture,tts_finished,lifecycle,r1_bearing_right,Row 1.1: bearing into right stand,ready,1,59,,,,42.945394,,,,,,,,,,,,,,,,Row 1 right stand,,,,,"{""acquired_tool_ids"": [], ""acquisition_complete"": false, ""completed_steps"": [], ""head_rotation_deg"": null, ""head_translation_m"": null, ""left_hand_translation_m"": null, ""removed_tool_ids"": [], ""right_hand_translation_m"": null, ""selected_step"": ""r1_bearing_right"", ""step_attempt"": 1, ""step_elapsed_s"": 42.94540471502114, ""step_event_index"": 59, ""total_hand_translation_m"": null, ""trial_finished_elapsed_s"": null, ""trial_recording"": true, ""trial_required_tool_ids"": [19, 34]}"
2026-09-03T21:27:16.980-04:00,junhyun,gesture,tts_started,lifecycle,r1_bearing_right,Row 1.1: bearing into right stand,ready,1,60,,,,43.038710,,,,,,,,,,,,,,,,Row 2 right stand,,,,,"{""acquired_tool_ids"": [], ""acquisition_complete"": false, ""completed_steps"": [], ""head_rotation_deg"": null, ""head_translation_m"": null, ""left_hand_translation_m"": null, ""removed_tool_ids"": [], ""right_hand_translation_m"": null, ""selected_step"": ""r1_bearing_right"", ""step_attempt"": 1, ""step_elapsed_s"": 43.0387215660885, ""step_event_index"": 60, ""total_hand_translation_m"": null, ""trial_finished_elapsed_s"": null, ""trial_recording"": true, ""trial_required_tool_ids"": [19, 34]}"
2026-09-03T21:27:17.264-04:00,junhyun,gesture,hover,hover,r1_bearing_right,Row 1.1: bearing into right stand,ready,1,61,19,GEAR_STAND_ROW1_RIGHT,,,,,,,,,,,,,,,,,,,,,,,"{""acquired_tool_ids"": [], ""acquisition_complete"": false, ""completed_steps"": [], ""head_rotation_deg"": null, ""head_translation_m"": null, ""left_hand_translation_m"": null, ""removed_tool_ids"": [], ""right_hand_translation_m"": null, ""selected_step"": ""r1_bearing_right"", ""step_attempt"": 1, ""step_elapsed_s"": 43.32302924909163, ""step_event_index"": 61, ""total_hand_translation_m"": null, ""trial_finished_elapsed_s"": null, ""trial_recording"": true, ""trial_required_tool_ids"": [19, 34]}"
2026-09-03T21:27:17.461-04:00,junhyun,gesture,tts_queued,lifecycle,r1_bearing_right,Row 1.1: bearing into right stand,ready,1,62,,,,43.519881,,,,,,,,,,,,,,,,Row 1 right stand,,,replace_hover,,"{""acquired_tool_ids"": [], ""acquisition_complete"": false, ""completed_steps"": [], ""head_rotation_deg"": null, ""head_translation_m"": null, ""left_hand_translation_m"": null, ""removed_tool_ids"": [], ""right_hand_translation_m"": null, ""selected_step"": ""r1_bearing_right"", ""step_attempt"": 1, ""step_elapsed_s"": 43.51990816509351, ""step_event_index"": 62, ""total_hand_translation_m"": null, ""trial_finished_elapsed_s"": null, ""trial_recording"": true, ""trial_required_tool_ids"": [19, 34]}"
2026-09-03T21:27:17.608-04:00,junhyun,gesture,tts_finished,lifecycle,r1_bearing_right,Row 1.1: bearing into right stand,ready,1,63,,,,43.667447,,,,,,,,,,,,,,,,Row 2 right stand,,,,,"{""acquired_tool_ids"": [], ""acquisition_complete"": false, ""completed_steps"": [], ""head_rotation_deg"": null, ""head_translation_m"": null, ""left_hand_translation_m"": null, ""removed_tool_ids"": [], ""right_hand_translation_m"": null, ""selected_step"": ""r1_bearing_right"", ""step_attempt"": 1, ""step_elapsed_s"": 43.66745573002845, ""step_event_index"": 63, ""total_hand_translation_m"": null, ""trial_finished_elapsed_s"": null, ""trial_recording"": true, ""trial_required_tool_ids"": [19, 34]}"
2026-09-03T21:27:17.692-04:00,junhyun,gesture,tts_started,lifecycle,r1_bearing_right,Row 1.1: bearing into right stand,ready,1,64,,,,43.751279,,,,,,,,,,,,,,,,Row 1 right stand,,,,,"{""acquired_tool_ids"": [], ""acquisition_complete"": false, ""completed_steps"": [], ""head_rotation_deg"": null, ""head_translation_m"": null, ""left_hand_translation_m"": null, ""removed_tool_ids"": [], ""right_hand_translation_m"": null, ""selected_step"": ""r1_bearing_right"", ""step_attempt"": 1, ""step_elapsed_s"": 43.75129033101257, ""step_event_index"": 64, ""total_hand_translation_m"": null, ""trial_finished_elapsed_s"": null, ""trial_recording"": true, ""trial_required_tool_ids"": [19, 34]}"
2026-09-03T21:27:18.533-04:00,junhyun,gesture,part_selection,click,r1_bearing_right,Row 1.1: bearing into right stand,ready,1,65,19,GEAR_STAND_ROW1_RIGHT,44.591790,44.591790,,,,,,,,,,,,,,,1,,,,,,"{""acquired_tool_ids"": [19], ""acquisition_complete"": false, ""completed_steps"": [], ""head_rotation_deg"": null, ""head_translation_m"": null, ""left_hand_translation_m"": null, ""removed_tool_ids"": [], ""right_hand_translation_m"": null, ""selected_step"": ""r1_bearing_right"", ""step_attempt"": 1, ""step_elapsed_s"": 44.591836836072616, ""step_event_index"": 65, ""total_hand_translation_m"": null, ""trial_finished_elapsed_s"": null, ""trial_recording"": true, ""trial_required_tool_ids"": [19, 34]}"
2026-09-03T21:27:18.612-04:00,junhyun,gesture,object_acquired,click,r1_bearing_right,Row 1.1: bearing into right stand,ready,1,66,19,GEAR_STAND_ROW1_RIGHT,44.591790,44.591790,,,,,,,,,,,,,,,1,,,,,,"{""acquired_tool_ids"": [19], ""acquisition_complete"": false, ""completed_steps"": [], ""head_rotation_deg"": null, ""head_translation_m"": null, ""left_hand_translation_m"": null, ""removed_tool_ids"": [], ""right_hand_translation_m"": null, ""selected_step"": ""r1_bearing_right"", ""step_attempt"": 1, ""step_elapsed_s"": 44.67111637303606, ""step_event_index"": 66, ""total_hand_translation_m"": null, ""trial_finished_elapsed_s"": null, ""trial_recording"": true, ""trial_required_tool_ids"": [19, 34]}"
2026-09-03T21:27:18.648-04:00,junhyun,gesture,tts_queued,lifecycle,r1_bearing_right,Row 1.1: bearing into right stand,ready,1,67,,,,44.706558,,,,,,,,,,,,,,,,1 part left.,,,replace,,"{""acquired_tool_ids"": [19], ""acquisition_complete"": false, ""completed_steps"": [], ""head_rotation_deg"": null, ""head_translation_m"": null, ""left_hand_translation_m"": null, ""removed_tool_ids"": [], ""right_hand_translation_m"": null, ""selected_step"": ""r1_bearing_right"", ""step_attempt"": 1, ""step_elapsed_s"": 44.70656556705944, ""step_event_index"": 67, ""total_hand_translation_m"": null, ""trial_finished_elapsed_s"": null, ""trial_recording"": true, ""trial_required_tool_ids"": [19, 34]}"
2026-09-03T21:27:18.715-04:00,junhyun,gesture,tts_finished,lifecycle,r1_bearing_right,Row 1.1: bearing into right stand,ready,1,68,,,,44.773880,,,,,,,,,,,,,,,,Row 1 right stand,,,,,"{""acquired_tool_ids"": [19], ""acquisition_complete"": false, ""completed_steps"": [], ""head_rotation_deg"": null, ""head_translation_m"": null, ""left_hand_translation_m"": null, ""removed_tool_ids"": [], ""right_hand_translation_m"": null, ""selected_step"": ""r1_bearing_right"", ""step_attempt"": 1, ""step_elapsed_s"": 44.77389015199151, ""step_event_index"": 68, ""total_hand_translation_m"": null, ""trial_finished_elapsed_s"": null, ""trial_recording"": true, ""trial_required_tool_ids"": [19, 34]}"
2026-09-03T21:27:18.754-04:00,junhyun,gesture,tts_started,lifecycle,r1_bearing_right,Row 1.1: bearing into right stand,ready,1,69,,,,44.813194,,,,,,,,,,,,,,,,1 part left.,,,,,"{""acquired_tool_ids"": [19], ""acquisition_complete"": false, ""completed_steps"": [], ""head_rotation_deg"": null, ""head_translation_m"": null, ""left_hand_translation_m"": null, ""removed_tool_ids"": [], ""right_hand_translation_m"": null, ""selected_step"": ""r1_bearing_right"", ""step_attempt"": 1, ""step_elapsed_s"": 44.81320659501944, ""step_event_index"": 69, ""total_hand_translation_m"": null, ""trial_finished_elapsed_s"": null, ""trial_recording"": true, ""trial_required_tool_ids"": [19, 34]}"
2026-09-03T21:27:19.843-04:00,junhyun,gesture,tts_finished,lifecycle,r1_bearing_right,Row 1.1: bearing into right stand,ready,1,70,,,,45.902077,,,,,,,,,,,,,,,,1 part left.,,,,,"{""acquired_tool_ids"": [19], ""acquisition_complete"": false, ""completed_steps"": [], ""head_rotation_deg"": null, ""head_translation_m"": null, ""left_hand_translation_m"": null, ""removed_tool_ids"": [], ""right_hand_translation_m"": null, ""selected_step"": ""r1_bearing_right"", ""step_attempt"": 1, ""step_elapsed_s"": 45.9020901870681, ""step_event_index"": 70, ""total_hand_translation_m"": null, ""trial_finished_elapsed_s"": null, ""trial_recording"": true, ""trial_required_tool_ids"": [19, 34]}"
2026-09-03T21:27:22.615-04:00,junhyun,gesture,hover,hover,r1_bearing_right,Row 1.1: bearing into right stand,ready,1,71,19,GEAR_STAND_ROW1_RIGHT,,,,,,,,,,,,,,,,,,,,,,,"{""acquired_tool_ids"": [19], ""acquisition_complete"": false, ""completed_steps"": [], ""head_rotation_deg"": null, ""head_translation_m"": null, ""left_hand_translation_m"": null, ""removed_tool_ids"": [], ""right_hand_translation_m"": null, ""selected_step"": ""r1_bearing_right"", ""step_attempt"": 1, ""step_elapsed_s"": 48.67356124299113, ""step_event_index"": 71, ""total_hand_translation_m"": null, ""trial_finished_elapsed_s"": null, ""trial_recording"": true, ""trial_required_tool_ids"": [19, 34]}"
2026-09-03T21:27:22.866-04:00,junhyun,gesture,tts_queued,lifecycle,r1_bearing_right,Row 1.1: bearing into right stand,ready,1,72,,,,48.925189,,,,,,,,,,,,,,,,Row 1 right stand,,,replace_hover,,"{""acquired_tool_ids"": [19], ""acquisition_complete"": false, ""completed_steps"": [], ""head_rotation_deg"": null, ""head_translation_m"": null, ""left_hand_translation_m"": null, ""removed_tool_ids"": [], ""right_hand_translation_m"": null, ""selected_step"": ""r1_bearing_right"", ""step_attempt"": 1, ""step_elapsed_s"": 48.925200938014314, ""step_event_index"": 72, ""total_hand_translation_m"": null, ""trial_finished_elapsed_s"": null, ""trial_recording"": true, ""trial_required_tool_ids"": [19, 34]}"
2026-09-03T21:27:23.059-04:00,junhyun,gesture,hover,hover,r1_bearing_right,Row 1.1: bearing into right stand,ready,1,73,21,GEAR_STAND_ROW2_RIGHT,,,,,,,,,,,,,,,,,,,,,,,"{""acquired_tool_ids"": [19], ""acquisition_complete"": false, ""completed_steps"": [], ""head_rotation_deg"": null, ""head_translation_m"": null, ""left_hand_translation_m"": null, ""removed_tool_ids"": [], ""right_hand_translation_m"": null, ""selected_step"": ""r1_bearing_right"", ""step_attempt"": 1, ""step_elapsed_s"": 49.118103721993975, ""step_event_index"": 73, ""total_hand_translation_m"": null, ""trial_finished_elapsed_s"": null, ""trial_recording"": true, ""trial_required_tool_ids"": [19, 34]}"
2026-09-03T21:27:23.166-04:00,junhyun,gesture,tts_queued,lifecycle,r1_bearing_right,Row 1.1: bearing into right stand,ready,1,74,,,,49.224723,,,,,,,,,,,,,,,,Row 2 right stand,,,replace_hover,,"{""acquired_tool_ids"": [19], ""acquisition_complete"": false, ""completed_steps"": [], ""head_rotation_deg"": null, ""head_translation_m"": null, ""left_hand_translation_m"": null, ""removed_tool_ids"": [], ""right_hand_translation_m"": null, ""selected_step"": ""r1_bearing_right"", ""step_attempt"": 1, ""step_elapsed_s"": 49.224737799027935, ""step_event_index"": 74, ""total_hand_translation_m"": null, ""trial_finished_elapsed_s"": null, ""trial_recording"": true, ""trial_required_tool_ids"": [19, 34]}"
2026-09-03T21:27:23.332-04:00,junhyun,gesture,hover,hover,r1_bearing_right,Row 1.1: bearing into right stand,ready,1,75,25,GEAR_STAND_ROW4_RIGHT,,,,,,,,,,,,,,,,,,,,,,,"{""acquired_tool_ids"": [19], ""acquisition_complete"": false, ""completed_steps"": [], ""head_rotation_deg"": null, ""head_translation_m"": null, ""left_hand_translation_m"": null, ""removed_tool_ids"": [], ""right_hand_translation_m"": null, ""selected_step"": ""r1_bearing_right"", ""step_attempt"": 1, ""step_elapsed_s"": 49.39119864208624, ""step_event_index"": 75, ""total_hand_translation_m"": null, ""trial_finished_elapsed_s"": null, ""trial_recording"": true, ""trial_required_tool_ids"": [19, 34]}"
2026-09-03T21:27:23.402-04:00,junhyun,gesture,tts_queued,lifecycle,r1_bearing_right,Row 1.1: bearing into right stand,ready,1,76,,,,49.460732,,,,,,,,,,,,,,,,Row 4 right stand,,,replace_hover,,"{""acquired_tool_ids"": [19], ""acquisition_complete"": false, ""completed_steps"": [], ""head_rotation_deg"": null, ""head_translation_m"": null, ""left_hand_translation_m"": null, ""removed_tool_ids"": [], ""right_hand_translation_m"": null, ""selected_step"": ""r1_bearing_right"", ""step_attempt"": 1, ""step_elapsed_s"": 49.4607450410258, ""step_event_index"": 76, ""total_hand_translation_m"": null, ""trial_finished_elapsed_s"": null, ""trial_recording"": true, ""trial_required_tool_ids"": [19, 34]}"
2026-09-03T21:27:23.548-04:00,junhyun,gesture,hover,hover,r1_bearing_right,Row 1.1: bearing into right stand,ready,1,77,31,GEAR_ROW4_LEFT,,,,,,,,,,,,,,,,,,,,,,,"{""acquired_tool_ids"": [19], ""acquisition_complete"": false, ""completed_steps"": [], ""head_rotation_deg"": null, ""head_translation_m"": null, ""left_hand_translation_m"": null, ""removed_tool_ids"": [], ""right_hand_translation_m"": null, ""selected_step"": ""r1_bearing_right"", ""step_attempt"": 1, ""step_elapsed_s"": 49.60674480709713, ""step_event_index"": 77, ""total_hand_translation_m"": null, ""trial_finished_elapsed_s"": null, ""trial_recording"": true, ""trial_required_tool_ids"": [19, 34]}"
2026-09-03T21:27:23.678-04:00,junhyun,gesture,tts_queued,lifecycle,r1_bearing_right,Row 1.1: bearing into right stand,ready,1,78,,,,49.736681,,,,,,,,,,,,,,,,Row 4 left gear,,,replace_hover,,"{""acquired_tool_ids"": [19], ""acquisition_complete"": false, ""completed_steps"": [], ""head_rotation_deg"": null, ""head_translation_m"": null, ""left_hand_translation_m"": null, ""removed_tool_ids"": [], ""right_hand_translation_m"": null, ""selected_step"": ""r1_bearing_right"", ""step_attempt"": 1, ""step_elapsed_s"": 49.73669209203217, ""step_event_index"": 78, ""total_hand_translation_m"": null, ""trial_finished_elapsed_s"": null, ""trial_recording"": true, ""trial_required_tool_ids"": [19, 34]}"
2026-09-03T21:27:23.805-04:00,junhyun,gesture,tts_started,lifecycle,r1_bearing_right,Row 1.1: bearing into right stand,ready,1,79,,,,49.864537,,,,,,,,,,,,,,,,Row 1 right stand,,,,,"{""acquired_tool_ids"": [19], ""acquisition_complete"": false, ""completed_steps"": [], ""head_rotation_deg"": null, ""head_translation_m"": null, ""left_hand_translation_m"": null, ""removed_tool_ids"": [], ""right_hand_translation_m"": null, ""selected_step"": ""r1_bearing_right"", ""step_attempt"": 1, ""step_elapsed_s"": 49.86454540502746, ""step_event_index"": 79, ""total_hand_translation_m"": null, ""trial_finished_elapsed_s"": null, ""trial_recording"": true, ""trial_required_tool_ids"": [19, 34]}"
2026-09-03T21:27:23.896-04:00,junhyun,gesture,tts_finished,lifecycle,r1_bearing_right,Row 1.1: bearing into right stand,ready,1,80,,,,49.955519,,,,,,,,,,,,,,,,Row 1 right stand,,,,,"{""acquired_tool_ids"": [19], ""acquisition_complete"": false, ""completed_steps"": [], ""head_rotation_deg"": null, ""head_translation_m"": null, ""left_hand_translation_m"": null, ""removed_tool_ids"": [], ""right_hand_translation_m"": null, ""selected_step"": ""r1_bearing_right"", ""step_attempt"": 1, ""step_elapsed_s"": 49.95553236105479, ""step_event_index"": 80, ""total_hand_translation_m"": null, ""trial_finished_elapsed_s"": null, ""trial_recording"": true, ""trial_required_tool_ids"": [19, 34]}"
2026-09-03T21:27:23.985-04:00,junhyun,gesture,tts_started,lifecycle,r1_bearing_right,Row 1.1: bearing into right stand,ready,1,81,,,,50.043794,,,,,,,,,,,,,,,,Row 2 right stand,,,,,"{""acquired_tool_ids"": [19], ""acquisition_complete"": false, ""completed_steps"": [], ""head_rotation_deg"": null, ""head_translation_m"": null, ""left_hand_translation_m"": null, ""removed_tool_ids"": [], ""right_hand_translation_m"": null, ""selected_step"": ""r1_bearing_right"", ""step_attempt"": 1, ""step_elapsed_s"": 50.043805107008666, ""step_event_index"": 81, ""total_hand_translation_m"": null, ""trial_finished_elapsed_s"": null, ""trial_recording"": true, ""trial_required_tool_ids"": [19, 34]}"
2026-09-03T21:27:24.112-04:00,junhyun,gesture,tts_finished,lifecycle,r1_bearing_right,Row 1.1: bearing into right stand,ready,1,82,,,,50.171203,,,,,,,,,,,,,,,,Row 2 right stand,,,,,"{""acquired_tool_ids"": [19], ""acquisition_complete"": false, ""completed_steps"": [], ""head_rotation_deg"": null, ""head_translation_m"": null, ""left_hand_translation_m"": null, ""removed_tool_ids"": [], ""right_hand_translation_m"": null, ""selected_step"": ""r1_bearing_right"", ""step_attempt"": 1, ""step_elapsed_s"": 50.17121457203757, ""step_event_index"": 82, ""total_hand_translation_m"": null, ""trial_finished_elapsed_s"": null, ""trial_recording"": true, ""trial_required_tool_ids"": [19, 34]}"
2026-09-03T21:27:24.206-04:00,junhyun,gesture,tts_started,lifecycle,r1_bearing_right,Row 1.1: bearing into right stand,ready,1,83,,,,50.264782,,,,,,,,,,,,,,,,Row 4 right stand,,,,,"{""acquired_tool_ids"": [19], ""acquisition_complete"": false, ""completed_steps"": [], ""head_rotation_deg"": null, ""head_translation_m"": null, ""left_hand_translation_m"": null, ""removed_tool_ids"": [], ""right_hand_translation_m"": null, ""selected_step"": ""r1_bearing_right"", ""step_attempt"": 1, ""step_elapsed_s"": 50.26479610102251, ""step_event_index"": 83, ""total_hand_translation_m"": null, ""trial_finished_elapsed_s"": null, ""trial_recording"": true, ""trial_required_tool_ids"": [19, 34]}"
2026-09-03T21:27:24.324-04:00,junhyun,gesture,tts_finished,lifecycle,r1_bearing_right,Row 1.1: bearing into right stand,ready,1,84,,,,50.383118,,,,,,,,,,,,,,,,Row 4 right stand,,,,,"{""acquired_tool_ids"": [19], ""acquisition_complete"": false, ""completed_steps"": [], ""head_rotation_deg"": null, ""head_translation_m"": null, ""left_hand_translation_m"": null, ""removed_tool_ids"": [], ""right_hand_translation_m"": null, ""selected_step"": ""r1_bearing_right"", ""step_attempt"": 1, ""step_elapsed_s"": 50.383157106, ""step_event_index"": 84, ""total_hand_translation_m"": null, ""trial_finished_elapsed_s"": null, ""trial_recording"": true, ""trial_required_tool_ids"": [19, 34]}"
2026-09-03T21:27:24.411-04:00,junhyun,gesture,tts_started,lifecycle,r1_bearing_right,Row 1.1: bearing into right stand,ready,1,85,,,,50.470052,,,,,,,,,,,,,,,,Row 4 left gear,,,,,"{""acquired_tool_ids"": [19], ""acquisition_complete"": false, ""completed_steps"": [], ""head_rotation_deg"": null, ""head_translation_m"": null, ""left_hand_translation_m"": null, ""removed_tool_ids"": [], ""right_hand_translation_m"": null, ""selected_step"": ""r1_bearing_right"", ""step_attempt"": 1, ""step_elapsed_s"": 50.47006283106748, ""step_event_index"": 85, ""total_hand_translation_m"": null, ""trial_finished_elapsed_s"": null, ""trial_recording"": true, ""trial_required_tool_ids"": [19, 34]}"
2026-09-03T21:27:24.769-04:00,junhyun,gesture,hover,hover,r1_bearing_right,Row 1.1: bearing into right stand,ready,1,86,33,PINS,,,,,,,,,,,,,,,,,,,,,,,"{""acquired_tool_ids"": [19], ""acquisition_complete"": false, ""completed_steps"": [], ""head_rotation_deg"": null, ""head_translation_m"": null, ""left_hand_translation_m"": null, ""removed_tool_ids"": [], ""right_hand_translation_m"": null, ""selected_step"": ""r1_bearing_right"", ""step_attempt"": 1, ""step_elapsed_s"": 50.82777143700514, ""step_event_index"": 86, ""total_hand_translation_m"": null, ""trial_finished_elapsed_s"": null, ""trial_recording"": true, ""trial_required_tool_ids"": [19, 34]}"
2026-09-03T21:27:24.797-04:00,junhyun,gesture,tts_queued,lifecycle,r1_bearing_right,Row 1.1: bearing into right stand,ready,1,87,,,,50.856144,,,,,,,,,,,,,,,,pin,,,replace_hover,,"{""acquired_tool_ids"": [19], ""acquisition_complete"": false, ""completed_steps"": [], ""head_rotation_deg"": null, ""head_translation_m"": null, ""left_hand_translation_m"": null, ""removed_tool_ids"": [], ""right_hand_translation_m"": null, ""selected_step"": ""r1_bearing_right"", ""step_attempt"": 1, ""step_elapsed_s"": 50.856155905057676, ""step_event_index"": 87, ""total_hand_translation_m"": null, ""trial_finished_elapsed_s"": null, ""trial_recording"": true, ""trial_required_tool_ids"": [19, 34]}"
2026-09-03T21:27:24.861-04:00,junhyun,gesture,tts_finished,lifecycle,r1_bearing_right,Row 1.1: bearing into right stand,ready,1,88,,,,50.920097,,,,,,,,,,,,,,,,Row 4 left gear,,,,,"{""acquired_tool_ids"": [19], ""acquisition_complete"": false, ""completed_steps"": [], ""head_rotation_deg"": null, ""head_translation_m"": null, ""left_hand_translation_m"": null, ""removed_tool_ids"": [], ""right_hand_translation_m"": null, ""selected_step"": ""r1_bearing_right"", ""step_attempt"": 1, ""step_elapsed_s"": 50.92010949808173, ""step_event_index"": 88, ""total_hand_translation_m"": null, ""trial_finished_elapsed_s"": null, ""trial_recording"": true, ""trial_required_tool_ids"": [19, 34]}"
2026-09-03T21:27:24.951-04:00,junhyun,gesture,tts_started,lifecycle,r1_bearing_right,Row 1.1: bearing into right stand,ready,1,89,,,,51.010259,,,,,,,,,,,,,,,,pin,,,,,"{""acquired_tool_ids"": [19], ""acquisition_complete"": false, ""completed_steps"": [], ""head_rotation_deg"": null, ""head_translation_m"": null, ""left_hand_translation_m"": null, ""removed_tool_ids"": [], ""right_hand_translation_m"": null, ""selected_step"": ""r1_bearing_right"", ""step_attempt"": 1, ""step_elapsed_s"": 51.01027084502857, ""step_event_index"": 89, ""total_hand_translation_m"": null, ""trial_finished_elapsed_s"": null, ""trial_recording"": true, ""trial_required_tool_ids"": [19, 34]}"
2026-09-03T21:27:25.064-04:00,junhyun,gesture,hover,hover,r1_bearing_right,Row 1.1: bearing into right stand,ready,1,90,32,CRANK_HANDLE,,,,,,,,,,,,,,,,,,,,,,,"{""acquired_tool_ids"": [19], ""acquisition_complete"": false, ""completed_steps"": [], ""head_rotation_deg"": null, ""head_translation_m"": null, ""left_hand_translation_m"": null, ""removed_tool_ids"": [], ""right_hand_translation_m"": null, ""selected_step"": ""r1_bearing_right"", ""step_attempt"": 1, ""step_elapsed_s"": 51.123541224049404, ""step_event_index"": 90, ""total_hand_translation_m"": null, ""trial_finished_elapsed_s"": null, ""trial_recording"": true, ""trial_required_tool_ids"": [19, 34]}"
2026-09-03T21:27:25.146-04:00,junhyun,gesture,tts_queued,lifecycle,r1_bearing_right,Row 1.1: bearing into right stand,ready,1,91,,,,51.204653,,,,,,,,,,,,,,,,handle,,,replace_hover,,"{""acquired_tool_ids"": [19], ""acquisition_complete"": false, ""completed_steps"": [], ""head_rotation_deg"": null, ""head_translation_m"": null, ""left_hand_translation_m"": null, ""removed_tool_ids"": [], ""right_hand_translation_m"": null, ""selected_step"": ""r1_bearing_right"", ""step_attempt"": 1, ""step_elapsed_s"": 51.20466510008555, ""step_event_index"": 91, ""total_hand_translation_m"": null, ""trial_finished_elapsed_s"": null, ""trial_recording"": true, ""trial_required_tool_ids"": [19, 34]}"
2026-09-03T21:27:25.311-04:00,junhyun,gesture,hover,hover,r1_bearing_right,Row 1.1: bearing into right stand,ready,1,92,27,GEAR_ROW2_LEFT,,,,,,,,,,,,,,,,,,,,,,,"{""acquired_tool_ids"": [19], ""acquisition_complete"": false, ""completed_steps"": [], ""head_rotation_deg"": null, ""head_translation_m"": null, ""left_hand_translation_m"": null, ""removed_tool_ids"": [], ""right_hand_translation_m"": null, ""selected_step"": ""r1_bearing_right"", ""step_attempt"": 1, ""step_elapsed_s"": 51.3700523780426, ""step_event_index"": 92, ""total_hand_translation_m"": null, ""trial_finished_elapsed_s"": null, ""trial_recording"": true, ""trial_required_tool_ids"": [19, 34]}"
2026-09-03T21:27:25.356-04:00,junhyun,gesture,tts_queued,lifecycle,r1_bearing_right,Row 1.1: bearing into right stand,ready,1,93,,,,51.414965,,,,,,,,,,,,,,,,Row 2 left gear,,,replace_hover,,"{""acquired_tool_ids"": [19], ""acquisition_complete"": false, ""completed_steps"": [], ""head_rotation_deg"": null, ""head_translation_m"": null, ""left_hand_translation_m"": null, ""removed_tool_ids"": [], ""right_hand_translation_m"": null, ""selected_step"": ""r1_bearing_right"", ""step_attempt"": 1, ""step_elapsed_s"": 51.41497651999816, ""step_event_index"": 93, ""total_hand_translation_m"": null, ""trial_finished_elapsed_s"": null, ""trial_recording"": true, ""trial_required_tool_ids"": [19, 34]}"
2026-09-03T21:27:25.507-04:00,junhyun,gesture,hover,hover,r1_bearing_right,Row 1.1: bearing into right stand,ready,1,94,30,GEAR_ROW3_RIGHT,,,,,,,,,,,,,,,,,,,,,,,"{""acquired_tool_ids"": [19], ""acquisition_complete"": false, ""completed_steps"": [], ""head_rotation_deg"": null, ""head_translation_m"": null, ""left_hand_translation_m"": null, ""removed_tool_ids"": [], ""right_hand_translation_m"": null, ""selected_step"": ""r1_bearing_right"", ""step_attempt"": 1, ""step_elapsed_s"": 51.56572097307071, ""step_event_index"": 94, ""total_hand_translation_m"": null, ""trial_finished_elapsed_s"": null, ""trial_recording"": true, ""trial_required_tool_ids"": [19, 34]}"
2026-09-03T21:27:25.612-04:00,junhyun,gesture,tts_queued,lifecycle,r1_bearing_right,Row 1.1: bearing into right stand,ready,1,95,,,,51.671245,,,,,,,,,,,,,,,,Row 3 right gear,,,replace_hover,,"{""acquired_tool_ids"": [19], ""acquisition_complete"": false, ""completed_steps"": [], ""head_rotation_deg"": null, ""head_translation_m"": null, ""left_hand_translation_m"": null, ""removed_tool_ids"": [], ""right_hand_translation_m"": null, ""selected_step"": ""r1_bearing_right"", ""step_attempt"": 1, ""step_elapsed_s"": 51.671256068046205, ""step_event_index"": 95, ""total_hand_translation_m"": null, ""trial_finished_elapsed_s"": null, ""trial_recording"": true, ""trial_required_tool_ids"": [19, 34]}"
2026-09-03T21:27:25.762-04:00,junhyun,gesture,hover,hover,r1_bearing_right,Row 1.1: bearing into right stand,ready,1,96,29,GEAR_ROW3_LEFT,,,,,,,,,,,,,,,,,,,,,,,"{""acquired_tool_ids"": [19], ""acquisition_complete"": false, ""completed_steps"": [], ""head_rotation_deg"": null, ""head_translation_m"": null, ""left_hand_translation_m"": null, ""removed_tool_ids"": [], ""right_hand_translation_m"": null, ""selected_step"": ""r1_bearing_right"", ""step_attempt"": 1, ""step_elapsed_s"": 51.82129375904333, ""step_event_index"": 96, ""total_hand_translation_m"": null, ""trial_finished_elapsed_s"": null, ""trial_recording"": true, ""trial_required_tool_ids"": [19, 34]}"
2026-09-03T21:27:25.810-04:00,junhyun,gesture,tts_queued,lifecycle,r1_bearing_right,Row 1.1: bearing into right stand,ready,1,97,,,,51.868803,,,,,,,,,,,,,,,,Row 3 left gear,,,replace_hover,,"{""acquired_tool_ids"": [19], ""acquisition_complete"": false, ""completed_steps"": [], ""head_rotation_deg"": null, ""head_translation_m"": null, ""left_hand_translation_m"": null, ""removed_tool_ids"": [], ""right_hand_translation_m"": null, ""selected_step"": ""r1_bearing_right"", ""step_attempt"": 1, ""step_elapsed_s"": 51.868816073052585, ""step_event_index"": 97, ""total_hand_translation_m"": null, ""trial_finished_elapsed_s"": null, ""trial_recording"": true, ""trial_required_tool_ids"": [19, 34]}"
2026-09-03T21:27:25.960-04:00,junhyun,gesture,tts_finished,lifecycle,r1_bearing_right,Row 1.1: bearing into right stand,ready,1,98,,,,52.019476,,,,,,,,,,,,,,,,pin,,,,,"{""acquired_tool_ids"": [19], ""acquisition_complete"": false, ""completed_steps"": [], ""head_rotation_deg"": null, ""head_translation_m"": null, ""left_hand_translation_m"": null, ""removed_tool_ids"": [], ""right_hand_translation_m"": null, ""selected_step"": ""r1_bearing_right"", ""step_attempt"": 1, ""step_elapsed_s"": 52.01948848599568, ""step_event_index"": 98, ""total_hand_translation_m"": null, ""trial_finished_elapsed_s"": null, ""trial_recording"": true, ""trial_required_tool_ids"": [19, 34]}"
2026-09-03T21:27:26.088-04:00,junhyun,gesture,tts_started,lifecycle,r1_bearing_right,Row 1.1: bearing into right stand,ready,1,99,,,,52.147151,,,,,,,,,,,,,,,,handle,,,,,"{""acquired_tool_ids"": [19], ""acquisition_complete"": false, ""completed_steps"": [], ""head_rotation_deg"": null, ""head_translation_m"": null, ""left_hand_translation_m"": null, ""removed_tool_ids"": [], ""right_hand_translation_m"": null, ""selected_step"": ""r1_bearing_right"", ""step_attempt"": 1, ""step_elapsed_s"": 52.14716357004363, ""step_event_index"": 99, ""total_hand_translation_m"": null, ""trial_finished_elapsed_s"": null, ""trial_recording"": true, ""trial_required_tool_ids"": [19, 34]}"
2026-09-03T21:27:26.130-04:00,junhyun,gesture,tts_finished,lifecycle,r1_bearing_right,Row 1.1: bearing into right stand,ready,1,100,,,,52.189533,,,,,,,,,,,,,,,,handle,,,,,"{""acquired_tool_ids"": [19], ""acquisition_complete"": false, ""completed_steps"": [], ""head_rotation_deg"": null, ""head_translation_m"": null, ""left_hand_translation_m"": null, ""removed_tool_ids"": [], ""right_hand_translation_m"": null, ""selected_step"": ""r1_bearing_right"", ""step_attempt"": 1, ""step_elapsed_s"": 52.189541107043624, ""step_event_index"": 100, ""total_hand_translation_m"": null, ""trial_finished_elapsed_s"": null, ""trial_recording"": true, ""trial_required_tool_ids"": [19, 34]}"
2026-09-03T21:27:26.194-04:00,junhyun,gesture,tts_started,lifecycle,r1_bearing_right,Row 1.1: bearing into right stand,ready,1,101,,,,52.253311,,,,,,,,,,,,,,,,Row 2 left gear,,,,,"{""acquired_tool_ids"": [19], ""acquisition_complete"": false, ""completed_steps"": [], ""head_rotation_deg"": null, ""head_translation_m"": null, ""left_hand_translation_m"": null, ""removed_tool_ids"": [], ""right_hand_translation_m"": null, ""selected_step"": ""r1_bearing_right"", ""step_attempt"": 1, ""step_elapsed_s"": 52.2533181241015, ""step_event_index"": 101, ""total_hand_translation_m"": null, ""trial_finished_elapsed_s"": null, ""trial_recording"": true, ""trial_required_tool_ids"": [19, 34]}"
2026-09-03T21:27:26.311-04:00,junhyun,gesture,tts_finished,lifecycle,r1_bearing_right,Row 1.1: bearing into right stand,ready,1,102,,,,52.370133,,,,,,,,,,,,,,,,Row 2 left gear,,,,,"{""acquired_tool_ids"": [19], ""acquisition_complete"": false, ""completed_steps"": [], ""head_rotation_deg"": null, ""head_translation_m"": null, ""left_hand_translation_m"": null, ""removed_tool_ids"": [], ""right_hand_translation_m"": null, ""selected_step"": ""r1_bearing_right"", ""step_attempt"": 1, ""step_elapsed_s"": 52.370178429060616, ""step_event_index"": 102, ""total_hand_translation_m"": null, ""trial_finished_elapsed_s"": null, ""trial_recording"": true, ""trial_required_tool_ids"": [19, 34]}"
2026-09-03T21:27:26.483-04:00,junhyun,gesture,tts_started,lifecycle,r1_bearing_right,Row 1.1: bearing into right stand,ready,1,103,,,,52.541538,,,,,,,,,,,,,,,,Row 3 right gear,,,,,"{""acquired_tool_ids"": [19], ""acquisition_complete"": false, ""completed_steps"": [], ""head_rotation_deg"": null, ""head_translation_m"": null, ""left_hand_translation_m"": null, ""removed_tool_ids"": [], ""right_hand_translation_m"": null, ""selected_step"": ""r1_bearing_right"", ""step_attempt"": 1, ""step_elapsed_s"": 52.54155102605, ""step_event_index"": 103, ""total_hand_translation_m"": null, ""trial_finished_elapsed_s"": null, ""trial_recording"": true, ""trial_required_tool_ids"": [19, 34]}"
2026-09-03T21:27:26.536-04:00,junhyun,gesture,tts_finished,lifecycle,r1_bearing_right,Row 1.1: bearing into right stand,ready,1,104,,,,52.594723,,,,,,,,,,,,,,,,Row 3 right gear,,,,,"{""acquired_tool_ids"": [19], ""acquisition_complete"": false, ""completed_steps"": [], ""head_rotation_deg"": null, ""head_translation_m"": null, ""left_hand_translation_m"": null, ""removed_tool_ids"": [], ""right_hand_translation_m"": null, ""selected_step"": ""r1_bearing_right"", ""step_attempt"": 1, ""step_elapsed_s"": 52.594735541031696, ""step_event_index"": 104, ""total_hand_translation_m"": null, ""trial_finished_elapsed_s"": null, ""trial_recording"": true, ""trial_required_tool_ids"": [19, 34]}"
2026-09-03T21:27:26.674-04:00,junhyun,gesture,tts_started,lifecycle,r1_bearing_right,Row 1.1: bearing into right stand,ready,1,105,,,,52.732627,,,,,,,,,,,,,,,,Row 3 left gear,,,,,"{""acquired_tool_ids"": [19], ""acquisition_complete"": false, ""completed_steps"": [], ""head_rotation_deg"": null, ""head_translation_m"": null, ""left_hand_translation_m"": null, ""removed_tool_ids"": [], ""right_hand_translation_m"": null, ""selected_step"": ""r1_bearing_right"", ""step_attempt"": 1, ""step_elapsed_s"": 52.73263931903057, ""step_event_index"": 105, ""total_hand_translation_m"": null, ""trial_finished_elapsed_s"": null, ""trial_recording"": true, ""trial_required_tool_ids"": [19, 34]}"
2026-09-03T21:27:27.613-04:00,junhyun,gesture,hover,hover,r1_bearing_right,Row 1.1: bearing into right stand,ready,1,106,29,GEAR_ROW3_LEFT,,,,,,,,,,,,,,,,,,,,,,,"{""acquired_tool_ids"": [19], ""acquisition_complete"": false, ""completed_steps"": [], ""head_rotation_deg"": null, ""head_translation_m"": null, ""left_hand_translation_m"": null, ""removed_tool_ids"": [], ""right_hand_translation_m"": null, ""selected_step"": ""r1_bearing_right"", ""step_attempt"": 1, ""step_elapsed_s"": 53.67215900705196, ""step_event_index"": 106, ""total_hand_translation_m"": null, ""trial_finished_elapsed_s"": null, ""trial_recording"": true, ""trial_required_tool_ids"": [19, 34]}"
2026-09-03T21:27:27.710-04:00,junhyun,gesture,tts_queued,lifecycle,r1_bearing_right,Row 1.1: bearing into right stand,ready,1,107,,,,53.769450,,,,,,,,,,,,,,,,Row 3 left gear,,,replace_hover,,"{""acquired_tool_ids"": [19], ""acquisition_complete"": false, ""completed_steps"": [], ""head_rotation_deg"": null, ""head_translation_m"": null, ""left_hand_translation_m"": null, ""removed_tool_ids"": [], ""right_hand_translation_m"": null, ""selected_step"": ""r1_bearing_right"", ""step_attempt"": 1, ""step_elapsed_s"": 53.76946260209661, ""step_event_index"": 107, ""total_hand_translation_m"": null, ""trial_finished_elapsed_s"": null, ""trial_recording"": true, ""trial_required_tool_ids"": [19, 34]}"
2026-09-03T21:27:27.963-04:00,junhyun,gesture,hover,hover,r1_bearing_right,Row 1.1: bearing into right stand,ready,1,108,35,SCREWS,,,,,,,,,,,,,,,,,,,,,,,"{""acquired_tool_ids"": [19], ""acquisition_complete"": false, ""completed_steps"": [], ""head_rotation_deg"": null, ""head_translation_m"": null, ""left_hand_translation_m"": null, ""removed_tool_ids"": [], ""right_hand_translation_m"": null, ""selected_step"": ""r1_bearing_right"", ""step_attempt"": 1, ""step_elapsed_s"": 54.021622667089105, ""step_event_index"": 108, ""total_hand_translation_m"": null, ""trial_finished_elapsed_s"": null, ""trial_recording"": true, ""trial_required_tool_ids"": [19, 34]}"
2026-09-03T21:27:28.124-04:00,junhyun,gesture,tts_queued,lifecycle,r1_bearing_right,Row 1.1: bearing into right stand,ready,1,109,,,,54.182978,,,,,,,,,,,,,,,,screw,,,replace_hover,,"{""acquired_tool_ids"": [19], ""acquisition_complete"": false, ""completed_steps"": [], ""head_rotation_deg"": null, ""head_translation_m"": null, ""left_hand_translation_m"": null, ""removed_tool_ids"": [], ""right_hand_translation_m"": null, ""selected_step"": ""r1_bearing_right"", ""step_attempt"": 1, ""step_elapsed_s"": 54.18298870406579, ""step_event_index"": 109, ""total_hand_translation_m"": null, ""trial_finished_elapsed_s"": null, ""trial_recording"": true, ""trial_required_tool_ids"": [19, 34]}"
2026-09-03T21:27:28.432-04:00,junhyun,gesture,hover,hover,r1_bearing_right,Row 1.1: bearing into right stand,ready,1,110,29,GEAR_ROW3_LEFT,,,,,,,,,,,,,,,,,,,,,,,"{""acquired_tool_ids"": [19], ""acquisition_complete"": false, ""completed_steps"": [], ""head_rotation_deg"": null, ""head_translation_m"": null, ""left_hand_translation_m"": null, ""removed_tool_ids"": [], ""right_hand_translation_m"": null, ""selected_step"": ""r1_bearing_right"", ""step_attempt"": 1, ""step_elapsed_s"": 54.49117173498962, ""step_event_index"": 110, ""total_hand_translation_m"": null, ""trial_finished_elapsed_s"": null, ""trial_recording"": true, ""trial_required_tool_ids"": [19, 34]}"
2026-09-03T21:27:28.768-04:00,junhyun,gesture,tts_queued,lifecycle,r1_bearing_right,Row 1.1: bearing into right stand,ready,1,111,,,,54.826852,,,,,,,,,,,,,,,,Row 3 left gear,,,replace_hover,,"{""acquired_tool_ids"": [19], ""acquisition_complete"": false, ""completed_steps"": [], ""head_rotation_deg"": null, ""head_translation_m"": null, ""left_hand_translation_m"": null, ""removed_tool_ids"": [], ""right_hand_translation_m"": null, ""selected_step"": ""r1_bearing_right"", ""step_attempt"": 1, ""step_elapsed_s"": 54.8268758400809, ""step_event_index"": 111, ""total_hand_translation_m"": null, ""trial_finished_elapsed_s"": null, ""trial_recording"": true, ""trial_required_tool_ids"": [19, 34]}"
2026-09-03T21:27:29.036-04:00,junhyun,gesture,tts_finished,lifecycle,r1_bearing_right,Row 1.1: bearing into right stand,ready,1,112,,,,55.094890,,,,,,,,,,,,,,,,Row 3 left gear,,,,,"{""acquired_tool_ids"": [19], ""acquisition_complete"": false, ""completed_steps"": [], ""head_rotation_deg"": null, ""head_translation_m"": null, ""left_hand_translation_m"": null, ""removed_tool_ids"": [], ""right_hand_translation_m"": null, ""selected_step"": ""r1_bearing_right"", ""step_attempt"": 1, ""step_elapsed_s"": 55.094901896081865, ""step_event_index"": 112, ""total_hand_translation_m"": null, ""trial_finished_elapsed_s"": null, ""trial_recording"": true, ""trial_required_tool_ids"": [19, 34]}"
2026-09-03T21:27:29.130-04:00,junhyun,gesture,tts_started,lifecycle,r1_bearing_right,Row 1.1: bearing into right stand,ready,1,113,,,,55.189505,,,,,,,,,,,,,,,,Row 3 left gear,,,,,"{""acquired_tool_ids"": [19], ""acquisition_complete"": false, ""completed_steps"": [], ""head_rotation_deg"": null, ""head_translation_m"": null, ""left_hand_translation_m"": null, ""removed_tool_ids"": [], ""right_hand_translation_m"": null, ""selected_step"": ""r1_bearing_right"", ""step_attempt"": 1, ""step_elapsed_s"": 55.18952056008857, ""step_event_index"": 113, ""total_hand_translation_m"": null, ""trial_finished_elapsed_s"": null, ""trial_recording"": true, ""trial_required_tool_ids"": [19, 34]}"
2026-09-03T21:27:29.477-04:00,junhyun,gesture,tts_finished,lifecycle,r1_bearing_right,Row 1.1: bearing into right stand,ready,1,114,,,,55.536351,,,,,,,,,,,,,,,,Row 3 left gear,,,,,"{""acquired_tool_ids"": [19], ""acquisition_complete"": false, ""completed_steps"": [], ""head_rotation_deg"": null, ""head_translation_m"": null, ""left_hand_translation_m"": null, ""removed_tool_ids"": [], ""right_hand_translation_m"": null, ""selected_step"": ""r1_bearing_right"", ""step_attempt"": 1, ""step_elapsed_s"": 55.53636249608826, ""step_event_index"": 114, ""total_hand_translation_m"": null, ""trial_finished_elapsed_s"": null, ""trial_recording"": true, ""trial_required_tool_ids"": [19, 34]}"
2026-09-03T21:27:29.737-04:00,junhyun,gesture,tts_started,lifecycle,r1_bearing_right,Row 1.1: bearing into right stand,ready,1,115,,,,55.796167,,,,,,,,,,,,,,,,screw,,,,,"{""acquired_tool_ids"": [19], ""acquisition_complete"": false, ""completed_steps"": [], ""head_rotation_deg"": null, ""head_translation_m"": null, ""left_hand_translation_m"": null, ""removed_tool_ids"": [], ""right_hand_translation_m"": null, ""selected_step"": ""r1_bearing_right"", ""step_attempt"": 1, ""step_elapsed_s"": 55.79617898899596, ""step_event_index"": 115, ""total_hand_translation_m"": null, ""trial_finished_elapsed_s"": null, ""trial_recording"": true, ""trial_required_tool_ids"": [19, 34]}"
2026-09-03T21:27:29.885-04:00,junhyun,gesture,tts_finished,lifecycle,r1_bearing_right,Row 1.1: bearing into right stand,ready,1,116,,,,55.944279,,,,,,,,,,,,,,,,screw,,,,,"{""acquired_tool_ids"": [19], ""acquisition_complete"": false, ""completed_steps"": [], ""head_rotation_deg"": null, ""head_translation_m"": null, ""left_hand_translation_m"": null, ""removed_tool_ids"": [], ""right_hand_translation_m"": null, ""selected_step"": ""r1_bearing_right"", ""step_attempt"": 1, ""step_elapsed_s"": 55.94428970303852, ""step_event_index"": 116, ""total_hand_translation_m"": null, ""trial_finished_elapsed_s"": null, ""trial_recording"": true, ""trial_required_tool_ids"": [19, 34]}"
2026-09-03T21:27:30.278-04:00,junhyun,gesture,tts_started,lifecycle,r1_bearing_right,Row 1.1: bearing into right stand,ready,1,117,,,,56.337457,,,,,,,,,,,,,,,,Row 3 left gear,,,,,"{""acquired_tool_ids"": [19], ""acquisition_complete"": false, ""completed_steps"": [], ""head_rotation_deg"": null, ""head_translation_m"": null, ""left_hand_translation_m"": null, ""removed_tool_ids"": [], ""right_hand_translation_m"": null, ""selected_step"": ""r1_bearing_right"", ""step_attempt"": 1, ""step_elapsed_s"": 56.33747005602345, ""step_event_index"": 117, ""total_hand_translation_m"": null, ""trial_finished_elapsed_s"": null, ""trial_recording"": true, ""trial_required_tool_ids"": [19, 34]}"
2026-09-03T21:27:30.575-04:00,junhyun,gesture,hover,hover,r1_bearing_right,Row 1.1: bearing into right stand,ready,1,118,30,GEAR_ROW3_RIGHT,,,,,,,,,,,,,,,,,,,,,,,"{""acquired_tool_ids"": [19], ""acquisition_complete"": false, ""completed_steps"": [], ""head_rotation_deg"": null, ""head_translation_m"": null, ""left_hand_translation_m"": null, ""removed_tool_ids"": [], ""right_hand_translation_m"": null, ""selected_step"": ""r1_bearing_right"", ""step_attempt"": 1, ""step_elapsed_s"": 56.63420734310057, ""step_event_index"": 118, ""total_hand_translation_m"": null, ""trial_finished_elapsed_s"": null, ""trial_recording"": true, ""trial_required_tool_ids"": [19, 34]}"
2026-09-03T21:27:30.659-04:00,junhyun,gesture,tts_queued,lifecycle,r1_bearing_right,Row 1.1: bearing into right stand,ready,1,119,,,,56.717544,,,,,,,,,,,,,,,,Row 3 right gear,,,replace_hover,,"{""acquired_tool_ids"": [19], ""acquisition_complete"": false, ""completed_steps"": [], ""head_rotation_deg"": null, ""head_translation_m"": null, ""left_hand_translation_m"": null, ""removed_tool_ids"": [], ""right_hand_translation_m"": null, ""selected_step"": ""r1_bearing_right"", ""step_attempt"": 1, ""step_elapsed_s"": 56.71755425806623, ""step_event_index"": 119, ""total_hand_translation_m"": null, ""trial_finished_elapsed_s"": null, ""trial_recording"": true, ""trial_required_tool_ids"": [19, 34]}"
2026-09-03T21:27:30.802-04:00,junhyun,gesture,tts_finished,lifecycle,r1_bearing_right,Row 1.1: bearing into right stand,ready,1,120,,,,56.860726,,,,,,,,,,,,,,,,Row 3 left gear,,,,,"{""acquired_tool_ids"": [19], ""acquisition_complete"": false, ""completed_steps"": [], ""head_rotation_deg"": null, ""head_translation_m"": null, ""left_hand_translation_m"": null, ""removed_tool_ids"": [], ""right_hand_translation_m"": null, ""selected_step"": ""r1_bearing_right"", ""step_attempt"": 1, ""step_elapsed_s"": 56.860738361021504, ""step_event_index"": 120, ""total_hand_translation_m"": null, ""trial_finished_elapsed_s"": null, ""trial_recording"": true, ""trial_required_tool_ids"": [19, 34]}"
2026-09-03T21:27:31.217-04:00,junhyun,gesture,tts_started,lifecycle,r1_bearing_right,Row 1.1: bearing into right stand,ready,1,121,,,,57.276284,,,,,,,,,,,,,,,,Row 3 right gear,,,,,"{""acquired_tool_ids"": [19], ""acquisition_complete"": false, ""completed_steps"": [], ""head_rotation_deg"": null, ""head_translation_m"": null, ""left_hand_translation_m"": null, ""removed_tool_ids"": [], ""right_hand_translation_m"": null, ""selected_step"": ""r1_bearing_right"", ""step_attempt"": 1, ""step_elapsed_s"": 57.276296199066564, ""step_event_index"": 121, ""total_hand_translation_m"": null, ""trial_finished_elapsed_s"": null, ""trial_recording"": true, ""trial_required_tool_ids"": [19, 34]}"
2026-09-03T21:27:32.266-04:00,junhyun,gesture,tts_finished,lifecycle,r1_bearing_right,Row 1.1: bearing into right stand,ready,1,122,,,,58.324846,,,,,,,,,,,,,,,,Row 3 right gear,,,,,"{""acquired_tool_ids"": [19], ""acquisition_complete"": false, ""completed_steps"": [], ""head_rotation_deg"": null, ""head_translation_m"": null, ""left_hand_translation_m"": null, ""removed_tool_ids"": [], ""right_hand_translation_m"": null, ""selected_step"": ""r1_bearing_right"", ""step_attempt"": 1, ""step_elapsed_s"": 58.324858724023215, ""step_event_index"": 122, ""total_hand_translation_m"": null, ""trial_finished_elapsed_s"": null, ""trial_recording"": true, ""trial_required_tool_ids"": [19, 34]}"
2026-09-03T21:27:32.995-04:00,junhyun,gesture,hover,hover,r1_bearing_right,Row 1.1: bearing into right stand,ready,1,123,34,BEARINGS,,,,,,,,,,,,,,,,,,,,,,,"{""acquired_tool_ids"": [19], ""acquisition_complete"": false, ""completed_steps"": [], ""head_rotation_deg"": null, ""head_translation_m"": null, ""left_hand_translation_m"": null, ""removed_tool_ids"": [], ""right_hand_translation_m"": null, ""selected_step"": ""r1_bearing_right"", ""step_attempt"": 1, ""step_elapsed_s"": 59.05420131899882, ""step_event_index"": 123, ""total_hand_translation_m"": null, ""trial_finished_elapsed_s"": null, ""trial_recording"": true, ""trial_required_tool_ids"": [19, 34]}"
2026-09-03T21:27:33.080-04:00,junhyun,gesture,tts_queued,lifecycle,r1_bearing_right,Row 1.1: bearing into right stand,ready,1,124,,,,59.139139,,,,,,,,,,,,,,,,bearing,,,replace_hover,,"{""acquired_tool_ids"": [19], ""acquisition_complete"": false, ""completed_steps"": [], ""head_rotation_deg"": null, ""head_translation_m"": null, ""left_hand_translation_m"": null, ""removed_tool_ids"": [], ""right_hand_translation_m"": null, ""selected_step"": ""r1_bearing_right"", ""step_attempt"": 1, ""step_elapsed_s"": 59.1391497150762, ""step_event_index"": 124, ""total_hand_translation_m"": null, ""trial_finished_elapsed_s"": null, ""trial_recording"": true, ""trial_required_tool_ids"": [19, 34]}"
2026-09-03T21:27:33.418-04:00,junhyun,gesture,tts_started,lifecycle,r1_bearing_right,Row 1.1: bearing into right stand,ready,1,125,,,,59.476776,,,,,,,,,,,,,,,,bearing,,,,,"{""acquired_tool_ids"": [19], ""acquisition_complete"": false, ""completed_steps"": [], ""head_rotation_deg"": null, ""head_translation_m"": null, ""left_hand_translation_m"": null, ""removed_tool_ids"": [], ""right_hand_translation_m"": null, ""selected_step"": ""r1_bearing_right"", ""step_attempt"": 1, ""step_elapsed_s"": 59.47678976308089, ""step_event_index"": 125, ""total_hand_translation_m"": null, ""trial_finished_elapsed_s"": null, ""trial_recording"": true, ""trial_required_tool_ids"": [19, 34]}"
2026-09-03T21:27:33.883-04:00,junhyun,gesture,tts_finished,lifecycle,r1_bearing_right,Row 1.1: bearing into right stand,ready,1,126,,,,59.941843,,,,,,,,,,,,,,,,bearing,,,,,"{""acquired_tool_ids"": [19], ""acquisition_complete"": false, ""completed_steps"": [], ""head_rotation_deg"": null, ""head_translation_m"": null, ""left_hand_translation_m"": null, ""removed_tool_ids"": [], ""right_hand_translation_m"": null, ""selected_step"": ""r1_bearing_right"", ""step_attempt"": 1, ""step_elapsed_s"": 59.941855516051874, ""step_event_index"": 126, ""total_hand_translation_m"": null, ""trial_finished_elapsed_s"": null, ""trial_recording"": true, ""trial_required_tool_ids"": [19, 34]}"
2026-09-03T21:27:34.403-04:00,junhyun,gesture,hover,hover,r1_bearing_right,Row 1.1: bearing into right stand,ready,1,127,32,CRANK_HANDLE,,,,,,,,,,,,,,,,,,,,,,,"{""acquired_tool_ids"": [19], ""acquisition_complete"": false, ""completed_steps"": [], ""head_rotation_deg"": null, ""head_translation_m"": null, ""left_hand_translation_m"": null, ""removed_tool_ids"": [], ""right_hand_translation_m"": null, ""selected_step"": ""r1_bearing_right"", ""step_attempt"": 1, ""step_elapsed_s"": 60.46193263307214, ""step_event_index"": 127, ""total_hand_translation_m"": null, ""trial_finished_elapsed_s"": null, ""trial_recording"": true, ""trial_required_tool_ids"": [19, 34]}"
2026-09-03T21:27:34.642-04:00,junhyun,gesture,tts_queued,lifecycle,r1_bearing_right,Row 1.1: bearing into right stand,ready,1,128,,,,60.701361,,,,,,,,,,,,,,,,handle,,,replace_hover,,"{""acquired_tool_ids"": [19], ""acquisition_complete"": false, ""completed_steps"": [], ""head_rotation_deg"": null, ""head_translation_m"": null, ""left_hand_translation_m"": null, ""removed_tool_ids"": [], ""right_hand_translation_m"": null, ""selected_step"": ""r1_bearing_right"", ""step_attempt"": 1, ""step_elapsed_s"": 60.701372483046725, ""step_event_index"": 128, ""total_hand_translation_m"": null, ""trial_finished_elapsed_s"": null, ""trial_recording"": true, ""trial_required_tool_ids"": [19, 34]}"
2026-09-03T21:27:34.866-04:00,junhyun,gesture,tts_started,lifecycle,r1_bearing_right,Row 1.1: bearing into right stand,ready,1,129,,,,60.924940,,,,,,,,,,,,,,,,handle,,,,,"{""acquired_tool_ids"": [19], ""acquisition_complete"": false, ""completed_steps"": [], ""head_rotation_deg"": null, ""head_translation_m"": null, ""left_hand_translation_m"": null, ""removed_tool_ids"": [], ""right_hand_translation_m"": null, ""selected_step"": ""r1_bearing_right"", ""step_attempt"": 1, ""step_elapsed_s"": 60.924949775100686, ""step_event_index"": 129, ""total_hand_translation_m"": null, ""trial_finished_elapsed_s"": null, ""trial_recording"": true, ""trial_required_tool_ids"": [19, 34]}"
2026-09-03T21:27:35.530-04:00,junhyun,gesture,tts_finished,lifecycle,r1_bearing_right,Row 1.1: bearing into right stand,ready,1,130,,,,61.589524,,,,,,,,,,,,,,,,handle,,,,,"{""acquired_tool_ids"": [19], ""acquisition_complete"": false, ""completed_steps"": [], ""head_rotation_deg"": null, ""head_translation_m"": null, ""left_hand_translation_m"": null, ""removed_tool_ids"": [], ""right_hand_translation_m"": null, ""selected_step"": ""r1_bearing_right"", ""step_attempt"": 1, ""step_elapsed_s"": 61.589534478029236, ""step_event_index"": 130, ""total_hand_translation_m"": null, ""trial_finished_elapsed_s"": null, ""trial_recording"": true, ""trial_required_tool_ids"": [19, 34]}"
2026-09-03T21:27:35.725-04:00,junhyun,gesture,hover,hover,r1_bearing_right,Row 1.1: bearing into right stand,ready,1,131,34,BEARINGS,,,,,,,,,,,,,,,,,,,,,,,"{""acquired_tool_ids"": [19], ""acquisition_complete"": false, ""completed_steps"": [], ""head_rotation_deg"": null, ""head_translation_m"": null, ""left_hand_translation_m"": null, ""removed_tool_ids"": [], ""right_hand_translation_m"": null, ""selected_step"": ""r1_bearing_right"", ""step_attempt"": 1, ""step_elapsed_s"": 61.78413702500984, ""step_event_index"": 131, ""total_hand_translation_m"": null, ""trial_finished_elapsed_s"": null, ""trial_recording"": true, ""trial_required_tool_ids"": [19, 34]}"
2026-09-03T21:27:35.916-04:00,junhyun,gesture,tts_queued,lifecycle,r1_bearing_right,Row 1.1: bearing into right stand,ready,1,132,,,,61.975494,,,,,,,,,,,,,,,,bearing,,,replace_hover,,"{""acquired_tool_ids"": [19], ""acquisition_complete"": false, ""completed_steps"": [], ""head_rotation_deg"": null, ""head_translation_m"": null, ""left_hand_translation_m"": null, ""removed_tool_ids"": [], ""right_hand_translation_m"": null, ""selected_step"": ""r1_bearing_right"", ""step_attempt"": 1, ""step_elapsed_s"": 61.975504809990525, ""step_event_index"": 132, ""total_hand_translation_m"": null, ""trial_finished_elapsed_s"": null, ""trial_recording"": true, ""trial_required_tool_ids"": [19, 34]}"
2026-09-03T21:27:36.246-04:00,junhyun,gesture,hover,hover,r1_bearing_right,Row 1.1: bearing into right stand,ready,1,133,35,SCREWS,,,,,,,,,,,,,,,,,,,,,,,"{""acquired_tool_ids"": [19], ""acquisition_complete"": false, ""completed_steps"": [], ""head_rotation_deg"": null, ""head_translation_m"": null, ""left_hand_translation_m"": null, ""removed_tool_ids"": [], ""right_hand_translation_m"": null, ""selected_step"": ""r1_bearing_right"", ""step_attempt"": 1, ""step_elapsed_s"": 62.30468280101195, ""step_event_index"": 133, ""total_hand_translation_m"": null, ""trial_finished_elapsed_s"": null, ""trial_recording"": true, ""trial_required_tool_ids"": [19, 34]}"
2026-09-03T21:27:36.492-04:00,junhyun,gesture,tts_queued,lifecycle,r1_bearing_right,Row 1.1: bearing into right stand,ready,1,134,,,,62.550602,,,,,,,,,,,,,,,,screw,,,replace_hover,,"{""acquired_tool_ids"": [19], ""acquisition_complete"": false, ""completed_steps"": [], ""head_rotation_deg"": null, ""head_translation_m"": null, ""left_hand_translation_m"": null, ""removed_tool_ids"": [], ""right_hand_translation_m"": null, ""selected_step"": ""r1_bearing_right"", ""step_attempt"": 1, ""step_elapsed_s"": 62.55062140908558, ""step_event_index"": 134, ""total_hand_translation_m"": null, ""trial_finished_elapsed_s"": null, ""trial_recording"": true, ""trial_required_tool_ids"": [19, 34]}"
2026-09-03T21:27:36.677-04:00,junhyun,gesture,hover,hover,r1_bearing_right,Row 1.1: bearing into right stand,ready,1,135,29,GEAR_ROW3_LEFT,,,,,,,,,,,,,,,,,,,,,,,"{""acquired_tool_ids"": [19], ""acquisition_complete"": false, ""completed_steps"": [], ""head_rotation_deg"": null, ""head_translation_m"": null, ""left_hand_translation_m"": null, ""removed_tool_ids"": [], ""right_hand_translation_m"": null, ""selected_step"": ""r1_bearing_right"", ""step_attempt"": 1, ""step_elapsed_s"": 62.73629195103422, ""step_event_index"": 135, ""total_hand_translation_m"": null, ""trial_finished_elapsed_s"": null, ""trial_recording"": true, ""trial_required_tool_ids"": [19, 34]}"
2026-09-03T21:27:36.829-04:00,junhyun,gesture,tts_queued,lifecycle,r1_bearing_right,Row 1.1: bearing into right stand,ready,1,136,,,,62.888417,,,,,,,,,,,,,,,,Row 3 left gear,,,replace_hover,,"{""acquired_tool_ids"": [19], ""acquisition_complete"": false, ""completed_steps"": [], ""head_rotation_deg"": null, ""head_translation_m"": null, ""left_hand_translation_m"": null, ""removed_tool_ids"": [], ""right_hand_translation_m"": null, ""selected_step"": ""r1_bearing_right"", ""step_attempt"": 1, ""step_elapsed_s"": 62.88843147305306, ""step_event_index"": 136, ""total_hand_translation_m"": null, ""trial_finished_elapsed_s"": null, ""trial_recording"": true, ""trial_required_tool_ids"": [19, 34]}"
2026-09-03T21:27:37.147-04:00,junhyun,gesture,hover,hover,r1_bearing_right,Row 1.1: bearing into right stand,ready,1,137,35,SCREWS,,,,,,,,,,,,,,,,,,,,,,,"{""acquired_tool_ids"": [19], ""acquisition_complete"": false, ""completed_steps"": [], ""head_rotation_deg"": null, ""head_translation_m"": null, ""left_hand_translation_m"": null, ""removed_tool_ids"": [], ""right_hand_translation_m"": null, ""selected_step"": ""r1_bearing_right"", ""step_attempt"": 1, ""step_elapsed_s"": 63.20607922109775, ""step_event_index"": 137, ""total_hand_translation_m"": null, ""trial_finished_elapsed_s"": null, ""trial_recording"": true, ""trial_required_tool_ids"": [19, 34]}"
2026-09-03T21:27:37.282-04:00,junhyun,gesture,tts_queued,lifecycle,r1_bearing_right,Row 1.1: bearing into right stand,ready,1,138,,,,63.340611,,,,,,,,,,,,,,,,screw,,,replace_hover,,"{""acquired_tool_ids"": [19], ""acquisition_complete"": false, ""completed_steps"": [], ""head_rotation_deg"": null, ""head_translation_m"": null, ""left_hand_translation_m"": null, ""removed_tool_ids"": [], ""right_hand_translation_m"": null, ""selected_step"": ""r1_bearing_right"", ""step_attempt"": 1, ""step_elapsed_s"": 63.34062736306805, ""step_event_index"": 138, ""total_hand_translation_m"": null, ""trial_finished_elapsed_s"": null, ""trial_recording"": true, ""trial_required_tool_ids"": [19, 34]}"
2026-09-03T21:27:37.534-04:00,junhyun,gesture,tts_started,lifecycle,r1_bearing_right,Row 1.1: bearing into right stand,ready,1,139,,,,63.592887,,,,,,,,,,,,,,,,bearing,,,,,"{""acquired_tool_ids"": [19], ""acquisition_complete"": false, ""completed_steps"": [], ""head_rotation_deg"": null, ""head_translation_m"": null, ""left_hand_translation_m"": null, ""removed_tool_ids"": [], ""right_hand_translation_m"": null, ""selected_step"": ""r1_bearing_right"", ""step_attempt"": 1, ""step_elapsed_s"": 63.59289956104476, ""step_event_index"": 139, ""total_hand_translation_m"": null, ""trial_finished_elapsed_s"": null, ""trial_recording"": true, ""trial_required_tool_ids"": [19, 34]}"
2026-09-03T21:27:37.994-04:00,junhyun,gesture,tts_finished,lifecycle,r1_bearing_right,Row 1.1: bearing into right stand,ready,1,140,,,,64.052657,,,,,,,,,,,,,,,,bearing,,,,,"{""acquired_tool_ids"": [19], ""acquisition_complete"": false, ""completed_steps"": [], ""head_rotation_deg"": null, ""head_translation_m"": null, ""left_hand_translation_m"": null, ""removed_tool_ids"": [], ""right_hand_translation_m"": null, ""selected_step"": ""r1_bearing_right"", ""step_attempt"": 1, ""step_elapsed_s"": 64.0526699940674, ""step_event_index"": 140, ""total_hand_translation_m"": null, ""trial_finished_elapsed_s"": null, ""trial_recording"": true, ""trial_required_tool_ids"": [19, 34]}"
2026-09-03T21:27:38.609-04:00,junhyun,gesture,tts_started,lifecycle,r1_bearing_right,Row 1.1: bearing into right stand,ready,1,141,,,,64.668017,,,,,,,,,,,,,,,,screw,,,,,"{""acquired_tool_ids"": [19], ""acquisition_complete"": false, ""completed_steps"": [], ""head_rotation_deg"": null, ""head_translation_m"": null, ""left_hand_translation_m"": null, ""removed_tool_ids"": [], ""right_hand_translation_m"": null, ""selected_step"": ""r1_bearing_right"", ""step_attempt"": 1, ""step_elapsed_s"": 64.66804369702004, ""step_event_index"": 141, ""total_hand_translation_m"": null, ""trial_finished_elapsed_s"": null, ""trial_recording"": true, ""trial_required_tool_ids"": [19, 34]}"
2026-09-03T21:27:38.714-04:00,junhyun,gesture,tts_finished,lifecycle,r1_bearing_right,Row 1.1: bearing into right stand,ready,1,142,,,,64.773398,,,,,,,,,,,,,,,,screw,,,,,"{""acquired_tool_ids"": [19], ""acquisition_complete"": false, ""completed_steps"": [], ""head_rotation_deg"": null, ""head_translation_m"": null, ""left_hand_translation_m"": null, ""removed_tool_ids"": [], ""right_hand_translation_m"": null, ""selected_step"": ""r1_bearing_right"", ""step_attempt"": 1, ""step_elapsed_s"": 64.7734091130551, ""step_event_index"": 142, ""total_hand_translation_m"": null, ""trial_finished_elapsed_s"": null, ""trial_recording"": true, ""trial_required_tool_ids"": [19, 34]}"
2026-09-03T21:27:38.760-04:00,junhyun,gesture,tts_started,lifecycle,r1_bearing_right,Row 1.1: bearing into right stand,ready,1,143,,,,64.818986,,,,,,,,,,,,,,,,Row 3 left gear,,,,,"{""acquired_tool_ids"": [19], ""acquisition_complete"": false, ""completed_steps"": [], ""head_rotation_deg"": null, ""head_translation_m"": null, ""left_hand_translation_m"": null, ""removed_tool_ids"": [], ""right_hand_translation_m"": null, ""selected_step"": ""r1_bearing_right"", ""step_attempt"": 1, ""step_elapsed_s"": 64.81901239207946, ""step_event_index"": 143, ""total_hand_translation_m"": null, ""trial_finished_elapsed_s"": null, ""trial_recording"": true, ""trial_required_tool_ids"": [19, 34]}"
2026-09-03T21:27:38.864-04:00,junhyun,gesture,tts_finished,lifecycle,r1_bearing_right,Row 1.1: bearing into right stand,ready,1,144,,,,64.923418,,,,,,,,,,,,,,,,Row 3 left gear,,,,,"{""acquired_tool_ids"": [19], ""acquisition_complete"": false, ""completed_steps"": [], ""head_rotation_deg"": null, ""head_translation_m"": null, ""left_hand_translation_m"": null, ""removed_tool_ids"": [], ""right_hand_translation_m"": null, ""selected_step"": ""r1_bearing_right"", ""step_attempt"": 1, ""step_elapsed_s"": 64.92343990900554, ""step_event_index"": 144, ""total_hand_translation_m"": null, ""trial_finished_elapsed_s"": null, ""trial_recording"": true, ""trial_required_tool_ids"": [19, 34]}"
2026-09-03T21:27:38.959-04:00,junhyun,gesture,tts_started,lifecycle,r1_bearing_right,Row 1.1: bearing into right stand,ready,1,145,,,,65.018517,,,,,,,,,,,,,,,,screw,,,,,"{""acquired_tool_ids"": [19], ""acquisition_complete"": false, ""completed_steps"": [], ""head_rotation_deg"": null, ""head_translation_m"": null, ""left_hand_translation_m"": null, ""removed_tool_ids"": [], ""right_hand_translation_m"": null, ""selected_step"": ""r1_bearing_right"", ""step_attempt"": 1, ""step_elapsed_s"": 65.01853249804117, ""step_event_index"": 145, ""total_hand_translation_m"": null, ""trial_finished_elapsed_s"": null, ""trial_recording"": true, ""trial_required_tool_ids"": [19, 34]}"
2026-09-03T21:27:39.439-04:00,junhyun,gesture,hover,hover,r1_bearing_right,Row 1.1: bearing into right stand,ready,1,146,34,BEARINGS,,,,,,,,,,,,,,,,,,,,,,,"{""acquired_tool_ids"": [19], ""acquisition_complete"": false, ""completed_steps"": [], ""head_rotation_deg"": null, ""head_translation_m"": null, ""left_hand_translation_m"": null, ""removed_tool_ids"": [], ""right_hand_translation_m"": null, ""selected_step"": ""r1_bearing_right"", ""step_attempt"": 1, ""step_elapsed_s"": 65.49851319601294, ""step_event_index"": 146, ""total_hand_translation_m"": null, ""trial_finished_elapsed_s"": null, ""trial_recording"": true, ""trial_required_tool_ids"": [19, 34]}"
2026-09-03T21:27:39.624-04:00,junhyun,gesture,tts_queued,lifecycle,r1_bearing_right,Row 1.1: bearing into right stand,ready,1,147,,,,65.682859,,,,,,,,,,,,,,,,bearing,,,replace_hover,,"{""acquired_tool_ids"": [19], ""acquisition_complete"": false, ""completed_steps"": [], ""head_rotation_deg"": null, ""head_translation_m"": null, ""left_hand_translation_m"": null, ""removed_tool_ids"": [], ""right_hand_translation_m"": null, ""selected_step"": ""r1_bearing_right"", ""step_attempt"": 1, ""step_elapsed_s"": 65.68287279608194, ""step_event_index"": 147, ""total_hand_translation_m"": null, ""trial_finished_elapsed_s"": null, ""trial_recording"": true, ""trial_required_tool_ids"": [19, 34]}"
2026-09-03T21:27:39.969-04:00,junhyun,gesture,hover,hover,r1_bearing_right,Row 1.1: bearing into right stand,ready,1,148,32,CRANK_HANDLE,,,,,,,,,,,,,,,,,,,,,,,"{""acquired_tool_ids"": [19], ""acquisition_complete"": false, ""completed_steps"": [], ""head_rotation_deg"": null, ""head_translation_m"": null, ""left_hand_translation_m"": null, ""removed_tool_ids"": [], ""right_hand_translation_m"": null, ""selected_step"": ""r1_bearing_right"", ""step_attempt"": 1, ""step_elapsed_s"": 66.02808620000724, ""step_event_index"": 148, ""total_hand_translation_m"": null, ""trial_finished_elapsed_s"": null, ""trial_recording"": true, ""trial_required_tool_ids"": [19, 34]}"
2026-09-03T21:27:40.120-04:00,junhyun,gesture,tts_queued,lifecycle,r1_bearing_right,Row 1.1: bearing into right stand,ready,1,149,,,,66.178987,,,,,,,,,,,,,,,,handle,,,replace_hover,,"{""acquired_tool_ids"": [19], ""acquisition_complete"": false, ""completed_steps"": [], ""head_rotation_deg"": null, ""head_translation_m"": null, ""left_hand_translation_m"": null, ""removed_tool_ids"": [], ""right_hand_translation_m"": null, ""selected_step"": ""r1_bearing_right"", ""step_attempt"": 1, ""step_elapsed_s"": 66.1789999200264, ""step_event_index"": 149, ""total_hand_translation_m"": null, ""trial_finished_elapsed_s"": null, ""trial_recording"": true, ""trial_required_tool_ids"": [19, 34]}"
2026-09-03T21:27:40.231-04:00,junhyun,gesture,hover,hover,r1_bearing_right,Row 1.1: bearing into right stand,ready,1,150,33,PINS,,,,,,,,,,,,,,,,,,,,,,,"{""acquired_tool_ids"": [19], ""acquisition_complete"": false, ""completed_steps"": [], ""head_rotation_deg"": null, ""head_translation_m"": null, ""left_hand_translation_m"": null, ""removed_tool_ids"": [], ""right_hand_translation_m"": null, ""selected_step"": ""r1_bearing_right"", ""step_attempt"": 1, ""step_elapsed_s"": 66.290121595026, ""step_event_index"": 150, ""total_hand_translation_m"": null, ""trial_finished_elapsed_s"": null, ""trial_recording"": true, ""trial_required_tool_ids"": [19, 34]}"
2026-09-03T21:27:40.280-04:00,junhyun,gesture,tts_queued,lifecycle,r1_bearing_right,Row 1.1: bearing into right stand,ready,1,151,,,,66.339490,,,,,,,,,,,,,,,,pin,,,replace_hover,,"{""acquired_tool_ids"": [19], ""acquisition_complete"": false, ""completed_steps"": [], ""head_rotation_deg"": null, ""head_translation_m"": null, ""left_hand_translation_m"": null, ""removed_tool_ids"": [], ""right_hand_translation_m"": null, ""selected_step"": ""r1_bearing_right"", ""step_attempt"": 1, ""step_elapsed_s"": 66.33950338407885, ""step_event_index"": 151, ""total_hand_translation_m"": null, ""trial_finished_elapsed_s"": null, ""trial_recording"": true, ""trial_required_tool_ids"": [19, 34]}"
2026-09-03T21:27:40.539-04:00,junhyun,gesture,hover,hover,r1_bearing_right,Row 1.1: bearing into right stand,ready,1,152,32,CRANK_HANDLE,,,,,,,,,,,,,,,,,,,,,,,"{""acquired_tool_ids"": [19], ""acquisition_complete"": false, ""completed_steps"": [], ""head_rotation_deg"": null, ""head_translation_m"": null, ""left_hand_translation_m"": null, ""removed_tool_ids"": [], ""right_hand_translation_m"": null, ""selected_step"": ""r1_bearing_right"", ""step_attempt"": 1, ""step_elapsed_s"": 66.59835948504042, ""step_event_index"": 152, ""total_hand_translation_m"": null, ""trial_finished_elapsed_s"": null, ""trial_recording"": true, ""trial_required_tool_ids"": [19, 34]}"
2026-09-03T21:27:40.626-04:00,junhyun,gesture,tts_queued,lifecycle,r1_bearing_right,Row 1.1: bearing into right stand,ready,1,153,,,,66.684842,,,,,,,,,,,,,,,,handle,,,replace_hover,,"{""acquired_tool_ids"": [19], ""acquisition_complete"": false, ""completed_steps"": [], ""head_rotation_deg"": null, ""head_translation_m"": null, ""left_hand_translation_m"": null, ""removed_tool_ids"": [], ""right_hand_translation_m"": null, ""selected_step"": ""r1_bearing_right"", ""step_attempt"": 1, ""step_elapsed_s"": 66.68485485203564, ""step_event_index"": 153, ""total_hand_translation_m"": null, ""trial_finished_elapsed_s"": null, ""trial_recording"": true, ""trial_required_tool_ids"": [19, 34]}"
2026-09-03T21:27:40.824-04:00,junhyun,gesture,hover,hover,r1_bearing_right,Row 1.1: bearing into right stand,ready,1,154,34,BEARINGS,,,,,,,,,,,,,,,,,,,,,,,"{""acquired_tool_ids"": [19], ""acquisition_complete"": false, ""completed_steps"": [], ""head_rotation_deg"": null, ""head_translation_m"": null, ""left_hand_translation_m"": null, ""removed_tool_ids"": [], ""right_hand_translation_m"": null, ""selected_step"": ""r1_bearing_right"", ""step_attempt"": 1, ""step_elapsed_s"": 66.88259472604841, ""step_event_index"": 154, ""total_hand_translation_m"": null, ""trial_finished_elapsed_s"": null, ""trial_recording"": true, ""trial_required_tool_ids"": [19, 34]}"
2026-09-03T21:27:40.953-04:00,junhyun,gesture,tts_queued,lifecycle,r1_bearing_right,Row 1.1: bearing into right stand,ready,1,155,,,,67.012047,,,,,,,,,,,,,,,,bearing,,,replace_hover,,"{""acquired_tool_ids"": [19], ""acquisition_complete"": false, ""completed_steps"": [], ""head_rotation_deg"": null, ""head_translation_m"": null, ""left_hand_translation_m"": null, ""removed_tool_ids"": [], ""right_hand_translation_m"": null, ""selected_step"": ""r1_bearing_right"", ""step_attempt"": 1, ""step_elapsed_s"": 67.01206198509317, ""step_event_index"": 155, ""total_hand_translation_m"": null, ""trial_finished_elapsed_s"": null, ""trial_recording"": true, ""trial_required_tool_ids"": [19, 34]}"
2026-09-03T21:27:41.275-04:00,junhyun,gesture,tts_finished,lifecycle,r1_bearing_right,Row 1.1: bearing into right stand,ready,1,156,,,,67.333734,,,,,,,,,,,,,,,,screw,,,,,"{""acquired_tool_ids"": [19], ""acquisition_complete"": false, ""completed_steps"": [], ""head_rotation_deg"": null, ""head_translation_m"": null, ""left_hand_translation_m"": null, ""removed_tool_ids"": [], ""right_hand_translation_m"": null, ""selected_step"": ""r1_bearing_right"", ""step_attempt"": 1, ""step_elapsed_s"": 67.33374315302353, ""step_event_index"": 156, ""total_hand_translation_m"": null, ""trial_finished_elapsed_s"": null, ""trial_recording"": true, ""trial_required_tool_ids"": [19, 34]}"
2026-09-03T21:27:41.389-04:00,junhyun,gesture,tts_started,lifecycle,r1_bearing_right,Row 1.1: bearing into right stand,ready,1,157,,,,67.447693,,,,,,,,,,,,,,,,bearing,,,,,"{""acquired_tool_ids"": [19], ""acquisition_complete"": false, ""completed_steps"": [], ""head_rotation_deg"": null, ""head_translation_m"": null, ""left_hand_translation_m"": null, ""removed_tool_ids"": [], ""right_hand_translation_m"": null, ""selected_step"": ""r1_bearing_right"", ""step_attempt"": 1, ""step_elapsed_s"": 67.44770694710314, ""step_event_index"": 157, ""total_hand_translation_m"": null, ""trial_finished_elapsed_s"": null, ""trial_recording"": true, ""trial_required_tool_ids"": [19, 34]}"
2026-09-03T21:27:41.520-04:00,junhyun,gesture,tts_finished,lifecycle,r1_bearing_right,Row 1.1: bearing into right stand,ready,1,158,,,,67.579140,,,,,,,,,,,,,,,,bearing,,,,,"{""acquired_tool_ids"": [19], ""acquisition_complete"": false, ""completed_steps"": [], ""head_rotation_deg"": null, ""head_translation_m"": null, ""left_hand_translation_m"": null, ""removed_tool_ids"": [], ""right_hand_translation_m"": null, ""selected_step"": ""r1_bearing_right"", ""step_attempt"": 1, ""step_elapsed_s"": 67.57915361004416, ""step_event_index"": 158, ""total_hand_translation_m"": null, ""trial_finished_elapsed_s"": null, ""trial_recording"": true, ""trial_required_tool_ids"": [19, 34]}"
2026-09-03T21:27:41.770-04:00,junhyun,gesture,tts_started,lifecycle,r1_bearing_right,Row 1.1: bearing into right stand,ready,1,159,,,,67.828727,,,,,,,,,,,,,,,,handle,,,,,"{""acquired_tool_ids"": [19], ""acquisition_complete"": false, ""completed_steps"": [], ""head_rotation_deg"": null, ""head_translation_m"": null, ""left_hand_translation_m"": null, ""removed_tool_ids"": [], ""right_hand_translation_m"": null, ""selected_step"": ""r1_bearing_right"", ""step_attempt"": 1, ""step_elapsed_s"": 67.828737580101, ""step_event_index"": 159, ""total_hand_translation_m"": null, ""trial_finished_elapsed_s"": null, ""trial_recording"": true, ""trial_required_tool_ids"": [19, 34]}"
2026-09-03T21:27:41.860-04:00,junhyun,gesture,tts_finished,lifecycle,r1_bearing_right,Row 1.1: bearing into right stand,ready,1,160,,,,67.918598,,,,,,,,,,,,,,,,handle,,,,,"{""acquired_tool_ids"": [19], ""acquisition_complete"": false, ""completed_steps"": [], ""head_rotation_deg"": null, ""head_translation_m"": null, ""left_hand_translation_m"": null, ""removed_tool_ids"": [], ""right_hand_translation_m"": null, ""selected_step"": ""r1_bearing_right"", ""step_attempt"": 1, ""step_elapsed_s"": 67.91861194500234, ""step_event_index"": 160, ""total_hand_translation_m"": null, ""trial_finished_elapsed_s"": null, ""trial_recording"": true, ""trial_required_tool_ids"": [19, 34]}"
2026-09-03T21:27:42.086-04:00,junhyun,gesture,tts_started,lifecycle,r1_bearing_right,Row 1.1: bearing into right stand,ready,1,161,,,,68.145081,,,,,,,,,,,,,,,,pin,,,,,"{""acquired_tool_ids"": [19], ""acquisition_complete"": false, ""completed_steps"": [], ""head_rotation_deg"": null, ""head_translation_m"": null, ""left_hand_translation_m"": null, ""removed_tool_ids"": [], ""right_hand_translation_m"": null, ""selected_step"": ""r1_bearing_right"", ""step_attempt"": 1, ""step_elapsed_s"": 68.145108591998, ""step_event_index"": 161, ""total_hand_translation_m"": null, ""trial_finished_elapsed_s"": null, ""trial_recording"": true, ""trial_required_tool_ids"": [19, 34]}"
2026-09-03T21:27:42.222-04:00,junhyun,gesture,tts_finished,lifecycle,r1_bearing_right,Row 1.1: bearing into right stand,ready,1,162,,,,68.280628,,,,,,,,,,,,,,,,pin,,,,,"{""acquired_tool_ids"": [19], ""acquisition_complete"": false, ""completed_steps"": [], ""head_rotation_deg"": null, ""head_translation_m"": null, ""left_hand_translation_m"": null, ""removed_tool_ids"": [], ""right_hand_translation_m"": null, ""selected_step"": ""r1_bearing_right"", ""step_attempt"": 1, ""step_elapsed_s"": 68.28063899406698, ""step_event_index"": 162, ""total_hand_translation_m"": null, ""trial_finished_elapsed_s"": null, ""trial_recording"": true, ""trial_required_tool_ids"": [19, 34]}"
2026-09-03T21:27:42.294-04:00,junhyun,gesture,tts_started,lifecycle,r1_bearing_right,Row 1.1: bearing into right stand,ready,1,163,,,,68.353235,,,,,,,,,,,,,,,,handle,,,,,"{""acquired_tool_ids"": [19], ""acquisition_complete"": false, ""completed_steps"": [], ""head_rotation_deg"": null, ""head_translation_m"": null, ""left_hand_translation_m"": null, ""removed_tool_ids"": [], ""right_hand_translation_m"": null, ""selected_step"": ""r1_bearing_right"", ""step_attempt"": 1, ""step_elapsed_s"": 68.35324739606585, ""step_event_index"": 163, ""total_hand_translation_m"": null, ""trial_finished_elapsed_s"": null, ""trial_recording"": true, ""trial_required_tool_ids"": [19, 34]}"
2026-09-03T21:27:42.356-04:00,junhyun,gesture,tts_finished,lifecycle,r1_bearing_right,Row 1.1: bearing into right stand,ready,1,164,,,,68.415456,,,,,,,,,,,,,,,,handle,,,,,"{""acquired_tool_ids"": [19], ""acquisition_complete"": false, ""completed_steps"": [], ""head_rotation_deg"": null, ""head_translation_m"": null, ""left_hand_translation_m"": null, ""removed_tool_ids"": [], ""right_hand_translation_m"": null, ""selected_step"": ""r1_bearing_right"", ""step_attempt"": 1, ""step_elapsed_s"": 68.41546752606519, ""step_event_index"": 164, ""total_hand_translation_m"": null, ""trial_finished_elapsed_s"": null, ""trial_recording"": true, ""trial_required_tool_ids"": [19, 34]}"
2026-09-03T21:27:42.468-04:00,junhyun,gesture,tts_started,lifecycle,r1_bearing_right,Row 1.1: bearing into right stand,ready,1,165,,,,68.527421,,,,,,,,,,,,,,,,bearing,,,,,"{""acquired_tool_ids"": [19], ""acquisition_complete"": false, ""completed_steps"": [], ""head_rotation_deg"": null, ""head_translation_m"": null, ""left_hand_translation_m"": null, ""removed_tool_ids"": [], ""right_hand_translation_m"": null, ""selected_step"": ""r1_bearing_right"", ""step_attempt"": 1, ""step_elapsed_s"": 68.52743223705329, ""step_event_index"": 165, ""total_hand_translation_m"": null, ""trial_finished_elapsed_s"": null, ""trial_recording"": true, ""trial_required_tool_ids"": [19, 34]}"
2026-09-03T21:27:42.699-04:00,junhyun,gesture,tts_finished,lifecycle,r1_bearing_right,Row 1.1: bearing into right stand,ready,1,166,,,,68.758303,,,,,,,,,,,,,,,,bearing,,,,,"{""acquired_tool_ids"": [19], ""acquisition_complete"": false, ""completed_steps"": [], ""head_rotation_deg"": null, ""head_translation_m"": null, ""left_hand_translation_m"": null, ""removed_tool_ids"": [], ""right_hand_translation_m"": null, ""selected_step"": ""r1_bearing_right"", ""step_attempt"": 1, ""step_elapsed_s"": 68.75831499905325, ""step_event_index"": 166, ""total_hand_translation_m"": null, ""trial_finished_elapsed_s"": null, ""trial_recording"": true, ""trial_required_tool_ids"": [19, 34]}"
2026-09-03T21:27:43.464-04:00,junhyun,gesture,hover,hover,r1_bearing_right,Row 1.1: bearing into right stand,ready,1,167,34,BEARINGS,,,,,,,,,,,,,,,,,,,,,,,"{""acquired_tool_ids"": [19], ""acquisition_complete"": false, ""completed_steps"": [], ""head_rotation_deg"": null, ""head_translation_m"": null, ""left_hand_translation_m"": null, ""removed_tool_ids"": [], ""right_hand_translation_m"": null, ""selected_step"": ""r1_bearing_right"", ""step_attempt"": 1, ""step_elapsed_s"": 69.52334631304257, ""step_event_index"": 167, ""total_hand_translation_m"": null, ""trial_finished_elapsed_s"": null, ""trial_recording"": true, ""trial_required_tool_ids"": [19, 34]}"
2026-09-03T21:27:43.615-04:00,junhyun,gesture,tts_queued,lifecycle,r1_bearing_right,Row 1.1: bearing into right stand,ready,1,168,,,,69.673544,,,,,,,,,,,,,,,,bearing,,,replace_hover,,"{""acquired_tool_ids"": [19], ""acquisition_complete"": false, ""completed_steps"": [], ""head_rotation_deg"": null, ""head_translation_m"": null, ""left_hand_translation_m"": null, ""removed_tool_ids"": [], ""right_hand_translation_m"": null, ""selected_step"": ""r1_bearing_right"", ""step_attempt"": 1, ""step_elapsed_s"": 69.67356188199483, ""step_event_index"": 168, ""total_hand_translation_m"": null, ""trial_finished_elapsed_s"": null, ""trial_recording"": true, ""trial_required_tool_ids"": [19, 34]}"
2026-09-03T21:27:43.822-04:00,junhyun,gesture,tts_started,lifecycle,r1_bearing_right,Row 1.1: bearing into right stand,ready,1,169,,,,69.880714,,,,,,,,,,,,,,,,bearing,,,,,"{""acquired_tool_ids"": [19], ""acquisition_complete"": false, ""completed_steps"": [], ""head_rotation_deg"": null, ""head_translation_m"": null, ""left_hand_translation_m"": null, ""removed_tool_ids"": [], ""right_hand_translation_m"": null, ""selected_step"": ""r1_bearing_right"", ""step_attempt"": 1, ""step_elapsed_s"": 69.88072692404967, ""step_event_index"": 169, ""total_hand_translation_m"": null, ""trial_finished_elapsed_s"": null, ""trial_recording"": true, ""trial_required_tool_ids"": [19, 34]}"
2026-09-03T21:27:44.472-04:00,junhyun,gesture,tts_finished,lifecycle,r1_bearing_right,Row 1.1: bearing into right stand,ready,1,170,,,,70.530679,,,,,,,,,,,,,,,,bearing,,,,,"{""acquired_tool_ids"": [19], ""acquisition_complete"": false, ""completed_steps"": [], ""head_rotation_deg"": null, ""head_translation_m"": null, ""left_hand_translation_m"": null, ""removed_tool_ids"": [], ""right_hand_translation_m"": null, ""selected_step"": ""r1_bearing_right"", ""step_attempt"": 1, ""step_elapsed_s"": 70.53069172904361, ""step_event_index"": 170, ""total_hand_translation_m"": null, ""trial_finished_elapsed_s"": null, ""trial_recording"": true, ""trial_required_tool_ids"": [19, 34]}"
2026-09-03T21:27:44.577-04:00,junhyun,gesture,part_selection,click,r1_bearing_right,Row 1.1: bearing into right stand,ready,1,171,34,BEARINGS,26.044657,70.636448,,,,,,,,,,,,,,,1,,,,,,"{""acquired_tool_ids"": [19, 34], ""acquisition_complete"": false, ""completed_steps"": [], ""head_rotation_deg"": null, ""head_translation_m"": null, ""left_hand_translation_m"": null, ""removed_tool_ids"": [], ""right_hand_translation_m"": null, ""selected_step"": ""r1_bearing_right"", ""step_attempt"": 1, ""step_elapsed_s"": 70.63649017002899, ""step_event_index"": 171, ""total_hand_translation_m"": null, ""trial_finished_elapsed_s"": null, ""trial_recording"": true, ""trial_required_tool_ids"": [19, 34]}"
2026-09-03T21:27:44.630-04:00,junhyun,gesture,object_acquired,click,r1_bearing_right,Row 1.1: bearing into right stand,ready,1,172,34,BEARINGS,26.044657,70.636448,,,,,,,,,,,,,,,1,,,,,,"{""acquired_tool_ids"": [19, 34], ""acquisition_complete"": false, ""completed_steps"": [], ""head_rotation_deg"": null, ""head_translation_m"": null, ""left_hand_translation_m"": null, ""removed_tool_ids"": [], ""right_hand_translation_m"": null, ""selected_step"": ""r1_bearing_right"", ""step_attempt"": 1, ""step_elapsed_s"": 70.68941817001905, ""step_event_index"": 172, ""total_hand_translation_m"": null, ""trial_finished_elapsed_s"": null, ""trial_recording"": true, ""trial_required_tool_ids"": [19, 34]}"
2026-09-03T21:27:44.774-04:00,junhyun,gesture,step_acquisition_complete,click,r1_bearing_right,Row 1.1: bearing into right stand,ready,1,173,,,,70.828890,3.572998,624.675173,0.444409,4.979360,5.423769,0.000000,41.323285,41.323285,58.555018,0,42,0.000000,1.723210,1.723210,,,,,,,"{""acquired_tool_ids"": [19, 34], ""acquisition_complete"": true, ""any_hover_time_s"": 41.32328538305592, ""completed_steps"": [], ""head_rotation_deg"": 624.6751733551068, ""head_translation_m"": 3.5729977180184327, ""hover_time_percent"": 58.555017823193566, ""left_hand_translation_m"": 0.4444087685520238, ""left_hover_episodes"": 0, ""left_hover_time_s"": 0.0, ""left_hover_translation_m"": 0.0, ""removed_tool_ids"": [19], ""right_hand_translation_m"": 4.979360124973523, ""right_hover_episodes"": 42, ""right_hover_time_s"": 41.32328538305592, ""right_hover_translation_m"": 1.7232102970936785, ""selected_step"": ""r1_bearing_right"", ""step_attempt"": 1, ""step_elapsed_s"": 70.82888961804565, ""step_event_index"": 173, ""total_hand_translation_m"": 5.423768893525547, ""total_hover_translation_m"": 1.7232102970936785, ""trial_finished_elapsed_s"": 70.82888961804565, ""trial_recording"": false, ""trial_required_tool_ids"": [19, 34]}"
2026-09-03T21:27:44.904-04:00,junhyun,gesture,graph_complete,,r1_bearing_right,Row 1.1: bearing into right stand,complete,1,174,,,,,,,,,,,,,,,,,,,,,,,,,"{""acquired_tool_ids"": [19, 34], ""acquisition_complete"": true, ""any_hover_time_s"": 41.32328538305592, ""completed_steps"": [""r1_bearing_right""], ""head_rotation_deg"": 624.6751733551068, ""head_translation_m"": 3.5729977180184327, ""hover_time_percent"": 58.555017823193566, ""left_hand_translation_m"": 0.4444087685520238, ""left_hover_episodes"": 0, ""left_hover_time_s"": 0.0, ""left_hover_translation_m"": 0.0, ""removed_tool_ids"": [19], ""right_hand_translation_m"": 4.979360124973523, ""right_hover_episodes"": 42, ""right_hover_time_s"": 41.32328538305592, ""right_hover_translation_m"": 1.7232102970936785, ""selected_step"": ""r1_bearing_right"", ""step_attempt"": 1, ""step_elapsed_s"": 70.82888961804565, ""step_event_index"": 174, ""total_hand_translation_m"": 5.423768893525547, ""total_hover_translation_m"": 1.7232102970936785, ""trial_finished_elapsed_s"": 70.82888961804565, ""trial_recording"": false, ""trial_required_tool_ids"": [19, 34]}"
2026-09-03T21:28:00.729-04:00,junhyun,gesture,step_started,keyboard,r1_bearing_left,Row 1.3: bearing into left stand,ready,2,1,,,,,,,,,,,,,,,,,,,,,,,,,"{""acquired_tool_ids"": [], ""acquisition_complete"": false, ""completed_steps"": [""r1_bearing_right""], ""head_rotation_deg"": null, ""head_translation_m"": null, ""left_hand_translation_m"": null, ""removed_tool_ids"": [19], ""right_hand_translation_m"": null, ""selected_step"": ""r1_bearing_left"", ""step_attempt"": 2, ""step_elapsed_s"": 6.477907299995422e-05, ""step_event_index"": 1, ""total_hand_translation_m"": null, ""trial_finished_elapsed_s"": null, ""trial_recording"": true, ""trial_required_tool_ids"": [18]}"
2026-09-03T21:28:09.536-04:00,junhyun,gesture,hover,hover,r1_bearing_left,Row 1.3: bearing into left stand,ready,2,2,34,BEARINGS,,,,,,,,,,,,,,,,,,,,,,,"{""acquired_tool_ids"": [], ""acquisition_complete"": false, ""completed_steps"": [""r1_bearing_right""], ""head_rotation_deg"": null, ""head_translation_m"": null, ""left_hand_translation_m"": null, ""removed_tool_ids"": [19], ""right_hand_translation_m"": null, ""selected_step"": ""r1_bearing_left"", ""step_attempt"": 2, ""step_elapsed_s"": 8.807268499047495, ""step_event_index"": 2, ""total_hand_translation_m"": null, ""trial_finished_elapsed_s"": null, ""trial_recording"": true, ""trial_required_tool_ids"": [18]}"
2026-09-03T21:28:09.583-04:00,junhyun,gesture,tts_queued,lifecycle,r1_bearing_left,Row 1.3: bearing into left stand,ready,2,3,,,,8.854443,,,,,,,,,,,,,,,,bearing,,,replace_hover,,"{""acquired_tool_ids"": [], ""acquisition_complete"": false, ""completed_steps"": [""r1_bearing_right""], ""head_rotation_deg"": null, ""head_translation_m"": null, ""left_hand_translation_m"": null, ""removed_tool_ids"": [19], ""right_hand_translation_m"": null, ""selected_step"": ""r1_bearing_left"", ""step_attempt"": 2, ""step_elapsed_s"": 8.854460557107814, ""step_event_index"": 3, ""total_hand_translation_m"": null, ""trial_finished_elapsed_s"": null, ""trial_recording"": true, ""trial_required_tool_ids"": [18]}"
2026-09-03T21:28:09.698-04:00,junhyun,gesture,hover,hover,r1_bearing_left,Row 1.3: bearing into left stand,ready,2,4,35,SCREWS,,,,,,,,,,,,,,,,,,,,,,,"{""acquired_tool_ids"": [], ""acquisition_complete"": false, ""completed_steps"": [""r1_bearing_right""], ""head_rotation_deg"": null, ""head_translation_m"": null, ""left_hand_translation_m"": null, ""removed_tool_ids"": [19], ""right_hand_translation_m"": null, ""selected_step"": ""r1_bearing_left"", ""step_attempt"": 2, ""step_elapsed_s"": 8.969614717061631, ""step_event_index"": 4, ""total_hand_translation_m"": null, ""trial_finished_elapsed_s"": null, ""trial_recording"": true, ""trial_required_tool_ids"": [18]}"
2026-09-03T21:28:09.727-04:00,junhyun,gesture,tts_queued,lifecycle,r1_bearing_left,Row 1.3: bearing into left stand,ready,2,5,,,,8.997948,,,,,,,,,,,,,,,,screw,,,replace_hover,,"{""acquired_tool_ids"": [], ""acquisition_complete"": false, ""completed_steps"": [""r1_bearing_right""], ""head_rotation_deg"": null, ""head_translation_m"": null, ""left_hand_translation_m"": null, ""removed_tool_ids"": [19], ""right_hand_translation_m"": null, ""selected_step"": ""r1_bearing_left"", ""step_attempt"": 2, ""step_elapsed_s"": 8.997958374093287, ""step_event_index"": 5, ""total_hand_translation_m"": null, ""trial_finished_elapsed_s"": null, ""trial_recording"": true, ""trial_required_tool_ids"": [18]}"
2026-09-03T21:28:09.835-04:00,junhyun,gesture,tts_started,lifecycle,r1_bearing_left,Row 1.3: bearing into left stand,ready,2,6,,,,9.106434,,,,,,,,,,,,,,,,bearing,,,,,"{""acquired_tool_ids"": [], ""acquisition_complete"": false, ""completed_steps"": [""r1_bearing_right""], ""head_rotation_deg"": null, ""head_translation_m"": null, ""left_hand_translation_m"": null, ""removed_tool_ids"": [19], ""right_hand_translation_m"": null, ""selected_step"": ""r1_bearing_left"", ""step_attempt"": 2, ""step_elapsed_s"": 9.106445654062554, ""step_event_index"": 6, ""total_hand_translation_m"": null, ""trial_finished_elapsed_s"": null, ""trial_recording"": true, ""trial_required_tool_ids"": [18]}"
2026-09-03T21:28:09.886-04:00,junhyun,gesture,tts_finished,lifecycle,r1_bearing_left,Row 1.3: bearing into left stand,ready,2,7,,,,9.156782,,,,,,,,,,,,,,,,bearing,,,,,"{""acquired_tool_ids"": [], ""acquisition_complete"": false, ""completed_steps"": [""r1_bearing_right""], ""head_rotation_deg"": null, ""head_translation_m"": null, ""left_hand_translation_m"": null, ""removed_tool_ids"": [19], ""right_hand_translation_m"": null, ""selected_step"": ""r1_bearing_left"", ""step_attempt"": 2, ""step_elapsed_s"": 9.156792937079445, ""step_event_index"": 7, ""total_hand_translation_m"": null, ""trial_finished_elapsed_s"": null, ""trial_recording"": true, ""trial_required_tool_ids"": [18]}"
2026-09-03T21:28:09.944-04:00,junhyun,gesture,tts_started,lifecycle,r1_bearing_left,Row 1.3: bearing into left stand,ready,2,8,,,,9.215239,,,,,,,,,,,,,,,,screw,,,,,"{""acquired_tool_ids"": [], ""acquisition_complete"": false, ""completed_steps"": [""r1_bearing_right""], ""head_rotation_deg"": null, ""head_translation_m"": null, ""left_hand_translation_m"": null, ""removed_tool_ids"": [19], ""right_hand_translation_m"": null, ""selected_step"": ""r1_bearing_left"", ""step_attempt"": 2, ""step_elapsed_s"": 9.215249033062719, ""step_event_index"": 8, ""total_hand_translation_m"": null, ""trial_finished_elapsed_s"": null, ""trial_recording"": true, ""trial_required_tool_ids"": [18]}"
2026-09-03T21:28:10.350-04:00,junhyun,gesture,tts_finished,lifecycle,r1_bearing_left,Row 1.3: bearing into left stand,ready,2,9,,,,9.620932,,,,,,,,,,,,,,,,screw,,,,,"{""acquired_tool_ids"": [], ""acquisition_complete"": false, ""completed_steps"": [""r1_bearing_right""], ""head_rotation_deg"": null, ""head_translation_m"": null, ""left_hand_translation_m"": null, ""removed_tool_ids"": [19], ""right_hand_translation_m"": null, ""selected_step"": ""r1_bearing_left"", ""step_attempt"": 2, ""step_elapsed_s"": 9.62094298703596, ""step_event_index"": 9, ""total_hand_translation_m"": null, ""trial_finished_elapsed_s"": null, ""trial_recording"": true, ""trial_required_tool_ids"": [18]}"
2026-09-03T21:28:11.013-04:00,junhyun,gesture,hover,hover,r1_bearing_left,Row 1.3: bearing into left stand,ready,2,10,6,THREAD_CHECKER,,,,,,,,,,,,,,,,,,,,,,,"{""acquired_tool_ids"": [], ""acquisition_complete"": false, ""completed_steps"": [""r1_bearing_right""], ""head_rotation_deg"": null, ""head_translation_m"": null, ""left_hand_translation_m"": null, ""removed_tool_ids"": [19], ""right_hand_translation_m"": null, ""selected_step"": ""r1_bearing_left"", ""step_attempt"": 2, ""step_elapsed_s"": 10.283713051001541, ""step_event_index"": 10, ""total_hand_translation_m"": null, ""trial_finished_elapsed_s"": null, ""trial_recording"": true, ""trial_required_tool_ids"": [18]}"
2026-09-03T21:28:11.056-04:00,junhyun,gesture,tts_queued,lifecycle,r1_bearing_left,Row 1.3: bearing into left stand,ready,2,11,,,,10.327613,,,,,,,,,,,,,,,,part,,,replace_hover,,"{""acquired_tool_ids"": [], ""acquisition_complete"": false, ""completed_steps"": [""r1_bearing_right""], ""head_rotation_deg"": null, ""head_translation_m"": null, ""left_hand_translation_m"": null, ""removed_tool_ids"": [19], ""right_hand_translation_m"": null, ""selected_step"": ""r1_bearing_left"", ""step_attempt"": 2, ""step_elapsed_s"": 10.327624224009924, ""step_event_index"": 11, ""total_hand_translation_m"": null, ""trial_finished_elapsed_s"": null, ""trial_recording"": true, ""trial_required_tool_ids"": [18]}"
2026-09-03T21:28:11.155-04:00,junhyun,gesture,tts_started,lifecycle,r1_bearing_left,Row 1.3: bearing into left stand,ready,2,12,,,,10.426459,,,,,,,,,,,,,,,,part,,,,,"{""acquired_tool_ids"": [], ""acquisition_complete"": false, ""completed_steps"": [""r1_bearing_right""], ""head_rotation_deg"": null, ""head_translation_m"": null, ""left_hand_translation_m"": null, ""removed_tool_ids"": [19], ""right_hand_translation_m"": null, ""selected_step"": ""r1_bearing_left"", ""step_attempt"": 2, ""step_elapsed_s"": 10.426470637088642, ""step_event_index"": 12, ""total_hand_translation_m"": null, ""trial_finished_elapsed_s"": null, ""trial_recording"": true, ""trial_required_tool_ids"": [18]}"
2026-09-03T21:28:11.583-04:00,junhyun,gesture,tts_finished,lifecycle,r1_bearing_left,Row 1.3: bearing into left stand,ready,2,13,,,,10.854193,,,,,,,,,,,,,,,,part,,,,,"{""acquired_tool_ids"": [], ""acquisition_complete"": false, ""completed_steps"": [""r1_bearing_right""], ""head_rotation_deg"": null, ""head_translation_m"": null, ""left_hand_translation_m"": null, ""removed_tool_ids"": [19], ""right_hand_translation_m"": null, ""selected_step"": ""r1_bearing_left"", ""step_attempt"": 2, ""step_elapsed_s"": 10.854204344097525, ""step_event_index"": 13, ""total_hand_translation_m"": null, ""trial_finished_elapsed_s"": null, ""trial_recording"": true, ""trial_required_tool_ids"": [18]}"
2026-09-03T21:28:11.953-04:00,junhyun,gesture,hover,hover,r1_bearing_left,Row 1.3: bearing into left stand,ready,2,14,18,GEAR_STAND_ROW1_LEFT,,,,,,,,,,,,,,,,,,,,,,,"{""acquired_tool_ids"": [], ""acquisition_complete"": false, ""completed_steps"": [""r1_bearing_right""], ""head_rotation_deg"": null, ""head_translation_m"": null, ""left_hand_translation_m"": null, ""removed_tool_ids"": [19], ""right_hand_translation_m"": null, ""selected_step"": ""r1_bearing_left"", ""step_attempt"": 2, ""step_elapsed_s"": 11.224532715044916, ""step_event_index"": 14, ""total_hand_translation_m"": null, ""trial_finished_elapsed_s"": null, ""trial_recording"": true, ""trial_required_tool_ids"": [18]}"
2026-09-03T21:28:12.009-04:00,junhyun,gesture,tts_queued,lifecycle,r1_bearing_left,Row 1.3: bearing into left stand,ready,2,15,,,,11.280421,,,,,,,,,,,,,,,,Row 1 left stand,,,replace_hover,,"{""acquired_tool_ids"": [], ""acquisition_complete"": false, ""completed_steps"": [""r1_bearing_right""], ""head_rotation_deg"": null, ""head_translation_m"": null, ""left_hand_translation_m"": null, ""removed_tool_ids"": [19], ""right_hand_translation_m"": null, ""selected_step"": ""r1_bearing_left"", ""step_attempt"": 2, ""step_elapsed_s"": 11.280432782019489, ""step_event_index"": 15, ""total_hand_translation_m"": null, ""trial_finished_elapsed_s"": null, ""trial_recording"": true, ""trial_required_tool_ids"": [18]}"
2026-09-03T21:28:12.207-04:00,junhyun,gesture,hover,hover,r1_bearing_left,Row 1.3: bearing into left stand,ready,2,16,21,GEAR_STAND_ROW2_RIGHT,,,,,,,,,,,,,,,,,,,,,,,"{""acquired_tool_ids"": [], ""acquisition_complete"": false, ""completed_steps"": [""r1_bearing_right""], ""head_rotation_deg"": null, ""head_translation_m"": null, ""left_hand_translation_m"": null, ""removed_tool_ids"": [19], ""right_hand_translation_m"": null, ""selected_step"": ""r1_bearing_left"", ""step_attempt"": 2, ""step_elapsed_s"": 11.477755757048726, ""step_event_index"": 16, ""total_hand_translation_m"": null, ""trial_finished_elapsed_s"": null, ""trial_recording"": true, ""trial_required_tool_ids"": [18]}"
2026-09-03T21:28:12.386-04:00,junhyun,gesture,tts_queued,lifecycle,r1_bearing_left,Row 1.3: bearing into left stand,ready,2,17,,,,11.657175,,,,,,,,,,,,,,,,Row 2 right stand,,,replace_hover,,"{""acquired_tool_ids"": [], ""acquisition_complete"": false, ""completed_steps"": [""r1_bearing_right""], ""head_rotation_deg"": null, ""head_translation_m"": null, ""left_hand_translation_m"": null, ""removed_tool_ids"": [19], ""right_hand_translation_m"": null, ""selected_step"": ""r1_bearing_left"", ""step_attempt"": 2, ""step_elapsed_s"": 11.657186527037993, ""step_event_index"": 17, ""total_hand_translation_m"": null, ""trial_finished_elapsed_s"": null, ""trial_recording"": true, ""trial_required_tool_ids"": [18]}"
2026-09-03T21:28:12.810-04:00,junhyun,gesture,hover,hover,r1_bearing_left,Row 1.3: bearing into left stand,ready,2,18,18,GEAR_STAND_ROW1_LEFT,,,,,,,,,,,,,,,,,,,,,,,"{""acquired_tool_ids"": [], ""acquisition_complete"": false, ""completed_steps"": [""r1_bearing_right""], ""head_rotation_deg"": null, ""head_translation_m"": null, ""left_hand_translation_m"": null, ""removed_tool_ids"": [19], ""right_hand_translation_m"": null, ""selected_step"": ""r1_bearing_left"", ""step_attempt"": 2, ""step_elapsed_s"": 12.081331338034943, ""step_event_index"": 18, ""total_hand_translation_m"": null, ""trial_finished_elapsed_s"": null, ""trial_recording"": true, ""trial_required_tool_ids"": [18]}"
2026-09-03T21:28:12.968-04:00,junhyun,gesture,tts_queued,lifecycle,r1_bearing_left,Row 1.3: bearing into left stand,ready,2,19,,,,12.239083,,,,,,,,,,,,,,,,Row 1 left stand,,,replace_hover,,"{""acquired_tool_ids"": [], ""acquisition_complete"": false, ""completed_steps"": [""r1_bearing_right""], ""head_rotation_deg"": null, ""head_translation_m"": null, ""left_hand_translation_m"": null, ""removed_tool_ids"": [19], ""right_hand_translation_m"": null, ""selected_step"": ""r1_bearing_left"", ""step_attempt"": 2, ""step_elapsed_s"": 12.239096086006612, ""step_event_index"": 19, ""total_hand_translation_m"": null, ""trial_finished_elapsed_s"": null, ""trial_recording"": true, ""trial_required_tool_ids"": [18]}"
2026-09-03T21:28:13.294-04:00,junhyun,gesture,tts_started,lifecycle,r1_bearing_left,Row 1.3: bearing into left stand,ready,2,20,,,,12.564974,,,,,,,,,,,,,,,,Row 1 left stand,,,,,"{""acquired_tool_ids"": [], ""acquisition_complete"": false, ""completed_steps"": [""r1_bearing_right""], ""head_rotation_deg"": null, ""head_translation_m"": null, ""left_hand_translation_m"": null, ""removed_tool_ids"": [19], ""right_hand_translation_m"": null, ""selected_step"": ""r1_bearing_left"", ""step_attempt"": 2, ""step_elapsed_s"": 12.564986653043889, ""step_event_index"": 20, ""total_hand_translation_m"": null, ""trial_finished_elapsed_s"": null, ""trial_recording"": true, ""trial_required_tool_ids"": [18]}"
2026-09-03T21:28:13.360-04:00,junhyun,gesture,tts_finished,lifecycle,r1_bearing_left,Row 1.3: bearing into left stand,ready,2,21,,,,12.630719,,,,,,,,,,,,,,,,Row 1 left stand,,,,,"{""acquired_tool_ids"": [], ""acquisition_complete"": false, ""completed_steps"": [""r1_bearing_right""], ""head_rotation_deg"": null, ""head_translation_m"": null, ""left_hand_translation_m"": null, ""removed_tool_ids"": [19], ""right_hand_translation_m"": null, ""selected_step"": ""r1_bearing_left"", ""step_attempt"": 2, ""step_elapsed_s"": 12.630734618054703, ""step_event_index"": 21, ""total_hand_translation_m"": null, ""trial_finished_elapsed_s"": null, ""trial_recording"": true, ""trial_required_tool_ids"": [18]}"
2026-09-03T21:28:13.536-04:00,junhyun,gesture,tts_started,lifecycle,r1_bearing_left,Row 1.3: bearing into left stand,ready,2,22,,,,12.807173,,,,,,,,,,,,,,,,Row 2 right stand,,,,,"{""acquired_tool_ids"": [], ""acquisition_complete"": false, ""completed_steps"": [""r1_bearing_right""], ""head_rotation_deg"": null, ""head_translation_m"": null, ""left_hand_translation_m"": null, ""removed_tool_ids"": [19], ""right_hand_translation_m"": null, ""selected_step"": ""r1_bearing_left"", ""step_attempt"": 2, ""step_elapsed_s"": 12.807185949059203, ""step_event_index"": 22, ""total_hand_translation_m"": null, ""trial_finished_elapsed_s"": null, ""trial_recording"": true, ""trial_required_tool_ids"": [18]}"
2026-09-03T21:28:13.832-04:00,junhyun,gesture,tts_finished,lifecycle,r1_bearing_left,Row 1.3: bearing into left stand,ready,2,23,,,,13.102726,,,,,,,,,,,,,,,,Row 2 right stand,,,,,"{""acquired_tool_ids"": [], ""acquisition_complete"": false, ""completed_steps"": [""r1_bearing_right""], ""head_rotation_deg"": null, ""head_translation_m"": null, ""left_hand_translation_m"": null, ""removed_tool_ids"": [19], ""right_hand_translation_m"": null, ""selected_step"": ""r1_bearing_left"", ""step_attempt"": 2, ""step_elapsed_s"": 13.102745761047117, ""step_event_index"": 23, ""total_hand_translation_m"": null, ""trial_finished_elapsed_s"": null, ""trial_recording"": true, ""trial_required_tool_ids"": [18]}"
2026-09-03T21:28:14.041-04:00,junhyun,gesture,tts_started,lifecycle,r1_bearing_left,Row 1.3: bearing into left stand,ready,2,24,,,,13.311793,,,,,,,,,,,,,,,,Row 1 left stand,,,,,"{""acquired_tool_ids"": [], ""acquisition_complete"": false, ""completed_steps"": [""r1_bearing_right""], ""head_rotation_deg"": null, ""head_translation_m"": null, ""left_hand_translation_m"": null, ""removed_tool_ids"": [19], ""right_hand_translation_m"": null, ""selected_step"": ""r1_bearing_left"", ""step_attempt"": 2, ""step_elapsed_s"": 13.31180592707824, ""step_event_index"": 24, ""total_hand_translation_m"": null, ""trial_finished_elapsed_s"": null, ""trial_recording"": true, ""trial_required_tool_ids"": [18]}"
2026-09-03T21:28:14.686-04:00,junhyun,gesture,tts_finished,lifecycle,r1_bearing_left,Row 1.3: bearing into left stand,ready,2,25,,,,13.957292,,,,,,,,,,,,,,,,Row 1 left stand,,,,,"{""acquired_tool_ids"": [], ""acquisition_complete"": false, ""completed_steps"": [""r1_bearing_right""], ""head_rotation_deg"": null, ""head_translation_m"": null, ""left_hand_translation_m"": null, ""removed_tool_ids"": [19], ""right_hand_translation_m"": null, ""selected_step"": ""r1_bearing_left"", ""step_attempt"": 2, ""step_elapsed_s"": 13.957305227057077, ""step_event_index"": 25, ""total_hand_translation_m"": null, ""trial_finished_elapsed_s"": null, ""trial_recording"": true, ""trial_required_tool_ids"": [18]}"
2026-09-03T21:28:18.248-04:00,junhyun,gesture,hover,hover,r1_bearing_left,Row 1.3: bearing into left stand,ready,2,26,21,GEAR_STAND_ROW2_RIGHT,,,,,,,,,,,,,,,,,,,,,,,"{""acquired_tool_ids"": [], ""acquisition_complete"": false, ""completed_steps"": [""r1_bearing_right""], ""head_rotation_deg"": null, ""head_translation_m"": null, ""left_hand_translation_m"": null, ""removed_tool_ids"": [19], ""right_hand_translation_m"": null, ""selected_step"": ""r1_bearing_left"", ""step_attempt"": 2, ""step_elapsed_s"": 17.5193272260949, ""step_event_index"": 26, ""total_hand_translation_m"": null, ""trial_finished_elapsed_s"": null, ""trial_recording"": true, ""trial_required_tool_ids"": [18]}"
2026-09-03T21:28:18.354-04:00,junhyun,gesture,tts_queued,lifecycle,r1_bearing_left,Row 1.3: bearing into left stand,ready,2,27,,,,17.625482,,,,,,,,,,,,,,,,Row 2 right stand,,,replace_hover,,"{""acquired_tool_ids"": [], ""acquisition_complete"": false, ""completed_steps"": [""r1_bearing_right""], ""head_rotation_deg"": null, ""head_translation_m"": null, ""left_hand_translation_m"": null, ""removed_tool_ids"": [19], ""right_hand_translation_m"": null, ""selected_step"": ""r1_bearing_left"", ""step_attempt"": 2, ""step_elapsed_s"": 17.625503670074977, ""step_event_index"": 27, ""total_hand_translation_m"": null, ""trial_finished_elapsed_s"": null, ""trial_recording"": true, ""trial_required_tool_ids"": [18]}"
2026-09-03T21:28:18.481-04:00,junhyun,gesture,tts_started,lifecycle,r1_bearing_left,Row 1.3: bearing into left stand,ready,2,28,,,,17.751821,,,,,,,,,,,,,,,,Row 2 right stand,,,,,"{""acquired_tool_ids"": [], ""acquisition_complete"": false, ""completed_steps"": [""r1_bearing_right""], ""head_rotation_deg"": null, ""head_translation_m"": null, ""left_hand_translation_m"": null, ""removed_tool_ids"": [19], ""right_hand_translation_m"": null, ""selected_step"": ""r1_bearing_left"", ""step_attempt"": 2, ""step_elapsed_s"": 17.751832570997067, ""step_event_index"": 28, ""total_hand_translation_m"": null, ""trial_finished_elapsed_s"": null, ""trial_recording"": true, ""trial_required_tool_ids"": [18]}"
2026-09-03T21:28:18.987-04:00,junhyun,gesture,hover,hover,r1_bearing_left,Row 1.3: bearing into left stand,ready,2,29,18,GEAR_STAND_ROW1_LEFT,,,,,,,,,,,,,,,,,,,,,,,"{""acquired_tool_ids"": [], ""acquisition_complete"": false, ""completed_steps"": [""r1_bearing_right""], ""head_rotation_deg"": null, ""head_translation_m"": null, ""left_hand_translation_m"": null, ""removed_tool_ids"": [19], ""right_hand_translation_m"": null, ""selected_step"": ""r1_bearing_left"", ""step_attempt"": 2, ""step_elapsed_s"": 18.25849042099435, ""step_event_index"": 29, ""total_hand_translation_m"": null, ""trial_finished_elapsed_s"": null, ""trial_recording"": true, ""trial_required_tool_ids"": [18]}"
2026-09-03T21:28:19.086-04:00,junhyun,gesture,tts_queued,lifecycle,r1_bearing_left,Row 1.3: bearing into left stand,ready,2,30,,,,18.357402,,,,,,,,,,,,,,,,Row 1 left stand,,,replace_hover,,"{""acquired_tool_ids"": [], ""acquisition_complete"": false, ""completed_steps"": [""r1_bearing_right""], ""head_rotation_deg"": null, ""head_translation_m"": null, ""left_hand_translation_m"": null, ""removed_tool_ids"": [19], ""right_hand_translation_m"": null, ""selected_step"": ""r1_bearing_left"", ""step_attempt"": 2, ""step_elapsed_s"": 18.357430536998436, ""step_event_index"": 30, ""total_hand_translation_m"": null, ""trial_finished_elapsed_s"": null, ""trial_recording"": true, ""trial_required_tool_ids"": [18]}"
2026-09-03T21:28:19.232-04:00,junhyun,gesture,tts_finished,lifecycle,r1_bearing_left,Row 1.3: bearing into left stand,ready,2,31,,,,18.502930,,,,,,,,,,,,,,,,Row 2 right stand,,,,,"{""acquired_tool_ids"": [], ""acquisition_complete"": false, ""completed_steps"": [""r1_bearing_right""], ""head_rotation_deg"": null, ""head_translation_m"": null, ""left_hand_translation_m"": null, ""removed_tool_ids"": [19], ""right_hand_translation_m"": null, ""selected_step"": ""r1_bearing_left"", ""step_attempt"": 2, ""step_elapsed_s"": 18.502942117047496, ""step_event_index"": 31, ""total_hand_translation_m"": null, ""trial_finished_elapsed_s"": null, ""trial_recording"": true, ""trial_required_tool_ids"": [18]}"
2026-09-03T21:28:19.313-04:00,junhyun,gesture,tts_started,lifecycle,r1_bearing_left,Row 1.3: bearing into left stand,ready,2,32,,,,18.583782,,,,,,,,,,,,,,,,Row 1 left stand,,,,,"{""acquired_tool_ids"": [], ""acquisition_complete"": false, ""completed_steps"": [""r1_bearing_right""], ""head_rotation_deg"": null, ""head_translation_m"": null, ""left_hand_translation_m"": null, ""removed_tool_ids"": [19], ""right_hand_translation_m"": null, ""selected_step"": ""r1_bearing_left"", ""step_attempt"": 2, ""step_elapsed_s"": 18.583799423999153, ""step_event_index"": 32, ""total_hand_translation_m"": null, ""trial_finished_elapsed_s"": null, ""trial_recording"": true, ""trial_required_tool_ids"": [18]}"
2026-09-03T21:28:20.721-04:00,junhyun,gesture,tts_finished,lifecycle,r1_bearing_left,Row 1.3: bearing into left stand,ready,2,33,,,,19.991649,,,,,,,,,,,,,,,,Row 1 left stand,,,,,"{""acquired_tool_ids"": [], ""acquisition_complete"": false, ""completed_steps"": [""r1_bearing_right""], ""head_rotation_deg"": null, ""head_translation_m"": null, ""left_hand_translation_m"": null, ""removed_tool_ids"": [19], ""right_hand_translation_m"": null, ""selected_step"": ""r1_bearing_left"", ""step_attempt"": 2, ""step_elapsed_s"": 19.991672034026124, ""step_event_index"": 33, ""total_hand_translation_m"": null, ""trial_finished_elapsed_s"": null, ""trial_recording"": true, ""trial_required_tool_ids"": [18]}"
2026-09-03T21:28:22.506-04:00,junhyun,gesture,hover,hover,r1_bearing_left,Row 1.3: bearing into left stand,ready,2,34,21,GEAR_STAND_ROW2_RIGHT,,,,,,,,,,,,,,,,,,,,,,,"{""acquired_tool_ids"": [], ""acquisition_complete"": false, ""completed_steps"": [""r1_bearing_right""], ""head_rotation_deg"": null, ""head_translation_m"": null, ""left_hand_translation_m"": null, ""removed_tool_ids"": [19], ""right_hand_translation_m"": null, ""selected_step"": ""r1_bearing_left"", ""step_attempt"": 2, ""step_elapsed_s"": 21.777265224023722, ""step_event_index"": 34, ""total_hand_translation_m"": null, ""trial_finished_elapsed_s"": null, ""trial_recording"": true, ""trial_required_tool_ids"": [18]}"
2026-09-03T21:28:22.550-04:00,junhyun,gesture,tts_queued,lifecycle,r1_bearing_left,Row 1.3: bearing into left stand,ready,2,35,,,,21.820881,,,,,,,,,,,,,,,,Row 2 right stand,,,replace_hover,,"{""acquired_tool_ids"": [], ""acquisition_complete"": false, ""completed_steps"": [""r1_bearing_right""], ""head_rotation_deg"": null, ""head_translation_m"": null, ""left_hand_translation_m"": null, ""removed_tool_ids"": [19], ""right_hand_translation_m"": null, ""selected_step"": ""r1_bearing_left"", ""step_attempt"": 2, ""step_elapsed_s"": 21.820891669020057, ""step_event_index"": 35, ""total_hand_translation_m"": null, ""trial_finished_elapsed_s"": null, ""trial_recording"": true, ""trial_required_tool_ids"": [18]}"
2026-09-03T21:28:22.640-04:00,junhyun,gesture,hover,hover,r1_bearing_left,Row 1.3: bearing into left stand,ready,2,36,18,GEAR_STAND_ROW1_LEFT,,,,,,,,,,,,,,,,,,,,,,,"{""acquired_tool_ids"": [], ""acquisition_complete"": false, ""completed_steps"": [""r1_bearing_right""], ""head_rotation_deg"": null, ""head_translation_m"": null, ""left_hand_translation_m"": null, ""removed_tool_ids"": [19], ""right_hand_translation_m"": null, ""selected_step"": ""r1_bearing_left"", ""step_attempt"": 2, ""step_elapsed_s"": 21.911375477095135, ""step_event_index"": 36, ""total_hand_translation_m"": null, ""trial_finished_elapsed_s"": null, ""trial_recording"": true, ""trial_required_tool_ids"": [18]}"
2026-09-03T21:28:22.675-04:00,junhyun,gesture,tts_queued,lifecycle,r1_bearing_left,Row 1.3: bearing into left stand,ready,2,37,,,,21.945841,,,,,,,,,,,,,,,,Row 1 left stand,,,replace_hover,,"{""acquired_tool_ids"": [], ""acquisition_complete"": false, ""completed_steps"": [""r1_bearing_right""], ""head_rotation_deg"": null, ""head_translation_m"": null, ""left_hand_translation_m"": null, ""removed_tool_ids"": [19], ""right_hand_translation_m"": null, ""selected_step"": ""r1_bearing_left"", ""step_attempt"": 2, ""step_elapsed_s"": 21.945855507045053, ""step_event_index"": 37, ""total_hand_translation_m"": null, ""trial_finished_elapsed_s"": null, ""trial_recording"": true, ""trial_required_tool_ids"": [18]}"
2026-09-03T21:28:22.723-04:00,junhyun,gesture,tts_started,lifecycle,r1_bearing_left,Row 1.3: bearing into left stand,ready,2,38,,,,21.994345,,,,,,,,,,,,,,,,Row 2 right stand,,,,,"{""acquired_tool_ids"": [], ""acquisition_complete"": false, ""completed_steps"": [""r1_bearing_right""], ""head_rotation_deg"": null, ""head_translation_m"": null, ""left_hand_translation_m"": null, ""removed_tool_ids"": [19], ""right_hand_translation_m"": null, ""selected_step"": ""r1_bearing_left"", ""step_attempt"": 2, ""step_elapsed_s"": 21.99435540905688, ""step_event_index"": 38, ""total_hand_translation_m"": null, ""trial_finished_elapsed_s"": null, ""trial_recording"": true, ""trial_required_tool_ids"": [18]}"
2026-09-03T21:28:22.753-04:00,junhyun,gesture,tts_finished,lifecycle,r1_bearing_left,Row 1.3: bearing into left stand,ready,2,39,,,,22.024089,,,,,,,,,,,,,,,,Row 2 right stand,,,,,"{""acquired_tool_ids"": [], ""acquisition_complete"": false, ""completed_steps"": [""r1_bearing_right""], ""head_rotation_deg"": null, ""head_translation_m"": null, ""left_hand_translation_m"": null, ""removed_tool_ids"": [19], ""right_hand_translation_m"": null, ""selected_step"": ""r1_bearing_left"", ""step_attempt"": 2, ""step_elapsed_s"": 22.024104694020934, ""step_event_index"": 39, ""total_hand_translation_m"": null, ""trial_finished_elapsed_s"": null, ""trial_recording"": true, ""trial_required_tool_ids"": [18]}"
2026-09-03T21:28:22.777-04:00,junhyun,gesture,tts_started,lifecycle,r1_bearing_left,Row 1.3: bearing into left stand,ready,2,40,,,,22.047716,,,,,,,,,,,,,,,,Row 1 left stand,,,,,"{""acquired_tool_ids"": [], ""acquisition_complete"": false, ""completed_steps"": [""r1_bearing_right""], ""head_rotation_deg"": null, ""head_translation_m"": null, ""left_hand_translation_m"": null, ""removed_tool_ids"": [19], ""right_hand_translation_m"": null, ""selected_step"": ""r1_bearing_left"", ""step_attempt"": 2, ""step_elapsed_s"": 22.047726722084917, ""step_event_index"": 40, ""total_hand_translation_m"": null, ""trial_finished_elapsed_s"": null, ""trial_recording"": true, ""trial_required_tool_ids"": [18]}"
2026-09-03T21:28:24.356-04:00,junhyun,gesture,tts_finished,lifecycle,r1_bearing_left,Row 1.3: bearing into left stand,ready,2,41,,,,23.627608,,,,,,,,,,,,,,,,Row 1 left stand,,,,,"{""acquired_tool_ids"": [], ""acquisition_complete"": false, ""completed_steps"": [""r1_bearing_right""], ""head_rotation_deg"": null, ""head_translation_m"": null, ""left_hand_translation_m"": null, ""removed_tool_ids"": [19], ""right_hand_translation_m"": null, ""selected_step"": ""r1_bearing_left"", ""step_attempt"": 2, ""step_elapsed_s"": 23.627620184095576, ""step_event_index"": 41, ""total_hand_translation_m"": null, ""trial_finished_elapsed_s"": null, ""trial_recording"": true, ""trial_required_tool_ids"": [18]}"
2026-09-03T21:28:25.699-04:00,junhyun,gesture,hover,hover,r1_bearing_left,Row 1.3: bearing into left stand,ready,2,42,29,GEAR_ROW3_LEFT,,,,,,,,,,,,,,,,,,,,,,,"{""acquired_tool_ids"": [], ""acquisition_complete"": false, ""completed_steps"": [""r1_bearing_right""], ""head_rotation_deg"": null, ""head_translation_m"": null, ""left_hand_translation_m"": null, ""removed_tool_ids"": [19], ""right_hand_translation_m"": null, ""selected_step"": ""r1_bearing_left"", ""step_attempt"": 2, ""step_elapsed_s"": 24.969934244058095, ""step_event_index"": 42, ""total_hand_translation_m"": null, ""trial_finished_elapsed_s"": null, ""trial_recording"": true, ""trial_required_tool_ids"": [18]}"
2026-09-03T21:28:25.757-04:00,junhyun,gesture,tts_queued,lifecycle,r1_bearing_left,Row 1.3: bearing into left stand,ready,2,43,,,,25.028069,,,,,,,,,,,,,,,,Row 3 left gear,,,replace_hover,,"{""acquired_tool_ids"": [], ""acquisition_complete"": false, ""completed_steps"": [""r1_bearing_right""], ""head_rotation_deg"": null, ""head_translation_m"": null, ""left_hand_translation_m"": null, ""removed_tool_ids"": [19], ""right_hand_translation_m"": null, ""selected_step"": ""r1_bearing_left"", ""step_attempt"": 2, ""step_elapsed_s"": 25.02808194910176, ""step_event_index"": 43, ""total_hand_translation_m"": null, ""trial_finished_elapsed_s"": null, ""trial_recording"": true, ""trial_required_tool_ids"": [18]}"
2026-09-03T21:28:25.825-04:00,junhyun,gesture,tts_started,lifecycle,r1_bearing_left,Row 1.3: bearing into left stand,ready,2,44,,,,25.095651,,,,,,,,,,,,,,,,Row 3 left gear,,,,,"{""acquired_tool_ids"": [], ""acquisition_complete"": false, ""completed_steps"": [""r1_bearing_right""], ""head_rotation_deg"": null, ""head_translation_m"": null, ""left_hand_translation_m"": null, ""removed_tool_ids"": [19], ""right_hand_translation_m"": null, ""selected_step"": ""r1_bearing_left"", ""step_attempt"": 2, ""step_elapsed_s"": 25.095667137065902, ""step_event_index"": 44, ""total_hand_translation_m"": null, ""trial_finished_elapsed_s"": null, ""trial_recording"": true, ""trial_required_tool_ids"": [18]}"
2026-09-03T21:28:25.888-04:00,junhyun,gesture,hover,hover,r1_bearing_left,Row 1.3: bearing into left stand,ready,2,45,21,GEAR_STAND_ROW2_RIGHT,,,,,,,,,,,,,,,,,,,,,,,"{""acquired_tool_ids"": [], ""acquisition_complete"": false, ""completed_steps"": [""r1_bearing_right""], ""head_rotation_deg"": null, ""head_translation_m"": null, ""left_hand_translation_m"": null, ""removed_tool_ids"": [19], ""right_hand_translation_m"": null, ""selected_step"": ""r1_bearing_left"", ""step_attempt"": 2, ""step_elapsed_s"": 25.159313553012908, ""step_event_index"": 45, ""total_hand_translation_m"": null, ""trial_finished_elapsed_s"": null, ""trial_recording"": true, ""trial_required_tool_ids"": [18]}"
2026-09-03T21:28:25.930-04:00,junhyun,gesture,tts_queued,lifecycle,r1_bearing_left,Row 1.3: bearing into left stand,ready,2,46,,,,25.201290,,,,,,,,,,,,,,,,Row 2 right stand,,,replace_hover,,"{""acquired_tool_ids"": [], ""acquisition_complete"": false, ""completed_steps"": [""r1_bearing_right""], ""head_rotation_deg"": null, ""head_translation_m"": null, ""left_hand_translation_m"": null, ""removed_tool_ids"": [19], ""right_hand_translation_m"": null, ""selected_step"": ""r1_bearing_left"", ""step_attempt"": 2, ""step_elapsed_s"": 25.201302197994664, ""step_event_index"": 46, ""total_hand_translation_m"": null, ""trial_finished_elapsed_s"": null, ""trial_recording"": true, ""trial_required_tool_ids"": [18]}"
2026-09-03T21:28:25.997-04:00,junhyun,gesture,tts_finished,lifecycle,r1_bearing_left,Row 1.3: bearing into left stand,ready,2,47,,,,25.267737,,,,,,,,,,,,,,,,Row 3 left gear,,,,,"{""acquired_tool_ids"": [], ""acquisition_complete"": false, ""completed_steps"": [""r1_bearing_right""], ""head_rotation_deg"": null, ""head_translation_m"": null, ""left_hand_translation_m"": null, ""removed_tool_ids"": [19], ""right_hand_translation_m"": null, ""selected_step"": ""r1_bearing_left"", ""step_attempt"": 2, ""step_elapsed_s"": 25.2677476630779, ""step_event_index"": 47, ""total_hand_translation_m"": null, ""trial_finished_elapsed_s"": null, ""trial_recording"": true, ""trial_required_tool_ids"": [18]}"
2026-09-03T21:28:26.095-04:00,junhyun,gesture,tts_started,lifecycle,r1_bearing_left,Row 1.3: bearing into left stand,ready,2,48,,,,25.366352,,,,,,,,,,,,,,,,Row 2 right stand,,,,,"{""acquired_tool_ids"": [], ""acquisition_complete"": false, ""completed_steps"": [""r1_bearing_right""], ""head_rotation_deg"": null, ""head_translation_m"": null, ""left_hand_translation_m"": null, ""removed_tool_ids"": [19], ""right_hand_translation_m"": null, ""selected_step"": ""r1_bearing_left"", ""step_attempt"": 2, ""step_elapsed_s"": 25.3663722689962, ""step_event_index"": 48, ""total_hand_translation_m"": null, ""trial_finished_elapsed_s"": null, ""trial_recording"": true, ""trial_required_tool_ids"": [18]}"
2026-09-03T21:28:26.600-04:00,junhyun,gesture,hover,hover,r1_bearing_left,Row 1.3: bearing into left stand,ready,2,49,18,GEAR_STAND_ROW1_LEFT,,,,,,,,,,,,,,,,,,,,,,,"{""acquired_tool_ids"": [], ""acquisition_complete"": false, ""completed_steps"": [""r1_bearing_right""], ""head_rotation_deg"": null, ""head_translation_m"": null, ""left_hand_translation_m"": null, ""removed_tool_ids"": [19], ""right_hand_translation_m"": null, ""selected_step"": ""r1_bearing_left"", ""step_attempt"": 2, ""step_elapsed_s"": 25.87082758208271, ""step_event_index"": 49, ""total_hand_translation_m"": null, ""trial_finished_elapsed_s"": null, ""trial_recording"": true, ""trial_required_tool_ids"": [18]}"
2026-09-03T21:28:26.671-04:00,junhyun,gesture,tts_queued,lifecycle,r1_bearing_left,Row 1.3: bearing into left stand,ready,2,50,,,,25.941668,,,,,,,,,,,,,,,,Row 1 left stand,,,replace_hover,,"{""acquired_tool_ids"": [], ""acquisition_complete"": false, ""completed_steps"": [""r1_bearing_right""], ""head_rotation_deg"": null, ""head_translation_m"": null, ""left_hand_translation_m"": null, ""removed_tool_ids"": [19], ""right_hand_translation_m"": null, ""selected_step"": ""r1_bearing_left"", ""step_attempt"": 2, ""step_elapsed_s"": 25.9416812940035, ""step_event_index"": 50, ""total_hand_translation_m"": null, ""trial_finished_elapsed_s"": null, ""trial_recording"": true, ""trial_required_tool_ids"": [18]}"
2026-09-03T21:28:26.737-04:00,junhyun,gesture,tts_finished,lifecycle,r1_bearing_left,Row 1.3: bearing into left stand,ready,2,51,,,,26.008109,,,,,,,,,,,,,,,,Row 2 right stand,,,,,"{""acquired_tool_ids"": [], ""acquisition_complete"": false, ""completed_steps"": [""r1_bearing_right""], ""head_rotation_deg"": null, ""head_translation_m"": null, ""left_hand_translation_m"": null, ""removed_tool_ids"": [19], ""right_hand_translation_m"": null, ""selected_step"": ""r1_bearing_left"", ""step_attempt"": 2, ""step_elapsed_s"": 26.008121964056045, ""step_event_index"": 51, ""total_hand_translation_m"": null, ""trial_finished_elapsed_s"": null, ""trial_recording"": true, ""trial_required_tool_ids"": [18]}"
2026-09-03T21:28:26.793-04:00,junhyun,gesture,tts_started,lifecycle,r1_bearing_left,Row 1.3: bearing into left stand,ready,2,52,,,,26.064004,,,,,,,,,,,,,,,,Row 1 left stand,,,,,"{""acquired_tool_ids"": [], ""acquisition_complete"": false, ""completed_steps"": [""r1_bearing_right""], ""head_rotation_deg"": null, ""head_translation_m"": null, ""left_hand_translation_m"": null, ""removed_tool_ids"": [19], ""right_hand_translation_m"": null, ""selected_step"": ""r1_bearing_left"", ""step_attempt"": 2, ""step_elapsed_s"": 26.06402077700477, ""step_event_index"": 52, ""total_hand_translation_m"": null, ""trial_finished_elapsed_s"": null, ""trial_recording"": true, ""trial_required_tool_ids"": [18]}"
2026-09-03T21:28:28.096-04:00,junhyun,gesture,part_selection,click,r1_bearing_left,Row 1.3: bearing into left stand,ready,2,53,18,GEAR_STAND_ROW1_LEFT,27.367240,27.367240,,,,,,,,,,,,,,,1,,,,,,"{""acquired_tool_ids"": [18], ""acquisition_complete"": false, ""completed_steps"": [""r1_bearing_right""], ""head_rotation_deg"": null, ""head_translation_m"": null, ""left_hand_translation_m"": null, ""removed_tool_ids"": [19], ""right_hand_translation_m"": null, ""selected_step"": ""r1_bearing_left"", ""step_attempt"": 2, ""step_elapsed_s"": 27.367282274062745, ""step_event_index"": 53, ""total_hand_translation_m"": null, ""trial_finished_elapsed_s"": null, ""trial_recording"": true, ""trial_required_tool_ids"": [18]}"
2026-09-03T21:28:28.129-04:00,junhyun,gesture,object_acquired,click,r1_bearing_left,Row 1.3: bearing into left stand,ready,2,54,18,GEAR_STAND_ROW1_LEFT,27.367240,27.367240,,,,,,,,,,,,,,,1,,,,,,"{""acquired_tool_ids"": [18], ""acquisition_complete"": false, ""completed_steps"": [""r1_bearing_right""], ""head_rotation_deg"": null, ""head_translation_m"": null, ""left_hand_translation_m"": null, ""removed_tool_ids"": [19], ""right_hand_translation_m"": null, ""selected_step"": ""r1_bearing_left"", ""step_attempt"": 2, ""step_elapsed_s"": 27.40037356002722, ""step_event_index"": 54, ""total_hand_translation_m"": null, ""trial_finished_elapsed_s"": null, ""trial_recording"": true, ""trial_required_tool_ids"": [18]}"
2026-09-03T21:28:28.169-04:00,junhyun,gesture,step_acquisition_complete,click,r1_bearing_left,Row 1.3: bearing into left stand,ready,2,55,,,,27.436121,1.747847,278.029210,0.357912,3.498481,3.856393,0.000000,12.079047,12.079047,44.210314,0,13,0.000000,0.639539,0.639539,,,,,,,"{""acquired_tool_ids"": [18], ""acquisition_complete"": true, ""any_hover_time_s"": 12.079047230654396, ""completed_steps"": [""r1_bearing_right""], ""head_rotation_deg"": 278.02920952593854, ""head_translation_m"": 1.7478471317676187, ""hover_time_percent"": 44.21031375554385, ""left_hand_translation_m"": 0.3579119630430765, ""left_hover_episodes"": 0, ""left_hover_time_s"": 0.0, ""left_hover_translation_m"": 0.0, ""removed_tool_ids"": [18, 19], ""right_hand_translation_m"": 3.4984809754863075, ""right_hover_episodes"": 13, ""right_hover_time_s"": 12.079047230654396, ""right_hover_translation_m"": 0.6395385679195377, ""selected_step"": ""r1_bearing_left"", ""step_attempt"": 2, ""step_elapsed_s"": 27.436120678088628, ""step_event_index"": 55, ""total_hand_translation_m"": 3.856392938529384, ""total_hover_translation_m"": 0.6395385679195377, ""trial_finished_elapsed_s"": 27.436120678088628, ""trial_recording"": false, ""trial_required_tool_ids"": [18]}"
2026-09-03T21:28:28.197-04:00,junhyun,gesture,graph_complete,,r1_bearing_left,Row 1.3: bearing into left stand,complete,2,56,,,,,,,,,,,,,,,,,,,,,,,,,"{""acquired_tool_ids"": [18], ""acquisition_complete"": true, ""any_hover_time_s"": 12.079047230654396, ""completed_steps"": [""r1_bearing_right"", ""r1_bearing_left""], ""head_rotation_deg"": 278.02920952593854, ""head_translation_m"": 1.7478471317676187, ""hover_time_percent"": 44.21031375554385, ""left_hand_translation_m"": 0.3579119630430765, ""left_hover_episodes"": 0, ""left_hover_time_s"": 0.0, ""left_hover_translation_m"": 0.0, ""removed_tool_ids"": [18, 19], ""right_hand_translation_m"": 3.4984809754863075, ""right_hover_episodes"": 13, ""right_hover_time_s"": 12.079047230654396, ""right_hover_translation_m"": 0.6395385679195377, ""selected_step"": ""r1_bearing_left"", ""step_attempt"": 2, ""step_elapsed_s"": 27.436120678088628, ""step_event_index"": 56, ""total_hand_translation_m"": 3.856392938529384, ""total_hover_translation_m"": 0.6395385679195377, ""trial_finished_elapsed_s"": 27.436120678088628, ""trial_recording"": false, ""trial_required_tool_ids"": [18]}"
2026-09-03T21:28:52.419-04:00,junhyun,gesture,step_started,keyboard,r2_gear_rod,Row 2.2: assemble gear rod,ready,3,1,,,,,,,,,,,,,,,,,,,,,,,,,"{""acquired_tool_ids"": [], ""acquisition_complete"": false, ""completed_steps"": [""r1_bearing_right"", ""r1_bearing_left""], ""head_rotation_deg"": null, ""head_translation_m"": null, ""left_hand_translation_m"": null, ""removed_tool_ids"": [18, 19], ""right_hand_translation_m"": null, ""selected_step"": ""r2_gear_rod"", ""step_attempt"": 3, ""step_elapsed_s"": 7.47219892218709e-05, ""step_event_index"": 1, ""total_hand_translation_m"": null, ""trial_finished_elapsed_s"": null, ""trial_recording"": true, ""trial_required_tool_ids"": [15, 27, 28, 33]}"
2026-09-03T21:28:57.064-04:00,junhyun,gesture,hover,hover,r2_gear_rod,Row 2.2: assemble gear rod,ready,3,2,34,BEARINGS,,,,,,,,,,,,,,,,,,,,,,,"{""acquired_tool_ids"": [], ""acquisition_complete"": false, ""completed_steps"": [""r1_bearing_right"", ""r1_bearing_left""], ""head_rotation_deg"": null, ""head_translation_m"": null, ""left_hand_translation_m"": null, ""removed_tool_ids"": [18, 19], ""right_hand_translation_m"": null, ""selected_step"": ""r2_gear_rod"", ""step_attempt"": 3, ""step_elapsed_s"": 4.6448879489907995, ""step_event_index"": 2, ""total_hand_translation_m"": null, ""trial_finished_elapsed_s"": null, ""trial_recording"": true, ""trial_required_tool_ids"": [15, 27, 28, 33]}"
2026-09-03T21:28:57.097-04:00,junhyun,gesture,tts_queued,lifecycle,r2_gear_rod,Row 2.2: assemble gear rod,ready,3,3,,,,4.677705,,,,,,,,,,,,,,,,bearing,,,replace_hover,,"{""acquired_tool_ids"": [], ""acquisition_complete"": false, ""completed_steps"": [""r1_bearing_right"", ""r1_bearing_left""], ""head_rotation_deg"": null, ""head_translation_m"": null, ""left_hand_translation_m"": null, ""removed_tool_ids"": [18, 19], ""right_hand_translation_m"": null, ""selected_step"": ""r2_gear_rod"", ""step_attempt"": 3, ""step_elapsed_s"": 4.677720436011441, ""step_event_index"": 3, ""total_hand_translation_m"": null, ""trial_finished_elapsed_s"": null, ""trial_recording"": true, ""trial_required_tool_ids"": [15, 27, 28, 33]}"
2026-09-03T21:28:57.149-04:00,junhyun,gesture,tts_started,lifecycle,r2_gear_rod,Row 2.2: assemble gear rod,ready,3,4,,,,4.730217,,,,,,,,,,,,,,,,bearing,,,,,"{""acquired_tool_ids"": [], ""acquisition_complete"": false, ""completed_steps"": [""r1_bearing_right"", ""r1_bearing_left""], ""head_rotation_deg"": null, ""head_translation_m"": null, ""left_hand_translation_m"": null, ""removed_tool_ids"": [18, 19], ""right_hand_translation_m"": null, ""selected_step"": ""r2_gear_rod"", ""step_attempt"": 3, ""step_elapsed_s"": 4.730227845953777, ""step_event_index"": 4, ""total_hand_translation_m"": null, ""trial_finished_elapsed_s"": null, ""trial_recording"": true, ""trial_required_tool_ids"": [15, 27, 28, 33]}"
2026-09-03T21:28:57.182-04:00,junhyun,gesture,hover,hover,r2_gear_rod,Row 2.2: assemble gear rod,ready,3,5,30,GEAR_ROW3_RIGHT,,,,,,,,,,,,,,,,,,,,,,,"{""acquired_tool_ids"": [], ""acquisition_complete"": false, ""completed_steps"": [""r1_bearing_right"", ""r1_bearing_left""], ""head_rotation_deg"": null, ""head_translation_m"": null, ""left_hand_translation_m"": null, ""removed_tool_ids"": [18, 19], ""right_hand_translation_m"": null, ""selected_step"": ""r2_gear_rod"", ""step_attempt"": 3, ""step_elapsed_s"": 4.762824459001422, ""step_event_index"": 5, ""total_hand_translation_m"": null, ""trial_finished_elapsed_s"": null, ""trial_recording"": true, ""trial_required_tool_ids"": [15, 27, 28, 33]}"
2026-09-03T21:28:57.214-04:00,junhyun,gesture,tts_queued,lifecycle,r2_gear_rod,Row 2.2: assemble gear rod,ready,3,6,,,,4.794466,,,,,,,,,,,,,,,,Row 3 right gear,,,replace_hover,,"{""acquired_tool_ids"": [], ""acquisition_complete"": false, ""completed_steps"": [""r1_bearing_right"", ""r1_bearing_left""], ""head_rotation_deg"": null, ""head_translation_m"": null, ""left_hand_translation_m"": null, ""removed_tool_ids"": [18, 19], ""right_hand_translation_m"": null, ""selected_step"": ""r2_gear_rod"", ""step_attempt"": 3, ""step_elapsed_s"": 4.794480214943178, ""step_event_index"": 6, ""total_hand_translation_m"": null, ""trial_finished_elapsed_s"": null, ""trial_recording"": true, ""trial_required_tool_ids"": [15, 27, 28, 33]}"
2026-09-03T21:28:57.286-04:00,junhyun,gesture,tts_finished,lifecycle,r2_gear_rod,Row 2.2: assemble gear rod,ready,3,7,,,,4.867203,,,,,,,,,,,,,,,,bearing,,,,,"{""acquired_tool_ids"": [], ""acquisition_complete"": false, ""completed_steps"": [""r1_bearing_right"", ""r1_bearing_left""], ""head_rotation_deg"": null, ""head_translation_m"": null, ""left_hand_translation_m"": null, ""removed_tool_ids"": [18, 19], ""right_hand_translation_m"": null, ""selected_step"": ""r2_gear_rod"", ""step_attempt"": 3, ""step_elapsed_s"": 4.867213955963962, ""step_event_index"": 7, ""total_hand_translation_m"": null, ""trial_finished_elapsed_s"": null, ""trial_recording"": true, ""trial_required_tool_ids"": [15, 27, 28, 33]}"
2026-09-03T21:28:57.323-04:00,junhyun,gesture,tts_started,lifecycle,r2_gear_rod,Row 2.2: assemble gear rod,ready,3,8,,,,4.904181,,,,,,,,,,,,,,,,Row 3 right gear,,,,,"{""acquired_tool_ids"": [], ""acquisition_complete"": false, ""completed_steps"": [""r1_bearing_right"", ""r1_bearing_left""], ""head_rotation_deg"": null, ""head_translation_m"": null, ""left_hand_translation_m"": null, ""removed_tool_ids"": [18, 19], ""right_hand_translation_m"": null, ""selected_step"": ""r2_gear_rod"", ""step_attempt"": 3, ""step_elapsed_s"": 4.904195872019045, ""step_event_index"": 8, ""total_hand_translation_m"": null, ""trial_finished_elapsed_s"": null, ""trial_recording"": true, ""trial_required_tool_ids"": [15, 27, 28, 33]}"
2026-09-03T21:28:58.162-04:00,junhyun,gesture,hover,hover,r2_gear_rod,Row 2.2: assemble gear rod,ready,3,9,23,GEAR_STAND_ROW3_RIGHT,,,,,,,,,,,,,,,,,,,,,,,"{""acquired_tool_ids"": [], ""acquisition_complete"": false, ""completed_steps"": [""r1_bearing_right"", ""r1_bearing_left""], ""head_rotation_deg"": null, ""head_translation_m"": null, ""left_hand_translation_m"": null, ""removed_tool_ids"": [18, 19], ""right_hand_translation_m"": null, ""selected_step"": ""r2_gear_rod"", ""step_attempt"": 3, ""step_elapsed_s"": 5.743266136967577, ""step_event_index"": 9, ""total_hand_translation_m"": null, ""trial_finished_elapsed_s"": null, ""trial_recording"": true, ""trial_required_tool_ids"": [15, 27, 28, 33]}"
2026-09-03T21:28:58.208-04:00,junhyun,gesture,tts_queued,lifecycle,r2_gear_rod,Row 2.2: assemble gear rod,ready,3,10,,,,5.788700,,,,,,,,,,,,,,,,Row 3 right stand,,,replace_hover,,"{""acquired_tool_ids"": [], ""acquisition_complete"": false, ""completed_steps"": [""r1_bearing_right"", ""r1_bearing_left""], ""head_rotation_deg"": null, ""head_translation_m"": null, ""left_hand_translation_m"": null, ""removed_tool_ids"": [18, 19], ""right_hand_translation_m"": null, ""selected_step"": ""r2_gear_rod"", ""step_attempt"": 3, ""step_elapsed_s"": 5.788722109980881, ""step_event_index"": 10, ""total_hand_translation_m"": null, ""trial_finished_elapsed_s"": null, ""trial_recording"": true, ""trial_required_tool_ids"": [15, 27, 28, 33]}"
2026-09-03T21:28:58.266-04:00,junhyun,gesture,hover,hover,r2_gear_rod,Row 2.2: assemble gear rod,ready,3,11,21,GEAR_STAND_ROW2_RIGHT,,,,,,,,,,,,,,,,,,,,,,,"{""acquired_tool_ids"": [], ""acquisition_complete"": false, ""completed_steps"": [""r1_bearing_right"", ""r1_bearing_left""], ""head_rotation_deg"": null, ""head_translation_m"": null, ""left_hand_translation_m"": null, ""removed_tool_ids"": [18, 19], ""right_hand_translation_m"": null, ""selected_step"": ""r2_gear_rod"", ""step_attempt"": 3, ""step_elapsed_s"": 5.846514235949144, ""step_event_index"": 11, ""total_hand_translation_m"": null, ""trial_finished_elapsed_s"": null, ""trial_recording"": true, ""trial_required_tool_ids"": [15, 27, 28, 33]}"
2026-09-03T21:28:58.293-04:00,junhyun,gesture,tts_queued,lifecycle,r2_gear_rod,Row 2.2: assemble gear rod,ready,3,12,,,,5.873731,,,,,,,,,,,,,,,,Row 2 right stand,,,replace_hover,,"{""acquired_tool_ids"": [], ""acquisition_complete"": false, ""completed_steps"": [""r1_bearing_right"", ""r1_bearing_left""], ""head_rotation_deg"": null, ""head_translation_m"": null, ""left_hand_translation_m"": null, ""removed_tool_ids"": [18, 19], ""right_hand_translation_m"": null, ""selected_step"": ""r2_gear_rod"", ""step_attempt"": 3, ""step_elapsed_s"": 5.873743197997101, ""step_event_index"": 12, ""total_hand_translation_m"": null, ""trial_finished_elapsed_s"": null, ""trial_recording"": true, ""trial_required_tool_ids"": [15, 27, 28, 33]}"
2026-09-03T21:28:58.342-04:00,junhyun,gesture,tts_finished,lifecycle,r2_gear_rod,Row 2.2: assemble gear rod,ready,3,13,,,,5.923170,,,,,,,,,,,,,,,,Row 3 right gear,,,,,"{""acquired_tool_ids"": [], ""acquisition_complete"": false, ""completed_steps"": [""r1_bearing_right"", ""r1_bearing_left""], ""head_rotation_deg"": null, ""head_translation_m"": null, ""left_hand_translation_m"": null, ""removed_tool_ids"": [18, 19], ""right_hand_translation_m"": null, ""selected_step"": ""r2_gear_rod"", ""step_attempt"": 3, ""step_elapsed_s"": 5.923182997037657, ""step_event_index"": 13, ""total_hand_translation_m"": null, ""trial_finished_elapsed_s"": null, ""trial_recording"": true, ""trial_required_tool_ids"": [15, 27, 28, 33]}"
2026-09-03T21:28:58.372-04:00,junhyun,gesture,tts_started,lifecycle,r2_gear_rod,Row 2.2: assemble gear rod,ready,3,14,,,,5.952634,,,,,,,,,,,,,,,,Row 3 right stand,,,,,"{""acquired_tool_ids"": [], ""acquisition_complete"": false, ""completed_steps"": [""r1_bearing_right"", ""r1_bearing_left""], ""head_rotation_deg"": null, ""head_translation_m"": null, ""left_hand_translation_m"": null, ""removed_tool_ids"": [18, 19], ""right_hand_translation_m"": null, ""selected_step"": ""r2_gear_rod"", ""step_attempt"": 3, ""step_elapsed_s"": 5.9526443489594385, ""step_event_index"": 14, ""total_hand_translation_m"": null, ""trial_finished_elapsed_s"": null, ""trial_recording"": true, ""trial_required_tool_ids"": [15, 27, 28, 33]}"
2026-09-03T21:28:58.393-04:00,junhyun,gesture,tts_finished,lifecycle,r2_gear_rod,Row 2.2: assemble gear rod,ready,3,15,,,,5.973862,,,,,,,,,,,,,,,,Row 3 right stand,,,,,"{""acquired_tool_ids"": [], ""acquisition_complete"": false, ""completed_steps"": [""r1_bearing_right"", ""r1_bearing_left""], ""head_rotation_deg"": null, ""head_translation_m"": null, ""left_hand_translation_m"": null, ""removed_tool_ids"": [18, 19], ""right_hand_translation_m"": null, ""selected_step"": ""r2_gear_rod"", ""step_attempt"": 3, ""step_elapsed_s"": 5.973868128960021, ""step_event_index"": 15, ""total_hand_translation_m"": null, ""trial_finished_elapsed_s"": null, ""trial_recording"": true, ""trial_required_tool_ids"": [15, 27, 28, 33]}"
2026-09-03T21:28:58.421-04:00,junhyun,gesture,tts_started,lifecycle,r2_gear_rod,Row 2.2: assemble gear rod,ready,3,16,,,,6.001965,,,,,,,,,,,,,,,,Row 2 right stand,,,,,"{""acquired_tool_ids"": [], ""acquisition_complete"": false, ""completed_steps"": [""r1_bearing_right"", ""r1_bearing_left""], ""head_rotation_deg"": null, ""head_translation_m"": null, ""left_hand_translation_m"": null, ""removed_tool_ids"": [18, 19], ""right_hand_translation_m"": null, ""selected_step"": ""r2_gear_rod"", ""step_attempt"": 3, ""step_elapsed_s"": 6.001974690938368, ""step_event_index"": 16, ""total_hand_translation_m"": null, ""trial_finished_elapsed_s"": null, ""trial_recording"": true, ""trial_required_tool_ids"": [15, 27, 28, 33]}"
2026-09-03T21:28:59.361-04:00,junhyun,gesture,hover,hover,r2_gear_rod,Row 2.2: assemble gear rod,ready,3,17,17,GEAR_ROD_ROW4,,,,,,,,,,,,,,,,,,,,,,,"{""acquired_tool_ids"": [], ""acquisition_complete"": false, ""completed_steps"": [""r1_bearing_right"", ""r1_bearing_left""], ""head_rotation_deg"": null, ""head_translation_m"": null, ""left_hand_translation_m"": null, ""removed_tool_ids"": [18, 19], ""right_hand_translation_m"": null, ""selected_step"": ""r2_gear_rod"", ""step_attempt"": 3, ""step_elapsed_s"": 6.942005423014052, ""step_event_index"": 17, ""total_hand_translation_m"": null, ""trial_finished_elapsed_s"": null, ""trial_recording"": true, ""trial_required_tool_ids"": [15, 27, 28, 33]}"
2026-09-03T21:28:59.419-04:00,junhyun,gesture,tts_queued,lifecycle,r2_gear_rod,Row 2.2: assemble gear rod,ready,3,18,,,,7.000138,,,,,,,,,,,,,,,,Row 4 gear rod,,,replace_hover,,"{""acquired_tool_ids"": [], ""acquisition_complete"": false, ""completed_steps"": [""r1_bearing_right"", ""r1_bearing_left""], ""head_rotation_deg"": null, ""head_translation_m"": null, ""left_hand_translation_m"": null, ""removed_tool_ids"": [18, 19], ""right_hand_translation_m"": null, ""selected_step"": ""r2_gear_rod"", ""step_attempt"": 3, ""step_elapsed_s"": 7.000150672043674, ""step_event_index"": 18, ""total_hand_translation_m"": null, ""trial_finished_elapsed_s"": null, ""trial_recording"": true, ""trial_required_tool_ids"": [15, 27, 28, 33]}"
2026-09-03T21:28:59.650-04:00,junhyun,gesture,hover,hover,r2_gear_rod,Row 2.2: assemble gear rod,ready,3,19,16,GEAR_ROD_ROW3,,,,,,,,,,,,,,,,,,,,,,,"{""acquired_tool_ids"": [], ""acquisition_complete"": false, ""completed_steps"": [""r1_bearing_right"", ""r1_bearing_left""], ""head_rotation_deg"": null, ""head_translation_m"": null, ""left_hand_translation_m"": null, ""removed_tool_ids"": [18, 19], ""right_hand_translation_m"": null, ""selected_step"": ""r2_gear_rod"", ""step_attempt"": 3, ""step_elapsed_s"": 7.230349777964875, ""step_event_index"": 19, ""total_hand_translation_m"": null, ""trial_finished_elapsed_s"": null, ""trial_recording"": true, ""trial_required_tool_ids"": [15, 27, 28, 33]}"
2026-09-03T21:28:59.744-04:00,junhyun,gesture,tts_queued,lifecycle,r2_gear_rod,Row 2.2: assemble gear rod,ready,3,20,,,,7.324807,,,,,,,,,,,,,,,,Row 3 gear rod,,,replace_hover,,"{""acquired_tool_ids"": [], ""acquisition_complete"": false, ""completed_steps"": [""r1_bearing_right"", ""r1_bearing_left""], ""head_rotation_deg"": null, ""head_translation_m"": null, ""left_hand_translation_m"": null, ""removed_tool_ids"": [18, 19], ""right_hand_translation_m"": null, ""selected_step"": ""r2_gear_rod"", ""step_attempt"": 3, ""step_elapsed_s"": 7.324820774956606, ""step_event_index"": 20, ""total_hand_translation_m"": null, ""trial_finished_elapsed_s"": null, ""trial_recording"": true, ""trial_required_tool_ids"": [15, 27, 28, 33]}"
2026-09-03T21:28:59.900-04:00,junhyun,gesture,hover,hover,r2_gear_rod,Row 2.2: assemble gear rod,ready,3,21,15,GEAR_ROD_ROW2,,,,,,,,,,,,,,,,,,,,,,,"{""acquired_tool_ids"": [], ""acquisition_complete"": false, ""completed_steps"": [""r1_bearing_right"", ""r1_bearing_left""], ""head_rotation_deg"": null, ""head_translation_m"": null, ""left_hand_translation_m"": null, ""removed_tool_ids"": [18, 19], ""right_hand_translation_m"": null, ""selected_step"": ""r2_gear_rod"", ""step_attempt"": 3, ""step_elapsed_s"": 7.480393616948277, ""step_event_index"": 21, ""total_hand_translation_m"": null, ""trial_finished_elapsed_s"": null, ""trial_recording"": true, ""trial_required_tool_ids"": [15, 27, 28, 33]}"
2026-09-03T21:28:59.921-04:00,junhyun,gesture,tts_queued,lifecycle,r2_gear_rod,Row 2.2: assemble gear rod,ready,3,22,,,,7.501895,,,,,,,,,,,,,,,,Row 2 gear rod,,,replace_hover,,"{""acquired_tool_ids"": [], ""acquisition_complete"": false, ""completed_steps"": [""r1_bearing_right"", ""r1_bearing_left""], ""head_rotation_deg"": null, ""head_translation_m"": null, ""left_hand_translation_m"": null, ""removed_tool_ids"": [18, 19], ""right_hand_translation_m"": null, ""selected_step"": ""r2_gear_rod"", ""step_attempt"": 3, ""step_elapsed_s"": 7.501909686950967, ""step_event_index"": 22, ""total_hand_translation_m"": null, ""trial_finished_elapsed_s"": null, ""trial_recording"": true, ""trial_required_tool_ids"": [15, 27, 28, 33]}"
2026-09-03T21:29:00.041-04:00,junhyun,gesture,hover,hover,r2_gear_rod,Row 2.2: assemble gear rod,ready,3,23,14,GEAR_ROD_ROW1,,,,,,,,,,,,,,,,,,,,,,,"{""acquired_tool_ids"": [], ""acquisition_complete"": false, ""completed_steps"": [""r1_bearing_right"", ""r1_bearing_left""], ""head_rotation_deg"": null, ""head_translation_m"": null, ""left_hand_translation_m"": null, ""removed_tool_ids"": [18, 19], ""right_hand_translation_m"": null, ""selected_step"": ""r2_gear_rod"", ""step_attempt"": 3, ""step_elapsed_s"": 7.6217491700081155, ""step_event_index"": 23, ""total_hand_translation_m"": null, ""trial_finished_elapsed_s"": null, ""trial_recording"": true, ""trial_required_tool_ids"": [15, 27, 28, 33]}"
2026-09-03T21:29:00.098-04:00,junhyun,gesture,tts_queued,lifecycle,r2_gear_rod,Row 2.2: assemble gear rod,ready,3,24,,,,7.679141,,,,,,,,,,,,,,,,Row 1 gear rod,,,replace_hover,,"{""acquired_tool_ids"": [], ""acquisition_complete"": false, ""completed_steps"": [""r1_bearing_right"", ""r1_bearing_left""], ""head_rotation_deg"": null, ""head_translation_m"": null, ""left_hand_translation_m"": null, ""removed_tool_ids"": [18, 19], ""right_hand_translation_m"": null, ""selected_step"": ""r2_gear_rod"", ""step_attempt"": 3, ""step_elapsed_s"": 7.679160155006684, ""step_event_index"": 24, ""total_hand_translation_m"": null, ""trial_finished_elapsed_s"": null, ""trial_recording"": true, ""trial_required_tool_ids"": [15, 27, 28, 33]}"
2026-09-03T21:29:00.165-04:00,junhyun,gesture,tts_finished,lifecycle,r2_gear_rod,Row 2.2: assemble gear rod,ready,3,25,,,,7.745525,,,,,,,,,,,,,,,,Row 2 right stand,,,,,"{""acquired_tool_ids"": [], ""acquisition_complete"": false, ""completed_steps"": [""r1_bearing_right"", ""r1_bearing_left""], ""head_rotation_deg"": null, ""head_translation_m"": null, ""left_hand_translation_m"": null, ""removed_tool_ids"": [18, 19], ""right_hand_translation_m"": null, ""selected_step"": ""r2_gear_rod"", ""step_attempt"": 3, ""step_elapsed_s"": 7.745535888010636, ""step_event_index"": 25, ""total_hand_translation_m"": null, ""trial_finished_elapsed_s"": null, ""trial_recording"": true, ""trial_required_tool_ids"": [15, 27, 28, 33]}"
2026-09-03T21:29:00.245-04:00,junhyun,gesture,tts_started,lifecycle,r2_gear_rod,Row 2.2: assemble gear rod,ready,3,26,,,,7.825426,,,,,,,,,,,,,,,,Row 4 gear rod,,,,,"{""acquired_tool_ids"": [], ""acquisition_complete"": false, ""completed_steps"": [""r1_bearing_right"", ""r1_bearing_left""], ""head_rotation_deg"": null, ""head_translation_m"": null, ""left_hand_translation_m"": null, ""removed_tool_ids"": [18, 19], ""right_hand_translation_m"": null, ""selected_step"": ""r2_gear_rod"", ""step_attempt"": 3, ""step_elapsed_s"": 7.825438013998792, ""step_event_index"": 26, ""total_hand_translation_m"": null, ""trial_finished_elapsed_s"": null, ""trial_recording"": true, ""trial_required_tool_ids"": [15, 27, 28, 33]}"
2026-09-03T21:29:00.294-04:00,junhyun,gesture,tts_finished,lifecycle,r2_gear_rod,Row 2.2: assemble gear rod,ready,3,27,,,,7.874332,,,,,,,,,,,,,,,,Row 4 gear rod,,,,,"{""acquired_tool_ids"": [], ""acquisition_complete"": false, ""completed_steps"": [""r1_bearing_right"", ""r1_bearing_left""], ""head_rotation_deg"": null, ""head_translation_m"": null, ""left_hand_translation_m"": null, ""removed_tool_ids"": [18, 19], ""right_hand_translation_m"": null, ""selected_step"": ""r2_gear_rod"", ""step_attempt"": 3, ""step_elapsed_s"": 7.8743400729727, ""step_event_index"": 27, ""total_hand_translation_m"": null, ""trial_finished_elapsed_s"": null, ""trial_recording"": true, ""trial_required_tool_ids"": [15, 27, 28, 33]}"
2026-09-03T21:29:00.339-04:00,junhyun,gesture,tts_started,lifecycle,r2_gear_rod,Row 2.2: assemble gear rod,ready,3,28,,,,7.919443,,,,,,,,,,,,,,,,Row 3 gear rod,,,,,"{""acquired_tool_ids"": [], ""acquisition_complete"": false, ""completed_steps"": [""r1_bearing_right"", ""r1_bearing_left""], ""head_rotation_deg"": null, ""head_translation_m"": null, ""left_hand_translation_m"": null, ""removed_tool_ids"": [18, 19], ""right_hand_translation_m"": null, ""selected_step"": ""r2_gear_rod"", ""step_attempt"": 3, ""step_elapsed_s"": 7.919453143957071, ""step_event_index"": 28, ""total_hand_translation_m"": null, ""trial_finished_elapsed_s"": null, ""trial_recording"": true, ""trial_required_tool_ids"": [15, 27, 28, 33]}"
2026-09-03T21:29:00.398-04:00,junhyun,gesture,tts_finished,lifecycle,r2_gear_rod,Row 2.2: assemble gear rod,ready,3,29,,,,7.978415,,,,,,,,,,,,,,,,Row 3 gear rod,,,,,"{""acquired_tool_ids"": [], ""acquisition_complete"": false, ""completed_steps"": [""r1_bearing_right"", ""r1_bearing_left""], ""head_rotation_deg"": null, ""head_translation_m"": null, ""left_hand_translation_m"": null, ""removed_tool_ids"": [18, 19], ""right_hand_translation_m"": null, ""selected_step"": ""r2_gear_rod"", ""step_attempt"": 3, ""step_elapsed_s"": 7.978425308014266, ""step_event_index"": 29, ""total_hand_translation_m"": null, ""trial_finished_elapsed_s"": null, ""trial_recording"": true, ""trial_required_tool_ids"": [15, 27, 28, 33]}"
2026-09-03T21:29:00.426-04:00,junhyun,gesture,tts_started,lifecycle,r2_gear_rod,Row 2.2: assemble gear rod,ready,3,30,,,,8.006547,,,,,,,,,,,,,,,,Row 2 gear rod,,,,,"{""acquired_tool_ids"": [], ""acquisition_complete"": false, ""completed_steps"": [""r1_bearing_right"", ""r1_bearing_left""], ""head_rotation_deg"": null, ""head_translation_m"": null, ""left_hand_translation_m"": null, ""removed_tool_ids"": [18, 19], ""right_hand_translation_m"": null, ""selected_step"": ""r2_gear_rod"", ""step_attempt"": 3, ""step_elapsed_s"": 8.006556877982803, ""step_event_index"": 30, ""total_hand_translation_m"": null, ""trial_finished_elapsed_s"": null, ""trial_recording"": true, ""trial_required_tool_ids"": [15, 27, 28, 33]}"
2026-09-03T21:29:01.773-04:00,junhyun,gesture,tts_finished,lifecycle,r2_gear_rod,Row 2.2: assemble gear rod,ready,3,31,,,,9.353724,,,,,,,,,,,,,,,,Row 2 gear rod,,,,,"{""acquired_tool_ids"": [], ""acquisition_complete"": false, ""completed_steps"": [""r1_bearing_right"", ""r1_bearing_left""], ""head_rotation_deg"": null, ""head_translation_m"": null, ""left_hand_translation_m"": null, ""removed_tool_ids"": [18, 19], ""right_hand_translation_m"": null, ""selected_step"": ""r2_gear_rod"", ""step_attempt"": 3, ""step_elapsed_s"": 9.35373705404345, ""step_event_index"": 31, ""total_hand_translation_m"": null, ""trial_finished_elapsed_s"": null, ""trial_recording"": true, ""trial_required_tool_ids"": [15, 27, 28, 33]}"
2026-09-03T21:29:01.824-04:00,junhyun,gesture,tts_started,lifecycle,r2_gear_rod,Row 2.2: assemble gear rod,ready,3,32,,,,9.405146,,,,,,,,,,,,,,,,Row 1 gear rod,,,,,"{""acquired_tool_ids"": [], ""acquisition_complete"": false, ""completed_steps"": [""r1_bearing_right"", ""r1_bearing_left""], ""head_rotation_deg"": null, ""head_translation_m"": null, ""left_hand_translation_m"": null, ""removed_tool_ids"": [18, 19], ""right_hand_translation_m"": null, ""selected_step"": ""r2_gear_rod"", ""step_attempt"": 3, ""step_elapsed_s"": 9.405159029993229, ""step_event_index"": 32, ""total_hand_translation_m"": null, ""trial_finished_elapsed_s"": null, ""trial_recording"": true, ""trial_required_tool_ids"": [15, 27, 28, 33]}"
2026-09-03T21:29:03.092-04:00,junhyun,gesture,tts_finished,lifecycle,r2_gear_rod,Row 2.2: assemble gear rod,ready,3,33,,,,10.672893,,,,,,,,,,,,,,,,Row 1 gear rod,,,,,"{""acquired_tool_ids"": [], ""acquisition_complete"": false, ""completed_steps"": [""r1_bearing_right"", ""r1_bearing_left""], ""head_rotation_deg"": null, ""head_translation_m"": null, ""left_hand_translation_m"": null, ""removed_tool_ids"": [18, 19], ""right_hand_translation_m"": null, ""selected_step"": ""r2_gear_rod"", ""step_attempt"": 3, ""step_elapsed_s"": 10.672904253005981, ""step_event_index"": 33, ""total_hand_translation_m"": null, ""trial_finished_elapsed_s"": null, ""trial_recording"": true, ""trial_required_tool_ids"": [15, 27, 28, 33]}"
2026-09-03T21:29:03.772-04:00,junhyun,gesture,hover,hover,r2_gear_rod,Row 2.2: assemble gear rod,ready,3,34,15,GEAR_ROD_ROW2,,,,,,,,,,,,,,,,,,,,,,,"{""acquired_tool_ids"": [], ""acquisition_complete"": false, ""completed_steps"": [""r1_bearing_right"", ""r1_bearing_left""], ""head_rotation_deg"": null, ""head_translation_m"": null, ""left_hand_translation_m"": null, ""removed_tool_ids"": [18, 19], ""right_hand_translation_m"": null, ""selected_step"": ""r2_gear_rod"", ""step_attempt"": 3, ""step_elapsed_s"": 11.352680352982134, ""step_event_index"": 34, ""total_hand_translation_m"": null, ""trial_finished_elapsed_s"": null, ""trial_recording"": true, ""trial_required_tool_ids"": [15, 27, 28, 33]}"
2026-09-03T21:29:03.802-04:00,junhyun,gesture,tts_queued,lifecycle,r2_gear_rod,Row 2.2: assemble gear rod,ready,3,35,,,,11.382367,,,,,,,,,,,,,,,,Row 2 gear rod,,,replace_hover,,"{""acquired_tool_ids"": [], ""acquisition_complete"": false, ""completed_steps"": [""r1_bearing_right"", ""r1_bearing_left""], ""head_rotation_deg"": null, ""head_translation_m"": null, ""left_hand_translation_m"": null, ""removed_tool_ids"": [18, 19], ""right_hand_translation_m"": null, ""selected_step"": ""r2_gear_rod"", ""step_attempt"": 3, ""step_elapsed_s"": 11.382379087037407, ""step_event_index"": 35, ""total_hand_translation_m"": null, ""trial_finished_elapsed_s"": null, ""trial_recording"": true, ""trial_required_tool_ids"": [15, 27, 28, 33]}"
2026-09-03T21:29:03.867-04:00,junhyun,gesture,tts_started,lifecycle,r2_gear_rod,Row 2.2: assemble gear rod,ready,3,36,,,,11.448040,,,,,,,,,,,,,,,,Row 2 gear rod,,,,,"{""acquired_tool_ids"": [], ""acquisition_complete"": false, ""completed_steps"": [""r1_bearing_right"", ""r1_bearing_left""], ""head_rotation_deg"": null, ""head_translation_m"": null, ""left_hand_translation_m"": null, ""removed_tool_ids"": [18, 19], ""right_hand_translation_m"": null, ""selected_step"": ""r2_gear_rod"", ""step_attempt"": 3, ""step_elapsed_s"": 11.448050020029768, ""step_event_index"": 36, ""total_hand_translation_m"": null, ""trial_finished_elapsed_s"": null, ""trial_recording"": true, ""trial_required_tool_ids"": [15, 27, 28, 33]}"
2026-09-03T21:29:05.266-04:00,junhyun,gesture,tts_finished,lifecycle,r2_gear_rod,Row 2.2: assemble gear rod,ready,3,37,,,,12.847288,,,,,,,,,,,,,,,,Row 2 gear rod,,,,,"{""acquired_tool_ids"": [], ""acquisition_complete"": false, ""completed_steps"": [""r1_bearing_right"", ""r1_bearing_left""], ""head_rotation_deg"": null, ""head_translation_m"": null, ""left_hand_translation_m"": null, ""removed_tool_ids"": [18, 19], ""right_hand_translation_m"": null, ""selected_step"": ""r2_gear_rod"", ""step_attempt"": 3, ""step_elapsed_s"": 12.847300305962563, ""step_event_index"": 37, ""total_hand_translation_m"": null, ""trial_finished_elapsed_s"": null, ""trial_recording"": true, ""trial_required_tool_ids"": [15, 27, 28, 33]}"
2026-09-03T21:29:05.565-04:00,junhyun,gesture,part_selection,click,r2_gear_rod,Row 2.2: assemble gear rod,ready,3,38,15,GEAR_ROD_ROW2,13.145957,13.145957,,,,,,,,,,,,,,,1,,,,,,"{""acquired_tool_ids"": [15], ""acquisition_complete"": false, ""completed_steps"": [""r1_bearing_right"", ""r1_bearing_left""], ""head_rotation_deg"": null, ""head_translation_m"": null, ""left_hand_translation_m"": null, ""removed_tool_ids"": [18, 19], ""right_hand_translation_m"": null, ""selected_step"": ""r2_gear_rod"", ""step_attempt"": 3, ""step_elapsed_s"": 13.145997637999244, ""step_event_index"": 38, ""total_hand_translation_m"": null, ""trial_finished_elapsed_s"": null, ""trial_recording"": true, ""trial_required_tool_ids"": [15, 27, 28, 33]}"
2026-09-03T21:29:05.616-04:00,junhyun,gesture,object_acquired,click,r2_gear_rod,Row 2.2: assemble gear rod,ready,3,39,15,GEAR_ROD_ROW2,13.145957,13.145957,,,,,,,,,,,,,,,1,,,,,,"{""acquired_tool_ids"": [15], ""acquisition_complete"": false, ""completed_steps"": [""r1_bearing_right"", ""r1_bearing_left""], ""head_rotation_deg"": null, ""head_translation_m"": null, ""left_hand_translation_m"": null, ""removed_tool_ids"": [18, 19], ""right_hand_translation_m"": null, ""selected_step"": ""r2_gear_rod"", ""step_attempt"": 3, ""step_elapsed_s"": 13.196986990980804, ""step_event_index"": 39, ""total_hand_translation_m"": null, ""trial_finished_elapsed_s"": null, ""trial_recording"": true, ""trial_required_tool_ids"": [15, 27, 28, 33]}"
2026-09-03T21:29:05.664-04:00,junhyun,gesture,tts_queued,lifecycle,r2_gear_rod,Row 2.2: assemble gear rod,ready,3,40,,,,13.245119,,,,,,,,,,,,,,,,3 parts left.,,,replace,,"{""acquired_tool_ids"": [15], ""acquisition_complete"": false, ""completed_steps"": [""r1_bearing_right"", ""r1_bearing_left""], ""head_rotation_deg"": null, ""head_translation_m"": null, ""left_hand_translation_m"": null, ""removed_tool_ids"": [18, 19], ""right_hand_translation_m"": null, ""selected_step"": ""r2_gear_rod"", ""step_attempt"": 3, ""step_elapsed_s"": 13.245128442998976, ""step_event_index"": 40, ""total_hand_translation_m"": null, ""trial_finished_elapsed_s"": null, ""trial_recording"": true, ""trial_required_tool_ids"": [15, 27, 28, 33]}"
2026-09-03T21:29:05.753-04:00,junhyun,gesture,tts_started,lifecycle,r2_gear_rod,Row 2.2: assemble gear rod,ready,3,41,,,,13.334263,,,,,,,,,,,,,,,,3 parts left.,,,,,"{""acquired_tool_ids"": [15], ""acquisition_complete"": false, ""completed_steps"": [""r1_bearing_right"", ""r1_bearing_left""], ""head_rotation_deg"": null, ""head_translation_m"": null, ""left_hand_translation_m"": null, ""removed_tool_ids"": [18, 19], ""right_hand_translation_m"": null, ""selected_step"": ""r2_gear_rod"", ""step_attempt"": 3, ""step_elapsed_s"": 13.334276751964353, ""step_event_index"": 41, ""total_hand_translation_m"": null, ""trial_finished_elapsed_s"": null, ""trial_recording"": true, ""trial_required_tool_ids"": [15, 27, 28, 33]}"
2026-09-03T21:29:06.875-04:00,junhyun,gesture,tts_finished,lifecycle,r2_gear_rod,Row 2.2: assemble gear rod,ready,3,42,,,,14.456045,,,,,,,,,,,,,,,,3 parts left.,,,,,"{""acquired_tool_ids"": [15], ""acquisition_complete"": false, ""completed_steps"": [""r1_bearing_right"", ""r1_bearing_left""], ""head_rotation_deg"": null, ""head_translation_m"": null, ""left_hand_translation_m"": null, ""removed_tool_ids"": [18, 19], ""right_hand_translation_m"": null, ""selected_step"": ""r2_gear_rod"", ""step_attempt"": 3, ""step_elapsed_s"": 14.456056845956482, ""step_event_index"": 42, ""total_hand_translation_m"": null, ""trial_finished_elapsed_s"": null, ""trial_recording"": true, ""trial_required_tool_ids"": [15, 27, 28, 33]}"
2026-09-03T21:29:07.720-04:00,junhyun,gesture,hover,hover,r2_gear_rod,Row 2.2: assemble gear rod,ready,3,43,35,SCREWS,,,,,,,,,,,,,,,,,,,,,,,"{""acquired_tool_ids"": [15], ""acquisition_complete"": false, ""completed_steps"": [""r1_bearing_right"", ""r1_bearing_left""], ""head_rotation_deg"": null, ""head_translation_m"": null, ""left_hand_translation_m"": null, ""removed_tool_ids"": [18, 19], ""right_hand_translation_m"": null, ""selected_step"": ""r2_gear_rod"", ""step_attempt"": 3, ""step_elapsed_s"": 15.300765102962032, ""step_event_index"": 43, ""total_hand_translation_m"": null, ""trial_finished_elapsed_s"": null, ""trial_recording"": true, ""trial_required_tool_ids"": [15, 27, 28, 33]}"
2026-09-03T21:29:07.785-04:00,junhyun,gesture,tts_queued,lifecycle,r2_gear_rod,Row 2.2: assemble gear rod,ready,3,44,,,,15.366214,,,,,,,,,,,,,,,,screw,,,replace_hover,,"{""acquired_tool_ids"": [15], ""acquisition_complete"": false, ""completed_steps"": [""r1_bearing_right"", ""r1_bearing_left""], ""head_rotation_deg"": null, ""head_translation_m"": null, ""left_hand_translation_m"": null, ""removed_tool_ids"": [18, 19], ""right_hand_translation_m"": null, ""selected_step"": ""r2_gear_rod"", ""step_attempt"": 3, ""step_elapsed_s"": 15.36623388400767, ""step_event_index"": 44, ""total_hand_translation_m"": null, ""trial_finished_elapsed_s"": null, ""trial_recording"": true, ""trial_required_tool_ids"": [15, 27, 28, 33]}"
2026-09-03T21:29:07.835-04:00,junhyun,gesture,tts_started,lifecycle,r2_gear_rod,Row 2.2: assemble gear rod,ready,3,45,,,,15.416281,,,,,,,,,,,,,,,,screw,,,,,"{""acquired_tool_ids"": [15], ""acquisition_complete"": false, ""completed_steps"": [""r1_bearing_right"", ""r1_bearing_left""], ""head_rotation_deg"": null, ""head_translation_m"": null, ""left_hand_translation_m"": null, ""removed_tool_ids"": [18, 19], ""right_hand_translation_m"": null, ""selected_step"": ""r2_gear_rod"", ""step_attempt"": 3, ""step_elapsed_s"": 15.416291484958492, ""step_event_index"": 45, ""total_hand_translation_m"": null, ""trial_finished_elapsed_s"": null, ""trial_recording"": true, ""trial_required_tool_ids"": [15, 27, 28, 33]}"
2026-09-03T21:29:08.098-04:00,junhyun,gesture,hover,hover,r2_gear_rod,Row 2.2: assemble gear rod,ready,3,46,27,GEAR_ROW2_LEFT,,,,,,,,,,,,,,,,,,,,,,,"{""acquired_tool_ids"": [15], ""acquisition_complete"": false, ""completed_steps"": [""r1_bearing_right"", ""r1_bearing_left""], ""head_rotation_deg"": null, ""head_translation_m"": null, ""left_hand_translation_m"": null, ""removed_tool_ids"": [18, 19], ""right_hand_translation_m"": null, ""selected_step"": ""r2_gear_rod"", ""step_attempt"": 3, ""step_elapsed_s"": 15.6790829669917, ""step_event_index"": 46, ""total_hand_translation_m"": null, ""trial_finished_elapsed_s"": null, ""trial_recording"": true, ""trial_required_tool_ids"": [15, 27, 28, 33]}"
2026-09-03T21:29:08.153-04:00,junhyun,gesture,tts_queued,lifecycle,r2_gear_rod,Row 2.2: assemble gear rod,ready,3,47,,,,15.734233,,,,,,,,,,,,,,,,Row 2 left gear,,,replace_hover,,"{""acquired_tool_ids"": [15], ""acquisition_complete"": false, ""completed_steps"": [""r1_bearing_right"", ""r1_bearing_left""], ""head_rotation_deg"": null, ""head_translation_m"": null, ""left_hand_translation_m"": null, ""removed_tool_ids"": [18, 19], ""right_hand_translation_m"": null, ""selected_step"": ""r2_gear_rod"", ""step_attempt"": 3, ""step_elapsed_s"": 15.734244519961067, ""step_event_index"": 47, ""total_hand_translation_m"": null, ""trial_finished_elapsed_s"": null, ""trial_recording"": true, ""trial_required_tool_ids"": [15, 27, 28, 33]}"
2026-09-03T21:29:08.201-04:00,junhyun,gesture,hover,hover,r2_gear_rod,Row 2.2: assemble gear rod,ready,3,48,28,GEAR_ROW2_RIGHT,,,,,,,,,,,,,,,,,,,,,,,"{""acquired_tool_ids"": [15], ""acquisition_complete"": false, ""completed_steps"": [""r1_bearing_right"", ""r1_bearing_left""], ""head_rotation_deg"": null, ""head_translation_m"": null, ""left_hand_translation_m"": null, ""removed_tool_ids"": [18, 19], ""right_hand_translation_m"": null, ""selected_step"": ""r2_gear_rod"", ""step_attempt"": 3, ""step_elapsed_s"": 15.782003597007133, ""step_event_index"": 48, ""total_hand_translation_m"": null, ""trial_finished_elapsed_s"": null, ""trial_recording"": true, ""trial_required_tool_ids"": [15, 27, 28, 33]}"
2026-09-03T21:29:08.239-04:00,junhyun,gesture,tts_queued,lifecycle,r2_gear_rod,Row 2.2: assemble gear rod,ready,3,49,,,,15.819795,,,,,,,,,,,,,,,,Row 2 right gear,,,replace_hover,,"{""acquired_tool_ids"": [15], ""acquisition_complete"": false, ""completed_steps"": [""r1_bearing_right"", ""r1_bearing_left""], ""head_rotation_deg"": null, ""head_translation_m"": null, ""left_hand_translation_m"": null, ""removed_tool_ids"": [18, 19], ""right_hand_translation_m"": null, ""selected_step"": ""r2_gear_rod"", ""step_attempt"": 3, ""step_elapsed_s"": 15.819806806975976, ""step_event_index"": 49, ""total_hand_translation_m"": null, ""trial_finished_elapsed_s"": null, ""trial_recording"": true, ""trial_required_tool_ids"": [15, 27, 28, 33]}"
2026-09-03T21:29:08.315-04:00,junhyun,gesture,hover,hover,r2_gear_rod,Row 2.2: assemble gear rod,ready,3,50,31,GEAR_ROW4_LEFT,,,,,,,,,,,,,,,,,,,,,,,"{""acquired_tool_ids"": [15], ""acquisition_complete"": false, ""completed_steps"": [""r1_bearing_right"", ""r1_bearing_left""], ""head_rotation_deg"": null, ""head_translation_m"": null, ""left_hand_translation_m"": null, ""removed_tool_ids"": [18, 19], ""right_hand_translation_m"": null, ""selected_step"": ""r2_gear_rod"", ""step_attempt"": 3, ""step_elapsed_s"": 15.895721010048874, ""step_event_index"": 50, ""total_hand_translation_m"": null, ""trial_finished_elapsed_s"": null, ""trial_recording"": true, ""trial_required_tool_ids"": [15, 27, 28, 33]}"
2026-09-03T21:29:08.359-04:00,junhyun,gesture,tts_queued,lifecycle,r2_gear_rod,Row 2.2: assemble gear rod,ready,3,51,,,,15.940229,,,,,,,,,,,,,,,,Row 4 left gear,,,replace_hover,,"{""acquired_tool_ids"": [15], ""acquisition_complete"": false, ""completed_steps"": [""r1_bearing_right"", ""r1_bearing_left""], ""head_rotation_deg"": null, ""head_translation_m"": null, ""left_hand_translation_m"": null, ""removed_tool_ids"": [18, 19], ""right_hand_translation_m"": null, ""selected_step"": ""r2_gear_rod"", ""step_attempt"": 3, ""step_elapsed_s"": 15.940238778945059, ""step_event_index"": 51, ""total_hand_translation_m"": null, ""trial_finished_elapsed_s"": null, ""trial_recording"": true, ""trial_required_tool_ids"": [15, 27, 28, 33]}"
2026-09-03T21:29:08.438-04:00,junhyun,gesture,tts_finished,lifecycle,r2_gear_rod,Row 2.2: assemble gear rod,ready,3,52,,,,16.019232,,,,,,,,,,,,,,,,screw,,,,,"{""acquired_tool_ids"": [15], ""acquisition_complete"": false, ""completed_steps"": [""r1_bearing_right"", ""r1_bearing_left""], ""head_rotation_deg"": null, ""head_translation_m"": null, ""left_hand_translation_m"": null, ""removed_tool_ids"": [18, 19], ""right_hand_translation_m"": null, ""selected_step"": ""r2_gear_rod"", ""step_attempt"": 3, ""step_elapsed_s"": 16.01924637600314, ""step_event_index"": 52, ""total_hand_translation_m"": null, ""trial_finished_elapsed_s"": null, ""trial_recording"": true, ""trial_required_tool_ids"": [15, 27, 28, 33]}"
2026-09-03T21:29:08.488-04:00,junhyun,gesture,tts_started,lifecycle,r2_gear_rod,Row 2.2: assemble gear rod,ready,3,53,,,,16.068644,,,,,,,,,,,,,,,,Row 2 left gear,,,,,"{""acquired_tool_ids"": [15], ""acquisition_complete"": false, ""completed_steps"": [""r1_bearing_right"", ""r1_bearing_left""], ""head_rotation_deg"": null, ""head_translation_m"": null, ""left_hand_translation_m"": null, ""removed_tool_ids"": [18, 19], ""right_hand_translation_m"": null, ""selected_step"": ""r2_gear_rod"", ""step_attempt"": 3, ""step_elapsed_s"": 16.068657611962408, ""step_event_index"": 53, ""total_hand_translation_m"": null, ""trial_finished_elapsed_s"": null, ""trial_recording"": true, ""trial_required_tool_ids"": [15, 27, 28, 33]}"
2026-09-03T21:29:08.546-04:00,junhyun,gesture,tts_finished,lifecycle,r2_gear_rod,Row 2.2: assemble gear rod,ready,3,54,,,,16.126674,,,,,,,,,,,,,,,,Row 2 left gear,,,,,"{""acquired_tool_ids"": [15], ""acquisition_complete"": false, ""completed_steps"": [""r1_bearing_right"", ""r1_bearing_left""], ""head_rotation_deg"": null, ""head_translation_m"": null, ""left_hand_translation_m"": null, ""removed_tool_ids"": [18, 19], ""right_hand_translation_m"": null, ""selected_step"": ""r2_gear_rod"", ""step_attempt"": 3, ""step_elapsed_s"": 16.1266862769844, ""step_event_index"": 54, ""total_hand_translation_m"": null, ""trial_finished_elapsed_s"": null, ""trial_recording"": true, ""trial_required_tool_ids"": [15, 27, 28, 33]}"
2026-09-03T21:29:08.587-04:00,junhyun,gesture,tts_started,lifecycle,r2_gear_rod,Row 2.2: assemble gear rod,ready,3,55,,,,16.167509,,,,,,,,,,,,,,,,Row 2 right gear,,,,,"{""acquired_tool_ids"": [15], ""acquisition_complete"": false, ""completed_steps"": [""r1_bearing_right"", ""r1_bearing_left""], ""head_rotation_deg"": null, ""head_translation_m"": null, ""left_hand_translation_m"": null, ""removed_tool_ids"": [18, 19], ""right_hand_translation_m"": null, ""selected_step"": ""r2_gear_rod"", ""step_attempt"": 3, ""step_elapsed_s"": 16.16752156696748, ""step_event_index"": 55, ""total_hand_translation_m"": null, ""trial_finished_elapsed_s"": null, ""trial_recording"": true, ""trial_required_tool_ids"": [15, 27, 28, 33]}"
2026-09-03T21:29:08.625-04:00,junhyun,gesture,tts_finished,lifecycle,r2_gear_rod,Row 2.2: assemble gear rod,ready,3,56,,,,16.205677,,,,,,,,,,,,,,,,Row 2 right gear,,,,,"{""acquired_tool_ids"": [15], ""acquisition_complete"": false, ""completed_steps"": [""r1_bearing_right"", ""r1_bearing_left""], ""head_rotation_deg"": null, ""head_translation_m"": null, ""left_hand_translation_m"": null, ""removed_tool_ids"": [18, 19], ""right_hand_translation_m"": null, ""selected_step"": ""r2_gear_rod"", ""step_attempt"": 3, ""step_elapsed_s"": 16.205691101960838, ""step_event_index"": 56, ""total_hand_translation_m"": null, ""trial_finished_elapsed_s"": null, ""trial_recording"": true, ""trial_required_tool_ids"": [15, 27, 28, 33]}"
2026-09-03T21:29:08.695-04:00,junhyun,gesture,tts_started,lifecycle,r2_gear_rod,Row 2.2: assemble gear rod,ready,3,57,,,,16.275773,,,,,,,,,,,,,,,,Row 4 left gear,,,,,"{""acquired_tool_ids"": [15], ""acquisition_complete"": false, ""completed_steps"": [""r1_bearing_right"", ""r1_bearing_left""], ""head_rotation_deg"": null, ""head_translation_m"": null, ""left_hand_translation_m"": null, ""removed_tool_ids"": [18, 19], ""right_hand_translation_m"": null, ""selected_step"": ""r2_gear_rod"", ""step_attempt"": 3, ""step_elapsed_s"": 16.27578160597477, ""step_event_index"": 57, ""total_hand_translation_m"": null, ""trial_finished_elapsed_s"": null, ""trial_recording"": true, ""trial_required_tool_ids"": [15, 27, 28, 33]}"
2026-09-03T21:29:08.778-04:00,junhyun,gesture,hover,hover,r2_gear_rod,Row 2.2: assemble gear rod,ready,3,58,26,GEAR_ROW1_LEFT,,,,,,,,,,,,,,,,,,,,,,,"{""acquired_tool_ids"": [15], ""acquisition_complete"": false, ""completed_steps"": [""r1_bearing_right"", ""r1_bearing_left""], ""head_rotation_deg"": null, ""head_translation_m"": null, ""left_hand_translation_m"": null, ""removed_tool_ids"": [18, 19], ""right_hand_translation_m"": null, ""selected_step"": ""r2_gear_rod"", ""step_attempt"": 3, ""step_elapsed_s"": 16.359082328970544, ""step_event_index"": 58, ""total_hand_translation_m"": null, ""trial_finished_elapsed_s"": null, ""trial_recording"": true, ""trial_required_tool_ids"": [15, 27, 28, 33]}"
2026-09-03T21:29:08.819-04:00,junhyun,gesture,tts_queued,lifecycle,r2_gear_rod,Row 2.2: assemble gear rod,ready,3,59,,,,16.400034,,,,,,,,,,,,,,,,Row 1 left gear,,,replace_hover,,"{""acquired_tool_ids"": [15], ""acquisition_complete"": false, ""completed_steps"": [""r1_bearing_right"", ""r1_bearing_left""], ""head_rotation_deg"": null, ""head_translation_m"": null, ""left_hand_translation_m"": null, ""removed_tool_ids"": [18, 19], ""right_hand_translation_m"": null, ""selected_step"": ""r2_gear_rod"", ""step_attempt"": 3, ""step_elapsed_s"": 16.40005132195074, ""step_event_index"": 59, ""total_hand_translation_m"": null, ""trial_finished_elapsed_s"": null, ""trial_recording"": true, ""trial_required_tool_ids"": [15, 27, 28, 33]}"
2026-09-03T21:29:08.918-04:00,junhyun,gesture,tts_finished,lifecycle,r2_gear_rod,Row 2.2: assemble gear rod,ready,3,60,,,,16.498911,,,,,,,,,,,,,,,,Row 4 left gear,,,,,"{""acquired_tool_ids"": [15], ""acquisition_complete"": false, ""completed_steps"": [""r1_bearing_right"", ""r1_bearing_left""], ""head_rotation_deg"": null, ""head_translation_m"": null, ""left_hand_translation_m"": null, ""removed_tool_ids"": [18, 19], ""right_hand_translation_m"": null, ""selected_step"": ""r2_gear_rod"", ""step_attempt"": 3, ""step_elapsed_s"": 16.49892387795262, ""step_event_index"": 60, ""total_hand_translation_m"": null, ""trial_finished_elapsed_s"": null, ""trial_recording"": true, ""trial_required_tool_ids"": [15, 27, 28, 33]}"
2026-09-03T21:29:08.941-04:00,junhyun,gesture,tts_started,lifecycle,r2_gear_rod,Row 2.2: assemble gear rod,ready,3,61,,,,16.521562,,,,,,,,,,,,,,,,Row 1 left gear,,,,,"{""acquired_tool_ids"": [15], ""acquisition_complete"": false, ""completed_steps"": [""r1_bearing_right"", ""r1_bearing_left""], ""head_rotation_deg"": null, ""head_translation_m"": null, ""left_hand_translation_m"": null, ""removed_tool_ids"": [18, 19], ""right_hand_translation_m"": null, ""selected_step"": ""r2_gear_rod"", ""step_attempt"": 3, ""step_elapsed_s"": 16.521574073005468, ""step_event_index"": 61, ""total_hand_translation_m"": null, ""trial_finished_elapsed_s"": null, ""trial_recording"": true, ""trial_required_tool_ids"": [15, 27, 28, 33]}"
2026-09-03T21:29:10.199-04:00,junhyun,gesture,hover,hover,r2_gear_rod,Row 2.2: assemble gear rod,ready,3,62,31,GEAR_ROW4_LEFT,,,,,,,,,,,,,,,,,,,,,,,"{""acquired_tool_ids"": [15], ""acquisition_complete"": false, ""completed_steps"": [""r1_bearing_right"", ""r1_bearing_left""], ""head_rotation_deg"": null, ""head_translation_m"": null, ""left_hand_translation_m"": null, ""removed_tool_ids"": [18, 19], ""right_hand_translation_m"": null, ""selected_step"": ""r2_gear_rod"", ""step_attempt"": 3, ""step_elapsed_s"": 17.779636110994034, ""step_event_index"": 62, ""total_hand_translation_m"": null, ""trial_finished_elapsed_s"": null, ""trial_recording"": true, ""trial_required_tool_ids"": [15, 27, 28, 33]}"
2026-09-03T21:29:10.280-04:00,junhyun,gesture,tts_queued,lifecycle,r2_gear_rod,Row 2.2: assemble gear rod,ready,3,63,,,,17.860464,,,,,,,,,,,,,,,,Row 4 left gear,,,replace_hover,,"{""acquired_tool_ids"": [15], ""acquisition_complete"": false, ""completed_steps"": [""r1_bearing_right"", ""r1_bearing_left""], ""head_rotation_deg"": null, ""head_translation_m"": null, ""left_hand_translation_m"": null, ""removed_tool_ids"": [18, 19], ""right_hand_translation_m"": null, ""selected_step"": ""r2_gear_rod"", ""step_attempt"": 3, ""step_elapsed_s"": 17.860477064037696, ""step_event_index"": 63, ""total_hand_translation_m"": null, ""trial_finished_elapsed_s"": null, ""trial_recording"": true, ""trial_required_tool_ids"": [15, 27, 28, 33]}"
2026-09-03T21:29:10.358-04:00,junhyun,gesture,tts_finished,lifecycle,r2_gear_rod,Row 2.2: assemble gear rod,ready,3,64,,,,17.938456,,,,,,,,,,,,,,,,Row 1 left gear,,,,,"{""acquired_tool_ids"": [15], ""acquisition_complete"": false, ""completed_steps"": [""r1_bearing_right"", ""r1_bearing_left""], ""head_rotation_deg"": null, ""head_translation_m"": null, ""left_hand_translation_m"": null, ""removed_tool_ids"": [18, 19], ""right_hand_translation_m"": null, ""selected_step"": ""r2_gear_rod"", ""step_attempt"": 3, ""step_elapsed_s"": 17.93847078201361, ""step_event_index"": 64, ""total_hand_translation_m"": null, ""trial_finished_elapsed_s"": null, ""trial_recording"": true, ""trial_required_tool_ids"": [15, 27, 28, 33]}"
2026-09-03T21:29:10.400-04:00,junhyun,gesture,tts_started,lifecycle,r2_gear_rod,Row 2.2: assemble gear rod,ready,3,65,,,,17.980821,,,,,,,,,,,,,,,,Row 4 left gear,,,,,"{""acquired_tool_ids"": [15], ""acquisition_complete"": false, ""completed_steps"": [""r1_bearing_right"", ""r1_bearing_left""], ""head_rotation_deg"": null, ""head_translation_m"": null, ""left_hand_translation_m"": null, ""removed_tool_ids"": [18, 19], ""right_hand_translation_m"": null, ""selected_step"": ""r2_gear_rod"", ""step_attempt"": 3, ""step_elapsed_s"": 17.980832868954167, ""step_event_index"": 65, ""total_hand_translation_m"": null, ""trial_finished_elapsed_s"": null, ""trial_recording"": true, ""trial_required_tool_ids"": [15, 27, 28, 33]}"
2026-09-03T21:29:10.997-04:00,junhyun,gesture,hover,hover,r2_gear_rod,Row 2.2: assemble gear rod,ready,3,66,28,GEAR_ROW2_RIGHT,,,,,,,,,,,,,,,,,,,,,,,"{""acquired_tool_ids"": [15], ""acquisition_complete"": false, ""completed_steps"": [""r1_bearing_right"", ""r1_bearing_left""], ""head_rotation_deg"": null, ""head_translation_m"": null, ""left_hand_translation_m"": null, ""removed_tool_ids"": [18, 19], ""right_hand_translation_m"": null, ""selected_step"": ""r2_gear_rod"", ""step_attempt"": 3, ""step_elapsed_s"": 18.578149275039323, ""step_event_index"": 66, ""total_hand_translation_m"": null, ""trial_finished_elapsed_s"": null, ""trial_recording"": true, ""trial_required_tool_ids"": [15, 27, 28, 33]}"
2026-09-03T21:29:11.033-04:00,junhyun,gesture,tts_queued,lifecycle,r2_gear_rod,Row 2.2: assemble gear rod,ready,3,67,,,,18.614104,,,,,,,,,,,,,,,,Row 2 right gear,,,replace_hover,,"{""acquired_tool_ids"": [15], ""acquisition_complete"": false, ""completed_steps"": [""r1_bearing_right"", ""r1_bearing_left""], ""head_rotation_deg"": null, ""head_translation_m"": null, ""left_hand_translation_m"": null, ""removed_tool_ids"": [18, 19], ""right_hand_translation_m"": null, ""selected_step"": ""r2_gear_rod"", ""step_attempt"": 3, ""step_elapsed_s"": 18.614114976022393, ""step_event_index"": 67, ""total_hand_translation_m"": null, ""trial_finished_elapsed_s"": null, ""trial_recording"": true, ""trial_required_tool_ids"": [15, 27, 28, 33]}"
2026-09-03T21:29:11.084-04:00,junhyun,gesture,tts_finished,lifecycle,r2_gear_rod,Row 2.2: assemble gear rod,ready,3,68,,,,18.665159,,,,,,,,,,,,,,,,Row 4 left gear,,,,,"{""acquired_tool_ids"": [15], ""acquisition_complete"": false, ""completed_steps"": [""r1_bearing_right"", ""r1_bearing_left""], ""head_rotation_deg"": null, ""head_translation_m"": null, ""left_hand_translation_m"": null, ""removed_tool_ids"": [18, 19], ""right_hand_translation_m"": null, ""selected_step"": ""r2_gear_rod"", ""step_attempt"": 3, ""step_elapsed_s"": 18.6651739400113, ""step_event_index"": 68, ""total_hand_translation_m"": null, ""trial_finished_elapsed_s"": null, ""trial_recording"": true, ""trial_required_tool_ids"": [15, 27, 28, 33]}"
2026-09-03T21:29:11.153-04:00,junhyun,gesture,tts_started,lifecycle,r2_gear_rod,Row 2.2: assemble gear rod,ready,3,69,,,,18.733322,,,,,,,,,,,,,,,,Row 2 right gear,,,,,"{""acquired_tool_ids"": [15], ""acquisition_complete"": false, ""completed_steps"": [""r1_bearing_right"", ""r1_bearing_left""], ""head_rotation_deg"": null, ""head_translation_m"": null, ""left_hand_translation_m"": null, ""removed_tool_ids"": [18, 19], ""right_hand_translation_m"": null, ""selected_step"": ""r2_gear_rod"", ""step_attempt"": 3, ""step_elapsed_s"": 18.733334954013117, ""step_event_index"": 69, ""total_hand_translation_m"": null, ""trial_finished_elapsed_s"": null, ""trial_recording"": true, ""trial_required_tool_ids"": [15, 27, 28, 33]}"
2026-09-03T21:29:12.611-04:00,junhyun,gesture,tts_finished,lifecycle,r2_gear_rod,Row 2.2: assemble gear rod,ready,3,70,,,,20.191564,,,,,,,,,,,,,,,,Row 2 right gear,,,,,"{""acquired_tool_ids"": [15], ""acquisition_complete"": false, ""completed_steps"": [""r1_bearing_right"", ""r1_bearing_left""], ""head_rotation_deg"": null, ""head_translation_m"": null, ""left_hand_translation_m"": null, ""removed_tool_ids"": [18, 19], ""right_hand_translation_m"": null, ""selected_step"": ""r2_gear_rod"", ""step_attempt"": 3, ""step_elapsed_s"": 20.191576328943484, ""step_event_index"": 70, ""total_hand_translation_m"": null, ""trial_finished_elapsed_s"": null, ""trial_recording"": true, ""trial_required_tool_ids"": [15, 27, 28, 33]}"
2026-09-03T21:29:13.455-04:00,junhyun,gesture,part_selection,click,r2_gear_rod,Row 2.2: assemble gear rod,ready,3,71,28,GEAR_ROW2_RIGHT,7.890152,21.036109,,,,,,,,,,,,,,,1,,,,,,"{""acquired_tool_ids"": [15, 28], ""acquisition_complete"": false, ""completed_steps"": [""r1_bearing_right"", ""r1_bearing_left""], ""head_rotation_deg"": null, ""head_translation_m"": null, ""left_hand_translation_m"": null, ""removed_tool_ids"": [18, 19], ""right_hand_translation_m"": null, ""selected_step"": ""r2_gear_rod"", ""step_attempt"": 3, ""step_elapsed_s"": 21.03615154500585, ""step_event_index"": 71, ""total_hand_translation_m"": null, ""trial_finished_elapsed_s"": null, ""trial_recording"": true, ""trial_required_tool_ids"": [15, 27, 28, 33]}"
2026-09-03T21:29:13.531-04:00,junhyun,gesture,object_acquired,click,r2_gear_rod,Row 2.2: assemble gear rod,ready,3,72,28,GEAR_ROW2_RIGHT,7.890152,21.036109,,,,,,,,,,,,,,,1,,,,,,"{""acquired_tool_ids"": [15, 28], ""acquisition_complete"": false, ""completed_steps"": [""r1_bearing_right"", ""r1_bearing_left""], ""head_rotation_deg"": null, ""head_translation_m"": null, ""left_hand_translation_m"": null, ""removed_tool_ids"": [18, 19], ""right_hand_translation_m"": null, ""selected_step"": ""r2_gear_rod"", ""step_attempt"": 3, ""step_elapsed_s"": 21.112205942044966, ""step_event_index"": 72, ""total_hand_translation_m"": null, ""trial_finished_elapsed_s"": null, ""trial_recording"": true, ""trial_required_tool_ids"": [15, 27, 28, 33]}"
2026-09-03T21:29:13.584-04:00,junhyun,gesture,tts_queued,lifecycle,r2_gear_rod,Row 2.2: assemble gear rod,ready,3,73,,,,21.164614,,,,,,,,,,,,,,,,2 parts left.,,,replace,,"{""acquired_tool_ids"": [15, 28], ""acquisition_complete"": false, ""completed_steps"": [""r1_bearing_right"", ""r1_bearing_left""], ""head_rotation_deg"": null, ""head_translation_m"": null, ""left_hand_translation_m"": null, ""removed_tool_ids"": [18, 19], ""right_hand_translation_m"": null, ""selected_step"": ""r2_gear_rod"", ""step_attempt"": 3, ""step_elapsed_s"": 21.164633744047023, ""step_event_index"": 73, ""total_hand_translation_m"": null, ""trial_finished_elapsed_s"": null, ""trial_recording"": true, ""trial_required_tool_ids"": [15, 27, 28, 33]}"
2026-09-03T21:29:13.633-04:00,junhyun,gesture,tts_started,lifecycle,r2_gear_rod,Row 2.2: assemble gear rod,ready,3,74,,,,21.214179,,,,,,,,,,,,,,,,2 parts left.,,,,,"{""acquired_tool_ids"": [15, 28], ""acquisition_complete"": false, ""completed_steps"": [""r1_bearing_right"", ""r1_bearing_left""], ""head_rotation_deg"": null, ""head_translation_m"": null, ""left_hand_translation_m"": null, ""removed_tool_ids"": [18, 19], ""right_hand_translation_m"": null, ""selected_step"": ""r2_gear_rod"", ""step_attempt"": 3, ""step_elapsed_s"": 21.214194471016526, ""step_event_index"": 74, ""total_hand_translation_m"": null, ""trial_finished_elapsed_s"": null, ""trial_recording"": true, ""trial_required_tool_ids"": [15, 27, 28, 33]}"
2026-09-03T21:29:14.558-04:00,junhyun,gesture,hover,hover,r2_gear_rod,Row 2.2: assemble gear rod,ready,3,75,27,GEAR_ROW2_LEFT,,,,,,,,,,,,,,,,,,,,,,,"{""acquired_tool_ids"": [15, 28], ""acquisition_complete"": false, ""completed_steps"": [""r1_bearing_right"", ""r1_bearing_left""], ""head_rotation_deg"": null, ""head_translation_m"": null, ""left_hand_translation_m"": null, ""removed_tool_ids"": [18, 19], ""right_hand_translation_m"": null, ""selected_step"": ""r2_gear_rod"", ""step_attempt"": 3, ""step_elapsed_s"": 22.13870832300745, ""step_event_index"": 75, ""total_hand_translation_m"": null, ""trial_finished_elapsed_s"": null, ""trial_recording"": true, ""trial_required_tool_ids"": [15, 27, 28, 33]}"
2026-09-03T21:29:14.625-04:00,junhyun,gesture,tts_queued,lifecycle,r2_gear_rod,Row 2.2: assemble gear rod,ready,3,76,,,,22.205311,,,,,,,,,,,,,,,,Row 2 left gear,,,replace_hover,,"{""acquired_tool_ids"": [15, 28], ""acquisition_complete"": false, ""completed_steps"": [""r1_bearing_right"", ""r1_bearing_left""], ""head_rotation_deg"": null, ""head_translation_m"": null, ""left_hand_translation_m"": null, ""removed_tool_ids"": [18, 19], ""right_hand_translation_m"": null, ""selected_step"": ""r2_gear_rod"", ""step_attempt"": 3, ""step_elapsed_s"": 22.20532250299584, ""step_event_index"": 76, ""total_hand_translation_m"": null, ""trial_finished_elapsed_s"": null, ""trial_recording"": true, ""trial_required_tool_ids"": [15, 27, 28, 33]}"
2026-09-03T21:29:14.677-04:00,junhyun,gesture,tts_finished,lifecycle,r2_gear_rod,Row 2.2: assemble gear rod,ready,3,77,,,,22.258264,,,,,,,,,,,,,,,,2 parts left.,,,,,"{""acquired_tool_ids"": [15, 28], ""acquisition_complete"": false, ""completed_steps"": [""r1_bearing_right"", ""r1_bearing_left""], ""head_rotation_deg"": null, ""head_translation_m"": null, ""left_hand_translation_m"": null, ""removed_tool_ids"": [18, 19], ""right_hand_translation_m"": null, ""selected_step"": ""r2_gear_rod"", ""step_attempt"": 3, ""step_elapsed_s"": 22.25827571703121, ""step_event_index"": 77, ""total_hand_translation_m"": null, ""trial_finished_elapsed_s"": null, ""trial_recording"": true, ""trial_required_tool_ids"": [15, 27, 28, 33]}"
2026-09-03T21:29:14.737-04:00,junhyun,gesture,tts_started,lifecycle,r2_gear_rod,Row 2.2: assemble gear rod,ready,3,78,,,,22.317390,,,,,,,,,,,,,,,,Row 2 left gear,,,,,"{""acquired_tool_ids"": [15, 28], ""acquisition_complete"": false, ""completed_steps"": [""r1_bearing_right"", ""r1_bearing_left""], ""head_rotation_deg"": null, ""head_translation_m"": null, ""left_hand_translation_m"": null, ""removed_tool_ids"": [18, 19], ""right_hand_translation_m"": null, ""selected_step"": ""r2_gear_rod"", ""step_attempt"": 3, ""step_elapsed_s"": 22.31740295898635, ""step_event_index"": 78, ""total_hand_translation_m"": null, ""trial_finished_elapsed_s"": null, ""trial_recording"": true, ""trial_required_tool_ids"": [15, 27, 28, 33]}"
2026-09-03T21:29:16.215-04:00,junhyun,gesture,tts_finished,lifecycle,r2_gear_rod,Row 2.2: assemble gear rod,ready,3,79,,,,23.795310,,,,,,,,,,,,,,,,Row 2 left gear,,,,,"{""acquired_tool_ids"": [15, 28], ""acquisition_complete"": false, ""completed_steps"": [""r1_bearing_right"", ""r1_bearing_left""], ""head_rotation_deg"": null, ""head_translation_m"": null, ""left_hand_translation_m"": null, ""removed_tool_ids"": [18, 19], ""right_hand_translation_m"": null, ""selected_step"": ""r2_gear_rod"", ""step_attempt"": 3, ""step_elapsed_s"": 23.795322380959988, ""step_event_index"": 79, ""total_hand_translation_m"": null, ""trial_finished_elapsed_s"": null, ""trial_recording"": true, ""trial_required_tool_ids"": [15, 27, 28, 33]}"
2026-09-03T21:29:16.376-04:00,junhyun,gesture,part_selection,click,r2_gear_rod,Row 2.2: assemble gear rod,ready,3,80,27,GEAR_ROW2_LEFT,2.920407,23.956516,,,,,,,,,,,,,,,1,,,,,,"{""acquired_tool_ids"": [15, 27, 28], ""acquisition_complete"": false, ""completed_steps"": [""r1_bearing_right"", ""r1_bearing_left""], ""head_rotation_deg"": null, ""head_translation_m"": null, ""left_hand_translation_m"": null, ""removed_tool_ids"": [18, 19], ""right_hand_translation_m"": null, ""selected_step"": ""r2_gear_rod"", ""step_attempt"": 3, ""step_elapsed_s"": 23.956557022989728, ""step_event_index"": 80, ""total_hand_translation_m"": null, ""trial_finished_elapsed_s"": null, ""trial_recording"": true, ""trial_required_tool_ids"": [15, 27, 28, 33]}"
2026-09-03T21:29:16.453-04:00,junhyun,gesture,object_acquired,click,r2_gear_rod,Row 2.2: assemble gear rod,ready,3,81,27,GEAR_ROW2_LEFT,2.920407,23.956516,,,,,,,,,,,,,,,1,,,,,,"{""acquired_tool_ids"": [15, 27, 28], ""acquisition_complete"": false, ""completed_steps"": [""r1_bearing_right"", ""r1_bearing_left""], ""head_rotation_deg"": null, ""head_translation_m"": null, ""left_hand_translation_m"": null, ""removed_tool_ids"": [18, 19], ""right_hand_translation_m"": null, ""selected_step"": ""r2_gear_rod"", ""step_attempt"": 3, ""step_elapsed_s"": 24.033591863000765, ""step_event_index"": 81, ""total_hand_translation_m"": null, ""trial_finished_elapsed_s"": null, ""trial_recording"": true, ""trial_required_tool_ids"": [15, 27, 28, 33]}"
2026-09-03T21:29:16.510-04:00,junhyun,gesture,tts_queued,lifecycle,r2_gear_rod,Row 2.2: assemble gear rod,ready,3,82,,,,24.090730,,,,,,,,,,,,,,,,1 part left.,,,replace,,"{""acquired_tool_ids"": [15, 27, 28], ""acquisition_complete"": false, ""completed_steps"": [""r1_bearing_right"", ""r1_bearing_left""], ""head_rotation_deg"": null, ""head_translation_m"": null, ""left_hand_translation_m"": null, ""removed_tool_ids"": [18, 19], ""right_hand_translation_m"": null, ""selected_step"": ""r2_gear_rod"", ""step_attempt"": 3, ""step_elapsed_s"": 24.090740917949006, ""step_event_index"": 82, ""total_hand_translation_m"": null, ""trial_finished_elapsed_s"": null, ""trial_recording"": true, ""trial_required_tool_ids"": [15, 27, 28, 33]}"
2026-09-03T21:29:16.584-04:00,junhyun,gesture,tts_started,lifecycle,r2_gear_rod,Row 2.2: assemble gear rod,ready,3,83,,,,24.164540,,,,,,,,,,,,,,,,1 part left.,,,,,"{""acquired_tool_ids"": [15, 27, 28], ""acquisition_complete"": false, ""completed_steps"": [""r1_bearing_right"", ""r1_bearing_left""], ""head_rotation_deg"": null, ""head_translation_m"": null, ""left_hand_translation_m"": null, ""removed_tool_ids"": [18, 19], ""right_hand_translation_m"": null, ""selected_step"": ""r2_gear_rod"", ""step_attempt"": 3, ""step_elapsed_s"": 24.164550799992867, ""step_event_index"": 83, ""total_hand_translation_m"": null, ""trial_finished_elapsed_s"": null, ""trial_recording"": true, ""trial_required_tool_ids"": [15, 27, 28, 33]}"
2026-09-03T21:29:17.738-04:00,junhyun,gesture,hover,hover,r2_gear_rod,Row 2.2: assemble gear rod,ready,3,84,34,BEARINGS,,,,,,,,,,,,,,,,,,,,,,,"{""acquired_tool_ids"": [15, 27, 28], ""acquisition_complete"": false, ""completed_steps"": [""r1_bearing_right"", ""r1_bearing_left""], ""head_rotation_deg"": null, ""head_translation_m"": null, ""left_hand_translation_m"": null, ""removed_tool_ids"": [18, 19], ""right_hand_translation_m"": null, ""selected_step"": ""r2_gear_rod"", ""step_attempt"": 3, ""step_elapsed_s"": 25.31877699494362, ""step_event_index"": 84, ""total_hand_translation_m"": null, ""trial_finished_elapsed_s"": null, ""trial_recording"": true, ""trial_required_tool_ids"": [15, 27, 28, 33]}"
2026-09-03T21:29:17.843-04:00,junhyun,gesture,tts_queued,lifecycle,r2_gear_rod,Row 2.2: assemble gear rod,ready,3,85,,,,25.424200,,,,,,,,,,,,,,,,bearing,,,replace_hover,,"{""acquired_tool_ids"": [15, 27, 28], ""acquisition_complete"": false, ""completed_steps"": [""r1_bearing_right"", ""r1_bearing_left""], ""head_rotation_deg"": null, ""head_translation_m"": null, ""left_hand_translation_m"": null, ""removed_tool_ids"": [18, 19], ""right_hand_translation_m"": null, ""selected_step"": ""r2_gear_rod"", ""step_attempt"": 3, ""step_elapsed_s"": 25.42422289995011, ""step_event_index"": 85, ""total_hand_translation_m"": null, ""trial_finished_elapsed_s"": null, ""trial_recording"": true, ""trial_required_tool_ids"": [15, 27, 28, 33]}"
2026-09-03T21:29:17.917-04:00,junhyun,gesture,tts_finished,lifecycle,r2_gear_rod,Row 2.2: assemble gear rod,ready,3,86,,,,25.498211,,,,,,,,,,,,,,,,1 part left.,,,,,"{""acquired_tool_ids"": [15, 27, 28], ""acquisition_complete"": false, ""completed_steps"": [""r1_bearing_right"", ""r1_bearing_left""], ""head_rotation_deg"": null, ""head_translation_m"": null, ""left_hand_translation_m"": null, ""removed_tool_ids"": [18, 19], ""right_hand_translation_m"": null, ""selected_step"": ""r2_gear_rod"", ""step_attempt"": 3, ""step_elapsed_s"": 25.49823246500455, ""step_event_index"": 86, ""total_hand_translation_m"": null, ""trial_finished_elapsed_s"": null, ""trial_recording"": true, ""trial_required_tool_ids"": [15, 27, 28, 33]}"
2026-09-03T21:29:17.985-04:00,junhyun,gesture,tts_started,lifecycle,r2_gear_rod,Row 2.2: assemble gear rod,ready,3,87,,,,25.566240,,,,,,,,,,,,,,,,bearing,,,,,"{""acquired_tool_ids"": [15, 27, 28], ""acquisition_complete"": false, ""completed_steps"": [""r1_bearing_right"", ""r1_bearing_left""], ""head_rotation_deg"": null, ""head_translation_m"": null, ""left_hand_translation_m"": null, ""removed_tool_ids"": [18, 19], ""right_hand_translation_m"": null, ""selected_step"": ""r2_gear_rod"", ""step_attempt"": 3, ""step_elapsed_s"": 25.56624954403378, ""step_event_index"": 87, ""total_hand_translation_m"": null, ""trial_finished_elapsed_s"": null, ""trial_recording"": true, ""trial_required_tool_ids"": [15, 27, 28, 33]}"
2026-09-03T21:29:18.565-04:00,junhyun,gesture,tts_finished,lifecycle,r2_gear_rod,Row 2.2: assemble gear rod,ready,3,88,,,,26.145324,,,,,,,,,,,,,,,,bearing,,,,,"{""acquired_tool_ids"": [15, 27, 28], ""acquisition_complete"": false, ""completed_steps"": [""r1_bearing_right"", ""r1_bearing_left""], ""head_rotation_deg"": null, ""head_translation_m"": null, ""left_hand_translation_m"": null, ""removed_tool_ids"": [18, 19], ""right_hand_translation_m"": null, ""selected_step"": ""r2_gear_rod"", ""step_attempt"": 3, ""step_elapsed_s"": 26.14533811598085, ""step_event_index"": 88, ""total_hand_translation_m"": null, ""trial_finished_elapsed_s"": null, ""trial_recording"": true, ""trial_required_tool_ids"": [15, 27, 28, 33]}"
2026-09-03T21:29:19.383-04:00,junhyun,gesture,hover,hover,r2_gear_rod,Row 2.2: assemble gear rod,ready,3,89,32,CRANK_HANDLE,,,,,,,,,,,,,,,,,,,,,,,"{""acquired_tool_ids"": [15, 27, 28], ""acquisition_complete"": false, ""completed_steps"": [""r1_bearing_right"", ""r1_bearing_left""], ""head_rotation_deg"": null, ""head_translation_m"": null, ""left_hand_translation_m"": null, ""removed_tool_ids"": [18, 19], ""right_hand_translation_m"": null, ""selected_step"": ""r2_gear_rod"", ""step_attempt"": 3, ""step_elapsed_s"": 26.963885896024294, ""step_event_index"": 89, ""total_hand_translation_m"": null, ""trial_finished_elapsed_s"": null, ""trial_recording"": true, ""trial_required_tool_ids"": [15, 27, 28, 33]}"
2026-09-03T21:29:19.460-04:00,junhyun,gesture,tts_queued,lifecycle,r2_gear_rod,Row 2.2: assemble gear rod,ready,3,90,,,,27.040992,,,,,,,,,,,,,,,,handle,,,replace_hover,,"{""acquired_tool_ids"": [15, 27, 28], ""acquisition_complete"": false, ""completed_steps"": [""r1_bearing_right"", ""r1_bearing_left""], ""head_rotation_deg"": null, ""head_translation_m"": null, ""left_hand_translation_m"": null, ""removed_tool_ids"": [18, 19], ""right_hand_translation_m"": null, ""selected_step"": ""r2_gear_rod"", ""step_attempt"": 3, ""step_elapsed_s"": 27.041001275996678, ""step_event_index"": 90, ""total_hand_translation_m"": null, ""trial_finished_elapsed_s"": null, ""trial_recording"": true, ""trial_required_tool_ids"": [15, 27, 28, 33]}"
2026-09-03T21:29:19.570-04:00,junhyun,gesture,tts_started,lifecycle,r2_gear_rod,Row 2.2: assemble gear rod,ready,3,91,,,,27.151272,,,,,,,,,,,,,,,,handle,,,,,"{""acquired_tool_ids"": [15, 27, 28], ""acquisition_complete"": false, ""completed_steps"": [""r1_bearing_right"", ""r1_bearing_left""], ""head_rotation_deg"": null, ""head_translation_m"": null, ""left_hand_translation_m"": null, ""removed_tool_ids"": [18, 19], ""right_hand_translation_m"": null, ""selected_step"": ""r2_gear_rod"", ""step_attempt"": 3, ""step_elapsed_s"": 27.15128403203562, ""step_event_index"": 91, ""total_hand_translation_m"": null, ""trial_finished_elapsed_s"": null, ""trial_recording"": true, ""trial_required_tool_ids"": [15, 27, 28, 33]}"
2026-09-03T21:29:19.877-04:00,junhyun,gesture,hover,hover,r2_gear_rod,Row 2.2: assemble gear rod,ready,3,92,33,PINS,,,,,,,,,,,,,,,,,,,,,,,"{""acquired_tool_ids"": [15, 27, 28], ""acquisition_complete"": false, ""completed_steps"": [""r1_bearing_right"", ""r1_bearing_left""], ""head_rotation_deg"": null, ""head_translation_m"": null, ""left_hand_translation_m"": null, ""removed_tool_ids"": [18, 19], ""right_hand_translation_m"": null, ""selected_step"": ""r2_gear_rod"", ""step_attempt"": 3, ""step_elapsed_s"": 27.457674256991595, ""step_event_index"": 92, ""total_hand_translation_m"": null, ""trial_finished_elapsed_s"": null, ""trial_recording"": true, ""trial_required_tool_ids"": [15, 27, 28, 33]}"
2026-09-03T21:29:19.944-04:00,junhyun,gesture,tts_queued,lifecycle,r2_gear_rod,Row 2.2: assemble gear rod,ready,3,93,,,,27.525258,,,,,,,,,,,,,,,,pin,,,replace_hover,,"{""acquired_tool_ids"": [15, 27, 28], ""acquisition_complete"": false, ""completed_steps"": [""r1_bearing_right"", ""r1_bearing_left""], ""head_rotation_deg"": null, ""head_translation_m"": null, ""left_hand_translation_m"": null, ""removed_tool_ids"": [18, 19], ""right_hand_translation_m"": null, ""selected_step"": ""r2_gear_rod"", ""step_attempt"": 3, ""step_elapsed_s"": 27.525269214995205, ""step_event_index"": 93, ""total_hand_translation_m"": null, ""trial_finished_elapsed_s"": null, ""trial_recording"": true, ""trial_required_tool_ids"": [15, 27, 28, 33]}"
2026-09-03T21:29:20.003-04:00,junhyun,gesture,tts_finished,lifecycle,r2_gear_rod,Row 2.2: assemble gear rod,ready,3,94,,,,27.583346,,,,,,,,,,,,,,,,handle,,,,,"{""acquired_tool_ids"": [15, 27, 28], ""acquisition_complete"": false, ""completed_steps"": [""r1_bearing_right"", ""r1_bearing_left""], ""head_rotation_deg"": null, ""head_translation_m"": null, ""left_hand_translation_m"": null, ""removed_tool_ids"": [18, 19], ""right_hand_translation_m"": null, ""selected_step"": ""r2_gear_rod"", ""step_attempt"": 3, ""step_elapsed_s"": 27.583353752968833, ""step_event_index"": 94, ""total_hand_translation_m"": null, ""trial_finished_elapsed_s"": null, ""trial_recording"": true, ""trial_required_tool_ids"": [15, 27, 28, 33]}"
2026-09-03T21:29:20.053-04:00,junhyun,gesture,tts_started,lifecycle,r2_gear_rod,Row 2.2: assemble gear rod,ready,3,95,,,,27.634282,,,,,,,,,,,,,,,,pin,,,,,"{""acquired_tool_ids"": [15, 27, 28], ""acquisition_complete"": false, ""completed_steps"": [""r1_bearing_right"", ""r1_bearing_left""], ""head_rotation_deg"": null, ""head_translation_m"": null, ""left_hand_translation_m"": null, ""removed_tool_ids"": [18, 19], ""right_hand_translation_m"": null, ""selected_step"": ""r2_gear_rod"", ""step_attempt"": 3, ""step_elapsed_s"": 27.634294103016146, ""step_event_index"": 95, ""total_hand_translation_m"": null, ""trial_finished_elapsed_s"": null, ""trial_recording"": true, ""trial_required_tool_ids"": [15, 27, 28, 33]}"
2026-09-03T21:29:20.309-04:00,junhyun,gesture,hover,hover,r2_gear_rod,Row 2.2: assemble gear rod,ready,3,96,32,CRANK_HANDLE,,,,,,,,,,,,,,,,,,,,,,,"{""acquired_tool_ids"": [15, 27, 28], ""acquisition_complete"": false, ""completed_steps"": [""r1_bearing_right"", ""r1_bearing_left""], ""head_rotation_deg"": null, ""head_translation_m"": null, ""left_hand_translation_m"": null, ""removed_tool_ids"": [18, 19], ""right_hand_translation_m"": null, ""selected_step"": ""r2_gear_rod"", ""step_attempt"": 3, ""step_elapsed_s"": 27.889359902008437, ""step_event_index"": 96, ""total_hand_translation_m"": null, ""trial_finished_elapsed_s"": null, ""trial_recording"": true, ""trial_required_tool_ids"": [15, 27, 28, 33]}"
2026-09-03T21:29:20.377-04:00,junhyun,gesture,tts_queued,lifecycle,r2_gear_rod,Row 2.2: assemble gear rod,ready,3,97,,,,27.958041,,,,,,,,,,,,,,,,handle,,,replace_hover,,"{""acquired_tool_ids"": [15, 27, 28], ""acquisition_complete"": false, ""completed_steps"": [""r1_bearing_right"", ""r1_bearing_left""], ""head_rotation_deg"": null, ""head_translation_m"": null, ""left_hand_translation_m"": null, ""removed_tool_ids"": [18, 19], ""right_hand_translation_m"": null, ""selected_step"": ""r2_gear_rod"", ""step_attempt"": 3, ""step_elapsed_s"": 27.95805161795579, ""step_event_index"": 97, ""total_hand_translation_m"": null, ""trial_finished_elapsed_s"": null, ""trial_recording"": true, ""trial_required_tool_ids"": [15, 27, 28, 33]}"
2026-09-03T21:29:20.465-04:00,junhyun,gesture,tts_finished,lifecycle,r2_gear_rod,Row 2.2: assemble gear rod,ready,3,98,,,,28.045648,,,,,,,,,,,,,,,,pin,,,,,"{""acquired_tool_ids"": [15, 27, 28], ""acquisition_complete"": false, ""completed_steps"": [""r1_bearing_right"", ""r1_bearing_left""], ""head_rotation_deg"": null, ""head_translation_m"": null, ""left_hand_translation_m"": null, ""removed_tool_ids"": [18, 19], ""right_hand_translation_m"": null, ""selected_step"": ""r2_gear_rod"", ""step_attempt"": 3, ""step_elapsed_s"": 28.04565755103249, ""step_event_index"": 98, ""total_hand_translation_m"": null, ""trial_finished_elapsed_s"": null, ""trial_recording"": true, ""trial_required_tool_ids"": [15, 27, 28, 33]}"
2026-09-03T21:29:20.547-04:00,junhyun,gesture,tts_started,lifecycle,r2_gear_rod,Row 2.2: assemble gear rod,ready,3,99,,,,28.127831,,,,,,,,,,,,,,,,handle,,,,,"{""acquired_tool_ids"": [15, 27, 28], ""acquisition_complete"": false, ""completed_steps"": [""r1_bearing_right"", ""r1_bearing_left""], ""head_rotation_deg"": null, ""head_translation_m"": null, ""left_hand_translation_m"": null, ""removed_tool_ids"": [18, 19], ""right_hand_translation_m"": null, ""selected_step"": ""r2_gear_rod"", ""step_attempt"": 3, ""step_elapsed_s"": 28.12784146296326, ""step_event_index"": 99, ""total_hand_translation_m"": null, ""trial_finished_elapsed_s"": null, ""trial_recording"": true, ""trial_required_tool_ids"": [15, 27, 28, 33]}"
2026-09-03T21:29:21.133-04:00,junhyun,gesture,tts_finished,lifecycle,r2_gear_rod,Row 2.2: assemble gear rod,ready,3,100,,,,28.713503,,,,,,,,,,,,,,,,handle,,,,,"{""acquired_tool_ids"": [15, 27, 28], ""acquisition_complete"": false, ""completed_steps"": [""r1_bearing_right"", ""r1_bearing_left""], ""head_rotation_deg"": null, ""head_translation_m"": null, ""left_hand_translation_m"": null, ""removed_tool_ids"": [18, 19], ""right_hand_translation_m"": null, ""selected_step"": ""r2_gear_rod"", ""step_attempt"": 3, ""step_elapsed_s"": 28.71351557096932, ""step_event_index"": 100, ""total_hand_translation_m"": null, ""trial_finished_elapsed_s"": null, ""trial_recording"": true, ""trial_required_tool_ids"": [15, 27, 28, 33]}"
2026-09-03T21:29:21.631-04:00,junhyun,gesture,hover,hover,r2_gear_rod,Row 2.2: assemble gear rod,ready,3,101,33,PINS,,,,,,,,,,,,,,,,,,,,,,,"{""acquired_tool_ids"": [15, 27, 28], ""acquisition_complete"": false, ""completed_steps"": [""r1_bearing_right"", ""r1_bearing_left""], ""head_rotation_deg"": null, ""head_translation_m"": null, ""left_hand_translation_m"": null, ""removed_tool_ids"": [18, 19], ""right_hand_translation_m"": null, ""selected_step"": ""r2_gear_rod"", ""step_attempt"": 3, ""step_elapsed_s"": 29.211534466943704, ""step_event_index"": 101, ""total_hand_translation_m"": null, ""trial_finished_elapsed_s"": null, ""trial_recording"": true, ""trial_required_tool_ids"": [15, 27, 28, 33]}"
2026-09-03T21:29:21.683-04:00,junhyun,gesture,tts_queued,lifecycle,r2_gear_rod,Row 2.2: assemble gear rod,ready,3,102,,,,29.264195,,,,,,,,,,,,,,,,pin,,,replace_hover,,"{""acquired_tool_ids"": [15, 27, 28], ""acquisition_complete"": false, ""completed_steps"": [""r1_bearing_right"", ""r1_bearing_left""], ""head_rotation_deg"": null, ""head_translation_m"": null, ""left_hand_translation_m"": null, ""removed_tool_ids"": [18, 19], ""right_hand_translation_m"": null, ""selected_step"": ""r2_gear_rod"", ""step_attempt"": 3, ""step_elapsed_s"": 29.264221193967387, ""step_event_index"": 102, ""total_hand_translation_m"": null, ""trial_finished_elapsed_s"": null, ""trial_recording"": true, ""trial_required_tool_ids"": [15, 27, 28, 33]}"
2026-09-03T21:29:21.750-04:00,junhyun,gesture,tts_started,lifecycle,r2_gear_rod,Row 2.2: assemble gear rod,ready,3,103,,,,29.330528,,,,,,,,,,,,,,,,pin,,,,,"{""acquired_tool_ids"": [15, 27, 28], ""acquisition_complete"": false, ""completed_steps"": [""r1_bearing_right"", ""r1_bearing_left""], ""head_rotation_deg"": null, ""head_translation_m"": null, ""left_hand_translation_m"": null, ""removed_tool_ids"": [18, 19], ""right_hand_translation_m"": null, ""selected_step"": ""r2_gear_rod"", ""step_attempt"": 3, ""step_elapsed_s"": 29.330542517942376, ""step_event_index"": 103, ""total_hand_translation_m"": null, ""trial_finished_elapsed_s"": null, ""trial_recording"": true, ""trial_required_tool_ids"": [15, 27, 28, 33]}"
2026-09-03T21:29:22.199-04:00,junhyun,gesture,tts_finished,lifecycle,r2_gear_rod,Row 2.2: assemble gear rod,ready,3,104,,,,29.779839,,,,,,,,,,,,,,,,pin,,,,,"{""acquired_tool_ids"": [15, 27, 28], ""acquisition_complete"": false, ""completed_steps"": [""r1_bearing_right"", ""r1_bearing_left""], ""head_rotation_deg"": null, ""head_translation_m"": null, ""left_hand_translation_m"": null, ""removed_tool_ids"": [18, 19], ""right_hand_translation_m"": null, ""selected_step"": ""r2_gear_rod"", ""step_attempt"": 3, ""step_elapsed_s"": 29.779852709034458, ""step_event_index"": 104, ""total_hand_translation_m"": null, ""trial_finished_elapsed_s"": null, ""trial_recording"": true, ""trial_required_tool_ids"": [15, 27, 28, 33]}"
2026-09-03T21:29:23.597-04:00,junhyun,gesture,hover,hover,r2_gear_rod,Row 2.2: assemble gear rod,ready,3,105,35,SCREWS,,,,,,,,,,,,,,,,,,,,,,,"{""acquired_tool_ids"": [15, 27, 28], ""acquisition_complete"": false, ""completed_steps"": [""r1_bearing_right"", ""r1_bearing_left""], ""head_rotation_deg"": null, ""head_translation_m"": null, ""left_hand_translation_m"": null, ""removed_tool_ids"": [18, 19], ""right_hand_translation_m"": null, ""selected_step"": ""r2_gear_rod"", ""step_attempt"": 3, ""step_elapsed_s"": 31.177588023012504, ""step_event_index"": 105, ""total_hand_translation_m"": null, ""trial_finished_elapsed_s"": null, ""trial_recording"": true, ""trial_required_tool_ids"": [15, 27, 28, 33]}"
2026-09-03T21:29:23.678-04:00,junhyun,gesture,tts_queued,lifecycle,r2_gear_rod,Row 2.2: assemble gear rod,ready,3,106,,,,31.258813,,,,,,,,,,,,,,,,screw,,,replace_hover,,"{""acquired_tool_ids"": [15, 27, 28], ""acquisition_complete"": false, ""completed_steps"": [""r1_bearing_right"", ""r1_bearing_left""], ""head_rotation_deg"": null, ""head_translation_m"": null, ""left_hand_translation_m"": null, ""removed_tool_ids"": [18, 19], ""right_hand_translation_m"": null, ""selected_step"": ""r2_gear_rod"", ""step_attempt"": 3, ""step_elapsed_s"": 31.258825091994368, ""step_event_index"": 106, ""total_hand_translation_m"": null, ""trial_finished_elapsed_s"": null, ""trial_recording"": true, ""trial_required_tool_ids"": [15, 27, 28, 33]}"
2026-09-03T21:29:23.741-04:00,junhyun,gesture,tts_started,lifecycle,r2_gear_rod,Row 2.2: assemble gear rod,ready,3,107,,,,31.321515,,,,,,,,,,,,,,,,screw,,,,,"{""acquired_tool_ids"": [15, 27, 28], ""acquisition_complete"": false, ""completed_steps"": [""r1_bearing_right"", ""r1_bearing_left""], ""head_rotation_deg"": null, ""head_translation_m"": null, ""left_hand_translation_m"": null, ""removed_tool_ids"": [18, 19], ""right_hand_translation_m"": null, ""selected_step"": ""r2_gear_rod"", ""step_attempt"": 3, ""step_elapsed_s"": 31.321524737984873, ""step_event_index"": 107, ""total_hand_translation_m"": null, ""trial_finished_elapsed_s"": null, ""trial_recording"": true, ""trial_required_tool_ids"": [15, 27, 28, 33]}"
2026-09-03T21:29:24.284-04:00,junhyun,gesture,tts_finished,lifecycle,r2_gear_rod,Row 2.2: assemble gear rod,ready,3,108,,,,31.864408,,,,,,,,,,,,,,,,screw,,,,,"{""acquired_tool_ids"": [15, 27, 28], ""acquisition_complete"": false, ""completed_steps"": [""r1_bearing_right"", ""r1_bearing_left""], ""head_rotation_deg"": null, ""head_translation_m"": null, ""left_hand_translation_m"": null, ""removed_tool_ids"": [18, 19], ""right_hand_translation_m"": null, ""selected_step"": ""r2_gear_rod"", ""step_attempt"": 3, ""step_elapsed_s"": 31.86442309198901, ""step_event_index"": 108, ""total_hand_translation_m"": null, ""trial_finished_elapsed_s"": null, ""trial_recording"": true, ""trial_required_tool_ids"": [15, 27, 28, 33]}"
2026-09-03T21:29:24.730-04:00,junhyun,gesture,hover,hover,r2_gear_rod,Row 2.2: assemble gear rod,ready,3,109,35,SCREWS,,,,,,,,,,,,,,,,,,,,,,,"{""acquired_tool_ids"": [15, 27, 28], ""acquisition_complete"": false, ""completed_steps"": [""r1_bearing_right"", ""r1_bearing_left""], ""head_rotation_deg"": null, ""head_translation_m"": null, ""left_hand_translation_m"": null, ""removed_tool_ids"": [18, 19], ""right_hand_translation_m"": null, ""selected_step"": ""r2_gear_rod"", ""step_attempt"": 3, ""step_elapsed_s"": 32.311013304046355, ""step_event_index"": 109, ""total_hand_translation_m"": null, ""trial_finished_elapsed_s"": null, ""trial_recording"": true, ""trial_required_tool_ids"": [15, 27, 28, 33]}"
2026-09-03T21:29:24.795-04:00,junhyun,gesture,tts_queued,lifecycle,r2_gear_rod,Row 2.2: assemble gear rod,ready,3,110,,,,32.375794,,,,,,,,,,,,,,,,screw,,,replace_hover,,"{""acquired_tool_ids"": [15, 27, 28], ""acquisition_complete"": false, ""completed_steps"": [""r1_bearing_right"", ""r1_bearing_left""], ""head_rotation_deg"": null, ""head_translation_m"": null, ""left_hand_translation_m"": null, ""removed_tool_ids"": [18, 19], ""right_hand_translation_m"": null, ""selected_step"": ""r2_gear_rod"", ""step_attempt"": 3, ""step_elapsed_s"": 32.37580658402294, ""step_event_index"": 110, ""total_hand_translation_m"": null, ""trial_finished_elapsed_s"": null, ""trial_recording"": true, ""trial_required_tool_ids"": [15, 27, 28, 33]}"
2026-09-03T21:29:24.925-04:00,junhyun,gesture,tts_started,lifecycle,r2_gear_rod,Row 2.2: assemble gear rod,ready,3,111,,,,32.506126,,,,,,,,,,,,,,,,screw,,,,,"{""acquired_tool_ids"": [15, 27, 28], ""acquisition_complete"": false, ""completed_steps"": [""r1_bearing_right"", ""r1_bearing_left""], ""head_rotation_deg"": null, ""head_translation_m"": null, ""left_hand_translation_m"": null, ""removed_tool_ids"": [18, 19], ""right_hand_translation_m"": null, ""selected_step"": ""r2_gear_rod"", ""step_attempt"": 3, ""step_elapsed_s"": 32.50613837700803, ""step_event_index"": 111, ""total_hand_translation_m"": null, ""trial_finished_elapsed_s"": null, ""trial_recording"": true, ""trial_required_tool_ids"": [15, 27, 28, 33]}"
2026-09-03T21:29:25.434-04:00,junhyun,gesture,tts_finished,lifecycle,r2_gear_rod,Row 2.2: assemble gear rod,ready,3,112,,,,33.014562,,,,,,,,,,,,,,,,screw,,,,,"{""acquired_tool_ids"": [15, 27, 28], ""acquisition_complete"": false, ""completed_steps"": [""r1_bearing_right"", ""r1_bearing_left""], ""head_rotation_deg"": null, ""head_translation_m"": null, ""left_hand_translation_m"": null, ""removed_tool_ids"": [18, 19], ""right_hand_translation_m"": null, ""selected_step"": ""r2_gear_rod"", ""step_attempt"": 3, ""step_elapsed_s"": 33.01457511703484, ""step_event_index"": 112, ""total_hand_translation_m"": null, ""trial_finished_elapsed_s"": null, ""trial_recording"": true, ""trial_required_tool_ids"": [15, 27, 28, 33]}"
2026-09-03T21:29:26.440-04:00,junhyun,gesture,hover,hover,r2_gear_rod,Row 2.2: assemble gear rod,ready,3,113,33,PINS,,,,,,,,,,,,,,,,,,,,,,,"{""acquired_tool_ids"": [15, 27, 28], ""acquisition_complete"": false, ""completed_steps"": [""r1_bearing_right"", ""r1_bearing_left""], ""head_rotation_deg"": null, ""head_translation_m"": null, ""left_hand_translation_m"": null, ""removed_tool_ids"": [18, 19], ""right_hand_translation_m"": null, ""selected_step"": ""r2_gear_rod"", ""step_attempt"": 3, ""step_elapsed_s"": 34.02114119997714, ""step_event_index"": 113, ""total_hand_translation_m"": null, ""trial_finished_elapsed_s"": null, ""trial_recording"": true, ""trial_required_tool_ids"": [15, 27, 28, 33]}"
2026-09-03T21:29:26.506-04:00,junhyun,gesture,tts_queued,lifecycle,r2_gear_rod,Row 2.2: assemble gear rod,ready,3,114,,,,34.087099,,,,,,,,,,,,,,,,pin,,,replace_hover,,"{""acquired_tool_ids"": [15, 27, 28], ""acquisition_complete"": false, ""completed_steps"": [""r1_bearing_right"", ""r1_bearing_left""], ""head_rotation_deg"": null, ""head_translation_m"": null, ""left_hand_translation_m"": null, ""removed_tool_ids"": [18, 19], ""right_hand_translation_m"": null, ""selected_step"": ""r2_gear_rod"", ""step_attempt"": 3, ""step_elapsed_s"": 34.087112469016574, ""step_event_index"": 114, ""total_hand_translation_m"": null, ""trial_finished_elapsed_s"": null, ""trial_recording"": true, ""trial_required_tool_ids"": [15, 27, 28, 33]}"
2026-09-03T21:29:26.603-04:00,junhyun,gesture,tts_started,lifecycle,r2_gear_rod,Row 2.2: assemble gear rod,ready,3,115,,,,34.183558,,,,,,,,,,,,,,,,pin,,,,,"{""acquired_tool_ids"": [15, 27, 28], ""acquisition_complete"": false, ""completed_steps"": [""r1_bearing_right"", ""r1_bearing_left""], ""head_rotation_deg"": null, ""head_translation_m"": null, ""left_hand_translation_m"": null, ""removed_tool_ids"": [18, 19], ""right_hand_translation_m"": null, ""selected_step"": ""r2_gear_rod"", ""step_attempt"": 3, ""step_elapsed_s"": 34.18357185705099, ""step_event_index"": 115, ""total_hand_translation_m"": null, ""trial_finished_elapsed_s"": null, ""trial_recording"": true, ""trial_required_tool_ids"": [15, 27, 28, 33]}"
2026-09-03T21:29:27.238-04:00,junhyun,gesture,tts_finished,lifecycle,r2_gear_rod,Row 2.2: assemble gear rod,ready,3,116,,,,34.818619,,,,,,,,,,,,,,,,pin,,,,,"{""acquired_tool_ids"": [15, 27, 28], ""acquisition_complete"": false, ""completed_steps"": [""r1_bearing_right"", ""r1_bearing_left""], ""head_rotation_deg"": null, ""head_translation_m"": null, ""left_hand_translation_m"": null, ""removed_tool_ids"": [18, 19], ""right_hand_translation_m"": null, ""selected_step"": ""r2_gear_rod"", ""step_attempt"": 3, ""step_elapsed_s"": 34.81862967798952, ""step_event_index"": 116, ""total_hand_translation_m"": null, ""trial_finished_elapsed_s"": null, ""trial_recording"": true, ""trial_required_tool_ids"": [15, 27, 28, 33]}"
2026-09-03T21:29:28.701-04:00,junhyun,gesture,part_selection,click,r2_gear_rod,Row 2.2: assemble gear rod,ready,3,117,33,PINS,12.324755,36.281271,,,,,,,,,,,,,,,1,,,,,,"{""acquired_tool_ids"": [15, 27, 28, 33], ""acquisition_complete"": false, ""completed_steps"": [""r1_bearing_right"", ""r1_bearing_left""], ""head_rotation_deg"": null, ""head_translation_m"": null, ""left_hand_translation_m"": null, ""removed_tool_ids"": [18, 19], ""right_hand_translation_m"": null, ""selected_step"": ""r2_gear_rod"", ""step_attempt"": 3, ""step_elapsed_s"": 36.281317676999606, ""step_event_index"": 117, ""total_hand_translation_m"": null, ""trial_finished_elapsed_s"": null, ""trial_recording"": true, ""trial_required_tool_ids"": [15, 27, 28, 33]}"
2026-09-03T21:29:28.731-04:00,junhyun,gesture,object_acquired,click,r2_gear_rod,Row 2.2: assemble gear rod,ready,3,118,33,PINS,12.324755,36.281271,,,,,,,,,,,,,,,1,,,,,,"{""acquired_tool_ids"": [15, 27, 28, 33], ""acquisition_complete"": false, ""completed_steps"": [""r1_bearing_right"", ""r1_bearing_left""], ""head_rotation_deg"": null, ""head_translation_m"": null, ""left_hand_translation_m"": null, ""removed_tool_ids"": [18, 19], ""right_hand_translation_m"": null, ""selected_step"": ""r2_gear_rod"", ""step_attempt"": 3, ""step_elapsed_s"": 36.311596206971444, ""step_event_index"": 118, ""total_hand_translation_m"": null, ""trial_finished_elapsed_s"": null, ""trial_recording"": true, ""trial_required_tool_ids"": [15, 27, 28, 33]}"
2026-09-03T21:29:28.791-04:00,junhyun,gesture,step_acquisition_complete,click,r2_gear_rod,Row 2.2: assemble gear rod,ready,3,119,,,,36.366587,1.540513,186.554047,2.045571,2.788969,4.834540,0.000000,22.166583,22.166583,61.152906,0,25,0.000000,0.786059,0.786059,,,,,,,"{""acquired_tool_ids"": [15, 27, 28, 33], ""acquisition_complete"": true, ""any_hover_time_s"": 22.166582587757148, ""completed_steps"": [""r1_bearing_right"", ""r1_bearing_left""], ""head_rotation_deg"": 186.55404703659934, ""head_translation_m"": 1.540513355991089, ""hover_time_percent"": 61.15290581959817, ""left_hand_translation_m"": 2.045571236631424, ""left_hover_episodes"": 0, ""left_hover_time_s"": 0.0, ""left_hover_translation_m"": 0.0, ""removed_tool_ids"": [15, 18, 19, 27, 28], ""right_hand_translation_m"": 2.7889689023215243, ""right_hover_episodes"": 25, ""right_hover_time_s"": 22.166582587757148, ""right_hover_translation_m"": 0.7860590975504685, ""selected_step"": ""r2_gear_rod"", ""step_attempt"": 3, ""step_elapsed_s"": 36.36658663698472, ""step_event_index"": 119, ""total_hand_translation_m"": 4.834540138952948, ""total_hover_translation_m"": 0.7860590975504685, ""trial_finished_elapsed_s"": 36.36658663698472, ""trial_recording"": false, ""trial_required_tool_ids"": [15, 27, 28, 33]}"
2026-09-03T21:29:28.868-04:00,junhyun,gesture,graph_complete,,r2_gear_rod,Row 2.2: assemble gear rod,complete,3,120,,,,,,,,,,,,,,,,,,,,,,,,,"{""acquired_tool_ids"": [15, 27, 28, 33], ""acquisition_complete"": true, ""any_hover_time_s"": 22.166582587757148, ""completed_steps"": [""r1_bearing_right"", ""r1_bearing_left"", ""r2_gear_rod""], ""head_rotation_deg"": 186.55404703659934, ""head_translation_m"": 1.540513355991089, ""hover_time_percent"": 61.15290581959817, ""left_hand_translation_m"": 2.045571236631424, ""left_hover_episodes"": 0, ""left_hover_time_s"": 0.0, ""left_hover_translation_m"": 0.0, ""removed_tool_ids"": [15, 18, 19, 27, 28], ""right_hand_translation_m"": 2.7889689023215243, ""right_hover_episodes"": 25, ""right_hover_time_s"": 22.166582587757148, ""right_hover_translation_m"": 0.7860590975504685, ""selected_step"": ""r2_gear_rod"", ""step_attempt"": 3, ""step_elapsed_s"": 36.36658663698472, ""step_event_index"": 120, ""total_hand_translation_m"": 4.834540138952948, ""total_hover_translation_m"": 0.7860590975504685, ""trial_finished_elapsed_s"": 36.36658663698472, ""trial_recording"": false, ""trial_required_tool_ids"": [15, 27, 28, 33]}"
2026-09-03T21:29:52.747-04:00,junhyun,gesture,step_started,keyboard,r2_bearing_right,Row 2.1: bearing into right stand,ready,4,1,,,,,,,,,,,,,,,,,,,,,,,,,"{""acquired_tool_ids"": [], ""acquisition_complete"": false, ""completed_steps"": [""r1_bearing_right"", ""r1_bearing_left"", ""r2_gear_rod""], ""head_rotation_deg"": null, ""head_translation_m"": null, ""left_hand_translation_m"": null, ""removed_tool_ids"": [15, 18, 19, 27, 28], ""right_hand_translation_m"": null, ""selected_step"": ""r2_bearing_right"", ""step_attempt"": 4, ""step_elapsed_s"": 8.435000199824572e-05, ""step_event_index"": 1, ""total_hand_translation_m"": null, ""trial_finished_elapsed_s"": null, ""trial_recording"": true, ""trial_required_tool_ids"": [21, 34]}"
2026-09-03T21:29:56.754-04:00,junhyun,gesture,hover,hover,r2_bearing_right,Row 2.1: bearing into right stand,ready,4,2,21,GEAR_STAND_ROW2_RIGHT,,,,,,,,,,,,,,,,,,,,,,,"{""acquired_tool_ids"": [], ""acquisition_complete"": false, ""completed_steps"": [""r1_bearing_right"", ""r1_bearing_left"", ""r2_gear_rod""], ""head_rotation_deg"": null, ""head_translation_m"": null, ""left_hand_translation_m"": null, ""removed_tool_ids"": [15, 18, 19, 27, 28], ""right_hand_translation_m"": null, ""selected_step"": ""r2_bearing_right"", ""step_attempt"": 4, ""step_elapsed_s"": 4.006969002075493, ""step_event_index"": 2, ""total_hand_translation_m"": null, ""trial_finished_elapsed_s"": null, ""trial_recording"": true, ""trial_required_tool_ids"": [21, 34]}"
2026-09-03T21:29:56.783-04:00,junhyun,gesture,tts_queued,lifecycle,r2_bearing_right,Row 2.1: bearing into right stand,ready,4,3,,,,4.036381,,,,,,,,,,,,,,,,Row 2 right stand,,,replace_hover,,"{""acquired_tool_ids"": [], ""acquisition_complete"": false, ""completed_steps"": [""r1_bearing_right"", ""r1_bearing_left"", ""r2_gear_rod""], ""head_rotation_deg"": null, ""head_translation_m"": null, ""left_hand_translation_m"": null, ""removed_tool_ids"": [15, 18, 19, 27, 28], ""right_hand_translation_m"": null, ""selected_step"": ""r2_bearing_right"", ""step_attempt"": 4, ""step_elapsed_s"": 4.0363992400234565, ""step_event_index"": 3, ""total_hand_translation_m"": null, ""trial_finished_elapsed_s"": null, ""trial_recording"": true, ""trial_required_tool_ids"": [21, 34]}"
2026-09-03T21:29:56.874-04:00,junhyun,gesture,tts_started,lifecycle,r2_bearing_right,Row 2.1: bearing into right stand,ready,4,4,,,,4.127114,,,,,,,,,,,,,,,,Row 2 right stand,,,,,"{""acquired_tool_ids"": [], ""acquisition_complete"": false, ""completed_steps"": [""r1_bearing_right"", ""r1_bearing_left"", ""r2_gear_rod""], ""head_rotation_deg"": null, ""head_translation_m"": null, ""left_hand_translation_m"": null, ""removed_tool_ids"": [15, 18, 19, 27, 28], ""right_hand_translation_m"": null, ""selected_step"": ""r2_bearing_right"", ""step_attempt"": 4, ""step_elapsed_s"": 4.127131663030013, ""step_event_index"": 4, ""total_hand_translation_m"": null, ""trial_finished_elapsed_s"": null, ""trial_recording"": true, ""trial_required_tool_ids"": [21, 34]}"
2026-09-03T21:29:58.233-04:00,junhyun,gesture,tts_finished,lifecycle,r2_bearing_right,Row 2.1: bearing into right stand,ready,4,5,,,,5.485896,,,,,,,,,,,,,,,,Row 2 right stand,,,,,"{""acquired_tool_ids"": [], ""acquisition_complete"": false, ""completed_steps"": [""r1_bearing_right"", ""r1_bearing_left"", ""r2_gear_rod""], ""head_rotation_deg"": null, ""head_translation_m"": null, ""left_hand_translation_m"": null, ""removed_tool_ids"": [15, 18, 19, 27, 28], ""right_hand_translation_m"": null, ""selected_step"": ""r2_bearing_right"", ""step_attempt"": 4, ""step_elapsed_s"": 5.485911209019832, ""step_event_index"": 5, ""total_hand_translation_m"": null, ""trial_finished_elapsed_s"": null, ""trial_recording"": true, ""trial_required_tool_ids"": [21, 34]}"
2026-09-03T21:30:00.403-04:00,junhyun,gesture,part_selection,click,r2_bearing_right,Row 2.1: bearing into right stand,ready,4,6,21,GEAR_STAND_ROW2_RIGHT,7.656331,7.656331,,,,,,,,,,,,,,,1,,,,,,"{""acquired_tool_ids"": [21], ""acquisition_complete"": false, ""completed_steps"": [""r1_bearing_right"", ""r1_bearing_left"", ""r2_gear_rod""], ""head_rotation_deg"": null, ""head_translation_m"": null, ""left_hand_translation_m"": null, ""removed_tool_ids"": [15, 18, 19, 27, 28], ""right_hand_translation_m"": null, ""selected_step"": ""r2_bearing_right"", ""step_attempt"": 4, ""step_elapsed_s"": 7.656373691977933, ""step_event_index"": 6, ""total_hand_translation_m"": null, ""trial_finished_elapsed_s"": null, ""trial_recording"": true, ""trial_required_tool_ids"": [21, 34]}"
2026-09-03T21:30:00.428-04:00,junhyun,gesture,object_acquired,click,r2_bearing_right,Row 2.1: bearing into right stand,ready,4,7,21,GEAR_STAND_ROW2_RIGHT,7.656331,7.656331,,,,,,,,,,,,,,,1,,,,,,"{""acquired_tool_ids"": [21], ""acquisition_complete"": false, ""completed_steps"": [""r1_bearing_right"", ""r1_bearing_left"", ""r2_gear_rod""], ""head_rotation_deg"": null, ""head_translation_m"": null, ""left_hand_translation_m"": null, ""removed_tool_ids"": [15, 18, 19, 27, 28], ""right_hand_translation_m"": null, ""selected_step"": ""r2_bearing_right"", ""step_attempt"": 4, ""step_elapsed_s"": 7.680587716051377, ""step_event_index"": 7, ""total_hand_translation_m"": null, ""trial_finished_elapsed_s"": null, ""trial_recording"": true, ""trial_required_tool_ids"": [21, 34]}"
2026-09-03T21:30:00.460-04:00,junhyun,gesture,tts_queued,lifecycle,r2_bearing_right,Row 2.1: bearing into right stand,ready,4,8,,,,7.712795,,,,,,,,,,,,,,,,1 part left.,,,replace,,"{""acquired_tool_ids"": [21], ""acquisition_complete"": false, ""completed_steps"": [""r1_bearing_right"", ""r1_bearing_left"", ""r2_gear_rod""], ""head_rotation_deg"": null, ""head_translation_m"": null, ""left_hand_translation_m"": null, ""removed_tool_ids"": [15, 18, 19, 27, 28], ""right_hand_translation_m"": null, ""selected_step"": ""r2_bearing_right"", ""step_attempt"": 4, ""step_elapsed_s"": 7.7128066420555115, ""step_event_index"": 8, ""total_hand_translation_m"": null, ""trial_finished_elapsed_s"": null, ""trial_recording"": true, ""trial_required_tool_ids"": [21, 34]}"
2026-09-03T21:30:00.532-04:00,junhyun,gesture,tts_started,lifecycle,r2_bearing_right,Row 2.1: bearing into right stand,ready,4,9,,,,7.784825,,,,,,,,,,,,,,,,1 part left.,,,,,"{""acquired_tool_ids"": [21], ""acquisition_complete"": false, ""completed_steps"": [""r1_bearing_right"", ""r1_bearing_left"", ""r2_gear_rod""], ""head_rotation_deg"": null, ""head_translation_m"": null, ""left_hand_translation_m"": null, ""removed_tool_ids"": [15, 18, 19, 27, 28], ""right_hand_translation_m"": null, ""selected_step"": ""r2_bearing_right"", ""step_attempt"": 4, ""step_elapsed_s"": 7.784841959015466, ""step_event_index"": 9, ""total_hand_translation_m"": null, ""trial_finished_elapsed_s"": null, ""trial_recording"": true, ""trial_required_tool_ids"": [21, 34]}"
2026-09-03T21:30:01.768-04:00,junhyun,gesture,tts_finished,lifecycle,r2_bearing_right,Row 2.1: bearing into right stand,ready,4,10,,,,9.021280,,,,,,,,,,,,,,,,1 part left.,,,,,"{""acquired_tool_ids"": [21], ""acquisition_complete"": false, ""completed_steps"": [""r1_bearing_right"", ""r1_bearing_left"", ""r2_gear_rod""], ""head_rotation_deg"": null, ""head_translation_m"": null, ""left_hand_translation_m"": null, ""removed_tool_ids"": [15, 18, 19, 27, 28], ""right_hand_translation_m"": null, ""selected_step"": ""r2_bearing_right"", ""step_attempt"": 4, ""step_elapsed_s"": 9.021291968063451, ""step_event_index"": 10, ""total_hand_translation_m"": null, ""trial_finished_elapsed_s"": null, ""trial_recording"": true, ""trial_required_tool_ids"": [21, 34]}"
2026-09-03T21:30:03.705-04:00,junhyun,gesture,hover,hover,r2_bearing_right,Row 2.1: bearing into right stand,ready,4,11,35,SCREWS,,,,,,,,,,,,,,,,,,,,,,,"{""acquired_tool_ids"": [21], ""acquisition_complete"": false, ""completed_steps"": [""r1_bearing_right"", ""r1_bearing_left"", ""r2_gear_rod""], ""head_rotation_deg"": null, ""head_translation_m"": null, ""left_hand_translation_m"": null, ""removed_tool_ids"": [15, 18, 19, 27, 28], ""right_hand_translation_m"": null, ""selected_step"": ""r2_bearing_right"", ""step_attempt"": 4, ""step_elapsed_s"": 10.957642064080574, ""step_event_index"": 11, ""total_hand_translation_m"": null, ""trial_finished_elapsed_s"": null, ""trial_recording"": true, ""trial_required_tool_ids"": [21, 34]}"
2026-09-03T21:30:03.727-04:00,junhyun,gesture,tts_queued,lifecycle,r2_bearing_right,Row 2.1: bearing into right stand,ready,4,12,,,,10.979869,,,,,,,,,,,,,,,,screw,,,replace_hover,,"{""acquired_tool_ids"": [21], ""acquisition_complete"": false, ""completed_steps"": [""r1_bearing_right"", ""r1_bearing_left"", ""r2_gear_rod""], ""head_rotation_deg"": null, ""head_translation_m"": null, ""left_hand_translation_m"": null, ""removed_tool_ids"": [15, 18, 19, 27, 28], ""right_hand_translation_m"": null, ""selected_step"": ""r2_bearing_right"", ""step_attempt"": 4, ""step_elapsed_s"": 10.979885995038785, ""step_event_index"": 12, ""total_hand_translation_m"": null, ""trial_finished_elapsed_s"": null, ""trial_recording"": true, ""trial_required_tool_ids"": [21, 34]}"
2026-09-03T21:30:03.799-04:00,junhyun,gesture,tts_started,lifecycle,r2_bearing_right,Row 2.1: bearing into right stand,ready,4,13,,,,11.051803,,,,,,,,,,,,,,,,screw,,,,,"{""acquired_tool_ids"": [21], ""acquisition_complete"": false, ""completed_steps"": [""r1_bearing_right"", ""r1_bearing_left"", ""r2_gear_rod""], ""head_rotation_deg"": null, ""head_translation_m"": null, ""left_hand_translation_m"": null, ""removed_tool_ids"": [15, 18, 19, 27, 28], ""right_hand_translation_m"": null, ""selected_step"": ""r2_bearing_right"", ""step_attempt"": 4, ""step_elapsed_s"": 11.051816740073264, ""step_event_index"": 13, ""total_hand_translation_m"": null, ""trial_finished_elapsed_s"": null, ""trial_recording"": true, ""trial_required_tool_ids"": [21, 34]}"
2026-09-03T21:30:03.875-04:00,junhyun,gesture,hover,hover,r2_bearing_right,Row 2.1: bearing into right stand,ready,4,14,34,BEARINGS,,,,,,,,,,,,,,,,,,,,,,,"{""acquired_tool_ids"": [21], ""acquisition_complete"": false, ""completed_steps"": [""r1_bearing_right"", ""r1_bearing_left"", ""r2_gear_rod""], ""head_rotation_deg"": null, ""head_translation_m"": null, ""left_hand_translation_m"": null, ""removed_tool_ids"": [15, 18, 19, 27, 28], ""right_hand_translation_m"": null, ""selected_step"": ""r2_bearing_right"", ""step_attempt"": 4, ""step_elapsed_s"": 11.127917179022916, ""step_event_index"": 14, ""total_hand_translation_m"": null, ""trial_finished_elapsed_s"": null, ""trial_recording"": true, ""trial_required_tool_ids"": [21, 34]}"
2026-09-03T21:30:03.911-04:00,junhyun,gesture,tts_queued,lifecycle,r2_bearing_right,Row 2.1: bearing into right stand,ready,4,15,,,,11.163960,,,,,,,,,,,,,,,,bearing,,,replace_hover,,"{""acquired_tool_ids"": [21], ""acquisition_complete"": false, ""completed_steps"": [""r1_bearing_right"", ""r1_bearing_left"", ""r2_gear_rod""], ""head_rotation_deg"": null, ""head_translation_m"": null, ""left_hand_translation_m"": null, ""removed_tool_ids"": [15, 18, 19, 27, 28], ""right_hand_translation_m"": null, ""selected_step"": ""r2_bearing_right"", ""step_attempt"": 4, ""step_elapsed_s"": 11.16396929405164, ""step_event_index"": 15, ""total_hand_translation_m"": null, ""trial_finished_elapsed_s"": null, ""trial_recording"": true, ""trial_required_tool_ids"": [21, 34]}"
2026-09-03T21:30:03.948-04:00,junhyun,gesture,tts_finished,lifecycle,r2_bearing_right,Row 2.1: bearing into right stand,ready,4,16,,,,11.201076,,,,,,,,,,,,,,,,screw,,,,,"{""acquired_tool_ids"": [21], ""acquisition_complete"": false, ""completed_steps"": [""r1_bearing_right"", ""r1_bearing_left"", ""r2_gear_rod""], ""head_rotation_deg"": null, ""head_translation_m"": null, ""left_hand_translation_m"": null, ""removed_tool_ids"": [15, 18, 19, 27, 28], ""right_hand_translation_m"": null, ""selected_step"": ""r2_bearing_right"", ""step_attempt"": 4, ""step_elapsed_s"": 11.201087563065812, ""step_event_index"": 16, ""total_hand_translation_m"": null, ""trial_finished_elapsed_s"": null, ""trial_recording"": true, ""trial_required_tool_ids"": [21, 34]}"
2026-09-03T21:30:03.990-04:00,junhyun,gesture,tts_started,lifecycle,r2_bearing_right,Row 2.1: bearing into right stand,ready,4,17,,,,11.242670,,,,,,,,,,,,,,,,bearing,,,,,"{""acquired_tool_ids"": [21], ""acquisition_complete"": false, ""completed_steps"": [""r1_bearing_right"", ""r1_bearing_left"", ""r2_gear_rod""], ""head_rotation_deg"": null, ""head_translation_m"": null, ""left_hand_translation_m"": null, ""removed_tool_ids"": [15, 18, 19, 27, 28], ""right_hand_translation_m"": null, ""selected_step"": ""r2_bearing_right"", ""step_attempt"": 4, ""step_elapsed_s"": 11.24268305907026, ""step_event_index"": 17, ""total_hand_translation_m"": null, ""trial_finished_elapsed_s"": null, ""trial_recording"": true, ""trial_required_tool_ids"": [21, 34]}"
2026-09-03T21:30:04.787-04:00,junhyun,gesture,tts_finished,lifecycle,r2_bearing_right,Row 2.1: bearing into right stand,ready,4,18,,,,12.039678,,,,,,,,,,,,,,,,bearing,,,,,"{""acquired_tool_ids"": [21], ""acquisition_complete"": false, ""completed_steps"": [""r1_bearing_right"", ""r1_bearing_left"", ""r2_gear_rod""], ""head_rotation_deg"": null, ""head_translation_m"": null, ""left_hand_translation_m"": null, ""removed_tool_ids"": [15, 18, 19, 27, 28], ""right_hand_translation_m"": null, ""selected_step"": ""r2_bearing_right"", ""step_attempt"": 4, ""step_elapsed_s"": 12.039692440070212, ""step_event_index"": 18, ""total_hand_translation_m"": null, ""trial_finished_elapsed_s"": null, ""trial_recording"": true, ""trial_required_tool_ids"": [21, 34]}"
2026-09-03T21:30:05.363-04:00,junhyun,gesture,hover,hover,r2_bearing_right,Row 2.1: bearing into right stand,ready,4,19,34,BEARINGS,,,,,,,,,,,,,,,,,,,,,,,"{""acquired_tool_ids"": [21], ""acquisition_complete"": false, ""completed_steps"": [""r1_bearing_right"", ""r1_bearing_left"", ""r2_gear_rod""], ""head_rotation_deg"": null, ""head_translation_m"": null, ""left_hand_translation_m"": null, ""removed_tool_ids"": [15, 18, 19, 27, 28], ""right_hand_translation_m"": null, ""selected_step"": ""r2_bearing_right"", ""step_attempt"": 4, ""step_elapsed_s"": 12.615641991025768, ""step_event_index"": 19, ""total_hand_translation_m"": null, ""trial_finished_elapsed_s"": null, ""trial_recording"": true, ""trial_required_tool_ids"": [21, 34]}"
2026-09-03T21:30:05.393-04:00,junhyun,gesture,tts_queued,lifecycle,r2_bearing_right,Row 2.1: bearing into right stand,ready,4,20,,,,12.645902,,,,,,,,,,,,,,,,bearing,,,replace_hover,,"{""acquired_tool_ids"": [21], ""acquisition_complete"": false, ""completed_steps"": [""r1_bearing_right"", ""r1_bearing_left"", ""r2_gear_rod""], ""head_rotation_deg"": null, ""head_translation_m"": null, ""left_hand_translation_m"": null, ""removed_tool_ids"": [15, 18, 19, 27, 28], ""right_hand_translation_m"": null, ""selected_step"": ""r2_bearing_right"", ""step_attempt"": 4, ""step_elapsed_s"": 12.645913394051604, ""step_event_index"": 20, ""total_hand_translation_m"": null, ""trial_finished_elapsed_s"": null, ""trial_recording"": true, ""trial_required_tool_ids"": [21, 34]}"
2026-09-03T21:30:05.447-04:00,junhyun,gesture,tts_started,lifecycle,r2_bearing_right,Row 2.1: bearing into right stand,ready,4,21,,,,12.700251,,,,,,,,,,,,,,,,bearing,,,,,"{""acquired_tool_ids"": [21], ""acquisition_complete"": false, ""completed_steps"": [""r1_bearing_right"", ""r1_bearing_left"", ""r2_gear_rod""], ""head_rotation_deg"": null, ""head_translation_m"": null, ""left_hand_translation_m"": null, ""removed_tool_ids"": [15, 18, 19, 27, 28], ""right_hand_translation_m"": null, ""selected_step"": ""r2_bearing_right"", ""step_attempt"": 4, ""step_elapsed_s"": 12.700261748977937, ""step_event_index"": 21, ""total_hand_translation_m"": null, ""trial_finished_elapsed_s"": null, ""trial_recording"": true, ""trial_required_tool_ids"": [21, 34]}"
2026-09-03T21:30:06.086-04:00,junhyun,gesture,tts_finished,lifecycle,r2_bearing_right,Row 2.1: bearing into right stand,ready,4,22,,,,13.339468,,,,,,,,,,,,,,,,bearing,,,,,"{""acquired_tool_ids"": [21], ""acquisition_complete"": false, ""completed_steps"": [""r1_bearing_right"", ""r1_bearing_left"", ""r2_gear_rod""], ""head_rotation_deg"": null, ""head_translation_m"": null, ""left_hand_translation_m"": null, ""removed_tool_ids"": [15, 18, 19, 27, 28], ""right_hand_translation_m"": null, ""selected_step"": ""r2_bearing_right"", ""step_attempt"": 4, ""step_elapsed_s"": 13.339480336057022, ""step_event_index"": 22, ""total_hand_translation_m"": null, ""trial_finished_elapsed_s"": null, ""trial_recording"": true, ""trial_required_tool_ids"": [21, 34]}"
2026-09-03T21:30:07.578-04:00,junhyun,gesture,part_selection,click,r2_bearing_right,Row 2.1: bearing into right stand,ready,4,23,34,BEARINGS,7.174706,14.831037,,,,,,,,,,,,,,,1,,,,,,"{""acquired_tool_ids"": [21, 34], ""acquisition_complete"": false, ""completed_steps"": [""r1_bearing_right"", ""r1_bearing_left"", ""r2_gear_rod""], ""head_rotation_deg"": null, ""head_translation_m"": null, ""left_hand_translation_m"": null, ""removed_tool_ids"": [15, 18, 19, 27, 28], ""right_hand_translation_m"": null, ""selected_step"": ""r2_bearing_right"", ""step_attempt"": 4, ""step_elapsed_s"": 14.831075457972474, ""step_event_index"": 23, ""total_hand_translation_m"": null, ""trial_finished_elapsed_s"": null, ""trial_recording"": true, ""trial_required_tool_ids"": [21, 34]}"
2026-09-03T21:30:07.630-04:00,junhyun,gesture,object_acquired,click,r2_bearing_right,Row 2.1: bearing into right stand,ready,4,24,34,BEARINGS,7.174706,14.831037,,,,,,,,,,,,,,,1,,,,,,"{""acquired_tool_ids"": [21, 34], ""acquisition_complete"": false, ""completed_steps"": [""r1_bearing_right"", ""r1_bearing_left"", ""r2_gear_rod""], ""head_rotation_deg"": null, ""head_translation_m"": null, ""left_hand_translation_m"": null, ""removed_tool_ids"": [15, 18, 19, 27, 28], ""right_hand_translation_m"": null, ""selected_step"": ""r2_bearing_right"", ""step_attempt"": 4, ""step_elapsed_s"": 14.883281102054752, ""step_event_index"": 24, ""total_hand_translation_m"": null, ""trial_finished_elapsed_s"": null, ""trial_recording"": true, ""trial_required_tool_ids"": [21, 34]}"
2026-09-03T21:30:07.688-04:00,junhyun,gesture,step_acquisition_complete,click,r2_bearing_right,Row 2.1: bearing into right stand,ready,4,25,,,,14.939739,1.012933,160.923118,0.063937,2.104427,2.168364,0.000000,6.070475,6.070475,41.187919,0,4,0.000000,0.315515,0.315515,,,,,,,"{""acquired_tool_ids"": [21, 34], ""acquisition_complete"": true, ""any_hover_time_s"": 6.070475452113897, ""completed_steps"": [""r1_bearing_right"", ""r1_bearing_left"", ""r2_gear_rod""], ""head_rotation_deg"": 160.92311826561033, ""head_translation_m"": 1.0129332859509195, ""hover_time_percent"": 41.18791922517972, ""left_hand_translation_m"": 0.06393683792936837, ""left_hover_episodes"": 0, ""left_hover_time_s"": 0.0, ""left_hover_translation_m"": 0.0, ""removed_tool_ids"": [15, 18, 19, 21, 27, 28], ""right_hand_translation_m"": 2.104427437192083, ""right_hover_episodes"": 4, ""right_hover_time_s"": 6.070475452113897, ""right_hover_translation_m"": 0.3155148578451489, ""selected_step"": ""r2_bearing_right"", ""step_attempt"": 4, ""step_elapsed_s"": 14.93973891204223, ""step_event_index"": 25, ""total_hand_translation_m"": 2.1683642751214514, ""total_hover_translation_m"": 0.3155148578451489, ""trial_finished_elapsed_s"": 14.93973891204223, ""trial_recording"": false, ""trial_required_tool_ids"": [21, 34]}"
2026-09-03T21:30:07.748-04:00,junhyun,gesture,graph_complete,,r2_bearing_right,Row 2.1: bearing into right stand,complete,4,26,,,,,,,,,,,,,,,,,,,,,,,,,"{""acquired_tool_ids"": [21, 34], ""acquisition_complete"": true, ""any_hover_time_s"": 6.070475452113897, ""completed_steps"": [""r1_bearing_right"", ""r1_bearing_left"", ""r2_gear_rod"", ""r2_bearing_right""], ""head_rotation_deg"": 160.92311826561033, ""head_translation_m"": 1.0129332859509195, ""hover_time_percent"": 41.18791922517972, ""left_hand_translation_m"": 0.06393683792936837, ""left_hover_episodes"": 0, ""left_hover_time_s"": 0.0, ""left_hover_translation_m"": 0.0, ""removed_tool_ids"": [15, 18, 19, 21, 27, 28], ""right_hand_translation_m"": 2.104427437192083, ""right_hover_episodes"": 4, ""right_hover_time_s"": 6.070475452113897, ""right_hover_translation_m"": 0.3155148578451489, ""selected_step"": ""r2_bearing_right"", ""step_attempt"": 4, ""step_elapsed_s"": 14.93973891204223, ""step_event_index"": 26, ""total_hand_translation_m"": 2.1683642751214514, ""total_hover_translation_m"": 0.3155148578451489, ""trial_finished_elapsed_s"": 14.93973891204223, ""trial_recording"": false, ""trial_required_tool_ids"": [21, 34]}"
2026-09-03T21:30:21.827-04:00,junhyun,gesture,step_started,keyboard,r1_gear_rod,Row 1.2: assemble gear rod,ready,5,1,,,,,,,,,,,,,,,,,,,,,,,,,"{""acquired_tool_ids"": [], ""acquisition_complete"": false, ""completed_steps"": [""r1_bearing_right"", ""r1_bearing_left"", ""r2_gear_rod"", ""r2_bearing_right""], ""head_rotation_deg"": null, ""head_translation_m"": null, ""left_hand_translation_m"": null, ""removed_tool_ids"": [15, 18, 19, 21, 27, 28], ""right_hand_translation_m"": null, ""selected_step"": ""r1_gear_rod"", ""step_attempt"": 5, ""step_elapsed_s"": 6.99399970471859e-05, ""step_event_index"": 1, ""total_hand_translation_m"": null, ""trial_finished_elapsed_s"": null, ""trial_recording"": true, ""trial_required_tool_ids"": [14, 26, 33]}"
2026-09-03T21:30:24.305-04:00,junhyun,gesture,hover,hover,r1_gear_rod,Row 1.2: assemble gear rod,ready,5,2,14,GEAR_ROD_ROW1,,,,,,,,,,,,,,,,,,,,,,,"{""acquired_tool_ids"": [], ""acquisition_complete"": false, ""completed_steps"": [""r1_bearing_right"", ""r1_bearing_left"", ""r2_gear_rod"", ""r2_bearing_right""], ""head_rotation_deg"": null, ""head_translation_m"": null, ""left_hand_translation_m"": null, ""removed_tool_ids"": [15, 18, 19, 21, 27, 28], ""right_hand_translation_m"": null, ""selected_step"": ""r1_gear_rod"", ""step_attempt"": 5, ""step_elapsed_s"": 2.478075964958407, ""step_event_index"": 2, ""total_hand_translation_m"": null, ""trial_finished_elapsed_s"": null, ""trial_recording"": true, ""trial_required_tool_ids"": [14, 26, 33]}"
2026-09-03T21:30:24.342-04:00,junhyun,gesture,tts_queued,lifecycle,r1_gear_rod,Row 1.2: assemble gear rod,ready,5,3,,,,2.515289,,,,,,,,,,,,,,,,Row 1 gear rod,,,replace_hover,,"{""acquired_tool_ids"": [], ""acquisition_complete"": false, ""completed_steps"": [""r1_bearing_right"", ""r1_bearing_left"", ""r2_gear_rod"", ""r2_bearing_right""], ""head_rotation_deg"": null, ""head_translation_m"": null, ""left_hand_translation_m"": null, ""removed_tool_ids"": [15, 18, 19, 21, 27, 28], ""right_hand_translation_m"": null, ""selected_step"": ""r1_gear_rod"", ""step_attempt"": 5, ""step_elapsed_s"": 2.5153008210472763, ""step_event_index"": 3, ""total_hand_translation_m"": null, ""trial_finished_elapsed_s"": null, ""trial_recording"": true, ""trial_required_tool_ids"": [14, 26, 33]}"
2026-09-03T21:30:24.416-04:00,junhyun,gesture,tts_started,lifecycle,r1_gear_rod,Row 1.2: assemble gear rod,ready,5,4,,,,2.588934,,,,,,,,,,,,,,,,Row 1 gear rod,,,,,"{""acquired_tool_ids"": [], ""acquisition_complete"": false, ""completed_steps"": [""r1_bearing_right"", ""r1_bearing_left"", ""r2_gear_rod"", ""r2_bearing_right""], ""head_rotation_deg"": null, ""head_translation_m"": null, ""left_hand_translation_m"": null, ""removed_tool_ids"": [15, 18, 19, 21, 27, 28], ""right_hand_translation_m"": null, ""selected_step"": ""r1_gear_rod"", ""step_attempt"": 5, ""step_elapsed_s"": 2.5889485359657556, ""step_event_index"": 4, ""total_hand_translation_m"": null, ""trial_finished_elapsed_s"": null, ""trial_recording"": true, ""trial_required_tool_ids"": [14, 26, 33]}"
2026-09-03T21:30:25.815-04:00,junhyun,gesture,tts_finished,lifecycle,r1_gear_rod,Row 1.2: assemble gear rod,ready,5,5,,,,3.987701,,,,,,,,,,,,,,,,Row 1 gear rod,,,,,"{""acquired_tool_ids"": [], ""acquisition_complete"": false, ""completed_steps"": [""r1_bearing_right"", ""r1_bearing_left"", ""r2_gear_rod"", ""r2_bearing_right""], ""head_rotation_deg"": null, ""head_translation_m"": null, ""left_hand_translation_m"": null, ""removed_tool_ids"": [15, 18, 19, 21, 27, 28], ""right_hand_translation_m"": null, ""selected_step"": ""r1_gear_rod"", ""step_attempt"": 5, ""step_elapsed_s"": 3.987715861061588, ""step_event_index"": 5, ""total_hand_translation_m"": null, ""trial_finished_elapsed_s"": null, ""trial_recording"": true, ""trial_required_tool_ids"": [14, 26, 33]}"
2026-09-03T21:30:26.311-04:00,junhyun,gesture,part_selection,click,r1_gear_rod,Row 1.2: assemble gear rod,ready,5,6,14,GEAR_ROD_ROW1,4.483661,4.483661,,,,,,,,,,,,,,,1,,,,,,"{""acquired_tool_ids"": [14], ""acquisition_complete"": false, ""completed_steps"": [""r1_bearing_right"", ""r1_bearing_left"", ""r2_gear_rod"", ""r2_bearing_right""], ""head_rotation_deg"": null, ""head_translation_m"": null, ""left_hand_translation_m"": null, ""removed_tool_ids"": [15, 18, 19, 21, 27, 28], ""right_hand_translation_m"": null, ""selected_step"": ""r1_gear_rod"", ""step_attempt"": 5, ""step_elapsed_s"": 4.483705113991164, ""step_event_index"": 6, ""total_hand_translation_m"": null, ""trial_finished_elapsed_s"": null, ""trial_recording"": true, ""trial_required_tool_ids"": [14, 26, 33]}"
2026-09-03T21:30:26.345-04:00,junhyun,gesture,object_acquired,click,r1_gear_rod,Row 1.2: assemble gear rod,ready,5,7,14,GEAR_ROD_ROW1,4.483661,4.483661,,,,,,,,,,,,,,,1,,,,,,"{""acquired_tool_ids"": [14], ""acquisition_complete"": false, ""completed_steps"": [""r1_bearing_right"", ""r1_bearing_left"", ""r2_gear_rod"", ""r2_bearing_right""], ""head_rotation_deg"": null, ""head_translation_m"": null, ""left_hand_translation_m"": null, ""removed_tool_ids"": [15, 18, 19, 21, 27, 28], ""right_hand_translation_m"": null, ""selected_step"": ""r1_gear_rod"", ""step_attempt"": 5, ""step_elapsed_s"": 4.517841610009782, ""step_event_index"": 7, ""total_hand_translation_m"": null, ""trial_finished_elapsed_s"": null, ""trial_recording"": true, ""trial_required_tool_ids"": [14, 26, 33]}"
2026-09-03T21:30:26.372-04:00,junhyun,gesture,tts_queued,lifecycle,r1_gear_rod,Row 1.2: assemble gear rod,ready,5,8,,,,4.545079,,,,,,,,,,,,,,,,2 parts left.,,,replace,,"{""acquired_tool_ids"": [14], ""acquisition_complete"": false, ""completed_steps"": [""r1_bearing_right"", ""r1_bearing_left"", ""r2_gear_rod"", ""r2_bearing_right""], ""head_rotation_deg"": null, ""head_translation_m"": null, ""left_hand_translation_m"": null, ""removed_tool_ids"": [15, 18, 19, 21, 27, 28], ""right_hand_translation_m"": null, ""selected_step"": ""r1_gear_rod"", ""step_attempt"": 5, ""step_elapsed_s"": 4.54509552300442, ""step_event_index"": 8, ""total_hand_translation_m"": null, ""trial_finished_elapsed_s"": null, ""trial_recording"": true, ""trial_required_tool_ids"": [14, 26, 33]}"
2026-09-03T21:30:26.428-04:00,junhyun,gesture,tts_started,lifecycle,r1_gear_rod,Row 1.2: assemble gear rod,ready,5,9,,,,4.600832,,,,,,,,,,,,,,,,2 parts left.,,,,,"{""acquired_tool_ids"": [14], ""acquisition_complete"": false, ""completed_steps"": [""r1_bearing_right"", ""r1_bearing_left"", ""r2_gear_rod"", ""r2_bearing_right""], ""head_rotation_deg"": null, ""head_translation_m"": null, ""left_hand_translation_m"": null, ""removed_tool_ids"": [15, 18, 19, 21, 27, 28], ""right_hand_translation_m"": null, ""selected_step"": ""r1_gear_rod"", ""step_attempt"": 5, ""step_elapsed_s"": 4.600848058005795, ""step_event_index"": 9, ""total_hand_translation_m"": null, ""trial_finished_elapsed_s"": null, ""trial_recording"": true, ""trial_required_tool_ids"": [14, 26, 33]}"
2026-09-03T21:30:27.452-04:00,junhyun,gesture,tts_finished,lifecycle,r1_gear_rod,Row 1.2: assemble gear rod,ready,5,10,,,,5.624652,,,,,,,,,,,,,,,,2 parts left.,,,,,"{""acquired_tool_ids"": [14], ""acquisition_complete"": false, ""completed_steps"": [""r1_bearing_right"", ""r1_bearing_left"", ""r2_gear_rod"", ""r2_bearing_right""], ""head_rotation_deg"": null, ""head_translation_m"": null, ""left_hand_translation_m"": null, ""removed_tool_ids"": [15, 18, 19, 21, 27, 28], ""right_hand_translation_m"": null, ""selected_step"": ""r1_gear_rod"", ""step_attempt"": 5, ""step_elapsed_s"": 5.624681091983803, ""step_event_index"": 10, ""total_hand_translation_m"": null, ""trial_finished_elapsed_s"": null, ""trial_recording"": true, ""trial_required_tool_ids"": [14, 26, 33]}"
2026-09-03T21:30:28.049-04:00,junhyun,gesture,hover,hover,r1_gear_rod,Row 1.2: assemble gear rod,ready,5,11,16,GEAR_ROD_ROW3,,,,,,,,,,,,,,,,,,,,,,,"{""acquired_tool_ids"": [14], ""acquisition_complete"": false, ""completed_steps"": [""r1_bearing_right"", ""r1_bearing_left"", ""r2_gear_rod"", ""r2_bearing_right""], ""head_rotation_deg"": null, ""head_translation_m"": null, ""left_hand_translation_m"": null, ""removed_tool_ids"": [15, 18, 19, 21, 27, 28], ""right_hand_translation_m"": null, ""selected_step"": ""r1_gear_rod"", ""step_attempt"": 5, ""step_elapsed_s"": 6.221675168024376, ""step_event_index"": 11, ""total_hand_translation_m"": null, ""trial_finished_elapsed_s"": null, ""trial_recording"": true, ""trial_required_tool_ids"": [14, 26, 33]}"
2026-09-03T21:30:28.082-04:00,junhyun,gesture,tts_queued,lifecycle,r1_gear_rod,Row 1.2: assemble gear rod,ready,5,12,,,,6.255302,,,,,,,,,,,,,,,,Row 3 gear rod,,,replace_hover,,"{""acquired_tool_ids"": [14], ""acquisition_complete"": false, ""completed_steps"": [""r1_bearing_right"", ""r1_bearing_left"", ""r2_gear_rod"", ""r2_bearing_right""], ""head_rotation_deg"": null, ""head_translation_m"": null, ""left_hand_translation_m"": null, ""removed_tool_ids"": [15, 18, 19, 21, 27, 28], ""right_hand_translation_m"": null, ""selected_step"": ""r1_gear_rod"", ""step_attempt"": 5, ""step_elapsed_s"": 6.2553136959904805, ""step_event_index"": 12, ""total_hand_translation_m"": null, ""trial_finished_elapsed_s"": null, ""trial_recording"": true, ""trial_required_tool_ids"": [14, 26, 33]}"
2026-09-03T21:30:28.209-04:00,junhyun,gesture,hover,hover,r1_gear_rod,Row 1.2: assemble gear rod,ready,5,13,17,GEAR_ROD_ROW4,,,,,,,,,,,,,,,,,,,,,,,"{""acquired_tool_ids"": [14], ""acquisition_complete"": false, ""completed_steps"": [""r1_bearing_right"", ""r1_bearing_left"", ""r2_gear_rod"", ""r2_bearing_right""], ""head_rotation_deg"": null, ""head_translation_m"": null, ""left_hand_translation_m"": null, ""removed_tool_ids"": [15, 18, 19, 21, 27, 28], ""right_hand_translation_m"": null, ""selected_step"": ""r1_gear_rod"", ""step_attempt"": 5, ""step_elapsed_s"": 6.3815681610722095, ""step_event_index"": 13, ""total_hand_translation_m"": null, ""trial_finished_elapsed_s"": null, ""trial_recording"": true, ""trial_required_tool_ids"": [14, 26, 33]}"
2026-09-03T21:30:28.239-04:00,junhyun,gesture,tts_queued,lifecycle,r1_gear_rod,Row 1.2: assemble gear rod,ready,5,14,,,,6.411697,,,,,,,,,,,,,,,,Row 4 gear rod,,,replace_hover,,"{""acquired_tool_ids"": [14], ""acquisition_complete"": false, ""completed_steps"": [""r1_bearing_right"", ""r1_bearing_left"", ""r2_gear_rod"", ""r2_bearing_right""], ""head_rotation_deg"": null, ""head_translation_m"": null, ""left_hand_translation_m"": null, ""removed_tool_ids"": [15, 18, 19, 21, 27, 28], ""right_hand_translation_m"": null, ""selected_step"": ""r1_gear_rod"", ""step_attempt"": 5, ""step_elapsed_s"": 6.411710666958243, ""step_event_index"": 14, ""total_hand_translation_m"": null, ""trial_finished_elapsed_s"": null, ""trial_recording"": true, ""trial_required_tool_ids"": [14, 26, 33]}"
2026-09-03T21:30:28.286-04:00,junhyun,gesture,tts_started,lifecycle,r1_gear_rod,Row 1.2: assemble gear rod,ready,5,15,,,,6.459475,,,,,,,,,,,,,,,,Row 3 gear rod,,,,,"{""acquired_tool_ids"": [14], ""acquisition_complete"": false, ""completed_steps"": [""r1_bearing_right"", ""r1_bearing_left"", ""r2_gear_rod"", ""r2_bearing_right""], ""head_rotation_deg"": null, ""head_translation_m"": null, ""left_hand_translation_m"": null, ""removed_tool_ids"": [15, 18, 19, 21, 27, 28], ""right_hand_translation_m"": null, ""selected_step"": ""r1_gear_rod"", ""step_attempt"": 5, ""step_elapsed_s"": 6.459484020015225, ""step_event_index"": 15, ""total_hand_translation_m"": null, ""trial_finished_elapsed_s"": null, ""trial_recording"": true, ""trial_required_tool_ids"": [14, 26, 33]}"
2026-09-03T21:30:28.330-04:00,junhyun,gesture,tts_finished,lifecycle,r1_gear_rod,Row 1.2: assemble gear rod,ready,5,16,,,,6.503374,,,,,,,,,,,,,,,,Row 3 gear rod,,,,,"{""acquired_tool_ids"": [14], ""acquisition_complete"": false, ""completed_steps"": [""r1_bearing_right"", ""r1_bearing_left"", ""r2_gear_rod"", ""r2_bearing_right""], ""head_rotation_deg"": null, ""head_translation_m"": null, ""left_hand_translation_m"": null, ""removed_tool_ids"": [15, 18, 19, 21, 27, 28], ""right_hand_translation_m"": null, ""selected_step"": ""r1_gear_rod"", ""step_attempt"": 5, ""step_elapsed_s"": 6.503389102988876, ""step_event_index"": 16, ""total_hand_translation_m"": null, ""trial_finished_elapsed_s"": null, ""trial_recording"": true, ""trial_required_tool_ids"": [14, 26, 33]}"
2026-09-03T21:30:28.363-04:00,junhyun,gesture,tts_started,lifecycle,r1_gear_rod,Row 1.2: assemble gear rod,ready,5,17,,,,6.536090,,,,,,,,,,,,,,,,Row 4 gear rod,,,,,"{""acquired_tool_ids"": [14], ""acquisition_complete"": false, ""completed_steps"": [""r1_bearing_right"", ""r1_bearing_left"", ""r2_gear_rod"", ""r2_bearing_right""], ""head_rotation_deg"": null, ""head_translation_m"": null, ""left_hand_translation_m"": null, ""removed_tool_ids"": [15, 18, 19, 21, 27, 28], ""right_hand_translation_m"": null, ""selected_step"": ""r1_gear_rod"", ""step_attempt"": 5, ""step_elapsed_s"": 6.536100532044657, ""step_event_index"": 17, ""total_hand_translation_m"": null, ""trial_finished_elapsed_s"": null, ""trial_recording"": true, ""trial_required_tool_ids"": [14, 26, 33]}"
2026-09-03T21:30:28.499-04:00,junhyun,gesture,hover,hover,r1_gear_rod,Row 1.2: assemble gear rod,ready,5,18,29,GEAR_ROW3_LEFT,,,,,,,,,,,,,,,,,,,,,,,"{""acquired_tool_ids"": [14], ""acquisition_complete"": false, ""completed_steps"": [""r1_bearing_right"", ""r1_bearing_left"", ""r2_gear_rod"", ""r2_bearing_right""], ""head_rotation_deg"": null, ""head_translation_m"": null, ""left_hand_translation_m"": null, ""removed_tool_ids"": [15, 18, 19, 21, 27, 28], ""right_hand_translation_m"": null, ""selected_step"": ""r1_gear_rod"", ""step_attempt"": 5, ""step_elapsed_s"": 6.672232161043212, ""step_event_index"": 18, ""total_hand_translation_m"": null, ""trial_finished_elapsed_s"": null, ""trial_recording"": true, ""trial_required_tool_ids"": [14, 26, 33]}"
2026-09-03T21:30:28.529-04:00,junhyun,gesture,tts_queued,lifecycle,r1_gear_rod,Row 1.2: assemble gear rod,ready,5,19,,,,6.701701,,,,,,,,,,,,,,,,Row 3 left gear,,,replace_hover,,"{""acquired_tool_ids"": [14], ""acquisition_complete"": false, ""completed_steps"": [""r1_bearing_right"", ""r1_bearing_left"", ""r2_gear_rod"", ""r2_bearing_right""], ""head_rotation_deg"": null, ""head_translation_m"": null, ""left_hand_translation_m"": null, ""removed_tool_ids"": [15, 18, 19, 21, 27, 28], ""right_hand_translation_m"": null, ""selected_step"": ""r1_gear_rod"", ""step_attempt"": 5, ""step_elapsed_s"": 6.701714038965292, ""step_event_index"": 19, ""total_hand_translation_m"": null, ""trial_finished_elapsed_s"": null, ""trial_recording"": true, ""trial_required_tool_ids"": [14, 26, 33]}"
2026-09-03T21:30:28.580-04:00,junhyun,gesture,hover,hover,r1_gear_rod,Row 1.2: assemble gear rod,ready,5,20,30,GEAR_ROW3_RIGHT,,,,,,,,,,,,,,,,,,,,,,,"{""acquired_tool_ids"": [14], ""acquisition_complete"": false, ""completed_steps"": [""r1_bearing_right"", ""r1_bearing_left"", ""r2_gear_rod"", ""r2_bearing_right""], ""head_rotation_deg"": null, ""head_translation_m"": null, ""left_hand_translation_m"": null, ""removed_tool_ids"": [15, 18, 19, 21, 27, 28], ""right_hand_translation_m"": null, ""selected_step"": ""r1_gear_rod"", ""step_attempt"": 5, ""step_elapsed_s"": 6.753063780022785, ""step_event_index"": 20, ""total_hand_translation_m"": null, ""trial_finished_elapsed_s"": null, ""trial_recording"": true, ""trial_required_tool_ids"": [14, 26, 33]}"
2026-09-03T21:30:28.608-04:00,junhyun,gesture,tts_queued,lifecycle,r1_gear_rod,Row 1.2: assemble gear rod,ready,5,21,,,,6.781066,,,,,,,,,,,,,,,,Row 3 right gear,,,replace_hover,,"{""acquired_tool_ids"": [14], ""acquisition_complete"": false, ""completed_steps"": [""r1_bearing_right"", ""r1_bearing_left"", ""r2_gear_rod"", ""r2_bearing_right""], ""head_rotation_deg"": null, ""head_translation_m"": null, ""left_hand_translation_m"": null, ""removed_tool_ids"": [15, 18, 19, 21, 27, 28], ""right_hand_translation_m"": null, ""selected_step"": ""r1_gear_rod"", ""step_attempt"": 5, ""step_elapsed_s"": 6.781077399034984, ""step_event_index"": 21, ""total_hand_translation_m"": null, ""trial_finished_elapsed_s"": null, ""trial_recording"": true, ""trial_required_tool_ids"": [14, 26, 33]}"
2026-09-03T21:30:28.667-04:00,junhyun,gesture,tts_finished,lifecycle,r1_gear_rod,Row 1.2: assemble gear rod,ready,5,22,,,,6.839597,,,,,,,,,,,,,,,,Row 4 gear rod,,,,,"{""acquired_tool_ids"": [14], ""acquisition_complete"": false, ""completed_steps"": [""r1_bearing_right"", ""r1_bearing_left"", ""r2_gear_rod"", ""r2_bearing_right""], ""head_rotation_deg"": null, ""head_translation_m"": null, ""left_hand_translation_m"": null, ""removed_tool_ids"": [15, 18, 19, 21, 27, 28], ""right_hand_translation_m"": null, ""selected_step"": ""r1_gear_rod"", ""step_attempt"": 5, ""step_elapsed_s"": 6.839614575030282, ""step_event_index"": 22, ""total_hand_translation_m"": null, ""trial_finished_elapsed_s"": null, ""trial_recording"": true, ""trial_required_tool_ids"": [14, 26, 33]}"
2026-09-03T21:30:28.715-04:00,junhyun,gesture,tts_started,lifecycle,r1_gear_rod,Row 1.2: assemble gear rod,ready,5,23,,,,6.887974,,,,,,,,,,,,,,,,Row 3 left gear,,,,,"{""acquired_tool_ids"": [14], ""acquisition_complete"": false, ""completed_steps"": [""r1_bearing_right"", ""r1_bearing_left"", ""r2_gear_rod"", ""r2_bearing_right""], ""head_rotation_deg"": null, ""head_translation_m"": null, ""left_hand_translation_m"": null, ""removed_tool_ids"": [15, 18, 19, 21, 27, 28], ""right_hand_translation_m"": null, ""selected_step"": ""r1_gear_rod"", ""step_attempt"": 5, ""step_elapsed_s"": 6.887987889000215, ""step_event_index"": 23, ""total_hand_translation_m"": null, ""trial_finished_elapsed_s"": null, ""trial_recording"": true, ""trial_required_tool_ids"": [14, 26, 33]}"
2026-09-03T21:30:28.749-04:00,junhyun,gesture,tts_finished,lifecycle,r1_gear_rod,Row 1.2: assemble gear rod,ready,5,24,,,,6.921833,,,,,,,,,,,,,,,,Row 3 left gear,,,,,"{""acquired_tool_ids"": [14], ""acquisition_complete"": false, ""completed_steps"": [""r1_bearing_right"", ""r1_bearing_left"", ""r2_gear_rod"", ""r2_bearing_right""], ""head_rotation_deg"": null, ""head_translation_m"": null, ""left_hand_translation_m"": null, ""removed_tool_ids"": [15, 18, 19, 21, 27, 28], ""right_hand_translation_m"": null, ""selected_step"": ""r1_gear_rod"", ""step_attempt"": 5, ""step_elapsed_s"": 6.9218416180228814, ""step_event_index"": 24, ""total_hand_translation_m"": null, ""trial_finished_elapsed_s"": null, ""trial_recording"": true, ""trial_required_tool_ids"": [14, 26, 33]}"
2026-09-03T21:30:28.796-04:00,junhyun,gesture,tts_started,lifecycle,r1_gear_rod,Row 1.2: assemble gear rod,ready,5,25,,,,6.968720,,,,,,,,,,,,,,,,Row 3 right gear,,,,,"{""acquired_tool_ids"": [14], ""acquisition_complete"": false, ""completed_steps"": [""r1_bearing_right"", ""r1_bearing_left"", ""r2_gear_rod"", ""r2_bearing_right""], ""head_rotation_deg"": null, ""head_translation_m"": null, ""left_hand_translation_m"": null, ""removed_tool_ids"": [15, 18, 19, 21, 27, 28], ""right_hand_translation_m"": null, ""selected_step"": ""r1_gear_rod"", ""step_attempt"": 5, ""step_elapsed_s"": 6.968732306966558, ""step_event_index"": 25, ""total_hand_translation_m"": null, ""trial_finished_elapsed_s"": null, ""trial_recording"": true, ""trial_required_tool_ids"": [14, 26, 33]}"
2026-09-03T21:30:29.304-04:00,junhyun,gesture,hover,hover,r1_gear_rod,Row 1.2: assemble gear rod,ready,5,26,31,GEAR_ROW4_LEFT,,,,,,,,,,,,,,,,,,,,,,,"{""acquired_tool_ids"": [14], ""acquisition_complete"": false, ""completed_steps"": [""r1_bearing_right"", ""r1_bearing_left"", ""r2_gear_rod"", ""r2_bearing_right""], ""head_rotation_deg"": null, ""head_translation_m"": null, ""left_hand_translation_m"": null, ""removed_tool_ids"": [15, 18, 19, 21, 27, 28], ""right_hand_translation_m"": null, ""selected_step"": ""r1_gear_rod"", ""step_attempt"": 5, ""step_elapsed_s"": 7.476726482040249, ""step_event_index"": 26, ""total_hand_translation_m"": null, ""trial_finished_elapsed_s"": null, ""trial_recording"": true, ""trial_required_tool_ids"": [14, 26, 33]}"
2026-09-03T21:30:29.345-04:00,junhyun,gesture,tts_queued,lifecycle,r1_gear_rod,Row 1.2: assemble gear rod,ready,5,27,,,,7.518142,,,,,,,,,,,,,,,,Row 4 left gear,,,replace_hover,,"{""acquired_tool_ids"": [14], ""acquisition_complete"": false, ""completed_steps"": [""r1_bearing_right"", ""r1_bearing_left"", ""r2_gear_rod"", ""r2_bearing_right""], ""head_rotation_deg"": null, ""head_translation_m"": null, ""left_hand_translation_m"": null, ""removed_tool_ids"": [15, 18, 19, 21, 27, 28], ""right_hand_translation_m"": null, ""selected_step"": ""r1_gear_rod"", ""step_attempt"": 5, ""step_elapsed_s"": 7.518154570017941, ""step_event_index"": 27, ""total_hand_translation_m"": null, ""trial_finished_elapsed_s"": null, ""trial_recording"": true, ""trial_required_tool_ids"": [14, 26, 33]}"
2026-09-03T21:30:29.445-04:00,junhyun,gesture,tts_finished,lifecycle,r1_gear_rod,Row 1.2: assemble gear rod,ready,5,28,,,,7.617690,,,,,,,,,,,,,,,,Row 3 right gear,,,,,"{""acquired_tool_ids"": [14], ""acquisition_complete"": false, ""completed_steps"": [""r1_bearing_right"", ""r1_bearing_left"", ""r2_gear_rod"", ""r2_bearing_right""], ""head_rotation_deg"": null, ""head_translation_m"": null, ""left_hand_translation_m"": null, ""removed_tool_ids"": [15, 18, 19, 21, 27, 28], ""right_hand_translation_m"": null, ""selected_step"": ""r1_gear_rod"", ""step_attempt"": 5, ""step_elapsed_s"": 7.617705962038599, ""step_event_index"": 28, ""total_hand_translation_m"": null, ""trial_finished_elapsed_s"": null, ""trial_recording"": true, ""trial_required_tool_ids"": [14, 26, 33]}"
2026-09-03T21:30:29.481-04:00,junhyun,gesture,tts_started,lifecycle,r1_gear_rod,Row 1.2: assemble gear rod,ready,5,29,,,,7.653932,,,,,,,,,,,,,,,,Row 4 left gear,,,,,"{""acquired_tool_ids"": [14], ""acquisition_complete"": false, ""completed_steps"": [""r1_bearing_right"", ""r1_bearing_left"", ""r2_gear_rod"", ""r2_bearing_right""], ""head_rotation_deg"": null, ""head_translation_m"": null, ""left_hand_translation_m"": null, ""removed_tool_ids"": [15, 18, 19, 21, 27, 28], ""right_hand_translation_m"": null, ""selected_step"": ""r1_gear_rod"", ""step_attempt"": 5, ""step_elapsed_s"": 7.653941399068572, ""step_event_index"": 29, ""total_hand_translation_m"": null, ""trial_finished_elapsed_s"": null, ""trial_recording"": true, ""trial_required_tool_ids"": [14, 26, 33]}"
2026-09-03T21:30:30.949-04:00,junhyun,gesture,tts_finished,lifecycle,r1_gear_rod,Row 1.2: assemble gear rod,ready,5,30,,,,9.121795,,,,,,,,,,,,,,,,Row 4 left gear,,,,,"{""acquired_tool_ids"": [14], ""acquisition_complete"": false, ""completed_steps"": [""r1_bearing_right"", ""r1_bearing_left"", ""r2_gear_rod"", ""r2_bearing_right""], ""head_rotation_deg"": null, ""head_translation_m"": null, ""left_hand_translation_m"": null, ""removed_tool_ids"": [15, 18, 19, 21, 27, 28], ""right_hand_translation_m"": null, ""selected_step"": ""r1_gear_rod"", ""step_attempt"": 5, ""step_elapsed_s"": 9.121808932977729, ""step_event_index"": 30, ""total_hand_translation_m"": null, ""trial_finished_elapsed_s"": null, ""trial_recording"": true, ""trial_required_tool_ids"": [14, 26, 33]}"
2026-09-03T21:30:31.814-04:00,junhyun,gesture,hover,hover,r1_gear_rod,Row 1.2: assemble gear rod,ready,5,31,30,GEAR_ROW3_RIGHT,,,,,,,,,,,,,,,,,,,,,,,"{""acquired_tool_ids"": [14], ""acquisition_complete"": false, ""completed_steps"": [""r1_bearing_right"", ""r1_bearing_left"", ""r2_gear_rod"", ""r2_bearing_right""], ""head_rotation_deg"": null, ""head_translation_m"": null, ""left_hand_translation_m"": null, ""removed_tool_ids"": [15, 18, 19, 21, 27, 28], ""right_hand_translation_m"": null, ""selected_step"": ""r1_gear_rod"", ""step_attempt"": 5, ""step_elapsed_s"": 9.9875159249641, ""step_event_index"": 31, ""total_hand_translation_m"": null, ""trial_finished_elapsed_s"": null, ""trial_recording"": true, ""trial_required_tool_ids"": [14, 26, 33]}"
2026-09-03T21:30:31.895-04:00,junhyun,gesture,tts_queued,lifecycle,r1_gear_rod,Row 1.2: assemble gear rod,ready,5,32,,,,10.068326,,,,,,,,,,,,,,,,Row 3 right gear,,,replace_hover,,"{""acquired_tool_ids"": [14], ""acquisition_complete"": false, ""completed_steps"": [""r1_bearing_right"", ""r1_bearing_left"", ""r2_gear_rod"", ""r2_bearing_right""], ""head_rotation_deg"": null, ""head_translation_m"": null, ""left_hand_translation_m"": null, ""removed_tool_ids"": [15, 18, 19, 21, 27, 28], ""right_hand_translation_m"": null, ""selected_step"": ""r1_gear_rod"", ""step_attempt"": 5, ""step_elapsed_s"": 10.068346456042491, ""step_event_index"": 32, ""total_hand_translation_m"": null, ""trial_finished_elapsed_s"": null, ""trial_recording"": true, ""trial_required_tool_ids"": [14, 26, 33]}"
2026-09-03T21:30:32.003-04:00,junhyun,gesture,tts_started,lifecycle,r1_gear_rod,Row 1.2: assemble gear rod,ready,5,33,,,,10.175589,,,,,,,,,,,,,,,,Row 3 right gear,,,,,"{""acquired_tool_ids"": [14], ""acquisition_complete"": false, ""completed_steps"": [""r1_bearing_right"", ""r1_bearing_left"", ""r2_gear_rod"", ""r2_bearing_right""], ""head_rotation_deg"": null, ""head_translation_m"": null, ""left_hand_translation_m"": null, ""removed_tool_ids"": [15, 18, 19, 21, 27, 28], ""right_hand_translation_m"": null, ""selected_step"": ""r1_gear_rod"", ""step_attempt"": 5, ""step_elapsed_s"": 10.17560452199541, ""step_event_index"": 33, ""total_hand_translation_m"": null, ""trial_finished_elapsed_s"": null, ""trial_recording"": true, ""trial_required_tool_ids"": [14, 26, 33]}"
2026-09-03T21:30:32.115-04:00,junhyun,gesture,hover,hover,r1_gear_rod,Row 1.2: assemble gear rod,ready,5,34,29,GEAR_ROW3_LEFT,,,,,,,,,,,,,,,,,,,,,,,"{""acquired_tool_ids"": [14], ""acquisition_complete"": false, ""completed_steps"": [""r1_bearing_right"", ""r1_bearing_left"", ""r2_gear_rod"", ""r2_bearing_right""], ""head_rotation_deg"": null, ""head_translation_m"": null, ""left_hand_translation_m"": null, ""removed_tool_ids"": [15, 18, 19, 21, 27, 28], ""right_hand_translation_m"": null, ""selected_step"": ""r1_gear_rod"", ""step_attempt"": 5, ""step_elapsed_s"": 10.28814532700926, ""step_event_index"": 34, ""total_hand_translation_m"": null, ""trial_finished_elapsed_s"": null, ""trial_recording"": true, ""trial_required_tool_ids"": [14, 26, 33]}"
2026-09-03T21:30:32.173-04:00,junhyun,gesture,tts_queued,lifecycle,r1_gear_rod,Row 1.2: assemble gear rod,ready,5,35,,,,10.345786,,,,,,,,,,,,,,,,Row 3 left gear,,,replace_hover,,"{""acquired_tool_ids"": [14], ""acquisition_complete"": false, ""completed_steps"": [""r1_bearing_right"", ""r1_bearing_left"", ""r2_gear_rod"", ""r2_bearing_right""], ""head_rotation_deg"": null, ""head_translation_m"": null, ""left_hand_translation_m"": null, ""removed_tool_ids"": [15, 18, 19, 21, 27, 28], ""right_hand_translation_m"": null, ""selected_step"": ""r1_gear_rod"", ""step_attempt"": 5, ""step_elapsed_s"": 10.345792400999926, ""step_event_index"": 35, ""total_hand_translation_m"": null, ""trial_finished_elapsed_s"": null, ""trial_recording"": true, ""trial_required_tool_ids"": [14, 26, 33]}"
2026-09-03T21:30:32.267-04:00,junhyun,gesture,tts_finished,lifecycle,r1_gear_rod,Row 1.2: assemble gear rod,ready,5,36,,,,10.440298,,,,,,,,,,,,,,,,Row 3 right gear,,,,,"{""acquired_tool_ids"": [14], ""acquisition_complete"": false, ""completed_steps"": [""r1_bearing_right"", ""r1_bearing_left"", ""r2_gear_rod"", ""r2_bearing_right""], ""head_rotation_deg"": null, ""head_translation_m"": null, ""left_hand_translation_m"": null, ""removed_tool_ids"": [15, 18, 19, 21, 27, 28], ""right_hand_translation_m"": null, ""selected_step"": ""r1_gear_rod"", ""step_attempt"": 5, ""step_elapsed_s"": 10.440313435043208, ""step_event_index"": 36, ""total_hand_translation_m"": null, ""trial_finished_elapsed_s"": null, ""trial_recording"": true, ""trial_required_tool_ids"": [14, 26, 33]}"
2026-09-03T21:30:32.350-04:00,junhyun,gesture,tts_started,lifecycle,r1_gear_rod,Row 1.2: assemble gear rod,ready,5,37,,,,10.523127,,,,,,,,,,,,,,,,Row 3 left gear,,,,,"{""acquired_tool_ids"": [14], ""acquisition_complete"": false, ""completed_steps"": [""r1_bearing_right"", ""r1_bearing_left"", ""r2_gear_rod"", ""r2_bearing_right""], ""head_rotation_deg"": null, ""head_translation_m"": null, ""left_hand_translation_m"": null, ""removed_tool_ids"": [15, 18, 19, 21, 27, 28], ""right_hand_translation_m"": null, ""selected_step"": ""r1_gear_rod"", ""step_attempt"": 5, ""step_elapsed_s"": 10.523143030004576, ""step_event_index"": 37, ""total_hand_translation_m"": null, ""trial_finished_elapsed_s"": null, ""trial_recording"": true, ""trial_required_tool_ids"": [14, 26, 33]}"
2026-09-03T21:30:33.804-04:00,junhyun,gesture,hover,hover,r1_gear_rod,Row 1.2: assemble gear rod,ready,5,38,30,GEAR_ROW3_RIGHT,,,,,,,,,,,,,,,,,,,,,,,"{""acquired_tool_ids"": [14], ""acquisition_complete"": false, ""completed_steps"": [""r1_bearing_right"", ""r1_bearing_left"", ""r2_gear_rod"", ""r2_bearing_right""], ""head_rotation_deg"": null, ""head_translation_m"": null, ""left_hand_translation_m"": null, ""removed_tool_ids"": [15, 18, 19, 21, 27, 28], ""right_hand_translation_m"": null, ""selected_step"": ""r1_gear_rod"", ""step_attempt"": 5, ""step_elapsed_s"": 11.976980332983658, ""step_event_index"": 38, ""total_hand_translation_m"": null, ""trial_finished_elapsed_s"": null, ""trial_recording"": true, ""trial_required_tool_ids"": [14, 26, 33]}"
2026-09-03T21:30:33.848-04:00,junhyun,gesture,tts_queued,lifecycle,r1_gear_rod,Row 1.2: assemble gear rod,ready,5,39,,,,12.020583,,,,,,,,,,,,,,,,Row 3 right gear,,,replace_hover,,"{""acquired_tool_ids"": [14], ""acquisition_complete"": false, ""completed_steps"": [""r1_bearing_right"", ""r1_bearing_left"", ""r2_gear_rod"", ""r2_bearing_right""], ""head_rotation_deg"": null, ""head_translation_m"": null, ""left_hand_translation_m"": null, ""removed_tool_ids"": [15, 18, 19, 21, 27, 28], ""right_hand_translation_m"": null, ""selected_step"": ""r1_gear_rod"", ""step_attempt"": 5, ""step_elapsed_s"": 12.020595061010681, ""step_event_index"": 39, ""total_hand_translation_m"": null, ""trial_finished_elapsed_s"": null, ""trial_recording"": true, ""trial_required_tool_ids"": [14, 26, 33]}"
2026-09-03T21:30:33.921-04:00,junhyun,gesture,tts_finished,lifecycle,r1_gear_rod,Row 1.2: assemble gear rod,ready,5,40,,,,12.094163,,,,,,,,,,,,,,,,Row 3 left gear,,,,,"{""acquired_tool_ids"": [14], ""acquisition_complete"": false, ""completed_steps"": [""r1_bearing_right"", ""r1_bearing_left"", ""r2_gear_rod"", ""r2_bearing_right""], ""head_rotation_deg"": null, ""head_translation_m"": null, ""left_hand_translation_m"": null, ""removed_tool_ids"": [15, 18, 19, 21, 27, 28], ""right_hand_translation_m"": null, ""selected_step"": ""r1_gear_rod"", ""step_attempt"": 5, ""step_elapsed_s"": 12.094174872036092, ""step_event_index"": 40, ""total_hand_translation_m"": null, ""trial_finished_elapsed_s"": null, ""trial_recording"": true, ""trial_required_tool_ids"": [14, 26, 33]}"
2026-09-03T21:30:33.979-04:00,junhyun,gesture,tts_started,lifecycle,r1_gear_rod,Row 1.2: assemble gear rod,ready,5,41,,,,12.151626,,,,,,,,,,,,,,,,Row 3 right gear,,,,,"{""acquired_tool_ids"": [14], ""acquisition_complete"": false, ""completed_steps"": [""r1_bearing_right"", ""r1_bearing_left"", ""r2_gear_rod"", ""r2_bearing_right""], ""head_rotation_deg"": null, ""head_translation_m"": null, ""left_hand_translation_m"": null, ""removed_tool_ids"": [15, 18, 19, 21, 27, 28], ""right_hand_translation_m"": null, ""selected_step"": ""r1_gear_rod"", ""step_attempt"": 5, ""step_elapsed_s"": 12.15163834404666, ""step_event_index"": 41, ""total_hand_translation_m"": null, ""trial_finished_elapsed_s"": null, ""trial_recording"": true, ""trial_required_tool_ids"": [14, 26, 33]}"
2026-09-03T21:30:34.896-04:00,junhyun,gesture,hover,hover,r1_gear_rod,Row 1.2: assemble gear rod,ready,5,42,30,GEAR_ROW3_RIGHT,,,,,,,,,,,,,,,,,,,,,,,"{""acquired_tool_ids"": [14], ""acquisition_complete"": false, ""completed_steps"": [""r1_bearing_right"", ""r1_bearing_left"", ""r2_gear_rod"", ""r2_bearing_right""], ""head_rotation_deg"": null, ""head_translation_m"": null, ""left_hand_translation_m"": null, ""removed_tool_ids"": [15, 18, 19, 21, 27, 28], ""right_hand_translation_m"": null, ""selected_step"": ""r1_gear_rod"", ""step_attempt"": 5, ""step_elapsed_s"": 13.06929084903095, ""step_event_index"": 42, ""total_hand_translation_m"": null, ""trial_finished_elapsed_s"": null, ""trial_recording"": true, ""trial_required_tool_ids"": [14, 26, 33]}"
2026-09-03T21:30:34.940-04:00,junhyun,gesture,tts_queued,lifecycle,r1_gear_rod,Row 1.2: assemble gear rod,ready,5,43,,,,13.113070,,,,,,,,,,,,,,,,Row 3 right gear,,,replace_hover,,"{""acquired_tool_ids"": [14], ""acquisition_complete"": false, ""completed_steps"": [""r1_bearing_right"", ""r1_bearing_left"", ""r2_gear_rod"", ""r2_bearing_right""], ""head_rotation_deg"": null, ""head_translation_m"": null, ""left_hand_translation_m"": null, ""removed_tool_ids"": [15, 18, 19, 21, 27, 28], ""right_hand_translation_m"": null, ""selected_step"": ""r1_gear_rod"", ""step_attempt"": 5, ""step_elapsed_s"": 13.113084458978847, ""step_event_index"": 43, ""total_hand_translation_m"": null, ""trial_finished_elapsed_s"": null, ""trial_recording"": true, ""trial_required_tool_ids"": [14, 26, 33]}"
2026-09-03T21:30:34.982-04:00,junhyun,gesture,tts_finished,lifecycle,r1_gear_rod,Row 1.2: assemble gear rod,ready,5,44,,,,13.154764,,,,,,,,,,,,,,,,Row 3 right gear,,,,,"{""acquired_tool_ids"": [14], ""acquisition_complete"": false, ""completed_steps"": [""r1_bearing_right"", ""r1_bearing_left"", ""r2_gear_rod"", ""r2_bearing_right""], ""head_rotation_deg"": null, ""head_translation_m"": null, ""left_hand_translation_m"": null, ""removed_tool_ids"": [15, 18, 19, 21, 27, 28], ""right_hand_translation_m"": null, ""selected_step"": ""r1_gear_rod"", ""step_attempt"": 5, ""step_elapsed_s"": 13.15477586700581, ""step_event_index"": 44, ""total_hand_translation_m"": null, ""trial_finished_elapsed_s"": null, ""trial_recording"": true, ""trial_required_tool_ids"": [14, 26, 33]}"
2026-09-03T21:30:35.034-04:00,junhyun,gesture,tts_started,lifecycle,r1_gear_rod,Row 1.2: assemble gear rod,ready,5,45,,,,13.207268,,,,,,,,,,,,,,,,Row 3 right gear,,,,,"{""acquired_tool_ids"": [14], ""acquisition_complete"": false, ""completed_steps"": [""r1_bearing_right"", ""r1_bearing_left"", ""r2_gear_rod"", ""r2_bearing_right""], ""head_rotation_deg"": null, ""head_translation_m"": null, ""left_hand_translation_m"": null, ""removed_tool_ids"": [15, 18, 19, 21, 27, 28], ""right_hand_translation_m"": null, ""selected_step"": ""r1_gear_rod"", ""step_attempt"": 5, ""step_elapsed_s"": 13.20728053606581, ""step_event_index"": 45, ""total_hand_translation_m"": null, ""trial_finished_elapsed_s"": null, ""trial_recording"": true, ""trial_required_tool_ids"": [14, 26, 33]}"
2026-09-03T21:30:36.337-04:00,junhyun,gesture,hover,hover,r1_gear_rod,Row 1.2: assemble gear rod,ready,5,46,31,GEAR_ROW4_LEFT,,,,,,,,,,,,,,,,,,,,,,,"{""acquired_tool_ids"": [14], ""acquisition_complete"": false, ""completed_steps"": [""r1_bearing_right"", ""r1_bearing_left"", ""r2_gear_rod"", ""r2_bearing_right""], ""head_rotation_deg"": null, ""head_translation_m"": null, ""left_hand_translation_m"": null, ""removed_tool_ids"": [15, 18, 19, 21, 27, 28], ""right_hand_translation_m"": null, ""selected_step"": ""r1_gear_rod"", ""step_attempt"": 5, ""step_elapsed_s"": 14.510106216999702, ""step_event_index"": 46, ""total_hand_translation_m"": null, ""trial_finished_elapsed_s"": null, ""trial_recording"": true, ""trial_required_tool_ids"": [14, 26, 33]}"
2026-09-03T21:30:36.379-04:00,junhyun,gesture,tts_queued,lifecycle,r1_gear_rod,Row 1.2: assemble gear rod,ready,5,47,,,,14.552311,,,,,,,,,,,,,,,,Row 4 left gear,,,replace_hover,,"{""acquired_tool_ids"": [14], ""acquisition_complete"": false, ""completed_steps"": [""r1_bearing_right"", ""r1_bearing_left"", ""r2_gear_rod"", ""r2_bearing_right""], ""head_rotation_deg"": null, ""head_translation_m"": null, ""left_hand_translation_m"": null, ""removed_tool_ids"": [15, 18, 19, 21, 27, 28], ""right_hand_translation_m"": null, ""selected_step"": ""r1_gear_rod"", ""step_attempt"": 5, ""step_elapsed_s"": 14.552321947994642, ""step_event_index"": 47, ""total_hand_translation_m"": null, ""trial_finished_elapsed_s"": null, ""trial_recording"": true, ""trial_required_tool_ids"": [14, 26, 33]}"
2026-09-03T21:30:36.474-04:00,junhyun,gesture,tts_finished,lifecycle,r1_gear_rod,Row 1.2: assemble gear rod,ready,5,48,,,,14.646744,,,,,,,,,,,,,,,,Row 3 right gear,,,,,"{""acquired_tool_ids"": [14], ""acquisition_complete"": false, ""completed_steps"": [""r1_bearing_right"", ""r1_bearing_left"", ""r2_gear_rod"", ""r2_bearing_right""], ""head_rotation_deg"": null, ""head_translation_m"": null, ""left_hand_translation_m"": null, ""removed_tool_ids"": [15, 18, 19, 21, 27, 28], ""right_hand_translation_m"": null, ""selected_step"": ""r1_gear_rod"", ""step_attempt"": 5, ""step_elapsed_s"": 14.64675673097372, ""step_event_index"": 48, ""total_hand_translation_m"": null, ""trial_finished_elapsed_s"": null, ""trial_recording"": true, ""trial_required_tool_ids"": [14, 26, 33]}"
2026-09-03T21:30:36.512-04:00,junhyun,gesture,tts_started,lifecycle,r1_gear_rod,Row 1.2: assemble gear rod,ready,5,49,,,,14.684903,,,,,,,,,,,,,,,,Row 4 left gear,,,,,"{""acquired_tool_ids"": [14], ""acquisition_complete"": false, ""completed_steps"": [""r1_bearing_right"", ""r1_bearing_left"", ""r2_gear_rod"", ""r2_bearing_right""], ""head_rotation_deg"": null, ""head_translation_m"": null, ""left_hand_translation_m"": null, ""removed_tool_ids"": [15, 18, 19, 21, 27, 28], ""right_hand_translation_m"": null, ""selected_step"": ""r1_gear_rod"", ""step_attempt"": 5, ""step_elapsed_s"": 14.684914555051364, ""step_event_index"": 49, ""total_hand_translation_m"": null, ""trial_finished_elapsed_s"": null, ""trial_recording"": true, ""trial_required_tool_ids"": [14, 26, 33]}"
2026-09-03T21:30:37.853-04:00,junhyun,gesture,tts_finished,lifecycle,r1_gear_rod,Row 1.2: assemble gear rod,ready,5,50,,,,16.025789,,,,,,,,,,,,,,,,Row 4 left gear,,,,,"{""acquired_tool_ids"": [14], ""acquisition_complete"": false, ""completed_steps"": [""r1_bearing_right"", ""r1_bearing_left"", ""r2_gear_rod"", ""r2_bearing_right""], ""head_rotation_deg"": null, ""head_translation_m"": null, ""left_hand_translation_m"": null, ""removed_tool_ids"": [15, 18, 19, 21, 27, 28], ""right_hand_translation_m"": null, ""selected_step"": ""r1_gear_rod"", ""step_attempt"": 5, ""step_elapsed_s"": 16.025802631978877, ""step_event_index"": 50, ""total_hand_translation_m"": null, ""trial_finished_elapsed_s"": null, ""trial_recording"": true, ""trial_required_tool_ids"": [14, 26, 33]}"
2026-09-03T21:30:37.920-04:00,junhyun,gesture,hover,hover,r1_gear_rod,Row 1.2: assemble gear rod,ready,5,51,26,GEAR_ROW1_LEFT,,,,,,,,,,,,,,,,,,,,,,,"{""acquired_tool_ids"": [14], ""acquisition_complete"": false, ""completed_steps"": [""r1_bearing_right"", ""r1_bearing_left"", ""r2_gear_rod"", ""r2_bearing_right""], ""head_rotation_deg"": null, ""head_translation_m"": null, ""left_hand_translation_m"": null, ""removed_tool_ids"": [15, 18, 19, 21, 27, 28], ""right_hand_translation_m"": null, ""selected_step"": ""r1_gear_rod"", ""step_attempt"": 5, ""step_elapsed_s"": 16.093095263000578, ""step_event_index"": 51, ""total_hand_translation_m"": null, ""trial_finished_elapsed_s"": null, ""trial_recording"": true, ""trial_required_tool_ids"": [14, 26, 33]}"
2026-09-03T21:30:37.960-04:00,junhyun,gesture,tts_queued,lifecycle,r1_gear_rod,Row 1.2: assemble gear rod,ready,5,52,,,,16.133262,,,,,,,,,,,,,,,,Row 1 left gear,,,replace_hover,,"{""acquired_tool_ids"": [14], ""acquisition_complete"": false, ""completed_steps"": [""r1_bearing_right"", ""r1_bearing_left"", ""r2_gear_rod"", ""r2_bearing_right""], ""head_rotation_deg"": null, ""head_translation_m"": null, ""left_hand_translation_m"": null, ""removed_tool_ids"": [15, 18, 19, 21, 27, 28], ""right_hand_translation_m"": null, ""selected_step"": ""r1_gear_rod"", ""step_attempt"": 5, ""step_elapsed_s"": 16.133273103041574, ""step_event_index"": 52, ""total_hand_translation_m"": null, ""trial_finished_elapsed_s"": null, ""trial_recording"": true, ""trial_required_tool_ids"": [14, 26, 33]}"
2026-09-03T21:30:38.026-04:00,junhyun,gesture,tts_started,lifecycle,r1_gear_rod,Row 1.2: assemble gear rod,ready,5,53,,,,16.198859,,,,,,,,,,,,,,,,Row 1 left gear,,,,,"{""acquired_tool_ids"": [14], ""acquisition_complete"": false, ""completed_steps"": [""r1_bearing_right"", ""r1_bearing_left"", ""r2_gear_rod"", ""r2_bearing_right""], ""head_rotation_deg"": null, ""head_translation_m"": null, ""left_hand_translation_m"": null, ""removed_tool_ids"": [15, 18, 19, 21, 27, 28], ""right_hand_translation_m"": null, ""selected_step"": ""r1_gear_rod"", ""step_attempt"": 5, ""step_elapsed_s"": 16.19887237099465, ""step_event_index"": 53, ""total_hand_translation_m"": null, ""trial_finished_elapsed_s"": null, ""trial_recording"": true, ""trial_required_tool_ids"": [14, 26, 33]}"
2026-09-03T21:30:39.420-04:00,junhyun,gesture,tts_finished,lifecycle,r1_gear_rod,Row 1.2: assemble gear rod,ready,5,54,,,,17.593072,,,,,,,,,,,,,,,,Row 1 left gear,,,,,"{""acquired_tool_ids"": [14], ""acquisition_complete"": false, ""completed_steps"": [""r1_bearing_right"", ""r1_bearing_left"", ""r2_gear_rod"", ""r2_bearing_right""], ""head_rotation_deg"": null, ""head_translation_m"": null, ""left_hand_translation_m"": null, ""removed_tool_ids"": [15, 18, 19, 21, 27, 28], ""right_hand_translation_m"": null, ""selected_step"": ""r1_gear_rod"", ""step_attempt"": 5, ""step_elapsed_s"": 17.593086151988246, ""step_event_index"": 54, ""total_hand_translation_m"": null, ""trial_finished_elapsed_s"": null, ""trial_recording"": true, ""trial_required_tool_ids"": [14, 26, 33]}"
2026-09-03T21:30:39.931-04:00,junhyun,gesture,part_selection,click,r1_gear_rod,Row 1.2: assemble gear rod,ready,5,55,26,GEAR_ROW1_LEFT,13.619960,18.103622,,,,,,,,,,,,,,,1,,,,,,"{""acquired_tool_ids"": [14, 26], ""acquisition_complete"": false, ""completed_steps"": [""r1_bearing_right"", ""r1_bearing_left"", ""r2_gear_rod"", ""r2_bearing_right""], ""head_rotation_deg"": null, ""head_translation_m"": null, ""left_hand_translation_m"": null, ""removed_tool_ids"": [15, 18, 19, 21, 27, 28], ""right_hand_translation_m"": null, ""selected_step"": ""r1_gear_rod"", ""step_attempt"": 5, ""step_elapsed_s"": 18.103661549976096, ""step_event_index"": 55, ""total_hand_translation_m"": null, ""trial_finished_elapsed_s"": null, ""trial_recording"": true, ""trial_required_tool_ids"": [14, 26, 33]}"
2026-09-03T21:30:39.968-04:00,junhyun,gesture,object_acquired,click,r1_gear_rod,Row 1.2: assemble gear rod,ready,5,56,26,GEAR_ROW1_LEFT,13.619960,18.103622,,,,,,,,,,,,,,,1,,,,,,"{""acquired_tool_ids"": [14, 26], ""acquisition_complete"": false, ""completed_steps"": [""r1_bearing_right"", ""r1_bearing_left"", ""r2_gear_rod"", ""r2_bearing_right""], ""head_rotation_deg"": null, ""head_translation_m"": null, ""left_hand_translation_m"": null, ""removed_tool_ids"": [15, 18, 19, 21, 27, 28], ""right_hand_translation_m"": null, ""selected_step"": ""r1_gear_rod"", ""step_attempt"": 5, ""step_elapsed_s"": 18.14086430205498, ""step_event_index"": 56, ""total_hand_translation_m"": null, ""trial_finished_elapsed_s"": null, ""trial_recording"": true, ""trial_required_tool_ids"": [14, 26, 33]}"
2026-09-03T21:30:40.066-04:00,junhyun,gesture,tts_queued,lifecycle,r1_gear_rod,Row 1.2: assemble gear rod,ready,5,57,,,,18.239400,,,,,,,,,,,,,,,,1 part left.,,,replace,,"{""acquired_tool_ids"": [14, 26], ""acquisition_complete"": false, ""completed_steps"": [""r1_bearing_right"", ""r1_bearing_left"", ""r2_gear_rod"", ""r2_bearing_right""], ""head_rotation_deg"": null, ""head_translation_m"": null, ""left_hand_translation_m"": null, ""removed_tool_ids"": [15, 18, 19, 21, 27, 28], ""right_hand_translation_m"": null, ""selected_step"": ""r1_gear_rod"", ""step_attempt"": 5, ""step_elapsed_s"": 18.23941148701124, ""step_event_index"": 57, ""total_hand_translation_m"": null, ""trial_finished_elapsed_s"": null, ""trial_recording"": true, ""trial_required_tool_ids"": [14, 26, 33]}"
2026-09-03T21:30:40.168-04:00,junhyun,gesture,tts_started,lifecycle,r1_gear_rod,Row 1.2: assemble gear rod,ready,5,58,,,,18.340916,,,,,,,,,,,,,,,,1 part left.,,,,,"{""acquired_tool_ids"": [14, 26], ""acquisition_complete"": false, ""completed_steps"": [""r1_bearing_right"", ""r1_bearing_left"", ""r2_gear_rod"", ""r2_bearing_right""], ""head_rotation_deg"": null, ""head_translation_m"": null, ""left_hand_translation_m"": null, ""removed_tool_ids"": [15, 18, 19, 21, 27, 28], ""right_hand_translation_m"": null, ""selected_step"": ""r1_gear_rod"", ""step_attempt"": 5, ""step_elapsed_s"": 18.340929563972168, ""step_event_index"": 58, ""total_hand_translation_m"": null, ""trial_finished_elapsed_s"": null, ""trial_recording"": true, ""trial_required_tool_ids"": [14, 26, 33]}"
2026-09-03T21:30:41.270-04:00,junhyun,gesture,tts_finished,lifecycle,r1_gear_rod,Row 1.2: assemble gear rod,ready,5,59,,,,19.442596,,,,,,,,,,,,,,,,1 part left.,,,,,"{""acquired_tool_ids"": [14, 26], ""acquisition_complete"": false, ""completed_steps"": [""r1_bearing_right"", ""r1_bearing_left"", ""r2_gear_rod"", ""r2_bearing_right""], ""head_rotation_deg"": null, ""head_translation_m"": null, ""left_hand_translation_m"": null, ""removed_tool_ids"": [15, 18, 19, 21, 27, 28], ""right_hand_translation_m"": null, ""selected_step"": ""r1_gear_rod"", ""step_attempt"": 5, ""step_elapsed_s"": 19.442606866010465, ""step_event_index"": 59, ""total_hand_translation_m"": null, ""trial_finished_elapsed_s"": null, ""trial_recording"": true, ""trial_required_tool_ids"": [14, 26, 33]}"
2026-09-03T21:30:42.172-04:00,junhyun,gesture,hover,hover,r1_gear_rod,Row 1.2: assemble gear rod,ready,5,60,26,GEAR_ROW1_LEFT,,,,,,,,,,,,,,,,,,,,,,,"{""acquired_tool_ids"": [14, 26], ""acquisition_complete"": false, ""completed_steps"": [""r1_bearing_right"", ""r1_bearing_left"", ""r2_gear_rod"", ""r2_bearing_right""], ""head_rotation_deg"": null, ""head_translation_m"": null, ""left_hand_translation_m"": null, ""removed_tool_ids"": [15, 18, 19, 21, 27, 28], ""right_hand_translation_m"": null, ""selected_step"": ""r1_gear_rod"", ""step_attempt"": 5, ""step_elapsed_s"": 20.34477320103906, ""step_event_index"": 60, ""total_hand_translation_m"": null, ""trial_finished_elapsed_s"": null, ""trial_recording"": true, ""trial_required_tool_ids"": [14, 26, 33]}"
2026-09-03T21:30:42.212-04:00,junhyun,gesture,tts_queued,lifecycle,r1_gear_rod,Row 1.2: assemble gear rod,ready,5,61,,,,20.384835,,,,,,,,,,,,,,,,Row 1 left gear,,,replace_hover,,"{""acquired_tool_ids"": [14, 26], ""acquisition_complete"": false, ""completed_steps"": [""r1_bearing_right"", ""r1_bearing_left"", ""r2_gear_rod"", ""r2_bearing_right""], ""head_rotation_deg"": null, ""head_translation_m"": null, ""left_hand_translation_m"": null, ""removed_tool_ids"": [15, 18, 19, 21, 27, 28], ""right_hand_translation_m"": null, ""selected_step"": ""r1_gear_rod"", ""step_attempt"": 5, ""step_elapsed_s"": 20.384847591049038, ""step_event_index"": 61, ""total_hand_translation_m"": null, ""trial_finished_elapsed_s"": null, ""trial_recording"": true, ""trial_required_tool_ids"": [14, 26, 33]}"
2026-09-03T21:30:42.370-04:00,junhyun,gesture,tts_started,lifecycle,r1_gear_rod,Row 1.2: assemble gear rod,ready,5,62,,,,20.542949,,,,,,,,,,,,,,,,Row 1 left gear,,,,,"{""acquired_tool_ids"": [14, 26], ""acquisition_complete"": false, ""completed_steps"": [""r1_bearing_right"", ""r1_bearing_left"", ""r2_gear_rod"", ""r2_bearing_right""], ""head_rotation_deg"": null, ""head_translation_m"": null, ""left_hand_translation_m"": null, ""removed_tool_ids"": [15, 18, 19, 21, 27, 28], ""right_hand_translation_m"": null, ""selected_step"": ""r1_gear_rod"", ""step_attempt"": 5, ""step_elapsed_s"": 20.542965549975634, ""step_event_index"": 62, ""total_hand_translation_m"": null, ""trial_finished_elapsed_s"": null, ""trial_recording"": true, ""trial_required_tool_ids"": [14, 26, 33]}"
2026-09-03T21:30:43.269-04:00,junhyun,gesture,hover,hover,r1_gear_rod,Row 1.2: assemble gear rod,ready,5,63,31,GEAR_ROW4_LEFT,,,,,,,,,,,,,,,,,,,,,,,"{""acquired_tool_ids"": [14, 26], ""acquisition_complete"": false, ""completed_steps"": [""r1_bearing_right"", ""r1_bearing_left"", ""r2_gear_rod"", ""r2_bearing_right""], ""head_rotation_deg"": null, ""head_translation_m"": null, ""left_hand_translation_m"": null, ""removed_tool_ids"": [15, 18, 19, 21, 27, 28], ""right_hand_translation_m"": null, ""selected_step"": ""r1_gear_rod"", ""step_attempt"": 5, ""step_elapsed_s"": 21.442388236988336, ""step_event_index"": 63, ""total_hand_translation_m"": null, ""trial_finished_elapsed_s"": null, ""trial_recording"": true, ""trial_required_tool_ids"": [14, 26, 33]}"
2026-09-03T21:30:43.308-04:00,junhyun,gesture,tts_queued,lifecycle,r1_gear_rod,Row 1.2: assemble gear rod,ready,5,64,,,,21.480867,,,,,,,,,,,,,,,,Row 4 left gear,,,replace_hover,,"{""acquired_tool_ids"": [14, 26], ""acquisition_complete"": false, ""completed_steps"": [""r1_bearing_right"", ""r1_bearing_left"", ""r2_gear_rod"", ""r2_bearing_right""], ""head_rotation_deg"": null, ""head_translation_m"": null, ""left_hand_translation_m"": null, ""removed_tool_ids"": [15, 18, 19, 21, 27, 28], ""right_hand_translation_m"": null, ""selected_step"": ""r1_gear_rod"", ""step_attempt"": 5, ""step_elapsed_s"": 21.48087842098903, ""step_event_index"": 64, ""total_hand_translation_m"": null, ""trial_finished_elapsed_s"": null, ""trial_recording"": true, ""trial_required_tool_ids"": [14, 26, 33]}"
2026-09-03T21:30:43.378-04:00,junhyun,gesture,tts_finished,lifecycle,r1_gear_rod,Row 1.2: assemble gear rod,ready,5,65,,,,21.551448,,,,,,,,,,,,,,,,Row 1 left gear,,,,,"{""acquired_tool_ids"": [14, 26], ""acquisition_complete"": false, ""completed_steps"": [""r1_bearing_right"", ""r1_bearing_left"", ""r2_gear_rod"", ""r2_bearing_right""], ""head_rotation_deg"": null, ""head_translation_m"": null, ""left_hand_translation_m"": null, ""removed_tool_ids"": [15, 18, 19, 21, 27, 28], ""right_hand_translation_m"": null, ""selected_step"": ""r1_gear_rod"", ""step_attempt"": 5, ""step_elapsed_s"": 21.551457519060932, ""step_event_index"": 65, ""total_hand_translation_m"": null, ""trial_finished_elapsed_s"": null, ""trial_recording"": true, ""trial_required_tool_ids"": [14, 26, 33]}"
2026-09-03T21:30:43.444-04:00,junhyun,gesture,tts_started,lifecycle,r1_gear_rod,Row 1.2: assemble gear rod,ready,5,66,,,,21.617093,,,,,,,,,,,,,,,,Row 4 left gear,,,,,"{""acquired_tool_ids"": [14, 26], ""acquisition_complete"": false, ""completed_steps"": [""r1_bearing_right"", ""r1_bearing_left"", ""r2_gear_rod"", ""r2_bearing_right""], ""head_rotation_deg"": null, ""head_translation_m"": null, ""left_hand_translation_m"": null, ""removed_tool_ids"": [15, 18, 19, 21, 27, 28], ""right_hand_translation_m"": null, ""selected_step"": ""r1_gear_rod"", ""step_attempt"": 5, ""step_elapsed_s"": 21.617106958059594, ""step_event_index"": 66, ""total_hand_translation_m"": null, ""trial_finished_elapsed_s"": null, ""trial_recording"": true, ""trial_required_tool_ids"": [14, 26, 33]}"
2026-09-03T21:30:44.286-04:00,junhyun,gesture,hover,hover,r1_gear_rod,Row 1.2: assemble gear rod,ready,5,67,34,BEARINGS,,,,,,,,,,,,,,,,,,,,,,,"{""acquired_tool_ids"": [14, 26], ""acquisition_complete"": false, ""completed_steps"": [""r1_bearing_right"", ""r1_bearing_left"", ""r2_gear_rod"", ""r2_bearing_right""], ""head_rotation_deg"": null, ""head_translation_m"": null, ""left_hand_translation_m"": null, ""removed_tool_ids"": [15, 18, 19, 21, 27, 28], ""right_hand_translation_m"": null, ""selected_step"": ""r1_gear_rod"", ""step_attempt"": 5, ""step_elapsed_s"": 22.45872124400921, ""step_event_index"": 67, ""total_hand_translation_m"": null, ""trial_finished_elapsed_s"": null, ""trial_recording"": true, ""trial_required_tool_ids"": [14, 26, 33]}"
2026-09-03T21:30:44.362-04:00,junhyun,gesture,tts_queued,lifecycle,r1_gear_rod,Row 1.2: assemble gear rod,ready,5,68,,,,22.535489,,,,,,,,,,,,,,,,bearing,,,replace_hover,,"{""acquired_tool_ids"": [14, 26], ""acquisition_complete"": false, ""completed_steps"": [""r1_bearing_right"", ""r1_bearing_left"", ""r2_gear_rod"", ""r2_bearing_right""], ""head_rotation_deg"": null, ""head_translation_m"": null, ""left_hand_translation_m"": null, ""removed_tool_ids"": [15, 18, 19, 21, 27, 28], ""right_hand_translation_m"": null, ""selected_step"": ""r1_gear_rod"", ""step_attempt"": 5, ""step_elapsed_s"": 22.535501767066307, ""step_event_index"": 68, ""total_hand_translation_m"": null, ""trial_finished_elapsed_s"": null, ""trial_recording"": true, ""trial_required_tool_ids"": [14, 26, 33]}"
2026-09-03T21:30:44.437-04:00,junhyun,gesture,tts_finished,lifecycle,r1_gear_rod,Row 1.2: assemble gear rod,ready,5,69,,,,22.609663,,,,,,,,,,,,,,,,Row 4 left gear,,,,,"{""acquired_tool_ids"": [14, 26], ""acquisition_complete"": false, ""completed_steps"": [""r1_bearing_right"", ""r1_bearing_left"", ""r2_gear_rod"", ""r2_bearing_right""], ""head_rotation_deg"": null, ""head_translation_m"": null, ""left_hand_translation_m"": null, ""removed_tool_ids"": [15, 18, 19, 21, 27, 28], ""right_hand_translation_m"": null, ""selected_step"": ""r1_gear_rod"", ""step_attempt"": 5, ""step_elapsed_s"": 22.609678019070998, ""step_event_index"": 69, ""total_hand_translation_m"": null, ""trial_finished_elapsed_s"": null, ""trial_recording"": true, ""trial_required_tool_ids"": [14, 26, 33]}"
2026-09-03T21:30:44.486-04:00,junhyun,gesture,tts_started,lifecycle,r1_gear_rod,Row 1.2: assemble gear rod,ready,5,70,,,,22.659292,,,,,,,,,,,,,,,,bearing,,,,,"{""acquired_tool_ids"": [14, 26], ""acquisition_complete"": false, ""completed_steps"": [""r1_bearing_right"", ""r1_bearing_left"", ""r2_gear_rod"", ""r2_bearing_right""], ""head_rotation_deg"": null, ""head_translation_m"": null, ""left_hand_translation_m"": null, ""removed_tool_ids"": [15, 18, 19, 21, 27, 28], ""right_hand_translation_m"": null, ""selected_step"": ""r1_gear_rod"", ""step_attempt"": 5, ""step_elapsed_s"": 22.65930085000582, ""step_event_index"": 70, ""total_hand_translation_m"": null, ""trial_finished_elapsed_s"": null, ""trial_recording"": true, ""trial_required_tool_ids"": [14, 26, 33]}"
2026-09-03T21:30:44.554-04:00,junhyun,gesture,hover,hover,r1_gear_rod,Row 1.2: assemble gear rod,ready,5,71,32,CRANK_HANDLE,,,,,,,,,,,,,,,,,,,,,,,"{""acquired_tool_ids"": [14, 26], ""acquisition_complete"": false, ""completed_steps"": [""r1_bearing_right"", ""r1_bearing_left"", ""r2_gear_rod"", ""r2_bearing_right""], ""head_rotation_deg"": null, ""head_translation_m"": null, ""left_hand_translation_m"": null, ""removed_tool_ids"": [15, 18, 19, 21, 27, 28], ""right_hand_translation_m"": null, ""selected_step"": ""r1_gear_rod"", ""step_attempt"": 5, ""step_elapsed_s"": 22.726853840984404, ""step_event_index"": 71, ""total_hand_translation_m"": null, ""trial_finished_elapsed_s"": null, ""trial_recording"": true, ""trial_required_tool_ids"": [14, 26, 33]}"
2026-09-03T21:30:44.576-04:00,junhyun,gesture,tts_queued,lifecycle,r1_gear_rod,Row 1.2: assemble gear rod,ready,5,72,,,,22.749272,,,,,,,,,,,,,,,,handle,,,replace_hover,,"{""acquired_tool_ids"": [14, 26], ""acquisition_complete"": false, ""completed_steps"": [""r1_bearing_right"", ""r1_bearing_left"", ""r2_gear_rod"", ""r2_bearing_right""], ""head_rotation_deg"": null, ""head_translation_m"": null, ""left_hand_translation_m"": null, ""removed_tool_ids"": [15, 18, 19, 21, 27, 28], ""right_hand_translation_m"": null, ""selected_step"": ""r1_gear_rod"", ""step_attempt"": 5, ""step_elapsed_s"": 22.74928298802115, ""step_event_index"": 72, ""total_hand_translation_m"": null, ""trial_finished_elapsed_s"": null, ""trial_recording"": true, ""trial_required_tool_ids"": [14, 26, 33]}"
2026-09-03T21:30:44.669-04:00,junhyun,gesture,tts_finished,lifecycle,r1_gear_rod,Row 1.2: assemble gear rod,ready,5,73,,,,22.841564,,,,,,,,,,,,,,,,bearing,,,,,"{""acquired_tool_ids"": [14, 26], ""acquisition_complete"": false, ""completed_steps"": [""r1_bearing_right"", ""r1_bearing_left"", ""r2_gear_rod"", ""r2_bearing_right""], ""head_rotation_deg"": null, ""head_translation_m"": null, ""left_hand_translation_m"": null, ""removed_tool_ids"": [15, 18, 19, 21, 27, 28], ""right_hand_translation_m"": null, ""selected_step"": ""r1_gear_rod"", ""step_attempt"": 5, ""step_elapsed_s"": 22.84157888602931, ""step_event_index"": 73, ""total_hand_translation_m"": null, ""trial_finished_elapsed_s"": null, ""trial_recording"": true, ""trial_required_tool_ids"": [14, 26, 33]}"
2026-09-03T21:30:44.723-04:00,junhyun,gesture,tts_started,lifecycle,r1_gear_rod,Row 1.2: assemble gear rod,ready,5,74,,,,22.896401,,,,,,,,,,,,,,,,handle,,,,,"{""acquired_tool_ids"": [14, 26], ""acquisition_complete"": false, ""completed_steps"": [""r1_bearing_right"", ""r1_bearing_left"", ""r2_gear_rod"", ""r2_bearing_right""], ""head_rotation_deg"": null, ""head_translation_m"": null, ""left_hand_translation_m"": null, ""removed_tool_ids"": [15, 18, 19, 21, 27, 28], ""right_hand_translation_m"": null, ""selected_step"": ""r1_gear_rod"", ""step_attempt"": 5, ""step_elapsed_s"": 22.896412646048702, ""step_event_index"": 74, ""total_hand_translation_m"": null, ""trial_finished_elapsed_s"": null, ""trial_recording"": true, ""trial_required_tool_ids"": [14, 26, 33]}"
2026-09-03T21:30:45.280-04:00,junhyun,gesture,hover,hover,r1_gear_rod,Row 1.2: assemble gear rod,ready,5,75,33,PINS,,,,,,,,,,,,,,,,,,,,,,,"{""acquired_tool_ids"": [14, 26], ""acquisition_complete"": false, ""completed_steps"": [""r1_bearing_right"", ""r1_bearing_left"", ""r2_gear_rod"", ""r2_bearing_right""], ""head_rotation_deg"": null, ""head_translation_m"": null, ""left_hand_translation_m"": null, ""removed_tool_ids"": [15, 18, 19, 21, 27, 28], ""right_hand_translation_m"": null, ""selected_step"": ""r1_gear_rod"", ""step_attempt"": 5, ""step_elapsed_s"": 23.452845499967225, ""step_event_index"": 75, ""total_hand_translation_m"": null, ""trial_finished_elapsed_s"": null, ""trial_recording"": true, ""trial_required_tool_ids"": [14, 26, 33]}"
2026-09-03T21:30:45.323-04:00,junhyun,gesture,tts_queued,lifecycle,r1_gear_rod,Row 1.2: assemble gear rod,ready,5,76,,,,23.496015,,,,,,,,,,,,,,,,pin,,,replace_hover,,"{""acquired_tool_ids"": [14, 26], ""acquisition_complete"": false, ""completed_steps"": [""r1_bearing_right"", ""r1_bearing_left"", ""r2_gear_rod"", ""r2_bearing_right""], ""head_rotation_deg"": null, ""head_translation_m"": null, ""left_hand_translation_m"": null, ""removed_tool_ids"": [15, 18, 19, 21, 27, 28], ""right_hand_translation_m"": null, ""selected_step"": ""r1_gear_rod"", ""step_attempt"": 5, ""step_elapsed_s"": 23.496024382067844, ""step_event_index"": 76, ""total_hand_translation_m"": null, ""trial_finished_elapsed_s"": null, ""trial_recording"": true, ""trial_required_tool_ids"": [14, 26, 33]}"
2026-09-03T21:30:45.418-04:00,junhyun,gesture,tts_finished,lifecycle,r1_gear_rod,Row 1.2: assemble gear rod,ready,5,77,,,,23.591240,,,,,,,,,,,,,,,,handle,,,,,"{""acquired_tool_ids"": [14, 26], ""acquisition_complete"": false, ""completed_steps"": [""r1_bearing_right"", ""r1_bearing_left"", ""r2_gear_rod"", ""r2_bearing_right""], ""head_rotation_deg"": null, ""head_translation_m"": null, ""left_hand_translation_m"": null, ""removed_tool_ids"": [15, 18, 19, 21, 27, 28], ""right_hand_translation_m"": null, ""selected_step"": ""r1_gear_rod"", ""step_attempt"": 5, ""step_elapsed_s"": 23.59125426306855, ""step_event_index"": 77, ""total_hand_translation_m"": null, ""trial_finished_elapsed_s"": null, ""trial_recording"": true, ""trial_required_tool_ids"": [14, 26, 33]}"
2026-09-03T21:30:45.459-04:00,junhyun,gesture,tts_started,lifecycle,r1_gear_rod,Row 1.2: assemble gear rod,ready,5,78,,,,23.631633,,,,,,,,,,,,,,,,pin,,,,,"{""acquired_tool_ids"": [14, 26], ""acquisition_complete"": false, ""completed_steps"": [""r1_bearing_right"", ""r1_bearing_left"", ""r2_gear_rod"", ""r2_bearing_right""], ""head_rotation_deg"": null, ""head_translation_m"": null, ""left_hand_translation_m"": null, ""removed_tool_ids"": [15, 18, 19, 21, 27, 28], ""right_hand_translation_m"": null, ""selected_step"": ""r1_gear_rod"", ""step_attempt"": 5, ""step_elapsed_s"": 23.63164948206395, ""step_event_index"": 78, ""total_hand_translation_m"": null, ""trial_finished_elapsed_s"": null, ""trial_recording"": true, ""trial_required_tool_ids"": [14, 26, 33]}"
2026-09-03T21:30:46.004-04:00,junhyun,gesture,tts_finished,lifecycle,r1_gear_rod,Row 1.2: assemble gear rod,ready,5,79,,,,24.177400,,,,,,,,,,,,,,,,pin,,,,,"{""acquired_tool_ids"": [14, 26], ""acquisition_complete"": false, ""completed_steps"": [""r1_bearing_right"", ""r1_bearing_left"", ""r2_gear_rod"", ""r2_bearing_right""], ""head_rotation_deg"": null, ""head_translation_m"": null, ""left_hand_translation_m"": null, ""removed_tool_ids"": [15, 18, 19, 21, 27, 28], ""right_hand_translation_m"": null, ""selected_step"": ""r1_gear_rod"", ""step_attempt"": 5, ""step_elapsed_s"": 24.17741272901185, ""step_event_index"": 79, ""total_hand_translation_m"": null, ""trial_finished_elapsed_s"": null, ""trial_recording"": true, ""trial_required_tool_ids"": [14, 26, 33]}"
2026-09-03T21:30:46.485-04:00,junhyun,gesture,part_selection,click,r1_gear_rod,Row 1.2: assemble gear rod,ready,5,80,33,PINS,6.553836,24.657457,,,,,,,,,,,,,,,1,,,,,,"{""acquired_tool_ids"": [14, 26, 33], ""acquisition_complete"": false, ""completed_steps"": [""r1_bearing_right"", ""r1_bearing_left"", ""r2_gear_rod"", ""r2_bearing_right""], ""head_rotation_deg"": null, ""head_translation_m"": null, ""left_hand_translation_m"": null, ""removed_tool_ids"": [15, 18, 19, 21, 27, 28], ""right_hand_translation_m"": null, ""selected_step"": ""r1_gear_rod"", ""step_attempt"": 5, ""step_elapsed_s"": 24.65757354500238, ""step_event_index"": 80, ""total_hand_translation_m"": null, ""trial_finished_elapsed_s"": null, ""trial_recording"": true, ""trial_required_tool_ids"": [14, 26, 33]}"
2026-09-03T21:30:46.557-04:00,junhyun,gesture,object_acquired,click,r1_gear_rod,Row 1.2: assemble gear rod,ready,5,81,33,PINS,6.553836,24.657457,,,,,,,,,,,,,,,1,,,,,,"{""acquired_tool_ids"": [14, 26, 33], ""acquisition_complete"": false, ""completed_steps"": [""r1_bearing_right"", ""r1_bearing_left"", ""r2_gear_rod"", ""r2_bearing_right""], ""head_rotation_deg"": null, ""head_translation_m"": null, ""left_hand_translation_m"": null, ""removed_tool_ids"": [15, 18, 19, 21, 27, 28], ""right_hand_translation_m"": null, ""selected_step"": ""r1_gear_rod"", ""step_attempt"": 5, ""step_elapsed_s"": 24.730035349959508, ""step_event_index"": 81, ""total_hand_translation_m"": null, ""trial_finished_elapsed_s"": null, ""trial_recording"": true, ""trial_required_tool_ids"": [14, 26, 33]}"
2026-09-03T21:30:46.673-04:00,junhyun,gesture,step_acquisition_complete,click,r1_gear_rod,Row 1.2: assemble gear rod,ready,5,82,,,,24.844300,1.155456,148.991119,1.952019,2.251239,4.203258,0.000000,13.941116,13.941116,56.686033,0,18,0.000000,0.576317,0.576317,,,,,,,"{""acquired_tool_ids"": [14, 26, 33], ""acquisition_complete"": true, ""any_hover_time_s"": 13.941116236848757, ""completed_steps"": [""r1_bearing_right"", ""r1_bearing_left"", ""r2_gear_rod"", ""r2_bearing_right""], ""head_rotation_deg"": 148.9911188382009, ""head_translation_m"": 1.1554558097591792, ""hover_time_percent"": 56.686033034471926, ""left_hand_translation_m"": 1.952018613135608, ""left_hover_episodes"": 0, ""left_hover_time_s"": 0.0, ""left_hover_translation_m"": 0.0, ""removed_tool_ids"": [14, 15, 18, 19, 21, 26, 27, 28], ""right_hand_translation_m"": 2.251238905999926, ""right_hover_episodes"": 18, ""right_hover_time_s"": 13.941116236848757, ""right_hover_translation_m"": 0.576317316182829, ""selected_step"": ""r1_gear_rod"", ""step_attempt"": 5, ""step_elapsed_s"": 24.84430043201428, ""step_event_index"": 82, ""total_hand_translation_m"": 4.203257519135534, ""total_hover_translation_m"": 0.576317316182829, ""trial_finished_elapsed_s"": 24.84430043201428, ""trial_recording"": false, ""trial_required_tool_ids"": [14, 26, 33]}"
2026-09-03T21:30:46.719-04:00,junhyun,gesture,graph_complete,,r1_gear_rod,Row 1.2: assemble gear rod,complete,5,83,,,,,,,,,,,,,,,,,,,,,,,,,"{""acquired_tool_ids"": [14, 26, 33], ""acquisition_complete"": true, ""any_hover_time_s"": 13.941116236848757, ""completed_steps"": [""r1_bearing_right"", ""r1_bearing_left"", ""r2_gear_rod"", ""r2_bearing_right"", ""r1_gear_rod""], ""head_rotation_deg"": 148.9911188382009, ""head_translation_m"": 1.1554558097591792, ""hover_time_percent"": 56.686033034471926, ""left_hand_translation_m"": 1.952018613135608, ""left_hover_episodes"": 0, ""left_hover_time_s"": 0.0, ""left_hover_translation_m"": 0.0, ""removed_tool_ids"": [14, 15, 18, 19, 21, 26, 27, 28], ""right_hand_translation_m"": 2.251238905999926, ""right_hover_episodes"": 18, ""right_hover_time_s"": 13.941116236848757, ""right_hover_translation_m"": 0.576317316182829, ""selected_step"": ""r1_gear_rod"", ""step_attempt"": 5, ""step_elapsed_s"": 24.84430043201428, ""step_event_index"": 83, ""total_hand_translation_m"": 4.203257519135534, ""total_hover_translation_m"": 0.576317316182829, ""trial_finished_elapsed_s"": 24.84430043201428, ""trial_recording"": false, ""trial_required_tool_ids"": [14, 26, 33]}"
2026-09-03T21:31:01.497-04:00,junhyun,gesture,step_started,keyboard,r1_fasten_first_stand,Row 1.4: fasten right stand,ready,6,1,,,,,,,,,,,,,,,,,,,,,,,,,"{""acquired_tool_ids"": [], ""acquisition_complete"": false, ""completed_steps"": [""r1_bearing_right"", ""r1_bearing_left"", ""r2_gear_rod"", ""r2_bearing_right"", ""r1_gear_rod""], ""head_rotation_deg"": null, ""head_translation_m"": null, ""left_hand_translation_m"": null, ""removed_tool_ids"": [14, 15, 18, 19, 21, 26, 27, 28], ""right_hand_translation_m"": null, ""selected_step"": ""r1_fasten_first_stand"", ""step_attempt"": 6, ""step_elapsed_s"": 6.90920278429985e-05, ""step_event_index"": 1, ""total_hand_translation_m"": null, ""trial_finished_elapsed_s"": null, ""trial_recording"": true, ""trial_required_tool_ids"": [7, 35, 36]}"
2026-09-03T21:31:10.564-04:00,junhyun,gesture,hover,hover,r1_fasten_first_stand,Row 1.4: fasten right stand,ready,6,2,29,GEAR_ROW3_LEFT,,,,,,,,,,,,,,,,,,,,,,,"{""acquired_tool_ids"": [], ""acquisition_complete"": false, ""completed_steps"": [""r1_bearing_right"", ""r1_bearing_left"", ""r2_gear_rod"", ""r2_bearing_right"", ""r1_gear_rod""], ""head_rotation_deg"": null, ""head_translation_m"": null, ""left_hand_translation_m"": null, ""removed_tool_ids"": [14, 15, 18, 19, 21, 26, 27, 28], ""right_hand_translation_m"": null, ""selected_step"": ""r1_fasten_first_stand"", ""step_attempt"": 6, ""step_elapsed_s"": 9.06710887607187, ""step_event_index"": 2, ""total_hand_translation_m"": null, ""trial_finished_elapsed_s"": null, ""trial_recording"": true, ""trial_required_tool_ids"": [7, 35, 36]}"
2026-09-03T21:31:10.590-04:00,junhyun,gesture,tts_queued,lifecycle,r1_fasten_first_stand,Row 1.4: fasten right stand,ready,6,3,,,,9.093108,,,,,,,,,,,,,,,,Row 3 left gear,,,replace_hover,,"{""acquired_tool_ids"": [], ""acquisition_complete"": false, ""completed_steps"": [""r1_bearing_right"", ""r1_bearing_left"", ""r2_gear_rod"", ""r2_bearing_right"", ""r1_gear_rod""], ""head_rotation_deg"": null, ""head_translation_m"": null, ""left_hand_translation_m"": null, ""removed_tool_ids"": [14, 15, 18, 19, 21, 26, 27, 28], ""right_hand_translation_m"": null, ""selected_step"": ""r1_fasten_first_stand"", ""step_attempt"": 6, ""step_elapsed_s"": 9.093119936995208, ""step_event_index"": 3, ""total_hand_translation_m"": null, ""trial_finished_elapsed_s"": null, ""trial_recording"": true, ""trial_required_tool_ids"": [7, 35, 36]}"
2026-09-03T21:31:10.649-04:00,junhyun,gesture,tts_started,lifecycle,r1_fasten_first_stand,Row 1.4: fasten right stand,ready,6,4,,,,9.152235,,,,,,,,,,,,,,,,Row 3 left gear,,,,,"{""acquired_tool_ids"": [], ""acquisition_complete"": false, ""completed_steps"": [""r1_bearing_right"", ""r1_bearing_left"", ""r2_gear_rod"", ""r2_bearing_right"", ""r1_gear_rod""], ""head_rotation_deg"": null, ""head_translation_m"": null, ""left_hand_translation_m"": null, ""removed_tool_ids"": [14, 15, 18, 19, 21, 26, 27, 28], ""right_hand_translation_m"": null, ""selected_step"": ""r1_fasten_first_stand"", ""step_attempt"": 6, ""step_elapsed_s"": 9.152247329009697, ""step_event_index"": 4, ""total_hand_translation_m"": null, ""trial_finished_elapsed_s"": null, ""trial_recording"": true, ""trial_required_tool_ids"": [7, 35, 36]}"
2026-09-03T21:31:10.828-04:00,junhyun,gesture,hover,hover,r1_fasten_first_stand,Row 1.4: fasten right stand,ready,6,5,34,BEARINGS,,,,,,,,,,,,,,,,,,,,,,,"{""acquired_tool_ids"": [], ""acquisition_complete"": false, ""completed_steps"": [""r1_bearing_right"", ""r1_bearing_left"", ""r2_gear_rod"", ""r2_bearing_right"", ""r1_gear_rod""], ""head_rotation_deg"": null, ""head_translation_m"": null, ""left_hand_translation_m"": null, ""removed_tool_ids"": [14, 15, 18, 19, 21, 26, 27, 28], ""right_hand_translation_m"": null, ""selected_step"": ""r1_fasten_first_stand"", ""step_attempt"": 6, ""step_elapsed_s"": 9.331546497996897, ""step_event_index"": 5, ""total_hand_translation_m"": null, ""trial_finished_elapsed_s"": null, ""trial_recording"": true, ""trial_required_tool_ids"": [7, 35, 36]}"
2026-09-03T21:31:10.861-04:00,junhyun,gesture,tts_queued,lifecycle,r1_fasten_first_stand,Row 1.4: fasten right stand,ready,6,6,,,,9.364012,,,,,,,,,,,,,,,,bearing,,,replace_hover,,"{""acquired_tool_ids"": [], ""acquisition_complete"": false, ""completed_steps"": [""r1_bearing_right"", ""r1_bearing_left"", ""r2_gear_rod"", ""r2_bearing_right"", ""r1_gear_rod""], ""head_rotation_deg"": null, ""head_translation_m"": null, ""left_hand_translation_m"": null, ""removed_tool_ids"": [14, 15, 18, 19, 21, 26, 27, 28], ""right_hand_translation_m"": null, ""selected_step"": ""r1_fasten_first_stand"", ""step_attempt"": 6, ""step_elapsed_s"": 9.364026437979192, ""step_event_index"": 6, ""total_hand_translation_m"": null, ""trial_finished_elapsed_s"": null, ""trial_recording"": true, ""trial_required_tool_ids"": [7, 35, 36]}"
2026-09-03T21:31:10.901-04:00,junhyun,gesture,tts_finished,lifecycle,r1_fasten_first_stand,Row 1.4: fasten right stand,ready,6,7,,,,9.404083,,,,,,,,,,,,,,,,Row 3 left gear,,,,,"{""acquired_tool_ids"": [], ""acquisition_complete"": false, ""completed_steps"": [""r1_bearing_right"", ""r1_bearing_left"", ""r2_gear_rod"", ""r2_bearing_right"", ""r1_gear_rod""], ""head_rotation_deg"": null, ""head_translation_m"": null, ""left_hand_translation_m"": null, ""removed_tool_ids"": [14, 15, 18, 19, 21, 26, 27, 28], ""right_hand_translation_m"": null, ""selected_step"": ""r1_fasten_first_stand"", ""step_attempt"": 6, ""step_elapsed_s"": 9.404094791971147, ""step_event_index"": 7, ""total_hand_translation_m"": null, ""trial_finished_elapsed_s"": null, ""trial_recording"": true, ""trial_required_tool_ids"": [7, 35, 36]}"
2026-09-03T21:31:10.931-04:00,junhyun,gesture,tts_started,lifecycle,r1_fasten_first_stand,Row 1.4: fasten right stand,ready,6,8,,,,9.434231,,,,,,,,,,,,,,,,bearing,,,,,"{""acquired_tool_ids"": [], ""acquisition_complete"": false, ""completed_steps"": [""r1_bearing_right"", ""r1_bearing_left"", ""r2_gear_rod"", ""r2_bearing_right"", ""r1_gear_rod""], ""head_rotation_deg"": null, ""head_translation_m"": null, ""left_hand_translation_m"": null, ""removed_tool_ids"": [14, 15, 18, 19, 21, 26, 27, 28], ""right_hand_translation_m"": null, ""selected_step"": ""r1_fasten_first_stand"", ""step_attempt"": 6, ""step_elapsed_s"": 9.43424288299866, ""step_event_index"": 8, ""total_hand_translation_m"": null, ""trial_finished_elapsed_s"": null, ""trial_recording"": true, ""trial_required_tool_ids"": [7, 35, 36]}"
2026-09-03T21:31:11.496-04:00,junhyun,gesture,hover,hover,r1_fasten_first_stand,Row 1.4: fasten right stand,ready,6,9,30,GEAR_ROW3_RIGHT,,,,,,,,,,,,,,,,,,,,,,,"{""acquired_tool_ids"": [], ""acquisition_complete"": false, ""completed_steps"": [""r1_bearing_right"", ""r1_bearing_left"", ""r2_gear_rod"", ""r2_bearing_right"", ""r1_gear_rod""], ""head_rotation_deg"": null, ""head_translation_m"": null, ""left_hand_translation_m"": null, ""removed_tool_ids"": [14, 15, 18, 19, 21, 26, 27, 28], ""right_hand_translation_m"": null, ""selected_step"": ""r1_fasten_first_stand"", ""step_attempt"": 6, ""step_elapsed_s"": 9.999152487027459, ""step_event_index"": 9, ""total_hand_translation_m"": null, ""trial_finished_elapsed_s"": null, ""trial_recording"": true, ""trial_required_tool_ids"": [7, 35, 36]}"
2026-09-03T21:31:11.528-04:00,junhyun,gesture,tts_queued,lifecycle,r1_fasten_first_stand,Row 1.4: fasten right stand,ready,6,10,,,,10.031012,,,,,,,,,,,,,,,,Row 3 right gear,,,replace_hover,,"{""acquired_tool_ids"": [], ""acquisition_complete"": false, ""completed_steps"": [""r1_bearing_right"", ""r1_bearing_left"", ""r2_gear_rod"", ""r2_bearing_right"", ""r1_gear_rod""], ""head_rotation_deg"": null, ""head_translation_m"": null, ""left_hand_translation_m"": null, ""removed_tool_ids"": [14, 15, 18, 19, 21, 26, 27, 28], ""right_hand_translation_m"": null, ""selected_step"": ""r1_fasten_first_stand"", ""step_attempt"": 6, ""step_elapsed_s"": 10.031023303978145, ""step_event_index"": 10, ""total_hand_translation_m"": null, ""trial_finished_elapsed_s"": null, ""trial_recording"": true, ""trial_required_tool_ids"": [7, 35, 36]}"
2026-09-03T21:31:11.589-04:00,junhyun,gesture,tts_finished,lifecycle,r1_fasten_first_stand,Row 1.4: fasten right stand,ready,6,11,,,,10.092319,,,,,,,,,,,,,,,,bearing,,,,,"{""acquired_tool_ids"": [], ""acquisition_complete"": false, ""completed_steps"": [""r1_bearing_right"", ""r1_bearing_left"", ""r2_gear_rod"", ""r2_bearing_right"", ""r1_gear_rod""], ""head_rotation_deg"": null, ""head_translation_m"": null, ""left_hand_translation_m"": null, ""removed_tool_ids"": [14, 15, 18, 19, 21, 26, 27, 28], ""right_hand_translation_m"": null, ""selected_step"": ""r1_fasten_first_stand"", ""step_attempt"": 6, ""step_elapsed_s"": 10.092331088031642, ""step_event_index"": 11, ""total_hand_translation_m"": null, ""trial_finished_elapsed_s"": null, ""trial_recording"": true, ""trial_required_tool_ids"": [7, 35, 36]}"
2026-09-03T21:31:11.646-04:00,junhyun,gesture,tts_started,lifecycle,r1_fasten_first_stand,Row 1.4: fasten right stand,ready,6,12,,,,10.148960,,,,,,,,,,,,,,,,Row 3 right gear,,,,,"{""acquired_tool_ids"": [], ""acquisition_complete"": false, ""completed_steps"": [""r1_bearing_right"", ""r1_bearing_left"", ""r2_gear_rod"", ""r2_bearing_right"", ""r1_gear_rod""], ""head_rotation_deg"": null, ""head_translation_m"": null, ""left_hand_translation_m"": null, ""removed_tool_ids"": [14, 15, 18, 19, 21, 26, 27, 28], ""right_hand_translation_m"": null, ""selected_step"": ""r1_fasten_first_stand"", ""step_attempt"": 6, ""step_elapsed_s"": 10.148974349023774, ""step_event_index"": 12, ""total_hand_translation_m"": null, ""trial_finished_elapsed_s"": null, ""trial_recording"": true, ""trial_required_tool_ids"": [7, 35, 36]}"
2026-09-03T21:31:13.200-04:00,junhyun,gesture,tts_finished,lifecycle,r1_fasten_first_stand,Row 1.4: fasten right stand,ready,6,13,,,,11.703206,,,,,,,,,,,,,,,,Row 3 right gear,,,,,"{""acquired_tool_ids"": [], ""acquisition_complete"": false, ""completed_steps"": [""r1_bearing_right"", ""r1_bearing_left"", ""r2_gear_rod"", ""r2_bearing_right"", ""r1_gear_rod""], ""head_rotation_deg"": null, ""head_translation_m"": null, ""left_hand_translation_m"": null, ""removed_tool_ids"": [14, 15, 18, 19, 21, 26, 27, 28], ""right_hand_translation_m"": null, ""selected_step"": ""r1_fasten_first_stand"", ""step_attempt"": 6, ""step_elapsed_s"": 11.703218184993602, ""step_event_index"": 13, ""total_hand_translation_m"": null, ""trial_finished_elapsed_s"": null, ""trial_recording"": true, ""trial_required_tool_ids"": [7, 35, 36]}"
2026-09-03T21:31:13.269-04:00,junhyun,gesture,hover,hover,r1_fasten_first_stand,Row 1.4: fasten right stand,ready,6,14,29,GEAR_ROW3_LEFT,,,,,,,,,,,,,,,,,,,,,,,"{""acquired_tool_ids"": [], ""acquisition_complete"": false, ""completed_steps"": [""r1_bearing_right"", ""r1_bearing_left"", ""r2_gear_rod"", ""r2_bearing_right"", ""r1_gear_rod""], ""head_rotation_deg"": null, ""head_translation_m"": null, ""left_hand_translation_m"": null, ""removed_tool_ids"": [14, 15, 18, 19, 21, 26, 27, 28], ""right_hand_translation_m"": null, ""selected_step"": ""r1_fasten_first_stand"", ""step_attempt"": 6, ""step_elapsed_s"": 11.772072885069065, ""step_event_index"": 14, ""total_hand_translation_m"": null, ""trial_finished_elapsed_s"": null, ""trial_recording"": true, ""trial_required_tool_ids"": [7, 35, 36]}"
2026-09-03T21:31:13.324-04:00,junhyun,gesture,tts_queued,lifecycle,r1_fasten_first_stand,Row 1.4: fasten right stand,ready,6,15,,,,11.827402,,,,,,,,,,,,,,,,Row 3 left gear,,,replace_hover,,"{""acquired_tool_ids"": [], ""acquisition_complete"": false, ""completed_steps"": [""r1_bearing_right"", ""r1_bearing_left"", ""r2_gear_rod"", ""r2_bearing_right"", ""r1_gear_rod""], ""head_rotation_deg"": null, ""head_translation_m"": null, ""left_hand_translation_m"": null, ""removed_tool_ids"": [14, 15, 18, 19, 21, 26, 27, 28], ""right_hand_translation_m"": null, ""selected_step"": ""r1_fasten_first_stand"", ""step_attempt"": 6, ""step_elapsed_s"": 11.827427956042811, ""step_event_index"": 15, ""total_hand_translation_m"": null, ""trial_finished_elapsed_s"": null, ""trial_recording"": true, ""trial_required_tool_ids"": [7, 35, 36]}"
2026-09-03T21:31:13.386-04:00,junhyun,gesture,tts_started,lifecycle,r1_fasten_first_stand,Row 1.4: fasten right stand,ready,6,16,,,,11.888841,,,,,,,,,,,,,,,,Row 3 left gear,,,,,"{""acquired_tool_ids"": [], ""acquisition_complete"": false, ""completed_steps"": [""r1_bearing_right"", ""r1_bearing_left"", ""r2_gear_rod"", ""r2_bearing_right"", ""r1_gear_rod""], ""head_rotation_deg"": null, ""head_translation_m"": null, ""left_hand_translation_m"": null, ""removed_tool_ids"": [14, 15, 18, 19, 21, 26, 27, 28], ""right_hand_translation_m"": null, ""selected_step"": ""r1_fasten_first_stand"", ""step_attempt"": 6, ""step_elapsed_s"": 11.888856953009963, ""step_event_index"": 16, ""total_hand_translation_m"": null, ""trial_finished_elapsed_s"": null, ""trial_recording"": true, ""trial_required_tool_ids"": [7, 35, 36]}"
2026-09-03T21:31:13.484-04:00,junhyun,gesture,hover,hover,r1_fasten_first_stand,Row 1.4: fasten right stand,ready,6,17,35,SCREWS,,,,,,,,,,,,,,,,,,,,,,,"{""acquired_tool_ids"": [], ""acquisition_complete"": false, ""completed_steps"": [""r1_bearing_right"", ""r1_bearing_left"", ""r2_gear_rod"", ""r2_bearing_right"", ""r1_gear_rod""], ""head_rotation_deg"": null, ""head_translation_m"": null, ""left_hand_translation_m"": null, ""removed_tool_ids"": [14, 15, 18, 19, 21, 26, 27, 28], ""right_hand_translation_m"": null, ""selected_step"": ""r1_fasten_first_stand"", ""step_attempt"": 6, ""step_elapsed_s"": 11.987414385075681, ""step_event_index"": 17, ""total_hand_translation_m"": null, ""trial_finished_elapsed_s"": null, ""trial_recording"": true, ""trial_required_tool_ids"": [7, 35, 36]}"
2026-09-03T21:31:13.516-04:00,junhyun,gesture,tts_queued,lifecycle,r1_fasten_first_stand,Row 1.4: fasten right stand,ready,6,18,,,,12.018848,,,,,,,,,,,,,,,,screw,,,replace_hover,,"{""acquired_tool_ids"": [], ""acquisition_complete"": false, ""completed_steps"": [""r1_bearing_right"", ""r1_bearing_left"", ""r2_gear_rod"", ""r2_bearing_right"", ""r1_gear_rod""], ""head_rotation_deg"": null, ""head_translation_m"": null, ""left_hand_translation_m"": null, ""removed_tool_ids"": [14, 15, 18, 19, 21, 26, 27, 28], ""right_hand_translation_m"": null, ""selected_step"": ""r1_fasten_first_stand"", ""step_attempt"": 6, ""step_elapsed_s"": 12.018861023010686, ""step_event_index"": 18, ""total_hand_translation_m"": null, ""trial_finished_elapsed_s"": null, ""trial_recording"": true, ""trial_required_tool_ids"": [7, 35, 36]}"
2026-09-03T21:31:13.572-04:00,junhyun,gesture,tts_finished,lifecycle,r1_fasten_first_stand,Row 1.4: fasten right stand,ready,6,19,,,,12.074792,,,,,,,,,,,,,,,,Row 3 left gear,,,,,"{""acquired_tool_ids"": [], ""acquisition_complete"": false, ""completed_steps"": [""r1_bearing_right"", ""r1_bearing_left"", ""r2_gear_rod"", ""r2_bearing_right"", ""r1_gear_rod""], ""head_rotation_deg"": null, ""head_translation_m"": null, ""left_hand_translation_m"": null, ""removed_tool_ids"": [14, 15, 18, 19, 21, 26, 27, 28], ""right_hand_translation_m"": null, ""selected_step"": ""r1_fasten_first_stand"", ""step_attempt"": 6, ""step_elapsed_s"": 12.07480832200963, ""step_event_index"": 19, ""total_hand_translation_m"": null, ""trial_finished_elapsed_s"": null, ""trial_recording"": true, ""trial_required_tool_ids"": [7, 35, 36]}"
2026-09-03T21:31:13.629-04:00,junhyun,gesture,tts_started,lifecycle,r1_fasten_first_stand,Row 1.4: fasten right stand,ready,6,20,,,,12.131701,,,,,,,,,,,,,,,,screw,,,,,"{""acquired_tool_ids"": [], ""acquisition_complete"": false, ""completed_steps"": [""r1_bearing_right"", ""r1_bearing_left"", ""r2_gear_rod"", ""r2_bearing_right"", ""r1_gear_rod""], ""head_rotation_deg"": null, ""head_translation_m"": null, ""left_hand_translation_m"": null, ""removed_tool_ids"": [14, 15, 18, 19, 21, 26, 27, 28], ""right_hand_translation_m"": null, ""selected_step"": ""r1_fasten_first_stand"", ""step_attempt"": 6, ""step_elapsed_s"": 12.131712228991091, ""step_event_index"": 20, ""total_hand_translation_m"": null, ""trial_finished_elapsed_s"": null, ""trial_recording"": true, ""trial_required_tool_ids"": [7, 35, 36]}"
2026-09-03T21:31:14.167-04:00,junhyun,gesture,tts_finished,lifecycle,r1_fasten_first_stand,Row 1.4: fasten right stand,ready,6,21,,,,12.669970,,,,,,,,,,,,,,,,screw,,,,,"{""acquired_tool_ids"": [], ""acquisition_complete"": false, ""completed_steps"": [""r1_bearing_right"", ""r1_bearing_left"", ""r2_gear_rod"", ""r2_bearing_right"", ""r1_gear_rod""], ""head_rotation_deg"": null, ""head_translation_m"": null, ""left_hand_translation_m"": null, ""removed_tool_ids"": [14, 15, 18, 19, 21, 26, 27, 28], ""right_hand_translation_m"": null, ""selected_step"": ""r1_fasten_first_stand"", ""step_attempt"": 6, ""step_elapsed_s"": 12.669982310035266, ""step_event_index"": 21, ""total_hand_translation_m"": null, ""trial_finished_elapsed_s"": null, ""trial_recording"": true, ""trial_required_tool_ids"": [7, 35, 36]}"
2026-09-03T21:31:15.118-04:00,junhyun,gesture,part_selection,click,r1_fasten_first_stand,Row 1.4: fasten right stand,ready,6,22,35,SCREWS,13.621199,13.621199,,,,,,,,,,,,,,,1,,,,,,"{""acquired_tool_ids"": [35], ""acquisition_complete"": false, ""completed_steps"": [""r1_bearing_right"", ""r1_bearing_left"", ""r2_gear_rod"", ""r2_bearing_right"", ""r1_gear_rod""], ""head_rotation_deg"": null, ""head_translation_m"": null, ""left_hand_translation_m"": null, ""removed_tool_ids"": [14, 15, 18, 19, 21, 26, 27, 28], ""right_hand_translation_m"": null, ""selected_step"": ""r1_fasten_first_stand"", ""step_attempt"": 6, ""step_elapsed_s"": 13.621244590962306, ""step_event_index"": 22, ""total_hand_translation_m"": null, ""trial_finished_elapsed_s"": null, ""trial_recording"": true, ""trial_required_tool_ids"": [7, 35, 36]}"
2026-09-03T21:31:15.154-04:00,junhyun,gesture,object_acquired,click,r1_fasten_first_stand,Row 1.4: fasten right stand,ready,6,23,35,SCREWS,13.621199,13.621199,,,,,,,,,,,,,,,1,,,,,,"{""acquired_tool_ids"": [35], ""acquisition_complete"": false, ""completed_steps"": [""r1_bearing_right"", ""r1_bearing_left"", ""r2_gear_rod"", ""r2_bearing_right"", ""r1_gear_rod""], ""head_rotation_deg"": null, ""head_translation_m"": null, ""left_hand_translation_m"": null, ""removed_tool_ids"": [14, 15, 18, 19, 21, 26, 27, 28], ""right_hand_translation_m"": null, ""selected_step"": ""r1_fasten_first_stand"", ""step_attempt"": 6, ""step_elapsed_s"": 13.65664325200487, ""step_event_index"": 23, ""total_hand_translation_m"": null, ""trial_finished_elapsed_s"": null, ""trial_recording"": true, ""trial_required_tool_ids"": [7, 35, 36]}"
2026-09-03T21:31:15.175-04:00,junhyun,gesture,tts_queued,lifecycle,r1_fasten_first_stand,Row 1.4: fasten right stand,ready,6,24,,,,13.678026,,,,,,,,,,,,,,,,2 parts left.,,,replace,,"{""acquired_tool_ids"": [35], ""acquisition_complete"": false, ""completed_steps"": [""r1_bearing_right"", ""r1_bearing_left"", ""r2_gear_rod"", ""r2_bearing_right"", ""r1_gear_rod""], ""head_rotation_deg"": null, ""head_translation_m"": null, ""left_hand_translation_m"": null, ""removed_tool_ids"": [14, 15, 18, 19, 21, 26, 27, 28], ""right_hand_translation_m"": null, ""selected_step"": ""r1_fasten_first_stand"", ""step_attempt"": 6, ""step_elapsed_s"": 13.678034243057482, ""step_event_index"": 24, ""total_hand_translation_m"": null, ""trial_finished_elapsed_s"": null, ""trial_recording"": true, ""trial_required_tool_ids"": [7, 35, 36]}"
2026-09-03T21:31:15.243-04:00,junhyun,gesture,tts_started,lifecycle,r1_fasten_first_stand,Row 1.4: fasten right stand,ready,6,25,,,,13.745961,,,,,,,,,,,,,,,,2 parts left.,,,,,"{""acquired_tool_ids"": [35], ""acquisition_complete"": false, ""completed_steps"": [""r1_bearing_right"", ""r1_bearing_left"", ""r2_gear_rod"", ""r2_bearing_right"", ""r1_gear_rod""], ""head_rotation_deg"": null, ""head_translation_m"": null, ""left_hand_translation_m"": null, ""removed_tool_ids"": [14, 15, 18, 19, 21, 26, 27, 28], ""right_hand_translation_m"": null, ""selected_step"": ""r1_fasten_first_stand"", ""step_attempt"": 6, ""step_elapsed_s"": 13.74597618507687, ""step_event_index"": 25, ""total_hand_translation_m"": null, ""trial_finished_elapsed_s"": null, ""trial_recording"": true, ""trial_required_tool_ids"": [7, 35, 36]}"
2026-09-03T21:31:16.402-04:00,junhyun,gesture,tts_finished,lifecycle,r1_fasten_first_stand,Row 1.4: fasten right stand,ready,6,26,,,,14.904944,,,,,,,,,,,,,,,,2 parts left.,,,,,"{""acquired_tool_ids"": [35], ""acquisition_complete"": false, ""completed_steps"": [""r1_bearing_right"", ""r1_bearing_left"", ""r2_gear_rod"", ""r2_bearing_right"", ""r1_gear_rod""], ""head_rotation_deg"": null, ""head_translation_m"": null, ""left_hand_translation_m"": null, ""removed_tool_ids"": [14, 15, 18, 19, 21, 26, 27, 28], ""right_hand_translation_m"": null, ""selected_step"": ""r1_fasten_first_stand"", ""step_attempt"": 6, ""step_elapsed_s"": 14.90495589398779, ""step_event_index"": 26, ""total_hand_translation_m"": null, ""trial_finished_elapsed_s"": null, ""trial_recording"": true, ""trial_required_tool_ids"": [7, 35, 36]}"
2026-09-03T21:31:19.094-04:00,junhyun,gesture,hover,hover,r1_fasten_first_stand,Row 1.4: fasten right stand,ready,6,27,6,THREAD_CHECKER,,,,,,,,,,,,,,,,,,,,,,,"{""acquired_tool_ids"": [35], ""acquisition_complete"": false, ""completed_steps"": [""r1_bearing_right"", ""r1_bearing_left"", ""r2_gear_rod"", ""r2_bearing_right"", ""r1_gear_rod""], ""head_rotation_deg"": null, ""head_translation_m"": null, ""left_hand_translation_m"": null, ""removed_tool_ids"": [14, 15, 18, 19, 21, 26, 27, 28], ""right_hand_translation_m"": null, ""selected_step"": ""r1_fasten_first_stand"", ""step_attempt"": 6, ""step_elapsed_s"": 17.597372316988185, ""step_event_index"": 27, ""total_hand_translation_m"": null, ""trial_finished_elapsed_s"": null, ""trial_recording"": true, ""trial_required_tool_ids"": [7, 35, 36]}"
2026-09-03T21:31:19.141-04:00,junhyun,gesture,tts_queued,lifecycle,r1_fasten_first_stand,Row 1.4: fasten right stand,ready,6,28,,,,17.644208,,,,,,,,,,,,,,,,part,,,replace_hover,,"{""acquired_tool_ids"": [35], ""acquisition_complete"": false, ""completed_steps"": [""r1_bearing_right"", ""r1_bearing_left"", ""r2_gear_rod"", ""r2_bearing_right"", ""r1_gear_rod""], ""head_rotation_deg"": null, ""head_translation_m"": null, ""left_hand_translation_m"": null, ""removed_tool_ids"": [14, 15, 18, 19, 21, 26, 27, 28], ""right_hand_translation_m"": null, ""selected_step"": ""r1_fasten_first_stand"", ""step_attempt"": 6, ""step_elapsed_s"": 17.64422464906238, ""step_event_index"": 28, ""total_hand_translation_m"": null, ""trial_finished_elapsed_s"": null, ""trial_recording"": true, ""trial_required_tool_ids"": [7, 35, 36]}"
2026-09-03T21:31:19.235-04:00,junhyun,gesture,tts_started,lifecycle,r1_fasten_first_stand,Row 1.4: fasten right stand,ready,6,29,,,,17.737824,,,,,,,,,,,,,,,,part,,,,,"{""acquired_tool_ids"": [35], ""acquisition_complete"": false, ""completed_steps"": [""r1_bearing_right"", ""r1_bearing_left"", ""r2_gear_rod"", ""r2_bearing_right"", ""r1_gear_rod""], ""head_rotation_deg"": null, ""head_translation_m"": null, ""left_hand_translation_m"": null, ""removed_tool_ids"": [14, 15, 18, 19, 21, 26, 27, 28], ""right_hand_translation_m"": null, ""selected_step"": ""r1_fasten_first_stand"", ""step_attempt"": 6, ""step_elapsed_s"": 17.73783778504003, ""step_event_index"": 29, ""total_hand_translation_m"": null, ""trial_finished_elapsed_s"": null, ""trial_recording"": true, ""trial_required_tool_ids"": [7, 35, 36]}"
2026-09-03T21:31:19.373-04:00,junhyun,gesture,hover,hover,r1_fasten_first_stand,Row 1.4: fasten right stand,ready,6,30,9,BIT_WRENCH,,,,,,,,,,,,,,,,,,,,,,,"{""acquired_tool_ids"": [35], ""acquisition_complete"": false, ""completed_steps"": [""r1_bearing_right"", ""r1_bearing_left"", ""r2_gear_rod"", ""r2_bearing_right"", ""r1_gear_rod""], ""head_rotation_deg"": null, ""head_translation_m"": null, ""left_hand_translation_m"": null, ""removed_tool_ids"": [14, 15, 18, 19, 21, 26, 27, 28], ""right_hand_translation_m"": null, ""selected_step"": ""r1_fasten_first_stand"", ""step_attempt"": 6, ""step_elapsed_s"": 17.876210798043758, ""step_event_index"": 30, ""total_hand_translation_m"": null, ""trial_finished_elapsed_s"": null, ""trial_recording"": true, ""trial_required_tool_ids"": [7, 35, 36]}"
2026-09-03T21:31:19.400-04:00,junhyun,gesture,tts_queued,lifecycle,r1_fasten_first_stand,Row 1.4: fasten right stand,ready,6,31,,,,17.903190,,,,,,,,,,,,,,,,interchangeable-bit wrench,,,replace_hover,,"{""acquired_tool_ids"": [35], ""acquisition_complete"": false, ""completed_steps"": [""r1_bearing_right"", ""r1_bearing_left"", ""r2_gear_rod"", ""r2_bearing_right"", ""r1_gear_rod""], ""head_rotation_deg"": null, ""head_translation_m"": null, ""left_hand_translation_m"": null, ""removed_tool_ids"": [14, 15, 18, 19, 21, 26, 27, 28], ""right_hand_translation_m"": null, ""selected_step"": ""r1_fasten_first_stand"", ""step_attempt"": 6, ""step_elapsed_s"": 17.903206189046614, ""step_event_index"": 31, ""total_hand_translation_m"": null, ""trial_finished_elapsed_s"": null, ""trial_recording"": true, ""trial_required_tool_ids"": [7, 35, 36]}"
2026-09-03T21:31:19.455-04:00,junhyun,gesture,tts_finished,lifecycle,r1_fasten_first_stand,Row 1.4: fasten right stand,ready,6,32,,,,17.957645,,,,,,,,,,,,,,,,part,,,,,"{""acquired_tool_ids"": [35], ""acquisition_complete"": false, ""completed_steps"": [""r1_bearing_right"", ""r1_bearing_left"", ""r2_gear_rod"", ""r2_bearing_right"", ""r1_gear_rod""], ""head_rotation_deg"": null, ""head_translation_m"": null, ""left_hand_translation_m"": null, ""removed_tool_ids"": [14, 15, 18, 19, 21, 26, 27, 28], ""right_hand_translation_m"": null, ""selected_step"": ""r1_fasten_first_stand"", ""step_attempt"": 6, ""step_elapsed_s"": 17.95766146807, ""step_event_index"": 32, ""total_hand_translation_m"": null, ""trial_finished_elapsed_s"": null, ""trial_recording"": true, ""trial_required_tool_ids"": [7, 35, 36]}"
2026-09-03T21:31:19.482-04:00,junhyun,gesture,tts_started,lifecycle,r1_fasten_first_stand,Row 1.4: fasten right stand,ready,6,33,,,,17.985184,,,,,,,,,,,,,,,,interchangeable-bit wrench,,,,,"{""acquired_tool_ids"": [35], ""acquisition_complete"": false, ""completed_steps"": [""r1_bearing_right"", ""r1_bearing_left"", ""r2_gear_rod"", ""r2_bearing_right"", ""r1_gear_rod""], ""head_rotation_deg"": null, ""head_translation_m"": null, ""left_hand_translation_m"": null, ""removed_tool_ids"": [14, 15, 18, 19, 21, 26, 27, 28], ""right_hand_translation_m"": null, ""selected_step"": ""r1_fasten_first_stand"", ""step_attempt"": 6, ""step_elapsed_s"": 17.985201806062832, ""step_event_index"": 33, ""total_hand_translation_m"": null, ""trial_finished_elapsed_s"": null, ""trial_recording"": true, ""trial_required_tool_ids"": [7, 35, 36]}"
2026-09-03T21:31:19.531-04:00,junhyun,gesture,hover,hover,r1_fasten_first_stand,Row 1.4: fasten right stand,ready,6,34,8,BOX_CUTTER,,,,,,,,,,,,,,,,,,,,,,,"{""acquired_tool_ids"": [35], ""acquisition_complete"": false, ""completed_steps"": [""r1_bearing_right"", ""r1_bearing_left"", ""r2_gear_rod"", ""r2_bearing_right"", ""r1_gear_rod""], ""head_rotation_deg"": null, ""head_translation_m"": null, ""left_hand_translation_m"": null, ""removed_tool_ids"": [14, 15, 18, 19, 21, 26, 27, 28], ""right_hand_translation_m"": null, ""selected_step"": ""r1_fasten_first_stand"", ""step_attempt"": 6, ""step_elapsed_s"": 18.034395592985675, ""step_event_index"": 34, ""total_hand_translation_m"": null, ""trial_finished_elapsed_s"": null, ""trial_recording"": true, ""trial_required_tool_ids"": [7, 35, 36]}"
2026-09-03T21:31:19.570-04:00,junhyun,gesture,tts_queued,lifecycle,r1_fasten_first_stand,Row 1.4: fasten right stand,ready,6,35,,,,18.073479,,,,,,,,,,,,,,,,part,,,replace_hover,,"{""acquired_tool_ids"": [35], ""acquisition_complete"": false, ""completed_steps"": [""r1_bearing_right"", ""r1_bearing_left"", ""r2_gear_rod"", ""r2_bearing_right"", ""r1_gear_rod""], ""head_rotation_deg"": null, ""head_translation_m"": null, ""left_hand_translation_m"": null, ""removed_tool_ids"": [14, 15, 18, 19, 21, 26, 27, 28], ""right_hand_translation_m"": null, ""selected_step"": ""r1_fasten_first_stand"", ""step_attempt"": 6, ""step_elapsed_s"": 18.073492138064466, ""step_event_index"": 35, ""total_hand_translation_m"": null, ""trial_finished_elapsed_s"": null, ""trial_recording"": true, ""trial_required_tool_ids"": [7, 35, 36]}"
2026-09-03T21:31:19.667-04:00,junhyun,gesture,tts_finished,lifecycle,r1_fasten_first_stand,Row 1.4: fasten right stand,ready,6,36,,,,18.170493,,,,,,,,,,,,,,,,interchangeable-bit wrench,,,,,"{""acquired_tool_ids"": [35], ""acquisition_complete"": false, ""completed_steps"": [""r1_bearing_right"", ""r1_bearing_left"", ""r2_gear_rod"", ""r2_bearing_right"", ""r1_gear_rod""], ""head_rotation_deg"": null, ""head_translation_m"": null, ""left_hand_translation_m"": null, ""removed_tool_ids"": [14, 15, 18, 19, 21, 26, 27, 28], ""right_hand_translation_m"": null, ""selected_step"": ""r1_fasten_first_stand"", ""step_attempt"": 6, ""step_elapsed_s"": 18.17050323600415, ""step_event_index"": 36, ""total_hand_translation_m"": null, ""trial_finished_elapsed_s"": null, ""trial_recording"": true, ""trial_required_tool_ids"": [7, 35, 36]}"
2026-09-03T21:31:19.706-04:00,junhyun,gesture,tts_started,lifecycle,r1_fasten_first_stand,Row 1.4: fasten right stand,ready,6,37,,,,18.208991,,,,,,,,,,,,,,,,part,,,,,"{""acquired_tool_ids"": [35], ""acquisition_complete"": false, ""completed_steps"": [""r1_bearing_right"", ""r1_bearing_left"", ""r2_gear_rod"", ""r2_bearing_right"", ""r1_gear_rod""], ""head_rotation_deg"": null, ""head_translation_m"": null, ""left_hand_translation_m"": null, ""removed_tool_ids"": [14, 15, 18, 19, 21, 26, 27, 28], ""right_hand_translation_m"": null, ""selected_step"": ""r1_fasten_first_stand"", ""step_attempt"": 6, ""step_elapsed_s"": 18.20900192402769, ""step_event_index"": 37, ""total_hand_translation_m"": null, ""trial_finished_elapsed_s"": null, ""trial_recording"": true, ""trial_required_tool_ids"": [7, 35, 36]}"
2026-09-03T21:31:20.110-04:00,junhyun,gesture,hover,hover,r1_fasten_first_stand,Row 1.4: fasten right stand,ready,6,38,7,BIT_SCREWDRIVER,,,,,,,,,,,,,,,,,,,,,,,"{""acquired_tool_ids"": [35], ""acquisition_complete"": false, ""completed_steps"": [""r1_bearing_right"", ""r1_bearing_left"", ""r2_gear_rod"", ""r2_bearing_right"", ""r1_gear_rod""], ""head_rotation_deg"": null, ""head_translation_m"": null, ""left_hand_translation_m"": null, ""removed_tool_ids"": [14, 15, 18, 19, 21, 26, 27, 28], ""right_hand_translation_m"": null, ""selected_step"": ""r1_fasten_first_stand"", ""step_attempt"": 6, ""step_elapsed_s"": 18.613282514968887, ""step_event_index"": 38, ""total_hand_translation_m"": null, ""trial_finished_elapsed_s"": null, ""trial_recording"": true, ""trial_required_tool_ids"": [7, 35, 36]}"
2026-09-03T21:31:20.160-04:00,junhyun,gesture,tts_queued,lifecycle,r1_fasten_first_stand,Row 1.4: fasten right stand,ready,6,39,,,,18.663443,,,,,,,,,,,,,,,,interchangeable-bit screwdriver,,,replace_hover,,"{""acquired_tool_ids"": [35], ""acquisition_complete"": false, ""completed_steps"": [""r1_bearing_right"", ""r1_bearing_left"", ""r2_gear_rod"", ""r2_bearing_right"", ""r1_gear_rod""], ""head_rotation_deg"": null, ""head_translation_m"": null, ""left_hand_translation_m"": null, ""removed_tool_ids"": [14, 15, 18, 19, 21, 26, 27, 28], ""right_hand_translation_m"": null, ""selected_step"": ""r1_fasten_first_stand"", ""step_attempt"": 6, ""step_elapsed_s"": 18.663455378031358, ""step_event_index"": 39, ""total_hand_translation_m"": null, ""trial_finished_elapsed_s"": null, ""trial_recording"": true, ""trial_required_tool_ids"": [7, 35, 36]}"
2026-09-03T21:31:20.241-04:00,junhyun,gesture,tts_finished,lifecycle,r1_fasten_first_stand,Row 1.4: fasten right stand,ready,6,40,,,,18.743795,,,,,,,,,,,,,,,,part,,,,,"{""acquired_tool_ids"": [35], ""acquisition_complete"": false, ""completed_steps"": [""r1_bearing_right"", ""r1_bearing_left"", ""r2_gear_rod"", ""r2_bearing_right"", ""r1_gear_rod""], ""head_rotation_deg"": null, ""head_translation_m"": null, ""left_hand_translation_m"": null, ""removed_tool_ids"": [14, 15, 18, 19, 21, 26, 27, 28], ""right_hand_translation_m"": null, ""selected_step"": ""r1_fasten_first_stand"", ""step_attempt"": 6, ""step_elapsed_s"": 18.743810591986403, ""step_event_index"": 40, ""total_hand_translation_m"": null, ""trial_finished_elapsed_s"": null, ""trial_recording"": true, ""trial_required_tool_ids"": [7, 35, 36]}"
2026-09-03T21:31:20.298-04:00,junhyun,gesture,tts_started,lifecycle,r1_fasten_first_stand,Row 1.4: fasten right stand,ready,6,41,,,,18.800785,,,,,,,,,,,,,,,,interchangeable-bit screwdriver,,,,,"{""acquired_tool_ids"": [35], ""acquisition_complete"": false, ""completed_steps"": [""r1_bearing_right"", ""r1_bearing_left"", ""r2_gear_rod"", ""r2_bearing_right"", ""r1_gear_rod""], ""head_rotation_deg"": null, ""head_translation_m"": null, ""left_hand_translation_m"": null, ""removed_tool_ids"": [14, 15, 18, 19, 21, 26, 27, 28], ""right_hand_translation_m"": null, ""selected_step"": ""r1_fasten_first_stand"", ""step_attempt"": 6, ""step_elapsed_s"": 18.800796543015167, ""step_event_index"": 41, ""total_hand_translation_m"": null, ""trial_finished_elapsed_s"": null, ""trial_recording"": true, ""trial_required_tool_ids"": [7, 35, 36]}"
2026-09-03T21:31:22.288-04:00,junhyun,gesture,tts_finished,lifecycle,r1_fasten_first_stand,Row 1.4: fasten right stand,ready,6,42,,,,20.791228,,,,,,,,,,,,,,,,interchangeable-bit screwdriver,,,,,"{""acquired_tool_ids"": [35], ""acquisition_complete"": false, ""completed_steps"": [""r1_bearing_right"", ""r1_bearing_left"", ""r2_gear_rod"", ""r2_bearing_right"", ""r1_gear_rod""], ""head_rotation_deg"": null, ""head_translation_m"": null, ""left_hand_translation_m"": null, ""removed_tool_ids"": [14, 15, 18, 19, 21, 26, 27, 28], ""right_hand_translation_m"": null, ""selected_step"": ""r1_fasten_first_stand"", ""step_attempt"": 6, ""step_elapsed_s"": 20.791243731975555, ""step_event_index"": 42, ""total_hand_translation_m"": null, ""trial_finished_elapsed_s"": null, ""trial_recording"": true, ""trial_required_tool_ids"": [7, 35, 36]}"
2026-09-03T21:31:23.626-04:00,junhyun,gesture,hover,hover,r1_fasten_first_stand,Row 1.4: fasten right stand,ready,6,43,10,PHILIPS_SCREWDRIVER,,,,,,,,,,,,,,,,,,,,,,,"{""acquired_tool_ids"": [35], ""acquisition_complete"": false, ""completed_steps"": [""r1_bearing_right"", ""r1_bearing_left"", ""r2_gear_rod"", ""r2_bearing_right"", ""r1_gear_rod""], ""head_rotation_deg"": null, ""head_translation_m"": null, ""left_hand_translation_m"": null, ""removed_tool_ids"": [14, 15, 18, 19, 21, 26, 27, 28], ""right_hand_translation_m"": null, ""selected_step"": ""r1_fasten_first_stand"", ""step_attempt"": 6, ""step_elapsed_s"": 22.129415335017256, ""step_event_index"": 43, ""total_hand_translation_m"": null, ""trial_finished_elapsed_s"": null, ""trial_recording"": true, ""trial_required_tool_ids"": [7, 35, 36]}"
2026-09-03T21:31:23.701-04:00,junhyun,gesture,tts_queued,lifecycle,r1_fasten_first_stand,Row 1.4: fasten right stand,ready,6,44,,,,22.204253,,,,,,,,,,,,,,,,phillips screwdriver,,,replace_hover,,"{""acquired_tool_ids"": [35], ""acquisition_complete"": false, ""completed_steps"": [""r1_bearing_right"", ""r1_bearing_left"", ""r2_gear_rod"", ""r2_bearing_right"", ""r1_gear_rod""], ""head_rotation_deg"": null, ""head_translation_m"": null, ""left_hand_translation_m"": null, ""removed_tool_ids"": [14, 15, 18, 19, 21, 26, 27, 28], ""right_hand_translation_m"": null, ""selected_step"": ""r1_fasten_first_stand"", ""step_attempt"": 6, ""step_elapsed_s"": 22.204268687055446, ""step_event_index"": 44, ""total_hand_translation_m"": null, ""trial_finished_elapsed_s"": null, ""trial_recording"": true, ""trial_required_tool_ids"": [7, 35, 36]}"
2026-09-03T21:31:23.758-04:00,junhyun,gesture,tts_started,lifecycle,r1_fasten_first_stand,Row 1.4: fasten right stand,ready,6,45,,,,22.260769,,,,,,,,,,,,,,,,phillips screwdriver,,,,,"{""acquired_tool_ids"": [35], ""acquisition_complete"": false, ""completed_steps"": [""r1_bearing_right"", ""r1_bearing_left"", ""r2_gear_rod"", ""r2_bearing_right"", ""r1_gear_rod""], ""head_rotation_deg"": null, ""head_translation_m"": null, ""left_hand_translation_m"": null, ""removed_tool_ids"": [14, 15, 18, 19, 21, 26, 27, 28], ""right_hand_translation_m"": null, ""selected_step"": ""r1_fasten_first_stand"", ""step_attempt"": 6, ""step_elapsed_s"": 22.260782005032524, ""step_event_index"": 45, ""total_hand_translation_m"": null, ""trial_finished_elapsed_s"": null, ""trial_recording"": true, ""trial_required_tool_ids"": [7, 35, 36]}"
2026-09-03T21:31:25.092-04:00,junhyun,gesture,tts_finished,lifecycle,r1_fasten_first_stand,Row 1.4: fasten right stand,ready,6,46,,,,23.594565,,,,,,,,,,,,,,,,phillips screwdriver,,,,,"{""acquired_tool_ids"": [35], ""acquisition_complete"": false, ""completed_steps"": [""r1_bearing_right"", ""r1_bearing_left"", ""r2_gear_rod"", ""r2_bearing_right"", ""r1_gear_rod""], ""head_rotation_deg"": null, ""head_translation_m"": null, ""left_hand_translation_m"": null, ""removed_tool_ids"": [14, 15, 18, 19, 21, 26, 27, 28], ""right_hand_translation_m"": null, ""selected_step"": ""r1_fasten_first_stand"", ""step_attempt"": 6, ""step_elapsed_s"": 23.594587377971038, ""step_event_index"": 46, ""total_hand_translation_m"": null, ""trial_finished_elapsed_s"": null, ""trial_recording"": true, ""trial_required_tool_ids"": [7, 35, 36]}"
2026-09-03T21:31:25.185-04:00,junhyun,gesture,hover,hover,r1_fasten_first_stand,Row 1.4: fasten right stand,ready,6,47,7,BIT_SCREWDRIVER,,,,,,,,,,,,,,,,,,,,,,,"{""acquired_tool_ids"": [35], ""acquisition_complete"": false, ""completed_steps"": [""r1_bearing_right"", ""r1_bearing_left"", ""r2_gear_rod"", ""r2_bearing_right"", ""r1_gear_rod""], ""head_rotation_deg"": null, ""head_translation_m"": null, ""left_hand_translation_m"": null, ""removed_tool_ids"": [14, 15, 18, 19, 21, 26, 27, 28], ""right_hand_translation_m"": null, ""selected_step"": ""r1_fasten_first_stand"", ""step_attempt"": 6, ""step_elapsed_s"": 23.688457636046223, ""step_event_index"": 47, ""total_hand_translation_m"": null, ""trial_finished_elapsed_s"": null, ""trial_recording"": true, ""trial_required_tool_ids"": [7, 35, 36]}"
2026-09-03T21:31:25.267-04:00,junhyun,gesture,tts_queued,lifecycle,r1_fasten_first_stand,Row 1.4: fasten right stand,ready,6,48,,,,23.770109,,,,,,,,,,,,,,,,interchangeable-bit screwdriver,,,replace_hover,,"{""acquired_tool_ids"": [35], ""acquisition_complete"": false, ""completed_steps"": [""r1_bearing_right"", ""r1_bearing_left"", ""r2_gear_rod"", ""r2_bearing_right"", ""r1_gear_rod""], ""head_rotation_deg"": null, ""head_translation_m"": null, ""left_hand_translation_m"": null, ""removed_tool_ids"": [14, 15, 18, 19, 21, 26, 27, 28], ""right_hand_translation_m"": null, ""selected_step"": ""r1_fasten_first_stand"", ""step_attempt"": 6, ""step_elapsed_s"": 23.770119605003856, ""step_event_index"": 48, ""total_hand_translation_m"": null, ""trial_finished_elapsed_s"": null, ""trial_recording"": true, ""trial_required_tool_ids"": [7, 35, 36]}"
2026-09-03T21:31:25.336-04:00,junhyun,gesture,tts_started,lifecycle,r1_fasten_first_stand,Row 1.4: fasten right stand,ready,6,49,,,,23.839525,,,,,,,,,,,,,,,,interchangeable-bit screwdriver,,,,,"{""acquired_tool_ids"": [35], ""acquisition_complete"": false, ""completed_steps"": [""r1_bearing_right"", ""r1_bearing_left"", ""r2_gear_rod"", ""r2_bearing_right"", ""r1_gear_rod""], ""head_rotation_deg"": null, ""head_translation_m"": null, ""left_hand_translation_m"": null, ""removed_tool_ids"": [14, 15, 18, 19, 21, 26, 27, 28], ""right_hand_translation_m"": null, ""selected_step"": ""r1_fasten_first_stand"", ""step_attempt"": 6, ""step_elapsed_s"": 23.839545005001128, ""step_event_index"": 49, ""total_hand_translation_m"": null, ""trial_finished_elapsed_s"": null, ""trial_recording"": true, ""trial_required_tool_ids"": [7, 35, 36]}"
2026-09-03T21:31:25.686-04:00,junhyun,gesture,hover,hover,r1_fasten_first_stand,Row 1.4: fasten right stand,ready,6,50,8,BOX_CUTTER,,,,,,,,,,,,,,,,,,,,,,,"{""acquired_tool_ids"": [35], ""acquisition_complete"": false, ""completed_steps"": [""r1_bearing_right"", ""r1_bearing_left"", ""r2_gear_rod"", ""r2_bearing_right"", ""r1_gear_rod""], ""head_rotation_deg"": null, ""head_translation_m"": null, ""left_hand_translation_m"": null, ""removed_tool_ids"": [14, 15, 18, 19, 21, 26, 27, 28], ""right_hand_translation_m"": null, ""selected_step"": ""r1_fasten_first_stand"", ""step_attempt"": 6, ""step_elapsed_s"": 24.188760243006982, ""step_event_index"": 50, ""total_hand_translation_m"": null, ""trial_finished_elapsed_s"": null, ""trial_recording"": true, ""trial_required_tool_ids"": [7, 35, 36]}"
2026-09-03T21:31:25.737-04:00,junhyun,gesture,tts_queued,lifecycle,r1_fasten_first_stand,Row 1.4: fasten right stand,ready,6,51,,,,24.240140,,,,,,,,,,,,,,,,part,,,replace_hover,,"{""acquired_tool_ids"": [35], ""acquisition_complete"": false, ""completed_steps"": [""r1_bearing_right"", ""r1_bearing_left"", ""r2_gear_rod"", ""r2_bearing_right"", ""r1_gear_rod""], ""head_rotation_deg"": null, ""head_translation_m"": null, ""left_hand_translation_m"": null, ""removed_tool_ids"": [14, 15, 18, 19, 21, 26, 27, 28], ""right_hand_translation_m"": null, ""selected_step"": ""r1_fasten_first_stand"", ""step_attempt"": 6, ""step_elapsed_s"": 24.240149807999842, ""step_event_index"": 51, ""total_hand_translation_m"": null, ""trial_finished_elapsed_s"": null, ""trial_recording"": true, ""trial_required_tool_ids"": [7, 35, 36]}"
2026-09-03T21:31:25.797-04:00,junhyun,gesture,tts_finished,lifecycle,r1_fasten_first_stand,Row 1.4: fasten right stand,ready,6,52,,,,24.300282,,,,,,,,,,,,,,,,interchangeable-bit screwdriver,,,,,"{""acquired_tool_ids"": [35], ""acquisition_complete"": false, ""completed_steps"": [""r1_bearing_right"", ""r1_bearing_left"", ""r2_gear_rod"", ""r2_bearing_right"", ""r1_gear_rod""], ""head_rotation_deg"": null, ""head_translation_m"": null, ""left_hand_translation_m"": null, ""removed_tool_ids"": [14, 15, 18, 19, 21, 26, 27, 28], ""right_hand_translation_m"": null, ""selected_step"": ""r1_fasten_first_stand"", ""step_attempt"": 6, ""step_elapsed_s"": 24.300292834988795, ""step_event_index"": 52, ""total_hand_translation_m"": null, ""trial_finished_elapsed_s"": null, ""trial_recording"": true, ""trial_required_tool_ids"": [7, 35, 36]}"
2026-09-03T21:31:25.845-04:00,junhyun,gesture,tts_started,lifecycle,r1_fasten_first_stand,Row 1.4: fasten right stand,ready,6,53,,,,24.347689,,,,,,,,,,,,,,,,part,,,,,"{""acquired_tool_ids"": [35], ""acquisition_complete"": false, ""completed_steps"": [""r1_bearing_right"", ""r1_bearing_left"", ""r2_gear_rod"", ""r2_bearing_right"", ""r1_gear_rod""], ""head_rotation_deg"": null, ""head_translation_m"": null, ""left_hand_translation_m"": null, ""removed_tool_ids"": [14, 15, 18, 19, 21, 26, 27, 28], ""right_hand_translation_m"": null, ""selected_step"": ""r1_fasten_first_stand"", ""step_attempt"": 6, ""step_elapsed_s"": 24.347700402024202, ""step_event_index"": 53, ""total_hand_translation_m"": null, ""trial_finished_elapsed_s"": null, ""trial_recording"": true, ""trial_required_tool_ids"": [7, 35, 36]}"
2026-09-03T21:31:26.290-04:00,junhyun,gesture,tts_finished,lifecycle,r1_fasten_first_stand,Row 1.4: fasten right stand,ready,6,54,,,,24.793414,,,,,,,,,,,,,,,,part,,,,,"{""acquired_tool_ids"": [35], ""acquisition_complete"": false, ""completed_steps"": [""r1_bearing_right"", ""r1_bearing_left"", ""r2_gear_rod"", ""r2_bearing_right"", ""r1_gear_rod""], ""head_rotation_deg"": null, ""head_translation_m"": null, ""left_hand_translation_m"": null, ""removed_tool_ids"": [14, 15, 18, 19, 21, 26, 27, 28], ""right_hand_translation_m"": null, ""selected_step"": ""r1_fasten_first_stand"", ""step_attempt"": 6, ""step_elapsed_s"": 24.793437132961117, ""step_event_index"": 54, ""total_hand_translation_m"": null, ""trial_finished_elapsed_s"": null, ""trial_recording"": true, ""trial_required_tool_ids"": [7, 35, 36]}"
2026-09-03T21:31:28.645-04:00,junhyun,gesture,hover,hover,r1_fasten_first_stand,Row 1.4: fasten right stand,ready,6,55,8,BOX_CUTTER,,,,,,,,,,,,,,,,,,,,,,,"{""acquired_tool_ids"": [35], ""acquisition_complete"": false, ""completed_steps"": [""r1_bearing_right"", ""r1_bearing_left"", ""r2_gear_rod"", ""r2_bearing_right"", ""r1_gear_rod""], ""head_rotation_deg"": null, ""head_translation_m"": null, ""left_hand_translation_m"": null, ""removed_tool_ids"": [14, 15, 18, 19, 21, 26, 27, 28], ""right_hand_translation_m"": null, ""selected_step"": ""r1_fasten_first_stand"", ""step_attempt"": 6, ""step_elapsed_s"": 27.147947293007746, ""step_event_index"": 55, ""total_hand_translation_m"": null, ""trial_finished_elapsed_s"": null, ""trial_recording"": true, ""trial_required_tool_ids"": [7, 35, 36]}"
2026-09-03T21:31:28.719-04:00,junhyun,gesture,tts_queued,lifecycle,r1_fasten_first_stand,Row 1.4: fasten right stand,ready,6,56,,,,27.222199,,,,,,,,,,,,,,,,part,,,replace_hover,,"{""acquired_tool_ids"": [35], ""acquisition_complete"": false, ""completed_steps"": [""r1_bearing_right"", ""r1_bearing_left"", ""r2_gear_rod"", ""r2_bearing_right"", ""r1_gear_rod""], ""head_rotation_deg"": null, ""head_translation_m"": null, ""left_hand_translation_m"": null, ""removed_tool_ids"": [14, 15, 18, 19, 21, 26, 27, 28], ""right_hand_translation_m"": null, ""selected_step"": ""r1_fasten_first_stand"", ""step_attempt"": 6, ""step_elapsed_s"": 27.2222088460112, ""step_event_index"": 56, ""total_hand_translation_m"": null, ""trial_finished_elapsed_s"": null, ""trial_recording"": true, ""trial_required_tool_ids"": [7, 35, 36]}"
2026-09-03T21:31:28.765-04:00,junhyun,gesture,tts_started,lifecycle,r1_fasten_first_stand,Row 1.4: fasten right stand,ready,6,57,,,,27.267745,,,,,,,,,,,,,,,,part,,,,,"{""acquired_tool_ids"": [35], ""acquisition_complete"": false, ""completed_steps"": [""r1_bearing_right"", ""r1_bearing_left"", ""r2_gear_rod"", ""r2_bearing_right"", ""r1_gear_rod""], ""head_rotation_deg"": null, ""head_translation_m"": null, ""left_hand_translation_m"": null, ""removed_tool_ids"": [14, 15, 18, 19, 21, 26, 27, 28], ""right_hand_translation_m"": null, ""selected_step"": ""r1_fasten_first_stand"", ""step_attempt"": 6, ""step_elapsed_s"": 27.26775716699194, ""step_event_index"": 57, ""total_hand_translation_m"": null, ""trial_finished_elapsed_s"": null, ""trial_recording"": true, ""trial_required_tool_ids"": [7, 35, 36]}"
2026-09-03T21:31:29.343-04:00,junhyun,gesture,tts_finished,lifecycle,r1_fasten_first_stand,Row 1.4: fasten right stand,ready,6,58,,,,27.846295,,,,,,,,,,,,,,,,part,,,,,"{""acquired_tool_ids"": [35], ""acquisition_complete"": false, ""completed_steps"": [""r1_bearing_right"", ""r1_bearing_left"", ""r2_gear_rod"", ""r2_bearing_right"", ""r1_gear_rod""], ""head_rotation_deg"": null, ""head_translation_m"": null, ""left_hand_translation_m"": null, ""removed_tool_ids"": [14, 15, 18, 19, 21, 26, 27, 28], ""right_hand_translation_m"": null, ""selected_step"": ""r1_fasten_first_stand"", ""step_attempt"": 6, ""step_elapsed_s"": 27.846307632979006, ""step_event_index"": 58, ""total_hand_translation_m"": null, ""trial_finished_elapsed_s"": null, ""trial_recording"": true, ""trial_required_tool_ids"": [7, 35, 36]}"
2026-09-03T21:31:29.805-04:00,junhyun,gesture,hover,hover,r1_fasten_first_stand,Row 1.4: fasten right stand,ready,6,59,7,BIT_SCREWDRIVER,,,,,,,,,,,,,,,,,,,,,,,"{""acquired_tool_ids"": [35], ""acquisition_complete"": false, ""completed_steps"": [""r1_bearing_right"", ""r1_bearing_left"", ""r2_gear_rod"", ""r2_bearing_right"", ""r1_gear_rod""], ""head_rotation_deg"": null, ""head_translation_m"": null, ""left_hand_translation_m"": null, ""removed_tool_ids"": [14, 15, 18, 19, 21, 26, 27, 28], ""right_hand_translation_m"": null, ""selected_step"": ""r1_fasten_first_stand"", ""step_attempt"": 6, ""step_elapsed_s"": 28.308397348038852, ""step_event_index"": 59, ""total_hand_translation_m"": null, ""trial_finished_elapsed_s"": null, ""trial_recording"": true, ""trial_required_tool_ids"": [7, 35, 36]}"
2026-09-03T21:31:29.870-04:00,junhyun,gesture,tts_queued,lifecycle,r1_fasten_first_stand,Row 1.4: fasten right stand,ready,6,60,,,,28.373516,,,,,,,,,,,,,,,,interchangeable-bit screwdriver,,,replace_hover,,"{""acquired_tool_ids"": [35], ""acquisition_complete"": false, ""completed_steps"": [""r1_bearing_right"", ""r1_bearing_left"", ""r2_gear_rod"", ""r2_bearing_right"", ""r1_gear_rod""], ""head_rotation_deg"": null, ""head_translation_m"": null, ""left_hand_translation_m"": null, ""removed_tool_ids"": [14, 15, 18, 19, 21, 26, 27, 28], ""right_hand_translation_m"": null, ""selected_step"": ""r1_fasten_first_stand"", ""step_attempt"": 6, ""step_elapsed_s"": 28.3735271950718, ""step_event_index"": 60, ""total_hand_translation_m"": null, ""trial_finished_elapsed_s"": null, ""trial_recording"": true, ""trial_required_tool_ids"": [7, 35, 36]}"
2026-09-03T21:31:29.908-04:00,junhyun,gesture,tts_started,lifecycle,r1_fasten_first_stand,Row 1.4: fasten right stand,ready,6,61,,,,28.411101,,,,,,,,,,,,,,,,interchangeable-bit screwdriver,,,,,"{""acquired_tool_ids"": [35], ""acquisition_complete"": false, ""completed_steps"": [""r1_bearing_right"", ""r1_bearing_left"", ""r2_gear_rod"", ""r2_bearing_right"", ""r1_gear_rod""], ""head_rotation_deg"": null, ""head_translation_m"": null, ""left_hand_translation_m"": null, ""removed_tool_ids"": [14, 15, 18, 19, 21, 26, 27, 28], ""right_hand_translation_m"": null, ""selected_step"": ""r1_fasten_first_stand"", ""step_attempt"": 6, ""step_elapsed_s"": 28.411116171977483, ""step_event_index"": 61, ""total_hand_translation_m"": null, ""trial_finished_elapsed_s"": null, ""trial_recording"": true, ""trial_required_tool_ids"": [7, 35, 36]}"
2026-09-03T21:31:30.937-04:00,junhyun,gesture,part_selection,click,r1_fasten_first_stand,Row 1.4: fasten right stand,ready,6,62,7,BIT_SCREWDRIVER,15.818448,29.439647,,,,,,,,,,,,,,,1,,,,,,"{""acquired_tool_ids"": [7, 35], ""acquisition_complete"": false, ""completed_steps"": [""r1_bearing_right"", ""r1_bearing_left"", ""r2_gear_rod"", ""r2_bearing_right"", ""r1_gear_rod""], ""head_rotation_deg"": null, ""head_translation_m"": null, ""left_hand_translation_m"": null, ""removed_tool_ids"": [14, 15, 18, 19, 21, 26, 27, 28], ""right_hand_translation_m"": null, ""selected_step"": ""r1_fasten_first_stand"", ""step_attempt"": 6, ""step_elapsed_s"": 29.439702652045526, ""step_event_index"": 62, ""total_hand_translation_m"": null, ""trial_finished_elapsed_s"": null, ""trial_recording"": true, ""trial_required_tool_ids"": [7, 35, 36]}"
2026-09-03T21:31:30.998-04:00,junhyun,gesture,object_acquired,click,r1_fasten_first_stand,Row 1.4: fasten right stand,ready,6,63,7,BIT_SCREWDRIVER,15.818448,29.439647,,,,,,,,,,,,,,,1,,,,,,"{""acquired_tool_ids"": [7, 35], ""acquisition_complete"": false, ""completed_steps"": [""r1_bearing_right"", ""r1_bearing_left"", ""r2_gear_rod"", ""r2_bearing_right"", ""r1_gear_rod""], ""head_rotation_deg"": null, ""head_translation_m"": null, ""left_hand_translation_m"": null, ""removed_tool_ids"": [14, 15, 18, 19, 21, 26, 27, 28], ""right_hand_translation_m"": null, ""selected_step"": ""r1_fasten_first_stand"", ""step_attempt"": 6, ""step_elapsed_s"": 29.50135561497882, ""step_event_index"": 63, ""total_hand_translation_m"": null, ""trial_finished_elapsed_s"": null, ""trial_recording"": true, ""trial_required_tool_ids"": [7, 35, 36]}"
2026-09-03T21:31:31.021-04:00,junhyun,gesture,tts_queued,lifecycle,r1_fasten_first_stand,Row 1.4: fasten right stand,ready,6,64,,,,29.524007,,,,,,,,,,,,,,,,1 part left.,,,replace,,"{""acquired_tool_ids"": [7, 35], ""acquisition_complete"": false, ""completed_steps"": [""r1_bearing_right"", ""r1_bearing_left"", ""r2_gear_rod"", ""r2_bearing_right"", ""r1_gear_rod""], ""head_rotation_deg"": null, ""head_translation_m"": null, ""left_hand_translation_m"": null, ""removed_tool_ids"": [14, 15, 18, 19, 21, 26, 27, 28], ""right_hand_translation_m"": null, ""selected_step"": ""r1_fasten_first_stand"", ""step_attempt"": 6, ""step_elapsed_s"": 29.524015406961553, ""step_event_index"": 64, ""total_hand_translation_m"": null, ""trial_finished_elapsed_s"": null, ""trial_recording"": true, ""trial_required_tool_ids"": [7, 35, 36]}"
2026-09-03T21:31:31.103-04:00,junhyun,gesture,tts_finished,lifecycle,r1_fasten_first_stand,Row 1.4: fasten right stand,ready,6,65,,,,29.605850,,,,,,,,,,,,,,,,interchangeable-bit screwdriver,,,,,"{""acquired_tool_ids"": [7, 35], ""acquisition_complete"": false, ""completed_steps"": [""r1_bearing_right"", ""r1_bearing_left"", ""r2_gear_rod"", ""r2_bearing_right"", ""r1_gear_rod""], ""head_rotation_deg"": null, ""head_translation_m"": null, ""left_hand_translation_m"": null, ""removed_tool_ids"": [14, 15, 18, 19, 21, 26, 27, 28], ""right_hand_translation_m"": null, ""selected_step"": ""r1_fasten_first_stand"", ""step_attempt"": 6, ""step_elapsed_s"": 29.605866033001803, ""step_event_index"": 65, ""total_hand_translation_m"": null, ""trial_finished_elapsed_s"": null, ""trial_recording"": true, ""trial_required_tool_ids"": [7, 35, 36]}"
2026-09-03T21:31:31.150-04:00,junhyun,gesture,tts_started,lifecycle,r1_fasten_first_stand,Row 1.4: fasten right stand,ready,6,66,,,,29.652913,,,,,,,,,,,,,,,,1 part left.,,,,,"{""acquired_tool_ids"": [7, 35], ""acquisition_complete"": false, ""completed_steps"": [""r1_bearing_right"", ""r1_bearing_left"", ""r2_gear_rod"", ""r2_bearing_right"", ""r1_gear_rod""], ""head_rotation_deg"": null, ""head_translation_m"": null, ""left_hand_translation_m"": null, ""removed_tool_ids"": [14, 15, 18, 19, 21, 26, 27, 28], ""right_hand_translation_m"": null, ""selected_step"": ""r1_fasten_first_stand"", ""step_attempt"": 6, ""step_elapsed_s"": 29.65292461006902, ""step_event_index"": 66, ""total_hand_translation_m"": null, ""trial_finished_elapsed_s"": null, ""trial_recording"": true, ""trial_required_tool_ids"": [7, 35, 36]}"
2026-09-03T21:31:32.260-04:00,junhyun,gesture,tts_finished,lifecycle,r1_fasten_first_stand,Row 1.4: fasten right stand,ready,6,67,,,,30.762701,,,,,,,,,,,,,,,,1 part left.,,,,,"{""acquired_tool_ids"": [7, 35], ""acquisition_complete"": false, ""completed_steps"": [""r1_bearing_right"", ""r1_bearing_left"", ""r2_gear_rod"", ""r2_bearing_right"", ""r1_gear_rod""], ""head_rotation_deg"": null, ""head_translation_m"": null, ""left_hand_translation_m"": null, ""removed_tool_ids"": [14, 15, 18, 19, 21, 26, 27, 28], ""right_hand_translation_m"": null, ""selected_step"": ""r1_fasten_first_stand"", ""step_attempt"": 6, ""step_elapsed_s"": 30.762715216027573, ""step_event_index"": 67, ""total_hand_translation_m"": null, ""trial_finished_elapsed_s"": null, ""trial_recording"": true, ""trial_required_tool_ids"": [7, 35, 36]}"
2026-09-03T21:31:32.660-04:00,junhyun,gesture,hover,hover,r1_fasten_first_stand,Row 1.4: fasten right stand,ready,6,68,10,PHILIPS_SCREWDRIVER,,,,,,,,,,,,,,,,,,,,,,,"{""acquired_tool_ids"": [7, 35], ""acquisition_complete"": false, ""completed_steps"": [""r1_bearing_right"", ""r1_bearing_left"", ""r2_gear_rod"", ""r2_bearing_right"", ""r1_gear_rod""], ""head_rotation_deg"": null, ""head_translation_m"": null, ""left_hand_translation_m"": null, ""removed_tool_ids"": [14, 15, 18, 19, 21, 26, 27, 28], ""right_hand_translation_m"": null, ""selected_step"": ""r1_fasten_first_stand"", ""step_attempt"": 6, ""step_elapsed_s"": 31.16294566099532, ""step_event_index"": 68, ""total_hand_translation_m"": null, ""trial_finished_elapsed_s"": null, ""trial_recording"": true, ""trial_required_tool_ids"": [7, 35, 36]}"
2026-09-03T21:31:32.748-04:00,junhyun,gesture,tts_queued,lifecycle,r1_fasten_first_stand,Row 1.4: fasten right stand,ready,6,69,,,,31.250599,,,,,,,,,,,,,,,,phillips screwdriver,,,replace_hover,,"{""acquired_tool_ids"": [7, 35], ""acquisition_complete"": false, ""completed_steps"": [""r1_bearing_right"", ""r1_bearing_left"", ""r2_gear_rod"", ""r2_bearing_right"", ""r1_gear_rod""], ""head_rotation_deg"": null, ""head_translation_m"": null, ""left_hand_translation_m"": null, ""removed_tool_ids"": [14, 15, 18, 19, 21, 26, 27, 28], ""right_hand_translation_m"": null, ""selected_step"": ""r1_fasten_first_stand"", ""step_attempt"": 6, ""step_elapsed_s"": 31.250612260075286, ""step_event_index"": 69, ""total_hand_translation_m"": null, ""trial_finished_elapsed_s"": null, ""trial_recording"": true, ""trial_required_tool_ids"": [7, 35, 36]}"
2026-09-03T21:31:32.837-04:00,junhyun,gesture,tts_started,lifecycle,r1_fasten_first_stand,Row 1.4: fasten right stand,ready,6,70,,,,31.339714,,,,,,,,,,,,,,,,phillips screwdriver,,,,,"{""acquired_tool_ids"": [7, 35], ""acquisition_complete"": false, ""completed_steps"": [""r1_bearing_right"", ""r1_bearing_left"", ""r2_gear_rod"", ""r2_bearing_right"", ""r1_gear_rod""], ""head_rotation_deg"": null, ""head_translation_m"": null, ""left_hand_translation_m"": null, ""removed_tool_ids"": [14, 15, 18, 19, 21, 26, 27, 28], ""right_hand_translation_m"": null, ""selected_step"": ""r1_fasten_first_stand"", ""step_attempt"": 6, ""step_elapsed_s"": 31.339732130989432, ""step_event_index"": 70, ""total_hand_translation_m"": null, ""trial_finished_elapsed_s"": null, ""trial_recording"": true, ""trial_required_tool_ids"": [7, 35, 36]}"
2026-09-03T21:31:33.228-04:00,junhyun,gesture,hover,hover,r1_fasten_first_stand,Row 1.4: fasten right stand,ready,6,71,11,FLATHEAD_SCREWDRIVER,,,,,,,,,,,,,,,,,,,,,,,"{""acquired_tool_ids"": [7, 35], ""acquisition_complete"": false, ""completed_steps"": [""r1_bearing_right"", ""r1_bearing_left"", ""r2_gear_rod"", ""r2_bearing_right"", ""r1_gear_rod""], ""head_rotation_deg"": null, ""head_translation_m"": null, ""left_hand_translation_m"": null, ""removed_tool_ids"": [14, 15, 18, 19, 21, 26, 27, 28], ""right_hand_translation_m"": null, ""selected_step"": ""r1_fasten_first_stand"", ""step_attempt"": 6, ""step_elapsed_s"": 31.73154822399374, ""step_event_index"": 71, ""total_hand_translation_m"": null, ""trial_finished_elapsed_s"": null, ""trial_recording"": true, ""trial_required_tool_ids"": [7, 35, 36]}"
2026-09-03T21:31:33.302-04:00,junhyun,gesture,tts_queued,lifecycle,r1_fasten_first_stand,Row 1.4: fasten right stand,ready,6,72,,,,31.804905,,,,,,,,,,,,,,,,part,,,replace_hover,,"{""acquired_tool_ids"": [7, 35], ""acquisition_complete"": false, ""completed_steps"": [""r1_bearing_right"", ""r1_bearing_left"", ""r2_gear_rod"", ""r2_bearing_right"", ""r1_gear_rod""], ""head_rotation_deg"": null, ""head_translation_m"": null, ""left_hand_translation_m"": null, ""removed_tool_ids"": [14, 15, 18, 19, 21, 26, 27, 28], ""right_hand_translation_m"": null, ""selected_step"": ""r1_fasten_first_stand"", ""step_attempt"": 6, ""step_elapsed_s"": 31.804935686988756, ""step_event_index"": 72, ""total_hand_translation_m"": null, ""trial_finished_elapsed_s"": null, ""trial_recording"": true, ""trial_required_tool_ids"": [7, 35, 36]}"
2026-09-03T21:31:33.403-04:00,junhyun,gesture,tts_finished,lifecycle,r1_fasten_first_stand,Row 1.4: fasten right stand,ready,6,73,,,,31.905800,,,,,,,,,,,,,,,,phillips screwdriver,,,,,"{""acquired_tool_ids"": [7, 35], ""acquisition_complete"": false, ""completed_steps"": [""r1_bearing_right"", ""r1_bearing_left"", ""r2_gear_rod"", ""r2_bearing_right"", ""r1_gear_rod""], ""head_rotation_deg"": null, ""head_translation_m"": null, ""left_hand_translation_m"": null, ""removed_tool_ids"": [14, 15, 18, 19, 21, 26, 27, 28], ""right_hand_translation_m"": null, ""selected_step"": ""r1_fasten_first_stand"", ""step_attempt"": 6, ""step_elapsed_s"": 31.905812078039162, ""step_event_index"": 73, ""total_hand_translation_m"": null, ""trial_finished_elapsed_s"": null, ""trial_recording"": true, ""trial_required_tool_ids"": [7, 35, 36]}"
2026-09-03T21:31:33.497-04:00,junhyun,gesture,tts_started,lifecycle,r1_fasten_first_stand,Row 1.4: fasten right stand,ready,6,74,,,,32.000498,,,,,,,,,,,,,,,,part,,,,,"{""acquired_tool_ids"": [7, 35], ""acquisition_complete"": false, ""completed_steps"": [""r1_bearing_right"", ""r1_bearing_left"", ""r2_gear_rod"", ""r2_bearing_right"", ""r1_gear_rod""], ""head_rotation_deg"": null, ""head_translation_m"": null, ""left_hand_translation_m"": null, ""removed_tool_ids"": [14, 15, 18, 19, 21, 26, 27, 28], ""right_hand_translation_m"": null, ""selected_step"": ""r1_fasten_first_stand"", ""step_attempt"": 6, ""step_elapsed_s"": 32.00050936907064, ""step_event_index"": 74, ""total_hand_translation_m"": null, ""trial_finished_elapsed_s"": null, ""trial_recording"": true, ""trial_required_tool_ids"": [7, 35, 36]}"
2026-09-03T21:31:33.844-04:00,junhyun,gesture,tts_finished,lifecycle,r1_fasten_first_stand,Row 1.4: fasten right stand,ready,6,75,,,,32.346988,,,,,,,,,,,,,,,,part,,,,,"{""acquired_tool_ids"": [7, 35], ""acquisition_complete"": false, ""completed_steps"": [""r1_bearing_right"", ""r1_bearing_left"", ""r2_gear_rod"", ""r2_bearing_right"", ""r1_gear_rod""], ""head_rotation_deg"": null, ""head_translation_m"": null, ""left_hand_translation_m"": null, ""removed_tool_ids"": [14, 15, 18, 19, 21, 26, 27, 28], ""right_hand_translation_m"": null, ""selected_step"": ""r1_fasten_first_stand"", ""step_attempt"": 6, ""step_elapsed_s"": 32.34700219705701, ""step_event_index"": 75, ""total_hand_translation_m"": null, ""trial_finished_elapsed_s"": null, ""trial_recording"": true, ""trial_required_tool_ids"": [7, 35, 36]}"
2026-09-03T21:31:34.660-04:00,junhyun,gesture,hover,hover,r1_fasten_first_stand,Row 1.4: fasten right stand,ready,6,76,13,MAGNET_POLE_CHECKER,,,,,,,,,,,,,,,,,,,,,,,"{""acquired_tool_ids"": [7, 35], ""acquisition_complete"": false, ""completed_steps"": [""r1_bearing_right"", ""r1_bearing_left"", ""r2_gear_rod"", ""r2_bearing_right"", ""r1_gear_rod""], ""head_rotation_deg"": null, ""head_translation_m"": null, ""left_hand_translation_m"": null, ""removed_tool_ids"": [14, 15, 18, 19, 21, 26, 27, 28], ""right_hand_translation_m"": null, ""selected_step"": ""r1_fasten_first_stand"", ""step_attempt"": 6, ""step_elapsed_s"": 33.163317127968185, ""step_event_index"": 76, ""total_hand_translation_m"": null, ""trial_finished_elapsed_s"": null, ""trial_recording"": true, ""trial_required_tool_ids"": [7, 35, 36]}"
2026-09-03T21:31:34.680-04:00,junhyun,gesture,tts_queued,lifecycle,r1_fasten_first_stand,Row 1.4: fasten right stand,ready,6,77,,,,33.182953,,,,,,,,,,,,,,,,part,,,replace_hover,,"{""acquired_tool_ids"": [7, 35], ""acquisition_complete"": false, ""completed_steps"": [""r1_bearing_right"", ""r1_bearing_left"", ""r2_gear_rod"", ""r2_bearing_right"", ""r1_gear_rod""], ""head_rotation_deg"": null, ""head_translation_m"": null, ""left_hand_translation_m"": null, ""removed_tool_ids"": [14, 15, 18, 19, 21, 26, 27, 28], ""right_hand_translation_m"": null, ""selected_step"": ""r1_fasten_first_stand"", ""step_attempt"": 6, ""step_elapsed_s"": 33.18296291807201, ""step_event_index"": 77, ""total_hand_translation_m"": null, ""trial_finished_elapsed_s"": null, ""trial_recording"": true, ""trial_required_tool_ids"": [7, 35, 36]}"
2026-09-03T21:31:34.745-04:00,junhyun,gesture,tts_started,lifecycle,r1_fasten_first_stand,Row 1.4: fasten right stand,ready,6,78,,,,33.247894,,,,,,,,,,,,,,,,part,,,,,"{""acquired_tool_ids"": [7, 35], ""acquisition_complete"": false, ""completed_steps"": [""r1_bearing_right"", ""r1_bearing_left"", ""r2_gear_rod"", ""r2_bearing_right"", ""r1_gear_rod""], ""head_rotation_deg"": null, ""head_translation_m"": null, ""left_hand_translation_m"": null, ""removed_tool_ids"": [14, 15, 18, 19, 21, 26, 27, 28], ""right_hand_translation_m"": null, ""selected_step"": ""r1_fasten_first_stand"", ""step_attempt"": 6, ""step_elapsed_s"": 33.24790933099575, ""step_event_index"": 78, ""total_hand_translation_m"": null, ""trial_finished_elapsed_s"": null, ""trial_recording"": true, ""trial_required_tool_ids"": [7, 35, 36]}"
2026-09-03T21:31:35.179-04:00,junhyun,gesture,tts_finished,lifecycle,r1_fasten_first_stand,Row 1.4: fasten right stand,ready,6,79,,,,33.681710,,,,,,,,,,,,,,,,part,,,,,"{""acquired_tool_ids"": [7, 35], ""acquisition_complete"": false, ""completed_steps"": [""r1_bearing_right"", ""r1_bearing_left"", ""r2_gear_rod"", ""r2_bearing_right"", ""r1_gear_rod""], ""head_rotation_deg"": null, ""head_translation_m"": null, ""left_hand_translation_m"": null, ""removed_tool_ids"": [14, 15, 18, 19, 21, 26, 27, 28], ""right_hand_translation_m"": null, ""selected_step"": ""r1_fasten_first_stand"", ""step_attempt"": 6, ""step_elapsed_s"": 33.68172554706689, ""step_event_index"": 79, ""total_hand_translation_m"": null, ""trial_finished_elapsed_s"": null, ""trial_recording"": true, ""trial_required_tool_ids"": [7, 35, 36]}"
2026-09-03T21:31:35.960-04:00,junhyun,gesture,hover,hover,r1_fasten_first_stand,Row 1.4: fasten right stand,ready,6,80,37,BITHOLDER2,,,,,,,,,,,,,,,,,,,,,,,"{""acquired_tool_ids"": [7, 35], ""acquisition_complete"": false, ""completed_steps"": [""r1_bearing_right"", ""r1_bearing_left"", ""r2_gear_rod"", ""r2_bearing_right"", ""r1_gear_rod""], ""head_rotation_deg"": null, ""head_translation_m"": null, ""left_hand_translation_m"": null, ""removed_tool_ids"": [14, 15, 18, 19, 21, 26, 27, 28], ""right_hand_translation_m"": null, ""selected_step"": ""r1_fasten_first_stand"", ""step_attempt"": 6, ""step_elapsed_s"": 34.46299120504409, ""step_event_index"": 80, ""total_hand_translation_m"": null, ""trial_finished_elapsed_s"": null, ""trial_recording"": true, ""trial_required_tool_ids"": [7, 35, 36]}"
2026-09-03T21:31:36.033-04:00,junhyun,gesture,tts_queued,lifecycle,r1_fasten_first_stand,Row 1.4: fasten right stand,ready,6,81,,,,34.535808,,,,,,,,,,,,,,,,bit holder2,,,replace_hover,,"{""acquired_tool_ids"": [7, 35], ""acquisition_complete"": false, ""completed_steps"": [""r1_bearing_right"", ""r1_bearing_left"", ""r2_gear_rod"", ""r2_bearing_right"", ""r1_gear_rod""], ""head_rotation_deg"": null, ""head_translation_m"": null, ""left_hand_translation_m"": null, ""removed_tool_ids"": [14, 15, 18, 19, 21, 26, 27, 28], ""right_hand_translation_m"": null, ""selected_step"": ""r1_fasten_first_stand"", ""step_attempt"": 6, ""step_elapsed_s"": 34.53582348104101, ""step_event_index"": 81, ""total_hand_translation_m"": null, ""trial_finished_elapsed_s"": null, ""trial_recording"": true, ""trial_required_tool_ids"": [7, 35, 36]}"
2026-09-03T21:31:36.075-04:00,junhyun,gesture,tts_started,lifecycle,r1_fasten_first_stand,Row 1.4: fasten right stand,ready,6,82,,,,34.577694,,,,,,,,,,,,,,,,bit holder2,,,,,"{""acquired_tool_ids"": [7, 35], ""acquisition_complete"": false, ""completed_steps"": [""r1_bearing_right"", ""r1_bearing_left"", ""r2_gear_rod"", ""r2_bearing_right"", ""r1_gear_rod""], ""head_rotation_deg"": null, ""head_translation_m"": null, ""left_hand_translation_m"": null, ""removed_tool_ids"": [14, 15, 18, 19, 21, 26, 27, 28], ""right_hand_translation_m"": null, ""selected_step"": ""r1_fasten_first_stand"", ""step_attempt"": 6, ""step_elapsed_s"": 34.57770574896131, ""step_event_index"": 82, ""total_hand_translation_m"": null, ""trial_finished_elapsed_s"": null, ""trial_recording"": true, ""trial_required_tool_ids"": [7, 35, 36]}"
2026-09-03T21:31:37.299-04:00,junhyun,gesture,tts_finished,lifecycle,r1_fasten_first_stand,Row 1.4: fasten right stand,ready,6,83,,,,35.802288,,,,,,,,,,,,,,,,bit holder2,,,,,"{""acquired_tool_ids"": [7, 35], ""acquisition_complete"": false, ""completed_steps"": [""r1_bearing_right"", ""r1_bearing_left"", ""r2_gear_rod"", ""r2_bearing_right"", ""r1_gear_rod""], ""head_rotation_deg"": null, ""head_translation_m"": null, ""left_hand_translation_m"": null, ""removed_tool_ids"": [14, 15, 18, 19, 21, 26, 27, 28], ""right_hand_translation_m"": null, ""selected_step"": ""r1_fasten_first_stand"", ""step_attempt"": 6, ""step_elapsed_s"": 35.80231777403969, ""step_event_index"": 83, ""total_hand_translation_m"": null, ""trial_finished_elapsed_s"": null, ""trial_recording"": true, ""trial_required_tool_ids"": [7, 35, 36]}"
2026-09-03T21:31:37.887-04:00,junhyun,gesture,hover,hover,r1_fasten_first_stand,Row 1.4: fasten right stand,ready,6,84,36,BITHOLDER1,,,,,,,,,,,,,,,,,,,,,,,"{""acquired_tool_ids"": [7, 35], ""acquisition_complete"": false, ""completed_steps"": [""r1_bearing_right"", ""r1_bearing_left"", ""r2_gear_rod"", ""r2_bearing_right"", ""r1_gear_rod""], ""head_rotation_deg"": null, ""head_translation_m"": null, ""left_hand_translation_m"": null, ""removed_tool_ids"": [14, 15, 18, 19, 21, 26, 27, 28], ""right_hand_translation_m"": null, ""selected_step"": ""r1_fasten_first_stand"", ""step_attempt"": 6, ""step_elapsed_s"": 36.38964756799396, ""step_event_index"": 84, ""total_hand_translation_m"": null, ""trial_finished_elapsed_s"": null, ""trial_recording"": true, ""trial_required_tool_ids"": [7, 35, 36]}"
2026-09-03T21:31:37.935-04:00,junhyun,gesture,tts_queued,lifecycle,r1_fasten_first_stand,Row 1.4: fasten right stand,ready,6,85,,,,36.438198,,,,,,,,,,,,,,,,bit holder1,,,replace_hover,,"{""acquired_tool_ids"": [7, 35], ""acquisition_complete"": false, ""completed_steps"": [""r1_bearing_right"", ""r1_bearing_left"", ""r2_gear_rod"", ""r2_bearing_right"", ""r1_gear_rod""], ""head_rotation_deg"": null, ""head_translation_m"": null, ""left_hand_translation_m"": null, ""removed_tool_ids"": [14, 15, 18, 19, 21, 26, 27, 28], ""right_hand_translation_m"": null, ""selected_step"": ""r1_fasten_first_stand"", ""step_attempt"": 6, ""step_elapsed_s"": 36.43820997001603, ""step_event_index"": 85, ""total_hand_translation_m"": null, ""trial_finished_elapsed_s"": null, ""trial_recording"": true, ""trial_required_tool_ids"": [7, 35, 36]}"
2026-09-03T21:31:37.994-04:00,junhyun,gesture,tts_started,lifecycle,r1_fasten_first_stand,Row 1.4: fasten right stand,ready,6,86,,,,36.497310,,,,,,,,,,,,,,,,bit holder1,,,,,"{""acquired_tool_ids"": [7, 35], ""acquisition_complete"": false, ""completed_steps"": [""r1_bearing_right"", ""r1_bearing_left"", ""r2_gear_rod"", ""r2_bearing_right"", ""r1_gear_rod""], ""head_rotation_deg"": null, ""head_translation_m"": null, ""left_hand_translation_m"": null, ""removed_tool_ids"": [14, 15, 18, 19, 21, 26, 27, 28], ""right_hand_translation_m"": null, ""selected_step"": ""r1_fasten_first_stand"", ""step_attempt"": 6, ""step_elapsed_s"": 36.49732050602324, ""step_event_index"": 86, ""total_hand_translation_m"": null, ""trial_finished_elapsed_s"": null, ""trial_recording"": true, ""trial_required_tool_ids"": [7, 35, 36]}"
2026-09-03T21:31:39.156-04:00,junhyun,gesture,hover,hover,r1_fasten_first_stand,Row 1.4: fasten right stand,ready,6,87,36,BITHOLDER1,,,,,,,,,,,,,,,,,,,,,,,"{""acquired_tool_ids"": [7, 35], ""acquisition_complete"": false, ""completed_steps"": [""r1_bearing_right"", ""r1_bearing_left"", ""r2_gear_rod"", ""r2_bearing_right"", ""r1_gear_rod""], ""head_rotation_deg"": null, ""head_translation_m"": null, ""left_hand_translation_m"": null, ""removed_tool_ids"": [14, 15, 18, 19, 21, 26, 27, 28], ""right_hand_translation_m"": null, ""selected_step"": ""r1_fasten_first_stand"", ""step_attempt"": 6, ""step_elapsed_s"": 37.659428574028425, ""step_event_index"": 87, ""total_hand_translation_m"": null, ""trial_finished_elapsed_s"": null, ""trial_recording"": true, ""trial_required_tool_ids"": [7, 35, 36]}"
2026-09-03T21:31:39.208-04:00,junhyun,gesture,tts_queued,lifecycle,r1_fasten_first_stand,Row 1.4: fasten right stand,ready,6,88,,,,37.710747,,,,,,,,,,,,,,,,bit holder1,,,replace_hover,,"{""acquired_tool_ids"": [7, 35], ""acquisition_complete"": false, ""completed_steps"": [""r1_bearing_right"", ""r1_bearing_left"", ""r2_gear_rod"", ""r2_bearing_right"", ""r1_gear_rod""], ""head_rotation_deg"": null, ""head_translation_m"": null, ""left_hand_translation_m"": null, ""removed_tool_ids"": [14, 15, 18, 19, 21, 26, 27, 28], ""right_hand_translation_m"": null, ""selected_step"": ""r1_fasten_first_stand"", ""step_attempt"": 6, ""step_elapsed_s"": 37.710761351976544, ""step_event_index"": 88, ""total_hand_translation_m"": null, ""trial_finished_elapsed_s"": null, ""trial_recording"": true, ""trial_required_tool_ids"": [7, 35, 36]}"
2026-09-03T21:31:39.302-04:00,junhyun,gesture,tts_finished,lifecycle,r1_fasten_first_stand,Row 1.4: fasten right stand,ready,6,89,,,,37.804806,,,,,,,,,,,,,,,,bit holder1,,,,,"{""acquired_tool_ids"": [7, 35], ""acquisition_complete"": false, ""completed_steps"": [""r1_bearing_right"", ""r1_bearing_left"", ""r2_gear_rod"", ""r2_bearing_right"", ""r1_gear_rod""], ""head_rotation_deg"": null, ""head_translation_m"": null, ""left_hand_translation_m"": null, ""removed_tool_ids"": [14, 15, 18, 19, 21, 26, 27, 28], ""right_hand_translation_m"": null, ""selected_step"": ""r1_fasten_first_stand"", ""step_attempt"": 6, ""step_elapsed_s"": 37.804818302975036, ""step_event_index"": 89, ""total_hand_translation_m"": null, ""trial_finished_elapsed_s"": null, ""trial_recording"": true, ""trial_required_tool_ids"": [7, 35, 36]}"
2026-09-03T21:31:39.389-04:00,junhyun,gesture,tts_started,lifecycle,r1_fasten_first_stand,Row 1.4: fasten right stand,ready,6,90,,,,37.891774,,,,,,,,,,,,,,,,bit holder1,,,,,"{""acquired_tool_ids"": [7, 35], ""acquisition_complete"": false, ""completed_steps"": [""r1_bearing_right"", ""r1_bearing_left"", ""r2_gear_rod"", ""r2_bearing_right"", ""r1_gear_rod""], ""head_rotation_deg"": null, ""head_translation_m"": null, ""left_hand_translation_m"": null, ""removed_tool_ids"": [14, 15, 18, 19, 21, 26, 27, 28], ""right_hand_translation_m"": null, ""selected_step"": ""r1_fasten_first_stand"", ""step_attempt"": 6, ""step_elapsed_s"": 37.89178778696805, ""step_event_index"": 90, ""total_hand_translation_m"": null, ""trial_finished_elapsed_s"": null, ""trial_recording"": true, ""trial_required_tool_ids"": [7, 35, 36]}"
2026-09-03T21:31:40.363-04:00,junhyun,gesture,tts_finished,lifecycle,r1_fasten_first_stand,Row 1.4: fasten right stand,ready,6,91,,,,38.866506,,,,,,,,,,,,,,,,bit holder1,,,,,"{""acquired_tool_ids"": [7, 35], ""acquisition_complete"": false, ""completed_steps"": [""r1_bearing_right"", ""r1_bearing_left"", ""r2_gear_rod"", ""r2_bearing_right"", ""r1_gear_rod""], ""head_rotation_deg"": null, ""head_translation_m"": null, ""left_hand_translation_m"": null, ""removed_tool_ids"": [14, 15, 18, 19, 21, 26, 27, 28], ""right_hand_translation_m"": null, ""selected_step"": ""r1_fasten_first_stand"", ""step_attempt"": 6, ""step_elapsed_s"": 38.866519924020395, ""step_event_index"": 91, ""total_hand_translation_m"": null, ""trial_finished_elapsed_s"": null, ""trial_recording"": true, ""trial_required_tool_ids"": [7, 35, 36]}"
2026-09-03T21:31:41.443-04:00,junhyun,gesture,part_selection,click,r1_fasten_first_stand,Row 1.4: fasten right stand,ready,6,92,36,BITHOLDER1,10.506761,39.946408,,,,,,,,,,,,,,,1,,,,,,"{""acquired_tool_ids"": [7, 35, 36], ""acquisition_complete"": false, ""completed_steps"": [""r1_bearing_right"", ""r1_bearing_left"", ""r2_gear_rod"", ""r2_bearing_right"", ""r1_gear_rod""], ""head_rotation_deg"": null, ""head_translation_m"": null, ""left_hand_translation_m"": null, ""removed_tool_ids"": [14, 15, 18, 19, 21, 26, 27, 28], ""right_hand_translation_m"": null, ""selected_step"": ""r1_fasten_first_stand"", ""step_attempt"": 6, ""step_elapsed_s"": 39.94645451300312, ""step_event_index"": 92, ""total_hand_translation_m"": null, ""trial_finished_elapsed_s"": null, ""trial_recording"": true, ""trial_required_tool_ids"": [7, 35, 36]}"
2026-09-03T21:31:41.522-04:00,junhyun,gesture,object_acquired,click,r1_fasten_first_stand,Row 1.4: fasten right stand,ready,6,93,36,BITHOLDER1,10.506761,39.946408,,,,,,,,,,,,,,,1,,,,,,"{""acquired_tool_ids"": [7, 35, 36], ""acquisition_complete"": false, ""completed_steps"": [""r1_bearing_right"", ""r1_bearing_left"", ""r2_gear_rod"", ""r2_bearing_right"", ""r1_gear_rod""], ""head_rotation_deg"": null, ""head_translation_m"": null, ""left_hand_translation_m"": null, ""removed_tool_ids"": [14, 15, 18, 19, 21, 26, 27, 28], ""right_hand_translation_m"": null, ""selected_step"": ""r1_fasten_first_stand"", ""step_attempt"": 6, ""step_elapsed_s"": 40.02480352506973, ""step_event_index"": 93, ""total_hand_translation_m"": null, ""trial_finished_elapsed_s"": null, ""trial_recording"": true, ""trial_required_tool_ids"": [7, 35, 36]}"
2026-09-03T21:31:41.549-04:00,junhyun,gesture,step_acquisition_complete,click,r1_fasten_first_stand,Row 1.4: fasten right stand,ready,6,94,,,,40.050358,1.479122,169.025004,1.940535,2.214065,4.154601,0.000000,0.000000,0.000000,0.000000,0,0,0.000000,0.000000,0.000000,,,,,,,"{""acquired_tool_ids"": [7, 35, 36], ""acquisition_complete"": true, ""any_hover_time_s"": 0.0, ""completed_steps"": [""r1_bearing_right"", ""r1_bearing_left"", ""r2_gear_rod"", ""r2_bearing_right"", ""r1_gear_rod""], ""head_rotation_deg"": 169.0250039592964, ""head_translation_m"": 1.4791216505220681, ""hover_time_percent"": 0.0, ""left_hand_translation_m"": 1.9405353184743064, ""left_hover_episodes"": 0, ""left_hover_time_s"": 0.0, ""left_hover_translation_m"": 0.0, ""removed_tool_ids"": [14, 15, 18, 19, 21, 26, 27, 28], ""right_hand_translation_m"": 2.2140651977317773, ""right_hover_episodes"": 0, ""right_hover_time_s"": 0.0, ""right_hover_translation_m"": 0.0, ""selected_step"": ""r1_fasten_first_stand"", ""step_attempt"": 6, ""step_elapsed_s"": 40.05035771301482, ""step_event_index"": 94, ""total_hand_translation_m"": 4.1546005162060835, ""total_hover_translation_m"": 0.0, ""trial_finished_elapsed_s"": 40.05035771301482, ""trial_recording"": false, ""trial_required_tool_ids"": [7, 35, 36]}"
2026-09-03T21:31:41.586-04:00,junhyun,gesture,graph_complete,,r1_fasten_first_stand,Row 1.4: fasten right stand,complete,6,95,,,,,,,,,,,,,,,,,,,,,,,,,"{""acquired_tool_ids"": [7, 35, 36], ""acquisition_complete"": true, ""any_hover_time_s"": 0.0, ""completed_steps"": [""r1_bearing_right"", ""r1_bearing_left"", ""r2_gear_rod"", ""r2_bearing_right"", ""r1_gear_rod"", ""r1_fasten_first_stand"", ""r1_insert_rod_and_fit_second"", ""r1_fasten_second_stand""], ""head_rotation_deg"": 169.0250039592964, ""head_translation_m"": 1.4791216505220681, ""hover_time_percent"": 0.0, ""left_hand_translation_m"": 1.9405353184743064, ""left_hover_episodes"": 0, ""left_hover_time_s"": 0.0, ""left_hover_translation_m"": 0.0, ""removed_tool_ids"": [14, 15, 18, 19, 21, 26, 27, 28], ""right_hand_translation_m"": 2.2140651977317773, ""right_hover_episodes"": 0, ""right_hover_time_s"": 0.0, ""right_hover_translation_m"": 0.0, ""selected_step"": ""r1_fasten_first_stand"", ""step_attempt"": 6, ""step_elapsed_s"": 40.05035771301482, ""step_event_index"": 95, ""total_hand_translation_m"": 4.1546005162060835, ""total_hover_translation_m"": 0.0, ""trial_finished_elapsed_s"": 40.05035771301482, ""trial_recording"": false, ""trial_required_tool_ids"": [7, 35, 36]}"
2026-09-03T21:31:54.073-04:00,junhyun,gesture,step_started,keyboard,r2_bearing_left,Row 2.3: bearing into left stand,ready,7,1,,,,,,,,,,,,,,,,,,,,,,,,,"{""acquired_tool_ids"": [], ""acquisition_complete"": false, ""completed_steps"": [""r1_bearing_right"", ""r1_bearing_left"", ""r2_gear_rod"", ""r2_bearing_right"", ""r1_gear_rod"", ""r1_fasten_first_stand"", ""r1_insert_rod_and_fit_second"", ""r1_fasten_second_stand""], ""head_rotation_deg"": null, ""head_translation_m"": null, ""left_hand_translation_m"": null, ""removed_tool_ids"": [14, 15, 18, 19, 21, 26, 27, 28], ""right_hand_translation_m"": null, ""selected_step"": ""r2_bearing_left"", ""step_attempt"": 7, ""step_elapsed_s"": 0.0006415210664272308, ""step_event_index"": 1, ""total_hand_translation_m"": null, ""trial_finished_elapsed_s"": null, ""trial_recording"": true, ""trial_required_tool_ids"": [20, 34]}"
2026-09-03T21:31:56.070-04:00,junhyun,gesture,hover,hover,r2_bearing_left,Row 2.3: bearing into left stand,ready,7,2,0,WRENCH_10,,,,,,,,,,,,,,,,,,,,,,,"{""acquired_tool_ids"": [], ""acquisition_complete"": false, ""completed_steps"": [""r1_bearing_right"", ""r1_bearing_left"", ""r2_gear_rod"", ""r2_bearing_right"", ""r1_gear_rod"", ""r1_fasten_first_stand"", ""r1_insert_rod_and_fit_second"", ""r1_fasten_second_stand""], ""head_rotation_deg"": null, ""head_translation_m"": null, ""left_hand_translation_m"": null, ""removed_tool_ids"": [14, 15, 18, 19, 21, 26, 27, 28], ""right_hand_translation_m"": null, ""selected_step"": ""r2_bearing_left"", ""step_attempt"": 7, ""step_elapsed_s"": 1.9974261990282685, ""step_event_index"": 2, ""total_hand_translation_m"": null, ""trial_finished_elapsed_s"": null, ""trial_recording"": true, ""trial_required_tool_ids"": [20, 34]}"
2026-09-03T21:31:56.107-04:00,junhyun,gesture,tts_queued,lifecycle,r2_bearing_left,Row 2.3: bearing into left stand,ready,7,3,,,,2.034120,,,,,,,,,,,,,,,,part,,,replace_hover,,"{""acquired_tool_ids"": [], ""acquisition_complete"": false, ""completed_steps"": [""r1_bearing_right"", ""r1_bearing_left"", ""r2_gear_rod"", ""r2_bearing_right"", ""r1_gear_rod"", ""r1_fasten_first_stand"", ""r1_insert_rod_and_fit_second"", ""r1_fasten_second_stand""], ""head_rotation_deg"": null, ""head_translation_m"": null, ""left_hand_translation_m"": null, ""removed_tool_ids"": [14, 15, 18, 19, 21, 26, 27, 28], ""right_hand_translation_m"": null, ""selected_step"": ""r2_bearing_left"", ""step_attempt"": 7, ""step_elapsed_s"": 2.034139345982112, ""step_event_index"": 3, ""total_hand_translation_m"": null, ""trial_finished_elapsed_s"": null, ""trial_recording"": true, ""trial_required_tool_ids"": [20, 34]}"
2026-09-03T21:31:56.162-04:00,junhyun,gesture,tts_started,lifecycle,r2_bearing_left,Row 2.3: bearing into left stand,ready,7,4,,,,2.089425,,,,,,,,,,,,,,,,part,,,,,"{""acquired_tool_ids"": [], ""acquisition_complete"": false, ""completed_steps"": [""r1_bearing_right"", ""r1_bearing_left"", ""r2_gear_rod"", ""r2_bearing_right"", ""r1_gear_rod"", ""r1_fasten_first_stand"", ""r1_insert_rod_and_fit_second"", ""r1_fasten_second_stand""], ""head_rotation_deg"": null, ""head_translation_m"": null, ""left_hand_translation_m"": null, ""removed_tool_ids"": [14, 15, 18, 19, 21, 26, 27, 28], ""right_hand_translation_m"": null, ""selected_step"": ""r2_bearing_left"", ""step_attempt"": 7, ""step_elapsed_s"": 2.08944034203887, ""step_event_index"": 4, ""total_hand_translation_m"": null, ""trial_finished_elapsed_s"": null, ""trial_recording"": true, ""trial_required_tool_ids"": [20, 34]}"
2026-09-03T21:31:56.262-04:00,junhyun,gesture,hover,hover,r2_bearing_left,Row 2.3: bearing into left stand,ready,7,5,1,WRENCH_12,,,,,,,,,,,,,,,,,,,,,,,"{""acquired_tool_ids"": [], ""acquisition_complete"": false, ""completed_steps"": [""r1_bearing_right"", ""r1_bearing_left"", ""r2_gear_rod"", ""r2_bearing_right"", ""r1_gear_rod"", ""r1_fasten_first_stand"", ""r1_insert_rod_and_fit_second"", ""r1_fasten_second_stand""], ""head_rotation_deg"": null, ""head_translation_m"": null, ""left_hand_translation_m"": null, ""removed_tool_ids"": [14, 15, 18, 19, 21, 26, 27, 28], ""right_hand_translation_m"": null, ""selected_step"": ""r2_bearing_left"", ""step_attempt"": 7, ""step_elapsed_s"": 2.1893130789976567, ""step_event_index"": 5, ""total_hand_translation_m"": null, ""trial_finished_elapsed_s"": null, ""trial_recording"": true, ""trial_required_tool_ids"": [20, 34]}"
2026-09-03T21:31:56.292-04:00,junhyun,gesture,tts_queued,lifecycle,r2_bearing_left,Row 2.3: bearing into left stand,ready,7,6,,,,2.219290,,,,,,,,,,,,,,,,part,,,replace_hover,,"{""acquired_tool_ids"": [], ""acquisition_complete"": false, ""completed_steps"": [""r1_bearing_right"", ""r1_bearing_left"", ""r2_gear_rod"", ""r2_bearing_right"", ""r1_gear_rod"", ""r1_fasten_first_stand"", ""r1_insert_rod_and_fit_second"", ""r1_fasten_second_stand""], ""head_rotation_deg"": null, ""head_translation_m"": null, ""left_hand_translation_m"": null, ""removed_tool_ids"": [14, 15, 18, 19, 21, 26, 27, 28], ""right_hand_translation_m"": null, ""selected_step"": ""r2_bearing_left"", ""step_attempt"": 7, ""step_elapsed_s"": 2.2193042780272663, ""step_event_index"": 6, ""total_hand_translation_m"": null, ""trial_finished_elapsed_s"": null, ""trial_recording"": true, ""trial_required_tool_ids"": [20, 34]}"
2026-09-03T21:31:56.357-04:00,junhyun,gesture,tts_finished,lifecycle,r2_bearing_left,Row 2.3: bearing into left stand,ready,7,7,,,,2.284333,,,,,,,,,,,,,,,,part,,,,,"{""acquired_tool_ids"": [], ""acquisition_complete"": false, ""completed_steps"": [""r1_bearing_right"", ""r1_bearing_left"", ""r2_gear_rod"", ""r2_bearing_right"", ""r1_gear_rod"", ""r1_fasten_first_stand"", ""r1_insert_rod_and_fit_second"", ""r1_fasten_second_stand""], ""head_rotation_deg"": null, ""head_translation_m"": null, ""left_hand_translation_m"": null, ""removed_tool_ids"": [14, 15, 18, 19, 21, 26, 27, 28], ""right_hand_translation_m"": null, ""selected_step"": ""r2_bearing_left"", ""step_attempt"": 7, ""step_elapsed_s"": 2.284344661049545, ""step_event_index"": 7, ""total_hand_translation_m"": null, ""trial_finished_elapsed_s"": null, ""trial_recording"": true, ""trial_required_tool_ids"": [20, 34]}"
2026-09-03T21:31:56.406-04:00,junhyun,gesture,tts_started,lifecycle,r2_bearing_left,Row 2.3: bearing into left stand,ready,7,8,,,,2.333305,,,,,,,,,,,,,,,,part,,,,,"{""acquired_tool_ids"": [], ""acquisition_complete"": false, ""completed_steps"": [""r1_bearing_right"", ""r1_bearing_left"", ""r2_gear_rod"", ""r2_bearing_right"", ""r1_gear_rod"", ""r1_fasten_first_stand"", ""r1_insert_rod_and_fit_second"", ""r1_fasten_second_stand""], ""head_rotation_deg"": null, ""head_translation_m"": null, ""left_hand_translation_m"": null, ""removed_tool_ids"": [14, 15, 18, 19, 21, 26, 27, 28], ""right_hand_translation_m"": null, ""selected_step"": ""r2_bearing_left"", ""step_attempt"": 7, ""step_elapsed_s"": 2.333316446049139, ""step_event_index"": 8, ""total_hand_translation_m"": null, ""trial_finished_elapsed_s"": null, ""trial_recording"": true, ""trial_required_tool_ids"": [20, 34]}"
2026-09-03T21:31:56.835-04:00,junhyun,gesture,hover,hover,r2_bearing_left,Row 2.3: bearing into left stand,ready,7,9,0,WRENCH_10,,,,,,,,,,,,,,,,,,,,,,,"{""acquired_tool_ids"": [], ""acquisition_complete"": false, ""completed_steps"": [""r1_bearing_right"", ""r1_bearing_left"", ""r2_gear_rod"", ""r2_bearing_right"", ""r1_gear_rod"", ""r1_fasten_first_stand"", ""r1_insert_rod_and_fit_second"", ""r1_fasten_second_stand""], ""head_rotation_deg"": null, ""head_translation_m"": null, ""left_hand_translation_m"": null, ""removed_tool_ids"": [14, 15, 18, 19, 21, 26, 27, 28], ""right_hand_translation_m"": null, ""selected_step"": ""r2_bearing_left"", ""step_attempt"": 7, ""step_elapsed_s"": 2.7621739640599117, ""step_event_index"": 9, ""total_hand_translation_m"": null, ""trial_finished_elapsed_s"": null, ""trial_recording"": true, ""trial_required_tool_ids"": [20, 34]}"
2026-09-03T21:31:56.865-04:00,junhyun,gesture,tts_queued,lifecycle,r2_bearing_left,Row 2.3: bearing into left stand,ready,7,10,,,,2.792944,,,,,,,,,,,,,,,,part,,,replace_hover,,"{""acquired_tool_ids"": [], ""acquisition_complete"": false, ""completed_steps"": [""r1_bearing_right"", ""r1_bearing_left"", ""r2_gear_rod"", ""r2_bearing_right"", ""r1_gear_rod"", ""r1_fasten_first_stand"", ""r1_insert_rod_and_fit_second"", ""r1_fasten_second_stand""], ""head_rotation_deg"": null, ""head_translation_m"": null, ""left_hand_translation_m"": null, ""removed_tool_ids"": [14, 15, 18, 19, 21, 26, 27, 28], ""right_hand_translation_m"": null, ""selected_step"": ""r2_bearing_left"", ""step_attempt"": 7, ""step_elapsed_s"": 2.7929556620074436, ""step_event_index"": 10, ""total_hand_translation_m"": null, ""trial_finished_elapsed_s"": null, ""trial_recording"": true, ""trial_required_tool_ids"": [20, 34]}"
2026-09-03T21:31:56.975-04:00,junhyun,gesture,hover,hover,r2_bearing_left,Row 2.3: bearing into left stand,ready,7,11,9,BIT_WRENCH,,,,,,,,,,,,,,,,,,,,,,,"{""acquired_tool_ids"": [], ""acquisition_complete"": false, ""completed_steps"": [""r1_bearing_right"", ""r1_bearing_left"", ""r2_gear_rod"", ""r2_bearing_right"", ""r1_gear_rod"", ""r1_fasten_first_stand"", ""r1_insert_rod_and_fit_second"", ""r1_fasten_second_stand""], ""head_rotation_deg"": null, ""head_translation_m"": null, ""left_hand_translation_m"": null, ""removed_tool_ids"": [14, 15, 18, 19, 21, 26, 27, 28], ""right_hand_translation_m"": null, ""selected_step"": ""r2_bearing_left"", ""step_attempt"": 7, ""step_elapsed_s"": 2.902366864029318, ""step_event_index"": 11, ""total_hand_translation_m"": null, ""trial_finished_elapsed_s"": null, ""trial_recording"": true, ""trial_required_tool_ids"": [20, 34]}"
2026-09-03T21:31:56.998-04:00,junhyun,gesture,tts_queued,lifecycle,r2_bearing_left,Row 2.3: bearing into left stand,ready,7,12,,,,2.925271,,,,,,,,,,,,,,,,interchangeable-bit wrench,,,replace_hover,,"{""acquired_tool_ids"": [], ""acquisition_complete"": false, ""completed_steps"": [""r1_bearing_right"", ""r1_bearing_left"", ""r2_gear_rod"", ""r2_bearing_right"", ""r1_gear_rod"", ""r1_fasten_first_stand"", ""r1_insert_rod_and_fit_second"", ""r1_fasten_second_stand""], ""head_rotation_deg"": null, ""head_translation_m"": null, ""left_hand_translation_m"": null, ""removed_tool_ids"": [14, 15, 18, 19, 21, 26, 27, 28], ""right_hand_translation_m"": null, ""selected_step"": ""r2_bearing_left"", ""step_attempt"": 7, ""step_elapsed_s"": 2.925280597060919, ""step_event_index"": 12, ""total_hand_translation_m"": null, ""trial_finished_elapsed_s"": null, ""trial_recording"": true, ""trial_required_tool_ids"": [20, 34]}"
2026-09-03T21:31:57.029-04:00,junhyun,gesture,tts_finished,lifecycle,r2_bearing_left,Row 2.3: bearing into left stand,ready,7,13,,,,2.956266,,,,,,,,,,,,,,,,part,,,,,"{""acquired_tool_ids"": [], ""acquisition_complete"": false, ""completed_steps"": [""r1_bearing_right"", ""r1_bearing_left"", ""r2_gear_rod"", ""r2_bearing_right"", ""r1_gear_rod"", ""r1_fasten_first_stand"", ""r1_insert_rod_and_fit_second"", ""r1_fasten_second_stand""], ""head_rotation_deg"": null, ""head_translation_m"": null, ""left_hand_translation_m"": null, ""removed_tool_ids"": [14, 15, 18, 19, 21, 26, 27, 28], ""right_hand_translation_m"": null, ""selected_step"": ""r2_bearing_left"", ""step_attempt"": 7, ""step_elapsed_s"": 2.956278252066113, ""step_event_index"": 13, ""total_hand_translation_m"": null, ""trial_finished_elapsed_s"": null, ""trial_recording"": true, ""trial_required_tool_ids"": [20, 34]}"
2026-09-03T21:31:57.062-04:00,junhyun,gesture,tts_started,lifecycle,r2_bearing_left,Row 2.3: bearing into left stand,ready,7,14,,,,2.990092,,,,,,,,,,,,,,,,part,,,,,"{""acquired_tool_ids"": [], ""acquisition_complete"": false, ""completed_steps"": [""r1_bearing_right"", ""r1_bearing_left"", ""r2_gear_rod"", ""r2_bearing_right"", ""r1_gear_rod"", ""r1_fasten_first_stand"", ""r1_insert_rod_and_fit_second"", ""r1_fasten_second_stand""], ""head_rotation_deg"": null, ""head_translation_m"": null, ""left_hand_translation_m"": null, ""removed_tool_ids"": [14, 15, 18, 19, 21, 26, 27, 28], ""right_hand_translation_m"": null, ""selected_step"": ""r2_bearing_left"", ""step_attempt"": 7, ""step_elapsed_s"": 2.9901040049735457, ""step_event_index"": 14, ""total_hand_translation_m"": null, ""trial_finished_elapsed_s"": null, ""trial_recording"": true, ""trial_required_tool_ids"": [20, 34]}"
2026-09-03T21:31:57.091-04:00,junhyun,gesture,tts_finished,lifecycle,r2_bearing_left,Row 2.3: bearing into left stand,ready,7,15,,,,3.018388,,,,,,,,,,,,,,,,part,,,,,"{""acquired_tool_ids"": [], ""acquisition_complete"": false, ""completed_steps"": [""r1_bearing_right"", ""r1_bearing_left"", ""r2_gear_rod"", ""r2_bearing_right"", ""r1_gear_rod"", ""r1_fasten_first_stand"", ""r1_insert_rod_and_fit_second"", ""r1_fasten_second_stand""], ""head_rotation_deg"": null, ""head_translation_m"": null, ""left_hand_translation_m"": null, ""removed_tool_ids"": [14, 15, 18, 19, 21, 26, 27, 28], ""right_hand_translation_m"": null, ""selected_step"": ""r2_bearing_left"", ""step_attempt"": 7, ""step_elapsed_s"": 3.018398668966256, ""step_event_index"": 15, ""total_hand_translation_m"": null, ""trial_finished_elapsed_s"": null, ""trial_recording"": true, ""trial_required_tool_ids"": [20, 34]}"
2026-09-03T21:31:57.114-04:00,junhyun,gesture,tts_started,lifecycle,r2_bearing_left,Row 2.3: bearing into left stand,ready,7,16,,,,3.041750,,,,,,,,,,,,,,,,interchangeable-bit wrench,,,,,"{""acquired_tool_ids"": [], ""acquisition_complete"": false, ""completed_steps"": [""r1_bearing_right"", ""r1_bearing_left"", ""r2_gear_rod"", ""r2_bearing_right"", ""r1_gear_rod"", ""r1_fasten_first_stand"", ""r1_insert_rod_and_fit_second"", ""r1_fasten_second_stand""], ""head_rotation_deg"": null, ""head_translation_m"": null, ""left_hand_translation_m"": null, ""removed_tool_ids"": [14, 15, 18, 19, 21, 26, 27, 28], ""right_hand_translation_m"": null, ""selected_step"": ""r2_bearing_left"", ""step_attempt"": 7, ""step_elapsed_s"": 3.0417616880731657, ""step_event_index"": 16, ""total_hand_translation_m"": null, ""trial_finished_elapsed_s"": null, ""trial_recording"": true, ""trial_required_tool_ids"": [20, 34]}"
2026-09-03T21:31:57.166-04:00,junhyun,gesture,hover,hover,r2_bearing_left,Row 2.3: bearing into left stand,ready,7,17,6,THREAD_CHECKER,,,,,,,,,,,,,,,,,,,,,,,"{""acquired_tool_ids"": [], ""acquisition_complete"": false, ""completed_steps"": [""r1_bearing_right"", ""r1_bearing_left"", ""r2_gear_rod"", ""r2_bearing_right"", ""r1_gear_rod"", ""r1_fasten_first_stand"", ""r1_insert_rod_and_fit_second"", ""r1_fasten_second_stand""], ""head_rotation_deg"": null, ""head_translation_m"": null, ""left_hand_translation_m"": null, ""removed_tool_ids"": [14, 15, 18, 19, 21, 26, 27, 28], ""right_hand_translation_m"": null, ""selected_step"": ""r2_bearing_left"", ""step_attempt"": 7, ""step_elapsed_s"": 3.093326539034024, ""step_event_index"": 17, ""total_hand_translation_m"": null, ""trial_finished_elapsed_s"": null, ""trial_recording"": true, ""trial_required_tool_ids"": [20, 34]}"
2026-09-03T21:31:57.210-04:00,junhyun,gesture,tts_queued,lifecycle,r2_bearing_left,Row 2.3: bearing into left stand,ready,7,18,,,,3.137925,,,,,,,,,,,,,,,,part,,,replace_hover,,"{""acquired_tool_ids"": [], ""acquisition_complete"": false, ""completed_steps"": [""r1_bearing_right"", ""r1_bearing_left"", ""r2_gear_rod"", ""r2_bearing_right"", ""r1_gear_rod"", ""r1_fasten_first_stand"", ""r1_insert_rod_and_fit_second"", ""r1_fasten_second_stand""], ""head_rotation_deg"": null, ""head_translation_m"": null, ""left_hand_translation_m"": null, ""removed_tool_ids"": [14, 15, 18, 19, 21, 26, 27, 28], ""right_hand_translation_m"": null, ""selected_step"": ""r2_bearing_left"", ""step_attempt"": 7, ""step_elapsed_s"": 3.137939027044922, ""step_event_index"": 18, ""total_hand_translation_m"": null, ""trial_finished_elapsed_s"": null, ""trial_recording"": true, ""trial_required_tool_ids"": [20, 34]}"
2026-09-03T21:31:57.263-04:00,junhyun,gesture,tts_finished,lifecycle,r2_bearing_left,Row 2.3: bearing into left stand,ready,7,19,,,,3.190390,,,,,,,,,,,,,,,,interchangeable-bit wrench,,,,,"{""acquired_tool_ids"": [], ""acquisition_complete"": false, ""completed_steps"": [""r1_bearing_right"", ""r1_bearing_left"", ""r2_gear_rod"", ""r2_bearing_right"", ""r1_gear_rod"", ""r1_fasten_first_stand"", ""r1_insert_rod_and_fit_second"", ""r1_fasten_second_stand""], ""head_rotation_deg"": null, ""head_translation_m"": null, ""left_hand_translation_m"": null, ""removed_tool_ids"": [14, 15, 18, 19, 21, 26, 27, 28], ""right_hand_translation_m"": null, ""selected_step"": ""r2_bearing_left"", ""step_attempt"": 7, ""step_elapsed_s"": 3.190399638027884, ""step_event_index"": 19, ""total_hand_translation_m"": null, ""trial_finished_elapsed_s"": null, ""trial_recording"": true, ""trial_required_tool_ids"": [20, 34]}"
2026-09-03T21:31:57.299-04:00,junhyun,gesture,tts_started,lifecycle,r2_bearing_left,Row 2.3: bearing into left stand,ready,7,20,,,,3.226449,,,,,,,,,,,,,,,,part,,,,,"{""acquired_tool_ids"": [], ""acquisition_complete"": false, ""completed_steps"": [""r1_bearing_right"", ""r1_bearing_left"", ""r2_gear_rod"", ""r2_bearing_right"", ""r1_gear_rod"", ""r1_fasten_first_stand"", ""r1_insert_rod_and_fit_second"", ""r1_fasten_second_stand""], ""head_rotation_deg"": null, ""head_translation_m"": null, ""left_hand_translation_m"": null, ""removed_tool_ids"": [14, 15, 18, 19, 21, 26, 27, 28], ""right_hand_translation_m"": null, ""selected_step"": ""r2_bearing_left"", ""step_attempt"": 7, ""step_elapsed_s"": 3.2264589479891583, ""step_event_index"": 20, ""total_hand_translation_m"": null, ""trial_finished_elapsed_s"": null, ""trial_recording"": true, ""trial_required_tool_ids"": [20, 34]}"
2026-09-03T21:31:57.838-04:00,junhyun,gesture,tts_finished,lifecycle,r2_bearing_left,Row 2.3: bearing into left stand,ready,7,21,,,,3.765875,,,,,,,,,,,,,,,,part,,,,,"{""acquired_tool_ids"": [], ""acquisition_complete"": false, ""completed_steps"": [""r1_bearing_right"", ""r1_bearing_left"", ""r2_gear_rod"", ""r2_bearing_right"", ""r1_gear_rod"", ""r1_fasten_first_stand"", ""r1_insert_rod_and_fit_second"", ""r1_fasten_second_stand""], ""head_rotation_deg"": null, ""head_translation_m"": null, ""left_hand_translation_m"": null, ""removed_tool_ids"": [14, 15, 18, 19, 21, 26, 27, 28], ""right_hand_translation_m"": null, ""selected_step"": ""r2_bearing_left"", ""step_attempt"": 7, ""step_elapsed_s"": 3.7658866780111566, ""step_event_index"": 21, ""total_hand_translation_m"": null, ""trial_finished_elapsed_s"": null, ""trial_recording"": true, ""trial_required_tool_ids"": [20, 34]}"
2026-09-03T21:31:58.183-04:00,junhyun,gesture,hover,hover,r2_bearing_left,Row 2.3: bearing into left stand,ready,7,22,35,SCREWS,,,,,,,,,,,,,,,,,,,,,,,"{""acquired_tool_ids"": [], ""acquisition_complete"": false, ""completed_steps"": [""r1_bearing_right"", ""r1_bearing_left"", ""r2_gear_rod"", ""r2_bearing_right"", ""r1_gear_rod"", ""r1_fasten_first_stand"", ""r1_insert_rod_and_fit_second"", ""r1_fasten_second_stand""], ""head_rotation_deg"": null, ""head_translation_m"": null, ""left_hand_translation_m"": null, ""removed_tool_ids"": [14, 15, 18, 19, 21, 26, 27, 28], ""right_hand_translation_m"": null, ""selected_step"": ""r2_bearing_left"", ""step_attempt"": 7, ""step_elapsed_s"": 4.110402788035572, ""step_event_index"": 22, ""total_hand_translation_m"": null, ""trial_finished_elapsed_s"": null, ""trial_recording"": true, ""trial_required_tool_ids"": [20, 34]}"
2026-09-03T21:31:58.228-04:00,junhyun,gesture,tts_queued,lifecycle,r2_bearing_left,Row 2.3: bearing into left stand,ready,7,23,,,,4.155440,,,,,,,,,,,,,,,,screw,,,replace_hover,,"{""acquired_tool_ids"": [], ""acquisition_complete"": false, ""completed_steps"": [""r1_bearing_right"", ""r1_bearing_left"", ""r2_gear_rod"", ""r2_bearing_right"", ""r1_gear_rod"", ""r1_fasten_first_stand"", ""r1_insert_rod_and_fit_second"", ""r1_fasten_second_stand""], ""head_rotation_deg"": null, ""head_translation_m"": null, ""left_hand_translation_m"": null, ""removed_tool_ids"": [14, 15, 18, 19, 21, 26, 27, 28], ""right_hand_translation_m"": null, ""selected_step"": ""r2_bearing_left"", ""step_attempt"": 7, ""step_elapsed_s"": 4.1554528350243345, ""step_event_index"": 23, ""total_hand_translation_m"": null, ""trial_finished_elapsed_s"": null, ""trial_recording"": true, ""trial_required_tool_ids"": [20, 34]}"
2026-09-03T21:31:58.322-04:00,junhyun,gesture,tts_started,lifecycle,r2_bearing_left,Row 2.3: bearing into left stand,ready,7,24,,,,4.249618,,,,,,,,,,,,,,,,screw,,,,,"{""acquired_tool_ids"": [], ""acquisition_complete"": false, ""completed_steps"": [""r1_bearing_right"", ""r1_bearing_left"", ""r2_gear_rod"", ""r2_bearing_right"", ""r1_gear_rod"", ""r1_fasten_first_stand"", ""r1_insert_rod_and_fit_second"", ""r1_fasten_second_stand""], ""head_rotation_deg"": null, ""head_translation_m"": null, ""left_hand_translation_m"": null, ""removed_tool_ids"": [14, 15, 18, 19, 21, 26, 27, 28], ""right_hand_translation_m"": null, ""selected_step"": ""r2_bearing_left"", ""step_attempt"": 7, ""step_elapsed_s"": 4.2496285130036995, ""step_event_index"": 24, ""total_hand_translation_m"": null, ""trial_finished_elapsed_s"": null, ""trial_recording"": true, ""trial_required_tool_ids"": [20, 34]}"
2026-09-03T21:31:58.939-04:00,junhyun,gesture,tts_finished,lifecycle,r2_bearing_left,Row 2.3: bearing into left stand,ready,7,25,,,,4.866777,,,,,,,,,,,,,,,,screw,,,,,"{""acquired_tool_ids"": [], ""acquisition_complete"": false, ""completed_steps"": [""r1_bearing_right"", ""r1_bearing_left"", ""r2_gear_rod"", ""r2_bearing_right"", ""r1_gear_rod"", ""r1_fasten_first_stand"", ""r1_insert_rod_and_fit_second"", ""r1_fasten_second_stand""], ""head_rotation_deg"": null, ""head_translation_m"": null, ""left_hand_translation_m"": null, ""removed_tool_ids"": [14, 15, 18, 19, 21, 26, 27, 28], ""right_hand_translation_m"": null, ""selected_step"": ""r2_bearing_left"", ""step_attempt"": 7, ""step_elapsed_s"": 4.866789416060783, ""step_event_index"": 25, ""total_hand_translation_m"": null, ""trial_finished_elapsed_s"": null, ""trial_recording"": true, ""trial_required_tool_ids"": [20, 34]}"
2026-09-03T21:31:59.120-04:00,junhyun,gesture,hover,hover,r2_bearing_left,Row 2.3: bearing into left stand,ready,7,26,35,SCREWS,,,,,,,,,,,,,,,,,,,,,,,"{""acquired_tool_ids"": [], ""acquisition_complete"": false, ""completed_steps"": [""r1_bearing_right"", ""r1_bearing_left"", ""r2_gear_rod"", ""r2_bearing_right"", ""r1_gear_rod"", ""r1_fasten_first_stand"", ""r1_insert_rod_and_fit_second"", ""r1_fasten_second_stand""], ""head_rotation_deg"": null, ""head_translation_m"": null, ""left_hand_translation_m"": null, ""removed_tool_ids"": [14, 15, 18, 19, 21, 26, 27, 28], ""right_hand_translation_m"": null, ""selected_step"": ""r2_bearing_left"", ""step_attempt"": 7, ""step_elapsed_s"": 5.04794956499245, ""step_event_index"": 26, ""total_hand_translation_m"": null, ""trial_finished_elapsed_s"": null, ""trial_recording"": true, ""trial_required_tool_ids"": [20, 34]}"
2026-09-03T21:31:59.183-04:00,junhyun,gesture,tts_queued,lifecycle,r2_bearing_left,Row 2.3: bearing into left stand,ready,7,27,,,,5.110284,,,,,,,,,,,,,,,,screw,,,replace_hover,,"{""acquired_tool_ids"": [], ""acquisition_complete"": false, ""completed_steps"": [""r1_bearing_right"", ""r1_bearing_left"", ""r2_gear_rod"", ""r2_bearing_right"", ""r1_gear_rod"", ""r1_fasten_first_stand"", ""r1_insert_rod_and_fit_second"", ""r1_fasten_second_stand""], ""head_rotation_deg"": null, ""head_translation_m"": null, ""left_hand_translation_m"": null, ""removed_tool_ids"": [14, 15, 18, 19, 21, 26, 27, 28], ""right_hand_translation_m"": null, ""selected_step"": ""r2_bearing_left"", ""step_attempt"": 7, ""step_elapsed_s"": 5.110299683990888, ""step_event_index"": 27, ""total_hand_translation_m"": null, ""trial_finished_elapsed_s"": null, ""trial_recording"": true, ""trial_required_tool_ids"": [20, 34]}"
2026-09-03T21:31:59.276-04:00,junhyun,gesture,tts_started,lifecycle,r2_bearing_left,Row 2.3: bearing into left stand,ready,7,28,,,,5.204092,,,,,,,,,,,,,,,,screw,,,,,"{""acquired_tool_ids"": [], ""acquisition_complete"": false, ""completed_steps"": [""r1_bearing_right"", ""r1_bearing_left"", ""r2_gear_rod"", ""r2_bearing_right"", ""r1_gear_rod"", ""r1_fasten_first_stand"", ""r1_insert_rod_and_fit_second"", ""r1_fasten_second_stand""], ""head_rotation_deg"": null, ""head_translation_m"": null, ""left_hand_translation_m"": null, ""removed_tool_ids"": [14, 15, 18, 19, 21, 26, 27, 28], ""right_hand_translation_m"": null, ""selected_step"": ""r2_bearing_left"", ""step_attempt"": 7, ""step_elapsed_s"": 5.204104745062068, ""step_event_index"": 28, ""total_hand_translation_m"": null, ""trial_finished_elapsed_s"": null, ""trial_recording"": true, ""trial_required_tool_ids"": [20, 34]}"
2026-09-03T21:31:59.789-04:00,junhyun,gesture,tts_finished,lifecycle,r2_bearing_left,Row 2.3: bearing into left stand,ready,7,29,,,,5.716746,,,,,,,,,,,,,,,,screw,,,,,"{""acquired_tool_ids"": [], ""acquisition_complete"": false, ""completed_steps"": [""r1_bearing_right"", ""r1_bearing_left"", ""r2_gear_rod"", ""r2_bearing_right"", ""r1_gear_rod"", ""r1_fasten_first_stand"", ""r1_insert_rod_and_fit_second"", ""r1_fasten_second_stand""], ""head_rotation_deg"": null, ""head_translation_m"": null, ""left_hand_translation_m"": null, ""removed_tool_ids"": [14, 15, 18, 19, 21, 26, 27, 28], ""right_hand_translation_m"": null, ""selected_step"": ""r2_bearing_left"", ""step_attempt"": 7, ""step_elapsed_s"": 5.716757336049341, ""step_event_index"": 29, ""total_hand_translation_m"": null, ""trial_finished_elapsed_s"": null, ""trial_recording"": true, ""trial_required_tool_ids"": [20, 34]}"
2026-09-03T21:32:00.330-04:00,junhyun,gesture,tts_queued,lifecycle,r2_bearing_left,Row 2.3: bearing into left stand,ready,7,30,,,,6.258011,,,,,,,,,,,,,,,,Wrong part.,,,replace,,"{""acquired_tool_ids"": [], ""acquisition_complete"": false, ""completed_steps"": [""r1_bearing_right"", ""r1_bearing_left"", ""r2_gear_rod"", ""r2_bearing_right"", ""r1_gear_rod"", ""r1_fasten_first_stand"", ""r1_insert_rod_and_fit_second"", ""r1_fasten_second_stand""], ""head_rotation_deg"": null, ""head_translation_m"": null, ""left_hand_translation_m"": null, ""removed_tool_ids"": [14, 15, 18, 19, 21, 26, 27, 28], ""right_hand_translation_m"": null, ""selected_step"": ""r2_bearing_left"", ""step_attempt"": 7, ""step_elapsed_s"": 6.2580204820260406, ""step_event_index"": 30, ""total_hand_translation_m"": null, ""trial_finished_elapsed_s"": null, ""trial_recording"": true, ""trial_required_tool_ids"": [20, 34]}"
2026-09-03T21:32:00.399-04:00,junhyun,gesture,part_selection,click,r2_bearing_left,Row 2.3: bearing into left stand,ready,7,31,35,SCREWS,6.326793,6.326793,,,,,,,,,,,,,,,0,,,,,,"{""acquired_tool_ids"": [], ""acquisition_complete"": false, ""completed_steps"": [""r1_bearing_right"", ""r1_bearing_left"", ""r2_gear_rod"", ""r2_bearing_right"", ""r1_gear_rod"", ""r1_fasten_first_stand"", ""r1_insert_rod_and_fit_second"", ""r1_fasten_second_stand""], ""head_rotation_deg"": null, ""head_translation_m"": null, ""left_hand_translation_m"": null, ""removed_tool_ids"": [14, 15, 18, 19, 21, 26, 27, 28], ""right_hand_translation_m"": null, ""selected_step"": ""r2_bearing_left"", ""step_attempt"": 7, ""step_elapsed_s"": 6.3268342450028285, ""step_event_index"": 31, ""total_hand_translation_m"": null, ""trial_finished_elapsed_s"": null, ""trial_recording"": true, ""trial_required_tool_ids"": [20, 34]}"
2026-09-03T21:32:00.449-04:00,junhyun,gesture,tts_started,lifecycle,r2_bearing_left,Row 2.3: bearing into left stand,ready,7,32,,,,6.376742,,,,,,,,,,,,,,,,Wrong part.,,,,,"{""acquired_tool_ids"": [], ""acquisition_complete"": false, ""completed_steps"": [""r1_bearing_right"", ""r1_bearing_left"", ""r2_gear_rod"", ""r2_bearing_right"", ""r1_gear_rod"", ""r1_fasten_first_stand"", ""r1_insert_rod_and_fit_second"", ""r1_fasten_second_stand""], ""head_rotation_deg"": null, ""head_translation_m"": null, ""left_hand_translation_m"": null, ""removed_tool_ids"": [14, 15, 18, 19, 21, 26, 27, 28], ""right_hand_translation_m"": null, ""selected_step"": ""r2_bearing_left"", ""step_attempt"": 7, ""step_elapsed_s"": 6.376752263051458, ""step_event_index"": 32, ""total_hand_translation_m"": null, ""trial_finished_elapsed_s"": null, ""trial_recording"": true, ""trial_required_tool_ids"": [20, 34]}"
2026-09-03T21:32:01.358-04:00,junhyun,gesture,tts_finished,lifecycle,r2_bearing_left,Row 2.3: bearing into left stand,ready,7,33,,,,7.285656,,,,,,,,,,,,,,,,Wrong part.,,,,,"{""acquired_tool_ids"": [], ""acquisition_complete"": false, ""completed_steps"": [""r1_bearing_right"", ""r1_bearing_left"", ""r2_gear_rod"", ""r2_bearing_right"", ""r1_gear_rod"", ""r1_fasten_first_stand"", ""r1_insert_rod_and_fit_second"", ""r1_fasten_second_stand""], ""head_rotation_deg"": null, ""head_translation_m"": null, ""left_hand_translation_m"": null, ""removed_tool_ids"": [14, 15, 18, 19, 21, 26, 27, 28], ""right_hand_translation_m"": null, ""selected_step"": ""r2_bearing_left"", ""step_attempt"": 7, ""step_elapsed_s"": 7.285670013981871, ""step_event_index"": 33, ""total_hand_translation_m"": null, ""trial_finished_elapsed_s"": null, ""trial_recording"": true, ""trial_required_tool_ids"": [20, 34]}"
2026-09-03T21:32:04.770-04:00,junhyun,gesture,hover,hover,r2_bearing_left,Row 2.3: bearing into left stand,ready,7,34,20,GEAR_STAND_ROW2_LEFT,,,,,,,,,,,,,,,,,,,,,,,"{""acquired_tool_ids"": [], ""acquisition_complete"": false, ""completed_steps"": [""r1_bearing_right"", ""r1_bearing_left"", ""r2_gear_rod"", ""r2_bearing_right"", ""r1_gear_rod"", ""r1_fasten_first_stand"", ""r1_insert_rod_and_fit_second"", ""r1_fasten_second_stand""], ""head_rotation_deg"": null, ""head_translation_m"": null, ""left_hand_translation_m"": null, ""removed_tool_ids"": [14, 15, 18, 19, 21, 26, 27, 28], ""right_hand_translation_m"": null, ""selected_step"": ""r2_bearing_left"", ""step_attempt"": 7, ""step_elapsed_s"": 10.697332608979195, ""step_event_index"": 34, ""total_hand_translation_m"": null, ""trial_finished_elapsed_s"": null, ""trial_recording"": true, ""trial_required_tool_ids"": [20, 34]}"
2026-09-03T21:32:04.809-04:00,junhyun,gesture,tts_queued,lifecycle,r2_bearing_left,Row 2.3: bearing into left stand,ready,7,35,,,,10.736414,,,,,,,,,,,,,,,,Row 2 left stand,,,replace_hover,,"{""acquired_tool_ids"": [], ""acquisition_complete"": false, ""completed_steps"": [""r1_bearing_right"", ""r1_bearing_left"", ""r2_gear_rod"", ""r2_bearing_right"", ""r1_gear_rod"", ""r1_fasten_first_stand"", ""r1_insert_rod_and_fit_second"", ""r1_fasten_second_stand""], ""head_rotation_deg"": null, ""head_translation_m"": null, ""left_hand_translation_m"": null, ""removed_tool_ids"": [14, 15, 18, 19, 21, 26, 27, 28], ""right_hand_translation_m"": null, ""selected_step"": ""r2_bearing_left"", ""step_attempt"": 7, ""step_elapsed_s"": 10.736438294989057, ""step_event_index"": 35, ""total_hand_translation_m"": null, ""trial_finished_elapsed_s"": null, ""trial_recording"": true, ""trial_required_tool_ids"": [20, 34]}"
2026-09-03T21:32:04.874-04:00,junhyun,gesture,tts_started,lifecycle,r2_bearing_left,Row 2.3: bearing into left stand,ready,7,36,,,,10.801383,,,,,,,,,,,,,,,,Row 2 left stand,,,,,"{""acquired_tool_ids"": [], ""acquisition_complete"": false, ""completed_steps"": [""r1_bearing_right"", ""r1_bearing_left"", ""r2_gear_rod"", ""r2_bearing_right"", ""r1_gear_rod"", ""r1_fasten_first_stand"", ""r1_insert_rod_and_fit_second"", ""r1_fasten_second_stand""], ""head_rotation_deg"": null, ""head_translation_m"": null, ""left_hand_translation_m"": null, ""removed_tool_ids"": [14, 15, 18, 19, 21, 26, 27, 28], ""right_hand_translation_m"": null, ""selected_step"": ""r2_bearing_left"", ""step_attempt"": 7, ""step_elapsed_s"": 10.801399382064119, ""step_event_index"": 36, ""total_hand_translation_m"": null, ""trial_finished_elapsed_s"": null, ""trial_recording"": true, ""trial_required_tool_ids"": [20, 34]}"
2026-09-03T21:32:06.694-04:00,junhyun,gesture,tts_finished,lifecycle,r2_bearing_left,Row 2.3: bearing into left stand,ready,7,37,,,,12.621530,,,,,,,,,,,,,,,,Row 2 left stand,,,,,"{""acquired_tool_ids"": [], ""acquisition_complete"": false, ""completed_steps"": [""r1_bearing_right"", ""r1_bearing_left"", ""r2_gear_rod"", ""r2_bearing_right"", ""r1_gear_rod"", ""r1_fasten_first_stand"", ""r1_insert_rod_and_fit_second"", ""r1_fasten_second_stand""], ""head_rotation_deg"": null, ""head_translation_m"": null, ""left_hand_translation_m"": null, ""removed_tool_ids"": [14, 15, 18, 19, 21, 26, 27, 28], ""right_hand_translation_m"": null, ""selected_step"": ""r2_bearing_left"", ""step_attempt"": 7, ""step_elapsed_s"": 12.621543676010333, ""step_event_index"": 37, ""total_hand_translation_m"": null, ""trial_finished_elapsed_s"": null, ""trial_recording"": true, ""trial_required_tool_ids"": [20, 34]}"
2026-09-03T21:32:13.416-04:00,junhyun,gesture,part_selection,click,r2_bearing_left,Row 2.3: bearing into left stand,ready,7,38,20,GEAR_STAND_ROW2_LEFT,19.343455,19.343455,,,,,,,,,,,,,,,1,,,,,,"{""acquired_tool_ids"": [20], ""acquisition_complete"": false, ""completed_steps"": [""r1_bearing_right"", ""r1_bearing_left"", ""r2_gear_rod"", ""r2_bearing_right"", ""r1_gear_rod"", ""r1_fasten_first_stand"", ""r1_insert_rod_and_fit_second"", ""r1_fasten_second_stand""], ""head_rotation_deg"": null, ""head_translation_m"": null, ""left_hand_translation_m"": null, ""removed_tool_ids"": [14, 15, 18, 19, 21, 26, 27, 28], ""right_hand_translation_m"": null, ""selected_step"": ""r2_bearing_left"", ""step_attempt"": 7, ""step_elapsed_s"": 19.343505869968794, ""step_event_index"": 38, ""total_hand_translation_m"": null, ""trial_finished_elapsed_s"": null, ""trial_recording"": true, ""trial_required_tool_ids"": [20, 34]}"
2026-09-03T21:32:13.467-04:00,junhyun,gesture,object_acquired,click,r2_bearing_left,Row 2.3: bearing into left stand,ready,7,39,20,GEAR_STAND_ROW2_LEFT,19.343455,19.343455,,,,,,,,,,,,,,,1,,,,,,"{""acquired_tool_ids"": [20], ""acquisition_complete"": false, ""completed_steps"": [""r1_bearing_right"", ""r1_bearing_left"", ""r2_gear_rod"", ""r2_bearing_right"", ""r1_gear_rod"", ""r1_fasten_first_stand"", ""r1_insert_rod_and_fit_second"", ""r1_fasten_second_stand""], ""head_rotation_deg"": null, ""head_translation_m"": null, ""left_hand_translation_m"": null, ""removed_tool_ids"": [14, 15, 18, 19, 21, 26, 27, 28], ""right_hand_translation_m"": null, ""selected_step"": ""r2_bearing_left"", ""step_attempt"": 7, ""step_elapsed_s"": 19.394752432010137, ""step_event_index"": 39, ""total_hand_translation_m"": null, ""trial_finished_elapsed_s"": null, ""trial_recording"": true, ""trial_required_tool_ids"": [20, 34]}"
2026-09-03T21:32:13.509-04:00,junhyun,gesture,tts_queued,lifecycle,r2_bearing_left,Row 2.3: bearing into left stand,ready,7,40,,,,19.436683,,,,,,,,,,,,,,,,1 part left.,,,replace,,"{""acquired_tool_ids"": [20], ""acquisition_complete"": false, ""completed_steps"": [""r1_bearing_right"", ""r1_bearing_left"", ""r2_gear_rod"", ""r2_bearing_right"", ""r1_gear_rod"", ""r1_fasten_first_stand"", ""r1_insert_rod_and_fit_second"", ""r1_fasten_second_stand""], ""head_rotation_deg"": null, ""head_translation_m"": null, ""left_hand_translation_m"": null, ""removed_tool_ids"": [14, 15, 18, 19, 21, 26, 27, 28], ""right_hand_translation_m"": null, ""selected_step"": ""r2_bearing_left"", ""step_attempt"": 7, ""step_elapsed_s"": 19.43669425905682, ""step_event_index"": 40, ""total_hand_translation_m"": null, ""trial_finished_elapsed_s"": null, ""trial_recording"": true, ""trial_required_tool_ids"": [20, 34]}"
2026-09-03T21:32:13.564-04:00,junhyun,gesture,tts_started,lifecycle,r2_bearing_left,Row 2.3: bearing into left stand,ready,7,41,,,,19.491354,,,,,,,,,,,,,,,,1 part left.,,,,,"{""acquired_tool_ids"": [20], ""acquisition_complete"": false, ""completed_steps"": [""r1_bearing_right"", ""r1_bearing_left"", ""r2_gear_rod"", ""r2_bearing_right"", ""r1_gear_rod"", ""r1_fasten_first_stand"", ""r1_insert_rod_and_fit_second"", ""r1_fasten_second_stand""], ""head_rotation_deg"": null, ""head_translation_m"": null, ""left_hand_translation_m"": null, ""removed_tool_ids"": [14, 15, 18, 19, 21, 26, 27, 28], ""right_hand_translation_m"": null, ""selected_step"": ""r2_bearing_left"", ""step_attempt"": 7, ""step_elapsed_s"": 19.491365498979576, ""step_event_index"": 41, ""total_hand_translation_m"": null, ""trial_finished_elapsed_s"": null, ""trial_recording"": true, ""trial_required_tool_ids"": [20, 34]}"
2026-09-03T21:32:14.745-04:00,junhyun,gesture,tts_finished,lifecycle,r2_bearing_left,Row 2.3: bearing into left stand,ready,7,42,,,,20.673041,,,,,,,,,,,,,,,,1 part left.,,,,,"{""acquired_tool_ids"": [20], ""acquisition_complete"": false, ""completed_steps"": [""r1_bearing_right"", ""r1_bearing_left"", ""r2_gear_rod"", ""r2_bearing_right"", ""r1_gear_rod"", ""r1_fasten_first_stand"", ""r1_insert_rod_and_fit_second"", ""r1_fasten_second_stand""], ""head_rotation_deg"": null, ""head_translation_m"": null, ""left_hand_translation_m"": null, ""removed_tool_ids"": [14, 15, 18, 19, 21, 26, 27, 28], ""right_hand_translation_m"": null, ""selected_step"": ""r2_bearing_left"", ""step_attempt"": 7, ""step_elapsed_s"": 20.67305338208098, ""step_event_index"": 42, ""total_hand_translation_m"": null, ""trial_finished_elapsed_s"": null, ""trial_recording"": true, ""trial_required_tool_ids"": [20, 34]}"
2026-09-03T21:32:15.953-04:00,junhyun,gesture,hover,hover,r2_bearing_left,Row 2.3: bearing into left stand,ready,7,43,29,GEAR_ROW3_LEFT,,,,,,,,,,,,,,,,,,,,,,,"{""acquired_tool_ids"": [20], ""acquisition_complete"": false, ""completed_steps"": [""r1_bearing_right"", ""r1_bearing_left"", ""r2_gear_rod"", ""r2_bearing_right"", ""r1_gear_rod"", ""r1_fasten_first_stand"", ""r1_insert_rod_and_fit_second"", ""r1_fasten_second_stand""], ""head_rotation_deg"": null, ""head_translation_m"": null, ""left_hand_translation_m"": null, ""removed_tool_ids"": [14, 15, 18, 19, 21, 26, 27, 28], ""right_hand_translation_m"": null, ""selected_step"": ""r2_bearing_left"", ""step_attempt"": 7, ""step_elapsed_s"": 21.881033861078322, ""step_event_index"": 43, ""total_hand_translation_m"": null, ""trial_finished_elapsed_s"": null, ""trial_recording"": true, ""trial_required_tool_ids"": [20, 34]}"
2026-09-03T21:32:16.095-04:00,junhyun,gesture,tts_queued,lifecycle,r2_bearing_left,Row 2.3: bearing into left stand,ready,7,44,,,,22.022760,,,,,,,,,,,,,,,,Row 3 left gear,,,replace_hover,,"{""acquired_tool_ids"": [20], ""acquisition_complete"": false, ""completed_steps"": [""r1_bearing_right"", ""r1_bearing_left"", ""r2_gear_rod"", ""r2_bearing_right"", ""r1_gear_rod"", ""r1_fasten_first_stand"", ""r1_insert_rod_and_fit_second"", ""r1_fasten_second_stand""], ""head_rotation_deg"": null, ""head_translation_m"": null, ""left_hand_translation_m"": null, ""removed_tool_ids"": [14, 15, 18, 19, 21, 26, 27, 28], ""right_hand_translation_m"": null, ""selected_step"": ""r2_bearing_left"", ""step_attempt"": 7, ""step_elapsed_s"": 22.022779635968618, ""step_event_index"": 44, ""total_hand_translation_m"": null, ""trial_finished_elapsed_s"": null, ""trial_recording"": true, ""trial_required_tool_ids"": [20, 34]}"
2026-09-03T21:32:16.282-04:00,junhyun,gesture,hover,hover,r2_bearing_left,Row 2.3: bearing into left stand,ready,7,45,34,BEARINGS,,,,,,,,,,,,,,,,,,,,,,,"{""acquired_tool_ids"": [20], ""acquisition_complete"": false, ""completed_steps"": [""r1_bearing_right"", ""r1_bearing_left"", ""r2_gear_rod"", ""r2_bearing_right"", ""r1_gear_rod"", ""r1_fasten_first_stand"", ""r1_insert_rod_and_fit_second"", ""r1_fasten_second_stand""], ""head_rotation_deg"": null, ""head_translation_m"": null, ""left_hand_translation_m"": null, ""removed_tool_ids"": [14, 15, 18, 19, 21, 26, 27, 28], ""right_hand_translation_m"": null, ""selected_step"": ""r2_bearing_left"", ""step_attempt"": 7, ""step_elapsed_s"": 22.209652682067826, ""step_event_index"": 45, ""total_hand_translation_m"": null, ""trial_finished_elapsed_s"": null, ""trial_recording"": true, ""trial_required_tool_ids"": [20, 34]}"
2026-09-03T21:32:16.347-04:00,junhyun,gesture,tts_queued,lifecycle,r2_bearing_left,Row 2.3: bearing into left stand,ready,7,46,,,,22.274466,,,,,,,,,,,,,,,,bearing,,,replace_hover,,"{""acquired_tool_ids"": [20], ""acquisition_complete"": false, ""completed_steps"": [""r1_bearing_right"", ""r1_bearing_left"", ""r2_gear_rod"", ""r2_bearing_right"", ""r1_gear_rod"", ""r1_fasten_first_stand"", ""r1_insert_rod_and_fit_second"", ""r1_fasten_second_stand""], ""head_rotation_deg"": null, ""head_translation_m"": null, ""left_hand_translation_m"": null, ""removed_tool_ids"": [14, 15, 18, 19, 21, 26, 27, 28], ""right_hand_translation_m"": null, ""selected_step"": ""r2_bearing_left"", ""step_attempt"": 7, ""step_elapsed_s"": 22.274478656006977, ""step_event_index"": 46, ""total_hand_translation_m"": null, ""trial_finished_elapsed_s"": null, ""trial_recording"": true, ""trial_required_tool_ids"": [20, 34]}"
2026-09-03T21:32:16.706-04:00,junhyun,gesture,tts_started,lifecycle,r2_bearing_left,Row 2.3: bearing into left stand,ready,7,47,,,,22.633213,,,,,,,,,,,,,,,,Row 3 left gear,,,,,"{""acquired_tool_ids"": [20], ""acquisition_complete"": false, ""completed_steps"": [""r1_bearing_right"", ""r1_bearing_left"", ""r2_gear_rod"", ""r2_bearing_right"", ""r1_gear_rod"", ""r1_fasten_first_stand"", ""r1_insert_rod_and_fit_second"", ""r1_fasten_second_stand""], ""head_rotation_deg"": null, ""head_translation_m"": null, ""left_hand_translation_m"": null, ""removed_tool_ids"": [14, 15, 18, 19, 21, 26, 27, 28], ""right_hand_translation_m"": null, ""selected_step"": ""r2_bearing_left"", ""step_attempt"": 7, ""step_elapsed_s"": 22.63322469999548, ""step_event_index"": 47, ""total_hand_translation_m"": null, ""trial_finished_elapsed_s"": null, ""trial_recording"": true, ""trial_required_tool_ids"": [20, 34]}"
2026-09-03T21:32:16.777-04:00,junhyun,gesture,tts_finished,lifecycle,r2_bearing_left,Row 2.3: bearing into left stand,ready,7,48,,,,22.704266,,,,,,,,,,,,,,,,Row 3 left gear,,,,,"{""acquired_tool_ids"": [20], ""acquisition_complete"": false, ""completed_steps"": [""r1_bearing_right"", ""r1_bearing_left"", ""r2_gear_rod"", ""r2_bearing_right"", ""r1_gear_rod"", ""r1_fasten_first_stand"", ""r1_insert_rod_and_fit_second"", ""r1_fasten_second_stand""], ""head_rotation_deg"": null, ""head_translation_m"": null, ""left_hand_translation_m"": null, ""removed_tool_ids"": [14, 15, 18, 19, 21, 26, 27, 28], ""right_hand_translation_m"": null, ""selected_step"": ""r2_bearing_left"", ""step_attempt"": 7, ""step_elapsed_s"": 22.704279812052846, ""step_event_index"": 48, ""total_hand_translation_m"": null, ""trial_finished_elapsed_s"": null, ""trial_recording"": true, ""trial_required_tool_ids"": [20, 34]}"
2026-09-03T21:32:16.940-04:00,junhyun,gesture,tts_started,lifecycle,r2_bearing_left,Row 2.3: bearing into left stand,ready,7,49,,,,22.867710,,,,,,,,,,,,,,,,bearing,,,,,"{""acquired_tool_ids"": [20], ""acquisition_complete"": false, ""completed_steps"": [""r1_bearing_right"", ""r1_bearing_left"", ""r2_gear_rod"", ""r2_bearing_right"", ""r1_gear_rod"", ""r1_fasten_first_stand"", ""r1_insert_rod_and_fit_second"", ""r1_fasten_second_stand""], ""head_rotation_deg"": null, ""head_translation_m"": null, ""left_hand_translation_m"": null, ""removed_tool_ids"": [14, 15, 18, 19, 21, 26, 27, 28], ""right_hand_translation_m"": null, ""selected_step"": ""r2_bearing_left"", ""step_attempt"": 7, ""step_elapsed_s"": 22.867740013054572, ""step_event_index"": 49, ""total_hand_translation_m"": null, ""trial_finished_elapsed_s"": null, ""trial_recording"": true, ""trial_required_tool_ids"": [20, 34]}"
2026-09-03T21:32:17.250-04:00,junhyun,gesture,hover,hover,r2_bearing_left,Row 2.3: bearing into left stand,ready,7,50,34,BEARINGS,,,,,,,,,,,,,,,,,,,,,,,"{""acquired_tool_ids"": [20], ""acquisition_complete"": false, ""completed_steps"": [""r1_bearing_right"", ""r1_bearing_left"", ""r2_gear_rod"", ""r2_bearing_right"", ""r1_gear_rod"", ""r1_fasten_first_stand"", ""r1_insert_rod_and_fit_second"", ""r1_fasten_second_stand""], ""head_rotation_deg"": null, ""head_translation_m"": null, ""left_hand_translation_m"": null, ""removed_tool_ids"": [14, 15, 18, 19, 21, 26, 27, 28], ""right_hand_translation_m"": null, ""selected_step"": ""r2_bearing_left"", ""step_attempt"": 7, ""step_elapsed_s"": 23.178077407064848, ""step_event_index"": 50, ""total_hand_translation_m"": null, ""trial_finished_elapsed_s"": null, ""trial_recording"": true, ""trial_required_tool_ids"": [20, 34]}"
2026-09-03T21:32:17.431-04:00,junhyun,gesture,tts_queued,lifecycle,r2_bearing_left,Row 2.3: bearing into left stand,ready,7,51,,,,23.358990,,,,,,,,,,,,,,,,bearing,,,replace_hover,,"{""acquired_tool_ids"": [20], ""acquisition_complete"": false, ""completed_steps"": [""r1_bearing_right"", ""r1_bearing_left"", ""r2_gear_rod"", ""r2_bearing_right"", ""r1_gear_rod"", ""r1_fasten_first_stand"", ""r1_insert_rod_and_fit_second"", ""r1_fasten_second_stand""], ""head_rotation_deg"": null, ""head_translation_m"": null, ""left_hand_translation_m"": null, ""removed_tool_ids"": [14, 15, 18, 19, 21, 26, 27, 28], ""right_hand_translation_m"": null, ""selected_step"": ""r2_bearing_left"", ""step_attempt"": 7, ""step_elapsed_s"": 23.359001671080478, ""step_event_index"": 51, ""total_hand_translation_m"": null, ""trial_finished_elapsed_s"": null, ""trial_recording"": true, ""trial_required_tool_ids"": [20, 34]}"
2026-09-03T21:32:17.597-04:00,junhyun,gesture,tts_finished,lifecycle,r2_bearing_left,Row 2.3: bearing into left stand,ready,7,52,,,,23.524764,,,,,,,,,,,,,,,,bearing,,,,,"{""acquired_tool_ids"": [20], ""acquisition_complete"": false, ""completed_steps"": [""r1_bearing_right"", ""r1_bearing_left"", ""r2_gear_rod"", ""r2_bearing_right"", ""r1_gear_rod"", ""r1_fasten_first_stand"", ""r1_insert_rod_and_fit_second"", ""r1_fasten_second_stand""], ""head_rotation_deg"": null, ""head_translation_m"": null, ""left_hand_translation_m"": null, ""removed_tool_ids"": [14, 15, 18, 19, 21, 26, 27, 28], ""right_hand_translation_m"": null, ""selected_step"": ""r2_bearing_left"", ""step_attempt"": 7, ""step_elapsed_s"": 23.524777918006293, ""step_event_index"": 52, ""total_hand_translation_m"": null, ""trial_finished_elapsed_s"": null, ""trial_recording"": true, ""trial_required_tool_ids"": [20, 34]}"
2026-09-03T21:32:17.816-04:00,junhyun,gesture,tts_started,lifecycle,r2_bearing_left,Row 2.3: bearing into left stand,ready,7,53,,,,23.743651,,,,,,,,,,,,,,,,bearing,,,,,"{""acquired_tool_ids"": [20], ""acquisition_complete"": false, ""completed_steps"": [""r1_bearing_right"", ""r1_bearing_left"", ""r2_gear_rod"", ""r2_bearing_right"", ""r1_gear_rod"", ""r1_fasten_first_stand"", ""r1_insert_rod_and_fit_second"", ""r1_fasten_second_stand""], ""head_rotation_deg"": null, ""head_translation_m"": null, ""left_hand_translation_m"": null, ""removed_tool_ids"": [14, 15, 18, 19, 21, 26, 27, 28], ""right_hand_translation_m"": null, ""selected_step"": ""r2_bearing_left"", ""step_attempt"": 7, ""step_elapsed_s"": 23.743663441971876, ""step_event_index"": 53, ""total_hand_translation_m"": null, ""trial_finished_elapsed_s"": null, ""trial_recording"": true, ""trial_required_tool_ids"": [20, 34]}"
2026-09-03T21:32:18.274-04:00,junhyun,gesture,tts_finished,lifecycle,r2_bearing_left,Row 2.3: bearing into left stand,ready,7,54,,,,24.201365,,,,,,,,,,,,,,,,bearing,,,,,"{""acquired_tool_ids"": [20], ""acquisition_complete"": false, ""completed_steps"": [""r1_bearing_right"", ""r1_bearing_left"", ""r2_gear_rod"", ""r2_bearing_right"", ""r1_gear_rod"", ""r1_fasten_first_stand"", ""r1_insert_rod_and_fit_second"", ""r1_fasten_second_stand""], ""head_rotation_deg"": null, ""head_translation_m"": null, ""left_hand_translation_m"": null, ""removed_tool_ids"": [14, 15, 18, 19, 21, 26, 27, 28], ""right_hand_translation_m"": null, ""selected_step"": ""r2_bearing_left"", ""step_attempt"": 7, ""step_elapsed_s"": 24.201379894977435, ""step_event_index"": 54, ""total_hand_translation_m"": null, ""trial_finished_elapsed_s"": null, ""trial_recording"": true, ""trial_required_tool_ids"": [20, 34]}"
2026-09-03T21:32:18.488-04:00,junhyun,gesture,part_selection,click,r2_bearing_left,Row 2.3: bearing into left stand,ready,7,55,34,BEARINGS,5.072055,24.415510,,,,,,,,,,,,,,,1,,,,,,"{""acquired_tool_ids"": [20, 34], ""acquisition_complete"": false, ""completed_steps"": [""r1_bearing_right"", ""r1_bearing_left"", ""r2_gear_rod"", ""r2_bearing_right"", ""r1_gear_rod"", ""r1_fasten_first_stand"", ""r1_insert_rod_and_fit_second"", ""r1_fasten_second_stand""], ""head_rotation_deg"": null, ""head_translation_m"": null, ""left_hand_translation_m"": null, ""removed_tool_ids"": [14, 15, 18, 19, 21, 26, 27, 28], ""right_hand_translation_m"": null, ""selected_step"": ""r2_bearing_left"", ""step_attempt"": 7, ""step_elapsed_s"": 24.415550266043283, ""step_event_index"": 55, ""total_hand_translation_m"": null, ""trial_finished_elapsed_s"": null, ""trial_recording"": true, ""trial_required_tool_ids"": [20, 34]}"
2026-09-03T21:32:18.539-04:00,junhyun,gesture,object_acquired,click,r2_bearing_left,Row 2.3: bearing into left stand,ready,7,56,34,BEARINGS,5.072055,24.415510,,,,,,,,,,,,,,,1,,,,,,"{""acquired_tool_ids"": [20, 34], ""acquisition_complete"": false, ""completed_steps"": [""r1_bearing_right"", ""r1_bearing_left"", ""r2_gear_rod"", ""r2_bearing_right"", ""r1_gear_rod"", ""r1_fasten_first_stand"", ""r1_insert_rod_and_fit_second"", ""r1_fasten_second_stand""], ""head_rotation_deg"": null, ""head_translation_m"": null, ""left_hand_translation_m"": null, ""removed_tool_ids"": [14, 15, 18, 19, 21, 26, 27, 28], ""right_hand_translation_m"": null, ""selected_step"": ""r2_bearing_left"", ""step_attempt"": 7, ""step_elapsed_s"": 24.466583501081914, ""step_event_index"": 56, ""total_hand_translation_m"": null, ""trial_finished_elapsed_s"": null, ""trial_recording"": true, ""trial_required_tool_ids"": [20, 34]}"
2026-09-03T21:32:18.591-04:00,junhyun,gesture,step_acquisition_complete,click,r2_bearing_left,Row 2.3: bearing into left stand,ready,7,57,,,,24.517815,2.019448,242.424238,2.706410,3.110366,5.816776,0.000000,11.001470,11.001470,44.463842,0,12,0.000000,0.456090,0.456090,,,,,,,"{""acquired_tool_ids"": [20, 34], ""acquisition_complete"": true, ""any_hover_time_s"": 11.001469615846872, ""completed_steps"": [""r1_bearing_right"", ""r1_bearing_left"", ""r2_gear_rod"", ""r2_bearing_right"", ""r1_gear_rod"", ""r1_fasten_first_stand"", ""r1_insert_rod_and_fit_second"", ""r1_fasten_second_stand""], ""head_rotation_deg"": 242.42423759790492, ""head_translation_m"": 2.019447548428701, ""hover_time_percent"": 44.463841587989144, ""left_hand_translation_m"": 2.7064097072485214, ""left_hover_episodes"": 0, ""left_hover_time_s"": 0.0, ""left_hover_translation_m"": 0.0, ""removed_tool_ids"": [14, 15, 18, 19, 20, 21, 26, 27, 28], ""right_hand_translation_m"": 3.11036586217951, ""right_hover_episodes"": 12, ""right_hover_time_s"": 11.001469615846872, ""right_hover_translation_m"": 0.45609039356359693, ""selected_step"": ""r2_bearing_left"", ""step_attempt"": 7, ""step_elapsed_s"": 24.517814547987655, ""step_event_index"": 57, ""total_hand_translation_m"": 5.816775569428032, ""total_hover_translation_m"": 0.45609039356359693, ""trial_finished_elapsed_s"": 24.517814547987655, ""trial_recording"": false, ""trial_required_tool_ids"": [20, 34]}"
2026-09-03T21:32:18.648-04:00,junhyun,gesture,graph_complete,,r2_bearing_left,Row 2.3: bearing into left stand,complete,7,58,,,,,,,,,,,,,,,,,,,,,,,,,"{""acquired_tool_ids"": [20, 34], ""acquisition_complete"": true, ""any_hover_time_s"": 11.001469615846872, ""completed_steps"": [""r1_bearing_right"", ""r1_bearing_left"", ""r2_gear_rod"", ""r2_bearing_right"", ""r1_gear_rod"", ""r1_fasten_first_stand"", ""r1_insert_rod_and_fit_second"", ""r1_fasten_second_stand"", ""r2_bearing_left""], ""head_rotation_deg"": 242.42423759790492, ""head_translation_m"": 2.019447548428701, ""hover_time_percent"": 44.463841587989144, ""left_hand_translation_m"": 2.7064097072485214, ""left_hover_episodes"": 0, ""left_hover_time_s"": 0.0, ""left_hover_translation_m"": 0.0, ""removed_tool_ids"": [14, 15, 18, 19, 20, 21, 26, 27, 28], ""right_hand_translation_m"": 3.11036586217951, ""right_hover_episodes"": 12, ""right_hover_time_s"": 11.001469615846872, ""right_hover_translation_m"": 0.45609039356359693, ""selected_step"": ""r2_bearing_left"", ""step_attempt"": 7, ""step_elapsed_s"": 24.517814547987655, ""step_event_index"": 58, ""total_hand_translation_m"": 5.816775569428032, ""total_hover_translation_m"": 0.45609039356359693, ""trial_finished_elapsed_s"": 24.517814547987655, ""trial_recording"": false, ""trial_required_tool_ids"": [20, 34]}"
2026-09-03T21:32:30.988-04:00,junhyun,gesture,step_started,keyboard,r2_fasten_first_stand,Row 2.4: fasten right stand,ready,8,1,,,,,,,,,,,,,,,,,,,,,,,,,"{""acquired_tool_ids"": [], ""acquisition_complete"": false, ""completed_steps"": [""r1_bearing_right"", ""r1_bearing_left"", ""r2_gear_rod"", ""r2_bearing_right"", ""r1_gear_rod"", ""r1_fasten_first_stand"", ""r1_insert_rod_and_fit_second"", ""r1_fasten_second_stand"", ""r2_bearing_left""], ""head_rotation_deg"": null, ""head_translation_m"": null, ""left_hand_translation_m"": null, ""removed_tool_ids"": [14, 15, 18, 19, 20, 21, 26, 27, 28], ""right_hand_translation_m"": null, ""selected_step"": ""r2_fasten_first_stand"", ""step_attempt"": 8, ""step_elapsed_s"": 0.001070664031431079, ""step_event_index"": 1, ""total_hand_translation_m"": null, ""trial_finished_elapsed_s"": null, ""trial_recording"": true, ""trial_required_tool_ids"": [7, 35, 37]}"
2026-09-03T21:32:33.699-04:00,junhyun,gesture,hover,hover,r2_fasten_first_stand,Row 2.4: fasten right stand,ready,8,2,35,SCREWS,,,,,,,,,,,,,,,,,,,,,,,"{""acquired_tool_ids"": [], ""acquisition_complete"": false, ""completed_steps"": [""r1_bearing_right"", ""r1_bearing_left"", ""r2_gear_rod"", ""r2_bearing_right"", ""r1_gear_rod"", ""r1_fasten_first_stand"", ""r1_insert_rod_and_fit_second"", ""r1_fasten_second_stand"", ""r2_bearing_left""], ""head_rotation_deg"": null, ""head_translation_m"": null, ""left_hand_translation_m"": null, ""removed_tool_ids"": [14, 15, 18, 19, 20, 21, 26, 27, 28], ""right_hand_translation_m"": null, ""selected_step"": ""r2_fasten_first_stand"", ""step_attempt"": 8, ""step_elapsed_s"": 2.7127976150950417, ""step_event_index"": 2, ""total_hand_translation_m"": null, ""trial_finished_elapsed_s"": null, ""trial_recording"": true, ""trial_required_tool_ids"": [7, 35, 37]}"
2026-09-03T21:32:33.728-04:00,junhyun,gesture,tts_queued,lifecycle,r2_fasten_first_stand,Row 2.4: fasten right stand,ready,8,3,,,,2.741364,,,,,,,,,,,,,,,,screw,,,replace_hover,,"{""acquired_tool_ids"": [], ""acquisition_complete"": false, ""completed_steps"": [""r1_bearing_right"", ""r1_bearing_left"", ""r2_gear_rod"", ""r2_bearing_right"", ""r1_gear_rod"", ""r1_fasten_first_stand"", ""r1_insert_rod_and_fit_second"", ""r1_fasten_second_stand"", ""r2_bearing_left""], ""head_rotation_deg"": null, ""head_translation_m"": null, ""left_hand_translation_m"": null, ""removed_tool_ids"": [14, 15, 18, 19, 20, 21, 26, 27, 28], ""right_hand_translation_m"": null, ""selected_step"": ""r2_fasten_first_stand"", ""step_attempt"": 8, ""step_elapsed_s"": 2.7413800570648164, ""step_event_index"": 3, ""total_hand_translation_m"": null, ""trial_finished_elapsed_s"": null, ""trial_recording"": true, ""trial_required_tool_ids"": [7, 35, 37]}"
2026-09-03T21:32:33.780-04:00,junhyun,gesture,tts_started,lifecycle,r2_fasten_first_stand,Row 2.4: fasten right stand,ready,8,4,,,,2.793578,,,,,,,,,,,,,,,,screw,,,,,"{""acquired_tool_ids"": [], ""acquisition_complete"": false, ""completed_steps"": [""r1_bearing_right"", ""r1_bearing_left"", ""r2_gear_rod"", ""r2_bearing_right"", ""r1_gear_rod"", ""r1_fasten_first_stand"", ""r1_insert_rod_and_fit_second"", ""r1_fasten_second_stand"", ""r2_bearing_left""], ""head_rotation_deg"": null, ""head_translation_m"": null, ""left_hand_translation_m"": null, ""removed_tool_ids"": [14, 15, 18, 19, 20, 21, 26, 27, 28], ""right_hand_translation_m"": null, ""selected_step"": ""r2_fasten_first_stand"", ""step_attempt"": 8, ""step_elapsed_s"": 2.793592049041763, ""step_event_index"": 4, ""total_hand_translation_m"": null, ""trial_finished_elapsed_s"": null, ""trial_recording"": true, ""trial_required_tool_ids"": [7, 35, 37]}"
2026-09-03T21:32:34.053-04:00,junhyun,gesture,hover,hover,r2_fasten_first_stand,Row 2.4: fasten right stand,ready,8,5,29,GEAR_ROW3_LEFT,,,,,,,,,,,,,,,,,,,,,,,"{""acquired_tool_ids"": [], ""acquisition_complete"": false, ""completed_steps"": [""r1_bearing_right"", ""r1_bearing_left"", ""r2_gear_rod"", ""r2_bearing_right"", ""r1_gear_rod"", ""r1_fasten_first_stand"", ""r1_insert_rod_and_fit_second"", ""r1_fasten_second_stand"", ""r2_bearing_left""], ""head_rotation_deg"": null, ""head_translation_m"": null, ""left_hand_translation_m"": null, ""removed_tool_ids"": [14, 15, 18, 19, 20, 21, 26, 27, 28], ""right_hand_translation_m"": null, ""selected_step"": ""r2_fasten_first_stand"", ""step_attempt"": 8, ""step_elapsed_s"": 3.066495934035629, ""step_event_index"": 5, ""total_hand_translation_m"": null, ""trial_finished_elapsed_s"": null, ""trial_recording"": true, ""trial_required_tool_ids"": [7, 35, 37]}"
2026-09-03T21:32:34.090-04:00,junhyun,gesture,tts_queued,lifecycle,r2_fasten_first_stand,Row 2.4: fasten right stand,ready,8,6,,,,3.103894,,,,,,,,,,,,,,,,Row 3 left gear,,,replace_hover,,"{""acquired_tool_ids"": [], ""acquisition_complete"": false, ""completed_steps"": [""r1_bearing_right"", ""r1_bearing_left"", ""r2_gear_rod"", ""r2_bearing_right"", ""r1_gear_rod"", ""r1_fasten_first_stand"", ""r1_insert_rod_and_fit_second"", ""r1_fasten_second_stand"", ""r2_bearing_left""], ""head_rotation_deg"": null, ""head_translation_m"": null, ""left_hand_translation_m"": null, ""removed_tool_ids"": [14, 15, 18, 19, 20, 21, 26, 27, 28], ""right_hand_translation_m"": null, ""selected_step"": ""r2_fasten_first_stand"", ""step_attempt"": 8, ""step_elapsed_s"": 3.103905907017179, ""step_event_index"": 6, ""total_hand_translation_m"": null, ""trial_finished_elapsed_s"": null, ""trial_recording"": true, ""trial_required_tool_ids"": [7, 35, 37]}"
2026-09-03T21:32:34.141-04:00,junhyun,gesture,tts_finished,lifecycle,r2_fasten_first_stand,Row 2.4: fasten right stand,ready,8,7,,,,3.154838,,,,,,,,,,,,,,,,screw,,,,,"{""acquired_tool_ids"": [], ""acquisition_complete"": false, ""completed_steps"": [""r1_bearing_right"", ""r1_bearing_left"", ""r2_gear_rod"", ""r2_bearing_right"", ""r1_gear_rod"", ""r1_fasten_first_stand"", ""r1_insert_rod_and_fit_second"", ""r1_fasten_second_stand"", ""r2_bearing_left""], ""head_rotation_deg"": null, ""head_translation_m"": null, ""left_hand_translation_m"": null, ""removed_tool_ids"": [14, 15, 18, 19, 20, 21, 26, 27, 28], ""right_hand_translation_m"": null, ""selected_step"": ""r2_fasten_first_stand"", ""step_attempt"": 8, ""step_elapsed_s"": 3.154848412028514, ""step_event_index"": 7, ""total_hand_translation_m"": null, ""trial_finished_elapsed_s"": null, ""trial_recording"": true, ""trial_required_tool_ids"": [7, 35, 37]}"
2026-09-03T21:32:34.194-04:00,junhyun,gesture,tts_started,lifecycle,r2_fasten_first_stand,Row 2.4: fasten right stand,ready,8,8,,,,3.207438,,,,,,,,,,,,,,,,Row 3 left gear,,,,,"{""acquired_tool_ids"": [], ""acquisition_complete"": false, ""completed_steps"": [""r1_bearing_right"", ""r1_bearing_left"", ""r2_gear_rod"", ""r2_bearing_right"", ""r1_gear_rod"", ""r1_fasten_first_stand"", ""r1_insert_rod_and_fit_second"", ""r1_fasten_second_stand"", ""r2_bearing_left""], ""head_rotation_deg"": null, ""head_translation_m"": null, ""left_hand_translation_m"": null, ""removed_tool_ids"": [14, 15, 18, 19, 20, 21, 26, 27, 28], ""right_hand_translation_m"": null, ""selected_step"": ""r2_fasten_first_stand"", ""step_attempt"": 8, ""step_elapsed_s"": 3.2074564130743966, ""step_event_index"": 8, ""total_hand_translation_m"": null, ""trial_finished_elapsed_s"": null, ""trial_recording"": true, ""trial_required_tool_ids"": [7, 35, 37]}"
2026-09-03T21:32:34.266-04:00,junhyun,gesture,hover,hover,r2_fasten_first_stand,Row 2.4: fasten right stand,ready,8,9,35,SCREWS,,,,,,,,,,,,,,,,,,,,,,,"{""acquired_tool_ids"": [], ""acquisition_complete"": false, ""completed_steps"": [""r1_bearing_right"", ""r1_bearing_left"", ""r2_gear_rod"", ""r2_bearing_right"", ""r1_gear_rod"", ""r1_fasten_first_stand"", ""r1_insert_rod_and_fit_second"", ""r1_fasten_second_stand"", ""r2_bearing_left""], ""head_rotation_deg"": null, ""head_translation_m"": null, ""left_hand_translation_m"": null, ""removed_tool_ids"": [14, 15, 18, 19, 20, 21, 26, 27, 28], ""right_hand_translation_m"": null, ""selected_step"": ""r2_fasten_first_stand"", ""step_attempt"": 8, ""step_elapsed_s"": 3.2791521690087393, ""step_event_index"": 9, ""total_hand_translation_m"": null, ""trial_finished_elapsed_s"": null, ""trial_recording"": true, ""trial_required_tool_ids"": [7, 35, 37]}"
2026-09-03T21:32:34.293-04:00,junhyun,gesture,tts_queued,lifecycle,r2_fasten_first_stand,Row 2.4: fasten right stand,ready,8,10,,,,3.306327,,,,,,,,,,,,,,,,screw,,,replace_hover,,"{""acquired_tool_ids"": [], ""acquisition_complete"": false, ""completed_steps"": [""r1_bearing_right"", ""r1_bearing_left"", ""r2_gear_rod"", ""r2_bearing_right"", ""r1_gear_rod"", ""r1_fasten_first_stand"", ""r1_insert_rod_and_fit_second"", ""r1_fasten_second_stand"", ""r2_bearing_left""], ""head_rotation_deg"": null, ""head_translation_m"": null, ""left_hand_translation_m"": null, ""removed_tool_ids"": [14, 15, 18, 19, 20, 21, 26, 27, 28], ""right_hand_translation_m"": null, ""selected_step"": ""r2_fasten_first_stand"", ""step_attempt"": 8, ""step_elapsed_s"": 3.3063412790652364, ""step_event_index"": 10, ""total_hand_translation_m"": null, ""trial_finished_elapsed_s"": null, ""trial_recording"": true, ""trial_required_tool_ids"": [7, 35, 37]}"
2026-09-03T21:32:34.371-04:00,junhyun,gesture,tts_finished,lifecycle,r2_fasten_first_stand,Row 2.4: fasten right stand,ready,8,11,,,,3.384687,,,,,,,,,,,,,,,,Row 3 left gear,,,,,"{""acquired_tool_ids"": [], ""acquisition_complete"": false, ""completed_steps"": [""r1_bearing_right"", ""r1_bearing_left"", ""r2_gear_rod"", ""r2_bearing_right"", ""r1_gear_rod"", ""r1_fasten_first_stand"", ""r1_insert_rod_and_fit_second"", ""r1_fasten_second_stand"", ""r2_bearing_left""], ""head_rotation_deg"": null, ""head_translation_m"": null, ""left_hand_translation_m"": null, ""removed_tool_ids"": [14, 15, 18, 19, 20, 21, 26, 27, 28], ""right_hand_translation_m"": null, ""selected_step"": ""r2_fasten_first_stand"", ""step_attempt"": 8, ""step_elapsed_s"": 3.3847035880899057, ""step_event_index"": 11, ""total_hand_translation_m"": null, ""trial_finished_elapsed_s"": null, ""trial_recording"": true, ""trial_required_tool_ids"": [7, 35, 37]}"
2026-09-03T21:32:34.423-04:00,junhyun,gesture,tts_started,lifecycle,r2_fasten_first_stand,Row 2.4: fasten right stand,ready,8,12,,,,3.436590,,,,,,,,,,,,,,,,screw,,,,,"{""acquired_tool_ids"": [], ""acquisition_complete"": false, ""completed_steps"": [""r1_bearing_right"", ""r1_bearing_left"", ""r2_gear_rod"", ""r2_bearing_right"", ""r1_gear_rod"", ""r1_fasten_first_stand"", ""r1_insert_rod_and_fit_second"", ""r1_fasten_second_stand"", ""r2_bearing_left""], ""head_rotation_deg"": null, ""head_translation_m"": null, ""left_hand_translation_m"": null, ""removed_tool_ids"": [14, 15, 18, 19, 20, 21, 26, 27, 28], ""right_hand_translation_m"": null, ""selected_step"": ""r2_fasten_first_stand"", ""step_attempt"": 8, ""step_elapsed_s"": 3.4366008940851316, ""step_event_index"": 12, ""total_hand_translation_m"": null, ""trial_finished_elapsed_s"": null, ""trial_recording"": true, ""trial_required_tool_ids"": [7, 35, 37]}"
2026-09-03T21:32:34.947-04:00,junhyun,gesture,tts_finished,lifecycle,r2_fasten_first_stand,Row 2.4: fasten right stand,ready,8,13,,,,3.960951,,,,,,,,,,,,,,,,screw,,,,,"{""acquired_tool_ids"": [], ""acquisition_complete"": false, ""completed_steps"": [""r1_bearing_right"", ""r1_bearing_left"", ""r2_gear_rod"", ""r2_bearing_right"", ""r1_gear_rod"", ""r1_fasten_first_stand"", ""r1_insert_rod_and_fit_second"", ""r1_fasten_second_stand"", ""r2_bearing_left""], ""head_rotation_deg"": null, ""head_translation_m"": null, ""left_hand_translation_m"": null, ""removed_tool_ids"": [14, 15, 18, 19, 20, 21, 26, 27, 28], ""right_hand_translation_m"": null, ""selected_step"": ""r2_fasten_first_stand"", ""step_attempt"": 8, ""step_elapsed_s"": 3.960962593089789, ""step_event_index"": 13, ""total_hand_translation_m"": null, ""trial_finished_elapsed_s"": null, ""trial_recording"": true, ""trial_required_tool_ids"": [7, 35, 37]}"
2026-09-03T21:32:35.352-04:00,junhyun,gesture,part_selection,click,r2_fasten_first_stand,Row 2.4: fasten right stand,ready,8,14,35,SCREWS,4.365560,4.365560,,,,,,,,,,,,,,,1,,,,,,"{""acquired_tool_ids"": [35], ""acquisition_complete"": false, ""completed_steps"": [""r1_bearing_right"", ""r1_bearing_left"", ""r2_gear_rod"", ""r2_bearing_right"", ""r1_gear_rod"", ""r1_fasten_first_stand"", ""r1_insert_rod_and_fit_second"", ""r1_fasten_second_stand"", ""r2_bearing_left""], ""head_rotation_deg"": null, ""head_translation_m"": null, ""left_hand_translation_m"": null, ""removed_tool_ids"": [14, 15, 18, 19, 20, 21, 26, 27, 28], ""right_hand_translation_m"": null, ""selected_step"": ""r2_fasten_first_stand"", ""step_attempt"": 8, ""step_elapsed_s"": 4.36566492007114, ""step_event_index"": 14, ""total_hand_translation_m"": null, ""trial_finished_elapsed_s"": null, ""trial_recording"": true, ""trial_required_tool_ids"": [7, 35, 37]}"
2026-09-03T21:32:35.388-04:00,junhyun,gesture,object_acquired,click,r2_fasten_first_stand,Row 2.4: fasten right stand,ready,8,15,35,SCREWS,4.365560,4.365560,,,,,,,,,,,,,,,1,,,,,,"{""acquired_tool_ids"": [35], ""acquisition_complete"": false, ""completed_steps"": [""r1_bearing_right"", ""r1_bearing_left"", ""r2_gear_rod"", ""r2_bearing_right"", ""r1_gear_rod"", ""r1_fasten_first_stand"", ""r1_insert_rod_and_fit_second"", ""r1_fasten_second_stand"", ""r2_bearing_left""], ""head_rotation_deg"": null, ""head_translation_m"": null, ""left_hand_translation_m"": null, ""removed_tool_ids"": [14, 15, 18, 19, 20, 21, 26, 27, 28], ""right_hand_translation_m"": null, ""selected_step"": ""r2_fasten_first_stand"", ""step_attempt"": 8, ""step_elapsed_s"": 4.4011563051026314, ""step_event_index"": 15, ""total_hand_translation_m"": null, ""trial_finished_elapsed_s"": null, ""trial_recording"": true, ""trial_required_tool_ids"": [7, 35, 37]}"
2026-09-03T21:32:35.440-04:00,junhyun,gesture,tts_queued,lifecycle,r2_fasten_first_stand,Row 2.4: fasten right stand,ready,8,16,,,,4.453493,,,,,,,,,,,,,,,,2 parts left.,,,replace,,"{""acquired_tool_ids"": [35], ""acquisition_complete"": false, ""completed_steps"": [""r1_bearing_right"", ""r1_bearing_left"", ""r2_gear_rod"", ""r2_bearing_right"", ""r1_gear_rod"", ""r1_fasten_first_stand"", ""r1_insert_rod_and_fit_second"", ""r1_fasten_second_stand"", ""r2_bearing_left""], ""head_rotation_deg"": null, ""head_translation_m"": null, ""left_hand_translation_m"": null, ""removed_tool_ids"": [14, 15, 18, 19, 20, 21, 26, 27, 28], ""right_hand_translation_m"": null, ""selected_step"": ""r2_fasten_first_stand"", ""step_attempt"": 8, ""step_elapsed_s"": 4.453515351051465, ""step_event_index"": 16, ""total_hand_translation_m"": null, ""trial_finished_elapsed_s"": null, ""trial_recording"": true, ""trial_required_tool_ids"": [7, 35, 37]}"
2026-09-03T21:32:35.505-04:00,junhyun,gesture,tts_started,lifecycle,r2_fasten_first_stand,Row 2.4: fasten right stand,ready,8,17,,,,4.518346,,,,,,,,,,,,,,,,2 parts left.,,,,,"{""acquired_tool_ids"": [35], ""acquisition_complete"": false, ""completed_steps"": [""r1_bearing_right"", ""r1_bearing_left"", ""r2_gear_rod"", ""r2_bearing_right"", ""r1_gear_rod"", ""r1_fasten_first_stand"", ""r1_insert_rod_and_fit_second"", ""r1_fasten_second_stand"", ""r2_bearing_left""], ""head_rotation_deg"": null, ""head_translation_m"": null, ""left_hand_translation_m"": null, ""removed_tool_ids"": [14, 15, 18, 19, 20, 21, 26, 27, 28], ""right_hand_translation_m"": null, ""selected_step"": ""r2_fasten_first_stand"", ""step_attempt"": 8, ""step_elapsed_s"": 4.518361737020314, ""step_event_index"": 17, ""total_hand_translation_m"": null, ""trial_finished_elapsed_s"": null, ""trial_recording"": true, ""trial_required_tool_ids"": [7, 35, 37]}"
2026-09-03T21:32:36.672-04:00,junhyun,gesture,tts_finished,lifecycle,r2_fasten_first_stand,Row 2.4: fasten right stand,ready,8,18,,,,5.685444,,,,,,,,,,,,,,,,2 parts left.,,,,,"{""acquired_tool_ids"": [35], ""acquisition_complete"": false, ""completed_steps"": [""r1_bearing_right"", ""r1_bearing_left"", ""r2_gear_rod"", ""r2_bearing_right"", ""r1_gear_rod"", ""r1_fasten_first_stand"", ""r1_insert_rod_and_fit_second"", ""r1_fasten_second_stand"", ""r2_bearing_left""], ""head_rotation_deg"": null, ""head_translation_m"": null, ""left_hand_translation_m"": null, ""removed_tool_ids"": [14, 15, 18, 19, 20, 21, 26, 27, 28], ""right_hand_translation_m"": null, ""selected_step"": ""r2_fasten_first_stand"", ""step_attempt"": 8, ""step_elapsed_s"": 5.6854555630125105, ""step_event_index"": 18, ""total_hand_translation_m"": null, ""trial_finished_elapsed_s"": null, ""trial_recording"": true, ""trial_required_tool_ids"": [7, 35, 37]}"
2026-09-03T21:32:38.090-04:00,junhyun,gesture,hover,hover,r2_fasten_first_stand,Row 2.4: fasten right stand,ready,8,19,7,BIT_SCREWDRIVER,,,,,,,,,,,,,,,,,,,,,,,"{""acquired_tool_ids"": [35], ""acquisition_complete"": false, ""completed_steps"": [""r1_bearing_right"", ""r1_bearing_left"", ""r2_gear_rod"", ""r2_bearing_right"", ""r1_gear_rod"", ""r1_fasten_first_stand"", ""r1_insert_rod_and_fit_second"", ""r1_fasten_second_stand"", ""r2_bearing_left""], ""head_rotation_deg"": null, ""head_translation_m"": null, ""left_hand_translation_m"": null, ""removed_tool_ids"": [14, 15, 18, 19, 20, 21, 26, 27, 28], ""right_hand_translation_m"": null, ""selected_step"": ""r2_fasten_first_stand"", ""step_attempt"": 8, ""step_elapsed_s"": 7.104026182089001, ""step_event_index"": 19, ""total_hand_translation_m"": null, ""trial_finished_elapsed_s"": null, ""trial_recording"": true, ""trial_required_tool_ids"": [7, 35, 37]}"
2026-09-03T21:32:38.178-04:00,junhyun,gesture,tts_queued,lifecycle,r2_fasten_first_stand,Row 2.4: fasten right stand,ready,8,20,,,,7.191140,,,,,,,,,,,,,,,,interchangeable-bit screwdriver,,,replace_hover,,"{""acquired_tool_ids"": [35], ""acquisition_complete"": false, ""completed_steps"": [""r1_bearing_right"", ""r1_bearing_left"", ""r2_gear_rod"", ""r2_bearing_right"", ""r1_gear_rod"", ""r1_fasten_first_stand"", ""r1_insert_rod_and_fit_second"", ""r1_fasten_second_stand"", ""r2_bearing_left""], ""head_rotation_deg"": null, ""head_translation_m"": null, ""left_hand_translation_m"": null, ""removed_tool_ids"": [14, 15, 18, 19, 20, 21, 26, 27, 28], ""right_hand_translation_m"": null, ""selected_step"": ""r2_fasten_first_stand"", ""step_attempt"": 8, ""step_elapsed_s"": 7.191152094048448, ""step_event_index"": 20, ""total_hand_translation_m"": null, ""trial_finished_elapsed_s"": null, ""trial_recording"": true, ""trial_required_tool_ids"": [7, 35, 37]}"
2026-09-03T21:32:38.332-04:00,junhyun,gesture,tts_started,lifecycle,r2_fasten_first_stand,Row 2.4: fasten right stand,ready,8,21,,,,7.345991,,,,,,,,,,,,,,,,interchangeable-bit screwdriver,,,,,"{""acquired_tool_ids"": [35], ""acquisition_complete"": false, ""completed_steps"": [""r1_bearing_right"", ""r1_bearing_left"", ""r2_gear_rod"", ""r2_bearing_right"", ""r1_gear_rod"", ""r1_fasten_first_stand"", ""r1_insert_rod_and_fit_second"", ""r1_fasten_second_stand"", ""r2_bearing_left""], ""head_rotation_deg"": null, ""head_translation_m"": null, ""left_hand_translation_m"": null, ""removed_tool_ids"": [14, 15, 18, 19, 20, 21, 26, 27, 28], ""right_hand_translation_m"": null, ""selected_step"": ""r2_fasten_first_stand"", ""step_attempt"": 8, ""step_elapsed_s"": 7.3460044340463355, ""step_event_index"": 21, ""total_hand_translation_m"": null, ""trial_finished_elapsed_s"": null, ""trial_recording"": true, ""trial_required_tool_ids"": [7, 35, 37]}"
2026-09-03T21:32:38.497-04:00,junhyun,gesture,hover,hover,r2_fasten_first_stand,Row 2.4: fasten right stand,ready,8,22,8,BOX_CUTTER,,,,,,,,,,,,,,,,,,,,,,,"{""acquired_tool_ids"": [35], ""acquisition_complete"": false, ""completed_steps"": [""r1_bearing_right"", ""r1_bearing_left"", ""r2_gear_rod"", ""r2_bearing_right"", ""r1_gear_rod"", ""r1_fasten_first_stand"", ""r1_insert_rod_and_fit_second"", ""r1_fasten_second_stand"", ""r2_bearing_left""], ""head_rotation_deg"": null, ""head_translation_m"": null, ""left_hand_translation_m"": null, ""removed_tool_ids"": [14, 15, 18, 19, 20, 21, 26, 27, 28], ""right_hand_translation_m"": null, ""selected_step"": ""r2_fasten_first_stand"", ""step_attempt"": 8, ""step_elapsed_s"": 7.510262787109241, ""step_event_index"": 22, ""total_hand_translation_m"": null, ""trial_finished_elapsed_s"": null, ""trial_recording"": true, ""trial_required_tool_ids"": [7, 35, 37]}"
2026-09-03T21:32:38.605-04:00,junhyun,gesture,tts_queued,lifecycle,r2_fasten_first_stand,Row 2.4: fasten right stand,ready,8,23,,,,7.618582,,,,,,,,,,,,,,,,part,,,replace_hover,,"{""acquired_tool_ids"": [35], ""acquisition_complete"": false, ""completed_steps"": [""r1_bearing_right"", ""r1_bearing_left"", ""r2_gear_rod"", ""r2_bearing_right"", ""r1_gear_rod"", ""r1_fasten_first_stand"", ""r1_insert_rod_and_fit_second"", ""r1_fasten_second_stand"", ""r2_bearing_left""], ""head_rotation_deg"": null, ""head_translation_m"": null, ""left_hand_translation_m"": null, ""removed_tool_ids"": [14, 15, 18, 19, 20, 21, 26, 27, 28], ""right_hand_translation_m"": null, ""selected_step"": ""r2_fasten_first_stand"", ""step_attempt"": 8, ""step_elapsed_s"": 7.618594493018463, ""step_event_index"": 23, ""total_hand_translation_m"": null, ""trial_finished_elapsed_s"": null, ""trial_recording"": true, ""trial_required_tool_ids"": [7, 35, 37]}"
2026-09-03T21:32:39.024-04:00,junhyun,gesture,tts_finished,lifecycle,r2_fasten_first_stand,Row 2.4: fasten right stand,ready,8,24,,,,8.037095,,,,,,,,,,,,,,,,interchangeable-bit screwdriver,,,,,"{""acquired_tool_ids"": [35], ""acquisition_complete"": false, ""completed_steps"": [""r1_bearing_right"", ""r1_bearing_left"", ""r2_gear_rod"", ""r2_bearing_right"", ""r1_gear_rod"", ""r1_fasten_first_stand"", ""r1_insert_rod_and_fit_second"", ""r1_fasten_second_stand"", ""r2_bearing_left""], ""head_rotation_deg"": null, ""head_translation_m"": null, ""left_hand_translation_m"": null, ""removed_tool_ids"": [14, 15, 18, 19, 20, 21, 26, 27, 28], ""right_hand_translation_m"": null, ""selected_step"": ""r2_fasten_first_stand"", ""step_attempt"": 8, ""step_elapsed_s"": 8.037109669065103, ""step_event_index"": 24, ""total_hand_translation_m"": null, ""trial_finished_elapsed_s"": null, ""trial_recording"": true, ""trial_required_tool_ids"": [7, 35, 37]}"
2026-09-03T21:32:39.171-04:00,junhyun,gesture,tts_started,lifecycle,r2_fasten_first_stand,Row 2.4: fasten right stand,ready,8,25,,,,8.184253,,,,,,,,,,,,,,,,part,,,,,"{""acquired_tool_ids"": [35], ""acquisition_complete"": false, ""completed_steps"": [""r1_bearing_right"", ""r1_bearing_left"", ""r2_gear_rod"", ""r2_bearing_right"", ""r1_gear_rod"", ""r1_fasten_first_stand"", ""r1_insert_rod_and_fit_second"", ""r1_fasten_second_stand"", ""r2_bearing_left""], ""head_rotation_deg"": null, ""head_translation_m"": null, ""left_hand_translation_m"": null, ""removed_tool_ids"": [14, 15, 18, 19, 20, 21, 26, 27, 28], ""right_hand_translation_m"": null, ""selected_step"": ""r2_fasten_first_stand"", ""step_attempt"": 8, ""step_elapsed_s"": 8.184266054071486, ""step_event_index"": 25, ""total_hand_translation_m"": null, ""trial_finished_elapsed_s"": null, ""trial_recording"": true, ""trial_required_tool_ids"": [7, 35, 37]}"
2026-09-03T21:32:39.528-04:00,junhyun,gesture,tts_finished,lifecycle,r2_fasten_first_stand,Row 2.4: fasten right stand,ready,8,26,,,,8.541393,,,,,,,,,,,,,,,,part,,,,,"{""acquired_tool_ids"": [35], ""acquisition_complete"": false, ""completed_steps"": [""r1_bearing_right"", ""r1_bearing_left"", ""r2_gear_rod"", ""r2_bearing_right"", ""r1_gear_rod"", ""r1_fasten_first_stand"", ""r1_insert_rod_and_fit_second"", ""r1_fasten_second_stand"", ""r2_bearing_left""], ""head_rotation_deg"": null, ""head_translation_m"": null, ""left_hand_translation_m"": null, ""removed_tool_ids"": [14, 15, 18, 19, 20, 21, 26, 27, 28], ""right_hand_translation_m"": null, ""selected_step"": ""r2_fasten_first_stand"", ""step_attempt"": 8, ""step_elapsed_s"": 8.54140314401593, ""step_event_index"": 26, ""total_hand_translation_m"": null, ""trial_finished_elapsed_s"": null, ""trial_recording"": true, ""trial_required_tool_ids"": [7, 35, 37]}"
2026-09-03T21:32:39.861-04:00,junhyun,gesture,hover,hover,r2_fasten_first_stand,Row 2.4: fasten right stand,ready,8,27,7,BIT_SCREWDRIVER,,,,,,,,,,,,,,,,,,,,,,,"{""acquired_tool_ids"": [35], ""acquisition_complete"": false, ""completed_steps"": [""r1_bearing_right"", ""r1_bearing_left"", ""r2_gear_rod"", ""r2_bearing_right"", ""r1_gear_rod"", ""r1_fasten_first_stand"", ""r1_insert_rod_and_fit_second"", ""r1_fasten_second_stand"", ""r2_bearing_left""], ""head_rotation_deg"": null, ""head_translation_m"": null, ""left_hand_translation_m"": null, ""removed_tool_ids"": [14, 15, 18, 19, 20, 21, 26, 27, 28], ""right_hand_translation_m"": null, ""selected_step"": ""r2_fasten_first_stand"", ""step_attempt"": 8, ""step_elapsed_s"": 8.874362027039751, ""step_event_index"": 27, ""total_hand_translation_m"": null, ""trial_finished_elapsed_s"": null, ""trial_recording"": true, ""trial_required_tool_ids"": [7, 35, 37]}"
2026-09-03T21:32:40.148-04:00,junhyun,gesture,tts_queued,lifecycle,r2_fasten_first_stand,Row 2.4: fasten right stand,ready,8,28,,,,9.161672,,,,,,,,,,,,,,,,interchangeable-bit screwdriver,,,replace_hover,,"{""acquired_tool_ids"": [35], ""acquisition_complete"": false, ""completed_steps"": [""r1_bearing_right"", ""r1_bearing_left"", ""r2_gear_rod"", ""r2_bearing_right"", ""r1_gear_rod"", ""r1_fasten_first_stand"", ""r1_insert_rod_and_fit_second"", ""r1_fasten_second_stand"", ""r2_bearing_left""], ""head_rotation_deg"": null, ""head_translation_m"": null, ""left_hand_translation_m"": null, ""removed_tool_ids"": [14, 15, 18, 19, 20, 21, 26, 27, 28], ""right_hand_translation_m"": null, ""selected_step"": ""r2_fasten_first_stand"", ""step_attempt"": 8, ""step_elapsed_s"": 9.16168362100143, ""step_event_index"": 28, ""total_hand_translation_m"": null, ""trial_finished_elapsed_s"": null, ""trial_recording"": true, ""trial_required_tool_ids"": [7, 35, 37]}"
2026-09-03T21:32:40.499-04:00,junhyun,gesture,tts_started,lifecycle,r2_fasten_first_stand,Row 2.4: fasten right stand,ready,8,29,,,,9.512724,,,,,,,,,,,,,,,,interchangeable-bit screwdriver,,,,,"{""acquired_tool_ids"": [35], ""acquisition_complete"": false, ""completed_steps"": [""r1_bearing_right"", ""r1_bearing_left"", ""r2_gear_rod"", ""r2_bearing_right"", ""r1_gear_rod"", ""r1_fasten_first_stand"", ""r1_insert_rod_and_fit_second"", ""r1_fasten_second_stand"", ""r2_bearing_left""], ""head_rotation_deg"": null, ""head_translation_m"": null, ""left_hand_translation_m"": null, ""removed_tool_ids"": [14, 15, 18, 19, 20, 21, 26, 27, 28], ""right_hand_translation_m"": null, ""selected_step"": ""r2_fasten_first_stand"", ""step_attempt"": 8, ""step_elapsed_s"": 9.512733761104755, ""step_event_index"": 29, ""total_hand_translation_m"": null, ""trial_finished_elapsed_s"": null, ""trial_recording"": true, ""trial_required_tool_ids"": [7, 35, 37]}"
2026-09-03T21:32:42.314-04:00,junhyun,gesture,tts_finished,lifecycle,r2_fasten_first_stand,Row 2.4: fasten right stand,ready,8,30,,,,11.327505,,,,,,,,,,,,,,,,interchangeable-bit screwdriver,,,,,"{""acquired_tool_ids"": [35], ""acquisition_complete"": false, ""completed_steps"": [""r1_bearing_right"", ""r1_bearing_left"", ""r2_gear_rod"", ""r2_bearing_right"", ""r1_gear_rod"", ""r1_fasten_first_stand"", ""r1_insert_rod_and_fit_second"", ""r1_fasten_second_stand"", ""r2_bearing_left""], ""head_rotation_deg"": null, ""head_translation_m"": null, ""left_hand_translation_m"": null, ""removed_tool_ids"": [14, 15, 18, 19, 20, 21, 26, 27, 28], ""right_hand_translation_m"": null, ""selected_step"": ""r2_fasten_first_stand"", ""step_attempt"": 8, ""step_elapsed_s"": 11.32752138003707, ""step_event_index"": 30, ""total_hand_translation_m"": null, ""trial_finished_elapsed_s"": null, ""trial_recording"": true, ""trial_required_tool_ids"": [7, 35, 37]}"
2026-09-03T21:32:45.415-04:00,junhyun,gesture,hover,hover,r2_fasten_first_stand,Row 2.4: fasten right stand,ready,8,31,8,BOX_CUTTER,,,,,,,,,,,,,,,,,,,,,,,"{""acquired_tool_ids"": [35], ""acquisition_complete"": false, ""completed_steps"": [""r1_bearing_right"", ""r1_bearing_left"", ""r2_gear_rod"", ""r2_bearing_right"", ""r1_gear_rod"", ""r1_fasten_first_stand"", ""r1_insert_rod_and_fit_second"", ""r1_fasten_second_stand"", ""r2_bearing_left""], ""head_rotation_deg"": null, ""head_translation_m"": null, ""left_hand_translation_m"": null, ""removed_tool_ids"": [14, 15, 18, 19, 20, 21, 26, 27, 28], ""right_hand_translation_m"": null, ""selected_step"": ""r2_fasten_first_stand"", ""step_attempt"": 8, ""step_elapsed_s"": 14.428276002057828, ""step_event_index"": 31, ""total_hand_translation_m"": null, ""trial_finished_elapsed_s"": null, ""trial_recording"": true, ""trial_required_tool_ids"": [7, 35, 37]}"
2026-09-03T21:32:45.542-04:00,junhyun,gesture,tts_queued,lifecycle,r2_fasten_first_stand,Row 2.4: fasten right stand,ready,8,32,,,,14.555593,,,,,,,,,,,,,,,,part,,,replace_hover,,"{""acquired_tool_ids"": [35], ""acquisition_complete"": false, ""completed_steps"": [""r1_bearing_right"", ""r1_bearing_left"", ""r2_gear_rod"", ""r2_bearing_right"", ""r1_gear_rod"", ""r1_fasten_first_stand"", ""r1_insert_rod_and_fit_second"", ""r1_fasten_second_stand"", ""r2_bearing_left""], ""head_rotation_deg"": null, ""head_translation_m"": null, ""left_hand_translation_m"": null, ""removed_tool_ids"": [14, 15, 18, 19, 20, 21, 26, 27, 28], ""right_hand_translation_m"": null, ""selected_step"": ""r2_fasten_first_stand"", ""step_attempt"": 8, ""step_elapsed_s"": 14.555605596047826, ""step_event_index"": 32, ""total_hand_translation_m"": null, ""trial_finished_elapsed_s"": null, ""trial_recording"": true, ""trial_required_tool_ids"": [7, 35, 37]}"
2026-09-03T21:32:45.601-04:00,junhyun,gesture,tts_started,lifecycle,r2_fasten_first_stand,Row 2.4: fasten right stand,ready,8,33,,,,14.614147,,,,,,,,,,,,,,,,part,,,,,"{""acquired_tool_ids"": [35], ""acquisition_complete"": false, ""completed_steps"": [""r1_bearing_right"", ""r1_bearing_left"", ""r2_gear_rod"", ""r2_bearing_right"", ""r1_gear_rod"", ""r1_fasten_first_stand"", ""r1_insert_rod_and_fit_second"", ""r1_fasten_second_stand"", ""r2_bearing_left""], ""head_rotation_deg"": null, ""head_translation_m"": null, ""left_hand_translation_m"": null, ""removed_tool_ids"": [14, 15, 18, 19, 20, 21, 26, 27, 28], ""right_hand_translation_m"": null, ""selected_step"": ""r2_fasten_first_stand"", ""step_attempt"": 8, ""step_elapsed_s"": 14.61416087206453, ""step_event_index"": 33, ""total_hand_translation_m"": null, ""trial_finished_elapsed_s"": null, ""trial_recording"": true, ""trial_required_tool_ids"": [7, 35, 37]}"
2026-09-03T21:32:45.705-04:00,junhyun,gesture,hover,hover,r2_fasten_first_stand,Row 2.4: fasten right stand,ready,8,34,9,BIT_WRENCH,,,,,,,,,,,,,,,,,,,,,,,"{""acquired_tool_ids"": [35], ""acquisition_complete"": false, ""completed_steps"": [""r1_bearing_right"", ""r1_bearing_left"", ""r2_gear_rod"", ""r2_bearing_right"", ""r1_gear_rod"", ""r1_fasten_first_stand"", ""r1_insert_rod_and_fit_second"", ""r1_fasten_second_stand"", ""r2_bearing_left""], ""head_rotation_deg"": null, ""head_translation_m"": null, ""left_hand_translation_m"": null, ""removed_tool_ids"": [14, 15, 18, 19, 20, 21, 26, 27, 28], ""right_hand_translation_m"": null, ""selected_step"": ""r2_fasten_first_stand"", ""step_attempt"": 8, ""step_elapsed_s"": 14.718703251099214, ""step_event_index"": 34, ""total_hand_translation_m"": null, ""trial_finished_elapsed_s"": null, ""trial_recording"": true, ""trial_required_tool_ids"": [7, 35, 37]}"
2026-09-03T21:32:45.840-04:00,junhyun,gesture,tts_queued,lifecycle,r2_fasten_first_stand,Row 2.4: fasten right stand,ready,8,35,,,,14.853916,,,,,,,,,,,,,,,,interchangeable-bit wrench,,,replace_hover,,"{""acquired_tool_ids"": [35], ""acquisition_complete"": false, ""completed_steps"": [""r1_bearing_right"", ""r1_bearing_left"", ""r2_gear_rod"", ""r2_bearing_right"", ""r1_gear_rod"", ""r1_fasten_first_stand"", ""r1_insert_rod_and_fit_second"", ""r1_fasten_second_stand"", ""r2_bearing_left""], ""head_rotation_deg"": null, ""head_translation_m"": null, ""left_hand_translation_m"": null, ""removed_tool_ids"": [14, 15, 18, 19, 20, 21, 26, 27, 28], ""right_hand_translation_m"": null, ""selected_step"": ""r2_fasten_first_stand"", ""step_attempt"": 8, ""step_elapsed_s"": 14.853932049009018, ""step_event_index"": 35, ""total_hand_translation_m"": null, ""trial_finished_elapsed_s"": null, ""trial_recording"": true, ""trial_required_tool_ids"": [7, 35, 37]}"
2026-09-03T21:32:46.102-04:00,junhyun,gesture,hover,hover,r2_fasten_first_stand,Row 2.4: fasten right stand,ready,8,36,6,THREAD_CHECKER,,,,,,,,,,,,,,,,,,,,,,,"{""acquired_tool_ids"": [35], ""acquisition_complete"": false, ""completed_steps"": [""r1_bearing_right"", ""r1_bearing_left"", ""r2_gear_rod"", ""r2_bearing_right"", ""r1_gear_rod"", ""r1_fasten_first_stand"", ""r1_insert_rod_and_fit_second"", ""r1_fasten_second_stand"", ""r2_bearing_left""], ""head_rotation_deg"": null, ""head_translation_m"": null, ""left_hand_translation_m"": null, ""removed_tool_ids"": [14, 15, 18, 19, 20, 21, 26, 27, 28], ""right_hand_translation_m"": null, ""selected_step"": ""r2_fasten_first_stand"", ""step_attempt"": 8, ""step_elapsed_s"": 15.115181187051348, ""step_event_index"": 36, ""total_hand_translation_m"": null, ""trial_finished_elapsed_s"": null, ""trial_recording"": true, ""trial_required_tool_ids"": [7, 35, 37]}"
2026-09-03T21:32:46.146-04:00,junhyun,gesture,tts_queued,lifecycle,r2_fasten_first_stand,Row 2.4: fasten right stand,ready,8,37,,,,15.159583,,,,,,,,,,,,,,,,part,,,replace_hover,,"{""acquired_tool_ids"": [35], ""acquisition_complete"": false, ""completed_steps"": [""r1_bearing_right"", ""r1_bearing_left"", ""r2_gear_rod"", ""r2_bearing_right"", ""r1_gear_rod"", ""r1_fasten_first_stand"", ""r1_insert_rod_and_fit_second"", ""r1_fasten_second_stand"", ""r2_bearing_left""], ""head_rotation_deg"": null, ""head_translation_m"": null, ""left_hand_translation_m"": null, ""removed_tool_ids"": [14, 15, 18, 19, 20, 21, 26, 27, 28], ""right_hand_translation_m"": null, ""selected_step"": ""r2_fasten_first_stand"", ""step_attempt"": 8, ""step_elapsed_s"": 15.159596333047375, ""step_event_index"": 37, ""total_hand_translation_m"": null, ""trial_finished_elapsed_s"": null, ""trial_recording"": true, ""trial_required_tool_ids"": [7, 35, 37]}"
2026-09-03T21:32:46.272-04:00,junhyun,gesture,tts_finished,lifecycle,r2_fasten_first_stand,Row 2.4: fasten right stand,ready,8,38,,,,15.285297,,,,,,,,,,,,,,,,part,,,,,"{""acquired_tool_ids"": [35], ""acquisition_complete"": false, ""completed_steps"": [""r1_bearing_right"", ""r1_bearing_left"", ""r2_gear_rod"", ""r2_bearing_right"", ""r1_gear_rod"", ""r1_fasten_first_stand"", ""r1_insert_rod_and_fit_second"", ""r1_fasten_second_stand"", ""r2_bearing_left""], ""head_rotation_deg"": null, ""head_translation_m"": null, ""left_hand_translation_m"": null, ""removed_tool_ids"": [14, 15, 18, 19, 20, 21, 26, 27, 28], ""right_hand_translation_m"": null, ""selected_step"": ""r2_fasten_first_stand"", ""step_attempt"": 8, ""step_elapsed_s"": 15.285309299011715, ""step_event_index"": 38, ""total_hand_translation_m"": null, ""trial_finished_elapsed_s"": null, ""trial_recording"": true, ""trial_required_tool_ids"": [7, 35, 37]}"
2026-09-03T21:32:46.339-04:00,junhyun,gesture,tts_started,lifecycle,r2_fasten_first_stand,Row 2.4: fasten right stand,ready,8,39,,,,15.352148,,,,,,,,,,,,,,,,interchangeable-bit wrench,,,,,"{""acquired_tool_ids"": [35], ""acquisition_complete"": false, ""completed_steps"": [""r1_bearing_right"", ""r1_bearing_left"", ""r2_gear_rod"", ""r2_bearing_right"", ""r1_gear_rod"", ""r1_fasten_first_stand"", ""r1_insert_rod_and_fit_second"", ""r1_fasten_second_stand"", ""r2_bearing_left""], ""head_rotation_deg"": null, ""head_translation_m"": null, ""left_hand_translation_m"": null, ""removed_tool_ids"": [14, 15, 18, 19, 20, 21, 26, 27, 28], ""right_hand_translation_m"": null, ""selected_step"": ""r2_fasten_first_stand"", ""step_attempt"": 8, ""step_elapsed_s"": 15.35216264007613, ""step_event_index"": 39, ""total_hand_translation_m"": null, ""trial_finished_elapsed_s"": null, ""trial_recording"": true, ""trial_required_tool_ids"": [7, 35, 37]}"
2026-09-03T21:32:46.403-04:00,junhyun,gesture,tts_finished,lifecycle,r2_fasten_first_stand,Row 2.4: fasten right stand,ready,8,40,,,,15.416698,,,,,,,,,,,,,,,,interchangeable-bit wrench,,,,,"{""acquired_tool_ids"": [35], ""acquisition_complete"": false, ""completed_steps"": [""r1_bearing_right"", ""r1_bearing_left"", ""r2_gear_rod"", ""r2_bearing_right"", ""r1_gear_rod"", ""r1_fasten_first_stand"", ""r1_insert_rod_and_fit_second"", ""r1_fasten_second_stand"", ""r2_bearing_left""], ""head_rotation_deg"": null, ""head_translation_m"": null, ""left_hand_translation_m"": null, ""removed_tool_ids"": [14, 15, 18, 19, 20, 21, 26, 27, 28], ""right_hand_translation_m"": null, ""selected_step"": ""r2_fasten_first_stand"", ""step_attempt"": 8, ""step_elapsed_s"": 15.416713326005265, ""step_event_index"": 40, ""total_hand_translation_m"": null, ""trial_finished_elapsed_s"": null, ""trial_recording"": true, ""trial_required_tool_ids"": [7, 35, 37]}"
2026-09-03T21:32:46.466-04:00,junhyun,gesture,tts_started,lifecycle,r2_fasten_first_stand,Row 2.4: fasten right stand,ready,8,41,,,,15.479573,,,,,,,,,,,,,,,,part,,,,,"{""acquired_tool_ids"": [35], ""acquisition_complete"": false, ""completed_steps"": [""r1_bearing_right"", ""r1_bearing_left"", ""r2_gear_rod"", ""r2_bearing_right"", ""r1_gear_rod"", ""r1_fasten_first_stand"", ""r1_insert_rod_and_fit_second"", ""r1_fasten_second_stand"", ""r2_bearing_left""], ""head_rotation_deg"": null, ""head_translation_m"": null, ""left_hand_translation_m"": null, ""removed_tool_ids"": [14, 15, 18, 19, 20, 21, 26, 27, 28], ""right_hand_translation_m"": null, ""selected_step"": ""r2_fasten_first_stand"", ""step_attempt"": 8, ""step_elapsed_s"": 15.479581188061275, ""step_event_index"": 41, ""total_hand_translation_m"": null, ""trial_finished_elapsed_s"": null, ""trial_recording"": true, ""trial_required_tool_ids"": [7, 35, 37]}"
2026-09-03T21:32:46.677-04:00,junhyun,gesture,tts_finished,lifecycle,r2_fasten_first_stand,Row 2.4: fasten right stand,ready,8,42,,,,15.690319,,,,,,,,,,,,,,,,part,,,,,"{""acquired_tool_ids"": [35], ""acquisition_complete"": false, ""completed_steps"": [""r1_bearing_right"", ""r1_bearing_left"", ""r2_gear_rod"", ""r2_bearing_right"", ""r1_gear_rod"", ""r1_fasten_first_stand"", ""r1_insert_rod_and_fit_second"", ""r1_fasten_second_stand"", ""r2_bearing_left""], ""head_rotation_deg"": null, ""head_translation_m"": null, ""left_hand_translation_m"": null, ""removed_tool_ids"": [14, 15, 18, 19, 20, 21, 26, 27, 28], ""right_hand_translation_m"": null, ""selected_step"": ""r2_fasten_first_stand"", ""step_attempt"": 8, ""step_elapsed_s"": 15.690333924023435, ""step_event_index"": 42, ""total_hand_translation_m"": null, ""trial_finished_elapsed_s"": null, ""trial_recording"": true, ""trial_required_tool_ids"": [7, 35, 37]}"
2026-09-03T21:32:47.065-04:00,junhyun,gesture,hover,hover,r2_fasten_first_stand,Row 2.4: fasten right stand,ready,8,43,9,BIT_WRENCH,,,,,,,,,,,,,,,,,,,,,,,"{""acquired_tool_ids"": [35], ""acquisition_complete"": false, ""completed_steps"": [""r1_bearing_right"", ""r1_bearing_left"", ""r2_gear_rod"", ""r2_bearing_right"", ""r1_gear_rod"", ""r1_fasten_first_stand"", ""r1_insert_rod_and_fit_second"", ""r1_fasten_second_stand"", ""r2_bearing_left""], ""head_rotation_deg"": null, ""head_translation_m"": null, ""left_hand_translation_m"": null, ""removed_tool_ids"": [14, 15, 18, 19, 20, 21, 26, 27, 28], ""right_hand_translation_m"": null, ""selected_step"": ""r2_fasten_first_stand"", ""step_attempt"": 8, ""step_elapsed_s"": 16.07884475402534, ""step_event_index"": 43, ""total_hand_translation_m"": null, ""trial_finished_elapsed_s"": null, ""trial_recording"": true, ""trial_required_tool_ids"": [7, 35, 37]}"
2026-09-03T21:32:47.141-04:00,junhyun,gesture,tts_queued,lifecycle,r2_fasten_first_stand,Row 2.4: fasten right stand,ready,8,44,,,,16.154851,,,,,,,,,,,,,,,,interchangeable-bit wrench,,,replace_hover,,"{""acquired_tool_ids"": [35], ""acquisition_complete"": false, ""completed_steps"": [""r1_bearing_right"", ""r1_bearing_left"", ""r2_gear_rod"", ""r2_bearing_right"", ""r1_gear_rod"", ""r1_fasten_first_stand"", ""r1_insert_rod_and_fit_second"", ""r1_fasten_second_stand"", ""r2_bearing_left""], ""head_rotation_deg"": null, ""head_translation_m"": null, ""left_hand_translation_m"": null, ""removed_tool_ids"": [14, 15, 18, 19, 20, 21, 26, 27, 28], ""right_hand_translation_m"": null, ""selected_step"": ""r2_fasten_first_stand"", ""step_attempt"": 8, ""step_elapsed_s"": 16.154877942055464, ""step_event_index"": 44, ""total_hand_translation_m"": null, ""trial_finished_elapsed_s"": null, ""trial_recording"": true, ""trial_required_tool_ids"": [7, 35, 37]}"
2026-09-03T21:32:47.214-04:00,junhyun,gesture,tts_started,lifecycle,r2_fasten_first_stand,Row 2.4: fasten right stand,ready,8,45,,,,16.227968,,,,,,,,,,,,,,,,interchangeable-bit wrench,,,,,"{""acquired_tool_ids"": [35], ""acquisition_complete"": false, ""completed_steps"": [""r1_bearing_right"", ""r1_bearing_left"", ""r2_gear_rod"", ""r2_bearing_right"", ""r1_gear_rod"", ""r1_fasten_first_stand"", ""r1_insert_rod_and_fit_second"", ""r1_fasten_second_stand"", ""r2_bearing_left""], ""head_rotation_deg"": null, ""head_translation_m"": null, ""left_hand_translation_m"": null, ""removed_tool_ids"": [14, 15, 18, 19, 20, 21, 26, 27, 28], ""right_hand_translation_m"": null, ""selected_step"": ""r2_fasten_first_stand"", ""step_attempt"": 8, ""step_elapsed_s"": 16.227982524083927, ""step_event_index"": 45, ""total_hand_translation_m"": null, ""trial_finished_elapsed_s"": null, ""trial_recording"": true, ""trial_required_tool_ids"": [7, 35, 37]}"
2026-09-03T21:32:48.928-04:00,junhyun,gesture,tts_finished,lifecycle,r2_fasten_first_stand,Row 2.4: fasten right stand,ready,8,46,,,,17.941955,,,,,,,,,,,,,,,,interchangeable-bit wrench,,,,,"{""acquired_tool_ids"": [35], ""acquisition_complete"": false, ""completed_steps"": [""r1_bearing_right"", ""r1_bearing_left"", ""r2_gear_rod"", ""r2_bearing_right"", ""r1_gear_rod"", ""r1_fasten_first_stand"", ""r1_insert_rod_and_fit_second"", ""r1_fasten_second_stand"", ""r2_bearing_left""], ""head_rotation_deg"": null, ""head_translation_m"": null, ""left_hand_translation_m"": null, ""removed_tool_ids"": [14, 15, 18, 19, 20, 21, 26, 27, 28], ""right_hand_translation_m"": null, ""selected_step"": ""r2_fasten_first_stand"", ""step_attempt"": 8, ""step_elapsed_s"": 17.941968282102607, ""step_event_index"": 46, ""total_hand_translation_m"": null, ""trial_finished_elapsed_s"": null, ""trial_recording"": true, ""trial_required_tool_ids"": [7, 35, 37]}"
2026-09-03T21:32:50.046-04:00,junhyun,gesture,hover,hover,r2_fasten_first_stand,Row 2.4: fasten right stand,ready,8,47,1,WRENCH_12,,,,,,,,,,,,,,,,,,,,,,,"{""acquired_tool_ids"": [35], ""acquisition_complete"": false, ""completed_steps"": [""r1_bearing_right"", ""r1_bearing_left"", ""r2_gear_rod"", ""r2_bearing_right"", ""r1_gear_rod"", ""r1_fasten_first_stand"", ""r1_insert_rod_and_fit_second"", ""r1_fasten_second_stand"", ""r2_bearing_left""], ""head_rotation_deg"": null, ""head_translation_m"": null, ""left_hand_translation_m"": null, ""removed_tool_ids"": [14, 15, 18, 19, 20, 21, 26, 27, 28], ""right_hand_translation_m"": null, ""selected_step"": ""r2_fasten_first_stand"", ""step_attempt"": 8, ""step_elapsed_s"": 19.05980167503003, ""step_event_index"": 47, ""total_hand_translation_m"": null, ""trial_finished_elapsed_s"": null, ""trial_recording"": true, ""trial_required_tool_ids"": [7, 35, 37]}"
2026-09-03T21:32:50.125-04:00,junhyun,gesture,tts_queued,lifecycle,r2_fasten_first_stand,Row 2.4: fasten right stand,ready,8,48,,,,19.138432,,,,,,,,,,,,,,,,part,,,replace_hover,,"{""acquired_tool_ids"": [35], ""acquisition_complete"": false, ""completed_steps"": [""r1_bearing_right"", ""r1_bearing_left"", ""r2_gear_rod"", ""r2_bearing_right"", ""r1_gear_rod"", ""r1_fasten_first_stand"", ""r1_insert_rod_and_fit_second"", ""r1_fasten_second_stand"", ""r2_bearing_left""], ""head_rotation_deg"": null, ""head_translation_m"": null, ""left_hand_translation_m"": null, ""removed_tool_ids"": [14, 15, 18, 19, 20, 21, 26, 27, 28], ""right_hand_translation_m"": null, ""selected_step"": ""r2_fasten_first_stand"", ""step_attempt"": 8, ""step_elapsed_s"": 19.13845484307967, ""step_event_index"": 48, ""total_hand_translation_m"": null, ""trial_finished_elapsed_s"": null, ""trial_recording"": true, ""trial_required_tool_ids"": [7, 35, 37]}"
2026-09-03T21:32:50.214-04:00,junhyun,gesture,tts_started,lifecycle,r2_fasten_first_stand,Row 2.4: fasten right stand,ready,8,49,,,,19.227786,,,,,,,,,,,,,,,,part,,,,,"{""acquired_tool_ids"": [35], ""acquisition_complete"": false, ""completed_steps"": [""r1_bearing_right"", ""r1_bearing_left"", ""r2_gear_rod"", ""r2_bearing_right"", ""r1_gear_rod"", ""r1_fasten_first_stand"", ""r1_insert_rod_and_fit_second"", ""r1_fasten_second_stand"", ""r2_bearing_left""], ""head_rotation_deg"": null, ""head_translation_m"": null, ""left_hand_translation_m"": null, ""removed_tool_ids"": [14, 15, 18, 19, 20, 21, 26, 27, 28], ""right_hand_translation_m"": null, ""selected_step"": ""r2_fasten_first_stand"", ""step_attempt"": 8, ""step_elapsed_s"": 19.227798243053257, ""step_event_index"": 49, ""total_hand_translation_m"": null, ""trial_finished_elapsed_s"": null, ""trial_recording"": true, ""trial_required_tool_ids"": [7, 35, 37]}"
2026-09-03T21:32:50.597-04:00,junhyun,gesture,tts_finished,lifecycle,r2_fasten_first_stand,Row 2.4: fasten right stand,ready,8,50,,,,19.610490,,,,,,,,,,,,,,,,part,,,,,"{""acquired_tool_ids"": [35], ""acquisition_complete"": false, ""completed_steps"": [""r1_bearing_right"", ""r1_bearing_left"", ""r2_gear_rod"", ""r2_bearing_right"", ""r1_gear_rod"", ""r1_fasten_first_stand"", ""r1_insert_rod_and_fit_second"", ""r1_fasten_second_stand"", ""r2_bearing_left""], ""head_rotation_deg"": null, ""head_translation_m"": null, ""left_hand_translation_m"": null, ""removed_tool_ids"": [14, 15, 18, 19, 20, 21, 26, 27, 28], ""right_hand_translation_m"": null, ""selected_step"": ""r2_fasten_first_stand"", ""step_attempt"": 8, ""step_elapsed_s"": 19.610507573001087, ""step_event_index"": 50, ""total_hand_translation_m"": null, ""trial_finished_elapsed_s"": null, ""trial_recording"": true, ""trial_required_tool_ids"": [7, 35, 37]}"
2026-09-03T21:32:50.915-04:00,junhyun,gesture,hover,hover,r2_fasten_first_stand,Row 2.4: fasten right stand,ready,8,51,2,WRENCH_13,,,,,,,,,,,,,,,,,,,,,,,"{""acquired_tool_ids"": [35], ""acquisition_complete"": false, ""completed_steps"": [""r1_bearing_right"", ""r1_bearing_left"", ""r2_gear_rod"", ""r2_bearing_right"", ""r1_gear_rod"", ""r1_fasten_first_stand"", ""r1_insert_rod_and_fit_second"", ""r1_fasten_second_stand"", ""r2_bearing_left""], ""head_rotation_deg"": null, ""head_translation_m"": null, ""left_hand_translation_m"": null, ""removed_tool_ids"": [14, 15, 18, 19, 20, 21, 26, 27, 28], ""right_hand_translation_m"": null, ""selected_step"": ""r2_fasten_first_stand"", ""step_attempt"": 8, ""step_elapsed_s"": 19.928480116068386, ""step_event_index"": 51, ""total_hand_translation_m"": null, ""trial_finished_elapsed_s"": null, ""trial_recording"": true, ""trial_required_tool_ids"": [7, 35, 37]}"
2026-09-03T21:32:50.987-04:00,junhyun,gesture,tts_queued,lifecycle,r2_fasten_first_stand,Row 2.4: fasten right stand,ready,8,52,,,,20.000552,,,,,,,,,,,,,,,,part,,,replace_hover,,"{""acquired_tool_ids"": [35], ""acquisition_complete"": false, ""completed_steps"": [""r1_bearing_right"", ""r1_bearing_left"", ""r2_gear_rod"", ""r2_bearing_right"", ""r1_gear_rod"", ""r1_fasten_first_stand"", ""r1_insert_rod_and_fit_second"", ""r1_fasten_second_stand"", ""r2_bearing_left""], ""head_rotation_deg"": null, ""head_translation_m"": null, ""left_hand_translation_m"": null, ""removed_tool_ids"": [14, 15, 18, 19, 20, 21, 26, 27, 28], ""right_hand_translation_m"": null, ""selected_step"": ""r2_fasten_first_stand"", ""step_attempt"": 8, ""step_elapsed_s"": 20.00057240203023, ""step_event_index"": 52, ""total_hand_translation_m"": null, ""trial_finished_elapsed_s"": null, ""trial_recording"": true, ""trial_required_tool_ids"": [7, 35, 37]}"
2026-09-03T21:32:51.049-04:00,junhyun,gesture,tts_started,lifecycle,r2_fasten_first_stand,Row 2.4: fasten right stand,ready,8,53,,,,20.062971,,,,,,,,,,,,,,,,part,,,,,"{""acquired_tool_ids"": [35], ""acquisition_complete"": false, ""completed_steps"": [""r1_bearing_right"", ""r1_bearing_left"", ""r2_gear_rod"", ""r2_bearing_right"", ""r1_gear_rod"", ""r1_fasten_first_stand"", ""r1_insert_rod_and_fit_second"", ""r1_fasten_second_stand"", ""r2_bearing_left""], ""head_rotation_deg"": null, ""head_translation_m"": null, ""left_hand_translation_m"": null, ""removed_tool_ids"": [14, 15, 18, 19, 20, 21, 26, 27, 28], ""right_hand_translation_m"": null, ""selected_step"": ""r2_fasten_first_stand"", ""step_attempt"": 8, ""step_elapsed_s"": 20.062980179092847, ""step_event_index"": 53, ""total_hand_translation_m"": null, ""trial_finished_elapsed_s"": null, ""trial_recording"": true, ""trial_required_tool_ids"": [7, 35, 37]}"
2026-09-03T21:32:51.566-04:00,junhyun,gesture,tts_finished,lifecycle,r2_fasten_first_stand,Row 2.4: fasten right stand,ready,8,54,,,,20.579742,,,,,,,,,,,,,,,,part,,,,,"{""acquired_tool_ids"": [35], ""acquisition_complete"": false, ""completed_steps"": [""r1_bearing_right"", ""r1_bearing_left"", ""r2_gear_rod"", ""r2_bearing_right"", ""r1_gear_rod"", ""r1_fasten_first_stand"", ""r1_insert_rod_and_fit_second"", ""r1_fasten_second_stand"", ""r2_bearing_left""], ""head_rotation_deg"": null, ""head_translation_m"": null, ""left_hand_translation_m"": null, ""removed_tool_ids"": [14, 15, 18, 19, 20, 21, 26, 27, 28], ""right_hand_translation_m"": null, ""selected_step"": ""r2_fasten_first_stand"", ""step_attempt"": 8, ""step_elapsed_s"": 20.579756429069676, ""step_event_index"": 54, ""total_hand_translation_m"": null, ""trial_finished_elapsed_s"": null, ""trial_recording"": true, ""trial_required_tool_ids"": [7, 35, 37]}"
2026-09-03T21:32:51.708-04:00,junhyun,gesture,hover,hover,r2_fasten_first_stand,Row 2.4: fasten right stand,ready,8,55,3,WRENCH_14,,,,,,,,,,,,,,,,,,,,,,,"{""acquired_tool_ids"": [35], ""acquisition_complete"": false, ""completed_steps"": [""r1_bearing_right"", ""r1_bearing_left"", ""r2_gear_rod"", ""r2_bearing_right"", ""r1_gear_rod"", ""r1_fasten_first_stand"", ""r1_insert_rod_and_fit_second"", ""r1_fasten_second_stand"", ""r2_bearing_left""], ""head_rotation_deg"": null, ""head_translation_m"": null, ""left_hand_translation_m"": null, ""removed_tool_ids"": [14, 15, 18, 19, 20, 21, 26, 27, 28], ""right_hand_translation_m"": null, ""selected_step"": ""r2_fasten_first_stand"", ""step_attempt"": 8, ""step_elapsed_s"": 20.721342501114123, ""step_event_index"": 55, ""total_hand_translation_m"": null, ""trial_finished_elapsed_s"": null, ""trial_recording"": true, ""trial_required_tool_ids"": [7, 35, 37]}"
2026-09-03T21:32:51.755-04:00,junhyun,gesture,tts_queued,lifecycle,r2_fasten_first_stand,Row 2.4: fasten right stand,ready,8,56,,,,20.768669,,,,,,,,,,,,,,,,part,,,replace_hover,,"{""acquired_tool_ids"": [35], ""acquisition_complete"": false, ""completed_steps"": [""r1_bearing_right"", ""r1_bearing_left"", ""r2_gear_rod"", ""r2_bearing_right"", ""r1_gear_rod"", ""r1_fasten_first_stand"", ""r1_insert_rod_and_fit_second"", ""r1_fasten_second_stand"", ""r2_bearing_left""], ""head_rotation_deg"": null, ""head_translation_m"": null, ""left_hand_translation_m"": null, ""removed_tool_ids"": [14, 15, 18, 19, 20, 21, 26, 27, 28], ""right_hand_translation_m"": null, ""selected_step"": ""r2_fasten_first_stand"", ""step_attempt"": 8, ""step_elapsed_s"": 20.76867952104658, ""step_event_index"": 56, ""total_hand_translation_m"": null, ""trial_finished_elapsed_s"": null, ""trial_recording"": true, ""trial_required_tool_ids"": [7, 35, 37]}"
2026-09-03T21:32:51.803-04:00,junhyun,gesture,tts_started,lifecycle,r2_fasten_first_stand,Row 2.4: fasten right stand,ready,8,57,,,,20.816419,,,,,,,,,,,,,,,,part,,,,,"{""acquired_tool_ids"": [35], ""acquisition_complete"": false, ""completed_steps"": [""r1_bearing_right"", ""r1_bearing_left"", ""r2_gear_rod"", ""r2_bearing_right"", ""r1_gear_rod"", ""r1_fasten_first_stand"", ""r1_insert_rod_and_fit_second"", ""r1_fasten_second_stand"", ""r2_bearing_left""], ""head_rotation_deg"": null, ""head_translation_m"": null, ""left_hand_translation_m"": null, ""removed_tool_ids"": [14, 15, 18, 19, 20, 21, 26, 27, 28], ""right_hand_translation_m"": null, ""selected_step"": ""r2_fasten_first_stand"", ""step_attempt"": 8, ""step_elapsed_s"": 20.816431921091862, ""step_event_index"": 57, ""total_hand_translation_m"": null, ""trial_finished_elapsed_s"": null, ""trial_recording"": true, ""trial_required_tool_ids"": [7, 35, 37]}"
2026-09-03T21:32:52.263-04:00,junhyun,gesture,tts_finished,lifecycle,r2_fasten_first_stand,Row 2.4: fasten right stand,ready,8,58,,,,21.276969,,,,,,,,,,,,,,,,part,,,,,"{""acquired_tool_ids"": [35], ""acquisition_complete"": false, ""completed_steps"": [""r1_bearing_right"", ""r1_bearing_left"", ""r2_gear_rod"", ""r2_bearing_right"", ""r1_gear_rod"", ""r1_fasten_first_stand"", ""r1_insert_rod_and_fit_second"", ""r1_fasten_second_stand"", ""r2_bearing_left""], ""head_rotation_deg"": null, ""head_translation_m"": null, ""left_hand_translation_m"": null, ""removed_tool_ids"": [14, 15, 18, 19, 20, 21, 26, 27, 28], ""right_hand_translation_m"": null, ""selected_step"": ""r2_fasten_first_stand"", ""step_attempt"": 8, ""step_elapsed_s"": 21.27698305505328, ""step_event_index"": 58, ""total_hand_translation_m"": null, ""trial_finished_elapsed_s"": null, ""trial_recording"": true, ""trial_required_tool_ids"": [7, 35, 37]}"
2026-09-03T21:32:52.337-04:00,junhyun,gesture,hover,hover,r2_fasten_first_stand,Row 2.4: fasten right stand,ready,8,59,4,WRENCH_15,,,,,,,,,,,,,,,,,,,,,,,"{""acquired_tool_ids"": [35], ""acquisition_complete"": false, ""completed_steps"": [""r1_bearing_right"", ""r1_bearing_left"", ""r2_gear_rod"", ""r2_bearing_right"", ""r1_gear_rod"", ""r1_fasten_first_stand"", ""r1_insert_rod_and_fit_second"", ""r1_fasten_second_stand"", ""r2_bearing_left""], ""head_rotation_deg"": null, ""head_translation_m"": null, ""left_hand_translation_m"": null, ""removed_tool_ids"": [14, 15, 18, 19, 20, 21, 26, 27, 28], ""right_hand_translation_m"": null, ""selected_step"": ""r2_fasten_first_stand"", ""step_attempt"": 8, ""step_elapsed_s"": 21.350230585085228, ""step_event_index"": 59, ""total_hand_translation_m"": null, ""trial_finished_elapsed_s"": null, ""trial_recording"": true, ""trial_required_tool_ids"": [7, 35, 37]}"
2026-09-03T21:32:52.381-04:00,junhyun,gesture,tts_queued,lifecycle,r2_fasten_first_stand,Row 2.4: fasten right stand,ready,8,60,,,,21.394396,,,,,,,,,,,,,,,,part,,,replace_hover,,"{""acquired_tool_ids"": [35], ""acquisition_complete"": false, ""completed_steps"": [""r1_bearing_right"", ""r1_bearing_left"", ""r2_gear_rod"", ""r2_bearing_right"", ""r1_gear_rod"", ""r1_fasten_first_stand"", ""r1_insert_rod_and_fit_second"", ""r1_fasten_second_stand"", ""r2_bearing_left""], ""head_rotation_deg"": null, ""head_translation_m"": null, ""left_hand_translation_m"": null, ""removed_tool_ids"": [14, 15, 18, 19, 20, 21, 26, 27, 28], ""right_hand_translation_m"": null, ""selected_step"": ""r2_fasten_first_stand"", ""step_attempt"": 8, ""step_elapsed_s"": 21.394428003113717, ""step_event_index"": 60, ""total_hand_translation_m"": null, ""trial_finished_elapsed_s"": null, ""trial_recording"": true, ""trial_required_tool_ids"": [7, 35, 37]}"
2026-09-03T21:32:52.427-04:00,junhyun,gesture,tts_started,lifecycle,r2_fasten_first_stand,Row 2.4: fasten right stand,ready,8,61,,,,21.440634,,,,,,,,,,,,,,,,part,,,,,"{""acquired_tool_ids"": [35], ""acquisition_complete"": false, ""completed_steps"": [""r1_bearing_right"", ""r1_bearing_left"", ""r2_gear_rod"", ""r2_bearing_right"", ""r1_gear_rod"", ""r1_fasten_first_stand"", ""r1_insert_rod_and_fit_second"", ""r1_fasten_second_stand"", ""r2_bearing_left""], ""head_rotation_deg"": null, ""head_translation_m"": null, ""left_hand_translation_m"": null, ""removed_tool_ids"": [14, 15, 18, 19, 20, 21, 26, 27, 28], ""right_hand_translation_m"": null, ""selected_step"": ""r2_fasten_first_stand"", ""step_attempt"": 8, ""step_elapsed_s"": 21.44065159605816, ""step_event_index"": 61, ""total_hand_translation_m"": null, ""trial_finished_elapsed_s"": null, ""trial_recording"": true, ""trial_required_tool_ids"": [7, 35, 37]}"
2026-09-03T21:32:52.477-04:00,junhyun,gesture,hover,hover,r2_fasten_first_stand,Row 2.4: fasten right stand,ready,8,62,7,BIT_SCREWDRIVER,,,,,,,,,,,,,,,,,,,,,,,"{""acquired_tool_ids"": [35], ""acquisition_complete"": false, ""completed_steps"": [""r1_bearing_right"", ""r1_bearing_left"", ""r2_gear_rod"", ""r2_bearing_right"", ""r1_gear_rod"", ""r1_fasten_first_stand"", ""r1_insert_rod_and_fit_second"", ""r1_fasten_second_stand"", ""r2_bearing_left""], ""head_rotation_deg"": null, ""head_translation_m"": null, ""left_hand_translation_m"": null, ""removed_tool_ids"": [14, 15, 18, 19, 20, 21, 26, 27, 28], ""right_hand_translation_m"": null, ""selected_step"": ""r2_fasten_first_stand"", ""step_attempt"": 8, ""step_elapsed_s"": 21.49063054402359, ""step_event_index"": 62, ""total_hand_translation_m"": null, ""trial_finished_elapsed_s"": null, ""trial_recording"": true, ""trial_required_tool_ids"": [7, 35, 37]}"
2026-09-03T21:32:52.507-04:00,junhyun,gesture,tts_queued,lifecycle,r2_fasten_first_stand,Row 2.4: fasten right stand,ready,8,63,,,,21.520204,,,,,,,,,,,,,,,,interchangeable-bit screwdriver,,,replace_hover,,"{""acquired_tool_ids"": [35], ""acquisition_complete"": false, ""completed_steps"": [""r1_bearing_right"", ""r1_bearing_left"", ""r2_gear_rod"", ""r2_bearing_right"", ""r1_gear_rod"", ""r1_fasten_first_stand"", ""r1_insert_rod_and_fit_second"", ""r1_fasten_second_stand"", ""r2_bearing_left""], ""head_rotation_deg"": null, ""head_translation_m"": null, ""left_hand_translation_m"": null, ""removed_tool_ids"": [14, 15, 18, 19, 20, 21, 26, 27, 28], ""right_hand_translation_m"": null, ""selected_step"": ""r2_fasten_first_stand"", ""step_attempt"": 8, ""step_elapsed_s"": 21.520217778044753, ""step_event_index"": 63, ""total_hand_translation_m"": null, ""trial_finished_elapsed_s"": null, ""trial_recording"": true, ""trial_required_tool_ids"": [7, 35, 37]}"
2026-09-03T21:32:52.596-04:00,junhyun,gesture,tts_finished,lifecycle,r2_fasten_first_stand,Row 2.4: fasten right stand,ready,8,64,,,,21.609258,,,,,,,,,,,,,,,,part,,,,,"{""acquired_tool_ids"": [35], ""acquisition_complete"": false, ""completed_steps"": [""r1_bearing_right"", ""r1_bearing_left"", ""r2_gear_rod"", ""r2_bearing_right"", ""r1_gear_rod"", ""r1_fasten_first_stand"", ""r1_insert_rod_and_fit_second"", ""r1_fasten_second_stand"", ""r2_bearing_left""], ""head_rotation_deg"": null, ""head_translation_m"": null, ""left_hand_translation_m"": null, ""removed_tool_ids"": [14, 15, 18, 19, 20, 21, 26, 27, 28], ""right_hand_translation_m"": null, ""selected_step"": ""r2_fasten_first_stand"", ""step_attempt"": 8, ""step_elapsed_s"": 21.60927338700276, ""step_event_index"": 64, ""total_hand_translation_m"": null, ""trial_finished_elapsed_s"": null, ""trial_recording"": true, ""trial_required_tool_ids"": [7, 35, 37]}"
2026-09-03T21:32:52.647-04:00,junhyun,gesture,tts_started,lifecycle,r2_fasten_first_stand,Row 2.4: fasten right stand,ready,8,65,,,,21.660027,,,,,,,,,,,,,,,,interchangeable-bit screwdriver,,,,,"{""acquired_tool_ids"": [35], ""acquisition_complete"": false, ""completed_steps"": [""r1_bearing_right"", ""r1_bearing_left"", ""r2_gear_rod"", ""r2_bearing_right"", ""r1_gear_rod"", ""r1_fasten_first_stand"", ""r1_insert_rod_and_fit_second"", ""r1_fasten_second_stand"", ""r2_bearing_left""], ""head_rotation_deg"": null, ""head_translation_m"": null, ""left_hand_translation_m"": null, ""removed_tool_ids"": [14, 15, 18, 19, 20, 21, 26, 27, 28], ""right_hand_translation_m"": null, ""selected_step"": ""r2_fasten_first_stand"", ""step_attempt"": 8, ""step_elapsed_s"": 21.660042450064793, ""step_event_index"": 65, ""total_hand_translation_m"": null, ""trial_finished_elapsed_s"": null, ""trial_recording"": true, ""trial_required_tool_ids"": [7, 35, 37]}"
2026-09-03T21:32:54.952-04:00,junhyun,gesture,tts_finished,lifecycle,r2_fasten_first_stand,Row 2.4: fasten right stand,ready,8,66,,,,23.965222,,,,,,,,,,,,,,,,interchangeable-bit screwdriver,,,,,"{""acquired_tool_ids"": [35], ""acquisition_complete"": false, ""completed_steps"": [""r1_bearing_right"", ""r1_bearing_left"", ""r2_gear_rod"", ""r2_bearing_right"", ""r1_gear_rod"", ""r1_fasten_first_stand"", ""r1_insert_rod_and_fit_second"", ""r1_fasten_second_stand"", ""r2_bearing_left""], ""head_rotation_deg"": null, ""head_translation_m"": null, ""left_hand_translation_m"": null, ""removed_tool_ids"": [14, 15, 18, 19, 20, 21, 26, 27, 28], ""right_hand_translation_m"": null, ""selected_step"": ""r2_fasten_first_stand"", ""step_attempt"": 8, ""step_elapsed_s"": 23.965234685107134, ""step_event_index"": 66, ""total_hand_translation_m"": null, ""trial_finished_elapsed_s"": null, ""trial_recording"": true, ""trial_required_tool_ids"": [7, 35, 37]}"
2026-09-03T21:32:55.005-04:00,junhyun,gesture,part_selection,click,r2_fasten_first_stand,Row 2.4: fasten right stand,ready,8,67,7,BIT_SCREWDRIVER,19.652808,24.018368,,,,,,,,,,,,,,,1,,,,,,"{""acquired_tool_ids"": [7, 35], ""acquisition_complete"": false, ""completed_steps"": [""r1_bearing_right"", ""r1_bearing_left"", ""r2_gear_rod"", ""r2_bearing_right"", ""r1_gear_rod"", ""r1_fasten_first_stand"", ""r1_insert_rod_and_fit_second"", ""r1_fasten_second_stand"", ""r2_bearing_left""], ""head_rotation_deg"": null, ""head_translation_m"": null, ""left_hand_translation_m"": null, ""removed_tool_ids"": [14, 15, 18, 19, 20, 21, 26, 27, 28], ""right_hand_translation_m"": null, ""selected_step"": ""r2_fasten_first_stand"", ""step_attempt"": 8, ""step_elapsed_s"": 24.01840765203815, ""step_event_index"": 67, ""total_hand_translation_m"": null, ""trial_finished_elapsed_s"": null, ""trial_recording"": true, ""trial_required_tool_ids"": [7, 35, 37]}"
2026-09-03T21:32:55.031-04:00,junhyun,gesture,object_acquired,click,r2_fasten_first_stand,Row 2.4: fasten right stand,ready,8,68,7,BIT_SCREWDRIVER,19.652808,24.018368,,,,,,,,,,,,,,,1,,,,,,"{""acquired_tool_ids"": [7, 35], ""acquisition_complete"": false, ""completed_steps"": [""r1_bearing_right"", ""r1_bearing_left"", ""r2_gear_rod"", ""r2_bearing_right"", ""r1_gear_rod"", ""r1_fasten_first_stand"", ""r1_insert_rod_and_fit_second"", ""r1_fasten_second_stand"", ""r2_bearing_left""], ""head_rotation_deg"": null, ""head_translation_m"": null, ""left_hand_translation_m"": null, ""removed_tool_ids"": [14, 15, 18, 19, 20, 21, 26, 27, 28], ""right_hand_translation_m"": null, ""selected_step"": ""r2_fasten_first_stand"", ""step_attempt"": 8, ""step_elapsed_s"": 24.04466024308931, ""step_event_index"": 68, ""total_hand_translation_m"": null, ""trial_finished_elapsed_s"": null, ""trial_recording"": true, ""trial_required_tool_ids"": [7, 35, 37]}"
2026-09-03T21:32:55.063-04:00,junhyun,gesture,tts_queued,lifecycle,r2_fasten_first_stand,Row 2.4: fasten right stand,ready,8,69,,,,24.076148,,,,,,,,,,,,,,,,1 part left.,,,replace,,"{""acquired_tool_ids"": [7, 35], ""acquisition_complete"": false, ""completed_steps"": [""r1_bearing_right"", ""r1_bearing_left"", ""r2_gear_rod"", ""r2_bearing_right"", ""r1_gear_rod"", ""r1_fasten_first_stand"", ""r1_insert_rod_and_fit_second"", ""r1_fasten_second_stand"", ""r2_bearing_left""], ""head_rotation_deg"": null, ""head_translation_m"": null, ""left_hand_translation_m"": null, ""removed_tool_ids"": [14, 15, 18, 19, 20, 21, 26, 27, 28], ""right_hand_translation_m"": null, ""selected_step"": ""r2_fasten_first_stand"", ""step_attempt"": 8, ""step_elapsed_s"": 24.07616705307737, ""step_event_index"": 69, ""total_hand_translation_m"": null, ""trial_finished_elapsed_s"": null, ""trial_recording"": true, ""trial_required_tool_ids"": [7, 35, 37]}"
2026-09-03T21:32:55.113-04:00,junhyun,gesture,tts_started,lifecycle,r2_fasten_first_stand,Row 2.4: fasten right stand,ready,8,70,,,,24.126275,,,,,,,,,,,,,,,,1 part left.,,,,,"{""acquired_tool_ids"": [7, 35], ""acquisition_complete"": false, ""completed_steps"": [""r1_bearing_right"", ""r1_bearing_left"", ""r2_gear_rod"", ""r2_bearing_right"", ""r1_gear_rod"", ""r1_fasten_first_stand"", ""r1_insert_rod_and_fit_second"", ""r1_fasten_second_stand"", ""r2_bearing_left""], ""head_rotation_deg"": null, ""head_translation_m"": null, ""left_hand_translation_m"": null, ""removed_tool_ids"": [14, 15, 18, 19, 20, 21, 26, 27, 28], ""right_hand_translation_m"": null, ""selected_step"": ""r2_fasten_first_stand"", ""step_attempt"": 8, ""step_elapsed_s"": 24.126293257111683, ""step_event_index"": 70, ""total_hand_translation_m"": null, ""trial_finished_elapsed_s"": null, ""trial_recording"": true, ""trial_required_tool_ids"": [7, 35, 37]}"
2026-09-03T21:32:56.041-04:00,junhyun,gesture,hover,hover,r2_fasten_first_stand,Row 2.4: fasten right stand,ready,8,71,10,PHILIPS_SCREWDRIVER,,,,,,,,,,,,,,,,,,,,,,,"{""acquired_tool_ids"": [7, 35], ""acquisition_complete"": false, ""completed_steps"": [""r1_bearing_right"", ""r1_bearing_left"", ""r2_gear_rod"", ""r2_bearing_right"", ""r1_gear_rod"", ""r1_fasten_first_stand"", ""r1_insert_rod_and_fit_second"", ""r1_fasten_second_stand"", ""r2_bearing_left""], ""head_rotation_deg"": null, ""head_translation_m"": null, ""left_hand_translation_m"": null, ""removed_tool_ids"": [14, 15, 18, 19, 20, 21, 26, 27, 28], ""right_hand_translation_m"": null, ""selected_step"": ""r2_fasten_first_stand"", ""step_attempt"": 8, ""step_elapsed_s"": 25.054061506059952, ""step_event_index"": 71, ""total_hand_translation_m"": null, ""trial_finished_elapsed_s"": null, ""trial_recording"": true, ""trial_required_tool_ids"": [7, 35, 37]}"
2026-09-03T21:32:56.098-04:00,junhyun,gesture,tts_queued,lifecycle,r2_fasten_first_stand,Row 2.4: fasten right stand,ready,8,72,,,,25.111805,,,,,,,,,,,,,,,,phillips screwdriver,,,replace_hover,,"{""acquired_tool_ids"": [7, 35], ""acquisition_complete"": false, ""completed_steps"": [""r1_bearing_right"", ""r1_bearing_left"", ""r2_gear_rod"", ""r2_bearing_right"", ""r1_gear_rod"", ""r1_fasten_first_stand"", ""r1_insert_rod_and_fit_second"", ""r1_fasten_second_stand"", ""r2_bearing_left""], ""head_rotation_deg"": null, ""head_translation_m"": null, ""left_hand_translation_m"": null, ""removed_tool_ids"": [14, 15, 18, 19, 20, 21, 26, 27, 28], ""right_hand_translation_m"": null, ""selected_step"": ""r2_fasten_first_stand"", ""step_attempt"": 8, ""step_elapsed_s"": 25.111819963087328, ""step_event_index"": 72, ""total_hand_translation_m"": null, ""trial_finished_elapsed_s"": null, ""trial_recording"": true, ""trial_required_tool_ids"": [7, 35, 37]}"
2026-09-03T21:32:56.164-04:00,junhyun,gesture,tts_finished,lifecycle,r2_fasten_first_stand,Row 2.4: fasten right stand,ready,8,73,,,,25.176103,,,,,,,,,,,,,,,,1 part left.,,,,,"{""acquired_tool_ids"": [7, 35], ""acquisition_complete"": false, ""completed_steps"": [""r1_bearing_right"", ""r1_bearing_left"", ""r2_gear_rod"", ""r2_bearing_right"", ""r1_gear_rod"", ""r1_fasten_first_stand"", ""r1_insert_rod_and_fit_second"", ""r1_fasten_second_stand"", ""r2_bearing_left""], ""head_rotation_deg"": null, ""head_translation_m"": null, ""left_hand_translation_m"": null, ""removed_tool_ids"": [14, 15, 18, 19, 20, 21, 26, 27, 28], ""right_hand_translation_m"": null, ""selected_step"": ""r2_fasten_first_stand"", ""step_attempt"": 8, ""step_elapsed_s"": 25.176118239061907, ""step_event_index"": 73, ""total_hand_translation_m"": null, ""trial_finished_elapsed_s"": null, ""trial_recording"": true, ""trial_required_tool_ids"": [7, 35, 37]}"
2026-09-03T21:32:56.215-04:00,junhyun,gesture,tts_started,lifecycle,r2_fasten_first_stand,Row 2.4: fasten right stand,ready,8,74,,,,25.228321,,,,,,,,,,,,,,,,phillips screwdriver,,,,,"{""acquired_tool_ids"": [7, 35], ""acquisition_complete"": false, ""completed_steps"": [""r1_bearing_right"", ""r1_bearing_left"", ""r2_gear_rod"", ""r2_bearing_right"", ""r1_gear_rod"", ""r1_fasten_first_stand"", ""r1_insert_rod_and_fit_second"", ""r1_fasten_second_stand"", ""r2_bearing_left""], ""head_rotation_deg"": null, ""head_translation_m"": null, ""left_hand_translation_m"": null, ""removed_tool_ids"": [14, 15, 18, 19, 20, 21, 26, 27, 28], ""right_hand_translation_m"": null, ""selected_step"": ""r2_fasten_first_stand"", ""step_attempt"": 8, ""step_elapsed_s"": 25.22833201708272, ""step_event_index"": 74, ""total_hand_translation_m"": null, ""trial_finished_elapsed_s"": null, ""trial_recording"": true, ""trial_required_tool_ids"": [7, 35, 37]}"
2026-09-03T21:32:56.343-04:00,junhyun,gesture,hover,hover,r2_fasten_first_stand,Row 2.4: fasten right stand,ready,8,75,11,FLATHEAD_SCREWDRIVER,,,,,,,,,,,,,,,,,,,,,,,"{""acquired_tool_ids"": [7, 35], ""acquisition_complete"": false, ""completed_steps"": [""r1_bearing_right"", ""r1_bearing_left"", ""r2_gear_rod"", ""r2_bearing_right"", ""r1_gear_rod"", ""r1_fasten_first_stand"", ""r1_insert_rod_and_fit_second"", ""r1_fasten_second_stand"", ""r2_bearing_left""], ""head_rotation_deg"": null, ""head_translation_m"": null, ""left_hand_translation_m"": null, ""removed_tool_ids"": [14, 15, 18, 19, 20, 21, 26, 27, 28], ""right_hand_translation_m"": null, ""selected_step"": ""r2_fasten_first_stand"", ""step_attempt"": 8, ""step_elapsed_s"": 25.356200897018425, ""step_event_index"": 75, ""total_hand_translation_m"": null, ""trial_finished_elapsed_s"": null, ""trial_recording"": true, ""trial_required_tool_ids"": [7, 35, 37]}"
2026-09-03T21:32:56.415-04:00,junhyun,gesture,tts_queued,lifecycle,r2_fasten_first_stand,Row 2.4: fasten right stand,ready,8,76,,,,25.428762,,,,,,,,,,,,,,,,part,,,replace_hover,,"{""acquired_tool_ids"": [7, 35], ""acquisition_complete"": false, ""completed_steps"": [""r1_bearing_right"", ""r1_bearing_left"", ""r2_gear_rod"", ""r2_bearing_right"", ""r1_gear_rod"", ""r1_fasten_first_stand"", ""r1_insert_rod_and_fit_second"", ""r1_fasten_second_stand"", ""r2_bearing_left""], ""head_rotation_deg"": null, ""head_translation_m"": null, ""left_hand_translation_m"": null, ""removed_tool_ids"": [14, 15, 18, 19, 20, 21, 26, 27, 28], ""right_hand_translation_m"": null, ""selected_step"": ""r2_fasten_first_stand"", ""step_attempt"": 8, ""step_elapsed_s"": 25.42877603811212, ""step_event_index"": 76, ""total_hand_translation_m"": null, ""trial_finished_elapsed_s"": null, ""trial_recording"": true, ""trial_required_tool_ids"": [7, 35, 37]}"
2026-09-03T21:32:56.504-04:00,junhyun,gesture,hover,hover,r2_fasten_first_stand,Row 2.4: fasten right stand,ready,8,77,13,MAGNET_POLE_CHECKER,,,,,,,,,,,,,,,,,,,,,,,"{""acquired_tool_ids"": [7, 35], ""acquisition_complete"": false, ""completed_steps"": [""r1_bearing_right"", ""r1_bearing_left"", ""r2_gear_rod"", ""r2_bearing_right"", ""r1_gear_rod"", ""r1_fasten_first_stand"", ""r1_insert_rod_and_fit_second"", ""r1_fasten_second_stand"", ""r2_bearing_left""], ""head_rotation_deg"": null, ""head_translation_m"": null, ""left_hand_translation_m"": null, ""removed_tool_ids"": [14, 15, 18, 19, 20, 21, 26, 27, 28], ""right_hand_translation_m"": null, ""selected_step"": ""r2_fasten_first_stand"", ""step_attempt"": 8, ""step_elapsed_s"": 25.517641473095864, ""step_event_index"": 77, ""total_hand_translation_m"": null, ""trial_finished_elapsed_s"": null, ""trial_recording"": true, ""trial_required_tool_ids"": [7, 35, 37]}"
2026-09-03T21:32:56.518-04:00,junhyun,gesture,tts_queued,lifecycle,r2_fasten_first_stand,Row 2.4: fasten right stand,ready,8,78,,,,25.531701,,,,,,,,,,,,,,,,part,,,replace_hover,,"{""acquired_tool_ids"": [7, 35], ""acquisition_complete"": false, ""completed_steps"": [""r1_bearing_right"", ""r1_bearing_left"", ""r2_gear_rod"", ""r2_bearing_right"", ""r1_gear_rod"", ""r1_fasten_first_stand"", ""r1_insert_rod_and_fit_second"", ""r1_fasten_second_stand"", ""r2_bearing_left""], ""head_rotation_deg"": null, ""head_translation_m"": null, ""left_hand_translation_m"": null, ""removed_tool_ids"": [14, 15, 18, 19, 20, 21, 26, 27, 28], ""right_hand_translation_m"": null, ""selected_step"": ""r2_fasten_first_stand"", ""step_attempt"": 8, ""step_elapsed_s"": 25.531711310031824, ""step_event_index"": 78, ""total_hand_translation_m"": null, ""trial_finished_elapsed_s"": null, ""trial_recording"": true, ""trial_required_tool_ids"": [7, 35, 37]}"
2026-09-03T21:32:56.573-04:00,junhyun,gesture,tts_finished,lifecycle,r2_fasten_first_stand,Row 2.4: fasten right stand,ready,8,79,,,,25.586276,,,,,,,,,,,,,,,,phillips screwdriver,,,,,"{""acquired_tool_ids"": [7, 35], ""acquisition_complete"": false, ""completed_steps"": [""r1_bearing_right"", ""r1_bearing_left"", ""r2_gear_rod"", ""r2_bearing_right"", ""r1_gear_rod"", ""r1_fasten_first_stand"", ""r1_insert_rod_and_fit_second"", ""r1_fasten_second_stand"", ""r2_bearing_left""], ""head_rotation_deg"": null, ""head_translation_m"": null, ""left_hand_translation_m"": null, ""removed_tool_ids"": [14, 15, 18, 19, 20, 21, 26, 27, 28], ""right_hand_translation_m"": null, ""selected_step"": ""r2_fasten_first_stand"", ""step_attempt"": 8, ""step_elapsed_s"": 25.586291301064193, ""step_event_index"": 79, ""total_hand_translation_m"": null, ""trial_finished_elapsed_s"": null, ""trial_recording"": true, ""trial_required_tool_ids"": [7, 35, 37]}"
2026-09-03T21:32:56.613-04:00,junhyun,gesture,tts_started,lifecycle,r2_fasten_first_stand,Row 2.4: fasten right stand,ready,8,80,,,,25.626822,,,,,,,,,,,,,,,,part,,,,,"{""acquired_tool_ids"": [7, 35], ""acquisition_complete"": false, ""completed_steps"": [""r1_bearing_right"", ""r1_bearing_left"", ""r2_gear_rod"", ""r2_bearing_right"", ""r1_gear_rod"", ""r1_fasten_first_stand"", ""r1_insert_rod_and_fit_second"", ""r1_fasten_second_stand"", ""r2_bearing_left""], ""head_rotation_deg"": null, ""head_translation_m"": null, ""left_hand_translation_m"": null, ""removed_tool_ids"": [14, 15, 18, 19, 20, 21, 26, 27, 28], ""right_hand_translation_m"": null, ""selected_step"": ""r2_fasten_first_stand"", ""step_attempt"": 8, ""step_elapsed_s"": 25.626831654109992, ""step_event_index"": 80, ""total_hand_translation_m"": null, ""trial_finished_elapsed_s"": null, ""trial_recording"": true, ""trial_required_tool_ids"": [7, 35, 37]}"
2026-09-03T21:32:56.660-04:00,junhyun,gesture,tts_finished,lifecycle,r2_fasten_first_stand,Row 2.4: fasten right stand,ready,8,81,,,,25.673041,,,,,,,,,,,,,,,,part,,,,,"{""acquired_tool_ids"": [7, 35], ""acquisition_complete"": false, ""completed_steps"": [""r1_bearing_right"", ""r1_bearing_left"", ""r2_gear_rod"", ""r2_bearing_right"", ""r1_gear_rod"", ""r1_fasten_first_stand"", ""r1_insert_rod_and_fit_second"", ""r1_fasten_second_stand"", ""r2_bearing_left""], ""head_rotation_deg"": null, ""head_translation_m"": null, ""left_hand_translation_m"": null, ""removed_tool_ids"": [14, 15, 18, 19, 20, 21, 26, 27, 28], ""right_hand_translation_m"": null, ""selected_step"": ""r2_fasten_first_stand"", ""step_attempt"": 8, ""step_elapsed_s"": 25.67305230209604, ""step_event_index"": 81, ""total_hand_translation_m"": null, ""trial_finished_elapsed_s"": null, ""trial_recording"": true, ""trial_required_tool_ids"": [7, 35, 37]}"
2026-09-03T21:32:56.686-04:00,junhyun,gesture,tts_started,lifecycle,r2_fasten_first_stand,Row 2.4: fasten right stand,ready,8,82,,,,25.699835,,,,,,,,,,,,,,,,part,,,,,"{""acquired_tool_ids"": [7, 35], ""acquisition_complete"": false, ""completed_steps"": [""r1_bearing_right"", ""r1_bearing_left"", ""r2_gear_rod"", ""r2_bearing_right"", ""r1_gear_rod"", ""r1_fasten_first_stand"", ""r1_insert_rod_and_fit_second"", ""r1_fasten_second_stand"", ""r2_bearing_left""], ""head_rotation_deg"": null, ""head_translation_m"": null, ""left_hand_translation_m"": null, ""removed_tool_ids"": [14, 15, 18, 19, 20, 21, 26, 27, 28], ""right_hand_translation_m"": null, ""selected_step"": ""r2_fasten_first_stand"", ""step_attempt"": 8, ""step_elapsed_s"": 25.699847706011496, ""step_event_index"": 82, ""total_hand_translation_m"": null, ""trial_finished_elapsed_s"": null, ""trial_recording"": true, ""trial_required_tool_ids"": [7, 35, 37]}"
2026-09-03T21:32:56.768-04:00,junhyun,gesture,hover,hover,r2_fasten_first_stand,Row 2.4: fasten right stand,ready,8,83,37,BITHOLDER2,,,,,,,,,,,,,,,,,,,,,,,"{""acquired_tool_ids"": [7, 35], ""acquisition_complete"": false, ""completed_steps"": [""r1_bearing_right"", ""r1_bearing_left"", ""r2_gear_rod"", ""r2_bearing_right"", ""r1_gear_rod"", ""r1_fasten_first_stand"", ""r1_insert_rod_and_fit_second"", ""r1_fasten_second_stand"", ""r2_bearing_left""], ""head_rotation_deg"": null, ""head_translation_m"": null, ""left_hand_translation_m"": null, ""removed_tool_ids"": [14, 15, 18, 19, 20, 21, 26, 27, 28], ""right_hand_translation_m"": null, ""selected_step"": ""r2_fasten_first_stand"", ""step_attempt"": 8, ""step_elapsed_s"": 25.78115646902006, ""step_event_index"": 83, ""total_hand_translation_m"": null, ""trial_finished_elapsed_s"": null, ""trial_recording"": true, ""trial_required_tool_ids"": [7, 35, 37]}"
2026-09-03T21:32:56.830-04:00,junhyun,gesture,tts_queued,lifecycle,r2_fasten_first_stand,Row 2.4: fasten right stand,ready,8,84,,,,25.843341,,,,,,,,,,,,,,,,bit holder2,,,replace_hover,,"{""acquired_tool_ids"": [7, 35], ""acquisition_complete"": false, ""completed_steps"": [""r1_bearing_right"", ""r1_bearing_left"", ""r2_gear_rod"", ""r2_bearing_right"", ""r1_gear_rod"", ""r1_fasten_first_stand"", ""r1_insert_rod_and_fit_second"", ""r1_fasten_second_stand"", ""r2_bearing_left""], ""head_rotation_deg"": null, ""head_translation_m"": null, ""left_hand_translation_m"": null, ""removed_tool_ids"": [14, 15, 18, 19, 20, 21, 26, 27, 28], ""right_hand_translation_m"": null, ""selected_step"": ""r2_fasten_first_stand"", ""step_attempt"": 8, ""step_elapsed_s"": 25.843354647047818, ""step_event_index"": 84, ""total_hand_translation_m"": null, ""trial_finished_elapsed_s"": null, ""trial_recording"": true, ""trial_required_tool_ids"": [7, 35, 37]}"
2026-09-03T21:32:56.900-04:00,junhyun,gesture,tts_finished,lifecycle,r2_fasten_first_stand,Row 2.4: fasten right stand,ready,8,85,,,,25.913241,,,,,,,,,,,,,,,,part,,,,,"{""acquired_tool_ids"": [7, 35], ""acquisition_complete"": false, ""completed_steps"": [""r1_bearing_right"", ""r1_bearing_left"", ""r2_gear_rod"", ""r2_bearing_right"", ""r1_gear_rod"", ""r1_fasten_first_stand"", ""r1_insert_rod_and_fit_second"", ""r1_fasten_second_stand"", ""r2_bearing_left""], ""head_rotation_deg"": null, ""head_translation_m"": null, ""left_hand_translation_m"": null, ""removed_tool_ids"": [14, 15, 18, 19, 20, 21, 26, 27, 28], ""right_hand_translation_m"": null, ""selected_step"": ""r2_fasten_first_stand"", ""step_attempt"": 8, ""step_elapsed_s"": 25.913253622013144, ""step_event_index"": 85, ""total_hand_translation_m"": null, ""trial_finished_elapsed_s"": null, ""trial_recording"": true, ""trial_required_tool_ids"": [7, 35, 37]}"
2026-09-03T21:32:56.984-04:00,junhyun,gesture,tts_started,lifecycle,r2_fasten_first_stand,Row 2.4: fasten right stand,ready,8,86,,,,25.997613,,,,,,,,,,,,,,,,bit holder2,,,,,"{""acquired_tool_ids"": [7, 35], ""acquisition_complete"": false, ""completed_steps"": [""r1_bearing_right"", ""r1_bearing_left"", ""r2_gear_rod"", ""r2_bearing_right"", ""r1_gear_rod"", ""r1_fasten_first_stand"", ""r1_insert_rod_and_fit_second"", ""r1_fasten_second_stand"", ""r2_bearing_left""], ""head_rotation_deg"": null, ""head_translation_m"": null, ""left_hand_translation_m"": null, ""removed_tool_ids"": [14, 15, 18, 19, 20, 21, 26, 27, 28], ""right_hand_translation_m"": null, ""selected_step"": ""r2_fasten_first_stand"", ""step_attempt"": 8, ""step_elapsed_s"": 25.997624750016257, ""step_event_index"": 86, ""total_hand_translation_m"": null, ""trial_finished_elapsed_s"": null, ""trial_recording"": true, ""trial_required_tool_ids"": [7, 35, 37]}"
2026-09-03T21:32:58.108-04:00,junhyun,gesture,tts_finished,lifecycle,r2_fasten_first_stand,Row 2.4: fasten right stand,ready,8,87,,,,27.121169,,,,,,,,,,,,,,,,bit holder2,,,,,"{""acquired_tool_ids"": [7, 35], ""acquisition_complete"": false, ""completed_steps"": [""r1_bearing_right"", ""r1_bearing_left"", ""r2_gear_rod"", ""r2_bearing_right"", ""r1_gear_rod"", ""r1_fasten_first_stand"", ""r1_insert_rod_and_fit_second"", ""r1_fasten_second_stand"", ""r2_bearing_left""], ""head_rotation_deg"": null, ""head_translation_m"": null, ""left_hand_translation_m"": null, ""removed_tool_ids"": [14, 15, 18, 19, 20, 21, 26, 27, 28], ""right_hand_translation_m"": null, ""selected_step"": ""r2_fasten_first_stand"", ""step_attempt"": 8, ""step_elapsed_s"": 27.121184056042694, ""step_event_index"": 87, ""total_hand_translation_m"": null, ""trial_finished_elapsed_s"": null, ""trial_recording"": true, ""trial_required_tool_ids"": [7, 35, 37]}"
2026-09-03T21:32:59.763-04:00,junhyun,gesture,hover,hover,r2_fasten_first_stand,Row 2.4: fasten right stand,ready,8,88,36,BITHOLDER1,,,,,,,,,,,,,,,,,,,,,,,"{""acquired_tool_ids"": [7, 35], ""acquisition_complete"": false, ""completed_steps"": [""r1_bearing_right"", ""r1_bearing_left"", ""r2_gear_rod"", ""r2_bearing_right"", ""r1_gear_rod"", ""r1_fasten_first_stand"", ""r1_insert_rod_and_fit_second"", ""r1_fasten_second_stand"", ""r2_bearing_left""], ""head_rotation_deg"": null, ""head_translation_m"": null, ""left_hand_translation_m"": null, ""removed_tool_ids"": [14, 15, 18, 19, 20, 21, 26, 27, 28], ""right_hand_translation_m"": null, ""selected_step"": ""r2_fasten_first_stand"", ""step_attempt"": 8, ""step_elapsed_s"": 28.776951079024002, ""step_event_index"": 88, ""total_hand_translation_m"": null, ""trial_finished_elapsed_s"": null, ""trial_recording"": true, ""trial_required_tool_ids"": [7, 35, 37]}"
2026-09-03T21:32:59.842-04:00,junhyun,gesture,tts_queued,lifecycle,r2_fasten_first_stand,Row 2.4: fasten right stand,ready,8,89,,,,28.855475,,,,,,,,,,,,,,,,bit holder1,,,replace_hover,,"{""acquired_tool_ids"": [7, 35], ""acquisition_complete"": false, ""completed_steps"": [""r1_bearing_right"", ""r1_bearing_left"", ""r2_gear_rod"", ""r2_bearing_right"", ""r1_gear_rod"", ""r1_fasten_first_stand"", ""r1_insert_rod_and_fit_second"", ""r1_fasten_second_stand"", ""r2_bearing_left""], ""head_rotation_deg"": null, ""head_translation_m"": null, ""left_hand_translation_m"": null, ""removed_tool_ids"": [14, 15, 18, 19, 20, 21, 26, 27, 28], ""right_hand_translation_m"": null, ""selected_step"": ""r2_fasten_first_stand"", ""step_attempt"": 8, ""step_elapsed_s"": 28.85548471310176, ""step_event_index"": 89, ""total_hand_translation_m"": null, ""trial_finished_elapsed_s"": null, ""trial_recording"": true, ""trial_required_tool_ids"": [7, 35, 37]}"
2026-09-03T21:32:59.894-04:00,junhyun,gesture,tts_started,lifecycle,r2_fasten_first_stand,Row 2.4: fasten right stand,ready,8,90,,,,28.907974,,,,,,,,,,,,,,,,bit holder1,,,,,"{""acquired_tool_ids"": [7, 35], ""acquisition_complete"": false, ""completed_steps"": [""r1_bearing_right"", ""r1_bearing_left"", ""r2_gear_rod"", ""r2_bearing_right"", ""r1_gear_rod"", ""r1_fasten_first_stand"", ""r1_insert_rod_and_fit_second"", ""r1_fasten_second_stand"", ""r2_bearing_left""], ""head_rotation_deg"": null, ""head_translation_m"": null, ""left_hand_translation_m"": null, ""removed_tool_ids"": [14, 15, 18, 19, 20, 21, 26, 27, 28], ""right_hand_translation_m"": null, ""selected_step"": ""r2_fasten_first_stand"", ""step_attempt"": 8, ""step_elapsed_s"": 28.907987562008202, ""step_event_index"": 90, ""total_hand_translation_m"": null, ""trial_finished_elapsed_s"": null, ""trial_recording"": true, ""trial_required_tool_ids"": [7, 35, 37]}"
2026-09-03T21:33:00.354-04:00,junhyun,gesture,hover,hover,r2_fasten_first_stand,Row 2.4: fasten right stand,ready,8,91,37,BITHOLDER2,,,,,,,,,,,,,,,,,,,,,,,"{""acquired_tool_ids"": [7, 35], ""acquisition_complete"": false, ""completed_steps"": [""r1_bearing_right"", ""r1_bearing_left"", ""r2_gear_rod"", ""r2_bearing_right"", ""r1_gear_rod"", ""r1_fasten_first_stand"", ""r1_insert_rod_and_fit_second"", ""r1_fasten_second_stand"", ""r2_bearing_left""], ""head_rotation_deg"": null, ""head_translation_m"": null, ""left_hand_translation_m"": null, ""removed_tool_ids"": [14, 15, 18, 19, 20, 21, 26, 27, 28], ""right_hand_translation_m"": null, ""selected_step"": ""r2_fasten_first_stand"", ""step_attempt"": 8, ""step_elapsed_s"": 29.367398032103665, ""step_event_index"": 91, ""total_hand_translation_m"": null, ""trial_finished_elapsed_s"": null, ""trial_recording"": true, ""trial_required_tool_ids"": [7, 35, 37]}"
2026-09-03T21:33:00.447-04:00,junhyun,gesture,tts_queued,lifecycle,r2_fasten_first_stand,Row 2.4: fasten right stand,ready,8,92,,,,29.460401,,,,,,,,,,,,,,,,bit holder2,,,replace_hover,,"{""acquired_tool_ids"": [7, 35], ""acquisition_complete"": false, ""completed_steps"": [""r1_bearing_right"", ""r1_bearing_left"", ""r2_gear_rod"", ""r2_bearing_right"", ""r1_gear_rod"", ""r1_fasten_first_stand"", ""r1_insert_rod_and_fit_second"", ""r1_fasten_second_stand"", ""r2_bearing_left""], ""head_rotation_deg"": null, ""head_translation_m"": null, ""left_hand_translation_m"": null, ""removed_tool_ids"": [14, 15, 18, 19, 20, 21, 26, 27, 28], ""right_hand_translation_m"": null, ""selected_step"": ""r2_fasten_first_stand"", ""step_attempt"": 8, ""step_elapsed_s"": 29.460414992063306, ""step_event_index"": 92, ""total_hand_translation_m"": null, ""trial_finished_elapsed_s"": null, ""trial_recording"": true, ""trial_required_tool_ids"": [7, 35, 37]}"
2026-09-03T21:33:00.538-04:00,junhyun,gesture,tts_finished,lifecycle,r2_fasten_first_stand,Row 2.4: fasten right stand,ready,8,93,,,,29.551936,,,,,,,,,,,,,,,,bit holder1,,,,,"{""acquired_tool_ids"": [7, 35], ""acquisition_complete"": false, ""completed_steps"": [""r1_bearing_right"", ""r1_bearing_left"", ""r2_gear_rod"", ""r2_bearing_right"", ""r1_gear_rod"", ""r1_fasten_first_stand"", ""r1_insert_rod_and_fit_second"", ""r1_fasten_second_stand"", ""r2_bearing_left""], ""head_rotation_deg"": null, ""head_translation_m"": null, ""left_hand_translation_m"": null, ""removed_tool_ids"": [14, 15, 18, 19, 20, 21, 26, 27, 28], ""right_hand_translation_m"": null, ""selected_step"": ""r2_fasten_first_stand"", ""step_attempt"": 8, ""step_elapsed_s"": 29.551946105086245, ""step_event_index"": 93, ""total_hand_translation_m"": null, ""trial_finished_elapsed_s"": null, ""trial_recording"": true, ""trial_required_tool_ids"": [7, 35, 37]}"
2026-09-03T21:33:00.594-04:00,junhyun,gesture,tts_started,lifecycle,r2_fasten_first_stand,Row 2.4: fasten right stand,ready,8,94,,,,29.607143,,,,,,,,,,,,,,,,bit holder2,,,,,"{""acquired_tool_ids"": [7, 35], ""acquisition_complete"": false, ""completed_steps"": [""r1_bearing_right"", ""r1_bearing_left"", ""r2_gear_rod"", ""r2_bearing_right"", ""r1_gear_rod"", ""r1_fasten_first_stand"", ""r1_insert_rod_and_fit_second"", ""r1_fasten_second_stand"", ""r2_bearing_left""], ""head_rotation_deg"": null, ""head_translation_m"": null, ""left_hand_translation_m"": null, ""removed_tool_ids"": [14, 15, 18, 19, 20, 21, 26, 27, 28], ""right_hand_translation_m"": null, ""selected_step"": ""r2_fasten_first_stand"", ""step_attempt"": 8, ""step_elapsed_s"": 29.607154784025624, ""step_event_index"": 94, ""total_hand_translation_m"": null, ""trial_finished_elapsed_s"": null, ""trial_recording"": true, ""trial_required_tool_ids"": [7, 35, 37]}"
2026-09-03T21:33:01.118-04:00,junhyun,gesture,part_selection,click,r2_fasten_first_stand,Row 2.4: fasten right stand,ready,8,95,37,BITHOLDER2,6.113357,30.131725,,,,,,,,,,,,,,,1,,,,,,"{""acquired_tool_ids"": [7, 35, 37], ""acquisition_complete"": false, ""completed_steps"": [""r1_bearing_right"", ""r1_bearing_left"", ""r2_gear_rod"", ""r2_bearing_right"", ""r1_gear_rod"", ""r1_fasten_first_stand"", ""r1_insert_rod_and_fit_second"", ""r1_fasten_second_stand"", ""r2_bearing_left""], ""head_rotation_deg"": null, ""head_translation_m"": null, ""left_hand_translation_m"": null, ""removed_tool_ids"": [14, 15, 18, 19, 20, 21, 26, 27, 28], ""right_hand_translation_m"": null, ""selected_step"": ""r2_fasten_first_stand"", ""step_attempt"": 8, ""step_elapsed_s"": 30.13176967005711, ""step_event_index"": 95, ""total_hand_translation_m"": null, ""trial_finished_elapsed_s"": null, ""trial_recording"": true, ""trial_required_tool_ids"": [7, 35, 37]}"
2026-09-03T21:33:01.228-04:00,junhyun,gesture,object_acquired,click,r2_fasten_first_stand,Row 2.4: fasten right stand,ready,8,96,37,BITHOLDER2,6.113357,30.131725,,,,,,,,,,,,,,,1,,,,,,"{""acquired_tool_ids"": [7, 35, 37], ""acquisition_complete"": false, ""completed_steps"": [""r1_bearing_right"", ""r1_bearing_left"", ""r2_gear_rod"", ""r2_bearing_right"", ""r1_gear_rod"", ""r1_fasten_first_stand"", ""r1_insert_rod_and_fit_second"", ""r1_fasten_second_stand"", ""r2_bearing_left""], ""head_rotation_deg"": null, ""head_translation_m"": null, ""left_hand_translation_m"": null, ""removed_tool_ids"": [14, 15, 18, 19, 20, 21, 26, 27, 28], ""right_hand_translation_m"": null, ""selected_step"": ""r2_fasten_first_stand"", ""step_attempt"": 8, ""step_elapsed_s"": 30.241101683001034, ""step_event_index"": 96, ""total_hand_translation_m"": null, ""trial_finished_elapsed_s"": null, ""trial_recording"": true, ""trial_required_tool_ids"": [7, 35, 37]}"
2026-09-03T21:33:01.306-04:00,junhyun,gesture,step_acquisition_complete,click,r2_fasten_first_stand,Row 2.4: fasten right stand,ready,8,97,,,,30.317637,0.852268,80.601732,2.051920,1.825596,3.877516,0.000000,8.802929,8.802929,61.250287,0,7,0.000000,0.335872,0.335872,,,,,,,"{""acquired_tool_ids"": [7, 35, 37], ""acquisition_complete"": true, ""any_hover_time_s"": 8.802929289173335, ""completed_steps"": [""r1_bearing_right"", ""r1_bearing_left"", ""r2_gear_rod"", ""r2_bearing_right"", ""r1_gear_rod"", ""r1_fasten_first_stand"", ""r1_insert_rod_and_fit_second"", ""r1_fasten_second_stand"", ""r2_bearing_left""], ""head_rotation_deg"": 80.60173194514144, ""head_translation_m"": 0.8522680823984878, ""hover_time_percent"": 61.25028715467372, ""left_hand_translation_m"": 2.051920298955311, ""left_hover_episodes"": 0, ""left_hover_time_s"": 0.0, ""left_hover_translation_m"": 0.0, ""removed_tool_ids"": [14, 15, 18, 19, 20, 21, 26, 27, 28], ""right_hand_translation_m"": 1.8255960999229615, ""right_hover_episodes"": 7, ""right_hover_time_s"": 8.802929289173335, ""right_hover_translation_m"": 0.3358715747972788, ""selected_step"": ""r2_fasten_first_stand"", ""step_attempt"": 8, ""step_elapsed_s"": 30.317636501044035, ""step_event_index"": 97, ""total_hand_translation_m"": 3.8775163988782726, ""total_hover_translation_m"": 0.3358715747972788, ""trial_finished_elapsed_s"": 30.317636501044035, ""trial_recording"": false, ""trial_required_tool_ids"": [7, 35, 37]}"
2026-09-03T21:33:01.332-04:00,junhyun,gesture,graph_complete,,r2_fasten_first_stand,Row 2.4: fasten right stand,complete,8,98,,,,,,,,,,,,,,,,,,,,,,,,,"{""acquired_tool_ids"": [7, 35, 37], ""acquisition_complete"": true, ""any_hover_time_s"": 8.802929289173335, ""completed_steps"": [""r1_bearing_right"", ""r1_bearing_left"", ""r2_gear_rod"", ""r2_bearing_right"", ""r1_gear_rod"", ""r1_fasten_first_stand"", ""r1_insert_rod_and_fit_second"", ""r1_fasten_second_stand"", ""r2_bearing_left"", ""r2_fasten_first_stand"", ""r2_insert_rod_and_fit_second"", ""r2_fasten_second_stand""], ""head_rotation_deg"": 80.60173194514144, ""head_translation_m"": 0.8522680823984878, ""hover_time_percent"": 61.25028715467372, ""left_hand_translation_m"": 2.051920298955311, ""left_hover_episodes"": 0, ""left_hover_time_s"": 0.0, ""left_hover_translation_m"": 0.0, ""removed_tool_ids"": [14, 15, 18, 19, 20, 21, 26, 27, 28], ""right_hand_translation_m"": 1.8255960999229615, ""right_hover_episodes"": 7, ""right_hover_time_s"": 8.802929289173335, ""right_hover_translation_m"": 0.3358715747972788, ""selected_step"": ""r2_fasten_first_stand"", ""step_attempt"": 8, ""step_elapsed_s"": 30.317636501044035, ""step_event_index"": 98, ""total_hand_translation_m"": 3.8775163988782726, ""total_hover_translation_m"": 0.3358715747972788, ""trial_finished_elapsed_s"": 30.317636501044035, ""trial_recording"": false, ""trial_required_tool_ids"": [7, 35, 37]}"
