timestamp,participant_id,condition,event_type,modality,step_id,step_title,step_state,step_attempt,step_event_index,tool_id,tool_name,part_elapsed_s,step_elapsed_s,head_translation_m,head_rotation_deg,left_hand_translation_m,right_hand_translation_m,total_hand_translation_m,left_hover_time_s,right_hover_time_s,any_hover_time_s,hover_time_percent,left_hover_episodes,right_hover_episodes,left_hover_translation_m,right_hover_translation_m,total_hover_translation_m,correct,transcript,vlm_prediction,vlm_raw,graph_decision,spoken_response,state_json
2026-09-03T21:34:34.043-04:00,junhyun,language,step_started,keyboard,r1_gear_rod,Row 1.2: assemble gear rod,ready,1,1,,,,,,,,,,,,,,,,,,,,,,,,,"{""acquired_tool_ids"": [], ""acquisition_complete"": false, ""completed_steps"": [], ""head_rotation_deg"": null, ""head_translation_m"": null, ""left_hand_translation_m"": null, ""removed_tool_ids"": [], ""right_hand_translation_m"": null, ""selected_step"": ""r1_gear_rod"", ""step_attempt"": 1, ""step_elapsed_s"": 6.767793092876673e-05, ""step_event_index"": 1, ""total_hand_translation_m"": null, ""trial_finished_elapsed_s"": null, ""trial_recording"": true, ""trial_required_tool_ids"": [14, 26, 33]}"
2026-09-03T21:34:35.710-04:00,junhyun,language,speech_started,lifecycle,r1_gear_rod,Row 1.2: assemble gear rod,ready,1,2,,,,1.667358,,,,,,,,,,,,,,,,,,,,,"{""acquired_tool_ids"": [], ""acquisition_complete"": false, ""completed_steps"": [], ""head_rotation_deg"": null, ""head_translation_m"": null, ""left_hand_translation_m"": null, ""removed_tool_ids"": [], ""right_hand_translation_m"": null, ""selected_step"": ""r1_gear_rod"", ""step_attempt"": 1, ""step_elapsed_s"": 1.6673687510192394, ""step_event_index"": 2, ""total_hand_translation_m"": null, ""trial_finished_elapsed_s"": null, ""trial_recording"": true, ""trial_required_tool_ids"": [14, 26, 33]}"
2026-09-03T21:34:38.067-04:00,junhyun,language,speech_capture_ended,lifecycle,r1_gear_rod,Row 1.2: assemble gear rod,ready,1,3,,,,4.023689,,,,,,,,,,,,,,,,,,,,,"{""acquired_tool_ids"": [], ""acquisition_complete"": false, ""completed_steps"": [], ""head_rotation_deg"": null, ""head_translation_m"": null, ""left_hand_translation_m"": null, ""removed_tool_ids"": [], ""right_hand_translation_m"": null, ""selected_step"": ""r1_gear_rod"", ""step_attempt"": 1, ""step_elapsed_s"": 4.02369842492044, ""step_event_index"": 3, ""total_hand_translation_m"": null, ""trial_finished_elapsed_s"": null, ""trial_recording"": true, ""trial_required_tool_ids"": [14, 26, 33]}"
2026-09-03T21:34:38.127-04:00,junhyun,language,asr_started,lifecycle,r1_gear_rod,Row 1.2: assemble gear rod,ready,1,4,,,,4.083812,,,,,,,,,,,,,,,,,,,,,"{""acquired_tool_ids"": [], ""acquisition_complete"": false, ""completed_steps"": [], ""head_rotation_deg"": null, ""head_translation_m"": null, ""left_hand_translation_m"": null, ""removed_tool_ids"": [], ""right_hand_translation_m"": null, ""selected_step"": ""r1_gear_rod"", ""step_attempt"": 1, ""step_elapsed_s"": 4.083829810959287, ""step_event_index"": 4, ""total_hand_translation_m"": null, ""trial_finished_elapsed_s"": null, ""trial_recording"": true, ""trial_required_tool_ids"": [14, 26, 33]}"
2026-09-03T21:34:38.201-04:00,junhyun,language,asr_completed,lifecycle,r1_gear_rod,Row 1.2: assemble gear rod,ready,1,5,,,,4.158005,,,,,,,,,,,,,,,,White gear rod.,,,,,"{""acquired_tool_ids"": [], ""acquisition_complete"": false, ""completed_steps"": [], ""head_rotation_deg"": null, ""head_translation_m"": null, ""left_hand_translation_m"": null, ""removed_tool_ids"": [], ""right_hand_translation_m"": null, ""selected_step"": ""r1_gear_rod"", ""step_attempt"": 1, ""step_elapsed_s"": 4.158014056971297, ""step_event_index"": 5, ""total_hand_translation_m"": null, ""trial_finished_elapsed_s"": null, ""trial_recording"": true, ""trial_required_tool_ids"": [14, 26, 33]}"
2026-09-03T21:34:38.950-04:00,junhyun,language,participant_speech_submitted,speech,r1_gear_rod,Row 1.2: assemble gear rod,ready,1,6,,,,4.906926,,,,,,,,,,,,,,,,a white gear rod,,,speech_proxy,,"{""acquired_tool_ids"": [], ""acquisition_complete"": false, ""completed_steps"": [], ""head_rotation_deg"": null, ""head_translation_m"": null, ""left_hand_translation_m"": null, ""removed_tool_ids"": [], ""right_hand_translation_m"": null, ""selected_step"": ""r1_gear_rod"", ""step_attempt"": 1, ""step_elapsed_s"": 4.90693905192893, ""step_event_index"": 6, ""total_hand_translation_m"": null, ""trial_finished_elapsed_s"": null, ""trial_recording"": true, ""trial_required_tool_ids"": [14, 26, 33]}"
2026-09-03T21:34:39.001-04:00,junhyun,language,vlm_request_submitted,speech,r1_gear_rod,Row 1.2: assemble gear rod,ready,1,7,,,,4.958143,,,,,,,,,,,,,,,,a white gear rod,,,speech_proxy,,"{""acquired_tool_ids"": [], ""acquisition_complete"": false, ""completed_steps"": [], ""head_rotation_deg"": null, ""head_translation_m"": null, ""left_hand_translation_m"": null, ""removed_tool_ids"": [], ""right_hand_translation_m"": null, ""selected_step"": ""r1_gear_rod"", ""step_attempt"": 1, ""step_elapsed_s"": 4.958152249921113, ""step_event_index"": 7, ""total_hand_translation_m"": null, ""trial_finished_elapsed_s"": null, ""trial_recording"": true, ""trial_required_tool_ids"": [14, 26, 33]}"
2026-09-03T21:34:41.647-04:00,junhyun,language,speech_started,lifecycle,r1_gear_rod,Row 1.2: assemble gear rod,ready,1,8,,,,7.604100,,,,,,,,,,,,,,,,,,,,,"{""acquired_tool_ids"": [], ""acquisition_complete"": false, ""completed_steps"": [], ""head_rotation_deg"": null, ""head_translation_m"": null, ""left_hand_translation_m"": null, ""removed_tool_ids"": [], ""right_hand_translation_m"": null, ""selected_step"": ""r1_gear_rod"", ""step_attempt"": 1, ""step_elapsed_s"": 7.604111766908318, ""step_event_index"": 8, ""total_hand_translation_m"": null, ""trial_finished_elapsed_s"": null, ""trial_recording"": true, ""trial_required_tool_ids"": [14, 26, 33]}"
2026-09-03T21:34:42.631-04:00,junhyun,language,vlm_inference_completed,lifecycle,r1_gear_rod,Row 1.2: assemble gear rod,ready,1,9,,,,8.587422,,,,,,,,,,,,,,,,a white gear rod,,,GEAR_ROD_ROW1,,"{""acquired_tool_ids"": [], ""acquisition_complete"": false, ""completed_steps"": [], ""head_rotation_deg"": null, ""head_translation_m"": null, ""left_hand_translation_m"": null, ""removed_tool_ids"": [], ""right_hand_translation_m"": null, ""selected_step"": ""r1_gear_rod"", ""step_attempt"": 1, ""step_elapsed_s"": 8.587429867940955, ""step_event_index"": 9, ""total_hand_translation_m"": null, ""trial_finished_elapsed_s"": null, ""trial_recording"": true, ""trial_required_tool_ids"": [14, 26, 33]}"
2026-09-03T21:34:42.662-04:00,junhyun,language,vlm_interaction,language,r1_gear_rod,Row 1.2: assemble gear rod,ready,1,10,,,,,,,,,,,,,,,,,,,,a white gear rod,GEAR_ROD_ROW1,"{""intent"":""part_reference"",""part_action"":""reference"",""reference_relation"":""direct"",""step_scope"":"""",""target"":""GEAR_ROD_ROW1"",""candidates"":[],""exclude_labels"":[]}",language_grounded,I identified and highlighted the Row 1 gear rod.,"{""acquired_tool_ids"": [], ""acquisition_complete"": false, ""completed_steps"": [], ""head_rotation_deg"": null, ""head_translation_m"": null, ""left_hand_translation_m"": null, ""removed_tool_ids"": [], ""right_hand_translation_m"": null, ""selected_step"": ""r1_gear_rod"", ""step_attempt"": 1, ""step_elapsed_s"": 8.61852664896287, ""step_event_index"": 10, ""total_hand_translation_m"": null, ""trial_finished_elapsed_s"": null, ""trial_recording"": true, ""trial_required_tool_ids"": [14, 26, 33]}"
2026-09-03T21:34:42.722-04:00,junhyun,language,part_selection,language,r1_gear_rod,Row 1.2: assemble gear rod,ready,1,11,14,GEAR_ROD_ROW1,8.678455,8.678455,,,,,,,,,,,,,,,1,,,,,,"{""acquired_tool_ids"": [14], ""acquisition_complete"": false, ""completed_steps"": [], ""head_rotation_deg"": null, ""head_translation_m"": null, ""left_hand_translation_m"": null, ""removed_tool_ids"": [], ""right_hand_translation_m"": null, ""selected_step"": ""r1_gear_rod"", ""step_attempt"": 1, ""step_elapsed_s"": 8.678536088904366, ""step_event_index"": 11, ""total_hand_translation_m"": null, ""trial_finished_elapsed_s"": null, ""trial_recording"": true, ""trial_required_tool_ids"": [14, 26, 33]}"
2026-09-03T21:34:42.779-04:00,junhyun,language,object_acquired,language,r1_gear_rod,Row 1.2: assemble gear rod,ready,1,12,14,GEAR_ROD_ROW1,8.678455,8.678455,,,,,,,,,,,,,,,1,,,,,,"{""acquired_tool_ids"": [14], ""acquisition_complete"": false, ""completed_steps"": [], ""head_rotation_deg"": null, ""head_translation_m"": null, ""left_hand_translation_m"": null, ""removed_tool_ids"": [], ""right_hand_translation_m"": null, ""selected_step"": ""r1_gear_rod"", ""step_attempt"": 1, ""step_elapsed_s"": 8.735475601977669, ""step_event_index"": 12, ""total_hand_translation_m"": null, ""trial_finished_elapsed_s"": null, ""trial_recording"": true, ""trial_required_tool_ids"": [14, 26, 33]}"
2026-09-03T21:34:42.841-04:00,junhyun,language,tts_queued,lifecycle,r1_gear_rod,Row 1.2: assemble gear rod,ready,1,13,,,,8.798044,,,,,,,,,,,,,,,,2 parts left.,,,replace,,"{""acquired_tool_ids"": [14], ""acquisition_complete"": false, ""completed_steps"": [], ""head_rotation_deg"": null, ""head_translation_m"": null, ""left_hand_translation_m"": null, ""removed_tool_ids"": [], ""right_hand_translation_m"": null, ""selected_step"": ""r1_gear_rod"", ""step_attempt"": 1, ""step_elapsed_s"": 8.798059311928228, ""step_event_index"": 13, ""total_hand_translation_m"": null, ""trial_finished_elapsed_s"": null, ""trial_recording"": true, ""trial_required_tool_ids"": [14, 26, 33]}"
2026-09-03T21:34:42.920-04:00,junhyun,language,tts_started,lifecycle,r1_gear_rod,Row 1.2: assemble gear rod,ready,1,14,,,,8.876812,,,,,,,,,,,,,,,,2 parts left.,,,,,"{""acquired_tool_ids"": [14], ""acquisition_complete"": false, ""completed_steps"": [], ""head_rotation_deg"": null, ""head_translation_m"": null, ""left_hand_translation_m"": null, ""removed_tool_ids"": [], ""right_hand_translation_m"": null, ""selected_step"": ""r1_gear_rod"", ""step_attempt"": 1, ""step_elapsed_s"": 8.876821500016376, ""step_event_index"": 14, ""total_hand_translation_m"": null, ""trial_finished_elapsed_s"": null, ""trial_recording"": true, ""trial_required_tool_ids"": [14, 26, 33]}"
2026-09-03T21:34:44.031-04:00,junhyun,language,speech_capture_ended,lifecycle,r1_gear_rod,Row 1.2: assemble gear rod,ready,1,15,,,,9.988360,,,,,,,,,,,,,,,,,,,,,"{""acquired_tool_ids"": [14], ""acquisition_complete"": false, ""completed_steps"": [], ""head_rotation_deg"": null, ""head_translation_m"": null, ""left_hand_translation_m"": null, ""removed_tool_ids"": [], ""right_hand_translation_m"": null, ""selected_step"": ""r1_gear_rod"", ""step_attempt"": 1, ""step_elapsed_s"": 9.988370619015768, ""step_event_index"": 15, ""total_hand_translation_m"": null, ""trial_finished_elapsed_s"": null, ""trial_recording"": true, ""trial_required_tool_ids"": [14, 26, 33]}"
2026-09-03T21:34:44.062-04:00,junhyun,language,asr_started,lifecycle,r1_gear_rod,Row 1.2: assemble gear rod,ready,1,16,,,,10.018502,,,,,,,,,,,,,,,,,,,,,"{""acquired_tool_ids"": [14], ""acquisition_complete"": false, ""completed_steps"": [], ""head_rotation_deg"": null, ""head_translation_m"": null, ""left_hand_translation_m"": null, ""removed_tool_ids"": [], ""right_hand_translation_m"": null, ""selected_step"": ""r1_gear_rod"", ""step_attempt"": 1, ""step_elapsed_s"": 10.018514172988944, ""step_event_index"": 16, ""total_hand_translation_m"": null, ""trial_finished_elapsed_s"": null, ""trial_recording"": true, ""trial_required_tool_ids"": [14, 26, 33]}"
2026-09-03T21:34:44.097-04:00,junhyun,language,asr_completed,lifecycle,r1_gear_rod,Row 1.2: assemble gear rod,ready,1,17,,,,10.053565,,,,,,,,,,,,,,,,Wooden pin,,,,,"{""acquired_tool_ids"": [14], ""acquisition_complete"": false, ""completed_steps"": [], ""head_rotation_deg"": null, ""head_translation_m"": null, ""left_hand_translation_m"": null, ""removed_tool_ids"": [], ""right_hand_translation_m"": null, ""selected_step"": ""r1_gear_rod"", ""step_attempt"": 1, ""step_elapsed_s"": 10.053571837954223, ""step_event_index"": 17, ""total_hand_translation_m"": null, ""trial_finished_elapsed_s"": null, ""trial_recording"": true, ""trial_required_tool_ids"": [14, 26, 33]}"
2026-09-03T21:34:44.135-04:00,junhyun,language,transcript_ignored_during_tts,lifecycle,r1_gear_rod,Row 1.2: assemble gear rod,ready,1,18,,,,10.092216,,,,,,,,,,,,,,,,Wooden pin,,,,,"{""acquired_tool_ids"": [14], ""acquisition_complete"": false, ""completed_steps"": [], ""head_rotation_deg"": null, ""head_translation_m"": null, ""left_hand_translation_m"": null, ""removed_tool_ids"": [], ""right_hand_translation_m"": null, ""selected_step"": ""r1_gear_rod"", ""step_attempt"": 1, ""step_elapsed_s"": 10.092226173961535, ""step_event_index"": 18, ""total_hand_translation_m"": null, ""trial_finished_elapsed_s"": null, ""trial_recording"": true, ""trial_required_tool_ids"": [14, 26, 33]}"
2026-09-03T21:34:44.201-04:00,junhyun,language,tts_finished,lifecycle,r1_gear_rod,Row 1.2: assemble gear rod,ready,1,19,,,,10.158077,,,,,,,,,,,,,,,,2 parts left.,,,,,"{""acquired_tool_ids"": [14], ""acquisition_complete"": false, ""completed_steps"": [], ""head_rotation_deg"": null, ""head_translation_m"": null, ""left_hand_translation_m"": null, ""removed_tool_ids"": [], ""right_hand_translation_m"": null, ""selected_step"": ""r1_gear_rod"", ""step_attempt"": 1, ""step_elapsed_s"": 10.158088183961809, ""step_event_index"": 19, ""total_hand_translation_m"": null, ""trial_finished_elapsed_s"": null, ""trial_recording"": true, ""trial_required_tool_ids"": [14, 26, 33]}"
2026-09-03T21:34:45.483-04:00,junhyun,language,participant_speech_submitted,speech,r1_gear_rod,Row 1.2: assemble gear rod,ready,1,20,,,,11.439379,,,,,,,,,,,,,,,,wooden pin,,,speech_proxy,,"{""acquired_tool_ids"": [14], ""acquisition_complete"": false, ""completed_steps"": [], ""head_rotation_deg"": null, ""head_translation_m"": null, ""left_hand_translation_m"": null, ""removed_tool_ids"": [], ""right_hand_translation_m"": null, ""selected_step"": ""r1_gear_rod"", ""step_attempt"": 1, ""step_elapsed_s"": 11.4393903989112, ""step_event_index"": 20, ""total_hand_translation_m"": null, ""trial_finished_elapsed_s"": null, ""trial_recording"": true, ""trial_required_tool_ids"": [14, 26, 33]}"
2026-09-03T21:34:45.531-04:00,junhyun,language,vlm_request_submitted,speech,r1_gear_rod,Row 1.2: assemble gear rod,ready,1,21,,,,11.487781,,,,,,,,,,,,,,,,wooden pin,,,speech_proxy,,"{""acquired_tool_ids"": [14], ""acquisition_complete"": false, ""completed_steps"": [], ""head_rotation_deg"": null, ""head_translation_m"": null, ""left_hand_translation_m"": null, ""removed_tool_ids"": [], ""right_hand_translation_m"": null, ""selected_step"": ""r1_gear_rod"", ""step_attempt"": 1, ""step_elapsed_s"": 11.487791061983444, ""step_event_index"": 21, ""total_hand_translation_m"": null, ""trial_finished_elapsed_s"": null, ""trial_recording"": true, ""trial_required_tool_ids"": [14, 26, 33]}"
2026-09-03T21:34:48.626-04:00,junhyun,language,speech_started,lifecycle,r1_gear_rod,Row 1.2: assemble gear rod,ready,1,22,,,,14.583020,,,,,,,,,,,,,,,,,,,,,"{""acquired_tool_ids"": [14], ""acquisition_complete"": false, ""completed_steps"": [], ""head_rotation_deg"": null, ""head_translation_m"": null, ""left_hand_translation_m"": null, ""removed_tool_ids"": [], ""right_hand_translation_m"": null, ""selected_step"": ""r1_gear_rod"", ""step_attempt"": 1, ""step_elapsed_s"": 14.583031387999654, ""step_event_index"": 22, ""total_hand_translation_m"": null, ""trial_finished_elapsed_s"": null, ""trial_recording"": true, ""trial_required_tool_ids"": [14, 26, 33]}"
2026-09-03T21:34:48.767-04:00,junhyun,language,vlm_inference_completed,lifecycle,r1_gear_rod,Row 1.2: assemble gear rod,ready,1,23,,,,14.723726,,,,,,,,,,,,,,,,wooden pin,,,PIN,,"{""acquired_tool_ids"": [14], ""acquisition_complete"": false, ""completed_steps"": [], ""head_rotation_deg"": null, ""head_translation_m"": null, ""left_hand_translation_m"": null, ""removed_tool_ids"": [], ""right_hand_translation_m"": null, ""selected_step"": ""r1_gear_rod"", ""step_attempt"": 1, ""step_elapsed_s"": 14.723736839951016, ""step_event_index"": 23, ""total_hand_translation_m"": null, ""trial_finished_elapsed_s"": null, ""trial_recording"": true, ""trial_required_tool_ids"": [14, 26, 33]}"
2026-09-03T21:34:48.874-04:00,junhyun,language,vlm_interaction,language,r1_gear_rod,Row 1.2: assemble gear rod,ready,1,24,,,,,,,,,,,,,,,,,,,,wooden pin,PIN,"{""intent"":""part_reference"",""part_action"":""reference"",""reference_relation"":""direct"",""step_scope"":"""",""target"":""PIN"",""candidates"":[],""exclude_labels"":[]}",language_grounded,I identified and highlighted the wooden retaining pin.,"{""acquired_tool_ids"": [14], ""acquisition_complete"": false, ""completed_steps"": [], ""head_rotation_deg"": null, ""head_translation_m"": null, ""left_hand_translation_m"": null, ""removed_tool_ids"": [], ""right_hand_translation_m"": null, ""selected_step"": ""r1_gear_rod"", ""step_attempt"": 1, ""step_elapsed_s"": 14.83087379601784, ""step_event_index"": 24, ""total_hand_translation_m"": null, ""trial_finished_elapsed_s"": null, ""trial_recording"": true, ""trial_required_tool_ids"": [14, 26, 33]}"
2026-09-03T21:34:48.926-04:00,junhyun,language,part_selection,language,r1_gear_rod,Row 1.2: assemble gear rod,ready,1,25,33,PINS,6.204068,14.882523,,,,,,,,,,,,,,,1,,,,,,"{""acquired_tool_ids"": [14, 33], ""acquisition_complete"": false, ""completed_steps"": [], ""head_rotation_deg"": null, ""head_translation_m"": null, ""left_hand_translation_m"": null, ""removed_tool_ids"": [], ""right_hand_translation_m"": null, ""selected_step"": ""r1_gear_rod"", ""step_attempt"": 1, ""step_elapsed_s"": 14.882590061984956, ""step_event_index"": 25, ""total_hand_translation_m"": null, ""trial_finished_elapsed_s"": null, ""trial_recording"": true, ""trial_required_tool_ids"": [14, 26, 33]}"
2026-09-03T21:34:48.948-04:00,junhyun,language,object_acquired,language,r1_gear_rod,Row 1.2: assemble gear rod,ready,1,26,33,PINS,6.204068,14.882523,,,,,,,,,,,,,,,1,,,,,,"{""acquired_tool_ids"": [14, 33], ""acquisition_complete"": false, ""completed_steps"": [], ""head_rotation_deg"": null, ""head_translation_m"": null, ""left_hand_translation_m"": null, ""removed_tool_ids"": [], ""right_hand_translation_m"": null, ""selected_step"": ""r1_gear_rod"", ""step_attempt"": 1, ""step_elapsed_s"": 14.905092102941126, ""step_event_index"": 26, ""total_hand_translation_m"": null, ""trial_finished_elapsed_s"": null, ""trial_recording"": true, ""trial_required_tool_ids"": [14, 26, 33]}"
2026-09-03T21:34:48.977-04:00,junhyun,language,tts_queued,lifecycle,r1_gear_rod,Row 1.2: assemble gear rod,ready,1,27,,,,14.933966,,,,,,,,,,,,,,,,1 part left.,,,replace,,"{""acquired_tool_ids"": [14, 33], ""acquisition_complete"": false, ""completed_steps"": [], ""head_rotation_deg"": null, ""head_translation_m"": null, ""left_hand_translation_m"": null, ""removed_tool_ids"": [], ""right_hand_translation_m"": null, ""selected_step"": ""r1_gear_rod"", ""step_attempt"": 1, ""step_elapsed_s"": 14.933979623951018, ""step_event_index"": 27, ""total_hand_translation_m"": null, ""trial_finished_elapsed_s"": null, ""trial_recording"": true, ""trial_required_tool_ids"": [14, 26, 33]}"
2026-09-03T21:34:49.020-04:00,junhyun,language,tts_started,lifecycle,r1_gear_rod,Row 1.2: assemble gear rod,ready,1,28,,,,14.977359,,,,,,,,,,,,,,,,1 part left.,,,,,"{""acquired_tool_ids"": [14, 33], ""acquisition_complete"": false, ""completed_steps"": [], ""head_rotation_deg"": null, ""head_translation_m"": null, ""left_hand_translation_m"": null, ""removed_tool_ids"": [], ""right_hand_translation_m"": null, ""selected_step"": ""r1_gear_rod"", ""step_attempt"": 1, ""step_elapsed_s"": 14.977372460998595, ""step_event_index"": 28, ""total_hand_translation_m"": null, ""trial_finished_elapsed_s"": null, ""trial_recording"": true, ""trial_required_tool_ids"": [14, 26, 33]}"
2026-09-03T21:34:50.451-04:00,junhyun,language,tts_finished,lifecycle,r1_gear_rod,Row 1.2: assemble gear rod,ready,1,29,,,,16.407686,,,,,,,,,,,,,,,,1 part left.,,,,,"{""acquired_tool_ids"": [14, 33], ""acquisition_complete"": false, ""completed_steps"": [], ""head_rotation_deg"": null, ""head_translation_m"": null, ""left_hand_translation_m"": null, ""removed_tool_ids"": [], ""right_hand_translation_m"": null, ""selected_step"": ""r1_gear_rod"", ""step_attempt"": 1, ""step_elapsed_s"": 16.407695489935577, ""step_event_index"": 29, ""total_hand_translation_m"": null, ""trial_finished_elapsed_s"": null, ""trial_recording"": true, ""trial_required_tool_ids"": [14, 26, 33]}"
2026-09-03T21:34:50.693-04:00,junhyun,language,speech_capture_ended,lifecycle,r1_gear_rod,Row 1.2: assemble gear rod,ready,1,30,,,,16.649799,,,,,,,,,,,,,,,,,,,,,"{""acquired_tool_ids"": [14, 33], ""acquisition_complete"": false, ""completed_steps"": [], ""head_rotation_deg"": null, ""head_translation_m"": null, ""left_hand_translation_m"": null, ""removed_tool_ids"": [], ""right_hand_translation_m"": null, ""selected_step"": ""r1_gear_rod"", ""step_attempt"": 1, ""step_elapsed_s"": 16.649818397942, ""step_event_index"": 30, ""total_hand_translation_m"": null, ""trial_finished_elapsed_s"": null, ""trial_recording"": true, ""trial_required_tool_ids"": [14, 26, 33]}"
2026-09-03T21:34:50.791-04:00,junhyun,language,asr_started,lifecycle,r1_gear_rod,Row 1.2: assemble gear rod,ready,1,31,,,,16.747893,,,,,,,,,,,,,,,,,,,,,"{""acquired_tool_ids"": [14, 33], ""acquisition_complete"": false, ""completed_steps"": [], ""head_rotation_deg"": null, ""head_translation_m"": null, ""left_hand_translation_m"": null, ""removed_tool_ids"": [], ""right_hand_translation_m"": null, ""selected_step"": ""r1_gear_rod"", ""step_attempt"": 1, ""step_elapsed_s"": 16.74790682492312, ""step_event_index"": 31, ""total_hand_translation_m"": null, ""trial_finished_elapsed_s"": null, ""trial_recording"": true, ""trial_required_tool_ids"": [14, 26, 33]}"
2026-09-03T21:34:50.896-04:00,junhyun,language,asr_completed,lifecycle,r1_gear_rod,Row 1.2: assemble gear rod,ready,1,32,,,,16.852383,,,,,,,,,,,,,,,,Uh,,,,,"{""acquired_tool_ids"": [14, 33], ""acquisition_complete"": false, ""completed_steps"": [], ""head_rotation_deg"": null, ""head_translation_m"": null, ""left_hand_translation_m"": null, ""removed_tool_ids"": [], ""right_hand_translation_m"": null, ""selected_step"": ""r1_gear_rod"", ""step_attempt"": 1, ""step_elapsed_s"": 16.85239186300896, ""step_event_index"": 32, ""total_hand_translation_m"": null, ""trial_finished_elapsed_s"": null, ""trial_recording"": true, ""trial_required_tool_ids"": [14, 26, 33]}"
2026-09-03T21:34:53.302-04:00,junhyun,language,speech_started,lifecycle,r1_gear_rod,Row 1.2: assemble gear rod,ready,1,33,,,,19.258589,,,,,,,,,,,,,,,,,,,,,"{""acquired_tool_ids"": [14, 33], ""acquisition_complete"": false, ""completed_steps"": [], ""head_rotation_deg"": null, ""head_translation_m"": null, ""left_hand_translation_m"": null, ""removed_tool_ids"": [], ""right_hand_translation_m"": null, ""selected_step"": ""r1_gear_rod"", ""step_attempt"": 1, ""step_elapsed_s"": 19.258601095993072, ""step_event_index"": 33, ""total_hand_translation_m"": null, ""trial_finished_elapsed_s"": null, ""trial_recording"": true, ""trial_required_tool_ids"": [14, 26, 33]}"
2026-09-03T21:34:55.674-04:00,junhyun,language,speech_capture_ended,lifecycle,r1_gear_rod,Row 1.2: assemble gear rod,ready,1,34,,,,21.631044,,,,,,,,,,,,,,,,,,,,,"{""acquired_tool_ids"": [14, 33], ""acquisition_complete"": false, ""completed_steps"": [], ""head_rotation_deg"": null, ""head_translation_m"": null, ""left_hand_translation_m"": null, ""removed_tool_ids"": [], ""right_hand_translation_m"": null, ""selected_step"": ""r1_gear_rod"", ""step_attempt"": 1, ""step_elapsed_s"": 21.63105511397589, ""step_event_index"": 34, ""total_hand_translation_m"": null, ""trial_finished_elapsed_s"": null, ""trial_recording"": true, ""trial_required_tool_ids"": [14, 26, 33]}"
2026-09-03T21:34:55.713-04:00,junhyun,language,asr_started,lifecycle,r1_gear_rod,Row 1.2: assemble gear rod,ready,1,35,,,,21.669965,,,,,,,,,,,,,,,,,,,,,"{""acquired_tool_ids"": [14, 33], ""acquisition_complete"": false, ""completed_steps"": [], ""head_rotation_deg"": null, ""head_translation_m"": null, ""left_hand_translation_m"": null, ""removed_tool_ids"": [], ""right_hand_translation_m"": null, ""selected_step"": ""r1_gear_rod"", ""step_attempt"": 1, ""step_elapsed_s"": 21.66998323693406, ""step_event_index"": 35, ""total_hand_translation_m"": null, ""trial_finished_elapsed_s"": null, ""trial_recording"": true, ""trial_required_tool_ids"": [14, 26, 33]}"
2026-09-03T21:34:55.945-04:00,junhyun,language,asr_completed,lifecycle,r1_gear_rod,Row 1.2: assemble gear rod,ready,1,36,,,,21.901702,,,,,,,,,,,,,,,,White gear.,,,,,"{""acquired_tool_ids"": [14, 33], ""acquisition_complete"": false, ""completed_steps"": [], ""head_rotation_deg"": null, ""head_translation_m"": null, ""left_hand_translation_m"": null, ""removed_tool_ids"": [], ""right_hand_translation_m"": null, ""selected_step"": ""r1_gear_rod"", ""step_attempt"": 1, ""step_elapsed_s"": 21.901708738994785, ""step_event_index"": 36, ""total_hand_translation_m"": null, ""trial_finished_elapsed_s"": null, ""trial_recording"": true, ""trial_required_tool_ids"": [14, 26, 33]}"
2026-09-03T21:34:57.555-04:00,junhyun,language,participant_speech_submitted,speech,r1_gear_rod,Row 1.2: assemble gear rod,ready,1,37,,,,23.511499,,,,,,,,,,,,,,,,white gear,,,speech_proxy,,"{""acquired_tool_ids"": [14, 33], ""acquisition_complete"": false, ""completed_steps"": [], ""head_rotation_deg"": null, ""head_translation_m"": null, ""left_hand_translation_m"": null, ""removed_tool_ids"": [], ""right_hand_translation_m"": null, ""selected_step"": ""r1_gear_rod"", ""step_attempt"": 1, ""step_elapsed_s"": 23.511521230917424, ""step_event_index"": 37, ""total_hand_translation_m"": null, ""trial_finished_elapsed_s"": null, ""trial_recording"": true, ""trial_required_tool_ids"": [14, 26, 33]}"
2026-09-03T21:34:57.762-04:00,junhyun,language,vlm_request_submitted,speech,r1_gear_rod,Row 1.2: assemble gear rod,ready,1,38,,,,23.719069,,,,,,,,,,,,,,,,white gear,,,speech_proxy,,"{""acquired_tool_ids"": [14, 33], ""acquisition_complete"": false, ""completed_steps"": [], ""head_rotation_deg"": null, ""head_translation_m"": null, ""left_hand_translation_m"": null, ""removed_tool_ids"": [], ""right_hand_translation_m"": null, ""selected_step"": ""r1_gear_rod"", ""step_attempt"": 1, ""step_elapsed_s"": 23.71908655099105, ""step_event_index"": 38, ""total_hand_translation_m"": null, ""trial_finished_elapsed_s"": null, ""trial_recording"": true, ""trial_required_tool_ids"": [14, 26, 33]}"
2026-09-03T21:35:01.210-04:00,junhyun,language,vlm_inference_completed,lifecycle,r1_gear_rod,Row 1.2: assemble gear rod,ready,1,39,,,,27.166383,,,,,,,,,,,,,,,,white gear,,,GEAR_ROW1_LEFT,,"{""acquired_tool_ids"": [14, 33], ""acquisition_complete"": false, ""completed_steps"": [], ""head_rotation_deg"": null, ""head_translation_m"": null, ""left_hand_translation_m"": null, ""removed_tool_ids"": [], ""right_hand_translation_m"": null, ""selected_step"": ""r1_gear_rod"", ""step_attempt"": 1, ""step_elapsed_s"": 27.166391648934223, ""step_event_index"": 39, ""total_hand_translation_m"": null, ""trial_finished_elapsed_s"": null, ""trial_recording"": true, ""trial_required_tool_ids"": [14, 26, 33]}"
2026-09-03T21:35:01.272-04:00,junhyun,language,vlm_interaction,language,r1_gear_rod,Row 1.2: assemble gear rod,ready,1,40,,,,,,,,,,,,,,,,,,,,white gear,GEAR_ROW1_LEFT,"{""intent"":""part_reference"",""part_action"":""reference"",""reference_relation"":""direct"",""step_scope"":"""",""target"":""GEAR_ROW1_LEFT"",""candidates"":[],""exclude_labels"":[]}",language_grounded,I identified and highlighted the Row 1 left gear.,"{""acquired_tool_ids"": [14, 33], ""acquisition_complete"": false, ""completed_steps"": [], ""head_rotation_deg"": null, ""head_translation_m"": null, ""left_hand_translation_m"": null, ""removed_tool_ids"": [], ""right_hand_translation_m"": null, ""selected_step"": ""r1_gear_rod"", ""step_attempt"": 1, ""step_elapsed_s"": 27.228618517983705, ""step_event_index"": 40, ""total_hand_translation_m"": null, ""trial_finished_elapsed_s"": null, ""trial_recording"": true, ""trial_required_tool_ids"": [14, 26, 33]}"
2026-09-03T21:35:01.296-04:00,junhyun,language,part_selection,language,r1_gear_rod,Row 1.2: assemble gear rod,ready,1,41,26,GEAR_ROW1_LEFT,12.370418,27.252941,,,,,,,,,,,,,,,1,,,,,,"{""acquired_tool_ids"": [14, 26, 33], ""acquisition_complete"": false, ""completed_steps"": [], ""head_rotation_deg"": null, ""head_translation_m"": null, ""left_hand_translation_m"": null, ""removed_tool_ids"": [], ""right_hand_translation_m"": null, ""selected_step"": ""r1_gear_rod"", ""step_attempt"": 1, ""step_elapsed_s"": 27.252990437904373, ""step_event_index"": 41, ""total_hand_translation_m"": null, ""trial_finished_elapsed_s"": null, ""trial_recording"": true, ""trial_required_tool_ids"": [14, 26, 33]}"
2026-09-03T21:35:01.311-04:00,junhyun,language,object_acquired,language,r1_gear_rod,Row 1.2: assemble gear rod,ready,1,42,26,GEAR_ROW1_LEFT,12.370418,27.252941,,,,,,,,,,,,,,,1,,,,,,"{""acquired_tool_ids"": [14, 26, 33], ""acquisition_complete"": false, ""completed_steps"": [], ""head_rotation_deg"": null, ""head_translation_m"": null, ""left_hand_translation_m"": null, ""removed_tool_ids"": [], ""right_hand_translation_m"": null, ""selected_step"": ""r1_gear_rod"", ""step_attempt"": 1, ""step_elapsed_s"": 27.267960279947147, ""step_event_index"": 42, ""total_hand_translation_m"": null, ""trial_finished_elapsed_s"": null, ""trial_recording"": true, ""trial_required_tool_ids"": [14, 26, 33]}"
2026-09-03T21:35:01.329-04:00,junhyun,language,step_acquisition_complete,language,r1_gear_rod,Row 1.2: assemble gear rod,ready,1,43,,,,27.284664,0.172334,48.936611,0.397701,0.251363,0.649064,0.000000,0.000000,0.000000,0.000000,0,0,0.000000,0.000000,0.000000,,,,,,,"{""acquired_tool_ids"": [14, 26, 33], ""acquisition_complete"": true, ""any_hover_time_s"": 0.0, ""completed_steps"": [], ""head_rotation_deg"": 48.936611043785504, ""head_translation_m"": 0.17233400286960415, ""hover_time_percent"": 0.0, ""left_hand_translation_m"": 0.39770063521066723, ""left_hover_episodes"": 0, ""left_hover_time_s"": 0.0, ""left_hover_translation_m"": 0.0, ""removed_tool_ids"": [14, 26], ""right_hand_translation_m"": 0.2513628918198854, ""right_hover_episodes"": 0, ""right_hover_time_s"": 0.0, ""right_hover_translation_m"": 0.0, ""selected_step"": ""r1_gear_rod"", ""step_attempt"": 1, ""step_elapsed_s"": 27.284663517959416, ""step_event_index"": 43, ""total_hand_translation_m"": 0.6490635270305527, ""total_hover_translation_m"": 0.0, ""trial_finished_elapsed_s"": 27.284663517959416, ""trial_recording"": false, ""trial_required_tool_ids"": [14, 26, 33]}"
2026-09-03T21:35:01.351-04:00,junhyun,language,graph_complete,,r1_gear_rod,Row 1.2: assemble gear rod,complete,1,44,,,,,,,,,,,,,,,,,,,,,,,,,"{""acquired_tool_ids"": [14, 26, 33], ""acquisition_complete"": true, ""any_hover_time_s"": 0.0, ""completed_steps"": [""r1_gear_rod""], ""head_rotation_deg"": 48.936611043785504, ""head_translation_m"": 0.17233400286960415, ""hover_time_percent"": 0.0, ""left_hand_translation_m"": 0.39770063521066723, ""left_hover_episodes"": 0, ""left_hover_time_s"": 0.0, ""left_hover_translation_m"": 0.0, ""removed_tool_ids"": [14, 26], ""right_hand_translation_m"": 0.2513628918198854, ""right_hover_episodes"": 0, ""right_hover_time_s"": 0.0, ""right_hover_translation_m"": 0.0, ""selected_step"": ""r1_gear_rod"", ""step_attempt"": 1, ""step_elapsed_s"": 27.284663517959416, ""step_event_index"": 44, ""total_hand_translation_m"": 0.6490635270305527, ""total_hover_translation_m"": 0.0, ""trial_finished_elapsed_s"": 27.284663517959416, ""trial_recording"": false, ""trial_required_tool_ids"": [14, 26, 33]}"
2026-09-03T21:35:13.813-04:00,junhyun,language,step_started,keyboard,r2_bearing_right,Row 2.1: bearing into right stand,ready,2,1,,,,,,,,,,,,,,,,,,,,,,,,,"{""acquired_tool_ids"": [], ""acquisition_complete"": false, ""completed_steps"": [""r1_gear_rod""], ""head_rotation_deg"": null, ""head_translation_m"": null, ""left_hand_translation_m"": null, ""removed_tool_ids"": [14, 26], ""right_hand_translation_m"": null, ""selected_step"": ""r2_bearing_right"", ""step_attempt"": 2, ""step_elapsed_s"": 0.001251659938134253, ""step_event_index"": 1, ""total_hand_translation_m"": null, ""trial_finished_elapsed_s"": null, ""trial_recording"": true, ""trial_required_tool_ids"": [21, 34]}"
2026-09-03T21:35:15.386-04:00,junhyun,language,speech_started,lifecycle,r2_bearing_right,Row 2.1: bearing into right stand,ready,2,2,,,,1.574244,,,,,,,,,,,,,,,,,,,,,"{""acquired_tool_ids"": [], ""acquisition_complete"": false, ""completed_steps"": [""r1_gear_rod""], ""head_rotation_deg"": null, ""head_translation_m"": null, ""left_hand_translation_m"": null, ""removed_tool_ids"": [14, 26], ""right_hand_translation_m"": null, ""selected_step"": ""r2_bearing_right"", ""step_attempt"": 2, ""step_elapsed_s"": 1.5742627069121227, ""step_event_index"": 2, ""total_hand_translation_m"": null, ""trial_finished_elapsed_s"": null, ""trial_recording"": true, ""trial_required_tool_ids"": [21, 34]}"
2026-09-03T21:35:19.092-04:00,junhyun,language,speech_capture_ended,lifecycle,r2_bearing_right,Row 2.1: bearing into right stand,ready,2,3,,,,5.280570,,,,,,,,,,,,,,,,,,,,,"{""acquired_tool_ids"": [], ""acquisition_complete"": false, ""completed_steps"": [""r1_gear_rod""], ""head_rotation_deg"": null, ""head_translation_m"": null, ""left_hand_translation_m"": null, ""removed_tool_ids"": [14, 26], ""right_hand_translation_m"": null, ""selected_step"": ""r2_bearing_right"", ""step_attempt"": 2, ""step_elapsed_s"": 5.280579631915316, ""step_event_index"": 3, ""total_hand_translation_m"": null, ""trial_finished_elapsed_s"": null, ""trial_recording"": true, ""trial_required_tool_ids"": [21, 34]}"
2026-09-03T21:35:19.140-04:00,junhyun,language,asr_started,lifecycle,r2_bearing_right,Row 2.1: bearing into right stand,ready,2,4,,,,5.328241,,,,,,,,,,,,,,,,,,,,,"{""acquired_tool_ids"": [], ""acquisition_complete"": false, ""completed_steps"": [""r1_gear_rod""], ""head_rotation_deg"": null, ""head_translation_m"": null, ""left_hand_translation_m"": null, ""removed_tool_ids"": [14, 26], ""right_hand_translation_m"": null, ""selected_step"": ""r2_bearing_right"", ""step_attempt"": 2, ""step_elapsed_s"": 5.328262067981996, ""step_event_index"": 4, ""total_hand_translation_m"": null, ""trial_finished_elapsed_s"": null, ""trial_recording"": true, ""trial_required_tool_ids"": [21, 34]}"
2026-09-03T21:35:19.206-04:00,junhyun,language,asr_completed,lifecycle,r2_bearing_right,Row 2.1: bearing into right stand,ready,2,5,,,,5.394368,,,,,,,,,,,,,,,,A red gear stand.,,,,,"{""acquired_tool_ids"": [], ""acquisition_complete"": false, ""completed_steps"": [""r1_gear_rod""], ""head_rotation_deg"": null, ""head_translation_m"": null, ""left_hand_translation_m"": null, ""removed_tool_ids"": [14, 26], ""right_hand_translation_m"": null, ""selected_step"": ""r2_bearing_right"", ""step_attempt"": 2, ""step_elapsed_s"": 5.394377432996407, ""step_event_index"": 5, ""total_hand_translation_m"": null, ""trial_finished_elapsed_s"": null, ""trial_recording"": true, ""trial_required_tool_ids"": [21, 34]}"
2026-09-03T21:35:19.414-04:00,junhyun,language,speech_started,lifecycle,r2_bearing_right,Row 2.1: bearing into right stand,ready,2,6,,,,5.602190,,,,,,,,,,,,,,,,,,,,,"{""acquired_tool_ids"": [], ""acquisition_complete"": false, ""completed_steps"": [""r1_gear_rod""], ""head_rotation_deg"": null, ""head_translation_m"": null, ""left_hand_translation_m"": null, ""removed_tool_ids"": [14, 26], ""right_hand_translation_m"": null, ""selected_step"": ""r2_bearing_right"", ""step_attempt"": 2, ""step_elapsed_s"": 5.602201614994556, ""step_event_index"": 6, ""total_hand_translation_m"": null, ""trial_finished_elapsed_s"": null, ""trial_recording"": true, ""trial_required_tool_ids"": [21, 34]}"
2026-09-03T21:35:21.922-04:00,junhyun,language,speech_capture_ended,lifecycle,r2_bearing_right,Row 2.1: bearing into right stand,ready,2,7,,,,8.110339,,,,,,,,,,,,,,,,,,,,,"{""acquired_tool_ids"": [], ""acquisition_complete"": false, ""completed_steps"": [""r1_gear_rod""], ""head_rotation_deg"": null, ""head_translation_m"": null, ""left_hand_translation_m"": null, ""removed_tool_ids"": [14, 26], ""right_hand_translation_m"": null, ""selected_step"": ""r2_bearing_right"", ""step_attempt"": 2, ""step_elapsed_s"": 8.110347746987827, ""step_event_index"": 7, ""total_hand_translation_m"": null, ""trial_finished_elapsed_s"": null, ""trial_recording"": true, ""trial_required_tool_ids"": [21, 34]}"
2026-09-03T21:35:21.953-04:00,junhyun,language,asr_started,lifecycle,r2_bearing_right,Row 2.1: bearing into right stand,ready,2,8,,,,8.141161,,,,,,,,,,,,,,,,,,,,,"{""acquired_tool_ids"": [], ""acquisition_complete"": false, ""completed_steps"": [""r1_gear_rod""], ""head_rotation_deg"": null, ""head_translation_m"": null, ""left_hand_translation_m"": null, ""removed_tool_ids"": [14, 26], ""right_hand_translation_m"": null, ""selected_step"": ""r2_bearing_right"", ""step_attempt"": 2, ""step_elapsed_s"": 8.141176830977201, ""step_event_index"": 8, ""total_hand_translation_m"": null, ""trial_finished_elapsed_s"": null, ""trial_recording"": true, ""trial_required_tool_ids"": [21, 34]}"
2026-09-03T21:35:21.995-04:00,junhyun,language,asr_completed,lifecycle,r2_bearing_right,Row 2.1: bearing into right stand,ready,2,9,,,,8.183392,,,,,,,,,,,,,,,,On the right side.,,,,,"{""acquired_tool_ids"": [], ""acquisition_complete"": false, ""completed_steps"": [""r1_gear_rod""], ""head_rotation_deg"": null, ""head_translation_m"": null, ""left_hand_translation_m"": null, ""removed_tool_ids"": [14, 26], ""right_hand_translation_m"": null, ""selected_step"": ""r2_bearing_right"", ""step_attempt"": 2, ""step_elapsed_s"": 8.183400294976309, ""step_event_index"": 9, ""total_hand_translation_m"": null, ""trial_finished_elapsed_s"": null, ""trial_recording"": true, ""trial_required_tool_ids"": [21, 34]}"
2026-09-03T21:35:22.713-04:00,junhyun,language,participant_speech_submitted,speech,r2_bearing_right,Row 2.1: bearing into right stand,ready,2,10,,,,8.901291,,,,,,,,,,,,,,,,a red gearstand on the right side,,,speech_proxy,,"{""acquired_tool_ids"": [], ""acquisition_complete"": false, ""completed_steps"": [""r1_gear_rod""], ""head_rotation_deg"": null, ""head_translation_m"": null, ""left_hand_translation_m"": null, ""removed_tool_ids"": [14, 26], ""right_hand_translation_m"": null, ""selected_step"": ""r2_bearing_right"", ""step_attempt"": 2, ""step_elapsed_s"": 8.901300869998522, ""step_event_index"": 10, ""total_hand_translation_m"": null, ""trial_finished_elapsed_s"": null, ""trial_recording"": true, ""trial_required_tool_ids"": [21, 34]}"
2026-09-03T21:35:22.742-04:00,junhyun,language,vlm_request_submitted,speech,r2_bearing_right,Row 2.1: bearing into right stand,ready,2,11,,,,8.930456,,,,,,,,,,,,,,,,a red gearstand on the right side,,,speech_proxy,,"{""acquired_tool_ids"": [], ""acquisition_complete"": false, ""completed_steps"": [""r1_gear_rod""], ""head_rotation_deg"": null, ""head_translation_m"": null, ""left_hand_translation_m"": null, ""removed_tool_ids"": [14, 26], ""right_hand_translation_m"": null, ""selected_step"": ""r2_bearing_right"", ""step_attempt"": 2, ""step_elapsed_s"": 8.930464182980359, ""step_event_index"": 11, ""total_hand_translation_m"": null, ""trial_finished_elapsed_s"": null, ""trial_recording"": true, ""trial_required_tool_ids"": [21, 34]}"
2026-09-03T21:35:26.134-04:00,junhyun,language,vlm_inference_completed,lifecycle,r2_bearing_right,Row 2.1: bearing into right stand,ready,2,12,,,,12.322344,,,,,,,,,,,,,,,,a red gearstand on the right side,,,STAND_ROW2_RIGHT,,"{""acquired_tool_ids"": [], ""acquisition_complete"": false, ""completed_steps"": [""r1_gear_rod""], ""head_rotation_deg"": null, ""head_translation_m"": null, ""left_hand_translation_m"": null, ""removed_tool_ids"": [14, 26], ""right_hand_translation_m"": null, ""selected_step"": ""r2_bearing_right"", ""step_attempt"": 2, ""step_elapsed_s"": 12.322355123935267, ""step_event_index"": 12, ""total_hand_translation_m"": null, ""trial_finished_elapsed_s"": null, ""trial_recording"": true, ""trial_required_tool_ids"": [21, 34]}"
2026-09-03T21:35:26.166-04:00,junhyun,language,vlm_interaction,language,r2_bearing_right,Row 2.1: bearing into right stand,ready,2,13,,,,,,,,,,,,,,,,,,,,a red gearstand on the right side,STAND_ROW2_RIGHT,"{""intent"":""part_reference"",""part_action"":""reference"",""reference_relation"":""direct"",""step_scope"":"""",""target"":""STAND_ROW2_RIGHT"",""candidates"":[],""exclude_labels"":[]}",language_grounded,I identified and highlighted the Row 2 right stand.,"{""acquired_tool_ids"": [], ""acquisition_complete"": false, ""completed_steps"": [""r1_gear_rod""], ""head_rotation_deg"": null, ""head_translation_m"": null, ""left_hand_translation_m"": null, ""removed_tool_ids"": [14, 26], ""right_hand_translation_m"": null, ""selected_step"": ""r2_bearing_right"", ""step_attempt"": 2, ""step_elapsed_s"": 12.35429527098313, ""step_event_index"": 13, ""total_hand_translation_m"": null, ""trial_finished_elapsed_s"": null, ""trial_recording"": true, ""trial_required_tool_ids"": [21, 34]}"
2026-09-03T21:35:26.211-04:00,junhyun,language,part_selection,language,r2_bearing_right,Row 2.1: bearing into right stand,ready,2,14,21,GEAR_STAND_ROW2_RIGHT,12.399660,12.399660,,,,,,,,,,,,,,,1,,,,,,"{""acquired_tool_ids"": [21], ""acquisition_complete"": false, ""completed_steps"": [""r1_gear_rod""], ""head_rotation_deg"": null, ""head_translation_m"": null, ""left_hand_translation_m"": null, ""removed_tool_ids"": [14, 26], ""right_hand_translation_m"": null, ""selected_step"": ""r2_bearing_right"", ""step_attempt"": 2, ""step_elapsed_s"": 12.399708502925932, ""step_event_index"": 14, ""total_hand_translation_m"": null, ""trial_finished_elapsed_s"": null, ""trial_recording"": true, ""trial_required_tool_ids"": [21, 34]}"
2026-09-03T21:35:26.233-04:00,junhyun,language,object_acquired,language,r2_bearing_right,Row 2.1: bearing into right stand,ready,2,15,21,GEAR_STAND_ROW2_RIGHT,12.399660,12.399660,,,,,,,,,,,,,,,1,,,,,,"{""acquired_tool_ids"": [21], ""acquisition_complete"": false, ""completed_steps"": [""r1_gear_rod""], ""head_rotation_deg"": null, ""head_translation_m"": null, ""left_hand_translation_m"": null, ""removed_tool_ids"": [14, 26], ""right_hand_translation_m"": null, ""selected_step"": ""r2_bearing_right"", ""step_attempt"": 2, ""step_elapsed_s"": 12.421950434916653, ""step_event_index"": 15, ""total_hand_translation_m"": null, ""trial_finished_elapsed_s"": null, ""trial_recording"": true, ""trial_required_tool_ids"": [21, 34]}"
2026-09-03T21:35:26.262-04:00,junhyun,language,tts_queued,lifecycle,r2_bearing_right,Row 2.1: bearing into right stand,ready,2,16,,,,12.450647,,,,,,,,,,,,,,,,1 part left.,,,replace,,"{""acquired_tool_ids"": [21], ""acquisition_complete"": false, ""completed_steps"": [""r1_gear_rod""], ""head_rotation_deg"": null, ""head_translation_m"": null, ""left_hand_translation_m"": null, ""removed_tool_ids"": [14, 26], ""right_hand_translation_m"": null, ""selected_step"": ""r2_bearing_right"", ""step_attempt"": 2, ""step_elapsed_s"": 12.450659765978344, ""step_event_index"": 16, ""total_hand_translation_m"": null, ""trial_finished_elapsed_s"": null, ""trial_recording"": true, ""trial_required_tool_ids"": [21, 34]}"
2026-09-03T21:35:26.282-04:00,junhyun,language,tts_started,lifecycle,r2_bearing_right,Row 2.1: bearing into right stand,ready,2,17,,,,12.470869,,,,,,,,,,,,,,,,1 part left.,,,,,"{""acquired_tool_ids"": [21], ""acquisition_complete"": false, ""completed_steps"": [""r1_gear_rod""], ""head_rotation_deg"": null, ""head_translation_m"": null, ""left_hand_translation_m"": null, ""removed_tool_ids"": [14, 26], ""right_hand_translation_m"": null, ""selected_step"": ""r2_bearing_right"", ""step_attempt"": 2, ""step_elapsed_s"": 12.470882852911018, ""step_event_index"": 17, ""total_hand_translation_m"": null, ""trial_finished_elapsed_s"": null, ""trial_recording"": true, ""trial_required_tool_ids"": [21, 34]}"
2026-09-03T21:35:26.718-04:00,junhyun,language,speech_started,lifecycle,r2_bearing_right,Row 2.1: bearing into right stand,ready,2,18,,,,12.906247,,,,,,,,,,,,,,,,,,,,,"{""acquired_tool_ids"": [21], ""acquisition_complete"": false, ""completed_steps"": [""r1_gear_rod""], ""head_rotation_deg"": null, ""head_translation_m"": null, ""left_hand_translation_m"": null, ""removed_tool_ids"": [14, 26], ""right_hand_translation_m"": null, ""selected_step"": ""r2_bearing_right"", ""step_attempt"": 2, ""step_elapsed_s"": 12.906260021962225, ""step_event_index"": 18, ""total_hand_translation_m"": null, ""trial_finished_elapsed_s"": null, ""trial_recording"": true, ""trial_required_tool_ids"": [21, 34]}"
2026-09-03T21:35:27.451-04:00,junhyun,language,tts_finished,lifecycle,r2_bearing_right,Row 2.1: bearing into right stand,ready,2,19,,,,13.639113,,,,,,,,,,,,,,,,1 part left.,,,,,"{""acquired_tool_ids"": [21], ""acquisition_complete"": false, ""completed_steps"": [""r1_gear_rod""], ""head_rotation_deg"": null, ""head_translation_m"": null, ""left_hand_translation_m"": null, ""removed_tool_ids"": [14, 26], ""right_hand_translation_m"": null, ""selected_step"": ""r2_bearing_right"", ""step_attempt"": 2, ""step_elapsed_s"": 13.639125354005955, ""step_event_index"": 19, ""total_hand_translation_m"": null, ""trial_finished_elapsed_s"": null, ""trial_recording"": true, ""trial_required_tool_ids"": [21, 34]}"
2026-09-03T21:35:28.301-04:00,junhyun,language,speech_capture_ended,lifecycle,r2_bearing_right,Row 2.1: bearing into right stand,ready,2,20,,,,14.489984,,,,,,,,,,,,,,,,,,,,,"{""acquired_tool_ids"": [21], ""acquisition_complete"": false, ""completed_steps"": [""r1_gear_rod""], ""head_rotation_deg"": null, ""head_translation_m"": null, ""left_hand_translation_m"": null, ""removed_tool_ids"": [14, 26], ""right_hand_translation_m"": null, ""selected_step"": ""r2_bearing_right"", ""step_attempt"": 2, ""step_elapsed_s"": 14.489993921946734, ""step_event_index"": 20, ""total_hand_translation_m"": null, ""trial_finished_elapsed_s"": null, ""trial_recording"": true, ""trial_required_tool_ids"": [21, 34]}"
2026-09-03T21:35:28.420-04:00,junhyun,language,asr_started,lifecycle,r2_bearing_right,Row 2.1: bearing into right stand,ready,2,21,,,,14.608820,,,,,,,,,,,,,,,,,,,,,"{""acquired_tool_ids"": [21], ""acquisition_complete"": false, ""completed_steps"": [""r1_gear_rod""], ""head_rotation_deg"": null, ""head_translation_m"": null, ""left_hand_translation_m"": null, ""removed_tool_ids"": [14, 26], ""right_hand_translation_m"": null, ""selected_step"": ""r2_bearing_right"", ""step_attempt"": 2, ""step_elapsed_s"": 14.608833823003806, ""step_event_index"": 21, ""total_hand_translation_m"": null, ""trial_finished_elapsed_s"": null, ""trial_recording"": true, ""trial_required_tool_ids"": [21, 34]}"
2026-09-03T21:35:28.630-04:00,junhyun,language,speech_started,lifecycle,r2_bearing_right,Row 2.1: bearing into right stand,ready,2,22,,,,14.818656,,,,,,,,,,,,,,,,,,,,,"{""acquired_tool_ids"": [21], ""acquisition_complete"": false, ""completed_steps"": [""r1_gear_rod""], ""head_rotation_deg"": null, ""head_translation_m"": null, ""left_hand_translation_m"": null, ""removed_tool_ids"": [14, 26], ""right_hand_translation_m"": null, ""selected_step"": ""r2_bearing_right"", ""step_attempt"": 2, ""step_elapsed_s"": 14.818664609920233, ""step_event_index"": 22, ""total_hand_translation_m"": null, ""trial_finished_elapsed_s"": null, ""trial_recording"": true, ""trial_required_tool_ids"": [21, 34]}"
2026-09-03T21:35:30.371-04:00,junhyun,language,speech_capture_ended,lifecycle,r2_bearing_right,Row 2.1: bearing into right stand,ready,2,23,,,,16.559564,,,,,,,,,,,,,,,,,,,,,"{""acquired_tool_ids"": [21], ""acquisition_complete"": false, ""completed_steps"": [""r1_gear_rod""], ""head_rotation_deg"": null, ""head_translation_m"": null, ""left_hand_translation_m"": null, ""removed_tool_ids"": [14, 26], ""right_hand_translation_m"": null, ""selected_step"": ""r2_bearing_right"", ""step_attempt"": 2, ""step_elapsed_s"": 16.55957609694451, ""step_event_index"": 23, ""total_hand_translation_m"": null, ""trial_finished_elapsed_s"": null, ""trial_recording"": true, ""trial_required_tool_ids"": [21, 34]}"
2026-09-03T21:35:30.404-04:00,junhyun,language,asr_started,lifecycle,r2_bearing_right,Row 2.1: bearing into right stand,ready,2,24,,,,16.592563,,,,,,,,,,,,,,,,,,,,,"{""acquired_tool_ids"": [21], ""acquisition_complete"": false, ""completed_steps"": [""r1_gear_rod""], ""head_rotation_deg"": null, ""head_translation_m"": null, ""left_hand_translation_m"": null, ""removed_tool_ids"": [14, 26], ""right_hand_translation_m"": null, ""selected_step"": ""r2_bearing_right"", ""step_attempt"": 2, ""step_elapsed_s"": 16.592576537979767, ""step_event_index"": 24, ""total_hand_translation_m"": null, ""trial_finished_elapsed_s"": null, ""trial_recording"": true, ""trial_required_tool_ids"": [21, 34]}"
2026-09-03T21:35:30.461-04:00,junhyun,language,asr_completed,lifecycle,r2_bearing_right,Row 2.1: bearing into right stand,ready,2,25,,,,16.649441,,,,,,,,,,,,,,,,Bering.,,,,,"{""acquired_tool_ids"": [21], ""acquisition_complete"": false, ""completed_steps"": [""r1_gear_rod""], ""head_rotation_deg"": null, ""head_translation_m"": null, ""left_hand_translation_m"": null, ""removed_tool_ids"": [14, 26], ""right_hand_translation_m"": null, ""selected_step"": ""r2_bearing_right"", ""step_attempt"": 2, ""step_elapsed_s"": 16.649448696989566, ""step_event_index"": 25, ""total_hand_translation_m"": null, ""trial_finished_elapsed_s"": null, ""trial_recording"": true, ""trial_required_tool_ids"": [21, 34]}"
2026-09-03T21:35:31.038-04:00,junhyun,language,participant_speech_submitted,speech,r2_bearing_right,Row 2.1: bearing into right stand,ready,2,26,,,,17.226718,,,,,,,,,,,,,,,,bearing,,,speech_proxy,,"{""acquired_tool_ids"": [21], ""acquisition_complete"": false, ""completed_steps"": [""r1_gear_rod""], ""head_rotation_deg"": null, ""head_translation_m"": null, ""left_hand_translation_m"": null, ""removed_tool_ids"": [14, 26], ""right_hand_translation_m"": null, ""selected_step"": ""r2_bearing_right"", ""step_attempt"": 2, ""step_elapsed_s"": 17.22673658898566, ""step_event_index"": 26, ""total_hand_translation_m"": null, ""trial_finished_elapsed_s"": null, ""trial_recording"": true, ""trial_required_tool_ids"": [21, 34]}"
2026-09-03T21:35:31.088-04:00,junhyun,language,vlm_request_submitted,speech,r2_bearing_right,Row 2.1: bearing into right stand,ready,2,27,,,,17.276998,,,,,,,,,,,,,,,,bearing,,,speech_proxy,,"{""acquired_tool_ids"": [21], ""acquisition_complete"": false, ""completed_steps"": [""r1_gear_rod""], ""head_rotation_deg"": null, ""head_translation_m"": null, ""left_hand_translation_m"": null, ""removed_tool_ids"": [14, 26], ""right_hand_translation_m"": null, ""selected_step"": ""r2_bearing_right"", ""step_attempt"": 2, ""step_elapsed_s"": 17.277009094017558, ""step_event_index"": 27, ""total_hand_translation_m"": null, ""trial_finished_elapsed_s"": null, ""trial_recording"": true, ""trial_required_tool_ids"": [21, 34]}"
2026-09-03T21:35:34.371-04:00,junhyun,language,vlm_inference_completed,lifecycle,r2_bearing_right,Row 2.1: bearing into right stand,ready,2,28,,,,20.559193,,,,,,,,,,,,,,,,bearing,,,BEARING,,"{""acquired_tool_ids"": [21], ""acquisition_complete"": false, ""completed_steps"": [""r1_gear_rod""], ""head_rotation_deg"": null, ""head_translation_m"": null, ""left_hand_translation_m"": null, ""removed_tool_ids"": [14, 26], ""right_hand_translation_m"": null, ""selected_step"": ""r2_bearing_right"", ""step_attempt"": 2, ""step_elapsed_s"": 20.55920287198387, ""step_event_index"": 28, ""total_hand_translation_m"": null, ""trial_finished_elapsed_s"": null, ""trial_recording"": true, ""trial_required_tool_ids"": [21, 34]}"
2026-09-03T21:35:34.600-04:00,junhyun,language,vlm_interaction,language,r2_bearing_right,Row 2.1: bearing into right stand,ready,2,29,,,,,,,,,,,,,,,,,,,,bearing,BEARING,"{""intent"":""part_reference"",""part_action"":""reference"",""reference_relation"":""direct"",""step_scope"":"""",""target"":""BEARING"",""candidates"":[],""exclude_labels"":[]}",language_grounded,I identified and highlighted the bearing.,"{""acquired_tool_ids"": [21], ""acquisition_complete"": false, ""completed_steps"": [""r1_gear_rod""], ""head_rotation_deg"": null, ""head_translation_m"": null, ""left_hand_translation_m"": null, ""removed_tool_ids"": [14, 26], ""right_hand_translation_m"": null, ""selected_step"": ""r2_bearing_right"", ""step_attempt"": 2, ""step_elapsed_s"": 20.788448903011158, ""step_event_index"": 29, ""total_hand_translation_m"": null, ""trial_finished_elapsed_s"": null, ""trial_recording"": true, ""trial_required_tool_ids"": [21, 34]}"
2026-09-03T21:35:34.675-04:00,junhyun,language,part_selection,language,r2_bearing_right,Row 2.1: bearing into right stand,ready,2,30,34,BEARINGS,8.464168,20.863829,,,,,,,,,,,,,,,1,,,,,,"{""acquired_tool_ids"": [21, 34], ""acquisition_complete"": false, ""completed_steps"": [""r1_gear_rod""], ""head_rotation_deg"": null, ""head_translation_m"": null, ""left_hand_translation_m"": null, ""removed_tool_ids"": [14, 26], ""right_hand_translation_m"": null, ""selected_step"": ""r2_bearing_right"", ""step_attempt"": 2, ""step_elapsed_s"": 20.863892607972957, ""step_event_index"": 30, ""total_hand_translation_m"": null, ""trial_finished_elapsed_s"": null, ""trial_recording"": true, ""trial_required_tool_ids"": [21, 34]}"
2026-09-03T21:35:34.755-04:00,junhyun,language,object_acquired,language,r2_bearing_right,Row 2.1: bearing into right stand,ready,2,31,34,BEARINGS,8.464168,20.863829,,,,,,,,,,,,,,,1,,,,,,"{""acquired_tool_ids"": [21, 34], ""acquisition_complete"": false, ""completed_steps"": [""r1_gear_rod""], ""head_rotation_deg"": null, ""head_translation_m"": null, ""left_hand_translation_m"": null, ""removed_tool_ids"": [14, 26], ""right_hand_translation_m"": null, ""selected_step"": ""r2_bearing_right"", ""step_attempt"": 2, ""step_elapsed_s"": 20.94348136393819, ""step_event_index"": 31, ""total_hand_translation_m"": null, ""trial_finished_elapsed_s"": null, ""trial_recording"": true, ""trial_required_tool_ids"": [21, 34]}"
2026-09-03T21:35:34.857-04:00,junhyun,language,step_acquisition_complete,language,r2_bearing_right,Row 2.1: bearing into right stand,ready,2,32,,,,21.041607,0.676189,216.755723,2.541542,0.764979,3.306521,0.000000,0.000000,0.000000,0.000000,0,0,0.000000,0.000000,0.000000,,,,,,,"{""acquired_tool_ids"": [21, 34], ""acquisition_complete"": true, ""any_hover_time_s"": 0.0, ""completed_steps"": [""r1_gear_rod""], ""head_rotation_deg"": 216.75572347246822, ""head_translation_m"": 0.6761885274925895, ""hover_time_percent"": 0.0, ""left_hand_translation_m"": 2.5415419242772024, ""left_hover_episodes"": 0, ""left_hover_time_s"": 0.0, ""left_hover_translation_m"": 0.0, ""removed_tool_ids"": [14, 21, 26], ""right_hand_translation_m"": 0.7649793586426538, ""right_hover_episodes"": 0, ""right_hover_time_s"": 0.0, ""right_hover_translation_m"": 0.0, ""selected_step"": ""r2_bearing_right"", ""step_attempt"": 2, ""step_elapsed_s"": 21.041607209015638, ""step_event_index"": 32, ""total_hand_translation_m"": 3.306521282919856, ""total_hover_translation_m"": 0.0, ""trial_finished_elapsed_s"": 21.041607209015638, ""trial_recording"": false, ""trial_required_tool_ids"": [21, 34]}"
2026-09-03T21:35:34.924-04:00,junhyun,language,graph_complete,,r2_bearing_right,Row 2.1: bearing into right stand,complete,2,33,,,,,,,,,,,,,,,,,,,,,,,,,"{""acquired_tool_ids"": [21, 34], ""acquisition_complete"": true, ""any_hover_time_s"": 0.0, ""completed_steps"": [""r1_gear_rod"", ""r2_bearing_right""], ""head_rotation_deg"": 216.75572347246822, ""head_translation_m"": 0.6761885274925895, ""hover_time_percent"": 0.0, ""left_hand_translation_m"": 2.5415419242772024, ""left_hover_episodes"": 0, ""left_hover_time_s"": 0.0, ""left_hover_translation_m"": 0.0, ""removed_tool_ids"": [14, 21, 26], ""right_hand_translation_m"": 0.7649793586426538, ""right_hover_episodes"": 0, ""right_hover_time_s"": 0.0, ""right_hover_translation_m"": 0.0, ""selected_step"": ""r2_bearing_right"", ""step_attempt"": 2, ""step_elapsed_s"": 21.041607209015638, ""step_event_index"": 33, ""total_hand_translation_m"": 3.306521282919856, ""total_hover_translation_m"": 0.0, ""trial_finished_elapsed_s"": 21.041607209015638, ""trial_recording"": false, ""trial_required_tool_ids"": [21, 34]}"
2026-09-03T21:35:47.445-04:00,junhyun,language,step_started,keyboard,r1_bearing_right,Row 1.1: bearing into right stand,ready,3,1,,,,,,,,,,,,,,,,,,,,,,,,,"{""acquired_tool_ids"": [], ""acquisition_complete"": false, ""completed_steps"": [""r1_gear_rod"", ""r2_bearing_right""], ""head_rotation_deg"": null, ""head_translation_m"": null, ""left_hand_translation_m"": null, ""removed_tool_ids"": [14, 21, 26], ""right_hand_translation_m"": null, ""selected_step"": ""r1_bearing_right"", ""step_attempt"": 3, ""step_elapsed_s"": 8.986890316009521e-05, ""step_event_index"": 1, ""total_hand_translation_m"": null, ""trial_finished_elapsed_s"": null, ""trial_recording"": true, ""trial_required_tool_ids"": [19]}"
2026-09-03T21:35:49.711-04:00,junhyun,language,speech_started,lifecycle,r1_bearing_right,Row 1.1: bearing into right stand,ready,3,2,,,,2.266551,,,,,,,,,,,,,,,,,,,,,"{""acquired_tool_ids"": [], ""acquisition_complete"": false, ""completed_steps"": [""r1_gear_rod"", ""r2_bearing_right""], ""head_rotation_deg"": null, ""head_translation_m"": null, ""left_hand_translation_m"": null, ""removed_tool_ids"": [14, 21, 26], ""right_hand_translation_m"": null, ""selected_step"": ""r1_bearing_right"", ""step_attempt"": 3, ""step_elapsed_s"": 2.2665673029841855, ""step_event_index"": 2, ""total_hand_translation_m"": null, ""trial_finished_elapsed_s"": null, ""trial_recording"": true, ""trial_required_tool_ids"": [19]}"
2026-09-03T21:35:54.766-04:00,junhyun,language,speech_capture_ended,lifecycle,r1_bearing_right,Row 1.1: bearing into right stand,ready,3,3,,,,7.321624,,,,,,,,,,,,,,,,,,,,,"{""acquired_tool_ids"": [], ""acquisition_complete"": false, ""completed_steps"": [""r1_gear_rod"", ""r2_bearing_right""], ""head_rotation_deg"": null, ""head_translation_m"": null, ""left_hand_translation_m"": null, ""removed_tool_ids"": [14, 21, 26], ""right_hand_translation_m"": null, ""selected_step"": ""r1_bearing_right"", ""step_attempt"": 3, ""step_elapsed_s"": 7.321633723913692, ""step_event_index"": 3, ""total_hand_translation_m"": null, ""trial_finished_elapsed_s"": null, ""trial_recording"": true, ""trial_required_tool_ids"": [19]}"
2026-09-03T21:35:54.805-04:00,junhyun,language,asr_started,lifecycle,r1_bearing_right,Row 1.1: bearing into right stand,ready,3,4,,,,7.360713,,,,,,,,,,,,,,,,,,,,,"{""acquired_tool_ids"": [], ""acquisition_complete"": false, ""completed_steps"": [""r1_gear_rod"", ""r2_bearing_right""], ""head_rotation_deg"": null, ""head_translation_m"": null, ""left_hand_translation_m"": null, ""removed_tool_ids"": [14, 21, 26], ""right_hand_translation_m"": null, ""selected_step"": ""r1_bearing_right"", ""step_attempt"": 3, ""step_elapsed_s"": 7.360725956968963, ""step_event_index"": 4, ""total_hand_translation_m"": null, ""trial_finished_elapsed_s"": null, ""trial_recording"": true, ""trial_required_tool_ids"": [19]}"
2026-09-03T21:35:54.821-04:00,junhyun,language,asr_completed,lifecycle,r1_bearing_right,Row 1.1: bearing into right stand,ready,3,5,,,,7.376679,,,,,,,,,,,,,,,,Row one white gear stand on the right.,,,,,"{""acquired_tool_ids"": [], ""acquisition_complete"": false, ""completed_steps"": [""r1_gear_rod"", ""r2_bearing_right""], ""head_rotation_deg"": null, ""head_translation_m"": null, ""left_hand_translation_m"": null, ""removed_tool_ids"": [14, 21, 26], ""right_hand_translation_m"": null, ""selected_step"": ""r1_bearing_right"", ""step_attempt"": 3, ""step_elapsed_s"": 7.376687296899036, ""step_event_index"": 5, ""total_hand_translation_m"": null, ""trial_finished_elapsed_s"": null, ""trial_recording"": true, ""trial_required_tool_ids"": [19]}"
2026-09-03T21:35:55.981-04:00,junhyun,language,participant_speech_submitted,speech,r1_bearing_right,Row 1.1: bearing into right stand,ready,3,6,,,,8.536818,,,,,,,,,,,,,,,,row 1 white gearstand on the right,,,speech_proxy,,"{""acquired_tool_ids"": [], ""acquisition_complete"": false, ""completed_steps"": [""r1_gear_rod"", ""r2_bearing_right""], ""head_rotation_deg"": null, ""head_translation_m"": null, ""left_hand_translation_m"": null, ""removed_tool_ids"": [14, 21, 26], ""right_hand_translation_m"": null, ""selected_step"": ""r1_bearing_right"", ""step_attempt"": 3, ""step_elapsed_s"": 8.536836298997514, ""step_event_index"": 6, ""total_hand_translation_m"": null, ""trial_finished_elapsed_s"": null, ""trial_recording"": true, ""trial_required_tool_ids"": [19]}"
2026-09-03T21:35:56.041-04:00,junhyun,language,vlm_request_submitted,speech,r1_bearing_right,Row 1.1: bearing into right stand,ready,3,7,,,,8.596131,,,,,,,,,,,,,,,,row 1 white gearstand on the right,,,speech_proxy,,"{""acquired_tool_ids"": [], ""acquisition_complete"": false, ""completed_steps"": [""r1_gear_rod"", ""r2_bearing_right""], ""head_rotation_deg"": null, ""head_translation_m"": null, ""left_hand_translation_m"": null, ""removed_tool_ids"": [14, 21, 26], ""right_hand_translation_m"": null, ""selected_step"": ""r1_bearing_right"", ""step_attempt"": 3, ""step_elapsed_s"": 8.596141065936536, ""step_event_index"": 7, ""total_hand_translation_m"": null, ""trial_finished_elapsed_s"": null, ""trial_recording"": true, ""trial_required_tool_ids"": [19]}"
2026-09-03T21:35:59.433-04:00,junhyun,language,vlm_inference_completed,lifecycle,r1_bearing_right,Row 1.1: bearing into right stand,ready,3,8,,,,11.988992,,,,,,,,,,,,,,,,row 1 white gearstand on the right,,,STAND_ROW1_RIGHT,,"{""acquired_tool_ids"": [], ""acquisition_complete"": false, ""completed_steps"": [""r1_gear_rod"", ""r2_bearing_right""], ""head_rotation_deg"": null, ""head_translation_m"": null, ""left_hand_translation_m"": null, ""removed_tool_ids"": [14, 21, 26], ""right_hand_translation_m"": null, ""selected_step"": ""r1_bearing_right"", ""step_attempt"": 3, ""step_elapsed_s"": 11.989003050955944, ""step_event_index"": 8, ""total_hand_translation_m"": null, ""trial_finished_elapsed_s"": null, ""trial_recording"": true, ""trial_required_tool_ids"": [19]}"
2026-09-03T21:35:59.482-04:00,junhyun,language,vlm_interaction,language,r1_bearing_right,Row 1.1: bearing into right stand,ready,3,9,,,,,,,,,,,,,,,,,,,,row 1 white gearstand on the right,STAND_ROW1_RIGHT,"{""intent"":""part_reference"",""part_action"":""reference"",""reference_relation"":""direct"",""step_scope"":"""",""target"":""STAND_ROW1_RIGHT"",""candidates"":[],""exclude_labels"":[]}",language_grounded,I identified and highlighted the Row 1 right stand.,"{""acquired_tool_ids"": [], ""acquisition_complete"": false, ""completed_steps"": [""r1_gear_rod"", ""r2_bearing_right""], ""head_rotation_deg"": null, ""head_translation_m"": null, ""left_hand_translation_m"": null, ""removed_tool_ids"": [14, 21, 26], ""right_hand_translation_m"": null, ""selected_step"": ""r1_bearing_right"", ""step_attempt"": 3, ""step_elapsed_s"": 12.03796543192584, ""step_event_index"": 9, ""total_hand_translation_m"": null, ""trial_finished_elapsed_s"": null, ""trial_recording"": true, ""trial_required_tool_ids"": [19]}"
2026-09-03T21:35:59.508-04:00,junhyun,language,part_selection,language,r1_bearing_right,Row 1.1: bearing into right stand,ready,3,10,19,GEAR_STAND_ROW1_RIGHT,12.063206,12.063206,,,,,,,,,,,,,,,1,,,,,,"{""acquired_tool_ids"": [19], ""acquisition_complete"": false, ""completed_steps"": [""r1_gear_rod"", ""r2_bearing_right""], ""head_rotation_deg"": null, ""head_translation_m"": null, ""left_hand_translation_m"": null, ""removed_tool_ids"": [14, 21, 26], ""right_hand_translation_m"": null, ""selected_step"": ""r1_bearing_right"", ""step_attempt"": 3, ""step_elapsed_s"": 12.063250601990148, ""step_event_index"": 10, ""total_hand_translation_m"": null, ""trial_finished_elapsed_s"": null, ""trial_recording"": true, ""trial_required_tool_ids"": [19]}"
2026-09-03T21:35:59.536-04:00,junhyun,language,object_acquired,language,r1_bearing_right,Row 1.1: bearing into right stand,ready,3,11,19,GEAR_STAND_ROW1_RIGHT,12.063206,12.063206,,,,,,,,,,,,,,,1,,,,,,"{""acquired_tool_ids"": [19], ""acquisition_complete"": false, ""completed_steps"": [""r1_gear_rod"", ""r2_bearing_right""], ""head_rotation_deg"": null, ""head_translation_m"": null, ""left_hand_translation_m"": null, ""removed_tool_ids"": [14, 21, 26], ""right_hand_translation_m"": null, ""selected_step"": ""r1_bearing_right"", ""step_attempt"": 3, ""step_elapsed_s"": 12.091177726979367, ""step_event_index"": 11, ""total_hand_translation_m"": null, ""trial_finished_elapsed_s"": null, ""trial_recording"": true, ""trial_required_tool_ids"": [19]}"
2026-09-03T21:35:59.575-04:00,junhyun,language,step_acquisition_complete,language,r1_bearing_right,Row 1.1: bearing into right stand,ready,3,12,,,,12.129829,0.443166,86.015663,0.385475,0.540680,0.926155,0.000000,0.000000,0.000000,0.000000,0,0,0.000000,0.000000,0.000000,,,,,,,"{""acquired_tool_ids"": [19], ""acquisition_complete"": true, ""any_hover_time_s"": 0.0, ""completed_steps"": [""r1_gear_rod"", ""r2_bearing_right""], ""head_rotation_deg"": 86.01566298376038, ""head_translation_m"": 0.4431663071816056, ""hover_time_percent"": 0.0, ""left_hand_translation_m"": 0.3854751639194883, ""left_hover_episodes"": 0, ""left_hover_time_s"": 0.0, ""left_hover_translation_m"": 0.0, ""removed_tool_ids"": [14, 19, 21, 26], ""right_hand_translation_m"": 0.5406803254347434, ""right_hover_episodes"": 0, ""right_hover_time_s"": 0.0, ""right_hover_translation_m"": 0.0, ""selected_step"": ""r1_bearing_right"", ""step_attempt"": 3, ""step_elapsed_s"": 12.12982856493909, ""step_event_index"": 12, ""total_hand_translation_m"": 0.9261554893542316, ""total_hover_translation_m"": 0.0, ""trial_finished_elapsed_s"": 12.12982856493909, ""trial_recording"": false, ""trial_required_tool_ids"": [19]}"
2026-09-03T21:35:59.629-04:00,junhyun,language,graph_complete,,r1_bearing_right,Row 1.1: bearing into right stand,complete,3,13,,,,,,,,,,,,,,,,,,,,,,,,,"{""acquired_tool_ids"": [19], ""acquisition_complete"": true, ""any_hover_time_s"": 0.0, ""completed_steps"": [""r1_gear_rod"", ""r2_bearing_right"", ""r1_bearing_right""], ""head_rotation_deg"": 86.01566298376038, ""head_translation_m"": 0.4431663071816056, ""hover_time_percent"": 0.0, ""left_hand_translation_m"": 0.3854751639194883, ""left_hover_episodes"": 0, ""left_hover_time_s"": 0.0, ""left_hover_translation_m"": 0.0, ""removed_tool_ids"": [14, 19, 21, 26], ""right_hand_translation_m"": 0.5406803254347434, ""right_hover_episodes"": 0, ""right_hover_time_s"": 0.0, ""right_hover_translation_m"": 0.0, ""selected_step"": ""r1_bearing_right"", ""step_attempt"": 3, ""step_elapsed_s"": 12.12982856493909, ""step_event_index"": 13, ""total_hand_translation_m"": 0.9261554893542316, ""total_hover_translation_m"": 0.0, ""trial_finished_elapsed_s"": 12.12982856493909, ""trial_recording"": false, ""trial_required_tool_ids"": [19]}"
2026-09-03T21:36:10.528-04:00,junhyun,language,step_started,keyboard,r1_bearing_left,Row 1.3: bearing into left stand,ready,4,1,,,,,,,,,,,,,,,,,,,,,,,,,"{""acquired_tool_ids"": [], ""acquisition_complete"": false, ""completed_steps"": [""r1_gear_rod"", ""r2_bearing_right"", ""r1_bearing_right""], ""head_rotation_deg"": null, ""head_translation_m"": null, ""left_hand_translation_m"": null, ""removed_tool_ids"": [14, 19, 21, 26], ""right_hand_translation_m"": null, ""selected_step"": ""r1_bearing_left"", ""step_attempt"": 4, ""step_elapsed_s"": 0.0003533730050548911, ""step_event_index"": 1, ""total_hand_translation_m"": null, ""trial_finished_elapsed_s"": null, ""trial_recording"": true, ""trial_required_tool_ids"": [18, 34]}"
2026-09-03T21:36:14.240-04:00,junhyun,language,speech_started,lifecycle,r1_bearing_left,Row 1.3: bearing into left stand,ready,4,2,,,,3.712321,,,,,,,,,,,,,,,,,,,,,"{""acquired_tool_ids"": [], ""acquisition_complete"": false, ""completed_steps"": [""r1_gear_rod"", ""r2_bearing_right"", ""r1_bearing_right""], ""head_rotation_deg"": null, ""head_translation_m"": null, ""left_hand_translation_m"": null, ""removed_tool_ids"": [14, 19, 21, 26], ""right_hand_translation_m"": null, ""selected_step"": ""r1_bearing_left"", ""step_attempt"": 4, ""step_elapsed_s"": 3.712333698058501, ""step_event_index"": 2, ""total_hand_translation_m"": null, ""trial_finished_elapsed_s"": null, ""trial_recording"": true, ""trial_required_tool_ids"": [18, 34]}"
2026-09-03T21:36:18.356-04:00,junhyun,language,speech_capture_ended,lifecycle,r1_bearing_left,Row 1.3: bearing into left stand,ready,4,3,,,,7.828335,,,,,,,,,,,,,,,,,,,,,"{""acquired_tool_ids"": [], ""acquisition_complete"": false, ""completed_steps"": [""r1_gear_rod"", ""r2_bearing_right"", ""r1_bearing_right""], ""head_rotation_deg"": null, ""head_translation_m"": null, ""left_hand_translation_m"": null, ""removed_tool_ids"": [14, 19, 21, 26], ""right_hand_translation_m"": null, ""selected_step"": ""r1_bearing_left"", ""step_attempt"": 4, ""step_elapsed_s"": 7.828355088015087, ""step_event_index"": 3, ""total_hand_translation_m"": null, ""trial_finished_elapsed_s"": null, ""trial_recording"": true, ""trial_required_tool_ids"": [18, 34]}"
2026-09-03T21:36:18.401-04:00,junhyun,language,asr_started,lifecycle,r1_bearing_left,Row 1.3: bearing into left stand,ready,4,4,,,,7.873422,,,,,,,,,,,,,,,,,,,,,"{""acquired_tool_ids"": [], ""acquisition_complete"": false, ""completed_steps"": [""r1_gear_rod"", ""r2_bearing_right"", ""r1_bearing_right""], ""head_rotation_deg"": null, ""head_translation_m"": null, ""left_hand_translation_m"": null, ""removed_tool_ids"": [14, 19, 21, 26], ""right_hand_translation_m"": null, ""selected_step"": ""r1_bearing_left"", ""step_attempt"": 4, ""step_elapsed_s"": 7.873442374053411, ""step_event_index"": 4, ""total_hand_translation_m"": null, ""trial_finished_elapsed_s"": null, ""trial_recording"": true, ""trial_required_tool_ids"": [18, 34]}"
2026-09-03T21:36:18.416-04:00,junhyun,language,asr_completed,lifecycle,r1_bearing_left,Row 1.3: bearing into left stand,ready,4,5,,,,7.888471,,,,,,,,,,,,,,,,A white girl stand on the left.,,,,,"{""acquired_tool_ids"": [], ""acquisition_complete"": false, ""completed_steps"": [""r1_gear_rod"", ""r2_bearing_right"", ""r1_bearing_right""], ""head_rotation_deg"": null, ""head_translation_m"": null, ""left_hand_translation_m"": null, ""removed_tool_ids"": [14, 19, 21, 26], ""right_hand_translation_m"": null, ""selected_step"": ""r1_bearing_left"", ""step_attempt"": 4, ""step_elapsed_s"": 7.888478594017215, ""step_event_index"": 5, ""total_hand_translation_m"": null, ""trial_finished_elapsed_s"": null, ""trial_recording"": true, ""trial_required_tool_ids"": [18, 34]}"
2026-09-03T21:36:19.756-04:00,junhyun,language,participant_speech_submitted,speech,r1_bearing_left,Row 1.3: bearing into left stand,ready,4,6,,,,9.228774,,,,,,,,,,,,,,,,a white gearstand on the left,,,speech_proxy,,"{""acquired_tool_ids"": [], ""acquisition_complete"": false, ""completed_steps"": [""r1_gear_rod"", ""r2_bearing_right"", ""r1_bearing_right""], ""head_rotation_deg"": null, ""head_translation_m"": null, ""left_hand_translation_m"": null, ""removed_tool_ids"": [14, 19, 21, 26], ""right_hand_translation_m"": null, ""selected_step"": ""r1_bearing_left"", ""step_attempt"": 4, ""step_elapsed_s"": 9.228786300052889, ""step_event_index"": 6, ""total_hand_translation_m"": null, ""trial_finished_elapsed_s"": null, ""trial_recording"": true, ""trial_required_tool_ids"": [18, 34]}"
2026-09-03T21:36:19.798-04:00,junhyun,language,vlm_request_submitted,speech,r1_bearing_left,Row 1.3: bearing into left stand,ready,4,7,,,,9.271001,,,,,,,,,,,,,,,,a white gearstand on the left,,,speech_proxy,,"{""acquired_tool_ids"": [], ""acquisition_complete"": false, ""completed_steps"": [""r1_gear_rod"", ""r2_bearing_right"", ""r1_bearing_right""], ""head_rotation_deg"": null, ""head_translation_m"": null, ""left_hand_translation_m"": null, ""removed_tool_ids"": [14, 19, 21, 26], ""right_hand_translation_m"": null, ""selected_step"": ""r1_bearing_left"", ""step_attempt"": 4, ""step_elapsed_s"": 9.271013324032538, ""step_event_index"": 7, ""total_hand_translation_m"": null, ""trial_finished_elapsed_s"": null, ""trial_recording"": true, ""trial_required_tool_ids"": [18, 34]}"
2026-09-03T21:36:23.210-04:00,junhyun,language,vlm_inference_completed,lifecycle,r1_bearing_left,Row 1.3: bearing into left stand,ready,4,8,,,,12.682959,,,,,,,,,,,,,,,,a white gearstand on the left,,,STAND_ROW1_LEFT,,"{""acquired_tool_ids"": [], ""acquisition_complete"": false, ""completed_steps"": [""r1_gear_rod"", ""r2_bearing_right"", ""r1_bearing_right""], ""head_rotation_deg"": null, ""head_translation_m"": null, ""left_hand_translation_m"": null, ""removed_tool_ids"": [14, 19, 21, 26], ""right_hand_translation_m"": null, ""selected_step"": ""r1_bearing_left"", ""step_attempt"": 4, ""step_elapsed_s"": 12.682969809044152, ""step_event_index"": 8, ""total_hand_translation_m"": null, ""trial_finished_elapsed_s"": null, ""trial_recording"": true, ""trial_required_tool_ids"": [18, 34]}"
2026-09-03T21:36:23.242-04:00,junhyun,language,vlm_interaction,language,r1_bearing_left,Row 1.3: bearing into left stand,ready,4,9,,,,,,,,,,,,,,,,,,,,a white gearstand on the left,STAND_ROW1_LEFT,"{""intent"":""part_reference"",""part_action"":""reference"",""reference_relation"":""direct"",""step_scope"":"""",""target"":""STAND_ROW1_LEFT"",""candidates"":[],""exclude_labels"":[]}",language_grounded,I identified and highlighted the Row 1 left stand.,"{""acquired_tool_ids"": [], ""acquisition_complete"": false, ""completed_steps"": [""r1_gear_rod"", ""r2_bearing_right"", ""r1_bearing_right""], ""head_rotation_deg"": null, ""head_translation_m"": null, ""left_hand_translation_m"": null, ""removed_tool_ids"": [14, 19, 21, 26], ""right_hand_translation_m"": null, ""selected_step"": ""r1_bearing_left"", ""step_attempt"": 4, ""step_elapsed_s"": 12.714959857054055, ""step_event_index"": 9, ""total_hand_translation_m"": null, ""trial_finished_elapsed_s"": null, ""trial_recording"": true, ""trial_required_tool_ids"": [18, 34]}"
2026-09-03T21:36:23.284-04:00,junhyun,language,part_selection,language,r1_bearing_left,Row 1.3: bearing into left stand,ready,4,10,18,GEAR_STAND_ROW1_LEFT,12.756261,12.756261,,,,,,,,,,,,,,,1,,,,,,"{""acquired_tool_ids"": [18], ""acquisition_complete"": false, ""completed_steps"": [""r1_gear_rod"", ""r2_bearing_right"", ""r1_bearing_right""], ""head_rotation_deg"": null, ""head_translation_m"": null, ""left_hand_translation_m"": null, ""removed_tool_ids"": [14, 19, 21, 26], ""right_hand_translation_m"": null, ""selected_step"": ""r1_bearing_left"", ""step_attempt"": 4, ""step_elapsed_s"": 12.756330511998385, ""step_event_index"": 10, ""total_hand_translation_m"": null, ""trial_finished_elapsed_s"": null, ""trial_recording"": true, ""trial_required_tool_ids"": [18, 34]}"
2026-09-03T21:36:23.295-04:00,junhyun,language,object_acquired,language,r1_bearing_left,Row 1.3: bearing into left stand,ready,4,11,18,GEAR_STAND_ROW1_LEFT,12.756261,12.756261,,,,,,,,,,,,,,,1,,,,,,"{""acquired_tool_ids"": [18], ""acquisition_complete"": false, ""completed_steps"": [""r1_gear_rod"", ""r2_bearing_right"", ""r1_bearing_right""], ""head_rotation_deg"": null, ""head_translation_m"": null, ""left_hand_translation_m"": null, ""removed_tool_ids"": [14, 19, 21, 26], ""right_hand_translation_m"": null, ""selected_step"": ""r1_bearing_left"", ""step_attempt"": 4, ""step_elapsed_s"": 12.76739971106872, ""step_event_index"": 11, ""total_hand_translation_m"": null, ""trial_finished_elapsed_s"": null, ""trial_recording"": true, ""trial_required_tool_ids"": [18, 34]}"
2026-09-03T21:36:23.312-04:00,junhyun,language,tts_queued,lifecycle,r1_bearing_left,Row 1.3: bearing into left stand,ready,4,12,,,,12.784305,,,,,,,,,,,,,,,,1 part left.,,,replace,,"{""acquired_tool_ids"": [18], ""acquisition_complete"": false, ""completed_steps"": [""r1_gear_rod"", ""r2_bearing_right"", ""r1_bearing_right""], ""head_rotation_deg"": null, ""head_translation_m"": null, ""left_hand_translation_m"": null, ""removed_tool_ids"": [14, 19, 21, 26], ""right_hand_translation_m"": null, ""selected_step"": ""r1_bearing_left"", ""step_attempt"": 4, ""step_elapsed_s"": 12.784315514029004, ""step_event_index"": 12, ""total_hand_translation_m"": null, ""trial_finished_elapsed_s"": null, ""trial_recording"": true, ""trial_required_tool_ids"": [18, 34]}"
2026-09-03T21:36:23.343-04:00,junhyun,language,tts_started,lifecycle,r1_bearing_left,Row 1.3: bearing into left stand,ready,4,13,,,,12.815099,,,,,,,,,,,,,,,,1 part left.,,,,,"{""acquired_tool_ids"": [18], ""acquisition_complete"": false, ""completed_steps"": [""r1_gear_rod"", ""r2_bearing_right"", ""r1_bearing_right""], ""head_rotation_deg"": null, ""head_translation_m"": null, ""left_hand_translation_m"": null, ""removed_tool_ids"": [14, 19, 21, 26], ""right_hand_translation_m"": null, ""selected_step"": ""r1_bearing_left"", ""step_attempt"": 4, ""step_elapsed_s"": 12.815111246076412, ""step_event_index"": 13, ""total_hand_translation_m"": null, ""trial_finished_elapsed_s"": null, ""trial_recording"": true, ""trial_required_tool_ids"": [18, 34]}"
2026-09-03T21:36:24.711-04:00,junhyun,language,tts_finished,lifecycle,r1_bearing_left,Row 1.3: bearing into left stand,ready,4,14,,,,14.183476,,,,,,,,,,,,,,,,1 part left.,,,,,"{""acquired_tool_ids"": [18], ""acquisition_complete"": false, ""completed_steps"": [""r1_gear_rod"", ""r2_bearing_right"", ""r1_bearing_right""], ""head_rotation_deg"": null, ""head_translation_m"": null, ""left_hand_translation_m"": null, ""removed_tool_ids"": [14, 19, 21, 26], ""right_hand_translation_m"": null, ""selected_step"": ""r1_bearing_left"", ""step_attempt"": 4, ""step_elapsed_s"": 14.183487658039667, ""step_event_index"": 14, ""total_hand_translation_m"": null, ""trial_finished_elapsed_s"": null, ""trial_recording"": true, ""trial_required_tool_ids"": [18, 34]}"
2026-09-03T21:36:25.695-04:00,junhyun,language,speech_started,lifecycle,r1_bearing_left,Row 1.3: bearing into left stand,ready,4,15,,,,15.167305,,,,,,,,,,,,,,,,,,,,,"{""acquired_tool_ids"": [18], ""acquisition_complete"": false, ""completed_steps"": [""r1_gear_rod"", ""r2_bearing_right"", ""r1_bearing_right""], ""head_rotation_deg"": null, ""head_translation_m"": null, ""left_hand_translation_m"": null, ""removed_tool_ids"": [14, 19, 21, 26], ""right_hand_translation_m"": null, ""selected_step"": ""r1_bearing_left"", ""step_attempt"": 4, ""step_elapsed_s"": 15.167317003011703, ""step_event_index"": 15, ""total_hand_translation_m"": null, ""trial_finished_elapsed_s"": null, ""trial_recording"": true, ""trial_required_tool_ids"": [18, 34]}"
2026-09-03T21:36:27.817-04:00,junhyun,language,speech_capture_ended,lifecycle,r1_bearing_left,Row 1.3: bearing into left stand,ready,4,16,,,,17.289074,,,,,,,,,,,,,,,,,,,,,"{""acquired_tool_ids"": [18], ""acquisition_complete"": false, ""completed_steps"": [""r1_gear_rod"", ""r2_bearing_right"", ""r1_bearing_right""], ""head_rotation_deg"": null, ""head_translation_m"": null, ""left_hand_translation_m"": null, ""removed_tool_ids"": [14, 19, 21, 26], ""right_hand_translation_m"": null, ""selected_step"": ""r1_bearing_left"", ""step_attempt"": 4, ""step_elapsed_s"": 17.28908495500218, ""step_event_index"": 16, ""total_hand_translation_m"": null, ""trial_finished_elapsed_s"": null, ""trial_recording"": true, ""trial_required_tool_ids"": [18, 34]}"
2026-09-03T21:36:27.861-04:00,junhyun,language,asr_started,lifecycle,r1_bearing_left,Row 1.3: bearing into left stand,ready,4,17,,,,17.333651,,,,,,,,,,,,,,,,,,,,,"{""acquired_tool_ids"": [18], ""acquisition_complete"": false, ""completed_steps"": [""r1_gear_rod"", ""r2_bearing_right"", ""r1_bearing_right""], ""head_rotation_deg"": null, ""head_translation_m"": null, ""left_hand_translation_m"": null, ""removed_tool_ids"": [14, 19, 21, 26], ""right_hand_translation_m"": null, ""selected_step"": ""r1_bearing_left"", ""step_attempt"": 4, ""step_elapsed_s"": 17.333659701049328, ""step_event_index"": 17, ""total_hand_translation_m"": null, ""trial_finished_elapsed_s"": null, ""trial_recording"": true, ""trial_required_tool_ids"": [18, 34]}"
2026-09-03T21:36:27.921-04:00,junhyun,language,asr_completed,lifecycle,r1_bearing_left,Row 1.3: bearing into left stand,ready,4,18,,,,17.393812,,,,,,,,,,,,,,,,Bering.,,,,,"{""acquired_tool_ids"": [18], ""acquisition_complete"": false, ""completed_steps"": [""r1_gear_rod"", ""r2_bearing_right"", ""r1_bearing_right""], ""head_rotation_deg"": null, ""head_translation_m"": null, ""left_hand_translation_m"": null, ""removed_tool_ids"": [14, 19, 21, 26], ""right_hand_translation_m"": null, ""selected_step"": ""r1_bearing_left"", ""step_attempt"": 4, ""step_elapsed_s"": 17.39382130210288, ""step_event_index"": 18, ""total_hand_translation_m"": null, ""trial_finished_elapsed_s"": null, ""trial_recording"": true, ""trial_required_tool_ids"": [18, 34]}"
2026-09-03T21:36:28.447-04:00,junhyun,language,participant_speech_submitted,speech,r1_bearing_left,Row 1.3: bearing into left stand,ready,4,19,,,,17.919196,,,,,,,,,,,,,,,,bearing,,,speech_proxy,,"{""acquired_tool_ids"": [18], ""acquisition_complete"": false, ""completed_steps"": [""r1_gear_rod"", ""r2_bearing_right"", ""r1_bearing_right""], ""head_rotation_deg"": null, ""head_translation_m"": null, ""left_hand_translation_m"": null, ""removed_tool_ids"": [14, 19, 21, 26], ""right_hand_translation_m"": null, ""selected_step"": ""r1_bearing_left"", ""step_attempt"": 4, ""step_elapsed_s"": 17.919207774102688, ""step_event_index"": 19, ""total_hand_translation_m"": null, ""trial_finished_elapsed_s"": null, ""trial_recording"": true, ""trial_required_tool_ids"": [18, 34]}"
2026-09-03T21:36:28.466-04:00,junhyun,language,vlm_request_submitted,speech,r1_bearing_left,Row 1.3: bearing into left stand,ready,4,20,,,,17.938192,,,,,,,,,,,,,,,,bearing,,,speech_proxy,,"{""acquired_tool_ids"": [18], ""acquisition_complete"": false, ""completed_steps"": [""r1_gear_rod"", ""r2_bearing_right"", ""r1_bearing_right""], ""head_rotation_deg"": null, ""head_translation_m"": null, ""left_hand_translation_m"": null, ""removed_tool_ids"": [14, 19, 21, 26], ""right_hand_translation_m"": null, ""selected_step"": ""r1_bearing_left"", ""step_attempt"": 4, ""step_elapsed_s"": 17.938203199068084, ""step_event_index"": 20, ""total_hand_translation_m"": null, ""trial_finished_elapsed_s"": null, ""trial_recording"": true, ""trial_required_tool_ids"": [18, 34]}"
2026-09-03T21:36:31.747-04:00,junhyun,language,vlm_inference_completed,lifecycle,r1_bearing_left,Row 1.3: bearing into left stand,ready,4,21,,,,21.219647,,,,,,,,,,,,,,,,bearing,,,BEARING,,"{""acquired_tool_ids"": [18], ""acquisition_complete"": false, ""completed_steps"": [""r1_gear_rod"", ""r2_bearing_right"", ""r1_bearing_right""], ""head_rotation_deg"": null, ""head_translation_m"": null, ""left_hand_translation_m"": null, ""removed_tool_ids"": [14, 19, 21, 26], ""right_hand_translation_m"": null, ""selected_step"": ""r1_bearing_left"", ""step_attempt"": 4, ""step_elapsed_s"": 21.21965831099078, ""step_event_index"": 21, ""total_hand_translation_m"": null, ""trial_finished_elapsed_s"": null, ""trial_recording"": true, ""trial_required_tool_ids"": [18, 34]}"
2026-09-03T21:36:31.805-04:00,junhyun,language,vlm_interaction,language,r1_bearing_left,Row 1.3: bearing into left stand,ready,4,22,,,,,,,,,,,,,,,,,,,,bearing,BEARING,"{""intent"":""part_reference"",""part_action"":""reference"",""reference_relation"":""direct"",""step_scope"":"""",""target"":""BEARING"",""candidates"":[],""exclude_labels"":[]}",language_grounded,I identified and highlighted the bearing.,"{""acquired_tool_ids"": [18], ""acquisition_complete"": false, ""completed_steps"": [""r1_gear_rod"", ""r2_bearing_right"", ""r1_bearing_right""], ""head_rotation_deg"": null, ""head_translation_m"": null, ""left_hand_translation_m"": null, ""removed_tool_ids"": [14, 19, 21, 26], ""right_hand_translation_m"": null, ""selected_step"": ""r1_bearing_left"", ""step_attempt"": 4, ""step_elapsed_s"": 21.27733239205554, ""step_event_index"": 22, ""total_hand_translation_m"": null, ""trial_finished_elapsed_s"": null, ""trial_recording"": true, ""trial_required_tool_ids"": [18, 34]}"
2026-09-03T21:36:31.849-04:00,junhyun,language,part_selection,language,r1_bearing_left,Row 1.3: bearing into left stand,ready,4,23,34,BEARINGS,8.565501,21.321761,,,,,,,,,,,,,,,1,,,,,,"{""acquired_tool_ids"": [18, 34], ""acquisition_complete"": false, ""completed_steps"": [""r1_gear_rod"", ""r2_bearing_right"", ""r1_bearing_right""], ""head_rotation_deg"": null, ""head_translation_m"": null, ""left_hand_translation_m"": null, ""removed_tool_ids"": [14, 19, 21, 26], ""right_hand_translation_m"": null, ""selected_step"": ""r1_bearing_left"", ""step_attempt"": 4, ""step_elapsed_s"": 21.321799295023084, ""step_event_index"": 23, ""total_hand_translation_m"": null, ""trial_finished_elapsed_s"": null, ""trial_recording"": true, ""trial_required_tool_ids"": [18, 34]}"
2026-09-03T21:36:31.869-04:00,junhyun,language,object_acquired,language,r1_bearing_left,Row 1.3: bearing into left stand,ready,4,24,34,BEARINGS,8.565501,21.321761,,,,,,,,,,,,,,,1,,,,,,"{""acquired_tool_ids"": [18, 34], ""acquisition_complete"": false, ""completed_steps"": [""r1_gear_rod"", ""r2_bearing_right"", ""r1_bearing_right""], ""head_rotation_deg"": null, ""head_translation_m"": null, ""left_hand_translation_m"": null, ""removed_tool_ids"": [14, 19, 21, 26], ""right_hand_translation_m"": null, ""selected_step"": ""r1_bearing_left"", ""step_attempt"": 4, ""step_elapsed_s"": 21.34202154306695, ""step_event_index"": 24, ""total_hand_translation_m"": null, ""trial_finished_elapsed_s"": null, ""trial_recording"": true, ""trial_required_tool_ids"": [18, 34]}"
2026-09-03T21:36:31.891-04:00,junhyun,language,step_acquisition_complete,language,r1_bearing_left,Row 1.3: bearing into left stand,ready,4,25,,,,21.362150,0.288474,85.284508,0.073730,0.073730,0.147460,0.000000,0.000000,0.000000,0.000000,0,0,0.000000,0.000000,0.000000,,,,,,,"{""acquired_tool_ids"": [18, 34], ""acquisition_complete"": true, ""any_hover_time_s"": 0.0, ""completed_steps"": [""r1_gear_rod"", ""r2_bearing_right"", ""r1_bearing_right""], ""head_rotation_deg"": 85.28450801613046, ""head_translation_m"": 0.28847427040331125, ""hover_time_percent"": 0.0, ""left_hand_translation_m"": 0.07373023730961488, ""left_hover_episodes"": 0, ""left_hover_time_s"": 0.0, ""left_hover_translation_m"": 0.0, ""removed_tool_ids"": [14, 18, 19, 21, 26], ""right_hand_translation_m"": 0.07372992438751368, ""right_hover_episodes"": 0, ""right_hover_time_s"": 0.0, ""right_hover_translation_m"": 0.0, ""selected_step"": ""r1_bearing_left"", ""step_attempt"": 4, ""step_elapsed_s"": 21.36214961099904, ""step_event_index"": 25, ""total_hand_translation_m"": 0.14746016169712856, ""total_hover_translation_m"": 0.0, ""trial_finished_elapsed_s"": 21.36214961099904, ""trial_recording"": false, ""trial_required_tool_ids"": [18, 34]}"
2026-09-03T21:36:31.926-04:00,junhyun,language,graph_complete,,r1_bearing_left,Row 1.3: bearing into left stand,complete,4,26,,,,,,,,,,,,,,,,,,,,,,,,,"{""acquired_tool_ids"": [18, 34], ""acquisition_complete"": true, ""any_hover_time_s"": 0.0, ""completed_steps"": [""r1_gear_rod"", ""r2_bearing_right"", ""r1_bearing_right"", ""r1_bearing_left""], ""head_rotation_deg"": 85.28450801613046, ""head_translation_m"": 0.28847427040331125, ""hover_time_percent"": 0.0, ""left_hand_translation_m"": 0.07373023730961488, ""left_hover_episodes"": 0, ""left_hover_time_s"": 0.0, ""left_hover_translation_m"": 0.0, ""removed_tool_ids"": [14, 18, 19, 21, 26], ""right_hand_translation_m"": 0.07372992438751368, ""right_hover_episodes"": 0, ""right_hover_time_s"": 0.0, ""right_hover_translation_m"": 0.0, ""selected_step"": ""r1_bearing_left"", ""step_attempt"": 4, ""step_elapsed_s"": 21.36214961099904, ""step_event_index"": 26, ""total_hand_translation_m"": 0.14746016169712856, ""total_hover_translation_m"": 0.0, ""trial_finished_elapsed_s"": 21.36214961099904, ""trial_recording"": false, ""trial_required_tool_ids"": [18, 34]}"
2026-09-03T21:36:45.721-04:00,junhyun,language,step_started,keyboard,r2_gear_rod,Row 2.2: assemble gear rod,ready,5,1,,,,,,,,,,,,,,,,,,,,,,,,,"{""acquired_tool_ids"": [], ""acquisition_complete"": false, ""completed_steps"": [""r1_gear_rod"", ""r2_bearing_right"", ""r1_bearing_right"", ""r1_bearing_left""], ""head_rotation_deg"": null, ""head_translation_m"": null, ""left_hand_translation_m"": null, ""removed_tool_ids"": [14, 18, 19, 21, 26], ""right_hand_translation_m"": null, ""selected_step"": ""r2_gear_rod"", ""step_attempt"": 5, ""step_elapsed_s"": 0.0005569859640672803, ""step_event_index"": 1, ""total_hand_translation_m"": null, ""trial_finished_elapsed_s"": null, ""trial_recording"": true, ""trial_required_tool_ids"": [15, 27, 28, 33]}"
2026-09-03T21:36:48.174-04:00,junhyun,language,speech_started,lifecycle,r2_gear_rod,Row 2.2: assemble gear rod,ready,5,2,,,,2.453895,,,,,,,,,,,,,,,,,,,,,"{""acquired_tool_ids"": [], ""acquisition_complete"": false, ""completed_steps"": [""r1_gear_rod"", ""r2_bearing_right"", ""r1_bearing_right"", ""r1_bearing_left""], ""head_rotation_deg"": null, ""head_translation_m"": null, ""left_hand_translation_m"": null, ""removed_tool_ids"": [14, 18, 19, 21, 26], ""right_hand_translation_m"": null, ""selected_step"": ""r2_gear_rod"", ""step_attempt"": 5, ""step_elapsed_s"": 2.4539076250512153, ""step_event_index"": 2, ""total_hand_translation_m"": null, ""trial_finished_elapsed_s"": null, ""trial_recording"": true, ""trial_required_tool_ids"": [15, 27, 28, 33]}"
2026-09-03T21:36:52.143-04:00,junhyun,language,speech_capture_ended,lifecycle,r2_gear_rod,Row 2.2: assemble gear rod,ready,5,3,,,,6.422563,,,,,,,,,,,,,,,,,,,,,"{""acquired_tool_ids"": [], ""acquisition_complete"": false, ""completed_steps"": [""r1_gear_rod"", ""r2_bearing_right"", ""r1_bearing_right"", ""r1_bearing_left""], ""head_rotation_deg"": null, ""head_translation_m"": null, ""left_hand_translation_m"": null, ""removed_tool_ids"": [14, 18, 19, 21, 26], ""right_hand_translation_m"": null, ""selected_step"": ""r2_gear_rod"", ""step_attempt"": 5, ""step_elapsed_s"": 6.422573838965036, ""step_event_index"": 3, ""total_hand_translation_m"": null, ""trial_finished_elapsed_s"": null, ""trial_recording"": true, ""trial_required_tool_ids"": [15, 27, 28, 33]}"
2026-09-03T21:36:52.194-04:00,junhyun,language,asr_started,lifecycle,r2_gear_rod,Row 2.2: assemble gear rod,ready,5,4,,,,6.474046,,,,,,,,,,,,,,,,,,,,,"{""acquired_tool_ids"": [], ""acquisition_complete"": false, ""completed_steps"": [""r1_gear_rod"", ""r2_bearing_right"", ""r1_bearing_right"", ""r1_bearing_left""], ""head_rotation_deg"": null, ""head_translation_m"": null, ""left_hand_translation_m"": null, ""removed_tool_ids"": [14, 18, 19, 21, 26], ""right_hand_translation_m"": null, ""selected_step"": ""r2_gear_rod"", ""step_attempt"": 5, ""step_elapsed_s"": 6.474059215979651, ""step_event_index"": 4, ""total_hand_translation_m"": null, ""trial_finished_elapsed_s"": null, ""trial_recording"": true, ""trial_required_tool_ids"": [15, 27, 28, 33]}"
2026-09-03T21:36:52.252-04:00,junhyun,language,asr_completed,lifecycle,r2_gear_rod,Row 2.2: assemble gear rod,ready,5,5,,,,6.532060,,,,,,,,,,,,,,,,A Roll to Redgear rod.,,,,,"{""acquired_tool_ids"": [], ""acquisition_complete"": false, ""completed_steps"": [""r1_gear_rod"", ""r2_bearing_right"", ""r1_bearing_right"", ""r1_bearing_left""], ""head_rotation_deg"": null, ""head_translation_m"": null, ""left_hand_translation_m"": null, ""removed_tool_ids"": [14, 18, 19, 21, 26], ""right_hand_translation_m"": null, ""selected_step"": ""r2_gear_rod"", ""step_attempt"": 5, ""step_elapsed_s"": 6.532067963038571, ""step_event_index"": 5, ""total_hand_translation_m"": null, ""trial_finished_elapsed_s"": null, ""trial_recording"": true, ""trial_required_tool_ids"": [15, 27, 28, 33]}"
2026-09-03T21:36:53.625-04:00,junhyun,language,speech_started,lifecycle,r2_gear_rod,Row 2.2: assemble gear rod,ready,5,6,,,,7.904673,,,,,,,,,,,,,,,,,,,,,"{""acquired_tool_ids"": [], ""acquisition_complete"": false, ""completed_steps"": [""r1_gear_rod"", ""r2_bearing_right"", ""r1_bearing_right"", ""r1_bearing_left""], ""head_rotation_deg"": null, ""head_translation_m"": null, ""left_hand_translation_m"": null, ""removed_tool_ids"": [14, 18, 19, 21, 26], ""right_hand_translation_m"": null, ""selected_step"": ""r2_gear_rod"", ""step_attempt"": 5, ""step_elapsed_s"": 7.90468449704349, ""step_event_index"": 6, ""total_hand_translation_m"": null, ""trial_finished_elapsed_s"": null, ""trial_recording"": true, ""trial_required_tool_ids"": [15, 27, 28, 33]}"
2026-09-03T21:36:57.015-04:00,junhyun,language,speech_capture_ended,lifecycle,r2_gear_rod,Row 2.2: assemble gear rod,ready,5,7,,,,11.294476,,,,,,,,,,,,,,,,,,,,,"{""acquired_tool_ids"": [], ""acquisition_complete"": false, ""completed_steps"": [""r1_gear_rod"", ""r2_bearing_right"", ""r1_bearing_right"", ""r1_bearing_left""], ""head_rotation_deg"": null, ""head_translation_m"": null, ""left_hand_translation_m"": null, ""removed_tool_ids"": [14, 18, 19, 21, 26], ""right_hand_translation_m"": null, ""selected_step"": ""r2_gear_rod"", ""step_attempt"": 5, ""step_elapsed_s"": 11.294489438994788, ""step_event_index"": 7, ""total_hand_translation_m"": null, ""trial_finished_elapsed_s"": null, ""trial_recording"": true, ""trial_required_tool_ids"": [15, 27, 28, 33]}"
2026-09-03T21:36:57.116-04:00,junhyun,language,asr_started,lifecycle,r2_gear_rod,Row 2.2: assemble gear rod,ready,5,8,,,,11.395303,,,,,,,,,,,,,,,,,,,,,"{""acquired_tool_ids"": [], ""acquisition_complete"": false, ""completed_steps"": [""r1_gear_rod"", ""r2_bearing_right"", ""r1_bearing_right"", ""r1_bearing_left""], ""head_rotation_deg"": null, ""head_translation_m"": null, ""left_hand_translation_m"": null, ""removed_tool_ids"": [14, 18, 19, 21, 26], ""right_hand_translation_m"": null, ""selected_step"": ""r2_gear_rod"", ""step_attempt"": 5, ""step_elapsed_s"": 11.39532353298273, ""step_event_index"": 8, ""total_hand_translation_m"": null, ""trial_finished_elapsed_s"": null, ""trial_recording"": true, ""trial_required_tool_ids"": [15, 27, 28, 33]}"
2026-09-03T21:36:57.162-04:00,junhyun,language,asr_completed,lifecycle,r2_gear_rod,Row 2.2: assemble gear rod,ready,5,9,,,,11.441204,,,,,,,,,,,,,,,,Road to a red here.,,,,,"{""acquired_tool_ids"": [], ""acquisition_complete"": false, ""completed_steps"": [""r1_gear_rod"", ""r2_bearing_right"", ""r1_bearing_right"", ""r1_bearing_left""], ""head_rotation_deg"": null, ""head_translation_m"": null, ""left_hand_translation_m"": null, ""removed_tool_ids"": [14, 18, 19, 21, 26], ""right_hand_translation_m"": null, ""selected_step"": ""r2_gear_rod"", ""step_attempt"": 5, ""step_elapsed_s"": 11.441213340964168, ""step_event_index"": 9, ""total_hand_translation_m"": null, ""trial_finished_elapsed_s"": null, ""trial_recording"": true, ""trial_required_tool_ids"": [15, 27, 28, 33]}"
2026-09-03T21:37:02.489-04:00,junhyun,language,participant_speech_submitted,speech,r2_gear_rod,Row 2.2: assemble gear rod,ready,5,10,,,,16.768476,,,,,,,,,,,,,,,,a row2 red gearrod,,,speech_proxy,,"{""acquired_tool_ids"": [], ""acquisition_complete"": false, ""completed_steps"": [""r1_gear_rod"", ""r2_bearing_right"", ""r1_bearing_right"", ""r1_bearing_left""], ""head_rotation_deg"": null, ""head_translation_m"": null, ""left_hand_translation_m"": null, ""removed_tool_ids"": [14, 18, 19, 21, 26], ""right_hand_translation_m"": null, ""selected_step"": ""r2_gear_rod"", ""step_attempt"": 5, ""step_elapsed_s"": 16.768496226985008, ""step_event_index"": 10, ""total_hand_translation_m"": null, ""trial_finished_elapsed_s"": null, ""trial_recording"": true, ""trial_required_tool_ids"": [15, 27, 28, 33]}"
2026-09-03T21:37:02.626-04:00,junhyun,language,vlm_request_submitted,speech,r2_gear_rod,Row 2.2: assemble gear rod,ready,5,11,,,,16.905428,,,,,,,,,,,,,,,,a row2 red gearrod,,,speech_proxy,,"{""acquired_tool_ids"": [], ""acquisition_complete"": false, ""completed_steps"": [""r1_gear_rod"", ""r2_bearing_right"", ""r1_bearing_right"", ""r1_bearing_left""], ""head_rotation_deg"": null, ""head_translation_m"": null, ""left_hand_translation_m"": null, ""removed_tool_ids"": [14, 18, 19, 21, 26], ""right_hand_translation_m"": null, ""selected_step"": ""r2_gear_rod"", ""step_attempt"": 5, ""step_elapsed_s"": 16.905438588000834, ""step_event_index"": 11, ""total_hand_translation_m"": null, ""trial_finished_elapsed_s"": null, ""trial_recording"": true, ""trial_required_tool_ids"": [15, 27, 28, 33]}"
2026-09-03T21:37:06.098-04:00,junhyun,language,vlm_inference_completed,lifecycle,r2_gear_rod,Row 2.2: assemble gear rod,ready,5,12,,,,20.377636,,,,,,,,,,,,,,,,a row2 red gearrod,,,GEAR_ROD_ROW2,,"{""acquired_tool_ids"": [], ""acquisition_complete"": false, ""completed_steps"": [""r1_gear_rod"", ""r2_bearing_right"", ""r1_bearing_right"", ""r1_bearing_left""], ""head_rotation_deg"": null, ""head_translation_m"": null, ""left_hand_translation_m"": null, ""removed_tool_ids"": [14, 18, 19, 21, 26], ""right_hand_translation_m"": null, ""selected_step"": ""r2_gear_rod"", ""step_attempt"": 5, ""step_elapsed_s"": 20.377649478963576, ""step_event_index"": 12, ""total_hand_translation_m"": null, ""trial_finished_elapsed_s"": null, ""trial_recording"": true, ""trial_required_tool_ids"": [15, 27, 28, 33]}"
2026-09-03T21:37:06.263-04:00,junhyun,language,vlm_interaction,language,r2_gear_rod,Row 2.2: assemble gear rod,ready,5,13,,,,,,,,,,,,,,,,,,,,a row2 red gearrod,GEAR_ROD_ROW2,"{""intent"":""part_reference"",""part_action"":""reference"",""reference_relation"":""direct"",""step_scope"":"""",""target"":""GEAR_ROD_ROW2"",""candidates"":[],""exclude_labels"":[]}",language_grounded,I identified and highlighted the Row 2 gear rod.,"{""acquired_tool_ids"": [], ""acquisition_complete"": false, ""completed_steps"": [""r1_gear_rod"", ""r2_bearing_right"", ""r1_bearing_right"", ""r1_bearing_left""], ""head_rotation_deg"": null, ""head_translation_m"": null, ""left_hand_translation_m"": null, ""removed_tool_ids"": [14, 18, 19, 21, 26], ""right_hand_translation_m"": null, ""selected_step"": ""r2_gear_rod"", ""step_attempt"": 5, ""step_elapsed_s"": 20.542255281005055, ""step_event_index"": 13, ""total_hand_translation_m"": null, ""trial_finished_elapsed_s"": null, ""trial_recording"": true, ""trial_required_tool_ids"": [15, 27, 28, 33]}"
2026-09-03T21:37:06.299-04:00,junhyun,language,part_selection,language,r2_gear_rod,Row 2.2: assemble gear rod,ready,5,14,15,GEAR_ROD_ROW2,20.578701,20.578701,,,,,,,,,,,,,,,1,,,,,,"{""acquired_tool_ids"": [15], ""acquisition_complete"": false, ""completed_steps"": [""r1_gear_rod"", ""r2_bearing_right"", ""r1_bearing_right"", ""r1_bearing_left""], ""head_rotation_deg"": null, ""head_translation_m"": null, ""left_hand_translation_m"": null, ""removed_tool_ids"": [14, 18, 19, 21, 26], ""right_hand_translation_m"": null, ""selected_step"": ""r2_gear_rod"", ""step_attempt"": 5, ""step_elapsed_s"": 20.5787411989877, ""step_event_index"": 14, ""total_hand_translation_m"": null, ""trial_finished_elapsed_s"": null, ""trial_recording"": true, ""trial_required_tool_ids"": [15, 27, 28, 33]}"
2026-09-03T21:37:06.323-04:00,junhyun,language,object_acquired,language,r2_gear_rod,Row 2.2: assemble gear rod,ready,5,15,15,GEAR_ROD_ROW2,20.578701,20.578701,,,,,,,,,,,,,,,1,,,,,,"{""acquired_tool_ids"": [15], ""acquisition_complete"": false, ""completed_steps"": [""r1_gear_rod"", ""r2_bearing_right"", ""r1_bearing_right"", ""r1_bearing_left""], ""head_rotation_deg"": null, ""head_translation_m"": null, ""left_hand_translation_m"": null, ""removed_tool_ids"": [14, 18, 19, 21, 26], ""right_hand_translation_m"": null, ""selected_step"": ""r2_gear_rod"", ""step_attempt"": 5, ""step_elapsed_s"": 20.602328062988818, ""step_event_index"": 15, ""total_hand_translation_m"": null, ""trial_finished_elapsed_s"": null, ""trial_recording"": true, ""trial_required_tool_ids"": [15, 27, 28, 33]}"
2026-09-03T21:37:06.350-04:00,junhyun,language,tts_queued,lifecycle,r2_gear_rod,Row 2.2: assemble gear rod,ready,5,16,,,,20.630037,,,,,,,,,,,,,,,,3 parts left.,,,replace,,"{""acquired_tool_ids"": [15], ""acquisition_complete"": false, ""completed_steps"": [""r1_gear_rod"", ""r2_bearing_right"", ""r1_bearing_right"", ""r1_bearing_left""], ""head_rotation_deg"": null, ""head_translation_m"": null, ""left_hand_translation_m"": null, ""removed_tool_ids"": [14, 18, 19, 21, 26], ""right_hand_translation_m"": null, ""selected_step"": ""r2_gear_rod"", ""step_attempt"": 5, ""step_elapsed_s"": 20.63004767196253, ""step_event_index"": 16, ""total_hand_translation_m"": null, ""trial_finished_elapsed_s"": null, ""trial_recording"": true, ""trial_required_tool_ids"": [15, 27, 28, 33]}"
2026-09-03T21:37:06.373-04:00,junhyun,language,tts_started,lifecycle,r2_gear_rod,Row 2.2: assemble gear rod,ready,5,17,,,,20.652661,,,,,,,,,,,,,,,,3 parts left.,,,,,"{""acquired_tool_ids"": [15], ""acquisition_complete"": false, ""completed_steps"": [""r1_gear_rod"", ""r2_bearing_right"", ""r1_bearing_right"", ""r1_bearing_left""], ""head_rotation_deg"": null, ""head_translation_m"": null, ""left_hand_translation_m"": null, ""removed_tool_ids"": [14, 18, 19, 21, 26], ""right_hand_translation_m"": null, ""selected_step"": ""r2_gear_rod"", ""step_attempt"": 5, ""step_elapsed_s"": 20.652670936076902, ""step_event_index"": 17, ""total_hand_translation_m"": null, ""trial_finished_elapsed_s"": null, ""trial_recording"": true, ""trial_required_tool_ids"": [15, 27, 28, 33]}"
2026-09-03T21:37:07.748-04:00,junhyun,language,tts_finished,lifecycle,r2_gear_rod,Row 2.2: assemble gear rod,ready,5,18,,,,22.027652,,,,,,,,,,,,,,,,3 parts left.,,,,,"{""acquired_tool_ids"": [15], ""acquisition_complete"": false, ""completed_steps"": [""r1_gear_rod"", ""r2_bearing_right"", ""r1_bearing_right"", ""r1_bearing_left""], ""head_rotation_deg"": null, ""head_translation_m"": null, ""left_hand_translation_m"": null, ""removed_tool_ids"": [14, 18, 19, 21, 26], ""right_hand_translation_m"": null, ""selected_step"": ""r2_gear_rod"", ""step_attempt"": 5, ""step_elapsed_s"": 22.02766366407741, ""step_event_index"": 18, ""total_hand_translation_m"": null, ""trial_finished_elapsed_s"": null, ""trial_recording"": true, ""trial_required_tool_ids"": [15, 27, 28, 33]}"
2026-09-03T21:37:09.249-04:00,junhyun,language,speech_started,lifecycle,r2_gear_rod,Row 2.2: assemble gear rod,ready,5,19,,,,23.528627,,,,,,,,,,,,,,,,,,,,,"{""acquired_tool_ids"": [15], ""acquisition_complete"": false, ""completed_steps"": [""r1_gear_rod"", ""r2_bearing_right"", ""r1_bearing_right"", ""r1_bearing_left""], ""head_rotation_deg"": null, ""head_translation_m"": null, ""left_hand_translation_m"": null, ""removed_tool_ids"": [14, 18, 19, 21, 26], ""right_hand_translation_m"": null, ""selected_step"": ""r2_gear_rod"", ""step_attempt"": 5, ""step_elapsed_s"": 23.528639454045333, ""step_event_index"": 19, ""total_hand_translation_m"": null, ""trial_finished_elapsed_s"": null, ""trial_recording"": true, ""trial_required_tool_ids"": [15, 27, 28, 33]}"
2026-09-03T21:37:13.553-04:00,junhyun,language,speech_capture_ended,lifecycle,r2_gear_rod,Row 2.2: assemble gear rod,ready,5,20,,,,27.832810,,,,,,,,,,,,,,,,,,,,,"{""acquired_tool_ids"": [15], ""acquisition_complete"": false, ""completed_steps"": [""r1_gear_rod"", ""r2_bearing_right"", ""r1_bearing_right"", ""r1_bearing_left""], ""head_rotation_deg"": null, ""head_translation_m"": null, ""left_hand_translation_m"": null, ""removed_tool_ids"": [14, 18, 19, 21, 26], ""right_hand_translation_m"": null, ""selected_step"": ""r2_gear_rod"", ""step_attempt"": 5, ""step_elapsed_s"": 27.832821993040852, ""step_event_index"": 20, ""total_hand_translation_m"": null, ""trial_finished_elapsed_s"": null, ""trial_recording"": true, ""trial_required_tool_ids"": [15, 27, 28, 33]}"
2026-09-03T21:37:13.599-04:00,junhyun,language,asr_started,lifecycle,r2_gear_rod,Row 2.2: assemble gear rod,ready,5,21,,,,27.878535,,,,,,,,,,,,,,,,,,,,,"{""acquired_tool_ids"": [15], ""acquisition_complete"": false, ""completed_steps"": [""r1_gear_rod"", ""r2_bearing_right"", ""r1_bearing_right"", ""r1_bearing_left""], ""head_rotation_deg"": null, ""head_translation_m"": null, ""left_hand_translation_m"": null, ""removed_tool_ids"": [14, 18, 19, 21, 26], ""right_hand_translation_m"": null, ""selected_step"": ""r2_gear_rod"", ""step_attempt"": 5, ""step_elapsed_s"": 27.878552993992344, ""step_event_index"": 21, ""total_hand_translation_m"": null, ""trial_finished_elapsed_s"": null, ""trial_recording"": true, ""trial_required_tool_ids"": [15, 27, 28, 33]}"
2026-09-03T21:37:13.639-04:00,junhyun,language,asr_completed,lifecycle,r2_gear_rod,Row 2.2: assemble gear rod,ready,5,22,,,,27.918992,,,,,,,,,,,,,,,,A red gear on the right side.,,,,,"{""acquired_tool_ids"": [15], ""acquisition_complete"": false, ""completed_steps"": [""r1_gear_rod"", ""r2_bearing_right"", ""r1_bearing_right"", ""r1_bearing_left""], ""head_rotation_deg"": null, ""head_translation_m"": null, ""left_hand_translation_m"": null, ""removed_tool_ids"": [14, 18, 19, 21, 26], ""right_hand_translation_m"": null, ""selected_step"": ""r2_gear_rod"", ""step_attempt"": 5, ""step_elapsed_s"": 27.919008565018885, ""step_event_index"": 22, ""total_hand_translation_m"": null, ""trial_finished_elapsed_s"": null, ""trial_recording"": true, ""trial_required_tool_ids"": [15, 27, 28, 33]}"
2026-09-03T21:37:14.585-04:00,junhyun,language,participant_speech_submitted,speech,r2_gear_rod,Row 2.2: assemble gear rod,ready,5,23,,,,28.864342,,,,,,,,,,,,,,,,a red gear on the right side,,,speech_proxy,,"{""acquired_tool_ids"": [15], ""acquisition_complete"": false, ""completed_steps"": [""r1_gear_rod"", ""r2_bearing_right"", ""r1_bearing_right"", ""r1_bearing_left""], ""head_rotation_deg"": null, ""head_translation_m"": null, ""left_hand_translation_m"": null, ""removed_tool_ids"": [14, 18, 19, 21, 26], ""right_hand_translation_m"": null, ""selected_step"": ""r2_gear_rod"", ""step_attempt"": 5, ""step_elapsed_s"": 28.86435377597809, ""step_event_index"": 23, ""total_hand_translation_m"": null, ""trial_finished_elapsed_s"": null, ""trial_recording"": true, ""trial_required_tool_ids"": [15, 27, 28, 33]}"
2026-09-03T21:37:14.639-04:00,junhyun,language,vlm_request_submitted,speech,r2_gear_rod,Row 2.2: assemble gear rod,ready,5,24,,,,28.919009,,,,,,,,,,,,,,,,a red gear on the right side,,,speech_proxy,,"{""acquired_tool_ids"": [15], ""acquisition_complete"": false, ""completed_steps"": [""r1_gear_rod"", ""r2_bearing_right"", ""r1_bearing_right"", ""r1_bearing_left""], ""head_rotation_deg"": null, ""head_translation_m"": null, ""left_hand_translation_m"": null, ""removed_tool_ids"": [14, 18, 19, 21, 26], ""right_hand_translation_m"": null, ""selected_step"": ""r2_gear_rod"", ""step_attempt"": 5, ""step_elapsed_s"": 28.91903492505662, ""step_event_index"": 24, ""total_hand_translation_m"": null, ""trial_finished_elapsed_s"": null, ""trial_recording"": true, ""trial_required_tool_ids"": [15, 27, 28, 33]}"
2026-09-03T21:37:18.070-04:00,junhyun,language,vlm_inference_completed,lifecycle,r2_gear_rod,Row 2.2: assemble gear rod,ready,5,25,,,,32.349254,,,,,,,,,,,,,,,,a red gear on the right side,,,GEAR_ROW2_RIGHT,,"{""acquired_tool_ids"": [15], ""acquisition_complete"": false, ""completed_steps"": [""r1_gear_rod"", ""r2_bearing_right"", ""r1_bearing_right"", ""r1_bearing_left""], ""head_rotation_deg"": null, ""head_translation_m"": null, ""left_hand_translation_m"": null, ""removed_tool_ids"": [14, 18, 19, 21, 26], ""right_hand_translation_m"": null, ""selected_step"": ""r2_gear_rod"", ""step_attempt"": 5, ""step_elapsed_s"": 32.349263172014616, ""step_event_index"": 25, ""total_hand_translation_m"": null, ""trial_finished_elapsed_s"": null, ""trial_recording"": true, ""trial_required_tool_ids"": [15, 27, 28, 33]}"
2026-09-03T21:37:18.114-04:00,junhyun,language,vlm_interaction,language,r2_gear_rod,Row 2.2: assemble gear rod,ready,5,26,,,,,,,,,,,,,,,,,,,,a red gear on the right side,GEAR_ROW2_RIGHT,"{""intent"":""part_reference"",""part_action"":""reference"",""reference_relation"":""direct"",""step_scope"":"""",""target"":""GEAR_ROW2_RIGHT"",""candidates"":[],""exclude_labels"":[]}",language_grounded,I identified and highlighted the Row 2 right gear.,"{""acquired_tool_ids"": [15], ""acquisition_complete"": false, ""completed_steps"": [""r1_gear_rod"", ""r2_bearing_right"", ""r1_bearing_right"", ""r1_bearing_left""], ""head_rotation_deg"": null, ""head_translation_m"": null, ""left_hand_translation_m"": null, ""removed_tool_ids"": [14, 18, 19, 21, 26], ""right_hand_translation_m"": null, ""selected_step"": ""r2_gear_rod"", ""step_attempt"": 5, ""step_elapsed_s"": 32.39320984703954, ""step_event_index"": 26, ""total_hand_translation_m"": null, ""trial_finished_elapsed_s"": null, ""trial_recording"": true, ""trial_required_tool_ids"": [15, 27, 28, 33]}"
2026-09-03T21:37:18.131-04:00,junhyun,language,part_selection,language,r2_gear_rod,Row 2.2: assemble gear rod,ready,5,27,28,GEAR_ROW2_RIGHT,11.832188,32.410889,,,,,,,,,,,,,,,1,,,,,,"{""acquired_tool_ids"": [15, 28], ""acquisition_complete"": false, ""completed_steps"": [""r1_gear_rod"", ""r2_bearing_right"", ""r1_bearing_right"", ""r1_bearing_left""], ""head_rotation_deg"": null, ""head_translation_m"": null, ""left_hand_translation_m"": null, ""removed_tool_ids"": [14, 18, 19, 21, 26], ""right_hand_translation_m"": null, ""selected_step"": ""r2_gear_rod"", ""step_attempt"": 5, ""step_elapsed_s"": 32.41096363007091, ""step_event_index"": 27, ""total_hand_translation_m"": null, ""trial_finished_elapsed_s"": null, ""trial_recording"": true, ""trial_required_tool_ids"": [15, 27, 28, 33]}"
2026-09-03T21:37:18.151-04:00,junhyun,language,object_acquired,language,r2_gear_rod,Row 2.2: assemble gear rod,ready,5,28,28,GEAR_ROW2_RIGHT,11.832188,32.410889,,,,,,,,,,,,,,,1,,,,,,"{""acquired_tool_ids"": [15, 28], ""acquisition_complete"": false, ""completed_steps"": [""r1_gear_rod"", ""r2_bearing_right"", ""r1_bearing_right"", ""r1_bearing_left""], ""head_rotation_deg"": null, ""head_translation_m"": null, ""left_hand_translation_m"": null, ""removed_tool_ids"": [14, 18, 19, 21, 26], ""right_hand_translation_m"": null, ""selected_step"": ""r2_gear_rod"", ""step_attempt"": 5, ""step_elapsed_s"": 32.43050617806148, ""step_event_index"": 28, ""total_hand_translation_m"": null, ""trial_finished_elapsed_s"": null, ""trial_recording"": true, ""trial_required_tool_ids"": [15, 27, 28, 33]}"
2026-09-03T21:37:18.172-04:00,junhyun,language,tts_queued,lifecycle,r2_gear_rod,Row 2.2: assemble gear rod,ready,5,29,,,,32.451353,,,,,,,,,,,,,,,,2 parts left.,,,replace,,"{""acquired_tool_ids"": [15, 28], ""acquisition_complete"": false, ""completed_steps"": [""r1_gear_rod"", ""r2_bearing_right"", ""r1_bearing_right"", ""r1_bearing_left""], ""head_rotation_deg"": null, ""head_translation_m"": null, ""left_hand_translation_m"": null, ""removed_tool_ids"": [14, 18, 19, 21, 26], ""right_hand_translation_m"": null, ""selected_step"": ""r2_gear_rod"", ""step_attempt"": 5, ""step_elapsed_s"": 32.45136352197733, ""step_event_index"": 29, ""total_hand_translation_m"": null, ""trial_finished_elapsed_s"": null, ""trial_recording"": true, ""trial_required_tool_ids"": [15, 27, 28, 33]}"
2026-09-03T21:37:18.212-04:00,junhyun,language,tts_started,lifecycle,r2_gear_rod,Row 2.2: assemble gear rod,ready,5,30,,,,32.491826,,,,,,,,,,,,,,,,2 parts left.,,,,,"{""acquired_tool_ids"": [15, 28], ""acquisition_complete"": false, ""completed_steps"": [""r1_gear_rod"", ""r2_bearing_right"", ""r1_bearing_right"", ""r1_bearing_left""], ""head_rotation_deg"": null, ""head_translation_m"": null, ""left_hand_translation_m"": null, ""removed_tool_ids"": [14, 18, 19, 21, 26], ""right_hand_translation_m"": null, ""selected_step"": ""r2_gear_rod"", ""step_attempt"": 5, ""step_elapsed_s"": 32.49183980806265, ""step_event_index"": 30, ""total_hand_translation_m"": null, ""trial_finished_elapsed_s"": null, ""trial_recording"": true, ""trial_required_tool_ids"": [15, 27, 28, 33]}"
2026-09-03T21:37:19.436-04:00,junhyun,language,tts_finished,lifecycle,r2_gear_rod,Row 2.2: assemble gear rod,ready,5,31,,,,33.716131,,,,,,,,,,,,,,,,2 parts left.,,,,,"{""acquired_tool_ids"": [15, 28], ""acquisition_complete"": false, ""completed_steps"": [""r1_gear_rod"", ""r2_bearing_right"", ""r1_bearing_right"", ""r1_bearing_left""], ""head_rotation_deg"": null, ""head_translation_m"": null, ""left_hand_translation_m"": null, ""removed_tool_ids"": [14, 18, 19, 21, 26], ""right_hand_translation_m"": null, ""selected_step"": ""r2_gear_rod"", ""step_attempt"": 5, ""step_elapsed_s"": 33.716140903998166, ""step_event_index"": 31, ""total_hand_translation_m"": null, ""trial_finished_elapsed_s"": null, ""trial_recording"": true, ""trial_required_tool_ids"": [15, 27, 28, 33]}"
2026-09-03T21:37:20.587-04:00,junhyun,language,speech_started,lifecycle,r2_gear_rod,Row 2.2: assemble gear rod,ready,5,32,,,,34.866214,,,,,,,,,,,,,,,,,,,,,"{""acquired_tool_ids"": [15, 28], ""acquisition_complete"": false, ""completed_steps"": [""r1_gear_rod"", ""r2_bearing_right"", ""r1_bearing_right"", ""r1_bearing_left""], ""head_rotation_deg"": null, ""head_translation_m"": null, ""left_hand_translation_m"": null, ""removed_tool_ids"": [14, 18, 19, 21, 26], ""right_hand_translation_m"": null, ""selected_step"": ""r2_gear_rod"", ""step_attempt"": 5, ""step_elapsed_s"": 34.866225257050246, ""step_event_index"": 32, ""total_hand_translation_m"": null, ""trial_finished_elapsed_s"": null, ""trial_recording"": true, ""trial_required_tool_ids"": [15, 27, 28, 33]}"
2026-09-03T21:37:23.992-04:00,junhyun,language,speech_capture_ended,lifecycle,r2_gear_rod,Row 2.2: assemble gear rod,ready,5,33,,,,38.272023,,,,,,,,,,,,,,,,,,,,,"{""acquired_tool_ids"": [15, 28], ""acquisition_complete"": false, ""completed_steps"": [""r1_gear_rod"", ""r2_bearing_right"", ""r1_bearing_right"", ""r1_bearing_left""], ""head_rotation_deg"": null, ""head_translation_m"": null, ""left_hand_translation_m"": null, ""removed_tool_ids"": [14, 18, 19, 21, 26], ""right_hand_translation_m"": null, ""selected_step"": ""r2_gear_rod"", ""step_attempt"": 5, ""step_elapsed_s"": 38.27203502098564, ""step_event_index"": 33, ""total_hand_translation_m"": null, ""trial_finished_elapsed_s"": null, ""trial_recording"": true, ""trial_required_tool_ids"": [15, 27, 28, 33]}"
2026-09-03T21:37:24.027-04:00,junhyun,language,asr_started,lifecycle,r2_gear_rod,Row 2.2: assemble gear rod,ready,5,34,,,,38.306881,,,,,,,,,,,,,,,,,,,,,"{""acquired_tool_ids"": [15, 28], ""acquisition_complete"": false, ""completed_steps"": [""r1_gear_rod"", ""r2_bearing_right"", ""r1_bearing_right"", ""r1_bearing_left""], ""head_rotation_deg"": null, ""head_translation_m"": null, ""left_hand_translation_m"": null, ""removed_tool_ids"": [14, 18, 19, 21, 26], ""right_hand_translation_m"": null, ""selected_step"": ""r2_gear_rod"", ""step_attempt"": 5, ""step_elapsed_s"": 38.306891125044785, ""step_event_index"": 34, ""total_hand_translation_m"": null, ""trial_finished_elapsed_s"": null, ""trial_recording"": true, ""trial_required_tool_ids"": [15, 27, 28, 33]}"
2026-09-03T21:37:24.080-04:00,junhyun,language,asr_completed,lifecycle,r2_gear_rod,Row 2.2: assemble gear rod,ready,5,35,,,,38.360063,,,,,,,,,,,,,,,,Red gear on the left side.,,,,,"{""acquired_tool_ids"": [15, 28], ""acquisition_complete"": false, ""completed_steps"": [""r1_gear_rod"", ""r2_bearing_right"", ""r1_bearing_right"", ""r1_bearing_left""], ""head_rotation_deg"": null, ""head_translation_m"": null, ""left_hand_translation_m"": null, ""removed_tool_ids"": [14, 18, 19, 21, 26], ""right_hand_translation_m"": null, ""selected_step"": ""r2_gear_rod"", ""step_attempt"": 5, ""step_elapsed_s"": 38.36007111996878, ""step_event_index"": 35, ""total_hand_translation_m"": null, ""trial_finished_elapsed_s"": null, ""trial_recording"": true, ""trial_required_tool_ids"": [15, 27, 28, 33]}"
2026-09-03T21:37:25.707-04:00,junhyun,language,participant_speech_submitted,speech,r2_gear_rod,Row 2.2: assemble gear rod,ready,5,36,,,,39.986358,,,,,,,,,,,,,,,,a red gear on the left side,,,speech_proxy,,"{""acquired_tool_ids"": [15, 28], ""acquisition_complete"": false, ""completed_steps"": [""r1_gear_rod"", ""r2_bearing_right"", ""r1_bearing_right"", ""r1_bearing_left""], ""head_rotation_deg"": null, ""head_translation_m"": null, ""left_hand_translation_m"": null, ""removed_tool_ids"": [14, 18, 19, 21, 26], ""right_hand_translation_m"": null, ""selected_step"": ""r2_gear_rod"", ""step_attempt"": 5, ""step_elapsed_s"": 39.98636904906016, ""step_event_index"": 36, ""total_hand_translation_m"": null, ""trial_finished_elapsed_s"": null, ""trial_recording"": true, ""trial_required_tool_ids"": [15, 27, 28, 33]}"
2026-09-03T21:37:25.761-04:00,junhyun,language,vlm_request_submitted,speech,r2_gear_rod,Row 2.2: assemble gear rod,ready,5,37,,,,40.040233,,,,,,,,,,,,,,,,a red gear on the left side,,,speech_proxy,,"{""acquired_tool_ids"": [15, 28], ""acquisition_complete"": false, ""completed_steps"": [""r1_gear_rod"", ""r2_bearing_right"", ""r1_bearing_right"", ""r1_bearing_left""], ""head_rotation_deg"": null, ""head_translation_m"": null, ""left_hand_translation_m"": null, ""removed_tool_ids"": [14, 18, 19, 21, 26], ""right_hand_translation_m"": null, ""selected_step"": ""r2_gear_rod"", ""step_attempt"": 5, ""step_elapsed_s"": 40.04024543298874, ""step_event_index"": 37, ""total_hand_translation_m"": null, ""trial_finished_elapsed_s"": null, ""trial_recording"": true, ""trial_required_tool_ids"": [15, 27, 28, 33]}"
2026-09-03T21:37:29.193-04:00,junhyun,language,vlm_inference_completed,lifecycle,r2_gear_rod,Row 2.2: assemble gear rod,ready,5,38,,,,43.472237,,,,,,,,,,,,,,,,a red gear on the left side,,,GEAR_ROW2_LEFT,,"{""acquired_tool_ids"": [15, 28], ""acquisition_complete"": false, ""completed_steps"": [""r1_gear_rod"", ""r2_bearing_right"", ""r1_bearing_right"", ""r1_bearing_left""], ""head_rotation_deg"": null, ""head_translation_m"": null, ""left_hand_translation_m"": null, ""removed_tool_ids"": [14, 18, 19, 21, 26], ""right_hand_translation_m"": null, ""selected_step"": ""r2_gear_rod"", ""step_attempt"": 5, ""step_elapsed_s"": 43.472254174994305, ""step_event_index"": 38, ""total_hand_translation_m"": null, ""trial_finished_elapsed_s"": null, ""trial_recording"": true, ""trial_required_tool_ids"": [15, 27, 28, 33]}"
2026-09-03T21:37:29.252-04:00,junhyun,language,vlm_interaction,language,r2_gear_rod,Row 2.2: assemble gear rod,ready,5,39,,,,,,,,,,,,,,,,,,,,a red gear on the left side,GEAR_ROW2_LEFT,"{""intent"":""part_reference"",""part_action"":""reference"",""reference_relation"":""direct"",""step_scope"":"""",""target"":""GEAR_ROW2_LEFT"",""candidates"":[],""exclude_labels"":[]}",language_grounded,I identified and highlighted the Row 2 left gear.,"{""acquired_tool_ids"": [15, 28], ""acquisition_complete"": false, ""completed_steps"": [""r1_gear_rod"", ""r2_bearing_right"", ""r1_bearing_right"", ""r1_bearing_left""], ""head_rotation_deg"": null, ""head_translation_m"": null, ""left_hand_translation_m"": null, ""removed_tool_ids"": [14, 18, 19, 21, 26], ""right_hand_translation_m"": null, ""selected_step"": ""r2_gear_rod"", ""step_attempt"": 5, ""step_elapsed_s"": 43.53209986304864, ""step_event_index"": 39, ""total_hand_translation_m"": null, ""trial_finished_elapsed_s"": null, ""trial_recording"": true, ""trial_required_tool_ids"": [15, 27, 28, 33]}"
2026-09-03T21:37:29.280-04:00,junhyun,language,part_selection,language,r2_gear_rod,Row 2.2: assemble gear rod,ready,5,40,27,GEAR_ROW2_LEFT,11.148456,43.559345,,,,,,,,,,,,,,,1,,,,,,"{""acquired_tool_ids"": [15, 27, 28], ""acquisition_complete"": false, ""completed_steps"": [""r1_gear_rod"", ""r2_bearing_right"", ""r1_bearing_right"", ""r1_bearing_left""], ""head_rotation_deg"": null, ""head_translation_m"": null, ""left_hand_translation_m"": null, ""removed_tool_ids"": [14, 18, 19, 21, 26], ""right_hand_translation_m"": null, ""selected_step"": ""r2_gear_rod"", ""step_attempt"": 5, ""step_elapsed_s"": 43.55939271906391, ""step_event_index"": 40, ""total_hand_translation_m"": null, ""trial_finished_elapsed_s"": null, ""trial_recording"": true, ""trial_required_tool_ids"": [15, 27, 28, 33]}"
2026-09-03T21:37:29.328-04:00,junhyun,language,object_acquired,language,r2_gear_rod,Row 2.2: assemble gear rod,ready,5,41,27,GEAR_ROW2_LEFT,11.148456,43.559345,,,,,,,,,,,,,,,1,,,,,,"{""acquired_tool_ids"": [15, 27, 28], ""acquisition_complete"": false, ""completed_steps"": [""r1_gear_rod"", ""r2_bearing_right"", ""r1_bearing_right"", ""r1_bearing_left""], ""head_rotation_deg"": null, ""head_translation_m"": null, ""left_hand_translation_m"": null, ""removed_tool_ids"": [14, 18, 19, 21, 26], ""right_hand_translation_m"": null, ""selected_step"": ""r2_gear_rod"", ""step_attempt"": 5, ""step_elapsed_s"": 43.60728529805783, ""step_event_index"": 41, ""total_hand_translation_m"": null, ""trial_finished_elapsed_s"": null, ""trial_recording"": true, ""trial_required_tool_ids"": [15, 27, 28, 33]}"
2026-09-03T21:37:29.346-04:00,junhyun,language,tts_queued,lifecycle,r2_gear_rod,Row 2.2: assemble gear rod,ready,5,42,,,,43.625435,,,,,,,,,,,,,,,,1 part left.,,,replace,,"{""acquired_tool_ids"": [15, 27, 28], ""acquisition_complete"": false, ""completed_steps"": [""r1_gear_rod"", ""r2_bearing_right"", ""r1_bearing_right"", ""r1_bearing_left""], ""head_rotation_deg"": null, ""head_translation_m"": null, ""left_hand_translation_m"": null, ""removed_tool_ids"": [14, 18, 19, 21, 26], ""right_hand_translation_m"": null, ""selected_step"": ""r2_gear_rod"", ""step_attempt"": 5, ""step_elapsed_s"": 43.625449754996225, ""step_event_index"": 42, ""total_hand_translation_m"": null, ""trial_finished_elapsed_s"": null, ""trial_recording"": true, ""trial_required_tool_ids"": [15, 27, 28, 33]}"
2026-09-03T21:37:29.363-04:00,junhyun,language,tts_started,lifecycle,r2_gear_rod,Row 2.2: assemble gear rod,ready,5,43,,,,43.642714,,,,,,,,,,,,,,,,1 part left.,,,,,"{""acquired_tool_ids"": [15, 27, 28], ""acquisition_complete"": false, ""completed_steps"": [""r1_gear_rod"", ""r2_bearing_right"", ""r1_bearing_right"", ""r1_bearing_left""], ""head_rotation_deg"": null, ""head_translation_m"": null, ""left_hand_translation_m"": null, ""removed_tool_ids"": [14, 18, 19, 21, 26], ""right_hand_translation_m"": null, ""selected_step"": ""r2_gear_rod"", ""step_attempt"": 5, ""step_elapsed_s"": 43.642725010053255, ""step_event_index"": 43, ""total_hand_translation_m"": null, ""trial_finished_elapsed_s"": null, ""trial_recording"": true, ""trial_required_tool_ids"": [15, 27, 28, 33]}"
2026-09-03T21:37:30.709-04:00,junhyun,language,tts_finished,lifecycle,r2_gear_rod,Row 2.2: assemble gear rod,ready,5,44,,,,44.988968,,,,,,,,,,,,,,,,1 part left.,,,,,"{""acquired_tool_ids"": [15, 27, 28], ""acquisition_complete"": false, ""completed_steps"": [""r1_gear_rod"", ""r2_bearing_right"", ""r1_bearing_right"", ""r1_bearing_left""], ""head_rotation_deg"": null, ""head_translation_m"": null, ""left_hand_translation_m"": null, ""removed_tool_ids"": [14, 18, 19, 21, 26], ""right_hand_translation_m"": null, ""selected_step"": ""r2_gear_rod"", ""step_attempt"": 5, ""step_elapsed_s"": 44.98897909396328, ""step_event_index"": 44, ""total_hand_translation_m"": null, ""trial_finished_elapsed_s"": null, ""trial_recording"": true, ""trial_required_tool_ids"": [15, 27, 28, 33]}"
2026-09-03T21:37:32.360-04:00,junhyun,language,speech_started,lifecycle,r2_gear_rod,Row 2.2: assemble gear rod,ready,5,45,,,,46.639208,,,,,,,,,,,,,,,,,,,,,"{""acquired_tool_ids"": [15, 27, 28], ""acquisition_complete"": false, ""completed_steps"": [""r1_gear_rod"", ""r2_bearing_right"", ""r1_bearing_right"", ""r1_bearing_left""], ""head_rotation_deg"": null, ""head_translation_m"": null, ""left_hand_translation_m"": null, ""removed_tool_ids"": [14, 18, 19, 21, 26], ""right_hand_translation_m"": null, ""selected_step"": ""r2_gear_rod"", ""step_attempt"": 5, ""step_elapsed_s"": 46.63922015298158, ""step_event_index"": 45, ""total_hand_translation_m"": null, ""trial_finished_elapsed_s"": null, ""trial_recording"": true, ""trial_required_tool_ids"": [15, 27, 28, 33]}"
2026-09-03T21:37:34.662-04:00,junhyun,language,speech_capture_ended,lifecycle,r2_gear_rod,Row 2.2: assemble gear rod,ready,5,46,,,,48.941474,,,,,,,,,,,,,,,,,,,,,"{""acquired_tool_ids"": [15, 27, 28], ""acquisition_complete"": false, ""completed_steps"": [""r1_gear_rod"", ""r2_bearing_right"", ""r1_bearing_right"", ""r1_bearing_left""], ""head_rotation_deg"": null, ""head_translation_m"": null, ""left_hand_translation_m"": null, ""removed_tool_ids"": [14, 18, 19, 21, 26], ""right_hand_translation_m"": null, ""selected_step"": ""r2_gear_rod"", ""step_attempt"": 5, ""step_elapsed_s"": 48.94148425303865, ""step_event_index"": 46, ""total_hand_translation_m"": null, ""trial_finished_elapsed_s"": null, ""trial_recording"": true, ""trial_required_tool_ids"": [15, 27, 28, 33]}"
2026-09-03T21:37:34.754-04:00,junhyun,language,asr_started,lifecycle,r2_gear_rod,Row 2.2: assemble gear rod,ready,5,47,,,,49.033480,,,,,,,,,,,,,,,,,,,,,"{""acquired_tool_ids"": [15, 27, 28], ""acquisition_complete"": false, ""completed_steps"": [""r1_gear_rod"", ""r2_bearing_right"", ""r1_bearing_right"", ""r1_bearing_left""], ""head_rotation_deg"": null, ""head_translation_m"": null, ""left_hand_translation_m"": null, ""removed_tool_ids"": [14, 18, 19, 21, 26], ""right_hand_translation_m"": null, ""selected_step"": ""r2_gear_rod"", ""step_attempt"": 5, ""step_elapsed_s"": 49.03349425003398, ""step_event_index"": 47, ""total_hand_translation_m"": null, ""trial_finished_elapsed_s"": null, ""trial_recording"": true, ""trial_required_tool_ids"": [15, 27, 28, 33]}"
2026-09-03T21:37:34.791-04:00,junhyun,language,asr_completed,lifecycle,r2_gear_rod,Row 2.2: assemble gear rod,ready,5,48,,,,49.070827,,,,,,,,,,,,,,,,Wooden pin.,,,,,"{""acquired_tool_ids"": [15, 27, 28], ""acquisition_complete"": false, ""completed_steps"": [""r1_gear_rod"", ""r2_bearing_right"", ""r1_bearing_right"", ""r1_bearing_left""], ""head_rotation_deg"": null, ""head_translation_m"": null, ""left_hand_translation_m"": null, ""removed_tool_ids"": [14, 18, 19, 21, 26], ""right_hand_translation_m"": null, ""selected_step"": ""r2_gear_rod"", ""step_attempt"": 5, ""step_elapsed_s"": 49.070835432969034, ""step_event_index"": 48, ""total_hand_translation_m"": null, ""trial_finished_elapsed_s"": null, ""trial_recording"": true, ""trial_required_tool_ids"": [15, 27, 28, 33]}"
2026-09-03T21:37:35.376-04:00,junhyun,language,participant_speech_submitted,speech,r2_gear_rod,Row 2.2: assemble gear rod,ready,5,49,,,,49.655534,,,,,,,,,,,,,,,,wooden pin,,,speech_proxy,,"{""acquired_tool_ids"": [15, 27, 28], ""acquisition_complete"": false, ""completed_steps"": [""r1_gear_rod"", ""r2_bearing_right"", ""r1_bearing_right"", ""r1_bearing_left""], ""head_rotation_deg"": null, ""head_translation_m"": null, ""left_hand_translation_m"": null, ""removed_tool_ids"": [14, 18, 19, 21, 26], ""right_hand_translation_m"": null, ""selected_step"": ""r2_gear_rod"", ""step_attempt"": 5, ""step_elapsed_s"": 49.6555535630323, ""step_event_index"": 49, ""total_hand_translation_m"": null, ""trial_finished_elapsed_s"": null, ""trial_recording"": true, ""trial_required_tool_ids"": [15, 27, 28, 33]}"
2026-09-03T21:37:35.423-04:00,junhyun,language,vlm_request_submitted,speech,r2_gear_rod,Row 2.2: assemble gear rod,ready,5,50,,,,49.702404,,,,,,,,,,,,,,,,wooden pin,,,speech_proxy,,"{""acquired_tool_ids"": [15, 27, 28], ""acquisition_complete"": false, ""completed_steps"": [""r1_gear_rod"", ""r2_bearing_right"", ""r1_bearing_right"", ""r1_bearing_left""], ""head_rotation_deg"": null, ""head_translation_m"": null, ""left_hand_translation_m"": null, ""removed_tool_ids"": [14, 18, 19, 21, 26], ""right_hand_translation_m"": null, ""selected_step"": ""r2_gear_rod"", ""step_attempt"": 5, ""step_elapsed_s"": 49.702416782965884, ""step_event_index"": 50, ""total_hand_translation_m"": null, ""trial_finished_elapsed_s"": null, ""trial_recording"": true, ""trial_required_tool_ids"": [15, 27, 28, 33]}"
2026-09-03T21:37:38.679-04:00,junhyun,language,vlm_inference_completed,lifecycle,r2_gear_rod,Row 2.2: assemble gear rod,ready,5,51,,,,52.958431,,,,,,,,,,,,,,,,wooden pin,,,PIN,,"{""acquired_tool_ids"": [15, 27, 28], ""acquisition_complete"": false, ""completed_steps"": [""r1_gear_rod"", ""r2_bearing_right"", ""r1_bearing_right"", ""r1_bearing_left""], ""head_rotation_deg"": null, ""head_translation_m"": null, ""left_hand_translation_m"": null, ""removed_tool_ids"": [14, 18, 19, 21, 26], ""right_hand_translation_m"": null, ""selected_step"": ""r2_gear_rod"", ""step_attempt"": 5, ""step_elapsed_s"": 52.95844059996307, ""step_event_index"": 51, ""total_hand_translation_m"": null, ""trial_finished_elapsed_s"": null, ""trial_recording"": true, ""trial_required_tool_ids"": [15, 27, 28, 33]}"
2026-09-03T21:37:39.054-04:00,junhyun,language,vlm_interaction,language,r2_gear_rod,Row 2.2: assemble gear rod,ready,5,52,,,,,,,,,,,,,,,,,,,,wooden pin,PIN,"{""intent"":""part_reference"",""part_action"":""reference"",""reference_relation"":""direct"",""step_scope"":"""",""target"":""PIN"",""candidates"":[],""exclude_labels"":[]}",language_grounded,I identified and highlighted the wooden retaining pin.,"{""acquired_tool_ids"": [15, 27, 28], ""acquisition_complete"": false, ""completed_steps"": [""r1_gear_rod"", ""r2_bearing_right"", ""r1_bearing_right"", ""r1_bearing_left""], ""head_rotation_deg"": null, ""head_translation_m"": null, ""left_hand_translation_m"": null, ""removed_tool_ids"": [14, 18, 19, 21, 26], ""right_hand_translation_m"": null, ""selected_step"": ""r2_gear_rod"", ""step_attempt"": 5, ""step_elapsed_s"": 53.33349197404459, ""step_event_index"": 52, ""total_hand_translation_m"": null, ""trial_finished_elapsed_s"": null, ""trial_recording"": true, ""trial_required_tool_ids"": [15, 27, 28, 33]}"
2026-09-03T21:37:39.097-04:00,junhyun,language,part_selection,language,r2_gear_rod,Row 2.2: assemble gear rod,ready,5,53,33,PINS,9.816911,53.376256,,,,,,,,,,,,,,,1,,,,,,"{""acquired_tool_ids"": [15, 27, 28, 33], ""acquisition_complete"": false, ""completed_steps"": [""r1_gear_rod"", ""r2_bearing_right"", ""r1_bearing_right"", ""r1_bearing_left""], ""head_rotation_deg"": null, ""head_translation_m"": null, ""left_hand_translation_m"": null, ""removed_tool_ids"": [14, 18, 19, 21, 26], ""right_hand_translation_m"": null, ""selected_step"": ""r2_gear_rod"", ""step_attempt"": 5, ""step_elapsed_s"": 53.37631166505162, ""step_event_index"": 53, ""total_hand_translation_m"": null, ""trial_finished_elapsed_s"": null, ""trial_recording"": true, ""trial_required_tool_ids"": [15, 27, 28, 33]}"
2026-09-03T21:37:39.143-04:00,junhyun,language,object_acquired,language,r2_gear_rod,Row 2.2: assemble gear rod,ready,5,54,33,PINS,9.816911,53.376256,,,,,,,,,,,,,,,1,,,,,,"{""acquired_tool_ids"": [15, 27, 28, 33], ""acquisition_complete"": false, ""completed_steps"": [""r1_gear_rod"", ""r2_bearing_right"", ""r1_bearing_right"", ""r1_bearing_left""], ""head_rotation_deg"": null, ""head_translation_m"": null, ""left_hand_translation_m"": null, ""removed_tool_ids"": [14, 18, 19, 21, 26], ""right_hand_translation_m"": null, ""selected_step"": ""r2_gear_rod"", ""step_attempt"": 5, ""step_elapsed_s"": 53.42307513800915, ""step_event_index"": 54, ""total_hand_translation_m"": null, ""trial_finished_elapsed_s"": null, ""trial_recording"": true, ""trial_required_tool_ids"": [15, 27, 28, 33]}"
2026-09-03T21:37:39.168-04:00,junhyun,language,step_acquisition_complete,language,r2_gear_rod,Row 2.2: assemble gear rod,ready,5,55,,,,53.447323,0.294153,31.687110,0.034197,0.034197,0.068394,0.000000,0.000000,0.000000,0.000000,0,0,0.000000,0.000000,0.000000,,,,,,,"{""acquired_tool_ids"": [15, 27, 28, 33], ""acquisition_complete"": true, ""any_hover_time_s"": 0.0, ""completed_steps"": [""r1_gear_rod"", ""r2_bearing_right"", ""r1_bearing_right"", ""r1_bearing_left""], ""head_rotation_deg"": 31.687109822704578, ""head_translation_m"": 0.2941529483311485, ""hover_time_percent"": 0.0, ""left_hand_translation_m"": 0.034197176955147394, ""left_hover_episodes"": 0, ""left_hover_time_s"": 0.0, ""left_hover_translation_m"": 0.0, ""removed_tool_ids"": [14, 15, 18, 19, 21, 26, 27, 28], ""right_hand_translation_m"": 0.034196875308556855, ""right_hover_episodes"": 0, ""right_hover_time_s"": 0.0, ""right_hover_translation_m"": 0.0, ""selected_step"": ""r2_gear_rod"", ""step_attempt"": 5, ""step_elapsed_s"": 53.44732257502619, ""step_event_index"": 55, ""total_hand_translation_m"": 0.06839405226370425, ""total_hover_translation_m"": 0.0, ""trial_finished_elapsed_s"": 53.44732257502619, ""trial_recording"": false, ""trial_required_tool_ids"": [15, 27, 28, 33]}"
2026-09-03T21:37:39.184-04:00,junhyun,language,graph_complete,,r2_gear_rod,Row 2.2: assemble gear rod,complete,5,56,,,,,,,,,,,,,,,,,,,,,,,,,"{""acquired_tool_ids"": [15, 27, 28, 33], ""acquisition_complete"": true, ""any_hover_time_s"": 0.0, ""completed_steps"": [""r1_gear_rod"", ""r2_bearing_right"", ""r1_bearing_right"", ""r1_bearing_left"", ""r2_gear_rod""], ""head_rotation_deg"": 31.687109822704578, ""head_translation_m"": 0.2941529483311485, ""hover_time_percent"": 0.0, ""left_hand_translation_m"": 0.034197176955147394, ""left_hover_episodes"": 0, ""left_hover_time_s"": 0.0, ""left_hover_translation_m"": 0.0, ""removed_tool_ids"": [14, 15, 18, 19, 21, 26, 27, 28], ""right_hand_translation_m"": 0.034196875308556855, ""right_hover_episodes"": 0, ""right_hover_time_s"": 0.0, ""right_hover_translation_m"": 0.0, ""selected_step"": ""r2_gear_rod"", ""step_attempt"": 5, ""step_elapsed_s"": 53.44732257502619, ""step_event_index"": 56, ""total_hand_translation_m"": 0.06839405226370425, ""total_hover_translation_m"": 0.0, ""trial_finished_elapsed_s"": 53.44732257502619, ""trial_recording"": false, ""trial_required_tool_ids"": [15, 27, 28, 33]}"
2026-09-03T21:37:49.536-04:00,junhyun,language,step_started,keyboard,r2_bearing_left,Row 2.3: bearing into left stand,ready,6,1,,,,,,,,,,,,,,,,,,,,,,,,,"{""acquired_tool_ids"": [], ""acquisition_complete"": false, ""completed_steps"": [""r1_gear_rod"", ""r2_bearing_right"", ""r1_bearing_right"", ""r1_bearing_left"", ""r2_gear_rod""], ""head_rotation_deg"": null, ""head_translation_m"": null, ""left_hand_translation_m"": null, ""removed_tool_ids"": [14, 15, 18, 19, 21, 26, 27, 28], ""right_hand_translation_m"": null, ""selected_step"": ""r2_bearing_left"", ""step_attempt"": 6, ""step_elapsed_s"": 0.002873321995139122, ""step_event_index"": 1, ""total_hand_translation_m"": null, ""trial_finished_elapsed_s"": null, ""trial_recording"": true, ""trial_required_tool_ids"": [20, 34]}"
2026-09-03T21:37:51.135-04:00,junhyun,language,speech_started,lifecycle,r2_bearing_left,Row 2.3: bearing into left stand,ready,6,2,,,,1.601057,,,,,,,,,,,,,,,,,,,,,"{""acquired_tool_ids"": [], ""acquisition_complete"": false, ""completed_steps"": [""r1_gear_rod"", ""r2_bearing_right"", ""r1_bearing_right"", ""r1_bearing_left"", ""r2_gear_rod""], ""head_rotation_deg"": null, ""head_translation_m"": null, ""left_hand_translation_m"": null, ""removed_tool_ids"": [14, 15, 18, 19, 21, 26, 27, 28], ""right_hand_translation_m"": null, ""selected_step"": ""r2_bearing_left"", ""step_attempt"": 6, ""step_elapsed_s"": 1.6010695329168811, ""step_event_index"": 2, ""total_hand_translation_m"": null, ""trial_finished_elapsed_s"": null, ""trial_recording"": true, ""trial_required_tool_ids"": [20, 34]}"
2026-09-03T21:37:56.897-04:00,junhyun,language,speech_capture_ended,lifecycle,r2_bearing_left,Row 2.3: bearing into left stand,ready,6,3,,,,7.363464,,,,,,,,,,,,,,,,,,,,,"{""acquired_tool_ids"": [], ""acquisition_complete"": false, ""completed_steps"": [""r1_gear_rod"", ""r2_bearing_right"", ""r1_bearing_right"", ""r1_bearing_left"", ""r2_gear_rod""], ""head_rotation_deg"": null, ""head_translation_m"": null, ""left_hand_translation_m"": null, ""removed_tool_ids"": [14, 15, 18, 19, 21, 26, 27, 28], ""right_hand_translation_m"": null, ""selected_step"": ""r2_bearing_left"", ""step_attempt"": 6, ""step_elapsed_s"": 7.3634731619386, ""step_event_index"": 3, ""total_hand_translation_m"": null, ""trial_finished_elapsed_s"": null, ""trial_recording"": true, ""trial_required_tool_ids"": [20, 34]}"
2026-09-03T21:37:56.939-04:00,junhyun,language,asr_started,lifecycle,r2_bearing_left,Row 2.3: bearing into left stand,ready,6,4,,,,7.405345,,,,,,,,,,,,,,,,,,,,,"{""acquired_tool_ids"": [], ""acquisition_complete"": false, ""completed_steps"": [""r1_gear_rod"", ""r2_bearing_right"", ""r1_bearing_right"", ""r1_bearing_left"", ""r2_gear_rod""], ""head_rotation_deg"": null, ""head_translation_m"": null, ""left_hand_translation_m"": null, ""removed_tool_ids"": [14, 15, 18, 19, 21, 26, 27, 28], ""right_hand_translation_m"": null, ""selected_step"": ""r2_bearing_left"", ""step_attempt"": 6, ""step_elapsed_s"": 7.405354504007846, ""step_event_index"": 4, ""total_hand_translation_m"": null, ""trial_finished_elapsed_s"": null, ""trial_recording"": true, ""trial_required_tool_ids"": [20, 34]}"
2026-09-03T21:37:56.987-04:00,junhyun,language,asr_completed,lifecycle,r2_bearing_left,Row 2.3: bearing into left stand,ready,6,5,,,,7.453486,,,,,,,,,,,,,,,,A row to red gear stand on the left.,,,,,"{""acquired_tool_ids"": [], ""acquisition_complete"": false, ""completed_steps"": [""r1_gear_rod"", ""r2_bearing_right"", ""r1_bearing_right"", ""r1_bearing_left"", ""r2_gear_rod""], ""head_rotation_deg"": null, ""head_translation_m"": null, ""left_hand_translation_m"": null, ""removed_tool_ids"": [14, 15, 18, 19, 21, 26, 27, 28], ""right_hand_translation_m"": null, ""selected_step"": ""r2_bearing_left"", ""step_attempt"": 6, ""step_elapsed_s"": 7.453501464915462, ""step_event_index"": 5, ""total_hand_translation_m"": null, ""trial_finished_elapsed_s"": null, ""trial_recording"": true, ""trial_required_tool_ids"": [20, 34]}"
2026-09-03T21:37:57.730-04:00,junhyun,language,participant_speech_submitted,speech,r2_bearing_left,Row 2.3: bearing into left stand,ready,6,6,,,,8.195951,,,,,,,,,,,,,,,,row2 red gearstand on the left,,,speech_proxy,,"{""acquired_tool_ids"": [], ""acquisition_complete"": false, ""completed_steps"": [""r1_gear_rod"", ""r2_bearing_right"", ""r1_bearing_right"", ""r1_bearing_left"", ""r2_gear_rod""], ""head_rotation_deg"": null, ""head_translation_m"": null, ""left_hand_translation_m"": null, ""removed_tool_ids"": [14, 15, 18, 19, 21, 26, 27, 28], ""right_hand_translation_m"": null, ""selected_step"": ""r2_bearing_left"", ""step_attempt"": 6, ""step_elapsed_s"": 8.195962309953757, ""step_event_index"": 6, ""total_hand_translation_m"": null, ""trial_finished_elapsed_s"": null, ""trial_recording"": true, ""trial_required_tool_ids"": [20, 34]}"
2026-09-03T21:37:57.758-04:00,junhyun,language,vlm_request_submitted,speech,r2_bearing_left,Row 2.3: bearing into left stand,ready,6,7,,,,8.224695,,,,,,,,,,,,,,,,row2 red gearstand on the left,,,speech_proxy,,"{""acquired_tool_ids"": [], ""acquisition_complete"": false, ""completed_steps"": [""r1_gear_rod"", ""r2_bearing_right"", ""r1_bearing_right"", ""r1_bearing_left"", ""r2_gear_rod""], ""head_rotation_deg"": null, ""head_translation_m"": null, ""left_hand_translation_m"": null, ""removed_tool_ids"": [14, 15, 18, 19, 21, 26, 27, 28], ""right_hand_translation_m"": null, ""selected_step"": ""r2_bearing_left"", ""step_attempt"": 6, ""step_elapsed_s"": 8.224715815973468, ""step_event_index"": 7, ""total_hand_translation_m"": null, ""trial_finished_elapsed_s"": null, ""trial_recording"": true, ""trial_required_tool_ids"": [20, 34]}"
2026-09-03T21:38:01.209-04:00,junhyun,language,vlm_inference_completed,lifecycle,r2_bearing_left,Row 2.3: bearing into left stand,ready,6,8,,,,11.675844,,,,,,,,,,,,,,,,row2 red gearstand on the left,,,STAND_ROW2_LEFT,,"{""acquired_tool_ids"": [], ""acquisition_complete"": false, ""completed_steps"": [""r1_gear_rod"", ""r2_bearing_right"", ""r1_bearing_right"", ""r1_bearing_left"", ""r2_gear_rod""], ""head_rotation_deg"": null, ""head_translation_m"": null, ""left_hand_translation_m"": null, ""removed_tool_ids"": [14, 15, 18, 19, 21, 26, 27, 28], ""right_hand_translation_m"": null, ""selected_step"": ""r2_bearing_left"", ""step_attempt"": 6, ""step_elapsed_s"": 11.675853000953794, ""step_event_index"": 8, ""total_hand_translation_m"": null, ""trial_finished_elapsed_s"": null, ""trial_recording"": true, ""trial_required_tool_ids"": [20, 34]}"
2026-09-03T21:38:01.241-04:00,junhyun,language,vlm_interaction,language,r2_bearing_left,Row 2.3: bearing into left stand,ready,6,9,,,,,,,,,,,,,,,,,,,,row2 red gearstand on the left,STAND_ROW2_LEFT,"{""intent"":""part_reference"",""part_action"":""reference"",""reference_relation"":""direct"",""step_scope"":"""",""target"":""STAND_ROW2_LEFT"",""candidates"":[],""exclude_labels"":[]}",language_grounded,I identified and highlighted the Row 2 left stand.,"{""acquired_tool_ids"": [], ""acquisition_complete"": false, ""completed_steps"": [""r1_gear_rod"", ""r2_bearing_right"", ""r1_bearing_right"", ""r1_bearing_left"", ""r2_gear_rod""], ""head_rotation_deg"": null, ""head_translation_m"": null, ""left_hand_translation_m"": null, ""removed_tool_ids"": [14, 15, 18, 19, 21, 26, 27, 28], ""right_hand_translation_m"": null, ""selected_step"": ""r2_bearing_left"", ""step_attempt"": 6, ""step_elapsed_s"": 11.707275229971856, ""step_event_index"": 9, ""total_hand_translation_m"": null, ""trial_finished_elapsed_s"": null, ""trial_recording"": true, ""trial_required_tool_ids"": [20, 34]}"
2026-09-03T21:38:01.285-04:00,junhyun,language,part_selection,language,r2_bearing_left,Row 2.3: bearing into left stand,ready,6,10,20,GEAR_STAND_ROW2_LEFT,11.750855,11.750855,,,,,,,,,,,,,,,1,,,,,,"{""acquired_tool_ids"": [20], ""acquisition_complete"": false, ""completed_steps"": [""r1_gear_rod"", ""r2_bearing_right"", ""r1_bearing_right"", ""r1_bearing_left"", ""r2_gear_rod""], ""head_rotation_deg"": null, ""head_translation_m"": null, ""left_hand_translation_m"": null, ""removed_tool_ids"": [14, 15, 18, 19, 21, 26, 27, 28], ""right_hand_translation_m"": null, ""selected_step"": ""r2_bearing_left"", ""step_attempt"": 6, ""step_elapsed_s"": 11.75093294098042, ""step_event_index"": 10, ""total_hand_translation_m"": null, ""trial_finished_elapsed_s"": null, ""trial_recording"": true, ""trial_required_tool_ids"": [20, 34]}"
2026-09-03T21:38:01.298-04:00,junhyun,language,object_acquired,language,r2_bearing_left,Row 2.3: bearing into left stand,ready,6,11,20,GEAR_STAND_ROW2_LEFT,11.750855,11.750855,,,,,,,,,,,,,,,1,,,,,,"{""acquired_tool_ids"": [20], ""acquisition_complete"": false, ""completed_steps"": [""r1_gear_rod"", ""r2_bearing_right"", ""r1_bearing_right"", ""r1_bearing_left"", ""r2_gear_rod""], ""head_rotation_deg"": null, ""head_translation_m"": null, ""left_hand_translation_m"": null, ""removed_tool_ids"": [14, 15, 18, 19, 21, 26, 27, 28], ""right_hand_translation_m"": null, ""selected_step"": ""r2_bearing_left"", ""step_attempt"": 6, ""step_elapsed_s"": 11.76418306294363, ""step_event_index"": 11, ""total_hand_translation_m"": null, ""trial_finished_elapsed_s"": null, ""trial_recording"": true, ""trial_required_tool_ids"": [20, 34]}"
2026-09-03T21:38:01.313-04:00,junhyun,language,tts_queued,lifecycle,r2_bearing_left,Row 2.3: bearing into left stand,ready,6,12,,,,11.779129,,,,,,,,,,,,,,,,1 part left.,,,replace,,"{""acquired_tool_ids"": [20], ""acquisition_complete"": false, ""completed_steps"": [""r1_gear_rod"", ""r2_bearing_right"", ""r1_bearing_right"", ""r1_bearing_left"", ""r2_gear_rod""], ""head_rotation_deg"": null, ""head_translation_m"": null, ""left_hand_translation_m"": null, ""removed_tool_ids"": [14, 15, 18, 19, 21, 26, 27, 28], ""right_hand_translation_m"": null, ""selected_step"": ""r2_bearing_left"", ""step_attempt"": 6, ""step_elapsed_s"": 11.77913863491267, ""step_event_index"": 12, ""total_hand_translation_m"": null, ""trial_finished_elapsed_s"": null, ""trial_recording"": true, ""trial_required_tool_ids"": [20, 34]}"
2026-09-03T21:38:01.342-04:00,junhyun,language,tts_started,lifecycle,r2_bearing_left,Row 2.3: bearing into left stand,ready,6,13,,,,11.808060,,,,,,,,,,,,,,,,1 part left.,,,,,"{""acquired_tool_ids"": [20], ""acquisition_complete"": false, ""completed_steps"": [""r1_gear_rod"", ""r2_bearing_right"", ""r1_bearing_right"", ""r1_bearing_left"", ""r2_gear_rod""], ""head_rotation_deg"": null, ""head_translation_m"": null, ""left_hand_translation_m"": null, ""removed_tool_ids"": [14, 15, 18, 19, 21, 26, 27, 28], ""right_hand_translation_m"": null, ""selected_step"": ""r2_bearing_left"", ""step_attempt"": 6, ""step_elapsed_s"": 11.80807065591216, ""step_event_index"": 13, ""total_hand_translation_m"": null, ""trial_finished_elapsed_s"": null, ""trial_recording"": true, ""trial_required_tool_ids"": [20, 34]}"
2026-09-03T21:38:02.591-04:00,junhyun,language,tts_finished,lifecycle,r2_bearing_left,Row 2.3: bearing into left stand,ready,6,14,,,,13.057239,,,,,,,,,,,,,,,,1 part left.,,,,,"{""acquired_tool_ids"": [20], ""acquisition_complete"": false, ""completed_steps"": [""r1_gear_rod"", ""r2_bearing_right"", ""r1_bearing_right"", ""r1_bearing_left"", ""r2_gear_rod""], ""head_rotation_deg"": null, ""head_translation_m"": null, ""left_hand_translation_m"": null, ""removed_tool_ids"": [14, 15, 18, 19, 21, 26, 27, 28], ""right_hand_translation_m"": null, ""selected_step"": ""r2_bearing_left"", ""step_attempt"": 6, ""step_elapsed_s"": 13.057249638950452, ""step_event_index"": 14, ""total_hand_translation_m"": null, ""trial_finished_elapsed_s"": null, ""trial_recording"": true, ""trial_required_tool_ids"": [20, 34]}"
2026-09-03T21:38:03.875-04:00,junhyun,language,speech_started,lifecycle,r2_bearing_left,Row 2.3: bearing into left stand,ready,6,15,,,,14.341235,,,,,,,,,,,,,,,,,,,,,"{""acquired_tool_ids"": [20], ""acquisition_complete"": false, ""completed_steps"": [""r1_gear_rod"", ""r2_bearing_right"", ""r1_bearing_right"", ""r1_bearing_left"", ""r2_gear_rod""], ""head_rotation_deg"": null, ""head_translation_m"": null, ""left_hand_translation_m"": null, ""removed_tool_ids"": [14, 15, 18, 19, 21, 26, 27, 28], ""right_hand_translation_m"": null, ""selected_step"": ""r2_bearing_left"", ""step_attempt"": 6, ""step_elapsed_s"": 14.341250461991876, ""step_event_index"": 15, ""total_hand_translation_m"": null, ""trial_finished_elapsed_s"": null, ""trial_recording"": true, ""trial_required_tool_ids"": [20, 34]}"
2026-09-03T21:38:05.931-04:00,junhyun,language,speech_capture_ended,lifecycle,r2_bearing_left,Row 2.3: bearing into left stand,ready,6,16,,,,16.397404,,,,,,,,,,,,,,,,,,,,,"{""acquired_tool_ids"": [20], ""acquisition_complete"": false, ""completed_steps"": [""r1_gear_rod"", ""r2_bearing_right"", ""r1_bearing_right"", ""r1_bearing_left"", ""r2_gear_rod""], ""head_rotation_deg"": null, ""head_translation_m"": null, ""left_hand_translation_m"": null, ""removed_tool_ids"": [14, 15, 18, 19, 21, 26, 27, 28], ""right_hand_translation_m"": null, ""selected_step"": ""r2_bearing_left"", ""step_attempt"": 6, ""step_elapsed_s"": 16.397414671024308, ""step_event_index"": 16, ""total_hand_translation_m"": null, ""trial_finished_elapsed_s"": null, ""trial_recording"": true, ""trial_required_tool_ids"": [20, 34]}"
2026-09-03T21:38:05.967-04:00,junhyun,language,asr_started,lifecycle,r2_bearing_left,Row 2.3: bearing into left stand,ready,6,17,,,,16.432934,,,,,,,,,,,,,,,,,,,,,"{""acquired_tool_ids"": [20], ""acquisition_complete"": false, ""completed_steps"": [""r1_gear_rod"", ""r2_bearing_right"", ""r1_bearing_right"", ""r1_bearing_left"", ""r2_gear_rod""], ""head_rotation_deg"": null, ""head_translation_m"": null, ""left_hand_translation_m"": null, ""removed_tool_ids"": [14, 15, 18, 19, 21, 26, 27, 28], ""right_hand_translation_m"": null, ""selected_step"": ""r2_bearing_left"", ""step_attempt"": 6, ""step_elapsed_s"": 16.432946057990193, ""step_event_index"": 17, ""total_hand_translation_m"": null, ""trial_finished_elapsed_s"": null, ""trial_recording"": true, ""trial_required_tool_ids"": [20, 34]}"
2026-09-03T21:38:06.000-04:00,junhyun,language,participant_speech_submitted,speech,r2_bearing_left,Row 2.3: bearing into left stand,ready,6,18,,,,16.466887,,,,,,,,,,,,,,,,bearing,,,speech_proxy,,"{""acquired_tool_ids"": [20], ""acquisition_complete"": false, ""completed_steps"": [""r1_gear_rod"", ""r2_bearing_right"", ""r1_bearing_right"", ""r1_bearing_left"", ""r2_gear_rod""], ""head_rotation_deg"": null, ""head_translation_m"": null, ""left_hand_translation_m"": null, ""removed_tool_ids"": [14, 15, 18, 19, 21, 26, 27, 28], ""right_hand_translation_m"": null, ""selected_step"": ""r2_bearing_left"", ""step_attempt"": 6, ""step_elapsed_s"": 16.46689654001966, ""step_event_index"": 18, ""total_hand_translation_m"": null, ""trial_finished_elapsed_s"": null, ""trial_recording"": true, ""trial_required_tool_ids"": [20, 34]}"
2026-09-03T21:38:06.011-04:00,junhyun,language,asr_completed,lifecycle,r2_bearing_left,Row 2.3: bearing into left stand,ready,6,19,,,,16.467412,,,,,,,,,,,,,,,,Berwing.,,,,,"{""acquired_tool_ids"": [20], ""acquisition_complete"": false, ""completed_steps"": [""r1_gear_rod"", ""r2_bearing_right"", ""r1_bearing_right"", ""r1_bearing_left"", ""r2_gear_rod""], ""head_rotation_deg"": null, ""head_translation_m"": null, ""left_hand_translation_m"": null, ""removed_tool_ids"": [14, 15, 18, 19, 21, 26, 27, 28], ""right_hand_translation_m"": null, ""selected_step"": ""r2_bearing_left"", ""step_attempt"": 6, ""step_elapsed_s"": 16.46741653594654, ""step_event_index"": 19, ""total_hand_translation_m"": null, ""trial_finished_elapsed_s"": null, ""trial_recording"": true, ""trial_required_tool_ids"": [20, 34]}"
2026-09-03T21:38:06.041-04:00,junhyun,language,vlm_request_submitted,speech,r2_bearing_left,Row 2.3: bearing into left stand,ready,6,20,,,,16.485723,,,,,,,,,,,,,,,,bearing,,,speech_proxy,,"{""acquired_tool_ids"": [20], ""acquisition_complete"": false, ""completed_steps"": [""r1_gear_rod"", ""r2_bearing_right"", ""r1_bearing_right"", ""r1_bearing_left"", ""r2_gear_rod""], ""head_rotation_deg"": null, ""head_translation_m"": null, ""left_hand_translation_m"": null, ""removed_tool_ids"": [14, 15, 18, 19, 21, 26, 27, 28], ""right_hand_translation_m"": null, ""selected_step"": ""r2_bearing_left"", ""step_attempt"": 6, ""step_elapsed_s"": 16.4857340590097, ""step_event_index"": 20, ""total_hand_translation_m"": null, ""trial_finished_elapsed_s"": null, ""trial_recording"": true, ""trial_required_tool_ids"": [20, 34]}"
2026-09-03T21:38:09.327-04:00,junhyun,language,vlm_inference_completed,lifecycle,r2_bearing_left,Row 2.3: bearing into left stand,ready,6,21,,,,19.793229,,,,,,,,,,,,,,,,bearing,,,BEARING,,"{""acquired_tool_ids"": [20], ""acquisition_complete"": false, ""completed_steps"": [""r1_gear_rod"", ""r2_bearing_right"", ""r1_bearing_right"", ""r1_bearing_left"", ""r2_gear_rod""], ""head_rotation_deg"": null, ""head_translation_m"": null, ""left_hand_translation_m"": null, ""removed_tool_ids"": [14, 15, 18, 19, 21, 26, 27, 28], ""right_hand_translation_m"": null, ""selected_step"": ""r2_bearing_left"", ""step_attempt"": 6, ""step_elapsed_s"": 19.793238948914222, ""step_event_index"": 21, ""total_hand_translation_m"": null, ""trial_finished_elapsed_s"": null, ""trial_recording"": true, ""trial_required_tool_ids"": [20, 34]}"
2026-09-03T21:38:09.362-04:00,junhyun,language,vlm_interaction,language,r2_bearing_left,Row 2.3: bearing into left stand,ready,6,22,,,,,,,,,,,,,,,,,,,,bearing,BEARING,"{""intent"":""part_reference"",""part_action"":""reference"",""reference_relation"":""direct"",""step_scope"":"""",""target"":""BEARING"",""candidates"":[],""exclude_labels"":[]}",language_grounded,I identified and highlighted the bearing.,"{""acquired_tool_ids"": [20], ""acquisition_complete"": false, ""completed_steps"": [""r1_gear_rod"", ""r2_bearing_right"", ""r1_bearing_right"", ""r1_bearing_left"", ""r2_gear_rod""], ""head_rotation_deg"": null, ""head_translation_m"": null, ""left_hand_translation_m"": null, ""removed_tool_ids"": [14, 15, 18, 19, 21, 26, 27, 28], ""right_hand_translation_m"": null, ""selected_step"": ""r2_bearing_left"", ""step_attempt"": 6, ""step_elapsed_s"": 19.828364191926084, ""step_event_index"": 22, ""total_hand_translation_m"": null, ""trial_finished_elapsed_s"": null, ""trial_recording"": true, ""trial_required_tool_ids"": [20, 34]}"
2026-09-03T21:38:09.405-04:00,junhyun,language,part_selection,language,r2_bearing_left,Row 2.3: bearing into left stand,ready,6,23,34,BEARINGS,8.120873,19.871728,,,,,,,,,,,,,,,1,,,,,,"{""acquired_tool_ids"": [20, 34], ""acquisition_complete"": false, ""completed_steps"": [""r1_gear_rod"", ""r2_bearing_right"", ""r1_bearing_right"", ""r1_bearing_left"", ""r2_gear_rod""], ""head_rotation_deg"": null, ""head_translation_m"": null, ""left_hand_translation_m"": null, ""removed_tool_ids"": [14, 15, 18, 19, 21, 26, 27, 28], ""right_hand_translation_m"": null, ""selected_step"": ""r2_bearing_left"", ""step_attempt"": 6, ""step_elapsed_s"": 19.87180901900865, ""step_event_index"": 23, ""total_hand_translation_m"": null, ""trial_finished_elapsed_s"": null, ""trial_recording"": true, ""trial_required_tool_ids"": [20, 34]}"
2026-09-03T21:38:09.430-04:00,junhyun,language,object_acquired,language,r2_bearing_left,Row 2.3: bearing into left stand,ready,6,24,34,BEARINGS,8.120873,19.871728,,,,,,,,,,,,,,,1,,,,,,"{""acquired_tool_ids"": [20, 34], ""acquisition_complete"": false, ""completed_steps"": [""r1_gear_rod"", ""r2_bearing_right"", ""r1_bearing_right"", ""r1_bearing_left"", ""r2_gear_rod""], ""head_rotation_deg"": null, ""head_translation_m"": null, ""left_hand_translation_m"": null, ""removed_tool_ids"": [14, 15, 18, 19, 21, 26, 27, 28], ""right_hand_translation_m"": null, ""selected_step"": ""r2_bearing_left"", ""step_attempt"": 6, ""step_elapsed_s"": 19.89679178094957, ""step_event_index"": 24, ""total_hand_translation_m"": null, ""trial_finished_elapsed_s"": null, ""trial_recording"": true, ""trial_required_tool_ids"": [20, 34]}"
2026-09-03T21:38:09.446-04:00,junhyun,language,step_acquisition_complete,language,r2_bearing_left,Row 2.3: bearing into left stand,ready,6,25,,,,19.910923,2.364312,194.319360,0.472812,0.988442,1.461254,0.000000,0.000000,0.000000,0.000000,0,0,0.000000,0.000000,0.000000,,,,,,,"{""acquired_tool_ids"": [20, 34], ""acquisition_complete"": true, ""any_hover_time_s"": 0.0, ""completed_steps"": [""r1_gear_rod"", ""r2_bearing_right"", ""r1_bearing_right"", ""r1_bearing_left"", ""r2_gear_rod""], ""head_rotation_deg"": 194.31936043838667, ""head_translation_m"": 2.3643123730749176, ""hover_time_percent"": 0.0, ""left_hand_translation_m"": 0.47281165240245066, ""left_hover_episodes"": 0, ""left_hover_time_s"": 0.0, ""left_hover_translation_m"": 0.0, ""removed_tool_ids"": [14, 15, 18, 19, 20, 21, 26, 27, 28], ""right_hand_translation_m"": 0.9884423313915268, ""right_hover_episodes"": 0, ""right_hover_time_s"": 0.0, ""right_hover_translation_m"": 0.0, ""selected_step"": ""r2_bearing_left"", ""step_attempt"": 6, ""step_elapsed_s"": 19.910923116956837, ""step_event_index"": 25, ""total_hand_translation_m"": 1.4612539837939775, ""total_hover_translation_m"": 0.0, ""trial_finished_elapsed_s"": 19.910923116956837, ""trial_recording"": false, ""trial_required_tool_ids"": [20, 34]}"
2026-09-03T21:38:09.460-04:00,junhyun,language,graph_complete,,r2_bearing_left,Row 2.3: bearing into left stand,complete,6,26,,,,,,,,,,,,,,,,,,,,,,,,,"{""acquired_tool_ids"": [20, 34], ""acquisition_complete"": true, ""any_hover_time_s"": 0.0, ""completed_steps"": [""r1_gear_rod"", ""r2_bearing_right"", ""r1_bearing_right"", ""r1_bearing_left"", ""r2_gear_rod"", ""r2_bearing_left""], ""head_rotation_deg"": 194.31936043838667, ""head_translation_m"": 2.3643123730749176, ""hover_time_percent"": 0.0, ""left_hand_translation_m"": 0.47281165240245066, ""left_hover_episodes"": 0, ""left_hover_time_s"": 0.0, ""left_hover_translation_m"": 0.0, ""removed_tool_ids"": [14, 15, 18, 19, 20, 21, 26, 27, 28], ""right_hand_translation_m"": 0.9884423313915268, ""right_hover_episodes"": 0, ""right_hover_time_s"": 0.0, ""right_hover_translation_m"": 0.0, ""selected_step"": ""r2_bearing_left"", ""step_attempt"": 6, ""step_elapsed_s"": 19.910923116956837, ""step_event_index"": 26, ""total_hand_translation_m"": 1.4612539837939775, ""total_hover_translation_m"": 0.0, ""trial_finished_elapsed_s"": 19.910923116956837, ""trial_recording"": false, ""trial_required_tool_ids"": [20, 34]}"
2026-09-03T21:38:19.616-04:00,junhyun,language,step_started,keyboard,r1_fasten_first_stand,Row 1.4: fasten right stand,ready,7,1,,,,,,,,,,,,,,,,,,,,,,,,,"{""acquired_tool_ids"": [], ""acquisition_complete"": false, ""completed_steps"": [""r1_gear_rod"", ""r2_bearing_right"", ""r1_bearing_right"", ""r1_bearing_left"", ""r2_gear_rod"", ""r2_bearing_left""], ""head_rotation_deg"": null, ""head_translation_m"": null, ""left_hand_translation_m"": null, ""removed_tool_ids"": [14, 15, 18, 19, 20, 21, 26, 27, 28], ""right_hand_translation_m"": null, ""selected_step"": ""r1_fasten_first_stand"", ""step_attempt"": 7, ""step_elapsed_s"": 7.981702219694853e-05, ""step_event_index"": 1, ""total_hand_translation_m"": null, ""trial_finished_elapsed_s"": null, ""trial_recording"": true, ""trial_required_tool_ids"": [7, 35, 36]}"
2026-09-03T21:38:21.681-04:00,junhyun,language,speech_started,lifecycle,r1_fasten_first_stand,Row 1.4: fasten right stand,ready,7,2,,,,2.065645,,,,,,,,,,,,,,,,,,,,,"{""acquired_tool_ids"": [], ""acquisition_complete"": false, ""completed_steps"": [""r1_gear_rod"", ""r2_bearing_right"", ""r1_bearing_right"", ""r1_bearing_left"", ""r2_gear_rod"", ""r2_bearing_left""], ""head_rotation_deg"": null, ""head_translation_m"": null, ""left_hand_translation_m"": null, ""removed_tool_ids"": [14, 15, 18, 19, 20, 21, 26, 27, 28], ""right_hand_translation_m"": null, ""selected_step"": ""r1_fasten_first_stand"", ""step_attempt"": 7, ""step_elapsed_s"": 2.065655902028084, ""step_event_index"": 2, ""total_hand_translation_m"": null, ""trial_finished_elapsed_s"": null, ""trial_recording"": true, ""trial_required_tool_ids"": [7, 35, 36]}"
2026-09-03T21:38:23.471-04:00,junhyun,language,speech_capture_ended,lifecycle,r1_fasten_first_stand,Row 1.4: fasten right stand,ready,7,3,,,,3.855290,,,,,,,,,,,,,,,,,,,,,"{""acquired_tool_ids"": [], ""acquisition_complete"": false, ""completed_steps"": [""r1_gear_rod"", ""r2_bearing_right"", ""r1_bearing_right"", ""r1_bearing_left"", ""r2_gear_rod"", ""r2_bearing_left""], ""head_rotation_deg"": null, ""head_translation_m"": null, ""left_hand_translation_m"": null, ""removed_tool_ids"": [14, 15, 18, 19, 20, 21, 26, 27, 28], ""right_hand_translation_m"": null, ""selected_step"": ""r1_fasten_first_stand"", ""step_attempt"": 7, ""step_elapsed_s"": 3.85530136001762, ""step_event_index"": 3, ""total_hand_translation_m"": null, ""trial_finished_elapsed_s"": null, ""trial_recording"": true, ""trial_required_tool_ids"": [7, 35, 36]}"
2026-09-03T21:38:23.508-04:00,junhyun,language,asr_started,lifecycle,r1_fasten_first_stand,Row 1.4: fasten right stand,ready,7,4,,,,3.892458,,,,,,,,,,,,,,,,,,,,,"{""acquired_tool_ids"": [], ""acquisition_complete"": false, ""completed_steps"": [""r1_gear_rod"", ""r2_bearing_right"", ""r1_bearing_right"", ""r1_bearing_left"", ""r2_gear_rod"", ""r2_bearing_left""], ""head_rotation_deg"": null, ""head_translation_m"": null, ""left_hand_translation_m"": null, ""removed_tool_ids"": [14, 15, 18, 19, 20, 21, 26, 27, 28], ""right_hand_translation_m"": null, ""selected_step"": ""r1_fasten_first_stand"", ""step_attempt"": 7, ""step_elapsed_s"": 3.89247044804506, ""step_event_index"": 4, ""total_hand_translation_m"": null, ""trial_finished_elapsed_s"": null, ""trial_recording"": true, ""trial_required_tool_ids"": [7, 35, 36]}"
2026-09-03T21:38:23.539-04:00,junhyun,language,asr_completed,lifecycle,r1_fasten_first_stand,Row 1.4: fasten right stand,ready,7,5,,,,3.922813,,,,,,,,,,,,,,,,Screw.,,,,,"{""acquired_tool_ids"": [], ""acquisition_complete"": false, ""completed_steps"": [""r1_gear_rod"", ""r2_bearing_right"", ""r1_bearing_right"", ""r1_bearing_left"", ""r2_gear_rod"", ""r2_bearing_left""], ""head_rotation_deg"": null, ""head_translation_m"": null, ""left_hand_translation_m"": null, ""removed_tool_ids"": [14, 15, 18, 19, 20, 21, 26, 27, 28], ""right_hand_translation_m"": null, ""selected_step"": ""r1_fasten_first_stand"", ""step_attempt"": 7, ""step_elapsed_s"": 3.9228206099942327, ""step_event_index"": 5, ""total_hand_translation_m"": null, ""trial_finished_elapsed_s"": null, ""trial_recording"": true, ""trial_required_tool_ids"": [7, 35, 36]}"
2026-09-03T21:38:24.617-04:00,junhyun,language,participant_speech_submitted,speech,r1_fasten_first_stand,Row 1.4: fasten right stand,ready,7,6,,,,5.001550,,,,,,,,,,,,,,,,screw,,,speech_proxy,,"{""acquired_tool_ids"": [], ""acquisition_complete"": false, ""completed_steps"": [""r1_gear_rod"", ""r2_bearing_right"", ""r1_bearing_right"", ""r1_bearing_left"", ""r2_gear_rod"", ""r2_bearing_left""], ""head_rotation_deg"": null, ""head_translation_m"": null, ""left_hand_translation_m"": null, ""removed_tool_ids"": [14, 15, 18, 19, 20, 21, 26, 27, 28], ""right_hand_translation_m"": null, ""selected_step"": ""r1_fasten_first_stand"", ""step_attempt"": 7, ""step_elapsed_s"": 5.0015609270194545, ""step_event_index"": 6, ""total_hand_translation_m"": null, ""trial_finished_elapsed_s"": null, ""trial_recording"": true, ""trial_required_tool_ids"": [7, 35, 36]}"
2026-09-03T21:38:24.650-04:00,junhyun,language,vlm_request_submitted,speech,r1_fasten_first_stand,Row 1.4: fasten right stand,ready,7,7,,,,5.034609,,,,,,,,,,,,,,,,screw,,,speech_proxy,,"{""acquired_tool_ids"": [], ""acquisition_complete"": false, ""completed_steps"": [""r1_gear_rod"", ""r2_bearing_right"", ""r1_bearing_right"", ""r1_bearing_left"", ""r2_gear_rod"", ""r2_bearing_left""], ""head_rotation_deg"": null, ""head_translation_m"": null, ""left_hand_translation_m"": null, ""removed_tool_ids"": [14, 15, 18, 19, 20, 21, 26, 27, 28], ""right_hand_translation_m"": null, ""selected_step"": ""r1_fasten_first_stand"", ""step_attempt"": 7, ""step_elapsed_s"": 5.034627776942216, ""step_event_index"": 7, ""total_hand_translation_m"": null, ""trial_finished_elapsed_s"": null, ""trial_recording"": true, ""trial_required_tool_ids"": [7, 35, 36]}"
2026-09-03T21:38:27.919-04:00,junhyun,language,vlm_inference_completed,lifecycle,r1_fasten_first_stand,Row 1.4: fasten right stand,ready,7,8,,,,8.302990,,,,,,,,,,,,,,,,screw,,,SCREW,,"{""acquired_tool_ids"": [], ""acquisition_complete"": false, ""completed_steps"": [""r1_gear_rod"", ""r2_bearing_right"", ""r1_bearing_right"", ""r1_bearing_left"", ""r2_gear_rod"", ""r2_bearing_left""], ""head_rotation_deg"": null, ""head_translation_m"": null, ""left_hand_translation_m"": null, ""removed_tool_ids"": [14, 15, 18, 19, 20, 21, 26, 27, 28], ""right_hand_translation_m"": null, ""selected_step"": ""r1_fasten_first_stand"", ""step_attempt"": 7, ""step_elapsed_s"": 8.303000016952865, ""step_event_index"": 8, ""total_hand_translation_m"": null, ""trial_finished_elapsed_s"": null, ""trial_recording"": true, ""trial_required_tool_ids"": [7, 35, 36]}"
2026-09-03T21:38:28.003-04:00,junhyun,language,vlm_interaction,language,r1_fasten_first_stand,Row 1.4: fasten right stand,ready,7,9,,,,,,,,,,,,,,,,,,,,screw,SCREW,"{""intent"":""part_reference"",""part_action"":""reference"",""reference_relation"":""direct"",""step_scope"":"""",""target"":""SCREW"",""candidates"":[],""exclude_labels"":[]}",language_grounded,I identified and highlighted the Row 1 left screw.,"{""acquired_tool_ids"": [], ""acquisition_complete"": false, ""completed_steps"": [""r1_gear_rod"", ""r2_bearing_right"", ""r1_bearing_right"", ""r1_bearing_left"", ""r2_gear_rod"", ""r2_bearing_left""], ""head_rotation_deg"": null, ""head_translation_m"": null, ""left_hand_translation_m"": null, ""removed_tool_ids"": [14, 15, 18, 19, 20, 21, 26, 27, 28], ""right_hand_translation_m"": null, ""selected_step"": ""r1_fasten_first_stand"", ""step_attempt"": 7, ""step_elapsed_s"": 8.387377733015455, ""step_event_index"": 9, ""total_hand_translation_m"": null, ""trial_finished_elapsed_s"": null, ""trial_recording"": true, ""trial_required_tool_ids"": [7, 35, 36]}"
2026-09-03T21:38:28.072-04:00,junhyun,language,part_selection,language,r1_fasten_first_stand,Row 1.4: fasten right stand,ready,7,10,35,SCREWS,8.456327,8.456327,,,,,,,,,,,,,,,1,,,,,,"{""acquired_tool_ids"": [35], ""acquisition_complete"": false, ""completed_steps"": [""r1_gear_rod"", ""r2_bearing_right"", ""r1_bearing_right"", ""r1_bearing_left"", ""r2_gear_rod"", ""r2_bearing_left""], ""head_rotation_deg"": null, ""head_translation_m"": null, ""left_hand_translation_m"": null, ""removed_tool_ids"": [14, 15, 18, 19, 20, 21, 26, 27, 28], ""right_hand_translation_m"": null, ""selected_step"": ""r1_fasten_first_stand"", ""step_attempt"": 7, ""step_elapsed_s"": 8.456367522012442, ""step_event_index"": 10, ""total_hand_translation_m"": null, ""trial_finished_elapsed_s"": null, ""trial_recording"": true, ""trial_required_tool_ids"": [7, 35, 36]}"
2026-09-03T21:38:28.126-04:00,junhyun,language,object_acquired,language,r1_fasten_first_stand,Row 1.4: fasten right stand,ready,7,11,35,SCREWS,8.456327,8.456327,,,,,,,,,,,,,,,1,,,,,,"{""acquired_tool_ids"": [35], ""acquisition_complete"": false, ""completed_steps"": [""r1_gear_rod"", ""r2_bearing_right"", ""r1_bearing_right"", ""r1_bearing_left"", ""r2_gear_rod"", ""r2_bearing_left""], ""head_rotation_deg"": null, ""head_translation_m"": null, ""left_hand_translation_m"": null, ""removed_tool_ids"": [14, 15, 18, 19, 20, 21, 26, 27, 28], ""right_hand_translation_m"": null, ""selected_step"": ""r1_fasten_first_stand"", ""step_attempt"": 7, ""step_elapsed_s"": 8.510091552045196, ""step_event_index"": 11, ""total_hand_translation_m"": null, ""trial_finished_elapsed_s"": null, ""trial_recording"": true, ""trial_required_tool_ids"": [7, 35, 36]}"
2026-09-03T21:38:28.150-04:00,junhyun,language,tts_queued,lifecycle,r1_fasten_first_stand,Row 1.4: fasten right stand,ready,7,12,,,,8.534528,,,,,,,,,,,,,,,,2 parts left.,,,replace,,"{""acquired_tool_ids"": [35], ""acquisition_complete"": false, ""completed_steps"": [""r1_gear_rod"", ""r2_bearing_right"", ""r1_bearing_right"", ""r1_bearing_left"", ""r2_gear_rod"", ""r2_bearing_left""], ""head_rotation_deg"": null, ""head_translation_m"": null, ""left_hand_translation_m"": null, ""removed_tool_ids"": [14, 15, 18, 19, 20, 21, 26, 27, 28], ""right_hand_translation_m"": null, ""selected_step"": ""r1_fasten_first_stand"", ""step_attempt"": 7, ""step_elapsed_s"": 8.534538954030722, ""step_event_index"": 12, ""total_hand_translation_m"": null, ""trial_finished_elapsed_s"": null, ""trial_recording"": true, ""trial_required_tool_ids"": [7, 35, 36]}"
2026-09-03T21:38:28.172-04:00,junhyun,language,tts_started,lifecycle,r1_fasten_first_stand,Row 1.4: fasten right stand,ready,7,13,,,,8.556147,,,,,,,,,,,,,,,,2 parts left.,,,,,"{""acquired_tool_ids"": [35], ""acquisition_complete"": false, ""completed_steps"": [""r1_gear_rod"", ""r2_bearing_right"", ""r1_bearing_right"", ""r1_bearing_left"", ""r2_gear_rod"", ""r2_bearing_left""], ""head_rotation_deg"": null, ""head_translation_m"": null, ""left_hand_translation_m"": null, ""removed_tool_ids"": [14, 15, 18, 19, 20, 21, 26, 27, 28], ""right_hand_translation_m"": null, ""selected_step"": ""r1_fasten_first_stand"", ""step_attempt"": 7, ""step_elapsed_s"": 8.55616005603224, ""step_event_index"": 13, ""total_hand_translation_m"": null, ""trial_finished_elapsed_s"": null, ""trial_recording"": true, ""trial_required_tool_ids"": [7, 35, 36]}"
2026-09-03T21:38:29.403-04:00,junhyun,language,tts_finished,lifecycle,r1_fasten_first_stand,Row 1.4: fasten right stand,ready,7,14,,,,9.787297,,,,,,,,,,,,,,,,2 parts left.,,,,,"{""acquired_tool_ids"": [35], ""acquisition_complete"": false, ""completed_steps"": [""r1_gear_rod"", ""r2_bearing_right"", ""r1_bearing_right"", ""r1_bearing_left"", ""r2_gear_rod"", ""r2_bearing_left""], ""head_rotation_deg"": null, ""head_translation_m"": null, ""left_hand_translation_m"": null, ""removed_tool_ids"": [14, 15, 18, 19, 20, 21, 26, 27, 28], ""right_hand_translation_m"": null, ""selected_step"": ""r1_fasten_first_stand"", ""step_attempt"": 7, ""step_elapsed_s"": 9.787308368948288, ""step_event_index"": 14, ""total_hand_translation_m"": null, ""trial_finished_elapsed_s"": null, ""trial_recording"": true, ""trial_required_tool_ids"": [7, 35, 36]}"
2026-09-03T21:38:33.639-04:00,junhyun,language,speech_started,lifecycle,r1_fasten_first_stand,Row 1.4: fasten right stand,ready,7,15,,,,14.023176,,,,,,,,,,,,,,,,,,,,,"{""acquired_tool_ids"": [35], ""acquisition_complete"": false, ""completed_steps"": [""r1_gear_rod"", ""r2_bearing_right"", ""r1_bearing_right"", ""r1_bearing_left"", ""r2_gear_rod"", ""r2_bearing_left""], ""head_rotation_deg"": null, ""head_translation_m"": null, ""left_hand_translation_m"": null, ""removed_tool_ids"": [14, 15, 18, 19, 20, 21, 26, 27, 28], ""right_hand_translation_m"": null, ""selected_step"": ""r1_fasten_first_stand"", ""step_attempt"": 7, ""step_elapsed_s"": 14.023189808009192, ""step_event_index"": 15, ""total_hand_translation_m"": null, ""trial_finished_elapsed_s"": null, ""trial_recording"": true, ""trial_required_tool_ids"": [7, 35, 36]}"
2026-09-03T21:38:37.423-04:00,junhyun,language,speech_capture_ended,lifecycle,r1_fasten_first_stand,Row 1.4: fasten right stand,ready,7,16,,,,17.806793,,,,,,,,,,,,,,,,,,,,,"{""acquired_tool_ids"": [35], ""acquisition_complete"": false, ""completed_steps"": [""r1_gear_rod"", ""r2_bearing_right"", ""r1_bearing_right"", ""r1_bearing_left"", ""r2_gear_rod"", ""r2_bearing_left""], ""head_rotation_deg"": null, ""head_translation_m"": null, ""left_hand_translation_m"": null, ""removed_tool_ids"": [14, 15, 18, 19, 20, 21, 26, 27, 28], ""right_hand_translation_m"": null, ""selected_step"": ""r1_fasten_first_stand"", ""step_attempt"": 7, ""step_elapsed_s"": 17.80680634698365, ""step_event_index"": 16, ""total_hand_translation_m"": null, ""trial_finished_elapsed_s"": null, ""trial_recording"": true, ""trial_required_tool_ids"": [7, 35, 36]}"
2026-09-03T21:38:37.455-04:00,junhyun,language,asr_started,lifecycle,r1_fasten_first_stand,Row 1.4: fasten right stand,ready,7,17,,,,17.838804,,,,,,,,,,,,,,,,,,,,,"{""acquired_tool_ids"": [35], ""acquisition_complete"": false, ""completed_steps"": [""r1_gear_rod"", ""r2_bearing_right"", ""r1_bearing_right"", ""r1_bearing_left"", ""r2_gear_rod"", ""r2_bearing_left""], ""head_rotation_deg"": null, ""head_translation_m"": null, ""left_hand_translation_m"": null, ""removed_tool_ids"": [14, 15, 18, 19, 20, 21, 26, 27, 28], ""right_hand_translation_m"": null, ""selected_step"": ""r1_fasten_first_stand"", ""step_attempt"": 7, ""step_elapsed_s"": 17.838827457046136, ""step_event_index"": 17, ""total_hand_translation_m"": null, ""trial_finished_elapsed_s"": null, ""trial_recording"": true, ""trial_required_tool_ids"": [7, 35, 36]}"
2026-09-03T21:38:37.487-04:00,junhyun,language,asr_completed,lifecycle,r1_fasten_first_stand,Row 1.4: fasten right stand,ready,7,18,,,,17.871705,,,,,,,,,,,,,,,,Interchangeable screwdriver.,,,,,"{""acquired_tool_ids"": [35], ""acquisition_complete"": false, ""completed_steps"": [""r1_gear_rod"", ""r2_bearing_right"", ""r1_bearing_right"", ""r1_bearing_left"", ""r2_gear_rod"", ""r2_bearing_left""], ""head_rotation_deg"": null, ""head_translation_m"": null, ""left_hand_translation_m"": null, ""removed_tool_ids"": [14, 15, 18, 19, 20, 21, 26, 27, 28], ""right_hand_translation_m"": null, ""selected_step"": ""r1_fasten_first_stand"", ""step_attempt"": 7, ""step_elapsed_s"": 17.871713589993306, ""step_event_index"": 18, ""total_hand_translation_m"": null, ""trial_finished_elapsed_s"": null, ""trial_recording"": true, ""trial_required_tool_ids"": [7, 35, 36]}"
2026-09-03T21:38:40.489-04:00,junhyun,language,participant_speech_submitted,speech,r1_fasten_first_stand,Row 1.4: fasten right stand,ready,7,19,,,,20.873082,,,,,,,,,,,,,,,,interchangeable screwdriver,,,speech_proxy,,"{""acquired_tool_ids"": [35], ""acquisition_complete"": false, ""completed_steps"": [""r1_gear_rod"", ""r2_bearing_right"", ""r1_bearing_right"", ""r1_bearing_left"", ""r2_gear_rod"", ""r2_bearing_left""], ""head_rotation_deg"": null, ""head_translation_m"": null, ""left_hand_translation_m"": null, ""removed_tool_ids"": [14, 15, 18, 19, 20, 21, 26, 27, 28], ""right_hand_translation_m"": null, ""selected_step"": ""r1_fasten_first_stand"", ""step_attempt"": 7, ""step_elapsed_s"": 20.873091473942623, ""step_event_index"": 19, ""total_hand_translation_m"": null, ""trial_finished_elapsed_s"": null, ""trial_recording"": true, ""trial_required_tool_ids"": [7, 35, 36]}"
2026-09-03T21:38:40.524-04:00,junhyun,language,vlm_request_submitted,speech,r1_fasten_first_stand,Row 1.4: fasten right stand,ready,7,20,,,,20.907783,,,,,,,,,,,,,,,,interchangeable screwdriver,,,speech_proxy,,"{""acquired_tool_ids"": [35], ""acquisition_complete"": false, ""completed_steps"": [""r1_gear_rod"", ""r2_bearing_right"", ""r1_bearing_right"", ""r1_bearing_left"", ""r2_gear_rod"", ""r2_bearing_left""], ""head_rotation_deg"": null, ""head_translation_m"": null, ""left_hand_translation_m"": null, ""removed_tool_ids"": [14, 15, 18, 19, 20, 21, 26, 27, 28], ""right_hand_translation_m"": null, ""selected_step"": ""r1_fasten_first_stand"", ""step_attempt"": 7, ""step_elapsed_s"": 20.907793164951727, ""step_event_index"": 20, ""total_hand_translation_m"": null, ""trial_finished_elapsed_s"": null, ""trial_recording"": true, ""trial_required_tool_ids"": [7, 35, 36]}"
2026-09-03T21:38:44.043-04:00,junhyun,language,vlm_inference_completed,lifecycle,r1_fasten_first_stand,Row 1.4: fasten right stand,ready,7,21,,,,24.426925,,,,,,,,,,,,,,,,interchangeable screwdriver,,,BIT_SCREWDRIVER,,"{""acquired_tool_ids"": [35], ""acquisition_complete"": false, ""completed_steps"": [""r1_gear_rod"", ""r2_bearing_right"", ""r1_bearing_right"", ""r1_bearing_left"", ""r2_gear_rod"", ""r2_bearing_left""], ""head_rotation_deg"": null, ""head_translation_m"": null, ""left_hand_translation_m"": null, ""removed_tool_ids"": [14, 15, 18, 19, 20, 21, 26, 27, 28], ""right_hand_translation_m"": null, ""selected_step"": ""r1_fasten_first_stand"", ""step_attempt"": 7, ""step_elapsed_s"": 24.42693502898328, ""step_event_index"": 21, ""total_hand_translation_m"": null, ""trial_finished_elapsed_s"": null, ""trial_recording"": true, ""trial_required_tool_ids"": [7, 35, 36]}"
2026-09-03T21:38:44.080-04:00,junhyun,language,vlm_interaction,language,r1_fasten_first_stand,Row 1.4: fasten right stand,ready,7,22,,,,,,,,,,,,,,,,,,,,interchangeable screwdriver,BIT_SCREWDRIVER,"{""intent"":""part_reference"",""part_action"":""reference"",""reference_relation"":""direct"",""step_scope"":"""",""target"":""BIT_SCREWDRIVER"",""candidates"":[],""exclude_labels"":[]}",language_grounded,I identified and highlighted the interchangeable-bit screwdriver.,"{""acquired_tool_ids"": [35], ""acquisition_complete"": false, ""completed_steps"": [""r1_gear_rod"", ""r2_bearing_right"", ""r1_bearing_right"", ""r1_bearing_left"", ""r2_gear_rod"", ""r2_bearing_left""], ""head_rotation_deg"": null, ""head_translation_m"": null, ""left_hand_translation_m"": null, ""removed_tool_ids"": [14, 15, 18, 19, 20, 21, 26, 27, 28], ""right_hand_translation_m"": null, ""selected_step"": ""r1_fasten_first_stand"", ""step_attempt"": 7, ""step_elapsed_s"": 24.46448722400237, ""step_event_index"": 22, ""total_hand_translation_m"": null, ""trial_finished_elapsed_s"": null, ""trial_recording"": true, ""trial_required_tool_ids"": [7, 35, 36]}"
2026-09-03T21:38:44.097-04:00,junhyun,language,part_selection,language,r1_fasten_first_stand,Row 1.4: fasten right stand,ready,7,23,7,BIT_SCREWDRIVER,16.024576,24.480903,,,,,,,,,,,,,,,1,,,,,,"{""acquired_tool_ids"": [7, 35], ""acquisition_complete"": false, ""completed_steps"": [""r1_gear_rod"", ""r2_bearing_right"", ""r1_bearing_right"", ""r1_bearing_left"", ""r2_gear_rod"", ""r2_bearing_left""], ""head_rotation_deg"": null, ""head_translation_m"": null, ""left_hand_translation_m"": null, ""removed_tool_ids"": [14, 15, 18, 19, 20, 21, 26, 27, 28], ""right_hand_translation_m"": null, ""selected_step"": ""r1_fasten_first_stand"", ""step_attempt"": 7, ""step_elapsed_s"": 24.48099158797413, ""step_event_index"": 23, ""total_hand_translation_m"": null, ""trial_finished_elapsed_s"": null, ""trial_recording"": true, ""trial_required_tool_ids"": [7, 35, 36]}"
2026-09-03T21:38:44.112-04:00,junhyun,language,object_acquired,language,r1_fasten_first_stand,Row 1.4: fasten right stand,ready,7,24,7,BIT_SCREWDRIVER,16.024576,24.480903,,,,,,,,,,,,,,,1,,,,,,"{""acquired_tool_ids"": [7, 35], ""acquisition_complete"": false, ""completed_steps"": [""r1_gear_rod"", ""r2_bearing_right"", ""r1_bearing_right"", ""r1_bearing_left"", ""r2_gear_rod"", ""r2_bearing_left""], ""head_rotation_deg"": null, ""head_translation_m"": null, ""left_hand_translation_m"": null, ""removed_tool_ids"": [14, 15, 18, 19, 20, 21, 26, 27, 28], ""right_hand_translation_m"": null, ""selected_step"": ""r1_fasten_first_stand"", ""step_attempt"": 7, ""step_elapsed_s"": 24.496269923984073, ""step_event_index"": 24, ""total_hand_translation_m"": null, ""trial_finished_elapsed_s"": null, ""trial_recording"": true, ""trial_required_tool_ids"": [7, 35, 36]}"
2026-09-03T21:38:44.138-04:00,junhyun,language,tts_queued,lifecycle,r1_fasten_first_stand,Row 1.4: fasten right stand,ready,7,25,,,,24.522150,,,,,,,,,,,,,,,,1 part left.,,,replace,,"{""acquired_tool_ids"": [7, 35], ""acquisition_complete"": false, ""completed_steps"": [""r1_gear_rod"", ""r2_bearing_right"", ""r1_bearing_right"", ""r1_bearing_left"", ""r2_gear_rod"", ""r2_bearing_left""], ""head_rotation_deg"": null, ""head_translation_m"": null, ""left_hand_translation_m"": null, ""removed_tool_ids"": [14, 15, 18, 19, 20, 21, 26, 27, 28], ""right_hand_translation_m"": null, ""selected_step"": ""r1_fasten_first_stand"", ""step_attempt"": 7, ""step_elapsed_s"": 24.522156359045766, ""step_event_index"": 25, ""total_hand_translation_m"": null, ""trial_finished_elapsed_s"": null, ""trial_recording"": true, ""trial_required_tool_ids"": [7, 35, 36]}"
2026-09-03T21:38:44.199-04:00,junhyun,language,tts_started,lifecycle,r1_fasten_first_stand,Row 1.4: fasten right stand,ready,7,26,,,,24.582785,,,,,,,,,,,,,,,,1 part left.,,,,,"{""acquired_tool_ids"": [7, 35], ""acquisition_complete"": false, ""completed_steps"": [""r1_gear_rod"", ""r2_bearing_right"", ""r1_bearing_right"", ""r1_bearing_left"", ""r2_gear_rod"", ""r2_bearing_left""], ""head_rotation_deg"": null, ""head_translation_m"": null, ""left_hand_translation_m"": null, ""removed_tool_ids"": [14, 15, 18, 19, 20, 21, 26, 27, 28], ""right_hand_translation_m"": null, ""selected_step"": ""r1_fasten_first_stand"", ""step_attempt"": 7, ""step_elapsed_s"": 24.582797867944464, ""step_event_index"": 26, ""total_hand_translation_m"": null, ""trial_finished_elapsed_s"": null, ""trial_recording"": true, ""trial_required_tool_ids"": [7, 35, 36]}"
2026-09-03T21:38:45.344-04:00,junhyun,language,tts_finished,lifecycle,r1_fasten_first_stand,Row 1.4: fasten right stand,ready,7,27,,,,25.727884,,,,,,,,,,,,,,,,1 part left.,,,,,"{""acquired_tool_ids"": [7, 35], ""acquisition_complete"": false, ""completed_steps"": [""r1_gear_rod"", ""r2_bearing_right"", ""r1_bearing_right"", ""r1_bearing_left"", ""r2_gear_rod"", ""r2_bearing_left""], ""head_rotation_deg"": null, ""head_translation_m"": null, ""left_hand_translation_m"": null, ""removed_tool_ids"": [14, 15, 18, 19, 20, 21, 26, 27, 28], ""right_hand_translation_m"": null, ""selected_step"": ""r1_fasten_first_stand"", ""step_attempt"": 7, ""step_elapsed_s"": 25.72789683996234, ""step_event_index"": 27, ""total_hand_translation_m"": null, ""trial_finished_elapsed_s"": null, ""trial_recording"": true, ""trial_required_tool_ids"": [7, 35, 36]}"
2026-09-03T21:38:47.379-04:00,junhyun,language,speech_started,lifecycle,r1_fasten_first_stand,Row 1.4: fasten right stand,ready,7,28,,,,27.763147,,,,,,,,,,,,,,,,,,,,,"{""acquired_tool_ids"": [7, 35], ""acquisition_complete"": false, ""completed_steps"": [""r1_gear_rod"", ""r2_bearing_right"", ""r1_bearing_right"", ""r1_bearing_left"", ""r2_gear_rod"", ""r2_bearing_left""], ""head_rotation_deg"": null, ""head_translation_m"": null, ""left_hand_translation_m"": null, ""removed_tool_ids"": [14, 15, 18, 19, 20, 21, 26, 27, 28], ""right_hand_translation_m"": null, ""selected_step"": ""r1_fasten_first_stand"", ""step_attempt"": 7, ""step_elapsed_s"": 27.763159321970306, ""step_event_index"": 28, ""total_hand_translation_m"": null, ""trial_finished_elapsed_s"": null, ""trial_recording"": true, ""trial_required_tool_ids"": [7, 35, 36]}"
2026-09-03T21:38:52.067-04:00,junhyun,language,speech_capture_ended,lifecycle,r1_fasten_first_stand,Row 1.4: fasten right stand,ready,7,29,,,,32.451059,,,,,,,,,,,,,,,,,,,,,"{""acquired_tool_ids"": [7, 35], ""acquisition_complete"": false, ""completed_steps"": [""r1_gear_rod"", ""r2_bearing_right"", ""r1_bearing_right"", ""r1_bearing_left"", ""r2_gear_rod"", ""r2_bearing_left""], ""head_rotation_deg"": null, ""head_translation_m"": null, ""left_hand_translation_m"": null, ""removed_tool_ids"": [14, 15, 18, 19, 20, 21, 26, 27, 28], ""right_hand_translation_m"": null, ""selected_step"": ""r1_fasten_first_stand"", ""step_attempt"": 7, ""step_elapsed_s"": 32.45106890704483, ""step_event_index"": 29, ""total_hand_translation_m"": null, ""trial_finished_elapsed_s"": null, ""trial_recording"": true, ""trial_required_tool_ids"": [7, 35, 36]}"
2026-09-03T21:38:52.107-04:00,junhyun,language,asr_started,lifecycle,r1_fasten_first_stand,Row 1.4: fasten right stand,ready,7,30,,,,32.490726,,,,,,,,,,,,,,,,,,,,,"{""acquired_tool_ids"": [7, 35], ""acquisition_complete"": false, ""completed_steps"": [""r1_gear_rod"", ""r2_bearing_right"", ""r1_bearing_right"", ""r1_bearing_left"", ""r2_gear_rod"", ""r2_bearing_left""], ""head_rotation_deg"": null, ""head_translation_m"": null, ""left_hand_translation_m"": null, ""removed_tool_ids"": [14, 15, 18, 19, 20, 21, 26, 27, 28], ""right_hand_translation_m"": null, ""selected_step"": ""r1_fasten_first_stand"", ""step_attempt"": 7, ""step_elapsed_s"": 32.49073679104913, ""step_event_index"": 30, ""total_hand_translation_m"": null, ""trial_finished_elapsed_s"": null, ""trial_recording"": true, ""trial_required_tool_ids"": [7, 35, 36]}"
2026-09-03T21:38:52.153-04:00,junhyun,language,asr_completed,lifecycle,r1_fasten_first_stand,Row 1.4: fasten right stand,ready,7,31,,,,32.536922,,,,,,,,,,,,,,,,Low one bit holder.,,,,,"{""acquired_tool_ids"": [7, 35], ""acquisition_complete"": false, ""completed_steps"": [""r1_gear_rod"", ""r2_bearing_right"", ""r1_bearing_right"", ""r1_bearing_left"", ""r2_gear_rod"", ""r2_bearing_left""], ""head_rotation_deg"": null, ""head_translation_m"": null, ""left_hand_translation_m"": null, ""removed_tool_ids"": [14, 15, 18, 19, 20, 21, 26, 27, 28], ""right_hand_translation_m"": null, ""selected_step"": ""r1_fasten_first_stand"", ""step_attempt"": 7, ""step_elapsed_s"": 32.53693206096068, ""step_event_index"": 31, ""total_hand_translation_m"": null, ""trial_finished_elapsed_s"": null, ""trial_recording"": true, ""trial_required_tool_ids"": [7, 35, 36]}"
2026-09-03T21:38:52.676-04:00,junhyun,language,participant_speech_submitted,speech,r1_fasten_first_stand,Row 1.4: fasten right stand,ready,7,32,,,,33.060195,,,,,,,,,,,,,,,,row1 bit holder,,,speech_proxy,,"{""acquired_tool_ids"": [7, 35], ""acquisition_complete"": false, ""completed_steps"": [""r1_gear_rod"", ""r2_bearing_right"", ""r1_bearing_right"", ""r1_bearing_left"", ""r2_gear_rod"", ""r2_bearing_left""], ""head_rotation_deg"": null, ""head_translation_m"": null, ""left_hand_translation_m"": null, ""removed_tool_ids"": [14, 15, 18, 19, 20, 21, 26, 27, 28], ""right_hand_translation_m"": null, ""selected_step"": ""r1_fasten_first_stand"", ""step_attempt"": 7, ""step_elapsed_s"": 33.06020458904095, ""step_event_index"": 32, ""total_hand_translation_m"": null, ""trial_finished_elapsed_s"": null, ""trial_recording"": true, ""trial_required_tool_ids"": [7, 35, 36]}"
2026-09-03T21:38:52.704-04:00,junhyun,language,vlm_request_submitted,speech,r1_fasten_first_stand,Row 1.4: fasten right stand,ready,7,33,,,,33.088547,,,,,,,,,,,,,,,,row1 bit holder,,,speech_proxy,,"{""acquired_tool_ids"": [7, 35], ""acquisition_complete"": false, ""completed_steps"": [""r1_gear_rod"", ""r2_bearing_right"", ""r1_bearing_right"", ""r1_bearing_left"", ""r2_gear_rod"", ""r2_bearing_left""], ""head_rotation_deg"": null, ""head_translation_m"": null, ""left_hand_translation_m"": null, ""removed_tool_ids"": [14, 15, 18, 19, 20, 21, 26, 27, 28], ""right_hand_translation_m"": null, ""selected_step"": ""r1_fasten_first_stand"", ""step_attempt"": 7, ""step_elapsed_s"": 33.08856296900194, ""step_event_index"": 33, ""total_hand_translation_m"": null, ""trial_finished_elapsed_s"": null, ""trial_recording"": true, ""trial_required_tool_ids"": [7, 35, 36]}"
2026-09-03T21:38:56.165-04:00,junhyun,language,vlm_inference_completed,lifecycle,r1_fasten_first_stand,Row 1.4: fasten right stand,ready,7,34,,,,36.549256,,,,,,,,,,,,,,,,row1 bit holder,,,BIT_HOLDER1,,"{""acquired_tool_ids"": [7, 35], ""acquisition_complete"": false, ""completed_steps"": [""r1_gear_rod"", ""r2_bearing_right"", ""r1_bearing_right"", ""r1_bearing_left"", ""r2_gear_rod"", ""r2_bearing_left""], ""head_rotation_deg"": null, ""head_translation_m"": null, ""left_hand_translation_m"": null, ""removed_tool_ids"": [14, 15, 18, 19, 20, 21, 26, 27, 28], ""right_hand_translation_m"": null, ""selected_step"": ""r1_fasten_first_stand"", ""step_attempt"": 7, ""step_elapsed_s"": 36.54926552204415, ""step_event_index"": 34, ""total_hand_translation_m"": null, ""trial_finished_elapsed_s"": null, ""trial_recording"": true, ""trial_required_tool_ids"": [7, 35, 36]}"
2026-09-03T21:38:56.236-04:00,junhyun,language,vlm_interaction,language,r1_fasten_first_stand,Row 1.4: fasten right stand,ready,7,35,,,,,,,,,,,,,,,,,,,,row1 bit holder,BIT_HOLDER1,"{""intent"":""part_reference"",""part_action"":""reference"",""reference_relation"":""direct"",""step_scope"":"""",""target"":""BIT_HOLDER1"",""candidates"":[],""exclude_labels"":[]}",language_grounded,"I identified and highlighted the Bit Holder 1, containing the H5 and H3 hex bits.","{""acquired_tool_ids"": [7, 35], ""acquisition_complete"": false, ""completed_steps"": [""r1_gear_rod"", ""r2_bearing_right"", ""r1_bearing_right"", ""r1_bearing_left"", ""r2_gear_rod"", ""r2_bearing_left""], ""head_rotation_deg"": null, ""head_translation_m"": null, ""left_hand_translation_m"": null, ""removed_tool_ids"": [14, 15, 18, 19, 20, 21, 26, 27, 28], ""right_hand_translation_m"": null, ""selected_step"": ""r1_fasten_first_stand"", ""step_attempt"": 7, ""step_elapsed_s"": 36.620205927989446, ""step_event_index"": 35, ""total_hand_translation_m"": null, ""trial_finished_elapsed_s"": null, ""trial_recording"": true, ""trial_required_tool_ids"": [7, 35, 36]}"
2026-09-03T21:38:56.286-04:00,junhyun,language,part_selection,language,r1_fasten_first_stand,Row 1.4: fasten right stand,ready,7,36,36,BITHOLDER1,12.188866,36.669770,,,,,,,,,,,,,,,1,,,,,,"{""acquired_tool_ids"": [7, 35, 36], ""acquisition_complete"": false, ""completed_steps"": [""r1_gear_rod"", ""r2_bearing_right"", ""r1_bearing_right"", ""r1_bearing_left"", ""r2_gear_rod"", ""r2_bearing_left""], ""head_rotation_deg"": null, ""head_translation_m"": null, ""left_hand_translation_m"": null, ""removed_tool_ids"": [14, 15, 18, 19, 20, 21, 26, 27, 28], ""right_hand_translation_m"": null, ""selected_step"": ""r1_fasten_first_stand"", ""step_attempt"": 7, ""step_elapsed_s"": 36.66981080593541, ""step_event_index"": 36, ""total_hand_translation_m"": null, ""trial_finished_elapsed_s"": null, ""trial_recording"": true, ""trial_required_tool_ids"": [7, 35, 36]}"
2026-09-03T21:38:56.301-04:00,junhyun,language,object_acquired,language,r1_fasten_first_stand,Row 1.4: fasten right stand,ready,7,37,36,BITHOLDER1,12.188866,36.669770,,,,,,,,,,,,,,,1,,,,,,"{""acquired_tool_ids"": [7, 35, 36], ""acquisition_complete"": false, ""completed_steps"": [""r1_gear_rod"", ""r2_bearing_right"", ""r1_bearing_right"", ""r1_bearing_left"", ""r2_gear_rod"", ""r2_bearing_left""], ""head_rotation_deg"": null, ""head_translation_m"": null, ""left_hand_translation_m"": null, ""removed_tool_ids"": [14, 15, 18, 19, 20, 21, 26, 27, 28], ""right_hand_translation_m"": null, ""selected_step"": ""r1_fasten_first_stand"", ""step_attempt"": 7, ""step_elapsed_s"": 36.68563275702763, ""step_event_index"": 37, ""total_hand_translation_m"": null, ""trial_finished_elapsed_s"": null, ""trial_recording"": true, ""trial_required_tool_ids"": [7, 35, 36]}"
2026-09-03T21:38:56.318-04:00,junhyun,language,step_acquisition_complete,language,r1_fasten_first_stand,Row 1.4: fasten right stand,ready,7,38,,,,36.700632,0.737283,136.183519,0.434600,0.077516,0.512117,0.000000,0.000000,0.000000,0.000000,0,0,0.000000,0.000000,0.000000,,,,,,,"{""acquired_tool_ids"": [7, 35, 36], ""acquisition_complete"": true, ""any_hover_time_s"": 0.0, ""completed_steps"": [""r1_gear_rod"", ""r2_bearing_right"", ""r1_bearing_right"", ""r1_bearing_left"", ""r2_gear_rod"", ""r2_bearing_left""], ""head_rotation_deg"": 136.18351894932337, ""head_translation_m"": 0.7372829731796954, ""hover_time_percent"": 0.0, ""left_hand_translation_m"": 0.4346004608939821, ""left_hover_episodes"": 0, ""left_hover_time_s"": 0.0, ""left_hover_translation_m"": 0.0, ""removed_tool_ids"": [14, 15, 18, 19, 20, 21, 26, 27, 28], ""right_hand_translation_m"": 0.07751605805552571, ""right_hover_episodes"": 0, ""right_hover_time_s"": 0.0, ""right_hover_translation_m"": 0.0, ""selected_step"": ""r1_fasten_first_stand"", ""step_attempt"": 7, ""step_elapsed_s"": 36.70063158497214, ""step_event_index"": 38, ""total_hand_translation_m"": 0.5121165189495078, ""total_hover_translation_m"": 0.0, ""trial_finished_elapsed_s"": 36.70063158497214, ""trial_recording"": false, ""trial_required_tool_ids"": [7, 35, 36]}"
2026-09-03T21:38:56.340-04:00,junhyun,language,graph_complete,,r1_fasten_first_stand,Row 1.4: fasten right stand,complete,7,39,,,,,,,,,,,,,,,,,,,,,,,,,"{""acquired_tool_ids"": [7, 35, 36], ""acquisition_complete"": true, ""any_hover_time_s"": 0.0, ""completed_steps"": [""r1_gear_rod"", ""r2_bearing_right"", ""r1_bearing_right"", ""r1_bearing_left"", ""r2_gear_rod"", ""r2_bearing_left"", ""r1_fasten_first_stand"", ""r1_insert_rod_and_fit_second"", ""r1_fasten_second_stand""], ""head_rotation_deg"": 136.18351894932337, ""head_translation_m"": 0.7372829731796954, ""hover_time_percent"": 0.0, ""left_hand_translation_m"": 0.4346004608939821, ""left_hover_episodes"": 0, ""left_hover_time_s"": 0.0, ""left_hover_translation_m"": 0.0, ""removed_tool_ids"": [14, 15, 18, 19, 20, 21, 26, 27, 28], ""right_hand_translation_m"": 0.07751605805552571, ""right_hover_episodes"": 0, ""right_hover_time_s"": 0.0, ""right_hover_translation_m"": 0.0, ""selected_step"": ""r1_fasten_first_stand"", ""step_attempt"": 7, ""step_elapsed_s"": 36.70063158497214, ""step_event_index"": 39, ""total_hand_translation_m"": 0.5121165189495078, ""total_hover_translation_m"": 0.0, ""trial_finished_elapsed_s"": 36.70063158497214, ""trial_recording"": false, ""trial_required_tool_ids"": [7, 35, 36]}"
2026-09-03T21:41:34.239-04:00,junhyun,language,step_started,keyboard,r2_fasten_first_stand,Row 2.4: fasten right stand,ready,9,1,,,,,,,,,,,,,,,,,,,,,,,,,"{""acquired_tool_ids"": [], ""acquisition_complete"": false, ""completed_steps"": [""r1_gear_rod"", ""r2_bearing_right"", ""r1_bearing_right"", ""r1_bearing_left"", ""r2_gear_rod"", ""r2_bearing_left"", ""r1_fasten_first_stand"", ""r1_insert_rod_and_fit_second"", ""r1_fasten_second_stand""], ""head_rotation_deg"": null, ""head_translation_m"": null, ""left_hand_translation_m"": null, ""removed_tool_ids"": [14, 15, 18, 19, 20, 21, 26, 27, 28], ""right_hand_translation_m"": null, ""selected_step"": ""r2_fasten_first_stand"", ""step_attempt"": 9, ""step_elapsed_s"": 6.14790478721261e-05, ""step_event_index"": 1, ""total_hand_translation_m"": null, ""trial_finished_elapsed_s"": null, ""trial_recording"": true, ""trial_required_tool_ids"": [7, 35, 37]}"
2026-09-03T21:41:38.741-04:00,junhyun,language,speech_started,lifecycle,r2_fasten_first_stand,Row 2.4: fasten right stand,ready,9,2,,,,4.501561,,,,,,,,,,,,,,,,,,,,,"{""acquired_tool_ids"": [], ""acquisition_complete"": false, ""completed_steps"": [""r1_gear_rod"", ""r2_bearing_right"", ""r1_bearing_right"", ""r1_bearing_left"", ""r2_gear_rod"", ""r2_bearing_left"", ""r1_fasten_first_stand"", ""r1_insert_rod_and_fit_second"", ""r1_fasten_second_stand""], ""head_rotation_deg"": null, ""head_translation_m"": null, ""left_hand_translation_m"": null, ""removed_tool_ids"": [14, 15, 18, 19, 20, 21, 26, 27, 28], ""right_hand_translation_m"": null, ""selected_step"": ""r2_fasten_first_stand"", ""step_attempt"": 9, ""step_elapsed_s"": 4.501575103029609, ""step_event_index"": 2, ""total_hand_translation_m"": null, ""trial_finished_elapsed_s"": null, ""trial_recording"": true, ""trial_required_tool_ids"": [7, 35, 37]}"
2026-09-03T21:41:38.992-04:00,junhyun,language,participant_speech_submitted,speech,r2_fasten_first_stand,Row 2.4: fasten right stand,ready,9,3,,,,4.752548,,,,,,,,,,,,,,,,bitholder2,,,speech_proxy,,"{""acquired_tool_ids"": [], ""acquisition_complete"": false, ""completed_steps"": [""r1_gear_rod"", ""r2_bearing_right"", ""r1_bearing_right"", ""r1_bearing_left"", ""r2_gear_rod"", ""r2_bearing_left"", ""r1_fasten_first_stand"", ""r1_insert_rod_and_fit_second"", ""r1_fasten_second_stand""], ""head_rotation_deg"": null, ""head_translation_m"": null, ""left_hand_translation_m"": null, ""removed_tool_ids"": [14, 15, 18, 19, 20, 21, 26, 27, 28], ""right_hand_translation_m"": null, ""selected_step"": ""r2_fasten_first_stand"", ""step_attempt"": 9, ""step_elapsed_s"": 4.752562448033132, ""step_event_index"": 3, ""total_hand_translation_m"": null, ""trial_finished_elapsed_s"": null, ""trial_recording"": true, ""trial_required_tool_ids"": [7, 35, 37]}"
2026-09-03T21:41:39.024-04:00,junhyun,language,vlm_request_submitted,speech,r2_fasten_first_stand,Row 2.4: fasten right stand,ready,9,4,,,,4.784865,,,,,,,,,,,,,,,,bitholder2,,,speech_proxy,,"{""acquired_tool_ids"": [], ""acquisition_complete"": false, ""completed_steps"": [""r1_gear_rod"", ""r2_bearing_right"", ""r1_bearing_right"", ""r1_bearing_left"", ""r2_gear_rod"", ""r2_bearing_left"", ""r1_fasten_first_stand"", ""r1_insert_rod_and_fit_second"", ""r1_fasten_second_stand""], ""head_rotation_deg"": null, ""head_translation_m"": null, ""left_hand_translation_m"": null, ""removed_tool_ids"": [14, 15, 18, 19, 20, 21, 26, 27, 28], ""right_hand_translation_m"": null, ""selected_step"": ""r2_fasten_first_stand"", ""step_attempt"": 9, ""step_elapsed_s"": 4.784875908051617, ""step_event_index"": 4, ""total_hand_translation_m"": null, ""trial_finished_elapsed_s"": null, ""trial_recording"": true, ""trial_required_tool_ids"": [7, 35, 37]}"
2026-09-03T21:41:41.745-04:00,junhyun,language,speech_capture_ended,lifecycle,r2_fasten_first_stand,Row 2.4: fasten right stand,ready,9,5,,,,7.505493,,,,,,,,,,,,,,,,,,,,,"{""acquired_tool_ids"": [], ""acquisition_complete"": false, ""completed_steps"": [""r1_gear_rod"", ""r2_bearing_right"", ""r1_bearing_right"", ""r1_bearing_left"", ""r2_gear_rod"", ""r2_bearing_left"", ""r1_fasten_first_stand"", ""r1_insert_rod_and_fit_second"", ""r1_fasten_second_stand""], ""head_rotation_deg"": null, ""head_translation_m"": null, ""left_hand_translation_m"": null, ""removed_tool_ids"": [14, 15, 18, 19, 20, 21, 26, 27, 28], ""right_hand_translation_m"": null, ""selected_step"": ""r2_fasten_first_stand"", ""step_attempt"": 9, ""step_elapsed_s"": 7.505505371023901, ""step_event_index"": 5, ""total_hand_translation_m"": null, ""trial_finished_elapsed_s"": null, ""trial_recording"": true, ""trial_required_tool_ids"": [7, 35, 37]}"
2026-09-03T21:41:41.812-04:00,junhyun,language,asr_started,lifecycle,r2_fasten_first_stand,Row 2.4: fasten right stand,ready,9,6,,,,7.572776,,,,,,,,,,,,,,,,,,,,,"{""acquired_tool_ids"": [], ""acquisition_complete"": false, ""completed_steps"": [""r1_gear_rod"", ""r2_bearing_right"", ""r1_bearing_right"", ""r1_bearing_left"", ""r2_gear_rod"", ""r2_bearing_left"", ""r1_fasten_first_stand"", ""r1_insert_rod_and_fit_second"", ""r1_fasten_second_stand""], ""head_rotation_deg"": null, ""head_translation_m"": null, ""left_hand_translation_m"": null, ""removed_tool_ids"": [14, 15, 18, 19, 20, 21, 26, 27, 28], ""right_hand_translation_m"": null, ""selected_step"": ""r2_fasten_first_stand"", ""step_attempt"": 9, ""step_elapsed_s"": 7.5727964179823175, ""step_event_index"": 6, ""total_hand_translation_m"": null, ""trial_finished_elapsed_s"": null, ""trial_recording"": true, ""trial_required_tool_ids"": [7, 35, 37]}"
2026-09-03T21:41:42.060-04:00,junhyun,language,speech_started,lifecycle,r2_fasten_first_stand,Row 2.4: fasten right stand,ready,9,7,,,,7.820766,,,,,,,,,,,,,,,,,,,,,"{""acquired_tool_ids"": [], ""acquisition_complete"": false, ""completed_steps"": [""r1_gear_rod"", ""r2_bearing_right"", ""r1_bearing_right"", ""r1_bearing_left"", ""r2_gear_rod"", ""r2_bearing_left"", ""r1_fasten_first_stand"", ""r1_insert_rod_and_fit_second"", ""r1_fasten_second_stand""], ""head_rotation_deg"": null, ""head_translation_m"": null, ""left_hand_translation_m"": null, ""removed_tool_ids"": [14, 15, 18, 19, 20, 21, 26, 27, 28], ""right_hand_translation_m"": null, ""selected_step"": ""r2_fasten_first_stand"", ""step_attempt"": 9, ""step_elapsed_s"": 7.82078009005636, ""step_event_index"": 7, ""total_hand_translation_m"": null, ""trial_finished_elapsed_s"": null, ""trial_recording"": true, ""trial_required_tool_ids"": [7, 35, 37]}"
2026-09-03T21:41:42.611-04:00,junhyun,language,vlm_inference_completed,lifecycle,r2_fasten_first_stand,Row 2.4: fasten right stand,ready,9,8,,,,8.371858,,,,,,,,,,,,,,,,bitholder2,,,BIT_HOLDER2,,"{""acquired_tool_ids"": [], ""acquisition_complete"": false, ""completed_steps"": [""r1_gear_rod"", ""r2_bearing_right"", ""r1_bearing_right"", ""r1_bearing_left"", ""r2_gear_rod"", ""r2_bearing_left"", ""r1_fasten_first_stand"", ""r1_insert_rod_and_fit_second"", ""r1_fasten_second_stand""], ""head_rotation_deg"": null, ""head_translation_m"": null, ""left_hand_translation_m"": null, ""removed_tool_ids"": [14, 15, 18, 19, 20, 21, 26, 27, 28], ""right_hand_translation_m"": null, ""selected_step"": ""r2_fasten_first_stand"", ""step_attempt"": 9, ""step_elapsed_s"": 8.371868015034124, ""step_event_index"": 8, ""total_hand_translation_m"": null, ""trial_finished_elapsed_s"": null, ""trial_recording"": true, ""trial_required_tool_ids"": [7, 35, 37]}"
2026-09-03T21:41:42.676-04:00,junhyun,language,vlm_interaction,language,r2_fasten_first_stand,Row 2.4: fasten right stand,ready,9,9,,,,,,,,,,,,,,,,,,,,bitholder2,BIT_HOLDER2,"{""intent"":""part_reference"",""part_action"":""reference"",""reference_relation"":""direct"",""step_scope"":"""",""target"":""BIT_HOLDER2"",""candidates"":[],""exclude_labels"":[]}",language_grounded,"I identified and highlighted the Bit Holder 2, containing the T25 Torx bit.","{""acquired_tool_ids"": [], ""acquisition_complete"": false, ""completed_steps"": [""r1_gear_rod"", ""r2_bearing_right"", ""r1_bearing_right"", ""r1_bearing_left"", ""r2_gear_rod"", ""r2_bearing_left"", ""r1_fasten_first_stand"", ""r1_insert_rod_and_fit_second"", ""r1_fasten_second_stand""], ""head_rotation_deg"": null, ""head_translation_m"": null, ""left_hand_translation_m"": null, ""removed_tool_ids"": [14, 15, 18, 19, 20, 21, 26, 27, 28], ""right_hand_translation_m"": null, ""selected_step"": ""r2_fasten_first_stand"", ""step_attempt"": 9, ""step_elapsed_s"": 8.437181010958739, ""step_event_index"": 9, ""total_hand_translation_m"": null, ""trial_finished_elapsed_s"": null, ""trial_recording"": true, ""trial_required_tool_ids"": [7, 35, 37]}"
2026-09-03T21:41:42.699-04:00,junhyun,language,part_selection,language,r2_fasten_first_stand,Row 2.4: fasten right stand,ready,9,10,37,BITHOLDER2,8.460215,8.460215,,,,,,,,,,,,,,,1,,,,,,"{""acquired_tool_ids"": [37], ""acquisition_complete"": false, ""completed_steps"": [""r1_gear_rod"", ""r2_bearing_right"", ""r1_bearing_right"", ""r1_bearing_left"", ""r2_gear_rod"", ""r2_bearing_left"", ""r1_fasten_first_stand"", ""r1_insert_rod_and_fit_second"", ""r1_fasten_second_stand""], ""head_rotation_deg"": null, ""head_translation_m"": null, ""left_hand_translation_m"": null, ""removed_tool_ids"": [14, 15, 18, 19, 20, 21, 26, 27, 28], ""right_hand_translation_m"": null, ""selected_step"": ""r2_fasten_first_stand"", ""step_attempt"": 9, ""step_elapsed_s"": 8.460287048947066, ""step_event_index"": 10, ""total_hand_translation_m"": null, ""trial_finished_elapsed_s"": null, ""trial_recording"": true, ""trial_required_tool_ids"": [7, 35, 37]}"
2026-09-03T21:41:42.721-04:00,junhyun,language,object_acquired,language,r2_fasten_first_stand,Row 2.4: fasten right stand,ready,9,11,37,BITHOLDER2,8.460215,8.460215,,,,,,,,,,,,,,,1,,,,,,"{""acquired_tool_ids"": [37], ""acquisition_complete"": false, ""completed_steps"": [""r1_gear_rod"", ""r2_bearing_right"", ""r1_bearing_right"", ""r1_bearing_left"", ""r2_gear_rod"", ""r2_bearing_left"", ""r1_fasten_first_stand"", ""r1_insert_rod_and_fit_second"", ""r1_fasten_second_stand""], ""head_rotation_deg"": null, ""head_translation_m"": null, ""left_hand_translation_m"": null, ""removed_tool_ids"": [14, 15, 18, 19, 20, 21, 26, 27, 28], ""right_hand_translation_m"": null, ""selected_step"": ""r2_fasten_first_stand"", ""step_attempt"": 9, ""step_elapsed_s"": 8.481639569974504, ""step_event_index"": 11, ""total_hand_translation_m"": null, ""trial_finished_elapsed_s"": null, ""trial_recording"": true, ""trial_required_tool_ids"": [7, 35, 37]}"
2026-09-03T21:41:42.770-04:00,junhyun,language,tts_queued,lifecycle,r2_fasten_first_stand,Row 2.4: fasten right stand,ready,9,12,,,,8.530895,,,,,,,,,,,,,,,,2 parts left.,,,replace,,"{""acquired_tool_ids"": [37], ""acquisition_complete"": false, ""completed_steps"": [""r1_gear_rod"", ""r2_bearing_right"", ""r1_bearing_right"", ""r1_bearing_left"", ""r2_gear_rod"", ""r2_bearing_left"", ""r1_fasten_first_stand"", ""r1_insert_rod_and_fit_second"", ""r1_fasten_second_stand""], ""head_rotation_deg"": null, ""head_translation_m"": null, ""left_hand_translation_m"": null, ""removed_tool_ids"": [14, 15, 18, 19, 20, 21, 26, 27, 28], ""right_hand_translation_m"": null, ""selected_step"": ""r2_fasten_first_stand"", ""step_attempt"": 9, ""step_elapsed_s"": 8.53091559803579, ""step_event_index"": 12, ""total_hand_translation_m"": null, ""trial_finished_elapsed_s"": null, ""trial_recording"": true, ""trial_required_tool_ids"": [7, 35, 37]}"
2026-09-03T21:41:42.831-04:00,junhyun,language,tts_started,lifecycle,r2_fasten_first_stand,Row 2.4: fasten right stand,ready,9,13,,,,8.591974,,,,,,,,,,,,,,,,2 parts left.,,,,,"{""acquired_tool_ids"": [37], ""acquisition_complete"": false, ""completed_steps"": [""r1_gear_rod"", ""r2_bearing_right"", ""r1_bearing_right"", ""r1_bearing_left"", ""r2_gear_rod"", ""r2_bearing_left"", ""r1_fasten_first_stand"", ""r1_insert_rod_and_fit_second"", ""r1_fasten_second_stand""], ""head_rotation_deg"": null, ""head_translation_m"": null, ""left_hand_translation_m"": null, ""removed_tool_ids"": [14, 15, 18, 19, 20, 21, 26, 27, 28], ""right_hand_translation_m"": null, ""selected_step"": ""r2_fasten_first_stand"", ""step_attempt"": 9, ""step_elapsed_s"": 8.59198844304774, ""step_event_index"": 13, ""total_hand_translation_m"": null, ""trial_finished_elapsed_s"": null, ""trial_recording"": true, ""trial_required_tool_ids"": [7, 35, 37]}"
2026-09-03T21:41:42.909-04:00,junhyun,language,speech_capture_ended,lifecycle,r2_fasten_first_stand,Row 2.4: fasten right stand,ready,9,14,,,,8.669795,,,,,,,,,,,,,,,,,,,,,"{""acquired_tool_ids"": [37], ""acquisition_complete"": false, ""completed_steps"": [""r1_gear_rod"", ""r2_bearing_right"", ""r1_bearing_right"", ""r1_bearing_left"", ""r2_gear_rod"", ""r2_bearing_left"", ""r1_fasten_first_stand"", ""r1_insert_rod_and_fit_second"", ""r1_fasten_second_stand""], ""head_rotation_deg"": null, ""head_translation_m"": null, ""left_hand_translation_m"": null, ""removed_tool_ids"": [14, 15, 18, 19, 20, 21, 26, 27, 28], ""right_hand_translation_m"": null, ""selected_step"": ""r2_fasten_first_stand"", ""step_attempt"": 9, ""step_elapsed_s"": 8.669812462059781, ""step_event_index"": 14, ""total_hand_translation_m"": null, ""trial_finished_elapsed_s"": null, ""trial_recording"": true, ""trial_required_tool_ids"": [7, 35, 37]}"
2026-09-03T21:41:43.976-04:00,junhyun,language,tts_finished,lifecycle,r2_fasten_first_stand,Row 2.4: fasten right stand,ready,9,15,,,,9.736897,,,,,,,,,,,,,,,,2 parts left.,,,,,"{""acquired_tool_ids"": [37], ""acquisition_complete"": false, ""completed_steps"": [""r1_gear_rod"", ""r2_bearing_right"", ""r1_bearing_right"", ""r1_bearing_left"", ""r2_gear_rod"", ""r2_bearing_left"", ""r1_fasten_first_stand"", ""r1_insert_rod_and_fit_second"", ""r1_fasten_second_stand""], ""head_rotation_deg"": null, ""head_translation_m"": null, ""left_hand_translation_m"": null, ""removed_tool_ids"": [14, 15, 18, 19, 20, 21, 26, 27, 28], ""right_hand_translation_m"": null, ""selected_step"": ""r2_fasten_first_stand"", ""step_attempt"": 9, ""step_elapsed_s"": 9.73691008600872, ""step_event_index"": 15, ""total_hand_translation_m"": null, ""trial_finished_elapsed_s"": null, ""trial_recording"": true, ""trial_required_tool_ids"": [7, 35, 37]}"
2026-09-03T21:41:44.744-04:00,junhyun,language,asr_started,lifecycle,r2_fasten_first_stand,Row 2.4: fasten right stand,ready,9,16,,,,10.504849,,,,,,,,,,,,,,,,,,,,,"{""acquired_tool_ids"": [37], ""acquisition_complete"": false, ""completed_steps"": [""r1_gear_rod"", ""r2_bearing_right"", ""r1_bearing_right"", ""r1_bearing_left"", ""r2_gear_rod"", ""r2_bearing_left"", ""r1_fasten_first_stand"", ""r1_insert_rod_and_fit_second"", ""r1_fasten_second_stand""], ""head_rotation_deg"": null, ""head_translation_m"": null, ""left_hand_translation_m"": null, ""removed_tool_ids"": [14, 15, 18, 19, 20, 21, 26, 27, 28], ""right_hand_translation_m"": null, ""selected_step"": ""r2_fasten_first_stand"", ""step_attempt"": 9, ""step_elapsed_s"": 10.504859570995905, ""step_event_index"": 16, ""total_hand_translation_m"": null, ""trial_finished_elapsed_s"": null, ""trial_recording"": true, ""trial_required_tool_ids"": [7, 35, 37]}"
2026-09-03T21:41:44.809-04:00,junhyun,language,asr_completed,lifecycle,r2_fasten_first_stand,Row 2.4: fasten right stand,ready,9,17,,,,10.569606,,,,,,,,,,,,,,,,That also we have,,,,,"{""acquired_tool_ids"": [37], ""acquisition_complete"": false, ""completed_steps"": [""r1_gear_rod"", ""r2_bearing_right"", ""r1_bearing_right"", ""r1_bearing_left"", ""r2_gear_rod"", ""r2_bearing_left"", ""r1_fasten_first_stand"", ""r1_insert_rod_and_fit_second"", ""r1_fasten_second_stand""], ""head_rotation_deg"": null, ""head_translation_m"": null, ""left_hand_translation_m"": null, ""removed_tool_ids"": [14, 15, 18, 19, 20, 21, 26, 27, 28], ""right_hand_translation_m"": null, ""selected_step"": ""r2_fasten_first_stand"", ""step_attempt"": 9, ""step_elapsed_s"": 10.569615541025996, ""step_event_index"": 17, ""total_hand_translation_m"": null, ""trial_finished_elapsed_s"": null, ""trial_recording"": true, ""trial_required_tool_ids"": [7, 35, 37]}"
2026-09-03T21:41:44.836-04:00,junhyun,language,participant_speech_submitted,speech,r2_fasten_first_stand,Row 2.4: fasten right stand,ready,9,18,,,,10.596620,,,,,,,,,,,,,,,,That also we have,,,microphone_speech,,"{""acquired_tool_ids"": [37], ""acquisition_complete"": false, ""completed_steps"": [""r1_gear_rod"", ""r2_bearing_right"", ""r1_bearing_right"", ""r1_bearing_left"", ""r2_gear_rod"", ""r2_bearing_left"", ""r1_fasten_first_stand"", ""r1_insert_rod_and_fit_second"", ""r1_fasten_second_stand""], ""head_rotation_deg"": null, ""head_translation_m"": null, ""left_hand_translation_m"": null, ""removed_tool_ids"": [14, 15, 18, 19, 20, 21, 26, 27, 28], ""right_hand_translation_m"": null, ""selected_step"": ""r2_fasten_first_stand"", ""step_attempt"": 9, ""step_elapsed_s"": 10.596639745985158, ""step_event_index"": 18, ""total_hand_translation_m"": null, ""trial_finished_elapsed_s"": null, ""trial_recording"": true, ""trial_required_tool_ids"": [7, 35, 37]}"
2026-09-03T21:41:44.860-04:00,junhyun,language,vlm_request_submitted,speech,r2_fasten_first_stand,Row 2.4: fasten right stand,ready,9,19,,,,10.620614,,,,,,,,,,,,,,,,That also we have,,,microphone_speech,,"{""acquired_tool_ids"": [37], ""acquisition_complete"": false, ""completed_steps"": [""r1_gear_rod"", ""r2_bearing_right"", ""r1_bearing_right"", ""r1_bearing_left"", ""r2_gear_rod"", ""r2_bearing_left"", ""r1_fasten_first_stand"", ""r1_insert_rod_and_fit_second"", ""r1_fasten_second_stand""], ""head_rotation_deg"": null, ""head_translation_m"": null, ""left_hand_translation_m"": null, ""removed_tool_ids"": [14, 15, 18, 19, 20, 21, 26, 27, 28], ""right_hand_translation_m"": null, ""selected_step"": ""r2_fasten_first_stand"", ""step_attempt"": 9, ""step_elapsed_s"": 10.620635012048297, ""step_event_index"": 19, ""total_hand_translation_m"": null, ""trial_finished_elapsed_s"": null, ""trial_recording"": true, ""trial_required_tool_ids"": [7, 35, 37]}"
2026-09-03T21:41:45.314-04:00,junhyun,language,speech_started,lifecycle,r2_fasten_first_stand,Row 2.4: fasten right stand,ready,9,20,,,,11.074662,,,,,,,,,,,,,,,,,,,,,"{""acquired_tool_ids"": [37], ""acquisition_complete"": false, ""completed_steps"": [""r1_gear_rod"", ""r2_bearing_right"", ""r1_bearing_right"", ""r1_bearing_left"", ""r2_gear_rod"", ""r2_bearing_left"", ""r1_fasten_first_stand"", ""r1_insert_rod_and_fit_second"", ""r1_fasten_second_stand""], ""head_rotation_deg"": null, ""head_translation_m"": null, ""left_hand_translation_m"": null, ""removed_tool_ids"": [14, 15, 18, 19, 20, 21, 26, 27, 28], ""right_hand_translation_m"": null, ""selected_step"": ""r2_fasten_first_stand"", ""step_attempt"": 9, ""step_elapsed_s"": 11.074675449053757, ""step_event_index"": 20, ""total_hand_translation_m"": null, ""trial_finished_elapsed_s"": null, ""trial_recording"": true, ""trial_required_tool_ids"": [7, 35, 37]}"
2026-09-03T21:41:47.698-04:00,junhyun,language,speech_capture_ended,lifecycle,r2_fasten_first_stand,Row 2.4: fasten right stand,ready,9,21,,,,13.459366,,,,,,,,,,,,,,,,,,,,,"{""acquired_tool_ids"": [37], ""acquisition_complete"": false, ""completed_steps"": [""r1_gear_rod"", ""r2_bearing_right"", ""r1_bearing_right"", ""r1_bearing_left"", ""r2_gear_rod"", ""r2_bearing_left"", ""r1_fasten_first_stand"", ""r1_insert_rod_and_fit_second"", ""r1_fasten_second_stand""], ""head_rotation_deg"": null, ""head_translation_m"": null, ""left_hand_translation_m"": null, ""removed_tool_ids"": [14, 15, 18, 19, 20, 21, 26, 27, 28], ""right_hand_translation_m"": null, ""selected_step"": ""r2_fasten_first_stand"", ""step_attempt"": 9, ""step_elapsed_s"": 13.459378901985474, ""step_event_index"": 21, ""total_hand_translation_m"": null, ""trial_finished_elapsed_s"": null, ""trial_recording"": true, ""trial_required_tool_ids"": [7, 35, 37]}"
2026-09-03T21:41:47.866-04:00,junhyun,language,asr_started,lifecycle,r2_fasten_first_stand,Row 2.4: fasten right stand,ready,9,22,,,,13.626814,,,,,,,,,,,,,,,,,,,,,"{""acquired_tool_ids"": [37], ""acquisition_complete"": false, ""completed_steps"": [""r1_gear_rod"", ""r2_bearing_right"", ""r1_bearing_right"", ""r1_bearing_left"", ""r2_gear_rod"", ""r2_bearing_left"", ""r1_fasten_first_stand"", ""r1_insert_rod_and_fit_second"", ""r1_fasten_second_stand""], ""head_rotation_deg"": null, ""head_translation_m"": null, ""left_hand_translation_m"": null, ""removed_tool_ids"": [14, 15, 18, 19, 20, 21, 26, 27, 28], ""right_hand_translation_m"": null, ""selected_step"": ""r2_fasten_first_stand"", ""step_attempt"": 9, ""step_elapsed_s"": 13.626840707962401, ""step_event_index"": 22, ""total_hand_translation_m"": null, ""trial_finished_elapsed_s"": null, ""trial_recording"": true, ""trial_required_tool_ids"": [7, 35, 37]}"
2026-09-03T21:41:48.032-04:00,junhyun,language,vlm_inference_completed,lifecycle,r2_fasten_first_stand,Row 2.4: fasten right stand,ready,9,23,,,,13.792679,,,,,,,,,,,,,,,,That also we have,,,out_of_scope,,"{""acquired_tool_ids"": [37], ""acquisition_complete"": false, ""completed_steps"": [""r1_gear_rod"", ""r2_bearing_right"", ""r1_bearing_right"", ""r1_bearing_left"", ""r2_gear_rod"", ""r2_bearing_left"", ""r1_fasten_first_stand"", ""r1_insert_rod_and_fit_second"", ""r1_fasten_second_stand""], ""head_rotation_deg"": null, ""head_translation_m"": null, ""left_hand_translation_m"": null, ""removed_tool_ids"": [14, 15, 18, 19, 20, 21, 26, 27, 28], ""right_hand_translation_m"": null, ""selected_step"": ""r2_fasten_first_stand"", ""step_attempt"": 9, ""step_elapsed_s"": 13.792691724956967, ""step_event_index"": 23, ""total_hand_translation_m"": null, ""trial_finished_elapsed_s"": null, ""trial_recording"": true, ""trial_required_tool_ids"": [7, 35, 37]}"
2026-09-03T21:41:48.153-04:00,junhyun,language,vlm_answer,language,r2_fasten_first_stand,Row 2.4: fasten right stand,ready,9,24,,,,,,,,,,,,,,,,,,,,That also we have,,"{""intent"":""out_of_scope"",""item_scope"":"""",""part_action"":"""",""reference_relation"":"""",""step_scope"":"""",""target"":"""",""candidates"":[],""exclude_labels"":[]}",out_of_scope,Please request a physical part or tool needed for the current step.,"{""acquired_tool_ids"": [37], ""acquisition_complete"": false, ""completed_steps"": [""r1_gear_rod"", ""r2_bearing_right"", ""r1_bearing_right"", ""r1_bearing_left"", ""r2_gear_rod"", ""r2_bearing_left"", ""r1_fasten_first_stand"", ""r1_insert_rod_and_fit_second"", ""r1_fasten_second_stand""], ""head_rotation_deg"": null, ""head_translation_m"": null, ""left_hand_translation_m"": null, ""removed_tool_ids"": [14, 15, 18, 19, 20, 21, 26, 27, 28], ""right_hand_translation_m"": null, ""selected_step"": ""r2_fasten_first_stand"", ""step_attempt"": 9, ""step_elapsed_s"": 13.913419716991484, ""step_event_index"": 24, ""total_hand_translation_m"": null, ""trial_finished_elapsed_s"": null, ""trial_recording"": true, ""trial_required_tool_ids"": [7, 35, 37]}"
2026-09-03T21:41:48.205-04:00,junhyun,language,tts_queued,lifecycle,r2_fasten_first_stand,Row 2.4: fasten right stand,ready,9,25,,,,13.965896,,,,,,,,,,,,,,,,Please request a physical part or tool needed for the current step.,,,append,,"{""acquired_tool_ids"": [37], ""acquisition_complete"": false, ""completed_steps"": [""r1_gear_rod"", ""r2_bearing_right"", ""r1_bearing_right"", ""r1_bearing_left"", ""r2_gear_rod"", ""r2_bearing_left"", ""r1_fasten_first_stand"", ""r1_insert_rod_and_fit_second"", ""r1_fasten_second_stand""], ""head_rotation_deg"": null, ""head_translation_m"": null, ""left_hand_translation_m"": null, ""removed_tool_ids"": [14, 15, 18, 19, 20, 21, 26, 27, 28], ""right_hand_translation_m"": null, ""selected_step"": ""r2_fasten_first_stand"", ""step_attempt"": 9, ""step_elapsed_s"": 13.965909051010385, ""step_event_index"": 25, ""total_hand_translation_m"": null, ""trial_finished_elapsed_s"": null, ""trial_recording"": true, ""trial_required_tool_ids"": [7, 35, 37]}"
2026-09-03T21:41:48.323-04:00,junhyun,language,tts_started,lifecycle,r2_fasten_first_stand,Row 2.4: fasten right stand,ready,9,26,,,,14.083994,,,,,,,,,,,,,,,,Please request a physical part or tool needed for the current step.,,,,,"{""acquired_tool_ids"": [37], ""acquisition_complete"": false, ""completed_steps"": [""r1_gear_rod"", ""r2_bearing_right"", ""r1_bearing_right"", ""r1_bearing_left"", ""r2_gear_rod"", ""r2_bearing_left"", ""r1_fasten_first_stand"", ""r1_insert_rod_and_fit_second"", ""r1_fasten_second_stand""], ""head_rotation_deg"": null, ""head_translation_m"": null, ""left_hand_translation_m"": null, ""removed_tool_ids"": [14, 15, 18, 19, 20, 21, 26, 27, 28], ""right_hand_translation_m"": null, ""selected_step"": ""r2_fasten_first_stand"", ""step_attempt"": 9, ""step_elapsed_s"": 14.084006285993382, ""step_event_index"": 26, ""total_hand_translation_m"": null, ""trial_finished_elapsed_s"": null, ""trial_recording"": true, ""trial_required_tool_ids"": [7, 35, 37]}"
2026-09-03T21:41:48.468-04:00,junhyun,language,asr_completed,lifecycle,r2_fasten_first_stand,Row 2.4: fasten right stand,ready,9,27,,,,14.228628,,,,,,,,,,,,,,,,Two parts are left today.,,,,,"{""acquired_tool_ids"": [37], ""acquisition_complete"": false, ""completed_steps"": [""r1_gear_rod"", ""r2_bearing_right"", ""r1_bearing_right"", ""r1_bearing_left"", ""r2_gear_rod"", ""r2_bearing_left"", ""r1_fasten_first_stand"", ""r1_insert_rod_and_fit_second"", ""r1_fasten_second_stand""], ""head_rotation_deg"": null, ""head_translation_m"": null, ""left_hand_translation_m"": null, ""removed_tool_ids"": [14, 15, 18, 19, 20, 21, 26, 27, 28], ""right_hand_translation_m"": null, ""selected_step"": ""r2_fasten_first_stand"", ""step_attempt"": 9, ""step_elapsed_s"": 14.228639330947772, ""step_event_index"": 27, ""total_hand_translation_m"": null, ""trial_finished_elapsed_s"": null, ""trial_recording"": true, ""trial_required_tool_ids"": [7, 35, 37]}"
2026-09-03T21:41:48.536-04:00,junhyun,language,transcript_ignored_during_tts,lifecycle,r2_fasten_first_stand,Row 2.4: fasten right stand,ready,9,28,,,,14.297122,,,,,,,,,,,,,,,,Two parts are left today.,,,,,"{""acquired_tool_ids"": [37], ""acquisition_complete"": false, ""completed_steps"": [""r1_gear_rod"", ""r2_bearing_right"", ""r1_bearing_right"", ""r1_bearing_left"", ""r2_gear_rod"", ""r2_bearing_left"", ""r1_fasten_first_stand"", ""r1_insert_rod_and_fit_second"", ""r1_fasten_second_stand""], ""head_rotation_deg"": null, ""head_translation_m"": null, ""left_hand_translation_m"": null, ""removed_tool_ids"": [14, 15, 18, 19, 20, 21, 26, 27, 28], ""right_hand_translation_m"": null, ""selected_step"": ""r2_fasten_first_stand"", ""step_attempt"": 9, ""step_elapsed_s"": 14.297132743056864, ""step_event_index"": 28, ""total_hand_translation_m"": null, ""trial_finished_elapsed_s"": null, ""trial_recording"": true, ""trial_required_tool_ids"": [7, 35, 37]}"
2026-09-03T21:41:51.963-04:00,junhyun,language,tts_finished,lifecycle,r2_fasten_first_stand,Row 2.4: fasten right stand,ready,9,29,,,,17.723804,,,,,,,,,,,,,,,,Please request a physical part or tool needed for the current step.,,,,,"{""acquired_tool_ids"": [37], ""acquisition_complete"": false, ""completed_steps"": [""r1_gear_rod"", ""r2_bearing_right"", ""r1_bearing_right"", ""r1_bearing_left"", ""r2_gear_rod"", ""r2_bearing_left"", ""r1_fasten_first_stand"", ""r1_insert_rod_and_fit_second"", ""r1_fasten_second_stand""], ""head_rotation_deg"": null, ""head_translation_m"": null, ""left_hand_translation_m"": null, ""removed_tool_ids"": [14, 15, 18, 19, 20, 21, 26, 27, 28], ""right_hand_translation_m"": null, ""selected_step"": ""r2_fasten_first_stand"", ""step_attempt"": 9, ""step_elapsed_s"": 17.723814547993243, ""step_event_index"": 29, ""total_hand_translation_m"": null, ""trial_finished_elapsed_s"": null, ""trial_recording"": true, ""trial_required_tool_ids"": [7, 35, 37]}"
2026-09-03T21:41:53.393-04:00,junhyun,language,speech_started,lifecycle,r2_fasten_first_stand,Row 2.4: fasten right stand,ready,9,30,,,,19.154274,,,,,,,,,,,,,,,,,,,,,"{""acquired_tool_ids"": [37], ""acquisition_complete"": false, ""completed_steps"": [""r1_gear_rod"", ""r2_bearing_right"", ""r1_bearing_right"", ""r1_bearing_left"", ""r2_gear_rod"", ""r2_bearing_left"", ""r1_fasten_first_stand"", ""r1_insert_rod_and_fit_second"", ""r1_fasten_second_stand""], ""head_rotation_deg"": null, ""head_translation_m"": null, ""left_hand_translation_m"": null, ""removed_tool_ids"": [14, 15, 18, 19, 20, 21, 26, 27, 28], ""right_hand_translation_m"": null, ""selected_step"": ""r2_fasten_first_stand"", ""step_attempt"": 9, ""step_elapsed_s"": 19.154286316013895, ""step_event_index"": 30, ""total_hand_translation_m"": null, ""trial_finished_elapsed_s"": null, ""trial_recording"": true, ""trial_required_tool_ids"": [7, 35, 37]}"
2026-09-03T21:41:56.289-04:00,junhyun,language,speech_capture_ended,lifecycle,r2_fasten_first_stand,Row 2.4: fasten right stand,ready,9,31,,,,22.049771,,,,,,,,,,,,,,,,,,,,,"{""acquired_tool_ids"": [37], ""acquisition_complete"": false, ""completed_steps"": [""r1_gear_rod"", ""r2_bearing_right"", ""r1_bearing_right"", ""r1_bearing_left"", ""r2_gear_rod"", ""r2_bearing_left"", ""r1_fasten_first_stand"", ""r1_insert_rod_and_fit_second"", ""r1_fasten_second_stand""], ""head_rotation_deg"": null, ""head_translation_m"": null, ""left_hand_translation_m"": null, ""removed_tool_ids"": [14, 15, 18, 19, 20, 21, 26, 27, 28], ""right_hand_translation_m"": null, ""selected_step"": ""r2_fasten_first_stand"", ""step_attempt"": 9, ""step_elapsed_s"": 22.04978366405703, ""step_event_index"": 31, ""total_hand_translation_m"": null, ""trial_finished_elapsed_s"": null, ""trial_recording"": true, ""trial_required_tool_ids"": [7, 35, 37]}"
2026-09-03T21:41:56.358-04:00,junhyun,language,asr_started,lifecycle,r2_fasten_first_stand,Row 2.4: fasten right stand,ready,9,32,,,,22.119175,,,,,,,,,,,,,,,,,,,,,"{""acquired_tool_ids"": [37], ""acquisition_complete"": false, ""completed_steps"": [""r1_gear_rod"", ""r2_bearing_right"", ""r1_bearing_right"", ""r1_bearing_left"", ""r2_gear_rod"", ""r2_bearing_left"", ""r1_fasten_first_stand"", ""r1_insert_rod_and_fit_second"", ""r1_fasten_second_stand""], ""head_rotation_deg"": null, ""head_translation_m"": null, ""left_hand_translation_m"": null, ""removed_tool_ids"": [14, 15, 18, 19, 20, 21, 26, 27, 28], ""right_hand_translation_m"": null, ""selected_step"": ""r2_fasten_first_stand"", ""step_attempt"": 9, ""step_elapsed_s"": 22.11918869696092, ""step_event_index"": 32, ""total_hand_translation_m"": null, ""trial_finished_elapsed_s"": null, ""trial_recording"": true, ""trial_required_tool_ids"": [7, 35, 37]}"
2026-09-03T21:41:56.421-04:00,junhyun,language,asr_completed,lifecycle,r2_fasten_first_stand,Row 2.4: fasten right stand,ready,9,33,,,,22.182132,,,,,,,,,,,,,,,,"Skidding. Okay, screw.",,,,,"{""acquired_tool_ids"": [37], ""acquisition_complete"": false, ""completed_steps"": [""r1_gear_rod"", ""r2_bearing_right"", ""r1_bearing_right"", ""r1_bearing_left"", ""r2_gear_rod"", ""r2_bearing_left"", ""r1_fasten_first_stand"", ""r1_insert_rod_and_fit_second"", ""r1_fasten_second_stand""], ""head_rotation_deg"": null, ""head_translation_m"": null, ""left_hand_translation_m"": null, ""removed_tool_ids"": [14, 15, 18, 19, 20, 21, 26, 27, 28], ""right_hand_translation_m"": null, ""selected_step"": ""r2_fasten_first_stand"", ""step_attempt"": 9, ""step_elapsed_s"": 22.182141797966324, ""step_event_index"": 33, ""total_hand_translation_m"": null, ""trial_finished_elapsed_s"": null, ""trial_recording"": true, ""trial_required_tool_ids"": [7, 35, 37]}"
2026-09-03T21:41:56.449-04:00,junhyun,language,participant_speech_submitted,speech,r2_fasten_first_stand,Row 2.4: fasten right stand,ready,9,34,,,,22.210079,,,,,,,,,,,,,,,,"Skidding. Okay, screw.",,,microphone_speech,,"{""acquired_tool_ids"": [37], ""acquisition_complete"": false, ""completed_steps"": [""r1_gear_rod"", ""r2_bearing_right"", ""r1_bearing_right"", ""r1_bearing_left"", ""r2_gear_rod"", ""r2_bearing_left"", ""r1_fasten_first_stand"", ""r1_insert_rod_and_fit_second"", ""r1_fasten_second_stand""], ""head_rotation_deg"": null, ""head_translation_m"": null, ""left_hand_translation_m"": null, ""removed_tool_ids"": [14, 15, 18, 19, 20, 21, 26, 27, 28], ""right_hand_translation_m"": null, ""selected_step"": ""r2_fasten_first_stand"", ""step_attempt"": 9, ""step_elapsed_s"": 22.21009219100233, ""step_event_index"": 34, ""total_hand_translation_m"": null, ""trial_finished_elapsed_s"": null, ""trial_recording"": true, ""trial_required_tool_ids"": [7, 35, 37]}"
2026-09-03T21:41:56.472-04:00,junhyun,language,vlm_request_submitted,speech,r2_fasten_first_stand,Row 2.4: fasten right stand,ready,9,35,,,,22.232910,,,,,,,,,,,,,,,,"Skidding. Okay, screw.",,,microphone_speech,,"{""acquired_tool_ids"": [37], ""acquisition_complete"": false, ""completed_steps"": [""r1_gear_rod"", ""r2_bearing_right"", ""r1_bearing_right"", ""r1_bearing_left"", ""r2_gear_rod"", ""r2_bearing_left"", ""r1_fasten_first_stand"", ""r1_insert_rod_and_fit_second"", ""r1_fasten_second_stand""], ""head_rotation_deg"": null, ""head_translation_m"": null, ""left_hand_translation_m"": null, ""removed_tool_ids"": [14, 15, 18, 19, 20, 21, 26, 27, 28], ""right_hand_translation_m"": null, ""selected_step"": ""r2_fasten_first_stand"", ""step_attempt"": 9, ""step_elapsed_s"": 22.232919309986755, ""step_event_index"": 35, ""total_hand_translation_m"": null, ""trial_finished_elapsed_s"": null, ""trial_recording"": true, ""trial_required_tool_ids"": [7, 35, 37]}"
2026-09-03T21:41:59.085-04:00,junhyun,language,speech_started,lifecycle,r2_fasten_first_stand,Row 2.4: fasten right stand,ready,9,36,,,,24.845615,,,,,,,,,,,,,,,,,,,,,"{""acquired_tool_ids"": [37], ""acquisition_complete"": false, ""completed_steps"": [""r1_gear_rod"", ""r2_bearing_right"", ""r1_bearing_right"", ""r1_bearing_left"", ""r2_gear_rod"", ""r2_bearing_left"", ""r1_fasten_first_stand"", ""r1_insert_rod_and_fit_second"", ""r1_fasten_second_stand""], ""head_rotation_deg"": null, ""head_translation_m"": null, ""left_hand_translation_m"": null, ""removed_tool_ids"": [14, 15, 18, 19, 20, 21, 26, 27, 28], ""right_hand_translation_m"": null, ""selected_step"": ""r2_fasten_first_stand"", ""step_attempt"": 9, ""step_elapsed_s"": 24.84562584303785, ""step_event_index"": 36, ""total_hand_translation_m"": null, ""trial_finished_elapsed_s"": null, ""trial_recording"": true, ""trial_required_tool_ids"": [7, 35, 37]}"
2026-09-03T21:41:59.983-04:00,junhyun,language,vlm_inference_completed,lifecycle,r2_fasten_first_stand,Row 2.4: fasten right stand,ready,9,37,,,,25.744212,,,,,,,,,,,,,,,,"Skidding. Okay, screw.",,,BIT_HOLDER2,,"{""acquired_tool_ids"": [37], ""acquisition_complete"": false, ""completed_steps"": [""r1_gear_rod"", ""r2_bearing_right"", ""r1_bearing_right"", ""r1_bearing_left"", ""r2_gear_rod"", ""r2_bearing_left"", ""r1_fasten_first_stand"", ""r1_insert_rod_and_fit_second"", ""r1_fasten_second_stand""], ""head_rotation_deg"": null, ""head_translation_m"": null, ""left_hand_translation_m"": null, ""removed_tool_ids"": [14, 15, 18, 19, 20, 21, 26, 27, 28], ""right_hand_translation_m"": null, ""selected_step"": ""r2_fasten_first_stand"", ""step_attempt"": 9, ""step_elapsed_s"": 25.74422210897319, ""step_event_index"": 37, ""total_hand_translation_m"": null, ""trial_finished_elapsed_s"": null, ""trial_recording"": true, ""trial_required_tool_ids"": [7, 35, 37]}"
2026-09-03T21:42:00.069-04:00,junhyun,language,vlm_interaction,language,r2_fasten_first_stand,Row 2.4: fasten right stand,ready,9,38,,,,,,,,,,,,,,,,,,,,"Skidding. Okay, screw.",BIT_HOLDER2,"{""intent"":""part_reference"",""part_action"":""reference"",""reference_relation"":""same_as_previous"",""step_scope"":"""",""target"":""BIT_HOLDER2"",""candidates"":[],""exclude_labels"":[]}",language_grounded,"I identified and highlighted the Bit Holder 2, containing the T25 Torx bit.","{""acquired_tool_ids"": [37], ""acquisition_complete"": false, ""completed_steps"": [""r1_gear_rod"", ""r2_bearing_right"", ""r1_bearing_right"", ""r1_bearing_left"", ""r2_gear_rod"", ""r2_bearing_left"", ""r1_fasten_first_stand"", ""r1_insert_rod_and_fit_second"", ""r1_fasten_second_stand""], ""head_rotation_deg"": null, ""head_translation_m"": null, ""left_hand_translation_m"": null, ""removed_tool_ids"": [14, 15, 18, 19, 20, 21, 26, 27, 28], ""right_hand_translation_m"": null, ""selected_step"": ""r2_fasten_first_stand"", ""step_attempt"": 9, ""step_elapsed_s"": 25.830259675043635, ""step_event_index"": 38, ""total_hand_translation_m"": null, ""trial_finished_elapsed_s"": null, ""trial_recording"": true, ""trial_required_tool_ids"": [7, 35, 37]}"
2026-09-03T21:42:02.827-04:00,junhyun,language,participant_speech_submitted,speech,r2_fasten_first_stand,Row 2.4: fasten right stand,ready,9,39,,,,28.587517,,,,,,,,,,,,,,,,screw for row2,,,speech_proxy,,"{""acquired_tool_ids"": [37], ""acquisition_complete"": false, ""completed_steps"": [""r1_gear_rod"", ""r2_bearing_right"", ""r1_bearing_right"", ""r1_bearing_left"", ""r2_gear_rod"", ""r2_bearing_left"", ""r1_fasten_first_stand"", ""r1_insert_rod_and_fit_second"", ""r1_fasten_second_stand""], ""head_rotation_deg"": null, ""head_translation_m"": null, ""left_hand_translation_m"": null, ""removed_tool_ids"": [14, 15, 18, 19, 20, 21, 26, 27, 28], ""right_hand_translation_m"": null, ""selected_step"": ""r2_fasten_first_stand"", ""step_attempt"": 9, ""step_elapsed_s"": 28.5875280960463, ""step_event_index"": 39, ""total_hand_translation_m"": null, ""trial_finished_elapsed_s"": null, ""trial_recording"": true, ""trial_required_tool_ids"": [7, 35, 37]}"
2026-09-03T21:42:02.882-04:00,junhyun,language,vlm_request_submitted,speech,r2_fasten_first_stand,Row 2.4: fasten right stand,ready,9,40,,,,28.643097,,,,,,,,,,,,,,,,screw for row2,,,speech_proxy,,"{""acquired_tool_ids"": [37], ""acquisition_complete"": false, ""completed_steps"": [""r1_gear_rod"", ""r2_bearing_right"", ""r1_bearing_right"", ""r1_bearing_left"", ""r2_gear_rod"", ""r2_bearing_left"", ""r1_fasten_first_stand"", ""r1_insert_rod_and_fit_second"", ""r1_fasten_second_stand""], ""head_rotation_deg"": null, ""head_translation_m"": null, ""left_hand_translation_m"": null, ""removed_tool_ids"": [14, 15, 18, 19, 20, 21, 26, 27, 28], ""right_hand_translation_m"": null, ""selected_step"": ""r2_fasten_first_stand"", ""step_attempt"": 9, ""step_elapsed_s"": 28.643107629963197, ""step_event_index"": 40, ""total_hand_translation_m"": null, ""trial_finished_elapsed_s"": null, ""trial_recording"": true, ""trial_required_tool_ids"": [7, 35, 37]}"
2026-09-03T21:42:03.370-04:00,junhyun,language,speech_capture_ended,lifecycle,r2_fasten_first_stand,Row 2.4: fasten right stand,ready,9,41,,,,29.130788,,,,,,,,,,,,,,,,,,,,,"{""acquired_tool_ids"": [37], ""acquisition_complete"": false, ""completed_steps"": [""r1_gear_rod"", ""r2_bearing_right"", ""r1_bearing_right"", ""r1_bearing_left"", ""r2_gear_rod"", ""r2_bearing_left"", ""r1_fasten_first_stand"", ""r1_insert_rod_and_fit_second"", ""r1_fasten_second_stand""], ""head_rotation_deg"": null, ""head_translation_m"": null, ""left_hand_translation_m"": null, ""removed_tool_ids"": [14, 15, 18, 19, 20, 21, 26, 27, 28], ""right_hand_translation_m"": null, ""selected_step"": ""r2_fasten_first_stand"", ""step_attempt"": 9, ""step_elapsed_s"": 29.13080075394828, ""step_event_index"": 41, ""total_hand_translation_m"": null, ""trial_finished_elapsed_s"": null, ""trial_recording"": true, ""trial_required_tool_ids"": [7, 35, 37]}"
2026-09-03T21:42:03.435-04:00,junhyun,language,asr_started,lifecycle,r2_fasten_first_stand,Row 2.4: fasten right stand,ready,9,42,,,,29.196260,,,,,,,,,,,,,,,,,,,,,"{""acquired_tool_ids"": [37], ""acquisition_complete"": false, ""completed_steps"": [""r1_gear_rod"", ""r2_bearing_right"", ""r1_bearing_right"", ""r1_bearing_left"", ""r2_gear_rod"", ""r2_bearing_left"", ""r1_fasten_first_stand"", ""r1_insert_rod_and_fit_second"", ""r1_fasten_second_stand""], ""head_rotation_deg"": null, ""head_translation_m"": null, ""left_hand_translation_m"": null, ""removed_tool_ids"": [14, 15, 18, 19, 20, 21, 26, 27, 28], ""right_hand_translation_m"": null, ""selected_step"": ""r2_fasten_first_stand"", ""step_attempt"": 9, ""step_elapsed_s"": 29.19627815997228, ""step_event_index"": 42, ""total_hand_translation_m"": null, ""trial_finished_elapsed_s"": null, ""trial_recording"": true, ""trial_required_tool_ids"": [7, 35, 37]}"
2026-09-03T21:42:06.324-04:00,junhyun,language,vlm_inference_completed,lifecycle,r2_fasten_first_stand,Row 2.4: fasten right stand,ready,9,43,,,,32.084963,,,,,,,,,,,,,,,,screw for row2,,,SCREW_ROW2,,"{""acquired_tool_ids"": [37], ""acquisition_complete"": false, ""completed_steps"": [""r1_gear_rod"", ""r2_bearing_right"", ""r1_bearing_right"", ""r1_bearing_left"", ""r2_gear_rod"", ""r2_bearing_left"", ""r1_fasten_first_stand"", ""r1_insert_rod_and_fit_second"", ""r1_fasten_second_stand""], ""head_rotation_deg"": null, ""head_translation_m"": null, ""left_hand_translation_m"": null, ""removed_tool_ids"": [14, 15, 18, 19, 20, 21, 26, 27, 28], ""right_hand_translation_m"": null, ""selected_step"": ""r2_fasten_first_stand"", ""step_attempt"": 9, ""step_elapsed_s"": 32.084972938057035, ""step_event_index"": 43, ""total_hand_translation_m"": null, ""trial_finished_elapsed_s"": null, ""trial_recording"": true, ""trial_required_tool_ids"": [7, 35, 37]}"
2026-09-03T21:42:06.388-04:00,junhyun,language,vlm_interaction,language,r2_fasten_first_stand,Row 2.4: fasten right stand,ready,9,44,,,,,,,,,,,,,,,,,,,,screw for row2,SCREW_ROW2,"{""intent"":""part_reference"",""part_action"":""reference"",""reference_relation"":""direct"",""step_scope"":"""",""target"":""SCREW_ROW2"",""candidates"":[],""exclude_labels"":[]}",language_grounded,I identified and highlighted the Row 2 mounting screw.,"{""acquired_tool_ids"": [37], ""acquisition_complete"": false, ""completed_steps"": [""r1_gear_rod"", ""r2_bearing_right"", ""r1_bearing_right"", ""r1_bearing_left"", ""r2_gear_rod"", ""r2_bearing_left"", ""r1_fasten_first_stand"", ""r1_insert_rod_and_fit_second"", ""r1_fasten_second_stand""], ""head_rotation_deg"": null, ""head_translation_m"": null, ""left_hand_translation_m"": null, ""removed_tool_ids"": [14, 15, 18, 19, 20, 21, 26, 27, 28], ""right_hand_translation_m"": null, ""selected_step"": ""r2_fasten_first_stand"", ""step_attempt"": 9, ""step_elapsed_s"": 32.14856065798085, ""step_event_index"": 44, ""total_hand_translation_m"": null, ""trial_finished_elapsed_s"": null, ""trial_recording"": true, ""trial_required_tool_ids"": [7, 35, 37]}"
2026-09-03T21:42:06.419-04:00,junhyun,language,part_selection,language,r2_fasten_first_stand,Row 2.4: fasten right stand,ready,9,45,35,SCREWS,23.719973,32.180189,,,,,,,,,,,,,,,1,,,,,,"{""acquired_tool_ids"": [35, 37], ""acquisition_complete"": false, ""completed_steps"": [""r1_gear_rod"", ""r2_bearing_right"", ""r1_bearing_right"", ""r1_bearing_left"", ""r2_gear_rod"", ""r2_bearing_left"", ""r1_fasten_first_stand"", ""r1_insert_rod_and_fit_second"", ""r1_fasten_second_stand""], ""head_rotation_deg"": null, ""head_translation_m"": null, ""left_hand_translation_m"": null, ""removed_tool_ids"": [14, 15, 18, 19, 20, 21, 26, 27, 28], ""right_hand_translation_m"": null, ""selected_step"": ""r2_fasten_first_stand"", ""step_attempt"": 9, ""step_elapsed_s"": 32.18024152901489, ""step_event_index"": 45, ""total_hand_translation_m"": null, ""trial_finished_elapsed_s"": null, ""trial_recording"": true, ""trial_required_tool_ids"": [7, 35, 37]}"
2026-09-03T21:42:06.457-04:00,junhyun,language,object_acquired,language,r2_fasten_first_stand,Row 2.4: fasten right stand,ready,9,46,35,SCREWS,23.719973,32.180189,,,,,,,,,,,,,,,1,,,,,,"{""acquired_tool_ids"": [35, 37], ""acquisition_complete"": false, ""completed_steps"": [""r1_gear_rod"", ""r2_bearing_right"", ""r1_bearing_right"", ""r1_bearing_left"", ""r2_gear_rod"", ""r2_bearing_left"", ""r1_fasten_first_stand"", ""r1_insert_rod_and_fit_second"", ""r1_fasten_second_stand""], ""head_rotation_deg"": null, ""head_translation_m"": null, ""left_hand_translation_m"": null, ""removed_tool_ids"": [14, 15, 18, 19, 20, 21, 26, 27, 28], ""right_hand_translation_m"": null, ""selected_step"": ""r2_fasten_first_stand"", ""step_attempt"": 9, ""step_elapsed_s"": 32.21779444604181, ""step_event_index"": 46, ""total_hand_translation_m"": null, ""trial_finished_elapsed_s"": null, ""trial_recording"": true, ""trial_required_tool_ids"": [7, 35, 37]}"
2026-09-03T21:42:06.477-04:00,junhyun,language,tts_queued,lifecycle,r2_fasten_first_stand,Row 2.4: fasten right stand,ready,9,47,,,,32.238242,,,,,,,,,,,,,,,,1 part left.,,,replace,,"{""acquired_tool_ids"": [35, 37], ""acquisition_complete"": false, ""completed_steps"": [""r1_gear_rod"", ""r2_bearing_right"", ""r1_bearing_right"", ""r1_bearing_left"", ""r2_gear_rod"", ""r2_bearing_left"", ""r1_fasten_first_stand"", ""r1_insert_rod_and_fit_second"", ""r1_fasten_second_stand""], ""head_rotation_deg"": null, ""head_translation_m"": null, ""left_hand_translation_m"": null, ""removed_tool_ids"": [14, 15, 18, 19, 20, 21, 26, 27, 28], ""right_hand_translation_m"": null, ""selected_step"": ""r2_fasten_first_stand"", ""step_attempt"": 9, ""step_elapsed_s"": 32.23825701104943, ""step_event_index"": 47, ""total_hand_translation_m"": null, ""trial_finished_elapsed_s"": null, ""trial_recording"": true, ""trial_required_tool_ids"": [7, 35, 37]}"
2026-09-03T21:42:06.500-04:00,junhyun,language,tts_started,lifecycle,r2_fasten_first_stand,Row 2.4: fasten right stand,ready,9,48,,,,32.260713,,,,,,,,,,,,,,,,1 part left.,,,,,"{""acquired_tool_ids"": [35, 37], ""acquisition_complete"": false, ""completed_steps"": [""r1_gear_rod"", ""r2_bearing_right"", ""r1_bearing_right"", ""r1_bearing_left"", ""r2_gear_rod"", ""r2_bearing_left"", ""r1_fasten_first_stand"", ""r1_insert_rod_and_fit_second"", ""r1_fasten_second_stand""], ""head_rotation_deg"": null, ""head_translation_m"": null, ""left_hand_translation_m"": null, ""removed_tool_ids"": [14, 15, 18, 19, 20, 21, 26, 27, 28], ""right_hand_translation_m"": null, ""selected_step"": ""r2_fasten_first_stand"", ""step_attempt"": 9, ""step_elapsed_s"": 32.2607303049881, ""step_event_index"": 48, ""total_hand_translation_m"": null, ""trial_finished_elapsed_s"": null, ""trial_recording"": true, ""trial_required_tool_ids"": [7, 35, 37]}"
2026-09-03T21:42:06.533-04:00,junhyun,language,asr_completed,lifecycle,r2_fasten_first_stand,Row 2.4: fasten right stand,ready,9,49,,,,32.293866,,,,,,,,,,,,,,,,Creable interchangeable screwdriver.,,,,,"{""acquired_tool_ids"": [35, 37], ""acquisition_complete"": false, ""completed_steps"": [""r1_gear_rod"", ""r2_bearing_right"", ""r1_bearing_right"", ""r1_bearing_left"", ""r2_gear_rod"", ""r2_bearing_left"", ""r1_fasten_first_stand"", ""r1_insert_rod_and_fit_second"", ""r1_fasten_second_stand""], ""head_rotation_deg"": null, ""head_translation_m"": null, ""left_hand_translation_m"": null, ""removed_tool_ids"": [14, 15, 18, 19, 20, 21, 26, 27, 28], ""right_hand_translation_m"": null, ""selected_step"": ""r2_fasten_first_stand"", ""step_attempt"": 9, ""step_elapsed_s"": 32.2938771690242, ""step_event_index"": 49, ""total_hand_translation_m"": null, ""trial_finished_elapsed_s"": null, ""trial_recording"": true, ""trial_required_tool_ids"": [7, 35, 37]}"
2026-09-03T21:42:06.620-04:00,junhyun,language,transcript_ignored_during_tts,lifecycle,r2_fasten_first_stand,Row 2.4: fasten right stand,ready,9,50,,,,32.380615,,,,,,,,,,,,,,,,Creable interchangeable screwdriver.,,,,,"{""acquired_tool_ids"": [35, 37], ""acquisition_complete"": false, ""completed_steps"": [""r1_gear_rod"", ""r2_bearing_right"", ""r1_bearing_right"", ""r1_bearing_left"", ""r2_gear_rod"", ""r2_bearing_left"", ""r1_fasten_first_stand"", ""r1_insert_rod_and_fit_second"", ""r1_fasten_second_stand""], ""head_rotation_deg"": null, ""head_translation_m"": null, ""left_hand_translation_m"": null, ""removed_tool_ids"": [14, 15, 18, 19, 20, 21, 26, 27, 28], ""right_hand_translation_m"": null, ""selected_step"": ""r2_fasten_first_stand"", ""step_attempt"": 9, ""step_elapsed_s"": 32.38062547100708, ""step_event_index"": 50, ""total_hand_translation_m"": null, ""trial_finished_elapsed_s"": null, ""trial_recording"": true, ""trial_required_tool_ids"": [7, 35, 37]}"
2026-09-03T21:42:07.754-04:00,junhyun,language,tts_finished,lifecycle,r2_fasten_first_stand,Row 2.4: fasten right stand,ready,9,51,,,,33.514687,,,,,,,,,,,,,,,,1 part left.,,,,,"{""acquired_tool_ids"": [35, 37], ""acquisition_complete"": false, ""completed_steps"": [""r1_gear_rod"", ""r2_bearing_right"", ""r1_bearing_right"", ""r1_bearing_left"", ""r2_gear_rod"", ""r2_bearing_left"", ""r1_fasten_first_stand"", ""r1_insert_rod_and_fit_second"", ""r1_fasten_second_stand""], ""head_rotation_deg"": null, ""head_translation_m"": null, ""left_hand_translation_m"": null, ""removed_tool_ids"": [14, 15, 18, 19, 20, 21, 26, 27, 28], ""right_hand_translation_m"": null, ""selected_step"": ""r2_fasten_first_stand"", ""step_attempt"": 9, ""step_elapsed_s"": 33.51469921099488, ""step_event_index"": 51, ""total_hand_translation_m"": null, ""trial_finished_elapsed_s"": null, ""trial_recording"": true, ""trial_required_tool_ids"": [7, 35, 37]}"
2026-09-03T21:42:09.872-04:00,junhyun,language,participant_speech_submitted,speech,r2_fasten_first_stand,Row 2.4: fasten right stand,ready,9,52,,,,35.632717,,,,,,,,,,,,,,,,interchanegeable scrwe driver,,,speech_proxy,,"{""acquired_tool_ids"": [35, 37], ""acquisition_complete"": false, ""completed_steps"": [""r1_gear_rod"", ""r2_bearing_right"", ""r1_bearing_right"", ""r1_bearing_left"", ""r2_gear_rod"", ""r2_bearing_left"", ""r1_fasten_first_stand"", ""r1_insert_rod_and_fit_second"", ""r1_fasten_second_stand""], ""head_rotation_deg"": null, ""head_translation_m"": null, ""left_hand_translation_m"": null, ""removed_tool_ids"": [14, 15, 18, 19, 20, 21, 26, 27, 28], ""right_hand_translation_m"": null, ""selected_step"": ""r2_fasten_first_stand"", ""step_attempt"": 9, ""step_elapsed_s"": 35.63273953902535, ""step_event_index"": 52, ""total_hand_translation_m"": null, ""trial_finished_elapsed_s"": null, ""trial_recording"": true, ""trial_required_tool_ids"": [7, 35, 37]}"
2026-09-03T21:42:09.954-04:00,junhyun,language,vlm_request_submitted,speech,r2_fasten_first_stand,Row 2.4: fasten right stand,ready,9,53,,,,35.714425,,,,,,,,,,,,,,,,interchanegeable scrwe driver,,,speech_proxy,,"{""acquired_tool_ids"": [35, 37], ""acquisition_complete"": false, ""completed_steps"": [""r1_gear_rod"", ""r2_bearing_right"", ""r1_bearing_right"", ""r1_bearing_left"", ""r2_gear_rod"", ""r2_bearing_left"", ""r1_fasten_first_stand"", ""r1_insert_rod_and_fit_second"", ""r1_fasten_second_stand""], ""head_rotation_deg"": null, ""head_translation_m"": null, ""left_hand_translation_m"": null, ""removed_tool_ids"": [14, 15, 18, 19, 20, 21, 26, 27, 28], ""right_hand_translation_m"": null, ""selected_step"": ""r2_fasten_first_stand"", ""step_attempt"": 9, ""step_elapsed_s"": 35.7144381289836, ""step_event_index"": 53, ""total_hand_translation_m"": null, ""trial_finished_elapsed_s"": null, ""trial_recording"": true, ""trial_required_tool_ids"": [7, 35, 37]}"
2026-09-03T21:42:10.807-04:00,junhyun,language,speech_started,lifecycle,r2_fasten_first_stand,Row 2.4: fasten right stand,ready,9,54,,,,36.567605,,,,,,,,,,,,,,,,,,,,,"{""acquired_tool_ids"": [35, 37], ""acquisition_complete"": false, ""completed_steps"": [""r1_gear_rod"", ""r2_bearing_right"", ""r1_bearing_right"", ""r1_bearing_left"", ""r2_gear_rod"", ""r2_bearing_left"", ""r1_fasten_first_stand"", ""r1_insert_rod_and_fit_second"", ""r1_fasten_second_stand""], ""head_rotation_deg"": null, ""head_translation_m"": null, ""left_hand_translation_m"": null, ""removed_tool_ids"": [14, 15, 18, 19, 20, 21, 26, 27, 28], ""right_hand_translation_m"": null, ""selected_step"": ""r2_fasten_first_stand"", ""step_attempt"": 9, ""step_elapsed_s"": 36.567620191024616, ""step_event_index"": 54, ""total_hand_translation_m"": null, ""trial_finished_elapsed_s"": null, ""trial_recording"": true, ""trial_required_tool_ids"": [7, 35, 37]}"
2026-09-03T21:42:13.506-04:00,junhyun,language,vlm_inference_completed,lifecycle,r2_fasten_first_stand,Row 2.4: fasten right stand,ready,9,55,,,,39.267224,,,,,,,,,,,,,,,,interchanegeable scrwe driver,,,BIT_SCREWDRIVER,,"{""acquired_tool_ids"": [35, 37], ""acquisition_complete"": false, ""completed_steps"": [""r1_gear_rod"", ""r2_bearing_right"", ""r1_bearing_right"", ""r1_bearing_left"", ""r2_gear_rod"", ""r2_bearing_left"", ""r1_fasten_first_stand"", ""r1_insert_rod_and_fit_second"", ""r1_fasten_second_stand""], ""head_rotation_deg"": null, ""head_translation_m"": null, ""left_hand_translation_m"": null, ""removed_tool_ids"": [14, 15, 18, 19, 20, 21, 26, 27, 28], ""right_hand_translation_m"": null, ""selected_step"": ""r2_fasten_first_stand"", ""step_attempt"": 9, ""step_elapsed_s"": 39.26723478897475, ""step_event_index"": 55, ""total_hand_translation_m"": null, ""trial_finished_elapsed_s"": null, ""trial_recording"": true, ""trial_required_tool_ids"": [7, 35, 37]}"
2026-09-03T21:42:13.577-04:00,junhyun,language,vlm_interaction,language,r2_fasten_first_stand,Row 2.4: fasten right stand,ready,9,56,,,,,,,,,,,,,,,,,,,,interchanegeable scrwe driver,BIT_SCREWDRIVER,"{""intent"":""part_reference"",""part_action"":""reference"",""reference_relation"":""direct"",""step_scope"":"""",""target"":""BIT_SCREWDRIVER"",""candidates"":[],""exclude_labels"":[]}",language_grounded,I identified and highlighted the interchangeable-bit screwdriver.,"{""acquired_tool_ids"": [35, 37], ""acquisition_complete"": false, ""completed_steps"": [""r1_gear_rod"", ""r2_bearing_right"", ""r1_bearing_right"", ""r1_bearing_left"", ""r2_gear_rod"", ""r2_bearing_left"", ""r1_fasten_first_stand"", ""r1_insert_rod_and_fit_second"", ""r1_fasten_second_stand""], ""head_rotation_deg"": null, ""head_translation_m"": null, ""left_hand_translation_m"": null, ""removed_tool_ids"": [14, 15, 18, 19, 20, 21, 26, 27, 28], ""right_hand_translation_m"": null, ""selected_step"": ""r2_fasten_first_stand"", ""step_attempt"": 9, ""step_elapsed_s"": 39.33773629704956, ""step_event_index"": 56, ""total_hand_translation_m"": null, ""trial_finished_elapsed_s"": null, ""trial_recording"": true, ""trial_required_tool_ids"": [7, 35, 37]}"
2026-09-03T21:42:13.627-04:00,junhyun,language,part_selection,language,r2_fasten_first_stand,Row 2.4: fasten right stand,ready,9,57,7,BIT_SCREWDRIVER,7.207333,39.387521,,,,,,,,,,,,,,,1,,,,,,"{""acquired_tool_ids"": [7, 35, 37], ""acquisition_complete"": false, ""completed_steps"": [""r1_gear_rod"", ""r2_bearing_right"", ""r1_bearing_right"", ""r1_bearing_left"", ""r2_gear_rod"", ""r2_bearing_left"", ""r1_fasten_first_stand"", ""r1_insert_rod_and_fit_second"", ""r1_fasten_second_stand""], ""head_rotation_deg"": null, ""head_translation_m"": null, ""left_hand_translation_m"": null, ""removed_tool_ids"": [14, 15, 18, 19, 20, 21, 26, 27, 28], ""right_hand_translation_m"": null, ""selected_step"": ""r2_fasten_first_stand"", ""step_attempt"": 9, ""step_elapsed_s"": 39.38759789103642, ""step_event_index"": 57, ""total_hand_translation_m"": null, ""trial_finished_elapsed_s"": null, ""trial_recording"": true, ""trial_required_tool_ids"": [7, 35, 37]}"
2026-09-03T21:42:13.677-04:00,junhyun,language,object_acquired,language,r2_fasten_first_stand,Row 2.4: fasten right stand,ready,9,58,7,BIT_SCREWDRIVER,7.207333,39.387521,,,,,,,,,,,,,,,1,,,,,,"{""acquired_tool_ids"": [7, 35, 37], ""acquisition_complete"": false, ""completed_steps"": [""r1_gear_rod"", ""r2_bearing_right"", ""r1_bearing_right"", ""r1_bearing_left"", ""r2_gear_rod"", ""r2_bearing_left"", ""r1_fasten_first_stand"", ""r1_insert_rod_and_fit_second"", ""r1_fasten_second_stand""], ""head_rotation_deg"": null, ""head_translation_m"": null, ""left_hand_translation_m"": null, ""removed_tool_ids"": [14, 15, 18, 19, 20, 21, 26, 27, 28], ""right_hand_translation_m"": null, ""selected_step"": ""r2_fasten_first_stand"", ""step_attempt"": 9, ""step_elapsed_s"": 39.4379344539484, ""step_event_index"": 58, ""total_hand_translation_m"": null, ""trial_finished_elapsed_s"": null, ""trial_recording"": true, ""trial_required_tool_ids"": [7, 35, 37]}"
2026-09-03T21:42:13.716-04:00,junhyun,language,step_acquisition_complete,language,r2_fasten_first_stand,Row 2.4: fasten right stand,ready,9,59,,,,39.476000,0.000000,0.000000,0.754327,0.515636,1.269963,0.000000,0.000000,0.000000,0.000000,0,0,0.000000,0.000000,0.000000,,,,,,,"{""acquired_tool_ids"": [7, 35, 37], ""acquisition_complete"": true, ""any_hover_time_s"": 0.0, ""completed_steps"": [""r1_gear_rod"", ""r2_bearing_right"", ""r1_bearing_right"", ""r1_bearing_left"", ""r2_gear_rod"", ""r2_bearing_left"", ""r1_fasten_first_stand"", ""r1_insert_rod_and_fit_second"", ""r1_fasten_second_stand""], ""head_rotation_deg"": 0.0, ""head_translation_m"": 0.0, ""hover_time_percent"": 0.0, ""left_hand_translation_m"": 0.7543270991385814, ""left_hover_episodes"": 0, ""left_hover_time_s"": 0.0, ""left_hover_translation_m"": 0.0, ""removed_tool_ids"": [14, 15, 18, 19, 20, 21, 26, 27, 28], ""right_hand_translation_m"": 0.5156357426813748, ""right_hover_episodes"": 0, ""right_hover_time_s"": 0.0, ""right_hover_translation_m"": 0.0, ""selected_step"": ""r2_fasten_first_stand"", ""step_attempt"": 9, ""step_elapsed_s"": 39.47600024798885, ""step_event_index"": 59, ""total_hand_translation_m"": 1.2699628418199562, ""total_hover_translation_m"": 0.0, ""trial_finished_elapsed_s"": 39.47600024798885, ""trial_recording"": false, ""trial_required_tool_ids"": [7, 35, 37]}"
2026-09-03T21:42:13.758-04:00,junhyun,language,graph_complete,,r2_fasten_first_stand,Row 2.4: fasten right stand,complete,9,60,,,,,,,,,,,,,,,,,,,,,,,,,"{""acquired_tool_ids"": [7, 35, 37], ""acquisition_complete"": true, ""any_hover_time_s"": 0.0, ""completed_steps"": [""r1_gear_rod"", ""r2_bearing_right"", ""r1_bearing_right"", ""r1_bearing_left"", ""r2_gear_rod"", ""r2_bearing_left"", ""r1_fasten_first_stand"", ""r1_insert_rod_and_fit_second"", ""r1_fasten_second_stand"", ""r2_fasten_first_stand"", ""r2_insert_rod_and_fit_second"", ""r2_fasten_second_stand""], ""head_rotation_deg"": 0.0, ""head_translation_m"": 0.0, ""hover_time_percent"": 0.0, ""left_hand_translation_m"": 0.7543270991385814, ""left_hover_episodes"": 0, ""left_hover_time_s"": 0.0, ""left_hover_translation_m"": 0.0, ""removed_tool_ids"": [14, 15, 18, 19, 20, 21, 26, 27, 28], ""right_hand_translation_m"": 0.5156357426813748, ""right_hover_episodes"": 0, ""right_hover_time_s"": 0.0, ""right_hover_translation_m"": 0.0, ""selected_step"": ""r2_fasten_first_stand"", ""step_attempt"": 9, ""step_elapsed_s"": 39.47600024798885, ""step_event_index"": 60, ""total_hand_translation_m"": 1.2699628418199562, ""total_hover_translation_m"": 0.0, ""trial_finished_elapsed_s"": 39.47600024798885, ""trial_recording"": false, ""trial_required_tool_ids"": [7, 35, 37]}"
