timestamp,participant_id,condition,event_type,modality,step_id,step_title,step_state,step_attempt,step_event_index,tool_id,tool_name,part_elapsed_s,step_elapsed_s,head_translation_m,head_rotation_deg,left_hand_translation_m,right_hand_translation_m,total_hand_translation_m,left_hover_time_s,right_hover_time_s,any_hover_time_s,hover_time_percent,left_hover_episodes,right_hover_episodes,left_hover_translation_m,right_hover_translation_m,total_hover_translation_m,correct,transcript,vlm_prediction,vlm_raw,graph_decision,spoken_response,state_json
2026-09-03T21:44:18.399-04:00,junhyun,task_aware,step_started,keyboard,r1_gear_rod,Row 1.2: assemble gear rod,ready,1,1,,,,,,,,,,,,,,,,,,,,,,,,,"{""acquired_tool_ids"": [], ""acquisition_complete"": false, ""completed_steps"": [], ""head_rotation_deg"": null, ""head_translation_m"": null, ""left_hand_translation_m"": null, ""removed_tool_ids"": [], ""right_hand_translation_m"": null, ""selected_step"": ""r1_gear_rod"", ""step_attempt"": 1, ""step_elapsed_s"": 6.477092392742634e-05, ""step_event_index"": 1, ""total_hand_translation_m"": null, ""trial_finished_elapsed_s"": null, ""trial_recording"": true, ""trial_required_tool_ids"": [14, 26, 33]}"
2026-09-03T21:44:18.447-04:00,junhyun,task_aware,task_aware_highlight_presented,system,r1_gear_rod,Row 1.2: assemble gear rod,ready,1,2,,,,,,,,,,,,,,,,,,,,,"[14, 26, 33]",,task_aware_proactive_highlight,,"{""acquired_tool_ids"": [], ""acquisition_complete"": false, ""completed_steps"": [], ""head_rotation_deg"": null, ""head_translation_m"": null, ""left_hand_translation_m"": null, ""removed_tool_ids"": [], ""right_hand_translation_m"": null, ""selected_step"": ""r1_gear_rod"", ""step_attempt"": 1, ""step_elapsed_s"": 0.04737168597057462, ""step_event_index"": 2, ""total_hand_translation_m"": null, ""trial_finished_elapsed_s"": null, ""trial_recording"": true, ""trial_required_tool_ids"": [14, 26, 33]}"
2026-09-03T21:44:19.281-04:00,junhyun,task_aware,speech_started,lifecycle,r1_gear_rod,Row 1.2: assemble gear rod,ready,1,3,,,,0.882228,,,,,,,,,,,,,,,,,,,,,"{""acquired_tool_ids"": [], ""acquisition_complete"": false, ""completed_steps"": [], ""head_rotation_deg"": null, ""head_translation_m"": null, ""left_hand_translation_m"": null, ""removed_tool_ids"": [], ""right_hand_translation_m"": null, ""selected_step"": ""r1_gear_rod"", ""step_attempt"": 1, ""step_elapsed_s"": 0.882238638936542, ""step_event_index"": 3, ""total_hand_translation_m"": null, ""trial_finished_elapsed_s"": null, ""trial_recording"": true, ""trial_required_tool_ids"": [14, 26, 33]}"
2026-09-03T21:44:21.530-04:00,junhyun,task_aware,speech_capture_ended,lifecycle,r1_gear_rod,Row 1.2: assemble gear rod,ready,1,4,,,,3.131175,,,,,,,,,,,,,,,,,,,,,"{""acquired_tool_ids"": [], ""acquisition_complete"": false, ""completed_steps"": [], ""head_rotation_deg"": null, ""head_translation_m"": null, ""left_hand_translation_m"": null, ""removed_tool_ids"": [], ""right_hand_translation_m"": null, ""selected_step"": ""r1_gear_rod"", ""step_attempt"": 1, ""step_elapsed_s"": 3.1311853060033172, ""step_event_index"": 4, ""total_hand_translation_m"": null, ""trial_finished_elapsed_s"": null, ""trial_recording"": true, ""trial_required_tool_ids"": [14, 26, 33]}"
2026-09-03T21:44:21.586-04:00,junhyun,task_aware,asr_started,lifecycle,r1_gear_rod,Row 1.2: assemble gear rod,ready,1,5,,,,3.186916,,,,,,,,,,,,,,,,,,,,,"{""acquired_tool_ids"": [], ""acquisition_complete"": false, ""completed_steps"": [], ""head_rotation_deg"": null, ""head_translation_m"": null, ""left_hand_translation_m"": null, ""removed_tool_ids"": [], ""right_hand_translation_m"": null, ""selected_step"": ""r1_gear_rod"", ""step_attempt"": 1, ""step_elapsed_s"": 3.186939754988998, ""step_event_index"": 5, ""total_hand_translation_m"": null, ""trial_finished_elapsed_s"": null, ""trial_recording"": true, ""trial_required_tool_ids"": [14, 26, 33]}"
2026-09-03T21:44:21.662-04:00,junhyun,task_aware,asr_completed,lifecycle,r1_gear_rod,Row 1.2: assemble gear rod,ready,1,6,,,,3.262784,,,,,,,,,,,,,,,,Wooden pin.,,,,,"{""acquired_tool_ids"": [], ""acquisition_complete"": false, ""completed_steps"": [], ""head_rotation_deg"": null, ""head_translation_m"": null, ""left_hand_translation_m"": null, ""removed_tool_ids"": [], ""right_hand_translation_m"": null, ""selected_step"": ""r1_gear_rod"", ""step_attempt"": 1, ""step_elapsed_s"": 3.262792647932656, ""step_event_index"": 6, ""total_hand_translation_m"": null, ""trial_finished_elapsed_s"": null, ""trial_recording"": true, ""trial_required_tool_ids"": [14, 26, 33]}"
2026-09-03T21:44:23.151-04:00,junhyun,task_aware,participant_speech_submitted,speech,r1_gear_rod,Row 1.2: assemble gear rod,ready,1,7,,,,4.752140,,,,,,,,,,,,,,,,wooden pin,,,speech_proxy,,"{""acquired_tool_ids"": [], ""acquisition_complete"": false, ""completed_steps"": [], ""head_rotation_deg"": null, ""head_translation_m"": null, ""left_hand_translation_m"": null, ""removed_tool_ids"": [], ""right_hand_translation_m"": null, ""selected_step"": ""r1_gear_rod"", ""step_attempt"": 1, ""step_elapsed_s"": 4.752153625944629, ""step_event_index"": 7, ""total_hand_translation_m"": null, ""trial_finished_elapsed_s"": null, ""trial_recording"": true, ""trial_required_tool_ids"": [14, 26, 33]}"
2026-09-03T21:44:23.220-04:00,junhyun,task_aware,vlm_request_submitted,speech,r1_gear_rod,Row 1.2: assemble gear rod,ready,1,8,,,,4.821067,,,,,,,,,,,,,,,,wooden pin,,,speech_proxy,,"{""acquired_tool_ids"": [], ""acquisition_complete"": false, ""completed_steps"": [], ""head_rotation_deg"": null, ""head_translation_m"": null, ""left_hand_translation_m"": null, ""removed_tool_ids"": [], ""right_hand_translation_m"": null, ""selected_step"": ""r1_gear_rod"", ""step_attempt"": 1, ""step_elapsed_s"": 4.821077506989241, ""step_event_index"": 8, ""total_hand_translation_m"": null, ""trial_finished_elapsed_s"": null, ""trial_recording"": true, ""trial_required_tool_ids"": [14, 26, 33]}"
2026-09-03T21:44:25.368-04:00,junhyun,task_aware,speech_started,lifecycle,r1_gear_rod,Row 1.2: assemble gear rod,ready,1,9,,,,6.968384,,,,,,,,,,,,,,,,,,,,,"{""acquired_tool_ids"": [], ""acquisition_complete"": false, ""completed_steps"": [], ""head_rotation_deg"": null, ""head_translation_m"": null, ""left_hand_translation_m"": null, ""removed_tool_ids"": [], ""right_hand_translation_m"": null, ""selected_step"": ""r1_gear_rod"", ""step_attempt"": 1, ""step_elapsed_s"": 6.968401373014785, ""step_event_index"": 9, ""total_hand_translation_m"": null, ""trial_finished_elapsed_s"": null, ""trial_recording"": true, ""trial_required_tool_ids"": [14, 26, 33]}"
2026-09-03T21:44:26.885-04:00,junhyun,task_aware,vlm_inference_completed,lifecycle,r1_gear_rod,Row 1.2: assemble gear rod,ready,1,10,,,,8.486294,,,,,,,,,,,,,,,,wooden pin,,,PIN,,"{""acquired_tool_ids"": [], ""acquisition_complete"": false, ""completed_steps"": [], ""head_rotation_deg"": null, ""head_translation_m"": null, ""left_hand_translation_m"": null, ""removed_tool_ids"": [], ""right_hand_translation_m"": null, ""selected_step"": ""r1_gear_rod"", ""step_attempt"": 1, ""step_elapsed_s"": 8.486304300953634, ""step_event_index"": 10, ""total_hand_translation_m"": null, ""trial_finished_elapsed_s"": null, ""trial_recording"": true, ""trial_required_tool_ids"": [14, 26, 33]}"
2026-09-03T21:44:26.946-04:00,junhyun,task_aware,vlm_interaction,language,r1_gear_rod,Row 1.2: assemble gear rod,ready,1,11,,,,,,,,,,,,,,,,,,,,wooden pin,PIN,"{""intent"":""part_reference"",""part_action"":""reference"",""reference_relation"":""direct"",""step_scope"":"""",""target"":""PIN"",""candidates"":[],""exclude_labels"":[]}",language_grounded,I identified and highlighted the wooden retaining pin.,"{""acquired_tool_ids"": [], ""acquisition_complete"": false, ""completed_steps"": [], ""head_rotation_deg"": null, ""head_translation_m"": null, ""left_hand_translation_m"": null, ""removed_tool_ids"": [], ""right_hand_translation_m"": null, ""selected_step"": ""r1_gear_rod"", ""step_attempt"": 1, ""step_elapsed_s"": 8.546987844980322, ""step_event_index"": 11, ""total_hand_translation_m"": null, ""trial_finished_elapsed_s"": null, ""trial_recording"": true, ""trial_required_tool_ids"": [14, 26, 33]}"
2026-09-03T21:44:26.996-04:00,junhyun,task_aware,part_selection,language,r1_gear_rod,Row 1.2: assemble gear rod,ready,1,12,33,PINS,8.596760,8.596760,,,,,,,,,,,,,,,1,,,,,,"{""acquired_tool_ids"": [33], ""acquisition_complete"": false, ""completed_steps"": [], ""head_rotation_deg"": null, ""head_translation_m"": null, ""left_hand_translation_m"": null, ""removed_tool_ids"": [], ""right_hand_translation_m"": null, ""selected_step"": ""r1_gear_rod"", ""step_attempt"": 1, ""step_elapsed_s"": 8.596801475971006, ""step_event_index"": 12, ""total_hand_translation_m"": null, ""trial_finished_elapsed_s"": null, ""trial_recording"": true, ""trial_required_tool_ids"": [14, 26, 33]}"
2026-09-03T21:44:27.009-04:00,junhyun,task_aware,object_acquired,language,r1_gear_rod,Row 1.2: assemble gear rod,ready,1,13,33,PINS,8.596760,8.596760,,,,,,,,,,,,,,,1,,,,,,"{""acquired_tool_ids"": [33], ""acquisition_complete"": false, ""completed_steps"": [], ""head_rotation_deg"": null, ""head_translation_m"": null, ""left_hand_translation_m"": null, ""removed_tool_ids"": [], ""right_hand_translation_m"": null, ""selected_step"": ""r1_gear_rod"", ""step_attempt"": 1, ""step_elapsed_s"": 8.61027310998179, ""step_event_index"": 13, ""total_hand_translation_m"": null, ""trial_finished_elapsed_s"": null, ""trial_recording"": true, ""trial_required_tool_ids"": [14, 26, 33]}"
2026-09-03T21:44:27.024-04:00,junhyun,task_aware,tts_queued,lifecycle,r1_gear_rod,Row 1.2: assemble gear rod,ready,1,14,,,,8.625324,,,,,,,,,,,,,,,,2 parts left.,,,replace,,"{""acquired_tool_ids"": [33], ""acquisition_complete"": false, ""completed_steps"": [], ""head_rotation_deg"": null, ""head_translation_m"": null, ""left_hand_translation_m"": null, ""removed_tool_ids"": [], ""right_hand_translation_m"": null, ""selected_step"": ""r1_gear_rod"", ""step_attempt"": 1, ""step_elapsed_s"": 8.62533261300996, ""step_event_index"": 14, ""total_hand_translation_m"": null, ""trial_finished_elapsed_s"": null, ""trial_recording"": true, ""trial_required_tool_ids"": [14, 26, 33]}"
2026-09-03T21:44:27.074-04:00,junhyun,task_aware,tts_started,lifecycle,r1_gear_rod,Row 1.2: assemble gear rod,ready,1,15,,,,8.675085,,,,,,,,,,,,,,,,2 parts left.,,,,,"{""acquired_tool_ids"": [33], ""acquisition_complete"": false, ""completed_steps"": [], ""head_rotation_deg"": null, ""head_translation_m"": null, ""left_hand_translation_m"": null, ""removed_tool_ids"": [], ""right_hand_translation_m"": null, ""selected_step"": ""r1_gear_rod"", ""step_attempt"": 1, ""step_elapsed_s"": 8.67509951791726, ""step_event_index"": 15, ""total_hand_translation_m"": null, ""trial_finished_elapsed_s"": null, ""trial_recording"": true, ""trial_required_tool_ids"": [14, 26, 33]}"
2026-09-03T21:44:27.611-04:00,junhyun,task_aware,speech_capture_ended,lifecycle,r1_gear_rod,Row 1.2: assemble gear rod,ready,1,16,,,,9.212051,,,,,,,,,,,,,,,,,,,,,"{""acquired_tool_ids"": [33], ""acquisition_complete"": false, ""completed_steps"": [], ""head_rotation_deg"": null, ""head_translation_m"": null, ""left_hand_translation_m"": null, ""removed_tool_ids"": [], ""right_hand_translation_m"": null, ""selected_step"": ""r1_gear_rod"", ""step_attempt"": 1, ""step_elapsed_s"": 9.212061280966736, ""step_event_index"": 16, ""total_hand_translation_m"": null, ""trial_finished_elapsed_s"": null, ""trial_recording"": true, ""trial_required_tool_ids"": [14, 26, 33]}"
2026-09-03T21:44:27.693-04:00,junhyun,task_aware,asr_started,lifecycle,r1_gear_rod,Row 1.2: assemble gear rod,ready,1,17,,,,9.294059,,,,,,,,,,,,,,,,,,,,,"{""acquired_tool_ids"": [33], ""acquisition_complete"": false, ""completed_steps"": [], ""head_rotation_deg"": null, ""head_translation_m"": null, ""left_hand_translation_m"": null, ""removed_tool_ids"": [], ""right_hand_translation_m"": null, ""selected_step"": ""r1_gear_rod"", ""step_attempt"": 1, ""step_elapsed_s"": 9.294089542003348, ""step_event_index"": 17, ""total_hand_translation_m"": null, ""trial_finished_elapsed_s"": null, ""trial_recording"": true, ""trial_required_tool_ids"": [14, 26, 33]}"
2026-09-03T21:44:27.766-04:00,junhyun,task_aware,asr_completed,lifecycle,r1_gear_rod,Row 1.2: assemble gear rod,ready,1,18,,,,9.366821,,,,,,,,,,,,,,,,White gear.,,,,,"{""acquired_tool_ids"": [33], ""acquisition_complete"": false, ""completed_steps"": [], ""head_rotation_deg"": null, ""head_translation_m"": null, ""left_hand_translation_m"": null, ""removed_tool_ids"": [], ""right_hand_translation_m"": null, ""selected_step"": ""r1_gear_rod"", ""step_attempt"": 1, ""step_elapsed_s"": 9.366838792921044, ""step_event_index"": 18, ""total_hand_translation_m"": null, ""trial_finished_elapsed_s"": null, ""trial_recording"": true, ""trial_required_tool_ids"": [14, 26, 33]}"
2026-09-03T21:44:27.801-04:00,junhyun,task_aware,transcript_ignored_during_tts,lifecycle,r1_gear_rod,Row 1.2: assemble gear rod,ready,1,19,,,,9.401798,,,,,,,,,,,,,,,,White gear.,,,,,"{""acquired_tool_ids"": [33], ""acquisition_complete"": false, ""completed_steps"": [], ""head_rotation_deg"": null, ""head_translation_m"": null, ""left_hand_translation_m"": null, ""removed_tool_ids"": [], ""right_hand_translation_m"": null, ""selected_step"": ""r1_gear_rod"", ""step_attempt"": 1, ""step_elapsed_s"": 9.401810584007762, ""step_event_index"": 19, ""total_hand_translation_m"": null, ""trial_finished_elapsed_s"": null, ""trial_recording"": true, ""trial_required_tool_ids"": [14, 26, 33]}"
2026-09-03T21:44:28.336-04:00,junhyun,task_aware,participant_speech_submitted,speech,r1_gear_rod,Row 1.2: assemble gear rod,ready,1,20,,,,9.937015,,,,,,,,,,,,,,,,white gear,,,speech_proxy,,"{""acquired_tool_ids"": [33], ""acquisition_complete"": false, ""completed_steps"": [], ""head_rotation_deg"": null, ""head_translation_m"": null, ""left_hand_translation_m"": null, ""removed_tool_ids"": [], ""right_hand_translation_m"": null, ""selected_step"": ""r1_gear_rod"", ""step_attempt"": 1, ""step_elapsed_s"": 9.937027522013523, ""step_event_index"": 20, ""total_hand_translation_m"": null, ""trial_finished_elapsed_s"": null, ""trial_recording"": true, ""trial_required_tool_ids"": [14, 26, 33]}"
2026-09-03T21:44:28.374-04:00,junhyun,task_aware,tts_finished,lifecycle,r1_gear_rod,Row 1.2: assemble gear rod,ready,1,21,,,,9.970700,,,,,,,,,,,,,,,,2 parts left.,,,,,"{""acquired_tool_ids"": [33], ""acquisition_complete"": false, ""completed_steps"": [], ""head_rotation_deg"": null, ""head_translation_m"": null, ""left_hand_translation_m"": null, ""removed_tool_ids"": [], ""right_hand_translation_m"": null, ""selected_step"": ""r1_gear_rod"", ""step_attempt"": 1, ""step_elapsed_s"": 9.970709083019756, ""step_event_index"": 21, ""total_hand_translation_m"": null, ""trial_finished_elapsed_s"": null, ""trial_recording"": true, ""trial_required_tool_ids"": [14, 26, 33]}"
2026-09-03T21:44:28.407-04:00,junhyun,task_aware,vlm_request_submitted,speech,r1_gear_rod,Row 1.2: assemble gear rod,ready,1,22,,,,9.979524,,,,,,,,,,,,,,,,white gear,,,speech_proxy,,"{""acquired_tool_ids"": [33], ""acquisition_complete"": false, ""completed_steps"": [], ""head_rotation_deg"": null, ""head_translation_m"": null, ""left_hand_translation_m"": null, ""removed_tool_ids"": [], ""right_hand_translation_m"": null, ""selected_step"": ""r1_gear_rod"", ""step_attempt"": 1, ""step_elapsed_s"": 9.979531763936393, ""step_event_index"": 22, ""total_hand_translation_m"": null, ""trial_finished_elapsed_s"": null, ""trial_recording"": true, ""trial_required_tool_ids"": [14, 26, 33]}"
2026-09-03T21:44:32.154-04:00,junhyun,task_aware,vlm_inference_completed,lifecycle,r1_gear_rod,Row 1.2: assemble gear rod,ready,1,23,,,,13.754646,,,,,,,,,,,,,,,,white gear,,,GEAR_ROW1_LEFT,,"{""acquired_tool_ids"": [33], ""acquisition_complete"": false, ""completed_steps"": [], ""head_rotation_deg"": null, ""head_translation_m"": null, ""left_hand_translation_m"": null, ""removed_tool_ids"": [], ""right_hand_translation_m"": null, ""selected_step"": ""r1_gear_rod"", ""step_attempt"": 1, ""step_elapsed_s"": 13.754655038006604, ""step_event_index"": 23, ""total_hand_translation_m"": null, ""trial_finished_elapsed_s"": null, ""trial_recording"": true, ""trial_required_tool_ids"": [14, 26, 33]}"
2026-09-03T21:44:32.200-04:00,junhyun,task_aware,vlm_interaction,language,r1_gear_rod,Row 1.2: assemble gear rod,ready,1,24,,,,,,,,,,,,,,,,,,,,white gear,GEAR_ROW1_LEFT,"{""intent"":""part_reference"",""part_action"":""reference"",""reference_relation"":""direct"",""step_scope"":"""",""target"":""GEAR_ROW1_LEFT"",""candidates"":[],""exclude_labels"":[]}",language_grounded,I identified and highlighted the Row 1 left gear.,"{""acquired_tool_ids"": [33], ""acquisition_complete"": false, ""completed_steps"": [], ""head_rotation_deg"": null, ""head_translation_m"": null, ""left_hand_translation_m"": null, ""removed_tool_ids"": [], ""right_hand_translation_m"": null, ""selected_step"": ""r1_gear_rod"", ""step_attempt"": 1, ""step_elapsed_s"": 13.800533565925434, ""step_event_index"": 24, ""total_hand_translation_m"": null, ""trial_finished_elapsed_s"": null, ""trial_recording"": true, ""trial_required_tool_ids"": [14, 26, 33]}"
2026-09-03T21:44:32.230-04:00,junhyun,task_aware,part_selection,language,r1_gear_rod,Row 1.2: assemble gear rod,ready,1,25,26,GEAR_ROW1_LEFT,5.233970,13.830730,,,,,,,,,,,,,,,1,,,,,,"{""acquired_tool_ids"": [26, 33], ""acquisition_complete"": false, ""completed_steps"": [], ""head_rotation_deg"": null, ""head_translation_m"": null, ""left_hand_translation_m"": null, ""removed_tool_ids"": [], ""right_hand_translation_m"": null, ""selected_step"": ""r1_gear_rod"", ""step_attempt"": 1, ""step_elapsed_s"": 13.830773415975273, ""step_event_index"": 25, ""total_hand_translation_m"": null, ""trial_finished_elapsed_s"": null, ""trial_recording"": true, ""trial_required_tool_ids"": [14, 26, 33]}"
2026-09-03T21:44:32.278-04:00,junhyun,task_aware,object_acquired,language,r1_gear_rod,Row 1.2: assemble gear rod,ready,1,26,26,GEAR_ROW1_LEFT,5.233970,13.830730,,,,,,,,,,,,,,,1,,,,,,"{""acquired_tool_ids"": [26, 33], ""acquisition_complete"": false, ""completed_steps"": [], ""head_rotation_deg"": null, ""head_translation_m"": null, ""left_hand_translation_m"": null, ""removed_tool_ids"": [], ""right_hand_translation_m"": null, ""selected_step"": ""r1_gear_rod"", ""step_attempt"": 1, ""step_elapsed_s"": 13.879314230987802, ""step_event_index"": 26, ""total_hand_translation_m"": null, ""trial_finished_elapsed_s"": null, ""trial_recording"": true, ""trial_required_tool_ids"": [14, 26, 33]}"
2026-09-03T21:44:32.329-04:00,junhyun,task_aware,tts_queued,lifecycle,r1_gear_rod,Row 1.2: assemble gear rod,ready,1,27,,,,13.929524,,,,,,,,,,,,,,,,1 part left.,,,replace,,"{""acquired_tool_ids"": [26, 33], ""acquisition_complete"": false, ""completed_steps"": [], ""head_rotation_deg"": null, ""head_translation_m"": null, ""left_hand_translation_m"": null, ""removed_tool_ids"": [], ""right_hand_translation_m"": null, ""selected_step"": ""r1_gear_rod"", ""step_attempt"": 1, ""step_elapsed_s"": 13.929536517942324, ""step_event_index"": 27, ""total_hand_translation_m"": null, ""trial_finished_elapsed_s"": null, ""trial_recording"": true, ""trial_required_tool_ids"": [14, 26, 33]}"
2026-09-03T21:44:32.374-04:00,junhyun,task_aware,tts_started,lifecycle,r1_gear_rod,Row 1.2: assemble gear rod,ready,1,28,,,,13.975166,,,,,,,,,,,,,,,,1 part left.,,,,,"{""acquired_tool_ids"": [26, 33], ""acquisition_complete"": false, ""completed_steps"": [], ""head_rotation_deg"": null, ""head_translation_m"": null, ""left_hand_translation_m"": null, ""removed_tool_ids"": [], ""right_hand_translation_m"": null, ""selected_step"": ""r1_gear_rod"", ""step_attempt"": 1, ""step_elapsed_s"": 13.975175425992347, ""step_event_index"": 28, ""total_hand_translation_m"": null, ""trial_finished_elapsed_s"": null, ""trial_recording"": true, ""trial_required_tool_ids"": [14, 26, 33]}"
2026-09-03T21:44:33.571-04:00,junhyun,task_aware,tts_finished,lifecycle,r1_gear_rod,Row 1.2: assemble gear rod,ready,1,29,,,,15.172082,,,,,,,,,,,,,,,,1 part left.,,,,,"{""acquired_tool_ids"": [26, 33], ""acquisition_complete"": false, ""completed_steps"": [], ""head_rotation_deg"": null, ""head_translation_m"": null, ""left_hand_translation_m"": null, ""removed_tool_ids"": [], ""right_hand_translation_m"": null, ""selected_step"": ""r1_gear_rod"", ""step_attempt"": 1, ""step_elapsed_s"": 15.17209174996242, ""step_event_index"": 29, ""total_hand_translation_m"": null, ""trial_finished_elapsed_s"": null, ""trial_recording"": true, ""trial_required_tool_ids"": [14, 26, 33]}"
2026-09-03T21:44:35.989-04:00,junhyun,task_aware,speech_started,lifecycle,r1_gear_rod,Row 1.2: assemble gear rod,ready,1,30,,,,17.589853,,,,,,,,,,,,,,,,,,,,,"{""acquired_tool_ids"": [26, 33], ""acquisition_complete"": false, ""completed_steps"": [], ""head_rotation_deg"": null, ""head_translation_m"": null, ""left_hand_translation_m"": null, ""removed_tool_ids"": [], ""right_hand_translation_m"": null, ""selected_step"": ""r1_gear_rod"", ""step_attempt"": 1, ""step_elapsed_s"": 17.589864279027097, ""step_event_index"": 30, ""total_hand_translation_m"": null, ""trial_finished_elapsed_s"": null, ""trial_recording"": true, ""trial_required_tool_ids"": [14, 26, 33]}"
2026-09-03T21:44:38.926-04:00,junhyun,task_aware,speech_capture_ended,lifecycle,r1_gear_rod,Row 1.2: assemble gear rod,ready,1,31,,,,20.526750,,,,,,,,,,,,,,,,,,,,,"{""acquired_tool_ids"": [26, 33], ""acquisition_complete"": false, ""completed_steps"": [], ""head_rotation_deg"": null, ""head_translation_m"": null, ""left_hand_translation_m"": null, ""removed_tool_ids"": [], ""right_hand_translation_m"": null, ""selected_step"": ""r1_gear_rod"", ""step_attempt"": 1, ""step_elapsed_s"": 20.526761170011014, ""step_event_index"": 31, ""total_hand_translation_m"": null, ""trial_finished_elapsed_s"": null, ""trial_recording"": true, ""trial_required_tool_ids"": [14, 26, 33]}"
2026-09-03T21:44:38.978-04:00,junhyun,task_aware,asr_started,lifecycle,r1_gear_rod,Row 1.2: assemble gear rod,ready,1,32,,,,20.578742,,,,,,,,,,,,,,,,,,,,,"{""acquired_tool_ids"": [26, 33], ""acquisition_complete"": false, ""completed_steps"": [], ""head_rotation_deg"": null, ""head_translation_m"": null, ""left_hand_translation_m"": null, ""removed_tool_ids"": [], ""right_hand_translation_m"": null, ""selected_step"": ""r1_gear_rod"", ""step_attempt"": 1, ""step_elapsed_s"": 20.578753059031442, ""step_event_index"": 32, ""total_hand_translation_m"": null, ""trial_finished_elapsed_s"": null, ""trial_recording"": true, ""trial_required_tool_ids"": [14, 26, 33]}"
2026-09-03T21:44:39.014-04:00,junhyun,task_aware,asr_completed,lifecycle,r1_gear_rod,Row 1.2: assemble gear rod,ready,1,33,,,,20.615278,,,,,,,,,,,,,,,,White Gear Road.,,,,,"{""acquired_tool_ids"": [26, 33], ""acquisition_complete"": false, ""completed_steps"": [], ""head_rotation_deg"": null, ""head_translation_m"": null, ""left_hand_translation_m"": null, ""removed_tool_ids"": [], ""right_hand_translation_m"": null, ""selected_step"": ""r1_gear_rod"", ""step_attempt"": 1, ""step_elapsed_s"": 20.61528523999732, ""step_event_index"": 33, ""total_hand_translation_m"": null, ""trial_finished_elapsed_s"": null, ""trial_recording"": true, ""trial_required_tool_ids"": [14, 26, 33]}"
2026-09-03T21:44:39.534-04:00,junhyun,task_aware,participant_speech_submitted,speech,r1_gear_rod,Row 1.2: assemble gear rod,ready,1,34,,,,21.134532,,,,,,,,,,,,,,,,white gear rod,,,speech_proxy,,"{""acquired_tool_ids"": [26, 33], ""acquisition_complete"": false, ""completed_steps"": [], ""head_rotation_deg"": null, ""head_translation_m"": null, ""left_hand_translation_m"": null, ""removed_tool_ids"": [], ""right_hand_translation_m"": null, ""selected_step"": ""r1_gear_rod"", ""step_attempt"": 1, ""step_elapsed_s"": 21.1345417649718, ""step_event_index"": 34, ""total_hand_translation_m"": null, ""trial_finished_elapsed_s"": null, ""trial_recording"": true, ""trial_required_tool_ids"": [14, 26, 33]}"
2026-09-03T21:44:39.576-04:00,junhyun,task_aware,vlm_request_submitted,speech,r1_gear_rod,Row 1.2: assemble gear rod,ready,1,35,,,,21.176442,,,,,,,,,,,,,,,,white gear rod,,,speech_proxy,,"{""acquired_tool_ids"": [26, 33], ""acquisition_complete"": false, ""completed_steps"": [], ""head_rotation_deg"": null, ""head_translation_m"": null, ""left_hand_translation_m"": null, ""removed_tool_ids"": [], ""right_hand_translation_m"": null, ""selected_step"": ""r1_gear_rod"", ""step_attempt"": 1, ""step_elapsed_s"": 21.176450398983434, ""step_event_index"": 35, ""total_hand_translation_m"": null, ""trial_finished_elapsed_s"": null, ""trial_recording"": true, ""trial_required_tool_ids"": [14, 26, 33]}"
2026-09-03T21:44:43.393-04:00,junhyun,task_aware,vlm_inference_completed,lifecycle,r1_gear_rod,Row 1.2: assemble gear rod,ready,1,36,,,,24.993627,,,,,,,,,,,,,,,,white gear rod,,,GEAR_ROD_ROW1,,"{""acquired_tool_ids"": [26, 33], ""acquisition_complete"": false, ""completed_steps"": [], ""head_rotation_deg"": null, ""head_translation_m"": null, ""left_hand_translation_m"": null, ""removed_tool_ids"": [], ""right_hand_translation_m"": null, ""selected_step"": ""r1_gear_rod"", ""step_attempt"": 1, ""step_elapsed_s"": 24.993635901017115, ""step_event_index"": 36, ""total_hand_translation_m"": null, ""trial_finished_elapsed_s"": null, ""trial_recording"": true, ""trial_required_tool_ids"": [14, 26, 33]}"
2026-09-03T21:44:43.455-04:00,junhyun,task_aware,vlm_interaction,language,r1_gear_rod,Row 1.2: assemble gear rod,ready,1,37,,,,,,,,,,,,,,,,,,,,white gear rod,GEAR_ROD_ROW1,"{""intent"":""part_reference"",""part_action"":""reference"",""reference_relation"":""direct"",""step_scope"":"""",""target"":""GEAR_ROD_ROW1"",""candidates"":[],""exclude_labels"":[]}",language_grounded,I identified and highlighted the Row 1 gear rod.,"{""acquired_tool_ids"": [26, 33], ""acquisition_complete"": false, ""completed_steps"": [], ""head_rotation_deg"": null, ""head_translation_m"": null, ""left_hand_translation_m"": null, ""removed_tool_ids"": [], ""right_hand_translation_m"": null, ""selected_step"": ""r1_gear_rod"", ""step_attempt"": 1, ""step_elapsed_s"": 25.056231108959764, ""step_event_index"": 37, ""total_hand_translation_m"": null, ""trial_finished_elapsed_s"": null, ""trial_recording"": true, ""trial_required_tool_ids"": [14, 26, 33]}"
2026-09-03T21:44:43.481-04:00,junhyun,task_aware,part_selection,language,r1_gear_rod,Row 1.2: assemble gear rod,ready,1,38,14,GEAR_ROD_ROW1,11.250669,25.081400,,,,,,,,,,,,,,,1,,,,,,"{""acquired_tool_ids"": [14, 26, 33], ""acquisition_complete"": false, ""completed_steps"": [], ""head_rotation_deg"": null, ""head_translation_m"": null, ""left_hand_translation_m"": null, ""removed_tool_ids"": [], ""right_hand_translation_m"": null, ""selected_step"": ""r1_gear_rod"", ""step_attempt"": 1, ""step_elapsed_s"": 25.081439916975796, ""step_event_index"": 38, ""total_hand_translation_m"": null, ""trial_finished_elapsed_s"": null, ""trial_recording"": true, ""trial_required_tool_ids"": [14, 26, 33]}"
2026-09-03T21:44:43.524-04:00,junhyun,task_aware,object_acquired,language,r1_gear_rod,Row 1.2: assemble gear rod,ready,1,39,14,GEAR_ROD_ROW1,11.250669,25.081400,,,,,,,,,,,,,,,1,,,,,,"{""acquired_tool_ids"": [14, 26, 33], ""acquisition_complete"": false, ""completed_steps"": [], ""head_rotation_deg"": null, ""head_translation_m"": null, ""left_hand_translation_m"": null, ""removed_tool_ids"": [], ""right_hand_translation_m"": null, ""selected_step"": ""r1_gear_rod"", ""step_attempt"": 1, ""step_elapsed_s"": 25.124424854991958, ""step_event_index"": 39, ""total_hand_translation_m"": null, ""trial_finished_elapsed_s"": null, ""trial_recording"": true, ""trial_required_tool_ids"": [14, 26, 33]}"
2026-09-03T21:44:43.549-04:00,junhyun,task_aware,step_acquisition_complete,language,r1_gear_rod,Row 1.2: assemble gear rod,ready,1,40,,,,25.149633,0.476459,118.961299,0.568143,1.228446,1.796588,0.000000,0.000000,0.000000,0.000000,0,0,0.000000,0.000000,0.000000,,,,,,,"{""acquired_tool_ids"": [14, 26, 33], ""acquisition_complete"": true, ""any_hover_time_s"": 0.0, ""completed_steps"": [], ""head_rotation_deg"": 118.96129853263761, ""head_translation_m"": 0.47645945509227816, ""hover_time_percent"": 0.0, ""left_hand_translation_m"": 0.5681427987082055, ""left_hover_episodes"": 0, ""left_hover_time_s"": 0.0, ""left_hover_translation_m"": 0.0, ""removed_tool_ids"": [14, 26], ""right_hand_translation_m"": 1.2284455387192086, ""right_hover_episodes"": 0, ""right_hover_time_s"": 0.0, ""right_hover_translation_m"": 0.0, ""selected_step"": ""r1_gear_rod"", ""step_attempt"": 1, ""step_elapsed_s"": 25.149632973014377, ""step_event_index"": 40, ""total_hand_translation_m"": 1.796588337427414, ""total_hover_translation_m"": 0.0, ""trial_finished_elapsed_s"": 25.149632973014377, ""trial_recording"": false, ""trial_required_tool_ids"": [14, 26, 33]}"
2026-09-03T21:44:43.571-04:00,junhyun,task_aware,graph_complete,,r1_gear_rod,Row 1.2: assemble gear rod,complete,1,41,,,,,,,,,,,,,,,,,,,,,,,,,"{""acquired_tool_ids"": [14, 26, 33], ""acquisition_complete"": true, ""any_hover_time_s"": 0.0, ""completed_steps"": [""r1_gear_rod""], ""head_rotation_deg"": 118.96129853263761, ""head_translation_m"": 0.47645945509227816, ""hover_time_percent"": 0.0, ""left_hand_translation_m"": 0.5681427987082055, ""left_hover_episodes"": 0, ""left_hover_time_s"": 0.0, ""left_hover_translation_m"": 0.0, ""removed_tool_ids"": [14, 26], ""right_hand_translation_m"": 1.2284455387192086, ""right_hover_episodes"": 0, ""right_hover_time_s"": 0.0, ""right_hover_translation_m"": 0.0, ""selected_step"": ""r1_gear_rod"", ""step_attempt"": 1, ""step_elapsed_s"": 25.149632973014377, ""step_event_index"": 41, ""total_hand_translation_m"": 1.796588337427414, ""total_hover_translation_m"": 0.0, ""trial_finished_elapsed_s"": 25.149632973014377, ""trial_recording"": false, ""trial_required_tool_ids"": [14, 26, 33]}"
2026-09-03T21:45:02.904-04:00,junhyun,task_aware,step_started,keyboard,r2_gear_rod,Row 2.2: assemble gear rod,ready,2,1,,,,,,,,,,,,,,,,,,,,,,,,,"{""acquired_tool_ids"": [], ""acquisition_complete"": false, ""completed_steps"": [""r1_gear_rod""], ""head_rotation_deg"": null, ""head_translation_m"": null, ""left_hand_translation_m"": null, ""removed_tool_ids"": [14, 26], ""right_hand_translation_m"": null, ""selected_step"": ""r2_gear_rod"", ""step_attempt"": 2, ""step_elapsed_s"": 0.0010714170057326555, ""step_event_index"": 1, ""total_hand_translation_m"": null, ""trial_finished_elapsed_s"": null, ""trial_recording"": true, ""trial_required_tool_ids"": [15, 27, 28]}"
2026-09-03T21:45:02.926-04:00,junhyun,task_aware,task_aware_highlight_presented,system,r2_gear_rod,Row 2.2: assemble gear rod,ready,2,2,,,,,,,,,,,,,,,,,,,,,"[15, 27, 28, 33]",,task_aware_proactive_highlight,,"{""acquired_tool_ids"": [], ""acquisition_complete"": false, ""completed_steps"": [""r1_gear_rod""], ""head_rotation_deg"": null, ""head_translation_m"": null, ""left_hand_translation_m"": null, ""removed_tool_ids"": [14, 26], ""right_hand_translation_m"": null, ""selected_step"": ""r2_gear_rod"", ""step_attempt"": 2, ""step_elapsed_s"": 0.02292802999727428, ""step_event_index"": 2, ""total_hand_translation_m"": null, ""trial_finished_elapsed_s"": null, ""trial_recording"": true, ""trial_required_tool_ids"": [15, 27, 28]}"
2026-09-03T21:45:04.300-04:00,junhyun,task_aware,speech_started,lifecycle,r2_gear_rod,Row 2.2: assemble gear rod,ready,2,3,,,,1.396639,,,,,,,,,,,,,,,,,,,,,"{""acquired_tool_ids"": [], ""acquisition_complete"": false, ""completed_steps"": [""r1_gear_rod""], ""head_rotation_deg"": null, ""head_translation_m"": null, ""left_hand_translation_m"": null, ""removed_tool_ids"": [14, 26], ""right_hand_translation_m"": null, ""selected_step"": ""r2_gear_rod"", ""step_attempt"": 2, ""step_elapsed_s"": 1.3966563829453662, ""step_event_index"": 3, ""total_hand_translation_m"": null, ""trial_finished_elapsed_s"": null, ""trial_recording"": true, ""trial_required_tool_ids"": [15, 27, 28]}"
2026-09-03T21:45:06.310-04:00,junhyun,task_aware,speech_capture_ended,lifecycle,r2_gear_rod,Row 2.2: assemble gear rod,ready,2,4,,,,3.407414,,,,,,,,,,,,,,,,,,,,,"{""acquired_tool_ids"": [], ""acquisition_complete"": false, ""completed_steps"": [""r1_gear_rod""], ""head_rotation_deg"": null, ""head_translation_m"": null, ""left_hand_translation_m"": null, ""removed_tool_ids"": [14, 26], ""right_hand_translation_m"": null, ""selected_step"": ""r2_gear_rod"", ""step_attempt"": 2, ""step_elapsed_s"": 3.407423348980956, ""step_event_index"": 4, ""total_hand_translation_m"": null, ""trial_finished_elapsed_s"": null, ""trial_recording"": true, ""trial_required_tool_ids"": [15, 27, 28]}"
2026-09-03T21:45:06.375-04:00,junhyun,task_aware,asr_completed,lifecycle,r2_gear_rod,Row 2.2: assemble gear rod,ready,2,5,,,,3.471839,,,,,,,,,,,,,,,,Giraud.,,,,,"{""acquired_tool_ids"": [], ""acquisition_complete"": false, ""completed_steps"": [""r1_gear_rod""], ""head_rotation_deg"": null, ""head_translation_m"": null, ""left_hand_translation_m"": null, ""removed_tool_ids"": [14, 26], ""right_hand_translation_m"": null, ""selected_step"": ""r2_gear_rod"", ""step_attempt"": 2, ""step_elapsed_s"": 3.471848089946434, ""step_event_index"": 5, ""total_hand_translation_m"": null, ""trial_finished_elapsed_s"": null, ""trial_recording"": true, ""trial_required_tool_ids"": [15, 27, 28]}"
2026-09-03T21:45:06.441-04:00,junhyun,task_aware,participant_speech_submitted,speech,r2_gear_rod,Row 2.2: assemble gear rod,ready,2,6,,,,3.537914,,,,,,,,,,,,,,,,gear rod,,,speech_proxy,,"{""acquired_tool_ids"": [], ""acquisition_complete"": false, ""completed_steps"": [""r1_gear_rod""], ""head_rotation_deg"": null, ""head_translation_m"": null, ""left_hand_translation_m"": null, ""removed_tool_ids"": [14, 26], ""right_hand_translation_m"": null, ""selected_step"": ""r2_gear_rod"", ""step_attempt"": 2, ""step_elapsed_s"": 3.5379268849501386, ""step_event_index"": 6, ""total_hand_translation_m"": null, ""trial_finished_elapsed_s"": null, ""trial_recording"": true, ""trial_required_tool_ids"": [15, 27, 28]}"
2026-09-03T21:45:06.491-04:00,junhyun,task_aware,vlm_request_submitted,speech,r2_gear_rod,Row 2.2: assemble gear rod,ready,2,7,,,,3.588337,,,,,,,,,,,,,,,,gear rod,,,speech_proxy,,"{""acquired_tool_ids"": [], ""acquisition_complete"": false, ""completed_steps"": [""r1_gear_rod""], ""head_rotation_deg"": null, ""head_translation_m"": null, ""left_hand_translation_m"": null, ""removed_tool_ids"": [14, 26], ""right_hand_translation_m"": null, ""selected_step"": ""r2_gear_rod"", ""step_attempt"": 2, ""step_elapsed_s"": 3.588348464923911, ""step_event_index"": 7, ""total_hand_translation_m"": null, ""trial_finished_elapsed_s"": null, ""trial_recording"": true, ""trial_required_tool_ids"": [15, 27, 28]}"
2026-09-03T21:45:10.443-04:00,junhyun,task_aware,vlm_inference_completed,lifecycle,r2_gear_rod,Row 2.2: assemble gear rod,ready,2,8,,,,7.539992,,,,,,,,,,,,,,,,gear rod,,,GEAR_ROD_ROW2,,"{""acquired_tool_ids"": [], ""acquisition_complete"": false, ""completed_steps"": [""r1_gear_rod""], ""head_rotation_deg"": null, ""head_translation_m"": null, ""left_hand_translation_m"": null, ""removed_tool_ids"": [14, 26], ""right_hand_translation_m"": null, ""selected_step"": ""r2_gear_rod"", ""step_attempt"": 2, ""step_elapsed_s"": 7.5400022469693795, ""step_event_index"": 8, ""total_hand_translation_m"": null, ""trial_finished_elapsed_s"": null, ""trial_recording"": true, ""trial_required_tool_ids"": [15, 27, 28]}"
2026-09-03T21:45:10.507-04:00,junhyun,task_aware,vlm_interaction,language,r2_gear_rod,Row 2.2: assemble gear rod,ready,2,9,,,,,,,,,,,,,,,,,,,,gear rod,GEAR_ROD_ROW2,"{""intent"":""part_reference"",""part_action"":""reference"",""reference_relation"":""direct"",""step_scope"":"""",""target"":""GEAR_ROD_ROW2"",""candidates"":[],""exclude_labels"":[]}",language_grounded,I identified and highlighted the Row 2 gear rod.,"{""acquired_tool_ids"": [], ""acquisition_complete"": false, ""completed_steps"": [""r1_gear_rod""], ""head_rotation_deg"": null, ""head_translation_m"": null, ""left_hand_translation_m"": null, ""removed_tool_ids"": [14, 26], ""right_hand_translation_m"": null, ""selected_step"": ""r2_gear_rod"", ""step_attempt"": 2, ""step_elapsed_s"": 7.604053369956091, ""step_event_index"": 9, ""total_hand_translation_m"": null, ""trial_finished_elapsed_s"": null, ""trial_recording"": true, ""trial_required_tool_ids"": [15, 27, 28]}"
2026-09-03T21:45:10.549-04:00,junhyun,task_aware,part_selection,language,r2_gear_rod,Row 2.2: assemble gear rod,ready,2,10,15,GEAR_ROD_ROW2,7.646381,7.646381,,,,,,,,,,,,,,,1,,,,,,"{""acquired_tool_ids"": [15], ""acquisition_complete"": false, ""completed_steps"": [""r1_gear_rod""], ""head_rotation_deg"": null, ""head_translation_m"": null, ""left_hand_translation_m"": null, ""removed_tool_ids"": [14, 26], ""right_hand_translation_m"": null, ""selected_step"": ""r2_gear_rod"", ""step_attempt"": 2, ""step_elapsed_s"": 7.646447954932228, ""step_event_index"": 10, ""total_hand_translation_m"": null, ""trial_finished_elapsed_s"": null, ""trial_recording"": true, ""trial_required_tool_ids"": [15, 27, 28]}"
2026-09-03T21:45:10.575-04:00,junhyun,task_aware,object_acquired,language,r2_gear_rod,Row 2.2: assemble gear rod,ready,2,11,15,GEAR_ROD_ROW2,7.646381,7.646381,,,,,,,,,,,,,,,1,,,,,,"{""acquired_tool_ids"": [15], ""acquisition_complete"": false, ""completed_steps"": [""r1_gear_rod""], ""head_rotation_deg"": null, ""head_translation_m"": null, ""left_hand_translation_m"": null, ""removed_tool_ids"": [14, 26], ""right_hand_translation_m"": null, ""selected_step"": ""r2_gear_rod"", ""step_attempt"": 2, ""step_elapsed_s"": 7.6725238299695775, ""step_event_index"": 11, ""total_hand_translation_m"": null, ""trial_finished_elapsed_s"": null, ""trial_recording"": true, ""trial_required_tool_ids"": [15, 27, 28]}"
2026-09-03T21:45:10.601-04:00,junhyun,task_aware,tts_queued,lifecycle,r2_gear_rod,Row 2.2: assemble gear rod,ready,2,12,,,,7.698285,,,,,,,,,,,,,,,,2 parts left.,,,replace,,"{""acquired_tool_ids"": [15], ""acquisition_complete"": false, ""completed_steps"": [""r1_gear_rod""], ""head_rotation_deg"": null, ""head_translation_m"": null, ""left_hand_translation_m"": null, ""removed_tool_ids"": [14, 26], ""right_hand_translation_m"": null, ""selected_step"": ""r2_gear_rod"", ""step_attempt"": 2, ""step_elapsed_s"": 7.698293564026244, ""step_event_index"": 12, ""total_hand_translation_m"": null, ""trial_finished_elapsed_s"": null, ""trial_recording"": true, ""trial_required_tool_ids"": [15, 27, 28]}"
2026-09-03T21:45:10.645-04:00,junhyun,task_aware,tts_started,lifecycle,r2_gear_rod,Row 2.2: assemble gear rod,ready,2,13,,,,7.742410,,,,,,,,,,,,,,,,2 parts left.,,,,,"{""acquired_tool_ids"": [15], ""acquisition_complete"": false, ""completed_steps"": [""r1_gear_rod""], ""head_rotation_deg"": null, ""head_translation_m"": null, ""left_hand_translation_m"": null, ""removed_tool_ids"": [14, 26], ""right_hand_translation_m"": null, ""selected_step"": ""r2_gear_rod"", ""step_attempt"": 2, ""step_elapsed_s"": 7.74242104194127, ""step_event_index"": 13, ""total_hand_translation_m"": null, ""trial_finished_elapsed_s"": null, ""trial_recording"": true, ""trial_required_tool_ids"": [15, 27, 28]}"
2026-09-03T21:45:10.793-04:00,junhyun,task_aware,speech_started,lifecycle,r2_gear_rod,Row 2.2: assemble gear rod,ready,2,14,,,,7.889885,,,,,,,,,,,,,,,,,,,,,"{""acquired_tool_ids"": [15], ""acquisition_complete"": false, ""completed_steps"": [""r1_gear_rod""], ""head_rotation_deg"": null, ""head_translation_m"": null, ""left_hand_translation_m"": null, ""removed_tool_ids"": [14, 26], ""right_hand_translation_m"": null, ""selected_step"": ""r2_gear_rod"", ""step_attempt"": 2, ""step_elapsed_s"": 7.889896892011166, ""step_event_index"": 14, ""total_hand_translation_m"": null, ""trial_finished_elapsed_s"": null, ""trial_recording"": true, ""trial_required_tool_ids"": [15, 27, 28]}"
2026-09-03T21:45:11.755-04:00,junhyun,task_aware,tts_finished,lifecycle,r2_gear_rod,Row 2.2: assemble gear rod,ready,2,15,,,,8.852506,,,,,,,,,,,,,,,,2 parts left.,,,,,"{""acquired_tool_ids"": [15], ""acquisition_complete"": false, ""completed_steps"": [""r1_gear_rod""], ""head_rotation_deg"": null, ""head_translation_m"": null, ""left_hand_translation_m"": null, ""removed_tool_ids"": [14, 26], ""right_hand_translation_m"": null, ""selected_step"": ""r2_gear_rod"", ""step_attempt"": 2, ""step_elapsed_s"": 8.852516063954681, ""step_event_index"": 15, ""total_hand_translation_m"": null, ""trial_finished_elapsed_s"": null, ""trial_recording"": true, ""trial_required_tool_ids"": [15, 27, 28]}"
2026-09-03T21:45:13.587-04:00,junhyun,task_aware,asr_completed,lifecycle,r2_gear_rod,Row 2.2: assemble gear rod,ready,2,16,,,,10.684429,,,,,,,,,,,,,,,,Almost agree on it. Okay.,,,,,"{""acquired_tool_ids"": [15], ""acquisition_complete"": false, ""completed_steps"": [""r1_gear_rod""], ""head_rotation_deg"": null, ""head_translation_m"": null, ""left_hand_translation_m"": null, ""removed_tool_ids"": [14, 26], ""right_hand_translation_m"": null, ""selected_step"": ""r2_gear_rod"", ""step_attempt"": 2, ""step_elapsed_s"": 10.684438786003739, ""step_event_index"": 16, ""total_hand_translation_m"": null, ""trial_finished_elapsed_s"": null, ""trial_recording"": true, ""trial_required_tool_ids"": [15, 27, 28]}"
2026-09-03T21:45:18.165-04:00,junhyun,task_aware,speech_capture_ended,lifecycle,r2_gear_rod,Row 2.2: assemble gear rod,ready,2,17,,,,15.262013,,,,,,,,,,,,,,,,,,,,,"{""acquired_tool_ids"": [15], ""acquisition_complete"": false, ""completed_steps"": [""r1_gear_rod""], ""head_rotation_deg"": null, ""head_translation_m"": null, ""left_hand_translation_m"": null, ""removed_tool_ids"": [14, 26], ""right_hand_translation_m"": null, ""selected_step"": ""r2_gear_rod"", ""step_attempt"": 2, ""step_elapsed_s"": 15.262022878974676, ""step_event_index"": 17, ""total_hand_translation_m"": null, ""trial_finished_elapsed_s"": null, ""trial_recording"": true, ""trial_required_tool_ids"": [15, 27, 28]}"
2026-09-03T21:45:18.207-04:00,junhyun,task_aware,asr_started,lifecycle,r2_gear_rod,Row 2.2: assemble gear rod,ready,2,18,,,,15.303884,,,,,,,,,,,,,,,,,,,,,"{""acquired_tool_ids"": [15], ""acquisition_complete"": false, ""completed_steps"": [""r1_gear_rod""], ""head_rotation_deg"": null, ""head_translation_m"": null, ""left_hand_translation_m"": null, ""removed_tool_ids"": [14, 26], ""right_hand_translation_m"": null, ""selected_step"": ""r2_gear_rod"", ""step_attempt"": 2, ""step_elapsed_s"": 15.303895902005024, ""step_event_index"": 18, ""total_hand_translation_m"": null, ""trial_finished_elapsed_s"": null, ""trial_recording"": true, ""trial_required_tool_ids"": [15, 27, 28]}"
2026-09-03T21:45:18.247-04:00,junhyun,task_aware,asr_completed,lifecycle,r2_gear_rod,Row 2.2: assemble gear rod,ready,2,19,,,,15.343656,,,,,,,,,,,,,,,,Uh uh small gear.,,,,,"{""acquired_tool_ids"": [15], ""acquisition_complete"": false, ""completed_steps"": [""r1_gear_rod""], ""head_rotation_deg"": null, ""head_translation_m"": null, ""left_hand_translation_m"": null, ""removed_tool_ids"": [14, 26], ""right_hand_translation_m"": null, ""selected_step"": ""r2_gear_rod"", ""step_attempt"": 2, ""step_elapsed_s"": 15.343665819964372, ""step_event_index"": 19, ""total_hand_translation_m"": null, ""trial_finished_elapsed_s"": null, ""trial_recording"": true, ""trial_required_tool_ids"": [15, 27, 28]}"
2026-09-03T21:45:18.478-04:00,junhyun,task_aware,participant_speech_submitted,speech,r2_gear_rod,Row 2.2: assemble gear rod,ready,2,20,,,,15.574580,,,,,,,,,,,,,,,,small gear,,,speech_proxy,,"{""acquired_tool_ids"": [15], ""acquisition_complete"": false, ""completed_steps"": [""r1_gear_rod""], ""head_rotation_deg"": null, ""head_translation_m"": null, ""left_hand_translation_m"": null, ""removed_tool_ids"": [14, 26], ""right_hand_translation_m"": null, ""selected_step"": ""r2_gear_rod"", ""step_attempt"": 2, ""step_elapsed_s"": 15.574589923024178, ""step_event_index"": 20, ""total_hand_translation_m"": null, ""trial_finished_elapsed_s"": null, ""trial_recording"": true, ""trial_required_tool_ids"": [15, 27, 28]}"
2026-09-03T21:45:18.522-04:00,junhyun,task_aware,vlm_request_submitted,speech,r2_gear_rod,Row 2.2: assemble gear rod,ready,2,21,,,,15.619128,,,,,,,,,,,,,,,,small gear,,,speech_proxy,,"{""acquired_tool_ids"": [15], ""acquisition_complete"": false, ""completed_steps"": [""r1_gear_rod""], ""head_rotation_deg"": null, ""head_translation_m"": null, ""left_hand_translation_m"": null, ""removed_tool_ids"": [14, 26], ""right_hand_translation_m"": null, ""selected_step"": ""r2_gear_rod"", ""step_attempt"": 2, ""step_elapsed_s"": 15.619138714973815, ""step_event_index"": 21, ""total_hand_translation_m"": null, ""trial_finished_elapsed_s"": null, ""trial_recording"": true, ""trial_required_tool_ids"": [15, 27, 28]}"
2026-09-03T21:45:22.344-04:00,junhyun,task_aware,vlm_inference_completed,lifecycle,r2_gear_rod,Row 2.2: assemble gear rod,ready,2,22,,,,19.441144,,,,,,,,,,,,,,,,small gear,,,GEAR_ROW2_LEFT,,"{""acquired_tool_ids"": [15], ""acquisition_complete"": false, ""completed_steps"": [""r1_gear_rod""], ""head_rotation_deg"": null, ""head_translation_m"": null, ""left_hand_translation_m"": null, ""removed_tool_ids"": [14, 26], ""right_hand_translation_m"": null, ""selected_step"": ""r2_gear_rod"", ""step_attempt"": 2, ""step_elapsed_s"": 19.441154345986433, ""step_event_index"": 22, ""total_hand_translation_m"": null, ""trial_finished_elapsed_s"": null, ""trial_recording"": true, ""trial_required_tool_ids"": [15, 27, 28]}"
2026-09-03T21:45:22.387-04:00,junhyun,task_aware,vlm_interaction,language,r2_gear_rod,Row 2.2: assemble gear rod,ready,2,23,,,,,,,,,,,,,,,,,,,,small gear,GEAR_ROW2_LEFT,"{""intent"":""part_reference"",""part_action"":""reference"",""reference_relation"":""direct"",""step_scope"":"""",""target"":""GEAR_ROW2_LEFT"",""candidates"":[],""exclude_labels"":[]}",language_grounded,I identified and highlighted the Row 2 left gear.,"{""acquired_tool_ids"": [15], ""acquisition_complete"": false, ""completed_steps"": [""r1_gear_rod""], ""head_rotation_deg"": null, ""head_translation_m"": null, ""left_hand_translation_m"": null, ""removed_tool_ids"": [14, 26], ""right_hand_translation_m"": null, ""selected_step"": ""r2_gear_rod"", ""step_attempt"": 2, ""step_elapsed_s"": 19.484223562991247, ""step_event_index"": 23, ""total_hand_translation_m"": null, ""trial_finished_elapsed_s"": null, ""trial_recording"": true, ""trial_required_tool_ids"": [15, 27, 28]}"
2026-09-03T21:45:22.411-04:00,junhyun,task_aware,part_selection,language,r2_gear_rod,Row 2.2: assemble gear rod,ready,2,24,27,GEAR_ROW2_LEFT,11.861329,19.507710,,,,,,,,,,,,,,,1,,,,,,"{""acquired_tool_ids"": [15, 27], ""acquisition_complete"": false, ""completed_steps"": [""r1_gear_rod""], ""head_rotation_deg"": null, ""head_translation_m"": null, ""left_hand_translation_m"": null, ""removed_tool_ids"": [14, 26], ""right_hand_translation_m"": null, ""selected_step"": ""r2_gear_rod"", ""step_attempt"": 2, ""step_elapsed_s"": 19.5077643339755, ""step_event_index"": 24, ""total_hand_translation_m"": null, ""trial_finished_elapsed_s"": null, ""trial_recording"": true, ""trial_required_tool_ids"": [15, 27, 28]}"
2026-09-03T21:45:22.450-04:00,junhyun,task_aware,object_acquired,language,r2_gear_rod,Row 2.2: assemble gear rod,ready,2,25,27,GEAR_ROW2_LEFT,11.861329,19.507710,,,,,,,,,,,,,,,1,,,,,,"{""acquired_tool_ids"": [15, 27], ""acquisition_complete"": false, ""completed_steps"": [""r1_gear_rod""], ""head_rotation_deg"": null, ""head_translation_m"": null, ""left_hand_translation_m"": null, ""removed_tool_ids"": [14, 26], ""right_hand_translation_m"": null, ""selected_step"": ""r2_gear_rod"", ""step_attempt"": 2, ""step_elapsed_s"": 19.547191925928928, ""step_event_index"": 25, ""total_hand_translation_m"": null, ""trial_finished_elapsed_s"": null, ""trial_recording"": true, ""trial_required_tool_ids"": [15, 27, 28]}"
2026-09-03T21:45:22.483-04:00,junhyun,task_aware,tts_queued,lifecycle,r2_gear_rod,Row 2.2: assemble gear rod,ready,2,26,,,,19.579757,,,,,,,,,,,,,,,,1 part left.,,,replace,,"{""acquired_tool_ids"": [15, 27], ""acquisition_complete"": false, ""completed_steps"": [""r1_gear_rod""], ""head_rotation_deg"": null, ""head_translation_m"": null, ""left_hand_translation_m"": null, ""removed_tool_ids"": [14, 26], ""right_hand_translation_m"": null, ""selected_step"": ""r2_gear_rod"", ""step_attempt"": 2, ""step_elapsed_s"": 19.57976771995891, ""step_event_index"": 26, ""total_hand_translation_m"": null, ""trial_finished_elapsed_s"": null, ""trial_recording"": true, ""trial_required_tool_ids"": [15, 27, 28]}"
2026-09-03T21:45:22.506-04:00,junhyun,task_aware,tts_started,lifecycle,r2_gear_rod,Row 2.2: assemble gear rod,ready,2,27,,,,19.602863,,,,,,,,,,,,,,,,1 part left.,,,,,"{""acquired_tool_ids"": [15, 27], ""acquisition_complete"": false, ""completed_steps"": [""r1_gear_rod""], ""head_rotation_deg"": null, ""head_translation_m"": null, ""left_hand_translation_m"": null, ""removed_tool_ids"": [14, 26], ""right_hand_translation_m"": null, ""selected_step"": ""r2_gear_rod"", ""step_attempt"": 2, ""step_elapsed_s"": 19.602873982978053, ""step_event_index"": 27, ""total_hand_translation_m"": null, ""trial_finished_elapsed_s"": null, ""trial_recording"": true, ""trial_required_tool_ids"": [15, 27, 28]}"
2026-09-03T21:45:23.879-04:00,junhyun,task_aware,tts_finished,lifecycle,r2_gear_rod,Row 2.2: assemble gear rod,ready,2,28,,,,20.975907,,,,,,,,,,,,,,,,1 part left.,,,,,"{""acquired_tool_ids"": [15, 27], ""acquisition_complete"": false, ""completed_steps"": [""r1_gear_rod""], ""head_rotation_deg"": null, ""head_translation_m"": null, ""left_hand_translation_m"": null, ""removed_tool_ids"": [14, 26], ""right_hand_translation_m"": null, ""selected_step"": ""r2_gear_rod"", ""step_attempt"": 2, ""step_elapsed_s"": 20.975917226984166, ""step_event_index"": 28, ""total_hand_translation_m"": null, ""trial_finished_elapsed_s"": null, ""trial_recording"": true, ""trial_required_tool_ids"": [15, 27, 28]}"
2026-09-03T21:45:24.512-04:00,junhyun,task_aware,speech_started,lifecycle,r2_gear_rod,Row 2.2: assemble gear rod,ready,2,29,,,,21.608953,,,,,,,,,,,,,,,,,,,,,"{""acquired_tool_ids"": [15, 27], ""acquisition_complete"": false, ""completed_steps"": [""r1_gear_rod""], ""head_rotation_deg"": null, ""head_translation_m"": null, ""left_hand_translation_m"": null, ""removed_tool_ids"": [14, 26], ""right_hand_translation_m"": null, ""selected_step"": ""r2_gear_rod"", ""step_attempt"": 2, ""step_elapsed_s"": 21.608964288956486, ""step_event_index"": 29, ""total_hand_translation_m"": null, ""trial_finished_elapsed_s"": null, ""trial_recording"": true, ""trial_required_tool_ids"": [15, 27, 28]}"
2026-09-03T21:45:26.580-04:00,junhyun,task_aware,participant_speech_submitted,speech,r2_gear_rod,Row 2.2: assemble gear rod,ready,2,30,,,,23.677092,,,,,,,,,,,,,,,,large gear,,,speech_proxy,,"{""acquired_tool_ids"": [15, 27], ""acquisition_complete"": false, ""completed_steps"": [""r1_gear_rod""], ""head_rotation_deg"": null, ""head_translation_m"": null, ""left_hand_translation_m"": null, ""removed_tool_ids"": [14, 26], ""right_hand_translation_m"": null, ""selected_step"": ""r2_gear_rod"", ""step_attempt"": 2, ""step_elapsed_s"": 23.677103632013313, ""step_event_index"": 30, ""total_hand_translation_m"": null, ""trial_finished_elapsed_s"": null, ""trial_recording"": true, ""trial_required_tool_ids"": [15, 27, 28]}"
2026-09-03T21:45:26.627-04:00,junhyun,task_aware,vlm_request_submitted,speech,r2_gear_rod,Row 2.2: assemble gear rod,ready,2,31,,,,23.723758,,,,,,,,,,,,,,,,large gear,,,speech_proxy,,"{""acquired_tool_ids"": [15, 27], ""acquisition_complete"": false, ""completed_steps"": [""r1_gear_rod""], ""head_rotation_deg"": null, ""head_translation_m"": null, ""left_hand_translation_m"": null, ""removed_tool_ids"": [14, 26], ""right_hand_translation_m"": null, ""selected_step"": ""r2_gear_rod"", ""step_attempt"": 2, ""step_elapsed_s"": 23.723770702956244, ""step_event_index"": 31, ""total_hand_translation_m"": null, ""trial_finished_elapsed_s"": null, ""trial_recording"": true, ""trial_required_tool_ids"": [15, 27, 28]}"
2026-09-03T21:45:26.659-04:00,junhyun,task_aware,speech_capture_ended,lifecycle,r2_gear_rod,Row 2.2: assemble gear rod,ready,2,32,,,,23.742568,,,,,,,,,,,,,,,,,,,,,"{""acquired_tool_ids"": [15, 27], ""acquisition_complete"": false, ""completed_steps"": [""r1_gear_rod""], ""head_rotation_deg"": null, ""head_translation_m"": null, ""left_hand_translation_m"": null, ""removed_tool_ids"": [14, 26], ""right_hand_translation_m"": null, ""selected_step"": ""r2_gear_rod"", ""step_attempt"": 2, ""step_elapsed_s"": 23.742577048018575, ""step_event_index"": 32, ""total_hand_translation_m"": null, ""trial_finished_elapsed_s"": null, ""trial_recording"": true, ""trial_required_tool_ids"": [15, 27, 28]}"
2026-09-03T21:45:26.694-04:00,junhyun,task_aware,asr_started,lifecycle,r2_gear_rod,Row 2.2: assemble gear rod,ready,2,33,,,,23.790717,,,,,,,,,,,,,,,,,,,,,"{""acquired_tool_ids"": [15, 27], ""acquisition_complete"": false, ""completed_steps"": [""r1_gear_rod""], ""head_rotation_deg"": null, ""head_translation_m"": null, ""left_hand_translation_m"": null, ""removed_tool_ids"": [14, 26], ""right_hand_translation_m"": null, ""selected_step"": ""r2_gear_rod"", ""step_attempt"": 2, ""step_elapsed_s"": 23.79072846903, ""step_event_index"": 33, ""total_hand_translation_m"": null, ""trial_finished_elapsed_s"": null, ""trial_recording"": true, ""trial_required_tool_ids"": [15, 27, 28]}"
2026-09-03T21:45:26.739-04:00,junhyun,task_aware,asr_completed,lifecycle,r2_gear_rod,Row 2.2: assemble gear rod,ready,2,34,,,,23.835837,,,,,,,,,,,,,,,,Large gear.,,,,,"{""acquired_tool_ids"": [15, 27], ""acquisition_complete"": false, ""completed_steps"": [""r1_gear_rod""], ""head_rotation_deg"": null, ""head_translation_m"": null, ""left_hand_translation_m"": null, ""removed_tool_ids"": [14, 26], ""right_hand_translation_m"": null, ""selected_step"": ""r2_gear_rod"", ""step_attempt"": 2, ""step_elapsed_s"": 23.835844627930783, ""step_event_index"": 34, ""total_hand_translation_m"": null, ""trial_finished_elapsed_s"": null, ""trial_recording"": true, ""trial_required_tool_ids"": [15, 27, 28]}"
2026-09-03T21:45:30.481-04:00,junhyun,task_aware,vlm_inference_completed,lifecycle,r2_gear_rod,Row 2.2: assemble gear rod,ready,2,35,,,,27.578151,,,,,,,,,,,,,,,,large gear,,,GEAR_ROW2_LEFT,,"{""acquired_tool_ids"": [15, 27], ""acquisition_complete"": false, ""completed_steps"": [""r1_gear_rod""], ""head_rotation_deg"": null, ""head_translation_m"": null, ""left_hand_translation_m"": null, ""removed_tool_ids"": [14, 26], ""right_hand_translation_m"": null, ""selected_step"": ""r2_gear_rod"", ""step_attempt"": 2, ""step_elapsed_s"": 27.5781607379904, ""step_event_index"": 35, ""total_hand_translation_m"": null, ""trial_finished_elapsed_s"": null, ""trial_recording"": true, ""trial_required_tool_ids"": [15, 27, 28]}"
2026-09-03T21:45:30.527-04:00,junhyun,task_aware,vlm_interaction,language,r2_gear_rod,Row 2.2: assemble gear rod,ready,2,36,,,,,,,,,,,,,,,,,,,,large gear,GEAR_ROW2_LEFT,"{""intent"":""part_reference"",""part_action"":""reference"",""reference_relation"":""direct"",""step_scope"":"""",""target"":""GEAR_ROW2_LEFT"",""candidates"":[],""exclude_labels"":[]}",selected_step_object_already_acquired,"Row 2 left gear is already covered by Row 2 left gear, which you selected. The remaining object for this step is Row 2 right gear and pin.","{""acquired_tool_ids"": [15, 27], ""acquisition_complete"": false, ""completed_steps"": [""r1_gear_rod""], ""head_rotation_deg"": null, ""head_translation_m"": null, ""left_hand_translation_m"": null, ""removed_tool_ids"": [14, 26], ""right_hand_translation_m"": null, ""selected_step"": ""r2_gear_rod"", ""step_attempt"": 2, ""step_elapsed_s"": 27.624073243001476, ""step_event_index"": 36, ""total_hand_translation_m"": null, ""trial_finished_elapsed_s"": null, ""trial_recording"": true, ""trial_required_tool_ids"": [15, 27, 28]}"
2026-09-03T21:45:40.070-04:00,junhyun,task_aware,speech_started,lifecycle,r2_gear_rod,Row 2.2: assemble gear rod,ready,2,37,,,,37.166868,,,,,,,,,,,,,,,,,,,,,"{""acquired_tool_ids"": [15, 27], ""acquisition_complete"": false, ""completed_steps"": [""r1_gear_rod""], ""head_rotation_deg"": null, ""head_translation_m"": null, ""left_hand_translation_m"": null, ""removed_tool_ids"": [14, 26], ""right_hand_translation_m"": null, ""selected_step"": ""r2_gear_rod"", ""step_attempt"": 2, ""step_elapsed_s"": 37.16688023600727, ""step_event_index"": 37, ""total_hand_translation_m"": null, ""trial_finished_elapsed_s"": null, ""trial_recording"": true, ""trial_required_tool_ids"": [15, 27, 28]}"
2026-09-03T21:45:43.323-04:00,junhyun,task_aware,speech_capture_ended,lifecycle,r2_gear_rod,Row 2.2: assemble gear rod,ready,2,38,,,,40.419732,,,,,,,,,,,,,,,,,,,,,"{""acquired_tool_ids"": [15, 27], ""acquisition_complete"": false, ""completed_steps"": [""r1_gear_rod""], ""head_rotation_deg"": null, ""head_translation_m"": null, ""left_hand_translation_m"": null, ""removed_tool_ids"": [14, 26], ""right_hand_translation_m"": null, ""selected_step"": ""r2_gear_rod"", ""step_attempt"": 2, ""step_elapsed_s"": 40.419748047948815, ""step_event_index"": 38, ""total_hand_translation_m"": null, ""trial_finished_elapsed_s"": null, ""trial_recording"": true, ""trial_required_tool_ids"": [15, 27, 28]}"
2026-09-03T21:45:43.394-04:00,junhyun,task_aware,asr_started,lifecycle,r2_gear_rod,Row 2.2: assemble gear rod,ready,2,39,,,,40.490861,,,,,,,,,,,,,,,,,,,,,"{""acquired_tool_ids"": [15, 27], ""acquisition_complete"": false, ""completed_steps"": [""r1_gear_rod""], ""head_rotation_deg"": null, ""head_translation_m"": null, ""left_hand_translation_m"": null, ""removed_tool_ids"": [14, 26], ""right_hand_translation_m"": null, ""selected_step"": ""r2_gear_rod"", ""step_attempt"": 2, ""step_elapsed_s"": 40.49088687694166, ""step_event_index"": 39, ""total_hand_translation_m"": null, ""trial_finished_elapsed_s"": null, ""trial_recording"": true, ""trial_required_tool_ids"": [15, 27, 28]}"
2026-09-03T21:45:43.724-04:00,junhyun,task_aware,speech_started,lifecycle,r2_gear_rod,Row 2.2: assemble gear rod,ready,2,40,,,,40.820858,,,,,,,,,,,,,,,,,,,,,"{""acquired_tool_ids"": [15, 27], ""acquisition_complete"": false, ""completed_steps"": [""r1_gear_rod""], ""head_rotation_deg"": null, ""head_translation_m"": null, ""left_hand_translation_m"": null, ""removed_tool_ids"": [14, 26], ""right_hand_translation_m"": null, ""selected_step"": ""r2_gear_rod"", ""step_attempt"": 2, ""step_elapsed_s"": 40.820871643023565, ""step_event_index"": 40, ""total_hand_translation_m"": null, ""trial_finished_elapsed_s"": null, ""trial_recording"": true, ""trial_required_tool_ids"": [15, 27, 28]}"
2026-09-03T21:45:45.892-04:00,junhyun,task_aware,speech_capture_ended,lifecycle,r2_gear_rod,Row 2.2: assemble gear rod,ready,2,41,,,,42.988754,,,,,,,,,,,,,,,,,,,,,"{""acquired_tool_ids"": [15, 27], ""acquisition_complete"": false, ""completed_steps"": [""r1_gear_rod""], ""head_rotation_deg"": null, ""head_translation_m"": null, ""left_hand_translation_m"": null, ""removed_tool_ids"": [14, 26], ""right_hand_translation_m"": null, ""selected_step"": ""r2_gear_rod"", ""step_attempt"": 2, ""step_elapsed_s"": 42.98876797396224, ""step_event_index"": 41, ""total_hand_translation_m"": null, ""trial_finished_elapsed_s"": null, ""trial_recording"": true, ""trial_required_tool_ids"": [15, 27, 28]}"
2026-09-03T21:45:45.952-04:00,junhyun,task_aware,asr_started,lifecycle,r2_gear_rod,Row 2.2: assemble gear rod,ready,2,42,,,,43.048599,,,,,,,,,,,,,,,,,,,,,"{""acquired_tool_ids"": [15, 27], ""acquisition_complete"": false, ""completed_steps"": [""r1_gear_rod""], ""head_rotation_deg"": null, ""head_translation_m"": null, ""left_hand_translation_m"": null, ""removed_tool_ids"": [14, 26], ""right_hand_translation_m"": null, ""selected_step"": ""r2_gear_rod"", ""step_attempt"": 2, ""step_elapsed_s"": 43.048624168965034, ""step_event_index"": 42, ""total_hand_translation_m"": null, ""trial_finished_elapsed_s"": null, ""trial_recording"": true, ""trial_required_tool_ids"": [15, 27, 28]}"
2026-09-03T21:45:45.983-04:00,junhyun,task_aware,asr_completed,lifecycle,r2_gear_rod,Row 2.2: assemble gear rod,ready,2,43,,,,43.080135,,,,,,,,,,,,,,,,Here on the right.,,,,,"{""acquired_tool_ids"": [15, 27], ""acquisition_complete"": false, ""completed_steps"": [""r1_gear_rod""], ""head_rotation_deg"": null, ""head_translation_m"": null, ""left_hand_translation_m"": null, ""removed_tool_ids"": [14, 26], ""right_hand_translation_m"": null, ""selected_step"": ""r2_gear_rod"", ""step_attempt"": 2, ""step_elapsed_s"": 43.080149531015195, ""step_event_index"": 43, ""total_hand_translation_m"": null, ""trial_finished_elapsed_s"": null, ""trial_recording"": true, ""trial_required_tool_ids"": [15, 27, 28]}"
2026-09-03T21:45:47.656-04:00,junhyun,task_aware,participant_speech_submitted,speech,r2_gear_rod,Row 2.2: assemble gear rod,ready,2,44,,,,44.753381,,,,,,,,,,,,,,,,gear on the right,,,speech_proxy,,"{""acquired_tool_ids"": [15, 27], ""acquisition_complete"": false, ""completed_steps"": [""r1_gear_rod""], ""head_rotation_deg"": null, ""head_translation_m"": null, ""left_hand_translation_m"": null, ""removed_tool_ids"": [14, 26], ""right_hand_translation_m"": null, ""selected_step"": ""r2_gear_rod"", ""step_attempt"": 2, ""step_elapsed_s"": 44.75339200801682, ""step_event_index"": 44, ""total_hand_translation_m"": null, ""trial_finished_elapsed_s"": null, ""trial_recording"": true, ""trial_required_tool_ids"": [15, 27, 28]}"
2026-09-03T21:45:47.708-04:00,junhyun,task_aware,vlm_request_submitted,speech,r2_gear_rod,Row 2.2: assemble gear rod,ready,2,45,,,,44.805143,,,,,,,,,,,,,,,,gear on the right,,,speech_proxy,,"{""acquired_tool_ids"": [15, 27], ""acquisition_complete"": false, ""completed_steps"": [""r1_gear_rod""], ""head_rotation_deg"": null, ""head_translation_m"": null, ""left_hand_translation_m"": null, ""removed_tool_ids"": [14, 26], ""right_hand_translation_m"": null, ""selected_step"": ""r2_gear_rod"", ""step_attempt"": 2, ""step_elapsed_s"": 44.80515538493637, ""step_event_index"": 45, ""total_hand_translation_m"": null, ""trial_finished_elapsed_s"": null, ""trial_recording"": true, ""trial_required_tool_ids"": [15, 27, 28]}"
2026-09-03T21:45:51.724-04:00,junhyun,task_aware,vlm_inference_completed,lifecycle,r2_gear_rod,Row 2.2: assemble gear rod,ready,2,46,,,,48.821422,,,,,,,,,,,,,,,,gear on the right,,,GEAR_ROW2_RIGHT,,"{""acquired_tool_ids"": [15, 27], ""acquisition_complete"": false, ""completed_steps"": [""r1_gear_rod""], ""head_rotation_deg"": null, ""head_translation_m"": null, ""left_hand_translation_m"": null, ""removed_tool_ids"": [14, 26], ""right_hand_translation_m"": null, ""selected_step"": ""r2_gear_rod"", ""step_attempt"": 2, ""step_elapsed_s"": 48.82143243995961, ""step_event_index"": 46, ""total_hand_translation_m"": null, ""trial_finished_elapsed_s"": null, ""trial_recording"": true, ""trial_required_tool_ids"": [15, 27, 28]}"
2026-09-03T21:45:51.774-04:00,junhyun,task_aware,vlm_interaction,language,r2_gear_rod,Row 2.2: assemble gear rod,ready,2,47,,,,,,,,,,,,,,,,,,,,gear on the right,GEAR_ROW2_RIGHT,"{""intent"":""part_reference"",""part_action"":""reference"",""reference_relation"":""direct"",""step_scope"":""selected_step"",""target"":""GEAR_ROW2_RIGHT"",""candidates"":[],""exclude_labels"":[]}",language_grounded,I identified and highlighted the Row 2 right gear.,"{""acquired_tool_ids"": [15, 27], ""acquisition_complete"": false, ""completed_steps"": [""r1_gear_rod""], ""head_rotation_deg"": null, ""head_translation_m"": null, ""left_hand_translation_m"": null, ""removed_tool_ids"": [14, 26], ""right_hand_translation_m"": null, ""selected_step"": ""r2_gear_rod"", ""step_attempt"": 2, ""step_elapsed_s"": 48.870998275931925, ""step_event_index"": 47, ""total_hand_translation_m"": null, ""trial_finished_elapsed_s"": null, ""trial_recording"": true, ""trial_required_tool_ids"": [15, 27, 28]}"
2026-09-03T21:45:51.821-04:00,junhyun,task_aware,part_selection,language,r2_gear_rod,Row 2.2: assemble gear rod,ready,2,48,28,GEAR_ROW2_RIGHT,29.410326,48.918036,,,,,,,,,,,,,,,1,,,,,,"{""acquired_tool_ids"": [15, 27, 28], ""acquisition_complete"": false, ""completed_steps"": [""r1_gear_rod""], ""head_rotation_deg"": null, ""head_translation_m"": null, ""left_hand_translation_m"": null, ""removed_tool_ids"": [14, 26], ""right_hand_translation_m"": null, ""selected_step"": ""r2_gear_rod"", ""step_attempt"": 2, ""step_elapsed_s"": 48.918088721926324, ""step_event_index"": 48, ""total_hand_translation_m"": null, ""trial_finished_elapsed_s"": null, ""trial_recording"": true, ""trial_required_tool_ids"": [15, 27, 28]}"
2026-09-03T21:45:51.835-04:00,junhyun,task_aware,object_acquired,language,r2_gear_rod,Row 2.2: assemble gear rod,ready,2,49,28,GEAR_ROW2_RIGHT,29.410326,48.918036,,,,,,,,,,,,,,,1,,,,,,"{""acquired_tool_ids"": [15, 27, 28], ""acquisition_complete"": false, ""completed_steps"": [""r1_gear_rod""], ""head_rotation_deg"": null, ""head_translation_m"": null, ""left_hand_translation_m"": null, ""removed_tool_ids"": [14, 26], ""right_hand_translation_m"": null, ""selected_step"": ""r2_gear_rod"", ""step_attempt"": 2, ""step_elapsed_s"": 48.93254106398672, ""step_event_index"": 49, ""total_hand_translation_m"": null, ""trial_finished_elapsed_s"": null, ""trial_recording"": true, ""trial_required_tool_ids"": [15, 27, 28]}"
2026-09-03T21:45:51.855-04:00,junhyun,task_aware,step_acquisition_complete,language,r2_gear_rod,Row 2.2: assemble gear rod,ready,2,50,,,,48.952004,0.345049,103.474461,0.526155,2.543575,3.069730,0.000000,0.000000,0.000000,0.000000,0,0,0.000000,0.000000,0.000000,,,,,,,"{""acquired_tool_ids"": [15, 27, 28], ""acquisition_complete"": true, ""any_hover_time_s"": 0.0, ""completed_steps"": [""r1_gear_rod""], ""head_rotation_deg"": 103.47446075463975, ""head_translation_m"": 0.3450486340623395, ""hover_time_percent"": 0.0, ""left_hand_translation_m"": 0.5261552451168486, ""left_hover_episodes"": 0, ""left_hover_time_s"": 0.0, ""left_hover_translation_m"": 0.0, ""removed_tool_ids"": [14, 15, 26, 27, 28], ""right_hand_translation_m"": 2.543574602691915, ""right_hover_episodes"": 0, ""right_hover_time_s"": 0.0, ""right_hover_translation_m"": 0.0, ""selected_step"": ""r2_gear_rod"", ""step_attempt"": 2, ""step_elapsed_s"": 48.95200421696063, ""step_event_index"": 50, ""total_hand_translation_m"": 3.069729847808764, ""total_hover_translation_m"": 0.0, ""trial_finished_elapsed_s"": 48.95200421696063, ""trial_recording"": false, ""trial_required_tool_ids"": [15, 27, 28]}"
2026-09-03T21:45:51.875-04:00,junhyun,task_aware,graph_complete,,r2_gear_rod,Row 2.2: assemble gear rod,complete,2,51,,,,,,,,,,,,,,,,,,,,,,,,,"{""acquired_tool_ids"": [15, 27, 28], ""acquisition_complete"": true, ""any_hover_time_s"": 0.0, ""completed_steps"": [""r1_gear_rod"", ""r2_gear_rod""], ""head_rotation_deg"": 103.47446075463975, ""head_translation_m"": 0.3450486340623395, ""hover_time_percent"": 0.0, ""left_hand_translation_m"": 0.5261552451168486, ""left_hover_episodes"": 0, ""left_hover_time_s"": 0.0, ""left_hover_translation_m"": 0.0, ""removed_tool_ids"": [14, 15, 26, 27, 28], ""right_hand_translation_m"": 2.543574602691915, ""right_hover_episodes"": 0, ""right_hover_time_s"": 0.0, ""right_hover_translation_m"": 0.0, ""selected_step"": ""r2_gear_rod"", ""step_attempt"": 2, ""step_elapsed_s"": 48.95200421696063, ""step_event_index"": 51, ""total_hand_translation_m"": 3.069729847808764, ""total_hover_translation_m"": 0.0, ""trial_finished_elapsed_s"": 48.95200421696063, ""trial_recording"": false, ""trial_required_tool_ids"": [15, 27, 28]}"
2026-09-03T21:46:01.115-04:00,junhyun,task_aware,step_started,keyboard,r2_bearing_right,Row 2.1: bearing into right stand,ready,3,1,,,,,,,,,,,,,,,,,,,,,,,,,"{""acquired_tool_ids"": [], ""acquisition_complete"": false, ""completed_steps"": [""r1_gear_rod"", ""r2_gear_rod""], ""head_rotation_deg"": null, ""head_translation_m"": null, ""left_hand_translation_m"": null, ""removed_tool_ids"": [14, 15, 26, 27, 28], ""right_hand_translation_m"": null, ""selected_step"": ""r2_bearing_right"", ""step_attempt"": 3, ""step_elapsed_s"": 0.000547506962902844, ""step_event_index"": 1, ""total_hand_translation_m"": null, ""trial_finished_elapsed_s"": null, ""trial_recording"": true, ""trial_required_tool_ids"": [21, 34]}"
2026-09-03T21:46:01.171-04:00,junhyun,task_aware,task_aware_highlight_presented,system,r2_bearing_right,Row 2.1: bearing into right stand,ready,3,2,,,,,,,,,,,,,,,,,,,,,"[34, 21]",,task_aware_proactive_highlight,,"{""acquired_tool_ids"": [], ""acquisition_complete"": false, ""completed_steps"": [""r1_gear_rod"", ""r2_gear_rod""], ""head_rotation_deg"": null, ""head_translation_m"": null, ""left_hand_translation_m"": null, ""removed_tool_ids"": [14, 15, 26, 27, 28], ""right_hand_translation_m"": null, ""selected_step"": ""r2_bearing_right"", ""step_attempt"": 3, ""step_elapsed_s"": 0.056857867049984634, ""step_event_index"": 2, ""total_hand_translation_m"": null, ""trial_finished_elapsed_s"": null, ""trial_recording"": true, ""trial_required_tool_ids"": [21, 34]}"
2026-09-03T21:46:04.380-04:00,junhyun,task_aware,speech_started,lifecycle,r2_bearing_right,Row 2.1: bearing into right stand,ready,3,3,,,,3.266252,,,,,,,,,,,,,,,,,,,,,"{""acquired_tool_ids"": [], ""acquisition_complete"": false, ""completed_steps"": [""r1_gear_rod"", ""r2_gear_rod""], ""head_rotation_deg"": null, ""head_translation_m"": null, ""left_hand_translation_m"": null, ""removed_tool_ids"": [14, 15, 26, 27, 28], ""right_hand_translation_m"": null, ""selected_step"": ""r2_bearing_right"", ""step_attempt"": 3, ""step_elapsed_s"": 3.266264592995867, ""step_event_index"": 3, ""total_hand_translation_m"": null, ""trial_finished_elapsed_s"": null, ""trial_recording"": true, ""trial_required_tool_ids"": [21, 34]}"
2026-09-03T21:46:06.882-04:00,junhyun,task_aware,speech_capture_ended,lifecycle,r2_bearing_right,Row 2.1: bearing into right stand,ready,3,4,,,,5.767852,,,,,,,,,,,,,,,,,,,,,"{""acquired_tool_ids"": [], ""acquisition_complete"": false, ""completed_steps"": [""r1_gear_rod"", ""r2_gear_rod""], ""head_rotation_deg"": null, ""head_translation_m"": null, ""left_hand_translation_m"": null, ""removed_tool_ids"": [14, 15, 26, 27, 28], ""right_hand_translation_m"": null, ""selected_step"": ""r2_bearing_right"", ""step_attempt"": 3, ""step_elapsed_s"": 5.767861115047708, ""step_event_index"": 4, ""total_hand_translation_m"": null, ""trial_finished_elapsed_s"": null, ""trial_recording"": true, ""trial_required_tool_ids"": [21, 34]}"
2026-09-03T21:46:06.920-04:00,junhyun,task_aware,asr_started,lifecycle,r2_bearing_right,Row 2.1: bearing into right stand,ready,3,5,,,,5.805731,,,,,,,,,,,,,,,,,,,,,"{""acquired_tool_ids"": [], ""acquisition_complete"": false, ""completed_steps"": [""r1_gear_rod"", ""r2_gear_rod""], ""head_rotation_deg"": null, ""head_translation_m"": null, ""left_hand_translation_m"": null, ""removed_tool_ids"": [14, 15, 26, 27, 28], ""right_hand_translation_m"": null, ""selected_step"": ""r2_bearing_right"", ""step_attempt"": 3, ""step_elapsed_s"": 5.80574419896584, ""step_event_index"": 5, ""total_hand_translation_m"": null, ""trial_finished_elapsed_s"": null, ""trial_recording"": true, ""trial_required_tool_ids"": [21, 34]}"
2026-09-03T21:46:07.016-04:00,junhyun,task_aware,speech_started,lifecycle,r2_bearing_right,Row 2.1: bearing into right stand,ready,3,6,,,,5.901546,,,,,,,,,,,,,,,,,,,,,"{""acquired_tool_ids"": [], ""acquisition_complete"": false, ""completed_steps"": [""r1_gear_rod"", ""r2_gear_rod""], ""head_rotation_deg"": null, ""head_translation_m"": null, ""left_hand_translation_m"": null, ""removed_tool_ids"": [14, 15, 26, 27, 28], ""right_hand_translation_m"": null, ""selected_step"": ""r2_bearing_right"", ""step_attempt"": 3, ""step_elapsed_s"": 5.901555959018879, ""step_event_index"": 6, ""total_hand_translation_m"": null, ""trial_finished_elapsed_s"": null, ""trial_recording"": true, ""trial_required_tool_ids"": [21, 34]}"
2026-09-03T21:46:09.370-04:00,junhyun,task_aware,speech_capture_ended,lifecycle,r2_bearing_right,Row 2.1: bearing into right stand,ready,3,7,,,,8.256458,,,,,,,,,,,,,,,,,,,,,"{""acquired_tool_ids"": [], ""acquisition_complete"": false, ""completed_steps"": [""r1_gear_rod"", ""r2_gear_rod""], ""head_rotation_deg"": null, ""head_translation_m"": null, ""left_hand_translation_m"": null, ""removed_tool_ids"": [14, 15, 26, 27, 28], ""right_hand_translation_m"": null, ""selected_step"": ""r2_bearing_right"", ""step_attempt"": 3, ""step_elapsed_s"": 8.256469800020568, ""step_event_index"": 7, ""total_hand_translation_m"": null, ""trial_finished_elapsed_s"": null, ""trial_recording"": true, ""trial_required_tool_ids"": [21, 34]}"
2026-09-03T21:46:09.406-04:00,junhyun,task_aware,asr_started,lifecycle,r2_bearing_right,Row 2.1: bearing into right stand,ready,3,8,,,,8.292161,,,,,,,,,,,,,,,,,,,,,"{""acquired_tool_ids"": [], ""acquisition_complete"": false, ""completed_steps"": [""r1_gear_rod"", ""r2_gear_rod""], ""head_rotation_deg"": null, ""head_translation_m"": null, ""left_hand_translation_m"": null, ""removed_tool_ids"": [14, 15, 26, 27, 28], ""right_hand_translation_m"": null, ""selected_step"": ""r2_bearing_right"", ""step_attempt"": 3, ""step_elapsed_s"": 8.29217171203345, ""step_event_index"": 8, ""total_hand_translation_m"": null, ""trial_finished_elapsed_s"": null, ""trial_recording"": true, ""trial_required_tool_ids"": [21, 34]}"
2026-09-03T21:46:09.429-04:00,junhyun,task_aware,asr_completed,lifecycle,r2_bearing_right,Row 2.1: bearing into right stand,ready,3,9,,,,8.315462,,,,,,,,,,,,,,,,"Right, Kiersten?",,,,,"{""acquired_tool_ids"": [], ""acquisition_complete"": false, ""completed_steps"": [""r1_gear_rod"", ""r2_gear_rod""], ""head_rotation_deg"": null, ""head_translation_m"": null, ""left_hand_translation_m"": null, ""removed_tool_ids"": [14, 15, 26, 27, 28], ""right_hand_translation_m"": null, ""selected_step"": ""r2_bearing_right"", ""step_attempt"": 3, ""step_elapsed_s"": 8.31547034997493, ""step_event_index"": 9, ""total_hand_translation_m"": null, ""trial_finished_elapsed_s"": null, ""trial_recording"": true, ""trial_required_tool_ids"": [21, 34]}"
2026-09-03T21:46:10.416-04:00,junhyun,task_aware,participant_speech_submitted,speech,r2_bearing_right,Row 2.1: bearing into right stand,ready,3,10,,,,9.301971,,,,,,,,,,,,,,,,right gear stand,,,speech_proxy,,"{""acquired_tool_ids"": [], ""acquisition_complete"": false, ""completed_steps"": [""r1_gear_rod"", ""r2_gear_rod""], ""head_rotation_deg"": null, ""head_translation_m"": null, ""left_hand_translation_m"": null, ""removed_tool_ids"": [14, 15, 26, 27, 28], ""right_hand_translation_m"": null, ""selected_step"": ""r2_bearing_right"", ""step_attempt"": 3, ""step_elapsed_s"": 9.301988851977512, ""step_event_index"": 10, ""total_hand_translation_m"": null, ""trial_finished_elapsed_s"": null, ""trial_recording"": true, ""trial_required_tool_ids"": [21, 34]}"
2026-09-03T21:46:10.467-04:00,junhyun,task_aware,vlm_request_submitted,speech,r2_bearing_right,Row 2.1: bearing into right stand,ready,3,11,,,,9.352788,,,,,,,,,,,,,,,,right gear stand,,,speech_proxy,,"{""acquired_tool_ids"": [], ""acquisition_complete"": false, ""completed_steps"": [""r1_gear_rod"", ""r2_gear_rod""], ""head_rotation_deg"": null, ""head_translation_m"": null, ""left_hand_translation_m"": null, ""removed_tool_ids"": [14, 15, 26, 27, 28], ""right_hand_translation_m"": null, ""selected_step"": ""r2_bearing_right"", ""step_attempt"": 3, ""step_elapsed_s"": 9.352797280065715, ""step_event_index"": 11, ""total_hand_translation_m"": null, ""trial_finished_elapsed_s"": null, ""trial_recording"": true, ""trial_required_tool_ids"": [21, 34]}"
2026-09-03T21:46:14.302-04:00,junhyun,task_aware,vlm_inference_completed,lifecycle,r2_bearing_right,Row 2.1: bearing into right stand,ready,3,12,,,,13.188018,,,,,,,,,,,,,,,,right gear stand,,,STAND_ROW2_RIGHT,,"{""acquired_tool_ids"": [], ""acquisition_complete"": false, ""completed_steps"": [""r1_gear_rod"", ""r2_gear_rod""], ""head_rotation_deg"": null, ""head_translation_m"": null, ""left_hand_translation_m"": null, ""removed_tool_ids"": [14, 15, 26, 27, 28], ""right_hand_translation_m"": null, ""selected_step"": ""r2_bearing_right"", ""step_attempt"": 3, ""step_elapsed_s"": 13.188035291037522, ""step_event_index"": 12, ""total_hand_translation_m"": null, ""trial_finished_elapsed_s"": null, ""trial_recording"": true, ""trial_required_tool_ids"": [21, 34]}"
2026-09-03T21:46:14.345-04:00,junhyun,task_aware,vlm_interaction,language,r2_bearing_right,Row 2.1: bearing into right stand,ready,3,13,,,,,,,,,,,,,,,,,,,,right gear stand,STAND_ROW2_RIGHT,"{""intent"":""part_reference"",""part_action"":""reference"",""reference_relation"":""direct"",""step_scope"":"""",""target"":""STAND_ROW2_RIGHT"",""candidates"":[],""exclude_labels"":[]}",language_grounded,I identified and highlighted the Row 2 right stand.,"{""acquired_tool_ids"": [], ""acquisition_complete"": false, ""completed_steps"": [""r1_gear_rod"", ""r2_gear_rod""], ""head_rotation_deg"": null, ""head_translation_m"": null, ""left_hand_translation_m"": null, ""removed_tool_ids"": [14, 15, 26, 27, 28], ""right_hand_translation_m"": null, ""selected_step"": ""r2_bearing_right"", ""step_attempt"": 3, ""step_elapsed_s"": 13.231018678983673, ""step_event_index"": 13, ""total_hand_translation_m"": null, ""trial_finished_elapsed_s"": null, ""trial_recording"": true, ""trial_required_tool_ids"": [21, 34]}"
2026-09-03T21:46:14.369-04:00,junhyun,task_aware,part_selection,language,r2_bearing_right,Row 2.1: bearing into right stand,ready,3,14,21,GEAR_STAND_ROW2_RIGHT,13.254899,13.254899,,,,,,,,,,,,,,,1,,,,,,"{""acquired_tool_ids"": [21], ""acquisition_complete"": false, ""completed_steps"": [""r1_gear_rod"", ""r2_gear_rod""], ""head_rotation_deg"": null, ""head_translation_m"": null, ""left_hand_translation_m"": null, ""removed_tool_ids"": [14, 15, 26, 27, 28], ""right_hand_translation_m"": null, ""selected_step"": ""r2_bearing_right"", ""step_attempt"": 3, ""step_elapsed_s"": 13.254969722009264, ""step_event_index"": 14, ""total_hand_translation_m"": null, ""trial_finished_elapsed_s"": null, ""trial_recording"": true, ""trial_required_tool_ids"": [21, 34]}"
2026-09-03T21:46:14.398-04:00,junhyun,task_aware,object_acquired,language,r2_bearing_right,Row 2.1: bearing into right stand,ready,3,15,21,GEAR_STAND_ROW2_RIGHT,13.254899,13.254899,,,,,,,,,,,,,,,1,,,,,,"{""acquired_tool_ids"": [21], ""acquisition_complete"": false, ""completed_steps"": [""r1_gear_rod"", ""r2_gear_rod""], ""head_rotation_deg"": null, ""head_translation_m"": null, ""left_hand_translation_m"": null, ""removed_tool_ids"": [14, 15, 26, 27, 28], ""right_hand_translation_m"": null, ""selected_step"": ""r2_bearing_right"", ""step_attempt"": 3, ""step_elapsed_s"": 13.283663728041574, ""step_event_index"": 15, ""total_hand_translation_m"": null, ""trial_finished_elapsed_s"": null, ""trial_recording"": true, ""trial_required_tool_ids"": [21, 34]}"
2026-09-03T21:46:14.416-04:00,junhyun,task_aware,tts_queued,lifecycle,r2_bearing_right,Row 2.1: bearing into right stand,ready,3,16,,,,13.301909,,,,,,,,,,,,,,,,1 part left.,,,replace,,"{""acquired_tool_ids"": [21], ""acquisition_complete"": false, ""completed_steps"": [""r1_gear_rod"", ""r2_gear_rod""], ""head_rotation_deg"": null, ""head_translation_m"": null, ""left_hand_translation_m"": null, ""removed_tool_ids"": [14, 15, 26, 27, 28], ""right_hand_translation_m"": null, ""selected_step"": ""r2_bearing_right"", ""step_attempt"": 3, ""step_elapsed_s"": 13.301929009030573, ""step_event_index"": 16, ""total_hand_translation_m"": null, ""trial_finished_elapsed_s"": null, ""trial_recording"": true, ""trial_required_tool_ids"": [21, 34]}"
2026-09-03T21:46:14.449-04:00,junhyun,task_aware,tts_started,lifecycle,r2_bearing_right,Row 2.1: bearing into right stand,ready,3,17,,,,13.334899,,,,,,,,,,,,,,,,1 part left.,,,,,"{""acquired_tool_ids"": [21], ""acquisition_complete"": false, ""completed_steps"": [""r1_gear_rod"", ""r2_gear_rod""], ""head_rotation_deg"": null, ""head_translation_m"": null, ""left_hand_translation_m"": null, ""removed_tool_ids"": [14, 15, 26, 27, 28], ""right_hand_translation_m"": null, ""selected_step"": ""r2_bearing_right"", ""step_attempt"": 3, ""step_elapsed_s"": 13.334911494981498, ""step_event_index"": 17, ""total_hand_translation_m"": null, ""trial_finished_elapsed_s"": null, ""trial_recording"": true, ""trial_required_tool_ids"": [21, 34]}"
2026-09-03T21:46:15.638-04:00,junhyun,task_aware,tts_finished,lifecycle,r2_bearing_right,Row 2.1: bearing into right stand,ready,3,18,,,,14.524200,,,,,,,,,,,,,,,,1 part left.,,,,,"{""acquired_tool_ids"": [21], ""acquisition_complete"": false, ""completed_steps"": [""r1_gear_rod"", ""r2_gear_rod""], ""head_rotation_deg"": null, ""head_translation_m"": null, ""left_hand_translation_m"": null, ""removed_tool_ids"": [14, 15, 26, 27, 28], ""right_hand_translation_m"": null, ""selected_step"": ""r2_bearing_right"", ""step_attempt"": 3, ""step_elapsed_s"": 14.524209811002947, ""step_event_index"": 18, ""total_hand_translation_m"": null, ""trial_finished_elapsed_s"": null, ""trial_recording"": true, ""trial_required_tool_ids"": [21, 34]}"
2026-09-03T21:46:16.870-04:00,junhyun,task_aware,speech_started,lifecycle,r2_bearing_right,Row 2.1: bearing into right stand,ready,3,19,,,,15.755502,,,,,,,,,,,,,,,,,,,,,"{""acquired_tool_ids"": [21], ""acquisition_complete"": false, ""completed_steps"": [""r1_gear_rod"", ""r2_gear_rod""], ""head_rotation_deg"": null, ""head_translation_m"": null, ""left_hand_translation_m"": null, ""removed_tool_ids"": [14, 15, 26, 27, 28], ""right_hand_translation_m"": null, ""selected_step"": ""r2_bearing_right"", ""step_attempt"": 3, ""step_elapsed_s"": 15.755515033029951, ""step_event_index"": 19, ""total_hand_translation_m"": null, ""trial_finished_elapsed_s"": null, ""trial_recording"": true, ""trial_required_tool_ids"": [21, 34]}"
2026-09-03T21:46:18.791-04:00,junhyun,task_aware,speech_capture_ended,lifecycle,r2_bearing_right,Row 2.1: bearing into right stand,ready,3,20,,,,17.676520,,,,,,,,,,,,,,,,,,,,,"{""acquired_tool_ids"": [21], ""acquisition_complete"": false, ""completed_steps"": [""r1_gear_rod"", ""r2_gear_rod""], ""head_rotation_deg"": null, ""head_translation_m"": null, ""left_hand_translation_m"": null, ""removed_tool_ids"": [14, 15, 26, 27, 28], ""right_hand_translation_m"": null, ""selected_step"": ""r2_bearing_right"", ""step_attempt"": 3, ""step_elapsed_s"": 17.676532219047658, ""step_event_index"": 20, ""total_hand_translation_m"": null, ""trial_finished_elapsed_s"": null, ""trial_recording"": true, ""trial_required_tool_ids"": [21, 34]}"
2026-09-03T21:46:18.829-04:00,junhyun,task_aware,asr_started,lifecycle,r2_bearing_right,Row 2.1: bearing into right stand,ready,3,21,,,,17.715172,,,,,,,,,,,,,,,,,,,,,"{""acquired_tool_ids"": [21], ""acquisition_complete"": false, ""completed_steps"": [""r1_gear_rod"", ""r2_gear_rod""], ""head_rotation_deg"": null, ""head_translation_m"": null, ""left_hand_translation_m"": null, ""removed_tool_ids"": [14, 15, 26, 27, 28], ""right_hand_translation_m"": null, ""selected_step"": ""r2_bearing_right"", ""step_attempt"": 3, ""step_elapsed_s"": 17.715181578998454, ""step_event_index"": 21, ""total_hand_translation_m"": null, ""trial_finished_elapsed_s"": null, ""trial_recording"": true, ""trial_required_tool_ids"": [21, 34]}"
2026-09-03T21:46:18.858-04:00,junhyun,task_aware,asr_completed,lifecycle,r2_bearing_right,Row 2.1: bearing into right stand,ready,3,22,,,,17.743748,,,,,,,,,,,,,,,,Bering.,,,,,"{""acquired_tool_ids"": [21], ""acquisition_complete"": false, ""completed_steps"": [""r1_gear_rod"", ""r2_gear_rod""], ""head_rotation_deg"": null, ""head_translation_m"": null, ""left_hand_translation_m"": null, ""removed_tool_ids"": [14, 15, 26, 27, 28], ""right_hand_translation_m"": null, ""selected_step"": ""r2_bearing_right"", ""step_attempt"": 3, ""step_elapsed_s"": 17.74375644803513, ""step_event_index"": 22, ""total_hand_translation_m"": null, ""trial_finished_elapsed_s"": null, ""trial_recording"": true, ""trial_required_tool_ids"": [21, 34]}"
2026-09-03T21:46:18.938-04:00,junhyun,task_aware,participant_speech_submitted,speech,r2_bearing_right,Row 2.1: bearing into right stand,ready,3,23,,,,17.824122,,,,,,,,,,,,,,,,bearing,,,speech_proxy,,"{""acquired_tool_ids"": [21], ""acquisition_complete"": false, ""completed_steps"": [""r1_gear_rod"", ""r2_gear_rod""], ""head_rotation_deg"": null, ""head_translation_m"": null, ""left_hand_translation_m"": null, ""removed_tool_ids"": [14, 15, 26, 27, 28], ""right_hand_translation_m"": null, ""selected_step"": ""r2_bearing_right"", ""step_attempt"": 3, ""step_elapsed_s"": 17.824143524980173, ""step_event_index"": 23, ""total_hand_translation_m"": null, ""trial_finished_elapsed_s"": null, ""trial_recording"": true, ""trial_required_tool_ids"": [21, 34]}"
2026-09-03T21:46:18.974-04:00,junhyun,task_aware,vlm_request_submitted,speech,r2_bearing_right,Row 2.1: bearing into right stand,ready,3,24,,,,17.859993,,,,,,,,,,,,,,,,bearing,,,speech_proxy,,"{""acquired_tool_ids"": [21], ""acquisition_complete"": false, ""completed_steps"": [""r1_gear_rod"", ""r2_gear_rod""], ""head_rotation_deg"": null, ""head_translation_m"": null, ""left_hand_translation_m"": null, ""removed_tool_ids"": [14, 15, 26, 27, 28], ""right_hand_translation_m"": null, ""selected_step"": ""r2_bearing_right"", ""step_attempt"": 3, ""step_elapsed_s"": 17.860006330069155, ""step_event_index"": 24, ""total_hand_translation_m"": null, ""trial_finished_elapsed_s"": null, ""trial_recording"": true, ""trial_required_tool_ids"": [21, 34]}"
2026-09-03T21:46:22.692-04:00,junhyun,task_aware,vlm_inference_completed,lifecycle,r2_bearing_right,Row 2.1: bearing into right stand,ready,3,25,,,,21.578003,,,,,,,,,,,,,,,,bearing,,,BEARING,,"{""acquired_tool_ids"": [21], ""acquisition_complete"": false, ""completed_steps"": [""r1_gear_rod"", ""r2_gear_rod""], ""head_rotation_deg"": null, ""head_translation_m"": null, ""left_hand_translation_m"": null, ""removed_tool_ids"": [14, 15, 26, 27, 28], ""right_hand_translation_m"": null, ""selected_step"": ""r2_bearing_right"", ""step_attempt"": 3, ""step_elapsed_s"": 21.578012406011112, ""step_event_index"": 25, ""total_hand_translation_m"": null, ""trial_finished_elapsed_s"": null, ""trial_recording"": true, ""trial_required_tool_ids"": [21, 34]}"
2026-09-03T21:46:22.752-04:00,junhyun,task_aware,vlm_interaction,language,r2_bearing_right,Row 2.1: bearing into right stand,ready,3,26,,,,,,,,,,,,,,,,,,,,bearing,BEARING,"{""intent"":""part_reference"",""part_action"":""reference"",""reference_relation"":""direct"",""step_scope"":"""",""target"":""BEARING"",""candidates"":[],""exclude_labels"":[]}",language_grounded,I identified and highlighted the bearing.,"{""acquired_tool_ids"": [21], ""acquisition_complete"": false, ""completed_steps"": [""r1_gear_rod"", ""r2_gear_rod""], ""head_rotation_deg"": null, ""head_translation_m"": null, ""left_hand_translation_m"": null, ""removed_tool_ids"": [14, 15, 26, 27, 28], ""right_hand_translation_m"": null, ""selected_step"": ""r2_bearing_right"", ""step_attempt"": 3, ""step_elapsed_s"": 21.63768142904155, ""step_event_index"": 26, ""total_hand_translation_m"": null, ""trial_finished_elapsed_s"": null, ""trial_recording"": true, ""trial_required_tool_ids"": [21, 34]}"
2026-09-03T21:46:22.774-04:00,junhyun,task_aware,part_selection,language,r2_bearing_right,Row 2.1: bearing into right stand,ready,3,27,34,BEARINGS,8.405470,21.660370,,,,,,,,,,,,,,,1,,,,,,"{""acquired_tool_ids"": [21, 34], ""acquisition_complete"": false, ""completed_steps"": [""r1_gear_rod"", ""r2_gear_rod""], ""head_rotation_deg"": null, ""head_translation_m"": null, ""left_hand_translation_m"": null, ""removed_tool_ids"": [14, 15, 26, 27, 28], ""right_hand_translation_m"": null, ""selected_step"": ""r2_bearing_right"", ""step_attempt"": 3, ""step_elapsed_s"": 21.660437576007098, ""step_event_index"": 27, ""total_hand_translation_m"": null, ""trial_finished_elapsed_s"": null, ""trial_recording"": true, ""trial_required_tool_ids"": [21, 34]}"
2026-09-03T21:46:22.789-04:00,junhyun,task_aware,object_acquired,language,r2_bearing_right,Row 2.1: bearing into right stand,ready,3,28,34,BEARINGS,8.405470,21.660370,,,,,,,,,,,,,,,1,,,,,,"{""acquired_tool_ids"": [21, 34], ""acquisition_complete"": false, ""completed_steps"": [""r1_gear_rod"", ""r2_gear_rod""], ""head_rotation_deg"": null, ""head_translation_m"": null, ""left_hand_translation_m"": null, ""removed_tool_ids"": [14, 15, 26, 27, 28], ""right_hand_translation_m"": null, ""selected_step"": ""r2_bearing_right"", ""step_attempt"": 3, ""step_elapsed_s"": 21.67464620003011, ""step_event_index"": 28, ""total_hand_translation_m"": null, ""trial_finished_elapsed_s"": null, ""trial_recording"": true, ""trial_required_tool_ids"": [21, 34]}"
2026-09-03T21:46:22.810-04:00,junhyun,task_aware,step_acquisition_complete,language,r2_bearing_right,Row 2.1: bearing into right stand,ready,3,29,,,,21.695045,0.896060,234.119491,1.468410,7.200538,8.668947,0.000000,0.000000,0.000000,0.000000,0,0,0.000000,0.000000,0.000000,,,,,,,"{""acquired_tool_ids"": [21, 34], ""acquisition_complete"": true, ""any_hover_time_s"": 0.0, ""completed_steps"": [""r1_gear_rod"", ""r2_gear_rod""], ""head_rotation_deg"": 234.11949077302054, ""head_translation_m"": 0.8960596163697454, ""hover_time_percent"": 0.0, ""left_hand_translation_m"": 1.4684095903527619, ""left_hover_episodes"": 0, ""left_hover_time_s"": 0.0, ""left_hover_translation_m"": 0.0, ""removed_tool_ids"": [14, 15, 21, 26, 27, 28], ""right_hand_translation_m"": 7.200537564813422, ""right_hover_episodes"": 0, ""right_hover_time_s"": 0.0, ""right_hover_translation_m"": 0.0, ""selected_step"": ""r2_bearing_right"", ""step_attempt"": 3, ""step_elapsed_s"": 21.69504517596215, ""step_event_index"": 29, ""total_hand_translation_m"": 8.668947155166185, ""total_hover_translation_m"": 0.0, ""trial_finished_elapsed_s"": 21.69504517596215, ""trial_recording"": false, ""trial_required_tool_ids"": [21, 34]}"
2026-09-03T21:46:22.830-04:00,junhyun,task_aware,graph_complete,,r2_bearing_right,Row 2.1: bearing into right stand,complete,3,30,,,,,,,,,,,,,,,,,,,,,,,,,"{""acquired_tool_ids"": [21, 34], ""acquisition_complete"": true, ""any_hover_time_s"": 0.0, ""completed_steps"": [""r1_gear_rod"", ""r2_gear_rod"", ""r2_bearing_right""], ""head_rotation_deg"": 234.11949077302054, ""head_translation_m"": 0.8960596163697454, ""hover_time_percent"": 0.0, ""left_hand_translation_m"": 1.4684095903527619, ""left_hover_episodes"": 0, ""left_hover_time_s"": 0.0, ""left_hover_translation_m"": 0.0, ""removed_tool_ids"": [14, 15, 21, 26, 27, 28], ""right_hand_translation_m"": 7.200537564813422, ""right_hover_episodes"": 0, ""right_hover_time_s"": 0.0, ""right_hover_translation_m"": 0.0, ""selected_step"": ""r2_bearing_right"", ""step_attempt"": 3, ""step_elapsed_s"": 21.69504517596215, ""step_event_index"": 30, ""total_hand_translation_m"": 8.668947155166185, ""total_hover_translation_m"": 0.0, ""trial_finished_elapsed_s"": 21.69504517596215, ""trial_recording"": false, ""trial_required_tool_ids"": [21, 34]}"
2026-09-03T21:46:39.714-04:00,junhyun,task_aware,step_started,keyboard,r1_bearing_right,Row 1.1: bearing into right stand,ready,4,1,,,,,,,,,,,,,,,,,,,,,,,,,"{""acquired_tool_ids"": [], ""acquisition_complete"": false, ""completed_steps"": [""r1_gear_rod"", ""r2_gear_rod"", ""r2_bearing_right""], ""head_rotation_deg"": null, ""head_translation_m"": null, ""left_hand_translation_m"": null, ""removed_tool_ids"": [14, 15, 21, 26, 27, 28], ""right_hand_translation_m"": null, ""selected_step"": ""r1_bearing_right"", ""step_attempt"": 4, ""step_elapsed_s"": 0.0005348519189283252, ""step_event_index"": 1, ""total_hand_translation_m"": null, ""trial_finished_elapsed_s"": null, ""trial_recording"": true, ""trial_required_tool_ids"": [19]}"
2026-09-03T21:46:39.750-04:00,junhyun,task_aware,task_aware_highlight_presented,system,r1_bearing_right,Row 1.1: bearing into right stand,ready,4,2,,,,,,,,,,,,,,,,,,,,,"[34, 19]",,task_aware_proactive_highlight,,"{""acquired_tool_ids"": [], ""acquisition_complete"": false, ""completed_steps"": [""r1_gear_rod"", ""r2_gear_rod"", ""r2_bearing_right""], ""head_rotation_deg"": null, ""head_translation_m"": null, ""left_hand_translation_m"": null, ""removed_tool_ids"": [14, 15, 21, 26, 27, 28], ""right_hand_translation_m"": null, ""selected_step"": ""r1_bearing_right"", ""step_attempt"": 4, ""step_elapsed_s"": 0.0365336729446426, ""step_event_index"": 2, ""total_hand_translation_m"": null, ""trial_finished_elapsed_s"": null, ""trial_recording"": true, ""trial_required_tool_ids"": [19]}"
2026-09-03T21:46:39.803-04:00,junhyun,task_aware,speech_started,lifecycle,r1_bearing_right,Row 1.1: bearing into right stand,ready,4,3,,,,0.089345,,,,,,,,,,,,,,,,,,,,,"{""acquired_tool_ids"": [], ""acquisition_complete"": false, ""completed_steps"": [""r1_gear_rod"", ""r2_gear_rod"", ""r2_bearing_right""], ""head_rotation_deg"": null, ""head_translation_m"": null, ""left_hand_translation_m"": null, ""removed_tool_ids"": [14, 15, 21, 26, 27, 28], ""right_hand_translation_m"": null, ""selected_step"": ""r1_bearing_right"", ""step_attempt"": 4, ""step_elapsed_s"": 0.0893563210265711, ""step_event_index"": 3, ""total_hand_translation_m"": null, ""trial_finished_elapsed_s"": null, ""trial_recording"": true, ""trial_required_tool_ids"": [19]}"
2026-09-03T21:46:41.534-04:00,junhyun,task_aware,speech_capture_ended,lifecycle,r1_bearing_right,Row 1.1: bearing into right stand,ready,4,4,,,,1.820204,,,,,,,,,,,,,,,,,,,,,"{""acquired_tool_ids"": [], ""acquisition_complete"": false, ""completed_steps"": [""r1_gear_rod"", ""r2_gear_rod"", ""r2_bearing_right""], ""head_rotation_deg"": null, ""head_translation_m"": null, ""left_hand_translation_m"": null, ""removed_tool_ids"": [14, 15, 21, 26, 27, 28], ""right_hand_translation_m"": null, ""selected_step"": ""r1_bearing_right"", ""step_attempt"": 4, ""step_elapsed_s"": 1.8202165759867057, ""step_event_index"": 4, ""total_hand_translation_m"": null, ""trial_finished_elapsed_s"": null, ""trial_recording"": true, ""trial_required_tool_ids"": [19]}"
2026-09-03T21:46:41.589-04:00,junhyun,task_aware,asr_started,lifecycle,r1_bearing_right,Row 1.1: bearing into right stand,ready,4,5,,,,1.875692,,,,,,,,,,,,,,,,,,,,,"{""acquired_tool_ids"": [], ""acquisition_complete"": false, ""completed_steps"": [""r1_gear_rod"", ""r2_gear_rod"", ""r2_bearing_right""], ""head_rotation_deg"": null, ""head_translation_m"": null, ""left_hand_translation_m"": null, ""removed_tool_ids"": [14, 15, 21, 26, 27, 28], ""right_hand_translation_m"": null, ""selected_step"": ""r1_bearing_right"", ""step_attempt"": 4, ""step_elapsed_s"": 1.8757014319999143, ""step_event_index"": 5, ""total_hand_translation_m"": null, ""trial_finished_elapsed_s"": null, ""trial_recording"": true, ""trial_required_tool_ids"": [19]}"
2026-09-03T21:46:41.614-04:00,junhyun,task_aware,asr_completed,lifecycle,r1_bearing_right,Row 1.1: bearing into right stand,ready,4,6,,,,1.900679,,,,,,,,,,,,,,,,Okay.,,,,,"{""acquired_tool_ids"": [], ""acquisition_complete"": false, ""completed_steps"": [""r1_gear_rod"", ""r2_gear_rod"", ""r2_bearing_right""], ""head_rotation_deg"": null, ""head_translation_m"": null, ""left_hand_translation_m"": null, ""removed_tool_ids"": [14, 15, 21, 26, 27, 28], ""right_hand_translation_m"": null, ""selected_step"": ""r1_bearing_right"", ""step_attempt"": 4, ""step_elapsed_s"": 1.900687149958685, ""step_event_index"": 6, ""total_hand_translation_m"": null, ""trial_finished_elapsed_s"": null, ""trial_recording"": true, ""trial_required_tool_ids"": [19]}"
2026-09-03T21:46:44.799-04:00,junhyun,task_aware,speech_started,lifecycle,r1_bearing_right,Row 1.1: bearing into right stand,ready,4,7,,,,5.085992,,,,,,,,,,,,,,,,,,,,,"{""acquired_tool_ids"": [], ""acquisition_complete"": false, ""completed_steps"": [""r1_gear_rod"", ""r2_gear_rod"", ""r2_bearing_right""], ""head_rotation_deg"": null, ""head_translation_m"": null, ""left_hand_translation_m"": null, ""removed_tool_ids"": [14, 15, 21, 26, 27, 28], ""right_hand_translation_m"": null, ""selected_step"": ""r1_bearing_right"", ""step_attempt"": 4, ""step_elapsed_s"": 5.08600348001346, ""step_event_index"": 7, ""total_hand_translation_m"": null, ""trial_finished_elapsed_s"": null, ""trial_recording"": true, ""trial_required_tool_ids"": [19]}"
2026-09-03T21:46:48.119-04:00,junhyun,task_aware,speech_capture_ended,lifecycle,r1_bearing_right,Row 1.1: bearing into right stand,ready,4,8,,,,8.405782,,,,,,,,,,,,,,,,,,,,,"{""acquired_tool_ids"": [], ""acquisition_complete"": false, ""completed_steps"": [""r1_gear_rod"", ""r2_gear_rod"", ""r2_bearing_right""], ""head_rotation_deg"": null, ""head_translation_m"": null, ""left_hand_translation_m"": null, ""removed_tool_ids"": [14, 15, 21, 26, 27, 28], ""right_hand_translation_m"": null, ""selected_step"": ""r1_bearing_right"", ""step_attempt"": 4, ""step_elapsed_s"": 8.405792973935604, ""step_event_index"": 8, ""total_hand_translation_m"": null, ""trial_finished_elapsed_s"": null, ""trial_recording"": true, ""trial_required_tool_ids"": [19]}"
2026-09-03T21:46:48.169-04:00,junhyun,task_aware,asr_started,lifecycle,r1_bearing_right,Row 1.1: bearing into right stand,ready,4,9,,,,8.455779,,,,,,,,,,,,,,,,,,,,,"{""acquired_tool_ids"": [], ""acquisition_complete"": false, ""completed_steps"": [""r1_gear_rod"", ""r2_gear_rod"", ""r2_bearing_right""], ""head_rotation_deg"": null, ""head_translation_m"": null, ""left_hand_translation_m"": null, ""removed_tool_ids"": [14, 15, 21, 26, 27, 28], ""right_hand_translation_m"": null, ""selected_step"": ""r1_bearing_right"", ""step_attempt"": 4, ""step_elapsed_s"": 8.455794445006177, ""step_event_index"": 9, ""total_hand_translation_m"": null, ""trial_finished_elapsed_s"": null, ""trial_recording"": true, ""trial_required_tool_ids"": [19]}"
2026-09-03T21:46:48.196-04:00,junhyun,task_aware,asr_completed,lifecycle,r1_bearing_right,Row 1.1: bearing into right stand,ready,4,10,,,,8.482313,,,,,,,,,,,,,,,,"Ok, Bering.",,,,,"{""acquired_tool_ids"": [], ""acquisition_complete"": false, ""completed_steps"": [""r1_gear_rod"", ""r2_gear_rod"", ""r2_bearing_right""], ""head_rotation_deg"": null, ""head_translation_m"": null, ""left_hand_translation_m"": null, ""removed_tool_ids"": [14, 15, 21, 26, 27, 28], ""right_hand_translation_m"": null, ""selected_step"": ""r1_bearing_right"", ""step_attempt"": 4, ""step_elapsed_s"": 8.482320828014053, ""step_event_index"": 10, ""total_hand_translation_m"": null, ""trial_finished_elapsed_s"": null, ""trial_recording"": true, ""trial_required_tool_ids"": [19]}"
2026-09-03T21:46:48.680-04:00,junhyun,task_aware,participant_speech_submitted,speech,r1_bearing_right,Row 1.1: bearing into right stand,ready,4,11,,,,8.966351,,,,,,,,,,,,,,,,bearing,,,speech_proxy,,"{""acquired_tool_ids"": [], ""acquisition_complete"": false, ""completed_steps"": [""r1_gear_rod"", ""r2_gear_rod"", ""r2_bearing_right""], ""head_rotation_deg"": null, ""head_translation_m"": null, ""left_hand_translation_m"": null, ""removed_tool_ids"": [14, 15, 21, 26, 27, 28], ""right_hand_translation_m"": null, ""selected_step"": ""r1_bearing_right"", ""step_attempt"": 4, ""step_elapsed_s"": 8.96636345202569, ""step_event_index"": 11, ""total_hand_translation_m"": null, ""trial_finished_elapsed_s"": null, ""trial_recording"": true, ""trial_required_tool_ids"": [19]}"
2026-09-03T21:46:48.713-04:00,junhyun,task_aware,vlm_request_submitted,speech,r1_bearing_right,Row 1.1: bearing into right stand,ready,4,12,,,,9.000107,,,,,,,,,,,,,,,,bearing,,,speech_proxy,,"{""acquired_tool_ids"": [], ""acquisition_complete"": false, ""completed_steps"": [""r1_gear_rod"", ""r2_gear_rod"", ""r2_bearing_right""], ""head_rotation_deg"": null, ""head_translation_m"": null, ""left_hand_translation_m"": null, ""removed_tool_ids"": [14, 15, 21, 26, 27, 28], ""right_hand_translation_m"": null, ""selected_step"": ""r1_bearing_right"", ""step_attempt"": 4, ""step_elapsed_s"": 9.000116407987662, ""step_event_index"": 12, ""total_hand_translation_m"": null, ""trial_finished_elapsed_s"": null, ""trial_recording"": true, ""trial_required_tool_ids"": [19]}"
2026-09-03T21:46:51.386-04:00,junhyun,task_aware,speech_started,lifecycle,r1_bearing_right,Row 1.1: bearing into right stand,ready,4,13,,,,11.672901,,,,,,,,,,,,,,,,,,,,,"{""acquired_tool_ids"": [], ""acquisition_complete"": false, ""completed_steps"": [""r1_gear_rod"", ""r2_gear_rod"", ""r2_bearing_right""], ""head_rotation_deg"": null, ""head_translation_m"": null, ""left_hand_translation_m"": null, ""removed_tool_ids"": [14, 15, 21, 26, 27, 28], ""right_hand_translation_m"": null, ""selected_step"": ""r1_bearing_right"", ""step_attempt"": 4, ""step_elapsed_s"": 11.672911621979438, ""step_event_index"": 13, ""total_hand_translation_m"": null, ""trial_finished_elapsed_s"": null, ""trial_recording"": true, ""trial_required_tool_ids"": [19]}"
2026-09-03T21:46:52.787-04:00,junhyun,task_aware,vlm_inference_completed,lifecycle,r1_bearing_right,Row 1.1: bearing into right stand,ready,4,14,,,,13.073386,,,,,,,,,,,,,,,,bearing,,,BEARING_ROW1,,"{""acquired_tool_ids"": [], ""acquisition_complete"": false, ""completed_steps"": [""r1_gear_rod"", ""r2_gear_rod"", ""r2_bearing_right""], ""head_rotation_deg"": null, ""head_translation_m"": null, ""left_hand_translation_m"": null, ""removed_tool_ids"": [14, 15, 21, 26, 27, 28], ""right_hand_translation_m"": null, ""selected_step"": ""r1_bearing_right"", ""step_attempt"": 4, ""step_elapsed_s"": 13.073395602987148, ""step_event_index"": 14, ""total_hand_translation_m"": null, ""trial_finished_elapsed_s"": null, ""trial_recording"": true, ""trial_required_tool_ids"": [19]}"
2026-09-03T21:46:52.836-04:00,junhyun,task_aware,vlm_interaction,language,r1_bearing_right,Row 1.1: bearing into right stand,ready,4,15,,,,,,,,,,,,,,,,,,,,bearing,BEARING_ROW1,"{""intent"":""part_reference"",""part_action"":""reference"",""reference_relation"":""direct"",""step_scope"":""selected_step"",""target"":""BEARING_ROW1_RIGHT"",""candidates"":[],""exclude_labels"":[]}",language_grounded,I identified and highlighted the Row 1 bearings.,"{""acquired_tool_ids"": [], ""acquisition_complete"": false, ""completed_steps"": [""r1_gear_rod"", ""r2_gear_rod"", ""r2_bearing_right""], ""head_rotation_deg"": null, ""head_translation_m"": null, ""left_hand_translation_m"": null, ""removed_tool_ids"": [14, 15, 21, 26, 27, 28], ""right_hand_translation_m"": null, ""selected_step"": ""r1_bearing_right"", ""step_attempt"": 4, ""step_elapsed_s"": 13.122972371987998, ""step_event_index"": 15, ""total_hand_translation_m"": null, ""trial_finished_elapsed_s"": null, ""trial_recording"": true, ""trial_required_tool_ids"": [19]}"
2026-09-03T21:46:53.690-04:00,junhyun,task_aware,speech_capture_ended,lifecycle,r1_bearing_right,Row 1.1: bearing into right stand,ready,4,16,,,,13.976814,,,,,,,,,,,,,,,,,,,,,"{""acquired_tool_ids"": [], ""acquisition_complete"": false, ""completed_steps"": [""r1_gear_rod"", ""r2_gear_rod"", ""r2_bearing_right""], ""head_rotation_deg"": null, ""head_translation_m"": null, ""left_hand_translation_m"": null, ""removed_tool_ids"": [14, 15, 21, 26, 27, 28], ""right_hand_translation_m"": null, ""selected_step"": ""r1_bearing_right"", ""step_attempt"": 4, ""step_elapsed_s"": 13.976825057994574, ""step_event_index"": 16, ""total_hand_translation_m"": null, ""trial_finished_elapsed_s"": null, ""trial_recording"": true, ""trial_required_tool_ids"": [19]}"
2026-09-03T21:46:53.738-04:00,junhyun,task_aware,asr_started,lifecycle,r1_bearing_right,Row 1.1: bearing into right stand,ready,4,17,,,,14.024357,,,,,,,,,,,,,,,,,,,,,"{""acquired_tool_ids"": [], ""acquisition_complete"": false, ""completed_steps"": [""r1_gear_rod"", ""r2_gear_rod"", ""r2_bearing_right""], ""head_rotation_deg"": null, ""head_translation_m"": null, ""left_hand_translation_m"": null, ""removed_tool_ids"": [14, 15, 21, 26, 27, 28], ""right_hand_translation_m"": null, ""selected_step"": ""r1_bearing_right"", ""step_attempt"": 4, ""step_elapsed_s"": 14.024369959020987, ""step_event_index"": 17, ""total_hand_translation_m"": null, ""trial_finished_elapsed_s"": null, ""trial_recording"": true, ""trial_required_tool_ids"": [19]}"
2026-09-03T21:46:53.763-04:00,junhyun,task_aware,asr_completed,lifecycle,r1_bearing_right,Row 1.1: bearing into right stand,ready,4,18,,,,14.049313,,,,,,,,,,,,,,,,"Right here, sand.",,,,,"{""acquired_tool_ids"": [], ""acquisition_complete"": false, ""completed_steps"": [""r1_gear_rod"", ""r2_gear_rod"", ""r2_bearing_right""], ""head_rotation_deg"": null, ""head_translation_m"": null, ""left_hand_translation_m"": null, ""removed_tool_ids"": [14, 15, 21, 26, 27, 28], ""right_hand_translation_m"": null, ""selected_step"": ""r1_bearing_right"", ""step_attempt"": 4, ""step_elapsed_s"": 14.049323134939186, ""step_event_index"": 18, ""total_hand_translation_m"": null, ""trial_finished_elapsed_s"": null, ""trial_recording"": true, ""trial_required_tool_ids"": [19]}"
2026-09-03T21:46:54.939-04:00,junhyun,task_aware,participant_speech_submitted,speech,r1_bearing_right,Row 1.1: bearing into right stand,ready,4,19,,,,15.225336,,,,,,,,,,,,,,,,right gear stand,,,speech_proxy,,"{""acquired_tool_ids"": [], ""acquisition_complete"": false, ""completed_steps"": [""r1_gear_rod"", ""r2_gear_rod"", ""r2_bearing_right""], ""head_rotation_deg"": null, ""head_translation_m"": null, ""left_hand_translation_m"": null, ""removed_tool_ids"": [14, 15, 21, 26, 27, 28], ""right_hand_translation_m"": null, ""selected_step"": ""r1_bearing_right"", ""step_attempt"": 4, ""step_elapsed_s"": 15.225355300935917, ""step_event_index"": 19, ""total_hand_translation_m"": null, ""trial_finished_elapsed_s"": null, ""trial_recording"": true, ""trial_required_tool_ids"": [19]}"
2026-09-03T21:46:54.987-04:00,junhyun,task_aware,vlm_request_submitted,speech,r1_bearing_right,Row 1.1: bearing into right stand,ready,4,20,,,,15.273865,,,,,,,,,,,,,,,,right gear stand,,,speech_proxy,,"{""acquired_tool_ids"": [], ""acquisition_complete"": false, ""completed_steps"": [""r1_gear_rod"", ""r2_gear_rod"", ""r2_bearing_right""], ""head_rotation_deg"": null, ""head_translation_m"": null, ""left_hand_translation_m"": null, ""removed_tool_ids"": [14, 15, 21, 26, 27, 28], ""right_hand_translation_m"": null, ""selected_step"": ""r1_bearing_right"", ""step_attempt"": 4, ""step_elapsed_s"": 15.273878148989752, ""step_event_index"": 20, ""total_hand_translation_m"": null, ""trial_finished_elapsed_s"": null, ""trial_recording"": true, ""trial_required_tool_ids"": [19]}"
2026-09-03T21:46:58.989-04:00,junhyun,task_aware,vlm_inference_completed,lifecycle,r1_bearing_right,Row 1.1: bearing into right stand,ready,4,21,,,,19.275520,,,,,,,,,,,,,,,,right gear stand,,,STAND_ROW1_RIGHT,,"{""acquired_tool_ids"": [], ""acquisition_complete"": false, ""completed_steps"": [""r1_gear_rod"", ""r2_gear_rod"", ""r2_bearing_right""], ""head_rotation_deg"": null, ""head_translation_m"": null, ""left_hand_translation_m"": null, ""removed_tool_ids"": [14, 15, 21, 26, 27, 28], ""right_hand_translation_m"": null, ""selected_step"": ""r1_bearing_right"", ""step_attempt"": 4, ""step_elapsed_s"": 19.275529681006446, ""step_event_index"": 21, ""total_hand_translation_m"": null, ""trial_finished_elapsed_s"": null, ""trial_recording"": true, ""trial_required_tool_ids"": [19]}"
2026-09-03T21:46:59.036-04:00,junhyun,task_aware,vlm_interaction,language,r1_bearing_right,Row 1.1: bearing into right stand,ready,4,22,,,,,,,,,,,,,,,,,,,,right gear stand,STAND_ROW1_RIGHT,"{""intent"":""part_reference"",""part_action"":""reference"",""reference_relation"":""direct"",""step_scope"":"""",""target"":""STAND_ROW1_RIGHT"",""candidates"":[],""exclude_labels"":[]}",language_grounded,I identified and highlighted the Row 1 right stand.,"{""acquired_tool_ids"": [], ""acquisition_complete"": false, ""completed_steps"": [""r1_gear_rod"", ""r2_gear_rod"", ""r2_bearing_right""], ""head_rotation_deg"": null, ""head_translation_m"": null, ""left_hand_translation_m"": null, ""removed_tool_ids"": [14, 15, 21, 26, 27, 28], ""right_hand_translation_m"": null, ""selected_step"": ""r1_bearing_right"", ""step_attempt"": 4, ""step_elapsed_s"": 19.323093900922686, ""step_event_index"": 22, ""total_hand_translation_m"": null, ""trial_finished_elapsed_s"": null, ""trial_recording"": true, ""trial_required_tool_ids"": [19]}"
2026-09-03T21:46:59.061-04:00,junhyun,task_aware,part_selection,language,r1_bearing_right,Row 1.1: bearing into right stand,ready,4,23,19,GEAR_STAND_ROW1_RIGHT,19.347691,19.347691,,,,,,,,,,,,,,,1,,,,,,"{""acquired_tool_ids"": [19], ""acquisition_complete"": false, ""completed_steps"": [""r1_gear_rod"", ""r2_gear_rod"", ""r2_bearing_right""], ""head_rotation_deg"": null, ""head_translation_m"": null, ""left_hand_translation_m"": null, ""removed_tool_ids"": [14, 15, 21, 26, 27, 28], ""right_hand_translation_m"": null, ""selected_step"": ""r1_bearing_right"", ""step_attempt"": 4, ""step_elapsed_s"": 19.34776073298417, ""step_event_index"": 23, ""total_hand_translation_m"": null, ""trial_finished_elapsed_s"": null, ""trial_recording"": true, ""trial_required_tool_ids"": [19]}"
2026-09-03T21:46:59.074-04:00,junhyun,task_aware,object_acquired,language,r1_bearing_right,Row 1.1: bearing into right stand,ready,4,24,19,GEAR_STAND_ROW1_RIGHT,19.347691,19.347691,,,,,,,,,,,,,,,1,,,,,,"{""acquired_tool_ids"": [19], ""acquisition_complete"": false, ""completed_steps"": [""r1_gear_rod"", ""r2_gear_rod"", ""r2_bearing_right""], ""head_rotation_deg"": null, ""head_translation_m"": null, ""left_hand_translation_m"": null, ""removed_tool_ids"": [14, 15, 21, 26, 27, 28], ""right_hand_translation_m"": null, ""selected_step"": ""r1_bearing_right"", ""step_attempt"": 4, ""step_elapsed_s"": 19.3602888219757, ""step_event_index"": 24, ""total_hand_translation_m"": null, ""trial_finished_elapsed_s"": null, ""trial_recording"": true, ""trial_required_tool_ids"": [19]}"
2026-09-03T21:46:59.110-04:00,junhyun,task_aware,step_acquisition_complete,language,r1_bearing_right,Row 1.1: bearing into right stand,ready,4,25,,,,19.395368,1.324692,366.549903,2.168983,10.706124,12.875107,0.000000,0.000000,0.000000,0.000000,0,0,0.000000,0.000000,0.000000,,,,,,,"{""acquired_tool_ids"": [19], ""acquisition_complete"": true, ""any_hover_time_s"": 0.0, ""completed_steps"": [""r1_gear_rod"", ""r2_gear_rod"", ""r2_bearing_right""], ""head_rotation_deg"": 366.54990318127125, ""head_translation_m"": 1.3246922526126153, ""hover_time_percent"": 0.0, ""left_hand_translation_m"": 2.1689830833015873, ""left_hover_episodes"": 0, ""left_hover_time_s"": 0.0, ""left_hover_translation_m"": 0.0, ""removed_tool_ids"": [14, 15, 19, 21, 26, 27, 28], ""right_hand_translation_m"": 10.706123859926018, ""right_hover_episodes"": 0, ""right_hover_time_s"": 0.0, ""right_hover_translation_m"": 0.0, ""selected_step"": ""r1_bearing_right"", ""step_attempt"": 4, ""step_elapsed_s"": 19.395367757999338, ""step_event_index"": 25, ""total_hand_translation_m"": 12.875106943227605, ""total_hover_translation_m"": 0.0, ""trial_finished_elapsed_s"": 19.395367757999338, ""trial_recording"": false, ""trial_required_tool_ids"": [19]}"
2026-09-03T21:46:59.129-04:00,junhyun,task_aware,graph_complete,,r1_bearing_right,Row 1.1: bearing into right stand,complete,4,26,,,,,,,,,,,,,,,,,,,,,,,,,"{""acquired_tool_ids"": [19], ""acquisition_complete"": true, ""any_hover_time_s"": 0.0, ""completed_steps"": [""r1_gear_rod"", ""r2_gear_rod"", ""r2_bearing_right"", ""r1_bearing_right""], ""head_rotation_deg"": 366.54990318127125, ""head_translation_m"": 1.3246922526126153, ""hover_time_percent"": 0.0, ""left_hand_translation_m"": 2.1689830833015873, ""left_hover_episodes"": 0, ""left_hover_time_s"": 0.0, ""left_hover_translation_m"": 0.0, ""removed_tool_ids"": [14, 15, 19, 21, 26, 27, 28], ""right_hand_translation_m"": 10.706123859926018, ""right_hover_episodes"": 0, ""right_hover_time_s"": 0.0, ""right_hover_translation_m"": 0.0, ""selected_step"": ""r1_bearing_right"", ""step_attempt"": 4, ""step_elapsed_s"": 19.395367757999338, ""step_event_index"": 26, ""total_hand_translation_m"": 12.875106943227605, ""total_hover_translation_m"": 0.0, ""trial_finished_elapsed_s"": 19.395367757999338, ""trial_recording"": false, ""trial_required_tool_ids"": [19]}"
2026-09-03T21:47:06.477-04:00,junhyun,task_aware,step_started,keyboard,r1_bearing_left,Row 1.3: bearing into left stand,ready,5,1,,,,,,,,,,,,,,,,,,,,,,,,,"{""acquired_tool_ids"": [], ""acquisition_complete"": false, ""completed_steps"": [""r1_gear_rod"", ""r2_gear_rod"", ""r2_bearing_right"", ""r1_bearing_right""], ""head_rotation_deg"": null, ""head_translation_m"": null, ""left_hand_translation_m"": null, ""removed_tool_ids"": [14, 15, 19, 21, 26, 27, 28], ""right_hand_translation_m"": null, ""selected_step"": ""r1_bearing_left"", ""step_attempt"": 5, ""step_elapsed_s"": 0.0005353239830583334, ""step_event_index"": 1, ""total_hand_translation_m"": null, ""trial_finished_elapsed_s"": null, ""trial_recording"": true, ""trial_required_tool_ids"": [18, 34]}"
2026-09-03T21:47:06.516-04:00,junhyun,task_aware,task_aware_highlight_presented,system,r1_bearing_left,Row 1.3: bearing into left stand,ready,5,2,,,,,,,,,,,,,,,,,,,,,"[34, 18]",,task_aware_proactive_highlight,,"{""acquired_tool_ids"": [], ""acquisition_complete"": false, ""completed_steps"": [""r1_gear_rod"", ""r2_gear_rod"", ""r2_bearing_right"", ""r1_bearing_right""], ""head_rotation_deg"": null, ""head_translation_m"": null, ""left_hand_translation_m"": null, ""removed_tool_ids"": [14, 15, 19, 21, 26, 27, 28], ""right_hand_translation_m"": null, ""selected_step"": ""r1_bearing_left"", ""step_attempt"": 5, ""step_elapsed_s"": 0.03940591309219599, ""step_event_index"": 2, ""total_hand_translation_m"": null, ""trial_finished_elapsed_s"": null, ""trial_recording"": true, ""trial_required_tool_ids"": [18, 34]}"
2026-09-03T21:47:07.927-04:00,junhyun,task_aware,speech_started,lifecycle,r1_bearing_left,Row 1.3: bearing into left stand,ready,5,3,,,,1.449934,,,,,,,,,,,,,,,,,,,,,"{""acquired_tool_ids"": [], ""acquisition_complete"": false, ""completed_steps"": [""r1_gear_rod"", ""r2_gear_rod"", ""r2_bearing_right"", ""r1_bearing_right""], ""head_rotation_deg"": null, ""head_translation_m"": null, ""left_hand_translation_m"": null, ""removed_tool_ids"": [14, 15, 19, 21, 26, 27, 28], ""right_hand_translation_m"": null, ""selected_step"": ""r1_bearing_left"", ""step_attempt"": 5, ""step_elapsed_s"": 1.4499449930153787, ""step_event_index"": 3, ""total_hand_translation_m"": null, ""trial_finished_elapsed_s"": null, ""trial_recording"": true, ""trial_required_tool_ids"": [18, 34]}"
2026-09-03T21:47:10.037-04:00,junhyun,task_aware,speech_capture_ended,lifecycle,r1_bearing_left,Row 1.3: bearing into left stand,ready,5,4,,,,3.559859,,,,,,,,,,,,,,,,,,,,,"{""acquired_tool_ids"": [], ""acquisition_complete"": false, ""completed_steps"": [""r1_gear_rod"", ""r2_gear_rod"", ""r2_bearing_right"", ""r1_bearing_right""], ""head_rotation_deg"": null, ""head_translation_m"": null, ""left_hand_translation_m"": null, ""removed_tool_ids"": [14, 15, 19, 21, 26, 27, 28], ""right_hand_translation_m"": null, ""selected_step"": ""r1_bearing_left"", ""step_attempt"": 5, ""step_elapsed_s"": 3.5598696700762957, ""step_event_index"": 4, ""total_hand_translation_m"": null, ""trial_finished_elapsed_s"": null, ""trial_recording"": true, ""trial_required_tool_ids"": [18, 34]}"
2026-09-03T21:47:10.076-04:00,junhyun,task_aware,asr_started,lifecycle,r1_bearing_left,Row 1.3: bearing into left stand,ready,5,5,,,,3.598827,,,,,,,,,,,,,,,,,,,,,"{""acquired_tool_ids"": [], ""acquisition_complete"": false, ""completed_steps"": [""r1_gear_rod"", ""r2_gear_rod"", ""r2_bearing_right"", ""r1_bearing_right""], ""head_rotation_deg"": null, ""head_translation_m"": null, ""left_hand_translation_m"": null, ""removed_tool_ids"": [14, 15, 19, 21, 26, 27, 28], ""right_hand_translation_m"": null, ""selected_step"": ""r1_bearing_left"", ""step_attempt"": 5, ""step_elapsed_s"": 3.5988409590208903, ""step_event_index"": 5, ""total_hand_translation_m"": null, ""trial_finished_elapsed_s"": null, ""trial_recording"": true, ""trial_required_tool_ids"": [18, 34]}"
2026-09-03T21:47:10.126-04:00,junhyun,task_aware,asr_completed,lifecycle,r1_bearing_left,Row 1.3: bearing into left stand,ready,5,6,,,,3.649078,,,,,,,,,,,,,,,,Care stand.,,,,,"{""acquired_tool_ids"": [], ""acquisition_complete"": false, ""completed_steps"": [""r1_gear_rod"", ""r2_gear_rod"", ""r2_bearing_right"", ""r1_bearing_right""], ""head_rotation_deg"": null, ""head_translation_m"": null, ""left_hand_translation_m"": null, ""removed_tool_ids"": [14, 15, 19, 21, 26, 27, 28], ""right_hand_translation_m"": null, ""selected_step"": ""r1_bearing_left"", ""step_attempt"": 5, ""step_elapsed_s"": 3.6490940570365638, ""step_event_index"": 6, ""total_hand_translation_m"": null, ""trial_finished_elapsed_s"": null, ""trial_recording"": true, ""trial_required_tool_ids"": [18, 34]}"
2026-09-03T21:47:10.246-04:00,junhyun,task_aware,participant_speech_submitted,speech,r1_bearing_left,Row 1.3: bearing into left stand,ready,5,7,,,,3.768935,,,,,,,,,,,,,,,,gearstand,,,speech_proxy,,"{""acquired_tool_ids"": [], ""acquisition_complete"": false, ""completed_steps"": [""r1_gear_rod"", ""r2_gear_rod"", ""r2_bearing_right"", ""r1_bearing_right""], ""head_rotation_deg"": null, ""head_translation_m"": null, ""left_hand_translation_m"": null, ""removed_tool_ids"": [14, 15, 19, 21, 26, 27, 28], ""right_hand_translation_m"": null, ""selected_step"": ""r1_bearing_left"", ""step_attempt"": 5, ""step_elapsed_s"": 3.768948156037368, ""step_event_index"": 7, ""total_hand_translation_m"": null, ""trial_finished_elapsed_s"": null, ""trial_recording"": true, ""trial_required_tool_ids"": [18, 34]}"
2026-09-03T21:47:10.870-04:00,junhyun,task_aware,vlm_request_submitted,speech,r1_bearing_left,Row 1.3: bearing into left stand,ready,5,8,,,,4.393221,,,,,,,,,,,,,,,,gearstand,,,speech_proxy,,"{""acquired_tool_ids"": [], ""acquisition_complete"": false, ""completed_steps"": [""r1_gear_rod"", ""r2_gear_rod"", ""r2_bearing_right"", ""r1_bearing_right""], ""head_rotation_deg"": null, ""head_translation_m"": null, ""left_hand_translation_m"": null, ""removed_tool_ids"": [14, 15, 19, 21, 26, 27, 28], ""right_hand_translation_m"": null, ""selected_step"": ""r1_bearing_left"", ""step_attempt"": 5, ""step_elapsed_s"": 4.393238994991407, ""step_event_index"": 8, ""total_hand_translation_m"": null, ""trial_finished_elapsed_s"": null, ""trial_recording"": true, ""trial_required_tool_ids"": [18, 34]}"
2026-09-03T21:47:14.997-04:00,junhyun,task_aware,vlm_inference_completed,lifecycle,r1_bearing_left,Row 1.3: bearing into left stand,ready,5,9,,,,8.520176,,,,,,,,,,,,,,,,gearstand,,,STAND_ROW1_LEFT,,"{""acquired_tool_ids"": [], ""acquisition_complete"": false, ""completed_steps"": [""r1_gear_rod"", ""r2_gear_rod"", ""r2_bearing_right"", ""r1_bearing_right""], ""head_rotation_deg"": null, ""head_translation_m"": null, ""left_hand_translation_m"": null, ""removed_tool_ids"": [14, 15, 19, 21, 26, 27, 28], ""right_hand_translation_m"": null, ""selected_step"": ""r1_bearing_left"", ""step_attempt"": 5, ""step_elapsed_s"": 8.520184851018712, ""step_event_index"": 9, ""total_hand_translation_m"": null, ""trial_finished_elapsed_s"": null, ""trial_recording"": true, ""trial_required_tool_ids"": [18, 34]}"
2026-09-03T21:47:15.014-04:00,junhyun,task_aware,vlm_interaction,language,r1_bearing_left,Row 1.3: bearing into left stand,ready,5,10,,,,,,,,,,,,,,,,,,,,gearstand,STAND_ROW1_LEFT,"{""intent"":""part_reference"",""part_action"":""reference"",""reference_relation"":""direct"",""step_scope"":""selected_step"",""target"":""STAND_ROW1_LEFT"",""candidates"":[],""exclude_labels"":[]}",language_grounded,I identified and highlighted the Row 1 left stand.,"{""acquired_tool_ids"": [], ""acquisition_complete"": false, ""completed_steps"": [""r1_gear_rod"", ""r2_gear_rod"", ""r2_bearing_right"", ""r1_bearing_right""], ""head_rotation_deg"": null, ""head_translation_m"": null, ""left_hand_translation_m"": null, ""removed_tool_ids"": [14, 15, 19, 21, 26, 27, 28], ""right_hand_translation_m"": null, ""selected_step"": ""r1_bearing_left"", ""step_attempt"": 5, ""step_elapsed_s"": 8.537653209990822, ""step_event_index"": 10, ""total_hand_translation_m"": null, ""trial_finished_elapsed_s"": null, ""trial_recording"": true, ""trial_required_tool_ids"": [18, 34]}"
2026-09-03T21:47:15.037-04:00,junhyun,task_aware,part_selection,language,r1_bearing_left,Row 1.3: bearing into left stand,ready,5,11,18,GEAR_STAND_ROW1_LEFT,8.559917,8.559917,,,,,,,,,,,,,,,1,,,,,,"{""acquired_tool_ids"": [18], ""acquisition_complete"": false, ""completed_steps"": [""r1_gear_rod"", ""r2_gear_rod"", ""r2_bearing_right"", ""r1_bearing_right""], ""head_rotation_deg"": null, ""head_translation_m"": null, ""left_hand_translation_m"": null, ""removed_tool_ids"": [14, 15, 19, 21, 26, 27, 28], ""right_hand_translation_m"": null, ""selected_step"": ""r1_bearing_left"", ""step_attempt"": 5, ""step_elapsed_s"": 8.559960721991956, ""step_event_index"": 11, ""total_hand_translation_m"": null, ""trial_finished_elapsed_s"": null, ""trial_recording"": true, ""trial_required_tool_ids"": [18, 34]}"
2026-09-03T21:47:15.048-04:00,junhyun,task_aware,object_acquired,language,r1_bearing_left,Row 1.3: bearing into left stand,ready,5,12,18,GEAR_STAND_ROW1_LEFT,8.559917,8.559917,,,,,,,,,,,,,,,1,,,,,,"{""acquired_tool_ids"": [18], ""acquisition_complete"": false, ""completed_steps"": [""r1_gear_rod"", ""r2_gear_rod"", ""r2_bearing_right"", ""r1_bearing_right""], ""head_rotation_deg"": null, ""head_translation_m"": null, ""left_hand_translation_m"": null, ""removed_tool_ids"": [14, 15, 19, 21, 26, 27, 28], ""right_hand_translation_m"": null, ""selected_step"": ""r1_bearing_left"", ""step_attempt"": 5, ""step_elapsed_s"": 8.570884392014705, ""step_event_index"": 12, ""total_hand_translation_m"": null, ""trial_finished_elapsed_s"": null, ""trial_recording"": true, ""trial_required_tool_ids"": [18, 34]}"
2026-09-03T21:47:15.080-04:00,junhyun,task_aware,tts_queued,lifecycle,r1_bearing_left,Row 1.3: bearing into left stand,ready,5,13,,,,8.603242,,,,,,,,,,,,,,,,1 part left.,,,replace,,"{""acquired_tool_ids"": [18], ""acquisition_complete"": false, ""completed_steps"": [""r1_gear_rod"", ""r2_gear_rod"", ""r2_bearing_right"", ""r1_bearing_right""], ""head_rotation_deg"": null, ""head_translation_m"": null, ""left_hand_translation_m"": null, ""removed_tool_ids"": [14, 15, 19, 21, 26, 27, 28], ""right_hand_translation_m"": null, ""selected_step"": ""r1_bearing_left"", ""step_attempt"": 5, ""step_elapsed_s"": 8.6032495200634, ""step_event_index"": 13, ""total_hand_translation_m"": null, ""trial_finished_elapsed_s"": null, ""trial_recording"": true, ""trial_required_tool_ids"": [18, 34]}"
2026-09-03T21:47:15.152-04:00,junhyun,task_aware,tts_started,lifecycle,r1_bearing_left,Row 1.3: bearing into left stand,ready,5,14,,,,8.675200,,,,,,,,,,,,,,,,1 part left.,,,,,"{""acquired_tool_ids"": [18], ""acquisition_complete"": false, ""completed_steps"": [""r1_gear_rod"", ""r2_gear_rod"", ""r2_bearing_right"", ""r1_bearing_right""], ""head_rotation_deg"": null, ""head_translation_m"": null, ""left_hand_translation_m"": null, ""removed_tool_ids"": [14, 15, 19, 21, 26, 27, 28], ""right_hand_translation_m"": null, ""selected_step"": ""r1_bearing_left"", ""step_attempt"": 5, ""step_elapsed_s"": 8.675209591980092, ""step_event_index"": 14, ""total_hand_translation_m"": null, ""trial_finished_elapsed_s"": null, ""trial_recording"": true, ""trial_required_tool_ids"": [18, 34]}"
2026-09-03T21:47:16.389-04:00,junhyun,task_aware,tts_finished,lifecycle,r1_bearing_left,Row 1.3: bearing into left stand,ready,5,15,,,,9.912417,,,,,,,,,,,,,,,,1 part left.,,,,,"{""acquired_tool_ids"": [18], ""acquisition_complete"": false, ""completed_steps"": [""r1_gear_rod"", ""r2_gear_rod"", ""r2_bearing_right"", ""r1_bearing_right""], ""head_rotation_deg"": null, ""head_translation_m"": null, ""left_hand_translation_m"": null, ""removed_tool_ids"": [14, 15, 19, 21, 26, 27, 28], ""right_hand_translation_m"": null, ""selected_step"": ""r1_bearing_left"", ""step_attempt"": 5, ""step_elapsed_s"": 9.912427955074236, ""step_event_index"": 15, ""total_hand_translation_m"": null, ""trial_finished_elapsed_s"": null, ""trial_recording"": true, ""trial_required_tool_ids"": [18, 34]}"
2026-09-03T21:47:18.149-04:00,junhyun,task_aware,speech_started,lifecycle,r1_bearing_left,Row 1.3: bearing into left stand,ready,5,16,,,,11.672291,,,,,,,,,,,,,,,,,,,,,"{""acquired_tool_ids"": [18], ""acquisition_complete"": false, ""completed_steps"": [""r1_gear_rod"", ""r2_gear_rod"", ""r2_bearing_right"", ""r1_bearing_right""], ""head_rotation_deg"": null, ""head_translation_m"": null, ""left_hand_translation_m"": null, ""removed_tool_ids"": [14, 15, 19, 21, 26, 27, 28], ""right_hand_translation_m"": null, ""selected_step"": ""r1_bearing_left"", ""step_attempt"": 5, ""step_elapsed_s"": 11.672300711041316, ""step_event_index"": 16, ""total_hand_translation_m"": null, ""trial_finished_elapsed_s"": null, ""trial_recording"": true, ""trial_required_tool_ids"": [18, 34]}"
2026-09-03T21:47:20.089-04:00,junhyun,task_aware,speech_capture_ended,lifecycle,r1_bearing_left,Row 1.3: bearing into left stand,ready,5,17,,,,13.611865,,,,,,,,,,,,,,,,,,,,,"{""acquired_tool_ids"": [18], ""acquisition_complete"": false, ""completed_steps"": [""r1_gear_rod"", ""r2_gear_rod"", ""r2_bearing_right"", ""r1_bearing_right""], ""head_rotation_deg"": null, ""head_translation_m"": null, ""left_hand_translation_m"": null, ""removed_tool_ids"": [14, 15, 19, 21, 26, 27, 28], ""right_hand_translation_m"": null, ""selected_step"": ""r1_bearing_left"", ""step_attempt"": 5, ""step_elapsed_s"": 13.611874977010302, ""step_event_index"": 17, ""total_hand_translation_m"": null, ""trial_finished_elapsed_s"": null, ""trial_recording"": true, ""trial_required_tool_ids"": [18, 34]}"
2026-09-03T21:47:20.123-04:00,junhyun,task_aware,asr_started,lifecycle,r1_bearing_left,Row 1.3: bearing into left stand,ready,5,18,,,,13.646197,,,,,,,,,,,,,,,,,,,,,"{""acquired_tool_ids"": [18], ""acquisition_complete"": false, ""completed_steps"": [""r1_gear_rod"", ""r2_gear_rod"", ""r2_bearing_right"", ""r1_bearing_right""], ""head_rotation_deg"": null, ""head_translation_m"": null, ""left_hand_translation_m"": null, ""removed_tool_ids"": [14, 15, 19, 21, 26, 27, 28], ""right_hand_translation_m"": null, ""selected_step"": ""r1_bearing_left"", ""step_attempt"": 5, ""step_elapsed_s"": 13.646216102060862, ""step_event_index"": 18, ""total_hand_translation_m"": null, ""trial_finished_elapsed_s"": null, ""trial_recording"": true, ""trial_required_tool_ids"": [18, 34]}"
2026-09-03T21:47:20.151-04:00,junhyun,task_aware,asr_completed,lifecycle,r1_bearing_left,Row 1.3: bearing into left stand,ready,5,19,,,,13.674145,,,,,,,,,,,,,,,,Pairing.,,,,,"{""acquired_tool_ids"": [18], ""acquisition_complete"": false, ""completed_steps"": [""r1_gear_rod"", ""r2_gear_rod"", ""r2_bearing_right"", ""r1_bearing_right""], ""head_rotation_deg"": null, ""head_translation_m"": null, ""left_hand_translation_m"": null, ""removed_tool_ids"": [14, 15, 19, 21, 26, 27, 28], ""right_hand_translation_m"": null, ""selected_step"": ""r1_bearing_left"", ""step_attempt"": 5, ""step_elapsed_s"": 13.674154982087202, ""step_event_index"": 19, ""total_hand_translation_m"": null, ""trial_finished_elapsed_s"": null, ""trial_recording"": true, ""trial_required_tool_ids"": [18, 34]}"
2026-09-03T21:47:20.498-04:00,junhyun,task_aware,participant_speech_submitted,speech,r1_bearing_left,Row 1.3: bearing into left stand,ready,5,20,,,,14.021649,,,,,,,,,,,,,,,,bearing,,,speech_proxy,,"{""acquired_tool_ids"": [18], ""acquisition_complete"": false, ""completed_steps"": [""r1_gear_rod"", ""r2_gear_rod"", ""r2_bearing_right"", ""r1_bearing_right""], ""head_rotation_deg"": null, ""head_translation_m"": null, ""left_hand_translation_m"": null, ""removed_tool_ids"": [14, 15, 19, 21, 26, 27, 28], ""right_hand_translation_m"": null, ""selected_step"": ""r1_bearing_left"", ""step_attempt"": 5, ""step_elapsed_s"": 14.02166125306394, ""step_event_index"": 20, ""total_hand_translation_m"": null, ""trial_finished_elapsed_s"": null, ""trial_recording"": true, ""trial_required_tool_ids"": [18, 34]}"
2026-09-03T21:47:20.539-04:00,junhyun,task_aware,vlm_request_submitted,speech,r1_bearing_left,Row 1.3: bearing into left stand,ready,5,21,,,,14.062222,,,,,,,,,,,,,,,,bearing,,,speech_proxy,,"{""acquired_tool_ids"": [18], ""acquisition_complete"": false, ""completed_steps"": [""r1_gear_rod"", ""r2_gear_rod"", ""r2_bearing_right"", ""r1_bearing_right""], ""head_rotation_deg"": null, ""head_translation_m"": null, ""left_hand_translation_m"": null, ""removed_tool_ids"": [14, 15, 19, 21, 26, 27, 28], ""right_hand_translation_m"": null, ""selected_step"": ""r1_bearing_left"", ""step_attempt"": 5, ""step_elapsed_s"": 14.06223514501471, ""step_event_index"": 21, ""total_hand_translation_m"": null, ""trial_finished_elapsed_s"": null, ""trial_recording"": true, ""trial_required_tool_ids"": [18, 34]}"
2026-09-03T21:47:24.684-04:00,junhyun,task_aware,vlm_inference_completed,lifecycle,r1_bearing_left,Row 1.3: bearing into left stand,ready,5,22,,,,18.207523,,,,,,,,,,,,,,,,bearing,,,BEARING_ROW1,,"{""acquired_tool_ids"": [18], ""acquisition_complete"": false, ""completed_steps"": [""r1_gear_rod"", ""r2_gear_rod"", ""r2_bearing_right"", ""r1_bearing_right""], ""head_rotation_deg"": null, ""head_translation_m"": null, ""left_hand_translation_m"": null, ""removed_tool_ids"": [14, 15, 19, 21, 26, 27, 28], ""right_hand_translation_m"": null, ""selected_step"": ""r1_bearing_left"", ""step_attempt"": 5, ""step_elapsed_s"": 18.207532995031215, ""step_event_index"": 22, ""total_hand_translation_m"": null, ""trial_finished_elapsed_s"": null, ""trial_recording"": true, ""trial_required_tool_ids"": [18, 34]}"
2026-09-03T21:47:24.724-04:00,junhyun,task_aware,vlm_interaction,language,r1_bearing_left,Row 1.3: bearing into left stand,ready,5,23,,,,,,,,,,,,,,,,,,,,bearing,BEARING_ROW1,"{""intent"":""part_reference"",""part_action"":""reference"",""reference_relation"":""direct"",""step_scope"":""selected_step"",""target"":""BEARING_ROW1_LEFT"",""candidates"":[],""exclude_labels"":[]}",language_grounded,I identified and highlighted the Row 1 bearings.,"{""acquired_tool_ids"": [18], ""acquisition_complete"": false, ""completed_steps"": [""r1_gear_rod"", ""r2_gear_rod"", ""r2_bearing_right"", ""r1_bearing_right""], ""head_rotation_deg"": null, ""head_translation_m"": null, ""left_hand_translation_m"": null, ""removed_tool_ids"": [14, 15, 19, 21, 26, 27, 28], ""right_hand_translation_m"": null, ""selected_step"": ""r1_bearing_left"", ""step_attempt"": 5, ""step_elapsed_s"": 18.246805828996003, ""step_event_index"": 23, ""total_hand_translation_m"": null, ""trial_finished_elapsed_s"": null, ""trial_recording"": true, ""trial_required_tool_ids"": [18, 34]}"
2026-09-03T21:47:24.769-04:00,junhyun,task_aware,part_selection,language,r1_bearing_left,Row 1.3: bearing into left stand,ready,5,24,34,BEARINGS,9.732603,18.292520,,,,,,,,,,,,,,,1,,,,,,"{""acquired_tool_ids"": [18, 34], ""acquisition_complete"": false, ""completed_steps"": [""r1_gear_rod"", ""r2_gear_rod"", ""r2_bearing_right"", ""r1_bearing_right""], ""head_rotation_deg"": null, ""head_translation_m"": null, ""left_hand_translation_m"": null, ""removed_tool_ids"": [14, 15, 19, 21, 26, 27, 28], ""right_hand_translation_m"": null, ""selected_step"": ""r1_bearing_left"", ""step_attempt"": 5, ""step_elapsed_s"": 18.292564745992422, ""step_event_index"": 24, ""total_hand_translation_m"": null, ""trial_finished_elapsed_s"": null, ""trial_recording"": true, ""trial_required_tool_ids"": [18, 34]}"
2026-09-03T21:47:24.789-04:00,junhyun,task_aware,object_acquired,language,r1_bearing_left,Row 1.3: bearing into left stand,ready,5,25,34,BEARINGS,9.732603,18.292520,,,,,,,,,,,,,,,1,,,,,,"{""acquired_tool_ids"": [18, 34], ""acquisition_complete"": false, ""completed_steps"": [""r1_gear_rod"", ""r2_gear_rod"", ""r2_bearing_right"", ""r1_bearing_right""], ""head_rotation_deg"": null, ""head_translation_m"": null, ""left_hand_translation_m"": null, ""removed_tool_ids"": [14, 15, 19, 21, 26, 27, 28], ""right_hand_translation_m"": null, ""selected_step"": ""r1_bearing_left"", ""step_attempt"": 5, ""step_elapsed_s"": 18.312160172034055, ""step_event_index"": 25, ""total_hand_translation_m"": null, ""trial_finished_elapsed_s"": null, ""trial_recording"": true, ""trial_required_tool_ids"": [18, 34]}"
2026-09-03T21:47:24.806-04:00,junhyun,task_aware,step_acquisition_complete,language,r1_bearing_left,Row 1.3: bearing into left stand,ready,5,26,,,,18.329034,0.209300,66.681771,0.323373,3.067552,3.390926,0.000000,0.000000,0.000000,0.000000,0,0,0.000000,0.000000,0.000000,,,,,,,"{""acquired_tool_ids"": [18, 34], ""acquisition_complete"": true, ""any_hover_time_s"": 0.0, ""completed_steps"": [""r1_gear_rod"", ""r2_gear_rod"", ""r2_bearing_right"", ""r1_bearing_right""], ""head_rotation_deg"": 66.68177093055216, ""head_translation_m"": 0.2092995893239248, ""hover_time_percent"": 0.0, ""left_hand_translation_m"": 0.32337339228116246, ""left_hover_episodes"": 0, ""left_hover_time_s"": 0.0, ""left_hover_translation_m"": 0.0, ""removed_tool_ids"": [14, 15, 18, 19, 21, 26, 27, 28], ""right_hand_translation_m"": 3.067552490825019, ""right_hover_episodes"": 0, ""right_hover_time_s"": 0.0, ""right_hover_translation_m"": 0.0, ""selected_step"": ""r1_bearing_left"", ""step_attempt"": 5, ""step_elapsed_s"": 18.32903390901629, ""step_event_index"": 26, ""total_hand_translation_m"": 3.3909258831061813, ""total_hover_translation_m"": 0.0, ""trial_finished_elapsed_s"": 18.32903390901629, ""trial_recording"": false, ""trial_required_tool_ids"": [18, 34]}"
2026-09-03T21:47:24.838-04:00,junhyun,task_aware,graph_complete,,r1_bearing_left,Row 1.3: bearing into left stand,complete,5,27,,,,,,,,,,,,,,,,,,,,,,,,,"{""acquired_tool_ids"": [18, 34], ""acquisition_complete"": true, ""any_hover_time_s"": 0.0, ""completed_steps"": [""r1_gear_rod"", ""r2_gear_rod"", ""r2_bearing_right"", ""r1_bearing_right"", ""r1_bearing_left""], ""head_rotation_deg"": 66.68177093055216, ""head_translation_m"": 0.2092995893239248, ""hover_time_percent"": 0.0, ""left_hand_translation_m"": 0.32337339228116246, ""left_hover_episodes"": 0, ""left_hover_time_s"": 0.0, ""left_hover_translation_m"": 0.0, ""removed_tool_ids"": [14, 15, 18, 19, 21, 26, 27, 28], ""right_hand_translation_m"": 3.067552490825019, ""right_hover_episodes"": 0, ""right_hover_time_s"": 0.0, ""right_hover_translation_m"": 0.0, ""selected_step"": ""r1_bearing_left"", ""step_attempt"": 5, ""step_elapsed_s"": 18.32903390901629, ""step_event_index"": 27, ""total_hand_translation_m"": 3.3909258831061813, ""total_hover_translation_m"": 0.0, ""trial_finished_elapsed_s"": 18.32903390901629, ""trial_recording"": false, ""trial_required_tool_ids"": [18, 34]}"
2026-09-03T21:47:33.039-04:00,junhyun,task_aware,step_started,keyboard,r2_bearing_left,Row 2.3: bearing into left stand,ready,6,1,,,,,,,,,,,,,,,,,,,,,,,,,"{""acquired_tool_ids"": [], ""acquisition_complete"": false, ""completed_steps"": [""r1_gear_rod"", ""r2_gear_rod"", ""r2_bearing_right"", ""r1_bearing_right"", ""r1_bearing_left""], ""head_rotation_deg"": null, ""head_translation_m"": null, ""left_hand_translation_m"": null, ""removed_tool_ids"": [14, 15, 18, 19, 21, 26, 27, 28], ""right_hand_translation_m"": null, ""selected_step"": ""r2_bearing_left"", ""step_attempt"": 6, ""step_elapsed_s"": 0.0005309369880706072, ""step_event_index"": 1, ""total_hand_translation_m"": null, ""trial_finished_elapsed_s"": null, ""trial_recording"": true, ""trial_required_tool_ids"": [20]}"
2026-09-03T21:47:33.069-04:00,junhyun,task_aware,task_aware_highlight_presented,system,r2_bearing_left,Row 2.3: bearing into left stand,ready,6,2,,,,,,,,,,,,,,,,,,,,,"[34, 20]",,task_aware_proactive_highlight,,"{""acquired_tool_ids"": [], ""acquisition_complete"": false, ""completed_steps"": [""r1_gear_rod"", ""r2_gear_rod"", ""r2_bearing_right"", ""r1_bearing_right"", ""r1_bearing_left""], ""head_rotation_deg"": null, ""head_translation_m"": null, ""left_hand_translation_m"": null, ""removed_tool_ids"": [14, 15, 18, 19, 21, 26, 27, 28], ""right_hand_translation_m"": null, ""selected_step"": ""r2_bearing_left"", ""step_attempt"": 6, ""step_elapsed_s"": 0.03099817002657801, ""step_event_index"": 2, ""total_hand_translation_m"": null, ""trial_finished_elapsed_s"": null, ""trial_recording"": true, ""trial_required_tool_ids"": [20]}"
2026-09-03T21:47:34.189-04:00,junhyun,task_aware,speech_started,lifecycle,r2_bearing_left,Row 2.3: bearing into left stand,ready,6,3,,,,1.150565,,,,,,,,,,,,,,,,,,,,,"{""acquired_tool_ids"": [], ""acquisition_complete"": false, ""completed_steps"": [""r1_gear_rod"", ""r2_gear_rod"", ""r2_bearing_right"", ""r1_bearing_right"", ""r1_bearing_left""], ""head_rotation_deg"": null, ""head_translation_m"": null, ""left_hand_translation_m"": null, ""removed_tool_ids"": [14, 15, 18, 19, 21, 26, 27, 28], ""right_hand_translation_m"": null, ""selected_step"": ""r2_bearing_left"", ""step_attempt"": 6, ""step_elapsed_s"": 1.1505763040622696, ""step_event_index"": 3, ""total_hand_translation_m"": null, ""trial_finished_elapsed_s"": null, ""trial_recording"": true, ""trial_required_tool_ids"": [20]}"
2026-09-03T21:47:36.499-04:00,junhyun,task_aware,speech_capture_ended,lifecycle,r2_bearing_left,Row 2.3: bearing into left stand,ready,6,4,,,,3.460615,,,,,,,,,,,,,,,,,,,,,"{""acquired_tool_ids"": [], ""acquisition_complete"": false, ""completed_steps"": [""r1_gear_rod"", ""r2_gear_rod"", ""r2_bearing_right"", ""r1_bearing_right"", ""r1_bearing_left""], ""head_rotation_deg"": null, ""head_translation_m"": null, ""left_hand_translation_m"": null, ""removed_tool_ids"": [14, 15, 18, 19, 21, 26, 27, 28], ""right_hand_translation_m"": null, ""selected_step"": ""r2_bearing_left"", ""step_attempt"": 6, ""step_elapsed_s"": 3.4606264480389655, ""step_event_index"": 4, ""total_hand_translation_m"": null, ""trial_finished_elapsed_s"": null, ""trial_recording"": true, ""trial_required_tool_ids"": [20]}"
2026-09-03T21:47:36.532-04:00,junhyun,task_aware,asr_started,lifecycle,r2_bearing_left,Row 2.3: bearing into left stand,ready,6,5,,,,3.494298,,,,,,,,,,,,,,,,,,,,,"{""acquired_tool_ids"": [], ""acquisition_complete"": false, ""completed_steps"": [""r1_gear_rod"", ""r2_gear_rod"", ""r2_bearing_right"", ""r1_bearing_right"", ""r1_bearing_left""], ""head_rotation_deg"": null, ""head_translation_m"": null, ""left_hand_translation_m"": null, ""removed_tool_ids"": [14, 15, 18, 19, 21, 26, 27, 28], ""right_hand_translation_m"": null, ""selected_step"": ""r2_bearing_left"", ""step_attempt"": 6, ""step_elapsed_s"": 3.4943100250093266, ""step_event_index"": 5, ""total_hand_translation_m"": null, ""trial_finished_elapsed_s"": null, ""trial_recording"": true, ""trial_required_tool_ids"": [20]}"
2026-09-03T21:47:36.558-04:00,junhyun,task_aware,asr_completed,lifecycle,r2_bearing_left,Row 2.3: bearing into left stand,ready,6,6,,,,3.520340,,,,,,,,,,,,,,,,Are one of them.,,,,,"{""acquired_tool_ids"": [], ""acquisition_complete"": false, ""completed_steps"": [""r1_gear_rod"", ""r2_gear_rod"", ""r2_bearing_right"", ""r1_bearing_right"", ""r1_bearing_left""], ""head_rotation_deg"": null, ""head_translation_m"": null, ""left_hand_translation_m"": null, ""removed_tool_ids"": [14, 15, 18, 19, 21, 26, 27, 28], ""right_hand_translation_m"": null, ""selected_step"": ""r2_bearing_left"", ""step_attempt"": 6, ""step_elapsed_s"": 3.5203465829836205, ""step_event_index"": 6, ""total_hand_translation_m"": null, ""trial_finished_elapsed_s"": null, ""trial_recording"": true, ""trial_required_tool_ids"": [20]}"
2026-09-03T21:47:37.296-04:00,junhyun,task_aware,participant_speech_submitted,speech,r2_bearing_left,Row 2.3: bearing into left stand,ready,6,7,,,,4.257752,,,,,,,,,,,,,,,,one of them,,,speech_proxy,,"{""acquired_tool_ids"": [], ""acquisition_complete"": false, ""completed_steps"": [""r1_gear_rod"", ""r2_gear_rod"", ""r2_bearing_right"", ""r1_bearing_right"", ""r1_bearing_left""], ""head_rotation_deg"": null, ""head_translation_m"": null, ""left_hand_translation_m"": null, ""removed_tool_ids"": [14, 15, 18, 19, 21, 26, 27, 28], ""right_hand_translation_m"": null, ""selected_step"": ""r2_bearing_left"", ""step_attempt"": 6, ""step_elapsed_s"": 4.257763987989165, ""step_event_index"": 7, ""total_hand_translation_m"": null, ""trial_finished_elapsed_s"": null, ""trial_recording"": true, ""trial_required_tool_ids"": [20]}"
2026-09-03T21:47:37.336-04:00,junhyun,task_aware,vlm_request_submitted,speech,r2_bearing_left,Row 2.3: bearing into left stand,ready,6,8,,,,4.297916,,,,,,,,,,,,,,,,one of them,,,speech_proxy,,"{""acquired_tool_ids"": [], ""acquisition_complete"": false, ""completed_steps"": [""r1_gear_rod"", ""r2_gear_rod"", ""r2_bearing_right"", ""r1_bearing_right"", ""r1_bearing_left""], ""head_rotation_deg"": null, ""head_translation_m"": null, ""left_hand_translation_m"": null, ""removed_tool_ids"": [14, 15, 18, 19, 21, 26, 27, 28], ""right_hand_translation_m"": null, ""selected_step"": ""r2_bearing_left"", ""step_attempt"": 6, ""step_elapsed_s"": 4.297927570994943, ""step_event_index"": 8, ""total_hand_translation_m"": null, ""trial_finished_elapsed_s"": null, ""trial_recording"": true, ""trial_required_tool_ids"": [20]}"
2026-09-03T21:47:41.376-04:00,junhyun,task_aware,vlm_inference_completed,lifecycle,r2_bearing_left,Row 2.3: bearing into left stand,ready,6,9,,,,8.337802,,,,,,,,,,,,,,,,one of them,,,AMBIGUOUS,,"{""acquired_tool_ids"": [], ""acquisition_complete"": false, ""completed_steps"": [""r1_gear_rod"", ""r2_gear_rod"", ""r2_bearing_right"", ""r1_bearing_right"", ""r1_bearing_left""], ""head_rotation_deg"": null, ""head_translation_m"": null, ""left_hand_translation_m"": null, ""removed_tool_ids"": [14, 15, 18, 19, 21, 26, 27, 28], ""right_hand_translation_m"": null, ""selected_step"": ""r2_bearing_left"", ""step_attempt"": 6, ""step_elapsed_s"": 8.337812627083622, ""step_event_index"": 9, ""total_hand_translation_m"": null, ""trial_finished_elapsed_s"": null, ""trial_recording"": true, ""trial_required_tool_ids"": [20]}"
2026-09-03T21:47:41.412-04:00,junhyun,task_aware,vlm_interaction,language,r2_bearing_left,Row 2.3: bearing into left stand,ready,6,10,,,,,,,,,,,,,,,,,,,,one of them,BEARINGS,"{""intent"":""part_reference"",""part_action"":""fetch"",""reference_relation"":""member_of_recent_set"",""step_scope"":"""",""target"":""AMBIGUOUS"",""candidates"":[],""exclude_labels"":[]}",selected_step_physical_cycle,I identified and highlighted the bearing.,"{""acquired_tool_ids"": [], ""acquisition_complete"": false, ""completed_steps"": [""r1_gear_rod"", ""r2_gear_rod"", ""r2_bearing_right"", ""r1_bearing_right"", ""r1_bearing_left""], ""head_rotation_deg"": null, ""head_translation_m"": null, ""left_hand_translation_m"": null, ""removed_tool_ids"": [14, 15, 18, 19, 21, 26, 27, 28], ""right_hand_translation_m"": null, ""selected_step"": ""r2_bearing_left"", ""step_attempt"": 6, ""step_elapsed_s"": 8.373963738093153, ""step_event_index"": 10, ""total_hand_translation_m"": null, ""trial_finished_elapsed_s"": null, ""trial_recording"": true, ""trial_required_tool_ids"": [20]}"
2026-09-03T21:47:42.510-04:00,junhyun,task_aware,speech_started,lifecycle,r2_bearing_left,Row 2.3: bearing into left stand,ready,6,11,,,,9.471767,,,,,,,,,,,,,,,,,,,,,"{""acquired_tool_ids"": [], ""acquisition_complete"": false, ""completed_steps"": [""r1_gear_rod"", ""r2_gear_rod"", ""r2_bearing_right"", ""r1_bearing_right"", ""r1_bearing_left""], ""head_rotation_deg"": null, ""head_translation_m"": null, ""left_hand_translation_m"": null, ""removed_tool_ids"": [14, 15, 18, 19, 21, 26, 27, 28], ""right_hand_translation_m"": null, ""selected_step"": ""r2_bearing_left"", ""step_attempt"": 6, ""step_elapsed_s"": 9.471778065082617, ""step_event_index"": 11, ""total_hand_translation_m"": null, ""trial_finished_elapsed_s"": null, ""trial_recording"": true, ""trial_required_tool_ids"": [20]}"
2026-09-03T21:47:44.614-04:00,junhyun,task_aware,speech_capture_ended,lifecycle,r2_bearing_left,Row 2.3: bearing into left stand,ready,6,12,,,,11.575873,,,,,,,,,,,,,,,,,,,,,"{""acquired_tool_ids"": [], ""acquisition_complete"": false, ""completed_steps"": [""r1_gear_rod"", ""r2_gear_rod"", ""r2_bearing_right"", ""r1_bearing_right"", ""r1_bearing_left""], ""head_rotation_deg"": null, ""head_translation_m"": null, ""left_hand_translation_m"": null, ""removed_tool_ids"": [14, 15, 18, 19, 21, 26, 27, 28], ""right_hand_translation_m"": null, ""selected_step"": ""r2_bearing_left"", ""step_attempt"": 6, ""step_elapsed_s"": 11.575883307028562, ""step_event_index"": 12, ""total_hand_translation_m"": null, ""trial_finished_elapsed_s"": null, ""trial_recording"": true, ""trial_required_tool_ids"": [20]}"
2026-09-03T21:47:44.649-04:00,junhyun,task_aware,asr_started,lifecycle,r2_bearing_left,Row 2.3: bearing into left stand,ready,6,13,,,,11.611161,,,,,,,,,,,,,,,,,,,,,"{""acquired_tool_ids"": [], ""acquisition_complete"": false, ""completed_steps"": [""r1_gear_rod"", ""r2_gear_rod"", ""r2_bearing_right"", ""r1_bearing_right"", ""r1_bearing_left""], ""head_rotation_deg"": null, ""head_translation_m"": null, ""left_hand_translation_m"": null, ""removed_tool_ids"": [14, 15, 18, 19, 21, 26, 27, 28], ""right_hand_translation_m"": null, ""selected_step"": ""r2_bearing_left"", ""step_attempt"": 6, ""step_elapsed_s"": 11.611172850010917, ""step_event_index"": 13, ""total_hand_translation_m"": null, ""trial_finished_elapsed_s"": null, ""trial_recording"": true, ""trial_required_tool_ids"": [20]}"
2026-09-03T21:47:44.689-04:00,junhyun,task_aware,asr_completed,lifecycle,r2_bearing_left,Row 2.3: bearing into left stand,ready,6,14,,,,11.651115,,,,,,,,,,,,,,,,And that's it.,,,,,"{""acquired_tool_ids"": [], ""acquisition_complete"": false, ""completed_steps"": [""r1_gear_rod"", ""r2_gear_rod"", ""r2_bearing_right"", ""r1_bearing_right"", ""r1_bearing_left""], ""head_rotation_deg"": null, ""head_translation_m"": null, ""left_hand_translation_m"": null, ""removed_tool_ids"": [14, 15, 18, 19, 21, 26, 27, 28], ""right_hand_translation_m"": null, ""selected_step"": ""r2_bearing_left"", ""step_attempt"": 6, ""step_elapsed_s"": 11.65112372301519, ""step_event_index"": 14, ""total_hand_translation_m"": null, ""trial_finished_elapsed_s"": null, ""trial_recording"": true, ""trial_required_tool_ids"": [20]}"
2026-09-03T21:47:44.814-04:00,junhyun,task_aware,speech_started,lifecycle,r2_bearing_left,Row 2.3: bearing into left stand,ready,6,15,,,,11.776212,,,,,,,,,,,,,,,,,,,,,"{""acquired_tool_ids"": [], ""acquisition_complete"": false, ""completed_steps"": [""r1_gear_rod"", ""r2_gear_rod"", ""r2_bearing_right"", ""r1_bearing_right"", ""r1_bearing_left""], ""head_rotation_deg"": null, ""head_translation_m"": null, ""left_hand_translation_m"": null, ""removed_tool_ids"": [14, 15, 18, 19, 21, 26, 27, 28], ""right_hand_translation_m"": null, ""selected_step"": ""r2_bearing_left"", ""step_attempt"": 6, ""step_elapsed_s"": 11.776224850094877, ""step_event_index"": 15, ""total_hand_translation_m"": null, ""trial_finished_elapsed_s"": null, ""trial_recording"": true, ""trial_required_tool_ids"": [20]}"
2026-09-03T21:47:46.980-04:00,junhyun,task_aware,speech_capture_ended,lifecycle,r2_bearing_left,Row 2.3: bearing into left stand,ready,6,16,,,,13.941648,,,,,,,,,,,,,,,,,,,,,"{""acquired_tool_ids"": [], ""acquisition_complete"": false, ""completed_steps"": [""r1_gear_rod"", ""r2_gear_rod"", ""r2_bearing_right"", ""r1_bearing_right"", ""r1_bearing_left""], ""head_rotation_deg"": null, ""head_translation_m"": null, ""left_hand_translation_m"": null, ""removed_tool_ids"": [14, 15, 18, 19, 21, 26, 27, 28], ""right_hand_translation_m"": null, ""selected_step"": ""r2_bearing_left"", ""step_attempt"": 6, ""step_elapsed_s"": 13.941657989053056, ""step_event_index"": 16, ""total_hand_translation_m"": null, ""trial_finished_elapsed_s"": null, ""trial_recording"": true, ""trial_required_tool_ids"": [20]}"
2026-09-03T21:47:47.025-04:00,junhyun,task_aware,asr_started,lifecycle,r2_bearing_left,Row 2.3: bearing into left stand,ready,6,17,,,,13.987310,,,,,,,,,,,,,,,,,,,,,"{""acquired_tool_ids"": [], ""acquisition_complete"": false, ""completed_steps"": [""r1_gear_rod"", ""r2_gear_rod"", ""r2_bearing_right"", ""r1_bearing_right"", ""r1_bearing_left""], ""head_rotation_deg"": null, ""head_translation_m"": null, ""left_hand_translation_m"": null, ""removed_tool_ids"": [14, 15, 18, 19, 21, 26, 27, 28], ""right_hand_translation_m"": null, ""selected_step"": ""r2_bearing_left"", ""step_attempt"": 6, ""step_elapsed_s"": 13.98732048808597, ""step_event_index"": 17, ""total_hand_translation_m"": null, ""trial_finished_elapsed_s"": null, ""trial_recording"": true, ""trial_required_tool_ids"": [20]}"
2026-09-03T21:47:47.061-04:00,junhyun,task_aware,asr_completed,lifecycle,r2_bearing_left,Row 2.3: bearing into left stand,ready,6,18,,,,14.023140,,,,,,,,,,,,,,,,Uh,,,,,"{""acquired_tool_ids"": [], ""acquisition_complete"": false, ""completed_steps"": [""r1_gear_rod"", ""r2_gear_rod"", ""r2_bearing_right"", ""r1_bearing_right"", ""r1_bearing_left""], ""head_rotation_deg"": null, ""head_translation_m"": null, ""left_hand_translation_m"": null, ""removed_tool_ids"": [14, 15, 18, 19, 21, 26, 27, 28], ""right_hand_translation_m"": null, ""selected_step"": ""r2_bearing_left"", ""step_attempt"": 6, ""step_elapsed_s"": 14.023148426087573, ""step_event_index"": 18, ""total_hand_translation_m"": null, ""trial_finished_elapsed_s"": null, ""trial_recording"": true, ""trial_required_tool_ids"": [20]}"
2026-09-03T21:47:47.945-04:00,junhyun,task_aware,speech_started,lifecycle,r2_bearing_left,Row 2.3: bearing into left stand,ready,6,19,,,,14.907242,,,,,,,,,,,,,,,,,,,,,"{""acquired_tool_ids"": [], ""acquisition_complete"": false, ""completed_steps"": [""r1_gear_rod"", ""r2_gear_rod"", ""r2_bearing_right"", ""r1_bearing_right"", ""r1_bearing_left""], ""head_rotation_deg"": null, ""head_translation_m"": null, ""left_hand_translation_m"": null, ""removed_tool_ids"": [14, 15, 18, 19, 21, 26, 27, 28], ""right_hand_translation_m"": null, ""selected_step"": ""r2_bearing_left"", ""step_attempt"": 6, ""step_elapsed_s"": 14.907253099023364, ""step_event_index"": 19, ""total_hand_translation_m"": null, ""trial_finished_elapsed_s"": null, ""trial_recording"": true, ""trial_required_tool_ids"": [20]}"
2026-09-03T21:47:50.006-04:00,junhyun,task_aware,speech_capture_ended,lifecycle,r2_bearing_left,Row 2.3: bearing into left stand,ready,6,20,,,,16.967629,,,,,,,,,,,,,,,,,,,,,"{""acquired_tool_ids"": [], ""acquisition_complete"": false, ""completed_steps"": [""r1_gear_rod"", ""r2_gear_rod"", ""r2_bearing_right"", ""r1_bearing_right"", ""r1_bearing_left""], ""head_rotation_deg"": null, ""head_translation_m"": null, ""left_hand_translation_m"": null, ""removed_tool_ids"": [14, 15, 18, 19, 21, 26, 27, 28], ""right_hand_translation_m"": null, ""selected_step"": ""r2_bearing_left"", ""step_attempt"": 6, ""step_elapsed_s"": 16.967638520989567, ""step_event_index"": 20, ""total_hand_translation_m"": null, ""trial_finished_elapsed_s"": null, ""trial_recording"": true, ""trial_required_tool_ids"": [20]}"
2026-09-03T21:47:50.046-04:00,junhyun,task_aware,asr_started,lifecycle,r2_bearing_left,Row 2.3: bearing into left stand,ready,6,21,,,,17.007825,,,,,,,,,,,,,,,,,,,,,"{""acquired_tool_ids"": [], ""acquisition_complete"": false, ""completed_steps"": [""r1_gear_rod"", ""r2_gear_rod"", ""r2_bearing_right"", ""r1_bearing_right"", ""r1_bearing_left""], ""head_rotation_deg"": null, ""head_translation_m"": null, ""left_hand_translation_m"": null, ""removed_tool_ids"": [14, 15, 18, 19, 21, 26, 27, 28], ""right_hand_translation_m"": null, ""selected_step"": ""r2_bearing_left"", ""step_attempt"": 6, ""step_elapsed_s"": 17.0078375270823, ""step_event_index"": 21, ""total_hand_translation_m"": null, ""trial_finished_elapsed_s"": null, ""trial_recording"": true, ""trial_required_tool_ids"": [20]}"
2026-09-03T21:47:50.070-04:00,junhyun,task_aware,asr_completed,lifecycle,r2_bearing_left,Row 2.3: bearing into left stand,ready,6,22,,,,17.031649,,,,,,,,,,,,,,,,Gear stand.,,,,,"{""acquired_tool_ids"": [], ""acquisition_complete"": false, ""completed_steps"": [""r1_gear_rod"", ""r2_gear_rod"", ""r2_bearing_right"", ""r1_bearing_right"", ""r1_bearing_left""], ""head_rotation_deg"": null, ""head_translation_m"": null, ""left_hand_translation_m"": null, ""removed_tool_ids"": [14, 15, 18, 19, 21, 26, 27, 28], ""right_hand_translation_m"": null, ""selected_step"": ""r2_bearing_left"", ""step_attempt"": 6, ""step_elapsed_s"": 17.03165594302118, ""step_event_index"": 22, ""total_hand_translation_m"": null, ""trial_finished_elapsed_s"": null, ""trial_recording"": true, ""trial_required_tool_ids"": [20]}"
2026-09-03T21:47:50.438-04:00,junhyun,task_aware,participant_speech_submitted,speech,r2_bearing_left,Row 2.3: bearing into left stand,ready,6,23,,,,17.400014,,,,,,,,,,,,,,,,gearstand,,,speech_proxy,,"{""acquired_tool_ids"": [], ""acquisition_complete"": false, ""completed_steps"": [""r1_gear_rod"", ""r2_gear_rod"", ""r2_bearing_right"", ""r1_bearing_right"", ""r1_bearing_left""], ""head_rotation_deg"": null, ""head_translation_m"": null, ""left_hand_translation_m"": null, ""removed_tool_ids"": [14, 15, 18, 19, 21, 26, 27, 28], ""right_hand_translation_m"": null, ""selected_step"": ""r2_bearing_left"", ""step_attempt"": 6, ""step_elapsed_s"": 17.40003360505216, ""step_event_index"": 23, ""total_hand_translation_m"": null, ""trial_finished_elapsed_s"": null, ""trial_recording"": true, ""trial_required_tool_ids"": [20]}"
2026-09-03T21:47:50.485-04:00,junhyun,task_aware,vlm_request_submitted,speech,r2_bearing_left,Row 2.3: bearing into left stand,ready,6,24,,,,17.446909,,,,,,,,,,,,,,,,gearstand,,,speech_proxy,,"{""acquired_tool_ids"": [], ""acquisition_complete"": false, ""completed_steps"": [""r1_gear_rod"", ""r2_gear_rod"", ""r2_bearing_right"", ""r1_bearing_right"", ""r1_bearing_left""], ""head_rotation_deg"": null, ""head_translation_m"": null, ""left_hand_translation_m"": null, ""removed_tool_ids"": [14, 15, 18, 19, 21, 26, 27, 28], ""right_hand_translation_m"": null, ""selected_step"": ""r2_bearing_left"", ""step_attempt"": 6, ""step_elapsed_s"": 17.446919296053238, ""step_event_index"": 24, ""total_hand_translation_m"": null, ""trial_finished_elapsed_s"": null, ""trial_recording"": true, ""trial_required_tool_ids"": [20]}"
2026-09-03T21:47:55.037-04:00,junhyun,task_aware,vlm_inference_completed,lifecycle,r2_bearing_left,Row 2.3: bearing into left stand,ready,6,25,,,,21.998518,,,,,,,,,,,,,,,,gearstand,,,AMBIGUOUS,,"{""acquired_tool_ids"": [], ""acquisition_complete"": false, ""completed_steps"": [""r1_gear_rod"", ""r2_gear_rod"", ""r2_bearing_right"", ""r1_bearing_right"", ""r1_bearing_left""], ""head_rotation_deg"": null, ""head_translation_m"": null, ""left_hand_translation_m"": null, ""removed_tool_ids"": [14, 15, 18, 19, 21, 26, 27, 28], ""right_hand_translation_m"": null, ""selected_step"": ""r2_bearing_left"", ""step_attempt"": 6, ""step_elapsed_s"": 21.998528697993606, ""step_event_index"": 25, ""total_hand_translation_m"": null, ""trial_finished_elapsed_s"": null, ""trial_recording"": true, ""trial_required_tool_ids"": [20]}"
2026-09-03T21:47:55.077-04:00,junhyun,task_aware,vlm_interaction,language,r2_bearing_left,Row 2.3: bearing into left stand,ready,6,26,,,,,,,,,,,,,,,,,,,,gearstand,GEAR_STAND_ROW2_LEFT,"{""intent"":""part_reference"",""part_action"":""reference"",""reference_relation"":""direct"",""step_scope"":"""",""target"":""STAND_ROW2_LEFT"",""candidates"":[""STAND_ROW2_LEFT"",""STAND_ROW2_RIGHT""],""exclude_labels"":[]}",language_colocated_grounded,I identified and highlighted the Row 2 left stand.,"{""acquired_tool_ids"": [], ""acquisition_complete"": false, ""completed_steps"": [""r1_gear_rod"", ""r2_gear_rod"", ""r2_bearing_right"", ""r1_bearing_right"", ""r1_bearing_left""], ""head_rotation_deg"": null, ""head_translation_m"": null, ""left_hand_translation_m"": null, ""removed_tool_ids"": [14, 15, 18, 19, 21, 26, 27, 28], ""right_hand_translation_m"": null, ""selected_step"": ""r2_bearing_left"", ""step_attempt"": 6, ""step_elapsed_s"": 22.03936643502675, ""step_event_index"": 26, ""total_hand_translation_m"": null, ""trial_finished_elapsed_s"": null, ""trial_recording"": true, ""trial_required_tool_ids"": [20]}"
2026-09-03T21:47:55.093-04:00,junhyun,task_aware,part_selection,language,r2_bearing_left,Row 2.3: bearing into left stand,ready,6,27,20,GEAR_STAND_ROW2_LEFT,22.054530,22.054530,,,,,,,,,,,,,,,1,,,,,,"{""acquired_tool_ids"": [20], ""acquisition_complete"": false, ""completed_steps"": [""r1_gear_rod"", ""r2_gear_rod"", ""r2_bearing_right"", ""r1_bearing_right"", ""r1_bearing_left""], ""head_rotation_deg"": null, ""head_translation_m"": null, ""left_hand_translation_m"": null, ""removed_tool_ids"": [14, 15, 18, 19, 21, 26, 27, 28], ""right_hand_translation_m"": null, ""selected_step"": ""r2_bearing_left"", ""step_attempt"": 6, ""step_elapsed_s"": 22.054590377025306, ""step_event_index"": 27, ""total_hand_translation_m"": null, ""trial_finished_elapsed_s"": null, ""trial_recording"": true, ""trial_required_tool_ids"": [20]}"
2026-09-03T21:47:55.114-04:00,junhyun,task_aware,object_acquired,language,r2_bearing_left,Row 2.3: bearing into left stand,ready,6,28,20,GEAR_STAND_ROW2_LEFT,22.054530,22.054530,,,,,,,,,,,,,,,1,,,,,,"{""acquired_tool_ids"": [20], ""acquisition_complete"": false, ""completed_steps"": [""r1_gear_rod"", ""r2_gear_rod"", ""r2_bearing_right"", ""r1_bearing_right"", ""r1_bearing_left""], ""head_rotation_deg"": null, ""head_translation_m"": null, ""left_hand_translation_m"": null, ""removed_tool_ids"": [14, 15, 18, 19, 21, 26, 27, 28], ""right_hand_translation_m"": null, ""selected_step"": ""r2_bearing_left"", ""step_attempt"": 6, ""step_elapsed_s"": 22.07562657899689, ""step_event_index"": 28, ""total_hand_translation_m"": null, ""trial_finished_elapsed_s"": null, ""trial_recording"": true, ""trial_required_tool_ids"": [20]}"
2026-09-03T21:47:55.133-04:00,junhyun,task_aware,step_acquisition_complete,language,r2_bearing_left,Row 2.3: bearing into left stand,ready,6,29,,,,22.091202,0.581050,123.468726,0.387166,1.216011,1.603176,0.000000,0.000000,0.000000,0.000000,0,0,0.000000,0.000000,0.000000,,,,,,,"{""acquired_tool_ids"": [20], ""acquisition_complete"": true, ""any_hover_time_s"": 0.0, ""completed_steps"": [""r1_gear_rod"", ""r2_gear_rod"", ""r2_bearing_right"", ""r1_bearing_right"", ""r1_bearing_left""], ""head_rotation_deg"": 123.46872596723523, ""head_translation_m"": 0.581049840032001, ""hover_time_percent"": 0.0, ""left_hand_translation_m"": 0.38716567513548134, ""left_hover_episodes"": 0, ""left_hover_time_s"": 0.0, ""left_hover_translation_m"": 0.0, ""removed_tool_ids"": [14, 15, 18, 19, 20, 21, 26, 27, 28], ""right_hand_translation_m"": 1.2160107485491167, ""right_hover_episodes"": 0, ""right_hover_time_s"": 0.0, ""right_hover_translation_m"": 0.0, ""selected_step"": ""r2_bearing_left"", ""step_attempt"": 6, ""step_elapsed_s"": 22.091201966046356, ""step_event_index"": 29, ""total_hand_translation_m"": 1.603176423684598, ""total_hover_translation_m"": 0.0, ""trial_finished_elapsed_s"": 22.091201966046356, ""trial_recording"": false, ""trial_required_tool_ids"": [20]}"
2026-09-03T21:47:55.150-04:00,junhyun,task_aware,graph_complete,,r2_bearing_left,Row 2.3: bearing into left stand,complete,6,30,,,,,,,,,,,,,,,,,,,,,,,,,"{""acquired_tool_ids"": [20], ""acquisition_complete"": true, ""any_hover_time_s"": 0.0, ""completed_steps"": [""r1_gear_rod"", ""r2_gear_rod"", ""r2_bearing_right"", ""r1_bearing_right"", ""r1_bearing_left"", ""r2_bearing_left""], ""head_rotation_deg"": 123.46872596723523, ""head_translation_m"": 0.581049840032001, ""hover_time_percent"": 0.0, ""left_hand_translation_m"": 0.38716567513548134, ""left_hover_episodes"": 0, ""left_hover_time_s"": 0.0, ""left_hover_translation_m"": 0.0, ""removed_tool_ids"": [14, 15, 18, 19, 20, 21, 26, 27, 28], ""right_hand_translation_m"": 1.2160107485491167, ""right_hover_episodes"": 0, ""right_hover_time_s"": 0.0, ""right_hover_translation_m"": 0.0, ""selected_step"": ""r2_bearing_left"", ""step_attempt"": 6, ""step_elapsed_s"": 22.091201966046356, ""step_event_index"": 30, ""total_hand_translation_m"": 1.603176423684598, ""total_hover_translation_m"": 0.0, ""trial_finished_elapsed_s"": 22.091201966046356, ""trial_recording"": false, ""trial_required_tool_ids"": [20]}"
2026-09-03T21:49:33.328-04:00,junhyun,task_aware,step_started,keyboard,r1_fasten_first_stand,Row 1.4: fasten right stand,ready,8,1,,,,,,,,,,,,,,,,,,,,,,,,,"{""acquired_tool_ids"": [], ""acquisition_complete"": false, ""completed_steps"": [""r1_gear_rod"", ""r2_gear_rod"", ""r2_bearing_right"", ""r1_bearing_right"", ""r1_bearing_left"", ""r2_bearing_left""], ""head_rotation_deg"": null, ""head_translation_m"": null, ""left_hand_translation_m"": null, ""removed_tool_ids"": [14, 15, 18, 19, 20, 21, 26, 27, 28], ""right_hand_translation_m"": null, ""selected_step"": ""r1_fasten_first_stand"", ""step_attempt"": 8, ""step_elapsed_s"": 5.862105172127485e-05, ""step_event_index"": 1, ""total_hand_translation_m"": null, ""trial_finished_elapsed_s"": null, ""trial_recording"": true, ""trial_required_tool_ids"": [7, 35, 36]}"
2026-09-03T21:49:33.351-04:00,junhyun,task_aware,task_aware_highlight_presented,system,r1_fasten_first_stand,Row 1.4: fasten right stand,ready,8,2,,,,,,,,,,,,,,,,,,,,,"[35, 7, 36]",,task_aware_proactive_highlight,,"{""acquired_tool_ids"": [], ""acquisition_complete"": false, ""completed_steps"": [""r1_gear_rod"", ""r2_gear_rod"", ""r2_bearing_right"", ""r1_bearing_right"", ""r1_bearing_left"", ""r2_bearing_left""], ""head_rotation_deg"": null, ""head_translation_m"": null, ""left_hand_translation_m"": null, ""removed_tool_ids"": [14, 15, 18, 19, 20, 21, 26, 27, 28], ""right_hand_translation_m"": null, ""selected_step"": ""r1_fasten_first_stand"", ""step_attempt"": 8, ""step_elapsed_s"": 0.022897770977579057, ""step_event_index"": 2, ""total_hand_translation_m"": null, ""trial_finished_elapsed_s"": null, ""trial_recording"": true, ""trial_required_tool_ids"": [7, 35, 36]}"
2026-09-03T21:49:34.728-04:00,junhyun,task_aware,speech_started,lifecycle,r1_fasten_first_stand,Row 1.4: fasten right stand,ready,8,3,,,,1.400221,,,,,,,,,,,,,,,,,,,,,"{""acquired_tool_ids"": [], ""acquisition_complete"": false, ""completed_steps"": [""r1_gear_rod"", ""r2_gear_rod"", ""r2_bearing_right"", ""r1_bearing_right"", ""r1_bearing_left"", ""r2_bearing_left""], ""head_rotation_deg"": null, ""head_translation_m"": null, ""left_hand_translation_m"": null, ""removed_tool_ids"": [14, 15, 18, 19, 20, 21, 26, 27, 28], ""right_hand_translation_m"": null, ""selected_step"": ""r1_fasten_first_stand"", ""step_attempt"": 8, ""step_elapsed_s"": 1.4002362960018218, ""step_event_index"": 3, ""total_hand_translation_m"": null, ""trial_finished_elapsed_s"": null, ""trial_recording"": true, ""trial_required_tool_ids"": [7, 35, 36]}"
2026-09-03T21:49:36.464-04:00,junhyun,task_aware,speech_capture_ended,lifecycle,r1_fasten_first_stand,Row 1.4: fasten right stand,ready,8,4,,,,3.136139,,,,,,,,,,,,,,,,,,,,,"{""acquired_tool_ids"": [], ""acquisition_complete"": false, ""completed_steps"": [""r1_gear_rod"", ""r2_gear_rod"", ""r2_bearing_right"", ""r1_bearing_right"", ""r1_bearing_left"", ""r2_bearing_left""], ""head_rotation_deg"": null, ""head_translation_m"": null, ""left_hand_translation_m"": null, ""removed_tool_ids"": [14, 15, 18, 19, 20, 21, 26, 27, 28], ""right_hand_translation_m"": null, ""selected_step"": ""r1_fasten_first_stand"", ""step_attempt"": 8, ""step_elapsed_s"": 3.136150053003803, ""step_event_index"": 4, ""total_hand_translation_m"": null, ""trial_finished_elapsed_s"": null, ""trial_recording"": true, ""trial_required_tool_ids"": [7, 35, 36]}"
2026-09-03T21:49:36.521-04:00,junhyun,task_aware,asr_started,lifecycle,r1_fasten_first_stand,Row 1.4: fasten right stand,ready,8,5,,,,3.193151,,,,,,,,,,,,,,,,,,,,,"{""acquired_tool_ids"": [], ""acquisition_complete"": false, ""completed_steps"": [""r1_gear_rod"", ""r2_gear_rod"", ""r2_bearing_right"", ""r1_bearing_right"", ""r1_bearing_left"", ""r2_bearing_left""], ""head_rotation_deg"": null, ""head_translation_m"": null, ""left_hand_translation_m"": null, ""removed_tool_ids"": [14, 15, 18, 19, 20, 21, 26, 27, 28], ""right_hand_translation_m"": null, ""selected_step"": ""r1_fasten_first_stand"", ""step_attempt"": 8, ""step_elapsed_s"": 3.1931634680368006, ""step_event_index"": 5, ""total_hand_translation_m"": null, ""trial_finished_elapsed_s"": null, ""trial_recording"": true, ""trial_required_tool_ids"": [7, 35, 36]}"
2026-09-03T21:49:36.573-04:00,junhyun,task_aware,asr_completed,lifecycle,r1_fasten_first_stand,Row 1.4: fasten right stand,ready,8,6,,,,3.245064,,,,,,,,,,,,,,,,Screw,,,,,"{""acquired_tool_ids"": [], ""acquisition_complete"": false, ""completed_steps"": [""r1_gear_rod"", ""r2_gear_rod"", ""r2_bearing_right"", ""r1_bearing_right"", ""r1_bearing_left"", ""r2_bearing_left""], ""head_rotation_deg"": null, ""head_translation_m"": null, ""left_hand_translation_m"": null, ""removed_tool_ids"": [14, 15, 18, 19, 20, 21, 26, 27, 28], ""right_hand_translation_m"": null, ""selected_step"": ""r1_fasten_first_stand"", ""step_attempt"": 8, ""step_elapsed_s"": 3.245074219070375, ""step_event_index"": 6, ""total_hand_translation_m"": null, ""trial_finished_elapsed_s"": null, ""trial_recording"": true, ""trial_required_tool_ids"": [7, 35, 36]}"
2026-09-03T21:49:36.728-04:00,junhyun,task_aware,participant_speech_submitted,speech,r1_fasten_first_stand,Row 1.4: fasten right stand,ready,8,7,,,,3.399988,,,,,,,,,,,,,,,,screw,,,speech_proxy,,"{""acquired_tool_ids"": [], ""acquisition_complete"": false, ""completed_steps"": [""r1_gear_rod"", ""r2_gear_rod"", ""r2_bearing_right"", ""r1_bearing_right"", ""r1_bearing_left"", ""r2_bearing_left""], ""head_rotation_deg"": null, ""head_translation_m"": null, ""left_hand_translation_m"": null, ""removed_tool_ids"": [14, 15, 18, 19, 20, 21, 26, 27, 28], ""right_hand_translation_m"": null, ""selected_step"": ""r1_fasten_first_stand"", ""step_attempt"": 8, ""step_elapsed_s"": 3.399999613990076, ""step_event_index"": 7, ""total_hand_translation_m"": null, ""trial_finished_elapsed_s"": null, ""trial_recording"": true, ""trial_required_tool_ids"": [7, 35, 36]}"
2026-09-03T21:49:36.783-04:00,junhyun,task_aware,vlm_request_submitted,speech,r1_fasten_first_stand,Row 1.4: fasten right stand,ready,8,8,,,,3.455380,,,,,,,,,,,,,,,,screw,,,speech_proxy,,"{""acquired_tool_ids"": [], ""acquisition_complete"": false, ""completed_steps"": [""r1_gear_rod"", ""r2_gear_rod"", ""r2_bearing_right"", ""r1_bearing_right"", ""r1_bearing_left"", ""r2_bearing_left""], ""head_rotation_deg"": null, ""head_translation_m"": null, ""left_hand_translation_m"": null, ""removed_tool_ids"": [14, 15, 18, 19, 20, 21, 26, 27, 28], ""right_hand_translation_m"": null, ""selected_step"": ""r1_fasten_first_stand"", ""step_attempt"": 8, ""step_elapsed_s"": 3.455393622047268, ""step_event_index"": 8, ""total_hand_translation_m"": null, ""trial_finished_elapsed_s"": null, ""trial_recording"": true, ""trial_required_tool_ids"": [7, 35, 36]}"
2026-09-03T21:49:40.680-04:00,junhyun,task_aware,speech_started,lifecycle,r1_fasten_first_stand,Row 1.4: fasten right stand,ready,8,9,,,,7.352711,,,,,,,,,,,,,,,,,,,,,"{""acquired_tool_ids"": [], ""acquisition_complete"": false, ""completed_steps"": [""r1_gear_rod"", ""r2_gear_rod"", ""r2_bearing_right"", ""r1_bearing_right"", ""r1_bearing_left"", ""r2_bearing_left""], ""head_rotation_deg"": null, ""head_translation_m"": null, ""left_hand_translation_m"": null, ""removed_tool_ids"": [14, 15, 18, 19, 20, 21, 26, 27, 28], ""right_hand_translation_m"": null, ""selected_step"": ""r1_fasten_first_stand"", ""step_attempt"": 8, ""step_elapsed_s"": 7.352723399992101, ""step_event_index"": 9, ""total_hand_translation_m"": null, ""trial_finished_elapsed_s"": null, ""trial_recording"": true, ""trial_required_tool_ids"": [7, 35, 36]}"
2026-09-03T21:49:40.852-04:00,junhyun,task_aware,vlm_inference_completed,lifecycle,r1_fasten_first_stand,Row 1.4: fasten right stand,ready,8,10,,,,7.524266,,,,,,,,,,,,,,,,screw,,,SCREW_ROW1,,"{""acquired_tool_ids"": [], ""acquisition_complete"": false, ""completed_steps"": [""r1_gear_rod"", ""r2_gear_rod"", ""r2_bearing_right"", ""r1_bearing_right"", ""r1_bearing_left"", ""r2_bearing_left""], ""head_rotation_deg"": null, ""head_translation_m"": null, ""left_hand_translation_m"": null, ""removed_tool_ids"": [14, 15, 18, 19, 20, 21, 26, 27, 28], ""right_hand_translation_m"": null, ""selected_step"": ""r1_fasten_first_stand"", ""step_attempt"": 8, ""step_elapsed_s"": 7.52427561103832, ""step_event_index"": 10, ""total_hand_translation_m"": null, ""trial_finished_elapsed_s"": null, ""trial_recording"": true, ""trial_required_tool_ids"": [7, 35, 36]}"
2026-09-03T21:49:40.879-04:00,junhyun,task_aware,vlm_interaction,language,r1_fasten_first_stand,Row 1.4: fasten right stand,ready,8,11,,,,,,,,,,,,,,,,,,,,screw,SCREW_ROW1,"{""intent"":""part_reference"",""part_action"":""reference"",""reference_relation"":""direct"",""step_scope"":""selected_step"",""target"":""SCREW_ROW1_RIGHT"",""candidates"":[],""exclude_labels"":[]}",language_grounded,I identified and highlighted the Row 1 mounting screw.,"{""acquired_tool_ids"": [], ""acquisition_complete"": false, ""completed_steps"": [""r1_gear_rod"", ""r2_gear_rod"", ""r2_bearing_right"", ""r1_bearing_right"", ""r1_bearing_left"", ""r2_bearing_left""], ""head_rotation_deg"": null, ""head_translation_m"": null, ""left_hand_translation_m"": null, ""removed_tool_ids"": [14, 15, 18, 19, 20, 21, 26, 27, 28], ""right_hand_translation_m"": null, ""selected_step"": ""r1_fasten_first_stand"", ""step_attempt"": 8, ""step_elapsed_s"": 7.55144505307544, ""step_event_index"": 11, ""total_hand_translation_m"": null, ""trial_finished_elapsed_s"": null, ""trial_recording"": true, ""trial_required_tool_ids"": [7, 35, 36]}"
2026-09-03T21:49:40.922-04:00,junhyun,task_aware,part_selection,language,r1_fasten_first_stand,Row 1.4: fasten right stand,ready,8,12,35,SCREWS,7.594096,7.594096,,,,,,,,,,,,,,,1,,,,,,"{""acquired_tool_ids"": [35], ""acquisition_complete"": false, ""completed_steps"": [""r1_gear_rod"", ""r2_gear_rod"", ""r2_bearing_right"", ""r1_bearing_right"", ""r1_bearing_left"", ""r2_bearing_left""], ""head_rotation_deg"": null, ""head_translation_m"": null, ""left_hand_translation_m"": null, ""removed_tool_ids"": [14, 15, 18, 19, 20, 21, 26, 27, 28], ""right_hand_translation_m"": null, ""selected_step"": ""r1_fasten_first_stand"", ""step_attempt"": 8, ""step_elapsed_s"": 7.5941739530535415, ""step_event_index"": 12, ""total_hand_translation_m"": null, ""trial_finished_elapsed_s"": null, ""trial_recording"": true, ""trial_required_tool_ids"": [7, 35, 36]}"
2026-09-03T21:49:40.953-04:00,junhyun,task_aware,object_acquired,language,r1_fasten_first_stand,Row 1.4: fasten right stand,ready,8,13,35,SCREWS,7.594096,7.594096,,,,,,,,,,,,,,,1,,,,,,"{""acquired_tool_ids"": [35], ""acquisition_complete"": false, ""completed_steps"": [""r1_gear_rod"", ""r2_gear_rod"", ""r2_bearing_right"", ""r1_bearing_right"", ""r1_bearing_left"", ""r2_bearing_left""], ""head_rotation_deg"": null, ""head_translation_m"": null, ""left_hand_translation_m"": null, ""removed_tool_ids"": [14, 15, 18, 19, 20, 21, 26, 27, 28], ""right_hand_translation_m"": null, ""selected_step"": ""r1_fasten_first_stand"", ""step_attempt"": 8, ""step_elapsed_s"": 7.624868922051974, ""step_event_index"": 13, ""total_hand_translation_m"": null, ""trial_finished_elapsed_s"": null, ""trial_recording"": true, ""trial_required_tool_ids"": [7, 35, 36]}"
2026-09-03T21:49:40.982-04:00,junhyun,task_aware,tts_queued,lifecycle,r1_fasten_first_stand,Row 1.4: fasten right stand,ready,8,14,,,,7.654530,,,,,,,,,,,,,,,,2 parts left.,,,replace,,"{""acquired_tool_ids"": [35], ""acquisition_complete"": false, ""completed_steps"": [""r1_gear_rod"", ""r2_gear_rod"", ""r2_bearing_right"", ""r1_bearing_right"", ""r1_bearing_left"", ""r2_bearing_left""], ""head_rotation_deg"": null, ""head_translation_m"": null, ""left_hand_translation_m"": null, ""removed_tool_ids"": [14, 15, 18, 19, 20, 21, 26, 27, 28], ""right_hand_translation_m"": null, ""selected_step"": ""r1_fasten_first_stand"", ""step_attempt"": 8, ""step_elapsed_s"": 7.654545624973252, ""step_event_index"": 14, ""total_hand_translation_m"": null, ""trial_finished_elapsed_s"": null, ""trial_recording"": true, ""trial_required_tool_ids"": [7, 35, 36]}"
2026-09-03T21:49:41.023-04:00,junhyun,task_aware,tts_started,lifecycle,r1_fasten_first_stand,Row 1.4: fasten right stand,ready,8,15,,,,7.695454,,,,,,,,,,,,,,,,2 parts left.,,,,,"{""acquired_tool_ids"": [35], ""acquisition_complete"": false, ""completed_steps"": [""r1_gear_rod"", ""r2_gear_rod"", ""r2_bearing_right"", ""r1_bearing_right"", ""r1_bearing_left"", ""r2_bearing_left""], ""head_rotation_deg"": null, ""head_translation_m"": null, ""left_hand_translation_m"": null, ""removed_tool_ids"": [14, 15, 18, 19, 20, 21, 26, 27, 28], ""right_hand_translation_m"": null, ""selected_step"": ""r1_fasten_first_stand"", ""step_attempt"": 8, ""step_elapsed_s"": 7.695468152989633, ""step_event_index"": 15, ""total_hand_translation_m"": null, ""trial_finished_elapsed_s"": null, ""trial_recording"": true, ""trial_required_tool_ids"": [7, 35, 36]}"
2026-09-03T21:49:42.148-04:00,junhyun,task_aware,tts_finished,lifecycle,r1_fasten_first_stand,Row 1.4: fasten right stand,ready,8,16,,,,8.820601,,,,,,,,,,,,,,,,2 parts left.,,,,,"{""acquired_tool_ids"": [35], ""acquisition_complete"": false, ""completed_steps"": [""r1_gear_rod"", ""r2_gear_rod"", ""r2_bearing_right"", ""r1_bearing_right"", ""r1_bearing_left"", ""r2_bearing_left""], ""head_rotation_deg"": null, ""head_translation_m"": null, ""left_hand_translation_m"": null, ""removed_tool_ids"": [14, 15, 18, 19, 20, 21, 26, 27, 28], ""right_hand_translation_m"": null, ""selected_step"": ""r1_fasten_first_stand"", ""step_attempt"": 8, ""step_elapsed_s"": 8.820612528012134, ""step_event_index"": 16, ""total_hand_translation_m"": null, ""trial_finished_elapsed_s"": null, ""trial_recording"": true, ""trial_required_tool_ids"": [7, 35, 36]}"
2026-09-03T21:49:42.352-04:00,junhyun,task_aware,speech_capture_ended,lifecycle,r1_fasten_first_stand,Row 1.4: fasten right stand,ready,8,17,,,,9.022894,,,,,,,,,,,,,,,,,,,,,"{""acquired_tool_ids"": [35], ""acquisition_complete"": false, ""completed_steps"": [""r1_gear_rod"", ""r2_gear_rod"", ""r2_bearing_right"", ""r1_bearing_right"", ""r1_bearing_left"", ""r2_bearing_left""], ""head_rotation_deg"": null, ""head_translation_m"": null, ""left_hand_translation_m"": null, ""removed_tool_ids"": [14, 15, 18, 19, 20, 21, 26, 27, 28], ""right_hand_translation_m"": null, ""selected_step"": ""r1_fasten_first_stand"", ""step_attempt"": 8, ""step_elapsed_s"": 9.023999680997804, ""step_event_index"": 17, ""total_hand_translation_m"": null, ""trial_finished_elapsed_s"": null, ""trial_recording"": true, ""trial_required_tool_ids"": [7, 35, 36]}"
2026-09-03T21:49:42.395-04:00,junhyun,task_aware,asr_started,lifecycle,r1_fasten_first_stand,Row 1.4: fasten right stand,ready,8,18,,,,9.066941,,,,,,,,,,,,,,,,,,,,,"{""acquired_tool_ids"": [35], ""acquisition_complete"": false, ""completed_steps"": [""r1_gear_rod"", ""r2_gear_rod"", ""r2_bearing_right"", ""r1_bearing_right"", ""r1_bearing_left"", ""r2_bearing_left""], ""head_rotation_deg"": null, ""head_translation_m"": null, ""left_hand_translation_m"": null, ""removed_tool_ids"": [14, 15, 18, 19, 20, 21, 26, 27, 28], ""right_hand_translation_m"": null, ""selected_step"": ""r1_fasten_first_stand"", ""step_attempt"": 8, ""step_elapsed_s"": 9.066953431000002, ""step_event_index"": 18, ""total_hand_translation_m"": null, ""trial_finished_elapsed_s"": null, ""trial_recording"": true, ""trial_required_tool_ids"": [7, 35, 36]}"
2026-09-03T21:49:43.499-04:00,junhyun,task_aware,speech_started,lifecycle,r1_fasten_first_stand,Row 1.4: fasten right stand,ready,8,19,,,,10.171345,,,,,,,,,,,,,,,,,,,,,"{""acquired_tool_ids"": [35], ""acquisition_complete"": false, ""completed_steps"": [""r1_gear_rod"", ""r2_gear_rod"", ""r2_bearing_right"", ""r1_bearing_right"", ""r1_bearing_left"", ""r2_bearing_left""], ""head_rotation_deg"": null, ""head_translation_m"": null, ""left_hand_translation_m"": null, ""removed_tool_ids"": [14, 15, 18, 19, 20, 21, 26, 27, 28], ""right_hand_translation_m"": null, ""selected_step"": ""r1_fasten_first_stand"", ""step_attempt"": 8, ""step_elapsed_s"": 10.171358022023924, ""step_event_index"": 19, ""total_hand_translation_m"": null, ""trial_finished_elapsed_s"": null, ""trial_recording"": true, ""trial_required_tool_ids"": [7, 35, 36]}"
2026-09-03T21:49:45.556-04:00,junhyun,task_aware,speech_capture_ended,lifecycle,r1_fasten_first_stand,Row 1.4: fasten right stand,ready,8,20,,,,12.228616,,,,,,,,,,,,,,,,,,,,,"{""acquired_tool_ids"": [35], ""acquisition_complete"": false, ""completed_steps"": [""r1_gear_rod"", ""r2_gear_rod"", ""r2_bearing_right"", ""r1_bearing_right"", ""r1_bearing_left"", ""r2_bearing_left""], ""head_rotation_deg"": null, ""head_translation_m"": null, ""left_hand_translation_m"": null, ""removed_tool_ids"": [14, 15, 18, 19, 20, 21, 26, 27, 28], ""right_hand_translation_m"": null, ""selected_step"": ""r1_fasten_first_stand"", ""step_attempt"": 8, ""step_elapsed_s"": 12.22862955299206, ""step_event_index"": 20, ""total_hand_translation_m"": null, ""trial_finished_elapsed_s"": null, ""trial_recording"": true, ""trial_required_tool_ids"": [7, 35, 36]}"
2026-09-03T21:49:45.614-04:00,junhyun,task_aware,asr_started,lifecycle,r1_fasten_first_stand,Row 1.4: fasten right stand,ready,8,21,,,,12.285824,,,,,,,,,,,,,,,,,,,,,"{""acquired_tool_ids"": [35], ""acquisition_complete"": false, ""completed_steps"": [""r1_gear_rod"", ""r2_gear_rod"", ""r2_bearing_right"", ""r1_bearing_right"", ""r1_bearing_left"", ""r2_bearing_left""], ""head_rotation_deg"": null, ""head_translation_m"": null, ""left_hand_translation_m"": null, ""removed_tool_ids"": [14, 15, 18, 19, 20, 21, 26, 27, 28], ""right_hand_translation_m"": null, ""selected_step"": ""r1_fasten_first_stand"", ""step_attempt"": 8, ""step_elapsed_s"": 12.285836667055264, ""step_event_index"": 21, ""total_hand_translation_m"": null, ""trial_finished_elapsed_s"": null, ""trial_recording"": true, ""trial_required_tool_ids"": [7, 35, 36]}"
2026-09-03T21:49:45.663-04:00,junhyun,task_aware,asr_completed,lifecycle,r1_fasten_first_stand,Row 1.4: fasten right stand,ready,8,22,,,,12.334731,,,,,,,,,,,,,,,,A driver.,,,,,"{""acquired_tool_ids"": [35], ""acquisition_complete"": false, ""completed_steps"": [""r1_gear_rod"", ""r2_gear_rod"", ""r2_bearing_right"", ""r1_bearing_right"", ""r1_bearing_left"", ""r2_bearing_left""], ""head_rotation_deg"": null, ""head_translation_m"": null, ""left_hand_translation_m"": null, ""removed_tool_ids"": [14, 15, 18, 19, 20, 21, 26, 27, 28], ""right_hand_translation_m"": null, ""selected_step"": ""r1_fasten_first_stand"", ""step_attempt"": 8, ""step_elapsed_s"": 12.334739580983296, ""step_event_index"": 22, ""total_hand_translation_m"": null, ""trial_finished_elapsed_s"": null, ""trial_recording"": true, ""trial_required_tool_ids"": [7, 35, 36]}"
2026-09-03T21:49:45.751-04:00,junhyun,task_aware,participant_speech_submitted,speech,r1_fasten_first_stand,Row 1.4: fasten right stand,ready,8,23,,,,12.423553,,,,,,,,,,,,,,,,driver,,,speech_proxy,,"{""acquired_tool_ids"": [35], ""acquisition_complete"": false, ""completed_steps"": [""r1_gear_rod"", ""r2_gear_rod"", ""r2_bearing_right"", ""r1_bearing_right"", ""r1_bearing_left"", ""r2_bearing_left""], ""head_rotation_deg"": null, ""head_translation_m"": null, ""left_hand_translation_m"": null, ""removed_tool_ids"": [14, 15, 18, 19, 20, 21, 26, 27, 28], ""right_hand_translation_m"": null, ""selected_step"": ""r1_fasten_first_stand"", ""step_attempt"": 8, ""step_elapsed_s"": 12.423565453966148, ""step_event_index"": 23, ""total_hand_translation_m"": null, ""trial_finished_elapsed_s"": null, ""trial_recording"": true, ""trial_required_tool_ids"": [7, 35, 36]}"
2026-09-03T21:49:45.825-04:00,junhyun,task_aware,vlm_request_submitted,speech,r1_fasten_first_stand,Row 1.4: fasten right stand,ready,8,24,,,,12.497312,,,,,,,,,,,,,,,,driver,,,speech_proxy,,"{""acquired_tool_ids"": [35], ""acquisition_complete"": false, ""completed_steps"": [""r1_gear_rod"", ""r2_gear_rod"", ""r2_bearing_right"", ""r1_bearing_right"", ""r1_bearing_left"", ""r2_bearing_left""], ""head_rotation_deg"": null, ""head_translation_m"": null, ""left_hand_translation_m"": null, ""removed_tool_ids"": [14, 15, 18, 19, 20, 21, 26, 27, 28], ""right_hand_translation_m"": null, ""selected_step"": ""r1_fasten_first_stand"", ""step_attempt"": 8, ""step_elapsed_s"": 12.497324218042195, ""step_event_index"": 24, ""total_hand_translation_m"": null, ""trial_finished_elapsed_s"": null, ""trial_recording"": true, ""trial_required_tool_ids"": [7, 35, 36]}"
2026-09-03T21:49:49.653-04:00,junhyun,task_aware,vlm_inference_completed,lifecycle,r1_fasten_first_stand,Row 1.4: fasten right stand,ready,8,25,,,,16.325421,,,,,,,,,,,,,,,,driver,,,BIT_SCREWDRIVER,,"{""acquired_tool_ids"": [35], ""acquisition_complete"": false, ""completed_steps"": [""r1_gear_rod"", ""r2_gear_rod"", ""r2_bearing_right"", ""r1_bearing_right"", ""r1_bearing_left"", ""r2_bearing_left""], ""head_rotation_deg"": null, ""head_translation_m"": null, ""left_hand_translation_m"": null, ""removed_tool_ids"": [14, 15, 18, 19, 20, 21, 26, 27, 28], ""right_hand_translation_m"": null, ""selected_step"": ""r1_fasten_first_stand"", ""step_attempt"": 8, ""step_elapsed_s"": 16.325430758064613, ""step_event_index"": 25, ""total_hand_translation_m"": null, ""trial_finished_elapsed_s"": null, ""trial_recording"": true, ""trial_required_tool_ids"": [7, 35, 36]}"
2026-09-03T21:49:49.689-04:00,junhyun,task_aware,vlm_interaction,language,r1_fasten_first_stand,Row 1.4: fasten right stand,ready,8,26,,,,,,,,,,,,,,,,,,,,driver,BIT_SCREWDRIVER,"{""intent"":""part_reference"",""part_action"":""reference"",""reference_relation"":""direct"",""step_scope"":"""",""target"":""BIT_SCREWDRIVER"",""candidates"":[],""exclude_labels"":[]}",language_grounded,I identified and highlighted the interchangeable-bit screwdriver.,"{""acquired_tool_ids"": [35], ""acquisition_complete"": false, ""completed_steps"": [""r1_gear_rod"", ""r2_gear_rod"", ""r2_bearing_right"", ""r1_bearing_right"", ""r1_bearing_left"", ""r2_bearing_left""], ""head_rotation_deg"": null, ""head_translation_m"": null, ""left_hand_translation_m"": null, ""removed_tool_ids"": [14, 15, 18, 19, 20, 21, 26, 27, 28], ""right_hand_translation_m"": null, ""selected_step"": ""r1_fasten_first_stand"", ""step_attempt"": 8, ""step_elapsed_s"": 16.361627507023513, ""step_event_index"": 26, ""total_hand_translation_m"": null, ""trial_finished_elapsed_s"": null, ""trial_recording"": true, ""trial_required_tool_ids"": [7, 35, 36]}"
2026-09-03T21:49:49.737-04:00,junhyun,task_aware,part_selection,language,r1_fasten_first_stand,Row 1.4: fasten right stand,ready,8,27,7,BIT_SCREWDRIVER,8.815359,16.409455,,,,,,,,,,,,,,,1,,,,,,"{""acquired_tool_ids"": [7, 35], ""acquisition_complete"": false, ""completed_steps"": [""r1_gear_rod"", ""r2_gear_rod"", ""r2_bearing_right"", ""r1_bearing_right"", ""r1_bearing_left"", ""r2_bearing_left""], ""head_rotation_deg"": null, ""head_translation_m"": null, ""left_hand_translation_m"": null, ""removed_tool_ids"": [14, 15, 18, 19, 20, 21, 26, 27, 28], ""right_hand_translation_m"": null, ""selected_step"": ""r1_fasten_first_stand"", ""step_attempt"": 8, ""step_elapsed_s"": 16.40952585800551, ""step_event_index"": 27, ""total_hand_translation_m"": null, ""trial_finished_elapsed_s"": null, ""trial_recording"": true, ""trial_required_tool_ids"": [7, 35, 36]}"
2026-09-03T21:49:49.780-04:00,junhyun,task_aware,object_acquired,language,r1_fasten_first_stand,Row 1.4: fasten right stand,ready,8,28,7,BIT_SCREWDRIVER,8.815359,16.409455,,,,,,,,,,,,,,,1,,,,,,"{""acquired_tool_ids"": [7, 35], ""acquisition_complete"": false, ""completed_steps"": [""r1_gear_rod"", ""r2_gear_rod"", ""r2_bearing_right"", ""r1_bearing_right"", ""r1_bearing_left"", ""r2_bearing_left""], ""head_rotation_deg"": null, ""head_translation_m"": null, ""left_hand_translation_m"": null, ""removed_tool_ids"": [14, 15, 18, 19, 20, 21, 26, 27, 28], ""right_hand_translation_m"": null, ""selected_step"": ""r1_fasten_first_stand"", ""step_attempt"": 8, ""step_elapsed_s"": 16.452389065059833, ""step_event_index"": 28, ""total_hand_translation_m"": null, ""trial_finished_elapsed_s"": null, ""trial_recording"": true, ""trial_required_tool_ids"": [7, 35, 36]}"
2026-09-03T21:49:49.804-04:00,junhyun,task_aware,tts_queued,lifecycle,r1_fasten_first_stand,Row 1.4: fasten right stand,ready,8,29,,,,16.475891,,,,,,,,,,,,,,,,1 part left.,,,replace,,"{""acquired_tool_ids"": [7, 35], ""acquisition_complete"": false, ""completed_steps"": [""r1_gear_rod"", ""r2_gear_rod"", ""r2_bearing_right"", ""r1_bearing_right"", ""r1_bearing_left"", ""r2_bearing_left""], ""head_rotation_deg"": null, ""head_translation_m"": null, ""left_hand_translation_m"": null, ""removed_tool_ids"": [14, 15, 18, 19, 20, 21, 26, 27, 28], ""right_hand_translation_m"": null, ""selected_step"": ""r1_fasten_first_stand"", ""step_attempt"": 8, ""step_elapsed_s"": 16.475904514081776, ""step_event_index"": 29, ""total_hand_translation_m"": null, ""trial_finished_elapsed_s"": null, ""trial_recording"": true, ""trial_required_tool_ids"": [7, 35, 36]}"
2026-09-03T21:49:49.845-04:00,junhyun,task_aware,tts_started,lifecycle,r1_fasten_first_stand,Row 1.4: fasten right stand,ready,8,30,,,,16.516872,,,,,,,,,,,,,,,,1 part left.,,,,,"{""acquired_tool_ids"": [7, 35], ""acquisition_complete"": false, ""completed_steps"": [""r1_gear_rod"", ""r2_gear_rod"", ""r2_bearing_right"", ""r1_bearing_right"", ""r1_bearing_left"", ""r2_bearing_left""], ""head_rotation_deg"": null, ""head_translation_m"": null, ""left_hand_translation_m"": null, ""removed_tool_ids"": [14, 15, 18, 19, 20, 21, 26, 27, 28], ""right_hand_translation_m"": null, ""selected_step"": ""r1_fasten_first_stand"", ""step_attempt"": 8, ""step_elapsed_s"": 16.516885542077944, ""step_event_index"": 30, ""total_hand_translation_m"": null, ""trial_finished_elapsed_s"": null, ""trial_recording"": true, ""trial_required_tool_ids"": [7, 35, 36]}"
2026-09-03T21:49:51.152-04:00,junhyun,task_aware,tts_finished,lifecycle,r1_fasten_first_stand,Row 1.4: fasten right stand,ready,8,31,,,,17.824604,,,,,,,,,,,,,,,,1 part left.,,,,,"{""acquired_tool_ids"": [7, 35], ""acquisition_complete"": false, ""completed_steps"": [""r1_gear_rod"", ""r2_gear_rod"", ""r2_bearing_right"", ""r1_bearing_right"", ""r1_bearing_left"", ""r2_bearing_left""], ""head_rotation_deg"": null, ""head_translation_m"": null, ""left_hand_translation_m"": null, ""removed_tool_ids"": [14, 15, 18, 19, 20, 21, 26, 27, 28], ""right_hand_translation_m"": null, ""selected_step"": ""r1_fasten_first_stand"", ""step_attempt"": 8, ""step_elapsed_s"": 17.824617256061174, ""step_event_index"": 31, ""total_hand_translation_m"": null, ""trial_finished_elapsed_s"": null, ""trial_recording"": true, ""trial_required_tool_ids"": [7, 35, 36]}"
2026-09-03T21:49:52.454-04:00,junhyun,task_aware,speech_started,lifecycle,r1_fasten_first_stand,Row 1.4: fasten right stand,ready,8,32,,,,19.125781,,,,,,,,,,,,,,,,,,,,,"{""acquired_tool_ids"": [7, 35], ""acquisition_complete"": false, ""completed_steps"": [""r1_gear_rod"", ""r2_gear_rod"", ""r2_bearing_right"", ""r1_bearing_right"", ""r1_bearing_left"", ""r2_bearing_left""], ""head_rotation_deg"": null, ""head_translation_m"": null, ""left_hand_translation_m"": null, ""removed_tool_ids"": [14, 15, 18, 19, 20, 21, 26, 27, 28], ""right_hand_translation_m"": null, ""selected_step"": ""r1_fasten_first_stand"", ""step_attempt"": 8, ""step_elapsed_s"": 19.12579372501932, ""step_event_index"": 32, ""total_hand_translation_m"": null, ""trial_finished_elapsed_s"": null, ""trial_recording"": true, ""trial_required_tool_ids"": [7, 35, 36]}"
2026-09-03T21:49:54.524-04:00,junhyun,task_aware,speech_capture_ended,lifecycle,r1_fasten_first_stand,Row 1.4: fasten right stand,ready,8,33,,,,21.196239,,,,,,,,,,,,,,,,,,,,,"{""acquired_tool_ids"": [7, 35], ""acquisition_complete"": false, ""completed_steps"": [""r1_gear_rod"", ""r2_gear_rod"", ""r2_bearing_right"", ""r1_bearing_right"", ""r1_bearing_left"", ""r2_bearing_left""], ""head_rotation_deg"": null, ""head_translation_m"": null, ""left_hand_translation_m"": null, ""removed_tool_ids"": [14, 15, 18, 19, 20, 21, 26, 27, 28], ""right_hand_translation_m"": null, ""selected_step"": ""r1_fasten_first_stand"", ""step_attempt"": 8, ""step_elapsed_s"": 21.196248908061534, ""step_event_index"": 33, ""total_hand_translation_m"": null, ""trial_finished_elapsed_s"": null, ""trial_recording"": true, ""trial_required_tool_ids"": [7, 35, 36]}"
2026-09-03T21:49:54.626-04:00,junhyun,task_aware,asr_started,lifecycle,r1_fasten_first_stand,Row 1.4: fasten right stand,ready,8,34,,,,21.298015,,,,,,,,,,,,,,,,,,,,,"{""acquired_tool_ids"": [7, 35], ""acquisition_complete"": false, ""completed_steps"": [""r1_gear_rod"", ""r2_gear_rod"", ""r2_bearing_right"", ""r1_bearing_right"", ""r1_bearing_left"", ""r2_bearing_left""], ""head_rotation_deg"": null, ""head_translation_m"": null, ""left_hand_translation_m"": null, ""removed_tool_ids"": [14, 15, 18, 19, 20, 21, 26, 27, 28], ""right_hand_translation_m"": null, ""selected_step"": ""r1_fasten_first_stand"", ""step_attempt"": 8, ""step_elapsed_s"": 21.298028909019195, ""step_event_index"": 34, ""total_hand_translation_m"": null, ""trial_finished_elapsed_s"": null, ""trial_recording"": true, ""trial_required_tool_ids"": [7, 35, 36]}"
2026-09-03T21:49:54.698-04:00,junhyun,task_aware,asr_completed,lifecycle,r1_fasten_first_stand,Row 1.4: fasten right stand,ready,8,35,,,,21.369829,,,,,,,,,,,,,,,,The last one.,,,,,"{""acquired_tool_ids"": [7, 35], ""acquisition_complete"": false, ""completed_steps"": [""r1_gear_rod"", ""r2_gear_rod"", ""r2_bearing_right"", ""r1_bearing_right"", ""r1_bearing_left"", ""r2_bearing_left""], ""head_rotation_deg"": null, ""head_translation_m"": null, ""left_hand_translation_m"": null, ""removed_tool_ids"": [14, 15, 18, 19, 20, 21, 26, 27, 28], ""right_hand_translation_m"": null, ""selected_step"": ""r1_fasten_first_stand"", ""step_attempt"": 8, ""step_elapsed_s"": 21.369838654994965, ""step_event_index"": 35, ""total_hand_translation_m"": null, ""trial_finished_elapsed_s"": null, ""trial_recording"": true, ""trial_required_tool_ids"": [7, 35, 36]}"
2026-09-03T21:49:55.404-04:00,junhyun,task_aware,participant_speech_submitted,speech,r1_fasten_first_stand,Row 1.4: fasten right stand,ready,8,36,,,,22.075825,,,,,,,,,,,,,,,,the last one,,,speech_proxy,,"{""acquired_tool_ids"": [7, 35], ""acquisition_complete"": false, ""completed_steps"": [""r1_gear_rod"", ""r2_gear_rod"", ""r2_bearing_right"", ""r1_bearing_right"", ""r1_bearing_left"", ""r2_bearing_left""], ""head_rotation_deg"": null, ""head_translation_m"": null, ""left_hand_translation_m"": null, ""removed_tool_ids"": [14, 15, 18, 19, 20, 21, 26, 27, 28], ""right_hand_translation_m"": null, ""selected_step"": ""r1_fasten_first_stand"", ""step_attempt"": 8, ""step_elapsed_s"": 22.075854227063246, ""step_event_index"": 36, ""total_hand_translation_m"": null, ""trial_finished_elapsed_s"": null, ""trial_recording"": true, ""trial_required_tool_ids"": [7, 35, 36]}"
2026-09-03T21:49:55.483-04:00,junhyun,task_aware,vlm_request_submitted,speech,r1_fasten_first_stand,Row 1.4: fasten right stand,ready,8,37,,,,22.155429,,,,,,,,,,,,,,,,the last one,,,speech_proxy,,"{""acquired_tool_ids"": [7, 35], ""acquisition_complete"": false, ""completed_steps"": [""r1_gear_rod"", ""r2_gear_rod"", ""r2_bearing_right"", ""r1_bearing_right"", ""r1_bearing_left"", ""r2_bearing_left""], ""head_rotation_deg"": null, ""head_translation_m"": null, ""left_hand_translation_m"": null, ""removed_tool_ids"": [14, 15, 18, 19, 20, 21, 26, 27, 28], ""right_hand_translation_m"": null, ""selected_step"": ""r1_fasten_first_stand"", ""step_attempt"": 8, ""step_elapsed_s"": 22.1554465390509, ""step_event_index"": 37, ""total_hand_translation_m"": null, ""trial_finished_elapsed_s"": null, ""trial_recording"": true, ""trial_required_tool_ids"": [7, 35, 36]}"
2026-09-03T21:49:57.907-04:00,junhyun,task_aware,vlm_inference_completed,lifecycle,r1_fasten_first_stand,Row 1.4: fasten right stand,ready,8,38,,,,24.579035,,,,,,,,,,,,,,,,the last one,,,out_of_scope,,"{""acquired_tool_ids"": [7, 35], ""acquisition_complete"": false, ""completed_steps"": [""r1_gear_rod"", ""r2_gear_rod"", ""r2_bearing_right"", ""r1_bearing_right"", ""r1_bearing_left"", ""r2_bearing_left""], ""head_rotation_deg"": null, ""head_translation_m"": null, ""left_hand_translation_m"": null, ""removed_tool_ids"": [14, 15, 18, 19, 20, 21, 26, 27, 28], ""right_hand_translation_m"": null, ""selected_step"": ""r1_fasten_first_stand"", ""step_attempt"": 8, ""step_elapsed_s"": 24.579045164980926, ""step_event_index"": 38, ""total_hand_translation_m"": null, ""trial_finished_elapsed_s"": null, ""trial_recording"": true, ""trial_required_tool_ids"": [7, 35, 36]}"
2026-09-03T21:49:57.973-04:00,junhyun,task_aware,vlm_answer,language,r1_fasten_first_stand,Row 1.4: fasten right stand,ready,8,39,,,,,,,,,,,,,,,,,,,,the last one,,"{""intent"":""out_of_scope""}",out_of_scope,Please request a physical part or tool needed for the current step.,"{""acquired_tool_ids"": [7, 35], ""acquisition_complete"": false, ""completed_steps"": [""r1_gear_rod"", ""r2_gear_rod"", ""r2_bearing_right"", ""r1_bearing_right"", ""r1_bearing_left"", ""r2_bearing_left""], ""head_rotation_deg"": null, ""head_translation_m"": null, ""left_hand_translation_m"": null, ""removed_tool_ids"": [14, 15, 18, 19, 20, 21, 26, 27, 28], ""right_hand_translation_m"": null, ""selected_step"": ""r1_fasten_first_stand"", ""step_attempt"": 8, ""step_elapsed_s"": 24.645073550986126, ""step_event_index"": 39, ""total_hand_translation_m"": null, ""trial_finished_elapsed_s"": null, ""trial_recording"": true, ""trial_required_tool_ids"": [7, 35, 36]}"
2026-09-03T21:49:58.026-04:00,junhyun,task_aware,tts_queued,lifecycle,r1_fasten_first_stand,Row 1.4: fasten right stand,ready,8,40,,,,24.698093,,,,,,,,,,,,,,,,Please request a physical part or tool needed for the current step.,,,append,,"{""acquired_tool_ids"": [7, 35], ""acquisition_complete"": false, ""completed_steps"": [""r1_gear_rod"", ""r2_gear_rod"", ""r2_bearing_right"", ""r1_bearing_right"", ""r1_bearing_left"", ""r2_bearing_left""], ""head_rotation_deg"": null, ""head_translation_m"": null, ""left_hand_translation_m"": null, ""removed_tool_ids"": [14, 15, 18, 19, 20, 21, 26, 27, 28], ""right_hand_translation_m"": null, ""selected_step"": ""r1_fasten_first_stand"", ""step_attempt"": 8, ""step_elapsed_s"": 24.698112189071253, ""step_event_index"": 40, ""total_hand_translation_m"": null, ""trial_finished_elapsed_s"": null, ""trial_recording"": true, ""trial_required_tool_ids"": [7, 35, 36]}"
2026-09-03T21:49:58.056-04:00,junhyun,task_aware,tts_started,lifecycle,r1_fasten_first_stand,Row 1.4: fasten right stand,ready,8,41,,,,24.727850,,,,,,,,,,,,,,,,Please request a physical part or tool needed for the current step.,,,,,"{""acquired_tool_ids"": [7, 35], ""acquisition_complete"": false, ""completed_steps"": [""r1_gear_rod"", ""r2_gear_rod"", ""r2_bearing_right"", ""r1_bearing_right"", ""r1_bearing_left"", ""r2_bearing_left""], ""head_rotation_deg"": null, ""head_translation_m"": null, ""left_hand_translation_m"": null, ""removed_tool_ids"": [14, 15, 18, 19, 20, 21, 26, 27, 28], ""right_hand_translation_m"": null, ""selected_step"": ""r1_fasten_first_stand"", ""step_attempt"": 8, ""step_elapsed_s"": 24.727861559018493, ""step_event_index"": 41, ""total_hand_translation_m"": null, ""trial_finished_elapsed_s"": null, ""trial_recording"": true, ""trial_required_tool_ids"": [7, 35, 36]}"
2026-09-03T21:50:01.741-04:00,junhyun,task_aware,tts_finished,lifecycle,r1_fasten_first_stand,Row 1.4: fasten right stand,ready,8,42,,,,28.412788,,,,,,,,,,,,,,,,Please request a physical part or tool needed for the current step.,,,,,"{""acquired_tool_ids"": [7, 35], ""acquisition_complete"": false, ""completed_steps"": [""r1_gear_rod"", ""r2_gear_rod"", ""r2_bearing_right"", ""r1_bearing_right"", ""r1_bearing_left"", ""r2_bearing_left""], ""head_rotation_deg"": null, ""head_translation_m"": null, ""left_hand_translation_m"": null, ""removed_tool_ids"": [14, 15, 18, 19, 20, 21, 26, 27, 28], ""right_hand_translation_m"": null, ""selected_step"": ""r1_fasten_first_stand"", ""step_attempt"": 8, ""step_elapsed_s"": 28.412799902027473, ""step_event_index"": 42, ""total_hand_translation_m"": null, ""trial_finished_elapsed_s"": null, ""trial_recording"": true, ""trial_required_tool_ids"": [7, 35, 36]}"
2026-09-03T21:50:02.193-04:00,junhyun,task_aware,speech_started,lifecycle,r1_fasten_first_stand,Row 1.4: fasten right stand,ready,8,43,,,,28.864917,,,,,,,,,,,,,,,,,,,,,"{""acquired_tool_ids"": [7, 35], ""acquisition_complete"": false, ""completed_steps"": [""r1_gear_rod"", ""r2_gear_rod"", ""r2_bearing_right"", ""r1_bearing_right"", ""r1_bearing_left"", ""r2_bearing_left""], ""head_rotation_deg"": null, ""head_translation_m"": null, ""left_hand_translation_m"": null, ""removed_tool_ids"": [14, 15, 18, 19, 20, 21, 26, 27, 28], ""right_hand_translation_m"": null, ""selected_step"": ""r1_fasten_first_stand"", ""step_attempt"": 8, ""step_elapsed_s"": 28.864928427967243, ""step_event_index"": 43, ""total_hand_translation_m"": null, ""trial_finished_elapsed_s"": null, ""trial_recording"": true, ""trial_required_tool_ids"": [7, 35, 36]}"
2026-09-03T21:50:04.508-04:00,junhyun,task_aware,speech_capture_ended,lifecycle,r1_fasten_first_stand,Row 1.4: fasten right stand,ready,8,44,,,,31.180528,,,,,,,,,,,,,,,,,,,,,"{""acquired_tool_ids"": [7, 35], ""acquisition_complete"": false, ""completed_steps"": [""r1_gear_rod"", ""r2_gear_rod"", ""r2_bearing_right"", ""r1_bearing_right"", ""r1_bearing_left"", ""r2_bearing_left""], ""head_rotation_deg"": null, ""head_translation_m"": null, ""left_hand_translation_m"": null, ""removed_tool_ids"": [14, 15, 18, 19, 20, 21, 26, 27, 28], ""right_hand_translation_m"": null, ""selected_step"": ""r1_fasten_first_stand"", ""step_attempt"": 8, ""step_elapsed_s"": 31.180539243039675, ""step_event_index"": 44, ""total_hand_translation_m"": null, ""trial_finished_elapsed_s"": null, ""trial_recording"": true, ""trial_required_tool_ids"": [7, 35, 36]}"
2026-09-03T21:50:04.613-04:00,junhyun,task_aware,asr_started,lifecycle,r1_fasten_first_stand,Row 1.4: fasten right stand,ready,8,45,,,,31.284910,,,,,,,,,,,,,,,,,,,,,"{""acquired_tool_ids"": [7, 35], ""acquisition_complete"": false, ""completed_steps"": [""r1_gear_rod"", ""r2_gear_rod"", ""r2_bearing_right"", ""r1_bearing_right"", ""r1_bearing_left"", ""r2_bearing_left""], ""head_rotation_deg"": null, ""head_translation_m"": null, ""left_hand_translation_m"": null, ""removed_tool_ids"": [14, 15, 18, 19, 20, 21, 26, 27, 28], ""right_hand_translation_m"": null, ""selected_step"": ""r1_fasten_first_stand"", ""step_attempt"": 8, ""step_elapsed_s"": 31.28494020306971, ""step_event_index"": 45, ""total_hand_translation_m"": null, ""trial_finished_elapsed_s"": null, ""trial_recording"": true, ""trial_required_tool_ids"": [7, 35, 36]}"
2026-09-03T21:50:04.683-04:00,junhyun,task_aware,asr_completed,lifecycle,r1_fasten_first_stand,Row 1.4: fasten right stand,ready,8,46,,,,31.355151,,,,,,,,,,,,,,,,Or the another one.,,,,,"{""acquired_tool_ids"": [7, 35], ""acquisition_complete"": false, ""completed_steps"": [""r1_gear_rod"", ""r2_gear_rod"", ""r2_bearing_right"", ""r1_bearing_right"", ""r1_bearing_left"", ""r2_bearing_left""], ""head_rotation_deg"": null, ""head_translation_m"": null, ""left_hand_translation_m"": null, ""removed_tool_ids"": [14, 15, 18, 19, 20, 21, 26, 27, 28], ""right_hand_translation_m"": null, ""selected_step"": ""r1_fasten_first_stand"", ""step_attempt"": 8, ""step_elapsed_s"": 31.35515901306644, ""step_event_index"": 46, ""total_hand_translation_m"": null, ""trial_finished_elapsed_s"": null, ""trial_recording"": true, ""trial_required_tool_ids"": [7, 35, 36]}"
2026-09-03T21:50:06.042-04:00,junhyun,task_aware,participant_speech_submitted,speech,r1_fasten_first_stand,Row 1.4: fasten right stand,ready,8,47,,,,32.714500,,,,,,,,,,,,,,,,the another one,,,speech_proxy,,"{""acquired_tool_ids"": [7, 35], ""acquisition_complete"": false, ""completed_steps"": [""r1_gear_rod"", ""r2_gear_rod"", ""r2_bearing_right"", ""r1_bearing_right"", ""r1_bearing_left"", ""r2_bearing_left""], ""head_rotation_deg"": null, ""head_translation_m"": null, ""left_hand_translation_m"": null, ""removed_tool_ids"": [14, 15, 18, 19, 20, 21, 26, 27, 28], ""right_hand_translation_m"": null, ""selected_step"": ""r1_fasten_first_stand"", ""step_attempt"": 8, ""step_elapsed_s"": 32.71452361904085, ""step_event_index"": 47, ""total_hand_translation_m"": null, ""trial_finished_elapsed_s"": null, ""trial_recording"": true, ""trial_required_tool_ids"": [7, 35, 36]}"
2026-09-03T21:50:06.109-04:00,junhyun,task_aware,vlm_request_submitted,speech,r1_fasten_first_stand,Row 1.4: fasten right stand,ready,8,48,,,,32.781129,,,,,,,,,,,,,,,,the another one,,,speech_proxy,,"{""acquired_tool_ids"": [7, 35], ""acquisition_complete"": false, ""completed_steps"": [""r1_gear_rod"", ""r2_gear_rod"", ""r2_bearing_right"", ""r1_bearing_right"", ""r1_bearing_left"", ""r2_bearing_left""], ""head_rotation_deg"": null, ""head_translation_m"": null, ""left_hand_translation_m"": null, ""removed_tool_ids"": [14, 15, 18, 19, 20, 21, 26, 27, 28], ""right_hand_translation_m"": null, ""selected_step"": ""r1_fasten_first_stand"", ""step_attempt"": 8, ""step_elapsed_s"": 32.78114393504802, ""step_event_index"": 48, ""total_hand_translation_m"": null, ""trial_finished_elapsed_s"": null, ""trial_recording"": true, ""trial_required_tool_ids"": [7, 35, 36]}"
2026-09-03T21:50:10.178-04:00,junhyun,task_aware,vlm_inference_completed,lifecycle,r1_fasten_first_stand,Row 1.4: fasten right stand,ready,8,49,,,,36.850034,,,,,,,,,,,,,,,,the another one,,,STEP_ITEMS,,"{""acquired_tool_ids"": [7, 35], ""acquisition_complete"": false, ""completed_steps"": [""r1_gear_rod"", ""r2_gear_rod"", ""r2_bearing_right"", ""r1_bearing_right"", ""r1_bearing_left"", ""r2_bearing_left""], ""head_rotation_deg"": null, ""head_translation_m"": null, ""left_hand_translation_m"": null, ""removed_tool_ids"": [14, 15, 18, 19, 20, 21, 26, 27, 28], ""right_hand_translation_m"": null, ""selected_step"": ""r1_fasten_first_stand"", ""step_attempt"": 8, ""step_elapsed_s"": 36.850045304046944, ""step_event_index"": 49, ""total_hand_translation_m"": null, ""trial_finished_elapsed_s"": null, ""trial_recording"": true, ""trial_required_tool_ids"": [7, 35, 36]}"
2026-09-03T21:50:10.236-04:00,junhyun,task_aware,vlm_interaction,language,r1_fasten_first_stand,Row 1.4: fasten right stand,ready,8,50,,,,,,,,,,,,,,,,,,,,the another one,BITHOLDER1,"{""intent"":""step_items_request"",""item_scope"":""parts"",""part_action"":""reference"",""reference_relation"":""alternative_to_previous"",""step_scope"":""selected_step"",""target"":"""",""candidates"":[],""exclude_labels"":[]}",selected_step_physical_cycle,I identified and highlighted the bit holder1.,"{""acquired_tool_ids"": [7, 35], ""acquisition_complete"": false, ""completed_steps"": [""r1_gear_rod"", ""r2_gear_rod"", ""r2_bearing_right"", ""r1_bearing_right"", ""r1_bearing_left"", ""r2_bearing_left""], ""head_rotation_deg"": null, ""head_translation_m"": null, ""left_hand_translation_m"": null, ""removed_tool_ids"": [14, 15, 18, 19, 20, 21, 26, 27, 28], ""right_hand_translation_m"": null, ""selected_step"": ""r1_fasten_first_stand"", ""step_attempt"": 8, ""step_elapsed_s"": 36.9083963399753, ""step_event_index"": 50, ""total_hand_translation_m"": null, ""trial_finished_elapsed_s"": null, ""trial_recording"": true, ""trial_required_tool_ids"": [7, 35, 36]}"
2026-09-03T21:50:10.302-04:00,junhyun,task_aware,part_selection,language,r1_fasten_first_stand,Row 1.4: fasten right stand,ready,8,51,36,BITHOLDER1,20.564262,36.973716,,,,,,,,,,,,,,,1,,,,,,"{""acquired_tool_ids"": [7, 35, 36], ""acquisition_complete"": false, ""completed_steps"": [""r1_gear_rod"", ""r2_gear_rod"", ""r2_bearing_right"", ""r1_bearing_right"", ""r1_bearing_left"", ""r2_bearing_left""], ""head_rotation_deg"": null, ""head_translation_m"": null, ""left_hand_translation_m"": null, ""removed_tool_ids"": [14, 15, 18, 19, 20, 21, 26, 27, 28], ""right_hand_translation_m"": null, ""selected_step"": ""r1_fasten_first_stand"", ""step_attempt"": 8, ""step_elapsed_s"": 36.97377153497655, ""step_event_index"": 51, ""total_hand_translation_m"": null, ""trial_finished_elapsed_s"": null, ""trial_recording"": true, ""trial_required_tool_ids"": [7, 35, 36]}"
2026-09-03T21:50:10.351-04:00,junhyun,task_aware,object_acquired,language,r1_fasten_first_stand,Row 1.4: fasten right stand,ready,8,52,36,BITHOLDER1,20.564262,36.973716,,,,,,,,,,,,,,,1,,,,,,"{""acquired_tool_ids"": [7, 35, 36], ""acquisition_complete"": false, ""completed_steps"": [""r1_gear_rod"", ""r2_gear_rod"", ""r2_bearing_right"", ""r1_bearing_right"", ""r1_bearing_left"", ""r2_bearing_left""], ""head_rotation_deg"": null, ""head_translation_m"": null, ""left_hand_translation_m"": null, ""removed_tool_ids"": [14, 15, 18, 19, 20, 21, 26, 27, 28], ""right_hand_translation_m"": null, ""selected_step"": ""r1_fasten_first_stand"", ""step_attempt"": 8, ""step_elapsed_s"": 37.02327413903549, ""step_event_index"": 52, ""total_hand_translation_m"": null, ""trial_finished_elapsed_s"": null, ""trial_recording"": true, ""trial_required_tool_ids"": [7, 35, 36]}"
2026-09-03T21:50:10.430-04:00,junhyun,task_aware,step_acquisition_complete,language,r1_fasten_first_stand,Row 1.4: fasten right stand,ready,8,53,,,,37.101229,0.000000,0.000000,0.025007,0.025006,0.050013,0.000000,0.000000,0.000000,0.000000,0,0,0.000000,0.000000,0.000000,,,,,,,"{""acquired_tool_ids"": [7, 35, 36], ""acquisition_complete"": true, ""any_hover_time_s"": 0.0, ""completed_steps"": [""r1_gear_rod"", ""r2_gear_rod"", ""r2_bearing_right"", ""r1_bearing_right"", ""r1_bearing_left"", ""r2_bearing_left""], ""head_rotation_deg"": 0.0, ""head_translation_m"": 0.0, ""hover_time_percent"": 0.0, ""left_hand_translation_m"": 0.025006612111190644, ""left_hover_episodes"": 0, ""left_hover_time_s"": 0.0, ""left_hover_translation_m"": 0.0, ""removed_tool_ids"": [14, 15, 18, 19, 20, 21, 26, 27, 28], ""right_hand_translation_m"": 0.025006399231748543, ""right_hover_episodes"": 0, ""right_hover_time_s"": 0.0, ""right_hover_translation_m"": 0.0, ""selected_step"": ""r1_fasten_first_stand"", ""step_attempt"": 8, ""step_elapsed_s"": 37.10122879303526, ""step_event_index"": 53, ""total_hand_translation_m"": 0.05001301134293919, ""total_hover_translation_m"": 0.0, ""trial_finished_elapsed_s"": 37.10122879303526, ""trial_recording"": false, ""trial_required_tool_ids"": [7, 35, 36]}"
2026-09-03T21:50:10.502-04:00,junhyun,task_aware,graph_complete,,r1_fasten_first_stand,Row 1.4: fasten right stand,complete,8,54,,,,,,,,,,,,,,,,,,,,,,,,,"{""acquired_tool_ids"": [7, 35, 36], ""acquisition_complete"": true, ""any_hover_time_s"": 0.0, ""completed_steps"": [""r1_gear_rod"", ""r2_gear_rod"", ""r2_bearing_right"", ""r1_bearing_right"", ""r1_bearing_left"", ""r2_bearing_left"", ""r1_fasten_first_stand"", ""r1_insert_rod_and_fit_second"", ""r1_fasten_second_stand""], ""head_rotation_deg"": 0.0, ""head_translation_m"": 0.0, ""hover_time_percent"": 0.0, ""left_hand_translation_m"": 0.025006612111190644, ""left_hover_episodes"": 0, ""left_hover_time_s"": 0.0, ""left_hover_translation_m"": 0.0, ""removed_tool_ids"": [14, 15, 18, 19, 20, 21, 26, 27, 28], ""right_hand_translation_m"": 0.025006399231748543, ""right_hover_episodes"": 0, ""right_hover_time_s"": 0.0, ""right_hover_translation_m"": 0.0, ""selected_step"": ""r1_fasten_first_stand"", ""step_attempt"": 8, ""step_elapsed_s"": 37.10122879303526, ""step_event_index"": 54, ""total_hand_translation_m"": 0.05001301134293919, ""total_hover_translation_m"": 0.0, ""trial_finished_elapsed_s"": 37.10122879303526, ""trial_recording"": false, ""trial_required_tool_ids"": [7, 35, 36]}"
2026-09-03T21:50:20.000-04:00,junhyun,task_aware,step_started,keyboard,r2_fasten_first_stand,Row 2.4: fasten right stand,ready,9,1,,,,,,,,,,,,,,,,,,,,,,,,,"{""acquired_tool_ids"": [], ""acquisition_complete"": false, ""completed_steps"": [""r1_gear_rod"", ""r2_gear_rod"", ""r2_bearing_right"", ""r1_bearing_right"", ""r1_bearing_left"", ""r2_bearing_left"", ""r1_fasten_first_stand"", ""r1_insert_rod_and_fit_second"", ""r1_fasten_second_stand""], ""head_rotation_deg"": null, ""head_translation_m"": null, ""left_hand_translation_m"": null, ""removed_tool_ids"": [14, 15, 18, 19, 20, 21, 26, 27, 28], ""right_hand_translation_m"": null, ""selected_step"": ""r2_fasten_first_stand"", ""step_attempt"": 9, ""step_elapsed_s"": 0.0015971279935911298, ""step_event_index"": 1, ""total_hand_translation_m"": null, ""trial_finished_elapsed_s"": null, ""trial_recording"": true, ""trial_required_tool_ids"": [37]}"
2026-09-03T21:50:20.050-04:00,junhyun,task_aware,task_aware_highlight_presented,system,r2_fasten_first_stand,Row 2.4: fasten right stand,ready,9,2,,,,,,,,,,,,,,,,,,,,,"[35, 7, 37]",,task_aware_proactive_highlight,,"{""acquired_tool_ids"": [], ""acquisition_complete"": false, ""completed_steps"": [""r1_gear_rod"", ""r2_gear_rod"", ""r2_bearing_right"", ""r1_bearing_right"", ""r1_bearing_left"", ""r2_bearing_left"", ""r1_fasten_first_stand"", ""r1_insert_rod_and_fit_second"", ""r1_fasten_second_stand""], ""head_rotation_deg"": null, ""head_translation_m"": null, ""left_hand_translation_m"": null, ""removed_tool_ids"": [14, 15, 18, 19, 20, 21, 26, 27, 28], ""right_hand_translation_m"": null, ""selected_step"": ""r2_fasten_first_stand"", ""step_attempt"": 9, ""step_elapsed_s"": 0.05106352095026523, ""step_event_index"": 2, ""total_hand_translation_m"": null, ""trial_finished_elapsed_s"": null, ""trial_recording"": true, ""trial_required_tool_ids"": [37]}"
2026-09-03T21:50:20.499-04:00,junhyun,task_aware,speech_started,lifecycle,r2_fasten_first_stand,Row 2.4: fasten right stand,ready,9,3,,,,0.500165,,,,,,,,,,,,,,,,,,,,,"{""acquired_tool_ids"": [], ""acquisition_complete"": false, ""completed_steps"": [""r1_gear_rod"", ""r2_gear_rod"", ""r2_bearing_right"", ""r1_bearing_right"", ""r1_bearing_left"", ""r2_bearing_left"", ""r1_fasten_first_stand"", ""r1_insert_rod_and_fit_second"", ""r1_fasten_second_stand""], ""head_rotation_deg"": null, ""head_translation_m"": null, ""left_hand_translation_m"": null, ""removed_tool_ids"": [14, 15, 18, 19, 20, 21, 26, 27, 28], ""right_hand_translation_m"": null, ""selected_step"": ""r2_fasten_first_stand"", ""step_attempt"": 9, ""step_elapsed_s"": 0.5001774670090526, ""step_event_index"": 3, ""total_hand_translation_m"": null, ""trial_finished_elapsed_s"": null, ""trial_recording"": true, ""trial_required_tool_ids"": [37]}"
2026-09-03T21:50:22.101-04:00,junhyun,task_aware,speech_capture_ended,lifecycle,r2_fasten_first_stand,Row 2.4: fasten right stand,ready,9,4,,,,2.101796,,,,,,,,,,,,,,,,,,,,,"{""acquired_tool_ids"": [], ""acquisition_complete"": false, ""completed_steps"": [""r1_gear_rod"", ""r2_gear_rod"", ""r2_bearing_right"", ""r1_bearing_right"", ""r1_bearing_left"", ""r2_bearing_left"", ""r1_fasten_first_stand"", ""r1_insert_rod_and_fit_second"", ""r1_fasten_second_stand""], ""head_rotation_deg"": null, ""head_translation_m"": null, ""left_hand_translation_m"": null, ""removed_tool_ids"": [14, 15, 18, 19, 20, 21, 26, 27, 28], ""right_hand_translation_m"": null, ""selected_step"": ""r2_fasten_first_stand"", ""step_attempt"": 9, ""step_elapsed_s"": 2.1018061329377815, ""step_event_index"": 4, ""total_hand_translation_m"": null, ""trial_finished_elapsed_s"": null, ""trial_recording"": true, ""trial_required_tool_ids"": [37]}"
2026-09-03T21:50:22.152-04:00,junhyun,task_aware,asr_started,lifecycle,r2_fasten_first_stand,Row 2.4: fasten right stand,ready,9,5,,,,2.153481,,,,,,,,,,,,,,,,,,,,,"{""acquired_tool_ids"": [], ""acquisition_complete"": false, ""completed_steps"": [""r1_gear_rod"", ""r2_gear_rod"", ""r2_bearing_right"", ""r1_bearing_right"", ""r1_bearing_left"", ""r2_bearing_left"", ""r1_fasten_first_stand"", ""r1_insert_rod_and_fit_second"", ""r1_fasten_second_stand""], ""head_rotation_deg"": null, ""head_translation_m"": null, ""left_hand_translation_m"": null, ""removed_tool_ids"": [14, 15, 18, 19, 20, 21, 26, 27, 28], ""right_hand_translation_m"": null, ""selected_step"": ""r2_fasten_first_stand"", ""step_attempt"": 9, ""step_elapsed_s"": 2.153503913898021, ""step_event_index"": 5, ""total_hand_translation_m"": null, ""trial_finished_elapsed_s"": null, ""trial_recording"": true, ""trial_required_tool_ids"": [37]}"
2026-09-03T21:50:22.212-04:00,junhyun,task_aware,asr_completed,lifecycle,r2_fasten_first_stand,Row 2.4: fasten right stand,ready,9,6,,,,2.213147,,,,,,,,,,,,,,,,I don't care.,,,,,"{""acquired_tool_ids"": [], ""acquisition_complete"": false, ""completed_steps"": [""r1_gear_rod"", ""r2_gear_rod"", ""r2_bearing_right"", ""r1_bearing_right"", ""r1_bearing_left"", ""r2_bearing_left"", ""r1_fasten_first_stand"", ""r1_insert_rod_and_fit_second"", ""r1_fasten_second_stand""], ""head_rotation_deg"": null, ""head_translation_m"": null, ""left_hand_translation_m"": null, ""removed_tool_ids"": [14, 15, 18, 19, 20, 21, 26, 27, 28], ""right_hand_translation_m"": null, ""selected_step"": ""r2_fasten_first_stand"", ""step_attempt"": 9, ""step_elapsed_s"": 2.2131633509416133, ""step_event_index"": 6, ""total_hand_translation_m"": null, ""trial_finished_elapsed_s"": null, ""trial_recording"": true, ""trial_required_tool_ids"": [37]}"
2026-09-03T21:50:23.000-04:00,junhyun,task_aware,speech_started,lifecycle,r2_fasten_first_stand,Row 2.4: fasten right stand,ready,9,7,,,,3.001407,,,,,,,,,,,,,,,,,,,,,"{""acquired_tool_ids"": [], ""acquisition_complete"": false, ""completed_steps"": [""r1_gear_rod"", ""r2_gear_rod"", ""r2_bearing_right"", ""r1_bearing_right"", ""r1_bearing_left"", ""r2_bearing_left"", ""r1_fasten_first_stand"", ""r1_insert_rod_and_fit_second"", ""r1_fasten_second_stand""], ""head_rotation_deg"": null, ""head_translation_m"": null, ""left_hand_translation_m"": null, ""removed_tool_ids"": [14, 15, 18, 19, 20, 21, 26, 27, 28], ""right_hand_translation_m"": null, ""selected_step"": ""r2_fasten_first_stand"", ""step_attempt"": 9, ""step_elapsed_s"": 3.00141933595296, ""step_event_index"": 7, ""total_hand_translation_m"": null, ""trial_finished_elapsed_s"": null, ""trial_recording"": true, ""trial_required_tool_ids"": [37]}"
2026-09-03T21:50:25.126-04:00,junhyun,task_aware,speech_capture_ended,lifecycle,r2_fasten_first_stand,Row 2.4: fasten right stand,ready,9,8,,,,5.126732,,,,,,,,,,,,,,,,,,,,,"{""acquired_tool_ids"": [], ""acquisition_complete"": false, ""completed_steps"": [""r1_gear_rod"", ""r2_gear_rod"", ""r2_bearing_right"", ""r1_bearing_right"", ""r1_bearing_left"", ""r2_bearing_left"", ""r1_fasten_first_stand"", ""r1_insert_rod_and_fit_second"", ""r1_fasten_second_stand""], ""head_rotation_deg"": null, ""head_translation_m"": null, ""left_hand_translation_m"": null, ""removed_tool_ids"": [14, 15, 18, 19, 20, 21, 26, 27, 28], ""right_hand_translation_m"": null, ""selected_step"": ""r2_fasten_first_stand"", ""step_attempt"": 9, ""step_elapsed_s"": 5.126746382913552, ""step_event_index"": 8, ""total_hand_translation_m"": null, ""trial_finished_elapsed_s"": null, ""trial_recording"": true, ""trial_required_tool_ids"": [37]}"
2026-09-03T21:50:25.193-04:00,junhyun,task_aware,asr_started,lifecycle,r2_fasten_first_stand,Row 2.4: fasten right stand,ready,9,9,,,,5.194008,,,,,,,,,,,,,,,,,,,,,"{""acquired_tool_ids"": [], ""acquisition_complete"": false, ""completed_steps"": [""r1_gear_rod"", ""r2_gear_rod"", ""r2_bearing_right"", ""r1_bearing_right"", ""r1_bearing_left"", ""r2_bearing_left"", ""r1_fasten_first_stand"", ""r1_insert_rod_and_fit_second"", ""r1_fasten_second_stand""], ""head_rotation_deg"": null, ""head_translation_m"": null, ""left_hand_translation_m"": null, ""removed_tool_ids"": [14, 15, 18, 19, 20, 21, 26, 27, 28], ""right_hand_translation_m"": null, ""selected_step"": ""r2_fasten_first_stand"", ""step_attempt"": 9, ""step_elapsed_s"": 5.194020897964947, ""step_event_index"": 9, ""total_hand_translation_m"": null, ""trial_finished_elapsed_s"": null, ""trial_recording"": true, ""trial_required_tool_ids"": [37]}"
2026-09-03T21:50:25.231-04:00,junhyun,task_aware,asr_completed,lifecycle,r2_fasten_first_stand,Row 2.4: fasten right stand,ready,9,10,,,,5.232204,,,,,,,,,,,,,,,,Another one.,,,,,"{""acquired_tool_ids"": [], ""acquisition_complete"": false, ""completed_steps"": [""r1_gear_rod"", ""r2_gear_rod"", ""r2_bearing_right"", ""r1_bearing_right"", ""r1_bearing_left"", ""r2_bearing_left"", ""r1_fasten_first_stand"", ""r1_insert_rod_and_fit_second"", ""r1_fasten_second_stand""], ""head_rotation_deg"": null, ""head_translation_m"": null, ""left_hand_translation_m"": null, ""removed_tool_ids"": [14, 15, 18, 19, 20, 21, 26, 27, 28], ""right_hand_translation_m"": null, ""selected_step"": ""r2_fasten_first_stand"", ""step_attempt"": 9, ""step_elapsed_s"": 5.232220435980707, ""step_event_index"": 10, ""total_hand_translation_m"": null, ""trial_finished_elapsed_s"": null, ""trial_recording"": true, ""trial_required_tool_ids"": [37]}"
2026-09-03T21:50:26.108-04:00,junhyun,task_aware,participant_speech_submitted,speech,r2_fasten_first_stand,Row 2.4: fasten right stand,ready,9,11,,,,6.108749,,,,,,,,,,,,,,,,another one,,,speech_proxy,,"{""acquired_tool_ids"": [], ""acquisition_complete"": false, ""completed_steps"": [""r1_gear_rod"", ""r2_gear_rod"", ""r2_bearing_right"", ""r1_bearing_right"", ""r1_bearing_left"", ""r2_bearing_left"", ""r1_fasten_first_stand"", ""r1_insert_rod_and_fit_second"", ""r1_fasten_second_stand""], ""head_rotation_deg"": null, ""head_translation_m"": null, ""left_hand_translation_m"": null, ""removed_tool_ids"": [14, 15, 18, 19, 20, 21, 26, 27, 28], ""right_hand_translation_m"": null, ""selected_step"": ""r2_fasten_first_stand"", ""step_attempt"": 9, ""step_elapsed_s"": 6.1087626059306785, ""step_event_index"": 11, ""total_hand_translation_m"": null, ""trial_finished_elapsed_s"": null, ""trial_recording"": true, ""trial_required_tool_ids"": [37]}"
2026-09-03T21:50:26.182-04:00,junhyun,task_aware,vlm_request_submitted,speech,r2_fasten_first_stand,Row 2.4: fasten right stand,ready,9,12,,,,6.182811,,,,,,,,,,,,,,,,another one,,,speech_proxy,,"{""acquired_tool_ids"": [], ""acquisition_complete"": false, ""completed_steps"": [""r1_gear_rod"", ""r2_gear_rod"", ""r2_bearing_right"", ""r1_bearing_right"", ""r1_bearing_left"", ""r2_bearing_left"", ""r1_fasten_first_stand"", ""r1_insert_rod_and_fit_second"", ""r1_fasten_second_stand""], ""head_rotation_deg"": null, ""head_translation_m"": null, ""left_hand_translation_m"": null, ""removed_tool_ids"": [14, 15, 18, 19, 20, 21, 26, 27, 28], ""right_hand_translation_m"": null, ""selected_step"": ""r2_fasten_first_stand"", ""step_attempt"": 9, ""step_elapsed_s"": 6.182822485920042, ""step_event_index"": 12, ""total_hand_translation_m"": null, ""trial_finished_elapsed_s"": null, ""trial_recording"": true, ""trial_required_tool_ids"": [37]}"
2026-09-03T21:50:30.538-04:00,junhyun,task_aware,vlm_inference_completed,lifecycle,r2_fasten_first_stand,Row 2.4: fasten right stand,ready,9,13,,,,10.538872,,,,,,,,,,,,,,,,another one,,,STEP_ITEMS,,"{""acquired_tool_ids"": [], ""acquisition_complete"": false, ""completed_steps"": [""r1_gear_rod"", ""r2_gear_rod"", ""r2_bearing_right"", ""r1_bearing_right"", ""r1_bearing_left"", ""r2_bearing_left"", ""r1_fasten_first_stand"", ""r1_insert_rod_and_fit_second"", ""r1_fasten_second_stand""], ""head_rotation_deg"": null, ""head_translation_m"": null, ""left_hand_translation_m"": null, ""removed_tool_ids"": [14, 15, 18, 19, 20, 21, 26, 27, 28], ""right_hand_translation_m"": null, ""selected_step"": ""r2_fasten_first_stand"", ""step_attempt"": 9, ""step_elapsed_s"": 10.538882437977009, ""step_event_index"": 13, ""total_hand_translation_m"": null, ""trial_finished_elapsed_s"": null, ""trial_recording"": true, ""trial_required_tool_ids"": [37]}"
2026-09-03T21:50:30.580-04:00,junhyun,task_aware,vlm_interaction,language,r2_fasten_first_stand,Row 2.4: fasten right stand,ready,9,14,,,,,,,,,,,,,,,,,,,,another one,SCREWS,"{""intent"":""step_items_request"",""item_scope"":""parts"",""part_action"":""reference"",""reference_relation"":""alternative_to_previous"",""step_scope"":""selected_step"",""target"":"""",""candidates"":[],""exclude_labels"":[]}",selected_step_physical_cycle,I identified and highlighted the screw.,"{""acquired_tool_ids"": [], ""acquisition_complete"": false, ""completed_steps"": [""r1_gear_rod"", ""r2_gear_rod"", ""r2_bearing_right"", ""r1_bearing_right"", ""r1_bearing_left"", ""r2_bearing_left"", ""r1_fasten_first_stand"", ""r1_insert_rod_and_fit_second"", ""r1_fasten_second_stand""], ""head_rotation_deg"": null, ""head_translation_m"": null, ""left_hand_translation_m"": null, ""removed_tool_ids"": [14, 15, 18, 19, 20, 21, 26, 27, 28], ""right_hand_translation_m"": null, ""selected_step"": ""r2_fasten_first_stand"", ""step_attempt"": 9, ""step_elapsed_s"": 10.581236297963187, ""step_event_index"": 14, ""total_hand_translation_m"": null, ""trial_finished_elapsed_s"": null, ""trial_recording"": true, ""trial_required_tool_ids"": [37]}"
2026-09-03T21:50:33.189-04:00,junhyun,task_aware,speech_started,lifecycle,r2_fasten_first_stand,Row 2.4: fasten right stand,ready,9,15,,,,13.190174,,,,,,,,,,,,,,,,,,,,,"{""acquired_tool_ids"": [], ""acquisition_complete"": false, ""completed_steps"": [""r1_gear_rod"", ""r2_gear_rod"", ""r2_bearing_right"", ""r1_bearing_right"", ""r1_bearing_left"", ""r2_bearing_left"", ""r1_fasten_first_stand"", ""r1_insert_rod_and_fit_second"", ""r1_fasten_second_stand""], ""head_rotation_deg"": null, ""head_translation_m"": null, ""left_hand_translation_m"": null, ""removed_tool_ids"": [14, 15, 18, 19, 20, 21, 26, 27, 28], ""right_hand_translation_m"": null, ""selected_step"": ""r2_fasten_first_stand"", ""step_attempt"": 9, ""step_elapsed_s"": 13.190188008011319, ""step_event_index"": 15, ""total_hand_translation_m"": null, ""trial_finished_elapsed_s"": null, ""trial_recording"": true, ""trial_required_tool_ids"": [37]}"
2026-09-03T21:50:34.840-04:00,junhyun,task_aware,speech_capture_ended,lifecycle,r2_fasten_first_stand,Row 2.4: fasten right stand,ready,9,16,,,,14.841426,,,,,,,,,,,,,,,,,,,,,"{""acquired_tool_ids"": [], ""acquisition_complete"": false, ""completed_steps"": [""r1_gear_rod"", ""r2_gear_rod"", ""r2_bearing_right"", ""r1_bearing_right"", ""r1_bearing_left"", ""r2_bearing_left"", ""r1_fasten_first_stand"", ""r1_insert_rod_and_fit_second"", ""r1_fasten_second_stand""], ""head_rotation_deg"": null, ""head_translation_m"": null, ""left_hand_translation_m"": null, ""removed_tool_ids"": [14, 15, 18, 19, 20, 21, 26, 27, 28], ""right_hand_translation_m"": null, ""selected_step"": ""r2_fasten_first_stand"", ""step_attempt"": 9, ""step_elapsed_s"": 14.841437349910848, ""step_event_index"": 16, ""total_hand_translation_m"": null, ""trial_finished_elapsed_s"": null, ""trial_recording"": true, ""trial_required_tool_ids"": [37]}"
2026-09-03T21:50:34.884-04:00,junhyun,task_aware,asr_started,lifecycle,r2_fasten_first_stand,Row 2.4: fasten right stand,ready,9,17,,,,14.885444,,,,,,,,,,,,,,,,,,,,,"{""acquired_tool_ids"": [], ""acquisition_complete"": false, ""completed_steps"": [""r1_gear_rod"", ""r2_gear_rod"", ""r2_bearing_right"", ""r1_bearing_right"", ""r1_bearing_left"", ""r2_bearing_left"", ""r1_fasten_first_stand"", ""r1_insert_rod_and_fit_second"", ""r1_fasten_second_stand""], ""head_rotation_deg"": null, ""head_translation_m"": null, ""left_hand_translation_m"": null, ""removed_tool_ids"": [14, 15, 18, 19, 20, 21, 26, 27, 28], ""right_hand_translation_m"": null, ""selected_step"": ""r2_fasten_first_stand"", ""step_attempt"": 9, ""step_elapsed_s"": 14.88546434394084, ""step_event_index"": 17, ""total_hand_translation_m"": null, ""trial_finished_elapsed_s"": null, ""trial_recording"": true, ""trial_required_tool_ids"": [37]}"
2026-09-03T21:50:36.190-04:00,junhyun,task_aware,speech_started,lifecycle,r2_fasten_first_stand,Row 2.4: fasten right stand,ready,9,18,,,,16.191187,,,,,,,,,,,,,,,,,,,,,"{""acquired_tool_ids"": [], ""acquisition_complete"": false, ""completed_steps"": [""r1_gear_rod"", ""r2_gear_rod"", ""r2_bearing_right"", ""r1_bearing_right"", ""r1_bearing_left"", ""r2_bearing_left"", ""r1_fasten_first_stand"", ""r1_insert_rod_and_fit_second"", ""r1_fasten_second_stand""], ""head_rotation_deg"": null, ""head_translation_m"": null, ""left_hand_translation_m"": null, ""removed_tool_ids"": [14, 15, 18, 19, 20, 21, 26, 27, 28], ""right_hand_translation_m"": null, ""selected_step"": ""r2_fasten_first_stand"", ""step_attempt"": 9, ""step_elapsed_s"": 16.191201679990627, ""step_event_index"": 18, ""total_hand_translation_m"": null, ""trial_finished_elapsed_s"": null, ""trial_recording"": true, ""trial_required_tool_ids"": [37]}"
2026-09-03T21:50:37.925-04:00,junhyun,task_aware,speech_capture_ended,lifecycle,r2_fasten_first_stand,Row 2.4: fasten right stand,ready,9,19,,,,17.926407,,,,,,,,,,,,,,,,,,,,,"{""acquired_tool_ids"": [], ""acquisition_complete"": false, ""completed_steps"": [""r1_gear_rod"", ""r2_gear_rod"", ""r2_bearing_right"", ""r1_bearing_right"", ""r1_bearing_left"", ""r2_bearing_left"", ""r1_fasten_first_stand"", ""r1_insert_rod_and_fit_second"", ""r1_fasten_second_stand""], ""head_rotation_deg"": null, ""head_translation_m"": null, ""left_hand_translation_m"": null, ""removed_tool_ids"": [14, 15, 18, 19, 20, 21, 26, 27, 28], ""right_hand_translation_m"": null, ""selected_step"": ""r2_fasten_first_stand"", ""step_attempt"": 9, ""step_elapsed_s"": 17.926417461945675, ""step_event_index"": 19, ""total_hand_translation_m"": null, ""trial_finished_elapsed_s"": null, ""trial_recording"": true, ""trial_required_tool_ids"": [37]}"
2026-09-03T21:50:37.985-04:00,junhyun,task_aware,asr_started,lifecycle,r2_fasten_first_stand,Row 2.4: fasten right stand,ready,9,20,,,,17.985806,,,,,,,,,,,,,,,,,,,,,"{""acquired_tool_ids"": [], ""acquisition_complete"": false, ""completed_steps"": [""r1_gear_rod"", ""r2_gear_rod"", ""r2_bearing_right"", ""r1_bearing_right"", ""r1_bearing_left"", ""r2_bearing_left"", ""r1_fasten_first_stand"", ""r1_insert_rod_and_fit_second"", ""r1_fasten_second_stand""], ""head_rotation_deg"": null, ""head_translation_m"": null, ""left_hand_translation_m"": null, ""removed_tool_ids"": [14, 15, 18, 19, 20, 21, 26, 27, 28], ""right_hand_translation_m"": null, ""selected_step"": ""r2_fasten_first_stand"", ""step_attempt"": 9, ""step_elapsed_s"": 17.985831256955862, ""step_event_index"": 20, ""total_hand_translation_m"": null, ""trial_finished_elapsed_s"": null, ""trial_recording"": true, ""trial_required_tool_ids"": [37]}"
2026-09-03T21:50:38.023-04:00,junhyun,task_aware,asr_completed,lifecycle,r2_fasten_first_stand,Row 2.4: fasten right stand,ready,9,21,,,,18.024486,,,,,,,,,,,,,,,,Before the three.,,,,,"{""acquired_tool_ids"": [], ""acquisition_complete"": false, ""completed_steps"": [""r1_gear_rod"", ""r2_gear_rod"", ""r2_bearing_right"", ""r1_bearing_right"", ""r1_bearing_left"", ""r2_bearing_left"", ""r1_fasten_first_stand"", ""r1_insert_rod_and_fit_second"", ""r1_fasten_second_stand""], ""head_rotation_deg"": null, ""head_translation_m"": null, ""left_hand_translation_m"": null, ""removed_tool_ids"": [14, 15, 18, 19, 20, 21, 26, 27, 28], ""right_hand_translation_m"": null, ""selected_step"": ""r2_fasten_first_stand"", ""step_attempt"": 9, ""step_elapsed_s"": 18.024496281985193, ""step_event_index"": 21, ""total_hand_translation_m"": null, ""trial_finished_elapsed_s"": null, ""trial_recording"": true, ""trial_required_tool_ids"": [37]}"
2026-09-03T21:50:38.061-04:00,junhyun,task_aware,speech_started,lifecycle,r2_fasten_first_stand,Row 2.4: fasten right stand,ready,9,22,,,,18.062061,,,,,,,,,,,,,,,,,,,,,"{""acquired_tool_ids"": [], ""acquisition_complete"": false, ""completed_steps"": [""r1_gear_rod"", ""r2_gear_rod"", ""r2_bearing_right"", ""r1_bearing_right"", ""r1_bearing_left"", ""r2_bearing_left"", ""r1_fasten_first_stand"", ""r1_insert_rod_and_fit_second"", ""r1_fasten_second_stand""], ""head_rotation_deg"": null, ""head_translation_m"": null, ""left_hand_translation_m"": null, ""removed_tool_ids"": [14, 15, 18, 19, 20, 21, 26, 27, 28], ""right_hand_translation_m"": null, ""selected_step"": ""r2_fasten_first_stand"", ""step_attempt"": 9, ""step_elapsed_s"": 18.06207333493512, ""step_event_index"": 22, ""total_hand_translation_m"": null, ""trial_finished_elapsed_s"": null, ""trial_recording"": true, ""trial_required_tool_ids"": [37]}"
2026-09-03T21:50:40.043-04:00,junhyun,task_aware,participant_speech_submitted,speech,r2_fasten_first_stand,Row 2.4: fasten right stand,ready,9,23,,,,20.043754,,,,,,,,,,,,,,,,bit holder2,,,speech_proxy,,"{""acquired_tool_ids"": [], ""acquisition_complete"": false, ""completed_steps"": [""r1_gear_rod"", ""r2_gear_rod"", ""r2_bearing_right"", ""r1_bearing_right"", ""r1_bearing_left"", ""r2_bearing_left"", ""r1_fasten_first_stand"", ""r1_insert_rod_and_fit_second"", ""r1_fasten_second_stand""], ""head_rotation_deg"": null, ""head_translation_m"": null, ""left_hand_translation_m"": null, ""removed_tool_ids"": [14, 15, 18, 19, 20, 21, 26, 27, 28], ""right_hand_translation_m"": null, ""selected_step"": ""r2_fasten_first_stand"", ""step_attempt"": 9, ""step_elapsed_s"": 20.043766954913735, ""step_event_index"": 23, ""total_hand_translation_m"": null, ""trial_finished_elapsed_s"": null, ""trial_recording"": true, ""trial_required_tool_ids"": [37]}"
2026-09-03T21:50:40.099-04:00,junhyun,task_aware,vlm_request_submitted,speech,r2_fasten_first_stand,Row 2.4: fasten right stand,ready,9,24,,,,20.097330,,,,,,,,,,,,,,,,bit holder2,,,speech_proxy,,"{""acquired_tool_ids"": [], ""acquisition_complete"": false, ""completed_steps"": [""r1_gear_rod"", ""r2_gear_rod"", ""r2_bearing_right"", ""r1_bearing_right"", ""r1_bearing_left"", ""r2_bearing_left"", ""r1_fasten_first_stand"", ""r1_insert_rod_and_fit_second"", ""r1_fasten_second_stand""], ""head_rotation_deg"": null, ""head_translation_m"": null, ""left_hand_translation_m"": null, ""removed_tool_ids"": [14, 15, 18, 19, 20, 21, 26, 27, 28], ""right_hand_translation_m"": null, ""selected_step"": ""r2_fasten_first_stand"", ""step_attempt"": 9, ""step_elapsed_s"": 20.100505537935533, ""step_event_index"": 24, ""total_hand_translation_m"": null, ""trial_finished_elapsed_s"": null, ""trial_recording"": true, ""trial_required_tool_ids"": [37]}"
2026-09-03T21:50:40.995-04:00,junhyun,task_aware,speech_capture_ended,lifecycle,r2_fasten_first_stand,Row 2.4: fasten right stand,ready,9,25,,,,20.995680,,,,,,,,,,,,,,,,,,,,,"{""acquired_tool_ids"": [], ""acquisition_complete"": false, ""completed_steps"": [""r1_gear_rod"", ""r2_gear_rod"", ""r2_bearing_right"", ""r1_bearing_right"", ""r1_bearing_left"", ""r2_bearing_left"", ""r1_fasten_first_stand"", ""r1_insert_rod_and_fit_second"", ""r1_fasten_second_stand""], ""head_rotation_deg"": null, ""head_translation_m"": null, ""left_hand_translation_m"": null, ""removed_tool_ids"": [14, 15, 18, 19, 20, 21, 26, 27, 28], ""right_hand_translation_m"": null, ""selected_step"": ""r2_fasten_first_stand"", ""step_attempt"": 9, ""step_elapsed_s"": 20.99569413298741, ""step_event_index"": 25, ""total_hand_translation_m"": null, ""trial_finished_elapsed_s"": null, ""trial_recording"": true, ""trial_required_tool_ids"": [37]}"
2026-09-03T21:50:41.076-04:00,junhyun,task_aware,asr_started,lifecycle,r2_fasten_first_stand,Row 2.4: fasten right stand,ready,9,26,,,,21.076678,,,,,,,,,,,,,,,,,,,,,"{""acquired_tool_ids"": [], ""acquisition_complete"": false, ""completed_steps"": [""r1_gear_rod"", ""r2_gear_rod"", ""r2_bearing_right"", ""r1_bearing_right"", ""r1_bearing_left"", ""r2_bearing_left"", ""r1_fasten_first_stand"", ""r1_insert_rod_and_fit_second"", ""r1_fasten_second_stand""], ""head_rotation_deg"": null, ""head_translation_m"": null, ""left_hand_translation_m"": null, ""removed_tool_ids"": [14, 15, 18, 19, 20, 21, 26, 27, 28], ""right_hand_translation_m"": null, ""selected_step"": ""r2_fasten_first_stand"", ""step_attempt"": 9, ""step_elapsed_s"": 21.07669278292451, ""step_event_index"": 26, ""total_hand_translation_m"": null, ""trial_finished_elapsed_s"": null, ""trial_recording"": true, ""trial_required_tool_ids"": [37]}"
2026-09-03T21:50:41.262-04:00,junhyun,task_aware,speech_started,lifecycle,r2_fasten_first_stand,Row 2.4: fasten right stand,ready,9,27,,,,21.262639,,,,,,,,,,,,,,,,,,,,,"{""acquired_tool_ids"": [], ""acquisition_complete"": false, ""completed_steps"": [""r1_gear_rod"", ""r2_gear_rod"", ""r2_bearing_right"", ""r1_bearing_right"", ""r1_bearing_left"", ""r2_bearing_left"", ""r1_fasten_first_stand"", ""r1_insert_rod_and_fit_second"", ""r1_fasten_second_stand""], ""head_rotation_deg"": null, ""head_translation_m"": null, ""left_hand_translation_m"": null, ""removed_tool_ids"": [14, 15, 18, 19, 20, 21, 26, 27, 28], ""right_hand_translation_m"": null, ""selected_step"": ""r2_fasten_first_stand"", ""step_attempt"": 9, ""step_elapsed_s"": 21.26265362999402, ""step_event_index"": 27, ""total_hand_translation_m"": null, ""trial_finished_elapsed_s"": null, ""trial_recording"": true, ""trial_required_tool_ids"": [37]}"
2026-09-03T21:50:43.244-04:00,junhyun,task_aware,speech_capture_ended,lifecycle,r2_fasten_first_stand,Row 2.4: fasten right stand,ready,9,28,,,,23.244805,,,,,,,,,,,,,,,,,,,,,"{""acquired_tool_ids"": [], ""acquisition_complete"": false, ""completed_steps"": [""r1_gear_rod"", ""r2_gear_rod"", ""r2_bearing_right"", ""r1_bearing_right"", ""r1_bearing_left"", ""r2_bearing_left"", ""r1_fasten_first_stand"", ""r1_insert_rod_and_fit_second"", ""r1_fasten_second_stand""], ""head_rotation_deg"": null, ""head_translation_m"": null, ""left_hand_translation_m"": null, ""removed_tool_ids"": [14, 15, 18, 19, 20, 21, 26, 27, 28], ""right_hand_translation_m"": null, ""selected_step"": ""r2_fasten_first_stand"", ""step_attempt"": 9, ""step_elapsed_s"": 23.24481724295765, ""step_event_index"": 28, ""total_hand_translation_m"": null, ""trial_finished_elapsed_s"": null, ""trial_recording"": true, ""trial_required_tool_ids"": [37]}"
2026-09-03T21:50:44.138-04:00,junhyun,task_aware,vlm_inference_completed,lifecycle,r2_fasten_first_stand,Row 2.4: fasten right stand,ready,9,29,,,,24.138616,,,,,,,,,,,,,,,,bit holder2,,,BIT_HOLDER2,,"{""acquired_tool_ids"": [], ""acquisition_complete"": false, ""completed_steps"": [""r1_gear_rod"", ""r2_gear_rod"", ""r2_bearing_right"", ""r1_bearing_right"", ""r1_bearing_left"", ""r2_bearing_left"", ""r1_fasten_first_stand"", ""r1_insert_rod_and_fit_second"", ""r1_fasten_second_stand""], ""head_rotation_deg"": null, ""head_translation_m"": null, ""left_hand_translation_m"": null, ""removed_tool_ids"": [14, 15, 18, 19, 20, 21, 26, 27, 28], ""right_hand_translation_m"": null, ""selected_step"": ""r2_fasten_first_stand"", ""step_attempt"": 9, ""step_elapsed_s"": 24.138626616913825, ""step_event_index"": 29, ""total_hand_translation_m"": null, ""trial_finished_elapsed_s"": null, ""trial_recording"": true, ""trial_required_tool_ids"": [37]}"
2026-09-03T21:50:44.193-04:00,junhyun,task_aware,vlm_interaction,language,r2_fasten_first_stand,Row 2.4: fasten right stand,ready,9,30,,,,,,,,,,,,,,,,,,,,bit holder2,BIT_HOLDER2,"{""intent"":""part_reference"",""part_action"":""reference"",""reference_relation"":""direct"",""step_scope"":"""",""target"":""BIT_HOLDER2"",""candidates"":[],""exclude_labels"":[]}",language_grounded,"I identified and highlighted the Bit Holder 2, containing the T25 Torx bit.","{""acquired_tool_ids"": [], ""acquisition_complete"": false, ""completed_steps"": [""r1_gear_rod"", ""r2_gear_rod"", ""r2_bearing_right"", ""r1_bearing_right"", ""r1_bearing_left"", ""r2_bearing_left"", ""r1_fasten_first_stand"", ""r1_insert_rod_and_fit_second"", ""r1_fasten_second_stand""], ""head_rotation_deg"": null, ""head_translation_m"": null, ""left_hand_translation_m"": null, ""removed_tool_ids"": [14, 15, 18, 19, 20, 21, 26, 27, 28], ""right_hand_translation_m"": null, ""selected_step"": ""r2_fasten_first_stand"", ""step_attempt"": 9, ""step_elapsed_s"": 24.1942457719706, ""step_event_index"": 30, ""total_hand_translation_m"": null, ""trial_finished_elapsed_s"": null, ""trial_recording"": true, ""trial_required_tool_ids"": [37]}"
2026-09-03T21:50:44.223-04:00,junhyun,task_aware,part_selection,language,r2_fasten_first_stand,Row 2.4: fasten right stand,ready,9,31,37,BITHOLDER2,24.224472,24.224472,,,,,,,,,,,,,,,1,,,,,,"{""acquired_tool_ids"": [37], ""acquisition_complete"": false, ""completed_steps"": [""r1_gear_rod"", ""r2_gear_rod"", ""r2_bearing_right"", ""r1_bearing_right"", ""r1_bearing_left"", ""r2_bearing_left"", ""r1_fasten_first_stand"", ""r1_insert_rod_and_fit_second"", ""r1_fasten_second_stand""], ""head_rotation_deg"": null, ""head_translation_m"": null, ""left_hand_translation_m"": null, ""removed_tool_ids"": [14, 15, 18, 19, 20, 21, 26, 27, 28], ""right_hand_translation_m"": null, ""selected_step"": ""r2_fasten_first_stand"", ""step_attempt"": 9, ""step_elapsed_s"": 24.22454301500693, ""step_event_index"": 31, ""total_hand_translation_m"": null, ""trial_finished_elapsed_s"": null, ""trial_recording"": true, ""trial_required_tool_ids"": [37]}"
2026-09-03T21:50:44.241-04:00,junhyun,task_aware,object_acquired,language,r2_fasten_first_stand,Row 2.4: fasten right stand,ready,9,32,37,BITHOLDER2,24.224472,24.224472,,,,,,,,,,,,,,,1,,,,,,"{""acquired_tool_ids"": [37], ""acquisition_complete"": false, ""completed_steps"": [""r1_gear_rod"", ""r2_gear_rod"", ""r2_bearing_right"", ""r1_bearing_right"", ""r1_bearing_left"", ""r2_bearing_left"", ""r1_fasten_first_stand"", ""r1_insert_rod_and_fit_second"", ""r1_fasten_second_stand""], ""head_rotation_deg"": null, ""head_translation_m"": null, ""left_hand_translation_m"": null, ""removed_tool_ids"": [14, 15, 18, 19, 20, 21, 26, 27, 28], ""right_hand_translation_m"": null, ""selected_step"": ""r2_fasten_first_stand"", ""step_attempt"": 9, ""step_elapsed_s"": 24.2422343629878, ""step_event_index"": 32, ""total_hand_translation_m"": null, ""trial_finished_elapsed_s"": null, ""trial_recording"": true, ""trial_required_tool_ids"": [37]}"
2026-09-03T21:50:44.263-04:00,junhyun,task_aware,step_acquisition_complete,language,r2_fasten_first_stand,Row 2.4: fasten right stand,ready,9,33,,,,24.263109,0.000000,0.000000,0.170705,0.857711,1.028416,0.000000,0.000000,0.000000,0.000000,0,0,0.000000,0.000000,0.000000,,,,,,,"{""acquired_tool_ids"": [37], ""acquisition_complete"": true, ""any_hover_time_s"": 0.0, ""completed_steps"": [""r1_gear_rod"", ""r2_gear_rod"", ""r2_bearing_right"", ""r1_bearing_right"", ""r1_bearing_left"", ""r2_bearing_left"", ""r1_fasten_first_stand"", ""r1_insert_rod_and_fit_second"", ""r1_fasten_second_stand""], ""head_rotation_deg"": 0.0, ""head_translation_m"": 0.0, ""hover_time_percent"": 0.0, ""left_hand_translation_m"": 0.17070528916967628, ""left_hover_episodes"": 0, ""left_hover_time_s"": 0.0, ""left_hover_translation_m"": 0.0, ""removed_tool_ids"": [14, 15, 18, 19, 20, 21, 26, 27, 28], ""right_hand_translation_m"": 0.8577109431511283, ""right_hover_episodes"": 0, ""right_hover_time_s"": 0.0, ""right_hover_translation_m"": 0.0, ""selected_step"": ""r2_fasten_first_stand"", ""step_attempt"": 9, ""step_elapsed_s"": 24.263108789920807, ""step_event_index"": 33, ""total_hand_translation_m"": 1.0284162323208046, ""total_hover_translation_m"": 0.0, ""trial_finished_elapsed_s"": 24.263108789920807, ""trial_recording"": false, ""trial_required_tool_ids"": [37]}"
2026-09-03T21:50:44.312-04:00,junhyun,task_aware,graph_complete,,r2_fasten_first_stand,Row 2.4: fasten right stand,complete,9,34,,,,,,,,,,,,,,,,,,,,,,,,,"{""acquired_tool_ids"": [37], ""acquisition_complete"": true, ""any_hover_time_s"": 0.0, ""completed_steps"": [""r1_gear_rod"", ""r2_gear_rod"", ""r2_bearing_right"", ""r1_bearing_right"", ""r1_bearing_left"", ""r2_bearing_left"", ""r1_fasten_first_stand"", ""r1_insert_rod_and_fit_second"", ""r1_fasten_second_stand"", ""r2_fasten_first_stand"", ""r2_insert_rod_and_fit_second"", ""r2_fasten_second_stand""], ""head_rotation_deg"": 0.0, ""head_translation_m"": 0.0, ""hover_time_percent"": 0.0, ""left_hand_translation_m"": 0.17070528916967628, ""left_hover_episodes"": 0, ""left_hover_time_s"": 0.0, ""left_hover_translation_m"": 0.0, ""removed_tool_ids"": [14, 15, 18, 19, 20, 21, 26, 27, 28], ""right_hand_translation_m"": 0.8577109431511283, ""right_hover_episodes"": 0, ""right_hover_time_s"": 0.0, ""right_hover_translation_m"": 0.0, ""selected_step"": ""r2_fasten_first_stand"", ""step_attempt"": 9, ""step_elapsed_s"": 24.263108789920807, ""step_event_index"": 34, ""total_hand_translation_m"": 1.0284162323208046, ""total_hover_translation_m"": 0.0, ""trial_finished_elapsed_s"": 24.263108789920807, ""trial_recording"": false, ""trial_required_tool_ids"": [37]}"
